phi_star,Da2_star,Lambda_star,tau_star_break
0.1020443732228454,0.10090350448414474,4.79345703125,0.40402010050251635
94.10935838239043,0.10090350448414474,4.79345703125,15.0
0.1020443732228454,0.6792525070055475,4.79345703125,15.0
0.1020443732228454,0.10090350448414474,3.04443359375,15.0
94.10935838239043,0.6792525070055475,3.04443359375,15.0
3.2269264178848838,10.090350448414474,2.54345703125,15.0
2.9759992162541304,10.090350448414474,2.54345703125,15.0
3.2269264178848838,67.92525070055476,2.54345703125,15.0
3.2269264178848838,10.090350448414474,0.79443359375,15.0
2.9759992162541304,67.92525070055476,0.79443359375,15.0
18.146340781251318,0.010090350448414474,3.66845703125,0.5015075376884486
16.73527343033788,0.010090350448414474,3.66845703125,0.4954773869346796
18.146340781251318,6.792525070055476,3.66845703125,15.0
18.146340781251318,0.010090350448414474,1.91943359375,15.0
16.73527343033788,6.792525070055476,1.91943359375,15.0
0.5738376806635346,1.0090350448414473,1.41845703125,15.0
0.5292158130556692,1.0090350448414473,1.41845703125,15.0
0.5738376806635346,0.06792525070055476,1.41845703125,15.0
0.5738376806635346,1.0090350448414473,4.16943359375,15.0
0.5292158130556692,0.06792525070055476,4.16943359375,0.43819095477387404
1.3607835872433756,0.03190848980629108,1.98095703125,15.0
0.22316845792468995,0.03190848980629108,1.98095703125,0.43819095477387404
1.3607835872433756,0.021479850285170087,1.98095703125,15.0
1.3607835872433756,0.03190848980629108,3.60693359375,0.4402010050251304
0.22316845792468995,0.021479850285170087,3.60693359375,0.39195979899497835
43.031755382635154,3.190848980629108,4.23095703125,15.0
7.057206289494739,3.190848980629108,4.23095703125,15.0
43.031755382635154,2.1479850285170086,4.23095703125,15.0
43.031755382635154,3.190848980629108,1.35693359375,15.0
7.057206289494739,2.1479850285170086,1.35693359375,15.0
7.652248457477168,0.3190848980629108,0.85595703125,15.0
1.254968463700568,0.3190848980629108,0.85595703125,15.0
7.652248457477168,21.479850285170087,0.85595703125,15.0
7.652248457477168,0.3190848980629108,2.48193359375,15.0
1.254968463700568,21.479850285170087,2.48193359375,15.0
0.2419853434713799,31.90848980629108,3.10595703125,15.0
39.68558736976138,31.90848980629108,3.10595703125,15.0
0.2419853434713799,0.21479850285170085,3.10595703125,15.0
0.2419853434713799,31.90848980629108,4.73193359375,15.0
39.68558736976138,0.21479850285170085,4.73193359375,15.0
0.372639649329195,0.01794346244249247,0.57470703125,15.0
4.582820134641994,0.01794346244249247,0.57470703125,15.0
0.372639649329195,38.19717549283665,0.57470703125,15.0
0.372639649329195,0.01794346244249247,3.88818359375,0.3939698492462347
4.582820134641994,38.19717549283665,3.88818359375,15.0
11.783900383666921,1.7943462442492473,2.82470703125,15.0
0.14492149732348222,1.7943462442492473,2.82470703125,15.0
11.783900383666921,0.3819717549283665,2.82470703125,15.0
11.783900383666921,1.7943462442492473,1.63818359375,15.0
0.14492149732348222,0.3819717549283665,1.63818359375,15.0
66.2657415766232,0.17943462442492472,1.69970703125,15.0
25.77109147623593,0.17943462442492472,1.69970703125,15.0
66.2657415766232,0.038197175492836646,1.69970703125,15.0
66.2657415766232,0.17943462442492472,0.51318359375,15.0
25.77109147623593,0.038197175492836646,0.51318359375,15.0
2.095506742222465,17.94346244249247,3.94970703125,15.0
0.8149534685345662,17.94346244249247,3.94970703125,15.0
2.095506742222465,3.8197175492836646,3.94970703125,15.0
2.095506742222465,17.94346244249247,2.76318359375,15.0
0.8149534685345662,3.8197175492836646,2.76318359375,15.0
0.8836678661062329,0.5674221042796429,3.38720703125,15.0
1.9325592266206335,0.5674221042796429,3.38720703125,15.0
0.8836678661062329,1.2079007474252843,3.38720703125,15.0
0.8836678661062329,0.5674221042796429,4.45068359375,15.0
1.9325592266206335,1.2079007474252843,4.45068359375,15.0
27.94403151996403,56.74221042796429,1.13720703125,15.0
61.112888692947095,56.74221042796429,1.13720703125,15.0
27.94403151996403,0.012079007474252843,1.13720703125,15.0
27.94403151996403,56.74221042796429,2.20068359375,15.0
61.112888692947095,0.012079007474252843,2.20068359375,15.0
4.96922958854307,0.05674221042796428,4.51220703125,15.0
0.3436630281380217,0.05674221042796428,4.51220703125,0.41005025125628536
4.96922958854307,0.12079007474252844,4.51220703125,15.0
4.96922958854307,0.05674221042796428,1.07568359375,15.0
0.3436630281380217,0.12079007474252844,1.07568359375,15.0
0.15714083716097457,5.674221042796429,2.26220703125,15.0
10.867579165066832,5.674221042796429,2.26220703125,15.0
0.15714083716097457,12.079007474252844,2.26220703125,15.0
0.15714083716097457,5.674221042796429,3.32568359375,15.0
10.867579165066832,12.079007474252844,3.32568359375,15.0
0.1950019985891904,0.07566695371401164,2.96533203125,15.0
1.0113065323601316,0.07566695371401164,2.96533203125,15.0
0.1950019985891904,0.0905797775942566,2.96533203125,15.0
0.1950019985891904,0.07566695371401164,2.34130859375,15.0
1.0113065323601316,0.0905797775942566,2.34130859375,15.0
6.166504638267826,7.566695371401163,0.71533203125,15.0
31.980320548647942,7.566695371401163,0.71533203125,15.0
6.166504638267826,9.057977759425661,0.71533203125,15.0
6.166504638267826,7.566695371401163,4.59130859375,15.0
31.980320548647942,9.057977759425661,4.59130859375,15.0
34.67680390075964,0.7566695371401163,4.09033203125,15.0
0.17983855837338836,0.7566695371401163,4.09033203125,15.0
34.67680390075964,90.5797775942566,4.09033203125,15.0
34.67680390075964,0.7566695371401163,3.46630859375,15.0
0.17983855837338836,90.5797775942566,3.46630859375,15.0
1.096576823014119,75.66695371401164,1.84033203125,15.0
5.68699455581053,75.66695371401164,1.84033203125,15.0
1.096576823014119,0.905797775942566,1.84033203125,15.0
1.096576823014119,75.66695371401164,1.21630859375,15.0
5.68699455581053,0.905797775942566,1.21630859375,15.0
2.6003934443336765,0.23927991734281376,1.27783203125,15.0
13.485989353890076,0.23927991734281376,1.27783203125,15.0
2.6003934443336765,0.286438407149338,1.27783203125,15.0
2.6003934443336765,0.23927991734281376,1.77880859375,15.0
13.485989353890076,0.286438407149338,1.77880859375,15.0
82.23166096664691,23.927991734281377,3.52783203125,15.0
0.42646442859075184,23.927991734281377,3.52783203125,15.0
82.23166096664691,28.6438407149338,3.52783203125,15.0
82.23166096664691,23.927991734281377,4.02880859375,15.0
0.42646442859075184,28.6438407149338,4.02880859375,15.0
14.62308695502896,0.023927991734281378,2.40283203125,15.0
75.83729124769485,0.023927991734281378,2.40283203125,15.0
14.62308695502896,2.8643840714933795,2.40283203125,15.0
14.62308695502896,0.023927991734281378,2.90380859375,15.0
75.83729124769485,2.8643840714933795,2.90380859375,15.0
0.4624226120058773,2.3927991734281377,4.65283203125,15.0
2.398185719202684,2.3927991734281377,4.65283203125,15.0
0.4624226120058773,0.028643840714933796,4.65283203125,0.3989949748743755
0.4624226120058773,2.3927991734281377,0.65380859375,15.0
2.398185719202684,0.028643840714933796,0.65380859375,15.0
0.30028875026210994,0.4255065502465411,2.68408203125,15.0
0.2769381664474791,0.4255065502465411,2.68408203125,15.0
0.30028875026210994,5.0936752167801345,2.68408203125,15.0
0.30028875026210994,0.4255065502465411,1.49755859375,15.0
0.2769381664474791,5.0936752167801345,1.49755859375,15.0
9.495964065537517,42.550655024654105,4.93408203125,15.0
8.757553770048554,42.550655024654105,4.93408203125,15.0
9.495964065537517,0.05093675216780135,4.93408203125,15.0
9.495964065537517,42.550655024654105,3.74755859375,15.0
8.757553770048554,0.05093675216780135,3.74755859375,15.0
53.39973016574302,0.042550655024654105,1.55908203125,15.0
1.5573377551586087,0.042550655024654105,1.55908203125,15.0
53.39973016574302,0.5093675216780135,1.55908203125,15.0
53.39973016574302,0.042550655024654105,4.87255859375,15.0
1.5573377551586087,0.5093675216780135,4.87255859375,15.0
1.6886477376214868,4.255065502465411,3.80908203125,15.0
49.247343924748414,4.255065502465411,3.80908203125,15.0
1.6886477376214868,50.93675216780135,3.80908203125,15.0
1.6886477376214868,4.255065502465411,2.62255859375,15.0
49.247343924748414,50.93675216780135,2.62255859375,15.0
0.712096846477567,0.01345569858099951,4.37158203125,0.39497487437186285
20.767432736211237,0.01345569858099951,4.37158203125,0.5075376884422176
0.712096846477567,16.10761534617715,4.37158203125,15.0
0.712096846477567,0.01345569858099951,0.93505859375,15.0
20.767432736211237,16.10761534617715,0.93505859375,15.0
22.51847949492362,1.3455698580999509,2.12158203125,15.0
0.6567238860077028,1.3455698580999509,2.12158203125,15.0
22.51847949492362,0.16107615346177148,2.12158203125,15.0
22.51847949492362,1.3455698580999509,3.18505859375,15.0
0.6567238860077028,0.16107615346177148,3.18505859375,15.0
4.004414843120635,0.1345569858099951,3.24658203125,15.0
3.6930298034172733,0.1345569858099951,3.24658203125,15.0
4.004414843120635,0.016107615346177148,3.24658203125,0.4582914572864374
4.004414843120635,0.1345569858099951,4.31005859375,15.0
3.6930298034172733,0.016107615346177148,4.31005859375,0.43216080402010504
0.1266307160044705,13.455698580999508,0.99658203125,15.0
0.11678385645682465,13.455698580999508,0.99658203125,15.0
0.1266307160044705,1.6107615346177147,0.99658203125,15.0
0.1266307160044705,13.455698580999508,2.06005859375,15.0
0.11678385645682465,1.6107615346177147,2.06005859375,15.0
0.1410633075014056,0.011652154917032231,1.62939453125,0.40100502512563185
2.152820461347157,0.011652154917032231,1.62939453125,0.5015075376884486
0.1410633075014056,0.1860078401807282,1.62939453125,15.0
0.1410633075014056,0.011652154917032231,2.69287109375,0.3869346733668375
2.152820461347157,0.1860078401807282,2.69287109375,15.0
4.460813459811575,1.1652154917032231,3.87939453125,15.0
68.07816051271499,1.1652154917032231,3.87939453125,15.0
4.460813459811575,18.60078401807282,3.87939453125,15.0
4.460813459811575,1.1652154917032231,4.94287109375,15.0
68.07816051271499,18.60078401807282,4.94287109375,15.0
25.084997524173872,0.11652154917032231,0.50439453125,15.0
0.38283162999241444,0.11652154917032231,0.50439453125,15.0
25.084997524173872,1.860078401807282,0.50439453125,15.0
25.084997524173872,0.11652154917032231,3.81787109375,15.0
0.38283162999241444,1.860078401807282,3.81787109375,15.0
0.7932572727607414,11.652154917032231,2.75439453125,15.0
12.106199111308591,11.652154917032231,2.75439453125,15.0
0.7932572727607414,0.01860078401807282,2.75439453125,0.42311557788945153
0.7932572727607414,11.652154917032231,1.56787109375,15.0
12.106199111308591,0.01860078401807282,1.56787109375,15.0
1.8811094384496978,0.3684734918695216,4.44189453125,15.0
5.105141835049042,0.3684734918695216,4.44189453125,15.0
1.8811094384496978,0.0588208437619687,4.44189453125,0.4914572864321669
1.8811094384496978,0.3684734918695216,2.13037109375,15.0
5.105141835049042,0.0588208437619687,2.13037109375,15.0
59.48590353541365,36.84734918695216,2.19189453125,15.0
0.16143875976966593,36.84734918695216,2.19189453125,15.0
59.48590353541365,5.88208437619687,2.19189453125,15.0
59.48590353541365,36.84734918695216,4.38037109375,15.0
0.16143875976966593,5.88208437619687,4.38037109375,15.0
10.578255744458765,0.03684734918695216,3.31689453125,15.0
28.70832224806169,0.03684734918695216,3.31689453125,15.0
10.578255744458765,58.8208437619687,3.31689453125,15.0
10.578255744458765,0.03684734918695216,3.25537109375,15.0
28.70832224806169,58.8208437619687,3.25537109375,15.0
0.3345138182424978,3.684734918695216,1.06689453125,15.0
0.9078368610596035,3.684734918695216,1.06689453125,15.0
0.3345138182424978,0.588208437619687,1.06689453125,15.0
0.3345138182424978,3.684734918695216,1.00537109375,15.0
0.9078368610596035,0.588208437619687,1.00537109375,15.0
0.5151267020450659,0.2072078717154221,3.59814453125,15.0
0.10483536521886568,0.2072078717154221,3.59814453125,15.0
0.5151267020450659,10.459989534302535,3.59814453125,15.0
0.5151267020450659,0.2072078717154221,1.28662109375,15.0
0.10483536521886568,10.459989534302535,1.28662109375,15.0
16.28973662033325,20.72078717154221,1.34814453125,15.0
3.3151853342721207,20.72078717154221,1.34814453125,15.0
16.28973662033325,0.10459989534302536,1.34814453125,15.0
16.28973662033325,20.72078717154221,3.53662109375,15.0
3.3151853342721207,0.10459989534302536,3.53662109375,15.0
91.60392078079958,0.02072078717154221,4.72314453125,15.0
0.5895325820399115,0.02072078717154221,4.72314453125,0.3969849246231192
91.60392078079958,0.010459989534302536,4.72314453125,0.6914572864321722
91.60392078079958,0.02072078717154221,4.66162109375,15.0
0.5895325820399115,0.010459989534302536,4.66162109375,0.3879396984924657
2.896770322689565,2.0720787171542208,2.47314453125,15.0
18.642657141261946,2.0720787171542208,2.47314453125,15.0
2.896770322689565,1.0459989534302536,2.47314453125,15.0
2.896770322689565,2.0720787171542208,2.41162109375,15.0
18.642657141261946,1.0459989534302536,2.41162109375,15.0
1.2215579163138754,0.06552488237367148,0.78564453125,15.0
44.208706948454065,0.06552488237367148,0.78564453125,15.0
1.2215579163138754,3.307739122991996,0.78564453125,15.0
1.2215579163138754,0.06552488237367148,0.72412109375,15.0
44.208706948454065,3.307739122991996,0.72412109375,15.0
38.62905309361203,6.552488237367147,3.03564453125,15.0
1.3980020636802688,6.552488237367147,3.03564453125,15.0
38.62905309361203,0.033077391229919956,3.03564453125,15.0
38.62905309361203,6.552488237367147,2.97412109375,15.0
1.3980020636802688,0.033077391229919956,2.97412109375,0.47135678391960356
6.869324974567062,0.6552488237367147,1.91064453125,15.0
7.861543331088051,0.6552488237367147,1.91064453125,15.0
6.869324974567062,0.33077391229919956,1.91064453125,15.0
6.869324974567062,0.6552488237367147,4.09912109375,15.0
7.861543331088051,0.33077391229919956,4.09912109375,15.0
0.21722712907510142,65.52488237367147,4.16064453125,15.0
0.2486038285034545,65.52488237367147,4.16064453125,15.0
0.21722712907510142,33.07739122991996,4.16064453125,15.0
0.21722712907510142,65.52488237367147,1.84912109375,15.0
0.2486038285034545,33.07739122991996,1.84912109375,15.0
0.17505078493502552,0.8737883498527172,1.48876953125,15.0
35.62524112544845,0.8737883498527172,1.48876953125,15.0
0.17505078493502552,0.024804544143141136,1.48876953125,0.4482412060301557
0.17505078493502552,0.8737883498527172,2.83349609375,15.0
35.62524112544845,0.024804544143141136,2.83349609375,15.0
5.535591865949707,87.37883498527172,3.73876953125,15.0
1.1265690414911742,87.37883498527172,3.73876953125,15.0
5.535591865949707,2.4804544143141136,3.73876953125,15.0
5.535591865949707,87.37883498527172,0.58349609375,15.0
1.1265690414911742,2.4804544143141136,0.58349609375,15.0
31.128920656110754,0.08737883498527173,2.61376953125,15.0
6.335163277105683,0.08737883498527173,2.61376953125,15.0
31.128920656110754,24.804544143141136,2.61376953125,15.0
31.128920656110754,0.08737883498527173,1.70849609375,15.0
6.335163277105683,24.804544143141136,1.70849609375,15.0
0.9843829037597305,8.737883498527172,4.86376953125,15.0
0.200335453047104,8.737883498527172,4.86376953125,15.0
0.9843829037597305,0.24804544143141136,4.86376953125,15.0
0.9843829037597305,8.737883498527172,3.95849609375,15.0
0.200335453047104,0.24804544143141136,3.95849609375,15.0
2.334339734278693,0.0276316137845464,3.17626953125,0.47236180904523173
0.4750702256677176,0.0276316137845464,3.17626953125,0.4150753768844262
2.334339734278693,0.7843885581451563,3.17626953125,15.0
2.334339734278693,0.0276316137845464,3.39599609375,0.4613065326633219
0.4750702256677176,0.7843885581451563,3.39599609375,15.0
73.81830392952901,2.76316137845464,0.92626953125,15.0
15.02303961640174,2.76316137845464,0.92626953125,15.0
73.81830392952901,78.43885581451563,0.92626953125,15.0
73.81830392952901,2.76316137845464,1.14599609375,15.0
15.02303961640174,78.43885581451563,1.14599609375,15.0
13.126956996187674,0.276316137845464,4.30126953125,15.0
2.671516202604625,0.276316137845464,4.30126953125,15.0
13.126956996187674,7.843885581451563,4.30126953125,15.0
13.126956996187674,0.276316137845464,2.27099609375,15.0
2.671516202604625,7.843885581451563,2.27099609375,15.0
0.415110828550353,27.6316137845464,2.05126953125,15.0
84.48076006274468,27.6316137845464,2.05126953125,15.0
0.415110828550353,0.07843885581451562,2.05126953125,15.0
0.415110828550353,27.6316137845464,4.52099609375,15.0
84.48076006274468,0.07843885581451562,4.52099609375,15.0
0.2695653471289811,0.049136729859206536,4.02001953125,0.40703517587940086
9.755685977333021,0.049136729859206536,4.02001953125,15.0
0.2695653471289811,1.3948620224196497,4.02001953125,15.0
0.2695653471289811,0.049136729859206536,4.23974609375,0.4050251256281445
9.755685977333021,1.3948620224196497,4.23974609375,15.0
8.524404751815114,4.913672985920654,1.77001953125,15.0
0.30850187825738135,4.913672985920654,1.77001953125,15.0
8.524404751815114,0.013948620224196498,1.77001953125,15.0
8.524404751815114,4.913672985920654,1.98974609375,15.0
0.30850187825738135,0.013948620224196498,1.98974609375,0.4110552763819135
47.936250645946195,0.49136729859206535,2.89501953125,15.0
54.86025380634357,0.49136729859206535,2.89501953125,15.0
47.936250645946195,0.13948620224196498,2.89501953125,15.0
47.936250645946195,0.49136729859206535,0.86474609375,15.0
54.86025380634357,0.13948620224196498,0.86474609375,15.0
1.515877345299077,49.13672985920654,0.64501953125,15.0
1.7348335504296757,49.13672985920654,0.64501953125,15.0
1.515877345299077,13.948620224196498,0.64501953125,15.0
1.515877345299077,49.13672985920654,3.11474609375,15.0
1.7348335504296757,13.948620224196498,3.11474609375,15.0
0.6392401761392223,0.15538398312749738,2.33251953125,15.0
0.7315732422467872,0.15538398312749738,2.33251953125,15.0
0.6392401761392223,44.10941012514944,2.33251953125,15.0
0.6392401761392223,0.15538398312749738,4.80224609375,15.0
0.7315732422467872,44.10941012514944,4.80224609375,15.0
20.21454928487163,15.538398312749738,4.58251953125,15.0
23.134377207339654,15.538398312749738,4.58251953125,15.0
20.21454928487163,0.44109410125149434,4.58251953125,15.0
20.21454928487163,15.538398312749738,2.55224609375,15.0
23.134377207339654,0.44109410125149434,2.55224609375,15.0
3.594711677650425,0.01553839831274974,1.20751953125,15.0
0.13009416336228788,0.01553839831274974,1.20751953125,0.42311557788945153
3.594711677650425,0.044109410125149434,1.20751953125,15.0
3.594711677650425,0.01553839831274974,1.42724609375,15.0
0.13009416336228788,0.044109410125149434,1.42724609375,15.0
0.11367476432980335,1.553839831274974,3.45751953125,15.0
4.113938665188586,1.553839831274974,3.45751953125,15.0
0.11367476432980335,4.410941012514944,3.45751953125,15.0
0.11367476432980335,1.553839831274974,3.67724609375,15.0
4.113938665188586,4.410941012514944,3.67724609375,15.0
0.1199779846418602,0.039596449889187924,1.17236328125,15.0
0.3256081842770525,0.039596449889187924,1.17236328125,15.0
0.1199779846418602,19.988548118735103,1.17236328125,15.0
0.1199779846418602,0.039596449889187924,4.48583984375,0.3879396984924657
0.3256081842770525,19.988548118735103,4.48583984375,15.0
3.7940370054497943,3.9596449889187926,3.42236328125,15.0
10.296634871073122,3.9596449889187926,3.42236328125,15.0
3.7940370054497943,0.19988548118735103,3.42236328125,15.0
3.7940370054497943,3.9596449889187926,2.23583984375,15.0
10.296634871073122,0.19988548118735103,2.23583984375,15.0
21.33543797465861,0.39596449889187924,2.29736328125,15.0
1.831029378391811,0.39596449889187924,2.29736328125,15.0
21.33543797465861,0.019988548118735103,2.29736328125,15.0
21.33543797465861,0.39596449889187924,1.11083984375,15.0
1.831029378391811,0.019988548118735103,1.11083984375,15.0
0.6746857887717101,39.59644988918792,4.54736328125,15.0
57.90223298400418,39.59644988918792,4.54736328125,15.0
0.6746857887717101,1.9988548118735103,4.54736328125,15.0
0.6746857887717101,39.59644988918792,3.36083984375,15.0
57.90223298400418,1.9988548118735103,3.36083984375,15.0
1.599932139076827,0.12521496890655567,2.85986328125,15.0
24.41716919006169,0.12521496890655567,2.85986328125,15.0
1.599932139076827,6.32093391750767,2.85986328125,15.0
1.599932139076827,0.12521496890655567,3.92333984375,15.0
24.41716919006169,6.32093391750767,3.92333984375,15.0
50.59429661188059,12.521496890655568,0.60986328125,15.0
0.7721386865428371,12.521496890655568,0.60986328125,15.0
50.59429661188059,0.0632093391750767,0.60986328125,15.0
50.59429661188059,12.521496890655568,1.67333984375,15.0
0.7721386865428371,0.0632093391750767,1.67333984375,15.0
8.997079593030929,0.012521496890655567,3.98486328125,0.4613065326633219
4.342054922212346,0.012521496890655567,3.98486328125,0.4341708542713614
8.997079593030929,0.6320933917507671,3.98486328125,15.0
8.997079593030929,0.012521496890655567,0.54833984375,15.0
4.342054922212346,0.6320933917507671,0.54833984375,15.0
0.2845126380379852,1.2521496890655568,1.73486328125,15.0
0.13730783279736253,1.2521496890655568,1.73486328125,15.0
0.2845126380379852,63.2093391750767,1.73486328125,15.0
0.2845126380379852,1.2521496890655568,2.79833984375,15.0
0.13730783279736253,63.2093391750767,2.79833984375,15.0
0.4381285583138562,0.7041355154858088,4.26611328125,15.0
1.1890368452040503,0.7041355154858088,4.26611328125,15.0
0.4381285583138562,0.11240386637720558,4.26611328125,15.0
0.4381285583138562,0.7041355154858088,3.64208984375,15.0
1.1890368452040503,0.11240386637720558,3.64208984375,15.0
13.854841522376866,70.41355154858087,2.01611328125,15.0
37.60064652705856,70.41355154858087,2.01611328125,15.0
13.854841522376866,11.240386637720556,2.01611328125,15.0
13.854841522376866,70.41355154858087,1.39208984375,15.0
37.60064652705856,11.240386637720556,1.39208984375,15.0
77.9114994199568,0.07041355154858087,3.14111328125,15.0
0.21144397396040004,0.07041355154858087,3.14111328125,15.0
77.9114994199568,1.1240386637720556,3.14111328125,15.0
77.9114994199568,0.07041355154858087,2.51708984375,15.0
0.21144397396040004,1.1240386637720556,2.51708984375,15.0
2.46377794085951,7.0413551548580875,0.89111328125,15.0
6.686445552321976,7.0413551548580875,0.89111328125,15.0
2.46377794085951,0.011240386637720557,0.89111328125,15.0
2.46377794085951,7.0413551548580875,4.76708984375,15.0
6.686445552321976,0.011240386637720557,4.76708984375,0.43216080402010504
1.0389665428849277,0.02226672010351919,2.57861328125,0.4432160804020149
15.856061167114657,0.02226672010351919,2.57861328125,15.0
1.0389665428849277,0.03554522355611888,2.57861328125,15.0
1.0389665428849277,0.02226672010351919,3.07958984375,0.42914572864322054
15.856061167114657,0.03554522355611888,3.07958984375,15.0
32.8550068822738,2.2266720103519186,4.82861328125,15.0
0.5014126800703004,2.2266720103519186,4.82861328125,15.0
32.8550068822738,3.554522355611888,4.82861328125,15.0
32.8550068822738,2.2266720103519186,0.82958984375,15.0
0.5014126800703004,3.554522355611888,0.82958984375,15.0
5.84253822554346,0.2226672010351919,1.45361328125,15.0
89.1651844901449,0.2226672010351919,1.45361328125,15.0
5.84253822554346,35.54522355611888,1.45361328125,15.0
5.84253822554346,0.2226672010351919,1.95458984375,15.0
89.1651844901449,35.54522355611888,1.95458984375,15.0
0.18475728109315886,22.266720103519187,3.70361328125,15.0
2.8196507097797725,22.266720103519187,3.70361328125,15.0
0.18475728109315886,0.3554522355611888,3.70361328125,15.0
0.18475728109315886,22.266720103519187,4.20458984375,15.0
2.8196507097797725,0.3554522355611888,4.20458984375,15.0
0.22927228668232058,0.2969314848202479,2.15673828125,15.0
3.499011037896108,0.2969314848202479,2.15673828125,15.0
0.22927228668232058,2.6655157314161153,2.15673828125,15.0
0.22927228668232058,0.2969314848202479,0.97021484375,15.0
3.499011037896108,2.6655157314161153,0.97021484375,15.0
7.250226302712226,29.693148482024785,4.40673828125,15.0
0.11064844437821436,29.693148482024785,4.40673828125,15.0
7.250226302712226,0.02665515731416115,4.40673828125,0.48743718592965424
7.250226302712226,29.693148482024785,3.22021484375,15.0
0.11064844437821436,0.02665515731416115,3.22021484375,0.389949748743722
40.771018669971184,0.029693148482024787,1.03173828125,15.0
19.67638503906156,0.029693148482024787,1.03173828125,15.0
40.771018669971184,0.2665515731416115,1.03173828125,15.0
40.771018669971184,0.029693148482024787,4.34521484375,15.0
19.67638503906156,0.2665515731416115,4.34521484375,15.0
1.2892928152235779,2.9693148482024787,3.28173828125,15.0
0.622221928418957,2.9693148482024787,3.28173828125,15.0
1.2892928152235779,26.65515731416115,3.28173828125,15.0
1.2892928152235779,2.9693148482024787,2.09521484375,15.0
0.622221928418957,26.65515731416115,2.09521484375,15.0
3.0573950809196835,0.0938979801047696,4.96923828125,15.0
1.4755207201388032,0.0938979801047696,4.96923828125,15.0
3.0573950809196835,84.29100850284559,4.96923828125,15.0
3.0573950809196835,0.0938979801047696,1.53271484375,15.0
1.4755207201388032,84.29100850284559,1.53271484375,15.0
96.68332162701009,9.38979801047696,2.71923828125,15.0
46.660062104104966,9.38979801047696,2.71923828125,15.0
96.68332162701009,0.8429100850284559,2.71923828125,15.0
96.68332162701009,9.38979801047696,3.78271484375,15.0
46.660062104104966,0.8429100850284559,3.78271484375,15.0
17.192996014348292,0.9389798010476961,3.84423828125,15.0
0.26238881157086374,0.9389798010476961,3.84423828125,15.0
17.192996014348292,0.08429100850284559,3.84423828125,15.0
17.192996014348292,0.9389798010476961,4.90771484375,15.0
0.26238881157086374,0.08429100850284559,4.90771484375,0.414070351758798
0.5436902720753759,93.8979801047696,1.59423828125,15.0
8.297462771086728,93.8979801047696,1.59423828125,15.0
0.5436902720753759,8.42910085028456,1.59423828125,15.0
0.5436902720753759,93.8979801047696,2.65771484375,15.0
8.297462771086728,8.42910085028456,2.65771484375,15.0
0.35306247595242185,0.01669768446645562,3.56298828125,0.39497487437186285
71.85306734169451,0.01669768446645562,3.56298828125,15.0
0.35306247595242185,0.014989296487202607,3.56298828125,0.3929648241206065
0.35306247595242185,0.01669768446645562,1.81396484375,0.4241206030150797
71.85306734169451,0.014989296487202607,1.81396484375,15.0
11.164815803480792,1.669768446645562,1.31298828125,15.0
2.272193496692147,1.669768446645562,1.31298828125,15.0
11.164815803480792,1.4989296487202608,1.31298828125,15.0
11.164815803480792,1.669768446645562,4.06396484375,15.0
2.272193496692147,1.4989296487202608,4.06396484375,15.0
62.78437314435541,0.1669768446645562,4.68798828125,15.0
12.77748302018755,0.1669768446645562,4.68798828125,15.0
62.78437314435541,14.989296487202608,4.68798828125,15.0
62.78437314435541,0.1669768446645562,2.93896484375,15.0
12.77748302018755,14.989296487202608,2.93896484375,15.0
1.9854162060207066,16.69768446645562,2.43798828125,15.0
0.4040594910791988,16.69768446645562,2.43798828125,15.0
1.9854162060207066,0.14989296487202608,2.43798828125,15.0
1.9854162060207066,16.69768446645562,0.68896484375,15.0
0.4040594910791988,0.14989296487202608,0.68896484375,15.0
0.8372430719293736,0.5280271456481317,0.75048828125,15.0
0.17039047456523057,0.5280271456481317,0.75048828125,15.0
0.8372430719293736,0.4740031742312117,0.75048828125,15.0
0.8372430719293736,0.5280271456481317,2.37646484375,15.0
0.17039047456523057,0.4740031742312117,2.37646484375,15.0
26.475950624930057,52.80271456481317,3.00048828125,15.0
5.388219912231171,52.80271456481317,3.00048828125,15.0
26.475950624930057,47.40031742312117,3.00048828125,15.0
26.475950624930057,52.80271456481317,4.62646484375,15.0
5.388219912231171,47.40031742312117,4.62646484375,15.0
4.708163785752028,0.052802714564813176,1.87548828125,15.0
0.9581760526682422,0.052802714564813176,1.87548828125,15.0
4.708163785752028,4.740031742312117,1.87548828125,15.0
4.708163785752028,0.052802714564813176,3.50146484375,15.0
0.9581760526682422,4.740031742312117,3.50146484375,15.0
0.1488852116009742,5.280271456481318,4.12548828125,15.0
30.30018725861103,5.280271456481318,4.12548828125,15.0
0.1488852116009742,0.04740031742312117,4.12548828125,0.395979899497491
0.1488852116009742,5.280271456481318,1.25146484375,15.0
30.30018725861103,0.04740031742312117,1.25146484375,15.0
0.13365233866589013,0.34289112935751354,3.07080078125,15.0
9.24315663127065,0.34289112935751354,3.07080078125,15.0
0.13365233866589013,72.99300614350419,3.07080078125,15.0
0.13365233866589013,0.34289112935751354,0.75927734375,15.0
9.24315663127065,72.99300614350419,0.75927734375,15.0
4.226458047924028,34.289112935751355,0.82080078125,15.0
0.2922942772450439,34.289112935751355,0.82080078125,15.0
4.226458047924028,0.7299300614350419,0.82080078125,15.0
4.226458047924028,34.289112935751355,3.00927734375,15.0
0.2922942772450439,0.7299300614350419,3.00927734375,15.0
23.76712019531014,0.034289112935751355,4.19580078125,15.0
51.97808948970701,0.034289112935751355,4.19580078125,15.0
23.76712019531014,0.0729930061435042,4.19580078125,15.0
23.76712019531014,0.034289112935751355,4.13427734375,15.0
51.97808948970701,0.0729930061435042,4.13427734375,15.0
0.7515823324016598,3.4289112935751356,1.94580078125,15.0
1.643691512115333,3.4289112935751356,1.94580078125,15.0
0.7515823324016598,7.299300614350419,1.94580078125,15.0
0.7515823324016598,3.4289112935751356,1.88427734375,15.0
1.643691512115333,7.299300614350419,1.88427734375,15.0
1.782282580697154,0.010843169582371711,1.38330078125,0.5195979899497556
0.693138963374275,0.010843169582371711,1.38330078125,0.4482412060301557
1.782282580697154,2.308241526761366,1.38330078125,15.0
1.782282580697154,0.010843169582371711,1.32177734375,15.0
0.693138963374275,2.308241526761366,1.32177734375,15.0
56.36072389045857,1.084316958237171,3.63330078125,15.0
21.918978592707386,1.084316958237171,3.63330078125,15.0
56.36072389045857,0.02308241526761366,3.63330078125,15.0
56.36072389045857,1.084316958237171,3.57177734375,15.0
21.918978592707386,0.02308241526761366,3.57177734375,15.0
10.02251148292913,0.1084316958237171,2.50830078125,15.0
0.12325947468641964,0.1084316958237171,2.50830078125,15.0
10.02251148292913,0.23082415267613657,2.50830078125,15.0
10.02251148292913,0.1084316958237171,4.69677734375,15.0
0.12325947468641964,0.23082415267613657,4.69677734375,15.0
0.3169396416124784,10.843169582371711,4.75830078125,15.0
3.8978068320495467,10.843169582371711,4.75830078125,15.0
0.3169396416124784,23.08241526761366,4.75830078125,15.0
0.3169396416124784,10.843169582371711,2.44677734375,15.0
3.8978068320495467,23.08241526761366,2.44677734375,15.0
0.48806376127884427,0.060975623522145916,2.22705078125,15.0
33.75361655904026,0.060975623522145916,2.22705078125,15.0
0.48806376127884427,0.4104698380436544,2.22705078125,15.0
0.48806376127884427,0.060975623522145916,2.16552734375,15.0
33.75361655904026,0.4104698380436544,2.16552734375,15.0
15.433931290298421,6.097562352214592,4.47705078125,15.0
1.0673830759454248,6.097562352214592,4.47705078125,15.0
15.433931290298421,41.04698380436544,4.47705078125,15.0
15.433931290298421,6.097562352214592,4.41552734375,15.0
1.0673830759454248,41.04698380436544,4.41552734375,15.0
86.79137374683208,0.6097562352214592,1.10205078125,15.0
6.0023361341290125,0.6097562352214592,1.10205078125,15.0
86.79137374683208,4.1046983804365444,1.10205078125,15.0
86.79137374683208,0.6097562352214592,3.29052734375,15.0
6.0023361341290125,4.1046983804365444,3.29052734375,15.0
2.7445842229493147,60.975623522145916,3.35205078125,15.0
0.1898105346577761,60.975623522145916,3.35205078125,15.0
2.7445842229493147,0.04104698380436544,3.35205078125,15.0
2.7445842229493147,60.975623522145916,1.04052734375,15.0
0.1898105346577761,0.04104698380436544,1.04052734375,15.0
1.1573815701829784,0.19282185207891958,3.91455078125,15.0
0.45011171094503055,0.19282185207891958,3.91455078125,15.0
1.1573815701829784,0.01298019599018381,3.91455078125,0.4060301507537727
1.1573815701829784,0.19282185207891958,2.72802734375,15.0
0.45011171094503055,0.01298019599018381,2.72802734375,0.4030150753768882
36.59961883680234,19.28218520789196,1.66455078125,15.0
14.23378208101637,19.28218520789196,1.66455078125,15.0
36.59961883680234,1.2980195990183812,1.66455078125,15.0
36.59961883680234,19.28218520789196,4.97802734375,15.0
14.23378208101637,1.2980195990183812,4.97802734375,15.0
6.508434859275831,0.019282185207891957,2.78955078125,0.5678391959799076
2.5311641601652384,0.019282185207891957,2.78955078125,0.46532663316583456
6.508434859275831,12.98019599018381,2.78955078125,15.0
6.508434859275831,0.019282185207891957,3.85302734375,0.47437185929648806
2.5311641601652384,12.98019599018381,3.85302734375,15.0
0.2058147815814909,1.9282185207891958,0.53955078125,15.0
80.0424387790939,1.9282185207891958,0.53955078125,15.0
0.2058147815814909,0.1298019599018381,0.53955078125,15.0
0.2058147815814909,1.9282185207891958,1.60302734375,15.0
80.0424387790939,0.1298019599018381,1.60302734375,15.0
0.16585423386328016,0.025713207233666546,4.61767578125,0.3849246231155812
0.15295733650879886,0.025713207233666546,4.61767578125,0.383919597989953
0.16585423386328016,9.733773809039203,4.61767578125,15.0
0.16585423386328016,0.025713207233666546,4.83740234375,0.383919597989953
0.15295733650879886,9.733773809039203,4.83740234375,15.0
5.244771385901927,2.5713207233666546,2.36767578125,15.0
4.8369356820063185,2.5713207233666546,2.36767578125,15.0
5.244771385901927,0.09733773809039202,2.36767578125,15.0
5.244771385901927,2.5713207233666546,2.58740234375,15.0
4.8369356820063185,0.09733773809039202,2.58740234375,15.0
29.493516914685138,0.25713207233666546,3.49267578125,15.0
0.8601423130994411,0.25713207233666546,3.49267578125,15.0
29.493516914685138,0.9733773809039202,3.49267578125,15.0
29.493516914685138,0.25713207233666546,1.46240234375,15.0
0.8601423130994411,0.9733773809039202,1.46240234375,15.0
0.9326668965910704,25.713207233666544,1.24267578125,15.0
27.20008821279918,25.713207233666544,1.24267578125,15.0
0.9326668965910704,97.33773809039202,1.24267578125,15.0
0.9326668965910704,25.713207233666544,3.71240234375,15.0
27.20008821279918,97.33773809039202,3.71240234375,15.0
2.2117017547171223,0.813123008063037,1.80517578125,15.0
64.5015739795095,0.813123008063037,1.80517578125,15.0
2.2117017547171223,30.78089546545674,1.80517578125,15.0
2.2117017547171223,0.813123008063037,4.27490234375,15.0
64.5015739795095,30.78089546545674,4.27490234375,15.0
69.9401504989716,81.3123008063037,4.05517578125,15.0
2.039718864411009,81.3123008063037,4.05517578125,15.0
69.9401504989716,0.3078089546545674,4.05517578125,15.0
69.9401504989716,81.3123008063037,2.02490234375,15.0
2.039718864411009,0.3078089546545674,2.02490234375,15.0
12.43731295673447,0.0813123008063037,0.68017578125,15.0
11.470182092286409,0.0813123008063037,0.68017578125,15.0
12.43731295673447,0.03078089546545674,0.68017578125,15.0
12.43731295673447,0.0813123008063037,0.89990234375,15.0
11.470182092286409,0.03078089546545674,0.89990234375,15.0
0.39330236915604144,8.131230080630369,2.93017578125,15.0
0.3627190058850071,8.131230080630369,2.93017578125,15.0
0.39330236915604144,3.0780895465456743,2.93017578125,15.0
0.39330236915604144,8.131230080630369,3.14990234375,15.0
0.3627190058850071,3.0780895465456743,3.14990234375,15.0
0.25540333418533956,0.14459599030674117,0.96142578125,15.0
3.1410171850104573,0.14459599030674117,0.96142578125,15.0
0.25540333418533956,0.05473703262878217,0.96142578125,15.0
0.25540333418533956,0.14459599030674117,3.43115234375,15.0
3.1410171850104573,0.05473703262878217,3.43115234375,15.0
8.076562580268183,14.459599030674115,3.21142578125,15.0
99.32768474363539,14.459599030674115,3.21142578125,15.0
8.076562580268183,5.4737032628782165,3.21142578125,15.0
8.076562580268183,14.459599030674115,1.18115234375,15.0
99.32768474363539,5.4737032628782165,1.18115234375,15.0
45.41784904370795,0.014459599030674116,2.08642578125,15.0
0.5585606186682515,0.014459599030674116,2.08642578125,0.42211055276382337
45.41784904370795,54.73703262878217,2.08642578125,15.0
45.41784904370795,0.014459599030674116,2.30615234375,15.0
0.5585606186682515,54.73703262878217,2.30615234375,15.0
1.4362384940381745,1.4459599030674115,4.33642578125,15.0
17.663237662644406,1.4459599030674115,4.33642578125,15.0
1.4362384940381745,0.5473703262878217,4.33642578125,15.0
1.4362384940381745,1.4459599030674115,4.55615234375,15.0
17.663237662644406,0.5473703262878217,4.55615234375,15.0
0.6056567510254308,0.045725266989693106,3.77392578125,0.4271356783919642
7.44852556156519,0.045725266989693106,3.77392578125,15.0
0.6056567510254308,0.1730936954659055,3.77392578125,15.0
0.6056567510254308,0.045725266989693106,2.86865234375,15.0
7.44852556156519,0.1730936954659055,2.86865234375,15.0
19.152548134978822,4.572526698969311,1.52392578125,15.0
0.23554305984530732,4.572526698969311,1.52392578125,15.0
19.152548134978822,17.309369546590553,1.52392578125,15.0
19.152548134978822,4.572526698969311,0.61865234375,15.0
0.23554305984530732,17.309369546590553,0.61865234375,15.0
3.4058581998212207,0.4572526698969311,4.89892578125,15.0
41.886137350047576,0.4572526698969311,4.89892578125,15.0
3.4058581998212207,1.7309369546590552,4.89892578125,15.0
3.4058581998212207,0.4572526698969311,1.74365234375,15.0
41.886137350047576,1.7309369546590552,1.74365234375,15.0
0.1077026929899594,45.72526698969311,2.64892578125,15.0
1.3245559641279983,45.72526698969311,2.64892578125,15.0
0.1077026929899594,0.017309369546590552,2.64892578125,0.38894472361809385
0.1077026929899594,45.72526698969311,3.99365234375,15.0
1.3245559641279983,0.017309369546590552,3.99365234375,0.41306532663316986
0.11064844437821436,0.021479850285170087,3.86181640625,0.38291457286432484
25.084997524173872,0.021479850285170087,3.86181640625,15.0
0.11064844437821436,1.9282185207891958,3.86181640625,15.0
0.11064844437821436,0.021479850285170087,1.58544921875,0.414070351758798
25.084997524173872,1.9282185207891958,1.58544921875,15.0
3.499011037896108,2.1479850285170086,1.61181640625,15.0
0.7932572727607414,2.1479850285170086,1.61181640625,15.0
3.499011037896108,0.019282185207891957,1.61181640625,15.0
3.499011037896108,2.1479850285170086,3.83544921875,15.0
0.7932572727607414,0.019282185207891957,3.83544921875,0.40703517587940086
19.67638503906156,0.21479850285170085,4.98681640625,15.0
4.460813459811575,0.21479850285170085,4.98681640625,15.0
19.67638503906156,0.19282185207891958,4.98681640625,15.0
19.67638503906156,0.21479850285170085,4.96044921875,15.0
4.460813459811575,0.19282185207891958,4.96044921875,15.0
0.622221928418957,21.479850285170087,2.73681640625,15.0
0.1410633075014056,21.479850285170087,2.73681640625,15.0
0.622221928418957,19.28218520789196,2.73681640625,15.0
0.622221928418957,21.479850285170087,2.71044921875,15.0
0.1410633075014056,19.28218520789196,2.71044921875,15.0
1.4755207201388032,0.6792525070055475,1.04931640625,15.0
0.3345138182424978,0.6792525070055475,1.04931640625,15.0
1.4755207201388032,60.975623522145916,1.04931640625,15.0
1.4755207201388032,0.6792525070055475,1.02294921875,15.0
0.3345138182424978,60.975623522145916,1.02294921875,15.0
46.660062104104966,67.92525070055476,3.29931640625,15.0
10.578255744458765,67.92525070055476,3.29931640625,15.0
46.660062104104966,0.6097562352214592,3.29931640625,15.0
46.660062104104966,67.92525070055476,3.27294921875,15.0
10.578255744458765,0.6097562352214592,3.27294921875,15.0
8.297462771086728,0.06792525070055476,2.17431640625,15.0
1.8811094384496978,0.06792525070055476,2.17431640625,15.0
8.297462771086728,0.060975623522145916,2.17431640625,15.0
8.297462771086728,0.06792525070055476,4.39794921875,15.0
1.8811094384496978,0.060975623522145916,4.39794921875,15.0
0.26238881157086374,6.792525070055476,4.42431640625,15.0
59.48590353541365,6.792525070055476,4.42431640625,15.0
0.26238881157086374,6.097562352214592,4.42431640625,15.0
0.26238881157086374,6.792525070055476,2.14794921875,15.0
59.48590353541365,6.097562352214592,2.14794921875,15.0
0.4040594910791988,0.12079007474252844,1.89306640625,15.0
16.28973662033325,0.12079007474252844,1.89306640625,15.0
0.4040594910791988,0.010843169582371711,1.89306640625,0.4120603015075417
0.4040594910791988,0.12079007474252844,2.42919921875,15.0
16.28973662033325,0.010843169582371711,2.42919921875,0.666331658291468
12.77748302018755,12.079007474252844,4.14306640625,15.0
0.5151267020450659,12.079007474252844,4.14306640625,15.0
12.77748302018755,1.084316958237171,4.14306640625,15.0
12.77748302018755,12.079007474252844,4.67919921875,15.0
0.5151267020450659,1.084316958237171,4.67919921875,15.0
71.85306734169451,0.012079007474252843,0.76806640625,15.0
91.60392078079958,0.012079007474252843,0.76806640625,15.0
71.85306734169451,10.843169582371711,0.76806640625,15.0
71.85306734169451,0.012079007474252843,3.55419921875,15.0
91.60392078079958,10.843169582371711,3.55419921875,15.0
2.272193496692147,1.2079007474252843,3.01806640625,15.0
2.896770322689565,1.2079007474252843,3.01806640625,15.0
2.272193496692147,0.1084316958237171,3.01806640625,15.0
2.272193496692147,1.2079007474252843,1.30419921875,15.0
2.896770322689565,0.1084316958237171,1.30419921875,15.0
0.9581760526682422,0.038197175492836646,4.70556640625,0.4180904522613107
1.2215579163138754,0.038197175492836646,4.70556640625,0.4241206030150797
0.9581760526682422,0.34289112935751354,4.70556640625,15.0
0.9581760526682422,0.038197175492836646,1.86669921875,15.0
1.2215579163138754,0.34289112935751354,1.86669921875,15.0
30.30018725861103,3.8197175492836646,2.45556640625,15.0
38.62905309361203,3.8197175492836646,2.45556640625,15.0
30.30018725861103,34.289112935751355,2.45556640625,15.0
30.30018725861103,3.8197175492836646,4.11669921875,15.0
38.62905309361203,34.289112935751355,4.11669921875,15.0
5.388219912231171,0.3819717549283665,3.58056640625,15.0
0.21722712907510142,0.3819717549283665,3.58056640625,15.0
5.388219912231171,3.4289112935751356,3.58056640625,15.0
5.388219912231171,0.3819717549283665,2.99169921875,15.0
0.21722712907510142,3.4289112935751356,2.99169921875,15.0
0.17039047456523057,38.19717549283665,1.33056640625,15.0
6.869324974567062,38.19717549283665,1.33056640625,15.0
0.17039047456523057,0.034289112935751355,1.33056640625,15.0
0.17039047456523057,38.19717549283665,0.74169921875,15.0
6.869324974567062,0.034289112935751355,0.74169921875,15.0
0.21144397396040004,0.5093675216780135,4.00244140625,15.0
1.515877345299077,0.5093675216780135,4.00244140625,15.0
0.21144397396040004,25.713207233666544,4.00244140625,15.0
0.21144397396040004,0.5093675216780135,3.97607421875,15.0
1.515877345299077,25.713207233666544,3.97607421875,15.0
6.686445552321976,50.93675216780135,1.75244140625,15.0
47.936250645946195,50.93675216780135,1.75244140625,15.0
6.686445552321976,0.25713207233666546,1.75244140625,15.0
6.686445552321976,50.93675216780135,1.72607421875,15.0
47.936250645946195,0.25713207233666546,1.72607421875,15.0
37.60064652705856,0.05093675216780135,2.87744140625,15.0
0.2695653471289811,0.05093675216780135,2.87744140625,0.43819095477387404
37.60064652705856,0.025713207233666546,2.87744140625,15.0
37.60064652705856,0.05093675216780135,0.60107421875,15.0
0.2695653471289811,0.025713207233666546,0.60107421875,15.0
1.1890368452040503,5.0936752167801345,0.62744140625,15.0
8.524404751815114,5.0936752167801345,0.62744140625,15.0
1.1890368452040503,2.5713207233666546,0.62744140625,15.0
1.1890368452040503,5.0936752167801345,2.85107421875,15.0
8.524404751815114,2.5713207233666546,2.85107421875,15.0
2.8196507097797725,0.016107615346177148,2.31494140625,0.48643216080402607
3.594711677650425,0.016107615346177148,2.31494140625,0.5095477386934739
2.8196507097797725,8.131230080630369,2.31494140625,15.0
2.8196507097797725,0.016107615346177148,4.53857421875,0.42211055276382337
3.594711677650425,8.131230080630369,4.53857421875,15.0
89.1651844901449,1.6107615346177147,4.56494140625,15.0
0.11367476432980335,1.6107615346177147,4.56494140625,15.0
89.1651844901449,0.0813123008063037,4.56494140625,15.0
89.1651844901449,1.6107615346177147,2.28857421875,15.0
0.11367476432980335,0.0813123008063037,2.28857421875,15.0
15.856061167114657,0.16107615346177148,1.18994140625,15.0
20.21454928487163,0.16107615346177148,1.18994140625,15.0
15.856061167114657,0.813123008063037,1.18994140625,15.0
15.856061167114657,0.16107615346177148,1.16357421875,15.0
20.21454928487163,0.813123008063037,1.16357421875,15.0
0.5014126800703004,16.10761534617715,3.43994140625,15.0
0.6392401761392223,16.10761534617715,3.43994140625,15.0
0.5014126800703004,81.3123008063037,3.43994140625,15.0
0.5014126800703004,16.10761534617715,3.41357421875,15.0
0.6392401761392223,81.3123008063037,3.41357421875,15.0
0.3256081842770525,0.0905797775942566,1.47119140625,15.0
0.17505078493502552,0.0905797775942566,1.47119140625,15.0
0.3256081842770525,0.14459599030674117,1.47119140625,15.0
0.3256081842770525,0.0905797775942566,3.13232421875,15.0
0.17505078493502552,0.14459599030674117,3.13232421875,15.0
10.296634871073122,9.057977759425661,3.72119140625,15.0
5.535591865949707,9.057977759425661,3.72119140625,15.0
10.296634871073122,14.459599030674115,3.72119140625,15.0
10.296634871073122,9.057977759425661,0.88232421875,15.0
5.535591865949707,14.459599030674115,0.88232421875,15.0
57.90223298400418,0.905797775942566,2.59619140625,15.0
0.9843829037597305,0.905797775942566,2.59619140625,15.0
57.90223298400418,1.4459599030674115,2.59619140625,15.0
57.90223298400418,0.905797775942566,2.00732421875,15.0
0.9843829037597305,1.4459599030674115,2.00732421875,15.0
1.831029378391811,90.5797775942566,4.84619140625,15.0
31.128920656110754,90.5797775942566,4.84619140625,15.0
1.831029378391811,0.014459599030674116,4.84619140625,0.40703517587940086
1.831029378391811,90.5797775942566,4.25732421875,15.0
31.128920656110754,0.014459599030674116,4.25732421875,0.5788944723618175
0.7721386865428371,0.286438407149338,3.15869140625,15.0
73.81830392952901,0.286438407149338,3.15869140625,15.0
0.7721386865428371,0.045725266989693106,3.15869140625,0.46532663316583456
0.7721386865428371,0.286438407149338,3.69482421875,15.0
73.81830392952901,0.045725266989693106,3.69482421875,15.0
24.41716919006169,28.6438407149338,0.90869140625,15.0
2.334339734278693,28.6438407149338,0.90869140625,15.0
24.41716919006169,4.572526698969311,0.90869140625,15.0
24.41716919006169,28.6438407149338,1.44482421875,15.0
2.334339734278693,4.572526698969311,1.44482421875,15.0
4.342054922212346,0.028643840714933796,4.28369140625,0.46532663316583456
13.126956996187674,0.028643840714933796,4.28369140625,0.5929648241206118
4.342054922212346,45.72526698969311,4.28369140625,15.0
4.342054922212346,0.028643840714933796,2.56982421875,15.0
13.126956996187674,45.72526698969311,2.56982421875,15.0
0.13730783279736253,2.8643840714933795,2.03369140625,15.0
0.415110828550353,2.8643840714933795,2.03369140625,15.0
0.13730783279736253,0.4572526698969311,2.03369140625,15.0
0.13730783279736253,2.8643840714933795,4.81982421875,15.0
0.415110828550353,0.4572526698969311,4.81982421875,15.0
0.15295733650879886,0.1860078401807282,0.69775390625,15.0
0.5738376806635346,0.1860078401807282,0.69775390625,15.0
0.15295733650879886,7.0413551548580875,0.69775390625,15.0
0.15295733650879886,0.1860078401807282,4.18701171875,15.0
0.5738376806635346,7.0413551548580875,4.18701171875,15.0
4.8369356820063185,18.60078401807282,2.94775390625,15.0
18.146340781251318,18.60078401807282,2.94775390625,15.0
4.8369356820063185,0.07041355154858087,2.94775390625,15.0
4.8369356820063185,18.60078401807282,1.93701171875,15.0
18.146340781251318,0.07041355154858087,1.93701171875,15.0
27.20008821279918,0.01860078401807282,1.82275390625,15.0
0.1020443732228454,0.01860078401807282,1.82275390625,0.40100502512563185
27.20008821279918,0.7041355154858088,1.82275390625,15.0
27.20008821279918,0.01860078401807282,0.81201171875,15.0
0.1020443732228454,0.7041355154858088,0.81201171875,15.0
0.8601423130994411,1.860078401807282,4.07275390625,15.0
3.2269264178848838,1.860078401807282,4.07275390625,15.0
0.8601423130994411,70.41355154858087,4.07275390625,15.0
0.8601423130994411,1.860078401807282,3.06201171875,15.0
3.2269264178848838,70.41355154858087,3.06201171875,15.0
2.039718864411009,0.0588208437619687,3.51025390625,15.0
7.652248457477168,0.0588208437619687,3.51025390625,15.0
2.039718864411009,22.266720103519187,3.51025390625,15.0
2.039718864411009,0.0588208437619687,4.74951171875,0.47135678391960356
7.652248457477168,22.266720103519187,4.74951171875,15.0
64.5015739795095,5.88208437619687,1.26025390625,15.0
0.2419853434713799,5.88208437619687,1.26025390625,15.0
64.5015739795095,0.2226672010351919,1.26025390625,15.0
64.5015739795095,5.88208437619687,2.49951171875,15.0
0.2419853434713799,0.2226672010351919,2.49951171875,15.0
11.470182092286409,0.588208437619687,4.63525390625,15.0
43.031755382635154,0.588208437619687,4.63525390625,15.0
11.470182092286409,0.02226672010351919,4.63525390625,0.4954773869346796
11.470182092286409,0.588208437619687,1.37451171875,15.0
43.031755382635154,0.02226672010351919,1.37451171875,15.0
0.3627190058850071,58.8208437619687,2.38525390625,15.0
1.3607835872433756,58.8208437619687,2.38525390625,15.0
0.3627190058850071,2.2266720103519186,2.38525390625,15.0
0.3627190058850071,58.8208437619687,3.62451171875,15.0
1.3607835872433756,2.2266720103519186,3.62451171875,15.0
0.5585606186682515,0.010459989534302536,4.91650390625,0.38592964824120934
0.372639649329195,0.010459989534302536,4.91650390625,0.3819095477386967
0.5585606186682515,0.039596449889187924,4.91650390625,0.4060301507537727
0.5585606186682515,0.010459989534302536,2.78076171875,0.40201005025126
0.372639649329195,0.039596449889187924,2.78076171875,0.4331658291457332
17.663237662644406,1.0459989534302536,2.66650390625,15.0
11.783900383666921,1.0459989534302536,2.66650390625,15.0
17.663237662644406,3.9596449889187926,2.66650390625,15.0
17.663237662644406,1.0459989534302536,0.53076171875,15.0
11.783900383666921,3.9596449889187926,0.53076171875,15.0
99.32768474363539,0.10459989534302536,3.79150390625,15.0
2.095506742222465,0.10459989534302536,3.79150390625,15.0
99.32768474363539,39.59644988918792,3.79150390625,15.0
99.32768474363539,0.10459989534302536,1.65576171875,15.0
2.095506742222465,39.59644988918792,1.65576171875,15.0
3.1410171850104573,10.459989534302535,1.54150390625,15.0
66.2657415766232,10.459989534302535,1.54150390625,15.0
3.1410171850104573,0.39596449889187924,1.54150390625,15.0
3.1410171850104573,10.459989534302535,3.90576171875,15.0
66.2657415766232,0.39596449889187924,3.90576171875,15.0
1.3245559641279983,0.33077391229919956,2.10400390625,15.0
27.94403151996403,0.33077391229919956,2.10400390625,15.0
1.3245559641279983,0.12521496890655567,2.10400390625,15.0
1.3245559641279983,0.33077391229919956,3.34326171875,15.0
27.94403151996403,0.12521496890655567,3.34326171875,15.0
41.886137350047576,33.07739122991996,4.35400390625,15.0
0.8836678661062329,33.07739122991996,4.35400390625,15.0
41.886137350047576,12.521496890655568,4.35400390625,15.0
41.886137350047576,33.07739122991996,1.09326171875,15.0
0.8836678661062329,12.521496890655568,1.09326171875,15.0
7.44852556156519,0.033077391229919956,0.97900390625,15.0
4.96922958854307,0.033077391229919956,0.97900390625,15.0
7.44852556156519,1.2521496890655568,0.97900390625,15.0
7.44852556156519,0.033077391229919956,2.21826171875,15.0
4.96922958854307,1.2521496890655568,2.21826171875,15.0
0.23554305984530732,3.307739122991996,3.22900390625,15.0
0.15714083716097457,3.307739122991996,3.22900390625,15.0
0.23554305984530732,0.012521496890655567,3.22900390625,0.38894472361809385
0.23554305984530732,3.307739122991996,4.46826171875,15.0
0.15714083716097457,0.012521496890655567,4.46826171875,0.377889447236184
0.1898105346577761,0.044109410125149434,2.52587890625,0.42814070351759237
53.39973016574302,0.044109410125149434,2.52587890625,15.0
0.1898105346577761,93.8979801047696,2.52587890625,15.0
0.1898105346577761,0.044109410125149434,1.23388671875,15.0
53.39973016574302,93.8979801047696,1.23388671875,15.0
6.0023361341290125,4.410941012514944,4.77587890625,15.0
1.6886477376214868,4.410941012514944,4.77587890625,15.0
6.0023361341290125,0.9389798010476961,4.77587890625,15.0
6.0023361341290125,4.410941012514944,3.48388671875,15.0
1.6886477376214868,0.9389798010476961,3.48388671875,15.0
33.75361655904026,0.44109410125149434,1.40087890625,15.0
9.495964065537517,0.44109410125149434,1.40087890625,15.0
33.75361655904026,0.0938979801047696,1.40087890625,15.0
33.75361655904026,0.44109410125149434,4.60888671875,15.0
9.495964065537517,0.0938979801047696,4.60888671875,15.0
1.0673830759454248,44.10941012514944,3.65087890625,15.0
0.30028875026210994,44.10941012514944,3.65087890625,15.0
1.0673830759454248,9.38979801047696,3.65087890625,15.0
1.0673830759454248,44.10941012514944,2.35888671875,15.0
0.30028875026210994,9.38979801047696,2.35888671875,15.0
2.5311641601652384,0.13948620224196498,4.21337890625,15.0
0.1266307160044705,0.13948620224196498,4.21337890625,15.0
2.5311641601652384,2.9693148482024787,4.21337890625,15.0
2.5311641601652384,0.13948620224196498,0.67138671875,15.0
0.1266307160044705,2.9693148482024787,0.67138671875,15.0
80.0424387790939,13.948620224196498,1.96337890625,15.0
4.004414843120635,13.948620224196498,1.96337890625,15.0
80.0424387790939,0.029693148482024787,1.96337890625,15.0
80.0424387790939,13.948620224196498,2.92138671875,15.0
4.004414843120635,0.029693148482024787,2.92138671875,15.0
14.23378208101637,0.013948620224196498,3.08837890625,0.563819095477395
0.712096846477567,0.013948620224196498,3.08837890625,0.408040201005029
14.23378208101637,0.2969314848202479,3.08837890625,15.0
14.23378208101637,0.013948620224196498,4.04638671875,0.4944723618090514
0.712096846477567,0.2969314848202479,4.04638671875,15.0
0.45011171094503055,1.3948620224196497,0.83837890625,15.0
22.51847949492362,1.3948620224196497,0.83837890625,15.0
0.45011171094503055,29.693148482024785,0.83837890625,15.0
0.45011171094503055,1.3948620224196497,1.79638671875,15.0
22.51847949492362,29.693148482024785,1.79638671875,15.0
0.2922942772450439,0.7843885581451563,2.80712890625,15.0
6.166504638267826,0.7843885581451563,2.80712890625,15.0
0.2922942772450439,0.5280271456481317,2.80712890625,15.0
0.2922942772450439,0.7843885581451563,2.64013671875,15.0
6.166504638267826,0.5280271456481317,2.64013671875,15.0
9.24315663127065,78.43885581451563,0.55712890625,15.0
0.1950019985891904,78.43885581451563,0.55712890625,15.0
9.24315663127065,52.80271456481317,0.55712890625,15.0
9.24315663127065,78.43885581451563,4.89013671875,15.0
0.1950019985891904,52.80271456481317,4.89013671875,15.0
51.97808948970701,0.07843885581451562,3.93212890625,15.0
34.67680390075964,0.07843885581451562,3.93212890625,15.0
51.97808948970701,5.280271456481318,3.93212890625,15.0
51.97808948970701,0.07843885581451562,3.76513671875,15.0
34.67680390075964,5.280271456481318,3.76513671875,15.0
1.643691512115333,7.843885581451563,1.68212890625,15.0
1.096576823014119,7.843885581451563,1.68212890625,15.0
1.643691512115333,0.052802714564813176,1.68212890625,15.0
1.643691512115333,7.843885581451563,1.51513671875,15.0
1.096576823014119,0.052802714564813176,1.51513671875,15.0
0.693138963374275,0.024804544143141136,1.11962890625,15.0
2.6003934443336765,0.024804544143141136,1.11962890625,15.0
0.693138963374275,0.01669768446645562,1.11962890625,15.0
0.693138963374275,0.024804544143141136,2.07763671875,0.4613065326633219
2.6003934443336765,0.01669768446645562,2.07763671875,0.5145728643216148
21.918978592707386,2.4804544143141136,3.36962890625,15.0
82.23166096664691,2.4804544143141136,3.36962890625,15.0
21.918978592707386,1.669768446645562,3.36962890625,15.0
21.918978592707386,2.4804544143141136,4.32763671875,15.0
82.23166096664691,1.669768446645562,4.32763671875,15.0
3.8978068320495467,0.24804544143141136,2.24462890625,15.0
0.4624226120058773,0.24804544143141136,2.24462890625,15.0
3.8978068320495467,16.69768446645562,2.24462890625,15.0
3.8978068320495467,0.24804544143141136,3.20263671875,15.0
0.4624226120058773,16.69768446645562,3.20263671875,15.0
0.12325947468641964,24.804544143141136,4.49462890625,15.0
14.62308695502896,24.804544143141136,4.49462890625,15.0
0.12325947468641964,0.1669768446645562,4.49462890625,15.0
0.12325947468641964,24.804544143141136,0.95263671875,15.0
14.62308695502896,0.1669768446645562,0.95263671875,15.0
0.11678385645682465,0.6320933917507671,2.42041015625,15.0
0.2058147815814909,0.6320933917507671,2.42041015625,15.0
0.11678385645682465,0.06552488237367148,2.42041015625,15.0
0.11678385645682465,0.6320933917507671,1.90185546875,15.0
0.2058147815814909,0.06552488237367148,1.90185546875,15.0
3.6930298034172733,63.2093391750767,4.67041015625,15.0
6.508434859275831,63.2093391750767,4.67041015625,15.0
3.6930298034172733,6.552488237367147,4.67041015625,15.0
3.6930298034172733,63.2093391750767,4.15185546875,15.0
6.508434859275831,6.552488237367147,4.15185546875,15.0
20.767432736211237,0.0632093391750767,1.29541015625,15.0
1.1573815701829784,0.0632093391750767,1.29541015625,15.0
20.767432736211237,65.52488237367147,1.29541015625,15.0
20.767432736211237,0.0632093391750767,3.02685546875,15.0
1.1573815701829784,65.52488237367147,3.02685546875,15.0
0.6567238860077028,6.32093391750767,3.54541015625,15.0
36.59961883680234,6.32093391750767,3.54541015625,15.0
0.6567238860077028,0.6552488237367147,3.54541015625,15.0
0.6567238860077028,6.32093391750767,0.77685546875,15.0
36.59961883680234,0.6552488237367147,0.77685546875,15.0
1.5573377551586087,0.019988548118735103,4.10791015625,0.41909547738693886
86.79137374683208,0.019988548118735103,4.10791015625,15.0
1.5573377551586087,0.2072078717154221,4.10791015625,15.0
1.5573377551586087,0.019988548118735103,2.46435546875,0.45929648241206555
86.79137374683208,0.2072078717154221,2.46435546875,15.0
49.247343924748414,1.9988548118735103,1.85791015625,15.0
2.7445842229493147,1.9988548118735103,1.85791015625,15.0
49.247343924748414,20.72078717154221,1.85791015625,15.0
49.247343924748414,1.9988548118735103,4.71435546875,15.0
2.7445842229493147,20.72078717154221,4.71435546875,15.0
8.757553770048554,0.19988548118735103,2.98291015625,15.0
15.433931290298421,0.19988548118735103,2.98291015625,15.0
8.757553770048554,2.0720787171542208,2.98291015625,15.0
8.757553770048554,0.19988548118735103,3.58935546875,15.0
15.433931290298421,2.0720787171542208,3.58935546875,15.0
0.2769381664474791,19.988548118735103,0.73291015625,15.0
0.48806376127884427,19.988548118735103,0.73291015625,15.0
0.2769381664474791,0.02072078717154221,0.73291015625,15.0
0.2769381664474791,19.988548118735103,1.33935546875,15.0
0.48806376127884427,0.02072078717154221,1.33935546875,15.0
0.42646442859075184,0.03554522355611888,3.26416015625,0.41909547738693886
1.782282580697154,0.03554522355611888,3.26416015625,0.47839195979900073
0.42646442859075184,3.684734918695216,3.26416015625,15.0
0.42646442859075184,0.03554522355611888,1.05810546875,15.0
1.782282580697154,3.684734918695216,1.05810546875,15.0
13.485989353890076,3.554522355611888,1.01416015625,15.0
56.36072389045857,3.554522355611888,1.01416015625,15.0
13.485989353890076,0.03684734918695216,1.01416015625,15.0
13.485989353890076,3.554522355611888,3.30810546875,15.0
56.36072389045857,0.03684734918695216,3.30810546875,15.0
75.83729124769485,0.3554522355611888,4.38916015625,15.0
0.3169396416124784,0.3554522355611888,4.38916015625,15.0
75.83729124769485,0.3684734918695216,4.38916015625,15.0
75.83729124769485,0.3554522355611888,4.43310546875,15.0
0.3169396416124784,0.3684734918695216,4.43310546875,15.0
2.398185719202684,35.54522355611888,2.13916015625,15.0
10.02251148292913,35.54522355611888,2.13916015625,15.0
2.398185719202684,36.84734918695216,2.13916015625,15.0
2.398185719202684,35.54522355611888,2.18310546875,15.0
10.02251148292913,36.84734918695216,2.18310546875,15.0
1.0113065323601316,0.11240386637720558,1.57666015625,15.0
4.226458047924028,0.11240386637720558,1.57666015625,15.0
1.0113065323601316,11.652154917032231,1.57666015625,15.0
1.0113065323601316,0.11240386637720558,1.62060546875,15.0
4.226458047924028,11.652154917032231,1.62060546875,15.0
31.980320548647942,11.240386637720556,3.82666015625,15.0
0.13365233866589013,11.240386637720556,3.82666015625,15.0
31.980320548647942,0.11652154917032231,3.82666015625,15.0
31.980320548647942,11.240386637720556,3.87060546875,15.0
0.13365233866589013,0.11652154917032231,3.87060546875,15.0
5.68699455581053,0.011240386637720557,2.70166015625,0.47738693467337256
23.76712019531014,0.011240386637720557,2.70166015625,15.0
5.68699455581053,0.011652154917032231,2.70166015625,0.4793969849246289
5.68699455581053,0.011240386637720557,4.99560546875,0.4241206030150797
23.76712019531014,0.011652154917032231,4.99560546875,0.4854271356783979
0.17983855837338836,1.1240386637720556,4.95166015625,15.0
0.7515823324016598,1.1240386637720556,4.95166015625,15.0
0.17983855837338836,1.1652154917032231,4.95166015625,15.0
0.17983855837338836,1.1240386637720556,2.74560546875,15.0
0.7515823324016598,1.1652154917032231,2.74560546875,15.0
0.22316845792468995,0.014989296487202607,0.87353515625,15.0
12.43731295673447,0.014989296487202607,0.87353515625,15.0
0.22316845792468995,0.8737883498527172,0.87353515625,15.0
0.22316845792468995,0.014989296487202607,3.72998046875,0.3869346733668375
12.43731295673447,0.8737883498527172,3.72998046875,15.0
7.057206289494739,1.4989296487202608,3.12353515625,15.0
0.39330236915604144,1.4989296487202608,3.12353515625,15.0
7.057206289494739,87.37883498527172,3.12353515625,15.0
7.057206289494739,1.4989296487202608,1.47998046875,15.0
0.39330236915604144,87.37883498527172,1.47998046875,15.0
39.68558736976138,0.14989296487202608,1.99853515625,15.0
69.9401504989716,0.14989296487202608,1.99853515625,15.0
39.68558736976138,8.737883498527172,1.99853515625,15.0
39.68558736976138,0.14989296487202608,2.60498046875,15.0
69.9401504989716,8.737883498527172,2.60498046875,15.0
1.254968463700568,14.989296487202608,4.24853515625,15.0
2.2117017547171223,14.989296487202608,4.24853515625,15.0
1.254968463700568,0.08737883498527173,4.24853515625,15.0
1.254968463700568,14.989296487202608,4.85498046875,15.0
2.2117017547171223,0.08737883498527173,4.85498046875,15.0
2.9759992162541304,0.4740031742312117,3.68603515625,15.0
0.9326668965910704,0.4740031742312117,3.68603515625,15.0
2.9759992162541304,0.0276316137845464,3.68603515625,0.4633165829145782
2.9759992162541304,0.4740031742312117,3.16748046875,15.0
0.9326668965910704,0.0276316137845464,3.16748046875,0.43216080402010504
94.10935838239043,47.40031742312117,1.43603515625,15.0
29.493516914685138,47.40031742312117,1.43603515625,15.0
94.10935838239043,2.76316137845464,1.43603515625,15.0
94.10935838239043,47.40031742312117,0.91748046875,15.0
29.493516914685138,2.76316137845464,0.91748046875,15.0
16.73527343033788,0.04740031742312117,4.81103515625,15.0
0.16585423386328016,0.04740031742312117,4.81103515625,0.39195979899497835
16.73527343033788,27.6316137845464,4.81103515625,15.0
16.73527343033788,0.04740031742312117,2.04248046875,15.0
0.16585423386328016,27.6316137845464,2.04248046875,15.0
0.5292158130556692,4.740031742312117,2.56103515625,15.0
5.244771385901927,4.740031742312117,2.56103515625,15.0
0.5292158130556692,0.276316137845464,2.56103515625,15.0
0.5292158130556692,4.740031742312117,4.29248046875,15.0
5.244771385901927,0.276316137845464,4.29248046875,15.0
0.3436630281380217,0.2665515731416115,4.52978515625,15.0
19.152548134978822,0.2665515731416115,4.52978515625,15.0
0.3436630281380217,49.13672985920654,4.52978515625,15.0
0.3436630281380217,0.2665515731416115,4.57373046875,15.0
19.152548134978822,49.13672985920654,4.57373046875,15.0
10.867579165066832,26.65515731416115,2.27978515625,15.0
0.6056567510254308,26.65515731416115,2.27978515625,15.0
10.867579165066832,0.49136729859206535,2.27978515625,15.0
10.867579165066832,26.65515731416115,2.32373046875,15.0
0.6056567510254308,0.49136729859206535,2.32373046875,15.0
61.112888692947095,0.02665515731416115,3.40478515625,15.0
3.4058581998212207,0.02665515731416115,3.40478515625,0.48040201005025707
61.112888692947095,0.049136729859206536,3.40478515625,15.0
61.112888692947095,0.02665515731416115,1.19873046875,15.0
3.4058581998212207,0.049136729859206536,1.19873046875,15.0
1.9325592266206335,2.6655157314161153,1.15478515625,15.0
0.1077026929899594,2.6655157314161153,1.15478515625,15.0
1.9325592266206335,4.913672985920654,1.15478515625,15.0
1.9325592266206335,2.6655157314161153,3.44873046875,15.0
0.1077026929899594,4.913672985920654,3.44873046875,15.0
0.8149534685345662,0.08429100850284559,1.71728515625,15.0
0.25540333418533956,0.08429100850284559,1.71728515625,15.0
0.8149534685345662,1.553839831274974,1.71728515625,15.0
0.8149534685345662,0.08429100850284559,4.01123046875,15.0
0.25540333418533956,1.553839831274974,4.01123046875,15.0
25.77109147623593,8.42910085028456,3.96728515625,15.0
8.076562580268183,8.42910085028456,3.96728515625,15.0
25.77109147623593,0.01553839831274974,3.96728515625,0.5869346733668428
25.77109147623593,8.42910085028456,1.76123046875,15.0
8.076562580268183,0.01553839831274974,1.76123046875,15.0
4.582820134641994,0.8429100850284559,0.59228515625,15.0
1.4362384940381745,0.8429100850284559,0.59228515625,15.0
4.582820134641994,0.15538398312749738,0.59228515625,15.0
4.582820134641994,0.8429100850284559,0.63623046875,15.0
1.4362384940381745,0.15538398312749738,0.63623046875,15.0
0.14492149732348222,84.29100850284559,2.84228515625,15.0
45.41784904370795,84.29100850284559,2.84228515625,15.0
0.14492149732348222,15.538398312749738,2.84228515625,15.0
0.14492149732348222,84.29100850284559,2.88623046875,15.0
45.41784904370795,15.538398312749738,2.88623046875,15.0
0.13009416336228788,0.0729930061435042,4.31884765625,0.40201005025126
5.84253822554346,0.0729930061435042,4.31884765625,15.0
0.13009416336228788,0.01794346244249247,4.31884765625,0.37989949748744034
0.13009416336228788,0.0729930061435042,3.37841796875,0.42311557788945153
5.84253822554346,0.01794346244249247,3.37841796875,0.4824120603015134
4.113938665188586,7.299300614350419,2.06884765625,15.0
0.18475728109315886,7.299300614350419,2.06884765625,15.0
4.113938665188586,1.7943462442492473,2.06884765625,15.0
4.113938665188586,7.299300614350419,1.12841796875,15.0
0.18475728109315886,1.7943462442492473,1.12841796875,15.0
23.134377207339654,0.7299300614350419,3.19384765625,15.0
32.8550068822738,0.7299300614350419,3.19384765625,15.0
23.134377207339654,17.94346244249247,3.19384765625,15.0
23.134377207339654,0.7299300614350419,2.25341796875,15.0
32.8550068822738,17.94346244249247,2.25341796875,15.0
0.7315732422467872,72.99300614350419,0.94384765625,15.0
1.0389665428849277,72.99300614350419,0.94384765625,15.0
0.7315732422467872,0.17943462442492472,0.94384765625,15.0
0.7315732422467872,72.99300614350419,4.50341796875,15.0
1.0389665428849277,0.17943462442492472,4.50341796875,15.0
1.7348335504296757,0.23082415267613657,2.63134765625,15.0
2.46377794085951,0.23082415267613657,2.63134765625,15.0
1.7348335504296757,0.5674221042796429,2.63134765625,15.0
1.7348335504296757,0.23082415267613657,2.81591796875,15.0
2.46377794085951,0.5674221042796429,2.81591796875,15.0
54.86025380634357,23.08241526761366,4.88134765625,15.0
77.9114994199568,23.08241526761366,4.88134765625,15.0
54.86025380634357,56.74221042796429,4.88134765625,15.0
54.86025380634357,23.08241526761366,0.56591796875,15.0
77.9114994199568,56.74221042796429,0.56591796875,15.0
9.755685977333021,0.02308241526761366,1.50634765625,15.0
0.4381285583138562,0.02308241526761366,1.50634765625,15.0
9.755685977333021,5.674221042796429,1.50634765625,15.0
9.755685977333021,0.02308241526761366,1.69091796875,15.0
0.4381285583138562,5.674221042796429,1.69091796875,15.0
0.30850187825738135,2.308241526761366,3.75634765625,15.0
13.854841522376866,2.308241526761366,3.75634765625,15.0
0.30850187825738135,0.05674221042796428,3.75634765625,0.42010050251256703
0.30850187825738135,2.308241526761366,3.94091796875,15.0
13.854841522376866,0.05674221042796428,3.94091796875,15.0
0.4750702256677176,0.4104698380436544,1.22509765625,15.0
50.59429661188059,0.4104698380436544,1.22509765625,15.0
0.4750702256677176,1.0090350448414473,1.22509765625,15.0
0.4750702256677176,0.4104698380436544,4.78466796875,15.0
50.59429661188059,1.0090350448414473,4.78466796875,15.0
15.02303961640174,41.04698380436544,3.47509765625,15.0
1.599932139076827,41.04698380436544,3.47509765625,15.0
15.02303961640174,0.010090350448414474,3.47509765625,0.49648241206030774
15.02303961640174,41.04698380436544,2.53466796875,15.0
1.599932139076827,0.010090350448414474,2.53466796875,0.4271356783919642
84.48076006274468,0.04104698380436544,2.35009765625,15.0
8.997079593030929,0.04104698380436544,2.35009765625,15.0
84.48076006274468,0.10090350448414474,2.35009765625,15.0
84.48076006274468,0.04104698380436544,1.40966796875,15.0
8.997079593030929,0.10090350448414474,1.40966796875,15.0
2.671516202604625,4.1046983804365444,4.60009765625,15.0
0.2845126380379852,4.1046983804365444,4.60009765625,15.0
2.671516202604625,10.090350448414474,4.60009765625,15.0
2.671516202604625,4.1046983804365444,3.65966796875,15.0
0.2845126380379852,10.090350448414474,3.65966796875,15.0
1.1265690414911742,0.01298019599018381,2.91259765625,0.4180904522613107
0.1199779846418602,0.01298019599018381,2.91259765625,0.383919597989953
1.1265690414911742,31.90848980629108,2.91259765625,15.0
1.1265690414911742,0.01298019599018381,4.22216796875,0.40201005025126
0.1199779846418602,31.90848980629108,4.22216796875,15.0
35.62524112544845,1.2980195990183812,0.66259765625,15.0
3.7940370054497943,1.2980195990183812,0.66259765625,15.0
35.62524112544845,0.3190848980629108,0.66259765625,15.0
35.62524112544845,1.2980195990183812,1.97216796875,15.0
3.7940370054497943,0.3190848980629108,1.97216796875,15.0
6.335163277105683,0.1298019599018381,4.03759765625,15.0
0.6746857887717101,0.1298019599018381,4.03759765625,15.0
6.335163277105683,0.03190848980629108,4.03759765625,0.5216080402010119
6.335163277105683,0.1298019599018381,0.84716796875,15.0
0.6746857887717101,0.03190848980629108,0.84716796875,15.0
0.200335453047104,12.98019599018381,1.78759765625,15.0
21.33543797465861,12.98019599018381,1.78759765625,15.0
0.200335453047104,3.190848980629108,1.78759765625,15.0
0.200335453047104,12.98019599018381,3.09716796875,15.0
21.33543797465861,3.190848980629108,3.09716796875,15.0
0.16143875976966593,0.1730936954659055,3.33447265625,15.0
0.5436902720753759,0.1730936954659055,3.33447265625,15.0
0.16143875976966593,0.23927991734281376,3.33447265625,15.0
0.16143875976966593,0.1730936954659055,2.11279296875,15.0
0.5436902720753759,0.23927991734281376,2.11279296875,15.0
5.105141835049042,17.309369546590553,1.08447265625,15.0
17.192996014348292,17.309369546590553,1.08447265625,15.0
5.105141835049042,23.927991734281377,1.08447265625,15.0
5.105141835049042,17.309369546590553,4.36279296875,15.0
17.192996014348292,23.927991734281377,4.36279296875,15.0
28.70832224806169,0.017309369546590552,4.45947265625,0.581909547738702
3.0573950809196835,0.017309369546590552,4.45947265625,0.4271356783919642
28.70832224806169,2.3927991734281377,4.45947265625,15.0
28.70832224806169,0.017309369546590552,3.23779296875,15.0
3.0573950809196835,2.3927991734281377,3.23779296875,15.0
0.9078368610596035,1.7309369546590552,2.20947265625,15.0
96.68332162701009,1.7309369546590552,2.20947265625,15.0
0.9078368610596035,0.023927991734281378,2.20947265625,0.46231155778895006
0.9078368610596035,1.7309369546590552,0.98779296875,15.0
96.68332162701009,0.023927991734281378,0.98779296875,15.0
2.152820461347157,0.05473703262878217,0.52197265625,15.0
40.771018669971184,0.05473703262878217,0.52197265625,15.0
2.152820461347157,0.07566695371401164,0.52197265625,15.0
2.152820461347157,0.05473703262878217,2.67529296875,15.0
40.771018669971184,0.07566695371401164,2.67529296875,15.0
68.07816051271499,5.4737032628782165,2.77197265625,15.0
1.2892928152235779,5.4737032628782165,2.77197265625,15.0
68.07816051271499,7.566695371401163,2.77197265625,15.0
68.07816051271499,5.4737032628782165,4.92529296875,15.0
1.2892928152235779,7.566695371401163,4.92529296875,15.0
12.106199111308591,0.5473703262878217,1.64697265625,15.0
7.250226302712226,0.5473703262878217,1.64697265625,15.0
12.106199111308591,75.66695371401164,1.64697265625,15.0
12.106199111308591,0.5473703262878217,3.80029296875,15.0
7.250226302712226,75.66695371401164,3.80029296875,15.0
0.38283162999241444,54.73703262878217,3.89697265625,15.0
0.22927228668232058,54.73703262878217,3.89697265625,15.0
0.38283162999241444,0.7566695371401163,3.89697265625,15.0
0.38283162999241444,54.73703262878217,1.55029296875,15.0
0.22927228668232058,0.7566695371401163,1.55029296875,15.0
0.2486038285034545,0.03078089546545674,1.92822265625,0.44422110552764305
0.8372430719293736,0.03078089546545674,1.92822265625,15.0
0.2486038285034545,13.455698580999508,1.92822265625,15.0
0.2486038285034545,0.03078089546545674,0.70654296875,15.0
0.8372430719293736,13.455698580999508,0.70654296875,15.0
7.861543331088051,3.0780895465456743,4.17822265625,15.0
26.475950624930057,3.0780895465456743,4.17822265625,15.0
7.861543331088051,0.1345569858099951,4.17822265625,15.0
7.861543331088051,3.0780895465456743,2.95654296875,15.0
26.475950624930057,0.1345569858099951,2.95654296875,15.0
44.208706948454065,0.3078089546545674,0.80322265625,15.0
0.1488852116009742,0.3078089546545674,0.80322265625,15.0
44.208706948454065,0.01345569858099951,0.80322265625,15.0
44.208706948454065,0.3078089546545674,4.08154296875,15.0
0.1488852116009742,0.01345569858099951,4.08154296875,0.37989949748744034
1.3980020636802688,30.78089546545674,3.05322265625,15.0
4.708163785752028,30.78089546545674,3.05322265625,15.0
1.3980020636802688,1.3455698580999509,3.05322265625,15.0
1.3980020636802688,30.78089546545674,1.83154296875,15.0
4.708163785752028,1.3455698580999509,1.83154296875,15.0
0.5895325820399115,0.9733773809039202,4.74072265625,15.0
11.164815803480792,0.9733773809039202,4.74072265625,15.0
0.5895325820399115,4.255065502465411,4.74072265625,15.0
0.5895325820399115,0.9733773809039202,1.26904296875,15.0
11.164815803480792,4.255065502465411,1.26904296875,15.0
18.642657141261946,97.33773809039202,2.49072265625,15.0
0.35306247595242185,97.33773809039202,2.49072265625,15.0
18.642657141261946,0.042550655024654105,2.49072265625,15.0
18.642657141261946,97.33773809039202,3.51904296875,15.0
0.35306247595242185,0.042550655024654105,3.51904296875,0.41608040201005436
3.3151853342721207,0.09733773809039202,3.61572265625,15.0
62.78437314435541,0.09733773809039202,3.61572265625,15.0
3.3151853342721207,0.4255065502465411,3.61572265625,15.0
3.3151853342721207,0.09733773809039202,4.64404296875,15.0
62.78437314435541,0.4255065502465411,4.64404296875,15.0
0.10483536521886568,9.733773809039203,1.36572265625,15.0
1.9854162060207066,9.733773809039203,1.36572265625,15.0
0.10483536521886568,42.550655024654105,1.36572265625,15.0
0.10483536521886568,9.733773809039203,2.39404296875,15.0
1.9854162060207066,42.550655024654105,2.39404296875,15.0
0.10343045555032249,0.09910458562488608,2.07763671875,15.0
13.669171345425756,0.09910458562488608,2.07763671875,15.0
0.10343045555032249,6.208243607191253,2.07763671875,15.0
0.10343045555032249,0.09910458562488608,2.94775390625,15.0
13.669171345425756,6.208243607191253,2.94775390625,15.0
3.2707581896782334,9.910458562488609,4.32763671875,15.0
0.4322571517865362,9.910458562488609,4.32763671875,15.0
3.2707581896782334,0.06208243607191253,4.32763671875,15.0
3.2707581896782334,9.910458562488609,0.69775390625,15.0
0.4322571517865362,0.06208243607191253,0.69775390625,15.0
18.39282494760845,0.9910458562488609,0.95263671875,15.0
76.86739928640667,0.9910458562488609,0.95263671875,15.0
18.39282494760845,0.6208243607191253,0.95263671875,15.0
18.39282494760845,0.9910458562488609,1.82275390625,15.0
76.86739928640667,0.6208243607191253,1.82275390625,15.0
0.5816321943920985,99.10458562488608,3.20263671875,15.0
2.430760595586466,99.10458562488608,3.20263671875,15.0
0.5816321943920985,62.08243607191253,3.20263671875,15.0
0.5816321943920985,99.10458562488608,4.07275390625,15.0
2.430760595586466,62.08243607191253,4.07275390625,15.0
1.3792672921477107,0.3133962171418216,4.89013671875,15.0
1.0250432438307908,0.3133962171418216,4.89013671875,15.0
1.3792672921477107,19.632190067904055,4.89013671875,15.0
1.3792672921477107,0.3133962171418216,3.51025390625,15.0
1.0250432438307908,19.632190067904055,3.51025390625,15.0
43.61626145359639,31.339621714182158,2.64013671875,15.0
32.41471350672639,31.339621714182158,2.64013671875,15.0
43.61626145359639,0.19632190067904057,2.64013671875,15.0
43.61626145359639,31.339621714182158,1.26025390625,15.0
32.41471350672639,0.19632190067904057,1.26025390625,15.0
7.75618996858048,0.031339621714182156,3.76513671875,15.0
0.18228132949038026,0.031339621714182156,3.76513671875,0.3939698492462347
7.75618996858048,0.019632190067904055,3.76513671875,0.4914572864321669
7.75618996858048,0.031339621714182156,2.38525390625,15.0
0.18228132949038026,0.019632190067904055,2.38525390625,0.40100502512563185
0.24527226265664134,3.133962171418216,1.51513671875,15.0
5.764241761132211,3.133962171418216,1.51513671875,15.0
0.24527226265664134,1.9632190067904056,1.51513671875,15.0
0.24527226265664134,3.133962171418216,4.63525390625,15.0
5.764241761132211,1.9632190067904056,4.63525390625,15.0
0.377701263371593,0.5573060401273886,3.48388671875,15.0
21.049519544073437,0.5573060401273886,3.48388671875,15.0
0.377701263371593,0.034911519371724424,3.48388671875,0.4120603015075417
0.377701263371593,0.5573060401273886,4.35400390625,15.0
21.049519544073437,0.034911519371724424,4.35400390625,15.0
11.943962673773619,55.73060401273886,1.23388671875,15.0
0.6656442541150113,55.73060401273886,1.23388671875,15.0
11.943962673773619,3.491151937172442,1.23388671875,15.0
11.943962673773619,55.73060401273886,2.10400390625,15.0
0.6656442541150113,3.491151937172442,2.10400390625,15.0
67.16583797993921,0.05573060401273886,4.60888671875,15.0
3.7431927196437687,0.05573060401273886,4.60888671875,15.0
67.16583797993921,34.911519371724424,4.60888671875,15.0
67.16583797993921,0.05573060401273886,0.97900390625,15.0
3.7431927196437687,34.911519371724424,0.97900390625,15.0
2.1239702897045065,5.573060401273886,2.35888671875,15.0
0.1183701471503441,5.573060401273886,2.35888671875,15.0
2.1239702897045065,0.34911519371724425,2.35888671875,15.0
2.1239702897045065,5.573060401273886,3.22900390625,15.0
0.1183701471503441,0.34911519371724425,3.22900390625,15.0
0.8956708445545832,0.017623564405717433,0.67138671875,15.0
0.2806998544876269,0.017623564405717433,0.67138671875,15.0
0.8956708445545832,0.11039991779173976,0.67138671875,15.0
0.8956708445545832,0.017623564405717433,4.91650390625,0.3989949748743755
0.2806998544876269,0.11039991779173976,4.91650390625,15.0
28.323599025991037,1.7623564405717433,2.92138671875,15.0
8.876508790587373,1.7623564405717433,2.92138671875,15.0
28.323599025991037,11.039991779173976,2.92138671875,15.0
28.323599025991037,1.7623564405717433,2.66650390625,15.0
8.876508790587373,11.039991779173976,2.66650390625,15.0
5.0367272966118355,0.17623564405717435,1.79638671875,15.0
1.5784912815331027,0.17623564405717435,1.79638671875,15.0
5.0367272966118355,1.1039991779173977,1.79638671875,15.0
5.0367272966118355,0.17623564405717435,1.54150390625,15.0
1.5784912815331027,1.1039991779173977,1.54150390625,15.0
0.1592753021043588,17.623564405717435,4.04638671875,15.0
49.916277163626866,17.623564405717435,4.04638671875,15.0
0.1592753021043588,0.011039991779173976,4.04638671875,0.3788944723618122
0.1592753021043588,17.623564405717435,3.79150390625,15.0
49.916277163626866,0.011039991779173976,3.79150390625,0.6633165829145835
0.19765073673643666,0.13215808895645087,1.09326171875,15.0
0.22619978484463887,0.13215808895645087,1.09326171875,15.0
0.19765073673643666,82.78825906280481,1.09326171875,15.0
0.19765073673643666,0.13215808895645087,2.52587890625,15.0
0.22619978484463887,82.78825906280481,2.52587890625,15.0
6.250265092974553,13.215808895645086,3.34326171875,15.0
7.153065263490954,13.215808895645086,3.34326171875,15.0
6.250265092974553,0.827882590628048,3.34326171875,15.0
6.250265092974553,13.215808895645086,4.77587890625,15.0
7.153065263490954,0.827882590628048,4.77587890625,15.0
35.1478235517429,0.013215808895645087,2.21826171875,15.0
1.2720148676730605,0.013215808895645087,2.21826171875,0.43819095477387404
35.1478235517429,0.0827882590628048,2.21826171875,15.0
35.1478235517429,0.013215808895645087,3.65087890625,0.6492462311557892
1.2720148676730605,0.0827882590628048,3.65087890625,15.0
1.111471772212166,1.3215808895645087,4.46826171875,15.0
40.22464199444557,1.3215808895645087,4.46826171875,15.0
1.111471772212166,8.278825906280481,4.46826171875,15.0
1.111471772212166,1.3215808895645087,1.40087890625,15.0
40.22464199444557,8.278825906280481,1.40087890625,15.0
2.6357149352090916,0.041792057231753,2.78076171875,15.0
95.38765834528182,0.041792057231753,2.78076171875,15.0
2.6357149352090916,2.6179946215854,2.78076171875,15.0
2.6357149352090916,0.041792057231753,1.96337890625,15.0
95.38765834528182,2.6179946215854,1.96337890625,15.0
83.34862458183858,4.1792057231753,0.53076171875,15.0
3.0164226104105856,4.1792057231753,0.53076171875,15.0
83.34862458183858,0.026179946215854,0.53076171875,15.0
83.34862458183858,4.1792057231753,4.21337890625,15.0
3.0164226104105856,0.026179946215854,4.21337890625,0.4452261306532712
14.821714294894756,0.41792057231753,3.90576171875,15.0
16.962590880724207,0.41792057231753,3.90576171875,15.0
14.821714294894756,0.26179946215854,3.90576171875,15.0
14.821714294894756,0.41792057231753,3.08837890625,15.0
16.962590880724207,0.26179946215854,3.08837890625,15.0
0.4687037600014401,41.792057231753,1.65576171875,15.0
0.5364042220069004,41.792057231753,1.65576171875,15.0
0.4687037600014401,26.179946215854002,1.65576171875,15.0
0.4687037600014401,41.792057231753,0.83837890625,15.0
0.5364042220069004,26.179946215854002,0.83837890625,15.0
0.30436761239564014,0.023501400846134893,4.18701171875,0.3929648241206065
1.9588094362718005,0.023501400846134893,4.18701171875,0.42814070351759237
0.30436761239564014,0.46555259311579583,4.18701171875,15.0
0.30436761239564014,0.023501400846134893,1.11962890625,15.0
1.9588094362718005,0.46555259311579583,1.11962890625,15.0
9.624949011575211,2.350140084613489,1.93701171875,15.0
61.94299320849332,2.350140084613489,1.93701171875,15.0
9.624949011575211,46.55525931157958,1.93701171875,15.0
9.624949011575211,2.350140084613489,3.36962890625,15.0
61.94299320849332,46.55525931157958,3.36962890625,15.0
54.125065820587444,0.23501400846134893,3.06201171875,15.0
0.34833104887120925,0.23501400846134893,3.06201171875,15.0
54.125065820587444,4.655525931157959,3.06201171875,15.0
54.125065820587444,0.23501400846134893,4.49462890625,15.0
0.34833104887120925,4.655525931157959,4.49462890625,15.0
1.7115848649958678,23.501400846134892,0.81201171875,15.0
11.015194941884449,23.501400846134892,0.81201171875,15.0
1.7115848649958678,0.04655525931157958,0.81201171875,15.0
1.7115848649958678,23.501400846134892,2.24462890625,15.0
11.015194941884449,0.04655525931157958,2.24462890625,15.0
0.7217693528900395,0.7431795487839462,2.49951171875,15.0
4.645069191576877,0.7431795487839462,2.49951171875,15.0
0.7217693528900395,0.014722065648435404,2.49951171875,0.41909547738693886
0.7217693528900395,0.7431795487839462,0.55712890625,15.0
4.645069191576877,0.014722065648435404,0.55712890625,15.0
22.824351004383594,74.31795487839462,4.74951171875,15.0
0.14688998534459954,74.31795487839462,4.74951171875,15.0
22.824351004383594,1.4722065648435403,4.74951171875,15.0
22.824351004383594,74.31795487839462,2.80712890625,15.0
0.14688998534459954,1.4722065648435403,2.80712890625,15.0
4.058807343859655,0.07431795487839463,1.37451171875,15.0
26.12114364792205,0.07431795487839463,1.37451171875,15.0
4.058807343859655,14.722065648435404,1.37451171875,15.0
4.058807343859655,0.07431795487839463,3.93212890625,15.0
26.12114364792205,14.722065648435404,3.93212890625,15.0
0.12835075790414746,7.431795487839462,3.62451171875,15.0
0.8260230901587307,7.431795487839462,3.62451171875,15.0
0.12835075790414746,0.14722065648435403,3.62451171875,15.0
0.12835075790414746,7.431795487839462,1.68212890625,15.0
0.8260230901587307,0.14722065648435403,1.68212890625,15.0
0.14297938921574152,0.8582103543253414,4.67919921875,15.0
0.4815231678860069,0.8582103543253414,4.67919921875,15.0
0.14297938921574152,2.2670899410414913,4.67919921875,15.0
0.14297938921574152,0.8582103543253414,2.31494140625,15.0
0.4815231678860069,2.2670899410414913,2.31494140625,15.0
4.521405283814591,85.82103543253415,2.42919921875,15.0
15.227099566594276,85.82103543253415,2.42919921875,15.0
4.521405283814591,0.022670899410414915,2.42919921875,15.0
4.521405283814591,85.82103543253415,4.56494140625,15.0
15.227099566594276,0.022670899410414915,4.56494140625,0.5286432160804091
25.425730390229436,0.08582103543253414,3.55419921875,15.0
2.707803763388721,0.08582103543253414,3.55419921875,15.0
25.425730390229436,0.22670899410414913,3.55419921875,15.0
25.425730390229436,0.08582103543253414,3.43994140625,15.0
2.707803763388721,0.22670899410414913,3.43994140625,15.0
0.804032192064868,8.582103543253414,1.30419921875,15.0
85.62827349084016,8.582103543253414,1.30419921875,15.0
0.804032192064868,22.670899410414915,1.30419921875,15.0
0.804032192064868,8.582103543253414,1.18994140625,15.0
85.62827349084016,22.670899410414915,1.18994140625,15.0
1.9066607987681297,0.027138994312082165,1.86669921875,15.0
36.109143525713655,0.027138994312082165,1.86669921875,15.0
1.9066607987681297,71.69167874147956,1.86669921875,15.0
1.9066607987681297,0.027138994312082165,1.75244140625,15.0
36.109143525713655,71.69167874147956,1.75244140625,15.0
60.29390849463254,2.7138994312082163,4.11669921875,15.0
1.1418713789917796,2.7138994312082163,4.11669921875,15.0
60.29390849463254,0.7169167874147957,4.11669921875,15.0
60.29390849463254,2.7138994312082163,4.00244140625,15.0
1.1418713789917796,0.7169167874147957,4.00244140625,15.0
10.721941602677596,0.27138994312082165,0.74169921875,15.0
6.421214644591687,0.27138994312082165,0.74169921875,15.0
10.721941602677596,0.07169167874147957,0.74169921875,15.0
10.721941602677596,0.27138994312082165,2.87744140625,15.0
6.421214644591687,0.07169167874147957,2.87744140625,15.0
0.3390575640377731,27.138994312082165,2.99169921875,15.0
0.2030566362173833,27.138994312082165,2.99169921875,15.0
0.3390575640377731,7.1691678741479565,2.99169921875,15.0
0.3390575640377731,27.138994312082165,0.62744140625,15.0
0.2030566362173833,7.1691678741479565,0.62744140625,15.0
0.5221237367228817,0.04826071479433915,1.02294921875,15.0
0.7415102991398601,0.04826071479433915,1.02294921875,15.0
0.5221237367228817,0.012748783617709826,1.02294921875,15.0
0.5221237367228817,0.04826071479433915,1.47119140625,15.0
0.7415102991398601,0.012748783617709826,1.47119140625,0.4552763819095529
16.511002284824052,4.8260714794339155,3.27294921875,15.0
23.44861453754752,4.8260714794339155,3.27294921875,15.0
16.511002284824052,1.2748783617709827,3.27294921875,15.0
16.511002284824052,4.8260714794339155,3.72119140625,15.0
23.44861453754752,1.2748783617709827,3.72119140625,15.0
92.84818905068839,0.4826071479433915,2.14794921875,15.0
0.13186124972922156,0.4826071479433915,2.14794921875,15.0
92.84818905068839,12.748783617709826,2.14794921875,15.0
92.84818905068839,0.4826071479433915,4.84619140625,15.0
0.13186124972922156,12.748783617709826,4.84619140625,15.0
2.936117540220822,48.26071479433915,4.39794921875,15.0
4.169818842606011,48.26071479433915,4.39794921875,15.0
2.936117540220822,0.12748783617709827,4.39794921875,15.0
2.936117540220822,48.26071479433915,2.59619140625,15.0
4.169818842606011,0.12748783617709827,2.59619140625,15.0
1.2381505003664504,0.1526137802578963,3.83544921875,15.0
9.888198760728411,0.1526137802578963,3.83544921875,15.0
1.2381505003664504,0.40315193628604395,3.83544921875,15.0
1.2381505003664504,0.1526137802578963,0.90869140625,15.0
9.888198760728411,0.40315193628604395,0.90869140625,15.0
39.153756672351264,15.26137802578963,1.58544921875,15.0
0.3126923004035611,15.26137802578963,1.58544921875,15.0
39.153756672351264,40.3151936286044,1.58544921875,15.0
39.153756672351264,15.26137802578963,3.15869140625,15.0
0.3126923004035611,40.3151936286044,3.15869140625,15.0
6.962631931611635,0.01526137802578963,4.96044921875,0.4402010050251304
55.60542794853583,0.01526137802578963,4.96044921875,0.6281407035175977
6.962631931611635,4.03151936286044,4.96044921875,15.0
6.962631931611635,0.01526137802578963,4.28369140625,0.45326633165829655
55.60542794853583,4.03151936286044,4.28369140625,15.0
0.22017775413310484,1.526137802578963,2.71044921875,15.0
1.7583980258575727,1.526137802578963,2.71044921875,15.0
0.22017775413310484,0.0403151936286044,2.71044921875,0.42010050251256703
0.22017775413310484,1.526137802578963,2.03369140625,15.0
1.7583980258575727,0.0403151936286044,2.03369140625,15.0
0.17742852308703086,0.01144441900797323,3.13232421875,0.3849246231155812
5.174485657283831,0.01144441900797323,3.13232421875,0.45628140703518105
0.17742852308703086,30.232130250207152,3.13232421875,15.0
0.17742852308703086,0.01144441900797323,3.29931640625,0.383919597989953
5.174485657283831,30.232130250207152,3.29931640625,15.0
5.6107825483478715,1.144441900797323,0.88232421875,15.0
0.1636316039689035,1.144441900797323,0.88232421875,15.0
5.6107825483478715,0.30232130250207156,0.88232421875,15.0
5.6107825483478715,1.144441900797323,1.04931640625,15.0
0.1636316039689035,0.30232130250207156,1.04931640625,15.0
31.551748935928263,0.1144441900797323,4.25732421875,15.0
29.098271216954437,0.1144441900797323,4.25732421875,15.0
31.551748935928263,0.030232130250207153,4.25732421875,15.0
31.551748935928263,0.1144441900797323,2.17431640625,15.0
29.098271216954437,0.030232130250207153,2.17431640625,15.0
0.9977539079932738,11.44441900797323,2.00732421875,15.0
0.9201681301889558,11.44441900797323,2.00732421875,15.0
0.9977539079932738,3.0232130250207154,2.00732421875,15.0
0.9977539079932738,11.44441900797323,4.42431640625,15.0
0.9201681301889558,3.0232130250207154,4.42431640625,15.0
2.366047382136408,0.3619043056252011,1.44482421875,15.0
2.1820625087179404,0.3619043056252011,1.44482421875,15.0
2.366047382136408,9.560239010953076,1.44482421875,15.0
2.366047382136408,0.3619043056252011,3.86181640625,15.0
2.1820625087179404,9.560239010953076,3.86181640625,15.0
74.82098779429839,36.19043056252011,3.69482421875,15.0
69.00287524409713,36.19043056252011,3.69482421875,15.0
74.82098779429839,0.09560239010953075,3.69482421875,15.0
74.82098779429839,36.19043056252011,1.61181640625,15.0
69.00287524409713,0.09560239010953075,1.61181640625,15.0
13.305262203337438,0.03619043056252011,2.56982421875,15.0
0.3880316830670991,0.03619043056252011,2.56982421875,0.4371859296482459
13.305262203337438,0.9560239010953075,2.56982421875,15.0
13.305262203337438,0.03619043056252011,2.73681640625,15.0
0.3880316830670991,0.9560239010953075,2.73681640625,15.0
0.4207493342829669,3.619043056252011,4.81982421875,15.0
12.270639228006242,3.619043056252011,4.81982421875,15.0
0.4207493342829669,95.60239010953076,4.81982421875,15.0
0.4207493342829669,3.619043056252011,4.98681640625,15.0
12.270639228006242,95.60239010953076,4.98681640625,15.0
0.2732268891812778,0.2035137468173687,2.28857421875,15.0
44.80919970946155,0.2035137468173687,2.28857421875,15.0
0.2732268891812778,0.1700077618822873,2.28857421875,15.0
0.2732268891812778,0.2035137468173687,4.14306640625,15.0
44.80919970946155,0.1700077618822873,4.14306640625,15.0
8.640192878152561,20.35137468173687,4.53857421875,15.0
1.416991312112537,20.35137468173687,4.53857421875,15.0
8.640192878152561,17.00077618822873,4.53857421875,15.0
8.640192878152561,20.35137468173687,1.89306640625,15.0
1.416991312112537,17.00077618822873,1.89306640625,15.0
48.58737513000528,0.02035137468173687,1.16357421875,15.0
7.968327722365756,0.02035137468173687,1.16357421875,15.0
48.58737513000528,1.700077618822873,1.16357421875,15.0
48.58737513000528,0.02035137468173687,0.76806640625,15.0
7.968327722365756,1.700077618822873,0.76806640625,15.0
1.536467709398364,2.035137468173687,3.41357421875,15.0
0.25198064745337617,2.035137468173687,3.41357421875,15.0
1.536467709398364,0.01700077618822873,3.41357421875,0.4241206030150797
1.536467709398364,2.035137468173687,3.01806640625,15.0
0.25198064745337617,0.01700077618822873,3.01806640625,0.395979899497491
0.6479230606842131,0.06435669750977287,3.97607421875,0.4512562814070402
0.10625935796275901,0.06435669750977287,3.97607421875,0.4000000000000037
0.6479230606842131,0.05376117474555825,3.97607421875,0.4341708542713614
0.6479230606842131,0.06435669750977287,4.70556640625,0.42814070351759237
0.10625935796275901,0.05376117474555825,4.70556640625,0.38894472361809385
20.489126203096085,6.435669750977286,1.72607421875,15.0
3.360215938694678,6.435669750977286,1.72607421875,15.0
20.489126203096085,5.376117474555825,1.72607421875,15.0
20.489126203096085,6.435669750977286,2.45556640625,15.0
3.360215938694678,5.376117474555825,2.45556640625,15.0
3.6435391256654737,0.6435669750977286,2.85107421875,15.0
0.5975402817065357,0.6435669750977286,2.85107421875,15.0
3.6435391256654737,53.76117474555825,2.85107421875,15.0
3.6435391256654737,0.6435669750977286,1.33056640625,15.0
0.5975402817065357,53.76117474555825,1.33056640625,15.0
0.11521882381041357,64.35669750977287,0.60107421875,15.0
18.895882838912982,64.35669750977287,0.60107421875,15.0
0.11521882381041357,0.5376117474555825,0.60107421875,15.0
0.11521882381041357,64.35669750977287,3.58056640625,15.0
18.895882838912982,0.5376117474555825,3.58056640625,15.0
0.12160766160440309,0.2525478932577379,2.95654296875,15.0
1.3425475843971808,0.2525478932577379,2.95654296875,15.0
0.12160766160440309,0.021096905134061716,2.95654296875,0.389949748743722
0.12160766160440309,0.2525478932577379,4.88134765625,15.0
1.3425475843971808,0.021096905134061716,4.88134765625,0.4090452261306572
3.8455719159691983,25.254789325773793,0.70654296875,15.0
42.45508233852227,25.254789325773793,0.70654296875,15.0
3.8455719159691983,2.1096905134061714,0.70654296875,15.0
3.8455719159691983,25.254789325773793,2.63134765625,15.0
42.45508233852227,2.1096905134061714,2.63134765625,15.0
21.62524007340909,0.02525478932577379,4.08154296875,15.0
0.23874247263309994,0.02525478932577379,4.08154296875,0.39195979899497835
21.62524007340909,21.096905134061714,4.08154296875,15.0
21.62524007340909,0.02525478932577379,1.50634765625,15.0
0.23874247263309994,21.096905134061714,1.50634765625,15.0
0.6838501357991956,2.525478932577379,1.83154296875,15.0
7.549699877410127,2.525478932577379,1.83154296875,15.0
0.6838501357991956,0.21096905134061716,1.83154296875,15.0
0.6838501357991956,2.525478932577379,3.75634765625,15.0
7.549699877410127,0.21096905134061716,3.75634765625,15.0
1.6216642306473648,0.0798626560971533,1.26904296875,15.0
3.1836820402390464,0.0798626560971533,1.26904296875,15.0
1.6216642306473648,0.6671427180413495,1.26904296875,15.0
1.6216642306473648,0.0798626560971533,4.31884765625,15.0
3.1836820402390464,0.6671427180413495,4.31884765625,15.0
51.281525688703034,7.98626560971533,3.51904296875,15.0
0.10067686592927225,7.98626560971533,3.51904296875,15.0
51.281525688703034,66.71427180413495,3.51904296875,15.0
51.281525688703034,7.98626560971533,2.06884765625,15.0
0.10067686592927225,66.71427180413495,2.06884765625,15.0
9.11928812476027,0.7986265609715331,2.39404296875,15.0
17.903159774927396,0.7986265609715331,2.39404296875,15.0
9.11928812476027,6.671427180413495,2.39404296875,15.0
9.11928812476027,0.7986265609715331,0.94384765625,15.0
17.903159774927396,6.671427180413495,0.94384765625,15.0
0.28837721113568193,79.8626560971533,4.64404296875,15.0
0.5661476220267806,79.8626560971533,4.64404296875,15.0
0.28837721113568193,0.06671427180413494,4.64404296875,0.41005025125628536
0.28837721113568193,79.8626560971533,3.19384765625,15.0
0.5661476220267806,0.06671427180413494,3.19384765625,15.0
0.4440797169388953,0.014201811696858717,2.67529296875,0.4050251256281445
0.15503497640502142,0.014201811696858717,2.67529296875,0.389949748743722
0.4440797169388953,1.1863661590503345,2.67529296875,15.0
0.4440797169388953,0.014201811696858717,3.47509765625,0.395979899497491
0.15503497640502142,1.1863661590503345,3.47509765625,15.0
14.043033682097661,1.4201811696858717,4.92529296875,15.0
4.902636424303311,1.4201811696858717,4.92529296875,15.0
14.043033682097661,0.011863661590503345,4.92529296875,0.4582914572864374
14.043033682097661,1.4201811696858717,1.22509765625,15.0
4.902636424303311,0.011863661590503345,1.22509765625,15.0
78.96978170483506,0.14201811696858715,1.55029296875,15.0
0.8718257408245426,0.14201811696858715,1.55029296875,15.0
78.96978170483506,0.11863661590503344,1.55029296875,15.0
78.96978170483506,0.14201811696858715,2.35009765625,15.0
0.8718257408245426,0.11863661590503344,2.35009765625,15.0
2.4972437651357353,14.201811696858716,3.80029296875,15.0
27.569550637691982,14.201811696858716,3.80029296875,15.0
2.4972437651357353,11.863661590503344,3.80029296875,15.0
2.4972437651357353,14.201811696858716,4.60009765625,15.0
27.569550637691982,11.863661590503344,4.60009765625,15.0
1.0530789639665672,0.449100718628943,4.36279296875,15.0
65.37770745913029,0.449100718628943,4.36279296875,15.0
1.0530789639665672,37.51619201544639,4.36279296875,15.0
1.0530789639665672,0.449100718628943,2.91259765625,15.0
65.37770745913029,37.51619201544639,2.91259765625,15.0
33.30128082144737,44.9100718628943,2.11279296875,15.0
2.0674246377103134,44.9100718628943,2.11279296875,15.0
33.30128082144737,0.37516192015446387,2.11279296875,15.0
33.30128082144737,44.9100718628943,0.66259765625,15.0
2.0674246377103134,0.37516192015446387,0.66259765625,15.0
5.921898201270393,0.0449100718628943,3.23779296875,15.0
11.625983105011949,0.0449100718628943,3.23779296875,15.0
5.921898201270393,0.03751619201544639,3.23779296875,15.0
5.921898201270393,0.0449100718628943,1.78759765625,15.0
11.625983105011949,0.03751619201544639,1.78759765625,15.0
0.1872668638766867,4.49100718628943,0.98779296875,15.0
0.36764586650474296,4.49100718628943,0.98779296875,15.0
0.1872668638766867,3.751619201544639,0.98779296875,15.0
0.1872668638766867,4.49100718628943,4.03759765625,15.0
0.36764586650474296,3.751619201544639,4.03759765625,15.0
0.2323865227221327,0.03367780283068889,4.78466796875,0.3909547738693502
22.216707001478664,0.03367780283068889,4.78466796875,15.0
0.2323865227221327,0.28133175148587763,4.78466796875,15.0
0.2323865227221327,0.03367780283068889,0.52197265625,15.0
22.216707001478664,0.28133175148587763,0.52197265625,15.0
7.3487070932841165,3.3677802830688894,2.53466796875,15.0
0.702553962332824,3.3677802830688894,2.53466796875,15.0
7.3487070932841165,28.133175148587764,2.53466796875,15.0
7.3487070932841165,3.3677802830688894,2.77197265625,15.0
0.702553962332824,28.133175148587764,2.77197265625,15.0
41.32481685273108,0.33677802830688897,3.65966796875,15.0
3.9507512619597085,0.33677802830688897,3.65966796875,15.0
41.32481685273108,2.813317514858776,3.65966796875,15.0
41.32481685273108,0.33677802830688897,3.89697265625,15.0
3.9507512619597085,2.813317514858776,3.89697265625,15.0
1.3068054514394127,33.6778028306889,1.40966796875,15.0
0.12493372456577218,33.6778028306889,1.40966796875,15.0
1.3068054514394127,0.028133175148587763,1.40966796875,15.0
1.3068054514394127,33.6778028306889,1.64697265625,15.0
0.12493372456577218,0.028133175148587763,1.64697265625,0.42914572864322054
3.0989240859587324,0.1064985635350429,1.97216796875,15.0
0.2962645493856477,0.1064985635350429,1.97216796875,15.0
3.0989240859587324,0.0889649112819833,1.97216796875,15.0
3.0989240859587324,0.1064985635350429,1.08447265625,15.0
0.2962645493856477,0.0889649112819833,1.08447265625,15.0
97.99658407585014,10.64985635350429,4.22216796875,15.0
9.368707660220855,10.64985635350429,4.22216796875,15.0
97.99658407585014,8.896491128198331,4.22216796875,15.0
97.99658407585014,10.64985635350429,3.33447265625,15.0
9.368707660220855,8.896491128198331,3.33447265625,15.0
17.42653077162325,0.01064985635350429,0.84716796875,15.0
1.6660179930844679,0.01064985635350429,0.84716796875,15.0
17.42653077162325,88.9649112819833,0.84716796875,15.0
17.42653077162325,0.01064985635350429,4.45947265625,0.47437185929648806
1.6660179930844679,88.9649112819833,4.45947265625,15.0
0.5510752895334102,1.064985635350429,3.09716796875,15.0
52.6841148096957,1.064985635350429,3.09716796875,15.0
0.5510752895334102,0.889649112819833,3.09716796875,15.0
0.5510752895334102,1.064985635350429,2.20947265625,15.0
52.6841148096957,0.889649112819833,2.20947265625,15.0
0.357858170638539,0.5988854334916461,0.56591796875,15.0
14.427121440870852,0.5988854334916461,0.56591796875,15.0
0.357858170638539,15.82044699486904,0.56591796875,15.0
0.357858170638539,0.5988854334916461,1.92822265625,15.0
14.427121440870852,15.82044699486904,1.92822265625,15.0
11.316468985189758,59.888543349164614,2.81591796875,15.0
0.45622563833002133,59.888543349164614,2.81591796875,15.0
11.316468985189758,0.1582044699486904,2.81591796875,15.0
11.316468985189758,59.888543349164614,4.17822265625,15.0
0.45622563833002133,0.1582044699486904,4.17822265625,15.0
63.63718165607093,0.05988854334916461,1.69091796875,15.0
81.12966589741413,0.05988854334916461,1.69091796875,15.0
63.63718165607093,0.01582044699486904,1.69091796875,15.0
63.63718165607093,0.05988854334916461,3.05322265625,15.0
81.12966589741413,0.01582044699486904,3.05322265625,15.0
2.012384379070701,5.988854334916461,3.94091796875,15.0
2.5655453004431714,5.988854334916461,3.94091796875,15.0
2.012384379070701,1.5820446994869037,3.94091796875,15.0
2.012384379070701,5.988854334916461,0.80322265625,15.0
2.5655453004431714,1.5820446994869037,0.80322265625,15.0
0.8486154562084132,0.018938420273308883,3.37841796875,0.414070351758798
1.0818814825845169,0.018938420273308883,3.37841796875,0.41909547738693886
0.8486154562084132,5.002864610575233,3.37841796875,15.0
0.8486154562084132,0.018938420273308883,2.49072265625,0.43115577889447687
1.0818814825845169,5.002864610575233,2.49072265625,15.0
26.835576992414627,1.8938420273308882,1.12841796875,15.0
34.212096433268634,1.8938420273308882,1.12841796875,15.0
26.835576992414627,0.050028646105752334,1.12841796875,15.0
26.835576992414627,1.8938420273308882,4.74072265625,15.0
34.212096433268634,0.050028646105752334,4.74072265625,15.0
4.772115402212517,0.1893842027330888,4.50341796875,15.0
0.19238875645824297,0.1893842027330888,4.50341796875,15.0
4.772115402212517,0.5002864610575233,4.50341796875,15.0
4.772115402212517,0.1893842027330888,3.61572265625,15.0
0.19238875645824297,0.5002864610575233,3.61572265625,15.0
0.15090753928162082,18.938420273308882,2.25341796875,15.0
6.083866666154767,18.938420273308882,2.25341796875,15.0
0.15090753928162082,50.02864610575233,2.25341796875,15.0
0.15090753928162082,18.938420273308882,1.36572265625,15.0
6.083866666154767,50.02864610575233,1.36572265625,15.0
0.13546775620239862,0.029163775740531202,1.62060546875,0.4402010050251304
58.68872673496605,0.029163775740531202,1.62060546875,15.0
0.13546775620239862,0.05777217924132721,1.62060546875,15.0
0.13546775620239862,0.029163775740531202,0.87353515625,15.0
58.68872673496605,0.05777217924132721,0.87353515625,15.0
4.283866591119816,2.9163775740531204,3.87060546875,15.0
1.8559004945770985,2.9163775740531204,3.87060546875,15.0
4.283866591119816,5.777217924132721,3.87060546875,15.0
4.283866591119816,2.9163775740531204,3.12353515625,15.0
1.8559004945770985,5.777217924132721,3.12353515625,15.0
24.089952157889805,0.291637757405312,2.74560546875,15.0
10.436495435419099,0.291637757405312,2.74560546875,15.0
24.089952157889805,57.77217924132721,2.74560546875,15.0
24.089952157889805,0.291637757405312,4.24853515625,15.0
10.436495435419099,57.77217924132721,4.24853515625,15.0
0.7617911754341997,29.1637757405312,4.99560546875,15.0
0.3300309636587508,29.1637757405312,4.99560546875,15.0
0.7617911754341997,0.577721792413272,4.99560546875,15.0
0.7617911754341997,29.1637757405312,1.99853515625,15.0
0.3300309636587508,0.577721792413272,1.99853515625,15.0
1.8064915626297464,0.9222395651044235,3.30810546875,15.0
0.1391729033980607,0.9222395651044235,3.30810546875,15.0
1.8064915626297464,0.18269167179409243,3.30810546875,15.0
1.8064915626297464,0.9222395651044235,1.43603515625,15.0
0.1391729033980607,0.18269167179409243,1.43603515625,15.0
57.126279117867135,92.22395651044235,1.05810546875,15.0
4.401033633164593,92.22395651044235,1.05810546875,15.0
57.126279117867135,18.26916717940924,1.05810546875,15.0
57.126279117867135,92.22395651044235,3.68603515625,15.0
4.401033633164593,18.26916717940924,3.68603515625,15.0
10.15864859274396,0.09222395651044235,4.43310546875,15.0
0.7826267492745389,0.09222395651044235,4.43310546875,15.0
10.15864859274396,1.8269167179409243,4.43310546875,15.0
10.15864859274396,0.09222395651044235,4.81103515625,15.0
0.7826267492745389,1.8269167179409243,4.81103515625,15.0
0.3212446750233517,9.222395651044236,2.18310546875,15.0
24.748830854810738,9.222395651044236,2.18310546875,15.0
0.3212446750233517,0.018269167179409244,2.18310546875,0.414070351758798
0.3212446750233517,9.222395651044236,2.56103515625,15.0
24.748830854810738,0.018269167179409244,2.56103515625,15.0
0.4946931964238205,0.1639999629748447,4.15185546875,15.0
6.7772684337901365,0.1639999629748447,4.15185546875,15.0
0.4946931964238205,3.248768383370232,4.15185546875,15.0
0.4946931964238205,0.1639999629748447,1.71728515625,15.0
6.7772684337901365,3.248768383370232,1.71728515625,15.0
15.643572436883355,16.39999629748447,1.90185546875,15.0
0.2143160456513889,16.39999629748447,1.90185546875,15.0
15.643572436883355,0.03248768383370232,1.90185546875,15.0
15.643572436883355,16.39999629748447,3.96728515625,15.0
0.2143160456513889,0.03248768383370232,3.96728515625,0.39497487437186285
87.97027254868205,0.01639999629748447,3.02685546875,15.0
38.111381122282666,0.01639999629748447,3.02685546875,15.0
87.97027254868205,0.3248768383370232,3.02685546875,15.0
87.97027254868205,0.01639999629748447,2.84228515625,15.0
38.111381122282666,0.3248768383370232,2.84228515625,15.0
2.7818642763962087,1.639999629748447,0.77685546875,15.0
1.2051876912115738,1.639999629748447,0.77685546875,15.0
2.7818642763962087,32.48768383370232,0.77685546875,15.0
2.7818642763962087,1.639999629748447,0.59228515625,15.0
1.2051876912115738,32.48768383370232,0.59228515625,15.0
1.1731024383691642,0.051861341918379274,2.46435546875,15.0
2.8579504013262045,0.051861341918379274,2.46435546875,15.0
1.1731024383691642,10.273507681793026,2.46435546875,15.0
1.1731024383691642,0.051861341918379274,2.27978515625,15.0
2.8579504013262045,10.273507681793026,2.27978515625,15.0
37.09675633943861,5.186134191837928,4.71435546875,15.0
90.3763270798311,5.186134191837928,4.71435546875,15.0
37.09675633943861,0.10273507681793025,4.71435546875,15.0
37.09675633943861,5.186134191837928,4.52978515625,15.0
90.3763270798311,0.10273507681793025,4.52978515625,15.0
6.5968397977654565,0.5186134191837928,1.33935546875,15.0
0.5082234353590865,0.5186134191837928,1.33935546875,15.0
6.5968397977654565,0.010273507681793026,1.33935546875,15.0
6.5968397977654565,0.5186134191837928,3.40478515625,15.0
0.5082234353590865,0.010273507681793026,3.40478515625,0.3939698492462347
0.20861039120183392,51.861341918379274,3.58935546875,15.0
16.071436160100678,51.861341918379274,3.58935546875,15.0
0.20861039120183392,1.0273507681793026,3.58935546875,15.0
0.20861039120183392,51.861341918379274,1.15478515625,15.0
16.071436160100678,1.0273507681793026,1.15478515625,15.0
0.16810705403586443,0.38890519992803174,1.76123046875,15.0
0.6306736518360512,0.38890519992803174,1.76123046875,15.0
0.16810705403586443,0.7704043920109092,1.76123046875,15.0
0.16810705403586443,0.38890519992803174,4.67041015625,15.0
0.6306736518360512,0.7704043920109092,4.67041015625,15.0
5.316011814943327,38.89051999280317,4.01123046875,15.0
19.94365200057955,38.89051999280317,4.01123046875,15.0
5.316011814943327,77.04043920109092,4.01123046875,15.0
5.316011814943327,38.89051999280317,2.42041015625,15.0
19.94365200057955,77.04043920109092,2.42041015625,15.0
29.89413128742783,0.03889051999280317,0.63623046875,15.0
0.1121513969514106,0.03889051999280317,0.63623046875,15.0
29.89413128742783,7.704043920109092,0.63623046875,15.0
29.89413128742783,0.03889051999280317,1.29541015625,15.0
0.1121513969514106,7.704043920109092,1.29541015625,15.0
0.9453354354037362,3.8890519992803174,2.88623046875,15.0
3.5465385713612183,3.8890519992803174,2.88623046875,15.0
0.9453354354037362,0.07704043920109092,2.88623046875,15.0
0.9453354354037362,3.8890519992803174,3.54541015625,15.0
3.5465385713612183,0.07704043920109092,3.54541015625,15.0
2.2417435945466324,0.01229826225655732,4.57373046875,0.41005025125628536
8.410168314240845,0.01229826225655732,4.57373046875,0.4452261306532712
2.2417435945466324,0.024362325981517007,4.57373046875,0.4271356783919642
2.2417435945466324,0.01229826225655732,4.10791015625,0.4150753768844262
8.410168314240845,0.024362325981517007,4.10791015625,0.5035175879397049
70.89015688860376,1.229826225655732,2.32373046875,15.0
0.26595287378379784,1.229826225655732,2.32373046875,15.0
70.89015688860376,2.4362325981517006,2.32373046875,15.0
70.89015688860376,1.229826225655732,1.85791015625,15.0
0.26595287378379784,2.4362325981517006,1.85791015625,15.0
12.606250636943297,0.1229826225655732,3.44873046875,15.0
47.29385194904081,0.1229826225655732,3.44873046875,15.0
12.606250636943297,24.362325981517007,3.44873046875,15.0
12.606250636943297,0.1229826225655732,0.73291015625,15.0
47.29385194904081,24.362325981517007,0.73291015625,15.0
0.39864464767689195,12.29826225655732,1.19873046875,15.0
1.4955629148176253,12.29826225655732,1.19873046875,15.0
0.39864464767689195,0.24362325981517008,1.19873046875,15.0
0.39864464767689195,12.29826225655732,2.98291015625,15.0
1.4955629148176253,0.24362325981517008,2.98291015625,15.0
0.258872511727544,0.06915821094890896,3.72998046875,0.42814070351759237
0.4095478850214223,0.06915821094890896,3.72998046875,0.4552763819095529
0.258872511727544,43.323022673587985,3.72998046875,15.0
0.258872511727544,0.06915821094890896,3.82666015625,0.42512562814070787
0.4095478850214223,43.323022673587985,3.82666015625,15.0
8.186267606676891,6.915821094890896,1.47998046875,15.0
12.951041275724519,6.915821094890896,1.47998046875,15.0
8.186267606676891,0.43323022673587985,1.47998046875,15.0
8.186267606676891,6.915821094890896,1.57666015625,15.0
12.951041275724519,0.43323022673587985,1.57666015625,15.0
46.03476574301511,0.6915821094890896,4.85498046875,15.0
2.3030570039185134,0.6915821094890896,4.85498046875,15.0
46.03476574301511,0.04332302267358799,4.85498046875,15.0
46.03476574301511,0.6915821094890896,2.70166015625,15.0
2.3030570039185134,0.04332302267358799,2.70166015625,15.0
1.4557471130022128,69.15821094890896,2.60498046875,15.0
72.82905713585835,69.15821094890896,2.60498046875,15.0
1.4557471130022128,4.3323022673587985,2.60498046875,15.0
1.4557471130022128,69.15821094890896,4.95166015625,15.0
72.82905713585835,4.3323022673587985,4.95166015625,15.0
0.6138834674292863,0.218697465500947,0.91748046875,15.0
30.711758742191904,0.218697465500947,0.91748046875,15.0
0.6138834674292863,1.3699942677165546,0.91748046875,15.0
0.6138834674292863,0.218697465500947,3.26416015625,15.0
30.711758742191904,1.3699942677165546,3.26416015625,15.0
19.41269974998335,21.869746550094703,3.16748046875,15.0
0.9711910857491438,21.869746550094703,3.16748046875,15.0
19.41269974998335,0.013699942677165546,3.16748046875,0.6070351758794061
19.41269974998335,21.869746550094703,1.01416015625,15.0
0.9711910857491438,0.013699942677165546,1.01416015625,15.0
3.4521204258663136,0.0218697465500947,2.04248046875,15.0
5.461408821732275,0.0218697465500947,2.04248046875,15.0
3.4521204258663136,0.13699942677165547,2.04248046875,15.0
3.4521204258663136,0.0218697465500947,2.13916015625,15.0
5.461408821732275,0.13699942677165547,2.13916015625,15.0
0.10916563302927995,2.1869746550094704,4.29248046875,15.0
0.17270491110010483,2.1869746550094704,4.29248046875,15.0
0.10916563302927995,13.699942677165547,4.29248046875,15.0
0.10916563302927995,2.1869746550094704,4.38916015625,15.0
0.17270491110010483,13.699942677165547,4.38916015625,15.0
0.10625935796275901,0.46555259311579583,0.82958984375,15.0
3.8455719159691983,0.46555259311579583,0.82958984375,15.0
0.10625935796275901,0.218697465500947,0.82958984375,15.0
0.10625935796275901,0.46555259311579583,1.17236328125,15.0
3.8455719159691983,0.218697465500947,1.17236328125,15.0
3.360215938694678,46.55525931157958,3.07958984375,15.0
0.12160766160440309,46.55525931157958,3.07958984375,15.0
3.360215938694678,21.869746550094703,3.07958984375,15.0
3.360215938694678,46.55525931157958,3.42236328125,15.0
0.12160766160440309,21.869746550094703,3.42236328125,15.0
18.895882838912982,0.04655525931157958,1.95458984375,15.0
21.62524007340909,0.04655525931157958,1.95458984375,15.0
18.895882838912982,2.1869746550094704,1.95458984375,15.0
18.895882838912982,0.04655525931157958,4.54736328125,15.0
21.62524007340909,2.1869746550094704,4.54736328125,15.0
0.5975402817065357,4.655525931157959,4.20458984375,15.0
0.6838501357991956,4.655525931157959,4.20458984375,15.0
0.5975402817065357,0.0218697465500947,4.20458984375,0.40201005025126
0.5975402817065357,4.655525931157959,2.29736328125,15.0
0.6838501357991956,0.0218697465500947,2.29736328125,0.43819095477387404
1.416991312112537,0.014722065648435404,3.64208984375,0.4150753768844262
1.6216642306473648,0.014722065648435404,3.64208984375,0.4180904522613107
1.416991312112537,0.06915821094890896,3.64208984375,15.0
1.416991312112537,0.014722065648435404,0.60986328125,15.0
1.6216642306473648,0.06915821094890896,0.60986328125,15.0
44.80919970946155,1.4722065648435403,1.39208984375,15.0
51.281525688703034,1.4722065648435403,1.39208984375,15.0
44.80919970946155,6.915821094890896,1.39208984375,15.0
44.80919970946155,1.4722065648435403,2.85986328125,15.0
51.281525688703034,6.915821094890896,2.85986328125,15.0
7.968327722365756,0.14722065648435403,4.76708984375,15.0
0.28837721113568193,0.14722065648435403,4.76708984375,15.0
7.968327722365756,69.15821094890896,4.76708984375,15.0
7.968327722365756,0.14722065648435403,3.98486328125,15.0
0.28837721113568193,69.15821094890896,3.98486328125,15.0
0.25198064745337617,14.722065648435404,2.51708984375,15.0
9.11928812476027,14.722065648435404,2.51708984375,15.0
0.25198064745337617,0.6915821094890896,2.51708984375,15.0
0.25198064745337617,14.722065648435404,1.73486328125,15.0
9.11928812476027,0.6915821094890896,1.73486328125,15.0
0.3880316830670991,0.0827882590628048,4.48583984375,0.4341708542713614
78.96978170483506,0.0827882590628048,4.48583984375,15.0
0.3880316830670991,12.29826225655732,4.48583984375,15.0
0.3880316830670991,0.0827882590628048,2.57861328125,15.0
78.96978170483506,12.29826225655732,2.57861328125,15.0
12.270639228006242,8.278825906280481,2.23583984375,15.0
2.4972437651357353,8.278825906280481,2.23583984375,15.0
12.270639228006242,0.1229826225655732,2.23583984375,15.0
12.270639228006242,8.278825906280481,4.82861328125,15.0
2.4972437651357353,0.1229826225655732,4.82861328125,15.0
69.00287524409713,0.827882590628048,3.36083984375,15.0
14.043033682097661,0.827882590628048,3.36083984375,15.0
69.00287524409713,0.01229826225655732,3.36083984375,15.0
69.00287524409713,0.827882590628048,3.70361328125,15.0
14.043033682097661,0.01229826225655732,3.70361328125,0.4974874371859359
2.1820625087179404,82.78825906280481,1.11083984375,15.0
0.4440797169388953,82.78825906280481,1.11083984375,15.0
2.1820625087179404,1.229826225655732,1.11083984375,15.0
2.1820625087179404,82.78825906280481,1.45361328125,15.0
0.4440797169388953,1.229826225655732,1.45361328125,15.0
0.9201681301889558,0.26179946215854,1.67333984375,15.0
0.1872668638766867,0.26179946215854,1.67333984375,15.0
0.9201681301889558,3.8890519992803174,1.67333984375,15.0
0.9201681301889558,0.26179946215854,2.01611328125,15.0
0.1872668638766867,3.8890519992803174,2.01611328125,15.0
29.098271216954437,26.179946215854002,3.92333984375,15.0
5.921898201270393,26.179946215854002,3.92333984375,15.0
29.098271216954437,0.03889051999280317,3.92333984375,15.0
29.098271216954437,26.179946215854002,4.26611328125,15.0
5.921898201270393,0.03889051999280317,4.26611328125,0.5537688442211133
5.174485657283831,0.026179946215854,0.54833984375,15.0
1.0530789639665672,0.026179946215854,0.54833984375,15.0
5.174485657283831,0.38890519992803174,0.54833984375,15.0
5.174485657283831,0.026179946215854,3.14111328125,15.0
1.0530789639665672,0.38890519992803174,3.14111328125,15.0
0.1636316039689035,2.6179946215854,2.79833984375,15.0
33.30128082144737,2.6179946215854,2.79833984375,15.0
0.1636316039689035,38.89051999280317,2.79833984375,15.0
0.1636316039689035,2.6179946215854,0.89111328125,15.0
33.30128082144737,38.89051999280317,0.89111328125,15.0
0.2030566362173833,0.019632190067904055,2.37646484375,0.4030150753768882
0.357858170638539,0.019632190067904055,2.37646484375,0.414070351758798
0.2030566362173833,0.029163775740531202,2.37646484375,0.414070351758798
0.2030566362173833,0.019632190067904055,4.40673828125,0.3849246231155812
0.357858170638539,0.029163775740531202,4.40673828125,0.3969849246231192
6.421214644591687,1.9632190067904056,4.62646484375,15.0
11.316468985189758,1.9632190067904056,4.62646484375,15.0
6.421214644591687,2.9163775740531204,4.62646484375,15.0
6.421214644591687,1.9632190067904056,2.15673828125,15.0
11.316468985189758,2.9163775740531204,2.15673828125,15.0
36.109143525713655,0.19632190067904057,1.25146484375,15.0
2.012384379070701,0.19632190067904057,1.25146484375,15.0
36.109143525713655,29.1637757405312,1.25146484375,15.0
36.109143525713655,0.19632190067904057,1.03173828125,15.0
2.012384379070701,29.1637757405312,1.03173828125,15.0
1.1418713789917796,19.632190067904055,3.50146484375,15.0
63.63718165607093,19.632190067904055,3.50146484375,15.0
1.1418713789917796,0.291637757405312,3.50146484375,15.0
1.1418713789917796,19.632190067904055,3.28173828125,15.0
63.63718165607093,0.291637757405312,3.28173828125,15.0
2.707803763388721,0.6208243607191253,4.06396484375,15.0
26.835576992414627,0.6208243607191253,4.06396484375,15.0
2.707803763388721,0.9222395651044235,4.06396484375,15.0
2.707803763388721,0.6208243607191253,4.96923828125,15.0
26.835576992414627,0.9222395651044235,4.96923828125,15.0
85.62827349084016,62.08243607191253,1.81396484375,15.0
0.8486154562084132,62.08243607191253,1.81396484375,15.0
85.62827349084016,92.22395651044235,1.81396484375,15.0
85.62827349084016,62.08243607191253,2.71923828125,15.0
0.8486154562084132,92.22395651044235,2.71923828125,15.0
15.227099566594276,0.06208243607191253,2.93896484375,15.0
4.772115402212517,0.06208243607191253,2.93896484375,15.0
15.227099566594276,9.222395651044236,2.93896484375,15.0
15.227099566594276,0.06208243607191253,1.59423828125,15.0
4.772115402212517,9.222395651044236,1.59423828125,15.0
0.4815231678860069,6.208243607191253,0.68896484375,15.0
0.15090753928162082,6.208243607191253,0.68896484375,15.0
0.4815231678860069,0.09222395651044235,0.68896484375,15.0
0.4815231678860069,6.208243607191253,3.84423828125,15.0
0.15090753928162082,0.09222395651044235,3.84423828125,15.0
0.3126923004035611,0.11039991779173976,3.22021484375,15.0
1.3068054514394127,0.11039991779173976,3.22021484375,15.0
0.3126923004035611,1.639999629748447,3.22021484375,15.0
0.3126923004035611,0.11039991779173976,3.00048828125,15.0
1.3068054514394127,1.639999629748447,3.00048828125,15.0
9.888198760728411,11.039991779173976,0.97021484375,15.0
41.32481685273108,11.039991779173976,0.97021484375,15.0
9.888198760728411,0.01639999629748447,0.97021484375,15.0
9.888198760728411,11.039991779173976,0.75048828125,15.0
41.32481685273108,0.01639999629748447,0.75048828125,15.0
55.60542794853583,0.011039991779173976,4.34521484375,0.6080402010050343
0.2323865227221327,0.011039991779173976,4.34521484375,0.3809045226130685
55.60542794853583,0.1639999629748447,4.34521484375,15.0
55.60542794853583,0.011039991779173976,1.87548828125,15.0
0.2323865227221327,0.1639999629748447,1.87548828125,15.0
1.7583980258575727,1.1039991779173977,2.09521484375,15.0
7.3487070932841165,1.1039991779173977,2.09521484375,15.0
1.7583980258575727,16.39999629748447,2.09521484375,15.0
1.7583980258575727,1.1039991779173977,4.12548828125,15.0
7.3487070932841165,16.39999629748447,4.12548828125,15.0
0.7415102991398601,0.034911519371724424,1.53271484375,15.0
17.42653077162325,0.034911519371724424,1.53271484375,15.0
0.7415102991398601,51.861341918379274,1.53271484375,15.0
0.7415102991398601,0.034911519371724424,3.56298828125,0.42613065326633603
17.42653077162325,51.861341918379274,3.56298828125,15.0
23.44861453754752,3.491151937172442,3.78271484375,15.0
0.5510752895334102,3.491151937172442,3.78271484375,15.0
23.44861453754752,0.5186134191837928,3.78271484375,15.0
23.44861453754752,3.491151937172442,1.31298828125,15.0
0.5510752895334102,0.5186134191837928,1.31298828125,15.0
4.169818842606011,0.34911519371724425,2.65771484375,15.0
97.99658407585014,0.34911519371724425,2.65771484375,15.0
4.169818842606011,0.051861341918379274,2.65771484375,15.0
4.169818842606011,0.34911519371724425,2.43798828125,15.0
97.99658407585014,0.051861341918379274,2.43798828125,15.0
0.13186124972922156,34.911519371724424,4.90771484375,15.0
3.0989240859587324,34.911519371724424,4.90771484375,15.0
0.13186124972922156,5.186134191837928,4.90771484375,15.0
0.13186124972922156,34.911519371724424,4.68798828125,15.0
3.0989240859587324,5.186134191837928,4.68798828125,15.0
0.14688998534459954,0.05376117474555825,3.43115234375,0.40703517587940086
0.13546775620239862,0.05376117474555825,3.43115234375,0.4060301507537727
0.14688998534459954,0.5988854334916461,3.43115234375,15.0
0.14688998534459954,0.05376117474555825,4.05517578125,0.3989949748743755
0.13546775620239862,0.5988854334916461,4.05517578125,15.0
4.645069191576877,5.376117474555825,1.18115234375,15.0
4.283866591119816,5.376117474555825,1.18115234375,15.0
4.645069191576877,59.888543349164614,1.18115234375,15.0
4.645069191576877,5.376117474555825,1.80517578125,15.0
4.283866591119816,59.888543349164614,1.80517578125,15.0
26.12114364792205,0.5376117474555825,4.55615234375,15.0
0.7617911754341997,0.5376117474555825,4.55615234375,15.0
26.12114364792205,5.988854334916461,4.55615234375,15.0
26.12114364792205,0.5376117474555825,0.68017578125,15.0
0.7617911754341997,5.988854334916461,0.68017578125,15.0
0.8260230901587307,53.76117474555825,2.30615234375,15.0
24.089952157889805,53.76117474555825,2.30615234375,15.0
0.8260230901587307,0.05988854334916461,2.30615234375,15.0
0.8260230901587307,53.76117474555825,2.93017578125,15.0
24.089952157889805,0.05988854334916461,2.93017578125,15.0
1.9588094362718005,0.1700077618822873,0.61865234375,15.0
57.126279117867135,0.1700077618822873,0.61865234375,15.0
1.9588094362718005,0.018938420273308883,0.61865234375,15.0
1.9588094362718005,0.1700077618822873,4.61767578125,15.0
57.126279117867135,0.018938420273308883,4.61767578125,15.0
61.94299320849332,17.00077618822873,2.86865234375,15.0
1.8064915626297464,17.00077618822873,2.86865234375,15.0
61.94299320849332,1.8938420273308882,2.86865234375,15.0
61.94299320849332,17.00077618822873,2.36767578125,15.0
1.8064915626297464,1.8938420273308882,2.36767578125,15.0
11.015194941884449,0.01700077618822873,1.74365234375,15.0
10.15864859274396,0.01700077618822873,1.74365234375,15.0
11.015194941884449,18.938420273308882,1.74365234375,15.0
11.015194941884449,0.01700077618822873,1.24267578125,15.0
10.15864859274396,18.938420273308882,1.24267578125,15.0
0.34833104887120925,1.700077618822873,3.99365234375,15.0
0.3212446750233517,1.700077618822873,3.99365234375,15.0
0.34833104887120925,0.1893842027330888,3.99365234375,15.0
0.34833104887120925,1.700077618822873,3.49267578125,15.0
0.3212446750233517,0.1893842027330888,3.49267578125,15.0
0.5364042220069004,0.9560239010953075,2.02490234375,15.0
2.7818642763962087,0.9560239010953075,2.02490234375,15.0
0.5364042220069004,33.6778028306889,2.02490234375,15.0
0.5364042220069004,0.9560239010953075,3.21142578125,15.0
2.7818642763962087,33.6778028306889,3.21142578125,15.0
16.962590880724207,95.60239010953076,4.27490234375,15.0
87.97027254868205,95.60239010953076,4.27490234375,15.0
16.962590880724207,0.33677802830688897,4.27490234375,15.0
16.962590880724207,95.60239010953076,0.96142578125,15.0
87.97027254868205,0.33677802830688897,0.96142578125,15.0
95.38765834528182,0.09560239010953075,0.89990234375,15.0
0.4946931964238205,0.09560239010953075,0.89990234375,15.0
95.38765834528182,0.03367780283068889,0.89990234375,15.0
95.38765834528182,0.09560239010953075,2.08642578125,15.0
0.4946931964238205,0.03367780283068889,2.08642578125,15.0
3.0164226104105856,9.560239010953076,3.14990234375,15.0
15.643572436883355,9.560239010953076,3.14990234375,15.0
3.0164226104105856,3.3677802830688894,3.14990234375,15.0
3.0164226104105856,9.560239010953076,4.33642578125,15.0
15.643572436883355,3.3677802830688894,4.33642578125,15.0
1.2720148676730605,0.030232130250207153,4.83740234375,0.41708542713568253
6.5968397977654565,0.030232130250207153,4.83740234375,0.4763819095477444
1.2720148676730605,1.064985635350429,4.83740234375,15.0
1.2720148676730605,0.030232130250207153,3.77392578125,0.43216080402010504
6.5968397977654565,1.064985635350429,3.77392578125,15.0
40.22464199444557,3.0232130250207154,2.58740234375,15.0
0.20861039120183392,3.0232130250207154,2.58740234375,15.0
40.22464199444557,0.01064985635350429,2.58740234375,15.0
40.22464199444557,3.0232130250207154,1.52392578125,15.0
0.20861039120183392,0.01064985635350429,1.52392578125,0.408040201005029
7.153065263490954,0.30232130250207156,3.71240234375,15.0
37.09675633943861,0.30232130250207156,3.71240234375,15.0
7.153065263490954,0.1064985635350429,3.71240234375,15.0
7.153065263490954,0.30232130250207156,2.64892578125,15.0
37.09675633943861,0.1064985635350429,2.64892578125,15.0
0.22619978484463887,30.232130250207152,1.46240234375,15.0
1.1731024383691642,30.232130250207152,1.46240234375,15.0
0.22619978484463887,10.64985635350429,1.46240234375,15.0
0.22619978484463887,30.232130250207152,4.89892578125,15.0
1.1731024383691642,10.64985635350429,4.89892578125,15.0
0.18228132949038026,0.22670899410414913,4.41552734375,15.0
8.186267606676891,0.22670899410414913,4.41552734375,15.0
0.18228132949038026,0.0798626560971533,4.41552734375,0.4110552763819135
0.18228132949038026,0.22670899410414913,1.38330078125,15.0
8.186267606676891,0.0798626560971533,1.38330078125,15.0
5.764241761132211,22.670899410414915,2.16552734375,15.0
0.258872511727544,22.670899410414915,2.16552734375,15.0
5.764241761132211,7.98626560971533,2.16552734375,15.0
5.764241761132211,22.670899410414915,3.63330078125,15.0
0.258872511727544,7.98626560971533,3.63330078125,15.0
32.41471350672639,0.022670899410414915,3.29052734375,15.0
46.03476574301511,0.022670899410414915,3.29052734375,15.0
32.41471350672639,79.8626560971533,3.29052734375,15.0
32.41471350672639,0.022670899410414915,4.75830078125,0.6462311557789047
46.03476574301511,79.8626560971533,4.75830078125,15.0
1.0250432438307908,2.2670899410414913,1.04052734375,15.0
1.4557471130022128,2.2670899410414913,1.04052734375,15.0
1.0250432438307908,0.7986265609715331,1.04052734375,15.0
1.0250432438307908,2.2670899410414913,2.50830078125,15.0
1.4557471130022128,0.7986265609715331,2.50830078125,15.0
2.430760595586466,0.07169167874147957,2.72802734375,15.0
0.6138834674292863,0.07169167874147957,2.72802734375,15.0
2.430760595586466,0.2525478932577379,2.72802734375,15.0
2.430760595586466,0.07169167874147957,0.82080078125,15.0
0.6138834674292863,0.2525478932577379,0.82080078125,15.0
76.86739928640667,7.1691678741479565,4.97802734375,15.0
19.41269974998335,7.1691678741479565,4.97802734375,15.0
76.86739928640667,25.254789325773793,4.97802734375,15.0
76.86739928640667,7.1691678741479565,3.07080078125,15.0
19.41269974998335,25.254789325773793,3.07080078125,15.0
13.669171345425756,0.7169167874147957,1.60302734375,15.0
0.10916563302927995,0.7169167874147957,1.60302734375,15.0
13.669171345425756,2.525478932577379,1.60302734375,15.0
13.669171345425756,0.7169167874147957,4.19580078125,15.0
0.10916563302927995,2.525478932577379,4.19580078125,15.0
0.4322571517865362,71.69167874147956,3.85302734375,15.0
3.4521204258663136,71.69167874147956,3.85302734375,15.0
0.4322571517865362,0.02525478932577379,3.85302734375,0.40201005025126
0.4322571517865362,71.69167874147956,1.94580078125,15.0
3.4521204258663136,0.02525478932577379,1.94580078125,15.0
0.2806998544876269,0.012748783617709826,1.32177734375,0.42914572864322054
29.89413128742783,0.012748783617709826,1.32177734375,15.0
0.2806998544876269,4.49100718628943,1.32177734375,15.0
0.2806998544876269,0.012748783617709826,2.22705078125,0.40201005025126
29.89413128742783,4.49100718628943,2.22705078125,15.0
8.876508790587373,1.2748783617709827,3.57177734375,15.0
0.9453354354037362,1.2748783617709827,3.57177734375,15.0
8.876508790587373,0.0449100718628943,3.57177734375,15.0
8.876508790587373,1.2748783617709827,4.47705078125,15.0
0.9453354354037362,0.0449100718628943,4.47705078125,0.42613065326633603
49.916277163626866,0.12748783617709827,2.44677734375,15.0
5.316011814943327,0.12748783617709827,2.44677734375,15.0
49.916277163626866,0.449100718628943,2.44677734375,15.0
49.916277163626866,0.12748783617709827,3.35205078125,15.0
5.316011814943327,0.449100718628943,3.35205078125,15.0
1.5784912815331027,12.748783617709826,4.69677734375,15.0
0.16810705403586443,12.748783617709826,4.69677734375,15.0
1.5784912815331027,44.9100718628943,4.69677734375,15.0
1.5784912815331027,12.748783617709826,1.10205078125,15.0
0.16810705403586443,44.9100718628943,1.10205078125,15.0
0.6656442541150113,0.40315193628604395,3.00927734375,15.0
0.39864464767689195,0.40315193628604395,3.00927734375,15.0
0.6656442541150113,14.201811696858716,3.00927734375,15.0
0.6656442541150113,0.40315193628604395,1.66455078125,15.0
0.39864464767689195,14.201811696858716,1.66455078125,15.0
21.049519544073437,40.3151936286044,0.75927734375,15.0
12.606250636943297,40.3151936286044,0.75927734375,15.0
21.049519544073437,0.14201811696858715,0.75927734375,15.0
21.049519544073437,40.3151936286044,3.91455078125,15.0
12.606250636943297,0.14201811696858715,3.91455078125,15.0
3.7431927196437687,0.0403151936286044,4.13427734375,0.5015075376884486
2.2417435945466324,0.0403151936286044,4.13427734375,0.4613065326633219
3.7431927196437687,0.014201811696858717,4.13427734375,0.43115577889447687
3.7431927196437687,0.0403151936286044,2.78955078125,15.0
2.2417435945466324,0.014201811696858717,2.78955078125,0.4432160804020149
0.1183701471503441,4.03151936286044,1.88427734375,15.0
70.89015688860376,4.03151936286044,1.88427734375,15.0
0.1183701471503441,1.4201811696858717,1.88427734375,15.0
0.1183701471503441,4.03151936286044,0.53955078125,15.0
70.89015688860376,1.4201811696858717,0.53955078125,15.0
0.1121513969514106,0.01582044699486904,3.88818359375,0.37989949748744034
0.8956708445545832,0.01582044699486904,3.88818359375,0.4050251256281445
0.1121513969514106,64.35669750977287,3.88818359375,15.0
0.1121513969514106,0.01582044699486904,1.98095703125,0.3969849246231192
0.8956708445545832,64.35669750977287,1.98095703125,15.0
3.5465385713612183,1.5820446994869037,1.63818359375,15.0
28.323599025991037,1.5820446994869037,1.63818359375,15.0
3.5465385713612183,0.6435669750977286,1.63818359375,15.0
3.5465385713612183,1.5820446994869037,4.23095703125,15.0
28.323599025991037,0.6435669750977286,4.23095703125,15.0
19.94365200057955,0.1582044699486904,2.76318359375,15.0
0.1592753021043588,0.1582044699486904,2.76318359375,15.0
19.94365200057955,0.06435669750977287,2.76318359375,15.0
19.94365200057955,0.1582044699486904,3.10595703125,15.0
0.1592753021043588,0.06435669750977287,3.10595703125,0.4301507537688487
0.6306736518360512,15.82044699486904,0.51318359375,15.0
5.0367272966118355,15.82044699486904,0.51318359375,15.0
0.6306736518360512,6.435669750977286,0.51318359375,15.0
0.6306736518360512,15.82044699486904,0.85595703125,15.0
5.0367272966118355,6.435669750977286,0.85595703125,15.0
1.4955629148176253,0.5002864610575233,2.20068359375,15.0
11.943962673773619,0.5002864610575233,2.20068359375,15.0
1.4955629148176253,2.035137468173687,2.20068359375,15.0
1.4955629148176253,0.5002864610575233,2.54345703125,15.0
11.943962673773619,2.035137468173687,2.54345703125,15.0
47.29385194904081,50.02864610575233,4.45068359375,15.0
0.377701263371593,50.02864610575233,4.45068359375,15.0
47.29385194904081,0.02035137468173687,4.45068359375,15.0
47.29385194904081,50.02864610575233,4.79345703125,15.0
0.377701263371593,0.02035137468173687,4.79345703125,0.389949748743722
8.410168314240845,0.050028646105752334,1.07568359375,15.0
67.16583797993921,0.050028646105752334,1.07568359375,15.0
8.410168314240845,0.2035137468173687,1.07568359375,15.0
8.410168314240845,0.050028646105752334,3.66845703125,15.0
67.16583797993921,0.2035137468173687,3.66845703125,15.0
0.26595287378379784,5.002864610575233,3.32568359375,15.0
2.1239702897045065,5.002864610575233,3.32568359375,15.0
0.26595287378379784,20.35137468173687,3.32568359375,15.0
0.26595287378379784,5.002864610575233,1.41845703125,15.0
2.1239702897045065,20.35137468173687,1.41845703125,15.0
0.4095478850214223,0.28133175148587763,1.35693359375,15.0
0.24527226265664134,0.28133175148587763,1.35693359375,15.0
0.4095478850214223,0.3619043056252011,1.35693359375,15.0
0.4095478850214223,0.28133175148587763,0.57470703125,15.0
0.24527226265664134,0.3619043056252011,0.57470703125,15.0
12.951041275724519,28.133175148587764,3.60693359375,15.0
7.75618996858048,28.133175148587764,3.60693359375,15.0
12.951041275724519,36.19043056252011,3.60693359375,15.0
12.951041275724519,28.133175148587764,2.82470703125,15.0
7.75618996858048,36.19043056252011,2.82470703125,15.0
72.82905713585835,0.028133175148587763,2.48193359375,15.0
1.3792672921477107,0.028133175148587763,2.48193359375,0.49949748743719224
72.82905713585835,3.619043056252011,2.48193359375,15.0
72.82905713585835,0.028133175148587763,3.94970703125,15.0
1.3792672921477107,3.619043056252011,3.94970703125,15.0
2.3030570039185134,2.813317514858776,4.73193359375,15.0
43.61626145359639,2.813317514858776,4.73193359375,15.0
2.3030570039185134,0.03619043056252011,4.73193359375,0.4402010050251304
2.3030570039185134,2.813317514858776,1.69970703125,15.0
43.61626145359639,0.03619043056252011,1.69970703125,15.0
0.9711910857491438,0.0889649112819833,3.04443359375,15.0
18.39282494760845,0.0889649112819833,3.04443359375,15.0
0.9711910857491438,0.01144441900797323,3.04443359375,0.41005025125628536
0.9711910857491438,0.0889649112819833,1.13720703125,15.0
18.39282494760845,0.01144441900797323,1.13720703125,15.0
30.711758742191904,8.896491128198331,0.79443359375,15.0
0.5816321943920985,8.896491128198331,0.79443359375,15.0
30.711758742191904,1.144441900797323,0.79443359375,15.0
30.711758742191904,8.896491128198331,3.38720703125,15.0
0.5816321943920985,1.144441900797323,3.38720703125,15.0
5.461408821732275,0.889649112819833,4.16943359375,15.0
3.2707581896782334,0.889649112819833,4.16943359375,15.0
5.461408821732275,11.44441900797323,4.16943359375,15.0
5.461408821732275,0.889649112819833,4.51220703125,15.0
3.2707581896782334,11.44441900797323,4.51220703125,15.0
0.17270491110010483,88.9649112819833,1.91943359375,15.0
0.10343045555032249,88.9649112819833,1.91943359375,15.0
0.17270491110010483,0.1144441900797323,1.91943359375,15.0
0.17270491110010483,88.9649112819833,2.26220703125,15.0
0.10343045555032249,0.1144441900797323,2.26220703125,15.0
0.2143160456513889,0.6671427180413495,3.74755859375,15.0
83.34862458183858,0.6671427180413495,3.74755859375,15.0
0.2143160456513889,8.582103543253414,3.74755859375,15.0
0.2143160456513889,0.6671427180413495,3.52783203125,15.0
83.34862458183858,8.582103543253414,3.52783203125,15.0
6.7772684337901365,66.71427180413495,1.49755859375,15.0
2.6357149352090916,66.71427180413495,1.49755859375,15.0
6.7772684337901365,0.08582103543253414,1.49755859375,15.0
6.7772684337901365,66.71427180413495,1.27783203125,15.0
2.6357149352090916,0.08582103543253414,1.27783203125,15.0
38.111381122282666,0.06671427180413494,4.87255859375,15.0
14.821714294894756,0.06671427180413494,4.87255859375,15.0
38.111381122282666,0.8582103543253414,4.87255859375,15.0
38.111381122282666,0.06671427180413494,2.40283203125,15.0
14.821714294894756,0.8582103543253414,2.40283203125,15.0
1.2051876912115738,6.671427180413495,2.62255859375,15.0
0.4687037600014401,6.671427180413495,2.62255859375,15.0
1.2051876912115738,85.82103543253415,2.62255859375,15.0
1.2051876912115738,6.671427180413495,4.65283203125,15.0
0.4687037600014401,85.82103543253415,4.65283203125,15.0
2.8579504013262045,0.021096905134061716,0.93505859375,15.0
0.19765073673643666,0.021096905134061716,0.93505859375,15.0
2.8579504013262045,27.138994312082165,0.93505859375,15.0
2.8579504013262045,0.021096905134061716,2.96533203125,0.4703517587939754
0.19765073673643666,27.138994312082165,2.96533203125,15.0
90.3763270798311,2.1096905134061714,3.18505859375,15.0
6.250265092974553,2.1096905134061714,3.18505859375,15.0
90.3763270798311,0.27138994312082165,3.18505859375,15.0
90.3763270798311,2.1096905134061714,0.71533203125,15.0
6.250265092974553,0.27138994312082165,0.71533203125,15.0
16.071436160100678,0.21096905134061716,2.06005859375,15.0
1.111471772212166,0.21096905134061716,2.06005859375,15.0
16.071436160100678,0.027138994312082165,2.06005859375,15.0
16.071436160100678,0.21096905134061716,1.84033203125,15.0
1.111471772212166,0.027138994312082165,1.84033203125,15.0
0.5082234353590865,21.096905134061714,4.31005859375,15.0
35.1478235517429,21.096905134061714,4.31005859375,15.0
0.5082234353590865,2.7138994312082163,4.31005859375,15.0
0.5082234353590865,21.096905134061714,4.09033203125,15.0
35.1478235517429,2.7138994312082163,4.09033203125,15.0
0.3300309636587508,0.03751619201544639,1.77880859375,15.0
4.058807343859655,0.03751619201544639,1.77880859375,15.0
0.3300309636587508,0.04826071479433915,1.77880859375,15.0
0.3300309636587508,0.03751619201544639,4.93408203125,0.3969849246231192
4.058807343859655,0.04826071479433915,4.93408203125,0.48643216080402607
10.436495435419099,3.751619201544639,4.02880859375,15.0
0.12835075790414746,3.751619201544639,4.02880859375,15.0
10.436495435419099,4.8260714794339155,4.02880859375,15.0
10.436495435419099,3.751619201544639,2.68408203125,15.0
0.12835075790414746,4.8260714794339155,2.68408203125,15.0
58.68872673496605,0.37516192015446387,0.65380859375,15.0
22.824351004383594,0.37516192015446387,0.65380859375,15.0
58.68872673496605,48.26071479433915,0.65380859375,15.0
58.68872673496605,0.37516192015446387,1.55908203125,15.0
22.824351004383594,48.26071479433915,1.55908203125,15.0
1.8559004945770985,37.51619201544639,2.90380859375,15.0
0.7217693528900395,37.51619201544639,2.90380859375,15.0
1.8559004945770985,0.4826071479433915,2.90380859375,15.0
1.8559004945770985,37.51619201544639,3.80908203125,15.0
0.7217693528900395,0.4826071479433915,3.80908203125,15.0
0.7826267492745389,0.11863661590503344,4.59130859375,15.0
1.7115848649958678,0.11863661590503344,4.59130859375,15.0
0.7826267492745389,0.1526137802578963,4.59130859375,15.0
0.7826267492745389,0.11863661590503344,4.37158203125,15.0
1.7115848649958678,0.1526137802578963,4.37158203125,15.0
24.748830854810738,11.863661590503344,2.34130859375,15.0
54.125065820587444,11.863661590503344,2.34130859375,15.0
24.748830854810738,15.26137802578963,2.34130859375,15.0
24.748830854810738,11.863661590503344,2.12158203125,15.0
54.125065820587444,15.26137802578963,2.12158203125,15.0
4.401033633164593,0.011863661590503345,3.46630859375,0.4422110552763867
0.30436761239564014,0.011863661590503345,3.46630859375,0.38894472361809385
4.401033633164593,1.526137802578963,3.46630859375,15.0
4.401033633164593,0.011863661590503345,0.99658203125,15.0
0.30436761239564014,1.526137802578963,0.99658203125,15.0
0.1391729033980607,1.1863661590503345,1.21630859375,15.0
9.624949011575211,1.1863661590503345,1.21630859375,15.0
0.1391729033980607,0.01526137802578963,1.21630859375,0.42311557788945153
0.1391729033980607,1.1863661590503345,3.24658203125,15.0
9.624949011575211,0.01526137802578963,3.24658203125,0.5125628140703584
0.12493372456577218,0.13699942677165547,2.55224609375,15.0
39.153756672351264,0.13699942677165547,2.55224609375,15.0
0.12493372456577218,23.501400846134892,2.55224609375,15.0
0.12493372456577218,0.13699942677165547,3.73876953125,15.0
39.153756672351264,23.501400846134892,3.73876953125,15.0
3.9507512619597085,13.699942677165547,4.80224609375,15.0
1.2381505003664504,13.699942677165547,4.80224609375,15.0
3.9507512619597085,0.23501400846134893,4.80224609375,15.0
3.9507512619597085,13.699942677165547,1.48876953125,15.0
1.2381505003664504,0.23501400846134893,1.48876953125,15.0
22.216707001478664,0.013699942677165546,1.42724609375,15.0
6.962631931611635,0.013699942677165546,1.42724609375,15.0
22.216707001478664,0.023501400846134893,1.42724609375,15.0
22.216707001478664,0.013699942677165546,2.61376953125,15.0
6.962631931611635,0.023501400846134893,2.61376953125,15.0
0.702553962332824,1.3699942677165546,3.67724609375,15.0
0.22017775413310484,1.3699942677165546,3.67724609375,15.0
0.702553962332824,2.350140084613489,3.67724609375,15.0
0.702553962332824,1.3699942677165546,4.86376953125,15.0
0.22017775413310484,2.350140084613489,4.86376953125,15.0
1.6660179930844679,0.04332302267358799,4.23974609375,0.4492462311557839
0.5221237367228817,0.04332302267358799,4.23974609375,0.414070351758798
1.6660179930844679,7.431795487839462,4.23974609375,15.0
1.6660179930844679,0.04332302267358799,3.17626953125,15.0
0.5221237367228817,7.431795487839462,3.17626953125,15.0
52.6841148096957,4.3323022673587985,1.98974609375,15.0
16.511002284824052,4.3323022673587985,1.98974609375,15.0
52.6841148096957,0.07431795487839463,1.98974609375,15.0
52.6841148096957,4.3323022673587985,0.92626953125,15.0
16.511002284824052,0.07431795487839463,0.92626953125,15.0
9.368707660220855,0.43323022673587985,3.11474609375,15.0
2.936117540220822,0.43323022673587985,3.11474609375,15.0
9.368707660220855,0.7431795487839462,3.11474609375,15.0
9.368707660220855,0.43323022673587985,2.05126953125,15.0
2.936117540220822,0.7431795487839462,2.05126953125,15.0
0.2962645493856477,43.323022673587985,0.86474609375,15.0
92.84818905068839,43.323022673587985,0.86474609375,15.0
0.2962645493856477,74.31795487839462,0.86474609375,15.0
0.2962645493856477,43.323022673587985,4.30126953125,15.0
92.84818905068839,74.31795487839462,4.30126953125,15.0
0.45622563833002133,0.024362325981517007,2.83349609375,0.41608040201005436
10.721941602677596,0.024362325981517007,2.83349609375,15.0
0.45622563833002133,0.13215808895645087,2.83349609375,15.0
0.45622563833002133,0.024362325981517007,4.58251953125,0.395979899497491
10.721941602677596,0.13215808895645087,4.58251953125,15.0
14.427121440870852,2.4362325981517006,0.58349609375,15.0
0.3390575640377731,2.4362325981517006,0.58349609375,15.0
14.427121440870852,13.215808895645086,0.58349609375,15.0
14.427121440870852,2.4362325981517006,2.33251953125,15.0
0.3390575640377731,13.215808895645086,2.33251953125,15.0
81.12966589741413,0.24362325981517008,3.95849609375,15.0
60.29390849463254,0.24362325981517008,3.95849609375,15.0
81.12966589741413,1.3215808895645087,3.95849609375,15.0
81.12966589741413,0.24362325981517008,1.20751953125,15.0
60.29390849463254,1.3215808895645087,1.20751953125,15.0
2.5655453004431714,24.362325981517007,1.70849609375,15.0
1.9066607987681297,24.362325981517007,1.70849609375,15.0
2.5655453004431714,0.013215808895645087,1.70849609375,0.5396984924623189
2.5655453004431714,24.362325981517007,3.45751953125,15.0
1.9066607987681297,0.013215808895645087,3.45751953125,0.42211055276382337
1.0818814825845169,0.7704043920109092,1.14599609375,15.0
0.804032192064868,0.7704043920109092,1.14599609375,15.0
1.0818814825845169,0.041792057231753,1.14599609375,15.0
1.0818814825845169,0.7704043920109092,4.02001953125,15.0
0.804032192064868,0.041792057231753,4.02001953125,0.4271356783919642
34.212096433268634,77.04043920109092,3.39599609375,15.0
25.425730390229436,77.04043920109092,3.39599609375,15.0
34.212096433268634,4.1792057231753,3.39599609375,15.0
34.212096433268634,77.04043920109092,1.77001953125,15.0
25.425730390229436,4.1792057231753,1.77001953125,15.0
6.083866666154767,0.07704043920109092,2.27099609375,15.0
0.14297938921574152,0.07704043920109092,2.27099609375,15.0
6.083866666154767,41.792057231753,2.27099609375,15.0
6.083866666154767,0.07704043920109092,0.64501953125,15.0
0.14297938921574152,41.792057231753,0.64501953125,15.0
0.19238875645824297,7.704043920109092,4.52099609375,15.0
4.521405283814591,7.704043920109092,4.52099609375,15.0
0.19238875645824297,0.41792057231753,4.52099609375,15.0
0.19238875645824297,7.704043920109092,2.89501953125,15.0
4.521405283814591,0.41792057231753,2.89501953125,15.0
0.15503497640502142,0.05777217924132721,0.72412109375,15.0
2.366047382136408,0.05777217924132721,0.72412109375,15.0
0.15503497640502142,3.133962171418216,0.72412109375,15.0
0.15503497640502142,0.05777217924132721,1.62939453125,15.0
2.366047382136408,3.133962171418216,1.62939453125,15.0
4.902636424303311,5.777217924132721,2.97412109375,15.0
74.82098779429839,5.777217924132721,2.97412109375,15.0
4.902636424303311,0.031339621714182156,2.97412109375,15.0
4.902636424303311,5.777217924132721,3.87939453125,15.0
74.82098779429839,0.031339621714182156,3.87939453125,15.0
27.569550637691982,0.577721792413272,1.84912109375,15.0
0.4207493342829669,0.577721792413272,1.84912109375,15.0
27.569550637691982,0.3133962171418216,1.84912109375,15.0
27.569550637691982,0.577721792413272,2.75439453125,15.0
0.4207493342829669,0.3133962171418216,2.75439453125,15.0
0.8718257408245426,57.77217924132721,4.09912109375,15.0
13.305262203337438,57.77217924132721,4.09912109375,15.0
0.8718257408245426,31.339621714182158,4.09912109375,15.0
0.8718257408245426,57.77217924132721,0.50439453125,15.0
13.305262203337438,31.339621714182158,0.50439453125,15.0
2.0674246377103134,0.18269167179409243,3.53662109375,15.0
5.6107825483478715,0.18269167179409243,3.53662109375,15.0
2.0674246377103134,99.10458562488608,3.53662109375,15.0
2.0674246377103134,0.18269167179409243,2.19189453125,15.0
5.6107825483478715,99.10458562488608,2.19189453125,15.0
65.37770745913029,18.26916717940924,1.28662109375,15.0
0.17742852308703086,18.26916717940924,1.28662109375,15.0
65.37770745913029,0.9910458562488609,1.28662109375,15.0
65.37770745913029,18.26916717940924,4.44189453125,15.0
0.17742852308703086,0.9910458562488609,4.44189453125,15.0
11.625983105011949,0.018269167179409244,4.66162109375,0.4793969849246289
31.551748935928263,0.018269167179409244,4.66162109375,0.5909547738693555
11.625983105011949,0.09910458562488608,4.66162109375,15.0
11.625983105011949,0.018269167179409244,3.31689453125,0.5628140703517668
31.551748935928263,0.09910458562488608,3.31689453125,15.0
0.36764586650474296,1.8269167179409243,2.41162109375,15.0
0.9977539079932738,1.8269167179409243,2.41162109375,15.0
0.36764586650474296,9.910458562488609,2.41162109375,15.0
0.36764586650474296,1.8269167179409243,1.06689453125,15.0
0.9977539079932738,9.910458562488609,1.06689453125,15.0
0.23874247263309994,0.3248768383370232,4.94287109375,15.0
0.11521882381041357,0.3248768383370232,4.94287109375,15.0
0.23874247263309994,0.017623564405717433,4.94287109375,0.38291457286432484
0.23874247263309994,0.3248768383370232,0.78564453125,15.0
0.11521882381041357,0.017623564405717433,0.78564453125,15.0
7.549699877410127,32.48768383370232,2.69287109375,15.0
3.6435391256654737,32.48768383370232,2.69287109375,15.0
7.549699877410127,1.7623564405717433,2.69287109375,15.0
7.549699877410127,32.48768383370232,3.03564453125,15.0
3.6435391256654737,1.7623564405717433,3.03564453125,15.0
42.45508233852227,0.03248768383370232,3.81787109375,15.0
0.6479230606842131,0.03248768383370232,3.81787109375,0.41608040201005436
42.45508233852227,17.623564405717435,3.81787109375,15.0
42.45508233852227,0.03248768383370232,4.16064453125,15.0
0.6479230606842131,17.623564405717435,4.16064453125,15.0
1.3425475843971808,3.248768383370232,1.56787109375,15.0
20.489126203096085,3.248768383370232,1.56787109375,15.0
1.3425475843971808,0.17623564405717435,1.56787109375,15.0
1.3425475843971808,3.248768383370232,1.91064453125,15.0
20.489126203096085,0.17623564405717435,1.91064453125,15.0
0.5661476220267806,0.010273507681793026,2.13037109375,0.4120603015075417
48.58737513000528,0.010273507681793026,2.13037109375,15.0
0.5661476220267806,0.5573060401273886,2.13037109375,15.0
0.5661476220267806,0.010273507681793026,1.34814453125,0.4402010050251304
48.58737513000528,0.5573060401273886,1.34814453125,15.0
17.903159774927396,1.0273507681793026,4.38037109375,15.0
1.536467709398364,1.0273507681793026,4.38037109375,15.0
17.903159774927396,55.73060401273886,4.38037109375,15.0
17.903159774927396,1.0273507681793026,3.59814453125,15.0
1.536467709398364,55.73060401273886,3.59814453125,15.0
3.1836820402390464,0.10273507681793025,1.00537109375,15.0
8.640192878152561,0.10273507681793025,1.00537109375,15.0
3.1836820402390464,5.573060401273886,1.00537109375,15.0
3.1836820402390464,0.10273507681793025,4.72314453125,15.0
8.640192878152561,5.573060401273886,4.72314453125,15.0
0.10067686592927225,10.273507681793026,3.25537109375,15.0
0.2732268891812778,10.273507681793026,3.25537109375,15.0
0.10067686592927225,0.05573060401273886,3.25537109375,0.40402010050251635
0.10067686592927225,10.273507681793026,2.47314453125,15.0
0.2732268891812778,0.05573060401273886,2.47314453125,15.0
