L: 0.66, u_super: 0.00005, sec: 80.267, t_ads: 2150.0, t_des: 16842.0, bed_util_ads: 0.056, bed_util_des: 0.039, frac_lost: 0.010, li_recovered:  1.263
L: 0.96, u_super: 0.00002, sec: inf, t_ads: 2056.0, t_des: 0.0, bed_util_ads: 0.071, bed_util_des: 0.071, frac_lost: 0.010, li_recovered:  0.000
L: 0.88, u_super: 0.00003, sec: inf, t_ads: 1377.0, t_des: 0.0, bed_util_ads: 0.087, bed_util_des: 0.087, frac_lost: 0.010, li_recovered:  0.000
L: 0.32, u_super: 0.00004, sec: 32.333, t_ads: 992.0, t_des: 2010.0, bed_util_ads: 0.095, bed_util_des: 0.090, frac_lost: 0.010, li_recovered:  0.346
L: 0.53, u_super: 0.00004, sec: 42.114, t_ads: 1775.0, t_des: 6945.0, bed_util_ads: 0.071, bed_util_des: 0.059, frac_lost: 0.010, li_recovered:  0.827
L: 0.62, u_super: 0.00002, sec: inf, t_ads: 2202.0, t_des: 0.0, bed_util_ads: 0.069, bed_util_des: 0.069, frac_lost: 0.010, li_recovered:  0.000
L: 0.44, u_super: 0.00002, sec: inf, t_ads: 828.0, t_des: 0.0, bed_util_ads: 0.113, bed_util_des: 0.113, frac_lost: 0.010, li_recovered:  0.000
L: 0.50, u_super: 0.00003, sec: inf, t_ads: 524.0, t_des: 0.0, bed_util_ads: 0.143, bed_util_des: 0.143, frac_lost: 0.010, li_recovered:  0.000
L: 0.97, u_super: 0.00004, sec: inf, t_ads: 1400.0, t_des: 0.0, bed_util_ads: 0.087, bed_util_des: 0.087, frac_lost: 0.010, li_recovered:  0.000
L: 0.49, u_super: 0.00002, sec: inf, t_ads: 534.0, t_des: 0.0, bed_util_ads: 0.141, bed_util_des: 0.141, frac_lost: 0.010, li_recovered:  0.000
L: 0.66, u_super: 0.00001, sec: inf, t_ads: 1126.0, t_des: 0.0, bed_util_ads: 0.096, bed_util_des: 0.096, frac_lost: 0.010, li_recovered:  0.000
L: 0.84, u_super: 0.00003, sec: inf, t_ads: 588.0, t_des: 0.0, bed_util_ads: 0.134, bed_util_des: 0.134, frac_lost: 0.010, li_recovered:  0.000
L: 0.33, u_super: 0.00003, sec: 21.067, t_ads: 1296.0, t_des: 2853.0, bed_util_ads: 0.086, bed_util_des: 0.080, frac_lost: 0.010, li_recovered:  0.442
L: 0.34, u_super: 0.00004, sec: inf, t_ads: 653.0, t_des: 0.0, bed_util_ads: 0.127, bed_util_des: 0.127, frac_lost: 0.010, li_recovered:  0.000
L: 0.72, u_super: 0.00002, sec: inf, t_ads: 685.0, t_des: 0.0, bed_util_ads: 0.124, bed_util_des: 0.124, frac_lost: 0.010, li_recovered:  0.000
L: 0.66, u_super: 0.00003, sec: inf, t_ads: 823.0, t_des: 0.0, bed_util_ads: 0.113, bed_util_des: 0.113, frac_lost: 0.010, li_recovered:  0.000
L: 0.40, u_super: 0.00004, sec: inf, t_ads: 880.0, t_des: 0.0, bed_util_ads: 0.108, bed_util_des: 0.108, frac_lost: 0.010, li_recovered:  0.000
L: 0.85, u_super: 0.00002, sec: inf, t_ads: 740.0, t_des: 0.0, bed_util_ads: 0.119, bed_util_des: 0.119, frac_lost: 0.010, li_recovered:  0.000
L: 0.43, u_super: 0.00001, sec: inf, t_ads: 664.0, t_des: 0.0, bed_util_ads: 0.126, bed_util_des: 0.126, frac_lost: 0.010, li_recovered:  0.000
L: 0.90, u_super: 0.00005, sec: 629.142, t_ads: 1655.0, t_des: 733.0, bed_util_ads: 0.082, bed_util_des: 0.081, frac_lost: 0.010, li_recovered:  0.018
L: 0.49, u_super: 0.00001, sec: inf, t_ads: 1064.0, t_des: 0.0, bed_util_ads: 0.099, bed_util_des: 0.099, frac_lost: 0.010, li_recovered:  0.000
L: 0.80, u_super: 0.00004, sec: 51.397, t_ads: 2387.0, t_des: 7109.0, bed_util_ads: 0.068, bed_util_des: 0.057, frac_lost: 0.010, li_recovered:  0.807
L: 0.45, u_super: 0.00004, sec: inf, t_ads: 728.0, t_des: 0.0, bed_util_ads: 0.120, bed_util_des: 0.120, frac_lost: 0.010, li_recovered:  0.000
L: 0.97, u_super: 0.00002, sec: inf, t_ads: 1693.0, t_des: 0.0, bed_util_ads: 0.078, bed_util_des: 0.078, frac_lost: 0.010, li_recovered:  0.000
L: 0.93, u_super: 0.00003, sec: inf, t_ads: 1232.0, t_des: 0.0, bed_util_ads: 0.092, bed_util_des: 0.092, frac_lost: 0.010, li_recovered:  0.000
L: 0.32, u_super: 0.00004, sec: inf, t_ads: 574.0, t_des: 0.0, bed_util_ads: 0.136, bed_util_des: 0.136, frac_lost: 0.010, li_recovered:  0.000
L: 0.88, u_super: 0.00005, sec: inf, t_ads: 1018.0, t_des: 0.0, bed_util_ads: 0.102, bed_util_des: 0.102, frac_lost: 0.010, li_recovered:  0.000
L: 0.47, u_super: 0.00004, sec: 47.984, t_ads: 1768.0, t_des: 11600.0, bed_util_ads: 0.062, bed_util_des: 0.048, frac_lost: 0.010, li_recovered:  1.071
L: 0.88, u_super: 0.00001, sec: inf, t_ads: 705.0, t_des: 0.0, bed_util_ads: 0.122, bed_util_des: 0.122, frac_lost: 0.010, li_recovered:  0.000
L: 0.42, u_super: 0.00003, sec: 16.139, t_ads: 2106.0, t_des: 5881.0, bed_util_ads: 0.071, bed_util_des: 0.061, frac_lost: 0.010, li_recovered:  0.716
L: 0.78, u_super: 0.00002, sec: inf, t_ads: 2266.0, t_des: 0.0, bed_util_ads: 0.067, bed_util_des: 0.067, frac_lost: 0.010, li_recovered:  0.000
L: 0.30, u_super: 0.00002, sec: 11.134, t_ads: 1664.0, t_des: 2909.0, bed_util_ads: 0.080, bed_util_des: 0.075, frac_lost: 0.010, li_recovered:  0.400
L: 0.37, u_super: 0.00004, sec: 27.189, t_ads: 1424.0, t_des: 4657.0, bed_util_ads: 0.078, bed_util_des: 0.069, frac_lost: 0.010, li_recovered:  0.646
L: 0.81, u_super: 0.00004, sec: 121.974, t_ads: 1887.0, t_des: 1141.0, bed_util_ads: 0.077, bed_util_des: 0.076, frac_lost: 0.010, li_recovered:  0.075
L: 0.91, u_super: 0.00004, sec: inf, t_ads: 728.0, t_des: 0.0, bed_util_ads: 0.120, bed_util_des: 0.120, frac_lost: 0.010, li_recovered:  0.000
L: 0.54, u_super: 0.00003, sec: 30.510, t_ads: 2486.0, t_des: 12297.0, bed_util_ads: 0.061, bed_util_des: 0.046, frac_lost: 0.010, li_recovered:  1.131
L: 1.00, u_super: 0.00002, sec: 35.802, t_ads: 3966.0, t_des: 3030.0, bed_util_ads: 0.056, bed_util_des: 0.053, frac_lost: 0.010, li_recovered:  0.176
L: 0.35, u_super: 0.00002, sec: inf, t_ads: 803.0, t_des: 0.0, bed_util_ads: 0.115, bed_util_des: 0.115, frac_lost: 0.010, li_recovered:  0.000
L: 0.79, u_super: 0.00002, sec: inf, t_ads: 2448.0, t_des: 0.0, bed_util_ads: 0.065, bed_util_des: 0.065, frac_lost: 0.010, li_recovered:  0.000
L: 0.59, u_super: 0.00004, sec: 47.335, t_ads: 1620.0, t_des: 1814.0, bed_util_ads: 0.082, bed_util_des: 0.079, frac_lost: 0.010, li_recovered:  0.225
=================================================
n_gen  |  n_eval  |     f_avg     |     f_min    
=================================================
     1 |       40 |           INF |  1.113438E+01
L: 0.30, u_super: 0.00005, sec: 48.959, t_ads: 942.0, t_des: 5297.0, bed_util_ads: 0.077, bed_util_des: 0.068, frac_lost: 0.010, li_recovered:  0.680
L: 0.30, u_super: 0.00002, sec: 12.091, t_ads: 1613.0, t_des: 3497.0, bed_util_ads: 0.080, bed_util_des: 0.073, frac_lost: 0.010, li_recovered:  0.494
L: 0.31, u_super: 0.00003, sec: 27.711, t_ads: 1213.0, t_des: 1082.0, bed_util_ads: 0.093, bed_util_des: 0.091, frac_lost: 0.010, li_recovered:  0.128
L: 0.30, u_super: 0.00004, sec: 70.086, t_ads: 809.0, t_des: 683.0, bed_util_ads: 0.110, bed_util_des: 0.109, frac_lost: 0.010, li_recovered:  0.079
L: 0.30, u_super: 0.00004, sec: 43.443, t_ads: 1092.0, t_des: 7254.0, bed_util_ads: 0.071, bed_util_des: 0.059, frac_lost: 0.010, li_recovered:  0.807
L: 0.62, u_super: 0.00002, sec: inf, t_ads: 2179.0, t_des: 0.0, bed_util_ads: 0.070, bed_util_des: 0.070, frac_lost: 0.010, li_recovered:  0.000
L: 0.44, u_super: 0.00002, sec: inf, t_ads: 1296.0, t_des: 0.0, bed_util_ads: 0.090, bed_util_des: 0.090, frac_lost: 0.010, li_recovered:  0.000
L: 0.30, u_super: 0.00003, sec: inf, t_ads: 521.0, t_des: 0.0, bed_util_ads: 0.143, bed_util_des: 0.143, frac_lost: 0.010, li_recovered:  0.000
L: 0.35, u_super: 0.00001, sec: inf, t_ads: 1405.0, t_des: 0.0, bed_util_ads: 0.086, bed_util_des: 0.086, frac_lost: 0.010, li_recovered:  0.000
L: 0.30, u_super: 0.00002, sec: inf, t_ads: 534.0, t_des: 0.0, bed_util_ads: 0.141, bed_util_des: 0.141, frac_lost: 0.010, li_recovered:  0.000
L: 0.48, u_super: 0.00001, sec: inf, t_ads: 1125.0, t_des: 0.0, bed_util_ads: 0.096, bed_util_des: 0.096, frac_lost: 0.010, li_recovered:  0.000
L: 0.84, u_super: 0.00003, sec: inf, t_ads: 589.0, t_des: 0.0, bed_util_ads: 0.134, bed_util_des: 0.134, frac_lost: 0.010, li_recovered:  0.000
L: 0.37, u_super: 0.00001, sec: 4.517, t_ads: 3990.0, t_des: 9833.0, bed_util_ads: 0.059, bed_util_des: 0.046, frac_lost: 0.010, li_recovered:  0.896
L: 0.44, u_super: 0.00004, sec: inf, t_ads: 663.0, t_des: 0.0, bed_util_ads: 0.126, bed_util_des: 0.126, frac_lost: 0.010, li_recovered:  0.000
L: 0.72, u_super: 0.00002, sec: 15.366, t_ads: 4353.0, t_des: 11224.0, bed_util_ads: 0.057, bed_util_des: 0.044, frac_lost: 0.010, li_recovered:  0.977
L: 0.30, u_super: 0.00003, sec: inf, t_ads: 787.0, t_des: 0.0, bed_util_ads: 0.116, bed_util_des: 0.116, frac_lost: 0.010, li_recovered:  0.000
L: 0.40, u_super: 0.00002, sec: inf, t_ads: 966.0, t_des: 0.0, bed_util_ads: 0.104, bed_util_des: 0.104, frac_lost: 0.010, li_recovered:  0.000
L: 0.85, u_super: 0.00002, sec: inf, t_ads: 1976.0, t_des: 0.0, bed_util_ads: 0.072, bed_util_des: 0.072, frac_lost: 0.010, li_recovered:  0.000
L: 0.43, u_super: 0.00003, sec: inf, t_ads: 662.0, t_des: 0.0, bed_util_ads: 0.127, bed_util_des: 0.127, frac_lost: 0.010, li_recovered:  0.000
L: 0.46, u_super: 0.00005, sec: 43.782, t_ads: 1248.0, t_des: 2674.0, bed_util_ads: 0.087, bed_util_des: 0.081, frac_lost: 0.010, li_recovered:  0.421
L: 0.35, u_super: 0.00001, sec: inf, t_ads: 1063.0, t_des: 0.0, bed_util_ads: 0.099, bed_util_des: 0.099, frac_lost: 0.010, li_recovered:  0.000
L: 0.80, u_super: 0.00003, sec: 27.937, t_ads: 3101.0, t_des: 5975.0, bed_util_ads: 0.064, bed_util_des: 0.056, frac_lost: 0.010, li_recovered:  0.613
L: 0.45, u_super: 0.00002, sec: inf, t_ads: 736.0, t_des: 0.0, bed_util_ads: 0.120, bed_util_des: 0.120, frac_lost: 0.010, li_recovered:  0.000
L: 0.44, u_super: 0.00002, sec: 111.506, t_ads: 2119.0, t_des: 883.0, bed_util_ads: 0.073, bed_util_des: 0.073, frac_lost: 0.010, li_recovered:  0.016
L: 0.93, u_super: 0.00002, sec: inf, t_ads: 952.0, t_des: 0.0, bed_util_ads: 0.105, bed_util_des: 0.105, frac_lost: 0.010, li_recovered:  0.000
L: 0.30, u_super: 0.00004, sec: inf, t_ads: 571.0, t_des: 0.0, bed_util_ads: 0.136, bed_util_des: 0.136, frac_lost: 0.010, li_recovered:  0.000
L: 0.88, u_super: 0.00005, sec: 61.711, t_ads: 2102.0, t_des: 3611.0, bed_util_ads: 0.074, bed_util_des: 0.068, frac_lost: 0.010, li_recovered:  0.442
L: 0.47, u_super: 0.00004, sec: 36.925, t_ads: 1455.0, t_des: 3620.0, bed_util_ads: 0.081, bed_util_des: 0.074, frac_lost: 0.010, li_recovered:  0.528
L: 0.88, u_super: 0.00001, sec: inf, t_ads: 3132.0, t_des: 0.0, bed_util_ads: 0.057, bed_util_des: 0.057, frac_lost: 0.010, li_recovered:  0.000
L: 0.42, u_super: 0.00002, sec: 11.775, t_ads: 2395.0, t_des: 5245.0, bed_util_ads: 0.070, bed_util_des: 0.061, frac_lost: 0.010, li_recovered:  0.615
L: 0.30, u_super: 0.00002, sec: 8.714, t_ads: 1897.0, t_des: 3026.0, bed_util_ads: 0.077, bed_util_des: 0.072, frac_lost: 0.010, li_recovered:  0.384
L: 0.30, u_super: 0.00002, sec: 11.720, t_ads: 2148.0, t_des: 10235.0, bed_util_ads: 0.064, bed_util_des: 0.050, frac_lost: 0.010, li_recovered:  1.028
L: 0.37, u_super: 0.00002, sec: 10.902, t_ads: 2129.0, t_des: 2681.0, bed_util_ads: 0.074, bed_util_des: 0.069, frac_lost: 0.010, li_recovered:  0.309
L: 0.81, u_super: 0.00001, sec: inf, t_ads: 2006.0, t_des: 0.0, bed_util_ads: 0.071, bed_util_des: 0.071, frac_lost: 0.010, li_recovered:  0.000
L: 0.91, u_super: 0.00004, sec: 39.336, t_ads: 3116.0, t_des: 7723.0, bed_util_ads: 0.064, bed_util_des: 0.052, frac_lost: 0.010, li_recovered:  0.794
L: 0.30, u_super: 0.00003, sec: 33.935, t_ads: 1010.0, t_des: 1031.0, bed_util_ads: 0.100, bed_util_des: 0.098, frac_lost: 0.010, li_recovered:  0.140
L: 1.00, u_super: 0.00002, sec: inf, t_ads: 834.0, t_des: 0.0, bed_util_ads: 0.112, bed_util_des: 0.112, frac_lost: 0.010, li_recovered:  0.000
L: 0.35, u_super: 0.00001, sec: inf, t_ads: 806.0, t_des: 0.0, bed_util_ads: 0.114, bed_util_des: 0.114, frac_lost: 0.010, li_recovered:  0.000
L: 0.79, u_super: 0.00002, sec: inf, t_ads: 2399.0, t_des: 0.0, bed_util_ads: 0.068, bed_util_des: 0.068, frac_lost: 0.010, li_recovered:  0.000
L: 0.30, u_super: 0.00004, sec: 26.377, t_ads: 1106.0, t_des: 3248.0, bed_util_ads: 0.086, bed_util_des: 0.079, frac_lost: 0.010, li_recovered:  0.512
     2 |       80 |           INF |  4.5174665451
L: 0.30, u_super: 0.00005, sec: 105.355, t_ads: 1038.0, t_des: 19295.0, bed_util_ads: 0.049, bed_util_des: 0.035, frac_lost: 0.010, li_recovered:  1.031
L: 0.30, u_super: 0.00002, sec: 18.052, t_ads: 2122.0, t_des: 17597.0, bed_util_ads: 0.056, bed_util_des: 0.038, frac_lost: 0.010, li_recovered:  1.277
L: 0.31, u_super: 0.00003, sec: 19.436, t_ads: 1853.0, t_des: 11866.0, bed_util_ads: 0.062, bed_util_des: 0.047, frac_lost: 0.010, li_recovered:  1.088
L: 0.65, u_super: 0.00004, sec: inf, t_ads: 1348.0, t_des: 0.0, bed_util_ads: 0.090, bed_util_des: 0.090, frac_lost: 0.010, li_recovered:  0.000
L: 0.36, u_super: 0.00004, sec: 41.012, t_ads: 1285.0, t_des: 7264.0, bed_util_ads: 0.071, bed_util_des: 0.059, frac_lost: 0.010, li_recovered:  0.833
L: 0.62, u_super: 0.00002, sec: 9.372, t_ads: 5083.0, t_des: 13357.0, bed_util_ads: 0.055, bed_util_des: 0.040, frac_lost: 0.010, li_recovered:  1.075
L: 0.43, u_super: 0.00002, sec: inf, t_ads: 827.0, t_des: 0.0, bed_util_ads: 0.113, bed_util_des: 0.113, frac_lost: 0.010, li_recovered:  0.000
L: 0.50, u_super: 0.00003, sec: 30.401, t_ads: 2603.0, t_des: 17301.0, bed_util_ads: 0.056, bed_util_des: 0.038, frac_lost: 0.010, li_recovered:  1.311
L: 0.97, u_super: 0.00004, sec: 47.342, t_ads: 3031.0, t_des: 7553.0, bed_util_ads: 0.064, bed_util_des: 0.053, frac_lost: 0.010, li_recovered:  0.787
L: 0.49, u_super: 0.00002, sec: 9.226, t_ads: 3786.0, t_des: 10295.0, bed_util_ads: 0.060, bed_util_des: 0.046, frac_lost: 0.010, li_recovered:  0.953
L: 0.32, u_super: 0.00001, sec: inf, t_ads: 1119.0, t_des: 0.0, bed_util_ads: 0.097, bed_util_des: 0.097, frac_lost: 0.010, li_recovered:  0.000
L: 0.84, u_super: 0.00003, sec: 55.975, t_ads: 2236.0, t_des: 2215.0, bed_util_ads: 0.072, bed_util_des: 0.069, frac_lost: 0.010, li_recovered:  0.219
L: 0.37, u_super: 0.00002, sec: 10.562, t_ads: 2795.0, t_des: 11489.0, bed_util_ads: 0.062, bed_util_des: 0.046, frac_lost: 0.010, li_recovered:  1.087
L: 0.39, u_super: 0.00004, sec: inf, t_ads: 658.0, t_des: 0.0, bed_util_ads: 0.127, bed_util_des: 0.127, frac_lost: 0.010, li_recovered:  0.000
L: 0.72, u_super: 0.00002, sec: 14.302, t_ads: 4485.0, t_des: 11016.0, bed_util_ads: 0.057, bed_util_des: 0.044, frac_lost: 0.010, li_recovered:  0.948
L: 0.66, u_super: 0.00002, sec: 10.266, t_ads: 4668.0, t_des: 9457.0, bed_util_ads: 0.056, bed_util_des: 0.045, frac_lost: 0.010, li_recovered:  0.798
L: 0.40, u_super: 0.00004, sec: 39.598, t_ads: 1137.0, t_des: 2154.0, bed_util_ads: 0.091, bed_util_des: 0.086, frac_lost: 0.010, li_recovered:  0.352
L: 0.41, u_super: 0.00002, sec: inf, t_ads: 740.0, t_des: 0.0, bed_util_ads: 0.119, bed_util_des: 0.119, frac_lost: 0.010, li_recovered:  0.000
L: 0.43, u_super: 0.00003, sec: 20.899, t_ads: 2414.0, t_des: 12159.0, bed_util_ads: 0.062, bed_util_des: 0.046, frac_lost: 0.010, li_recovered:  1.124
L: 0.33, u_super: 0.00005, sec: 38.677, t_ads: 1000.0, t_des: 3083.0, bed_util_ads: 0.088, bed_util_des: 0.081, frac_lost: 0.010, li_recovered:  0.496
L: 0.34, u_super: 0.00001, sec: inf, t_ads: 1063.0, t_des: 0.0, bed_util_ads: 0.099, bed_util_des: 0.099, frac_lost: 0.010, li_recovered:  0.000
L: 0.80, u_super: 0.00002, sec: 23.420, t_ads: 3580.0, t_des: 3448.0, bed_util_ads: 0.059, bed_util_des: 0.056, frac_lost: 0.010, li_recovered:  0.251
L: 0.36, u_super: 0.00004, sec: inf, t_ads: 716.0, t_des: 0.0, bed_util_ads: 0.121, bed_util_des: 0.121, frac_lost: 0.010, li_recovered:  0.000
L: 0.44, u_super: 0.00001, sec: inf, t_ads: 2191.0, t_des: 0.0, bed_util_ads: 0.069, bed_util_des: 0.069, frac_lost: 0.010, li_recovered:  0.000
L: 0.35, u_super: 0.00003, sec: inf, t_ads: 1145.0, t_des: 0.0, bed_util_ads: 0.096, bed_util_des: 0.096, frac_lost: 0.010, li_recovered:  0.000
L: 0.32, u_super: 0.00004, sec: inf, t_ads: 575.0, t_des: 0.0, bed_util_ads: 0.136, bed_util_des: 0.136, frac_lost: 0.010, li_recovered:  0.000
L: 0.57, u_super: 0.00005, sec: 47.380, t_ads: 1623.0, t_des: 4787.0, bed_util_ads: 0.077, bed_util_des: 0.068, frac_lost: 0.010, li_recovered:  0.646
L: 0.47, u_super: 0.00001, sec: inf, t_ads: 2117.0, t_des: 0.0, bed_util_ads: 0.070, bed_util_des: 0.070, frac_lost: 0.010, li_recovered:  0.000
L: 0.37, u_super: 0.00001, sec: inf, t_ads: 705.0, t_des: 0.0, bed_util_ads: 0.122, bed_util_des: 0.122, frac_lost: 0.010, li_recovered:  0.000
L: 0.59, u_super: 0.00002, sec: 16.918, t_ads: 2801.0, t_des: 3652.0, bed_util_ads: 0.066, bed_util_des: 0.061, frac_lost: 0.010, li_recovered:  0.362
L: 0.30, u_super: 0.00001, sec: inf, t_ads: 2194.0, t_des: 0.0, bed_util_ads: 0.071, bed_util_des: 0.071, frac_lost: 0.010, li_recovered:  0.000
L: 0.30, u_super: 0.00002, sec: 16.225, t_ads: 2357.0, t_des: 20292.0, bed_util_ads: 0.054, bed_util_des: 0.035, frac_lost: 0.010, li_recovered:  1.358
L: 0.37, u_super: 0.00002, sec: 9.787, t_ads: 3083.0, t_des: 13370.0, bed_util_ads: 0.059, bed_util_des: 0.043, frac_lost: 0.010, li_recovered:  1.177
L: 0.81, u_super: 0.00004, sec: 63.507, t_ads: 3595.0, t_des: 30362.0, bed_util_ads: 0.049, bed_util_des: 0.027, frac_lost: 0.010, li_recovered:  1.618
L: 0.71, u_super: 0.00004, sec: 35.688, t_ads: 2652.0, t_des: 8532.0, bed_util_ads: 0.065, bed_util_des: 0.052, frac_lost: 0.010, li_recovered:  0.903
L: 0.54, u_super: 0.00003, sec: 26.604, t_ads: 2227.0, t_des: 7007.0, bed_util_ads: 0.069, bed_util_des: 0.058, frac_lost: 0.010, li_recovered:  0.810
L: 1.00, u_super: 0.00002, sec: 17.806, t_ads: 6792.0, t_des: 19402.0, bed_util_ads: 0.051, bed_util_des: 0.033, frac_lost: 0.010, li_recovered:  1.325
L: 0.31, u_super: 0.00002, sec: inf, t_ads: 800.0, t_des: 0.0, bed_util_ads: 0.115, bed_util_des: 0.115, frac_lost: 0.010, li_recovered:  0.000
L: 0.33, u_super: 0.00002, sec: 8.095, t_ads: 2152.0, t_des: 2815.0, bed_util_ads: 0.073, bed_util_des: 0.069, frac_lost: 0.010, li_recovered:  0.326
L: 0.30, u_super: 0.00004, sec: 39.907, t_ads: 1306.0, t_des: 11561.0, bed_util_ads: 0.061, bed_util_des: 0.048, frac_lost: 0.010, li_recovered:  1.000
     3 |      120 |           INF |  4.5174665451
L: 0.34, u_super: 0.00005, sec: 48.925, t_ads: 1047.0, t_des: 5306.0, bed_util_ads: 0.077, bed_util_des: 0.068, frac_lost: 0.010, li_recovered:  0.693
L: 0.30, u_super: 0.00001, sec: 9.590, t_ads: 2012.0, t_des: 1720.0, bed_util_ads: 0.075, bed_util_des: 0.073, frac_lost: 0.010, li_recovered:  0.164
L: 0.31, u_super: 0.00003, sec: 29.559, t_ads: 1986.0, t_des: 24054.0, bed_util_ads: 0.050, bed_util_des: 0.031, frac_lost: 0.010, li_recovered:  1.358
L: 0.32, u_super: 0.00004, sec: 58.608, t_ads: 1289.0, t_des: 15676.0, bed_util_ads: 0.055, bed_util_des: 0.040, frac_lost: 0.010, li_recovered:  1.080
L: 0.36, u_super: 0.00004, sec: 40.465, t_ads: 1279.0, t_des: 7008.0, bed_util_ads: 0.072, bed_util_des: 0.060, frac_lost: 0.010, li_recovered:  0.818
L: 0.54, u_super: 0.00002, sec: 8.867, t_ads: 4625.0, t_des: 13947.0, bed_util_ads: 0.056, bed_util_des: 0.040, frac_lost: 0.010, li_recovered:  1.144
L: 0.44, u_super: 0.00002, sec: 13.411, t_ads: 3064.0, t_des: 12774.0, bed_util_ads: 0.060, bed_util_des: 0.044, frac_lost: 0.010, li_recovered:  1.148
L: 0.62, u_super: 0.00003, sec: 30.566, t_ads: 3161.0, t_des: 17011.0, bed_util_ads: 0.056, bed_util_des: 0.038, frac_lost: 0.010, li_recovered:  1.321
L: 0.97, u_super: 0.00004, sec: 93.025, t_ads: 4111.0, t_des: 42710.0, bed_util_ads: 0.046, bed_util_des: 0.021, frac_lost: 0.010, li_recovered:  1.772
L: 0.31, u_super: 0.00002, sec: 7.405, t_ads: 2352.0, t_des: 5998.0, bed_util_ads: 0.069, bed_util_des: 0.060, frac_lost: 0.010, li_recovered:  0.704
L: 0.66, u_super: 0.00001, sec: inf, t_ads: 1126.0, t_des: 0.0, bed_util_ads: 0.096, bed_util_des: 0.096, frac_lost: 0.010, li_recovered:  0.000
L: 0.38, u_super: 0.00003, sec: 26.317, t_ads: 1477.0, t_des: 4672.0, bed_util_ads: 0.078, bed_util_des: 0.069, frac_lost: 0.010, li_recovered:  0.645
L: 0.37, u_super: 0.00001, sec: 13.166, t_ads: 2618.0, t_des: 1619.0, bed_util_ads: 0.067, bed_util_des: 0.065, frac_lost: 0.010, li_recovered:  0.094
L: 0.48, u_super: 0.00004, sec: inf, t_ads: 664.0, t_des: 0.0, bed_util_ads: 0.126, bed_util_des: 0.126, frac_lost: 0.010, li_recovered:  0.000
L: 0.72, u_super: 0.00002, sec: 14.015, t_ads: 4523.0, t_des: 10954.0, bed_util_ads: 0.057, bed_util_des: 0.044, frac_lost: 0.010, li_recovered:  0.940
L: 0.66, u_super: 0.00002, sec: 11.506, t_ads: 6101.0, t_des: 24441.0, bed_util_ads: 0.051, bed_util_des: 0.029, frac_lost: 0.010, li_recovered:  1.539
L: 0.35, u_super: 0.00004, sec: 36.115, t_ads: 1034.0, t_des: 2368.0, bed_util_ads: 0.092, bed_util_des: 0.086, frac_lost: 0.010, li_recovered:  0.399
L: 0.85, u_super: 0.00002, sec: 13.729, t_ads: 5551.0, t_des: 11609.0, bed_util_ads: 0.054, bed_util_des: 0.041, frac_lost: 0.010, li_recovered:  0.903
L: 0.30, u_super: 0.00003, sec: 20.826, t_ads: 1772.0, t_des: 12430.0, bed_util_ads: 0.061, bed_util_des: 0.046, frac_lost: 0.010, li_recovered:  1.099
L: 0.33, u_super: 0.00001, sec: inf, t_ads: 1733.0, t_des: 0.0, bed_util_ads: 0.078, bed_util_des: 0.078, frac_lost: 0.010, li_recovered:  0.000
L: 0.53, u_super: 0.00001, sec: inf, t_ads: 1064.0, t_des: 0.0, bed_util_ads: 0.099, bed_util_des: 0.099, frac_lost: 0.010, li_recovered:  0.000
L: 0.80, u_super: 0.00002, sec: 16.553, t_ads: 4209.0, t_des: 6524.0, bed_util_ads: 0.057, bed_util_des: 0.050, frac_lost: 0.010, li_recovered:  0.542
L: 0.37, u_super: 0.00004, sec: inf, t_ads: 719.0, t_des: 0.0, bed_util_ads: 0.121, bed_util_des: 0.121, frac_lost: 0.010, li_recovered:  0.000
L: 0.47, u_super: 0.00002, sec: 22.519, t_ads: 2034.0, t_des: 1783.0, bed_util_ads: 0.075, bed_util_des: 0.073, frac_lost: 0.010, li_recovered:  0.172
L: 0.32, u_super: 0.00001, sec: 4.212, t_ads: 4096.0, t_des: 15142.0, bed_util_ads: 0.057, bed_util_des: 0.039, frac_lost: 0.010, li_recovered:  1.233
L: 0.32, u_super: 0.00002, sec: inf, t_ads: 586.0, t_des: 0.0, bed_util_ads: 0.135, bed_util_des: 0.135, frac_lost: 0.010, li_recovered:  0.000
L: 0.33, u_super: 0.00005, sec: 43.826, t_ads: 1073.0, t_des: 5325.0, bed_util_ads: 0.077, bed_util_des: 0.068, frac_lost: 0.010, li_recovered:  0.697
L: 0.47, u_super: 0.00004, sec: 41.319, t_ads: 1675.0, t_des: 7936.0, bed_util_ads: 0.069, bed_util_des: 0.057, frac_lost: 0.010, li_recovered:  0.894
L: 0.41, u_super: 0.00001, sec: 6.556, t_ads: 4829.0, t_des: 21991.0, bed_util_ads: 0.053, bed_util_des: 0.032, frac_lost: 0.010, li_recovered:  1.481
L: 0.42, u_super: 0.00002, sec: 15.694, t_ads: 3169.0, t_des: 20244.0, bed_util_ads: 0.054, bed_util_des: 0.034, frac_lost: 0.010, li_recovered:  1.415
L: 0.30, u_super: 0.00001, sec: 14.707, t_ads: 2160.0, t_des: 1238.0, bed_util_ads: 0.072, bed_util_des: 0.072, frac_lost: 0.010, li_recovered:  0.070
L: 0.30, u_super: 0.00001, sec: 259.572, t_ads: 1992.0, t_des: 760.0, bed_util_ads: 0.075, bed_util_des: 0.075, frac_lost: 0.010, li_recovered:  0.003
L: 0.37, u_super: 0.00001, sec: 7.565, t_ads: 2639.0, t_des: 3371.0, bed_util_ads: 0.068, bed_util_des: 0.063, frac_lost: 0.010, li_recovered:  0.343
L: 0.81, u_super: 0.00004, sec: 41.089, t_ads: 3094.0, t_des: 11695.0, bed_util_ads: 0.061, bed_util_des: 0.046, frac_lost: 0.010, li_recovered:  1.089
L: 0.71, u_super: 0.00004, sec: 63.638, t_ads: 1831.0, t_des: 1536.0, bed_util_ads: 0.078, bed_util_des: 0.076, frac_lost: 0.010, li_recovered:  0.153
L: 0.54, u_super: 0.00001, sec: inf, t_ads: 3479.0, t_des: 0.0, bed_util_ads: 0.057, bed_util_des: 0.057, frac_lost: 0.010, li_recovered:  0.000
L: 0.32, u_super: 0.00001, sec: 4.844, t_ads: 5042.0, t_des: 29274.0, bed_util_ads: 0.050, bed_util_des: 0.027, frac_lost: 0.010, li_recovered:  1.656
L: 0.36, u_super: 0.00002, sec: inf, t_ads: 803.0, t_des: 0.0, bed_util_ads: 0.115, bed_util_des: 0.115, frac_lost: 0.010, li_recovered:  0.000
L: 0.33, u_super: 0.00001, sec: 8.608, t_ads: 4203.0, t_des: 36146.0, bed_util_ads: 0.047, bed_util_des: 0.023, frac_lost: 0.010, li_recovered:  1.722
L: 0.43, u_super: 0.00004, sec: 30.959, t_ads: 1382.0, t_des: 2722.0, bed_util_ads: 0.085, bed_util_des: 0.079, frac_lost: 0.010, li_recovered:  0.411
     4 |      160 |           INF |  4.2118368149
L: 0.40, u_super: 0.00005, sec: 47.915, t_ads: 1015.0, t_des: 1910.0, bed_util_ads: 0.095, bed_util_des: 0.090, frac_lost: 0.010, li_recovered:  0.326
L: 0.30, u_super: 0.00002, sec: 11.518, t_ads: 1647.0, t_des: 3407.0, bed_util_ads: 0.080, bed_util_des: 0.073, frac_lost: 0.010, li_recovered:  0.477
L: 0.37, u_super: 0.00003, sec: 19.461, t_ads: 2114.0, t_des: 11767.0, bed_util_ads: 0.062, bed_util_des: 0.047, frac_lost: 0.010, li_recovered:  1.099
L: 0.32, u_super: 0.00001, sec: inf, t_ads: 1420.0, t_des: 0.0, bed_util_ads: 0.086, bed_util_des: 0.086, frac_lost: 0.010, li_recovered:  0.000
L: 0.36, u_super: 0.00004, sec: 40.467, t_ads: 1277.0, t_des: 7008.0, bed_util_ads: 0.072, bed_util_des: 0.060, frac_lost: 0.010, li_recovered:  0.818
L: 0.30, u_super: 0.00002, sec: 17.015, t_ads: 2093.0, t_des: 15926.0, bed_util_ads: 0.057, bed_util_des: 0.040, frac_lost: 0.010, li_recovered:  1.234
L: 0.44, u_super: 0.00001, sec: 4.339, t_ads: 4915.0, t_des: 10006.0, bed_util_ads: 0.055, bed_util_des: 0.044, frac_lost: 0.010, li_recovered:  0.824
L: 0.50, u_super: 0.00003, sec: 50.668, t_ads: 2796.0, t_des: 37879.0, bed_util_ads: 0.045, bed_util_des: 0.023, frac_lost: 0.010, li_recovered:  1.607
L: 0.97, u_super: 0.00004, sec: 92.276, t_ads: 4108.0, t_des: 42247.0, bed_util_ads: 0.046, bed_util_des: 0.021, frac_lost: 0.010, li_recovered:  1.768
L: 0.31, u_super: 0.00002, sec: 9.689, t_ads: 2926.0, t_des: 17908.0, bed_util_ads: 0.056, bed_util_des: 0.037, frac_lost: 0.010, li_recovered:  1.343
L: 0.66, u_super: 0.00001, sec: inf, t_ads: 1126.0, t_des: 0.0, bed_util_ads: 0.096, bed_util_des: 0.096, frac_lost: 0.010, li_recovered:  0.000
L: 0.38, u_super: 0.00001, sec: inf, t_ads: 2405.0, t_des: 0.0, bed_util_ads: 0.067, bed_util_des: 0.067, frac_lost: 0.010, li_recovered:  0.000
L: 0.37, u_super: 0.00001, sec: 6.242, t_ads: 5150.0, t_des: 30707.0, bed_util_ads: 0.049, bed_util_des: 0.026, frac_lost: 0.010, li_recovered:  1.683
L: 0.34, u_super: 0.00001, sec: 3.888, t_ads: 4624.0, t_des: 15360.0, bed_util_ads: 0.056, bed_util_des: 0.038, frac_lost: 0.010, li_recovered:  1.223
L: 0.72, u_super: 0.00001, sec: 8.081, t_ads: 5858.0, t_des: 6471.0, bed_util_ads: 0.049, bed_util_des: 0.044, frac_lost: 0.010, li_recovered:  0.380
L: 0.30, u_super: 0.00002, sec: 7.725, t_ads: 2754.0, t_des: 12311.0, bed_util_ads: 0.061, bed_util_des: 0.045, frac_lost: 0.010, li_recovered:  1.131
L: 0.53, u_super: 0.00004, sec: 54.841, t_ads: 1306.0, t_des: 1626.0, bed_util_ads: 0.090, bed_util_des: 0.086, frac_lost: 0.010, li_recovered:  0.227
L: 0.85, u_super: 0.00002, sec: 14.913, t_ads: 4902.0, t_des: 8037.0, bed_util_ads: 0.055, bed_util_des: 0.046, frac_lost: 0.010, li_recovered:  0.627
L: 0.30, u_super: 0.00003, sec: 20.165, t_ads: 1797.0, t_des: 12427.0, bed_util_ads: 0.061, bed_util_des: 0.046, frac_lost: 0.010, li_recovered:  1.102
L: 0.32, u_super: 0.00005, sec: 38.132, t_ads: 954.0, t_des: 2547.0, bed_util_ads: 0.092, bed_util_des: 0.086, frac_lost: 0.010, li_recovered:  0.432
L: 0.49, u_super: 0.00001, sec: 4.597, t_ads: 5861.0, t_des: 13920.0, bed_util_ads: 0.053, bed_util_des: 0.038, frac_lost: 0.010, li_recovered:  1.053
L: 0.33, u_super: 0.00002, sec: 9.952, t_ads: 2365.0, t_des: 8781.0, bed_util_ads: 0.066, bed_util_des: 0.053, frac_lost: 0.010, li_recovered:  0.937
L: 0.45, u_super: 0.00004, sec: 37.134, t_ads: 1921.0, t_des: 11985.0, bed_util_ads: 0.062, bed_util_des: 0.047, frac_lost: 0.010, li_recovered:  1.097
L: 0.47, u_super: 0.00002, sec: 13.601, t_ads: 3073.0, t_des: 10933.0, bed_util_ads: 0.062, bed_util_des: 0.047, frac_lost: 0.010, li_recovered:  1.045
L: 0.32, u_super: 0.00001, sec: 4.350, t_ads: 3005.0, t_des: 4727.0, bed_util_ads: 0.065, bed_util_des: 0.058, frac_lost: 0.010, li_recovered:  0.480
L: 0.31, u_super: 0.00004, sec: inf, t_ads: 573.0, t_des: 0.0, bed_util_ads: 0.136, bed_util_des: 0.136, frac_lost: 0.010, li_recovered:  0.000
L: 0.33, u_super: 0.00002, sec: 9.752, t_ads: 2003.0, t_des: 3934.0, bed_util_ads: 0.075, bed_util_des: 0.068, frac_lost: 0.010, li_recovered:  0.501
L: 0.32, u_super: 0.00004, sec: 33.230, t_ads: 1089.0, t_des: 4125.0, bed_util_ads: 0.082, bed_util_des: 0.074, frac_lost: 0.010, li_recovered:  0.603
L: 0.31, u_super: 0.00001, sec: 6.418, t_ads: 3786.0, t_des: 22663.0, bed_util_ads: 0.053, bed_util_des: 0.032, frac_lost: 0.010, li_recovered:  1.493
L: 0.42, u_super: 0.00002, sec: 13.970, t_ads: 3050.0, t_des: 15755.0, bed_util_ads: 0.058, bed_util_des: 0.040, frac_lost: 0.010, li_recovered:  1.276
L: 0.30, u_super: 0.00001, sec: inf, t_ads: 2203.0, t_des: 0.0, bed_util_ads: 0.071, bed_util_des: 0.071, frac_lost: 0.010, li_recovered:  0.000
L: 0.30, u_super: 0.00002, sec: 12.487, t_ads: 1578.0, t_des: 3167.0, bed_util_ads: 0.081, bed_util_des: 0.075, frac_lost: 0.010, li_recovered:  0.452
L: 0.37, u_super: 0.00001, sec: 6.086, t_ads: 3307.0, t_des: 8119.0, bed_util_ads: 0.062, bed_util_des: 0.051, frac_lost: 0.010, li_recovered:  0.811
L: 0.81, u_super: 0.00001, sec: 18.364, t_ads: 5593.0, t_des: 3151.0, bed_util_ads: 0.047, bed_util_des: 0.046, frac_lost: 0.010, li_recovered:  0.114
L: 0.31, u_super: 0.00004, sec: 33.218, t_ads: 1370.0, t_des: 9517.0, bed_util_ads: 0.066, bed_util_des: 0.052, frac_lost: 0.010, li_recovered:  0.945
L: 0.31, u_super: 0.00003, sec: 24.601, t_ads: 1445.0, t_des: 7767.0, bed_util_ads: 0.070, bed_util_des: 0.058, frac_lost: 0.010, li_recovered:  0.874
L: 0.34, u_super: 0.00001, sec: 4.854, t_ads: 5236.0, t_des: 29162.0, bed_util_ads: 0.050, bed_util_des: 0.027, frac_lost: 0.010, li_recovered:  1.656
L: 0.31, u_super: 0.00002, sec: inf, t_ads: 800.0, t_des: 0.0, bed_util_ads: 0.115, bed_util_des: 0.115, frac_lost: 0.010, li_recovered:  0.000
L: 0.33, u_super: 0.00002, sec: 9.599, t_ads: 3383.0, t_des: 23753.0, bed_util_ads: 0.052, bed_util_des: 0.031, frac_lost: 0.010, li_recovered:  1.501
L: 0.31, u_super: 0.00004, sec: 26.555, t_ads: 1126.0, t_des: 3226.0, bed_util_ads: 0.086, bed_util_des: 0.079, frac_lost: 0.010, li_recovered:  0.508
     5 |      200 |           INF |  3.8883545399
L: 0.33, u_super: 0.00005, sec: 159.811, t_ads: 1142.0, t_des: 33424.0, bed_util_ads: 0.041, bed_util_des: 0.024, frac_lost: 0.010, li_recovered:  1.155
L: 0.30, u_super: 0.00001, sec: 6.761, t_ads: 3392.0, t_des: 18798.0, bed_util_ads: 0.055, bed_util_des: 0.036, frac_lost: 0.010, li_recovered:  1.382
L: 0.34, u_super: 0.00001, sec: 5.995, t_ads: 3288.0, t_des: 10642.0, bed_util_ads: 0.061, bed_util_des: 0.047, frac_lost: 0.010, li_recovered:  1.015
L: 0.32, u_super: 0.00001, sec: inf, t_ads: 1422.0, t_des: 0.0, bed_util_ads: 0.085, bed_util_des: 0.085, frac_lost: 0.010, li_recovered:  0.000
L: 0.39, u_super: 0.00002, sec: 12.099, t_ads: 2260.0, t_des: 5961.0, bed_util_ads: 0.070, bed_util_des: 0.060, frac_lost: 0.010, li_recovered:  0.710
L: 0.33, u_super: 0.00002, sec: 8.885, t_ads: 3244.0, t_des: 19492.0, bed_util_ads: 0.055, bed_util_des: 0.035, frac_lost: 0.010, li_recovered:  1.398
L: 0.33, u_super: 0.00001, sec: 3.685, t_ads: 4130.0, t_des: 11458.0, bed_util_ads: 0.058, bed_util_des: 0.044, frac_lost: 0.010, li_recovered:  1.013
L: 0.50, u_super: 0.00001, sec: 6.365, t_ads: 4535.0, t_des: 9957.0, bed_util_ads: 0.057, bed_util_des: 0.045, frac_lost: 0.010, li_recovered:  0.854
L: 0.33, u_super: 0.00001, sec: 6.152, t_ads: 2903.0, t_des: 7801.0, bed_util_ads: 0.065, bed_util_des: 0.053, frac_lost: 0.010, li_recovered:  0.823
L: 0.36, u_super: 0.00002, sec: 8.032, t_ads: 2554.0, t_des: 5530.0, bed_util_ads: 0.068, bed_util_des: 0.060, frac_lost: 0.010, li_recovered:  0.629
L: 0.36, u_super: 0.00003, sec: inf, t_ads: 1077.0, t_des: 0.0, bed_util_ads: 0.099, bed_util_des: 0.099, frac_lost: 0.010, li_recovered:  0.000
L: 0.34, u_super: 0.00003, sec: 25.671, t_ads: 1365.0, t_des: 4813.0, bed_util_ads: 0.078, bed_util_des: 0.069, frac_lost: 0.010, li_recovered:  0.664
L: 0.37, u_super: 0.00002, sec: 18.096, t_ads: 2215.0, t_des: 11948.0, bed_util_ads: 0.062, bed_util_des: 0.046, frac_lost: 0.010, li_recovered:  1.110
L: 0.35, u_super: 0.00001, sec: 3.877, t_ads: 3861.0, t_des: 7635.0, bed_util_ads: 0.060, bed_util_des: 0.050, frac_lost: 0.010, li_recovered:  0.706
L: 0.72, u_super: 0.00002, sec: 18.847, t_ads: 3996.0, t_des: 11749.0, bed_util_ads: 0.058, bed_util_des: 0.044, frac_lost: 0.010, li_recovered:  1.043
L: 0.30, u_super: 0.00002, sec: 10.729, t_ads: 3050.0, t_des: 24658.0, bed_util_ads: 0.051, bed_util_des: 0.031, frac_lost: 0.010, li_recovered:  1.497
L: 0.33, u_super: 0.00005, sec: 49.354, t_ads: 1084.0, t_des: 6700.0, bed_util_ads: 0.072, bed_util_des: 0.062, frac_lost: 0.010, li_recovered:  0.779
L: 0.31, u_super: 0.00002, sec: 10.275, t_ads: 2629.0, t_des: 15057.0, bed_util_ads: 0.058, bed_util_des: 0.041, frac_lost: 0.010, li_recovered:  1.243
L: 0.31, u_super: 0.00003, sec: 15.217, t_ads: 1540.0, t_des: 4177.0, bed_util_ads: 0.079, bed_util_des: 0.071, frac_lost: 0.010, li_recovered:  0.587
L: 0.32, u_super: 0.00005, sec: 71.045, t_ads: 1163.0, t_des: 14200.0, bed_util_ads: 0.056, bed_util_des: 0.042, frac_lost: 0.010, li_recovered:  1.017
L: 0.49, u_super: 0.00001, sec: 4.914, t_ads: 6764.0, t_des: 22604.0, bed_util_ads: 0.051, bed_util_des: 0.030, frac_lost: 0.010, li_recovered:  1.463
L: 0.33, u_super: 0.00002, sec: 18.442, t_ads: 2825.0, t_des: 31625.0, bed_util_ads: 0.048, bed_util_des: 0.026, frac_lost: 0.010, li_recovered:  1.562
L: 0.45, u_super: 0.00001, sec: 4.542, t_ads: 4671.0, t_des: 8017.0, bed_util_ads: 0.056, bed_util_des: 0.047, frac_lost: 0.010, li_recovered:  0.651
L: 0.32, u_super: 0.00002, sec: 12.866, t_ads: 2252.0, t_des: 11698.0, bed_util_ads: 0.062, bed_util_des: 0.047, frac_lost: 0.010, li_recovered:  1.100
L: 0.32, u_super: 0.00001, sec: 5.487, t_ads: 4599.0, t_des: 28621.0, bed_util_ads: 0.050, bed_util_des: 0.027, frac_lost: 0.010, li_recovered:  1.635
L: 0.32, u_super: 0.00004, sec: 55.591, t_ads: 1403.0, t_des: 19019.0, bed_util_ads: 0.052, bed_util_des: 0.036, frac_lost: 0.010, li_recovered:  1.161
L: 0.33, u_super: 0.00002, sec: 13.463, t_ads: 2747.0, t_des: 19898.0, bed_util_ads: 0.054, bed_util_des: 0.035, frac_lost: 0.010, li_recovered:  1.384
L: 0.32, u_super: 0.00001, sec: inf, t_ads: 2078.0, t_des: 0.0, bed_util_ads: 0.072, bed_util_des: 0.072, frac_lost: 0.010, li_recovered:  0.000
L: 0.35, u_super: 0.00001, sec: 6.177, t_ads: 4158.0, t_des: 20263.0, bed_util_ads: 0.054, bed_util_des: 0.034, frac_lost: 0.010, li_recovered:  1.432
L: 0.42, u_super: 0.00001, sec: 24.255, t_ads: 3030.0, t_des: 1393.0, bed_util_ads: 0.062, bed_util_des: 0.061, frac_lost: 0.010, li_recovered:  0.043
L: 0.30, u_super: 0.00001, sec: 9.206, t_ads: 2113.0, t_des: 1727.0, bed_util_ads: 0.074, bed_util_des: 0.072, frac_lost: 0.010, li_recovered:  0.154
L: 0.32, u_super: 0.00002, sec: 11.912, t_ads: 1717.0, t_des: 2729.0, bed_util_ads: 0.080, bed_util_des: 0.075, frac_lost: 0.010, li_recovered:  0.363
L: 0.37, u_super: 0.00002, sec: 14.168, t_ads: 2330.0, t_des: 9581.0, bed_util_ads: 0.065, bed_util_des: 0.051, frac_lost: 0.010, li_recovered:  0.990
L: 0.86, u_super: 0.00001, sec: 6.186, t_ads: 10128.0, t_des: 20083.0, bed_util_ads: 0.046, bed_util_des: 0.030, frac_lost: 0.010, li_recovered:  1.173
L: 0.31, u_super: 0.00001, sec: 4.809, t_ads: 3097.0, t_des: 7759.0, bed_util_ads: 0.064, bed_util_des: 0.052, frac_lost: 0.010, li_recovered:  0.800
L: 0.34, u_super: 0.00003, sec: 36.630, t_ads: 1716.0, t_des: 17243.0, bed_util_ads: 0.055, bed_util_des: 0.038, frac_lost: 0.010, li_recovered:  1.208
L: 0.32, u_super: 0.00001, sec: 3.582, t_ads: 3862.0, t_des: 9160.0, bed_util_ads: 0.060, bed_util_des: 0.048, frac_lost: 0.010, li_recovered:  0.850
L: 0.37, u_super: 0.00002, sec: inf, t_ads: 803.0, t_des: 0.0, bed_util_ads: 0.115, bed_util_des: 0.115, frac_lost: 0.010, li_recovered:  0.000
L: 0.68, u_super: 0.00002, sec: inf, t_ads: 2437.0, t_des: 0.0, bed_util_ads: 0.065, bed_util_des: 0.065, frac_lost: 0.010, li_recovered:  0.000
L: 0.30, u_super: 0.00002, sec: 17.950, t_ads: 1717.0, t_des: 1118.0, bed_util_ads: 0.080, bed_util_des: 0.079, frac_lost: 0.010, li_recovered:  0.087
     6 |      240 |           INF |  3.5819523335
L: 0.40, u_super: 0.00001, sec: inf, t_ads: 1743.0, t_des: 0.0, bed_util_ads: 0.077, bed_util_des: 0.077, frac_lost: 0.010, li_recovered:  0.000
L: 0.31, u_super: 0.00001, sec: 4.972, t_ads: 3979.0, t_des: 18391.0, bed_util_ads: 0.055, bed_util_des: 0.036, frac_lost: 0.010, li_recovered:  1.370
L: 0.50, u_super: 0.00001, sec: 7.214, t_ads: 4215.0, t_des: 9030.0, bed_util_ads: 0.058, bed_util_des: 0.047, frac_lost: 0.010, li_recovered:  0.802
L: 0.33, u_super: 0.00004, sec: 32.764, t_ads: 1006.0, t_des: 1985.0, bed_util_ads: 0.095, bed_util_des: 0.090, frac_lost: 0.010, li_recovered:  0.341
L: 0.39, u_super: 0.00002, sec: 12.126, t_ads: 2298.0, t_des: 6414.0, bed_util_ads: 0.069, bed_util_des: 0.059, frac_lost: 0.010, li_recovered:  0.751
L: 0.54, u_super: 0.00002, sec: 9.963, t_ads: 5134.0, t_des: 21595.0, bed_util_ads: 0.053, bed_util_des: 0.032, frac_lost: 0.010, li_recovered:  1.465
L: 0.31, u_super: 0.00001, sec: 3.598, t_ads: 3960.0, t_des: 11702.0, bed_util_ads: 0.059, bed_util_des: 0.044, frac_lost: 0.010, li_recovered:  1.043
L: 0.50, u_super: 0.00001, sec: 6.775, t_ads: 5490.0, t_des: 19326.0, bed_util_ads: 0.053, bed_util_des: 0.034, frac_lost: 0.010, li_recovered:  1.373
L: 0.33, u_super: 0.00001, sec: 3.810, t_ads: 3523.0, t_des: 6189.0, bed_util_ads: 0.061, bed_util_des: 0.053, frac_lost: 0.010, li_recovered:  0.591
L: 0.31, u_super: 0.00001, sec: 4.371, t_ads: 2978.0, t_des: 3834.0, bed_util_ads: 0.065, bed_util_des: 0.060, frac_lost: 0.010, li_recovered:  0.364
L: 0.66, u_super: 0.00001, sec: inf, t_ads: 2528.0, t_des: 0.0, bed_util_ads: 0.064, bed_util_des: 0.064, frac_lost: 0.010, li_recovered:  0.000
L: 0.31, u_super: 0.00001, sec: inf, t_ads: 1861.0, t_des: 0.0, bed_util_ads: 0.075, bed_util_des: 0.075, frac_lost: 0.010, li_recovered:  0.000
L: 0.32, u_super: 0.00001, sec: 8.774, t_ads: 2389.0, t_des: 1813.0, bed_util_ads: 0.070, bed_util_des: 0.068, frac_lost: 0.010, li_recovered:  0.140
L: 0.30, u_super: 0.00001, sec: 3.487, t_ads: 3537.0, t_des: 8439.0, bed_util_ads: 0.061, bed_util_des: 0.050, frac_lost: 0.010, li_recovered:  0.817
L: 0.72, u_super: 0.00001, sec: 8.151, t_ads: 5900.0, t_des: 6097.0, bed_util_ads: 0.049, bed_util_des: 0.044, frac_lost: 0.010, li_recovered:  0.343
L: 0.30, u_super: 0.00002, sec: 8.644, t_ads: 2623.0, t_des: 12417.0, bed_util_ads: 0.061, bed_util_des: 0.045, frac_lost: 0.010, li_recovered:  1.137
L: 0.35, u_super: 0.00001, sec: 3.836, t_ads: 3746.0, t_des: 6987.0, bed_util_ads: 0.060, bed_util_des: 0.051, frac_lost: 0.010, li_recovered:  0.652
L: 0.31, u_super: 0.00002, sec: 10.282, t_ads: 2656.0, t_des: 15037.0, bed_util_ads: 0.058, bed_util_des: 0.041, frac_lost: 0.010, li_recovered:  1.243
L: 0.31, u_super: 0.00003, sec: 14.671, t_ads: 1563.0, t_des: 4132.0, bed_util_ads: 0.079, bed_util_des: 0.071, frac_lost: 0.010, li_recovered:  0.580
L: 0.34, u_super: 0.00001, sec: inf, t_ads: 1558.0, t_des: 0.0, bed_util_ads: 0.081, bed_util_des: 0.081, frac_lost: 0.010, li_recovered:  0.000
L: 0.38, u_super: 0.00001, sec: 5.775, t_ads: 3254.0, t_des: 3478.0, bed_util_ads: 0.062, bed_util_des: 0.058, frac_lost: 0.010, li_recovered:  0.285
L: 0.31, u_super: 0.00002, sec: 9.831, t_ads: 2251.0, t_des: 8913.0, bed_util_ads: 0.066, bed_util_des: 0.053, frac_lost: 0.010, li_recovered:  0.950
L: 0.45, u_super: 0.00001, sec: 4.489, t_ads: 4736.0, t_des: 8367.0, bed_util_ads: 0.056, bed_util_des: 0.046, frac_lost: 0.010, li_recovered:  0.681
L: 0.34, u_super: 0.00002, sec: 12.936, t_ads: 2388.0, t_des: 11604.0, bed_util_ads: 0.062, bed_util_des: 0.047, frac_lost: 0.010, li_recovered:  1.098
L: 0.41, u_super: 0.00001, sec: 4.552, t_ads: 4977.0, t_des: 14124.0, bed_util_ads: 0.055, bed_util_des: 0.039, frac_lost: 0.010, li_recovered:  1.133
L: 0.32, u_super: 0.00002, sec: 8.682, t_ads: 3170.0, t_des: 18969.0, bed_util_ads: 0.055, bed_util_des: 0.036, frac_lost: 0.010, li_recovered:  1.381
L: 0.33, u_super: 0.00001, sec: 122.862, t_ads: 2460.0, t_des: 920.0, bed_util_ads: 0.068, bed_util_des: 0.068, frac_lost: 0.010, li_recovered:  0.006
L: 0.32, u_super: 0.00004, sec: 52.009, t_ads: 1236.0, t_des: 12316.0, bed_util_ads: 0.060, bed_util_des: 0.046, frac_lost: 0.010, li_recovered:  1.001
L: 0.40, u_super: 0.00001, sec: 5.620, t_ads: 4229.0, t_des: 12724.0, bed_util_ads: 0.057, bed_util_des: 0.042, frac_lost: 0.010, li_recovered:  1.092
L: 0.42, u_super: 0.00003, sec: 17.441, t_ads: 2041.0, t_des: 6002.0, bed_util_ads: 0.071, bed_util_des: 0.061, frac_lost: 0.010, li_recovered:  0.734
L: 0.31, u_super: 0.00002, sec: 8.891, t_ads: 1913.0, t_des: 2963.0, bed_util_ads: 0.077, bed_util_des: 0.072, frac_lost: 0.010, li_recovered:  0.373
L: 0.30, u_super: 0.00001, sec: inf, t_ads: 2036.0, t_des: 0.0, bed_util_ads: 0.073, bed_util_des: 0.073, frac_lost: 0.010, li_recovered:  0.000
L: 0.37, u_super: 0.00001, sec: 4.135, t_ads: 3871.0, t_des: 6565.0, bed_util_ads: 0.059, bed_util_des: 0.051, frac_lost: 0.010, li_recovered:  0.589
L: 0.86, u_super: 0.00001, sec: inf, t_ads: 3390.0, t_des: 0.0, bed_util_ads: 0.054, bed_util_des: 0.054, frac_lost: 0.010, li_recovered:  0.000
L: 0.31, u_super: 0.00001, sec: 4.761, t_ads: 3061.0, t_des: 7831.0, bed_util_ads: 0.064, bed_util_des: 0.052, frac_lost: 0.010, li_recovered:  0.810
L: 0.31, u_super: 0.00003, sec: 47.281, t_ads: 1608.0, t_des: 24175.0, bed_util_ads: 0.049, bed_util_des: 0.031, frac_lost: 0.010, li_recovered:  1.272
L: 0.45, u_super: 0.00001, sec: 4.669, t_ads: 4471.0, t_des: 7133.0, bed_util_ads: 0.056, bed_util_des: 0.048, frac_lost: 0.010, li_recovered:  0.579
L: 0.35, u_super: 0.00002, sec: 10.958, t_ads: 2258.0, t_des: 7012.0, bed_util_ads: 0.069, bed_util_des: 0.057, frac_lost: 0.010, li_recovered:  0.808
L: 0.32, u_super: 0.00002, sec: 7.947, t_ads: 2142.0, t_des: 2873.0, bed_util_ads: 0.074, bed_util_des: 0.069, frac_lost: 0.010, li_recovered:  0.335
L: 0.33, u_super: 0.00002, sec: 102.908, t_ads: 1753.0, t_des: 744.0, bed_util_ads: 0.079, bed_util_des: 0.079, frac_lost: 0.010, li_recovered:  0.013
     7 |      280 |           INF |  3.4874191284
L: 0.33, u_super: 0.00005, sec: 43.155, t_ads: 903.0, t_des: 2122.0, bed_util_ads: 0.096, bed_util_des: 0.090, frac_lost: 0.010, li_recovered:  0.374
L: 0.31, u_super: 0.00001, sec: 5.600, t_ads: 2550.0, t_des: 3011.0, bed_util_ads: 0.069, bed_util_des: 0.064, frac_lost: 0.010, li_recovered:  0.302
L: 0.31, u_super: 0.00002, sec: 8.909, t_ads: 2230.0, t_des: 7346.0, bed_util_ads: 0.068, bed_util_des: 0.057, frac_lost: 0.010, li_recovered:  0.837
L: 0.32, u_super: 0.00004, sec: 45.224, t_ads: 1246.0, t_des: 10259.0, bed_util_ads: 0.064, bed_util_des: 0.050, frac_lost: 0.010, li_recovered:  0.949
L: 0.31, u_super: 0.00002, sec: 11.291, t_ads: 1966.0, t_des: 6468.0, bed_util_ads: 0.071, bed_util_des: 0.060, frac_lost: 0.010, li_recovered:  0.781
L: 0.30, u_super: 0.00002, sec: 7.970, t_ads: 2917.0, t_des: 15592.0, bed_util_ads: 0.058, bed_util_des: 0.040, frac_lost: 0.010, li_recovered:  1.268
L: 0.31, u_super: 0.00001, sec: 4.815, t_ads: 3503.0, t_des: 12302.0, bed_util_ads: 0.059, bed_util_des: 0.044, frac_lost: 0.010, li_recovered:  1.107
L: 0.50, u_super: 0.00001, sec: 7.102, t_ads: 3894.0, t_des: 6030.0, bed_util_ads: 0.059, bed_util_des: 0.052, frac_lost: 0.010, li_recovered:  0.524
L: 0.33, u_super: 0.00001, sec: 3.686, t_ads: 3709.0, t_des: 7442.0, bed_util_ads: 0.060, bed_util_des: 0.051, frac_lost: 0.010, li_recovered:  0.702
L: 0.31, u_super: 0.00001, sec: 5.260, t_ads: 2707.0, t_des: 5073.0, bed_util_ads: 0.067, bed_util_des: 0.060, frac_lost: 0.010, li_recovered:  0.555
L: 0.66, u_super: 0.00001, sec: 9.051, t_ads: 5745.0, t_des: 14905.0, bed_util_ads: 0.053, bed_util_des: 0.038, frac_lost: 0.010, li_recovered:  1.131
L: 0.34, u_super: 0.00003, sec: 35.306, t_ads: 1550.0, t_des: 11948.0, bed_util_ads: 0.062, bed_util_des: 0.047, frac_lost: 0.010, li_recovered:  1.055
L: 0.37, u_super: 0.00001, sec: 4.524, t_ads: 4126.0, t_des: 11029.0, bed_util_ads: 0.058, bed_util_des: 0.045, frac_lost: 0.010, li_recovered:  0.981
L: 0.30, u_super: 0.00001, sec: 5.736, t_ads: 4787.0, t_des: 37826.0, bed_util_ads: 0.047, bed_util_des: 0.023, frac_lost: 0.010, li_recovered:  1.768
L: 0.40, u_super: 0.00001, sec: 4.173, t_ads: 4602.0, t_des: 10817.0, bed_util_ads: 0.057, bed_util_des: 0.044, frac_lost: 0.010, li_recovered:  0.921
L: 0.30, u_super: 0.00001, sec: 3.984, t_ads: 3617.0, t_des: 11336.0, bed_util_ads: 0.060, bed_util_des: 0.045, frac_lost: 0.010, li_recovered:  1.041
L: 0.49, u_super: 0.00001, sec: 6.219, t_ads: 4227.0, t_des: 4685.0, bed_util_ads: 0.056, bed_util_des: 0.051, frac_lost: 0.010, li_recovered:  0.334
L: 0.30, u_super: 0.00002, sec: 10.273, t_ads: 2597.0, t_des: 15068.0, bed_util_ads: 0.058, bed_util_des: 0.041, frac_lost: 0.010, li_recovered:  1.242
L: 0.31, u_super: 0.00001, sec: 13.293, t_ads: 2202.0, t_des: 1348.0, bed_util_ads: 0.072, bed_util_des: 0.071, frac_lost: 0.010, li_recovered:  0.084
L: 0.32, u_super: 0.00005, sec: 43.656, t_ads: 1064.0, t_des: 5524.0, bed_util_ads: 0.077, bed_util_des: 0.067, frac_lost: 0.010, li_recovered:  0.710
L: 0.49, u_super: 0.00001, sec: 5.647, t_ads: 4454.0, t_des: 5952.0, bed_util_ads: 0.056, bed_util_des: 0.049, frac_lost: 0.010, li_recovered:  0.451
L: 0.30, u_super: 0.00002, sec: 9.791, t_ads: 2208.0, t_des: 8957.0, bed_util_ads: 0.066, bed_util_des: 0.053, frac_lost: 0.010, li_recovered:  0.954
L: 0.45, u_super: 0.00001, sec: 5.587, t_ads: 4004.0, t_des: 5909.0, bed_util_ads: 0.058, bed_util_des: 0.051, frac_lost: 0.010, li_recovered:  0.496
L: 0.32, u_super: 0.00001, sec: 3.572, t_ads: 3874.0, t_des: 9735.0, bed_util_ads: 0.059, bed_util_des: 0.047, frac_lost: 0.010, li_recovered:  0.899
L: 0.32, u_super: 0.00001, sec: inf, t_ads: 2193.0, t_des: 0.0, bed_util_ads: 0.071, bed_util_des: 0.071, frac_lost: 0.010, li_recovered:  0.000
L: 0.32, u_super: 0.00001, sec: 3.943, t_ads: 4506.0, t_des: 18006.0, bed_util_ads: 0.055, bed_util_des: 0.036, frac_lost: 0.010, li_recovered:  1.348
L: 0.33, u_super: 0.00002, sec: 9.386, t_ads: 2170.0, t_des: 5564.0, bed_util_ads: 0.071, bed_util_des: 0.062, frac_lost: 0.010, li_recovered:  0.678
L: 0.32, u_super: 0.00001, sec: inf, t_ads: 2079.0, t_des: 0.0, bed_util_ads: 0.072, bed_util_des: 0.072, frac_lost: 0.010, li_recovered:  0.000
L: 0.30, u_super: 0.00001, sec: 5.221, t_ads: 3392.0, t_des: 13696.0, bed_util_ads: 0.059, bed_util_des: 0.042, frac_lost: 0.010, li_recovered:  1.185
L: 0.30, u_super: 0.00002, sec: 10.185, t_ads: 1950.0, t_des: 6152.0, bed_util_ads: 0.072, bed_util_des: 0.061, frac_lost: 0.010, li_recovered:  0.754
L: 0.39, u_super: 0.00002, sec: 14.121, t_ads: 2085.0, t_des: 1951.0, bed_util_ads: 0.074, bed_util_des: 0.072, frac_lost: 0.010, li_recovered:  0.194
L: 0.30, u_super: 0.00002, sec: 16.619, t_ads: 2336.0, t_des: 21055.0, bed_util_ads: 0.053, bed_util_des: 0.034, frac_lost: 0.010, li_recovered:  1.369
L: 0.37, u_super: 0.00001, sec: 6.252, t_ads: 3416.0, t_des: 9562.0, bed_util_ads: 0.061, bed_util_des: 0.048, frac_lost: 0.010, li_recovered:  0.926
L: 0.32, u_super: 0.00001, sec: 3.830, t_ads: 3420.0, t_des: 6189.0, bed_util_ads: 0.062, bed_util_des: 0.054, frac_lost: 0.010, li_recovered:  0.603
L: 0.31, u_super: 0.00001, sec: 3.559, t_ads: 3444.0, t_des: 6934.0, bed_util_ads: 0.062, bed_util_des: 0.052, frac_lost: 0.010, li_recovered:  0.678
L: 0.31, u_super: 0.00001, sec: 4.172, t_ads: 3016.0, t_des: 5025.0, bed_util_ads: 0.065, bed_util_des: 0.058, frac_lost: 0.010, li_recovered:  0.516
L: 0.32, u_super: 0.00001, sec: 3.593, t_ads: 3857.0, t_des: 9169.0, bed_util_ads: 0.060, bed_util_des: 0.048, frac_lost: 0.010, li_recovered:  0.851
L: 0.35, u_super: 0.00002, sec: 10.817, t_ads: 2149.0, t_des: 5613.0, bed_util_ads: 0.071, bed_util_des: 0.062, frac_lost: 0.010, li_recovered:  0.685
L: 0.30, u_super: 0.00002, sec: 7.371, t_ads: 2095.0, t_des: 3135.0, bed_util_ads: 0.074, bed_util_des: 0.069, frac_lost: 0.010, li_recovered:  0.377
L: 0.30, u_super: 0.00001, sec: inf, t_ads: 1790.0, t_des: 0.0, bed_util_ads: 0.078, bed_util_des: 0.078, frac_lost: 0.010, li_recovered:  0.000
     8 |      320 |  1.010108E+01 |  3.4874191284
L: 0.30, u_super: 0.00005, sec: 41.697, t_ads: 839.0, t_des: 2220.0, bed_util_ads: 0.096, bed_util_des: 0.090, frac_lost: 0.010, li_recovered:  0.392
L: 0.31, u_super: 0.00001, sec: 4.925, t_ads: 3961.0, t_des: 17946.0, bed_util_ads: 0.055, bed_util_des: 0.036, frac_lost: 0.010, li_recovered:  1.355
L: 0.34, u_super: 0.00001, sec: 3.727, t_ads: 4003.0, t_des: 9491.0, bed_util_ads: 0.059, bed_util_des: 0.047, frac_lost: 0.010, li_recovered:  0.865
L: 0.32, u_super: 0.00004, sec: 39.625, t_ads: 1212.0, t_des: 7851.0, bed_util_ads: 0.069, bed_util_des: 0.057, frac_lost: 0.010, li_recovered:  0.853
L: 0.31, u_super: 0.00001, sec: 4.514, t_ads: 2929.0, t_des: 3661.0, bed_util_ads: 0.065, bed_util_des: 0.060, frac_lost: 0.010, li_recovered:  0.346
L: 0.37, u_super: 0.00002, sec: 8.137, t_ads: 3468.0, t_des: 15180.0, bed_util_ads: 0.058, bed_util_des: 0.040, frac_lost: 0.010, li_recovered:  1.252
L: 0.31, u_super: 0.00001, sec: 4.019, t_ads: 4422.0, t_des: 18606.0, bed_util_ads: 0.054, bed_util_des: 0.035, frac_lost: 0.010, li_recovered:  1.372
L: 0.30, u_super: 0.00001, sec: 5.189, t_ads: 3245.0, t_des: 11923.0, bed_util_ads: 0.060, bed_util_des: 0.045, frac_lost: 0.010, li_recovered:  1.096
L: 0.33, u_super: 0.00001, sec: 4.103, t_ads: 3555.0, t_des: 7864.0, bed_util_ads: 0.061, bed_util_des: 0.051, frac_lost: 0.010, li_recovered:  0.759
L: 0.30, u_super: 0.00001, sec: 4.101, t_ads: 2939.0, t_des: 4046.0, bed_util_ads: 0.065, bed_util_des: 0.060, frac_lost: 0.010, li_recovered:  0.398
L: 0.66, u_super: 0.00002, sec: 22.736, t_ads: 3850.0, t_des: 16906.0, bed_util_ads: 0.056, bed_util_des: 0.038, frac_lost: 0.010, li_recovered:  1.317
L: 0.34, u_super: 0.00001, sec: 3.741, t_ads: 3919.0, t_des: 8443.0, bed_util_ads: 0.059, bed_util_des: 0.049, frac_lost: 0.010, li_recovered:  0.777
L: 0.37, u_super: 0.00001, sec: 4.599, t_ads: 4327.0, t_des: 13097.0, bed_util_ads: 0.057, bed_util_des: 0.041, frac_lost: 0.010, li_recovered:  1.110
L: 0.30, u_super: 0.00001, sec: 5.800, t_ads: 2869.0, t_des: 9559.0, bed_util_ads: 0.063, bed_util_des: 0.050, frac_lost: 0.010, li_recovered:  0.965
L: 0.40, u_super: 0.00001, sec: 4.702, t_ads: 4379.0, t_des: 11181.0, bed_util_ads: 0.057, bed_util_des: 0.044, frac_lost: 0.010, li_recovered:  0.971
L: 0.31, u_super: 0.00001, sec: 4.027, t_ads: 3701.0, t_des: 11217.0, bed_util_ads: 0.059, bed_util_des: 0.045, frac_lost: 0.010, li_recovered:  1.027
L: 0.35, u_super: 0.00002, sec: 11.497, t_ads: 2388.0, t_des: 9527.0, bed_util_ads: 0.065, bed_util_des: 0.051, frac_lost: 0.010, li_recovered:  0.985
L: 0.30, u_super: 0.00002, sec: 10.268, t_ads: 2568.0, t_des: 15085.0, bed_util_ads: 0.058, bed_util_des: 0.041, frac_lost: 0.010, li_recovered:  1.242
L: 0.31, u_super: 0.00001, sec: 4.419, t_ads: 3140.0, t_des: 7105.0, bed_util_ads: 0.064, bed_util_des: 0.054, frac_lost: 0.010, li_recovered:  0.730
L: 0.32, u_super: 0.00001, sec: inf, t_ads: 1557.0, t_des: 0.0, bed_util_ads: 0.082, bed_util_des: 0.082, frac_lost: 0.010, li_recovered:  0.000
L: 0.49, u_super: 0.00001, sec: 6.213, t_ads: 4272.0, t_des: 4766.0, bed_util_ads: 0.056, bed_util_des: 0.051, frac_lost: 0.010, li_recovered:  0.339
L: 0.30, u_super: 0.00002, sec: 9.223, t_ads: 2069.0, t_des: 6477.0, bed_util_ads: 0.071, bed_util_des: 0.060, frac_lost: 0.010, li_recovered:  0.775
L: 0.45, u_super: 0.00001, sec: 4.521, t_ads: 4721.0, t_des: 8409.0, bed_util_ads: 0.056, bed_util_des: 0.046, frac_lost: 0.010, li_recovered:  0.687
L: 0.32, u_super: 0.00001, sec: 6.487, t_ads: 3022.0, t_des: 10995.0, bed_util_ads: 0.062, bed_util_des: 0.047, frac_lost: 0.010, li_recovered:  1.051
L: 0.32, u_super: 0.00001, sec: 7.376, t_ads: 3204.0, t_des: 15925.0, bed_util_ads: 0.057, bed_util_des: 0.039, frac_lost: 0.010, li_recovered:  1.283
L: 0.32, u_super: 0.00001, sec: 4.007, t_ads: 4474.0, t_des: 18031.0, bed_util_ads: 0.055, bed_util_des: 0.036, frac_lost: 0.010, li_recovered:  1.349
L: 0.30, u_super: 0.00002, sec: 9.069, t_ads: 2056.0, t_des: 5788.0, bed_util_ads: 0.072, bed_util_des: 0.062, frac_lost: 0.010, li_recovered:  0.712
L: 0.32, u_super: 0.00004, sec: 35.325, t_ads: 1128.0, t_des: 5299.0, bed_util_ads: 0.077, bed_util_des: 0.068, frac_lost: 0.010, li_recovered:  0.699
L: 0.35, u_super: 0.00001, sec: 5.390, t_ads: 3813.0, t_des: 13245.0, bed_util_ads: 0.058, bed_util_des: 0.042, frac_lost: 0.010, li_recovered:  1.146
L: 0.30, u_super: 0.00002, sec: 10.951, t_ads: 2096.0, t_des: 8922.0, bed_util_ads: 0.066, bed_util_des: 0.053, frac_lost: 0.010, li_recovered:  0.954
L: 0.30, u_super: 0.00001, sec: 9.191, t_ads: 2112.0, t_des: 1731.0, bed_util_ads: 0.074, bed_util_des: 0.072, frac_lost: 0.010, li_recovered:  0.154
L: 0.31, u_super: 0.00002, sec: 10.813, t_ads: 2073.0, t_des: 7251.0, bed_util_ads: 0.069, bed_util_des: 0.058, frac_lost: 0.010, li_recovered:  0.839
L: 0.37, u_super: 0.00001, sec: 4.138, t_ads: 3870.0, t_des: 6568.0, bed_util_ads: 0.059, bed_util_des: 0.051, frac_lost: 0.010, li_recovered:  0.590
L: 0.30, u_super: 0.00001, sec: 3.583, t_ads: 3299.0, t_des: 6614.0, bed_util_ads: 0.063, bed_util_des: 0.054, frac_lost: 0.010, li_recovered:  0.660
L: 0.31, u_super: 0.00001, sec: 3.470, t_ads: 3776.0, t_des: 9555.0, bed_util_ads: 0.060, bed_util_des: 0.047, frac_lost: 0.010, li_recovered:  0.893
L: 0.31, u_super: 0.00001, sec: 4.111, t_ads: 2996.0, t_des: 5109.0, bed_util_ads: 0.065, bed_util_des: 0.058, frac_lost: 0.010, li_recovered:  0.528
L: 0.32, u_super: 0.00001, sec: 3.513, t_ads: 3820.0, t_des: 9237.0, bed_util_ads: 0.060, bed_util_des: 0.048, frac_lost: 0.010, li_recovered:  0.861
L: 0.35, u_super: 0.00002, sec: 11.089, t_ads: 2008.0, t_des: 4174.0, bed_util_ads: 0.074, bed_util_des: 0.067, frac_lost: 0.010, li_recovered:  0.532
L: 0.30, u_super: 0.00001, sec: 19.384, t_ads: 2353.0, t_des: 1136.0, bed_util_ads: 0.069, bed_util_des: 0.069, frac_lost: 0.010, li_recovered:  0.042
L: 0.30, u_super: 0.00001, sec: inf, t_ads: 1813.0, t_des: 0.0, bed_util_ads: 0.077, bed_util_des: 0.077, frac_lost: 0.010, li_recovered:  0.000
     9 |      360 |  8.9891439199 |  3.4698169231
L: 0.33, u_super: 0.00005, sec: 71.779, t_ads: 1101.0, t_des: 11652.0, bed_util_ads: 0.060, bed_util_des: 0.047, frac_lost: 0.010, li_recovered:  0.949
L: 0.30, u_super: 0.00001, sec: 4.907, t_ads: 3856.0, t_des: 18026.0, bed_util_ads: 0.055, bed_util_des: 0.036, frac_lost: 0.010, li_recovered:  1.358
L: 0.31, u_super: 0.00001, sec: 6.055, t_ads: 3417.0, t_des: 15899.0, bed_util_ads: 0.057, bed_util_des: 0.039, frac_lost: 0.010, li_recovered:  1.282
L: 0.31, u_super: 0.00004, sec: 31.734, t_ads: 974.0, t_des: 2049.0, bed_util_ads: 0.095, bed_util_des: 0.090, frac_lost: 0.010, li_recovered:  0.355
L: 0.32, u_super: 0.00001, sec: 4.642, t_ads: 2952.0, t_des: 3509.0, bed_util_ads: 0.065, bed_util_des: 0.060, frac_lost: 0.010, li_recovered:  0.323
L: 0.30, u_super: 0.00002, sec: 6.703, t_ads: 2595.0, t_des: 8577.0, bed_util_ads: 0.065, bed_util_des: 0.053, frac_lost: 0.010, li_recovered:  0.910
L: 0.31, u_super: 0.00001, sec: 4.860, t_ads: 4757.0, t_des: 28414.0, bed_util_ads: 0.050, bed_util_des: 0.027, frac_lost: 0.010, li_recovered:  1.635
L: 0.30, u_super: 0.00001, sec: 4.912, t_ads: 2967.0, t_des: 8195.0, bed_util_ads: 0.064, bed_util_des: 0.052, frac_lost: 0.010, li_recovered:  0.852
L: 0.33, u_super: 0.00001, sec: 3.688, t_ads: 3709.0, t_des: 7447.0, bed_util_ads: 0.060, bed_util_des: 0.051, frac_lost: 0.010, li_recovered:  0.702
L: 0.30, u_super: 0.00001, sec: 4.293, t_ads: 2873.0, t_des: 3681.0, bed_util_ads: 0.066, bed_util_des: 0.061, frac_lost: 0.010, li_recovered:  0.356
L: 0.66, u_super: 0.00001, sec: 9.034, t_ads: 5499.0, t_des: 13024.0, bed_util_ads: 0.054, bed_util_des: 0.040, frac_lost: 0.010, li_recovered:  1.016
L: 0.34, u_super: 0.00001, sec: 3.712, t_ads: 3931.0, t_des: 8411.0, bed_util_ads: 0.059, bed_util_des: 0.049, frac_lost: 0.010, li_recovered:  0.772
L: 0.30, u_super: 0.00001, sec: 4.149, t_ads: 3516.0, t_des: 10593.0, bed_util_ads: 0.060, bed_util_des: 0.046, frac_lost: 0.010, li_recovered:  0.996
L: 0.30, u_super: 0.00001, sec: 8.066, t_ads: 2453.0, t_des: 1739.0, bed_util_ads: 0.069, bed_util_des: 0.067, frac_lost: 0.010, li_recovered:  0.124
L: 0.31, u_super: 0.00001, sec: 3.706, t_ads: 3887.0, t_des: 11905.0, bed_util_ads: 0.059, bed_util_des: 0.044, frac_lost: 0.010, li_recovered:  1.061
L: 0.30, u_super: 0.00001, sec: 4.312, t_ads: 3912.0, t_des: 15882.0, bed_util_ads: 0.056, bed_util_des: 0.039, frac_lost: 0.010, li_recovered:  1.273
L: 0.38, u_super: 0.00001, sec: 4.165, t_ads: 3944.0, t_des: 6708.0, bed_util_ads: 0.059, bed_util_des: 0.051, frac_lost: 0.010, li_recovered:  0.596
L: 0.30, u_super: 0.00001, sec: 3.564, t_ads: 4074.0, t_des: 13791.0, bed_util_ads: 0.057, bed_util_des: 0.041, frac_lost: 0.010, li_recovered:  1.164
L: 0.31, u_super: 0.00001, sec: 3.627, t_ads: 3398.0, t_des: 6353.0, bed_util_ads: 0.062, bed_util_des: 0.054, frac_lost: 0.010, li_recovered:  0.622
L: 0.32, u_super: 0.00001, sec: inf, t_ads: 1535.0, t_des: 0.0, bed_util_ads: 0.083, bed_util_des: 0.083, frac_lost: 0.010, li_recovered:  0.000
L: 0.49, u_super: 0.00001, sec: 4.805, t_ads: 6288.0, t_des: 18125.0, bed_util_ads: 0.052, bed_util_des: 0.034, frac_lost: 0.010, li_recovered:  1.286
L: 0.30, u_super: 0.00002, sec: 9.578, t_ads: 2169.0, t_des: 8163.0, bed_util_ads: 0.067, bed_util_des: 0.055, frac_lost: 0.010, li_recovered:  0.902
L: 0.45, u_super: 0.00001, sec: 4.693, t_ads: 4646.0, t_des: 8620.0, bed_util_ads: 0.056, bed_util_des: 0.046, frac_lost: 0.010, li_recovered:  0.718
L: 0.31, u_super: 0.00001, sec: 3.539, t_ads: 3832.0, t_des: 9809.0, bed_util_ads: 0.060, bed_util_des: 0.047, frac_lost: 0.010, li_recovered:  0.910
L: 0.32, u_super: 0.00001, sec: 25.840, t_ads: 2284.0, t_des: 1064.0, bed_util_ads: 0.070, bed_util_des: 0.070, frac_lost: 0.010, li_recovered:  0.035
L: 0.32, u_super: 0.00001, sec: 3.880, t_ads: 4538.0, t_des: 17975.0, bed_util_ads: 0.055, bed_util_des: 0.036, frac_lost: 0.010, li_recovered:  1.345
L: 0.30, u_super: 0.00002, sec: 10.802, t_ads: 2391.0, t_des: 12607.0, bed_util_ads: 0.061, bed_util_des: 0.045, frac_lost: 0.010, li_recovered:  1.143
L: 0.33, u_super: 0.00004, sec: 33.378, t_ads: 1125.0, t_des: 4096.0, bed_util_ads: 0.082, bed_util_des: 0.074, frac_lost: 0.010, li_recovered:  0.601
L: 0.30, u_super: 0.00001, sec: 5.844, t_ads: 3598.0, t_des: 18684.0, bed_util_ads: 0.055, bed_util_des: 0.036, frac_lost: 0.010, li_recovered:  1.381
L: 0.31, u_super: 0.00002, sec: 14.077, t_ads: 2364.0, t_des: 16570.0, bed_util_ads: 0.057, bed_util_des: 0.039, frac_lost: 0.010, li_recovered:  1.275
L: 0.30, u_super: 0.00003, sec: 14.400, t_ads: 1524.0, t_des: 4040.0, bed_util_ads: 0.080, bed_util_des: 0.072, frac_lost: 0.010, li_recovered:  0.573
L: 0.31, u_super: 0.00002, sec: 12.183, t_ads: 2250.0, t_des: 11303.0, bed_util_ads: 0.063, bed_util_des: 0.048, frac_lost: 0.010, li_recovered:  1.082
L: 0.31, u_super: 0.00001, sec: 3.518, t_ads: 3523.0, t_des: 7654.0, bed_util_ads: 0.061, bed_util_des: 0.051, frac_lost: 0.010, li_recovered:  0.742
L: 0.30, u_super: 0.00001, sec: 3.803, t_ads: 3222.0, t_des: 6845.0, bed_util_ads: 0.063, bed_util_des: 0.054, frac_lost: 0.010, li_recovered:  0.693
L: 0.31, u_super: 0.00001, sec: 3.582, t_ads: 3402.0, t_des: 6629.0, bed_util_ads: 0.062, bed_util_des: 0.053, frac_lost: 0.010, li_recovered:  0.651
L: 0.49, u_super: 0.00001, sec: 15.943, t_ads: 3424.0, t_des: 1958.0, bed_util_ads: 0.059, bed_util_des: 0.058, frac_lost: 0.010, li_recovered:  0.090
L: 0.32, u_super: 0.00001, sec: 3.587, t_ads: 4206.0, t_des: 13034.0, bed_util_ads: 0.057, bed_util_des: 0.042, frac_lost: 0.010, li_recovered:  1.113
L: 0.35, u_super: 0.00002, sec: 10.905, t_ads: 2235.0, t_des: 6690.0, bed_util_ads: 0.069, bed_util_des: 0.058, frac_lost: 0.010, li_recovered:  0.782
L: 0.30, u_super: 0.00001, sec: 22.640, t_ads: 2356.0, t_des: 1092.0, bed_util_ads: 0.069, bed_util_des: 0.069, frac_lost: 0.010, li_recovered:  0.035
L: 0.30, u_super: 0.00001, sec: 3.854, t_ads: 4371.0, t_des: 18148.0, bed_util_ads: 0.055, bed_util_des: 0.036, frac_lost: 0.010, li_recovered:  1.356
    10 |      400 |  8.3554699421 |  3.4698169231
L: 0.30, u_super: 0.00005, sec: 120.655, t_ads: 1042.0, t_des: 22881.0, bed_util_ads: 0.046, bed_util_des: 0.031, frac_lost: 0.010, li_recovered:  1.059
L: 0.31, u_super: 0.00001, sec: 4.928, t_ads: 3974.0, t_des: 17934.0, bed_util_ads: 0.055, bed_util_des: 0.036, frac_lost: 0.010, li_recovered:  1.354
L: 0.30, u_super: 0.00001, sec: 3.515, t_ads: 3736.0, t_des: 9957.0, bed_util_ads: 0.060, bed_util_des: 0.047, frac_lost: 0.010, li_recovered:  0.930
L: 0.31, u_super: 0.00004, sec: 35.406, t_ads: 1140.0, t_des: 5863.0, bed_util_ads: 0.075, bed_util_des: 0.065, frac_lost: 0.010, li_recovered:  0.738
L: 0.33, u_super: 0.00001, sec: 4.903, t_ads: 2965.0, t_des: 3418.0, bed_util_ads: 0.064, bed_util_des: 0.060, frac_lost: 0.010, li_recovered:  0.309
L: 0.30, u_super: 0.00002, sec: 6.905, t_ads: 2684.0, t_des: 10018.0, bed_util_ads: 0.063, bed_util_des: 0.049, frac_lost: 0.010, li_recovered:  1.005
L: 0.31, u_super: 0.00001, sec: 6.709, t_ads: 3039.0, t_des: 12799.0, bed_util_ads: 0.060, bed_util_des: 0.044, frac_lost: 0.010, li_recovered:  1.150
L: 0.30, u_super: 0.00001, sec: 3.474, t_ads: 3417.0, t_des: 7253.0, bed_util_ads: 0.062, bed_util_des: 0.052, frac_lost: 0.010, li_recovered:  0.713
L: 0.33, u_super: 0.00001, sec: 3.907, t_ads: 3438.0, t_des: 5682.0, bed_util_ads: 0.062, bed_util_des: 0.054, frac_lost: 0.010, li_recovered:  0.541
L: 0.32, u_super: 0.00001, sec: 4.571, t_ads: 3000.0, t_des: 3692.0, bed_util_ads: 0.064, bed_util_des: 0.060, frac_lost: 0.010, li_recovered:  0.342
L: 0.31, u_super: 0.00001, sec: 7.316, t_ads: 3140.0, t_des: 15637.0, bed_util_ads: 0.058, bed_util_des: 0.040, frac_lost: 0.010, li_recovered:  1.272
L: 0.34, u_super: 0.00001, sec: 3.706, t_ads: 3934.0, t_des: 8405.0, bed_util_ads: 0.059, bed_util_des: 0.049, frac_lost: 0.010, li_recovered:  0.772
L: 0.38, u_super: 0.00001, sec: 3.884, t_ads: 4567.0, t_des: 10668.0, bed_util_ads: 0.057, bed_util_des: 0.044, frac_lost: 0.010, li_recovered:  0.911
L: 0.30, u_super: 0.00001, sec: 3.684, t_ads: 3954.0, t_des: 13241.0, bed_util_ads: 0.058, bed_util_des: 0.042, frac_lost: 0.010, li_recovered:  1.139
L: 0.31, u_super: 0.00001, sec: 3.872, t_ads: 3140.0, t_des: 5476.0, bed_util_ads: 0.064, bed_util_des: 0.056, frac_lost: 0.010, li_recovered:  0.554
L: 0.31, u_super: 0.00001, sec: 4.022, t_ads: 3691.0, t_des: 11231.0, bed_util_ads: 0.060, bed_util_des: 0.045, frac_lost: 0.010, li_recovered:  1.029
L: 0.35, u_super: 0.00001, sec: 3.693, t_ads: 4172.0, t_des: 10084.0, bed_util_ads: 0.058, bed_util_des: 0.046, frac_lost: 0.010, li_recovered:  0.900
L: 0.30, u_super: 0.00002, sec: 7.715, t_ads: 2912.0, t_des: 14876.0, bed_util_ads: 0.058, bed_util_des: 0.041, frac_lost: 0.010, li_recovered:  1.242
L: 0.31, u_super: 0.00001, sec: 3.658, t_ads: 3387.0, t_des: 6398.0, bed_util_ads: 0.062, bed_util_des: 0.054, frac_lost: 0.010, li_recovered:  0.628
L: 0.32, u_super: 0.00001, sec: inf, t_ads: 1552.0, t_des: 0.0, bed_util_ads: 0.082, bed_util_des: 0.082, frac_lost: 0.010, li_recovered:  0.000
L: 0.31, u_super: 0.00001, sec: 3.881, t_ads: 4180.0, t_des: 15889.0, bed_util_ads: 0.056, bed_util_des: 0.038, frac_lost: 0.010, li_recovered:  1.266
L: 0.31, u_super: 0.00002, sec: 9.305, t_ads: 2110.0, t_des: 6407.0, bed_util_ads: 0.070, bed_util_des: 0.060, frac_lost: 0.010, li_recovered:  0.766
L: 0.45, u_super: 0.00003, sec: 18.867, t_ads: 2598.0, t_des: 11884.0, bed_util_ads: 0.062, bed_util_des: 0.046, frac_lost: 0.010, li_recovered:  1.111
L: 0.31, u_super: 0.00001, sec: 3.510, t_ads: 3791.0, t_des: 9878.0, bed_util_ads: 0.060, bed_util_des: 0.047, frac_lost: 0.010, li_recovered:  0.919
L: 0.32, u_super: 0.00001, sec: 4.016, t_ads: 3316.0, t_des: 6869.0, bed_util_ads: 0.063, bed_util_des: 0.053, frac_lost: 0.010, li_recovered:  0.685
L: 0.32, u_super: 0.00001, sec: 3.885, t_ads: 4561.0, t_des: 17953.0, bed_util_ads: 0.055, bed_util_des: 0.036, frac_lost: 0.010, li_recovered:  1.344
L: 0.40, u_super: 0.00002, sec: 12.244, t_ads: 2123.0, t_des: 2854.0, bed_util_ads: 0.074, bed_util_des: 0.069, frac_lost: 0.010, li_recovered:  0.334
L: 0.33, u_super: 0.00004, sec: 62.853, t_ads: 1317.0, t_des: 16748.0, bed_util_ads: 0.054, bed_util_des: 0.039, frac_lost: 0.010, li_recovered:  1.105
L: 0.30, u_super: 0.00001, sec: 3.682, t_ads: 3940.0, t_des: 13093.0, bed_util_ads: 0.058, bed_util_des: 0.042, frac_lost: 0.010, li_recovered:  1.131
L: 0.30, u_super: 0.00002, sec: 12.278, t_ads: 2215.0, t_des: 12419.0, bed_util_ads: 0.061, bed_util_des: 0.046, frac_lost: 0.010, li_recovered:  1.130
L: 0.30, u_super: 0.00002, sec: 13.269, t_ads: 1576.0, t_des: 3936.0, bed_util_ads: 0.079, bed_util_des: 0.072, frac_lost: 0.010, li_recovered:  0.555
L: 0.31, u_super: 0.00002, sec: 12.495, t_ads: 2274.0, t_des: 12079.0, bed_util_ads: 0.062, bed_util_des: 0.046, frac_lost: 0.010, li_recovered:  1.117
L: 0.31, u_super: 0.00001, sec: 3.680, t_ads: 3254.0, t_des: 5721.0, bed_util_ads: 0.063, bed_util_des: 0.055, frac_lost: 0.010, li_recovered:  0.570
L: 0.31, u_super: 0.00002, sec: 15.792, t_ads: 1815.0, t_des: 8946.0, bed_util_ads: 0.067, bed_util_des: 0.054, frac_lost: 0.010, li_recovered:  0.955
L: 0.31, u_super: 0.00001, sec: inf, t_ads: 2226.0, t_des: 0.0, bed_util_ads: 0.071, bed_util_des: 0.071, frac_lost: 0.010, li_recovered:  0.000
L: 0.31, u_super: 0.00001, sec: 3.866, t_ads: 3085.0, t_des: 4736.0, bed_util_ads: 0.064, bed_util_des: 0.058, frac_lost: 0.010, li_recovered:  0.470
L: 0.32, u_super: 0.00001, sec: 3.512, t_ads: 3825.0, t_des: 9279.0, bed_util_ads: 0.060, bed_util_des: 0.048, frac_lost: 0.010, li_recovered:  0.864
L: 0.35, u_super: 0.00002, sec: 13.170, t_ads: 2580.0, t_des: 14025.0, bed_util_ads: 0.059, bed_util_des: 0.043, frac_lost: 0.010, li_recovered:  1.204
L: 0.30, u_super: 0.00002, sec: 8.204, t_ads: 3053.0, t_des: 17643.0, bed_util_ads: 0.056, bed_util_des: 0.037, frac_lost: 0.010, li_recovered:  1.340
L: 0.31, u_super: 0.00001, sec: 3.865, t_ads: 4432.0, t_des: 18094.0, bed_util_ads: 0.055, bed_util_des: 0.036, frac_lost: 0.010, li_recovered:  1.352
    11 |      440 |  8.1927587569 |  3.4698169231
L: 0.30, u_super: 0.00001, sec: inf, t_ads: 1407.0, t_des: 0.0, bed_util_ads: 0.086, bed_util_des: 0.086, frac_lost: 0.010, li_recovered:  0.000
L: 0.30, u_super: 0.00001, sec: 4.195, t_ads: 3273.0, t_des: 8847.0, bed_util_ads: 0.062, bed_util_des: 0.050, frac_lost: 0.010, li_recovered:  0.880
L: 0.30, u_super: 0.00001, sec: 3.435, t_ads: 3772.0, t_des: 9897.0, bed_util_ads: 0.060, bed_util_des: 0.047, frac_lost: 0.010, li_recovered:  0.922
L: 0.31, u_super: 0.00001, sec: inf, t_ads: 1413.0, t_des: 0.0, bed_util_ads: 0.086, bed_util_des: 0.086, frac_lost: 0.010, li_recovered:  0.000
L: 0.31, u_super: 0.00003, sec: 15.180, t_ads: 1739.0, t_des: 6755.0, bed_util_ads: 0.072, bed_util_des: 0.060, frac_lost: 0.010, li_recovered:  0.814
L: 0.32, u_super: 0.00002, sec: 6.798, t_ads: 2688.0, t_des: 8440.0, bed_util_ads: 0.065, bed_util_des: 0.053, frac_lost: 0.010, li_recovered:  0.894
L: 0.31, u_super: 0.00002, sec: 7.207, t_ads: 2946.0, t_des: 12883.0, bed_util_ads: 0.060, bed_util_des: 0.044, frac_lost: 0.010, li_recovered:  1.156
L: 0.30, u_super: 0.00001, sec: 3.467, t_ads: 3420.0, t_des: 7249.0, bed_util_ads: 0.062, bed_util_des: 0.052, frac_lost: 0.010, li_recovered:  0.713
L: 0.33, u_super: 0.00001, sec: 3.688, t_ads: 3709.0, t_des: 7447.0, bed_util_ads: 0.060, bed_util_des: 0.051, frac_lost: 0.010, li_recovered:  0.702
L: 0.30, u_super: 0.00001, sec: 3.460, t_ads: 3834.0, t_des: 10740.0, bed_util_ads: 0.059, bed_util_des: 0.046, frac_lost: 0.010, li_recovered:  0.983
L: 0.31, u_super: 0.00001, sec: 6.360, t_ads: 2841.0, t_des: 9554.0, bed_util_ads: 0.063, bed_util_des: 0.050, frac_lost: 0.010, li_recovered:  0.966
L: 0.34, u_super: 0.00001, sec: 3.970, t_ads: 4869.0, t_des: 18148.0, bed_util_ads: 0.054, bed_util_des: 0.035, frac_lost: 0.010, li_recovered:  1.344
L: 0.38, u_super: 0.00001, sec: 3.878, t_ads: 4784.0, t_des: 12385.0, bed_util_ads: 0.056, bed_util_des: 0.042, frac_lost: 0.010, li_recovered:  1.029
L: 0.33, u_super: 0.00001, sec: 3.744, t_ads: 3527.0, t_des: 6816.0, bed_util_ads: 0.061, bed_util_des: 0.052, frac_lost: 0.010, li_recovered:  0.657
L: 0.31, u_super: 0.00001, sec: 3.704, t_ads: 3882.0, t_des: 11912.0, bed_util_ads: 0.059, bed_util_des: 0.044, frac_lost: 0.010, li_recovered:  1.062
L: 0.30, u_super: 0.00001, sec: 4.184, t_ads: 2902.0, t_des: 4965.0, bed_util_ads: 0.066, bed_util_des: 0.058, frac_lost: 0.010, li_recovered:  0.521
L: 0.31, u_super: 0.00001, sec: 3.473, t_ads: 3858.0, t_des: 10600.0, bed_util_ads: 0.059, bed_util_des: 0.046, frac_lost: 0.010, li_recovered:  0.971
L: 0.30, u_super: 0.00001, sec: 3.418, t_ads: 3644.0, t_des: 9081.0, bed_util_ads: 0.061, bed_util_des: 0.049, frac_lost: 0.010, li_recovered:  0.865
L: 0.35, u_super: 0.00001, sec: inf, t_ads: 2554.0, t_des: 0.0, bed_util_ads: 0.066, bed_util_des: 0.066, frac_lost: 0.010, li_recovered:  0.000
L: 0.32, u_super: 0.00005, sec: 48.708, t_ads: 1098.0, t_des: 7276.0, bed_util_ads: 0.071, bed_util_des: 0.059, frac_lost: 0.010, li_recovered:  0.808
L: 0.31, u_super: 0.00001, sec: 3.587, t_ads: 3588.0, t_des: 8811.0, bed_util_ads: 0.061, bed_util_des: 0.049, frac_lost: 0.010, li_recovered:  0.846
L: 0.30, u_super: 0.00002, sec: 10.564, t_ads: 2308.0, t_des: 11468.0, bed_util_ads: 0.063, bed_util_des: 0.047, frac_lost: 0.010, li_recovered:  1.091
L: 0.45, u_super: 0.00001, sec: 5.210, t_ads: 4191.0, t_des: 5553.0, bed_util_ads: 0.057, bed_util_des: 0.051, frac_lost: 0.010, li_recovered:  0.434
L: 0.38, u_super: 0.00001, sec: 3.991, t_ads: 4296.0, t_des: 8833.0, bed_util_ads: 0.058, bed_util_des: 0.047, frac_lost: 0.010, li_recovered:  0.776
L: 0.32, u_super: 0.00001, sec: 4.246, t_ads: 4123.0, t_des: 15589.0, bed_util_ads: 0.056, bed_util_des: 0.039, frac_lost: 0.010, li_recovered:  1.254
L: 0.32, u_super: 0.00001, sec: 3.886, t_ads: 4535.0, t_des: 17976.0, bed_util_ads: 0.055, bed_util_des: 0.036, frac_lost: 0.010, li_recovered:  1.345
L: 0.32, u_super: 0.00002, sec: 9.197, t_ads: 2106.0, t_des: 5694.0, bed_util_ads: 0.071, bed_util_des: 0.062, frac_lost: 0.010, li_recovered:  0.698
L: 0.32, u_super: 0.00004, sec: 39.138, t_ads: 1170.0, t_des: 7077.0, bed_util_ads: 0.071, bed_util_des: 0.060, frac_lost: 0.010, li_recovered:  0.810
L: 0.31, u_super: 0.00001, sec: 3.627, t_ads: 3555.0, t_des: 8208.0, bed_util_ads: 0.061, bed_util_des: 0.050, frac_lost: 0.010, li_recovered:  0.793
L: 0.30, u_super: 0.00002, sec: 11.840, t_ads: 2184.0, t_des: 11337.0, bed_util_ads: 0.063, bed_util_des: 0.048, frac_lost: 0.010, li_recovered:  1.083
L: 0.30, u_super: 0.00001, sec: inf, t_ads: 1878.0, t_des: 0.0, bed_util_ads: 0.077, bed_util_des: 0.077, frac_lost: 0.010, li_recovered:  0.000
L: 0.31, u_super: 0.00001, sec: 4.018, t_ads: 3127.0, t_des: 4595.0, bed_util_ads: 0.064, bed_util_des: 0.057, frac_lost: 0.010, li_recovered:  0.446
L: 0.31, u_super: 0.00001, sec: 3.498, t_ads: 3531.0, t_des: 7632.0, bed_util_ads: 0.061, bed_util_des: 0.051, frac_lost: 0.010, li_recovered:  0.739
L: 0.30, u_super: 0.00001, sec: 4.322, t_ads: 4473.0, t_des: 22783.0, bed_util_ads: 0.053, bed_util_des: 0.031, frac_lost: 0.010, li_recovered:  1.505
L: 0.30, u_super: 0.00001, sec: 3.444, t_ads: 3743.0, t_des: 9615.0, bed_util_ads: 0.060, bed_util_des: 0.047, frac_lost: 0.010, li_recovered:  0.901
L: 0.31, u_super: 0.00001, sec: 4.210, t_ads: 2934.0, t_des: 3882.0, bed_util_ads: 0.065, bed_util_des: 0.060, frac_lost: 0.010, li_recovered:  0.376
L: 0.32, u_super: 0.00002, sec: 7.130, t_ads: 2889.0, t_des: 11437.0, bed_util_ads: 0.062, bed_util_des: 0.046, frac_lost: 0.010, li_recovered:  1.082
L: 0.35, u_super: 0.00002, sec: 13.982, t_ads: 2633.0, t_des: 16047.0, bed_util_ads: 0.057, bed_util_des: 0.040, frac_lost: 0.010, li_recovered:  1.276
L: 0.30, u_super: 0.00001, sec: 20.724, t_ads: 2354.0, t_des: 1118.0, bed_util_ads: 0.069, bed_util_des: 0.069, frac_lost: 0.010, li_recovered:  0.039
L: 0.30, u_super: 0.00001, sec: 3.483, t_ads: 3463.0, t_des: 7426.0, bed_util_ads: 0.062, bed_util_des: 0.052, frac_lost: 0.010, li_recovered:  0.726
    12 |      480 |  7.9344615281 |  3.4177608490
L: 0.30, u_super: 0.00001, sec: inf, t_ads: 1382.0, t_des: 0.0, bed_util_ads: 0.088, bed_util_des: 0.088, frac_lost: 0.010, li_recovered:  0.000
L: 0.30, u_super: 0.00001, sec: 3.423, t_ads: 3558.0, t_des: 8314.0, bed_util_ads: 0.061, bed_util_des: 0.050, frac_lost: 0.010, li_recovered:  0.803
L: 0.30, u_super: 0.00002, sec: 6.442, t_ads: 2556.0, t_des: 7622.0, bed_util_ads: 0.067, bed_util_des: 0.055, frac_lost: 0.010, li_recovered:  0.838
L: 0.31, u_super: 0.00001, sec: inf, t_ads: 1421.0, t_des: 0.0, bed_util_ads: 0.085, bed_util_des: 0.085, frac_lost: 0.010, li_recovered:  0.000
L: 0.30, u_super: 0.00001, sec: 3.474, t_ads: 3591.0, t_des: 8868.0, bed_util_ads: 0.061, bed_util_des: 0.049, frac_lost: 0.010, li_recovered:  0.851
L: 0.30, u_super: 0.00001, sec: 5.631, t_ads: 3761.0, t_des: 20076.0, bed_util_ads: 0.054, bed_util_des: 0.034, frac_lost: 0.010, li_recovered:  1.425
L: 0.31, u_super: 0.00001, sec: 3.508, t_ads: 4002.0, t_des: 11643.0, bed_util_ads: 0.058, bed_util_des: 0.044, frac_lost: 0.010, li_recovered:  1.036
L: 0.30, u_super: 0.00001, sec: 3.731, t_ads: 3095.0, t_des: 4991.0, bed_util_ads: 0.064, bed_util_des: 0.057, frac_lost: 0.010, li_recovered:  0.502
L: 0.33, u_super: 0.00001, sec: 5.708, t_ads: 3106.0, t_des: 8739.0, bed_util_ads: 0.063, bed_util_des: 0.051, frac_lost: 0.010, li_recovered:  0.886
L: 0.36, u_super: 0.00001, sec: 3.795, t_ads: 4297.0, t_des: 9968.0, bed_util_ads: 0.058, bed_util_des: 0.046, frac_lost: 0.010, li_recovered:  0.877
L: 0.31, u_super: 0.00001, sec: 6.331, t_ads: 2806.0, t_des: 9605.0, bed_util_ads: 0.064, bed_util_des: 0.050, frac_lost: 0.010, li_recovered:  0.972
L: 0.34, u_super: 0.00001, sec: 3.764, t_ads: 3792.0, t_des: 7400.0, bed_util_ads: 0.060, bed_util_des: 0.050, frac_lost: 0.010, li_recovered:  0.689
L: 0.30, u_super: 0.00001, sec: 3.547, t_ads: 4052.0, t_des: 13358.0, bed_util_ads: 0.058, bed_util_des: 0.042, frac_lost: 0.010, li_recovered:  1.141
L: 0.30, u_super: 0.00001, sec: 3.435, t_ads: 3559.0, t_des: 8395.0, bed_util_ads: 0.061, bed_util_des: 0.050, frac_lost: 0.010, li_recovered:  0.811
L: 0.30, u_super: 0.00001, sec: 3.680, t_ads: 3826.0, t_des: 11987.0, bed_util_ads: 0.059, bed_util_des: 0.044, frac_lost: 0.010, li_recovered:  1.070
L: 0.30, u_super: 0.00001, sec: 3.503, t_ads: 3762.0, t_des: 10550.0, bed_util_ads: 0.060, bed_util_des: 0.046, frac_lost: 0.010, li_recovered:  0.975
L: 0.31, u_super: 0.00001, sec: 3.538, t_ads: 4038.0, t_des: 12563.0, bed_util_ads: 0.058, bed_util_des: 0.043, frac_lost: 0.010, li_recovered:  1.094
L: 0.30, u_super: 0.00001, sec: 3.555, t_ads: 3265.0, t_des: 6124.0, bed_util_ads: 0.063, bed_util_des: 0.055, frac_lost: 0.010, li_recovered:  0.612
L: 0.31, u_super: 0.00001, sec: 3.747, t_ads: 3355.0, t_des: 6507.0, bed_util_ads: 0.063, bed_util_des: 0.054, frac_lost: 0.010, li_recovered:  0.643
L: 0.32, u_super: 0.00001, sec: inf, t_ads: 1557.0, t_des: 0.0, bed_util_ads: 0.082, bed_util_des: 0.082, frac_lost: 0.010, li_recovered:  0.000
L: 0.31, u_super: 0.00001, sec: 3.596, t_ads: 3526.0, t_des: 8291.0, bed_util_ads: 0.061, bed_util_des: 0.050, frac_lost: 0.010, li_recovered:  0.804
L: 0.30, u_super: 0.00001, sec: 4.089, t_ads: 2914.0, t_des: 4092.0, bed_util_ads: 0.065, bed_util_des: 0.060, frac_lost: 0.010, li_recovered:  0.407
L: 0.45, u_super: 0.00001, sec: 4.472, t_ads: 4744.0, t_des: 8344.0, bed_util_ads: 0.056, bed_util_des: 0.046, frac_lost: 0.010, li_recovered:  0.677
L: 0.31, u_super: 0.00003, sec: 24.775, t_ads: 1645.0, t_des: 11924.0, bed_util_ads: 0.062, bed_util_des: 0.047, frac_lost: 0.010, li_recovered:  1.068
L: 0.32, u_super: 0.00001, sec: 3.653, t_ads: 3442.0, t_des: 6460.0, bed_util_ads: 0.062, bed_util_des: 0.053, frac_lost: 0.010, li_recovered:  0.629
L: 0.30, u_super: 0.00001, sec: 3.848, t_ads: 4367.0, t_des: 18126.0, bed_util_ads: 0.055, bed_util_des: 0.036, frac_lost: 0.010, li_recovered:  1.355
L: 0.30, u_super: 0.00002, sec: 10.052, t_ads: 2286.0, t_des: 10331.0, bed_util_ads: 0.064, bed_util_des: 0.050, frac_lost: 0.010, li_recovered:  1.033
L: 0.30, u_super: 0.00003, sec: 14.209, t_ads: 1558.0, t_des: 4385.0, bed_util_ads: 0.078, bed_util_des: 0.070, frac_lost: 0.010, li_recovered:  0.609
L: 0.31, u_super: 0.00001, sec: 3.731, t_ads: 3514.0, t_des: 8292.0, bed_util_ads: 0.061, bed_util_des: 0.050, frac_lost: 0.010, li_recovered:  0.806
L: 0.30, u_super: 0.00001, sec: 4.371, t_ads: 2828.0, t_des: 3491.0, bed_util_ads: 0.066, bed_util_des: 0.061, frac_lost: 0.010, li_recovered:  0.336
L: 0.30, u_super: 0.00002, sec: 8.612, t_ads: 1889.0, t_des: 3064.0, bed_util_ads: 0.077, bed_util_des: 0.072, frac_lost: 0.010, li_recovered:  0.391
L: 0.41, u_super: 0.00001, sec: 7.523, t_ads: 3373.0, t_des: 2791.0, bed_util_ads: 0.060, bed_util_des: 0.058, frac_lost: 0.010, li_recovered:  0.190
L: 0.31, u_super: 0.00001, sec: 3.502, t_ads: 3529.0, t_des: 7636.0, bed_util_ads: 0.061, bed_util_des: 0.051, frac_lost: 0.010, li_recovered:  0.739
L: 0.30, u_super: 0.00001, sec: 3.582, t_ads: 3299.0, t_des: 6616.0, bed_util_ads: 0.063, bed_util_des: 0.054, frac_lost: 0.010, li_recovered:  0.660
L: 0.33, u_super: 0.00001, sec: 3.615, t_ads: 3948.0, t_des: 9243.0, bed_util_ads: 0.059, bed_util_des: 0.047, frac_lost: 0.010, li_recovered:  0.848
L: 0.31, u_super: 0.00001, sec: 3.974, t_ads: 3110.0, t_des: 4626.0, bed_util_ads: 0.064, bed_util_des: 0.058, frac_lost: 0.010, li_recovered:  0.452
L: 0.32, u_super: 0.00001, sec: 3.658, t_ads: 4321.0, t_des: 14483.0, bed_util_ads: 0.056, bed_util_des: 0.040, frac_lost: 0.010, li_recovered:  1.191
L: 0.35, u_super: 0.00002, sec: 11.554, t_ads: 2402.0, t_des: 9427.0, bed_util_ads: 0.065, bed_util_des: 0.051, frac_lost: 0.010, li_recovered:  0.978
L: 0.30, u_super: 0.00002, sec: 7.240, t_ads: 2081.0, t_des: 3200.0, bed_util_ads: 0.074, bed_util_des: 0.069, frac_lost: 0.010, li_recovered:  0.387
L: 0.30, u_super: 0.00001, sec: 3.495, t_ads: 3473.0, t_des: 7400.0, bed_util_ads: 0.062, bed_util_des: 0.052, frac_lost: 0.010, li_recovered:  0.722
    13 |      520 |  7.0718143642 |  3.4177608490
L: 0.30, u_super: 0.00005, sec: 64.551, t_ads: 993.0, t_des: 9417.0, bed_util_ads: 0.064, bed_util_des: 0.052, frac_lost: 0.010, li_recovered:  0.861
L: 0.31, u_super: 0.00001, sec: 3.484, t_ads: 3575.0, t_des: 7968.0, bed_util_ads: 0.061, bed_util_des: 0.050, frac_lost: 0.010, li_recovered:  0.767
L: 0.30, u_super: 0.00001, sec: 3.414, t_ads: 3742.0, t_des: 9947.0, bed_util_ads: 0.060, bed_util_des: 0.047, frac_lost: 0.010, li_recovered:  0.929
L: 0.31, u_super: 0.00001, sec: inf, t_ads: 1421.0, t_des: 0.0, bed_util_ads: 0.085, bed_util_des: 0.085, frac_lost: 0.010, li_recovered:  0.000
L: 0.30, u_super: 0.00001, sec: 3.605, t_ads: 3248.0, t_des: 6202.0, bed_util_ads: 0.063, bed_util_des: 0.054, frac_lost: 0.010, li_recovered:  0.622
L: 0.31, u_super: 0.00001, sec: 5.641, t_ads: 3840.0, t_des: 20023.0, bed_util_ads: 0.054, bed_util_des: 0.034, frac_lost: 0.010, li_recovered:  1.424
L: 0.31, u_super: 0.00001, sec: 3.488, t_ads: 3667.0, t_des: 8553.0, bed_util_ads: 0.061, bed_util_des: 0.049, frac_lost: 0.010, li_recovered:  0.814
L: 0.30, u_super: 0.00001, sec: 3.809, t_ads: 4320.0, t_des: 17732.0, bed_util_ads: 0.055, bed_util_des: 0.036, frac_lost: 0.010, li_recovered:  1.341
L: 0.33, u_super: 0.00002, sec: 14.728, t_ads: 2086.0, t_des: 9987.0, bed_util_ads: 0.065, bed_util_des: 0.051, frac_lost: 0.010, li_recovered:  1.015
L: 0.30, u_super: 0.00001, sec: 3.446, t_ads: 3840.0, t_des: 10730.0, bed_util_ads: 0.059, bed_util_des: 0.046, frac_lost: 0.010, li_recovered:  0.982
L: 0.31, u_super: 0.00001, sec: 6.299, t_ads: 2787.0, t_des: 9325.0, bed_util_ads: 0.064, bed_util_des: 0.050, frac_lost: 0.010, li_recovered:  0.953
L: 0.30, u_super: 0.00001, sec: 3.412, t_ads: 3641.0, t_des: 9028.0, bed_util_ads: 0.061, bed_util_des: 0.049, frac_lost: 0.010, li_recovered:  0.861
L: 0.30, u_super: 0.00001, sec: 3.536, t_ads: 4057.0, t_des: 13349.0, bed_util_ads: 0.058, bed_util_des: 0.042, frac_lost: 0.010, li_recovered:  1.140
L: 0.30, u_super: 0.00001, sec: 3.453, t_ads: 3850.0, t_des: 11114.0, bed_util_ads: 0.059, bed_util_des: 0.045, frac_lost: 0.010, li_recovered:  1.010
L: 0.30, u_super: 0.00001, sec: 3.472, t_ads: 3920.0, t_des: 11856.0, bed_util_ads: 0.059, bed_util_des: 0.044, frac_lost: 0.010, li_recovered:  1.056
L: 0.30, u_super: 0.00001, sec: 3.503, t_ads: 3761.0, t_des: 10547.0, bed_util_ads: 0.060, bed_util_des: 0.046, frac_lost: 0.010, li_recovered:  0.974
L: 0.31, u_super: 0.00003, sec: 25.447, t_ads: 1641.0, t_des: 12537.0, bed_util_ads: 0.061, bed_util_des: 0.046, frac_lost: 0.010, li_recovered:  1.086
L: 0.30, u_super: 0.00001, sec: 3.454, t_ads: 3628.0, t_des: 9109.0, bed_util_ads: 0.061, bed_util_des: 0.049, frac_lost: 0.010, li_recovered:  0.869
L: 0.30, u_super: 0.00001, sec: 3.511, t_ads: 3331.0, t_des: 6589.0, bed_util_ads: 0.063, bed_util_des: 0.054, frac_lost: 0.010, li_recovered:  0.654
L: 0.32, u_super: 0.00005, sec: 51.340, t_ads: 1111.0, t_des: 8144.0, bed_util_ads: 0.068, bed_util_des: 0.056, frac_lost: 0.010, li_recovered:  0.848
L: 0.31, u_super: 0.00001, sec: 3.599, t_ads: 3770.0, t_des: 10516.0, bed_util_ads: 0.060, bed_util_des: 0.046, frac_lost: 0.010, li_recovered:  0.972
L: 0.30, u_super: 0.00001, sec: 3.480, t_ads: 3581.0, t_des: 8801.0, bed_util_ads: 0.061, bed_util_des: 0.049, frac_lost: 0.010, li_recovered:  0.846
L: 0.45, u_super: 0.00001, sec: 4.475, t_ads: 4742.0, t_des: 8345.0, bed_util_ads: 0.056, bed_util_des: 0.046, frac_lost: 0.010, li_recovered:  0.678
L: 0.30, u_super: 0.00001, sec: 3.463, t_ads: 3721.0, t_des: 9992.0, bed_util_ads: 0.060, bed_util_des: 0.047, frac_lost: 0.010, li_recovered:  0.935
L: 0.32, u_super: 0.00001, sec: 6.121, t_ads: 2793.0, t_des: 7981.0, bed_util_ads: 0.065, bed_util_des: 0.053, frac_lost: 0.010, li_recovered:  0.849
L: 0.30, u_super: 0.00002, sec: 11.432, t_ads: 2688.0, t_des: 19185.0, bed_util_ads: 0.055, bed_util_des: 0.036, frac_lost: 0.010, li_recovered:  1.364
L: 0.30, u_super: 0.00002, sec: 9.102, t_ads: 2083.0, t_des: 6146.0, bed_util_ads: 0.071, bed_util_des: 0.061, frac_lost: 0.010, li_recovered:  0.744
L: 0.30, u_super: 0.00003, sec: 14.245, t_ads: 1565.0, t_des: 4371.0, bed_util_ads: 0.078, bed_util_des: 0.070, frac_lost: 0.010, li_recovered:  0.607
L: 0.31, u_super: 0.00001, sec: 3.641, t_ads: 3885.0, t_des: 11251.0, bed_util_ads: 0.059, bed_util_des: 0.045, frac_lost: 0.010, li_recovered:  1.017
L: 0.30, u_super: 0.00001, sec: 4.370, t_ads: 2828.0, t_des: 3491.0, bed_util_ads: 0.066, bed_util_des: 0.061, frac_lost: 0.010, li_recovered:  0.336
L: 0.30, u_super: 0.00002, sec: 8.614, t_ads: 1889.0, t_des: 3063.0, bed_util_ads: 0.077, bed_util_des: 0.072, frac_lost: 0.010, li_recovered:  0.391
L: 0.31, u_super: 0.00001, sec: 5.036, t_ads: 4976.0, t_des: 31938.0, bed_util_ads: 0.049, bed_util_des: 0.025, frac_lost: 0.010, li_recovered:  1.699
L: 0.31, u_super: 0.00001, sec: 4.725, t_ads: 3123.0, t_des: 8466.0, bed_util_ads: 0.063, bed_util_des: 0.051, frac_lost: 0.010, li_recovered:  0.861
L: 0.30, u_super: 0.00001, sec: 3.582, t_ads: 3299.0, t_des: 6616.0, bed_util_ads: 0.063, bed_util_des: 0.054, frac_lost: 0.010, li_recovered:  0.660
L: 0.32, u_super: 0.00001, sec: 3.535, t_ads: 3859.0, t_des: 9411.0, bed_util_ads: 0.060, bed_util_des: 0.047, frac_lost: 0.010, li_recovered:  0.873
L: 0.31, u_super: 0.00001, sec: 3.459, t_ads: 3858.0, t_des: 10622.0, bed_util_ads: 0.059, bed_util_des: 0.046, frac_lost: 0.010, li_recovered:  0.972
L: 0.32, u_super: 0.00001, sec: 3.517, t_ads: 3823.0, t_des: 9284.0, bed_util_ads: 0.060, bed_util_des: 0.048, frac_lost: 0.010, li_recovered:  0.865
L: 0.35, u_super: 0.00001, sec: 7.205, t_ads: 2909.0, t_des: 2330.0, bed_util_ads: 0.064, bed_util_des: 0.062, frac_lost: 0.010, li_recovered:  0.169
L: 0.33, u_super: 0.00001, sec: 5.510, t_ads: 3446.0, t_des: 12315.0, bed_util_ads: 0.060, bed_util_des: 0.044, frac_lost: 0.010, li_recovered:  1.110
L: 0.30, u_super: 0.00001, sec: 3.461, t_ads: 3446.0, t_des: 7471.0, bed_util_ads: 0.062, bed_util_des: 0.052, frac_lost: 0.010, li_recovered:  0.732
    14 |      560 |  6.8932571113 |  3.4121994972
L: 0.37, u_super: 0.00005, sec: 45.824, t_ads: 976.0, t_des: 1997.0, bed_util_ads: 0.095, bed_util_des: 0.090, frac_lost: 0.010, li_recovered:  0.346
L: 0.30, u_super: 0.00001, sec: 3.425, t_ads: 3557.0, t_des: 8316.0, bed_util_ads: 0.061, bed_util_des: 0.050, frac_lost: 0.010, li_recovered:  0.803
L: 0.30, u_super: 0.00001, sec: 3.589, t_ads: 3221.0, t_des: 5817.0, bed_util_ads: 0.063, bed_util_des: 0.055, frac_lost: 0.010, li_recovered:  0.584
L: 0.31, u_super: 0.00004, sec: 34.547, t_ads: 1129.0, t_des: 5439.0, bed_util_ads: 0.077, bed_util_des: 0.067, frac_lost: 0.010, li_recovered:  0.709
L: 0.31, u_super: 0.00001, sec: 3.549, t_ads: 3674.0, t_des: 8711.0, bed_util_ads: 0.061, bed_util_des: 0.049, frac_lost: 0.010, li_recovered:  0.828
L: 0.30, u_super: 0.00001, sec: 5.632, t_ads: 3761.0, t_des: 20071.0, bed_util_ads: 0.054, bed_util_des: 0.034, frac_lost: 0.010, li_recovered:  1.424
L: 0.30, u_super: 0.00001, sec: 3.422, t_ads: 3598.0, t_des: 8689.0, bed_util_ads: 0.061, bed_util_des: 0.049, frac_lost: 0.010, li_recovered:  0.834
L: 0.30, u_super: 0.00001, sec: 4.419, t_ads: 4611.0, t_des: 25329.0, bed_util_ads: 0.051, bed_util_des: 0.029, frac_lost: 0.010, li_recovered:  1.569
L: 0.33, u_super: 0.00001, sec: 3.684, t_ads: 3710.0, t_des: 7439.0, bed_util_ads: 0.060, bed_util_des: 0.051, frac_lost: 0.010, li_recovered:  0.701
L: 0.30, u_super: 0.00001, sec: 3.438, t_ads: 3825.0, t_des: 10754.0, bed_util_ads: 0.059, bed_util_des: 0.046, frac_lost: 0.010, li_recovered:  0.985
L: 0.31, u_super: 0.00001, sec: 6.481, t_ads: 2875.0, t_des: 10738.0, bed_util_ads: 0.062, bed_util_des: 0.048, frac_lost: 0.010, li_recovered:  1.041
L: 0.30, u_super: 0.00001, sec: 3.412, t_ads: 3641.0, t_des: 9028.0, bed_util_ads: 0.061, bed_util_des: 0.049, frac_lost: 0.010, li_recovered:  0.861
L: 0.30, u_super: 0.00001, sec: 3.620, t_ads: 4017.0, t_des: 13399.0, bed_util_ads: 0.058, bed_util_des: 0.042, frac_lost: 0.010, li_recovered:  1.145
L: 0.30, u_super: 0.00001, sec: 3.426, t_ads: 3541.0, t_des: 8190.0, bed_util_ads: 0.061, bed_util_des: 0.050, frac_lost: 0.010, li_recovered:  0.793
L: 0.30, u_super: 0.00001, sec: 3.444, t_ads: 3501.0, t_des: 7906.0, bed_util_ads: 0.062, bed_util_des: 0.051, frac_lost: 0.010, li_recovered:  0.770
L: 0.30, u_super: 0.00001, sec: 3.513, t_ads: 3458.0, t_des: 7828.0, bed_util_ads: 0.062, bed_util_des: 0.051, frac_lost: 0.010, li_recovered:  0.767
L: 0.30, u_super: 0.00001, sec: 3.444, t_ads: 3807.0, t_des: 10679.0, bed_util_ads: 0.059, bed_util_des: 0.046, frac_lost: 0.010, li_recovered:  0.981
L: 0.30, u_super: 0.00001, sec: 4.499, t_ads: 3956.0, t_des: 17310.0, bed_util_ads: 0.056, bed_util_des: 0.037, frac_lost: 0.010, li_recovered:  1.331
L: 0.30, u_super: 0.00001, sec: 3.555, t_ads: 3358.0, t_des: 6499.0, bed_util_ads: 0.062, bed_util_des: 0.054, frac_lost: 0.010, li_recovered:  0.642
L: 0.32, u_super: 0.00001, sec: inf, t_ads: 1557.0, t_des: 0.0, bed_util_ads: 0.082, bed_util_des: 0.082, frac_lost: 0.010, li_recovered:  0.000
L: 0.31, u_super: 0.00001, sec: 3.597, t_ads: 3525.0, t_des: 8282.0, bed_util_ads: 0.061, bed_util_des: 0.050, frac_lost: 0.010, li_recovered:  0.804
L: 0.30, u_super: 0.00001, sec: 3.479, t_ads: 3671.0, t_des: 9612.0, bed_util_ads: 0.060, bed_util_des: 0.048, frac_lost: 0.010, li_recovered:  0.908
L: 0.30, u_super: 0.00001, sec: 3.433, t_ads: 3818.0, t_des: 10383.0, bed_util_ads: 0.059, bed_util_des: 0.046, frac_lost: 0.010, li_recovered:  0.957
L: 0.30, u_super: 0.00001, sec: 3.477, t_ads: 3742.0, t_des: 9957.0, bed_util_ads: 0.060, bed_util_des: 0.047, frac_lost: 0.010, li_recovered:  0.930
L: 0.32, u_super: 0.00001, sec: 3.590, t_ads: 3554.0, t_des: 7257.0, bed_util_ads: 0.061, bed_util_des: 0.052, frac_lost: 0.010, li_recovered:  0.699
L: 0.30, u_super: 0.00001, sec: 3.850, t_ads: 4366.0, t_des: 18126.0, bed_util_ads: 0.055, bed_util_des: 0.036, frac_lost: 0.010, li_recovered:  1.355
L: 0.30, u_super: 0.00001, sec: 4.656, t_ads: 2807.0, t_des: 3213.0, bed_util_ads: 0.066, bed_util_des: 0.062, frac_lost: 0.010, li_recovered:  0.299
L: 0.30, u_super: 0.00003, sec: 14.167, t_ads: 1548.0, t_des: 4400.0, bed_util_ads: 0.078, bed_util_des: 0.070, frac_lost: 0.010, li_recovered:  0.611
L: 0.31, u_super: 0.00001, sec: 3.495, t_ads: 3609.0, t_des: 8088.0, bed_util_ads: 0.061, bed_util_des: 0.050, frac_lost: 0.010, li_recovered:  0.775
L: 0.30, u_super: 0.00001, sec: 4.371, t_ads: 2829.0, t_des: 3483.0, bed_util_ads: 0.066, bed_util_des: 0.061, frac_lost: 0.010, li_recovered:  0.334
L: 0.30, u_super: 0.00002, sec: 8.612, t_ads: 1889.0, t_des: 3064.0, bed_util_ads: 0.077, bed_util_des: 0.072, frac_lost: 0.010, li_recovered:  0.391
L: 0.31, u_super: 0.00001, sec: 3.518, t_ads: 3702.0, t_des: 8485.0, bed_util_ads: 0.060, bed_util_des: 0.049, frac_lost: 0.010, li_recovered:  0.804
L: 0.30, u_super: 0.00001, sec: 3.442, t_ads: 3485.0, t_des: 7746.0, bed_util_ads: 0.062, bed_util_des: 0.051, frac_lost: 0.010, li_recovered:  0.755
L: 0.30, u_super: 0.00001, sec: 3.516, t_ads: 3323.0, t_des: 6537.0, bed_util_ads: 0.063, bed_util_des: 0.054, frac_lost: 0.010, li_recovered:  0.649
L: 0.30, u_super: 0.00001, sec: 3.420, t_ads: 3709.0, t_des: 9674.0, bed_util_ads: 0.060, bed_util_des: 0.047, frac_lost: 0.010, li_recovered:  0.910
L: 0.31, u_super: 0.00002, sec: 9.315, t_ads: 2534.0, t_des: 12190.0, bed_util_ads: 0.061, bed_util_des: 0.046, frac_lost: 0.010, li_recovered:  1.126
L: 0.31, u_super: 0.00001, sec: 3.456, t_ads: 3756.0, t_des: 9404.0, bed_util_ads: 0.060, bed_util_des: 0.048, frac_lost: 0.010, li_recovered:  0.882
L: 0.35, u_super: 0.00003, sec: 15.356, t_ads: 1863.0, t_des: 6109.0, bed_util_ads: 0.072, bed_util_des: 0.062, frac_lost: 0.010, li_recovered:  0.756
L: 0.33, u_super: 0.00001, sec: 5.259, t_ads: 3196.0, t_des: 9046.0, bed_util_ads: 0.062, bed_util_des: 0.050, frac_lost: 0.010, li_recovered:  0.903
L: 0.30, u_super: 0.00001, sec: 3.416, t_ads: 3702.0, t_des: 9593.0, bed_util_ads: 0.060, bed_util_des: 0.048, frac_lost: 0.010, li_recovered:  0.903
    15 |      600 |  6.7224965394 |  3.4121975899
L: 0.30, u_super: 0.00005, sec: 64.183, t_ads: 992.0, t_des: 9319.0, bed_util_ads: 0.064, bed_util_des: 0.052, frac_lost: 0.010, li_recovered:  0.858
L: 0.30, u_super: 0.00001, sec: 3.425, t_ads: 3557.0, t_des: 8313.0, bed_util_ads: 0.061, bed_util_des: 0.050, frac_lost: 0.010, li_recovered:  0.803
L: 0.30, u_super: 0.00001, sec: 3.414, t_ads: 3742.0, t_des: 9947.0, bed_util_ads: 0.060, bed_util_des: 0.047, frac_lost: 0.010, li_recovered:  0.929
L: 0.30, u_super: 0.00004, sec: 40.990, t_ads: 912.0, t_des: 979.0, bed_util_ads: 0.104, bed_util_des: 0.102, frac_lost: 0.010, li_recovered:  0.143
L: 0.30, u_super: 0.00001, sec: 3.474, t_ads: 3591.0, t_des: 8868.0, bed_util_ads: 0.061, bed_util_des: 0.049, frac_lost: 0.010, li_recovered:  0.851
L: 0.30, u_super: 0.00001, sec: 5.857, t_ads: 3695.0, t_des: 20116.0, bed_util_ads: 0.054, bed_util_des: 0.034, frac_lost: 0.010, li_recovered:  1.425
L: 0.30, u_super: 0.00001, sec: 3.422, t_ads: 3598.0, t_des: 8689.0, bed_util_ads: 0.061, bed_util_des: 0.049, frac_lost: 0.010, li_recovered:  0.834
L: 0.30, u_super: 0.00001, sec: 3.933, t_ads: 4400.0, t_des: 19408.0, bed_util_ads: 0.054, bed_util_des: 0.034, frac_lost: 0.010, li_recovered:  1.402
L: 0.30, u_super: 0.00001, sec: 3.435, t_ads: 3512.0, t_des: 7964.0, bed_util_ads: 0.061, bed_util_des: 0.051, frac_lost: 0.010, li_recovered:  0.774
L: 0.30, u_super: 0.00001, sec: 3.436, t_ads: 3820.0, t_des: 10759.0, bed_util_ads: 0.059, bed_util_des: 0.046, frac_lost: 0.010, li_recovered:  0.986
L: 0.30, u_super: 0.00001, sec: 7.121, t_ads: 2099.0, t_des: 2964.0, bed_util_ads: 0.074, bed_util_des: 0.069, frac_lost: 0.010, li_recovered:  0.352
L: 0.30, u_super: 0.00001, sec: 3.425, t_ads: 3550.0, t_des: 8265.0, bed_util_ads: 0.061, bed_util_des: 0.050, frac_lost: 0.010, li_recovered:  0.799
L: 0.30, u_super: 0.00001, sec: 3.533, t_ads: 4047.0, t_des: 13363.0, bed_util_ads: 0.058, bed_util_des: 0.042, frac_lost: 0.010, li_recovered:  1.142
L: 0.30, u_super: 0.00001, sec: 4.192, t_ads: 3260.0, t_des: 8727.0, bed_util_ads: 0.062, bed_util_des: 0.050, frac_lost: 0.010, li_recovered:  0.871
L: 0.30, u_super: 0.00001, sec: 3.444, t_ads: 3501.0, t_des: 7906.0, bed_util_ads: 0.062, bed_util_des: 0.051, frac_lost: 0.010, li_recovered:  0.770
L: 0.30, u_super: 0.00001, sec: 3.429, t_ads: 3795.0, t_des: 10494.0, bed_util_ads: 0.060, bed_util_des: 0.046, frac_lost: 0.010, li_recovered:  0.968
L: 0.30, u_super: 0.00001, sec: 4.185, t_ads: 3510.0, t_des: 11114.0, bed_util_ads: 0.060, bed_util_des: 0.046, frac_lost: 0.010, li_recovered:  1.032
L: 0.30, u_super: 0.00001, sec: 3.410, t_ads: 3647.0, t_des: 9074.0, bed_util_ads: 0.061, bed_util_des: 0.049, frac_lost: 0.010, li_recovered:  0.864
L: 0.30, u_super: 0.00001, sec: 3.409, t_ads: 3693.0, t_des: 9481.0, bed_util_ads: 0.060, bed_util_des: 0.048, frac_lost: 0.010, li_recovered:  0.895
L: 0.32, u_super: 0.00002, sec: inf, t_ads: 1519.0, t_des: 0.0, bed_util_ads: 0.084, bed_util_des: 0.084, frac_lost: 0.010, li_recovered:  0.000
L: 0.31, u_super: 0.00001, sec: 3.448, t_ads: 3647.0, t_des: 8701.0, bed_util_ads: 0.061, bed_util_des: 0.049, frac_lost: 0.010, li_recovered:  0.830
L: 0.30, u_super: 0.00001, sec: 3.482, t_ads: 3558.0, t_des: 8605.0, bed_util_ads: 0.061, bed_util_des: 0.050, frac_lost: 0.010, li_recovered:  0.830
L: 0.30, u_super: 0.00003, sec: 20.889, t_ads: 1761.0, t_des: 12306.0, bed_util_ads: 0.061, bed_util_des: 0.046, frac_lost: 0.010, li_recovered:  1.094
L: 0.30, u_super: 0.00001, sec: 3.463, t_ads: 3721.0, t_des: 9992.0, bed_util_ads: 0.060, bed_util_des: 0.047, frac_lost: 0.010, li_recovered:  0.935
L: 0.32, u_super: 0.00001, sec: 3.566, t_ads: 4143.0, t_des: 12423.0, bed_util_ads: 0.058, bed_util_des: 0.043, frac_lost: 0.010, li_recovered:  1.079
L: 0.30, u_super: 0.00001, sec: 3.844, t_ads: 4338.0, t_des: 18148.0, bed_util_ads: 0.055, bed_util_des: 0.036, frac_lost: 0.010, li_recovered:  1.357
L: 0.30, u_super: 0.00001, sec: 4.509, t_ads: 2794.0, t_des: 3298.0, bed_util_ads: 0.066, bed_util_des: 0.062, frac_lost: 0.010, li_recovered:  0.313
L: 0.30, u_super: 0.00001, sec: 35.360, t_ads: 2300.0, t_des: 979.0, bed_util_ads: 0.070, bed_util_des: 0.070, frac_lost: 0.010, li_recovered:  0.022
L: 0.31, u_super: 0.00001, sec: 3.524, t_ads: 3597.0, t_des: 8119.0, bed_util_ads: 0.061, bed_util_des: 0.050, frac_lost: 0.010, li_recovered:  0.780
L: 0.30, u_super: 0.00001, sec: 3.781, t_ads: 4289.0, t_des: 17226.0, bed_util_ads: 0.055, bed_util_des: 0.037, frac_lost: 0.010, li_recovered:  1.321
L: 0.30, u_super: 0.00002, sec: 8.612, t_ads: 1889.0, t_des: 3064.0, bed_util_ads: 0.077, bed_util_des: 0.072, frac_lost: 0.010, li_recovered:  0.391
L: 0.30, u_super: 0.00001, sec: 3.469, t_ads: 3420.0, t_des: 7263.0, bed_util_ads: 0.062, bed_util_des: 0.052, frac_lost: 0.010, li_recovered:  0.714
L: 0.30, u_super: 0.00001, sec: 3.417, t_ads: 3583.0, t_des: 8528.0, bed_util_ads: 0.061, bed_util_des: 0.050, frac_lost: 0.010, li_recovered:  0.821
L: 0.30, u_super: 0.00001, sec: 3.708, t_ads: 3126.0, t_des: 5330.0, bed_util_ads: 0.064, bed_util_des: 0.056, frac_lost: 0.010, li_recovered:  0.539
L: 0.30, u_super: 0.00001, sec: 3.611, t_ads: 4127.0, t_des: 14571.0, bed_util_ads: 0.057, bed_util_des: 0.040, frac_lost: 0.010, li_recovered:  1.203
L: 0.32, u_super: 0.00001, sec: 3.514, t_ads: 3949.0, t_des: 10481.0, bed_util_ads: 0.059, bed_util_des: 0.046, frac_lost: 0.010, li_recovered:  0.954
L: 0.31, u_super: 0.00001, sec: 3.456, t_ads: 3806.0, t_des: 9847.0, bed_util_ads: 0.060, bed_util_des: 0.047, frac_lost: 0.010, li_recovered:  0.915
L: 0.31, u_super: 0.00001, sec: 4.782, t_ads: 2818.0, t_des: 3149.0, bed_util_ads: 0.066, bed_util_des: 0.062, frac_lost: 0.010, li_recovered:  0.289
L: 0.31, u_super: 0.00001, sec: 5.161, t_ads: 3088.0, t_des: 9221.0, bed_util_ads: 0.063, bed_util_des: 0.050, frac_lost: 0.010, li_recovered:  0.926
L: 0.30, u_super: 0.00001, sec: 3.957, t_ads: 4405.0, t_des: 19620.0, bed_util_ads: 0.054, bed_util_des: 0.034, frac_lost: 0.010, li_recovered:  1.409
    16 |      640 |  6.6240795612 |  3.4090776443
L: 0.30, u_super: 0.00001, sec: inf, t_ads: 1407.0, t_des: 0.0, bed_util_ads: 0.086, bed_util_des: 0.086, frac_lost: 0.010, li_recovered:  0.000
L: 0.30, u_super: 0.00001, sec: 3.422, t_ads: 3557.0, t_des: 8315.0, bed_util_ads: 0.061, bed_util_des: 0.050, frac_lost: 0.010, li_recovered:  0.803
L: 0.31, u_super: 0.00001, sec: 3.478, t_ads: 3834.0, t_des: 9794.0, bed_util_ads: 0.060, bed_util_des: 0.047, frac_lost: 0.010, li_recovered:  0.908
L: 0.30, u_super: 0.00004, sec: 33.441, t_ads: 924.0, t_des: 2135.0, bed_util_ads: 0.095, bed_util_des: 0.090, frac_lost: 0.010, li_recovered:  0.375
L: 0.30, u_super: 0.00001, sec: 3.473, t_ads: 3598.0, t_des: 8927.0, bed_util_ads: 0.061, bed_util_des: 0.049, frac_lost: 0.010, li_recovered:  0.856
L: 0.30, u_super: 0.00001, sec: 5.632, t_ads: 3760.0, t_des: 20071.0, bed_util_ads: 0.054, bed_util_des: 0.034, frac_lost: 0.010, li_recovered:  1.424
L: 0.30, u_super: 0.00001, sec: 3.417, t_ads: 3699.0, t_des: 9573.0, bed_util_ads: 0.060, bed_util_des: 0.048, frac_lost: 0.010, li_recovered:  0.902
L: 0.30, u_super: 0.00001, sec: 3.485, t_ads: 3433.0, t_des: 7212.0, bed_util_ads: 0.062, bed_util_des: 0.052, frac_lost: 0.010, li_recovered:  0.707
L: 0.30, u_super: 0.00001, sec: 3.433, t_ads: 3513.0, t_des: 7962.0, bed_util_ads: 0.061, bed_util_des: 0.051, frac_lost: 0.010, li_recovered:  0.774
L: 0.30, u_super: 0.00001, sec: 3.436, t_ads: 3820.0, t_des: 10759.0, bed_util_ads: 0.059, bed_util_des: 0.046, frac_lost: 0.010, li_recovered:  0.986
L: 0.31, u_super: 0.00001, sec: 3.478, t_ads: 3557.0, t_des: 7977.0, bed_util_ads: 0.061, bed_util_des: 0.050, frac_lost: 0.010, li_recovered:  0.770
L: 0.30, u_super: 0.00001, sec: 3.412, t_ads: 3641.0, t_des: 9028.0, bed_util_ads: 0.061, bed_util_des: 0.049, frac_lost: 0.010, li_recovered:  0.861
L: 0.30, u_super: 0.00001, sec: 3.445, t_ads: 3889.0, t_des: 11435.0, bed_util_ads: 0.059, bed_util_des: 0.044, frac_lost: 0.010, li_recovered:  1.029
L: 0.31, u_super: 0.00001, sec: 3.462, t_ads: 3574.0, t_des: 8118.0, bed_util_ads: 0.061, bed_util_des: 0.050, frac_lost: 0.010, li_recovered:  0.782
L: 0.30, u_super: 0.00001, sec: 3.475, t_ads: 3528.0, t_des: 7844.0, bed_util_ads: 0.061, bed_util_des: 0.051, frac_lost: 0.010, li_recovered:  0.760
L: 0.30, u_super: 0.00001, sec: 3.422, t_ads: 3798.0, t_des: 10490.0, bed_util_ads: 0.060, bed_util_des: 0.046, frac_lost: 0.010, li_recovered:  0.967
L: 0.30, u_super: 0.00001, sec: 3.449, t_ads: 3805.0, t_des: 10685.0, bed_util_ads: 0.059, bed_util_des: 0.046, frac_lost: 0.010, li_recovered:  0.982
L: 0.30, u_super: 0.00001, sec: 3.410, t_ads: 3647.0, t_des: 9074.0, bed_util_ads: 0.061, bed_util_des: 0.049, frac_lost: 0.010, li_recovered:  0.864
L: 0.30, u_super: 0.00001, sec: 3.408, t_ads: 3694.0, t_des: 9483.0, bed_util_ads: 0.060, bed_util_des: 0.048, frac_lost: 0.010, li_recovered:  0.895
L: 0.30, u_super: 0.00005, sec: 37.400, t_ads: 903.0, t_des: 2618.0, bed_util_ads: 0.092, bed_util_des: 0.086, frac_lost: 0.010, li_recovered:  0.443
L: 0.30, u_super: 0.00001, sec: 4.374, t_ads: 4593.0, t_des: 24769.0, bed_util_ads: 0.052, bed_util_des: 0.030, frac_lost: 0.010, li_recovered:  1.556
L: 0.30, u_super: 0.00001, sec: 3.502, t_ads: 3799.0, t_des: 10888.0, bed_util_ads: 0.059, bed_util_des: 0.045, frac_lost: 0.010, li_recovered:  0.997
L: 0.30, u_super: 0.00001, sec: 3.431, t_ads: 3813.0, t_des: 10387.0, bed_util_ads: 0.059, bed_util_des: 0.046, frac_lost: 0.010, li_recovered:  0.958
L: 0.30, u_super: 0.00001, sec: 3.528, t_ads: 4045.0, t_des: 13319.0, bed_util_ads: 0.058, bed_util_des: 0.042, frac_lost: 0.010, li_recovered:  1.139
L: 0.32, u_super: 0.00001, sec: 3.512, t_ads: 3914.0, t_des: 10116.0, bed_util_ads: 0.059, bed_util_des: 0.046, frac_lost: 0.010, li_recovered:  0.927
L: 0.30, u_super: 0.00001, sec: 3.844, t_ads: 4338.0, t_des: 18148.0, bed_util_ads: 0.055, bed_util_des: 0.036, frac_lost: 0.010, li_recovered:  1.357
L: 0.30, u_super: 0.00001, sec: 4.176, t_ads: 3281.0, t_des: 8869.0, bed_util_ads: 0.062, bed_util_des: 0.050, frac_lost: 0.010, li_recovered:  0.881
L: 0.30, u_super: 0.00003, sec: 14.266, t_ads: 1469.0, t_des: 3364.0, bed_util_ads: 0.082, bed_util_des: 0.075, frac_lost: 0.010, li_recovered:  0.493
L: 0.31, u_super: 0.00001, sec: 3.496, t_ads: 3609.0, t_des: 8092.0, bed_util_ads: 0.061, bed_util_des: 0.050, frac_lost: 0.010, li_recovered:  0.776
L: 0.30, u_super: 0.00001, sec: 3.791, t_ads: 4345.0, t_des: 17178.0, bed_util_ads: 0.055, bed_util_des: 0.037, frac_lost: 0.010, li_recovered:  1.318
L: 0.30, u_super: 0.00001, sec: inf, t_ads: 2203.0, t_des: 0.0, bed_util_ads: 0.071, bed_util_des: 0.071, frac_lost: 0.010, li_recovered:  0.000
L: 0.30, u_super: 0.00001, sec: 3.465, t_ads: 3422.0, t_des: 7262.0, bed_util_ads: 0.062, bed_util_des: 0.052, frac_lost: 0.010, li_recovered:  0.714
L: 0.30, u_super: 0.00001, sec: 3.439, t_ads: 3494.0, t_des: 7814.0, bed_util_ads: 0.062, bed_util_des: 0.051, frac_lost: 0.010, li_recovered:  0.761
L: 0.30, u_super: 0.00001, sec: 3.516, t_ads: 3323.0, t_des: 6537.0, bed_util_ads: 0.063, bed_util_des: 0.054, frac_lost: 0.010, li_recovered:  0.649
L: 0.30, u_super: 0.00001, sec: 3.460, t_ads: 3925.0, t_des: 11839.0, bed_util_ads: 0.059, bed_util_des: 0.044, frac_lost: 0.010, li_recovered:  1.055
L: 0.31, u_super: 0.00001, sec: 3.450, t_ads: 3862.0, t_des: 10616.0, bed_util_ads: 0.059, bed_util_des: 0.046, frac_lost: 0.010, li_recovered:  0.971
L: 0.31, u_super: 0.00001, sec: 3.457, t_ads: 3756.0, t_des: 9407.0, bed_util_ads: 0.060, bed_util_des: 0.048, frac_lost: 0.010, li_recovered:  0.882
L: 0.30, u_super: 0.00001, sec: 4.503, t_ads: 2795.0, t_des: 3307.0, bed_util_ads: 0.066, bed_util_des: 0.062, frac_lost: 0.010, li_recovered:  0.314
L: 0.31, u_super: 0.00001, sec: 3.485, t_ads: 3628.0, t_des: 8239.0, bed_util_ads: 0.061, bed_util_des: 0.050, frac_lost: 0.010, li_recovered:  0.788
L: 0.30, u_super: 0.00001, sec: 3.417, t_ads: 3622.0, t_des: 8882.0, bed_util_ads: 0.061, bed_util_des: 0.049, frac_lost: 0.010, li_recovered:  0.849
    17 |      680 |  6.4737622738 |  3.4078729153
L: 0.30, u_super: 0.00001, sec: inf, t_ads: 1407.0, t_des: 0.0, bed_util_ads: 0.086, bed_util_des: 0.086, frac_lost: 0.010, li_recovered:  0.000
L: 0.30, u_super: 0.00001, sec: 3.422, t_ads: 3557.0, t_des: 8315.0, bed_util_ads: 0.061, bed_util_des: 0.050, frac_lost: 0.010, li_recovered:  0.803
L: 0.30, u_super: 0.00001, sec: 3.412, t_ads: 3743.0, t_des: 9943.0, bed_util_ads: 0.060, bed_util_des: 0.047, frac_lost: 0.010, li_recovered:  0.929
L: 0.30, u_super: 0.00004, sec: 30.720, t_ads: 974.0, t_des: 2385.0, bed_util_ads: 0.093, bed_util_des: 0.087, frac_lost: 0.010, li_recovered:  0.408
L: 0.30, u_super: 0.00001, sec: 3.412, t_ads: 3624.0, t_des: 8875.0, bed_util_ads: 0.061, bed_util_des: 0.049, frac_lost: 0.010, li_recovered:  0.848
L: 0.30, u_super: 0.00001, sec: 3.947, t_ads: 4410.0, t_des: 19612.0, bed_util_ads: 0.054, bed_util_des: 0.034, frac_lost: 0.010, li_recovered:  1.409
L: 0.30, u_super: 0.00001, sec: 4.506, t_ads: 2788.0, t_des: 4957.0, bed_util_ads: 0.067, bed_util_des: 0.059, frac_lost: 0.010, li_recovered:  0.533
L: 0.30, u_super: 0.00003, sec: 20.166, t_ads: 1635.0, t_des: 9611.0, bed_util_ads: 0.066, bed_util_des: 0.052, frac_lost: 0.010, li_recovered:  0.979
L: 0.30, u_super: 0.00001, sec: 3.414, t_ads: 3594.0, t_des: 8615.0, bed_util_ads: 0.061, bed_util_des: 0.049, frac_lost: 0.010, li_recovered:  0.828
L: 0.30, u_super: 0.00001, sec: 3.436, t_ads: 3820.0, t_des: 10759.0, bed_util_ads: 0.059, bed_util_des: 0.046, frac_lost: 0.010, li_recovered:  0.986
L: 0.31, u_super: 0.00001, sec: 3.950, t_ads: 3377.0, t_des: 8346.0, bed_util_ads: 0.062, bed_util_des: 0.050, frac_lost: 0.010, li_recovered:  0.825
L: 0.30, u_super: 0.00001, sec: 3.424, t_ads: 3558.0, t_des: 8335.0, bed_util_ads: 0.061, bed_util_des: 0.050, frac_lost: 0.010, li_recovered:  0.805
L: 0.30, u_super: 0.00003, sec: 19.332, t_ads: 1848.0, t_des: 13181.0, bed_util_ads: 0.060, bed_util_des: 0.044, frac_lost: 0.010, li_recovered:  1.131
L: 0.30, u_super: 0.00001, sec: 3.425, t_ads: 3542.0, t_des: 8191.0, bed_util_ads: 0.061, bed_util_des: 0.050, frac_lost: 0.010, li_recovered:  0.793
L: 0.30, u_super: 0.00001, sec: 3.444, t_ads: 3501.0, t_des: 7906.0, bed_util_ads: 0.062, bed_util_des: 0.051, frac_lost: 0.010, li_recovered:  0.770
L: 0.30, u_super: 0.00001, sec: 3.436, t_ads: 3821.0, t_des: 10454.0, bed_util_ads: 0.059, bed_util_des: 0.046, frac_lost: 0.010, li_recovered:  0.962
L: 0.30, u_super: 0.00001, sec: 3.429, t_ads: 3614.0, t_des: 8868.0, bed_util_ads: 0.061, bed_util_des: 0.049, frac_lost: 0.010, li_recovered:  0.849
L: 0.30, u_super: 0.00001, sec: 3.414, t_ads: 3603.0, t_des: 8696.0, bed_util_ads: 0.061, bed_util_des: 0.049, frac_lost: 0.010, li_recovered:  0.834
L: 0.30, u_super: 0.00001, sec: 3.408, t_ads: 3694.0, t_des: 9483.0, bed_util_ads: 0.060, bed_util_des: 0.048, frac_lost: 0.010, li_recovered:  0.895
L: 0.30, u_super: 0.00001, sec: inf, t_ads: 1554.0, t_des: 0.0, bed_util_ads: 0.082, bed_util_des: 0.082, frac_lost: 0.010, li_recovered:  0.000
L: 0.31, u_super: 0.00001, sec: 3.442, t_ads: 3693.0, t_des: 9085.0, bed_util_ads: 0.060, bed_util_des: 0.048, frac_lost: 0.010, li_recovered:  0.860
L: 0.30, u_super: 0.00001, sec: 5.086, t_ads: 3439.0, t_des: 13755.0, bed_util_ads: 0.059, bed_util_des: 0.042, frac_lost: 0.010, li_recovered:  1.187
L: 0.30, u_super: 0.00001, sec: 3.419, t_ads: 3792.0, t_des: 10421.0, bed_util_ads: 0.060, bed_util_des: 0.046, frac_lost: 0.010, li_recovered:  0.962
L: 0.30, u_super: 0.00001, sec: 3.459, t_ads: 3612.0, t_des: 8985.0, bed_util_ads: 0.061, bed_util_des: 0.049, frac_lost: 0.010, li_recovered:  0.860
L: 0.30, u_super: 0.00001, sec: 3.417, t_ads: 3783.0, t_des: 10328.0, bed_util_ads: 0.060, bed_util_des: 0.046, frac_lost: 0.010, li_recovered:  0.956
L: 0.32, u_super: 0.00001, sec: 3.876, t_ads: 4517.0, t_des: 17994.0, bed_util_ads: 0.055, bed_util_des: 0.036, frac_lost: 0.010, li_recovered:  1.347
L: 0.30, u_super: 0.00001, sec: 4.734, t_ads: 3802.0, t_des: 16586.0, bed_util_ads: 0.056, bed_util_des: 0.038, frac_lost: 0.010, li_recovered:  1.305
L: 0.30, u_super: 0.00003, sec: 17.731, t_ads: 1806.0, t_des: 10986.0, bed_util_ads: 0.063, bed_util_des: 0.049, frac_lost: 0.010, li_recovered:  1.050
L: 0.30, u_super: 0.00001, sec: 3.426, t_ads: 3545.0, t_des: 8226.0, bed_util_ads: 0.061, bed_util_des: 0.050, frac_lost: 0.010, li_recovered:  0.796
L: 0.30, u_super: 0.00001, sec: 3.812, t_ads: 4274.0, t_des: 17243.0, bed_util_ads: 0.055, bed_util_des: 0.037, frac_lost: 0.010, li_recovered:  1.322
L: 0.30, u_super: 0.00002, sec: 8.612, t_ads: 1889.0, t_des: 3064.0, bed_util_ads: 0.077, bed_util_des: 0.072, frac_lost: 0.010, li_recovered:  0.391
L: 0.30, u_super: 0.00001, sec: 3.426, t_ads: 3825.0, t_des: 10756.0, bed_util_ads: 0.059, bed_util_des: 0.046, frac_lost: 0.010, li_recovered:  0.985
L: 0.30, u_super: 0.00001, sec: 3.569, t_ads: 3244.0, t_des: 5968.0, bed_util_ads: 0.063, bed_util_des: 0.055, frac_lost: 0.010, li_recovered:  0.598
L: 0.30, u_super: 0.00001, sec: 3.516, t_ads: 3323.0, t_des: 6537.0, bed_util_ads: 0.063, bed_util_des: 0.054, frac_lost: 0.010, li_recovered:  0.649
L: 0.30, u_super: 0.00001, sec: 3.410, t_ads: 3713.0, t_des: 9667.0, bed_util_ads: 0.060, bed_util_des: 0.047, frac_lost: 0.010, li_recovered:  0.909
L: 0.30, u_super: 0.00001, sec: 3.430, t_ads: 3829.0, t_des: 10669.0, bed_util_ads: 0.059, bed_util_des: 0.046, frac_lost: 0.010, li_recovered:  0.978
L: 0.31, u_super: 0.00001, sec: 3.619, t_ads: 4212.0, t_des: 14418.0, bed_util_ads: 0.057, bed_util_des: 0.040, frac_lost: 0.010, li_recovered:  1.192
L: 0.30, u_super: 0.00001, sec: 3.430, t_ads: 3771.0, t_des: 9994.0, bed_util_ads: 0.060, bed_util_des: 0.047, frac_lost: 0.010, li_recovered:  0.930
L: 0.31, u_super: 0.00002, sec: 8.783, t_ads: 2473.0, t_des: 10030.0, bed_util_ads: 0.064, bed_util_des: 0.050, frac_lost: 0.010, li_recovered:  1.013
L: 0.30, u_super: 0.00003, sec: 24.479, t_ads: 1598.0, t_des: 11608.0, bed_util_ads: 0.062, bed_util_des: 0.048, frac_lost: 0.010, li_recovered:  1.051
    18 |      720 |  6.3706338942 |  3.4078729153
L: 0.30, u_super: 0.00001, sec: inf, t_ads: 1407.0, t_des: 0.0, bed_util_ads: 0.086, bed_util_des: 0.086, frac_lost: 0.010, li_recovered:  0.000
L: 0.30, u_super: 0.00001, sec: 3.409, t_ads: 3668.0, t_des: 9254.0, bed_util_ads: 0.060, bed_util_des: 0.048, frac_lost: 0.010, li_recovered:  0.878
L: 0.30, u_super: 0.00001, sec: 3.466, t_ads: 3420.0, t_des: 7245.0, bed_util_ads: 0.062, bed_util_des: 0.052, frac_lost: 0.010, li_recovered:  0.712
L: 0.30, u_super: 0.00004, sec: 47.239, t_ads: 1184.0, t_des: 10891.0, bed_util_ads: 0.062, bed_util_des: 0.049, frac_lost: 0.010, li_recovered:  0.954
L: 0.30, u_super: 0.00001, sec: 3.412, t_ads: 3624.0, t_des: 8875.0, bed_util_ads: 0.061, bed_util_des: 0.049, frac_lost: 0.010, li_recovered:  0.848
L: 0.30, u_super: 0.00001, sec: 3.947, t_ads: 4410.0, t_des: 19612.0, bed_util_ads: 0.054, bed_util_des: 0.034, frac_lost: 0.010, li_recovered:  1.409
L: 0.30, u_super: 0.00001, sec: 3.419, t_ads: 3733.0, t_des: 9890.0, bed_util_ads: 0.060, bed_util_des: 0.047, frac_lost: 0.010, li_recovered:  0.925
L: 0.30, u_super: 0.00001, sec: 3.467, t_ads: 3420.0, t_des: 7249.0, bed_util_ads: 0.062, bed_util_des: 0.052, frac_lost: 0.010, li_recovered:  0.713
L: 0.30, u_super: 0.00001, sec: 3.422, t_ads: 3590.0, t_des: 8619.0, bed_util_ads: 0.061, bed_util_des: 0.049, frac_lost: 0.010, li_recovered:  0.828
L: 0.30, u_super: 0.00001, sec: 4.418, t_ads: 2815.0, t_des: 3425.0, bed_util_ads: 0.066, bed_util_des: 0.061, frac_lost: 0.010, li_recovered:  0.328
L: 0.31, u_super: 0.00001, sec: 5.533, t_ads: 2941.0, t_des: 9104.0, bed_util_ads: 0.063, bed_util_des: 0.050, frac_lost: 0.010, li_recovered:  0.928
L: 0.30, u_super: 0.00001, sec: 3.412, t_ads: 3641.0, t_des: 9028.0, bed_util_ads: 0.061, bed_util_des: 0.049, frac_lost: 0.010, li_recovered:  0.860
L: 0.30, u_super: 0.00001, sec: 50.014, t_ads: 2290.0, t_des: 931.0, bed_util_ads: 0.070, bed_util_des: 0.070, frac_lost: 0.010, li_recovered:  0.015
L: 0.30, u_super: 0.00001, sec: 3.408, t_ads: 3664.0, t_des: 9216.0, bed_util_ads: 0.060, bed_util_des: 0.048, frac_lost: 0.010, li_recovered:  0.875
L: 0.30, u_super: 0.00001, sec: 3.437, t_ads: 3504.0, t_des: 7899.0, bed_util_ads: 0.062, bed_util_des: 0.051, frac_lost: 0.010, li_recovered:  0.768
L: 0.30, u_super: 0.00001, sec: 3.422, t_ads: 3798.0, t_des: 10490.0, bed_util_ads: 0.060, bed_util_des: 0.046, frac_lost: 0.010, li_recovered:  0.967
L: 0.30, u_super: 0.00001, sec: 3.747, t_ads: 4243.0, t_des: 16533.0, bed_util_ads: 0.056, bed_util_des: 0.038, frac_lost: 0.010, li_recovered:  1.293
L: 0.30, u_super: 0.00001, sec: 3.409, t_ads: 3648.0, t_des: 9074.0, bed_util_ads: 0.061, bed_util_des: 0.049, frac_lost: 0.010, li_recovered:  0.864
L: 0.30, u_super: 0.00001, sec: 3.408, t_ads: 3694.0, t_des: 9483.0, bed_util_ads: 0.060, bed_util_des: 0.048, frac_lost: 0.010, li_recovered:  0.895
L: 0.30, u_super: 0.00001, sec: inf, t_ads: 1554.0, t_des: 0.0, bed_util_ads: 0.082, bed_util_des: 0.082, frac_lost: 0.010, li_recovered:  0.000
L: 0.31, u_super: 0.00001, sec: 3.439, t_ads: 3694.0, t_des: 9082.0, bed_util_ads: 0.060, bed_util_des: 0.048, frac_lost: 0.010, li_recovered:  0.860
L: 0.30, u_super: 0.00001, sec: 3.485, t_ads: 3726.0, t_des: 10142.0, bed_util_ads: 0.060, bed_util_des: 0.047, frac_lost: 0.010, li_recovered:  0.946
L: 0.30, u_super: 0.00001, sec: 3.419, t_ads: 3792.0, t_des: 10421.0, bed_util_ads: 0.060, bed_util_des: 0.046, frac_lost: 0.010, li_recovered:  0.962
L: 0.30, u_super: 0.00001, sec: 3.518, t_ads: 3318.0, t_des: 6492.0, bed_util_ads: 0.063, bed_util_des: 0.054, frac_lost: 0.010, li_recovered:  0.645
L: 0.30, u_super: 0.00001, sec: 3.408, t_ads: 3699.0, t_des: 9532.0, bed_util_ads: 0.060, bed_util_des: 0.048, frac_lost: 0.010, li_recovered:  0.898
L: 0.30, u_super: 0.00001, sec: 3.414, t_ads: 3712.0, t_des: 9673.0, bed_util_ads: 0.060, bed_util_des: 0.047, frac_lost: 0.010, li_recovered:  0.909
L: 0.35, u_super: 0.00001, sec: 4.493, t_ads: 3790.0, t_des: 10047.0, bed_util_ads: 0.060, bed_util_des: 0.047, frac_lost: 0.010, li_recovered:  0.933
L: 0.30, u_super: 0.00003, sec: 14.167, t_ads: 1548.0, t_des: 4400.0, bed_util_ads: 0.078, bed_util_des: 0.070, frac_lost: 0.010, li_recovered:  0.611
L: 0.30, u_super: 0.00001, sec: 3.416, t_ads: 3759.0, t_des: 10106.0, bed_util_ads: 0.060, bed_util_des: 0.047, frac_lost: 0.010, li_recovered:  0.940
L: 0.30, u_super: 0.00001, sec: 3.419, t_ads: 3611.0, t_des: 8787.0, bed_util_ads: 0.061, bed_util_des: 0.049, frac_lost: 0.010, li_recovered:  0.842
L: 0.30, u_super: 0.00002, sec: 8.593, t_ads: 2496.0, t_des: 10934.0, bed_util_ads: 0.063, bed_util_des: 0.048, frac_lost: 0.010, li_recovered:  1.063
L: 0.30, u_super: 0.00002, sec: 17.793, t_ads: 1886.0, t_des: 12572.0, bed_util_ads: 0.061, bed_util_des: 0.046, frac_lost: 0.010, li_recovered:  1.115
L: 0.30, u_super: 0.00001, sec: 3.417, t_ads: 3583.0, t_des: 8527.0, bed_util_ads: 0.061, bed_util_des: 0.050, frac_lost: 0.010, li_recovered:  0.820
L: 0.30, u_super: 0.00002, sec: 8.386, t_ads: 2330.0, t_des: 8463.0, bed_util_ads: 0.066, bed_util_des: 0.054, frac_lost: 0.010, li_recovered:  0.916
L: 0.30, u_super: 0.00001, sec: 3.410, t_ads: 3713.0, t_des: 9665.0, bed_util_ads: 0.060, bed_util_des: 0.047, frac_lost: 0.010, li_recovered:  0.908
L: 0.30, u_super: 0.00003, sec: 22.852, t_ads: 1696.0, t_des: 12549.0, bed_util_ads: 0.061, bed_util_des: 0.046, frac_lost: 0.010, li_recovered:  1.094
L: 0.30, u_super: 0.00001, sec: 3.410, t_ads: 3696.0, t_des: 9510.0, bed_util_ads: 0.060, bed_util_des: 0.048, frac_lost: 0.010, li_recovered:  0.897
L: 0.30, u_super: 0.00001, sec: 3.426, t_ads: 3773.0, t_des: 9992.0, bed_util_ads: 0.060, bed_util_des: 0.047, frac_lost: 0.010, li_recovered:  0.930
L: 0.31, u_super: 0.00001, sec: 3.485, t_ads: 3628.0, t_des: 8240.0, bed_util_ads: 0.061, bed_util_des: 0.050, frac_lost: 0.010, li_recovered:  0.788
L: 0.30, u_super: 0.00001, sec: 3.433, t_ads: 3824.0, t_des: 10780.0, bed_util_ads: 0.059, bed_util_des: 0.046, frac_lost: 0.010, li_recovered:  0.987
    19 |      760 |  6.3475536883 |  3.4078729153
L: 0.30, u_super: 0.00005, sec: 41.698, t_ads: 839.0, t_des: 2220.0, bed_util_ads: 0.096, bed_util_des: 0.090, frac_lost: 0.010, li_recovered:  0.392
L: 0.30, u_super: 0.00001, sec: 3.408, t_ads: 3668.0, t_des: 9253.0, bed_util_ads: 0.060, bed_util_des: 0.048, frac_lost: 0.010, li_recovered:  0.877
L: 0.30, u_super: 0.00001, sec: 3.412, t_ads: 3743.0, t_des: 9943.0, bed_util_ads: 0.060, bed_util_des: 0.047, frac_lost: 0.010, li_recovered:  0.929
L: 0.30, u_super: 0.00001, sec: inf, t_ads: 1516.0, t_des: 0.0, bed_util_ads: 0.083, bed_util_des: 0.083, frac_lost: 0.010, li_recovered:  0.000
L: 0.30, u_super: 0.00001, sec: 3.413, t_ads: 3607.0, t_des: 8728.0, bed_util_ads: 0.061, bed_util_des: 0.049, frac_lost: 0.010, li_recovered:  0.837
L: 0.30, u_super: 0.00001, sec: 3.947, t_ads: 4410.0, t_des: 19612.0, bed_util_ads: 0.054, bed_util_des: 0.034, frac_lost: 0.010, li_recovered:  1.409
L: 0.30, u_super: 0.00001, sec: 3.433, t_ads: 3720.0, t_des: 9534.0, bed_util_ads: 0.060, bed_util_des: 0.048, frac_lost: 0.010, li_recovered:  0.897
L: 0.30, u_super: 0.00001, sec: 3.467, t_ads: 3420.0, t_des: 7249.0, bed_util_ads: 0.062, bed_util_des: 0.052, frac_lost: 0.010, li_recovered:  0.713
L: 0.30, u_super: 0.00001, sec: 3.414, t_ads: 3594.0, t_des: 8615.0, bed_util_ads: 0.061, bed_util_des: 0.049, frac_lost: 0.010, li_recovered:  0.828
L: 0.30, u_super: 0.00001, sec: 3.426, t_ads: 3825.0, t_des: 10752.0, bed_util_ads: 0.059, bed_util_des: 0.046, frac_lost: 0.010, li_recovered:  0.985
L: 0.31, u_super: 0.00001, sec: 4.788, t_ads: 4780.0, t_des: 29224.0, bed_util_ads: 0.050, bed_util_des: 0.027, frac_lost: 0.010, li_recovered:  1.650
L: 0.30, u_super: 0.00001, sec: 3.413, t_ads: 3633.0, t_des: 8961.0, bed_util_ads: 0.061, bed_util_des: 0.049, frac_lost: 0.010, li_recovered:  0.855
L: 0.30, u_super: 0.00001, sec: 5.275, t_ads: 2662.0, t_des: 2618.0, bed_util_ads: 0.067, bed_util_des: 0.064, frac_lost: 0.010, li_recovered:  0.232
L: 0.30, u_super: 0.00001, sec: 3.423, t_ads: 3683.0, t_des: 9182.0, bed_util_ads: 0.060, bed_util_des: 0.048, frac_lost: 0.010, li_recovered:  0.870
L: 0.30, u_super: 0.00001, sec: 3.437, t_ads: 3504.0, t_des: 7899.0, bed_util_ads: 0.062, bed_util_des: 0.051, frac_lost: 0.010, li_recovered:  0.768
L: 0.30, u_super: 0.00002, sec: 8.731, t_ads: 2554.0, t_des: 11983.0, bed_util_ads: 0.062, bed_util_des: 0.046, frac_lost: 0.010, li_recovered:  1.116
L: 0.30, u_super: 0.00001, sec: 3.411, t_ads: 3622.0, t_des: 8853.0, bed_util_ads: 0.061, bed_util_des: 0.049, frac_lost: 0.010, li_recovered:  0.847
L: 0.30, u_super: 0.00001, sec: 3.410, t_ads: 3647.0, t_des: 9073.0, bed_util_ads: 0.061, bed_util_des: 0.049, frac_lost: 0.010, li_recovered:  0.864
L: 0.30, u_super: 0.00001, sec: 3.408, t_ads: 3694.0, t_des: 9483.0, bed_util_ads: 0.060, bed_util_des: 0.048, frac_lost: 0.010, li_recovered:  0.895
L: 0.30, u_super: 0.00001, sec: inf, t_ads: 1550.0, t_des: 0.0, bed_util_ads: 0.082, bed_util_des: 0.082, frac_lost: 0.010, li_recovered:  0.000
L: 0.31, u_super: 0.00001, sec: 3.473, t_ads: 3555.0, t_des: 7984.0, bed_util_ads: 0.061, bed_util_des: 0.050, frac_lost: 0.010, li_recovered:  0.771
L: 0.30, u_super: 0.00001, sec: 3.590, t_ads: 4126.0, t_des: 14443.0, bed_util_ads: 0.057, bed_util_des: 0.040, frac_lost: 0.010, li_recovered:  1.197
L: 0.30, u_super: 0.00001, sec: 3.411, t_ads: 3626.0, t_des: 8886.0, bed_util_ads: 0.061, bed_util_des: 0.049, frac_lost: 0.010, li_recovered:  0.849
L: 0.30, u_super: 0.00001, sec: 3.410, t_ads: 3633.0, t_des: 8945.0, bed_util_ads: 0.061, bed_util_des: 0.049, frac_lost: 0.010, li_recovered:  0.854
L: 0.30, u_super: 0.00001, sec: 27.933, t_ads: 2313.0, t_des: 1025.0, bed_util_ads: 0.070, bed_util_des: 0.070, frac_lost: 0.010, li_recovered:  0.028
L: 0.30, u_super: 0.00001, sec: 3.409, t_ads: 3714.0, t_des: 9669.0, bed_util_ads: 0.060, bed_util_des: 0.047, frac_lost: 0.010, li_recovered:  0.909
L: 0.30, u_super: 0.00001, sec: 4.176, t_ads: 3281.0, t_des: 8869.0, bed_util_ads: 0.062, bed_util_des: 0.050, frac_lost: 0.010, li_recovered:  0.881
L: 0.30, u_super: 0.00003, sec: 21.895, t_ads: 1710.0, t_des: 12303.0, bed_util_ads: 0.061, bed_util_des: 0.046, frac_lost: 0.010, li_recovered:  1.088
L: 0.30, u_super: 0.00001, sec: 3.416, t_ads: 3759.0, t_des: 10106.0, bed_util_ads: 0.060, bed_util_des: 0.047, frac_lost: 0.010, li_recovered:  0.940
L: 0.30, u_super: 0.00001, sec: 7.658, t_ads: 2489.0, t_des: 1803.0, bed_util_ads: 0.068, bed_util_des: 0.067, frac_lost: 0.010, li_recovered:  0.130
L: 0.30, u_super: 0.00001, sec: 3.408, t_ads: 3678.0, t_des: 9339.0, bed_util_ads: 0.060, bed_util_des: 0.048, frac_lost: 0.010, li_recovered:  0.884
L: 0.30, u_super: 0.00001, sec: 3.426, t_ads: 3825.0, t_des: 10755.0, bed_util_ads: 0.059, bed_util_des: 0.046, frac_lost: 0.010, li_recovered:  0.985
L: 0.30, u_super: 0.00001, sec: 3.783, t_ads: 4303.0, t_des: 17390.0, bed_util_ads: 0.055, bed_util_des: 0.037, frac_lost: 0.010, li_recovered:  1.327
L: 0.30, u_super: 0.00001, sec: 3.516, t_ads: 3323.0, t_des: 6537.0, bed_util_ads: 0.063, bed_util_des: 0.054, frac_lost: 0.010, li_recovered:  0.649
L: 0.30, u_super: 0.00001, sec: 3.410, t_ads: 3713.0, t_des: 9665.0, bed_util_ads: 0.060, bed_util_des: 0.047, frac_lost: 0.010, li_recovered:  0.908
L: 0.30, u_super: 0.00001, sec: 3.425, t_ads: 3818.0, t_des: 10684.0, bed_util_ads: 0.059, bed_util_des: 0.046, frac_lost: 0.010, li_recovered:  0.980
L: 0.30, u_super: 0.00001, sec: 3.418, t_ads: 3572.0, t_des: 8434.0, bed_util_ads: 0.061, bed_util_des: 0.050, frac_lost: 0.010, li_recovered:  0.813
L: 0.30, u_super: 0.00001, sec: 3.426, t_ads: 3772.0, t_des: 9980.0, bed_util_ads: 0.060, bed_util_des: 0.047, frac_lost: 0.010, li_recovered:  0.929
L: 0.31, u_super: 0.00001, sec: 3.466, t_ads: 3721.0, t_des: 8984.0, bed_util_ads: 0.060, bed_util_des: 0.048, frac_lost: 0.010, li_recovered:  0.848
L: 0.30, u_super: 0.00001, sec: 3.417, t_ads: 3734.0, t_des: 9888.0, bed_util_ads: 0.060, bed_util_des: 0.047, frac_lost: 0.010, li_recovered:  0.925
    20 |      800 |  6.2150322318 |  3.4078729153
L: 0.30, u_super: 0.00001, sec: inf, t_ads: 1407.0, t_des: 0.0, bed_util_ads: 0.086, bed_util_des: 0.086, frac_lost: 0.010, li_recovered:  0.000
L: 0.30, u_super: 0.00001, sec: 3.409, t_ads: 3638.0, t_des: 8989.0, bed_util_ads: 0.061, bed_util_des: 0.049, frac_lost: 0.010, li_recovered:  0.857
L: 0.30, u_super: 0.00001, sec: 3.413, t_ads: 3758.0, t_des: 10083.0, bed_util_ads: 0.060, bed_util_des: 0.047, frac_lost: 0.010, li_recovered:  0.939
L: 0.31, u_super: 0.00001, sec: inf, t_ads: 1628.0, t_des: 0.0, bed_util_ads: 0.080, bed_util_des: 0.080, frac_lost: 0.010, li_recovered:  0.000
L: 0.30, u_super: 0.00001, sec: 3.413, t_ads: 3752.0, t_des: 10033.0, bed_util_ads: 0.060, bed_util_des: 0.047, frac_lost: 0.010, li_recovered:  0.935
L: 0.30, u_super: 0.00001, sec: 3.949, t_ads: 4426.0, t_des: 19599.0, bed_util_ads: 0.054, bed_util_des: 0.034, frac_lost: 0.010, li_recovered:  1.408
L: 0.30, u_super: 0.00001, sec: 3.410, t_ads: 3702.0, t_des: 9565.0, bed_util_ads: 0.060, bed_util_des: 0.048, frac_lost: 0.010, li_recovered:  0.901
L: 0.30, u_super: 0.00003, sec: 22.414, t_ads: 1563.0, t_des: 9639.0, bed_util_ads: 0.066, bed_util_des: 0.052, frac_lost: 0.010, li_recovered:  0.974
L: 0.30, u_super: 0.00001, sec: 3.416, t_ads: 3593.0, t_des: 8614.0, bed_util_ads: 0.061, bed_util_des: 0.049, frac_lost: 0.010, li_recovered:  0.828
L: 0.30, u_super: 0.00001, sec: 3.435, t_ads: 3507.0, t_des: 7916.0, bed_util_ads: 0.062, bed_util_des: 0.051, frac_lost: 0.010, li_recovered:  0.770
L: 0.31, u_super: 0.00001, sec: 3.471, t_ads: 3560.0, t_des: 7968.0, bed_util_ads: 0.061, bed_util_des: 0.050, frac_lost: 0.010, li_recovered:  0.769
L: 0.30, u_super: 0.00001, sec: 3.409, t_ads: 3642.0, t_des: 9024.0, bed_util_ads: 0.061, bed_util_des: 0.049, frac_lost: 0.010, li_recovered:  0.860
L: 0.30, u_super: 0.00001, sec: 3.445, t_ads: 3889.0, t_des: 11435.0, bed_util_ads: 0.059, bed_util_des: 0.044, frac_lost: 0.010, li_recovered:  1.029
L: 0.30, u_super: 0.00001, sec: 3.408, t_ads: 3664.0, t_des: 9216.0, bed_util_ads: 0.060, bed_util_des: 0.048, frac_lost: 0.010, li_recovered:  0.875
L: 0.30, u_super: 0.00001, sec: 3.439, t_ads: 3503.0, t_des: 7900.0, bed_util_ads: 0.062, bed_util_des: 0.051, frac_lost: 0.010, li_recovered:  0.769
L: 0.30, u_super: 0.00001, sec: 4.411, t_ads: 4607.0, t_des: 25221.0, bed_util_ads: 0.051, bed_util_des: 0.030, frac_lost: 0.010, li_recovered:  1.566
L: 0.30, u_super: 0.00001, sec: 3.418, t_ads: 3573.0, t_des: 8443.0, bed_util_ads: 0.061, bed_util_des: 0.050, frac_lost: 0.010, li_recovered:  0.814
L: 0.30, u_super: 0.00001, sec: 3.759, t_ads: 3504.0, t_des: 9330.0, bed_util_ads: 0.061, bed_util_des: 0.049, frac_lost: 0.010, li_recovered:  0.900
L: 0.30, u_super: 0.00001, sec: inf, t_ads: 2126.0, t_des: 0.0, bed_util_ads: 0.072, bed_util_des: 0.072, frac_lost: 0.010, li_recovered:  0.000
L: 0.30, u_super: 0.00005, sec: 37.400, t_ads: 903.0, t_des: 2618.0, bed_util_ads: 0.092, bed_util_des: 0.086, frac_lost: 0.010, li_recovered:  0.443
L: 0.34, u_super: 0.00001, sec: 3.636, t_ads: 3899.0, t_des: 8672.0, bed_util_ads: 0.060, bed_util_des: 0.048, frac_lost: 0.010, li_recovered:  0.800
L: 0.30, u_super: 0.00001, sec: 3.409, t_ads: 3702.0, t_des: 9560.0, bed_util_ads: 0.060, bed_util_des: 0.048, frac_lost: 0.010, li_recovered:  0.901
L: 0.30, u_super: 0.00001, sec: 3.409, t_ads: 3719.0, t_des: 9712.0, bed_util_ads: 0.060, bed_util_des: 0.047, frac_lost: 0.010, li_recovered:  0.912
L: 0.30, u_super: 0.00001, sec: 3.410, t_ads: 3633.0, t_des: 8945.0, bed_util_ads: 0.061, bed_util_des: 0.049, frac_lost: 0.010, li_recovered:  0.854
L: 0.30, u_super: 0.00001, sec: 3.409, t_ads: 3699.0, t_des: 9532.0, bed_util_ads: 0.060, bed_util_des: 0.048, frac_lost: 0.010, li_recovered:  0.899
L: 0.31, u_super: 0.00001, sec: 4.935, t_ads: 3305.0, t_des: 10315.0, bed_util_ads: 0.061, bed_util_des: 0.047, frac_lost: 0.010, li_recovered:  0.991
L: 0.30, u_super: 0.00001, sec: 4.176, t_ads: 3281.0, t_des: 8869.0, bed_util_ads: 0.062, bed_util_des: 0.050, frac_lost: 0.010, li_recovered:  0.881
L: 0.30, u_super: 0.00003, sec: 14.282, t_ads: 1581.0, t_des: 4922.0, bed_util_ads: 0.077, bed_util_des: 0.067, frac_lost: 0.010, li_recovered:  0.663
L: 0.30, u_super: 0.00001, sec: 3.521, t_ads: 3315.0, t_des: 6478.0, bed_util_ads: 0.063, bed_util_des: 0.054, frac_lost: 0.010, li_recovered:  0.644
L: 0.30, u_super: 0.00001, sec: 3.416, t_ads: 3591.0, t_des: 8594.0, bed_util_ads: 0.061, bed_util_des: 0.049, frac_lost: 0.010, li_recovered:  0.826
L: 0.30, u_super: 0.00001, sec: 3.412, t_ads: 3676.0, t_des: 9343.0, bed_util_ads: 0.060, bed_util_des: 0.048, frac_lost: 0.010, li_recovered:  0.885
L: 0.30, u_super: 0.00001, sec: 3.426, t_ads: 3825.0, t_des: 10755.0, bed_util_ads: 0.059, bed_util_des: 0.046, frac_lost: 0.010, li_recovered:  0.985
L: 0.30, u_super: 0.00001, sec: 3.417, t_ads: 3583.0, t_des: 8527.0, bed_util_ads: 0.061, bed_util_des: 0.050, frac_lost: 0.010, li_recovered:  0.820
L: 0.30, u_super: 0.00001, sec: 3.551, t_ads: 4077.0, t_des: 13751.0, bed_util_ads: 0.057, bed_util_des: 0.041, frac_lost: 0.010, li_recovered:  1.162
L: 0.30, u_super: 0.00001, sec: 3.512, t_ads: 4034.0, t_des: 12598.0, bed_util_ads: 0.058, bed_util_des: 0.043, frac_lost: 0.010, li_recovered:  1.097
L: 0.30, u_super: 0.00001, sec: 3.425, t_ads: 3818.0, t_des: 10684.0, bed_util_ads: 0.059, bed_util_des: 0.046, frac_lost: 0.010, li_recovered:  0.980
L: 0.30, u_super: 0.00001, sec: 3.409, t_ads: 3693.0, t_des: 9481.0, bed_util_ads: 0.060, bed_util_des: 0.048, frac_lost: 0.010, li_recovered:  0.895
L: 0.30, u_super: 0.00001, sec: 3.426, t_ads: 3769.0, t_des: 9956.0, bed_util_ads: 0.060, bed_util_des: 0.047, frac_lost: 0.010, li_recovered:  0.927
L: 0.30, u_super: 0.00001, sec: 3.409, t_ads: 3652.0, t_des: 9110.0, bed_util_ads: 0.061, bed_util_des: 0.048, frac_lost: 0.010, li_recovered:  0.867
L: 0.30, u_super: 0.00001, sec: 3.416, t_ads: 3702.0, t_des: 9593.0, bed_util_ads: 0.060, bed_util_des: 0.048, frac_lost: 0.010, li_recovered:  0.903
    21 |      840 |  6.2112570941 |  3.4078729153
L: 0.30, u_super: 0.00005, sec: 72.537, t_ads: 1007.0, t_des: 11400.0, bed_util_ads: 0.060, bed_util_des: 0.047, frac_lost: 0.010, li_recovered:  0.913
L: 0.30, u_super: 0.00003, sec: 17.930, t_ads: 1812.0, t_des: 11267.0, bed_util_ads: 0.063, bed_util_des: 0.048, frac_lost: 0.010, li_recovered:  1.061
L: 0.30, u_super: 0.00001, sec: 3.832, t_ads: 3034.0, t_des: 4628.0, bed_util_ads: 0.065, bed_util_des: 0.058, frac_lost: 0.010, li_recovered:  0.463
L: 0.30, u_super: 0.00001, sec: inf, t_ads: 1516.0, t_des: 0.0, bed_util_ads: 0.083, bed_util_des: 0.083, frac_lost: 0.010, li_recovered:  0.000
L: 0.30, u_super: 0.00001, sec: 3.410, t_ads: 3625.0, t_des: 8876.0, bed_util_ads: 0.061, bed_util_des: 0.049, frac_lost: 0.010, li_recovered:  0.848
L: 0.30, u_super: 0.00001, sec: 3.408, t_ads: 3663.0, t_des: 9206.0, bed_util_ads: 0.060, bed_util_des: 0.048, frac_lost: 0.010, li_recovered:  0.874
L: 0.30, u_super: 0.00001, sec: 3.410, t_ads: 3702.0, t_des: 9565.0, bed_util_ads: 0.060, bed_util_des: 0.048, frac_lost: 0.010, li_recovered:  0.901
L: 0.30, u_super: 0.00001, sec: 3.467, t_ads: 3420.0, t_des: 7249.0, bed_util_ads: 0.062, bed_util_des: 0.052, frac_lost: 0.010, li_recovered:  0.713
L: 0.30, u_super: 0.00001, sec: 3.416, t_ads: 3779.0, t_des: 10289.0, bed_util_ads: 0.060, bed_util_des: 0.046, frac_lost: 0.010, li_recovered:  0.953
L: 0.30, u_super: 0.00001, sec: 3.409, t_ads: 3675.0, t_des: 9316.0, bed_util_ads: 0.060, bed_util_des: 0.048, frac_lost: 0.010, li_recovered:  0.882
L: 0.30, u_super: 0.00001, sec: 3.430, t_ads: 3524.0, t_des: 8050.0, bed_util_ads: 0.061, bed_util_des: 0.050, frac_lost: 0.010, li_recovered:  0.781
L: 0.30, u_super: 0.00001, sec: 3.548, t_ads: 3272.0, t_des: 6166.0, bed_util_ads: 0.063, bed_util_des: 0.054, frac_lost: 0.010, li_recovered:  0.616
L: 0.30, u_super: 0.00001, sec: 3.408, t_ads: 3698.0, t_des: 9520.0, bed_util_ads: 0.060, bed_util_des: 0.048, frac_lost: 0.010, li_recovered:  0.898
L: 0.30, u_super: 0.00001, sec: 3.408, t_ads: 3664.0, t_des: 9216.0, bed_util_ads: 0.060, bed_util_des: 0.048, frac_lost: 0.010, li_recovered:  0.875
L: 0.30, u_super: 0.00001, sec: 3.435, t_ads: 3505.0, t_des: 7899.0, bed_util_ads: 0.062, bed_util_des: 0.051, frac_lost: 0.010, li_recovered:  0.768
L: 0.30, u_super: 0.00001, sec: 3.420, t_ads: 3799.0, t_des: 10490.0, bed_util_ads: 0.060, bed_util_des: 0.046, frac_lost: 0.010, li_recovered:  0.967
L: 0.30, u_super: 0.00001, sec: 5.346, t_ads: 2653.0, t_des: 2575.0, bed_util_ads: 0.067, bed_util_des: 0.064, frac_lost: 0.010, li_recovered:  0.226
L: 0.30, u_super: 0.00003, sec: 17.814, t_ads: 1809.0, t_des: 11112.0, bed_util_ads: 0.063, bed_util_des: 0.049, frac_lost: 0.010, li_recovered:  1.055
L: 0.30, u_super: 0.00001, sec: 3.408, t_ads: 3694.0, t_des: 9483.0, bed_util_ads: 0.060, bed_util_des: 0.048, frac_lost: 0.010, li_recovered:  0.895
L: 0.30, u_super: 0.00005, sec: 59.819, t_ads: 1062.0, t_des: 10532.0, bed_util_ads: 0.062, bed_util_des: 0.049, frac_lost: 0.010, li_recovered:  0.911
L: 0.31, u_super: 0.00001, sec: 3.437, t_ads: 3723.0, t_des: 9331.0, bed_util_ads: 0.060, bed_util_des: 0.048, frac_lost: 0.010, li_recovered:  0.879
L: 0.30, u_super: 0.00001, sec: 3.409, t_ads: 3702.0, t_des: 9561.0, bed_util_ads: 0.060, bed_util_des: 0.048, frac_lost: 0.010, li_recovered:  0.901
L: 0.30, u_super: 0.00001, sec: 3.424, t_ads: 3738.0, t_des: 9675.0, bed_util_ads: 0.060, bed_util_des: 0.047, frac_lost: 0.010, li_recovered:  0.907
L: 0.30, u_super: 0.00001, sec: 3.423, t_ads: 3552.0, t_des: 8275.0, bed_util_ads: 0.061, bed_util_des: 0.050, frac_lost: 0.010, li_recovered:  0.800
L: 0.30, u_super: 0.00001, sec: 3.424, t_ads: 3721.0, t_des: 9497.0, bed_util_ads: 0.060, bed_util_des: 0.048, frac_lost: 0.010, li_recovered:  0.894
L: 0.30, u_super: 0.00001, sec: 3.414, t_ads: 3768.0, t_des: 10181.0, bed_util_ads: 0.060, bed_util_des: 0.047, frac_lost: 0.010, li_recovered:  0.946
L: 0.30, u_super: 0.00001, sec: 4.176, t_ads: 3281.0, t_des: 8869.0, bed_util_ads: 0.062, bed_util_des: 0.050, frac_lost: 0.010, li_recovered:  0.881
L: 0.30, u_super: 0.00001, sec: 36.991, t_ads: 2300.0, t_des: 972.0, bed_util_ads: 0.070, bed_util_des: 0.070, frac_lost: 0.010, li_recovered:  0.020
L: 0.30, u_super: 0.00001, sec: 3.416, t_ads: 3759.0, t_des: 10106.0, bed_util_ads: 0.060, bed_util_des: 0.047, frac_lost: 0.010, li_recovered:  0.940
L: 0.30, u_super: 0.00002, sec: 8.795, t_ads: 2422.0, t_des: 10295.0, bed_util_ads: 0.064, bed_util_des: 0.049, frac_lost: 0.010, li_recovered:  1.030
L: 0.30, u_super: 0.00001, sec: 3.416, t_ads: 3778.0, t_des: 10280.0, bed_util_ads: 0.060, bed_util_des: 0.046, frac_lost: 0.010, li_recovered:  0.953
L: 0.30, u_super: 0.00001, sec: 3.426, t_ads: 3825.0, t_des: 10756.0, bed_util_ads: 0.059, bed_util_des: 0.046, frac_lost: 0.010, li_recovered:  0.985
L: 0.30, u_super: 0.00001, sec: 3.417, t_ads: 3785.0, t_des: 10347.0, bed_util_ads: 0.060, bed_util_des: 0.046, frac_lost: 0.010, li_recovered:  0.957
L: 0.30, u_super: 0.00001, sec: 3.515, t_ads: 3324.0, t_des: 6538.0, bed_util_ads: 0.063, bed_util_des: 0.054, frac_lost: 0.010, li_recovered:  0.650
L: 0.30, u_super: 0.00001, sec: 4.476, t_ads: 4629.0, t_des: 25983.0, bed_util_ads: 0.051, bed_util_des: 0.029, frac_lost: 0.010, li_recovered:  1.584
L: 0.30, u_super: 0.00001, sec: 3.415, t_ads: 3772.0, t_des: 10221.0, bed_util_ads: 0.060, bed_util_des: 0.046, frac_lost: 0.010, li_recovered:  0.948
L: 0.30, u_super: 0.00001, sec: 3.409, t_ads: 3693.0, t_des: 9478.0, bed_util_ads: 0.060, bed_util_des: 0.048, frac_lost: 0.010, li_recovered:  0.894
L: 0.30, u_super: 0.00001, sec: 3.429, t_ads: 3770.0, t_des: 9982.0, bed_util_ads: 0.060, bed_util_des: 0.047, frac_lost: 0.010, li_recovered:  0.929
L: 0.30, u_super: 0.00001, sec: 3.409, t_ads: 3652.0, t_des: 9110.0, bed_util_ads: 0.061, bed_util_des: 0.048, frac_lost: 0.010, li_recovered:  0.867
L: 0.30, u_super: 0.00001, sec: 3.423, t_ads: 3772.0, t_des: 10259.0, bed_util_ads: 0.060, bed_util_des: 0.046, frac_lost: 0.010, li_recovered:  0.951
    22 |      880 |  6.1949392557 |  3.4078729153
L: 0.33, u_super: 0.00005, sec: 73.982, t_ads: 1119.0, t_des: 12304.0, bed_util_ads: 0.059, bed_util_des: 0.046, frac_lost: 0.010, li_recovered:  0.969
L: 0.30, u_super: 0.00001, sec: 3.408, t_ads: 3668.0, t_des: 9253.0, bed_util_ads: 0.060, bed_util_des: 0.048, frac_lost: 0.010, li_recovered:  0.877
L: 0.30, u_super: 0.00001, sec: 3.412, t_ads: 3743.0, t_des: 9943.0, bed_util_ads: 0.060, bed_util_des: 0.047, frac_lost: 0.010, li_recovered:  0.929
L: 0.30, u_super: 0.00001, sec: 3.409, t_ads: 3703.0, t_des: 9569.0, bed_util_ads: 0.060, bed_util_des: 0.048, frac_lost: 0.010, li_recovered:  0.901
L: 0.30, u_super: 0.00001, sec: 3.411, t_ads: 3625.0, t_des: 8876.0, bed_util_ads: 0.061, bed_util_des: 0.049, frac_lost: 0.010, li_recovered:  0.848
L: 0.30, u_super: 0.00001, sec: 3.408, t_ads: 3663.0, t_des: 9206.0, bed_util_ads: 0.060, bed_util_des: 0.048, frac_lost: 0.010, li_recovered:  0.874
L: 0.30, u_super: 0.00001, sec: 3.410, t_ads: 3702.0, t_des: 9565.0, bed_util_ads: 0.060, bed_util_des: 0.048, frac_lost: 0.010, li_recovered:  0.901
L: 0.30, u_super: 0.00001, sec: 3.467, t_ads: 3420.0, t_des: 7248.0, bed_util_ads: 0.062, bed_util_des: 0.052, frac_lost: 0.010, li_recovered:  0.712
L: 0.30, u_super: 0.00001, sec: 3.410, t_ads: 3722.0, t_des: 9744.0, bed_util_ads: 0.060, bed_util_des: 0.047, frac_lost: 0.010, li_recovered:  0.914
L: 0.30, u_super: 0.00001, sec: 18.577, t_ads: 2341.0, t_des: 1142.0, bed_util_ads: 0.070, bed_util_des: 0.069, frac_lost: 0.010, li_recovered:  0.043
L: 0.30, u_super: 0.00001, sec: 3.785, t_ads: 3385.0, t_des: 8332.0, bed_util_ads: 0.062, bed_util_des: 0.050, frac_lost: 0.010, li_recovered:  0.823
L: 0.30, u_super: 0.00001, sec: 3.409, t_ads: 3642.0, t_des: 9024.0, bed_util_ads: 0.061, bed_util_des: 0.049, frac_lost: 0.010, li_recovered:  0.860
L: 0.30, u_super: 0.00001, sec: 3.408, t_ads: 3682.0, t_des: 9378.0, bed_util_ads: 0.060, bed_util_des: 0.048, frac_lost: 0.010, li_recovered:  0.887
L: 0.30, u_super: 0.00001, sec: 4.409, t_ads: 4608.0, t_des: 25218.0, bed_util_ads: 0.051, bed_util_des: 0.030, frac_lost: 0.010, li_recovered:  1.566
L: 0.30, u_super: 0.00001, sec: 3.435, t_ads: 3505.0, t_des: 7899.0, bed_util_ads: 0.062, bed_util_des: 0.051, frac_lost: 0.010, li_recovered:  0.768
L: 0.30, u_super: 0.00001, sec: 3.420, t_ads: 3799.0, t_des: 10490.0, bed_util_ads: 0.060, bed_util_des: 0.046, frac_lost: 0.010, li_recovered:  0.967
L: 0.30, u_super: 0.00001, sec: 3.409, t_ads: 3675.0, t_des: 9316.0, bed_util_ads: 0.060, bed_util_des: 0.048, frac_lost: 0.010, li_recovered:  0.882
L: 0.30, u_super: 0.00001, sec: 3.409, t_ads: 3648.0, t_des: 9074.0, bed_util_ads: 0.061, bed_util_des: 0.049, frac_lost: 0.010, li_recovered:  0.864
L: 0.30, u_super: 0.00001, sec: 3.409, t_ads: 3693.0, t_des: 9480.0, bed_util_ads: 0.060, bed_util_des: 0.048, frac_lost: 0.010, li_recovered:  0.895
L: 0.30, u_super: 0.00003, sec: 17.560, t_ads: 1296.0, t_des: 1746.0, bed_util_ads: 0.089, bed_util_des: 0.086, frac_lost: 0.010, li_recovered:  0.252
L: 0.30, u_super: 0.00001, sec: 3.408, t_ads: 3684.0, t_des: 9397.0, bed_util_ads: 0.060, bed_util_des: 0.048, frac_lost: 0.010, li_recovered:  0.888
L: 0.30, u_super: 0.00001, sec: 3.408, t_ads: 3669.0, t_des: 9259.0, bed_util_ads: 0.060, bed_util_des: 0.048, frac_lost: 0.010, li_recovered:  0.878
L: 0.30, u_super: 0.00001, sec: 3.409, t_ads: 3719.0, t_des: 9712.0, bed_util_ads: 0.060, bed_util_des: 0.047, frac_lost: 0.010, li_recovered:  0.912
L: 0.34, u_super: 0.00001, sec: 8.158, t_ads: 2569.0, t_des: 2073.0, bed_util_ads: 0.068, bed_util_des: 0.065, frac_lost: 0.010, li_recovered:  0.162
L: 0.30, u_super: 0.00001, sec: 3.409, t_ads: 3713.0, t_des: 9657.0, bed_util_ads: 0.060, bed_util_des: 0.047, frac_lost: 0.010, li_recovered:  0.908
L: 0.30, u_super: 0.00001, sec: 3.409, t_ads: 3714.0, t_des: 9669.0, bed_util_ads: 0.060, bed_util_des: 0.047, frac_lost: 0.010, li_recovered:  0.909
L: 0.30, u_super: 0.00001, sec: 3.421, t_ads: 3561.0, t_des: 8346.0, bed_util_ads: 0.061, bed_util_des: 0.050, frac_lost: 0.010, li_recovered:  0.806
L: 0.30, u_super: 0.00003, sec: 18.769, t_ads: 1835.0, t_des: 12423.0, bed_util_ads: 0.061, bed_util_des: 0.046, frac_lost: 0.010, li_recovered:  1.106
L: 0.30, u_super: 0.00001, sec: 3.416, t_ads: 3759.0, t_des: 10106.0, bed_util_ads: 0.060, bed_util_des: 0.047, frac_lost: 0.010, li_recovered:  0.940
L: 0.30, u_super: 0.00002, sec: 8.795, t_ads: 2422.0, t_des: 10295.0, bed_util_ads: 0.064, bed_util_des: 0.049, frac_lost: 0.010, li_recovered:  1.030
L: 0.30, u_super: 0.00001, sec: 3.808, t_ads: 4321.0, t_des: 17744.0, bed_util_ads: 0.055, bed_util_des: 0.036, frac_lost: 0.010, li_recovered:  1.341
L: 0.30, u_super: 0.00001, sec: 3.429, t_ads: 3824.0, t_des: 10759.0, bed_util_ads: 0.059, bed_util_des: 0.046, frac_lost: 0.010, li_recovered:  0.986
L: 0.30, u_super: 0.00001, sec: 3.410, t_ads: 3732.0, t_des: 9837.0, bed_util_ads: 0.060, bed_util_des: 0.047, frac_lost: 0.010, li_recovered:  0.921
L: 0.30, u_super: 0.00001, sec: 3.515, t_ads: 3324.0, t_des: 6538.0, bed_util_ads: 0.063, bed_util_des: 0.054, frac_lost: 0.010, li_recovered:  0.650
L: 0.30, u_super: 0.00001, sec: 3.409, t_ads: 3714.0, t_des: 9666.0, bed_util_ads: 0.060, bed_util_des: 0.047, frac_lost: 0.010, li_recovered:  0.909
L: 0.30, u_super: 0.00001, sec: 3.415, t_ads: 3772.0, t_des: 10220.0, bed_util_ads: 0.060, bed_util_des: 0.046, frac_lost: 0.010, li_recovered:  0.948
L: 0.30, u_super: 0.00001, sec: 3.409, t_ads: 3693.0, t_des: 9478.0, bed_util_ads: 0.060, bed_util_des: 0.048, frac_lost: 0.010, li_recovered:  0.894
L: 0.30, u_super: 0.00001, sec: 3.428, t_ads: 3793.0, t_des: 10181.0, bed_util_ads: 0.060, bed_util_des: 0.046, frac_lost: 0.010, li_recovered:  0.944
L: 0.30, u_super: 0.00001, sec: 3.408, t_ads: 3671.0, t_des: 9279.0, bed_util_ads: 0.060, bed_util_des: 0.048, frac_lost: 0.010, li_recovered:  0.879
L: 0.30, u_super: 0.00001, sec: 3.419, t_ads: 3747.0, t_des: 10013.0, bed_util_ads: 0.060, bed_util_des: 0.047, frac_lost: 0.010, li_recovered:  0.934
    23 |      920 |  4.9961455345 |  3.4078729153
L: 0.30, u_super: 0.00001, sec: inf, t_ads: 1407.0, t_des: 0.0, bed_util_ads: 0.086, bed_util_des: 0.086, frac_lost: 0.010, li_recovered:  0.000
L: 0.30, u_super: 0.00001, sec: 3.410, t_ads: 3735.0, t_des: 9863.0, bed_util_ads: 0.060, bed_util_des: 0.047, frac_lost: 0.010, li_recovered:  0.923
L: 0.30, u_super: 0.00001, sec: 3.412, t_ads: 3743.0, t_des: 9943.0, bed_util_ads: 0.060, bed_util_des: 0.047, frac_lost: 0.010, li_recovered:  0.929
L: 0.30, u_super: 0.00001, sec: 3.414, t_ads: 3602.0, t_des: 8687.0, bed_util_ads: 0.061, bed_util_des: 0.049, frac_lost: 0.010, li_recovered:  0.833
L: 0.30, u_super: 0.00001, sec: 3.409, t_ads: 3718.0, t_des: 9707.0, bed_util_ads: 0.060, bed_util_des: 0.047, frac_lost: 0.010, li_recovered:  0.911
L: 0.30, u_super: 0.00001, sec: 3.408, t_ads: 3663.0, t_des: 9206.0, bed_util_ads: 0.060, bed_util_des: 0.048, frac_lost: 0.010, li_recovered:  0.874
L: 0.30, u_super: 0.00001, sec: 3.410, t_ads: 3702.0, t_des: 9565.0, bed_util_ads: 0.060, bed_util_des: 0.048, frac_lost: 0.010, li_recovered:  0.901
L: 0.30, u_super: 0.00001, sec: 3.467, t_ads: 3420.0, t_des: 7248.0, bed_util_ads: 0.062, bed_util_des: 0.052, frac_lost: 0.010, li_recovered:  0.712
L: 0.30, u_super: 0.00001, sec: 3.408, t_ads: 3671.0, t_des: 9277.0, bed_util_ads: 0.060, bed_util_des: 0.048, frac_lost: 0.010, li_recovered:  0.879
L: 0.30, u_super: 0.00001, sec: 3.409, t_ads: 3675.0, t_des: 9316.0, bed_util_ads: 0.060, bed_util_des: 0.048, frac_lost: 0.010, li_recovered:  0.882
L: 0.30, u_super: 0.00001, sec: 3.409, t_ads: 3683.0, t_des: 9389.0, bed_util_ads: 0.060, bed_util_des: 0.048, frac_lost: 0.010, li_recovered:  0.888
L: 0.30, u_super: 0.00001, sec: 3.410, t_ads: 3642.0, t_des: 9025.0, bed_util_ads: 0.061, bed_util_des: 0.049, frac_lost: 0.010, li_recovered:  0.860
L: 0.30, u_super: 0.00001, sec: 3.408, t_ads: 3698.0, t_des: 9519.0, bed_util_ads: 0.060, bed_util_des: 0.048, frac_lost: 0.010, li_recovered:  0.898
L: 0.30, u_super: 0.00001, sec: 4.841, t_ads: 4725.0, t_des: 30055.0, bed_util_ads: 0.050, bed_util_des: 0.026, frac_lost: 0.010, li_recovered:  1.663
L: 0.30, u_super: 0.00001, sec: 3.435, t_ads: 3505.0, t_des: 7899.0, bed_util_ads: 0.062, bed_util_des: 0.051, frac_lost: 0.010, li_recovered:  0.768
L: 0.30, u_super: 0.00001, sec: 3.420, t_ads: 3799.0, t_des: 10490.0, bed_util_ads: 0.060, bed_util_des: 0.046, frac_lost: 0.010, li_recovered:  0.967
L: 0.30, u_super: 0.00001, sec: 3.409, t_ads: 3675.0, t_des: 9316.0, bed_util_ads: 0.060, bed_util_des: 0.048, frac_lost: 0.010, li_recovered:  0.882
L: 0.30, u_super: 0.00001, sec: 3.409, t_ads: 3648.0, t_des: 9074.0, bed_util_ads: 0.061, bed_util_des: 0.049, frac_lost: 0.010, li_recovered:  0.864
L: 0.30, u_super: 0.00001, sec: 3.409, t_ads: 3717.0, t_des: 9696.0, bed_util_ads: 0.060, bed_util_des: 0.047, frac_lost: 0.010, li_recovered:  0.911
L: 0.30, u_super: 0.00003, sec: 17.560, t_ads: 1296.0, t_des: 1746.0, bed_util_ads: 0.089, bed_util_des: 0.086, frac_lost: 0.010, li_recovered:  0.252
L: 0.30, u_super: 0.00001, sec: 3.409, t_ads: 3708.0, t_des: 9615.0, bed_util_ads: 0.060, bed_util_des: 0.048, frac_lost: 0.010, li_recovered:  0.905
L: 0.30, u_super: 0.00001, sec: 3.408, t_ads: 3669.0, t_des: 9258.0, bed_util_ads: 0.060, bed_util_des: 0.048, frac_lost: 0.010, li_recovered:  0.878
L: 0.30, u_super: 0.00001, sec: 3.410, t_ads: 3718.0, t_des: 9710.0, bed_util_ads: 0.060, bed_util_des: 0.047, frac_lost: 0.010, li_recovered:  0.912
L: 0.30, u_super: 0.00001, sec: 3.410, t_ads: 3633.0, t_des: 8945.0, bed_util_ads: 0.061, bed_util_des: 0.049, frac_lost: 0.010, li_recovered:  0.854
L: 0.30, u_super: 0.00001, sec: 3.408, t_ads: 3699.0, t_des: 9532.0, bed_util_ads: 0.060, bed_util_des: 0.048, frac_lost: 0.010, li_recovered:  0.898
L: 0.30, u_super: 0.00001, sec: 3.409, t_ads: 3714.0, t_des: 9669.0, bed_util_ads: 0.060, bed_util_des: 0.047, frac_lost: 0.010, li_recovered:  0.909
L: 0.30, u_super: 0.00001, sec: 3.420, t_ads: 3561.0, t_des: 8345.0, bed_util_ads: 0.061, bed_util_des: 0.050, frac_lost: 0.010, li_recovered:  0.806
L: 0.30, u_super: 0.00001, sec: 36.759, t_ads: 2300.0, t_des: 973.0, bed_util_ads: 0.070, bed_util_des: 0.070, frac_lost: 0.010, li_recovered:  0.021
L: 0.30, u_super: 0.00001, sec: 3.414, t_ads: 3611.0, t_des: 8766.0, bed_util_ads: 0.061, bed_util_des: 0.049, frac_lost: 0.010, li_recovered:  0.840
L: 0.30, u_super: 0.00001, sec: 3.413, t_ads: 3728.0, t_des: 9816.0, bed_util_ads: 0.060, bed_util_des: 0.047, frac_lost: 0.010, li_recovered:  0.920
L: 0.30, u_super: 0.00003, sec: 18.401, t_ads: 1415.0, t_des: 4999.0, bed_util_ads: 0.077, bed_util_des: 0.068, frac_lost: 0.010, li_recovered:  0.679
L: 0.30, u_super: 0.00001, sec: 3.759, t_ads: 4285.0, t_des: 17056.0, bed_util_ads: 0.055, bed_util_des: 0.037, frac_lost: 0.010, li_recovered:  1.314
L: 0.30, u_super: 0.00001, sec: 3.410, t_ads: 3732.0, t_des: 9837.0, bed_util_ads: 0.060, bed_util_des: 0.047, frac_lost: 0.010, li_recovered:  0.921
L: 0.30, u_super: 0.00001, sec: 3.515, t_ads: 3324.0, t_des: 6538.0, bed_util_ads: 0.063, bed_util_des: 0.054, frac_lost: 0.010, li_recovered:  0.650
L: 0.30, u_super: 0.00001, sec: 3.409, t_ads: 3645.0, t_des: 9048.0, bed_util_ads: 0.061, bed_util_des: 0.049, frac_lost: 0.010, li_recovered:  0.862
L: 0.30, u_super: 0.00001, sec: 3.415, t_ads: 3772.0, t_des: 10220.0, bed_util_ads: 0.060, bed_util_des: 0.046, frac_lost: 0.010, li_recovered:  0.948
L: 0.30, u_super: 0.00002, sec: 8.995, t_ads: 2457.0, t_des: 11107.0, bed_util_ads: 0.063, bed_util_des: 0.048, frac_lost: 0.010, li_recovered:  1.073
L: 0.30, u_super: 0.00001, sec: 3.424, t_ads: 3725.0, t_des: 9551.0, bed_util_ads: 0.060, bed_util_des: 0.048, frac_lost: 0.010, li_recovered:  0.898
L: 0.30, u_super: 0.00001, sec: 3.408, t_ads: 3671.0, t_des: 9279.0, bed_util_ads: 0.060, bed_util_des: 0.048, frac_lost: 0.010, li_recovered:  0.879
L: 0.30, u_super: 0.00001, sec: 3.416, t_ads: 3702.0, t_des: 9593.0, bed_util_ads: 0.060, bed_util_des: 0.048, frac_lost: 0.010, li_recovered:  0.903
    24 |      960 |  4.9954032958 |  3.4078729153
L: 0.30, u_super: 0.00001, sec: inf, t_ads: 1407.0, t_des: 0.0, bed_util_ads: 0.086, bed_util_des: 0.086, frac_lost: 0.010, li_recovered:  0.000
L: 0.30, u_super: 0.00001, sec: 3.427, t_ads: 3830.0, t_des: 10803.0, bed_util_ads: 0.059, bed_util_des: 0.045, frac_lost: 0.010, li_recovered:  0.988
L: 0.30, u_super: 0.00001, sec: 3.419, t_ads: 3797.0, t_des: 10468.0, bed_util_ads: 0.060, bed_util_des: 0.046, frac_lost: 0.010, li_recovered:  0.966
L: 0.30, u_super: 0.00001, sec: 3.409, t_ads: 3703.0, t_des: 9569.0, bed_util_ads: 0.060, bed_util_des: 0.048, frac_lost: 0.010, li_recovered:  0.901
L: 0.30, u_super: 0.00001, sec: 3.409, t_ads: 3718.0, t_des: 9708.0, bed_util_ads: 0.060, bed_util_des: 0.047, frac_lost: 0.010, li_recovered:  0.912
L: 0.30, u_super: 0.00001, sec: 3.408, t_ads: 3663.0, t_des: 9206.0, bed_util_ads: 0.060, bed_util_des: 0.048, frac_lost: 0.010, li_recovered:  0.874
L: 0.30, u_super: 0.00001, sec: 3.410, t_ads: 3702.0, t_des: 9565.0, bed_util_ads: 0.060, bed_util_des: 0.048, frac_lost: 0.010, li_recovered:  0.901
L: 0.30, u_super: 0.00001, sec: 3.466, t_ads: 3420.0, t_des: 7247.0, bed_util_ads: 0.062, bed_util_des: 0.052, frac_lost: 0.010, li_recovered:  0.712
L: 0.30, u_super: 0.00001, sec: 3.408, t_ads: 3671.0, t_des: 9277.0, bed_util_ads: 0.060, bed_util_des: 0.048, frac_lost: 0.010, li_recovered:  0.879
L: 0.30, u_super: 0.00001, sec: 3.409, t_ads: 3714.0, t_des: 9667.0, bed_util_ads: 0.060, bed_util_des: 0.047, frac_lost: 0.010, li_recovered:  0.909
L: 0.30, u_super: 0.00001, sec: 3.409, t_ads: 3683.0, t_des: 9389.0, bed_util_ads: 0.060, bed_util_des: 0.048, frac_lost: 0.010, li_recovered:  0.888
L: 0.30, u_super: 0.00001, sec: 3.410, t_ads: 3642.0, t_des: 9024.0, bed_util_ads: 0.061, bed_util_des: 0.049, frac_lost: 0.010, li_recovered:  0.860
L: 0.30, u_super: 0.00001, sec: 3.408, t_ads: 3660.0, t_des: 9179.0, bed_util_ads: 0.061, bed_util_des: 0.048, frac_lost: 0.010, li_recovered:  0.872
L: 0.30, u_super: 0.00001, sec: 3.408, t_ads: 3664.0, t_des: 9216.0, bed_util_ads: 0.060, bed_util_des: 0.048, frac_lost: 0.010, li_recovered:  0.875
L: 0.30, u_super: 0.00001, sec: 3.493, t_ads: 3364.0, t_des: 6831.0, bed_util_ads: 0.062, bed_util_des: 0.053, frac_lost: 0.010, li_recovered:  0.676
L: 0.30, u_super: 0.00001, sec: 3.420, t_ads: 3799.0, t_des: 10490.0, bed_util_ads: 0.060, bed_util_des: 0.046, frac_lost: 0.010, li_recovered:  0.967
L: 0.30, u_super: 0.00001, sec: 3.408, t_ads: 3659.0, t_des: 9171.0, bed_util_ads: 0.061, bed_util_des: 0.048, frac_lost: 0.010, li_recovered:  0.871
L: 0.30, u_super: 0.00001, sec: 3.409, t_ads: 3648.0, t_des: 9074.0, bed_util_ads: 0.061, bed_util_des: 0.049, frac_lost: 0.010, li_recovered:  0.864
L: 0.30, u_super: 0.00001, sec: 3.408, t_ads: 3694.0, t_des: 9483.0, bed_util_ads: 0.060, bed_util_des: 0.048, frac_lost: 0.010, li_recovered:  0.895
L: 0.30, u_super: 0.00003, sec: 18.087, t_ads: 1817.0, t_des: 11493.0, bed_util_ads: 0.063, bed_util_des: 0.048, frac_lost: 0.010, li_recovered:  1.071
L: 0.30, u_super: 0.00001, sec: 3.409, t_ads: 3684.0, t_des: 9397.0, bed_util_ads: 0.060, bed_util_des: 0.048, frac_lost: 0.010, li_recovered:  0.888
L: 0.30, u_super: 0.00001, sec: 3.409, t_ads: 3707.0, t_des: 9606.0, bed_util_ads: 0.060, bed_util_des: 0.048, frac_lost: 0.010, li_recovered:  0.904
L: 0.30, u_super: 0.00001, sec: 3.409, t_ads: 3719.0, t_des: 9712.0, bed_util_ads: 0.060, bed_util_des: 0.047, frac_lost: 0.010, li_recovered:  0.912
L: 0.30, u_super: 0.00001, sec: 3.690, t_ads: 3517.0, t_des: 9156.0, bed_util_ads: 0.061, bed_util_des: 0.049, frac_lost: 0.010, li_recovered:  0.884
L: 0.30, u_super: 0.00001, sec: 3.409, t_ads: 3699.0, t_des: 9532.0, bed_util_ads: 0.060, bed_util_des: 0.048, frac_lost: 0.010, li_recovered:  0.898
L: 0.30, u_super: 0.00001, sec: 3.409, t_ads: 3714.0, t_des: 9669.0, bed_util_ads: 0.060, bed_util_des: 0.047, frac_lost: 0.010, li_recovered:  0.909
L: 0.30, u_super: 0.00001, sec: 3.408, t_ads: 3680.0, t_des: 9359.0, bed_util_ads: 0.060, bed_util_des: 0.048, frac_lost: 0.010, li_recovered:  0.886
L: 0.30, u_super: 0.00003, sec: 14.167, t_ads: 1548.0, t_des: 4400.0, bed_util_ads: 0.078, bed_util_des: 0.070, frac_lost: 0.010, li_recovered:  0.611
L: 0.30, u_super: 0.00002, sec: 8.205, t_ads: 1995.0, t_des: 4193.0, bed_util_ads: 0.074, bed_util_des: 0.067, frac_lost: 0.010, li_recovered:  0.537
L: 0.30, u_super: 0.00001, sec: 3.679, t_ads: 3614.0, t_des: 10004.0, bed_util_ads: 0.060, bed_util_des: 0.047, frac_lost: 0.010, li_recovered:  0.945
L: 0.30, u_super: 0.00001, sec: 3.408, t_ads: 3678.0, t_des: 9340.0, bed_util_ads: 0.060, bed_util_des: 0.048, frac_lost: 0.010, li_recovered:  0.884
L: 0.30, u_super: 0.00001, sec: 3.426, t_ads: 3825.0, t_des: 10755.0, bed_util_ads: 0.059, bed_util_des: 0.046, frac_lost: 0.010, li_recovered:  0.985
L: 0.30, u_super: 0.00001, sec: 3.410, t_ads: 3732.0, t_des: 9837.0, bed_util_ads: 0.060, bed_util_des: 0.047, frac_lost: 0.010, li_recovered:  0.921
L: 0.30, u_super: 0.00001, sec: 3.515, t_ads: 3324.0, t_des: 6538.0, bed_util_ads: 0.063, bed_util_des: 0.054, frac_lost: 0.010, li_recovered:  0.650
L: 0.30, u_super: 0.00001, sec: 3.410, t_ads: 3713.0, t_des: 9664.0, bed_util_ads: 0.060, bed_util_des: 0.047, frac_lost: 0.010, li_recovered:  0.908
L: 0.30, u_super: 0.00001, sec: 3.415, t_ads: 3772.0, t_des: 10221.0, bed_util_ads: 0.060, bed_util_des: 0.046, frac_lost: 0.010, li_recovered:  0.948
L: 0.30, u_super: 0.00001, sec: 3.431, t_ads: 3521.0, t_des: 8027.0, bed_util_ads: 0.061, bed_util_des: 0.051, frac_lost: 0.010, li_recovered:  0.779
L: 0.30, u_super: 0.00001, sec: 3.409, t_ads: 3705.0, t_des: 9587.0, bed_util_ads: 0.060, bed_util_des: 0.048, frac_lost: 0.010, li_recovered:  0.903
L: 0.30, u_super: 0.00001, sec: 3.408, t_ads: 3671.0, t_des: 9279.0, bed_util_ads: 0.060, bed_util_des: 0.048, frac_lost: 0.010, li_recovered:  0.879
L: 0.30, u_super: 0.00001, sec: 3.417, t_ads: 3615.0, t_des: 8819.0, bed_util_ads: 0.061, bed_util_des: 0.049, frac_lost: 0.010, li_recovered:  0.844
    25 |     1000 |  4.9947056770 |  3.4078655243
L: 0.30, u_super: 0.00001, sec: inf, t_ads: 1407.0, t_des: 0.0, bed_util_ads: 0.086, bed_util_des: 0.086, frac_lost: 0.010, li_recovered:  0.000
L: 0.30, u_super: 0.00001, sec: 3.408, t_ads: 3668.0, t_des: 9252.0, bed_util_ads: 0.060, bed_util_des: 0.048, frac_lost: 0.010, li_recovered:  0.877
L: 0.30, u_super: 0.00001, sec: 3.408, t_ads: 3688.0, t_des: 9430.0, bed_util_ads: 0.060, bed_util_des: 0.048, frac_lost: 0.010, li_recovered:  0.891
L: 0.30, u_super: 0.00001, sec: 3.409, t_ads: 3703.0, t_des: 9569.0, bed_util_ads: 0.060, bed_util_des: 0.048, frac_lost: 0.010, li_recovered:  0.901
L: 0.30, u_super: 0.00001, sec: 3.410, t_ads: 3718.0, t_des: 9708.0, bed_util_ads: 0.060, bed_util_des: 0.047, frac_lost: 0.010, li_recovered:  0.912
L: 0.30, u_super: 0.00001, sec: 3.451, t_ads: 3460.0, t_des: 7553.0, bed_util_ads: 0.062, bed_util_des: 0.052, frac_lost: 0.010, li_recovered:  0.739
L: 0.30, u_super: 0.00001, sec: 3.408, t_ads: 3703.0, t_des: 9565.0, bed_util_ads: 0.060, bed_util_des: 0.048, frac_lost: 0.010, li_recovered:  0.901
L: 0.30, u_super: 0.00001, sec: 3.408, t_ads: 3688.0, t_des: 9430.0, bed_util_ads: 0.060, bed_util_des: 0.048, frac_lost: 0.010, li_recovered:  0.891
L: 0.30, u_super: 0.00001, sec: 3.408, t_ads: 3671.0, t_des: 9277.0, bed_util_ads: 0.060, bed_util_des: 0.048, frac_lost: 0.010, li_recovered:  0.879
L: 0.30, u_super: 0.00001, sec: 3.408, t_ads: 3699.0, t_des: 9530.0, bed_util_ads: 0.060, bed_util_des: 0.048, frac_lost: 0.010, li_recovered:  0.898
L: 0.30, u_super: 0.00001, sec: 3.409, t_ads: 3683.0, t_des: 9389.0, bed_util_ads: 0.060, bed_util_des: 0.048, frac_lost: 0.010, li_recovered:  0.888
L: 0.30, u_super: 0.00001, sec: 3.410, t_ads: 3642.0, t_des: 9024.0, bed_util_ads: 0.061, bed_util_des: 0.049, frac_lost: 0.010, li_recovered:  0.860
L: 0.30, u_super: 0.00001, sec: 3.425, t_ads: 3540.0, t_des: 8176.0, bed_util_ads: 0.061, bed_util_des: 0.050, frac_lost: 0.010, li_recovered:  0.792
L: 0.30, u_super: 0.00001, sec: 3.631, t_ads: 4171.0, t_des: 15123.0, bed_util_ads: 0.056, bed_util_des: 0.039, frac_lost: 0.010, li_recovered:  1.230
L: 0.30, u_super: 0.00001, sec: 3.435, t_ads: 3505.0, t_des: 7899.0, bed_util_ads: 0.062, bed_util_des: 0.051, frac_lost: 0.010, li_recovered:  0.768
L: 0.30, u_super: 0.00001, sec: 3.420, t_ads: 3799.0, t_des: 10489.0, bed_util_ads: 0.060, bed_util_des: 0.046, frac_lost: 0.010, li_recovered:  0.967
L: 0.30, u_super: 0.00001, sec: 3.543, t_ads: 3280.0, t_des: 6223.0, bed_util_ads: 0.063, bed_util_des: 0.054, frac_lost: 0.010, li_recovered:  0.621
L: 0.30, u_super: 0.00001, sec: 3.409, t_ads: 3648.0, t_des: 9074.0, bed_util_ads: 0.061, bed_util_des: 0.049, frac_lost: 0.010, li_recovered:  0.864
L: 0.30, u_super: 0.00001, sec: 3.408, t_ads: 3694.0, t_des: 9483.0, bed_util_ads: 0.060, bed_util_des: 0.048, frac_lost: 0.010, li_recovered:  0.895
L: 0.30, u_super: 0.00003, sec: 17.560, t_ads: 1296.0, t_des: 1746.0, bed_util_ads: 0.089, bed_util_des: 0.086, frac_lost: 0.010, li_recovered:  0.252
L: 0.30, u_super: 0.00001, sec: 3.408, t_ads: 3684.0, t_des: 9397.0, bed_util_ads: 0.060, bed_util_des: 0.048, frac_lost: 0.010, li_recovered:  0.888
L: 0.30, u_super: 0.00002, sec: 8.945, t_ads: 2448.0, t_des: 10899.0, bed_util_ads: 0.063, bed_util_des: 0.048, frac_lost: 0.010, li_recovered:  1.062
L: 0.30, u_super: 0.00001, sec: 3.410, t_ads: 3718.0, t_des: 9709.0, bed_util_ads: 0.060, bed_util_des: 0.047, frac_lost: 0.010, li_recovered:  0.912
L: 0.30, u_super: 0.00001, sec: 3.408, t_ads: 3700.0, t_des: 9539.0, bed_util_ads: 0.060, bed_util_des: 0.048, frac_lost: 0.010, li_recovered:  0.899
L: 0.30, u_super: 0.00001, sec: 3.409, t_ads: 3699.0, t_des: 9533.0, bed_util_ads: 0.060, bed_util_des: 0.048, frac_lost: 0.010, li_recovered:  0.899
L: 0.30, u_super: 0.00001, sec: 3.411, t_ads: 3741.0, t_des: 9921.0, bed_util_ads: 0.060, bed_util_des: 0.047, frac_lost: 0.010, li_recovered:  0.927
L: 0.30, u_super: 0.00001, sec: 3.408, t_ads: 3680.0, t_des: 9360.0, bed_util_ads: 0.060, bed_util_des: 0.048, frac_lost: 0.010, li_recovered:  0.886
L: 0.30, u_super: 0.00003, sec: 14.167, t_ads: 1548.0, t_des: 4400.0, bed_util_ads: 0.078, bed_util_des: 0.070, frac_lost: 0.010, li_recovered:  0.611
L: 0.30, u_super: 0.00001, sec: 3.410, t_ads: 3705.0, t_des: 9593.0, bed_util_ads: 0.060, bed_util_des: 0.048, frac_lost: 0.010, li_recovered:  0.903
L: 0.30, u_super: 0.00001, sec: 3.412, t_ads: 3654.0, t_des: 9142.0, bed_util_ads: 0.061, bed_util_des: 0.048, frac_lost: 0.010, li_recovered:  0.869
L: 0.30, u_super: 0.00001, sec: 3.409, t_ads: 3724.0, t_des: 9759.0, bed_util_ads: 0.060, bed_util_des: 0.047, frac_lost: 0.010, li_recovered:  0.915
L: 0.30, u_super: 0.00001, sec: 3.413, t_ads: 3605.0, t_des: 8707.0, bed_util_ads: 0.061, bed_util_des: 0.049, frac_lost: 0.010, li_recovered:  0.835
L: 0.30, u_super: 0.00001, sec: 3.417, t_ads: 3785.0, t_des: 10349.0, bed_util_ads: 0.060, bed_util_des: 0.046, frac_lost: 0.010, li_recovered:  0.957
L: 0.30, u_super: 0.00001, sec: 3.514, t_ads: 3324.0, t_des: 6537.0, bed_util_ads: 0.063, bed_util_des: 0.054, frac_lost: 0.010, li_recovered:  0.650
L: 0.30, u_super: 0.00001, sec: 3.409, t_ads: 3714.0, t_des: 9667.0, bed_util_ads: 0.060, bed_util_des: 0.047, frac_lost: 0.010, li_recovered:  0.909
L: 0.30, u_super: 0.00001, sec: 3.408, t_ads: 3684.0, t_des: 9395.0, bed_util_ads: 0.060, bed_util_des: 0.048, frac_lost: 0.010, li_recovered:  0.888
L: 0.30, u_super: 0.00003, sec: 18.267, t_ads: 1404.0, t_des: 4772.0, bed_util_ads: 0.078, bed_util_des: 0.069, frac_lost: 0.010, li_recovered:  0.659
L: 0.30, u_super: 0.00001, sec: 3.412, t_ads: 3611.0, t_des: 8758.0, bed_util_ads: 0.061, bed_util_des: 0.049, frac_lost: 0.010, li_recovered:  0.839
L: 0.30, u_super: 0.00001, sec: 3.408, t_ads: 3671.0, t_des: 9279.0, bed_util_ads: 0.060, bed_util_des: 0.048, frac_lost: 0.010, li_recovered:  0.879
L: 0.30, u_super: 0.00001, sec: 3.795, t_ads: 4300.0, t_des: 17430.0, bed_util_ads: 0.055, bed_util_des: 0.037, frac_lost: 0.010, li_recovered:  1.329
    26 |     1040 |  4.9924202800 |  3.4078631401

============================================================
OPTIMIZATION SUMMARY
============================================================
Best SEC:              3.4079
------------------------------------------------------------
Optimal Parameters:
  Column length (L):     0.3000 m
  Superficial velocity:  0.000010 m/s
  Desorption threshold:  0.0477
------------------------------------------------------------
Cycle Times:
  Adsorption time:       3694.0 s
  Desorption time:       9483.0 s
  Total cycle time:      13177.0 s
------------------------------------------------------------
Performance:
  Li recovered:          0.8950 mol/m³
  Fraction lost:         0.0100
  Bed util (ads):        0.0603
  Generations:           27
============================================================
