L: 0.66, u_super: 0.00048, sec: 2492.353, t_ads: 485.0, t_des: 7567.0, bed_util_ads: 0.113, bed_util_des: 0.089, frac_lost: 0.100, li_recovered:  1.704
L: 0.96, u_super: 0.00016, sec: 566.499, t_ads: 1527.0, t_des: 1329.0, bed_util_ads: 0.228, bed_util_des: 0.223, frac_lost: 0.100, li_recovered:  0.310
L: 0.88, u_super: 0.00021, sec: inf, t_ads: 1017.0, t_des: 0.0, bed_util_ads: 0.277, bed_util_des: 0.277, frac_lost: 0.100, li_recovered:  0.000
L: 0.32, u_super: 0.00038, sec: 1062.009, t_ads: 276.0, t_des: 454.0, bed_util_ads: 0.282, bed_util_des: 0.278, frac_lost: 0.101, li_recovered:  0.230
L: 0.53, u_super: 0.00040, sec: 850.866, t_ads: 455.0, t_des: 2161.0, bed_util_ads: 0.181, bed_util_des: 0.166, frac_lost: 0.101, li_recovered:  1.124
L: 0.62, u_super: 0.00008, sec: 349.328, t_ads: 1941.0, t_des: 1157.0, bed_util_ads: 0.215, bed_util_des: 0.213, frac_lost: 0.100, li_recovered:  0.118
L: 0.44, u_super: 0.00014, sec: inf, t_ads: 667.0, t_des: 0.0, bed_util_ads: 0.359, bed_util_des: 0.359, frac_lost: 0.100, li_recovered:  0.000
L: 0.50, u_super: 0.00025, sec: inf, t_ads: 405.0, t_des: 0.0, bed_util_ads: 0.464, bed_util_des: 0.464, frac_lost: 0.100, li_recovered:  0.000
L: 0.97, u_super: 0.00037, sec: inf, t_ads: 748.0, t_des: 0.0, bed_util_ads: 0.280, bed_util_des: 0.280, frac_lost: 0.100, li_recovered:  0.000
L: 0.49, u_super: 0.00009, sec: inf, t_ads: 503.0, t_des: 0.0, bed_util_ads: 0.444, bed_util_des: 0.444, frac_lost: 0.100, li_recovered:  0.000
L: 0.66, u_super: 0.00007, sec: inf, t_ads: 1183.0, t_des: 0.0, bed_util_ads: 0.286, bed_util_des: 0.286, frac_lost: 0.100, li_recovered:  0.000
L: 0.84, u_super: 0.00031, sec: inf, t_ads: 494.0, t_des: 0.0, bed_util_ads: 0.431, bed_util_des: 0.431, frac_lost: 0.100, li_recovered:  0.000
L: 0.33, u_super: 0.00027, sec: 400.245, t_ads: 397.0, t_des: 831.0, bed_util_ads: 0.248, bed_util_des: 0.240, frac_lost: 0.100, li_recovered:  0.516
L: 0.34, u_super: 0.00032, sec: inf, t_ads: 300.0, t_des: 0.0, bed_util_ads: 0.419, bed_util_des: 0.419, frac_lost: 0.100, li_recovered:  0.000
L: 0.72, u_super: 0.00014, sec: inf, t_ads: 653.0, t_des: 0.0, bed_util_ads: 0.387, bed_util_des: 0.387, frac_lost: 0.100, li_recovered:  0.000
L: 0.66, u_super: 0.00026, sec: inf, t_ads: 588.0, t_des: 0.0, bed_util_ads: 0.364, bed_util_des: 0.364, frac_lost: 0.100, li_recovered:  0.000
L: 0.40, u_super: 0.00041, sec: inf, t_ads: 303.0, t_des: 0.0, bed_util_ads: 0.345, bed_util_des: 0.345, frac_lost: 0.101, li_recovered:  0.000
L: 0.85, u_super: 0.00010, sec: inf, t_ads: 732.0, t_des: 0.0, bed_util_ads: 0.365, bed_util_des: 0.365, frac_lost: 0.100, li_recovered:  0.000
L: 0.43, u_super: 0.00005, sec: inf, t_ads: 648.0, t_des: 0.0, bed_util_ads: 0.388, bed_util_des: 0.388, frac_lost: 0.100, li_recovered:  0.000
L: 0.90, u_super: 0.00044, sec: 1435.317, t_ads: 633.0, t_des: 981.0, bed_util_ads: 0.254, bed_util_des: 0.246, frac_lost: 0.100, li_recovered:  0.506
L: 0.49, u_super: 0.00001, sec: inf, t_ads: 1133.0, t_des: 0.0, bed_util_ads: 0.285, bed_util_des: 0.285, frac_lost: 0.100, li_recovered:  0.000
L: 0.80, u_super: 0.00042, sec: 978.544, t_ads: 646.0, t_des: 2856.0, bed_util_ads: 0.176, bed_util_des: 0.155, frac_lost: 0.100, li_recovered:  1.466
L: 0.45, u_super: 0.00032, sec: inf, t_ads: 379.0, t_des: 0.0, bed_util_ads: 0.395, bed_util_des: 0.395, frac_lost: 0.100, li_recovered:  0.000
L: 0.97, u_super: 0.00008, sec: inf, t_ads: 1852.0, t_des: 0.0, bed_util_ads: 0.230, bed_util_des: 0.230, frac_lost: 0.100, li_recovered:  0.000
L: 0.93, u_super: 0.00022, sec: inf, t_ads: 974.0, t_des: 0.0, bed_util_ads: 0.291, bed_util_des: 0.291, frac_lost: 0.100, li_recovered:  0.000
L: 0.32, u_super: 0.00034, sec: inf, t_ads: 263.0, t_des: 0.0, bed_util_ads: 0.449, bed_util_des: 0.449, frac_lost: 0.100, li_recovered:  0.000
L: 0.88, u_super: 0.00044, sec: inf, t_ads: 543.0, t_des: 0.0, bed_util_ads: 0.330, bed_util_des: 0.330, frac_lost: 0.100, li_recovered:  0.000
L: 0.47, u_super: 0.00039, sec: 1131.724, t_ads: 423.0, t_des: 3984.0, bed_util_ads: 0.141, bed_util_des: 0.122, frac_lost: 0.100, li_recovered:  1.354
L: 0.88, u_super: 0.00004, sec: inf, t_ads: 697.0, t_des: 0.0, bed_util_ads: 0.371, bed_util_des: 0.371, frac_lost: 0.100, li_recovered:  0.000
L: 0.42, u_super: 0.00019, sec: 197.305, t_ads: 709.0, t_des: 2374.0, bed_util_ads: 0.191, bed_util_des: 0.172, frac_lost: 0.100, li_recovered:  1.362
L: 0.78, u_super: 0.00010, sec: 314.926, t_ads: 1949.0, t_des: 1341.0, bed_util_ads: 0.213, bed_util_des: 0.210, frac_lost: 0.100, li_recovered:  0.230
L: 0.30, u_super: 0.00014, sec: 113.060, t_ads: 689.0, t_des: 1309.0, bed_util_ads: 0.233, bed_util_des: 0.222, frac_lost: 0.100, li_recovered:  0.787
L: 0.37, u_super: 0.00032, sec: 506.722, t_ads: 391.0, t_des: 1261.0, bed_util_ads: 0.213, bed_util_des: 0.203, frac_lost: 0.100, li_recovered:  0.777
L: 0.81, u_super: 0.00033, sec: 708.621, t_ads: 754.0, t_des: 1285.0, bed_util_ads: 0.237, bed_util_des: 0.227, frac_lost: 0.100, li_recovered:  0.730
L: 0.91, u_super: 0.00032, sec: inf, t_ads: 583.0, t_des: 0.0, bed_util_ads: 0.385, bed_util_des: 0.385, frac_lost: 0.100, li_recovered:  0.000
L: 0.54, u_super: 0.00028, sec: 565.799, t_ads: 675.0, t_des: 5333.0, bed_util_ads: 0.141, bed_util_des: 0.114, frac_lost: 0.100, li_recovered:  1.885
L: 1.00, u_super: 0.00013, sec: 120.498, t_ads: 2356.0, t_des: 4389.0, bed_util_ads: 0.174, bed_util_des: 0.143, frac_lost: 0.100, li_recovered:  2.166
L: 0.35, u_super: 0.00014, sec: inf, t_ads: 588.0, t_des: 0.0, bed_util_ads: 0.368, bed_util_des: 0.368, frac_lost: 0.100, li_recovered:  0.000
L: 0.79, u_super: 0.00007, sec: 1633.172, t_ads: 2412.0, t_des: 954.0, bed_util_ads: 0.201, bed_util_des: 0.201, frac_lost: 0.100, li_recovered:  0.025
L: 0.59, u_super: 0.00034, sec: 700.236, t_ads: 559.0, t_des: 1004.0, bed_util_ads: 0.247, bed_util_des: 0.239, frac_lost: 0.100, li_recovered:  0.585
=================================================
n_gen  |  n_eval  |     f_avg     |     f_min    
=================================================
     1 |       40 |           INF |  1.130596E+02
L: 0.30, u_super: 0.00048, sec: 1139.052, t_ads: 217.0, t_des: 955.0, bed_util_ads: 0.204, bed_util_des: 0.196, frac_lost: 0.101, li_recovered:  0.543
L: 0.30, u_super: 0.00016, sec: 142.083, t_ads: 597.0, t_des: 1328.0, bed_util_ads: 0.227, bed_util_des: 0.216, frac_lost: 0.100, li_recovered:  0.833
L: 0.31, u_super: 0.00020, sec: 619.605, t_ads: 474.0, t_des: 582.0, bed_util_ads: 0.286, bed_util_des: 0.284, frac_lost: 0.100, li_recovered:  0.164
L: 0.30, u_super: 0.00038, sec: inf, t_ads: 252.0, t_des: 0.0, bed_util_ads: 0.346, bed_util_des: 0.346, frac_lost: 0.100, li_recovered:  0.000
L: 0.30, u_super: 0.00041, sec: 958.794, t_ads: 256.0, t_des: 1590.0, bed_util_ads: 0.176, bed_util_des: 0.166, frac_lost: 0.101, li_recovered:  0.751
L: 0.62, u_super: 0.00011, sec: 150.344, t_ads: 1489.0, t_des: 1665.0, bed_util_ads: 0.222, bed_util_des: 0.213, frac_lost: 0.100, li_recovered:  0.615
L: 0.44, u_super: 0.00014, sec: inf, t_ads: 834.0, t_des: 0.0, bed_util_ads: 0.287, bed_util_des: 0.287, frac_lost: 0.100, li_recovered:  0.000
L: 0.30, u_super: 0.00025, sec: inf, t_ads: 309.0, t_des: 0.0, bed_util_ads: 0.473, bed_util_des: 0.473, frac_lost: 0.100, li_recovered:  0.000
L: 0.35, u_super: 0.00004, sec: inf, t_ads: 1419.0, t_des: 0.0, bed_util_ads: 0.259, bed_util_des: 0.259, frac_lost: 0.100, li_recovered:  0.000
L: 0.30, u_super: 0.00009, sec: inf, t_ads: 481.0, t_des: 0.0, bed_util_ads: 0.450, bed_util_des: 0.450, frac_lost: 0.100, li_recovered:  0.000
L: 0.48, u_super: 0.00007, sec: inf, t_ads: 1121.0, t_des: 0.0, bed_util_ads: 0.292, bed_util_des: 0.292, frac_lost: 0.100, li_recovered:  0.000
L: 0.84, u_super: 0.00026, sec: inf, t_ads: 519.0, t_des: 0.0, bed_util_ads: 0.428, bed_util_des: 0.428, frac_lost: 0.100, li_recovered:  0.000
L: 0.37, u_super: 0.00003, sec: 6.305, t_ads: 4329.0, t_des: 6685.0, bed_util_ads: 0.154, bed_util_des: 0.118, frac_lost: 0.100, li_recovered:  2.592
L: 0.44, u_super: 0.00032, sec: inf, t_ads: 363.0, t_des: 0.0, bed_util_ads: 0.415, bed_util_des: 0.415, frac_lost: 0.100, li_recovered:  0.000
L: 0.72, u_super: 0.00014, sec: 134.012, t_ads: 1768.0, t_des: 7167.0, bed_util_ads: 0.149, bed_util_des: 0.108, frac_lost: 0.100, li_recovered:  2.921
L: 0.30, u_super: 0.00026, sec: inf, t_ads: 338.0, t_des: 0.0, bed_util_ads: 0.374, bed_util_des: 0.374, frac_lost: 0.100, li_recovered:  0.000
L: 0.40, u_super: 0.00011, sec: inf, t_ads: 797.0, t_des: 0.0, bed_util_ads: 0.329, bed_util_des: 0.329, frac_lost: 0.100, li_recovered:  0.000
L: 0.85, u_super: 0.00010, sec: inf, t_ads: 1823.0, t_des: 0.0, bed_util_ads: 0.225, bed_util_des: 0.225, frac_lost: 0.100, li_recovered:  0.000
L: 0.43, u_super: 0.00025, sec: inf, t_ads: 422.0, t_des: 0.0, bed_util_ads: 0.413, bed_util_des: 0.413, frac_lost: 0.100, li_recovered:  0.000
L: 0.46, u_super: 0.00044, sec: 1074.408, t_ads: 342.0, t_des: 716.0, bed_util_ads: 0.253, bed_util_des: 0.247, frac_lost: 0.100, li_recovered:  0.443
L: 0.35, u_super: 0.00001, sec: inf, t_ads: 1133.0, t_des: 0.0, bed_util_ads: 0.286, bed_util_des: 0.286, frac_lost: 0.100, li_recovered:  0.000
L: 0.80, u_super: 0.00024, sec: 320.142, t_ads: 1113.0, t_des: 3519.0, bed_util_ads: 0.178, bed_util_des: 0.152, frac_lost: 0.100, li_recovered:  1.892
L: 0.45, u_super: 0.00007, sec: inf, t_ads: 716.0, t_des: 0.0, bed_util_ads: 0.369, bed_util_des: 0.369, frac_lost: 0.100, li_recovered:  0.000
L: 0.44, u_super: 0.00008, sec: 77.786, t_ads: 1430.0, t_des: 1669.0, bed_util_ads: 0.223, bed_util_des: 0.214, frac_lost: 0.100, li_recovered:  0.648
L: 0.93, u_super: 0.00015, sec: inf, t_ads: 931.0, t_des: 0.0, bed_util_ads: 0.321, bed_util_des: 0.321, frac_lost: 0.100, li_recovered:  0.000
L: 0.30, u_super: 0.00034, sec: inf, t_ads: 253.0, t_des: 0.0, bed_util_ads: 0.450, bed_util_des: 0.450, frac_lost: 0.101, li_recovered:  0.000
L: 0.88, u_super: 0.00044, sec: 1019.866, t_ads: 645.0, t_des: 1714.0, bed_util_ads: 0.211, bed_util_des: 0.196, frac_lost: 0.100, li_recovered:  1.062
L: 0.47, u_super: 0.00039, sec: 755.040, t_ads: 403.0, t_des: 1054.0, bed_util_ads: 0.229, bed_util_des: 0.219, frac_lost: 0.100, li_recovered:  0.671
L: 0.88, u_super: 0.00004, sec: inf, t_ads: 3973.0, t_des: 0.0, bed_util_ads: 0.166, bed_util_des: 0.166, frac_lost: 0.100, li_recovered:  0.000
L: 0.42, u_super: 0.00014, sec: 100.287, t_ads: 989.0, t_des: 2626.0, bed_util_ads: 0.193, bed_util_des: 0.172, frac_lost: 0.100, li_recovered:  1.533
L: 0.30, u_super: 0.00010, sec: 60.352, t_ads: 949.0, t_des: 1658.0, bed_util_ads: 0.223, bed_util_des: 0.210, frac_lost: 0.100, li_recovered:  0.952
L: 0.30, u_super: 0.00014, sec: 121.325, t_ads: 749.0, t_des: 4240.0, bed_util_ads: 0.156, bed_util_des: 0.131, frac_lost: 0.100, li_recovered:  1.832
L: 0.37, u_super: 0.00010, sec: 66.865, t_ads: 1121.0, t_des: 1886.0, bed_util_ads: 0.217, bed_util_des: 0.203, frac_lost: 0.100, li_recovered:  1.053
L: 0.81, u_super: 0.00007, sec: inf, t_ads: 2183.0, t_des: 0.0, bed_util_ads: 0.213, bed_util_des: 0.213, frac_lost: 0.100, li_recovered:  0.000
L: 0.91, u_super: 0.00032, sec: 602.422, t_ads: 953.0, t_des: 3970.0, bed_util_ads: 0.167, bed_util_des: 0.140, frac_lost: 0.100, li_recovered:  1.942
L: 0.30, u_super: 0.00028, sec: 3399.159, t_ads: 343.0, t_des: 379.0, bed_util_ads: 0.308, bed_util_des: 0.308, frac_lost: 0.100, li_recovered:  0.038
L: 1.00, u_super: 0.00013, sec: inf, t_ads: 833.0, t_des: 0.0, bed_util_ads: 0.342, bed_util_des: 0.342, frac_lost: 0.100, li_recovered:  0.000
L: 0.35, u_super: 0.00002, sec: inf, t_ads: 814.0, t_des: 0.0, bed_util_ads: 0.342, bed_util_des: 0.342, frac_lost: 0.100, li_recovered:  0.000
L: 0.79, u_super: 0.00016, sec: 210.982, t_ads: 1399.0, t_des: 2013.0, bed_util_ads: 0.214, bed_util_des: 0.201, frac_lost: 0.100, li_recovered:  0.989
L: 0.30, u_super: 0.00034, sec: 581.998, t_ads: 300.0, t_des: 719.0, bed_util_ads: 0.245, bed_util_des: 0.239, frac_lost: 0.100, li_recovered:  0.459
     2 |       80 |           INF |  6.3054175377
L: 0.30, u_super: 0.00048, sec: 4116.318, t_ads: 223.0, t_des: 7634.0, bed_util_ads: 0.089, bed_util_des: 0.075, frac_lost: 0.101, li_recovered:  1.007
L: 0.30, u_super: 0.00016, sec: 281.095, t_ads: 652.0, t_des: 8887.0, bed_util_ads: 0.115, bed_util_des: 0.086, frac_lost: 0.100, li_recovered:  2.086
L: 0.31, u_super: 0.00020, sec: 305.073, t_ads: 534.0, t_des: 4531.0, bed_util_ads: 0.142, bed_util_des: 0.119, frac_lost: 0.100, li_recovered:  1.597
L: 0.65, u_super: 0.00038, sec: 2040.957, t_ads: 524.0, t_des: 644.0, bed_util_ads: 0.281, bed_util_des: 0.278, frac_lost: 0.100, li_recovered:  0.191
L: 0.36, u_super: 0.00040, sec: 882.888, t_ads: 309.0, t_des: 1769.0, bed_util_ads: 0.178, bed_util_des: 0.166, frac_lost: 0.100, li_recovered:  0.860
L: 0.62, u_super: 0.00011, sec: 99.974, t_ads: 1899.0, t_des: 9124.0, bed_util_ads: 0.139, bed_util_des: 0.094, frac_lost: 0.100, li_recovered:  3.232
L: 0.43, u_super: 0.00014, sec: inf, t_ads: 644.0, t_des: 0.0, bed_util_ads: 0.360, bed_util_des: 0.360, frac_lost: 0.100, li_recovered:  0.000
L: 0.50, u_super: 0.00025, sec: 630.291, t_ads: 703.0, t_des: 8902.0, bed_util_ads: 0.117, bed_util_des: 0.086, frac_lost: 0.100, li_recovered:  2.172
L: 0.97, u_super: 0.00037, sec: 777.967, t_ads: 896.0, t_des: 3783.0, bed_util_ads: 0.168, bed_util_des: 0.142, frac_lost: 0.100, li_recovered:  1.866
L: 0.49, u_super: 0.00009, sec: 53.210, t_ads: 1858.0, t_des: 6235.0, bed_util_ads: 0.156, bed_util_des: 0.117, frac_lost: 0.100, li_recovered:  2.774
L: 0.32, u_super: 0.00007, sec: inf, t_ads: 979.0, t_des: 0.0, bed_util_ads: 0.301, bed_util_des: 0.301, frac_lost: 0.100, li_recovered:  0.000
L: 0.84, u_super: 0.00031, sec: 545.548, t_ads: 855.0, t_des: 1780.0, bed_util_ads: 0.216, bed_util_des: 0.201, frac_lost: 0.100, li_recovered:  1.082
L: 0.37, u_super: 0.00012, sec: 89.701, t_ads: 1091.0, t_des: 5686.0, bed_util_ads: 0.151, bed_util_des: 0.118, frac_lost: 0.100, li_recovered:  2.348
L: 0.39, u_super: 0.00032, sec: inf, t_ads: 329.0, t_des: 0.0, bed_util_ads: 0.417, bed_util_des: 0.417, frac_lost: 0.100, li_recovered:  0.000
L: 0.72, u_super: 0.00011, sec: 83.386, t_ads: 2235.0, t_des: 7337.0, bed_util_ads: 0.151, bed_util_des: 0.108, frac_lost: 0.100, li_recovered:  3.063
L: 0.66, u_super: 0.00008, sec: 48.827, t_ads: 2640.0, t_des: 6886.0, bed_util_ads: 0.155, bed_util_des: 0.113, frac_lost: 0.100, li_recovered:  2.994
L: 0.40, u_super: 0.00041, sec: 1098.952, t_ads: 320.0, t_des: 569.0, bed_util_ads: 0.270, bed_util_des: 0.265, frac_lost: 0.100, li_recovered:  0.319
L: 0.41, u_super: 0.00010, sec: inf, t_ads: 665.0, t_des: 0.0, bed_util_ads: 0.376, bed_util_des: 0.376, frac_lost: 0.100, li_recovered:  0.000
L: 0.43, u_super: 0.00017, sec: 192.136, t_ads: 899.0, t_des: 5644.0, bed_util_ads: 0.146, bed_util_des: 0.115, frac_lost: 0.100, li_recovered:  2.178
L: 0.33, u_super: 0.00044, sec: 1011.537, t_ads: 252.0, t_des: 591.0, bed_util_ads: 0.252, bed_util_des: 0.247, frac_lost: 0.100, li_recovered:  0.375
L: 0.34, u_super: 0.00001, sec: inf, t_ads: 1133.0, t_des: 0.0, bed_util_ads: 0.286, bed_util_des: 0.286, frac_lost: 0.100, li_recovered:  0.000
L: 0.80, u_super: 0.00012, sec: 99.537, t_ads: 2041.0, t_des: 3875.0, bed_util_ads: 0.179, bed_util_des: 0.151, frac_lost: 0.100, li_recovered:  1.996
L: 0.36, u_super: 0.00032, sec: inf, t_ads: 319.0, t_des: 0.0, bed_util_ads: 0.397, bed_util_des: 0.397, frac_lost: 0.100, li_recovered:  0.000
L: 0.44, u_super: 0.00002, sec: inf, t_ads: 2664.0, t_des: 0.0, bed_util_ads: 0.194, bed_util_des: 0.194, frac_lost: 0.100, li_recovered:  0.000
L: 0.35, u_super: 0.00022, sec: inf, t_ads: 483.0, t_des: 0.0, bed_util_ads: 0.303, bed_util_des: 0.303, frac_lost: 0.100, li_recovered:  0.000
L: 0.32, u_super: 0.00034, sec: inf, t_ads: 266.0, t_des: 0.0, bed_util_ads: 0.449, bed_util_des: 0.449, frac_lost: 0.100, li_recovered:  0.000
L: 0.57, u_super: 0.00044, sec: 984.622, t_ads: 426.0, t_des: 1422.0, bed_util_ads: 0.208, bed_util_des: 0.196, frac_lost: 0.100, li_recovered:  0.861
L: 0.47, u_super: 0.00001, sec: inf, t_ads: 2701.0, t_des: 0.0, bed_util_ads: 0.180, bed_util_des: 0.180, frac_lost: 0.100, li_recovered:  0.000
L: 0.37, u_super: 0.00004, sec: inf, t_ads: 694.0, t_des: 0.0, bed_util_ads: 0.375, bed_util_des: 0.375, frac_lost: 0.100, li_recovered:  0.000
L: 0.59, u_super: 0.00014, sec: 110.685, t_ads: 1351.0, t_des: 2812.0, bed_util_ads: 0.194, bed_util_des: 0.172, frac_lost: 0.100, li_recovered:  1.599
L: 0.30, u_super: 0.00001, sec: inf, t_ads: 2822.0, t_des: 0.0, bed_util_ads: 0.188, bed_util_des: 0.188, frac_lost: 0.100, li_recovered:  0.000
L: 0.30, u_super: 0.00014, sec: 232.684, t_ads: 775.0, t_des: 11794.0, bed_util_ads: 0.108, bed_util_des: 0.074, frac_lost: 0.100, li_recovered:  2.407
L: 0.37, u_super: 0.00010, sec: 74.052, t_ads: 1283.0, t_des: 7197.0, bed_util_ads: 0.142, bed_util_des: 0.105, frac_lost: 0.100, li_recovered:  2.682
L: 0.81, u_super: 0.00033, sec: 2461.564, t_ads: 876.0, t_des: 26662.0, bed_util_ads: 0.084, bed_util_des: 0.044, frac_lost: 0.100, li_recovered:  2.839
L: 0.71, u_super: 0.00032, sec: 608.912, t_ads: 753.0, t_des: 3721.0, bed_util_ads: 0.164, bed_util_des: 0.140, frac_lost: 0.100, li_recovered:  1.746
L: 0.54, u_super: 0.00028, sec: 417.434, t_ads: 656.0, t_des: 2746.0, bed_util_ads: 0.179, bed_util_des: 0.159, frac_lost: 0.100, li_recovered:  1.447
L: 1.00, u_super: 0.00013, sec: 176.590, t_ads: 2758.0, t_des: 15918.0, bed_util_ads: 0.124, bed_util_des: 0.067, frac_lost: 0.100, li_recovered:  4.092
L: 0.31, u_super: 0.00014, sec: inf, t_ads: 548.0, t_des: 0.0, bed_util_ads: 0.370, bed_util_des: 0.370, frac_lost: 0.100, li_recovered:  0.000
L: 0.33, u_super: 0.00016, sec: 137.365, t_ads: 651.0, t_des: 1631.0, bed_util_ads: 0.215, bed_util_des: 0.201, frac_lost: 0.100, li_recovered:  1.016
L: 0.30, u_super: 0.00034, sec: 907.778, t_ads: 314.0, t_des: 3480.0, bed_util_ads: 0.137, bed_util_des: 0.122, frac_lost: 0.101, li_recovered:  1.096
     3 |      120 |           INF |  6.3054175377
L: 0.38, u_super: 0.00048, sec: 1128.299, t_ads: 274.0, t_des: 1110.0, bed_util_ads: 0.205, bed_util_des: 0.196, frac_lost: 0.101, li_recovered:  0.647
L: 0.30, u_super: 0.00005, sec: 38.380, t_ads: 1526.0, t_des: 1577.0, bed_util_ads: 0.223, bed_util_des: 0.216, frac_lost: 0.100, li_recovered:  0.520
L: 0.31, u_super: 0.00020, sec: 576.139, t_ads: 544.0, t_des: 11131.0, bed_util_ads: 0.100, bed_util_des: 0.073, frac_lost: 0.100, li_recovered:  1.949
L: 0.32, u_super: 0.00038, sec: 1698.616, t_ads: 295.0, t_des: 5637.0, bed_util_ads: 0.110, bed_util_des: 0.094, frac_lost: 0.100, li_recovered:  1.169
L: 0.53, u_super: 0.00040, sec: 838.802, t_ads: 454.0, t_des: 2064.0, bed_util_ads: 0.184, bed_util_des: 0.169, frac_lost: 0.100, li_recovered:  1.097
L: 0.54, u_super: 0.00011, sec: 100.545, t_ads: 1659.0, t_des: 8997.0, bed_util_ads: 0.137, bed_util_des: 0.094, frac_lost: 0.100, li_recovered:  3.107
L: 0.44, u_super: 0.00014, sec: 138.660, t_ads: 1101.0, t_des: 6618.0, bed_util_ads: 0.143, bed_util_des: 0.108, frac_lost: 0.100, li_recovered:  2.477
L: 0.62, u_super: 0.00025, sec: 593.921, t_ads: 878.0, t_des: 9358.0, bed_util_ads: 0.121, bed_util_des: 0.086, frac_lost: 0.100, li_recovered:  2.457
L: 0.97, u_super: 0.00037, sec: 6509.617, t_ads: 964.0, t_des: 65434.0, bed_util_ads: 0.067, bed_util_des: 0.023, frac_lost: 0.100, li_recovered:  3.164
L: 0.37, u_super: 0.00009, sec: 45.993, t_ads: 1301.0, t_des: 3011.0, bed_util_ads: 0.190, bed_util_des: 0.166, frac_lost: 0.100, li_recovered:  1.710
L: 0.66, u_super: 0.00001, sec: inf, t_ads: 1214.0, t_des: 0.0, bed_util_ads: 0.273, bed_util_des: 0.273, frac_lost: 0.100, li_recovered:  0.000
L: 0.38, u_super: 0.00031, sec: 477.535, t_ads: 412.0, t_des: 1317.0, bed_util_ads: 0.213, bed_util_des: 0.201, frac_lost: 0.100, li_recovered:  0.811
L: 0.37, u_super: 0.00003, sec: inf, t_ads: 3027.0, t_des: 0.0, bed_util_ads: 0.186, bed_util_des: 0.186, frac_lost: 0.100, li_recovered:  0.000
L: 0.48, u_super: 0.00032, sec: inf, t_ads: 384.0, t_des: 0.0, bed_util_ads: 0.414, bed_util_des: 0.414, frac_lost: 0.100, li_recovered:  0.000
L: 0.72, u_super: 0.00012, sec: 106.954, t_ads: 1974.0, t_des: 7250.0, bed_util_ads: 0.150, bed_util_des: 0.108, frac_lost: 0.100, li_recovered:  2.994
L: 0.66, u_super: 0.00008, sec: 84.305, t_ads: 2931.0, t_des: 21168.0, bed_util_ads: 0.116, bed_util_des: 0.055, frac_lost: 0.100, li_recovered:  4.386
L: 0.33, u_super: 0.00041, sec: 1032.576, t_ads: 268.0, t_des: 508.0, bed_util_ads: 0.269, bed_util_des: 0.265, frac_lost: 0.100, li_recovered:  0.296
L: 0.85, u_super: 0.00010, sec: 92.598, t_ads: 2830.0, t_des: 10835.0, bed_util_ads: 0.138, bed_util_des: 0.086, frac_lost: 0.100, li_recovered:  3.692
L: 0.36, u_super: 0.00017, sec: 198.006, t_ads: 739.0, t_des: 5369.0, bed_util_ads: 0.143, bed_util_des: 0.115, frac_lost: 0.100, li_recovered:  1.973
L: 0.33, u_super: 0.00002, sec: inf, t_ads: 2034.0, t_des: 0.0, bed_util_ads: 0.218, bed_util_des: 0.218, frac_lost: 0.100, li_recovered:  0.000
L: 0.53, u_super: 0.00001, sec: inf, t_ads: 1133.0, t_des: 0.0, bed_util_ads: 0.285, bed_util_des: 0.285, frac_lost: 0.100, li_recovered:  0.000
L: 0.80, u_super: 0.00012, sec: 97.804, t_ads: 2144.0, t_des: 5248.0, bed_util_ads: 0.165, bed_util_des: 0.130, frac_lost: 0.100, li_recovered:  2.538
L: 0.37, u_super: 0.00032, sec: inf, t_ads: 328.0, t_des: 0.0, bed_util_ads: 0.397, bed_util_des: 0.397, frac_lost: 0.100, li_recovered:  0.000
L: 0.47, u_super: 0.00014, sec: 141.273, t_ads: 988.0, t_des: 1607.0, bed_util_ads: 0.226, bed_util_des: 0.214, frac_lost: 0.100, li_recovered:  0.883
L: 0.32, u_super: 0.00002, sec: 5.509, t_ads: 4277.0, t_des: 10141.0, bed_util_ads: 0.142, bed_util_des: 0.091, frac_lost: 0.100, li_recovered:  3.648
L: 0.32, u_super: 0.00009, sec: inf, t_ads: 529.0, t_des: 0.0, bed_util_ads: 0.427, bed_util_des: 0.427, frac_lost: 0.100, li_recovered:  0.000
L: 0.33, u_super: 0.00044, sec: 985.391, t_ads: 257.0, t_des: 1071.0, bed_util_ads: 0.205, bed_util_des: 0.196, frac_lost: 0.101, li_recovered:  0.618
L: 0.47, u_super: 0.00039, sec: 862.824, t_ads: 417.0, t_des: 2378.0, bed_util_ads: 0.171, bed_util_des: 0.155, frac_lost: 0.100, li_recovered:  1.126
L: 0.41, u_super: 0.00004, sec: 13.117, t_ads: 3199.0, t_des: 7082.0, bed_util_ads: 0.154, bed_util_des: 0.112, frac_lost: 0.100, li_recovered:  3.011
L: 0.42, u_super: 0.00014, sec: 204.237, t_ads: 1086.0, t_des: 12713.0, bed_util_ads: 0.113, bed_util_des: 0.073, frac_lost: 0.100, li_recovered:  2.873
L: 0.30, u_super: 0.00003, sec: inf, t_ads: 2323.0, t_des: 0.0, bed_util_ads: 0.206, bed_util_des: 0.206, frac_lost: 0.100, li_recovered:  0.000
L: 0.30, u_super: 0.00002, sec: inf, t_ads: 2285.0, t_des: 0.0, bed_util_ads: 0.209, bed_util_des: 0.209, frac_lost: 0.100, li_recovered:  0.000
L: 0.37, u_super: 0.00004, sec: 19.359, t_ads: 2505.0, t_des: 2525.0, bed_util_ads: 0.191, bed_util_des: 0.179, frac_lost: 0.100, li_recovered:  0.886
L: 0.81, u_super: 0.00033, sec: 776.084, t_ads: 843.0, t_des: 5646.0, bed_util_ads: 0.144, bed_util_des: 0.114, frac_lost: 0.100, li_recovered:  2.122
L: 0.91, u_super: 0.00032, sec: 740.407, t_ads: 855.0, t_des: 1329.0, bed_util_ads: 0.237, bed_util_des: 0.228, frac_lost: 0.100, li_recovered:  0.701
L: 0.54, u_super: 0.00001, sec: inf, t_ads: 5252.0, t_des: 0.0, bed_util_ads: 0.142, bed_util_des: 0.142, frac_lost: 0.100, li_recovered:  0.000
L: 0.32, u_super: 0.00001, sec: 2.005, t_ads: 11183.0, t_des: 31196.0, bed_util_ads: 0.122, bed_util_des: 0.045, frac_lost: 0.100, li_recovered:  5.493
L: 0.36, u_super: 0.00014, sec: inf, t_ads: 600.0, t_des: 0.0, bed_util_ads: 0.367, bed_util_des: 0.367, frac_lost: 0.100, li_recovered:  0.000
L: 0.33, u_super: 0.00013, sec: 517.833, t_ads: 926.0, t_des: 40923.0, bed_util_ads: 0.075, bed_util_des: 0.033, frac_lost: 0.100, li_recovered:  3.024
L: 0.43, u_super: 0.00034, sec: 622.901, t_ads: 413.0, t_des: 865.0, bed_util_ads: 0.246, bed_util_des: 0.239, frac_lost: 0.100, li_recovered:  0.538
     4 |      160 |           INF |  2.0051965714
L: 0.38, u_super: 0.00048, sec: 1184.589, t_ads: 275.0, t_des: 1330.0, bed_util_ads: 0.192, bed_util_des: 0.182, frac_lost: 0.101, li_recovered:  0.714
L: 0.32, u_super: 0.00005, sec: 44.415, t_ads: 1595.0, t_des: 1535.0, bed_util_ads: 0.222, bed_util_des: 0.216, frac_lost: 0.100, li_recovered:  0.453
L: 0.37, u_super: 0.00020, sec: 295.139, t_ads: 634.0, t_des: 4807.0, bed_util_ads: 0.144, bed_util_des: 0.119, frac_lost: 0.100, li_recovered:  1.773
L: 0.41, u_super: 0.00001, sec: inf, t_ads: 1623.0, t_des: 0.0, bed_util_ads: 0.236, bed_util_des: 0.236, frac_lost: 0.100, li_recovered:  0.000
L: 0.53, u_super: 0.00040, sec: 12076.462, t_ads: 477.0, t_des: 68313.0, bed_util_ads: 0.050, bed_util_des: 0.021, frac_lost: 0.100, li_recovered:  2.082
L: 0.62, u_super: 0.00016, sec: 211.821, t_ads: 1333.0, t_des: 8754.0, bed_util_ads: 0.134, bed_util_des: 0.094, frac_lost: 0.100, li_recovered:  2.878
L: 0.44, u_super: 0.00014, sec: 179.340, t_ads: 1123.0, t_des: 10121.0, bed_util_ads: 0.124, bed_util_des: 0.085, frac_lost: 0.100, li_recovered:  2.790
L: 0.62, u_super: 0.00001, sec: 3.283, t_ads: 14532.0, t_des: 12181.0, bed_util_ads: 0.115, bed_util_des: 0.086, frac_lost: 0.100, li_recovered:  2.072
L: 0.97, u_super: 0.00037, sec: 6732.578, t_ads: 965.0, t_des: 67928.0, bed_util_ads: 0.067, bed_util_des: 0.022, frac_lost: 0.100, li_recovered:  3.174
L: 0.54, u_super: 0.00009, sec: 54.743, t_ads: 1828.0, t_des: 3172.0, bed_util_ads: 0.189, bed_util_des: 0.166, frac_lost: 0.100, li_recovered:  1.666
L: 0.31, u_super: 0.00007, sec: inf, t_ads: 959.0, t_des: 0.0, bed_util_ads: 0.302, bed_util_des: 0.302, frac_lost: 0.100, li_recovered:  0.000
L: 0.38, u_super: 0.00001, sec: 2.461, t_ads: 14414.0, t_des: 49676.0, bed_util_ads: 0.118, bed_util_des: 0.032, frac_lost: 0.100, li_recovered:  6.152
L: 0.35, u_super: 0.00003, sec: 6.043, t_ads: 4130.0, t_des: 6646.0, bed_util_ads: 0.155, bed_util_des: 0.118, frac_lost: 0.100, li_recovered:  2.645
L: 0.50, u_super: 0.00032, sec: inf, t_ads: 392.0, t_des: 0.0, bed_util_ads: 0.414, bed_util_des: 0.414, frac_lost: 0.100, li_recovered:  0.000
L: 0.45, u_super: 0.00007, sec: 31.123, t_ads: 2321.0, t_des: 7363.0, bed_util_ads: 0.151, bed_util_des: 0.108, frac_lost: 0.100, li_recovered:  3.080
L: 0.66, u_super: 0.00008, sec: 218.686, t_ads: 3031.0, t_des: 67550.0, bed_util_ads: 0.092, bed_util_des: 0.022, frac_lost: 0.100, li_recovered:  4.953
L: 0.33, u_super: 0.00001, sec: inf, t_ads: 2060.0, t_des: 0.0, bed_util_ads: 0.209, bed_util_des: 0.209, frac_lost: 0.100, li_recovered:  0.000
L: 0.62, u_super: 0.00010, sec: 91.758, t_ads: 2082.0, t_des: 10602.0, bed_util_ads: 0.134, bed_util_des: 0.086, frac_lost: 0.100, li_recovered:  3.458
L: 0.43, u_super: 0.00017, sec: 223.189, t_ads: 909.0, t_des: 7316.0, bed_util_ads: 0.133, bed_util_des: 0.100, frac_lost: 0.100, li_recovered:  2.357
L: 0.33, u_super: 0.00044, sec: 1005.231, t_ads: 253.0, t_des: 595.0, bed_util_ads: 0.252, bed_util_des: 0.247, frac_lost: 0.101, li_recovered:  0.379
L: 0.49, u_super: 0.00001, sec: 3.665, t_ads: 13403.0, t_des: 36088.0, bed_util_ads: 0.121, bed_util_des: 0.041, frac_lost: 0.100, li_recovered:  5.675
L: 0.80, u_super: 0.00012, sec: 256.472, t_ads: 2456.0, t_des: 31157.0, bed_util_ads: 0.103, bed_util_des: 0.041, frac_lost: 0.100, li_recovered:  4.401
L: 0.45, u_super: 0.00001, sec: inf, t_ads: 733.0, t_des: 0.0, bed_util_ads: 0.359, bed_util_des: 0.359, frac_lost: 0.100, li_recovered:  0.000
L: 0.32, u_super: 0.00008, sec: 53.527, t_ads: 1115.0, t_des: 1657.0, bed_util_ads: 0.226, bed_util_des: 0.214, frac_lost: 0.100, li_recovered:  0.842
L: 0.32, u_super: 0.00018, sec: 308.344, t_ads: 628.0, t_des: 7858.0, bed_util_ads: 0.119, bed_util_des: 0.091, frac_lost: 0.100, li_recovered:  1.994
L: 0.30, u_super: 0.00034, sec: inf, t_ads: 253.0, t_des: 0.0, bed_util_ads: 0.450, bed_util_des: 0.450, frac_lost: 0.100, li_recovered:  0.000
L: 0.31, u_super: 0.00044, sec: 990.143, t_ads: 239.0, t_des: 1020.0, bed_util_ads: 0.204, bed_util_des: 0.196, frac_lost: 0.100, li_recovered:  0.584
L: 0.47, u_super: 0.00039, sec: 5913.818, t_ads: 434.0, t_des: 31506.0, bed_util_ads: 0.063, bed_util_des: 0.036, frac_lost: 0.101, li_recovered:  1.878
L: 0.41, u_super: 0.00001, sec: 2.945, t_ads: 8952.0, t_des: 5510.0, bed_util_ads: 0.128, bed_util_des: 0.112, frac_lost: 0.100, li_recovered:  1.168
L: 0.31, u_super: 0.00014, sec: 96.566, t_ads: 745.0, t_des: 2414.0, bed_util_ads: 0.191, bed_util_des: 0.172, frac_lost: 0.100, li_recovered:  1.391
L: 0.30, u_super: 0.00001, sec: inf, t_ads: 2927.0, t_des: 0.0, bed_util_ads: 0.180, bed_util_des: 0.180, frac_lost: 0.100, li_recovered:  0.000
L: 0.30, u_super: 0.00016, sec: 137.003, t_ads: 620.0, t_des: 1254.0, bed_util_ads: 0.233, bed_util_des: 0.222, frac_lost: 0.100, li_recovered:  0.771
L: 0.37, u_super: 0.00014, sec: 103.146, t_ads: 872.0, t_des: 2337.0, bed_util_ads: 0.198, bed_util_des: 0.179, frac_lost: 0.100, li_recovered:  1.391
L: 0.81, u_super: 0.00001, sec: inf, t_ads: 2514.0, t_des: 0.0, bed_util_ads: 0.183, bed_util_des: 0.183, frac_lost: 0.100, li_recovered:  0.000
L: 0.91, u_super: 0.00001, sec: inf, t_ads: 7284.0, t_des: 0.0, bed_util_ads: 0.111, bed_util_des: 0.111, frac_lost: 0.100, li_recovered:  0.000
L: 0.32, u_super: 0.00028, sec: 434.577, t_ads: 390.0, t_des: 2200.0, bed_util_ads: 0.173, bed_util_des: 0.159, frac_lost: 0.100, li_recovered:  1.058
L: 0.32, u_super: 0.00001, sec: 1.707, t_ads: 9884.0, t_des: 16779.0, bed_util_ads: 0.129, bed_util_des: 0.072, frac_lost: 0.100, li_recovered:  4.059
L: 0.31, u_super: 0.00014, sec: inf, t_ads: 544.0, t_des: 0.0, bed_util_ads: 0.370, bed_util_des: 0.370, frac_lost: 0.100, li_recovered:  0.000
L: 0.33, u_super: 0.00016, sec: 1021.576, t_ads: 720.0, t_des: 43336.0, bed_util_ads: 0.068, bed_util_des: 0.031, frac_lost: 0.100, li_recovered:  2.639
L: 0.30, u_super: 0.00004, sec: inf, t_ads: 1585.0, t_des: 0.0, bed_util_ads: 0.235, bed_util_des: 0.235, frac_lost: 0.100, li_recovered:  0.000
     5 |      200 |           INF |  1.7073789835
L: 0.38, u_super: 0.00001, sec: inf, t_ads: 3412.0, t_des: 0.0, bed_util_ads: 0.164, bed_util_des: 0.164, frac_lost: 0.100, li_recovered:  0.000
L: 0.30, u_super: 0.00005, sec: 38.563, t_ads: 1529.0, t_des: 1576.0, bed_util_ads: 0.223, bed_util_des: 0.216, frac_lost: 0.100, li_recovered:  0.518
L: 0.37, u_super: 0.00001, sec: 1.876, t_ads: 11453.0, t_des: 18924.0, bed_util_ads: 0.127, bed_util_des: 0.069, frac_lost: 0.100, li_recovered:  4.142
L: 0.32, u_super: 0.00038, sec: 3072.115, t_ads: 297.0, t_des: 11729.0, bed_util_ads: 0.081, bed_util_des: 0.063, frac_lost: 0.101, li_recovered:  1.310
L: 0.53, u_super: 0.00015, sec: 150.414, t_ads: 1241.0, t_des: 6493.0, bed_util_ads: 0.147, bed_util_des: 0.111, frac_lost: 0.100, li_recovered:  2.566
L: 0.32, u_super: 0.00001, sec: 1.751, t_ads: 8546.0, t_des: 10848.0, bed_util_ads: 0.134, bed_util_des: 0.094, frac_lost: 0.100, li_recovered:  2.853
L: 0.31, u_super: 0.00001, sec: 1.917, t_ads: 7743.0, t_des: 7658.0, bed_util_ads: 0.137, bed_util_des: 0.108, frac_lost: 0.100, li_recovered:  2.014
L: 0.62, u_super: 0.00001, sec: 4.109, t_ads: 12963.0, t_des: 7889.0, bed_util_ads: 0.115, bed_util_des: 0.096, frac_lost: 0.100, li_recovered:  1.292
L: 0.42, u_super: 0.00002, sec: 4.368, t_ads: 6733.0, t_des: 10376.0, bed_util_ads: 0.139, bed_util_des: 0.094, frac_lost: 0.100, li_recovered:  3.215
L: 0.37, u_super: 0.00017, sec: 149.636, t_ads: 724.0, t_des: 2582.0, bed_util_ads: 0.186, bed_util_des: 0.166, frac_lost: 0.100, li_recovered:  1.441
L: 0.66, u_super: 0.00020, sec: 232.175, t_ads: 1057.0, t_des: 3139.0, bed_util_ads: 0.184, bed_util_des: 0.159, frac_lost: 0.100, li_recovered:  1.748
L: 0.38, u_super: 0.00001, sec: inf, t_ads: 5551.0, t_des: 0.0, bed_util_ads: 0.140, bed_util_des: 0.140, frac_lost: 0.100, li_recovered:  0.000
L: 0.46, u_super: 0.00003, sec: 7.718, t_ads: 5046.0, t_des: 6356.0, bed_util_ads: 0.152, bed_util_des: 0.121, frac_lost: 0.100, li_recovered:  2.192
L: 0.34, u_super: 0.00032, sec: 578.332, t_ads: 348.0, t_des: 737.0, bed_util_ads: 0.251, bed_util_des: 0.245, frac_lost: 0.100, li_recovered:  0.459
L: 0.39, u_super: 0.00007, sec: 30.539, t_ads: 1999.0, t_des: 7259.0, bed_util_ads: 0.150, bed_util_des: 0.108, frac_lost: 0.100, li_recovered:  3.001
L: 0.37, u_super: 0.00004, sec: 12.970, t_ads: 2893.0, t_des: 6934.0, bed_util_ads: 0.155, bed_util_des: 0.113, frac_lost: 0.100, li_recovered:  2.997
L: 0.31, u_super: 0.00003, sec: inf, t_ads: 1634.0, t_des: 0.0, bed_util_ads: 0.244, bed_util_des: 0.244, frac_lost: 0.100, li_recovered:  0.000
L: 0.30, u_super: 0.00002, sec: 3.423, t_ads: 5501.0, t_des: 11444.0, bed_util_ads: 0.139, bed_util_des: 0.086, frac_lost: 0.100, li_recovered:  3.783
L: 0.43, u_super: 0.00001, sec: 4.035, t_ads: 8926.0, t_des: 4308.0, bed_util_ads: 0.126, bed_util_des: 0.115, frac_lost: 0.100, li_recovered:  0.779
L: 0.33, u_super: 0.00005, sec: inf, t_ads: 1524.0, t_des: 0.0, bed_util_ads: 0.241, bed_util_des: 0.241, frac_lost: 0.100, li_recovered:  0.000
L: 0.49, u_super: 0.00001, sec: 8.572, t_ads: 7400.0, t_des: 3041.0, bed_util_ads: 0.134, bed_util_des: 0.127, frac_lost: 0.100, li_recovered:  0.512
L: 0.80, u_super: 0.00012, sec: 135.231, t_ads: 2355.0, t_des: 12708.0, bed_util_ads: 0.129, bed_util_des: 0.077, frac_lost: 0.100, li_recovered:  3.740
L: 0.45, u_super: 0.00032, sec: 2242.017, t_ads: 494.0, t_des: 17442.0, bed_util_ads: 0.082, bed_util_des: 0.055, frac_lost: 0.100, li_recovered:  1.944
L: 0.32, u_super: 0.00001, sec: inf, t_ads: 2831.0, t_des: 0.0, bed_util_ads: 0.181, bed_util_des: 0.181, frac_lost: 0.100, li_recovered:  0.000
L: 0.32, u_super: 0.00002, sec: inf, t_ads: 2604.0, t_des: 0.0, bed_util_ads: 0.197, bed_util_des: 0.197, frac_lost: 0.100, li_recovered:  0.000
L: 0.32, u_super: 0.00034, sec: 9585.668, t_ads: 331.0, t_des: 56611.0, bed_util_ads: 0.046, bed_util_des: 0.023, frac_lost: 0.100, li_recovered:  1.597
L: 0.30, u_super: 0.00044, sec: 990.982, t_ads: 235.0, t_des: 1009.0, bed_util_ads: 0.204, bed_util_des: 0.196, frac_lost: 0.100, li_recovered:  0.576
L: 0.47, u_super: 0.00039, sec: 5337.433, t_ads: 433.0, t_des: 28043.0, bed_util_ads: 0.065, bed_util_des: 0.039, frac_lost: 0.100, li_recovered:  1.855
L: 0.41, u_super: 0.00001, sec: 2.958, t_ads: 8789.0, t_des: 5722.0, bed_util_ads: 0.129, bed_util_des: 0.112, frac_lost: 0.100, li_recovered:  1.249
L: 0.32, u_super: 0.00014, sec: 96.884, t_ads: 774.0, t_des: 2444.0, bed_util_ads: 0.192, bed_util_des: 0.172, frac_lost: 0.100, li_recovered:  1.412
L: 0.30, u_super: 0.00010, sec: 52.378, t_ads: 1014.0, t_des: 2998.0, bed_util_ads: 0.186, bed_util_des: 0.162, frac_lost: 0.100, li_recovered:  1.687
L: 0.30, u_super: 0.00014, sec: 120.317, t_ads: 749.0, t_des: 4176.0, bed_util_ads: 0.157, bed_util_des: 0.132, frac_lost: 0.100, li_recovered:  1.824
L: 0.37, u_super: 0.00003, sec: 12.686, t_ads: 3900.0, t_des: 16758.0, bed_util_ads: 0.127, bed_util_des: 0.065, frac_lost: 0.100, li_recovered:  4.411
L: 0.81, u_super: 0.00001, sec: inf, t_ads: 2514.0, t_des: 0.0, bed_util_ads: 0.183, bed_util_des: 0.183, frac_lost: 0.100, li_recovered:  0.000
L: 0.35, u_super: 0.00032, sec: 3917.477, t_ads: 388.0, t_des: 28004.0, bed_util_ads: 0.063, bed_util_des: 0.039, frac_lost: 0.101, li_recovered:  1.723
L: 0.54, u_super: 0.00007, sec: 38.382, t_ads: 2240.0, t_des: 3561.0, bed_util_ads: 0.183, bed_util_des: 0.159, frac_lost: 0.100, li_recovered:  1.740
L: 0.41, u_super: 0.00001, sec: 2.038, t_ads: 12003.0, t_des: 17976.0, bed_util_ads: 0.126, bed_util_des: 0.072, frac_lost: 0.100, li_recovered:  3.822
L: 0.40, u_super: 0.00014, sec: inf, t_ads: 632.0, t_des: 0.0, bed_util_ads: 0.365, bed_util_des: 0.365, frac_lost: 0.100, li_recovered:  0.000
L: 0.33, u_super: 0.00001, sec: inf, t_ads: 3239.0, t_des: 0.0, bed_util_ads: 0.171, bed_util_des: 0.171, frac_lost: 0.100, li_recovered:  0.000
L: 0.30, u_super: 0.00001, sec: inf, t_ads: 2540.0, t_des: 0.0, bed_util_ads: 0.190, bed_util_des: 0.190, frac_lost: 0.100, li_recovered:  0.000
     6 |      240 |           INF |  1.7073789835
L: 0.38, u_super: 0.00017, sec: 159.569, t_ads: 708.0, t_des: 1765.0, bed_util_ads: 0.212, bed_util_des: 0.196, frac_lost: 0.100, li_recovered:  1.091
L: 0.32, u_super: 0.00005, sec: 43.526, t_ads: 1586.0, t_des: 1541.0, bed_util_ads: 0.222, bed_util_des: 0.216, frac_lost: 0.100, li_recovered:  0.462
L: 0.37, u_super: 0.00001, sec: 2.129, t_ads: 12925.0, t_des: 33110.0, bed_util_ads: 0.122, bed_util_des: 0.044, frac_lost: 0.100, li_recovered:  5.531
L: 0.32, u_super: 0.00001, sec: inf, t_ads: 1623.0, t_des: 0.0, bed_util_ads: 0.236, bed_util_des: 0.236, frac_lost: 0.100, li_recovered:  0.000
L: 0.30, u_super: 0.00015, sec: 162.895, t_ads: 711.0, t_des: 5725.0, bed_util_ads: 0.138, bed_util_des: 0.111, frac_lost: 0.100, li_recovered:  1.971
L: 0.32, u_super: 0.00001, sec: 1.720, t_ads: 10259.0, t_des: 21351.0, bed_util_ads: 0.126, bed_util_des: 0.060, frac_lost: 0.100, li_recovered:  4.732
L: 0.32, u_super: 0.00001, sec: 1.953, t_ads: 7828.0, t_des: 7619.0, bed_util_ads: 0.136, bed_util_des: 0.108, frac_lost: 0.100, li_recovered:  1.983
L: 0.36, u_super: 0.00001, sec: 1.744, t_ads: 11612.0, t_des: 19828.0, bed_util_ads: 0.126, bed_util_des: 0.066, frac_lost: 0.100, li_recovered:  4.281
L: 0.42, u_super: 0.00001, sec: 2.200, t_ads: 10757.0, t_des: 10471.0, bed_util_ads: 0.126, bed_util_des: 0.094, frac_lost: 0.100, li_recovered:  2.248
L: 0.31, u_super: 0.00009, sec: 44.188, t_ads: 1127.0, t_des: 2921.0, bed_util_ads: 0.189, bed_util_des: 0.166, frac_lost: 0.100, li_recovered:  1.671
L: 0.66, u_super: 0.00020, sec: 231.860, t_ads: 1032.0, t_des: 2479.0, bed_util_ads: 0.198, bed_util_des: 0.178, frac_lost: 0.100, li_recovered:  1.465
L: 0.38, u_super: 0.00001, sec: 1.862, t_ads: 11181.0, t_des: 14900.0, bed_util_ads: 0.127, bed_util_des: 0.081, frac_lost: 0.100, li_recovered:  3.310
L: 0.35, u_super: 0.00003, sec: 6.248, t_ads: 4017.0, t_des: 5981.0, bed_util_ads: 0.158, bed_util_des: 0.125, frac_lost: 0.100, li_recovered:  2.374
L: 0.31, u_super: 0.00004, sec: inf, t_ads: 1654.0, t_des: 0.0, bed_util_ads: 0.236, bed_util_des: 0.236, frac_lost: 0.100, li_recovered:  0.000
L: 0.39, u_super: 0.00007, sec: 54.422, t_ads: 2140.0, t_des: 19759.0, bed_util_ads: 0.113, bed_util_des: 0.057, frac_lost: 0.100, li_recovered:  3.984
L: 0.37, u_super: 0.00024, sec: 334.670, t_ads: 516.0, t_des: 2641.0, bed_util_ads: 0.173, bed_util_des: 0.155, frac_lost: 0.100, li_recovered:  1.298
L: 0.33, u_super: 0.00017, sec: 302.485, t_ads: 604.0, t_des: 790.0, bed_util_ads: 0.269, bed_util_des: 0.265, frac_lost: 0.100, li_recovered:  0.298
L: 0.31, u_super: 0.00002, sec: 5.582, t_ads: 4227.0, t_des: 11126.0, bed_util_ads: 0.140, bed_util_des: 0.086, frac_lost: 0.100, li_recovered:  3.829
L: 0.40, u_super: 0.00001, sec: 3.199, t_ads: 8560.0, t_des: 4780.0, bed_util_ads: 0.129, bed_util_des: 0.115, frac_lost: 0.100, li_recovered:  0.991
L: 0.37, u_super: 0.00009, sec: inf, t_ads: 1039.0, t_des: 0.0, bed_util_ads: 0.264, bed_util_des: 0.264, frac_lost: 0.100, li_recovered:  0.000
L: 0.49, u_super: 0.00007, sec: 82.959, t_ads: 2615.0, t_des: 30846.0, bed_util_ads: 0.104, bed_util_des: 0.041, frac_lost: 0.100, li_recovered:  4.478
L: 0.80, u_super: 0.00001, sec: inf, t_ads: 8522.0, t_des: 0.0, bed_util_ads: 0.109, bed_util_des: 0.109, frac_lost: 0.100, li_recovered:  0.000
L: 0.45, u_super: 0.00032, sec: 1969.797, t_ads: 493.0, t_des: 14965.0, bed_util_ads: 0.087, bed_util_des: 0.060, frac_lost: 0.100, li_recovered:  1.907
L: 0.32, u_super: 0.00008, sec: 114.288, t_ads: 1369.0, t_des: 22948.0, bed_util_ads: 0.099, bed_util_des: 0.050, frac_lost: 0.100, li_recovered:  3.458
L: 0.30, u_super: 0.00002, sec: 5.436, t_ads: 4127.0, t_des: 10108.0, bed_util_ads: 0.142, bed_util_des: 0.091, frac_lost: 0.100, li_recovered:  3.650
L: 0.33, u_super: 0.00033, sec: 8467.204, t_ads: 358.0, t_des: 57457.0, bed_util_ads: 0.047, bed_util_des: 0.023, frac_lost: 0.101, li_recovered:  1.695
L: 0.57, u_super: 0.00044, sec: 1729.001, t_ads: 444.0, t_des: 5167.0, bed_util_ads: 0.128, bed_util_des: 0.108, frac_lost: 0.100, li_recovered:  1.489
L: 0.36, u_super: 0.00039, sec: 734.601, t_ads: 309.0, t_des: 908.0, bed_util_ads: 0.227, bed_util_des: 0.219, frac_lost: 0.100, li_recovered:  0.576
L: 0.44, u_super: 0.00001, sec: 3.484, t_ads: 9315.0, t_des: 5065.0, bed_util_ads: 0.126, bed_util_des: 0.112, frac_lost: 0.100, li_recovered:  0.982
L: 0.31, u_super: 0.00023, sec: 266.745, t_ads: 459.0, t_des: 1989.0, bed_util_ads: 0.187, bed_util_des: 0.172, frac_lost: 0.100, li_recovered:  1.080
L: 0.30, u_super: 0.00006, sec: 24.160, t_ads: 1507.0, t_des: 3246.0, bed_util_ads: 0.187, bed_util_des: 0.162, frac_lost: 0.100, li_recovered:  1.797
L: 0.30, u_super: 0.00001, sec: inf, t_ads: 2611.0, t_des: 0.0, bed_util_ads: 0.188, bed_util_des: 0.188, frac_lost: 0.100, li_recovered:  0.000
L: 0.37, u_super: 0.00001, sec: 1.813, t_ads: 11997.0, t_des: 20596.0, bed_util_ads: 0.126, bed_util_des: 0.065, frac_lost: 0.100, li_recovered:  4.340
L: 0.81, u_super: 0.00001, sec: inf, t_ads: 2514.0, t_des: 0.0, bed_util_ads: 0.183, bed_util_des: 0.183, frac_lost: 0.100, li_recovered:  0.000
L: 0.91, u_super: 0.00013, sec: 118.634, t_ads: 2149.0, t_des: 4552.0, bed_util_ads: 0.172, bed_util_des: 0.140, frac_lost: 0.100, li_recovered:  2.284
L: 0.54, u_super: 0.00007, sec: 118.734, t_ads: 2850.0, t_des: 46210.0, bed_util_ads: 0.097, bed_util_des: 0.030, frac_lost: 0.100, li_recovered:  4.757
L: 0.32, u_super: 0.00001, sec: 1.884, t_ads: 11521.0, t_des: 30834.0, bed_util_ads: 0.122, bed_util_des: 0.046, frac_lost: 0.100, li_recovered:  5.459
L: 0.33, u_super: 0.00014, sec: inf, t_ads: 568.0, t_des: 0.0, bed_util_ads: 0.369, bed_util_des: 0.369, frac_lost: 0.100, li_recovered:  0.000
L: 0.33, u_super: 0.00001, sec: inf, t_ads: 3232.0, t_des: 0.0, bed_util_ads: 0.172, bed_util_des: 0.172, frac_lost: 0.100, li_recovered:  0.000
L: 0.30, u_super: 0.00001, sec: inf, t_ads: 2243.0, t_des: 0.0, bed_util_ads: 0.201, bed_util_des: 0.201, frac_lost: 0.100, li_recovered:  0.000
     7 |      280 |           INF |  1.7073789835
L: 0.38, u_super: 0.00009, sec: 57.549, t_ads: 1236.0, t_des: 2066.0, bed_util_ads: 0.212, bed_util_des: 0.196, frac_lost: 0.100, li_recovered:  1.140
L: 0.30, u_super: 0.00002, sec: inf, t_ads: 2600.0, t_des: 0.0, bed_util_ads: 0.197, bed_util_des: 0.197, frac_lost: 0.100, li_recovered:  0.000
L: 0.32, u_super: 0.00001, sec: 1.688, t_ads: 10090.0, t_des: 18057.0, bed_util_ads: 0.128, bed_util_des: 0.069, frac_lost: 0.100, li_recovered:  4.264
L: 0.32, u_super: 0.00038, sec: 1053.846, t_ads: 276.0, t_des: 455.0, bed_util_ads: 0.282, bed_util_des: 0.278, frac_lost: 0.101, li_recovered:  0.232
L: 0.53, u_super: 0.00012, sec: 105.549, t_ads: 1573.0, t_des: 8448.0, bed_util_ads: 0.139, bed_util_des: 0.097, frac_lost: 0.100, li_recovered:  3.002
L: 0.32, u_super: 0.00001, sec: 2.468, t_ads: 6984.0, t_des: 5069.0, bed_util_ads: 0.139, bed_util_des: 0.122, frac_lost: 0.100, li_recovered:  1.258
L: 0.30, u_super: 0.00001, sec: 1.848, t_ads: 7570.0, t_des: 7735.0, bed_util_ads: 0.137, bed_util_des: 0.108, frac_lost: 0.100, li_recovered:  2.077
L: 0.56, u_super: 0.00001, sec: 2.499, t_ads: 16801.0, t_des: 22847.0, bed_util_ads: 0.119, bed_util_des: 0.066, frac_lost: 0.100, li_recovered:  3.767
L: 0.32, u_super: 0.00001, sec: inf, t_ads: 5693.0, t_des: 0.0, bed_util_ads: 0.144, bed_util_des: 0.144, frac_lost: 0.100, li_recovered:  0.000
L: 0.32, u_super: 0.00009, sec: 44.478, t_ads: 1161.0, t_des: 2942.0, bed_util_ads: 0.190, bed_util_des: 0.166, frac_lost: 0.100, li_recovered:  1.682
L: 0.40, u_super: 0.00020, sec: 215.730, t_ads: 654.0, t_des: 2153.0, bed_util_ads: 0.195, bed_util_des: 0.178, frac_lost: 0.100, li_recovered:  1.258
L: 0.41, u_super: 0.00001, sec: 1.983, t_ads: 11808.0, t_des: 15068.0, bed_util_ads: 0.125, bed_util_des: 0.081, frac_lost: 0.100, li_recovered:  3.203
L: 0.32, u_super: 0.00003, sec: 5.747, t_ads: 3880.0, t_des: 6598.0, bed_util_ads: 0.156, bed_util_des: 0.118, frac_lost: 0.100, li_recovered:  2.705
L: 0.53, u_super: 0.00032, sec: 666.626, t_ads: 516.0, t_des: 910.0, bed_util_ads: 0.252, bed_util_des: 0.245, frac_lost: 0.100, li_recovered:  0.523
L: 0.39, u_super: 0.00007, sec: 39.555, t_ads: 1761.0, t_des: 7162.0, bed_util_ads: 0.149, bed_util_des: 0.108, frac_lost: 0.100, li_recovered:  2.917
L: 0.37, u_super: 0.00001, sec: 2.601, t_ads: 8193.0, t_des: 6161.0, bed_util_ads: 0.133, bed_util_des: 0.113, frac_lost: 0.100, li_recovered:  1.448
L: 0.32, u_super: 0.00017, sec: 290.654, t_ads: 587.0, t_des: 782.0, bed_util_ads: 0.269, bed_util_des: 0.265, frac_lost: 0.100, li_recovered:  0.305
L: 0.37, u_super: 0.00002, sec: 3.945, t_ads: 6903.0, t_des: 15258.0, bed_util_ads: 0.132, bed_util_des: 0.072, frac_lost: 0.100, li_recovered:  4.292
L: 0.40, u_super: 0.00001, sec: 3.193, t_ads: 8534.0, t_des: 4815.0, bed_util_ads: 0.130, bed_util_des: 0.115, frac_lost: 0.100, li_recovered:  1.005
L: 0.44, u_super: 0.00044, sec: 1060.202, t_ads: 329.0, t_des: 701.0, bed_util_ads: 0.253, bed_util_des: 0.247, frac_lost: 0.100, li_recovered:  0.437
L: 0.33, u_super: 0.00001, sec: 3.165, t_ads: 9087.0, t_des: 33017.0, bed_util_ads: 0.119, bed_util_des: 0.041, frac_lost: 0.100, li_recovered:  5.590
L: 0.80, u_super: 0.00012, sec: 454.777, t_ads: 2488.0, t_des: 60404.0, bed_util_ads: 0.089, bed_util_des: 0.024, frac_lost: 0.100, li_recovered:  4.644
L: 0.32, u_super: 0.00032, sec: 1533.788, t_ads: 346.0, t_des: 8486.0, bed_util_ads: 0.098, bed_util_des: 0.078, frac_lost: 0.101, li_recovered:  1.399
L: 0.32, u_super: 0.00001, sec: inf, t_ads: 2828.0, t_des: 0.0, bed_util_ads: 0.181, bed_util_des: 0.181, frac_lost: 0.100, li_recovered:  0.000
L: 0.31, u_super: 0.00002, sec: 5.447, t_ads: 4150.0, t_des: 10114.0, bed_util_ads: 0.142, bed_util_des: 0.091, frac_lost: 0.100, li_recovered:  3.650
L: 0.33, u_super: 0.00033, sec: 2592.513, t_ads: 356.0, t_des: 15731.0, bed_util_ads: 0.077, bed_util_des: 0.055, frac_lost: 0.100, li_recovered:  1.540
L: 0.33, u_super: 0.00044, sec: 988.667, t_ads: 255.0, t_des: 1062.0, bed_util_ads: 0.205, bed_util_des: 0.196, frac_lost: 0.100, li_recovered:  0.611
L: 0.36, u_super: 0.00004, sec: inf, t_ads: 2041.0, t_des: 0.0, bed_util_ads: 0.216, bed_util_des: 0.216, frac_lost: 0.100, li_recovered:  0.000
L: 0.41, u_super: 0.00001, sec: 2.944, t_ads: 8975.0, t_des: 5482.0, bed_util_ads: 0.128, bed_util_des: 0.112, frac_lost: 0.100, li_recovered:  1.157
L: 0.31, u_super: 0.00006, sec: 24.760, t_ads: 1498.0, t_des: 2861.0, bed_util_ads: 0.194, bed_util_des: 0.172, frac_lost: 0.100, li_recovered:  1.589
L: 0.30, u_super: 0.00001, sec: inf, t_ads: 4808.0, t_des: 0.0, bed_util_ads: 0.151, bed_util_des: 0.151, frac_lost: 0.100, li_recovered:  0.000
L: 0.37, u_super: 0.00014, sec: 180.900, t_ads: 941.0, t_des: 9361.0, bed_util_ads: 0.123, bed_util_des: 0.087, frac_lost: 0.100, li_recovered:  2.538
L: 0.35, u_super: 0.00001, sec: 1.751, t_ads: 11156.0, t_des: 20030.0, bed_util_ads: 0.127, bed_util_des: 0.065, frac_lost: 0.100, li_recovered:  4.405
L: 0.31, u_super: 0.00033, sec: 7894.527, t_ads: 334.0, t_des: 49375.0, bed_util_ads: 0.048, bed_util_des: 0.026, frac_lost: 0.101, li_recovered:  1.598
L: 0.91, u_super: 0.00013, sec: 210.080, t_ads: 2480.0, t_des: 18963.0, bed_util_ads: 0.116, bed_util_des: 0.059, frac_lost: 0.100, li_recovered:  4.126
L: 0.54, u_super: 0.00007, sec: 43.037, t_ads: 2657.0, t_des: 11128.0, bed_util_ads: 0.136, bed_util_des: 0.084, frac_lost: 0.100, li_recovered:  3.688
L: 0.32, u_super: 0.00001, sec: 1.706, t_ads: 9874.0, t_des: 16773.0, bed_util_ads: 0.129, bed_util_des: 0.072, frac_lost: 0.100, li_recovered:  4.060
L: 0.35, u_super: 0.00011, sec: inf, t_ads: 667.0, t_des: 0.0, bed_util_ads: 0.363, bed_util_des: 0.363, frac_lost: 0.100, li_recovered:  0.000
L: 0.42, u_super: 0.00016, sec: 146.672, t_ads: 824.0, t_des: 1771.0, bed_util_ads: 0.216, bed_util_des: 0.201, frac_lost: 0.100, li_recovered:  1.082
L: 0.30, u_super: 0.00034, sec: 3274.834, t_ads: 319.0, t_des: 17678.0, bed_util_ads: 0.070, bed_util_des: 0.050, frac_lost: 0.101, li_recovered:  1.441
     8 |      320 |           INF |  1.6882271767
L: 0.38, u_super: 0.00001, sec: inf, t_ads: 3411.0, t_des: 0.0, bed_util_ads: 0.164, bed_util_des: 0.164, frac_lost: 0.100, li_recovered:  0.000
L: 0.30, u_super: 0.00013, sec: 102.918, t_ads: 709.0, t_des: 1420.0, bed_util_ads: 0.228, bed_util_des: 0.216, frac_lost: 0.100, li_recovered:  0.868
L: 0.33, u_super: 0.00001, sec: 1.718, t_ads: 10317.0, t_des: 18197.0, bed_util_ads: 0.128, bed_util_des: 0.069, frac_lost: 0.100, li_recovered:  4.245
L: 0.32, u_super: 0.00038, sec: 3484.293, t_ads: 297.0, t_des: 13574.0, bed_util_ads: 0.077, bed_util_des: 0.058, frac_lost: 0.101, li_recovered:  1.332
L: 0.53, u_super: 0.00012, sec: 87.747, t_ads: 1520.0, t_des: 5502.0, bed_util_ads: 0.159, bed_util_des: 0.124, frac_lost: 0.100, li_recovered:  2.530
L: 0.57, u_super: 0.00001, sec: 2.639, t_ads: 17297.0, t_des: 26321.0, bed_util_ads: 0.120, bed_util_des: 0.060, frac_lost: 0.100, li_recovered:  4.257
L: 0.30, u_super: 0.00014, sec: 355.281, t_ads: 770.0, t_des: 19475.0, bed_util_ads: 0.090, bed_util_des: 0.054, frac_lost: 0.100, li_recovered:  2.570
L: 0.36, u_super: 0.00001, sec: 2.170, t_ads: 13283.0, t_des: 40366.0, bed_util_ads: 0.119, bed_util_des: 0.037, frac_lost: 0.100, li_recovered:  5.869
L: 0.42, u_super: 0.00001, sec: 2.293, t_ads: 10428.0, t_des: 10558.0, bed_util_ads: 0.127, bed_util_des: 0.094, frac_lost: 0.100, li_recovered:  2.340
L: 0.32, u_super: 0.00009, sec: 44.544, t_ads: 1168.0, t_des: 2946.0, bed_util_ads: 0.190, bed_util_des: 0.166, frac_lost: 0.100, li_recovered:  1.684
L: 0.40, u_super: 0.00023, sec: 267.043, t_ads: 590.0, t_des: 2066.0, bed_util_ads: 0.194, bed_util_des: 0.178, frac_lost: 0.100, li_recovered:  1.194
L: 0.30, u_super: 0.00001, sec: 1.544, t_ads: 9316.0, t_des: 14223.0, bed_util_ads: 0.131, bed_util_des: 0.081, frac_lost: 0.100, li_recovered:  3.602
L: 0.32, u_super: 0.00001, sec: 2.342, t_ads: 7337.0, t_des: 5685.0, bed_util_ads: 0.138, bed_util_des: 0.118, frac_lost: 0.100, li_recovered:  1.414
L: 0.34, u_super: 0.00032, sec: 4239.617, t_ads: 376.0, t_des: 28899.0, bed_util_ads: 0.061, bed_util_des: 0.038, frac_lost: 0.101, li_recovered:  1.688
L: 0.30, u_super: 0.00007, sec: 30.241, t_ads: 1580.0, t_des: 7067.0, bed_util_ads: 0.147, bed_util_des: 0.108, frac_lost: 0.100, li_recovered:  2.831
L: 0.31, u_super: 0.00001, sec: 2.085, t_ads: 7414.0, t_des: 6818.0, bed_util_ads: 0.138, bed_util_des: 0.113, frac_lost: 0.100, li_recovered:  1.791
L: 0.32, u_super: 0.00017, sec: 212.856, t_ads: 670.0, t_des: 5595.0, bed_util_ads: 0.138, bed_util_des: 0.111, frac_lost: 0.100, li_recovered:  1.903
L: 0.32, u_super: 0.00001, sec: 2.079, t_ads: 7835.0, t_des: 12368.0, bed_util_ads: 0.135, bed_util_des: 0.086, frac_lost: 0.100, li_recovered:  3.500
L: 0.33, u_super: 0.00001, sec: 2.245, t_ads: 7654.0, t_des: 5960.0, bed_util_ads: 0.136, bed_util_des: 0.115, frac_lost: 0.100, li_recovered:  1.458
L: 0.33, u_super: 0.00001, sec: inf, t_ads: 2100.0, t_des: 0.0, bed_util_ads: 0.207, bed_util_des: 0.207, frac_lost: 0.100, li_recovered:  0.000
L: 0.30, u_super: 0.00001, sec: 3.280, t_ads: 8444.0, t_des: 35714.0, bed_util_ads: 0.118, bed_util_des: 0.038, frac_lost: 0.100, li_recovered:  5.658
L: 0.80, u_super: 0.00001, sec: inf, t_ads: 8535.0, t_des: 0.0, bed_util_ads: 0.109, bed_util_des: 0.109, frac_lost: 0.100, li_recovered:  0.000
L: 0.46, u_super: 0.00032, sec: 1359.467, t_ads: 500.0, t_des: 9631.0, bed_util_ads: 0.104, bed_util_des: 0.078, frac_lost: 0.100, li_recovered:  1.811
L: 0.32, u_super: 0.00001, sec: inf, t_ads: 2828.0, t_des: 0.0, bed_util_ads: 0.181, bed_util_des: 0.181, frac_lost: 0.100, li_recovered:  0.000
L: 0.30, u_super: 0.00005, sec: 21.530, t_ads: 2044.0, t_des: 9610.0, bed_util_ads: 0.138, bed_util_des: 0.091, frac_lost: 0.100, li_recovered:  3.343
L: 0.31, u_super: 0.00032, sec: 4456.049, t_ads: 343.0, t_des: 30072.0, bed_util_ads: 0.058, bed_util_des: 0.036, frac_lost: 0.100, li_recovered:  1.583
L: 0.57, u_super: 0.00004, sec: inf, t_ads: 2886.0, t_des: 0.0, bed_util_ads: 0.189, bed_util_des: 0.189, frac_lost: 0.100, li_recovered:  0.000
L: 0.36, u_super: 0.00039, sec: 13138.842, t_ads: 327.0, t_des: 59657.0, bed_util_ads: 0.045, bed_util_des: 0.022, frac_lost: 0.101, li_recovered:  1.588
L: 0.41, u_super: 0.00001, sec: 2.068, t_ads: 14466.0, t_des: 33448.0, bed_util_ads: 0.122, bed_util_des: 0.045, frac_lost: 0.100, li_recovered:  5.457
L: 0.31, u_super: 0.00006, sec: 23.945, t_ads: 1531.0, t_des: 3305.0, bed_util_ads: 0.186, bed_util_des: 0.161, frac_lost: 0.100, li_recovered:  1.823
L: 0.31, u_super: 0.00006, sec: 24.492, t_ads: 1559.0, t_des: 3266.0, bed_util_ads: 0.187, bed_util_des: 0.162, frac_lost: 0.100, li_recovered:  1.800
L: 0.30, u_super: 0.00001, sec: 1.735, t_ads: 10740.0, t_des: 27548.0, bed_util_ads: 0.123, bed_util_des: 0.049, frac_lost: 0.100, li_recovered:  5.278
L: 0.35, u_super: 0.00001, sec: 1.888, t_ads: 11977.0, t_des: 27907.0, bed_util_ads: 0.123, bed_util_des: 0.050, frac_lost: 0.100, li_recovered:  5.225
L: 0.32, u_super: 0.00033, sec: 544.521, t_ads: 322.0, t_des: 856.0, bed_util_ads: 0.235, bed_util_des: 0.227, frac_lost: 0.101, li_recovered:  0.549
L: 0.43, u_super: 0.00013, sec: 102.563, t_ads: 1089.0, t_des: 4098.0, bed_util_ads: 0.169, bed_util_des: 0.140, frac_lost: 0.100, li_recovered:  2.045
L: 0.55, u_super: 0.00007, sec: 81.573, t_ads: 2851.0, t_des: 29487.0, bed_util_ads: 0.107, bed_util_des: 0.043, frac_lost: 0.100, li_recovered:  4.564
L: 0.32, u_super: 0.00004, sec: 13.433, t_ads: 3100.0, t_des: 14163.0, bed_util_ads: 0.129, bed_util_des: 0.072, frac_lost: 0.100, li_recovered:  4.068
L: 0.35, u_super: 0.00014, sec: 136.502, t_ads: 891.0, t_des: 6186.0, bed_util_ads: 0.141, bed_util_des: 0.110, frac_lost: 0.100, li_recovered:  2.234
L: 0.36, u_super: 0.00001, sec: inf, t_ads: 3254.0, t_des: 0.0, bed_util_ads: 0.169, bed_util_des: 0.169, frac_lost: 0.100, li_recovered:  0.000
L: 0.33, u_super: 0.00034, sec: 591.206, t_ads: 330.0, t_des: 762.0, bed_util_ads: 0.246, bed_util_des: 0.239, frac_lost: 0.100, li_recovered:  0.484
     9 |      360 |  2.692857E+02 |  1.5442991257
L: 0.30, u_super: 0.00009, sec: 50.662, t_ads: 1007.0, t_des: 1970.0, bed_util_ads: 0.213, bed_util_des: 0.196, frac_lost: 0.100, li_recovered:  1.167
L: 0.30, u_super: 0.00014, sec: 105.124, t_ads: 701.0, t_des: 1413.0, bed_util_ads: 0.228, bed_util_des: 0.216, frac_lost: 0.100, li_recovered:  0.864
L: 0.32, u_super: 0.00001, sec: 1.853, t_ads: 10948.0, t_des: 26789.0, bed_util_ads: 0.124, bed_util_des: 0.051, frac_lost: 0.100, li_recovered:  5.208
L: 0.32, u_super: 0.00038, sec: 1638.282, t_ads: 295.0, t_des: 5392.0, bed_util_ads: 0.112, bed_util_des: 0.096, frac_lost: 0.101, li_recovered:  1.162
L: 0.30, u_super: 0.00012, sec: 89.010, t_ads: 888.0, t_des: 4949.0, bed_util_ads: 0.153, bed_util_des: 0.124, frac_lost: 0.100, li_recovered:  2.073
L: 0.32, u_super: 0.00015, sec: 352.175, t_ads: 754.0, t_des: 16324.0, bed_util_ads: 0.095, bed_util_des: 0.060, frac_lost: 0.100, li_recovered:  2.485
L: 0.30, u_super: 0.00001, sec: 1.846, t_ads: 7565.0, t_des: 7738.0, bed_util_ads: 0.137, bed_util_des: 0.108, frac_lost: 0.100, li_recovered:  2.079
L: 0.30, u_super: 0.00001, sec: 1.541, t_ads: 9906.0, t_des: 18737.0, bed_util_ads: 0.128, bed_util_des: 0.066, frac_lost: 0.100, li_recovered:  4.414
L: 0.31, u_super: 0.00001, sec: 1.626, t_ads: 8691.0, t_des: 10758.0, bed_util_ads: 0.133, bed_util_des: 0.094, frac_lost: 0.100, li_recovered:  2.787
L: 0.31, u_super: 0.00007, sec: 31.533, t_ads: 1342.0, t_des: 3028.0, bed_util_ads: 0.190, bed_util_des: 0.166, frac_lost: 0.100, li_recovered:  1.714
L: 0.40, u_super: 0.00020, sec: 473.859, t_ads: 696.0, t_des: 10169.0, bed_util_ads: 0.111, bed_util_des: 0.080, frac_lost: 0.100, li_recovered:  2.218
L: 0.35, u_super: 0.00001, sec: 1.725, t_ads: 10410.0, t_des: 14665.0, bed_util_ads: 0.129, bed_util_des: 0.081, frac_lost: 0.100, li_recovered:  3.434
L: 0.32, u_super: 0.00001, sec: 1.963, t_ads: 8019.0, t_des: 8029.0, bed_util_ads: 0.135, bed_util_des: 0.106, frac_lost: 0.100, li_recovered:  2.079
L: 0.31, u_super: 0.00032, sec: 563.354, t_ads: 312.0, t_des: 691.0, bed_util_ads: 0.251, bed_util_des: 0.245, frac_lost: 0.101, li_recovered:  0.435
L: 0.30, u_super: 0.00017, sec: 227.398, t_ads: 625.0, t_des: 5800.0, bed_util_ads: 0.134, bed_util_des: 0.108, frac_lost: 0.100, li_recovered:  1.855
L: 0.30, u_super: 0.00001, sec: 1.996, t_ads: 7242.0, t_des: 6914.0, bed_util_ads: 0.139, bed_util_des: 0.113, frac_lost: 0.100, li_recovered:  1.861
L: 0.32, u_super: 0.00017, sec: 184.700, t_ads: 664.0, t_des: 4352.0, bed_util_ads: 0.151, bed_util_des: 0.127, frac_lost: 0.100, li_recovered:  1.756
L: 0.32, u_super: 0.00003, sec: 7.257, t_ads: 3778.0, t_des: 11033.0, bed_util_ads: 0.139, bed_util_des: 0.086, frac_lost: 0.100, li_recovered:  3.812
L: 0.33, u_super: 0.00001, sec: 2.234, t_ads: 7695.0, t_des: 5914.0, bed_util_ads: 0.136, bed_util_des: 0.115, frac_lost: 0.100, li_recovered:  1.438
L: 0.33, u_super: 0.00044, sec: 3565.657, t_ads: 266.0, t_des: 9022.0, bed_util_ads: 0.088, bed_util_des: 0.071, frac_lost: 0.101, li_recovered:  1.172
L: 0.33, u_super: 0.00001, sec: 1.948, t_ads: 12082.0, t_des: 35064.0, bed_util_ads: 0.121, bed_util_des: 0.041, frac_lost: 0.100, li_recovered:  5.668
L: 0.80, u_super: 0.00012, sec: 178.889, t_ads: 2414.0, t_des: 19510.0, bed_util_ads: 0.115, bed_util_des: 0.058, frac_lost: 0.100, li_recovered:  4.116
L: 0.46, u_super: 0.00019, sec: 200.637, t_ads: 761.0, t_des: 1755.0, bed_util_ads: 0.214, bed_util_des: 0.199, frac_lost: 0.100, li_recovered:  1.084
L: 0.31, u_super: 0.00017, sec: 150.720, t_ads: 593.0, t_des: 1348.0, bed_util_ads: 0.226, bed_util_des: 0.214, frac_lost: 0.100, li_recovered:  0.846
L: 0.30, u_super: 0.00002, sec: 5.861, t_ads: 4278.0, t_des: 12897.0, bed_util_ads: 0.135, bed_util_des: 0.078, frac_lost: 0.100, li_recovered:  4.085
L: 0.33, u_super: 0.00007, sec: 70.154, t_ads: 1670.0, t_des: 20407.0, bed_util_ads: 0.107, bed_util_des: 0.055, frac_lost: 0.100, li_recovered:  3.683
L: 0.31, u_super: 0.00044, sec: 987.811, t_ads: 238.0, t_des: 1020.0, bed_util_ads: 0.204, bed_util_des: 0.196, frac_lost: 0.101, li_recovered:  0.584
L: 0.30, u_super: 0.00001, sec: inf, t_ads: 2682.0, t_des: 0.0, bed_util_ads: 0.186, bed_util_des: 0.186, frac_lost: 0.100, li_recovered:  0.000
L: 0.33, u_super: 0.00001, sec: 1.863, t_ads: 11898.0, t_des: 31450.0, bed_util_ads: 0.122, bed_util_des: 0.045, frac_lost: 0.100, li_recovered:  5.480
L: 0.31, u_super: 0.00007, sec: 31.844, t_ads: 1319.0, t_des: 3224.0, bed_util_ads: 0.186, bed_util_des: 0.161, frac_lost: 0.100, li_recovered:  1.807
L: 0.30, u_super: 0.00023, sec: 283.395, t_ads: 454.0, t_des: 2259.0, bed_util_ads: 0.178, bed_util_des: 0.162, frac_lost: 0.100, li_recovered:  1.145
L: 0.30, u_super: 0.00001, sec: 2.388, t_ads: 11439.0, t_des: 49497.0, bed_util_ads: 0.116, bed_util_des: 0.030, frac_lost: 0.100, li_recovered:  6.104
L: 0.32, u_super: 0.00001, sec: 1.590, t_ads: 10605.0, t_des: 19674.0, bed_util_ads: 0.127, bed_util_des: 0.065, frac_lost: 0.100, li_recovered:  4.446
L: 0.32, u_super: 0.00033, sec: 1319.420, t_ads: 338.0, t_des: 6497.0, bed_util_ads: 0.108, bed_util_des: 0.090, frac_lost: 0.100, li_recovered:  1.315
L: 0.30, u_super: 0.00015, sec: 142.722, t_ads: 668.0, t_des: 3579.0, bed_util_ads: 0.163, bed_util_des: 0.140, frac_lost: 0.100, li_recovered:  1.639
L: 0.54, u_super: 0.00001, sec: inf, t_ads: 5438.0, t_des: 0.0, bed_util_ads: 0.133, bed_util_des: 0.133, frac_lost: 0.100, li_recovered:  0.000
L: 0.32, u_super: 0.00001, sec: 1.641, t_ads: 10136.0, t_des: 16931.0, bed_util_ads: 0.129, bed_util_des: 0.072, frac_lost: 0.100, li_recovered:  4.033
L: 0.35, u_super: 0.00001, sec: 2.213, t_ads: 8469.0, t_des: 6822.0, bed_util_ads: 0.132, bed_util_des: 0.110, frac_lost: 0.100, li_recovered:  1.607
L: 0.32, u_super: 0.00010, sec: 58.063, t_ads: 1013.0, t_des: 1881.0, bed_util_ads: 0.216, bed_util_des: 0.201, frac_lost: 0.100, li_recovered:  1.101
L: 0.34, u_super: 0.00034, sec: 1377.963, t_ads: 354.0, t_des: 6835.0, bed_util_ads: 0.108, bed_util_des: 0.088, frac_lost: 0.100, li_recovered:  1.368
    10 |      400 |  1.702766E+02 |  1.5409015417
L: 0.30, u_super: 0.00009, sec: 82.944, t_ads: 1145.0, t_des: 10754.0, bed_util_ads: 0.122, bed_util_des: 0.082, frac_lost: 0.100, li_recovered:  2.850
L: 0.30, u_super: 0.00005, sec: 65.382, t_ads: 2113.0, t_des: 41612.0, bed_util_ads: 0.093, bed_util_des: 0.033, frac_lost: 0.100, li_recovered:  4.302
L: 0.38, u_super: 0.00001, sec: 1.899, t_ads: 11610.0, t_des: 19025.0, bed_util_ads: 0.126, bed_util_des: 0.069, frac_lost: 0.100, li_recovered:  4.127
L: 0.32, u_super: 0.00001, sec: inf, t_ads: 1623.0, t_des: 0.0, bed_util_ads: 0.236, bed_util_des: 0.236, frac_lost: 0.100, li_recovered:  0.000
L: 0.53, u_super: 0.00001, sec: inf, t_ads: 8738.0, t_des: 0.0, bed_util_ads: 0.120, bed_util_des: 0.120, frac_lost: 0.100, li_recovered:  0.000
L: 0.30, u_super: 0.00001, sec: 1.675, t_ads: 9818.0, t_des: 21075.0, bed_util_ads: 0.127, bed_util_des: 0.060, frac_lost: 0.100, li_recovered:  4.750
L: 0.31, u_super: 0.00001, sec: 1.880, t_ads: 7652.0, t_des: 7698.0, bed_util_ads: 0.137, bed_util_des: 0.108, frac_lost: 0.100, li_recovered:  2.047
L: 0.30, u_super: 0.00001, sec: 1.539, t_ads: 9078.0, t_des: 13564.0, bed_util_ads: 0.132, bed_util_des: 0.083, frac_lost: 0.100, li_recovered:  3.492
L: 0.30, u_super: 0.00001, sec: 1.590, t_ads: 8533.0, t_des: 10747.0, bed_util_ads: 0.134, bed_util_des: 0.094, frac_lost: 0.100, li_recovered:  2.825
L: 0.30, u_super: 0.00007, sec: 31.199, t_ads: 1300.0, t_des: 3009.0, bed_util_ads: 0.190, bed_util_des: 0.166, frac_lost: 0.100, li_recovered:  1.708
L: 0.40, u_super: 0.00020, sec: 447.879, t_ads: 695.0, t_des: 9430.0, bed_util_ads: 0.114, bed_util_des: 0.084, frac_lost: 0.100, li_recovered:  2.186
L: 0.31, u_super: 0.00001, sec: 1.567, t_ads: 9461.0, t_des: 14284.0, bed_util_ads: 0.131, bed_util_des: 0.081, frac_lost: 0.100, li_recovered:  3.580
L: 0.30, u_super: 0.00001, sec: 1.798, t_ads: 7830.0, t_des: 8688.0, bed_util_ads: 0.136, bed_util_des: 0.104, frac_lost: 0.100, li_recovered:  2.336
L: 0.33, u_super: 0.00008, sec: 53.267, t_ads: 1169.0, t_des: 1708.0, bed_util_ads: 0.224, bed_util_des: 0.212, frac_lost: 0.100, li_recovered:  0.853
L: 0.30, u_super: 0.00007, sec: 114.067, t_ads: 1697.0, t_des: 44332.0, bed_util_ads: 0.087, bed_util_des: 0.031, frac_lost: 0.100, li_recovered:  3.995
L: 0.30, u_super: 0.00001, sec: 1.907, t_ads: 7525.0, t_des: 6751.0, bed_util_ads: 0.137, bed_util_des: 0.113, frac_lost: 0.100, li_recovered:  1.744
L: 0.32, u_super: 0.00007, sec: 31.392, t_ads: 1527.0, t_des: 5267.0, bed_util_ads: 0.161, bed_util_des: 0.127, frac_lost: 0.100, li_recovered:  2.479
L: 0.32, u_super: 0.00004, sec: 13.753, t_ads: 2722.0, t_des: 10807.0, bed_util_ads: 0.137, bed_util_des: 0.086, frac_lost: 0.100, li_recovered:  3.667
L: 0.31, u_super: 0.00001, sec: 2.072, t_ads: 7492.0, t_des: 6121.0, bed_util_ads: 0.137, bed_util_des: 0.115, frac_lost: 0.100, li_recovered:  1.534
L: 0.33, u_super: 0.00044, sec: 4392.015, t_ads: 266.0, t_des: 11497.0, bed_util_ads: 0.079, bed_util_des: 0.062, frac_lost: 0.101, li_recovered:  1.205
L: 0.30, u_super: 0.00001, sec: 1.879, t_ads: 11038.0, t_des: 34302.0, bed_util_ads: 0.120, bed_util_des: 0.041, frac_lost: 0.100, li_recovered:  5.652
L: 0.80, u_super: 0.00001, sec: inf, t_ads: 8537.0, t_des: 0.0, bed_util_ads: 0.109, bed_util_des: 0.109, frac_lost: 0.100, li_recovered:  0.000
L: 0.46, u_super: 0.00019, sec: 464.190, t_ads: 843.0, t_des: 12856.0, bed_util_ads: 0.107, bed_util_des: 0.071, frac_lost: 0.100, li_recovered:  2.550
L: 0.32, u_super: 0.00008, sec: 114.674, t_ads: 1369.0, t_des: 23039.0, bed_util_ads: 0.099, bed_util_des: 0.050, frac_lost: 0.100, li_recovered:  3.460
L: 0.31, u_super: 0.00002, sec: 5.478, t_ads: 4213.0, t_des: 10126.0, bed_util_ads: 0.142, bed_util_des: 0.091, frac_lost: 0.100, li_recovered:  3.648
L: 0.33, u_super: 0.00001, sec: 1.685, t_ads: 11446.0, t_des: 24640.0, bed_util_ads: 0.125, bed_util_des: 0.055, frac_lost: 0.100, li_recovered:  4.971
L: 0.60, u_super: 0.00001, sec: inf, t_ads: 3453.0, t_des: 0.0, bed_util_ads: 0.157, bed_util_des: 0.157, frac_lost: 0.100, li_recovered:  0.000
L: 0.36, u_super: 0.00039, sec: 11281.688, t_ads: 327.0, t_des: 50829.0, bed_util_ads: 0.047, bed_util_des: 0.025, frac_lost: 0.101, li_recovered:  1.577
L: 0.33, u_super: 0.00001, sec: 1.803, t_ads: 8829.0, t_des: 9642.0, bed_util_ads: 0.133, bed_util_des: 0.099, frac_lost: 0.100, li_recovered:  2.413
L: 0.31, u_super: 0.00001, sec: inf, t_ads: 4715.0, t_des: 0.0, bed_util_ads: 0.154, bed_util_des: 0.154, frac_lost: 0.100, li_recovered:  0.000
L: 0.30, u_super: 0.00005, sec: 15.512, t_ads: 1932.0, t_des: 3358.0, bed_util_ads: 0.186, bed_util_des: 0.162, frac_lost: 0.100, li_recovered:  1.742
L: 0.30, u_super: 0.00004, sec: 23.783, t_ads: 2716.0, t_des: 24265.0, bed_util_ads: 0.111, bed_util_des: 0.049, frac_lost: 0.100, li_recovered:  4.395
L: 0.32, u_super: 0.00001, sec: 1.586, t_ads: 9824.0, t_des: 14879.0, bed_util_ads: 0.130, bed_util_des: 0.079, frac_lost: 0.100, li_recovered:  3.636
L: 0.32, u_super: 0.00033, sec: 546.160, t_ads: 318.0, t_des: 847.0, bed_util_ads: 0.235, bed_util_des: 0.227, frac_lost: 0.100, li_recovered:  0.541
L: 0.43, u_super: 0.00013, sec: 253.193, t_ads: 1168.0, t_des: 18514.0, bed_util_ads: 0.102, bed_util_des: 0.058, frac_lost: 0.100, li_recovered:  3.143
L: 0.30, u_super: 0.00007, sec: 29.150, t_ads: 1357.0, t_des: 3332.0, bed_util_ads: 0.185, bed_util_des: 0.159, frac_lost: 0.100, li_recovered:  1.852
L: 0.44, u_super: 0.00001, sec: 2.093, t_ads: 13088.0, t_des: 18492.0, bed_util_ads: 0.124, bed_util_des: 0.072, frac_lost: 0.100, li_recovered:  3.688
L: 0.35, u_super: 0.00001, sec: 2.212, t_ads: 8472.0, t_des: 6820.0, bed_util_ads: 0.132, bed_util_des: 0.110, frac_lost: 0.100, li_recovered:  1.606
L: 0.32, u_super: 0.00001, sec: inf, t_ads: 3240.0, t_des: 0.0, bed_util_ads: 0.171, bed_util_des: 0.171, frac_lost: 0.100, li_recovered:  0.000
L: 0.30, u_super: 0.00034, sec: 1454.628, t_ads: 316.0, t_des: 6675.0, bed_util_ads: 0.105, bed_util_des: 0.087, frac_lost: 0.100, li_recovered:  1.261
    11 |      440 |  1.515088E+02 |  1.5394160748
L: 0.30, u_super: 0.00001, sec: inf, t_ads: 3367.0, t_des: 0.0, bed_util_ads: 0.170, bed_util_des: 0.170, frac_lost: 0.100, li_recovered:  0.000
L: 0.30, u_super: 0.00005, sec: 37.523, t_ads: 2077.0, t_des: 21187.0, bed_util_ads: 0.110, bed_util_des: 0.054, frac_lost: 0.100, li_recovered:  3.988
L: 0.32, u_super: 0.00017, sec: 420.703, t_ads: 661.0, t_des: 12927.0, bed_util_ads: 0.100, bed_util_des: 0.069, frac_lost: 0.100, li_recovered:  2.239
L: 0.32, u_super: 0.00038, sec: 2043.599, t_ads: 295.0, t_des: 7124.0, bed_util_ads: 0.100, bed_util_des: 0.083, frac_lost: 0.100, li_recovered:  1.215
L: 0.53, u_super: 0.00012, sec: 278.993, t_ads: 1657.0, t_des: 32438.0, bed_util_ads: 0.094, bed_util_des: 0.039, frac_lost: 0.100, li_recovered:  3.864
L: 0.30, u_super: 0.00001, sec: 1.855, t_ads: 9216.0, t_des: 20715.0, bed_util_ads: 0.127, bed_util_des: 0.060, frac_lost: 0.100, li_recovered:  4.771
L: 0.30, u_super: 0.00004, sec: 11.932, t_ads: 2483.0, t_des: 7345.0, bed_util_ads: 0.152, bed_util_des: 0.108, frac_lost: 0.100, li_recovered:  3.093
L: 0.30, u_super: 0.00017, sec: 324.074, t_ads: 622.0, t_des: 9282.0, bed_util_ads: 0.112, bed_util_des: 0.083, frac_lost: 0.100, li_recovered:  2.050
L: 0.30, u_super: 0.00001, sec: 1.604, t_ads: 8483.0, t_des: 10744.0, bed_util_ads: 0.134, bed_util_des: 0.094, frac_lost: 0.100, li_recovered:  2.837
L: 0.30, u_super: 0.00007, sec: 88.340, t_ads: 1487.0, t_des: 24201.0, bed_util_ads: 0.099, bed_util_des: 0.049, frac_lost: 0.100, li_recovered:  3.596
L: 0.40, u_super: 0.00020, sec: 712.508, t_ads: 702.0, t_des: 16983.0, bed_util_ads: 0.092, bed_util_des: 0.058, frac_lost: 0.100, li_recovered:  2.401
L: 0.30, u_super: 0.00014, sec: 223.570, t_ads: 752.0, t_des: 10178.0, bed_util_ads: 0.113, bed_util_des: 0.081, frac_lost: 0.100, li_recovered:  2.312
L: 0.30, u_super: 0.00001, sec: 1.608, t_ads: 9133.0, t_des: 14724.0, bed_util_ads: 0.131, bed_util_des: 0.078, frac_lost: 0.100, li_recovered:  3.773
L: 0.54, u_super: 0.00008, sec: 115.640, t_ads: 1702.0, t_des: 1575.0, bed_util_ads: 0.218, bed_util_des: 0.212, frac_lost: 0.100, li_recovered:  0.448
L: 0.30, u_super: 0.00007, sec: 25.868, t_ads: 1502.0, t_des: 4191.0, bed_util_ads: 0.173, bed_util_des: 0.143, frac_lost: 0.100, li_recovered:  2.179
L: 0.30, u_super: 0.00001, sec: 1.893, t_ads: 7498.0, t_des: 6768.0, bed_util_ads: 0.137, bed_util_des: 0.113, frac_lost: 0.100, li_recovered:  1.755
L: 0.32, u_super: 0.00007, sec: 26.286, t_ads: 1600.0, t_des: 4373.0, bed_util_ads: 0.172, bed_util_des: 0.140, frac_lost: 0.100, li_recovered:  2.247
L: 0.42, u_super: 0.00001, sec: inf, t_ads: 5421.0, t_des: 0.0, bed_util_ads: 0.144, bed_util_des: 0.144, frac_lost: 0.100, li_recovered:  0.000
L: 0.30, u_super: 0.00001, sec: 1.976, t_ads: 7336.0, t_des: 6259.0, bed_util_ads: 0.138, bed_util_des: 0.115, frac_lost: 0.100, li_recovered:  1.607
L: 0.33, u_super: 0.00044, sec: 3695.705, t_ads: 266.0, t_des: 9410.0, bed_util_ads: 0.086, bed_util_des: 0.070, frac_lost: 0.101, li_recovered:  1.178
L: 0.30, u_super: 0.00001, sec: 1.879, t_ads: 11030.0, t_des: 34294.0, bed_util_ads: 0.120, bed_util_des: 0.041, frac_lost: 0.100, li_recovered:  5.651
L: 0.80, u_super: 0.00001, sec: inf, t_ads: 8547.0, t_des: 0.0, bed_util_ads: 0.108, bed_util_des: 0.108, frac_lost: 0.100, li_recovered:  0.000
L: 0.31, u_super: 0.00003, sec: inf, t_ads: 2569.0, t_des: 0.0, bed_util_ads: 0.197, bed_util_des: 0.197, frac_lost: 0.100, li_recovered:  0.000
L: 0.32, u_super: 0.00001, sec: inf, t_ads: 2831.0, t_des: 0.0, bed_util_ads: 0.181, bed_util_des: 0.181, frac_lost: 0.100, li_recovered:  0.000
L: 0.32, u_super: 0.00004, sec: 14.499, t_ads: 2576.0, t_des: 9782.0, bed_util_ads: 0.140, bed_util_des: 0.091, frac_lost: 0.100, li_recovered:  3.510
L: 0.36, u_super: 0.00003, sec: 14.627, t_ads: 3785.0, t_des: 21101.0, bed_util_ads: 0.120, bed_util_des: 0.055, frac_lost: 0.100, li_recovered:  4.627
L: 0.30, u_super: 0.00001, sec: inf, t_ads: 3379.0, t_des: 0.0, bed_util_ads: 0.169, bed_util_des: 0.169, frac_lost: 0.100, li_recovered:  0.000
L: 0.30, u_super: 0.00039, sec: 1199.136, t_ads: 255.0, t_des: 404.0, bed_util_ads: 0.287, bed_util_des: 0.285, frac_lost: 0.100, li_recovered:  0.191
L: 0.30, u_super: 0.00001, sec: 1.646, t_ads: 8252.0, t_des: 9733.0, bed_util_ads: 0.135, bed_util_des: 0.099, frac_lost: 0.100, li_recovered:  2.574
L: 0.30, u_super: 0.00006, sec: 23.797, t_ads: 1508.0, t_des: 3297.0, bed_util_ads: 0.186, bed_util_des: 0.161, frac_lost: 0.100, li_recovered:  1.823
L: 0.30, u_super: 0.00005, sec: 15.438, t_ads: 1918.0, t_des: 3354.0, bed_util_ads: 0.186, bed_util_des: 0.162, frac_lost: 0.100, li_recovered:  1.744
L: 0.30, u_super: 0.00001, sec: inf, t_ads: 4557.0, t_des: 0.0, bed_util_ads: 0.153, bed_util_des: 0.153, frac_lost: 0.100, li_recovered:  0.000
L: 0.32, u_super: 0.00001, sec: 1.600, t_ads: 9767.0, t_des: 14854.0, bed_util_ads: 0.130, bed_util_des: 0.079, frac_lost: 0.100, li_recovered:  3.645
L: 0.32, u_super: 0.00004, sec: inf, t_ads: 1809.0, t_des: 0.0, bed_util_ads: 0.224, bed_util_des: 0.224, frac_lost: 0.100, li_recovered:  0.000
L: 0.43, u_super: 0.00001, sec: inf, t_ads: 6717.0, t_des: 0.0, bed_util_ads: 0.131, bed_util_des: 0.131, frac_lost: 0.100, li_recovered:  0.000
L: 0.30, u_super: 0.00001, sec: inf, t_ads: 4549.0, t_des: 0.0, bed_util_ads: 0.159, bed_util_des: 0.159, frac_lost: 0.100, li_recovered:  0.000
L: 0.30, u_super: 0.00001, sec: 1.524, t_ads: 9607.0, t_des: 16617.0, bed_util_ads: 0.130, bed_util_des: 0.072, frac_lost: 0.100, li_recovered:  4.087
L: 0.35, u_super: 0.00001, sec: 3.540, t_ads: 7408.0, t_des: 3593.0, bed_util_ads: 0.135, bed_util_des: 0.125, frac_lost: 0.100, li_recovered:  0.722
L: 0.30, u_super: 0.00010, sec: 56.358, t_ads: 955.0, t_des: 1850.0, bed_util_ads: 0.216, bed_util_des: 0.201, frac_lost: 0.100, li_recovered:  1.099
L: 0.30, u_super: 0.00001, sec: inf, t_ads: 2244.0, t_des: 0.0, bed_util_ads: 0.201, bed_util_des: 0.201, frac_lost: 0.100, li_recovered:  0.000
    12 |      480 |  1.511879E+02 |  1.5239179134
L: 0.30, u_super: 0.00009, sec: 126.794, t_ads: 1164.0, t_des: 18938.0, bed_util_ads: 0.101, bed_util_des: 0.057, frac_lost: 0.100, li_recovered:  3.149
L: 0.30, u_super: 0.00002, sec: 5.125, t_ads: 5507.0, t_des: 22037.0, bed_util_ads: 0.123, bed_util_des: 0.054, frac_lost: 0.100, li_recovered:  4.923
L: 0.30, u_super: 0.00001, sec: 1.688, t_ads: 8144.0, t_des: 10343.0, bed_util_ads: 0.135, bed_util_des: 0.096, frac_lost: 0.100, li_recovered:  2.801
L: 0.32, u_super: 0.00012, sec: inf, t_ads: 763.0, t_des: 0.0, bed_util_ads: 0.278, bed_util_des: 0.278, frac_lost: 0.100, li_recovered:  0.000
L: 0.53, u_super: 0.00012, sec: 139.644, t_ads: 1614.0, t_des: 13375.0, bed_util_ads: 0.121, bed_util_des: 0.073, frac_lost: 0.100, li_recovered:  3.394
L: 0.30, u_super: 0.00001, sec: 1.610, t_ads: 9324.0, t_des: 16723.0, bed_util_ads: 0.130, bed_util_des: 0.071, frac_lost: 0.100, li_recovered:  4.167
L: 0.30, u_super: 0.00001, sec: 1.579, t_ads: 9324.0, t_des: 16017.0, bed_util_ads: 0.130, bed_util_des: 0.074, frac_lost: 0.100, li_recovered:  4.024
L: 0.30, u_super: 0.00001, sec: 1.690, t_ads: 8104.0, t_des: 9691.0, bed_util_ads: 0.135, bed_util_des: 0.099, frac_lost: 0.100, li_recovered:  2.599
L: 0.35, u_super: 0.00001, sec: 1.852, t_ads: 9611.0, t_des: 10721.0, bed_util_ads: 0.130, bed_util_des: 0.094, frac_lost: 0.100, li_recovered:  2.558
L: 0.30, u_super: 0.00001, sec: inf, t_ads: 4468.0, t_des: 0.0, bed_util_ads: 0.157, bed_util_des: 0.157, frac_lost: 0.100, li_recovered:  0.000
L: 0.30, u_super: 0.00020, sec: 214.870, t_ads: 494.0, t_des: 1916.0, bed_util_ads: 0.193, bed_util_des: 0.178, frac_lost: 0.100, li_recovered:  1.085
L: 0.36, u_super: 0.00001, sec: 1.753, t_ads: 10568.0, t_des: 14718.0, bed_util_ads: 0.128, bed_util_des: 0.081, frac_lost: 0.100, li_recovered:  3.409
L: 0.30, u_super: 0.00001, sec: 1.794, t_ads: 7846.0, t_des: 8751.0, bed_util_ads: 0.136, bed_util_des: 0.103, frac_lost: 0.100, li_recovered:  2.353
L: 0.33, u_super: 0.00008, sec: 136.711, t_ads: 1453.0, t_des: 30058.0, bed_util_ads: 0.092, bed_util_des: 0.042, frac_lost: 0.100, li_recovered:  3.641
L: 0.30, u_super: 0.00001, sec: inf, t_ads: 3646.0, t_des: 0.0, bed_util_ads: 0.165, bed_util_des: 0.165, frac_lost: 0.100, li_recovered:  0.000
L: 0.30, u_super: 0.00001, sec: 1.908, t_ads: 7528.0, t_des: 6751.0, bed_util_ads: 0.137, bed_util_des: 0.113, frac_lost: 0.100, li_recovered:  1.743
L: 0.30, u_super: 0.00007, sec: 25.922, t_ads: 1497.0, t_des: 4330.0, bed_util_ads: 0.171, bed_util_des: 0.140, frac_lost: 0.100, li_recovered:  2.222
L: 0.32, u_super: 0.00003, sec: 7.339, t_ads: 3756.0, t_des: 11030.0, bed_util_ads: 0.139, bed_util_des: 0.086, frac_lost: 0.100, li_recovered:  3.812
L: 0.30, u_super: 0.00022, sec: 399.344, t_ads: 464.0, t_des: 4588.0, bed_util_ads: 0.136, bed_util_des: 0.115, frac_lost: 0.100, li_recovered:  1.485
L: 0.33, u_super: 0.00010, sec: 133.059, t_ads: 931.0, t_des: 1078.0, bed_util_ads: 0.252, bed_util_des: 0.247, frac_lost: 0.100, li_recovered:  0.359
L: 0.30, u_super: 0.00010, sec: 232.729, t_ads: 1064.0, t_des: 29718.0, bed_util_ads: 0.086, bed_util_des: 0.041, frac_lost: 0.100, li_recovered:  3.164
L: 0.80, u_super: 0.00001, sec: inf, t_ads: 8546.0, t_des: 0.0, bed_util_ads: 0.108, bed_util_des: 0.108, frac_lost: 0.100, li_recovered:  0.000
L: 0.46, u_super: 0.00019, sec: 905.862, t_ads: 854.0, t_des: 28735.0, bed_util_ads: 0.081, bed_util_des: 0.042, frac_lost: 0.100, li_recovered:  2.823
L: 0.32, u_super: 0.00019, sec: 196.700, t_ads: 531.0, t_des: 1284.0, bed_util_ads: 0.225, bed_util_des: 0.214, frac_lost: 0.100, li_recovered:  0.812
L: 0.30, u_super: 0.00002, sec: 5.364, t_ads: 4083.0, t_des: 9481.0, bed_util_ads: 0.144, bed_util_des: 0.095, frac_lost: 0.100, li_recovered:  3.525
L: 0.33, u_super: 0.00001, sec: 2.611, t_ads: 12687.0, t_des: 58056.0, bed_util_ads: 0.115, bed_util_des: 0.027, frac_lost: 0.100, li_recovered:  6.289
L: 0.54, u_super: 0.00044, sec: 1911.658, t_ads: 423.0, t_des: 5749.0, bed_util_ads: 0.121, bed_util_des: 0.101, frac_lost: 0.100, li_recovered:  1.482
L: 0.31, u_super: 0.00039, sec: 731.037, t_ads: 271.0, t_des: 836.0, bed_util_ads: 0.227, bed_util_des: 0.219, frac_lost: 0.100, li_recovered:  0.527
L: 0.30, u_super: 0.00001, sec: 1.651, t_ads: 8273.0, t_des: 9731.0, bed_util_ads: 0.135, bed_util_des: 0.099, frac_lost: 0.100, li_recovered:  2.568
L: 0.30, u_super: 0.00006, sec: 23.787, t_ads: 1506.0, t_des: 3296.0, bed_util_ads: 0.186, bed_util_des: 0.161, frac_lost: 0.100, li_recovered:  1.822
L: 0.30, u_super: 0.00005, sec: 40.266, t_ads: 2352.0, t_des: 31993.0, bed_util_ads: 0.101, bed_util_des: 0.040, frac_lost: 0.100, li_recovered:  4.356
L: 0.30, u_super: 0.00004, sec: 11.973, t_ads: 2272.0, t_des: 4923.0, bed_util_ads: 0.168, bed_util_des: 0.135, frac_lost: 0.100, li_recovered:  2.412
L: 0.32, u_super: 0.00001, sec: 1.937, t_ads: 11767.0, t_des: 35440.0, bed_util_ads: 0.120, bed_util_des: 0.041, frac_lost: 0.100, li_recovered:  5.692
L: 0.32, u_super: 0.00033, sec: 2544.039, t_ads: 340.0, t_des: 14436.0, bed_util_ads: 0.078, bed_util_des: 0.057, frac_lost: 0.100, li_recovered:  1.474
L: 0.43, u_super: 0.00001, sec: inf, t_ads: 6718.0, t_des: 0.0, bed_util_ads: 0.131, bed_util_des: 0.131, frac_lost: 0.100, li_recovered:  0.000
L: 0.31, u_super: 0.00007, sec: 29.546, t_ads: 1415.0, t_des: 3355.0, bed_util_ads: 0.185, bed_util_des: 0.159, frac_lost: 0.100, li_recovered:  1.859
L: 0.30, u_super: 0.00001, sec: 1.642, t_ads: 10616.0, t_des: 25502.0, bed_util_ads: 0.124, bed_util_des: 0.053, frac_lost: 0.100, li_recovered:  5.125
L: 0.30, u_super: 0.00001, sec: 1.811, t_ads: 7673.0, t_des: 7366.0, bed_util_ads: 0.137, bed_util_des: 0.110, frac_lost: 0.100, li_recovered:  1.929
L: 0.31, u_super: 0.00010, sec: 56.951, t_ads: 979.0, t_des: 1865.0, bed_util_ads: 0.216, bed_util_des: 0.201, frac_lost: 0.100, li_recovered:  1.103
L: 0.30, u_super: 0.00034, sec: 583.178, t_ads: 297.0, t_des: 713.0, bed_util_ads: 0.245, bed_util_des: 0.239, frac_lost: 0.100, li_recovered:  0.454
    13 |      520 |  1.284336E+02 |  1.5239179134
L: 0.30, u_super: 0.00009, sec: 50.609, t_ads: 1005.0, t_des: 1969.0, bed_util_ads: 0.213, bed_util_des: 0.196, frac_lost: 0.100, li_recovered:  1.167
L: 0.37, u_super: 0.00002, sec: 5.309, t_ads: 4942.0, t_des: 5409.0, bed_util_ads: 0.154, bed_util_des: 0.129, frac_lost: 0.100, li_recovered:  1.786
L: 0.30, u_super: 0.00006, sec: 31.444, t_ads: 1636.0, t_des: 8654.0, bed_util_ads: 0.139, bed_util_des: 0.096, frac_lost: 0.100, li_recovered:  3.057
L: 0.31, u_super: 0.00038, sec: 1046.591, t_ads: 267.0, t_des: 444.0, bed_util_ads: 0.281, bed_util_des: 0.278, frac_lost: 0.101, li_recovered:  0.227
L: 0.53, u_super: 0.00001, sec: inf, t_ads: 8748.0, t_des: 0.0, bed_util_ads: 0.120, bed_util_des: 0.120, frac_lost: 0.100, li_recovered:  0.000
L: 0.31, u_super: 0.00001, sec: 1.627, t_ads: 9453.0, t_des: 16796.0, bed_util_ads: 0.130, bed_util_des: 0.071, frac_lost: 0.100, li_recovered:  4.155
L: 0.30, u_super: 0.00002, sec: 3.639, t_ads: 5608.0, t_des: 14324.0, bed_util_ads: 0.133, bed_util_des: 0.074, frac_lost: 0.100, li_recovered:  4.260
L: 0.30, u_super: 0.00001, sec: 1.537, t_ads: 9064.0, t_des: 13560.0, bed_util_ads: 0.132, bed_util_des: 0.083, frac_lost: 0.100, li_recovered:  3.495
L: 0.30, u_super: 0.00001, sec: 1.606, t_ads: 8477.0, t_des: 10742.0, bed_util_ads: 0.134, bed_util_des: 0.094, frac_lost: 0.100, li_recovered:  2.838
L: 0.35, u_super: 0.00007, sec: 55.784, t_ads: 1703.0, t_des: 14035.0, bed_util_ads: 0.120, bed_util_des: 0.071, frac_lost: 0.100, li_recovered:  3.489
L: 0.30, u_super: 0.00020, sec: 675.522, t_ads: 520.0, t_des: 13037.0, bed_util_ads: 0.093, bed_util_des: 0.066, frac_lost: 0.100, li_recovered:  1.941
L: 0.30, u_super: 0.00001, sec: 2.612, t_ads: 6760.0, t_des: 4173.0, bed_util_ads: 0.140, bed_util_des: 0.126, frac_lost: 0.100, li_recovered:  0.989
L: 0.30, u_super: 0.00001, sec: 1.618, t_ads: 8921.0, t_des: 13566.0, bed_util_ads: 0.132, bed_util_des: 0.083, frac_lost: 0.100, li_recovered:  3.534
L: 0.30, u_super: 0.00008, sec: 48.933, t_ads: 1080.0, t_des: 1679.0, bed_util_ads: 0.225, bed_util_des: 0.212, frac_lost: 0.100, li_recovered:  0.891
L: 0.30, u_super: 0.00007, sec: 117.287, t_ads: 1697.0, t_des: 45703.0, bed_util_ads: 0.086, bed_util_des: 0.030, frac_lost: 0.100, li_recovered:  4.001
L: 0.30, u_super: 0.00001, sec: 1.567, t_ads: 10294.0, t_des: 21484.0, bed_util_ads: 0.126, bed_util_des: 0.060, frac_lost: 0.100, li_recovered:  4.744
L: 0.30, u_super: 0.00007, sec: 25.920, t_ads: 1498.0, t_des: 4331.0, bed_util_ads: 0.171, bed_util_des: 0.140, frac_lost: 0.100, li_recovered:  2.223
L: 0.30, u_super: 0.00001, sec: 2.004, t_ads: 7517.0, t_des: 12223.0, bed_util_ads: 0.136, bed_util_des: 0.086, frac_lost: 0.100, li_recovered:  3.549
L: 0.30, u_super: 0.00001, sec: 1.983, t_ads: 7309.0, t_des: 6278.0, bed_util_ads: 0.138, bed_util_des: 0.115, frac_lost: 0.100, li_recovered:  1.618
L: 0.33, u_super: 0.00010, sec: 271.994, t_ads: 1185.0, t_des: 37580.0, bed_util_ads: 0.082, bed_util_des: 0.035, frac_lost: 0.100, li_recovered:  3.393
L: 0.30, u_super: 0.00001, sec: 1.882, t_ads: 11078.0, t_des: 34330.0, bed_util_ads: 0.120, bed_util_des: 0.041, frac_lost: 0.100, li_recovered:  5.653
L: 0.30, u_super: 0.00012, sec: 90.788, t_ads: 856.0, t_des: 4473.0, bed_util_ads: 0.157, bed_util_des: 0.130, frac_lost: 0.100, li_recovered:  1.971
L: 0.55, u_super: 0.00024, sec: 301.247, t_ads: 746.0, t_des: 1743.0, bed_util_ads: 0.214, bed_util_des: 0.199, frac_lost: 0.100, li_recovered:  1.078
L: 0.31, u_super: 0.00008, sec: 51.945, t_ads: 1085.0, t_des: 1647.0, bed_util_ads: 0.226, bed_util_des: 0.214, frac_lost: 0.100, li_recovered:  0.855
L: 0.30, u_super: 0.00002, sec: 6.756, t_ads: 4431.0, t_des: 17569.0, bed_util_ads: 0.127, bed_util_des: 0.063, frac_lost: 0.100, li_recovered:  4.539
L: 0.33, u_super: 0.00013, sec: 302.612, t_ads: 878.0, t_des: 19186.0, bed_util_ads: 0.094, bed_util_des: 0.055, frac_lost: 0.100, li_recovered:  2.749
L: 0.57, u_super: 0.00001, sec: inf, t_ads: 3451.0, t_des: 0.0, bed_util_ads: 0.158, bed_util_des: 0.158, frac_lost: 0.100, li_recovered:  0.000
L: 0.31, u_super: 0.00039, sec: 3960.231, t_ads: 284.0, t_des: 14500.0, bed_util_ads: 0.073, bed_util_des: 0.055, frac_lost: 0.101, li_recovered:  1.298
L: 0.30, u_super: 0.00001, sec: 1.641, t_ads: 9109.0, t_des: 16070.0, bed_util_ads: 0.130, bed_util_des: 0.073, frac_lost: 0.100, li_recovered:  4.082
L: 0.30, u_super: 0.00006, sec: 43.399, t_ads: 1717.0, t_des: 15385.0, bed_util_ads: 0.117, bed_util_des: 0.067, frac_lost: 0.100, li_recovered:  3.557
L: 0.30, u_super: 0.00001, sec: inf, t_ads: 4766.0, t_des: 0.0, bed_util_ads: 0.152, bed_util_des: 0.152, frac_lost: 0.100, li_recovered:  0.000
L: 0.30, u_super: 0.00001, sec: 1.728, t_ads: 10650.0, t_des: 27487.0, bed_util_ads: 0.123, bed_util_des: 0.049, frac_lost: 0.100, li_recovered:  5.279
L: 0.30, u_super: 0.00001, sec: 1.502, t_ads: 9571.0, t_des: 15869.0, bed_util_ads: 0.130, bed_util_des: 0.075, frac_lost: 0.100, li_recovered:  3.934
L: 0.32, u_super: 0.00033, sec: 545.182, t_ads: 319.0, t_des: 850.0, bed_util_ads: 0.235, bed_util_des: 0.227, frac_lost: 0.101, li_recovered:  0.544
L: 0.30, u_super: 0.00013, sec: 103.380, t_ads: 771.0, t_des: 3748.0, bed_util_ads: 0.165, bed_util_des: 0.140, frac_lost: 0.100, li_recovered:  1.767
L: 0.30, u_super: 0.00001, sec: inf, t_ads: 4779.0, t_des: 0.0, bed_util_ads: 0.154, bed_util_des: 0.154, frac_lost: 0.100, li_recovered:  0.000
L: 0.30, u_super: 0.00001, sec: 1.579, t_ads: 8582.0, t_des: 10929.0, bed_util_ads: 0.134, bed_util_des: 0.094, frac_lost: 0.100, li_recovered:  2.869
L: 0.31, u_super: 0.00001, sec: 1.912, t_ads: 7900.0, t_des: 7250.0, bed_util_ads: 0.135, bed_util_des: 0.110, frac_lost: 0.100, li_recovered:  1.841
L: 0.30, u_super: 0.00001, sec: inf, t_ads: 3225.0, t_des: 0.0, bed_util_ads: 0.173, bed_util_des: 0.173, frac_lost: 0.100, li_recovered:  0.000
L: 0.30, u_super: 0.00034, sec: 2005.381, t_ads: 318.0, t_des: 10008.0, bed_util_ads: 0.089, bed_util_des: 0.070, frac_lost: 0.101, li_recovered:  1.350
    14 |      560 |  1.279151E+02 |  1.5024942160
L: 0.30, u_super: 0.00009, sec: 114.292, t_ads: 1157.0, t_des: 16586.0, bed_util_ads: 0.105, bed_util_des: 0.062, frac_lost: 0.100, li_recovered:  3.084
L: 0.30, u_super: 0.00002, sec: 8.080, t_ads: 5749.0, t_des: 43095.0, bed_util_ads: 0.110, bed_util_des: 0.032, frac_lost: 0.100, li_recovered:  5.537
L: 0.30, u_super: 0.00001, sec: 1.690, t_ads: 8150.0, t_des: 10342.0, bed_util_ads: 0.135, bed_util_des: 0.096, frac_lost: 0.100, li_recovered:  2.799
L: 0.30, u_super: 0.00038, sec: 1043.122, t_ads: 260.0, t_des: 435.0, bed_util_ads: 0.281, bed_util_des: 0.278, frac_lost: 0.100, li_recovered:  0.223
L: 0.53, u_super: 0.00012, sec: 605.658, t_ads: 1674.0, t_des: 76607.0, bed_util_ads: 0.077, bed_util_des: 0.020, frac_lost: 0.100, li_recovered:  4.087
L: 0.30, u_super: 0.00003, sec: 7.895, t_ads: 3778.0, t_des: 14574.0, bed_util_ads: 0.130, bed_util_des: 0.071, frac_lost: 0.100, li_recovered:  4.221
L: 0.30, u_super: 0.00001, sec: 2.867, t_ads: 6413.0, t_des: 3787.0, bed_util_ads: 0.142, bed_util_des: 0.130, frac_lost: 0.100, li_recovered:  0.892
L: 0.30, u_super: 0.00008, sec: 52.818, t_ads: 1391.0, t_des: 10784.0, bed_util_ads: 0.126, bed_util_des: 0.083, frac_lost: 0.100, li_recovered:  3.074
L: 0.30, u_super: 0.00001, sec: 1.586, t_ads: 8549.0, t_des: 10748.0, bed_util_ads: 0.134, bed_util_des: 0.094, frac_lost: 0.100, li_recovered:  2.821
L: 0.30, u_super: 0.00017, sec: 154.183, t_ads: 593.0, t_des: 2401.0, bed_util_ads: 0.184, bed_util_des: 0.166, frac_lost: 0.100, li_recovered:  1.305
L: 0.30, u_super: 0.00001, sec: inf, t_ads: 4093.0, t_des: 0.0, bed_util_ads: 0.158, bed_util_des: 0.158, frac_lost: 0.100, li_recovered:  0.000
L: 0.30, u_super: 0.00001, sec: 1.525, t_ads: 9393.0, t_des: 14255.0, bed_util_ads: 0.131, bed_util_des: 0.081, frac_lost: 0.100, li_recovered:  3.590
L: 0.30, u_super: 0.00001, sec: 1.838, t_ads: 10466.0, t_des: 28015.0, bed_util_ads: 0.123, bed_util_des: 0.048, frac_lost: 0.100, li_recovered:  5.324
L: 0.30, u_super: 0.00001, sec: inf, t_ads: 2876.0, t_des: 0.0, bed_util_ads: 0.180, bed_util_des: 0.180, frac_lost: 0.100, li_recovered:  0.000
L: 0.42, u_super: 0.00007, sec: 28.259, t_ads: 1997.0, t_des: 4352.0, bed_util_ads: 0.174, bed_util_des: 0.143, frac_lost: 0.100, li_recovered:  2.224
L: 0.30, u_super: 0.00001, sec: 1.644, t_ads: 10612.0, t_des: 25266.0, bed_util_ads: 0.124, bed_util_des: 0.053, frac_lost: 0.100, li_recovered:  5.106
L: 0.31, u_super: 0.00007, sec: 43.808, t_ads: 1673.0, t_des: 13600.0, bed_util_ads: 0.121, bed_util_des: 0.072, frac_lost: 0.100, li_recovered:  3.447
L: 0.30, u_super: 0.00001, sec: 1.531, t_ads: 8991.0, t_des: 12803.0, bed_util_ads: 0.132, bed_util_des: 0.086, frac_lost: 0.100, li_recovered:  3.306
L: 0.30, u_super: 0.00001, sec: 1.975, t_ads: 7334.0, t_des: 6261.0, bed_util_ads: 0.138, bed_util_des: 0.115, frac_lost: 0.100, li_recovered:  1.608
L: 0.30, u_super: 0.00010, sec: 112.548, t_ads: 860.0, t_des: 1073.0, bed_util_ads: 0.252, bed_util_des: 0.247, frac_lost: 0.100, li_recovered:  0.409
L: 0.30, u_super: 0.00004, sec: 24.062, t_ads: 2952.0, t_des: 30911.0, bed_util_ads: 0.106, bed_util_des: 0.041, frac_lost: 0.100, li_recovered:  4.631
L: 0.30, u_super: 0.00001, sec: 2.972, t_ads: 6556.0, t_des: 3516.0, bed_util_ads: 0.141, bed_util_des: 0.130, frac_lost: 0.100, li_recovered:  0.787
L: 0.46, u_super: 0.00019, sec: 652.206, t_ads: 850.0, t_des: 19624.0, bed_util_ads: 0.092, bed_util_des: 0.054, frac_lost: 0.100, li_recovered:  2.713
L: 0.30, u_super: 0.00008, sec: 50.960, t_ads: 1065.0, t_des: 1640.0, bed_util_ads: 0.226, bed_util_des: 0.214, frac_lost: 0.100, li_recovered:  0.863
L: 0.30, u_super: 0.00001, sec: 1.612, t_ads: 8598.0, t_des: 10586.0, bed_util_ads: 0.134, bed_util_des: 0.095, frac_lost: 0.100, li_recovered:  2.758
L: 0.33, u_super: 0.00002, sec: 3.358, t_ads: 7550.0, t_des: 22301.0, bed_util_ads: 0.125, bed_util_des: 0.055, frac_lost: 0.100, li_recovered:  5.007
L: 0.57, u_super: 0.00044, sec: 1670.667, t_ads: 444.0, t_des: 4922.0, bed_util_ads: 0.131, bed_util_des: 0.110, frac_lost: 0.100, li_recovered:  1.474
L: 0.31, u_super: 0.00007, sec: 49.140, t_ads: 1235.0, t_des: 1566.0, bed_util_ads: 0.229, bed_util_des: 0.219, frac_lost: 0.100, li_recovered:  0.666
L: 0.30, u_super: 0.00001, sec: 1.992, t_ads: 7216.0, t_des: 7005.0, bed_util_ads: 0.139, bed_util_des: 0.112, frac_lost: 0.100, li_recovered:  1.899
L: 0.30, u_super: 0.00006, sec: 23.788, t_ads: 1509.0, t_des: 3299.0, bed_util_ads: 0.186, bed_util_des: 0.161, frac_lost: 0.100, li_recovered:  1.824
L: 0.30, u_super: 0.00005, sec: 15.496, t_ads: 1930.0, t_des: 3358.0, bed_util_ads: 0.186, bed_util_des: 0.162, frac_lost: 0.100, li_recovered:  1.743
L: 0.30, u_super: 0.00019, sec: 890.643, t_ads: 550.0, t_des: 20929.0, bed_util_ads: 0.079, bed_util_des: 0.049, frac_lost: 0.100, li_recovered:  2.119
L: 0.30, u_super: 0.00001, sec: 1.501, t_ads: 9577.0, t_des: 15872.0, bed_util_ads: 0.130, bed_util_des: 0.075, frac_lost: 0.100, li_recovered:  3.933
L: 0.32, u_super: 0.00001, sec: inf, t_ads: 2502.0, t_des: 0.0, bed_util_ads: 0.190, bed_util_des: 0.190, frac_lost: 0.100, li_recovered:  0.000
L: 0.43, u_super: 0.00001, sec: inf, t_ads: 6734.0, t_des: 0.0, bed_util_ads: 0.131, bed_util_des: 0.131, frac_lost: 0.100, li_recovered:  0.000
L: 0.30, u_super: 0.00007, sec: 29.277, t_ads: 1376.0, t_des: 3753.0, bed_util_ads: 0.178, bed_util_des: 0.150, frac_lost: 0.100, li_recovered:  2.017
L: 0.30, u_super: 0.00001, sec: 1.573, t_ads: 10265.0, t_des: 21670.0, bed_util_ads: 0.126, bed_util_des: 0.060, frac_lost: 0.100, li_recovered:  4.770
L: 0.30, u_super: 0.00001, sec: 2.110, t_ads: 6864.0, t_des: 7700.0, bed_util_ads: 0.141, bed_util_des: 0.110, frac_lost: 0.100, li_recovered:  2.225
L: 0.30, u_super: 0.00010, sec: 120.753, t_ads: 1097.0, t_des: 15157.0, bed_util_ads: 0.107, bed_util_des: 0.066, frac_lost: 0.100, li_recovered:  2.972
L: 0.30, u_super: 0.00034, sec: 1111.071, t_ads: 315.0, t_des: 4666.0, bed_util_ads: 0.122, bed_util_des: 0.105, frac_lost: 0.100, li_recovered:  1.176
    15 |      600 |  1.079418E+02 |  1.5010262728
L: 0.30, u_super: 0.00004, sec: 20.860, t_ads: 2041.0, t_des: 1959.0, bed_util_ads: 0.205, bed_util_des: 0.196, frac_lost: 0.100, li_recovered:  0.631
L: 0.30, u_super: 0.00002, sec: 4.034, t_ads: 4449.0, t_des: 6598.0, bed_util_ads: 0.154, bed_util_des: 0.119, frac_lost: 0.100, li_recovered:  2.508
L: 0.30, u_super: 0.00001, sec: 1.600, t_ads: 8447.0, t_des: 10358.0, bed_util_ads: 0.134, bed_util_des: 0.096, frac_lost: 0.100, li_recovered:  2.725
L: 0.30, u_super: 0.00038, sec: 1043.168, t_ads: 260.0, t_des: 435.0, bed_util_ads: 0.281, bed_util_des: 0.278, frac_lost: 0.100, li_recovered:  0.223
L: 0.30, u_super: 0.00012, sec: 139.517, t_ads: 907.0, t_des: 10332.0, bed_util_ads: 0.117, bed_util_des: 0.082, frac_lost: 0.100, li_recovered:  2.547
L: 0.30, u_super: 0.00001, sec: 2.271, t_ads: 10753.0, t_des: 41225.0, bed_util_ads: 0.118, bed_util_des: 0.035, frac_lost: 0.100, li_recovered:  5.894
L: 0.30, u_super: 0.00001, sec: 1.766, t_ads: 7814.0, t_des: 8703.0, bed_util_ads: 0.136, bed_util_des: 0.104, frac_lost: 0.100, li_recovered:  2.345
L: 0.30, u_super: 0.00001, sec: 1.537, t_ads: 9064.0, t_des: 13559.0, bed_util_ads: 0.132, bed_util_des: 0.083, frac_lost: 0.100, li_recovered:  3.495
L: 0.30, u_super: 0.00001, sec: 3.378, t_ads: 6381.0, t_des: 3093.0, bed_util_ads: 0.142, bed_util_des: 0.133, frac_lost: 0.100, li_recovered:  0.650
L: 0.30, u_super: 0.00007, sec: 31.198, t_ads: 1300.0, t_des: 3009.0, bed_util_ads: 0.190, bed_util_des: 0.166, frac_lost: 0.100, li_recovered:  1.708
L: 0.30, u_super: 0.00020, sec: 232.464, t_ads: 500.0, t_des: 2505.0, bed_util_ads: 0.175, bed_util_des: 0.158, frac_lost: 0.100, li_recovered:  1.250
L: 0.30, u_super: 0.00010, sec: 102.500, t_ads: 1061.0, t_des: 10852.0, bed_util_ads: 0.119, bed_util_des: 0.081, frac_lost: 0.100, li_recovered:  2.761
L: 0.30, u_super: 0.00001, sec: 3.381, t_ads: 6173.0, t_des: 3185.0, bed_util_ads: 0.144, bed_util_des: 0.134, frac_lost: 0.100, li_recovered:  0.704
L: 0.30, u_super: 0.00008, sec: 39.362, t_ads: 1193.0, t_des: 3758.0, bed_util_ads: 0.175, bed_util_des: 0.148, frac_lost: 0.100, li_recovered:  1.987
L: 0.30, u_super: 0.00007, sec: 66.117, t_ads: 1676.0, t_des: 23385.0, bed_util_ads: 0.103, bed_util_des: 0.050, frac_lost: 0.100, li_recovered:  3.752
L: 0.30, u_super: 0.00001, sec: 1.557, t_ads: 10333.0, t_des: 21509.0, bed_util_ads: 0.126, bed_util_des: 0.060, frac_lost: 0.100, li_recovered:  4.743
L: 0.30, u_super: 0.00007, sec: 33.289, t_ads: 1592.0, t_des: 8611.0, bed_util_ads: 0.138, bed_util_des: 0.096, frac_lost: 0.100, li_recovered:  3.030
L: 0.30, u_super: 0.00001, sec: 1.529, t_ads: 8997.0, t_des: 12806.0, bed_util_ads: 0.132, bed_util_des: 0.086, frac_lost: 0.100, li_recovered:  3.305
L: 0.30, u_super: 0.00001, sec: 1.755, t_ads: 10929.0, t_des: 30406.0, bed_util_ads: 0.122, bed_util_des: 0.046, frac_lost: 0.100, li_recovered:  5.456
L: 0.30, u_super: 0.00001, sec: inf, t_ads: 2099.0, t_des: 0.0, bed_util_ads: 0.207, bed_util_des: 0.207, frac_lost: 0.100, li_recovered:  0.000
L: 0.30, u_super: 0.00001, sec: 1.880, t_ads: 11046.0, t_des: 34306.0, bed_util_ads: 0.120, bed_util_des: 0.041, frac_lost: 0.100, li_recovered:  5.652
L: 0.30, u_super: 0.00003, sec: 7.435, t_ads: 3016.0, t_des: 5409.0, bed_util_ads: 0.164, bed_util_des: 0.130, frac_lost: 0.100, li_recovered:  2.451
L: 0.46, u_super: 0.00019, sec: 449.491, t_ads: 842.0, t_des: 12322.0, bed_util_ads: 0.108, bed_util_des: 0.073, frac_lost: 0.100, li_recovered:  2.531
L: 0.30, u_super: 0.00008, sec: 50.961, t_ads: 1065.0, t_des: 1640.0, bed_util_ads: 0.226, bed_util_des: 0.214, frac_lost: 0.100, li_recovered:  0.863
L: 0.30, u_super: 0.00001, sec: 1.596, t_ads: 8528.0, t_des: 10581.0, bed_util_ads: 0.134, bed_util_des: 0.095, frac_lost: 0.100, li_recovered:  2.775
L: 0.33, u_super: 0.00006, sec: 54.369, t_ads: 1875.0, t_des: 20538.0, bed_util_ads: 0.109, bed_util_des: 0.055, frac_lost: 0.100, li_recovered:  3.839
L: 0.30, u_super: 0.00047, sec: 1093.850, t_ads: 215.0, t_des: 690.0, bed_util_ads: 0.229, bed_util_des: 0.223, frac_lost: 0.100, li_recovered:  0.434
L: 0.31, u_super: 0.00007, sec: 48.112, t_ads: 1222.0, t_des: 1568.0, bed_util_ads: 0.229, bed_util_des: 0.219, frac_lost: 0.100, li_recovered:  0.678
L: 0.30, u_super: 0.00017, sec: 395.308, t_ads: 614.0, t_des: 11405.0, bed_util_ads: 0.103, bed_util_des: 0.073, frac_lost: 0.100, li_recovered:  2.103
L: 0.30, u_super: 0.00001, sec: inf, t_ads: 4866.0, t_des: 0.0, bed_util_ads: 0.151, bed_util_des: 0.151, frac_lost: 0.100, li_recovered:  0.000
L: 0.30, u_super: 0.00005, sec: 15.445, t_ads: 1920.0, t_des: 3355.0, bed_util_ads: 0.186, bed_util_des: 0.162, frac_lost: 0.100, li_recovered:  1.744
L: 0.30, u_super: 0.00001, sec: 2.483, t_ads: 6749.0, t_des: 4441.0, bed_util_ads: 0.140, bed_util_des: 0.125, frac_lost: 0.100, li_recovered:  1.078
L: 0.31, u_super: 0.00001, sec: 1.520, t_ads: 9712.0, t_des: 15949.0, bed_util_ads: 0.130, bed_util_des: 0.075, frac_lost: 0.100, li_recovered:  3.918
L: 0.30, u_super: 0.00033, sec: 542.991, t_ads: 304.0, t_des: 825.0, bed_util_ads: 0.234, bed_util_des: 0.227, frac_lost: 0.100, li_recovered:  0.528
L: 0.32, u_super: 0.00013, sec: 103.120, t_ads: 807.0, t_des: 3796.0, bed_util_ads: 0.165, bed_util_des: 0.140, frac_lost: 0.100, li_recovered:  1.805
L: 0.30, u_super: 0.00007, sec: 29.206, t_ads: 1365.0, t_des: 3335.0, bed_util_ads: 0.185, bed_util_des: 0.159, frac_lost: 0.100, li_recovered:  1.853
L: 0.30, u_super: 0.00001, sec: 1.524, t_ads: 9608.0, t_des: 16618.0, bed_util_ads: 0.130, bed_util_des: 0.072, frac_lost: 0.100, li_recovered:  4.087
L: 0.30, u_super: 0.00001, sec: 1.600, t_ads: 8460.0, t_des: 10417.0, bed_util_ads: 0.134, bed_util_des: 0.096, frac_lost: 0.100, li_recovered:  2.741
L: 0.30, u_super: 0.00010, sec: 56.314, t_ads: 956.0, t_des: 1852.0, bed_util_ads: 0.216, bed_util_des: 0.201, frac_lost: 0.100, li_recovered:  1.101
L: 0.30, u_super: 0.00034, sec: 4401.743, t_ads: 319.0, t_des: 24495.0, bed_util_ads: 0.062, bed_util_des: 0.041, frac_lost: 0.100, li_recovered:  1.479
    16 |      640 |  1.068528E+02 |  1.5010262728
L: 0.30, u_super: 0.00004, sec: 20.990, t_ads: 2044.0, t_des: 1955.0, bed_util_ads: 0.205, bed_util_des: 0.196, frac_lost: 0.100, li_recovered:  0.627
L: 0.30, u_super: 0.00002, sec: 4.524, t_ads: 5338.0, t_des: 17301.0, bed_util_ads: 0.129, bed_util_des: 0.064, frac_lost: 0.100, li_recovered:  4.584
L: 0.30, u_super: 0.00001, sec: 1.601, t_ads: 8454.0, t_des: 10360.0, bed_util_ads: 0.134, bed_util_des: 0.096, frac_lost: 0.100, li_recovered:  2.724
L: 0.30, u_super: 0.00038, sec: 3435.158, t_ads: 279.0, t_des: 12666.0, bed_util_ads: 0.077, bed_util_des: 0.059, frac_lost: 0.100, li_recovered:  1.261
L: 0.30, u_super: 0.00012, sec: 89.122, t_ads: 879.0, t_des: 4935.0, bed_util_ads: 0.153, bed_util_des: 0.124, frac_lost: 0.100, li_recovered:  2.063
L: 0.30, u_super: 0.00001, sec: 1.609, t_ads: 9317.0, t_des: 16718.0, bed_util_ads: 0.130, bed_util_des: 0.071, frac_lost: 0.100, li_recovered:  4.167
L: 0.30, u_super: 0.00001, sec: 1.528, t_ads: 9402.0, t_des: 15330.0, bed_util_ads: 0.130, bed_util_des: 0.077, frac_lost: 0.100, li_recovered:  3.851
L: 0.30, u_super: 0.00001, sec: 1.515, t_ads: 9150.0, t_des: 13594.0, bed_util_ads: 0.132, bed_util_des: 0.083, frac_lost: 0.100, li_recovered:  3.481
L: 0.30, u_super: 0.00001, sec: 1.586, t_ads: 8550.0, t_des: 10749.0, bed_util_ads: 0.134, bed_util_des: 0.094, frac_lost: 0.100, li_recovered:  2.821
L: 0.30, u_super: 0.00007, sec: 31.172, t_ads: 1300.0, t_des: 3011.0, bed_util_ads: 0.190, bed_util_des: 0.166, frac_lost: 0.100, li_recovered:  1.710
L: 0.30, u_super: 0.00020, sec: 566.832, t_ads: 518.0, t_des: 10462.0, bed_util_ads: 0.101, bed_util_des: 0.075, frac_lost: 0.100, li_recovered:  1.874
L: 0.30, u_super: 0.00001, sec: 3.526, t_ads: 6432.0, t_des: 3033.0, bed_util_ads: 0.141, bed_util_des: 0.132, frac_lost: 0.100, li_recovered:  0.621
L: 0.30, u_super: 0.00001, sec: 1.610, t_ads: 9498.0, t_des: 17031.0, bed_util_ads: 0.129, bed_util_des: 0.071, frac_lost: 0.100, li_recovered:  4.190
L: 0.41, u_super: 0.00008, sec: 41.844, t_ads: 1603.0, t_des: 3955.0, bed_util_ads: 0.177, bed_util_des: 0.148, frac_lost: 0.100, li_recovered:  2.098
L: 0.30, u_super: 0.00007, sec: 154.513, t_ads: 1703.0, t_des: 61914.0, bed_util_ads: 0.081, bed_util_des: 0.024, frac_lost: 0.100, li_recovered:  4.076
L: 0.30, u_super: 0.00001, sec: 1.554, t_ads: 10302.0, t_des: 21489.0, bed_util_ads: 0.126, bed_util_des: 0.060, frac_lost: 0.100, li_recovered:  4.744
L: 0.30, u_super: 0.00007, sec: 25.922, t_ads: 1497.0, t_des: 4330.0, bed_util_ads: 0.171, bed_util_des: 0.140, frac_lost: 0.100, li_recovered:  2.222
L: 0.30, u_super: 0.00001, sec: 1.529, t_ads: 8996.0, t_des: 12805.0, bed_util_ads: 0.132, bed_util_des: 0.086, frac_lost: 0.100, li_recovered:  3.305
L: 0.30, u_super: 0.00001, sec: 1.757, t_ads: 10961.0, t_des: 30429.0, bed_util_ads: 0.122, bed_util_des: 0.046, frac_lost: 0.100, li_recovered:  5.456
L: 0.30, u_super: 0.00013, sec: 142.684, t_ads: 682.0, t_des: 1010.0, bed_util_ads: 0.253, bed_util_des: 0.246, frac_lost: 0.100, li_recovered:  0.493
L: 0.30, u_super: 0.00019, sec: 1132.411, t_ads: 549.0, t_des: 27403.0, bed_util_ads: 0.072, bed_util_des: 0.041, frac_lost: 0.100, li_recovered:  2.170
L: 0.30, u_super: 0.00001, sec: 2.973, t_ads: 6558.0, t_des: 3513.0, bed_util_ads: 0.141, bed_util_des: 0.130, frac_lost: 0.100, li_recovered:  0.786
L: 0.30, u_super: 0.00019, sec: 187.169, t_ads: 514.0, t_des: 1501.0, bed_util_ads: 0.212, bed_util_des: 0.199, frac_lost: 0.100, li_recovered:  0.930
L: 0.30, u_super: 0.00008, sec: 84.849, t_ads: 1279.0, t_des: 15325.0, bed_util_ads: 0.110, bed_util_des: 0.066, frac_lost: 0.100, li_recovered:  3.181
L: 0.30, u_super: 0.00001, sec: 1.596, t_ads: 8528.0, t_des: 10581.0, bed_util_ads: 0.134, bed_util_des: 0.095, frac_lost: 0.100, li_recovered:  2.775
L: 0.33, u_super: 0.00001, sec: 3.093, t_ads: 12846.0, t_des: 73337.0, bed_util_ads: 0.112, bed_util_des: 0.022, frac_lost: 0.100, li_recovered:  6.468
L: 0.30, u_super: 0.00044, sec: 13724.120, t_ads: 240.0, t_des: 36387.0, bed_util_ads: 0.047, bed_util_des: 0.030, frac_lost: 0.101, li_recovered:  1.225
L: 0.31, u_super: 0.00001, sec: 1.528, t_ads: 9500.0, t_des: 14629.0, bed_util_ads: 0.131, bed_util_des: 0.079, frac_lost: 0.100, li_recovered:  3.656
L: 0.30, u_super: 0.00001, sec: 1.641, t_ads: 9108.0, t_des: 16070.0, bed_util_ads: 0.130, bed_util_des: 0.073, frac_lost: 0.100, li_recovered:  4.082
L: 0.30, u_super: 0.00006, sec: 23.768, t_ads: 1506.0, t_des: 3298.0, bed_util_ads: 0.186, bed_util_des: 0.161, frac_lost: 0.100, li_recovered:  1.824
L: 0.30, u_super: 0.00001, sec: inf, t_ads: 4807.0, t_des: 0.0, bed_util_ads: 0.151, bed_util_des: 0.151, frac_lost: 0.100, li_recovered:  0.000
L: 0.30, u_super: 0.00001, sec: 1.602, t_ads: 10228.0, t_des: 22045.0, bed_util_ads: 0.126, bed_util_des: 0.059, frac_lost: 0.100, li_recovered:  4.819
L: 0.31, u_super: 0.00003, sec: 9.040, t_ads: 3510.0, t_des: 13536.0, bed_util_ads: 0.132, bed_util_des: 0.075, frac_lost: 0.100, li_recovered:  4.090
L: 0.30, u_super: 0.00033, sec: 2169.278, t_ads: 320.0, t_des: 11425.0, bed_util_ads: 0.084, bed_util_des: 0.065, frac_lost: 0.100, li_recovered:  1.374
L: 0.43, u_super: 0.00013, sec: 124.263, t_ads: 1123.0, t_des: 6503.0, bed_util_ads: 0.144, bed_util_des: 0.110, frac_lost: 0.100, li_recovered:  2.481
L: 0.30, u_super: 0.00007, sec: 40.442, t_ads: 1483.0, t_des: 9105.0, bed_util_ads: 0.135, bed_util_des: 0.092, frac_lost: 0.100, li_recovered:  3.014
L: 0.30, u_super: 0.00001, sec: 1.524, t_ads: 9607.0, t_des: 16616.0, bed_util_ads: 0.130, bed_util_des: 0.072, frac_lost: 0.100, li_recovered:  4.087
L: 0.30, u_super: 0.00004, sec: 12.800, t_ads: 2541.0, t_des: 9053.0, bed_util_ads: 0.143, bed_util_des: 0.096, frac_lost: 0.100, li_recovered:  3.403
L: 0.30, u_super: 0.00010, sec: 56.374, t_ads: 1033.0, t_des: 4143.0, bed_util_ads: 0.167, bed_util_des: 0.138, frac_lost: 0.100, li_recovered:  2.028
L: 0.30, u_super: 0.00034, sec: 981.288, t_ads: 314.0, t_des: 3895.0, bed_util_ads: 0.131, bed_util_des: 0.115, frac_lost: 0.100, li_recovered:  1.125
    17 |      680 |  1.053454E+02 |  1.5010262728
L: 0.30, u_super: 0.00001, sec: inf, t_ads: 3368.0, t_des: 0.0, bed_util_ads: 0.170, bed_util_des: 0.170, frac_lost: 0.100, li_recovered:  0.000
L: 0.30, u_super: 0.00002, sec: 4.664, t_ads: 4091.0, t_des: 4821.0, bed_util_ads: 0.162, bed_util_des: 0.137, frac_lost: 0.100, li_recovered:  1.750
L: 0.30, u_super: 0.00001, sec: 50.216, t_ads: 5717.0, t_des: 1380.0, bed_util_ads: 0.145, bed_util_des: 0.145, frac_lost: 0.100, li_recovered:  0.033
L: 0.30, u_super: 0.00001, sec: inf, t_ads: 1623.0, t_des: 0.0, bed_util_ads: 0.236, bed_util_des: 0.236, frac_lost: 0.100, li_recovered:  0.000
L: 0.30, u_super: 0.00019, sec: 267.533, t_ads: 533.0, t_des: 4227.0, bed_util_ads: 0.146, bed_util_des: 0.124, frac_lost: 0.100, li_recovered:  1.564
L: 0.42, u_super: 0.00001, sec: 2.049, t_ads: 12269.0, t_des: 18427.0, bed_util_ads: 0.125, bed_util_des: 0.071, frac_lost: 0.100, li_recovered:  3.857
L: 0.30, u_super: 0.00001, sec: 1.649, t_ads: 8263.0, t_des: 9869.0, bed_util_ads: 0.135, bed_util_des: 0.098, frac_lost: 0.100, li_recovered:  2.616
L: 0.30, u_super: 0.00001, sec: 1.516, t_ads: 9156.0, t_des: 13596.0, bed_util_ads: 0.132, bed_util_des: 0.083, frac_lost: 0.100, li_recovered:  3.480
L: 0.30, u_super: 0.00001, sec: 1.586, t_ads: 8552.0, t_des: 10749.0, bed_util_ads: 0.134, bed_util_des: 0.094, frac_lost: 0.100, li_recovered:  2.821
L: 0.30, u_super: 0.00001, sec: inf, t_ads: 4616.0, t_des: 0.0, bed_util_ads: 0.153, bed_util_des: 0.153, frac_lost: 0.100, li_recovered:  0.000
L: 0.30, u_super: 0.00022, sec: 245.660, t_ads: 464.0, t_des: 1863.0, bed_util_ads: 0.192, bed_util_des: 0.178, frac_lost: 0.100, li_recovered:  1.047
L: 0.30, u_super: 0.00001, sec: 2.340, t_ads: 6972.0, t_des: 13106.0, bed_util_ads: 0.135, bed_util_des: 0.081, frac_lost: 0.100, li_recovered:  3.893
L: 0.30, u_super: 0.00001, sec: 1.599, t_ads: 9078.0, t_des: 14694.0, bed_util_ads: 0.131, bed_util_des: 0.078, frac_lost: 0.100, li_recovered:  3.780
L: 0.30, u_super: 0.00008, sec: 38.849, t_ads: 1152.0, t_des: 2668.0, bed_util_ads: 0.195, bed_util_des: 0.174, frac_lost: 0.100, li_recovered:  1.553
L: 0.30, u_super: 0.00001, sec: 16.651, t_ads: 5837.0, t_des: 1614.0, bed_util_ads: 0.144, bed_util_des: 0.143, frac_lost: 0.100, li_recovered:  0.104
L: 0.30, u_super: 0.00001, sec: 1.508, t_ads: 9900.0, t_des: 18015.0, bed_util_ads: 0.128, bed_util_des: 0.068, frac_lost: 0.100, li_recovered:  4.293
L: 0.30, u_super: 0.00007, sec: 25.814, t_ads: 1437.0, t_des: 3105.0, bed_util_ads: 0.189, bed_util_des: 0.165, frac_lost: 0.100, li_recovered:  1.740
L: 0.30, u_super: 0.00001, sec: 1.529, t_ads: 8996.0, t_des: 12805.0, bed_util_ads: 0.132, bed_util_des: 0.086, frac_lost: 0.100, li_recovered:  3.305
L: 0.30, u_super: 0.00003, sec: 15.216, t_ads: 3937.0, t_des: 37066.0, bed_util_ads: 0.107, bed_util_des: 0.036, frac_lost: 0.100, li_recovered:  5.063
L: 0.30, u_super: 0.00010, sec: 118.472, t_ads: 1050.0, t_des: 13107.0, bed_util_ads: 0.111, bed_util_des: 0.072, frac_lost: 0.100, li_recovered:  2.845
L: 0.30, u_super: 0.00001, sec: 1.864, t_ads: 11106.0, t_des: 34350.0, bed_util_ads: 0.120, bed_util_des: 0.041, frac_lost: 0.100, li_recovered:  5.653
L: 0.34, u_super: 0.00001, sec: 4.647, t_ads: 6954.0, t_des: 2852.0, bed_util_ads: 0.137, bed_util_des: 0.130, frac_lost: 0.100, li_recovered:  0.489
L: 0.30, u_super: 0.00019, sec: 187.161, t_ads: 514.0, t_des: 1501.0, bed_util_ads: 0.212, bed_util_des: 0.199, frac_lost: 0.100, li_recovered:  0.930
L: 0.30, u_super: 0.00004, sec: 74.024, t_ads: 1911.0, t_des: 1188.0, bed_util_ads: 0.216, bed_util_des: 0.214, frac_lost: 0.100, li_recovered:  0.138
L: 0.30, u_super: 0.00001, sec: 1.591, t_ads: 8507.0, t_des: 10578.0, bed_util_ads: 0.134, bed_util_des: 0.095, frac_lost: 0.100, li_recovered:  2.779
L: 0.30, u_super: 0.00001, sec: 1.605, t_ads: 10531.0, t_des: 24023.0, bed_util_ads: 0.125, bed_util_des: 0.055, frac_lost: 0.100, li_recovered:  4.997
L: 0.57, u_super: 0.00001, sec: inf, t_ads: 3451.0, t_des: 0.0, bed_util_ads: 0.158, bed_util_des: 0.158, frac_lost: 0.100, li_recovered:  0.000
L: 0.31, u_super: 0.00001, sec: 1.530, t_ads: 9489.0, t_des: 14623.0, bed_util_ads: 0.131, bed_util_des: 0.079, frac_lost: 0.100, li_recovered:  3.658
L: 0.30, u_super: 0.00001, sec: 1.641, t_ads: 9109.0, t_des: 16071.0, bed_util_ads: 0.130, bed_util_des: 0.073, frac_lost: 0.100, li_recovered:  4.082
L: 0.30, u_super: 0.00017, sec: 157.255, t_ads: 594.0, t_des: 2571.0, bed_util_ads: 0.180, bed_util_des: 0.161, frac_lost: 0.100, li_recovered:  1.353
L: 0.30, u_super: 0.00005, sec: 15.437, t_ads: 1920.0, t_des: 3356.0, bed_util_ads: 0.186, bed_util_des: 0.162, frac_lost: 0.100, li_recovered:  1.746
L: 0.30, u_super: 0.00001, sec: 1.534, t_ads: 9663.0, t_des: 17130.0, bed_util_ads: 0.129, bed_util_des: 0.071, frac_lost: 0.100, li_recovered:  4.176
L: 0.30, u_super: 0.00001, sec: 1.608, t_ads: 10545.0, t_des: 24230.0, bed_util_ads: 0.125, bed_util_des: 0.055, frac_lost: 0.100, li_recovered:  5.016
L: 0.30, u_super: 0.00033, sec: 1629.012, t_ads: 320.0, t_des: 8132.0, bed_util_ads: 0.097, bed_util_des: 0.079, frac_lost: 0.101, li_recovered:  1.317
L: 0.30, u_super: 0.00013, sec: 275.659, t_ads: 810.0, t_des: 16900.0, bed_util_ads: 0.096, bed_util_des: 0.059, frac_lost: 0.100, li_recovered:  2.597
L: 0.30, u_super: 0.00001, sec: inf, t_ads: 4976.0, t_des: 0.0, bed_util_ads: 0.150, bed_util_des: 0.150, frac_lost: 0.100, li_recovered:  0.000
L: 0.30, u_super: 0.00001, sec: 1.798, t_ads: 10815.0, t_des: 30593.0, bed_util_ads: 0.122, bed_util_des: 0.045, frac_lost: 0.100, li_recovered:  5.470
L: 0.30, u_super: 0.00001, sec: 1.599, t_ads: 8456.0, t_des: 10416.0, bed_util_ads: 0.134, bed_util_des: 0.096, frac_lost: 0.100, li_recovered:  2.741
L: 0.30, u_super: 0.00010, sec: 144.538, t_ads: 1103.0, t_des: 19013.0, bed_util_ads: 0.099, bed_util_des: 0.056, frac_lost: 0.100, li_recovered:  3.073
L: 0.30, u_super: 0.00034, sec: 1275.712, t_ads: 316.0, t_des: 5648.0, bed_util_ads: 0.113, bed_util_des: 0.095, frac_lost: 0.101, li_recovered:  1.226
    18 |      720 |  1.050937E+02 |  1.5010262728
L: 0.30, u_super: 0.00004, sec: 12.775, t_ads: 2780.0, t_des: 12000.0, bed_util_ads: 0.134, bed_util_des: 0.080, frac_lost: 0.100, li_recovered:  3.806
L: 0.37, u_super: 0.00002, sec: 4.738, t_ads: 5152.0, t_des: 6619.0, bed_util_ads: 0.151, bed_util_des: 0.119, frac_lost: 0.100, li_recovered:  2.275
L: 0.30, u_super: 0.00001, sec: 1.601, t_ads: 8453.0, t_des: 10359.0, bed_util_ads: 0.134, bed_util_des: 0.096, frac_lost: 0.100, li_recovered:  2.724
L: 0.30, u_super: 0.00038, sec: 6745.535, t_ads: 280.0, t_des: 26967.0, bed_util_ads: 0.056, bed_util_des: 0.038, frac_lost: 0.101, li_recovered:  1.352
L: 0.30, u_super: 0.00012, sec: 89.066, t_ads: 882.0, t_des: 4941.0, bed_util_ads: 0.153, bed_util_des: 0.124, frac_lost: 0.100, li_recovered:  2.067
L: 0.30, u_super: 0.00002, sec: 4.371, t_ads: 5156.0, t_des: 14892.0, bed_util_ads: 0.132, bed_util_des: 0.071, frac_lost: 0.100, li_recovered:  4.340
L: 0.30, u_super: 0.00007, sec: 31.431, t_ads: 1500.0, t_des: 6370.0, bed_util_ads: 0.151, bed_util_des: 0.114, frac_lost: 0.100, li_recovered:  2.686
L: 0.30, u_super: 0.00001, sec: 1.533, t_ads: 10161.0, t_des: 20233.0, bed_util_ads: 0.127, bed_util_des: 0.063, frac_lost: 0.100, li_recovered:  4.598
L: 0.30, u_super: 0.00001, sec: 1.584, t_ads: 8541.0, t_des: 10749.0, bed_util_ads: 0.134, bed_util_des: 0.094, frac_lost: 0.100, li_recovered:  2.824
L: 0.30, u_super: 0.00001, sec: 3.254, t_ads: 11757.0, t_des: 78817.0, bed_util_ads: 0.111, bed_util_des: 0.020, frac_lost: 0.100, li_recovered:  6.454
L: 0.30, u_super: 0.00020, sec: 214.763, t_ads: 494.0, t_des: 1917.0, bed_util_ads: 0.193, bed_util_des: 0.178, frac_lost: 0.100, li_recovered:  1.086
L: 0.30, u_super: 0.00001, sec: 1.509, t_ads: 9285.0, t_des: 14209.0, bed_util_ads: 0.131, bed_util_des: 0.081, frac_lost: 0.100, li_recovered:  3.606
L: 0.30, u_super: 0.00001, sec: 1.595, t_ads: 9049.0, t_des: 14678.0, bed_util_ads: 0.131, bed_util_des: 0.078, frac_lost: 0.100, li_recovered:  3.784
L: 0.30, u_super: 0.00014, sec: 96.307, t_ads: 731.0, t_des: 2347.0, bed_util_ads: 0.193, bed_util_des: 0.174, frac_lost: 0.100, li_recovered:  1.360
L: 0.30, u_super: 0.00001, sec: 14.297, t_ads: 5820.0, t_des: 1660.0, bed_util_ads: 0.144, bed_util_des: 0.143, frac_lost: 0.100, li_recovered:  0.121
L: 0.30, u_super: 0.00001, sec: 1.572, t_ads: 8631.0, t_des: 11124.0, bed_util_ads: 0.133, bed_util_des: 0.093, frac_lost: 0.100, li_recovered:  2.915
L: 0.30, u_super: 0.00001, sec: inf, t_ads: 4664.0, t_des: 0.0, bed_util_ads: 0.152, bed_util_des: 0.152, frac_lost: 0.100, li_recovered:  0.000
L: 0.30, u_super: 0.00001, sec: 1.535, t_ads: 9032.0, t_des: 12817.0, bed_util_ads: 0.132, bed_util_des: 0.086, frac_lost: 0.100, li_recovered:  3.299
L: 0.30, u_super: 0.00001, sec: 1.498, t_ads: 9620.0, t_des: 16126.0, bed_util_ads: 0.130, bed_util_des: 0.074, frac_lost: 0.100, li_recovered:  3.980
L: 0.30, u_super: 0.00010, sec: 113.036, t_ads: 864.0, t_des: 1075.0, bed_util_ads: 0.252, bed_util_des: 0.247, frac_lost: 0.100, li_recovered:  0.408
L: 0.30, u_super: 0.00001, sec: 1.607, t_ads: 10550.0, t_des: 24197.0, bed_util_ads: 0.125, bed_util_des: 0.055, frac_lost: 0.100, li_recovered:  5.013
L: 0.30, u_super: 0.00001, sec: 2.925, t_ads: 6538.0, t_des: 3551.0, bed_util_ads: 0.141, bed_util_des: 0.130, frac_lost: 0.100, li_recovered:  0.801
L: 0.30, u_super: 0.00019, sec: 187.443, t_ads: 514.0, t_des: 1499.0, bed_util_ads: 0.212, bed_util_des: 0.199, frac_lost: 0.100, li_recovered:  0.928
L: 0.30, u_super: 0.00008, sec: 99.634, t_ads: 1287.0, t_des: 18876.0, bed_util_ads: 0.103, bed_util_des: 0.057, frac_lost: 0.100, li_recovered:  3.289
L: 0.30, u_super: 0.00001, sec: 1.578, t_ads: 8593.0, t_des: 10943.0, bed_util_ads: 0.134, bed_util_des: 0.093, frac_lost: 0.100, li_recovered:  2.870
L: 0.30, u_super: 0.00001, sec: 1.604, t_ads: 10517.0, t_des: 24013.0, bed_util_ads: 0.125, bed_util_des: 0.055, frac_lost: 0.100, li_recovered:  4.998
L: 0.57, u_super: 0.00044, sec: 2387.907, t_ads: 448.0, t_des: 8106.0, bed_util_ads: 0.108, bed_util_des: 0.085, frac_lost: 0.100, li_recovered:  1.644
L: 0.31, u_super: 0.00001, sec: 1.528, t_ads: 9499.0, t_des: 14628.0, bed_util_ads: 0.131, bed_util_des: 0.079, frac_lost: 0.100, li_recovered:  3.656
L: 0.30, u_super: 0.00001, sec: 1.499, t_ads: 9670.0, t_des: 16391.0, bed_util_ads: 0.130, bed_util_des: 0.073, frac_lost: 0.100, li_recovered:  4.026
L: 0.30, u_super: 0.00006, sec: 46.129, t_ads: 1722.0, t_des: 16743.0, bed_util_ads: 0.114, bed_util_des: 0.063, frac_lost: 0.100, li_recovered:  3.613
L: 0.30, u_super: 0.00001, sec: inf, t_ads: 4809.0, t_des: 0.0, bed_util_ads: 0.151, bed_util_des: 0.151, frac_lost: 0.100, li_recovered:  0.000
L: 0.30, u_super: 0.00001, sec: 2.532, t_ads: 6697.0, t_des: 4309.0, bed_util_ads: 0.141, bed_util_des: 0.126, frac_lost: 0.100, li_recovered:  1.039
L: 0.30, u_super: 0.00001, sec: 1.500, t_ads: 9571.0, t_des: 15868.0, bed_util_ads: 0.130, bed_util_des: 0.075, frac_lost: 0.100, li_recovered:  3.934
L: 0.30, u_super: 0.00033, sec: 543.115, t_ads: 304.0, t_des: 825.0, bed_util_ads: 0.234, bed_util_des: 0.227, frac_lost: 0.100, li_recovered:  0.528
L: 0.43, u_super: 0.00003, sec: 10.897, t_ads: 3728.0, t_des: 4680.0, bed_util_ads: 0.165, bed_util_des: 0.140, frac_lost: 0.100, li_recovered:  1.795
L: 0.30, u_super: 0.00007, sec: 32.918, t_ads: 1440.0, t_des: 5975.0, bed_util_ads: 0.154, bed_util_des: 0.118, frac_lost: 0.100, li_recovered:  2.593
L: 0.30, u_super: 0.00001, sec: 7.650, t_ads: 5886.0, t_des: 1986.0, bed_util_ads: 0.144, bed_util_des: 0.141, frac_lost: 0.100, li_recovered:  0.244
L: 0.30, u_super: 0.00001, sec: 1.597, t_ads: 8465.0, t_des: 10417.0, bed_util_ads: 0.134, bed_util_des: 0.096, frac_lost: 0.100, li_recovered:  2.740
L: 0.30, u_super: 0.00010, sec: 86.107, t_ads: 1081.0, t_des: 9470.0, bed_util_ads: 0.126, bed_util_des: 0.088, frac_lost: 0.100, li_recovered:  2.706
L: 0.30, u_super: 0.00001, sec: inf, t_ads: 2244.0, t_des: 0.0, bed_util_ads: 0.201, bed_util_des: 0.201, frac_lost: 0.100, li_recovered:  0.000
    19 |      760 |  1.018218E+02 |  1.4980720282
L: 0.30, u_super: 0.00004, sec: 12.775, t_ads: 2783.0, t_des: 12001.0, bed_util_ads: 0.134, bed_util_des: 0.080, frac_lost: 0.100, li_recovered:  3.807
L: 0.30, u_super: 0.00002, sec: 4.015, t_ads: 4428.0, t_des: 6596.0, bed_util_ads: 0.154, bed_util_des: 0.119, frac_lost: 0.100, li_recovered:  2.515
L: 0.30, u_super: 0.00001, sec: 2.503, t_ads: 6760.0, t_des: 4274.0, bed_util_ads: 0.140, bed_util_des: 0.126, frac_lost: 0.100, li_recovered:  1.022
L: 0.30, u_super: 0.00038, sec: 1029.480, t_ads: 261.0, t_des: 438.0, bed_util_ads: 0.281, bed_util_des: 0.278, frac_lost: 0.101, li_recovered:  0.227
L: 0.30, u_super: 0.00012, sec: 89.083, t_ads: 879.0, t_des: 4938.0, bed_util_ads: 0.153, bed_util_des: 0.124, frac_lost: 0.100, li_recovered:  2.065
L: 0.30, u_super: 0.00001, sec: 1.611, t_ads: 9332.0, t_des: 16727.0, bed_util_ads: 0.130, bed_util_des: 0.071, frac_lost: 0.100, li_recovered:  4.166
L: 0.30, u_super: 0.00001, sec: 2.021, t_ads: 7255.0, t_des: 6127.0, bed_util_ads: 0.138, bed_util_des: 0.116, frac_lost: 0.100, li_recovered:  1.575
L: 0.30, u_super: 0.00001, sec: 1.667, t_ads: 8124.0, t_des: 9073.0, bed_util_ads: 0.135, bed_util_des: 0.102, frac_lost: 0.100, li_recovered:  2.394
L: 0.30, u_super: 0.00003, sec: 6.883, t_ads: 3523.0, t_des: 9490.0, bed_util_ads: 0.144, bed_util_des: 0.094, frac_lost: 0.100, li_recovered:  3.551
L: 0.30, u_super: 0.00007, sec: 197.708, t_ads: 1656.0, t_des: 76238.0, bed_util_ads: 0.077, bed_util_des: 0.020, frac_lost: 0.100, li_recovered:  4.067
L: 0.30, u_super: 0.00001, sec: inf, t_ads: 4684.0, t_des: 0.0, bed_util_ads: 0.152, bed_util_des: 0.152, frac_lost: 0.100, li_recovered:  0.000
L: 0.30, u_super: 0.00001, sec: 1.507, t_ads: 9273.0, t_des: 14203.0, bed_util_ads: 0.131, bed_util_des: 0.081, frac_lost: 0.100, li_recovered:  3.607
L: 0.30, u_super: 0.00001, sec: 1.592, t_ads: 9034.0, t_des: 14670.0, bed_util_ads: 0.131, bed_util_des: 0.078, frac_lost: 0.100, li_recovered:  3.785
L: 0.30, u_super: 0.00008, sec: 38.862, t_ads: 1150.0, t_des: 2665.0, bed_util_ads: 0.195, bed_util_des: 0.174, frac_lost: 0.100, li_recovered:  1.551
L: 0.30, u_super: 0.00001, sec: 14.296, t_ads: 5820.0, t_des: 1660.0, bed_util_ads: 0.144, bed_util_des: 0.143, frac_lost: 0.100, li_recovered:  0.121
L: 0.30, u_super: 0.00002, sec: 3.417, t_ads: 6030.0, t_des: 16105.0, bed_util_ads: 0.131, bed_util_des: 0.068, frac_lost: 0.100, li_recovered:  4.465
L: 0.30, u_super: 0.00007, sec: 25.826, t_ads: 1437.0, t_des: 3104.0, bed_util_ads: 0.189, bed_util_des: 0.165, frac_lost: 0.100, li_recovered:  1.738
L: 0.30, u_super: 0.00001, sec: 1.528, t_ads: 9002.0, t_des: 12808.0, bed_util_ads: 0.132, bed_util_des: 0.086, frac_lost: 0.100, li_recovered:  3.304
L: 0.30, u_super: 0.00001, sec: 1.498, t_ads: 9617.0, t_des: 16125.0, bed_util_ads: 0.130, bed_util_des: 0.074, frac_lost: 0.100, li_recovered:  3.980
L: 0.31, u_super: 0.00010, sec: 80.361, t_ads: 1075.0, t_des: 7535.0, bed_util_ads: 0.136, bed_util_des: 0.100, frac_lost: 0.100, li_recovered:  2.550
L: 0.30, u_super: 0.00001, sec: 1.605, t_ads: 10557.0, t_des: 24201.0, bed_util_ads: 0.125, bed_util_des: 0.055, frac_lost: 0.100, li_recovered:  5.012
L: 0.30, u_super: 0.00001, sec: 1.884, t_ads: 7525.0, t_des: 6812.0, bed_util_ads: 0.137, bed_util_des: 0.113, frac_lost: 0.100, li_recovered:  1.765
L: 0.30, u_super: 0.00019, sec: 187.022, t_ads: 514.0, t_des: 1502.0, bed_util_ads: 0.212, bed_util_des: 0.199, frac_lost: 0.100, li_recovered:  0.932
L: 0.30, u_super: 0.00008, sec: 63.140, t_ads: 1260.0, t_des: 10081.0, bed_util_ads: 0.127, bed_util_des: 0.086, frac_lost: 0.100, li_recovered:  2.920
L: 0.30, u_super: 0.00001, sec: 1.577, t_ads: 8597.0, t_des: 10944.0, bed_util_ads: 0.134, bed_util_des: 0.093, frac_lost: 0.100, li_recovered:  2.869
L: 0.38, u_super: 0.00001, sec: 2.194, t_ads: 9340.0, t_des: 8078.0, bed_util_ads: 0.129, bed_util_des: 0.104, frac_lost: 0.100, li_recovered:  1.838
L: 0.30, u_super: 0.00044, sec: 993.135, t_ads: 231.0, t_des: 996.0, bed_util_ads: 0.204, bed_util_des: 0.196, frac_lost: 0.100, li_recovered:  0.567
L: 0.31, u_super: 0.00001, sec: 1.528, t_ads: 9498.0, t_des: 14628.0, bed_util_ads: 0.131, bed_util_des: 0.079, frac_lost: 0.100, li_recovered:  3.657
L: 0.30, u_super: 0.00019, sec: 522.663, t_ads: 545.0, t_des: 11072.0, bed_util_ads: 0.101, bed_util_des: 0.073, frac_lost: 0.100, li_recovered:  1.953
L: 0.30, u_super: 0.00006, sec: 23.787, t_ads: 1507.0, t_des: 3297.0, bed_util_ads: 0.186, bed_util_des: 0.161, frac_lost: 0.100, li_recovered:  1.823
L: 0.30, u_super: 0.00005, sec: 15.425, t_ads: 1918.0, t_des: 3356.0, bed_util_ads: 0.186, bed_util_des: 0.162, frac_lost: 0.100, li_recovered:  1.746
L: 0.30, u_super: 0.00003, sec: 11.495, t_ads: 3139.0, t_des: 14649.0, bed_util_ads: 0.128, bed_util_des: 0.071, frac_lost: 0.100, li_recovered:  4.115
L: 0.30, u_super: 0.00001, sec: 1.502, t_ads: 9809.0, t_des: 17347.0, bed_util_ads: 0.129, bed_util_des: 0.070, frac_lost: 0.100, li_recovered:  4.188
L: 0.30, u_super: 0.00001, sec: inf, t_ads: 2498.0, t_des: 0.0, bed_util_ads: 0.191, bed_util_des: 0.191, frac_lost: 0.100, li_recovered:  0.000
L: 0.43, u_super: 0.00002, sec: 8.577, t_ads: 4535.0, t_des: 4270.0, bed_util_ads: 0.159, bed_util_des: 0.140, frac_lost: 0.100, li_recovered:  1.351
L: 0.30, u_super: 0.00007, sec: 60.936, t_ads: 1524.0, t_des: 16784.0, bed_util_ads: 0.111, bed_util_des: 0.063, frac_lost: 0.100, li_recovered:  3.459
L: 0.30, u_super: 0.00001, sec: 1.525, t_ads: 9616.0, t_des: 16622.0, bed_util_ads: 0.129, bed_util_des: 0.072, frac_lost: 0.100, li_recovered:  4.086
L: 0.30, u_super: 0.00002, sec: 4.109, t_ads: 4641.0, t_des: 9431.0, bed_util_ads: 0.144, bed_util_des: 0.096, frac_lost: 0.100, li_recovered:  3.446
L: 0.30, u_super: 0.00001, sec: 1.504, t_ads: 9838.0, t_des: 17453.0, bed_util_ads: 0.129, bed_util_des: 0.070, frac_lost: 0.100, li_recovered:  4.202
L: 0.30, u_super: 0.00034, sec: 1475.350, t_ads: 316.0, t_des: 6795.0, bed_util_ads: 0.104, bed_util_des: 0.086, frac_lost: 0.100, li_recovered:  1.264
    20 |      800 |  9.921725E+01 |  1.4977031946
L: 0.30, u_super: 0.00017, sec: 214.175, t_ads: 610.0, t_des: 4998.0, bed_util_ads: 0.141, bed_util_des: 0.116, frac_lost: 0.100, li_recovered:  1.760
L: 0.30, u_super: 0.00020, sec: 295.352, t_ads: 522.0, t_des: 4537.0, bed_util_ads: 0.141, bed_util_des: 0.119, frac_lost: 0.100, li_recovered:  1.579
L: 0.30, u_super: 0.00001, sec: 1.518, t_ads: 9126.0, t_des: 13452.0, bed_util_ads: 0.132, bed_util_des: 0.083, frac_lost: 0.100, li_recovered:  3.450
L: 0.30, u_super: 0.00038, sec: 1042.351, t_ads: 260.0, t_des: 435.0, bed_util_ads: 0.281, bed_util_des: 0.278, frac_lost: 0.100, li_recovered:  0.223
L: 0.30, u_super: 0.00012, sec: 89.060, t_ads: 879.0, t_des: 4940.0, bed_util_ads: 0.153, bed_util_des: 0.124, frac_lost: 0.100, li_recovered:  2.066
L: 0.30, u_super: 0.00003, sec: 6.970, t_ads: 4025.0, t_des: 14625.0, bed_util_ads: 0.131, bed_util_des: 0.071, frac_lost: 0.100, li_recovered:  4.255
L: 0.30, u_super: 0.00001, sec: 1.525, t_ads: 9380.0, t_des: 15318.0, bed_util_ads: 0.130, bed_util_des: 0.077, frac_lost: 0.100, li_recovered:  3.854
L: 0.30, u_super: 0.00001, sec: 1.514, t_ads: 9157.0, t_des: 13595.0, bed_util_ads: 0.132, bed_util_des: 0.083, frac_lost: 0.100, li_recovered:  3.480
L: 0.30, u_super: 0.00001, sec: 1.614, t_ads: 8433.0, t_des: 10739.0, bed_util_ads: 0.134, bed_util_des: 0.094, frac_lost: 0.100, li_recovered:  2.849
L: 0.37, u_super: 0.00001, sec: 3.357, t_ads: 14357.0, t_des: 81135.0, bed_util_ads: 0.113, bed_util_des: 0.020, frac_lost: 0.100, li_recovered:  6.594
L: 0.30, u_super: 0.00020, sec: 382.666, t_ads: 514.0, t_des: 6194.0, bed_util_ads: 0.124, bed_util_des: 0.101, frac_lost: 0.100, li_recovered:  1.695
L: 0.30, u_super: 0.00010, sec: 103.436, t_ads: 1042.0, t_des: 10821.0, bed_util_ads: 0.119, bed_util_des: 0.081, frac_lost: 0.100, li_recovered:  2.738
L: 0.30, u_super: 0.00001, sec: 1.763, t_ads: 7805.0, t_des: 8888.0, bed_util_ads: 0.136, bed_util_des: 0.103, frac_lost: 0.100, li_recovered:  2.408
L: 0.30, u_super: 0.00008, sec: 75.571, t_ads: 1293.0, t_des: 13714.0, bed_util_ads: 0.115, bed_util_des: 0.071, frac_lost: 0.100, li_recovered:  3.137
L: 0.30, u_super: 0.00001, sec: 14.343, t_ads: 5821.0, t_des: 1659.0, bed_util_ads: 0.144, bed_util_des: 0.143, frac_lost: 0.100, li_recovered:  0.121
L: 0.30, u_super: 0.00001, sec: 1.507, t_ads: 9346.0, t_des: 14580.0, bed_util_ads: 0.131, bed_util_des: 0.079, frac_lost: 0.100, li_recovered:  3.683
L: 0.30, u_super: 0.00011, sec: 62.183, t_ads: 918.0, t_des: 2811.0, bed_util_ads: 0.187, bed_util_des: 0.165, frac_lost: 0.100, li_recovered:  1.593
L: 0.30, u_super: 0.00001, sec: 1.527, t_ads: 8995.0, t_des: 12805.0, bed_util_ads: 0.132, bed_util_des: 0.086, frac_lost: 0.100, li_recovered:  3.305
L: 0.30, u_super: 0.00001, sec: 1.626, t_ads: 8312.0, t_des: 9796.0, bed_util_ads: 0.135, bed_util_des: 0.098, frac_lost: 0.100, li_recovered:  2.579
L: 0.30, u_super: 0.00010, sec: 80.906, t_ads: 1030.0, t_des: 7476.0, bed_util_ads: 0.135, bed_util_des: 0.100, frac_lost: 0.100, li_recovered:  2.503
L: 0.30, u_super: 0.00019, sec: 775.346, t_ads: 548.0, t_des: 17811.0, bed_util_ads: 0.084, bed_util_des: 0.055, frac_lost: 0.100, li_recovered:  2.081
L: 0.30, u_super: 0.00003, sec: 6.556, t_ads: 3359.0, t_des: 7044.0, bed_util_ads: 0.154, bed_util_des: 0.113, frac_lost: 0.100, li_recovered:  2.979
L: 0.31, u_super: 0.00001, sec: inf, t_ads: 3281.0, t_des: 0.0, bed_util_ads: 0.171, bed_util_des: 0.171, frac_lost: 0.100, li_recovered:  0.000
L: 0.30, u_super: 0.00008, sec: 51.032, t_ads: 1064.0, t_des: 1638.0, bed_util_ads: 0.226, bed_util_des: 0.214, frac_lost: 0.100, li_recovered:  0.861
L: 0.30, u_super: 0.00004, sec: 10.649, t_ads: 2823.0, t_des: 9483.0, bed_util_ads: 0.143, bed_util_des: 0.093, frac_lost: 0.100, li_recovered:  3.509
L: 0.30, u_super: 0.00001, sec: 1.617, t_ads: 10464.0, t_des: 23980.0, bed_util_ads: 0.125, bed_util_des: 0.055, frac_lost: 0.100, li_recovered:  4.999
L: 0.57, u_super: 0.00044, sec: 2264.948, t_ads: 447.0, t_des: 7539.0, bed_util_ads: 0.111, bed_util_des: 0.088, frac_lost: 0.100, li_recovered:  1.618
L: 0.31, u_super: 0.00001, sec: 1.528, t_ads: 9500.0, t_des: 14628.0, bed_util_ads: 0.131, bed_util_des: 0.079, frac_lost: 0.100, li_recovered:  3.656
L: 0.30, u_super: 0.00001, sec: 1.645, t_ads: 8223.0, t_des: 9432.0, bed_util_ads: 0.135, bed_util_des: 0.100, frac_lost: 0.100, li_recovered:  2.485
L: 0.30, u_super: 0.00002, sec: 7.574, t_ads: 3216.0, t_des: 3214.0, bed_util_ads: 0.176, bed_util_des: 0.161, frac_lost: 0.100, li_recovered:  1.111
L: 0.30, u_super: 0.00006, sec: 24.450, t_ads: 1483.0, t_des: 3238.0, bed_util_ads: 0.187, bed_util_des: 0.162, frac_lost: 0.100, li_recovered:  1.797
L: 0.30, u_super: 0.00001, sec: 1.532, t_ads: 9645.0, t_des: 17119.0, bed_util_ads: 0.129, bed_util_des: 0.071, frac_lost: 0.100, li_recovered:  4.178
L: 0.30, u_super: 0.00001, sec: 1.523, t_ads: 10078.0, t_des: 19440.0, bed_util_ads: 0.128, bed_util_des: 0.065, frac_lost: 0.100, li_recovered:  4.496
L: 0.30, u_super: 0.00001, sec: 1.851, t_ads: 11087.0, t_des: 33962.0, bed_util_ads: 0.121, bed_util_des: 0.042, frac_lost: 0.100, li_recovered:  5.636
L: 0.43, u_super: 0.00001, sec: inf, t_ads: 6736.0, t_des: 0.0, bed_util_ads: 0.131, bed_util_des: 0.131, frac_lost: 0.100, li_recovered:  0.000
L: 0.30, u_super: 0.00001, sec: inf, t_ads: 4963.0, t_des: 0.0, bed_util_ads: 0.150, bed_util_des: 0.150, frac_lost: 0.100, li_recovered:  0.000
L: 0.30, u_super: 0.00001, sec: 1.528, t_ads: 9636.0, t_des: 16634.0, bed_util_ads: 0.129, bed_util_des: 0.072, frac_lost: 0.100, li_recovered:  4.084
L: 0.30, u_super: 0.00001, sec: 1.596, t_ads: 8462.0, t_des: 10416.0, bed_util_ads: 0.134, bed_util_des: 0.096, frac_lost: 0.100, li_recovered:  2.740
L: 0.30, u_super: 0.00001, sec: 1.544, t_ads: 10270.0, t_des: 20969.0, bed_util_ads: 0.127, bed_util_des: 0.061, frac_lost: 0.100, li_recovered:  4.682
L: 0.30, u_super: 0.00034, sec: 580.356, t_ads: 298.0, t_des: 717.0, bed_util_ads: 0.245, bed_util_des: 0.239, frac_lost: 0.101, li_recovered:  0.459
    21 |      840 |  8.524051E+01 |  1.4977031946
L: 0.37, u_super: 0.00004, sec: 12.992, t_ads: 3362.0, t_des: 12132.0, bed_util_ads: 0.135, bed_util_des: 0.080, frac_lost: 0.100, li_recovered:  3.923
L: 0.30, u_super: 0.00001, sec: 2.167, t_ads: 11398.0, t_des: 44761.0, bed_util_ads: 0.117, bed_util_des: 0.033, frac_lost: 0.100, li_recovered:  6.000
L: 0.43, u_super: 0.00001, sec: 2.056, t_ads: 11967.0, t_des: 14120.0, bed_util_ads: 0.125, bed_util_des: 0.083, frac_lost: 0.100, li_recovered:  2.941
L: 0.30, u_super: 0.00040, sec: 2621.565, t_ads: 263.0, t_des: 7630.0, bed_util_ads: 0.094, bed_util_des: 0.078, frac_lost: 0.101, li_recovered:  1.136
L: 0.30, u_super: 0.00001, sec: 2.352, t_ads: 6883.0, t_des: 4667.0, bed_util_ads: 0.140, bed_util_des: 0.124, frac_lost: 0.100, li_recovered:  1.138
L: 0.30, u_super: 0.00001, sec: 1.501, t_ads: 9754.0, t_des: 16972.0, bed_util_ads: 0.129, bed_util_des: 0.071, frac_lost: 0.100, li_recovered:  4.127
L: 0.30, u_super: 0.00001, sec: 1.499, t_ads: 9490.0, t_des: 15379.0, bed_util_ads: 0.130, bed_util_des: 0.077, frac_lost: 0.100, li_recovered:  3.840
L: 0.30, u_super: 0.00001, sec: 1.514, t_ads: 9158.0, t_des: 13596.0, bed_util_ads: 0.132, bed_util_des: 0.083, frac_lost: 0.100, li_recovered:  3.480
L: 0.30, u_super: 0.00001, sec: 1.584, t_ads: 8541.0, t_des: 10748.0, bed_util_ads: 0.134, bed_util_des: 0.094, frac_lost: 0.100, li_recovered:  2.824
L: 0.30, u_super: 0.00002, sec: 3.119, t_ads: 5292.0, t_des: 7994.0, bed_util_ads: 0.147, bed_util_des: 0.108, frac_lost: 0.100, li_recovered:  2.813
L: 0.30, u_super: 0.00020, sec: 779.428, t_ads: 521.0, t_des: 15477.0, bed_util_ads: 0.087, bed_util_des: 0.059, frac_lost: 0.100, li_recovered:  1.985
L: 0.30, u_super: 0.00001, sec: 1.508, t_ads: 9283.0, t_des: 14209.0, bed_util_ads: 0.131, bed_util_des: 0.081, frac_lost: 0.100, li_recovered:  3.607
L: 0.30, u_super: 0.00001, sec: 1.593, t_ads: 9035.0, t_des: 14670.0, bed_util_ads: 0.131, bed_util_des: 0.078, frac_lost: 0.100, li_recovered:  3.785
L: 0.30, u_super: 0.00001, sec: inf, t_ads: 4257.0, t_des: 0.0, bed_util_ads: 0.157, bed_util_des: 0.157, frac_lost: 0.100, li_recovered:  0.000
L: 0.30, u_super: 0.00011, sec: 66.174, t_ads: 943.0, t_des: 3813.0, bed_util_ads: 0.169, bed_util_des: 0.143, frac_lost: 0.100, li_recovered:  1.901
L: 0.30, u_super: 0.00001, sec: 1.505, t_ads: 9337.0, t_des: 14575.0, bed_util_ads: 0.131, bed_util_des: 0.079, frac_lost: 0.100, li_recovered:  3.684
L: 0.30, u_super: 0.00007, sec: 28.711, t_ads: 1554.0, t_des: 6260.0, bed_util_ads: 0.153, bed_util_des: 0.115, frac_lost: 0.100, li_recovered:  2.691
L: 0.30, u_super: 0.00001, sec: 1.527, t_ads: 8995.0, t_des: 12805.0, bed_util_ads: 0.132, bed_util_des: 0.086, frac_lost: 0.100, li_recovered:  3.306
L: 0.30, u_super: 0.00001, sec: 1.498, t_ads: 9618.0, t_des: 16126.0, bed_util_ads: 0.130, bed_util_des: 0.074, frac_lost: 0.100, li_recovered:  3.981
L: 0.31, u_super: 0.00004, sec: 10.678, t_ads: 2742.0, t_des: 7358.0, bed_util_ads: 0.152, bed_util_des: 0.109, frac_lost: 0.100, li_recovered:  3.107
L: 0.30, u_super: 0.00001, sec: 1.604, t_ads: 10539.0, t_des: 24191.0, bed_util_ads: 0.125, bed_util_des: 0.055, frac_lost: 0.100, li_recovered:  5.013
L: 0.30, u_super: 0.00001, sec: 1.599, t_ads: 8479.0, t_des: 10445.0, bed_util_ads: 0.134, bed_util_des: 0.096, frac_lost: 0.100, li_recovered:  2.745
L: 0.30, u_super: 0.00019, sec: 220.894, t_ads: 531.0, t_des: 3013.0, bed_util_ads: 0.165, bed_util_des: 0.146, frac_lost: 0.100, li_recovered:  1.387
L: 0.30, u_super: 0.00008, sec: 79.846, t_ads: 1276.0, t_des: 14131.0, bed_util_ads: 0.113, bed_util_des: 0.069, frac_lost: 0.100, li_recovered:  3.136
L: 0.30, u_super: 0.00001, sec: 1.575, t_ads: 8591.0, t_des: 10944.0, bed_util_ads: 0.134, bed_util_des: 0.093, frac_lost: 0.100, li_recovered:  2.871
L: 0.30, u_super: 0.00001, sec: 2.546, t_ads: 11583.0, t_des: 56948.0, bed_util_ads: 0.114, bed_util_des: 0.027, frac_lost: 0.100, li_recovered:  6.233
L: 0.57, u_super: 0.00001, sec: inf, t_ads: 3451.0, t_des: 0.0, bed_util_ads: 0.158, bed_util_des: 0.158, frac_lost: 0.100, li_recovered:  0.000
L: 0.31, u_super: 0.00001, sec: 2.119, t_ads: 11574.0, t_des: 42926.0, bed_util_ads: 0.118, bed_util_des: 0.034, frac_lost: 0.100, li_recovered:  5.955
L: 0.30, u_super: 0.00004, sec: 15.518, t_ads: 2656.0, t_des: 13791.0, bed_util_ads: 0.128, bed_util_des: 0.073, frac_lost: 0.100, li_recovered:  3.922
L: 0.30, u_super: 0.00001, sec: inf, t_ads: 4866.0, t_des: 0.0, bed_util_ads: 0.151, bed_util_des: 0.151, frac_lost: 0.100, li_recovered:  0.000
L: 0.30, u_super: 0.00005, sec: 16.341, t_ads: 2167.0, t_des: 7915.0, bed_util_ads: 0.147, bed_util_des: 0.103, frac_lost: 0.100, li_recovered:  3.151
L: 0.30, u_super: 0.00001, sec: 2.189, t_ads: 11175.0, t_des: 43374.0, bed_util_ads: 0.117, bed_util_des: 0.034, frac_lost: 0.100, li_recovered:  5.960
L: 0.30, u_super: 0.00018, sec: 426.937, t_ads: 586.0, t_des: 10862.0, bed_util_ads: 0.103, bed_util_des: 0.075, frac_lost: 0.100, li_recovered:  2.033
L: 0.30, u_super: 0.00001, sec: 1.523, t_ads: 10100.0, t_des: 19550.0, bed_util_ads: 0.127, bed_util_des: 0.064, frac_lost: 0.100, li_recovered:  4.509
L: 0.43, u_super: 0.00006, sec: 22.211, t_ads: 2381.0, t_des: 4596.0, bed_util_ads: 0.172, bed_util_des: 0.140, frac_lost: 0.100, li_recovered:  2.255
L: 0.30, u_super: 0.00007, sec: 29.160, t_ads: 1357.0, t_des: 3331.0, bed_util_ads: 0.185, bed_util_des: 0.159, frac_lost: 0.100, li_recovered:  1.851
L: 0.30, u_super: 0.00001, sec: 1.605, t_ads: 10547.0, t_des: 24179.0, bed_util_ads: 0.125, bed_util_des: 0.055, frac_lost: 0.100, li_recovered:  5.011
L: 0.30, u_super: 0.00001, sec: 1.596, t_ads: 8461.0, t_des: 10416.0, bed_util_ads: 0.134, bed_util_des: 0.096, frac_lost: 0.100, li_recovered:  2.740
L: 0.30, u_super: 0.00001, sec: 1.502, t_ads: 9826.0, t_des: 17446.0, bed_util_ads: 0.129, bed_util_des: 0.070, frac_lost: 0.100, li_recovered:  4.203
L: 0.30, u_super: 0.00034, sec: 1694.894, t_ads: 314.0, t_des: 8050.0, bed_util_ads: 0.097, bed_util_des: 0.079, frac_lost: 0.100, li_recovered:  1.294
    22 |      880 |  8.129517E+01 |  1.4975755215
L: 0.30, u_super: 0.00004, sec: 18.403, t_ads: 2894.0, t_des: 21658.0, bed_util_ads: 0.115, bed_util_des: 0.054, frac_lost: 0.100, li_recovered:  4.389
L: 0.30, u_super: 0.00001, sec: 2.006, t_ads: 11269.0, t_des: 39394.0, bed_util_ads: 0.119, bed_util_des: 0.037, frac_lost: 0.100, li_recovered:  5.846
L: 0.30, u_super: 0.00004, sec: 10.937, t_ads: 2948.0, t_des: 11373.0, bed_util_ads: 0.136, bed_util_des: 0.083, frac_lost: 0.100, li_recovered:  3.775
L: 0.30, u_super: 0.00001, sec: inf, t_ads: 1623.0, t_des: 0.0, bed_util_ads: 0.236, bed_util_des: 0.236, frac_lost: 0.100, li_recovered:  0.000
L: 0.30, u_super: 0.00003, sec: 7.127, t_ads: 3051.0, t_des: 4584.0, bed_util_ads: 0.170, bed_util_des: 0.142, frac_lost: 0.100, li_recovered:  2.012
L: 0.30, u_super: 0.00001, sec: 1.636, t_ads: 8275.0, t_des: 9637.0, bed_util_ads: 0.135, bed_util_des: 0.099, frac_lost: 0.100, li_recovered:  2.538
L: 0.30, u_super: 0.00009, sec: 46.559, t_ads: 1148.0, t_des: 4543.0, bed_util_ads: 0.164, bed_util_des: 0.133, frac_lost: 0.100, li_recovered:  2.176
L: 0.30, u_super: 0.00001, sec: 1.630, t_ads: 8290.0, t_des: 9714.0, bed_util_ads: 0.135, bed_util_des: 0.099, frac_lost: 0.100, li_recovered:  2.559
L: 0.30, u_super: 0.00001, sec: 1.582, t_ads: 8543.0, t_des: 10749.0, bed_util_ads: 0.134, bed_util_des: 0.094, frac_lost: 0.100, li_recovered:  2.823
L: 0.43, u_super: 0.00002, sec: 4.282, t_ads: 6987.0, t_des: 8036.0, bed_util_ads: 0.140, bed_util_des: 0.108, frac_lost: 0.100, li_recovered:  2.317
L: 0.30, u_super: 0.00001, sec: inf, t_ads: 4094.0, t_des: 0.0, bed_util_ads: 0.158, bed_util_des: 0.158, frac_lost: 0.100, li_recovered:  0.000
L: 0.30, u_super: 0.00007, sec: 46.748, t_ads: 1494.0, t_des: 11359.0, bed_util_ads: 0.125, bed_util_des: 0.081, frac_lost: 0.100, li_recovered:  3.191
L: 0.30, u_super: 0.00001, sec: 1.502, t_ads: 9395.0, t_des: 14856.0, bed_util_ads: 0.131, bed_util_des: 0.078, frac_lost: 0.100, li_recovered:  3.738
L: 0.30, u_super: 0.00008, sec: 38.864, t_ads: 1150.0, t_des: 2665.0, bed_util_ads: 0.195, bed_util_des: 0.174, frac_lost: 0.100, li_recovered:  1.551
L: 0.30, u_super: 0.00001, sec: 1.554, t_ads: 10318.0, t_des: 21559.0, bed_util_ads: 0.126, bed_util_des: 0.060, frac_lost: 0.100, li_recovered:  4.750
L: 0.31, u_super: 0.00001, sec: 1.532, t_ads: 9513.0, t_des: 14657.0, bed_util_ads: 0.131, bed_util_des: 0.079, frac_lost: 0.100, li_recovered:  3.660
L: 0.30, u_super: 0.00007, sec: 25.816, t_ads: 1437.0, t_des: 3105.0, bed_util_ads: 0.189, bed_util_des: 0.165, frac_lost: 0.100, li_recovered:  1.739
L: 0.30, u_super: 0.00001, sec: 1.527, t_ads: 8997.0, t_des: 12806.0, bed_util_ads: 0.132, bed_util_des: 0.086, frac_lost: 0.100, li_recovered:  3.305
L: 0.30, u_super: 0.00001, sec: 1.497, t_ads: 9619.0, t_des: 16126.0, bed_util_ads: 0.130, bed_util_des: 0.074, frac_lost: 0.100, li_recovered:  3.980
L: 0.31, u_super: 0.00004, sec: 12.117, t_ads: 2872.0, t_des: 10724.0, bed_util_ads: 0.138, bed_util_des: 0.087, frac_lost: 0.100, li_recovered:  3.686
L: 0.30, u_super: 0.00001, sec: 1.624, t_ads: 10458.0, t_des: 24138.0, bed_util_ads: 0.125, bed_util_des: 0.055, frac_lost: 0.100, li_recovered:  5.015
L: 0.30, u_super: 0.00001, sec: 1.503, t_ads: 9760.0, t_des: 16974.0, bed_util_ads: 0.129, bed_util_des: 0.071, frac_lost: 0.100, li_recovered:  4.126
L: 0.30, u_super: 0.00001, sec: inf, t_ads: 3275.0, t_des: 0.0, bed_util_ads: 0.171, bed_util_des: 0.171, frac_lost: 0.100, li_recovered:  0.000
L: 0.30, u_super: 0.00008, sec: 50.956, t_ads: 1064.0, t_des: 1639.0, bed_util_ads: 0.226, bed_util_des: 0.214, frac_lost: 0.100, li_recovered:  0.862
L: 0.30, u_super: 0.00001, sec: 2.104, t_ads: 11343.0, t_des: 42691.0, bed_util_ads: 0.118, bed_util_des: 0.034, frac_lost: 0.100, li_recovered:  5.945
L: 0.30, u_super: 0.00001, sec: 1.604, t_ads: 10510.0, t_des: 24009.0, bed_util_ads: 0.125, bed_util_des: 0.055, frac_lost: 0.100, li_recovered:  4.998
L: 0.30, u_super: 0.00044, sec: 988.099, t_ads: 232.0, t_des: 1004.0, bed_util_ads: 0.204, bed_util_des: 0.196, frac_lost: 0.101, li_recovered:  0.574
L: 0.31, u_super: 0.00001, sec: 1.683, t_ads: 10941.0, t_des: 27085.0, bed_util_ads: 0.123, bed_util_des: 0.050, frac_lost: 0.100, li_recovered:  5.232
L: 0.30, u_super: 0.00001, sec: 1.499, t_ads: 9670.0, t_des: 16391.0, bed_util_ads: 0.130, bed_util_des: 0.073, frac_lost: 0.100, li_recovered:  4.025
L: 0.30, u_super: 0.00001, sec: 1.530, t_ads: 10163.0, t_des: 20180.0, bed_util_ads: 0.127, bed_util_des: 0.063, frac_lost: 0.100, li_recovered:  4.590
L: 0.30, u_super: 0.00005, sec: 35.706, t_ads: 2341.0, t_des: 27591.0, bed_util_ads: 0.105, bed_util_des: 0.045, frac_lost: 0.100, li_recovered:  4.282
L: 0.30, u_super: 0.00001, sec: 1.533, t_ads: 9650.0, t_des: 17123.0, bed_util_ads: 0.129, bed_util_des: 0.071, frac_lost: 0.100, li_recovered:  4.178
L: 0.30, u_super: 0.00001, sec: 1.499, t_ads: 9576.0, t_des: 15872.0, bed_util_ads: 0.130, bed_util_des: 0.075, frac_lost: 0.100, li_recovered:  3.934
L: 0.30, u_super: 0.00001, sec: 1.831, t_ads: 11060.0, t_des: 33264.0, bed_util_ads: 0.121, bed_util_des: 0.042, frac_lost: 0.100, li_recovered:  5.603
L: 0.30, u_super: 0.00002, sec: 5.726, t_ads: 3521.0, t_des: 4709.0, bed_util_ads: 0.166, bed_util_des: 0.140, frac_lost: 0.100, li_recovered:  1.892
L: 0.30, u_super: 0.00001, sec: inf, t_ads: 4974.0, t_des: 0.0, bed_util_ads: 0.150, bed_util_des: 0.150, frac_lost: 0.100, li_recovered:  0.000
L: 0.30, u_super: 0.00001, sec: 1.524, t_ads: 9605.0, t_des: 16616.0, bed_util_ads: 0.130, bed_util_des: 0.072, frac_lost: 0.100, li_recovered:  4.087
L: 0.30, u_super: 0.00017, sec: 280.375, t_ads: 607.0, t_des: 7157.0, bed_util_ads: 0.123, bed_util_des: 0.096, frac_lost: 0.100, li_recovered:  1.921
L: 0.30, u_super: 0.00001, sec: 1.502, t_ads: 9822.0, t_des: 17444.0, bed_util_ads: 0.129, bed_util_des: 0.070, frac_lost: 0.100, li_recovered:  4.204
L: 0.30, u_super: 0.00034, sec: 2283.693, t_ads: 315.0, t_des: 11550.0, bed_util_ads: 0.083, bed_util_des: 0.064, frac_lost: 0.100, li_recovered:  1.363
    23 |      920 |  8.074535E+01 |  1.4972797632
L: 0.30, u_super: 0.00001, sec: 1.506, t_ads: 9289.0, t_des: 14279.0, bed_util_ads: 0.131, bed_util_des: 0.080, frac_lost: 0.100, li_recovered:  3.623
L: 0.30, u_super: 0.00001, sec: 1.522, t_ads: 9059.0, t_des: 13092.0, bed_util_ads: 0.132, bed_util_des: 0.085, frac_lost: 0.100, li_recovered:  3.369
L: 0.30, u_super: 0.00001, sec: 1.518, t_ads: 9128.0, t_des: 13453.0, bed_util_ads: 0.132, bed_util_des: 0.083, frac_lost: 0.100, li_recovered:  3.449
L: 0.30, u_super: 0.00038, sec: 1846.474, t_ads: 278.0, t_des: 5978.0, bed_util_ads: 0.106, bed_util_des: 0.090, frac_lost: 0.100, li_recovered:  1.134
L: 0.30, u_super: 0.00004, sec: 11.390, t_ads: 2399.0, t_des: 5796.0, bed_util_ads: 0.161, bed_util_des: 0.124, frac_lost: 0.100, li_recovered:  2.699
L: 0.30, u_super: 0.00001, sec: 1.500, t_ads: 9749.0, t_des: 16968.0, bed_util_ads: 0.129, bed_util_des: 0.071, frac_lost: 0.100, li_recovered:  4.127
L: 0.30, u_super: 0.00005, sec: 20.096, t_ads: 2288.0, t_des: 12781.0, bed_util_ads: 0.129, bed_util_des: 0.077, frac_lost: 0.100, li_recovered:  3.720
L: 0.43, u_super: 0.00001, sec: 2.078, t_ads: 12161.0, t_des: 14327.0, bed_util_ads: 0.124, bed_util_des: 0.083, frac_lost: 0.100, li_recovered:  2.951
L: 0.30, u_super: 0.00001, sec: 1.582, t_ads: 8542.0, t_des: 10748.0, bed_util_ads: 0.134, bed_util_des: 0.094, frac_lost: 0.100, li_recovered:  2.823
L: 0.30, u_super: 0.00001, sec: 1.618, t_ads: 10597.0, t_des: 24830.0, bed_util_ads: 0.125, bed_util_des: 0.054, frac_lost: 0.100, li_recovered:  5.067
L: 0.30, u_super: 0.00020, sec: 214.863, t_ads: 494.0, t_des: 1916.0, bed_util_ads: 0.193, bed_util_des: 0.178, frac_lost: 0.100, li_recovered:  1.085
L: 0.30, u_super: 0.00001, sec: 1.507, t_ads: 9274.0, t_des: 14203.0, bed_util_ads: 0.131, bed_util_des: 0.081, frac_lost: 0.100, li_recovered:  3.607
L: 0.30, u_super: 0.00001, sec: 1.502, t_ads: 9397.0, t_des: 14857.0, bed_util_ads: 0.131, bed_util_des: 0.078, frac_lost: 0.100, li_recovered:  3.738
L: 0.30, u_super: 0.00008, sec: 38.830, t_ads: 1151.0, t_des: 2668.0, bed_util_ads: 0.195, bed_util_des: 0.174, frac_lost: 0.100, li_recovered:  1.554
L: 0.30, u_super: 0.00001, sec: 1.553, t_ads: 10310.0, t_des: 21554.0, bed_util_ads: 0.126, bed_util_des: 0.060, frac_lost: 0.100, li_recovered:  4.751
L: 0.30, u_super: 0.00001, sec: 2.286, t_ads: 11445.0, t_des: 48518.0, bed_util_ads: 0.116, bed_util_des: 0.031, frac_lost: 0.100, li_recovered:  6.085
L: 0.30, u_super: 0.00010, sec: 56.178, t_ads: 965.0, t_des: 2851.0, bed_util_ads: 0.188, bed_util_des: 0.165, frac_lost: 0.100, li_recovered:  1.621
L: 0.30, u_super: 0.00001, sec: 1.527, t_ads: 8997.0, t_des: 12806.0, bed_util_ads: 0.132, bed_util_des: 0.086, frac_lost: 0.100, li_recovered:  3.305
L: 0.30, u_super: 0.00001, sec: 1.497, t_ads: 9619.0, t_des: 16126.0, bed_util_ads: 0.130, bed_util_des: 0.074, frac_lost: 0.100, li_recovered:  3.980
L: 0.31, u_super: 0.00001, sec: 1.879, t_ads: 7960.0, t_des: 7462.0, bed_util_ads: 0.135, bed_util_des: 0.109, frac_lost: 0.100, li_recovered:  1.901
L: 0.30, u_super: 0.00001, sec: 1.497, t_ads: 9653.0, t_des: 16349.0, bed_util_ads: 0.130, bed_util_des: 0.073, frac_lost: 0.100, li_recovered:  4.021
L: 0.30, u_super: 0.00001, sec: 2.971, t_ads: 11714.0, t_des: 70072.0, bed_util_ads: 0.112, bed_util_des: 0.023, frac_lost: 0.100, li_recovered:  6.385
L: 0.30, u_super: 0.00001, sec: inf, t_ads: 3275.0, t_des: 0.0, bed_util_ads: 0.171, bed_util_des: 0.171, frac_lost: 0.100, li_recovered:  0.000
L: 0.30, u_super: 0.00008, sec: 50.884, t_ads: 1064.0, t_des: 1640.0, bed_util_ads: 0.226, bed_util_des: 0.214, frac_lost: 0.100, li_recovered:  0.864
L: 0.30, u_super: 0.00001, sec: 1.575, t_ads: 8590.0, t_des: 10943.0, bed_util_ads: 0.134, bed_util_des: 0.093, frac_lost: 0.100, li_recovered:  2.871
L: 0.30, u_super: 0.00001, sec: 1.600, t_ads: 10527.0, t_des: 24021.0, bed_util_ads: 0.125, bed_util_des: 0.055, frac_lost: 0.100, li_recovered:  4.998
L: 0.57, u_super: 0.00001, sec: inf, t_ads: 3451.0, t_des: 0.0, bed_util_ads: 0.158, bed_util_des: 0.158, frac_lost: 0.100, li_recovered:  0.000
L: 0.31, u_super: 0.00001, sec: 1.523, t_ads: 9646.0, t_des: 15426.0, bed_util_ads: 0.130, bed_util_des: 0.077, frac_lost: 0.100, li_recovered:  3.812
L: 0.30, u_super: 0.00001, sec: 1.497, t_ads: 9658.0, t_des: 16384.0, bed_util_ads: 0.130, bed_util_des: 0.073, frac_lost: 0.100, li_recovered:  4.027
L: 0.30, u_super: 0.00001, sec: 1.530, t_ads: 10166.0, t_des: 20183.0, bed_util_ads: 0.127, bed_util_des: 0.063, frac_lost: 0.100, li_recovered:  4.591
L: 0.30, u_super: 0.00005, sec: 15.424, t_ads: 1916.0, t_des: 3354.0, bed_util_ads: 0.186, bed_util_des: 0.162, frac_lost: 0.100, li_recovered:  1.745
L: 0.30, u_super: 0.00001, sec: 5.823, t_ads: 5958.0, t_des: 2217.0, bed_util_ads: 0.144, bed_util_des: 0.139, frac_lost: 0.100, li_recovered:  0.336
L: 0.30, u_super: 0.00001, sec: 1.498, t_ads: 9568.0, t_des: 15866.0, bed_util_ads: 0.130, bed_util_des: 0.075, frac_lost: 0.100, li_recovered:  3.934
L: 0.30, u_super: 0.00001, sec: 2.068, t_ads: 11321.0, t_des: 41486.0, bed_util_ads: 0.118, bed_util_des: 0.035, frac_lost: 0.100, li_recovered:  5.911
L: 0.30, u_super: 0.00002, sec: 6.083, t_ads: 4443.0, t_des: 15949.0, bed_util_ads: 0.129, bed_util_des: 0.068, frac_lost: 0.100, li_recovered:  4.413
L: 0.30, u_super: 0.00007, sec: 29.160, t_ads: 1357.0, t_des: 3331.0, bed_util_ads: 0.185, bed_util_des: 0.159, frac_lost: 0.100, li_recovered:  1.851
L: 0.30, u_super: 0.00001, sec: 1.530, t_ads: 9233.0, t_des: 14425.0, bed_util_ads: 0.131, bed_util_des: 0.080, frac_lost: 0.100, li_recovered:  3.673
L: 0.30, u_super: 0.00001, sec: 1.498, t_ads: 9594.0, t_des: 16015.0, bed_util_ads: 0.130, bed_util_des: 0.074, frac_lost: 0.100, li_recovered:  3.961
L: 0.30, u_super: 0.00001, sec: 1.502, t_ads: 9823.0, t_des: 17445.0, bed_util_ads: 0.129, bed_util_des: 0.070, frac_lost: 0.100, li_recovered:  4.204
L: 0.30, u_super: 0.00001, sec: inf, t_ads: 2244.0, t_des: 0.0, bed_util_ads: 0.201, bed_util_des: 0.201, frac_lost: 0.100, li_recovered:  0.000
    24 |      960 |  8.018630E+01 |  1.4969377518
L: 0.30, u_super: 0.00001, sec: 2.081, t_ads: 7176.0, t_des: 5655.0, bed_util_ads: 0.138, bed_util_des: 0.119, frac_lost: 0.100, li_recovered:  1.427
L: 0.30, u_super: 0.00001, sec: 1.723, t_ads: 10869.0, t_des: 29227.0, bed_util_ads: 0.122, bed_util_des: 0.047, frac_lost: 0.100, li_recovered:  5.386
L: 0.30, u_super: 0.00001, sec: 1.517, t_ads: 9123.0, t_des: 13452.0, bed_util_ads: 0.132, bed_util_des: 0.083, frac_lost: 0.100, li_recovered:  3.451
L: 0.30, u_super: 0.00038, sec: 1030.108, t_ads: 261.0, t_des: 438.0, bed_util_ads: 0.281, bed_util_des: 0.278, frac_lost: 0.101, li_recovered:  0.227
L: 0.30, u_super: 0.00001, sec: 2.349, t_ads: 6881.0, t_des: 4671.0, bed_util_ads: 0.140, bed_util_des: 0.124, frac_lost: 0.100, li_recovered:  1.139
L: 0.30, u_super: 0.00001, sec: 1.499, t_ads: 9744.0, t_des: 16966.0, bed_util_ads: 0.129, bed_util_des: 0.071, frac_lost: 0.100, li_recovered:  4.128
L: 0.30, u_super: 0.00001, sec: 1.517, t_ads: 9114.0, t_des: 13370.0, bed_util_ads: 0.132, bed_util_des: 0.084, frac_lost: 0.100, li_recovered:  3.431
L: 0.30, u_super: 0.00001, sec: inf, t_ads: 5528.0, t_des: 0.0, bed_util_ads: 0.146, bed_util_des: 0.146, frac_lost: 0.100, li_recovered:  0.000
L: 0.30, u_super: 0.00001, sec: 1.582, t_ads: 8543.0, t_des: 10748.0, bed_util_ads: 0.134, bed_util_des: 0.094, frac_lost: 0.100, li_recovered:  2.823
L: 0.30, u_super: 0.00001, sec: 1.543, t_ads: 8856.0, t_des: 12110.0, bed_util_ads: 0.133, bed_util_des: 0.089, frac_lost: 0.100, li_recovered:  3.145
L: 0.30, u_super: 0.00020, sec: 206.529, t_ads: 503.0, t_des: 1933.0, bed_util_ads: 0.193, bed_util_des: 0.178, frac_lost: 0.100, li_recovered:  1.098
L: 0.30, u_super: 0.00001, sec: 1.507, t_ads: 9274.0, t_des: 14204.0, bed_util_ads: 0.131, bed_util_des: 0.081, frac_lost: 0.100, li_recovered:  3.607
L: 0.30, u_super: 0.00001, sec: 1.499, t_ads: 9750.0, t_des: 16984.0, bed_util_ads: 0.129, bed_util_des: 0.071, frac_lost: 0.100, li_recovered:  4.130
L: 0.30, u_super: 0.00008, sec: 38.864, t_ads: 1150.0, t_des: 2665.0, bed_util_ads: 0.195, bed_util_des: 0.174, frac_lost: 0.100, li_recovered:  1.551
L: 0.30, u_super: 0.00001, sec: 1.553, t_ads: 10304.0, t_des: 21550.0, bed_util_ads: 0.126, bed_util_des: 0.060, frac_lost: 0.100, li_recovered:  4.751
L: 0.30, u_super: 0.00001, sec: 1.504, t_ads: 9345.0, t_des: 14580.0, bed_util_ads: 0.131, bed_util_des: 0.079, frac_lost: 0.100, li_recovered:  3.684
L: 0.30, u_super: 0.00007, sec: 57.816, t_ads: 1656.0, t_des: 19721.0, bed_util_ads: 0.107, bed_util_des: 0.056, frac_lost: 0.100, li_recovered:  3.655
L: 0.30, u_super: 0.00001, sec: 1.505, t_ads: 9898.0, t_des: 18016.0, bed_util_ads: 0.128, bed_util_des: 0.068, frac_lost: 0.100, li_recovered:  4.294
L: 0.30, u_super: 0.00005, sec: 20.713, t_ads: 2296.0, t_des: 13443.0, bed_util_ads: 0.127, bed_util_des: 0.074, frac_lost: 0.100, li_recovered:  3.769
L: 0.31, u_super: 0.00001, sec: 1.879, t_ads: 7963.0, t_des: 7460.0, bed_util_ads: 0.135, bed_util_des: 0.109, frac_lost: 0.100, li_recovered:  1.900
L: 0.30, u_super: 0.00001, sec: inf, t_ads: 3890.0, t_des: 0.0, bed_util_ads: 0.161, bed_util_des: 0.161, frac_lost: 0.100, li_recovered:  0.000
L: 0.30, u_super: 0.00001, sec: 1.501, t_ads: 9740.0, t_des: 16963.0, bed_util_ads: 0.129, bed_util_des: 0.071, frac_lost: 0.100, li_recovered:  4.128
L: 0.30, u_super: 0.00019, sec: 459.256, t_ads: 548.0, t_des: 9641.0, bed_util_ads: 0.106, bed_util_des: 0.079, frac_lost: 0.100, li_recovered:  1.917
L: 0.30, u_super: 0.00008, sec: 50.955, t_ads: 1064.0, t_des: 1639.0, bed_util_ads: 0.226, bed_util_des: 0.214, frac_lost: 0.100, li_recovered:  0.862
L: 0.30, u_super: 0.00001, sec: 1.554, t_ads: 8747.0, t_des: 11639.0, bed_util_ads: 0.133, bed_util_des: 0.091, frac_lost: 0.100, li_recovered:  3.037
L: 0.30, u_super: 0.00001, sec: 1.600, t_ads: 10524.0, t_des: 24018.0, bed_util_ads: 0.125, bed_util_des: 0.055, frac_lost: 0.100, li_recovered:  4.997
L: 0.30, u_super: 0.00044, sec: 991.971, t_ads: 231.0, t_des: 997.0, bed_util_ads: 0.204, bed_util_des: 0.196, frac_lost: 0.100, li_recovered:  0.568
L: 0.31, u_super: 0.00001, sec: 1.522, t_ads: 9657.0, t_des: 15487.0, bed_util_ads: 0.130, bed_util_des: 0.077, frac_lost: 0.100, li_recovered:  3.824
L: 0.30, u_super: 0.00001, sec: 1.499, t_ads: 9786.0, t_des: 17215.0, bed_util_ads: 0.129, bed_util_des: 0.071, frac_lost: 0.100, li_recovered:  4.168
L: 0.30, u_super: 0.00001, sec: 1.530, t_ads: 10164.0, t_des: 20181.0, bed_util_ads: 0.127, bed_util_des: 0.063, frac_lost: 0.100, li_recovered:  4.590
L: 0.43, u_super: 0.00005, sec: 20.596, t_ads: 2563.0, t_des: 3411.0, bed_util_ads: 0.183, bed_util_des: 0.162, frac_lost: 0.100, li_recovered:  1.481
L: 0.30, u_super: 0.00001, sec: 1.499, t_ads: 9783.0, t_des: 17201.0, bed_util_ads: 0.129, bed_util_des: 0.071, frac_lost: 0.100, li_recovered:  4.166
L: 0.30, u_super: 0.00001, sec: 1.497, t_ads: 9573.0, t_des: 15869.0, bed_util_ads: 0.130, bed_util_des: 0.075, frac_lost: 0.100, li_recovered:  3.934
L: 0.30, u_super: 0.00001, sec: 1.521, t_ads: 10092.0, t_des: 19546.0, bed_util_ads: 0.128, bed_util_des: 0.064, frac_lost: 0.100, li_recovered:  4.509
L: 0.30, u_super: 0.00001, sec: 7.023, t_ads: 5967.0, t_des: 2051.0, bed_util_ads: 0.144, bed_util_des: 0.140, frac_lost: 0.100, li_recovered:  0.264
L: 0.30, u_super: 0.00007, sec: 32.418, t_ads: 1435.0, t_des: 5738.0, bed_util_ads: 0.156, bed_util_des: 0.120, frac_lost: 0.100, li_recovered:  2.547
L: 0.30, u_super: 0.00015, sec: 309.535, t_ads: 687.0, t_des: 11955.0, bed_util_ads: 0.104, bed_util_des: 0.072, frac_lost: 0.100, li_recovered:  2.259
L: 0.30, u_super: 0.00001, sec: 1.532, t_ads: 8949.0, t_des: 12597.0, bed_util_ads: 0.132, bed_util_des: 0.087, frac_lost: 0.100, li_recovered:  3.259
L: 0.30, u_super: 0.00001, sec: 1.502, t_ads: 9822.0, t_des: 17444.0, bed_util_ads: 0.129, bed_util_des: 0.070, frac_lost: 0.100, li_recovered:  4.204
L: 0.30, u_super: 0.00034, sec: 1775.935, t_ads: 314.0, t_des: 8518.0, bed_util_ads: 0.095, bed_util_des: 0.076, frac_lost: 0.100, li_recovered:  1.304
    25 |     1000 |  7.997624E+01 |  1.4969377518
L: 0.30, u_super: 0.00004, sec: 12.755, t_ads: 2782.0, t_des: 12000.0, bed_util_ads: 0.134, bed_util_des: 0.080, frac_lost: 0.100, li_recovered:  3.806
L: 0.30, u_super: 0.00001, sec: 1.500, t_ads: 9786.0, t_des: 17194.0, bed_util_ads: 0.129, bed_util_des: 0.071, frac_lost: 0.100, li_recovered:  4.163
L: 0.30, u_super: 0.00001, sec: 1.515, t_ads: 9129.0, t_des: 13454.0, bed_util_ads: 0.132, bed_util_des: 0.083, frac_lost: 0.100, li_recovered:  3.449
L: 0.30, u_super: 0.00039, sec: 12008.765, t_ads: 271.0, t_des: 45107.0, bed_util_ads: 0.046, bed_util_des: 0.027, frac_lost: 0.101, li_recovered:  1.360
L: 0.30, u_super: 0.00001, sec: 1.499, t_ads: 9726.0, t_des: 16839.0, bed_util_ads: 0.129, bed_util_des: 0.072, frac_lost: 0.100, li_recovered:  4.106
L: 0.30, u_super: 0.00001, sec: 1.498, t_ads: 9749.0, t_des: 16970.0, bed_util_ads: 0.129, bed_util_des: 0.071, frac_lost: 0.100, li_recovered:  4.128
L: 0.30, u_super: 0.00001, sec: 1.499, t_ads: 9489.0, t_des: 15380.0, bed_util_ads: 0.130, bed_util_des: 0.077, frac_lost: 0.100, li_recovered:  3.841
L: 0.30, u_super: 0.00001, sec: 1.513, t_ads: 9158.0, t_des: 13597.0, bed_util_ads: 0.132, bed_util_des: 0.083, frac_lost: 0.100, li_recovered:  3.480
L: 0.30, u_super: 0.00001, sec: 1.582, t_ads: 8542.0, t_des: 10748.0, bed_util_ads: 0.134, bed_util_des: 0.094, frac_lost: 0.100, li_recovered:  2.823
L: 0.30, u_super: 0.00001, sec: 1.645, t_ads: 8228.0, t_des: 9434.0, bed_util_ads: 0.135, bed_util_des: 0.100, frac_lost: 0.100, li_recovered:  2.484
L: 0.30, u_super: 0.00020, sec: 206.629, t_ads: 503.0, t_des: 1932.0, bed_util_ads: 0.193, bed_util_des: 0.178, frac_lost: 0.100, li_recovered:  1.097
L: 0.30, u_super: 0.00001, sec: 1.507, t_ads: 9274.0, t_des: 14203.0, bed_util_ads: 0.131, bed_util_des: 0.081, frac_lost: 0.100, li_recovered:  3.607
L: 0.30, u_super: 0.00002, sec: 3.151, t_ads: 6182.0, t_des: 15229.0, bed_util_ads: 0.132, bed_util_des: 0.071, frac_lost: 0.100, li_recovered:  4.350
L: 0.30, u_super: 0.00008, sec: 230.784, t_ads: 1325.0, t_des: 51877.0, bed_util_ads: 0.078, bed_util_des: 0.028, frac_lost: 0.100, li_recovered:  3.642
L: 0.30, u_super: 0.00019, sec: 687.916, t_ads: 546.0, t_des: 15442.0, bed_util_ads: 0.088, bed_util_des: 0.060, frac_lost: 0.100, li_recovered:  2.043
L: 0.30, u_super: 0.00023, sec: 672.407, t_ads: 465.0, t_des: 9194.0, bed_util_ads: 0.103, bed_util_des: 0.079, frac_lost: 0.100, li_recovered:  1.718
L: 0.30, u_super: 0.00007, sec: 26.072, t_ads: 1425.0, t_des: 2946.0, bed_util_ads: 0.192, bed_util_des: 0.169, frac_lost: 0.100, li_recovered:  1.657
L: 0.30, u_super: 0.00001, sec: 1.505, t_ads: 9900.0, t_des: 18017.0, bed_util_ads: 0.128, bed_util_des: 0.068, frac_lost: 0.100, li_recovered:  4.293
L: 0.30, u_super: 0.00001, sec: 1.497, t_ads: 9617.0, t_des: 16125.0, bed_util_ads: 0.130, bed_util_des: 0.074, frac_lost: 0.100, li_recovered:  3.980
L: 0.31, u_super: 0.00001, sec: 1.879, t_ads: 7963.0, t_des: 7460.0, bed_util_ads: 0.135, bed_util_des: 0.109, frac_lost: 0.100, li_recovered:  1.900
L: 0.30, u_super: 0.00001, sec: 1.497, t_ads: 9652.0, t_des: 16348.0, bed_util_ads: 0.130, bed_util_des: 0.073, frac_lost: 0.100, li_recovered:  4.021
L: 0.30, u_super: 0.00001, sec: 1.499, t_ads: 9683.0, t_des: 16594.0, bed_util_ads: 0.129, bed_util_des: 0.073, frac_lost: 0.100, li_recovered:  4.065
L: 0.30, u_super: 0.00001, sec: inf, t_ads: 3275.0, t_des: 0.0, bed_util_ads: 0.171, bed_util_des: 0.171, frac_lost: 0.100, li_recovered:  0.000
L: 0.30, u_super: 0.00008, sec: 50.883, t_ads: 1064.0, t_des: 1640.0, bed_util_ads: 0.226, bed_util_des: 0.214, frac_lost: 0.100, li_recovered:  0.864
L: 0.30, u_super: 0.00001, sec: 1.503, t_ads: 9856.0, t_des: 17695.0, bed_util_ads: 0.129, bed_util_des: 0.069, frac_lost: 0.100, li_recovered:  4.244
L: 0.30, u_super: 0.00001, sec: 1.630, t_ads: 8286.0, t_des: 9695.0, bed_util_ads: 0.135, bed_util_des: 0.099, frac_lost: 0.100, li_recovered:  2.554
L: 0.57, u_super: 0.00001, sec: inf, t_ads: 3451.0, t_des: 0.0, bed_util_ads: 0.158, bed_util_des: 0.158, frac_lost: 0.100, li_recovered:  0.000
L: 0.30, u_super: 0.00001, sec: 1.499, t_ads: 9491.0, t_des: 15397.0, bed_util_ads: 0.130, bed_util_des: 0.077, frac_lost: 0.100, li_recovered:  3.844
L: 0.30, u_super: 0.00001, sec: 1.497, t_ads: 9691.0, t_des: 16590.0, bed_util_ads: 0.129, bed_util_des: 0.073, frac_lost: 0.100, li_recovered:  4.063
L: 0.30, u_super: 0.00001, sec: 2.046, t_ads: 7226.0, t_des: 5825.0, bed_util_ads: 0.138, bed_util_des: 0.118, frac_lost: 0.100, li_recovered:  1.477
L: 0.30, u_super: 0.00005, sec: 15.424, t_ads: 1916.0, t_des: 3354.0, bed_util_ads: 0.186, bed_util_des: 0.162, frac_lost: 0.100, li_recovered:  1.745
L: 0.33, u_super: 0.00006, sec: 43.722, t_ads: 1812.0, t_des: 14179.0, bed_util_ads: 0.121, bed_util_des: 0.071, frac_lost: 0.100, li_recovered:  3.566
L: 0.30, u_super: 0.00006, sec: 27.653, t_ads: 1894.0, t_des: 11358.0, bed_util_ads: 0.130, bed_util_des: 0.082, frac_lost: 0.100, li_recovered:  3.438
L: 0.30, u_super: 0.00001, sec: 1.522, t_ads: 10090.0, t_des: 19544.0, bed_util_ads: 0.128, bed_util_des: 0.064, frac_lost: 0.100, li_recovered:  4.509
L: 0.30, u_super: 0.00002, sec: 5.412, t_ads: 3628.0, t_des: 5285.0, bed_util_ads: 0.163, bed_util_des: 0.133, frac_lost: 0.100, li_recovered:  2.168
L: 0.30, u_super: 0.00001, sec: inf, t_ads: 4975.0, t_des: 0.0, bed_util_ads: 0.150, bed_util_des: 0.150, frac_lost: 0.100, li_recovered:  0.000
L: 0.30, u_super: 0.00001, sec: 1.523, t_ads: 9596.0, t_des: 16610.0, bed_util_ads: 0.130, bed_util_des: 0.072, frac_lost: 0.100, li_recovered:  4.088
L: 0.30, u_super: 0.00011, sec: 123.072, t_ads: 1010.0, t_des: 12269.0, bed_util_ads: 0.113, bed_util_des: 0.074, frac_lost: 0.100, li_recovered:  2.763
L: 0.30, u_super: 0.00001, sec: 1.501, t_ads: 9824.0, t_des: 17446.0, bed_util_ads: 0.129, bed_util_des: 0.070, frac_lost: 0.100, li_recovered:  4.204
L: 0.40, u_super: 0.00001, sec: inf, t_ads: 2250.0, t_des: 0.0, bed_util_ads: 0.198, bed_util_des: 0.198, frac_lost: 0.100, li_recovered:  0.000
    26 |     1040 |  7.994457E+01 |  1.4969377518
L: 0.30, u_super: 0.00001, sec: 1.506, t_ads: 9288.0, t_des: 14278.0, bed_util_ads: 0.131, bed_util_des: 0.080, frac_lost: 0.100, li_recovered:  3.623
L: 0.30, u_super: 0.00001, sec: 3.162, t_ads: 11743.0, t_des: 76133.0, bed_util_ads: 0.111, bed_util_des: 0.021, frac_lost: 0.100, li_recovered:  6.434
L: 0.30, u_super: 0.00001, sec: 1.498, t_ads: 9718.0, t_des: 16782.0, bed_util_ads: 0.129, bed_util_des: 0.072, frac_lost: 0.100, li_recovered:  4.096
L: 0.30, u_super: 0.00038, sec: 9588.780, t_ads: 281.0, t_des: 39516.0, bed_util_ads: 0.049, bed_util_des: 0.029, frac_lost: 0.101, li_recovered:  1.389
L: 0.30, u_super: 0.00001, sec: 1.498, t_ads: 9655.0, t_des: 16383.0, bed_util_ads: 0.130, bed_util_des: 0.073, frac_lost: 0.100, li_recovered:  4.028
L: 0.43, u_super: 0.00001, sec: 2.725, t_ads: 9998.0, t_des: 6923.0, bed_util_ads: 0.125, bed_util_des: 0.105, frac_lost: 0.100, li_recovered:  1.437
L: 0.30, u_super: 0.00001, sec: inf, t_ads: 4102.0, t_des: 0.0, bed_util_ads: 0.158, bed_util_des: 0.158, frac_lost: 0.100, li_recovered:  0.000
L: 0.30, u_super: 0.00001, sec: 1.513, t_ads: 9158.0, t_des: 13597.0, bed_util_ads: 0.132, bed_util_des: 0.083, frac_lost: 0.100, li_recovered:  3.480
L: 0.30, u_super: 0.00001, sec: 1.501, t_ads: 9411.0, t_des: 14943.0, bed_util_ads: 0.131, bed_util_des: 0.078, frac_lost: 0.100, li_recovered:  3.756
L: 0.30, u_super: 0.00001, sec: 1.542, t_ads: 8848.0, t_des: 12108.0, bed_util_ads: 0.133, bed_util_des: 0.089, frac_lost: 0.100, li_recovered:  3.147
L: 0.30, u_super: 0.00001, sec: 1.502, t_ads: 9838.0, t_des: 17578.0, bed_util_ads: 0.129, bed_util_des: 0.070, frac_lost: 0.100, li_recovered:  4.226
L: 0.30, u_super: 0.00001, sec: 1.507, t_ads: 9275.0, t_des: 14204.0, bed_util_ads: 0.131, bed_util_des: 0.081, frac_lost: 0.100, li_recovered:  3.607
L: 0.30, u_super: 0.00001, sec: 1.499, t_ads: 9750.0, t_des: 16984.0, bed_util_ads: 0.129, bed_util_des: 0.071, frac_lost: 0.100, li_recovered:  4.130
L: 0.30, u_super: 0.00001, sec: 1.498, t_ads: 9713.0, t_des: 16745.0, bed_util_ads: 0.129, bed_util_des: 0.072, frac_lost: 0.100, li_recovered:  4.090
L: 0.30, u_super: 0.00001, sec: 1.553, t_ads: 10306.0, t_des: 21553.0, bed_util_ads: 0.126, bed_util_des: 0.060, frac_lost: 0.100, li_recovered:  4.752
L: 0.30, u_super: 0.00001, sec: 1.506, t_ads: 9918.0, t_des: 18160.0, bed_util_ads: 0.128, bed_util_des: 0.068, frac_lost: 0.100, li_recovered:  4.315
L: 0.30, u_super: 0.00007, sec: 25.813, t_ads: 1436.0, t_des: 3104.0, bed_util_ads: 0.189, bed_util_des: 0.165, frac_lost: 0.100, li_recovered:  1.739
L: 0.30, u_super: 0.00001, sec: 1.505, t_ads: 9897.0, t_des: 18015.0, bed_util_ads: 0.128, bed_util_des: 0.068, frac_lost: 0.100, li_recovered:  4.294
L: 0.34, u_super: 0.00001, sec: 1.643, t_ads: 10671.0, t_des: 16721.0, bed_util_ads: 0.128, bed_util_des: 0.074, frac_lost: 0.100, li_recovered:  3.860
L: 0.31, u_super: 0.00001, sec: 1.657, t_ads: 11045.0, t_des: 25267.0, bed_util_ads: 0.124, bed_util_des: 0.053, frac_lost: 0.100, li_recovered:  5.071
L: 0.30, u_super: 0.00003, sec: 6.548, t_ads: 3294.0, t_des: 6439.0, bed_util_ads: 0.157, bed_util_des: 0.118, frac_lost: 0.100, li_recovered:  2.791
L: 0.30, u_super: 0.00001, sec: 1.497, t_ads: 9692.0, t_des: 16599.0, bed_util_ads: 0.129, bed_util_des: 0.073, frac_lost: 0.100, li_recovered:  4.064
L: 0.30, u_super: 0.00019, sec: 187.372, t_ads: 513.0, t_des: 1498.0, bed_util_ads: 0.212, bed_util_des: 0.199, frac_lost: 0.100, li_recovered:  0.928
L: 0.30, u_super: 0.00008, sec: 147.017, t_ads: 1297.0, t_des: 30112.0, bed_util_ads: 0.090, bed_util_des: 0.041, frac_lost: 0.100, li_recovered:  3.473
L: 0.30, u_super: 0.00001, sec: 1.502, t_ads: 9854.0, t_des: 17693.0, bed_util_ads: 0.129, bed_util_des: 0.069, frac_lost: 0.100, li_recovered:  4.244
L: 0.30, u_super: 0.00001, sec: 1.600, t_ads: 10525.0, t_des: 24020.0, bed_util_ads: 0.125, bed_util_des: 0.055, frac_lost: 0.100, li_recovered:  4.998
L: 0.57, u_super: 0.00044, sec: 2528.422, t_ads: 448.0, t_des: 8708.0, bed_util_ads: 0.104, bed_util_des: 0.081, frac_lost: 0.100, li_recovered:  1.662
L: 0.30, u_super: 0.00001, sec: 1.499, t_ads: 9491.0, t_des: 15397.0, bed_util_ads: 0.130, bed_util_des: 0.077, frac_lost: 0.100, li_recovered:  3.844
L: 0.30, u_super: 0.00001, sec: 1.497, t_ads: 9629.0, t_des: 16201.0, bed_util_ads: 0.130, bed_util_des: 0.074, frac_lost: 0.100, li_recovered:  3.994
L: 0.30, u_super: 0.00001, sec: 2.523, t_ads: 11572.0, t_des: 56251.0, bed_util_ads: 0.114, bed_util_des: 0.027, frac_lost: 0.100, li_recovered:  6.222
L: 0.30, u_super: 0.00005, sec: 24.164, t_ads: 2288.0, t_des: 16284.0, bed_util_ads: 0.120, bed_util_des: 0.065, frac_lost: 0.100, li_recovered:  3.925
L: 0.30, u_super: 0.00005, sec: 22.147, t_ads: 2279.0, t_des: 14400.0, bed_util_ads: 0.124, bed_util_des: 0.071, frac_lost: 0.100, li_recovered:  3.822
L: 0.30, u_super: 0.00001, sec: 1.497, t_ads: 9573.0, t_des: 15869.0, bed_util_ads: 0.130, bed_util_des: 0.075, frac_lost: 0.100, li_recovered:  3.934
L: 0.30, u_super: 0.00001, sec: 1.521, t_ads: 10092.0, t_des: 19546.0, bed_util_ads: 0.128, bed_util_des: 0.064, frac_lost: 0.100, li_recovered:  4.509
L: 0.30, u_super: 0.00002, sec: 5.472, t_ads: 4308.0, t_des: 12406.0, bed_util_ads: 0.136, bed_util_des: 0.080, frac_lost: 0.100, li_recovered:  4.021
L: 0.30, u_super: 0.00007, sec: 29.142, t_ads: 1357.0, t_des: 3333.0, bed_util_ads: 0.185, bed_util_des: 0.159, frac_lost: 0.100, li_recovered:  1.853
L: 0.30, u_super: 0.00001, sec: 1.497, t_ads: 9703.0, t_des: 16673.0, bed_util_ads: 0.129, bed_util_des: 0.072, frac_lost: 0.100, li_recovered:  4.077
L: 0.30, u_super: 0.00001, sec: 1.498, t_ads: 9595.0, t_des: 16016.0, bed_util_ads: 0.130, bed_util_des: 0.074, frac_lost: 0.100, li_recovered:  3.961
L: 0.30, u_super: 0.00001, sec: 1.501, t_ads: 9818.0, t_des: 17441.0, bed_util_ads: 0.129, bed_util_des: 0.070, frac_lost: 0.100, li_recovered:  4.204
L: 0.30, u_super: 0.00001, sec: inf, t_ads: 2244.0, t_des: 0.0, bed_util_ads: 0.201, bed_util_des: 0.201, frac_lost: 0.100, li_recovered:  0.000
    27 |     1080 |  7.387658E+01 |  1.4967803955
L: 0.30, u_super: 0.00001, sec: 1.767, t_ads: 10949.0, t_des: 30931.0, bed_util_ads: 0.122, bed_util_des: 0.045, frac_lost: 0.100, li_recovered:  5.485
L: 0.30, u_super: 0.00001, sec: 1.499, t_ads: 9782.0, t_des: 17192.0, bed_util_ads: 0.129, bed_util_des: 0.071, frac_lost: 0.100, li_recovered:  4.164
L: 0.30, u_super: 0.00001, sec: 1.498, t_ads: 9687.0, t_des: 16582.0, bed_util_ads: 0.129, bed_util_des: 0.073, frac_lost: 0.100, li_recovered:  4.062
L: 0.31, u_super: 0.00001, sec: inf, t_ads: 1623.0, t_des: 0.0, bed_util_ads: 0.236, bed_util_des: 0.236, frac_lost: 0.100, li_recovered:  0.000
L: 0.30, u_super: 0.00001, sec: 1.546, t_ads: 10261.0, t_des: 21123.0, bed_util_ads: 0.127, bed_util_des: 0.061, frac_lost: 0.100, li_recovered:  4.703
L: 0.30, u_super: 0.00001, sec: 1.498, t_ads: 9748.0, t_des: 16968.0, bed_util_ads: 0.129, bed_util_des: 0.071, frac_lost: 0.100, li_recovered:  4.127
L: 0.30, u_super: 0.00001, sec: 1.499, t_ads: 9489.0, t_des: 15380.0, bed_util_ads: 0.130, bed_util_des: 0.077, frac_lost: 0.100, li_recovered:  3.841
L: 0.30, u_super: 0.00001, sec: 1.513, t_ads: 9158.0, t_des: 13596.0, bed_util_ads: 0.132, bed_util_des: 0.083, frac_lost: 0.100, li_recovered:  3.480
L: 0.30, u_super: 0.00001, sec: 1.501, t_ads: 9411.0, t_des: 14942.0, bed_util_ads: 0.131, bed_util_des: 0.078, frac_lost: 0.100, li_recovered:  3.755
L: 0.30, u_super: 0.00001, sec: 1.542, t_ads: 8848.0, t_des: 12107.0, bed_util_ads: 0.133, bed_util_des: 0.089, frac_lost: 0.100, li_recovered:  3.146
L: 0.30, u_super: 0.00001, sec: 1.502, t_ads: 9838.0, t_des: 17578.0, bed_util_ads: 0.129, bed_util_des: 0.070, frac_lost: 0.100, li_recovered:  4.226
L: 0.30, u_super: 0.00001, sec: 4.017, t_ads: 6236.0, t_des: 2717.0, bed_util_ads: 0.142, bed_util_des: 0.135, frac_lost: 0.100, li_recovered:  0.516
L: 0.30, u_super: 0.00017, sec: 410.242, t_ads: 613.0, t_des: 11907.0, bed_util_ads: 0.101, bed_util_des: 0.071, frac_lost: 0.100, li_recovered:  2.117
L: 0.30, u_super: 0.00001, sec: 1.501, t_ads: 9410.0, t_des: 14949.0, bed_util_ads: 0.131, bed_util_des: 0.078, frac_lost: 0.100, li_recovered:  3.757
L: 0.30, u_super: 0.00001, sec: 1.553, t_ads: 10305.0, t_des: 21551.0, bed_util_ads: 0.126, bed_util_des: 0.060, frac_lost: 0.100, li_recovered:  4.751
L: 0.30, u_super: 0.00001, sec: 1.508, t_ads: 9372.0, t_des: 14591.0, bed_util_ads: 0.131, bed_util_des: 0.079, frac_lost: 0.100, li_recovered:  3.679
L: 0.30, u_super: 0.00001, sec: inf, t_ads: 4665.0, t_des: 0.0, bed_util_ads: 0.152, bed_util_des: 0.152, frac_lost: 0.100, li_recovered:  0.000
L: 0.30, u_super: 0.00001, sec: 1.505, t_ads: 9899.0, t_des: 18018.0, bed_util_ads: 0.128, bed_util_des: 0.068, frac_lost: 0.100, li_recovered:  4.294
L: 0.30, u_super: 0.00001, sec: 1.497, t_ads: 9617.0, t_des: 16125.0, bed_util_ads: 0.130, bed_util_des: 0.074, frac_lost: 0.100, li_recovered:  3.980
L: 0.31, u_super: 0.00001, sec: 1.547, t_ads: 9986.0, t_des: 16344.0, bed_util_ads: 0.129, bed_util_des: 0.074, frac_lost: 0.100, li_recovered:  3.940
L: 0.30, u_super: 0.00019, sec: 193.501, t_ads: 516.0, t_des: 1879.0, bed_util_ads: 0.196, bed_util_des: 0.181, frac_lost: 0.100, li_recovered:  1.088
L: 0.30, u_super: 0.00001, sec: 2.230, t_ads: 11427.0, t_des: 46864.0, bed_util_ads: 0.116, bed_util_des: 0.032, frac_lost: 0.100, li_recovered:  6.050
L: 0.30, u_super: 0.00019, sec: 187.368, t_ads: 513.0, t_des: 1498.0, bed_util_ads: 0.212, bed_util_des: 0.199, frac_lost: 0.100, li_recovered:  0.928
L: 0.30, u_super: 0.00008, sec: 72.022, t_ads: 1268.0, t_des: 12240.0, bed_util_ads: 0.119, bed_util_des: 0.076, frac_lost: 0.100, li_recovered:  3.049
L: 0.30, u_super: 0.00001, sec: 1.502, t_ads: 9854.0, t_des: 17693.0, bed_util_ads: 0.129, bed_util_des: 0.069, frac_lost: 0.100, li_recovered:  4.244
L: 0.30, u_super: 0.00001, sec: 1.600, t_ads: 10524.0, t_des: 24018.0, bed_util_ads: 0.125, bed_util_des: 0.055, frac_lost: 0.100, li_recovered:  4.997
L: 0.57, u_super: 0.00001, sec: inf, t_ads: 3451.0, t_des: 0.0, bed_util_ads: 0.158, bed_util_des: 0.158, frac_lost: 0.100, li_recovered:  0.000
L: 0.30, u_super: 0.00001, sec: 1.499, t_ads: 9491.0, t_des: 15396.0, bed_util_ads: 0.130, bed_util_des: 0.077, frac_lost: 0.100, li_recovered:  3.844
L: 0.43, u_super: 0.00001, sec: 2.001, t_ads: 13025.0, t_des: 17893.0, bed_util_ads: 0.124, bed_util_des: 0.074, frac_lost: 0.100, li_recovered:  3.576
L: 0.30, u_super: 0.00001, sec: 1.497, t_ads: 9615.0, t_des: 16114.0, bed_util_ads: 0.130, bed_util_des: 0.074, frac_lost: 0.100, li_recovered:  3.979
L: 0.30, u_super: 0.00005, sec: 15.424, t_ads: 1916.0, t_des: 3354.0, bed_util_ads: 0.186, bed_util_des: 0.162, frac_lost: 0.100, li_recovered:  1.745
L: 0.30, u_super: 0.00001, sec: 1.499, t_ads: 9783.0, t_des: 17201.0, bed_util_ads: 0.129, bed_util_des: 0.071, frac_lost: 0.100, li_recovered:  4.166
L: 0.30, u_super: 0.00001, sec: 1.497, t_ads: 9573.0, t_des: 15869.0, bed_util_ads: 0.130, bed_util_des: 0.075, frac_lost: 0.100, li_recovered:  3.934
L: 0.30, u_super: 0.00001, sec: 1.522, t_ads: 10090.0, t_des: 19545.0, bed_util_ads: 0.128, bed_util_des: 0.064, frac_lost: 0.100, li_recovered:  4.510
L: 0.30, u_super: 0.00001, sec: 1.501, t_ads: 9415.0, t_des: 14964.0, bed_util_ads: 0.131, bed_util_des: 0.078, frac_lost: 0.100, li_recovered:  3.760
L: 0.30, u_super: 0.00007, sec: 29.143, t_ads: 1357.0, t_des: 3333.0, bed_util_ads: 0.185, bed_util_des: 0.159, frac_lost: 0.100, li_recovered:  1.853
L: 0.30, u_super: 0.00001, sec: 1.497, t_ads: 9703.0, t_des: 16672.0, bed_util_ads: 0.129, bed_util_des: 0.072, frac_lost: 0.100, li_recovered:  4.077
L: 0.30, u_super: 0.00001, sec: 1.498, t_ads: 9594.0, t_des: 16015.0, bed_util_ads: 0.130, bed_util_des: 0.074, frac_lost: 0.100, li_recovered:  3.961
L: 0.30, u_super: 0.00001, sec: 1.501, t_ads: 9819.0, t_des: 17442.0, bed_util_ads: 0.129, bed_util_des: 0.070, frac_lost: 0.100, li_recovered:  4.204
L: 0.30, u_super: 0.00034, sec: 583.178, t_ads: 297.0, t_des: 713.0, bed_util_ads: 0.245, bed_util_des: 0.239, frac_lost: 0.100, li_recovered:  0.454
    28 |     1120 |  7.377516E+01 |  1.4967803955
L: 0.30, u_super: 0.00001, sec: 1.506, t_ads: 9289.0, t_des: 14279.0, bed_util_ads: 0.131, bed_util_des: 0.080, frac_lost: 0.100, li_recovered:  3.623
L: 0.30, u_super: 0.00001, sec: 1.598, t_ads: 10517.0, t_des: 23920.0, bed_util_ads: 0.125, bed_util_des: 0.055, frac_lost: 0.100, li_recovered:  4.988
L: 0.30, u_super: 0.00001, sec: 1.498, t_ads: 9688.0, t_des: 16584.0, bed_util_ads: 0.129, bed_util_des: 0.073, frac_lost: 0.100, li_recovered:  4.062
L: 0.30, u_super: 0.00038, sec: 1263.992, t_ads: 276.0, t_des: 3543.0, bed_util_ads: 0.131, bed_util_des: 0.117, frac_lost: 0.100, li_recovered:  1.011
L: 0.30, u_super: 0.00001, sec: 1.616, t_ads: 10576.0, t_des: 24736.0, bed_util_ads: 0.125, bed_util_des: 0.054, frac_lost: 0.100, li_recovered:  5.061
L: 0.30, u_super: 0.00001, sec: 1.498, t_ads: 9748.0, t_des: 16968.0, bed_util_ads: 0.129, bed_util_des: 0.071, frac_lost: 0.100, li_recovered:  4.127
L: 0.30, u_super: 0.00001, sec: 1.499, t_ads: 9482.0, t_des: 15341.0, bed_util_ads: 0.130, bed_util_des: 0.077, frac_lost: 0.100, li_recovered:  3.833
L: 0.30, u_super: 0.00001, sec: 1.503, t_ads: 9348.0, t_des: 14595.0, bed_util_ads: 0.131, bed_util_des: 0.079, frac_lost: 0.100, li_recovered:  3.687
L: 0.30, u_super: 0.00001, sec: 1.501, t_ads: 9411.0, t_des: 14942.0, bed_util_ads: 0.131, bed_util_des: 0.078, frac_lost: 0.100, li_recovered:  3.755
L: 0.30, u_super: 0.00001, sec: 1.541, t_ads: 8848.0, t_des: 12108.0, bed_util_ads: 0.133, bed_util_des: 0.089, frac_lost: 0.100, li_recovered:  3.147
L: 0.30, u_super: 0.00001, sec: 1.556, t_ads: 10328.0, t_des: 21763.0, bed_util_ads: 0.126, bed_util_des: 0.059, frac_lost: 0.100, li_recovered:  4.774
L: 0.30, u_super: 0.00023, sec: 656.839, t_ads: 465.0, t_des: 8932.0, bed_util_ads: 0.105, bed_util_des: 0.081, frac_lost: 0.100, li_recovered:  1.711
L: 0.30, u_super: 0.00017, sec: 410.236, t_ads: 613.0, t_des: 11907.0, bed_util_ads: 0.101, bed_util_des: 0.071, frac_lost: 0.100, li_recovered:  2.117
L: 0.30, u_super: 0.00001, sec: 1.498, t_ads: 9713.0, t_des: 16745.0, bed_util_ads: 0.129, bed_util_des: 0.072, frac_lost: 0.100, li_recovered:  4.090
L: 0.30, u_super: 0.00019, sec: 191.928, t_ads: 514.0, t_des: 1769.0, bed_util_ads: 0.200, bed_util_des: 0.185, frac_lost: 0.100, li_recovered:  1.045
L: 0.30, u_super: 0.00001, sec: 1.503, t_ads: 9345.0, t_des: 14579.0, bed_util_ads: 0.131, bed_util_des: 0.079, frac_lost: 0.100, li_recovered:  3.683
L: 0.30, u_super: 0.00001, sec: inf, t_ads: 3896.0, t_des: 0.0, bed_util_ads: 0.161, bed_util_des: 0.161, frac_lost: 0.100, li_recovered:  0.000
L: 0.30, u_super: 0.00001, sec: 1.505, t_ads: 9899.0, t_des: 18017.0, bed_util_ads: 0.128, bed_util_des: 0.068, frac_lost: 0.100, li_recovered:  4.294
L: 0.31, u_super: 0.00001, sec: 1.532, t_ads: 9875.0, t_des: 16275.0, bed_util_ads: 0.129, bed_util_des: 0.074, frac_lost: 0.100, li_recovered:  3.952
L: 0.30, u_super: 0.00001, sec: 1.497, t_ads: 9617.0, t_des: 16128.0, bed_util_ads: 0.130, bed_util_des: 0.074, frac_lost: 0.100, li_recovered:  3.981
L: 0.30, u_super: 0.00001, sec: 1.504, t_ads: 9887.0, t_des: 17933.0, bed_util_ads: 0.129, bed_util_des: 0.069, frac_lost: 0.100, li_recovered:  4.281
L: 0.30, u_super: 0.00001, sec: 1.497, t_ads: 9692.0, t_des: 16600.0, bed_util_ads: 0.129, bed_util_des: 0.073, frac_lost: 0.100, li_recovered:  4.065
L: 0.30, u_super: 0.00019, sec: 187.372, t_ads: 513.0, t_des: 1498.0, bed_util_ads: 0.212, bed_util_des: 0.199, frac_lost: 0.100, li_recovered:  0.928
L: 0.30, u_super: 0.00001, sec: inf, t_ads: 2826.0, t_des: 0.0, bed_util_ads: 0.182, bed_util_des: 0.182, frac_lost: 0.100, li_recovered:  0.000
L: 0.30, u_super: 0.00001, sec: 1.502, t_ads: 9854.0, t_des: 17693.0, bed_util_ads: 0.129, bed_util_des: 0.069, frac_lost: 0.100, li_recovered:  4.244
L: 0.30, u_super: 0.00001, sec: 1.497, t_ads: 9686.0, t_des: 16562.0, bed_util_ads: 0.129, bed_util_des: 0.073, frac_lost: 0.100, li_recovered:  4.058
L: 0.57, u_super: 0.00044, sec: 11388.705, t_ads: 454.0, t_des: 48841.0, bed_util_ads: 0.055, bed_util_des: 0.027, frac_lost: 0.100, li_recovered:  1.986
L: 0.30, u_super: 0.00001, sec: 1.606, t_ads: 10546.0, t_des: 24305.0, bed_util_ads: 0.125, bed_util_des: 0.055, frac_lost: 0.100, li_recovered:  5.023
L: 0.30, u_super: 0.00001, sec: 4.806, t_ads: 6125.0, t_des: 2438.0, bed_util_ads: 0.143, bed_util_des: 0.137, frac_lost: 0.100, li_recovered:  0.412
L: 0.30, u_super: 0.00001, sec: 1.497, t_ads: 9623.0, t_des: 16164.0, bed_util_ads: 0.130, bed_util_des: 0.074, frac_lost: 0.100, li_recovered:  3.988
L: 0.30, u_super: 0.00005, sec: 15.614, t_ads: 1905.0, t_des: 3255.0, bed_util_ads: 0.188, bed_util_des: 0.164, frac_lost: 0.100, li_recovered:  1.688
L: 0.31, u_super: 0.00001, sec: 1.529, t_ads: 10028.0, t_des: 17348.0, bed_util_ads: 0.129, bed_util_des: 0.071, frac_lost: 0.100, li_recovered:  4.143
L: 0.30, u_super: 0.00001, sec: 1.497, t_ads: 9573.0, t_des: 15870.0, bed_util_ads: 0.130, bed_util_des: 0.075, frac_lost: 0.100, li_recovered:  3.934
L: 0.30, u_super: 0.00001, sec: 1.521, t_ads: 10092.0, t_des: 19546.0, bed_util_ads: 0.128, bed_util_des: 0.064, frac_lost: 0.100, li_recovered:  4.509
L: 0.30, u_super: 0.00001, sec: 1.549, t_ads: 10290.0, t_des: 21381.0, bed_util_ads: 0.126, bed_util_des: 0.060, frac_lost: 0.100, li_recovered:  4.732
L: 0.30, u_super: 0.00001, sec: inf, t_ads: 4974.0, t_des: 0.0, bed_util_ads: 0.150, bed_util_des: 0.150, frac_lost: 0.100, li_recovered:  0.000
L: 0.30, u_super: 0.00001, sec: 2.616, t_ads: 11601.0, t_des: 59196.0, bed_util_ads: 0.114, bed_util_des: 0.026, frac_lost: 0.100, li_recovered:  6.264
L: 0.30, u_super: 0.00001, sec: 2.363, t_ads: 11492.0, t_des: 51075.0, bed_util_ads: 0.115, bed_util_des: 0.030, frac_lost: 0.100, li_recovered:  6.136
L: 0.30, u_super: 0.00001, sec: 2.033, t_ads: 7245.0, t_des: 5888.0, bed_util_ads: 0.138, bed_util_des: 0.117, frac_lost: 0.100, li_recovered:  1.495
L: 0.30, u_super: 0.00001, sec: 1.497, t_ads: 9684.0, t_des: 16551.0, bed_util_ads: 0.129, bed_util_des: 0.073, frac_lost: 0.100, li_recovered:  4.056
    29 |     1160 |  5.929963E+01 |  1.4967517853
L: 0.30, u_super: 0.00001, sec: 1.506, t_ads: 9290.0, t_des: 14279.0, bed_util_ads: 0.131, bed_util_des: 0.080, frac_lost: 0.100, li_recovered:  3.623
L: 0.30, u_super: 0.00001, sec: 1.497, t_ads: 9549.0, t_des: 15726.0, bed_util_ads: 0.130, bed_util_des: 0.075, frac_lost: 0.100, li_recovered:  3.907
L: 0.30, u_super: 0.00001, sec: 1.520, t_ads: 10075.0, t_des: 19417.0, bed_util_ads: 0.128, bed_util_des: 0.065, frac_lost: 0.100, li_recovered:  4.493
L: 0.30, u_super: 0.00001, sec: inf, t_ads: 1623.0, t_des: 0.0, bed_util_ads: 0.236, bed_util_des: 0.236, frac_lost: 0.100, li_recovered:  0.000
L: 0.30, u_super: 0.00001, sec: 2.328, t_ads: 11481.0, t_des: 50029.0, bed_util_ads: 0.116, bed_util_des: 0.030, frac_lost: 0.100, li_recovered:  6.116
L: 0.30, u_super: 0.00001, sec: 1.498, t_ads: 9750.0, t_des: 16970.0, bed_util_ads: 0.129, bed_util_des: 0.071, frac_lost: 0.100, li_recovered:  4.127
L: 0.30, u_super: 0.00001, sec: 1.499, t_ads: 9489.0, t_des: 15380.0, bed_util_ads: 0.130, bed_util_des: 0.077, frac_lost: 0.100, li_recovered:  3.841
L: 0.30, u_super: 0.00001, sec: 1.503, t_ads: 9347.0, t_des: 14594.0, bed_util_ads: 0.131, bed_util_des: 0.079, frac_lost: 0.100, li_recovered:  3.686
L: 0.30, u_super: 0.00001, sec: 1.501, t_ads: 9411.0, t_des: 14942.0, bed_util_ads: 0.131, bed_util_des: 0.078, frac_lost: 0.100, li_recovered:  3.755
L: 0.30, u_super: 0.00001, sec: 1.498, t_ads: 9736.0, t_des: 16885.0, bed_util_ads: 0.129, bed_util_des: 0.072, frac_lost: 0.100, li_recovered:  4.113
L: 0.30, u_super: 0.00001, sec: 1.502, t_ads: 9838.0, t_des: 17578.0, bed_util_ads: 0.129, bed_util_des: 0.070, frac_lost: 0.100, li_recovered:  4.226
L: 0.30, u_super: 0.00001, sec: 1.507, t_ads: 9274.0, t_des: 14204.0, bed_util_ads: 0.131, bed_util_des: 0.081, frac_lost: 0.100, li_recovered:  3.607
L: 0.30, u_super: 0.00001, sec: 1.498, t_ads: 9751.0, t_des: 16984.0, bed_util_ads: 0.129, bed_util_des: 0.071, frac_lost: 0.100, li_recovered:  4.130
L: 0.30, u_super: 0.00001, sec: 1.498, t_ads: 9713.0, t_des: 16744.0, bed_util_ads: 0.129, bed_util_des: 0.072, frac_lost: 0.100, li_recovered:  4.090
L: 0.30, u_super: 0.00001, sec: 1.553, t_ads: 10309.0, t_des: 21553.0, bed_util_ads: 0.126, bed_util_des: 0.060, frac_lost: 0.100, li_recovered:  4.751
L: 0.30, u_super: 0.00004, sec: 14.000, t_ads: 2592.0, t_des: 11109.0, bed_util_ads: 0.136, bed_util_des: 0.084, frac_lost: 0.100, li_recovered:  3.671
L: 0.30, u_super: 0.00007, sec: 41.927, t_ads: 1626.0, t_des: 12631.0, bed_util_ads: 0.123, bed_util_des: 0.076, frac_lost: 0.100, li_recovered:  3.362
L: 0.30, u_super: 0.00001, sec: 1.498, t_ads: 9532.0, t_des: 15628.0, bed_util_ads: 0.130, bed_util_des: 0.076, frac_lost: 0.100, li_recovered:  3.888
L: 0.30, u_super: 0.00001, sec: 1.501, t_ads: 9417.0, t_des: 14974.0, bed_util_ads: 0.131, bed_util_des: 0.078, frac_lost: 0.100, li_recovered:  3.762
L: 0.30, u_super: 0.00001, sec: 1.497, t_ads: 9617.0, t_des: 16128.0, bed_util_ads: 0.130, bed_util_des: 0.074, frac_lost: 0.100, li_recovered:  3.981
L: 0.30, u_super: 0.00001, sec: 1.498, t_ads: 9712.0, t_des: 16728.0, bed_util_ads: 0.129, bed_util_des: 0.072, frac_lost: 0.100, li_recovered:  4.087
L: 0.30, u_super: 0.00001, sec: 1.497, t_ads: 9693.0, t_des: 16601.0, bed_util_ads: 0.129, bed_util_des: 0.073, frac_lost: 0.100, li_recovered:  4.065
L: 0.30, u_super: 0.00019, sec: 454.469, t_ads: 547.0, t_des: 9476.0, bed_util_ads: 0.107, bed_util_des: 0.080, frac_lost: 0.100, li_recovered:  1.906
L: 0.30, u_super: 0.00001, sec: inf, t_ads: 2826.0, t_des: 0.0, bed_util_ads: 0.182, bed_util_des: 0.182, frac_lost: 0.100, li_recovered:  0.000
L: 0.30, u_super: 0.00001, sec: 1.503, t_ads: 9854.0, t_des: 17693.0, bed_util_ads: 0.129, bed_util_des: 0.069, frac_lost: 0.100, li_recovered:  4.244
L: 0.30, u_super: 0.00001, sec: 1.497, t_ads: 9623.0, t_des: 16163.0, bed_util_ads: 0.130, bed_util_des: 0.074, frac_lost: 0.100, li_recovered:  3.987
L: 0.30, u_super: 0.00044, sec: 1026.644, t_ads: 232.0, t_des: 1138.0, bed_util_ads: 0.194, bed_util_des: 0.186, frac_lost: 0.100, li_recovered:  0.612
L: 0.30, u_super: 0.00001, sec: 1.500, t_ads: 9498.0, t_des: 15400.0, bed_util_ads: 0.130, bed_util_des: 0.077, frac_lost: 0.100, li_recovered:  3.843
L: 0.30, u_super: 0.00001, sec: 1.497, t_ads: 9628.0, t_des: 16200.0, bed_util_ads: 0.130, bed_util_des: 0.074, frac_lost: 0.100, li_recovered:  3.994
L: 0.43, u_super: 0.00001, sec: 2.003, t_ads: 12999.0, t_des: 17776.0, bed_util_ads: 0.124, bed_util_des: 0.074, frac_lost: 0.100, li_recovered:  3.557
L: 0.30, u_super: 0.00005, sec: 15.424, t_ads: 1916.0, t_des: 3354.0, bed_util_ads: 0.186, bed_util_des: 0.162, frac_lost: 0.100, li_recovered:  1.745
L: 0.30, u_super: 0.00001, sec: 1.511, t_ads: 9202.0, t_des: 13826.0, bed_util_ads: 0.131, bed_util_des: 0.082, frac_lost: 0.100, li_recovered:  3.529
L: 0.30, u_super: 0.00001, sec: 1.497, t_ads: 9574.0, t_des: 15870.0, bed_util_ads: 0.130, bed_util_des: 0.075, frac_lost: 0.100, li_recovered:  3.934
L: 0.30, u_super: 0.00001, sec: 1.521, t_ads: 10092.0, t_des: 19545.0, bed_util_ads: 0.128, bed_util_des: 0.064, frac_lost: 0.100, li_recovered:  4.509
L: 0.30, u_super: 0.00001, sec: 1.705, t_ads: 10826.0, t_des: 28526.0, bed_util_ads: 0.123, bed_util_des: 0.048, frac_lost: 0.100, li_recovered:  5.342
L: 0.30, u_super: 0.00007, sec: 52.572, t_ads: 1513.0, t_des: 13707.0, bed_util_ads: 0.118, bed_util_des: 0.072, frac_lost: 0.100, li_recovered:  3.333
L: 0.30, u_super: 0.00001, sec: 1.498, t_ads: 9531.0, t_des: 15624.0, bed_util_ads: 0.130, bed_util_des: 0.076, frac_lost: 0.100, li_recovered:  3.888
L: 0.30, u_super: 0.00001, sec: 1.497, t_ads: 9598.0, t_des: 16017.0, bed_util_ads: 0.130, bed_util_des: 0.074, frac_lost: 0.100, li_recovered:  3.961
L: 0.30, u_super: 0.00001, sec: 22.008, t_ads: 5766.0, t_des: 1525.0, bed_util_ads: 0.145, bed_util_des: 0.144, frac_lost: 0.100, li_recovered:  0.077
L: 0.30, u_super: 0.00001, sec: 1.497, t_ads: 9684.0, t_des: 16551.0, bed_util_ads: 0.129, bed_util_des: 0.073, frac_lost: 0.100, li_recovered:  4.056
    30 |     1200 |  5.929827E+01 |  1.4967494011
L: 0.30, u_super: 0.00001, sec: 1.506, t_ads: 9289.0, t_des: 14279.0, bed_util_ads: 0.131, bed_util_des: 0.080, frac_lost: 0.100, li_recovered:  3.623
L: 0.30, u_super: 0.00001, sec: 1.507, t_ads: 9260.0, t_des: 14122.0, bed_util_ads: 0.131, bed_util_des: 0.081, frac_lost: 0.100, li_recovered:  3.590
L: 0.30, u_super: 0.00001, sec: 1.498, t_ads: 9688.0, t_des: 16583.0, bed_util_ads: 0.129, bed_util_des: 0.073, frac_lost: 0.100, li_recovered:  4.062
L: 0.30, u_super: 0.00038, sec: 1042.597, t_ads: 260.0, t_des: 435.0, bed_util_ads: 0.281, bed_util_des: 0.278, frac_lost: 0.100, li_recovered:  0.223
L: 0.30, u_super: 0.00001, sec: 1.498, t_ads: 9631.0, t_des: 16235.0, bed_util_ads: 0.130, bed_util_des: 0.074, frac_lost: 0.100, li_recovered:  4.001
L: 0.30, u_super: 0.00001, sec: 1.497, t_ads: 9555.0, t_des: 15763.0, bed_util_ads: 0.130, bed_util_des: 0.075, frac_lost: 0.100, li_recovered:  3.914
L: 0.30, u_super: 0.00001, sec: 1.499, t_ads: 9488.0, t_des: 15379.0, bed_util_ads: 0.130, bed_util_des: 0.077, frac_lost: 0.100, li_recovered:  3.841
L: 0.30, u_super: 0.00001, sec: 1.497, t_ads: 9658.0, t_des: 16387.0, bed_util_ads: 0.130, bed_util_des: 0.073, frac_lost: 0.100, li_recovered:  4.027
L: 0.30, u_super: 0.00001, sec: 1.501, t_ads: 9411.0, t_des: 14942.0, bed_util_ads: 0.131, bed_util_des: 0.078, frac_lost: 0.100, li_recovered:  3.755
L: 0.30, u_super: 0.00001, sec: 1.498, t_ads: 9736.0, t_des: 16886.0, bed_util_ads: 0.129, bed_util_des: 0.072, frac_lost: 0.100, li_recovered:  4.114
L: 0.30, u_super: 0.00001, sec: 1.502, t_ads: 9838.0, t_des: 17578.0, bed_util_ads: 0.129, bed_util_des: 0.070, frac_lost: 0.100, li_recovered:  4.226
L: 0.30, u_super: 0.00001, sec: 1.498, t_ads: 9706.0, t_des: 16693.0, bed_util_ads: 0.129, bed_util_des: 0.072, frac_lost: 0.100, li_recovered:  4.081
L: 0.30, u_super: 0.00001, sec: 1.965, t_ads: 7353.0, t_des: 6255.0, bed_util_ads: 0.138, bed_util_des: 0.115, frac_lost: 0.100, li_recovered:  1.603
L: 0.30, u_super: 0.00001, sec: 1.497, t_ads: 9715.0, t_des: 16746.0, bed_util_ads: 0.129, bed_util_des: 0.072, frac_lost: 0.100, li_recovered:  4.090
L: 0.30, u_super: 0.00001, sec: 1.498, t_ads: 9555.0, t_des: 15768.0, bed_util_ads: 0.130, bed_util_des: 0.075, frac_lost: 0.100, li_recovered:  3.915
L: 0.30, u_super: 0.00001, sec: 1.506, t_ads: 9919.0, t_des: 18166.0, bed_util_ads: 0.128, bed_util_des: 0.068, frac_lost: 0.100, li_recovered:  4.316
L: 0.30, u_super: 0.00007, sec: 25.814, t_ads: 1436.0, t_des: 3104.0, bed_util_ads: 0.189, bed_util_des: 0.165, frac_lost: 0.100, li_recovered:  1.739
L: 0.30, u_super: 0.00001, sec: 1.498, t_ads: 9532.0, t_des: 15628.0, bed_util_ads: 0.130, bed_util_des: 0.076, frac_lost: 0.100, li_recovered:  3.888
L: 0.30, u_super: 0.00023, sec: 739.155, t_ads: 466.0, t_des: 10373.0, bed_util_ads: 0.099, bed_util_des: 0.074, frac_lost: 0.100, li_recovered:  1.754
L: 0.30, u_super: 0.00001, sec: inf, t_ads: 4182.0, t_des: 0.0, bed_util_ads: 0.157, bed_util_des: 0.157, frac_lost: 0.100, li_recovered:  0.000
L: 0.30, u_super: 0.00002, sec: 6.629, t_ads: 4251.0, t_des: 15933.0, bed_util_ads: 0.129, bed_util_des: 0.067, frac_lost: 0.100, li_recovered:  4.393
L: 0.30, u_super: 0.00001, sec: 1.497, t_ads: 9693.0, t_des: 16601.0, bed_util_ads: 0.129, bed_util_des: 0.073, frac_lost: 0.100, li_recovered:  4.065
L: 0.30, u_super: 0.00004, sec: 23.031, t_ads: 2021.0, t_des: 1841.0, bed_util_ads: 0.207, bed_util_des: 0.199, frac_lost: 0.100, li_recovered:  0.551
L: 0.30, u_super: 0.00008, sec: 76.400, t_ads: 1272.0, t_des: 13302.0, bed_util_ads: 0.116, bed_util_des: 0.072, frac_lost: 0.100, li_recovered:  3.101
L: 0.30, u_super: 0.00001, sec: 1.503, t_ads: 9854.0, t_des: 17693.0, bed_util_ads: 0.129, bed_util_des: 0.069, frac_lost: 0.100, li_recovered:  4.244
L: 0.30, u_super: 0.00001, sec: 1.497, t_ads: 9630.0, t_des: 16208.0, bed_util_ads: 0.130, bed_util_des: 0.074, frac_lost: 0.100, li_recovered:  3.995
L: 0.57, u_super: 0.00044, sec: 1938.802, t_ads: 446.0, t_des: 6117.0, bed_util_ads: 0.120, bed_util_des: 0.099, frac_lost: 0.100, li_recovered:  1.553
L: 0.30, u_super: 0.00001, sec: 1.499, t_ads: 9492.0, t_des: 15397.0, bed_util_ads: 0.130, bed_util_des: 0.077, frac_lost: 0.100, li_recovered:  3.844
L: 0.30, u_super: 0.00001, sec: 1.497, t_ads: 9629.0, t_des: 16201.0, bed_util_ads: 0.130, bed_util_des: 0.074, frac_lost: 0.100, li_recovered:  3.994
L: 0.30, u_super: 0.00001, sec: 2.212, t_ads: 11416.0, t_des: 46271.0, bed_util_ads: 0.117, bed_util_des: 0.032, frac_lost: 0.100, li_recovered:  6.036
L: 0.30, u_super: 0.00005, sec: 15.423, t_ads: 1916.0, t_des: 3354.0, bed_util_ads: 0.186, bed_util_des: 0.162, frac_lost: 0.100, li_recovered:  1.745
L: 0.30, u_super: 0.00001, sec: 1.499, t_ads: 9783.0, t_des: 17201.0, bed_util_ads: 0.129, bed_util_des: 0.071, frac_lost: 0.100, li_recovered:  4.165
L: 0.30, u_super: 0.00001, sec: 1.497, t_ads: 9573.0, t_des: 15869.0, bed_util_ads: 0.130, bed_util_des: 0.075, frac_lost: 0.100, li_recovered:  3.934
L: 0.30, u_super: 0.00004, sec: 17.680, t_ads: 2672.0, t_des: 16669.0, bed_util_ads: 0.122, bed_util_des: 0.064, frac_lost: 0.100, li_recovered:  4.104
L: 0.30, u_super: 0.00001, sec: 1.501, t_ads: 9415.0, t_des: 14964.0, bed_util_ads: 0.131, bed_util_des: 0.078, frac_lost: 0.100, li_recovered:  3.760
L: 0.30, u_super: 0.00007, sec: 29.143, t_ads: 1357.0, t_des: 3333.0, bed_util_ads: 0.185, bed_util_des: 0.159, frac_lost: 0.100, li_recovered:  1.853
L: 0.30, u_super: 0.00001, sec: 1.497, t_ads: 9704.0, t_des: 16673.0, bed_util_ads: 0.129, bed_util_des: 0.072, frac_lost: 0.100, li_recovered:  4.077
L: 0.30, u_super: 0.00001, sec: 1.498, t_ads: 9738.0, t_des: 16898.0, bed_util_ads: 0.129, bed_util_des: 0.072, frac_lost: 0.100, li_recovered:  4.115
L: 0.30, u_super: 0.00001, sec: 1.501, t_ads: 9818.0, t_des: 17441.0, bed_util_ads: 0.129, bed_util_des: 0.070, frac_lost: 0.100, li_recovered:  4.204
L: 0.30, u_super: 0.00001, sec: 1.701, t_ads: 10818.0, t_des: 28386.0, bed_util_ads: 0.123, bed_util_des: 0.048, frac_lost: 0.100, li_recovered:  5.333
    31 |     1240 |  5.519669E+01 |  1.4967335463
L: 0.30, u_super: 0.00001, sec: 1.506, t_ads: 9289.0, t_des: 14278.0, bed_util_ads: 0.131, bed_util_des: 0.080, frac_lost: 0.100, li_recovered:  3.622
L: 0.30, u_super: 0.00001, sec: 1.498, t_ads: 9548.0, t_des: 15725.0, bed_util_ads: 0.130, bed_util_des: 0.075, frac_lost: 0.100, li_recovered:  3.907
L: 0.35, u_super: 0.00001, sec: 2.592, t_ads: 13491.0, t_des: 56932.0, bed_util_ads: 0.116, bed_util_des: 0.028, frac_lost: 0.100, li_recovered:  6.293
L: 0.30, u_super: 0.00038, sec: 2471.340, t_ads: 279.0, t_des: 8610.0, bed_util_ads: 0.091, bed_util_des: 0.074, frac_lost: 0.101, li_recovered:  1.204
L: 0.30, u_super: 0.00001, sec: 1.498, t_ads: 9631.0, t_des: 16234.0, bed_util_ads: 0.130, bed_util_des: 0.074, frac_lost: 0.100, li_recovered:  4.001
L: 0.30, u_super: 0.00001, sec: 4.625, t_ads: 6145.0, t_des: 2490.0, bed_util_ads: 0.143, bed_util_des: 0.137, frac_lost: 0.100, li_recovered:  0.432
L: 0.30, u_super: 0.00001, sec: 1.499, t_ads: 9489.0, t_des: 15380.0, bed_util_ads: 0.130, bed_util_des: 0.077, frac_lost: 0.100, li_recovered:  3.841
L: 0.30, u_super: 0.00001, sec: 1.497, t_ads: 9676.0, t_des: 16500.0, bed_util_ads: 0.129, bed_util_des: 0.073, frac_lost: 0.100, li_recovered:  4.047
L: 0.30, u_super: 0.00001, sec: inf, t_ads: 4082.0, t_des: 0.0, bed_util_ads: 0.159, bed_util_des: 0.159, frac_lost: 0.100, li_recovered:  0.000
L: 0.30, u_super: 0.00001, sec: 1.498, t_ads: 9737.0, t_des: 16887.0, bed_util_ads: 0.129, bed_util_des: 0.072, frac_lost: 0.100, li_recovered:  4.114
L: 0.30, u_super: 0.00001, sec: 1.502, t_ads: 9838.0, t_des: 17578.0, bed_util_ads: 0.129, bed_util_des: 0.070, frac_lost: 0.100, li_recovered:  4.226
L: 0.30, u_super: 0.00001, sec: 1.524, t_ads: 9020.0, t_des: 12920.0, bed_util_ads: 0.132, bed_util_des: 0.086, frac_lost: 0.100, li_recovered:  3.331
L: 0.30, u_super: 0.00001, sec: 1.502, t_ads: 9848.0, t_des: 17647.0, bed_util_ads: 0.129, bed_util_des: 0.069, frac_lost: 0.100, li_recovered:  4.237
L: 0.30, u_super: 0.00001, sec: 1.497, t_ads: 9658.0, t_des: 16379.0, bed_util_ads: 0.130, bed_util_des: 0.073, frac_lost: 0.100, li_recovered:  4.026
L: 0.30, u_super: 0.00001, sec: 1.497, t_ads: 9590.0, t_des: 15968.0, bed_util_ads: 0.130, bed_util_des: 0.075, frac_lost: 0.100, li_recovered:  3.952
L: 0.30, u_super: 0.00001, sec: 1.498, t_ads: 9738.0, t_des: 16897.0, bed_util_ads: 0.129, bed_util_des: 0.072, frac_lost: 0.100, li_recovered:  4.115
L: 0.30, u_super: 0.00007, sec: 41.795, t_ads: 1626.0, t_des: 12577.0, bed_util_ads: 0.123, bed_util_des: 0.076, frac_lost: 0.100, li_recovered:  3.360
L: 0.30, u_super: 0.00001, sec: 1.498, t_ads: 9532.0, t_des: 15628.0, bed_util_ads: 0.130, bed_util_des: 0.076, frac_lost: 0.100, li_recovered:  3.888
L: 0.30, u_super: 0.00001, sec: 1.499, t_ads: 9771.0, t_des: 17108.0, bed_util_ads: 0.129, bed_util_des: 0.071, frac_lost: 0.100, li_recovered:  4.150
L: 0.30, u_super: 0.00001, sec: 1.500, t_ads: 9443.0, t_des: 15120.0, bed_util_ads: 0.130, bed_util_des: 0.077, frac_lost: 0.100, li_recovered:  3.790
L: 0.30, u_super: 0.00001, sec: 1.497, t_ads: 9653.0, t_des: 16349.0, bed_util_ads: 0.130, bed_util_des: 0.073, frac_lost: 0.100, li_recovered:  4.021
L: 0.30, u_super: 0.00004, sec: 15.857, t_ads: 2641.0, t_des: 13982.0, bed_util_ads: 0.128, bed_util_des: 0.073, frac_lost: 0.100, li_recovered:  3.932
L: 0.30, u_super: 0.00001, sec: inf, t_ads: 3274.0, t_des: 0.0, bed_util_ads: 0.171, bed_util_des: 0.171, frac_lost: 0.100, li_recovered:  0.000
L: 0.30, u_super: 0.00001, sec: inf, t_ads: 2826.0, t_des: 0.0, bed_util_ads: 0.182, bed_util_des: 0.182, frac_lost: 0.100, li_recovered:  0.000
L: 0.30, u_super: 0.00001, sec: 1.502, t_ads: 9854.0, t_des: 17693.0, bed_util_ads: 0.129, bed_util_des: 0.069, frac_lost: 0.100, li_recovered:  4.244
L: 0.30, u_super: 0.00001, sec: 1.497, t_ads: 9623.0, t_des: 16163.0, bed_util_ads: 0.130, bed_util_des: 0.074, frac_lost: 0.100, li_recovered:  3.987
L: 0.30, u_super: 0.00044, sec: 993.273, t_ads: 231.0, t_des: 996.0, bed_util_ads: 0.204, bed_util_des: 0.196, frac_lost: 0.100, li_recovered:  0.567
L: 0.30, u_super: 0.00001, sec: 1.497, t_ads: 9573.0, t_des: 15865.0, bed_util_ads: 0.130, bed_util_des: 0.075, frac_lost: 0.100, li_recovered:  3.933
L: 0.30, u_super: 0.00002, sec: 3.084, t_ads: 6125.0, t_des: 14276.0, bed_util_ads: 0.134, bed_util_des: 0.075, frac_lost: 0.100, li_recovered:  4.219
L: 0.30, u_super: 0.00001, sec: 2.182, t_ads: 11396.0, t_des: 45283.0, bed_util_ads: 0.117, bed_util_des: 0.033, frac_lost: 0.100, li_recovered:  6.012
L: 0.30, u_super: 0.00001, sec: inf, t_ads: 4807.0, t_des: 0.0, bed_util_ads: 0.151, bed_util_des: 0.151, frac_lost: 0.100, li_recovered:  0.000
L: 0.30, u_super: 0.00001, sec: 1.499, t_ads: 9783.0, t_des: 17201.0, bed_util_ads: 0.129, bed_util_des: 0.071, frac_lost: 0.100, li_recovered:  4.165
L: 0.30, u_super: 0.00001, sec: 1.498, t_ads: 9517.0, t_des: 15542.0, bed_util_ads: 0.130, bed_util_des: 0.076, frac_lost: 0.100, li_recovered:  3.872
L: 0.30, u_super: 0.00001, sec: 1.521, t_ads: 10092.0, t_des: 19545.0, bed_util_ads: 0.128, bed_util_des: 0.064, frac_lost: 0.100, li_recovered:  4.509
L: 0.30, u_super: 0.00005, sec: 20.281, t_ads: 2255.0, t_des: 12413.0, bed_util_ads: 0.129, bed_util_des: 0.078, frac_lost: 0.100, li_recovered:  3.681
L: 0.30, u_super: 0.00023, sec: 288.792, t_ads: 450.0, t_des: 2352.0, bed_util_ads: 0.175, bed_util_des: 0.159, frac_lost: 0.100, li_recovered:  1.160
L: 0.30, u_super: 0.00001, sec: 1.671, t_ads: 10745.0, t_des: 27157.0, bed_util_ads: 0.123, bed_util_des: 0.050, frac_lost: 0.100, li_recovered:  5.249
L: 0.30, u_super: 0.00001, sec: 1.497, t_ads: 9599.0, t_des: 16019.0, bed_util_ads: 0.130, bed_util_des: 0.074, frac_lost: 0.100, li_recovered:  3.961
L: 0.30, u_super: 0.00001, sec: 1.497, t_ads: 9596.0, t_des: 16005.0, bed_util_ads: 0.130, bed_util_des: 0.074, frac_lost: 0.100, li_recovered:  3.959
L: 0.30, u_super: 0.00003, sec: 8.042, t_ads: 3701.0, t_des: 14185.0, bed_util_ads: 0.131, bed_util_des: 0.073, frac_lost: 0.100, li_recovered:  4.177
    32 |     1280 |  5.519638E+01 |  1.4967335463
L: 0.30, u_super: 0.00001, sec: 2.137, t_ads: 11364.0, t_des: 43812.0, bed_util_ads: 0.117, bed_util_des: 0.034, frac_lost: 0.100, li_recovered:  5.975
L: 0.30, u_super: 0.00001, sec: 1.497, t_ads: 9549.0, t_des: 15726.0, bed_util_ads: 0.130, bed_util_des: 0.075, frac_lost: 0.100, li_recovered:  3.907
L: 0.30, u_super: 0.00001, sec: 1.498, t_ads: 9688.0, t_des: 16584.0, bed_util_ads: 0.129, bed_util_des: 0.073, frac_lost: 0.100, li_recovered:  4.062
L: 0.30, u_super: 0.00038, sec: 2459.221, t_ads: 279.0, t_des: 8560.0, bed_util_ads: 0.091, bed_util_des: 0.074, frac_lost: 0.101, li_recovered:  1.203
L: 0.30, u_super: 0.00001, sec: 1.501, t_ads: 9667.0, t_des: 16255.0, bed_util_ads: 0.130, bed_util_des: 0.074, frac_lost: 0.100, li_recovered:  3.997
L: 0.30, u_super: 0.00001, sec: 1.497, t_ads: 9555.0, t_des: 15763.0, bed_util_ads: 0.130, bed_util_des: 0.075, frac_lost: 0.100, li_recovered:  3.914
L: 0.30, u_super: 0.00001, sec: 1.497, t_ads: 9587.0, t_des: 15952.0, bed_util_ads: 0.130, bed_util_des: 0.075, frac_lost: 0.100, li_recovered:  3.949
L: 0.30, u_super: 0.00001, sec: 1.497, t_ads: 9678.0, t_des: 16510.0, bed_util_ads: 0.129, bed_util_des: 0.073, frac_lost: 0.100, li_recovered:  4.049
L: 0.32, u_super: 0.00001, sec: 2.594, t_ads: 12244.0, t_des: 58082.0, bed_util_ads: 0.114, bed_util_des: 0.027, frac_lost: 0.100, li_recovered:  6.275
L: 0.30, u_super: 0.00001, sec: 1.497, t_ads: 9681.0, t_des: 16526.0, bed_util_ads: 0.129, bed_util_des: 0.073, frac_lost: 0.100, li_recovered:  4.052
L: 0.30, u_super: 0.00001, sec: 1.502, t_ads: 9838.0, t_des: 17578.0, bed_util_ads: 0.129, bed_util_des: 0.070, frac_lost: 0.100, li_recovered:  4.226
L: 0.30, u_super: 0.00001, sec: inf, t_ads: 5627.0, t_des: 0.0, bed_util_ads: 0.145, bed_util_des: 0.145, frac_lost: 0.100, li_recovered:  0.000
L: 0.30, u_super: 0.00023, sec: 778.494, t_ads: 466.0, t_des: 11046.0, bed_util_ads: 0.096, bed_util_des: 0.071, frac_lost: 0.100, li_recovered:  1.768
L: 0.30, u_super: 0.00001, sec: 1.497, t_ads: 9658.0, t_des: 16379.0, bed_util_ads: 0.130, bed_util_des: 0.073, frac_lost: 0.100, li_recovered:  4.026
L: 0.30, u_super: 0.00001, sec: 1.500, t_ads: 9812.0, t_des: 17398.0, bed_util_ads: 0.129, bed_util_des: 0.070, frac_lost: 0.100, li_recovered:  4.197
L: 0.30, u_super: 0.00001, sec: 1.498, t_ads: 9738.0, t_des: 16898.0, bed_util_ads: 0.129, bed_util_des: 0.072, frac_lost: 0.100, li_recovered:  4.115
L: 0.30, u_super: 0.00001, sec: inf, t_ads: 4664.0, t_des: 0.0, bed_util_ads: 0.152, bed_util_des: 0.152, frac_lost: 0.100, li_recovered:  0.000
L: 0.30, u_super: 0.00001, sec: 1.498, t_ads: 9532.0, t_des: 15628.0, bed_util_ads: 0.130, bed_util_des: 0.076, frac_lost: 0.100, li_recovered:  3.888
L: 0.30, u_super: 0.00001, sec: 1.497, t_ads: 9616.0, t_des: 16124.0, bed_util_ads: 0.130, bed_util_des: 0.074, frac_lost: 0.100, li_recovered:  3.980
L: 0.30, u_super: 0.00001, sec: 1.497, t_ads: 9617.0, t_des: 16128.0, bed_util_ads: 0.130, bed_util_des: 0.074, frac_lost: 0.100, li_recovered:  3.981
L: 0.30, u_super: 0.00001, sec: 2.506, t_ads: 11562.0, t_des: 55706.0, bed_util_ads: 0.114, bed_util_des: 0.027, frac_lost: 0.100, li_recovered:  6.214
L: 0.30, u_super: 0.00001, sec: 2.854, t_ads: 11682.0, t_des: 66621.0, bed_util_ads: 0.112, bed_util_des: 0.024, frac_lost: 0.100, li_recovered:  6.351
L: 0.30, u_super: 0.00004, sec: 13.007, t_ads: 2791.0, t_des: 12458.0, bed_util_ads: 0.132, bed_util_des: 0.078, frac_lost: 0.100, li_recovered:  3.851
L: 0.30, u_super: 0.00008, sec: 285.772, t_ads: 1307.0, t_des: 62949.0, bed_util_ads: 0.075, bed_util_des: 0.024, frac_lost: 0.100, li_recovered:  3.655
L: 0.30, u_super: 0.00001, sec: 1.497, t_ads: 9652.0, t_des: 16346.0, bed_util_ads: 0.130, bed_util_des: 0.073, frac_lost: 0.100, li_recovered:  4.020
L: 0.30, u_super: 0.00001, sec: 1.497, t_ads: 9623.0, t_des: 16163.0, bed_util_ads: 0.130, bed_util_des: 0.074, frac_lost: 0.100, li_recovered:  3.987
L: 0.30, u_super: 0.00004, sec: 20.629, t_ads: 2044.0, t_des: 1972.0, bed_util_ads: 0.205, bed_util_des: 0.196, frac_lost: 0.100, li_recovered:  0.639
L: 0.30, u_super: 0.00001, sec: 1.497, t_ads: 9573.0, t_des: 15865.0, bed_util_ads: 0.130, bed_util_des: 0.075, frac_lost: 0.100, li_recovered:  3.933
L: 0.30, u_super: 0.00001, sec: 1.497, t_ads: 9629.0, t_des: 16201.0, bed_util_ads: 0.130, bed_util_des: 0.074, frac_lost: 0.100, li_recovered:  3.994
L: 0.30, u_super: 0.00002, sec: 5.716, t_ads: 4377.0, t_des: 13934.0, bed_util_ads: 0.133, bed_util_des: 0.074, frac_lost: 0.100, li_recovered:  4.212
L: 0.30, u_super: 0.00005, sec: 22.137, t_ads: 2271.0, t_des: 14246.0, bed_util_ads: 0.125, bed_util_des: 0.071, frac_lost: 0.100, li_recovered:  3.811
L: 0.30, u_super: 0.00001, sec: 1.497, t_ads: 9584.0, t_des: 15934.0, bed_util_ads: 0.130, bed_util_des: 0.075, frac_lost: 0.100, li_recovered:  3.946
L: 0.30, u_super: 0.00001, sec: 1.497, t_ads: 9574.0, t_des: 15870.0, bed_util_ads: 0.130, bed_util_des: 0.075, frac_lost: 0.100, li_recovered:  3.934
L: 0.30, u_super: 0.00001, sec: 1.497, t_ads: 9620.0, t_des: 16148.0, bed_util_ads: 0.130, bed_util_des: 0.074, frac_lost: 0.100, li_recovered:  3.985
L: 0.30, u_super: 0.00001, sec: 1.497, t_ads: 9688.0, t_des: 16573.0, bed_util_ads: 0.129, bed_util_des: 0.073, frac_lost: 0.100, li_recovered:  4.060
L: 0.30, u_super: 0.00001, sec: inf, t_ads: 4974.0, t_des: 0.0, bed_util_ads: 0.150, bed_util_des: 0.150, frac_lost: 0.100, li_recovered:  0.000
L: 0.30, u_super: 0.00001, sec: 1.497, t_ads: 9704.0, t_des: 16673.0, bed_util_ads: 0.129, bed_util_des: 0.072, frac_lost: 0.100, li_recovered:  4.077
L: 0.30, u_super: 0.00001, sec: 1.497, t_ads: 9598.0, t_des: 16018.0, bed_util_ads: 0.130, bed_util_des: 0.074, frac_lost: 0.100, li_recovered:  3.961
L: 0.30, u_super: 0.00001, sec: 1.497, t_ads: 9596.0, t_des: 16005.0, bed_util_ads: 0.130, bed_util_des: 0.074, frac_lost: 0.100, li_recovered:  3.959
L: 0.30, u_super: 0.00001, sec: 1.497, t_ads: 9684.0, t_des: 16551.0, bed_util_ads: 0.129, bed_util_des: 0.073, frac_lost: 0.100, li_recovered:  4.056
    33 |     1320 |  3.084497E+01 |  1.4967056513
L: 0.30, u_super: 0.00001, sec: 1.497, t_ads: 9606.0, t_des: 16066.0, bed_util_ads: 0.130, bed_util_des: 0.074, frac_lost: 0.100, li_recovered:  3.970
L: 0.30, u_super: 0.00001, sec: 1.497, t_ads: 9549.0, t_des: 15726.0, bed_util_ads: 0.130, bed_util_des: 0.075, frac_lost: 0.100, li_recovered:  3.907
L: 0.30, u_super: 0.00001, sec: 1.497, t_ads: 9643.0, t_des: 16302.0, bed_util_ads: 0.130, bed_util_des: 0.074, frac_lost: 0.100, li_recovered:  4.013
L: 0.30, u_super: 0.00038, sec: 2762.986, t_ads: 279.0, t_des: 9848.0, bed_util_ads: 0.086, bed_util_des: 0.069, frac_lost: 0.101, li_recovered:  1.226
L: 0.30, u_super: 0.00001, sec: 1.498, t_ads: 9669.0, t_des: 16472.0, bed_util_ads: 0.130, bed_util_des: 0.073, frac_lost: 0.100, li_recovered:  4.043
L: 0.30, u_super: 0.00001, sec: 1.497, t_ads: 9555.0, t_des: 15764.0, bed_util_ads: 0.130, bed_util_des: 0.075, frac_lost: 0.100, li_recovered:  3.914
L: 0.30, u_super: 0.00001, sec: 1.497, t_ads: 9587.0, t_des: 15952.0, bed_util_ads: 0.130, bed_util_des: 0.075, frac_lost: 0.100, li_recovered:  3.949
L: 0.30, u_super: 0.00001, sec: 1.497, t_ads: 9583.0, t_des: 15928.0, bed_util_ads: 0.130, bed_util_des: 0.075, frac_lost: 0.100, li_recovered:  3.945
L: 0.30, u_super: 0.00001, sec: 1.975, t_ads: 7337.0, t_des: 6200.0, bed_util_ads: 0.138, bed_util_des: 0.116, frac_lost: 0.100, li_recovered:  1.586
L: 0.30, u_super: 0.00001, sec: 1.498, t_ads: 9498.0, t_des: 15431.0, bed_util_ads: 0.130, bed_util_des: 0.076, frac_lost: 0.100, li_recovered:  3.851
L: 0.30, u_super: 0.00001, sec: 1.502, t_ads: 9838.0, t_des: 17578.0, bed_util_ads: 0.129, bed_util_des: 0.070, frac_lost: 0.100, li_recovered:  4.226
L: 0.30, u_super: 0.00001, sec: 1.497, t_ads: 9699.0, t_des: 16648.0, bed_util_ads: 0.129, bed_util_des: 0.072, frac_lost: 0.100, li_recovered:  4.073
L: 0.30, u_super: 0.00001, sec: 1.532, t_ads: 10177.0, t_des: 20298.0, bed_util_ads: 0.127, bed_util_des: 0.063, frac_lost: 0.100, li_recovered:  4.605
L: 0.30, u_super: 0.00001, sec: 1.497, t_ads: 9657.0, t_des: 16377.0, bed_util_ads: 0.130, bed_util_des: 0.073, frac_lost: 0.100, li_recovered:  4.026
L: 0.30, u_super: 0.00001, sec: 1.497, t_ads: 9568.0, t_des: 15837.0, bed_util_ads: 0.130, bed_util_des: 0.075, frac_lost: 0.100, li_recovered:  3.928
L: 0.30, u_super: 0.00001, sec: 1.498, t_ads: 9739.0, t_des: 16899.0, bed_util_ads: 0.129, bed_util_des: 0.072, frac_lost: 0.100, li_recovered:  4.116
L: 0.30, u_super: 0.00007, sec: 106.291, t_ads: 1681.0, t_des: 40863.0, bed_util_ads: 0.089, bed_util_des: 0.033, frac_lost: 0.100, li_recovered:  3.957
L: 0.30, u_super: 0.00001, sec: 1.498, t_ads: 9532.0, t_des: 15628.0, bed_util_ads: 0.130, bed_util_des: 0.076, frac_lost: 0.100, li_recovered:  3.888
L: 0.30, u_super: 0.00001, sec: 1.497, t_ads: 9617.0, t_des: 16126.0, bed_util_ads: 0.130, bed_util_des: 0.074, frac_lost: 0.100, li_recovered:  3.981
L: 0.30, u_super: 0.00001, sec: 1.497, t_ads: 9616.0, t_des: 16126.0, bed_util_ads: 0.130, bed_util_des: 0.074, frac_lost: 0.100, li_recovered:  3.981
L: 0.30, u_super: 0.00001, sec: 1.497, t_ads: 9658.0, t_des: 16382.0, bed_util_ads: 0.130, bed_util_des: 0.073, frac_lost: 0.100, li_recovered:  4.026
L: 0.30, u_super: 0.00001, sec: 1.498, t_ads: 9691.0, t_des: 16600.0, bed_util_ads: 0.129, bed_util_des: 0.073, frac_lost: 0.100, li_recovered:  4.065
L: 0.30, u_super: 0.00004, sec: 11.960, t_ads: 2746.0, t_des: 10479.0, bed_util_ads: 0.138, bed_util_des: 0.088, frac_lost: 0.100, li_recovered:  3.632
L: 0.30, u_super: 0.00001, sec: inf, t_ads: 2826.0, t_des: 0.0, bed_util_ads: 0.182, bed_util_des: 0.182, frac_lost: 0.100, li_recovered:  0.000
L: 0.30, u_super: 0.00001, sec: 1.497, t_ads: 9652.0, t_des: 16345.0, bed_util_ads: 0.130, bed_util_des: 0.073, frac_lost: 0.100, li_recovered:  4.020
L: 0.30, u_super: 0.00002, sec: 5.724, t_ads: 4378.0, t_des: 13976.0, bed_util_ads: 0.133, bed_util_des: 0.074, frac_lost: 0.100, li_recovered:  4.216
L: 0.30, u_super: 0.00004, sec: 13.588, t_ads: 2810.0, t_des: 13513.0, bed_util_ads: 0.130, bed_util_des: 0.074, frac_lost: 0.100, li_recovered:  3.946
L: 0.30, u_super: 0.00001, sec: 1.497, t_ads: 9573.0, t_des: 15865.0, bed_util_ads: 0.130, bed_util_des: 0.075, frac_lost: 0.100, li_recovered:  3.933
L: 0.30, u_super: 0.00001, sec: 2.313, t_ads: 7299.0, t_des: 14981.0, bed_util_ads: 0.133, bed_util_des: 0.074, frac_lost: 0.100, li_recovered:  4.198
L: 0.30, u_super: 0.00001, sec: inf, t_ads: 4185.0, t_des: 0.0, bed_util_ads: 0.157, bed_util_des: 0.157, frac_lost: 0.100, li_recovered:  0.000
L: 0.30, u_super: 0.00005, sec: 15.424, t_ads: 1916.0, t_des: 3354.0, bed_util_ads: 0.186, bed_util_des: 0.162, frac_lost: 0.100, li_recovered:  1.745
L: 0.30, u_super: 0.00001, sec: 1.497, t_ads: 9565.0, t_des: 15822.0, bed_util_ads: 0.130, bed_util_des: 0.075, frac_lost: 0.100, li_recovered:  3.925
L: 0.30, u_super: 0.00001, sec: 1.497, t_ads: 9573.0, t_des: 15869.0, bed_util_ads: 0.130, bed_util_des: 0.075, frac_lost: 0.100, li_recovered:  3.934
L: 0.30, u_super: 0.00001, sec: 2.411, t_ads: 11521.0, t_des: 52699.0, bed_util_ads: 0.115, bed_util_des: 0.029, frac_lost: 0.100, li_recovered:  6.164
L: 0.31, u_super: 0.00001, sec: 1.540, t_ads: 10019.0, t_des: 16769.0, bed_util_ads: 0.129, bed_util_des: 0.073, frac_lost: 0.100, li_recovered:  4.026
L: 0.30, u_super: 0.00007, sec: 29.142, t_ads: 1357.0, t_des: 3333.0, bed_util_ads: 0.185, bed_util_des: 0.159, frac_lost: 0.100, li_recovered:  1.853
L: 0.30, u_super: 0.00001, sec: 1.497, t_ads: 9704.0, t_des: 16674.0, bed_util_ads: 0.129, bed_util_des: 0.072, frac_lost: 0.100, li_recovered:  4.077
L: 0.30, u_super: 0.00001, sec: 1.497, t_ads: 9598.0, t_des: 16017.0, bed_util_ads: 0.130, bed_util_des: 0.074, frac_lost: 0.100, li_recovered:  3.961
L: 0.30, u_super: 0.00001, sec: 1.497, t_ads: 9596.0, t_des: 16005.0, bed_util_ads: 0.130, bed_util_des: 0.074, frac_lost: 0.100, li_recovered:  3.959
L: 0.30, u_super: 0.00001, sec: 1.497, t_ads: 9685.0, t_des: 16552.0, bed_util_ads: 0.129, bed_util_des: 0.073, frac_lost: 0.100, li_recovered:  4.056
    34 |     1360 |  3.064253E+01 |  1.4967056513

============================================================
OPTIMIZATION SUMMARY
============================================================
Best SEC:              1.4967
------------------------------------------------------------
Optimal Parameters:
  Column length (L):     0.3000 m
  Superficial velocity:  0.000010 m/s
  Desorption threshold:  0.0740
------------------------------------------------------------
Cycle Times:
  Adsorption time:       9620.0 s
  Desorption time:       16148.0 s
  Total cycle time:      25768.0 s
------------------------------------------------------------
Performance:
  Li recovered:          3.9848 mol/m³
  Fraction lost:         0.1000
  Bed util (ads):        0.1297
  Generations:           35
============================================================
