L: 0.66, u_super: 0.00048, sec: 690.870, t_ads: 2086.0, t_des: 18671.0, bed_util_ads: 0.311, bed_util_des: 0.089, frac_lost: 0.500, li_recovered:  15.843
L: 0.96, u_super: 0.00016, sec: 57.096, t_ads: 11370.0, t_des: 10993.0, bed_util_ads: 0.560, bed_util_des: 0.223, frac_lost: 0.500, li_recovered:  24.079
L: 0.88, u_super: 0.00021, sec: 79.617, t_ads: 6128.0, t_des: 5678.0, bed_util_ads: 0.497, bed_util_des: 0.284, frac_lost: 0.500, li_recovered:  15.253
L: 0.32, u_super: 0.00038, sec: 192.589, t_ads: 861.0, t_des: 2082.0, bed_util_ads: 0.350, bed_util_des: 0.278, frac_lost: 0.500, li_recovered:  5.113
L: 0.53, u_super: 0.00040, sec: 284.404, t_ads: 1757.0, t_des: 7399.0, bed_util_ads: 0.330, bed_util_des: 0.166, frac_lost: 0.500, li_recovered:  11.769
L: 0.62, u_super: 0.00008, sec: 15.585, t_ads: 17556.0, t_des: 15932.0, bed_util_ads: 0.612, bed_util_des: 0.213, frac_lost: 0.500, li_recovered:  28.512
L: 0.44, u_super: 0.00014, sec: 36.405, t_ads: 3442.0, t_des: 2538.0, bed_util_ads: 0.482, bed_util_des: 0.380, frac_lost: 0.500, li_recovered:  7.310
L: 0.50, u_super: 0.00025, sec: 190.019, t_ads: 1712.0, t_des: 855.0, bed_util_ads: 0.518, bed_util_des: 0.491, frac_lost: 0.500, li_recovered:  1.926
L: 0.97, u_super: 0.00037, sec: 193.591, t_ads: 3494.0, t_des: 3978.0, bed_util_ads: 0.447, bed_util_des: 0.280, frac_lost: 0.500, li_recovered:  11.972
L: 0.49, u_super: 0.00009, sec: 45.725, t_ads: 4552.0, t_des: 1843.0, bed_util_ads: 0.521, bed_util_des: 0.486, frac_lost: 0.500, li_recovered:  2.551
L: 0.66, u_super: 0.00007, sec: 15.840, t_ads: 15994.0, t_des: 12228.0, bed_util_ads: 0.577, bed_util_des: 0.319, frac_lost: 0.500, li_recovered:  18.403
L: 0.84, u_super: 0.00031, sec: 259.083, t_ads: 2435.0, t_des: 1338.0, bed_util_ads: 0.506, bed_util_des: 0.460, frac_lost: 0.500, li_recovered:  3.261
L: 0.33, u_super: 0.00027, sec: 102.271, t_ads: 1395.0, t_des: 3548.0, bed_util_ads: 0.354, bed_util_des: 0.240, frac_lost: 0.500, li_recovered:  8.125
L: 0.34, u_super: 0.00032, sec: 165.260, t_ads: 967.0, t_des: 784.0, bed_util_ads: 0.465, bed_util_des: 0.429, frac_lost: 0.500, li_recovered:  2.590
L: 0.72, u_super: 0.00014, sec: 58.479, t_ads: 5202.0, t_des: 3044.0, bed_util_ads: 0.510, bed_util_des: 0.423, frac_lost: 0.500, li_recovered:  6.177
L: 0.66, u_super: 0.00026, sec: 115.140, t_ads: 2632.0, t_des: 2038.0, bed_util_ads: 0.471, bed_util_des: 0.381, frac_lost: 0.500, li_recovered:  6.385
L: 0.40, u_super: 0.00041, sec: 217.474, t_ads: 959.0, t_des: 1321.0, bed_util_ads: 0.406, bed_util_des: 0.348, frac_lost: 0.500, li_recovered:  4.135
L: 0.85, u_super: 0.00010, sec: 42.351, t_ads: 9035.0, t_des: 5532.0, bed_util_ads: 0.525, bed_util_des: 0.405, frac_lost: 0.500, li_recovered:  8.604
L: 0.43, u_super: 0.00005, sec: 11.781, t_ads: 8628.0, t_des: 4706.0, bed_util_ads: 0.522, bed_util_des: 0.430, frac_lost: 0.500, li_recovered:  6.543
L: 0.90, u_super: 0.00044, sec: 269.970, t_ads: 2683.0, t_des: 4377.0, bed_util_ads: 0.411, bed_util_des: 0.247, frac_lost: 0.500, li_recovered:  11.764
L: 0.49, u_super: 0.00001, sec: 2.002, t_ads: 73267.0, t_des: 50174.0, bed_util_ads: 0.692, bed_util_des: 0.330, frac_lost: 0.500, li_recovered:  25.915
L: 0.80, u_super: 0.00042, sec: 308.883, t_ads: 2921.0, t_des: 9300.0, bed_util_ads: 0.382, bed_util_des: 0.155, frac_lost: 0.500, li_recovered:  16.204
L: 0.45, u_super: 0.00032, sec: 159.317, t_ads: 1322.0, t_des: 1114.0, bed_util_ads: 0.458, bed_util_des: 0.406, frac_lost: 0.500, li_recovered:  3.715
L: 0.97, u_super: 0.00008, sec: 26.166, t_ads: 24507.0, t_des: 20026.0, bed_util_ads: 0.638, bed_util_des: 0.251, frac_lost: 0.500, li_recovered:  27.664
L: 0.93, u_super: 0.00022, sec: 88.137, t_ads: 5964.0, t_des: 5240.0, bed_util_ads: 0.498, bed_util_des: 0.303, frac_lost: 0.500, li_recovered:  13.913
L: 0.32, u_super: 0.00034, sec: 210.626, t_ads: 826.0, t_des: 575.0, bed_util_ads: 0.486, bed_util_des: 0.461, frac_lost: 0.500, li_recovered:  1.788
L: 0.88, u_super: 0.00044, sec: 277.323, t_ads: 2167.0, t_des: 2239.0, bed_util_ads: 0.439, bed_util_des: 0.337, frac_lost: 0.500, li_recovered:  7.291
L: 0.47, u_super: 0.00039, sec: 363.335, t_ads: 1659.0, t_des: 11660.0, bed_util_ads: 0.300, bed_util_des: 0.122, frac_lost: 0.500, li_recovered:  12.748
L: 0.88, u_super: 0.00004, sec: 14.864, t_ads: 24982.0, t_des: 14378.0, bed_util_ads: 0.559, bed_util_des: 0.416, frac_lost: 0.500, li_recovered:  10.173
L: 0.42, u_super: 0.00019, sec: 61.021, t_ads: 3293.0, t_des: 8248.0, bed_util_ads: 0.403, bed_util_des: 0.172, frac_lost: 0.500, li_recovered:  16.488
L: 0.78, u_super: 0.00010, sec: 25.537, t_ads: 17387.0, t_des: 15898.0, bed_util_ads: 0.612, bed_util_des: 0.210, frac_lost: 0.500, li_recovered:  28.714
L: 0.30, u_super: 0.00014, sec: 27.741, t_ads: 3069.0, t_des: 5457.0, bed_util_ads: 0.414, bed_util_des: 0.222, frac_lost: 0.500, li_recovered:  13.695
L: 0.37, u_super: 0.00032, sec: 163.431, t_ads: 1392.0, t_des: 4870.0, bed_util_ads: 0.330, bed_util_des: 0.203, frac_lost: 0.500, li_recovered:  9.136
L: 0.81, u_super: 0.00033, sec: 158.749, t_ads: 3508.0, t_des: 5529.0, bed_util_ads: 0.429, bed_util_des: 0.227, frac_lost: 0.500, li_recovered:  14.449
L: 0.91, u_super: 0.00032, sec: 205.040, t_ads: 2830.0, t_des: 1924.0, bed_util_ads: 0.486, bed_util_des: 0.409, frac_lost: 0.500, li_recovered:  5.511
L: 0.54, u_super: 0.00028, sec: 165.545, t_ads: 3249.0, t_des: 14512.0, bed_util_ads: 0.381, bed_util_des: 0.114, frac_lost: 0.500, li_recovered:  19.043
L: 1.00, u_super: 0.00013, sec: 43.790, t_ads: 19391.0, t_des: 20644.0, bed_util_ads: 0.638, bed_util_des: 0.143, frac_lost: 0.500, li_recovered:  35.370
L: 0.35, u_super: 0.00014, sec: 32.354, t_ads: 2669.0, t_des: 2018.0, bed_util_ads: 0.474, bed_util_des: 0.386, frac_lost: 0.500, li_recovered:  6.242
L: 0.79, u_super: 0.00007, sec: 18.068, t_ads: 25673.0, t_des: 22268.0, bed_util_ads: 0.659, bed_util_des: 0.201, frac_lost: 0.500, li_recovered:  32.801
L: 0.59, u_super: 0.00034, sec: 157.784, t_ads: 2246.0, t_des: 4329.0, bed_util_ads: 0.392, bed_util_des: 0.239, frac_lost: 0.500, li_recovered:  10.929
=================================================
n_gen  |  n_eval  |     f_avg     |     f_min    
=================================================
     1 |       40 |  1.388317E+02 |  2.0019536018
L: 0.36, u_super: 0.00001, sec: 1.019, t_ads: 116572.0, t_des: 90665.0, bed_util_ads: 0.838, bed_util_des: 0.089, frac_lost: 0.500, li_recovered:  53.542
L: 0.48, u_super: 0.00016, sec: 37.569, t_ads: 4933.0, t_des: 6914.0, bed_util_ads: 0.462, bed_util_des: 0.214, frac_lost: 0.500, li_recovered:  17.765
L: 0.88, u_super: 0.00001, sec: 2.830, t_ads: 189936.0, t_des: 123974.0, bed_util_ads: 0.789, bed_util_des: 0.284, frac_lost: 0.500, li_recovered:  36.153
L: 0.44, u_super: 0.00001, sec: 1.451, t_ads: 92039.0, t_des: 63835.0, bed_util_ads: 0.744, bed_util_des: 0.278, frac_lost: 0.500, li_recovered:  33.265
L: 0.53, u_super: 0.00040, sec: 237.205, t_ads: 1635.0, t_des: 4735.0, bed_util_ads: 0.350, bed_util_des: 0.213, frac_lost: 0.500, li_recovered:  9.817
L: 0.62, u_super: 0.00008, sec: 19.024, t_ads: 10880.0, t_des: 7758.0, bed_util_ads: 0.540, bed_util_des: 0.359, frac_lost: 0.500, li_recovered:  13.000
L: 0.44, u_super: 0.00001, sec: 1.818, t_ads: 56626.0, t_des: 36734.0, bed_util_ads: 0.633, bed_util_des: 0.380, frac_lost: 0.500, li_recovered:  18.077
L: 0.50, u_super: 0.00013, sec: 30.157, t_ads: 5072.0, t_des: 4549.0, bed_util_ads: 0.485, bed_util_des: 0.305, frac_lost: 0.500, li_recovered:  12.834
L: 0.97, u_super: 0.00001, sec: 3.491, t_ads: 189870.0, t_des: 124014.0, bed_util_ads: 0.792, bed_util_des: 0.280, frac_lost: 0.500, li_recovered:  36.608
L: 0.49, u_super: 0.00001, sec: 8.978, t_ads: 29659.0, t_des: 5883.0, bed_util_ads: 0.499, bed_util_des: 0.486, frac_lost: 0.500, li_recovered:  0.993
L: 0.66, u_super: 0.00007, sec: 15.876, t_ads: 16051.0, t_des: 12269.0, bed_util_ads: 0.577, bed_util_des: 0.319, frac_lost: 0.500, li_recovered:  18.424
L: 0.84, u_super: 0.00014, sec: 70.522, t_ads: 5927.0, t_des: 3278.0, bed_util_ads: 0.514, bed_util_des: 0.433, frac_lost: 0.500, li_recovered:  5.813
L: 0.56, u_super: 0.00027, sec: 101.651, t_ads: 2744.0, t_des: 4604.0, bed_util_ads: 0.410, bed_util_des: 0.240, frac_lost: 0.500, li_recovered:  12.152
L: 0.63, u_super: 0.00032, sec: 197.382, t_ads: 1829.0, t_des: 1248.0, bed_util_ads: 0.483, bed_util_des: 0.429, frac_lost: 0.500, li_recovered:  3.811
L: 0.71, u_super: 0.00001, sec: 3.158, t_ads: 75730.0, t_des: 44056.0, bed_util_ads: 0.602, bed_util_des: 0.423, frac_lost: 0.500, li_recovered:  12.819
L: 0.66, u_super: 0.00026, sec: 98.760, t_ads: 3644.0, t_des: 5548.0, bed_util_ads: 0.434, bed_util_des: 0.229, frac_lost: 0.500, li_recovered:  14.653
L: 0.36, u_super: 0.00041, sec: 216.012, t_ads: 857.0, t_des: 1233.0, bed_util_ads: 0.401, bed_util_des: 0.348, frac_lost: 0.500, li_recovered:  3.816
L: 0.85, u_super: 0.00010, sec: 34.169, t_ads: 11892.0, t_des: 8935.0, bed_util_ads: 0.550, bed_util_des: 0.337, frac_lost: 0.500, li_recovered:  15.248
L: 0.43, u_super: 0.00005, sec: 7.520, t_ads: 15780.0, t_des: 13063.0, bed_util_ads: 0.587, bed_util_des: 0.277, frac_lost: 0.500, li_recovered:  22.172
L: 0.90, u_super: 0.00010, sec: 29.913, t_ads: 18333.0, t_des: 15631.0, bed_util_ads: 0.610, bed_util_des: 0.247, frac_lost: 0.500, li_recovered:  25.955
L: 0.49, u_super: 0.00001, sec: 2.030, t_ads: 70421.0, t_des: 47816.0, bed_util_ads: 0.682, bed_util_des: 0.340, frac_lost: 0.500, li_recovered:  24.484
L: 0.57, u_super: 0.00042, sec: 238.847, t_ads: 1550.0, t_des: 3208.0, bed_util_ads: 0.373, bed_util_des: 0.259, frac_lost: 0.500, li_recovered:  8.159
L: 0.45, u_super: 0.00001, sec: 1.756, t_ads: 56605.0, t_des: 34764.0, bed_util_ads: 0.607, bed_util_des: 0.406, frac_lost: 0.500, li_recovered:  14.356
L: 0.62, u_super: 0.00008, sec: 20.034, t_ads: 11200.0, t_des: 8728.0, bed_util_ads: 0.548, bed_util_des: 0.322, frac_lost: 0.500, li_recovered:  16.168
L: 0.46, u_super: 0.00002, sec: 3.383, t_ads: 39460.0, t_des: 28932.0, bed_util_ads: 0.660, bed_util_des: 0.303, frac_lost: 0.500, li_recovered:  25.517
L: 0.32, u_super: 0.00034, sec: 149.097, t_ads: 898.0, t_des: 1166.0, bed_util_ads: 0.412, bed_util_des: 0.360, frac_lost: 0.500, li_recovered:  3.721
L: 0.88, u_super: 0.00044, sec: 269.111, t_ads: 2299.0, t_des: 2814.0, bed_util_ads: 0.426, bed_util_des: 0.304, frac_lost: 0.500, li_recovered:  8.719
L: 0.32, u_super: 0.00039, sec: 429.881, t_ads: 981.0, t_des: 10142.0, bed_util_ads: 0.247, bed_util_des: 0.122, frac_lost: 0.500, li_recovered:  8.998
L: 0.58, u_super: 0.00004, sec: 7.475, t_ads: 28435.0, t_des: 21980.0, bed_util_ads: 0.642, bed_util_des: 0.280, frac_lost: 0.500, li_recovered:  25.910
L: 0.42, u_super: 0.00001, sec: 1.136, t_ads: 124697.0, t_des: 89176.0, bed_util_ads: 0.816, bed_util_des: 0.172, frac_lost: 0.500, li_recovered:  46.055
L: 0.44, u_super: 0.00010, sec: 17.311, t_ads: 8307.0, t_des: 9262.0, bed_util_ads: 0.523, bed_util_des: 0.210, frac_lost: 0.500, li_recovered:  22.358
L: 0.30, u_super: 0.00014, sec: 27.141, t_ads: 2968.0, t_des: 4801.0, bed_util_ads: 0.417, bed_util_des: 0.239, frac_lost: 0.500, li_recovered:  12.755
L: 0.37, u_super: 0.00032, sec: 281.215, t_ads: 1001.0, t_des: 534.0, bed_util_ads: 0.517, bed_util_des: 0.499, frac_lost: 0.500, li_recovered:  1.301
L: 0.81, u_super: 0.00001, sec: 2.439, t_ads: 204682.0, t_des: 135813.0, bed_util_ads: 0.824, bed_util_des: 0.227, frac_lost: 0.500, li_recovered:  42.669
L: 0.91, u_super: 0.00020, sec: 108.738, t_ads: 4576.0, t_des: 2901.0, bed_util_ads: 0.503, bed_util_des: 0.409, frac_lost: 0.500, li_recovered:  6.701
L: 0.43, u_super: 0.00028, sec: 178.464, t_ads: 2343.0, t_des: 13692.0, bed_util_ads: 0.337, bed_util_des: 0.114, frac_lost: 0.500, li_recovered:  15.948
L: 1.00, u_super: 0.00013, sec: 132.813, t_ads: 6102.0, t_des: 2220.0, bed_util_ads: 0.521, bed_util_des: 0.487, frac_lost: 0.500, li_recovered:  2.424
L: 0.35, u_super: 0.00014, sec: 31.760, t_ads: 2699.0, t_des: 2082.0, bed_util_ads: 0.472, bed_util_des: 0.381, frac_lost: 0.500, li_recovered:  6.487
L: 0.67, u_super: 0.00007, sec: 15.751, t_ads: 20847.0, t_des: 18754.0, bed_util_ads: 0.635, bed_util_des: 0.201, frac_lost: 0.500, li_recovered:  31.081
L: 0.59, u_super: 0.00034, sec: 154.768, t_ads: 1899.0, t_des: 2071.0, bed_util_ads: 0.432, bed_util_des: 0.338, frac_lost: 0.500, li_recovered:  6.728
     2 |       80 |  7.174397E+01 |  1.0192595720
L: 0.36, u_super: 0.00001, sec: 1.020, t_ads: 112909.0, t_des: 86299.0, bed_util_ads: 0.830, bed_util_des: 0.110, frac_lost: 0.500, li_recovered:  51.452
L: 0.48, u_super: 0.00001, sec: 1.511, t_ads: 117947.0, t_des: 83058.0, bed_util_ads: 0.795, bed_util_des: 0.214, frac_lost: 0.500, li_recovered:  41.578
L: 0.45, u_super: 0.00001, sec: 1.292, t_ads: 104025.0, t_des: 71257.0, bed_util_ads: 0.749, bed_util_des: 0.284, frac_lost: 0.500, li_recovered:  33.290
L: 0.44, u_super: 0.00007, sec: 12.442, t_ads: 9817.0, t_des: 8559.0, bed_util_ads: 0.541, bed_util_des: 0.278, frac_lost: 0.500, li_recovered:  18.759
L: 0.34, u_super: 0.00043, sec: 313.745, t_ads: 863.0, t_des: 4050.0, bed_util_ads: 0.294, bed_util_des: 0.201, frac_lost: 0.500, li_recovered:  6.598
L: 0.51, u_super: 0.00008, sec: 18.234, t_ads: 19313.0, t_des: 38081.0, bed_util_ads: 0.649, bed_util_des: 0.065, frac_lost: 0.500, li_recovered:  41.765
L: 0.35, u_super: 0.00001, sec: 1.501, t_ads: 43463.0, t_des: 28296.0, bed_util_ads: 0.616, bed_util_des: 0.380, frac_lost: 0.500, li_recovered:  16.833
L: 0.38, u_super: 0.00013, sec: 26.241, t_ads: 3599.0, t_des: 3543.0, bed_util_ads: 0.459, bed_util_des: 0.305, frac_lost: 0.500, li_recovered:  10.949
L: 0.32, u_super: 0.00001, sec: 1.255, t_ads: 53465.0, t_des: 38896.0, bed_util_ads: 0.699, bed_util_des: 0.280, frac_lost: 0.500, li_recovered:  29.955
L: 0.35, u_super: 0.00001, sec: 4.824, t_ads: 22010.0, t_des: 5376.0, bed_util_ads: 0.505, bed_util_des: 0.486, frac_lost: 0.500, li_recovered:  1.424
L: 0.36, u_super: 0.00007, sec: 10.030, t_ads: 7626.0, t_des: 6204.0, bed_util_ads: 0.518, bed_util_des: 0.319, frac_lost: 0.500, li_recovered:  14.242
L: 0.84, u_super: 0.00014, sec: 42.118, t_ads: 13162.0, t_des: 13989.0, bed_util_ads: 0.582, bed_util_des: 0.180, frac_lost: 0.500, li_recovered:  28.709
L: 0.53, u_super: 0.00027, sec: 101.248, t_ads: 2542.0, t_des: 4477.0, bed_util_ads: 0.403, bed_util_des: 0.240, frac_lost: 0.500, li_recovered:  11.655
L: 0.34, u_super: 0.00007, sec: 15.475, t_ads: 4710.0, t_des: 2708.0, bed_util_ads: 0.508, bed_util_des: 0.429, frac_lost: 0.500, li_recovered:  5.649
L: 0.71, u_super: 0.00001, sec: 2.220, t_ads: 214334.0, t_des: 155032.0, bed_util_ads: 0.875, bed_util_des: 0.089, frac_lost: 0.500, li_recovered:  56.235
L: 0.41, u_super: 0.00026, sec: 96.687, t_ads: 1976.0, t_des: 4465.0, bed_util_ads: 0.375, bed_util_des: 0.229, frac_lost: 0.500, li_recovered:  10.488
L: 0.45, u_super: 0.00041, sec: 219.370, t_ads: 1080.0, t_des: 1419.0, bed_util_ads: 0.411, bed_util_des: 0.348, frac_lost: 0.500, li_recovered:  4.493
L: 0.85, u_super: 0.00010, sec: 29.571, t_ads: 17356.0, t_des: 15611.0, bed_util_ads: 0.610, bed_util_des: 0.220, frac_lost: 0.500, li_recovered:  27.888
L: 0.35, u_super: 0.00005, sec: 6.355, t_ads: 12032.0, t_des: 10270.0, bed_util_ads: 0.560, bed_util_des: 0.277, frac_lost: 0.500, li_recovered:  20.288
L: 0.34, u_super: 0.00010, sec: 15.556, t_ads: 5220.0, t_des: 5910.0, bed_util_ads: 0.475, bed_util_des: 0.247, frac_lost: 0.500, li_recovered:  16.356
L: 0.49, u_super: 0.00001, sec: 1.760, t_ads: 127974.0, t_des: 98353.0, bed_util_ads: 0.845, bed_util_des: 0.089, frac_lost: 0.500, li_recovered:  54.047
L: 0.44, u_super: 0.00042, sec: 241.481, t_ads: 1143.0, t_des: 2795.0, bed_util_ads: 0.353, bed_util_des: 0.259, frac_lost: 0.500, li_recovered:  6.679
L: 0.58, u_super: 0.00001, sec: 2.187, t_ads: 76326.0, t_des: 47173.0, bed_util_ads: 0.624, bed_util_des: 0.406, frac_lost: 0.500, li_recovered:  15.583
L: 0.30, u_super: 0.00008, sec: 12.282, t_ads: 4653.0, t_des: 4016.0, bed_util_ads: 0.482, bed_util_des: 0.322, frac_lost: 0.500, li_recovered:  11.472
L: 0.46, u_super: 0.00014, sec: 30.965, t_ads: 4419.0, t_des: 4122.0, bed_util_ads: 0.474, bed_util_des: 0.303, frac_lost: 0.500, li_recovered:  12.197
L: 0.32, u_super: 0.00001, sec: 1.025, t_ads: 54165.0, t_des: 36088.0, bed_util_ads: 0.647, bed_util_des: 0.360, frac_lost: 0.500, li_recovered:  20.487
L: 0.88, u_super: 0.00044, sec: 417.739, t_ads: 3295.0, t_des: 14027.0, bed_util_ads: 0.384, bed_util_des: 0.117, frac_lost: 0.500, li_recovered:  19.030
L: 0.47, u_super: 0.00039, sec: 704.628, t_ads: 1829.0, t_des: 29886.0, bed_util_ads: 0.279, bed_util_des: 0.061, frac_lost: 0.500, li_recovered:  15.652
L: 0.58, u_super: 0.00014, sec: 34.331, t_ads: 6131.0, t_des: 5754.0, bed_util_ads: 0.497, bed_util_des: 0.280, frac_lost: 0.500, li_recovered:  15.511
L: 0.42, u_super: 0.00001, sec: 1.127, t_ads: 131003.0, t_des: 94935.0, bed_util_ads: 0.830, bed_util_des: 0.144, frac_lost: 0.500, li_recovered:  49.015
L: 0.44, u_super: 0.00010, sec: 25.316, t_ads: 11291.0, t_des: 28983.0, bed_util_ads: 0.566, bed_util_des: 0.076, frac_lost: 0.500, li_recovered:  35.046
L: 0.34, u_super: 0.00014, sec: 27.586, t_ads: 3468.0, t_des: 5092.0, bed_util_ads: 0.432, bed_util_des: 0.239, frac_lost: 0.500, li_recovered:  13.827
L: 0.61, u_super: 0.00032, sec: 154.108, t_ads: 2639.0, t_des: 6031.0, bed_util_ads: 0.390, bed_util_des: 0.203, frac_lost: 0.500, li_recovered:  13.414
L: 0.64, u_super: 0.00004, sec: 8.713, t_ads: 33234.0, t_des: 26871.0, bed_util_ads: 0.679, bed_util_des: 0.227, frac_lost: 0.500, li_recovered:  32.286
L: 0.91, u_super: 0.00020, sec: 176.938, t_ads: 11762.0, t_des: 57732.0, bed_util_ads: 0.574, bed_util_des: 0.039, frac_lost: 0.500, li_recovered:  38.273
L: 0.32, u_super: 0.00028, sec: 200.379, t_ads: 1575.0, t_des: 12615.0, bed_util_ads: 0.290, bed_util_des: 0.114, frac_lost: 0.500, li_recovered:  12.570
L: 0.35, u_super: 0.00013, sec: 29.688, t_ads: 4788.0, t_des: 11623.0, bed_util_ads: 0.442, bed_util_des: 0.143, frac_lost: 0.500, li_recovered:  21.386
L: 0.35, u_super: 0.00014, sec: 44.813, t_ads: 5067.0, t_des: 20920.0, bed_util_ads: 0.439, bed_util_des: 0.090, frac_lost: 0.500, li_recovered:  24.989
L: 0.40, u_super: 0.00007, sec: 10.809, t_ads: 10779.0, t_des: 11373.0, bed_util_ads: 0.555, bed_util_des: 0.201, frac_lost: 0.500, li_recovered:  25.334
L: 0.33, u_super: 0.00002, sec: 2.301, t_ads: 26537.0, t_des: 19003.0, bed_util_ads: 0.609, bed_util_des: 0.338, frac_lost: 0.500, li_recovered:  19.333
     3 |      120 |  5.692741E+01 |  1.0192595720
L: 0.36, u_super: 0.00001, sec: 1.023, t_ads: 105278.0, t_des: 77811.0, bed_util_ads: 0.811, bed_util_des: 0.152, frac_lost: 0.500, li_recovered:  47.115
L: 0.40, u_super: 0.00001, sec: 1.275, t_ads: 96049.0, t_des: 69115.0, bed_util_ads: 0.780, bed_util_des: 0.214, frac_lost: 0.500, li_recovered:  40.501
L: 0.45, u_super: 0.00001, sec: 1.358, t_ads: 167152.0, t_des: 170036.0, bed_util_ads: 0.876, bed_util_des: 0.024, frac_lost: 0.500, li_recovered:  60.955
L: 0.44, u_super: 0.00001, sec: 1.356, t_ads: 128802.0, t_des: 95985.0, bed_util_ads: 0.837, bed_util_des: 0.118, frac_lost: 0.500, li_recovered:  51.354
L: 0.62, u_super: 0.00040, sec: 233.276, t_ads: 1999.0, t_des: 5083.0, bed_util_ads: 0.368, bed_util_des: 0.213, frac_lost: 0.500, li_recovered:  11.098
L: 0.62, u_super: 0.00008, sec: 15.938, t_ads: 21632.0, t_des: 24048.0, bed_util_ads: 0.656, bed_util_des: 0.124, frac_lost: 0.500, li_recovered:  38.031
L: 0.31, u_super: 0.00001, sec: 1.188, t_ads: 92177.0, t_des: 99613.0, bed_util_ads: 0.833, bed_util_des: 0.038, frac_lost: 0.500, li_recovered:  56.835
L: 0.37, u_super: 0.00013, sec: 25.922, t_ads: 3463.0, t_des: 3459.0, bed_util_ads: 0.456, bed_util_des: 0.305, frac_lost: 0.500, li_recovered:  10.742
L: 0.32, u_super: 0.00001, sec: 1.251, t_ads: 85855.0, t_des: 84584.0, bed_util_ads: 0.824, bed_util_des: 0.048, frac_lost: 0.500, li_recovered:  55.480
L: 0.35, u_super: 0.00001, sec: 1.111, t_ads: 125734.0, t_des: 137172.0, bed_util_ads: 0.858, bed_util_des: 0.027, frac_lost: 0.500, li_recovered:  59.357
L: 0.49, u_super: 0.00007, sec: 12.469, t_ads: 11010.0, t_des: 8642.0, bed_util_ads: 0.547, bed_util_des: 0.319, frac_lost: 0.500, li_recovered:  16.278
L: 0.84, u_super: 0.00001, sec: 2.260, t_ads: 259325.0, t_des: 172427.0, bed_util_ads: 0.856, bed_util_des: 0.180, frac_lost: 0.500, li_recovered:  48.289
L: 0.53, u_super: 0.00027, sec: 623.178, t_ads: 3895.0, t_des: 90879.0, bed_util_ads: 0.381, bed_util_des: 0.024, frac_lost: 0.500, li_recovered:  25.567
L: 0.34, u_super: 0.00007, sec: 15.890, t_ads: 12632.0, t_des: 38034.0, bed_util_ads: 0.585, bed_util_des: 0.059, frac_lost: 0.500, li_recovered:  37.574
L: 0.61, u_super: 0.00012, sec: 35.181, t_ads: 13101.0, t_des: 25761.0, bed_util_ads: 0.589, bed_util_des: 0.089, frac_lost: 0.500, li_recovered:  35.737
L: 0.44, u_super: 0.00026, sec: 96.279, t_ads: 2130.0, t_des: 4548.0, bed_util_ads: 0.382, bed_util_des: 0.230, frac_lost: 0.500, li_recovered:  10.919
L: 0.36, u_super: 0.00001, sec: 1.140, t_ads: 66319.0, t_des: 44339.0, bed_util_ads: 0.668, bed_util_des: 0.353, frac_lost: 0.500, li_recovered:  22.521
L: 0.34, u_super: 0.00010, sec: 16.901, t_ads: 5258.0, t_des: 6865.0, bed_util_ads: 0.471, bed_util_des: 0.220, frac_lost: 0.500, li_recovered:  17.944
L: 0.35, u_super: 0.00001, sec: 1.044, t_ads: 79466.0, t_des: 55872.0, bed_util_ads: 0.733, bed_util_des: 0.277, frac_lost: 0.500, li_recovered:  32.637
L: 0.34, u_super: 0.00009, sec: 18.739, t_ads: 7705.0, t_des: 18006.0, bed_util_ads: 0.507, bed_util_des: 0.110, frac_lost: 0.500, li_recovered:  28.403
L: 0.49, u_super: 0.00014, sec: 48.979, t_ads: 7537.0, t_des: 22674.0, bed_util_ads: 0.502, bed_util_des: 0.089, frac_lost: 0.500, li_recovered:  29.543
L: 0.37, u_super: 0.00007, sec: 10.975, t_ads: 11732.0, t_des: 16184.0, bed_util_ads: 0.569, bed_util_des: 0.140, frac_lost: 0.500, li_recovered:  30.713
L: 0.38, u_super: 0.00001, sec: 1.525, t_ads: 46592.0, t_des: 28471.0, bed_util_ads: 0.596, bed_util_des: 0.406, frac_lost: 0.500, li_recovered:  13.582
L: 0.30, u_super: 0.00001, sec: 0.943, t_ads: 59038.0, t_des: 40972.0, bed_util_ads: 0.676, bed_util_des: 0.330, frac_lost: 0.500, li_recovered:  24.764
L: 0.31, u_super: 0.00002, sec: 2.394, t_ads: 24233.0, t_des: 18446.0, bed_util_ads: 0.618, bed_util_des: 0.303, frac_lost: 0.500, li_recovered:  22.497
L: 0.41, u_super: 0.00001, sec: 1.098, t_ads: 152372.0, t_des: 119082.0, bed_util_ads: 0.863, bed_util_des: 0.059, frac_lost: 0.500, li_recovered:  57.483
L: 0.88, u_super: 0.00046, sec: 655.012, t_ads: 3394.0, t_des: 24835.0, bed_util_ads: 0.374, bed_util_des: 0.075, frac_lost: 0.500, li_recovered:  21.374
L: 0.47, u_super: 0.00021, sec: 89.543, t_ads: 3875.0, t_des: 13784.0, bed_util_ads: 0.407, bed_util_des: 0.122, frac_lost: 0.500, li_recovered:  20.433
L: 0.58, u_super: 0.00001, sec: 1.584, t_ads: 145006.0, t_des: 96747.0, bed_util_ads: 0.775, bed_util_des: 0.280, frac_lost: 0.500, li_recovered:  35.415
L: 0.42, u_super: 0.00001, sec: 1.437, t_ads: 110122.0, t_des: 85551.0, bed_util_ads: 0.832, bed_util_des: 0.098, frac_lost: 0.500, li_recovered:  52.475
L: 0.44, u_super: 0.00001, sec: 1.231, t_ads: 123150.0, t_des: 86495.0, bed_util_ads: 0.800, bed_util_des: 0.210, frac_lost: 0.500, li_recovered:  42.141
L: 0.39, u_super: 0.00014, sec: 77.105, t_ads: 6283.0, t_des: 45932.0, bed_util_ads: 0.468, bed_util_des: 0.046, frac_lost: 0.500, li_recovered:  30.175
L: 0.31, u_super: 0.00032, sec: 169.592, t_ads: 1091.0, t_des: 4429.0, bed_util_ads: 0.311, bed_util_des: 0.203, frac_lost: 0.500, li_recovered:  7.761
L: 0.43, u_super: 0.00001, sec: 1.189, t_ads: 143570.0, t_des: 109473.0, bed_util_ads: 0.854, bed_util_des: 0.082, frac_lost: 0.500, li_recovered:  55.186
L: 0.36, u_super: 0.00020, sec: 68.611, t_ads: 1672.0, t_des: 1289.0, bed_util_ads: 0.468, bed_util_des: 0.409, frac_lost: 0.500, li_recovered:  4.205
L: 0.32, u_super: 0.00028, sec: 201.252, t_ads: 1554.0, t_des: 12576.0, bed_util_ads: 0.289, bed_util_des: 0.114, frac_lost: 0.500, li_recovered:  12.462
L: 0.46, u_super: 0.00013, sec: 30.707, t_ads: 7125.0, t_des: 13013.0, bed_util_ads: 0.498, bed_util_des: 0.143, frac_lost: 0.500, li_recovered:  25.371
L: 0.35, u_super: 0.00014, sec: 122.888, t_ads: 5764.0, t_des: 80569.0, bed_util_ads: 0.450, bed_util_des: 0.027, frac_lost: 0.500, li_recovered:  30.273
L: 0.40, u_super: 0.00007, sec: 15.358, t_ads: 14421.0, t_des: 33062.0, bed_util_ads: 0.605, bed_util_des: 0.070, frac_lost: 0.500, li_recovered:  38.222
L: 0.33, u_super: 0.00001, sec: 1.021, t_ads: 62433.0, t_des: 42750.0, bed_util_ads: 0.674, bed_util_des: 0.338, frac_lost: 0.500, li_recovered:  24.035
     4 |      160 |  3.541292E+01 |  0.9429975152
L: 0.30, u_super: 0.00001, sec: 0.871, t_ads: 96653.0, t_des: 77206.0, bed_util_ads: 0.824, bed_util_des: 0.089, frac_lost: 0.500, li_recovered:  52.543
L: 0.30, u_super: 0.00001, sec: 0.974, t_ads: 74564.0, t_des: 56165.0, bed_util_ads: 0.772, bed_util_des: 0.185, frac_lost: 0.500, li_recovered:  41.935
L: 0.45, u_super: 0.00015, sec: 33.935, t_ads: 3963.0, t_des: 4176.0, bed_util_ads: 0.459, bed_util_des: 0.284, frac_lost: 0.500, li_recovered:  12.537
L: 0.44, u_super: 0.00001, sec: 1.540, t_ads: 77261.0, t_des: 52713.0, bed_util_ads: 0.696, bed_util_des: 0.330, frac_lost: 0.500, li_recovered:  26.132
L: 0.62, u_super: 0.00040, sec: 214.837, t_ads: 1610.0, t_des: 1731.0, bed_util_ads: 0.432, bed_util_des: 0.353, frac_lost: 0.500, li_recovered:  5.685
L: 0.30, u_super: 0.00008, sec: 9.753, t_ads: 6939.0, t_des: 8204.0, bed_util_ads: 0.502, bed_util_des: 0.213, frac_lost: 0.500, li_recovered:  20.603
L: 0.31, u_super: 0.00001, sec: 1.158, t_ads: 53758.0, t_des: 38661.0, bed_util_ads: 0.690, bed_util_des: 0.297, frac_lost: 0.500, li_recovered:  28.100
L: 0.37, u_super: 0.00001, sec: 1.069, t_ads: 80062.0, t_des: 55479.0, bed_util_ads: 0.716, bed_util_des: 0.306, frac_lost: 0.500, li_recovered:  29.352
L: 0.32, u_super: 0.00001, sec: 0.888, t_ads: 116661.0, t_des: 102266.0, bed_util_ads: 0.848, bed_util_des: 0.048, frac_lost: 0.500, li_recovered:  57.169
L: 0.35, u_super: 0.00014, sec: 118.610, t_ads: 5707.0, t_des: 78566.0, bed_util_ads: 0.449, bed_util_des: 0.027, frac_lost: 0.500, li_recovered:  30.109
L: 0.36, u_super: 0.00007, sec: 9.929, t_ads: 7763.0, t_des: 6399.0, bed_util_ads: 0.520, bed_util_des: 0.314, frac_lost: 0.500, li_recovered:  14.732
L: 0.84, u_super: 0.00001, sec: 2.167, t_ads: 270526.0, t_des: 179265.0, bed_util_ads: 0.858, bed_util_des: 0.180, frac_lost: 0.500, li_recovered:  48.434
L: 0.53, u_super: 0.00027, sec: 248.892, t_ads: 1648.0, t_des: 782.0, bed_util_ads: 0.523, bed_util_des: 0.500, frac_lost: 0.500, li_recovered:  1.641
L: 0.30, u_super: 0.00001, sec: 1.277, t_ads: 33335.0, t_des: 17818.0, bed_util_ads: 0.559, bed_util_des: 0.429, frac_lost: 0.500, li_recovered:  9.294
L: 0.71, u_super: 0.00001, sec: 2.285, t_ads: 172154.0, t_des: 116468.0, bed_util_ads: 0.817, bed_util_des: 0.220, frac_lost: 0.500, li_recovered:  42.695
L: 0.44, u_super: 0.00026, sec: 109.734, t_ads: 1607.0, t_des: 1251.0, bed_util_ads: 0.467, bed_util_des: 0.409, frac_lost: 0.500, li_recovered:  4.100
L: 0.36, u_super: 0.00001, sec: 1.260, t_ads: 53581.0, t_des: 34045.0, bed_util_ads: 0.618, bed_util_des: 0.392, frac_lost: 0.500, li_recovered:  16.148
L: 0.34, u_super: 0.00010, sec: 16.840, t_ads: 5184.0, t_des: 6818.0, bed_util_ads: 0.469, bed_util_des: 0.220, frac_lost: 0.500, li_recovered:  17.829
L: 0.30, u_super: 0.00001, sec: 1.263, t_ads: 34510.0, t_des: 19752.0, bed_util_ads: 0.570, bed_util_des: 0.419, frac_lost: 0.500, li_recovered:  10.814
L: 0.46, u_super: 0.00010, sec: 18.194, t_ads: 7699.0, t_des: 7635.0, bed_util_ads: 0.516, bed_util_des: 0.247, frac_lost: 0.500, li_recovered:  19.266
L: 0.49, u_super: 0.00023, sec: 80.805, t_ads: 2243.0, t_des: 1854.0, bed_util_ads: 0.461, bed_util_des: 0.376, frac_lost: 0.500, li_recovered:  6.057
L: 0.35, u_super: 0.00007, sec: 9.899, t_ads: 8816.0, t_des: 9058.0, bed_util_ads: 0.530, bed_util_des: 0.225, frac_lost: 0.500, li_recovered:  21.802
L: 0.38, u_super: 0.00001, sec: 1.382, t_ads: 51568.0, t_des: 31596.0, bed_util_ads: 0.602, bed_util_des: 0.406, frac_lost: 0.500, li_recovered:  13.981
L: 0.30, u_super: 0.00006, sec: 7.744, t_ads: 6798.0, t_des: 5091.0, bed_util_ads: 0.512, bed_util_des: 0.352, frac_lost: 0.500, li_recovered:  11.488
L: 0.31, u_super: 0.00002, sec: 2.168, t_ads: 34828.0, t_des: 29679.0, bed_util_ads: 0.701, bed_util_des: 0.176, frac_lost: 0.500, li_recovered:  37.543
L: 0.32, u_super: 0.00001, sec: 1.023, t_ads: 54274.0, t_des: 36158.0, bed_util_ads: 0.647, bed_util_des: 0.360, frac_lost: 0.500, li_recovered:  20.497
L: 0.30, u_super: 0.00044, sec: 255.733, t_ads: 664.0, t_des: 1463.0, bed_util_ads: 0.357, bed_util_des: 0.304, frac_lost: 0.500, li_recovered:  3.817
L: 0.47, u_super: 0.00020, sec: 82.259, t_ads: 4094.0, t_des: 13920.0, bed_util_ads: 0.415, bed_util_des: 0.122, frac_lost: 0.500, li_recovered:  20.986
L: 0.58, u_super: 0.00001, sec: 1.732, t_ads: 111070.0, t_des: 72226.0, bed_util_ads: 0.700, bed_util_des: 0.357, frac_lost: 0.500, li_recovered:  24.559
L: 0.48, u_super: 0.00001, sec: 1.277, t_ads: 151595.0, t_des: 107970.0, bed_util_ads: 0.839, bed_util_des: 0.144, frac_lost: 0.500, li_recovered:  49.692
L: 0.32, u_super: 0.00001, sec: 0.907, t_ads: 85070.0, t_des: 62164.0, bed_util_ads: 0.772, bed_util_des: 0.210, frac_lost: 0.500, li_recovered:  40.173
L: 0.30, u_super: 0.00014, sec: 27.143, t_ads: 2970.0, t_des: 4802.0, bed_util_ads: 0.417, bed_util_des: 0.239, frac_lost: 0.500, li_recovered:  12.759
L: 0.61, u_super: 0.00032, sec: 140.203, t_ads: 2365.0, t_des: 3766.0, bed_util_ads: 0.407, bed_util_des: 0.261, frac_lost: 0.500, li_recovered:  10.426
L: 0.53, u_super: 0.00001, sec: 1.449, t_ads: 180188.0, t_des: 133703.0, bed_util_ads: 0.868, bed_util_des: 0.082, frac_lost: 0.500, li_recovered:  56.165
L: 0.36, u_super: 0.00001, sec: 1.319, t_ads: 46612.0, t_des: 28236.0, bed_util_ads: 0.594, bed_util_des: 0.409, frac_lost: 0.500, li_recovered:  13.229
L: 0.30, u_super: 0.00028, sec: 206.094, t_ads: 1444.0, t_des: 12363.0, bed_util_ads: 0.281, bed_util_des: 0.114, frac_lost: 0.500, li_recovered:  11.891
L: 0.35, u_super: 0.00013, sec: 32.792, t_ads: 2654.0, t_des: 1810.0, bed_util_ads: 0.485, bed_util_des: 0.411, frac_lost: 0.500, li_recovered:  5.266
L: 0.30, u_super: 0.00014, sec: 29.793, t_ads: 2278.0, t_des: 1835.0, bed_util_ads: 0.464, bed_util_des: 0.381, frac_lost: 0.500, li_recovered:  5.949
L: 0.40, u_super: 0.00007, sec: 17.916, t_ads: 5243.0, t_des: 3004.0, bed_util_ads: 0.510, bed_util_des: 0.427, frac_lost: 0.500, li_recovered:  5.944
L: 0.33, u_super: 0.00001, sec: 1.112, t_ads: 50994.0, t_des: 33160.0, bed_util_ads: 0.627, bed_util_des: 0.380, frac_lost: 0.500, li_recovered:  17.653
     5 |      200 |  3.116264E+01 |  0.8713577986
L: 0.39, u_super: 0.00001, sec: 1.094, t_ads: 126718.0, t_des: 97469.0, bed_util_ads: 0.844, bed_util_des: 0.089, frac_lost: 0.500, li_recovered:  53.958
L: 0.30, u_super: 0.00001, sec: 1.061, t_ads: 94282.0, t_des: 98632.0, bed_util_ads: 0.834, bed_util_des: 0.039, frac_lost: 0.500, li_recovered:  56.829
L: 0.33, u_super: 0.00001, sec: 0.948, t_ads: 101251.0, t_des: 76555.0, bed_util_ads: 0.814, bed_util_des: 0.135, frac_lost: 0.500, li_recovered:  48.543
L: 0.44, u_super: 0.00004, sec: 6.354, t_ads: 31846.0, t_des: 37622.0, bed_util_ads: 0.714, bed_util_des: 0.084, frac_lost: 0.500, li_recovered:  45.050
L: 0.30, u_super: 0.00040, sec: 199.053, t_ads: 720.0, t_des: 1067.0, bed_util_ads: 0.399, bed_util_des: 0.353, frac_lost: 0.500, li_recovered:  3.282
L: 0.44, u_super: 0.00001, sec: 1.229, t_ads: 149259.0, t_des: 115181.0, bed_util_ads: 0.860, bed_util_des: 0.067, frac_lost: 0.500, li_recovered:  56.685
L: 0.57, u_super: 0.00002, sec: 2.911, t_ads: 107587.0, t_des: 86878.0, bed_util_ads: 0.837, bed_util_des: 0.073, frac_lost: 0.500, li_recovered:  54.615
L: 0.37, u_super: 0.00001, sec: 1.030, t_ads: 137213.0, t_des: 124787.0, bed_util_ads: 0.862, bed_util_des: 0.037, frac_lost: 0.500, li_recovered:  58.929
L: 0.31, u_super: 0.00001, sec: 0.863, t_ads: 112432.0, t_des: 99787.0, bed_util_ads: 0.845, bed_util_des: 0.048, frac_lost: 0.500, li_recovered:  56.980
L: 0.35, u_super: 0.00001, sec: 1.147, t_ads: 122492.0, t_des: 135489.0, bed_util_ads: 0.856, bed_util_des: 0.027, frac_lost: 0.500, li_recovered:  59.229
L: 0.36, u_super: 0.00007, sec: 9.112, t_ads: 11372.0, t_des: 12940.0, bed_util_ads: 0.563, bed_util_des: 0.178, frac_lost: 0.500, li_recovered:  27.556
L: 0.84, u_super: 0.00007, sec: 19.483, t_ads: 28449.0, t_des: 24966.0, bed_util_ads: 0.677, bed_util_des: 0.180, frac_lost: 0.500, li_recovered:  35.503
L: 0.30, u_super: 0.00027, sec: 103.074, t_ads: 1252.0, t_des: 3387.0, bed_util_ads: 0.346, bed_util_des: 0.240, frac_lost: 0.500, li_recovered:  7.566
L: 0.30, u_super: 0.00001, sec: 0.848, t_ads: 97289.0, t_des: 75381.0, bed_util_ads: 0.817, bed_util_des: 0.117, frac_lost: 0.500, li_recovered:  50.045
L: 0.71, u_super: 0.00020, sec: 81.005, t_ads: 7188.0, t_des: 15163.0, bed_util_ads: 0.498, bed_util_des: 0.126, frac_lost: 0.500, li_recovered:  26.605
L: 0.44, u_super: 0.00026, sec: 148.009, t_ads: 2597.0, t_des: 13064.0, bed_util_ads: 0.353, bed_util_des: 0.120, frac_lost: 0.500, li_recovered:  16.658
L: 0.36, u_super: 0.00001, sec: 1.181, t_ads: 63924.0, t_des: 42803.0, bed_util_ads: 0.665, bed_util_des: 0.353, frac_lost: 0.500, li_recovered:  22.329
L: 0.34, u_super: 0.00001, sec: 0.996, t_ads: 85784.0, t_des: 62262.0, bed_util_ads: 0.769, bed_util_des: 0.220, frac_lost: 0.500, li_recovered:  39.247
L: 0.35, u_super: 0.00001, sec: 0.978, t_ads: 105733.0, t_des: 78281.0, bed_util_ads: 0.812, bed_util_des: 0.150, frac_lost: 0.500, li_recovered:  47.360
L: 0.34, u_super: 0.00002, sec: 1.722, t_ads: 47086.0, t_des: 35811.0, bed_util_ads: 0.704, bed_util_des: 0.247, frac_lost: 0.500, li_recovered:  32.728
L: 0.30, u_super: 0.00001, sec: 1.126, t_ads: 71924.0, t_des: 58611.0, bed_util_ads: 0.793, bed_util_des: 0.112, frac_lost: 0.500, li_recovered:  48.723
L: 0.35, u_super: 0.00014, sec: 28.614, t_ads: 3669.0, t_des: 5683.0, bed_util_ads: 0.433, bed_util_des: 0.225, frac_lost: 0.500, li_recovered:  14.854
L: 0.31, u_super: 0.00001, sec: 1.147, t_ads: 39836.0, t_des: 24244.0, bed_util_ads: 0.588, bed_util_des: 0.406, frac_lost: 0.500, li_recovered:  12.983
L: 0.30, u_super: 0.00014, sec: 29.319, t_ads: 2331.0, t_des: 1903.0, bed_util_ads: 0.463, bed_util_des: 0.377, frac_lost: 0.500, li_recovered:  6.177
L: 0.31, u_super: 0.00002, sec: 2.180, t_ads: 33553.0, t_des: 28156.0, bed_util_ads: 0.692, bed_util_des: 0.192, frac_lost: 0.500, li_recovered:  35.720
L: 0.30, u_super: 0.00001, sec: 0.816, t_ads: 94120.0, t_des: 70890.0, bed_util_ads: 0.804, bed_util_des: 0.149, frac_lost: 0.500, li_recovered:  46.870
L: 0.30, u_super: 0.00001, sec: 0.995, t_ads: 58269.0, t_des: 41423.0, bed_util_ads: 0.692, bed_util_des: 0.304, frac_lost: 0.500, li_recovered:  27.749
L: 0.30, u_super: 0.00020, sec: 93.014, t_ads: 2165.0, t_des: 12359.0, bed_util_ads: 0.331, bed_util_des: 0.122, frac_lost: 0.500, li_recovered:  14.964
L: 0.33, u_super: 0.00001, sec: 0.963, t_ads: 78527.0, t_des: 55199.0, bed_util_ads: 0.731, bed_util_des: 0.280, frac_lost: 0.500, li_recovered:  32.235
L: 0.42, u_super: 0.00001, sec: 1.136, t_ads: 124246.0, t_des: 88802.0, bed_util_ads: 0.815, bed_util_des: 0.174, frac_lost: 0.500, li_recovered:  45.845
L: 0.32, u_super: 0.00001, sec: 0.941, t_ads: 81714.0, t_des: 58843.0, bed_util_ads: 0.756, bed_util_des: 0.239, frac_lost: 0.500, li_recovered:  36.971
L: 0.30, u_super: 0.00001, sec: 0.893, t_ads: 75297.0, t_des: 54702.0, bed_util_ads: 0.749, bed_util_des: 0.239, frac_lost: 0.500, li_recovered:  36.493
L: 0.30, u_super: 0.00032, sec: 240.911, t_ads: 1134.0, t_des: 8444.0, bed_util_ads: 0.273, bed_util_des: 0.140, frac_lost: 0.500, li_recovered:  9.479
L: 0.43, u_super: 0.00001, sec: 1.130, t_ads: 151120.0, t_des: 114497.0, bed_util_ads: 0.857, bed_util_des: 0.082, frac_lost: 0.500, li_recovered:  55.416
L: 0.36, u_super: 0.00004, sec: 6.380, t_ads: 10348.0, t_des: 6218.0, bed_util_ads: 0.530, bed_util_des: 0.409, frac_lost: 0.500, li_recovered:  8.630
L: 0.54, u_super: 0.00028, sec: 533.535, t_ads: 3844.0, t_des: 71592.0, bed_util_ads: 0.380, bed_util_des: 0.029, frac_lost: 0.500, li_recovered:  25.096
L: 0.30, u_super: 0.00013, sec: 29.895, t_ads: 3929.0, t_des: 11116.0, bed_util_ads: 0.416, bed_util_des: 0.143, frac_lost: 0.500, li_recovered:  19.470
L: 0.30, u_super: 0.00014, sec: 57.509, t_ads: 4268.0, t_des: 28070.0, bed_util_ads: 0.408, bed_util_des: 0.069, frac_lost: 0.500, li_recovered:  24.231
L: 0.40, u_super: 0.00006, sec: 7.885, t_ads: 14646.0, t_des: 14137.0, bed_util_ads: 0.593, bed_util_des: 0.201, frac_lost: 0.500, li_recovered:  28.045
L: 0.33, u_super: 0.00001, sec: 1.049, t_ads: 60613.0, t_des: 41571.0, bed_util_ads: 0.672, bed_util_des: 0.338, frac_lost: 0.500, li_recovered:  23.875
     6 |      240 |  2.262827E+01 |  0.8159863353
L: 0.30, u_super: 0.00001, sec: 0.875, t_ads: 93472.0, t_des: 73079.0, bed_util_ads: 0.815, bed_util_des: 0.114, frac_lost: 0.500, li_recovered:  50.120
L: 0.30, u_super: 0.00001, sec: 0.868, t_ads: 83953.0, t_des: 62342.0, bed_util_ads: 0.782, bed_util_des: 0.185, frac_lost: 0.500, li_recovered:  42.637
L: 0.33, u_super: 0.00001, sec: 0.993, t_ads: 79411.0, t_des: 56787.0, bed_util_ads: 0.747, bed_util_des: 0.251, frac_lost: 0.500, li_recovered:  35.465
L: 0.30, u_super: 0.00001, sec: 0.950, t_ads: 84101.0, t_des: 66433.0, bed_util_ads: 0.805, bed_util_des: 0.118, frac_lost: 0.500, li_recovered:  49.065
L: 0.30, u_super: 0.00040, sec: 199.107, t_ads: 722.0, t_des: 1069.0, bed_util_ads: 0.399, bed_util_des: 0.353, frac_lost: 0.500, li_recovered:  3.288
L: 0.40, u_super: 0.00014, sec: 31.884, t_ads: 4508.0, t_des: 7722.0, bed_util_ads: 0.446, bed_util_des: 0.192, frac_lost: 0.500, li_recovered:  18.190
L: 0.31, u_super: 0.00001, sec: 1.067, t_ads: 73024.0, t_des: 55337.0, bed_util_ads: 0.772, bed_util_des: 0.179, frac_lost: 0.500, li_recovered:  42.368
L: 0.37, u_super: 0.00001, sec: 0.970, t_ads: 128624.0, t_des: 99161.0, bed_util_ads: 0.846, bed_util_des: 0.085, frac_lost: 0.500, li_recovered:  54.402
L: 0.57, u_super: 0.00001, sec: 1.474, t_ads: 207335.0, t_des: 150805.0, bed_util_ads: 0.874, bed_util_des: 0.087, frac_lost: 0.500, li_recovered:  56.296
L: 0.35, u_super: 0.00001, sec: 1.036, t_ads: 112142.0, t_des: 91421.0, bed_util_ads: 0.841, bed_util_des: 0.066, frac_lost: 0.500, li_recovered:  55.422
L: 0.36, u_super: 0.00007, sec: 9.381, t_ads: 12087.0, t_des: 15244.0, bed_util_ads: 0.573, bed_util_des: 0.152, frac_lost: 0.500, li_recovered:  30.092
L: 0.84, u_super: 0.00001, sec: 2.139, t_ads: 301559.0, t_des: 206698.0, bed_util_ads: 0.886, bed_util_des: 0.110, frac_lost: 0.500, li_recovered:  55.458
L: 0.53, u_super: 0.00027, sec: 113.795, t_ads: 2829.0, t_des: 7101.0, bed_util_ads: 0.390, bed_util_des: 0.185, frac_lost: 0.500, li_recovered:  14.670
L: 0.30, u_super: 0.00001, sec: 0.862, t_ads: 84769.0, t_des: 62629.0, bed_util_ads: 0.780, bed_util_des: 0.192, frac_lost: 0.500, li_recovered:  42.001
L: 0.71, u_super: 0.00001, sec: 1.826, t_ads: 260571.0, t_des: 184853.0, bed_util_ads: 0.885, bed_util_des: 0.089, frac_lost: 0.500, li_recovered:  56.914
L: 0.35, u_super: 0.00026, sec: 97.535, t_ads: 1592.0, t_des: 4080.0, bed_util_ads: 0.358, bed_util_des: 0.230, frac_lost: 0.500, li_recovered:  9.155
L: 0.33, u_super: 0.00001, sec: 1.034, t_ads: 57397.0, t_des: 38471.0, bed_util_ads: 0.655, bed_util_des: 0.355, frac_lost: 0.500, li_recovered:  21.489
L: 0.34, u_super: 0.00002, sec: 1.453, t_ads: 57948.0, t_des: 43999.0, bed_util_ads: 0.735, bed_util_des: 0.220, frac_lost: 0.500, li_recovered:  36.873
L: 0.35, u_super: 0.00001, sec: 1.020, t_ads: 101303.0, t_des: 75427.0, bed_util_ads: 0.809, bed_util_des: 0.150, frac_lost: 0.500, li_recovered:  47.132
L: 0.41, u_super: 0.00002, sec: 2.055, t_ads: 59439.0, t_des: 44029.0, bed_util_ads: 0.725, bed_util_des: 0.247, frac_lost: 0.500, li_recovered:  34.222
L: 0.30, u_super: 0.00002, sec: 2.117, t_ads: 36494.0, t_des: 32705.0, bed_util_ads: 0.718, bed_util_des: 0.135, frac_lost: 0.500, li_recovered:  41.697
L: 0.35, u_super: 0.00001, sec: 0.981, t_ads: 95449.0, t_des: 68232.0, bed_util_ads: 0.774, bed_util_des: 0.225, frac_lost: 0.500, li_recovered:  39.237
L: 0.31, u_super: 0.00001, sec: 0.904, t_ads: 68038.0, t_des: 48091.0, bed_util_ads: 0.711, bed_util_des: 0.293, frac_lost: 0.500, li_recovered:  29.852
L: 0.30, u_super: 0.00001, sec: 0.826, t_ads: 100868.0, t_des: 78072.0, bed_util_ads: 0.821, bed_util_des: 0.113, frac_lost: 0.500, li_recovered:  50.600
L: 0.31, u_super: 0.00002, sec: 2.192, t_ads: 40266.0, t_des: 38514.0, bed_util_ads: 0.737, bed_util_des: 0.103, frac_lost: 0.500, li_recovered:  45.360
L: 0.30, u_super: 0.00001, sec: 0.815, t_ads: 96143.0, t_des: 73138.0, bed_util_ads: 0.810, bed_util_des: 0.136, frac_lost: 0.500, li_recovered:  48.167
L: 0.30, u_super: 0.00001, sec: 0.900, t_ads: 95106.0, t_des: 76652.0, bed_util_ads: 0.824, bed_util_des: 0.085, frac_lost: 0.500, li_recovered:  52.838
L: 0.47, u_super: 0.00001, sec: 1.233, t_ads: 160456.0, t_des: 116060.0, bed_util_ads: 0.850, bed_util_des: 0.122, frac_lost: 0.500, li_recovered:  52.061
L: 0.33, u_super: 0.00001, sec: 0.898, t_ads: 109011.0, t_des: 82014.0, bed_util_ads: 0.821, bed_util_des: 0.130, frac_lost: 0.500, li_recovered:  49.391
L: 0.35, u_super: 0.00001, sec: 0.971, t_ads: 109768.0, t_des: 81358.0, bed_util_ads: 0.817, bed_util_des: 0.144, frac_lost: 0.500, li_recovered:  48.130
L: 0.32, u_super: 0.00001, sec: 0.877, t_ads: 88130.0, t_des: 64144.0, bed_util_ads: 0.775, bed_util_des: 0.210, frac_lost: 0.500, li_recovered:  40.374
L: 0.30, u_super: 0.00001, sec: 0.859, t_ads: 91294.0, t_des: 69140.0, bed_util_ads: 0.802, bed_util_des: 0.147, frac_lost: 0.500, li_recovered:  46.818
L: 0.61, u_super: 0.00032, sec: 177.029, t_ads: 2868.0, t_des: 8916.0, bed_util_ads: 0.381, bed_util_des: 0.159, frac_lost: 0.500, li_recovered:  15.871
L: 0.46, u_super: 0.00001, sec: 1.202, t_ads: 162284.0, t_des: 121904.0, bed_util_ads: 0.862, bed_util_des: 0.082, frac_lost: 0.500, li_recovered:  55.728
L: 0.30, u_super: 0.00001, sec: 1.140, t_ads: 38072.0, t_des: 22922.0, bed_util_ads: 0.583, bed_util_des: 0.409, frac_lost: 0.500, li_recovered:  12.476
L: 0.30, u_super: 0.00028, sec: 206.723, t_ads: 1430.0, t_des: 12335.0, bed_util_ads: 0.280, bed_util_des: 0.114, frac_lost: 0.500, li_recovered:  11.819
L: 0.35, u_super: 0.00001, sec: 0.928, t_ads: 111003.0, t_des: 82214.0, bed_util_ads: 0.818, bed_util_des: 0.143, frac_lost: 0.500, li_recovered:  48.260
L: 0.30, u_super: 0.00011, sec: 20.289, t_ads: 3002.0, t_des: 2262.0, bed_util_ads: 0.476, bed_util_des: 0.381, frac_lost: 0.500, li_recovered:  6.833
L: 0.40, u_super: 0.00006, sec: 8.132, t_ads: 16958.0, t_des: 19516.0, bed_util_ads: 0.621, bed_util_des: 0.139, frac_lost: 0.500, li_recovered:  34.459
L: 0.33, u_super: 0.00001, sec: 1.016, t_ads: 62714.0, t_des: 42933.0, bed_util_ads: 0.675, bed_util_des: 0.338, frac_lost: 0.500, li_recovered:  24.060
     7 |      280 |  1.936824E+01 |  0.8151218891
L: 0.30, u_super: 0.00001, sec: 0.813, t_ads: 103633.0, t_des: 81932.0, bed_util_ads: 0.829, bed_util_des: 0.089, frac_lost: 0.500, li_recovered:  52.925
L: 0.30, u_super: 0.00001, sec: 0.868, t_ads: 83931.0, t_des: 62324.0, bed_util_ads: 0.781, bed_util_des: 0.185, frac_lost: 0.500, li_recovered:  42.623
L: 0.30, u_super: 0.00001, sec: 0.813, t_ads: 96121.0, t_des: 73197.0, bed_util_ads: 0.810, bed_util_des: 0.135, frac_lost: 0.500, li_recovered:  48.257
L: 0.30, u_super: 0.00001, sec: 0.966, t_ads: 80110.0, t_des: 61320.0, bed_util_ads: 0.789, bed_util_des: 0.155, frac_lost: 0.500, li_recovered:  45.344
L: 0.30, u_super: 0.00040, sec: 198.885, t_ads: 723.0, t_des: 1071.0, bed_util_ads: 0.399, bed_util_des: 0.353, frac_lost: 0.500, li_recovered:  3.298
L: 0.44, u_super: 0.00001, sec: 1.305, t_ads: 140593.0, t_des: 109481.0, bed_util_ads: 0.856, bed_util_des: 0.067, frac_lost: 0.500, li_recovered:  56.415
L: 0.31, u_super: 0.00001, sec: 0.849, t_ads: 92342.0, t_des: 68026.0, bed_util_ads: 0.791, bed_util_des: 0.179, frac_lost: 0.500, li_recovered:  43.741
L: 0.37, u_super: 0.00001, sec: 0.987, t_ads: 107459.0, t_des: 77332.0, bed_util_ads: 0.798, bed_util_des: 0.191, frac_lost: 0.500, li_recovered:  43.374
L: 0.31, u_super: 0.00001, sec: 0.829, t_ads: 105038.0, t_des: 82268.0, bed_util_ads: 0.829, bed_util_des: 0.096, frac_lost: 0.500, li_recovered:  52.363
L: 0.35, u_super: 0.00001, sec: 1.036, t_ads: 94877.0, t_des: 70079.0, bed_util_ads: 0.797, bed_util_des: 0.169, frac_lost: 0.500, li_recovered:  44.921
L: 0.36, u_super: 0.00007, sec: 9.007, t_ads: 10588.0, t_des: 11017.0, bed_util_ads: 0.552, bed_util_des: 0.206, frac_lost: 0.500, li_recovered:  24.775
L: 0.84, u_super: 0.00001, sec: 2.131, t_ads: 302672.0, t_des: 207401.0, bed_util_ads: 0.886, bed_util_des: 0.110, frac_lost: 0.500, li_recovered:  55.468
L: 0.30, u_super: 0.00017, sec: 41.196, t_ads: 2060.0, t_des: 3445.0, bed_util_ads: 0.398, bed_util_des: 0.266, frac_lost: 0.500, li_recovered:  9.472
L: 0.30, u_super: 0.00001, sec: 0.839, t_ads: 98320.0, t_des: 76067.0, bed_util_ads: 0.818, bed_util_des: 0.117, frac_lost: 0.500, li_recovered:  50.103
L: 0.30, u_super: 0.00001, sec: 0.815, t_ads: 103217.0, t_des: 81683.0, bed_util_ads: 0.829, bed_util_des: 0.089, frac_lost: 0.500, li_recovered:  52.936
L: 0.30, u_super: 0.00026, sec: 98.930, t_ads: 1334.0, t_des: 3801.0, bed_util_ads: 0.344, bed_util_des: 0.230, frac_lost: 0.500, li_recovered:  8.171
L: 0.30, u_super: 0.00001, sec: 0.965, t_ads: 52238.0, t_des: 35143.0, bed_util_ads: 0.648, bed_util_des: 0.355, frac_lost: 0.500, li_recovered:  20.995
L: 0.34, u_super: 0.00001, sec: 0.974, t_ads: 112826.0, t_des: 92223.0, bed_util_ads: 0.842, bed_util_des: 0.065, frac_lost: 0.500, li_recovered:  55.566
L: 0.30, u_super: 0.00001, sec: 0.853, t_ads: 89610.0, t_des: 67847.0, bed_util_ads: 0.800, bed_util_des: 0.150, frac_lost: 0.500, li_recovered:  46.451
L: 0.34, u_super: 0.00002, sec: 1.639, t_ads: 62682.0, t_des: 52087.0, bed_util_ads: 0.780, bed_util_des: 0.114, frac_lost: 0.500, li_recovered:  47.603
L: 0.30, u_super: 0.00001, sec: 1.124, t_ads: 71769.0, t_des: 58505.0, bed_util_ads: 0.793, bed_util_des: 0.112, frac_lost: 0.500, li_recovered:  48.709
L: 0.35, u_super: 0.00001, sec: 0.959, t_ads: 105838.0, t_des: 76903.0, bed_util_ads: 0.803, bed_util_des: 0.176, frac_lost: 0.500, li_recovered:  44.821
L: 0.31, u_super: 0.00001, sec: 0.905, t_ads: 67908.0, t_des: 48005.0, bed_util_ads: 0.711, bed_util_des: 0.293, frac_lost: 0.500, li_recovered:  29.842
L: 0.30, u_super: 0.00001, sec: 0.822, t_ads: 101349.0, t_des: 78390.0, bed_util_ads: 0.821, bed_util_des: 0.113, frac_lost: 0.500, li_recovered:  50.626
L: 0.32, u_super: 0.00002, sec: 2.228, t_ads: 36165.0, t_des: 30620.0, bed_util_ads: 0.705, bed_util_des: 0.176, frac_lost: 0.500, li_recovered:  37.837
L: 0.30, u_super: 0.00001, sec: 0.829, t_ads: 85932.0, t_des: 63268.0, bed_util_ads: 0.779, bed_util_des: 0.195, frac_lost: 0.500, li_recovered:  41.741
L: 0.30, u_super: 0.00002, sec: 1.421, t_ads: 53922.0, t_des: 44127.0, bed_util_ads: 0.755, bed_util_des: 0.149, frac_lost: 0.500, li_recovered:  43.318
L: 0.47, u_super: 0.00001, sec: 1.240, t_ads: 159531.0, t_des: 115466.0, bed_util_ads: 0.849, bed_util_des: 0.122, frac_lost: 0.500, li_recovered:  52.037
L: 0.36, u_super: 0.00001, sec: 0.961, t_ads: 118230.0, t_des: 88003.0, bed_util_ads: 0.827, bed_util_des: 0.130, frac_lost: 0.500, li_recovered:  49.808
L: 0.32, u_super: 0.00001, sec: 0.875, t_ads: 96821.0, t_des: 72981.0, bed_util_ads: 0.808, bed_util_des: 0.144, frac_lost: 0.500, li_recovered:  47.456
L: 0.32, u_super: 0.00001, sec: 0.875, t_ads: 88266.0, t_des: 64233.0, bed_util_ads: 0.775, bed_util_des: 0.210, frac_lost: 0.500, li_recovered:  40.383
L: 0.30, u_super: 0.00001, sec: 0.823, t_ads: 95399.0, t_des: 71811.0, bed_util_ads: 0.806, bed_util_des: 0.147, frac_lost: 0.500, li_recovered:  47.065
L: 0.61, u_super: 0.00032, sec: 194.893, t_ads: 2990.0, t_des: 11041.0, bed_util_ads: 0.378, bed_util_des: 0.138, frac_lost: 0.500, li_recovered:  17.165
L: 0.43, u_super: 0.00001, sec: 1.120, t_ads: 143563.0, t_des: 105058.0, bed_util_ads: 0.842, bed_util_des: 0.123, frac_lost: 0.500, li_recovered:  51.425
L: 0.30, u_super: 0.00001, sec: 0.813, t_ads: 102277.0, t_des: 80603.0, bed_util_ads: 0.827, bed_util_des: 0.094, frac_lost: 0.500, li_recovered:  52.427
L: 0.54, u_super: 0.00001, sec: 1.396, t_ads: 187280.0, t_des: 134088.0, bed_util_ads: 0.861, bed_util_des: 0.114, frac_lost: 0.500, li_recovered:  53.394
L: 0.54, u_super: 0.00001, sec: 1.400, t_ads: 179537.0, t_des: 125583.0, bed_util_ads: 0.850, bed_util_des: 0.143, frac_lost: 0.500, li_recovered:  50.490
L: 0.32, u_super: 0.00001, sec: 1.093, t_ads: 49624.0, t_des: 32217.0, bed_util_ads: 0.624, bed_util_des: 0.381, frac_lost: 0.500, li_recovered:  17.359
L: 0.37, u_super: 0.00006, sec: 7.496, t_ads: 13370.0, t_des: 13210.0, bed_util_ads: 0.582, bed_util_des: 0.201, frac_lost: 0.500, li_recovered:  27.243
L: 0.33, u_super: 0.00001, sec: 0.883, t_ads: 105839.0, t_des: 79358.0, bed_util_ads: 0.817, bed_util_des: 0.137, frac_lost: 0.500, li_recovered:  48.564
     8 |      320 |  1.320662E+01 |  0.8127021790
L: 0.30, u_super: 0.00001, sec: 0.812, t_ads: 103699.0, t_des: 81976.0, bed_util_ads: 0.830, bed_util_des: 0.089, frac_lost: 0.500, li_recovered:  52.928
L: 0.30, u_super: 0.00013, sec: 25.755, t_ads: 3643.0, t_des: 7610.0, bed_util_ads: 0.419, bed_util_des: 0.185, frac_lost: 0.500, li_recovered:  16.726
L: 0.30, u_super: 0.00001, sec: 0.812, t_ads: 95992.0, t_des: 73112.0, bed_util_ads: 0.810, bed_util_des: 0.135, frac_lost: 0.500, li_recovered:  48.249
L: 0.30, u_super: 0.00001, sec: 0.955, t_ads: 89722.0, t_des: 74442.0, bed_util_ads: 0.821, bed_util_des: 0.077, frac_lost: 0.500, li_recovered:  53.211
L: 0.30, u_super: 0.00040, sec: 676.672, t_ads: 915.0, t_des: 16332.0, bed_util_ads: 0.218, bed_util_des: 0.087, frac_lost: 0.500, li_recovered:  9.318
L: 0.45, u_super: 0.00001, sec: 1.274, t_ads: 155763.0, t_des: 119482.0, bed_util_ads: 0.863, bed_util_des: 0.067, frac_lost: 0.500, li_recovered:  56.873
L: 0.31, u_super: 0.00001, sec: 0.857, t_ads: 93319.0, t_des: 68661.0, bed_util_ads: 0.792, bed_util_des: 0.179, frac_lost: 0.500, li_recovered:  43.800
L: 0.37, u_super: 0.00001, sec: 0.983, t_ads: 109170.0, t_des: 78751.0, bed_util_ads: 0.802, bed_util_des: 0.183, frac_lost: 0.500, li_recovered:  44.257
L: 0.30, u_super: 0.00002, sec: 1.892, t_ads: 44548.0, t_des: 42254.0, bed_util_ads: 0.750, bed_util_des: 0.096, frac_lost: 0.500, li_recovered:  46.744
L: 0.30, u_super: 0.00001, sec: 0.910, t_ads: 80996.0, t_des: 61038.0, bed_util_ads: 0.785, bed_util_des: 0.169, frac_lost: 0.500, li_recovered:  44.016
L: 0.36, u_super: 0.00001, sec: 1.034, t_ads: 97960.0, t_des: 70649.0, bed_util_ads: 0.785, bed_util_des: 0.206, frac_lost: 0.500, li_recovered:  41.393
L: 0.81, u_super: 0.00001, sec: 2.077, t_ads: 319774.0, t_des: 239672.0, bed_util_ads: 0.906, bed_util_des: 0.033, frac_lost: 0.500, li_recovered:  62.426
L: 0.30, u_super: 0.00001, sec: 0.860, t_ads: 72176.0, t_des: 51494.0, bed_util_ads: 0.732, bed_util_des: 0.266, frac_lost: 0.500, li_recovered:  33.286
L: 0.30, u_super: 0.00001, sec: 0.844, t_ads: 90794.0, t_des: 67774.0, bed_util_ads: 0.796, bed_util_des: 0.163, frac_lost: 0.500, li_recovered:  45.305
L: 0.30, u_super: 0.00004, sec: 4.293, t_ads: 22383.0, t_des: 30882.0, bed_util_ads: 0.667, bed_util_des: 0.089, frac_lost: 0.500, li_recovered:  41.310
L: 0.44, u_super: 0.00001, sec: 1.187, t_ads: 120897.0, t_des: 84114.0, bed_util_ads: 0.789, bed_util_des: 0.230, frac_lost: 0.500, li_recovered:  40.013
L: 0.30, u_super: 0.00001, sec: 0.812, t_ads: 97745.0, t_des: 75083.0, bed_util_ads: 0.815, bed_util_des: 0.125, frac_lost: 0.500, li_recovered:  49.349
L: 0.34, u_super: 0.00003, sec: 4.277, t_ads: 30724.0, t_des: 44231.0, bed_util_ads: 0.713, bed_util_des: 0.065, frac_lost: 0.500, li_recovered:  46.342
L: 0.30, u_super: 0.00001, sec: 0.850, t_ads: 95425.0, t_des: 74431.0, bed_util_ads: 0.816, bed_util_des: 0.113, frac_lost: 0.500, li_recovered:  50.288
L: 0.30, u_super: 0.00002, sec: 1.472, t_ads: 54514.0, t_des: 46486.0, bed_util_ads: 0.766, bed_util_des: 0.114, frac_lost: 0.500, li_recovered:  46.635
L: 0.30, u_super: 0.00001, sec: 1.126, t_ads: 69662.0, t_des: 55968.0, bed_util_ads: 0.785, bed_util_des: 0.129, frac_lost: 0.500, li_recovered:  46.904
L: 0.35, u_super: 0.00001, sec: 0.939, t_ads: 103281.0, t_des: 75254.0, bed_util_ads: 0.801, bed_util_des: 0.176, frac_lost: 0.500, li_recovered:  44.692
L: 0.31, u_super: 0.00001, sec: 0.828, t_ads: 100042.0, t_des: 76514.0, bed_util_ads: 0.816, bed_util_des: 0.126, frac_lost: 0.500, li_recovered:  49.375
L: 0.30, u_super: 0.00001, sec: 0.825, t_ads: 95054.0, t_des: 71317.0, bed_util_ads: 0.804, bed_util_des: 0.151, frac_lost: 0.500, li_recovered:  46.694
L: 0.30, u_super: 0.00002, sec: 2.138, t_ads: 34136.0, t_des: 29191.0, bed_util_ads: 0.699, bed_util_des: 0.176, frac_lost: 0.500, li_recovered:  37.386
L: 0.30, u_super: 0.00001, sec: 0.813, t_ads: 95860.0, t_des: 72953.0, bed_util_ads: 0.810, bed_util_des: 0.136, frac_lost: 0.500, li_recovered:  48.151
L: 0.30, u_super: 0.00001, sec: 0.816, t_ads: 104886.0, t_des: 83192.0, bed_util_ads: 0.832, bed_util_des: 0.085, frac_lost: 0.500, li_recovered:  53.377
L: 0.47, u_super: 0.00001, sec: 1.232, t_ads: 160532.0, t_des: 116109.0, bed_util_ads: 0.850, bed_util_des: 0.122, frac_lost: 0.500, li_recovered:  52.064
L: 0.30, u_super: 0.00001, sec: 0.818, t_ads: 97514.0, t_des: 74481.0, bed_util_ads: 0.813, bed_util_des: 0.130, frac_lost: 0.500, li_recovered:  48.791
L: 0.32, u_super: 0.00020, sec: 79.205, t_ads: 2236.0, t_des: 9755.0, bed_util_ads: 0.345, bed_util_des: 0.144, frac_lost: 0.500, li_recovered:  14.392
L: 0.30, u_super: 0.00001, sec: 0.832, t_ads: 82911.0, t_des: 60761.0, bed_util_ads: 0.770, bed_util_des: 0.210, frac_lost: 0.500, li_recovered:  40.026
L: 0.32, u_super: 0.00001, sec: 0.870, t_ads: 102090.0, t_des: 76145.0, bed_util_ads: 0.811, bed_util_des: 0.147, frac_lost: 0.500, li_recovered:  47.436
L: 0.61, u_super: 0.00001, sec: 1.594, t_ads: 186507.0, t_des: 126790.0, bed_util_ads: 0.832, bed_util_des: 0.195, frac_lost: 0.500, li_recovered:  45.530
L: 0.43, u_super: 0.00001, sec: 1.120, t_ads: 143497.0, t_des: 105017.0, bed_util_ads: 0.842, bed_util_des: 0.123, frac_lost: 0.500, li_recovered:  51.423
L: 0.33, u_super: 0.00001, sec: 0.877, t_ads: 111835.0, t_des: 87042.0, bed_util_ads: 0.834, bed_util_des: 0.094, frac_lost: 0.500, li_recovered:  52.901
L: 0.30, u_super: 0.00001, sec: 0.813, t_ads: 99553.0, t_des: 77095.0, bed_util_ads: 0.819, bed_util_des: 0.114, frac_lost: 0.500, li_recovered:  50.416
L: 0.32, u_super: 0.00001, sec: 1.182, t_ads: 73643.0, t_des: 57775.0, bed_util_ads: 0.786, bed_util_des: 0.143, frac_lost: 0.500, li_recovered:  45.924
L: 0.32, u_super: 0.00009, sec: 17.015, t_ads: 3802.0, t_des: 2752.0, bed_util_ads: 0.487, bed_util_des: 0.381, frac_lost: 0.500, li_recovered:  7.603
L: 0.37, u_super: 0.00006, sec: 8.973, t_ads: 17174.0, t_des: 27912.0, bed_util_ads: 0.629, bed_util_des: 0.089, frac_lost: 0.500, li_recovered:  38.603
L: 0.33, u_super: 0.00001, sec: 0.884, t_ads: 102930.0, t_des: 76221.0, bed_util_ads: 0.809, bed_util_des: 0.153, frac_lost: 0.500, li_recovered:  46.885
     9 |      360 |  6.1208026305 |  0.8116509914
L: 0.34, u_super: 0.00001, sec: 0.903, t_ads: 117611.0, t_des: 91365.0, bed_util_ads: 0.839, bed_util_des: 0.089, frac_lost: 0.500, li_recovered:  53.586
L: 0.30, u_super: 0.00001, sec: 0.862, t_ads: 86778.0, t_des: 64845.0, bed_util_ads: 0.791, bed_util_des: 0.168, frac_lost: 0.500, li_recovered:  44.485
L: 0.31, u_super: 0.00001, sec: 0.829, t_ads: 98492.0, t_des: 74751.0, bed_util_ads: 0.812, bed_util_des: 0.135, frac_lost: 0.500, li_recovered:  48.391
L: 0.31, u_super: 0.00001, sec: 0.985, t_ads: 87935.0, t_des: 69010.0, bed_util_ads: 0.808, bed_util_des: 0.118, frac_lost: 0.500, li_recovered:  49.326
L: 0.30, u_super: 0.00001, sec: 0.962, t_ads: 52924.0, t_des: 35715.0, bed_util_ads: 0.651, bed_util_des: 0.353, frac_lost: 0.500, li_recovered:  21.336
L: 0.44, u_super: 0.00001, sec: 1.229, t_ads: 133601.0, t_des: 96849.0, bed_util_ads: 0.832, bed_util_des: 0.141, frac_lost: 0.500, li_recovered:  49.377
L: 0.31, u_super: 0.00001, sec: 0.840, t_ads: 102055.0, t_des: 77988.0, bed_util_ads: 0.818, bed_util_des: 0.124, frac_lost: 0.500, li_recovered:  49.655
L: 0.37, u_super: 0.00001, sec: 0.971, t_ads: 120622.0, t_des: 89852.0, bed_util_ads: 0.829, bed_util_des: 0.127, frac_lost: 0.500, li_recovered:  50.213
L: 0.31, u_super: 0.00001, sec: 0.839, t_ads: 99034.0, t_des: 74758.0, bed_util_ads: 0.811, bed_util_des: 0.140, frac_lost: 0.500, li_recovered:  47.999
L: 0.30, u_super: 0.00001, sec: 0.923, t_ads: 75915.0, t_des: 56531.0, bed_util_ads: 0.767, bed_util_des: 0.201, frac_lost: 0.500, li_recovered:  40.490
L: 0.36, u_super: 0.00001, sec: 1.012, t_ads: 111189.0, t_des: 82669.0, bed_util_ads: 0.820, bed_util_des: 0.139, frac_lost: 0.500, li_recovered:  48.646
L: 0.81, u_super: 0.00001, sec: 2.077, t_ads: 319759.0, t_des: 239662.0, bed_util_ads: 0.906, bed_util_des: 0.033, frac_lost: 0.500, li_recovered:  62.426
L: 0.30, u_super: 0.00001, sec: 0.865, t_ads: 72678.0, t_des: 51819.0, bed_util_ads: 0.732, bed_util_des: 0.266, frac_lost: 0.500, li_recovered:  33.327
L: 0.30, u_super: 0.00001, sec: 0.821, t_ads: 100488.0, t_des: 77510.0, bed_util_ads: 0.819, bed_util_des: 0.117, frac_lost: 0.500, li_recovered:  50.223
L: 0.30, u_super: 0.00001, sec: 0.811, t_ads: 103668.0, t_des: 81988.0, bed_util_ads: 0.830, bed_util_des: 0.089, frac_lost: 0.500, li_recovered:  52.960
L: 0.44, u_super: 0.00001, sec: 1.146, t_ads: 153618.0, t_des: 114498.0, bed_util_ads: 0.854, bed_util_des: 0.096, frac_lost: 0.500, li_recovered:  54.197
L: 0.30, u_super: 0.00001, sec: 0.811, t_ads: 97774.0, t_des: 75102.0, bed_util_ads: 0.815, bed_util_des: 0.125, frac_lost: 0.500, li_recovered:  49.350
L: 0.30, u_super: 0.00001, sec: 1.496, t_ads: 81840.0, t_des: 118469.0, bed_util_ads: 0.825, bed_util_des: 0.026, frac_lost: 0.500, li_recovered:  57.105
L: 0.30, u_super: 0.00001, sec: 0.813, t_ads: 99851.0, t_des: 77387.0, bed_util_ads: 0.820, bed_util_des: 0.113, frac_lost: 0.500, li_recovered:  50.540
L: 0.32, u_super: 0.00002, sec: 1.387, t_ads: 64873.0, t_des: 53603.0, bed_util_ads: 0.783, bed_util_des: 0.114, frac_lost: 0.500, li_recovered:  47.832
L: 0.30, u_super: 0.00001, sec: 1.130, t_ads: 66010.0, t_des: 51803.0, bed_util_ads: 0.771, bed_util_des: 0.158, frac_lost: 0.500, li_recovered:  43.823
L: 0.35, u_super: 0.00001, sec: 0.932, t_ads: 109726.0, t_des: 81444.0, bed_util_ads: 0.818, bed_util_des: 0.143, frac_lost: 0.500, li_recovered:  48.258
L: 0.30, u_super: 0.00001, sec: 0.818, t_ads: 89398.0, t_des: 66291.0, bed_util_ads: 0.791, bed_util_des: 0.175, frac_lost: 0.500, li_recovered:  44.051
L: 0.30, u_super: 0.00001, sec: 0.810, t_ads: 99647.0, t_des: 77257.0, bed_util_ads: 0.820, bed_util_des: 0.113, frac_lost: 0.500, li_recovered:  50.534
L: 0.30, u_super: 0.00005, sec: 4.774, t_ads: 14788.0, t_des: 15342.0, bed_util_ads: 0.597, bed_util_des: 0.176, frac_lost: 0.500, li_recovered:  30.146
L: 0.30, u_super: 0.00001, sec: 0.813, t_ads: 95845.0, t_des: 72943.0, bed_util_ads: 0.810, bed_util_des: 0.136, frac_lost: 0.500, li_recovered:  48.150
L: 0.30, u_super: 0.00001, sec: 0.836, t_ads: 102357.0, t_des: 81493.0, bed_util_ads: 0.830, bed_util_des: 0.085, frac_lost: 0.500, li_recovered:  53.244
L: 0.30, u_super: 0.00001, sec: 0.816, t_ads: 98805.0, t_des: 76017.0, bed_util_ads: 0.817, bed_util_des: 0.122, frac_lost: 0.500, li_recovered:  49.688
L: 0.30, u_super: 0.00001, sec: 0.864, t_ads: 92339.0, t_des: 71067.0, bed_util_ads: 0.809, bed_util_des: 0.130, frac_lost: 0.500, li_recovered:  48.486
L: 0.30, u_super: 0.00001, sec: 0.842, t_ads: 92421.0, t_des: 70113.0, bed_util_ads: 0.804, bed_util_des: 0.144, frac_lost: 0.500, li_recovered:  47.197
L: 0.31, u_super: 0.00001, sec: 0.846, t_ads: 84677.0, t_des: 61907.0, bed_util_ads: 0.772, bed_util_des: 0.210, frac_lost: 0.500, li_recovered:  40.147
L: 0.30, u_super: 0.00001, sec: 0.813, t_ads: 94013.0, t_des: 70912.0, bed_util_ads: 0.804, bed_util_des: 0.147, frac_lost: 0.500, li_recovered:  46.983
L: 0.30, u_super: 0.00001, sec: 0.826, t_ads: 85652.0, t_des: 63083.0, bed_util_ads: 0.779, bed_util_des: 0.195, frac_lost: 0.500, li_recovered:  41.717
L: 0.30, u_super: 0.00001, sec: 0.811, t_ads: 97993.0, t_des: 75361.0, bed_util_ads: 0.815, bed_util_des: 0.123, frac_lost: 0.500, li_recovered:  49.501
L: 0.30, u_super: 0.00001, sec: 0.815, t_ads: 95997.0, t_des: 73253.0, bed_util_ads: 0.811, bed_util_des: 0.133, frac_lost: 0.500, li_recovered:  48.420
L: 0.33, u_super: 0.00001, sec: 0.883, t_ads: 109957.0, t_des: 84001.0, bed_util_ads: 0.827, bed_util_des: 0.114, frac_lost: 0.500, li_recovered:  50.947
L: 0.30, u_super: 0.00001, sec: 0.813, t_ads: 94660.0, t_des: 71628.0, bed_util_ads: 0.806, bed_util_des: 0.143, frac_lost: 0.500, li_recovered:  47.404
L: 0.32, u_super: 0.00001, sec: 0.869, t_ads: 100788.0, t_des: 74914.0, bed_util_ads: 0.808, bed_util_des: 0.152, frac_lost: 0.500, li_recovered:  46.870
L: 0.37, u_super: 0.00001, sec: 1.190, t_ads: 89380.0, t_des: 65317.0, bed_util_ads: 0.780, bed_util_des: 0.201, frac_lost: 0.500, li_recovered:  41.437
L: 0.31, u_super: 0.00001, sec: 0.840, t_ads: 99639.0, t_des: 75323.0, bed_util_ads: 0.812, bed_util_des: 0.137, frac_lost: 0.500, li_recovered:  48.239
    10 |      400 |  0.9608653337 |  0.8103976250
L: 0.30, u_super: 0.00001, sec: 0.812, t_ads: 102142.0, t_des: 80062.0, bed_util_ads: 0.826, bed_util_des: 0.099, frac_lost: 0.500, li_recovered:  51.939
L: 0.30, u_super: 0.00001, sec: 0.857, t_ads: 86081.0, t_des: 64394.0, bed_util_ads: 0.790, bed_util_des: 0.168, frac_lost: 0.500, li_recovered:  44.439
L: 0.30, u_super: 0.00001, sec: 0.812, t_ads: 96026.0, t_des: 73134.0, bed_util_ads: 0.810, bed_util_des: 0.135, frac_lost: 0.500, li_recovered:  48.251
L: 0.30, u_super: 0.00001, sec: 0.953, t_ads: 84365.0, t_des: 66612.0, bed_util_ads: 0.805, bed_util_des: 0.118, frac_lost: 0.500, li_recovered:  49.084
L: 0.30, u_super: 0.00001, sec: 0.962, t_ads: 52930.0, t_des: 35718.0, bed_util_ads: 0.651, bed_util_des: 0.353, frac_lost: 0.500, li_recovered:  21.336
L: 0.44, u_super: 0.00001, sec: 1.172, t_ads: 164869.0, t_des: 134618.0, bed_util_ads: 0.872, bed_util_des: 0.044, frac_lost: 0.500, li_recovered:  59.197
L: 0.37, u_super: 0.00001, sec: 0.974, t_ads: 121809.0, t_des: 90924.0, bed_util_ads: 0.831, bed_util_des: 0.124, frac_lost: 0.500, li_recovered:  50.573
L: 0.30, u_super: 0.00001, sec: 0.811, t_ads: 97683.0, t_des: 75017.0, bed_util_ads: 0.815, bed_util_des: 0.125, frac_lost: 0.500, li_recovered:  49.316
L: 0.31, u_super: 0.00001, sec: 0.829, t_ads: 105059.0, t_des: 82282.0, bed_util_ads: 0.829, bed_util_des: 0.096, frac_lost: 0.500, li_recovered:  52.364
L: 0.30, u_super: 0.00001, sec: 0.817, t_ads: 90445.0, t_des: 67200.0, bed_util_ads: 0.794, bed_util_des: 0.169, frac_lost: 0.500, li_recovered:  44.654
L: 0.36, u_super: 0.00001, sec: 0.966, t_ads: 116453.0, t_des: 86061.0, bed_util_ads: 0.823, bed_util_des: 0.139, frac_lost: 0.500, li_recovered:  48.884
L: 0.81, u_super: 0.00001, sec: 2.052, t_ads: 304864.0, t_des: 216485.0, bed_util_ads: 0.896, bed_util_des: 0.072, frac_lost: 0.500, li_recovered:  58.880
L: 0.30, u_super: 0.00001, sec: 0.860, t_ads: 72182.0, t_des: 51498.0, bed_util_ads: 0.732, bed_util_des: 0.266, frac_lost: 0.500, li_recovered:  33.287
L: 0.32, u_super: 0.00001, sec: 0.855, t_ads: 105551.0, t_des: 80867.0, bed_util_ads: 0.823, bed_util_des: 0.117, frac_lost: 0.500, li_recovered:  50.488
L: 0.30, u_super: 0.00001, sec: 0.812, t_ads: 100849.0, t_des: 78558.0, bed_util_ads: 0.823, bed_util_des: 0.107, frac_lost: 0.500, li_recovered:  51.168
L: 0.31, u_super: 0.00001, sec: 0.824, t_ads: 104290.0, t_des: 81746.0, bed_util_ads: 0.828, bed_util_des: 0.096, frac_lost: 0.500, li_recovered:  52.304
L: 0.30, u_super: 0.00001, sec: 0.817, t_ads: 90054.0, t_des: 66868.0, bed_util_ads: 0.793, bed_util_des: 0.171, frac_lost: 0.500, li_recovered:  44.464
L: 0.34, u_super: 0.00001, sec: 0.905, t_ads: 121163.0, t_des: 97513.0, bed_util_ads: 0.847, bed_util_des: 0.065, frac_lost: 0.500, li_recovered:  55.927
L: 0.31, u_super: 0.00001, sec: 0.830, t_ads: 102415.0, t_des: 79095.0, bed_util_ads: 0.822, bed_util_des: 0.113, frac_lost: 0.500, li_recovered:  50.677
L: 0.30, u_super: 0.00002, sec: 1.323, t_ads: 61071.0, t_des: 50974.0, bed_util_ads: 0.777, bed_util_des: 0.114, frac_lost: 0.500, li_recovered:  47.426
L: 0.34, u_super: 0.00001, sec: 0.897, t_ads: 112057.0, t_des: 85282.0, bed_util_ads: 0.828, bed_util_des: 0.115, frac_lost: 0.500, li_recovered:  50.930
L: 0.35, u_super: 0.00001, sec: 0.924, t_ads: 110678.0, t_des: 82055.0, bed_util_ads: 0.818, bed_util_des: 0.143, frac_lost: 0.500, li_recovered:  48.303
L: 0.30, u_super: 0.00001, sec: 0.819, t_ads: 89361.0, t_des: 66266.0, bed_util_ads: 0.791, bed_util_des: 0.175, frac_lost: 0.500, li_recovered:  44.048
L: 0.30, u_super: 0.00001, sec: 0.812, t_ads: 105163.0, t_des: 84369.0, bed_util_ads: 0.834, bed_util_des: 0.078, frac_lost: 0.500, li_recovered:  54.050
L: 0.30, u_super: 0.00001, sec: 0.986, t_ads: 75638.0, t_des: 57208.0, bed_util_ads: 0.776, bed_util_des: 0.176, frac_lost: 0.500, li_recovered:  42.943
L: 0.30, u_super: 0.00001, sec: 0.814, t_ads: 95765.0, t_des: 72890.0, bed_util_ads: 0.810, bed_util_des: 0.136, frac_lost: 0.500, li_recovered:  48.145
L: 0.30, u_super: 0.00001, sec: 0.816, t_ads: 104925.0, t_des: 83218.0, bed_util_ads: 0.832, bed_util_des: 0.085, frac_lost: 0.500, li_recovered:  53.379
L: 0.30, u_super: 0.00001, sec: 0.818, t_ads: 106122.0, t_des: 85451.0, bed_util_ads: 0.835, bed_util_des: 0.075, frac_lost: 0.500, li_recovered:  54.328
L: 0.30, u_super: 0.00001, sec: 0.812, t_ads: 97461.0, t_des: 74826.0, bed_util_ads: 0.814, bed_util_des: 0.125, frac_lost: 0.500, li_recovered:  49.251
L: 0.30, u_super: 0.00001, sec: 0.837, t_ads: 92975.0, t_des: 70472.0, bed_util_ads: 0.805, bed_util_des: 0.144, frac_lost: 0.500, li_recovered:  47.231
L: 0.30, u_super: 0.00001, sec: 0.844, t_ads: 81698.0, t_des: 59972.0, bed_util_ads: 0.769, bed_util_des: 0.210, frac_lost: 0.500, li_recovered:  39.941
L: 0.32, u_super: 0.00001, sec: 0.866, t_ads: 101432.0, t_des: 75721.0, bed_util_ads: 0.810, bed_util_des: 0.147, frac_lost: 0.500, li_recovered:  47.401
L: 0.30, u_super: 0.00001, sec: 0.826, t_ads: 85691.0, t_des: 63108.0, bed_util_ads: 0.779, bed_util_des: 0.195, frac_lost: 0.500, li_recovered:  41.720
L: 0.30, u_super: 0.00001, sec: 0.812, t_ads: 105367.0, t_des: 84778.0, bed_util_ads: 0.834, bed_util_des: 0.076, frac_lost: 0.500, li_recovered:  54.203
L: 0.30, u_super: 0.00001, sec: 0.814, t_ads: 102365.0, t_des: 80663.0, bed_util_ads: 0.827, bed_util_des: 0.094, frac_lost: 0.500, li_recovered:  52.432
L: 0.30, u_super: 0.00001, sec: 0.811, t_ads: 101270.0, t_des: 79233.0, bed_util_ads: 0.824, bed_util_des: 0.102, frac_lost: 0.500, li_recovered:  51.627
L: 0.30, u_super: 0.00001, sec: 0.833, t_ads: 92307.0, t_des: 70093.0, bed_util_ads: 0.804, bed_util_des: 0.143, frac_lost: 0.500, li_recovered:  47.262
L: 0.32, u_super: 0.00001, sec: 0.868, t_ads: 100869.0, t_des: 74966.0, bed_util_ads: 0.808, bed_util_des: 0.152, frac_lost: 0.500, li_recovered:  46.874
L: 0.30, u_super: 0.00001, sec: 0.986, t_ads: 70751.0, t_des: 53128.0, bed_util_ads: 0.761, bed_util_des: 0.201, frac_lost: 0.500, li_recovered:  40.065
L: 0.30, u_super: 0.00001, sec: 0.813, t_ads: 95853.0, t_des: 72848.0, bed_util_ads: 0.809, bed_util_des: 0.137, frac_lost: 0.500, li_recovered:  48.027
    11 |      440 |  0.8990745857 |  0.8103976250
L: 0.30, u_super: 0.00001, sec: 0.812, t_ads: 102166.0, t_des: 80078.0, bed_util_ads: 0.826, bed_util_des: 0.099, frac_lost: 0.500, li_recovered:  51.940
L: 0.30, u_super: 0.00001, sec: 0.870, t_ads: 80117.0, t_des: 59183.0, bed_util_ads: 0.770, bed_util_des: 0.204, frac_lost: 0.500, li_recovered:  40.514
L: 0.30, u_super: 0.00001, sec: 0.812, t_ads: 96021.0, t_des: 73131.0, bed_util_ads: 0.810, bed_util_des: 0.135, frac_lost: 0.500, li_recovered:  48.251
L: 0.30, u_super: 0.00001, sec: 0.959, t_ads: 90220.0, t_des: 75606.0, bed_util_ads: 0.823, bed_util_des: 0.073, frac_lost: 0.500, li_recovered:  53.579
L: 0.30, u_super: 0.00001, sec: 0.814, t_ads: 97187.0, t_des: 74287.0, bed_util_ads: 0.813, bed_util_des: 0.130, frac_lost: 0.500, li_recovered:  48.799
L: 0.44, u_super: 0.00001, sec: 1.172, t_ads: 164891.0, t_des: 134632.0, bed_util_ads: 0.872, bed_util_des: 0.044, frac_lost: 0.500, li_recovered:  59.197
L: 0.31, u_super: 0.00001, sec: 0.840, t_ads: 102089.0, t_des: 78011.0, bed_util_ads: 0.818, bed_util_des: 0.124, frac_lost: 0.500, li_recovered:  49.657
L: 0.30, u_super: 0.00001, sec: 0.888, t_ads: 89119.0, t_des: 69331.0, bed_util_ads: 0.807, bed_util_des: 0.125, frac_lost: 0.500, li_recovered:  48.798
L: 0.31, u_super: 0.00001, sec: 0.829, t_ads: 105069.0, t_des: 82289.0, bed_util_ads: 0.829, bed_util_des: 0.096, frac_lost: 0.500, li_recovered:  52.364
L: 0.30, u_super: 0.00001, sec: 0.811, t_ads: 100359.0, t_des: 78040.0, bed_util_ads: 0.821, bed_util_des: 0.109, frac_lost: 0.500, li_recovered:  50.927
L: 0.36, u_super: 0.00001, sec: 0.964, t_ads: 125918.0, t_des: 96909.0, bed_util_ads: 0.843, bed_util_des: 0.089, frac_lost: 0.500, li_recovered:  53.905
L: 0.81, u_super: 0.00001, sec: 2.051, t_ads: 304953.0, t_des: 216543.0, bed_util_ads: 0.896, bed_util_des: 0.072, frac_lost: 0.500, li_recovered:  58.881
L: 0.30, u_super: 0.00001, sec: 0.812, t_ads: 95050.0, t_des: 72047.0, bed_util_ads: 0.807, bed_util_des: 0.141, frac_lost: 0.500, li_recovered:  47.633
L: 0.30, u_super: 0.00001, sec: 0.811, t_ads: 98975.0, t_des: 76502.0, bed_util_ads: 0.818, bed_util_des: 0.117, frac_lost: 0.500, li_recovered:  50.140
L: 0.30, u_super: 0.00001, sec: 0.811, t_ads: 103808.0, t_des: 82163.0, bed_util_ads: 0.830, bed_util_des: 0.088, frac_lost: 0.500, li_recovered:  53.049
L: 0.30, u_super: 0.00001, sec: 0.810, t_ads: 102192.0, t_des: 80331.0, bed_util_ads: 0.826, bed_util_des: 0.096, frac_lost: 0.500, li_recovered:  52.195
L: 0.30, u_super: 0.00001, sec: 0.812, t_ads: 95588.0, t_des: 72620.0, bed_util_ads: 0.809, bed_util_des: 0.138, frac_lost: 0.500, li_recovered:  47.944
L: 0.30, u_super: 0.00001, sec: 0.810, t_ads: 101802.0, t_des: 79816.0, bed_util_ads: 0.825, bed_util_des: 0.099, frac_lost: 0.500, li_recovered:  51.902
L: 0.30, u_super: 0.00001, sec: 0.811, t_ads: 99563.0, t_des: 77197.0, bed_util_ads: 0.820, bed_util_des: 0.113, frac_lost: 0.500, li_recovered:  50.524
L: 0.30, u_super: 0.00002, sec: 1.355, t_ads: 64914.0, t_des: 59014.0, bed_util_ads: 0.793, bed_util_des: 0.077, frac_lost: 0.500, li_recovered:  51.221
L: 0.30, u_super: 0.00001, sec: 0.814, t_ads: 99808.0, t_des: 77169.0, bed_util_ads: 0.819, bed_util_des: 0.115, frac_lost: 0.500, li_recovered:  50.315
L: 0.35, u_super: 0.00001, sec: 1.011, t_ads: 101011.0, t_des: 75805.0, bed_util_ads: 0.812, bed_util_des: 0.143, frac_lost: 0.500, li_recovered:  47.818
L: 0.30, u_super: 0.00001, sec: 0.888, t_ads: 82209.0, t_des: 61581.0, bed_util_ads: 0.784, bed_util_des: 0.175, frac_lost: 0.500, li_recovered:  43.568
L: 0.30, u_super: 0.00001, sec: 0.810, t_ads: 99656.0, t_des: 77264.0, bed_util_ads: 0.820, bed_util_des: 0.113, frac_lost: 0.500, li_recovered:  50.535
L: 0.32, u_super: 0.00001, sec: 0.858, t_ads: 94374.0, t_des: 69485.0, bed_util_ads: 0.794, bed_util_des: 0.176, frac_lost: 0.500, li_recovered:  44.225
L: 0.30, u_super: 0.00001, sec: 1.062, t_ads: 73061.0, t_des: 57831.0, bed_util_ads: 0.787, bed_util_des: 0.136, frac_lost: 0.500, li_recovered:  46.549
L: 0.30, u_super: 0.00001, sec: 0.811, t_ads: 103967.0, t_des: 82573.0, bed_util_ads: 0.831, bed_util_des: 0.085, frac_lost: 0.500, li_recovered:  53.329
L: 0.30, u_super: 0.00001, sec: 0.824, t_ads: 87220.0, t_des: 64416.0, bed_util_ads: 0.784, bed_util_des: 0.187, frac_lost: 0.500, li_recovered:  42.686
L: 0.33, u_super: 0.00001, sec: 0.888, t_ads: 108478.0, t_des: 82079.0, bed_util_ads: 0.822, bed_util_des: 0.125, frac_lost: 0.500, li_recovered:  49.829
L: 0.30, u_super: 0.00001, sec: 0.832, t_ads: 92288.0, t_des: 70024.0, bed_util_ads: 0.804, bed_util_des: 0.144, frac_lost: 0.500, li_recovered:  47.189
L: 0.37, u_super: 0.00001, sec: 1.005, t_ads: 104366.0, t_des: 74576.0, bed_util_ads: 0.788, bed_util_des: 0.210, frac_lost: 0.500, li_recovered:  41.295
L: 0.30, u_super: 0.00001, sec: 0.810, t_ads: 102144.0, t_des: 80255.0, bed_util_ads: 0.826, bed_util_des: 0.097, frac_lost: 0.500, li_recovered:  52.148
L: 0.30, u_super: 0.00001, sec: 0.826, t_ads: 85686.0, t_des: 63105.0, bed_util_ads: 0.779, bed_util_des: 0.195, frac_lost: 0.500, li_recovered:  41.720
L: 0.30, u_super: 0.00001, sec: 0.811, t_ads: 98017.0, t_des: 75377.0, bed_util_ads: 0.816, bed_util_des: 0.123, frac_lost: 0.500, li_recovered:  49.502
L: 0.30, u_super: 0.00001, sec: 0.810, t_ads: 102681.0, t_des: 80877.0, bed_util_ads: 0.828, bed_util_des: 0.094, frac_lost: 0.500, li_recovered:  52.448
L: 0.30, u_super: 0.00001, sec: 1.093, t_ads: 74940.0, t_des: 61345.0, bed_util_ads: 0.800, bed_util_des: 0.102, frac_lost: 0.500, li_recovered:  49.866
L: 0.30, u_super: 0.00001, sec: 0.813, t_ads: 94681.0, t_des: 71642.0, bed_util_ads: 0.806, bed_util_des: 0.143, frac_lost: 0.500, li_recovered:  47.405
L: 0.32, u_super: 0.00001, sec: 0.873, t_ads: 96975.0, t_des: 71261.0, bed_util_ads: 0.797, bed_util_des: 0.174, frac_lost: 0.500, li_recovered:  44.586
L: 0.30, u_super: 0.00001, sec: 0.986, t_ads: 70761.0, t_des: 53134.0, bed_util_ads: 0.761, bed_util_des: 0.201, frac_lost: 0.500, li_recovered:  40.066
L: 0.30, u_super: 0.00001, sec: 0.813, t_ads: 95803.0, t_des: 72814.0, bed_util_ads: 0.809, bed_util_des: 0.137, frac_lost: 0.500, li_recovered:  48.024
    12 |      480 |  0.8851884425 |  0.8099220991
L: 0.32, u_super: 0.00001, sec: 0.866, t_ads: 110263.0, t_des: 85514.0, bed_util_ads: 0.831, bed_util_des: 0.099, frac_lost: 0.500, li_recovered:  52.347
L: 0.30, u_super: 0.00001, sec: 0.858, t_ads: 86196.0, t_des: 64468.0, bed_util_ads: 0.790, bed_util_des: 0.168, frac_lost: 0.500, li_recovered:  44.447
L: 0.30, u_super: 0.00001, sec: 0.812, t_ads: 94710.0, t_des: 71669.0, bed_util_ads: 0.806, bed_util_des: 0.143, frac_lost: 0.500, li_recovered:  47.418
L: 0.30, u_super: 0.00001, sec: 0.950, t_ads: 84085.0, t_des: 66423.0, bed_util_ads: 0.805, bed_util_des: 0.118, frac_lost: 0.500, li_recovered:  49.064
L: 0.30, u_super: 0.00001, sec: 0.813, t_ads: 99842.0, t_des: 77331.0, bed_util_ads: 0.820, bed_util_des: 0.114, frac_lost: 0.500, li_recovered:  50.481
L: 0.44, u_super: 0.00001, sec: 1.172, t_ads: 164897.0, t_des: 134635.0, bed_util_ads: 0.872, bed_util_des: 0.044, frac_lost: 0.500, li_recovered:  59.197
L: 0.31, u_super: 0.00001, sec: 0.842, t_ads: 110584.0, t_des: 89079.0, bed_util_ads: 0.839, bed_util_des: 0.071, frac_lost: 0.500, li_recovered:  54.870
L: 0.30, u_super: 0.00001, sec: 0.811, t_ads: 97708.0, t_des: 75034.0, bed_util_ads: 0.815, bed_util_des: 0.125, frac_lost: 0.500, li_recovered:  49.317
L: 0.30, u_super: 0.00001, sec: 0.810, t_ads: 102268.0, t_des: 80401.0, bed_util_ads: 0.827, bed_util_des: 0.096, frac_lost: 0.500, li_recovered:  52.219
L: 0.30, u_super: 0.00001, sec: 0.810, t_ads: 100252.0, t_des: 77969.0, bed_util_ads: 0.821, bed_util_des: 0.109, frac_lost: 0.500, li_recovered:  50.921
L: 0.30, u_super: 0.00001, sec: 0.814, t_ads: 96947.0, t_des: 74367.0, bed_util_ads: 0.813, bed_util_des: 0.127, frac_lost: 0.500, li_recovered:  49.077
L: 0.30, u_super: 0.00001, sec: 0.814, t_ads: 105952.0, t_des: 85866.0, bed_util_ads: 0.835, bed_util_des: 0.072, frac_lost: 0.500, li_recovered:  54.553
L: 0.30, u_super: 0.00001, sec: 0.810, t_ads: 100302.0, t_des: 78042.0, bed_util_ads: 0.822, bed_util_des: 0.109, frac_lost: 0.500, li_recovered:  50.968
L: 0.30, u_super: 0.00001, sec: 0.811, t_ads: 98958.0, t_des: 76491.0, bed_util_ads: 0.818, bed_util_des: 0.117, frac_lost: 0.500, li_recovered:  50.139
L: 0.30, u_super: 0.00001, sec: 0.813, t_ads: 97205.0, t_des: 74346.0, bed_util_ads: 0.813, bed_util_des: 0.130, frac_lost: 0.500, li_recovered:  48.857
L: 0.30, u_super: 0.00001, sec: 0.811, t_ads: 104565.0, t_des: 83458.0, bed_util_ads: 0.832, bed_util_des: 0.081, frac_lost: 0.500, li_recovered:  53.712
L: 0.30, u_super: 0.00001, sec: 0.811, t_ads: 97730.0, t_des: 75073.0, bed_util_ads: 0.815, bed_util_des: 0.125, frac_lost: 0.500, li_recovered:  49.348
L: 0.30, u_super: 0.00001, sec: 0.813, t_ads: 93950.0, t_des: 70821.0, bed_util_ads: 0.804, bed_util_des: 0.148, frac_lost: 0.500, li_recovered:  46.915
L: 0.30, u_super: 0.00001, sec: 1.059, t_ads: 75991.0, t_des: 61306.0, bed_util_ads: 0.798, bed_util_des: 0.113, frac_lost: 0.500, li_recovered:  48.946
L: 0.30, u_super: 0.00001, sec: 0.813, t_ads: 99885.0, t_des: 77326.0, bed_util_ads: 0.820, bed_util_des: 0.114, frac_lost: 0.500, li_recovered:  50.443
L: 0.30, u_super: 0.00001, sec: 0.814, t_ads: 103994.0, t_des: 82202.0, bed_util_ads: 0.830, bed_util_des: 0.089, frac_lost: 0.500, li_recovered:  52.968
L: 0.35, u_super: 0.00001, sec: 0.922, t_ads: 115413.0, t_des: 87335.0, bed_util_ads: 0.829, bed_util_des: 0.117, frac_lost: 0.500, li_recovered:  50.914
L: 0.30, u_super: 0.00001, sec: 0.823, t_ads: 107167.0, t_des: 86064.0, bed_util_ads: 0.836, bed_util_des: 0.075, frac_lost: 0.500, li_recovered:  54.348
L: 0.30, u_super: 0.00001, sec: 0.810, t_ads: 102315.0, t_des: 80436.0, bed_util_ads: 0.827, bed_util_des: 0.096, frac_lost: 0.500, li_recovered:  52.225
L: 0.32, u_super: 0.00001, sec: 0.858, t_ads: 94378.0, t_des: 69488.0, bed_util_ads: 0.794, bed_util_des: 0.176, frac_lost: 0.500, li_recovered:  44.226
L: 0.30, u_super: 0.00001, sec: 0.832, t_ads: 93627.0, t_des: 71487.0, bed_util_ads: 0.808, bed_util_des: 0.136, frac_lost: 0.500, li_recovered:  48.020
L: 0.30, u_super: 0.00001, sec: 0.810, t_ads: 102547.0, t_des: 80767.0, bed_util_ads: 0.827, bed_util_des: 0.094, frac_lost: 0.500, li_recovered:  52.422
L: 0.30, u_super: 0.00001, sec: 0.816, t_ads: 104928.0, t_des: 83465.0, bed_util_ads: 0.832, bed_util_des: 0.083, frac_lost: 0.500, li_recovered:  53.569
L: 0.30, u_super: 0.00001, sec: 0.811, t_ads: 102058.0, t_des: 80234.0, bed_util_ads: 0.826, bed_util_des: 0.096, frac_lost: 0.500, li_recovered:  52.180
L: 0.30, u_super: 0.00001, sec: 0.834, t_ads: 92576.0, t_des: 70213.0, bed_util_ads: 0.804, bed_util_des: 0.144, frac_lost: 0.500, li_recovered:  47.207
L: 0.30, u_super: 0.00001, sec: 0.831, t_ads: 82986.0, t_des: 60811.0, bed_util_ads: 0.770, bed_util_des: 0.210, frac_lost: 0.500, li_recovered:  40.031
L: 0.30, u_super: 0.00001, sec: 0.810, t_ads: 102178.0, t_des: 80279.0, bed_util_ads: 0.826, bed_util_des: 0.097, frac_lost: 0.500, li_recovered:  52.150
L: 0.30, u_super: 0.00001, sec: 0.826, t_ads: 85666.0, t_des: 63092.0, bed_util_ads: 0.779, bed_util_des: 0.195, frac_lost: 0.500, li_recovered:  41.718
L: 0.30, u_super: 0.00001, sec: 0.810, t_ads: 99535.0, t_des: 77132.0, bed_util_ads: 0.820, bed_util_des: 0.114, frac_lost: 0.500, li_recovered:  50.469
L: 0.31, u_super: 0.00001, sec: 0.837, t_ads: 101310.0, t_des: 77283.0, bed_util_ads: 0.817, bed_util_des: 0.127, frac_lost: 0.500, li_recovered:  49.366
L: 0.30, u_super: 0.00001, sec: 0.811, t_ads: 101302.0, t_des: 79255.0, bed_util_ads: 0.824, bed_util_des: 0.102, frac_lost: 0.500, li_recovered:  51.629
L: 0.37, u_super: 0.00001, sec: 0.981, t_ads: 118628.0, t_des: 87110.0, bed_util_ads: 0.823, bed_util_des: 0.143, frac_lost: 0.500, li_recovered:  48.599
L: 0.30, u_super: 0.00001, sec: 0.813, t_ads: 93176.0, t_des: 69994.0, bed_util_ads: 0.802, bed_util_des: 0.152, frac_lost: 0.500, li_recovered:  46.437
L: 0.30, u_super: 0.00001, sec: 0.967, t_ads: 80578.0, t_des: 62998.0, bed_util_ads: 0.796, bed_util_des: 0.134, frac_lost: 0.500, li_recovered:  47.345
L: 0.30, u_super: 0.00001, sec: 0.811, t_ads: 101748.0, t_des: 79657.0, bed_util_ads: 0.825, bed_util_des: 0.101, frac_lost: 0.500, li_recovered:  51.766
    13 |      520 |  0.8351588950 |  0.8097934723
L: 0.30, u_super: 0.00001, sec: 0.810, t_ads: 101800.0, t_des: 79832.0, bed_util_ads: 0.825, bed_util_des: 0.099, frac_lost: 0.500, li_recovered:  51.921
L: 0.30, u_super: 0.00001, sec: 0.858, t_ads: 86177.0, t_des: 64456.0, bed_util_ads: 0.790, bed_util_des: 0.168, frac_lost: 0.500, li_recovered:  44.445
L: 0.30, u_super: 0.00001, sec: 0.812, t_ads: 96031.0, t_des: 73138.0, bed_util_ads: 0.810, bed_util_des: 0.135, frac_lost: 0.500, li_recovered:  48.252
L: 0.30, u_super: 0.00001, sec: 0.949, t_ads: 86255.0, t_des: 69031.0, bed_util_ads: 0.811, bed_util_des: 0.103, frac_lost: 0.500, li_recovered:  50.662
L: 0.30, u_super: 0.00001, sec: 0.816, t_ads: 106403.0, t_des: 86355.0, bed_util_ads: 0.836, bed_util_des: 0.071, frac_lost: 0.500, li_recovered:  54.654
L: 0.30, u_super: 0.00001, sec: 0.861, t_ads: 110504.0, t_des: 102646.0, bed_util_ads: 0.845, bed_util_des: 0.044, frac_lost: 0.500, li_recovered:  57.308
L: 0.31, u_super: 0.00001, sec: 0.840, t_ads: 102095.0, t_des: 78015.0, bed_util_ads: 0.818, bed_util_des: 0.124, frac_lost: 0.500, li_recovered:  49.657
L: 0.30, u_super: 0.00001, sec: 0.814, t_ads: 106107.0, t_des: 86239.0, bed_util_ads: 0.836, bed_util_des: 0.071, frac_lost: 0.500, li_recovered:  54.669
L: 0.30, u_super: 0.00001, sec: 0.822, t_ads: 107560.0, t_des: 89931.0, bed_util_ads: 0.839, bed_util_des: 0.062, frac_lost: 0.500, li_recovered:  55.580
L: 0.30, u_super: 0.00001, sec: 0.810, t_ads: 102429.0, t_des: 80585.0, bed_util_ads: 0.827, bed_util_des: 0.095, frac_lost: 0.500, li_recovered:  52.308
L: 0.30, u_super: 0.00001, sec: 0.813, t_ads: 101700.0, t_des: 79949.0, bed_util_ads: 0.826, bed_util_des: 0.097, frac_lost: 0.500, li_recovered:  52.114
L: 0.30, u_super: 0.00001, sec: 0.814, t_ads: 105984.0, t_des: 85887.0, bed_util_ads: 0.835, bed_util_des: 0.072, frac_lost: 0.500, li_recovered:  54.555
L: 0.30, u_super: 0.00001, sec: 0.830, t_ads: 97873.0, t_des: 76415.0, bed_util_ads: 0.820, bed_util_des: 0.109, frac_lost: 0.500, li_recovered:  50.834
L: 0.30, u_super: 0.00001, sec: 0.812, t_ads: 94833.0, t_des: 71824.0, bed_util_ads: 0.807, bed_util_des: 0.142, frac_lost: 0.500, li_recovered:  47.518
L: 0.30, u_super: 0.00001, sec: 0.812, t_ads: 100772.0, t_des: 78465.0, bed_util_ads: 0.822, bed_util_des: 0.107, frac_lost: 0.500, li_recovered:  51.118
L: 0.30, u_super: 0.00001, sec: 0.810, t_ads: 102229.0, t_des: 80355.0, bed_util_ads: 0.826, bed_util_des: 0.096, frac_lost: 0.500, li_recovered:  52.197
L: 0.30, u_super: 0.00001, sec: 0.811, t_ads: 97705.0, t_des: 75056.0, bed_util_ads: 0.815, bed_util_des: 0.125, frac_lost: 0.500, li_recovered:  49.347
L: 0.30, u_super: 0.00001, sec: 0.810, t_ads: 101773.0, t_des: 79781.0, bed_util_ads: 0.825, bed_util_des: 0.100, frac_lost: 0.500, li_recovered:  51.883
L: 0.30, u_super: 0.00001, sec: 0.810, t_ads: 99605.0, t_des: 77225.0, bed_util_ads: 0.820, bed_util_des: 0.113, frac_lost: 0.500, li_recovered:  50.526
L: 0.30, u_super: 0.00001, sec: 0.813, t_ads: 99885.0, t_des: 77326.0, bed_util_ads: 0.820, bed_util_des: 0.114, frac_lost: 0.500, li_recovered:  50.443
L: 0.30, u_super: 0.00001, sec: 0.810, t_ads: 102582.0, t_des: 80786.0, bed_util_ads: 0.827, bed_util_des: 0.094, frac_lost: 0.500, li_recovered:  52.418
L: 0.30, u_super: 0.00001, sec: 0.810, t_ads: 98940.0, t_des: 76446.0, bed_util_ads: 0.818, bed_util_des: 0.117, frac_lost: 0.500, li_recovered:  50.099
L: 0.30, u_super: 0.00001, sec: 0.818, t_ads: 89385.0, t_des: 66283.0, bed_util_ads: 0.791, bed_util_des: 0.175, frac_lost: 0.500, li_recovered:  44.050
L: 0.30, u_super: 0.00001, sec: 0.812, t_ads: 95220.0, t_des: 72217.0, bed_util_ads: 0.808, bed_util_des: 0.140, frac_lost: 0.500, li_recovered:  47.718
L: 0.30, u_super: 0.00001, sec: 0.826, t_ads: 85814.0, t_des: 63210.0, bed_util_ads: 0.779, bed_util_des: 0.195, frac_lost: 0.500, li_recovered:  41.787
L: 0.30, u_super: 0.00001, sec: 0.812, t_ads: 95956.0, t_des: 73015.0, bed_util_ads: 0.810, bed_util_des: 0.136, frac_lost: 0.500, li_recovered:  48.157
L: 0.30, u_super: 0.00001, sec: 0.810, t_ads: 102620.0, t_des: 80817.0, bed_util_ads: 0.827, bed_util_des: 0.094, frac_lost: 0.500, li_recovered:  52.426
L: 0.30, u_super: 0.00001, sec: 0.811, t_ads: 104234.0, t_des: 83001.0, bed_util_ads: 0.832, bed_util_des: 0.083, frac_lost: 0.500, li_recovered:  53.534
L: 0.30, u_super: 0.00001, sec: 0.887, t_ads: 93296.0, t_des: 74302.0, bed_util_ads: 0.819, bed_util_des: 0.096, frac_lost: 0.500, li_recovered:  51.683
L: 0.30, u_super: 0.00001, sec: 0.832, t_ads: 92273.0, t_des: 70014.0, bed_util_ads: 0.804, bed_util_des: 0.144, frac_lost: 0.500, li_recovered:  47.188
L: 0.30, u_super: 0.00001, sec: 0.831, t_ads: 82987.0, t_des: 60811.0, bed_util_ads: 0.770, bed_util_des: 0.210, frac_lost: 0.500, li_recovered:  40.031
L: 0.30, u_super: 0.00001, sec: 0.840, t_ads: 109189.0, t_des: 96383.0, bed_util_ads: 0.843, bed_util_des: 0.051, frac_lost: 0.500, li_recovered:  56.634
L: 0.30, u_super: 0.00001, sec: 0.826, t_ads: 85655.0, t_des: 63085.0, bed_util_ads: 0.779, bed_util_des: 0.195, frac_lost: 0.500, li_recovered:  41.718
L: 0.30, u_super: 0.00001, sec: 0.810, t_ads: 100738.0, t_des: 78547.0, bed_util_ads: 0.823, bed_util_des: 0.106, frac_lost: 0.500, li_recovered:  51.233
L: 0.30, u_super: 0.00001, sec: 0.810, t_ads: 102622.0, t_des: 80837.0, bed_util_ads: 0.827, bed_util_des: 0.094, frac_lost: 0.500, li_recovered:  52.446
L: 0.30, u_super: 0.00001, sec: 0.822, t_ads: 107233.0, t_des: 89228.0, bed_util_ads: 0.839, bed_util_des: 0.063, frac_lost: 0.500, li_recovered:  55.439
L: 0.30, u_super: 0.00001, sec: 0.812, t_ads: 94713.0, t_des: 71662.0, bed_util_ads: 0.806, bed_util_des: 0.143, frac_lost: 0.500, li_recovered:  47.407
L: 0.30, u_super: 0.00001, sec: 0.813, t_ads: 93176.0, t_des: 69994.0, bed_util_ads: 0.802, bed_util_des: 0.152, frac_lost: 0.500, li_recovered:  46.437
L: 0.30, u_super: 0.00001, sec: 0.812, t_ads: 96216.0, t_des: 73345.0, bed_util_ads: 0.811, bed_util_des: 0.134, frac_lost: 0.500, li_recovered:  48.368
L: 0.30, u_super: 0.00001, sec: 0.811, t_ads: 101751.0, t_des: 79659.0, bed_util_ads: 0.825, bed_util_des: 0.101, frac_lost: 0.500, li_recovered:  51.767
    14 |      560 |  0.8194996521 |  0.8096710443
L: 0.30, u_super: 0.00001, sec: 0.811, t_ads: 101971.0, t_des: 79947.0, bed_util_ads: 0.826, bed_util_des: 0.099, frac_lost: 0.500, li_recovered:  51.930
L: 0.30, u_super: 0.00001, sec: 0.816, t_ads: 90468.0, t_des: 67247.0, bed_util_ads: 0.794, bed_util_des: 0.168, frac_lost: 0.500, li_recovered:  44.723
L: 0.30, u_super: 0.00001, sec: 0.812, t_ads: 96004.0, t_des: 73120.0, bed_util_ads: 0.810, bed_util_des: 0.135, frac_lost: 0.500, li_recovered:  48.250
L: 0.30, u_super: 0.00001, sec: 0.810, t_ads: 101243.0, t_des: 79162.0, bed_util_ads: 0.824, bed_util_des: 0.103, frac_lost: 0.500, li_recovered:  51.569
L: 0.30, u_super: 0.00001, sec: 0.810, t_ads: 99489.0, t_des: 77097.0, bed_util_ads: 0.820, bed_util_des: 0.114, frac_lost: 0.500, li_recovered:  50.461
L: 0.30, u_super: 0.00001, sec: 0.859, t_ads: 110170.0, t_des: 102456.0, bed_util_ads: 0.845, bed_util_des: 0.044, frac_lost: 0.500, li_recovered:  57.292
L: 0.30, u_super: 0.00001, sec: 0.811, t_ads: 97898.0, t_des: 75242.0, bed_util_ads: 0.815, bed_util_des: 0.124, frac_lost: 0.500, li_recovered:  49.428
L: 0.30, u_super: 0.00001, sec: 0.810, t_ads: 99317.0, t_des: 76887.0, bed_util_ads: 0.819, bed_util_des: 0.115, frac_lost: 0.500, li_recovered:  50.342
L: 0.30, u_super: 0.00001, sec: 0.812, t_ads: 102096.0, t_des: 80285.0, bed_util_ads: 0.826, bed_util_des: 0.096, frac_lost: 0.500, li_recovered:  52.209
L: 0.30, u_super: 0.00001, sec: 0.810, t_ads: 101069.0, t_des: 78937.0, bed_util_ads: 0.824, bed_util_des: 0.104, frac_lost: 0.500, li_recovered:  51.440
L: 0.30, u_super: 0.00001, sec: 0.813, t_ads: 101832.0, t_des: 80109.0, bed_util_ads: 0.826, bed_util_des: 0.096, frac_lost: 0.500, li_recovered:  52.198
L: 0.30, u_super: 0.00004, sec: 5.682, t_ads: 19641.0, t_des: 34868.0, bed_util_ads: 0.651, bed_util_des: 0.072, frac_lost: 0.500, li_recovered:  41.349
L: 0.30, u_super: 0.00001, sec: 0.810, t_ads: 100321.0, t_des: 78055.0, bed_util_ads: 0.822, bed_util_des: 0.109, frac_lost: 0.500, li_recovered:  50.969
L: 0.30, u_super: 0.00001, sec: 0.810, t_ads: 99002.0, t_des: 76520.0, bed_util_ads: 0.818, bed_util_des: 0.117, frac_lost: 0.500, li_recovered:  50.142
L: 0.30, u_super: 0.00001, sec: 0.811, t_ads: 103667.0, t_des: 81988.0, bed_util_ads: 0.830, bed_util_des: 0.089, frac_lost: 0.500, li_recovered:  52.961
L: 0.30, u_super: 0.00001, sec: 0.810, t_ads: 102228.0, t_des: 80355.0, bed_util_ads: 0.826, bed_util_des: 0.096, frac_lost: 0.500, li_recovered:  52.197
L: 0.33, u_super: 0.00001, sec: 0.883, t_ads: 105091.0, t_des: 78602.0, bed_util_ads: 0.815, bed_util_des: 0.141, frac_lost: 0.500, li_recovered:  48.209
L: 0.30, u_super: 0.00001, sec: 0.810, t_ads: 104433.0, t_des: 83186.0, bed_util_ads: 0.832, bed_util_des: 0.082, frac_lost: 0.500, li_recovered:  53.581
L: 0.30, u_super: 0.00001, sec: 0.810, t_ads: 99611.0, t_des: 77229.0, bed_util_ads: 0.820, bed_util_des: 0.113, frac_lost: 0.500, li_recovered:  50.527
L: 0.30, u_super: 0.00001, sec: 0.813, t_ads: 99883.0, t_des: 77324.0, bed_util_ads: 0.820, bed_util_des: 0.114, frac_lost: 0.500, li_recovered:  50.443
L: 0.30, u_super: 0.00001, sec: 0.810, t_ads: 99994.0, t_des: 77675.0, bed_util_ads: 0.821, bed_util_des: 0.111, frac_lost: 0.500, li_recovered:  50.769
L: 0.30, u_super: 0.00001, sec: 0.810, t_ads: 99045.0, t_des: 76566.0, bed_util_ads: 0.818, bed_util_des: 0.117, frac_lost: 0.500, li_recovered:  50.165
L: 0.30, u_super: 0.00001, sec: 0.818, t_ads: 89403.0, t_des: 66295.0, bed_util_ads: 0.791, bed_util_des: 0.175, frac_lost: 0.500, li_recovered:  44.051
L: 0.30, u_super: 0.00001, sec: 0.810, t_ads: 102313.0, t_des: 80435.0, bed_util_ads: 0.827, bed_util_des: 0.096, frac_lost: 0.500, li_recovered:  52.225
L: 0.30, u_super: 0.00001, sec: 0.810, t_ads: 102353.0, t_des: 80487.0, bed_util_ads: 0.827, bed_util_des: 0.096, frac_lost: 0.500, li_recovered:  52.253
L: 0.30, u_super: 0.00001, sec: 0.812, t_ads: 95952.0, t_des: 73013.0, bed_util_ads: 0.810, bed_util_des: 0.136, frac_lost: 0.500, li_recovered:  48.156
L: 0.30, u_super: 0.00001, sec: 0.810, t_ads: 102588.0, t_des: 80795.0, bed_util_ads: 0.827, bed_util_des: 0.094, frac_lost: 0.500, li_recovered:  52.424
L: 0.30, u_super: 0.00001, sec: 0.811, t_ads: 104258.0, t_des: 83017.0, bed_util_ads: 0.832, bed_util_des: 0.083, frac_lost: 0.500, li_recovered:  53.535
L: 0.30, u_super: 0.00001, sec: 0.810, t_ads: 102218.0, t_des: 80341.0, bed_util_ads: 0.826, bed_util_des: 0.096, frac_lost: 0.500, li_recovered:  52.190
L: 0.30, u_super: 0.00001, sec: 0.812, t_ads: 94562.0, t_des: 71508.0, bed_util_ads: 0.806, bed_util_des: 0.144, frac_lost: 0.500, li_recovered:  47.326
L: 0.30, u_super: 0.00001, sec: 0.817, t_ads: 89845.0, t_des: 66686.0, bed_util_ads: 0.792, bed_util_des: 0.172, frac_lost: 0.500, li_recovered:  44.346
L: 0.30, u_super: 0.00001, sec: 0.810, t_ads: 100265.0, t_des: 77987.0, bed_util_ads: 0.821, bed_util_des: 0.109, frac_lost: 0.500, li_recovered:  50.932
L: 0.30, u_super: 0.00001, sec: 0.826, t_ads: 85700.0, t_des: 63114.0, bed_util_ads: 0.779, bed_util_des: 0.195, frac_lost: 0.500, li_recovered:  41.721
L: 0.30, u_super: 0.00001, sec: 0.811, t_ads: 104832.0, t_des: 83824.0, bed_util_ads: 0.833, bed_util_des: 0.080, frac_lost: 0.500, li_recovered:  53.845
L: 0.30, u_super: 0.00001, sec: 0.814, t_ads: 105850.0, t_des: 85703.0, bed_util_ads: 0.835, bed_util_des: 0.073, frac_lost: 0.500, li_recovered:  54.507
L: 0.30, u_super: 0.00001, sec: 0.812, t_ads: 96397.0, t_des: 73583.0, bed_util_ads: 0.811, bed_util_des: 0.133, frac_lost: 0.500, li_recovered:  48.526
L: 0.30, u_super: 0.00001, sec: 0.813, t_ads: 94484.0, t_des: 71413.0, bed_util_ads: 0.806, bed_util_des: 0.145, frac_lost: 0.500, li_recovered:  47.263
L: 0.30, u_super: 0.00001, sec: 0.823, t_ads: 92032.0, t_des: 69250.0, bed_util_ads: 0.801, bed_util_des: 0.152, frac_lost: 0.500, li_recovered:  46.367
L: 0.30, u_super: 0.00001, sec: 0.813, t_ads: 105464.0, t_des: 84945.0, bed_util_ads: 0.834, bed_util_des: 0.075, frac_lost: 0.500, li_recovered:  54.258
L: 0.30, u_super: 0.00001, sec: 0.810, t_ads: 101535.0, t_des: 79515.0, bed_util_ads: 0.825, bed_util_des: 0.101, frac_lost: 0.500, li_recovered:  51.755
    15 |      600 |  0.8128260106 |  0.8096358180
L: 0.30, u_super: 0.00001, sec: 0.810, t_ads: 99576.0, t_des: 77189.0, bed_util_ads: 0.820, bed_util_des: 0.113, frac_lost: 0.500, li_recovered:  50.506
L: 0.30, u_super: 0.00001, sec: 0.810, t_ads: 102435.0, t_des: 80594.0, bed_util_ads: 0.827, bed_util_des: 0.095, frac_lost: 0.500, li_recovered:  52.312
L: 0.30, u_super: 0.00001, sec: 0.812, t_ads: 96034.0, t_des: 73139.0, bed_util_ads: 0.810, bed_util_des: 0.135, frac_lost: 0.500, li_recovered:  48.252
L: 0.30, u_super: 0.00001, sec: 0.810, t_ads: 101245.0, t_des: 79163.0, bed_util_ads: 0.824, bed_util_des: 0.103, frac_lost: 0.500, li_recovered:  51.569
L: 0.30, u_super: 0.00001, sec: 0.810, t_ads: 100275.0, t_des: 78018.0, bed_util_ads: 0.822, bed_util_des: 0.109, frac_lost: 0.500, li_recovered:  50.960
L: 0.30, u_super: 0.00001, sec: 0.859, t_ads: 110173.0, t_des: 102458.0, bed_util_ads: 0.845, bed_util_des: 0.044, frac_lost: 0.500, li_recovered:  57.292
L: 0.30, u_super: 0.00001, sec: 0.811, t_ads: 97898.0, t_des: 75242.0, bed_util_ads: 0.815, bed_util_des: 0.124, frac_lost: 0.500, li_recovered:  49.428
L: 0.30, u_super: 0.00001, sec: 0.810, t_ads: 99325.0, t_des: 76892.0, bed_util_ads: 0.819, bed_util_des: 0.115, frac_lost: 0.500, li_recovered:  50.342
L: 0.30, u_super: 0.00001, sec: 0.810, t_ads: 102258.0, t_des: 80393.0, bed_util_ads: 0.827, bed_util_des: 0.096, frac_lost: 0.500, li_recovered:  52.218
L: 0.30, u_super: 0.00001, sec: 0.810, t_ads: 102398.0, t_des: 80563.0, bed_util_ads: 0.827, bed_util_des: 0.095, frac_lost: 0.500, li_recovered:  52.306
L: 0.30, u_super: 0.00001, sec: 0.810, t_ads: 102235.0, t_des: 80380.0, bed_util_ads: 0.827, bed_util_des: 0.096, frac_lost: 0.500, li_recovered:  52.220
L: 0.30, u_super: 0.00001, sec: 0.814, t_ads: 105973.0, t_des: 85879.0, bed_util_ads: 0.835, bed_util_des: 0.072, frac_lost: 0.500, li_recovered:  54.554
L: 0.30, u_super: 0.00001, sec: 0.816, t_ads: 106415.0, t_des: 86944.0, bed_util_ads: 0.837, bed_util_des: 0.069, frac_lost: 0.500, li_recovered:  54.871
L: 0.30, u_super: 0.00001, sec: 0.810, t_ads: 99001.0, t_des: 76519.0, bed_util_ads: 0.818, bed_util_des: 0.117, frac_lost: 0.500, li_recovered:  50.142
L: 0.30, u_super: 0.00001, sec: 0.810, t_ads: 103390.0, t_des: 81800.0, bed_util_ads: 0.829, bed_util_des: 0.089, frac_lost: 0.500, li_recovered:  52.946
L: 0.30, u_super: 0.00001, sec: 0.810, t_ads: 102232.0, t_des: 80357.0, bed_util_ads: 0.827, bed_util_des: 0.096, frac_lost: 0.500, li_recovered:  52.197
L: 0.30, u_super: 0.00001, sec: 0.811, t_ads: 97723.0, t_des: 75068.0, bed_util_ads: 0.815, bed_util_des: 0.125, frac_lost: 0.500, li_recovered:  49.348
L: 0.30, u_super: 0.00001, sec: 0.810, t_ads: 101802.0, t_des: 79816.0, bed_util_ads: 0.825, bed_util_des: 0.099, frac_lost: 0.500, li_recovered:  51.902
L: 0.30, u_super: 0.00001, sec: 0.813, t_ads: 105560.0, t_des: 85099.0, bed_util_ads: 0.835, bed_util_des: 0.075, frac_lost: 0.500, li_recovered:  54.307
L: 0.30, u_super: 0.00001, sec: 0.814, t_ads: 98577.0, t_des: 75815.0, bed_util_ads: 0.816, bed_util_des: 0.122, frac_lost: 0.500, li_recovered:  49.614
L: 0.30, u_super: 0.00001, sec: 0.812, t_ads: 105504.0, t_des: 85024.0, bed_util_ads: 0.834, bed_util_des: 0.075, frac_lost: 0.500, li_recovered:  54.286
L: 0.30, u_super: 0.00001, sec: 0.815, t_ads: 106199.0, t_des: 86446.0, bed_util_ads: 0.836, bed_util_des: 0.071, frac_lost: 0.500, li_recovered:  54.730
L: 0.30, u_super: 0.00001, sec: 0.818, t_ads: 89367.0, t_des: 66270.0, bed_util_ads: 0.791, bed_util_des: 0.175, frac_lost: 0.500, li_recovered:  44.048
L: 0.30, u_super: 0.00001, sec: 0.810, t_ads: 102316.0, t_des: 80436.0, bed_util_ads: 0.827, bed_util_des: 0.096, frac_lost: 0.500, li_recovered:  52.225
L: 0.30, u_super: 0.00001, sec: 0.810, t_ads: 102326.0, t_des: 80469.0, bed_util_ads: 0.827, bed_util_des: 0.096, frac_lost: 0.500, li_recovered:  52.252
L: 0.30, u_super: 0.00001, sec: 0.810, t_ads: 101252.0, t_des: 79122.0, bed_util_ads: 0.824, bed_util_des: 0.103, frac_lost: 0.500, li_recovered:  51.520
L: 0.30, u_super: 0.00001, sec: 0.810, t_ads: 102583.0, t_des: 80792.0, bed_util_ads: 0.827, bed_util_des: 0.094, frac_lost: 0.500, li_recovered:  52.425
L: 0.30, u_super: 0.00001, sec: 0.811, t_ads: 104249.0, t_des: 83011.0, bed_util_ads: 0.832, bed_util_des: 0.083, frac_lost: 0.500, li_recovered:  53.535
L: 0.30, u_super: 0.00001, sec: 0.810, t_ads: 102217.0, t_des: 80340.0, bed_util_ads: 0.826, bed_util_des: 0.096, frac_lost: 0.500, li_recovered:  52.189
L: 0.30, u_super: 0.00001, sec: 0.810, t_ads: 102099.0, t_des: 80199.0, bed_util_ads: 0.826, bed_util_des: 0.097, frac_lost: 0.500, li_recovered:  52.116
L: 0.30, u_super: 0.00001, sec: 0.817, t_ads: 89849.0, t_des: 66688.0, bed_util_ads: 0.792, bed_util_des: 0.172, frac_lost: 0.500, li_recovered:  44.346
L: 0.30, u_super: 0.00001, sec: 0.810, t_ads: 98866.0, t_des: 76362.0, bed_util_ads: 0.818, bed_util_des: 0.118, frac_lost: 0.500, li_recovered:  50.053
L: 0.30, u_super: 0.00001, sec: 0.826, t_ads: 85696.0, t_des: 63112.0, bed_util_ads: 0.779, bed_util_des: 0.195, frac_lost: 0.500, li_recovered:  41.720
L: 0.30, u_super: 0.00001, sec: 0.810, t_ads: 100745.0, t_des: 78552.0, bed_util_ads: 0.823, bed_util_des: 0.106, frac_lost: 0.500, li_recovered:  51.234
L: 0.30, u_super: 0.00001, sec: 0.810, t_ads: 102622.0, t_des: 80836.0, bed_util_ads: 0.827, bed_util_des: 0.094, frac_lost: 0.500, li_recovered:  52.445
L: 0.30, u_super: 0.00001, sec: 0.811, t_ads: 101232.0, t_des: 79208.0, bed_util_ads: 0.824, bed_util_des: 0.102, frac_lost: 0.500, li_recovered:  51.625
L: 0.30, u_super: 0.00001, sec: 0.812, t_ads: 94686.0, t_des: 71645.0, bed_util_ads: 0.806, bed_util_des: 0.143, frac_lost: 0.500, li_recovered:  47.405
L: 0.30, u_super: 0.00001, sec: 0.810, t_ads: 102800.0, t_des: 81047.0, bed_util_ads: 0.828, bed_util_des: 0.093, frac_lost: 0.500, li_recovered:  52.549
L: 0.30, u_super: 0.00001, sec: 0.812, t_ads: 96199.0, t_des: 73333.0, bed_util_ads: 0.811, bed_util_des: 0.134, frac_lost: 0.500, li_recovered:  48.367
L: 0.30, u_super: 0.00004, sec: 5.156, t_ads: 19730.0, t_des: 30806.0, bed_util_ads: 0.650, bed_util_des: 0.084, frac_lost: 0.500, li_recovered:  40.454
    16 |      640 |  0.8122940168 |  0.8095969558
L: 0.30, u_super: 0.00001, sec: 0.810, t_ads: 101786.0, t_des: 79822.0, bed_util_ads: 0.825, bed_util_des: 0.099, frac_lost: 0.500, li_recovered:  51.920
L: 0.30, u_super: 0.00001, sec: 0.810, t_ads: 102424.0, t_des: 80586.0, bed_util_ads: 0.827, bed_util_des: 0.095, frac_lost: 0.500, li_recovered:  52.312
L: 0.30, u_super: 0.00001, sec: 0.812, t_ads: 96029.0, t_des: 73136.0, bed_util_ads: 0.810, bed_util_des: 0.135, frac_lost: 0.500, li_recovered:  48.251
L: 0.30, u_super: 0.00001, sec: 0.810, t_ads: 101234.0, t_des: 79156.0, bed_util_ads: 0.824, bed_util_des: 0.103, frac_lost: 0.500, li_recovered:  51.568
L: 0.30, u_super: 0.00001, sec: 0.810, t_ads: 100268.0, t_des: 78014.0, bed_util_ads: 0.822, bed_util_des: 0.109, frac_lost: 0.500, li_recovered:  50.960
L: 0.30, u_super: 0.00001, sec: 0.810, t_ads: 102958.0, t_des: 81266.0, bed_util_ads: 0.828, bed_util_des: 0.092, frac_lost: 0.500, li_recovered:  52.674
L: 0.30, u_super: 0.00001, sec: 0.810, t_ads: 103222.0, t_des: 81568.0, bed_util_ads: 0.829, bed_util_des: 0.090, frac_lost: 0.500, li_recovered:  52.817
L: 0.30, u_super: 0.00001, sec: 0.810, t_ads: 99317.0, t_des: 76887.0, bed_util_ads: 0.819, bed_util_des: 0.115, frac_lost: 0.500, li_recovered:  50.342
L: 0.30, u_super: 0.00001, sec: 0.810, t_ads: 102816.0, t_des: 81081.0, bed_util_ads: 0.828, bed_util_des: 0.093, frac_lost: 0.500, li_recovered:  52.575
L: 0.30, u_super: 0.00001, sec: 0.810, t_ads: 102398.0, t_des: 80564.0, bed_util_ads: 0.827, bed_util_des: 0.095, frac_lost: 0.500, li_recovered:  52.306
L: 0.30, u_super: 0.00001, sec: 0.810, t_ads: 102209.0, t_des: 80363.0, bed_util_ads: 0.827, bed_util_des: 0.096, frac_lost: 0.500, li_recovered:  52.218
L: 0.30, u_super: 0.00001, sec: 0.810, t_ads: 102993.0, t_des: 81259.0, bed_util_ads: 0.828, bed_util_des: 0.092, frac_lost: 0.500, li_recovered:  52.645
L: 0.30, u_super: 0.00001, sec: 0.811, t_ads: 96304.0, t_des: 73445.0, bed_util_ads: 0.811, bed_util_des: 0.134, frac_lost: 0.500, li_recovered:  48.427
L: 0.30, u_super: 0.00001, sec: 0.810, t_ads: 99011.0, t_des: 76526.0, bed_util_ads: 0.818, bed_util_des: 0.117, frac_lost: 0.500, li_recovered:  50.142
L: 0.30, u_super: 0.00001, sec: 0.810, t_ads: 101716.0, t_des: 79740.0, bed_util_ads: 0.825, bed_util_des: 0.100, frac_lost: 0.500, li_recovered:  51.878
L: 0.30, u_super: 0.00001, sec: 0.815, t_ads: 106191.0, t_des: 86437.0, bed_util_ads: 0.836, bed_util_des: 0.071, frac_lost: 0.500, li_recovered:  54.728
L: 0.30, u_super: 0.00001, sec: 0.811, t_ads: 97746.0, t_des: 75083.0, bed_util_ads: 0.815, bed_util_des: 0.125, frac_lost: 0.500, li_recovered:  49.349
L: 0.30, u_super: 0.00001, sec: 0.812, t_ads: 105513.0, t_des: 84998.0, bed_util_ads: 0.834, bed_util_des: 0.075, frac_lost: 0.500, li_recovered:  54.271
L: 0.30, u_super: 0.00001, sec: 0.810, t_ads: 99608.0, t_des: 77227.0, bed_util_ads: 0.820, bed_util_des: 0.113, frac_lost: 0.500, li_recovered:  50.527
L: 0.30, u_super: 0.00001, sec: 0.810, t_ads: 99427.0, t_des: 77022.0, bed_util_ads: 0.819, bed_util_des: 0.114, frac_lost: 0.500, li_recovered:  50.418
L: 0.30, u_super: 0.00001, sec: 0.810, t_ads: 102569.0, t_des: 80777.0, bed_util_ads: 0.827, bed_util_des: 0.094, frac_lost: 0.500, li_recovered:  52.418
L: 0.30, u_super: 0.00001, sec: 0.816, t_ads: 106538.0, t_des: 87201.0, bed_util_ads: 0.837, bed_util_des: 0.068, frac_lost: 0.500, li_recovered:  54.938
L: 0.30, u_super: 0.00001, sec: 0.818, t_ads: 89371.0, t_des: 66273.0, bed_util_ads: 0.791, bed_util_des: 0.175, frac_lost: 0.500, li_recovered:  44.049
L: 0.30, u_super: 0.00001, sec: 0.810, t_ads: 102887.0, t_des: 81141.0, bed_util_ads: 0.828, bed_util_des: 0.092, frac_lost: 0.500, li_recovered:  52.591
L: 0.30, u_super: 0.00001, sec: 0.810, t_ads: 102352.0, t_des: 80486.0, bed_util_ads: 0.827, bed_util_des: 0.096, frac_lost: 0.500, li_recovered:  52.254
L: 0.30, u_super: 0.00001, sec: 0.810, t_ads: 101252.0, t_des: 79122.0, bed_util_ads: 0.824, bed_util_des: 0.103, frac_lost: 0.500, li_recovered:  51.520
L: 0.30, u_super: 0.00001, sec: 0.810, t_ads: 102592.0, t_des: 80798.0, bed_util_ads: 0.827, bed_util_des: 0.094, frac_lost: 0.500, li_recovered:  52.425
L: 0.30, u_super: 0.00001, sec: 0.810, t_ads: 104331.0, t_des: 83066.0, bed_util_ads: 0.832, bed_util_des: 0.083, frac_lost: 0.500, li_recovered:  53.539
L: 0.30, u_super: 0.00001, sec: 0.810, t_ads: 102210.0, t_des: 80336.0, bed_util_ads: 0.826, bed_util_des: 0.096, frac_lost: 0.500, li_recovered:  52.189
L: 0.30, u_super: 0.00001, sec: 0.810, t_ads: 102349.0, t_des: 80505.0, bed_util_ads: 0.827, bed_util_des: 0.096, frac_lost: 0.500, li_recovered:  52.276
L: 0.33, u_super: 0.00001, sec: 0.980, t_ads: 122566.0, t_des: 126840.0, bed_util_ads: 0.855, bed_util_des: 0.031, frac_lost: 0.500, li_recovered:  58.917
L: 0.30, u_super: 0.00001, sec: 0.811, t_ads: 96311.0, t_des: 73445.0, bed_util_ads: 0.811, bed_util_des: 0.134, frac_lost: 0.500, li_recovered:  48.420
L: 0.30, u_super: 0.00001, sec: 0.825, t_ads: 85671.0, t_des: 63096.0, bed_util_ads: 0.779, bed_util_des: 0.195, frac_lost: 0.500, li_recovered:  41.719
L: 0.30, u_super: 0.00001, sec: 0.810, t_ads: 100747.0, t_des: 78553.0, bed_util_ads: 0.823, bed_util_des: 0.106, frac_lost: 0.500, li_recovered:  51.234
L: 0.30, u_super: 0.00001, sec: 0.817, t_ads: 106629.0, t_des: 87452.0, bed_util_ads: 0.837, bed_util_des: 0.068, frac_lost: 0.500, li_recovered:  55.007
L: 0.30, u_super: 0.00001, sec: 0.811, t_ads: 101234.0, t_des: 79209.0, bed_util_ads: 0.824, bed_util_des: 0.102, frac_lost: 0.500, li_recovered:  51.625
L: 0.30, u_super: 0.00001, sec: 0.812, t_ads: 94707.0, t_des: 71658.0, bed_util_ads: 0.806, bed_util_des: 0.143, frac_lost: 0.500, li_recovered:  47.406
L: 0.30, u_super: 0.00001, sec: 0.810, t_ads: 102761.0, t_des: 81020.0, bed_util_ads: 0.828, bed_util_des: 0.093, frac_lost: 0.500, li_recovered:  52.547
L: 0.30, u_super: 0.00001, sec: 0.812, t_ads: 96237.0, t_des: 73359.0, bed_util_ads: 0.811, bed_util_des: 0.134, frac_lost: 0.500, li_recovered:  48.369
L: 0.30, u_super: 0.00001, sec: 0.810, t_ads: 101524.0, t_des: 79508.0, bed_util_ads: 0.825, bed_util_des: 0.101, frac_lost: 0.500, li_recovered:  51.754
    17 |      680 |  0.8108041033 |  0.8095915318
L: 0.30, u_super: 0.00001, sec: 0.811, t_ads: 96133.0, t_des: 73260.0, bed_util_ads: 0.810, bed_util_des: 0.134, frac_lost: 0.500, li_recovered:  48.326
L: 0.30, u_super: 0.00001, sec: 0.810, t_ads: 102422.0, t_des: 80584.0, bed_util_ads: 0.827, bed_util_des: 0.095, frac_lost: 0.500, li_recovered:  52.312
L: 0.30, u_super: 0.00001, sec: 0.810, t_ads: 102786.0, t_des: 81042.0, bed_util_ads: 0.828, bed_util_des: 0.093, frac_lost: 0.500, li_recovered:  52.553
L: 0.30, u_super: 0.00001, sec: 0.826, t_ads: 107950.0, t_des: 91346.0, bed_util_ads: 0.840, bed_util_des: 0.059, frac_lost: 0.500, li_recovered:  55.860
L: 0.30, u_super: 0.00001, sec: 0.810, t_ads: 100263.0, t_des: 78010.0, bed_util_ads: 0.822, bed_util_des: 0.109, frac_lost: 0.500, li_recovered:  50.960
L: 0.30, u_super: 0.00001, sec: 0.810, t_ads: 102946.0, t_des: 81257.0, bed_util_ads: 0.828, bed_util_des: 0.092, frac_lost: 0.500, li_recovered:  52.674
L: 0.30, u_super: 0.00001, sec: 0.812, t_ads: 94577.0, t_des: 71515.0, bed_util_ads: 0.806, bed_util_des: 0.144, frac_lost: 0.500, li_recovered:  47.323
L: 0.30, u_super: 0.00001, sec: 0.811, t_ads: 105044.0, t_des: 84196.0, bed_util_ads: 0.833, bed_util_des: 0.078, frac_lost: 0.500, li_recovered:  53.992
L: 0.30, u_super: 0.00001, sec: 0.810, t_ads: 104336.0, t_des: 83080.0, bed_util_ads: 0.832, bed_util_des: 0.083, frac_lost: 0.500, li_recovered:  53.546
L: 0.30, u_super: 0.00001, sec: 0.810, t_ads: 102394.0, t_des: 80561.0, bed_util_ads: 0.827, bed_util_des: 0.095, frac_lost: 0.500, li_recovered:  52.306
L: 0.30, u_super: 0.00001, sec: 0.810, t_ads: 102217.0, t_des: 80369.0, bed_util_ads: 0.827, bed_util_des: 0.096, frac_lost: 0.500, li_recovered:  52.219
L: 0.30, u_super: 0.00001, sec: 0.810, t_ads: 102992.0, t_des: 81258.0, bed_util_ads: 0.828, bed_util_des: 0.092, frac_lost: 0.500, li_recovered:  52.645
L: 0.30, u_super: 0.00001, sec: 0.810, t_ads: 98861.0, t_des: 76357.0, bed_util_ads: 0.818, bed_util_des: 0.118, frac_lost: 0.500, li_recovered:  50.051
L: 0.30, u_super: 0.00001, sec: 0.810, t_ads: 102004.0, t_des: 80086.0, bed_util_ads: 0.826, bed_util_des: 0.098, frac_lost: 0.500, li_recovered:  52.058
L: 0.30, u_super: 0.00001, sec: 0.810, t_ads: 103396.0, t_des: 81804.0, bed_util_ads: 0.829, bed_util_des: 0.089, frac_lost: 0.500, li_recovered:  52.946
L: 0.30, u_super: 0.00001, sec: 0.810, t_ads: 102227.0, t_des: 80354.0, bed_util_ads: 0.826, bed_util_des: 0.096, frac_lost: 0.500, li_recovered:  52.197
L: 0.30, u_super: 0.00001, sec: 0.812, t_ads: 105220.0, t_des: 84522.0, bed_util_ads: 0.834, bed_util_des: 0.077, frac_lost: 0.500, li_recovered:  54.113
L: 0.30, u_super: 0.00001, sec: 0.810, t_ads: 101801.0, t_des: 79815.0, bed_util_ads: 0.825, bed_util_des: 0.099, frac_lost: 0.500, li_recovered:  51.901
L: 0.30, u_super: 0.00001, sec: 0.810, t_ads: 99603.0, t_des: 77224.0, bed_util_ads: 0.820, bed_util_des: 0.113, frac_lost: 0.500, li_recovered:  50.526
L: 0.30, u_super: 0.00001, sec: 0.810, t_ads: 99451.0, t_des: 77037.0, bed_util_ads: 0.819, bed_util_des: 0.114, frac_lost: 0.500, li_recovered:  50.419
L: 0.30, u_super: 0.00001, sec: 0.810, t_ads: 102570.0, t_des: 80777.0, bed_util_ads: 0.827, bed_util_des: 0.094, frac_lost: 0.500, li_recovered:  52.418
L: 0.30, u_super: 0.00001, sec: 0.810, t_ads: 99030.0, t_des: 76556.0, bed_util_ads: 0.818, bed_util_des: 0.117, frac_lost: 0.500, li_recovered:  50.164
L: 0.30, u_super: 0.00001, sec: 0.818, t_ads: 89324.0, t_des: 66242.0, bed_util_ads: 0.791, bed_util_des: 0.175, frac_lost: 0.500, li_recovered:  44.046
L: 0.30, u_super: 0.00001, sec: 0.810, t_ads: 100719.0, t_des: 78515.0, bed_util_ads: 0.823, bed_util_des: 0.106, frac_lost: 0.500, li_recovered:  51.210
L: 0.30, u_super: 0.00001, sec: 0.810, t_ads: 102326.0, t_des: 80469.0, bed_util_ads: 0.827, bed_util_des: 0.096, frac_lost: 0.500, li_recovered:  52.252
L: 0.30, u_super: 0.00001, sec: 0.810, t_ads: 100594.0, t_des: 78343.0, bed_util_ads: 0.822, bed_util_des: 0.107, frac_lost: 0.500, li_recovered:  51.103
L: 0.30, u_super: 0.00001, sec: 0.813, t_ads: 93880.0, t_des: 70762.0, bed_util_ads: 0.804, bed_util_des: 0.148, frac_lost: 0.500, li_recovered:  46.894
L: 0.30, u_super: 0.00001, sec: 0.810, t_ads: 103070.0, t_des: 81391.0, bed_util_ads: 0.829, bed_util_des: 0.091, frac_lost: 0.500, li_recovered:  52.732
L: 0.30, u_super: 0.00001, sec: 0.810, t_ads: 102208.0, t_des: 80334.0, bed_util_ads: 0.826, bed_util_des: 0.096, frac_lost: 0.500, li_recovered:  52.189
L: 0.30, u_super: 0.00001, sec: 0.810, t_ads: 100876.0, t_des: 78726.0, bed_util_ads: 0.823, bed_util_des: 0.105, frac_lost: 0.500, li_recovered:  51.337
L: 0.30, u_super: 0.00001, sec: 0.810, t_ads: 103365.0, t_des: 81761.0, bed_util_ads: 0.829, bed_util_des: 0.089, frac_lost: 0.500, li_recovered:  52.922
L: 0.30, u_super: 0.00001, sec: 0.810, t_ads: 102176.0, t_des: 80278.0, bed_util_ads: 0.826, bed_util_des: 0.097, frac_lost: 0.500, li_recovered:  52.149
L: 0.30, u_super: 0.00001, sec: 0.825, t_ads: 85678.0, t_des: 63100.0, bed_util_ads: 0.779, bed_util_des: 0.195, frac_lost: 0.500, li_recovered:  41.719
L: 0.30, u_super: 0.00001, sec: 0.810, t_ads: 100711.0, t_des: 78529.0, bed_util_ads: 0.823, bed_util_des: 0.106, frac_lost: 0.500, li_recovered:  51.232
L: 0.30, u_super: 0.00001, sec: 0.810, t_ads: 102241.0, t_des: 80367.0, bed_util_ads: 0.827, bed_util_des: 0.096, frac_lost: 0.500, li_recovered:  52.201
L: 0.30, u_super: 0.00001, sec: 0.811, t_ads: 101226.0, t_des: 79205.0, bed_util_ads: 0.824, bed_util_des: 0.102, frac_lost: 0.500, li_recovered:  51.625
L: 0.30, u_super: 0.00001, sec: 0.812, t_ads: 94685.0, t_des: 71644.0, bed_util_ads: 0.806, bed_util_des: 0.143, frac_lost: 0.500, li_recovered:  47.405
L: 0.30, u_super: 0.00001, sec: 0.810, t_ads: 102785.0, t_des: 81037.0, bed_util_ads: 0.828, bed_util_des: 0.093, frac_lost: 0.500, li_recovered:  52.549
L: 0.30, u_super: 0.00001, sec: 0.810, t_ads: 102295.0, t_des: 80419.0, bed_util_ads: 0.827, bed_util_des: 0.096, frac_lost: 0.500, li_recovered:  52.220
L: 0.30, u_super: 0.00001, sec: 0.810, t_ads: 101535.0, t_des: 79515.0, bed_util_ads: 0.825, bed_util_des: 0.101, frac_lost: 0.500, li_recovered:  51.755
    18 |      720 |  0.8104862317 |  0.8095831275
L: 0.30, u_super: 0.00001, sec: 0.810, t_ads: 103199.0, t_des: 81558.0, bed_util_ads: 0.829, bed_util_des: 0.090, frac_lost: 0.500, li_recovered:  52.821
L: 0.30, u_super: 0.00001, sec: 0.810, t_ads: 102401.0, t_des: 80570.0, bed_util_ads: 0.827, bed_util_des: 0.095, frac_lost: 0.500, li_recovered:  52.310
L: 0.30, u_super: 0.00001, sec: 0.810, t_ads: 102578.0, t_des: 80784.0, bed_util_ads: 0.827, bed_util_des: 0.094, frac_lost: 0.500, li_recovered:  52.419
L: 0.30, u_super: 0.00001, sec: 0.810, t_ads: 101234.0, t_des: 79156.0, bed_util_ads: 0.824, bed_util_des: 0.103, frac_lost: 0.500, li_recovered:  51.568
L: 0.30, u_super: 0.00001, sec: 0.810, t_ads: 100284.0, t_des: 78024.0, bed_util_ads: 0.822, bed_util_des: 0.109, frac_lost: 0.500, li_recovered:  50.961
L: 0.30, u_super: 0.00001, sec: 0.810, t_ads: 102946.0, t_des: 81258.0, bed_util_ads: 0.828, bed_util_des: 0.092, frac_lost: 0.500, li_recovered:  52.674
L: 0.30, u_super: 0.00001, sec: 0.810, t_ads: 103222.0, t_des: 81567.0, bed_util_ads: 0.829, bed_util_des: 0.090, frac_lost: 0.500, li_recovered:  52.817
L: 0.30, u_super: 0.00001, sec: 0.810, t_ads: 99314.0, t_des: 76885.0, bed_util_ads: 0.819, bed_util_des: 0.115, frac_lost: 0.500, li_recovered:  50.342
L: 0.30, u_super: 0.00001, sec: 0.810, t_ads: 102741.0, t_des: 80989.0, bed_util_ads: 0.828, bed_util_des: 0.093, frac_lost: 0.500, li_recovered:  52.527
L: 0.30, u_super: 0.00001, sec: 0.810, t_ads: 102394.0, t_des: 80561.0, bed_util_ads: 0.827, bed_util_des: 0.095, frac_lost: 0.500, li_recovered:  52.306
L: 0.30, u_super: 0.00001, sec: 0.810, t_ads: 102213.0, t_des: 80366.0, bed_util_ads: 0.827, bed_util_des: 0.096, frac_lost: 0.500, li_recovered:  52.219
L: 0.30, u_super: 0.00001, sec: 0.859, t_ads: 110233.0, t_des: 102299.0, bed_util_ads: 0.845, bed_util_des: 0.044, frac_lost: 0.500, li_recovered:  57.277
L: 0.30, u_super: 0.00001, sec: 0.810, t_ads: 100304.0, t_des: 78043.0, bed_util_ads: 0.822, bed_util_des: 0.109, frac_lost: 0.500, li_recovered:  50.968
L: 0.30, u_super: 0.00001, sec: 0.810, t_ads: 102004.0, t_des: 80086.0, bed_util_ads: 0.826, bed_util_des: 0.098, frac_lost: 0.500, li_recovered:  52.057
L: 0.30, u_super: 0.00001, sec: 0.810, t_ads: 103396.0, t_des: 81804.0, bed_util_ads: 0.829, bed_util_des: 0.089, frac_lost: 0.500, li_recovered:  52.946
L: 0.30, u_super: 0.00001, sec: 0.810, t_ads: 102223.0, t_des: 80352.0, bed_util_ads: 0.826, bed_util_des: 0.096, frac_lost: 0.500, li_recovered:  52.197
L: 0.30, u_super: 0.00001, sec: 0.811, t_ads: 97747.0, t_des: 75084.0, bed_util_ads: 0.815, bed_util_des: 0.125, frac_lost: 0.500, li_recovered:  49.349
L: 0.30, u_super: 0.00001, sec: 0.810, t_ads: 101756.0, t_des: 79785.0, bed_util_ads: 0.825, bed_util_des: 0.099, frac_lost: 0.500, li_recovered:  51.899
L: 0.30, u_super: 0.00001, sec: 0.810, t_ads: 99596.0, t_des: 77219.0, bed_util_ads: 0.820, bed_util_des: 0.113, frac_lost: 0.500, li_recovered:  50.526
L: 0.30, u_super: 0.00001, sec: 0.810, t_ads: 99438.0, t_des: 77029.0, bed_util_ads: 0.819, bed_util_des: 0.114, frac_lost: 0.500, li_recovered:  50.419
L: 0.30, u_super: 0.00001, sec: 0.810, t_ads: 104041.0, t_des: 82653.0, bed_util_ads: 0.831, bed_util_des: 0.085, frac_lost: 0.500, li_recovered:  53.357
L: 0.30, u_super: 0.00001, sec: 0.810, t_ads: 102248.0, t_des: 80385.0, bed_util_ads: 0.827, bed_util_des: 0.096, frac_lost: 0.500, li_recovered:  52.215
L: 0.30, u_super: 0.00001, sec: 0.818, t_ads: 89372.0, t_des: 66274.0, bed_util_ads: 0.791, bed_util_des: 0.175, frac_lost: 0.500, li_recovered:  44.049
L: 0.30, u_super: 0.00001, sec: 0.810, t_ads: 102887.0, t_des: 81141.0, bed_util_ads: 0.828, bed_util_des: 0.092, frac_lost: 0.500, li_recovered:  52.590
L: 0.30, u_super: 0.00001, sec: 0.810, t_ads: 102308.0, t_des: 80456.0, bed_util_ads: 0.827, bed_util_des: 0.096, frac_lost: 0.500, li_recovered:  52.251
L: 0.30, u_super: 0.00001, sec: 0.810, t_ads: 101252.0, t_des: 79122.0, bed_util_ads: 0.824, bed_util_des: 0.103, frac_lost: 0.500, li_recovered:  51.520
L: 0.30, u_super: 0.00001, sec: 0.810, t_ads: 102579.0, t_des: 80789.0, bed_util_ads: 0.827, bed_util_des: 0.094, frac_lost: 0.500, li_recovered:  52.424
L: 0.30, u_super: 0.00001, sec: 0.810, t_ads: 103064.0, t_des: 81387.0, bed_util_ads: 0.829, bed_util_des: 0.091, frac_lost: 0.500, li_recovered:  52.732
L: 0.30, u_super: 0.00001, sec: 0.810, t_ads: 102182.0, t_des: 80317.0, bed_util_ads: 0.826, bed_util_des: 0.096, frac_lost: 0.500, li_recovered:  52.187
L: 0.30, u_super: 0.00001, sec: 0.810, t_ads: 102343.0, t_des: 80501.0, bed_util_ads: 0.827, bed_util_des: 0.096, frac_lost: 0.500, li_recovered:  52.276
L: 0.30, u_super: 0.00001, sec: 0.810, t_ads: 103364.0, t_des: 81761.0, bed_util_ads: 0.829, bed_util_des: 0.089, frac_lost: 0.500, li_recovered:  52.922
L: 0.30, u_super: 0.00001, sec: 0.810, t_ads: 102149.0, t_des: 80259.0, bed_util_ads: 0.826, bed_util_des: 0.097, frac_lost: 0.500, li_recovered:  52.148
L: 0.30, u_super: 0.00001, sec: 0.810, t_ads: 104352.0, t_des: 83105.0, bed_util_ads: 0.832, bed_util_des: 0.083, frac_lost: 0.500, li_recovered:  53.557
L: 0.30, u_super: 0.00001, sec: 0.810, t_ads: 100743.0, t_des: 78551.0, bed_util_ads: 0.823, bed_util_des: 0.106, frac_lost: 0.500, li_recovered:  51.234
L: 0.30, u_super: 0.00001, sec: 0.810, t_ads: 102614.0, t_des: 80831.0, bed_util_ads: 0.827, bed_util_des: 0.094, frac_lost: 0.500, li_recovered:  52.445
L: 0.30, u_super: 0.00001, sec: 0.811, t_ads: 98494.0, t_des: 75989.0, bed_util_ads: 0.817, bed_util_des: 0.119, frac_lost: 0.500, li_recovered:  49.883
L: 0.30, u_super: 0.00001, sec: 0.812, t_ads: 94687.0, t_des: 71645.0, bed_util_ads: 0.806, bed_util_des: 0.143, frac_lost: 0.500, li_recovered:  47.406
L: 0.30, u_super: 0.00001, sec: 0.810, t_ads: 102784.0, t_des: 81036.0, bed_util_ads: 0.828, bed_util_des: 0.093, frac_lost: 0.500, li_recovered:  52.548
L: 0.30, u_super: 0.00001, sec: 0.810, t_ads: 102712.0, t_des: 80932.0, bed_util_ads: 0.828, bed_util_des: 0.093, frac_lost: 0.500, li_recovered:  52.487
L: 0.30, u_super: 0.00001, sec: 0.811, t_ads: 97359.0, t_des: 74638.0, bed_util_ads: 0.814, bed_util_des: 0.127, frac_lost: 0.500, li_recovered:  49.097
    19 |      760 |  0.8100614130 |  0.8095775247
L: 0.30, u_super: 0.00001, sec: 0.810, t_ads: 103545.0, t_des: 81994.0, bed_util_ads: 0.830, bed_util_des: 0.088, frac_lost: 0.500, li_recovered:  53.043
L: 0.30, u_super: 0.00001, sec: 0.811, t_ads: 96358.0, t_des: 73511.0, bed_util_ads: 0.811, bed_util_des: 0.133, frac_lost: 0.500, li_recovered:  48.467
L: 0.30, u_super: 0.00001, sec: 0.810, t_ads: 102773.0, t_des: 81032.0, bed_util_ads: 0.828, bed_util_des: 0.093, frac_lost: 0.500, li_recovered:  52.552
L: 0.30, u_super: 0.00001, sec: 0.810, t_ads: 101235.0, t_des: 79157.0, bed_util_ads: 0.824, bed_util_des: 0.103, frac_lost: 0.500, li_recovered:  51.568
L: 0.30, u_super: 0.00001, sec: 0.810, t_ads: 102550.0, t_des: 80752.0, bed_util_ads: 0.827, bed_util_des: 0.094, frac_lost: 0.500, li_recovered:  52.404
L: 0.30, u_super: 0.00001, sec: 0.810, t_ads: 102972.0, t_des: 81275.0, bed_util_ads: 0.828, bed_util_des: 0.092, frac_lost: 0.500, li_recovered:  52.675
L: 0.36, u_super: 0.00001, sec: 0.945, t_ads: 122408.0, t_des: 93652.0, bed_util_ads: 0.839, bed_util_des: 0.099, frac_lost: 0.500, li_recovered:  52.917
L: 0.30, u_super: 0.00001, sec: 0.810, t_ads: 99321.0, t_des: 76889.0, bed_util_ads: 0.819, bed_util_des: 0.115, frac_lost: 0.500, li_recovered:  50.342
L: 0.30, u_super: 0.00001, sec: 0.810, t_ads: 102732.0, t_des: 80983.0, bed_util_ads: 0.828, bed_util_des: 0.093, frac_lost: 0.500, li_recovered:  52.527
L: 0.30, u_super: 0.00001, sec: 0.810, t_ads: 102394.0, t_des: 80561.0, bed_util_ads: 0.827, bed_util_des: 0.095, frac_lost: 0.500, li_recovered:  52.306
L: 0.30, u_super: 0.00001, sec: 0.815, t_ads: 106173.0, t_des: 86495.0, bed_util_ads: 0.836, bed_util_des: 0.070, frac_lost: 0.500, li_recovered:  54.753
L: 0.30, u_super: 0.00001, sec: 0.810, t_ads: 102993.0, t_des: 81259.0, bed_util_ads: 0.828, bed_util_des: 0.092, frac_lost: 0.500, li_recovered:  52.645
L: 0.30, u_super: 0.00001, sec: 0.810, t_ads: 100305.0, t_des: 78044.0, bed_util_ads: 0.822, bed_util_des: 0.109, frac_lost: 0.500, li_recovered:  50.969
L: 0.30, u_super: 0.00007, sec: 10.646, t_ads: 10027.0, t_des: 20339.0, bed_util_ads: 0.547, bed_util_des: 0.104, frac_lost: 0.500, li_recovered:  31.647
L: 0.30, u_super: 0.00001, sec: 0.810, t_ads: 103396.0, t_des: 81804.0, bed_util_ads: 0.829, bed_util_des: 0.089, frac_lost: 0.500, li_recovered:  52.946
L: 0.30, u_super: 0.00001, sec: 0.810, t_ads: 102223.0, t_des: 80352.0, bed_util_ads: 0.826, bed_util_des: 0.096, frac_lost: 0.500, li_recovered:  52.197
L: 0.30, u_super: 0.00001, sec: 0.824, t_ads: 107788.0, t_des: 90780.0, bed_util_ads: 0.840, bed_util_des: 0.060, frac_lost: 0.500, li_recovered:  55.753
L: 0.30, u_super: 0.00001, sec: 0.810, t_ads: 104097.0, t_des: 82730.0, bed_util_ads: 0.831, bed_util_des: 0.084, frac_lost: 0.500, li_recovered:  53.392
L: 0.30, u_super: 0.00001, sec: 0.810, t_ads: 100090.0, t_des: 77794.0, bed_util_ads: 0.821, bed_util_des: 0.110, frac_lost: 0.500, li_recovered:  50.838
L: 0.30, u_super: 0.00001, sec: 0.810, t_ads: 99427.0, t_des: 77022.0, bed_util_ads: 0.819, bed_util_des: 0.114, frac_lost: 0.500, li_recovered:  50.418
L: 0.30, u_super: 0.00001, sec: 0.810, t_ads: 102573.0, t_des: 80779.0, bed_util_ads: 0.827, bed_util_des: 0.094, frac_lost: 0.500, li_recovered:  52.418
L: 0.30, u_super: 0.00001, sec: 0.810, t_ads: 102248.0, t_des: 80385.0, bed_util_ads: 0.827, bed_util_des: 0.096, frac_lost: 0.500, li_recovered:  52.215
L: 0.30, u_super: 0.00001, sec: 0.813, t_ads: 105650.0, t_des: 85321.0, bed_util_ads: 0.835, bed_util_des: 0.074, frac_lost: 0.500, li_recovered:  54.387
L: 0.30, u_super: 0.00001, sec: 0.810, t_ads: 103684.0, t_des: 82140.0, bed_util_ads: 0.830, bed_util_des: 0.087, frac_lost: 0.500, li_recovered:  53.100
L: 0.30, u_super: 0.00001, sec: 0.810, t_ads: 102303.0, t_des: 80452.0, bed_util_ads: 0.827, bed_util_des: 0.096, frac_lost: 0.500, li_recovered:  52.251
L: 0.30, u_super: 0.00001, sec: 0.810, t_ads: 101249.0, t_des: 79120.0, bed_util_ads: 0.824, bed_util_des: 0.103, frac_lost: 0.500, li_recovered:  51.520
L: 0.30, u_super: 0.00001, sec: 0.810, t_ads: 102616.0, t_des: 80815.0, bed_util_ads: 0.827, bed_util_des: 0.094, frac_lost: 0.500, li_recovered:  52.426
L: 0.30, u_super: 0.00001, sec: 0.810, t_ads: 103059.0, t_des: 81384.0, bed_util_ads: 0.829, bed_util_des: 0.091, frac_lost: 0.500, li_recovered:  52.732
L: 0.30, u_super: 0.00001, sec: 0.810, t_ads: 103189.0, t_des: 81545.0, bed_util_ads: 0.829, bed_util_des: 0.090, frac_lost: 0.500, li_recovered:  52.815
L: 0.30, u_super: 0.00001, sec: 0.810, t_ads: 102350.0, t_des: 80506.0, bed_util_ads: 0.827, bed_util_des: 0.096, frac_lost: 0.500, li_recovered:  52.276
L: 0.30, u_super: 0.00001, sec: 0.810, t_ads: 103386.0, t_des: 81775.0, bed_util_ads: 0.829, bed_util_des: 0.089, frac_lost: 0.500, li_recovered:  52.923
L: 0.30, u_super: 0.00001, sec: 0.810, t_ads: 102147.0, t_des: 80258.0, bed_util_ads: 0.826, bed_util_des: 0.097, frac_lost: 0.500, li_recovered:  52.148
L: 0.30, u_super: 0.00001, sec: 0.810, t_ads: 104204.0, t_des: 82886.0, bed_util_ads: 0.831, bed_util_des: 0.084, frac_lost: 0.500, li_recovered:  53.462
L: 0.30, u_super: 0.00001, sec: 0.810, t_ads: 100715.0, t_des: 78532.0, bed_util_ads: 0.823, bed_util_des: 0.106, frac_lost: 0.500, li_recovered:  51.232
L: 0.30, u_super: 0.00001, sec: 0.810, t_ads: 101219.0, t_des: 79135.0, bed_util_ads: 0.824, bed_util_des: 0.103, frac_lost: 0.500, li_recovered:  51.555
L: 0.30, u_super: 0.00001, sec: 0.810, t_ads: 101337.0, t_des: 79278.0, bed_util_ads: 0.824, bed_util_des: 0.102, frac_lost: 0.500, li_recovered:  51.631
L: 0.30, u_super: 0.00001, sec: 0.812, t_ads: 94683.0, t_des: 71643.0, bed_util_ads: 0.806, bed_util_des: 0.143, frac_lost: 0.500, li_recovered:  47.405
L: 0.30, u_super: 0.00001, sec: 0.810, t_ads: 102771.0, t_des: 81027.0, bed_util_ads: 0.828, bed_util_des: 0.093, frac_lost: 0.500, li_recovered:  52.548
L: 0.30, u_super: 0.00001, sec: 0.810, t_ads: 102160.0, t_des: 80254.0, bed_util_ads: 0.826, bed_util_des: 0.097, frac_lost: 0.500, li_recovered:  52.134
L: 0.30, u_super: 0.00001, sec: 0.810, t_ads: 101508.0, t_des: 79497.0, bed_util_ads: 0.825, bed_util_des: 0.101, frac_lost: 0.500, li_recovered:  51.753
    20 |      800 |  0.8098860532 |  0.8095725775

============================================================
OPTIMIZATION SUMMARY
============================================================
Best SEC:              0.8096
------------------------------------------------------------
Optimal Parameters:
  Column length (L):     0.3000 m
  Superficial velocity:  0.000010 m/s
  Desorption threshold:  0.0910
------------------------------------------------------------
Cycle Times:
  Adsorption time:       103059.0 s
  Desorption time:       81384.0 s
  Total cycle time:      184443.0 s
------------------------------------------------------------
Performance:
  Li recovered:          52.7316 mol/m³
  Fraction lost:         0.5000
  Generations:           21
============================================================
