Lambda,Da2_star,Theta,tau_star_break,bed_utilization
0.01731689453125,3.1406384277343746,7.3678955078124995,0.24529096484184265,0.21166564524173737
7.47079345703125,3.1406384277343746,7.3678955078124995,1.8403021097183228,0.5806717276573181
0.01731689453125,3.1992028808593744,7.3678955078124995,0.24527660012245178,0.21433235704898834
0.01731689453125,3.1406384277343746,7.3823974609375,0.24532143771648407,0.21176938712596893
7.47079345703125,3.1992028808593744,7.3823974609375,1.8544334173202515,0.5855684876441956
5.01231689453125,8.138138427734376,2.4178955078125,1.1205486059188843,0.48712867498397827
2.4757934570312496,8.138138427734376,2.4178955078125,0.5155478715896606,0.3586815595626831
5.01231689453125,8.196702880859375,2.4178955078125,1.1235263347625732,0.4886201024055481
5.01231689453125,8.138138427734376,2.4323974609375,1.1235073804855347,0.4885786473751068
2.4757934570312496,8.196702880859375,2.4323974609375,0.5187215209007263,0.3615369200706482
7.50981689453125,0.6418884277343749,9.8428955078125,0.5204310417175293,0.12632513046264648
9.96829345703125,0.6418884277343749,9.8428955078125,0.986383318901062,0.2173553854227066
7.50981689453125,5.697952880859375,9.8428955078125,2.3041839599609375,0.73874831199646
7.50981689453125,0.6418884277343749,4.9073974609375,0.3235636055469513,0.060782209038734436
9.96829345703125,5.697952880859375,4.9073974609375,2.806272268295288,0.6949484944343567
2.5148168945312497,5.639388427734374,4.8928955078125,0.6073170900344849,0.42766380310058594
4.97329345703125,5.639388427734374,4.8928955078125,1.2713124752044678,0.5637856125831604
2.5148168945312497,0.700452880859375,4.8928955078125,0.26256194710731506,0.059690531343221664
2.5148168945312497,5.639388427734374,9.8573974609375,0.7511492371559143,0.5509660840034485
4.97329345703125,0.700452880859375,9.8573974609375,0.34433791041374207,0.0893513485789299
3.76356689453125,1.8912634277343747,1.1803955078125001,0.27258622646331787,0.08309030532836914
3.72454345703125,1.8912634277343747,1.1803955078125001,0.27269211411476135,0.08352299779653549
3.76356689453125,1.9498278808593748,1.1803955078125001,0.27350497245788574,0.08458294719457626
3.76356689453125,1.8912634277343747,6.1448974609375,0.4944608807563782,0.22778622806072235
3.72454345703125,1.9498278808593748,6.1448974609375,0.50245201587677,0.2351052612066269
8.75856689453125,6.888763427734374,6.1303955078125,2.643223762512207,0.739047646522522
8.71954345703125,6.888763427734374,6.1303955078125,2.6312143802642822,0.7385821342468262
8.75856689453125,6.947327880859374,6.1303955078125,2.6482012271881104,0.7405305504798889
8.75856689453125,6.888763427734374,1.1948974609375,1.4113848209381104,0.37160807847976685
8.71954345703125,6.947327880859374,1.1948974609375,1.409590482711792,0.37271204590797424
6.2610668945312495,4.390013427734375,3.6553955078125,1.3394616842269897,0.4828627407550812
1.22704345703125,4.390013427734375,3.6553955078125,0.29540306329727173,0.23603390157222748
6.2610668945312495,9.446077880859375,3.6553955078125,1.769491195678711,0.6576210856437683
6.2610668945312495,4.390013427734375,3.6698974609375004,1.3424019813537598,0.4840269088745117
1.22704345703125,9.446077880859375,3.6698974609375004,0.38336989283561707,0.39797839522361755
1.26606689453125,9.387513427734374,8.6053955078125,0.4981582760810852,0.5504023432731628
6.2220434570312495,9.387513427734374,8.6053955078125,2.048379421234131,0.7762917876243591
1.26606689453125,4.448577880859374,8.6053955078125,0.37619104981422424,0.3506569564342499
1.26606689453125,9.387513427734374,8.6198974609375,0.49801337718963623,0.5502747893333435
6.2220434570312495,4.448577880859374,8.6198974609375,1.733218789100647,0.646416962146759
1.89044189453125,0.017200927734375,3.0366455078125,0.24465502798557281,0.0014770951820537448
8.09516845703125,0.017200927734375,3.0366455078125,0.24561935663223267,0.001477847690694034
1.89044189453125,7.572015380859375,3.0366455078125,0.4365304708480835,0.3535195291042328
1.89044189453125,0.017200927734375,9.2386474609375,0.24557410180568695,0.001779879443347454
8.09516845703125,7.572015380859375,9.2386474609375,2.606285572052002,0.7854660153388977
6.88544189453125,5.014700927734374,7.9866455078125,1.9772495031356812,0.6790170669555664
3.1001684570312498,5.014700927734374,7.9866455078125,0.8391644954681396,0.5292050838470459
6.88544189453125,2.5745153808593746,7.9866455078125,1.5633660554885864,0.5240132808685303
6.88544189453125,5.014700927734374,4.2886474609375,1.6974589824676514,0.5740253329277039
3.1001684570312498,2.5745153808593746,4.2886474609375,0.4085327088832855,0.20971590280532837
9.38294189453125,2.515950927734375,0.5616455078125,0.32370996475219727,0.05888041853904724
5.59766845703125,2.515950927734375,0.5616455078125,0.28264763951301575,0.0709771141409874
9.38294189453125,0.075765380859375,0.5616455078125,0.24657195806503296,0.0049445368349552155
9.38294189453125,2.515950927734375,1.8136474609375002,0.9765986204147339,0.22962631285190582
5.59766845703125,0.075765380859375,1.8136474609375002,0.2466520071029663,0.005883572157472372
4.38794189453125,7.513450927734374,5.5116455078125,1.2643648386001587,0.6279067397117615
0.60266845703125,7.513450927734374,5.5116455078125,0.29733583331108093,0.36291179060935974
4.38794189453125,5.073265380859374,5.5116455078125,1.100274682044983,0.536031186580658
4.38794189453125,7.513450927734374,6.7636474609374995,1.3223257064819336,0.6600951552391052
0.60266845703125,5.073265380859374,6.7636474609374995,0.28535059094429016,0.303007036447525
3.13919189453125,3.7653259277343745,9.2241455078125,0.777193546295166,0.47593680024147034
1.85141845703125,3.7653259277343745,9.2241455078125,0.46425166726112366,0.3699316382408142
3.13919189453125,6.322640380859374,9.2241455078125,0.954133927822113,0.6092641949653625
3.13919189453125,3.7653259277343745,8.001147460937501,0.7451858520507812,0.4528369605541229
1.85141845703125,6.322640380859374,8.001147460937501,0.5682061910629272,0.49595287442207336
8.13419189453125,8.762825927734376,4.2741455078124995,2.3982701301574707,0.7141087651252747
6.84641845703125,8.762825927734376,4.2741455078124995,1.991353988647461,0.6877659559249878
8.13419189453125,1.3251403808593747,4.2741455078124995,0.8625138401985168,0.22763624787330627
8.13419189453125,8.762825927734376,3.0511474609375,2.199512243270874,0.6499271988868713
6.84641845703125,1.3251403808593747,3.0511474609375,0.4066222310066223,0.10537496209144592
5.63669189453125,1.2665759277343749,6.7491455078125,0.6262922286987305,0.21555393934249878
4.34891845703125,1.2665759277343749,6.7491455078125,0.4144401252269745,0.15300725400447845
5.63669189453125,3.8238903808593747,6.7491455078125,1.3894075155258179,0.5543727874755859
5.63669189453125,1.2665759277343749,0.5761474609375,0.2636653780937195,0.050010621547698975
4.34891845703125,3.8238903808593747,0.5761474609375,0.29063254594802856,0.09629082679748535
0.64169189453125,6.264075927734375,1.7991455078125,0.26253533363342285,0.2447684407234192
9.34391845703125,6.264075927734375,1.7991455078125,1.8546068668365479,0.47143951058387756
0.64169189453125,8.821390380859375,1.7991455078125,0.2695535719394684,0.28930148482322693
0.64169189453125,6.264075927734375,5.5261474609375,0.2912485897541046,0.3273508846759796
9.34391845703125,8.821390380859375,5.5261474609375,2.9142439365386963,0.7710256576538086
0.95387939453125,1.5789196777343748,7.6772705078125,0.2663055956363678,0.13379941880702972
0.91485595703125,1.5789196777343748,7.6772705078125,0.26530197262763977,0.13349702954292297
0.95387939453125,1.0127966308593748,7.6772705078125,0.25735345482826233,0.09025103598833084
0.95387939453125,1.5789196777343748,2.7417724609375003,0.25366297364234924,0.10527917742729187
0.91485595703125,1.0127966308593748,2.7417724609375003,0.2505910098552704,0.07343649119138718
5.94887939453125,6.576419677734374,2.7272705078125004,1.3244506120681763,0.5008619427680969
5.90985595703125,6.576419677734374,2.7272705078125004,1.3134825229644775,0.49932044744491577
5.94887939453125,6.010296630859375,2.7272705078125004,1.2704830169677734,0.47807154059410095
5.94887939453125,6.576419677734374,7.6917724609375,1.7962347269058228,0.7012427449226379
5.90985595703125,6.010296630859375,7.6917724609375,1.7452905178070068,0.6835498809814453
8.44637939453125,4.077669677734375,5.2022705078125,2.1353588104248047,0.6070467233657837
3.41235595703125,4.077669677734375,5.2022705078125,0.7253156900405884,0.4103493094444275
8.44637939453125,8.509046630859375,5.2022705078125,2.5782175064086914,0.744890034198761
8.44637939453125,4.077669677734375,5.2167724609374995,2.1373462677001953,0.6076573133468628
3.41235595703125,8.509046630859375,5.2167724609374995,1.000236988067627,0.6012283563613892
3.4513793945312496,9.075169677734374,0.25227050781250004,0.30759987235069275,0.13461832702159882
8.40735595703125,9.075169677734374,0.25227050781250004,0.7065606713294983,0.17520397901535034
3.4513793945312496,3.5115466308593746,0.25227050781250004,0.2676522433757782,0.08971189707517624
3.4513793945312496,9.075169677734374,0.2667724609375,0.3095954954624176,0.13609327375888824
8.40735595703125,3.5115466308593746,0.2667724609375,0.3125990033149719,0.061584893614053726
4.70012939453125,2.8282946777343745,3.9647705078125,0.7224416732788086,0.3082713186740875
9.65610595703125,2.8282946777343745,3.9647705078125,1.9654245376586914,0.4866192042827606
4.70012939453125,4.760921630859374,3.9647705078125,1.0163660049438477,0.46073850989341736
4.70012939453125,2.8282946777343745,3.9792724609375,0.7244513034820557,0.30927643179893494
9.65610595703125,4.760921630859374,3.9792724609375,2.435415506362915,0.6146904826164246
9.69512939453125,7.8257946777343745,8.9147705078125,3.1450717449188232,0.8077177405357361
4.66110595703125,7.8257946777343745,8.9147705078125,1.4872742891311646,0.7124237418174744
9.69512939453125,9.758421630859376,8.9147705078125,3.2351906299591064,0.832388162612915
9.69512939453125,7.8257946777343745,8.9292724609375,3.145216464996338,0.807769775390625
4.66110595703125,9.758421630859376,8.9292724609375,1.5563807487487793,0.7492623329162598
7.1976293945312495,0.32954467773437496,1.4897705078125,0.25460362434387207,0.02182275429368019
7.15860595703125,0.32954467773437496,1.4897705078125,0.2546028196811676,0.021845219656825066
7.1976293945312495,7.2596716308593745,1.4897705078125,1.276586890220642,0.4018338620662689
7.1976293945312495,0.32954467773437496,6.4542724609375,0.27951857447624207,0.03301103413105011
7.15860595703125,7.2596716308593745,6.4542724609375,2.17138671875,0.7246685028076172
2.20262939453125,5.327044677734374,6.4397705078125,0.5762157440185547,0.4421824514865875
2.16360595703125,5.327044677734374,6.4397705078125,0.5672501921653748,0.43936070799827576
2.20262939453125,2.262171630859375,6.4397705078125,0.3463500142097473,0.20002271234989166
2.20262939453125,5.327044677734374,1.5042724609375002,0.3057061433792114,0.18400615453720093
2.16360595703125,2.262171630859375,1.5042724609375002,0.26567742228507996,0.11091334372758865
1.57825439453125,4.702357177734375,2.1085205078125,0.28957048058509827,0.20040343701839447
4.03673095703125,4.702357177734375,2.1085205078125,0.5596238374710083,0.26210907101631165
1.57825439453125,5.3856091308593745,2.1085205078125,0.2986076772212982,0.2179545909166336
1.57825439453125,4.702357177734375,0.8855224609375,0.2676936089992523,0.15951931476593018
4.03673095703125,5.3856091308593745,0.8855224609375,0.3427203893661499,0.13917899131774902
6.57325439453125,9.699857177734375,7.0585205078125,2.1273210048675537,0.7682282328605652
9.03173095703125,9.699857177734375,7.0585205078125,2.9431731700897217,0.8054898381233215
6.57325439453125,0.388109130859375,7.0585205078125,0.2865539789199829,0.04018247500061989
6.57325439453125,9.699857177734375,5.8355224609375,2.0702602863311768,0.7457956075668335
9.03173095703125,0.388109130859375,5.8355224609375,0.3005790710449219,0.03906698524951935
9.07075439453125,2.2036071777343746,4.5835205078125,1.6815593242645264,0.4358345568180084
1.5392309570312501,2.2036071777343746,4.5835205078125,0.28150808811187744,0.1558762788772583
9.07075439453125,2.8868591308593747,4.5835205078125,1.94539475440979,0.5115339159965515
9.07075439453125,2.2036071777343746,8.3105224609375,2.0893349647521973,0.553902268409729
1.5392309570312501,2.8868591308593747,8.3105224609375,0.34533900022506714,0.2546388804912567
4.07575439453125,7.201107177734374,9.5335205078125,1.2871837615966797,0.6836840510368347
6.53423095703125,7.201107177734374,9.5335205078125,2.078186511993408,0.7532603740692139
4.07575439453125,7.884359130859374,9.5335205078125,1.3161636590957642,0.7010332942008972
4.07575439453125,7.201107177734374,3.3605224609375,0.9733971357345581,0.49958330392837524
6.53423095703125,7.884359130859374,3.3605224609375,1.717505693435669,0.611289918422699
2.82700439453125,0.954232177734375,5.8210205078124995,0.2804182171821594,0.08445627987384796
5.2854809570312495,0.954232177734375,5.8210205078124995,0.3555629253387451,0.09994874894618988
2.82700439453125,9.133734130859375,5.8210205078124995,0.8752476572990417,0.6044291257858276
2.82700439453125,0.954232177734375,2.1230224609375004,0.25963452458381653,0.06288141757249832
5.2854809570312495,9.133734130859375,2.1230224609375004,1.1776009798049927,0.49088218808174133
7.82200439453125,5.951732177734375,0.8710205078125,0.8715628385543823,0.24060064554214478
0.29048095703125004,5.951732177734375,0.8710205078125,0.24955415725708008,0.22475013136863708
7.82200439453125,4.136234130859375,0.8710205078125,0.5956239104270935,0.15406319499015808
7.82200439453125,5.951732177734375,7.0730224609375,2.3212647438049316,0.7160822749137878
0.29048095703125004,4.136234130859375,7.0730224609375,0.25847363471984863,0.2577042579650879
5.32450439453125,3.4529821777343748,8.2960205078125,1.3162508010864258,0.5497547388076782
7.78298095703125,3.4529821777343748,8.2960205078125,2.050255298614502,0.6287294030189514
5.32450439453125,1.6374841308593748,8.2960205078125,0.8432504534721375,0.32736608386039734
5.32450439453125,3.4529821777343748,9.5480224609375,1.3591746091842651,0.5699454545974731
7.78298095703125,1.6374841308593748,9.5480224609375,1.5262279510498047,0.45407789945602417
0.32950439453125,8.450482177734376,3.3460205078125003,0.2624364197254181,0.3328137695789337
2.78798095703125,8.450482177734376,3.3460205078125003,0.695380449295044,0.4680388271808624
0.32950439453125,6.634984130859374,3.3460205078125003,0.2584455609321594,0.2935817539691925
0.32950439453125,8.450482177734376,4.5980224609375,0.2683272957801819,0.3572634756565094
2.78798095703125,6.634984130859374,4.5980224609375,0.7113677859306335,0.47825130820274353
0.48559814453125,0.7980603027343749,0.7163330078125,0.245743989944458,0.04973218962550163
2.00751220703125,0.7980603027343749,0.7163330078125,0.2495666742324829,0.046203937381505966
0.48559814453125,4.604749755859374,0.7163330078125,0.2506606876850128,0.18298658728599548
0.48559814453125,0.7980603027343749,3.2058349609375,0.24760600924491882,0.06179574504494667
2.00751220703125,4.604749755859374,3.2058349609375,0.3564423620700836,0.24760375916957855
5.48059814453125,5.7955603027343745,5.6663330078125,1.492287039756775,0.6165751814842224
7.00251220703125,5.7955603027343745,5.6663330078125,1.9593050479888916,0.6613949537277222
5.48059814453125,9.602249755859376,5.6663330078125,1.7053426504135132,0.7148046493530273
5.48059814453125,5.7955603027343745,8.1558349609375,1.6112401485443115,0.6712290048599243
7.00251220703125,9.602249755859376,8.1558349609375,2.3032329082489014,0.7888711094856262
7.97809814453125,3.2968103027343747,3.1913330078125,1.4726399183273315,0.4260178804397583
4.50501220703125,3.2968103027343747,3.1913330078125,0.6625604033470154,0.2896787226200104
7.97809814453125,7.103499755859374,3.1913330078125,2.05544114112854,0.6150069236755371
7.97809814453125,3.2968103027343747,5.6808349609375,1.890367031097412,0.561346709728241
4.50501220703125,7.103499755859374,5.6808349609375,1.287269115447998,0.6255921721458435
2.9830981445312497,8.294310302734376,8.1413330078125,0.9621710777282715,0.6435566544532776
9.50001220703125,8.294310302734376,8.1413330078125,3.078434467315674,0.8050433397293091
2.9830981445312497,2.105999755859375,8.1413330078125,0.47944581508636475,0.2626771926879883
2.9830981445312497,8.294310302734376,0.7308349609375,0.3336808383464813,0.17383582890033722
9.50001220703125,2.105999755859375,0.7308349609375,0.3226476013660431,0.05773182585835457
4.2318481445312495,4.546185302734375,6.9038330078125,1.0813833475112915,0.5422573089599609
8.25126220703125,4.546185302734375,6.9038330078125,2.295414924621582,0.6720450520515442
4.2318481445312495,0.8566247558593749,6.9038330078125,0.31436413526535034,0.08780721575021744
4.2318481445312495,4.546185302734375,4.4433349609374995,0.9224067330360413,0.45243820548057556
8.25126220703125,0.8566247558593749,4.4433349609374995,0.45046430826187134,0.0995933786034584
9.22684814453125,9.543685302734374,1.9538330078125001,2.2294325828552246,0.5836568474769592
3.25626220703125,9.543685302734374,1.9538330078125001,0.6636291146278381,0.39089325070381165
9.22684814453125,5.854124755859375,1.9538330078125001,1.8465919494628906,0.47500601410865784
9.22684814453125,9.543685302734374,9.3933349609375,3.0820696353912354,0.8290860056877136
3.25626220703125,5.854124755859375,9.3933349609375,0.9672162532806396,0.5997622609138489
6.72934814453125,2.0474353027343746,9.3788330078125,1.417257308959961,0.47988423705101013
5.75376220703125,2.0474353027343746,9.3788330078125,1.1541962623596191,0.440244197845459
6.72934814453125,8.352874755859375,9.3788330078125,2.1951441764831543,0.7775493264198303
6.72934814453125,2.0474353027343746,6.9183349609375,1.2763181924819946,0.42651984095573425
5.75376220703125,8.352874755859375,6.9183349609375,1.7993638515472412,0.7247664332389832
1.73434814453125,7.044935302734374,4.4288330078125,0.46443191170692444,0.404678076505661
0.7587622070312501,7.044935302734374,4.4288330078125,0.299285888671875,0.3315005898475647
1.73434814453125,3.3553747558593745,4.4288330078125,0.32236093282699585,0.2197699248790741
1.73434814453125,7.044935302734374,1.9683349609375003,0.3285627067089081,0.2503456771373749
0.7587622070312501,3.3553747558593745,1.9683349609375003,0.2566964328289032,0.17100279033184052
2.35872314453125,2.672122802734375,9.9975830078125,0.48417234420776367,0.3218993842601776
2.63188720703125,2.672122802734375,9.9975830078125,0.5421732068061829,0.34557682275772095
2.35872314453125,8.977562255859375,9.9975830078125,0.8221177458763123,0.6491217613220215
2.35872314453125,2.672122802734375,0.1120849609375,0.25556451082229614,0.08563532680273056
2.63188720703125,8.977562255859375,0.1120849609375,0.2815415561199188,0.1381099373102188
7.35372314453125,7.6696228027343745,5.0475830078124995,2.1632649898529053,0.7032980918884277
7.62688720703125,7.6696228027343745,5.0475830078124995,2.2493371963500977,0.7086827754974365
7.35372314453125,3.980062255859375,5.0475830078124995,1.7753407955169678,0.5664422512054443
7.35372314453125,7.6696228027343745,5.0620849609375,2.1643102169036865,0.7036779522895813
7.62688720703125,3.980062255859375,5.0620849609375,1.857369065284729,0.574863851070404
9.85122314453125,0.173372802734375,7.5225830078125,0.27050676941871643,0.01808510348200798
0.13438720703125,0.173372802734375,7.5225830078125,0.24541200697422028,0.016928358003497124
9.85122314453125,1.4813122558593748,7.5225830078125,1.844416856765747,0.4459596574306488
9.85122314453125,0.173372802734375,7.5370849609375,0.270554780960083,0.01809615269303322
0.13438720703125,1.4813122558593748,7.5370849609375,0.24738256633281708,0.1211794838309288
4.85622314453125,5.170872802734374,2.5725830078125003,0.8775523900985718,0.3787951171398163
5.12938720703125,5.170872802734374,2.5725830078125003,0.9405283331871033,0.39025214314460754
4.85622314453125,6.478812255859374,2.5725830078125003,0.9976081848144531,0.4392147958278656
4.85622314453125,5.170872802734374,2.5870849609375,0.8805797100067139,0.3802940249443054
5.12938720703125,6.478812255859374,2.5870849609375,1.0693984031677246,0.4520430862903595
3.60747314453125,1.4227478027343747,3.8100830078125,0.30263444781303406,0.10470854490995407
6.37813720703125,1.4227478027343747,3.8100830078125,0.5275365114212036,0.1575697511434555
3.60747314453125,5.2294372558593745,3.8100830078125,0.7674171328544617,0.4206981062889099
3.60747314453125,1.4227478027343747,1.3495849609375001,0.26556235551834106,0.07241172343492508
6.37813720703125,5.2294372558593745,1.3495849609375001,0.8077160716056824,0.2679148316383362
8.60247314453125,6.420247802734375,8.7600830078125,2.685229539871216,0.7652010917663574
1.38313720703125,6.420247802734375,8.7600830078125,0.4662071466445923,0.4677596986293793
8.60247314453125,0.231937255859375,8.7600830078125,0.2815934717655182,0.025748495012521744
8.60247314453125,6.420247802734375,6.2995849609375,2.5673303604125977,0.7287184000015259
1.38313720703125,0.231937255859375,6.2995849609375,0.24861980974674225,0.021947646513581276
6.10497314453125,3.9214978027343745,1.3350830078125002,0.5644516348838806,0.18256531655788422
8.87563720703125,3.9214978027343745,1.3350830078125002,1.0345522165298462,0.25875744223594666
6.10497314453125,2.7306872558593747,1.3350830078125002,0.36660531163215637,0.10499412566423416
6.10497314453125,3.9214978027343745,8.7745849609375,1.6352981328964233,0.6170619130134583
8.87563720703125,2.7306872558593747,8.7745849609375,2.2382447719573975,0.6098082661628723
1.10997314453125,8.918997802734376,6.2850830078125,0.41722169518470764,0.47116169333457947
3.88063720703125,8.918997802734376,6.2850830078125,1.204304575920105,0.6632941365242004
1.10997314453125,7.728187255859375,6.2850830078125,0.39631780982017517,0.4340817332267761
1.10997314453125,8.918997802734376,3.8245849609375004,0.3583815395832062,0.38158532977104187
3.88063720703125,7.728187255859375,3.8245849609375004,1.0003429651260376,0.538087010383606
0.79778564453125,4.233841552734375,4.7382080078125,0.2793378531932831,0.24685798585414886
6.06594970703125,4.233841552734375,4.7382080078125,1.411314845085144,0.5270673036575317
0.79778564453125,2.4183435058593745,4.7382080078125,0.2634739875793457,0.16620877385139465
0.79778564453125,4.233841552734375,6.6089599609375,0.29228439927101135,0.27435770630836487
6.06594970703125,2.4183435058593745,6.6089599609375,1.2063199281692505,0.441191703081131
5.79278564453125,9.231341552734374,9.6882080078125,1.926209807395935,0.775888979434967
1.0709497070312501,9.231341552734374,9.6882080078125,0.45503538846969604,0.5404052138328552
5.79278564453125,7.415843505859375,9.6882080078125,1.8512970209121704,0.7429810166358948
5.79278564453125,9.231341552734374,1.6589599609375,1.1647025346755981,0.4455740749835968
1.0709497070312501,7.415843505859375,1.6589599609375,0.28063446283340454,0.24746647477149963
8.29028564453125,1.7350915527343747,2.2632080078125,0.6155704259872437,0.1510782092809677
8.56344970703125,1.7350915527343747,2.2632080078125,0.6585664749145508,0.15878047049045563
8.29028564453125,9.914593505859376,2.2632080078125,2.1053473949432373,0.6084803938865662
8.29028564453125,1.7350915527343747,4.1339599609375,1.152625322341919,0.3118961751461029
8.56344970703125,9.914593505859376,4.1339599609375,2.5804083347320557,0.7355742454528809
3.29528564453125,6.732591552734374,7.2132080078125,0.9703463315963745,0.5969045758247375
3.5684497070312498,6.732591552734374,7.2132080078125,1.0512080192565918,0.6109906435012817
3.29528564453125,4.917093505859374,7.2132080078125,0.8622450828552246,0.5190743207931519
3.29528564453125,6.732591552734374,9.0839599609375,1.0171958208084106,0.6296961903572083
3.5684497070312498,4.917093505859374,9.0839599609375,0.9921582937240601,0.5703974366188049
4.54403564453125,0.485716552734375,8.4507080078125,0.2844865322113037,0.0515829473733902
4.81719970703125,0.485716552734375,8.4507080078125,0.2883562445640564,0.05223401263356209
4.54403564453125,3.6677185058593746,8.4507080078125,1.1302062273025513,0.5343785881996155
4.54403564453125,0.485716552734375,5.3714599609375,0.27059534192085266,0.04421034827828407
4.81719970703125,3.6677185058593746,5.3714599609375,1.0444029569625854,0.4637085795402527
9.53903564453125,5.483216552734374,3.5007080078125004,2.4104738235473633,0.6150321960449219
9.81219970703125,5.483216552734374,3.5007080078125004,2.492610216140747,0.620436429977417
9.53903564453125,8.665218505859375,3.5007080078125004,2.721311569213867,0.7014241814613342
9.53903564453125,5.483216552734374,0.42145996093750004,0.6574850678443909,0.14234234392642975
9.81219970703125,8.665218505859375,0.42145996093750004,1.068655014038086,0.24272586405277252
7.04153564453125,2.9844665527343746,5.9757080078125,1.5743728876113892,0.516923725605011
2.31969970703125,2.9844665527343746,5.9757080078125,0.4153456687927246,0.2669173777103424
7.04153564453125,6.166468505859374,5.9757080078125,2.0263895988464355,0.6826212406158447
7.04153564453125,2.9844665527343746,2.8964599609375004,1.0816302299499512,0.3396954834461212
2.31969970703125,6.166468505859374,2.8964599609375004,0.45464828610420227,0.31829142570495605
2.0465356445312497,7.981966552734375,1.0257080078125,0.307564377784729,0.20196861028671265
7.31469970703125,7.981966552734375,1.0257080078125,1.0975961685180664,0.33407795429229736
2.0465356445312497,1.1689685058593748,1.0257080078125,0.25268375873565674,0.06544685363769531
2.0465356445312497,7.981966552734375,7.8464599609375,0.6711923480033875,0.5688507556915283
7.31469970703125,1.1689685058593748,7.8464599609375,0.9853309392929077,0.29259559512138367
1.42216064453125,2.3597790527343747,5.3569580078125,0.28645357489585876,0.1728067845106125
9.18782470703125,2.3597790527343747,5.3569580078125,1.9065189361572266,0.4943227767944336
1.42216064453125,6.791156005859374,5.3569580078125,0.4213390052318573,0.4038020372390747
1.42216064453125,2.3597790527343747,9.7027099609375,0.3202953338623047,0.21854694187641144
9.18782470703125,6.791156005859374,9.7027099609375,2.9351274967193604,0.7902529835700989
6.41716064453125,7.357279052734374,0.4069580078125,0.47870054841041565,0.14262594282627106
4.19282470703125,7.357279052734374,0.4069580078125,0.32764238119125366,0.12642045319080353
6.41716064453125,1.7936560058593747,0.4069580078125,0.271614670753479,0.05404859781265259
6.41716064453125,7.357279052734374,4.7527099609375,1.8213531970977783,0.6631383299827576
4.19282470703125,1.7936560058593747,4.7527099609375,0.4474567472934723,0.18266916275024414
8.91466064453125,4.858529052734374,7.8319580078125,2.5992190837860107,0.7137895226478577
6.69032470703125,4.858529052734374,7.8319580078125,1.8933271169662476,0.6653314828872681
8.91466064453125,4.292406005859375,7.8319580078125,2.5222959518432617,0.6910256147384644
8.91466064453125,4.858529052734374,2.2777099609375,1.7516145706176758,0.4635012447834015
6.69032470703125,4.292406005859375,2.2777099609375,1.102442979812622,0.36482787132263184
3.91966064453125,9.856029052734375,2.8819580078125,0.9944555163383484,0.5309565663337708
1.69532470703125,9.856029052734375,2.8819580078125,0.44340500235557556,0.39403074979782104
3.91966064453125,9.289906005859375,2.8819580078125,0.9715310335159302,0.5169358849525452
3.91966064453125,9.856029052734375,7.2277099609375,1.2781920433044434,0.7028824090957642
1.69532470703125,9.289906005859375,7.2277099609375,0.5922002196311951,0.5628113746643066
2.67091064453125,3.6091540527343744,1.6444580078125002,0.2976295053958893,0.14658230543136597
0.44657470703125,3.6091540527343744,1.6444580078125002,0.2515207529067993,0.17913395166397095
2.67091064453125,8.040531005859375,1.6444580078125002,0.43968191742897034,0.27676522731781006
2.67091064453125,3.6091540527343744,8.4652099609375,0.625194787979126,0.4157959222793579
0.44657470703125,8.040531005859375,8.4652099609375,0.29822051525115967,0.4119352102279663
7.66591064453125,8.606654052734376,6.5944580078124995,2.419259786605835,0.763343870639801
5.44157470703125,8.606654052734376,6.5944580078124995,1.6972569227218628,0.7157462239265442
7.66591064453125,3.043031005859375,6.5944580078124995,1.8203622102737427,0.5597038865089417
7.66591064453125,8.606654052734376,3.5152099609375003,2.1343584060668945,0.6659437417984009
5.44157470703125,3.043031005859375,3.5152099609375003,0.8666701912879944,0.33496469259262085
5.16841064453125,1.1104040527343748,4.1194580078125,0.3276394009590149,0.0914178118109703
2.94407470703125,1.1104040527343748,4.1194580078125,0.27752724289894104,0.0860973596572876
5.16841064453125,0.544281005859375,4.1194580078125,0.2726411819458008,0.04554862529039383
5.16841064453125,1.1104040527343748,1.0402099609375002,0.26458799839019775,0.053117699921131134
2.94407470703125,0.544281005859375,1.0402099609375002,0.24957653880119324,0.03407091274857521
0.17341064453125002,6.107904052734375,9.0694580078125,0.2591494619846344,0.3385530710220337
7.93907470703125,6.107904052734375,9.0694580078125,2.4541642665863037,0.7500166893005371
0.17341064453125002,5.541781005859375,9.0694580078125,0.2572019398212433,0.3189259171485901
0.17341064453125002,6.107904052734375,5.9902099609374995,0.255260705947876,0.313980370759964
7.93907470703125,5.541781005859375,5.9902099609374995,2.252241373062134,0.683014452457428
0.25145751953125,2.1255212402343746,4.1968017578125,0.24846096336841583,0.14574630558490753
4.11477783203125,2.1255212402343746,4.1968017578125,0.47444891929626465,0.20306676626205444
0.25145751953125,9.680335693359375,4.1968017578125,0.2623021602630615,0.3715883195400238
0.25145751953125,2.1255212402343746,8.0784912109375,0.25154930353164673,0.16415943205356598
4.11477783203125,9.680335693359375,8.0784912109375,1.358295202255249,0.7204258441925049
5.2464575195312495,7.123021240234374,9.1468017578125,1.6472188234329224,0.716092586517334
9.10977783203125,7.123021240234374,9.1468017578125,2.914247989654541,0.7906668782234192
5.2464575195312495,4.682835693359374,9.1468017578125,1.4751852750778198,0.6334449648857117
5.2464575195312495,7.123021240234374,3.1284912109375003,1.2543672323226929,0.5296002626419067
9.10977783203125,4.682835693359374,3.1284912109375003,2.0645315647125244,0.5433841943740845
7.74395751953125,4.624271240234375,1.7218017578125002,1.172480821609497,0.3402326703071594
1.61727783203125,4.624271240234375,1.7218017578125002,0.28258755803108215,0.18559136986732483
7.74395751953125,2.184085693359375,1.7218017578125002,0.52860426902771,0.13439349830150604
7.74395751953125,4.624271240234375,0.6534912109375,0.5166617631912231,0.13100457191467285
1.61727783203125,2.184085693359375,0.6534912109375,0.253648579120636,0.0972910150885582
2.74895751953125,9.621771240234375,6.6718017578125,0.893176257610321,0.6331389546394348
6.61227783203125,9.621771240234375,6.6718017578125,2.1216092109680176,0.761705219745636
2.74895751953125,7.1815856933593745,6.6718017578125,0.8152450323104858,0.5677542686462402
2.74895751953125,9.621771240234375,5.6034912109374995,0.8583062887191772,0.6049787998199463
6.61227783203125,7.1815856933593745,5.6034912109374995,1.939379096031189,0.6906037926673889
3.9977075195312497,3.3748962402343747,7.9093017578125,0.9202641844749451,0.4722362756729126
5.36352783203125,3.3748962402343747,7.9093017578125,1.299269199371338,0.5381028652191162
3.9977075195312497,5.932210693359375,7.9093017578125,1.1572179794311523,0.6166101694107056
3.9977075195312497,3.3748962402343747,9.3159912109375,0.9643891453742981,0.4984833300113678
5.36352783203125,5.932210693359375,9.3159912109375,1.6181696653366089,0.6879873275756836
8.99270751953125,8.372396240234375,2.9593017578125003,2.412567615509033,0.6520004272460938
0.36852783203125,8.372396240234375,2.9593017578125003,0.26344844698905945,0.3235517740249634
8.99270751953125,0.934710693359375,2.9593017578125003,0.36763861775398254,0.07061244547367096
8.99270751953125,8.372396240234375,4.3659912109375,2.660245418548584,0.7250641584396362
0.36852783203125,0.934710693359375,4.3659912109375,0.24760344624519348,0.07482244819402695
6.49520751953125,0.8761462402343749,5.4343017578124995,0.38646113872528076,0.09706750512123108
7.86102783203125,0.8761462402343749,5.4343017578124995,0.5554381012916565,0.13637606799602509
6.49520751953125,3.4334606933593745,5.4343017578124995,1.4683525562286377,0.5164305567741394
6.49520751953125,0.8761462402343749,1.8909912109375002,0.2766575515270233,0.050815172493457794
7.86102783203125,3.4334606933593745,1.8909912109375002,1.0235648155212402,0.28753378987312317
1.50020751953125,5.8736462402343745,0.48430175781250007,0.2645396590232849,0.16200439631938934
2.86602783203125,5.8736462402343745,0.48430175781250007,0.28563618659973145,0.1319499909877777
1.50020751953125,8.430960693359376,0.48430175781250007,0.27275314927101135,0.18892017006874084
1.50020751953125,5.8736462402343745,6.8409912109375,0.4453563690185547,0.4159140884876251
2.86602783203125,8.430960693359376,6.8409912109375,0.8992310762405396,0.6157930493354797
2.1245825195312498,3.9995837402343746,6.0530517578125,0.46628713607788086,0.3409363627433777
0.9929028320312501,3.9995837402343746,6.0530517578125,0.30038022994995117,0.2624366581439972
2.1245825195312498,4.058148193359375,6.0530517578125,0.47029054164886475,0.34518861770629883
2.1245825195312498,3.9995837402343746,6.2222412109375,0.47124671936035156,0.34578007459640503
0.9929028320312501,4.058148193359375,6.2222412109375,0.30327221751213074,0.2683802843093872
7.11958251953125,8.997083740234375,1.1030517578125,1.1865386962890625,0.37438952922821045
5.98790283203125,8.997083740234375,1.1030517578125,0.9475690126419067,0.3422812819480896
7.11958251953125,9.055648193359374,1.1030517578125,1.1914646625518799,0.37612324953079224
7.11958251953125,8.997083740234375,1.2722412109375,1.2865822315216064,0.4098368287086487
5.98790283203125,9.055648193359374,1.2722412109375,1.0357228517532349,0.3786163628101349
9.61708251953125,1.5008337402343748,8.5280517578125,1.8783354759216309,0.46589750051498413
3.4904028320312497,1.5008337402343748,8.5280517578125,0.43334126472473145,0.19561134278774261
9.61708251953125,6.556898193359374,8.5280517578125,3.0222251415252686,0.780119001865387
9.61708251953125,1.5008337402343748,3.7472412109375,1.1906061172485352,0.28040412068367004
3.4904028320312497,6.556898193359374,3.7472412109375,0.8234714865684509,0.47116217017173767
4.62208251953125,6.498333740234375,3.5780517578125,1.1035369634628296,0.5144047141075134
8.48540283203125,6.498333740234375,3.5780517578125,2.228473663330078,0.6328555941581726
4.62208251953125,1.5593981933593748,3.5780517578125,0.3515578806400299,0.11827344447374344
4.62208251953125,6.498333740234375,8.6972412109375,1.4042482376098633,0.6733088493347168
8.48540283203125,1.5593981933593748,8.6972412109375,1.6214070320129395,0.4470328390598297
3.37333251953125,0.251458740234375,2.3405517578125004,0.24964310228824615,0.01964540407061577
9.73415283203125,0.251458740234375,2.3405517578125004,0.25870281457901,0.018596526235342026
3.37333251953125,0.310023193359375,2.3405517578125004,0.25069573521614075,0.02386680245399475
3.37333251953125,0.251458740234375,7.4597412109375,0.2555292248725891,0.024781469255685806
9.73415283203125,0.310023193359375,7.4597412109375,0.3024289309978485,0.03449036180973053
8.36833251953125,5.248958740234374,7.2905517578125,2.4403553009033203,0.7085801362991333
4.73915283203125,5.248958740234374,7.2905517578125,1.3092539310455322,0.608426034450531
8.36833251953125,5.3075231933593745,7.2905517578125,2.4462010860443115,0.7104310393333435
8.36833251953125,5.248958740234374,2.5097412109375004,1.7604281902313232,0.49559715390205383
4.73915283203125,5.3075231933593745,2.5097412109375004,0.8505476713180542,0.3736777603626251
5.87083251953125,2.750208740234375,4.8155517578125,1.0813496112823486,0.4021057188510895
7.2366528320312495,2.750208740234375,4.8155517578125,1.43532395362854,0.4544048011302948
5.87083251953125,7.806273193359374,4.8155517578125,1.685375452041626,0.6619288921356201
5.87083251953125,2.750208740234375,4.9847412109375,1.1013802289962769,0.4105308949947357
7.2366528320312495,7.806273193359374,4.9847412109375,2.1284966468811035,0.7016727924346924
0.8758325195312501,7.7477087402343745,9.7655517578125,0.3862020969390869,0.47349897027015686
2.24165283203125,7.7477087402343745,9.7655517578125,0.7511431574821472,0.6062512993812561
0.8758325195312501,2.8087731933593747,9.7655517578125,0.29126498103141785,0.22979424893856049
0.8758325195312501,7.7477087402343745,9.9347412109375,0.38715600967407227,0.4752856194972992
2.24165283203125,2.8087731933593747,9.9347412109375,0.4752524793148041,0.3266487121582031
1.18802001953125,3.0625524902343746,0.7936767578125,0.2546612620353699,0.1301935464143753
7.54884033203125,3.0625524902343746,0.7936767578125,0.356717973947525,0.08356797695159912
1.18802001953125,7.493929443359375,0.7936767578125,0.2696293294429779,0.20717664062976837
1.18802001953125,3.0625524902343746,2.2003662109375,0.26459914445877075,0.1600467413663864
7.54884033203125,7.493929443359375,2.2003662109375,1.6915349960327148,0.5240800380706787
6.18302001953125,8.060052490234375,5.7436767578125,1.8643258810043335,0.7045244574546814
2.5538403320312497,8.060052490234375,5.7436767578125,0.7603549957275391,0.5563825368881226
6.18302001953125,2.4964294433593746,5.7436767578125,1.1884877681732178,0.4262735843658447
6.18302001953125,8.060052490234375,7.1503662109374995,1.9342349767684937,0.7334994077682495
2.5538403320312497,2.4964294433593746,7.1503662109374995,0.4363213777542114,0.26238757371902466
8.68052001953125,0.563802490234375,3.2686767578125,0.2916576564311981,0.0428406223654747
5.05134033203125,0.563802490234375,3.2686767578125,0.26767969131469727,0.043725404888391495
8.68052001953125,4.995179443359374,3.2686767578125,2.030449151992798,0.5592548251152039
8.68052001953125,0.563802490234375,9.6253662109375,0.552370011806488,0.11976153403520584
5.05134033203125,4.995179443359374,9.6253662109375,1.4563015699386597,0.6465575098991394
3.68552001953125,5.561302490234374,8.2186767578125,1.049127459526062,0.5920160412788391
0.05634033203125,5.561302490234374,8.2186767578125,0.24824227392673492,0.3094293773174286
3.68552001953125,9.992679443359375,8.2186767578125,1.2331970930099487,0.7124629020690918
3.68552001953125,5.561302490234374,4.6753662109375,0.8885218501091003,0.48976460099220276
0.05634033203125,9.992679443359375,4.6753662109375,0.24824029207229614,0.3818318545818329
4.93427001953125,1.8131774902343747,6.9811767578124995,0.755420446395874,0.307966411113739
1.3050903320312501,1.8131774902343747,6.9811767578124995,0.2793445885181427,0.15040792524814606
4.93427001953125,8.743304443359374,6.9811767578124995,1.5562776327133179,0.7115463018417358
4.93427001953125,1.8131774902343747,0.9628662109375,0.27663931250572205,0.07119900733232498
1.3050903320312501,8.743304443359374,0.9628662109375,0.2805078625679016,0.22525472939014435
9.92927001953125,6.810677490234374,2.0311767578125,2.203451156616211,0.5362063050270081
6.30009033203125,6.810677490234374,2.0311767578125,1.2425774335861206,0.44227951765060425
9.92927001953125,3.7458044433593747,2.0311767578125,1.638575792312622,0.387516051530838
9.92927001953125,6.810677490234374,5.9128662109375,3.002223014831543,0.7504865527153015
6.30009033203125,3.7458044433593747,5.9128662109375,1.512380599975586,0.5492459535598755
7.43177001953125,4.311927490234375,9.4561767578125,2.123471260070801,0.6828097105026245
3.80259033203125,4.311927490234375,9.4561767578125,1.0182592868804932,0.5556183457374573
7.43177001953125,1.2470544433593749,9.4561767578125,1.1754573583602905,0.3532401919364929
7.43177001953125,4.311927490234375,8.3878662109375,2.0832386016845703,0.6686221957206726
3.80259033203125,1.2470544433593749,8.3878662109375,0.39731016755104065,0.15698860585689545
2.43677001953125,9.309427490234375,4.5061767578125,0.711320698261261,0.5355876088142395
8.79759033203125,9.309427490234375,4.5061767578125,2.6682586669921875,0.7430952787399292
2.43677001953125,6.244554443359374,4.5061767578125,0.5985476970672607,0.4319668710231781
2.43677001953125,9.309427490234375,3.4378662109375,0.642432451248169,0.4752686023712158
8.79759033203125,6.244554443359374,3.4378662109375,2.268399477005005,0.6229512691497803
1.8123950195312502,1.1884899902343748,8.8374267578125,0.2833058536052704,0.11433876305818558
6.92446533203125,1.1884899902343748,8.8374267578125,0.976268470287323,0.30458611249923706
1.8123950195312502,1.8717419433593747,8.8374267578125,0.3183358907699585,0.17980152368545532
1.8123950195312502,1.1884899902343748,4.0566162109375,0.2636260688304901,0.09043927490711212
6.92446533203125,1.8717419433593747,4.0566162109375,0.9095299243927002,0.2823182940483093
6.80739501953125,6.185989990234375,3.8874267578125004,1.7464120388031006,0.5987751483917236
1.92946533203125,6.185989990234375,3.8874267578125004,0.4493703246116638,0.357776015996933
6.80739501953125,6.869241943359374,3.8874267578125004,1.8063405752182007,0.6214155554771423
6.80739501953125,6.185989990234375,9.0066162109375,2.089275360107422,0.7289841175079346
1.92946533203125,6.869241943359374,9.0066162109375,0.6251751184463501,0.5428153276443481
9.30489501953125,3.6872399902343744,6.3624267578125,2.439338445663452,0.6390513777732849
9.42196533203125,3.6872399902343744,6.3624267578125,2.475301504135132,0.6414332389831543
9.30489501953125,9.367991943359375,6.3624267578125,2.9841878414154053,0.7942694425582886
9.30489501953125,3.6872399902343744,6.5316162109375,2.4532811641693115,0.6430644392967224
9.42196533203125,9.367991943359375,6.5316162109375,3.033184766769409,0.7985368371009827
4.3098950195312495,8.684739990234375,1.4124267578125,0.7155702710151672,0.33463719487190247
4.42696533203125,8.684739990234375,1.4124267578125,0.7387896180152893,0.3391398787498474
4.3098950195312495,4.370491943359375,1.4124267578125,0.4065576493740082,0.16561190783977509
4.3098950195312495,8.684739990234375,1.5816162109375,0.7664910554885864,0.36252111196517944
4.42696533203125,4.370491943359375,1.5816162109375,0.4638614058494568,0.19161733984947205
3.0611450195312497,4.936614990234374,2.6499267578125,0.4925951063632965,0.28197434544563293
3.17821533203125,4.936614990234374,2.6499267578125,0.5135126113891602,0.2882302403450012
3.0611450195312497,3.121116943359375,2.6499267578125,0.34754398465156555,0.17107027769088745
3.0611450195312497,4.936614990234374,2.8191162109375,0.5134692788124084,0.2969840168952942
3.17821533203125,3.121116943359375,2.8191162109375,0.37057921290397644,0.18291732668876648
8.05614501953125,9.934114990234375,7.5999267578125,2.6481451988220215,0.8025991320610046
8.17321533203125,9.934114990234375,7.5999267578125,2.6872503757476807,0.8041762709617615
8.05614501953125,8.118616943359376,7.5999267578125,2.5672922134399414,0.7763024568557739
8.05614501953125,9.934114990234375,7.7691162109375,2.6541428565979004,0.8045629262924194
8.17321533203125,8.118616943359376,7.7691162109375,2.613208770751953,0.7804091572761536
5.55864501953125,2.4378649902343748,0.1749267578125,0.268625944852829,0.06020855903625488
0.68071533203125,2.4378649902343748,0.1749267578125,0.24761562049388885,0.10548680275678635
5.55864501953125,5.619866943359375,0.1749267578125,0.3045971989631653,0.08634371310472488
5.55864501953125,2.4378649902343748,5.2941162109375,0.9714232683181763,0.3736405670642853
0.68071533203125,5.619866943359375,5.2941162109375,0.2873145341873169,0.3031919002532959
0.56364501953125,7.435364990234374,5.1249267578125,0.2883637845516205,0.3495563864707947
5.67571533203125,7.435364990234374,5.1249267578125,1.6282949447631836,0.6575856804847717
0.56364501953125,0.6223669433593749,5.1249267578125,0.24750275909900665,0.053261056542396545
0.56364501953125,7.435364990234374,0.3441162109375,0.25264328718185425,0.21328815817832947
5.67571533203125,0.6223669433593749,0.3441162109375,0.2526209354400635,0.02957441657781601
0.40755126953125004,4.468099365234375,8.6827392578125,0.27113205194473267,0.2879062592983246
8.95368408203125,4.468099365234375,8.6827392578125,2.600247859954834,0.7112423181533813
0.40755126953125004,8.274788818359376,8.6827392578125,0.2942419946193695,0.41621485352516174
0.40755126953125004,4.468099365234375,1.4269287109375002,0.25156646966934204,0.20063470304012299
8.95368408203125,8.274788818359376,1.4269287109375002,1.7627029418945312,0.46502622961997986
5.40255126953125,9.465599365234375,3.7327392578125003,1.5182949304580688,0.6374807953834534
3.9586840820312497,9.465599365234375,3.7327392578125003,1.0904731750488281,0.5835828185081482
5.40255126953125,3.2772888183593745,3.7327392578125003,0.941608726978302,0.37115275859832764
5.40255126953125,9.465599365234375,6.3769287109374995,1.7092888355255127,0.7261806130409241
3.9586840820312497,3.2772888183593745,6.3769287109374995,0.8292669057846069,0.42172542214393616
7.90005126953125,1.9693493652343748,6.2077392578124995,1.4874495267868042,0.43479037284851074
6.45618408203125,1.9693493652343748,6.2077392578124995,1.1173416376113892,0.3813248574733734
7.90005126953125,0.778538818359375,6.2077392578124995,0.5264647006988525,0.12563425302505493
7.90005126953125,1.9693493652343748,8.8519287109375,1.6852712631225586,0.499712198972702
6.45618408203125,0.778538818359375,8.8519287109375,0.48937976360321045,0.13419964909553528
2.90505126953125,6.966849365234374,1.2577392578125002,0.36958685517311096,0.20479297637939453
1.46118408203125,6.966849365234374,1.2577392578125002,0.28468385338783264,0.21277691423892975
2.90505126953125,5.776038818359375,1.2577392578125002,0.3346112072467804,0.17584797739982605
2.90505126953125,6.966849365234374,3.9019287109375003,0.7094458937644958,0.46172434091567993
1.46118408203125,5.776038818359375,3.9019287109375003,0.35443028807640076,0.3066180348396301
4.15380126953125,0.719974365234375,4.9702392578125,0.28056594729423523,0.06282252818346024
0.21243408203125003,0.719974365234375,4.9702392578125,0.24554423987865448,0.060332152992486954
4.15380126953125,7.025413818359374,4.9702392578125,1.1342813968658447,0.5836281180381775
4.15380126953125,0.719974365234375,0.18942871093750002,0.25050875544548035,0.03347357362508774
0.21243408203125003,7.025413818359374,0.18942871093750002,0.24762289226055145,0.2223311960697174
9.14880126953125,5.7174743652343745,9.9202392578125,2.8450794219970703,0.7675004601478577
5.2074340820312495,5.7174743652343745,9.9202392578125,1.568207859992981,0.6827945113182068
9.14880126953125,2.027913818359375,9.9202392578125,2.125359535217285,0.5599746704101562
9.14880126953125,5.7174743652343745,5.1394287109375,2.5763187408447266,0.6889102458953857
5.2074340820312495,2.027913818359375,5.1394287109375,0.7493866086006165,0.2918986678123474
6.65130126953125,3.2187243652343747,2.4952392578125,0.9415989518165588,0.30635958909988403
2.70993408203125,3.2187243652343747,2.4952392578125,0.32157620787620544,0.16510654985904694
6.65130126953125,4.526663818359374,2.4952392578125,1.1995230913162231,0.40340933203697205
6.65130126953125,3.2187243652343747,7.6144287109375,1.6292340755462646,0.5668398141860962
2.70993408203125,4.526663818359374,7.6144287109375,0.6891940236091614,0.4665081202983856
1.65630126953125,8.216224365234375,7.4452392578125,0.5622077584266663,0.534417450428009
7.70493408203125,8.216224365234375,7.4452392578125,2.450225830078125,0.7702779769897461
1.65630126953125,9.524163818359375,7.4452392578125,0.5901541113853455,0.56996750831604
1.65630126953125,8.216224365234375,2.6644287109375,0.38648301362991333,0.330435574054718
7.70493408203125,9.524163818359375,2.6644287109375,2.0274200439453125,0.6266052722930908
2.28067626953125,1.3446618652343747,1.8764892578125,0.2596011757850647,0.08098616451025009
5.83180908203125,1.3446618652343747,1.8764892578125,0.2936406433582306,0.07037122547626495
2.28067626953125,2.6526013183593746,1.8764892578125,0.27770835161209106,0.12991084158420563
2.28067626953125,1.3446618652343747,4.5206787109375,0.27761247754096985,0.10444687306880951
5.83180908203125,2.6526013183593746,4.5206787109375,1.0106377601623535,0.3744974732398987
7.27567626953125,6.342161865234375,6.8264892578125,2.165310859680176,0.7114315629005432
0.83680908203125,6.342161865234375,6.8264892578125,0.3293064534664154,0.3688868284225464
7.27567626953125,7.650101318359375,6.8264892578125,2.2523434162139893,0.7425463199615479
7.27567626953125,6.342161865234375,9.4706787109375,2.2661917209625244,0.7477014064788818
0.83680908203125,7.650101318359375,9.4706787109375,0.3741273880004883,0.4615657925605774
9.77317626953125,3.8434118652343745,4.3514892578125,2.3624260425567627,0.5878666639328003
8.32930908203125,3.8434118652343745,4.3514892578125,1.939403772354126,0.5536843538284302
9.77317626953125,5.151351318359374,4.3514892578125,2.596435308456421,0.651258111000061
9.77317626953125,3.8434118652343745,6.9956787109375,2.6662416458129883,0.6709610223770142
8.32930908203125,5.151351318359374,6.9956787109375,2.400430917739868,0.6991273760795593
4.77817626953125,8.840911865234375,9.3014892578125,1.5720953941345215,0.7407698035240173
3.33430908203125,8.840911865234375,9.3014892578125,1.1100786924362183,0.6895754933357239
4.77817626953125,0.153851318359375,9.3014892578125,0.2565935552120209,0.016173487529158592
4.77817626953125,8.840911865234375,2.0456787109375,1.0114984512329102,0.45369458198547363
3.33430908203125,0.153851318359375,2.0456787109375,0.24766652286052704,0.012046934105455875
3.5294262695312497,2.594036865234375,5.5889892578125,0.5724032521247864,0.2949201464653015
4.58305908203125,2.594036865234375,5.5889892578125,0.8053874373435974,0.3573894202709198
3.5294262695312497,1.4032263183593747,5.5889892578125,0.3374258875846863,0.1296461820602417
3.5294262695312497,2.594036865234375,3.2831787109375004,0.39144468307495117,0.17968420684337616
4.58305908203125,1.4032263183593747,3.2831787109375004,0.31652921438217163,0.09791769832372665
8.52442626953125,7.591536865234374,0.6389892578125,0.9826046228408813,0.2537376582622528
9.57805908203125,7.591536865234374,0.6389892578125,1.165724515914917,0.27456116676330566
8.52442626953125,6.400726318359374,0.6389892578125,0.851652979850769,0.2153068482875824
8.52442626953125,7.591536865234374,8.2331787109375,2.7172420024871826,0.7817751169204712
9.57805908203125,6.400726318359374,8.2331787109375,2.986111879348755,0.7731248736381531
6.02692626953125,0.095286865234375,8.0639892578125,0.2525957226753235,0.009709813632071018
2.0855590820312497,0.095286865234375,8.0639892578125,0.24751435220241547,0.009573342278599739
6.02692626953125,8.899476318359374,8.0639892578125,1.9513260126113892,0.7585092186927795
6.02692626953125,0.095286865234375,5.7581787109375,0.25068849325180054,0.009070396423339844
2.0855590820312497,8.899476318359374,5.7581787109375,0.6553442478179932,0.5468634963035583
1.03192626953125,5.092786865234374,3.1139892578125004,0.2855135500431061,0.24515026807785034
7.08055908203125,5.092786865234374,3.1139892578125004,1.557433009147644,0.5083480477333069
1.03192626953125,3.9019763183593748,3.1139892578125004,0.27450627088546753,0.20725058019161224
1.03192626953125,5.092786865234374,0.8081787109375,0.25960418581962585,0.17805708944797516
7.08055908203125,3.9019763183593748,0.8081787109375,0.43066269159317017,0.11391638964414597
0.71973876953125,0.407630615234375,6.5171142578125,0.2476499229669571,0.03755946084856987
3.0221215820312497,0.407630615234375,6.5171142578125,0.25955772399902344,0.03851449117064476
0.71973876953125,6.088382568359375,6.5171142578125,0.30626288056373596,0.3436752259731293
0.71973876953125,0.407630615234375,8.5425537109375,0.24848292768001556,0.03943696618080139
3.0221215820312497,6.088382568359375,8.5425537109375,0.8941133618354797,0.5832895040512085
5.71473876953125,5.405130615234374,1.5671142578125001,0.7955949306488037,0.291799932718277
8.01712158203125,5.405130615234374,1.5671142578125001,1.2806193828582764,0.36330875754356384
5.71473876953125,1.0908825683593748,1.5671142578125001,0.27556470036506653,0.05749121680855751
5.71473876953125,5.405130615234374,3.5925537109375,1.3094394207000732,0.5129274129867554
8.01712158203125,1.0908825683593748,3.5925537109375,0.49752309918403625,0.11826062947511673
8.21223876953125,2.9063806152343745,8.9921142578125,2.09429669380188,0.6113091707229614
0.52462158203125,2.9063806152343745,8.9921142578125,0.26823586225509644,0.21850112080574036
8.21223876953125,3.5896325683593746,8.9921142578125,2.2403364181518555,0.6578667759895325
8.21223876953125,2.9063806152343745,1.1175537109375002,0.523576557636261,0.12593166530132294
0.52462158203125,3.5896325683593746,1.1175537109375002,0.2506844103336334,0.16587425768375397
3.21723876953125,7.903880615234375,4.0421142578125,0.8453233242034912,0.5212543606758118
5.51962158203125,7.903880615234375,4.0421142578125,1.5095229148864746,0.6207621097564697
3.21723876953125,8.587132568359376,4.0421142578125,0.8723235130310059,0.5409698486328125
3.21723876953125,7.903880615234375,6.0675537109375,0.9581873416900635,0.6013393998146057
5.51962158203125,8.587132568359376,6.0675537109375,1.6964231729507446,0.7060398459434509
4.46598876953125,4.155755615234375,0.3296142578125,0.28462159633636475,0.08961592614650726
6.76837158203125,4.155755615234375,0.3296142578125,0.313629686832428,0.07592162489891052
4.46598876953125,9.836507568359375,0.3296142578125,0.37563636898994446,0.14609304070472717
4.46598876953125,4.155755615234375,9.7800537109375,1.203126311302185,0.5829973816871643
6.76837158203125,9.836507568359375,9.7800537109375,2.2731635570526123,0.803090512752533
9.46098876953125,9.153255615234375,5.2796142578125,2.9512016773223877,0.7720877528190613
1.7733715820312501,9.153255615234375,5.2796142578125,0.5622991919517517,0.5119544267654419
9.46098876953125,4.839007568359374,5.2796142578125,2.578294038772583,0.6673967242240906
9.46098876953125,9.153255615234375,4.8300537109374995,2.9093356132507324,0.7602400779724121
1.7733715820312501,4.839007568359374,4.8300537109374995,0.4043559432029724,0.32264670729637146
6.96348876953125,1.6570056152343748,2.8046142578125,0.5385969877243042,0.1506049633026123
9.26587158203125,1.6570056152343748,2.8046142578125,0.9376050233840942,0.22183758020401
6.96348876953125,2.340257568359375,2.8046142578125,0.8334886431694031,0.2545516788959503
6.96348876953125,1.6570056152343748,2.3550537109375003,0.4236847162246704,0.11126301437616348
9.26587158203125,2.340257568359375,2.3550537109375003,1.1445633172988892,0.2781313359737396
1.96848876953125,6.654505615234374,7.7546142578125,0.606228232383728,0.5150154232978821
4.2708715820312495,6.654505615234374,7.7546142578125,1.2772616147994995,0.6501925587654114
1.96848876953125,7.3377575683593745,7.7546142578125,0.6291454434394836,0.5403596758842468
1.96848876953125,6.654505615234374,7.3050537109375,0.5971981287002563,0.5056543350219727
4.2708715820312495,7.3377575683593745,7.3050537109375,1.2972265481948853,0.6618187427520752
1.34411376953125,3.531068115234375,3.4233642578125,0.2855672836303711,0.19893306493759155
2.39774658203125,3.531068115234375,3.4233642578125,0.3584461808204651,0.21543747186660767
1.34411376953125,0.46619506835937496,3.4233642578125,0.24863924086093903,0.03786808252334595
1.34411376953125,3.531068115234375,5.4488037109375,0.3132992684841156,0.2406911551952362
2.39774658203125,0.46619506835937496,5.4488037109375,0.2564648985862732,0.04185691475868225
6.33911376953125,8.528568115234375,8.3733642578125,2.0472209453582764,0.7624003887176514
7.39274658203125,8.528568115234375,8.3733642578125,2.395355701446533,0.7818647623062134
6.33911376953125,5.463695068359375,8.3733642578125,1.8622527122497559,0.6874485611915588
6.33911376953125,8.528568115234375,0.4988037109375,0.610660195350647,0.19408844411373138
7.39274658203125,5.463695068359375,0.4988037109375,0.47766247391700745,0.12433875352144241
8.83661376953125,1.0323181152343748,0.9483642578125,0.2775665819644928,0.04226551949977875
4.89524658203125,1.0323181152343748,0.9483642578125,0.2616523206233978,0.05051872134208679
8.83661376953125,7.962445068359374,0.9483642578125,1.3536325693130493,0.35169345140457153
8.83661376953125,1.0323181152343748,2.9738037109375,0.4137458801269531,0.08524544537067413
4.89524658203125,7.962445068359374,2.9738037109375,1.1854209899902344,0.5299242734909058
3.84161376953125,6.029818115234375,5.8983642578125,1.0393253564834595,0.5655032992362976
9.89024658203125,6.029818115234375,5.8983642578125,2.9173247814178467,0.7304952144622803
3.84161376953125,2.9649450683593748,5.8983642578125,0.7243338227272034,0.3680376708507538
3.84161376953125,6.029818115234375,7.9238037109375,1.1162734031677246,0.6130977272987366
9.89024658203125,2.9649450683593748,7.9238037109375,2.5652542114257812,0.6363741755485535
2.5928637695312498,2.2816931152343747,9.6108642578125,0.47029685974121094,0.2850121855735779
8.64149658203125,2.2816931152343747,9.6108642578125,2.06233286857605,0.5725031495094299
2.5928637695312498,4.214320068359375,9.6108642578125,0.680269718170166,0.4742952883243561
2.5928637695312498,2.2816931152343747,6.6863037109375,0.4003660976886749,0.22709602117538452
8.64149658203125,4.214320068359375,6.6863037109375,2.354252576828003,0.660635232925415
7.58786376953125,7.279193115234374,4.6608642578124995,2.1725146770477295,0.6857016086578369
3.64649658203125,7.279193115234374,4.6608642578124995,0.9802963137626648,0.554621160030365
7.58786376953125,9.211820068359375,4.6608642578124995,2.2894182205200195,0.7259170413017273
7.58786376953125,7.279193115234374,1.7363037109375001,1.49271559715271,0.45442116260528564
3.64649658203125,9.211820068359375,1.7363037109375001,0.6898106336593628,0.37138238549232483
5.09036376953125,4.780443115234375,7.1358642578125,1.3642805814743042,0.5969157814979553
6.14399658203125,4.780443115234375,7.1358642578125,1.6832317113876343,0.6332983374595642
5.09036376953125,6.713070068359374,7.1358642578125,1.5132920742034912,0.670305073261261
5.09036376953125,4.780443115234375,4.2113037109375,1.152387022972107,0.49406105279922485
6.14399658203125,6.713070068359374,4.2113037109375,1.635512351989746,0.6136680245399475
0.09536376953125,9.777943115234375,2.1858642578125003,0.24853187799453735,0.33764761686325073
1.14899658203125,9.777943115234375,2.1858642578125003,0.3176262080669403,0.31355711817741394
0.09536376953125,1.7155700683593749,2.1858642578125003,0.24557530879974365,0.1118895560503006
0.09536376953125,9.777943115234375,9.1613037109375,0.2561955451965332,0.4237401485443115
1.14899658203125,1.7155700683593749,9.1613037109375,0.27922937273979187,0.15320122241973877
0.13438720703125,0.212415771484375,9.4175048828125,0.2446492463350296,0.021229222416877747
5.55864501953125,0.212415771484375,9.4175048828125,0.26460564136505127,0.022731853649020195
0.13438720703125,7.142542724609374,9.4175048828125,0.2570934295654297,0.3671422004699707
0.13438720703125,0.212415771484375,0.7695068359375,0.24443674087524414,0.014720182865858078
5.55864501953125,7.142542724609374,0.7695068359375,0.5686303377151489,0.2016669511795044
5.12938720703125,5.209915771484375,4.4675048828124995,1.2364332675933838,0.5312032699584961
0.56364501953125,5.209915771484375,4.4675048828124995,0.2714185416698456,0.27427858114242554
5.12938720703125,2.145042724609375,4.4675048828124995,0.6985081434249878,0.2725149989128113
5.12938720703125,5.209915771484375,5.7195068359375,1.339383602142334,0.5808683037757874
0.56364501953125,2.145042724609375,5.7195068359375,0.25736650824546814,0.15690729022026062
7.62688720703125,2.711165771484375,6.9425048828125,1.748585820198059,0.5380737781524658
8.05614501953125,2.711165771484375,6.9425048828125,1.8724077939987183,0.5505194067955017
7.62688720703125,4.643792724609375,6.9425048828125,2.115229368209839,0.663031816482544
7.62688720703125,2.711165771484375,8.1945068359375,1.828396201133728,0.565346360206604
8.05614501953125,4.643792724609375,8.1945068359375,2.3152685165405273,0.6943216323852539
2.63188720703125,7.708665771484374,1.9925048828125003,0.47456300258636475,0.3079706132411957
3.0611450195312497,7.708665771484374,1.9925048828125003,0.5555180311203003,0.3313724994659424
2.63188720703125,9.641292724609375,1.9925048828125003,0.5405644178390503,0.3640346825122833
2.63188720703125,7.708665771484374,3.2445068359375,0.6195563077926636,0.42663758993148804
3.0611450195312497,9.641292724609375,3.2445068359375,0.7974053025245667,0.509480893611908
3.88063720703125,3.9605407714843746,3.2300048828125,0.6354342699050903,0.3146055042743683
4.3098950195312495,3.9605407714843746,3.2300048828125,0.7265050411224365,0.3370002806186676
3.88063720703125,8.391917724609375,3.2300048828125,0.9674302339553833,0.518502414226532
3.88063720703125,3.9605407714843746,2.0070068359375,0.4366235136985779,0.1977897584438324
4.3098950195312495,8.391917724609375,2.0070068359375,0.8635953664779663,0.41571661829948425
8.87563720703125,8.958040771484375,8.1800048828125,2.9024386405944824,0.8071034550666809
9.30489501953125,8.958040771484375,8.1800048828125,3.046252489089966,0.812171459197998
8.87563720703125,3.3944177246093745,8.1800048828125,2.370244026184082,0.6488407850265503
8.87563720703125,8.958040771484375,6.9570068359374995,2.853240966796875,0.792329728603363
9.30489501953125,3.3944177246093745,6.9570068359374995,2.4244167804718018,0.6349689364433289
6.37813720703125,1.4617907714843748,0.7550048828125,0.2736292779445648,0.05464417487382889
1.8123950195312502,1.4617907714843748,0.7550048828125,0.25167930126190186,0.07428291440010071
6.37813720703125,0.8956677246093749,0.7550048828125,0.2616349756717682,0.04094204679131508
6.37813720703125,1.4617907714843748,9.4320068359375,1.0595344305038452,0.3620665669441223
1.8123950195312502,0.8956677246093749,9.4320068359375,0.27335143089294434,0.08864255249500275
1.38313720703125,6.459290771484374,5.7050048828125,0.4132525324821472,0.39836496114730835
6.80739501953125,6.459290771484374,5.7050048828125,1.9572973251342773,0.6786292791366577
1.38313720703125,5.893167724609374,5.7050048828125,0.39726096391677856,0.37395763397216797
1.38313720703125,6.459290771484374,4.4820068359375,0.37936931848526,0.3537432551383972
6.80739501953125,5.893167724609374,4.4820068359375,1.795461654663086,0.6172977685928345
2.00751220703125,3.3358532714843747,0.1362548828125,0.25567731261253357,0.10136780887842178
9.92927001953125,3.3358532714843747,0.1362548828125,0.307629257440567,0.05113067477941513
2.00751220703125,1.5203552246093748,0.1362548828125,0.24959680438041687,0.06398779153823853
2.00751220703125,3.3358532714843747,2.6257568359375,0.2965899705886841,0.17256857454776764
9.92927001953125,1.5203552246093748,2.6257568359375,0.8906481862068176,0.19565759599208832
7.00251220703125,8.333353271484375,5.0862548828125,2.093431234359741,0.711001455783844
4.93427001953125,8.333353271484375,5.0862548828125,1.4443655014038086,0.6552268862724304
7.00251220703125,6.517855224609375,5.0862548828125,1.973335862159729,0.6665467023849487
7.00251220703125,8.333353271484375,7.5757568359375,2.2303600311279297,0.7618939280509949
4.93427001953125,6.517855224609375,7.5757568359375,1.4692903757095337,0.6673815846443176
9.50001220703125,0.8371032714843749,2.6112548828125,0.3266123831272125,0.055316127836704254
7.43177001953125,0.8371032714843749,2.6112548828125,0.2966460883617401,0.05499895289540291
9.50001220703125,9.016605224609375,2.6112548828125,2.5184848308563232,0.6474756598472595
9.50001220703125,0.8371032714843749,5.1007568359375,0.7335438132286072,0.161497101187706
7.43177001953125,9.016605224609375,5.1007568359375,2.268437623977661,0.7331462502479553
4.50501220703125,5.834603271484374,7.5612548828125,1.2922444343566895,0.6278194785118103
2.43677001953125,5.834603271484374,7.5612548828125,0.6933186650276184,0.5140555500984192
4.50501220703125,4.019105224609374,7.5612548828125,1.1292943954467773,0.5384067893028259
4.50501220703125,5.834603271484374,0.1507568359375,0.29076892137527466,0.09456466883420944
2.43677001953125,4.019105224609374,0.1507568359375,0.2616186738014221,0.10488411784172058
3.25626220703125,2.0864782714843746,6.3237548828125,0.4603467583656311,0.23306730389595032
1.18802001953125,2.0864782714843746,6.3237548828125,0.2773420810699463,0.16235820949077606
3.25626220703125,2.7697302246093747,6.3237548828125,0.5833988189697266,0.3230721950531006
3.25626220703125,2.0864782714843746,3.8632568359375004,0.3434711694717407,0.15248428285121918
1.18802001953125,2.7697302246093747,3.8632568359375004,0.2735074460506439,0.17396003007888794
8.25126220703125,7.083978271484375,1.3737548828125001,1.4376695156097412,0.40203210711479187
6.18302001953125,7.083978271484375,1.3737548828125001,0.9775658249855042,0.3437732458114624
8.25126220703125,7.767230224609374,1.3737548828125001,1.5085563659667969,0.4241035282611847
8.25126220703125,7.083978271484375,8.8132568359375,2.6161282062530518,0.7743898630142212
6.18302001953125,7.767230224609374,8.8132568359375,1.9742799997329712,0.7501325607299805
5.75376220703125,4.585228271484374,8.7987548828125,1.6102569103240967,0.6410912275314331
3.68552001953125,4.585228271484374,8.7987548828125,0.9931727647781372,0.5550411343574524
5.75376220703125,5.268480224609374,8.7987548828125,1.67530357837677,0.6698649525642395
5.75376220703125,4.585228271484374,6.3382568359375,1.499297857284546,0.592239499092102
3.68552001953125,5.268480224609374,6.3382568359375,0.9632681012153625,0.5368306636810303
0.7587622070312501,9.582728271484376,3.8487548828125004,0.3123775124549866,0.3758501708507538
8.68052001953125,9.582728271484376,3.8487548828125004,2.56247615814209,0.7204674482345581
0.7587622070312501,0.270980224609375,3.8487548828125004,0.24666652083396912,0.02336563542485237
0.7587622070312501,9.582728271484376,1.3882568359375,0.2715584635734558,0.27841222286224365
8.68052001953125,0.270980224609375,1.3882568359375,0.2546430826187134,0.017901668325066566
1.0709497070312501,4.8975720214843745,5.3956298828125,0.31730809807777405,0.29491111636161804
1.50020751953125,4.8975720214843745,5.3956298828125,0.37727585434913635,0.3245358467102051
1.0709497070312501,9.953636474609375,5.3956298828125,0.4063539206981659,0.4678392708301544
1.0709497070312501,4.8975720214843745,9.1226318359375,0.3622383773326874,0.36589735746383667
1.50020751953125,9.953636474609375,9.1226318359375,0.5782607793807983,0.5952503681182861
6.06594970703125,9.895072021484374,0.44562988281250004,0.6156189441680908,0.2043769508600235
6.49520751953125,9.895072021484374,0.44562988281250004,0.6754941940307617,0.21381309628486633
6.06594970703125,4.956136474609375,0.44562988281250004,0.33652257919311523,0.09431546926498413
6.06594970703125,9.895072021484374,4.1726318359375,1.7905495166778564,0.6862463355064392
6.49520751953125,4.956136474609375,4.1726318359375,1.5614988803863525,0.5531796813011169
8.56344970703125,2.3988220214843747,7.8706298828125,1.9864110946655273,0.5540074110031128
3.9977075195312497,2.3988220214843747,7.8706298828125,0.7493000626564026,0.3683125376701355
8.56344970703125,2.4573864746093745,7.8706298828125,2.0066816806793213,0.5601979494094849
8.56344970703125,2.3988220214843747,1.6976318359375002,0.7236002087593079,0.177659273147583
3.9977075195312497,2.4573864746093745,1.6976318359375002,0.30365443229675293,0.10902095586061478
3.5684497070312498,7.396322021484374,2.9206298828125004,0.7963871955871582,0.44566571712493896
8.99270751953125,7.396322021484374,2.9206298828125004,2.3204050064086914,0.624988853931427
3.5684497070312498,7.454886474609374,2.9206298828125004,0.7994526028633118,0.4476948380470276
3.5684497070312498,7.396322021484374,6.6476318359375,1.0632261037826538,0.6193434000015259
8.99270751953125,7.454886474609374,6.6476318359375,2.7923030853271484,0.7643968462944031
4.81719970703125,1.1494470214843748,1.6831298828125,0.27249476313591003,0.06294127553701401
7.74395751953125,1.1494470214843748,1.6831298828125,0.29848530888557434,0.05726631358265877
4.81719970703125,6.2055114746093745,1.6831298828125,0.7385746836662292,0.31324058771133423
4.81719970703125,1.1494470214843748,7.8851318359375,0.47542691230773926,0.16989538073539734
7.74395751953125,6.2055114746093745,7.8851318359375,2.3555140495300293,0.7346095442771912
9.81219970703125,6.146947021484374,6.6331298828125,2.9581704139709473,0.7473857402801514
2.74895751953125,6.146947021484374,6.6331298828125,0.7672879695892334,0.5276617407798767
9.81219970703125,1.2080114746093749,6.6331298828125,1.497487187385559,0.3554954528808594
9.81219970703125,6.146947021484374,2.9351318359375003,2.433406352996826,0.6043643951416016
2.74895751953125,1.2080114746093749,2.9351318359375003,0.26860377192497253,0.08272508531808853
7.31469970703125,3.6481970214843744,4.1581298828125,1.58049476146698,0.5006904602050781
5.2464575195312495,3.6481970214843744,4.1581298828125,1.0303750038146973,0.4228009283542633
7.31469970703125,3.7067614746093747,4.1581298828125,1.5924397706985474,0.5048872232437134
7.31469970703125,3.6481970214843744,0.46013183593750007,0.3246234357357025,0.07481951266527176
5.2464575195312495,3.7067614746093747,0.46013183593750007,0.29463234543800354,0.08436977863311768
2.31969970703125,8.645697021484375,9.1081298828125,0.7901496291160583,0.6276792287826538
0.25145751953125,8.645697021484375,9.1081298828125,0.27408310770988464,0.4130623936653137
2.31969970703125,8.704261474609375,9.1081298828125,0.7912558317184448,0.6288227438926697
2.31969970703125,8.645697021484375,5.4101318359374995,0.7002363801002502,0.5453972220420837
0.25145751953125,8.704261474609375,5.4101318359374995,0.2643201947212219,0.37187254428863525
1.69532470703125,1.7741345214843747,4.7768798828125,0.2774665653705597,0.13268344104290009
3.37333251953125,1.7741345214843747,4.7768798828125,0.3525865972042084,0.15096794068813324
1.69532470703125,4.3314489746093745,4.7768798828125,0.3665781319141388,0.2850174307823181
1.69532470703125,1.7741345214843747,7.2663818359375,0.2952800691127777,0.15494394302368164
3.37333251953125,4.3314489746093745,7.2663818359375,0.8372178077697754,0.4908577501773834
6.69032470703125,6.7716345214843745,9.7268798828125,2.1092097759246826,0.748711884021759
8.36833251953125,6.7716345214843745,9.7268798828125,2.6623098850250244,0.7785722017288208
6.69032470703125,9.328948974609375,9.7268798828125,2.2281627655029297,0.7945564985275269
6.69032470703125,6.7716345214843745,2.3163818359375004,1.4315122365951538,0.4890387952327728
8.36833251953125,9.328948974609375,2.3163818359375004,2.1084327697753906,0.6039093136787415
9.18782470703125,4.272884521484374,2.3018798828125,1.7164843082427979,0.4401073157787323
0.8758325195312501,4.272884521484374,2.3018798828125,0.2655378580093384,0.2040787637233734
9.18782470703125,6.830198974609375,2.3018798828125,2.1175217628479004,0.5540112257003784
9.18782470703125,4.272884521484374,4.7913818359375,2.3423242568969727,0.6186908483505249
0.8758325195312501,6.830198974609375,4.7913818359375,0.3152673542499542,0.34030455350875854
4.19282470703125,9.270384521484376,7.2518798828125,1.3482285737991333,0.7026817202568054
5.87083251953125,9.270384521484376,7.2518798828125,1.888254165649414,0.7498779892921448
4.19282470703125,1.8326989746093747,7.2518798828125,0.6175003051757812,0.27677756547927856
4.19282470703125,9.270384521484376,9.7413818359375,1.4041707515716553,0.7350316047668457
5.87083251953125,1.8326989746093747,9.7413818359375,1.1202841997146606,0.4173923432826996
2.94407470703125,3.0235095214843746,8.4893798828125,0.6261758804321289,0.38328632712364197
7.11958251953125,3.0235095214843746,8.4893798828125,1.7703255414962769,0.5826226472854614
2.94407470703125,0.5833239746093749,8.4893798828125,0.27344244718551636,0.05919617787003517
2.94407470703125,3.0235095214843746,6.0288818359375,0.5402597188949585,0.31885239481925964
7.11958251953125,0.5833239746093749,6.0288818359375,0.32348453998565674,0.06084896996617317
7.93907470703125,8.021009521484375,3.5393798828125003,2.184330463409424,0.6603070497512817
2.1245825195312498,8.021009521484375,3.5393798828125003,0.5354005098342896,0.4215293526649475
7.93907470703125,5.580823974609374,3.5393798828125003,1.9555593729019165,0.5851649641990662
7.93907470703125,8.021009521484375,1.0788818359375,1.2677676677703857,0.3628996014595032
2.1245825195312498,5.580823974609374,1.0788818359375,0.28953486680984497,0.16947227716445923
5.44157470703125,0.524759521484375,6.0143798828124995,0.286467045545578,0.050705477595329285
9.61708251953125,0.524759521484375,6.0143798828124995,0.3757241368293762,0.06311679631471634
5.44157470703125,8.079573974609374,6.0143798828124995,1.6453684568405151,0.6916993856430054
5.44157470703125,0.524759521484375,3.5538818359375,0.26949718594551086,0.04195891320705414
9.61708251953125,8.079573974609374,3.5538818359375,2.713308095932007,0.6936625242233276
0.44657470703125,5.522259521484375,1.0643798828125002,0.25262030959129333,0.2153938263654709
4.62208251953125,5.522259521484375,1.0643798828125002,0.44251230359077454,0.17467378079891205
0.44657470703125,3.082073974609375,1.0643798828125002,0.24857841432094574,0.15035459399223328
0.44657470703125,5.522259521484375,8.5038818359375,0.28116926550865173,0.3306029140949249
4.62208251953125,3.082073974609375,8.5038818359375,1.0652539730072021,0.4913731515407562
0.60266845703125,2.554993896484375,2.7659423828125003,0.253561794757843,0.15341657400131226
0.09536376953125,2.554993896484375,2.7659423828125003,0.24556198716163635,0.15663427114486694
0.60266845703125,5.736995849609374,2.7659423828125003,0.26558929681777954,0.25723108649253845
0.60266845703125,2.554993896484375,9.8960693359375,0.2703079581260681,0.20411163568496704
0.09536376953125,5.736995849609374,9.8960693359375,0.2521345913410187,0.3263845145702362
5.59766845703125,7.552493896484374,7.7159423828125,1.741214394569397,0.7170913815498352
5.09036376953125,7.552493896484374,7.7159423828125,1.5791882276535034,0.7027459740638733
5.59766845703125,0.739495849609375,7.7159423828125,0.35240012407302856,0.08867910504341125
5.59766845703125,7.552493896484374,4.9460693359375,1.5973550081253052,0.6521535515785217
5.09036376953125,0.739495849609375,4.9460693359375,0.29454681277275085,0.06549195945262909
8.09516845703125,0.05624389648437499,0.2909423828125,0.24562223255634308,0.003558119060471654
2.5928637695312498,0.05624389648437499,0.2909423828125,0.24457663297653198,0.0036480638664215803
8.09516845703125,3.2382458496093744,0.2909423828125,0.3047076165676117,0.06086461991071701
8.09516845703125,0.05624389648437499,2.4710693359375,0.24749769270420074,0.004615094047039747
2.5928637695312498,3.2382458496093744,2.4710693359375,0.3146255314350128,0.1640169471502304
3.1001684570312498,5.053743896484375,5.2409423828124995,0.7343443632125854,0.4529033601284027
7.58786376953125,5.053743896484375,5.2409423828124995,2.023406505584717,0.6345447301864624
3.1001684570312498,8.235745849609375,5.2409423828124995,0.9003686904907227,0.5780415534973145
3.1001684570312498,5.053743896484375,7.4210693359375,0.8252377510070801,0.5191033482551575
7.58786376953125,8.235745849609375,7.4210693359375,2.411565065383911,0.7682891488075256
4.34891845703125,1.305618896484375,8.9534423828125,0.5163722634315491,0.20840249955654144
8.83661376953125,1.305618896484375,8.9534423828125,1.547250509262085,0.40815824270248413
4.34891845703125,9.485120849609375,8.9534423828125,1.4472883939743042,0.7357870936393738
4.34891845703125,1.305618896484375,8.6585693359375,0.506319522857666,0.20298287272453308
8.83661376953125,9.485120849609375,8.6585693359375,2.9271657466888428,0.8179308176040649
9.34391845703125,6.303118896484374,4.0034423828125,2.5483219623565674,0.6667071580886841
3.84161376953125,6.303118896484374,4.0034423828125,0.9253801703453064,0.4958714544773102
9.34391845703125,4.487620849609375,4.0034423828125,2.2993602752685547,0.5963075160980225
9.34391845703125,6.303118896484374,3.7085693359375003,2.4953529834747314,0.6516398787498474
3.84161376953125,4.487620849609375,3.7085693359375003,0.7444937229156494,0.3838326632976532
6.84641845703125,3.8043688964843745,6.4784423828125,1.72429358959198,0.5872032642364502
6.33911376953125,3.8043688964843745,6.4784423828125,1.5743076801300049,0.5709882974624634
6.84641845703125,1.9888708496093748,6.4784423828125,1.2472964525222778,0.40888211131095886
6.84641845703125,3.8043688964843745,1.2335693359375002,0.6067560315132141,0.17885348200798035
6.33911376953125,1.9888708496093748,1.2335693359375002,0.30756136775016785,0.07584254443645477
1.85141845703125,8.801868896484375,1.5284423828125002,0.33863985538482666,0.2551266849040985
1.34411376953125,8.801868896484375,1.5284423828125002,0.30054548382759094,0.2570538818836212
1.85141845703125,6.986370849609374,1.5284423828125002,0.3126178979873657,0.22079473733901978
1.85141845703125,8.801868896484375,6.1835693359374995,0.6012105941772461,0.5378198623657227
1.34411376953125,6.986370849609374,6.1835693359374995,0.4293122887611389,0.4295596480369568
2.4757934570312496,0.680931396484375,7.0971923828125,0.26839274168014526,0.06439682841300964
4.46598876953125,0.680931396484375,7.0971923828125,0.29838433861732483,0.0694262757897377
2.4757934570312496,0.114808349609375,7.0971923828125,0.2476271241903305,0.01121610589325428
2.4757934570312496,0.680931396484375,6.8023193359375,0.2674802839756012,0.06361070275306702
4.46598876953125,0.114808349609375,6.8023193359375,0.25070276856422424,0.011238235980272293
7.47079345703125,5.678431396484375,2.1471923828125004,1.4545167684555054,0.4479565918445587
9.46098876953125,5.678431396484375,2.1471923828125004,1.9745427370071411,0.4987751245498657
7.47079345703125,5.112308349609375,2.1471923828125004,1.3746898174285889,0.4206889569759369
7.47079345703125,5.678431396484375,1.8523193359375,1.3336479663848877,0.4068619906902313
9.46098876953125,5.112308349609375,1.8523193359375,1.7316080331802368,0.4318750202655792
9.96829345703125,3.1796813964843746,9.5721923828125,2.732273578643799,0.6763145327568054
1.96848876953125,3.1796813964843746,9.5721923828125,0.45032641291618347,0.3351285755634308
9.96829345703125,7.611058349609374,9.5721923828125,3.2443904876708984,0.8128620982170105
9.96829345703125,3.1796813964843746,4.3273193359375,2.244351387023926,0.5453301072120667
1.96848876953125,7.611058349609374,4.3273193359375,0.5302773714065552,0.43954986333847046
4.97329345703125,8.177181396484375,4.6221923828125,1.4143712520599365,0.6355898380279541
6.96348876953125,8.177181396484375,4.6221923828125,2.0313289165496826,0.6916366815567017
4.97329345703125,2.6135583496093746,4.6221923828125,0.8113695979118347,0.3355793058872223
4.97329345703125,8.177181396484375,9.2773193359375,1.6102805137634277,0.7334333062171936
6.96348876953125,2.6135583496093746,9.2773193359375,1.6582496166229248,0.5535745620727539
3.72454345703125,4.429056396484374,0.9096923828125,0.30860504508018494,0.1244724839925766
5.71473876953125,4.429056396484374,0.9096923828125,0.4085609018802643,0.12997518479824066
3.72454345703125,3.8629333496093747,0.9096923828125,0.2976858615875244,0.1151541993021965
3.72454345703125,4.429056396484374,5.5648193359375,0.8615039587020874,0.46690383553504944
5.71473876953125,3.8629333496093747,5.5648193359375,1.3353610038757324,0.5236448049545288
8.71954345703125,9.426556396484376,5.8596923828125,2.762568473815918,0.7783643007278442
0.71973876953125,9.426556396484376,5.8596923828125,0.33521610498428345,0.4306275546550751
8.71954345703125,8.860433349609375,5.8596923828125,2.7352075576782227,0.7700608372688293
8.71954345703125,9.426556396484376,0.6148193359375,1.1566500663757324,0.29866647720336914
0.71973876953125,8.860433349609375,0.6148193359375,0.25958070158958435,0.235884889960289
6.2220434570312495,1.9303063964843747,3.3846923828125,0.6695252060890198,0.21768265962600708
8.21223876953125,1.9303063964843747,3.3846923828125,1.0695234537124634,0.2893303632736206
6.2220434570312495,6.3616833496093745,3.3846923828125,1.5114266872406006,0.5558605194091797
6.2220434570312495,1.9303063964843747,3.0898193359375004,0.6084738969802856,0.19411763548851013
8.21223876953125,6.3616833496093745,3.0898193359375004,2.028503656387329,0.5895089507102966
1.22704345703125,6.927806396484375,8.3346923828125,0.43735119700431824,0.4642709195613861
3.21723876953125,6.927806396484375,8.3346923828125,0.9861931800842285,0.6204812526702881
1.22704345703125,1.3641833496093747,8.3346923828125,0.27132219076156616,0.12256006896495819
1.22704345703125,6.927806396484375,8.0398193359375,0.4331224262714386,0.4583580791950226
3.21723876953125,1.3641833496093747,8.0398193359375,0.3613138496875763,0.15270671248435974
0.91485595703125,2.2426501464843747,2.4565673828125,0.25656330585479736,0.13485968112945557
6.65130126953125,2.2426501464843747,2.4565673828125,0.6426399946212769,0.1957182139158249
0.91485595703125,8.548089599609375,2.4565673828125,0.29458120465278625,0.30408528447151184
0.91485595703125,2.2426501464843747,0.3054443359375,0.24862807989120483,0.09949305653572083
6.65130126953125,8.548089599609375,0.3054443359375,0.5106046199798584,0.14914745092391968
5.90985595703125,7.240150146484375,7.4065673828125,1.8133909702301025,0.7129403352737427
1.65630126953125,7.240150146484375,7.4065673828125,0.5362791419029236,0.5014036893844604
5.90985595703125,3.5505895996093746,7.4065673828125,1.4613444805145264,0.5612519383430481
5.90985595703125,7.240150146484375,5.2554443359375,1.6982858180999756,0.6633583307266235
1.65630126953125,3.5505895996093746,5.2554443359375,0.34033912420272827,0.24979840219020844
8.40735595703125,4.7414001464843745,4.9315673828125,2.1983492374420166,0.6293474435806274
9.14880126953125,4.7414001464843745,4.9315673828125,2.4253034591674805,0.6452369689941406
8.40735595703125,1.0518395996093748,4.9315673828125,0.7794386744499207,0.19535624980926514
8.40735595703125,4.7414001464843745,7.7304443359375,2.41719913482666,0.6982369422912598
9.14880126953125,1.0518395996093748,7.7304443359375,1.283348560333252,0.3200351297855377
3.41235595703125,9.738900146484376,9.8815673828125,1.1690986156463623,0.7169139981269836
4.15380126953125,9.738900146484376,9.8815673828125,1.407301664352417,0.7430424094200134
3.41235595703125,6.049339599609374,9.8815673828125,1.0341477394104004,0.6223791837692261
3.41235595703125,9.738900146484376,2.7804443359375,0.8404673933982849,0.4941611588001251
4.15380126953125,6.049339599609374,2.7804443359375,0.8305812478065491,0.40924564003944397
4.66110595703125,3.492025146484375,6.1690673828125,1.0322728157043457,0.4710283875465393
2.90505126953125,3.492025146484375,6.1690673828125,0.5934004187583923,0.36490321159362793
4.66110595703125,7.298714599609374,6.1690673828125,1.3703194856643677,0.6505507230758667
4.66110595703125,3.492025146484375,1.5429443359375001,0.3855094611644745,0.14331351220607758
2.90505126953125,7.298714599609374,1.5429443359375001,0.43065711855888367,0.2512926459312439
9.65610595703125,8.489525146484375,1.2190673828125,1.8105584383010864,0.4447661340236664
7.90005126953125,8.489525146484375,1.2190673828125,1.3946224451065063,0.40555691719055176
9.65610595703125,2.301214599609375,1.2190673828125,0.560556948184967,0.11701100319623947
9.65610595703125,8.489525146484375,6.4929443359375,3.064218759536743,0.7883318662643433
7.90005126953125,2.301214599609375,6.4929443359375,1.6543843746185303,0.4893203675746918
7.15860595703125,0.993275146484375,8.6440673828125,0.8433489799499512,0.2479516565799713
0.40755126953125004,0.993275146484375,8.6440673828125,0.2504017949104309,0.08918029069900513
7.15860595703125,4.799964599609375,8.6440673828125,2.0662641525268555,0.6867422461509705
7.15860595703125,0.993275146484375,8.9679443359375,0.8622686862945557,0.25455814599990845
0.40755126953125004,4.799964599609375,8.9679443359375,0.2742629647254944,0.30446088314056396
2.16360595703125,5.990775146484374,3.6940673828125004,0.47649669647216797,0.355166494846344
5.40255126953125,5.990775146484374,3.6940673828125004,1.2945305109024048,0.5335559844970703
2.16360595703125,9.797464599609375,3.6940673828125004,0.6053681969642639,0.4854603111743927
2.16360595703125,5.990775146484374,4.0179443359375,0.4963647127151489,0.37405043840408325
5.40255126953125,9.797464599609375,4.0179443359375,1.5643330812454224,0.6588191986083984
1.5392309570312501,4.116712646484374,8.025317382812501,0.40432798862457275,0.3456248641014099
8.52442626953125,4.116712646484374,8.025317382812501,2.382258176803589,0.6782854795455933
1.5392309570312501,2.9259020996093748,8.025317382812501,0.3432856798171997,0.25306469202041626
1.5392309570312501,4.116712646484374,3.3991943359375,0.3064449429512024,0.22271957993507385
8.52442626953125,2.9259020996093748,3.3991943359375,1.5585424900054932,0.42552345991134644
6.53423095703125,9.114212646484376,3.0753173828125,1.743431568145752,0.6215217113494873
3.5294262695312497,9.114212646484376,3.0753173828125,0.8844521641731262,0.5086308121681213
6.53423095703125,7.923402099609374,3.0753173828125,1.668546199798584,0.5921958684921265
6.53423095703125,9.114212646484376,8.3491943359375,2.135256290435791,0.7756907343864441
3.5294262695312497,7.923402099609374,8.3491943359375,1.121164321899414,0.6640060544013977
9.03173095703125,1.6179626464843748,5.5503173828125,1.50143301486969,0.3861801326274872
6.02692626953125,1.6179626464843748,5.5503173828125,0.7973684072494507,0.27433210611343384
9.03173095703125,5.424652099609374,5.5503173828125,2.5473875999450684,0.6892023086547852
9.03173095703125,1.6179626464843748,5.8741943359375,1.5453848838806152,0.3987998366355896
6.02692626953125,5.424652099609374,5.8741943359375,1.6393321752548218,0.6262695789337158
4.03673095703125,6.615462646484374,0.6003173828125,0.33466437458992004,0.13492397964000702
1.03192626953125,6.615462646484374,0.6003173828125,0.26062700152397156,0.19234566390514374
4.03673095703125,0.42715209960937495,0.6003173828125,0.24941225349903107,0.024998890236020088
4.03673095703125,6.615462646484374,0.9241943359375,0.4026004672050476,0.17461395263671875
1.03192626953125,0.42715209960937495,0.9241943359375,0.24557530879974365,0.028545178472995758
2.78798095703125,0.368587646484375,4.3128173828125,0.2537343502044678,0.03187647461891174
2.28067626953125,0.368587646484375,4.3128173828125,0.2516917288303375,0.031797632575035095
2.78798095703125,1.6765270996093748,4.3128173828125,0.3014892041683197,0.12592339515686035
2.78798095703125,0.368587646484375,4.6366943359374995,0.2536732256412506,0.03224137797951698
2.28067626953125,1.6765270996093748,4.6366943359374995,0.28958892822265625,0.12741637229919434
7.78298095703125,5.366087646484375,9.2628173828125,2.3461546897888184,0.7280957102775574
7.27567626953125,5.366087646484375,9.2628173828125,2.182183027267456,0.7176743745803833
7.78298095703125,6.674027099609375,9.2628173828125,2.449129819869995,0.7626869678497314
7.78298095703125,5.366087646484375,9.5866943359375,2.3554482460021973,0.7312748432159424
7.27567626953125,6.674027099609375,9.5866943359375,2.291390895843506,0.7567131519317627
5.2854809570312495,2.8673376464843745,1.8378173828125002,0.43072256445884705,0.1477615237236023
4.77817626953125,2.8673376464843745,1.8378173828125002,0.3785315454006195,0.13572917878627777
5.2854809570312495,9.172777099609375,1.8378173828125002,1.0965267419815063,0.45330262184143066
5.2854809570312495,2.8673376464843745,7.1116943359375,1.142317295074463,0.47122085094451904
4.77817626953125,9.172777099609375,7.1116943359375,1.5262291431427002,0.7170984745025635
0.29048095703125004,7.864837646484374,6.7878173828124995,0.2702518105506897,0.3727582097053528
9.77317626953125,7.864837646484374,6.7878173828124995,3.083192825317383,0.7843974828720093
0.29048095703125004,4.175277099609374,6.7878173828124995,0.25839778780937195,0.25753188133239746
0.29048095703125004,7.864837646484374,2.1616943359375003,0.25466957688331604,0.2960728406906128
9.77317626953125,4.175277099609374,2.1616943359375003,1.777549147605896,0.4305199086666107
0.21243408203125003,3.8824548339843745,1.4510986328125002,0.24759463965892792,0.1886986792087555
3.4513793945312496,3.8824548339843745,1.4510986328125002,0.322746217250824,0.14180271327495575
0.21243408203125003,0.6614099121093749,1.4510986328125002,0.24561873078346252,0.046494510024785995
0.21243408203125003,3.8824548339843745,3.9406005859375,0.25039854645729065,0.22109754383563995
3.4513793945312496,0.6614099121093749,3.9406005859375,0.26448705792427063,0.05338163673877716
5.2074340820312495,8.879954833984375,6.4010986328124995,1.6253474950790405,0.7106454372406006
8.44637939453125,8.879954833984375,6.4010986328124995,2.6791834831237793,0.7765992879867554
5.2074340820312495,5.658909912109374,6.4010986328124995,1.4422627687454224,0.6222348809242249
5.2074340820312495,8.879954833984375,8.8906005859375,1.704233169555664,0.7486037611961365
8.44637939453125,5.658909912109374,8.8906005859375,2.576143264770508,0.7447928190231323
7.70493408203125,1.3837048339843747,3.9260986328125003,0.7555179595947266,0.20526398718357086
0.95387939453125,1.3837048339843747,3.9260986328125003,0.2557094693183899,0.102542445063591
7.70493408203125,8.157659912109375,3.9260986328125003,2.1803932189941406,0.6783100366592407
7.70493408203125,1.3837048339843747,6.4156005859375,1.1193844079971313,0.32311636209487915
0.95387939453125,8.157659912109375,6.4156005859375,0.3731549382209778,0.4344726800918579
2.70993408203125,6.381204833984374,8.8760986328125,0.8241692185401917,0.5803975462913513
5.94887939453125,6.381204833984374,8.8760986328125,1.8221592903137207,0.7123738527297974
2.70993408203125,3.160159912109375,8.8760986328125,0.5972187519073486,0.3861553370952606
2.70993408203125,6.381204833984374,1.4656005859375,0.35951972007751465,0.2072685956954956
5.94887939453125,3.160159912109375,1.4656005859375,0.4575687050819397,0.14404794573783875
3.9586840820312497,0.134329833984375,5.1635986328125,0.2496417760848999,0.012421640567481518
7.1976293945312495,0.134329833984375,5.1635986328125,0.2545643150806427,0.012519372627139091
3.9586840820312497,4.4095349121093745,5.1635986328125,0.8953334093093872,0.46316757798194885
3.9586840820312497,0.134329833984375,2.7031005859375004,0.24768631160259247,0.01100767869502306
7.1976293945312495,4.4095349121093745,2.7031005859375004,1.3773852586746216,0.43669912219047546
8.95368408203125,5.131829833984375,0.21359863281250002,0.3786209225654602,0.07689867913722992
2.20262939453125,5.131829833984375,0.21359863281250002,0.26459237933158875,0.12363103777170181
8.95368408203125,9.407034912109376,0.21359863281250002,0.7575359344482422,0.17857243120670319
8.95368408203125,5.131829833984375,7.6531005859375,2.6342196464538574,0.7211052775382996
2.20262939453125,9.407034912109376,7.6531005859375,0.749217689037323,0.6148484945297241
6.45618408203125,2.633079833984375,7.6385986328125,1.4386309385299683,0.5075079202651978
9.69512939453125,2.633079833984375,7.6385986328125,2.3863604068756104,0.5999200344085693
6.45618408203125,6.908284912109375,7.6385986328125,1.978212833404541,0.7218818664550781
6.45618408203125,2.633079833984375,5.1781005859375,1.2413588762283325,0.43010908365249634
9.69512939453125,6.908284912109375,5.1781005859375,2.8693737983703613,0.7314474582672119
1.46118408203125,7.630579833984374,2.6885986328125,0.34643715620040894,0.3048517107963562
4.70012939453125,7.630579833984374,2.6885986328125,1.062545657157898,0.4862011969089508
1.46118408203125,1.9107849121093747,2.6885986328125,0.2626086473464966,0.11950251460075378
1.46118408203125,7.630579833984374,0.22810058593750002,0.2635839283466339,0.16774722933769226
4.70012939453125,1.9107849121093747,0.22810058593750002,0.2616826295852661,0.059042640030384064
2.0855590820312497,2.0083923339843746,8.2573486328125,0.34335705637931824,0.19719277322292328
1.57825439453125,2.0083923339843746,8.2573486328125,0.3053019344806671,0.18005788326263428
2.0855590820312497,5.034222412109375,8.2573486328125,0.5772718191146851,0.45991143584251404
2.0855590820312497,2.0083923339843746,2.0843505859375,0.26781415939331055,0.11241135001182556
1.57825439453125,5.034222412109375,2.0843505859375,0.29356902837753296,0.20840738713741302
7.08055908203125,7.005892333984375,3.3073486328125004,1.803387999534607,0.5975733399391174
6.57325439453125,7.005892333984375,3.3073486328125004,1.6545357704162598,0.5833304524421692
7.08055908203125,0.036722412109375,3.3073486328125004,0.24655397236347198,0.003186415880918503
7.08055908203125,7.005892333984375,7.0343505859375,2.160249710083008,0.7281836271286011
6.57325439453125,0.036722412109375,7.0343505859375,0.24762506783008575,0.0036368705332279205
9.57805908203125,4.507142333984374,5.7823486328125,2.61741042137146,0.6704180836677551
4.07575439453125,4.507142333984374,5.7823486328125,0.9762616157531738,0.4988367259502411
9.57805908203125,2.5354724121093746,5.7823486328125,2.1423912048339844,0.5394111275672913
9.57805908203125,4.507142333984374,9.5093505859375,2.840181589126587,0.7328777313232422
4.07575439453125,2.5354724121093746,9.5093505859375,0.852183997631073,0.42250722646713257
4.58305908203125,9.504642333984375,0.8323486328125,0.5887306332588196,0.25149476528167725
9.07075439453125,9.504642333984375,0.8323486328125,1.4396862983703613,0.3672167658805847
4.58305908203125,7.532972412109374,0.8323486328125,0.48760437965393066,0.1994682252407074
4.58305908203125,9.504642333984375,4.5593505859375,1.3483521938323975,0.6493240594863892
9.07075439453125,7.532972412109374,4.5593505859375,2.6502633094787598,0.7161350250244141
3.33430908203125,3.2577673339843747,4.5448486328125,0.5655881762504578,0.30739179253578186
7.82200439453125,3.2577673339843747,4.5448486328125,1.6934831142425537,0.5067755579948425
3.33430908203125,8.782347412109376,4.5448486328125,0.948350727558136,0.5774489641189575
3.33430908203125,3.2577673339843747,0.8468505859375,0.28062376379966736,0.10707146674394608
7.82200439453125,8.782347412109376,0.8468505859375,1.1376471519470215,0.32605013251304626
8.32930908203125,8.255267333984374,9.4948486328125,2.726090431213379,0.8021529316902161
2.82700439453125,8.255267333984374,9.4948486328125,0.9380998611450195,0.653306245803833
8.32930908203125,3.7848474121093747,9.4948486328125,2.3312904834747314,0.6776897311210632
8.32930908203125,8.255267333984374,5.7968505859374995,2.5702719688415527,0.7525799870491028
2.82700439453125,3.7848474121093747,5.7968505859374995,0.5894047021865845,0.370938241481781
5.83180908203125,0.759017333984375,2.0698486328125,0.27069026231765747,0.048009563237428665
5.32450439453125,0.759017333984375,2.0698486328125,0.2675342857837677,0.04847594350576401
5.83180908203125,1.286097412109375,2.0698486328125,0.29664257168769836,0.07130925357341766
5.83180908203125,0.759017333984375,8.2718505859375,0.3874310851097107,0.1018901988863945
5.32450439453125,1.286097412109375,8.2718505859375,0.6663368344306946,0.24448715150356293
0.83680908203125,5.756517333984374,7.0198486328125,0.3222278654575348,0.34934622049331665
0.32950439453125,5.756517333984374,7.0198486328125,0.2673247158527374,0.31791144609451294
0.83680908203125,6.2835974121093745,7.0198486328125,0.33042991161346436,0.3703695833683014
0.83680908203125,5.756517333984374,3.3218505859375003,0.28243589401245117,0.2693916857242584
0.32950439453125,6.2835974121093745,3.3218505859375003,0.2585378587245941,0.286104291677475
1.14899658203125,1.0713610839843748,3.6167236328125,0.25348180532455444,0.08064953237771988
9.38294189453125,1.0713610839843748,3.6167236328125,0.6995635032653809,0.15540513396263123
1.14899658203125,3.4725036621093746,3.6167236328125,0.27853110432624817,0.19983623921871185
1.14899658203125,1.0713610839843748,6.1062255859375,0.25851449370384216,0.0906762033700943
9.38294189453125,3.4725036621093746,6.1062255859375,2.3932862281799316,0.620854914188385
6.14399658203125,6.068861083984374,8.5667236328125,1.8541911840438843,0.7045483589172363
4.38794189453125,6.068861083984374,8.5667236328125,1.303283452987671,0.6489396691322327
6.14399658203125,8.470003662109375,8.5667236328125,1.9862840175628662,0.7595961689949036
6.14399658203125,6.068861083984374,1.1562255859375001,0.7676100134849548,0.2617725133895874
4.38794189453125,8.470003662109375,1.1562255859375001,0.6325900554656982,0.2847439646720886
8.64149658203125,3.570111083984375,1.1417236328125002,0.7775669693946838,0.19144438207149506
6.88544189453125,3.570111083984375,1.1417236328125002,0.521720290184021,0.1482495665550232
8.64149658203125,5.971253662109374,1.1417236328125002,1.2276585102081299,0.3221912086009979
8.64149658203125,3.570111083984375,3.6312255859375,1.8275139331817627,0.5005245804786682
6.88544189453125,5.971253662109374,3.6312255859375,1.7074896097183228,0.5778343677520752
3.64649658203125,8.567611083984374,6.0917236328125,1.1123114824295044,0.6403126120567322
1.89044189453125,8.567611083984374,6.0917236328125,0.6033505201339722,0.5317104458808899
3.64649658203125,0.973753662109375,6.0917236328125,0.3024149239063263,0.09147728234529495
3.64649658203125,8.567611083984374,8.5812255859375,1.1862726211547852,0.6880727410316467
1.89044189453125,0.973753662109375,8.5812255859375,0.2752707898616791,0.0937466025352478
4.89524658203125,4.8194860839843745,9.8042236328125,1.3971604108810425,0.6352119445800781
0.64169189453125,4.8194860839843745,9.8042236328125,0.30212122201919556,0.32962673902511597
4.89524658203125,2.223128662109375,9.8042236328125,0.9982516765594482,0.4317746162414551
4.89524658203125,4.8194860839843745,7.3437255859374995,1.3193316459655762,0.5957855582237244
0.64169189453125,2.223128662109375,7.3437255859374995,0.2632918059825897,0.17116017639636993
9.89024658203125,9.816986083984375,4.8542236328124995,3.0872013568878174,0.7760616540908813
5.63669189453125,9.816986083984375,4.8542236328124995,1.7112905979156494,0.6991797685623169
9.89024658203125,7.220628662109374,4.8542236328124995,2.9233269691467285,0.7318388223648071
9.89024658203125,9.816986083984375,2.3937255859375,2.621325969696045,0.6500305533409119
5.63669189453125,7.220628662109374,2.3937255859375,1.2144569158554077,0.478322297334671
7.39274658203125,2.3207360839843747,7.3292236328125,1.5863925218582153,0.49776121973991394
3.13919189453125,2.3207360839843747,7.3292236328125,0.5234443545341492,0.28654223680496216
7.39274658203125,9.719378662109374,7.3292236328125,2.409289598464966,0.7867013812065125
7.39274658203125,2.3207360839843747,4.8687255859375,1.3403968811035156,0.4124336838722229
3.13919189453125,9.719378662109374,4.8687255859375,0.9422643780708313,0.6035056710243225
2.39774658203125,7.318236083984375,2.3792236328125003,0.4655221104621887,0.3223901689052582
8.13419189453125,7.318236083984375,2.3792236328125003,1.8995851278305054,0.5538382530212402
2.39774658203125,4.721878662109375,2.3792236328125003,0.3535534143447876,0.21727515757083893
2.39774658203125,7.318236083984375,9.8187255859375,0.7841241359710693,0.6046736836433411
8.13419189453125,4.721878662109375,9.8187255859375,2.410222053527832,0.7187213897705078
1.7733715820312501,2.9454235839843745,6.7104736328125,0.35330745577812195,0.24641695618629456
5.01231689453125,2.9454235839843745,6.7104736328125,1.062343955039978,0.45534366369247437
1.7733715820312501,7.845316162109374,6.7104736328125,0.5691660642623901,0.5166362524032593
1.7733715820312501,2.9454235839843745,7.9624755859375,0.37421053647994995,0.26977014541625977
5.01231689453125,7.845316162109374,7.9624755859375,1.5752151012420654,0.7107934951782227
6.76837158203125,7.942923583984374,1.7604736328125001,1.3565672636032104,0.45596030354499817
0.01731689453125,7.942923583984374,1.7604736328125001,0.24558071792125702,0.30126237869262695
6.76837158203125,2.8478161621093747,1.7604736328125001,0.6136564612388611,0.182870015501976
6.76837158203125,7.942923583984374,3.0124755859375,1.7264693975448608,0.5946709513664246
0.01731689453125,2.8478161621093747,3.0124755859375,0.24455873668193817,0.17223910987377167
9.26587158203125,0.44667358398437496,9.1854736328125,0.39638403058052063,0.06784573942422867
7.50981689453125,0.44667358398437496,9.1854736328125,0.3333946466445923,0.056706503033638
9.26587158203125,0.34906616210937497,9.1854736328125,0.3285010755062103,0.044499654322862625
9.26587158203125,0.44667358398437496,0.5374755859375,0.2546837329864502,0.021841738373041153
7.50981689453125,0.34906616210937497,0.5374755859375,0.25162747502326965,0.019130421802401543
4.2708715820312495,5.444173583984375,4.2354736328125,0.9983288049697876,0.4921124279499054
2.5148168945312497,5.444173583984375,4.2354736328125,0.5584348440170288,0.38560590147972107
4.2708715820312495,5.346566162109374,4.2354736328125,0.9894479513168335,0.48708608746528625
4.2708715820312495,5.444173583984375,5.4874755859375,1.0962706804275513,0.5470926761627197
2.5148168945312497,5.346566162109374,5.4874755859375,0.6193459033966064,0.43709900975227356
3.0221215820312497,1.6960485839843749,0.5229736328125,0.2576391100883484,0.07053309679031372
3.76356689453125,1.6960485839843749,0.5229736328125,0.26064762473106384,0.06620288640260696
3.0221215820312497,6.595941162109375,0.5229736328125,0.2965914309024811,0.13867677748203278
3.0221215820312497,1.6960485839843749,9.1999755859375,0.42727431654930115,0.2155119925737381
3.76356689453125,6.595941162109375,9.1999755859375,1.1551687717437744,0.6489956974983215
8.01712158203125,6.6935485839843745,5.4729736328125,2.3403589725494385,0.7053557634353638
8.75856689453125,6.6935485839843745,5.4729736328125,2.577378511428833,0.7190471291542053
8.01712158203125,1.5984411621093748,5.4729736328125,1.2283780574798584,0.34588345885276794
8.01712158203125,6.6935485839843745,4.2499755859374995,2.2113702297210693,0.6630063056945801
8.75856689453125,1.5984411621093748,4.2499755859374995,1.1944552659988403,0.30798202753067017
5.51962158203125,4.194798583984374,2.9979736328125,0.9985048770904541,0.3899942934513092
1.26606689453125,4.194798583984374,2.9979736328125,0.28571757674217224,0.2135322242975235
5.51962158203125,4.097191162109374,2.9979736328125,0.9834818243980408,0.383267343044281
5.51962158203125,4.194798583984374,1.7749755859375,0.6765853762626648,0.2487746924161911
1.26606689453125,4.097191162109374,1.7749755859375,0.2695620656013489,0.1802561730146408
0.52462158203125,9.192298583984375,7.9479736328125,0.316177636384964,0.4438169002532959
6.2610668945312495,9.192298583984375,7.9479736328125,2.0362017154693604,0.7667405605316162
0.52462158203125,9.094691162109376,7.9479736328125,0.31522342562675476,0.44092604517936707
0.52462158203125,9.192298583984375,6.7249755859375,0.3081849217414856,0.42406708002090454
6.2610668945312495,9.094691162109376,6.7249755859375,1.9882445335388184,0.7470536828041077
0.36852783203125,1.5398767089843748,5.9370361328125,0.25041598081588745,0.12055366486310959
8.29028564453125,1.5398767089843748,5.9370361328125,1.3153412342071533,0.3617638349533081
0.36852783203125,2.066956787109375,5.9370361328125,0.2523306608200073,0.15235401690006256
0.36852783203125,1.5398767089843748,5.6421630859375,0.2503911852836609,0.11959748715162277
8.29028564453125,2.066956787109375,5.6421630859375,1.5723860263824463,0.4415121078491211
5.36352783203125,6.537376708984374,0.9870361328125,0.5995710492134094,0.22207531332969666
3.29528564453125,6.537376708984374,0.9870361328125,0.34861892461776733,0.16999606788158417
5.36352783203125,7.064456787109374,0.9870361328125,0.6405767798423767,0.24042892456054688
5.36352783203125,6.537376708984374,0.6921630859375,0.4606233239173889,0.16086998581886292
3.29528564453125,7.064456787109374,0.6921630859375,0.3245130181312561,0.15259233117103577
7.86102783203125,4.038626708984374,8.4120361328125,2.1802492141723633,0.6659302711486816
5.79278564453125,4.038626708984374,8.4120361328125,1.5433175563812256,0.6077179908752441
7.86102783203125,9.563206787109374,8.4120361328125,2.5954196453094482,0.8040724396705627
7.86102783203125,4.038626708984374,3.1671630859375,1.6075700521469116,0.476210355758667
5.79278564453125,9.563206787109374,3.1671630859375,1.5624752044677734,0.6168557405471802
2.86602783203125,9.036126708984375,3.4620361328125,0.7464804649353027,0.4977404475212097
0.79778564453125,9.036126708984375,3.4620361328125,0.30647462606430054,0.35227105021476746
2.86602783203125,4.565706787109375,3.4620361328125,0.5144221782684326,0.31258025765419006
2.86602783203125,9.036126708984375,8.1171630859375,0.9481818675994873,0.6546083092689514
0.79778564453125,4.565706787109375,8.1171630859375,0.30733776092529297,0.31012141704559326
4.11477783203125,2.7892517089843745,2.2245361328125,0.3666483163833618,0.1464090198278427
2.0465356445312497,2.7892517089843745,2.2245361328125,0.27962884306907654,0.1431308537721634
4.11477783203125,3.3163317871093745,2.2245361328125,0.43166211247444153,0.18429379165172577
4.11477783203125,2.7892517089843745,6.8796630859375,0.8122537136077881,0.3968949615955353
2.0465356445312497,3.3163317871093745,6.8796630859375,0.4232514798641205,0.30134743452072144
9.10977783203125,7.786751708984374,7.1745361328124995,2.8792684078216553,0.7802735567092896
7.04153564453125,7.786751708984374,7.1745361328124995,2.1992812156677246,0.7464295625686646
9.10977783203125,8.313831787109375,7.1745361328124995,2.9091689586639404,0.7889615893363953
9.10977783203125,7.786751708984374,1.9296630859375001,2.035578966140747,0.5351623296737671
7.04153564453125,8.313831787109375,1.9296630859375001,1.5234887599945068,0.4993009567260742
6.61227783203125,0.290501708984375,4.6995361328125,0.26463979482650757,0.026132876053452492
4.54403564453125,0.290501708984375,4.6995361328125,0.25769034028053284,0.02599339745938778
6.61227783203125,5.815081787109374,4.6995361328125,1.7532958984375,0.6181687116622925
6.61227783203125,0.290501708984375,4.4046630859375,0.2635679841041565,0.02566359005868435
4.54403564453125,5.815081787109374,4.4046630859375,1.12041175365448,0.5308704972267151
1.61727783203125,5.288001708984375,9.6495361328125,0.4962148070335388,0.4532833397388458
9.53903564453125,5.288001708984375,9.6495361328125,2.9242279529571533,0.7591537237167358
1.61727783203125,0.8175817871093749,9.6495361328125,0.2673187851905823,0.08070118725299835
1.61727783203125,5.288001708984375,9.3546630859375,0.4922570288181305,0.44863229990005493
9.53903564453125,0.8175817871093749,9.3546630859375,1.18827223777771,0.28157705068588257
2.24165283203125,4.663314208984374,4.0807861328125,0.4464709758758545,0.31359535455703735
6.41716064453125,4.663314208984374,4.0807861328125,1.488365650177002,0.5305177569389343
2.24165283203125,6.439769287109375,4.0807861328125,0.5373749732971191,0.40365758538246155
2.24165283203125,4.663314208984374,8.7359130859375,0.6051669120788574,0.46087899804115295
6.41716064453125,6.439769287109375,8.7359130859375,1.973176121711731,0.7240228652954102
7.2366528320312495,9.660814208984375,9.0307861328125,2.407149076461792,0.8020663261413574
1.42216064453125,9.660814208984375,9.0307861328125,0.550119936466217,0.5794557332992554
7.2366528320312495,1.4422692871093747,9.0307861328125,1.2412779331207275,0.38557761907577515
7.2366528320312495,9.660814208984375,3.7859130859375,2.1013801097869873,0.6918495893478394
1.42216064453125,1.4422692871093747,3.7859130859375,0.2615848481655121,0.10463876277208328
9.73415283203125,2.1645642089843746,1.6057861328125,0.7535953521728516,0.1645510047674179
8.91466064453125,2.1645642089843746,1.6057861328125,0.6305285692214966,0.14535868167877197
9.73415283203125,3.9410192871093748,1.6057861328125,1.3935856819152832,0.33023858070373535
9.73415283203125,2.1645642089843746,1.3109130859375002,0.5705631375312805,0.11858906596899033
8.91466064453125,3.9410192871093748,1.3109130859375002,1.0306146144866943,0.2565300166606903
4.73915283203125,7.162064208984375,6.5557861328125,1.405251145362854,0.6589910387992859
3.91966064453125,7.162064208984375,6.5557861328125,1.154283881187439,0.6262890696525574
4.73915283203125,8.938519287109376,6.5557861328125,1.4853564500808716,0.7010523080825806
4.73915283203125,7.162064208984375,6.2609130859375,1.3913965225219727,0.6518075466156006
3.91966064453125,8.938519287109376,6.2609130859375,1.2162021398544312,0.6647823452949524
3.4904028320312497,0.915189208984375,7.7932861328125,0.3085763156414032,0.09519686549901962
2.67091064453125,0.915189208984375,7.7932861328125,0.286380410194397,0.08957788348197937
3.4904028320312497,7.689144287109374,7.7932861328125,1.0873507261276245,0.6474599838256836
3.4904028320312497,0.915189208984375,9.9734130859375,0.3272973299026489,0.10744663327932358
2.67091064453125,7.689144287109374,9.9734130859375,0.8800994157791138,0.6352075934410095
8.48540283203125,5.912689208984374,2.8432861328125,1.9904483556747437,0.5594233870506287
7.66591064453125,5.912689208984374,2.8432861328125,1.7574595212936401,0.5383601784706116
8.48540283203125,2.6916442871093746,2.8432861328125,1.3045239448547363,0.35072630643844604
8.48540283203125,5.912689208984374,5.0234130859374995,2.3752634525299072,0.6785541772842407
7.66591064453125,2.6916442871093746,5.0234130859374995,1.5613477230072021,0.4722563624382019
5.98790283203125,3.4139392089843748,5.3182861328125,1.3123914003372192,0.49161383509635925
0.17341064453125002,3.4139392089843748,5.3182861328125,0.2503328025341034,0.21455612778663635
5.98790283203125,0.19289428710937498,5.3182861328125,0.2565726637840271,0.017934072762727737
5.98790283203125,3.4139392089843748,2.5484130859375003,0.8605669736862183,0.30482617020606995
0.17341064453125002,0.19289428710937498,2.5484130859375003,0.24462011456489563,0.015693441033363342
0.9929028320312501,8.411439208984374,0.3682861328125,0.26060429215431213,0.20282703638076782
5.16841064453125,8.411439208984374,0.3682861328125,0.39655768871307373,0.13749249279499054
0.9929028320312501,5.190394287109375,0.3682861328125,0.2546791136264801,0.16285820305347443
0.9929028320312501,8.411439208984374,7.4984130859375,0.4001829922199249,0.47096899151802063
5.16841064453125,5.190394287109375,7.4984130859375,1.4422460794448853,0.6263807415962219
0.68071533203125,3.7262829589843744,9.3401611328125,0.28928419947624207,0.2724590301513672
4.85622314453125,3.7262829589843744,9.3401611328125,1.2551648616790771,0.5668849349021912
0.68071533203125,4.878050537109375,9.3401611328125,0.30514127016067505,0.3303890824317932
0.68071533203125,3.7262829589843744,4.7140380859375,0.2694142460823059,0.2254231870174408
4.85622314453125,4.878050537109375,4.7140380859375,1.1504673957824707,0.5146627426147461
5.67571533203125,8.723782958984375,4.3901611328125,1.6363343000411987,0.6612944602966309
9.85122314453125,8.723782958984375,4.3901611328125,2.9622585773468018,0.7450937032699585
5.67571533203125,9.875550537109374,4.3901611328125,1.6883233785629272,0.6844984292984009
5.67571533203125,8.723782958984375,9.6640380859375,1.8681976795196533,0.7647716999053955
9.85122314453125,9.875550537109374,9.6640380859375,3.3132431507110596,0.8407092094421387
8.17321533203125,1.2275329589843749,6.8651611328125,1.1494053602218628,0.3147149384021759
2.35872314453125,1.2275329589843749,6.8651611328125,0.2913825213909149,0.1125255599617958
8.17321533203125,7.376800537109374,6.8651611328125,2.5304267406463623,0.7537033557891846
8.17321533203125,1.2275329589843749,7.1890380859375,1.180317759513855,0.3243400752544403
2.35872314453125,7.376800537109374,7.1890380859375,0.7261683940887451,0.5598823428153992
3.17821533203125,6.225032958984374,1.9151611328125002,0.4875776469707489,0.272212952375412
7.35372314453125,6.225032958984374,1.9151611328125002,1.4006744623184204,0.4362616240978241
3.17821533203125,2.3793005371093745,1.9151611328125002,0.2907126545906067,0.11616195738315582
3.17821533203125,6.225032958984374,2.2390380859375,0.5414555668830872,0.30986112356185913
7.35372314453125,2.3793005371093745,2.2390380859375,0.7436320781707764,0.2119235396385193
4.42696533203125,2.4769079589843748,3.1526611328125003,0.48350125551223755,0.19782638549804688
6.10497314453125,2.4769079589843748,3.1526611328125003,0.7925636172294617,0.2712956964969635
4.42696533203125,1.1299255371093748,3.1526611328125003,0.2897302806377411,0.0787157192826271
4.42696533203125,2.4769079589843748,3.4765380859375004,0.5285831093788147,0.2213188260793686
6.10497314453125,1.1299255371093748,3.4765380859375004,0.3406207859516144,0.08715196698904037
9.42196533203125,7.474407958984374,8.1026611328125,3.0041887760162354,0.7905803918838501
1.10997314453125,7.474407958984374,8.1026611328125,0.41815945506095886,0.4658297002315521
9.42196533203125,6.127425537109374,8.1026611328125,2.906153917312622,0.7629890441894531
9.42196533203125,7.474407958984374,8.4265380859375,3.0161871910095215,0.7939998507499695
1.10997314453125,6.127425537109374,8.4265380859375,0.39317795634269714,0.41890349984169006
6.92446533203125,4.975657958984375,0.6776611328125,0.48558875918388367,0.1351509690284729
8.60247314453125,4.975657958984375,0.6776611328125,0.6997101306915283,0.16982194781303406
6.92446533203125,8.626175537109376,0.6776611328125,0.8335896730422974,0.2572003901004791
6.92446533203125,4.975657958984375,5.9515380859375,1.871286392211914,0.6356700658798218
8.60247314453125,8.626175537109376,5.9515380859375,2.690183639526367,0.7663658261299133
1.92946533203125,9.973157958984375,5.6276611328124995,0.6332650780677795,0.5575483441352844
3.60747314453125,9.973157958984375,5.6276611328124995,1.1272505521774292,0.6566028594970703
1.92946533203125,3.6286755371093746,5.6276611328124995,0.3912951648235321,0.2830156683921814
1.92946533203125,9.973157958984375,1.0015380859375,0.3196718692779541,0.227755606174469
3.60747314453125,3.6286755371093746,1.0015380859375,0.2956862151622772,0.11584199965000153
1.3050903320312501,0.6028454589843749,1.2964111328125,0.24786430597305298,0.04071498289704323
0.48559814453125,0.6028454589843749,1.2964111328125,0.24558071792125702,0.04156956449151039
1.3050903320312501,9.250863037109376,1.2964111328125,0.29375237226486206,0.250987708568573
1.3050903320312501,0.6028454589843749,1.6202880859375002,0.2476024329662323,0.04194897413253784
0.48559814453125,9.250863037109376,1.6202880859375002,0.2625512182712555,0.29639336466789246
6.30009033203125,5.600345458984375,6.2464111328125,1.7633211612701416,0.651094377040863
5.48059814453125,5.600345458984375,6.2464111328125,1.5123997926712036,0.6257369518280029
6.30009033203125,4.2533630371093745,6.2464111328125,1.6133002042770386,0.5901524424552917
6.30009033203125,5.600345458984375,6.5702880859374995,1.782334566116333,0.658833384513855
5.48059814453125,4.2533630371093745,6.5702880859374995,1.392323613166809,0.5704132914543152
8.79759033203125,3.1015954589843746,3.7714111328125,1.7764153480529785,0.4768069386482239
2.9830981445312497,3.1015954589843746,3.7714111328125,0.42079243063926697,0.22847577929496765
8.79759033203125,1.7546130371093747,3.7714111328125,1.1964881420135498,0.30731067061424255
8.79759033203125,3.1015954589843746,9.0452880859375,2.323267698287964,0.6405131816864014
2.9830981445312497,1.7546130371093747,9.0452880859375,0.43055564165115356,0.220986470580101
3.80259033203125,8.099095458984376,8.7214111328125,1.2211755514144897,0.685311496257782
7.97809814453125,8.099095458984376,8.7214111328125,2.5801901817321777,0.7878420948982239
3.80259033203125,6.752113037109375,8.7214111328125,1.1641782522201538,0.6489663124084473
3.80259033203125,8.099095458984376,4.0952880859375,1.0214163064956665,0.5608699917793274
7.97809814453125,6.752113037109375,4.0952880859375,2.18235182762146,0.6566174030303955
2.5538403320312497,4.350970458984374,7.4839111328125,0.6333053708076477,0.44050803780555725
9.22684814453125,4.350970458984374,7.4839111328125,2.611250638961792,0.6938198208808899
2.5538403320312497,5.502738037109374,7.4839111328125,0.7062363624572754,0.5058611631393433
2.5538403320312497,4.350970458984374,0.3827880859375,0.26860320568084717,0.11620727926492691
9.22684814453125,5.502738037109374,0.3827880859375,0.5846064686775208,0.12792040407657623
7.54884033203125,9.348470458984375,2.5339111328125004,1.9353810548782349,0.6074516773223877
4.2318481445312495,9.348470458984375,2.5339111328125004,1.0015188455581665,0.5002244114875793
7.54884033203125,0.505238037109375,2.5339111328125004,0.2707088887691498,0.035716284066438675
7.54884033203125,9.348470458984375,5.3327880859375,2.3393642902374268,0.7468703985214233
4.2318481445312495,0.505238037109375,5.3327880859375,0.2695314884185791,0.04572470486164093
5.05134033203125,1.8522204589843747,9.9589111328125,0.9283219575881958,0.3849130868911743
6.72934814453125,1.8522204589843747,9.9589111328125,1.3643229007720947,0.45972543954849243
5.05134033203125,3.003988037109375,9.9589111328125,1.2181943655014038,0.5282960534095764
5.05134033203125,1.8522204589843747,7.8077880859375,0.8413609266281128,0.34297218918800354
6.72934814453125,3.003988037109375,7.8077880859375,1.6163597106933594,0.5557307600975037
0.05634033203125,6.8497204589843745,5.0089111328125,0.2473287582397461,0.32098478078842163
1.73434814453125,6.8497204589843745,5.0089111328125,0.4802626073360443,0.42185619473457336
0.05634033203125,8.001488037109375,5.0089111328125,0.24842482805252075,0.3488556444644928
0.05634033203125,6.8497204589843745,2.8577880859375,0.24644383788108826,0.29536643624305725
1.73434814453125,8.001488037109375,2.8577880859375,0.40739327669143677,0.343496710062027
0.07585205078125,1.8717419433593747,0.9677001953125,0.24463623762130737,0.10745593160390854
9.55854736328125,1.8717419433593747,0.9677001953125,0.3337148427963257,0.060447365045547485
0.07585205078125,5.8736462402343745,0.9677001953125,0.24553678929805756,0.23507454991340637
0.07585205078125,1.8717419433593747,6.5896240234375,0.24637065827846527,0.14258381724357605
9.55854736328125,5.8736462402343745,6.5896240234375,2.8464722633361816,0.7355731129646301
5.07085205078125,6.869241943359374,5.9177001953124995,1.459273338317871,0.6461546421051025
4.56354736328125,6.869241943359374,5.9177001953124995,1.30441415309906,0.6275126934051514
5.07085205078125,0.8761462402343749,5.9177001953124995,0.32943376898765564,0.08776835352182388
5.07085205078125,6.869241943359374,1.6396240234375001,0.8305770754814148,0.3428477644920349
4.56354736328125,0.8761462402343749,1.6396240234375001,0.2635943591594696,0.051962755620479584
7.56835205078125,4.370491943359375,3.4427001953125003,1.6534026861190796,0.5094683766365051
7.06104736328125,4.370491943359375,3.4427001953125003,1.5145090818405151,0.4940434992313385
7.56835205078125,3.3748962402343747,3.4427001953125003,1.4485338926315308,0.43998780846595764
7.56835205078125,4.370491943359375,4.1146240234375,1.7775013446807861,0.5517604351043701
7.06104736328125,3.3748962402343747,4.1146240234375,1.4444677829742432,0.46857979893684387
2.5733520507812497,9.367991943359375,8.3927001953125,0.8732103705406189,0.6501258611679077
2.0660473632812497,9.367991943359375,8.3927001953125,0.7212859392166138,0.6170734167098999
2.5733520507812497,8.372396240234375,8.3927001953125,0.8461925983428955,0.6261880993843079
2.5733520507812497,9.367991943359375,9.0646240234375,0.8841943144798279,0.659490704536438
2.0660473632812497,8.372396240234375,9.0646240234375,0.707155168056488,0.6015267968177795
3.82210205078125,3.121116943359375,7.1552001953125,0.8084006905555725,0.4213481843471527
0.81729736328125,3.121116943359375,7.1552001953125,0.2812460660934448,0.2250063419342041
3.82210205078125,9.621771240234375,7.1552001953125,1.2393057346343994,0.694079577922821
3.82210205078125,3.121116943359375,5.3521240234375,0.7104349732398987,0.36169371008872986
0.81729736328125,9.621771240234375,5.3521240234375,0.3483476936817169,0.43167272210121155
8.81710205078125,8.118616943359376,2.2052001953125,2.1035075187683105,0.5725798010826111
5.81229736328125,8.118616943359376,2.2052001953125,1.2755457162857056,0.49126479029655457
8.81710205078125,4.624271240234375,2.2052001953125,1.6514995098114014,0.4391102194786072
8.81710205078125,8.118616943359376,0.4021240234375,0.8436267375946045,0.20579221844673157
5.81229736328125,4.624271240234375,0.4021240234375,0.3156082332134247,0.08837896585464478
6.31960205078125,0.6223669433593749,9.6302001953125,0.37632572650909424,0.08752745389938354
3.31479736328125,0.6223669433593749,9.6302001953125,0.2854563295841217,0.06699422746896744
6.31960205078125,2.1255212402343746,9.6302001953125,1.343245029449463,0.4792773425579071
6.31960205078125,0.6223669433593749,2.8771240234375,0.274495393037796,0.04498974233865738
3.31479736328125,2.1255212402343746,2.8771240234375,0.3116358518600464,0.12802036106586456
1.32460205078125,5.619866943359375,4.6802001953125,0.35333994030952454,0.3218342959880829
8.30979736328125,5.619866943359375,4.6802001953125,2.2503063678741455,0.6528222560882568
1.32460205078125,7.123021240234374,4.6802001953125,0.39033520221710205,0.3813255727291107
1.32460205078125,5.619866943359375,7.8271240234375,0.4162374436855316,0.40743404626846313
8.30979736328125,7.123021240234374,7.8271240234375,2.6021997928619385,0.7646734118461609
1.94897705078125,4.995179443359374,9.0114501953125,0.5542047023773193,0.4585960805416107
5.18792236328125,4.995179443359374,9.0114501953125,1.4822450876235962,0.6434792876243591
1.94897705078125,0.251458740234375,9.0114501953125,0.2517051696777344,0.025406016036868095
1.94897705078125,4.995179443359374,9.6833740234375,0.5651350617408752,0.4698326289653778
5.18792236328125,0.251458740234375,9.6833740234375,0.267409086227417,0.027122825384140015
6.94397705078125,9.992679443359375,4.0614501953125,2.0584888458251953,0.7036227583885193
0.19292236328125,9.992679443359375,4.0614501953125,0.25847601890563965,0.3757176399230957
6.94397705078125,5.248958740234374,4.0614501953125,1.7114415168762207,0.5746173858642578
6.94397705078125,9.992679443359375,4.7333740234374995,2.1253693103790283,0.7285838723182678
0.19292236328125,5.248958740234374,4.7333740234374995,0.2534171938896179,0.2764069736003876
9.44147705078125,2.4964294433593746,6.5364501953125,2.171354055404663,0.5552515983581543
7.68542236328125,2.4964294433593746,6.5364501953125,1.6662635803222656,0.5064162611961365
9.44147705078125,7.7477087402343745,6.5364501953125,2.95237398147583,0.774206280708313
9.44147705078125,2.4964294433593746,2.2583740234375003,1.2074940204620361,0.29000842571258545
7.68542236328125,7.7477087402343745,2.2583740234375003,1.7716184854507446,0.5419805645942688
4.44647705078125,7.493929443359375,1.5864501953125,0.7288471460342407,0.33203527331352234
2.69042236328125,7.493929443359375,1.5864501953125,0.4137133061885834,0.2537393271923065
4.44647705078125,2.750208740234375,1.5864501953125,0.3235532343387604,0.11369221657514572
4.44647705078125,7.493929443359375,7.2083740234375,1.3561739921569824,0.670901894569397
2.69042236328125,2.750208740234375,7.2083740234375,0.49727654457092285,0.30456069111824036
3.19772705078125,1.2470544433593749,2.8239501953125004,0.27362409234046936,0.08300802856683731
3.93917236328125,1.2470544433593749,2.8239501953125004,0.28354185819625854,0.08209264278411865
3.19772705078125,3.9995837402343746,2.8239501953125004,0.4584867060184479,0.24640874564647675
3.19772705078125,1.2470544433593749,8.4458740234375,0.34726762771606445,0.13961365818977356
3.93917236328125,3.9995837402343746,8.4458740234375,0.9992844462394714,0.5269783139228821
8.192727050781249,6.244554443359374,7.7739501953125,2.4991955757141113,0.7420926094055176
8.93417236328125,6.244554443359374,7.7739501953125,2.741206407546997,0.7542862892150879
8.192727050781249,8.997083740234375,7.7739501953125,2.6621596813201904,0.7943113446235657
8.192727050781249,6.244554443359374,3.4958740234375,2.098363161087036,0.6131370663642883
8.93417236328125,8.997083740234375,3.4958740234375,2.5515589714050293,0.697319507598877
5.6952270507812495,3.7458044433593747,0.34895019531250004,0.29355934262275696,0.0778869017958641
1.44167236328125,3.7458044433593747,0.34895019531250004,0.2555892765522003,0.1263994425535202
5.6952270507812495,6.498333740234375,0.34895019531250004,0.3527299761772156,0.10715526342391968
5.6952270507812495,3.7458044433593747,1.0208740234375,0.3756565451622009,0.11640408635139465
1.44167236328125,6.498333740234375,1.0208740234375,0.27555638551712036,0.1954779028892517
0.70022705078125,8.743304443359374,5.2989501953125,0.318305641412735,0.396809846162796
6.43667236328125,8.743304443359374,5.2989501953125,1.9503037929534912,0.7127151489257812
0.70022705078125,1.5008337402343748,5.2989501953125,0.2553927004337311,0.11658921092748642
0.70022705078125,8.743304443359374,5.9708740234375,0.326290488243103,0.41339778900146484
6.43667236328125,1.5008337402343748,5.9708740234375,0.8644316792488098,0.2837345600128174
1.01241455078125,3.4334606933593745,4.3708251953124995,0.27944567799568176,0.21094469726085663
3.62698486328125,3.4334606933593745,4.3708251953124995,0.6364597678184509,0.3322010934352875
1.01241455078125,8.684739990234375,4.3708251953124995,0.3532775938510895,0.3915438652038574
1.01241455078125,3.4334606933593745,3.8052490234375003,0.27445468306541443,0.20139682292938232
3.62698486328125,8.684739990234375,3.8052490234375003,0.9713820219039917,0.5523335337638855
6.00741455078125,8.430960693359376,9.3208251953125,1.9583767652511597,0.7638217806816101
8.62198486328125,8.430960693359376,9.3208251953125,2.828139066696167,0.8072203993797302
6.00741455078125,3.6872399902343744,9.3208251953125,1.5914016962051392,0.607779324054718
6.00741455078125,8.430960693359376,8.7552490234375,1.9451662302017212,0.7581767439842224
8.62198486328125,3.6872399902343744,8.7552490234375,2.376446008682251,0.6692269444465637
8.50491455078125,0.934710693359375,1.8958251953125,0.2966996133327484,0.05095934495329857
1.12948486328125,0.934710693359375,1.8958251953125,0.24967089295387268,0.06360376626253128
8.50491455078125,1.1884899902343748,1.8958251953125,0.32264116406440735,0.06184907257556915
8.50491455078125,0.934710693359375,6.2802490234374995,0.8514499068260193,0.21385043859481812
1.12948486328125,1.1884899902343748,6.2802490234374995,0.26048362255096436,0.1000770553946495
3.5099145507812497,5.932210693359375,6.8458251953125,0.9782437682151794,0.5703569054603577
6.12448486328125,5.932210693359375,6.8458251953125,1.7692155838012695,0.6711201667785645
3.5099145507812497,6.185989990234375,6.8458251953125,0.9922888278961182,0.5799983143806458
3.5099145507812497,5.932210693359375,1.3302490234375002,0.4047304689884186,0.19746065139770508
6.12448486328125,6.185989990234375,1.3302490234375002,0.8596131205558777,0.2993057370185852
4.7586645507812495,2.184085693359375,8.0833251953125,0.8884119987487793,0.3866039216518402
7.37323486328125,2.184085693359375,8.0833251953125,1.5812989473342896,0.4972594976425171
4.7586645507812495,7.435364990234374,8.0833251953125,1.4792983531951904,0.6950482726097107
4.7586645507812495,2.184085693359375,5.0427490234375,0.6934176683425903,0.2884955406188965
7.37323486328125,7.435364990234374,5.0427490234375,2.153287887573242,0.6980105042457581
9.75366455078125,7.1815856933593745,3.1333251953125,2.585353136062622,0.6492295861244202
2.37823486328125,7.1815856933593745,3.1333251953125,0.5305095314979553,0.3816249668598175
9.75366455078125,2.4378649902343748,3.1333251953125,1.6024068593978882,0.38487470149993896
9.75366455078125,7.1815856933593745,9.9927490234375,3.158135414123535,0.806675374507904
2.37823486328125,2.4378649902343748,9.9927490234375,0.4582210183143616,0.293952077627182
7.25616455078125,4.682835693359374,5.6083251953125,1.9093185663223267,0.6215043663978577
9.87073486328125,4.682835693359374,5.6083251953125,2.7192270755767822,0.6783872842788696
7.25616455078125,4.936614990234374,5.6083251953125,1.9413648843765259,0.6329513192176819
7.25616455078125,4.682835693359374,7.5177490234375,2.035320997238159,0.6667674779891968
9.87073486328125,4.936614990234374,7.5177490234375,2.9001433849334717,0.7276214957237244
2.26116455078125,9.680335693359375,0.6583251953125,0.3086821734905243,0.1906382292509079
4.87573486328125,9.680335693359375,0.6583251953125,0.5616600513458252,0.22453676164150238
2.26116455078125,9.934114990234375,0.6583251953125,0.3107525408267975,0.19311822950839996
2.26116455078125,9.680335693359375,2.5677490234375,0.534404456615448,0.4038535952568054
4.87573486328125,9.934114990234375,2.5677490234375,1.2085727453231812,0.5440180897712708
1.63678955078125,0.310023193359375,6.2270751953125,0.2505452632904053,0.029012693092226982
1.75385986328125,0.310023193359375,6.2270751953125,0.25056523084640503,0.028948673978447914
1.63678955078125,3.0625524902343746,6.2270751953125,0.33535414934158325,0.238141268491745
1.63678955078125,0.310023193359375,0.7114990234375,0.2465410977602005,0.020473431795835495
1.75385986328125,3.0625524902343746,0.7114990234375,0.2595196068286896,0.11915482580661774
6.63178955078125,5.3075231933593745,1.2770751953125001,0.8285369277000427,0.2659437954425812
6.7488598632812495,5.3075231933593745,1.2770751953125001,0.8495942950248718,0.26925134658813477
6.63178955078125,8.060052490234375,1.2770751953125001,1.108513355255127,0.3710300326347351
6.63178955078125,5.3075231933593745,5.6614990234375,1.7962942123413086,0.6330933570861816
6.7488598632812495,8.060052490234375,5.6614990234375,2.0392816066741943,0.7156074047088623
9.12928955078125,2.8087731933593747,8.7020751953125,2.3332536220550537,0.6208457350730896
4.25135986328125,2.8087731933593747,8.7020751953125,0.9252569079399109,0.44922706484794617
9.12928955078125,5.561302490234374,8.7020751953125,2.783186674118042,0.7510188221931458
9.12928955078125,2.8087731933593747,8.1364990234375,2.302263021469116,0.6117646098136902
4.25135986328125,5.561302490234374,8.1364990234375,1.2162572145462036,0.6174669861793518
4.13428955078125,7.806273193359374,3.7520751953125,1.0683612823486328,0.5483233332633972
9.24635986328125,7.806273193359374,3.7520751953125,2.611351728439331,0.6915722489356995
4.13428955078125,0.563802490234375,3.7520751953125,0.2646649181842804,0.04561628773808479
4.13428955078125,7.806273193359374,3.1864990234375004,1.0004258155822754,0.5092688202857971
9.24635986328125,0.563802490234375,3.1864990234375004,0.29561400413513184,0.04244193062186241
2.88553955078125,4.058148193359375,2.5145751953125,0.38369494676589966,0.21075734496116638
7.99760986328125,4.058148193359375,2.5145751953125,1.4516379833221436,0.41842642426490784
2.88553955078125,1.8131774902343747,2.5145751953125,0.28147467970848083,0.10724755376577377
2.88553955078125,4.058148193359375,1.9489990234375,0.3346286416053772,0.1727498322725296
7.99760986328125,1.8131774902343747,1.9489990234375,0.49465805292129517,0.11989209800958633
7.88053955078125,9.055648193359374,7.4645751953124995,2.5492894649505615,0.7867810130119324
3.0026098632812497,9.055648193359374,7.4645751953124995,0.9762464761734009,0.6512696146965027
7.88053955078125,6.810677490234374,7.4645751953124995,2.4262120723724365,0.7458877563476562
7.88053955078125,9.055648193359374,6.8989990234375,2.525634765625,0.7788648009300232
3.0026098632812497,6.810677490234374,6.8989990234375,0.8792410492897034,0.5761458873748779
5.38303955078125,1.5593981933593748,4.9895751953125,0.5834462642669678,0.20757494866847992
5.50010986328125,1.5593981933593748,4.9895751953125,0.6054463386535645,0.2133113294839859
5.38303955078125,9.309427490234375,4.9895751953125,1.6202857494354248,0.6870129704475403
5.38303955078125,1.5593981933593748,9.3739990234375,0.8693729043006897,0.3356991112232208
5.50010986328125,9.309427490234375,9.3739990234375,1.8261815309524536,0.767909586429596
0.38803955078125,6.556898193359374,9.9395751953125,0.28618761897087097,0.37660688161849976
0.50510986328125,6.556898193359374,9.9395751953125,0.30217981338500977,0.3878776431083679
0.38803955078125,4.311927490234375,9.9395751953125,0.2721800208091736,0.29022786021232605
0.38803955078125,6.556898193359374,4.4239990234375,0.26628735661506653,0.3107682168483734
0.50510986328125,4.311927490234375,4.4239990234375,0.2633555233478546,0.2423136979341507
0.54413330078125,4.214320068359375,6.3817626953125,0.272379070520401,0.2620397210121155
4.7196411132812495,4.214320068359375,6.3817626953125,1.157315731048584,0.5311261415481567
0.54413330078125,6.966849365234374,6.3817626953125,0.29224857687950134,0.3585958480834961
0.54413330078125,4.214320068359375,3.0318115234375003,0.25945553183555603,0.2197730541229248
4.7196411132812495,6.966849365234374,3.0318115234375003,1.083398699760437,0.49480369687080383
5.53913330078125,9.211820068359375,1.4317626953125002,1.0146862268447876,0.3978514075279236
9.71464111328125,9.211820068359375,1.4317626953125002,2.0456228256225586,0.5053644180297852
5.53913330078125,1.9693493652343748,1.4317626953125002,0.3036405146121979,0.08258004486560822
5.53913330078125,9.211820068359375,7.9818115234375,1.8011919260025024,0.7515578269958496
9.71464111328125,1.9693493652343748,7.9818115234375,2.147376298904419,0.5339566469192505
8.03663330078125,1.7155700683593749,8.8567626953125,1.6013728380203247,0.4644939601421356
2.22214111328125,1.7155700683593749,8.8567626953125,0.33732864260673523,0.1767749935388565
8.03663330078125,4.468099365234375,8.8567626953125,2.31424880027771,0.6956924796104431
8.03663330078125,1.7155700683593749,5.5068115234374995,1.3084276914596558,0.37052401900291443
2.22214111328125,4.468099365234375,5.5068115234374995,0.4984467327594757,0.36297744512557983
3.0416333007812497,6.713070068359374,3.9067626953125,0.7313587069511414,0.46059444546699524
7.21714111328125,6.713070068359374,3.9067626953125,1.919437050819397,0.6282670497894287
3.0416333007812497,9.465599365234375,3.9067626953125,0.8443300724029541,0.5466923117637634
3.0416333007812497,6.713070068359374,0.5568115234375001,0.3006930649280548,0.14184798300266266
7.21714111328125,9.465599365234375,0.5568115234375001,0.8466620445251465,0.25158458948135376
4.29038330078125,0.46619506835937496,0.1942626953125,0.2487688660621643,0.024028582498431206
5.96839111328125,0.46619506835937496,0.1942626953125,0.24959444999694824,0.02250513806939125
4.29038330078125,8.216224365234375,0.1942626953125,0.31386980414390564,0.11541319638490677
4.29038330078125,0.46619506835937496,4.2693115234375,0.2637019455432892,0.03976203873753548
5.96839111328125,8.216224365234375,4.2693115234375,1.6874711513519287,0.6527636647224426
9.28538330078125,5.463695068359375,5.1442626953124995,2.5903029441833496,0.6830624938011169
0.97339111328125,5.463695068359375,5.1442626953124995,0.3132854104042053,0.30777662992477417
9.28538330078125,3.2187243652343747,5.1442626953124995,2.190484046936035,0.5693787336349487
9.28538330078125,5.463695068359375,9.2193115234375,2.844102621078491,0.7562587857246399
0.97339111328125,3.2187243652343747,9.2193115234375,0.30528372526168823,0.2565581798553467
6.78788330078125,2.9649450683593748,2.6692626953125003,0.9565047025680542,0.3058489263057709
8.46589111328125,2.9649450683593748,2.6692626953125003,1.334523320198059,0.3605760931968689
6.78788330078125,0.719974365234375,2.6692626953125003,0.28169628977775574,0.049198441207408905
6.78788330078125,2.9649450683593748,6.7443115234375,1.5592869520187378,0.5295566320419312
8.46589111328125,0.719974365234375,6.7443115234375,0.5884968638420105,0.13570742309093475
1.7928833007812501,7.962445068359374,7.6192626953125,0.5962497591972351,0.542819082736969
3.4708911132812497,7.962445068359374,7.6192626953125,1.0871940851211548,0.650627851486206
1.7928833007812501,5.7174743652343745,7.6192626953125,0.5231629014015198,0.45517900586128235
1.7928833007812501,7.962445068359374,1.7943115234375002,0.3385491669178009,0.25904709100723267
3.4708911132812497,5.7174743652343745,1.7943115234375002,0.4824937880039215,0.2492399662733078
2.41725830078125,2.340257568359375,3.2880126953125,0.2984809875488281,0.1457994282245636
0.34901611328125004,2.340257568359375,3.2880126953125,0.24955976009368896,0.1497843861579895
2.41725830078125,1.3446618652343747,3.2880126953125,0.2705993056297302,0.09400401264429092
2.41725830078125,2.340257568359375,1.1755615234375,0.26559150218963623,0.10462510585784912
0.34901611328125004,1.3446618652343747,1.1755615234375,0.246606707572937,0.08307668566703796
7.41225830078125,7.3377575683593745,8.2380126953125,2.3362069129943848,0.759136438369751
5.34401611328125,7.3377575683593745,8.2380126953125,1.6651525497436523,0.712558388710022
7.41225830078125,6.342161865234375,8.2380126953125,2.2712526321411133,0.7363190054893494
7.41225830078125,7.3377575683593745,6.1255615234375,2.239257335662842,0.7248502969741821
5.34401611328125,6.342161865234375,6.1255615234375,1.5203518867492676,0.6443454623222351
9.90975830078125,4.839007568359374,0.8130126953125,0.9968973398208618,0.22237995266914368
2.84651611328125,4.839007568359374,0.8130126953125,0.289725124835968,0.1355636566877365
9.90975830078125,8.840911865234375,0.8130126953125,1.5396896600723267,0.36253994703292847
9.90975830078125,4.839007568359374,8.6005615234375,2.9542601108551025,0.7395696043968201
2.84651611328125,8.840911865234375,8.6005615234375,0.9462422728538513,0.656561553478241
4.91475830078125,9.836507568359375,5.7630126953125,1.5386408567428589,0.7053396701812744
7.84151611328125,9.836507568359375,5.7630126953125,2.4852962493896484,0.7690005898475647
4.91475830078125,3.8434118652343745,5.7630126953125,1.1252931356430054,0.49581432342529297
4.91475830078125,9.836507568359375,3.6505615234375,1.3783314228057861,0.6247231960296631
7.84151611328125,3.8434118652343745,3.6505615234375,1.67254638671875,0.4986826181411743
3.66600830078125,3.5896325683593746,9.4755126953125,0.9053472876548767,0.49954065680503845
9.09026611328125,3.5896325683593746,9.4755126953125,2.536242723464966,0.6824540495872498
3.66600830078125,2.594036865234375,9.4755126953125,0.7602618932723999,0.4039132297039032
3.66600830078125,3.5896325683593746,2.4130615234375004,0.4335770010948181,0.20443695783615112
9.09026611328125,2.594036865234375,2.4130615234375004,1.2427250146865845,0.31075790524482727
8.66100830078125,8.587132568359376,4.5255126953125,2.586273431777954,0.7293944954872131
4.09526611328125,8.587132568359376,4.5255126953125,1.1624475717544556,0.6081026792526245
8.66100830078125,7.591536865234374,4.5255126953125,2.52030611038208,0.7092862725257874
8.66100830078125,8.587132568359376,7.3630615234375,2.7822577953338623,0.7896178960800171
4.09526611328125,7.591536865234374,7.3630615234375,1.256376028060913,0.662846028804779
6.16350830078125,1.0908825683593748,7.0005126953125,0.6213756799697876,0.19613277912139893
6.59276611328125,1.0908825683593748,7.0005126953125,0.7034146785736084,0.2154441624879837
6.16350830078125,5.092786865234374,7.0005126953125,1.7152870893478394,0.6447036862373352
6.16350830078125,1.0908825683593748,9.8380615234375,0.7802769541740417,0.25915053486824036
6.59276611328125,5.092786865234374,9.8380615234375,1.9542077779769897,0.698550283908844
1.16850830078125,6.088382568359375,2.0505126953125,0.284597247838974,0.2365799844264984
1.59776611328125,6.088382568359375,2.0505126953125,0.3065605163574219,0.23134340345859528
1.16850830078125,0.095286865234375,2.0505126953125,0.24560897052288055,0.007630775682628155
1.16850830078125,6.088382568359375,4.8880615234375,0.34532055258750916,0.3364093005657196
1.59776611328125,0.095286865234375,4.8880615234375,0.24565210938453674,0.008729368448257446
0.8563208007812501,0.778538818359375,8.5473876953125,0.2543394863605499,0.07270463556051254
8.15370361328125,0.778538818359375,8.5473876953125,0.7773539423942566,0.19840805232524872
0.8563208007812501,9.777943115234375,8.5473876953125,0.398173451423645,0.5115838050842285
0.8563208007812501,0.778538818359375,7.0536865234374995,0.25242918729782104,0.0696692168712616
8.15370361328125,9.777943115234375,7.0536865234374995,2.6532721519470215,0.7950254082679749
5.85132080078125,5.776038818359375,3.5973876953125004,1.3854649066925049,0.5344621539115906
3.15870361328125,5.776038818359375,3.5973876953125004,0.6784778833389282,0.4075464904308319
5.85132080078125,4.780443115234375,3.5973876953125004,1.2734746932983398,0.4862801432609558
5.85132080078125,5.776038818359375,2.1036865234375,1.0537042617797852,0.39360880851745605
3.15870361328125,4.780443115234375,2.1036865234375,0.42175719141960144,0.2251991182565689
8.34882080078125,3.2772888183593745,6.0723876953125,2.03349232673645,0.5821316838264465
5.65620361328125,3.2772888183593745,6.0723876953125,1.2592889070510864,0.49469122290611267
8.34882080078125,2.2816931152343747,6.0723876953125,1.7294833660125732,0.4873008728027344
8.34882080078125,3.2772888183593745,4.5786865234375,1.851484775543213,0.5250594615936279
5.65620361328125,2.2816931152343747,4.5786865234375,0.8685117363929749,0.3229818642139435
3.35382080078125,8.274788818359376,1.1223876953125,0.4466586709022522,0.23474663496017456
0.66120361328125,8.274788818359376,1.1223876953125,0.2616133987903595,0.2539437413215637
3.35382080078125,7.279193115234374,1.1223876953125,0.4055836498737335,0.20673835277557373
3.35382080078125,8.274788818359376,9.5286865234375,1.1021100282669067,0.6803752779960632
0.66120361328125,7.279193115234374,9.5286865234375,0.3341510593891144,0.4273538589477539
4.60257080078125,4.526663818359374,4.8348876953125,1.0533628463745117,0.4886172413825989
1.90995361328125,4.526663818359374,4.8348876953125,0.41338011622428894,0.31498458981513977
4.60257080078125,6.029818115234375,4.8348876953125,1.1904557943344116,0.5619352459907532
4.60257080078125,4.526663818359374,5.8161865234375,1.1262452602386475,0.5270118713378906
1.90995361328125,6.029818115234375,5.8161865234375,0.5192935466766357,0.4327881336212158
9.59757080078125,9.524163818359375,9.7848876953125,3.2162563800811768,0.8353333473205566
6.90495361328125,9.524163818359375,9.7848876953125,2.308115005493164,0.8012537360191345
9.59757080078125,1.0323181152343748,9.7848876953125,1.5243546962738037,0.37078800797462463
9.59757080078125,9.524163818359375,0.8661865234375,1.5867283344268799,0.3869231045246124
6.90495361328125,1.0323181152343748,0.8661865234375,0.2676568627357483,0.0448261983692646
7.10007080078125,2.027913818359375,2.3598876953125,0.6045631766319275,0.17107880115509033
4.40745361328125,2.027913818359375,2.3598876953125,0.325639545917511,0.11221081018447876
7.10007080078125,3.531068115234375,2.3598876953125,1.0706827640533447,0.33343860507011414
7.10007080078125,2.027913818359375,3.3411865234375,0.8715491890907288,0.2628341317176819
4.40745361328125,3.531068115234375,3.3411865234375,0.7024668455123901,0.31693941354751587
2.1050708007812498,7.025413818359374,7.3098876953125,0.6463037729263306,0.5307361483573914
9.40245361328125,7.025413818359374,7.3098876953125,2.9331836700439453,0.7720216512680054
2.1050708007812498,8.528568115234375,7.3098876953125,0.6921635270118713,0.5786371827125549
2.1050708007812498,7.025413818359374,8.2911865234375,0.6661853194236755,0.5502917766571045
9.40245361328125,8.528568115234375,8.2911865234375,3.0631179809570312,0.8087918162345886
1.48069580078125,2.6526013183593746,1.7411376953125002,0.26270174980163574,0.13447199761867523
6.28057861328125,2.6526013183593746,1.7411376953125002,0.4835945963859558,0.14646703004837036
1.48069580078125,4.155755615234375,1.7411376953125002,0.2746275067329407,0.17705485224723816
1.48069580078125,2.6526013183593746,8.9099365234375,0.3332769274711609,0.23893798887729645
6.28057861328125,4.155755615234375,8.9099365234375,1.725329041481018,0.6375653147697449
6.47569580078125,7.650101318359375,6.6911376953124995,1.9873136281967163,0.7234118580818176
1.2855786132812501,7.650101318359375,6.6911376953124995,0.4422881007194519,0.4619882106781006
6.47569580078125,9.153255615234375,6.6911376953124995,2.0582380294799805,0.7516445517539978
6.47569580078125,7.650101318359375,3.9599365234375004,1.7723844051361084,0.6381198763847351
1.2855786132812501,9.153255615234375,3.9599365234375004,0.4003385007381439,0.4098030924797058
8.97319580078125,0.153851318359375,4.2161376953125,0.2565760910511017,0.01362720225006342
8.77807861328125,0.153851318359375,4.2161376953125,0.25660812854766846,0.013660086318850517
8.97319580078125,6.654505615234374,4.2161376953125,2.500342845916748,0.6794193983078003
8.97319580078125,0.153851318359375,1.4849365234375,0.2505298852920532,0.010948605835437775
8.77807861328125,6.654505615234374,1.4849365234375,1.581597089767456,0.4206307530403137
3.9781958007812497,5.151351318359374,9.1661376953125,1.1322380304336548,0.6036383509635925
3.78307861328125,5.151351318359374,9.1661376953125,1.0741783380508423,0.5941226482391357
3.9781958007812497,1.6570056152343748,9.1661376953125,0.5902635455131531,0.2713348865509033
3.9781958007812497,5.151351318359374,6.4349365234375,1.041383981704712,0.549066424369812
3.78307861328125,1.6570056152343748,6.4349365234375,0.44735273718833923,0.19575002789497375
2.72944580078125,1.4032263183593747,5.4536376953125,0.30040550231933594,0.11909058690071106
2.5343286132812497,1.4032263183593747,5.4536376953125,0.2935110032558441,0.11730370670557022
2.72944580078125,0.407630615234375,5.4536376953125,0.25649622082710266,0.03693930059671402
2.72944580078125,1.4032263183593747,7.6724365234375,0.3273825943470001,0.14158520102500916
2.5343286132812497,0.407630615234375,7.6724365234375,0.2594679594039917,0.04001174122095108
7.7244458007812495,6.400726318359374,0.5036376953125,0.6216650009155273,0.16389834880828857
7.52932861328125,6.400726318359374,0.5036376953125,0.5965449213981628,0.15995725989341736
7.7244458007812495,5.405130615234374,0.5036376953125,0.5096173882484436,0.12905068695545197
7.7244458007812495,6.400726318359374,2.7224365234375,1.7965073585510254,0.5475236773490906
7.52932861328125,5.405130615234374,2.7224365234375,1.6224968433380127,0.5015871524810791
5.22694580078125,3.9019763183593748,7.9286376953125,1.338312029838562,0.5698861479759216
0.03682861328125,3.9019763183593748,7.9286376953125,0.2462557554244995,0.24756281077861786
5.22694580078125,7.903880615234375,7.9286376953125,1.6453429460525513,0.7177309989929199
5.22694580078125,3.9019763183593748,0.2474365234375,0.28468766808509827,0.07827615737915039
0.03682861328125,7.903880615234375,0.2474365234375,0.24562370777130127,0.25338122248649597
0.23194580078125002,8.899476318359374,2.9786376953125,0.25650039315223694,0.3358074426651001
5.03182861328125,8.899476318359374,2.9786376953125,1.276648759841919,0.561570405960083
0.23194580078125002,2.9063806152343745,2.9786376953125,0.24847038090229034,0.1731722503900528
0.23194580078125002,8.899476318359374,5.1974365234375,0.26235634088516235,0.3722662925720215
5.03182861328125,2.9063806152343745,5.1974365234375,0.9483582973480225,0.3984523117542267
0.30999267578125,2.8868591308593747,7.6966064453125,0.2562749683856964,0.20582012832164764
1.36362548828125,2.8868591308593747,7.6966064453125,0.3203103542327881,0.23648454248905182
0.30999267578125,1.8912634277343747,7.6966064453125,0.252270370721817,0.1492922455072403
0.30999267578125,2.8868591308593747,8.3685302734375,0.2572050392627716,0.2094162553548813
1.36362548828125,1.8912634277343747,8.3685302734375,0.2903236150741577,0.16651920974254608
5.30499267578125,7.884359130859374,2.7466064453125,1.2524454593658447,0.5235946774482727
6.35862548828125,7.884359130859374,2.7466064453125,1.546390414237976,0.5588372349739075
5.30499267578125,6.888763427734374,2.7466064453125,1.1815019845962524,0.4903627932071686
5.30499267578125,7.884359130859374,3.4185302734375003,1.3663277626037598,0.576657772064209
6.35862548828125,6.888763427734374,3.4185302734375003,1.602384090423584,0.5809735059738159
7.80249267578125,0.388109130859375,5.2216064453125,0.28363507986068726,0.03628657013177872
3.86112548828125,0.388109130859375,5.2216064453125,0.26060858368873596,0.035108428448438644
7.80249267578125,9.387513427734374,5.2216064453125,2.4153172969818115,0.7491040825843811
7.80249267578125,0.388109130859375,0.9435302734375,0.2545689046382904,0.022515486925840378
3.86112548828125,9.387513427734374,0.9435302734375,0.5135734677314758,0.24814990162849426
2.80749267578125,5.3856091308593745,0.2716064453125,0.2736460268497467,0.11796457320451736
8.85612548828125,5.3856091308593745,0.2716064453125,0.4315972924232483,0.09192793816328049
2.80749267578125,4.390013427734375,0.2716064453125,0.2686713933944702,0.10834672302007675
2.80749267578125,5.3856091308593745,5.8935302734374995,0.7133159637451172,0.4748104512691498
8.85612548828125,4.390013427734375,5.8935302734374995,2.3842549324035645,0.6539159417152405
4.05624267578125,1.6374841308593748,3.9841064453125004,0.34844768047332764,0.12903337180614471
7.60737548828125,1.6374841308593748,3.9841064453125004,0.914487898349762,0.25990092754364014
4.05624267578125,3.1406384277343746,3.9841064453125004,0.6474148631095886,0.3079001009464264
4.05624267578125,1.6374841308593748,9.6060302734375,0.6133368611335754,0.28018954396247864
7.60737548828125,3.1406384277343746,9.6060302734375,1.9892747402191162,0.6218855381011963
9.05124267578125,6.634984130859374,8.9341064453125,2.855126142501831,0.7782971262931824
2.6123754882812498,6.634984130859374,8.9341064453125,0.8071333169937134,0.5837327241897583
9.05124267578125,8.138138427734376,8.9341064453125,2.9461042881011963,0.8048667907714844
9.05124267578125,6.634984130859374,4.6560302734375,2.5822789669036865,0.6977479457855225
2.6123754882812498,8.138138427734376,4.6560302734375,0.7293217778205872,0.520845353603363
6.55374267578125,4.136234130859375,1.5091064453125,0.7494686841964722,0.23915860056877136
5.10987548828125,4.136234130859375,1.5091064453125,0.5135515332221985,0.19144144654273987
6.55374267578125,5.639388427734374,1.5091064453125,0.9677605628967285,0.3213959336280823
6.55374267578125,4.136234130859375,2.1810302734375,1.011505126953125,0.3374604284763336
5.10987548828125,5.639388427734374,2.1810302734375,0.8906581997871399,0.36827248334884644
1.5587426757812501,9.133734130859375,6.4591064453125,0.5363290309906006,0.527751624584198
0.11487548828125,9.133734130859375,6.4591064453125,0.25519782304763794,0.38935425877571106
1.5587426757812501,0.6418884277343749,6.4591064453125,0.25642889738082886,0.05815916508436203
1.5587426757812501,9.133734130859375,7.1310302734375,0.5502600073814392,0.5445562601089478
0.11487548828125,0.6418884277343749,7.1310302734375,0.24540819227695465,0.057795748114585876
2.18311767578125,1.0127966308593748,2.1278564453125,0.2566033601760864,0.06728765368461609
3.23675048828125,1.0127966308593748,2.1278564453125,0.26252585649490356,0.06480063498020172
2.18311767578125,6.264075927734375,2.1278564453125,0.36656948924064636,0.24974429607391357
2.18311767578125,1.0127966308593748,5.2747802734375,0.26945117115974426,0.08489827811717987
3.23675048828125,6.264075927734375,5.2747802734375,0.8503607511520386,0.5204534530639648
7.17811767578125,6.010296630859375,7.0778564453124995,2.120310068130493,0.7043684720993042
8.23175048828125,6.010296630859375,7.0778564453124995,2.4592418670654297,0.7258567810058594
7.17811767578125,1.2665759277343749,7.0778564453124995,0.9734194874763489,0.2938949763774872
7.17811767578125,6.010296630859375,0.32478027343750004,0.398726224899292,0.10178213566541672
8.23175048828125,1.2665759277343749,0.32478027343750004,0.26656797528266907,0.03955281153321266
9.67561767578125,3.5115466308593746,4.6028564453125,2.299420118331909,0.5765201449394226
0.7392504882812501,3.5115466308593746,4.6028564453125,0.2694338858127594,0.2151259034872055
9.67561767578125,3.7653259277343745,4.6028564453125,2.359455108642578,0.5928982496261597
9.67561767578125,3.5115466308593746,2.7997802734375004,1.8506171703338623,0.45447275042533875
0.7392504882812501,3.7653259277343745,2.7997802734375004,0.2617316246032715,0.19872421026229858
4.68061767578125,8.509046630859375,9.5528564453125,1.5331929922103882,0.7341147661209106
5.7342504882812495,8.509046630859375,9.5528564453125,1.8772014379501343,0.7615137696266174
4.68061767578125,8.762825927734376,9.5528564453125,1.542161226272583,0.7388846278190613
4.68061767578125,8.509046630859375,7.7497802734375,1.4911775588989258,0.7119248509407043
5.7342504882812495,8.762825927734376,7.7497802734375,1.8402456045150757,0.7451791167259216
3.43186767578125,4.760921630859374,5.8403564453125,0.8292624354362488,0.4793343245983124
6.98300048828125,4.760921630859374,5.8403564453125,1.855309009552002,0.6246728897094727
3.43186767578125,7.513450927734374,5.8403564453125,0.9953417181968689,0.5943606495857239
3.43186767578125,4.760921630859374,6.5122802734375,0.8612208962440491,0.5007445812225342
6.98300048828125,7.513450927734374,6.5122802734375,2.133323907852173,0.7278202176094055
8.42686767578125,9.758421630859376,0.8903564453125,1.373541235923767,0.37457025051116943
1.98800048828125,9.758421630859376,0.8903564453125,0.3136887848377228,0.21552228927612305
8.42686767578125,2.515950927734375,0.8903564453125,0.3576866090297699,0.07555859535932541
8.42686767578125,9.758421630859376,1.5622802734375,1.8295297622680664,0.5138972401618958
1.98800048828125,2.515950927734375,1.5622802734375,0.26660099625587463,0.12139791250228882
5.92936767578125,2.262171630859375,8.3153564453125,1.2242906093597412,0.45806995034217834
9.48050048828125,2.262171630859375,8.3153564453125,2.2332451343536377,0.570667564868927
5.92936767578125,0.017200927734375,8.3153564453125,0.2465185970067978,0.001755629782564938
5.92936767578125,2.262171630859375,4.0372802734375,0.8474476933479309,0.3007504940032959
9.48050048828125,0.017200927734375,4.0372802734375,0.24556054174900055,0.0015438852133229375
0.93436767578125,7.2596716308593745,3.3653564453125,0.303436815738678,0.31106510758399963
4.48550048828125,7.2596716308593745,3.3653564453125,1.088399887084961,0.5206828117370605
0.93436767578125,5.014700927734374,3.3653564453125,0.2824970483779907,0.24901631474494934
0.93436767578125,7.2596716308593745,8.9872802734375,0.3851379156112671,0.4532538056373596
4.48550048828125,5.014700927734374,8.9872802734375,1.2691823244094849,0.6172627210617065
1.24655517578125,1.9498278808593748,7.3872314453125,0.28232118487358093,0.16234181821346283
5.42206298828125,1.9498278808593748,7.3872314453125,0.9413859248161316,0.3674847185611725
1.24655517578125,4.702357177734375,7.3872314453125,0.36623671650886536,0.3423348367214203
1.24655517578125,1.9498278808593748,1.8716552734375,0.25571927428245544,0.11232184618711472
5.42206298828125,4.702357177734375,1.8716552734375,0.7596778273582458,0.28994831442832947
6.24155517578125,6.947327880859374,2.4372314453125004,1.3635761737823486,0.4947141408920288
0.42706298828125,6.947327880859374,2.4372314453125004,0.2605493366718292,0.28174713253974915
6.24155517578125,9.699857177734375,2.4372314453125004,1.551535964012146,0.5710433125495911
6.24155517578125,6.947327880859374,6.8216552734375,1.8772779703140259,0.703644335269928
0.42706298828125,9.699857177734375,6.8216552734375,0.2961864471435547,0.42778658866882324
8.73905517578125,4.448577880859374,9.8622314453125,2.572359085083008,0.7198073267936707
7.91956298828125,4.448577880859374,9.8622314453125,2.3091983795166016,0.7039719223976135
8.73905517578125,7.201107177734374,9.8622314453125,2.816258430480957,0.7933158278465271
8.73905517578125,4.448577880859374,9.2966552734375,2.5533196926116943,0.7139775156974792
7.91956298828125,7.201107177734374,9.2966552734375,2.5281431674957275,0.7762569785118103
3.74405517578125,9.446077880859375,4.9122314453125,1.115310788154602,0.6281895637512207
2.92456298828125,9.446077880859375,4.9122314453125,0.8732494711875916,0.5866875052452087
3.74405517578125,2.2036071777343746,4.9122314453125,0.489524781703949,0.22846348583698273
3.74405517578125,9.446077880859375,4.3466552734374995,1.078375220298767,0.6049286723136902
2.92456298828125,2.2036071777343746,4.3466552734374995,0.3484305143356323,0.1691102683544159
4.99280517578125,3.1992028808593744,1.1997314453125,0.3326717019081116,0.10904094576835632
4.17331298828125,3.1992028808593744,1.1997314453125,0.30866768956184387,0.11130743473768234
4.99280517578125,0.954232177734375,1.1997314453125,0.2626180350780487,0.05010273680090904
4.99280517578125,3.1992028808593744,0.6341552734375,0.29256635904312134,0.0860828384757042
4.17331298828125,0.954232177734375,0.6341552734375,0.25556641817092896,0.04624296352267265
9.98780517578125,8.196702880859375,6.1497314453125,3.1362431049346924,0.7820473313331604
9.16831298828125,8.196702880859375,6.1497314453125,2.8652639389038086,0.7712647914886475
9.98780517578125,5.951732177734375,6.1497314453125,2.9611873626708984,0.735312283039093
9.98780517578125,8.196702880859375,5.5841552734375,3.094177007675171,0.7707025408744812
9.16831298828125,5.951732177734375,5.5841552734375,2.6502578258514404,0.7089734077453613
7.49030517578125,0.700452880859375,3.6747314453125,0.3054671883583069,0.05571741238236427
1.67581298828125,0.700452880859375,3.6747314453125,0.253677636384964,0.055763404816389084
7.49030517578125,8.450482177734376,3.6747314453125,2.0964369773864746,0.6677076816558838
7.49030517578125,0.700452880859375,8.0591552734375,0.506378710269928,0.12333064526319504
1.67581298828125,8.450482177734376,8.0591552734375,0.5831899046897888,0.5550209283828735
2.4953051757812497,5.697952880859375,8.6247314453125,0.7262996435165405,0.5329392552375793
6.67081298828125,5.697952880859375,8.6247314453125,1.9962196350097656,0.70701003074646
2.4953051757812497,3.4529821777343748,8.6247314453125,0.5722082257270813,0.3913209140300751
2.4953051757812497,5.697952880859375,3.1091552734375,0.48349136114120483,0.3247798979282379
6.67081298828125,3.4529821777343748,3.1091552734375,1.1644924879074097,0.38869208097457886
1.87093017578125,3.8238903808593747,3.0559814453125003,0.3124702274799347,0.2039404809474945
9.79268798828125,3.8238903808593747,3.0559814453125003,2.05246901512146,0.5030902028083801
1.87093017578125,9.075169677734374,3.0559814453125003,0.4754934012889862,0.4005656838417053
1.87093017578125,3.8238903808593747,4.9654052734375,0.3733513653278351,0.2712719142436981
9.79268798828125,9.075169677734374,4.9654052734375,3.027285099029541,0.7672895193099976
6.86593017578125,8.821390380859375,8.0059814453125,2.2222726345062256,0.7731603384017944
4.7976879882812495,8.821390380859375,8.0059814453125,1.5473048686981201,0.7252622246742249
6.86593017578125,4.077669677734375,8.0059814453125,1.858338475227356,0.6360913515090942
6.86593017578125,8.821390380859375,9.9154052734375,2.272170066833496,0.7919859290122986
4.7976879882812495,4.077669677734375,9.9154052734375,1.2962911128997803,0.594516396522522
9.36343017578125,1.3251403808593747,0.5809814453125001,0.2795982360839844,0.04219233989715576
7.29518798828125,1.3251403808593747,0.5809814453125001,0.2706076502799988,0.04663022235035896
9.36343017578125,1.5789196777343748,0.5809814453125001,0.28762367367744446,0.04609891027212143
9.36343017578125,1.3251403808593747,7.4404052734374995,1.581322193145752,0.3952765464782715
7.29518798828125,1.5789196777343748,7.4404052734374995,1.2374125719070435,0.38140347599983215
4.36843017578125,6.322640380859374,5.5309814453124995,1.191299319267273,0.5893318057060242
2.30018798828125,6.322640380859374,5.5309814453124995,0.6164116263389587,0.46780702471733093
4.36843017578125,6.576419677734374,5.5309814453124995,1.2073346376419067,0.5983514785766602
4.36843017578125,6.322640380859374,2.4904052734375,0.8505142331123352,0.40249454975128174
2.30018798828125,6.576419677734374,2.4904052734375,0.43051570653915405,0.29942166805267334
3.11968017578125,0.075765380859375,9.2434814453125,0.24859803915023804,0.007847636938095093
1.0514379882812501,0.075765380859375,9.2434814453125,0.24562682211399078,0.00774729996919632
3.11968017578125,5.327044677734374,9.2434814453125,0.8942365050315857,0.5672580599784851
3.11968017578125,0.075765380859375,3.7279052734375,0.24661409854888916,0.006676605902612209
1.0514379882812501,5.327044677734374,3.7279052734375,0.2974205017089844,0.26823097467422485
8.11468017578125,5.073265380859374,4.2934814453125,2.070434808731079,0.6099314093589783
6.04643798828125,5.073265380859374,4.2934814453125,1.4624783992767334,0.5502269268035889
8.11468017578125,0.32954467773437496,4.2934814453125,0.27160927653312683,0.028719617053866386
8.11468017578125,5.073265380859374,8.6779052734375,2.4031927585601807,0.7179957032203674
6.04643798828125,0.32954467773437496,8.6779052734375,0.28043675422668457,0.03571205586194992
5.61718017578125,2.5745153808593746,6.7684814453125,1.1423029899597168,0.4453875422477722
3.5489379882812497,2.5745153808593746,6.7684814453125,0.6343463063240051,0.3332427144050598
5.61718017578125,2.8282946777343745,6.7684814453125,1.2033791542053223,0.4727039635181427
5.61718017578125,2.5745153808593746,6.2029052734375,1.1022815704345703,0.4277222752571106
3.5489379882812497,2.8282946777343745,6.2029052734375,0.6513656377792358,0.34546130895614624
0.6221801757812501,7.572015380859375,1.8184814453125002,0.2655981779098511,0.2705535590648651
8.54393798828125,7.572015380859375,1.8184814453125002,1.8074727058410645,0.5002084374427795
0.6221801757812501,7.8257946777343745,1.8184814453125002,0.2665131986141205,0.27524012327194214
0.6221801757812501,7.572015380859375,1.2529052734375001,0.26058700680732727,0.2508920729160309
8.54393798828125,7.8257946777343745,1.2529052734375001,1.505603551864624,0.40908315777778625
0.46608642578125004,0.544281005859375,4.4481689453125,0.24665188789367676,0.04602329432964325
6.82690673828125,0.544281005859375,4.4481689453125,0.2886119782924652,0.047244902700185776
0.46608642578125004,0.7980603027343749,4.4481689453125,0.24757395684719086,0.06512759625911713
0.46608642578125004,0.544281005859375,2.3357177734375,0.24559074640274048,0.04125488921999931
6.82690673828125,0.7980603027343749,2.3357177734375,0.28244543075561523,0.05085277929902077
5.46108642578125,5.541781005859375,9.3981689453125,1.623206377029419,0.6789231896400452
1.83190673828125,5.541781005859375,9.3981689453125,0.5561618208885193,0.4834035038948059
5.46108642578125,5.7955603027343745,9.3981689453125,1.6411982774734497,0.6873071789741516
5.46108642578125,5.541781005859375,7.2857177734375,1.552232027053833,0.6461771130561829
1.83190673828125,5.7955603027343745,7.2857177734375,0.5292386412620544,0.45536649227142334
7.95858642578125,3.043031005859375,1.9731689453125,0.9716528058052063,0.2677721679210663
9.32440673828125,3.043031005859375,1.9731689453125,1.252862811088562,0.3059225380420685
7.95858642578125,8.294310302734376,1.9731689453125,1.7855087518692017,0.5286528468132019
7.95858642578125,3.043031005859375,9.7607177734375,2.0814082622528076,0.6258535981178284
9.32440673828125,8.294310302734376,9.7607177734375,3.06915545463562,0.8171346187591553
2.9635864257812496,8.040531005859375,6.9231689453125,0.917253851890564,0.6125745177268982
4.32940673828125,8.040531005859375,6.9231689453125,1.3342357873916626,0.6748456358909607
2.9635864257812496,3.2968103027343747,6.9231689453125,0.6153338551521301,0.37465494871139526
2.9635864257812496,8.040531005859375,4.8107177734375,0.8313535451889038,0.5474103093147278
4.32940673828125,3.2968103027343747,4.8107177734375,0.8154500126838684,0.3828613758087158
4.21233642578125,4.292406005859375,8.1606689453125,1.0982210636138916,0.5538511276245117
3.0806567382812498,4.292406005859375,8.1606689453125,0.7834016680717468,0.48936957120895386
4.21233642578125,4.546185302734375,8.1606689453125,1.1231507062911987,0.5683615207672119
4.21233642578125,4.292406005859375,1.0982177734375,0.3395557105541229,0.13140539824962616
3.0806567382812498,4.546185302734375,1.0982177734375,0.3046148121356964,0.14117152988910675
9.20733642578125,9.289906005859375,3.2106689453125004,2.6002907752990723,0.6911483407020569
8.07565673828125,9.289906005859375,3.2106689453125004,2.248401165008545,0.67030930519104
9.20733642578125,9.543685302734374,3.2106689453125004,2.616394281387329,0.695774257183075
9.20733642578125,9.289906005859375,6.0482177734375,2.9291930198669434,0.7865148782730103
8.07565673828125,9.543685302734374,6.0482177734375,2.5673062801361084,0.7743268609046936
6.7098364257812495,1.7936560058593747,5.6856689453125,1.05048406124115,0.34269875288009644
0.58315673828125,1.7936560058593747,5.6856689453125,0.25543251633644104,0.13606849312782288
6.7098364257812495,7.044935302734374,5.6856689453125,1.9672969579696655,0.6918248534202576
6.7098364257812495,1.7936560058593747,8.5232177734375,1.266308307647705,0.42375415563583374
0.58315673828125,7.044935302734374,8.5232177734375,0.31228193640708923,0.39739689230918884
1.71483642578125,6.791156005859374,0.7356689453125,0.27678659558296204,0.17821462452411652
5.57815673828125,6.791156005859374,0.7356689453125,0.5275976657867432,0.18349939584732056
1.71483642578125,2.0474353027343746,0.7356689453125,0.25456222891807556,0.09430141001939774
1.71483642578125,6.791156005859374,3.5732177734375004,0.4115922152996063,0.34731540083885193
5.57815673828125,2.0474353027343746,3.5732177734375004,0.6285915374755859,0.22281382977962494
2.33921142578125,3.6677185058593746,5.0669189453125,0.444379061460495,0.2970339357852936
8.70003173828125,3.6677185058593746,5.0669189453125,2.114501476287842,0.5836043953895569
2.33921142578125,5.170872802734374,5.0669189453125,0.5482789874076843,0.39721786975860596
2.33921142578125,3.6677185058593746,4.1919677734375,0.40143924951553345,0.25870954990386963
8.70003173828125,5.170872802734374,4.1919677734375,2.2454445362091064,0.6229186654090881
7.33421142578125,8.665218505859375,0.11691894531250001,0.4375120997428894,0.11191000044345856
3.70503173828125,8.665218505859375,0.11691894531250001,0.29761600494384766,0.1186557486653328
7.33421142578125,0.173372802734375,0.11691894531250001,0.24653984606266022,0.009551658295094967
7.33421142578125,8.665218505859375,9.1419677734375,2.403360366821289,0.7906549572944641
3.70503173828125,0.173372802734375,9.1419677734375,0.2546411454677582,0.017977962270379066
9.83171142578125,1.1689685058593748,7.5419189453125,1.5603721141815186,0.3715237081050873
6.20253173828125,1.1689685058593748,7.5419189453125,0.7263362407684326,0.2369779646396637
9.83171142578125,2.672122802734375,7.5419189453125,2.433281898498535,0.604414165019989
9.83171142578125,1.1689685058593748,6.6669677734374995,1.465348243713379,0.3463544547557831
6.20253173828125,2.672122802734375,6.6669677734374995,1.3172892332077026,0.47737082839012146
4.83671142578125,6.166468505859374,2.5919189453125,0.9715284705162048,0.42759835720062256
1.20753173828125,6.166468505859374,2.5919189453125,0.297770231962204,0.2572326362133026
4.83671142578125,7.6696228027343745,2.5919189453125,1.081416130065918,0.4833250641822815
4.83671142578125,6.166468505859374,1.7169677734375002,0.7495766282081604,0.3175017237663269
1.20753173828125,7.6696228027343745,1.7169677734375002,0.2907216250896454,0.2519453167915344
3.5879614257812498,2.4183435058593745,1.3544189453125002,0.28458985686302185,0.10158463567495346
2.4562817382812496,2.4183435058593745,1.3544189453125002,0.269653856754303,0.11044321209192276
3.5879614257812498,8.918997802734376,1.3544189453125002,0.5716361999511719,0.3010683059692383
3.5879614257812498,2.4183435058593745,2.9544677734375,0.35163530707359314,0.15084774792194366
2.4562817382812496,8.918997802734376,2.9544677734375,0.5935962796211243,0.42948392033576965
8.58296142578125,7.415843505859375,6.3044189453124995,2.635179281234741,0.7511687874794006
7.45128173828125,7.415843505859375,6.3044189453124995,2.2672841548919678,0.731065571308136
8.58296142578125,3.9214978027343745,6.3044189453124995,2.2563700675964355,0.6349499225616455
8.58296142578125,7.415843505859375,7.9044677734375,2.7142653465270996,0.7756935954093933
7.45128173828125,3.9214978027343745,7.9044677734375,2.010319709777832,0.641452968120575
6.08546142578125,4.917093505859374,3.8294189453125003,1.3913977146148682,0.517478883266449
4.95378173828125,4.917093505859374,3.8294189453125003,1.0843888521194458,0.4729635715484619
6.08546142578125,1.4227478027343747,3.8294189453125003,0.485540509223938,0.14764373004436493
6.08546142578125,4.917093505859374,5.4294677734375,1.5702840089797974,0.5917563438415527
4.95378173828125,1.4227478027343747,5.4294677734375,0.486596941947937,0.17536278069019318
1.09046142578125,9.914593505859376,8.7794189453125,0.4612642526626587,0.5468703508377075
9.94878173828125,9.914593505859376,8.7794189453125,3.3240833282470703,0.8356025815010071
1.09046142578125,6.420247802734375,8.7794189453125,0.4001411199569702,0.4357266426086426
1.09046142578125,9.914593505859376,0.4794677734375,0.2677333950996399,0.2190374881029129
9.94878173828125,6.420247802734375,0.4794677734375,0.9076712131500244,0.1986938863992691
0.77827392578125,4.604749755859374,0.4262939453125,0.2526719272136688,0.16309402883052826
0.27096923828125,4.604749755859374,0.4262939453125,0.24759620428085327,0.18163664638996124
0.77827392578125,3.6091540527343744,0.4262939453125,0.2507443428039551,0.1417277306318283
0.77827392578125,4.604749755859374,7.5950927734375,0.302320271730423,0.30390599370002747
0.27096923828125,3.6091540527343744,7.5950927734375,0.2572180926799774,0.2394062876701355
5.7732739257812495,9.602249755859376,5.3762939453125,1.7814167737960815,0.7146098613739014
5.26596923828125,9.602249755859376,5.3762939453125,1.6202807426452637,0.701043426990509
5.7732739257812495,8.606654052734376,5.3762939453125,1.7382543087005615,0.6955994963645935
5.7732739257812495,9.602249755859376,2.6450927734375003,1.4615756273269653,0.5749855637550354
5.26596923828125,8.606654052734376,2.6450927734375003,1.2644866704940796,0.5330060124397278
8.27077392578125,2.105999755859375,2.9012939453125,1.0304577350616455,0.27560222148895264
2.76846923828125,2.105999755859375,2.9012939453125,0.2946223318576813,0.12751197814941406
8.27077392578125,6.107904052734375,2.9012939453125,1.9685511589050293,0.5665895342826843
8.27077392578125,2.105999755859375,0.1700927734375,0.27659690380096436,0.04677751287817955
2.76846923828125,6.107904052734375,0.1700927734375,0.27362120151519775,0.1198415607213974
3.27577392578125,7.103499755859374,7.8512939453125,0.9991989731788635,0.6205387115478516
7.76346923828125,7.103499755859374,7.8512939453125,2.4233412742614746,0.755698025226593
3.27577392578125,1.1104040527343748,7.8512939453125,0.3243340849876404,0.11705133318901062
3.27577392578125,7.103499755859374,5.1200927734374995,0.8963068723678589,0.5482836365699768
7.76346923828125,1.1104040527343748,5.1200927734374995,0.7464330792427063,0.1999317854642868
4.52452392578125,0.8566247558593749,6.6137939453125,0.3196084201335907,0.08765875548124313
9.01221923828125,0.8566247558593749,6.6137939453125,0.8863749504089355,0.21203599870204926
4.52452392578125,2.3597790527343747,6.6137939453125,0.804370105266571,0.36014479398727417
4.52452392578125,0.8566247558593749,8.8325927734375,0.35238608717918396,0.1051323413848877
9.01221923828125,2.3597790527343747,8.8325927734375,2.162266492843628,0.5787412524223328
9.51952392578125,5.854124755859375,1.6637939453125001,1.7615457773208618,0.4374657869338989
4.01721923828125,5.854124755859375,1.6637939453125001,0.554621696472168,0.26152899861335754
9.51952392578125,7.357279052734374,1.6637939453125001,1.9586750268936157,0.4915124177932739
9.51952392578125,5.854124755859375,3.8825927734375,2.530319929122925,0.6496730446815491
4.01721923828125,7.357279052734374,3.8825927734375,1.0244377851486206,0.5361176133155823
7.02202392578125,3.3553747558593745,9.0887939453125,1.8344484567642212,0.6139527559280396
6.51471923828125,3.3553747558593745,9.0887939453125,1.6813265085220337,0.5986319780349731
7.02202392578125,9.856029052734375,9.0887939453125,2.3432090282440186,0.8016008734703064
7.02202392578125,3.3553747558593745,1.4075927734375002,0.6255362033843994,0.18098534643650055
6.51471923828125,9.856029052734375,1.4075927734375002,1.2715717554092407,0.4402502775192261
2.0270239257812497,8.352874755859375,4.1387939453125,0.557380735874176,0.45904362201690674
1.51971923828125,8.352874755859375,4.1387939453125,0.4403427839279175,0.4163311719894409
2.0270239257812497,4.858529052734374,4.1387939453125,0.4204334616661072,0.3116086423397064
2.0270239257812497,8.352874755859375,6.3575927734375,0.6421980261802673,0.5442774891853333
1.51971923828125,4.858529052734374,6.3575927734375,0.4022381901741028,0.35259369015693665
1.40264892578125,1.4813122558593748,9.7075439453125,0.28426599502563477,0.14021258056163788
4.64159423828125,1.4813122558593748,9.7075439453125,0.6802401542663574,0.28363925218582153
1.40264892578125,7.981966552734375,9.7075439453125,0.5202714800834656,0.5408584475517273
1.40264892578125,1.4813122558593748,5.7388427734375,0.26942867040634155,0.11962556093931198
4.64159423828125,7.981966552734375,5.7388427734375,1.3763192892074585,0.6563702821731567
6.39764892578125,6.478812255859374,4.7575439453124995,1.752305030822754,0.6373567581176758
9.63659423828125,6.478812255859374,4.7575439453124995,2.765324115753174,0.7069479823112488
6.39764892578125,2.9844665527343746,4.7575439453124995,1.268376111984253,0.44464099407196045
6.39764892578125,6.478812255859374,0.7888427734375,0.6466251015663147,0.2060067057609558
9.63659423828125,2.9844665527343746,0.7888427734375,0.4906235337257385,0.09968786686658859
8.89514892578125,3.980062255859375,7.2325439453125,2.431516647338867,0.6654443144798279
2.14409423828125,3.980062255859375,7.2325439453125,0.5032263398170471,0.374083548784256
8.89514892578125,0.485716552734375,7.2325439453125,0.3604777157306671,0.06096097081899643
8.89514892578125,3.980062255859375,3.2638427734375,1.9024903774261475,0.5085664987564087
2.14409423828125,0.485716552734375,3.2638427734375,0.2515964210033417,0.03880815580487251
3.90014892578125,8.977562255859375,2.2825439453125003,0.8535873889923096,0.4480951726436615
7.13909423828125,8.977562255859375,2.2825439453125003,1.719580054283142,0.5629900097846985
3.90014892578125,5.483216552734374,2.2825439453125003,0.6396471858024597,0.3180314898490906
3.90014892578125,8.977562255859375,8.2138427734375,1.2712339162826538,0.7013649940490723
7.13909423828125,5.483216552734374,8.2138427734375,2.1122453212738037,0.7051934003829956
2.65139892578125,2.7306872558593747,3.5200439453125,0.3354644775390625,0.17571087181568146
5.89034423828125,2.7306872558593747,3.5200439453125,0.8914775252342224,0.32155999541282654
2.65139892578125,6.732591552734374,3.5200439453125,0.6054211854934692,0.4111461043357849
2.65139892578125,2.7306872558593747,6.9763427734375,0.4793074429035187,0.2930636703968048
5.89034423828125,6.732591552734374,6.9763427734375,1.759334683418274,0.6917340755462646
7.64639892578125,7.728187255859375,8.4700439453125,2.4422848224639893,0.7732668519020081
0.89534423828125,7.728187255859375,8.4700439453125,0.37919357419013977,0.45610764622688293
7.64639892578125,1.7350915527343747,8.4700439453125,1.4833046197891235,0.4472678601741791
7.64639892578125,7.728187255859375,2.0263427734375,1.6735130548477173,0.5116651058197021
0.89534423828125,1.7350915527343747,2.0263427734375,0.2525601089000702,0.10732170939445496
5.14889892578125,0.231937255859375,1.0450439453125,0.24862803518772125,0.015522505156695843
8.38784423828125,0.231937255859375,1.0450439453125,0.25157198309898376,0.014896135777235031
5.14889892578125,4.233841552734375,1.0450439453125,0.3836441934108734,0.13130155205726624
5.14889892578125,0.231937255859375,4.5013427734375,0.2556755840778351,0.020665666088461876
8.38784423828125,4.233841552734375,4.5013427734375,2.053377151489258,0.585454523563385
0.15389892578125,5.2294372558593745,5.9950439453125,0.25230157375335693,0.2860082685947418
3.39284423828125,5.2294372558593745,5.9950439453125,0.8633022904396057,0.5077623724937439
0.15389892578125,9.231341552734374,5.9950439453125,0.2582894563674927,0.38791611790657043
0.15389892578125,5.2294372558593745,9.4513427734375,0.2562309801578522,0.3109576404094696
3.39284423828125,9.231341552734374,9.4513427734375,1.142221212387085,0.7017701864242554
0.11487548828125,4.799964599609375,3.7134033203125,0.2484535276889801,0.2510617673397064
7.7244458007812495,4.799964599609375,3.7134033203125,1.8204030990600586,0.5554212927818298
0.11487548828125,4.429056396484374,3.7134033203125,0.248496875166893,0.23944593966007233
0.11487548828125,4.799964599609375,0.5181396484375,0.24581122398376465,0.19544963538646698
7.7244458007812495,4.429056396484374,0.5181396484375,0.40269044041633606,0.09626728296279907
5.10987548828125,9.797464599609375,8.6634033203125,1.6981761455535889,0.7587137818336487
2.72944580078125,9.797464599609375,8.6634033203125,0.9361467361450195,0.6717471480369568
5.10987548828125,9.426556396484376,8.6634033203125,1.6861680746078491,0.7528226375579834
5.10987548828125,9.797464599609375,5.4681396484375,1.5832675695419312,0.7025582790374756
2.72944580078125,9.426556396484376,5.4681396484375,0.8412980437278748,0.5945733189582825
7.60737548828125,2.301214599609375,1.2384033203125002,0.37167122960090637,0.08742024749517441
5.22694580078125,2.301214599609375,1.2384033203125002,0.3026478588581085,0.08717183023691177
7.60737548828125,6.927806396484375,1.2384033203125002,1.1934775114059448,0.35336366295814514
7.60737548828125,2.301214599609375,7.9431396484375,1.6802403926849365,0.5162708759307861
5.22694580078125,6.927806396484375,7.9431396484375,1.597223162651062,0.6945198774337769
2.6123754882812498,7.298714599609374,6.1884033203125,0.7653263807296753,0.5496493577957153
0.23194580078125002,7.298714599609374,6.1884033203125,0.2622853219509125,0.35000669956207275
2.6123754882812498,1.9303063964843747,6.1884033203125,0.34844207763671875,0.17667843401432037
2.6123754882812498,7.298714599609374,2.9931396484375004,0.5734413266181946,0.3905480206012726
0.23194580078125002,1.9303063964843747,2.9931396484375004,0.24749325215816498,0.1282637119293213
3.86112548828125,1.0518395996093748,9.9009033203125,0.3773401975631714,0.13757824897766113
1.48069580078125,1.0518395996093748,9.9009033203125,0.2733379304409027,0.10295465588569641
3.86112548828125,0.680931396484375,9.9009033203125,0.30540189146995544,0.07789991050958633
3.86112548828125,1.0518395996093748,1.7556396484375,0.26468542218208313,0.06212114915251732
1.48069580078125,0.680931396484375,1.7556396484375,0.24961675703525543,0.04742380231618881
8.85612548828125,6.049339599609374,4.9509033203124995,2.4983630180358887,0.6876874566078186
6.47569580078125,6.049339599609374,4.9509033203124995,1.7583651542663574,0.632499098777771
8.85612548828125,5.678431396484375,4.9509033203124995,2.4583964347839355,0.6757856607437134
8.85612548828125,6.049339599609374,6.7056396484375,2.6432199478149414,0.7312676906585693
6.47569580078125,5.678431396484375,6.7056396484375,1.8512814044952393,0.66936194896698
6.35862548828125,3.5505895996093746,7.4259033203125,1.5942689180374146,0.5773738622665405
3.9781958007812497,3.5505895996093746,7.4259033203125,0.920194149017334,0.4745550751686096
6.35862548828125,8.177181396484375,7.4259033203125,2.0073108673095703,0.7440320253372192
6.35862548828125,3.5505895996093746,9.1806396484375,1.6712687015533447,0.6084026098251343
3.9781958007812497,8.177181396484375,9.1806396484375,1.2891484498977661,0.6998809576034546
1.36362548828125,8.548089599609375,2.4759033203125003,0.33950456976890564,0.3114081025123596
8.97319580078125,8.548089599609375,2.4759033203125003,2.2814812660217285,0.6149070858955383
1.36362548828125,3.1796813964843746,2.4759033203125003,0.2715907692909241,0.16726204752922058
1.36362548828125,8.548089599609375,4.2306396484375,0.4143693447113037,0.4122069776058197
8.97319580078125,3.1796813964843746,4.2306396484375,1.9424078464508057,0.5160012245178223
1.98800048828125,1.6765270996093748,6.8071533203125,0.30037975311279297,0.14725854992866516
7.10007080078125,1.6765270996093748,6.8071533203125,1.1923564672470093,0.3752717673778534
1.98800048828125,8.801868896484375,6.8071533203125,0.6541798710823059,0.5651583671569824
1.98800048828125,1.6765270996093748,3.6118896484375003,0.2735219895839691,0.11607237905263901
7.10007080078125,8.801868896484375,3.6118896484375003,1.9874427318572998,0.6629543304443359
6.98300048828125,6.674027099609375,1.8571533203125001,1.333531141281128,0.4341002404689789
2.1050708007812498,6.674027099609375,1.8571533203125001,0.34749743342399597,0.2382507175207138
6.98300048828125,3.8043688964843745,1.8571533203125001,0.916610598564148,0.28403598070144653
6.98300048828125,6.674027099609375,8.5618896484375,2.166163921356201,0.7401337623596191
2.1050708007812498,3.8043688964843745,8.5618896484375,0.5112897157669067,0.3855873644351959
9.48050048828125,4.175277099609374,9.2821533203125,2.752204179763794,0.7155559659004211
9.59757080078125,4.175277099609374,9.2821533203125,2.7901508808135986,0.7175843715667725
9.48050048828125,1.305618896484375,9.2821533203125,1.7373003959655762,0.43367353081703186
9.48050048828125,4.175277099609374,6.0868896484374995,2.560351848602295,0.6612738370895386
9.59757080078125,1.305618896484375,6.0868896484374995,1.4694870710372925,0.35559549927711487
4.48550048828125,9.172777099609375,4.3321533203125,1.2884455919265747,0.6292979121208191
4.60257080078125,9.172777099609375,4.3321533203125,1.3234474658966064,0.6335245370864868
4.48550048828125,6.303118896484374,4.3321533203125,1.1334489583969116,0.5443875789642334
4.48550048828125,9.172777099609375,1.1368896484375002,0.6784623265266418,0.3035110533237457
4.60257080078125,6.303118896484374,1.1368896484375002,0.5256978273391724,0.2175912708044052
3.23675048828125,2.9259020996093748,0.6196533203125,0.2696853578090668,0.09542205929756165
3.35382080078125,2.9259020996093748,0.6196533203125,0.2706225514411926,0.09424537420272827
3.23675048828125,5.053743896484375,0.6196533203125,0.2906336784362793,0.12415314465761185
3.23675048828125,2.9259020996093748,4.8493896484375,0.5214293003082275,0.2827240228652954
3.35382080078125,5.053743896484375,4.8493896484375,0.7753775715827942,0.4523566961288452
8.23175048828125,7.923402099609374,5.5696533203125,2.5032026767730713,0.7396617531776428
8.34882080078125,7.923402099609374,5.5696533203125,2.5412392616271973,0.7416702508926392
8.23175048828125,0.05624389648437499,5.5696533203125,0.24963392317295074,0.005353746470063925
8.23175048828125,7.923402099609374,9.7993896484375,2.6851096153259277,0.7981685996055603
8.34882080078125,0.05624389648437499,9.7993896484375,0.25162258744239807,0.0059419372119009495
5.7342504882812495,0.42715209960937495,3.0946533203125,0.2626340091228485,0.033297888934612274
0.8563208007812501,0.42715209960937495,3.0946533203125,0.24660997092723846,0.034391917288303375
5.7342504882812495,2.554993896484375,3.0946533203125,0.7284675240516663,0.26036641001701355
5.7342504882812495,0.42715209960937495,7.3243896484375,0.28543704748153687,0.044262249022722244
0.8563208007812501,2.554993896484375,7.3243896484375,0.27630987763404846,0.19508634507656097
0.7392504882812501,5.424652099609374,8.0446533203125,0.31236815452575684,0.34359604120254517
5.85132080078125,5.424652099609374,8.0446533203125,1.6933947801589966,0.6673489809036255
0.7392504882812501,7.552493896484374,8.0446533203125,0.3412245512008667,0.42421385645866394
0.7392504882812501,5.424652099609374,2.3743896484375,0.2665320038795471,0.23778580129146576
5.85132080078125,7.552493896484374,2.3743896484375,1.2914875745773315,0.4948554039001465
1.0514379882812501,0.114808349609375,1.5477783203125002,0.24562223255634308,0.008799770846962929
4.29038330078125,0.114808349609375,1.5477783203125002,0.24667194485664368,0.008615256287157536
1.0514379882812501,2.2426501464843747,1.5477783203125002,0.2545797526836395,0.1216283068060875
1.0514379882812501,0.114808349609375,9.4900146484375,0.24647164344787598,0.011761361733078957
4.29038330078125,2.2426501464843747,9.4900146484375,0.840178370475769,0.39652034640312195
6.04643798828125,5.112308349609375,6.4977783203124995,1.6533310413360596,0.6302859783172607
9.28538330078125,5.112308349609375,6.4977783203124995,2.668370008468628,0.7056728005409241
6.04643798828125,7.240150146484375,6.4977783203124995,1.8173389434814453,0.6995435357093811
6.04643798828125,5.112308349609375,4.5400146484374995,1.4953306913375854,0.5639700293540955
9.28538330078125,7.240150146484375,4.5400146484374995,2.693330764770508,0.7123474478721619
8.54393798828125,2.6135583496093746,4.0227783203125,1.6024256944656372,0.4378272294998169
1.7928833007812501,2.6135583496093746,4.0227783203125,0.294552743434906,0.17115339636802673
8.54393798828125,9.738900146484376,4.0227783203125,2.5512967109680176,0.7281806468963623
8.54393798828125,2.6135583496093746,2.0650146484375003,0.9835714101791382,0.2535112202167511
1.7928833007812501,9.738900146484376,2.0650146484375003,0.3955017924308777,0.3261226713657379
3.5489379882812497,7.611058349609374,8.9727783203125,1.1292778253555298,0.6660217642784119
6.78788330078125,7.611058349609374,8.9727783203125,2.1681876182556152,0.7610102295875549
3.5489379882812497,4.7414001464843745,8.9727783203125,0.9711625576019287,0.5589151978492737
3.5489379882812497,7.611058349609374,7.0150146484375,1.079176425933838,0.6329138278961182
6.78788330078125,4.7414001464843745,7.0150146484375,1.8702584505081177,0.6474716067314148
4.7976879882812495,3.8629333496093747,5.2602783203125,1.0583183765411377,0.4726806581020355
5.53913330078125,3.8629333496093747,5.2602783203125,1.260326862335205,0.5051467418670654
4.7976879882812495,3.492025146484375,5.2602783203125,1.0022796392440796,0.4439009726047516
4.7976879882812495,3.8629333496093747,8.2525146484375,1.2212971448898315,0.5557785630226135
5.53913330078125,3.492025146484375,8.2525146484375,1.3833073377609253,0.5605036020278931
9.79268798828125,8.860433349609375,0.3102783203125,0.9456272721290588,0.21135275065898895
0.54413330078125,8.860433349609375,0.3102783203125,0.25358229875564575,0.23025573790073395
9.79268798828125,8.489525146484375,0.3102783203125,0.9118195176124573,0.20269159972667694
9.79268798828125,8.860433349609375,3.3025146484375,2.7743282318115234,0.6980404257774353
0.54413330078125,8.489525146484375,3.3025146484375,0.2773953378200531,0.33217155933380127
7.29518798828125,1.3641833496093747,7.7352783203125,1.1223368644714355,0.34115201234817505
8.03663330078125,1.3641833496093747,7.7352783203125,1.3032997846603394,0.36880287528038025
7.29518798828125,5.990775146484374,7.7352783203125,2.1872079372406006,0.7174984812736511
7.29518798828125,1.3641833496093747,0.8275146484375,0.27764999866485596,0.05115057900547981
8.03663330078125,5.990775146484374,0.8275146484375,0.8795043230056763,0.23679479956626892
2.30018798828125,6.3616833496093745,2.7852783203125,0.4494686722755432,0.31610068678855896
3.0416333007812497,6.3616833496093745,2.7852783203125,0.5985842347145081,0.36288586258888245
2.30018798828125,0.993275146484375,2.7852783203125,0.2595370411872864,0.07019099593162537
2.30018798828125,6.3616833496093745,5.7775146484375,0.628341555595398,0.47872471809387207
3.0416333007812497,0.993275146484375,5.7775146484375,0.2864930033683777,0.08831360936164856
1.67581298828125,3.2382458496093744,8.3540283203125,0.38427889347076416,0.2949308753013611
1.16850830078125,3.2382458496093744,8.3540283203125,0.3192371129989624,0.2597741186618805
1.67581298828125,6.615462646484374,8.3540283203125,0.5391550660133362,0.4985996186733246
1.67581298828125,3.2382458496093744,6.3962646484375,0.35129842162132263,0.25671178102493286
1.16850830078125,6.615462646484374,6.3962646484375,0.3873613774776459,0.4023704528808594
6.67081298828125,8.235745849609375,3.4040283203125004,1.7894113063812256,0.6270485520362854
6.16350830078125,8.235745849609375,3.4040283203125004,1.6373988389968872,0.6127955317497253
6.67081298828125,1.6179626464843748,3.4040283203125004,0.6084577441215515,0.18146002292633057
6.67081298828125,8.235745849609375,1.4462646484375001,1.2164684534072876,0.4095093607902527
6.16350830078125,1.6179626464843748,1.4462646484375001,0.2976597249507904,0.07122815400362015
9.16831298828125,0.739495849609375,5.8790283203125,0.6384249925613403,0.14029709994792938
3.66600830078125,0.739495849609375,5.8790283203125,0.2815108895301819,0.06785018742084503
9.16831298828125,4.116712646484374,5.8790283203125,2.434321641921997,0.6467283964157104
9.16831298828125,0.739495849609375,3.9212646484375004,0.37065795063972473,0.0682884156703949
3.66600830078125,4.116712646484374,3.9212646484375004,0.6864009499549866,0.3622344434261322
4.17331298828125,5.736995849609374,0.9290283203125,0.37265801429748535,0.15263088047504425
8.66100830078125,5.736995849609374,0.9290283203125,1.034696102142334,0.26501229405403137
4.17331298828125,9.114212646484376,0.9290283203125,0.5456295609474182,0.24942432343959808
4.17331298828125,5.736995849609374,8.8712646484375,1.2243406772613525,0.632468044757843
8.66100830078125,9.114212646484376,8.8712646484375,2.859135866165161,0.8131350874900818
2.92456298828125,1.9888708496093748,4.6415283203125,0.33844494819641113,0.1581980139017105
9.90975830078125,1.9888708496093748,4.6415283203125,1.803431510925293,0.4319239854812622
2.92456298828125,7.864837646484374,4.6415283203125,0.8034260272979736,0.5318931937217712
2.92456298828125,1.9888708496093748,5.1587646484375,0.35448259115219116,0.17061737179756165
9.90975830078125,7.864837646484374,5.1587646484375,3.0092990398406982,0.7536597847938538
7.91956298828125,6.986370849609374,9.5915283203125,2.523226022720337,0.7746532559394836
4.91475830078125,6.986370849609374,9.5915283203125,1.5441466569900513,0.7077435851097107
7.91956298828125,2.8673376464843745,9.5915283203125,2.0212478637695312,0.6089612245559692
7.91956298828125,6.986370849609374,0.2087646484375,0.44957324862480164,0.10767773538827896
4.91475830078125,2.8673376464843745,0.2087646484375,0.27059099078178406,0.06938920170068741
5.42206298828125,4.487620849609375,2.1665283203125,0.8195167183876038,0.3164145350456238
7.41225830078125,4.487620849609375,2.1665283203125,1.2655895948410034,0.38646355271339417
5.42206298828125,0.368587646484375,2.1665283203125,0.2555016577243805,0.026805991306900978
5.42206298828125,4.487620849609375,2.6837646484375,0.9495205879211426,0.37461212277412415
7.41225830078125,0.368587646484375,2.6837646484375,0.2625088095664978,0.027614939957857132
0.42706298828125,9.485120849609375,7.1165283203125,0.2962436079978943,0.4267460107803345
2.41725830078125,9.485120849609375,7.1165283203125,0.8021817803382874,0.6197510957717896
0.42706298828125,5.366087646484375,7.1165283203125,0.27424314618110657,0.3106638193130493
0.42706298828125,9.485120849609375,7.6337646484375,0.2991827726364136,0.4348039925098419
2.41725830078125,5.366087646484375,7.6337646484375,0.666369616985321,0.492075115442276
0.58315673828125,2.4573864746093745,9.1274658203125,0.26724928617477417,0.19425445795059204
2.88553955078125,2.4573864746093745,9.1274658203125,0.5473157167434692,0.32473281025886536
0.58315673828125,3.3358532714843747,9.1274658203125,0.2763094902038574,0.2451428920030594
0.58315673828125,2.4573864746093745,9.0259521484375,0.26735082268714905,0.1940879374742508
2.88553955078125,3.3358532714843747,9.0259521484375,0.6623039245605469,0.418820858001709
5.57815673828125,7.454886474609374,4.1774658203124995,1.514428734779358,0.6168809533119202
7.88053955078125,7.454886474609374,4.1774658203124995,2.220318078994751,0.677040696144104
5.57815673828125,8.333353271484375,4.1774658203124995,1.5654175281524658,0.6399657130241394
5.57815673828125,7.454886474609374,4.0759521484375,1.5034438371658325,0.6119351983070374
7.88053955078125,8.333353271484375,4.0759521484375,2.267335891723633,0.6926387548446655
8.07565673828125,4.956136474609375,6.6524658203125,2.276317596435547,0.6798461675643921
0.38803955078125,4.956136474609375,6.6524658203125,0.2672549784183502,0.2889193594455719
8.07565673828125,5.834603271484374,6.6524658203125,2.368306875228882,0.7097303867340088
8.07565673828125,4.956136474609375,1.6009521484375002,1.2406046390533447,0.3481287360191345
0.38803955078125,5.834603271484374,1.6009521484375002,0.2535785436630249,0.2385665476322174
3.0806567382812498,9.953636474609375,1.7024658203125,0.5925400257110596,0.3581289052963257
5.38303955078125,9.953636474609375,1.7024658203125,1.118589997291565,0.45598939061164856
3.0806567382812498,0.8371032714843749,1.7024658203125,0.25667262077331543,0.053279440850019455
3.0806567382812498,9.953636474609375,6.5509521484375,0.9991878867149353,0.6551849246025085
5.38303955078125,0.8371032714843749,6.5509521484375,0.3474268317222595,0.09183664619922638
4.32940673828125,3.7067614746093747,2.9399658203125,0.650712788105011,0.2942538261413574
6.63178955078125,3.7067614746093747,2.9399658203125,1.1678544282913208,0.39223963022232056
4.32940673828125,2.0864782714843746,2.9399658203125,0.3675890564918518,0.13774344325065613
4.32940673828125,3.7067614746093747,7.7884521484375,1.0502705574035645,0.5132492184638977
6.63178955078125,2.0864782714843746,7.7884521484375,1.3242822885513306,0.4507817029953003
9.32440673828125,8.704261474609375,7.8899658203125,3.0301408767700195,0.8059327006340027
1.63678955078125,8.704261474609375,7.8899658203125,0.5753034949302673,0.5553863644599915
9.32440673828125,7.083978271484375,7.8899658203125,2.937215805053711,0.7795194387435913
9.32440673828125,8.704261474609375,2.8384521484375003,2.5074844360351562,0.6562785506248474
1.63678955078125,7.083978271484375,2.8384521484375003,0.3664446175098419,0.30611616373062134
6.82690673828125,1.2080114746093749,0.4649658203125,0.2646653652191162,0.043882228434085846
9.12928955078125,1.2080114746093749,0.4649658203125,0.2717333734035492,0.0389702133834362
6.82690673828125,9.582728271484376,0.4649658203125,0.7195726633071899,0.2196018397808075
6.82690673828125,1.2080114746093749,0.36345214843750007,0.26279982924461365,0.04235163703560829
9.12928955078125,9.582728271484376,0.36345214843750007,0.9694821834564209,0.2333049327135086
1.83190673828125,6.2055114746093745,5.4149658203125,0.4943172335624695,0.419300377368927
4.13428955078125,6.2055114746093745,5.4149658203125,1.108285903930664,0.5704538822174072
1.83190673828125,4.585228271484374,5.4149658203125,0.42231008410453796,0.3337728977203369
1.83190673828125,6.2055114746093745,5.3134521484374995,0.4912973940372467,0.4159776270389557
4.13428955078125,4.585228271484374,5.3134521484374995,0.9702823162078857,0.4893091320991516
2.4562817382812496,4.3314489746093745,1.0837158203125001,0.2855345606803894,0.14424185454845428
2.26116455078125,4.3314489746093745,1.0837158203125001,0.28075405955314636,0.14663991332054138
2.4562817382812496,7.708665771484374,1.0837158203125001,0.3305211067199707,0.19891475141048431
2.4562817382812496,4.3314489746093745,7.1697021484375,0.5992081761360168,0.42396873235702515
2.26116455078125,7.708665771484374,7.1697021484375,0.7092587351799011,0.5630124807357788
7.45128173828125,9.328948974609375,6.0337158203125,2.352243185043335,0.7607641220092773
7.25616455078125,9.328948974609375,6.0337158203125,2.288309097290039,0.7572733759880066
7.45128173828125,2.711165771484375,6.0337158203125,1.621381402015686,0.506052553653717
7.45128173828125,9.328948974609375,2.2197021484375004,1.811551570892334,0.5722092986106873
7.25616455078125,2.711165771484375,2.2197021484375004,0.8314783573150635,0.24450424313545227
9.94878173828125,1.8326989746093747,3.5587158203125,1.453595757484436,0.3389890789985657
4.7586645507812495,1.8326989746093747,3.5587158203125,0.4235190749168396,0.1538858711719513
9.94878173828125,0.212415771484375,3.5587158203125,0.26167556643486023,0.01780402474105358
9.94878173828125,1.8326989746093747,4.6947021484375,1.7310235500335693,0.4113341271877289
4.7586645507812495,0.212415771484375,4.6947021484375,0.25362780690193176,0.019068092107772827
4.95378173828125,6.830198974609375,8.5087158203125,1.5221781730651855,0.6916135549545288
9.75366455078125,6.830198974609375,8.5087158203125,3.0873210430145264,0.7872694134712219
4.95378173828125,5.209915771484375,8.5087158203125,1.4132987260818481,0.6366087794303894
4.95378173828125,6.830198974609375,9.6447021484375,1.5491794347763062,0.7052183747291565
9.75366455078125,5.209915771484375,9.6447021484375,2.986149311065674,0.7598609328269958
3.70503173828125,0.5833239746093749,7.2712158203124995,0.27857062220573425,0.057847265154123306
8.50491455078125,0.5833239746093749,7.2712158203124995,0.4235660433769226,0.08469186723232269
3.70503173828125,6.459290771484374,7.2712158203124995,1.0802536010742188,0.609864354133606
3.70503173828125,0.5833239746093749,5.9322021484375,0.27260977029800415,0.05405498668551445
8.50491455078125,6.459290771484374,5.9322021484375,2.5133376121520996,0.7199767231941223
8.70003173828125,5.580823974609374,2.3212158203125,1.8295512199401855,0.49789905548095703
3.5099145507812497,5.580823974609374,2.3212158203125,0.5766541361808777,0.30724892020225525
8.70003173828125,1.4617907714843748,2.3212158203125,0.5285791754722595,0.11981354653835297
8.70003173828125,5.580823974609374,0.9822021484375,1.0606564283370972,0.2713853120803833
3.5099145507812497,1.4617907714843748,0.9822021484375,0.2615942060947418,0.06891694664955139
6.20253173828125,3.082073974609375,9.7462158203125,1.5603066682815552,0.5770301818847656
6.00741455078125,3.082073974609375,9.7462158203125,1.502270221710205,0.5699754953384399
6.20253173828125,3.9605407714843746,9.7462158203125,1.702283501625061,0.6356176733970642
6.20253173828125,3.082073974609375,3.4572021484375,1.040437936782837,0.36614367365837097
6.00741455078125,3.9605407714843746,3.4572021484375,1.1695259809494019,0.4310168921947479
1.20753173828125,8.079573974609374,4.7962158203125,0.3912985622882843,0.40817639231681824
1.01241455078125,8.079573974609374,4.7962158203125,0.3544143736362457,0.3903084993362427
1.20753173828125,8.958040771484375,4.7962158203125,0.4073077142238617,0.43461188673973083
1.20753173828125,8.079573974609374,8.4072021484375,0.45714354515075684,0.5028300285339355
1.01241455078125,8.958040771484375,8.4072021484375,0.4241465628147125,0.5069295763969421
0.89534423828125,2.7697302246093747,5.7243408203124995,0.2743164896965027,0.19430555403232574
8.81710205078125,2.7697302246093747,5.7243408203124995,1.9963868856430054,0.5411502122879028
0.89534423828125,1.1494470214843748,5.7243408203124995,0.25546136498451233,0.09460356831550598
0.89534423828125,2.7697302246093747,1.2915771484375,0.2536090016365051,0.13747486472129822
8.81710205078125,1.1494470214843748,1.2915771484375,0.2936443090438843,0.049791108816862106
5.89034423828125,7.767230224609374,0.7743408203125,0.6666445136070251,0.23102913796901703
3.82210205078125,7.767230224609374,0.7743408203125,0.390644371509552,0.17634032666683197
5.89034423828125,6.146947021484374,0.7743408203125,0.5365927219390869,0.17797225713729858
5.89034423828125,7.767230224609374,6.2415771484375,1.784327745437622,0.7025565505027771
3.82210205078125,6.146947021484374,6.2415771484375,1.0563914775848389,0.5787290930747986
8.38784423828125,0.270980224609375,8.1993408203125,0.28551816940307617,0.02967507764697075
6.31960205078125,0.270980224609375,8.1993408203125,0.27246585488319397,0.028545735403895378
8.38784423828125,8.645697021484375,8.1993408203125,2.7261533737182617,0.7967248558998108
8.38784423828125,0.270980224609375,8.7165771484375,0.2884663939476013,0.030467430129647255
6.31960205078125,8.645697021484375,8.7165771484375,2.0551891326904297,0.7678434252738953
3.39284423828125,5.268480224609374,3.2493408203125003,0.6594784259796143,0.3706740140914917
1.32460205078125,5.268480224609374,3.2493408203125003,0.3094647526741028,0.2566859722137451
3.39284423828125,3.6481970214843744,3.2493408203125003,0.5055640935897827,0.26492249965667725
3.39284423828125,5.268480224609374,3.7665771484375004,0.7143760919570923,0.4073939621448517
1.32460205078125,3.6481970214843744,3.7665771484375004,0.29149600863456726,0.21136580407619476
4.64159423828125,1.5203552246093748,2.0118408203125,0.2895866334438324,0.08197636157274246
0.07585205078125,1.5203552246093748,2.0118408203125,0.24560897052288055,0.10057880729436874
4.64159423828125,4.8975720214843745,2.0118408203125,0.6704986691474915,0.28830042481422424
4.64159423828125,1.5203552246093748,2.5290771484375,0.30360865592956543,0.09094610065221786
0.07585205078125,4.8975720214843745,2.5290771484375,0.24661219120025635,0.24003416299819946
9.63659423828125,6.517855224609375,6.9618408203125,2.952256917953491,0.7590675354003906
5.07085205078125,6.517855224609375,6.9618408203125,1.488260269165039,0.6603115797042847
9.63659423828125,9.895072021484374,6.9618408203125,3.1492269039154053,0.8134106397628784
9.63659423828125,6.517855224609375,7.4790771484375,2.9802393913269043,0.7668625116348267
5.07085205078125,9.895072021484374,7.4790771484375,1.6571786403656006,0.7438645362854004
7.13909423828125,4.019105224609374,4.4868408203125,1.6503874063491821,0.5375897884368896
2.5733520507812497,4.019105224609374,4.4868408203125,0.48835888504981995,0.31561392545700073
7.13909423828125,7.396322021484374,4.4868408203125,2.022369146347046,0.6721696257591248
7.13909423828125,4.019105224609374,9.9540771484375,2.0082569122314453,0.6675160527229309
2.5733520507812497,7.396322021484374,9.9540771484375,0.8412032127380371,0.620720624923706
2.14409423828125,9.016605224609375,9.4368408203125,0.751105546951294,0.6288471221923828
7.56835205078125,9.016605224609375,9.4368408203125,2.5033817291259766,0.8019047975540161
2.14409423828125,2.3988220214843747,9.4368408203125,0.4053083658218384,0.26272574067115784
2.14409423828125,9.016605224609375,5.0040771484375,0.6463359594345093,0.527274489402771
7.56835205078125,2.3988220214843747,5.0040771484375,1.4344282150268555,0.4350284934043884
1.51971923828125,0.8956677246093749,3.8680908203125,0.25564825534820557,0.07017004489898682
5.6952270507812495,0.8956677246093749,3.8680908203125,0.3055419921875,0.07112369686365128
1.51971923828125,5.522259521484375,3.8680908203125,0.35439828038215637,0.29798072576522827
1.51971923828125,0.8956677246093749,3.1478271484375,0.253691703081131,0.06692707538604736
5.6952270507812495,5.522259521484375,3.1478271484375,1.2404725551605225,0.484499454498291
6.51471923828125,5.893167724609374,8.8180908203125,1.968182921409607,0.7118618488311768
0.70022705078125,5.893167724609374,8.8180908203125,0.319253534078598,0.3712271749973297
6.51471923828125,0.524759521484375,8.8180908203125,0.3314812183380127,0.06448158621788025
6.51471923828125,5.893167724609374,8.097827148437501,1.9432812929153442,0.7020102143287659
0.70022705078125,0.524759521484375,8.097827148437501,0.24940906465053558,0.049592964351177216
9.01221923828125,3.3944177246093745,1.3930908203125,0.9605799317359924,0.23432500660419464
8.192727050781249,3.3944177246093745,1.3930908203125,0.8166211247444153,0.2134091705083847
9.01221923828125,3.0235095214843746,1.3930908203125,0.8485056757926941,0.2033192366361618
9.01221923828125,3.3944177246093745,5.6228271484375,2.2123892307281494,0.5926581621170044
8.192727050781249,3.0235095214843746,5.6228271484375,1.8782976865768433,0.5433496832847595
4.01721923828125,8.391917724609375,6.3430908203125,1.2293635606765747,0.6582909226417542
3.19772705078125,8.391917724609375,6.3430908203125,0.9803391695022583,0.6206717491149902
4.01721923828125,8.021009521484375,6.3430908203125,1.2143446207046509,0.6491794586181641
4.01721923828125,8.391917724609375,0.6728271484375,0.4034275412559509,0.17639966309070587
3.19772705078125,8.021009521484375,0.6728271484375,0.3335956931114197,0.16397739946842194
2.76846923828125,4.643792724609375,7.5805908203125,0.7122025489807129,0.47736626863479614
4.44647705078125,4.643792724609375,7.5805908203125,1.180246114730835,0.5730536580085754
2.76846923828125,9.270384521484376,7.5805908203125,0.9132369160652161,0.6453241109848022
2.76846923828125,4.643792724609375,4.3853271484375,0.5725398063659668,0.36683687567710876
4.44647705078125,9.270384521484376,4.3853271484375,1.2843151092529297,0.6320321559906006
7.76346923828125,9.641292724609375,2.6305908203125004,2.0424394607543945,0.6271204352378845
9.44147705078125,9.641292724609375,2.6305908203125004,2.549394369125366,0.660090446472168
7.76346923828125,4.272884521484374,2.6305908203125004,1.4745070934295654,0.43810001015663147
7.76346923828125,9.641292724609375,9.3353271484375,2.590205430984497,0.8119574785232544
9.44147705078125,4.272884521484374,9.3353271484375,2.7561287879943848,0.7195290923118591
5.26596923828125,2.145042724609375,5.1055908203125,0.7973595857620239,0.31134459376335144
1.94897705078125,2.145042724609375,5.1055908203125,0.3013830780982971,0.1626768708229065
5.26596923828125,1.7741345214843747,5.1055908203125,0.6654424667358398,0.24979104101657867
5.26596923828125,2.145042724609375,6.8603271484374995,0.9374663829803467,0.37592533230781555
1.94897705078125,1.7741345214843747,6.8603271484374995,0.3032943904399872,0.1550048589706421
0.27096923828125,7.142542724609374,0.15559082031250002,0.24759620428085327,0.21735212206840515
6.94397705078125,7.142542724609374,0.15559082031250002,0.36561858654022217,0.09349031746387482
0.27096923828125,6.7716345214843745,0.15559082031250002,0.2476067841053009,0.21176645159721375
0.27096923828125,7.142542724609374,1.9103271484375002,0.252585232257843,0.27727606892585754
6.94397705078125,6.7716345214843745,1.9103271484375002,1.3554362058639526,0.44439446926116943
0.19292236328125,1.1299255371093748,5.6469970703125,0.24647168815135956,0.091738760471344
0.77827392578125,1.1299255371093748,5.6469970703125,0.25344982743263245,0.0926186814904213
0.19292236328125,8.411439208984374,5.6469970703125,0.25926557183265686,0.3669317960739136
0.19292236328125,1.1299255371093748,4.7720458984375,0.24647249281406403,0.08935452997684479
0.77827392578125,8.411439208984374,4.7720458984375,0.31933435797691345,0.37893393635749817
5.18792236328125,6.127425537109374,0.6969970703125,0.41554734110832214,0.14548362791538239
5.7732739257812495,6.127425537109374,0.6969970703125,0.4795582592487335,0.15795959532260895
5.18792236328125,3.4139392089843748,0.6969970703125,0.30353468656539917,0.09024548530578613
5.18792236328125,6.127425537109374,9.7220458984375,1.5852973461151123,0.693440318107605
5.7732739257812495,3.4139392089843748,9.7220458984375,1.491166353225708,0.5866490006446838
7.68542236328125,3.6286755371093746,8.1219970703125,2.0443127155303955,0.6343217492103577
3.27577392578125,3.6286755371093746,8.1219970703125,0.769317090511322,0.4537370800971985
7.68542236328125,0.915189208984375,8.1219970703125,0.8333936929702759,0.22869351506233215
7.68542236328125,3.6286755371093746,7.2470458984374995,1.99640691280365,0.6179581880569458
3.27577392578125,0.915189208984375,7.2470458984374995,0.2974563241004944,0.09037528187036514
2.69042236328125,8.626175537109376,3.1719970703125,0.6605198979377747,0.4535885751247406
8.27077392578125,8.626175537109376,3.1719970703125,2.2583775520324707,0.6581892967224121
2.69042236328125,5.912689208984374,3.1719970703125,0.5405692458152771,0.35276344418525696
2.69042236328125,8.626175537109376,2.2970458984375,0.562554121017456,0.37443092465400696
8.27077392578125,5.912689208984374,2.2970458984375,1.750599980354309,0.4982531666755676
3.93917236328125,4.878050537109375,1.9344970703125002,0.5225971937179565,0.24637296795845032
9.51952392578125,4.878050537109375,1.9344970703125002,1.747612714767456,0.43361547589302063
3.93917236328125,7.162064208984375,1.9344970703125002,0.6935978531837463,0.34846025705337524
3.93917236328125,4.878050537109375,3.5345458984375,0.786489725112915,0.40107542276382446
9.51952392578125,7.162064208984375,3.5345458984375,2.6013376712799072,0.669381856918335
8.93417236328125,9.875550537109374,6.8844970703124995,2.9093379974365234,0.803941011428833
4.52452392578125,9.875550537109374,6.8844970703124995,1.4612209796905518,0.7179362177848816
8.93417236328125,2.1645642089843746,6.8844970703124995,1.925370454788208,0.513742983341217
8.93417236328125,9.875550537109374,8.4845458984375,2.9700968265533447,0.8220263719558716
4.52452392578125,2.1645642089843746,8.4845458984375,0.8432014584541321,0.3799650967121124
6.43667236328125,2.3793005371093745,4.4094970703125,1.0584747791290283,0.36006155610084534
7.02202392578125,2.3793005371093745,4.4094970703125,1.2004971504211426,0.3826570510864258
6.43667236328125,4.663314208984374,4.4094970703125,1.5374507904052734,0.5483803749084473
6.43667236328125,2.3793005371093745,6.0095458984375,1.2433156967163086,0.43192058801651
7.02202392578125,4.663314208984374,6.0095458984375,1.8683042526245117,0.6261545419692993
1.44167236328125,7.376800537109374,9.3594970703125,0.5132336616516113,0.520243763923645
2.0270239257812497,7.376800537109374,9.3594970703125,0.6731511354446411,0.5735610127449036
1.44167236328125,9.660814208984375,9.3594970703125,0.5592492818832397,0.5860381722450256
1.44167236328125,7.376800537109374,1.0595458984375001,0.28178513050079346,0.21003995835781097
2.0270239257812497,9.660814208984375,1.0595458984375001,0.3277718424797058,0.22845622897148132
2.0660473632812497,3.003988037109375,5.0282470703125,0.35137060284614563,0.2246677726507187
3.90014892578125,3.003988037109375,5.0282470703125,0.6853737831115723,0.34033313393592834
2.0660473632812497,2.7892517089843745,5.0282470703125,0.33845898509025574,0.2086605280637741
2.0660473632812497,3.003988037109375,1.6782958984375,0.274544894695282,0.137267604470253
3.90014892578125,2.7892517089843745,1.6782958984375,0.31276145577430725,0.11900090426206589
7.06104736328125,8.001488037109375,9.9782470703125,2.3031773567199707,0.7827403545379639
8.89514892578125,8.001488037109375,9.9782470703125,2.9153947830200195,0.80936598777771
7.06104736328125,7.786751708984374,9.9782470703125,2.292083263397217,0.7787113189697266
7.06104736328125,8.001488037109375,6.6282958984375,2.19242000579834,0.7418939471244812
8.89514892578125,7.786751708984374,6.6282958984375,2.7801618576049805,0.7688698768615723
9.55854736328125,0.505238037109375,2.5532470703125,0.27963516116142273,0.034821297973394394
1.40264892578125,0.505238037109375,2.5532470703125,0.24867208302021027,0.03873372822999954
9.55854736328125,5.288001708984375,2.5532470703125,2.108478307723999,0.5304781198501587
9.55854736328125,0.505238037109375,9.1032958984375,0.5215079188346863,0.10118437558412552
1.40264892578125,5.288001708984375,9.1032958984375,0.44014930725097656,0.4225325584411621
4.56354736328125,5.502738037109374,7.5032470703125,1.2843551635742188,0.6162018179893494
6.39764892578125,5.502738037109374,7.5032470703125,1.8502488136291504,0.6766647696495056
4.56354736328125,0.290501708984375,7.5032470703125,0.2635321617126465,0.0291635449975729
4.56354736328125,5.502738037109374,4.1532958984374995,1.0743708610534668,0.5042536854743958
6.39764892578125,0.290501708984375,4.1532958984374995,0.26159948110580444,0.025183165445923805
3.31479736328125,1.7546130371093747,8.7407470703125,0.4782935678958893,0.23788224160671234
5.14889892578125,1.7546130371093747,8.7407470703125,0.8703429698944092,0.3505532145500183
3.31479736328125,1.5398767089843748,8.7407470703125,0.42431050539016724,0.1973026692867279
3.31479736328125,1.7546130371093747,0.4407958984375,0.25761523842811584,0.06814722716808319
5.14889892578125,1.5398767089843748,0.4407958984375,0.2626909613609314,0.05487982556223869
8.30979736328125,6.752113037109375,3.7907470703125004,2.2373876571655273,0.648631751537323
0.15389892578125,6.752113037109375,3.7907470703125004,0.2514060139656067,0.3050152659416199
8.30979736328125,6.537376708984374,3.7907470703125004,2.217397451400757,0.6423149108886719
8.30979736328125,6.752113037109375,5.3907958984375,2.4313926696777344,0.7102139592170715
0.15389892578125,6.537376708984374,5.3907958984375,0.25328320264816284,0.31845611333847046
5.81229736328125,4.2533630371093745,6.2657470703125,1.4703164100646973,0.5740588307380676
7.64639892578125,4.2533630371093745,6.2657470703125,2.0213446617126465,0.6293303966522217
5.81229736328125,9.036126708984375,6.2657470703125,1.8193429708480835,0.7267228364944458
5.81229736328125,4.2533630371093745,7.8657958984375,1.5552005767822266,0.6109961867332458
7.64639892578125,9.036126708984375,7.8657958984375,2.485203742980957,0.7878475785255432
0.81729736328125,9.250863037109376,1.3157470703125,0.27154451608657837,0.26786118745803833
2.65139892578125,9.250863037109376,1.3157470703125,0.41954314708709717,0.2631155848503113
0.81729736328125,4.038626708984374,1.3157470703125,0.256634920835495,0.17611761391162872
0.81729736328125,9.250863037109376,2.9157958984375,0.29939472675323486,0.33518025279045105
2.65139892578125,4.038626708984374,2.9157958984375,0.3884769678115845,0.22815504670143127
1.12948486328125,3.9410192871093748,9.6688720703125,0.3471778333187103,0.3202160894870758
7.33421142578125,3.9410192871093748,9.6688720703125,2.048288583755493,0.6648315787315369
1.12948486328125,6.225032958984374,9.6688720703125,0.4132497310638428,0.4457026422023773
1.12948486328125,3.9410192871093748,5.0814208984375,0.30039528012275696,0.2472660094499588
7.33421142578125,6.225032958984374,5.0814208984375,2.051362991333008,0.6654092073440552
6.12448486328125,8.938519287109376,4.7188720703125,1.81642746925354,0.6908375024795532
2.33921142578125,8.938519287109376,4.7188720703125,0.6844648122787476,0.5280067324638367
6.12448486328125,1.2275329589843749,4.7188720703125,0.4985142648220062,0.1503501832485199
6.12448486328125,8.938519287109376,0.13142089843750002,0.37654757499694824,0.10945772379636765
2.33921142578125,1.2275329589843749,0.13142089843750002,0.2496136873960495,0.053711529821157455
8.62198486328125,1.4422692871093747,7.1938720703125,1.4624570608139038,0.39234134554862976
9.83171142578125,1.4422692871093747,7.1938720703125,1.7773463726043701,0.4289152920246124
8.62198486328125,3.7262829589843744,7.1938720703125,2.29825496673584,0.6451202630996704
8.62198486328125,1.4422692871093747,2.6064208984375004,0.6046971082687378,0.14215697348117828
9.83171142578125,3.7262829589843744,2.6064208984375004,1.8764811754226685,0.4542525112628937
3.62698486328125,6.439769287109375,2.2438720703125004,0.6457481384277344,0.3432770073413849
4.83671142578125,6.439769287109375,2.2438720703125004,0.9165934324264526,0.40036770701408386
3.62698486328125,8.723782958984375,2.2438720703125004,0.7685258984565735,0.42277368903160095
3.62698486328125,6.439769287109375,7.5564208984375,1.0642259120941162,0.6107632517814636
4.83671142578125,8.723782958984375,7.5564208984375,1.5432909727096558,0.7178946733474731
4.87573486328125,0.19289428710937498,3.4813720703125,0.25171273946762085,0.016370778903365135
3.5879614257812498,0.19289428710937498,3.4813720703125,0.24965406954288483,0.01639680005609989
4.87573486328125,9.973157958984375,3.4813720703125,1.3523691892623901,0.6161859035491943
4.87573486328125,0.19289428710937498,6.3189208984375,0.25560784339904785,0.018582560122013092
3.5879614257812498,9.973157958984375,6.3189208984375,1.1492738723754883,0.674023449420929
9.87073486328125,5.190394287109375,8.4313720703125,2.976186513900757,0.7482714653015137
8.58296142578125,5.190394287109375,8.4313720703125,2.5573267936706543,0.7275729179382324
9.87073486328125,4.975657958984375,8.4313720703125,2.951195478439331,0.7415401935577393
9.87073486328125,5.190394287109375,1.3689208984375,1.5324910879135132,0.3619825541973114
8.58296142578125,4.975657958984375,1.3689208984375,1.2155733108520508,0.32070836424827576
7.37323486328125,2.6916442871093746,1.0063720703125,0.35966354608535767,0.08625341951847076
1.09046142578125,2.6916442871093746,1.0063720703125,0.25365519523620605,0.12627477943897247
7.37323486328125,2.4769079589843748,1.0063720703125,0.33960023522377014,0.07923716306686401
7.37323486328125,2.6916442871093746,3.8439208984375,1.29253351688385,0.39712071418762207
1.09046142578125,2.4769079589843748,3.8439208984375,0.267520010471344,0.1602776050567627
2.37823486328125,7.689144287109374,5.9563720703125,0.7062339782714844,0.539002537727356
6.08546142578125,7.689144287109374,5.9563720703125,1.8263074159622192,0.6991108655929565
2.37823486328125,7.474407958984374,5.9563720703125,0.6982967853546143,0.5315865278244019
2.37823486328125,7.689144287109374,8.7939208984375,0.7752090096473694,0.6009557247161865
6.08546142578125,7.474407958984374,8.7939208984375,1.9273600578308105,0.741629958152771
1.75385986328125,2.066956787109375,0.38762207031250007,0.25269970297813416,0.0869465246796608
7.95858642578125,2.066956787109375,0.38762207031250007,0.28349122405052185,0.05204510688781738
1.75385986328125,0.6028454589843749,0.38762207031250007,0.24663086235523224,0.03445621579885483
1.75385986328125,2.066956787109375,8.1751708984375,0.319347620010376,0.18981190025806427
7.95858642578125,0.6028454589843749,8.1751708984375,0.44134578108787537,0.09506084024906158
6.7488598632812495,7.064456787109374,5.3376220703124995,1.9552958011627197,0.683432936668396
2.9635864257812496,7.064456787109374,5.3376220703124995,0.8182617425918579,0.536426842212677
6.7488598632812495,5.600345458984375,5.3376220703124995,1.8353034257888794,0.6375609636306763
6.7488598632812495,7.064456787109374,3.2251708984375003,1.6954222917556763,0.5844528079032898
2.9635864257812496,5.600345458984375,3.2251708984375003,0.5854336023330688,0.359512060880661
9.24635986328125,4.565706787109375,2.8626220703125003,2.001492977142334,0.5176928639411926
5.46108642578125,4.565706787109375,2.8626220703125003,1.0085062980651855,0.39858734607696533
9.24635986328125,8.099095458984376,2.8626220703125003,2.4423959255218506,0.6430864334106445
9.24635986328125,4.565706787109375,0.7501708984375,0.7819260358810425,0.18014749884605408
5.46108642578125,8.099095458984376,0.7501708984375,0.6096499562263489,0.2230171263217926
4.25135986328125,9.563206787109374,7.8126220703125,1.3912824392318726,0.7188082933425903
0.46608642578125004,9.563206787109374,7.8126220703125,0.3072112798690796,0.44362953305244446
4.25135986328125,3.1015954589843746,7.8126220703125,0.9432182312011719,0.46000510454177856
4.25135986328125,9.563206787109374,5.7001708984374995,1.3172557353973389,0.676544189453125
0.46608642578125004,3.1015954589843746,5.7001708984374995,0.2594054937362671,0.20497627556324005
3.0026098632812497,3.3163317871093745,6.5751220703125,0.613368570804596,0.3694491684436798
1.71483642578125,3.3163317871093745,6.5751220703125,0.36443400382995605,0.26954084634780884
3.0026098632812497,4.350970458984374,6.5751220703125,0.7164034843444824,0.449739009141922
3.0026098632812497,3.3163317871093745,9.4126708984375,0.6982081532478333,0.4325133264064789
1.71483642578125,4.350970458984374,9.4126708984375,0.47224491834640503,0.4029201865196228
7.99760986328125,8.313831787109375,1.6251220703125002,1.6376407146453857,0.4785611033439636
6.7098364257812495,8.313831787109375,1.6251220703125002,1.3135334253311157,0.44363662600517273
7.99760986328125,9.348470458984375,1.6251220703125002,1.7195582389831543,0.5050113797187805
7.99760986328125,8.313831787109375,4.4626708984375,2.350325584411621,0.7101193070411682
6.7098364257812495,9.348470458984375,4.4626708984375,1.9972814321517944,0.7033172845840454
5.50010986328125,0.8175817871093749,9.0501220703125,0.41131606698036194,0.11840590834617615
4.21233642578125,0.8175817871093749,9.0501220703125,0.33230283856391907,0.09644807875156403
5.50010986328125,6.8497204589843745,9.0501220703125,1.7112253904342651,0.7150498032569885
5.50010986328125,0.8175817871093749,1.9876708984375002,0.26951318979263306,0.050404198467731476
4.21233642578125,6.8497204589843745,1.9876708984375002,0.7445294260978699,0.3567351996898651
0.50510986328125,5.815081787109374,4.1001220703125,0.2684091031551361,0.28501036763191223
9.20733642578125,5.815081787109374,4.1001220703125,2.467271327972412,0.6530779600143433
0.50510986328125,1.8522204589843747,4.1001220703125,0.2525607645511627,0.13110564649105072
0.50510986328125,5.815081787109374,6.9376708984375,0.2832915484905243,0.3279592990875244
9.20733642578125,1.8522204589843747,6.9376708984375,1.8543455600738525,0.4788464307785034
0.34901611328125004,3.4725036621093746,2.3985595703125,0.2507031261920929,0.18724428117275238
6.24155517578125,3.4725036621093746,2.3985595703125,0.883765459060669,0.30250513553619385
0.34901611328125004,9.504642333984375,2.3985595703125,0.2615971565246582,0.32972121238708496
0.34901611328125004,3.4725036621093746,5.8548583984375,0.2572844624519348,0.2222910076379776
6.24155517578125,9.504642333984375,5.8548583984375,1.9562586545944214,0.7360840439796448
5.34401611328125,8.470003662109375,7.3485595703125,1.6892822980880737,0.7239876985549927
1.24655517578125,8.470003662109375,7.3485595703125,0.4601964056491852,0.4991629719734192
5.34401611328125,4.507142333984374,7.3485595703125,1.4214022159576416,0.5975306630134583
5.34401611328125,8.470003662109375,0.9048583984375,0.6925967931747437,0.264823853969574
1.24655517578125,4.507142333984374,0.9048583984375,0.26163819432258606,0.16436363756656647
7.84151611328125,0.973753662109375,4.8735595703125,0.5855618715286255,0.1469401717185974
8.73905517578125,0.973753662109375,4.8735595703125,0.7424766421318054,0.17766645550727844
7.84151611328125,2.0083923339843746,4.8735595703125,1.3234429359436035,0.38429391384124756
7.84151611328125,0.973753662109375,3.3798583984375004,0.368552565574646,0.07956279814243317
8.73905517578125,2.0083923339843746,3.3798583984375004,1.2265748977661133,0.31808722019195557
2.84651611328125,5.971253662109374,9.8235595703125,0.8611676692962646,0.5863918662071228
3.74405517578125,5.971253662109374,9.8235595703125,1.129189133644104,0.6349738836288452
2.84651611328125,7.005892333984375,9.8235595703125,0.9061238765716553,0.6232127547264099
2.84651611328125,5.971253662109374,8.3298583984375,0.8322703838348389,0.5636777877807617
3.74405517578125,7.005892333984375,8.3298583984375,1.1492985486984253,0.6484239101409912
4.09526611328125,2.223128662109375,6.1110595703124995,0.6433848738670349,0.29954466223716736
4.99280517578125,2.223128662109375,6.1110595703124995,0.8443118333816528,0.349271684885025
4.09526611328125,5.756517333984374,6.1110595703124995,1.1043365001678467,0.5726351737976074
4.09526611328125,2.223128662109375,7.0923583984375,0.6973109841346741,0.3302384912967682
4.99280517578125,5.756517333984374,7.0923583984375,1.4174691438674927,0.634284496307373
9.09026611328125,7.220628662109374,1.1610595703125002,1.4987170696258545,0.38304799795150757
9.98780517578125,7.220628662109374,1.1610595703125002,1.7026305198669434,0.4020128846168518
9.09026611328125,0.759017333984375,1.1610595703125002,0.2725996673107147,0.036771345883607864
9.09026611328125,7.220628662109374,2.1423583984375,2.0676324367523193,0.5454692840576172
9.98780517578125,0.759017333984375,2.1423583984375,0.3006446063518524,0.044786810874938965
6.59276611328125,4.721878662109375,8.5860595703125,1.8782187700271606,0.6687508821487427
2.4953051757812497,4.721878662109375,8.5860595703125,0.6702560782432556,0.48167744278907776
6.59276611328125,3.2577673339843747,8.5860595703125,1.6662166118621826,0.5860413908958435
6.59276611328125,4.721878662109375,4.6173583984375,1.6163623332977295,0.5666276216506958
2.4953051757812497,3.2577673339843747,4.6173583984375,0.4133837819099426,0.25469791889190674
1.59776611328125,9.719378662109374,3.6360595703125003,0.46436113119125366,0.43466734886169434
7.49030517578125,9.719378662109374,3.6360595703125003,2.1624703407287598,0.6906713247299194
1.59776611328125,8.255267333984374,3.6360595703125003,0.4324146509170532,0.3931629955768585
1.59776611328125,9.719378662109374,9.5673583984375,0.6071382761001587,0.6046931147575378
7.49030517578125,8.255267333984374,9.5673583984375,2.4481985569000244,0.7906269431114197
2.22214111328125,0.34906616210937497,7.9673095703125,0.255575954914093,0.03441290557384491
9.36343017578125,0.34906616210937497,7.9673095703125,0.31652483344078064,0.04103454574942589
2.22214111328125,3.8824548339843745,7.9673095703125,0.531227707862854,0.3903307318687439
2.22214111328125,0.34906616210937497,7.7111083984375,0.2555670738220215,0.034238528460264206
9.36343017578125,3.8824548339843745,7.7111083984375,2.591322183609009,0.678422212600708
7.21714111328125,5.346566162109374,3.0173095703125004,1.6056312322616577,0.5163166522979736
4.36843017578125,5.346566162109374,3.0173095703125004,0.8614545464515686,0.4076647162437439
7.21714111328125,8.879954833984375,3.0173095703125004,1.9224859476089478,0.6294547915458679
7.21714111328125,5.346566162109374,2.7611083984375,1.5405062437057495,0.4932650923728943
4.36843017578125,8.879954833984375,2.7611083984375,1.0554237365722656,0.5156821012496948
9.71464111328125,2.8478161621093747,5.4923095703125,2.253361225128174,0.5620300769805908
6.86593017578125,2.8478161621093747,5.4923095703125,1.4433486461639404,0.48065534234046936
9.71464111328125,6.381204833984374,5.4923095703125,2.8593008518218994,0.7273372411727905
9.71464111328125,2.8478161621093747,0.2861083984375,0.3096127510070801,0.052768539637327194
6.86593017578125,6.381204833984374,0.2861083984375,0.38267549872398376,0.10059070587158203
4.7196411132812495,7.845316162109374,0.5423095703125,0.4036465883255005,0.15287986397743225
1.87093017578125,7.845316162109374,0.5423095703125,0.27976906299591064,0.17484411597251892
4.7196411132812495,1.3837048339843747,0.5423095703125,0.2607627809047699,0.05496707186102867
4.7196411132812495,7.845316162109374,5.2361083984375,1.365257740020752,0.6407390236854553
1.87093017578125,1.3837048339843747,5.2361083984375,0.27445054054260254,0.11104666441679001
3.4708911132812497,4.097191162109374,4.2548095703125,0.6713747978210449,0.36921507120132446
0.6221801757812501,4.097191162109374,4.2548095703125,0.26648223400115967,0.23261603713035583
3.4708911132812497,0.134329833984375,4.2548095703125,0.24858763813972473,0.011989294551312923
3.4708911132812497,4.097191162109374,8.9486083984375,0.8921990990638733,0.5155139565467834
0.6221801757812501,0.134329833984375,8.9486083984375,0.24559247493743896,0.013532763347029686
8.46589111328125,9.094691162109376,9.2048095703125,2.802191972732544,0.8133708834648132
5.61718017578125,9.094691162109376,9.2048095703125,1.8531638383865356,0.7653392553329468
8.46589111328125,5.131829833984375,9.2048095703125,2.5422186851501465,0.7326400876045227
8.46589111328125,9.094691162109376,3.9986083984375003,2.4883713722229004,0.715059220790863
5.61718017578125,5.131829833984375,3.9986083984375003,1.3104372024536133,0.5214927196502686
5.96839111328125,1.5984411621093748,1.7798095703125,0.3076987862586975,0.0780128464102745
3.11968017578125,1.5984411621093748,1.7798095703125,0.2696009874343872,0.08667870610952377
5.96839111328125,7.630579833984374,1.7798095703125,1.1425564289093018,0.4237995445728302
5.96839111328125,1.5984411621093748,1.5236083984375002,0.29668232798576355,0.07251816242933273
3.11968017578125,7.630579833984374,1.5236083984375002,0.4747313857078552,0.26874232292175293
0.97339111328125,6.595941162109375,6.7298095703125,0.35550493001937866,0.3901330530643463
8.11468017578125,6.595941162109375,6.7298095703125,2.450223684310913,0.7329307198524475
0.97339111328125,2.633079833984375,6.7298095703125,0.28040745854377747,0.19694066047668457
0.97339111328125,6.595941162109375,6.4736083984374995,0.3522191345691681,0.3845818042755127
8.11468017578125,2.633079833984375,6.4736083984374995,1.826324224472046,0.5318727493286133
0.66120361328125,1.286097412109375,2.7079345703125,0.24969574809074402,0.08985864371061325
2.18311767578125,1.286097412109375,2.7079345703125,0.26285627484321594,0.08614722639322281
0.66120361328125,7.318236083984375,2.7079345703125,0.274485319852829,0.2910000681877136
0.66120361328125,1.286097412109375,4.3079833984375,0.2515469193458557,0.09793920814990997
2.18311767578125,7.318236083984375,4.3079833984375,0.5714777708053589,0.4459770917892456
5.65620361328125,6.2835974121093745,7.6579345703125,1.6832700967788696,0.6842071413993835
7.17811767578125,6.2835974121093745,7.6579345703125,2.168219566345215,0.7217649221420288
5.65620361328125,2.3207360839843747,7.6579345703125,1.135270357131958,0.4392048716545105
5.65620361328125,6.2835974121093745,9.2579833984375,1.7331945896148682,0.7065783143043518
7.17811767578125,2.3207360839843747,9.2579833984375,1.6332190036773682,0.5288464426994324
8.15370361328125,3.7848474121093747,0.2329345703125,0.3126565217971802,0.06340533494949341
4.68061767578125,3.7848474121093747,0.2329345703125,0.27861252427101135,0.08082816749811172
8.15370361328125,4.8194860839843745,0.2329345703125,0.34360459446907043,0.0736454501748085
8.15370361328125,3.7848474121093747,6.7829833984375,2.137371778488159,0.6289757490158081
4.68061767578125,4.8194860839843745,6.7829833984375,1.2312278747558594,0.5741396546363831
3.15870361328125,8.782347412109376,5.1829345703125,0.9333669543266296,0.5934096574783325
9.67561767578125,8.782347412109376,5.1829345703125,2.9922168254852295,0.766727089881897
3.15870361328125,9.816986083984375,5.1829345703125,0.9662957191467285,0.6178510785102844
3.15870361328125,8.782347412109376,1.8329833984375001,0.5906203985214233,0.34866267442703247
9.67561767578125,9.816986083984375,1.8329833984375001,2.3195436000823975,0.5817068219184875
4.40745361328125,2.5354724121093746,8.8954345703125,0.9172868728637695,0.4303149878978729
8.42686767578125,2.5354724121093746,8.8954345703125,2.050281047821045,0.5826541781425476
4.40745361328125,8.567611083984374,8.8954345703125,1.4341175556182861,0.7196571230888367
4.40745361328125,2.5354724121093746,3.0704833984375,0.4806079566478729,0.19728730618953705
8.42686767578125,8.567611083984374,3.0704833984375,2.280470371246338,0.6532588601112366
9.40245361328125,7.532972412109374,3.9454345703125004,2.671325922012329,0.697333037853241
3.43186767578125,7.532972412109374,3.9454345703125004,0.8783290386199951,0.5155940651893616
9.40245361328125,3.570111083984375,3.9454345703125004,2.111417055130005,0.5400862097740173
9.40245361328125,7.532972412109374,8.0204833984375,2.9981157779693604,0.7904401421546936
3.43186767578125,3.570111083984375,8.0204833984375,0.8002177476882935,0.45714685320854187
6.90495361328125,0.036722412109375,6.4204345703125,0.24760845303535461,0.003580515505746007
5.92936767578125,0.036722412109375,6.4204345703125,0.246585875749588,0.003560082521289587
6.90495361328125,1.0713610839843748,6.4204345703125,0.6983727216720581,0.20484738051891327
6.90495361328125,0.036722412109375,5.5454833984375,0.24761401116847992,0.0034966780804097652
5.92936767578125,1.0713610839843748,5.5454833984375,0.4514433443546295,0.1336500495672226
1.90995361328125,5.034222412109375,1.4704345703125001,0.28955739736557007,0.1801059991121292
0.93436767578125,5.034222412109375,1.4704345703125001,0.2636834383010864,0.20111867785453796
1.90995361328125,6.068861083984374,1.4704345703125001,0.3014960289001465,0.19988693296909332
1.90995361328125,5.034222412109375,0.5954833984375,0.26863205432891846,0.14534565806388855
0.93436767578125,6.068861083984374,0.5954833984375,0.25862130522727966,0.18912877142429352
1.2855786132812501,4.4095349121093745,7.0391845703125,0.3573036193847656,0.3211246132850647
2.80749267578125,4.4095349121093745,7.0391845703125,0.6882340312004089,0.4525429904460907
1.2855786132812501,1.6960485839843749,7.0391845703125,0.27634313702583313,0.14218419790267944
1.2855786132812501,4.4095349121093745,2.4517333984375003,0.28154298663139343,0.2063792198896408
2.80749267578125,1.6960485839843749,2.4517333984375003,0.2766108214855194,0.10155940055847168
6.28057861328125,9.407034912109376,2.0891845703125003,1.4485902786254883,0.5263471007347107
7.80249267578125,9.407034912109376,2.0891845703125003,1.8704289197921753,0.5670002102851868
6.28057861328125,6.6935485839843745,2.0891845703125003,1.2465052604675293,0.4450906217098236
6.28057861328125,9.407034912109376,7.4017333984375,2.0322487354278564,0.7629212737083435
7.80249267578125,6.6935485839843745,7.4017333984375,2.3893046379089355,0.7406473755836487
8.77807861328125,1.9107849121093747,9.5141845703125,1.9435408115386963,0.5284527540206909
0.30999267578125,1.9107849121093747,9.5141845703125,0.25328341126441956,0.15614289045333862
8.77807861328125,9.192298583984375,9.5141845703125,2.91914963722229,0.8207834362983704
8.77807861328125,1.9107849121093747,9.8767333984375,1.9612940549850464,0.5338001251220703
0.30999267578125,9.192298583984375,9.8767333984375,0.28718364238739014,0.440537691116333
3.78307861328125,6.908284912109375,4.5641845703124995,0.9924150705337524,0.5446034669876099
5.30499267578125,6.908284912109375,4.5641845703124995,1.435343623161316,0.6087746024131775
3.78307861328125,4.194798583984374,4.5641845703124995,0.7814080715179443,0.41099846363067627
3.78307861328125,6.908284912109375,4.9267333984374995,1.0184948444366455,0.560774564743042
5.30499267578125,4.194798583984374,4.9267333984374995,1.2123628854751587,0.5033813118934631
2.5343286132812497,0.6614099121093749,0.8516845703125,0.24974434077739716,0.0395534485578537
6.55374267578125,0.6614099121093749,0.8516845703125,0.2585665285587311,0.03406519815325737
2.5343286132812497,2.9454235839843745,0.8516845703125,0.26760104298591614,0.10982128977775574
2.5343286132812497,0.6614099121093749,1.2142333984375002,0.2506793141365051,0.04183906316757202
6.55374267578125,2.9454235839843745,1.2142333984375002,0.39758825302124023,0.11011840403079987
7.52932861328125,5.658909912109374,5.8016845703125,2.120307207107544,0.6728658676147461
1.5587426757812501,5.658909912109374,5.8016845703125,0.42625877261161804,0.38174816966056824
7.52932861328125,7.942923583984374,5.8016845703125,2.2933716773986816,0.7328051328659058
7.52932861328125,5.658909912109374,6.1642333984375,2.147329807281494,0.682245135307312
1.5587426757812501,7.942923583984374,6.1642333984375,0.5032679438591003,0.4844478964805603
5.03182861328125,3.160159912109375,3.3266845703125,0.7694833874702454,0.31322506070137024
9.05124267578125,3.160159912109375,3.3266845703125,1.750515103340149,0.4563482403755188
5.03182861328125,5.444173583984375,3.3266845703125,1.0874606370925903,0.4681806266307831
5.03182861328125,3.160159912109375,8.6392333984375,1.1973228454589844,0.520038902759552
9.05124267578125,5.444173583984375,8.6392333984375,2.744163990020752,0.7458410263061523
0.03682861328125,8.157659912109375,8.2766845703125,0.24815107882022858,0.37876617908477783
4.05624267578125,8.157659912109375,8.2766845703125,1.2931936979293823,0.690474808216095
0.03682861328125,0.44667358398437496,8.2766845703125,0.24442030489444733,0.04218176007270813
0.03682861328125,8.157659912109375,3.6892333984375,0.2463826835155487,0.33581721782684326
4.05624267578125,0.44667358398437496,3.6892333984375,0.25964388251304626,0.0367516465485096
0.04658447265625,0.6321276855468749,3.1816650390625,0.24465502798557281,0.050019051879644394
2.62213134765625,0.6321276855468749,3.1816650390625,0.2565593719482422,0.048956215381622314
0.04658447265625,1.4325085449218748,3.1816650390625,0.2447257786989212,0.10205848515033722
0.04658447265625,0.6321276855468749,1.8233154296875,0.24457663297653198,0.04601896181702614
2.62213134765625,1.4325085449218748,1.8233154296875,0.26371678709983826,0.08324682712554932
5.0415844726562495,5.6296276855468745,8.1316650390625,1.4612278938293457,0.6502963900566101
7.61713134765625,5.6296276855468745,8.1316650390625,2.2762880325317383,0.7191433310508728
5.0415844726562495,6.430008544921875,8.1316650390625,1.5152499675750732,0.6771771907806396
5.0415844726562495,5.6296276855468745,6.7733154296875,1.4082415103912354,0.6241147518157959
7.61713134765625,6.430008544921875,6.7733154296875,2.2793467044830322,0.7200348377227783
7.53908447265625,3.1308776855468747,0.7066650390625,0.34357786178588867,0.07930970191955566
0.12463134765625,3.1308776855468747,0.7066650390625,0.245743989944458,0.1520499438047409
7.53908447265625,8.928758544921875,0.7066650390625,0.9856278896331787,0.28716546297073364
7.53908447265625,3.1308776855468747,9.2483154296875,1.9533209800720215,0.6147852540016174
0.12463134765625,8.928758544921875,9.2483154296875,0.25911056995391846,0.4098486006259918
2.54408447265625,8.128377685546875,5.6566650390625,0.7564533352851868,0.5548366904258728
5.11963134765625,8.128377685546875,5.6566650390625,1.527258276939392,0.673854649066925
2.54408447265625,3.9312585449218744,5.6566650390625,0.5343030691146851,0.3563753068447113
2.54408447265625,8.128377685546875,4.2983154296874995,0.6913812160491943,0.4995024502277374
5.11963134765625,3.9312585449218744,4.2983154296874995,1.0594563484191895,0.44642508029937744
3.7928344726562497,4.380252685546875,9.3691650390625,1.020188331604004,0.5581079125404358
6.36838134765625,4.380252685546875,9.3691650390625,1.7951844930648804,0.657476544380188
3.7928344726562497,2.6818835449218748,9.3691650390625,0.804298996925354,0.42013129591941833
3.7928344726562497,4.380252685546875,0.5858154296875,0.29061010479927063,0.10845266282558441
6.36838134765625,2.6818835449218748,0.5858154296875,0.29462942481040955,0.07040750980377197
8.78783447265625,9.377752685546875,4.4191650390624995,2.6592836380004883,0.7411683201789856
1.37338134765625,9.377752685546875,4.4191650390624995,0.4393458664417267,0.4457671344280243
8.78783447265625,7.679383544921874,4.4191650390624995,2.5543112754821777,0.7095693945884705
8.78783447265625,9.377752685546875,5.5358154296875,2.760341167449951,0.7718119025230408
1.37338134765625,7.679383544921874,5.5358154296875,0.43727993965148926,0.4374924898147583
6.29033447265625,1.8815026855468748,6.8941650390625,1.0953010320663452,0.38175711035728455
8.86588134765625,1.8815026855468748,6.8941650390625,1.7722866535186768,0.47253578901290894
6.29033447265625,5.180633544921874,6.8941650390625,1.7573027610778809,0.6496087312698364
6.29033447265625,1.8815026855468748,8.0108154296875,1.1673377752304077,0.4104856550693512
8.86588134765625,5.180633544921874,8.0108154296875,2.629237651824951,0.7265526056289673
1.2953344726562501,6.879002685546874,1.9441650390625,0.2945960760116577,0.24594342708587646
3.87088134765625,6.879002685546874,1.9441650390625,0.6646788120269775,0.3362683951854706
1.2953344726562501,0.183133544921875,1.9441650390625,0.24563086032867432,0.014230826869606972
1.2953344726562501,6.879002685546874,3.0608154296875,0.3275699019432068,0.2972562611103058
3.87088134765625,0.183133544921875,3.0608154296875,0.24958007037639618,0.015237470157444477
1.91970947265625,2.506190185546875,7.5129150390624995,0.3542807400226593,0.22926902770996094
1.99775634765625,2.506190185546875,7.5129150390624995,0.3633786737918854,0.23358255624771118
1.91970947265625,7.054696044921874,7.5129150390624995,0.6022741794586182,0.5212505459785461
1.91970947265625,2.506190185546875,4.9170654296875,0.3113667368888855,0.1829070746898651
1.99775634765625,7.054696044921874,4.9170654296875,0.5453553199768066,0.4488336443901062
6.91470947265625,7.5036901855468745,2.5629150390625,1.6285845041275024,0.5465421676635742
6.9927563476562495,7.5036901855468745,2.5629150390625,1.6504805088043213,0.5487451553344727
6.91470947265625,2.057196044921875,2.5629150390625,0.6466345191001892,0.19001449644565582
6.91470947265625,7.5036901855468745,9.8670654296875,2.227290391921997,0.7699733972549438
6.9927563476562495,2.057196044921875,9.8670654296875,1.5142771005630493,0.4984060227870941
9.41220947265625,0.007440185546875,9.9879150390625,0.24551378190517426,0.0007783934124745429
4.49525634765625,0.007440185546875,9.9879150390625,0.2456136792898178,0.0007808186928741634
9.41220947265625,4.555946044921875,9.9879150390625,2.809194564819336,0.7366948127746582
9.41220947265625,0.007440185546875,7.3920654296874995,0.2455589324235916,0.0007422941853292286
4.49525634765625,4.555946044921875,7.3920654296874995,1.1782433986663818,0.5663760900497437
4.41720947265625,5.004940185546874,5.0379150390625,1.0683894157409668,0.5154252052307129
9.49025634765625,5.004940185546874,5.0379150390625,2.5833067893981934,0.6667172312736511
4.41720947265625,9.553446044921875,5.0379150390625,1.3324015140533447,0.6622674465179443
4.41720947265625,5.004940185546874,2.4420654296875,0.7346117496490479,0.3354252576828003
9.49025634765625,9.553446044921875,2.4420654296875,2.4984753131866455,0.6425667405128479
3.16845947265625,1.2568151855468748,1.3254150390625001,0.26069191098213196,0.06810413300991058
8.24150634765625,1.2568151855468748,1.3254150390625001,0.29662656784057617,0.05432666093111038
3.16845947265625,8.304071044921875,1.3254150390625001,0.4676450192928314,0.26091256737709045
3.16845947265625,1.2568151855468748,3.6795654296875,0.28247901797294617,0.0918547585606575
8.24150634765625,8.304071044921875,3.6795654296875,2.3203420639038086,0.6802249550819397
8.16345947265625,6.254315185546875,6.2754150390625,2.4103336334228516,0.7158376574516296
3.2465063476562497,6.254315185546875,6.2754150390625,0.8992562890052795,0.5535783767700195
8.16345947265625,3.3065710449218746,6.2754150390625,2.0034074783325195,0.5852769613265991
8.16345947265625,6.254315185546875,8.6295654296875,2.524266481399536,0.752781867980957
3.2465063476562497,3.3065710449218746,8.6295654296875,0.7392168045043945,0.4348222315311432
5.66595947265625,3.7555651855468746,3.8004150390625,1.1054562330245972,0.4268488883972168
5.74400634765625,3.7555651855468746,3.8004150390625,1.1254138946533203,0.430095374584198
5.66595947265625,0.8078210449218749,3.8004150390625,0.29463374614715576,0.06376031041145325
5.66595947265625,3.7555651855468746,6.1545654296875,1.3492517471313477,0.5339233875274658
5.74400634765625,0.8078210449218749,6.1545654296875,0.3454987704753876,0.08648262917995453
0.67095947265625,8.753065185546875,8.7504150390625,0.34716030955314636,0.4639033377170563
0.7490063476562501,8.753065185546875,8.7504150390625,0.3632606863975525,0.47331342101097107
0.67095947265625,5.805321044921874,8.7504150390625,0.313321053981781,0.3638276159763336
0.67095947265625,8.753065185546875,1.2045654296875001,0.26369237899780273,0.26334071159362793
0.7490063476562501,5.805321044921874,1.2045654296875001,0.259488046169281,0.21386770904064178
0.9831469726562501,4.067908935546875,2.2535400390625,0.26661112904548645,0.19510985910892487
9.17806884765625,4.067908935546875,2.2535400390625,1.6455551385879517,0.42056387662887573
0.9831469726562501,4.243602294921875,2.2535400390625,0.2675783932209015,0.20007042586803436
0.9831469726562501,4.067908935546875,8.3201904296875,0.32120081782341003,0.300043523311615
9.17806884765625,4.243602294921875,8.3201904296875,2.624300479888916,0.7012938857078552
5.9781469726562495,9.065408935546875,7.2035400390625,1.9132983684539795,0.748041033744812
4.18306884765625,9.065408935546875,7.2035400390625,1.3362603187561035,0.6971904039382935
5.9781469726562495,9.241102294921875,7.2035400390625,1.9202059507369995,0.7509899139404297
5.9781469726562495,9.065408935546875,3.3701904296875003,1.6234853267669678,0.6247653961181641
4.18306884765625,9.241102294921875,3.3701904296875003,1.1064225435256958,0.5650738477706909
8.47564697265625,1.5691589355468747,4.7285400390625,1.2024582624435425,0.32019782066345215
6.68056884765625,1.5691589355468747,4.7285400390625,0.8094660639762878,0.25423380732536316
8.47564697265625,6.742352294921874,4.7285400390625,2.4174325466156006,0.6923509836196899
8.47564697265625,1.5691589355468747,0.8951904296875,0.29478397965431213,0.053447335958480835
6.68056884765625,6.742352294921874,0.8951904296875,0.7826146483421326,0.24735355377197266
3.48064697265625,6.566658935546874,9.6785400390625,1.0762248039245605,0.640802800655365
1.68556884765625,6.566658935546874,9.6785400390625,0.5591460466384888,0.5193798542022705
3.48064697265625,1.7448522949218748,9.6785400390625,0.531245231628418,0.26389390230178833
3.48064697265625,6.566658935546874,5.8451904296874995,0.96437668800354,0.5657838582992554
1.68556884765625,1.7448522949218748,5.8451904296874995,0.28346434235572815,0.14006850123405457
4.72939697265625,0.31978393554687495,5.9660400390624995,0.2626275420188904,0.030245112255215645
0.43681884765625,0.31978393554687495,5.9660400390624995,0.2466033399105072,0.029482468962669373
4.72939697265625,0.495477294921875,5.9660400390624995,0.27547621726989746,0.04674862325191498
4.72939697265625,0.31978393554687495,9.5576904296875,0.2724306285381317,0.034672949463129044
0.43681884765625,0.495477294921875,9.5576904296875,0.24744951725006104,0.04800233617424965
9.72439697265625,5.317283935546874,1.0160400390625,1.2397685050964355,0.28999385237693787
5.43181884765625,5.317283935546874,1.0160400390625,0.511613130569458,0.18085645139217377
9.72439697265625,5.492977294921874,1.0160400390625,1.2694809436798096,0.29781293869018555
9.72439697265625,5.317283935546874,4.6076904296875,2.6422765254974365,0.667044460773468
5.43181884765625,5.492977294921874,4.6076904296875,1.3644464015960693,0.5627355575561523
7.22689697265625,2.8185339355468746,8.4410400390625,1.7512658834457397,0.5675697922706604
2.93431884765625,2.8185339355468746,8.4410400390625,0.5942360758781433,0.3589424788951874
7.22689697265625,7.9917272949218745,8.4410400390625,2.3173892498016357,0.7708078026771545
7.22689697265625,2.8185339355468746,2.1326904296875,0.8277344703674316,0.2442074567079544
2.93431884765625,7.9917272949218745,2.1326904296875,0.5646389722824097,0.350176602602005
2.2318969726562496,7.816033935546875,3.4910400390625003,0.549498438835144,0.41919514536857605
7.92931884765625,7.816033935546875,3.4910400390625003,2.1574251651763916,0.652233898639679
2.2318969726562496,2.9942272949218744,3.4910400390625003,0.31955745816230774,0.18318681418895721
2.2318969726562496,7.816033935546875,7.0826904296875,0.7022531628608704,0.5621829628944397
7.92931884765625,2.9942272949218744,7.0826904296875,1.9223418235778809,0.5753799676895142
1.60752197265625,2.1938464355468748,7.8222900390625,0.3123927116394043,0.19277019798755646
6.05619384765625,2.1938464355468748,7.8222900390625,1.210280179977417,0.4433223307132721
1.60752197265625,9.865789794921875,7.8222900390625,0.5891676545143127,0.5812160968780518
1.60752197265625,2.1938464355468748,5.2264404296875,0.28935402631759644,0.16353903710842133
6.05619384765625,9.865789794921875,5.2264404296875,1.8723523616790771,0.7217568159103394
6.60252197265625,7.191346435546874,2.8722900390625004,1.5904768705368042,0.5562382340431213
1.0611938476562501,7.191346435546874,2.8722900390625004,0.3034287095069885,0.2920230031013489
6.60252197265625,4.868289794921875,2.8722900390625004,1.3406094312667847,0.4599711000919342
6.60252197265625,7.191346435546874,0.27644042968750004,0.4045528173446655,0.11221726983785629
1.0611938476562501,4.868289794921875,0.27644042968750004,0.25458824634552,0.15215300023555756
9.10002197265625,4.692596435546874,5.3472900390625,2.4514620304107666,0.6562926173210144
8.55369384765625,4.692596435546874,5.3472900390625,2.282327175140381,0.6448171138763428
9.10002197265625,2.3695397949218746,5.3472900390625,1.8845160007476807,0.49264177680015564
9.10002197265625,4.692596435546874,2.7514404296875004,1.9485087394714355,0.5105971693992615
8.55369384765625,2.3695397949218746,2.7514404296875004,1.1605861186981201,0.30526795983314514
4.10502197265625,9.690096435546875,0.39729003906250004,0.3676510453224182,0.15294505655765533
3.55869384765625,9.690096435546875,0.39729003906250004,0.3367301821708679,0.15256710350513458
4.10502197265625,7.367039794921874,0.39729003906250004,0.3236613869667053,0.12625320255756378
4.10502197265625,9.690096435546875,7.7014404296875,1.3462603092193604,0.7148438692092896
3.55869384765625,7.367039794921874,7.7014404296875,1.0921849012374878,0.6398563981056213
2.8562719726562498,3.4432214355468744,4.1097900390625,0.4625633656978607,0.2695707678794861
4.80744384765625,3.4432214355468744,4.1097900390625,0.881380558013916,0.3823261857032776
2.8562719726562498,6.1176647949218745,4.1097900390625,0.6693533062934875,0.4357434809207916
2.8562719726562498,3.4432214355468744,6.4639404296875,0.5893151760101318,0.3663567006587982
4.80744384765625,6.1176647949218745,6.4639404296875,1.3582853078842163,0.626134991645813
7.85127197265625,8.440721435546875,9.0597900390625,2.563176393508911,0.7943419218063354
9.80244384765625,8.440721435546875,9.0597900390625,3.218327283859253,0.8190273642539978
7.85127197265625,1.1201647949218747,9.0597900390625,1.1462641954421997,0.3257330358028412
7.85127197265625,8.440721435546875,1.5139404296875,1.552566647529602,0.4593939781188965
9.80244384765625,1.1201647949218747,1.5139404296875,0.3115840256214142,0.051263388246297836
5.35377197265625,0.944471435546875,1.6347900390625,0.26969996094703674,0.053413521498441696
2.3099438476562497,0.944471435546875,1.6347900390625,0.25457119941711426,0.059873152524232864
5.35377197265625,3.6189147949218747,1.6347900390625,0.5136096477508545,0.18323607742786407
5.35377197265625,0.944471435546875,3.9889404296875,0.3075532913208008,0.07596105337142944
2.3099438476562497,3.6189147949218747,3.9889404296875,0.38264986872673035,0.24365797638893127
0.35877197265625,5.941971435546875,6.5847900390625,0.26945915818214417,0.32089370489120483
7.30494384765625,5.941971435546875,6.5847900390625,2.1283748149871826,0.6955456137657166
0.35877197265625,8.616414794921875,6.5847900390625,0.28034934401512146,0.39330556988716125
0.35877197265625,5.941971435546875,8.9389404296875,0.27618616819381714,0.3441039025783539
7.30494384765625,8.616414794921875,8.9389404296875,2.3861827850341797,0.78753262758255
0.51486572265625,3.287049560546875,9.8332275390625,0.2732545733451843,0.2446296364068985
8.08541259765625,3.287049560546875,9.8332275390625,2.1752665042877197,0.6468160152435303
0.51486572265625,0.026961669921875,9.8332275390625,0.24458257853984833,0.0027946149930357933
0.51486572265625,3.287049560546875,7.5467529296875,0.2674027979373932,0.22906142473220825
8.08541259765625,0.026961669921875,7.5467529296875,0.24764777719974518,0.002709189895540476
5.50986572265625,8.284549560546875,4.8832275390625,1.6052802801132202,0.6654537916183472
3.09041259765625,8.284549560546875,4.8832275390625,0.8803568482398987,0.5649504065513611
5.50986572265625,5.024461669921875,4.8832275390625,1.366359829902649,0.5560967326164246
5.50986572265625,8.284549560546875,2.5967529296875003,1.3025059700012207,0.52829909324646
3.09041259765625,5.024461669921875,2.5967529296875003,0.4976845979690552,0.2836480140686035
8.00736572265625,0.7882995605468749,7.3582275390625,0.6703940629959106,0.16852962970733643
5.58791259765625,0.7882995605468749,7.3582275390625,0.361472487449646,0.09442384541034698
8.00736572265625,7.523211669921874,7.3582275390625,2.508230686187744,0.7614447474479675
8.00736572265625,0.7882995605468749,0.12175292968750001,0.25566041469573975,0.02866092510521412
5.58791259765625,7.523211669921874,0.12175292968750001,0.3245950937271118,0.09613524377346039
3.01236572265625,5.785799560546875,2.4082275390625,0.5085345506668091,0.2989189922809601
0.59291259765625,5.785799560546875,2.4082275390625,0.2636488676071167,0.2512756288051605
3.01236572265625,2.5257116699218747,2.4082275390625,0.3046073317527771,0.1343606412410736
3.01236572265625,5.785799560546875,5.0717529296874995,0.7512927055358887,0.47757846117019653
0.59291259765625,2.5257116699218747,5.0717529296874995,0.2594168484210968,0.1734914630651474
4.26111572265625,2.0376745605468747,3.6457275390625004,0.42050907015800476,0.16781209409236908
1.84166259765625,2.0376745605468747,3.6457275390625004,0.2785022556781769,0.13604065775871277
4.26111572265625,3.775086669921875,3.6457275390625004,0.747496485710144,0.3515855669975281
4.26111572265625,2.0376745605468747,8.7842529296875,0.7562706470489502,0.3511006832122803
1.84166259765625,3.775086669921875,8.7842529296875,0.45622891187667847,0.36259695887565613
9.25611572265625,7.035174560546874,8.5957275390625,2.939122200012207,0.7856793999671936
6.83666259765625,7.035174560546874,8.5957275390625,2.1422126293182373,0.7460145354270935
9.25611572265625,8.772586669921875,8.5957275390625,3.035250663757324,0.8131795525550842
9.25611572265625,7.035174560546874,3.8342529296875,2.5643091201782227,0.677399218082428
6.83666259765625,8.772586669921875,3.8342529296875,1.9354262351989746,0.6675980687141418
6.75861572265625,4.536424560546875,1.1707275390625,0.68560391664505,0.20938080549240112
4.33916259765625,4.536424560546875,1.1707275390625,0.37066715955734253,0.14562349021434784
6.75861572265625,6.273836669921875,1.1707275390625,0.910636842250824,0.2913036644458771
6.75861572265625,4.536424560546875,1.3592529296875002,0.7815911769866943,0.24402952194213867
4.33916259765625,6.273836669921875,1.3592529296875002,0.5557235479354858,0.2453329861164093
1.76361572265625,9.533924560546875,6.1207275390625,0.5922368168830872,0.5479851365089417
9.33416259765625,9.533924560546875,6.1207275390625,2.987335205078125,0.7927197813987732
1.76361572265625,1.2763366699218748,6.1207275390625,0.27437809109687805,0.10871636867523193
1.76361572265625,9.533924560546875,6.3092529296875,0.597194492816925,0.5534641742706299
9.33416259765625,1.2763366699218748,6.3092529296875,1.4074420928955078,0.3481544852256775
2.38799072265625,0.163612060546875,0.5519775390625,0.24559085071086884,0.010780188255012035
7.46103759765625,0.163612060546875,0.5519775390625,0.24754957854747772,0.010112619027495384
2.38799072265625,5.649149169921874,0.5519775390625,0.27855148911476135,0.141280859708786
2.38799072265625,0.163612060546875,5.6905029296875,0.2485790252685547,0.015317139215767384
7.46103759765625,5.649149169921874,5.6905029296875,2.0893349647521973,0.6679255962371826
7.38299072265625,5.161112060546874,5.5019775390625,1.9973269701004028,0.6422426700592041
2.46603759765625,5.161112060546874,5.5019775390625,0.5973210334777832,0.4240613579750061
7.38299072265625,0.6516491699218749,5.5019775390625,0.33854979276657104,0.06704430282115936
7.38299072265625,5.161112060546874,0.7405029296875,0.6076993346214294,0.1667899340391159
2.46603759765625,0.6516491699218749,0.7405029296875,0.24964626133441925,0.038529541343450546
9.88049072265625,2.6623620605468745,3.0269775390625,1.6944910287857056,0.4041725993156433
9.95853759765625,2.6623620605468745,3.0269775390625,1.7134569883346558,0.40602537989616394
9.88049072265625,3.1503991699218745,3.0269775390625,1.8734971284866333,0.4513205587863922
9.88049072265625,2.6623620605468745,3.2155029296875,1.7575219869613647,0.42077746987342834
9.95853759765625,3.1503991699218745,3.2155029296875,1.9565256834030151,0.46965983510017395
4.88549072265625,7.659862060546875,7.9769775390625,1.5272661447525024,0.7030858397483826
4.9635375976562495,7.659862060546875,7.9769775390625,1.5512923002243042,0.7051376700401306
4.88549072265625,8.147899169921875,7.9769775390625,1.548182725906372,0.7138222455978394
4.88549072265625,7.659862060546875,8.1655029296875,1.532225251197815,0.7056359052658081
4.9635375976562495,8.147899169921875,8.1655029296875,1.578367829322815,0.7187706232070923
3.63674072265625,3.9117370605468746,6.7394775390624995,0.8442786335945129,0.46448153257369995
3.7147875976562497,3.9117370605468746,6.7394775390624995,0.8653020858764648,0.46937429904937744
3.63674072265625,9.397274169921875,6.7394775390624995,1.1611850261688232,0.6737750768661499
3.63674072265625,3.9117370605468746,6.9280029296875,0.8523775935173035,0.46966132521629333
3.7147875976562497,9.397274169921875,6.9280029296875,1.191238522529602,0.6807206273078918
8.63174072265625,8.909237060546875,1.7894775390625002,1.936495065689087,0.5341705679893494
8.70978759765625,8.909237060546875,1.7894775390625002,1.958514928817749,0.5360838770866394
8.63174072265625,4.399774169921875,1.7894775390625002,1.3626534938812256,0.3623118996620178
8.63174072265625,8.909237060546875,1.9780029296875001,2.023503303527832,0.5603846907615662
8.70978759765625,4.399774169921875,1.9780029296875001,1.4766178131103516,0.39265477657318115
6.13424072265625,1.4129870605468748,9.2144775390625,0.9633850455284119,0.33597880601882935
1.21728759765625,1.4129870605468748,9.2144775390625,0.2743385434150696,0.12978337705135345
6.13424072265625,1.9010241699218748,9.2144775390625,1.1943434476852417,0.43126267194747925
6.13424072265625,1.4129870605468748,4.4530029296875,0.5784744024276733,0.1827089488506317
1.21728759765625,1.9010241699218748,4.4530029296875,0.2664494812488556,0.13607054948806763
1.13924072265625,6.410487060546874,4.2644775390625,0.33431950211524963,0.3261365592479706
6.21228759765625,6.410487060546874,4.2644775390625,1.6383793354034424,0.6084625124931335
1.13924072265625,6.898524169921874,4.2644775390625,0.342293918132782,0.3418785035610199
1.13924072265625,6.410487060546874,9.4030029296875,0.41723206639289856,0.4509197175502777
6.21228759765625,6.898524169921874,9.4030029296875,1.9534155130386353,0.738229513168335
0.82705322265625,1.7253308105468748,5.1926025390624995,0.25951024889945984,0.13059216737747192
4.0269750976562495,1.7253308105468748,5.1926025390624995,0.4353644847869873,0.18079988658428192
0.82705322265625,2.838055419921875,5.1926025390624995,0.26944074034690857,0.19128282368183136
0.82705322265625,1.7253308105468748,2.2873779296875,0.25257977843284607,0.10976439714431763
4.0269750976562495,2.838055419921875,2.2873779296875,0.3716401159763336,0.15199454128742218
5.82205322265625,6.722830810546874,0.2426025390625,0.33868780732154846,0.0989263653755188
9.02197509765625,6.722830810546874,0.2426025390625,0.5648669004440308,0.12528268992900848
5.82205322265625,7.835555419921874,0.2426025390625,0.3696485459804535,0.11203133314847946
5.82205322265625,6.722830810546874,7.2373779296875,1.7481846809387207,0.6944214105606079
9.02197509765625,7.835555419921874,7.2373779296875,2.85616135597229,0.7808232307434082
8.31955322265625,4.224080810546875,7.6676025390625,2.315296173095703,0.6731523871421814
1.5294750976562501,4.224080810546875,7.6676025390625,0.4012851119041443,0.34441983699798584
8.31955322265625,5.336805419921874,7.6676025390625,2.453282117843628,0.7167128324508667
8.31955322265625,4.224080810546875,9.7123779296875,2.402240514755249,0.7008808851242065
1.5294750976562501,5.336805419921874,9.7123779296875,0.47813528776168823,0.4478309452533722
3.3245532226562498,9.221580810546875,2.7176025390625003,0.7894052267074585,0.4698532521724701
6.52447509765625,9.221580810546875,2.7176025390625003,1.6734164953231812,0.5950784683227539
3.3245532226562498,0.33930541992187496,2.7176025390625003,0.2517508566379547,0.026712095364928246
3.3245532226562498,9.221580810546875,4.7623779296875,0.9742764234542847,0.5970989465713501
6.52447509765625,0.33930541992187496,4.7623779296875,0.2685180604457855,0.030501045286655426
4.57330322265625,2.9747058105468747,1.4801025390625002,0.331786572933197,0.11637730151414871
5.27572509765625,2.9747058105468747,1.4801025390625002,0.36867785453796387,0.12050886452198029
4.57330322265625,1.5886804199218747,1.4801025390625002,0.279630571603775,0.0760461613535881
4.57330322265625,2.9747058105468747,1.0498779296875,0.3026353716850281,0.09902311116456985
5.27572509765625,1.5886804199218747,1.0498779296875,0.2757788896560669,0.06595063209533691
9.56830322265625,7.972205810546874,6.4301025390625,3.0011420249938965,0.7778105139732361
0.28072509765625003,7.972205810546874,6.4301025390625,0.26819267868995667,0.3699098527431488
9.56830322265625,6.586180419921875,6.4301025390625,2.9031999111175537,0.7505773901939392
9.56830322265625,7.972205810546874,5.9998779296875,2.973187208175659,0.7699579000473022
0.28072509765625003,6.586180419921875,5.9998779296875,0.2633242607116699,0.32957714796066284
7.07080322265625,0.47595581054687497,3.9551025390625,0.2787274122238159,0.03969947248697281
7.77322509765625,0.47595581054687497,3.9551025390625,0.2836098372936249,0.039782438427209854
7.07080322265625,9.084930419921875,3.9551025390625,2.0413427352905273,0.6853121519088745
7.07080322265625,0.47595581054687497,8.4748779296875,0.3256770372390747,0.05733124166727066
7.77322509765625,9.084930419921875,8.4748779296875,2.5492374897003174,0.7971737384796143
2.07580322265625,5.4734558105468745,8.9051025390625,0.6082481145858765,0.4939032196998596
2.7782250976562497,5.4734558105468745,8.9051025390625,0.7992043495178223,0.5473790168762207
2.07580322265625,4.0874304199218745,8.9051025390625,0.5312016010284424,0.41093188524246216
2.07580322265625,5.4734558105468745,3.5248779296875004,0.42545008659362793,0.3140292465686798
2.7782250976562497,4.0874304199218745,3.5248779296875004,0.46449097990989685,0.2796793282032013
1.45142822265625,4.848768310546874,4.5738525390625,0.3463609218597412,0.29069793224334717
0.90510009765625,4.848768310546874,4.5738525390625,0.2914414405822754,0.2690792977809906
1.45142822265625,8.460242919921875,4.5738525390625,0.4443230628967285,0.4341158866882324
1.45142822265625,4.848768310546874,4.1436279296875,0.3343978226184845,0.27514559030532837
0.90510009765625,8.460242919921875,4.1436279296875,0.32752934098243713,0.36817049980163574
6.44642822265625,9.846268310546876,9.5238525390625,2.1601712703704834,0.7955628037452698
5.90010009765625,9.846268310546876,9.5238525390625,1.9790948629379272,0.7856190800666809
6.44642822265625,3.4627429199218747,9.5238525390625,1.695282220840454,0.6101633906364441
6.44642822265625,9.846268310546876,9.0936279296875,2.1512298583984375,0.7919703125953674
5.90010009765625,3.4627429199218747,9.0936279296875,1.5162142515182495,0.5856807231903076
8.94392822265625,2.350018310546875,2.0988525390625,0.9676311612129211,0.2380613088607788
3.40260009765625,2.350018310546875,2.0988525390625,0.299709677696228,0.11844531446695328
8.94392822265625,0.963992919921875,2.0988525390625,0.3125201165676117,0.05469828471541405
8.94392822265625,2.350018310546875,6.6186279296874995,1.9793976545333862,0.5289458632469177
3.40260009765625,0.963992919921875,6.6186279296874995,0.2995012402534485,0.09232227504253387
3.94892822265625,7.347518310546874,7.0488525390625,1.1903290748596191,0.6441295146942139
8.39760009765625,7.347518310546874,7.0488525390625,2.611175775527954,0.7596983313560486
3.94892822265625,5.9614929199218745,7.0488525390625,1.1152626276016235,0.5979170203208923
3.94892822265625,7.347518310546874,1.6686279296875002,0.642545759677887,0.31785961985588074
8.39760009765625,5.9614929199218745,1.6686279296875002,1.5047589540481567,0.4155939519405365
2.7001782226562496,1.1006433105468747,8.2863525390625,0.3043089807033539,0.11198978126049042
9.64635009765625,1.1006433105468747,8.2863525390625,1.5074728727340698,0.36427536606788635
2.7001782226562496,7.210867919921874,8.2863525390625,0.8431327939033508,0.5988225340843201
2.7001782226562496,1.1006433105468747,2.9061279296875,0.26555439829826355,0.07661739736795425
9.64635009765625,7.210867919921874,2.9061279296875,2.495389699935913,0.6315401196479797
7.69517822265625,6.098143310546875,3.3363525390625,1.902524471282959,0.5851355791091919
4.65135009765625,6.098143310546875,3.3363525390625,1.0474200248718262,0.4821301996707916
7.69517822265625,2.2133679199218745,3.3363525390625,1.0785627365112305,0.31090229749679565
7.69517822265625,6.098143310546875,7.8561279296875,2.329226016998291,0.7301528453826904
4.65135009765625,2.2133679199218745,7.8561279296875,0.8603370785713196,0.3799709379673004
5.19767822265625,3.5993933105468745,5.8113525390625,1.1693603992462158,0.49200567603111267
7.14885009765625,3.5993933105468745,5.8113525390625,1.7233175039291382,0.5631892681121826
5.19767822265625,4.712117919921875,5.8113525390625,1.3163012266159058,0.5626169443130493
5.19767822265625,3.5993933105468745,5.3811279296875,1.1363580226898193,0.4763239920139313
7.14885009765625,4.712117919921875,5.3811279296875,1.859415054321289,0.6123409271240234
0.20267822265625002,8.596893310546875,0.8613525390625,0.2495163530111313,0.27623623609542847
2.15385009765625,8.596893310546875,0.8613525390625,0.3086404502391815,0.19658413529396057
0.20267822265625002,9.709617919921875,0.8613525390625,0.24959586560726166,0.29143354296684265
0.20267822265625002,8.596893310546875,0.4311279296875,0.2476605921983719,0.2571496069431305
2.15385009765625,9.709617919921875,0.4311279296875,0.29162946343421936,0.17635484039783478
0.28072509765625003,4.614510498046875,6.1980712890625,0.2584174871444702,0.2695750892162323
5.82205322265625,4.614510498046875,6.1980712890625,1.513323187828064,0.5919104218482971
0.28072509765625003,5.102547607421874,6.1980712890625,0.2593613862991333,0.2859625220298767
0.28072509765625003,4.614510498046875,3.7569091796875003,0.25350221991539,0.24408763647079468
5.82205322265625,5.102547607421874,3.7569091796875003,1.3305048942565918,0.5130851864814758
5.27572509765625,9.612010498046875,1.2480712890625,0.9036743640899658,0.3649423122406006
0.82705322265625,9.612010498046875,1.2480712890625,0.2726333737373352,0.26977258920669556
5.27572509765625,0.105047607421875,1.2480712890625,0.24680019915103912,0.007627246435731649
5.27572509765625,9.612010498046875,8.7069091796875,1.7471923828125,0.7602412104606628
0.82705322265625,0.105047607421875,8.7069091796875,0.24558448791503906,0.010582994669675827
7.77322509765625,2.1157604980468747,8.6730712890625,1.7013273239135742,0.5128147006034851
8.31955322265625,2.1157604980468747,8.6730712890625,1.8572900295257568,0.5292725563049316
7.77322509765625,2.6037976074218747,8.6730712890625,1.8653309345245361,0.5676001906394958
7.77322509765625,2.1157604980468747,6.2319091796874995,1.52143394947052,0.45282459259033203
8.31955322265625,2.6037976074218747,6.2319091796874995,1.8533905744552612,0.5276843905448914
2.7782250976562497,7.113260498046874,3.7230712890625,0.670353353023529,0.44792667031288147
3.3245532226562498,7.113260498046874,3.7230712890625,0.8094497919082642,0.48178648948669434
2.7782250976562497,7.601297607421874,3.7230712890625,0.691357433795929,0.4651992917060852
2.7782250976562497,7.113260498046874,1.2819091796875002,0.36570197343826294,0.20913949608802795
3.3245532226562498,7.601297607421874,1.2819091796875002,0.4525356888771057,0.2400130033493042
4.0269750976562495,0.8663854980468749,2.4855712890625004,0.2665594220161438,0.05846365913748741
4.57330322265625,0.8663854980468749,2.4855712890625004,0.27062100172042847,0.05787702277302742
4.0269750976562495,8.850672607421876,2.4855712890625004,0.9164661765098572,0.4724526107311249
4.0269750976562495,0.8663854980468749,4.9944091796875,0.2895878553390503,0.07519742846488953
4.57330322265625,8.850672607421876,4.9944091796875,1.3503680229187012,0.6514506340026855
9.02197509765625,5.863885498046875,7.4355712890625,2.720216751098633,0.7410019040107727
9.56830322265625,5.863885498046875,7.4355712890625,2.899125576019287,0.7496203780174255
9.02197509765625,3.8531726074218744,7.4355712890625,2.4623401165008545,0.6654374599456787
9.02197509765625,5.863885498046875,9.9444091796875,2.816166639328003,0.7694303393363953
9.56830322265625,3.8531726074218744,9.9444091796875,2.7542378902435303,0.7098457217216492
6.52447509765625,3.365135498046875,4.9605712890625,1.412496566772461,0.49249982833862305
2.07580322265625,3.365135498046875,4.9605712890625,0.3744273781776428,0.2509610652923584
6.52447509765625,1.3544226074218748,4.9605712890625,0.6804848909378052,0.21061423420906067
6.52447509765625,3.365135498046875,7.4694091796875,1.612377405166626,0.5706273913383484
2.07580322265625,1.3544226074218748,7.4694091796875,0.29227200150489807,0.1248902678489685
1.5294750976562501,8.362635498046876,9.9105712890625,0.565200686454773,0.5677902698516846
7.07080322265625,8.362635498046876,9.9105712890625,2.321223020553589,0.7883316874504089
1.5294750976562501,6.351922607421875,9.9105712890625,0.51414555311203,0.49778008460998535
1.5294750976562501,8.362635498046876,2.5194091796875,0.36053168773651123,0.3162766098976135
7.07080322265625,6.351922607421875,2.5194091796875,1.552479863166809,0.5074540972709656
2.15385009765625,1.4910729980468749,4.3418212890625,0.2774949371814728,0.11192161589860916
8.94392822265625,1.4910729980468749,4.3418212890625,1.177548885345459,0.29700061678886414
2.15385009765625,0.729735107421875,4.3418212890625,0.2585642635822296,0.05990253761410713
2.15385009765625,1.4910729980468749,0.6631591796875,0.25358736515045166,0.0722757950425148
8.94392822265625,0.729735107421875,0.6631591796875,0.2625814974308014,0.0315663181245327
7.14885009765625,6.488572998046874,9.2918212890625,2.2302229404449463,0.7471648454666138
3.94892822265625,6.488572998046874,9.2918212890625,1.2091825008392334,0.6550890207290649
7.14885009765625,5.727235107421874,9.2918212890625,2.1732442378997803,0.7265020608901978
7.14885009765625,6.488572998046874,5.6131591796875,2.060368537902832,0.6851676106452942
3.94892822265625,5.727235107421874,5.6131591796875,1.0342462062835693,0.548842191696167
9.64635009765625,3.9898229980468747,1.8668212890625002,1.5446946620941162,0.37353119254112244
6.44642822265625,3.9898229980468747,1.8668212890625002,0.8495551347732544,0.2807844877243042
9.64635009765625,8.225985107421875,1.8668212890625002,2.1954634189605713,0.5495182275772095
9.64635009765625,3.9898229980468747,8.0881591796875,2.7211670875549316,0.6948742866516113
6.44642822265625,8.225985107421875,8.0881591796875,2.0602028369903564,0.7556828856468201
4.65135009765625,8.987322998046874,6.8168212890625,1.4693673849105835,0.7044946551322937
1.45142822265625,8.987322998046874,6.8168212890625,0.5132050514221191,0.5231480598449707
4.65135009765625,3.2284851074218746,6.8168212890625,1.0243111848831177,0.46741005778312683
4.65135009765625,8.987322998046874,3.1381591796875004,1.1973711252212524,0.5614796876907349
1.45142822265625,3.2284851074218746,3.1381591796875004,0.2825357913970947,0.1819709837436676
3.40260009765625,2.7404479980468746,8.0543212890625,0.6792389750480652,0.3757571578025818
0.20267822265625002,2.7404479980468746,8.0543212890625,0.25151312351226807,0.19750697910785675
3.40260009765625,4.477860107421875,8.0543212890625,0.8832537531852722,0.5188581347465515
3.40260009765625,2.7404479980468746,1.9006591796875,0.30659690499305725,0.12654519081115723
0.20267822265625002,4.477860107421875,1.9006591796875,0.24861684441566467,0.21518538892269135
8.39760009765625,7.737947998046875,3.1043212890625003,2.216418504714966,0.6354525685310364
5.19767822265625,7.737947998046875,3.1043212890625003,1.2774736881256104,0.545312225818634
8.39760009765625,9.475360107421874,3.1043212890625003,2.3374648094177246,0.6732977628707886
8.39760009765625,7.737947998046875,6.8506591796875,2.625162363052368,0.7640603184700012
5.19767822265625,9.475360107421874,6.8506591796875,1.6632167100906372,0.7301455736160278
5.90010009765625,0.24169799804687497,5.5793212890624995,0.2605813443660736,0.022698314860463142
2.7001782226562496,0.24169799804687497,5.5793212890624995,0.251671701669693,0.022431181743741035
5.90010009765625,6.976610107421874,5.5793212890624995,1.7013614177703857,0.6656864881515503
5.90010009765625,0.24169799804687497,9.3256591796875,0.2694648206233978,0.02609877660870552
2.7001782226562496,6.976610107421874,9.3256591796875,0.853205680847168,0.6068126559257507
0.90510009765625,5.239197998046874,0.6293212890625,0.25655969977378845,0.1780550181865692
7.69517822265625,5.239197998046874,0.6293212890625,0.5796042680740356,0.15139207243919373
0.90510009765625,1.9791101074218747,0.6293212890625,0.24964788556098938,0.09845076501369476
0.90510009765625,5.239197998046874,4.3756591796875,0.2933673858642578,0.2781814634799957
7.69517822265625,1.9791101074218747,4.3756591796875,1.191598892211914,0.3477650284767151
1.21728759765625,0.554041748046875,8.9824462890625,0.25448429584503174,0.05387311056256294
2.38799072265625,0.554041748046875,8.9824462890625,0.2663751244544983,0.055936094373464584
1.21728759765625,7.9136413574218745,8.9824462890625,0.46318957209587097,0.5083230137825012
1.21728759765625,0.554041748046875,6.5412841796875,0.25244373083114624,0.05056944862008095
2.38799072265625,7.9136413574218745,6.5412841796875,0.7342244982719421,0.562752902507782
6.21228759765625,5.5515417480468745,4.0324462890625,1.5294159650802612,0.5638211965560913
7.38299072265625,5.5515417480468745,4.0324462890625,1.8724004030227661,0.5982658267021179
6.21228759765625,2.916141357421875,4.0324462890625,1.1024787425994873,0.3902353048324585
6.21228759765625,5.5515417480468745,1.5912841796875001,0.9226739406585693,0.32010185718536377
7.38299072265625,2.916141357421875,1.5912841796875001,0.6577465534210205,0.18306082487106323
8.70978759765625,3.0527917480468747,6.5074462890625,2.124346971511841,0.5862461924552917
4.88549072265625,3.0527917480468747,6.5074462890625,1.0382373332977295,0.45402321219444275
8.70978759765625,0.417391357421875,6.5074462890625,0.3124541938304901,0.04473499953746796
8.70978759765625,3.0527917480468747,4.0662841796875,1.8005295991897583,0.4886922836303711
4.88549072265625,0.417391357421875,4.0662841796875,0.2626797556877136,0.035204287618398666
3.7147875976562497,8.050291748046876,1.5574462890625,0.6076963543891907,0.31400811672210693
9.88049072265625,8.050291748046876,1.5574462890625,2.0626120567321777,0.5014628171920776
3.7147875976562497,5.414891357421874,1.5574462890625,0.4485057592391968,0.2144586145877838
3.7147875976562497,8.050291748046876,9.0162841796875,1.1980955600738525,0.6845213770866394
9.88049072265625,5.414891357421874,9.0162841796875,3.0271732807159424,0.7613683938980103
4.9635375976562495,4.302166748046875,2.7949462890625,0.8435862064361572,0.35424911975860596
8.63174072265625,4.302166748046875,2.7949462890625,1.7606059312820435,0.48093244433403015
4.9635375976562495,6.664266357421875,2.7949462890625,1.0845087766647339,0.4731985926628113
4.9635375976562495,4.302166748046875,5.3037841796875,1.1652846336364746,0.5115154385566711
8.63174072265625,6.664266357421875,5.3037841796875,2.5192911624908447,0.711461067199707
9.95853759765625,9.299666748046874,7.7449462890625,3.2651867866516113,0.8190407752990723
3.63674072265625,9.299666748046874,7.7449462890625,1.1862398386001587,0.6900227665901184
9.95853759765625,1.6667663574218747,7.7449462890625,2.025391101837158,0.4889606237411499
9.95853759765625,9.299666748046874,0.3537841796875,1.0636550188064575,0.237829327583313
3.63674072265625,1.6667663574218747,0.3537841796875,0.2577132284641266,0.06281718611717224
7.46103759765625,1.8034167480468748,0.3199462890625,0.2735236883163452,0.04895821586251259
6.13424072265625,1.8034167480468748,0.3199462890625,0.2674970030784607,0.05320456624031067
7.46103759765625,4.1655163574218745,0.3199462890625,0.32367268204689026,0.07315739244222641
7.46103759765625,1.8034167480468748,2.8287841796875,0.7015271186828613,0.19467444717884064
6.13424072265625,4.1655163574218745,2.8287841796875,1.1045538187026978,0.3965146839618683
2.46603759765625,6.800916748046874,5.2699462890625,0.6693082451820374,0.49048203229904175
1.13924072265625,6.800916748046874,5.2699462890625,0.36430442333221436,0.37451767921447754
2.46603759765625,9.163016357421876,5.2699462890625,0.7502819895744324,0.5644622445106506
2.46603759765625,6.800916748046874,7.7787841796875,0.7492233514785767,0.5601358413696289
1.13924072265625,9.163016357421876,7.7787841796875,0.4511783719062805,0.5156521201133728
1.84166259765625,3.6774792480468745,0.9386962890625,0.26654747128486633,0.13708975911140442
3.01236572265625,3.6774792480468745,0.9386962890625,0.2836324870586395,0.12047898024320602
1.84166259765625,3.5408288574218747,0.9386962890625,0.2656280994415283,0.13426755368709564
1.84166259765625,3.6774792480468745,9.6350341796875,0.4631657004356384,0.36906248331069946
3.01236572265625,3.5408288574218747,9.6350341796875,0.7301468849182129,0.456138551235199
6.83666259765625,8.674979248046876,5.8886962890625,2.1132774353027344,0.7349252700805664
8.00736572265625,8.674979248046876,5.8886962890625,2.4942548274993896,0.7566734552383423
6.83666259765625,8.538328857421876,5.8886962890625,2.107304096221924,0.7326335906982422
6.83666259765625,8.674979248046876,4.6850341796874995,2.0242881774902344,0.7011783123016357
8.00736572265625,8.538328857421876,4.6850341796874995,2.390580177307129,0.722501814365387
9.33416259765625,1.1787292480468747,3.4136962890625,0.7495842576026917,0.16967611014842987
0.51486572265625,1.1787292480468747,3.4136962890625,0.2486761063337326,0.08723016828298569
9.33416259765625,6.0395788574218745,3.4136962890625,2.4003756046295166,0.6253591179847717
9.33416259765625,1.1787292480468747,2.2100341796875003,0.38262349367141724,0.07376300543546677
0.51486572265625,6.0395788574218745,2.2100341796875003,0.2605171203613281,0.2543654143810272
4.33916259765625,6.176229248046875,8.3636962890625,1.2893145084381104,0.6476272940635681
5.50986572265625,6.176229248046875,8.3636962890625,1.6542205810546875,0.6876624226570129
4.33916259765625,1.042078857421875,8.3636962890625,0.38632336258888245,0.13262395560741425
4.33916259765625,6.176229248046875,7.1600341796875,1.2502621412277222,0.6257538795471191
5.50986572265625,1.042078857421875,7.1600341796875,0.48236802220344543,0.15439198911190033
3.09041259765625,2.428104248046875,7.1261962890624995,0.5262687802314758,0.29290375113487244
6.75861572265625,2.428104248046875,7.1261962890624995,1.4324133396148682,0.4836602807044983
3.09041259765625,2.2914538574218746,7.1261962890624995,0.5013523101806641,0.2738034427165985
3.09041259765625,2.428104248046875,8.3975341796875,0.5672877430915833,0.32244306802749634
6.75861572265625,2.2914538574218746,8.3975341796875,1.4642343521118164,0.4957071840763092
8.08541259765625,7.4256042480468745,2.1761962890625,1.823521375656128,0.532719075679779
1.76361572265625,7.4256042480468745,2.1761962890625,0.3505784273147583,0.27453479170799255
8.08541259765625,7.288953857421874,2.1761962890625,1.8105578422546387,0.5285571813583374
8.08541259765625,7.4256042480468745,3.4475341796875,2.166398763656616,0.6429970264434814
1.76361572265625,7.288953857421874,3.4475341796875,0.42942413687705994,0.36215850710868835
5.58791259765625,4.926854248046874,9.6011962890625,1.616281270980835,0.6614992022514343
9.25611572265625,4.926854248046874,9.6011962890625,2.790149211883545,0.7432031631469727
5.58791259765625,9.787703857421874,9.6011962890625,1.8750983476638794,0.7789568901062012
5.58791259765625,4.926854248046874,0.9725341796875,0.47273537516593933,0.1597287654876709
9.25611572265625,9.787703857421874,0.9725341796875,1.6287117004394531,0.41273313760757446
0.59291259765625,9.924354248046875,4.6511962890625,0.30328649282455444,0.39848068356513977
4.26111572265625,9.924354248046875,4.6511962890625,1.272356629371643,0.6497943997383118
0.59291259765625,4.790203857421875,4.6511962890625,0.2713281512260437,0.263051301240921
0.59291259765625,9.924354248046875,5.9225341796875,0.3173079490661621,0.4308362901210785
4.26111572265625,4.790203857421875,5.9225341796875,1.0632781982421875,0.5290119051933289
0.43681884765625,1.9595886230468746,1.7121337890625001,0.24856333434581757,0.11745806783437729
0.9831469726562501,1.9595886230468746,1.7121337890625001,0.2535894215106964,0.11338063329458237
0.43681884765625,6.508094482421875,1.7121337890625001,0.25660544633865356,0.25439050793647766
0.43681884765625,1.9595886230468746,7.0053466796874995,0.25535711646080017,0.15202923119068146
0.9831469726562501,6.508094482421875,7.0053466796874995,0.3593080937862396,0.39376744627952576
5.43181884765625,6.957088623046874,6.6621337890625,1.6144425868988037,0.6783748865127563
5.9781469726562495,6.957088623046874,6.6621337890625,1.78628671169281,0.6937689185142517
5.43181884765625,1.5105944824218749,6.6621337890625,0.7134201526641846,0.26294517517089844
5.43181884765625,6.957088623046874,2.0553466796875,1.0494874715805054,0.4201689660549164
5.9781469726562495,1.5105944824218749,2.0553466796875,0.31372472643852234,0.0803174152970314
7.92931884765625,4.458338623046875,4.1871337890625,1.9084348678588867,0.570440948009491
3.48064697265625,4.458338623046875,4.1871337890625,0.704386293888092,0.3907696008682251
7.92931884765625,4.0093444824218745,4.1871337890625,1.8293997049331665,0.5445650815963745
7.92931884765625,4.458338623046875,4.5303466796875,1.959383487701416,0.5871886014938354
3.48064697265625,4.0093444824218745,4.5303466796875,0.686338484287262,0.37795889377593994
2.93431884765625,9.455838623046875,9.1371337890625,0.9990454316139221,0.6815344095230103
8.47564697265625,9.455838623046875,9.1371337890625,2.8180980682373047,0.8174082040786743
2.93431884765625,9.006844482421876,9.1371337890625,0.987187922000885,0.6721047163009644
2.93431884765625,9.455838623046875,9.4803466796875,1.0041407346725464,0.6854825019836426
8.47564697265625,9.006844482421876,9.4803466796875,2.8083014488220215,0.8144071102142334
4.18306884765625,3.2089636230468748,5.4246337890625,0.8153567910194397,0.3941681683063507
9.72439697265625,3.2089636230468748,5.4246337890625,2.354426860809326,0.5888828039169312
4.18306884765625,7.757469482421874,5.4246337890625,1.2093069553375244,0.6234588027000427
4.18306884765625,3.2089636230468748,5.7678466796875,0.8382979035377502,0.4071607291698456
9.72439697265625,7.757469482421874,5.7678466796875,2.9942209720611572,0.7636414766311646
9.17806884765625,8.206463623046876,0.4746337890625,0.9845296740531921,0.23630408942699432
4.72939697265625,8.206463623046876,0.4746337890625,0.394701212644577,0.1481768786907196
9.17806884765625,2.759969482421875,0.4746337890625,0.32157495617866516,0.05949396640062332
9.17806884765625,8.206463623046876,0.8178466796875,1.3327211141586304,0.33297377824783325
4.72939697265625,2.759969482421875,0.8178466796875,0.2886179983615875,0.08661796152591705
6.68056884765625,0.710213623046875,7.8996337890625,0.412447988986969,0.10080286115407944
7.22689697265625,0.710213623046875,7.8996337890625,0.4725743234157562,0.11565971374511719
6.68056884765625,0.261219482421875,7.8996337890625,0.27259698510169983,0.027366746217012405
6.68056884765625,0.710213623046875,3.2928466796875,0.28959962725639343,0.05318469554185867
7.22689697265625,0.261219482421875,3.2928466796875,0.2585952877998352,0.021353915333747864
1.68556884765625,5.707713623046875,2.9496337890625,0.34348180890083313,0.2678636312484741
2.2318969726562496,5.707713623046875,2.9496337890625,0.4224502742290497,0.29630205035209656
1.68556884765625,5.258719482421874,2.9496337890625,0.3316112160682678,0.25133076310157776
1.68556884765625,5.707713623046875,8.2428466796875,0.5082122087478638,0.45727211236953735
2.2318969726562496,5.258719482421874,8.2428466796875,0.6262066960334778,0.4844202995300293
2.3099438476562497,3.8336511230468746,8.5183837890625,0.55922532081604,0.404845267534256
4.10502197265625,3.8336511230468746,8.5183837890625,1.0292240381240845,0.5256378650665283
2.3099438476562497,2.135281982421875,8.5183837890625,0.385235458612442,0.22769325971603394
2.3099438476562497,3.8336511230468746,8.8615966796875,0.5662997961044312,0.4112880527973175
4.10502197265625,2.135281982421875,8.8615966796875,0.7482473254203796,0.35831519961357117
7.30494384765625,8.831151123046874,3.5683837890625,2.045441150665283,0.665797233581543
9.10002197265625,8.831151123046874,3.5683837890625,2.606330633163452,0.7008970975875854
7.30494384765625,7.132781982421874,3.5683837890625,1.9275281429290771,0.6239372491836548
7.30494384765625,8.831151123046874,3.9115966796875004,2.095456600189209,0.6835626363754272
9.10002197265625,7.132781982421874,3.9115966796875004,2.536360502243042,0.6806187033653259
9.80244384765625,1.3349011230468748,6.0433837890625,1.5413920879364014,0.36736103892326355
1.60752197265625,1.3349011230468748,6.0433837890625,0.2714477777481079,0.11147376149892807
9.80244384765625,9.631531982421874,6.0433837890625,3.1431756019592285,0.7982887029647827
9.80244384765625,1.3349011230468748,1.4365966796875,0.3305772542953491,0.057462505996227264
1.60752197265625,9.631531982421874,1.4365966796875,0.3217725455760956,0.260581374168396
4.80744384765625,6.332401123046874,1.0933837890625,0.542630136013031,0.21751001477241516
6.60252197265625,6.332401123046874,1.0933837890625,0.8446945548057556,0.2732190787792206
4.80744384765625,4.634031982421875,1.0933837890625,0.3995879292488098,0.1474907398223877
4.80744384765625,6.332401123046874,6.3865966796875,1.3692268133163452,0.6318039894104004
6.60252197265625,4.634031982421875,6.3865966796875,1.7632441520690918,0.6228945851325989
3.55869384765625,0.085526123046875,4.8058837890624995,0.2476835697889328,0.007873945869505405
5.35377197265625,0.085526123046875,4.8058837890624995,0.2486477494239807,0.007853474467992783
3.55869384765625,3.3846569824218746,4.8058837890624995,0.6504008769989014,0.3461886942386627
3.55869384765625,0.085526123046875,7.6240966796875,0.24846510589122772,0.008534453809261322
5.35377197265625,3.3846569824218746,7.6240966796875,1.2852236032485962,0.5324587821960449
8.55369384765625,5.083026123046874,9.7558837890625,2.583198070526123,0.7381061911582947
0.35877197265625,5.083026123046874,9.7558837890625,0.2731925845146179,0.31854143738746643
8.55369384765625,8.382156982421876,9.7558837890625,2.8140923976898193,0.8090870976448059
8.55369384765625,5.083026123046874,2.6740966796875,1.8394954204559326,0.5091572999954224
0.35877197265625,8.382156982421876,2.6740966796875,0.2614292800426483,0.3171035349369049
6.05619384765625,2.5842761230468745,2.3308837890625003,0.6136185526847839,0.2022179514169693
7.85127197265625,2.5842761230468745,2.3308837890625003,0.9456806182861328,0.26290953159332275
6.05619384765625,5.883406982421874,2.3308837890625003,1.1824884414672852,0.4339548349380493
6.05619384765625,2.5842761230468745,0.1990966796875,0.2737196981906891,0.06010829284787178
7.85127197265625,5.883406982421874,0.1990966796875,0.3686339855194092,0.08416082710027695
1.0611938476562501,7.5817761230468745,7.2808837890625,0.39919033646583557,0.4483487010002136
2.8562719726562498,7.5817761230468745,7.2808837890625,0.8792282342910767,0.6009973883628845
1.0611938476562501,0.8859069824218749,7.2808837890625,0.25649136304855347,0.07935267686843872
1.0611938476562501,7.5817761230468745,5.1490966796875,0.3623160421848297,0.3906850218772888
2.8562719726562498,0.8859069824218749,5.1490966796875,0.27448299527168274,0.075863778591156
0.7490063476562501,2.8966198730468746,3.2590087890625004,0.2596074342727661,0.17274828255176544
6.91470947265625,2.8966198730468746,3.2590087890625004,1.118530511856079,0.358839750289917
0.7490063476562501,9.319188232421874,3.2590087890625004,0.2994815707206726,0.34909939765930176
0.7490063476562501,2.8966198730468746,2.9834716796875003,0.2585267126560211,0.16931140422821045
6.91470947265625,9.319188232421874,2.9834716796875003,1.8514729738235474,0.6292039155960083
5.74400634765625,7.894119873046875,8.2090087890625,1.8202694654464722,0.7351287007331848
1.91970947265625,7.894119873046875,8.2090087890625,0.6401544213294983,0.5630444884300232
5.74400634765625,4.321688232421875,8.2090087890625,1.5562232732772827,0.6182361245155334
5.74400634765625,7.894119873046875,7.9334716796875,1.811328649520874,0.731200098991394
1.91970947265625,4.321688232421875,7.9334716796875,0.49131181836128235,0.3937545120716095
8.24150634765625,0.397869873046875,0.7840087890625,0.2544805705547333,0.021978940814733505
9.41220947265625,0.397869873046875,0.7840087890625,0.25563737750053406,0.02133677527308464
8.24150634765625,1.8229382324218748,0.7840087890625,0.2975896894931793,0.05637844279408455
8.24150634765625,0.397869873046875,5.4584716796874995,0.29056358337402344,0.038160134106874466
9.41220947265625,1.8229382324218748,5.4584716796874995,1.7165220975875854,0.4302746057510376
3.2465063476562497,5.395369873046874,5.7340087890625,0.8223094940185547,0.49826470017433167
4.41720947265625,5.395369873046874,5.7340087890625,1.1493446826934814,0.5600237846374512
3.2465063476562497,6.820438232421874,5.7340087890625,0.9052762985229492,0.558448851108551
3.2465063476562497,5.395369873046874,0.5084716796875001,0.2895725667476654,0.12292445451021194
4.41720947265625,6.820438232421874,0.5084716796875001,0.3415778875350952,0.12865009903907776
4.49525634765625,1.6472448730468747,9.4465087890625,0.7062458992004395,0.30658265948295593
3.16845947265625,1.6472448730468747,9.4465087890625,0.4442264139652252,0.21974825859069824
4.49525634765625,5.571063232421874,9.4465087890625,1.3251779079437256,0.6468579769134521
4.49525634765625,1.6472448730468747,4.2209716796875,0.40343740582466125,0.14896835386753082
3.16845947265625,5.571063232421874,4.2209716796875,0.7204091548919678,0.4359641373157501
9.49025634765625,6.644744873046874,4.4965087890625,2.7012579441070557,0.6995710134506226
8.16345947265625,6.644744873046874,4.4965087890625,2.284355640411377,0.6750134229660034
9.49025634765625,0.573563232421875,4.4965087890625,0.3365505039691925,0.05419442802667618
9.49025634765625,6.644744873046874,9.1709716796875,3.009117364883423,0.7865961194038391
8.16345947265625,0.573563232421875,9.1709716796875,0.47134095430374146,0.10157103836536407
6.9927563476562495,4.145994873046875,6.9715087890625,1.8534283638000488,0.6232317686080933
0.67095947265625,4.145994873046875,6.9715087890625,0.28327518701553345,0.26987016201019287
6.9927563476562495,3.0723132324218745,6.9715087890625,1.6583902835845947,0.55129075050354
6.9927563476562495,4.145994873046875,6.6959716796875,1.8363096714019775,0.6168850660324097
0.67095947265625,3.0723132324218745,6.6959716796875,0.27125781774520874,0.21529346704483032
1.99775634765625,9.143494873046874,2.0215087890625,0.41152292490005493,0.31761249899864197
5.66595947265625,9.143494873046874,2.0215087890625,1.2484911680221558,0.4914117753505707
1.99775634765625,8.069813232421875,2.0215087890625,0.38444164395332336,0.2883188724517822
1.99775634765625,9.143494873046874,1.7459716796875002,0.38248205184936523,0.288051962852478
5.66595947265625,8.069813232421875,1.7459716796875002,1.0906397104263306,0.4222925901412964
1.37338134765625,1.0225573730468749,6.3527587890624995,0.26141616702079773,0.08834148198366165
7.53908447265625,1.0225573730468749,6.3527587890624995,0.7673660516738892,0.21169152855873108
1.37338134765625,4.946375732421875,6.3527587890624995,0.3783661723136902,0.3434358239173889
1.37338134765625,1.0225573730468749,1.1272216796875,0.2496243268251419,0.06216837093234062
7.53908447265625,4.946375732421875,1.1272216796875,0.8554264903068542,0.24402429163455963
6.36838134765625,6.020057373046875,1.4027587890625002,0.9246605634689331,0.31359896063804626
2.54408447265625,6.020057373046875,1.4027587890625002,0.33061477541923523,0.19134588539600372
6.36838134765625,9.943875732421875,1.4027587890625002,1.2384779453277588,0.43681561946868896
6.36838134765625,6.020057373046875,6.0772216796875,1.8094385862350464,0.6631239652633667
2.54408447265625,9.943875732421875,6.0772216796875,0.8222061991691589,0.6129885911941528
8.86588134765625,3.5213073730468745,8.8277587890625,2.425208806991577,0.6659752130508423
5.0415844726562495,3.5213073730468745,8.8277587890625,1.2642732858657837,0.5523061156272888
8.86588134765625,7.445125732421874,8.8277587890625,2.843118190765381,0.7903403639793396
8.86588134765625,3.5213073730468745,8.5522216796875,2.412200927734375,0.6620627641677856
5.0415844726562495,7.445125732421874,8.5522216796875,1.5821845531463623,0.7104532718658447
3.87088134765625,8.518807373046876,3.8777587890625003,1.03937828540802,0.5635160207748413
0.04658447265625,8.518807373046876,3.8777587890625003,0.2473718225955963,0.3460252583026886
3.87088134765625,2.4476257324218746,3.8777587890625003,0.474470317363739,0.21521693468093872
3.87088134765625,8.518807373046876,3.6022216796875,1.0124274492263794,0.5470849871635437
0.04658447265625,2.4476257324218746,3.6022216796875,0.24548859894275665,0.1588563621044159
2.62213134765625,4.770682373046874,0.16525878906250002,0.2656799256801605,0.11018511652946472
1.2953344726562501,4.770682373046874,0.16525878906250002,0.25558823347091675,0.13889792561531067
2.62213134765625,1.1982507324218747,0.16525878906250002,0.2507511079311371,0.052368443459272385
2.62213134765625,4.770682373046874,2.3647216796875004,0.37968775629997253,0.225592702627182
1.2953344726562501,1.1982507324218747,2.3647216796875004,0.2535378932952881,0.08123037219047546
7.61713134765625,9.768182373046875,5.1152587890625,2.3645553588867188,0.7490749359130859
6.29033447265625,9.768182373046875,5.1152587890625,1.936423420906067,0.7226249575614929
7.61713134765625,6.195750732421875,5.1152587890625,2.1403114795684814,0.6721768379211426
7.61713134765625,9.768182373046875,7.3147216796875,2.485173225402832,0.7906672358512878
6.29033447265625,6.195750732421875,7.3147216796875,1.8642299175262451,0.6932005286216736
5.11963134765625,2.271932373046875,2.6402587890625,0.45357149839401245,0.1607474982738495
3.7928344726562497,2.271932373046875,2.6402587890625,0.3325016498565674,0.1316765695810318
5.11963134765625,8.694500732421876,2.6402587890625,1.2286144495010376,0.5296952724456787
5.11963134765625,2.271932373046875,9.7897216796875,1.0702284574508667,0.44944342970848083
3.7928344726562497,8.694500732421876,9.7897216796875,1.2591872215270996,0.7108749151229858
0.12463134765625,7.269432373046874,7.5902587890625,0.25527170300483704,0.35790809988975525
8.78783447265625,7.269432373046874,7.5902587890625,2.7594501972198486,0.7718424797058105
0.12463134765625,3.6970007324218748,7.5902587890625,0.2502771317958832,0.23966233432292938
0.12463134765625,7.269432373046874,4.8397216796875,0.25141796469688416,0.3299574851989746
8.78783447265625,3.6970007324218748,4.8397216796875,2.116431951522827,0.5784776210784912
0.16365478515625,2.7014050292968745,0.2812744140625,0.24565744400024414,0.1269593983888626
4.53427978515625,2.7014050292968745,0.2812744140625,0.2696220874786377,0.07233615219593048
0.16365478515625,7.640340576171874,0.2812744140625,0.24663086235523224,0.23913592100143433
0.16365478515625,2.7014050292968745,5.1104248046875,0.2483312040567398,0.18021680414676666
4.53427978515625,7.640340576171874,5.1104248046875,1.2902711629867554,0.6237660646438599
5.15865478515625,7.698905029296874,5.2312744140625,1.4913386106491089,0.6517488360404968
9.52927978515625,7.698905029296874,5.2312744140625,2.881281614303589,0.7471756935119629
5.15865478515625,2.6428405761718747,5.2312744140625,0.9234546422958374,0.3774240016937256
5.15865478515625,7.698905029296874,0.1604248046875,0.3236593008041382,0.10295139253139496
9.52927978515625,2.6428405761718747,0.1604248046875,0.29161423444747925,0.04764789715409279
7.65615478515625,0.20265502929687498,2.7562744140625,0.254609078168869,0.016141341999173164
2.03677978515625,0.20265502929687498,2.7562744140625,0.24676267802715302,0.0165104940533638
7.65615478515625,0.14409057617187498,2.7562744140625,0.2517508566379547,0.011711628176271915
7.65615478515625,0.20265502929687498,2.6354248046875,0.2545555830001831,0.016012631356716156
2.03677978515625,0.14409057617187498,2.6354248046875,0.24655213952064514,0.011837290599942207
2.66115478515625,5.200155029296875,7.7062744140625,0.7231744527816772,0.503074049949646
7.03177978515625,5.200155029296875,7.7062744140625,2.0302915573120117,0.68513023853302
2.66115478515625,5.1415905761718745,7.7062744140625,0.7202258110046387,0.500438392162323
2.66115478515625,5.200155029296875,7.5854248046875,0.7202936410903931,0.500670850276947
7.03177978515625,5.1415905761718745,7.5854248046875,2.0192859172821045,0.6810477375984192
3.90990478515625,1.4520300292968749,6.4687744140625,0.4085477590560913,0.16508591175079346
5.78302978515625,1.4520300292968749,6.4687744140625,0.7413759231567383,0.26032212376594543
3.90990478515625,6.390965576171874,6.4687744140625,1.1072431802749634,0.598488986492157
3.90990478515625,1.4520300292968749,6.3479248046875,0.4033370018005371,0.16203796863555908
5.78302978515625,6.390965576171874,6.3479248046875,1.6713308095932007,0.665030300617218
8.90490478515625,6.4495300292968745,1.5187744140625001,1.6066735982894897,0.4220358431339264
0.78802978515625,6.4495300292968745,1.5187744140625001,0.26469776034355164,0.23443104326725006
8.90490478515625,1.3934655761718748,1.5187744140625001,0.32861700654029846,0.06205667182803154
8.90490478515625,6.4495300292968745,1.3979248046875001,1.5295814275741577,0.3997248113155365
0.78802978515625,1.3934655761718748,1.3979248046875001,0.24842947721481323,0.08485586941242218
6.40740478515625,3.9507800292968747,8.9437744140625,1.7382943630218506,0.6308698654174805
8.28052978515625,3.9507800292968747,8.9437744140625,2.3211731910705566,0.6782467365264893
6.40740478515625,3.8922155761718744,8.9437744140625,1.7292379140853882,0.6272759437561035
6.40740478515625,3.9507800292968747,3.8729248046875004,1.344504714012146,0.47432613372802734
8.28052978515625,3.8922155761718744,3.8729248046875004,1.850449800491333,0.5288383364677429
1.41240478515625,8.948280029296875,3.9937744140625004,0.42430922389030457,0.41726282238960266
3.2855297851562497,8.948280029296875,3.9937744140625004,0.9013690948486328,0.5520027875900269
1.41240478515625,8.889715576171875,3.9937744140625004,0.4225611984729767,0.4149434566497803
1.41240478515625,8.948280029296875,8.8229248046875,0.5320659279823303,0.5568189024925232
3.2855297851562497,8.889715576171875,8.8229248046875,1.0881208181381226,0.6827027201652527
2.03677978515625,0.8273425292968749,9.5625244140625,0.2752991020679474,0.08347855508327484
0.16365478515625,0.8273425292968749,9.5625244140625,0.2464563101530075,0.07626080513000488
2.03677978515625,3.2675280761718746,9.5625244140625,0.4711865484714508,0.3496147394180298
2.03677978515625,0.8273425292968749,8.2041748046875,0.27145645022392273,0.07979948818683624
0.16365478515625,3.2675280761718746,8.2041748046875,0.25124600529670715,0.22365128993988037
7.03177978515625,5.824842529296874,4.6125244140624995,1.872373104095459,0.6267499327659607
5.15865478515625,5.824842529296874,4.6125244140624995,1.3154035806655884,0.5665503144264221
7.03177978515625,8.265028076171875,4.6125244140624995,2.0573253631591797,0.6948161125183105
7.03177978515625,5.824842529296874,3.2541748046875,1.6643859148025513,0.5506735444068909
5.15865478515625,8.265028076171875,3.2541748046875,1.321507215499878,0.5702687501907349
9.52927978515625,3.326092529296875,7.0875244140625,2.488262891769409,0.6381819844245911
2.66115478515625,3.326092529296875,7.0875244140625,0.5552749037742615,0.35839980840682983
9.52927978515625,5.766278076171875,7.0875244140625,2.857250213623047,0.7408742308616638
9.52927978515625,3.326092529296875,0.7791748046875,0.5646435618400574,0.11935035139322281
2.66115478515625,5.766278076171875,0.7791748046875,0.29363349080085754,0.14884305000305176
4.53427978515625,8.323592529296874,2.1375244140625003,0.9455684423446655,0.44047635793685913
7.65615478515625,8.323592529296874,2.1375244140625003,1.7684472799301147,0.5429578423500061
4.53427978515625,0.768778076171875,2.1375244140625003,0.26474419236183167,0.05053092539310455
4.53427978515625,8.323592529296874,5.7291748046875,1.3583078384399414,0.6606476306915283
7.65615478515625,0.768778076171875,5.7291748046875,0.43548059463500977,0.09978470206260681
3.2855297851562497,4.5754675292968745,3.3750244140625,0.5926556587219238,0.33357954025268555
8.90490478515625,4.5754675292968745,3.3750244140625,2.051392078399658,0.5517060160636902
3.2855297851562497,2.018153076171875,3.3750244140625,0.3206976354122162,0.1343025267124176
3.2855297851562497,4.5754675292968745,9.4416748046875,0.8931394815444946,0.5413878560066223
8.90490478515625,2.018153076171875,9.4416748046875,2.0262653827667236,0.5455044507980347
8.28052978515625,9.572967529296875,8.3250244140625,2.733293056488037,0.8088880181312561
3.90990478515625,9.572967529296875,8.3250244140625,1.2952457666397095,0.7147039771080017
8.28052978515625,7.0156530761718745,8.3250244140625,2.6053457260131836,0.7682867646217346
8.28052978515625,9.572967529296875,4.4916748046874995,2.513319253921509,0.7385260462760925
3.90990478515625,7.0156530761718745,4.4916748046874995,1.029323697090149,0.5516167879104614
5.78302978515625,2.0767175292968747,0.9000244140625,0.28855210542678833,0.07160582393407822
6.40740478515625,2.0767175292968747,0.9000244140625,0.29471513628959656,0.06911159306764603
5.78302978515625,9.514403076171876,0.9000244140625,0.8305793404579163,0.30412185192108154
5.78302978515625,2.0767175292968747,2.0166748046875003,0.36867865920066833,0.10949971526861191
6.40740478515625,9.514403076171876,2.0166748046875003,1.4657056331634521,0.5233222246170044
0.78802978515625,7.074217529296875,5.8500244140625,0.3213225305080414,0.3702119290828705
1.41240478515625,7.074217529296875,5.8500244140625,0.43930456042289734,0.4300628900527954
0.78802978515625,4.516903076171874,5.8500244140625,0.2892538905143738,0.2748071849346161
0.78802978515625,7.074217529296875,6.9666748046875,0.33317315578460693,0.39326679706573486
1.41240478515625,4.516903076171874,6.9666748046875,0.3812865912914276,0.33765992522239685
1.10021728515625,2.389061279296875,4.9218994140625,0.2724108397960663,0.16723138093948364
8.59271728515625,2.389061279296875,4.9218994140625,1.6914316415786743,0.46229809522628784
1.10021728515625,5.453934326171875,4.9218994140625,0.32427239418029785,0.3082086741924286
1.10021728515625,2.389061279296875,4.8010498046875,0.27145785093307495,0.16571465134620667
8.59271728515625,5.453934326171875,4.8010498046875,2.3333353996276855,0.657457709312439
6.09521728515625,7.386561279296874,9.8718994140625,1.9521156549453735,0.7509327530860901
3.59771728515625,7.386561279296874,9.8718994140625,1.152221918106079,0.6731764078140259
6.09521728515625,0.45643432617187496,9.8718994140625,0.3123977780342102,0.055407166481018066
6.09521728515625,7.386561279296874,9.7510498046875,1.949154257774353,0.7497060298919678
3.59771728515625,0.45643432617187496,9.7510498046875,0.2753863036632538,0.049019262194633484
8.59271728515625,4.887811279296875,2.4468994140625,1.73854660987854,0.47644659876823425
6.09521728515625,4.887811279296875,2.4468994140625,1.1045622825622559,0.39924365282058716
8.59271728515625,2.955184326171875,2.4468994140625,1.2774910926818848,0.3385246694087982
8.59271728515625,4.887811279296875,7.2760498046875,2.470240592956543,0.6998998522758484
6.09521728515625,2.955184326171875,7.2760498046875,1.3944565057754517,0.5173177719116211
3.59771728515625,9.885311279296875,7.3968994140625,1.1822606325149536,0.6940348744392395
1.10021728515625,9.885311279296875,7.3968994140625,0.44715821743011475,0.5225197076797485
3.59771728515625,7.952684326171874,7.3968994140625,1.119227409362793,0.651936948299408
3.59771728515625,9.885311279296875,2.3260498046875,0.8237040638923645,0.4617446959018707
1.10021728515625,7.952684326171874,2.3260498046875,0.3014388680458069,0.28645452857017517
4.84646728515625,3.6384362792968745,8.6343994140625,1.218214511871338,0.5490380525588989
2.3489672851562498,3.6384362792968745,8.6343994140625,0.5553030967712402,0.3951317369937897
4.84646728515625,9.202059326171875,8.6343994140625,1.5921739339828491,0.7416644096374512
4.84646728515625,3.6384362792968745,3.5635498046875003,0.8504676222801208,0.3645295798778534
2.3489672851562498,9.202059326171875,3.5635498046875003,0.6264117360115051,0.47439154982566833
9.84146728515625,8.635936279296875,3.6843994140625003,2.8482823371887207,0.7147542834281921
7.34396728515625,8.635936279296875,3.6843994140625003,2.063356399536133,0.6687555313110352
9.84146728515625,4.204559326171875,3.6843994140625003,2.324437141418457,0.5734995007514954
9.84146728515625,8.635936279296875,8.5135498046875,3.2231667041778564,0.8171706199645996
7.34396728515625,4.204559326171875,8.5135498046875,2.046321153640747,0.6631805896759033
7.34396728515625,1.1396862792968747,6.1593994140624995,0.8193331956863403,0.23494912683963776
4.84646728515625,1.1396862792968747,6.1593994140624995,0.3965194523334503,0.13045823574066162
7.34396728515625,1.7058093261718748,6.1593994140624995,1.2083700895309448,0.36905762553215027
7.34396728515625,1.1396862792968747,6.0385498046874995,0.8064692616462708,0.23060666024684906
4.84646728515625,1.7058093261718748,6.0385498046874995,0.6343309879302979,0.2526454031467438
2.3489672851562498,6.137186279296874,1.2093994140625002,0.30960166454315186,0.18198341131210327
9.84146728515625,6.137186279296874,1.2093994140625002,1.5615733861923218,0.3706979751586914
2.3489672851562498,6.703309326171874,1.2093994140625002,0.31865382194519043,0.19226348400115967
2.3489672851562498,6.137186279296874,1.0885498046875002,0.3036492168903351,0.17539364099502563
9.84146728515625,6.703309326171874,1.0885498046875002,1.5415135622024536,0.36544105410575867
1.72459228515625,4.263123779296874,5.5406494140625,0.3913520574569702,0.30946439504623413
6.71959228515625,4.263123779296874,5.5406494140625,1.6843796968460083,0.5824129581451416
1.72459228515625,1.081121826171875,5.5406494140625,0.2656055688858032,0.09045907855033875
1.72459228515625,4.263123779296874,1.7072998046875,0.28170233964920044,0.17501257359981537
6.71959228515625,1.081121826171875,1.7072998046875,0.28463464975357056,0.0565379336476326
6.71959228515625,9.260623779296875,0.5906494140625,0.7795594334602356,0.24492037296295166
1.72459228515625,9.260623779296875,0.5906494140625,0.28470534086227417,0.19532202184200287
6.71959228515625,6.078621826171874,0.5906494140625,0.5276530981063843,0.15392661094665527
6.71959228515625,9.260623779296875,6.6572998046875,2.1412854194641113,0.7578214406967163
1.72459228515625,6.078621826171874,6.6572998046875,0.5002041459083557,0.4429098963737488
9.21709228515625,1.7643737792968748,8.0156494140625,1.899328589439392,0.49131566286087036
9.21709228515625,1.7643737792968748,8.0156494140625,1.899328589439392,0.49131566286087036
9.21709228515625,8.577371826171875,8.0156494140625,2.9932589530944824,0.8043721318244934
9.21709228515625,1.7643737792968748,9.1322998046875,1.9722973108291626,0.512266993522644
9.21709228515625,8.577371826171875,9.1322998046875,3.030118942260742,0.8150242567062378
4.22209228515625,6.761873779296875,3.0656494140625004,0.9444227814674377,0.46775203943252563
4.22209228515625,6.761873779296875,3.0656494140625004,0.9444227814674377,0.46775203943252563
4.22209228515625,3.5798718261718747,3.0656494140625004,0.6305790543556213,0.2893693745136261
4.22209228515625,6.761873779296875,4.1822998046875,1.076310396194458,0.5421866178512573
4.22209228515625,3.5798718261718747,4.1822998046875,0.7734180092811584,0.36841168999671936
2.97334228515625,0.514998779296875,1.8281494140625,0.25156116485595703,0.03597145155072212
2.97334228515625,0.514998779296875,1.8281494140625,0.25156116485595703,0.03597145155072212
2.97334228515625,4.829246826171874,1.8281494140625,0.3656802177429199,0.19482629001140594
2.97334228515625,0.514998779296875,0.46979980468750004,0.24865201115608215,0.029416022822260857
2.97334228515625,4.829246826171874,0.46979980468750004,0.27860626578330994,0.1186397522687912
7.9683422851562495,5.512498779296874,6.7781494140625,2.311312198638916,0.7001454830169678
7.9683422851562495,5.512498779296874,6.7781494140625,2.311312198638916,0.7001454830169678
7.9683422851562495,9.826746826171876,6.7781494140625,2.581301689147949,0.7889851331710815
7.9683422851562495,5.512498779296874,5.4197998046875,2.2103888988494873,0.6667798757553101
7.9683422851562495,9.826746826171876,5.4197998046875,2.504450559616089,0.7635121941566467
5.47084228515625,3.0137487792968747,4.3031494140625,0.9834276437759399,0.38527774810791016
0.47584228515625004,3.0137487792968747,4.3031494140625,0.2564457058906555,0.1894889920949936
5.47084228515625,7.327996826171875,4.3031494140625,1.4873812198638916,0.6156395077705383
5.47084228515625,3.0137487792968747,7.8947998046875,1.2632887363433838,0.5117595195770264
0.47584228515625004,7.327996826171875,7.8947998046875,0.2951779365539551,0.38715818524360657
0.47584228515625004,8.011248779296874,9.2531494140625,0.3061651587486267,0.42360836267471313
5.47084228515625,8.011248779296874,9.2531494140625,1.7643176317214966,0.7430980801582336
0.47584228515625004,2.3304968261718746,9.2531494140625,0.2612123489379883,0.18417729437351227
0.47584228515625004,8.011248779296874,2.9447998046875004,0.26844075322151184,0.31418341398239136
5.47084228515625,2.3304968261718746,2.9447998046875004,0.5856425762176514,0.20883557200431824
0.6319360351562501,0.046483154296874996,6.9328369140624995,0.24457195401191711,0.004537568427622318
9.99756103515625,0.046483154296874996,6.9328369140624995,0.25060299038887024,0.0046246894635260105
0.6319360351562501,9.045887451171875,6.9328369140624995,0.32722043991088867,0.435528427362442
0.6319360351562501,0.046483154296874996,4.3369873046875,0.24462223052978516,0.004206842742860317
9.99756103515625,9.045887451171875,4.3369873046875,3.0222091674804688,0.750450849533081
5.62693603515625,5.043983154296875,1.9828369140625002,0.8805934190750122,0.3325183391571045
5.0025610351562495,5.043983154296875,1.9828369140625002,0.7506263256072998,0.3078528642654419
5.62693603515625,4.048387451171875,1.9828369140625002,0.7406718134880066,0.27171146869659424
5.62693603515625,5.043983154296875,9.2869873046875,1.6304250955581665,0.6636304259300232
5.0025610351562495,4.048387451171875,9.2869873046875,1.3372911214828491,0.5927218794822693
8.12443603515625,2.545233154296875,9.4078369140625,1.9873294830322266,0.5833097100257874
7.50006103515625,2.545233154296875,9.4078369140625,1.8021901845932007,0.5655538439750671
8.12443603515625,1.5496374511718747,9.4078369140625,1.5592432022094727,0.44633302092552185
8.12443603515625,2.545233154296875,6.8119873046874995,1.8302719593048096,0.5325636863708496
7.50006103515625,1.5496374511718747,6.8119873046874995,1.2194416522979736,0.3654215931892395
3.12943603515625,7.542733154296874,4.4578369140625,0.8352925181388855,0.5257900357246399
2.50506103515625,7.542733154296874,4.4578369140625,0.6683558821678162,0.48502522706985474
3.12943603515625,6.547137451171874,4.4578369140625,0.7865150570869446,0.4894518554210663
3.12943603515625,7.542733154296874,1.8619873046875002,0.5375924706459045,0.31255102157592773
2.50506103515625,6.547137451171874,1.8619873046875002,0.39059293270111084,0.24698929488658905
4.37818603515625,3.7946081542968746,0.7453369140625,0.3005211651325226,0.10266220569610596
1.25631103515625,3.7946081542968746,0.7453369140625,0.2576249837875366,0.14467592537403107
4.37818603515625,5.297762451171875,0.7453369140625,0.33560365438461304,0.1257694512605667
4.37818603515625,3.7946081542968746,3.0994873046875,0.6984760165214539,0.3171183168888092
1.25631103515625,5.297762451171875,3.0994873046875,0.3015139698982239,0.2516675889492035
9.37318603515625,8.792108154296875,5.6953369140625,2.935208559036255,0.7746622562408447
6.25131103515625,8.792108154296875,5.6953369140625,1.9194546937942505,0.7199013233184814
9.37318603515625,0.300262451171875,5.6953369140625,0.2836662530899048,0.029340120032429695
9.37318603515625,8.792108154296875,8.049487304687501,3.05719256401062,0.809535026550293
6.25131103515625,0.300262451171875,8.049487304687501,0.27546221017837524,0.031619779765605927
6.87568603515625,1.2958581542968748,3.2203369140625,0.4227715730667114,0.11045338958501816
3.7538110351562497,1.2958581542968748,3.2203369140625,0.28867095708847046,0.08945257216691971
6.87568603515625,2.799012451171875,3.2203369140625,1.0715126991271973,0.3436397612094879
6.87568603515625,1.2958581542968748,5.5744873046875,0.7833920121192932,0.23734191060066223
3.7538110351562497,2.799012451171875,5.5744873046875,0.6563233733177185,0.33275675773620605
1.88068603515625,6.293358154296874,8.1703369140625,0.5781757831573486,0.500982940196991
8.74881103515625,6.293358154296874,8.1703369140625,2.701202869415283,0.7576587796211243
1.88068603515625,7.796512451171874,8.1703369140625,0.6251696944236755,0.5553067922592163
1.88068603515625,6.293358154296874,0.6244873046875,0.2756745517253876,0.16342400014400482
8.74881103515625,7.796512451171874,0.6244873046875,1.0275932550430298,0.26027634739875793
2.50506103515625,3.1699206542968748,2.6015869140625,0.3125392198562622,0.16533306241035461
5.62693603515625,3.1699206542968748,2.6015869140625,0.7486087679862976,0.27432680130004883
2.50506103515625,4.673074951171874,2.6015869140625,0.38164710998535156,0.23453688621520996
2.50506103515625,3.1699206542968748,2.4807373046875,0.3085503578186035,0.16144110262393951
5.62693603515625,4.673074951171874,2.4807373046875,0.9745029211044312,0.3730331361293793
7.50006103515625,8.167420654296874,7.5515869140625,2.3852155208587646,0.767655611038208
0.6319360351562501,8.167420654296874,7.5515869140625,0.32422950863838196,0.42238494753837585
7.50006103515625,9.670574951171876,7.5515869140625,2.4503836631774902,0.7903486490249634
7.50006103515625,8.167420654296874,7.4307373046875,2.380251169204712,0.7659267783164978
0.6319360351562501,9.670574951171876,7.4307373046875,0.3371439576148987,0.4609571397304535
9.99756103515625,0.671170654296875,0.1265869140625,0.2565975487232208,0.024132689461112022
8.12443603515625,0.671170654296875,0.1265869140625,0.25459128618240356,0.026014799252152443
9.99756103515625,7.171824951171875,0.1265869140625,0.5785966515541077,0.11627696454524994
9.99756103515625,0.671170654296875,9.9057373046875,1.0594871044158936,0.23567524552345276
8.12443603515625,7.171824951171875,9.9057373046875,2.610410451889038,0.7841581702232361
5.0025610351562495,5.668670654296874,5.0765869140625,1.2972948551177979,0.573606550693512
3.12943603515625,5.668670654296874,5.0765869140625,0.7743667364120483,0.4794013798236847
5.0025610351562495,2.1743249511718745,5.0765869140625,0.7453636527061462,0.30099815130233765
5.0025610351562495,5.668670654296874,4.9557373046875,1.2872955799102783,0.5686893463134766
3.12943603515625,2.1743249511718745,4.9557373046875,0.39259952306747437,0.19305555522441864
3.7538110351562497,1.9205456542968748,8.7890869140625,0.6112467050552368,0.29975882172584534
4.37818603515625,1.9205456542968748,8.7890869140625,0.7492530345916748,0.3386545479297638
3.7538110351562497,0.924949951171875,8.7890869140625,0.32930493354797363,0.10529349744319916
3.7538110351562497,1.9205456542968748,1.2432373046875,0.2746574878692627,0.085347481071949
4.37818603515625,0.924949951171875,1.2432373046875,0.2605604827404022,0.05094492435455322
8.74881103515625,6.918045654296875,3.8390869140625004,2.3964154720306396,0.6649065017700195
9.37318603515625,6.918045654296875,3.8390869140625004,2.590306520462036,0.6765183806419373
8.74881103515625,5.922449951171874,3.8390869140625004,2.294492721557617,0.6342403292655945
8.74881103515625,6.918045654296875,6.1932373046875,2.647275447845459,0.7410544753074646
9.37318603515625,5.922449951171874,6.1932373046875,2.7633564472198486,0.7260622978210449
6.25131103515625,4.419295654296874,6.3140869140625,1.6253031492233276,0.5993930697441101
1.88068603515625,4.419295654296874,6.3140869140625,0.4502619206905365,0.3564777076244354
6.25131103515625,8.421199951171875,6.3140869140625,1.9355664253234863,0.7265480160713196
6.25131103515625,4.419295654296874,8.6682373046875,1.740320086479187,0.6464993357658386
1.88068603515625,8.421199951171875,8.6682373046875,0.649202823638916,0.5822818279266357
1.25631103515625,9.416795654296875,1.3640869140625,0.29366034269332886,0.25751131772994995
6.87568603515625,9.416795654296875,1.3640869140625,1.308643102645874,0.43182653188705444
1.25631103515625,3.4236999511718746,1.3640869140625,0.2615901529788971,0.15284760296344757
1.25631103515625,9.416795654296875,3.7182373046875004,0.39037519693374634,0.4022412896156311
6.87568603515625,3.4236999511718746,3.7182373046875004,1.3365463018417358,0.4407625198364258
0.94412353515625,4.731639404296875,7.8609619140625,0.32622331380844116,0.325286865234375
3.44162353515625,4.731639404296875,7.8609619140625,0.9092280864715576,0.5318382382392883
0.94412353515625,6.859481201171874,7.8609619140625,0.3682411313056946,0.41974204778671265
0.94412353515625,4.731639404296875,5.8838623046875,0.30724960565567017,0.2919059097766876
3.44162353515625,6.859481201171874,5.8838623046875,0.9693360924720764,0.5748822093009949
5.93912353515625,9.729139404296875,2.9109619140625003,1.568489909172058,0.6053277850151062
8.43662353515625,9.729139404296875,2.9109619140625003,2.3214147090911865,0.6652888655662537
5.93912353515625,1.8619812011718748,2.9109619140625003,0.49758273363113403,0.15774358808994293
5.93912353515625,9.729139404296875,0.9338623046875,0.89139324426651,0.321735680103302
8.43662353515625,1.8619812011718748,0.9338623046875,0.311655730009079,0.060420211404561996
8.43662353515625,2.2328894042968748,5.3859619140624995,1.6513679027557373,0.4583272337913513
0.94412353515625,2.2328894042968748,5.3859619140624995,0.2673353850841522,0.16147121787071228
8.43662353515625,4.360731201171874,5.3859619140624995,2.200388193130493,0.6279693841934204
8.43662353515625,2.2328894042968748,3.4088623046875,1.2746226787567139,0.3435833752155304
0.94412353515625,4.360731201171874,3.4088623046875,0.27747613191604614,0.22878481447696686
3.44162353515625,7.230389404296874,0.43596191406250007,0.3066476583480835,0.13361738622188568
5.93912353515625,7.230389404296874,0.43596191406250007,0.4386647343635559,0.13758444786071777
3.44162353515625,9.358231201171876,0.43596191406250007,0.3326190114021301,0.1539965271949768
3.44162353515625,7.230389404296874,8.3588623046875,1.0672216415405273,0.6413320899009705
5.93912353515625,9.358231201171876,8.3588623046875,1.9482035636901855,0.767592191696167
4.69037353515625,0.983514404296875,4.1484619140625,0.3007313907146454,0.07936184108257294
7.18787353515625,0.983514404296875,4.1484619140625,0.4035935401916504,0.09732040017843246
4.69037353515625,8.108856201171875,4.1484619140625,1.284335732460022,0.6021672487258911
4.69037353515625,0.983514404296875,7.1213623046875,0.3654539883136749,0.11374819278717041
7.18787353515625,8.108856201171875,7.1213623046875,2.2622599601745605,0.7547559142112732
9.68537353515625,5.981014404296874,9.0984619140625,3.019306182861328,0.7740567922592163
2.19287353515625,5.981014404296874,9.0984619140625,0.6651386618614197,0.5302389860153198
9.68537353515625,3.1113562011718745,9.0984619140625,2.6051902770996094,0.6606094241142273
9.68537353515625,5.981014404296874,2.1713623046875004,2.0916590690612793,0.5191227197647095
2.19287353515625,3.1113562011718745,2.1713623046875004,0.2887292802333832,0.15210390090942383
7.18787353515625,3.4822644042968744,1.6734619140625002,0.8056208491325378,0.23816397786140442
9.68537353515625,3.4822644042968744,1.6734619140625002,1.298500657081604,0.3067421615123749
7.18787353515625,0.6126062011718749,1.6734619140625002,0.2666071057319641,0.03704644739627838
7.18787353515625,3.4822644042968744,4.6463623046875,1.5823830366134644,0.5097808837890625
9.68537353515625,0.6126062011718749,4.6463623046875,0.3686867952346802,0.0629328042268753
2.19287353515625,8.479764404296875,6.6234619140625,0.6991826295852661,0.567862331867218
4.69037353515625,8.479764404296875,6.6234619140625,1.454283356666565,0.691223680973053
2.19287353515625,5.610106201171875,6.6234619140625,0.5942716598510742,0.46161964535713196
2.19287353515625,8.479764404296875,9.5963623046875,0.7552022337913513,0.6213803887367249
4.69037353515625,5.610106201171875,9.5963623046875,1.3923219442367554,0.6579046249389648
1.5684985351562502,1.6082019042968747,2.2922119140625004,0.25870281457901,0.10045630484819412
1.5684985351562502,1.6082019042968747,2.2922119140625004,0.25870281457901,0.10045630484819412
1.5684985351562502,2.4866687011718747,2.2922119140625004,0.26757803559303284,0.1376752406358719
1.5684985351562502,1.6082019042968747,7.7401123046875,0.28632304072380066,0.14261990785598755
1.5684985351562502,2.4866687011718747,7.7401123046875,0.32227852940559387,0.21495479345321655
6.56349853515625,6.6057019042968745,7.2422119140625,1.9762277603149414,0.7099936604499817
6.56349853515625,6.6057019042968745,7.2422119140625,1.9762277603149414,0.7099936604499817
6.56349853515625,7.484168701171875,7.2422119140625,2.0302987098693848,0.731226921081543
6.56349853515625,6.6057019042968745,2.7901123046875003,1.5095021724700928,0.5279576182365417
6.56349853515625,7.484168701171875,2.7901123046875003,1.5845283269882202,0.557090163230896
9.06099853515625,4.106951904296874,4.7672119140625,2.2704074382781982,0.6061881184577942
4.0659985351562495,4.106951904296874,4.7672119140625,0.859334409236908,0.4312087297439575
9.06099853515625,9.982918701171876,4.7672119140625,2.8142647743225098,0.7649292349815369
9.06099853515625,4.106951904296874,0.3151123046875,0.3575868308544159,0.07048436254262924
4.0659985351562495,9.982918701171876,0.3151123046875,0.3505001664161682,0.1441994309425354
4.0659985351562495,9.104451904296875,9.7172119140625,1.3581717014312744,0.727791428565979
9.06099853515625,9.104451904296875,9.7172119140625,3.016242504119873,0.8244850635528564
4.0659985351562495,4.9854187011718745,9.7172119140625,1.1581346988677979,0.6074291467666626
4.0659985351562495,9.104451904296875,5.2651123046874995,1.2213940620422363,0.6468664407730103
9.06099853515625,4.9854187011718745,5.2651123046874995,2.472352981567383,0.665093183517456
2.8172485351562497,2.8575769042968746,6.0047119140625,0.49237439036369324,0.29147592186927795
7.81224853515625,2.8575769042968746,6.0047119140625,1.763293743133545,0.5306165218353271
2.8172485351562497,3.736043701171875,6.0047119140625,0.5923907160758972,0.37398698925971985
2.8172485351562497,2.8575769042968746,8.9776123046875,0.5872361660003662,0.3650840222835541
7.81224853515625,3.736043701171875,8.9776123046875,2.1402029991149902,0.656611979007721
7.81224853515625,7.855076904296874,1.0547119140625,1.208649754524231,0.34940120577812195
2.8172485351562497,7.855076904296874,1.0547119140625,0.3566873073577881,0.20047608017921448
7.81224853515625,8.733543701171875,1.0547119140625,1.2855783700942993,0.3744446337223053
7.81224853515625,7.855076904296874,4.0276123046875,2.2083444595336914,0.6786866188049316
2.8172485351562497,8.733543701171875,4.0276123046875,0.7673433423042297,0.52077716588974
5.31474853515625,0.35882690429687497,8.4797119140625,0.27745702862739563,0.03811480104923248
5.31474853515625,0.35882690429687497,8.4797119140625,0.27745702862739563,0.03811480104923248
5.31474853515625,6.234793701171874,8.4797119140625,1.600239872932434,0.6853171586990356
5.31474853515625,0.35882690429687497,1.5526123046875002,0.25270959734916687,0.024394812062382698
5.31474853515625,6.234793701171874,1.5526123046875002,0.7965717911720276,0.31273695826530457
0.31974853515625,5.356326904296875,3.5297119140625,0.25643453001976013,0.26416999101638794
0.31974853515625,5.356326904296875,3.5297119140625,0.25643453001976013,0.26416999101638794
0.31974853515625,1.2372937011718748,3.5297119140625,0.2475775182247162,0.09184154868125916
0.31974853515625,5.356326904296875,6.5026123046875,0.2642821967601776,0.30000603199005127
0.31974853515625,1.2372937011718748,6.5026123046875,0.2493724673986435,0.10231629014015198
0.24170166015625003,1.3739440917968748,8.4023681640625,0.24937917292118073,0.11651832610368729
6.48545166015625,1.3739440917968748,8.4023681640625,0.9803125858306885,0.3257131278514862
0.24170166015625003,3.9703015136718744,8.4023681640625,0.25728291273117065,0.25850674510002136
0.24170166015625003,1.3739440917968748,9.5190185546875,0.24928081035614014,0.1186157837510109
6.48545166015625,3.9703015136718744,9.5190185546875,1.7842559814453125,0.6419650912284851
5.23670166015625,6.371444091796874,3.4523681640625004,1.2454639673233032,0.5260412096977234
1.49045166015625,6.371444091796874,3.4523681640625004,0.3574015498161316,0.3099931478500366
5.23670166015625,8.967801513671875,3.4523681640625004,1.4103643894195557,0.6046302914619446
5.23670166015625,6.371444091796874,4.5690185546875,1.3774645328521729,0.588421106338501
1.49045166015625,8.967801513671875,4.5690185546875,0.46328824758529663,0.4519753158092499
7.73420166015625,3.8726940917968746,5.9273681640625,1.958261489868164,0.6011943817138672
8.98295166015625,3.8726940917968746,5.9273681640625,2.3372766971588135,0.6311866641044617
7.73420166015625,6.469051513671874,5.9273681640625,2.2672572135925293,0.7054186463356018
7.73420166015625,3.8726940917968746,2.0940185546875,1.1895900964736938,0.3460797071456909
8.98295166015625,6.469051513671874,2.0940185546875,1.931528091430664,0.5122172236442566
2.7392016601562497,8.870194091796876,0.9773681640625,0.3626517653465271,0.21053238213062286
3.98795166015625,8.870194091796876,0.9773681640625,0.5226843357086182,0.24632719159126282
2.7392016601562497,1.4715515136718749,0.9773681640625,0.25760433077812195,0.07288367301225662
2.7392016601562497,8.870194091796876,7.0440185546875,0.8804180026054382,0.623924732208252
3.98795166015625,1.4715515136718749,7.0440185546875,0.4483713209629059,0.18616865575313568
3.98795166015625,2.6233190917968745,4.6898681640625,0.6074066162109375,0.28734031319618225
2.7392016601562497,2.6233190917968745,4.6898681640625,0.3874627649784088,0.21281221508979797
3.98795166015625,0.222176513671875,4.6898681640625,0.25266021490097046,0.019938549026846886
3.98795166015625,2.6233190917968745,8.2815185546875,0.8083022832870483,0.40477630496025085
2.7392016601562497,0.222176513671875,8.2815185546875,0.25353652238845825,0.02238689363002777
8.98295166015625,7.620819091796874,9.6398681640625,2.916187047958374,0.8019815683364868
7.73420166015625,7.620819091796874,9.6398681640625,2.4991962909698486,0.7841910123825073
8.98295166015625,5.219676513671875,9.6398681640625,2.734124183654785,0.7484896183013916
8.98295166015625,7.620819091796874,3.3315185546875004,2.4344613552093506,0.6591664552688599
7.73420166015625,5.219676513671875,3.3315185546875004,1.80641508102417,0.5500730276107788
6.48545166015625,0.12456909179687499,2.2148681640625,0.24846576154232025,0.00976143404841423
0.24170166015625003,0.12456909179687499,2.2148681640625,0.2446848303079605,0.010030589066445827
6.48545166015625,7.718426513671874,2.2148681640625,1.4274873733520508,0.5022197365760803
6.48545166015625,0.12456909179687499,0.8565185546875,0.24759075045585632,0.008455410599708557
0.24170166015625003,7.718426513671874,0.8565185546875,0.2496209740638733,0.25914686918258667
1.49045166015625,5.122069091796875,7.1648681640625,0.42329490184783936,0.3850556015968323
5.23670166015625,5.122069091796875,7.1648681640625,1.442347526550293,0.6189453601837158
1.49045166015625,2.7209265136718748,7.1648681640625,0.3192465603351593,0.22206105291843414
1.49045166015625,5.122069091796875,5.8065185546875,0.39329075813293457,0.34776392579078674
5.23670166015625,2.7209265136718748,5.8065185546875,1.0103012323379517,0.41298574209213257
2.11482666015625,4.4973815917968745,1.5961181640625002,0.2937126159667969,0.1713530570268631
8.35857666015625,4.4973815917968745,1.5961181640625002,1.2156407833099365,0.32908469438552856
2.11482666015625,9.592489013671875,1.5961181640625002,0.39261943101882935,0.2868173122406006
2.11482666015625,4.4973815917968745,6.4252685546874995,0.508511483669281,0.38591569662094116
8.35857666015625,9.592489013671875,6.4252685546874995,2.6841702461242676,0.7860013842582703
7.10982666015625,9.494881591796876,6.5461181640624995,2.2732088565826416,0.7666001319885254
3.36357666015625,9.494881591796876,6.5461181640624995,1.0733073949813843,0.6594666242599487
7.10982666015625,4.594989013671874,6.5461181640624995,1.923315405845642,0.6388976573944092
7.10982666015625,9.494881591796876,1.4752685546875002,1.4265435934066772,0.46027639508247375
3.36357666015625,4.594989013671874,1.4752685546875002,0.34771621227264404,0.16407887637615204
9.60732666015625,1.9986315917968747,4.0711181640625,1.6075173616409302,0.3921143412590027
5.86107666015625,1.9986315917968747,4.0711181640625,0.7445517778396606,0.2606993317604065
9.60732666015625,2.096239013671875,4.0711181640625,1.6605194807052612,0.40640634298324585
9.60732666015625,1.9986315917968747,3.9502685546875003,1.5784335136413574,0.38426506519317627
5.86107666015625,2.096239013671875,3.9502685546875003,0.7616328597068787,0.2680172622203827
4.61232666015625,6.996131591796875,9.0211181640625,1.43619966506958,0.691734254360199
0.8660766601562501,6.996131591796875,9.0211181640625,0.3662129342556,0.43511220812797546
4.61232666015625,7.0937390136718745,9.0211181640625,1.4401320219039917,0.6939170956611633
4.61232666015625,6.996131591796875,8.9002685546875,1.4332329034805298,0.6901575922966003
0.8660766601562501,7.0937390136718745,8.9002685546875,0.36721453070640564,0.4375205636024475
3.36357666015625,0.749256591796875,5.3086181640625,0.2745971083641052,0.0657501146197319
2.11482666015625,0.749256591796875,5.3086181640625,0.2615847885608673,0.06461569666862488
3.36357666015625,5.844364013671875,5.3086181640625,0.8612698912620544,0.5109702944755554
3.36357666015625,0.749256591796875,5.1877685546875,0.27448052167892456,0.06546857208013535
2.11482666015625,5.844364013671875,5.1877685546875,0.5362879633903503,0.41847115755081177
8.35857666015625,5.746756591796874,0.3586181640625,0.49960917234420776,0.11657074838876724
7.10982666015625,5.746756591796874,0.3586181640625,0.39369484782218933,0.10105689615011215
8.35857666015625,0.8468640136718749,0.3586181640625,0.2606218159198761,0.032256271690130234
8.35857666015625,5.746756591796874,0.23776855468750002,0.4056587219238281,0.08986305445432663
7.10982666015625,0.8468640136718749,0.23776855468750002,0.25664302706718445,0.03266144543886185
5.86107666015625,3.248006591796875,7.7836181640625,1.4133244752883911,0.544793426990509
4.61232666015625,3.248006591796875,7.7836181640625,1.0622661113739014,0.49095162749290466
5.86107666015625,3.3456140136718746,7.7836181640625,1.4312708377838135,0.5525494813919067
5.86107666015625,3.248006591796875,2.7127685546875,0.8395163416862488,0.3020188808441162
4.61232666015625,3.3456140136718746,2.7127685546875,0.6096201539039612,0.2569822072982788
0.8660766601562501,8.245506591796875,2.8336181640625,0.29554757475852966,0.31283989548683167
9.60732666015625,8.245506591796875,2.8336181640625,2.5565097332000732,0.6509029865264893
0.8660766601562501,8.343114013671876,2.8336181640625,0.2964327931404114,0.3150917589664459
0.8660766601562501,8.245506591796875,7.6627685546875,0.37216880917549133,0.45463278889656067
9.60732666015625,8.343114013671876,7.6627685546875,3.0981616973876953,0.8017520904541016
1.17826416015625,3.5603503417968745,6.8554931640625,0.3153124749660492,0.2596122622489929
0.55388916015625,3.5603503417968745,6.8554931640625,0.26927050948143005,0.23730814456939697
1.17826416015625,1.7838952636718748,6.8554931640625,0.2733776569366455,0.1456652283668518
1.17826416015625,3.5603503417968745,0.5471435546875,0.2546645700931549,0.13524563610553741
0.55388916015625,1.7838952636718748,0.5471435546875,0.24661603569984436,0.09279501438140869
6.17326416015625,8.557850341796875,1.9054931640625001,1.3055368661880493,0.47667020559310913
5.54888916015625,8.557850341796875,1.9054931640625001,1.1475082635879517,0.4558977484703064
6.17326416015625,6.781395263671874,1.9054931640625001,1.1655577421188354,0.419680655002594
6.17326416015625,8.557850341796875,5.4971435546875,1.8712797164916992,0.7084340453147888
5.54888916015625,6.781395263671874,5.4971435546875,1.5742920637130737,0.6469119191169739
8.67076416015625,1.061600341796875,9.3304931640625,1.3003989458084106,0.3420352339744568
3.05138916015625,1.061600341796875,9.3304931640625,0.32234707474708557,0.11782212555408478
8.67076416015625,9.280145263671875,9.3304931640625,2.8812599182128906,0.8190168738365173
8.67076416015625,1.061600341796875,7.9721435546875,1.2035036087036133,0.3132808804512024
3.05138916015625,9.280145263671875,7.9721435546875,1.0083955526351929,0.6668602824211121
3.67576416015625,6.059100341796874,4.3804931640625,0.8973484635353088,0.49705445766448975
8.04638916015625,6.059100341796874,4.3804931640625,2.177433490753174,0.6496744155883789
3.67576416015625,4.282645263671874,4.3804931640625,0.7493879795074463,0.4011898636817932
3.67576416015625,6.059100341796874,3.0221435546875,0.7545673847198486,0.4070180356502533
8.04638916015625,4.282645263671874,3.0221435546875,1.6665563583374023,0.4845556318759918
4.92451416015625,2.310975341796875,0.6679931640625,0.27756595611572266,0.07425159960985184
9.29513916015625,2.310975341796875,0.6679931640625,0.3246345818042755,0.05959992855787277
4.92451416015625,3.0332702636718745,0.6679931640625,0.28955912590026855,0.08500153571367264
4.92451416015625,2.310975341796875,1.7846435546875001,0.3285907506942749,0.1059470921754837
9.29513916015625,3.0332702636718745,1.7846435546875001,1.1404507160186768,0.27614328265190125
9.91951416015625,7.308475341796874,5.6179931640625,3.0142455101013184,0.7543654441833496
4.30013916015625,7.308475341796874,5.6179931640625,1.2333385944366455,0.6217325925827026
9.91951416015625,8.030770263671876,5.6179931640625,3.0642881393432617,0.7678267359733582
9.91951416015625,7.308475341796874,6.7346435546875,3.0921435356140137,0.7755548357963562
4.30013916015625,8.030770263671876,6.7346435546875,1.3173816204071045,0.6694240570068359
7.42201416015625,4.809725341796875,3.1429931640625,1.6164829730987549,0.506373405456543
6.79763916015625,4.809725341796875,3.1429931640625,1.4464489221572876,0.4868724048137665
7.42201416015625,5.532020263671875,3.1429931640625,1.7165359258651733,0.5410559177398682
7.42201416015625,4.809725341796875,9.2096435546875,2.171294689178467,0.7004169821739197
6.79763916015625,5.532020263671875,9.2096435546875,2.0412838459014893,0.7117324471473694
2.42701416015625,9.807225341796874,8.0929931640625,0.833192765712738,0.6456284523010254
1.8026391601562501,9.807225341796874,8.0929931640625,0.6481485366821289,0.6014857888221741
2.42701416015625,0.534520263671875,8.0929931640625,0.2644593417644501,0.05272763594985008
2.42701416015625,9.807225341796874,4.2596435546875,0.7083017230033875,0.535206139087677
1.8026391601562501,0.534520263671875,4.2596435546875,0.2526126503944397,0.044879067689180374
1.8026391601562501,0.43691284179687495,3.7617431640625,0.2506062090396881,0.036334410309791565
4.92451416015625,0.43691284179687495,3.7617431640625,0.26262083649635315,0.03595862537622452
1.8026391601562501,7.406082763671875,3.7617431640625,0.458408385515213,0.38868868350982666
1.8026391601562501,0.43691284179687495,3.6408935546875,0.250535249710083,0.03612228482961655
4.92451416015625,7.406082763671875,3.6408935546875,1.2564228773117065,0.5621615648269653
6.79763916015625,5.434412841796875,8.7117431640625,2.0172107219696045,0.7025392651557922
9.91951416015625,5.434412841796875,8.7117431640625,3.0301384925842285,0.759218156337738
6.79763916015625,2.4085827636718746,8.7117431640625,1.5272750854492188,0.5168089270591736
6.79763916015625,5.434412841796875,8.5908935546875,2.013251543045044,0.7010185122489929
9.91951416015625,2.4085827636718746,8.5908935546875,2.4385056495666504,0.6008554697036743
9.29513916015625,2.9356628417968746,1.2867431640625002,0.7957587242126465,0.18320351839065552
2.42701416015625,2.9356628417968746,1.2867431640625002,0.27362385392189026,0.12222637981176376
9.29513916015625,4.907332763671874,1.2867431640625002,1.2946650981903076,0.3183177709579468
9.29513916015625,2.9356628417968746,6.1158935546875,2.229384183883667,0.580065131187439
2.42701416015625,4.907332763671874,6.1158935546875,0.5964511036872864,0.42764291167259216
4.30013916015625,7.933162841796874,6.2367431640625,1.2932639122009277,0.655756413936615
7.42201416015625,7.933162841796874,6.2367431640625,2.2843189239501953,0.7397996187210083
4.30013916015625,9.904832763671875,6.2367431640625,1.367287039756775,0.6980466842651367
4.30013916015625,7.933162841796874,1.1658935546875002,0.5916756391525269,0.26750004291534424
7.42201416015625,9.904832763671875,1.1658935546875002,1.3575083017349243,0.4181235730648041
3.05138916015625,4.185037841796874,9.9492431640625,0.8071062564849854,0.5104803442955017
6.17326416015625,4.185037841796874,9.9492431640625,1.7282099723815918,0.6491873860359192
3.05138916015625,8.655457763671874,9.9492431640625,1.0261627435684204,0.6796585917472839
3.05138916015625,4.185037841796874,4.8783935546874995,0.6293581128120422,0.3797488510608673
6.17326416015625,8.655457763671874,4.8783935546874995,1.8313037157058716,0.6918630599975586
8.04638916015625,9.182537841796876,4.9992431640624995,2.4662537574768066,0.7439032196998596
1.17826416015625,9.182537841796876,4.9992431640624995,0.4093000590801239,0.4447721242904663
8.04638916015625,3.6579577636718748,4.9992431640624995,1.911417007446289,0.5634850263595581
8.04638916015625,9.182537841796876,9.8283935546875,2.6792678833007812,0.8137847781181335
1.17826416015625,3.6579577636718748,9.8283935546875,0.3462311625480652,0.3074163496494293
5.54888916015625,1.6862878417968747,7.4742431640625,0.8723686337471008,0.32859575748443604
8.67076416015625,1.6862878417968747,7.4742431640625,1.6613311767578125,0.44962602853775024
5.54888916015625,1.1592077636718747,7.4742431640625,0.5874354243278503,0.20050393044948578
5.54888916015625,1.6862878417968747,7.3533935546875,0.8653841018676758,0.3255058526992798
8.67076416015625,1.1592077636718747,7.3533935546875,1.2493534088134766,0.3269183337688446
0.55388916015625,6.683787841796875,2.5242431640625003,0.26550063490867615,0.2749612331390381
3.67576416015625,6.683787841796875,2.5242431640625003,0.7205849289894104,0.3863857388496399
0.55388916015625,6.156707763671874,2.5242431640625003,0.26353922486305237,0.2627200484275818
0.55388916015625,6.683787841796875,2.4033935546875003,0.26476308703422546,0.2720506489276886
3.67576416015625,6.156707763671874,2.4033935546875003,0.6655946969985962,0.3514884412288666
0.39779541015625003,4.028865966796874,3.9164306640625,0.2564919590950012,0.2256796658039093
1.64654541015625,4.028865966796874,3.9164306640625,0.3244238495826721,0.23671363294124603
0.39779541015625003,2.5647546386718747,3.9164306640625,0.2524576783180237,0.1659516990184784
0.39779541015625003,4.028865966796874,1.3205810546875,0.25059762597084045,0.18648818135261536
1.64654541015625,2.5647546386718747,1.3205810546875,0.26059532165527344,0.12170179188251495
5.39279541015625,9.026365966796876,8.8664306640625,1.7691720724105835,0.7553401589393616
6.64154541015625,9.026365966796876,8.8664306640625,2.181187391281128,0.7817663550376892
5.39279541015625,7.562254638671874,8.8664306640625,1.709282636642456,0.72724449634552
5.39279541015625,9.026365966796876,6.2705810546875,1.6842352151870728,0.7156779170036316
6.64154541015625,7.562254638671874,6.2705810546875,2.0133659839630127,0.7165000438690186
7.89029541015625,1.5301159667968747,1.4414306640625,0.31769850850105286,0.06549428403377533
4.14404541015625,1.5301159667968747,1.4414306640625,0.2736893594264984,0.07536239176988602
7.89029541015625,5.0635046386718745,1.4414306640625,1.1297494173049927,0.32053619623184204
7.89029541015625,1.5301159667968747,8.7455810546875,1.4482754468917847,0.4226175844669342
4.14404541015625,5.0635046386718745,8.7455810546875,1.1641789674758911,0.6009241938591003
2.89529541015625,6.5276159667968745,6.3914306640625,0.8182248473167419,0.5459626913070679
9.13904541015625,6.5276159667968745,6.3914306640625,2.756193161010742,0.7420468330383301
2.89529541015625,0.06600463867187499,6.3914306640625,0.24668356776237488,0.006380519829690456
2.89529541015625,6.5276159667968745,3.7955810546875,0.6763719320297241,0.43707984685897827
9.13904541015625,0.06600463867187499,3.7955810546875,0.24950134754180908,0.005829435307532549
4.14404541015625,0.280740966796875,7.6289306640625,0.26152321696281433,0.028226768597960472
7.89029541015625,0.280740966796875,7.6289306640625,0.2814592719078064,0.029769083485007286
4.14404541015625,1.3153796386718748,7.6289306640625,0.4392865002155304,0.1732305884361267
4.14404541015625,0.280740966796875,2.5580810546875004,0.2516813278198242,0.02199329063296318
7.89029541015625,1.3153796386718748,2.5580810546875004,0.41055557131767273,0.09454754739999771
9.13904541015625,5.278240966796875,2.6789306640625004,2.0344104766845703,0.5330455303192139
2.89529541015625,5.278240966796875,2.6789306640625004,0.48951905965805054,0.2931758165359497
9.13904541015625,6.312879638671874,2.6789306640625004,2.1774814128875732,0.5740901827812195
9.13904541015625,5.278240966796875,7.5080810546875,2.7032575607299805,0.7269167304039001
2.89529541015625,6.312879638671874,7.5080810546875,0.8432078957557678,0.5649235248565674
6.64154541015625,2.7794909667968746,5.1539306640625,1.3273683786392212,0.45163846015930176
5.39279541015625,2.7794909667968746,5.1539306640625,1.0055031776428223,0.4000658094882965
6.64154541015625,8.811629638671874,5.1539306640625,2.008301019668579,0.7144689559936523
6.64154541015625,2.7794909667968746,9.9830810546875,1.632225513458252,0.5688918232917786
5.39279541015625,8.811629638671874,9.9830810546875,1.7851659059524536,0.762755811214447
1.64654541015625,7.776990966796874,0.2039306640625,0.26661553978919983,0.16185013949871063
0.39779541015625003,7.776990966796874,0.2039306640625,0.24969221651554108,0.22038817405700684
1.64654541015625,3.8141296386718744,0.2039306640625,0.25563153624534607,0.11767500638961792
1.64654541015625,7.776990966796874,5.0330810546875,0.4883197546005249,0.449163019657135
0.39779541015625003,3.8141296386718744,5.0330810546875,0.2583765685558319,0.22929567098617554
2.2709204101562497,2.1548034667968747,5.7726806640624995,0.3313405215740204,0.1802607774734497
3.51967041015625,2.1548034667968747,5.7726806640624995,0.4933846890926361,0.24174995720386505
2.2709204101562497,8.186942138671876,5.7726806640624995,0.686294436454773,0.5406858921051025
2.2709204101562497,2.1548034667968747,3.1768310546875003,0.2865522801876068,0.13467679917812347
3.51967041015625,8.186942138671876,3.1768310546875003,0.8545562028884888,0.489620178937912
7.26592041015625,7.152303466796874,0.8226806640625,0.8736706972122192,0.2591727674007416
8.51467041015625,7.152303466796874,0.8226806640625,1.0986770391464233,0.28845202922821045
7.26592041015625,3.1894421386718745,0.8226806640625,0.36253780126571655,0.08861341327428818
7.26592041015625,7.152303466796874,8.1268310546875,2.2732412815093994,0.7510989308357239
8.51467041015625,3.1894421386718745,8.1268310546875,2.2103655338287354,0.6260285377502441
9.76342041015625,4.6535534667968745,8.2476806640625,2.8671481609344482,0.7265296578407288
1.02217041015625,4.6535534667968745,8.2476806640625,0.3392042815685272,0.3339778184890747
9.76342041015625,0.690692138671875,8.2476806640625,0.9224318861961365,0.2052364945411682
9.76342041015625,4.6535534667968745,5.6518310546874995,2.6852433681488037,0.6764266490936279
1.02217041015625,0.690692138671875,5.6518310546874995,0.25248783826828003,0.06032176688313484
4.76842041015625,9.651053466796874,3.2976806640625003,1.2834779024124146,0.5932829976081848
6.0171704101562495,9.651053466796874,3.2976806640625003,1.6544314622879028,0.6340301036834717
4.76842041015625,5.688192138671875,3.2976806640625003,1.037426471710205,0.4661766290664673
4.76842041015625,9.651053466796874,0.7018310546875,0.5655717849731445,0.23109972476959229
6.0171704101562495,5.688192138671875,0.7018310546875,0.47163888812065125,0.1488429456949234
3.51967041015625,3.4041784667968744,2.0601806640625,0.3545997738838196,0.16000525653362274
7.26592041015625,3.4041784667968744,2.0601806640625,0.9656034111976624,0.29014185070991516
3.51967041015625,6.9375671386718745,2.0601806640625,0.6196200847625732,0.33571645617485046
3.51967041015625,3.4041784667968744,4.4143310546875,0.6134832501411438,0.32559043169021606
7.26592041015625,6.9375671386718745,4.4143310546875,2.019334554672241,0.6598902940750122
8.51467041015625,8.401678466796875,7.0101806640625,2.7081620693206787,0.7796826362609863
2.2709204101562497,8.401678466796875,7.0101806640625,0.7284252047538757,0.580162763595581
8.51467041015625,1.9400671386718746,7.0101806640625,1.7154067754745483,0.4739999771118164
8.51467041015625,8.401678466796875,9.3643310546875,2.792105197906494,0.805816650390625
2.2709204101562497,1.9400671386718746,9.3643310546875,0.37024837732315063,0.21170999109745026
6.0171704101562495,0.9054284667968749,4.5351806640625,0.3335329592227936,0.08126384764909744
9.76342041015625,0.9054284667968749,4.5351806640625,0.7725859880447388,0.16776272654533386
6.0171704101562495,4.438817138671874,4.5351806640625,1.4033923149108887,0.5278050303459167
6.0171704101562495,0.9054284667968749,6.8893310546875,0.4403851628303528,0.12493085116147995
9.76342041015625,4.438817138671874,6.8893310546875,2.7573466300964355,0.6963621973991394
1.02217041015625,5.902928466796874,9.4851806640625,0.38130316138267517,0.4160875380039215
4.76842041015625,5.902928466796874,9.4851806640625,1.433381199836731,0.6695924997329712
1.02217041015625,9.436317138671875,9.4851806640625,0.4441334903240204,0.5379818081855774
1.02217041015625,5.902928466796874,1.9393310546875002,0.2755890488624573,0.2317246049642563
4.76842041015625,9.436317138671875,1.9393310546875002,1.0115578174591064,0.45477738976478577
0.70998291015625,1.2177722167968748,1.1320556640625001,0.24748630821704865,0.07426606863737106
5.08060791015625,1.2177722167968748,1.1320556640625001,0.2685842514038086,0.05810137465596199
0.70998291015625,0.378348388671875,1.1320556640625001,0.24578410387039185,0.026519468054175377
0.70998291015625,1.2177722167968748,9.0549560546875,0.25728681683540344,0.10881024599075317
5.08060791015625,0.378348388671875,9.0549560546875,0.2804536819458008,0.04115290567278862
5.70498291015625,6.215272216796874,6.0820556640625,1.620267629623413,0.6507582068443298
0.08560791015625,6.215272216796874,6.0820556640625,0.24938896298408508,0.3147006630897522
5.70498291015625,5.375848388671875,6.0820556640625,1.5503097772598267,0.619673490524292
5.70498291015625,6.215272216796874,4.1049560546874995,1.453331470489502,0.5770456790924072
0.08560791015625,5.375848388671875,4.1049560546874995,0.2484309822320938,0.2736513018608093
8.20248291015625,3.7165222167968746,3.6070556640625,1.735609531402588,0.4973815083503723
7.57810791015625,3.7165222167968746,3.6070556640625,1.5654658079147339,0.4789658784866333
8.20248291015625,7.874598388671874,3.6070556640625,2.2663588523864746,0.6660571694374084
8.20248291015625,3.7165222167968746,1.6299560546875,1.0325546264648438,0.27878108620643616
7.57810791015625,7.874598388671874,1.6299560546875,1.4946048259735107,0.45570868253707886
3.2074829101562496,8.714022216796875,8.5570556640625,1.053180456161499,0.67143315076828
2.58310791015625,8.714022216796875,8.5570556640625,0.8621311187744141,0.6381509900093079
3.2074829101562496,2.877098388671875,8.5570556640625,0.6701925992965698,0.38839590549468994
3.2074829101562496,8.714022216796875,6.5799560546875,1.002263069152832,0.634995698928833
2.58310791015625,2.877098388671875,6.5799560546875,0.4712599515914917,0.29329049587249756
4.45623291015625,4.965897216796875,7.3195556640624995,1.2022264003753662,0.5841732621192932
3.8318579101562498,4.965897216796875,7.3195556640624995,1.0204620361328125,0.5541237592697144
4.45623291015625,4.126473388671875,7.3195556640624995,1.1182126998901367,0.5376940965652466
4.45623291015625,4.965897216796875,7.8174560546875,1.220228672027588,0.5940502285957336
3.8318579101562498,4.126473388671875,7.8174560546875,0.9622804522514343,0.5170543193817139
9.45123291015625,9.963397216796874,2.3695556640625,2.4903502464294434,0.642874538898468
8.82685791015625,9.963397216796874,2.3695556640625,2.303471803665161,0.6313928365707397
9.45123291015625,9.123973388671875,2.3695556640625,2.431377410888672,0.6263730525970459
9.45123291015625,9.963397216796874,2.8674560546875,2.6384363174438477,0.6844082474708557
8.82685791015625,9.123973388671875,2.8674560546875,2.392469644546509,0.6579169034957886
6.9537329101562495,2.467147216796875,9.7945556640625,1.635229468345642,0.5458105802536011
1.33435791015625,2.467147216796875,9.7945556640625,0.31834954023361206,0.2250227928161621
6.9537329101562495,6.625223388671874,9.7945556640625,2.188164710998535,0.7513374090194702
6.9537329101562495,2.467147216796875,0.3924560546875,0.2846919596195221,0.05994866415858269
1.33435791015625,6.625223388671874,0.3924560546875,0.26255348324775696,0.1714085042476654
1.95873291015625,7.464647216796874,4.8445556640625,0.5474303960800171,0.4582853615283966
6.32935791015625,7.464647216796874,4.8445556640625,1.8093037605285645,0.6669286489486694
1.95873291015625,1.6277233886718747,4.8445556640625,0.28143802285194397,0.12527799606323242
1.95873291015625,7.464647216796874,5.3424560546875,0.5663365721702576,0.4777856469154358
6.32935791015625,1.6277233886718747,5.3424560546875,0.8444525003433228,0.28075894713401794
1.33435791015625,3.0918347167968747,9.1758056640625,0.3391556143760681,0.2692074179649353
9.45123291015625,3.0918347167968747,9.1758056640625,2.530186653137207,0.6554999351501465
1.33435791015625,6.000535888671874,9.1758056640625,0.4482612907886505,0.45128974318504333
1.33435791015625,3.0918347167968747,7.1987060546874995,0.3202504515647888,0.2431241273880005
9.45123291015625,6.000535888671874,7.1987060546874995,2.860183000564575,0.747657299041748
6.32935791015625,8.089334716796875,4.2258056640624995,1.7873786687850952,0.6580563187599182
4.45623291015625,8.089334716796875,4.2258056640624995,1.2213257551193237,0.5961063504219055
6.32935791015625,1.0030358886718749,4.2258056640624995,0.3586723804473877,0.09036214649677277
6.32935791015625,8.089334716796875,2.2487060546875,1.4233677387237549,0.5122965574264526
4.45623291015625,1.0030358886718749,2.2487060546875,0.27258482575416565,0.06324531137943268
8.82685791015625,0.5930847167968749,6.7008056640625,0.4304606020450592,0.0845344215631485
6.9537329101562495,0.5930847167968749,6.7008056640625,0.33456000685691833,0.06614971905946732
8.82685791015625,3.5017858886718747,6.7008056640625,2.2813289165496826,0.6254991888999939
8.82685791015625,0.5930847167968749,4.7237060546875,0.334647536277771,0.0569053553044796
6.9537329101562495,3.5017858886718747,4.7237060546875,1.5314226150512695,0.5073427557945251
3.8318579101562498,5.590584716796874,1.7508056640625,0.5235515236854553,0.2536153495311737
1.95873291015625,5.590584716796874,1.7508056640625,0.3086179494857788,0.20372432470321655
3.8318579101562498,8.499285888671874,1.7508056640625,0.7005613446235657,0.3619348108768463
3.8318579101562498,5.590584716796874,9.6737060546875,1.1292959451675415,0.6222033500671387
1.95873291015625,8.499285888671874,9.6737060546875,0.6881679892539978,0.6058793663978577
2.58310791015625,1.8424597167968748,2.9883056640625,0.2826249599456787,0.11610478907823563
0.70998291015625,1.8424597167968748,2.9883056640625,0.2526301443576813,0.12157270312309265
2.58310791015625,9.748660888671875,2.9883056640625,0.653552770614624,0.4637508690357208
2.58310791015625,1.8424597167968748,5.9612060546875,0.33335843682289124,0.1630353182554245
0.70998291015625,9.748660888671875,5.9612060546875,0.3372740149497986,0.43943408131599426
7.57810791015625,6.839959716796875,7.9383056640625,2.3492209911346436,0.747767984867096
5.70498291015625,6.839959716796875,7.9383056640625,1.7442855834960938,0.7059200406074524
7.57810791015625,4.751160888671874,7.9383056640625,2.164473533630371,0.6841966509819031
7.57810791015625,6.839959716796875,1.0112060546875001,1.0306493043899536,0.3005734086036682
5.70498291015625,4.751160888671874,1.0112060546875001,0.484658807516098,0.16158710420131683
5.08060791015625,4.341209716796874,0.5133056640625,0.3075864911079407,0.09496049582958221
3.2074829101562496,4.341209716796874,0.5133056640625,0.27969756722450256,0.1120128333568573
5.08060791015625,2.2524108886718746,0.5133056640625,0.2735530734062195,0.06883390247821808
5.08060791015625,4.341209716796874,3.4862060546875,0.9984721541404724,0.4206444323062897
3.2074829101562496,2.2524108886718746,3.4862060546875,0.3385678231716156,0.15241894125938416
0.08560791015625,9.338709716796876,5.4633056640625,0.25129759311676025,0.38080668449401855
8.20248291015625,9.338709716796876,5.4633056640625,2.5612590312957764,0.7608298659324646
0.08560791015625,7.249910888671875,5.4633056640625,0.2503146529197693,0.33704373240470886
0.08560791015625,9.338709716796876,8.4362060546875,0.2541868984699249,0.408982515335083
8.20248291015625,7.249910888671875,8.4362060546875,2.5981218814849854,0.772982656955719
0.06609619140625,4.360731201171874,8.8470947265625,0.2482070028781891,0.27094632387161255
0.37828369140625,4.360731201171874,8.8470947265625,0.26923516392707825,0.28412023186683655
0.06609619140625,8.870194091796876,8.8470947265625,0.2511066198348999,0.3989834785461426
0.06609619140625,4.360731201171874,2.2293701171875,0.24555401504039764,0.2188480943441391
0.37828369140625,8.870194091796876,2.2293701171875,0.2605482339859009,0.3129076063632965
5.06109619140625,9.358231201171876,3.8970947265625004,1.4283881187438965,0.632678747177124
5.37328369140625,9.358231201171876,3.8970947265625004,1.5234180688858032,0.6430284976959229
5.06109619140625,3.8726940917968746,3.8970947265625004,0.9853996634483337,0.4154122471809387
5.06109619140625,9.358231201171876,7.1793701171875,1.6262680292129517,0.7298915982246399
5.37328369140625,3.8726940917968746,7.1793701171875,1.3432598114013672,0.5579184293746948
7.55859619140625,1.8619812011718748,6.3720947265625,1.3633590936660767,0.41145020723342896
2.87578369140625,1.8619812011718748,6.3720947265625,0.3693387806415558,0.1817154437303543
7.55859619140625,1.3739440917968748,6.3720947265625,1.074353814125061,0.31393152475357056
7.55859619140625,1.8619812011718748,9.6543701171875,1.5823091268539429,0.4860973656177521
2.87578369140625,1.3739440917968748,9.6543701171875,0.35828912258148193,0.16080935299396515
2.56359619140625,6.859481201171874,1.4220947265625001,0.3557243347167969,0.2136344164609909
7.87078369140625,6.859481201171874,1.4220947265625001,1.3544942140579224,0.39384210109710693
2.56359619140625,6.371444091796874,1.4220947265625001,0.3425697982311249,0.20145903527736664
2.56359619140625,6.859481201171874,4.7043701171875,0.6693059802055359,0.47603514790534973
7.87078369140625,6.371444091796874,4.7043701171875,2.1923105716705322,0.6686070561408997
3.8123461914062498,0.6126062011718749,2.6595947265625,0.25970906019210815,0.04490535706281662
9.11953369140625,0.6126062011718749,2.6595947265625,0.28959619998931885,0.04182837903499603
3.8123461914062498,5.122069091796875,2.6595947265625,0.657581627368927,0.33465149998664856
3.8123461914062498,0.6126062011718749,0.9918701171875,0.25263914465904236,0.03642085939645767
9.11953369140625,5.122069091796875,0.9918701171875,1.0706393718719482,0.2618793547153473
8.80734619140625,5.610106201171875,7.6095947265625,2.6352756023406982,0.7329623103141785
4.12453369140625,5.610106201171875,7.6095947265625,1.164167881011963,0.6038166880607605
8.80734619140625,0.12456909179687499,7.6095947265625,0.2596983313560486,0.01272634044289589
8.80734619140625,5.610106201171875,5.9418701171874995,2.5303592681884766,0.7011967301368713
4.12453369140625,0.12456909179687499,5.9418701171874995,0.25067728757858276,0.011910563334822655
6.30984619140625,3.1113562011718745,0.1845947265625,0.28054678440093994,0.06325133144855499
6.62203369140625,3.1113562011718745,0.1845947265625,0.2826113700866699,0.06181332468986511
6.30984619140625,2.6233190917968745,0.1845947265625,0.2746211886405945,0.058845169842243195
6.30984619140625,3.1113562011718745,8.4168701171875,1.5463027954101562,0.5621456503868103
6.62203369140625,2.6233190917968745,8.4168701171875,1.524349331855774,0.5286051034927368
1.3148461914062501,8.108856201171875,5.1345947265625,0.4233590364456177,0.43204545974731445
1.62703369140625,8.108856201171875,5.1345947265625,0.49527493119239807,0.4619337320327759
1.3148461914062501,7.620819091796874,5.1345947265625,0.41326308250427246,0.4162883460521698
1.3148461914062501,8.108856201171875,3.4668701171875003,0.36737534403800964,0.3557778000831604
1.62703369140625,7.620819091796874,3.4668701171875003,0.4135077893733978,0.3644994795322418
1.93922119140625,2.4866687011718747,0.8033447265625,0.25860166549682617,0.10528478771448135
4.74890869140625,2.4866687011718747,0.8033447265625,0.28355735540390015,0.08169003576040268
1.93922119140625,4.4973815917968745,0.8033447265625,0.2705141007900238,0.1452113837003708
1.93922119140625,2.4866687011718747,4.0856201171875,0.29847925901412964,0.16680827736854553
4.74890869140625,4.4973815917968745,4.0856201171875,1.0135244131088257,0.4548023045063019
6.93422119140625,7.484168701171875,5.7533447265625,2.0715725421905518,0.7095153331756592
9.74390869140625,7.484168701171875,5.7533447265625,2.9801833629608154,0.7583268880844116
6.93422119140625,9.494881591796876,5.7533447265625,2.1742377281188965,0.7478880286216736
6.93422119140625,7.484168701171875,9.0356201171875,2.212207555770874,0.7622556090354919
9.74390869140625,9.494881591796876,9.0356201171875,3.245086193084717,0.8310582041740417
9.43172119140625,4.9854187011718745,3.2783447265625,2.249476194381714,0.5768051147460938
2.2514086914062497,4.9854187011718745,3.2783447265625,0.4144068956375122,0.284583181142807
9.43172119140625,6.996131591796875,3.2783447265625,2.5034289360046387,0.6479112505912781
9.43172119140625,4.9854187011718745,6.5606201171875,2.704268217086792,0.7051405310630798
2.2514086914062497,6.996131591796875,6.5606201171875,0.6662011742591858,0.5232551097869873
4.43672119140625,9.982918701171876,8.2283447265625,1.4742565155029297,0.7377988696098328
7.24640869140625,9.982918701171876,8.2283447265625,2.4001526832580566,0.7985103130340576
4.43672119140625,1.9986315917968747,8.2283447265625,0.7652162313461304,0.3437744677066803
4.43672119140625,9.982918701171876,1.6106201171875,0.8655818104743958,0.40675562620162964
7.24640869140625,1.9986315917968747,1.6106201171875,0.3775629997253418,0.09293172508478165
3.18797119140625,3.736043701171875,6.9908447265625,0.7212455868721008,0.43004435300827026
5.99765869140625,3.736043701171875,6.9908447265625,1.4953126907348633,0.5679347515106201
3.18797119140625,0.749256591796875,6.9908447265625,0.28146126866340637,0.07214904576539993
3.18797119140625,3.736043701171875,2.8481201171875004,0.43457892537117004,0.22957129776477814
5.99765869140625,0.749256591796875,2.8481201171875004,0.279604971408844,0.05257433280348778
8.18297119140625,8.733543701171875,2.0408447265625003,1.910496711730957,0.5542164444923401
1.00265869140625,8.733543701171875,2.0408447265625003,0.2926633954048157,0.28763148188591003
8.18297119140625,5.746756591796874,2.0408447265625003,1.6016042232513428,0.45649290084838867
8.18297119140625,8.733543701171875,7.7981201171875,2.647226333618164,0.7904543280601501
1.00265869140625,5.746756591796874,7.7981201171875,0.3572680950164795,0.37958624958992004
5.68547119140625,1.2372937011718748,9.4658447265625,0.7662481069564819,0.2734462320804596
8.49515869140625,1.2372937011718748,9.4658447265625,1.43324613571167,0.3892115652561188
5.68547119140625,8.245506591796875,9.4658447265625,1.8483855724334717,0.7547052502632141
5.68547119140625,1.2372937011718748,5.3231201171875,0.4983974099159241,0.15994800627231598
8.49515869140625,8.245506591796875,5.3231201171875,2.5883820056915283,0.7439568638801575
0.69047119140625,6.234793701171874,4.5158447265624995,0.28736525774002075,0.30868640542030334
3.50015869140625,6.234793701171874,4.5158447265624995,0.8713718056678772,0.501263439655304
0.69047119140625,3.248006591796875,4.5158447265624995,0.26542311906814575,0.20277556777000427
0.69047119140625,6.234793701171874,0.37312011718750004,0.25360333919525146,0.19177010655403137
3.50015869140625,3.248006591796875,0.37312011718750004,0.26966869831085205,0.09037494659423828
1.00265869140625,0.924949951171875,6.0627197265624995,0.25458866357803345,0.0791478231549263
6.30984619140625,0.924949951171875,6.0627197265624995,0.4384445548057556,0.12009663879871368
1.00265869140625,6.683787841796875,6.0627197265624995,0.3522758483886719,0.37994658946990967
1.00265869140625,0.924949951171875,8.1074951171875,0.2574191987514496,0.08434254676103592
6.30984619140625,6.683787841796875,8.1074951171875,1.9342576265335083,0.7197065353393555
5.99765869140625,5.922449951171874,1.1127197265625002,0.7055487632751465,0.2426234930753708
1.3148461914062501,5.922449951171874,1.1127197265625002,0.2715681195259094,0.19451294839382172
5.99765869140625,1.6862878417968747,1.1127197265625002,0.2867850661277771,0.06705586612224579
5.99765869140625,5.922449951171874,3.1574951171875,1.365439534187317,0.513989269733429
1.3148461914062501,1.6862878417968747,3.1574951171875,0.2605704963207245,0.11359836906194687
8.49515869140625,3.4236999511718746,8.5377197265625,2.2762861251831055,0.6478348970413208
8.80734619140625,3.4236999511718746,8.5377197265625,2.3732974529266357,0.6546801924705505
8.49515869140625,4.185037841796874,8.5377197265625,2.407346487045288,0.6883849501609802
8.49515869140625,3.4236999511718746,0.6824951171875,0.4126529097557068,0.09076113998889923
8.80734619140625,4.185037841796874,0.6824951171875,0.5915489792823792,0.1361304372549057
3.50015869140625,8.421199951171875,3.5877197265625003,0.9044597744941711,0.524957537651062
3.8123461914062498,8.421199951171875,3.5877197265625003,0.9904763102531433,0.5407541394233704
3.50015869140625,9.182537841796876,3.5877197265625003,0.9353348612785339,0.5458120107650757
3.50015869140625,8.421199951171875,5.6324951171875,1.0432686805725098,0.6169703006744385
3.8123461914062498,9.182537841796876,5.6324951171875,1.1653283834457397,0.6493720412254333
4.74890869140625,4.673074951171874,2.3502197265625,0.7485842704772949,0.32124680280685425
2.56359619140625,4.673074951171874,2.3502197265625,0.3666381537914276,0.2180577963590622
4.74890869140625,7.933162841796874,2.3502197265625,1.0245552062988281,0.46251386404037476
4.74890869140625,4.673074951171874,9.3449951171875,1.3282445669174194,0.6169277429580688
2.56359619140625,7.933162841796874,9.3449951171875,0.846134603023529,0.6275326609611511
9.74390869140625,9.670574951171876,7.3002197265625,3.191208600997925,0.8162354230880737
7.55859619140625,9.670574951171876,7.3002197265625,2.4613335132598877,0.7882583141326904
9.74390869140625,2.9356628417968746,7.3002197265625,2.4694125652313232,0.6194438338279724
9.74390869140625,9.670574951171876,4.3949951171874995,2.9822044372558594,0.758565366268158
7.55859619140625,2.9356628417968746,4.3949951171874995,1.5123894214630127,0.46206310391426086
7.24640869140625,2.1743249511718745,4.8252197265625,1.2405846118927002,0.38532358407974243
0.06609619140625,2.1743249511718745,4.8252197265625,0.24548105895519257,0.15165545046329498
7.24640869140625,0.43691284179687495,4.8252197265625,0.282699316740036,0.039394132792949677
7.24640869140625,2.1743249511718745,1.9199951171875,0.5336509943008423,0.14457201957702637
0.06609619140625,0.43691284179687495,1.9199951171875,0.24457663297653198,0.03291197866201401
2.2514086914062497,7.171824951171875,9.7752197265625,0.736234724521637,0.5892330408096313
5.06109619140625,7.171824951171875,9.7752197265625,1.6042240858078003,0.7187656164169312
2.2514086914062497,5.434412841796875,9.7752197265625,0.6670836806297302,0.5201086401939392
2.2514086914062497,7.171824951171875,6.8699951171875,0.6812063455581665,0.5376080274581909
5.06109619140625,5.434412841796875,6.8699951171875,1.4032353162765503,0.6193850636482239
1.62703369140625,2.799012451171875,4.2064697265625,0.2943917214870453,0.18275722861289978
8.18297119140625,2.799012451171875,4.2064697265625,1.6064622402191162,0.4577382504940033
1.62703369140625,2.310975341796875,4.2064697265625,0.28356224298477173,0.15756940841674805
1.62703369140625,2.799012451171875,6.2512451171875,0.3233652114868164,0.21940964460372925
8.18297119140625,2.310975341796875,6.2512451171875,1.7133830785751343,0.4917241036891937
6.62203369140625,7.796512451171874,9.1564697265625,2.1281967163085938,0.7633347511291504
3.18797119140625,7.796512451171874,9.1564697265625,1.0282344818115234,0.6562595963478088
6.62203369140625,7.308475341796874,9.1564697265625,2.1032023429870605,0.7536029815673828
6.62203369140625,7.796512451171874,1.3012451171875001,1.0975645780563354,0.3673827052116394
3.18797119140625,7.308475341796874,1.3012451171875001,0.4246140718460083,0.22884459793567657
9.11953369140625,0.300262451171875,1.7314697265625,0.2575887143611908,0.020305538550019264
5.68547119140625,0.300262451171875,1.7314697265625,0.2525846064090729,0.02124970406293869
9.11953369140625,9.807225341796874,1.7314697265625,2.1104090213775635,0.5561864972114563
9.11953369140625,0.300262451171875,3.7762451171875,0.2697543501853943,0.02527405135333538
5.68547119140625,9.807225341796874,3.7762451171875,1.6255396604537964,0.6555546522140503
4.12453369140625,5.297762451171875,6.6814697265625,1.1062533855438232,0.569788932800293
0.69047119140625,5.297762451171875,6.6814697265625,0.29523423314094543,0.314716100692749
4.12453369140625,4.809725341796875,6.6814697265625,1.0654014348983765,0.5456173419952393
4.12453369140625,5.297762451171875,8.7262451171875,1.1752318143844604,0.6100752353668213
0.69047119140625,4.809725341796875,8.7262451171875,0.3022429645061493,0.32133156061172485
2.87578369140625,1.5496374511718747,7.9189697265625,0.3592791259288788,0.16681748628616333
1.93922119140625,1.5496374511718747,7.9189697265625,0.3003489673137665,0.14439581334590912
2.87578369140625,3.5603503417968745,7.9189697265625,0.6552802920341492,0.41559162735939026
2.87578369140625,1.5496374511718747,7.4887451171874995,0.351375937461853,0.16075922548770905
1.93922119140625,3.5603503417968745,7.4887451171874995,0.43627259135246277,0.3279692828655243
7.87078369140625,6.547137451171874,2.9689697265625004,1.9183564186096191,0.5778147578239441
6.93422119140625,6.547137451171874,2.9689697265625004,1.6494663953781128,0.5526367425918579
7.87078369140625,8.557850341796875,2.9689697265625004,2.087459087371826,0.6337323784828186
7.87078369140625,6.547137451171874,2.5387451171875,1.7996187210083008,0.5387662053108215
6.93422119140625,8.557850341796875,2.5387451171875,1.70633065700531,0.573845386505127
5.37328369140625,4.048387451171875,5.4439697265625,1.257380485534668,0.5181719660758972
4.43672119140625,4.048387451171875,5.4439697265625,1.0002774000167847,0.47549518942832947
5.37328369140625,6.059100341796874,5.4439697265625,1.4652855396270752,0.6154043078422546
5.37328369140625,4.048387451171875,5.0137451171875,1.2193726301193237,0.5006512403488159
4.43672119140625,6.059100341796874,5.0137451171875,1.1584128141403198,0.5631788969039917
0.37828369140625,9.045887451171875,0.49396972656250004,0.2516268193721771,0.2534210681915283
9.43172119140625,9.045887451171875,0.49396972656250004,1.1245636940002441,0.26760226488113403
0.37828369140625,1.061600341796875,0.49396972656250004,0.24555504322052002,0.061731062829494476
0.37828369140625,9.045887451171875,9.9637451171875,0.2991238832473755,0.4478612542152405
9.43172119140625,1.061600341796875,9.9637451171875,1.5272761583328247,0.37789973616600037
0.53437744140625,1.7058093261718748,3.4330322265625,0.25052908062934875,0.1179569885134697
5.21718994140625,1.7058093261718748,3.4330322265625,0.4276488721370697,0.14393390715122223
0.53437744140625,7.776990966796874,3.4330322265625,0.2744184732437134,0.32004863023757935
0.53437744140625,1.7058093261718748,8.5715576171875,0.25735870003700256,0.1417878121137619
5.21718994140625,7.776990966796874,8.5715576171875,1.6552079916000366,0.7236521244049072
5.5293774414062495,6.703309326171874,8.3830322265625,1.6943004131317139,0.7037725448608398
0.22218994140625,6.703309326171874,8.3830322265625,0.2643319070339203,0.3546547591686249
5.5293774414062495,2.7794909667968746,8.3830322265625,1.252400279045105,0.5016959309577942
5.5293774414062495,6.703309326171874,3.6215576171875004,1.3784717321395874,0.5603078603744507
0.22218994140625,2.7794909667968746,3.6215576171875004,0.2484723925590515,0.1732025146484375
8.02687744140625,4.204559326171875,0.9580322265625,0.6957027912139893,0.1805991232395172
7.71468994140625,4.204559326171875,0.9580322265625,0.6505475044250488,0.17338934540748596
8.02687744140625,0.280740966796875,0.9580322265625,0.2515999972820282,0.017245816066861153
8.02687744140625,4.204559326171875,1.1465576171875,0.8215336203575134,0.21918247640132904
7.71468994140625,0.280740966796875,1.1465576171875,0.2526792585849762,0.01798876002430916
3.03187744140625,9.202059326171875,5.9080322265625,0.9412016868591309,0.6200445294380188
2.7196899414062496,9.202059326171875,5.9080322265625,0.8492593169212341,0.6025035977363586
3.03187744140625,5.278240966796875,5.9080322265625,0.7652589082717896,0.484557181596756
3.03187744140625,9.202059326171875,6.0965576171875,0.9481847286224365,0.6252578496932983
2.7196899414062496,5.278240966796875,6.0965576171875,0.6923009753227234,0.46972838044166565
4.28062744140625,2.955184326171875,9.6205322265625,0.9862247705459595,0.48111671209335327
3.96843994140625,2.955184326171875,9.6205322265625,0.9032014608383179,0.4640272259712219
4.28062744140625,6.5276159667968745,9.6205322265625,1.3201618194580078,0.6732052564620972
4.28062744140625,2.955184326171875,9.8090576171875,0.9912334084510803,0.48394179344177246
3.96843994140625,6.5276159667968745,9.8090576171875,1.227180004119873,0.6632086038589478
9.27562744140625,7.952684326171874,4.6705322265625,2.7592825889587402,0.7319643497467041
8.96343994140625,7.952684326171874,4.6705322265625,2.6583549976348877,0.7268757820129395
9.27562744140625,1.5301159667968747,4.6705322265625,1.3494518995285034,0.3341330289840698
9.27562744140625,7.952684326171874,4.8590576171875,2.779270648956299,0.7377412915229797
8.96343994140625,1.5301159667968747,4.8590576171875,1.3114845752716064,0.3345048129558563
6.77812744140625,0.45643432617187496,7.1455322265625,0.3014087378978729,0.048744190484285355
1.47093994140625,0.45643432617187496,7.1455322265625,0.2534302771091461,0.04316377639770508
6.77812744140625,4.028865966796874,7.1455322265625,1.7814000844955444,0.6145364046096802
6.77812744140625,0.45643432617187496,2.3840576171875,0.2635352909564972,0.03243017941713333
1.47093994140625,4.028865966796874,2.3840576171875,0.2825726866722107,0.19109061360359192
1.7831274414062501,5.453934326171875,2.1955322265625004,0.3136151432991028,0.22224776446819305
6.4659399414062495,5.453934326171875,2.1955322265625004,1.1925227642059326,0.41188251972198486
1.7831274414062501,9.026365966796876,2.1955322265625004,0.39059343934059143,0.32065582275390625
1.7831274414062501,5.453934326171875,7.3340576171875,0.504330039024353,0.4348470866680145
6.4659399414062495,9.026365966796876,7.3340576171875,2.076418876647949,0.7599329948425293
2.40750244140625,4.829246826171874,6.5267822265625,0.6012744903564453,0.43420127034187317
9.58781494140625,4.829246826171874,6.5267822265625,2.731219530105591,0.7014374136924744
2.40750244140625,3.4041784667968744,6.5267822265625,0.49131298065185547,0.3302478790283203
2.40750244140625,4.829246826171874,5.4778076171875,0.5614064931869507,0.3991374671459198
9.58781494140625,3.4041784667968744,5.4778076171875,2.3703513145446777,0.6014646291732788
7.40250244140625,9.826746826171876,1.5767822265625002,1.5724456310272217,0.4931298792362213
4.59281494140625,9.826746826171876,1.5767822265625002,0.8836921453475952,0.4037169814109802
7.40250244140625,8.401678466796875,1.5767822265625002,1.4697571992874146,0.45757246017456055
7.40250244140625,9.826746826171876,0.5278076171875,0.8766758441925049,0.25552794337272644
4.59281494140625,8.401678466796875,0.5278076171875,0.40967264771461487,0.1597900390625
9.90000244140625,2.3304968261718746,9.0017822265625,2.42729115486145,0.5990940928459167
7.09031494140625,2.3304968261718746,9.0017822265625,1.6002933979034424,0.5230602025985718
9.90000244140625,5.902928466796874,9.0017822265625,3.080115556716919,0.7741244435310364
9.90000244140625,2.3304968261718746,3.0028076171875,1.5414698123931885,0.3634016513824463
7.09031494140625,5.902928466796874,3.0028076171875,1.6344786882400513,0.5355790257453918
4.90500244140625,7.327996826171875,4.0517822265625,1.2933173179626465,0.5826160311698914
2.09531494140625,7.327996826171875,4.0517822265625,0.5363407731056213,0.42540857195854187
4.90500244140625,0.9054284667968749,4.0517822265625,0.29553914070129395,0.07249914854764938
4.90500244140625,7.327996826171875,7.9528076171875,1.5162551403045654,0.6949579119682312
2.09531494140625,0.9054284667968749,7.9528076171875,0.2754538357257843,0.08683674037456512
3.65625244140625,1.081121826171875,0.3392822265625,0.2526862919330597,0.04763917252421379
0.84656494140625,1.081121826171875,0.3392822265625,0.24657531082630157,0.05865069478750229
3.65625244140625,2.1548034667968747,0.3392822265625,0.26159968972206116,0.07191357761621475
3.65625244140625,1.081121826171875,6.7153076171874995,0.32254233956336975,0.10834582149982452
0.84656494140625,2.1548034667968747,6.7153076171874995,0.26836133003234863,0.16610302031040192
8.65125244140625,6.078621826171874,5.2892822265624995,2.4713971614837646,0.6953003406524658
5.84156494140625,6.078621826171874,5.2892822265624995,1.5972989797592163,0.6266394257545471
8.65125244140625,7.152303466796874,5.2892822265624995,2.5633625984191895,0.7233397364616394
8.65125244140625,6.078621826171874,1.7653076171875002,1.6345082521438599,0.4423588514328003
5.84156494140625,7.152303466796874,1.7653076171875002,1.068611741065979,0.40095508098602295
6.15375244140625,3.5798718261718747,2.8142822265625003,0.9985994100570679,0.35241955518722534
3.3440649414062498,3.5798718261718747,2.8142822265625003,0.4377182722091675,0.22273492813110352
6.15375244140625,9.651053466796874,2.8142822265625003,1.6094509363174438,0.6023891568183899
6.15375244140625,3.5798718261718747,4.2403076171875,1.264469861984253,0.45979052782058716
3.3440649414062498,9.651053466796874,4.2403076171875,0.9613217711448669,0.5854505300521851
1.15875244140625,8.577371826171875,7.7642822265625,0.4461478292942047,0.5009510517120361
8.33906494140625,8.577371826171875,7.7642822265625,2.6904501914978027,0.7899174094200134
1.15875244140625,4.6535534667968745,7.7642822265625,0.35524529218673706,0.338559627532959
1.15875244140625,8.577371826171875,9.1903076171875,0.4631272852420807,0.5258361101150513
8.33906494140625,4.6535534667968745,9.1903076171875,2.4461591243743896,0.7130782008171082
0.84656494140625,3.2675280761718746,1.8861572265625002,0.25768914818763733,0.16559998691082
1.7831274414062501,3.2675280761718746,1.8861572265625002,0.27572304010391235,0.1534237265586853
0.84656494140625,5.590584716796874,1.8861572265625002,0.2666153311729431,0.22649776935577393
0.84656494140625,3.2675280761718746,1.4559326171875002,0.2554912269115448,0.15726050734519958
1.7831274414062501,5.590584716796874,1.4559326171875002,0.2905602753162384,0.19210685789585114
5.84156494140625,8.265028076171875,6.8361572265624995,1.8202182054519653,0.7237169742584229
6.77812744140625,8.265028076171875,6.8361572265624995,2.123264789581299,0.7447948455810547
5.84156494140625,0.5930847167968749,6.8361572265624995,0.309578001499176,0.06238587945699692
5.84156494140625,8.265028076171875,6.4059326171875,1.8013360500335693,0.7154690623283386
6.77812744140625,0.5930847167968749,6.4059326171875,0.3245185613632202,0.06336695700883865
8.33906494140625,0.768778076171875,4.3611572265625,0.3785127103328705,0.07630105316638947
4.28062744140625,0.768778076171875,4.3611572265625,0.2805790603160858,0.06379424035549164
8.33906494140625,3.0918347167968747,4.3611572265625,1.763412356376648,0.4982024133205414
8.33906494140625,0.768778076171875,8.8809326171875,0.8223981857299805,0.20788268744945526
4.28062744140625,3.0918347167968747,8.8809326171875,0.9872757792472839,0.4819469153881073
3.3440649414062498,5.766278076171875,9.3111572265625,0.9871198534965515,0.6001714468002319
9.27562744140625,5.766278076171875,9.3111572265625,2.872431516647339,0.7651218771934509
3.3440649414062498,8.089334716796875,9.3111572265625,1.0892244577407837,0.6729779243469238
3.3440649414062498,5.766278076171875,3.9309326171875,0.7534569501876831,0.4396781027317047
9.27562744140625,8.089334716796875,3.9309326171875,2.67130446434021,0.7066170573234558
4.59281494140625,2.018153076171875,5.5986572265625,0.656412661075592,0.27765023708343506
8.02687744140625,2.018153076171875,5.5986572265625,1.4753751754760742,0.42429107427597046
4.59281494140625,9.338709716796876,5.5986572265625,1.4105528593063354,0.6811903119087219
4.59281494140625,2.018153076171875,0.2184326171875,0.2617283761501312,0.06088435277342796
8.02687744140625,9.338709716796876,0.2184326171875,0.6435636281967163,0.16414104402065277
9.58781494140625,7.0156530761718745,0.6486572265625,1.111689805984497,0.2599376142024994
3.03187744140625,7.0156530761718745,0.6486572265625,0.30957654118537903,0.15074770152568817
9.58781494140625,4.341209716796874,0.6486572265625,0.6924476623535156,0.1508098542690277
9.58781494140625,7.0156530761718745,5.1684326171874995,2.8422367572784424,0.7318969964981079
3.03187744140625,4.341209716796874,5.1684326171874995,0.6563553810119629,0.4019661247730255
7.09031494140625,4.516903076171874,8.073657226562501,1.9893519878387451,0.6648207902908325
5.5293774414062495,4.516903076171874,8.073657226562501,1.5083167552947998,0.6186030507087708
7.09031494140625,1.8424597167968748,8.073657226562501,1.3633068799972534,0.4371941089630127
7.09031494140625,4.516903076171874,7.6434326171875,1.9693315029144287,0.6574739217758179
5.5293774414062495,1.8424597167968748,7.6434326171875,0.9422743320465088,0.36113694310188293
2.09531494140625,9.514403076171876,3.1236572265625,0.5416364073753357,0.4344085454940796
0.53437744140625,9.514403076171876,3.1236572265625,0.2783927619457245,0.34543636441230774
2.09531494140625,6.839959716796875,3.1236572265625,0.45844292640686035,0.3482326567173004
2.09531494140625,9.514403076171876,2.6934326171875003,0.5055087208747864,0.39913973212242126
0.53437744140625,6.839959716796875,2.6934326171875003,0.2655544877052307,0.28182876110076904
1.47093994140625,0.14409057617187498,8.6924072265625,0.24752497673034668,0.014525320380926132
3.65625244140625,0.14409057617187498,8.6924072265625,0.252492755651474,0.014774950221180916
1.47093994140625,1.2177722167968748,8.6924072265625,0.2742553949356079,0.11327868700027466
1.47093994140625,0.14409057617187498,4.5496826171875,0.24650678038597107,0.012988097965717316
3.65625244140625,1.2177722167968748,4.5496826171875,0.3025016188621521,0.09910232573747635
6.4659399414062495,5.1415905761718745,3.7424072265625004,1.5124969482421875,0.5363231301307678
8.65125244140625,5.1415905761718745,3.7424072265625004,2.147444248199463,0.5965302586555481
6.4659399414062495,6.215272216796874,3.7424072265625004,1.626518726348877,0.5813133716583252
6.4659399414062495,5.1415905761718745,9.4996826171875,1.909244179725647,0.693511962890625
8.65125244140625,6.215272216796874,9.4996826171875,2.709178924560547,0.7684386968612671
8.96343994140625,2.6428405761718747,6.2174072265625,2.050391435623169,0.5484957098960876
1.15875244140625,2.6428405761718747,6.2174072265625,0.28731992840766907,0.19633454084396362
8.96343994140625,8.714022216796875,6.2174072265625,2.8302485942840576,0.7779658436775208
8.96343994140625,2.6428405761718747,7.0246826171875,2.12430477142334,0.5702855587005615
1.15875244140625,8.714022216796875,7.0246826171875,0.43821945786476135,0.48972979187965393
3.96843994140625,7.640340576171874,1.2674072265625,0.5516954660415649,0.263762503862381
6.15375244140625,7.640340576171874,1.2674072265625,0.9677806496620178,0.3414843678474426
3.96843994140625,3.7165222167968746,1.2674072265625,0.3236584961414337,0.12716026604175568
3.96843994140625,7.640340576171874,2.0746826171875,0.759584367275238,0.3852219879627228
6.15375244140625,3.7165222167968746,2.0746826171875,0.8144564032554626,0.27915021777153015
2.7196899414062496,3.8922155761718744,4.9799072265625,0.5353538990020752,0.3395296633243561
7.40250244140625,3.8922155761718744,4.9799072265625,1.7663240432739258,0.5597129464149475
2.7196899414062496,4.965897216796875,4.9799072265625,0.6193910241127014,0.41041579842567444
2.7196899414062496,3.8922155761718744,3.3121826171875,0.42045924067497253,0.24860955774784088
7.40250244140625,4.965897216796875,3.3121826171875,1.6725445985794067,0.5270951390266418
7.71468994140625,8.889715576171875,9.9299072265625,2.5581367015838623,0.8060241937637329
2.40750244140625,8.889715576171875,9.9299072265625,0.8341443538665771,0.6495402455329895
7.71468994140625,9.963397216796874,9.9299072265625,2.598130702972412,0.8195262551307678
7.71468994140625,8.889715576171875,8.2621826171875,2.5142598152160645,0.7910993099212646
2.40750244140625,9.963397216796874,8.2621826171875,0.8341527581214905,0.6506580710411072
5.21718994140625,1.3934655761718748,2.5049072265625,0.3066107928752899,0.08403564989566803
9.90000244140625,1.3934655761718748,2.5049072265625,0.7296382784843445,0.15578900277614594
5.21718994140625,7.464647216796874,2.5049072265625,1.1495648622512817,0.4830731153488159
5.21718994140625,1.3934655761718748,5.7871826171875,0.5464248657226562,0.19496852159500122
9.90000244140625,7.464647216796874,5.7871826171875,3.0332717895507812,0.7609713077545166
0.22218994140625,6.390965576171874,7.4549072265625,0.26127031445503235,0.3364620506763458
4.90500244140625,6.390965576171874,7.4549072265625,1.4481927156448364,0.6602858304977417
0.22218994140625,2.467147216796875,7.4549072265625,0.25150763988494873,0.18111924827098846
0.22218994140625,6.390965576171874,0.8371826171875,0.24864277243614197,0.2359042465686798
4.90500244140625,2.467147216796875,0.8371826171875,0.28580552339553833,0.0812583640217781
0.30023681640625,0.378348388671875,1.9635009765625002,0.24560165405273438,0.028890563175082207
8.72929931640625,0.378348388671875,1.9635009765625002,0.2626294195652008,0.02564556710422039
0.30023681640625,2.7014050292968745,1.9635009765625002,0.24858318269252777,0.1534852236509323
0.30023681640625,0.378348388671875,2.7707763671875,0.2454519271850586,0.030388033017516136
8.72929931640625,2.7014050292968745,2.7707763671875,1.3406134843826294,0.35178864002227783
5.29523681640625,5.375848388671875,6.9135009765625,1.471269965171814,0.6263840794563293
3.7342993164062497,5.375848388671875,6.9135009765625,1.0082086324691772,0.5593026876449585
5.29523681640625,7.698905029296874,6.9135009765625,1.622211217880249,0.6982288956642151
5.29523681640625,5.375848388671875,7.7207763671875,1.5053210258483887,0.6425079703330994
3.7342993164062497,7.698905029296874,7.7207763671875,1.1602392196655273,0.6572339534759521
7.79273681640625,2.877098388671875,4.4385009765625,1.5654187202453613,0.46623483300209045
6.23179931640625,2.877098388671875,4.4385009765625,1.1574411392211914,0.4110269248485565
7.79273681640625,5.200155029296875,4.4385009765625,2.0104804039001465,0.6141438484191895
7.79273681640625,2.877098388671875,5.2457763671875,1.6804239749908447,0.5043006539344788
6.23179931640625,5.200155029296875,5.2457763671875,1.629281997680664,0.6028508543968201
2.7977368164062497,7.874598388671874,9.3885009765625,0.9152002930641174,0.6402170658111572
1.23679931640625,7.874598388671874,9.3885009765625,0.4721328914165497,0.5159115791320801
2.7977368164062497,0.20265502929687498,9.3885009765625,0.2535535395145416,0.020940108224749565
2.7977368164062497,7.874598388671874,0.2957763671875,0.28863614797592163,0.13960207998752594
1.23679931640625,0.20265502929687498,0.2957763671875,0.24562011659145355,0.012862845323979855
4.04648681640625,4.126473388671875,5.6760009765624995,0.9213607311248779,0.4692634344100952
2.48554931640625,4.126473388671875,5.6760009765624995,0.5382764339447021,0.36696580052375793
4.04648681640625,1.4520300292968749,5.6760009765624995,0.39042413234710693,0.15075667202472687
4.04648681640625,4.126473388671875,4.0082763671875,0.7854559421539307,0.3901773989200592
2.48554931640625,1.4520300292968749,4.0082763671875,0.2805168628692627,0.10694774985313416
9.04148681640625,9.123973388671875,0.7260009765625,1.3017230033874512,0.329172819852829
7.4805493164062495,9.123973388671875,0.7260009765625,1.00455904006958,0.295707106590271
9.04148681640625,6.4495300292968745,0.7260009765625,1.0226020812988281,0.250602662563324
9.04148681640625,9.123973388671875,8.9582763671875,2.9903252124786377,0.8185913562774658
7.4805493164062495,6.4495300292968745,8.9582763671875,2.3251826763153076,0.7487823963165283
6.54398681640625,1.6277233886718747,8.1510009765625,1.123267650604248,0.3783811032772064
4.98304931640625,1.6277233886718747,8.1510009765625,0.7552549839019775,0.30427902936935425
6.54398681640625,8.948280029296875,8.1510009765625,2.125201463699341,0.7706900835037231
6.54398681640625,1.6277233886718747,6.4832763671875,1.0054928064346313,0.3332746624946594
4.98304931640625,8.948280029296875,6.4832763671875,1.5602916479110718,0.7072567939758301
1.5489868164062501,6.625223388671874,3.2010009765625003,0.36047685146331787,0.307883083820343
9.97804931640625,6.625223388671874,3.2010009765625003,2.6133739948272705,0.6423793435096741
1.5489868164062501,3.9507800292968747,3.2010009765625003,0.2994571626186371,0.21058456599712372
1.5489868164062501,6.625223388671874,1.5332763671875,0.29362863302230835,0.21861888468265533
9.97804931640625,3.9507800292968747,1.5332763671875,1.3996793031692505,0.323851078748703
2.17336181640625,3.5017858886718747,7.5322509765625,0.480212926864624,0.34519296884536743
6.85617431640625,3.5017858886718747,7.5322509765625,1.7392923831939697,0.5921218395233154
2.17336181640625,8.323592529296874,7.5322509765625,0.7101716995239258,0.5820664167404175
2.17336181640625,3.5017858886718747,0.9145263671875,0.2695232331752777,0.12777504324913025
6.85617431640625,8.323592529296874,0.9145263671875,0.9626206755638123,0.3063541054725647
7.16836181640625,8.499285888671874,2.5822509765625004,1.7815892696380615,0.5829148888587952
1.86117431640625,8.499285888671874,2.5822509765625004,0.42252418398857117,0.3445757329463959
7.16836181640625,3.326092529296875,2.5822509765625004,1.108544111251831,0.3435704708099365
7.16836181640625,8.499285888671874,5.8645263671875,2.210336923599243,0.7378009557723999
1.86117431640625,3.326092529296875,5.8645263671875,0.369357705116272,0.26245173811912537
9.66586181640625,1.0030358886718749,5.0572509765625,0.9904866814613342,0.22618108987808228
9.35367431640625,1.0030358886718749,5.0572509765625,0.9274214506149292,0.21635383367538452
9.66586181640625,0.8273425292968749,5.0572509765625,0.7395849227905273,0.16045433282852173
9.66586181640625,1.0030358886718749,8.3395263671875,1.4012997150421143,0.33508023619651794
9.35367431640625,0.8273425292968749,8.3395263671875,1.0844089984893799,0.2584201693534851
4.67086181640625,6.000535888671874,0.1072509765625,0.2915678918361664,0.09208256751298904
4.35867431640625,6.000535888671874,0.1072509765625,0.28758251667022705,0.0948343351483345
4.67086181640625,5.824842529296874,0.1072509765625,0.2895926833152771,0.09075967222452164
4.67086181640625,6.000535888671874,3.3895263671875,1.052419662475586,0.482843816280365
4.35867431640625,5.824842529296874,3.3895263671875,0.9565204977989197,0.46073052287101746
3.42211181640625,2.2524108886718746,3.8197509765625,0.37446844577789307,0.16994763910770416
3.10992431640625,2.2524108886718746,3.8197509765625,0.34648075699806213,0.1614781618118286
3.42211181640625,7.074217529296875,3.8197509765625,0.8414491415023804,0.49165764451026917
3.42211181640625,2.2524108886718746,2.1520263671875,0.29867032170295715,0.11625338345766068
3.10992431640625,7.074217529296875,2.1520263671875,0.560696005821228,0.33019763231277466
8.41711181640625,7.249910888671875,8.7697509765625,2.680182456970215,0.7797720432281494
8.10492431640625,7.249910888671875,8.7697509765625,2.576417922973633,0.7748954892158508
8.41711181640625,2.0767175292968747,8.7697509765625,1.874265193939209,0.5286573767662048
8.41711181640625,7.249910888671875,7.1020263671874995,2.6143150329589844,0.7589806318283081
8.10492431640625,2.0767175292968747,7.1020263671874995,1.673538327217102,0.48362997174263
5.91961181640625,4.751160888671874,1.3447509765625,0.6616025567054749,0.2274252474308014
0.6124243164062501,4.751160888671874,1.3447509765625,0.25543737411499023,0.20014840364456177
5.91961181640625,4.5754675292968745,1.3447509765625,0.6376013159751892,0.217632457613945
5.91961181640625,4.751160888671874,9.5770263671875,1.7021682262420654,0.663913369178772
0.6124243164062501,4.5754675292968745,9.5770263671875,0.29416775703430176,0.31284603476524353
0.92461181640625,9.748660888671875,6.2947509765625,0.3872460424900055,0.473215788602829
5.60742431640625,9.748660888671875,6.2947509765625,1.782312273979187,0.7345938086509705
0.92461181640625,9.572967529296875,6.2947509765625,0.3852863609790802,0.46904614567756653
0.92461181640625,9.748660888671875,4.6270263671875,0.3563021421432495,0.42057597637176514
5.60742431640625,9.572967529296875,4.6270263671875,1.674304723739624,0.6859017014503479
1.23679931640625,4.438817138671874,2.8916259765625,0.28559839725494385,0.21861900389194489
4.67086181640625,4.438817138671874,2.8916259765625,0.8136006593704224,0.35885894298553467
1.23679931640625,0.514998779296875,2.8916259765625,0.24866023659706116,0.04041580110788345
1.23679931640625,4.438817138671874,7.4114013671875,0.35629352927207947,0.32645556330680847
4.67086181640625,0.514998779296875,7.4114013671875,0.2844089865684509,0.05260535329580307
6.23179931640625,9.436317138671875,7.8416259765625,2.0326287746429443,0.768625020980835
9.66586181640625,9.436317138671875,7.8416259765625,3.1771724224090576,0.8187912702560425
6.23179931640625,5.512498779296874,7.8416259765625,1.8132476806640625,0.6783512830734253
6.23179931640625,9.436317138671875,2.4614013671875004,1.5405523777008057,0.5673838257789612
9.66586181640625,5.512498779296874,2.4614013671875004,2.1396002769470215,0.5331494808197021
8.72929931640625,1.9400671386718746,0.4166259765625,0.28666770458221436,0.049131881445646286
2.17336181640625,1.9400671386718746,0.4166259765625,0.25359028577804565,0.08011408150196075
8.72929931640625,8.011248779296874,0.4166259765625,0.8364941477775574,0.2058195322751999
8.72929931640625,1.9400671386718746,4.9364013671875,1.5234769582748413,0.4055563807487488
2.17336181640625,8.011248779296874,4.9364013671875,0.6223794221878052,0.49739792943000793
3.7342993164062497,6.9375671386718745,5.3666259765625,1.032315969467163,0.5758369565010071
7.16836181640625,6.9375671386718745,5.3666259765625,2.0814197063446045,0.6909887194633484
3.7342993164062497,3.0137487792968747,5.3666259765625,0.6743810176849365,0.3461717963218689
3.7342993164062497,6.9375671386718745,9.8864013671875,1.175307273864746,0.6664040088653564
7.16836181640625,3.0137487792968747,9.8864013671875,1.839192271232605,0.6038363575935364
4.98304931640625,0.690692138671875,9.0791259765625,0.33339372277259827,0.08353836089372635
5.91961181640625,0.690692138671875,9.0791259765625,0.37738484144210815,0.09436027705669403
4.98304931640625,4.263123779296874,9.0791259765625,1.350147008895874,0.6013217568397522
4.98304931640625,0.690692138671875,6.1739013671875,0.3016197383403778,0.06788043677806854
5.91961181640625,4.263123779296874,6.1739013671875,1.4972834587097168,0.575876772403717
9.97804931640625,5.688192138671875,4.1291259765624995,2.6954150199890137,0.6644756197929382
0.92461181640625,5.688192138671875,4.1291259765624995,0.29746654629707336,0.288270503282547
9.97804931640625,9.260623779296875,4.1291259765624995,3.001307964324951,0.7462279796600342
9.97804931640625,5.688192138671875,1.2239013671875,1.531602144241333,0.3579097092151642
0.92461181640625,9.260623779296875,1.2239013671875,0.2747807502746582,0.25983425974845886
7.4805493164062495,3.1894421386718745,6.6041259765625,1.8014051914215088,0.5663935542106628
8.41711181640625,3.1894421386718745,6.6041259765625,2.079362630844116,0.5919376611709595
7.4805493164062495,6.761873779296875,6.6041259765625,2.250322103500366,0.7224485874176025
7.4805493164062495,3.1894421386718745,3.6989013671875,1.43442702293396,0.44006073474884033
8.41711181640625,6.761873779296875,3.6989013671875,2.255371332168579,0.6462271213531494
2.48554931640625,8.186942138671876,1.6541259765625,0.4177512526512146,0.27408137917518616
3.42211181640625,8.186942138671876,1.6541259765625,0.580485463142395,0.31891340017318726
2.48554931640625,1.7643737792968748,1.6541259765625,0.26470428705215454,0.09422321617603302
2.48554931640625,8.186942138671876,8.6489013671875,0.8191380500793457,0.619696855545044
3.42211181640625,1.7643737792968748,8.6489013671875,0.49832355976104736,0.24572253227233887
1.86117431640625,1.3153796386718748,7.2228759765624995,0.2824212312698364,0.11798253655433655
0.30023681640625,1.3153796386718748,7.2228759765624995,0.24943968653678894,0.10948968678712845
1.86117431640625,6.137186279296874,7.2228759765624995,0.5481799840927124,0.47202593088150024
1.86117431640625,1.3153796386718748,9.2676513671875,0.29329460859298706,0.12945973873138428
0.30023681640625,6.137186279296874,9.2676513671875,0.27116620540618896,0.34819871187210083
6.85617431640625,6.312879638671874,2.2728759765625,1.4155677556991577,0.47185197472572327
5.29523681640625,6.312879638671874,2.2728759765625,1.0225127935409546,0.41737011075019836
6.85617431640625,1.1396862792968747,2.2728759765625,0.30764806270599365,0.06684941798448563
6.85617431640625,6.312879638671874,4.3176513671875,1.8304976224899292,0.6262609958648682
5.29523681640625,1.1396862792968747,4.3176513671875,0.34646904468536377,0.0993809923529625
9.35367431640625,3.8141296386718744,9.6978759765625,2.6693570613861084,0.7015421390533447
2.7977368164062497,3.8141296386718744,9.6978759765625,0.702193021774292,0.4627794623374939
9.35367431640625,3.6384362792968745,9.6978759765625,2.638368844985962,0.6927641034126282
9.35367431640625,3.8141296386718744,1.8426513671875002,1.4196066856384277,0.350563645362854
2.7977368164062497,3.6384362792968745,1.8426513671875002,0.3105781674385071,0.15419480204582214
4.35867431640625,8.811629638671874,4.7478759765625,1.2663047313690186,0.6332027912139893
7.79273681640625,8.811629638671874,4.7478759765625,2.34324049949646,0.7256882190704346
4.35867431640625,8.635936279296875,4.7478759765625,1.2593989372253418,0.6292790770530701
4.35867431640625,8.811629638671874,6.7926513671875,1.3692593574523926,0.6905803680419922
7.79273681640625,8.635936279296875,6.7926513671875,2.4713633060455322,0.7690296769142151
3.10992431640625,2.5647546386718747,1.0353759765625001,0.27364280819892883,0.10100644826889038
9.04148681640625,2.5647546386718747,1.0353759765625001,0.46873050928115845,0.10030903667211533
3.10992431640625,9.885311279296875,1.0353759765625001,0.44554007053375244,0.25011691451072693
3.10992431640625,2.5647546386718747,8.0301513671875,0.5832465291023254,0.33345189690589905
9.04148681640625,9.885311279296875,8.0301513671875,2.9921822547912598,0.8190691471099854
8.10492431640625,7.562254638671874,5.9853759765625,2.4682157039642334,0.7395243644714355
4.04648681640625,7.562254638671874,5.9853759765625,1.1872940063476562,0.6288295984268188
8.10492431640625,4.887811279296875,5.9853759765625,2.2282793521881104,0.6618558764457703
8.10492431640625,7.562254638671874,3.0801513671875003,2.108380079269409,0.6227704882621765
4.04648681640625,4.887811279296875,3.0801513671875003,0.7514431476593018,0.371673583984375
5.60742431640625,0.06600463867187499,3.5103759765625,0.2476719468832016,0.0057648662477731705
6.54398681640625,0.06600463867187499,3.5103759765625,0.24759075045585632,0.00573655916377902
5.60742431640625,2.389061279296875,3.5103759765625,0.7335665822029114,0.2675178647041321
5.60742431640625,0.06600463867187499,0.6051513671875,0.24559319019317627,0.004455678630620241
6.54398681640625,2.389061279296875,0.6051513671875,0.29057782888412476,0.0662594884634018
0.6124243164062501,5.0635046386718745,8.4603759765625,0.295189768075943,0.324057012796402
1.5489868164062501,5.0635046386718745,8.4603759765625,0.454324334859848,0.41359472274780273
0.6124243164062501,7.386561279296874,8.4603759765625,0.3201102912425995,0.4110564887523651
0.6124243164062501,5.0635046386718745,5.5551513671874995,0.2792787253856659,0.2861999273300171
1.5489868164062501,7.386561279296874,5.5551513671874995,0.4712473750114441,0.44562703371047974
0.45633056640625,3.0332702636718745,5.2119384765625,0.258433997631073,0.19875162839889526
3.2660180664062497,3.0332702636718745,5.2119384765625,0.5653650164604187,0.3113638162612915
0.45633056640625,3.7946081542968746,5.2119384765625,0.26135802268981934,0.23104245960712433
0.45633056640625,3.0332702636718745,6.6379638671875,0.26128843426704407,0.20927685499191284
3.2660180664062497,3.7946081542968746,6.6379638671875,0.7323601841926575,0.4295967221260071
5.4513305664062495,8.030770263671876,0.2619384765625,0.3625984489917755,0.11601077765226364
8.26101806640625,8.030770263671876,0.2619384765625,0.618640661239624,0.15233144164085388
5.4513305664062495,8.792108154296875,0.2619384765625,0.38664790987968445,0.12654834985733032
5.4513305664062495,8.030770263671876,1.6879638671875001,1.0165557861328125,0.40431588888168335
8.26101806640625,8.792108154296875,1.6879638671875001,1.7775354385375977,0.5075276494026184
7.94883056640625,0.534520263671875,7.6869384765625,0.36442458629608154,0.06866037100553513
0.76851806640625,0.534520263671875,7.6869384765625,0.25039511919021606,0.05026508495211601
7.94883056640625,6.293358154296874,7.6869384765625,2.42018985748291,0.7378045916557312
7.94883056640625,0.534520263671875,4.1629638671875,0.2945865988731384,0.04545655474066734
0.76851806640625,6.293358154296874,4.1629638671875,0.2903949022293091,0.30356451869010925
2.95383056640625,5.532020263671875,2.7369384765625,0.5246037244796753,0.31506118178367615
5.76351806640625,5.532020263671875,2.7369384765625,1.174463152885437,0.45078974962234497
2.95383056640625,1.2958581542968748,2.7369384765625,0.2716861963272095,0.08536487817764282
2.95383056640625,5.532020263671875,9.1129638671875,0.8561139702796936,0.5644673109054565
5.76351806640625,1.2958581542968748,9.1129638671875,0.8042762875556946,0.2867773473262787
4.20258056640625,1.7838952636718748,1.4994384765625002,0.2805847227573395,0.08352063596248627
7.01226806640625,1.7838952636718748,1.4994384765625002,0.3255108892917633,0.07635113596916199
4.20258056640625,0.046483154296874996,1.4994384765625002,0.24578410387039185,0.0035663186572492123
4.20258056640625,1.7838952636718748,5.4004638671875,0.49437233805656433,0.20793426036834717
7.01226806640625,0.046483154296874996,5.4004638671875,0.2475910186767578,0.00437873974442482
9.19758056640625,6.781395263671874,6.4494384765624995,2.7992935180664062,0.7499099969863892
2.01726806640625,6.781395263671874,6.4494384765624995,0.5932153463363647,0.49314776062965393
9.19758056640625,5.043983154296875,6.4494384765624995,2.6283528804779053,0.7006713151931763
9.19758056640625,6.781395263671874,0.4504638671875,0.8126018047332764,0.18903356790542603
2.01726806640625,5.043983154296875,0.4504638671875,0.2676118314266205,0.13738487660884857
6.70008056640625,4.282645263671874,3.9744384765625003,1.4954874515533447,0.5120044350624084
9.50976806640625,4.282645263671874,3.9744384765625003,2.3046622276306152,0.5876309871673584
6.70008056640625,7.542733154296874,3.9744384765625003,1.8353619575500488,0.6420249938964844
6.70008056640625,4.282645263671874,2.9254638671875,1.2884870767593384,0.4338657557964325
9.50976806640625,7.542733154296874,2.9254638671875,2.4913105964660645,0.6392803192138672
1.70508056640625,9.280145263671875,8.9244384765625,0.6222358345985413,0.5947177410125732
4.5147680664062495,9.280145263671875,8.9244384765625,1.4930486679077148,0.7365371584892273
1.70508056640625,2.545233154296875,8.9244384765625,0.3512110710144043,0.2415262907743454
1.70508056640625,9.280145263671875,7.8754638671875,0.6061084866523743,0.5764381289482117
4.5147680664062495,2.545233154296875,7.8754638671875,0.9082987904548645,0.4165460169315338
2.3294555664062497,1.1592077636718747,4.5931884765625,0.2725667953491211,0.09194008260965347
1.39289306640625,1.1592077636718747,4.5931884765625,0.2595381438732147,0.09113995730876923
2.3294555664062497,9.416795654296875,4.5931884765625,0.6893855333328247,0.5347372889518738
2.3294555664062497,1.1592077636718747,9.7317138671875,0.3042393922805786,0.12184502929449081
1.39289306640625,9.416795654296875,9.7317138671875,0.5451581478118896,0.5801708102226257
7.32445556640625,6.156707763671874,9.5431884765625,2.271226644515991,0.7447577118873596
6.38789306640625,6.156707763671874,9.5431884765625,1.9672921895980835,0.7247868776321411
7.32445556640625,4.419295654296874,9.5431884765625,2.106436014175415,0.6862574815750122
7.32445556640625,6.156707763671874,4.7817138671874995,2.012291431427002,0.6523697972297668
6.38789306640625,4.419295654296874,4.7817138671874995,1.5343962907791138,0.5510417819023132
9.82195556640625,3.6579577636718748,2.1181884765625,1.6336536407470703,0.3903871774673462
3.89039306640625,3.6579577636718748,2.1181884765625,0.4246683418750763,0.18979047238826752
9.82195556640625,1.9205456542968748,2.1181884765625,0.9175339937210083,0.20459745824337006
9.82195556640625,3.6579577636718748,2.3067138671875003,1.7256536483764648,0.414691686630249
3.89039306640625,1.9205456542968748,2.3067138671875003,0.30160075426101685,0.1056806668639183
4.82695556640625,8.655457763671874,7.0681884765625,1.5212105512619019,0.7078797221183777
8.88539306640625,8.655457763671874,7.0681884765625,2.8472001552581787,0.7897002100944519
4.82695556640625,6.918045654296875,7.0681884765625,1.440234661102295,0.6660091876983643
4.82695556640625,8.655457763671874,7.2567138671875,1.5273045301437378,0.7110304832458496
8.88539306640625,6.918045654296875,7.2567138671875,2.752204418182373,0.7614783048629761
3.57820556640625,4.907332763671874,8.3056884765625,0.9742562770843506,0.5573467016220093
7.63664306640625,4.907332763671874,8.3056884765625,2.2173500061035156,0.697276771068573
3.57820556640625,5.668670654296874,8.3056884765625,1.0273653268814087,0.5929637551307678
3.57820556640625,4.907332763671874,8.4942138671875,0.9802773594856262,0.5612168908119202
7.63664306640625,5.668670654296874,8.4942138671875,2.299393653869629,0.7253503203392029
8.57320556640625,9.904832763671875,3.3556884765625004,2.4663288593292236,0.699526846408844
2.64164306640625,9.904832763671875,3.3556884765625004,0.7053396701812744,0.4983961284160614
8.57320556640625,0.671170654296875,3.3556884765625004,0.308563768863678,0.051396891474723816
8.57320556640625,9.904832763671875,3.5442138671875,2.4984796047210693,0.7094563245773315
2.64164306640625,0.671170654296875,3.5442138671875,0.2586176097393036,0.05297994613647461
6.07570556640625,2.4085827636718746,5.8306884765625,1.1424403190612793,0.4142361879348755
5.13914306640625,2.4085827636718746,5.8306884765625,0.9095275402069092,0.37166738510131836
6.07570556640625,3.1699206542968748,5.8306884765625,1.334315299987793,0.4939456582069397
6.07570556640625,2.4085827636718746,1.0692138671875,0.31262636184692383,0.08192949742078781
5.13914306640625,3.1699206542968748,1.0692138671875,0.32362601161003113,0.10171518474817276
1.08070556640625,7.406082763671875,0.8806884765625,0.26760298013687134,0.21356803178787231
0.14414306640625002,7.406082763671875,0.8806884765625,0.24754764139652252,0.2605316936969757
1.08070556640625,8.167420654296874,0.8806884765625,0.27060920000076294,0.22378025949001312
1.08070556640625,7.406082763671875,6.0192138671875,0.38022661209106445,0.41360828280448914
0.14414306640625002,8.167420654296874,6.0192138671875,0.2552212178707123,0.3637382984161377
0.76851806640625,2.096239013671875,9.8525634765625,0.2722814381122589,0.17756398022174835
9.82195556640625,2.096239013671875,9.8525634765625,2.3522162437438965,0.5836824178695679
0.76851806640625,1.6082019042968747,9.8525634765625,0.26540523767471313,0.1421886831521988
0.76851806640625,2.096239013671875,3.2348388671875004,0.2555430829524994,0.13635307550430298
9.82195556640625,1.6082019042968747,3.2348388671875004,1.1646422147750854,0.26800981163978577
5.76351806640625,7.0937390136718745,4.9025634765624995,1.6163517236709595,0.6430017948150635
4.82695556640625,7.0937390136718745,4.9025634765624995,1.3323111534118652,0.6108999252319336
5.76351806640625,6.6057019042968745,4.9025634765624995,1.5822895765304565,0.6280236840248108
5.76351806640625,7.0937390136718745,8.1848388671875,1.7851853370666504,0.7173243761062622
4.82695556640625,6.6057019042968745,8.1848388671875,1.4601824283599854,0.6761916875839233
8.26101806640625,4.594989013671874,7.3775634765625,2.333303928375244,0.6833969354629517
7.32445556640625,4.594989013671874,7.3775634765625,2.0384480953216553,0.6619523763656616
8.26101806640625,9.104451904296875,7.3775634765625,2.674142360687256,0.7918151021003723
8.26101806640625,4.594989013671874,5.7098388671875,2.214323043823242,0.6453097462654114
7.32445556640625,9.104451904296875,5.7098388671875,2.2812700271606445,0.7480162382125854
3.2660180664062497,9.592489013671875,2.4275634765625003,0.747602641582489,0.4481009244918823
2.3294555664062497,9.592489013671875,2.4275634765625003,0.53154456615448,0.3921683132648468
3.2660180664062497,4.106951904296874,2.4275634765625003,0.4285505414009094,0.22236128151416779
3.2660180664062497,9.592489013671875,0.7598388671875,0.388590008020401,0.20084230601787567
2.3294555664062497,4.106951904296874,0.7598388671875,0.2727166712284088,0.13052843511104584
4.5147680664062495,3.3456140136718746,3.6650634765625,0.7414071559906006,0.3303333818912506
1.08070556640625,3.3456140136718746,3.6650634765625,0.27554652094841003,0.19623616337776184
4.5147680664062495,2.8575769042968746,3.6650634765625,0.6515092253684998,0.28237059712409973
4.5147680664062495,3.3456140136718746,4.4723388671875,0.8355058431625366,0.3797636032104492
1.08070556640625,2.8575769042968746,4.4723388671875,0.27550044655799866,0.18614637851715088
9.50976806640625,8.343114013671876,8.6150634765625,3.1001181602478027,0.8103604912757874
6.07570556640625,8.343114013671876,8.6150634765625,1.9601962566375732,0.7565538883209229
9.50976806640625,7.855076904296874,8.6150634765625,3.0743772983551025,0.8031731843948364
9.50976806640625,8.343114013671876,9.4223388671875,3.12516713142395,0.8173770904541016
6.07570556640625,7.855076904296874,9.4223388671875,1.958270788192749,0.7557660937309265
7.01226806640625,0.8468640136718749,1.1900634765625002,0.26769232749938965,0.042510986328125
3.57820556640625,0.8468640136718749,1.1900634765625002,0.25562041997909546,0.048773471266031265
7.01226806640625,5.356326904296875,1.1900634765625002,0.8576010465621948,0.2624157965183258
7.01226806640625,0.8468640136718749,6.9473388671875,0.5364134907722473,0.14323921501636505
3.57820556640625,5.356326904296875,6.9473388671875,0.9642730355262756,0.5513156056404114
2.01726806640625,5.844364013671875,6.1400634765625,0.547290563583374,0.4439302980899811
8.57320556640625,5.844364013671875,6.1400634765625,2.494410514831543,0.7086796760559082
2.01726806640625,0.35882690429687497,6.1400634765625,0.2525339424610138,0.03328319266438484
2.01726806640625,5.844364013671875,1.9973388671875,0.32955223321914673,0.2240152508020401
8.57320556640625,0.35882690429687497,1.9973388671875,0.2606484889984131,0.02456154115498066
1.39289306640625,3.9703015136718744,0.5713134765625,0.25856813788414,0.13991527259349823
5.4513305664062495,3.9703015136718744,0.5713134765625,0.3107103407382965,0.09084858745336533
1.39289306640625,7.230389404296874,0.5713134765625,0.26868537068367004,0.18541041016578674
1.39289306640625,3.9703015136718744,0.14108886718750002,0.2536812424659729,0.12286244332790375
5.4513305664062495,7.230389404296874,0.14108886718750002,0.3206906020641327,0.0963842123746872
6.38789306640625,8.967801513671875,5.5213134765625,1.9603458642959595,0.72187739610672
0.45633056640625,8.967801513671875,5.5213134765625,0.28822046518325806,0.3901863992214203
6.38789306640625,2.2328894042968748,5.5213134765625,1.1344681978225708,0.3921066224575043
6.38789306640625,8.967801513671875,5.0910888671875,1.930342674255371,0.7098081111907959
0.45633056640625,2.2328894042968748,5.0910888671875,0.2543736398220062,0.15767425298690796
8.88539306640625,1.4715515136718749,3.0463134765625,0.8144636154174805,0.1962815821170807
7.94883056640625,1.4715515136718749,3.0463134765625,0.651665985584259,0.16765649616718292
8.88539306640625,4.731639404296875,3.0463134765625,1.9865105152130127,0.5337825417518616
8.88539306640625,1.4715515136718749,7.5660888671875,1.585397720336914,0.4169780910015106
7.94883056640625,4.731639404296875,7.5660888671875,2.261307954788208,0.6854661703109741
3.89039306640625,6.469051513671874,7.9963134765625,1.1583751440048218,0.632474422454834
2.95383056640625,6.469051513671874,7.9963134765625,0.879210889339447,0.5835270881652832
3.89039306640625,9.729139404296875,7.9963134765625,1.286220669746399,0.712308406829834
3.89039306640625,6.469051513671874,2.6160888671875,0.7715380191802979,0.39822807908058167
2.95383056640625,9.729139404296875,2.6160888671875,0.7025209665298462,0.4531262516975403
2.64164306640625,0.222176513671875,6.7588134765625,0.2515312135219574,0.02139563485980034
4.20258056640625,0.222176513671875,6.7588134765625,0.2565789222717285,0.021698370575904846
2.64164306640625,8.479764404296875,6.7588134765625,0.8321958184242249,0.6017682552337646
2.64164306640625,0.222176513671875,1.3785888671875002,0.2466520071029663,0.01602630503475666
4.20258056640625,8.479764404296875,1.3785888671875002,0.6726517677307129,0.31821611523628235
7.63664306640625,5.219676513671875,1.8088134765625001,1.2877814769744873,0.3830799162387848
9.19758056640625,5.219676513671875,1.8088134765625001,1.6615837812423706,0.42426133155822754
7.63664306640625,3.4822644042968744,1.8088134765625001,0.9525526762008667,0.27245622873306274
7.63664306640625,5.219676513671875,6.3285888671874995,2.1472859382629395,0.673075258731842
9.19758056640625,3.4822644042968744,6.3285888671874995,2.3594110012054443,0.6233482956886292
5.13914306640625,2.7209265136718748,9.2338134765625,1.1641842126846313,0.4937589466571808
1.70508056640625,2.7209265136718748,9.2338134765625,0.3663168251514435,0.2626020014286041
5.13914306640625,0.983514404296875,9.2338134765625,0.47844481468200684,0.15990135073661804
5.13914306640625,2.7209265136718748,8.8035888671875,1.1492139101028442,0.48652127385139465
1.70508056640625,0.983514404296875,8.8035888671875,0.2733338475227356,0.09486481547355652
0.14414306640625002,7.718426513671874,4.2838134765625,0.2523932456970215,0.3336098790168762
6.70008056640625,7.718426513671874,4.2838134765625,1.8853093385696411,0.6611798405647278
0.14414306640625002,5.981014404296874,4.2838134765625,0.2513163387775421,0.2923148274421692
0.14414306640625002,7.718426513671874,3.8535888671875003,0.2523075044155121,0.32870545983314514
6.70008056640625,5.981014404296874,3.8535888671875003,1.689391016960144,0.5860624313354492
0.10511962890625,2.2914538574218746,6.6427978515624995,0.24737004935741425,0.16686274111270905
2.2123852539062496,2.2914538574218746,6.6427978515624995,0.3543212413787842,0.20759759843349457
0.10511962890625,0.163612060546875,6.6427978515624995,0.24454043805599213,0.015582626685500145
0.10511962890625,2.2914538574218746,6.0578857421875,0.2474801391363144,0.16469387710094452
2.2123852539062496,0.163612060546875,6.0578857421875,0.24868951737880707,0.015514666214585304
5.10011962890625,7.288953857421874,1.6927978515625002,0.8865521550178528,0.3676919639110565
7.20738525390625,7.288953857421874,1.6927978515625002,1.3787403106689453,0.43719813227653503
5.10011962890625,5.161112060546874,1.6927978515625002,0.6956127882003784,0.2768198251724243
5.10011962890625,7.288953857421874,1.1078857421875001,0.6665136814117432,0.26401734352111816
7.20738525390625,5.161112060546874,1.1078857421875001,0.8175286650657654,0.24185577034950256
7.59761962890625,4.790203857421875,9.1177978515625,2.222205400466919,0.7024533152580261
4.70988525390625,4.790203857421875,9.1177978515625,1.3212826251983643,0.6179299354553223
7.59761962890625,7.659862060546875,9.1177978515625,2.4423930644989014,0.7780395150184631
7.59761962890625,4.790203857421875,3.5828857421875,1.757630705833435,0.5429665446281433
4.70988525390625,7.659862060546875,3.5828857421875,1.2034192085266113,0.5578775405883789
2.60261962890625,9.787703857421874,4.1677978515625,0.7503082752227783,0.541703999042511
9.70488525390625,9.787703857421874,4.1677978515625,2.9472365379333496,0.7518813610076904
2.60261962890625,2.6623620605468745,4.1677978515625,0.35254916548728943,0.19169330596923828
2.60261962890625,9.787703857421874,8.5328857421875,0.8942230343818665,0.6624433398246765
9.70488525390625,2.6623620605468745,8.5328857421875,2.456237316131592,0.618588924407959
3.85136962890625,3.5408288574218747,0.4552978515625,0.2766626477241516,0.09291936457157135
8.45613525390625,3.5408288574218747,0.4552978515625,0.3436836898326874,0.07126213610172272
3.85136962890625,3.9117370605468746,0.4552978515625,0.2806975543498993,0.09740951657295227
3.85136962890625,3.5408288574218747,7.2953857421874995,0.8802658915519714,0.46350300312042236
8.45613525390625,3.9117370605468746,7.2953857421874995,2.2872884273529053,0.653901219367981
8.84636962890625,8.538328857421876,5.4052978515625,2.7262117862701416,0.7566301226615906
3.46113525390625,8.538328857421876,5.4052978515625,1.0253936052322388,0.6109269261360168
8.84636962890625,8.909237060546875,5.4052978515625,2.7463035583496094,0.7626478672027588
8.84636962890625,8.538328857421876,2.3453857421875,2.198505401611328,0.5988789796829224
3.46113525390625,8.909237060546875,2.3453857421875,0.7545670866966248,0.4308914840221405
6.34886962890625,1.042078857421875,2.9302978515625,0.31058940291404724,0.07096289843320847
5.95863525390625,1.042078857421875,2.9302978515625,0.3035691976547241,0.07081495970487595
6.34886962890625,6.410487060546874,2.9302978515625,1.4635201692581177,0.5263926982879639
6.34886962890625,1.042078857421875,4.8203857421875,0.4215283691883087,0.11487650126218796
5.95863525390625,6.410487060546874,4.8203857421875,1.6193889379501343,0.6245964765548706
1.35386962890625,6.0395788574218745,7.8802978515625,0.43636375665664673,0.43185633420944214
0.96363525390625,6.0395788574218745,7.8802978515625,0.3572182059288025,0.38983893394470215
1.35386962890625,1.4129870605468748,7.8802978515625,0.274284690618515,0.12538249790668488
1.35386962890625,6.0395788574218745,9.7703857421875,0.46013739705085754,0.4635794162750244
0.96363525390625,1.4129870605468748,9.7703857421875,0.2683677077293396,0.1292451024055481
1.97824462890625,4.1655163574218745,3.5490478515625004,0.35040608048439026,0.24092206358909607
2.8367602539062498,4.1655163574218745,3.5490478515625004,0.48347070813179016,0.2900938093662262
1.97824462890625,5.785799560546875,3.5490478515625004,0.4224381148815155,0.3229387700557709
1.97824462890625,4.1655163574218745,7.9141357421875,0.4942648112773895,0.38777726888656616
2.8367602539062498,5.785799560546875,7.9141357421875,0.8103225231170654,0.5476242899894714
6.97324462890625,9.163016357421876,8.4990478515625,2.2862322330474854,0.7857204079627991
7.83176025390625,9.163016357421876,8.4990478515625,2.5721471309661865,0.7991780042648315
6.97324462890625,0.7882995605468749,8.4990478515625,0.5663433074951172,0.15341554582118988
6.97324462890625,9.163016357421876,2.9641357421875,1.855426549911499,0.6256573796272278
7.83176025390625,0.7882995605468749,2.9641357421875,0.3046407997608185,0.05545844882726669
9.47074462890625,1.6667663574218747,1.0740478515625,0.32572129368782043,0.05843188241124153
0.33926025390625003,1.6667663574218747,1.0740478515625,0.24656805396080017,0.09746714681386948
9.47074462890625,3.287049560546875,1.0740478515625,0.779589831829071,0.17558200657367706
9.47074462890625,1.6667663574218747,0.4891357421875,0.2867787480354309,0.045413900166749954
0.33926025390625003,3.287049560546875,0.4891357421875,0.2476067841053009,0.14683960378170013
4.4757446289062495,6.664266357421875,6.0240478515625,1.2713230848312378,0.6204098463058472
5.33426025390625,6.664266357421875,6.0240478515625,1.5334274768829346,0.6516217589378357
4.4757446289062495,8.284549560546875,6.0240478515625,1.3531979322433472,0.6655635237693787
4.4757446289062495,6.664266357421875,5.4391357421875,1.238282322883606,0.6024459600448608
5.33426025390625,8.284549560546875,5.4391357421875,1.5893665552139282,0.6781217455863953
3.2269946289062497,0.417391357421875,9.7365478515625,0.2683568298816681,0.0440276600420475
6.58301025390625,0.417391357421875,9.7365478515625,0.31038665771484375,0.050524257123470306
3.2269946289062497,9.533924560546875,9.7365478515625,1.102036476135254,0.7034317255020142
3.2269946289062497,0.417391357421875,9.1516357421875,0.26737651228904724,0.043359171599149704
6.58301025390625,9.533924560546875,9.1516357421875,2.187352180480957,0.7907040119171143
8.22199462890625,5.414891357421874,4.7865478515625,2.2123911380767822,0.6474784016609192
1.58801025390625,5.414891357421874,4.7865478515625,0.39331668615341187,0.336472749710083
8.22199462890625,4.536424560546875,4.7865478515625,2.093360662460327,0.6095991134643555
8.22199462890625,5.414891357421874,4.2016357421874995,2.133382797241211,0.6222447752952576
1.58801025390625,4.536424560546875,4.2016357421874995,0.3423502743244171,0.2687515616416931
5.72449462890625,2.916141357421875,7.2615478515625,1.2813448905944824,0.4986818730831146
9.08051025390625,2.916141357421875,7.2615478515625,2.259307622909546,0.6023073196411133
5.72449462890625,2.0376745605468747,7.2615478515625,1.039297342300415,0.39231401681900024
5.72449462890625,2.916141357421875,1.7266357421875,0.46562862396240234,0.1521320641040802
9.08051025390625,2.0376745605468747,1.7266357421875,0.6584981083869934,0.15030038356781006
0.72949462890625,7.9136413574218745,2.3115478515625,0.27651914954185486,0.28920209407806396
4.08551025390625,7.9136413574218745,2.3115478515625,0.8505767583847046,0.4280232787132263
0.72949462890625,7.035174560546874,2.3115478515625,0.2725163698196411,0.27203333377838135
0.72949462890625,7.9136413574218745,6.6766357421875,0.3311941921710968,0.4096009433269501
4.08551025390625,7.035174560546874,6.6766357421875,1.2034202814102173,0.6327589750289917
1.0416821289062501,2.6037976074218747,8.1896728515625,0.29128772020339966,0.20992019772529602
5.64644775390625,2.6037976074218747,8.1896728515625,1.235291600227356,0.4843924641609192
1.0416821289062501,2.9747058105468747,8.1896728515625,0.29931357502937317,0.23388004302978516
1.0416821289062501,2.6037976074218747,3.8922607421875,0.2675313353538513,0.16658706963062286
5.64644775390625,2.9747058105468747,3.8922607421875,0.9584494233131409,0.3634858727455139
6.03668212890625,7.601297607421874,3.2396728515625,1.531546950340271,0.5804300904273987
0.65144775390625,7.601297607421874,3.2396728515625,0.2804528772830963,0.31174856424331665
6.03668212890625,7.972205810546874,3.2396728515625,1.5564217567443848,0.5908860564231873
6.03668212890625,7.601297607421874,8.8422607421875,1.9192001819610596,0.7437611818313599
0.65144775390625,7.972205810546874,8.8422607421875,0.33510562777519226,0.43867382407188416
8.53418212890625,0.105047607421875,5.7146728515625,0.2547045350074768,0.010057725943624973
8.14394775390625,0.105047607421875,5.7146728515625,0.2537817060947418,0.01001663226634264
8.53418212890625,5.4734558105468745,5.7146728515625,2.4102795124053955,0.6857390403747559
8.53418212890625,0.105047607421875,6.3672607421875,0.25561535358428955,0.010303765535354614
8.14394775390625,5.4734558105468745,6.3672607421875,2.3362481594085693,0.6936362385749817
3.53918212890625,5.102547607421874,0.7646728515625,0.30658626556396484,0.12891805171966553
3.14894775390625,5.102547607421874,0.7646728515625,0.29663053154945374,0.1327345222234726
3.53918212890625,0.47595581054687497,0.7646728515625,0.24955126643180847,0.028632735833525658
3.53918212890625,5.102547607421874,1.4172607421875,0.3786427974700928,0.17849916219711304
3.14894775390625,0.47595581054687497,1.4172607421875,0.2506773769855499,0.03197094798088074
4.78793212890625,1.3544226074218748,4.4771728515625,0.37259072065353394,0.12333600223064423
4.39769775390625,1.3544226074218748,4.4771728515625,0.34557047486305237,0.11635897308588028
4.78793212890625,1.7253308105468748,4.4771728515625,0.49449002742767334,0.18684376776218414
4.78793212890625,1.3544226074218748,2.6547607421875004,0.2995966672897339,0.08461148291826248
4.39769775390625,1.7253308105468748,2.6547607421875004,0.3156539499759674,0.10406404733657837
9.78293212890625,6.351922607421875,9.4271728515625,3.093442678451538,0.7867452502250671
9.39269775390625,6.351922607421875,9.4271728515625,2.9631330966949463,0.7815254330635071
9.78293212890625,6.722830810546874,9.4271728515625,3.1211490631103516,0.7942626476287842
9.78293212890625,6.351922607421875,7.6047607421875,3.021156072616577,0.7668813467025757
9.39269775390625,6.722830810546874,7.6047607421875,2.9221537113189697,0.7697237133979797
7.28543212890625,3.8531726074218744,2.0021728515625,1.0485552549362183,0.31790870428085327
1.90019775390625,3.8531726074218744,2.0021728515625,0.2876715362071991,0.17122872173786163
7.28543212890625,9.221580810546875,2.0021728515625,1.6814682483673096,0.53885418176651
7.28543212890625,3.8531726074218744,5.1297607421875,1.7424007654190063,0.5598335862159729
1.90019775390625,9.221580810546875,5.1297607421875,0.591288149356842,0.5182952880859375
2.2904321289062497,8.850672607421876,6.9521728515625,0.7451967597007751,0.5924830436706543
6.89519775390625,8.850672607421876,6.9521728515625,2.1943018436431885,0.7595034837722778
2.2904321289062497,4.224080810546875,6.9521728515625,0.5453281998634338,0.3967851996421814
2.2904321289062497,8.850672607421876,0.1797607421875,0.27869218587875366,0.14962248504161835
6.89519775390625,4.224080810546875,0.1797607421875,0.30080533027648926,0.06910146772861481
1.66605712890625,0.729735107421875,1.3834228515625002,0.24969522655010223,0.048015303909778595
8.76832275390625,0.729735107421875,1.3834228515625002,0.27346786856651306,0.03795824944972992
1.66605712890625,8.596893310546875,1.3834228515625002,0.3126436471939087,0.24056826531887054
1.66605712890625,0.729735107421875,2.0360107421875,0.25058040022850037,0.05126955732703209
8.76832275390625,8.596893310546875,2.0360107421875,2.0614278316497803,0.5631754398345947
6.66105712890625,5.727235107421874,6.3334228515625,1.8923234939575195,0.6676098108291626
3.7733227539062497,5.727235107421874,6.3334228515625,1.0202234983444214,0.5621380805969238
6.66105712890625,3.5993933105468745,6.3334228515625,1.6233391761779785,0.5637664198875427
6.66105712890625,5.727235107421874,6.9860107421875,1.9282879829406738,0.6815791726112366
3.7733227539062497,3.5993933105468745,6.9860107421875,0.8542752265930176,0.4556705057621002
9.15855712890625,3.2284851074218746,3.8584228515625,1.9314261674880981,0.5026594400405884
6.27082275390625,3.2284851074218746,3.8584228515625,1.1634587049484253,0.4112965762615204
9.15855712890625,1.1006433105468747,3.8584228515625,0.7545470595359802,0.17386376857757568
9.15855712890625,3.2284851074218746,9.4610107421875,2.4833004474639893,0.6622732281684875
6.27082275390625,1.1006433105468747,9.4610107421875,0.7943927645683289,0.26084449887275696
4.16355712890625,8.225985107421875,8.8084228515625,1.3421998023986816,0.7032588124275208
1.27582275390625,8.225985107421875,8.8084228515625,0.4822964072227478,0.5219558477401733
4.16355712890625,6.098143310546875,8.8084228515625,1.2421921491622925,0.6443344950675964
4.16355712890625,8.225985107421875,4.5110107421875,1.1652729511260986,0.6008190512657166
1.27582275390625,6.098143310546875,4.5110107421875,0.353364497423172,0.3320687711238861
2.91480712890625,4.477860107421875,5.0959228515624995,0.6364003419876099,0.40006211400032043
0.027072753906250004,4.477860107421875,5.0959228515624995,0.24547356367111206,0.25228992104530334
2.91480712890625,7.347518310546874,5.0959228515624995,0.8052805066108704,0.5341073274612427
2.91480712890625,4.477860107421875,0.7985107421875,0.28659117221832275,0.12896376848220825
0.027072753906250004,7.347518310546874,0.7985107421875,0.24563433229923248,0.26490452885627747
7.90980712890625,9.475360107421874,0.1459228515625,0.5656251907348633,0.14258325099945068
5.02207275390625,9.475360107421874,0.1459228515625,0.34457293152809143,0.11620473861694336
7.90980712890625,2.350018310546875,0.1459228515625,0.277638703584671,0.04950061812996864
7.90980712890625,9.475360107421874,5.7485107421874995,2.491283893585205,0.7646240592002869
5.02207275390625,2.350018310546875,5.7485107421874995,0.8593570590019226,0.35505837202072144
5.41230712890625,1.9791101074218747,7.5709228515625,0.960304319858551,0.3767135739326477
2.52457275390625,1.9791101074218747,7.5709228515625,0.3753170073032379,0.20420551300048828
5.41230712890625,4.848768310546874,7.5709228515625,1.487238883972168,0.6212112903594971
5.41230712890625,1.9791101074218747,8.2235107421875,0.9933050870895386,0.39173999428749084
2.52457275390625,4.848768310546874,8.2235107421875,0.6781991124153137,0.4845711886882782
0.41730712890625,6.976610107421874,2.6209228515625003,0.2605508863925934,0.28593528270721436
7.51957275390625,6.976610107421874,2.6209228515625003,1.7685292959213257,0.5522847771644592
0.41730712890625,9.846268310546876,2.6209228515625003,0.26748669147491455,0.3391757607460022
0.41730712890625,6.976610107421874,3.2735107421875003,0.26340940594673157,0.2992766797542572
7.51957275390625,9.846268310546876,3.2735107421875003,2.11946702003479,0.673201322555542
0.57340087890625,4.946375732421875,1.2287353515625001,0.25458940863609314,0.20283354818820953
7.05129150390625,4.946375732421875,1.2287353515625001,0.8286287188529968,0.25083741545677185
0.57340087890625,1.2568151855468748,1.2287353515625001,0.2476605921983719,0.07806405425071716
0.57340087890625,4.946375732421875,4.6656982421875,0.27140700817108154,0.2686138451099396
7.05129150390625,1.2568151855468748,4.6656982421875,0.6694801449775696,0.19223129749298096
5.56840087890625,9.943875732421875,6.1787353515625,1.7712881565093994,0.7343570590019226
2.05629150390625,9.943875732421875,6.1787353515625,0.6843689680099487,0.5831149816513062
5.56840087890625,6.254315185546875,6.1787353515625,1.5863159894943237,0.6501687169075012
5.56840087890625,9.943875732421875,9.6156982421875,1.8731714487075806,0.7806316614151001
2.05629150390625,6.254315185546875,9.6156982421875,0.6471431255340576,0.5387031435966492
8.06590087890625,2.4476257324218746,3.7037353515625,1.3484618663787842,0.3820800483226776
9.54879150390625,2.4476257324218746,3.7037353515625,1.723535418510437,0.42588111758232117
8.06590087890625,8.753065185546875,3.7037353515625,2.2983129024505615,0.6873471140861511
8.06590087890625,2.4476257324218746,7.1406982421875,1.8074307441711426,0.5289496183395386
9.54879150390625,8.753065185546875,7.1406982421875,3.076153039932251,0.8003299236297607
3.07090087890625,7.445125732421874,8.6537353515625,0.9701653122901917,0.633526086807251
4.5537915039062495,7.445125732421874,8.6537353515625,1.430240511894226,0.6966015100479126
3.07090087890625,3.7555651855468746,8.6537353515625,0.7441792488098145,0.460239052772522
3.07090087890625,7.445125732421874,2.1906982421875,0.5776684880256653,0.3462623357772827
4.5537915039062495,3.7555651855468746,2.1906982421875,0.5555970072746277,0.2328876107931137
4.31965087890625,1.1982507324218747,7.4162353515624995,0.4114503264427185,0.1507088541984558
3.3050415039062497,1.1982507324218747,7.4162353515624995,0.33144599199295044,0.12458105385303497
4.31965087890625,2.506190185546875,7.4162353515624995,0.8302604556083679,0.38968682289123535
4.31965087890625,1.1982507324218747,3.4281982421875004,0.29756873846054077,0.08632811903953552
3.3050415039062497,2.506190185546875,3.4281982421875004,0.3674936294555664,0.171765998005867
9.31465087890625,6.195750732421875,2.4662353515625,2.1395933628082275,0.5528321862220764
8.30004150390625,6.195750732421875,2.4662353515625,1.8555195331573486,0.529281735420227
9.31465087890625,7.5036901855468745,2.4662353515625,2.2864222526550293,0.5942952036857605
9.31465087890625,6.195750732421875,8.3781982421875,2.8881418704986572,0.7663877606391907
8.30004150390625,7.5036901855468745,8.3781982421875,2.643188953399658,0.7785587906837463
6.81715087890625,3.6970007324218748,9.8912353515625,1.8584195375442505,0.6405333876609802
0.80754150390625,3.6970007324218748,9.8912353515625,0.303195983171463,0.28315305709838867
6.81715087890625,5.004940185546874,9.8912353515625,2.019352674484253,0.7015209197998047
6.81715087890625,3.6970007324218748,5.9031982421875,1.6523127555847168,0.5624454617500305
0.80754150390625,5.004940185546874,5.9031982421875,0.29729700088500977,0.29636478424072266
1.82215087890625,8.694500732421876,4.9412353515625,0.5514543652534485,0.4896916151046753
5.80254150390625,8.694500732421876,4.9412353515625,1.7212934494018555,0.6849089860916138
1.82215087890625,0.007440185546875,4.9412353515625,0.24462370574474335,0.0006926757632754743
1.82215087890625,8.694500732421876,0.9531982421875,0.300584077835083,0.21067121624946594
5.80254150390625,0.007440185546875,0.9531982421875,0.2447197288274765,0.0005441706161946058
2.44652587890625,1.8229382324218748,9.2724853515625,0.3752601444721222,0.2043609470129013
7.67566650390625,1.8229382324218748,9.2724853515625,1.5782560110092163,0.4776316285133362
2.44652587890625,6.879002685546874,9.2724853515625,0.7751588225364685,0.5866138339042664
2.44652587890625,1.8229382324218748,1.5719482421875002,0.2645761966705322,0.09549986571073532
7.67566650390625,6.879002685546874,1.5719482421875002,1.3924171924591064,0.4160664677619934
7.4415258789062495,6.820438232421874,4.3224853515624995,2.0533745288848877,0.6568719148635864
2.68066650390625,6.820438232421874,4.3224853515624995,0.6753602623939514,0.46444517374038696
7.4415258789062495,1.8815026855468748,4.3224853515624995,1.0753980875015259,0.3195998966693878
7.4415258789062495,6.820438232421874,6.5219482421874995,2.2372426986694336,0.7214721441268921
2.68066650390625,1.8815026855468748,6.5219482421874995,0.3564540147781372,0.1796279400587082
9.93902587890625,4.321688232421875,6.7974853515625,2.78825044631958,0.6926290392875671
5.17816650390625,4.321688232421875,6.7974853515625,1.3243310451507568,0.5682636499404907
9.93902587890625,4.380252685546875,6.7974853515625,2.7974283695220947,0.6950895190238953
9.93902587890625,4.321688232421875,8.9969482421875,2.9112026691436768,0.7259805798530579
5.17816650390625,4.380252685546875,8.9969482421875,1.418189287185669,0.6135143041610718
4.94402587890625,9.319188232421874,1.8474853515625,1.0235373973846436,0.44594889879226685
0.18316650390625,9.319188232421874,1.8474853515625,0.25154250860214233,0.3186526894569397
4.94402587890625,9.377752685546875,1.8474853515625,1.0266530513763428,0.44749221205711365
4.94402587890625,9.319188232421874,4.0469482421875,1.4074162244796753,0.6357612013816833
0.18316650390625,9.377752685546875,4.0469482421875,0.25631606578826904,0.36331242322921753
3.6952758789062496,3.0723132324218745,3.0849853515625,0.4625568091869354,0.2191116064786911
1.43191650390625,3.0723132324218745,3.0849853515625,0.27864110469818115,0.17448078095912933
3.6952758789062496,8.128377685546875,3.0849853515625,0.887391984462738,0.4902304708957672
3.6952758789062496,3.0723132324218745,0.3344482421875,0.26863810420036316,0.08498538285493851
1.43191650390625,8.128377685546875,0.3344482421875,0.266694575548172,0.17958377301692963
8.69027587890625,8.069813232421875,8.0349853515625,2.7921676635742188,0.7901424169540405
6.42691650390625,8.069813232421875,8.0349853515625,2.045152425765991,0.7517950534820557
8.69027587890625,3.1308776855468747,8.0349853515625,2.2453136444091797,0.6243796944618225
8.69027587890625,8.069813232421875,5.2844482421875,2.637525796890259,0.7427632808685303
6.42691650390625,3.1308776855468747,5.2844482421875,1.3704602718353271,0.4828874170780182
6.19277587890625,0.573563232421875,0.6099853515625,0.25352734327316284,0.02924530953168869
3.92941650390625,0.573563232421875,0.6099853515625,0.25046995282173157,0.03184043988585472
6.19277587890625,0.6321276855468749,0.6099853515625,0.2546645700931549,0.031388524919748306
6.19277587890625,0.573563232421875,7.7594482421875,0.3245130479335785,0.06577727198600769
3.92941650390625,0.6321276855468749,7.7594482421875,0.28840044140815735,0.06497851014137268
1.19777587890625,5.571063232421874,5.5599853515625,0.35227683186531067,0.3380031883716583
8.92441650390625,5.571063232421874,5.5599853515625,2.53045916557312,0.6922367811203003
1.19777587890625,5.6296276855468745,5.5599853515625,0.35350173711776733,0.34036192297935486
1.19777587890625,5.571063232421874,2.8094482421875,0.2945318818092346,0.24881988763809204
8.92441650390625,5.6296276855468745,2.8094482421875,2.068434238433838,0.5555031895637512
0.88558837890625,0.261219482421875,4.0131103515625,0.24658602476119995,0.02265586145222187
1.11972900390625,0.261219482421875,4.0131103515625,0.24658317863941193,0.0225643552839756
0.88558837890625,4.067908935546875,4.0131103515625,0.277410626411438,0.22984004020690918
0.88558837890625,0.261219482421875,5.5938232421875,0.24666433036327362,0.02391805313527584
1.11972900390625,4.067908935546875,5.5938232421875,0.30832624435424805,0.2631007134914398
5.88058837890625,5.258719482421874,8.9631103515625,1.719172477722168,0.6754083633422852
6.11472900390625,5.258719482421874,8.9631103515625,1.793210506439209,0.6821648478507996
5.88058837890625,9.065408935546875,8.9631103515625,1.93318510055542,0.7681936025619507
5.88058837890625,5.258719482421874,0.6438232421875,0.3956344723701477,0.12156093865633011
6.11472900390625,9.065408935546875,0.6438232421875,0.7075487375259399,0.23930729925632477
8.37808837890625,2.759969482421875,1.5381103515625,0.7427074313163757,0.18705913424491882
3.61722900390625,2.759969482421875,1.5381103515625,0.2986564636230469,0.11497604101896286
8.37808837890625,6.566658935546874,1.5381103515625,1.5056248903274536,0.41686227917671204
8.37808837890625,2.759969482421875,3.1188232421875,1.3895984888076782,0.38095319271087646
3.61722900390625,6.566658935546874,3.1188232421875,0.7863954305648804,0.43343856930732727
3.38308837890625,7.757469482421874,6.4881103515625,1.017295241355896,0.6168063879013062
8.61222900390625,7.757469482421874,6.4881103515625,2.677217960357666,0.7616255879402161
3.38308837890625,1.5691589355468747,6.4881103515625,0.37733638286590576,0.1638166606426239
3.38308837890625,7.757469482421874,8.0688232421875,1.0641577243804932,0.648934006690979
8.61222900390625,1.5691589355468747,8.0688232421875,1.6194267272949219,0.44001829624176025
4.63183837890625,4.0093444824218745,7.7256103515625,1.1711866855621338,0.5472851395606995
9.86097900390625,4.0093444824218745,7.7256103515625,2.772212028503418,0.6938625574111938
4.63183837890625,0.31978393554687495,7.7256103515625,0.26651474833488464,0.032396528869867325
4.63183837890625,4.0093444824218745,6.8313232421875,1.1322427988052368,0.5267183780670166
9.86097900390625,0.31978393554687495,6.8313232421875,0.30161595344543457,0.034514475613832474
9.62683837890625,9.006844482421876,2.7756103515625004,2.604326009750366,0.6627922058105469
4.86597900390625,9.006844482421876,2.7756103515625004,1.2004754543304443,0.5406812429428101
9.62683837890625,5.317283935546874,2.7756103515625004,2.211517095565796,0.5549272298812866
9.62683837890625,9.006844482421876,1.8813232421875001,2.2664968967437744,0.5700476765632629
4.86597900390625,5.317283935546874,1.8813232421875001,0.723454475402832,0.30253493785858154
7.12933837890625,1.5105944824218749,5.2506103515625,0.9405516982078552,0.2848852574825287
7.36347900390625,1.5105944824218749,5.2506103515625,0.9914582371711731,0.2937265634536743
7.12933837890625,7.816033935546875,5.2506103515625,2.11750864982605,0.7077368497848511
7.12933837890625,1.5105944824218749,4.3563232421875,0.8084762692451477,0.2390507459640503
7.36347900390625,7.816033935546875,4.3563232421875,2.106353521347046,0.6822419762611389
2.13433837890625,6.508094482421875,0.30061035156250004,0.2716933786869049,0.1429467350244522
2.3684790039062498,6.508094482421875,0.30061035156250004,0.2746483087539673,0.1375299096107483
2.13433837890625,2.8185339355468746,0.30061035156250004,0.25657135248184204,0.09667032957077026
2.13433837890625,6.508094482421875,9.3063232421875,0.6731408834457397,0.5502200722694397
2.3684790039062498,2.8185339355468746,9.3063232421875,0.4912537932395935,0.32893940806388855
1.50996337890625,3.3846569824218746,5.8693603515624995,0.3303411602973938,0.24723950028419495
4.24160400390625,3.3846569824218746,5.8693603515624995,0.8873046040534973,0.43006160855293274
1.50996337890625,9.690096435546875,5.8693603515624995,0.5212399363517761,0.5215255618095398
1.50996337890625,3.3846569824218746,8.6875732421875,0.37118059396743774,0.2986879050731659
4.24160400390625,9.690096435546875,8.6875732421875,1.4131313562393188,0.7327417731285095
6.5049633789062495,8.382156982421876,0.9193603515625,0.9034050703048706,0.29959553480148315
9.23660400390625,8.382156982421876,0.9193603515625,1.4545260667800903,0.36480721831321716
6.5049633789062495,4.692596435546874,0.9193603515625,0.5367200970649719,0.16205263137817383
6.5049633789062495,8.382156982421876,3.7375732421875,1.798464298248291,0.6456980109214783
9.23660400390625,4.692596435546874,3.7375732421875,2.2494759559631348,0.5887929201126099
9.00246337890625,0.8859069824218749,8.3443603515625,1.093449354171753,0.27070388197898865
1.74410400390625,0.8859069824218749,8.3443603515625,0.2693989872932434,0.08467244356870651
9.00246337890625,2.1938464355468748,8.3443603515625,2.0673720836639404,0.5515745878219604
9.00246337890625,0.8859069824218749,1.2625732421875002,0.279574990272522,0.04159384220838547
1.74410400390625,2.1938464355468748,1.2625732421875002,0.2585810720920563,0.10805182158946991
4.00746337890625,5.883406982421874,3.3943603515625003,0.8714662194252014,0.44601675868034363
6.73910400390625,5.883406982421874,3.3943603515625003,1.6144189834594727,0.5544164180755615
4.00746337890625,7.191346435546874,3.3943603515625003,0.9584572911262512,0.49821487069129944
4.00746337890625,5.883406982421874,6.2125732421875,1.09228515625,0.5765286684036255
6.73910400390625,7.191346435546874,6.2125732421875,2.0193135738372803,0.7089511752128601
2.7587133789062497,2.135281982421875,2.1568603515625,0.28159716725349426,0.1147962361574173
5.4903540039062495,2.135281982421875,2.1568603515625,0.3787011206150055,0.11891954392194748
2.7587133789062497,5.941971435546875,2.1568603515625,0.4385559856891632,0.2660369873046875
2.7587133789062497,2.135281982421875,9.9250732421875,0.48323607444763184,0.28121498227119446
5.4903540039062495,5.941971435546875,9.9250732421875,1.673198938369751,0.6986713409423828
7.75371337890625,7.132781982421874,7.1068603515625,2.389512538909912,0.7451334595680237
0.49535400390625,7.132781982421874,7.1068603515625,0.2922786772251129,0.3720454275608063
7.75371337890625,0.944471435546875,7.1068603515625,0.7993779182434082,0.21611018478870392
7.75371337890625,7.132781982421874,4.9750732421874995,2.2462985515594482,0.6965177655220032
0.49535400390625,0.944471435546875,4.9750732421874995,0.2485254555940628,0.0770164430141449
5.25621337890625,4.634031982421875,4.6318603515625,1.2263628244400024,0.5144525170326233
7.98785400390625,4.634031982421875,4.6318603515625,2.0183496475219727,0.6022671461105347
5.25621337890625,3.4432214355468744,4.6318603515625,1.053403615951538,0.4325891137123108
5.25621337890625,4.634031982421875,2.5000732421875003,0.8886340856552124,0.3573850095272064
7.98785400390625,3.4432214355468744,2.5000732421875003,1.3006960153579712,0.3706722557544708
0.26121337890625,9.631531982421874,9.5818603515625,0.2801530361175537,0.4419020712375641
2.99285400390625,9.631531982421874,9.5818603515625,1.029104232788086,0.6934043169021606
0.26121337890625,8.440721435546875,9.5818603515625,0.27611464262008667,0.4138326942920685
0.26121337890625,9.631531982421874,7.4500732421875,0.2742568850517273,0.4191691279411316
2.99285400390625,8.440721435546875,7.4500732421875,0.9532334804534912,0.6352358460426331
0.18316650390625,3.6189147949218747,4.8638916015625,0.25040674209594727,0.2195025533437729
9.31465087890625,3.6189147949218747,4.8638916015625,2.2584264278411865,0.5867705345153809
0.18316650390625,6.332401123046874,4.8638916015625,0.2542884349822998,0.3082190752029419
0.18316650390625,3.6189147949218747,9.0742919921875,0.2533233165740967,0.24418790638446808
9.31465087890625,6.332401123046874,9.0742919921875,2.9241509437561035,0.7767255306243896
5.17816650390625,8.616414794921875,9.8138916015625,1.7042524814605713,0.7524518966674805
4.31965087890625,8.616414794921875,9.8138916015625,1.4251799583435059,0.7276211977005005
5.17816650390625,1.3349011230468748,9.8138916015625,0.7282699942588806,0.27965620160102844
5.17816650390625,8.616414794921875,4.1242919921875,1.4535123109817505,0.6314780116081238
4.31965087890625,1.3349011230468748,4.1242919921875,0.32650917768478394,0.1065916195511818
7.67566650390625,1.1201647949218747,2.3888916015625004,0.32659074664115906,0.06812835484743118
6.81715087890625,1.1201647949218747,2.3888916015625004,0.30860868096351624,0.06745131313800812
7.67566650390625,3.8336511230468746,2.3888916015625004,1.280694603919983,0.37860575318336487
7.67566650390625,1.1201647949218747,1.6492919921875002,0.2944486737251282,0.05578247085213661
6.81715087890625,3.8336511230468746,1.6492919921875002,0.8026919960975647,0.24945130944252014
2.68066650390625,6.1176647949218745,7.3388916015625,0.7682768702507019,0.5390757918357849
1.82215087890625,6.1176647949218745,7.3388916015625,0.5401894450187683,0.47026848793029785
2.68066650390625,8.831151123046874,7.3388916015625,0.8692052364349365,0.625563383102417
2.68066650390625,6.1176647949218745,6.5992919921875,0.7462863922119141,0.5210425853729248
1.82215087890625,8.831151123046874,6.5992919921875,0.6041844487190247,0.5472375750541687
3.92941650390625,2.3695397949218746,8.5763916015625,0.7522602081298828,0.37534618377685547
0.57340087890625,2.3695397949218746,8.5763916015625,0.26531288027763367,0.18632292747497559
3.92941650390625,7.5817761230468745,8.5763916015625,1.2372514009475708,0.6756224036216736
3.92941650390625,2.3695397949218746,7.8367919921875,0.7252947092056274,0.35928207635879517
0.57340087890625,7.5817761230468745,7.8367919921875,0.3113783597946167,0.4036451280117035
8.92441650390625,7.367039794921874,3.6263916015625,2.45341157913208,0.6690031886100769
5.56840087890625,7.367039794921874,3.6263916015625,1.4385523796081543,0.5837621688842773
8.92441650390625,2.5842761230468745,3.6263916015625,1.5984519720077515,0.41857513785362244
8.92441650390625,7.367039794921874,2.8867919921875003,2.288576126098633,0.6202468276023865
5.56840087890625,2.5842761230468745,2.8867919921875003,0.6615414023399353,0.23859582841396332
6.42691650390625,4.868289794921875,6.1013916015625,1.718287706375122,0.6210113167762756
3.07090087890625,4.868289794921875,6.1013916015625,0.7552318572998047,0.47133779525756836
6.42691650390625,0.085526123046875,6.1013916015625,0.2506643235683441,0.008242379873991013
6.42691650390625,4.868289794921875,0.41179199218750007,0.338560551404953,0.09017834812402725
3.07090087890625,0.085526123046875,0.41179199218750007,0.24565503001213074,0.005634707398712635
1.43191650390625,9.865789794921875,1.1513916015625,0.298604279756546,0.24628973007202148
8.06590087890625,9.865789794921875,1.1513916015625,1.4957033395767212,0.4296456575393677
1.43191650390625,5.083026123046874,1.1513916015625,0.2705899775028229,0.17866918444633484
1.43191650390625,9.865789794921875,5.3617919921874995,0.49140968918800354,0.5020484924316406
8.06590087890625,5.083026123046874,5.3617919921874995,2.185375928878784,0.6508983373641968
2.05629150390625,0.495477294921875,5.4826416015624995,0.25569403171539307,0.04439275339245796
6.19277587890625,0.495477294921875,5.4826416015624995,0.28646644949913025,0.046596307307481766
2.05629150390625,1.9595886230468746,5.4826416015624995,0.3034169673919678,0.15623989701271057
2.05629150390625,0.495477294921875,7.2180419921875,0.25852158665657043,0.04728444293141365
6.19277587890625,1.9595886230468746,7.2180419921875,1.1253106594085693,0.3995440602302551
7.05129150390625,5.492977294921874,0.5326416015625001,0.4676835536956787,0.1267610341310501
1.19777587890625,5.492977294921874,0.5326416015625001,0.25981032848358154,0.16815301775932312
7.05129150390625,6.957088623046874,0.5326416015625001,0.6106992959976196,0.17527452111244202
7.05129150390625,5.492977294921874,2.2680419921875004,1.3664941787719727,0.4416772425174713
1.19777587890625,6.957088623046874,2.2680419921875004,0.2975032329559326,0.2624433934688568
9.54879150390625,2.9942272949218744,7.9576416015625,2.470330238342285,0.6321665644645691
8.69027587890625,2.9942272949218744,7.9576416015625,2.2073614597320557,0.6128877997398376
9.54879150390625,9.455838623046875,7.9576416015625,3.1420998573303223,0.8187692761421204
9.54879150390625,2.9942272949218744,4.7430419921875,2.14141845703125,0.540479302406311
8.69027587890625,9.455838623046875,4.7430419921875,2.6662845611572266,0.7513917088508606
4.5537915039062495,7.9917272949218745,3.0076416015625003,1.0994746685028076,0.5198737978935242
3.6952758789062496,7.9917272949218745,3.0076416015625003,0.8705726265907288,0.47956541180610657
4.5537915039062495,4.458338623046875,3.0076416015625003,0.8095799088478088,0.3649556338787079
4.5537915039062495,7.9917272949218745,9.6930419921875,1.4751862287521362,0.7210212349891663
3.6952758789062496,4.458338623046875,9.6930419921875,1.006287693977356,0.561988115310669
3.3050415039062497,4.243602294921875,1.7701416015625002,0.35864537954330444,0.17329128086566925
4.94402587890625,4.243602294921875,1.7701416015625002,0.5806841254234314,0.22908735275268555
3.3050415039062497,3.2089636230468748,1.7701416015625002,0.3136121928691864,0.13720199465751648
3.3050415039062497,4.243602294921875,5.9805419921875,0.7573348879814148,0.4438423812389374
4.94402587890625,3.2089636230468748,5.9805419921875,1.0472865104675293,0.45391571521759033
8.30004150390625,9.241102294921875,6.7201416015625,2.6642332077026367,0.7850319743156433
9.93902587890625,9.241102294921875,6.7201416015625,3.2091152667999268,0.8054458498954773
8.30004150390625,8.206463623046876,6.7201416015625,2.6131818294525146,0.768856942653656
8.30004150390625,9.241102294921875,1.0305419921875,1.4165217876434326,0.3933735191822052
9.93902587890625,8.206463623046876,1.0305419921875,1.6906827688217163,0.40088340640068054
5.80254150390625,1.7448522949218748,4.2451416015625,0.655429482460022,0.22519560158252716
2.44652587890625,1.7448522949218748,4.2451416015625,0.29252004623413086,0.1277896761894226
5.80254150390625,5.707713623046875,4.2451416015625,1.4524829387664795,0.5675694942474365
5.80254150390625,1.7448522949218748,3.5055419921875,0.5407216548919678,0.1780463457107544
2.44652587890625,5.707713623046875,3.5055419921875,0.5074303150177002,0.35032370686531067
0.80754150390625,6.742352294921874,9.1951416015625,0.35223865509033203,0.4212939441204071
7.4415258789062495,6.742352294921874,9.1951416015625,2.339160680770874,0.7574157118797302
0.80754150390625,0.710213623046875,9.1951416015625,0.2533264458179474,0.06762880086898804
0.80754150390625,6.742352294921874,8.4555419921875,0.3461602032184601,0.4100995659828186
7.4415258789062495,0.710213623046875,8.4555419921875,0.5383800864219666,0.13470734655857086
1.11972900390625,1.4325085449218748,0.2232666015625,0.24754294753074646,0.06913658231496811
2.7587133789062497,1.4325085449218748,0.2232666015625,0.252573162317276,0.05936240404844284
1.11972900390625,9.143494873046874,0.2232666015625,0.2617998421192169,0.19470764696598053
1.11972900390625,1.4325085449218748,0.7211669921875,0.24864788353443146,0.07692208886146545
2.7587133789062497,9.143494873046874,0.7211669921875,0.333462655544281,0.18530479073524475
6.11472900390625,6.430008544921875,5.1732666015625,1.6993478536605835,0.6429235935211182
7.75371337890625,6.430008544921875,5.1732666015625,2.2092785835266113,0.6840570569038391
6.11472900390625,4.145994873046875,5.1732666015625,1.4574247598648071,0.5421433448791504
6.11472900390625,6.430008544921875,5.6711669921875,1.7363779544830322,0.6583812832832336
7.75371337890625,4.145994873046875,5.6711669921875,1.9873102903366089,0.6094585061073303
8.61222900390625,3.9312585449218744,2.6982666015625,1.6444817781448364,0.4470876455307007
0.26121337890625,3.9312585449218744,2.6982666015625,0.25065383315086365,0.2091231793165207
8.61222900390625,1.6472448730468747,2.6982666015625,0.77369624376297,0.19065651297569275
8.61222900390625,3.9312585449218744,8.1461669921875,2.3863329887390137,0.6728878021240234
0.26121337890625,1.6472448730468747,8.1461669921875,0.25027191638946533,0.1344379484653473
3.61722900390625,8.928758544921875,7.6482666015625,1.1662606000900269,0.6800363063812256
5.25621337890625,8.928758544921875,7.6482666015625,1.6891958713531494,0.735053300857544
3.61722900390625,6.644744873046874,7.6482666015625,1.0752009153366089,0.619421124458313
3.61722900390625,8.928758544921875,3.1961669921875,0.9154899716377258,0.517830491065979
5.25621337890625,6.644744873046874,3.1961669921875,1.232407569885254,0.5182426571846008
4.86597900390625,2.6818835449218748,6.4107666015625,0.9513264298439026,0.4115813970565796
6.5049633789062495,2.6818835449218748,6.4107666015625,1.383302092552185,0.4822884500026703
4.86597900390625,5.395369873046874,6.4107666015625,1.319240689277649,0.599197268486023
4.86597900390625,2.6818835449218748,1.9586669921875002,0.38167300820350647,0.1347278654575348
6.5049633789062495,5.395369873046874,1.9586669921875002,1.1124951839447021,0.37883323431015015
9.86097900390625,7.679383544921874,1.4607666015625,1.9535819292068481,0.4734765291213989
1.50996337890625,7.679383544921874,1.4607666015625,0.2986425459384918,0.23330090939998627
9.86097900390625,0.397869873046875,1.4607666015625,0.2616935074329376,0.024183645844459534
9.86097900390625,7.679383544921874,6.9086669921874995,3.107154607772827,0.784116268157959
1.50996337890625,0.397869873046875,6.9086669921874995,0.25243592262268066,0.03765498101711273
7.36347900390625,0.183133544921875,8.8857666015625,0.2675023078918457,0.019675688818097115
9.00246337890625,0.183133544921875,8.8857666015625,0.273502916097641,0.02002793736755848
7.36347900390625,2.8966198730468746,8.8857666015625,1.831343412399292,0.5857606530189514
7.36347900390625,0.183133544921875,9.3836669921875,0.26848527789115906,0.019964588806033134
9.00246337890625,2.8966198730468746,9.3836669921875,2.3511669635772705,0.6346591114997864
2.3684790039062498,5.180633544921874,3.9357666015625004,0.49236634373664856,0.3440118730068207
4.00746337890625,5.180633544921874,3.9357666015625004,0.8764203786849976,0.44816452264785767
2.3684790039062498,7.894119873046875,3.9357666015625004,0.615422248840332,0.459665983915329
2.3684790039062498,5.180633544921874,4.4336669921875,0.523381769657135,0.37142112851142883
4.00746337890625,7.894119873046875,4.4336669921875,1.0983370542526245,0.58132004737854
1.74410400390625,4.555946044921875,9.5045166015625,0.49125754833221436,0.42127421498298645
2.13433837890625,4.555946044921875,9.5045166015625,0.5851843357086182,0.4577968120574951
1.74410400390625,4.770682373046874,9.5045166015625,0.5011602640151978,0.4339486360549927
1.74410400390625,4.555946044921875,2.5774169921875,0.3076651692390442,0.21245545148849487
2.13433837890625,4.770682373046874,2.5774169921875,0.34249094128608704,0.22470927238464355
6.73910400390625,9.553446044921875,4.5545166015625,2.024324655532837,0.7108078598976135
7.12933837890625,9.553446044921875,4.5545166015625,2.1494529247283936,0.7193130850791931
6.73910400390625,9.768182373046875,4.5545166015625,2.0343401432037354,0.7146309018135071
6.73910400390625,9.553446044921875,7.5274169921875,2.1932373046875,0.7757260203361511
7.12933837890625,9.768182373046875,7.5274169921875,2.330127716064453,0.7854122519493103
9.23660400390625,2.057196044921875,7.0295166015624995,1.9753828048706055,0.5116623044013977
4.63183837890625,2.057196044921875,7.0295166015624995,0.7703502774238586,0.3341972827911377
9.23660400390625,7.269432373046874,7.0295166015624995,2.880361795425415,0.7702376246452332
9.23660400390625,2.057196044921875,5.0524169921875,1.7354718446731567,0.4434715211391449
4.63183837890625,7.269432373046874,5.0524169921875,1.295304298400879,0.6145296692848206
4.24160400390625,7.054696044921874,2.0795166015625,0.785470724105835,0.37742847204208374
9.62683837890625,7.054696044921874,2.0795166015625,2.171581983566284,0.5440370440483093
4.24160400390625,2.271932373046875,2.0795166015625,0.3205886483192444,0.11403599381446838
4.24160400390625,7.054696044921874,0.1024169921875,0.29375216364860535,0.1022510901093483
9.62683837890625,2.271932373046875,0.1024169921875,0.28176766633987427,0.04316193237900734
2.99285400390625,0.8078210449218749,3.3170166015625,0.26349717378616333,0.061160389333963394
8.37808837890625,0.8078210449218749,3.3170166015625,0.3316601812839508,0.062171656638383865
2.99285400390625,1.0225573730468749,3.3170166015625,0.2695857584476471,0.07484670728445053
2.99285400390625,0.8078210449218749,3.8149169921875004,0.2656434178352356,0.06348834931850433
8.37808837890625,1.0225573730468749,3.8149169921875004,0.5325261354446411,0.12349195033311844
7.98785400390625,5.805321044921874,8.2670166015625,2.416232109069824,0.7331449389457703
3.38308837890625,5.805321044921874,8.2670166015625,0.9772022366523743,0.5875638127326965
7.98785400390625,6.020057373046875,8.2670166015625,2.4342000484466553,0.7390440106391907
7.98785400390625,5.805321044921874,8.7649169921875,2.435189962387085,0.7393971681594849
3.38308837890625,6.020057373046875,8.7649169921875,1.0011909008026123,0.6042607426643372
5.4903540039062495,3.3065710449218746,0.8420166015625,0.31668412685394287,0.09286700189113617
5.88058837890625,3.3065710449218746,0.8420166015625,0.3265170454978943,0.09195182472467422
5.4903540039062495,8.518807373046876,0.8420166015625,0.6885687112808228,0.2564769685268402
5.4903540039062495,3.3065710449218746,6.2899169921875,1.2342723608016968,0.497105211019516
5.88058837890625,8.518807373046876,6.2899169921875,1.8203102350234985,0.7192550301551819
0.49535400390625,8.304071044921875,5.7920166015625,0.29124215245246887,0.3818514943122864
0.88558837890625,8.304071044921875,5.7920166015625,0.3523028790950775,0.4153110384941101
0.49535400390625,3.5213073730468745,5.7920166015625,0.26332294940948486,0.22550545632839203
0.49535400390625,8.304071044921875,1.3399169921875,0.25855329632759094,0.27092546224594116
0.88558837890625,3.5213073730468745,1.3399169921875,0.2567131221294403,0.16193582117557526
0.33926025390625003,0.963992919921875,8.1123291015625,0.24933360517024994,0.08582286536693573
3.85136962890625,0.963992919921875,8.1123291015625,0.33242154121398926,0.10735031962394714
0.33926025390625003,5.239197998046874,8.1123291015625,0.2681962549686432,0.3098955452442169
0.33926025390625003,0.963992919921875,0.2571044921875,0.24565503001213074,0.05470171570777893
3.85136962890625,5.239197998046874,0.2571044921875,0.28459951281547546,0.10218504816293716
5.33426025390625,5.9614929199218745,3.1623291015625004,1.1905137300491333,0.49164503812789917
8.84636962890625,5.9614929199218745,3.1623291015625004,2.1865384578704834,0.5952779650688171
5.33426025390625,0.24169799804687497,3.1623291015625004,0.25356319546699524,0.0198232252150774
5.33426025390625,5.9614929199218745,5.2071044921875,1.4293279647827148,0.6026319265365601
8.84636962890625,0.24169799804687497,5.2071044921875,0.26957955956459045,0.022653741762042046
7.83176025390625,3.4627429199218747,5.6373291015625,1.8795520067214966,0.5678392052650452
1.35386962890625,3.4627429199218747,5.6373291015625,0.3143531382083893,0.24038498103618622
7.83176025390625,2.7404479980468746,5.6373291015625,1.696531057357788,0.5072513222694397
7.83176025390625,3.4627429199218747,7.6821044921875,2.0353002548217773,0.6198989748954773
1.35386962890625,2.7404479980468746,7.6821044921875,0.31427016854286194,0.22540201246738434
2.8367602539062498,8.460242919921875,0.6873291015625,0.32465842366218567,0.17327548563480377
6.34886962890625,8.460242919921875,0.6873291015625,0.7345917820930481,0.24125370383262634
2.8367602539062498,7.737947998046875,0.6873291015625,0.3155156373977661,0.1647178828716278
2.8367602539062498,8.460242919921875,2.7321044921875,0.6434608101844788,0.4213086664676666
6.34886962890625,7.737947998046875,2.7321044921875,1.5294172763824463,0.5528689622879028
4.08551025390625,4.712117919921875,4.3998291015625,0.8973667621612549,0.4522877037525177
5.10011962890625,4.712117919921875,4.3998291015625,1.1675463914871216,0.5004820227622986
4.08551025390625,8.987322998046874,4.3998291015625,1.1663968563079834,0.6118615865707397
4.08551025390625,4.712117919921875,1.4946044921875001,0.42855194211006165,0.1860077679157257
5.10011962890625,8.987322998046874,1.4946044921875001,0.9274972677230835,0.3876538872718811
9.08051025390625,9.709617919921875,9.3498291015625,3.037421941757202,0.8289347290992737
0.10511962890625,9.709617919921875,9.3498291015625,0.2572059631347656,0.42400017380714417
9.08051025390625,3.9898229980468747,9.3498291015625,2.5972962379455566,0.7009071707725525
9.08051025390625,9.709617919921875,6.4446044921875,2.929182291030884,0.7971823215484619
0.10511962890625,3.9898229980468747,6.4446044921875,0.2493257224559784,0.24504485726356506
6.58301025390625,2.2133679199218745,1.9248291015625,0.4586530923843384,0.13083326816558838
7.59761962890625,2.2133679199218745,1.9248291015625,0.6018103361129761,0.16000902652740479
6.58301025390625,1.4910729980468749,1.9248291015625,0.3188139796257019,0.07643996924161911
6.58301025390625,2.2133679199218745,8.9196044921875,1.4152241945266724,0.48915040493011475
7.59761962890625,1.4910729980468749,8.9196044921875,1.3572596311569214,0.4073529541492462
1.58801025390625,7.210867919921874,6.8748291015625,0.5072059631347656,0.48089098930358887
2.60261962890625,7.210867919921874,6.8748291015625,0.7803338766098022,0.5637808442115784
1.58801025390625,6.488572998046874,6.8748291015625,0.4862748682498932,0.45299309492111206
1.58801025390625,7.210867919921874,3.9696044921875004,0.4184249937534332,0.37488919496536255
2.60261962890625,6.488572998046874,3.9696044921875004,0.6164172887802124,0.42585352063179016
2.2123852539062496,2.838055419921875,2.5435791015625,0.2905218005180359,0.15107817947864532
0.72949462890625,2.838055419921875,2.5435791015625,0.2565838694572449,0.161775603890419
2.2123852539062496,0.8663854980468749,2.5435791015625,0.25569358468055725,0.061222027987241745
2.2123852539062496,2.838055419921875,3.3508544921875,0.3086058795452118,0.17107397317886353
0.72949462890625,0.8663854980468749,3.3508544921875,0.2486085742712021,0.06639217585325241
7.20738525390625,7.835555419921874,7.4935791015625,2.269308090209961,0.755407452583313
5.72449462890625,7.835555419921874,7.4935791015625,1.7882243394851685,0.7232159376144409
7.20738525390625,5.863885498046875,7.4935791015625,2.137281656265259,0.707805335521698
7.20738525390625,7.835555419921874,8.3008544921875,2.298340082168579,0.7659220695495605
5.72449462890625,5.863885498046875,8.3008544921875,1.6972999572753906,0.6828513145446777
9.70488525390625,0.33930541992187496,5.0185791015625,0.28748437762260437,0.031777068972587585
3.2269946289062497,0.33930541992187496,5.0185791015625,0.25555482506752014,0.030472978949546814
9.70488525390625,8.362635498046876,5.0185791015625,2.9612555503845215,0.7559386491775513
9.70488525390625,0.33930541992187496,5.8258544921875,0.2945759892463684,0.033878471702337265
3.2269946289062497,8.362635498046876,5.8258544921875,0.9682093262672424,0.6073130965232849
4.70988525390625,5.336805419921874,9.9685791015625,1.3861430883407593,0.6521731019020081
8.22199462890625,5.336805419921874,9.9685791015625,2.5072097778320312,0.7423495054244995
4.70988525390625,3.365135498046875,9.9685791015625,1.1802483797073364,0.5432820916175842
4.70988525390625,5.336805419921874,0.8758544921875,0.3816593289375305,0.141654372215271
8.22199462890625,3.365135498046875,0.8758544921875,0.4916682541370392,0.11650139093399048
3.46113525390625,1.5886804199218747,6.2560791015624995,0.38248297572135925,0.16510140895843506
9.47074462890625,1.5886804199218747,6.2560791015624995,1.6875396966934204,0.41989532113075256
3.46113525390625,4.614510498046875,6.2560791015624995,0.8452287316322327,0.4862753450870514
3.46113525390625,1.5886804199218747,4.5883544921874995,0.32942304015159607,0.12966634333133698
9.47074462890625,4.614510498046875,4.5883544921874995,2.457343101501465,0.6327314376831055
8.45613525390625,6.586180419921875,1.3060791015625002,1.383516788482666,0.376126229763031
4.4757446289062495,6.586180419921875,1.3060791015625002,0.583717942237854,0.2534491717815399
8.45613525390625,9.612010498046875,1.3060791015625002,1.6735774278640747,0.4645130932331085
8.45613525390625,6.586180419921875,9.5383544921875,2.6732711791992188,0.7742426991462708
4.4757446289062495,9.612010498046875,9.5383544921875,1.503150224685669,0.7477895021438599
5.95863525390625,4.0874304199218745,8.7310791015625,1.612196683883667,0.6213204860687256
6.97324462890625,4.0874304199218745,8.7310791015625,1.9232178926467896,0.6509295105934143
5.95863525390625,7.113260498046874,8.7310791015625,1.8652496337890625,0.729727029800415
5.95863525390625,4.0874304199218745,7.0633544921875,1.5392506122589111,0.590168297290802
6.97324462890625,7.113260498046874,7.0633544921875,2.133267641067505,0.7287918925285339
0.96363525390625,9.084930419921875,3.7810791015625003,0.33536431193351746,0.37336984276771545
1.97824462890625,9.084930419921875,3.7810791015625003,0.5463387966156006,0.45722734928131104
0.96363525390625,2.1157604980468747,3.7810791015625003,0.26061517000198364,0.14159098267555237
0.96363525390625,9.084930419921875,2.1133544921875003,0.29354527592658997,0.29702529311180115
1.97824462890625,2.1157604980468747,2.1133544921875003,0.26763394474983215,0.11742479354143143
0.65144775390625,3.775086669921875,7.1842041015625,0.278278648853302,0.25322791934013367
7.90980712890625,3.775086669921875,7.1842041015625,2.0872764587402344,0.6311222314834595
0.65144775390625,8.050291748046876,7.1842041015625,0.3231506049633026,0.414116233587265
0.65144775390625,3.775086669921875,9.8477294921875,0.2893272936344147,0.27770236134529114
7.90980712890625,8.050291748046876,9.8477294921875,2.5851194858551025,0.7960075736045837
5.64644775390625,8.772586669921875,2.2342041015625003,1.2815053462982178,0.5073941946029663
2.91480712890625,8.772586669921875,2.2342041015625003,0.606522262096405,0.3844950199127197
5.64644775390625,3.0527917480468747,2.2342041015625003,0.6316432952880859,0.22368605434894562
5.64644775390625,8.772586669921875,4.8977294921875,1.6722646951675415,0.680546760559082
2.91480712890625,3.0527917480468747,4.8977294921875,0.47940075397491455,0.2758544087409973
8.14394775390625,1.2763366699218748,9.6592041015625,1.386419415473938,0.3904595971107483
5.41230712890625,1.2763366699218748,9.6592041015625,0.7392554879188538,0.27364447712898254
8.14394775390625,0.554041748046875,9.6592041015625,0.4603016972541809,0.09781160950660706
8.14394775390625,1.2763366699218748,2.4227294921875,0.3865589499473572,0.08466317504644394
5.41230712890625,0.554041748046875,2.4227294921875,0.262647807598114,0.03906179592013359
3.14894775390625,6.273836669921875,4.7092041015624995,0.7934176921844482,0.491532564163208
0.41730712890625,6.273836669921875,4.7092041015624995,0.2683251202106476,0.307854026556015
3.14894775390625,5.5515417480468745,4.7092041015624995,0.7493497729301453,0.45881927013397217
3.14894775390625,6.273836669921875,7.3727294921875,0.9102720022201538,0.5758008360862732
0.41730712890625,5.5515417480468745,7.3727294921875,0.2752801179885864,0.3194098174571991
4.39769775390625,0.026961669921875,0.9967041015625,0.24465502798557281,0.001962109236046672
1.66605712890625,0.026961669921875,0.9967041015625,0.2447197288274765,0.0019762066658586264
4.39769775390625,6.800916748046874,0.9967041015625,0.48066359758377075,0.20307545363903046
4.39769775390625,0.026961669921875,8.6102294921875,0.2466210275888443,0.0027620771434158087
1.66605712890625,6.800916748046874,8.6102294921875,0.5462116599082947,0.5094344615936279
9.39269775390625,5.024461669921875,5.9467041015625,2.6482322216033936,0.6920196413993835
6.66105712890625,5.024461669921875,5.9467041015625,1.7962920665740967,0.6304665207862854
9.39269775390625,1.8034167480468748,5.9467041015625,1.7674674987792969,0.44534483551979065
9.39269775390625,5.024461669921875,3.6602294921875003,2.3333683013916016,0.6027698516845703
6.66105712890625,1.8034167480468748,3.6602294921875003,0.7495149970054626,0.2335505187511444
6.89519775390625,2.5257116699218747,3.4717041015625,1.0475430488586426,0.3338479697704315
4.16355712890625,2.5257116699218747,3.4717041015625,0.4935202896595001,0.21379181742668152
6.89519775390625,4.302166748046875,3.4717041015625,1.4634171724319458,0.4864656627178192
6.89519775390625,2.5257116699218747,1.1852294921875002,0.3557714819908142,0.09012115001678467
4.16355712890625,4.302166748046875,1.1852294921875002,0.3486284017562866,0.13801166415214539
1.90019775390625,7.523211669921874,8.4217041015625,0.627198338508606,0.5527237057685852
9.15855712890625,7.523211669921874,8.4217041015625,2.931255340576172,0.7914494276046753
1.90019775390625,9.299666748046874,8.4217041015625,0.6712123155593872,0.6028635501861572
1.90019775390625,7.523211669921874,6.1352294921874995,0.5782716870307922,0.5009870529174805
9.15855712890625,9.299666748046874,6.1352294921874995,2.9191696643829346,0.787665605545044
1.27582275390625,1.9010241699218748,2.8529541015625,0.26058924198150635,0.12148673087358475
7.28543212890625,1.9010241699218748,2.8529541015625,0.7257696986198425,0.20727047324180603
1.27582275390625,3.6774792480468745,2.8529541015625,0.2785736620426178,0.19307556748390198
1.27582275390625,1.9010241699218748,6.7539794921875,0.2794119417667389,0.15481433272361755
7.28543212890625,3.6774792480468745,6.7539794921875,1.8522852659225464,0.598962664604187
6.27082275390625,6.898524169921874,7.8029541015625,1.924308180809021,0.7198251485824585
2.2904321289062497,6.898524169921874,7.8029541015625,0.7042273879051208,0.551385760307312
6.27082275390625,8.674979248046876,7.8029541015625,2.0132741928100586,0.7562809586524963
6.27082275390625,6.898524169921874,1.8039794921875,1.16250741481781,0.412371963262558
2.2904321289062497,8.674979248046876,1.8039794921875,0.4226991832256317,0.29676154255867004
8.76832275390625,4.399774169921875,0.3779541015625,0.39358633756637573,0.08269787579774857
9.78293212890625,4.399774169921875,0.3779541015625,0.46762338280677795,0.09228185564279556
8.76832275390625,6.176229248046875,0.3779541015625,0.6126381158828735,0.14218708872795105
8.76832275390625,4.399774169921875,4.2789794921875,2.1613693237304688,0.5930545330047607
9.78293212890625,6.176229248046875,4.2789794921875,2.7152960300445557,0.6828973293304443
3.7733227539062497,9.397274169921875,5.3279541015625,1.14527428150177,0.6427308320999146
4.78793212890625,9.397274169921875,5.3279541015625,1.4586513042449951,0.680925190448761
3.7733227539062497,1.1787292480468747,5.3279541015625,0.3164771497249603,0.1055356115102768
3.7733227539062497,9.397274169921875,9.2289794921875,1.2641555070877075,0.7174683809280396
4.78793212890625,1.1787292480468747,9.2289794921875,0.5403582453727722,0.2032373547554016
2.52457275390625,3.1503991699218745,9.0404541015625,0.5573851466178894,0.3732698857784271
3.53918212890625,3.1503991699218745,9.0404541015625,0.8041954040527344,0.4469200372695923
2.52457275390625,2.428104248046875,9.0404541015625,0.4672609865665436,0.2897881269454956
2.52457275390625,3.1503991699218745,5.5164794921875,0.45031529664993286,0.2827850580215454
3.53918212890625,2.428104248046875,5.5164794921875,0.5393899083137512,0.2720927596092224
7.51957275390625,8.147899169921875,4.0904541015625,2.1444091796875,0.6818544268608093
8.53418212890625,8.147899169921875,4.0904541015625,2.463438034057617,0.7018440961837769
7.51957275390625,7.4256042480468745,4.0904541015625,2.094352960586548,0.6645274758338928
7.51957275390625,8.147899169921875,0.5664794921875,0.8065714836120605,0.22850804030895233
8.53418212890625,7.4256042480468745,0.5664794921875,0.899674654006958,0.22904478013515472
5.02207275390625,0.6516491699218749,6.5654541015625,0.30046576261520386,0.06548010557889938
1.0416821289062501,0.6516491699218749,6.5654541015625,0.25267481803894043,0.05876791849732399
5.02207275390625,9.924354248046875,6.5654541015625,1.6113213300704956,0.7276556491851807
5.02207275390625,0.6516491699218749,3.0414794921875004,0.26971712708473206,0.048422422260046005
1.0416821289062501,9.924354248046875,3.0414794921875004,0.3353595435619354,0.36155790090560913
0.027072753906250004,5.649149169921874,1.6154541015625001,0.24560897052288055,0.24747303128242493
6.03668212890625,5.649149169921874,1.6154541015625001,0.9076334238052368,0.3227270841598511
0.027072753906250004,4.926854248046874,1.6154541015625001,0.24555504322052002,0.22823452949523926
0.027072753906250004,5.649149169921874,7.9914794921875,0.24628573656082153,0.30975762009620667
6.03668212890625,4.926854248046874,7.9914794921875,1.7033610343933105,0.6523784399032593
0.02219482421875,1.8863830566406248,7.8851318359375,0.2452678680419922,0.14710387587547302
7.64152099609375,1.8863830566406248,7.8851318359375,1.5192490816116333,0.45963016152381897
0.02219482421875,8.728663330078126,7.8851318359375,0.2463385909795761,0.3865474760532379
0.02219482421875,1.8863830566406248,3.9841064453125004,0.24450191855430603,0.13181984424591064
7.64152099609375,8.728663330078126,3.9841064453125004,2.204334259033203,0.6918766498565674
5.01719482421875,6.883883056640625,2.9351318359375003,1.1405103206634521,0.495955228805542
2.64652099609375,6.883883056640625,2.9351318359375003,0.557613730430603,0.3729589283466339
5.01719482421875,3.7311633300781244,2.9351318359375003,0.7975496649742126,0.32825183868408203
5.01719482421875,6.883883056640625,8.9341064453125,1.5562297105789185,0.7005928158760071
2.64652099609375,3.7311633300781244,8.9341064453125,0.6411757469177246,0.43249213695526123
7.51469482421875,4.385133056640624,5.4101318359374995,1.9273122549057007,0.6072545647621155
5.14402099609375,4.385133056640624,5.4101318359374995,1.2334808111190796,0.5279814004898071
7.51469482421875,1.2324133300781248,5.4101318359374995,0.8444641828536987,0.23874610662460327
7.51469482421875,4.385133056640624,6.4591064453125,2.0144145488739014,0.637500524520874
5.14402099609375,1.2324133300781248,6.4591064453125,0.4973692297935486,0.17285408079624176
2.51969482421875,9.382633056640625,0.46013183593750007,0.3018699586391449,0.1678912192583084
0.14902099609375002,9.382633056640625,0.46013183593750007,0.2475794106721878,0.2747708559036255
2.51969482421875,6.229913330078125,0.46013183593750007,0.28059279918670654,0.13988664746284485
2.51969482421875,9.382633056640625,1.5091064453125,0.4367113411426544,0.28847551345825195
0.14902099609375002,6.229913330078125,1.5091064453125,0.24758020043373108,0.2531532049179077
3.76844482421875,3.1357580566406247,4.1726318359375,0.6055017113685608,0.30203619599342346
1.39777099609375,3.1357580566406247,4.1726318359375,0.29045572876930237,0.19673660397529602
3.76844482421875,7.479288330078124,4.1726318359375,0.9883260726928711,0.5442476272583008
3.76844482421875,3.1357580566406247,2.7466064453125,0.4385891556739807,0.20157800614833832
1.39777099609375,7.479288330078124,2.7466064453125,0.33855679631233215,0.30189749598503113
8.76344482421875,8.133258056640624,9.1226318359375,2.8551084995269775,0.8028480410575867
6.39277099609375,8.133258056640624,9.1226318359375,2.0681653022766113,0.764811098575592
8.76344482421875,2.4817883300781247,9.1226318359375,2.145477771759033,0.5896007418632507
8.76344482421875,8.133258056640624,7.6966064453125,2.8072221279144287,0.7882871627807617
6.39277099609375,2.4817883300781247,7.6966064453125,1.3832640647888184,0.4901416003704071
6.26594482421875,0.637008056640625,1.6976318359375002,0.2636429965496063,0.039006270468235016
3.8952709960937497,0.637008056640625,1.6976318359375002,0.2555728852748871,0.04146456718444824
6.26594482421875,4.980538330078124,1.6976318359375002,0.9046710729598999,0.31027910113334656
6.26594482421875,0.637008056640625,5.2216064453125,0.30460458993911743,0.05967559665441513
3.8952709960937497,4.980538330078124,5.2216064453125,0.9362615942955017,0.4951980412006378
1.27094482421875,5.634508056640624,6.6476318359375,0.38721421360969543,0.37683263421058655
8.89027099609375,5.634508056640624,6.6476318359375,2.6102263927459717,0.7187501788139343
1.27094482421875,9.978038330078125,6.6476318359375,0.48030558228492737,0.5261032581329346
1.27094482421875,5.634508056640624,0.2716064453125,0.25766122341156006,0.1556292623281479
8.89027099609375,9.978038330078125,0.2716064453125,0.8574601411819458,0.2078237235546112
1.8953198242187501,3.7604455566406245,2.3163818359375004,0.2935163080692291,0.17841792106628418
7.01714599609375,3.7604455566406245,2.3163818359375004,1.0874688625335693,0.3432399332523346
1.8953198242187501,3.1064758300781246,2.3163818359375004,0.2825394868850708,0.15719430148601532
1.8953198242187501,3.7604455566406245,2.1278564453125,0.28857898712158203,0.17216835916042328
7.01714599609375,3.1064758300781246,2.1278564453125,0.8666185736656189,0.2648589313030243
6.89031982421875,8.757945556640625,7.2663818359375,2.2014176845550537,0.762703537940979
2.02214599609375,8.757945556640625,7.2663818359375,0.6732282042503357,0.5773199200630188
6.89031982421875,8.103975830078125,7.2663818359375,2.1701934337615967,0.7509926557540894
6.89031982421875,8.757945556640625,7.0778564453124995,2.1932005882263184,0.7596344351768494
2.02214599609375,8.103975830078125,7.0778564453124995,0.6521685719490051,0.5548037886619568
9.38781982421875,1.2616955566406247,4.7913818359375,1.169423222541809,0.28118935227394104
9.51464599609375,1.2616955566406247,4.7913818359375,1.1974220275878906,0.28508201241493225
9.38781982421875,5.605225830078124,4.7913818359375,2.5972940921783447,0.6777055859565735
9.38781982421875,1.2616955566406247,9.5528564453125,1.6914067268371582,0.4250880777835846
9.51464599609375,5.605225830078124,9.5528564453125,2.9442203044891357,0.7665960788726807
4.3928198242187495,6.259195556640624,9.7413818359375,1.343169093132019,0.6705775260925293
4.51964599609375,6.259195556640624,9.7413818359375,1.3831579685211182,0.6754280924797058
4.3928198242187495,0.607725830078125,9.7413818359375,0.3063238561153412,0.07029315084218979
4.3928198242187495,6.259195556640624,4.6028564453125,1.1282929182052612,0.5517151355743408
4.51964599609375,0.607725830078125,4.6028564453125,0.2745276093482971,0.0522264689207077
3.1440698242187497,0.012320556640625,6.0288818359375,0.24551063776016235,0.0011903539998456836
3.27089599609375,0.012320556640625,6.0288818359375,0.2446502149105072,0.001182073843665421
3.1440698242187497,1.8571008300781247,6.0288818359375,0.3884940445423126,0.18511296808719635
3.1440698242187497,0.012320556640625,0.8903564453125,0.2445821762084961,0.0008928484166972339
3.27089599609375,1.8571008300781247,0.8903564453125,0.2644803822040558,0.08001662790775299
8.13906982421875,5.009820556640625,1.0788818359375,0.9397030472755432,0.252370685338974
8.26589599609375,5.009820556640625,1.0788818359375,0.962593138217926,0.25552403926849365
8.13906982421875,6.854600830078124,1.0788818359375,1.1916000843048096,0.3303740322589874
8.13906982421875,5.009820556640625,5.8403564453125,2.2422873973846436,0.6636682152748108
8.26589599609375,6.854600830078124,5.8403564453125,2.461285352706909,0.7234338521957397
5.64156982421875,2.511070556640625,8.5038818359375,1.2243422269821167,0.47986602783203125
0.77339599609375,2.511070556640625,8.5038818359375,0.2754015624523163,0.19844920933246613
5.64156982421875,9.353350830078124,8.5038818359375,1.8542485237121582,0.7627564668655396
5.64156982421875,2.511070556640625,8.3153564453125,1.216313362121582,0.47628799080848694
0.77339599609375,9.353350830078124,8.3153564453125,0.3721484839916229,0.4865592420101166
0.64656982421875,7.508570556640624,3.5538818359375,0.28241661190986633,0.3175005614757538
5.76839599609375,7.508570556640624,3.5538818359375,1.496439814567566,0.5902002453804016
0.64656982421875,4.355850830078125,3.5538818359375,0.2654530704021454,0.2312951385974884
0.64656982421875,7.508570556640624,3.3653564453125,0.2803916037082672,0.3123317062854767
5.76839599609375,4.355850830078125,3.3653564453125,1.1545361280441284,0.44130054116249084
0.95875732421875,2.8234143066406245,6.9570068359374995,0.2842850089073181,0.21033060550689697
4.20745849609375,2.8234143066406245,6.9570068359374995,0.8452209234237671,0.40803754329681396
0.95875732421875,5.9175695800781245,6.9570068359374995,0.3433248996734619,0.36629030108451843
0.95875732421875,2.8234143066406245,6.1497314453125,0.27930381894111633,0.20157597959041595
4.20745849609375,5.9175695800781245,6.1497314453125,1.1502119302749634,0.5855165719985962
5.95375732421875,7.820914306640624,2.0070068359375,1.2315056324005127,0.46190962195396423
9.20245849609375,7.820914306640624,2.0070068359375,2.1005349159240723,0.5483683347702026
5.95375732421875,0.9200695800781249,2.0070068359375,0.2766471803188324,0.05452488362789154
5.95375732421875,7.820914306640624,1.1997314453125,0.9076420664787292,0.3274446725845337
9.20245849609375,0.9200695800781249,1.1997314453125,0.2808055877685547,0.04166433587670326
8.45125732421875,0.32466430664062496,9.4320068359375,0.3084602952003479,0.03935682773590088
1.70995849609375,0.32466430664062496,9.4320068359375,0.25342413783073425,0.03293062373995781
8.45125732421875,3.4188195800781247,9.4320068359375,2.300297975540161,0.6586824059486389
8.45125732421875,0.32466430664062496,3.6747314453125,0.2686169147491455,0.02689550071954727
1.70995849609375,3.4188195800781247,3.6747314453125,0.30645880103111267,0.20275259017944336
3.45625732421875,5.322164306640625,4.4820068359375,0.7954033613204956,0.4548758566379547
6.70495849609375,5.322164306640625,4.4820068359375,1.7053877115249634,0.5917203426361084
3.45625732421875,8.416319580078126,4.4820068359375,0.9654943346977234,0.5713944435119629
3.45625732421875,5.322164306640625,8.6247314453125,0.9771760106086731,0.5764855742454529
6.70495849609375,8.416319580078126,8.6247314453125,2.170401096343994,0.7706645727157593
4.70500732421875,1.5740393066406249,0.7695068359375,0.2666463553905487,0.063177190721035
5.45620849609375,1.5740393066406249,0.7695068359375,0.27070266008377075,0.06018181890249252
4.70500732421875,9.665694580078124,0.7695068359375,0.5876861214637756,0.2450462430715561
4.70500732421875,1.5740393066406249,7.3872314453125,0.636405348777771,0.25906187295913696
5.45620849609375,9.665694580078124,7.3872314453125,1.7722660303115845,0.7486959099769592
9.70000732421875,6.5715393066406245,5.7195068359375,2.8912746906280518,0.7372509837150574
0.46120849609375003,6.5715393066406245,5.7195068359375,0.27731695771217346,0.3320567309856415
9.70000732421875,4.668194580078125,5.7195068359375,2.674316167831421,0.6777623295783997
9.70000732421875,6.5715393066406245,2.4372314453125004,2.2854063510894775,0.5708919763565063
0.46120849609375003,4.668194580078125,2.4372314453125004,0.25564348697662354,0.22406677901744843
7.20250732421875,4.072789306640624,3.2445068359375,1.456559181213379,0.46427470445632935
7.95370849609375,4.072789306640624,3.2445068359375,1.6585055589675903,0.4873642921447754
7.20250732421875,2.1694445800781246,3.2445068359375,0.9304854273796082,0.27973079681396484
7.20250732421875,4.072789306640624,4.9122314453125,1.7314809560775757,0.5620768070220947
7.95370849609375,2.1694445800781246,4.9122314453125,1.4305087327957153,0.41355428099632263
2.2075073242187497,9.070289306640625,8.1945068359375,0.7521909475326538,0.6162928938865662
2.9587084960937498,9.070289306640625,8.1945068359375,0.9792182445526123,0.661513090133667
2.2075073242187497,7.166944580078124,8.1945068359375,0.6982227563858032,0.5618200898170471
2.2075073242187497,9.070289306640625,9.8622314453125,0.7771449685096741,0.6400192379951477
2.9587084960937498,7.166944580078124,9.8622314453125,0.9471468329429626,0.6353527307510376
1.58313232421875,0.9493518066406249,2.6257568359375,0.25357574224472046,0.06769601255655289
1.08558349609375,0.9493518066406249,2.6257568359375,0.2506383955478668,0.06845518201589584
1.58313232421875,0.295382080078125,2.6257568359375,0.2476099729537964,0.023630015552043915
1.58313232421875,0.9493518066406249,8.0059814453125,0.26741161942481995,0.08853605389595032
1.08558349609375,0.295382080078125,8.0059814453125,0.24859806895256042,0.028749076649546623
6.57813232421875,5.946851806640624,7.5757568359375,1.9472697973251343,0.6971619129180908
6.08058349609375,5.946851806640624,7.5757568359375,1.789304256439209,0.6841153502464294
6.57813232421875,5.292882080078124,7.5757568359375,1.890323281288147,0.6748725175857544
6.57813232421875,5.946851806640624,3.0559814453125003,1.508424997329712,0.526292085647583
6.08058349609375,5.292882080078124,3.0559814453125003,1.2995039224624634,0.48009198904037476
9.07563232421875,3.448101806640625,0.1507568359375,0.30461838841438293,0.05466800555586815
3.58308349609375,3.448101806640625,0.1507568359375,0.2655232846736908,0.0840531513094902
9.07563232421875,7.7916320800781245,0.1507568359375,0.5717716813087463,0.12620201706886292
9.07563232421875,3.448101806640625,0.5809814453125001,0.4036807119846344,0.0827949270606041
3.58308349609375,7.7916320800781245,0.5809814453125001,0.33556193113327026,0.15041843056678772
4.08063232421875,8.445601806640624,5.1007568359375,1.1903965473175049,0.6263707876205444
8.57808349609375,8.445601806640624,5.1007568359375,2.6082448959350586,0.7430816292762756
4.08063232421875,2.794132080078125,5.1007568359375,0.6943591833114624,0.33198586106300354
4.08063232421875,8.445601806640624,5.5309814453124995,1.2142959833145142,0.6404299736022949
8.57808349609375,2.794132080078125,5.5309814453124995,1.9124119281768799,0.5301368832588196
2.83188232421875,4.6974768066406245,8.8132568359375,0.7634033560752869,0.509170651435852
9.82683349609375,4.6974768066406245,8.8132568359375,2.9183189868927,0.7359354496002197
2.83188232421875,4.0435070800781245,8.8132568359375,0.7131353616714478,0.4677335023880005
2.83188232421875,4.6974768066406245,9.2434814453125,0.7721791863441467,0.5160964131355286
9.82683349609375,4.0435070800781245,9.2434814453125,2.842205762863159,0.7154027819633484
7.82688232421875,9.694976806640625,3.8632568359375004,2.299328565597534,0.707877516746521
4.83183349609375,9.694976806640625,3.8632568359375004,1.3704149723052979,0.6303799152374268
7.82688232421875,9.041007080078126,3.8632568359375004,2.2643439769744873,0.6961736083030701
7.82688232421875,9.694976806640625,4.2934814453125,2.3524205684661865,0.7256759405136108
4.83183349609375,9.041007080078126,4.2934814453125,1.3843777179718018,0.6373171210289001
5.3293823242187495,2.1987268066406247,6.3382568359375,0.9334120750427246,0.3702104985713959
7.32933349609375,2.1987268066406247,6.3382568359375,1.4454314708709717,0.45239368081092834
5.3293823242187495,6.542257080078125,6.3382568359375,1.5412191152572632,0.6557976007461548
5.3293823242187495,2.1987268066406247,1.8184814453125002,0.3375604748725891,0.10332497209310532
7.32933349609375,6.542257080078125,1.8184814453125002,1.388617753982544,0.433544784784317
0.33438232421875,7.196226806640625,1.3882568359375,0.25268274545669556,0.2616948187351227
2.3343334960937496,7.196226806640625,1.3882568359375,0.340679407119751,0.21559324860572815
0.33438232421875,1.5447570800781247,1.3882568359375,0.24658122658729553,0.0949554443359375
0.33438232421875,7.196226806640625,6.7684814453125,0.27221423387527466,0.3574325144290924
2.3343334960937496,1.5447570800781247,6.7684814453125,0.3083534836769104,0.14041616022586823
0.49047607421875,4.541304931640624,4.9460693359375,0.2653653919696808,0.25651103258132935
3.11480224609375,4.541304931640624,4.9460693359375,0.6804830431938171,0.41116195917129517
0.49047607421875,9.821866455078125,4.9460693359375,0.29224690794944763,0.3981671929359436
0.49047607421875,4.541304931640624,5.3762939453125,0.2673536539077759,0.26228058338165283
3.11480224609375,9.821866455078125,5.3762939453125,0.9622774720191956,0.6221538186073303
5.48547607421875,9.538804931640625,9.8960693359375,1.838199496269226,0.7753764390945435
8.10980224609375,9.538804931640625,9.8960693359375,2.716082811355591,0.8195957541465759
5.48547607421875,4.824366455078125,9.8960693359375,1.5821810960769653,0.6572113037109375
5.48547607421875,9.538804931640625,0.4262939453125,0.5107026696205139,0.17915087938308716
8.10980224609375,4.824366455078125,0.4262939453125,0.4217434525489807,0.09740186482667923
7.98297607421875,2.0425549316406246,2.4710693359375,0.7986993789672852,0.21289189159870148
0.6173022460937501,2.0425549316406246,2.4710693359375,0.2515554130077362,0.12751178443431854
7.98297607421875,2.3256164550781246,2.4710693359375,0.9237495064735413,0.25183138251304626
7.98297607421875,2.0425549316406246,2.9012939453125,0.9404852390289307,0.2568892538547516
0.6173022460937501,2.3256164550781246,2.9012939453125,0.2535575330257416,0.14486552774906158
2.98797607421875,7.040054931640625,7.4210693359375,0.9002488851547241,0.5946001410484314
5.6123022460937495,7.040054931640625,7.4210693359375,1.7073336839675903,0.7000757455825806
2.98797607421875,7.323116455078124,7.4210693359375,0.9112955331802368,0.6033081412315369
2.98797607421875,7.040054931640625,7.8512939453125,0.9113348722457886,0.602988064289093
5.6123022460937495,7.323116455078124,7.8512939453125,1.7382534742355347,0.7140344381332397
4.23672607421875,0.793179931640625,8.6585693359375,0.3244537115097046,0.09072483330965042
6.86105224609375,0.793179931640625,8.6585693359375,0.5623373985290527,0.15414687991142273
4.23672607421875,6.073741455078125,8.6585693359375,1.259143352508545,0.6441981196403503
4.23672607421875,0.793179931640625,6.6137939453125,0.30343204736709595,0.0788702592253685
6.86105224609375,6.073741455078125,6.6137939453125,2.000373125076294,0.6899173855781555
9.23172607421875,5.790679931640624,3.7085693359375003,2.4014761447906494,0.6324837803840637
1.86605224609375,5.790679931640624,3.7085693359375003,0.41154739260673523,0.32451140880584717
9.23172607421875,1.0762414550781247,3.7085693359375003,0.702551543712616,0.15859118103981018
9.23172607421875,5.790679931640624,1.6637939453125001,1.6806139945983887,0.4280920922756195
1.86605224609375,1.0762414550781247,1.6637939453125001,0.2537768483161926,0.06787475943565369
6.73422607421875,3.2919299316406248,6.1835693359374995,1.574273943901062,0.5392529964447021
9.35855224609375,3.2919299316406248,6.1835693359374995,2.3504390716552734,0.6103655695915222
6.73422607421875,3.5749914550781248,6.1835693359374995,1.6293259859085083,0.560228168964386
6.73422607421875,3.2919299316406248,4.1387939453125,1.3423917293548584,0.45163485407829285
9.35855224609375,3.5749914550781248,4.1387939453125,2.138436794281006,0.5501968860626221
1.73922607421875,8.289429931640624,1.2335693359375002,0.30672550201416016,0.2252732813358307
4.36355224609375,8.289429931640624,1.2335693359375002,0.6456388831138611,0.2931273281574249
1.73922607421875,8.572491455078126,1.2335693359375002,0.30865997076034546,0.22866290807724
1.73922607421875,8.289429931640624,9.0887939453125,0.6121198534965515,0.5731744766235352
4.36355224609375,8.572491455078126,9.0887939453125,1.424172043800354,0.7205389142036438
2.36360107421875,1.4178674316406248,5.5648193359375,0.2904431223869324,0.11852428317070007
2.4904272460937498,1.4178674316406248,5.5648193359375,0.2944013476371765,0.11944460868835449
2.36360107421875,4.199678955078125,5.5648193359375,0.5122988820075989,0.3581671714782715
2.36360107421875,1.4178674316406248,8.4700439453125,0.31663548946380615,0.1429065316915512
2.4904272460937498,4.199678955078125,8.4700439453125,0.6302343606948853,0.44582119584083557
7.3586010742187495,6.415367431640624,0.6148193359375,0.6615685224533081,0.18502618372440338
7.48542724609375,6.415367431640624,0.6148193359375,0.6796053647994995,0.1878587007522583
7.3586010742187495,9.197178955078124,0.6148193359375,0.8985956311225891,0.2644630968570709
7.3586010742187495,6.415367431640624,3.5200439453125,1.8714375495910645,0.5998449921607971
7.48542724609375,9.197178955078124,3.5200439453125,2.1154563426971436,0.6747322082519531
9.85610107421875,3.9166174316406246,8.0398193359375,2.7722535133361816,0.6942757368087769
4.98792724609375,3.9166174316406246,8.0398193359375,1.2751802206039429,0.5633301734924316
9.85610107421875,6.698428955078124,8.0398193359375,3.092288017272949,0.7806441783905029
9.85610107421875,3.9166174316406246,1.0450439453125,0.991616427898407,0.22238653898239136
4.98792724609375,6.698428955078124,1.0450439453125,0.5787085890769958,0.22752633690834045
4.86110107421875,8.914117431640625,3.0898193359375004,1.2464258670806885,0.5642189383506775
9.98292724609375,8.914117431640625,3.0898193359375004,2.790351629257202,0.6892271637916565
4.86110107421875,1.7009289550781248,3.0898193359375004,0.35751792788505554,0.11828829348087311
4.86110107421875,8.914117431640625,5.9950439453125,1.4983443021774292,0.69175124168396
9.98292724609375,1.7009289550781248,5.9950439453125,1.867431879043579,0.4458968937397003
3.6123510742187497,2.6672424316406245,1.8523193359375,0.307596892118454,0.12164897471666336
8.73417724609375,2.6672424316406245,1.8523193359375,0.9365353584289551,0.23472385108470917
3.6123510742187497,0.45155395507812496,1.8523193359375,0.25262191891670227,0.03187577426433563
3.6123510742187497,2.6672424316406245,9.7075439453125,0.7651649713516235,0.412439227104187
8.73417724609375,0.45155395507812496,9.7075439453125,0.38543349504470825,0.06762436777353287
8.60735107421875,7.664742431640624,6.8023193359375,2.6872007846832275,0.7651498317718506
3.73917724609375,7.664742431640624,6.8023193359375,1.132179856300354,0.6386743187904358
8.60735107421875,5.449053955078124,6.8023193359375,2.510258197784424,0.7109265327453613
8.60735107421875,7.664742431640624,4.7575439453124995,2.5343525409698486,0.7179152369499207
3.73917724609375,5.449053955078124,4.7575439453124995,0.9003188610076904,0.49099448323249817
6.10985107421875,0.168492431640625,4.3273193359375,0.25357887148857117,0.014996873214840889
6.23667724609375,0.168492431640625,4.3273193359375,0.2536204159259796,0.014979055151343346
6.10985107421875,7.9478039550781245,4.3273193359375,1.722338318824768,0.6530823111534119
6.10985107421875,0.168492431640625,2.2825439453125003,0.25066354870796204,0.013191275298595428
6.23667724609375,7.9478039550781245,2.2825439453125003,1.3985430002212524,0.5093821287155151
1.11485107421875,5.165992431640625,9.2773193359375,0.37825459241867065,0.3863601088523865
1.24167724609375,5.165992431640625,9.2773193359375,0.4031771421432495,0.4003157913684845
1.11485107421875,2.9503039550781245,9.2773193359375,0.31222298741340637,0.24705351889133453
1.11485107421875,5.165992431640625,7.2325439453125,0.3552163243293762,0.35127779841423035
1.24167724609375,2.9503039550781245,7.2325439453125,0.3073655366897583,0.22934584319591522
0.80266357421875,0.48083618164062497,0.3054443359375,0.24563433229923248,0.02906486764550209
9.04636474609375,0.48083618164062497,0.3054443359375,0.2536048889160156,0.021600790321826935
0.80266357421875,7.010772705078124,0.3054443359375,0.25557783246040344,0.19376161694526672
0.80266357421875,0.48083618164062497,4.4481689453125,0.24760214984416962,0.040979452431201935
9.04636474609375,7.010772705078124,4.4481689453125,2.587348222732544,0.699560284614563
5.79766357421875,5.478336181640625,5.2554443359375,1.5283963680267334,0.6009426712989807
4.05136474609375,5.478336181640625,5.2554443359375,1.0223913192749023,0.5295663475990295
5.79766357421875,2.013272705078125,5.2554443359375,0.8863354325294495,0.3227422833442688
5.79766357421875,5.478336181640625,9.3981689453125,1.724226713180542,0.6865999102592468
4.05136474609375,2.013272705078125,9.3981689453125,0.7213819622993469,0.34597349166870117
8.29516357421875,2.9795861816406246,2.7804443359375,1.3376044034957886,0.3686690330505371
6.54886474609375,2.9795861816406246,2.7804443359375,0.9395076036453247,0.30988287925720215
8.29516357421875,4.512022705078125,2.7804443359375,1.7054553031921387,0.48265713453292847
8.29516357421875,2.9795861816406246,6.9231689453125,2.0153603553771973,0.5802180767059326
6.54886474609375,4.512022705078125,6.9231689453125,1.7643309831619263,0.6281669735908508
3.30016357421875,7.977086181640624,7.7304443359375,1.0381883382797241,0.6446429491043091
1.55386474609375,7.977086181640624,7.7304443359375,0.5341504216194153,0.5230453014373779
3.30016357421875,9.509522705078124,7.7304443359375,1.0873011350631714,0.6799295544624329
3.30016357421875,7.977086181640624,1.9731689453125,0.6116406321525574,0.34988459944725037
1.55386474609375,9.509522705078124,1.9731689453125,0.34943637251853943,0.30187031626701355
4.54891357421875,4.228961181640624,6.4929443359375,1.1174079179763794,0.527574360370636
0.30511474609375,4.228961181640624,6.4929443359375,0.2592313885688782,0.2582523226737976
4.54891357421875,8.260147705078126,6.4929443359375,1.3953500986099243,0.6786733269691467
4.54891357421875,4.228961181640624,3.2106689453125004,0.8125911951065063,0.3666165769100189
0.30511474609375,8.260147705078126,3.2106689453125004,0.26066985726356506,0.32772397994995117
9.54391357421875,9.226461181640625,1.5429443359375001,2.07352876663208,0.5218735337257385
5.30011474609375,9.226461181640625,1.5429443359375001,1.003756046295166,0.4093450903892517
9.54391357421875,3.2626477050781246,1.5429443359375001,1.117784857749939,0.2630569040775299
9.54391357421875,9.226461181640625,8.1606689453125,3.138129234313965,0.8180773854255676
5.30011474609375,3.2626477050781246,8.1606689453125,1.272261619567871,0.5312610268592834
7.04641357421875,1.7302111816406247,8.9679443359375,1.3483444452285767,0.4343375861644745
2.80261474609375,1.7302111816406247,8.9679443359375,0.3994300663471222,0.20535774528980255
7.04641357421875,0.7638977050781249,8.9679443359375,0.5753110647201538,0.15475773811340332
7.04641357421875,1.7302111816406247,5.6856689453125,1.0983468294143677,0.3443725109100342
2.80261474609375,0.7638977050781249,5.6856689453125,0.27054139971733093,0.06777136027812958
2.05141357421875,6.7277111816406245,4.0179443359375,0.502408504486084,0.39688125252723694
7.79761474609375,6.7277111816406245,4.0179443359375,2.1143317222595215,0.6484243273735046
2.05141357421875,5.761397705078124,4.0179443359375,0.4624130427837372,0.3543109893798828
2.05141357421875,6.7277111816406245,0.7356689453125,0.28463247418403625,0.16941386461257935
7.79761474609375,5.761397705078124,0.7356689453125,0.7416718602180481,0.2001151740550995
1.4270385742187501,3.6042736816406244,9.5866943359375,0.37920859456062317,0.3217897415161133
5.92448974609375,3.6042736816406244,9.5866943359375,1.5621845722198486,0.6031785011291504
1.4270385742187501,1.3885852050781249,9.5866943359375,0.2814355790615082,0.13162706792354584
1.4270385742187501,3.6042736816406244,1.3544189453125002,0.26460570096969604,0.15382260084152222
5.92448974609375,1.3885852050781249,1.3544189453125002,0.2826986014842987,0.06356389075517654
6.42203857421875,8.601773681640625,4.6366943359374995,1.8853473663330078,0.6882503628730774
0.92948974609375,8.601773681640625,4.6366943359374995,0.34331420063972473,0.39169883728027344
6.42203857421875,6.386085205078125,4.6366943359374995,1.740422248840332,0.6303221583366394
6.42203857421875,8.601773681640625,6.3044189453124995,1.9992763996124268,0.7338696122169495
0.92948974609375,6.386085205078125,6.3044189453124995,0.33825239539146423,0.3676711916923523
8.91953857421875,1.1055236816406249,7.1116943359375,1.2303353548049927,0.31266433000564575
8.42198974609375,1.1055236816406249,7.1116943359375,1.1154512166976929,0.29546141624450684
8.91953857421875,8.884835205078126,7.1116943359375,2.8712446689605713,0.7939410209655762
8.91953857421875,1.1055236816406249,8.7794189453125,1.3712929487228394,0.3533865809440613
8.42198974609375,8.884835205078126,8.7794189453125,2.766134023666382,0.8061732649803162
3.92453857421875,6.103023681640624,2.1616943359375003,0.668611466884613,0.3340153098106384
3.4269897460937497,6.103023681640624,2.1616943359375003,0.5685790777206421,0.30883392691612244
3.92453857421875,3.8873352050781245,2.1616943359375003,0.46369796991348267,0.21145188808441162
3.92453857421875,6.103023681640624,3.8294189453125003,0.9164906740188599,0.48129159212112427
3.4269897460937497,3.8873352050781245,3.8294189453125003,0.6004995107650757,0.32573172450065613
2.6757885742187497,2.3548986816406248,3.3991943359375,0.312538206577301,0.1504388004541397
4.6757397460937495,2.3548986816406248,3.3991943359375,0.5315344929695129,0.21239180862903595
2.6757885742187497,2.637960205078125,3.3991943359375,0.3275529444217682,0.1668774038553238
2.6757885742187497,2.3548986816406248,0.11691894531250001,0.25565576553344727,0.07711830735206604
4.6757397460937495,2.637960205078125,0.11691894531250001,0.2648102641105652,0.06564263254404068
7.67078857421875,7.352398681640624,8.3491943359375,2.426147699356079,0.7653930187225342
9.67073974609375,7.352398681640624,8.3491943359375,3.0890872478485107,0.7942560911178589
7.67078857421875,7.635460205078124,8.3491943359375,2.4422292709350586,0.7708641290664673
7.67078857421875,7.352398681640624,5.0669189453125,2.244253396987915,0.7030496597290039
9.67073974609375,7.635460205078124,5.0669189453125,2.906247615814209,0.7433890700340271
5.17328857421875,4.853648681640625,0.9241943359375,0.4018440842628479,0.13931851089000702
2.17823974609375,4.853648681640625,0.9241943359375,0.27970489859580994,0.15070068836212158
5.17328857421875,5.136710205078124,0.9241943359375,0.42557647824287415,0.15014024078845978
5.17328857421875,4.853648681640625,7.5419189453125,1.414191722869873,0.612224817276001
2.17823974609375,5.136710205078124,7.5419189453125,0.5903984904289246,0.4585599899291992
0.17828857421875002,9.851148681640625,5.8741943359375,0.26034748554229736,0.39749622344970703
7.17323974609375,9.851148681640625,5.8741943359375,2.2742552757263184,0.7604649662971497
0.17828857421875002,0.13921020507812498,5.8741943359375,0.24474398791790009,0.013061865232884884
0.17828857421875002,9.851148681640625,2.5919189453125,0.25357183814048767,0.34517791867256165
7.17323974609375,0.13921020507812498,2.5919189453125,0.2505035996437073,0.011187040247023106
0.25633544921875,3.370015869140625,1.1562255859375001,0.2475832849740982,0.16602958738803864
0.85144287109375,3.370015869140625,1.1562255859375001,0.2546384036540985,0.15395696461200714
0.25633544921875,4.746280517578125,1.1562255859375001,0.2485860288143158,0.20601923763751984
0.25633544921875,3.370015869140625,0.9677001953125,0.24764658510684967,0.16265350580215454
0.85144287109375,4.746280517578125,0.9677001953125,0.256762832403183,0.181718111038208
5.25133544921875,8.367515869140625,6.1062255859375,1.6042187213897705,0.6950389742851257
5.84644287109375,8.367515869140625,6.1062255859375,1.7932356595993042,0.7113683223724365
5.25133544921875,9.743780517578125,6.1062255859375,1.6592886447906494,0.7214495539665222
5.25133544921875,8.367515869140625,5.9177001953124995,1.5943665504455566,0.690352737903595
5.84644287109375,9.743780517578125,5.9177001953124995,1.8412892818450928,0.73232501745224
7.74883544921875,0.871265869140625,3.6312255859375,0.3465651571750641,0.0718579962849617
3.3489428710937497,0.871265869140625,3.6312255859375,0.269599586725235,0.06662949174642563
7.74883544921875,7.245030517578124,3.6312255859375,2.0823473930358887,0.641571044921875
7.74883544921875,0.871265869140625,8.3927001953125,0.8123869895935059,0.219879612326622
3.3489428710937497,7.245030517578124,8.3927001953125,1.040204405784607,0.6376170516014099
2.75383544921875,5.868765869140624,8.5812255859375,0.8062173128128052,0.5577011108398438
8.34394287109375,5.868765869140624,8.5812255859375,2.550229549407959,0.7453519701957703
2.75383544921875,2.2475305175781246,8.5812255859375,0.4733319580554962,0.2751970589160919
2.75383544921875,5.868765869140624,3.4427001953125003,0.5764726996421814,0.374622642993927
8.34394287109375,2.2475305175781246,3.4427001953125003,1.268541693687439,0.34540024399757385
4.00258544921875,2.1206408691406247,7.3437255859374995,0.6622527241706848,0.3156389594078064
9.59269287109375,2.1206408691406247,7.3437255859374995,2.134338140487671,0.536808967590332
4.00258544921875,0.9981555175781249,7.3437255859374995,0.3343384861946106,0.1075371578335762
4.00258544921875,2.1206408691406247,2.2052001953125,0.3104766607284546,0.11139822006225586
9.59269287109375,0.9981555175781249,2.2052001953125,0.3366972804069519,0.058942992240190506
8.99758544921875,7.118140869140625,2.3937255859375,2.1304664611816406,0.5691896677017212
4.5976928710937495,7.118140869140625,2.3937255859375,0.9435195326805115,0.4334256649017334
8.99758544921875,5.9956555175781245,2.3937255859375,1.996658205986023,0.5302730202674866
8.99758544921875,7.118140869140625,7.1552001953125,2.798196315765381,0.7658198475837708
4.5976928710937495,5.9956555175781245,7.1552001953125,1.3162180185317993,0.629319429397583
6.50008544921875,4.6193908691406245,9.8187255859375,1.8772399425506592,0.6774080991744995
7.09519287109375,4.6193908691406245,9.8187255859375,2.065366268157959,0.6923015117645264
6.50008544921875,8.494405517578125,9.8187255859375,2.1352620124816895,0.779535174369812
6.50008544921875,4.6193908691406245,9.6302001953125,1.8712656497955322,0.6750621795654297
7.09519287109375,8.494405517578125,9.6302001953125,2.3282644748687744,0.7883647084236145
1.50508544921875,9.616890869140626,4.8687255859375,0.49040794372558594,0.4842281639575958
2.10019287109375,9.616890869140626,4.8687255859375,0.6443722248077393,0.5343780517578125
1.50508544921875,3.4969055175781247,4.8687255859375,0.31642472743988037,0.23135647177696228
1.50508544921875,9.616890869140626,4.6802001953125,0.48334449529647827,0.4756099283695221
2.10019287109375,3.4969055175781247,4.6802001953125,0.3764210343360901,0.25229761004447937
2.1294604492187497,0.24657836914062498,9.1999755859375,0.25250571966171265,0.025101305916905403
3.97331787109375,0.24657836914062498,9.1999755859375,0.2605147063732147,0.025783684104681015
2.1294604492187497,9.119093017578125,9.1999755859375,0.7461453676223755,0.6273362040519714
2.1294604492187497,0.24657836914062498,2.8239501953125004,0.24761684238910675,0.02001570351421833
3.97331787109375,9.119093017578125,2.8239501953125004,0.9695325493812561,0.509614884853363
7.12446044921875,5.244078369140625,4.2499755859374995,1.7913724184036255,0.5896114706993103
8.96831787109375,5.244078369140625,4.2499755859374995,2.3454177379608154,0.6341991424560547
7.12446044921875,4.121593017578125,4.2499755859374995,1.6304715871810913,0.531462550163269
7.12446044921875,5.244078369140625,7.7739501953125,2.067234754562378,0.6901160478591919
8.96831787109375,4.121593017578125,7.7739501953125,2.5103039741516113,0.6834776997566223
9.62196044921875,2.7453283691406245,6.7249755859375,2.327401876449585,0.587929904460907
1.47581787109375,2.7453283691406245,6.7249755859375,0.3143545687198639,0.21720702946186066
9.62196044921875,1.6228430175781248,6.7249755859375,1.8054171800613403,0.44550544023513794
9.62196044921875,2.7453283691406245,5.2989501953125,2.1664199829101562,0.5434533953666687
1.47581787109375,1.6228430175781248,5.2989501953125,0.2723750174045563,0.12690061330795288
4.62696044921875,7.742828369140624,1.7749755859375,0.8375792503356934,0.37648236751556396
6.47081787109375,7.742828369140624,1.7749755859375,1.272571086883545,0.44309818744659424
4.62696044921875,6.620343017578124,1.7749755859375,0.7597453594207764,0.3358975946903229
4.62696044921875,7.742828369140624,0.34895019531250004,0.34064340591430664,0.12312009185552597
6.47081787109375,6.620343017578124,0.34895019531250004,0.4006725549697876,0.11300285905599594
3.37821044921875,3.9947033691406246,3.0124755859375,0.5126128196716309,0.27156713604927063
5.22206787109375,3.9947033691406246,3.0124755859375,0.900517463684082,0.3644656538963318
3.37821044921875,5.370968017578124,3.0124755859375,0.6354833841323853,0.3561083674430847
3.37821044921875,3.9947033691406246,4.0614501953125,0.6224652528762817,0.3445776700973511
5.22206787109375,5.370968017578124,4.0614501953125,1.2336610555648804,0.5213561654090881
8.37321044921875,8.992203369140626,7.9624755859375,2.7281200885772705,0.7986817359924316
0.22706787109375,8.992203369140626,7.9624755859375,0.2691529393196106,0.4075348675251007
8.37321044921875,0.373468017578125,7.9624755859375,0.3104862570762634,0.04292380437254906
8.37321044921875,8.992203369140626,9.0114501953125,2.7611923217773438,0.8091137409210205
0.22706787109375,0.373468017578125,9.0114501953125,0.24538752436637878,0.03624744340777397
5.87571044921875,1.4959533691406248,0.5374755859375,0.266694575548172,0.053138043731451035
7.71956787109375,1.4959533691406248,0.5374755859375,0.2754872739315033,0.04792281985282898
5.87571044921875,2.8722180175781244,0.5374755859375,0.2906331419944763,0.07354480773210526
5.87571044921875,1.4959533691406248,6.5364501953125,0.7904707193374634,0.2772403657436371
7.71956787109375,2.8722180175781244,6.5364501953125,1.7872869968414307,0.5448638796806335
0.8807104492187501,6.493453369140624,5.4874755859375,0.3223571181297302,0.3490978181362152
2.72456787109375,6.493453369140624,5.4874755859375,0.733234703540802,0.5045453310012817
0.8807104492187501,7.8697180175781245,5.4874755859375,0.34137678146362305,0.39408546686172485
0.8807104492187501,6.493453369140624,1.5864501953125,0.2685335576534271,0.23468531668186188
2.72456787109375,7.8697180175781245,1.5864501953125,0.43257057666778564,0.2666228115558624
1.1928979492187501,1.8082971191406247,3.9406005859375,0.262471079826355,0.1264674961566925
7.40738037109375,1.8082971191406247,3.9406005859375,0.9594524502754211,0.2817886769771576
1.1928979492187501,1.9351867675781247,3.9406005859375,0.26450201869010925,0.1338711827993393
1.1928979492187501,1.8082971191406247,9.3208251953125,0.2843482494354248,0.16252771019935608
7.40738037109375,1.9351867675781247,9.3208251953125,1.5572479963302612,0.48679107427597046
6.18789794921875,6.805797119140625,8.8906005859375,1.9264203310012817,0.7297681570053101
2.4123803710937497,6.805797119140625,8.8906005859375,0.7561630010604858,0.5759643316268921
6.18789794921875,6.932686767578124,8.8906005859375,1.933201551437378,0.7326101660728455
6.18789794921875,6.805797119140625,4.3708251953124995,1.6743943691253662,0.6255511045455933
2.4123803710937497,6.932686767578124,4.3708251953124995,0.6154277920722961,0.4516245722770691
8.68539794921875,4.307047119140624,1.4656005859375,1.1685932874679565,0.3032683730125427
9.90488037109375,4.307047119140624,1.4656005859375,1.4256865978240967,0.33294442296028137
8.68539794921875,9.431436767578125,1.4656005859375,1.817500352859497,0.49544036388397217
8.68539794921875,4.307047119140624,1.8958251953125,1.410627841949463,0.37425071001052856
9.90488037109375,9.431436767578125,1.8958251953125,2.387416124343872,0.5865559577941895
3.6903979492187498,9.304547119140626,6.4156005859375,1.164219856262207,0.6672123670578003
4.90988037109375,9.304547119140626,6.4156005859375,1.5474845170974731,0.7103968858718872
3.6903979492187498,4.433936767578125,6.4156005859375,0.897269606590271,0.493240624666214
3.6903979492187498,9.304547119140626,6.8458251953125,1.1781853437423706,0.6761987209320068
4.90988037109375,4.433936767578125,6.8458251953125,1.2612780332565308,0.564778208732605
4.93914794921875,3.0576721191406246,7.6531005859375,1.1134599447250366,0.48690956830978394
3.66113037109375,3.0576721191406246,7.6531005859375,0.7782638072967529,0.41760462522506714
4.93914794921875,3.1845617675781246,7.6531005859375,1.1354726552963257,0.49803638458251953
4.93914794921875,3.0576721191406246,8.0833251953125,1.1322640180587769,0.49626225233078003
3.66113037109375,3.1845617675781246,8.0833251953125,0.8122591972351074,0.4395867586135864
9.93414794921875,8.055172119140625,2.7031005859375004,2.6004507541656494,0.6416500210762024
8.65613037109375,8.055172119140625,2.7031005859375004,2.2174861431121826,0.6173743605613708
9.93414794921875,8.182061767578125,2.7031005859375004,2.6113345623016357,0.6445630788803101
9.93414794921875,8.055172119140625,3.1333251953125,2.719306468963623,0.6735170483589172
8.65613037109375,8.182061767578125,3.1333251953125,2.336531400680542,0.6535047888755798
7.43664794921875,0.558922119140625,5.1781005859375,0.30857524275779724,0.05316965654492378
1.1636303710937501,0.558922119140625,5.1781005859375,0.25047528743743896,0.04849556088447571
7.43664794921875,5.683311767578124,5.1781005859375,2.040411949157715,0.6528468132019043
7.43664794921875,0.558922119140625,0.6583251953125,0.2556956708431244,0.027891645208001137
1.1636303710937501,5.683311767578124,0.6583251953125,0.26171666383743286,0.1777336597442627
2.44164794921875,5.556422119140625,0.22810058593750002,0.26961541175842285,0.12418602406978607
6.15863037109375,5.556422119140625,0.22810058593750002,0.3197125494480133,0.08571959286928177
2.44164794921875,0.6858117675781249,0.22810058593750002,0.24759620428085327,0.035588864237070084
2.44164794921875,5.556422119140625,5.6083251953125,0.6184093356132507,0.4468388855457306
6.15863037109375,0.6858117675781249,5.6083251953125,0.31753474473953247,0.0674407035112381
1.81727294921875,4.931734619140625,5.7968505859374995,0.4494395852088928,0.3669604957103729
8.03175537109375,4.931734619140625,5.7968505859374995,2.1952993869781494,0.65687495470047
1.81727294921875,6.307999267578125,5.7968505859374995,0.5072741508483887,0.43601465225219727
1.81727294921875,4.931734619140625,7.4645751953124995,0.4914361834526062,0.41254672408103943
8.03175537109375,6.307999267578125,7.4645751953124995,2.438314437866211,0.7363997101783752
6.81227294921875,9.929234619140624,0.8468505859375,1.0194597244262695,0.32917872071266174
3.03675537109375,9.929234619140624,0.8468505859375,0.39259234070777893,0.21647021174430847
6.81227294921875,1.3104992675781248,0.8468505859375,0.2736773192882538,0.0514100007712841
6.81227294921875,9.929234619140624,2.5145751953125,1.7485448122024536,0.5995420217514038
3.03675537109375,1.3104992675781248,2.5145751953125,0.27067333459854126,0.08355920016765594
9.30977294921875,2.432984619140625,8.2718505859375,2.244311571121216,0.5839256644248962
5.53425537109375,2.432984619140625,8.2718505859375,1.165269374847412,0.4616613984107971
9.30977294921875,3.8092492675781244,8.2718505859375,2.5923142433166504,0.6825945377349854
9.30977294921875,2.432984619140625,4.9895751953125,1.9155690670013428,0.49048876762390137
5.53425537109375,3.8092492675781244,4.9895751953125,1.2253291606903076,0.4898003041744232
4.31477294921875,7.430484619140624,3.3218505859375003,1.0464075803756714,0.5157023072242737
0.53925537109375,7.430484619140624,3.3218505859375003,0.27247756719589233,0.30981963872909546
4.31477294921875,8.806749267578125,3.3218505859375003,1.1185156106948853,0.5563656687736511
4.31477294921875,7.430484619140624,9.9395751953125,1.3802855014801025,0.7027063369750977
0.53925537109375,8.806749267578125,9.9395751953125,0.3281605839729309,0.46370401978492737
3.06602294921875,1.183609619140625,2.0843505859375,0.26461154222488403,0.07320598512887955
1.78800537109375,1.183609619140625,2.0843505859375,0.2555333375930786,0.07679320126771927
3.06602294921875,7.557374267578124,2.0843505859375,0.5645592212677002,0.3373575210571289
3.06602294921875,1.183609619140625,6.2270751953125,0.30451706051826477,0.1090228408575058
1.78800537109375,7.557374267578124,6.2270751953125,0.5532509088516235,0.4953781068325043
8.06102294921875,6.181109619140624,7.0343505859375,2.4163262844085693,0.7266232371330261
6.78300537109375,6.181109619140624,7.0343505859375,2.0062568187713623,0.6996898651123047
8.06102294921875,2.5598742675781248,7.0343505859375,1.834291934967041,0.5379200577735901
8.06102294921875,6.181109619140624,1.2770751953125001,1.227567434310913,0.3447525203227997
6.78300537109375,2.5598742675781248,1.2770751953125001,0.37260180711746216,0.09757344424724579
5.56352294921875,3.6823596191406245,4.5593505859375,1.1663607358932495,0.46107545495033264
4.28550537109375,3.6823596191406245,4.5593505859375,0.8403806090354919,0.4007895588874817
5.56352294921875,0.061124267578124995,4.5593505859375,0.24766461551189423,0.00558632193133235
5.56352294921875,3.6823596191406245,3.7520751953125,1.0594884157180786,0.4136587083339691
4.28550537109375,0.061124267578124995,3.7520751953125,0.2467443346977234,0.005400446243584156
0.56852294921875,8.679859619140625,9.5093505859375,0.3301442563533783,0.45812293887138367
9.28050537109375,8.679859619140625,9.5093505859375,3.066237688064575,0.819997251033783
0.56852294921875,5.058624267578124,9.5093505859375,0.2943046987056732,0.33064326643943787
0.56852294921875,8.679859619140625,8.7020751953125,0.3251696228981018,0.44699031114578247
9.28050537109375,5.058624267578124,8.7020751953125,2.7801806926727295,0.7383425831794739
0.41242919921875004,0.7150939941406249,6.8796630859375,0.24843282997608185,0.06394351273775101
6.00253662109375,0.7150939941406249,6.8796630859375,0.3454550504684448,0.0812179446220398
0.41242919921875004,3.653077392578125,6.8796630859375,0.26328498125076294,0.23965993523597717
0.41242919921875004,0.7150939941406249,9.7848876953125,0.24941186606884003,0.06797974556684494
6.00253662109375,3.653077392578125,9.7848876953125,1.5993033647537231,0.6116071343421936
5.4074291992187495,5.712593994140624,1.9296630859375001,0.8926172852516174,0.3506208658218384
1.00753662109375,5.712593994140624,1.9296630859375001,0.27367642521858215,0.22747860848903656
5.4074291992187495,8.650577392578125,1.9296630859375001,1.1256489753723145,0.45695582032203674
5.4074291992187495,5.712593994140624,4.8348876953125,1.3983089923858643,0.5807769298553467
1.00753662109375,8.650577392578125,4.8348876953125,0.3622780442237854,0.40718016028404236
7.90492919921875,3.2138439941406247,9.3546630859375,2.086287260055542,0.631481409072876
8.50003662109375,3.2138439941406247,9.3546630859375,2.270282745361328,0.6457564830780029
7.90492919921875,6.151827392578125,9.3546630859375,2.4551680088043213,0.753461480140686
7.90492919921875,3.2138439941406247,2.3598876953125,1.1685770750045776,0.33205825090408325
8.50003662109375,6.151827392578125,2.3598876953125,1.8674472570419312,0.5208647847175598
2.90992919921875,8.211343994140625,4.4046630859375,0.7983200550079346,0.5305202007293701
3.50503662109375,8.211343994140625,4.4046630859375,0.9653012156486511,0.5643901228904724
2.90992919921875,1.1543273925781248,4.4046630859375,0.28151363134384155,0.09147724509239197
2.90992919921875,8.211343994140625,7.3098876953125,0.9171590805053711,0.6219428181648254
3.50503662109375,1.1543273925781248,7.3098876953125,0.33442628383636475,0.12121143937110901
4.15867919921875,4.463218994140624,0.6921630859375,0.3045596778392792,0.1109616830945015
4.75378662109375,4.463218994140624,0.6921630859375,0.3195991814136505,0.10775956511497498
4.15867919921875,2.4037023925781247,0.6921630859375,0.2736292779445648,0.08117330819368362
4.15867919921875,4.463218994140624,8.5473876953125,1.1111916303634644,0.5678398609161377
4.75378662109375,2.4037023925781247,8.5473876953125,0.9642557501792908,0.42619699239730835
9.15367919921875,9.460718994140626,5.6421630859375,2.893296003341675,0.7804755568504333
9.74878662109375,9.460718994140626,5.6421630859375,3.089261054992676,0.7877623438835144
9.15367919921875,7.401202392578124,5.6421630859375,2.773280143737793,0.7457013726234436
9.15367919921875,9.460718994140626,3.5973876953125004,2.667386293411255,0.7145774364471436
9.74878662109375,7.401202392578124,3.5973876953125004,2.7074379920959473,0.6829012036323547
6.65617919921875,1.9644689941406248,3.1671630859375,0.7176455855369568,0.22239921987056732
2.25628662109375,1.9644689941406248,3.1671630859375,0.2815799117088318,0.1255566030740738
6.65617919921875,9.899952392578125,3.1671630859375,1.8384448289871216,0.6473448276519775
6.65617919921875,1.9644689941406248,1.1223876953125,0.3046558201313019,0.07143768668174744
2.25628662109375,9.899952392578125,1.1223876953125,0.35664644837379456,0.23975840210914612
1.6611791992187501,6.961968994140625,8.1171630859375,0.542316734790802,0.5064375996589661
7.25128662109375,6.961968994140625,8.1171630859375,2.256291627883911,0.7464649677276611
1.6611791992187501,4.902452392578125,8.1171630859375,0.4672039747238159,0.4094795882701874
1.6611791992187501,6.961968994140625,6.0723876953125,0.4992808997631073,0.4566458761692047
7.25128662109375,4.902452392578125,6.0723876953125,1.972394585609436,0.6445120573043823
2.28555419921875,2.589156494140625,3.7859130859375,0.3134496808052063,0.16953173279762268
9.12441162109375,2.589156494140625,3.7859130859375,1.6914316415786743,0.4360516369342804
2.28555419921875,8.025889892578125,3.7859130859375,0.5893734097480774,0.4486751854419708
2.28555419921875,2.589156494140625,6.6911376953124995,0.39236485958099365,0.24362288415431976
9.12441162109375,8.025889892578125,6.6911376953124995,2.8733246326446533,0.7772701382637024
7.28055419921875,7.586656494140624,8.7359130859375,2.323147773742676,0.7675005793571472
4.12941162109375,7.586656494140624,8.7359130859375,1.3041704893112183,0.6859301924705505
7.28055419921875,3.0283898925781245,8.7359130859375,1.830297589302063,0.5917285680770874
7.28055419921875,7.586656494140624,1.7411376953125002,1.4467581510543823,0.45674970746040344
4.12941162109375,3.0283898925781245,1.7411376953125002,0.3385656774044037,0.13056063652038574
9.77805419921875,0.090406494140625,1.3109130859375002,0.24766652286052704,0.0064876750111579895
6.6269116210937495,0.090406494140625,1.3109130859375002,0.24667194485664368,0.00659073144197464
9.77805419921875,0.5296398925781249,1.3109130859375002,0.2666623592376709,0.02921341545879841
9.77805419921875,0.090406494140625,4.2161376953125,0.25262880325317383,0.008131841197609901
6.6269116210937495,0.5296398925781249,4.2161376953125,0.2824556529521942,0.044808726757764816
4.78305419921875,5.087906494140625,6.2609130859375,1.2593501806259155,0.5776607990264893
1.63191162109375,5.087906494140625,6.2609130859375,0.43129482865333557,0.3732527792453766
4.78305419921875,5.527139892578124,6.2609130859375,1.2972217798233032,0.5973213315010071
4.78305419921875,5.087906494140625,9.1661376953125,1.370242953300476,0.6348231434822083
1.63191162109375,5.527139892578124,9.1661376953125,0.5021747946739197,0.4591102600097656
3.53430419921875,1.3397814941406248,9.9734130859375,0.4263553321361542,0.18585006892681122
0.38316162109375,1.3397814941406248,9.9734130859375,0.2523585557937622,0.11814478784799576
3.53430419921875,6.776514892578124,9.9734130859375,1.1082143783569336,0.6538522243499756
3.53430419921875,1.3397814941406248,5.4536376953125,0.32648253440856934,0.12070553749799728
0.38316162109375,6.776514892578124,5.4536376953125,0.27036941051483154,0.33114397525787354
8.52930419921875,6.337281494140624,5.0234130859374995,2.4302966594696045,0.6921700835227966
5.37816162109375,6.337281494140624,5.0234130859374995,1.456376075744629,0.6107991337776184
8.52930419921875,1.7790148925781248,5.0234130859374995,1.3974334001541138,0.3767181932926178
8.52930419921875,6.337281494140624,0.5036376953125,0.7215980887413025,0.17737451195716858
5.37816162109375,1.7790148925781248,0.5036376953125,0.268561452627182,0.05968758836388588
6.03180419921875,3.8385314941406246,7.4984130859375,1.5472103357315063,0.5868374109268188
2.8806616210937497,3.8385314941406246,7.4984130859375,0.6722716689109802,0.42917728424072266
6.03180419921875,4.277764892578125,7.4984130859375,1.6072911024093628,0.6122312545776367
6.03180419921875,3.8385314941406246,2.9786376953125,1.0574932098388672,0.3832886219024658
2.8806616210937497,4.277764892578125,2.9786376953125,0.4475451409816742,0.2599492371082306
1.03680419921875,8.836031494140625,2.5484130859375003,0.30944904685020447,0.31405508518218994
7.87566162109375,8.836031494140625,2.5484130859375003,2.0016098022460938,0.6050180792808533
1.03680419921875,9.275264892578125,2.5484130859375003,0.31350457668304443,0.3228556513786316
1.03680419921875,8.836031494140625,7.9286376953125,0.4231615364551544,0.4982040822505951
7.87566162109375,9.275264892578125,7.9286376953125,2.573178291320801,0.7952467203140259
0.72461669921875,4.150875244140624,8.4265380859375,0.2952841818332672,0.28864747285842896
1.9440991210937502,4.150875244140624,8.4265380859375,0.49620023369789124,0.3942444622516632
0.72461669921875,0.841983642578125,8.4265380859375,0.25331398844718933,0.07748675346374512
0.72461669921875,4.150875244140624,0.1942626953125,0.24975112080574036,0.14610406756401062
1.9440991210937502,0.841983642578125,0.1942626953125,0.24761603772640228,0.042747195810079575
5.71961669921875,9.148375244140626,3.4765380859375004,1.5664093494415283,0.6258427500724792
6.93909912109375,9.148375244140626,3.4765380859375004,1.9363645315170288,0.6585980653762817
5.71961669921875,5.8394836425781245,3.4765380859375004,1.3364741802215576,0.5244665145874023
5.71961669921875,9.148375244140626,5.1442626953124995,1.7303824424743652,0.6981935501098633
6.93909912109375,5.8394836425781245,5.1442626953124995,1.899342656135559,0.6447850465774536
8.21711669921875,1.6521252441406247,5.9515380859375,1.3714536428451538,0.382356196641922
4.44159912109375,1.6521252441406247,5.9515380859375,0.5304048657417297,0.21662935614585876
8.21711669921875,8.338233642578125,5.9515380859375,2.5484132766723633,0.7554847002029419
8.21711669921875,1.6521252441406247,7.6192626953125,1.5313762426376343,0.4325690269470215
4.44159912109375,8.338233642578125,7.6192626953125,1.4041813611984253,0.6981912851333618
3.2221166992187498,6.6496252441406245,1.0015380859375,0.34958183765411377,0.1738376021385193
9.43659912109375,6.6496252441406245,1.0015380859375,1.3727047443389893,0.3348262906074524
3.2221166992187498,3.3407336425781247,1.0015380859375,0.28462955355644226,0.11446400731801987
3.2221166992187498,6.6496252441406245,2.6692626953125003,0.6394681930541992,0.37493473291397095
9.43659912109375,3.3407336425781247,2.6692626953125003,1.690476417541504,0.4216122031211853
4.47086669921875,0.402750244140625,4.7140380859375,0.2626819610595703,0.035498082637786865
8.18784912109375,0.402750244140625,4.7140380859375,0.2846381664276123,0.036380164325237274
4.47086669921875,4.590108642578125,4.7140380859375,1.0143853425979614,0.48046156764030457
4.47086669921875,0.402750244140625,1.4317626953125002,0.2515622675418854,0.026877690106630325
8.18784912109375,4.590108642578125,1.4317626953125002,1.1025996208190918,0.3008507192134857
9.46586669921875,5.400250244140625,9.6640380859375,2.912147045135498,0.7614336609840393
3.19284912109375,5.400250244140625,9.6640380859375,0.9283435344696045,0.5810531973838806
9.46586669921875,9.587608642578125,9.6640380859375,3.171078681945801,0.8338707089424133
9.46586669921875,5.400250244140625,6.3817626953125,2.7514002323150635,0.7158621549606323
3.19284912109375,9.587608642578125,6.3817626953125,1.0183079242706299,0.6494629979133606
6.96836669921875,2.9015002441406246,2.2390380859375,0.8405477404594421,0.2572927474975586
5.69034912109375,2.9015002441406246,2.2390380859375,0.6065381169319153,0.21142394840717316
6.96836669921875,7.088858642578124,2.2390380859375,1.5104305744171143,0.49933305382728577
6.96836669921875,2.9015002441406246,8.8567626953125,1.7142388820648193,0.57387775182724
5.69034912109375,7.088858642578124,8.8567626953125,1.7802356481552124,0.7237008810043335
1.97336669921875,7.899000244140624,7.1890380859375,0.6352992653846741,0.5469933748245239
0.69534912109375,7.899000244140624,7.1890380859375,0.32923367619514465,0.4143783152103424
1.97336669921875,2.0913586425781245,7.1890380859375,0.32641103863716125,0.18751928210258484
1.97336669921875,7.899000244140624,3.9067626953125,0.519351601600647,0.4281422793865204
0.69534912109375,2.0913586425781245,3.9067626953125,0.2564800977706909,0.14235326647758484
1.34899169921875,2.2768127441406247,1.6202880859375002,0.2575821876525879,0.1206698790192604
2.56847412109375,2.2768127441406247,1.6202880859375002,0.27257195115089417,0.11047039926052094
1.34899169921875,5.214796142578124,1.6202880859375002,0.27679502964019775,0.19917024672031403
1.34899169921875,2.2768127441406247,3.2880126953125,0.2676188349723816,0.14344334602355957
2.56847412109375,5.214796142578124,3.2880126953125,0.48549386858940125,0.3181394338607788
6.3439916992187495,7.274312744140624,6.5702880859374995,1.9173165559768677,0.7091866731643677
7.56347412109375,7.274312744140624,6.5702880859374995,2.3092877864837646,0.7352561950683594
6.3439916992187495,0.217296142578125,6.5702880859374995,0.26267096400260925,0.0214068666100502
6.3439916992187495,7.274312744140624,8.2380126953125,1.984267234802246,0.7363393902778625
7.56347412109375,0.217296142578125,8.2380126953125,0.2714514434337616,0.023069005459547043
8.84149169921875,4.7755627441406245,4.0952880859375,2.2143607139587402,0.6039864420890808
0.07097412109375,4.7755627441406245,4.0952880859375,0.2473762333393097,0.2547011077404022
8.84149169921875,2.716046142578125,4.0952880859375,1.7325077056884766,0.4616694152355194
8.84149169921875,4.7755627441406245,5.7630126953125,2.424255847930908,0.6668720245361328
0.07097412109375,2.716046142578125,5.7630126953125,0.2463243305683136,0.1841944009065628
3.84649169921875,9.773062744140624,9.0452880859375,1.2951568365097046,0.7249345779418945
5.06597412109375,9.773062744140624,9.0452880859375,1.6912407875061035,0.7612783312797546
3.84649169921875,7.713546142578124,9.0452880859375,1.2271332740783691,0.6820392608642578
3.84649169921875,9.773062744140624,0.8130126953125,0.4817723333835602,0.23013103008270264
5.06597412109375,7.713546142578124,0.8130126953125,0.557608962059021,0.2146868109703064
2.5977416992187496,3.5261877441406244,5.3327880859375,0.49335458874702454,0.3150040805339813
6.31472412109375,3.5261877441406244,5.3327880859375,1.4264004230499268,0.5134395360946655
2.5977416992187496,8.962921142578125,5.3327880859375,0.7842552065849304,0.5701223611831665
2.5977416992187496,3.5261877441406244,4.5255126953125,0.4513793885707855,0.2804865837097168
6.31472412109375,8.962921142578125,4.5255126953125,1.8603401184082031,0.6890847086906433
7.59274169921875,8.523687744140625,0.3827880859375,0.6875544190406799,0.18766401708126068
1.31972412109375,8.523687744140625,0.3827880859375,0.2666255831718445,0.1901339292526245
7.59274169921875,3.9654211425781245,0.3827880859375,0.3295941650867462,0.07406080514192581
7.59274169921875,8.523687744140625,9.4755126953125,2.4922077655792236,0.7956117987632751
1.31972412109375,3.9654211425781245,9.4755126953125,0.3762010335922241,0.33683449029922485
5.09524169921875,1.0274377441406248,7.8077880859375,0.44433310627937317,0.1459910273551941
8.81222412109375,1.0274377441406248,7.8077880859375,1.1843633651733398,0.30287906527519226
5.09524169921875,1.4666711425781247,7.8077880859375,0.6912825703620911,0.26714712381362915
5.09524169921875,1.0274377441406248,7.0005126953125,0.41136592626571655,0.13056030869483948
8.81222412109375,1.4666711425781247,7.0005126953125,1.5104340314865112,0.39824771881103516
0.10024169921875,6.024937744140624,2.8577880859375,0.2475232481956482,0.2743195593357086
3.81722412109375,6.024937744140624,2.8577880859375,0.7616435885429382,0.39835840463638306
0.10024169921875,6.464171142578125,2.8577880859375,0.24850653111934662,0.2864934206008911
0.10024169921875,6.024937744140624,2.0505126953125,0.24752062559127808,0.26226806640625
3.81722412109375,6.464171142578125,2.0505126953125,0.6495035290718079,0.33085185289382935
0.13926513671875002,3.9556604003906246,5.1394287109375,0.24945104122161865,0.23448404669761658
9.47562255859375,3.9556604003906246,5.1394287109375,2.4163150787353516,0.6211115121841431
0.13926513671875002,2.2084875488281246,5.1394287109375,0.24752569198608398,0.15573251247406006
0.13926513671875002,3.9556604003906246,7.8899658203125,0.25124111771583557,0.2520439028739929
9.47562255859375,2.2084875488281246,7.8899658203125,2.181342124938965,0.5564207434654236
5.13426513671875,8.953160400390624,0.18942871093750002,0.3496387302875519,0.11640378832817078
4.48062255859375,8.953160400390624,0.18942871093750002,0.32662340998649597,0.11879491060972214
5.13426513671875,7.205987548828125,0.18942871093750002,0.3206234276294708,0.1017652377486229
5.13426513671875,8.953160400390624,2.9399658203125,1.3013917207717896,0.5632652640342712
4.48062255859375,7.205987548828125,2.9399658203125,1.0214605331420898,0.48522403836250305
7.63176513671875,1.4569104003906248,7.6144287109375,1.2582955360412598,0.3723811209201813
6.97812255859375,1.4569104003906248,7.6144287109375,1.0992811918258667,0.3474387526512146
7.63176513671875,9.704737548828126,7.6144287109375,2.4981279373168945,0.7937015891075134
7.63176513671875,1.4569104003906248,0.4649658203125,0.2715457081794739,0.046127062290906906
6.97812255859375,9.704737548828126,0.4649658203125,0.7496587634086609,0.2255786657333374
2.6367651367187497,6.454410400390624,2.6644287109375,0.5055039525032043,0.33084577322006226
1.98312255859375,6.454410400390624,2.6644287109375,0.3895833492279053,0.29115262627601624
2.6367651367187497,4.707237548828124,2.6644287109375,0.40760472416877747,0.24715790152549744
2.6367651367187497,6.454410400390624,5.4149658203125,0.7052575349807739,0.49455633759498596
1.98312255859375,4.707237548828124,5.4149658203125,0.45945483446121216,0.3549334704875946
3.88551513671875,0.20753540039062499,1.4269287109375002,0.24744154512882233,0.014902970753610134
0.7343725585937501,0.20753540039062499,1.4269287109375002,0.24555504322052002,0.015473281033337116
3.88551513671875,3.4578625488281247,1.4269287109375002,0.3237493932247162,0.12873737514019012
3.88551513671875,0.20753540039062499,9.1274658203125,0.2576017677783966,0.021620959043502808
0.7343725585937501,3.4578625488281247,9.1274658203125,0.2892266511917114,0.25869661569595337
8.88051513671875,5.205035400390624,6.3769287109374995,2.5413546562194824,0.6989782452583313
5.72937255859375,5.205035400390624,6.3769287109374995,1.5592803955078125,0.6211593151092529
8.88051513671875,8.455362548828125,6.3769287109374995,2.799159049987793,0.7757179141044617
8.88051513671875,5.205035400390624,4.1774658203124995,2.3024396896362305,0.62751305103302
5.72937255859375,8.455362548828125,4.1774658203124995,1.6183751821517944,0.6475974321365356
6.3830151367187495,2.7062854003906245,3.9019287109375003,1.0664697885513306,0.36630281805992126
3.23187255859375,2.7062854003906245,3.9019287109375003,0.41947466135025024,0.21181832253932953
6.3830151367187495,5.956612548828124,3.9019287109375003,1.6015056371688843,0.5784049034118652
6.3830151367187495,2.7062854003906245,1.7024658203125,0.4975227415561676,0.14956465363502502
3.23187255859375,5.956612548828124,1.7024658203125,0.4417230188846588,0.23672667145729065
1.38801513671875,7.7037854003906245,8.8519287109375,0.5011496543884277,0.5182474255561829
8.22687255859375,7.7037854003906245,8.8519287109375,2.6460630893707275,0.786112904548645
1.38801513671875,0.9591125488281249,8.8519287109375,0.2663861811161041,0.09107241779565811
1.38801513671875,7.7037854003906245,6.6524658203125,0.4662019610404968,0.4726044833660126
8.22687255859375,0.9591125488281249,6.6524658203125,0.8674253821372986,0.225485697388649
2.01239013671875,2.0815979003906246,4.5206787109375,0.29440462589263916,0.15083660185337067
5.10499755859375,2.0815979003906246,4.5206787109375,0.6794093251228333,0.2645171582698822
2.01239013671875,6.581300048828124,4.5206787109375,0.514397144317627,0.4139595627784729
2.01239013671875,2.0815979003906246,6.0337158203125,0.31331363320350647,0.17176811397075653
5.10499755859375,6.581300048828124,6.0337158203125,1.4582480192184448,0.6416398286819458
7.00739013671875,7.079097900390624,9.4706787109375,2.2251245975494385,0.7595493197441101
0.10999755859375,7.079097900390624,9.4706787109375,0.25516271591186523,0.36510682106018066
7.00739013671875,1.5838000488281248,9.4706787109375,1.287334680557251,0.41433560848236084
7.00739013671875,7.079097900390624,1.0837158203125001,0.9906429052352905,0.3098832070827484
0.10999755859375,1.5838000488281248,1.0837158203125001,0.24559855461120605,0.09559065848588943
9.50489013671875,4.580347900390625,2.0456787109375,1.741599678993225,0.43262505531311035
7.6024975585937495,4.580347900390625,2.0456787109375,1.2786136865615845,0.3815644085407257
9.50489013671875,4.082550048828125,2.0456787109375,1.6305500268936157,0.40232253074645996
9.50489013671875,4.580347900390625,3.5587158203125,2.26939058303833,0.5780525803565979
7.6024975585937495,4.082550048828125,3.5587158203125,1.6355901956558228,0.5012180805206299
4.50989013671875,9.577847900390625,6.9956787109375,1.4503190517425537,0.7140735983848572
2.60749755859375,9.577847900390625,6.9956787109375,0.8581646680831909,0.6309971809387207
4.50989013671875,9.080050048828125,6.9956787109375,1.4342164993286133,0.7051764130592346
4.50989013671875,9.577847900390625,8.5087158203125,1.4921574592590332,0.7367861270904541
2.60749755859375,9.080050048828125,8.5087158203125,0.8782881498336792,0.6473837494850159
3.26114013671875,3.3309729003906248,8.2331787109375,0.7344273924827576,0.42999252676963806
3.8562475585937497,3.3309729003906248,8.2331787109375,0.8882181644439697,0.4673701524734497
3.26114013671875,7.830675048828124,8.2331787109375,1.0332287549972534,0.6474774479866028
3.26114013671875,3.3309729003906248,7.2712158203124995,0.7022469639778137,0.40760380029678345
3.8562475585937497,7.830675048828124,7.2712158203124995,1.1902415752410889,0.6577659845352173
8.25614013671875,8.328472900390626,3.2831787109375004,2.2553322315216064,0.6583682298660278
8.85124755859375,8.328472900390626,3.2831787109375004,2.4394311904907227,0.6701685786247253
8.25614013671875,2.833175048828125,3.2831787109375004,1.429511308670044,0.398762971162796
8.25614013671875,8.328472900390626,2.3212158203125,2.0024917125701904,0.5783892869949341
8.85124755859375,2.833175048828125,2.3212158203125,1.2416553497314453,0.3186238408088684
5.75864013671875,0.832222900390625,5.7581787109375,0.34248751401901245,0.0857275202870369
1.35874755859375,0.832222900390625,5.7581787109375,0.2574787139892578,0.07203999161720276
5.75864013671875,0.33442504882812496,5.7581787109375,0.2685740888118744,0.03170917555689812
5.75864013671875,0.832222900390625,4.7962158203125,0.3184535503387451,0.0750802606344223
1.35874755859375,0.33442504882812496,4.7962158203125,0.24862506985664368,0.029569528996944427
0.76364013671875,5.829722900390625,0.8081787109375,0.25655707716941833,0.19966451823711395
6.35374755859375,5.829722900390625,0.8081787109375,0.5875766277313232,0.18493087589740753
0.76364013671875,5.331925048828125,0.8081787109375,0.25563839077949524,0.19080722332000732
0.76364013671875,5.829722900390625,9.7462158203125,0.3341849148273468,0.38674038648605347
6.35374755859375,5.331925048828125,9.7462158203125,1.8971741199493408,0.7001394629478455
1.07582763671875,1.1445666503906249,9.7800537109375,0.26533043384552,0.1074102595448494
3.54406005859375,1.1445666503906249,9.7800537109375,0.37234094738960266,0.14484357833862305
1.07582763671875,4.394893798828124,9.7800537109375,0.354156494140625,0.34574559330940247
1.07582763671875,1.1445666503906249,2.0118408203125,0.2506873607635498,0.0762539803981781
3.54406005859375,4.394893798828124,2.0118408203125,0.4315040111541748,0.21075274050235748
6.07082763671875,6.142066650390625,4.8300537109374995,1.6323537826538086,0.6191995739936829
8.53906005859375,6.142066650390625,4.8300537109374995,2.3942770957946777,0.6802453994750977
6.07082763671875,9.392393798828126,4.8300537109374995,1.8294153213500977,0.7020237445831299
6.07082763671875,6.142066650390625,6.9618408203125,1.7743457555770874,0.6788297295570374
8.53906005859375,9.392393798828126,6.9618408203125,2.7612059116363525,0.793903648853302
8.56832763671875,3.6433166503906245,7.3050537109375,2.2733302116394043,0.6413879990577698
1.04656005859375,3.6433166503906245,7.3050537109375,0.30922093987464905,0.26488539576530457
8.56832763671875,6.8936437988281245,7.3050537109375,2.6492302417755127,0.756881594657898
8.56832763671875,3.6433166503906245,9.4368408203125,2.380307197570801,0.6745381951332092
1.04656005859375,6.8936437988281245,9.4368408203125,0.40720173716545105,0.4598705768585205
3.5733276367187496,8.640816650390626,2.3550537109375003,0.7714037895202637,0.430014431476593
6.04156005859375,8.640816650390626,2.3550537109375003,1.4125136137008667,0.5306827425956726
3.5733276367187496,1.8961437988281247,2.3550537109375003,0.29457271099090576,0.10619265586137772
3.5733276367187496,8.640816650390626,4.4868408203125,1.0084195137023926,0.5835334658622742
6.04156005859375,1.8961437988281247,4.4868408203125,0.8004717230796814,0.2759012281894684
4.82207763671875,4.892691650390624,3.5925537109375,1.0154237747192383,0.4498817026615143
7.29031005859375,4.892691650390624,3.5925537109375,1.6873400211334229,0.5400378704071045
4.82207763671875,0.646768798828125,3.5925537109375,0.2725491523742676,0.05095749348402023
4.82207763671875,4.892691650390624,0.7743408203125,0.3456886112689972,0.12062869220972061
7.29031005859375,0.646768798828125,0.7743408203125,0.2586476504802704,0.03198530152440071
9.81707763671875,9.890191650390625,8.5425537109375,3.2702796459198,0.8318851590156555
2.29531005859375,9.890191650390625,8.5425537109375,0.8031553626060486,0.6463053226470947
9.81707763671875,5.644268798828125,8.5425537109375,3.0101938247680664,0.7614814639091492
9.81707763671875,9.890191650390625,5.7243408203124995,3.138239860534668,0.7957479357719421
2.29531005859375,5.644268798828125,5.7243408203124995,0.591272234916687,0.4436325132846832
7.3195776367187495,2.393941650390625,1.1175537109375002,0.347673237323761,0.08248594403266907
9.78781005859375,2.393941650390625,1.1175537109375002,0.5466153025627136,0.11203499883413315
7.3195776367187495,8.143018798828125,1.1175537109375002,1.1715962886810303,0.3593291640281677
7.3195776367187495,2.393941650390625,8.1993408203125,1.6452828645706177,0.5232812166213989
9.78781005859375,8.143018798828125,8.1993408203125,3.1691484451293945,0.8067867755889893
2.32457763671875,7.391441650390624,6.0675537109375,0.6852713823318481,0.5288422107696533
4.79281005859375,7.391441650390624,6.0675537109375,1.411342978477478,0.65550297498703
2.32457763671875,3.1455187988281246,6.0675537109375,0.4343694746494293,0.2852683365345001
2.32457763671875,7.391441650390624,3.2493408203125003,0.53642737865448,0.39402616024017334
4.79281005859375,3.1455187988281246,3.2493408203125003,0.703416109085083,0.2942896783351898
1.70020263671875,3.0186291503906246,0.4988037109375,0.25657302141189575,0.11274272203445435
1.6709350585937501,3.0186291503906246,0.4988037109375,0.256727933883667,0.1134570762515068
1.70020263671875,8.767706298828125,0.4988037109375,0.2785928249359131,0.18585807085037231
1.70020263671875,3.0186291503906246,3.8680908203125,0.2984304428100586,0.18773120641708374
1.6709350585937501,8.767706298828125,3.8680908203125,0.4714101552963257,0.427848756313324
6.69520263671875,8.016129150390626,5.4488037109375,2.0052974224090576,0.7079089283943176
6.66593505859375,8.016129150390626,5.4488037109375,1.996366262435913,0.7073732614517212
6.69520263671875,3.7702062988281244,5.4488037109375,1.589389681816101,0.5480533242225647
6.69520263671875,8.016129150390626,8.8180908203125,2.154165267944336,0.7654736042022705
6.66593505859375,3.7702062988281244,8.8180908203125,1.7862364053726196,0.6262810230255127
9.19270263671875,0.5198791503906249,2.9738037109375,0.2855857312679291,0.038145970553159714
4.16843505859375,0.5198791503906249,2.9738037109375,0.25960302352905273,0.03977329656481743
9.19270263671875,1.2714562988281248,2.9738037109375,0.6795218586921692,0.15354354679584503
9.19270263671875,0.5198791503906249,6.3430908203125,0.3665343225002289,0.06247448921203613
4.16843505859375,1.2714562988281248,6.3430908203125,0.3814285397529602,0.13926103711128235
4.19770263671875,5.517379150390624,7.9238037109375,1.190172791481018,0.6094057559967041
9.16343505859375,5.517379150390624,7.9238037109375,2.757233142852783,0.7407020926475525
4.19770263671875,6.268956298828124,7.9238037109375,1.2382869720458984,0.6375586986541748
4.19770263671875,5.517379150390624,1.3930908203125,0.48561176657676697,0.21357214450836182
9.16343505859375,6.268956298828124,1.3930908203125,1.5616934299468994,0.39771801233291626
2.94895263671875,1.7692541503906247,6.6863037109375,0.3723195493221283,0.17928607761859894
7.91468505859375,1.7692541503906247,6.6863037109375,1.438330054283142,0.4180629551410675
2.94895263671875,5.0195812988281245,6.6863037109375,0.7572801113128662,0.48897141218185425
2.94895263671875,1.7692541503906247,2.6305908203125004,0.28258296847343445,0.10656782239675522
7.91468505859375,5.0195812988281245,2.6305908203125004,1.6425648927688599,0.48460349440574646
7.94395263671875,6.766754150390624,1.7363037109375001,1.5286134481430054,0.44629812240600586
2.9196850585937497,6.766754150390624,1.7363037109375001,0.4424857497215271,0.2585512399673462
7.94395263671875,0.022081298828125,1.7363037109375001,0.2455316185951233,0.0017350375419482589
7.94395263671875,6.766754150390624,7.5805908203125,2.448554277420044,0.7475910186767578
2.9196850585937497,0.022081298828125,7.5805908203125,0.2455381453037262,0.0022071851417422295
5.44645263671875,4.268004150390625,9.1613037109375,1.4921983480453491,0.6198148131370544
5.41718505859375,4.268004150390625,9.1613037109375,1.4832346439361572,0.6187413334846497
5.44645263671875,2.5208312988281247,9.1613037109375,1.2002077102661133,0.4845660924911499
5.44645263671875,4.268004150390625,5.1055908203125,1.278334379196167,0.5214864015579224
5.41718505859375,2.5208312988281247,5.1055908203125,0.9423980116844177,0.36948370933532715
0.45145263671875,9.265504150390624,4.2113037109375,0.2792985439300537,0.3680296540260315
0.42218505859375,9.265504150390624,4.2113037109375,0.2763952314853668,0.36716875433921814
0.45145263671875,7.518331298828124,4.2113037109375,0.27231383323669434,0.33012714982032776
0.45145263671875,9.265504150390624,0.15559082031250002,0.25158601999282837,0.2321578860282898
0.42218505859375,7.518331298828124,0.15559082031250002,0.24959465861320496,0.2125476896762848
0.60754638671875,1.3007385253906247,2.2003662109375,0.2486589401960373,0.08755774050951004
4.94890380859375,1.3007385253906247,2.2003662109375,0.2885991334915161,0.07525486499071121
0.60754638671875,1.1152844238281248,2.2003662109375,0.2475958615541458,0.07674679160118103
0.60754638671875,1.3007385253906247,1.5477783203125002,0.24766972661018372,0.08254237473011017
4.94890380859375,1.1152844238281248,1.5477783203125002,0.2706731855869293,0.05984926596283913
5.60254638671875,6.298238525390625,7.1503662109374995,1.6472747325897217,0.6740104556083679
9.94390380859375,6.298238525390625,7.1503662109374995,3.0461537837982178,0.7614324688911438
5.60254638671875,6.112784423828124,7.1503662109374995,1.6342549324035645,0.6681177616119385
5.60254638671875,6.298238525390625,6.4977783203124995,1.6172820329666138,0.6604531407356262
9.94390380859375,6.112784423828124,6.4977783203124995,2.9882705211639404,0.7458078265190125
8.10004638671875,3.7994885253906245,4.6753662109375,1.9124447107315063,0.5601887702941895
2.4514038085937497,3.7994885253906245,4.6753662109375,0.45639896392822266,0.2985117733478546
8.10004638671875,8.611534423828125,4.6753662109375,2.4233016967773438,0.7251644730567932
8.10004638671875,3.7994885253906245,8.9727783203125,2.241238832473755,0.6668789982795715
2.4514038085937497,8.611534423828125,8.9727783203125,0.8262073993682861,0.6331906914710999
3.1050463867187497,8.796988525390626,9.6253662109375,1.0421110391616821,0.681760847568512
7.44640380859375,8.796988525390626,9.6253662109375,2.4582018852233887,0.7985493540763855
3.1050463867187497,3.614034423828125,9.6253662109375,0.7612554430961609,0.46809685230255127
3.1050463867187497,8.796988525390626,4.0227783203125,0.8474429845809937,0.5392254590988159
7.44640380859375,3.614034423828125,4.0227783203125,1.5863653421401978,0.49426111578941345
4.3537963867187495,2.550113525390625,5.9128662109375,0.7644447088241577,0.35130569338798523
6.19765380859375,2.550113525390625,5.9128662109375,1.2233378887176514,0.43947339057922363
4.3537963867187495,4.8634094238281245,5.9128662109375,1.0953503847122192,0.5368941426277161
4.3537963867187495,2.550113525390625,0.3102783203125,0.2676522433757782,0.07231219857931137
6.19765380859375,4.8634094238281245,0.3102783203125,0.3175925314426422,0.08421429991722107
9.34879638671875,7.5476135253906245,0.9628662109375,1.4296828508377075,0.35362252593040466
1.20265380859375,7.5476135253906245,0.9628662109375,0.27256661653518677,0.21454811096191406
9.34879638671875,9.860909423828126,0.9628662109375,1.647666096687317,0.4139620065689087
9.34879638671875,7.5476135253906245,5.2602783203125,2.8142969608306885,0.7421668767929077
1.20265380859375,9.860909423828126,5.2602783203125,0.43225178122520447,0.47468575835227966
6.85129638671875,0.05136352539062499,8.3878662109375,0.24965859949588776,0.005263658706098795
8.69515380859375,0.05136352539062499,8.3878662109375,0.2505835294723511,0.005268053151667118
6.85129638671875,7.362159423828125,8.3878662109375,2.1592178344726562,0.7509217858314514
6.85129638671875,0.05136352539062499,7.7352783203125,0.24968849122524261,0.005198020953685045
8.69515380859375,7.362159423828125,7.7352783203125,2.741234540939331,0.774233341217041
1.85629638671875,5.048863525390624,3.4378662109375,0.3664741516113281,0.2739018201828003
3.70015380859375,5.048863525390624,3.4378662109375,0.733420193195343,0.3903004825115204
1.85629638671875,2.3646594238281247,3.4378662109375,0.2835993468761444,0.14935073256492615
1.85629638671875,5.048863525390624,2.7852783203125,0.33553579449653625,0.2399204969406128
3.70015380859375,2.3646594238281247,2.7852783203125,0.3435528874397278,0.14192160964012146
2.48067138671875,4.424176025390625,7.7691162109375,0.6282234191894531,0.4462481141090393
0.57827880859375,4.424176025390625,7.7691162109375,0.28222015500068665,0.2868567109107971
2.48067138671875,5.488096923828125,7.7691162109375,0.6932816505432129,0.5060628056526184
2.48067138671875,4.424176025390625,4.6415283203125,0.5093680620193481,0.34411340951919556
0.57827880859375,5.488096923828125,4.6415283203125,0.2744270861148834,0.2854331135749817
7.47567138671875,9.421676025390624,2.8191162109375,1.9895410537719727,0.6318929195404053
5.5732788085937495,9.421676025390624,2.8191162109375,1.4295001029968262,0.5796693563461304
7.47567138671875,0.490596923828125,2.8191162109375,0.27166953682899475,0.03602463752031326
7.47567138671875,9.421676025390624,9.5915283203125,2.491196393966675,0.8070911169052124
5.5732788085937495,0.490596923828125,9.5915283203125,0.30838465690612793,0.058020103722810745
9.97317138671875,1.9254260253906248,5.2941162109375,1.9003690481185913,0.45478910207748413
3.07577880859375,1.9254260253906248,5.2941162109375,0.36540165543556213,0.17218518257141113
9.97317138671875,2.9893469238281245,5.2941162109375,2.3474299907684326,0.5726491808891296
9.97317138671875,1.9254260253906248,7.1165283203125,2.1262848377227783,0.5147028565406799
3.07577880859375,2.9893469238281245,7.1165283203125,0.608320415019989,0.35725679993629456
4.97817138671875,6.922926025390624,0.3441162109375,0.33546584844589233,0.11258164793252945
8.070778808593749,6.922926025390624,0.3441162109375,0.5785915851593018,0.14397667348384857
4.97817138671875,7.986846923828124,0.3441162109375,0.3616699278354645,0.1256440281867981
4.97817138671875,6.922926025390624,2.1665283203125,0.968664288520813,0.415587842464447
8.070778808593749,7.986846923828124,2.1665283203125,1.8664904832839966,0.5474730730056763
3.72942138671875,0.676051025390625,4.0566162109375,0.2686900198459625,0.05527227371931076
9.31952880859375,0.676051025390625,4.0566162109375,0.35361039638519287,0.061777397990226746
3.72942138671875,9.236221923828126,4.0566162109375,1.044321060180664,0.5853891968727112
3.72942138671875,0.676051025390625,3.4040283203125004,0.2646079361438751,0.05226309224963188
9.31952880859375,9.236221923828126,3.4040283203125004,2.6713216304779053,0.7032749652862549
8.72442138671875,5.6735510253906245,9.0066162109375,2.6721558570861816,0.7510091662406921
4.32452880859375,5.6735510253906245,9.0066162109375,1.2693020105361938,0.6381204724311829
8.72442138671875,4.238721923828124,9.0066162109375,2.508147716522217,0.7014574408531189
8.72442138671875,5.6735510253906245,8.3540283203125,2.6473958492279053,0.7434525489807129
4.32452880859375,4.238721923828124,8.3540283203125,1.1311793327331543,0.5595468878746033
6.22692138671875,3.1748010253906247,1.5816162109375,0.5404917001724243,0.16972939670085907
6.82202880859375,3.1748010253906247,1.5816162109375,0.6316596269607544,0.1880553513765335
6.22692138671875,1.7399719238281248,1.5816162109375,0.3117254376411438,0.0779775008559227
6.22692138671875,3.1748010253906247,5.8790283203125,1.3813691139221191,0.5018196702003479
6.82202880859375,1.7399719238281248,5.8790283203125,1.0713462829589844,0.34501972794532776
1.23192138671875,8.172301025390626,6.5316162109375,0.4372900128364563,0.4690801203250885
1.82702880859375,8.172301025390626,6.5316162109375,0.5874409675598145,0.5266463160514832
1.23192138671875,6.737471923828124,6.5316162109375,0.4062943756580353,0.41813671588897705
1.23192138671875,8.172301025390626,0.9290283203125,0.2756214439868927,0.22010241448879242
1.82702880859375,6.737471923828124,0.9290283203125,0.2856314480304718,0.1849111020565033
0.91973388671875,3.487144775390625,3.1284912109375003,0.2674960792064667,0.19334858655929565
8.38296630859375,3.487144775390625,3.1284912109375003,1.6105060577392578,0.44844719767570496
0.91973388671875,3.3016906738281246,3.1284912109375003,0.2665073573589325,0.18681766092777252
0.91973388671875,3.487144775390625,8.6634033203125,0.30327659845352173,0.26515913009643555
8.38296630859375,3.3016906738281246,8.6634033203125,2.2222743034362793,0.6392928957939148
5.91473388671875,8.484644775390626,8.0784912109375,1.898236632347107,0.7489907741546631
3.3879663085937497,8.484644775390626,8.0784912109375,1.091247797012329,0.6672258973121643
5.91473388671875,8.299190673828125,8.0784912109375,1.8902177810668945,0.7455335855484009
5.91473388671875,8.484644775390626,3.7134033203125,1.6213488578796387,0.6300143003463745
3.3879663085937497,8.299190673828125,3.7134033203125,0.8803802132606506,0.5232348442077637
8.41223388671875,0.9883947753906249,0.6534912109375,0.26868900656700134,0.03863124921917915
5.88546630859375,0.9883947753906249,0.6534912109375,0.2606232762336731,0.04338400810956955
8.41223388671875,5.800440673828124,0.6534912109375,0.7716967463493347,0.19458530843257904
8.41223388671875,0.9883947753906249,1.2384033203125002,0.28063690662384033,0.04516315460205078
5.88546630859375,5.800440673828124,1.2384033203125002,0.7325800061225891,0.2580516040325165
3.41723388671875,5.985894775390625,5.6034912109374995,0.900460958480835,0.5308471322059631
0.89046630859375,5.985894775390625,5.6034912109374995,0.31737902760505676,0.3335947096347809
3.41723388671875,0.802940673828125,5.6034912109374995,0.28048455715179443,0.07188683748245239
3.41723388671875,5.985894775390625,6.1884033203125,0.9283471703529358,0.5496810674667358
0.89046630859375,0.802940673828125,6.1884033203125,0.25262561440467834,0.07005786150693893
4.66598388671875,2.2377697753906247,9.3159912109375,0.927257239818573,0.413648784160614
2.13921630859375,2.2377697753906247,9.3159912109375,0.3853139877319336,0.24063585698604584
4.66598388671875,2.0523156738281245,9.3159912109375,0.8762603998184204,0.386579692363739
4.66598388671875,2.2377697753906247,9.9009033203125,0.9462319612503052,0.4234883189201355
2.13921630859375,2.0523156738281245,9.9009033203125,0.37431567907333374,0.22559328377246857
9.66098388671875,7.235269775390624,4.3659912109375,2.790250301361084,0.7119741439819336
7.13421630859375,7.235269775390624,4.3659912109375,1.9953557252883911,0.6628004908561707
9.66098388671875,7.049815673828125,4.3659912109375,2.7742457389831543,0.7075713872909546
9.66098388671875,7.235269775390624,4.9509033203124995,2.8612444400787354,0.7316765785217285
7.13421630859375,7.049815673828125,4.9509033203124995,2.042280912399292,0.6798939108848572
7.16348388671875,4.736519775390625,6.8409912109375,1.976415991783142,0.6535593867301941
4.6367163085937495,4.736519775390625,6.8409912109375,1.2133163213729858,0.5695046782493591
7.16348388671875,9.548565673828126,6.8409912109375,2.30627703666687,0.7731755375862122
7.16348388671875,4.736519775390625,2.4759033203125003,1.3546223640441895,0.43070587515830994
4.6367163085937495,9.548565673828126,2.4759033203125003,1.107458472251892,0.5162956714630127
2.1684838867187497,9.734019775390625,1.8909912109375002,0.4407322406768799,0.32769984006881714
9.63171630859375,9.734019775390625,1.8909912109375002,2.3295505046844482,0.5870348215103149
2.1684838867187497,4.551065673828124,1.8909912109375002,0.3065880835056305,0.18395711481571198
2.1684838867187497,9.734019775390625,7.4259033203125,0.7412925362586975,0.6150026917457581
9.63171630859375,4.551065673828124,7.4259033203125,2.766225814819336,0.7081925272941589
1.54410888671875,0.363707275390625,7.4597412109375,0.2515009045600891,0.03486431762576103
6.50984130859375,0.363707275390625,7.4597412109375,0.2844870686531067,0.03818988800048828
1.54410888671875,7.674503173828124,7.4597412109375,0.5202137231826782,0.5071576833724976
1.54410888671875,0.363707275390625,5.5696533203125,0.2505947947502136,0.033063530921936035
6.50984130859375,7.674503173828124,5.5696533203125,1.9355463981628418,0.6993253231048584
6.53910888671875,5.361207275390624,2.5097412109375004,1.2944090366363525,0.4465685784816742
1.51484130859375,5.361207275390624,2.5097412109375004,0.3054160177707672,0.23319420218467712
6.53910888671875,2.677003173828125,2.5097412109375004,0.7786221504211426,0.2497081607580185
6.53910888671875,5.361207275390624,0.6196533203125,0.45256033539772034,0.13073670864105225
1.51484130859375,2.677003173828125,0.6196533203125,0.2545664310455322,0.11076101660728455
9.03660888671875,2.8624572753906246,9.9347412109375,2.3762946128845215,0.6397534012794495
9.00734130859375,2.8624572753906246,9.9347412109375,2.3673295974731445,0.6391339898109436
9.03660888671875,0.178253173828125,9.9347412109375,0.2754462659358978,0.0201310683041811
9.03660888671875,2.8624572753906246,3.0946533203125,1.580583095550537,0.4083899259567261
9.00734130859375,0.178253173828125,3.0946533203125,0.25566425919532776,0.014585820026695728
4.04160888671875,7.859957275390625,4.9847412109375,1.1453605890274048,0.6047830581665039
4.01234130859375,7.859957275390625,4.9847412109375,1.136373519897461,0.6033183932304382
4.04160888671875,5.175753173828125,4.9847412109375,0.9765465259552002,0.5034291744232178
4.04160888671875,7.859957275390625,8.0446533203125,1.2712204456329346,0.6794660687446594
4.01234130859375,5.175753173828125,8.0446533203125,1.113223910331726,0.5878453850746155
2.79285888671875,4.111832275390625,1.2722412109375,0.29668429493904114,0.14302410185337067
2.76359130859375,4.111832275390625,1.2722412109375,0.295634925365448,0.1431482434272766
2.79285888671875,6.425128173828124,1.2722412109375,0.3455617129802704,0.19129838049411774
2.79285888671875,4.111832275390625,6.8071533203125,0.6523010730743408,0.4250810742378235
2.76359130859375,6.425128173828124,6.8071533203125,0.7902371287345886,0.5442734956741333
7.78785888671875,9.109332275390624,6.2222412109375,2.4633405208587646,0.7667102813720703
7.75859130859375,9.109332275390624,6.2222412109375,2.4532129764556885,0.7660760283470154
7.78785888671875,1.4276281738281247,6.2222412109375,1.150346279144287,0.32997795939445496
7.78785888671875,9.109332275390624,1.8571533203125001,1.7534617185592651,0.5292753577232361
7.75859130859375,1.4276281738281247,1.8571533203125001,0.3356374204158783,0.07240339368581772
5.29035888671875,1.6130822753906249,3.7472412109375,0.4455775022506714,0.1496151238679886
0.26609130859375,1.6130822753906249,3.7472412109375,0.24758215248584747,0.11523577570915222
5.29035888671875,3.9263781738281245,3.7472412109375,1.0304839611053467,0.4199153184890747
5.29035888671875,1.6130822753906249,4.3321533203125,0.5184500217437744,0.18196788430213928
0.26609130859375,3.9263781738281245,4.3321533203125,0.25340503454208374,0.22751808166503906
0.29535888671875,6.610582275390624,8.6972412109375,0.2721538543701172,0.35955607891082764
5.26109130859375,6.610582275390624,8.6972412109375,1.6123565435409546,0.6975712776184082
0.29535888671875,8.923878173828125,8.6972412109375,0.2810489237308502,0.42181944847106934
0.29535888671875,6.610582275390624,9.2821533203125,0.2731524407863617,0.3639734983444214
5.26109130859375,8.923878173828125,9.2821533203125,1.7322008609771729,0.7549473643302917
0.21731201171875,0.12944946289062498,3.2058349609375,0.24465502798557281,0.011025314219295979
1.4367944335937501,0.12944946289062498,3.2058349609375,0.24556776881217957,0.010988603346049786
0.21731201171875,6.190870361328124,3.2058349609375,0.25246956944465637,0.281888484954834
0.21731201171875,0.12944946289062498,7.3485595703125,0.24453619122505188,0.012588126584887505
1.4367944335937501,6.190870361328124,7.3485595703125,0.4514092803001404,0.43662363290786743
5.21231201171875,5.126949462890624,8.1558349609375,1.474231481552124,0.6369046568870544
6.43179443359375,5.126949462890624,8.1558349609375,1.8523365259170532,0.6741774082183838
5.21231201171875,1.1933703613281248,8.1558349609375,0.5833900570869446,0.20973990857601166
5.21231201171875,5.126949462890624,2.3985595703125,0.9144812226295471,0.37244972586631775
6.43179443359375,1.1933703613281248,2.3985595703125,0.3096764087677002,0.0716221034526825
7.70981201171875,2.628199462890625,0.7308349609375,0.3225829005241394,0.07026507705450058
3.9342944335937498,2.628199462890625,0.7308349609375,0.27559590339660645,0.08762623369693756
7.70981201171875,3.692120361328125,0.7308349609375,0.4174860119819641,0.10103460401296616
7.70981201171875,2.628199462890625,4.8735595703125,1.5324416160583496,0.46003031730651855
3.9342944335937498,3.692120361328125,4.8735595703125,0.7833417057991028,0.39762187004089355
2.7148120117187498,7.6256994628906245,5.6808349609375,0.7874155044555664,0.5514661073684692
8.92929443359375,7.6256994628906245,5.6808349609375,2.7192583084106445,0.7478067278862
2.7148120117187498,8.689620361328124,5.6808349609375,0.8236014246940613,0.5820759534835815
2.7148120117187498,7.6256994628906245,9.8235595703125,0.8891715407371521,0.6343059539794922
8.92929443359375,8.689620361328124,9.8235595703125,2.956087827682495,0.8183964490890503
3.96356201171875,3.8775744628906246,9.3933349609375,1.0182057619094849,0.5354282259941101
7.68054443359375,3.8775744628906246,9.3933349609375,2.138227939605713,0.6667196154594421
3.96356201171875,9.938995361328125,9.3933349609375,1.3431235551834106,0.7353493571281433
3.96356201171875,3.8775744628906246,6.1110595703124995,0.8963625431060791,0.4624137282371521
7.68054443359375,9.938995361328125,6.1110595703124995,2.457218885421753,0.7748481035232544
8.95856201171875,8.875074462890625,4.4433349609374995,2.689298391342163,0.7363519072532654
2.68554443359375,8.875074462890625,4.4433349609374995,0.7622833847999573,0.5372297167778015
8.95856201171875,4.9414953613281245,4.4433349609374995,2.3296563625335693,0.6302777528762817
8.95856201171875,8.875074462890625,1.1610595703125002,1.6346714496612549,0.42783138155937195
2.68554443359375,4.9414953613281245,1.1610595703125002,0.3015952706336975,0.154699444770813
6.46106201171875,1.3788244628906248,6.9183349609375,0.8795015215873718,0.28805771470069885
5.18304443359375,1.3788244628906248,6.9183349609375,0.6143102049827576,0.22697612643241882
6.46106201171875,2.4427453613281247,6.9183349609375,1.3413201570510864,0.46877965331077576
6.46106201171875,1.3788244628906248,3.6360595703125003,0.4865095317363739,0.14039932191371918
5.18304443359375,2.4427453613281247,3.6360595703125003,0.6845020055770874,0.2644801437854767
1.46606201171875,6.376324462890625,1.9683349609375003,0.29949599504470825,0.23453131318092346
0.18804443359375,6.376324462890625,1.9683349609375003,0.24950610101222992,0.26522788405418396
1.46606201171875,7.440245361328125,1.9683349609375003,0.31259211897850037,0.25760331749916077
1.46606201171875,6.376324462890625,8.5860595703125,0.4832810163497925,0.47239017486572266
0.18804443359375,7.440245361328125,8.5860595703125,0.26216867566108704,0.3727881610393524
2.0904370117187496,3.2528869628906247,6.2995849609375,0.41037464141845703,0.2839556634426117
3.30991943359375,3.2528869628906247,6.2995849609375,0.6643276810646057,0.37635523080825806
2.0904370117187496,0.568682861328125,6.2995849609375,0.25852105021476746,0.051976367831230164
2.0904370117187496,3.2528869628906247,9.2048095703125,0.47516700625419617,0.3473479151725769
3.30991943359375,0.568682861328125,9.2048095703125,0.2793365716934204,0.05994770675897598
7.08543701171875,8.250386962890625,1.3495849609375001,1.2644745111465454,0.40374109148979187
8.30491943359375,8.250386962890625,1.3495849609375001,1.5516853332519531,0.4348262548446655
7.08543701171875,5.566182861328125,1.3495849609375001,0.9874857068061829,0.30532971024513245
7.08543701171875,8.250386962890625,4.2548095703125,2.034360885620117,0.6814255714416504
8.30491943359375,5.566182861328125,4.2548095703125,2.1854188442230225,0.6326401829719543
9.58293701171875,0.7541369628906249,8.7745849609375,1.0483347177505493,0.2426774948835373
0.81241943359375,0.7541369628906249,8.7745849609375,0.25336578488349915,0.07070758938789368
9.58293701171875,8.064932861328126,8.7745849609375,3.1161184310913086,0.8088098168373108
9.58293701171875,0.7541369628906249,1.7798095703125,0.28661268949508667,0.04131794348359108
0.81241943359375,8.064932861328126,1.7798095703125,0.2745654284954071,0.2709089517593384
4.58793701171875,5.7516369628906245,3.8245849609375004,1.0654217004776,0.49733805656433105
5.80741943359375,5.7516369628906245,3.8245849609375004,1.4043835401535034,0.5463491678237915
4.58793701171875,3.0674328613281245,3.8245849609375004,0.7284789681434631,0.31850218772888184
4.58793701171875,5.7516369628906245,6.7298095703125,1.2793060541152954,0.6106497049331665
5.80741943359375,3.0674328613281245,6.7298095703125,1.3043708801269531,0.5021328926086426
3.33918701171875,2.003511962890625,0.1120849609375,0.2555822730064392,0.06535284966230392
7.05616943359375,2.003511962890625,0.1120849609375,0.26864388585090637,0.04818760231137276
3.33918701171875,4.316807861328124,0.1120849609375,0.26757434010505676,0.0936058983206749
3.33918701171875,2.003511962890625,7.9673095703125,0.5203009843826294,0.26811182498931885
7.05616943359375,4.316807861328124,7.9673095703125,1.948302149772644,0.6528012156486511
8.33418701171875,7.001011962890624,5.0620849609375,2.4283435344696045,0.7072038054466248
2.06116943359375,7.001011962890624,5.0620849609375,0.5654057264328003,0.4584818184375763
8.33418701171875,9.314307861328125,5.0620849609375,2.5721850395202637,0.7526315450668335
8.33418701171875,7.001011962890624,3.0173095703125004,2.111450672149658,0.6071727871894836
2.06116943359375,9.314307861328125,3.0173095703125004,0.5204146504402161,0.41840124130249023
5.83668701171875,4.502261962890625,2.5870849609375,1.025589942932129,0.3820873498916626
9.55366943359375,4.502261962890625,2.5870849609375,1.9764753580093384,0.4945426285266876
5.83668701171875,6.8155578613281245,2.5870849609375,1.2825552225112915,0.4919831454753876
5.83668701171875,4.502261962890625,0.5423095703125,0.3315379023551941,0.09535135328769684
9.55366943359375,6.8155578613281245,0.5423095703125,0.9686116576194763,0.22292838990688324
0.84168701171875,9.499761962890625,7.5370849609375,0.381215900182724,0.48438769578933716
4.55866943359375,9.499761962890625,7.5370849609375,1.4802321195602417,0.7233206629753113
0.84168701171875,1.8180578613281249,7.5370849609375,0.26642775535583496,0.14912773668766022
0.84168701171875,9.499761962890625,5.4923095703125,0.3542529344558716,0.4356482923030853
4.55866943359375,1.8180578613281249,5.4923095703125,0.5774639248847961,0.23753000795841217
1.15387451171875,4.814605712890624,1.6589599609375,0.2696188986301422,0.19617994129657745
5.49523193359375,4.814605712890624,1.6589599609375,0.7165496349334717,0.2675990164279938
1.15387451171875,8.377276611328124,1.6589599609375,0.2907208800315857,0.26136529445648193
1.15387451171875,4.814605712890624,2.7079345703125,0.2835071384906769,0.22584132850170135
5.49523193359375,8.377276611328124,2.7079345703125,1.3275089263916016,0.5409032106399536
6.14887451171875,9.812105712890625,6.6089599609375,1.9744820594787598,0.7540705800056458
0.50023193359375,9.812105712890625,6.6089599609375,0.3071949779987335,0.43384304642677307
6.14887451171875,3.3797766113281247,6.6089599609375,1.4543203115463257,0.5378864407539368
6.14887451171875,9.812105712890625,7.6579345703125,2.0121991634368896,0.7698320746421814
0.50023193359375,3.3797766113281247,7.6579345703125,0.26722630858421326,0.23363256454467773
8.64637451171875,2.3158557128906248,4.1339599609375,1.53355872631073,0.41228166222572327
7.99273193359375,2.3158557128906248,4.1339599609375,1.36851167678833,0.3918018341064453
8.64637451171875,0.881026611328125,4.1339599609375,0.4776500165462494,0.10365649312734604
8.64637451171875,2.3158557128906248,5.1829345703125,1.7153555154800415,0.4667319059371948
7.99273193359375,0.881026611328125,5.1829345703125,0.5495131015777588,0.1326691061258316
3.6513745117187497,7.313355712890624,9.0839599609375,1.1511492729187012,0.6639552712440491
2.99773193359375,7.313355712890624,9.0839599609375,0.951129138469696,0.6317384243011475
3.6513745117187497,5.878526611328124,9.0839599609375,1.0802584886550903,0.6171249747276306
3.6513745117187497,7.313355712890624,0.2329345703125,0.2958053946495056,0.1183948963880539
2.99773193359375,5.878526611328124,0.2329345703125,0.2767025828361511,0.11699869483709335
4.90012451171875,1.0664807128906248,5.3714599609375,0.3484245836734772,0.10426390916109085
4.24648193359375,1.0664807128906248,5.3714599609375,0.3205035626888275,0.09808535128831863
4.90012451171875,7.127901611328125,5.3714599609375,1.3892886638641357,0.6313295364379883
4.90012451171875,1.0664807128906248,3.9454345703125004,0.3097494840621948,0.08421891927719116
4.24648193359375,7.127901611328125,3.9454345703125004,1.0824053287506104,0.5430918335914612
9.89512451171875,6.063980712890625,0.42145996093750004,0.7856222987174988,0.16901759803295135
9.24148193359375,6.063980712890625,0.42145996093750004,0.7005302309989929,0.15822499990463257
9.89512451171875,2.1304016113281246,0.42145996093750004,0.2995277941226959,0.048597533255815506
9.89512451171875,6.063980712890625,8.8954345703125,3.088179588317871,0.7766661047935486
9.24148193359375,2.1304016113281246,8.8954345703125,2.1433298587799072,0.5594907402992249
7.39762451171875,3.5652307128906244,7.8464599609375,1.931266188621521,0.618101954460144
1.74898193359375,3.5652307128906244,7.8464599609375,0.4083379805088043,0.3189719617366791
7.39762451171875,4.629151611328124,7.8464599609375,2.089297294616699,0.673620343208313
7.39762451171875,3.5652307128906244,6.4204345703125,1.8413599729537964,0.5864156484603882
1.74898193359375,4.629151611328124,6.4204345703125,0.4382275640964508,0.36179640889167786
2.40262451171875,8.562730712890625,2.8964599609375004,0.5645323395729065,0.41076624393463135
6.74398193359375,8.562730712890625,2.8964599609375004,1.73643958568573,0.600564181804657
2.40262451171875,9.626651611328125,2.8964599609375004,0.5973960757255554,0.44101428985595703
2.40262451171875,8.562730712890625,1.4704345703125001,0.39047399163246155,0.2577180564403534
6.74398193359375,9.626651611328125,1.4704345703125001,1.342640995979309,0.45257967710494995
1.77824951171875,1.6911682128906247,8.4652099609375,0.3033163249492645,0.158392071723938
9.86585693359375,1.6911682128906247,8.4652099609375,2.07047700881958,0.5056084394454956
1.77824951171875,2.755089111328125,8.4652099609375,0.36920860409736633,0.26044711470603943
1.77824951171875,1.6911682128906247,0.8516845703125,0.2536431849002838,0.0843500941991806
9.86585693359375,2.755089111328125,0.8516845703125,0.49360254406929016,0.0981966033577919
6.77324951171875,6.688668212890624,3.5152099609375003,1.722494125366211,0.5926558375358582
4.87085693359375,6.688668212890624,3.5152099609375003,1.1774235963821411,0.5277842283248901
6.77324951171875,7.752589111328124,3.5152099609375003,1.8054531812667847,0.6241306662559509
6.77324951171875,6.688668212890624,5.8016845703125,1.9704538583755493,0.6868966817855835
4.87085693359375,7.752589111328124,5.8016845703125,1.4402769804000854,0.6607473492622375
9.27074951171875,4.189918212890625,5.9902099609374995,2.4893574714660645,0.6555049419403076
7.36835693359375,4.189918212890625,5.9902099609374995,1.9053367376327515,0.6111125349998474
9.27074951171875,5.253839111328125,5.9902099609374995,2.6412272453308105,0.6988852620124817
9.27074951171875,4.189918212890625,8.2766845703125,2.643275022506714,0.6999303102493286
7.36835693359375,5.253839111328125,8.2766845703125,2.1662302017211914,0.7033975720405579
4.27574951171875,9.187418212890625,1.0402099609375002,0.6066809892654419,0.2774287760257721
2.3733569335937497,9.187418212890625,1.0402099609375002,0.3456166386604309,0.21985812485218048
4.27574951171875,0.256339111328125,1.0402099609375002,0.24869221448898315,0.017243092879652977
4.27574951171875,9.187418212890625,3.3266845703125,1.125433087348938,0.5648677349090576
2.3733569335937497,0.256339111328125,3.3266845703125,0.2487342655658722,0.02139926701784134
3.02699951171875,2.9405432128906246,4.7527099609375,0.4773435890674591,0.26587218046188354
1.12460693359375,2.9405432128906246,4.7527099609375,0.28044113516807556,0.19423942267894745
3.02699951171875,1.5057141113281247,4.7527099609375,0.3074680268764496,0.12132509797811508
3.02699951171875,2.9405432128906246,2.0891845703125003,0.30864134430885315,0.14045974612236023
1.12460693359375,1.5057141113281247,2.0891845703125003,0.253623366355896,0.09576772153377533
8.02199951171875,7.938043212890625,9.7027099609375,2.6131041049957275,0.7945519685745239
6.11960693359375,7.938043212890625,9.7027099609375,1.983231782913208,0.761121392250061
8.02199951171875,6.503214111328124,9.7027099609375,2.52919864654541,0.7671545147895813
8.02199951171875,7.938043212890625,7.0391845703125,2.522334098815918,0.7646938562393188
6.11960693359375,6.503214111328124,7.0391845703125,1.819330096244812,0.6925543546676636
5.52449951171875,0.44179321289062495,2.2777099609375,0.2586227059364319,0.0317288301885128
3.62210693359375,0.44179321289062495,2.2777099609375,0.2535840570926666,0.03261394798755646
5.52449951171875,9.001964111328125,2.2777099609375,1.2735416889190674,0.5142127275466919
5.52449951171875,0.44179321289062495,9.5141845703125,0.29738134145736694,0.05077774450182915
3.62210693359375,9.001964111328125,9.5141845703125,1.2093172073364258,0.7072879076004028
0.52949951171875,5.439293212890624,7.2277099609375,0.28426721692085266,0.31951969861984253
8.61710693359375,5.439293212890624,7.2277099609375,2.5372323989868164,0.7184717059135437
0.52949951171875,4.004464111328125,7.2277099609375,0.2732226848602295,0.2613711953163147
0.52949951171875,5.439293212890624,4.5641845703124995,0.27132275700569153,0.2829688489437103
8.61710693359375,4.004464111328125,4.5641845703124995,2.0884883403778076,0.5810419917106628
0.37340576171875,2.7843713378906245,8.9292724609375,0.25932690501213074,0.2069064974784851
6.5878881835937495,2.7843713378906245,8.9292724609375,1.578287959098816,0.552187979221344
0.37340576171875,7.284073486328125,8.9292724609375,0.28523504734039307,0.388388991355896
0.37340576171875,2.7843713378906245,3.4813720703125,0.2515241503715515,0.17185090482234955
6.5878881835937495,7.284073486328125,3.4813720703125,1.7104095220565796,0.6037840247154236
5.3684057617187495,7.781871337890625,3.9792724609375,1.4493277072906494,0.6088705062866211
1.59288818359375,7.781871337890625,3.9792724609375,0.43534812331199646,0.3961300551891327
5.3684057617187495,2.2865734863281246,3.9792724609375,0.7285432815551758,0.275604784488678
5.3684057617187495,7.781871337890625,8.4313720703125,1.7002891302108765,0.726074755191803
1.59288818359375,2.2865734863281246,8.4313720703125,0.3213083744049072,0.2069728523492813
7.86590576171875,0.285621337890625,6.4542724609375,0.2766074538230896,0.028558941558003426
9.08538818359375,0.285621337890625,6.4542724609375,0.28358373045921326,0.02901352010667324
7.86590576171875,4.785323486328124,6.4542724609375,2.17635178565979,0.6639545559883118
7.86590576171875,0.285621337890625,5.9563720703125,0.27463799715042114,0.02785266935825348
9.08538818359375,4.785323486328124,5.9563720703125,2.519463539123535,0.6772416830062866
2.87090576171875,5.283121337890624,1.5042724609375002,0.34159594774246216,0.1822275072336197
4.09038818359375,5.283121337890624,1.5042724609375002,0.4805697500705719,0.2153995782136917
2.87090576171875,9.782823486328125,1.5042724609375002,0.5075750350952148,0.31436482071876526
2.87090576171875,5.283121337890624,1.0063720703125,0.3046615421772003,0.15071715414524078
4.09038818359375,9.782823486328125,1.0063720703125,0.5885470509529114,0.27844566106796265
4.11965576171875,1.5349963378906248,2.7417724609375003,0.2986122965812683,0.09547798335552216
2.8416381835937496,1.5349963378906248,2.7417724609375003,0.27663519978523254,0.09778580814599991
4.11965576171875,8.533448486328124,2.7417724609375003,0.9684659242630005,0.49284371733665466
4.11965576171875,1.5349963378906248,4.7188720703125,0.3714578449726105,0.13941043615341187
2.8416381835937496,8.533448486328124,4.7188720703125,0.8103692531585693,0.5505149364471436
9.11465576171875,6.532496337890624,7.6917724609375,2.8202497959136963,0.7627907991409302
7.83663818359375,6.532496337890624,7.6917724609375,2.402174949645996,0.7418711185455322
9.11465576171875,3.5359484863281248,7.6917724609375,2.446218729019165,0.6542739272117615
9.11465576171875,6.532496337890624,9.6688720703125,2.8921446800231934,0.7838731408119202
7.83663818359375,3.5359484863281248,9.6688720703125,2.1402652263641357,0.6547311544418335
6.61715576171875,4.033746337890625,0.2667724609375,0.3026293218135834,0.07255726307630539
0.34413818359375004,4.033746337890625,0.2667724609375,0.2476193904876709,0.15966150164604187
6.61715576171875,1.0371984863281247,0.2667724609375,0.25853580236434937,0.038064077496528625
6.61715576171875,4.033746337890625,7.1938720703125,1.735517978668213,0.6108651161193848
0.34413818359375004,1.0371984863281247,7.1938720703125,0.24936597049236298,0.08962841331958771
1.62215576171875,9.031246337890625,5.2167724609374995,0.5183457136154175,0.4923446476459503
5.33913818359375,9.031246337890625,5.2167724609374995,1.610236406326294,0.6874521970748901
1.62215576171875,6.034698486328124,5.2167724609374995,0.4363310635089874,0.3858846426010132
1.62215576171875,9.031246337890625,2.2438720703125004,0.36862021684646606,0.315823495388031
5.33913818359375,6.034698486328124,2.2438720703125004,0.9996261596679688,0.40364551544189453
2.2465307617187498,0.9103088378906249,0.8855224609375,0.2506812810897827,0.051991626620292664
8.46101318359375,0.9103088378906249,0.8855224609375,0.2705615758895874,0.039180688560009
2.2465307617187498,1.6618859863281248,0.8855224609375,0.2566503882408142,0.08097723126411438
2.2465307617187498,0.9103088378906249,0.38762207031250007,0.24959680438041687,0.04707726091146469
8.46101318359375,1.6618859863281248,0.38762207031250007,0.2776266932487488,0.04579618573188782
7.24153076171875,5.907808837890625,5.8355224609375,2.0562891960144043,0.6753948330879211
3.4660131835937498,5.907808837890625,5.8355224609375,0.9213757514953613,0.538373589515686
7.24153076171875,6.659385986328124,5.8355224609375,2.1184043884277344,0.6976826190948486
7.24153076171875,5.907808837890625,5.3376220703124995,2.016397476196289,0.6610416769981384
3.4660131835937498,6.659385986328124,5.3376220703124995,0.9393197298049927,0.5511420965194702
9.73903076171875,3.409058837890625,3.3605224609375,2.0184435844421387,0.4967033863067627
5.96351318359375,3.409058837890625,3.3605224609375,1.0374184846878052,0.3787333071231842
9.73903076171875,9.158135986328125,3.3605224609375,2.79032039642334,0.7061644196510315
9.73903076171875,3.409058837890625,7.8126220703125,2.6212375164031982,0.6611825823783875
5.96351318359375,9.158135986328125,7.8126220703125,1.9332298040390015,0.7582555413246155
4.74403076171875,8.406558837890625,8.3105224609375,1.5222724676132202,0.7195637226104736
0.96851318359375,8.406558837890625,8.3105224609375,0.40429458022117615,0.48377928137779236
4.74403076171875,4.160635986328124,8.3105224609375,1.2432209253311157,0.5730305314064026
4.74403076171875,8.406558837890625,2.8626220703125003,1.1504452228546143,0.5273735523223877
0.96851318359375,4.160635986328124,2.8626220703125003,0.2715868353843689,0.2105785608291626
3.49528076171875,4.658433837890625,7.0730224609375,0.892304003238678,0.5135259628295898
2.21726318359375,4.658433837890625,7.0730224609375,0.5602700710296631,0.4224007725715637
3.49528076171875,2.9112609863281245,7.0730224609375,0.6923775672912598,0.376992404460907
3.49528076171875,4.658433837890625,1.6251220703125002,0.3815001845359802,0.18151232600212097
2.21726318359375,2.9112609863281245,1.6251220703125002,0.2755671441555023,0.1320512890815735
8.49028076171875,9.655933837890625,2.1230224609375004,2.096529483795166,0.5918853878974915
7.21226318359375,9.655933837890625,2.1230224609375004,1.7325106859207153,0.562207818031311
8.49028076171875,7.908760986328124,2.1230224609375004,1.9596123695373535,0.549790620803833
8.49028076171875,9.655933837890625,6.5751220703125,2.7382259368896484,0.7910893559455872
7.21226318359375,7.908760986328124,6.5751220703125,2.233219623565674,0.7418508529663086
5.99278076171875,2.1596838378906247,9.5480224609375,1.2622597217559814,0.4694570004940033
4.71476318359375,2.1596838378906247,9.5480224609375,0.9263103604316711,0.40915313363075256
5.99278076171875,5.410010986328125,9.5480224609375,1.7843525409698486,0.6913610696792603
5.99278076171875,2.1596838378906247,9.0501220703125,1.2425205707550049,0.4611387848854065
4.71476318359375,5.410010986328125,9.0501220703125,1.3712005615234375,0.6437594890594482
0.9977807617187501,7.157183837890624,4.5980224609375,0.3333904445171356,0.35298410058021545
9.70976318359375,7.157183837890624,4.5980224609375,2.829340696334839,0.7192668914794922
0.9977807617187501,0.412510986328125,4.5980224609375,0.24860353767871857,0.0359090194106102
0.9977807617187501,7.157183837890624,4.1001220703125,0.3233901560306549,0.3360184133052826
9.70976318359375,0.412510986328125,4.1001220703125,0.28963375091552734,0.03530044108629227
0.68559326171875,2.472027587890625,6.1448974609375,0.2644895911216736,0.17900708317756653
0.03195068359375,2.472027587890625,6.1448974609375,0.24528729915618896,0.17352516949176788
0.68559326171875,9.470479736328125,6.1448974609375,0.33225762844085693,0.43432900309562683
0.68559326171875,2.472027587890625,6.8844970703124995,0.2662583887577057,0.18380296230316162
0.03195068359375,9.470479736328125,6.8844970703124995,0.24723199009895325,0.3943456709384918
5.68059326171875,7.469527587890624,1.1948974609375,0.8245611190795898,0.3063729703426361
5.02695068359375,7.469527587890624,1.1948974609375,0.7016943693161011,0.2842997610569
5.68059326171875,4.472979736328124,1.1948974609375,0.5245687961578369,0.17871849238872528
5.68059326171875,7.469527587890624,1.9344970703125002,1.1136221885681152,0.4311008155345917
5.02695068359375,4.472979736328124,1.9344970703125002,0.6726981997489929,0.26917093992233276
8.17809326171875,4.970777587890624,8.6198974609375,2.410278558731079,0.7149260640144348
2.52945068359375,4.970777587890624,8.6198974609375,0.696172833442688,0.4995512068271637
8.17809326171875,1.9742297363281247,8.6198974609375,1.753523349761963,0.5050443410873413
8.17809326171875,4.970777587890624,4.4094970703125,2.0925374031066895,0.612440288066864
2.52945068359375,1.9742297363281247,4.4094970703125,0.3096241056919098,0.1465260535478592
3.1830932617187497,9.968277587890626,3.6698974609375004,0.8813307881355286,0.5531588792800903
7.52445068359375,9.968277587890626,3.6698974609375004,2.190398931503296,0.697351336479187
3.1830932617187497,6.9717297363281245,3.6698974609375004,0.7604249119758606,0.464592844247818
3.1830932617187497,9.968277587890626,9.3594970703125,1.093153715133667,0.7053366899490356
7.52445068359375,6.9717297363281245,9.3594970703125,2.386200428009033,0.7657554745674133
4.4318432617187495,3.7214025878906245,2.4323974609375,0.5806123614311218,0.25147348642349243
8.77320068359375,3.7214025878906245,2.4323974609375,1.5365239381790161,0.4073955714702606
4.4318432617187495,5.722354736328125,2.4323974609375,0.8045762777328491,0.3723500967025757
4.4318432617187495,3.7214025878906245,5.6469970703125,0.9703640341758728,0.45930591225624084
8.77320068359375,5.722354736328125,5.6469970703125,2.5062978267669678,0.6965430378913879
9.42684326171875,8.718902587890625,7.3823974609375,3.045163154602051,0.8016225099563599
3.77820068359375,8.718902587890625,7.3823974609375,1.2022675275802612,0.6775172352790833
9.42684326171875,0.7248547363281249,7.3823974609375,0.8384923934936523,0.1897611767053604
9.42684326171875,8.718902587890625,0.6969970703125,1.3126286268234253,0.3188147246837616
3.77820068359375,0.7248547363281249,0.6969970703125,0.2526558041572571,0.03927595913410187
6.92934326171875,1.2226525878906247,4.9073974609375,0.6565127968788147,0.19048404693603516
6.27570068359375,1.2226525878906247,4.9073974609375,0.5415538549423218,0.16369765996932983
6.92934326171875,3.2236047363281246,4.9073974609375,1.4873868227005005,0.4927578568458557
6.92934326171875,1.2226525878906247,3.1719970703125,0.3876514434814453,0.09697771817445755
6.27570068359375,3.2236047363281246,3.1719970703125,1.032462239265442,0.3591429591178894
1.9343432617187502,6.220152587890625,9.8573974609375,0.6151942610740662,0.5295955538749695
1.28070068359375,6.220152587890625,9.8573974609375,0.44919928908348083,0.465109646320343
1.9343432617187502,8.221104736328126,9.8573974609375,0.6761868000030518,0.5983842611312866
1.9343432617187502,6.220152587890625,8.1219970703125,0.5882947444915771,0.5014711618423462
1.28070068359375,8.221104736328126,8.1219970703125,0.4753132462501526,0.5109875202178955
1.30996826171875,4.346090087890625,4.2886474609375,0.3113356828689575,0.25238093733787537
4.40257568359375,4.346090087890625,4.2886474609375,0.9284311532974243,0.440033882856369
1.30996826171875,3.8482922363281244,4.2886474609375,0.3014296293258667,0.23098711669445038
1.30996826171875,4.346090087890625,9.9782470703125,0.3952145576477051,0.36909735202789307
4.40257568359375,3.8482922363281244,9.9782470703125,1.1551584005355835,0.5636451840400696
6.30496826171875,9.343590087890625,9.2386474609375,2.090428352355957,0.7838167548179626
9.39757568359375,9.343590087890625,9.2386474609375,3.1271376609802246,0.8273105621337891
6.30496826171875,8.845792236328125,9.2386474609375,2.071200370788574,0.7760340571403503
6.30496826171875,9.343590087890625,5.0282470703125,1.9162954092025757,0.7128733992576599
9.39757568359375,8.845792236328125,5.0282470703125,2.891315460205078,0.7601498961448669
8.80246826171875,1.8473400878906248,1.8136474609375002,0.5636293888092041,0.12857596576213837
1.9050756835937501,1.8473400878906248,1.8136474609375002,0.2616182565689087,0.10333621501922607
8.80246826171875,6.347042236328124,1.8136474609375002,1.7336907386779785,0.4641028940677643
8.80246826171875,1.8473400878906248,2.5532470703125,0.8775597214698792,0.2161097228527069
1.9050756835937501,6.347042236328124,2.5532470703125,0.366544634103775,0.274685800075531
3.80746826171875,6.844840087890624,6.7636474609374995,1.1132153272628784,0.6164602637290955
6.90007568359375,6.844840087890624,6.7636474609374995,2.0782296657562256,0.7154145836830139
3.80746826171875,1.3495422363281249,6.7636474609374995,0.38142314553260803,0.14962439239025116
3.80746826171875,6.844840087890624,7.5032470703125,1.1381831169128418,0.6320347785949707
6.90007568359375,1.3495422363281249,7.5032470703125,1.0032939910888672,0.31590035557746887
2.55871826171875,0.597965087890625,8.001147460937501,0.2684951424598694,0.05894368886947632
5.6513256835937495,0.597965087890625,8.001147460937501,0.3193703293800354,0.06793899834156036
2.55871826171875,0.10016723632812499,8.001147460937501,0.24765154719352722,0.010017089545726776
2.55871826171875,0.597965087890625,8.7407470703125,0.27050021290779114,0.06047927588224411
5.6513256835937495,0.10016723632812499,8.7407470703125,0.2525728940963745,0.010331469587981701
7.55371826171875,5.5954650878906245,3.0511474609375,1.7403810024261475,0.5401514768600464
0.65632568359375,5.5954650878906245,3.0511474609375,0.26953426003456116,0.2595251500606537
7.55371826171875,5.097667236328125,3.0511474609375,1.673429012298584,0.5173085927963257
7.55371826171875,5.5954650878906245,3.7907470703125004,1.8893860578536987,0.5911301374435425
0.65632568359375,5.097667236328125,3.7907470703125004,0.27154141664505005,0.2593485713005066
5.05621826171875,3.0967150878906247,5.5261474609375,1.0212998390197754,0.432138055562973
8.14882568359375,3.0967150878906247,5.5261474609375,1.8733205795288086,0.5445876121520996
5.05621826171875,7.596417236328124,5.5261474609375,1.4733256101608276,0.6549144983291626
5.05621826171875,3.0967150878906247,1.3157470703125,0.3426089882850647,0.11266037821769714
8.14882568359375,7.596417236328124,1.3157470703125,1.4316387176513672,0.40508362650871277
0.06121826171875,8.094215087890625,0.5761474609375,0.24581371247768402,0.26742011308670044
3.15382568359375,8.094215087890625,0.5761474609375,0.3217122554779053,0.15649691224098206
0.06121826171875,2.5989172363281248,0.5761474609375,0.2446848303079605,0.13148027658462524
0.06121826171875,8.094215087890625,6.2657470703125,0.24927426874637604,0.36275073885917664
3.15382568359375,2.5989172363281248,6.2657470703125,0.5323255658149719,0.294041246175766
0.08072998046874999,3.1162365722656244,3.9986083984375003,0.24639268219470978,0.19169899821281433
5.31962646484375,3.1162365722656244,3.9986083984375003,0.927406370639801,0.3697165846824646
0.08072998046874999,0.9786340332031249,3.9986083984375003,0.2455635815858841,0.0768948644399643
0.08072998046874999,3.1162365722656244,5.0475830078124995,0.24643343687057495,0.19850771129131317
5.31962646484375,0.9786340332031249,5.0475830078124995,0.3395110070705414,0.09258652478456497
5.07572998046875,8.113736572265625,8.9486083984375,1.633175253868103,0.731238603591919
0.32462646484375,8.113736572265625,8.9486083984375,0.28220751881599426,0.40621280670166016
5.07572998046875,5.976134033203125,8.9486083984375,1.5214197635650635,0.6759235262870789
5.07572998046875,8.113736572265625,9.9975830078125,1.6550655364990234,0.7420057654380798
0.32462646484375,5.976134033203125,9.9975830078125,0.27519428730010986,0.35128891468048096
7.57322998046875,0.617486572265625,1.5236083984375002,0.2657475769519806,0.035774633288383484
7.81712646484375,0.617486572265625,1.5236083984375002,0.2666774094104767,0.03557456657290459
7.57322998046875,8.474884033203125,1.5236083984375002,1.4916216135025024,0.4550429880619049
7.57322998046875,0.617486572265625,7.5225830078125,0.39651164412498474,0.084327332675457
7.81712646484375,8.474884033203125,7.5225830078125,2.503214120864868,0.7774749994277954
2.5782299804687496,5.614986572265624,6.4736083984374995,0.6883238554000854,0.48734933137893677
2.8221264648437496,5.614986572265624,6.4736083984374995,0.7532446384429932,0.5046640634536743
2.5782299804687496,3.4773840332031245,6.4736083984374995,0.5322780609130859,0.34872424602508545
2.5782299804687496,5.614986572265624,2.5725830078125003,0.4415333569049835,0.2819216251373291
2.8221264648437496,3.4773840332031245,2.5725830078125003,0.3445800840854645,0.1810920536518097
3.82697998046875,1.8668615722656248,7.7111083984375,0.5732918977737427,0.2717646658420563
4.070876464843749,1.8668615722656248,7.7111083984375,0.6233032941818237,0.28715500235557556
3.82697998046875,4.726759033203124,7.7111083984375,1.0133838653564453,0.5500469207763672
3.82697998046875,1.8668615722656248,3.8100830078125,0.35658031702041626,0.14222535490989685
4.070876464843749,4.726759033203124,3.8100830078125,0.8353648781776428,0.4178304970264435
8.82197998046875,6.864361572265624,2.7611083984375,2.1724343299865723,0.5926935076713562
9.06587646484375,6.864361572265624,2.7611083984375,2.2445077896118164,0.5980328321456909
8.82197998046875,9.724259033203126,2.7611083984375,2.4023804664611816,0.6612299680709839
8.82197998046875,6.864361572265624,8.7600830078125,2.789205551147461,0.777999758720398
9.06587646484375,9.724259033203126,8.7600830078125,3.017204999923706,0.8242929577827454
6.32447998046875,4.365611572265625,5.2361083984375,1.5543856620788574,0.5642836689949036
1.57337646484375,4.365611572265625,5.2361083984375,0.36341777443885803,0.2943650782108307
6.32447998046875,7.225509033203124,5.2361083984375,1.8252898454666138,0.6738646030426025
6.32447998046875,4.365611572265625,6.2850830078125,1.6383233070373535,0.5981240272521973
1.57337646484375,7.225509033203124,6.2850830078125,0.491293728351593,0.4646763503551483
1.32947998046875,9.363111572265625,0.2861083984375,0.2666779160499573,0.1908341646194458
6.56837646484375,9.363111572265625,0.2861083984375,0.5336678624153137,0.15930362045764923
1.32947998046875,2.228009033203125,0.2861083984375,0.2506454586982727,0.09336879104375839
1.32947998046875,9.363111572265625,1.3350830078125002,0.296736478805542,0.25379472970962524
6.56837646484375,2.228009033203125,1.3350830078125002,0.3364488482475281,0.0861981138586998
1.95385498046875,1.2421740722656247,5.8548583984375,0.275400310754776,0.10492268204689026
9.69025146484375,1.2421740722656247,5.8548583984375,1.3984802961349487,0.3333626389503479
1.95385498046875,5.3514465332031245,5.8548583984375,0.5003873109817505,0.4039027988910675
1.95385498046875,1.2421740722656247,1.9538330078125001,0.25652456283569336,0.07804051786661148
9.69025146484375,5.3514465332031245,1.9538330078125001,1.887427568435669,0.4637012779712677
6.94885498046875,6.2396740722656245,0.9048583984375,0.7816867232322693,0.23785965144634247
4.69525146484375,6.2396740722656245,0.9048583984375,0.44862639904022217,0.1755446046590805
6.94885498046875,0.35394653320312497,0.9048583984375,0.25256162881851196,0.021163975819945335
6.94885498046875,6.2396740722656245,6.9038330078125,2.0573923587799072,0.7028980255126953
4.69525146484375,0.35394653320312497,6.9038330078125,0.2675072252750397,0.034843795001506805
9.44635498046875,3.7409240722656247,8.3298583984375,2.6254966259002686,0.6823604106903076
7.19275146484375,3.7409240722656247,8.3298583984375,1.9223073720932007,0.6316773295402527
9.44635498046875,2.8526965332031247,8.3298583984375,2.422344207763672,0.6254756450653076
9.44635498046875,3.7409240722656247,9.3788330078125,2.673178195953369,0.6959207057952881
7.19275146484375,2.8526965332031247,9.3788330078125,1.791266918182373,0.5845841765403748
4.45135498046875,8.738424072265625,3.3798583984375004,1.161369800567627,0.564358651638031
2.19775146484375,8.738424072265625,3.3798583984375004,0.5634194612503052,0.43867403268814087
4.45135498046875,7.850196533203125,3.3798583984375004,1.1154752969741821,0.5391603708267212
4.45135498046875,8.738424072265625,4.4288330078125,1.2673184871673584,0.6219711303710938
2.19775146484375,7.850196533203125,4.4288330078125,0.5993551015853882,0.4711986482143402
3.2026049804687498,4.990299072265625,2.1423583984375,0.44864583015441895,0.24174420535564423
0.94900146484375,4.990299072265625,2.1423583984375,0.26964735984802246,0.21753765642642975
3.2026049804687498,9.099571533203125,2.1423583984375,0.6685475707054138,0.3995155692100525
3.2026049804687498,4.990299072265625,0.7163330078125,0.29463624954223633,0.1287117898464203
0.94900146484375,9.099571533203125,0.7163330078125,0.26654747128486633,0.23143474757671356
8.19760498046875,9.987799072265625,7.0923583984375,2.677267074584961,0.7986628413200378
5.94400146484375,9.987799072265625,7.0923583984375,1.9322236776351929,0.7601606845855713
8.19760498046875,4.102071533203125,7.0923583984375,2.2252941131591797,0.6538796424865723
8.19760498046875,9.987799072265625,5.6663330078125,2.603405475616455,0.7747888565063477
5.94400146484375,4.102071533203125,5.6663330078125,1.4442987442016602,0.5511175394058228
5.70010498046875,2.4915490722656246,4.6173583984375,0.9463567733764648,0.3544914126396179
3.4465014648437498,2.4915490722656246,4.6173583984375,0.4734179675579071,0.23537684977054596
5.70010498046875,1.6033215332031248,4.6173583984375,0.6204825639724731,0.21340472996234894
5.70010498046875,2.4915490722656246,8.1413330078125,1.2195385694503784,0.47315865755081177
3.4465014648437498,1.6033215332031248,8.1413330078125,0.4443250298500061,0.20646944642066956
0.70510498046875,7.489049072265624,9.5673583984375,0.34519824385643005,0.440315306186676
8.44150146484375,7.489049072265624,9.5673583984375,2.725318670272827,0.7917465567588806
0.70510498046875,6.600821533203124,9.5673583984375,0.33419716358184814,0.4091370701789856
0.70510498046875,7.489049072265624,3.1913330078125,0.2834888994693756,0.30840805172920227
8.44150146484375,6.600821533203124,3.1913330078125,2.1444756984710693,0.6099455952644348
1.01729248046875,2.179205322265625,1.2142333984375002,0.2525709271430969,0.11431308835744858
1.26118896484375,2.179205322265625,1.2142333984375002,0.25456544756889343,0.11180368065834045
1.01729248046875,3.165040283203125,1.2142333984375002,0.2556043565273285,0.1457652449607849
1.01729248046875,2.179205322265625,5.3569580078125,0.26942920684814453,0.15928785502910614
1.26118896484375,3.165040283203125,5.3569580078125,0.2964513301849365,0.21608354151248932
6.01229248046875,7.176705322265624,6.1642333984375,1.785436749458313,0.6896958947181702
6.25618896484375,7.176705322265624,6.1642333984375,1.8622618913650513,0.6959319710731506
6.01229248046875,8.162540283203125,6.1642333984375,1.8393950462341309,0.7126270532608032
6.01229248046875,7.176705322265624,0.4069580078125,0.4265270233154297,0.13124775886535645
6.25618896484375,8.162540283203125,0.4069580078125,0.5136761665344238,0.15937736630439758
8.50979248046875,4.677955322265625,3.6892333984375,2.0244147777557373,0.5683140158653259
3.75868896484375,4.677955322265625,3.6892333984375,0.7414641380310059,0.38951537013053894
8.50979248046875,5.663790283203125,3.6892333984375,2.164487361907959,0.6113764643669128
8.50979248046875,4.677955322265625,2.8819580078125,1.8245843648910522,0.5071350336074829
3.75868896484375,5.663790283203125,2.8819580078125,0.724602222442627,0.38048994541168213
3.51479248046875,9.675455322265625,8.6392333984375,1.1783792972564697,0.705346405506134
8.75368896484375,9.675455322265625,8.6392333984375,2.906137466430664,0.8190228939056396
3.51479248046875,0.666290283203125,8.6392333984375,0.28938743472099304,0.07032016664743423
3.51479248046875,9.675455322265625,7.8319580078125,1.1611515283584595,0.6938523650169373
8.75368896484375,0.666290283203125,7.8319580078125,0.6465100646018982,0.14752107858657837
4.76354248046875,3.4285803222656246,7.4017333984375,1.1162889003753662,0.5048859119415283
7.50493896484375,3.4285803222656246,7.4017333984375,1.9132544994354248,0.6033746004104614
4.76354248046875,1.9156652832031247,7.4017333984375,0.7753840684890747,0.32809558510780334
4.76354248046875,3.4285803222656246,6.5944580078124995,1.0743721723556519,0.4834444224834442
7.50493896484375,1.9156652832031247,6.5944580078124995,1.3963449001312256,0.42549604177474976
9.75854248046875,8.426080322265625,2.4517333984375003,2.4964759349823,0.6247003674507141
2.50993896484375,8.426080322265625,2.4517333984375003,0.5365004539489746,0.3730813264846802
9.75854248046875,6.913165283203124,2.4517333984375003,2.3484244346618652,0.5845662951469421
9.75854248046875,8.426080322265625,1.6444580078125002,2.1216447353363037,0.5234879851341248
2.50993896484375,6.913165283203124,1.6444580078125002,0.3776393532752991,0.23617662489414215
7.26104248046875,0.9298303222656249,9.8767333984375,0.8663670420646667,0.2522695064544678
5.00743896484375,0.9298303222656249,9.8767333984375,0.44526705145835876,0.14589329063892365
7.26104248046875,9.411915283203125,9.8767333984375,2.4251883029937744,0.8060135841369629
7.26104248046875,0.9298303222656249,4.1194580078125,0.37858274579048157,0.08738432824611664
5.00743896484375,9.411915283203125,4.1194580078125,1.4372611045837402,0.6432135105133057
2.26604248046875,5.927330322265624,4.9267333984374995,0.5643199682235718,0.42388299107551575
0.01243896484375,5.927330322265624,4.9267333984374995,0.2453155815601349,0.29651370644569397
2.26604248046875,4.414415283203125,4.9267333984374995,0.47942787408828735,0.3401713967323303
2.26604248046875,5.927330322265624,9.0694580078125,0.6822312474250793,0.53316330909729
0.01243896484375,4.414415283203125,9.0694580078125,0.2452014684677124,0.27215954661369324
1.64166748046875,4.053267822265624,9.2579833984375,0.4381852447986603,0.37176182866096497
3.13431396484375,4.053267822265624,9.2579833984375,0.8042207360267639,0.49695250391960144
1.64166748046875,7.537852783203125,9.2579833984375,0.5692263245582581,0.5439221858978271
1.64166748046875,4.053267822265624,8.4507080078125,0.42723751068115234,0.3588036596775055
3.13431396484375,7.537852783203125,8.4507080078125,0.9882325530052185,0.6361899375915527
6.63666748046875,9.050767822265625,4.3079833984375,1.944383144378662,0.6900925636291504
8.12931396484375,9.050767822265625,4.3079833984375,2.417278528213501,0.720658540725708
6.63666748046875,2.5403527832031245,4.3079833984375,1.1435630321502686,0.38210752606391907
6.63666748046875,9.050767822265625,3.5007080078125004,1.842409610748291,0.650618851184845
8.12931396484375,2.5403527832031245,3.5007080078125004,1.3515925407409668,0.38021233677864075
9.13416748046875,1.5545178222656248,6.7829833984375,1.6353853940963745,0.4201173186302185
0.63681396484375,1.5545178222656248,6.7829833984375,0.25646618008613586,0.12588568031787872
9.13416748046875,0.04160278320312499,6.7829833984375,0.24961432814598083,0.004119489341974258
9.13416748046875,1.5545178222656248,1.0257080078125,0.30855441093444824,0.054766394197940826
0.63681396484375,0.04160278320312499,1.0257080078125,0.24454012513160706,0.0030534041579812765
4.13916748046875,6.552017822265625,1.8329833984375001,0.6707686185836792,0.3204408586025238
5.63181396484375,6.552017822265625,1.8329833984375001,0.9916375875473022,0.381043404340744
4.13916748046875,5.039102783203124,1.8329833984375001,0.5486472845077515,0.25078263878822327
4.13916748046875,6.552017822265625,5.9757080078125,1.1622474193572998,0.6013476252555847
5.63181396484375,5.039102783203124,5.9757080078125,1.4884099960327148,0.599389374256134
2.89041748046875,0.305142822265625,3.0704833984375,0.2506024241447449,0.024848466739058495
6.88056396484375,0.305142822265625,3.0704833984375,0.25969305634498596,0.024297533556818962
2.89041748046875,6.288477783203124,3.0704833984375,0.5944377183914185,0.37485745549201965
2.89041748046875,0.305142822265625,9.6882080078125,0.25949931144714355,0.0318433977663517
6.88056396484375,6.288477783203124,9.6882080078125,2.1392083168029785,0.7404704093933105
7.88541748046875,5.302642822265624,8.0204833984375,2.326247453689575,0.7123422622680664
1.88556396484375,5.302642822265624,8.0204833984375,0.5362256765365601,0.45163097977638245
7.88541748046875,1.2909777832031248,8.0204833984375,1.2314705848693848,0.35218513011932373
7.88541748046875,5.302642822265624,4.7382080078125,2.089383363723755,0.6333224177360535
1.88556396484375,1.2909777832031248,4.7382080078125,0.2705424726009369,0.1018773540854454
5.38791748046875,2.8038928222656248,0.5954833984375,0.28763049840927124,0.0770740658044815
9.37806396484375,2.8038928222656248,0.5954833984375,0.34861400723457336,0.06592752784490585
5.38791748046875,3.7897277832031246,0.5954833984375,0.3077228367328644,0.09002411365509033
5.38791748046875,2.8038928222656248,2.2632080078125,0.5406407713890076,0.19297441840171814
9.37806396484375,3.7897277832031246,2.2632080078125,1.6316343545913696,0.4079352915287018
0.39291748046875,7.801392822265624,5.5454833984375,0.2763395309448242,0.36038559675216675
4.38306396484375,7.801392822265624,5.5454833984375,1.2782663106918335,0.6363736391067505
0.39291748046875,8.787227783203125,5.5454833984375,0.280239999294281,0.3832891583442688
0.39291748046875,7.801392822265624,7.2132080078125,0.2832718789577484,0.3834547996520996
4.38306396484375,8.787227783203125,7.2132080078125,1.3903249502182007,0.6988710761070251
0.54901123046875,0.46131469726562496,8.1751708984375,0.24841764569282532,0.04406389221549034
0.16853271484375001,0.46131469726562496,8.1751708984375,0.24540112912654877,0.043547432869672775
0.54901123046875,2.384180908203125,8.1751708984375,0.26329728960990906,0.18428471684455872
0.54901123046875,0.46131469726562496,5.8210205078124995,0.24752840399742126,0.04148726165294647
0.16853271484375001,2.384180908203125,5.8210205078124995,0.24837180972099304,0.1681385487318039
5.54401123046875,5.458814697265624,3.2251708984375003,1.207631230354309,0.48197633028030396
5.1635327148437495,5.458814697265624,3.2251708984375003,1.1075233221054077,0.46681132912635803
5.54401123046875,7.3816809082031245,3.2251708984375003,1.3724734783172607,0.5564038157463074
5.54401123046875,5.458814697265624,0.8710205078125,0.4755500853061676,0.16222378611564636
5.1635327148437495,7.3816809082031245,0.8710205078125,0.577669620513916,0.22010254859924316
8.04151123046875,2.960064697265625,5.7001708984374995,1.825383186340332,0.5361077189445496
2.66603271484375,2.960064697265625,5.7001708984374995,0.46240234375,0.28028425574302673
8.04151123046875,9.880430908203126,5.7001708984374995,2.5492236614227295,0.7715270519256592
8.04151123046875,2.960064697265625,3.3460205078125003,1.4325636625289917,0.4099888503551483
2.66603271484375,9.880430908203126,3.3460205078125003,0.7105877995491028,0.49899351596832275
3.04651123046875,7.957564697265624,0.7501708984375,0.3346887528896332,0.17136865854263306
7.66103271484375,7.957564697265624,0.7501708984375,0.9626760482788086,0.27519938349723816
3.04651123046875,4.882930908203124,0.7501708984375,0.2915671765804291,0.130684956908226
3.04651123046875,7.957564697265624,8.2960205078125,0.9731597304344177,0.6404643058776855
7.66103271484375,4.882930908203124,8.2960205078125,2.221388578414917,0.6965558528900146
4.29526123046875,4.2094396972656245,4.4626708984375,0.9023334980010986,0.43503454327583313
8.90978271484375,4.2094396972656245,4.4626708984375,2.1984198093414307,0.5948815941810608
4.29526123046875,3.6335559082031246,4.4626708984375,0.8264592885971069,0.3922405242919922
4.29526123046875,4.2094396972656245,7.0585205078125,1.0713132619857788,0.5291985869407654
8.90978271484375,3.6335559082031246,7.0585205078125,2.3602397441864014,0.643271803855896
9.29026123046875,9.206939697265625,9.4126708984375,3.0901219844818115,0.8259562253952026
3.9147827148437497,9.206939697265625,9.4126708984375,1.3071002960205078,0.7210946083068848
9.29026123046875,8.631055908203125,9.4126708984375,3.064274787902832,0.8186215162277222
9.29026123046875,9.206939697265625,2.1085205078125,2.2894225120544434,0.5967223048210144
3.9147827148437497,8.631055908203125,2.1085205078125,0.8054168224334717,0.4177301526069641
6.79276123046875,1.7106896972656247,1.9876708984375002,0.3595753014087677,0.09107010811567307
6.41228271484375,1.7106896972656247,1.9876708984375002,0.3425363004207611,0.08896231651306152
6.79276123046875,6.132305908203125,1.9876708984375002,1.2796269655227661,0.4255254864692688
6.79276123046875,1.7106896972656247,4.5835205078125,0.8875128626823425,0.27906855940818787
6.41228271484375,6.132305908203125,4.5835205078125,1.710347056388855,0.6192138195037842
1.79776123046875,6.708189697265625,6.9376708984375,0.5461915135383606,0.4833396077156067
1.4172827148437501,6.708189697265625,6.9376708984375,0.45419156551361084,0.44662538170814514
1.79776123046875,1.1348059082031248,6.9376708984375,0.2733529210090637,0.10110608488321304
1.79776123046875,6.708189697265625,9.5335205078125,0.5912274122238159,0.532791256904602
1.4172827148437501,1.1348059082031248,9.5335205078125,0.27331551909446716,0.10885073989629745
2.42213623046875,3.5847521972656247,1.3689208984375,0.2826539874076843,0.13916203379631042
4.53915771484375,3.5847521972656247,1.3689208984375,0.3555625081062317,0.13111521303653717
2.42213623046875,6.756993408203124,1.3689208984375,0.3357723653316498,0.2046198546886444
2.42213623046875,3.5847521972656247,7.6772705078125,0.5443422198295593,0.3764638900756836
4.53915771484375,6.756993408203124,7.6772705078125,1.3632181882858276,0.6622255444526672
7.41713623046875,8.582252197265625,6.3189208984375,2.322288751602173,0.7535871267318726
9.53415771484375,8.582252197265625,6.3189208984375,3.0182135105133057,0.7852513194084167
7.41713623046875,1.7594934082031248,6.3189208984375,1.2703667879104614,0.3868984282016754
7.41713623046875,8.582252197265625,2.7272705078125004,1.8964349031448364,0.6041651964187622
9.53415771484375,1.7594934082031248,2.7272705078125004,1.0305697917938232,0.2403148114681244
9.91463623046875,1.0860021972656249,3.8439208984375,0.8716748952865601,0.1907888948917389
2.04165771484375,1.0860021972656249,3.8439208984375,0.26364004611968994,0.082613006234169
9.91463623046875,4.258243408203125,3.8439208984375,2.393326997756958,0.5877410173416138
9.91463623046875,1.0860021972656249,0.25227050781250004,0.26571300625801086,0.03281156346201897
2.04165771484375,4.258243408203125,0.25227050781250004,0.2604963779449463,0.11824940145015717
4.9196362304687495,6.0835021972656245,8.7939208984375,1.4751590490341187,0.6720558404922485
7.03665771484375,6.0835021972656245,8.7939208984375,2.1492011547088623,0.7285847067832947
4.9196362304687495,9.255743408203125,8.7939208984375,1.6213603019714355,0.7464253306388855
4.9196362304687495,6.0835021972656245,5.2022705078125,1.3153951168060303,0.5916078686714172
7.03665771484375,9.255743408203125,5.2022705078125,2.1603877544403076,0.7323973774909973
3.6708862304687497,2.3353771972656245,5.0814208984375,0.5173710584640503,0.2501053810119629
5.78790771484375,2.3353771972656245,5.0814208984375,0.9744023084640503,0.36123013496398926
3.6708862304687497,8.006368408203125,5.0814208984375,1.0482566356658936,0.5952993035316467
3.6708862304687497,2.3353771972656245,8.9147705078125,0.6952029466629028,0.36101120710372925
5.78790771484375,8.006368408203125,8.9147705078125,1.8592300415039062,0.7470570802688599
8.66588623046875,7.332877197265624,0.13142089843750002,0.473603218793869,0.10506930202245712
0.79290771484375,7.332877197265624,0.13142089843750002,0.2536573112010956,0.18753331899642944
8.66588623046875,3.0088684082031247,0.13142089843750002,0.29159265756607056,0.052062273025512695
8.66588623046875,7.332877197265624,3.9647705078125,2.42635440826416,0.6802021265029907
0.79290771484375,3.0088684082031247,3.9647705078125,0.2644600570201874,0.18590302765369415
6.16838623046875,4.834127197265625,7.5564208984375,1.7162624597549438,0.6446566581726074
8.28540771484375,4.834127197265625,7.5564208984375,2.3802590370178223,0.6963923573493958
6.16838623046875,0.5101184082031249,7.5564208984375,0.30638763308525085,0.05567580461502075
6.16838623046875,4.834127197265625,1.4897705078125,0.7786399722099304,0.26487842202186584
8.28540771484375,0.5101184082031249,1.4897705078125,0.26363447308540344,0.03040253184735775
1.1733862304687501,9.831627197265625,2.6064208984375004,0.3374790847301483,0.34113186597824097
3.29040771484375,9.831627197265625,2.6064208984375004,0.788463830947876,0.4736536145210266
1.1733862304687501,5.5076184082031245,2.6064208984375004,0.28954392671585083,0.24149727821350098
1.1733862304687501,9.831627197265625,6.4397705078125,0.4492200016975403,0.5063372254371643
3.29040771484375,5.5076184082031245,6.4397705078125,0.8732444643974304,0.5283337831497192
0.8611987304687501,4.521783447265625,6.6282958984375,0.3022295832633972,0.29065993428230286
6.72447021484375,4.521783447265625,6.6282958984375,1.801281452178955,0.6267958879470825
0.8611987304687501,4.570587158203124,6.6282958984375,0.3033674955368042,0.2933969795703888
0.8611987304687501,4.521783447265625,4.2741455078124995,0.2823840081691742,0.2508050799369812
6.72447021484375,4.570587158203124,4.2741455078124995,1.5894010066986084,0.5458926558494568
5.8561987304687495,9.519283447265625,1.6782958984375,1.2045419216156006,0.45800912380218506
1.72947021484375,9.519283447265625,1.6782958984375,0.34968891739845276,0.28137317299842834
5.8561987304687495,9.568087158203125,1.6782958984375,1.2066961526870728,0.4589521288871765
5.8561987304687495,9.519283447265625,9.2241455078125,1.9472155570983887,0.7772476077079773
1.72947021484375,9.568087158203125,9.2241455078125,0.6382567882537842,0.6076164245605469
8.35369873046875,2.023033447265625,9.1032958984375,1.8513994216918945,0.5254241824150085
9.22197021484375,2.023033447265625,9.1032958984375,2.1022789478302,0.5489745140075684
8.35369873046875,7.069337158203124,9.1032958984375,2.6581382751464844,0.7785406112670898
8.35369873046875,2.023033447265625,6.7491455078125,1.6873524188995361,0.4740344285964966
9.22197021484375,7.069337158203124,6.7491455078125,2.847177743911743,0.761803925037384
3.35869873046875,7.020533447265624,4.1532958984374995,0.8503762483596802,0.5054740905761719
4.22697021484375,7.020533447265624,4.1532958984374995,1.090356469154358,0.5497653484344482
3.35869873046875,2.0718371582031248,4.1532958984374995,0.36255574226379395,0.1623452603816986
3.35869873046875,7.020533447265624,1.7991455078125,0.5415550470352173,0.2969565987586975
4.22697021484375,2.0718371582031248,1.7991455078125,0.29868751764297485,0.09884610027074814
4.60744873046875,0.7736584472656249,0.4407958984375,0.25260788202285767,0.03701181337237358
2.9782202148437498,0.7736584472656249,0.4407958984375,0.2496330738067627,0.04017719626426697
4.60744873046875,0.822462158203125,0.4407958984375,0.2536557912826538,0.03876375034451485
4.60744873046875,0.7736584472656249,3.0366455078125,0.2726028561592102,0.05639069899916649
2.9782202148437498,0.822462158203125,3.0366455078125,0.2626153826713562,0.0607435405254364
9.60244873046875,5.771158447265624,5.3907958984375,2.7514169216156006,0.7057221531867981
7.97322021484375,5.771158447265624,5.3907958984375,2.2363839149475098,0.6749141812324524
9.60244873046875,5.819962158203125,5.3907958984375,2.757246255874634,0.7073215842247009
9.60244873046875,5.771158447265624,7.9866455078125,2.928243637084961,0.7551944851875305
7.97322021484375,5.819962158203125,7.9866455078125,2.4015915393829346,0.7295807003974915
7.10494873046875,3.2724084472656245,2.9157958984375,1.1775546073913574,0.3707878291606903
0.48072021484375,3.2724084472656245,2.9157958984375,0.25461769104003906,0.18587026000022888
7.10494873046875,8.318712158203125,2.9157958984375,1.8304072618484497,0.6055176854133606
7.10494873046875,3.2724084472656245,5.5116455078125,1.6153430938720703,0.5273412466049194
0.48072021484375,8.318712158203125,5.5116455078125,0.2872910499572754,0.37548375129699707
2.1099487304687496,8.269908447265625,7.8657958984375,0.6971831917762756,0.5822427868843079
5.47572021484375,8.269908447265625,7.8657958984375,1.740176796913147,0.7313826680183411
2.1099487304687496,3.3212121582031244,7.8657958984375,0.45922431349754333,0.33031752705574036
2.1099487304687496,8.269908447265625,0.5616455078125,0.2886752188205719,0.17391252517700195
5.47572021484375,3.3212121582031244,0.5616455078125,0.29661402106285095,0.08218889683485031
1.48557373046875,1.3983459472656248,3.5345458984375,0.26059961318969727,0.10003978759050369
8.59759521484375,1.3983459472656248,3.5345458984375,0.8446211218833923,0.21106451749801636
1.48557373046875,8.943399658203125,3.5345458984375,0.4193434417247772,0.3978686034679413
1.48557373046875,1.3983459472656248,2.4178955078125,0.25659021735191345,0.09160761535167694
8.59759521484375,8.943399658203125,2.4178955078125,2.181525230407715,0.6105302572250366
6.48057373046875,6.395845947265625,8.4845458984375,1.982463002204895,0.721061110496521
3.60259521484375,6.395845947265625,8.4845458984375,1.0801596641540527,0.6246369481086731
6.48057373046875,3.9458996582031247,8.4845458984375,1.7422127723693848,0.6257107257843018
6.48057373046875,6.395845947265625,7.3678955078124995,1.9413321018218994,0.704659640789032
3.60259521484375,3.9458996582031247,7.3678955078124995,0.8642743229866028,0.48118335008621216
8.97807373046875,3.897095947265625,1.0595458984375001,0.851685106754303,0.20485365390777588
6.1000952148437495,3.897095947265625,1.0595458984375001,0.44261518120765686,0.13543367385864258
8.97807373046875,1.4471496582031247,1.0595458984375001,0.3017164468765259,0.05307840555906296
8.97807373046875,3.897095947265625,9.8428955078125,2.5683021545410156,0.7001490592956543
6.1000952148437495,1.4471496582031247,9.8428955078125,1.0012301206588745,0.35328665375709534
3.98307373046875,8.894595947265625,6.0095458984375,1.2242194414138794,0.6603022217750549
1.10509521484375,8.894595947265625,6.0095458984375,0.411285400390625,0.4630577862262726
3.98307373046875,6.444649658203124,6.0095458984375,1.111282467842102,0.5913394689559937
3.98307373046875,8.894595947265625,4.8928955078125,1.1662569046020508,0.6255133152008057
1.10509521484375,6.444649658203124,4.8928955078125,0.343404620885849,0.34597495198249817
2.7343237304687498,2.6477209472656247,9.7220458984375,0.5561928749084473,0.3469189703464508
2.3538452148437496,2.6477209472656247,9.7220458984375,0.4762888550758362,0.3149053454399109
2.7343237304687498,5.195274658203124,9.7220458984375,0.786212146282196,0.5432729721069336
2.7343237304687498,2.6477209472656247,1.1803955078125001,0.27266156673431396,0.10965704172849655
2.3538452148437496,5.195274658203124,1.1803955078125001,0.29557672142982483,0.16407421231269836
7.72932373046875,7.645220947265624,4.7720458984375,2.254420757293701,0.7013602256774902
7.34884521484375,7.645220947265624,4.7720458984375,2.1344540119171143,0.6935215592384338
7.72932373046875,0.19777465820312498,4.7720458984375,0.2596881091594696,0.017977071925997734
7.72932373046875,7.645220947265624,6.1303955078125,2.3613250255584717,0.7377094626426697
7.34884521484375,0.19777465820312498,6.1303955078125,0.2626632750034332,0.01922561787068844
5.23182373046875,0.148970947265625,7.2470458984374995,0.25467026233673096,0.01482650451362133
4.85134521484375,0.148970947265625,7.2470458984374995,0.2535988986492157,0.014765547588467598
5.23182373046875,2.6965246582031246,7.2470458984374995,1.0983163118362427,0.45462074875831604
5.23182373046875,0.148970947265625,8.6053955078125,0.25675228238105774,0.015460179187357426
4.85134521484375,2.6965246582031246,8.6053955078125,1.0582571029663086,0.46644508838653564
0.23682373046875002,5.146470947265625,2.2970458984375,0.2505166232585907,0.23998798429965973
9.84634521484375,5.146470947265625,2.2970458984375,2.0595040321350098,0.5021981000900269
0.23682373046875002,7.694024658203125,2.2970458984375,0.2534950077533722,0.2989358603954315
0.23682373046875002,5.146470947265625,3.6553955078125,0.2534216344356537,0.26080963015556335
9.84634521484375,7.694024658203125,3.6553955078125,2.773420572280884,0.6941466331481934
0.31487060546875,1.6326037597656247,7.1697021484375,0.2504420876502991,0.13047225773334503
3.68064208984375,1.6326037597656247,7.1697021484375,0.4563773572444916,0.20489907264709473
0.31487060546875,7.4597668457031245,7.1697021484375,0.27314794063568115,0.36929231882095337
0.31487060546875,1.6326037597656247,0.6389892578125,0.24578000605106354,0.09036291390657425
3.68064208984375,7.4597668457031245,0.6389892578125,0.34263813495635986,0.15160265564918518
5.30987060546875,6.630103759765625,2.2197021484375004,1.0386403799057007,0.4239017963409424
8.67564208984375,6.630103759765625,2.2197021484375004,1.9194756746292114,0.5262587070465088
5.30987060546875,2.4622668457031245,2.2197021484375004,0.43959420919418335,0.1502314656972885
5.30987060546875,6.630103759765625,5.5889892578125,1.497260570526123,0.6373207569122314
8.67564208984375,2.4622668457031245,5.5889892578125,1.8346227407455444,0.5010136961936951
7.80737060546875,4.1313537597656245,9.6447021484375,2.224276065826416,0.685186505317688
1.1831420898437501,4.1313537597656245,9.6447021484375,0.3622072637081146,0.3381115794181824
7.80737060546875,4.961016845703124,9.6447021484375,2.325340747833252,0.7190072536468506
7.80737060546875,4.1313537597656245,8.0639892578125,2.1612236499786377,0.6638996601104736
1.1831420898437501,4.961016845703124,8.0639892578125,0.37229007482528687,0.363547682762146
2.81237060546875,9.128853759765626,4.6947021484375,0.8203563094139099,0.5635822415351868
6.17814208984375,9.128853759765626,4.6947021484375,1.8404005765914917,0.6951282620429993
2.81237060546875,9.958516845703125,4.6947021484375,0.8444188237190247,0.5832773447036743
2.81237060546875,9.128853759765626,3.1139892578125004,0.7033684253692627,0.47170573472976685
6.17814208984375,9.958516845703125,3.1139892578125004,1.68734610080719,0.6321413516998291
4.06112060546875,2.881978759765625,0.9822021484375,0.28858643770217896,0.09807929396629333
7.42689208984375,2.881978759765625,0.9822021484375,0.37955242395401,0.09230966120958328
4.06112060546875,8.709141845703124,0.9822021484375,0.5285555124282837,0.24569715559482574
4.06112060546875,2.881978759765625,1.8764892578125,0.33768802881240845,0.1312539279460907
7.42689208984375,8.709141845703124,1.8764892578125,1.6344891786575317,0.5127962231636047
9.05612060546875,7.879478759765624,5.9322021484375,2.7953202724456787,0.7599764466285706
2.4318920898437497,7.879478759765624,5.9322021484375,0.7262684106826782,0.5477936863899231
9.05612060546875,3.7116418457031246,5.9322021484375,2.3284220695495605,0.6236626505851746
9.05612060546875,7.879478759765624,6.8264892578125,2.849177598953247,0.7758961915969849
2.4318920898437497,3.7116418457031246,6.8264892578125,0.5332351326942444,0.36643946170806885
6.55862060546875,0.383228759765625,3.4572021484375,0.26563340425491333,0.031105024740099907
9.92439208984375,0.383228759765625,3.4572021484375,0.27960947155952454,0.03068475052714348
6.55862060546875,1.2128918457031248,3.4572021484375,0.3875862658023834,0.10128610581159592
6.55862060546875,0.383228759765625,9.3014892578125,0.29847270250320435,0.04433932155370712
9.92439208984375,1.2128918457031248,9.3014892578125,1.7713481187820435,0.4238587021827698
1.56362060546875,5.380728759765624,8.4072021484375,0.47018569707870483,0.43226608633995056
4.92939208984375,5.380728759765624,8.4072021484375,1.4172462224960327,0.6414615511894226
1.56362060546875,6.210391845703124,8.4072021484375,0.4991931915283203,0.47185856103897095
1.56362060546875,5.380728759765624,4.3514892578125,0.3724878430366516,0.3143799901008606
4.92939208984375,6.210391845703124,4.3514892578125,1.255401611328125,0.5606524348258972
2.1879956054687497,4.756041259765625,2.8384521484375003,0.363520085811615,0.24125735461711884
1.80751708984375,4.756041259765625,2.8384521484375003,0.325493186712265,0.23066024482250214
2.1879956054687497,1.8375793457031246,2.8384521484375003,0.2735311985015869,0.11489294469356537
2.1879956054687497,4.756041259765625,3.7327392578125003,0.4214634299278259,0.29596859216690063
1.80751708984375,1.8375793457031246,3.7327392578125003,0.27459484338760376,0.12658388912677765
7.18299560546875,9.753541259765624,7.7884521484375,2.3572239875793457,0.7896308898925781
6.80251708984375,9.753541259765624,7.7884521484375,2.2301764488220215,0.782967209815979
7.18299560546875,6.835079345703124,7.7884521484375,2.214200496673584,0.7379186153411865
7.18299560546875,9.753541259765624,8.6827392578125,2.383209705352783,0.7990821599960327
6.80251708984375,6.835079345703124,8.6827392578125,2.1213574409484863,0.7416382431983948
9.68049560546875,2.2572912597656245,0.36345214843750007,0.2978053689002991,0.04904593154788017
4.30501708984375,2.2572912597656245,0.36345214843750007,0.26571202278137207,0.06978963315486908
9.68049560546875,9.333829345703125,0.36345214843750007,1.03553307056427,0.23729845881462097
9.68049560546875,2.2572912597656245,6.2077392578124995,2.1093106269836426,0.5249940752983093
4.30501708984375,9.333829345703125,6.2077392578124995,1.3482542037963867,0.6865109205245972
4.68549560546875,7.254791259765624,5.3134521484374995,1.3284380435943604,0.6255019307136536
9.30001708984375,7.254791259765624,5.3134521484374995,2.7823357582092285,0.7368181347846985
4.68549560546875,4.336329345703125,5.3134521484374995,1.0933809280395508,0.5014158487319946
4.68549560546875,7.254791259765624,1.2577392578125002,0.6496338248252869,0.2766643762588501
9.30001708984375,4.336329345703125,1.2577392578125002,1.1576186418533325,0.28061115741729736
3.43674560546875,1.0079162597656248,9.0259521484375,0.33037665486335754,0.11435319483280182
8.05126708984375,1.0079162597656248,9.0259521484375,1.0782806873321533,0.29633864760398865
3.43674560546875,3.0869543457031248,9.0259521484375,0.7692379951477051,0.43425700068473816
3.43674560546875,1.0079162597656248,4.9702392578125,0.28870102763175964,0.08560071885585785
8.05126708984375,3.0869543457031248,4.9702392578125,1.7743923664093018,0.5189598798751831
8.43174560546875,6.005416259765624,4.0759521484375,2.246359348297119,0.6423836350440979
3.05626708984375,6.005416259765624,4.0759521484375,0.7094103097915649,0.4416623115539551
8.43174560546875,8.084454345703126,4.0759521484375,2.425325870513916,0.6981638669967651
8.43174560546875,6.005416259765624,9.9202392578125,2.633139133453369,0.7638930082321167
3.05626708984375,8.084454345703126,9.9202392578125,1.0100536346435547,0.6663050055503845
5.93424560546875,3.5066662597656246,6.5509521484375,1.4122997522354126,0.5381446480751038
5.55376708984375,3.5066662597656246,6.5509521484375,1.3042365312576294,0.5234344601631165
5.93424560546875,5.585704345703125,6.5509521484375,1.6662969589233398,0.6470046639442444
5.93424560546875,3.5066662597656246,7.4452392578125,1.4633251428604126,0.559927761554718
5.55376708984375,5.585704345703125,7.4452392578125,1.5912318229675293,0.6539275646209717
0.93924560546875,8.504166259765626,1.6009521484375002,0.2796981930732727,0.26683807373046875
0.55876708984375,8.504166259765626,1.6009521484375002,0.26355940103530884,0.2809419333934784
0.93924560546875,0.588204345703125,1.6009521484375002,0.24658642709255219,0.041337549686431885
0.93924560546875,8.504166259765626,2.4952392578125,0.2965554893016815,0.3042280972003937
0.55876708984375,0.588204345703125,2.4952392578125,0.2465473860502243,0.04487184062600136
1.25143310546875,3.1943225097656245,8.097827148437501,0.3242652118206024,0.2583157420158386
9.61220458984375,3.1943225097656245,8.097827148437501,2.5492265224456787,0.6498710513114929
1.25143310546875,9.646173095703125,8.097827148437501,0.4920724928379059,0.5465996265411377
1.25143310546875,3.1943225097656245,9.6108642578125,0.3372383117675781,0.27682462334632874
9.61220458984375,9.646173095703125,9.6108642578125,3.2221434116363525,0.8357082009315491
6.24643310546875,8.191822509765625,3.1478271484375,1.6154985427856445,0.5963014960289001
4.61720458984375,8.191822509765625,3.1478271484375,1.1483768224716187,0.5392161011695862
6.24643310546875,4.648673095703124,3.1478271484375,1.2784388065338135,0.4595033824443817
6.24643310546875,8.191822509765625,4.6608642578124995,1.8103957176208496,0.6757125854492188
4.61720458984375,4.648673095703124,4.6608642578124995,1.0554590225219727,0.4884343445301056
8.74393310546875,0.6955725097656249,5.6228271484375,0.4664558470249176,0.0973254144191742
7.1147045898437495,0.6955725097656249,5.6228271484375,0.34951144456863403,0.07380422204732895
8.74393310546875,2.149923095703125,5.6228271484375,1.7294096946716309,0.4659523069858551
8.74393310546875,0.6955725097656249,2.1858642578125003,0.28569820523262024,0.04293970391154289
7.1147045898437495,2.149923095703125,2.1858642578125003,0.5986706614494324,0.16892947256565094
3.74893310546875,5.693072509765624,0.6728271484375,0.3145165741443634,0.12940625846385956
2.11970458984375,5.693072509765624,0.6728271484375,0.2774488031864166,0.15254442393779755
3.74893310546875,7.147423095703124,0.6728271484375,0.34461718797683716,0.1504037231206894
3.74893310546875,5.693072509765624,7.1358642578125,1.043222427368164,0.579719603061676
2.11970458984375,7.147423095703124,7.1358642578125,0.6503650546073914,0.532274603843689
4.99768310546875,1.9449475097656248,4.3853271484375,0.5984451174736023,0.23046936094760895
0.8709545898437501,1.9449475097656248,4.3853271484375,0.2594822645187378,0.13759474456310272
4.99768310546875,5.898048095703125,4.3853271484375,1.2533283233642578,0.5525553822517395
4.99768310546875,1.9449475097656248,8.3733642578125,0.8872536420822144,0.36885151267051697
0.8709545898437501,5.898048095703125,8.3733642578125,0.34333598613739014,0.3825356960296631
9.99268310546875,6.942447509765624,9.3353271484375,3.2031326293945312,0.7999594807624817
5.86595458984375,6.942447509765624,9.3353271484375,1.8411755561828613,0.7300211191177368
9.99268310546875,0.9005480957031249,9.3353271484375,1.4184390306472778,0.32898902893066406
9.99268310546875,6.942447509765624,3.4233642578125,2.7033469676971436,0.665461540222168
5.86595458984375,0.9005480957031249,3.4233642578125,0.2995915710926056,0.06707722693681717
7.49518310546875,4.443697509765625,1.9103271484375002,1.1725791692733765,0.3510538935661316
3.3684545898437497,4.443697509765625,1.9103271484375002,0.3965814411640167,0.1965772956609726
7.49518310546875,3.3992980957031245,1.9103271484375002,0.9495599865913391,0.27634912729263306
7.49518310546875,4.443697509765625,0.9483642578125,0.653476893901825,0.1792377233505249
3.3684545898437497,3.3992980957031245,0.9483642578125,0.28559744358062744,0.11209318041801453
2.50018310546875,9.441197509765624,6.8603271484374995,0.8192018270492554,0.6183550953865051
8.36345458984375,9.441197509765624,6.8603271484374995,2.700192451477051,0.7906742095947266
2.50018310546875,8.396798095703126,6.8603271484374995,0.7912070155143738,0.5928537249565125
2.50018310546875,9.441197509765624,5.8983642578125,0.7912107706069946,0.5940690636634827
8.36345458984375,8.396798095703126,5.8983642578125,2.5961852073669434,0.7578004598617554
1.87580810546875,0.07088500976562499,2.5290771484375,0.24557530879974365,0.0058704521507024765
5.24157958984375,0.07088500976562499,2.5290771484375,0.2466922104358673,0.0058227889239788055
1.87580810546875,4.023985595703125,2.5290771484375,0.30254316329956055,0.19336718320846558
1.87580810546875,0.07088500976562499,6.5171142578125,0.2456909418106079,0.006840429734438658
5.24157958984375,4.023985595703125,6.5171142578125,1.2903063297271729,0.5456658005714417
6.8708081054687495,5.068385009765625,7.4790771484375,1.955348014831543,0.6721159815788269
0.24657958984375,5.068385009765625,7.4790771484375,0.2592451572418213,0.29450103640556335
6.8708081054687495,9.021485595703124,7.4790771484375,2.214237689971924,0.7695934772491455
6.8708081054687495,5.068385009765625,1.5671142578125001,0.9845531582832336,0.31325671076774597
0.24657958984375,9.021485595703124,1.5671142578125001,0.25252774357795715,0.3023616373538971
9.36830810546875,2.5696350097656246,5.0040771484375,1.987463355064392,0.50758296251297
7.73907958984375,2.5696350097656246,5.0040771484375,1.538618564605713,0.46042948961257935
9.36830810546875,6.522735595703124,5.0040771484375,2.712343454360962,0.7116938233375549
9.36830810546875,2.5696350097656246,4.0421142578125,1.8075696229934692,0.4572569727897644
7.73907958984375,6.522735595703124,4.0421142578125,2.08142352104187,0.6420533657073975
4.37330810546875,7.567135009765624,9.9540771484375,1.4053229093551636,0.7083339095115662
2.74407958984375,7.567135009765624,9.9540771484375,0.8981305360794067,0.6360421776771545
4.37330810546875,1.5252355957031247,9.9540771484375,0.6493330001831055,0.2817923426628113
4.37330810546875,7.567135009765624,8.9921142578125,1.3861826658248901,0.6976414918899536
2.74407958984375,1.5252355957031247,8.9921142578125,0.3613567352294922,0.17221198976039886
3.1245581054687497,3.8190100097656248,6.2415771484375,0.6833184361457825,0.4100935459136963
3.99282958984375,3.8190100097656248,6.2415771484375,0.9034271240234375,0.4636000096797943
3.1245581054687497,0.275860595703125,6.2415771484375,0.2546420097351074,0.02614189125597477
3.1245581054687497,3.8190100097656248,5.2796142578125,0.6343106627464294,0.3749726414680481
3.99282958984375,0.275860595703125,5.2796142578125,0.25562524795532227,0.02521754987537861
8.11955810546875,8.816510009765626,1.2915771484375,1.5195945501327515,0.4343554377555847
8.98782958984375,8.816510009765626,1.2915771484375,1.7305293083190918,0.45406755805015564
8.11955810546875,5.273360595703124,1.2915771484375,1.119593620300293,0.30863049626350403
8.11955810546875,8.816510009765626,0.3296142578125,0.7296262979507446,0.18839603662490845
8.98782958984375,5.273360595703124,0.3296142578125,0.4784749448299408,0.10300561040639877
5.62205810546875,1.3202600097656247,8.7165771484375,0.7702897191047668,0.27850672602653503
1.49532958984375,1.3202600097656247,8.7165771484375,0.2783935070037842,0.12263038754463196
5.62205810546875,7.772110595703125,8.7165771484375,1.7891628742218018,0.7358516454696655
5.62205810546875,1.3202600097656247,2.8046142578125,0.3206925690174103,0.08582771569490433
1.49532958984375,7.772110595703125,2.8046142578125,0.359535276889801,0.317775696516037
0.6270581054687501,6.317760009765625,3.7665771484375004,0.2763719856739044,0.29324328899383545
6.49032958984375,6.317760009765625,3.7665771484375004,1.6464074850082397,0.5870838761329651
0.6270581054687501,2.7746105957031246,3.7665771484375004,0.2575681805610657,0.17325960099697113
0.6270581054687501,6.317760009765625,7.7546142578125,0.3062300980091095,0.3650149703025818
6.49032958984375,2.7746105957031246,7.7546142578125,1.491328477859497,0.5257138609886169
0.47096435546875004,4.2875256347656245,0.2087646484375,0.24854503571987152,0.1586185097694397
8.20736083984375,4.2875256347656245,0.2087646484375,0.3225996792316437,0.0664733424782753
0.47096435546875004,6.054219970703125,0.2087646484375,0.24986431002616882,0.19158849120140076
0.47096435546875004,4.2875256347656245,8.8374267578125,0.2752268612384796,0.2841901183128357
8.20736083984375,6.054219970703125,8.8374267578125,2.53022837638855,0.7508524060249329
5.46596435546875,9.285025634765626,5.1587646484375,1.6573762893676758,0.694446861743927
3.21236083984375,9.285025634765626,5.1587646484375,0.9654110074043274,0.6082183122634888
5.46596435546875,1.0567199707031247,5.1587646484375,0.3725179135799408,0.10749494284391403
5.46596435546875,9.285025634765626,3.8874267578125004,1.5473684072494507,0.6439366936683655
3.21236083984375,1.0567199707031247,3.8874267578125004,0.2775332033634186,0.08095089346170425
7.96346435546875,1.7887756347656247,2.6837646484375,0.7385964393615723,0.19458815455436707
5.70986083984375,1.7887756347656247,2.6837646484375,0.4006233513355255,0.12287820875644684
7.96346435546875,3.5554699707031245,2.6837646484375,1.3865605592727661,0.3991994857788086
7.96346435546875,1.7887756347656247,1.4124267578125,0.34264761209487915,0.0741015076637268
5.70986083984375,3.5554699707031245,1.4124267578125,0.47863614559173584,0.15842893719673157
2.96846435546875,6.786275634765625,7.6337646484375,0.8893238306045532,0.5891977548599243
0.71486083984375,6.786275634765625,7.6337646484375,0.32429206371307373,0.38895168900489807
2.96846435546875,8.552969970703126,7.6337646484375,0.9541646838188171,0.6402960419654846
2.96846435546875,6.786275634765625,6.3624267578125,0.850377082824707,0.5596275329589844
0.71486083984375,8.552969970703126,6.3624267578125,0.3312075734138489,0.4184592068195343
4.21721435546875,0.5394006347656249,6.3962646484375,0.2765401601791382,0.05171880125999451
1.96361083984375,0.5394006347656249,6.3962646484375,0.2575688064098358,0.049729134887456894
4.21721435546875,9.802344970703125,6.3962646484375,1.3442511558532715,0.6969221234321594
4.21721435546875,0.5394006347656249,7.5999267578125,0.28249964118003845,0.05502164363861084
1.96361083984375,9.802344970703125,7.5999267578125,0.6861466765403748,0.6049262285232544
9.21221435546875,5.536900634765624,1.4462646484375001,1.4986042976379395,0.37795910239219666
6.95861083984375,5.536900634765624,1.4462646484375001,1.0086612701416016,0.3181985020637512
9.21221435546875,4.804844970703124,1.4462646484375001,1.3685550689697266,0.34166017174720764
9.21221435546875,5.536900634765624,2.6499267578125,2.0844240188598633,0.5431358814239502
6.95861083984375,4.804844970703124,2.6499267578125,1.364549160003662,0.44638437032699585
6.71471435546875,3.038150634765625,8.8712646484375,1.6703225374221802,0.5775546431541443
4.46111083984375,3.038150634765625,8.8712646484375,1.0271904468536377,0.48628413677215576
6.71471435546875,2.306094970703125,8.8712646484375,1.4794535636901855,0.5045952200889587
6.71471435546875,3.038150634765625,0.1749267578125,0.2824934124946594,0.06071723252534866
4.46111083984375,2.306094970703125,0.1749267578125,0.2627095878124237,0.06457070261240005
1.71971435546875,8.035650634765625,3.9212646484375004,0.4665684103965759,0.4123225808143616
9.45611083984375,8.035650634765625,3.9212646484375004,2.723295211791992,0.7080658674240112
1.71971435546875,7.3035949707031245,3.9212646484375004,0.44543910026550293,0.3865259885787964
1.71971435546875,8.035650634765625,5.1249267578125,0.5153473019599915,0.4674530029296875
9.45611083984375,7.3035949707031245,5.1249267578125,2.818249225616455,0.7350555062294006
2.34408935546875,2.4134631347656246,9.4900146484375,0.44127318263053894,0.2810811698436737
6.33423583984375,2.4134631347656246,9.4900146484375,1.4312293529510498,0.5136725306510925
2.34408935546875,0.43203247070312495,9.4900146484375,0.2614125907421112,0.04426030442118645
2.34408935546875,2.4134631347656246,6.9811767578124995,0.38928163051605225,0.23439964652061462
6.33423583984375,0.43203247070312495,6.9811767578124995,0.29047471284866333,0.04471730440855026
7.33908935546875,7.410963134765624,4.5400146484374995,2.0913002490997314,0.6790974736213684
1.33923583984375,7.410963134765624,4.5400146484374995,0.39630788564682007,0.38801485300064087
7.33908935546875,5.4295324707031245,4.5400146484374995,1.9144058227539062,0.6165263652801514
7.33908935546875,7.410963134765624,2.0311767578125,1.5655343532562256,0.4944687485694885
1.33923583984375,5.4295324707031245,2.0311767578125,0.28566184639930725,0.2181461751461029
9.83658935546875,4.912213134765625,7.0150146484375,2.855186700820923,0.7178202867507935
8.83173583984375,4.912213134765625,7.0150146484375,2.5332181453704834,0.7004046440124512
9.83658935546875,7.928282470703124,7.0150146484375,3.120184898376465,0.7895442247390747
9.83658935546875,4.912213134765625,4.5061767578125,2.604447603225708,0.6493715047836304
8.83173583984375,7.928282470703124,4.5061767578125,2.596256732940674,0.7187289595603943
4.8415893554687495,9.909713134765624,2.0650146484375003,1.086660385131836,0.4862407445907593
3.8367358398437497,9.909713134765624,2.0650146484375003,0.834540605545044,0.4433920085430145
4.8415893554687495,2.9307824707031247,2.0650146484375003,0.4386249780654907,0.16325774788856506
4.8415893554687495,9.909713134765624,9.4561767578125,1.6300742626190186,0.7617932558059692
3.8367358398437497,2.9307824707031247,9.4561767578125,0.8604204058647156,0.45125386118888855
3.5928393554687497,3.6628381347656247,3.3025146484375,0.5505124926567078,0.28119972348213196
2.58798583984375,3.6628381347656247,3.3025146484375,0.38250720500946045,0.22533927857875824
3.5928393554687497,4.180157470703125,3.3025146484375,0.6095213890075684,0.31973543763160706
3.5928393554687497,3.6628381347656247,5.7436767578125,0.7553350925445557,0.41130968928337097
2.58798583984375,4.180157470703125,5.7436767578125,0.5683196187019348,0.38116610050201416
8.58783935546875,8.660338134765626,8.2525146484375,2.7953877449035645,0.8001775741577148
7.58298583984375,8.660338134765626,8.2525146484375,2.4601945877075195,0.7855451107025146
8.58783935546875,9.177657470703124,8.2525146484375,2.8181874752044678,0.807178795337677
8.58783935546875,8.660338134765626,0.7936767578125,1.23477041721344,0.3263494372367859
7.58298583984375,9.177657470703124,0.7936767578125,1.0805624723434448,0.317043662071228
6.09033935546875,1.164088134765625,0.8275146484375,0.2675347924232483,0.04982609301805496
0.09048583984375,1.164088134765625,0.8275146484375,0.2446848303079605,0.07148733735084534
6.09033935546875,6.678907470703124,0.8275146484375,0.641620397567749,0.21386133134365082
6.09033935546875,1.164088134765625,3.2686767578125,0.3356322646141052,0.08564938604831696
0.09048583984375,6.678907470703124,3.2686767578125,0.24839159846305847,0.2974698841571808
1.09533935546875,6.1615881347656245,5.7775146484375,0.35335904359817505,0.36083218455314636
5.0854858398437495,6.1615881347656245,5.7775146484375,1.4083057641983032,0.6193840503692627
1.09533935546875,1.6814074707031248,5.7775146484375,0.2663804590702057,0.13224703073501587
1.09533935546875,6.1615881347656245,8.2186767578125,0.38924407958984375,0.4159254729747772
5.0854858398437495,1.6814074707031248,8.2186767578125,0.8032410144805908,0.322045236825943
0.78315185546875,0.851744384765625,4.8493896484375,0.25057289004325867,0.07021326571702957
4.77329833984375,0.851744384765625,4.8493896484375,0.30047979950904846,0.07465600222349167
0.78315185546875,8.240626220703126,4.8493896484375,0.32024669647216797,0.378150075674057
0.78315185546875,0.851744384765625,1.1030517578125,0.24657940864562988,0.05452611669898033
4.77329833984375,8.240626220703126,1.1030517578125,0.6686966419219971,0.28178638219833374
5.77815185546875,5.849244384765624,9.7993896484375,1.7562116384506226,0.7028478980064392
9.76829833984375,5.849244384765624,9.7993896484375,3.0583019256591797,0.7783772349357605
5.77815185546875,3.243126220703125,9.7993896484375,1.4662199020385742,0.5752168297767639
5.77815185546875,5.849244384765624,6.0530517578125,1.6122815608978271,0.6395671367645264
9.76829833984375,3.243126220703125,6.0530517578125,2.4493184089660645,0.612167239189148
8.27565185546875,3.3504943847656246,2.3743896484375,1.29665207862854,0.3569802939891815
2.27579833984375,3.3504943847656246,2.3743896484375,0.300617516040802,0.16471397876739502
8.27565185546875,0.7443762207031249,2.3743896484375,0.29059118032455444,0.04731328412890434
8.27565185546875,3.3504943847656246,8.5280517578125,2.193207263946533,0.6380206942558289
2.27579833984375,0.7443762207031249,8.5280517578125,0.2724466025829315,0.07346829771995544
3.28065185546875,8.347994384765625,7.3243896484375,1.0341551303863525,0.6453161835670471
7.27079833984375,8.347994384765625,7.3243896484375,2.3092105388641357,0.7634255886077881
3.28065185546875,5.741876220703125,7.3243896484375,0.9164362549781799,0.5602209568023682
3.28065185546875,8.347994384765625,3.5780517578125,0.8413660526275635,0.5104513764381409
7.27079833984375,5.741876220703125,3.5780517578125,1.7863881587982178,0.5765361189842224
4.52940185546875,4.599869384765625,8.5618896484375,1.2331937551498413,0.5922455191612244
6.02204833984375,4.599869384765625,8.5618896484375,1.6862821578979492,0.6466081142425537
4.52940185546875,6.991251220703124,8.5618896484375,1.398392915725708,0.6825920939445496
4.52940185546875,4.599869384765625,2.3405517578125004,0.6925767660140991,0.30578547716140747
6.02204833984375,6.991251220703124,2.3405517578125004,1.2825087308883667,0.47792670130729675
9.52440185546875,9.597369384765624,3.6118896484375003,2.7953171730041504,0.7231730818748474
1.02704833984375,9.597369384765624,3.6118896484375003,0.3473284840583801,0.38274210691452026
9.52440185546875,1.9937512207031247,3.6118896484375003,1.466496467590332,0.35717499256134033
9.52440185546875,9.597369384765624,7.2905517578125,3.1140940189361572,0.8129008412361145
1.02704833984375,1.9937512207031247,7.2905517578125,0.2743585407733917,0.16166631877422333
7.02690185546875,2.101119384765625,6.0868896484374995,1.3045076131820679,0.4196805953979492
8.51954833984375,2.101119384765625,6.0868896484374995,1.7014451026916504,0.469349205493927
7.02690185546875,4.492501220703125,6.0868896484374995,1.8532761335372925,0.6202190518379211
7.02690185546875,2.101119384765625,9.7655517578125,1.5362807512283325,0.5041502118110657
8.51954833984375,4.492501220703125,9.7655517578125,2.504220485687256,0.7165549993515015
2.03190185546875,7.098619384765624,1.1368896484375002,0.30361801385879517,0.1967480182647705
3.52454833984375,7.098619384765624,1.1368896484375002,0.42171531915664673,0.20855452120304108
2.03190185546875,9.490001220703125,1.1368896484375002,0.33261045813560486,0.23315490782260895
2.03190185546875,7.098619384765624,4.8155517578125,0.5514426827430725,0.44951432943344116
3.52454833984375,9.490001220703125,4.8155517578125,1.045276165008545,0.615272045135498
1.4075268554687501,2.7258068847656247,5.4681396484375,0.2963237464427948,0.19643644988536835
0.40267333984375003,2.7258068847656247,5.4681396484375,0.25550293922424316,0.18512244522571564
1.4075268554687501,2.6184387207031246,5.4681396484375,0.2933737337589264,0.18984265625476837
1.4075268554687501,2.7258068847656247,2.9593017578125003,0.27261993288993835,0.1588464379310608
0.40267333984375003,2.6184387207031246,2.9593017578125003,0.25159239768981934,0.16029462218284607
6.40252685546875,7.723306884765624,0.5181396484375,0.5766081809997559,0.17946991324424744
5.39767333984375,7.723306884765624,0.5181396484375,0.4556317627429962,0.1578177511692047
6.40252685546875,7.615938720703125,0.5181396484375,0.5697021484375,0.17686034739017487
6.40252685546875,7.723306884765624,7.9093017578125,2.0162813663482666,0.7428689002990723
5.39767333984375,7.615938720703125,7.9093017578125,1.6862659454345703,0.7159107327461243
8.90002685546875,0.227056884765625,7.9431396484375,0.2785184681415558,0.024349335581064224
2.9001733398437497,0.227056884765625,7.9431396484375,0.2535857856273651,0.022647257894277573
8.90002685546875,5.117188720703124,7.9431396484375,2.630207061767578,0.7241364121437073
8.90002685546875,0.227056884765625,5.4343017578124995,0.2686646580696106,0.02153681591153145
2.9001733398437497,5.117188720703124,5.4343017578124995,0.6983433365821838,0.45060086250305176
3.90502685546875,5.224556884765624,2.9931396484375004,0.7384680509567261,0.3759329319000244
7.89517333984375,5.224556884765624,2.9931396484375004,1.7715296745300293,0.5278759002685547
3.90502685546875,0.119688720703125,2.9931396484375004,0.24767662584781647,0.01003704871982336
3.90502685546875,5.224556884765624,0.48430175781250007,0.29759716987609863,0.11220147460699081
7.89517333984375,0.119688720703125,0.48430175781250007,0.24664410948753357,0.00748673127964139
2.6562768554687497,1.4764318847656248,1.7556396484375,0.26374760270118713,0.08393817394971848
9.14392333984375,1.4764318847656248,1.7556396484375,0.3885274827480316,0.07753760367631912
2.6562768554687497,1.3690637207031249,1.7556396484375,0.2625473439693451,0.07965000718832016
2.6562768554687497,1.4764318847656248,4.1968017578125,0.287553608417511,0.11101571470499039
9.14392333984375,1.3690637207031249,4.1968017578125,1.0905705690383911,0.26657530665397644
7.65127685546875,6.473931884765625,6.7056396484375,2.289306402206421,0.7203836441040039
4.1489233398437495,6.473931884765625,6.7056396484375,1.193320631980896,0.6180925369262695
7.65127685546875,6.366563720703124,6.7056396484375,2.281245708465576,0.7176202535629272
7.65127685546875,6.473931884765625,9.1468017578125,2.389270782470703,0.7547268271446228
4.1489233398437495,6.366563720703124,9.1468017578125,1.261138677597046,0.65749591588974
5.15377685546875,3.9751818847656244,4.2306396484375,1.0663986206054688,0.447094589471817
6.64642333984375,3.9751818847656244,4.2306396484375,1.4685429334640503,0.5055273175239563
5.15377685546875,8.865313720703124,4.2306396484375,1.4683176279067993,0.6413927674293518
5.15377685546875,3.9751818847656244,6.6718017578125,1.2672388553619385,0.543027400970459
6.64642333984375,8.865313720703124,6.6718017578125,2.1012332439422607,0.7501255869865417
0.15877685546875,8.972681884765626,9.1806396484375,0.2632562816143036,0.4132252335548401
1.6514233398437501,8.972681884765626,9.1806396484375,0.604194164276123,0.5861953496932983
0.15877685546875,3.8678137207031247,9.1806396484375,0.25315696001052856,0.2557727098464966
0.15877685546875,8.972681884765626,1.7218017578125002,0.2504909038543701,0.31164106726646423
1.6514233398437501,3.8678137207031247,1.7218017578125002,0.27567899227142334,0.16646330058574677
0.11975341796875,1.0469592285156248,1.9489990234375,0.2457263022661209,0.07306110113859177
7.23177490234375,1.0469592285156248,1.9489990234375,0.2936043441295624,0.057461611926555634
0.11975341796875,9.997559814453124,1.9489990234375,0.24956370890140533,0.3348395526409149
0.11975341796875,1.0469592285156248,8.2573486328125,0.24641714990139008,0.09161253273487091
7.23177490234375,9.997559814453124,8.2573486328125,2.3964383602142334,0.7987134456634521
5.11475341796875,6.044459228515624,6.8989990234375,1.4673349857330322,0.6448469161987305
2.23677490234375,6.044459228515624,6.8989990234375,0.6333045363426208,0.49270665645599365
5.11475341796875,5.000059814453125,6.8989990234375,1.38225519657135,0.6031138300895691
5.11475341796875,6.044459228515624,3.3073486328125004,1.1625078916549683,0.49748891592025757
2.23677490234375,5.000059814453125,3.3073486328125004,0.41442346572875977,0.2860199213027954
7.61225341796875,3.5457092285156246,4.4239990234375,1.683463215827942,0.5167696475982666
9.72927490234375,3.5457092285156246,4.4239990234375,2.2923994064331055,0.571474552154541
7.61225341796875,2.5013098144531245,4.4239990234375,1.3944923877716064,0.41925477981567383
7.61225341796875,3.5457092285156246,0.8323486328125,0.4375607669353485,0.10852082073688507
9.72927490234375,2.5013098144531245,0.8323486328125,0.3975526988506317,0.07601668685674667
2.6172534179687497,8.543209228515625,9.3739990234375,0.8810716867446899,0.6472744941711426
4.73427490234375,8.543209228515625,9.3739990234375,1.5490511655807495,0.7348559498786926
2.6172534179687497,7.498809814453124,9.3739990234375,0.8491256237030029,0.6192405223846436
2.6172534179687497,8.543209228515625,5.7823486328125,0.7952515482902527,0.5754209756851196
4.73427490234375,7.498809814453124,5.7823486328125,1.3833717107772827,0.6483280658721924
3.86600341796875,4.795084228515624,5.6614990234375,0.9394168257713318,0.500114381313324
3.48552490234375,4.795084228515624,5.6614990234375,0.8372672200202942,0.478462815284729
3.86600341796875,6.249434814453124,5.6614990234375,1.0473856925964355,0.5675534009933472
3.86600341796875,4.795084228515624,9.4948486328125,1.0791903734207153,0.585803747177124
3.48552490234375,6.249434814453124,9.4948486328125,1.0593229532241821,0.6283655762672424
8.86100341796875,9.792584228515626,0.7114990234375,1.3066918849945068,0.33722376823425293
8.48052490234375,9.792584228515626,0.7114990234375,1.2309198379516602,0.32927533984184265
8.86100341796875,1.2519348144531248,0.7114990234375,0.2785428464412689,0.04366980865597725
8.86100341796875,9.792584228515626,4.5448486328125,2.7183241844177246,0.7528905868530273
8.48052490234375,1.2519348144531248,4.5448486328125,0.9214674830436707,0.23611414432525635
6.36350341796875,2.2963342285156245,8.1364990234375,1.3432872295379639,0.476254403591156
0.9880249023437501,2.2963342285156245,8.1364990234375,0.28131723403930664,0.18698962032794952
6.36350341796875,3.7506848144531246,8.1364990234375,1.6632511615753174,0.6047066450119019
6.36350341796875,2.2963342285156245,2.0698486328125,0.49960899353027344,0.15021947026252747
0.9880249023437501,3.7506848144531246,2.0698486328125,0.26364779472351074,0.18192386627197266
1.36850341796875,7.293834228515625,3.1864990234375004,0.34955480694770813,0.3199988007545471
5.98302490234375,7.293834228515625,3.1864990234375004,1.4844878911972046,0.5654326677322388
1.36850341796875,8.748184814453126,3.1864990234375004,0.3764302730560303,0.36154550313949585
1.36850341796875,7.293834228515625,7.0198486328125,0.4591558575630188,0.46569129824638367
5.98302490234375,8.748184814453126,7.0198486328125,1.8952419757843018,0.7397456765174866
1.99287841796875,2.921021728515625,8.7552490234375,0.4202335476875305,0.29851606488227844
7.85614990234375,2.921021728515625,8.7552490234375,1.9792944192886353,0.5996240973472595
1.99287841796875,4.3753723144531245,8.7552490234375,0.5271894931793213,0.4205661714076996
1.99287841796875,2.921021728515625,5.1635986328125,0.3423627018928528,0.2190534621477127
7.85614990234375,4.3753723144531245,5.1635986328125,2.0024452209472656,0.6068026423454285
6.98787841796875,7.918521728515624,3.8052490234375003,1.926389455795288,0.6504846811294556
2.8611499023437497,7.918521728515624,3.8052490234375003,0.7316035628318787,0.4858284890651703
6.98787841796875,9.372872314453126,3.8052490234375003,2.0113816261291504,0.6819446682929993
6.98787841796875,7.918521728515624,0.21359863281250002,0.4376162886619568,0.11741805821657181
2.8611499023437497,9.372872314453126,0.21359863281250002,0.29357168078422546,0.14309880137443542
9.48537841796875,0.42227172851562494,6.2802490234374995,0.3235263228416443,0.045962221920490265
5.35864990234375,0.42227172851562494,6.2802490234374995,0.27554264664649963,0.04085807874798775
9.48537841796875,6.874122314453125,6.2802490234374995,2.889281749725342,0.7530111074447632
9.48537841796875,0.42227172851562494,2.6885986328125,0.2737024426460266,0.030566800385713577
5.35864990234375,6.874122314453125,2.6885986328125,1.1834609508514404,0.48672282695770264
4.49037841796875,5.419771728515625,1.3302490234375002,0.5016242861747742,0.20955507457256317
0.36364990234375,5.419771728515625,1.3302490234375002,0.2515948414802551,0.2231638878583908
4.49037841796875,1.8766223144531247,1.3302490234375002,0.28266385197639465,0.08182672411203384
4.49037841796875,5.419771728515625,7.6385986328125,1.2612608671188354,0.6125498414039612
0.36364990234375,1.8766223144531247,7.6385986328125,0.25338014960289,0.14847992360591888
3.24162841796875,1.6716467285156247,5.0427490234375,0.3384902775287628,0.14312736690044403
1.61239990234375,1.6716467285156247,5.0427490234375,0.27452462911605835,0.12804529070854187
3.24162841796875,0.627247314453125,5.0427490234375,0.26657620072364807,0.054660893976688385
3.24162841796875,1.6716467285156247,6.4010986328124995,0.37941864132881165,0.17186710238456726
1.61239990234375,0.627247314453125,6.4010986328124995,0.25655868649482727,0.05688302963972092
8.23662841796875,6.669146728515624,9.9927490234375,2.6182992458343506,0.7764843106269836
6.60739990234375,6.669146728515624,9.9927490234375,2.082179307937622,0.7470055818557739
8.23662841796875,5.624747314453124,9.9927490234375,2.5391769409179688,0.7512639164924622
8.23662841796875,6.669146728515624,1.4510986328125002,1.4345266819000244,0.4016926884651184
6.60739990234375,5.624747314453124,1.4510986328125002,0.9495745897293091,0.31211456656455994
5.73912841796875,4.170396728515625,2.5677490234375,0.9484614133834839,0.3548997640609741
4.1098999023437495,4.170396728515625,2.5677490234375,0.6036761403083801,0.28209003806114197
5.73912841796875,8.123497314453125,2.5677490234375,1.3485461473464966,0.5287097096443176
5.73912841796875,4.170396728515625,3.9260986328125003,1.2094753980636597,0.4670197665691376
4.1098999023437495,8.123497314453125,3.9260986328125003,1.0943889617919922,0.5664584040641785
0.7441284179687501,9.167896728515625,7.5177490234375,0.35619890689849854,0.46356767416000366
9.10489990234375,9.167896728515625,7.5177490234375,2.9641621112823486,0.8054068088531494
0.7441284179687501,3.125997314453125,7.5177490234375,0.2781979441642761,0.22610102593898773
0.7441284179687501,9.167896728515625,8.8760986328125,0.368131548166275,0.4865715801715851
9.10489990234375,3.125997314453125,8.8760986328125,2.4171974658966064,0.6467697620391846
1.05631591796875,3.858052978515625,3.4958740234375,0.2785954773426056,0.21304599940776825
0.67583740234375,3.858052978515625,3.4958740234375,0.26450061798095703,0.21421591937541962
1.05631591796875,7.186466064453124,3.4958740234375,0.3173898756504059,0.31672096252441406
1.05631591796875,3.858052978515625,1.7604736328125001,0.26358306407928467,0.17739607393741608
0.67583740234375,7.186466064453124,1.7604736328125001,0.26574862003326416,0.2596927881240845
6.05131591796875,8.855552978515625,8.4458740234375,1.968233346939087,0.7628147602081299
5.67083740234375,8.855552978515625,8.4458740234375,1.8432012796401978,0.754220724105835
6.05131591796875,2.188966064453125,8.4458740234375,1.2402392625808716,0.45607951283454895
6.05131591796875,8.855552978515625,6.7104736328125,1.9093471765518188,0.7379016876220703
5.67083740234375,2.188966064453125,6.7104736328125,1.0413373708724976,0.3968386650085449
8.54881591796875,1.3593029785156248,1.0208740234375,0.291677862405777,0.05120748654007912
3.17333740234375,1.3593029785156248,1.0208740234375,0.25963500142097473,0.06798180937767029
8.54881591796875,4.687716064453125,1.0208740234375,0.9145834445953369,0.23320329189300537
8.54881591796875,1.3593029785156248,9.1854736328125,1.5293089151382446,0.4159458875656128
3.17333740234375,4.687716064453125,9.1854736328125,0.865161657333374,0.5372269153594971
3.55381591796875,6.356802978515624,5.9708740234375,0.979243278503418,0.565455436706543
8.16833740234375,6.356802978515624,5.9708740234375,2.3992679119110107,0.7118266224861145
3.55381591796875,9.685216064453124,5.9708740234375,1.1162253618240356,0.6577189564704895
3.55381591796875,6.356802978515624,4.2354736328125,0.8714866042137146,0.4950396418571472
8.16833740234375,9.685216064453124,4.2354736328125,2.45450496673584,0.729313850402832
4.80256591796875,0.109927978515625,9.6833740234375,0.25266554951667786,0.011536826379597187
9.41708740234375,0.109927978515625,9.6833740234375,0.2625848948955536,0.011967381462454796
4.80256591796875,8.435841064453125,9.6833740234375,1.5731717348098755,0.7378576397895813
4.80256591796875,0.109927978515625,0.5229736328125,0.24581371247768402,0.00717588234692812
9.41708740234375,8.435841064453125,0.5229736328125,1.0986182689666748,0.2610349655151367
9.79756591796875,5.1074279785156245,4.7333740234374995,2.6542961597442627,0.6654635667800903
4.42208740234375,5.1074279785156245,4.7333740234374995,1.05427086353302,0.5073437094688416
9.79756591796875,3.4383410644531245,4.7333740234374995,2.3384363651275635,0.5800583362579346
9.79756591796875,5.1074279785156245,5.4729736328125,2.742276906967163,0.6895488500595093
4.42208740234375,3.4383410644531245,5.4729736328125,0.9143483638763428,0.4293907880783081
7.30006591796875,2.6086779785156247,7.2083740234375,1.6443367004394531,0.5242050886154175
6.91958740234375,2.6086779785156247,7.2083740234375,1.5362937450408936,0.5114678144454956
7.30006591796875,0.9395910644531249,7.2083740234375,0.7134606242179871,0.19901947677135468
7.30006591796875,2.6086779785156247,7.9479736328125,1.6902297735214233,0.5405030846595764
6.91958740234375,0.9395910644531249,7.9479736328125,0.6953364014625549,0.20220771431922913
2.30506591796875,7.606177978515625,2.2583740234375003,0.4455403685569763,0.3145390748977661
1.9245874023437501,7.606177978515625,2.2583740234375003,0.3825587034225464,0.2930489182472229
2.30506591796875,5.937091064453124,2.2583740234375003,0.3826250433921814,0.2540234923362732
2.30506591796875,7.606177978515625,2.9979736328125,0.5194802284240723,0.3814988136291504
1.9245874023437501,5.937091064453124,2.9979736328125,0.3855416178703308,0.29124823212623596
1.6806909179687501,1.9839904785156248,6.5896240234375,0.2973514199256897,0.1648382544517517
3.79771240234375,1.9839904785156248,6.5896240234375,0.5483310222625732,0.2594638764858246
1.6806909179687501,1.5642785644531247,6.5896240234375,0.2824435830116272,0.13258399069309235
1.6806909179687501,1.9839904785156248,4.8542236328124995,0.2833516001701355,0.14687798917293549
3.79771240234375,1.5642785644531247,4.8542236328124995,0.3564271628856659,0.13875813782215118
6.67569091796875,6.981490478515624,1.6396240234375001,1.1986638307571411,0.4023236036300659
8.79271240234375,6.981490478515624,1.6396240234375001,1.7147419452667236,0.4590904116630554
6.67569091796875,6.561778564453125,1.6396240234375001,1.1566082239151,0.3864804208278656
6.67569091796875,6.981490478515624,9.8042236328125,2.1191744804382324,0.7540795207023621
8.79271240234375,6.561778564453125,9.8042236328125,2.7911536693573,0.7811402678489685
9.17319091796875,4.482740478515624,9.0646240234375,2.688277006149292,0.7202462553977966
1.30021240234375,4.482740478515624,9.0646240234375,0.3892189860343933,0.36394333839416504
9.17319091796875,9.060528564453126,9.0646240234375,3.034999132156372,0.8201783299446106
9.17319091796875,4.482740478515624,7.3292236328125,2.604238271713257,0.6956982612609863
1.30021240234375,9.060528564453126,7.3292236328125,0.48419472575187683,0.5213924050331116
4.17819091796875,9.480240478515626,4.1146240234375,1.1903971433639526,0.6138454079627991
6.29521240234375,9.480240478515626,4.1146240234375,1.8373527526855469,0.6817824840545654
4.17819091796875,4.063028564453124,4.1146240234375,0.820321261882782,0.3990655243396759
4.17819091796875,9.480240478515626,2.3792236328125003,0.9646546840667725,0.48499301075935364
6.29521240234375,4.063028564453124,2.3792236328125003,1.0036901235580444,0.347329318523407
2.92944091796875,3.2333654785156245,0.4021240234375,0.2655813992023468,0.09705261886119843
5.04646240234375,3.2333654785156245,0.4021240234375,0.2825624346733093,0.07842323184013367
2.92944091796875,2.8136535644531246,0.4021240234375,0.26262471079826355,0.09049471467733383
2.92944091796875,3.2333654785156245,3.6167236328125,0.4154772460460663,0.22837583720684052
5.04646240234375,2.8136535644531246,3.6167236328125,0.7454454898834229,0.3004067540168762
7.92444091796875,8.230865478515625,5.3521240234375,2.4053282737731934,0.7347437143325806
0.051462402343750005,8.230865478515625,5.3521240234375,0.24828211963176727,0.3570729196071625
7.92444091796875,7.811153564453124,5.3521240234375,2.3802649974823,0.7264441251754761
7.92444091796875,8.230865478515625,8.5667236328125,2.563246488571167,0.7873537540435791
0.051462402343750005,7.811153564453124,8.5667236328125,0.24908657371997833,0.37277138233184814
5.42694091796875,0.7346154785156249,2.8771240234375,0.27465176582336426,0.052245087921619415
7.54396240234375,0.7346154785156249,2.8771240234375,0.2935861647129059,0.05143045634031296
5.42694091796875,5.312403564453125,2.8771240234375,1.0944830179214478,0.44012898206710815
5.42694091796875,0.7346154785156249,6.0917236328125,0.31646737456321716,0.0737382099032402
7.54396240234375,5.312403564453125,6.0917236328125,2.111407995223999,0.6685637831687927
0.43194091796875,5.732115478515625,7.8271240234375,0.2792118191719055,0.33122140169143677
2.54896240234375,5.732115478515625,7.8271240234375,0.7252680659294128,0.5233969688415527
0.43194091796875,0.314903564453125,7.8271240234375,0.2465703785419464,0.030336041003465652
0.43194091796875,5.732115478515625,1.1417236328125002,0.2527392506599426,0.22242626547813416
2.54896240234375,0.314903564453125,1.1417236328125002,0.24758325517177582,0.02162867970764637
0.58803466796875,3.7018811035156247,6.1255615234375,0.2703075110912323,0.238521546125412
2.08068115234375,3.7018811035156247,6.1255615234375,0.4383375644683838,0.3163183927536011
0.58803466796875,8.592012939453125,6.1255615234375,0.3082945644855499,0.40222305059432983
0.58803466796875,3.7018811035156247,2.5339111328125004,0.2565496265888214,0.19402645528316498
2.08068115234375,8.592012939453125,2.5339111328125004,0.462467223405838,0.3576008081436157
5.58303466796875,8.699381103515625,1.1755615234375,0.8816564083099365,0.3365136384963989
7.0756811523437495,8.699381103515625,1.1755615234375,1.198639988899231,0.38088932633399963
5.58303466796875,3.5945129394531246,1.1755615234375,0.39254677295684814,0.1255529671907425
5.58303466796875,8.699381103515625,7.4839111328125,1.780346155166626,0.7366342544555664
7.0756811523437495,3.5945129394531246,7.4839111328125,1.8193705081939697,0.6038920283317566
8.08053466796875,1.2031311035156247,8.6005615234375,1.2464319467544556,0.3487812578678131
4.57818115234375,1.2031311035156247,8.6005615234375,0.49342814087867737,0.1868152767419815
8.08053466796875,1.0957629394531248,8.6005615234375,1.1473135948181152,0.3172905147075653
8.08053466796875,1.2031311035156247,9.9589111328125,1.3254047632217407,0.37392371892929077
4.57818115234375,1.0957629394531248,9.9589111328125,0.48130002617836,0.17841872572898865
3.0855346679687496,6.200631103515624,3.6505615234375,0.69239342212677,0.42617931962013245
9.57318115234375,6.200631103515624,3.6505615234375,2.5433812141418457,0.6496671438217163
3.0855346679687496,6.093262939453124,3.6505615234375,0.6853601932525635,0.42096710205078125
3.0855346679687496,6.200631103515624,5.0089111328125,0.7902819514274597,0.49746158719062805
9.57318115234375,6.093262939453124,5.0089111328125,2.736330270767212,0.7035219073295593
4.33428466796875,2.4525061035156246,2.4130615234375004,0.3666357696056366,0.1391248106956482
8.32443115234375,2.4525061035156246,2.4130615234375004,1.0227400064468384,0.2716951370239258
4.33428466796875,7.342637939453124,2.4130615234375004,0.8974525928497314,0.4316514730453491
4.33428466796875,2.4525061035156246,1.2964111328125,0.2946399748325348,0.09624127298593521
8.32443115234375,7.342637939453124,1.2964111328125,1.4336665868759155,0.3973885476589203
9.32928466796875,7.450006103515625,7.3630615234375,2.9402318000793457,0.7798853516578674
3.3294311523437496,7.450006103515625,7.3630615234375,1.0171799659729004,0.6248475313186646
9.32928466796875,2.345137939453125,7.3630615234375,2.153271436691284,0.5568612813949585
9.32928466796875,7.450006103515625,6.2464111328125,2.878178358078003,0.7620459794998169
3.3294311523437496,2.345137939453125,6.2464111328125,0.5213192105293274,0.2726723849773407
6.8317846679687495,4.951256103515624,4.8880615234375,1.7454097270965576,0.5963376760482788
5.82693115234375,4.951256103515624,4.8880615234375,1.4503333568572998,0.5642231106758118
6.8317846679687495,4.843887939453125,4.8880615234375,1.732459545135498,0.5914446115493774
6.8317846679687495,4.951256103515624,8.7214111328125,1.982250690460205,0.6859961152076721
5.82693115234375,4.843887939453125,8.7214111328125,1.6562755107879639,0.6537187695503235
1.83678466796875,9.948756103515626,9.8380615234375,0.6841435432434082,0.632757842540741
0.83193115234375,9.948756103515626,9.8380615234375,0.4050915539264679,0.5320430994033813
1.83678466796875,9.841387939453124,9.8380615234375,0.6820428371429443,0.630328893661499
1.83678466796875,9.948756103515626,3.7714111328125,0.5323168635368347,0.46852773427963257
0.83193115234375,9.841387939453124,3.7714111328125,0.3233603239059448,0.38252541422843933
2.46115966796875,0.578443603515625,4.2693115234375,0.2575863003730774,0.04850582778453827
2.70505615234375,0.578443603515625,4.2693115234375,0.258552223443985,0.048358798027038574
2.46115966796875,2.9698254394531247,4.2693115234375,0.3673734962940216,0.21489539742469788
2.46115966796875,0.578443603515625,4.3901611328125,0.2576864957809448,0.04876141995191574
2.70505615234375,2.9698254394531247,4.3901611328125,0.4053901731967926,0.23207053542137146
7.45615966796875,5.575943603515625,9.2193115234375,2.258179187774658,0.7276852130889893
7.70005615234375,5.575943603515625,9.2193115234375,2.337189197540283,0.732516884803772
7.45615966796875,7.967325439453124,9.2193115234375,2.414177417755127,0.7821738719940186
7.45615966796875,5.575943603515625,9.3401611328125,2.2613155841827393,0.7288141846656799
7.70005615234375,7.967325439453124,9.3401611328125,2.498173236846924,0.7871198058128357
9.95365966796875,3.0771936035156244,1.7943115234375002,1.2966901063919067,0.29817673563957214
0.20755615234375002,3.0771936035156244,1.7943115234375002,0.2475651651620865,0.16706377267837524
9.95365966796875,5.468575439453124,1.7943115234375002,1.8854806423187256,0.4511409103870392
9.95365966796875,3.0771936035156244,6.8651611328125,2.5373036861419678,0.6247135996818542
0.20755615234375002,5.468575439453124,6.8651611328125,0.2572108507156372,0.3026430606842041
4.95865966796875,8.074693603515625,6.7443115234375,1.5263118743896484,0.6932834982872009
5.20255615234375,8.074693603515625,6.7443115234375,1.603653907775879,0.7007363438606262
4.95865966796875,0.47107543945312497,6.7443115234375,0.2795152962207794,0.0466269850730896
4.95865966796875,8.074693603515625,1.9151611328125002,0.9757684469223022,0.42098942399024963
5.20255615234375,0.47107543945312497,1.9151611328125002,0.2566142678260803,0.032236095517873764
3.7099096679687498,4.326568603515624,7.9818115234375,0.9532738327980042,0.5262302160263062
6.45130615234375,4.326568603515624,7.9818115234375,1.7632970809936523,0.6367665529251099
3.7099096679687498,1.7204504394531248,7.9818115234375,0.5172932147979736,0.24240167438983917
3.7099096679687498,4.326568603515624,3.1526611328125003,0.6304821372032166,0.32449373602867126
6.45130615234375,1.7204504394531248,3.1526611328125003,0.5694708228111267,0.17283321917057037
8.70490966796875,9.324068603515625,3.0318115234375003,2.407316207885742,0.6713671684265137
1.45630615234375,9.324068603515625,3.0318115234375003,0.3955589234828949,0.37372806668281555
8.70490966796875,6.717950439453125,3.0318115234375003,2.1964919567108154,0.6076933741569519
8.70490966796875,9.324068603515625,8.1026611328125,2.8582403659820557,0.8089000582695007
1.45630615234375,6.717950439453125,8.1026611328125,0.48317256569862366,0.47598764300346375
6.20740966796875,1.8278186035156248,5.5068115234374995,0.93035489320755,0.32036444544792175
8.94880615234375,1.8278186035156248,5.5068115234374995,1.6043851375579834,0.4193800985813141
6.20740966796875,9.216700439453126,5.5068115234374995,1.912369728088379,0.7217704653739929
6.20740966796875,1.8278186035156248,5.6276611328124995,0.9434264898300171,0.3255433738231659
8.94880615234375,9.216700439453126,5.6276611328124995,2.81227445602417,0.7737727165222168
1.21240966796875,6.825318603515624,0.5568115234375001,0.2635877728462219,0.18607956171035767
3.9538061523437498,6.825318603515624,0.5568115234375001,0.3296160101890564,0.13421985507011414
1.21240966796875,4.219200439453124,0.5568115234375001,0.25660082697868347,0.14763206243515015
1.21240966796875,6.825318603515624,0.6776611328125,0.2656213045120239,0.1919802576303482
3.9538061523437498,4.219200439453124,0.6776611328125,0.29565730690956116,0.10873577743768692
0.90022216796875,1.5154748535156248,8.9099365234375,0.26630666851997375,0.1333736777305603
6.1391186523437495,1.5154748535156248,8.9099365234375,1.006280779838562,0.35348084568977356
0.90022216796875,5.780919189453124,8.9099365234375,0.35021933913230896,0.38779160380363464
0.90022216796875,1.5154748535156248,7.7932861328125,0.2643720209598541,0.12934176623821259
6.1391186523437495,5.780919189453124,7.7932861328125,1.8043168783187866,0.6842253804206848
5.8952221679687495,6.512974853515624,3.9599365234375004,1.5154497623443604,0.5863217711448669
1.14411865234375,6.512974853515624,3.9599365234375004,0.3294700086116791,0.31860941648483276
5.8952221679687495,0.7834191894531249,3.9599365234375004,0.29773110151290894,0.06323079764842987
5.8952221679687495,6.512974853515624,2.8432861328125,1.3295557498931885,0.5072537660598755
1.14411865234375,0.7834191894531249,2.8432861328125,0.25060904026031494,0.058966197073459625
8.39272216796875,4.014224853515625,6.4349365234375,2.2253267765045166,0.6391273140907288
8.63661865234375,4.014224853515625,6.4349365234375,2.300363779067993,0.6445401310920715
8.39272216796875,3.282169189453125,6.4349365234375,2.0792860984802246,0.5935561656951904
8.39272216796875,4.014224853515625,0.3682861328125,0.34774330258369446,0.07296249270439148
8.63661865234375,3.282169189453125,0.3682861328125,0.3205951452255249,0.06273729354143143
3.39772216796875,9.011724853515625,1.4849365234375,0.5726111531257629,0.3161091208457947
3.64161865234375,9.011724853515625,1.4849365234375,0.6197749376296997,0.3275306224822998
3.39772216796875,8.279669189453125,1.4849365234375,0.5425598621368408,0.29565858840942383
3.39772216796875,9.011724853515625,5.3182861328125,1.0183583498001099,0.6161267757415771
3.64161865234375,8.279669189453125,5.3182861328125,1.0643465518951416,0.6099128127098083
4.64647216796875,2.7648498535156247,2.7224365234375,0.5096365213394165,0.20393683016300201
4.89036865234375,2.7648498535156247,2.7224365234375,0.5505987405776978,0.2147231549024582
4.64647216796875,9.529044189453126,2.7224365234375,1.1556352376937866,0.5403795838356018
4.64647216796875,2.7648498535156247,9.0307861328125,1.0322753190994263,0.47126588225364685
4.89036865234375,9.529044189453126,9.0307861328125,1.6262143850326538,0.752929151058197
9.64147216796875,7.762349853515624,7.6724365234375,3.0773446559906006,0.7932679057121277
9.88536865234375,7.762349853515624,7.6724365234375,3.158107042312622,0.7960648536682129
9.64147216796875,4.5315441894531245,7.6724365234375,2.7811946868896484,0.7116583585739136
9.64147216796875,7.762349853515624,4.0807861328125,2.7862467765808105,0.7121838927268982
9.88536865234375,4.5315441894531245,4.0807861328125,2.4843389987945557,0.6138792037963867
7.14397216796875,0.266099853515625,0.2474365234375,0.24857941269874573,0.014339891262352467
2.3928686523437497,0.266099853515625,0.2474365234375,0.24560897052288055,0.01590447500348091
7.14397216796875,2.0327941894531247,0.2474365234375,0.27360549569129944,0.0512138232588768
7.14397216796875,0.266099853515625,1.6057861328125,0.2525956630706787,0.01840025559067726
2.3928686523437497,2.0327941894531247,1.6057861328125,0.2666734755039215,0.10344807058572769
2.1489721679687497,5.2635998535156245,5.1974365234375,0.5162475109100342,0.39236927032470703
7.38786865234375,5.2635998535156245,5.1974365234375,1.9824928045272827,0.6365869641304016
2.1489721679687497,7.030294189453125,5.1974365234375,0.5933541655540466,0.47168031334877014
2.1489721679687497,5.2635998535156245,6.5557861328125,0.5632758736610413,0.4375534653663635
7.38786865234375,7.030294189453125,6.5557861328125,2.2362122535705566,0.7261061668395996
1.52459716796875,4.638912353515624,0.8661865234375,0.2656461298465729,0.1584557443857193
9.26099365234375,4.638912353515624,0.8661865234375,0.8995614647865295,0.21148784458637238
1.52459716796875,0.158731689453125,0.8661865234375,0.24561873078346252,0.01111951656639576
1.52459716796875,4.638912353515624,5.9370361328125,0.384700208902359,0.3284851908683777
9.26099365234375,0.158731689453125,5.9370361328125,0.2626591920852661,0.015426043421030045
6.51959716796875,9.636412353515626,5.8161865234375,2.049473762512207,0.7433471083641052
4.26599365234375,9.636412353515626,5.8161865234375,1.32927668094635,0.6813632845878601
6.51959716796875,5.156231689453125,5.8161865234375,1.7573397159576416,0.6280662417411804
6.51959716796875,9.636412353515626,0.9870361328125,1.0328086614608765,0.348335325717926
4.26599365234375,5.156231689453125,0.9870361328125,0.3635784387588501,0.144402414560318
9.01709716796875,2.140162353515625,3.3411865234375,1.3475041389465332,0.3428266644477844
6.76349365234375,2.140162353515625,3.3411865234375,0.8504959940910339,0.267445832490921
9.01709716796875,7.654981689453124,3.3411865234375,2.450364351272583,0.6613820791244507
9.01709716796875,2.140162353515625,3.4620361328125,1.3815079927444458,0.3524893820285797
6.76349365234375,7.654981689453124,3.4620361328125,1.7874358892440796,0.6181269884109497
4.02209716796875,7.1376623535156245,8.2911865234375,1.2401912212371826,0.6635115146636963
1.76849365234375,7.1376623535156245,8.2911865234375,0.578284502029419,0.5258466601371765
4.02209716796875,2.6574816894531246,8.2911865234375,0.8232091069221497,0.4107418656349182
4.02209716796875,7.1376623535156245,8.4120361328125,1.2432385683059692,0.6653328537940979
1.76849365234375,2.6574816894531246,8.4120361328125,0.3601909279823303,0.24933181703090668
2.77334716796875,0.8907873535156249,7.0536865234374995,0.28344425559043884,0.0846632570028305
0.51974365234375,0.8907873535156249,7.0536865234374995,0.2505473494529724,0.07843197137117386
2.77334716796875,3.9068566894531247,7.0536865234374995,0.6372605562210083,0.4147876501083374
2.77334716796875,0.8907873535156249,7.1745361328124995,0.28436723351478577,0.0853252038359642
0.51974365234375,3.9068566894531247,7.1745361328124995,0.27133697271347046,0.2557191848754883
7.76834716796875,5.888287353515625,2.1036865234375,1.5405374765396118,0.45981910824775696
5.51474365234375,5.888287353515625,2.1036865234375,0.9866163730621338,0.38602039217948914
7.76834716796875,8.904356689453126,2.1036865234375,1.8314520120620728,0.5563881397247314
7.76834716796875,5.888287353515625,2.2245361328125,1.5875734090805054,0.4753120243549347
5.51474365234375,8.904356689453126,2.2245361328125,1.2516084909439087,0.5051856637001038
5.27084716796875,3.3895373535156246,9.5286865234375,1.3332406282424927,0.5629168748855591
3.01724365234375,3.3895373535156246,9.5286865234375,0.712160587310791,0.4415897727012634
5.27084716796875,6.4056066894531245,9.5286865234375,1.6243431568145752,0.7020789980888367
5.27084716796875,3.3895373535156246,4.6995361328125,1.0544019937515259,0.4319230318069458
3.01724365234375,6.4056066894531245,4.6995361328125,0.7653129696846008,0.48837170004844666
0.27584716796875003,8.387037353515625,4.5786865234375,0.26342546939849854,0.35400256514549255
8.01224365234375,8.387037353515625,4.5786865234375,2.3722598552703857,0.7160634994506836
0.27584716796875003,1.408106689453125,4.5786865234375,0.24754846096038818,0.10658833384513855
0.27584716796875003,8.387037353515625,9.6495361328125,0.278123676776886,0.41457176208496094
8.01224365234375,1.408106689453125,9.6495361328125,1.450348973274231,0.41717755794525146
0.19780029296875,4.873170166015624,9.9154052734375,0.2592337429523468,0.30279478430747986
4.34404052734375,4.873170166015624,9.9154052734375,1.2372159957885742,0.6171373724937439
0.19780029296875,3.5164270019531245,9.9154052734375,0.2552320957183838,0.24485990405082703
0.19780029296875,4.873170166015624,6.3237548828125,0.2543416917324066,0.277472585439682
4.34404052734375,3.5164270019531245,6.3237548828125,0.9604017734527588,0.4616556167602539
5.19280029296875,9.870670166015625,4.9654052734375,1.5813182592391968,0.6913543343544006
9.33904052734375,9.870670166015625,4.9654052734375,2.919254779815674,0.7727227210998535
5.19280029296875,8.513927001953125,4.9654052734375,1.5242877006530762,0.6637787818908691
5.19280029296875,9.870670166015625,1.3737548828125001,0.9499205350875854,0.3920198380947113
9.33904052734375,8.513927001953125,1.3737548828125001,1.847535490989685,0.4698759913444519
7.69030029296875,2.3744201660156246,7.4404052734374995,1.6964147090911865,0.5163410305976868
1.84654052734375,2.3744201660156246,7.4404052734374995,0.33726897835731506,0.21263977885246277
7.69030029296875,6.015177001953124,7.4404052734374995,2.3032708168029785,0.7216998934745789
7.69030029296875,2.3744201660156246,3.8487548828125004,1.2604663372039795,0.370814710855484
1.84654052734375,6.015177001953124,3.8487548828125004,0.4244275987148285,0.3414404094219208
2.6953002929687497,7.371920166015625,2.4904052734375,0.5395103096961975,0.35384824872016907
6.84154052734375,7.371920166015625,2.4904052734375,1.5775811672210693,0.5330724120140076
2.6953002929687497,1.0176770019531247,2.4904052734375,0.2616664469242096,0.06908715516328812
2.6953002929687497,7.371920166015625,8.7987548828125,0.8572275638580322,0.6114967465400696
6.84154052734375,1.0176770019531247,8.7987548828125,0.8093478083610535,0.24613986909389496
3.94405029296875,1.1250451660156249,3.7279052734375,0.2906295955181122,0.08449549973011017
5.59279052734375,1.1250451660156249,3.7279052734375,0.3314885199069977,0.0886247307062149
3.94405029296875,2.267052001953125,3.7279052734375,0.4334714412689209,0.18737992644309998
3.94405029296875,1.1250451660156249,5.0862548828125,0.31152287125587463,0.09845466911792755
5.59279052734375,2.267052001953125,5.0862548828125,0.907396137714386,0.34321847558021545
8.93905029296875,6.122545166015624,8.6779052734375,2.7701828479766846,0.7625523805618286
0.59779052734375,6.122545166015624,8.6779052734375,0.30533483624458313,0.3670671880245209
8.93905029296875,7.264552001953124,8.6779052734375,2.8511955738067627,0.7865086197853088
8.93905029296875,6.122545166015624,0.1362548828125,0.4016438126564026,0.08301549404859543
0.59779052734375,7.264552001953124,0.1362548828125,0.25158601999282837,0.19769708812236786
6.44155029296875,3.6237951660156247,1.2529052734375001,0.5247120261192322,0.1588875949382782
8.09029052734375,3.6237951660156247,1.2529052734375001,0.7735995650291443,0.2028912752866745
6.44155029296875,9.763302001953125,1.2529052734375001,1.1714791059494019,0.40607017278671265
6.44155029296875,3.6237951660156247,2.6112548828125,1.019577145576477,0.34582945704460144
8.09029052734375,9.763302001953125,2.6112548828125,2.1424474716186523,0.634931743144989
1.44655029296875,8.621295166015624,6.2029052734375,0.49121910333633423,0.4953666627407074
3.09529052734375,8.621295166015624,6.2029052734375,0.9522812366485596,0.6172666549682617
1.44655029296875,4.765802001953125,6.2029052734375,0.3812589943408966,0.335610032081604
1.44655029296875,8.621295166015624,7.5612548828125,0.5172048807144165,0.5284405946731567
3.09529052734375,4.765802001953125,7.5612548828125,0.8072051405906677,0.5060295462608337
2.0709252929687496,1.7497326660156247,0.6341552734375,0.2536791265010834,0.080073282122612
1.22216552734375,1.7497326660156247,0.6341552734375,0.24974434077739716,0.08681975305080414
2.0709252929687496,7.889239501953124,0.6341552734375,0.28875911235809326,0.1758379191160202
2.0709252929687496,1.7497326660156247,9.4175048828125,0.33334195613861084,0.18035462498664856
1.22216552734375,7.889239501953124,9.4175048828125,0.46921008825302124,0.5154212713241577
7.06592529296875,6.747232666015624,5.5841552734375,2.0513505935668945,0.6895221471786499
6.21716552734375,6.747232666015624,5.5841552734375,1.7853933572769165,0.6683518290519714
7.06592529296875,2.8917395019531247,5.5841552734375,1.5194379091262817,0.49528905749320984
7.06592529296875,6.747232666015624,4.4675048828124995,1.9483836889266968,0.6516965627670288
6.21716552734375,2.8917395019531247,4.4675048828124995,1.1614216566085815,0.4135344922542572
9.56342529296875,4.248482666015625,3.1091552734375,2.102496862411499,0.5286219120025635
3.71966552734375,4.248482666015625,3.1091552734375,0.6184749007225037,0.3162420392036438
9.56342529296875,0.392989501953125,3.1091552734375,0.2755585312843323,0.030216457322239876
9.56342529296875,4.248482666015625,1.9925048828125003,1.6566017866134644,0.406960129737854
3.71966552734375,0.392989501953125,1.9925048828125003,0.25160616636276245,0.028439810499548912
4.56842529296875,9.245982666015625,8.0591552734375,1.4901411533355713,0.7271641492843628
8.71466552734375,9.245982666015625,8.0591552734375,2.8571574687957764,0.8076839447021484
4.56842529296875,5.390489501953124,8.0591552734375,1.2962158918380737,0.621942937374115
4.56842529296875,9.245982666015625,6.9425048828125,1.456510305404663,0.7091104388237
8.71466552734375,5.390489501953124,6.9425048828125,2.54726243019104,0.7136966586112976
3.31967529296875,2.999107666015625,6.8216552734375,0.6542730927467346,0.3675321042537689
9.96341552734375,2.999107666015625,6.8216552734375,2.5153355598449707,0.618249773979187
3.31967529296875,6.639864501953125,6.8216552734375,0.9601815342903137,0.586068332195282
3.31967529296875,2.999107666015625,8.1800048828125,0.7033500075340271,0.40110501646995544
9.96341552734375,6.639864501953125,8.1800048828125,3.1301631927490234,0.7826054692268372
8.314675292968749,7.996607666015624,1.8716552734375,1.8124685287475586,0.5151373744010925
4.96841552734375,7.996607666015624,1.8716552734375,0.9597191214561462,0.41242238879203796
8.314675292968749,1.6423645019531248,1.8716552734375,0.4227210283279419,0.09471955895423889
8.314675292968749,7.996607666015624,3.2300048828125,2.2383947372436523,0.6485326886177063
4.96841552734375,1.6423645019531248,3.2300048828125,0.36565637588500977,0.11976968497037888
5.8171752929687495,0.5003576660156249,9.2966552734375,0.31340762972831726,0.059501465409994125
7.46591552734375,0.5003576660156249,9.2966552734375,0.3583810031414032,0.06787953525781631
5.8171752929687495,4.141114501953124,9.2966552734375,1.5942559242248535,0.6275904774665833
5.8171752929687495,0.5003576660156249,0.7550048828125,0.2526181638240814,0.02765933983027935
7.46591552734375,4.141114501953124,0.7550048828125,0.477573037147522,0.12325344979763031
0.82217529296875,5.497857666015625,4.3466552734374995,0.2893952429294586,0.28446775674819946
2.4709155273437498,5.497857666015625,4.3466552734374995,0.558404803276062,0.3909425139427185
0.82217529296875,9.138614501953125,4.3466552734374995,0.32639268040657043,0.38707172870635986
0.82217529296875,5.497857666015625,5.7050048828125,0.3032796084880829,0.31271597743034363
2.4709155273437498,9.138614501953125,5.7050048828125,0.7682688236236572,0.5791823267936707
1.13436279296875,0.18801391601562498,5.2747802734375,0.24666047096252441,0.017261972650885582
7.77810302734375,0.18801391601562498,5.2747802734375,0.26054802536964417,0.01759016513824463
1.13436279296875,0.7053332519531249,5.2747802734375,0.2525405287742615,0.06046271324157715
1.13436279296875,0.18801391601562498,3.5393798828125003,0.2465946525335312,0.016176363453269005
7.77810302734375,0.7053332519531249,3.5393798828125003,0.30774903297424316,0.055264659225940704
6.12936279296875,5.1855139160156245,0.32478027343750004,0.3246985673904419,0.08836293965578079
2.78310302734375,5.1855139160156245,0.32478027343750004,0.27354738116264343,0.11868248134851456
6.12936279296875,5.702833251953124,0.32478027343750004,0.33872291445732117,0.09433449804782867
6.12936279296875,5.1855139160156245,8.4893798828125,1.7751967906951904,0.6731362342834473
2.78310302734375,5.702833251953124,8.4893798828125,0.8042696714401245,0.5511046051979065
8.62686279296875,2.6867639160156247,7.7497802734375,2.090345621109009,0.5816136002540588
5.28060302734375,2.6867639160156247,7.7497802734375,1.1343839168548584,0.4676998555660248
8.62686279296875,8.201583251953124,7.7497802734375,2.767143726348877,0.788041889667511
8.62686279296875,2.6867639160156247,6.0143798828124995,1.9464117288589478,0.537630558013916
5.28060302734375,8.201583251953124,6.0143798828124995,1.6012762784957886,0.6900846362113953
3.6318627929687497,7.684263916015624,2.7997802734375004,0.8104038238525391,0.4481607675552368
0.28560302734375004,7.684263916015624,2.7997802734375004,0.25644978880882263,0.30695587396621704
3.6318627929687497,3.204083251953125,2.7997802734375004,0.4346201717853546,0.20542244613170624
3.6318627929687497,7.684263916015624,1.0643798828125002,0.4446158707141876,0.21787676215171814
0.28560302734375004,3.204083251953125,1.0643798828125002,0.24753305315971375,0.1580517441034317
4.8806127929687495,3.9361389160156244,1.5622802734375,0.46978458762168884,0.17839676141738892
1.53435302734375,3.9361389160156244,1.5622802734375,0.2718161940574646,0.1660294532775879
4.8806127929687495,4.4534582519531245,1.5622802734375,0.5345693230628967,0.20977239310741425
4.8806127929687495,3.9361389160156244,4.7768798828125,1.048382043838501,0.46057501435279846
1.53435302734375,4.4534582519531245,4.7768798828125,0.3494160771369934,0.2820858061313629
9.87561279296875,8.933638916015624,6.5122802734375,3.1621909141540527,0.7977460622787476
6.52935302734375,8.933638916015624,6.5122802734375,2.0582690238952637,0.7458384037017822
9.87561279296875,9.450958251953125,6.5122802734375,3.1871836185455322,0.8044947981834412
9.87561279296875,8.933638916015624,9.7268798828125,3.2840771675109863,0.8309053778648376
6.52935302734375,9.450958251953125,9.7268798828125,2.1791491508483887,0.7935606837272644
7.37811279296875,1.4373889160156248,4.0372802734375,0.7535241842269897,0.2130969762802124
4.03185302734375,1.4373889160156248,4.0372802734375,0.32451701164245605,0.11200567334890366
7.37811279296875,6.952208251953125,4.0372802734375,2.007378578186035,0.6460627317428589
7.37811279296875,1.4373889160156248,7.2518798828125,1.155527114868164,0.34903350472450256
4.03185302734375,6.952208251953125,7.2518798828125,1.2032806873321533,0.6400558948516846
2.38311279296875,6.434888916015624,8.9872802734375,0.7351709604263306,0.5617861747741699
9.02685302734375,6.434888916015624,8.9872802734375,2.8341333866119385,0.7741808891296387
2.38311279296875,1.9547082519531247,8.9872802734375,0.38035181164741516,0.21525175869464874
2.38311279296875,6.434888916015624,2.3018798828125,0.4186280071735382,0.28091299533843994
9.02685302734375,1.9547082519531247,2.3018798828125,0.8786242008209229,0.21127675473690033
1.75873779296875,3.3114514160156245,4.6560302734375,0.327508807182312,0.22362962365150452
7.15372802734375,3.3114514160156245,4.6560302734375,1.5364400148391724,0.4956279993057251
1.75873779296875,5.078145751953125,4.6560302734375,0.40545979142189026,0.32712551951408386
1.75873779296875,3.3114514160156245,0.44562988281250004,0.25756579637527466,0.11590490490198135
7.15372802734375,5.078145751953125,0.44562988281250004,0.3886009156703949,0.09883581846952438
6.75373779296875,8.308951416015626,9.6060302734375,2.206164598464966,0.779149055480957
2.15872802734375,8.308951416015626,9.6060302734375,0.7401618957519531,0.6140208840370178
6.75373779296875,0.080645751953125,9.6060302734375,0.2535148859024048,0.00853764172643423
6.75373779296875,8.308951416015626,5.3956298828125,2.036353588104248,0.7139716148376465
2.15872802734375,0.080645751953125,5.3956298828125,0.2465958595275879,0.007570589426904917
9.25123779296875,0.812701416015625,2.1810302734375,0.3015020787715912,0.0482930950820446
9.65122802734375,0.812701416015625,2.1810302734375,0.30565303564071655,0.048093657940626144
9.25123779296875,2.5793957519531245,2.1810302734375,1.1667299270629883,0.2846323251724243
9.25123779296875,0.812701416015625,7.8706298828125,0.9983442425727844,0.23735736310482025
9.65122802734375,2.5793957519531245,7.8706298828125,2.371311902999878,0.5985132455825806
4.25623779296875,5.810201416015625,7.1310302734375,1.2002869844436646,0.607927680015564
4.65622802734375,5.810201416015625,7.1310302734375,1.320292592048645,0.6242765784263611
4.25623779296875,7.576895751953124,7.1310302734375,1.2982393503189087,0.664473295211792
4.25623779296875,5.810201416015625,2.9206298828125004,0.8596921563148499,0.41653481125831604
4.65622802734375,7.576895751953124,2.9206298828125004,1.0885003805160522,0.5037585496902466
3.00748779296875,2.062076416015625,8.3685302734375,0.4814918339252472,0.2620902955532074
3.4074780273437497,2.062076416015625,8.3685302734375,0.5602998733520508,0.29114270210266113
3.00748779296875,8.826270751953125,8.3685302734375,0.9911785125732422,0.6614866852760315
3.00748779296875,2.062076416015625,1.6831298828125,0.2755163609981537,0.10172200947999954
3.4074780273437497,8.826270751953125,1.6831298828125,0.6126156449317932,0.3417876362800598
8.00248779296875,7.0595764160156245,3.4185302734375003,2.104379653930664,0.6291813850402832
8.40247802734375,7.0595764160156245,3.4185302734375003,2.226395606994629,0.6382236480712891
8.00248779296875,3.8287707519531247,3.4185302734375003,1.6624337434768677,0.4857662618160248
8.00248779296875,7.0595764160156245,6.6331298828125,2.4411957263946533,0.7398313283920288
8.40247802734375,3.8287707519531247,6.6331298828125,2.2102856636047363,0.6337703466415405
5.50498779296875,4.560826416015624,5.8935302734374995,1.393322229385376,0.5686727166175842
0.90997802734375,4.560826416015624,5.8935302734374995,0.30137595534324646,0.28306540846824646
5.50498779296875,1.3300207519531249,5.8935302734374995,0.5734637975692749,0.197555273771286
5.50498779296875,4.560826416015624,9.1081298828125,1.5404003858566284,0.6358656287193298
0.90997802734375,1.3300207519531249,9.1081298828125,0.26425740122795105,0.1199205070734024
0.50998779296875,9.558326416015625,0.9435302734375,0.2577126622200012,0.27127349376678467
5.90497802734375,9.558326416015625,0.9435302734375,0.8805398941040039,0.3189484477043152
0.50998779296875,6.3275207519531245,0.9435302734375,0.25350505113601685,0.2235598862171173
0.50998779296875,9.558326416015625,4.1581298828125,0.28630807995796204,0.3745628893375397
5.90497802734375,6.3275207519531245,4.1581298828125,1.5274709463119507,0.590521514415741
0.35389404296875,2.218248291015625,2.9544677734375,0.24961356818675995,0.14183124899864197
8.87075927734375,2.218248291015625,2.9544677734375,1.2315062284469604,0.3149781823158264
0.35389404296875,4.921973876953125,2.9544677734375,0.2546726167201996,0.2417655885219574
0.35389404296875,2.218248291015625,3.0753173828125,0.2495187669992447,0.14259900152683258
8.87075927734375,4.921973876953125,3.0753173828125,2.022548198699951,0.5452612638473511
5.34889404296875,7.2157482910156245,7.9044677734375,1.6502619981765747,0.7049380540847778
3.8757592773437497,7.2157482910156245,7.9044677734375,1.1883292198181152,0.6534008383750916
5.34889404296875,9.919473876953125,7.9044677734375,1.7612138986587524,0.7572900056838989
5.34889404296875,7.2157482910156245,8.025317382812501,1.6542279720306396,0.706796407699585
3.8757592773437497,9.919473876953125,8.025317382812501,1.2871546745300293,0.7153133749961853
7.8463940429687495,4.716998291015624,0.4794677734375,0.4216950237751007,0.10055878758430481
6.37325927734375,4.716998291015624,0.4794677734375,0.34469735622406006,0.09332490712404251
7.8463940429687495,7.420723876953124,0.4794677734375,0.7168591022491455,0.19098712503910065
7.8463940429687495,4.716998291015624,5.5503173828125,2.088327169418335,0.6361158490180969
6.37325927734375,7.420723876953124,5.5503173828125,1.875367522239685,0.6891998052597046
2.85139404296875,9.714498291015625,5.4294677734375,0.8833525776863098,0.607052206993103
1.37825927734375,9.714498291015625,5.4294677734375,0.47733601927757263,0.4955214262008667
2.85139404296875,2.423223876953125,5.4294677734375,0.4124394655227661,0.22401058673858643
2.85139404296875,9.714498291015625,0.6003173828125,0.3315272331237793,0.17909084260463715
1.37825927734375,2.423223876953125,0.6003173828125,0.25259101390838623,0.10545171797275543
4.10014404296875,3.4676232910156246,9.1419677734375,1.0001981258392334,0.5087020397186279
0.12950927734375,3.4676232910156246,9.1419677734375,0.2504007816314697,0.23615913093090057
4.10014404296875,1.1738488769531248,9.1419677734375,0.4263903796672821,0.1641092300415039
4.10014404296875,3.4676232910156246,4.3128173828125,0.7413547039031982,0.3593277633190155
0.12950927734375,1.1738488769531248,4.3128173828125,0.24576842784881592,0.09074361622333527
9.09514404296875,8.465123291015626,4.1919677734375,2.677279472351074,0.7220450639724731
5.1245092773437495,8.465123291015626,4.1919677734375,1.436348795890808,0.6291800141334534
9.09514404296875,6.171348876953124,4.1919677734375,2.4873268604278564,0.6667553782463074
9.09514404296875,8.465123291015626,9.2628173828125,2.9871225357055664,0.8130514621734619
5.1245092773437495,6.171348876953124,9.2628173828125,1.557287335395813,0.6875976324081421
6.59764404296875,0.9688732910156249,6.6669677734374995,0.5694423913955688,0.16455906629562378
2.62700927734375,0.9688732910156249,6.6669677734374995,0.28240296244621277,0.08932505548000336
6.59764404296875,8.670098876953125,6.6669677734374995,2.0763778686523438,0.745631754398346
6.59764404296875,0.9688732910156249,6.7878173828124995,0.5784170627593994,0.1678796410560608
2.62700927734375,8.670098876953125,6.7878173828124995,0.8342738151550293,0.6063867211341858
1.60264404296875,5.966373291015625,1.7169677734375002,0.29466524720191956,0.21335554122924805
7.62200927734375,5.966373291015625,1.7169677734375002,1.3446577787399292,0.402834951877594
1.60264404296875,3.6725988769531246,1.7169677734375002,0.2726297080516815,0.161962628364563
1.60264404296875,5.966373291015625,1.8378173828125002,0.29875296354293823,0.21916191279888153
7.62200927734375,3.6725988769531246,1.8378173828125002,1.0085933208465576,0.2913246154785156
2.2270190429687498,4.092310791015625,7.2857177734375,0.531470537185669,0.3911667764186859
5.74888427734375,4.092310791015625,7.2857177734375,1.4883509874343872,0.5878331065177917
2.2270190429687498,9.294786376953125,7.2857177734375,0.7451918125152588,0.6059158444404602
2.2270190429687498,4.092310791015625,1.2190673828125,0.2816062271595001,0.14791186153888702
5.74888427734375,9.294786376953125,1.2190673828125,0.973590612411499,0.3667565584182739
7.22201904296875,9.089810791015625,2.3357177734375,1.7664941549301147,0.5735064744949341
0.7538842773437501,9.089810791015625,2.3357177734375,0.2835128605365753,0.31003838777542114
7.22201904296875,4.297286376953124,2.3357177734375,1.2476099729537964,0.3898322880268097
7.22201904296875,9.089810791015625,6.1690673828125,2.2742528915405273,0.7556140422821045
0.7538842773437501,4.297286376953124,6.1690673828125,0.28633955121040344,0.2690540850162506
9.71951904296875,1.5935607910156249,9.7607177734375,2.0482919216156006,0.5072508454322815
8.24638427734375,1.5935607910156249,9.7607177734375,1.6372278928756714,0.46455222368240356
9.71951904296875,1.7985363769531248,9.7607177734375,2.1702778339385986,0.5402873158454895
9.71951904296875,1.5935607910156249,8.6440673828125,1.9793685674667358,0.4884083569049835
8.24638427734375,1.7985363769531248,8.6440673828125,1.6893064975738525,0.4808211028575897
4.72451904296875,6.591060791015624,4.8107177734375,1.263364315032959,0.5868697762489319
3.25138427734375,6.591060791015624,4.8107177734375,0.8453450202941895,0.5153750777244568
4.72451904296875,6.796036376953125,4.8107177734375,1.2764394283294678,0.5937386751174927
4.72451904296875,6.591060791015624,3.6940673828125004,1.1523510217666626,0.5295596718788147
3.25138427734375,6.796036376953125,3.6940673828125004,0.7703606486320496,0.46323737502098083
3.47576904296875,0.34418579101562496,1.0982177734375,0.24852712452411652,0.0228345338255167
4.50013427734375,0.34418579101562496,1.0982177734375,0.24959586560726166,0.022357143461704254
3.47576904296875,5.546661376953124,1.0982177734375,0.3455957770347595,0.15972556173801422
3.47576904296875,0.34418579101562496,2.4565673828125,0.25158944725990295,0.02646627277135849
4.50013427734375,5.546661376953124,2.4565673828125,0.8086110949516296,0.36935096979141235
8.47076904296875,5.341685791015625,6.0482177734375,2.4024159908294678,0.6883293986320496
9.49513427734375,5.341685791015625,6.0482177734375,2.728278875350952,0.7071691155433655
8.47076904296875,0.549161376953125,6.0482177734375,0.3475843667984009,0.061227891594171524
8.47076904296875,5.341685791015625,7.4065673828125,2.489325523376465,0.7155638337135315
9.49513427734375,0.549161376953125,7.4065673828125,0.48654451966285706,0.09362290799617767
5.97326904296875,2.8429357910156248,3.5732177734375004,0.9494802951812744,0.3413850665092468
2.0026342773437498,2.8429357910156248,3.5732177734375004,0.3034658133983612,0.1753237098455429
5.97326904296875,3.0479113769531248,3.5732177734375004,0.9994714260101318,0.36219149827957153
5.97326904296875,2.8429357910156248,9.8815673828125,1.4482662677764893,0.5499877333641052
2.0026342773437498,3.0479113769531248,9.8815673828125,0.45022085309028625,0.32974815368652344
0.9782690429687501,7.840435791015624,8.5232177734375,0.40012115240097046,0.47113364934921265
6.99763427734375,7.840435791015624,8.5232177734375,2.2362139225006104,0.7646235227584839
0.9782690429687501,8.045411376953124,8.5232177734375,0.40322011709213257,0.47747603058815
0.9782690429687501,7.840435791015624,4.9315673828125,0.34725406765937805,0.3841184973716736
6.99763427734375,8.045411376953124,4.9315673828125,2.062329053878784,0.6999476552009583
0.66608154296875,2.5305920410156246,2.0263427734375,0.25257977843284607,0.1431109756231308
2.9391967773437497,2.5305920410156246,2.0263427734375,0.2916814088821411,0.1247839704155922
0.66608154296875,2.1108801269531248,2.0263427734375,0.25156742334365845,0.12582358717918396
0.66608154296875,2.5305920410156246,7.0971923828125,0.26725584268569946,0.18897229433059692
2.9391967773437497,2.1108801269531248,7.0971923828125,0.4403282403945923,0.2363729476928711
5.66108154296875,7.528092041015625,6.9763427734375,1.7322129011154175,0.7056360244750977
7.93419677734375,7.528092041015625,6.9763427734375,2.467336893081665,0.754588782787323
5.66108154296875,7.108380126953124,6.9763427734375,1.709527611732483,0.6954375505447388
5.66108154296875,7.528092041015625,2.1471923828125004,1.1774640083312988,0.46034881472587585
7.93419677734375,7.108380126953124,2.1471923828125004,1.7405316829681396,0.5154672265052795
8.15858154296875,0.031842041015624996,4.5013427734375,0.24661675095558167,0.0029085304122418165
0.44169677734375,0.031842041015624996,4.5013427734375,0.2446848303079605,0.0029101695399731398
8.15858154296875,9.607130126953125,4.5013427734375,2.4773316383361816,0.7375314235687256
8.15858154296875,0.031842041015624996,4.6221923828125,0.24661752581596375,0.002921158680692315
0.44169677734375,9.607130126953125,4.6221923828125,0.2823164761066437,0.38314902782440186
3.1635815429687497,5.029342041015624,9.4513427734375,0.8921977877616882,0.5587536096572876
5.43669677734375,5.029342041015624,9.4513427734375,1.574196696281433,0.6589691042900085
3.1635815429687497,4.609630126953125,9.4513427734375,0.862215518951416,0.5363096594810486
3.1635815429687497,5.029342041015624,9.5721923828125,0.894167959690094,0.5602186322212219
5.43669677734375,4.609630126953125,9.5721923828125,1.5382384061813354,0.6422104835510254
4.41233154296875,1.2812170410156247,5.7388427734375,0.3835558593273163,0.13526202738285065
6.68544677734375,1.2812170410156247,5.7388427734375,0.7534666657447815,0.23236291110515594
4.41233154296875,3.3602551269531244,5.7388427734375,0.9184539318084717,0.4323124587535858
4.41233154296875,1.2812170410156247,5.8596923828125,0.38851892948150635,0.13792553544044495
6.68544677734375,3.3602551269531244,5.8596923828125,1.5473705530166626,0.5326784253120422
9.40733154296875,6.278717041015624,0.7888427734375,1.123609185218811,0.26816555857658386
1.6904467773437502,6.278717041015624,0.7888427734375,0.2756924033164978,0.17574633657932281
9.40733154296875,8.357755126953125,0.7888427734375,1.3655855655670166,0.33393892645835876
9.40733154296875,6.278717041015624,0.9096923828125,1.2355858087539673,0.2985043227672577
1.6904467773437502,8.357755126953125,0.9096923828125,0.2906203866004944,0.20657260715961456
6.90983154296875,3.7799670410156248,8.2138427734375,1.8362867832183838,0.6240401864051819
9.18294677734375,3.7799670410156248,8.2138427734375,2.5431559085845947,0.6775755286216736
6.90983154296875,5.859005126953124,8.2138427734375,2.0713047981262207,0.7119823694229126
6.90983154296875,3.7799670410156248,3.3846923828125,1.3544862270355225,0.445379376411438
9.18294677734375,5.859005126953124,3.3846923828125,2.3264596462249756,0.6141546368598938
1.9148315429687501,8.777467041015624,3.2638427734375,0.49137336015701294,0.4101003110408783
4.1879467773437495,8.777467041015624,3.2638427734375,1.0744333267211914,0.5460535287857056
1.9148315429687501,0.861505126953125,3.2638427734375,0.2565023899078369,0.06504533439874649
1.9148315429687501,8.777467041015624,8.3346923828125,0.6621782183647156,0.5891602039337158
4.1879467773437495,0.861505126953125,8.3346923828125,0.3313702940940857,0.09811916202306747
1.29045654296875,0.656529541015625,7.5950927734375,0.25644153356552124,0.061476584523916245
2.31482177734375,0.656529541015625,7.5950927734375,0.2664256691932678,0.06286172568798065
1.29045654296875,6.4836926269531245,7.5950927734375,0.43026354908943176,0.43863534927368164
1.29045654296875,0.656529541015625,8.9534423828125,0.2573404908180237,0.06340321153402328
2.31482177734375,6.4836926269531245,8.9534423828125,0.7172282338142395,0.5580428242683411
6.28545654296875,5.654029541015625,2.6450927734375003,1.3005027770996094,0.4659877419471741
7.30982177734375,5.654029541015625,2.6450927734375003,1.5735129117965698,0.49886566400527954
6.28545654296875,1.4861926269531247,2.6450927734375003,0.3636438846588135,0.09763889014720917
6.28545654296875,5.654029541015625,4.0034423828125,1.5564597845077515,0.5686206221580505
7.30982177734375,1.4861926269531247,4.0034423828125,0.7654935717582703,0.21909339725971222
8.78295654296875,3.1552795410156245,5.1200927734374995,2.022510528564453,0.5508610606193542
4.81232177734375,3.1552795410156245,5.1200927734374995,0.9364438652992249,0.40907448530197144
8.78295654296875,3.9849426269531247,5.1200927734374995,2.2094433307647705,0.6066584587097168
8.78295654296875,3.1552795410156245,1.5284423828125002,0.9325853586196899,0.23233382403850555
4.81232177734375,3.9849426269531247,1.5284423828125002,0.45749759674072266,0.17473553121089935
3.78795654296875,8.152779541015626,0.1700927734375,0.30071011185646057,0.1186213567852974
9.80732177734375,8.152779541015626,0.1700927734375,0.7066178321838379,0.1502588391304016
3.78795654296875,8.982442626953125,0.1700927734375,0.3066785931587219,0.1235361397266388
3.78795654296875,8.152779541015626,6.4784423828125,1.1551921367645264,0.6462153792381287
9.80732177734375,8.982442626953125,6.4784423828125,3.1392483711242676,0.7969210147857666
2.53920654296875,4.404654541015624,3.8825927734375,0.4724259078502655,0.307159960269928
8.55857177734375,4.404654541015624,3.8825927734375,2.030463933944702,0.5670385956764221
2.53920654296875,7.733067626953124,3.8825927734375,0.6483651995658875,0.463250070810318
2.53920654296875,4.404654541015624,7.7159423828125,0.6393839716911316,0.4478684067726135
8.55857177734375,7.733067626953124,7.7159423828125,2.717258930206299,0.7787221074104309
7.53420654296875,9.402154541015625,8.8325927734375,2.4920670986175537,0.8013997673988342
3.56357177734375,9.402154541015625,8.8325927734375,1.1902153491973877,0.7047744393348694
7.53420654296875,2.7355676269531246,8.8325927734375,1.8392797708511353,0.5758224725723267
7.53420654296875,9.402154541015625,2.7659423828125003,1.9934582710266113,0.6285393834114075
3.56357177734375,2.7355676269531246,2.7659423828125003,0.36663514375686646,0.16338644921779633
5.03670654296875,1.9059045410156248,1.4075927734375002,0.2925679683685303,0.08193526417016983
6.06107177734375,1.9059045410156248,1.4075927734375002,0.30860960483551025,0.07892490178346634
5.03670654296875,0.236817626953125,1.4075927734375002,0.24969522655010223,0.01667611300945282
5.03670654296875,1.9059045410156248,0.2909423828125,0.2646418511867523,0.05895983427762985
6.06107177734375,0.236817626953125,0.2909423828125,0.24755828082561493,0.013439842499792576
0.04170654296875,6.903404541015624,6.3575927734375,0.24727782607078552,0.3345014750957489
1.06607177734375,6.903404541015624,6.3575927734375,0.3732200562953949,0.40258070826530457
0.04170654296875,5.234317626953125,6.3575927734375,0.2472490519285202,0.28789788484573364
0.04170654296875,6.903404541015624,5.2409423828124995,0.2472487986087799,0.3255881369113922
1.06607177734375,5.234317626953125,5.2409423828124995,0.32126662135124207,0.30576348304748535
0.03195068359375,4.394893798828124,2.4614013671875004,0.24553364515304565,0.2246004343032837
2.44164794921875,4.394893798828124,2.4614013671875004,0.34953516721725464,0.2096329629421234
0.03195068359375,6.6496252441406245,2.4614013671875004,0.24551033973693848,0.28540030121803284
0.03195068359375,4.394893798828124,9.5625244140625,0.24617908895015717,0.27390211820602417
2.44164794921875,6.6496252441406245,9.5625244140625,0.7691215872764587,0.5818416476249695
5.02695068359375,9.392393798828126,7.4114013671875,1.6242022514343262,0.7333687543869019
7.43664794921875,9.392393798828126,7.4114013671875,2.4134325981140137,0.7837796211242676
5.02695068359375,1.6521252441406247,7.4114013671875,0.7373124957084656,0.29353067278862
5.02695068359375,9.392393798828126,4.6125244140624995,1.4854505062103271,0.6646645665168762
7.43664794921875,1.6521252441406247,4.6125244140624995,1.0005303621292114,0.2942966818809509
7.52445068359375,1.8961437988281247,4.9364013671875,1.200538992881775,0.35819289088249207
4.93914794921875,1.8961437988281247,4.9364013671875,0.629436731338501,0.24735653400421143
7.52445068359375,4.150875244140624,4.9364013671875,1.8425962924957275,0.5772412419319153
7.52445068359375,1.8961437988281247,2.1375244140625003,0.5375239253044128,0.14053915441036224
4.93914794921875,4.150875244140624,2.1375244140625003,0.667657732963562,0.2707561254501343
2.52945068359375,6.8936437988281245,9.8864013671875,0.8091498613357544,0.6008477210998535
9.93414794921875,6.8936437988281245,9.8864013671875,3.1970982551574707,0.802930474281311
2.52945068359375,9.148375244140626,9.8864013671875,0.8771197199821472,0.6622036099433899
2.52945068359375,6.8936437988281245,7.0875244140625,0.7532775402069092,0.5528353452682495
9.93414794921875,9.148375244140626,7.0875244140625,3.222151279449463,0.8093550205230713
3.77820068359375,0.646768798828125,6.1739013671875,0.2784908711910248,0.06069263070821762
8.68539794921875,0.646768798828125,6.1739013671875,0.4464271366596222,0.09131459891796112
3.77820068359375,7.899000244140624,6.1739013671875,1.1292283535003662,0.6312878727912903
3.77820068359375,0.646768798828125,8.3250244140625,0.2904226779937744,0.06798157095909119
8.68539794921875,7.899000244140624,8.3250244140625,2.791435956954956,0.7903862595558167
8.77320068359375,5.644268798828125,1.2239013671875,1.266423225402832,0.32869648933410645
3.6903979492187498,5.644268798828125,1.2239013671875,0.38773682713508606,0.1786273717880249
8.77320068359375,2.9015002441406246,1.2239013671875,0.6637141704559326,0.1568494737148285
8.77320068359375,5.644268798828125,3.3750244140625,2.1744117736816406,0.5965151786804199
3.6903979492187498,2.9015002441406246,3.3750244140625,0.4704197347164154,0.22343382239341736
6.27570068359375,3.1455187988281246,8.6489013671875,1.553244948387146,0.5678406953811646
6.18789794921875,3.1455187988281246,8.6489013671875,1.5272600650787354,0.5646970272064209
6.27570068359375,0.402750244140625,8.6489013671875,0.29542046785354614,0.04516460746526718
6.27570068359375,3.1455187988281246,0.9000244140625,0.33764463663101196,0.09128573536872864
6.18789794921875,0.402750244140625,0.9000244140625,0.2526181638240814,0.02387351542711258
1.28070068359375,8.143018798828125,3.6989013671875,0.3714196979999542,0.3670366704463959
1.1928979492187501,8.143018798828125,3.6989013671875,0.35631299018859863,0.3603202700614929
1.28070068359375,5.400250244140625,3.6989013671875,0.3184848725795746,0.2760012745857239
1.28070068359375,8.143018798828125,5.8500244140625,0.4342818558216095,0.454085111618042
1.1928979492187501,5.400250244140625,5.8500244140625,0.35230553150177,0.3373525142669678
1.9050756835937501,1.2714562988281248,8.0301513671875,0.28631263971328735,0.11916396766901016
3.06602294921875,1.2714562988281248,8.0301513671875,0.3364383280277252,0.1357886791229248
1.9050756835937501,2.2768127441406247,8.0301513671875,0.3442721366882324,0.21444548666477203
1.9050756835937501,1.2714562988281248,6.4687744140625,0.27841588854789734,0.11054965108633041
3.06602294921875,2.2768127441406247,6.4687744140625,0.46936044096946716,0.2521822154521942
6.90007568359375,6.268956298828124,3.0801513671875003,1.6374846696853638,0.55074143409729
8.06102294921875,6.268956298828124,3.0801513671875003,1.971383810043335,0.5817475914955139
6.90007568359375,7.274312744140624,3.0801513671875003,1.7275209426879883,0.5842520594596863
6.90007568359375,6.268956298828124,1.5187744140625001,1.1205576658248901,0.36138373613357544
8.06102294921875,7.274312744140624,1.5187744140625001,1.4985833168029785,0.4305591881275177
9.39757568359375,3.7702062988281244,5.5551513671874995,2.4043242931365967,0.6228863596916199
0.56852294921875,3.7702062988281244,5.5551513671874995,0.26732921600341797,0.2347899079322815
9.39757568359375,9.773062744140624,5.5551513671874995,2.9822049140930176,0.7859725952148438
9.39757568359375,3.7702062988281244,3.9937744140625004,2.16742205619812,0.5560406446456909
0.56852294921875,9.773062744140624,3.9937744140625004,0.2923297584056854,0.3765687346458435
4.40257568359375,8.767706298828125,0.6051513671875,0.43570476770401,0.17969757318496704
5.56352294921875,8.767706298828125,0.6051513671875,0.5846478939056396,0.2084617018699646
4.40257568359375,4.7755627441406245,0.6051513671875,0.3096493184566498,0.10917413979768753
4.40257568359375,8.767706298828125,8.9437744140625,1.4412100315093994,0.724300742149353
5.56352294921875,4.7755627441406245,8.9437744140625,1.5752830505371094,0.6455394625663757
3.15382568359375,2.5208312988281247,4.3176513671875,0.4105569124221802,0.2080853134393692
6.81227294921875,2.5208312988281247,4.3176513671875,1.1824537515640259,0.38716647028923035
3.15382568359375,3.5261877441406244,4.3176513671875,0.5444915294647217,0.3076353967189789
3.15382568359375,2.5208312988281247,5.2312744140625,0.46638765931129456,0.24715417623519897
6.81227294921875,3.5261877441406244,5.2312744140625,1.5563544034957886,0.526668131351471
8.14882568359375,7.518331298828124,9.2676513671875,2.6215310096740723,0.7854551672935486
1.81727294921875,7.518331298828124,9.2676513671875,0.617170512676239,0.5594319105148315
8.14882568359375,8.523687744140625,9.2676513671875,2.672320604324341,0.801780641078949
8.14882568359375,7.518331298828124,0.2812744140625,0.582709789276123,0.14375640451908112
1.81727294921875,8.523687744140625,0.2812744140625,0.27359074354171753,0.16714154183864594
5.6513256835937495,0.022081298828125,1.8426513671875002,0.24560897052288055,0.0017581264255568385
9.30977294921875,0.022081298828125,1.8426513671875002,0.24557530879974365,0.0017466188874095678
5.6513256835937495,6.024937744140624,1.8426513671875002,0.9496434330940247,0.36142510175704956
5.6513256835937495,0.022081298828125,2.7562744140625,0.24557195603847504,0.0018681579967960715
9.30977294921875,6.024937744140624,2.7562744140625,2.215468645095825,0.5745320320129395
0.65632568359375,5.0195812988281245,6.7926513671875,0.29028210043907166,0.3044045865535736
4.31477294921875,5.0195812988281245,6.7926513671875,1.1432148218154907,0.5680801272392273
0.65632568359375,1.0274377441406248,6.7926513671875,0.2524634301662445,0.08834082633256912
0.65632568359375,5.0195812988281245,7.7062744140625,0.295202374458313,0.31578248739242554
4.31477294921875,1.0274377441406248,7.7062744140625,0.365532785654068,0.12124546617269516
0.96851318359375,0.33442504882812496,2.7707763671875,0.2466922104358673,0.026905860751867294
5.87571044921875,0.33442504882812496,2.7707763671875,0.2575363218784332,0.025924192741513252
0.96851318359375,8.836031494140625,2.7707763671875,0.3085413873195648,0.3236455023288727
0.96851318359375,0.33442504882812496,0.5906494140625,0.24562223255634308,0.0218134056776762
5.87571044921875,8.836031494140625,0.5906494140625,0.6246392130851746,0.21436907351016998
5.96351318359375,5.331925048828125,7.7207763671875,1.7083141803741455,0.6619727611541748
0.8807104492187501,5.331925048828125,7.7207763671875,0.32818859815597534,0.3471096158027649
5.96351318359375,3.8385314941406246,7.7207763671875,1.5382342338562012,0.5892612338066101
5.96351318359375,5.331925048828125,5.5406494140625,1.5863462686538696,0.6099517345428467
0.8807104492187501,3.8385314941406246,5.5406494140625,0.2853924334049225,0.2435244619846344
8.46101318359375,2.833175048828125,0.2957763671875,0.29854816198349,0.05605015158653259
8.37321044921875,2.833175048828125,0.2957763671875,0.2976330518722534,0.05626358464360237
8.46101318359375,1.3397814941406248,0.2957763671875,0.2686522305011749,0.039893198758363724
8.46101318359375,2.833175048828125,8.0156494140625,2.099255084991455,0.5953995585441589
8.37321044921875,1.3397814941406248,8.0156494140625,1.3903207778930664,0.3813553750514984
3.4660131835937498,7.830675048828124,5.2457763671875,0.9902880787849426,0.5862142443656921
3.37821044921875,7.830675048828124,5.2457763671875,0.9643853902816772,0.5813983082771301
3.4660131835937498,6.337281494140624,5.2457763671875,0.9163351655006409,0.535460889339447
3.4660131835937498,7.830675048828124,3.0656494140625004,0.8105384111404419,0.46659573912620544
3.37821044921875,6.337281494140624,3.0656494140625004,0.7074275612831116,0.40574780106544495
4.71476318359375,4.082550048828125,8.9582763671875,1.2462326288223267,0.5777738094329834
4.62696044921875,4.082550048828125,8.9582763671875,1.2202236652374268,0.5738344788551331
4.71476318359375,5.087906494140625,8.9582763671875,1.3442100286483765,0.6294617652893066
4.71476318359375,4.082550048828125,1.8281494140625,0.5385767817497253,0.21790233254432678
4.62696044921875,5.087906494140625,1.8281494140625,0.6396555304527283,0.2735651135444641
9.70976318359375,9.080050048828125,4.0082763671875,2.8872487545013428,0.7349876165390015
9.62196044921875,9.080050048828125,4.0082763671875,2.8583316802978516,0.7335448265075684
9.70976318359375,0.090406494140625,4.0082763671875,0.2517208158969879,0.008011446334421635
9.70976318359375,9.080050048828125,6.7781494140625,3.1285524368286133,0.8017740845680237
9.62196044921875,0.090406494140625,6.7781494140625,0.2555161714553833,0.008987005800008774
7.21226318359375,1.5838000488281248,6.4832763671875,1.1393591165542603,0.3510943651199341
2.1294604492187497,1.5838000488281248,6.4832763671875,0.2984239161014557,0.13798841834068298
7.21226318359375,2.589156494140625,6.4832763671875,1.5583332777023315,0.4995722472667694
7.21226318359375,1.5838000488281248,9.2531494140625,1.3304271697998047,0.41847050189971924
2.1294604492187497,2.589156494140625,9.2531494140625,0.42028743028640747,0.28159716725349426
2.21726318359375,6.581300048828124,1.5332763671875,0.3305109143257141,0.21259179711341858
7.12446044921875,6.581300048828124,1.5332763671875,1.211527943611145,0.3826710283756256
2.21726318359375,7.586656494140624,1.5332763671875,0.3517014682292938,0.23541857302188873
2.21726318359375,6.581300048828124,4.3031494140625,0.5503279566764832,0.4194348156452179
7.12446044921875,7.586656494140624,4.3031494140625,2.0103328227996826,0.6690966486930847
1.59288818359375,3.4578625488281247,7.1020263671874995,0.364277184009552,0.2828412652015686
8.99758544921875,3.4578625488281247,7.1020263671874995,2.3543334007263184,0.6354701519012451
1.59288818359375,4.463218994140624,7.1020263671874995,0.41424399614334106,0.3538869023323059
1.59288818359375,3.4578625488281247,3.6843994140625003,0.30047160387039185,0.2031700760126114
8.99758544921875,4.463218994140624,3.6843994140625003,2.1284029483795166,0.5686541199684143
6.5878881835937495,8.455362548828125,2.1520263671875,1.490543246269226,0.5191540122032166
4.00258544921875,8.455362548828125,2.1520263671875,0.8276005387306213,0.42256996035575867
6.5878881835937495,9.460718994140626,2.1520263671875,1.5556172132492065,0.5443155169487
6.5878881835937495,8.455362548828125,8.6343994140625,2.133204460144043,0.7690015435218811
4.00258544921875,9.460718994140626,8.6343994140625,1.3281774520874023,0.7199651002883911
9.08538818359375,0.9591125488281249,9.5770263671875,1.2973651885986328,0.3261431157588959
6.50008544921875,0.9591125488281249,9.5770263671875,0.7233160138130188,0.22438833117485046
9.08538818359375,6.961968994140625,9.5770263671875,2.909235954284668,0.7912614345550537
9.08538818359375,0.9591125488281249,6.1593994140624995,0.9854022860527039,0.238326758146286
6.50008544921875,6.961968994140625,6.1593994140624995,1.9253149032592773,0.6962898969650269
4.09038818359375,5.956612548828124,4.6270263671875,1.0233272314071655,0.5261029005050659
1.50508544921875,5.956612548828124,4.6270263671875,0.39135056734085083,0.3485257029533386
4.09038818359375,1.9644689941406248,4.6270263671875,0.46849021315574646,0.19948029518127441
4.09038818359375,5.956612548828124,1.2093994140625002,0.45060625672340393,0.19916307926177979
1.50508544921875,1.9644689941406248,1.2093994140625002,0.2555375099182129,0.10197170078754425
2.8416381835937496,2.2084875488281246,0.9145263671875,0.26461800932884216,0.0920075848698616
0.25633544921875,2.2084875488281246,0.9145263671875,0.24663086235523224,0.11972450464963913
2.8416381835937496,0.7150939941406249,0.9145263671875,0.2506079077720642,0.04194420948624611
2.8416381835937496,2.2084875488281246,4.9218994140625,0.36348265409469604,0.18410156667232513
0.25633544921875,0.7150939941406249,4.9218994140625,0.24649807810783386,0.06019372120499611
7.83663818359375,7.205987548828125,5.8645263671875,2.3502848148345947,0.7243106961250305
5.25133544921875,7.205987548828125,5.8645263671875,1.532293677330017,0.6605895161628723
7.83663818359375,5.712593994140624,5.8645263671875,2.2275590896606445,0.6833231449127197
7.83663818359375,7.205987548828125,9.8718994140625,2.5162596702575684,0.7801364660263062
5.25133544921875,5.712593994140624,9.8718994140625,1.5812255144119263,0.6837478876113892
5.33913818359375,4.707237548828124,3.3895263671875,1.0955157279968262,0.4468543529510498
2.75383544921875,4.707237548828124,3.3895263671875,0.49649950861930847,0.3088107109069824
5.33913818359375,8.211343994140625,3.3895263671875,1.3904834985733032,0.5846188068389893
5.33913818359375,4.707237548828124,7.3968994140625,1.443258285522461,0.6083551645278931
2.75383544921875,8.211343994140625,7.3968994140625,0.873167872428894,0.6148349642753601
0.34413818359375004,9.704737548828126,8.3395263671875,0.2902735769748688,0.4406849145889282
7.74883544921875,9.704737548828126,8.3395263671875,2.561164140701294,0.8035799860954285
0.34413818359375004,3.2138439941406247,8.3395263671875,0.2602529227733612,0.22682498395442963
0.34413818359375004,9.704737548828126,2.4468994140625,0.26148226857185364,0.33356571197509766
7.74883544921875,3.2138439941406247,2.4468994140625,1.1656088829040527,0.3374967873096466
0.50023193359375,2.0523156738281245,5.4004638671875,0.254423588514328,0.14914876222610474
6.96836669921875,2.0523156738281245,5.4004638671875,1.1964306831359863,0.3837278485298157
0.50023193359375,5.556422119140625,5.4004638671875,0.2734048664569855,0.29754015803337097
0.50023193359375,2.0523156738281245,1.0547119140625,0.2477511167526245,0.11220914870500565
6.96836669921875,5.556422119140625,1.0547119140625,0.7976750731468201,0.24281877279281616
5.49523193359375,7.049815673828125,0.4504638671875,0.3965943455696106,0.1299283802509308
1.97336669921875,7.049815673828125,0.4504638671875,0.2755815088748932,0.15972135961055756
5.49523193359375,0.558922119140625,0.4504638671875,0.2516556680202484,0.028294093906879425
5.49523193359375,7.049815673828125,6.0047119140625,1.606370210647583,0.6674574613571167
1.97336669921875,0.558922119140625,6.0047119140625,0.2575567066669464,0.05072501674294472
7.99273193359375,4.551065673828124,7.8754638671875,2.2682228088378906,0.6841542720794678
9.46586669921875,4.551065673828124,7.8754638671875,2.7382142543792725,0.7124636173248291
7.99273193359375,3.0576721191406246,7.8754638671875,2.007364273071289,0.5988459587097168
7.99273193359375,4.551065673828124,8.4797119140625,2.295289993286133,0.6931062936782837
9.46586669921875,3.0576721191406246,8.4797119140625,2.4912450313568115,0.6435037851333618
2.99773193359375,9.548565673828126,2.9254638671875,0.7444493770599365,0.47873902320861816
4.47086669921875,9.548565673828126,2.9254638671875,1.140520691871643,0.5511959791183472
2.99773193359375,8.055172119140625,2.9254638671875,0.6884037852287292,0.4357326030731201
2.99773193359375,9.548565673828126,3.5297119140625,0.80439293384552,0.5234561562538147
4.47086669921875,8.055172119140625,3.5297119140625,1.1515166759490967,0.5565625429153442
4.24648193359375,3.3016906738281246,1.6879638671875001,0.358641654253006,0.13978305459022522
3.2221166992187498,3.3016906738281246,1.6879638671875001,0.3097560703754425,0.13707657158374786
4.24648193359375,9.304547119140626,1.6879638671875001,0.813583254814148,0.3937273919582367
4.24648193359375,3.3016906738281246,2.2922119140625004,0.46066367626190186,0.19511130452156067
3.2221166992187498,9.304547119140626,2.2922119140625004,0.705430269241333,0.42344608902931213
9.24148193359375,8.299190673828125,6.6379638671875,2.9242076873779297,0.7823604941368103
8.21711669921875,8.299190673828125,6.6379638671875,2.586256980895996,0.7676857113838196
9.24148193359375,4.307047119140624,6.6379638671875,2.553335428237915,0.6759845018386841
9.24148193359375,8.299190673828125,7.2422119140625,2.955167531967163,0.7913135290145874
8.21711669921875,4.307047119140624,7.2422119140625,2.2712528705596924,0.6670904755592346
6.74398193359375,0.802940673828125,4.1629638671875,0.32170388102531433,0.06853436678647995
0.72461669921875,0.802940673828125,4.1629638671875,0.24963243305683136,0.06493198126554489
6.74398193359375,1.8082971191406247,4.1629638671875,0.8594505786895752,0.270874559879303
6.74398193359375,0.802940673828125,9.7172119140625,0.6083311438560486,0.17321494221687317
0.72461669921875,1.8082971191406247,9.7172119140625,0.26630204916000366,0.15577183663845062
1.74898193359375,5.800440673828124,9.1129638671875,0.5412704348564148,0.4834724962711334
5.71961669921875,5.800440673828124,9.1129638671875,1.7162264585494995,0.6917658448219299
1.74898193359375,6.805797119140625,9.1129638671875,0.5753067135810852,0.5255298614501953
1.74898193359375,5.800440673828124,4.7672119140625,0.43732815980911255,0.3675442934036255
5.71961669921875,6.805797119140625,4.7672119140625,1.571364402770996,0.6277106404304504
2.3733569335937497,3.9263781738281245,4.7817138671874995,0.4574202299118042,0.3071605861186981
7.59274169921875,3.9263781738281245,4.7817138671874995,1.803417682647705,0.5589112043380737
2.3733569335937497,1.183609619140625,4.7817138671874995,0.2754797637462616,0.095110222697258
2.3733569335937497,3.9263781738281245,2.9109619140625003,0.3495112359523773,0.21137511730194092
7.59274169921875,1.183609619140625,2.9109619140625003,0.38663020730018616,0.08933015912771225
7.36835693359375,8.923878173828125,9.7317138671875,2.439162492752075,0.7998576164245605
2.5977416992187496,8.923878173828125,9.7317138671875,0.8901317119598389,0.6592057347297668
7.36835693359375,6.181109619140624,9.7317138671875,2.292388439178467,0.7480348348617554
7.36835693359375,8.923878173828125,7.8609619140625,2.3873744010925293,0.7814960479736328
2.5977416992187496,6.181109619140624,7.8609619140625,0.7611743807792664,0.5467961430549622
9.86585693359375,1.4276281738281247,2.3067138671875003,0.668547511100769,0.1410904973745346
5.09524169921875,1.4276281738281247,2.3067138671875003,0.3006235361099243,0.08240409195423126
9.86585693359375,8.679859619140625,2.3067138671875003,2.495404005050659,0.6177597045898438
9.86585693359375,1.4276281738281247,5.3859619140624995,1.5384553670883179,0.3642142117023468
5.09524169921875,8.679859619140625,5.3859619140624995,1.5293318033218384,0.6778751611709595
4.87085693359375,6.425128173828124,7.2567138671875,1.4321943521499634,0.6563591957092285
0.10024169921875,6.425128173828124,7.2567138671875,0.2513353228569031,0.330233633518219
4.87085693359375,3.6823596191406245,7.2567138671875,1.1762505769729614,0.5253667831420898
4.87085693359375,6.425128173828124,0.43596191406250007,0.3367210626602173,0.11541423946619034
0.10024169921875,3.6823596191406245,0.43596191406250007,0.24562223255634308,0.16373980045318604
3.62210693359375,0.178253173828125,8.4942138671875,0.25352782011032104,0.01811046712100506
1.34899169921875,0.178253173828125,8.4942138671875,0.24753424525260925,0.0177774615585804
3.62210693359375,4.931734619140625,8.4942138671875,0.9941427111625671,0.5644773840904236
3.62210693359375,0.178253173828125,4.1484619140625,0.2496803253889084,0.015681922435760498
1.34899169921875,4.931734619140625,4.1484619140625,0.3255745768547058,0.274796724319458
8.61710693359375,5.175753173828125,3.5442138671875,2.1014978885650635,0.5848473906517029
6.3439916992187495,5.175753173828125,3.5442138671875,1.4493379592895508,0.5208342671394348
8.61710693359375,9.929234619140624,3.5442138671875,2.5142853260040283,0.710777223110199
8.61710693359375,5.175753173828125,9.0984619140625,2.5922796726226807,0.735572099685669
6.3439916992187495,9.929234619140624,9.0984619140625,2.12022066116333,0.7913563251495361
6.11960693359375,2.677003173828125,6.0192138671875,1.2463029623031616,0.45420336723327637
3.84649169921875,2.677003173828125,6.0192138671875,0.6813994646072388,0.3406745493412018
6.11960693359375,7.430484619140624,6.0192138671875,1.825331211090088,0.6950792074203491
6.11960693359375,2.677003173828125,6.6234619140625,1.2934037446975708,0.47354429960250854
3.84649169921875,7.430484619140624,6.6234619140625,1.147184133529663,0.632413387298584
1.12460693359375,7.674503173828124,1.0692138671875,0.2736102342605591,0.22486892342567444
8.84149169921875,7.674503173828124,1.0692138671875,1.4225248098373413,0.37148335576057434
1.12460693359375,2.432984619140625,1.0692138671875,0.25366127490997314,0.11922221630811691
1.12460693359375,7.674503173828124,1.6734619140625002,0.285560667514801,0.25184646248817444
8.84149169921875,2.432984619140625,1.6734619140625002,0.7705299258232117,0.18533551692962646
0.81241943359375,2.9893469238281245,9.4223388671875,0.28828075528144836,0.2358771115541458
1.03680419921875,2.9893469238281245,9.4223388671875,0.30717721581459045,0.24721303582191467
0.81241943359375,7.742828369140624,9.4223388671875,0.3700575828552246,0.46120476722717285
0.81241943359375,2.9893469238281245,8.7890869140625,0.2862156629562378,0.23154719173908234
1.03680419921875,7.742828369140624,8.7890869140625,0.4141695499420166,0.47867774963378906
5.80741943359375,7.986846923828124,4.4723388671875,1.645317792892456,0.6512117981910706
6.03180419921875,7.986846923828124,4.4723388671875,1.714333415031433,0.657648503780365
5.80741943359375,2.7453283691406245,4.4723388671875,1.0225238800048828,0.3811108469963074
5.80741943359375,7.986846923828124,3.8390869140625004,1.5764833688735962,0.6212806105613708
6.03180419921875,2.7453283691406245,3.8390869140625004,0.9834200143814087,0.35206320881843567
8.30491943359375,0.490596923828125,6.9473388671875,0.3385389447212219,0.0570918545126915
3.53430419921875,0.490596923828125,6.9473388671875,0.2686014771461487,0.0474545955657959
8.30491943359375,0.24657836914062498,6.9473388671875,0.27565568685531616,0.025320308282971382
8.30491943359375,0.490596923828125,1.3640869140625,0.26173168420791626,0.028847334906458855
3.53430419921875,0.24657836914062498,1.3640869140625,0.24764277040958405,0.017432954162359238
3.30991943359375,5.488096923828125,1.9973388671875,0.47762301564216614,0.2556455135345459
8.52930419921875,5.488096923828125,1.9973388671875,1.6334762573242188,0.4481196701526642
3.30991943359375,5.244078369140625,1.9973388671875,0.46049073338508606,0.24376802146434784
3.30991943359375,5.488096923828125,6.3140869140625,0.8725084662437439,0.5251688957214355
8.52930419921875,5.244078369140625,6.3140869140625,2.4302523136138916,0.6924026608467102
4.55866943359375,1.7399719238281248,3.2348388671875004,0.3546113967895508,0.1229768618941307
9.77805419921875,1.7399719238281248,3.2348388671875004,1.2505630254745483,0.29154330492019653
4.55866943359375,6.493453369140624,3.2348388671875004,1.0384477376937866,0.48638561367988586
4.55866943359375,1.7399719238281248,7.5515869140625,0.6773253679275513,0.28856542706489563
9.77805419921875,6.493453369140624,7.5515869140625,3.0282273292541504,0.7691782116889954
9.55366943359375,6.737471923828124,8.1848388671875,3.0011703968048096,0.7792325615882874
4.78305419921875,6.737471923828124,8.1848388671875,1.454235553741455,0.6787295937538147
9.55366943359375,1.4959533691406248,8.1848388671875,1.8314486742019653,0.4560001790523529
9.55366943359375,6.737471923828124,2.6015869140625,2.322394847869873,0.5896631479263306
4.78305419921875,1.4959533691406248,2.6015869140625,0.3075714707374573,0.09109698981046677
7.05616943359375,4.238721923828124,0.7598388671875,0.450752317905426,0.121048204600811
7.28055419921875,4.238721923828124,0.7598388671875,0.47555890679359436,0.12557686865329742
7.05616943359375,3.9947033691406246,0.7598388671875,0.4176700711250305,0.10993608832359314
7.05616943359375,4.238721923828124,0.1265869140625,0.2986091673374176,0.06651909649372101
7.28055419921875,3.9947033691406246,0.1265869140625,0.29663604497909546,0.06376621127128601
2.06116943359375,9.236221923828126,5.7098388671875,0.6552436351776123,0.5521041750907898
2.28555419921875,9.236221923828126,5.7098388671875,0.7183336615562439,0.5690552592277527
2.06116943359375,8.992203369140626,5.7098388671875,0.6492696404457092,0.5457620620727539
2.06116943359375,9.236221923828126,5.0765869140625,0.6332724690437317,0.530194878578186
2.28555419921875,8.992203369140626,5.0765869140625,0.6872262954711914,0.5400915741920471
1.4367944335937501,1.1152844238281248,0.14108886718750002,0.24752917885780334,0.054394204169511795
4.15867919921875,1.1152844238281248,0.14108886718750002,0.2525021433830261,0.04392636939883232
1.4367944335937501,3.370015869140625,0.14108886718750002,0.2526243031024933,0.11184988170862198
1.4367944335937501,1.1152844238281248,6.9328369140624995,0.266385942697525,0.0982813835144043
4.15867919921875,3.370015869140625,6.9328369140624995,0.9215786457061768,0.45709607005119324
6.43179443359375,6.112784423828124,5.0910888671875,1.7632890939712524,0.6385326385498047
9.15367919921875,6.112784423828124,5.0910888671875,2.6135897636413574,0.6993445754051208
6.43179443359375,8.367515869140625,5.0910888671875,1.9143953323364258,0.6988669037818909
6.43179443359375,6.112784423828124,1.9828369140625002,1.188530683517456,0.41256844997406006
9.15367919921875,8.367515869140625,1.9828369140625002,2.1264467239379883,0.5586627721786499
8.92929443359375,3.614034423828125,2.6160888671875,1.6184875965118408,0.4241263270378113
1.6611791992187501,3.614034423828125,2.6160888671875,0.28753790259361267,0.18259762227535248
8.92929443359375,5.868765869140624,2.6160888671875,2.0405166149139404,0.5470356345176697
8.92929443359375,3.614034423828125,4.4578369140625,2.0804762840270996,0.5589669346809387
1.6611791992187501,5.868765869140624,4.4578369140625,0.41137728095054626,0.35040000081062317
3.9342944335937498,8.611534423828125,7.5660888671875,1.253220796585083,0.6849615573883057
6.65617919921875,8.611534423828125,7.5660888671875,2.1292152404785156,0.7599829435348511
3.9342944335937498,0.871265869140625,7.5660888671875,0.3144327700138092,0.09174973517656326
3.9342944335937498,8.611534423828125,9.4078369140625,1.294299840927124,0.7100087404251099
6.65617919921875,0.871265869140625,9.4078369140625,0.655342161655426,0.1935657411813736
2.68554443359375,4.8634094238281245,6.3285888671874995,0.6653797626495361,0.4514390826225281
5.4074291992187495,4.8634094238281245,6.3285888671874995,1.4262276887893677,0.5934061408042908
2.68554443359375,2.1206408691406247,6.3285888671874995,0.3813351094722748,0.20409871637821198
2.68554443359375,4.8634094238281245,5.6953369140625,0.639290988445282,0.4302979111671448
5.4074291992187495,2.1206408691406247,5.6953369140625,0.8763768076896667,0.33946144580841064
7.68054443359375,9.860909423828126,1.3785888671875002,1.542519211769104,0.46602118015289307
0.41242919921875004,9.860909423828126,1.3785888671875002,0.25861483812332153,0.2993640899658203
7.68054443359375,7.118140869140625,1.3785888671875002,1.3126420974731445,0.3894518315792084
7.68054443359375,9.860909423828126,0.7453369140625,1.1095832586288452,0.3226902484893799
0.41242919921875004,7.118140869140625,0.7453369140625,0.25155627727508545,0.23446689546108246
5.18304443359375,2.3646594238281247,8.8035888671875,1.0762457847595215,0.44750481843948364
7.90492919921875,2.3646594238281247,8.8035888671875,1.836284875869751,0.5489906072616577
5.18304443359375,9.616890869140626,8.8035888671875,1.7191948890686035,0.7591133713722229
5.18304443359375,2.3646594238281247,3.2203369140625,0.5955590009689331,0.22357122600078583
7.90492919921875,9.616890869140626,3.2203369140625,2.2163476943969727,0.6736525893211365
0.18804443359375,7.362159423828125,3.8535888671875003,0.25432249903678894,0.32065650820732117
2.90992919921875,7.362159423828125,3.8535888671875003,0.7244454026222229,0.4731050729751587
0.18804443359375,4.6193908691406245,3.8535888671875003,0.25051841139793396,0.24586354196071625
0.18804443359375,7.362159423828125,8.1703369140625,0.26121655106544495,0.367027223110199
2.90992919921875,4.6193908691406245,8.1703369140625,0.7631809711456299,0.49786049127578735
0.26609130859375,0.881026611328125,9.3449951171875,0.24834270775318146,0.08093712478876114
9.07563232421875,0.881026611328125,9.3449951171875,1.1762725114822388,0.2920197546482086
0.26609130859375,0.48083618164062497,9.3449951171875,0.24636884033679962,0.04640629515051842
0.26609130859375,0.881026611328125,5.3086181640625,0.24649424850940704,0.07314501702785492
9.07563232421875,0.48083618164062497,5.3086181640625,0.3184365928173065,0.04783715307712555
5.26109130859375,5.878526611328124,4.3949951171874995,1.3283326625823975,0.5625640153884888
4.08063232421875,5.878526611328124,4.3949951171874995,0.9953588247299194,0.5108599662780762
5.26109130859375,5.478336181640625,4.3949951171874995,1.2923893928527832,0.5454764366149902
5.26109130859375,5.878526611328124,0.3586181640625,0.32468459010124207,0.10160244256258011
4.08063232421875,5.478336181640625,0.3586181640625,0.2956368923187256,0.10665915161371231
7.75859130859375,3.3797766113281247,6.8699951171875,1.9443223476409912,0.5948644876480103
6.57813232421875,3.3797766113281247,6.8699951171875,1.595283031463623,0.5595596432685852
7.75859130859375,7.977086181640624,6.8699951171875,2.43019962310791,0.7583733201026917
7.75859130859375,3.3797766113281247,2.8336181640625,1.3384748697280884,0.39352279901504517
6.57813232421875,7.977086181640624,2.8336181640625,1.6354734897613525,0.575663685798645
2.76359130859375,8.377276611328124,1.9199951171875,0.5125678181648254,0.326953262090683
1.58313232421875,8.377276611328124,1.9199951171875,0.33259254693984985,0.2745424509048462
2.76359130859375,2.9795861816406246,1.9199951171875,0.2956155240535736,0.13742585480213165
2.76359130859375,8.377276611328124,7.7836181640625,0.8902981281280518,0.6270386576652527
1.58313232421875,2.9795861816406246,7.7836181640625,0.34825724363327026,0.2565251886844635
4.01234130859375,4.629151611328124,3.1574951171875,0.7294355034828186,0.361234575510025
0.33438232421875,4.629151611328124,3.1574951171875,0.25451725721359253,0.2369939386844635
4.01234130859375,4.228961181640624,3.1574951171875,0.6854950189590454,0.33515962958335876
4.01234130859375,4.629151611328124,6.5461181640624995,1.0103260278701782,0.5260519981384277
0.33438232421875,4.228961181640624,6.5461181640624995,0.26027119159698486,0.2583957314491272
9.00734130859375,9.626651611328125,8.1074951171875,2.973123550415039,0.8164675831794739
5.3293823242187495,9.626651611328125,8.1074951171875,1.7502901554107666,0.7546965479850769
9.00734130859375,9.226461181640625,8.1074951171875,2.9561712741851807,0.8115071058273315
9.00734130859375,9.626651611328125,1.5961181640625002,1.9935563802719116,0.529045820236206
5.3293823242187495,9.226461181640625,1.5961181640625002,1.0295904874801636,0.4191315174102783
6.50984130859375,2.1304016113281246,0.6824951171875,0.2878139019012451,0.06456492096185684
2.83188232421875,2.1304016113281246,0.6824951171875,0.2616799771785736,0.08563687652349472
6.50984130859375,6.7277111816406245,0.6824951171875,0.6195859313011169,0.1925773173570633
6.50984130859375,2.1304016113281246,4.0711181640625,0.9325221180915833,0.3080485761165619
2.83188232421875,6.7277111816406245,4.0711181640625,0.691446840763092,0.4570063054561615
1.51484130859375,7.127901611328125,5.6324951171875,0.45831406116485596,0.4352093040943146
7.82688232421875,7.127901611328125,5.6324951171875,2.3243408203125,0.7164835333824158
1.51484130859375,1.7302111816406247,5.6324951171875,0.27650365233421326,0.13601502776145935
1.51484130859375,7.127901611328125,9.0211181640625,0.5222670435905457,0.514098584651947
7.82688232421875,1.7302111816406247,9.0211181640625,1.5602470636367798,0.46285226941108704
2.13921630859375,2.755089111328125,1.3012451171875001,0.26859596371650696,0.12161969393491745
5.95375732421875,2.755089111328125,1.3012451171875001,0.3556166887283325,0.10284025222063065
2.13921630859375,6.103023681640624,1.3012451171875001,0.3045467734336853,0.18871673941612244
2.13921630859375,2.755089111328125,8.4023681640625,0.42326077818870544,0.28621065616607666
5.95375732421875,6.103023681640624,8.4023681640625,1.7912497520446777,0.6985349655151367
7.13421630859375,7.752589111328124,6.2512451171875,2.1822757720947266,0.7309516072273254
0.95875732421875,7.752589111328124,6.2512451171875,0.3652133345603943,0.41773632168769836
7.13421630859375,1.1055236816406249,6.2512451171875,0.7563983201980591,0.21923722326755524
7.13421630859375,7.752589111328124,3.4523681640625004,1.9044818878173828,0.6298359632492065
0.95875732421875,1.1055236816406249,3.4523681640625004,0.25259876251220703,0.08265800774097443
9.63171630859375,0.256339111328125,3.7762451171875,0.26670220494270325,0.021726315841078758
8.45125732421875,0.256339111328125,3.7762451171875,0.263583779335022,0.021770237013697624
9.63171630859375,3.6042736816406244,3.7762451171875,2.1476187705993652,0.5373835563659668
9.63171630859375,0.256339111328125,0.9773681640625,0.2525593936443329,0.015665806829929352
8.45125732421875,3.6042736816406244,0.9773681640625,0.6436487436294556,0.15679383277893066
4.6367163085937495,5.253839111328125,8.7262451171875,1.3272455930709839,0.6300597786903381
3.45625732421875,5.253839111328125,8.7262451171875,0.9752691984176636,0.5751006603240967
4.6367163085937495,8.601773681640625,8.7262451171875,1.5052660703659058,0.7255163788795471
4.6367163085937495,5.253839111328125,5.9273681640625,1.2123650312423706,0.5693463683128357
3.45625732421875,8.601773681640625,5.9273681640625,1.0492072105407715,0.6277711391448975
3.3879663085937497,1.5057141113281247,7.4887451171874995,0.39333808422088623,0.17304542660713196
4.70500732421875,1.5057141113281247,7.4887451171874995,0.6123161911964417,0.24635502696037292
3.3879663085937497,9.851148681640625,7.4887451171874995,1.118254542350769,0.6864180564880371
3.3879663085937497,1.5057141113281247,9.6398681640625,0.44635307788848877,0.2084374874830246
4.70500732421875,9.851148681640625,9.6398681640625,1.5871198177337646,0.759102463722229
8.38296630859375,6.503214111328124,2.5387451171875,1.938738465309143,0.5500150322914124
9.70000732421875,6.503214111328124,2.5387451171875,2.314570665359497,0.5788282155990601
8.38296630859375,4.853648681640625,2.5387451171875,1.7105599641799927,0.47935134172439575
8.38296630859375,6.503214111328124,4.6898681640625,2.3633241653442383,0.6827402114868164
9.70000732421875,4.853648681640625,4.6898681640625,2.580254316329956,0.6517400741577148
5.88546630859375,4.004464111328125,9.9637451171875,1.6172072887420654,0.6307370662689209
2.2075073242187497,4.004464111328125,9.9637451171875,0.5741892457008362,0.43350064754486084
5.88546630859375,2.3548986816406248,9.9637451171875,1.306312918663025,0.4964008331298828
5.88546630859375,4.004464111328125,2.2148681640625,0.8556275963783264,0.3081139028072357
2.2075073242187497,2.3548986816406248,2.2148681640625,0.2766445279121399,0.12710972130298615
0.89046630859375,9.001964111328125,5.0137451171875,0.34939903020858765,0.41274020075798035
7.20250732421875,9.001964111328125,5.0137451171875,2.186354160308838,0.7257298231124878
0.89046630859375,7.352398681640624,5.0137451171875,0.3282744586467743,0.36509713530540466
0.89046630859375,9.001964111328125,7.1648681640625,0.3822733759880066,0.4701399505138397
7.20250732421875,7.352398681640624,7.1648681640625,2.22719407081604,0.7406455278396606
1.20265380859375,4.316807861328124,5.9418701171874995,0.3273594379425049,0.2869729697704315
2.51969482421875,4.316807861328124,5.9418701171874995,0.5713239908218384,0.39211004972457886
1.20265380859375,2.6672424316406245,5.9418701171874995,0.2874712347984314,0.1947864443063736
1.20265380859375,4.316807861328124,4.9992431640624995,0.31347978115081787,0.26590484380722046
2.51969482421875,2.6672424316406245,4.9992431640624995,0.3774562478065491,0.21708521246910095
6.19765380859375,9.314307861328125,0.9918701171875,0.9496181011199951,0.3322029411792755
7.51469482421875,9.314307861328125,0.9918701171875,1.2217519283294678,0.367303729057312
6.19765380859375,7.664742431640624,0.9918701171875,0.834614634513855,0.2862916588783264
6.19765380859375,9.314307861328125,9.9492431640625,2.0681655406951904,0.7872932553291321
7.51469482421875,7.664742431640624,9.9492431640625,2.4362945556640625,0.7841043472290039
8.69515380859375,1.8180578613281249,8.4168701171875,1.8102645874023438,0.4931239187717438
0.02219482421875,1.8180578613281249,8.4168701171875,0.24533262848854065,0.14441177248954773
8.69515380859375,5.165992431640625,8.4168701171875,2.5901880264282227,0.7285071015357971
8.69515380859375,1.8180578613281249,7.4742431640625,1.7423428297042847,0.4726221561431885
0.02219482421875,5.165992431640625,7.4742431640625,0.24624334275722504,0.29198145866394043
3.70015380859375,6.8155578613281245,3.4668701171875003,0.8644216060638428,0.47424545884132385
5.01719482421875,6.8155578613281245,3.4668701171875003,1.2203857898712158,0.5348696112632751
3.70015380859375,0.168492431640625,3.4668701171875003,0.2495645135641098,0.014423488639295101
3.70015380859375,6.8155578613281245,2.5242431640625003,0.7345559597015381,0.3930166959762573
5.01719482421875,0.168492431640625,2.5242431640625003,0.2496432363986969,0.013487177900969982
4.94890380859375,0.568682861328125,2.2293701171875,0.26065710186958313,0.03947543352842331
6.26594482421875,0.568682861328125,2.2293701171875,0.2657657861709595,0.038552384823560715
4.94890380859375,1.4178674316406248,2.2293701171875,0.29460662603378296,0.08055429905653
4.94890380859375,0.568682861328125,3.7617431640625,0.2695869207382202,0.04581541195511818
6.26594482421875,1.4178674316406248,3.7617431640625,0.49950110912323,0.1493043303489685
9.94390380859375,5.566182861328125,7.1793701171875,2.9772870540618896,0.7429970502853394
1.27094482421875,5.566182861328125,7.1793701171875,0.39423543214797974,0.38605642318725586
9.94390380859375,6.415367431640624,7.1793701171875,3.0571742057800293,0.7644091248512268
9.94390380859375,5.566182861328125,8.7117431640625,3.051211357116699,0.7630602717399597
1.27094482421875,6.415367431640624,8.7117431640625,0.43913349509239197,0.45450565218925476
7.44640380859375,3.0674328613281245,4.7043701171875,1.5643523931503296,0.4866265654563904
8.76344482421875,3.0674328613281245,4.7043701171875,1.9324016571044922,0.525096595287323
7.44640380859375,8.914117431640625,4.7043701171875,2.2333130836486816,0.7194311618804932
7.44640380859375,3.0674328613281245,6.2367431640625,1.7333323955535889,0.5451822876930237
8.76344482421875,8.914117431640625,6.2367431640625,2.776146411895752,0.7787418961524963
2.4514038085937497,8.064932861328126,9.6543701171875,0.8211676478385925,0.62807297706604
3.76844482421875,8.064932861328126,9.6543701171875,1.22706937789917,0.6944006085395813
2.4514038085937497,3.9166174316406246,9.6543701171875,0.6221863031387329,0.4428212642669678
2.4514038085937497,8.064932861328126,1.2867431640625002,0.35954761505126953,0.22601665556430817
3.76844482421875,3.9166174316406246,1.2867431640625002,0.3246467709541321,0.1336188018321991
1.82702880859375,2.4427453613281247,4.0856201171875,0.29252758622169495,0.16367773711681366
1.8953198242187501,2.4427453613281247,4.0856201171875,0.295466810464859,0.16424645483493805
1.82702880859375,8.289429931640624,4.0856201171875,0.5053901672363281,0.4380674362182617
1.82702880859375,2.4427453613281247,1.9054931640625001,0.2675994634628296,0.1272677630186081
1.8953198242187501,8.289429931640624,1.9054931640625001,0.3655279874801636,0.2793820798397064
6.82202880859375,7.440245361328125,9.0356201171875,2.172288656234741,0.7589729428291321
6.89031982421875,7.440245361328125,9.0356201171875,2.1951754093170166,0.7604514360427856
6.82202880859375,3.2919299316406248,9.0356201171875,1.7601876258850098,0.6028968095779419
6.82202880859375,7.440245361328125,6.8554931640625,2.094330072402954,0.7292909026145935
6.89031982421875,3.2919299316406248,6.8554931640625,1.6683028936386108,0.5627567768096924
9.31952880859375,4.9414953613281245,1.6106201171875,1.5248042345046997,0.38089922070503235
4.3928198242187495,4.9414953613281245,1.6106201171875,0.5246824622154236,0.22540244460105896
9.31952880859375,0.793179931640625,1.6106201171875,0.28363895416259766,0.04146687313914299
9.31952880859375,4.9414953613281245,9.3304931640625,2.8032314777374268,0.7420005202293396
4.3928198242187495,0.793179931640625,9.3304931640625,0.3373680114746094,0.09608756005764008
4.32452880859375,9.938995361328125,6.5606201171875,1.3882665634155273,0.7063630223274231
9.38781982421875,9.938995361328125,6.5606201171875,3.0481648445129395,0.805595874786377
4.32452880859375,5.790679931640624,6.5606201171875,1.1952569484710693,0.5966044664382935
4.32452880859375,9.938995361328125,4.3804931640625,1.2723710536956787,0.6413589119911194
9.38781982421875,5.790679931640624,4.3804931640625,2.563310384750366,0.668006956577301
3.07577880859375,3.692120361328125,7.7981201171875,0.7153152227401733,0.43826788663864136
8.13906982421875,3.692120361328125,7.7981201171875,2.179325580596924,0.6437215209007263
3.07577880859375,7.040054931640625,7.7981201171875,0.9361655712127686,0.6071232557296753
3.07577880859375,3.692120361328125,0.6679931640625,0.27646544575691223,0.11056019365787506
8.13906982421875,7.040054931640625,0.6679931640625,0.8886265754699707,0.2366163730621338
8.070778808593749,8.689620361328124,2.8481201171875004,2.1284756660461426,0.6318525671958923
3.1440698242187497,8.689620361328124,2.8481201171875004,0.7404580116271973,0.4567720890045166
8.070778808593749,2.0425549316406246,2.8481201171875004,0.9415427446365356,0.25456342101097107
8.070778808593749,8.689620361328124,5.6179931640625,2.497349500656128,0.7519471049308777
3.1440698242187497,2.0425549316406246,5.6179931640625,0.40337634086608887,0.19842880964279175
5.5732788085937495,1.1933703613281248,5.3231201171875,0.4565626382827759,0.1442170888185501
5.64156982421875,1.1933703613281248,5.3231201171875,0.46652889251708984,0.1470196545124054
5.5732788085937495,4.541304931640624,5.3231201171875,1.368322491645813,0.5509638786315918
5.5732788085937495,1.1933703613281248,8.0929931640625,0.6503617167472839,0.22730308771133423
5.64156982421875,4.541304931640624,8.0929931640625,1.5453383922576904,0.623814582824707
0.57827880859375,6.190870361328124,0.37312011718750004,0.2515958547592163,0.19571426510810852
0.64656982421875,6.190870361328124,0.37312011718750004,0.2526167333126068,0.19268423318862915
0.57827880859375,9.538804931640625,0.37312011718750004,0.2555570900440216,0.23928318917751312
0.57827880859375,6.190870361328124,3.1429931640625,0.2684878706932068,0.2766999304294586
0.64656982421875,9.538804931640625,3.1429931640625,0.2884421646595001,0.3469327688217163
0.42218505859375,3.2236047363281246,3.6215576171875004,0.25446295738220215,0.19201986491680145
3.92453857421875,3.2236047363281246,3.6215576171875004,0.5924913287162781,0.2846595048904419
0.42218505859375,1.5740393066406249,3.6215576171875004,0.24966484308242798,0.1124536544084549
0.42218505859375,3.2236047363281246,4.2258056640624995,0.25545522570610046,0.19768154621124268
3.92453857421875,1.5740393066406249,4.2258056640624995,0.3415364623069763,0.1268784999847412
5.41718505859375,8.221104736328126,8.5715576171875,1.7392903566360474,0.7382282614707947
8.91953857421875,8.221104736328126,8.5715576171875,2.8952219486236572,0.8011763691902161
5.41718505859375,6.5715393066406245,8.5715576171875,1.6561849117279053,0.6994514465332031
5.41718505859375,8.221104736328126,9.1758056640625,1.7531602382659912,0.7447292804718018
8.91953857421875,6.5715393066406245,9.1758056640625,2.8151440620422363,0.7775217294692993
7.91468505859375,0.7248547363281249,1.1465576171875,0.2666984796524048,0.03686804324388504
1.4270385742187501,0.7248547363281249,1.1465576171875,0.24864788353443146,0.04676372930407524
7.91468505859375,9.070289306640625,1.1465576171875,1.3977324962615967,0.40588489174842834
7.91468505859375,0.7248547363281249,6.7008056640625,0.5026217699050903,0.11721137166023254
1.4270385742187501,9.070289306640625,6.7008056640625,0.5062111616134644,0.5201302170753479
2.9196850585937497,5.722354736328125,6.0965576171875,0.7712551355361938,0.50501948595047
6.42203857421875,5.722354736328125,6.0965576171875,1.8022866249084473,0.6550240516662598
2.9196850585937497,4.072789306640624,6.0965576171875,0.6522894501686096,0.41027525067329407
2.9196850585937497,5.722354736328125,1.7508056640625,0.39457938075065613,0.22114863991737366
6.42203857421875,4.072789306640624,1.7508056640625,0.8156396150588989,0.26887020468711853
4.16843505859375,1.9742297363281247,9.8090576171875,0.749332070350647,0.3534359037876129
5.17328857421875,1.9742297363281247,9.8090576171875,0.9952367544174194,0.4089203178882599
4.16843505859375,2.8234143066406245,9.8090576171875,0.9383166432380676,0.46457546949386597
4.16843505859375,1.9742297363281247,2.9883056640625,0.34552425146102905,0.12832029163837433
5.17328857421875,2.8234143066406245,2.9883056640625,0.6666132807731628,0.25753554701805115
9.16343505859375,6.9717297363281245,4.8590576171875,2.6704258918762207,0.7149861454963684
0.17828857421875002,6.9717297363281245,4.8590576171875,0.25445204973220825,0.3237215578556061
9.16343505859375,7.820914306640624,4.8590576171875,2.734266996383667,0.7334734201431274
9.16343505859375,6.9717297363281245,7.9383056640625,2.879199981689453,0.7759379744529724
0.17828857421875002,7.820914306640624,7.9383056640625,0.261198490858078,0.37682151794433594
6.66593505859375,4.472979736328124,7.3340576171875,1.8174326419830322,0.6382637023925781
7.67078857421875,4.472979736328124,7.3340576171875,2.129235029220581,0.6642153859138489
6.66593505859375,5.322164306640625,7.3340576171875,1.9102586507797241,0.6741454601287842
6.66593505859375,4.472979736328124,5.4633056640625,1.6904079914093018,0.5892074108123779
7.67078857421875,5.322164306640625,5.4633056640625,2.101341962814331,0.6544691920280457
1.6709350585937501,9.470479736328125,2.3840576171875,0.3955141305923462,0.34181511402130127
2.6757885742187497,9.470479736328125,2.3840576171875,0.5985098481178284,0.40607964992523193
1.6709350585937501,0.32466430664062496,2.3840576171875,0.24766162037849426,0.025348512455821037
1.6709350585937501,9.470479736328125,0.5133056640625,0.28155627846717834,0.19408981502056122
2.6757885742187497,0.32466430664062496,0.5133056640625,0.2466350942850113,0.020032698288559914
2.29531005859375,0.10016723632812499,6.7153076171874995,0.2475980967283249,0.009753451682627201
0.80266357421875,0.10016723632812499,6.7153076171874995,0.2456623762845993,0.00969854649156332
2.29531005859375,7.196226806640625,6.7153076171874995,0.6892179846763611,0.5373172760009766
2.29531005859375,0.10016723632812499,2.3695556640625,0.24555692076683044,0.008118047378957272
0.80266357421875,7.196226806640625,2.3695556640625,0.2776036560535431,0.27563679218292236
7.29031005859375,5.097667236328125,1.7653076171875002,1.170586347579956,0.3599332571029663
5.79766357421875,5.097667236328125,1.7653076171875002,0.8497248291969299,0.31050047278404236
7.29031005859375,2.1987268066406247,1.7653076171875002,0.4906665086746216,0.12971538305282593
7.29031005859375,5.097667236328125,7.3195556640624995,2.083362579345703,0.6808791756629944
5.79766357421875,2.1987268066406247,7.3195556640624995,1.115286946296692,0.4206180274486542
9.78781005859375,2.5989172363281248,9.1903076171875,2.497209310531616,0.6247133016586304
3.30016357421875,2.5989172363281248,9.1903076171875,0.6651684641838074,0.37464869022369385
9.78781005859375,4.6974768066406245,9.1903076171875,2.921480894088745,0.7396756410598755
9.78781005859375,2.5989172363281248,9.7945556640625,2.5261716842651367,0.6326607465744019
3.30016357421875,4.6974768066406245,9.7945556640625,0.9142358303070068,0.5543158054351807
4.79281005859375,7.596417236328124,4.2403076171875,1.29531991481781,0.5960356593132019
8.29516357421875,7.596417236328124,4.2403076171875,2.369354009628296,0.6915571689605713
4.79281005859375,9.694976806640625,4.2403076171875,1.3943783044815063,0.6473020315170288
4.79281005859375,7.596417236328124,4.8445556640625,1.3464337587356567,0.622222363948822
8.29516357421875,9.694976806640625,4.8445556640625,2.5583114624023438,0.7516161799430847
3.54406005859375,3.8482922363281244,0.5278076171875,0.2796877324581146,0.10269350558519363
9.54391357421875,3.8482922363281244,0.5278076171875,0.47675660252571106,0.09697357565164566
3.54406005859375,8.445601806640624,0.5278076171875,0.3375987708568573,0.1534045785665512
3.54406005859375,3.8482922363281244,1.1320556640625001,0.3047526180744171,0.12546518445014954
9.54391357421875,8.445601806640624,1.1320556640625001,1.7106354236602783,0.4226791262626648
8.53906005859375,8.845792236328125,5.4778076171875,2.648399591445923,0.7588396668434143
4.54891357421875,8.845792236328125,5.4778076171875,1.3712947368621826,0.6658533215522766
8.53906005859375,3.448101806640625,5.4778076171875,2.0673460960388184,0.5798869132995605
8.53906005859375,8.845792236328125,6.0820556640625,2.6892201900482178,0.7715572118759155
4.54891357421875,3.448101806640625,6.0820556640625,0.990360677242279,0.45901593565940857
6.04156005859375,1.3495422363281249,3.0028076171875,0.3526636064052582,0.09525315463542938
7.04641357421875,1.3495422363281249,3.0028076171875,0.430458128452301,0.11113157123327255
6.04156005859375,0.9493518066406249,3.0028076171875,0.29855385422706604,0.06613943725824356
6.04156005859375,1.3495422363281249,8.5570556640625,0.8723436594009399,0.303041011095047
7.04641357421875,0.9493518066406249,8.5570556640625,0.7694337368011475,0.2250983715057373
1.04656005859375,6.347042236328124,7.9528076171875,0.3802005350589752,0.41329512000083923
2.05141357421875,6.347042236328124,7.9528076171875,0.621166467666626,0.5139219760894775
1.04656005859375,5.946851806640624,7.9528076171875,0.3711543381214142,0.39564812183380127
1.04656005859375,6.347042236328124,3.6070556640625,0.3084563910961151,0.2969707250595093
2.05141357421875,5.946851806640624,3.6070556640625,0.44643810391426086,0.33916693925857544
0.7343725585937501,1.6618859863281248,1.4559326171875002,0.24967195093631744,0.098865807056427
7.98297607421875,1.6618859863281248,1.4559326171875002,0.33362695574760437,0.07067640870809555
0.7343725585937501,3.7604455566406245,1.4559326171875002,0.2556910514831543,0.1741846352815628
0.7343725585937501,1.6618859863281248,5.7726806640624995,0.2574704587459564,0.12870557606220245
7.98297607421875,3.7604455566406245,5.7726806640624995,1.9973864555358887,0.5959662795066833
5.72937255859375,6.659385986328124,6.4059326171875,1.6762489080429077,0.6729999780654907
2.98797607421875,6.659385986328124,6.4059326171875,0.8511936068534851,0.5571284890174866
5.72937255859375,8.757945556640625,6.4059326171875,1.7873249053955078,0.7222992181777954
5.72937255859375,6.659385986328124,0.8226806640625,0.5837501287460327,0.20229478180408478
2.98797607421875,8.757945556640625,0.8226806640625,0.3566567897796631,0.19169484078884125
8.22687255859375,4.160635986328124,3.9309326171875,1.8994094133377075,0.5476366877555847
5.48547607421875,4.160635986328124,3.9309326171875,1.1415072679519653,0.4562392234802246
8.22687255859375,6.259195556640624,3.9309326171875,2.1874547004699707,0.6390554308891296
8.22687255859375,4.160635986328124,3.2976806640625003,1.763538122177124,0.5047540068626404
5.48547607421875,6.259195556640624,3.2976806640625003,1.2804332971572876,0.5198895931243896
3.23187255859375,9.158135986328125,8.8809326171875,1.0792559385299683,0.6861079931259155
0.49047607421875,9.158135986328125,8.8809326171875,0.3151334524154663,0.45207029581069946
3.23187255859375,1.2616955566406247,8.8809326171875,0.3583916425704956,0.1470835655927658
3.23187255859375,9.158135986328125,8.2476806640625,1.067186951637268,0.6774749755859375
0.49047607421875,1.2616955566406247,8.2476806640625,0.25338971614837646,0.10937398672103882
4.48062255859375,2.9112609863281245,5.1684326171874995,0.8134308457374573,0.36965829133987427
1.73922607421875,2.9112609863281245,5.1684326171874995,0.3203412592411041,0.21045540273189545
4.48062255859375,0.012320556640625,5.1684326171874995,0.24563509225845337,0.0011608967324718833
4.48062255859375,2.9112609863281245,7.0101806640625,0.9332356452941895,0.4335922598838806
1.73922607421875,0.012320556640625,7.0101806640625,0.2445908784866333,0.0012121854815632105
9.47562255859375,7.908760986328124,0.2184326171875,0.7044298648834229,0.15502919256687164
6.73422607421875,7.908760986328124,0.2184326171875,0.4196443557739258,0.11535666137933731
9.47562255859375,5.009820556640625,0.2184326171875,0.39664819836616516,0.0773334726691246
9.47562255859375,7.908760986328124,2.0601806640625,2.210470676422119,0.563346803188324
6.73422607421875,5.009820556640625,2.0601806640625,1.1505202054977417,0.38064295053482056
6.97812255859375,0.412510986328125,7.6434326171875,0.29945629835128784,0.04511162266135216
4.23672607421875,0.412510986328125,7.6434326171875,0.27147176861763,0.04168860986828804
6.97812255859375,7.508570556640624,7.6434326171875,2.1822006702423096,0.7465394735336304
6.97812255859375,0.412510986328125,4.5351806640625,0.276468425989151,0.03639444708824158
4.23672607421875,7.508570556640624,4.5351806640625,1.1533007621765137,0.5845495462417603
1.98312255859375,5.410010986328125,2.6934326171875003,0.3556554913520813,0.2526368200778961
9.23172607421875,5.410010986328125,2.6934326171875003,2.0864667892456055,0.542576014995575
1.98312255859375,2.511070556640625,2.6934326171875003,0.2805652916431427,0.14281944930553436
1.98312255859375,5.410010986328125,9.4851806640625,0.5901997685432434,0.49167150259017944
9.23172607421875,2.511070556640625,9.4851806640625,2.313243865966797,0.6086130738258362
1.35874755859375,4.785323486328124,8.2621826171875,0.4013426899909973,0.3746010363101959
7.3586010742187495,4.785323486328124,8.2621826171875,2.113330841064453,0.6855703592300415
1.35874755859375,9.382633056640625,8.2621826171875,0.5182963013648987,0.5536235570907593
1.35874755859375,4.785323486328124,7.6289306640625,0.39220714569091797,0.3624229431152344
7.3586010742187495,9.382633056640625,7.6289306640625,2.3952507972717285,0.7852394580841064
6.35374755859375,9.782823486328125,3.3121826171875,1.7644996643066406,0.6466319561004639
2.36360107421875,9.782823486328125,3.3121826171875,0.6274207830429077,0.4737275242805481
6.35374755859375,4.385133056640624,3.3121826171875,1.3004980087280273,0.4608522355556488
6.35374755859375,9.782823486328125,2.6789306640625004,1.6454505920410156,0.5990124940872192
2.36360107421875,4.385133056640624,2.6789306640625004,0.3555970788002014,0.21996574103832245
8.85124755859375,2.2865734863281246,5.7871826171875,1.8383733034133911,0.49255043268203735
9.85610107421875,2.2865734863281246,5.7871826171875,2.121429204940796,0.5189980864524841
8.85124755859375,1.8863830566406248,5.7871826171875,1.6493778228759766,0.4370431900024414
8.85124755859375,2.2865734863281246,0.2039306640625,0.2837473452091217,0.04756208136677742
9.85610107421875,1.8863830566406248,0.2039306640625,0.2806156873703003,0.04152818024158478
3.8562475585937497,7.284073486328125,0.8371826171875,0.39162248373031616,0.17540375888347626
4.86110107421875,7.284073486328125,0.8371826171875,0.512582540512085,0.20109817385673523
3.8562475585937497,6.883883056640625,0.8371826171875,0.37561094760894775,0.16568581759929657
3.8562475585937497,7.284073486328125,5.1539306640625,1.0732982158660889,0.5854266881942749
4.86110107421875,6.883883056640625,5.1539306640625,1.348280668258667,0.6150340437889099
2.60749755859375,1.0371984863281247,4.5496826171875,0.2726600170135498,0.08341940492391586
3.6123510742187497,1.0371984863281247,4.5496826171875,0.28946244716644287,0.08508005738258362
2.60749755859375,5.634508056640624,4.5496826171875,0.6104356050491333,0.4184296727180481
2.60749755859375,1.0371984863281247,8.8664306640625,0.2993209660053253,0.1068447157740593
3.6123510742187497,5.634508056640624,8.8664306640625,1.0493788719177246,0.602455198764801
7.6024975585937495,6.034698486328124,9.4996826171875,2.3511645793914795,0.7462981343269348
8.60735107421875,6.034698486328124,9.4996826171875,2.681192636489868,0.7636098861694336
7.6024975585937495,0.637008056640625,9.4996826171875,0.5104673504829407,0.12174554169178009
7.6024975585937495,6.034698486328124,3.9164306640625,1.9733949899673462,0.6161540150642395
8.60735107421875,0.637008056640625,3.9164306640625,0.31759756803512573,0.053564365953207016
5.10499755859375,3.5359484863281248,2.0746826171875,0.5875685811042786,0.22509847581386566
1.11485107421875,3.5359484863281248,2.0746826171875,0.2655991315841675,0.174098402261734
5.10499755859375,3.1357580566406247,2.0746826171875,0.5167020559310913,0.1919645369052887
5.10499755859375,3.5359484863281248,1.4414306640625,0.4117361605167389,0.14457719027996063
1.11485107421875,3.1357580566406247,1.4414306640625,0.258670449256897,0.14873045682907104
0.10999755859375,8.533448486328124,7.0246826171875,0.2541959285736084,0.3808577358722687
6.10985107421875,8.533448486328124,7.0246826171875,1.92741060256958,0.7388589382171631
0.10999755859375,8.133258056640624,7.0246826171875,0.2542463541030884,0.3729182183742523
0.10999755859375,8.533448486328124,6.3914306640625,0.25328829884529114,0.37440118193626404
6.10985107421875,8.133258056640624,6.3914306640625,1.8802739381790161,0.7191147804260254
0.14902099609375002,1.4666711425781247,4.6656982421875,0.24655145406723022,0.11086216568946838
0.60754638671875,1.4666711425781247,4.6656982421875,0.2525016963481903,0.1110735610127449
0.14902099609375002,3.0186291503906246,4.6656982421875,0.248532235622406,0.19256295263767242
0.14902099609375002,1.4666711425781247,3.5683837890625,0.2465105950832367,0.10633505880832672
0.60754638671875,3.0186291503906246,3.5683837890625,0.2585221230983734,0.18271243572235107
5.14402099609375,6.464171142578125,9.6156982421875,1.5891504287719727,0.7007877826690674
5.60254638671875,6.464171142578125,9.6156982421875,1.736197829246521,0.714197039604187
5.14402099609375,8.016129150390626,9.6156982421875,1.6661717891693115,0.7383986711502075
5.14402099609375,6.464171142578125,8.5183837890625,1.5612391233444214,0.6872085928916931
5.60254638671875,8.016129150390626,8.5183837890625,1.788341999053955,0.7378764748573303
7.64152099609375,3.9654211425781245,2.1906982421875,1.2266851663589478,0.36238956451416016
3.1050463867187497,3.9654211425781245,2.1906982421875,0.36872032284736633,0.18836058676242828
7.64152099609375,5.517379150390624,2.1906982421875,1.4925799369812012,0.4510454535484314
7.64152099609375,3.9654211425781245,6.0433837890625,1.9564001560211182,0.6075626015663147
3.1050463867187497,5.517379150390624,6.0433837890625,0.8072136640548706,0.5060784220695496
2.64652099609375,8.962921142578125,7.1406982421875,0.8572791814804077,0.6222736835479736
8.10004638671875,8.962921142578125,7.1406982421875,2.6044716835021973,0.7842572331428528
2.64652099609375,0.5198791503906249,7.1406982421875,0.2634179890155792,0.04981561005115509
2.64652099609375,8.962921142578125,1.0933837890625,0.37352806329727173,0.22550028562545776
8.10004638671875,0.5198791503906249,1.0933837890625,0.2597001791000366,0.028692035004496574
3.8952709960937497,2.716046142578125,8.3781982421875,0.80623859167099,0.41202396154403687
9.34879638671875,2.716046142578125,8.3781982421875,2.3553073406219482,0.6128870844841003
3.8952709960937497,1.7692541503906247,8.3781982421875,0.5833179354667664,0.2729787826538086
3.8952709960937497,2.716046142578125,4.8058837890624995,0.6163627505302429,0.29867011308670044
9.34879638671875,1.7692541503906247,4.8058837890624995,1.5584838390350342,0.3891995847225189
8.89027099609375,7.713546142578124,3.4281982421875004,2.433391809463501,0.6655400991439819
4.3537963867187495,7.713546142578124,3.4281982421875004,1.0875236988067627,0.534367024898529
8.89027099609375,6.766754150390624,3.4281982421875004,2.3483357429504395,0.6403253674507141
8.89027099609375,7.713546142578124,9.7558837890625,2.8932414054870605,0.8032021522521973
4.3537963867187495,6.766754150390624,9.7558837890625,1.3582215309143066,0.6845477223396301
6.39277099609375,0.217296142578125,5.9031982421875,0.26063984632492065,0.02073214389383793
6.85129638671875,0.217296142578125,5.9031982421875,0.2626899182796478,0.020884187892079353
6.39277099609375,9.265504150390624,5.9031982421875,1.9972447156906128,0.7362337112426758
6.39277099609375,0.217296142578125,7.2808837890625,0.2645478844642639,0.02201932482421398
6.85129638671875,9.265504150390624,7.2808837890625,2.2102675437927246,0.7701596617698669
1.39777099609375,5.214796142578124,0.9531982421875,0.2675735354423523,0.17465436458587646
1.85629638671875,5.214796142578124,0.9531982421875,0.27659735083580017,0.1637623906135559
1.39777099609375,4.268004150390625,0.9531982421875,0.2637198269367218,0.1579875946044922
1.39777099609375,5.214796142578124,2.3308837890625003,0.2925841808319092,0.22308208048343658
1.85629638671875,4.268004150390625,2.3308837890625003,0.30056068301200867,0.1939927041530609
2.02214599609375,4.590108642578125,5.2844482421875,0.45533546805381775,0.34553858637809753
4.97817138671875,4.590108642578125,5.2844482421875,1.2013187408447266,0.5281490683555603
2.02214599609375,8.640816650390626,5.2844482421875,0.6152399182319641,0.51851487159729
2.02214599609375,4.590108642578125,0.4746337890625,0.26556041836738586,0.13207942247390747
4.97817138671875,8.640816650390626,0.4746337890625,0.4357011020183563,0.16075192391872406
7.01714599609375,9.587608642578125,0.3344482421875,0.6406520009040833,0.1862795501947403
9.97317138671875,9.587608642578125,0.3344482421875,1.0656036138534546,0.23795074224472046
7.01714599609375,3.6433166503906245,0.3344482421875,0.30562713742256165,0.07001908868551254
7.01714599609375,9.587608642578125,5.4246337890625,2.1842737197875977,0.7431926727294922
9.97317138671875,3.6433166503906245,5.4246337890625,2.5374667644500732,0.6231305003166199
9.51464599609375,2.0913586425781245,7.7594482421875,2.1314337253570557,0.5403837561607361
2.48067138671875,2.0913586425781245,7.7594482421875,0.38741570711135864,0.21914710104465485
9.51464599609375,1.1445666503906249,7.7594482421875,1.4763790369033813,0.3606252670288086
9.51464599609375,2.0913586425781245,7.8996337890625,2.14237904548645,0.543429434299469
2.48067138671875,1.1445666503906249,7.8996337890625,0.2973495423793793,0.11209484934806824
4.51964599609375,7.088858642578124,2.8094482421875,1.0025006532669067,0.4713367521762848
7.47567138671875,7.088858642578124,2.8094482421875,1.8165138959884644,0.571938157081604
4.51964599609375,6.142066650390625,2.8094482421875,0.9324527382850647,0.4336652159690857
4.51964599609375,7.088858642578124,2.9496337890625,1.025458574295044,0.4835618734359741
7.47567138671875,6.142066650390625,2.9496337890625,1.757466197013855,0.5514922738075256
3.27089599609375,0.841983642578125,1.5719482421875002,0.256581574678421,0.05214107781648636
6.22692138671875,0.841983642578125,1.5719482421875002,0.26963940262794495,0.047100622206926346
3.27089599609375,7.391441650390624,1.5719482421875002,0.49854421615600586,0.27450624108314514
3.27089599609375,0.841983642578125,1.7121337890625001,0.2576112151145935,0.05325552076101303
6.22692138671875,7.391441650390624,1.7121337890625001,1.1596801280975342,0.4140889644622803
8.26589599609375,5.8394836425781245,6.5219482421874995,2.4222373962402344,0.7111253142356873
1.23192138671875,5.8394836425781245,6.5219482421874995,0.3834046423435211,0.3795853853225708
8.26589599609375,2.393941650390625,6.5219482421874995,1.7933604717254639,0.5121397376060486
8.26589599609375,5.8394836425781245,6.6621337890625,2.430356740951538,0.7137510776519775
1.23192138671875,2.393941650390625,6.6621337890625,0.28837522864341736,0.18662475049495697
5.76839599609375,3.3407336425781247,4.0469482421875,1.0905787944793701,0.4131748676300049
8.72442138671875,3.3407336425781247,4.0469482421875,1.880435585975647,0.5117440819740295
5.76839599609375,4.892691650390624,4.0469482421875,1.331471562385559,0.5178524255752563
5.76839599609375,3.3407336425781247,9.1371337890625,1.4582819938659668,0.5726613402366638
8.72442138671875,4.892691650390624,9.1371337890625,2.5972917079925537,0.7283995151519775
0.77339599609375,8.338233642578125,8.9969482421875,0.36628633737564087,0.4690622091293335
3.72942138671875,8.338233642578125,8.9969482421875,1.212209701538086,0.6913343667984009
0.77339599609375,9.890191650390625,8.9969482421875,0.38310864567756653,0.5102274417877197
0.77339599609375,8.338233642578125,4.1871337890625,0.30952849984169006,0.3595651686191559
3.72942138671875,9.890191650390625,4.1871337890625,1.0774741172790527,0.60660719871521
1.08558349609375,3.653077392578125,0.6438232421875,0.254524827003479,0.1421210914850235
6.53910888671875,3.653077392578125,0.6438232421875,0.33358511328697205,0.08659999817609787
1.08558349609375,0.20753540039062499,0.6438232421875,0.24563433229923248,0.014019818045198917
1.08558349609375,3.653077392578125,6.3527587890624995,0.30432751774787903,0.25310561060905457
6.53910888671875,0.20753540039062499,6.3527587890624995,0.26155370473861694,0.020239733159542084
6.08058349609375,8.650577392578125,5.5938232421875,1.8523082733154297,0.7105693817138672
1.54410888671875,8.650577392578125,5.5938232421875,0.501410722732544,0.48724129796028137
6.08058349609375,5.205035400390624,5.5938232421875,1.6133323907852173,0.6102081537246704
6.08058349609375,8.650577392578125,1.4027587890625002,1.090475082397461,0.3954298794269562
1.54410888671875,5.205035400390624,1.4027587890625002,0.278668612241745,0.1875280886888504
8.57808349609375,1.1543273925781248,3.1188232421875,0.5216089487075806,0.11851823329925537
9.03660888671875,1.1543273925781248,3.1188232421875,0.590637743473053,0.13164156675338745
8.57808349609375,7.7037854003906245,3.1188232421875,2.271501302719116,0.6393481492996216
8.57808349609375,1.1543273925781248,3.8777587890625003,0.7115353941917419,0.1725727766752243
9.03660888671875,7.7037854003906245,3.8777587890625003,2.5582826137542725,0.6916666030883789
3.58308349609375,6.151827392578125,8.0688232421875,1.050331711769104,0.6078085899353027
4.04160888671875,6.151827392578125,8.0688232421875,1.1882517337799072,0.6293295621871948
3.58308349609375,2.7062854003906245,8.0688232421875,0.7173017859458923,0.38447296619415283
3.58308349609375,6.151827392578125,8.8277587890625,1.0691983699798584,0.6201748251914978
4.04160888671875,2.7062854003906245,8.8277587890625,0.8562573790550232,0.42850229144096375
4.83183349609375,2.4037023925781247,6.8313232421875,0.9022674560546875,0.38894906640052795
2.79285888671875,2.4037023925781247,6.8313232421875,0.4552696645259857,0.26025915145874023
4.83183349609375,3.9556604003906246,6.8313232421875,1.1812098026275635,0.5319393873214722
4.83183349609375,2.4037023925781247,5.1152587890625,0.7763364315032959,0.3263101279735565
2.79285888671875,3.9556604003906246,5.1152587890625,0.564366340637207,0.3555586040019989
9.82683349609375,7.401202392578124,1.8813232421875001,2.1674673557281494,0.532105565071106
7.78785888671875,7.401202392578124,1.8813232421875001,1.6216158866882324,0.4855765104293823
9.82683349609375,8.953160400390624,1.8813232421875001,2.3184194564819336,0.5725937485694885
9.82683349609375,7.401202392578124,0.16525878906250002,0.6315616965293884,0.13135290145874023
7.78785888671875,8.953160400390624,0.16525878906250002,0.5395722389221191,0.13676977157592773
7.32933349609375,4.902452392578125,9.3063232421875,2.1552252769470215,0.7031236290931702
0.29535888671875,4.902452392578125,9.3063232421875,0.26616865396499634,0.3051273822784424
7.32933349609375,6.454410400390624,9.3063232421875,2.287154197692871,0.7499279379844666
7.32933349609375,4.902452392578125,2.6402587890625,1.4725279808044434,0.4623400866985321
0.29535888671875,6.454410400390624,2.6402587890625,0.2545397877693176,0.2771664261817932
2.3343334960937496,9.899952392578125,4.3563232421875,0.6913354992866516,0.5362004637718201
5.29035888671875,9.899952392578125,4.3563232421875,1.5654250383377075,0.6721895337104797
2.3343334960937496,1.4569104003906248,4.3563232421875,0.2805691063404083,0.11030053347349167
2.3343334960937496,9.899952392578125,7.5902587890625,0.7983015179634094,0.6335166096687317
5.29035888671875,1.4569104003906248,7.5902587890625,0.715441882610321,0.2696005403995514
1.70995849609375,0.5296398925781249,9.9250732421875,0.2603377103805542,0.05380335822701454
8.41223388671875,0.5296398925781249,9.9250732421875,0.46335068345069885,0.09559716284275055
1.70995849609375,5.829722900390625,9.9250732421875,0.5431922078132629,0.4932302236557007
1.70995849609375,0.5296398925781249,9.4465087890625,0.259372740983963,0.053065694868564606
8.41223388671875,5.829722900390625,9.4465087890625,2.598250150680542,0.7546572089195251
6.70495849609375,5.527139892578124,4.9750732421874995,1.7813608646392822,0.6208032965660095
3.41723388671875,5.527139892578124,4.9750732421874995,0.8343238234519958,0.4856841266155243
6.70495849609375,0.832222900390625,4.9750732421874995,0.35750526189804077,0.08320605009794235
6.70495849609375,5.527139892578124,4.4965087890625,1.729332447052002,0.6008941531181335
3.41723388671875,0.832222900390625,4.4965087890625,0.2746269404888153,0.06870289146900177
9.20245849609375,3.0283898925781245,7.4500732421875,2.340298652648926,0.6178019642829895
5.91473388671875,3.0283898925781245,7.4500732421875,1.3683350086212158,0.5209121704101562
9.20245849609375,3.3309729003906248,7.4500732421875,2.4132463932037354,0.638737678527832
9.20245849609375,3.0283898925781245,2.0215087890625,1.2466222047805786,0.30815738439559937
5.91473388671875,3.3309729003906248,2.0215087890625,0.6756659746170044,0.23255974054336548
4.20745849609375,8.025889892578125,2.5000732421875003,0.9235550165176392,0.4581698179244995
0.91973388671875,8.025889892578125,2.5000732421875003,0.2915598452091217,0.29489991068840027
4.20745849609375,8.328472900390626,2.5000732421875003,0.9395134449005127,0.46732842922210693
4.20745849609375,8.025889892578125,6.9715087890625,1.2973220348358154,0.6708946824073792
0.91973388671875,8.328472900390626,6.9715087890625,0.3761468827724457,0.44872215390205383
2.9587084960937498,4.277764892578125,3.7375732421875,0.5334579944610596,0.3181134760379791
2.1684838867187497,4.277764892578125,3.7375732421875,0.39045199751853943,0.26605936884880066
2.9587084960937498,9.577847900390625,3.7375732421875,0.8123084902763367,0.5350898504257202
2.9587084960937498,4.277764892578125,8.2090087890625,0.7511951923370361,0.4811843931674957
2.1684838867187497,9.577847900390625,8.2090087890625,0.7531800866127014,0.6261724829673767
7.95370849609375,9.275264892578125,8.6875732421875,2.623161554336548,0.804296612739563
7.16348388671875,9.275264892578125,8.6875732421875,2.359161615371704,0.7924267053604126
7.95370849609375,4.580347900390625,8.6875732421875,2.295400619506836,0.696408748626709
7.95370849609375,9.275264892578125,3.2590087890625004,2.219454050064087,0.6706828474998474
7.16348388671875,4.580347900390625,3.2590087890625004,1.5364606380462646,0.4952086806297302
5.45620849609375,1.7790148925781248,1.2625732421875002,0.2887032628059387,0.07401250302791595
4.66598388671875,1.7790148925781248,1.2625732421875002,0.28056764602661133,0.07722656428813934
5.45620849609375,2.0815979003906246,1.2625732421875002,0.2995968759059906,0.08170793950557709
5.45620849609375,1.7790148925781248,0.7840087890625,0.27558907866477966,0.06485030800104141
4.66598388671875,2.0815979003906246,0.7840087890625,0.27459123730659485,0.0741589218378067
0.46120849609375003,6.776514892578124,6.2125732421875,0.2812384068965912,0.3458976149559021
9.66098388671875,6.776514892578124,6.2125732421875,2.9341697692871094,0.7520643472671509
0.46120849609375003,7.079097900390624,6.2125732421875,0.2832200825214386,0.3550664484500885
0.46120849609375003,6.776514892578124,5.7340087890625,0.2782861590385437,0.3378579616546631
9.66098388671875,7.079097900390624,5.7340087890625,2.922314405441284,0.7486814856529236
0.6173022460937501,3.8092492675781244,7.6047607421875,0.27824267745018005,0.2580725848674774
5.13426513671875,3.8092492675781244,7.6047607421875,1.2851917743682861,0.5534937381744385
0.6173022460937501,4.111832275390625,7.6047607421875,0.2813120186328888,0.2723805904388428
0.6173022460937501,3.8092492675781244,7.1261962890624995,0.2763470709323883,0.25347962975502014
5.13426513671875,4.111832275390625,7.1261962890624995,1.3024389743804932,0.5620126724243164
5.6123022460937495,8.806749267578125,2.6547607421875004,1.3744932413101196,0.5514045357704163
0.13926513671875002,8.806749267578125,2.6547607421875004,0.2504955530166626,0.3291204869747162
5.6123022460937495,9.109332275390624,2.6547607421875004,1.3914475440979004,0.5589876174926758
5.6123022460937495,8.806749267578125,2.1761962890625,1.2584879398345947,0.5000998377799988
0.13926513671875002,9.109332275390624,2.1761962890625,0.2504975497722626,0.3255179226398468
8.10980224609375,1.3104992675781248,5.1297607421875,0.992389976978302,0.2682630717754364
7.63176513671875,1.3104992675781248,5.1297607421875,0.8924989700317383,0.25125324726104736
8.10980224609375,6.610582275390624,5.1297607421875,2.332317590713501,0.6949508190155029
8.10980224609375,1.3104992675781248,4.6511962890625,0.9154565334320068,0.24449566006660461
7.63176513671875,6.610582275390624,4.6511962890625,2.1334755420684814,0.6685508489608765
3.11480224609375,6.307999267578125,0.1797607421875,0.27866220474243164,0.11595752090215683
2.6367651367187497,6.307999267578125,0.1797607421875,0.2735651433467865,0.12442325800657272
3.11480224609375,1.6130822753906249,0.1797607421875,0.2535831332206726,0.06067962199449539
3.11480224609375,6.307999267578125,9.6011962890625,0.9532147645950317,0.6125197410583496
2.6367651367187497,1.6130822753906249,9.6011962890625,0.3712999224662781,0.18698911368846893
4.36355224609375,0.061124267578124995,3.8922607421875,0.24656617641448975,0.005423191003501415
3.88551513671875,0.061124267578124995,3.8922607421875,0.24659483134746552,0.005435120314359665
4.36355224609375,0.363707275390625,3.8922607421875,0.25759923458099365,0.030601100996136665
4.36355224609375,0.061124267578124995,5.8886962890625,0.24765083193778992,0.00585136516019702
3.88551513671875,0.363707275390625,5.8886962890625,0.2615465223789215,0.03408730775117874
9.35855224609375,5.058624267578124,8.8422607421875,2.8111355304718018,0.7411773204803467
8.88051513671875,5.058624267578124,8.8422607421875,2.6551918983459473,0.7332509756088257
9.35855224609375,5.361207275390624,8.8422607421875,2.8434085845947266,0.7503240704536438
9.35855224609375,5.058624267578124,0.9386962890625,1.0575346946716309,0.25173431634902954
8.88051513671875,5.361207275390624,0.9386962890625,1.0236995220184326,0.25546979904174805
6.86105224609375,2.5598742675781248,1.4172607421875,0.41754844784736633,0.11225033551454544
1.38801513671875,2.5598742675781248,1.4172607421875,0.2586142420768738,0.1265481859445572
6.86105224609375,7.859957275390625,1.4172607421875,1.215654730796814,0.3983663022518158
6.86105224609375,2.5598742675781248,3.4136962890625,1.0385444164276123,0.3321646749973297
1.38801513671875,7.859957275390625,3.4136962890625,0.373379647731781,0.35129308700561523
1.86605224609375,7.557374267578124,6.3672607421875,0.5771967768669128,0.5063364505767822
6.3830151367187495,7.557374267578124,6.3672607421875,1.9362910985946655,0.7127220630645752
1.86605224609375,2.8624572753906246,6.3672607421875,0.3524117171764374,0.23726773262023926
1.86605224609375,7.557374267578124,8.3636962890625,0.6181905269622803,0.5502735376358032
6.3830151367187495,2.8624572753906246,8.3636962890625,1.512261986732483,0.5424129962921143
2.4904272460937498,1.9351867675781247,2.0360107421875,0.2715476155281067,0.10646237432956696
9.50489013671875,1.9351867675781247,2.0360107421875,0.8295561075210571,0.18816852569580078
2.4904272460937498,9.734019775390625,2.0360107421875,0.5206353664398193,0.3632552921772003
2.4904272460937498,1.9351867675781247,8.9824462890625,0.39120468497276306,0.21861280500888824
9.50489013671875,9.734019775390625,8.9824462890625,3.172192096710205,0.8308513164520264
7.48542724609375,6.932686767578124,6.9860107421875,2.283332347869873,0.7335546016693115
4.50989013671875,6.932686767578124,6.9860107421875,1.3393207788467407,0.6531573534011841
7.48542724609375,4.736519775390625,6.9860107421875,2.0853488445281982,0.6646015048027039
7.48542724609375,6.932686767578124,4.0324462890625,2.0373804569244385,0.6476287245750427
4.50989013671875,4.736519775390625,4.0324462890625,0.972355842590332,0.4545299708843231
9.98292724609375,4.433936767578125,4.5110107421875,2.571312665939331,0.6312451958656311
7.00739013671875,4.433936767578125,4.5110107421875,1.6833893060684204,0.5593070983886719
9.98292724609375,2.2377697753906247,4.5110107421875,1.9274078607559204,0.4612235724925995
9.98292724609375,4.433936767578125,1.5574462890625,1.5357544422149658,0.3588138222694397
7.00739013671875,2.2377697753906247,1.5574462890625,0.39961957931518555,0.10369329154491425
4.98792724609375,9.431436767578125,9.4610107421875,1.6632217168807983,0.7580655813217163
2.01239013671875,9.431436767578125,9.4610107421875,0.7212775349617004,0.6293674111366272
4.98792724609375,7.235269775390624,9.4610107421875,1.5772738456726074,0.7148822546005249
4.98792724609375,9.431436767578125,6.5074462890625,1.5802518129348755,0.7166793346405029
2.01239013671875,7.235269775390624,6.5074462890625,0.6093032956123352,0.511420726776123
3.73917724609375,3.1845617675781246,5.7485107421874995,0.7262925505638123,0.37841516733169556
0.76364013671875,3.1845617675781246,5.7485107421874995,0.2733032703399658,0.21396616101264954
3.73917724609375,5.985894775390625,5.7485107421874995,0.9993493556976318,0.5536466836929321
3.73917724609375,3.1845617675781246,7.7449462890625,0.8202358484268188,0.436822772026062
0.76364013671875,5.985894775390625,7.7449462890625,0.32220083475112915,0.36547496914863586
8.73417724609375,8.182061767578125,0.7985107421875,1.2245603799819946,0.3179757595062256
5.75864013671875,8.182061767578125,0.7985107421875,0.6876572966575623,0.2448526918888092
8.73417724609375,0.9883947753906249,0.7985107421875,0.2725805640220642,0.03974885866045952
8.73417724609375,8.182061767578125,2.7949462890625,2.276454448699951,0.6297476291656494
5.75864013671875,0.9883947753906249,2.7949462890625,0.29292866587638855,0.06610511243343353
6.23667724609375,0.6858117675781249,8.2235107421875,0.3753594756126404,0.09029784053564072
3.26114013671875,0.6858117675781249,8.2235107421875,0.28454455733299255,0.07026001811027527
6.23667724609375,3.487144775390625,8.2235107421875,1.586215615272522,0.5846807360649109
6.23667724609375,0.6858117675781249,0.3199462890625,0.25364091992378235,0.03055594488978386
3.26114013671875,3.487144775390625,0.3199462890625,0.2676938474178314,0.0937872901558876
1.24167724609375,5.683311767578124,3.2735107421875003,0.30945131182670593,0.2690568268299103
8.25614013671875,5.683311767578124,3.2735107421875003,2.00454044342041,0.5789209604263306
1.24167724609375,8.484644775390626,3.2735107421875003,0.3545039892196655,0.3509204387664795
1.24167724609375,5.683311767578124,5.2699462890625,0.35629141330718994,0.3381633758544922
8.25614013671875,8.484644775390626,5.2699462890625,2.5203192234039307,0.7429749965667725
0.92948974609375,0.9981555175781249,7.2953857421874995,0.25633689761161804,0.0880517065525055
1.70020263671875,0.9981555175781249,7.2953857421874995,0.2684275805950165,0.09061253815889359
0.92948974609375,1.3007385253906247,7.2953857421874995,0.26030221581459045,0.11119884997606277
0.92948974609375,0.9981555175781249,3.1043212890625003,0.250750869512558,0.0740305483341217
1.70020263671875,1.3007385253906247,3.1043212890625003,0.2605588436126709,0.09131623059511185
5.92448974609375,5.9956555175781245,2.3453857421875,1.165539264678955,0.43586990237236023
6.69520263671875,5.9956555175781245,2.3453857421875,1.3616689443588257,0.462198406457901
5.92448974609375,6.298238525390625,2.3453857421875,1.195618748664856,0.4485742151737213
5.92448974609375,5.9956555175781245,8.0543212890625,1.7622172832489014,0.689262330532074
6.69520263671875,6.298238525390625,8.0543212890625,2.0302958488464355,0.7176719307899475
8.42198974609375,3.4969055175781247,9.7703857421875,2.319248676300049,0.6668268442153931
4.19770263671875,3.4969055175781247,9.7703857421875,1.0481841564178467,0.5258731245994568
8.42198974609375,8.796988525390626,9.7703857421875,2.7889912128448486,0.8133293390274048
8.42198974609375,3.4969055175781247,5.5793212890624995,2.0553863048553467,0.5839590430259705
4.19770263671875,8.796988525390626,5.5793212890624995,1.2663661241531372,0.65470951795578
3.4269897460937497,8.494405517578125,4.8203857421875,0.9814221858978271,0.5863572955131531
9.19270263671875,8.494405517578125,4.8203857421875,2.7833049297332764,0.7453569769859314
3.4269897460937497,3.7994885253906245,4.8203857421875,0.6723066568374634,0.37297043204307556
3.4269897460937497,8.494405517578125,0.6293212890625,0.3485889136791229,0.16554303467273712
9.19270263671875,3.7994885253906245,0.6293212890625,0.5155505537986755,0.11068934202194214
4.6757397460937495,4.746280517578125,1.1078857421875001,0.3995768129825592,0.1512068212032318
7.94395263671875,4.746280517578125,1.1078857421875001,0.8806424736976624,0.2398691326379776
4.6757397460937495,2.550113525390625,1.1078857421875001,0.29563450813293457,0.09158740192651749
4.6757397460937495,4.746280517578125,4.3418212890625,1.0503579378128052,0.4804324805736542
7.94395263671875,2.550113525390625,4.3418212890625,1.4834777116775513,0.4311782717704773
9.67073974609375,9.743780517578125,6.0578857421875,3.1052205562591553,0.7983903288841248
2.94895263671875,9.743780517578125,6.0578857421875,0.9372953772544861,0.6317524313926697
9.67073974609375,7.5476135253906245,6.0578857421875,2.9832520484924316,0.7648149728775024
9.67073974609375,9.743780517578125,9.2918212890625,3.237156391143799,0.834954023361206
2.94895263671875,7.5476135253906245,9.2918212890625,0.9481540322303772,0.6383025050163269
7.17323974609375,2.2475305175781246,3.5828857421875,1.0335159301757812,0.31657907366752625
5.44645263671875,2.2475305175781246,3.5828857421875,0.671566903591156,0.24694737792015076
7.17323974609375,5.048863525390624,3.5828857421875,1.6734596490859985,0.5435010194778442
7.17323974609375,2.2475305175781246,6.8168212890625,1.4622879028320312,0.4677809774875641
5.44645263671875,5.048863525390624,6.8168212890625,1.4823427200317383,0.615411639213562
2.17823974609375,7.245030517578124,8.5328857421875,0.6981995105743408,0.5676793456077576
0.45145263671875,7.245030517578124,8.5328857421875,0.29417115449905396,0.3902938663959503
2.17823974609375,0.05136352539062499,8.5328857421875,0.24662558734416962,0.005236281547695398
2.17823974609375,7.245030517578124,1.8668212890625002,0.37173545360565186,0.25727006793022156
0.45145263671875,0.05136352539062499,1.8668212890625002,0.24457663297653198,0.004076075274497271
1.55386474609375,2.8722180175781244,2.9641357421875,0.2786012291908264,0.16426926851272583
3.5733276367187496,2.8722180175781244,2.9641357421875,0.40344852209091187,0.18705464899539948
1.55386474609375,6.922926025390624,2.9641357421875,0.3574814200401306,0.3047066032886505
1.55386474609375,2.8722180175781244,1.2480712890625,0.2615867257118225,0.1307404339313507
3.5733276367187496,6.922926025390624,1.2480712890625,0.44763633608818054,0.22235286235809326
6.54886474609375,7.8697180175781245,7.9141357421875,2.0713071823120117,0.7489197254180908
8.56832763671875,7.8697180175781245,7.9141357421875,2.7361509799957275,0.7836969494819641
6.54886474609375,1.9254260253906248,7.9141357421875,1.2472892999649048,0.426222026348114
6.54886474609375,7.8697180175781245,6.1980712890625,1.9973427057266235,0.719732403755188
8.56832763671875,1.9254260253906248,6.1980712890625,1.643388032913208,0.4492033123970032
9.04636474609375,0.373468017578125,0.4891357421875,0.252616822719574,0.019075633957982063
1.07582763671875,0.373468017578125,0.4891357421875,0.24555504322052002,0.02363744005560875
9.04636474609375,4.424176025390625,0.4891357421875,0.49960917234420776,0.10809643566608429
9.04636474609375,0.373468017578125,8.6730712890625,0.3295157551765442,0.04667145758867264
1.07582763671875,4.424176025390625,8.6730712890625,0.3451503813266754,0.33219918608665466
4.05136474609375,5.370968017578124,5.4391357421875,1.0252898931503296,0.5311959981918335
6.07082763671875,5.370968017578124,5.4391357421875,1.6153249740600586,0.6119664311408997
4.05136474609375,9.421676025390624,5.4391357421875,1.2372472286224365,0.6584235429763794
4.05136474609375,5.370968017578124,3.7230712890625,0.8803856372833252,0.4464907944202423
6.07082763671875,9.421676025390624,3.7230712890625,1.7194335460662842,0.6559131145477295
2.80261474609375,1.6228430175781248,9.1516357421875,0.38426050543785095,0.1908842772245407
7.3195776367187495,1.6228430175781248,9.1516357421875,1.3744206428527832,0.4280807375907898
2.80261474609375,8.172301025390626,9.1516357421875,0.9231519103050232,0.645847499370575
2.80261474609375,1.6228430175781248,2.4855712890625004,0.2746499478816986,0.09843175858259201
7.3195776367187495,8.172301025390626,2.4855712890625004,1.774568796157837,0.568936824798584
7.79761474609375,6.620343017578124,4.2016357421874995,2.1303319931030273,0.6538054347038269
2.32457763671875,6.620343017578124,4.2016357421874995,0.5714213252067566,0.42402538657188416
7.79761474609375,3.1748010253906247,4.2016357421874995,1.6094920635223389,0.4805159866809845
7.79761474609375,6.620343017578124,7.4355712890625,2.38417911529541,0.739367663860321
2.32457763671875,3.1748010253906247,7.4355712890625,0.4783548414707184,0.3251217305660248
5.30011474609375,4.121593017578125,6.6766357421875,1.3282619714736938,0.5580636858940125
9.81707763671875,4.121593017578125,6.6766357421875,2.7063534259796143,0.6788197755813599
5.30011474609375,0.676051025390625,6.6766357421875,0.31142765283584595,0.06998218595981598
5.30011474609375,4.121593017578125,9.9105712890625,1.4523199796676636,0.6166048645973206
9.81707763671875,0.676051025390625,9.9105712890625,1.0312947034835815,0.23243270814418793
0.30511474609375,9.119093017578125,1.7266357421875,0.2555927336215973,0.3060562014579773
4.82207763671875,9.119093017578125,1.7266357421875,0.9477613568305969,0.4181360602378845
0.30511474609375,5.6735510253906245,1.7266357421875,0.2515909969806671,0.2403414100408554
0.30511474609375,9.119093017578125,4.9605712890625,0.26927655935287476,0.37630778551101685
4.82207763671875,5.6735510253906245,4.9605712890625,1.2353706359863281,0.5615267753601074
0.22706787109375,2.637960205078125,6.4446044921875,0.2513931095600128,0.18548919260501862
8.49028076171875,2.637960205078125,6.4446044921875,1.934415578842163,0.5423519015312195
0.22706787109375,9.187418212890625,6.4446044921875,0.2662365436553955,0.3953234851360321
0.22706787109375,2.637960205078125,1.7894775390625002,0.24766649305820465,0.14983569085597992
8.49028076171875,9.187418212890625,1.7894775390625002,1.9195555448532104,0.5376375913619995
5.22206787109375,7.635460205078124,1.4946044921875001,0.8688046932220459,0.3517044186592102
3.49528076171875,7.635460205078124,1.4946044921875001,0.5315061211585999,0.2811189889907837
5.22206787109375,4.189918212890625,1.4946044921875001,0.5327156782150269,0.1964043825864792
5.22206787109375,7.635460205078124,6.7394775390624995,1.588254451751709,0.6909167170524597
3.49528076171875,4.189918212890625,6.7394775390624995,0.8364518284797668,0.4756591320037842
7.71956787109375,0.13921020507812498,8.9196044921875,0.26151320338249207,0.014747164212167263
5.99278076171875,0.13921020507812498,8.9196044921875,0.25759074091911316,0.014582574367523193
7.71956787109375,1.6911682128906247,8.9196044921875,1.5052111148834229,0.4505806267261505
7.71956787109375,0.13921020507812498,9.2144775390625,0.26251691579818726,0.014923660084605217
5.99278076171875,1.6911682128906247,9.2144775390625,1.0702673196792603,0.3884274363517761
2.72456787109375,5.136710205078124,3.9696044921875004,0.5684239864349365,0.3695942461490631
0.9977807617187501,5.136710205078124,3.9696044921875004,0.2945931851863861,0.26741063594818115
2.72456787109375,6.688668212890624,3.9696044921875004,0.6553747057914734,0.4423326253890991
2.72456787109375,5.136710205078124,4.2644775390625,0.5894055366516113,0.38629645109176636
0.9977807617187501,6.688668212890624,4.2644775390625,0.320363312959671,0.3274318277835846
3.97331787109375,1.3885852050781249,0.2571044921875,0.25567200779914856,0.053235236555337906
2.2465307617187498,1.3885852050781249,0.2571044921875,0.2506454586982727,0.061293743550777435
3.97331787109375,5.439293212890624,0.2571044921875,0.2876329720020294,0.10241126269102097
3.97331787109375,1.3885852050781249,0.5519775390625,0.2586383521556854,0.058313023298978806
2.2465307617187498,5.439293212890624,0.5519775390625,0.27474746108055115,0.14147382974624634
8.96831787109375,6.386085205078125,5.2071044921875,2.5932881832122803,0.707385778427124
7.24153076171875,6.386085205078125,5.2071044921875,2.0475001335144043,0.672171950340271
8.96831787109375,0.44179321289062495,5.2071044921875,0.3045387268066406,0.042575761675834656
8.96831787109375,6.386085205078125,5.5019775390625,2.620274543762207,0.7154304385185242
7.24153076171875,0.44179321289062495,5.5019775390625,0.2895964980125427,0.04220426827669144
6.47081787109375,3.8873352050781245,2.7321044921875,1.111426830291748,0.37973734736442566
4.74403076171875,3.8873352050781245,2.7321044921875,0.7246436476707458,0.3087179958820343
6.47081787109375,2.9405432128906246,2.7321044921875,0.899587094783783,0.2981514632701874
6.47081787109375,3.8873352050781245,7.9769775390625,1.709244966506958,0.613489031791687
4.74403076171875,2.9405432128906246,7.9769775390625,1.0532443523406982,0.4736654460430145
1.47581787109375,8.884835205078126,7.6821044921875,0.5321899056434631,0.5412216782569885
9.73903076171875,8.884835205078126,7.6821044921875,3.170073986053467,0.8109048008918762
1.47581787109375,7.938043212890625,7.6821044921875,0.5123451948165894,0.5133671164512634
1.47581787109375,8.884835205078126,3.0269775390625,0.39045250415802,0.3630073070526123
9.73903076171875,7.938043212890625,3.0269775390625,2.623302936553955,0.6605018973350525
2.10019287109375,0.7638977050781249,3.3508544921875,0.2565767765045166,0.058875247836112976
6.61715576171875,0.7638977050781249,3.3508544921875,0.2956896424293518,0.05745667591691017
2.10019287109375,4.814605712890624,3.3508544921875,0.38646140694618225,0.2708624303340912
2.10019287109375,0.7638977050781249,4.8832275390625,0.2606064975261688,0.06436473876237869
6.61715576171875,4.814605712890624,4.8832275390625,1.664339303970337,0.5832308530807495
7.09519287109375,5.761397705078124,8.3008544921875,2.1262903213500977,0.7144486308097839
1.62215576171875,5.761397705078124,8.3008544921875,0.496223509311676,0.45504918694496155
7.09519287109375,9.812105712890625,8.3008544921875,2.345168352127075,0.7945098280906677
7.09519287109375,5.761397705078124,9.8332275390625,2.1742541790008545,0.7320839166641235
1.62215576171875,9.812105712890625,9.8332275390625,0.6182304620742798,0.6118791103363037
9.59269287109375,3.2626477050781246,0.8758544921875,0.633679211139679,0.13603748381137848
9.11465576171875,3.2626477050781246,0.8758544921875,0.5735191106796265,0.1270240843296051
9.59269287109375,7.313355712890624,0.8758544921875,1.3736592531204224,0.3297061622142792
9.59269287109375,3.2626477050781246,7.3582275390625,2.512387275695801,0.6408066749572754
9.11465576171875,7.313355712890624,7.3582275390625,2.860193967819214,0.7743502855300903
4.5976928710937495,8.260147705078126,5.8258544921875,1.3802571296691895,0.664146900177002
4.11965576171875,8.260147705078126,5.8258544921875,1.2332706451416016,0.6460956931114197
4.5976928710937495,2.3158557128906248,5.8258544921875,0.7584717869758606,0.3312329947948456
4.5976928710937495,8.260147705078126,2.4082275390625,1.0175249576568604,0.4726109504699707
4.11965576171875,2.3158557128906248,2.4082275390625,0.3385586142539978,0.12775741517543793
3.3489428710937497,4.512022705078125,9.5383544921875,0.9081785082817078,0.5430644154548645
2.87090576171875,4.512022705078125,9.5383544921875,0.7752296328544617,0.5123768448829651
3.3489428710937497,1.0664807128906248,9.5383544921875,0.3403758108615875,0.1250276416540146
3.3489428710937497,4.512022705078125,3.6457275390625004,0.6285300254821777,0.35238462686538696
2.87090576171875,1.0664807128906248,3.6457275390625004,0.27161550521850586,0.07986035943031311
8.34394287109375,9.509522705078124,4.5883544921874995,2.5414047241210938,0.7419736385345459
7.86590576171875,9.509522705078124,4.5883544921874995,2.386242151260376,0.7335460782051086
8.34394287109375,6.063980712890625,4.5883544921874995,2.296293020248413,0.6647164225578308
8.34394287109375,9.509522705078124,8.5957275390625,2.760200023651123,0.8115042448043823
7.86590576171875,6.063980712890625,8.5957275390625,2.411133050918579,0.7423076033592224
5.84644287109375,2.013272705078125,7.0633544921875,1.04828679561615,0.3886018395423889
0.37340576171875,2.013272705078125,7.0633544921875,0.25334790349006653,0.1543247550725937
5.84644287109375,8.562730712890625,7.0633544921875,1.8443423509597778,0.7336653470993042
5.84644287109375,2.013272705078125,6.1207275390625,0.9783572554588318,0.3590010404586792
0.37340576171875,8.562730712890625,6.1207275390625,0.2793642580509186,0.38534435629844666
0.85144287109375,7.010772705078124,2.1133544921875003,0.27659547328948975,0.26360365748405457
5.3684057617187495,7.010772705078124,2.1133544921875003,1.055543303489685,0.4274900555610657
0.85144287109375,3.5652307128906244,2.1133544921875003,0.25966304540634155,0.17863810062408447
0.85144287109375,7.010772705078124,1.1707275390625,0.2645843029022217,0.22925981879234314
5.3684057617187495,3.5652307128906244,1.1707275390625,0.372550904750824,0.12112753093242645
1.1636303710937501,2.3256164550781246,8.6102294921875,0.2932978570461273,0.19658920168876648
4.4318432617187495,2.3256164550781246,8.6102294921875,0.8663091063499451,0.39994144439697266
1.1636303710937501,6.376324462890625,8.6102294921875,0.41314780712127686,0.4394754469394684
1.1636303710937501,2.3256164550781246,8.2863525390625,0.2922409176826477,0.19464513659477234
4.4318432617187495,6.376324462890625,8.2863525390625,1.3272833824157715,0.6565684080123901
6.15863037109375,7.323116455078124,3.6602294921875003,1.6144776344299316,0.603682816028595
9.42684326171875,7.323116455078124,3.6602294921875003,2.6112921237945557,0.6786330938339233
6.15863037109375,1.3788244628906248,3.6602294921875003,0.4476664960384369,0.131256103515625
6.15863037109375,7.323116455078124,3.3363525390625,1.5633759498596191,0.5827009677886963
9.42684326171875,1.3788244628906248,3.3363525390625,0.9304857850074768,0.21615135669708252
8.65613037109375,4.824366455078125,6.1352294921874995,2.4052250385284424,0.6749501824378967
1.9343432617187502,4.824366455078125,6.1352294921874995,0.47860127687454224,0.38154882192611694
8.65613037109375,3.8775744628906246,6.1352294921874995,2.2573366165161133,0.6299940943717957
8.65613037109375,4.824366455078125,0.8613525390625,0.8336008787155151,0.20702967047691345
1.9343432617187502,3.8775744628906246,0.8613525390625,0.26763442158699036,0.13671424984931946
3.66113037109375,9.821866455078125,1.1852294921875002,0.573560357093811,0.29747170209884644
6.92934326171875,9.821866455078125,1.1852294921875002,1.2497849464416504,0.40728136897087097
3.66113037109375,8.875074462890625,1.1852294921875002,0.5355753302574158,0.27338963747024536
3.66113037109375,9.821866455078125,5.8113525390625,1.1472336053848267,0.6611112356185913
6.92934326171875,8.875074462890625,5.8113525390625,2.148376226425171,0.7387231588363647
4.90988037109375,3.5749914550781248,4.8977294921875,1.0134419202804565,0.44039660692214966
5.68059326171875,3.5749914550781248,4.8977294921875,1.2164312601089478,0.47413626313209534
4.90988037109375,7.6256994628906245,4.8977294921875,1.3873448371887207,0.6293398141860962
4.90988037109375,3.5749914550781248,9.5238525390625,1.2561886310577393,0.5616549849510193
5.68059326171875,7.6256994628906245,9.5238525390625,1.8212933540344238,0.7431539297103882
9.90488037109375,8.572491455078126,9.8477294921875,3.281019687652588,0.8277099132537842
0.68559326171875,8.572491455078126,9.8477294921875,0.35604164004325867,0.4761544466018677
9.90488037109375,2.628199462890625,9.8477294921875,2.574162006378174,0.6382426023483276
9.90488037109375,8.572491455078126,4.5738525390625,2.992280960083008,0.7492921948432922
0.68559326171875,2.628199462890625,4.5738525390625,0.2614766061306,0.17502343654632568
7.40738037109375,1.0762414550781247,2.4227294921875,0.31667572259902954,0.06596947461366653
8.17809326171875,1.0762414550781247,2.4227294921875,0.33373016119003296,0.06679298728704453
7.40738037109375,0.12944946289062498,2.4227294921875,0.24968735873699188,0.010267323814332485
7.40738037109375,1.0762414550781247,2.0988525390625,0.3036702573299408,0.060849934816360474
8.17809326171875,0.12944946289062498,2.0988525390625,0.24959821999073029,0.009947317652404308
2.4123803710937497,6.073741455078125,7.3727294921875,0.6932531595230103,0.5185564160346985
3.1830932617187497,6.073741455078125,7.3727294921875,0.9092776775360107,0.5697361826896667
2.4123803710937497,5.126949462890624,7.3727294921875,0.6452550292015076,0.4733942747116089
2.4123803710937497,6.073741455078125,7.0488525390625,0.6852166652679443,0.5113688707351685
3.1830932617187497,5.126949462890624,7.0488525390625,0.8412092328071594,0.5194815993309021
1.78800537109375,4.199678955078125,1.8039794921875,0.2846349775791168,0.17552193999290466
0.06121826171875,4.199678955078125,1.8039794921875,0.24562542140483856,0.20812056958675385
1.78800537109375,2.003511962890625,1.8039794921875,0.2615804672241211,0.1098521277308464
1.78800537109375,4.199678955078125,5.1926025390624995,0.3883921504020691,0.29879361391067505
0.06121826171875,2.003511962890625,5.1926025390624995,0.24549290537834167,0.1442248523235321
6.78300537109375,9.197178955078124,6.7539794921875,2.163412570953369,0.7595888376235962
5.05621826171875,9.197178955078124,6.7539794921875,1.6033248901367188,0.7192136645317078
6.78300537109375,7.001011962890624,6.7539794921875,2.0502700805664062,0.7164404988288879
6.78300537109375,9.197178955078124,0.2426025390625,0.5146591663360596,0.1477205604314804
5.05621826171875,7.001011962890624,0.2426025390625,0.3227161765098572,0.10439784824848175
9.28050537109375,1.7009289550781248,4.2789794921875,1.3924338817596436,0.34581896662712097
2.55871826171875,1.7009289550781248,4.2789794921875,0.2946009039878845,0.12588897347450256
9.28050537109375,9.499761962890625,4.2789794921875,2.8083269596099854,0.7455555200576782
9.28050537109375,1.7009289550781248,2.7176025390625003,0.9385600686073303,0.2217683047056198
2.55871826171875,9.499761962890625,2.7176025390625003,0.6125772595405579,0.4325052797794342
4.28550537109375,6.698428955078124,9.2289794921875,1.3231791257858276,0.674237847328186
7.55371826171875,6.698428955078124,9.2289794921875,2.3741869926452637,0.7588151693344116
4.28550537109375,4.502261962890625,9.2289794921875,1.1712483167648315,0.5869289040565491
4.28550537109375,6.698428955078124,7.6676025390625,1.2812538146972656,0.6505152583122253
7.55371826171875,4.502261962890625,7.6676025390625,2.113286256790161,0.668609082698822
3.03675537109375,0.45155395507812496,5.5164794921875,0.2595725655555725,0.04089748114347458
8.80246826171875,0.45155395507812496,5.5164794921875,0.3095274567604065,0.04493439197540283
3.03675537109375,3.2528869628906247,5.5164794921875,0.5633722543716431,0.3294186592102051
3.03675537109375,0.45155395507812496,6.4301025390625,0.26157400012016296,0.042484451085329056
8.80246826171875,3.2528869628906247,6.4301025390625,2.1952908039093018,0.6014227271080017
8.03175537109375,5.449053955078124,0.5664794921875,0.6005972623825073,0.15150772035121918
3.80746826171875,5.449053955078124,0.5664794921875,0.30457183718681335,0.12010397762060165
8.03175537109375,8.250386962890625,0.5664794921875,0.8955690264701843,0.2418431043624878
8.03175537109375,5.449053955078124,1.4801025390625002,1.2425496578216553,0.35062891244888306
3.80746826171875,8.250386962890625,1.4801025390625002,0.6146541237831116,0.3117300868034363
5.53425537109375,2.9503039550781245,7.9914794921875,1.2722569704055786,0.510400652885437
6.30496826171875,2.9503039550781245,7.9914794921875,1.4913419485092163,0.5402762293815613
5.53425537109375,5.7516369628906245,7.9914794921875,1.6193405389785767,0.668890118598938
5.53425537109375,2.9503039550781245,3.9551025390625,0.9364662766456604,0.36043915152549744
6.30496826171875,5.7516369628906245,3.9551025390625,1.5654231309890747,0.5705896615982056
0.53925537109375,7.9478039550781245,3.0414794921875004,0.2723941504955292,0.31393516063690186
1.30996826171875,7.9478039550781245,3.0414794921875004,0.34742271900177,0.32803261280059814
0.53925537109375,0.7541369628906249,3.0414794921875004,0.24765567481517792,0.05820455029606819
0.53925537109375,7.9478039550781245,8.9051025390625,0.3151560127735138,0.42568477988243103
1.30996826171875,0.7541369628906249,8.9051025390625,0.2603636384010315,0.0725703164935112
0.38316162109375,0.295382080078125,0.7211669921875,0.2446848303079605,0.019986094906926155
3.33918701171875,0.295382080078125,0.7211669921875,0.2475157082080841,0.018885187804698944
0.38316162109375,8.094215087890625,0.7211669921875,0.2525775134563446,0.25139206647872925
0.38316162109375,0.295382080078125,7.8222900390625,0.24646465480327606,0.02855466678738594
3.33918701171875,8.094215087890625,7.8222900390625,1.056215763092041,0.6509171724319458
5.37816162109375,5.292882080078124,5.6711669921875,1.4173766374588013,0.5924148559570312
8.33418701171875,5.292882080078124,5.6711669921875,2.3233578205108643,0.6741772294044495
5.37816162109375,3.0967150878906247,5.6711669921875,1.1173131465911865,0.45256122946739197
5.37816162109375,5.292882080078124,2.8722900390625004,1.0794070959091187,0.43688467144966125
8.33418701171875,3.0967150878906247,2.8722900390625004,1.4125722646713257,0.3899896740913391
7.87566162109375,2.794132080078125,3.1961669921875,1.3005235195159912,0.37552112340927124
0.84168701171875,2.794132080078125,3.1961669921875,0.26058635115623474,0.1669759899377823
7.87566162109375,0.597965087890625,3.1961669921875,0.28762656450271606,0.04477371275424957
7.87566162109375,2.794132080078125,0.39729003906250004,0.30061784386634827,0.06067036837339401
0.84168701171875,0.597965087890625,0.39729003906250004,0.24560897052288055,0.03582823649048805
2.8806616210937497,7.7916320800781245,8.1461669921875,0.9142236113548279,0.624381422996521
5.83668701171875,7.7916320800781245,8.1461669921875,1.8434809446334839,0.7344086766242981
2.8806616210937497,5.5954650878906245,8.1461669921875,0.8172482252120972,0.5459888577461243
2.8806616210937497,7.7916320800781245,5.3472900390625,0.8254081010818481,0.5553805828094482
5.83668701171875,5.5954650878906245,5.3472900390625,1.558398962020874,0.610212504863739
4.12941162109375,4.0435070800781245,6.9086669921874995,0.9992095232009888,0.5058572888374329
7.08543701171875,4.0435070800781245,6.9086669921874995,1.8622570037841797,0.6187102794647217
4.12941162109375,6.844840087890624,6.9086669921874995,1.2152737379074097,0.6336953043937683
4.12941162109375,4.0435070800781245,9.0597900390625,1.0752074718475342,0.5499453544616699
7.08543701171875,6.844840087890624,9.0597900390625,2.2251710891723633,0.7516569495201111
9.12441162109375,9.041007080078126,1.9586669921875002,2.1635055541992188,0.5710852146148682
2.0904370117187496,9.041007080078126,1.9586669921875002,0.41755810379981995,0.31312620639801025
9.12441162109375,1.8473400878906248,1.9586669921875002,0.6795786023139954,0.15520140528678894
9.12441162109375,9.041007080078126,4.1097900390625,2.711270570755005,0.7296550869941711
2.0904370117187496,1.8473400878906248,4.1097900390625,0.2844926118850708,0.13138756155967712
6.6269116210937495,1.5447570800781247,9.3836669921875,1.1652133464813232,0.3898148238658905
9.58293701171875,1.5447570800781247,9.3836669921875,1.9553536176681519,0.48873454332351685
6.6269116210937495,4.346090087890625,9.3836669921875,1.8722143173217773,0.6632348895072937
6.6269116210937495,1.5447570800781247,1.6347900390625,0.30854532122612,0.07188766449689865
9.58293701171875,4.346090087890625,1.6347900390625,1.476484775543213,0.3576121926307678
1.63191162109375,6.542257080078125,4.4336669921875,0.42736637592315674,0.376162588596344
4.58793701171875,6.542257080078125,4.4336669921875,1.1883647441864014,0.5627041459083557
1.63191162109375,9.343590087890625,4.4336669921875,0.4993744492530823,0.4688914120197296
1.63191162109375,6.542257080078125,6.5847900390625,0.4922019839286804,0.45211076736450195
4.58793701171875,9.343590087890625,6.5847900390625,1.4533281326293945,0.7047080993652344
2.25628662109375,3.4188195800781247,8.7649169921875,0.5171734094619751,0.3699294328689575
1.46606201171875,3.4188195800781247,8.7649169921875,0.367371141910553,0.29912611842155457
2.25628662109375,3.7214025878906245,8.7649169921875,0.5433585047721863,0.39630404114723206
2.25628662109375,3.4188195800781247,5.9660400390624995,0.44339483976364136,0.3018241822719574
1.46606201171875,3.7214025878906245,5.9660400390624995,0.33929070830345154,0.26784616708755493
7.25128662109375,8.416319580078126,3.8149169921875004,2.0405325889587402,0.6687390804290771
6.46106201171875,8.416319580078126,3.8149169921875004,1.7973648309707642,0.6494033336639404
7.25128662109375,8.718902587890625,3.8149169921875004,2.0585038661956787,0.675179123878479
7.25128662109375,8.416319580078126,1.0160400390625,1.1145358085632324,0.34279680252075195
6.46106201171875,8.718902587890625,1.0160400390625,0.9766424298286438,0.32965344190597534
9.74878662109375,0.9200695800781249,6.2899169921875,1.0894349813461304,0.24996162950992584
3.96356201171875,0.9200695800781249,6.2899169921875,0.3074268400669098,0.08901771157979965
9.74878662109375,6.220152587890625,6.2899169921875,2.9203925132751465,0.7417331337928772
9.74878662109375,0.9200695800781249,3.4910400390625003,0.5386880040168762,0.10888052731752396
3.96356201171875,6.220152587890625,3.4910400390625003,0.8973115682601929,0.465898334980011
4.75378662109375,5.9175695800781245,1.3399169921875,0.5896940231323242,0.24279162287712097
8.95856201171875,5.9175695800781245,1.3399169921875,1.4287540912628174,0.3684162199497223
4.75378662109375,1.2226525878906247,1.3399169921875,0.2696002125740051,0.06180986762046814
4.75378662109375,5.9175695800781245,8.4410400390625,1.4022740125656128,0.6553024649620056
8.95856201171875,1.2226525878906247,8.4410400390625,1.4703384637832642,0.3805115222930908
3.50503662109375,2.1694445800781246,2.5774169921875,0.3106768727302551,0.12300039827823639
7.70981201171875,2.1694445800781246,2.5774169921875,0.8416229486465454,0.23382440209388733
3.50503662109375,2.472027587890625,2.5774169921875,0.328492134809494,0.1381663829088211
3.50503662109375,2.1694445800781246,7.2035400390625,0.5623077750205994,0.28707355260849
7.70981201171875,2.472027587890625,7.2035400390625,1.718435287475586,0.5224394798278809
8.50003662109375,7.166944580078124,7.5274169921875,2.6552159786224365,0.7646227478981018
2.7148120117187498,7.166944580078124,7.5274169921875,0.8282652497291565,0.584088921546936
8.50003662109375,7.469527587890624,7.5274169921875,2.6744375228881836,0.7705762982368469
8.50003662109375,7.166944580078124,2.2535400390625,1.9426339864730835,0.5439149737358093
2.7148120117187498,7.469527587890624,2.2535400390625,0.5165022611618042,0.33366307616233826
6.00253662109375,4.668194580078125,0.1024169921875,0.2916288375854492,0.07350485026836395
5.21231201171875,4.668194580078125,0.1024169921875,0.28449785709381104,0.07858726382255554
6.00253662109375,9.968277587890626,0.1024169921875,0.3875652253627777,0.11585567891597748
6.00253662109375,4.668194580078125,4.7285400390625,1.4514082670211792,0.5492068529129028
5.21231201171875,9.968277587890626,4.7285400390625,1.574472427368164,0.6857070326805115
1.00753662109375,9.665694580078124,5.0524169921875,0.3812742531299591,0.44233036041259766
0.21731201171875,9.665694580078124,5.0524169921875,0.26227766275405884,0.38513973355293274
1.00753662109375,4.970777587890624,5.0524169921875,0.3073653280735016,0.2872059643268585
1.00753662109375,9.665694580078124,9.6785400390625,0.4451195001602173,0.544745922088623
0.21731201171875,4.970777587890624,9.6785400390625,0.2602589726448059,0.30527424812316895
0.69534912109375,4.980538330078124,4.1242919921875,0.2753404676914215,0.2621189057826996
9.89512451171875,4.980538330078124,4.1242919921875,2.5693562030792236,0.636096179485321
0.69534912109375,5.283121337890624,4.1242919921875,0.2774691581726074,0.2718656063079834
0.69534912109375,4.980538330078124,2.5629150390625,0.2645455598831177,0.2314935326576233
9.89512451171875,5.283121337890624,2.5629150390625,2.2054762840270996,0.5385576486587524
5.69034912109375,9.978038330078125,9.0742919921875,1.903307318687439,0.7786417007446289
4.90012451171875,9.978038330078125,9.0742919921875,1.6432061195373535,0.7602763772010803
5.69034912109375,0.285621337890625,9.0742919921875,0.2734675109386444,0.03086037002503872
5.69034912109375,9.978038330078125,7.5129150390624995,1.863235592842102,0.7607448697090149
4.90012451171875,0.285621337890625,7.5129150390624995,0.26451438665390015,0.028743721544742584
8.18784912109375,2.4817883300781247,1.6492919921875002,0.6726279258728027,0.17024073004722595
7.39762451171875,2.4817883300781247,1.6492919921875002,0.5544797778129578,0.14883792400360107
8.18784912109375,2.7843713378906245,1.6492919921875002,0.7774925827980042,0.20168867707252502
8.18784912109375,2.4817883300781247,9.9879150390625,2.011240243911743,0.5866820216178894
7.39762451171875,2.7843713378906245,9.9879150390625,1.8582779169082642,0.5927360653877258
3.19284912109375,7.479288330078124,6.5992919921875,0.9533513784408569,0.6013652086257935
2.40262451171875,7.479288330078124,6.5992919921875,0.7262057662010193,0.5521988868713379
3.19284912109375,7.781871337890625,6.5992919921875,0.9652106165885925,0.610146701335907
3.19284912109375,7.479288330078124,5.0379150390625,0.8854316473007202,0.5527582168579102
2.40262451171875,7.781871337890625,5.0379150390625,0.6792917251586914,0.5110676288604736
4.44159912109375,1.2324133300781248,7.8367919921875,0.45641225576400757,0.1722118854522705
1.15387451171875,1.2324133300781248,7.8367919921875,0.2653484344482422,0.10943404585123062
4.44159912109375,9.031246337890625,7.8367919921875,1.4362061023712158,0.7159410715103149
4.44159912109375,1.2324133300781248,1.3254150390625001,0.26747068762779236,0.06282056868076324
1.15387451171875,9.031246337890625,1.3254150390625001,0.2855788469314575,0.25349193811416626
9.43659912109375,6.229913330078125,2.8867919921875003,2.3185787200927734,0.5957682728767395
6.14887451171875,6.229913330078125,2.8867919921875003,1.382407784461975,0.5091792345046997
9.43659912109375,4.033746337890625,2.8867919921875003,1.9504435062408447,0.4933437407016754
9.43659912109375,6.229913330078125,6.2754150390625,2.819244384765625,0.7370612621307373
6.14887451171875,4.033746337890625,6.2754150390625,1.53939688205719,0.573151171207428
6.93909912109375,3.7311633300781244,5.3617919921874995,1.6444340944290161,0.5501144528388977
3.6513745117187497,3.7311633300781244,5.3617919921874995,0.7543299198150635,0.4053405821323395
6.93909912109375,1.5349963378906248,5.3617919921874995,0.9273766875267029,0.28745850920677185
6.93909912109375,3.7311633300781244,8.7504150390625,1.8602790832519531,0.6305165886878967
3.6513745117187497,1.5349963378906248,8.7504150390625,0.4752797484397888,0.21634931862354279
1.9440991210937502,8.728663330078126,0.41179199218750007,0.2806053161621094,0.1726042628288269
8.64637451171875,8.728663330078126,0.41179199218750007,0.8816423416137695,0.22077766060829163
1.9440991210937502,6.532496337890624,0.41179199218750007,0.27149802446365356,0.15318825840950012
1.9440991210937502,8.728663330078126,3.8004150390625,0.5293483734130859,0.4448775351047516
8.64637451171875,6.532496337890624,3.8004150390625,2.3214523792266846,0.6497229933738708
1.31972412109375,1.8571008300781247,5.9805419921875,0.2754257023334503,0.14585183560848236
5.52449951171875,1.8571008300781247,5.9805419921875,0.8323460817337036,0.3128401041030884
1.31972412109375,0.9103088378906249,5.9805419921875,0.25849664211273193,0.07861161977052689
1.31972412109375,1.8571008300781247,4.4191650390624995,0.26855477690696716,0.133951798081398
5.52449951171875,0.9103088378906249,4.4191650390624995,0.3166055381298065,0.07812126725912094
6.31472412109375,6.854600830078124,1.0305419921875,0.8086254596710205,0.2710750699043274
0.52949951171875,6.854600830078124,1.0305419921875,0.2555665671825409,0.23554563522338867
6.31472412109375,5.907808837890625,1.0305419921875,0.7145403623580933,0.23459823429584503
6.31472412109375,6.854600830078124,9.3691650390625,1.9832558631896973,0.7391498684883118
0.52949951171875,5.907808837890625,9.3691650390625,0.2981293201446533,0.3617718815803528
8.81222412109375,4.355850830078125,8.4555419921875,2.5292727947235107,0.7009701132774353
8.02199951171875,4.355850830078125,8.4555419921875,2.278198003768921,0.6850947141647339
8.81222412109375,8.406558837890625,8.4555419921875,2.8651015758514404,0.8015029430389404
8.81222412109375,4.355850830078125,6.8941650390625,2.443235158920288,0.674942672252655
8.02199951171875,8.406558837890625,6.8941650390625,2.540189743041992,0.7705245018005371
3.81722412109375,9.353350830078124,3.5055419921875,1.022370457649231,0.5602699518203735
3.02699951171875,9.353350830078124,3.5055419921875,0.803458034992218,0.5184653401374817
3.81722412109375,3.409058837890625,3.5055419921875,0.5845193862915039,0.28712573647499084
3.81722412109375,9.353350830078124,1.9441650390625,0.7805396318435669,0.41219693422317505
3.02699951171875,3.409058837890625,1.9441650390625,0.31766411662101746,0.15068550407886505
2.56847412109375,3.1064758300781246,2.2680419921875004,0.30265823006629944,0.1525176614522934
4.27574951171875,3.1064758300781246,2.2680419921875004,0.4316686689853668,0.1779971420764923
2.56847412109375,4.658433837890625,2.2680419921875004,0.35956871509552,0.21171966195106506
2.56847412109375,3.1064758300781246,3.1816650390625,0.33756837248802185,0.1845860779285431
4.27574951171875,4.658433837890625,3.1816650390625,0.7954455614089966,0.37822794914245605
7.56347412109375,8.103975830078125,7.2180419921875,2.3892154693603516,0.762881338596344
9.27074951171875,8.103975830078125,7.2180419921875,2.9523556232452393,0.7881158590316772
7.56347412109375,9.655933837890625,7.2180419921875,2.4591591358184814,0.787019670009613
7.56347412109375,8.103975830078125,8.1316650390625,2.423232078552246,0.7747249603271484
9.27074951171875,9.655933837890625,8.1316650390625,3.0630991458892822,0.8198553919792175
5.06597412109375,0.607725830078125,4.7430419921875,0.280521035194397,0.05305740609765053
1.77824951171875,0.607725830078125,4.7430419921875,0.2545408308506012,0.05171087756752968
5.06597412109375,7.157183837890624,4.7430419921875,1.3953039646148682,0.6154522895812988
5.06597412109375,0.607725830078125,5.6566650390625,0.28759121894836426,0.05684920400381088
1.77824951171875,7.157183837890624,5.6566650390625,0.5222293138504028,0.4619182050228119
0.07097412109375,5.605225830078124,9.6930419921875,0.2501901686191559,0.3201214373111725
6.77324951171875,5.605225830078124,9.6930419921875,2.053269147872925,0.7187483906745911
0.07097412109375,2.1596838378906247,9.6930419921875,0.24725891649723053,0.16948571801185608
0.07097412109375,5.605225830078124,0.7066650390625,0.24559803307056427,0.22242984175682068
6.77324951171875,2.1596838378906247,0.7066650390625,0.2916751801967621,0.06454236805438995
0.051462402343750005,0.627247314453125,5.6905029296875,0.24468204379081726,0.05444389581680298
4.60744873046875,0.627247314453125,5.6905029296875,0.2844274640083313,0.058366820216178894
0.051462402343750005,4.2875256347656245,5.6905029296875,0.24635660648345947,0.24971674382686615
0.051462402343750005,0.627247314453125,9.3498291015625,0.2453308254480362,0.05915358290076256
4.60744873046875,4.2875256347656245,9.3498291015625,1.2481733560562134,0.5910086035728455
5.04646240234375,5.624747314453124,0.7405029296875,0.3866020739078522,0.13563695549964905
9.60244873046875,5.624747314453124,0.7405029296875,1.0135525465011597,0.23374934494495392
5.04646240234375,9.285025634765626,0.7405029296875,0.6087618470191956,0.2396615743637085
5.04646240234375,5.624747314453124,4.3998291015625,1.2454707622528076,0.5437350869178772
9.60244873046875,9.285025634765626,4.3998291015625,2.9163036346435547,0.7511524558067322
7.54396240234375,3.125997314453125,8.1655029296875,1.9043937921524048,0.597427248954773
2.1099487304687496,3.125997314453125,8.1655029296875,0.4482228457927704,0.31766030192375183
7.54396240234375,6.786275634765625,8.1655029296875,2.342280864715576,0.7486392259597778
7.54396240234375,3.125997314453125,1.9248291015625,0.893653929233551,0.2561724781990051
2.1099487304687496,6.786275634765625,1.9248291015625,0.3567088842391968,0.24730804562568665
2.54896240234375,8.123497314453125,3.2155029296875,0.6124277710914612,0.43212375044822693
7.10494873046875,8.123497314453125,3.2155029296875,1.8784257173538208,0.6228929162025452
2.54896240234375,1.7887756347656247,3.2155029296875,0.28356969356536865,0.11681637912988663
2.54896240234375,8.123497314453125,6.8748291015625,0.7973220944404602,0.5888065695762634
7.10494873046875,1.7887756347656247,6.8748291015625,1.2564817667007446,0.39800193905830383
3.79771240234375,4.3753723144531245,1.9780029296875001,0.4616422653198242,0.21696721017360687
5.8561987304687495,4.3753723144531245,1.9780029296875001,0.8346376419067383,0.3010319769382477
3.79771240234375,0.5394006347656249,1.9780029296875001,0.2545246183872223,0.03738723322749138
3.79771240234375,4.3753723144531245,8.1123291015625,0.9863356947898865,0.5364224314689636
5.8561987304687495,0.5394006347656249,8.1123291015625,0.3124277591705322,0.060995373874902725
8.79271240234375,9.372872314453126,6.9280029296875,2.843223810195923,0.7965076565742493
0.8611987304687501,9.372872314453126,6.9280029296875,0.3771679103374481,0.4710518419742584
8.79271240234375,5.536900634765624,6.9280029296875,2.586233615875244,0.7192978858947754
8.79271240234375,9.372872314453126,3.1623291015625004,2.4654202461242676,0.6823101043701172
0.8611987304687501,5.536900634765624,3.1623291015625004,0.2805218994617462,0.2593943178653717
6.29521240234375,1.8766223144531247,4.4530029296875,0.8414292335510254,0.2816525399684906
8.35369873046875,1.8766223144531247,4.4530029296875,1.3114404678344727,0.35799846053123474
6.29521240234375,8.035650634765625,4.4530029296875,1.7974313497543335,0.6654941439628601
6.29521240234375,1.8766223144531247,0.6873291015625,0.2805861234664917,0.0614129863679409
8.35369873046875,8.035650634765625,0.6873291015625,1.0397374629974365,0.2760799527168274
1.30021240234375,6.874122314453125,9.4030029296875,0.46618592739105225,0.48789486289024353
3.35869873046875,6.874122314453125,9.4030029296875,1.0481582880020142,0.6412587761878967
1.30021240234375,3.038150634765625,9.4030029296875,0.33523914217948914,0.2657681405544281
1.30021240234375,6.874122314453125,5.6373291015625,0.4053252935409546,0.40469229221343994
3.35869873046875,3.038150634765625,5.6373291015625,0.6113594174385071,0.3353237211704254
1.9245874023437501,3.7506848144531246,3.8342529296875,0.33838340640068054,0.2287718951702118
0.23682373046875002,3.7506848144531246,3.8342529296875,0.2514973282814026,0.21606287360191345
1.9245874023437501,9.909713134765624,3.8342529296875,0.5563200116157532,0.4781263768672943
1.9245874023437501,3.7506848144531246,7.4935791015625,0.4472646415233612,0.34274670481681824
0.23682373046875002,9.909713134765624,7.4935791015625,0.2721601128578186,0.423870325088501
6.91958740234375,8.748184814453126,8.7842529296875,2.260145425796509,0.7816862463951111
5.23182373046875,8.748184814453126,8.7842529296875,1.7052026987075806,0.7458481788635254
6.91958740234375,4.912213134765625,8.7842529296875,2.0083067417144775,0.6875020861625671
6.91958740234375,8.748184814453126,2.5435791015625,1.7164428234100342,0.5787440538406372
5.23182373046875,4.912213134765625,2.5435791015625,0.928487241268158,0.3775315284729004
9.41708740234375,1.2519348144531248,1.3592529296875002,0.3096160292625427,0.052980538457632065
2.7343237304687498,1.2519348144531248,1.3592529296875002,0.25862982869148254,0.06999284774065018
9.41708740234375,2.4134631347656246,1.3592529296875002,0.6665531396865845,0.14721709489822388
9.41708740234375,1.2519348144531248,5.0185791015625,1.2084509134292603,0.2909184992313385
2.7343237304687498,2.4134631347656246,5.0185791015625,0.3784170150756836,0.20345039665699005
4.42208740234375,6.249434814453124,6.3092529296875,1.243326187133789,0.6115542650222778
7.72932373046875,6.249434814453124,6.3092529296875,2.273305654525757,0.7079474329948425
4.42208740234375,7.410963134765624,6.3092529296875,1.3092856407165527,0.6483074426651001
4.42208740234375,6.249434814453124,9.9685791015625,1.3562836647033691,0.6738746166229248
7.72932373046875,7.410963134765624,9.9685791015625,2.494112014770508,0.7829697132110596
3.17333740234375,2.5013098144531245,7.5467529296875,0.5703133344650269,0.31867289543151855
8.97807373046875,2.5013098144531245,7.5467529296875,2.1213414669036865,0.5686352849006653
3.17333740234375,6.1615881347656245,7.5467529296875,0.9162700176239014,0.5763359665870667
3.17333740234375,2.5013098144531245,6.2560791015624995,0.5193400979042053,0.282819926738739
8.97807373046875,6.1615881347656245,6.2560791015624995,2.663301706314087,0.7274969220161438
8.16833740234375,7.498809814453124,2.5967529296875003,1.9954710006713867,0.5820896029472351
3.98307373046875,7.498809814453124,2.5967529296875003,0.8555215001106262,0.4402444064617157
8.16833740234375,1.164088134765625,2.5967529296875003,0.37267398834228516,0.0796617865562439
8.16833740234375,7.498809814453124,1.3060791015625002,1.4207072257995605,0.4007043242454529
3.98307373046875,1.164088134765625,1.3060791015625002,0.2636321187019348,0.061719994992017746
5.67083740234375,5.000059814453125,5.0717529296874995,1.4273542165756226,0.5684550404548645
6.48057373046875,5.000059814453125,5.0717529296874995,1.6653697490692139,0.5952538847923279
5.67083740234375,3.6628381347656247,5.0717529296874995,1.2463356256484985,0.48807957768440247
5.67083740234375,5.000059814453125,3.7810791015625003,1.279553771018982,0.5033451914787292
6.48057373046875,3.6628381347656247,3.7810791015625003,1.2954938411712646,0.4501442015171051
0.67583740234375,9.997559814453124,0.12175292968750001,0.25459444522857666,0.22015583515167236
1.48557373046875,9.997559814453124,0.12175292968750001,0.2666259706020355,0.17787930369377136
0.67583740234375,8.660338134765626,0.12175292968750001,0.2536078989505768,0.20782536268234253
0.67583740234375,9.997559814453124,8.7310791015625,0.35928216576576233,0.4954896569252014
1.48557373046875,8.660338134765626,8.7310791015625,0.5451633930206299,0.554567813873291
0.9880249023437501,4.687716064453125,9.0936279296875,0.3421827256679535,0.3446859121322632
8.66588623046875,4.687716064453125,9.0936279296875,2.5522007942199707,0.7194257378578186
0.9880249023437501,1.4764318847656248,9.0936279296875,0.268233984708786,0.13169518113136292
0.9880249023437501,4.687716064453125,0.9967041015625,0.2595963180065155,0.17819438874721527
8.66588623046875,1.4764318847656248,0.9967041015625,0.2976994514465332,0.0532398447394371
5.98302490234375,9.685216064453124,4.1436279296875,1.7523785829544067,0.6789041757583618
3.6708862304687497,9.685216064453124,4.1436279296875,1.0504145622253418,0.5975216031074524
5.98302490234375,6.473931884765625,4.1436279296875,1.5614231824874878,0.5976741909980774
5.98302490234375,9.685216064453124,5.9467041015625,1.8842766284942627,0.7350802421569824
3.6708862304687497,6.473931884765625,5.9467041015625,1.018351435661316,0.5751016736030579
8.48052490234375,2.188966064453125,6.6186279296874995,1.7833834886550903,0.4965938329696655
6.16838623046875,2.188966064453125,6.6186279296874995,1.1603742837905884,0.4155152440071106
8.48052490234375,8.972681884765626,6.6186279296874995,2.70615291595459,0.7820166349411011
8.48052490234375,2.188966064453125,8.4217041015625,1.9183135032653809,0.5383502840995789
6.16838623046875,8.972681884765626,8.4217041015625,2.010390043258667,0.7668150663375854
3.48552490234375,7.186466064453124,1.6686279296875002,0.5466124415397644,0.29124119877815247
1.1733862304687501,7.186466064453124,1.6686279296875002,0.28466230630874634,0.24221956729888916
3.48552490234375,3.9751818847656244,1.6686279296875002,0.3476329743862152,0.15816088020801544
3.48552490234375,7.186466064453124,3.4717041015625,0.8295203447341919,0.47633638978004456
1.1733862304687501,3.9751818847656244,3.4717041015625,0.2844252586364746,0.2164088785648346
4.73427490234375,0.9395910644531249,2.9061279296875,0.27959978580474854,0.06500512361526489
2.42213623046875,0.9395910644531249,2.9061279296875,0.26048386096954346,0.06777921319007874
4.73427490234375,2.7258068847656247,2.9061279296875,0.5495755672454834,0.22019903361797333
4.73427490234375,0.9395910644531249,2.2342041015625003,0.2716258764266968,0.05932321399450302
2.42213623046875,2.7258068847656247,2.2342041015625003,0.2886560261249542,0.13942855596542358
9.72927490234375,5.937091064453124,7.8561279296875,2.9792721271514893,0.7595736980438232
7.41713623046875,5.937091064453124,7.8561279296875,2.226206064224243,0.7200139164924622
9.72927490234375,7.723306884765624,7.8561279296875,3.111217498779297,0.7956452965736389
9.72927490234375,5.937091064453124,7.1842041015625,2.944469928741455,0.7499488592147827
7.41713623046875,7.723306884765624,7.1842041015625,2.3193557262420654,0.7526366114616394
7.23177490234375,3.4383410644531245,0.4311279296875,0.31256699562072754,0.07094888389110565
4.9196362304687495,3.4383410644531245,0.4311279296875,0.2854848802089691,0.08253903687000275
7.23177490234375,5.224556884765624,0.4311279296875,0.39860647916793823,0.10110104829072952
7.23177490234375,3.4383410644531245,9.6592041015625,1.9342514276504517,0.6328647136688232
4.9196362304687495,5.224556884765624,9.6592041015625,1.4361222982406616,0.6521023511886597
2.23677490234375,8.435841064453125,5.3811279296875,0.6702464818954468,0.5322723984718323
9.91463623046875,8.435841064453125,5.3811279296875,3.0682144165039062,0.7692009806632996
2.23677490234375,0.227056884765625,5.3811279296875,0.24973087012767792,0.020887646824121475
2.23677490234375,8.435841064453125,4.7092041015624995,0.642413854598999,0.506147563457489
9.91463623046875,0.227056884765625,4.7092041015624995,0.26858749985694885,0.020660102367401123
1.61239990234375,1.5642785644531247,1.0498779296875,0.2525622546672821,0.08352356404066086
6.79276123046875,1.5642785644531247,1.0498779296875,0.2876265347003937,0.06061704829335213
1.61239990234375,7.098619384765624,1.0498779296875,0.2847294807434082,0.20058345794677734
1.61239990234375,1.5642785644531247,2.8529541015625,0.26176342368125916,0.10376612097024918
6.79276123046875,7.098619384765624,2.8529541015625,1.6324713230133057,0.5572370290756226
6.60739990234375,6.561778564453125,5.9998779296875,1.9214657545089722,0.6841121912002563
1.79776123046875,6.561778564453125,5.9998779296875,0.5172896385192871,0.45118391513824463
6.60739990234375,2.101119384765625,5.9998779296875,1.1884245872497559,0.4003489315509796
6.60739990234375,6.561778564453125,7.8029541015625,2.010261058807373,0.7188563346862793
1.79776123046875,2.101119384765625,7.8029541015625,0.3213997185230255,0.19076678156852722
9.10489990234375,4.063028564453124,3.5248779296875004,2.044480085372925,0.5379575490951538
9.29026123046875,4.063028564453124,3.5248779296875004,2.097494125366211,0.5424474477767944
9.10489990234375,4.599869384765625,3.5248779296875004,2.1484808921813965,0.5678936839103699
9.10489990234375,4.063028564453124,5.3279541015625,2.347275495529175,0.6257296800613403
9.29026123046875,4.599869384765625,5.3279541015625,2.4944560527801514,0.6554608345031738
4.1098999023437495,9.060528564453126,8.4748779296875,1.346108317375183,0.7139137983322144
4.29526123046875,9.060528564453126,8.4748779296875,1.4061917066574097,0.7205770015716553
4.1098999023437495,9.597369384765624,8.4748779296875,1.3632322549819946,0.7240636348724365
4.1098999023437495,9.060528564453126,0.3779541015625,0.34962987899780273,0.14226177334785461
4.29526123046875,9.597369384765624,0.3779541015625,0.3727487623691559,0.14971542358398438
2.8611499023437497,2.8136535644531246,7.2373779296875,0.5422435402870178,0.3259081542491913
3.04651123046875,2.8136535644531246,7.2373779296875,0.5822716951370239,0.33979687094688416
2.8611499023437497,8.347994384765625,7.2373779296875,0.9052944779396057,0.6213875412940979
2.8611499023437497,2.8136535644531246,4.0904541015625,0.39340299367904663,0.2126431167125702
3.04651123046875,8.347994384765625,4.0904541015625,0.8203411102294922,0.5272943377494812
7.85614990234375,7.811153564453124,2.2873779296875,1.8345553874969482,0.551344633102417
8.04151123046875,7.811153564453124,2.2873779296875,1.886507272720337,0.5558260083198547
7.85614990234375,3.3504943847656246,2.2873779296875,1.1675852537155151,0.3337460160255432
7.85614990234375,7.811153564453124,9.0404541015625,2.5333633422851562,0.783957839012146
8.04151123046875,3.3504943847656246,9.0404541015625,2.1433026790618896,0.6397027969360352
5.35864990234375,0.314903564453125,9.7123779296875,0.2764996886253357,0.0346984788775444
0.54901123046875,0.314903564453125,9.7123779296875,0.2474028319120407,0.03150094300508499
5.35864990234375,0.851744384765625,9.7123779296875,0.43531477451324463,0.1323809027671814
5.35864990234375,0.314903564453125,6.5654541015625,0.26757997274398804,0.030903596431016922
0.54901123046875,0.851744384765625,6.5654541015625,0.25041279196739197,0.07447128742933273
0.36364990234375,5.312403564453125,4.7623779296875,0.26130086183547974,0.2787304222583771
5.54401123046875,5.312403564453125,4.7623779296875,1.3943403959274292,0.5656548142433167
0.36364990234375,5.849244384765624,4.7623779296875,0.2633032500743866,0.2953084409236908
0.36364990234375,5.312403564453125,1.6154541015625001,0.25256863236427307,0.2279028445482254
5.54401123046875,5.849244384765624,1.6154541015625001,0.8286244869232178,0.31468096375465393
0.51974365234375,2.9698254394531247,1.5139404296875,0.2506791651248932,0.1539040356874466
9.75854248046875,2.9698254394531247,1.5139404296875,1.040691614151001,0.23742741346359253
0.51974365234375,2.881978759765625,1.5139404296875,0.250660240650177,0.1509605348110199
0.51974365234375,2.9698254394531247,0.2232666015625,0.24761603772640228,0.12535543739795685
9.75854248046875,2.881978759765625,0.2232666015625,0.3045812249183655,0.050959471613168716
5.51474365234375,7.967325439453124,6.4639404296875,1.6855146884918213,0.7015676498413086
4.76354248046875,7.967325439453124,6.4639404296875,1.4482179880142212,0.6784147024154663
5.51474365234375,7.879478759765624,6.4639404296875,1.6812548637390137,0.6996080279350281
5.51474365234375,7.967325439453124,5.1732666015625,1.6112912893295288,0.6676472425460815
4.76354248046875,7.879478759765624,5.1732666015625,1.3753305673599243,0.6406727433204651
8.01224365234375,0.47107543945312497,3.9889404296875,0.2846509516239166,0.03945343196392059
7.26104248046875,0.47107543945312497,3.9889404296875,0.27956879138946533,0.03939978778362274
8.01224365234375,5.380728759765624,3.9889404296875,2.032438039779663,0.6050428152084351
8.01224365234375,0.47107543945312497,7.6482666015625,0.3354698717594147,0.056497737765312195
7.26104248046875,5.380728759765624,7.6482666015625,2.118255615234375,0.6960217356681824
3.01724365234375,5.468575439453124,8.9389404296875,0.8671592473983765,0.5629286766052246
2.26604248046875,5.468575439453124,8.9389404296875,0.6591860055923462,0.5103113651275635
3.01724365234375,0.383228759765625,8.9389404296875,0.26338818669319153,0.03935442119836807
3.01724365234375,5.468575439453124,2.6982666015625,0.5276460647583008,0.3118813633918762
2.26604248046875,0.383228759765625,2.6982666015625,0.24962568283081055,0.030024711042642593
4.26599365234375,1.7204504394531248,5.2264404296875,0.47239038348197937,0.193010613322258
1.01729248046875,1.7204504394531248,5.2264404296875,0.2625395655632019,0.13030357658863068
4.26599365234375,1.6326037597656247,5.2264404296875,0.4443998336791992,0.1769639551639557
4.26599365234375,1.7204504394531248,1.4607666015625,0.2795684337615967,0.0809735432267189
1.01729248046875,1.6326037597656247,1.4607666015625,0.25167927145957947,0.09590563178062439
9.26099365234375,6.717950439453125,0.27644042968750004,0.6266263723373413,0.13823141157627106
6.01229248046875,6.717950439453125,0.27644042968750004,0.35357466340065,0.10222402215003967
9.26099365234375,6.630103759765625,0.27644042968750004,0.6165570616722107,0.13560537993907928
9.26099365234375,6.717950439453125,6.4107666015625,2.812303304672241,0.7486617565155029
6.01229248046875,6.630103759765625,6.4107666015625,1.7633695602416992,0.6803395748138428
6.76349365234375,4.219200439453124,7.7014404296875,1.832269310951233,0.635245144367218
3.51479248046875,4.219200439453124,7.7014404296875,0.880180299282074,0.502348005771637
6.76349365234375,9.128853759765626,7.7014404296875,2.1911792755126953,0.7722916007041931
6.76349365234375,4.219200439453124,8.8857666015625,1.8822027444839478,0.654350221157074
3.51479248046875,9.128853759765626,8.8857666015625,1.1682363748550415,0.6983044147491455
1.76849365234375,9.216700439453126,2.7514404296875004,0.435496985912323,0.3727591037750244
8.50979248046875,9.216700439453126,2.7514404296875004,2.272400379180908,0.6446106433868408
1.76849365234375,4.1313537597656245,2.7514404296875004,0.3045763373374939,0.20389814674854279
1.76849365234375,9.216700439453126,3.9357666015625004,0.5073418617248535,0.4522821009159088
8.50979248046875,4.1313537597656245,3.9357666015625004,1.9754544496536255,0.5533317923545837
2.3928686523437497,1.0957629394531248,8.3201904296875,0.29337090253829956,0.10824088007211685
5.38791748046875,1.0957629394531248,8.3201904296875,0.5603570938110352,0.19254165887832642
2.3928686523437497,8.504166259765626,8.3201904296875,0.7951688766479492,0.6171411275863647
2.3928686523437497,1.0957629394531248,3.3170166015625,0.2647187113761902,0.07955632358789444
5.38791748046875,8.504166259765626,3.3170166015625,1.4104468822479248,0.5890371203422546
7.38786865234375,6.093262939453124,3.3701904296875003,1.8195137977600098,0.5793933868408203
0.39291748046875,6.093262939453124,3.3701904296875003,0.26044464111328125,0.2803751528263092
7.38786865234375,3.5066662597656246,3.3701904296875003,1.416450023651123,0.43921542167663574
7.38786865234375,6.093262939453124,8.2670166015625,2.246279716491699,0.7298036813735962
0.39291748046875,3.5066662597656246,8.2670166015625,0.26420193910598755,0.24201864004135132
9.88536865234375,3.5945129394531246,5.8451904296874995,2.5482568740844727,0.6315450072288513
7.88541748046875,3.5945129394531246,5.8451904296874995,1.9432872533798218,0.5851750373840332
9.88536865234375,1.0079162597656248,5.8451904296874995,1.1754462718963623,0.2689681947231293
9.88536865234375,3.5945129394531246,5.7920166015625,2.5423712730407715,0.6299541592597961
7.88541748046875,1.0079162597656248,5.7920166015625,0.7564177513122559,0.1997002512216568
4.89036865234375,8.592012939453125,0.8951904296875,0.619725227355957,0.2519312798976898
2.89041748046875,8.592012939453125,0.8951904296875,0.3566110134124756,0.1968056559562683
4.89036865234375,6.005416259765624,0.8951904296875,0.451582670211792,0.17059394717216492
4.89036865234375,8.592012939453125,0.8420166015625,0.5965641736984253,0.2406747043132782
2.89041748046875,6.005416259765624,0.8420166015625,0.3065786361694336,0.15256434679031372
3.64161865234375,4.843887939453125,4.6076904296875,0.8133652806282043,0.4459496736526489
4.13916748046875,4.843887939453125,4.6076904296875,0.9425182342529297,0.4731919467449188
3.64161865234375,7.254791259765624,4.6076904296875,0.9743363261222839,0.5513914227485657
3.64161865234375,4.843887939453125,4.5545166015625,0.809404194355011,0.44341883063316345
4.13916748046875,7.254791259765624,4.5545166015625,1.1124123334884644,0.572916567325592
8.63661865234375,9.841387939453124,9.5576904296875,2.8973286151885986,0.8269898891448975
9.13416748046875,9.841387939453124,9.5576904296875,3.0662190914154053,0.8325743675231934
8.63661865234375,2.2572912597656245,9.5576904296875,2.050344705581665,0.5691437721252441
8.63661865234375,9.841387939453124,9.5045166015625,2.896318197250366,0.8266696929931641
9.13416748046875,2.2572912597656245,9.5045166015625,2.1952922344207764,0.5809015035629272
6.1391186523437495,2.345137939453125,2.1326904296875,0.5007222890853882,0.15564076602458954
1.64166748046875,2.345137939453125,2.1326904296875,0.2656337320804596,0.12893112003803253
6.1391186523437495,4.756041259765625,2.1326904296875,1.0025993585586548,0.3554363250732422
6.1391186523437495,2.345137939453125,7.0295166015624995,1.2323081493377686,0.44690272212028503
1.64166748046875,4.756041259765625,7.0295166015624995,0.4363393783569336,0.3754231035709381
1.14411865234375,7.342637939453124,7.0826904296875,0.41016021370887756,0.44517308473587036
6.63666748046875,7.342637939453124,7.0826904296875,2.039283514022827,0.7271023988723755
1.14411865234375,9.753541259765624,7.0826904296875,0.4512157142162323,0.5165982842445374
1.14411865234375,7.342637939453124,2.0795166015625,0.29351240396499634,0.26335662603378296
6.63666748046875,9.753541259765624,2.0795166015625,1.5635643005371094,0.5436117649078369
0.83193115234375,2.0327941894531247,3.6795654296875,0.25752395391464233,0.13691343367099762
3.2026049804687498,2.0327941894531247,3.6795654296875,0.32752639055252075,0.14193841814994812
0.83193115234375,0.07088500976562499,3.6795654296875,0.2448137104511261,0.006221572868525982
0.83193115234375,2.0327941894531247,9.8138916015625,0.2742365598678589,0.17445184290409088
3.2026049804687498,0.07088500976562499,9.8138916015625,0.2477046698331833,0.00737058836966753
5.82693115234375,7.030294189453125,8.6295654296875,1.8152074813842773,0.7231903076171875
8.19760498046875,7.030294189453125,8.6295654296875,2.5891616344451904,0.7705792784690857
5.82693115234375,5.068385009765625,8.6295654296875,1.6752657890319824,0.6619892716407776
5.82693115234375,7.030294189453125,4.8638916015625,1.6284540891647339,0.6417311429977417
8.19760498046875,5.068385009765625,4.8638916015625,2.170315742492676,0.635932981967926
8.32443115234375,4.5315441894531245,1.2045654296875001,0.9746605157852173,0.25740745663642883
0.70510498046875,4.5315441894531245,1.2045654296875001,0.25581037998199463,0.18856102228164673
8.32443115234375,7.567135009765624,1.2045654296875001,1.3956693410873413,0.3857296407222748
8.32443115234375,4.5315441894531245,2.3888916015625004,1.583585500717163,0.4432655870914459
0.70510498046875,7.567135009765624,2.3888916015625004,0.274594247341156,0.2856600880622864
3.3294311523437496,9.529044189453126,6.1545654296875,1.0501874685287476,0.6491317749023438
5.70010498046875,9.529044189453126,6.1545654296875,1.7973400354385376,0.7302163243293762
3.3294311523437496,2.5696350097656246,6.1545654296875,0.5574367046356201,0.2986854612827301
3.3294311523437496,9.529044189453126,7.3388916015625,1.0871965885162354,0.6748306751251221
5.70010498046875,2.5696350097656246,7.3388916015625,1.197384238243103,0.46353647112846375
4.57818115234375,3.282169189453125,9.8670654296875,1.1272104978561401,0.5288475155830383
6.94885498046875,3.282169189453125,9.8670654296875,1.8261942863464355,0.617084264755249
4.57818115234375,3.8190100097656248,9.8670654296875,1.2002233266830444,0.5683811902999878
4.57818115234375,3.282169189453125,8.5763916015625,1.088257908821106,0.5080775618553162
6.94885498046875,3.8190100097656248,8.5763916015625,1.8703187704086304,0.6333867907524109
9.57318115234375,8.279669189453125,4.9170654296875,2.903223752975464,0.7498871088027954
1.95385498046875,8.279669189453125,4.9170654296875,0.5734237432479858,0.4877418875694275
9.57318115234375,8.816510009765626,4.9170654296875,2.9363694190979004,0.7590912580490112
9.57318115234375,8.279669189453125,3.6263916015625,2.7284038066864014,0.7009660601615906
1.95385498046875,8.816510009765626,3.6263916015625,0.5244812369346619,0.4383447766304016
7.0756811523437495,0.7834191894531249,7.3920654296874995,0.5054479241371155,0.13047531247138977
9.44635498046875,0.7834191894531249,7.3920654296874995,0.9453364014625549,0.2183537632226944
7.0756811523437495,6.317760009765625,7.3920654296874995,2.1263363361358643,0.7162910103797913
7.0756811523437495,0.7834191894531249,1.1513916015625,0.2656010687351227,0.039958689361810684
9.44635498046875,6.317760009765625,1.1513916015625,1.4545525312423706,0.3567580580711365
2.08068115234375,5.780919189453124,2.4420654296875,0.36352968215942383,0.25373509526252747
4.45135498046875,5.780919189453124,2.4420654296875,0.8156231641769409,0.37685322761535645
2.08068115234375,1.3202600097656247,2.4420654296875,0.2606978118419647,0.08576367050409317
2.08068115234375,5.780919189453124,6.1013916015625,0.5583286285400391,0.4448666572570801
4.45135498046875,1.3202600097656247,6.1013916015625,0.41636720299720764,0.1524580866098404
1.45630615234375,3.9068566894531247,6.7733154296875,0.3602413833141327,0.29809603095054626
1.32947998046875,3.9068566894531247,6.7733154296875,0.3422829806804657,0.2884165644645691
1.45630615234375,5.693072509765624,6.7733154296875,0.4282184839248657,0.40085506439208984
1.45630615234375,3.9068566894531247,6.7201416015625,0.35927891731262207,0.29687565565109253
1.32947998046875,5.693072509765624,6.7201416015625,0.40118324756622314,0.3867761790752411
6.45130615234375,8.904356689453126,1.8233154296875,1.3706915378570557,0.4827844798564911
6.32447998046875,8.904356689453126,1.8233154296875,1.3385576009750366,0.47911450266838074
6.45130615234375,0.6955725097656249,1.8233154296875,0.2677321434020996,0.042349573224782944
6.45130615234375,8.904356689453126,1.7701416015625002,1.350441336631775,0.47489309310913086
6.32447998046875,0.6955725097656249,1.7701416015625002,0.266692191362381,0.04214215651154518
8.94880615234375,1.408106689453125,9.2483154296875,1.6754074096679688,0.4405009150505066
3.82697998046875,1.408106689453125,9.2483154296875,0.47625645995140076,0.20742207765579224
8.94880615234375,3.1943225097656245,9.2483154296875,2.401211738586426,0.6530280113220215
8.94880615234375,1.408106689453125,4.2451416015625,1.092529296875,0.27271217107772827
3.82697998046875,3.1943225097656245,4.2451416015625,0.6333787441253662,0.31511566042900085
3.9538061523437498,6.4056066894531245,4.2983154296874995,0.9883971810340881,0.5213955640792847
8.82197998046875,6.4056066894531245,4.2983154296874995,2.441335439682007,0.6730719804763794
3.9538061523437498,8.191822509765625,4.2983154296874995,1.0854276418685913,0.580632209777832
3.9538061523437498,6.4056066894531245,9.1951416015625,1.204168677330017,0.6513051986694336
8.82197998046875,8.191822509765625,9.1951416015625,2.8801021575927734,0.8051996827125549
2.70505615234375,0.158731689453125,0.5858154296875,0.2457263022661209,0.010496527887880802
7.57322998046875,0.158731689453125,0.5858154296875,0.24753107130527496,0.009894686751067638
2.70505615234375,9.441197509765624,0.5858154296875,0.31957417726516724,0.17596741020679474
2.70505615234375,0.158731689453125,5.4826416015624995,0.24860431253910065,0.014747670851647854
7.57322998046875,9.441197509765624,5.4826416015624995,2.362328052520752,0.7525068521499634
7.70005615234375,5.156231689453125,5.5358154296875,2.0973281860351562,0.6507541537284851
2.5782299804687496,5.156231689453125,5.5358154296875,0.6253513097763062,0.43330955505371094
7.70005615234375,4.443697509765625,5.5358154296875,2.004328966140747,0.6192673444747925
7.70005615234375,5.156231689453125,0.5326416015625001,0.4976400136947632,0.12576881051063538
2.5782299804687496,4.443697509765625,0.5326416015625001,0.2726922035217285,0.12264905869960785
5.20255615234375,2.6574816894531246,3.0608154296875,0.6466430425643921,0.24680264294147491
5.07572998046875,2.6574816894531246,3.0608154296875,0.6226322054862976,0.241049662232399
5.20255615234375,1.9449475097656248,3.0608154296875,0.44746679067611694,0.15452156960964203
5.20255615234375,2.6574816894531246,3.0076416015625003,0.6365286111831665,0.2421964555978775
5.07572998046875,1.9449475097656248,3.0076416015625003,0.4225621223449707,0.1462879776954651
0.20755615234375002,7.654981689453124,8.0108154296875,0.26434600353240967,0.3759036958217621
0.08072998046874999,7.654981689453124,8.0108154296875,0.25134503841400146,0.3668414354324341
0.20755615234375002,6.942447509765624,8.0108154296875,0.262277215719223,0.35625985264778137
0.20755615234375002,7.654981689453124,7.9576416015625,0.26416468620300293,0.3752593696117401
0.08072998046874999,6.942447509765624,7.9576416015625,0.251200795173645,0.34937191009521484
0.28560302734375004,4.141114501953124,2.6740966796875,0.25153204798698425,0.21553988754749298
6.40252685546875,4.141114501953124,2.6740966796875,1.125622034072876,0.3891691267490387
0.28560302734375004,7.957564697265624,2.6740966796875,0.25648200511932373,0.30980080366134644
0.28560302734375004,4.141114501953124,6.1787353515625,0.25726553797721863,0.25164395570755005
6.40252685546875,7.957564697265624,6.1787353515625,1.9542667865753174,0.7178978323936462
5.28060302734375,9.138614501953125,7.6240966796875,1.704219937324524,0.7390977740287781
1.4075268554687501,9.138614501953125,7.6240966796875,0.5182983875274658,0.5406193137168884
5.28060302734375,2.960064697265625,7.6240966796875,1.1863731145858765,0.4923918545246124
5.28060302734375,9.138614501953125,1.2287353515625001,0.8696166276931763,0.3488878011703491
1.4075268554687501,2.960064697265625,1.2287353515625001,0.25961554050445557,0.13433535397052765
7.77810302734375,1.6423645019531248,0.1990966796875,0.26859620213508606,0.043740060180425644
8.90002685546875,1.6423645019531248,0.1990966796875,0.27257126569747925,0.041091710329055786
7.77810302734375,0.46131469726562496,0.1990966796875,0.25161099433898926,0.021120741963386536
7.77810302734375,1.6423645019531248,3.7037353515625,0.8934600949287415,0.24783362448215485
8.90002685546875,0.46131469726562496,3.7037353515625,0.2866164743900299,0.03760421276092529
2.78310302734375,6.639864501953125,5.1490966796875,0.74029541015625,0.5018471479415894
3.90502685546875,6.639864501953125,5.1490966796875,1.0522505044937134,0.56586754322052
2.78310302734375,5.458814697265624,5.1490966796875,0.6762734651565552,0.44902583956718445
2.78310302734375,6.639864501953125,8.6537353515625,0.8522133827209473,0.5909497737884521
3.90502685546875,5.458814697265624,8.6537353515625,1.1191859245300293,0.6057724356651306
4.03185302734375,0.392989501953125,8.8615966796875,0.2714480757713318,0.04118460789322853
2.6562768554687497,0.392989501953125,8.8615966796875,0.26148706674575806,0.04003380611538887
4.03185302734375,6.708189697265625,8.8615966796875,1.2362220287322998,0.6595441102981567
4.03185302734375,0.392989501953125,7.4162353515624995,0.26752060651779175,0.0390988253057003
2.6562768554687497,6.708189697265625,7.4162353515624995,0.7902469038963318,0.5621631145477295
9.02685302734375,5.390489501953124,3.9115966796875004,2.32639741897583,0.6245607137680054
7.65127685546875,5.390489501953124,3.9115966796875004,1.9144381284713745,0.5923681855201721
9.02685302734375,1.7106896972656247,3.9115966796875004,1.2545185089111328,0.3161425292491913
9.02685302734375,5.390489501953124,2.4662353515625,1.945592999458313,0.5137952566146851
7.65127685546875,1.7106896972656247,2.4662353515625,0.5755336284637451,0.1500520259141922
6.52935302734375,2.8917395019531247,6.3865966796875,1.4423383474349976,0.5036185383796692
0.15877685546875,2.8917395019531247,6.3865966796875,0.24939905107021332,0.19673818349838257
6.52935302734375,4.2094396972656245,6.3865966796875,1.6852595806121826,0.5988291501998901
6.52935302734375,2.8917395019531247,4.9412353515625,1.302362322807312,0.44930511713027954
0.15877685546875,4.2094396972656245,4.9412353515625,0.2503332197666168,0.24252445995807648
1.53435302734375,7.889239501953124,1.4365966796875,0.30067241191864014,0.2346848100423813
5.15377685546875,7.889239501953124,1.4365966796875,0.8496469259262085,0.3470834493637085
1.53435302734375,9.206939697265625,1.4365966796875,0.3125009834766388,0.2548830807209015
1.53435302734375,7.889239501953124,9.8912353515625,0.5561582446098328,0.5540550947189331
5.15377685546875,9.206939697265625,9.8912353515625,1.718248963356018,0.7625420093536377
2.15872802734375,2.267052001953125,7.0053466796874995,0.35332441329956055,0.20911382138729095
8.27565185546875,2.267052001953125,7.0053466796874995,1.7903566360473633,0.5106944441795349
2.15872802734375,3.5847521972656247,7.0053466796874995,0.47040855884552,0.33813565969467163
2.15872802734375,2.267052001953125,8.0349853515625,0.3714577555656433,0.22659045457839966
8.27565185546875,3.5847521972656247,8.0349853515625,2.214315414428711,0.6446338891983032
7.15372802734375,7.264552001953124,2.0553466796875,1.511680245399475,0.4875012934207916
3.28065185546875,7.264552001953124,2.0553466796875,0.5878573656082153,0.33470839262008667
7.15372802734375,8.582252197265625,2.0553466796875,1.620471477508545,0.5264264941215515
7.15372802734375,7.264552001953124,3.0849853515625,1.8025546073913574,0.5914602279663086
3.28065185546875,8.582252197265625,3.0849853515625,0.7995473742485046,0.4816296100616455
9.65122802734375,4.765802001953125,9.4803466796875,2.896146535873413,0.7428848743438721
5.77815185546875,4.765802001953125,9.4803466796875,1.6561838388442993,0.6588297486305237
9.65122802734375,6.0835021972656245,9.4803466796875,3.029160737991333,0.7794649600982666
9.65122802734375,4.765802001953125,0.6099853515625,0.7457548975944519,0.16332176327705383
5.77815185546875,6.0835021972656245,0.6099853515625,0.4326930344104767,0.13875067234039307
4.65622802734375,9.763302001953125,4.5303466796875,1.3793118000030518,0.6564443111419678
0.78315185546875,9.763302001953125,4.5303466796875,0.3293507695198059,0.4050186276435852
4.65622802734375,1.0860021972656249,4.5303466796875,0.3185313642024994,0.0922708511352539
4.65622802734375,9.763302001953125,5.5599853515625,1.443289875984192,0.6902232766151428
0.78315185546875,1.0860021972656249,5.5599853515625,0.2535538375377655,0.08954072743654251
3.4074780273437497,3.5164270019531245,0.8178466796875,0.28357869386672974,0.10939273983240128
2.03190185546875,3.5164270019531245,0.8178466796875,0.26569345593452454,0.12682493031024933
3.4074780273437497,2.3353771972656245,0.8178466796875,0.26954156160354614,0.0884430855512619
3.4074780273437497,3.5164270019531245,9.2724853515625,0.8221510648727417,0.47456973791122437
2.03190185546875,2.3353771972656245,9.2724853515625,0.38029277324676514,0.2449021190404892
8.40247802734375,8.513927001953125,5.7678466796875,2.606301784515381,0.7575749754905701
7.02690185546875,8.513927001953125,5.7678466796875,2.1592934131622314,0.7330349087715149
8.40247802734375,7.332877197265624,5.7678466796875,2.534226179122925,0.7349662780761719
8.40247802734375,8.513927001953125,4.3224853515624995,2.475271701812744,0.7162154316902161
7.02690185546875,7.332877197265624,4.3224853515624995,1.9643245935440063,0.6610023379325867
5.90497802734375,1.0176770019531247,3.2928466796875,0.3106769621372223,0.07416515052318573
4.52940185546875,1.0176770019531247,3.2928466796875,0.286532998085022,0.07318325340747833
5.90497802734375,9.831627197265625,3.2928466796875,1.6283951997756958,0.6341358423233032
5.90497802734375,1.0176770019531247,1.8474853515625,0.27857133746147156,0.05731785297393799
4.52940185546875,9.831627197265625,1.8474853515625,0.9475336074829102,0.44250914454460144
0.90997802734375,6.015177001953124,8.2428466796875,0.3501773774623871,0.38842666149139404
9.52440185546875,6.015177001953124,8.2428466796875,2.936149835586548,0.7634280323982239
0.90997802734375,4.834127197265625,8.2428466796875,0.32721248269081116,0.3336852490901947
0.90997802734375,6.015177001953124,6.7974853515625,0.3352133631706238,0.36229589581489563
9.52440185546875,4.834127197265625,6.7974853515625,2.7302026748657227,0.7057758569717407
1.22216552734375,0.7053332519531249,2.3647216796875004,0.2496643364429474,0.051844384521245956
0.47096435546875004,0.7053332519531249,2.3647216796875004,0.24661368131637573,0.052546728402376175
1.22216552734375,5.146470947265625,2.3647216796875004,0.2836400866508484,0.22333450615406036
1.22216552734375,0.7053332519531249,4.0131103515625,0.2515422999858856,0.0572226420044899
0.47096435546875004,5.146470947265625,4.0131103515625,0.26436513662338257,0.2651277780532837
6.21716552734375,5.702833251953124,7.3147216796875,1.8024245500564575,0.6753833293914795
5.46596435546875,5.702833251953124,7.3147216796875,1.5683283805847168,0.6530614495277405
6.21716552734375,0.148970947265625,7.3147216796875,0.2565281391143799,0.014902151189744473
6.21716552734375,5.702833251953124,8.9631103515625,1.8624370098114014,0.7001816034317017
5.46596435546875,0.148970947265625,8.9631103515625,0.25744447112083435,0.015596949495375156
8.71466552734375,3.204083251953125,4.8397216796875,1.976394534111023,0.5411543250083923
2.96846435546875,3.204083251953125,4.8397216796875,0.5054607391357422,0.2921268343925476
8.71466552734375,2.6477209472656247,4.8397216796875,1.807424545288086,0.49061059951782227
8.71466552734375,3.204083251953125,6.4881103515625,2.162271499633789,0.5973427891731262
2.96846435546875,2.6477209472656247,6.4881103515625,0.512294352054596,0.2935032248497009
3.71966552734375,8.201583251953124,9.7897216796875,1.2190645933151245,0.6971880197525024
7.96346435546875,8.201583251953124,9.7897216796875,2.608064889907837,0.7984737157821655
3.71966552734375,7.645220947265624,9.7897216796875,1.1991380453109741,0.6841872334480286
3.71966552734375,8.201583251953124,1.5381103515625,0.6105161905288696,0.3155113756656647
7.96346435546875,7.645220947265624,1.5381103515625,1.5225741863250732,0.4434041380882263
4.96841552734375,4.4534582519531245,6.0772216796875,1.2382409572601318,0.5472968816757202
9.21221435546875,4.4534582519531245,6.0772216796875,2.521230459213257,0.6687329411506653
4.96841552734375,8.894595947265625,6.0772216796875,1.535281777381897,0.696641743183136
4.96841552734375,4.4534582519531245,2.7756103515625004,0.8604061007499695,0.362228661775589
9.21221435546875,8.894595947265625,2.7756103515625004,2.4693446159362793,0.6531455516815186
9.96341552734375,9.450958251953125,1.1272216796875,1.8996201753616333,0.45463839173316956
4.21721435546875,9.450958251953125,1.1272216796875,0.6396545767784119,0.29921042919158936
9.96341552734375,3.897095947265625,1.1272216796875,1.07366144657135,0.24081523716449738
9.96341552734375,9.450958251953125,7.7256103515625,3.2731363773345947,0.8207612633705139
4.21721435546875,3.897095947265625,7.7256103515625,1.0402113199234009,0.5197591185569763
7.46591552734375,1.9547082519531247,8.5522216796875,1.5423436164855957,0.4779556691646576
6.71471435546875,1.9547082519531247,8.5522216796875,1.3382879495620728,0.4508035480976105
7.46591552734375,1.3983459472656248,8.5522216796875,1.2422603368759155,0.3746853470802307
7.46591552734375,1.9547082519531247,5.2506103515625,1.2584538459777832,0.380524218082428
6.71471435546875,1.3983459472656248,5.2506103515625,0.7824723720550537,0.24258436262607574
2.4709155273437498,6.952208251953125,3.6022216796875,0.579387366771698,0.4123256802558899
1.71971435546875,6.952208251953125,3.6022216796875,0.4194156229496002,0.3559686541557312
2.4709155273437498,6.395845947265625,3.6022216796875,0.5544081926345825,0.3897017538547516
2.4709155273437498,6.952208251953125,0.30061035156250004,0.2787010371685028,0.13941550254821777
1.71971435546875,6.395845947265625,0.30061035156250004,0.2656155526638031,0.1523950695991516
1.84654052734375,2.5793957519531245,7.9334716796875,0.35829824209213257,0.23983511328697205
4.8415893554687495,2.5793957519531245,7.9334716796875,1.0022956132888794,0.4388534426689148
1.84654052734375,0.7736584472656249,7.9334716796875,0.26638370752334595,0.07374937832355499
1.84654052734375,2.5793957519531245,2.1568603515625,0.2715989947319031,0.13600175082683563
4.8415893554687495,0.7736584472656249,2.1568603515625,0.26655080914497375,0.05049464851617813
6.84154052734375,7.576895751953124,2.9834716796875003,1.7145676612854004,0.5841638445854187
9.83658935546875,7.576895751953124,2.9834716796875003,2.609394073486328,0.6503294706344604
6.84154052734375,5.771158447265624,2.9834716796875003,1.5454262495040894,0.5208651423454285
6.84154052734375,7.576895751953124,7.1068603515625,2.120194435119629,0.7371072173118591
9.83658935546875,5.771158447265624,7.1068603515625,2.959211826324463,0.7459660172462463
9.33904052734375,0.080645751953125,5.4584716796874995,0.2526730000972748,0.007651344407349825
2.34408935546875,0.080645751953125,5.4584716796874995,0.24661684036254883,0.007578778080642223
9.33904052734375,8.269908447265625,5.4584716796874995,2.876293659210205,0.7605839371681213
9.33904052734375,0.080645751953125,9.5818603515625,0.25662991404533386,0.008609117940068245
2.34408935546875,8.269908447265625,9.5818603515625,0.7941024899482727,0.6257818937301636
4.34404052734375,5.078145751953125,0.5084716796875001,0.305600643157959,0.10797283053398132
7.33908935546875,5.078145751953125,0.5084716796875001,0.4356384873390198,0.11168625950813293
4.34404052734375,3.2724084472656245,0.5084716796875001,0.28053733706474304,0.08725600689649582
4.34404052734375,5.078145751953125,4.6318603515625,1.0214577913284302,0.49725329875946045
7.33908935546875,3.2724084472656245,4.6318603515625,1.5753841400146484,0.49729180335998535
3.09529052734375,1.3300207519531249,4.2209716796875,0.29064279794692993,0.1019672378897667
6.09033935546875,1.3300207519531249,4.2209716796875,0.4916033148765564,0.1492374837398529
3.09529052734375,4.521783447265625,4.2209716796875,0.6234062314033508,0.3720797300338745
3.09529052734375,1.3300207519531249,0.9193603515625,0.2575114667415619,0.06568951904773712
6.09033935546875,4.521783447265625,0.9193603515625,0.4625898003578186,0.1435297429561615
8.09029052734375,6.3275207519531245,9.1709716796875,2.5231258869171143,0.7589895725250244
1.09533935546875,6.3275207519531245,9.1709716796875,0.40317073464393616,0.43860387802124023
8.09029052734375,9.519283447265625,9.1709716796875,2.6911468505859375,0.8134072422981262
8.09029052734375,6.3275207519531245,5.8693603515624995,2.3642849922180176,0.7070627212524414
1.09533935546875,9.519283447265625,5.8693603515624995,0.4153039753437042,0.474112868309021
5.59279052734375,3.8287707519531247,1.7459716796875002,0.6215597987174988,0.2220732867717743
8.58783935546875,3.8287707519531247,1.7459716796875002,1.2014960050582886,0.31631386280059814
5.59279052734375,7.020533447265624,1.7459716796875002,0.9934937953948975,0.3844594359397888
5.59279052734375,3.8287707519531247,8.3443603515625,1.4522970914840698,0.5867303609848022
8.58783935546875,7.020533447265624,8.3443603515625,2.707268238067627,0.7731826305389404
0.59779052734375,8.826270751953125,6.6959716796875,0.31722989678382874,0.4214801490306854
3.5928393554687497,8.826270751953125,6.6959716796875,1.1272658109664917,0.6584204435348511
0.59779052734375,2.023033447265625,6.6959716796875,0.2593095302581787,0.1554495394229889
0.59779052734375,8.826270751953125,3.3943603515625003,0.2834099233150482,0.3404826819896698
3.5928393554687497,2.023033447265625,3.3943603515625003,0.33763545751571655,0.138092041015625
0.44169677734375,1.7985363769531248,9.6350341796875,0.25724896788597107,0.15124715864658356
1.87580810546875,1.7985363769531248,9.6350341796875,0.32433071732521057,0.18108141422271729
0.44169677734375,9.363111572265625,9.6350341796875,0.311114102602005,0.46037665009498596
0.44169677734375,1.7985363769531248,4.4771728515625,0.2514626979827881,0.1299532800912857
1.87580810546875,9.363111572265625,4.4771728515625,0.5624342560768127,0.49267035722732544
5.43669677734375,6.796036376953125,4.6850341796874995,1.4784132242202759,0.6149667501449585
6.8708081054687495,6.796036376953125,4.6850341796874995,1.9153308868408203,0.6568755507469177
5.43669677734375,4.365611572265625,4.6850341796874995,1.248300552368164,0.508658766746521
5.43669677734375,6.796036376953125,9.4271728515625,1.697167992591858,0.7161994576454163
6.8708081054687495,4.365611572265625,9.4271728515625,1.9522114992141724,0.6710712313652039
7.93419677734375,4.297286376953124,7.1600341796875,2.176320791244507,0.6585966944694519
4.37330810546875,4.297286376953124,7.1600341796875,1.1073437929153442,0.5408437848091125
7.93419677734375,1.8668615722656248,7.1600341796875,1.5353307723999023,0.44858625531196594
7.93419677734375,4.297286376953124,6.9521728515625,2.1642603874206543,0.6545673608779907
4.37330810546875,1.8668615722656248,6.9521728515625,0.65035080909729,0.28518912196159363
2.9391967773437497,9.294786376953125,2.2100341796875003,0.6274908781051636,0.3980826735496521
9.36830810546875,9.294786376953125,2.2100341796875003,2.3595027923583984,0.6115692853927612
2.9391967773437497,6.864361572265624,2.2100341796875003,0.5264986753463745,0.31984707713127136
2.9391967773437497,9.294786376953125,2.0021728515625,0.5945740342140198,0.3733299672603607
9.36830810546875,6.864361572265624,2.0021728515625,2.0415356159210205,0.5223443508148193
4.1879467773437495,3.0479113769531248,3.4475341796875,0.5935441851615906,0.2696014642715454
8.11955810546875,3.0479113769531248,3.4475341796875,1.504584550857544,0.4289202094078064
4.1879467773437495,5.614986572265624,3.4475341796875,0.9024914503097534,0.446478009223938
4.1879467773437495,3.0479113769531248,3.2396728515625,0.5655814409255981,0.2541690766811371
8.11955810546875,5.614986572265624,3.2396728515625,1.9484058618545532,0.5703270435333252
9.18294677734375,8.045411376953124,8.3975341796875,2.968198299407959,0.8000662922859192
3.1245581054687497,8.045411376953124,8.3975341796875,1.0021885633468628,0.6484838724136353
9.18294677734375,0.617486572265625,8.3975341796875,0.6724129319190979,0.14780890941619873
9.18294677734375,8.045411376953124,8.1896728515625,2.961160659790039,0.7980045676231384
3.1245581054687497,0.617486572265625,8.1896728515625,0.2773893475532532,0.06259717792272568
6.68544677734375,0.549161376953125,0.9725341796875,0.2565837502479553,0.03030106984078884
5.62205810546875,0.549161376953125,0.9725341796875,0.25462615489959717,0.03130572661757469
6.68544677734375,3.1162365722656244,0.9725341796875,0.36356163024902344,0.095984548330307
6.68544677734375,0.549161376953125,5.7146728515625,0.3024885952472687,0.05363393947482109
5.62205810546875,3.1162365722656244,5.7146728515625,1.1903820037841797,0.4667994976043701
1.6904467773437502,5.546661376953124,5.9225341796875,0.45332926511764526,0.3927544951438904
0.6270581054687501,5.546661376953124,5.9225341796875,0.287271648645401,0.3104168772697449
1.6904467773437502,8.113736572265625,5.9225341796875,0.5343484878540039,0.49490660429000854
1.6904467773437502,5.546661376953124,0.7646728515625,0.27169278264045715,0.16510476171970367
0.6270581054687501,8.113736572265625,0.7646728515625,0.257612943649292,0.23875699937343597
2.31482177734375,4.921973876953125,0.3537841796875,0.26858392357826233,0.12593819200992584
3.74893310546875,4.921973876953125,0.3537841796875,0.28469040989875793,0.10465184599161148
2.31482177734375,4.990299072265625,0.3537841796875,0.26869651675224304,0.12656062841415405
2.31482177734375,4.921973876953125,1.3834228515625002,0.2986605763435364,0.1687476634979248
3.74893310546875,4.990299072265625,1.3834228515625002,0.38670995831489563,0.17503030598163605
7.30982177734375,9.919473876953125,5.3037841796875,2.2853968143463135,0.7508628964424133
8.74393310546875,9.919473876953125,5.3037841796875,2.7543082237243652,0.773666501045227
7.30982177734375,9.987799072265625,5.3037841796875,2.2883076667785645,0.7518972158432007
7.30982177734375,9.919473876953125,6.3334228515625,2.346330404281616,0.772673487663269
8.74393310546875,9.987799072265625,6.3334228515625,2.8232645988464355,0.7946814298629761
9.80732177734375,2.423223876953125,2.8287841796875,1.4985260963439941,0.3554571568965912
1.25143310546875,2.423223876953125,2.8287841796875,0.2647952437400818,0.14490975439548492
9.80732177734375,7.489049072265624,2.8287841796875,2.5483264923095703,0.6356939077377319
9.80732177734375,2.423223876953125,8.8084228515625,2.4232845306396484,0.6034619808197021
1.25143310546875,7.489049072265624,8.8084228515625,0.4611978530883789,0.49531856179237366
4.81232177734375,7.420723876953124,7.7787841796875,1.4862139225006104,0.6916126012802124
6.24643310546875,7.420723876953124,7.7787841796875,1.945224404335022,0.7310643196105957
4.81232177734375,2.4915490722656246,7.7787841796875,0.9672338962554932,0.4233240485191345
4.81232177734375,7.420723876953124,3.8584228515625,1.251420497894287,0.5714386105537415
6.24643310546875,2.4915490722656246,3.8584228515625,0.9624799489974976,0.3323385715484619
3.56357177734375,1.1738488769531248,6.5412841796875,0.3275226354598999,0.11622970551252365
7.49518310546875,1.1738488769531248,6.5412841796875,0.9193313717842102,0.2639835774898529
3.56357177734375,1.2421740722656247,6.5412841796875,0.3374546766281128,0.12476394325494766
3.56357177734375,1.1738488769531248,0.1459228515625,0.25258803367614746,0.047713860869407654
7.49518310546875,1.2421740722656247,0.1459228515625,0.2607094943523407,0.03792911395430565
8.55857177734375,6.171348876953124,1.5912841796875001,1.5296764373779297,0.4154842793941498
2.50018310546875,6.171348876953124,1.5912841796875001,0.34754395484924316,0.20941205322742462
8.55857177734375,6.2396740722656245,1.5912841796875001,1.5385215282440186,0.4181513786315918
8.55857177734375,6.171348876953124,5.0959228515624995,2.431419849395752,0.6902420520782471
2.50018310546875,6.2396740722656245,5.0959228515624995,0.6443525552749634,0.46277764439582825
6.06107177734375,3.6725988769531246,9.0162841796875,1.5942306518554688,0.6039661169052124
9.99268310546875,3.6725988769531246,9.0162841796875,2.820159435272217,0.6979736685752869
6.06107177734375,8.738424072265625,9.0162841796875,1.9811474084854126,0.7671335339546204
6.06107177734375,3.6725988769531246,7.5709228515625,1.5343647003173828,0.57876056432724
9.99268310546875,8.738424072265625,7.5709228515625,3.243114948272705,0.8104239702224731
1.06607177734375,8.670098876953125,4.0662841796875,0.3543145954608917,0.38258078694343567
4.99768310546875,8.670098876953125,4.0662841796875,1.3953361511230469,0.6234828233718872
1.06607177734375,3.7409240722656247,4.0662841796875,0.28242602944374084,0.21837082505226135
1.06607177734375,8.670098876953125,2.6209228515625003,0.31250327825546265,0.31423524022102356
4.99768310546875,3.7409240722656247,2.6209228515625003,0.7315155267715454,0.2978428900241852
0.7538842773437501,3.3602551269531244,5.6131591796875,0.2734638452529907,0.2201823890209198
5.30987060546875,3.3602551269531244,5.6131591796875,1.1443825960159302,0.47069525718688965
0.7538842773437501,6.552017822265625,5.6131591796875,0.30725187063217163,0.3443547487258911
0.7538842773437501,3.3602551269531244,5.4052978515625,0.2723997235298157,0.2177785187959671
5.30987060546875,6.552017822265625,5.4052978515625,1.4794270992279053,0.6289194226264954
5.74888427734375,8.357755126953125,0.6631591796875,0.6205703020095825,0.21711228787899017
0.31487060546875,8.357755126953125,0.6631591796875,0.2506760358810425,0.2564361095428467
5.74888427734375,1.5545178222656248,0.6631591796875,0.26965683698654175,0.05687437206506729
5.74888427734375,8.357755126953125,0.4552978515625,0.49664565920829773,0.16566014289855957
0.31487060546875,1.5545178222656248,0.4552978515625,0.24560897052288055,0.0843086689710617
8.24638427734375,0.861505126953125,8.0881591796875,0.8784099817276001,0.22780439257621765
7.80737060546875,0.861505126953125,8.0881591796875,0.7894164323806763,0.21096999943256378
8.24638427734375,4.053267822265624,8.0881591796875,2.2882347106933594,0.6703389883041382
8.24638427734375,0.861505126953125,2.9302978515625,0.3226079046726227,0.06063705310225487
7.80737060546875,4.053267822265624,2.9302978515625,1.5325292348861694,0.4547102451324463
3.25138427734375,5.859005126953124,3.1381591796875004,0.6565953493118286,0.38295575976371765
2.81237060546875,5.859005126953124,3.1381591796875004,0.5604814887046814,0.3559684753417969
3.25138427734375,9.050767822265625,3.1381591796875004,0.8164765238761902,0.49742573499679565
3.25138427734375,5.859005126953124,7.8802978515625,0.9312059879302979,0.5750129222869873
2.81237060546875,9.050767822265625,7.8802978515625,0.9272629618644714,0.648120105266571
4.50013427734375,2.1108801269531248,1.9006591796875,0.3107280731201172,0.10221105813980103
4.06112060546875,2.1108801269531248,1.9006591796875,0.29966801404953003,0.10287179797887802
4.50013427734375,7.801392822265624,1.9006591796875,0.847579300403595,0.391277015209198
4.50013427734375,2.1108801269531248,6.6427978515624995,0.7343745231628418,0.32386159896850586
4.06112060546875,7.801392822265624,6.6427978515624995,1.230293869972229,0.6523598432540894
9.49513427734375,7.108380126953124,6.8506591796875,2.9451870918273926,0.7680138945579529
9.05612060546875,7.108380126953124,6.8506591796875,2.801246404647827,0.7618672251701355
9.49513427734375,2.8038928222656248,6.8506591796875,2.3183064460754395,0.5930799841880798
9.49513427734375,7.108380126953124,1.6927978515625002,1.9406650066375732,0.48777931928634644
9.05612060546875,2.8038928222656248,1.6927978515625002,0.961642324924469,0.23353974521160126
6.99763427734375,4.609630126953125,4.3756591796875,1.6874754428863525,0.561587929725647
1.56362060546875,4.609630126953125,4.3756591796875,0.3474050462245941,0.2779467701911926
6.99763427734375,0.305142822265625,4.3756591796875,0.2656049430370331,0.026813551783561707
6.99763427734375,4.609630126953125,4.1677978515625,1.6584736108779907,0.5509427189826965
1.56362060546875,0.305142822265625,4.1677978515625,0.24870961904525757,0.026465170085430145
2.0026342773437498,9.607130126953125,9.3256591796875,0.7202215790748596,0.6308000683784485
6.55862060546875,9.607130126953125,9.3256591796875,2.1853315830230713,0.7926881313323975
2.0026342773437498,5.302642822265624,9.3256591796875,0.5881645083427429,0.48570215702056885
2.0026342773437498,9.607130126953125,9.1177978515625,0.7182257175445557,0.6286500692367554
6.55862060546875,5.302642822265624,9.1177978515625,1.9421570301055908,0.6971920132637024
1.37825927734375,0.236817626953125,4.9944091796875,0.24775856733322144,0.021420195698738098
9.68049560546875,0.236817626953125,4.9944091796875,0.2708255648612976,0.02198232151567936
1.37825927734375,2.179205322265625,4.9944091796875,0.27845677733421326,0.15786318480968475
1.37825927734375,0.236817626953125,8.4990478515625,0.24949368834495544,0.023626074194908142
9.68049560546875,2.179205322265625,8.4990478515625,2.270254135131836,0.5693395137786865
6.37325927734375,5.234317626953125,9.9444091796875,1.9002456665039062,0.6993629336357117
4.68549560546875,5.234317626953125,9.9444091796875,1.3712048530578613,0.6472682952880859
6.37325927734375,7.176705322265624,9.9444091796875,2.034214496612549,0.753331184387207
6.37325927734375,5.234317626953125,3.5490478515625004,1.4655033349990845,0.5250100493431091
4.68549560546875,7.176705322265624,3.5490478515625004,1.1633895635604858,0.5394895672798157
8.87075927734375,2.7355676269531246,2.5194091796875,1.2926878929138184,0.3325638175010681
7.18299560546875,2.7355676269531246,2.5194091796875,0.9275942444801331,0.279872328042984
8.87075927734375,9.675455322265625,2.5194091796875,2.345447540283203,0.6407979130744934
8.87075927734375,2.7355676269531246,1.0740478515625,0.5277414917945862,0.11807189881801605
7.18299560546875,9.675455322265625,1.0740478515625,1.229683518409729,0.3864356279373169
3.8757592773437497,7.733067626953124,7.4694091796875,1.1984055042266846,0.6598536968231201
2.1879956054687497,7.733067626953124,7.4694091796875,0.696192741394043,0.5647197365760803
3.8757592773437497,4.677955322265625,7.4694091796875,1.014275074005127,0.5445718169212341
3.8757592773437497,7.733067626953124,6.0240478515625,1.1453142166137695,0.6272446513175964
2.1879956054687497,4.677955322265625,6.0240478515625,0.5233492255210876,0.3915404677391052
2.62700927734375,3.9849426269531247,8.7069091796875,0.6532326340675354,0.4460992217063904
0.93924560546875,3.9849426269531247,8.7069091796875,0.31623438000679016,0.29607751965522766
2.62700927734375,3.4285803222656246,8.7069091796875,0.6021774411201477,0.4011470377445221
2.62700927734375,3.9849426269531247,9.7365478515625,0.6741654872894287,0.4634521007537842
0.93924560546875,3.4285803222656246,9.7365478515625,0.3103099465370178,0.2736930251121521
7.62200927734375,8.982442626953125,3.7569091796875003,2.181337356567383,0.6856933832168579
5.93424560546875,8.982442626953125,3.7569091796875003,1.6595977544784546,0.644432783126831
7.62200927734375,8.426080322265625,3.7569091796875003,2.1474721431732178,0.6741151213645935
7.62200927734375,8.982442626953125,4.7865478515625,2.300349473953247,0.7265705466270447
5.93424560546875,8.426080322265625,4.7865478515625,1.7363572120666504,0.677193284034729
5.1245092773437495,1.4861926269531247,6.2319091796874995,0.6093795299530029,0.2278185486793518
3.43674560546875,1.4861926269531247,6.2319091796874995,0.36036360263824463,0.14908471703529358
5.1245092773437495,5.927330322265624,6.2319091796874995,1.429255485534668,0.6251709461212158
5.1245092773437495,1.4861926269531247,2.3115478515625,0.30461403727531433,0.0849931463599205
3.43674560546875,5.927330322265624,2.3115478515625,0.5855162143707275,0.31895604729652405
0.12950927734375,6.4836926269531245,1.2819091796875002,0.2477511167526245,0.2552943825721741
8.43174560546875,6.4836926269531245,1.2819091796875002,1.3495676517486572,0.36688482761383057
0.12950927734375,0.9298303222656249,1.2819091796875002,0.24463433027267456,0.06172926351428032
0.12950927734375,6.4836926269531245,7.2615478515625,0.25419604778289795,0.3342113196849823
8.43174560546875,0.9298303222656249,7.2615478515625,0.9343626499176025,0.24024195969104767
0.09048583984375,3.5554699707031245,8.5908935546875,0.2492433339357376,0.23793566226959229
2.6953002929687497,3.5554699707031245,8.5908935546875,0.6282316446304321,0.41516250371932983
0.09048583984375,5.419771728515625,8.5908935546875,0.2512209713459015,0.30946800112724304
0.09048583984375,3.5554699707031245,2.6595947265625,0.24651698768138885,0.19715215265750885
2.6953002929687497,5.419771728515625,2.6595947265625,0.4605112671852112,0.2871779501438141
5.0854858398437495,8.552969970703126,3.6408935546875,1.3683258295059204,0.6005281805992126
7.69030029296875,8.552969970703126,3.6408935546875,2.1593639850616455,0.6723834872245789
5.0854858398437495,0.42227172851562494,3.6408935546875,0.26273947954177856,0.034671396017074585
5.0854858398437495,8.552969970703126,7.6095947265625,1.618280053138733,0.7226741909980774
7.69030029296875,0.42227172851562494,7.6095947265625,0.311551034450531,0.047623902559280396
7.58298583984375,1.0567199707031247,6.1158935546875,0.7854395508766174,0.21667510271072388
0.19780029296875,1.0567199707031247,6.1158935546875,0.2464219331741333,0.08771912753582001
7.58298583984375,2.921021728515625,6.1158935546875,1.7244670391082764,0.5327682495117188
7.58298583984375,1.0567199707031247,5.1345947265625,0.6634309887886047,0.17703834176063538
0.19780029296875,2.921021728515625,5.1345947265625,0.2494715452194214,0.19072650372982025
2.58798583984375,6.054219970703125,1.1658935546875002,0.3165789246559143,0.17597781121730804
5.19280029296875,6.054219970703125,1.1658935546875002,0.6086336374282837,0.2328009158372879
2.58798583984375,7.918521728515624,1.1658935546875002,0.3537504971027374,0.21171778440475464
2.58798583984375,6.054219970703125,0.1845947265625,0.2716962397098541,0.12332628667354584
5.19280029296875,7.918521728515624,0.1845947265625,0.3315529525279999,0.10641353577375412
3.8367358398437497,2.306094970703125,4.8783935546874995,0.526390016078949,0.2466668039560318
6.44155029296875,2.306094970703125,4.8783935546874995,1.0983803272247314,0.3751731812953949
3.8367358398437497,9.167896728515625,4.8783935546874995,1.1313408613204956,0.6248008012771606
3.8367358398437497,2.306094970703125,3.8970947265625004,0.44264253973960876,0.1970769166946411
6.44155029296875,9.167896728515625,3.8970947265625004,1.8425880670547485,0.6692712903022766
8.83173583984375,7.3035949707031245,9.8283935546875,2.852139949798584,0.7960510849952698
1.44655029296875,7.3035949707031245,9.8283935546875,0.5181230306625366,0.5250403881072998
8.83173583984375,4.170396728515625,9.8283935546875,2.5631961822509766,0.7097852230072021
8.83173583984375,7.3035949707031245,8.8470947265625,2.823193073272705,0.7873489260673523
1.44655029296875,4.170396728515625,8.8470947265625,0.4011705219745636,0.35484278202056885
6.33423583984375,4.804844970703124,2.4033935546875003,1.1384696960449219,0.3984164297580719
8.93905029296875,4.804844970703124,2.4033935546875003,1.799567699432373,0.4761785864830017
6.33423583984375,1.6716467285156247,2.4033935546875003,0.38068363070487976,0.10457023233175278
6.33423583984375,4.804844970703124,6.3720947265625,1.700384259223938,0.6223522424697876
8.93905029296875,1.6716467285156247,6.3720947265625,1.6174358129501343,0.42370766401290894
1.33923583984375,9.802344970703125,7.3533935546875,0.5073559284210205,0.545089066028595
3.94405029296875,9.802344970703125,7.3533935546875,1.2882986068725586,0.7051807641983032
1.33923583984375,6.669146728515624,7.3533935546875,0.4424106180667877,0.44638749957084656
1.33923583984375,9.802344970703125,1.4220947265625001,0.3036540150642395,0.2650090456008911
3.94405029296875,6.669146728515624,1.4220947265625001,0.5355827808380127,0.2552316188812256
1.96361083984375,0.43203247070312495,1.7846435546875001,0.24866068363189697,0.03131106123328209
2.0709252929687496,0.43203247070312495,1.7846435546875001,0.2486952245235443,0.03120911680161953
1.96361083984375,1.0469592285156248,1.7846435546875001,0.2545519769191742,0.06712579727172852
1.96361083984375,0.43203247070312495,0.8033447265625,0.24689382314682007,0.027684934437274933
2.0709252929687496,1.0469592285156248,0.8033447265625,0.2505831718444824,0.05756901577115059
6.95861083984375,5.4295324707031245,6.7346435546875,1.9813120365142822,0.6736375689506531
7.06592529296875,5.4295324707031245,6.7346435546875,2.0143752098083496,0.676069974899292
6.95861083984375,6.044459228515624,6.7346435546875,2.036267042160034,0.6940791010856628
6.95861083984375,5.4295324707031245,5.7533447265625,1.9164397716522217,0.6494455337524414
7.06592529296875,6.044459228515624,5.7533447265625,2.0075013637542725,0.6734483242034912
9.45611083984375,2.9307824707031247,4.2596435546875,2.007347345352173,0.508330762386322
4.56842529296875,2.9307824707031247,4.2596435546875,0.7504425048828125,0.3307186961174011
9.45611083984375,8.543209228515625,4.2596435546875,2.80625319480896,0.7314876317977905
9.45611083984375,2.9307824707031247,8.2283447265625,2.4413836002349854,0.630138635635376
4.56842529296875,8.543209228515625,8.2283447265625,1.4692041873931885,0.715816080570221
4.46111083984375,7.928282470703124,9.2096435546875,1.434138298034668,0.7117749452590942
9.56342529296875,7.928282470703124,9.2096435546875,3.1152615547180176,0.8102142214775085
4.46111083984375,3.5457092285156246,9.2096435546875,1.114250659942627,0.5343748927116394
4.46111083984375,7.928282470703124,3.2783447265625,1.1094022989273071,0.53484708070755
9.56342529296875,3.5457092285156246,3.2783447265625,1.985495686531067,0.49656957387924194
3.21236083984375,4.180157470703125,5.4971435546875,0.7034167647361755,0.4161830544471741
8.314675292968749,4.180157470703125,5.4971435546875,2.1453304290771484,0.6195271611213684
3.21236083984375,4.795084228515624,5.4971435546875,0.757331371307373,0.4555708169937134
3.21236083984375,4.180157470703125,2.0408447265625003,0.37775591015815735,0.1904090940952301
8.314675292968749,4.795084228515624,2.0408447265625003,1.4855501651763916,0.41355088353157043
8.20736083984375,9.177657470703124,0.5471435546875,0.9816262125968933,0.26304513216018677
3.31967529296875,9.177657470703124,0.5471435546875,0.3417232632637024,0.16526788473129272
8.20736083984375,9.792584228515626,0.5471435546875,1.0266902446746826,0.27688607573509216
8.20736083984375,9.177657470703124,6.9908447265625,2.6433088779449463,0.7868508100509644
3.31967529296875,9.792584228515626,6.9908447265625,1.0812913179397583,0.672576904296875
5.70986083984375,1.6814074707031248,7.9721435546875,0.9362374544143677,0.34775179624557495
5.8171752929687495,1.6814074707031248,7.9721435546875,0.9623439311981201,0.3530082106590271
5.70986083984375,7.293834228515625,7.9721435546875,1.7722108364105225,0.7178013324737549
5.70986083984375,1.6814074707031248,9.4658447265625,1.006361484527588,0.378123015165329
5.8171752929687495,7.293834228515625,9.4658447265625,1.8471906185150146,0.7383430600166321
0.71486083984375,6.678907470703124,3.0221435546875,0.2775057256221771,0.28484785556793213
0.82217529296875,6.678907470703124,3.0221435546875,0.28449204564094543,0.28485703468322754
0.71486083984375,2.2963342285156245,3.0221435546875,0.25559526681900024,0.1445228010416031
0.71486083984375,6.678907470703124,4.5158447265624995,0.2933059334754944,0.32259854674339294
0.82217529296875,2.2963342285156245,4.5158447265624995,0.26238277554512024,0.158065527677536
1.02704833984375,1.3690637207031249,6.4252685546874995,0.2613790035247803,0.11323462426662445
9.25123779296875,1.3690637207031249,6.4252685546874995,1.4833303689956665,0.3723505735397339
1.02704833984375,7.606177978515625,6.4252685546874995,0.3792361915111542,0.4247628450393677
1.02704833984375,1.3690637207031249,7.3002197265625,0.26335951685905457,0.116853728890419
9.25123779296875,7.606177978515625,7.3002197265625,2.921245813369751,0.7807907462120056
6.02204833984375,6.366563720703124,1.4752685546875002,0.9226104021072388,0.32976049184799194
4.25623779296875,6.366563720703124,1.4752685546875002,0.582588791847229,0.2642747163772583
6.02204833984375,2.6086779785156247,1.4752685546875002,0.37385690212249756,0.10898049175739288
6.02204833984375,6.366563720703124,2.3502197265625,1.228513479232788,0.4554102420806885
4.25623779296875,2.6086779785156247,2.3502197265625,0.3725208044052124,0.1450507938861847
8.51954833984375,3.8678137207031247,8.9002685546875,2.381211996078491,0.6784746050834656
6.75373779296875,3.8678137207031247,8.9002685546875,1.8302909135818481,0.6354379653930664
8.51954833984375,0.109927978515625,8.9002685546875,0.25958770513534546,0.011650530621409416
8.51954833984375,3.8678137207031247,4.8252197265625,2.070374011993408,0.5819581747055054
6.75373779296875,0.109927978515625,4.8252197265625,0.2517121732234955,0.010108237154781818
3.52454833984375,8.865313720703124,3.9502685546875003,0.9623492360115051,0.5601843595504761
1.75873779296875,8.865313720703124,3.9502685546875003,0.4973837435245514,0.44224926829338074
3.52454833984375,5.1074279785156245,3.9502685546875003,0.7503948211669922,0.41779255867004395
3.52454833984375,8.865313720703124,9.7752197265625,1.1791497468948364,0.7037798762321472
1.75873779296875,5.1074279785156245,9.7752197265625,0.5242916941642761,0.45928555727005005
4.77329833984375,2.6184387207031246,0.23776855468750002,0.26866963505744934,0.06844092905521393
0.50998779296875,2.6184387207031246,0.23776855468750002,0.24763086438179016,0.11613647639751434
4.77329833984375,6.356802978515624,0.23776855468750002,0.3074950575828552,0.10093163698911667
4.77329833984375,2.6184387207031246,6.0627197265624995,0.8903046250343323,0.38767895102500916
0.50998779296875,6.356802978515624,6.0627197265624995,0.28231990337371826,0.3327721059322357
9.76829833984375,7.615938720703125,5.1877685546875,2.9481804370880127,0.7476291060447693
5.50498779296875,7.615938720703125,5.1877685546875,1.5902878046035767,0.6590918302536011
9.76829833984375,1.3593029785156248,5.1877685546875,1.4214879274368286,0.3367914855480194
9.76829833984375,7.615938720703125,1.1127197265625002,1.6587190628051758,0.3992727994918823
5.50498779296875,1.3593029785156248,1.1127197265625002,0.2736922800540924,0.060470547527074814
7.27079833984375,0.119688720703125,2.7127685546875,0.24957290291786194,0.009739795699715614
3.00748779296875,0.119688720703125,2.7127685546875,0.24664625525474548,0.009873960167169571
7.27079833984375,3.858052978515625,2.7127685546875,1.2934784889221191,0.40316042304039
7.27079833984375,0.119688720703125,3.5877197265625003,0.25165581703186035,0.010367385111749172
3.00748779296875,3.858052978515625,3.5877197265625003,0.4904952645301819,0.2812967598438263
2.27579833984375,5.117188720703124,7.6627685546875,0.617223858833313,0.4686377942562103
8.00248779296875,5.117188720703124,7.6627685546875,2.3282268047332764,0.7029567360877991
2.27579833984375,8.855552978515625,7.6627685546875,0.7572361826896667,0.6065536141395569
2.27579833984375,5.117188720703124,8.5377197265625,0.635206937789917,0.48539963364601135
8.00248779296875,8.855552978515625,8.5377197265625,2.617227554321289,0.7976917028427124
1.6514233398437501,4.492501220703125,3.3315185546875004,0.32143840193748474,0.23678052425384521
6.12936279296875,4.492501220703125,3.3315185546875004,1.2615243196487427,0.46073439717292786
1.6514233398437501,3.2333654785156245,3.3315185546875004,0.29255151748657227,0.1856471747159958
1.6514233398437501,4.492501220703125,9.1564697265625,0.46215957403182983,0.40209755301475525
6.12936279296875,3.2333654785156245,9.1564697265625,1.54633367061615,0.5776971578598022
6.64642333984375,9.490001220703125,8.2815185546875,2.18441104888916,0.7824687957763672
1.13436279296875,9.490001220703125,8.2815185546875,0.4611069858074188,0.532923698425293
6.64642333984375,8.230865478515625,8.2815185546875,2.132216691970825,0.7622392177581787
6.64642333984375,9.490001220703125,4.2064697265625,1.9574247598648071,0.6942250728607178
1.13436279296875,8.230865478515625,4.2064697265625,0.3633950352668762,0.3817053437232971
9.14392333984375,1.9937512207031247,0.8565185546875,0.32356685400009155,0.06001582369208336
8.62686279296875,1.9937512207031247,0.8565185546875,0.31568172574043274,0.0607169009745121
9.14392333984375,5.732115478515625,0.8565185546875,1.0595835447311401,0.258086234331131
9.14392333984375,1.9937512207031247,1.7314697265625,0.6476477980613708,0.14640335738658905
8.62686279296875,5.732115478515625,1.7314697265625,1.5616389513015747,0.4217818081378937
4.1489233398437495,6.991251220703124,5.8065185546875,1.1812704801559448,0.6113585829734802
3.6318627929687497,6.991251220703124,5.8065185546875,1.0282442569732666,0.5871614813804626
4.1489233398437495,0.7346154785156249,5.8065185546875,0.2875513732433319,0.06793847680091858
4.1489233398437495,6.991251220703124,6.6814697265625,1.2202976942062378,0.6340426802635193
3.6318627929687497,0.7346154785156249,6.6814697265625,0.2864378094673157,0.07098753750324249
2.9001733398437497,0.7443762207031249,9.5190185546875,0.28734350204467773,0.07882839441299438
4.8806127929687495,0.7443762207031249,9.5190185546875,0.3493785560131073,0.09467034041881561
2.9001733398437497,1.9839904785156248,9.5190185546875,0.47421324253082275,0.2623196840286255
2.9001733398437497,0.7443762207031249,7.9189697265625,0.2803380489349365,0.07377965748310089
4.8806127929687495,1.9839904785156248,7.9189697265625,0.8513194918632507,0.3589669167995453
7.89517333984375,5.741876220703125,4.5690185546875,2.122359275817871,0.6434308886528015
9.87561279296875,5.741876220703125,4.5690185546875,2.737248182296753,0.6826313734054565
7.89517333984375,6.981490478515624,4.5690185546875,2.2363359928131104,0.6811922192573547
7.89517333984375,5.741876220703125,2.9689697265625004,1.8344902992248535,0.5485227108001709
9.87561279296875,6.981490478515624,2.9689697265625004,2.558366537094116,0.63409823179245
5.39767333984375,3.243126220703125,7.0440185546875,1.2435675859451294,0.5091546773910522
2.38311279296875,3.243126220703125,7.0440185546875,0.48632070422172546,0.32707351446151733
5.39767333984375,9.480240478515626,7.0440185546875,1.734354853630066,0.7384958267211914
5.39767333984375,3.243126220703125,0.49396972656250004,0.2907496988773346,0.0794612243771553
2.38311279296875,9.480240478515626,0.49396972656250004,0.30086997151374817,0.1741219013929367
0.40267333984375003,8.240626220703126,2.0940185546875,0.25958889722824097,0.29729780554771423
7.37811279296875,8.240626220703126,2.0940185546875,1.6695448160171509,0.528128445148468
0.40267333984375003,4.482740478515624,2.0940185546875,0.25356656312942505,0.21480831503868103
0.40267333984375003,8.240626220703126,5.4439697265625,0.2783360183238983,0.3691898584365845
7.37811279296875,4.482740478515624,5.4439697265625,1.903418779373169,0.6096156239509583
0.55876708984375,1.2128918457031248,4.4143310546875,0.2505638003349304,0.09392070025205612
7.8463940429687495,1.2128918457031248,4.4143310546875,0.7405548095703125,0.196604385972023
0.55876708984375,6.825318603515624,4.4143310546875,0.279375821352005,0.31968653202056885
0.55876708984375,1.2128918457031248,6.8361572265624995,0.25247225165367126,0.10185925662517548
7.8463940429687495,6.825318603515624,6.8361572265624995,2.385310173034668,0.7352820634841919
5.55376708984375,6.210391845703124,9.3643310546875,1.6981618404388428,0.7026709318161011
2.85139404296875,6.210391845703124,9.3643310546875,0.8663365840911865,0.5899851322174072
5.55376708984375,1.8278186035156248,9.3643310546875,1.0233031511306763,0.3956959843635559
5.55376708984375,6.210391845703124,1.8861572265625002,0.9604805707931519,0.3721238672733307
2.85139404296875,1.8278186035156248,1.8861572265625002,0.27262476086616516,0.09827695041894913
8.05126708984375,3.7116418457031246,1.9393310546875002,1.1546096801757812,0.3219679594039917
5.34889404296875,3.7116418457031246,1.9393310546875002,0.6215904951095581,0.23113098740577698
8.05126708984375,4.326568603515624,1.9393310546875002,1.2886203527450562,0.3642001152038574
8.05126708984375,3.7116418457031246,4.3611572265625,1.8334060907363892,0.537908673286438
5.34889404296875,4.326568603515624,4.3611572265625,1.1834313869476318,0.4862998127937317
3.05626708984375,8.709141845703124,6.8893310546875,0.9662689566612244,0.6341906785964966
0.35389404296875,8.709141845703124,6.8893310546875,0.28127264976501465,0.39916518330574036
3.05626708984375,9.324068603515625,6.8893310546875,0.9841668605804443,0.6479800939559937
3.05626708984375,8.709141845703124,9.3111572265625,1.019298791885376,0.6736926436424255
0.35389404296875,9.324068603515625,9.3111572265625,0.29418396949768066,0.445016086101532
4.30501708984375,4.961016845703124,8.1268310546875,1.18520188331604,0.59282386302948
1.60264404296875,4.961016845703124,8.1268310546875,0.457162082195282,0.40740853548049927
4.30501708984375,8.074693603515625,8.1268310546875,1.3651659488677979,0.6956949234008789
4.30501708984375,4.961016845703124,5.5986572265625,1.0723785161972046,0.5294657349586487
1.60264404296875,8.074693603515625,5.5986572265625,0.5033156275749207,0.4759391248226166
9.30001708984375,9.958516845703125,3.1768310546875003,2.6622848510742188,0.702113687992096
6.59764404296875,9.958516845703125,3.1768310546875003,1.825441598892212,0.647716224193573
9.30001708984375,3.0771936035156244,3.1768310546875003,1.7456172704696655,0.4430880844593048
9.30001708984375,9.958516845703125,0.6486572265625,1.3427510261535645,0.3314625024795532
6.59764404296875,3.0771936035156244,0.6486572265625,0.31352248787879944,0.07733086496591568
6.80251708984375,2.4622668457031245,5.6518310546874995,1.3313227891921997,0.4428865909576416
4.10014404296875,2.4622668457031245,5.6518310546874995,0.6714022159576416,0.31629300117492676
6.80251708984375,0.578443603515625,5.6518310546874995,0.30953744053840637,0.056958116590976715
6.80251708984375,2.4622668457031245,3.1236572265625,0.9265721440315247,0.29394662380218506
4.10014404296875,0.578443603515625,3.1236572265625,0.2618163228034973,0.04428821802139282
1.80751708984375,7.4597668457031245,0.7018310546875,0.2817048728466034,0.1816873550415039
9.09514404296875,7.4597668457031245,0.7018310546875,1.1286016702651978,0.27863994240760803
1.80751708984375,5.575943603515625,0.7018310546875,0.2717016637325287,0.15919482707977295
1.80751708984375,7.4597668457031245,8.073657226562501,0.5941714644432068,0.5362662672996521
9.09514404296875,5.575943603515625,8.073657226562501,2.747199773788452,0.743191123008728
2.4318920898437497,3.0869543457031248,6.2705810546875,0.4556030333042145,0.29439300298690796
7.22201904296875,3.0869543457031248,6.2705810546875,1.6763864755630493,0.5409868359565735
2.4318920898437497,2.4525061035156246,6.2705810546875,0.3863894045352936,0.22711271047592163
2.4318920898437497,3.0869543457031248,9.9299072265625,0.5462169051170349,0.37340137362480164
7.22201904296875,2.4525061035156246,9.9299072265625,1.714206337928772,0.5548046827316284
7.42689208984375,8.084454345703126,1.3205810546875,1.3126507997512817,0.4023545980453491
2.2270190429687498,8.084454345703126,1.3205810546875,0.34252774715423584,0.22643718123435974
7.42689208984375,7.450006103515625,1.3205810546875,1.2555005550384521,0.3827866315841675
7.42689208984375,8.084454345703126,4.9799072265625,2.2053117752075195,0.7114583253860474
2.2270190429687498,7.450006103515625,4.9799072265625,0.6192766427993774,0.48447245359420776
9.92439208984375,0.588204345703125,8.7455810546875,0.7713459134101868,0.16264468431472778
9.71951904296875,0.588204345703125,8.7455810546875,0.7324569225311279,0.1556672751903534
9.92439208984375,9.948756103515626,8.7455810546875,3.3160886764526367,0.8354430794715881
9.92439208984375,0.588204345703125,2.5049072265625,0.28954556584358215,0.03906475752592087
9.71951904296875,9.948756103515626,2.5049072265625,2.6153368949890137,0.6596019864082336
4.92939208984375,5.585704345703125,3.7955810546875,1.1404228210449219,0.5032306909561157
4.72451904296875,5.585704345703125,3.7955810546875,1.0844334363937378,0.494089812040329
4.92939208984375,4.951256103515624,3.7955810546875,1.0764132738113403,0.47119736671447754
4.92939208984375,5.585704345703125,7.4549072265625,1.3993046283721924,0.6325372457504272
4.72451904296875,4.951256103515624,7.4549072265625,1.2851957082748413,0.5974872708320618
3.68064208984375,1.8375793457031246,2.5580810546875004,0.2996686100959778,0.107418954372406
3.47576904296875,1.8375793457031246,2.5580810546875004,0.2946237027645111,0.1075446829199791
3.68064208984375,3.7018811035156247,2.5580810546875004,0.4706015884876251,0.22670884430408478
3.68064208984375,1.8375793457031246,8.6924072265625,0.570285439491272,0.2781217694282532
3.47576904296875,3.7018811035156247,8.6924072265625,0.8462083339691162,0.48330727219581604
8.67564208984375,6.835079345703124,7.5080810546875,2.6892590522766113,0.7600903511047363
8.47076904296875,6.835079345703124,7.5080810546875,2.622178316116333,0.7568870782852173
8.67564208984375,8.699381103515625,7.5080810546875,2.79823637008667,0.793228030204773
8.67564208984375,6.835079345703124,3.7424072265625004,2.349416494369507,0.6560693979263306
8.47076904296875,8.699381103515625,3.7424072265625004,2.428354263305664,0.695965051651001
6.17814208984375,4.336329345703125,5.0330810546875,1.4884774684906006,0.5497349500656128
0.9782690429687501,4.336329345703125,5.0330810546875,0.29533183574676514,0.2601945400238037
6.17814208984375,6.200631103515624,5.0330810546875,1.688278317451477,0.632165253162384
6.17814208984375,4.336329345703125,1.2674072265625,0.6106420159339905,0.19858846068382263
0.9782690429687501,6.200631103515624,1.2674072265625,0.2665959894657135,0.2152882069349289
1.1831420898437501,9.333829345703125,9.9830810546875,0.48909080028533936,0.5599749088287354
5.97326904296875,9.333829345703125,9.9830810546875,1.995086908340454,0.7835326194763184
1.1831420898437501,1.2031311035156247,9.9830810546875,0.2702801823616028,0.11436330527067184
1.1831420898437501,9.333829345703125,6.2174072265625,0.4403076767921448,0.48917555809020996
5.97326904296875,1.2031311035156247,6.2174072265625,0.6075431108474731,0.1969843953847885
0.8709545898437501,4.023985595703125,1.0112060546875001,0.2557768225669861,0.16673660278320312
3.78795654296875,4.023985595703125,1.0112060546875001,0.30868422985076904,0.12211104482412338
0.8709545898437501,9.011724853515625,1.0112060546875001,0.26864323019981384,0.2489602267742157
0.8709545898437501,4.023985595703125,3.4330322265625,0.27150896191596985,0.21747729182243347
3.78795654296875,9.011724853515625,3.4330322265625,0.9924176335334778,0.5452956557273865
5.86595458984375,9.021485595703124,5.9612060546875,1.8212679624557495,0.7213391661643982
8.78295654296875,9.021485595703124,5.9612060546875,2.771270275115967,0.7755553126335144
5.86595458984375,4.014224853515625,5.9612060546875,1.4323745965957642,0.552761971950531
5.86595458984375,9.021485595703124,8.3830322265625,1.912259817123413,0.760880172252655
8.78295654296875,4.014224853515625,8.3830322265625,2.465338706970215,0.6840133666992188
8.36345458984375,1.5252355957031247,3.4862060546875,0.8805808424949646,0.22750362753868103
1.29045654296875,1.5252355957031247,3.4862060546875,0.2596258819103241,0.10737862437963486
8.36345458984375,1.5154748535156248,3.4862060546875,0.873677134513855,0.22543945908546448
8.36345458984375,1.5252355957031247,5.9080322265625,1.3194537162780762,0.3599928617477417
1.29045654296875,1.5154748535156248,5.9080322265625,0.26837339997291565,0.12259833514690399
3.3684545898437497,6.522735595703124,8.4362060546875,1.0151307582855225,0.6165717840194702
6.28545654296875,6.522735595703124,8.4362060546875,1.9263197183609009,0.7191246747970581
3.3684545898437497,6.512974853515624,8.4362060546875,1.0142003297805786,0.6159607172012329
3.3684545898437497,6.522735595703124,0.9580322265625,0.3495749235153198,0.16755157709121704
6.28545654296875,6.512974853515624,0.9580322265625,0.7306119799613953,0.24192754924297333
4.61720458984375,0.275860595703125,7.1987060546874995,0.2624932527542114,0.02748478762805462
5.03670654296875,0.275860595703125,7.1987060546874995,0.26450982689857483,0.02764292061328888
4.61720458984375,5.2635998535156245,7.1987060546874995,1.2694423198699951,0.6017671227455139
4.61720458984375,0.275860595703125,4.6705322265625,0.256928950548172,0.024656236171722412
5.03670654296875,5.2635998535156245,4.6705322265625,1.2354713678359985,0.539639413356781
9.61220458984375,5.273360595703124,2.2487060546875,1.9965513944625854,0.497050404548645
0.04170654296875,5.273360595703124,2.2487060546875,0.24557314813137054,0.24713633954524994
9.61220458984375,0.266099853515625,2.2487060546875,0.2597814202308655,0.019484397023916245
9.61220458984375,5.273360595703124,9.6205322265625,2.9452662467956543,0.759389340877533
0.04170654296875,0.266099853515625,9.6205322265625,0.2445923238992691,0.026480985805392265
7.1147045898437495,2.7746105957031246,9.6737060546875,1.7602390050888062,0.5794339179992676
7.53420654296875,2.7746105957031246,9.6737060546875,1.885343313217163,0.5917792916297913
7.1147045898437495,2.7648498535156247,9.6737060546875,1.7572271823883057,0.5783629417419434
7.1147045898437495,2.7746105957031246,7.1455322265625,1.632258653640747,0.5328559875488281
7.53420654296875,2.7648498535156247,7.1455322265625,1.751322627067566,0.5453664064407349
2.11970458984375,7.772110595703125,4.7237060546875,0.591265082359314,0.4760363698005676
2.53920654296875,7.772110595703125,4.7237060546875,0.7003412842750549,0.5074390172958374
2.11970458984375,7.762349853515624,4.7237060546875,0.5913873314857483,0.4760840833187103
2.11970458984375,7.772110595703125,2.1955322265625004,0.41260990500450134,0.30309730768203735
2.53920654296875,7.762349853515624,2.1955322265625004,0.4865568280220032,0.32688140869140625
1.49532958984375,2.149923095703125,9.0549560546875,0.3123140335083008,0.1973828226327896
0.66608154296875,2.149923095703125,9.0549560546875,0.2673199474811554,0.17588186264038086
1.49532958984375,4.638912353515624,9.0549560546875,0.43424978852272034,0.39405199885368347
1.49532958984375,2.149923095703125,0.3392822265625,0.25155752897262573,0.09074598550796509
0.66608154296875,4.638912353515624,0.3392822265625,0.250588059425354,0.16352885961532593
6.49032958984375,7.147423095703124,4.1049560546874995,1.7603819370269775,0.6319833397865295
5.66108154296875,7.147423095703124,4.1049560546874995,1.5113623142242432,0.6070870757102966
6.49032958984375,9.636412353515626,4.1049560546874995,1.9043437242507935,0.6889610290527344
6.49032958984375,7.147423095703124,5.2892822265624995,1.8765285015106201,0.677890419960022
5.66108154296875,9.636412353515626,5.2892822265624995,1.7413195371627808,0.709815502166748
8.98782958984375,4.648673095703124,6.5799560546875,2.5192790031433105,0.6844490170478821
3.1635815429687497,4.648673095703124,6.5799560546875,0.7823008894920349,0.47893431782722473
8.98782958984375,7.1376623535156245,6.5799560546875,2.765225648880005,0.7568125128746033
8.98782958984375,4.648673095703124,7.7642822265625,2.5921778678894043,0.7061077952384949
3.1635815429687497,7.1376623535156245,7.7642822265625,0.9652824401855469,0.6142945885658264
3.99282958984375,9.646173095703125,1.6299560546875,0.7566479444503784,0.3824746012687683
8.15858154296875,9.646173095703125,1.6299560546875,1.785534143447876,0.5162925720214844
3.99282958984375,2.140162353515625,1.6299560546875,0.2915775775909424,0.09809844195842743
3.99282958984375,9.646173095703125,2.8142822265625003,0.9954503178596497,0.523003339767456
8.15858154296875,2.140162353515625,2.8142822265625003,0.9955119490623474,0.2685128450393677
2.74407958984375,3.3992980957031245,2.8674560546875,0.35247400403022766,0.19066525995731354
9.40733154296875,3.3992980957031245,2.8674560546875,1.772547721862793,0.4455513656139374
2.74407958984375,0.8907873535156249,2.8674560546875,0.2616415321826935,0.0642193928360939
2.74407958984375,3.3992980957031245,1.5767822265625002,0.2936626374721527,0.13864611089229584
9.40733154296875,0.8907873535156249,1.5767822265625002,0.2906096875667572,0.04460078477859497
7.73907958984375,8.396798095703126,7.8174560546875,2.485399007797241,0.7789251804351807
4.41233154296875,8.396798095703126,7.8174560546875,1.4033526182174683,0.7018413543701172
7.73907958984375,5.888287353515625,7.8174560546875,2.325197696685791,0.7248047590255737
7.73907958984375,8.396798095703126,6.5267822265625,2.4292356967926025,0.7598209381103516
4.41233154296875,5.888287353515625,6.5267822265625,1.2273041009902954,0.6036989092826843
5.24157958984375,0.9005480957031249,0.3924560546875,0.25563153624534607,0.03933880105614662
6.90983154296875,0.9005480957031249,0.3924560546875,0.2586152255535126,0.03604453057050705
5.24157958984375,8.387037353515625,0.3924560546875,0.41174182295799255,0.142555370926857
5.24157958984375,0.9005480957031249,9.0017822265625,0.4313340485095978,0.134035125374794
6.90983154296875,8.387037353515625,9.0017822265625,2.2462265491485596,0.7775682806968689
0.24657958984375,5.898048095703125,5.3424560546875,0.2583453059196472,0.30280208587646484
1.9148315429687501,5.898048095703125,5.3424560546875,0.4983382225036621,0.4097340703010559
0.24657958984375,3.3895373535156246,5.3424560546875,0.2523465156555176,0.21363380551338196
0.24657958984375,5.898048095703125,4.0517822265625,0.2554023563861847,0.28673025965690613
1.9148315429687501,3.3895373535156246,4.0517822265625,0.32939690351486206,0.21597875654697418
0.16853271484375001,2.384180908203125,0.46979980468750004,0.24561873078346252,0.11980213224887848
5.73912841796875,2.384180908203125,0.46979980468750004,0.2787165939807892,0.06634587049484253
0.16853271484375001,1.7497326660156247,0.46979980468750004,0.24563433229923248,0.09470107406377792
0.16853271484375001,2.384180908203125,1.9635009765625002,0.24659407138824463,0.14136935770511627
5.73912841796875,1.7497326660156247,1.9635009765625002,0.32258284091949463,0.08861330151557922
5.1635327148437495,7.3816809082031245,5.4197998046875,1.4874383211135864,0.6492676734924316
0.7441284179687501,7.3816809082031245,5.4197998046875,0.3132672905921936,0.36603689193725586
5.1635327148437495,6.747232666015624,5.4197998046875,1.4492769241333008,0.6307125091552734
5.1635327148437495,7.3816809082031245,6.9135009765625,1.5642387866973877,0.6864039897918701
0.7441284179687501,6.747232666015624,6.9135009765625,0.32125505805015564,0.37650513648986816
7.66103271484375,4.882930908203124,2.9447998046875004,1.6435387134552002,0.5003182291984558
8.23662841796875,4.882930908203124,2.9447998046875004,1.8024808168411255,0.5164451599121094
7.66103271484375,9.245982666015625,2.9447998046875004,2.063453197479248,0.6422617435455322
7.66103271484375,4.882930908203124,9.3885009765625,2.262199878692627,0.7105427384376526
8.23662841796875,9.245982666015625,9.3885009765625,2.7351200580596924,0.8136430382728577
2.66603271484375,9.880430908203126,7.8947998046875,0.9041925072669983,0.6581519246101379
3.24162841796875,9.880430908203126,7.8947998046875,1.082215666770935,0.6868399977684021
2.66603271484375,4.248482666015625,7.8947998046875,0.6642593145370483,0.4511411488056183
2.66603271484375,9.880430908203126,4.4385009765625,0.7863306999206543,0.5610694885253906
3.24162841796875,4.248482666015625,4.4385009765625,0.6484338045120239,0.3750649690628052
3.9147827148437497,3.6335559082031246,6.6572998046875,0.8812283873558044,0.45779919624328613
4.49037841796875,3.6335559082031246,6.6572998046875,1.0343143939971924,0.4882274568080902
3.9147827148437497,2.999107666015625,6.6572998046875,0.7893144488334656,0.401055246591568
3.9147827148437497,3.6335559082031246,0.7260009765625,0.2887539565563202,0.10302381217479706
4.49037841796875,2.999107666015625,0.7260009765625,0.2864421010017395,0.08922768384218216
8.90978271484375,8.631055908203125,1.7072998046875,1.947542428970337,0.5211585164070129
9.48537841796875,8.631055908203125,1.7072998046875,2.102494716644287,0.5329807996749878
8.90978271484375,7.996607666015624,1.7072998046875,1.8895535469055176,0.5041818618774414
8.90978271484375,8.631055908203125,5.6760009765624995,2.7723350524902344,0.765190601348877
9.48537841796875,7.996607666015624,5.6760009765624995,2.924250841140747,0.7626885175704956
6.41228271484375,1.1348059082031248,9.1322998046875,0.8362924456596375,0.2721100449562073
1.99287841796875,1.1348059082031248,9.1322998046875,0.2874046266078949,0.11216411739587784
6.41228271484375,5.497857666015625,9.1322998046875,1.9132837057113647,0.7005465030670166
6.41228271484375,1.1348059082031248,8.1510009765625,0.7823602557182312,0.25132787227630615
1.99287841796875,5.497857666015625,8.1510009765625,0.5741394758224487,0.4739087224006653
1.4172827148437501,6.132305908203125,4.1822998046875,0.3663564920425415,0.33001595735549927
6.98787841796875,6.132305908203125,4.1822998046875,1.8363409042358398,0.6171911358833313
1.4172827148437501,0.5003576660156249,4.1822998046875,0.25048741698265076,0.04213769733905792
1.4172827148437501,6.132305908203125,3.2010009765625003,0.33250245451927185,0.28515371680259705
6.98787841796875,0.5003576660156249,3.2010009765625003,0.2736448645591736,0.03849786892533302
2.04165771484375,4.258243408203125,9.7510498046875,0.5472270846366882,0.43297258019447327
8.86100341796875,4.258243408203125,9.7510498046875,2.582166910171509,0.7131764888763428
2.04165771484375,7.371920166015625,9.7510498046875,0.6821295619010925,0.5796313881874084
2.04165771484375,4.258243408203125,3.8197509765625,0.37539899349212646,0.2618883550167084
8.86100341796875,7.371920166015625,3.8197509765625,2.4672975540161133,0.677837073802948
7.03665771484375,9.255743408203125,4.8010498046875,2.1274633407592773,0.7202553749084473
3.86600341796875,9.255743408203125,4.8010498046875,1.138269305229187,0.6249937415122986
7.03665771484375,2.3744201660156246,4.8010498046875,1.2604612112045288,0.40340688824653625
7.03665771484375,9.255743408203125,8.7697509765625,2.3183610439300537,0.7908772230148315
3.86600341796875,2.3744201660156246,8.7697509765625,0.7442235350608826,0.3756939470767975
9.53415771484375,1.7594934082031248,7.2760498046875,1.9234503507614136,0.48195934295654297
6.36350341796875,1.7594934082031248,7.2760498046875,1.087251901626587,0.37432917952537537
9.53415771484375,4.873170166015624,7.2760498046875,2.7692370414733887,0.7160395383834839
9.53415771484375,1.7594934082031248,6.2947509765625,1.821345329284668,0.4537528455257416
6.36350341796875,4.873170166015624,6.2947509765625,1.712268352508545,0.624430239200592
4.53915771484375,6.756993408203124,2.3260498046875,0.8895764350891113,0.40979135036468506
1.36850341796875,6.756993408203124,2.3260498046875,0.30950671434402466,0.2609773874282837
4.53915771484375,9.870670166015625,2.3260498046875,1.0655417442321777,0.5040856599807739
4.53915771484375,6.756993408203124,1.3447509765625,0.6195927858352661,0.26889845728874207
1.36850341796875,9.870670166015625,1.3447509765625,0.3026386499404907,0.26012974977493286
3.29040771484375,0.5101184082031249,3.5635498046875003,0.25755029916763306,0.04115334525704384
0.11975341796875,0.5101184082031249,3.5635498046875003,0.2448137104511261,0.041757259517908096
3.29040771484375,8.621295166015624,3.5635498046875003,0.8534345626831055,0.5177803039550781
3.29040771484375,0.5101184082031249,2.5822509765625004,0.2547459006309509,0.03821229562163353
0.11975341796875,8.621295166015624,2.5822509765625004,0.24946866929531097,0.32511013746261597
8.28540771484375,5.5076184082031245,8.5135498046875,2.4952666759490967,0.7329908013343811
5.11475341796875,5.5076184082031245,8.5135498046875,1.4873335361480713,0.6544827222824097
8.28540771484375,3.6237951660156247,8.5135498046875,2.2482311725616455,0.6547146439552307
8.28540771484375,5.5076184082031245,7.5322509765625,2.4525907039642334,0.7193215489387512
5.11475341796875,3.6237951660156247,7.5322509765625,1.2502096891403198,0.5383194088935852
5.78790771484375,3.0088684082031247,1.0885498046875002,0.33769556879997253,0.09800229221582413
2.6172534179687497,3.0088684082031247,1.0885498046875002,0.27353519201278687,0.11666543036699295
5.78790771484375,1.1250451660156249,1.0885498046875002,0.26860564947128296,0.052586473524570465
5.78790771484375,3.0088684082031247,5.0572509765625,1.149483323097229,0.4368186593055725
2.6172534179687497,1.1250451660156249,5.0572509765625,0.2795272767543793,0.09315596520900726
0.79290771484375,8.006368408203125,6.0385498046874995,0.33526408672332764,0.4035131633281708
7.61225341796875,8.006368408203125,6.0385498046874995,2.3392860889434814,0.7409560680389404
0.79290771484375,6.122545166015624,6.0385498046874995,0.3122803866863251,0.342164546251297
0.79290771484375,8.006368408203125,0.1072509765625,0.2545645236968994,0.19375641644001007
7.61225341796875,6.122545166015624,0.1072509765625,0.3407072424888611,0.07752285152673721
1.10509521484375,2.6965246582031246,4.4916748046874995,0.2744530737400055,0.17869366705417633
2.30506591796875,2.6965246582031246,4.4916748046874995,0.3395346999168396,0.1952909380197525
1.10509521484375,3.9361389160156244,4.4916748046874995,0.2924356460571289,0.2357253134250641
1.10509521484375,2.6965246582031246,7.8416259765625,0.2953319251537323,0.21467925608158112
2.30506591796875,3.9361389160156244,7.8416259765625,0.5512480735778809,0.3987426161766052
6.1000952148437495,7.694024658203125,9.4416748046875,1.9591658115386963,0.7533226013183594
7.30006591796875,7.694024658203125,9.4416748046875,2.3542697429656982,0.7766901254653931
6.1000952148437495,8.933638916015624,9.4416748046875,2.0112476348876953,0.7751801609992981
6.1000952148437495,7.694024658203125,2.8916259765625,1.4905658960342407,0.5578919649124146
7.30006591796875,8.933638916015624,2.8916259765625,1.9244203567504883,0.6233018636703491
8.59759521484375,0.19777465820312498,2.0166748046875003,0.25375083088874817,0.014687503688037395
4.80256591796875,0.19777465820312498,2.0166748046875003,0.24959078431129456,0.015080410987138748
8.59759521484375,6.434888916015624,2.0166748046875003,1.789526104927063,0.4916512668132782
8.59759521484375,0.19777465820312498,0.4166259765625,0.2486465871334076,0.01141426246613264
4.80256591796875,6.434888916015624,0.4166259765625,0.33147281408309937,0.11408446729183197
3.60259521484375,5.195274658203124,6.9666748046875,0.9602123498916626,0.5453124046325684
9.79756591796875,5.195274658203124,6.9666748046875,2.875293731689453,0.7260310053825378
3.60259521484375,1.4373889160156248,6.9666748046875,0.38743704557418823,0.1609385460615158
3.60259521484375,5.195274658203124,5.3666259765625,0.8843200206756592,0.4961906373500824
9.79756591796875,1.4373889160156248,5.3666259765625,1.5274659395217896,0.3637596070766449
4.85134521484375,1.4471496582031247,8.2041748046875,0.6503200531005859,0.2582310140132904
8.54881591796875,1.4471496582031247,8.2041748046875,1.5293705463409424,0.41588595509529114
4.85134521484375,0.18801391601562498,8.2041748046875,0.2576197683811188,0.01919611357152462
4.85134521484375,1.4471496582031247,9.0791259765625,0.6873615980148315,0.2764580249786377
8.54881591796875,0.18801391601562498,9.0791259765625,0.27341389656066895,0.0206613689661026
9.84634521484375,6.444649658203124,3.2541748046875,2.5654265880584717,0.637904167175293
3.55381591796875,6.444649658203124,3.2541748046875,0.7795815467834473,0.4354824125766754
9.84634521484375,5.1855139160156245,3.2541748046875,2.3964366912841797,0.5924409627914429
9.84634521484375,6.444649658203124,4.1291259765624995,2.7405574321746826,0.6853740215301514
3.55381591796875,5.1855139160156245,4.1291259765624995,0.7804161906242371,0.4344213306903839
7.34884521484375,3.9458996582031247,5.7291748046875,1.8373357057571411,0.5886706709861755
6.05131591796875,3.9458996582031247,5.7291748046875,1.457440972328186,0.5474331378936768
7.34884521484375,7.684263916015624,5.7291748046875,2.2152576446533203,0.7222423553466797
7.34884521484375,3.9458996582031247,1.6541259765625,0.9286761283874512,0.2746659219264984
6.05131591796875,7.684263916015624,1.6541259765625,1.1186282634735107,0.4085772633552551
2.3538452148437496,8.943399658203125,0.7791748046875,0.31561923027038574,0.19160977005958557
1.05631591796875,8.943399658203125,0.7791748046875,0.26957035064697266,0.22750571370124817
2.3538452148437496,2.6867639160156247,0.7791748046875,0.26358839869499207,0.10504239052534103
2.3538452148437496,8.943399658203125,6.6041259765625,0.7572980523109436,0.5912442803382874
1.05631591796875,2.6867639160156247,6.6041259765625,0.28527700901031494,0.2010173201560974
1.72947021484375,0.822462158203125,5.1104248046875,0.2595053017139435,0.06958796083927155
2.92944091796875,0.822462158203125,5.1104248046875,0.27258479595184326,0.07073640823364258
1.72947021484375,9.558326416015625,5.1104248046875,0.5532481670379639,0.5117064118385315
1.72947021484375,0.822462158203125,5.9853759765625,0.2614298164844513,0.07226420938968658
2.92944091796875,9.558326416015625,5.9853759765625,0.9243181943893433,0.6250537037849426
6.72447021484375,5.819962158203125,0.1604248046875,0.32560810446739197,0.08134332299232483
7.92444091796875,5.819962158203125,0.1604248046875,0.35452279448509216,0.07904087007045746
6.72447021484375,4.560826416015624,0.1604248046875,0.30263227224349976,0.07157374918460846
6.72447021484375,5.819962158203125,1.0353759765625001,0.7766632437705994,0.2435777634382248
7.92444091796875,4.560826416015624,1.0353759765625001,0.7975689172744751,0.21444916725158691
9.22197021484375,3.3212121582031244,7.5854248046875,2.4262161254882812,0.641163170337677
0.43194091796875,3.3212121582031244,7.5854248046875,0.26340237259864807,0.22895485162734985
9.22197021484375,2.062076416015625,7.5854248046875,2.0203564167022705,0.5253448486328125
9.22197021484375,3.3212121582031244,3.5103759765625,1.8926626443862915,0.48826152086257935
0.43194091796875,2.062076416015625,3.5103759765625,0.25055238604545593,0.13768215477466583
4.22697021484375,8.318712158203125,2.6354248046875,0.9685316681861877,0.4817129671573639
5.42694091796875,8.318712158203125,2.6354248046875,1.2894866466522217,0.5298172235488892
4.22697021484375,7.0595764160156245,2.6354248046875,0.8954554796218872,0.44000133872032166
4.22697021484375,8.318712158203125,8.4603759765625,1.3572157621383667,0.7026292681694031
5.42694091796875,7.0595764160156245,8.4603759765625,1.6831599473953247,0.7109053730964661
2.9782202148437498,4.570587158203124,1.3979248046875001,0.3185539245605469,0.15717624127864838
6.67569091796875,4.570587158203124,1.3979248046875001,0.7907400131225586,0.25026699900627136
2.9782202148437498,5.810201416015625,1.3979248046875001,0.3566042482852936,0.18951231241226196
2.9782202148437498,4.570587158203124,7.2228759765624995,0.7512129545211792,0.47941386699676514
6.67569091796875,5.810201416015625,7.2228759765624995,1.9512519836425781,0.6890679001808167
7.97322021484375,9.568087158203125,6.3479248046875,2.5512924194335938,0.7786068916320801
1.6806909179687501,9.568087158203125,6.3479248046875,0.5752460956573486,0.5472321510314941
7.97322021484375,0.812701416015625,6.3479248046875,0.6004480719566345,0.14783230423927307
7.97322021484375,9.568087158203125,2.2728759765625,1.9944573640823364,0.5956148505210876
1.6806909179687501,0.812701416015625,2.2728759765625,0.25155237317085266,0.05729765444993973
5.47572021484375,2.0718371582031248,3.8729248046875004,0.6654404997825623,0.24258212745189667
9.17319091796875,2.0718371582031248,3.8729248046875004,1.4915071725845337,0.3774917423725128
5.47572021484375,3.3114514160156245,3.8729248046875004,0.9864312410354614,0.38669025897979736
5.47572021484375,2.0718371582031248,4.7478759765625,0.7794666886329651,0.29262667894363403
9.17319091796875,3.3114514160156245,4.7478759765625,2.1244447231292725,0.5571379661560059
0.48072021484375,7.069337158203124,8.8229248046875,0.2982819080352783,0.3909294605255127
4.17819091796875,7.069337158203124,8.8229248046875,1.29819917678833,0.6752282381057739
0.48072021484375,8.308951416015626,8.8229248046875,0.30718672275543213,0.42759090662002563
0.48072021484375,7.069337158203124,9.6978759765625,0.3021557629108429,0.4008178412914276
4.17819091796875,8.308951416015626,9.6978759765625,1.3671239614486694,0.7155805230140686
0.32462646484375,4.726759033203124,7.4307373046875,0.2642454206943512,0.2859591245651245
1.21240966796875,4.726759033203124,7.4307373046875,0.36220410466194153,0.34172573685646057
0.32462646484375,0.34418579101562496,7.4307373046875,0.24647976458072662,0.03276759386062622
0.32462646484375,4.726759033203124,8.6150634765625,0.2662747800350189,0.29456496238708496
1.21240966796875,0.34418579101562496,8.6150634765625,0.25039997696876526,0.03387785330414772
5.31962646484375,9.724259033203126,2.4807373046875,1.303517460823059,0.5464724898338318
6.20740966796875,9.724259033203126,2.4807373046875,1.554519534111023,0.5751786231994629
5.31962646484375,5.341685791015625,2.4807373046875,0.9835606217384338,0.3972998559474945
5.31962646484375,9.724259033203126,3.6650634765625,1.4964317083358765,0.6364039182662964
6.20740966796875,5.341685791015625,3.6650634765625,1.4504234790802002,0.5320567488670349
7.81712646484375,2.228009033203125,9.9057373046875,1.8143013715744019,0.5477049946784973
3.7099096679687498,2.228009033203125,9.9057373046875,0.708267331123352,0.36543822288513184
7.81712646484375,7.840435791015624,9.9057373046875,2.5452523231506348,0.7916552424430847
7.81712646484375,2.228009033203125,1.1900634765625002,0.3607241213321686,0.08175648003816605
3.7099096679687498,7.840435791015624,1.1900634765625002,0.49760156869888306,0.24650079011917114
2.8221264648437496,7.225509033203124,4.9557373046875,0.7673308849334717,0.5183010697364807
8.70490966796875,7.225509033203124,4.9557373046875,2.553366184234619,0.7159592509269714
2.8221264648437496,2.8429357910156248,4.9557373046875,0.44041943550109863,0.2510830760002136
2.8221264648437496,7.225509033203124,6.1400634765625,0.8192617297172546,0.5591561794281006
8.70490966796875,2.8429357910156248,6.1400634765625,2.0303122997283936,0.5581883192062378
4.070876464843749,0.9786340332031249,1.2432373046875,0.2596939504146576,0.05357343703508377
9.95365966796875,0.9786340332031249,1.2432373046875,0.28968408703804016,0.04282199963927269
4.070876464843749,4.092310791015625,1.2432373046875,0.34046122431755066,0.1355486512184143
4.070876464843749,0.9786340332031249,9.8525634765625,0.3722936511039734,0.12785136699676514
9.95365966796875,4.092310791015625,9.8525634765625,2.9142303466796875,0.7258906364440918
9.06587646484375,5.976134033203125,6.1932373046875,2.6692521572113037,0.7224180102348328
4.95865966796875,5.976134033203125,6.1932373046875,1.3803577423095703,0.6197694540023804
9.06587646484375,9.089810791015625,6.1932373046875,2.8821916580200195,0.7846323847770691
9.06587646484375,5.976134033203125,4.9025634765624995,2.551283836364746,0.6876767873764038
4.95865966796875,9.089810791015625,4.9025634765624995,1.47235107421875,0.6664379239082336
6.56837646484375,3.4773840332031245,3.7182373046875004,1.2694414854049683,0.43443772196769714
7.45615966796875,3.4773840332031245,3.7182373046875004,1.502498745918274,0.4647962749004364
6.56837646484375,6.591060791015624,3.7182373046875004,1.686431646347046,0.5960732102394104
6.56837646484375,3.4773840332031245,2.4275634765625003,0.9635477066040039,0.31837135553359985
7.45615966796875,6.591060791015624,2.4275634765625003,1.6547472476959229,0.5175418257713318
1.57337646484375,8.474884033203125,8.6682373046875,0.5651910901069641,0.55745530128479
2.46115966796875,8.474884033203125,8.6682373046875,0.8202126026153564,0.625817596912384
1.57337646484375,1.5935607910156249,8.6682373046875,0.2912648916244507,0.1477060317993164
1.57337646484375,8.474884033203125,7.3775634765625,0.5451785326004028,0.5333278775215149
2.46115966796875,1.5935607910156249,7.3775634765625,0.32529276609420776,0.15365014970302582
2.19775146484375,1.6033215332031248,3.0994873046875,0.27169570326805115,0.10659781843423843
4.33428466796875,1.6033215332031248,3.0994873046875,0.3206866979598999,0.10682012885808945
2.19775146484375,5.966373291015625,3.0994873046875,0.4395228326320648,0.3164491653442383
2.19775146484375,1.6033215332031248,5.5213134765625,0.2934668958187103,0.13141809403896332
4.33428466796875,5.966373291015625,5.5213134765625,1.1562703847885132,0.5737298727035522
7.19275146484375,6.600821533203124,8.049487304687501,2.2112772464752197,0.7359505295753479
9.32928466796875,6.600821533203124,8.049487304687501,2.911170721054077,0.7717378735542297
7.19275146484375,0.9688732910156249,8.049487304687501,0.7863747477531433,0.22700805962085724
7.19275146484375,6.600821533203124,0.5713134765625,0.6246204972267151,0.176663339138031
9.32928466796875,0.9688732910156249,0.5713134765625,0.26858463883399963,0.035657551139593124
9.69025146484375,4.102071533203125,0.6244873046875,0.6335675716400146,0.13442672789096832
1.83678466796875,4.102071533203125,0.6244873046875,0.2636938989162445,0.13417449593544006
9.69025146484375,3.4676232910156246,0.6244873046875,0.49066436290740967,0.09904041886329651
9.69025146484375,4.102071533203125,3.0463134765625,2.087455987930298,0.5177569389343262
1.83678466796875,3.4676232910156246,3.0463134765625,0.30152660608291626,0.1892370730638504
4.69525146484375,9.099571533203125,5.5744873046875,1.432257890701294,0.6791346073150635
6.8317846679687495,9.099571533203125,5.5744873046875,2.1123545169830322,0.7350452542304993
4.69525146484375,8.465123291015626,5.5744873046875,1.406317949295044,0.6654053926467896
4.69525146484375,9.099571533203125,7.9963134765625,1.5242364406585693,0.7273994088172913
6.8317846679687495,8.465123291015626,7.9963134765625,2.195206880569458,0.7665548920631409
3.4465014648437498,2.8526965332031247,9.2869873046875,0.7441693544387817,0.41555213928222656
5.58303466796875,2.8526965332031247,9.2869873046875,1.3181965351104736,0.5268584489822388
3.4465014648437498,9.714498291015625,9.2869873046875,1.1700844764709473,0.7115450501441956
3.4465014648437498,2.8526965332031247,6.7588134765625,0.6583012938499451,0.35853055119514465
5.58303466796875,9.714498291015625,6.7588134765625,1.7922213077545166,0.7420726418495178
8.44150146484375,7.850196533203125,4.3369873046875,2.446277379989624,0.7039663195610046
0.58803466796875,7.850196533203125,4.3369873046875,0.2873120903968811,0.3446822762489319
8.44150146484375,4.716998291015624,4.3369873046875,2.1243772506713867,0.6038221120834351
8.44150146484375,7.850196533203125,1.8088134765625001,1.8025013208389282,0.504593551158905
0.58803466796875,4.716998291015624,1.8088134765625001,0.25662562251091003,0.21053016185760498
5.94400146484375,0.35394653320312497,6.8119873046874995,0.275490939617157,0.03544877842068672
8.08053466796875,0.35394653320312497,6.8119873046874995,0.2925053536891937,0.036999382078647614
5.94400146484375,2.218248291015625,6.8119873046874995,1.1273293495178223,0.416121244430542
5.94400146484375,0.35394653320312497,4.2838134765625,0.26460304856300354,0.030639516189694405
8.08053466796875,2.218248291015625,4.2838134765625,1.3784892559051514,0.39084592461586
0.94900146484375,5.3514465332031245,1.8619873046875002,0.26857760548591614,0.21825659275054932
3.0855346679687496,5.3514465332031245,1.8619873046875002,0.4124402701854706,0.22390764951705933
0.94900146484375,7.2157482910156245,1.8619873046875002,0.2776334583759308,0.25508904457092285
0.94900146484375,5.3514465332031245,9.2338134765625,0.3532300591468811,0.37833061814308167
3.0855346679687496,7.2157482910156245,9.2338134765625,0.9762229323387146,0.6353700160980225
0.63681396484375,0.04160278320312499,7.7401123046875,0.2446502149105072,0.0041403085924685
7.14397216796875,0.04160278320312499,7.7401123046875,0.2487645447254181,0.004202281590551138
0.63681396484375,2.5305920410156246,7.7401123046875,0.26733899116516113,0.192155659198761
0.63681396484375,0.04160278320312499,1.4994384765625002,0.2447197288274765,0.003209418850019574
7.14397216796875,2.5305920410156246,1.4994384765625002,0.4726666510105133,0.1264687478542328
5.63181396484375,5.039102783203124,2.7901123046875003,1.0964869260787964,0.4261060655117035
2.1489721679687497,5.039102783203124,2.7901123046875003,0.36750146746635437,0.24937283992767334
5.63181396484375,7.528092041015625,2.7901123046875003,1.3265000581741333,0.5281415581703186
5.63181396484375,5.039102783203124,6.4494384765624995,1.5173605680465698,0.6123443841934204
2.1489721679687497,7.528092041015625,6.4494384765624995,0.6532761454582214,0.5304871201515198
8.12931396484375,2.5403527832031245,5.2651123046874995,1.6693882942199707,0.480731338262558
9.64147216796875,2.5403527832031245,5.2651123046874995,2.0935027599334717,0.522481381893158
8.12931396484375,5.029342041015624,5.2651123046874995,2.1883771419525146,0.646966814994812
8.12931396484375,2.5403527832031245,8.9244384765625,1.9643125534057617,0.5755313038825989
9.64147216796875,5.029342041015624,8.9244384765625,2.9032022953033447,0.7454845905303955
3.13431396484375,7.537852783203125,0.3151123046875,0.293479859828949,0.13232995569705963
4.64647216796875,7.537852783203125,0.3151123046875,0.3316119313240051,0.11767957359552383
3.13431396484375,0.031842041015624996,0.3151123046875,0.2447197288274765,0.0020955337677150965
3.13431396484375,7.537852783203125,3.9744384765625003,0.8013247847557068,0.5005987882614136
4.64647216796875,0.031842041015624996,3.9744384765625003,0.24562805891036987,0.0028487169183790684
4.38306396484375,3.7897277832031246,4.0276123046875,0.8243688344955444,0.3844893276691437
3.39772216796875,3.7897277832031246,4.0276123046875,0.6014641523361206,0.32839930057525635
4.38306396484375,1.2812170410156247,4.0276123046875,0.32057154178619385,0.10108544677495956
4.38306396484375,3.7897277832031246,0.2619384765625,0.27780404686927795,0.08448798209428787
3.39772216796875,1.2812170410156247,0.2619384765625,0.25359129905700684,0.05311239883303642
9.37806396484375,8.787227783203125,8.9776123046875,3.089275598526001,0.818259596824646
8.39272216796875,8.787227783203125,8.9776123046875,2.7581522464752197,0.8063555359840393
9.37806396484375,6.278717041015624,8.9776123046875,2.9381752014160156,0.7755913138389587
9.37806396484375,8.787227783203125,5.2119384765625,2.8982019424438477,0.7636777758598328
8.39272216796875,6.278717041015624,5.2119384765625,2.400318145751953,0.6936870813369751
6.88056396484375,1.2909777832031248,1.5526123046875002,0.2935381829738617,0.06151589751243591
0.90022216796875,1.2909777832031248,1.5526123046875002,0.2496168464422226,0.08107977360486984
6.88056396484375,8.777467041015624,1.5526123046875002,1.3574979305267334,0.4493732154369354
6.88056396484375,1.2909777832031248,7.6869384765625,0.9713839888572693,0.304936945438385
0.90022216796875,8.777467041015624,7.6869384765625,0.38718271255493164,0.4749927520751953
1.88556396484375,6.288477783203124,6.5026123046875,0.543249249458313,0.4629684388637543
5.8952221679687495,6.288477783203124,6.5026123046875,1.7072330713272095,0.6687099933624268
1.88556396484375,3.7799670410156248,6.5026123046875,0.4182358980178833,0.3169836401939392
1.88556396484375,6.288477783203124,2.7369384765625,0.37448927760124207,0.28485721349716187
5.8952221679687495,3.7799670410156248,2.7369384765625,0.958587646484375,0.3501962423324585
1.26118896484375,3.165040283203125,2.1713623046875004,0.26650384068489075,0.16203728318214417
7.76834716796875,3.165040283203125,2.1713623046875004,1.0515973567962646,0.2998066544532776
1.26118896484375,8.152779541015626,2.1713623046875004,0.3115483820438385,0.2827087342739105
1.26118896484375,3.165040283203125,4.5931884765625,0.28941610455513,0.2045697569847107
7.76834716796875,8.152779541015626,4.5931884765625,2.2813165187835693,0.7070102691650391
6.25618896484375,8.162540283203125,7.1213623046875,1.961247444152832,0.7365590929985046
2.77334716796875,8.162540283203125,7.1213623046875,0.870240330696106,0.6089556813240051
6.25618896484375,3.1552795410156245,7.1213623046875,1.4732983112335205,0.5369135141372681
6.25618896484375,8.162540283203125,9.5431884765625,2.0341503620147705,0.7664892077445984
2.77334716796875,3.1552795410156245,9.5431884765625,0.6262602210044861,0.4023401439189911
8.75368896484375,0.666290283203125,4.6463623046875,0.3605327010154724,0.06656025350093842
5.27084716796875,0.666290283203125,4.6463623046875,0.28657087683677673,0.057593051344156265
8.75368896484375,0.656529541015625,4.6463623046875,0.3556695878505707,0.0649358332157135
8.75368896484375,0.666290283203125,7.0681884765625,0.575430691242218,0.1274118274450302
5.27084716796875,0.656529541015625,7.0681884765625,0.3114294707775116,0.06941459327936172
3.75868896484375,5.663790283203125,9.5963623046875,1.110216736793518,0.620675802230835
0.27584716796875003,5.663790283203125,9.5963623046875,0.2682267129421234,0.3343137800693512
3.75868896484375,5.654029541015625,9.5963623046875,1.1102710962295532,0.6206491589546204
3.75868896484375,5.663790283203125,2.1181884765625,0.5938106179237366,0.30052855610847473
0.27584716796875003,5.654029541015625,2.1181884765625,0.2514934539794922,0.24849648773670197
2.50993896484375,1.9156652832031247,5.8838623046875,0.332428902387619,0.1665978580713272
1.52459716796875,1.9156652832031247,5.8838623046875,0.2834570109844208,0.151139497756958
2.50993896484375,6.903404541015624,5.8838623046875,0.7102921009063721,0.5191640257835388
2.50993896484375,1.9156652832031247,3.3556884765625004,0.2886251211166382,0.1255672127008438
1.52459716796875,6.903404541015624,3.3556884765625004,0.3714168071746826,0.3255942165851593
7.50493896484375,6.913165283203124,0.9338623046875,0.9706618785858154,0.28340283036231995
6.51959716796875,6.913165283203124,0.9338623046875,0.7946349382400513,0.25771376490592957
7.50493896484375,1.9059045410156248,0.9338623046875,0.30271199345588684,0.06342810392379761
7.50493896484375,6.913165283203124,8.3056884765625,2.3432629108428955,0.7526746392250061
6.51959716796875,1.9059045410156248,8.3056884765625,1.2532662153244019,0.43034180998802185
5.00743896484375,4.414415283203125,8.3588623046875,1.3502060174942017,0.5987868309020996
4.02209716796875,4.414415283203125,8.3588623046875,1.0612467527389526,0.5549110174179077
5.00743896484375,4.404654541015624,8.3588623046875,1.349238634109497,0.5982985496520996
5.00743896484375,4.414415283203125,5.8306884765625,1.2293577194213867,0.5390124917030334
4.02209716796875,4.404654541015624,5.8306884765625,0.954322099685669,0.49153444170951843
0.01243896484375,9.411915283203125,3.4088623046875,0.24538740515708923,0.3563207685947418
9.01709716796875,9.411915283203125,3.4088623046875,2.587261438369751,0.701548159122467
0.01243896484375,9.402154541015625,3.4088623046875,0.2453881949186325,0.3561525344848633
0.01243896484375,9.411915283203125,0.8806884765625,0.24462011456489563,0.30216342210769653
9.01709716796875,9.402154541015625,0.8806884765625,1.4639664888381958,0.37628689408302307
