source_flow_mL_min,source_flow_BV_h,BV,time_min,outlet_c_LiCl_mol_m3,outlet_C_over_C0,outlet_a_LiCl,mean_q_mg_g
6.0,1.9098593171027443,0.0,0.0,0.0,0.0,0.0,0.0
6.0,1.9098593171027443,0.0572957795125,1.7999999999817056,2.4522828762188642e-17,4.862526617416833e-19,4.951011296018807e-17,0.004987277755105059
6.0,1.9098593171027443,0.114591559025,3.599999999963411,4.477277526878428e-08,8.877801724724653e-10,9.03935342315434e-08,0.016589010491041084
6.0,1.9098593171027443,0.1718873385375,5.399999999945118,0.0006229863578225022,1.2352929495109043e-05,0.0012577724580071568,0.03276957211740786
6.0,1.9098593171027443,0.22918311805,7.199999999926822,0.0544362566227943,0.0010793932027491212,0.109907773991532,0.05193766641651968
6.0,1.9098593171027443,0.2864788975625,8.999999999908528,0.2873046975552001,0.0056968417172373964,0.5801693562383855,0.07273085338208064
6.0,1.9098593171027443,0.343774677075,10.799999999890236,0.4937776424212673,0.009790905252581701,0.9972573168563748,0.09418926490732273
6.0,1.9098593171027443,0.4010704565875,12.599999999871939,0.6042093116924103,0.011980607494700935,1.220386291212943,0.11583401417067961
6.0,1.9098593171027443,0.4583662361,14.399999999853645,0.6494789773963371,0.012878240294658798,1.3118645066404575,0.13750837360428128
6.0,1.9098593171027443,0.5156620156125,16.199999999835352,0.6730549488212095,0.01334571812805484,1.35950774186491,0.15917849959540864
6.0,1.9098593171027443,0.572957795125,17.999999999817057,0.6940285128238919,0.013761593939993742,1.4018932735918639,0.1808395204218311
6.0,1.9098593171027443,0.6302535746375,19.799999999798764,0.7152826007533148,0.014183032140651442,1.4448470060808125,0.20249076776188665
6.0,1.9098593171027443,0.68754935415,21.599999999780472,0.7373034557980823,0.014619674237824832,1.48935171567364,0.22413193218642719
6.0,1.9098593171027443,0.7448451336624999,23.39999999976217,0.760208829344827,0.01507385507329457,1.5356455379406875,0.24576270857586682
6.0,1.9098593171027443,0.802140913175,25.199999999743877,0.7838847997168928,0.015543315742957817,1.5834983900614608,0.26738277461575477
6.0,1.9098593171027443,0.8594366926875,26.999999999725585,0.8085702279920258,0.016032792520756168,1.6333932300441947,0.28899178746306375
6.0,1.9098593171027443,0.9167324722,28.79999999970729,0.8341097431691021,0.016539204621695912,1.6850162158050392,0.31058938504378375
6.0,1.9098593171027443,0.9740282517125,30.599999999688997,0.8605613750189365,0.017063702693232628,1.738484837446157,0.33217518328467255
6.0,1.9098593171027443,1.031324031225,32.399999999670705,0.8882395743445224,0.017612521845574245,1.7944349622643647,0.3537487748783442
6.0,1.9098593171027443,1.0886198107375,34.19999999965241,0.9168348470817596,0.018179525253564033,1.8522412180023573,0.3753097311382832
6.0,1.9098593171027443,1.14591559025,35.99999999963411,0.9467143576945526,0.018771993264000558,1.91264611188552,0.3968575966424388
6.0,1.9098593171027443,1.2032113697625,37.79999999961582,0.9777132427879318,0.019386656871280706,1.9753166625323044,0.41839189202464105
6.0,1.9098593171027443,1.260507149275,39.59999999959753,1.0100885935662736,0.02002861382671411,2.0407729666121868,0.43991210970336586
6.0,1.9098593171027443,1.3178029287875,41.39999999957923,1.0435971590692894,0.020693040811259625,2.108523570164786,0.46141771575663265
6.0,1.9098593171027443,1.3750987083,43.199999999560944,1.078548887313768,0.021386083651307286,2.1791955271315673,0.482908144918151
6.0,1.9098593171027443,1.4323944878125,44.99999999954264,1.1152581969641147,0.02211397681980273,2.2534250719734774,0.5043828012729464
6.0,1.9098593171027443,1.4896902673249999,46.79999999952434,1.1531690056964732,0.02286569399866721,2.3300882220182926,0.5258410599444806
6.0,1.9098593171027443,1.5469860468375,48.59999999950605,1.192961043034085,0.023654713253304427,2.410560031785415,0.5472822581425225
6.0,1.9098593171027443,1.60428182635,50.399999999487754,1.2341138684343287,0.024470714991240688,2.4937885634730614,0.5687057026941511
6.0,1.9098593171027443,1.6615776058625,52.19999999946947,1.277469484980531,0.025330394930756815,2.5814773426073025,0.5901106590151926
6.0,1.9098593171027443,1.718873385375,53.99999999945117,1.3224287902040939,0.026221873725761177,2.672415364766481,0.6114963601129003
6.0,1.9098593171027443,1.7761691648875,55.79999999943288,1.369503492266698,0.027155297818088238,2.7676383728337157,0.6328619955272012
6.0,1.9098593171027443,1.8334649444,57.59999999941458,1.4185023538771833,0.028126875245450433,2.8667603500428225,0.654206716799503
6.0,1.9098593171027443,1.8907607239125,59.39999999939629,1.4698111412445656,0.029144255200677958,2.9705625774429185,0.6755296309396843
6.0,1.9098593171027443,1.948056503425,61.199999999377994,1.5231698022992932,0.030202281222734557,3.078519910173757,0.6968298038410206
6.0,1.9098593171027443,2.0053522829375,62.999999999359694,1.5793293921617437,0.03131584566172143,3.1921530344370717,0.7181062521218812
6.0,1.9098593171027443,2.06264806245,64.79999999934141,1.6370943765108306,0.032461242779957614,3.3090439704472914,0.7393579541354576
6.0,1.9098593171027443,2.1199438419625,66.5999999993231,1.698298502535043,0.033674833164552,3.432904687315048,0.760583827542821
6.0,1.9098593171027443,2.177239621475,68.39999999930482,1.761771132344977,0.03493340473849754,3.561367626332477,0.7817827537102615
6.0,1.9098593171027443,2.2345354009875,70.19999999928652,1.8282323547434622,0.03625123583405608,3.6958916287744072,0.8029535558350515
6.0,1.9098593171027443,2.2918311805,71.99999999926823,1.8974222063102713,0.037623171747980806,3.835952141438215,0.8240950101142034
6.0,1.9098593171027443,2.3491269600124998,73.79999999924992,1.9701176529129554,0.03906461860347403,3.983123839823332,0.845205836204266
6.0,1.9098593171027443,2.406422739525,75.59999999923164,2.0451374269776967,0.04055215355207204,4.13501707155166,0.8662847095802846
6.0,1.9098593171027443,2.4637185190375,77.39999999921335,2.1243860405215895,0.04212354034634237,4.295490060589213,0.8873302389548201
6.0,1.9098593171027443,2.52101429855,79.19999999919506,2.2063018512359207,0.04374781385022083,4.461382933325935,0.9083409948457587
6.0,1.9098593171027443,2.5783100780625,80.99999999917675,2.2922936980695336,0.0454529093274359,4.635551217896478,0.929315480989995
6.0,1.9098593171027443,2.635605857575,82.79999999915846,2.381622205368767,0.04722416601502641,4.816500125008669,0.9502521574231098
6.0,1.9098593171027443,2.6929016370875,84.59999999914018,2.474794714676003,0.049071643771004175,5.005260131093569,0.9711494258192608
6.0,1.9098593171027443,2.7501974166,86.39999999912189,2.572318376395405,0.051005398663383175,5.202861987169442,0.9920056358283075
6.0,1.9098593171027443,2.8074931961125,88.19999999910357,2.672611983900478,0.052994077623626616,5.406104847151195,1.0128190957819265
6.0,1.9098593171027443,2.864788975625,89.99999999908528,2.7784590205664275,0.05509287315066002,5.620633022244733,1.033588045122028
6.0,1.9098593171027443,2.9220847551375,91.79999999906698,2.8875177032955825,0.057255351031060976,5.8417042247973425,1.0543106987035598
6.0,1.9098593171027443,2.9793805346499997,93.59999999904868,3.0015921485717176,0.05951728431739348,6.072979453029257,1.074985208002271
6.0,1.9098593171027443,3.0366763141625,95.3999999990304,3.119730225895828,0.0618597936220487,6.312532818010936,1.0956096940757967
6.0,1.9098593171027443,3.093972093675,97.1999999990121,3.242040082416267,0.06428502334848255,6.560587823850762,1.116182233841596
6.0,1.9098593171027443,3.1512678731875,98.99999999899381,3.36991283487741,0.06682055735442637,6.819970946009611,1.1367008627172752
6.0,1.9098593171027443,3.2085636527,100.79999999897551,3.5013469055479765,0.06942670721286559,7.08662711196322,1.1571635982711939
6.0,1.9098593171027443,3.2658594322125,102.59999999895722,3.6384224936928,0.07214472030350866,7.364781935726852,1.1775684126313768
6.0,1.9098593171027443,3.323155211725,104.39999999893894,3.779752637962443,0.07494709516416959,7.651626836792316,1.1979132687864193
6.0,1.9098593171027443,3.3804509912375,106.19999999892063,3.9256711918077376,0.07784045163184486,7.947844823393521,1.2181961035228468
6.0,1.9098593171027443,3.43774677075,107.99999999890234,4.07743154751775,0.08084964268506624,8.255986920076863,1.2384148360417646
6.0,1.9098593171027443,3.4950425502624998,109.79999999888405,4.232418291778141,0.08392280841411515,8.570748584202057,1.2585673922266394
6.0,1.9098593171027443,3.552338329775,111.59999999886575,4.3935233089015675,0.08711729075364823,8.89800924193037,1.2786516728720208
6.0,1.9098593171027443,3.6096341092874997,113.39999999884746,4.5592255040524785,0.09040292856606914,9.234686475240757,1.298665598389691
6.0,1.9098593171027443,3.6669298888,115.19999999882916,4.729221443913644,0.0937737052021734,9.580170146854847,1.3186070921356885
6.0,1.9098593171027443,3.7242256683125,116.99999999881088,4.904664635949761,0.09725249306711811,9.936811734375672,1.3384740857040698
6.0,1.9098593171027443,3.781521447825,118.79999999879259,5.084936911066717,0.10082703475086575,10.303362432978027,1.358264536406035
6.0,1.9098593171027443,3.8388172273375,120.5999999987743,5.268020672731122,0.10445732419643997,10.6757257882065,1.3779764309613685
6.0,1.9098593171027443,3.89611300685,122.39999999875599,5.45813654609822,0.1082270503712047,11.062493766330894,1.3976077647437506
6.0,1.9098593171027443,3.9534087863625,124.19999999873768,5.65114164025365,0.11205406566674381,11.455246282897491,1.4171565971756517
6.0,1.9098593171027443,4.010704565875,125.99999999871939,5.849055456230157,0.11597841390353511,11.858099453389816,1.436621007393345
6.0,1.9098593171027443,4.0680003453874996,127.7999999987011,6.0516815332937846,0.11999619954588246,12.270661654314608,1.4559991272245578
6.0,1.9098593171027443,4.1252961249,129.59999999868282,6.258424190587155,0.12409561109335672,12.69172780528676,1.4752891394693048
6.0,1.9098593171027443,4.1825919044125,131.39999999866453,6.46689203211991,0.12822923057974908,13.116432669117504,1.4944892858086847
6.0,1.9098593171027443,4.239887683925,133.1999999986462,6.682550338618851,0.13250542671432808,13.555918645596156,1.513597842806334
6.0,1.9098593171027443,4.2971834634375,134.99999999862794,6.900186390892185,0.13682083872226217,13.999571369262874,1.5326131790982322
6.0,1.9098593171027443,4.35447924295,136.79999999860965,7.1211962248083065,0.1412031480004847,14.450241765174312,1.551533708399896
6.0,1.9098593171027443,4.4117750224625,138.5999999985913,7.346844286161425,0.1456774267027437,14.910515949226392,1.570357911998823
6.0,1.9098593171027443,4.469070801975,140.39999999857304,7.574580261049296,0.15019310574766317,15.375198419545093,1.5890843502009155
6.0,1.9098593171027443,4.5263665814875,142.19999999855474,7.805399871309382,0.1547699288768203,15.846326047800178,1.6077116449071531
6.0,1.9098593171027443,4.583662361,143.99999999853645,8.040401317019034,0.1594296718288917,16.326147710280132,1.6262384905075724
6.0,1.9098593171027443,4.6409581405125,145.79999999851816,8.27747623948654,0.1641305288629617,16.810365004297527,1.6446636625112734
6.0,1.9098593171027443,4.6982539200249995,147.59999999849984,8.5163847849704,0.1688677440219845,17.298492101227282,1.6629860059390276
6.0,1.9098593171027443,4.7555496995375,149.39999999848158,8.758014110920625,0.1736589083708261,17.79234637779313,1.6812044379268556
6.0,1.9098593171027443,4.81284547905,151.19999999846328,9.003274678860043,0.17852207506082485,18.293795405381474,1.699317950445703
6.0,1.9098593171027443,4.8701412585625,152.99999999844496,9.24836340539464,0.18338183438125372,18.795067281251566,1.7173256196537003
6.0,1.9098593171027443,4.927437038075,154.7999999984267,9.496880250110145,0.1883095683878983,19.303528418389853,1.7352265802506677
6.0,1.9098593171027443,4.9847328175875,156.59999999840838,9.747385217426013,0.19327672402553295,19.816238502600594,1.7530200503712048
6.0,1.9098593171027443,5.0420285971,158.39999999839011,9.999489467813937,0.19827559116179636,20.332405651001764,1.7707053180324022
6.0,1.9098593171027443,5.0993243766125,160.1999999983718,10.250091666774493,0.2032446747640428,20.845680237651028,1.7882817468692065
6.0,1.9098593171027443,5.156620156125,161.9999999983535,10.505135075470799,0.20830182121076382,21.368238323120536,1.8057487537739652
6.0,1.9098593171027443,5.2139159356375,163.79999999833524,10.76054994101805,0.21336633311618647,21.891746764257398,1.8231058415036312
6.0,1.9098593171027443,5.27121171515,165.59999999831692,11.015678489461472,0.2184251677624646,22.414857508303495,1.840352572706172
6.0,1.9098593171027443,5.3285074946624995,167.39999999829863,11.271733387403822,0.22350237059595007,22.940057748938116,1.8574885714235145
6.0,1.9098593171027443,5.385803274175,169.19999999828036,11.530820663369559,0.22863970115367066,23.471671694070984,1.8745135229625782
6.0,1.9098593171027443,5.4430990536875,170.99999999826204,11.787624738017813,0.2337317590909818,23.99879334878422,1.8914271845777875
6.0,1.9098593171027443,5.5003948332,172.79999999824378,12.04563293687796,0.23884769309123724,24.528579713822136,1.9082293584193366
6.0,1.9098593171027443,5.5576906127125,174.59999999822548,12.30459459780974,0.24398253288228455,25.060518568350517,1.9249199087724553
6.0,1.9098593171027443,5.614986392225,176.39999999820714,12.564824921397905,0.24914252844143275,25.595259939314197,1.9414987533214367
6.0,1.9098593171027443,5.6722821717375,178.19999999818884,12.820674122562265,0.2542156526016632,26.121190756692926,1.957965869751799
6.0,1.9098593171027443,5.72957795125,179.99999999817055,13.079550922711816,0.2593488097246286,26.65353912468977,1.9743212682095832
6.0,1.9098593171027443,5.7868737307625,181.79999999815226,13.33879545369728,0.26448925842474036,27.18683923007095,1.9905650201902347
6.0,1.9098593171027443,5.844169510275,183.59999999813397,13.596790400017111,0.2696049296460536,27.71776310005643,2.006697241172814
6.0,1.9098593171027443,5.9014652897875,185.39999999811567,13.854092875046964,0.2747068701509312,28.2474550732473,2.0227180875177457
6.0,1.9098593171027443,5.9587610692999995,187.19999999809735,14.109769595541199,0.27977657426587405,28.77399130944789,2.038627758787292
6.0,1.9098593171027443,6.0160568488125,188.9999999980791,14.3675206392924,0.2848874092476836,29.30499224246389,2.0544264888159733
6.0,1.9098593171027443,6.073352628325,190.7999999980608,14.622845145786,0.2899501294621567,29.83118516800606,2.0701145580698848
6.0,1.9098593171027443,6.1306484078375,192.5999999980425,14.876670763247894,0.2949831288484011,30.35447752026811,2.085692276407884
6.0,1.9098593171027443,6.18794418735,194.3999999980242,15.130089747979243,0.3000080652885027,30.877119050907456,2.101159987198503
6.0,1.9098593171027443,6.2452399668625,196.1999999980059,15.385200456796019,0.30506654620046963,31.403438811034807,2.1165180646358435
6.0,1.9098593171027443,6.302535746375,197.99999999798763,15.636026588661183,0.3100400700723103,31.921104251891737,2.131766920916459
6.0,1.9098593171027443,6.3598315258875,199.7999999979693,15.88655595143039,0.315007709436934,32.43834056989491,2.1469069865048627
6.0,1.9098593171027443,6.4171273054,201.59999999795102,16.136579409028947,0.3199653174247454,32.95471515725152,2.1619387226123457
6.0,1.9098593171027443,6.4744230849125,203.39999999793275,16.38702899271036,0.32493137488402823,33.47215290441517,2.176862614293813
6.0,1.9098593171027443,6.531718864425,205.19999999791443,16.63310247013909,0.3298106604079008,33.98072796944716,2.1916791750308025
6.0,1.9098593171027443,6.5890146439374995,206.99999999789614,16.878313791950017,0.33467285061752317,34.48769721886708,2.206388932673417
6.0,1.9098593171027443,6.64631042345,208.79999999787788,17.124164846397683,0.33954772581142834,34.996165582311434,2.220992437469745
6.0,1.9098593171027443,6.7036062029625,210.59999999785956,17.36864820813811,0.3443954816127957,35.501980572849206,2.235490261538101
6.0,1.9098593171027443,6.760901982475,212.39999999784126,17.612592424958958,0.3492325469406148,36.00685438321934,2.24988299231634
6.0,1.9098593171027443,6.8181977619875,214.19999999782297,17.849263174032764,0.3539253897936782,36.49684122766934,2.264171239455328
6.0,1.9098593171027443,6.8754935415,215.99999999780468,18.089265835488188,0.35868429970939436,36.99389364410169,2.2783556143313226
6.0,1.9098593171027443,6.9327893210125,217.7999999977864,18.32823851751651,0.36342278660447025,37.488980482942075,2.2924367540012565
6.0,1.9098593171027443,6.9900851005249995,219.5999999977681,18.565620527570818,0.3681297327466899,37.980937435570524,2.3064153053487244
6.0,1.9098593171027443,7.0473808800375,221.39999999774983,18.79647209805319,0.37270718960139754,38.45951882449681,2.3202919301457996
6.0,1.9098593171027443,7.10467665955,223.1999999977315,19.030215051767794,0.3773419784550528,38.944253452150846,2.334067290757455
6.0,1.9098593171027443,7.1619724390625,224.9999999977132,19.263266399822545,0.3819630537564813,39.427713227398336,2.3477420687238424
6.0,1.9098593171027443,7.2192682185749995,226.79999999769493,19.49367384026187,0.3865317041469068,39.90584477572287,2.361316953162013
6.0,1.9098593171027443,7.2765639980875,228.59999999767663,19.721500910055504,0.39104918947367195,40.378774691542844,2.37479263983366
6.0,1.9098593171027443,7.3338597776,230.3999999976583,19.944443933283686,0.39546983113425366,40.841713521292895,2.388169833168905
6.0,1.9098593171027443,7.3911555571125,232.19999999764005,20.172209313692804,0.3999860932486516,41.314816485111734,2.401449236473672
6.0,1.9098593171027443,7.448451336625,233.99999999762176,20.39598195673023,0.4044231850848794,41.77977416202512,2.414631570410446
6.0,1.9098593171027443,7.5057471161375,235.79999999760346,20.617101198456492,0.40880766376368016,42.23936291833253,2.427717554104826
6.0,1.9098593171027443,7.56304289565,237.59999999758517,20.836646847452936,0.4131609403466382,42.69582301189775,2.4407079111913106
6.0,1.9098593171027443,7.6203386751624995,239.39999999756685,21.053749877134916,0.4174657832780466,43.147343794376305,2.453603370038413
6.0,1.9098593171027443,7.677634454675,241.1999999975486,21.2720141082883,0.4217936511757737,43.60141912549386,2.4664046595252933
6.0,1.9098593171027443,7.7349302341875,242.99999999753024,21.486872102453212,0.42605397826007224,44.04854482770009,2.479112515586792
6.0,1.9098593171027443,7.7922260137,244.79999999751197,21.698996494671643,0.43026010192291775,44.49011488612118,2.491727673062358
6.0,1.9098593171027443,7.849521793212499,246.59999999749365,21.907485969661334,0.4343941503698562,44.92424715624182,2.5042508690431253
6.0,1.9098593171027443,7.906817572725,248.39999999747536,22.119802473332335,0.43860408332836115,45.36647966466719,2.516682837126931
6.0,1.9098593171027443,7.9641133522375,250.19999999745707,22.328333328251677,0.4427389522801904,45.80095608820092,2.529024319342759
6.0,1.9098593171027443,8.02140913175,251.99999999743878,22.533806772824665,0.4468131971525805,46.22918744733481,2.5412760532635716
6.0,1.9098593171027443,8.0787049112625,253.79999999742049,22.737552605415033,0.45085318594737234,46.65394088247742,2.5534387758430523
6.0,1.9098593171027443,8.136000690774999,255.5999999974022,22.93782379863538,0.45482427760722727,47.07156968982334,2.5655132247593038
6.0,1.9098593171027443,8.1932964702875,257.3999999973839,23.142427528880884,0.4588812772869524,47.498355097307254,2.5775001319902104
6.0,1.9098593171027443,8.2505922498,259.19999999736564,23.34098696400963,0.4628184272292195,47.912650450390316,2.589400236768762
6.0,1.9098593171027443,8.3078880293125,260.9999999973473,23.53906906307425,0.46674611227924373,48.32606549400591,2.6012142689595636
6.0,1.9098593171027443,8.365183808825,262.79999999732905,23.731384253682396,0.47055944777301667,48.72755502770907,2.6129429613415187
6.0,1.9098593171027443,8.4224795883375,264.59999999731076,23.92800689756347,0.4744581939116871,49.13814969796071,2.6245870374502083
6.0,1.9098593171027443,8.47977536785,266.3999999972924,24.12195422697905,0.4783038923863846,49.54326925559131,2.6361472258839767
6.0,1.9098593171027443,8.5370711473625,268.1999999972742,24.312537732062896,0.48208289103004714,49.94147038569842,2.6476242494755087
6.0,1.9098593171027443,8.594366926875,269.9999999972559,24.50091475787788,0.4858181383419214,50.335166540541934,2.6590188272419084
6.0,1.9098593171027443,8.6516627063875,271.79999999723753,24.684989378802733,0.48946807511111706,50.719971987369675,2.6703316762128235
6.0,1.9098593171027443,8.7089584859,273.5999999972193,24.874153095114746,0.4932189213717038,51.11552019973574,2.681563505245026
6.0,1.9098593171027443,8.766254265412499,275.39999999720095,25.05907712855965,0.49688570077772565,51.50230508236491,2.6927150272150153
6.0,1.9098593171027443,8.823550044925,277.1999999971826,25.241297810565055,0.5004988765866328,51.88353433220471,2.7037869466599487
6.0,1.9098593171027443,8.8808458244375,278.99999999716437,25.42209776427024,0.5040838813829585,52.261888049308126,2.7147799642566017
6.0,1.9098593171027443,8.93814160395,280.7999999971461,25.596992961242442,0.5075518032886358,52.627976870041685,2.725694778718154
6.0,1.9098593171027443,8.9954373834625,282.5999999971278,25.778965885116015,0.5111600664077289,53.00897654412897,2.7365320778535835
6.0,1.9098593171027443,9.052733162975,284.3999999971095,25.956367187969384,0.5146776808128787,53.38049863600411,2.747292554427051
6.0,1.9098593171027443,9.1100289424875,286.1999999970912,26.13133364296457,0.5181470156633546,53.74701256768507,2.7579768914185276
6.0,1.9098593171027443,9.167324722,287.9999999970729,26.299384687239222,0.5214792277984006,54.09912543721804,2.7685857695807776
6.0,1.9098593171027443,9.2246205015125,289.7999999970546,26.47215220896815,0.5249049609435399,54.461207571116134,2.7791198591494224
6.0,1.9098593171027443,9.281916281025,291.5999999970363,26.64373583640761,0.5283072191561966,54.820895797369516,2.789579831909229
6.0,1.9098593171027443,9.3392120605375,293.399999997018,26.813280824994436,0.5316690540727468,55.17639589733878,2.7999663528747383
6.0,1.9098593171027443,9.396507840049999,295.1999999969997,26.981158043681862,0.5349978194947204,55.52848273331772,2.8102800816805273
6.0,1.9098593171027443,9.4538036195625,296.99999999698144,27.140376831203238,0.5381549005958585,55.862487313143845,2.820521675353042
6.0,1.9098593171027443,9.511099399075,298.79999999696315,27.30607016539726,0.5414403627081628,56.21015358489275,2.8306917784744434
6.0,1.9098593171027443,9.5683951785875,300.5999999969448,27.469924291911514,0.5446893559596169,56.55404056461394,2.84079103832824
6.0,1.9098593171027443,9.6256909581,302.39999999692657,27.631886115286243,0.5479008275431043,56.894034121201706,2.8508200942383257
6.0,1.9098593171027443,9.6829867376125,304.1999999969083,27.79062551389237,0.5510484030468944,57.22733838481657,2.8607795807104943
6.0,1.9098593171027443,9.740282517125,305.9999999968899,27.945857786698735,0.5541264372562549,57.553350845996654,2.870670126589994
6.0,1.9098593171027443,9.7975782966375,307.79999999687163,28.102693905360763,0.5572362734377249,57.88280404492242,2.880492353848606
6.0,1.9098593171027443,9.85487407615,309.5999999968534,28.258451336092513,0.5603247207785201,58.210063371156835,2.8902468815413034
6.0,1.9098593171027443,9.9121698556625,311.3999999968351,28.41463760240945,0.5634216713163474,58.53829581849659,2.8999343220959792
6.0,1.9098593171027443,9.969465635175,313.19999999681676,28.565656703351866,0.5664161643464627,58.85573790487855,2.909555284725703
6.0,1.9098593171027443,10.026761414687499,314.99999999679846,28.71394563761934,0.569356522071652,59.16750688700386,2.9191103708546797
6.0,1.9098593171027443,10.0840571942,316.79999999678023,28.863737851834713,0.5723266876906654,59.48250253868103,2.9286001760637714
6.0,1.9098593171027443,10.1413529737125,318.5999999967619,29.012006491865517,0.5752666430101334,59.794359733862976,2.9380252926871964
6.0,1.9098593171027443,10.198648753225,320.3999999967436,29.160391790222516,0.578208911497555,60.106527495572216,2.9473863063271355
6.0,1.9098593171027443,10.2559445327375,322.19999999672535,29.306314224092656,0.5811023449005801,60.41357758682364,2.956683798411318
6.0,1.9098593171027443,10.31324031225,323.999999996707,29.447771592056736,0.5839072424253535,60.711292511341284,2.965918344825514
6.0,1.9098593171027443,10.3705360917625,325.7999999966887,29.590829864024926,0.5867438835895228,61.0124370529317,2.975090513894586
6.0,1.9098593171027443,10.427831871275,327.5999999966705,29.72975833481479,0.5894986366960419,61.30494622370158,2.984200871849694
6.0,1.9098593171027443,10.4851276507875,329.3999999966521,29.873736128537193,0.5923535106629946,61.60814694705134,2.9932499755003708
6.0,1.9098593171027443,10.5424234303,331.19999999663384,30.0133683285046,0.5951222177137769,61.902255055446126,3.002238381420736
6.0,1.9098593171027443,10.5997192098125,332.99999999661554,30.15025898463254,0.5978365638667138,62.1906447590124,3.0111666378735196
6.0,1.9098593171027443,10.657014989324999,334.79999999659725,30.28567260878796,0.6005216225856812,62.475977456349256,3.0200352879905807
6.0,1.9098593171027443,10.7143107688375,336.59999999657896,30.416925666478292,0.6031241832153124,62.75259525319864,3.028844870630857
6.0,1.9098593171027443,10.77160654835,338.3999999965607,30.55449549854923,0.6058519964569475,63.04258060396433,3.0375959160966044
6.0,1.9098593171027443,10.8289023278625,340.1999999965423,30.688608956879236,0.6085112747449768,63.32533427209416,3.046288954678487
6.0,1.9098593171027443,10.886198107375,341.9999999965241,30.820443173794764,0.6111253589318162,63.60333459952701,3.054924508660446
6.0,1.9098593171027443,10.9434938868875,343.7999999965058,30.95190770999454,0.6137321128781774,63.880606744201664,3.063503095030006
6.0,1.9098593171027443,11.0007896664,345.59999999648755,31.073648269775,0.6161460542635385,64.13741577922829,3.0720252283938354
6.0,1.9098593171027443,11.0580854459125,347.3999999964692,31.204973056694964,0.618750037181323,64.41449186269243,3.080491411317839
6.0,1.9098593171027443,11.115381225425,349.19999999645097,31.332756486840477,0.6212838000533512,64.68414535616927,3.0889021492202176
6.0,1.9098593171027443,11.1726770049375,350.9999999964326,31.461275419263973,0.6238321468848342,64.95539984373987,3.0972579382625307
6.0,1.9098593171027443,11.22997278445,352.7999999964143,31.583500750303422,0.6262557005917307,65.21341644870726,3.105559272284691
6.0,1.9098593171027443,11.287268563962499,354.599999996396,31.704519978785193,0.6286553390079122,65.4689307020829,3.113806637349707
6.0,1.9098593171027443,11.344564343475,356.3999999963777,31.8270975727588,0.6310858775855601,65.72777956768886,3.1220005151982653
6.0,1.9098593171027443,11.4018601229875,358.1999999963594,31.948384034410704,0.6334908148537437,65.98394587067651,3.1301413839422834
6.0,1.9098593171027443,11.4591559025,359.9999999963411,32.06985670423811,0.6358994443640357,66.24054927347726,3.1382297159037758
6.0,1.9098593171027443,11.5164516820125,361.79999999632287,32.190472161035714,0.6382910765645368,66.4953852575797,3.146265979138581
6.0,1.9098593171027443,11.573747461525,363.5999999963045,32.30577225552997,0.6405773127239371,66.73903138535536,3.154250637702742
6.0,1.9098593171027443,11.6310432410375,365.3999999962862,32.422681814020095,0.6428954622551413,66.9861188993664,3.162184148436214
6.0,1.9098593171027443,11.68833902055,367.19999999626793,32.53833165363885,0.6451886333607246,67.23058398802252,3.1700669656428437
6.0,1.9098593171027443,11.7456348000625,368.99999999624964,32.65283671410977,0.6474591051312051,67.47266837968513,3.177899538317386
6.0,1.9098593171027443,11.802930579575,370.79999999623135,32.7689089579641,0.6497606519093453,67.71810587565069,3.185682310310926
6.0,1.9098593171027443,11.8602263590875,372.5999999962131,32.88258121681038,0.6520146104133258,67.958507383355,3.193415722330297
6.0,1.9098593171027443,11.917522138599999,374.3999999961947,32.99473082306308,0.6542383768915936,68.19572635285166,3.2011002095349297
6.0,1.9098593171027443,11.9748179181125,376.1999999961765,33.09943637340259,0.6563145383754685,68.41723342145396,3.2087362039921836
6.0,1.9098593171027443,12.032113697625,377.9999999961582,33.21069871399901,0.6585207116432946,68.65264728161102,3.2163241292417157
6.0,1.9098593171027443,12.0894094771375,379.7999999961399,33.321415950974405,0.6607160762850354,68.88694435302656,3.2238644087791353
6.0,1.9098593171027443,12.14670525665,381.5999999961216,33.43055701397471,0.6628801876485272,69.11794166939889,3.231357460486109
6.0,1.9098593171027443,12.2040010361625,383.39999999610336,33.54071550660076,0.6650644731880265,69.35112832873507,3.2388036972019862
6.0,1.9098593171027443,12.261296815675,385.199999996085,33.640904746906735,0.6670510826958078,69.56324315474468,3.2462035301370555
6.0,1.9098593171027443,12.3185925951875,386.9999999960667,33.74515788442645,0.6691182734797702,69.78399355304055,3.25355736138607
6.0,1.9098593171027443,12.3758883747,388.7999999960484,33.84938200755038,0.6711848889497133,70.00471486137349,3.2608655924262444
6.0,1.9098593171027443,12.4331841542125,390.59999999603014,33.9521700099924,0.6732230281981351,70.22242649598253,3.268128620021381
6.0,1.9098593171027443,12.490479933725,392.3999999960118,34.05832770679041,0.6753279836717869,70.44730838909257,3.2753468356535556
6.0,1.9098593171027443,12.547775713237499,394.19999999599355,34.15930220913031,0.6773301638038981,70.66124147483224,3.282520629271516
6.0,1.9098593171027443,12.60507149275,395.99999999597526,34.259176044123265,0.6793105192749013,70.87287246941852,3.289650384404574
6.0,1.9098593171027443,12.6623672722625,397.79999999595697,34.358580426761506,0.6812815661763567,71.08353820798081,3.296736481260063
6.0,1.9098593171027443,12.719663051775,399.5999999959386,34.45234555610016,0.6831407947409575,71.28227977027571,3.303779297149385
6.0,1.9098593171027443,12.7769588312875,401.3999999959204,34.55436732012283,0.6851637405761498,71.49855158912018,3.3107792020037077
6.0,1.9098593171027443,12.8342546108,403.19999999590203,34.65310880795467,0.6871216432205869,71.70789921962702,3.3177365665425884
6.0,1.9098593171027443,12.8915503903125,404.9999999958838,34.75047127196277,0.6890522017926333,71.91435155205201,3.324651755202255
6.0,1.9098593171027443,12.948846169825,406.7999999958655,34.84900846389829,0.6910060535412976,72.12332360515516,3.331525128545721
6.0,1.9098593171027443,13.0061419493375,408.59999999584727,34.93652069286624,0.6927412960242619,72.3089388127951,3.3383570459584297
6.0,1.9098593171027443,13.06343772885,410.39999999582886,35.03046811220204,0.6946041391390918,72.50822860049873,3.3451478579297818
6.0,1.9098593171027443,13.1207335083625,412.19999999581063,35.12337327270115,0.6964463157501314,72.70533333282776,3.3518979156867963
6.0,1.9098593171027443,13.178029287874999,413.9999999957923,35.21668566761565,0.6982965672378646,72.90332794749587,3.35860756523755
6.0,1.9098593171027443,13.2353250673875,415.79999999577393,35.31087391548449,0.7001641856384639,73.10320732034656,3.3652771491934663
6.0,1.9098593171027443,13.2926208469,417.59999999575575,35.39963958257122,0.7019242820086978,73.2916035080019,3.37190700776058
6.0,1.9098593171027443,13.349916626412499,419.3999999957374,35.48888221409261,0.7036938359022935,73.48103569587396,3.3784974755834782
6.0,1.9098593171027443,13.407212405925,421.1999999957191,35.57757701865803,0.7054525271699621,73.66932856947965,3.385048884999908
6.0,1.9098593171027443,13.4645081854375,422.9999999957009,35.66145542139799,0.7071157160700058,73.84741814992745,3.39156156544004
6.0,1.9098593171027443,13.52180396495,424.7999999956825,35.75401015803534,0.7089509442764722,74.04395357453402,3.39803584001431
6.0,1.9098593171027443,13.5790997444625,426.5999999956642,35.842039648063576,0.7106964433073177,74.23090357724202,3.4044720328911118
6.0,1.9098593171027443,13.636395523975,428.39999999564594,35.9291028246848,0.71242278172375,74.41582414562951,3.410870462148678
6.0,1.9098593171027443,13.6936913034875,430.19999999562765,36.01307193212443,0.7140877691684102,74.59419439852095,3.4172314435153344
6.0,1.9098593171027443,13.750987083,431.99999999560936,36.095006566987315,0.7157124159282627,74.76826323578159,3.423555288921817
6.0,1.9098593171027443,13.808282862512499,433.799999995591,36.17941161834977,0.7173860475181354,74.9476013878107,3.4298423066003414
6.0,1.9098593171027443,13.865578642025,435.5999999955728,36.262727218319085,0.7190380768432413,75.12464560417948,3.436092802865562
6.0,1.9098593171027443,13.9228744215375,437.3999999955544,36.346514030420714,0.7206994496317707,75.3027120378304,3.4423070800782587
6.0,1.9098593171027443,13.980170201049999,439.1999999955362,36.43096394319651,0.7223739707593823,75.4822089243296,3.4484854377078538
6.0,1.9098593171027443,14.0374659805625,440.9999999955179,36.510217646242026,0.7239454584711991,75.65068072364586,3.4546281731099557
6.0,1.9098593171027443,14.094761760075,442.79999999549966,36.59045806134658,0.7255365112735579,75.82126911302112,3.460735578723302
6.0,1.9098593171027443,14.1520575395875,444.59999999548126,36.67053680227908,0.727124358308048,75.99153295922343,3.466807945135131
6.0,1.9098593171027443,14.2093533191,446.399999995463,36.74374159046658,0.7285759046795373,76.1471981277515,3.4728455607849864
6.0,1.9098593171027443,14.2666490986125,448.1999999954447,36.827616908538126,0.7302390324150131,76.32557315358962,3.4788487075199703
6.0,1.9098593171027443,14.323944878125,449.9999999954264,36.90669818396502,0.7318071011334778,76.49377208645399,3.484817669287515
6.0,1.9098593171027443,14.3812406576375,451.7999999954081,36.986959219940154,0.7333985628182419,76.66449937017417,3.490752723922817
6.0,1.9098593171027443,14.438536437149999,453.59999999538985,37.060546034096795,0.7348576842189478,76.82104649376845,3.4966541484685085
6.0,1.9098593171027443,14.4958322166625,455.3999999953715,37.13404967653376,0.7363151564432695,76.97743283226801,3.5025222150433937
6.0,1.9098593171027443,14.553127996175,457.19999999535327,37.20973215635882,0.737815831900372,77.13847173474954,3.508357193659629
6.0,1.9098593171027443,14.610423775687499,458.9999999953349,37.28427691049661,0.7392939478824184,77.29710649221587,3.5141593523678165
6.0,1.9098593171027443,14.6677195552,460.7999999953166,37.35731704302975,0.7407422293675042,77.4525554525873,3.5199289561018205
6.0,1.9098593171027443,14.7250153347125,462.59999999529833,37.43546846579649,0.742291860436079,77.61890026591733,3.5256662661101204
6.0,1.9098593171027443,14.782311114225,464.3999999952801,37.50759641447899,0.7437220546185263,77.77244035303445,3.531371543521396
6.0,1.9098593171027443,14.8396068937375,466.19999999526175,37.580229836801,0.7451622716211399,77.9270721675299,3.5370450443463635
6.0,1.9098593171027443,14.89690267325,467.9999999952435,37.64940425253213,0.7465339014644942,78.07435464646016,3.5426870234925723
6.0,1.9098593171027443,14.9541984527625,469.79999999522516,37.71961737632372,0.7479261274048189,78.22386331815751,3.5482977320861395
6.0,1.9098593171027443,15.011494232275,471.59999999520693,37.79152542212491,0.7493519612272769,78.37699635978406,3.553877419322698
6.0,1.9098593171027443,15.068790011787499,473.3999999951885,37.86237332398211,0.7507567739098168,78.52788687553328,3.559426332334935
6.0,1.9098593171027443,15.1260857913,475.19999999517034,37.93421132258581,0.7521812187964158,78.68090140779528,3.5649447151205345
6.0,1.9098593171027443,15.1833815708125,476.99999999515205,38.00396935961861,0.7535644210164375,78.82950040456413,3.5704328099344327
6.0,1.9098593171027443,15.240677350324999,478.7999999951337,38.069650263726444,0.7548667795150329,78.96942757172219,3.5758908564770158
6.0,1.9098593171027443,15.2979731298375,480.5999999951154,38.13727865522731,0.7562077539065073,79.11351716681642,3.581319090967768
6.0,1.9098593171027443,15.35526890935,482.3999999950972,38.204485159503406,0.7575403628770104,79.25672143972388,3.586717748409854
6.0,1.9098593171027443,15.4125646888625,484.19999999507877,38.26631097276665,0.75876628043143,79.38847241709774,3.592087061796172
6.0,1.9098593171027443,15.469860468375,485.9999999950605,38.33796320290697,0.7601870417947839,79.54117782311015,3.5974272591397147
6.0,1.9098593171027443,15.5271562478875,487.79999999504224,38.404953475205346,0.7615153631940718,79.683961548336,3.6027385701291306
6.0,1.9098593171027443,15.5844520274,489.59999999502395,38.473207379163156,0.762868740603978,79.82945240165601,3.6080212194821684
6.0,1.9098593171027443,15.6417478069125,491.39999999500566,38.53479950651979,0.7640900245007066,79.96075489733578,3.6132754314792126
6.0,1.9098593171027443,15.699043586424999,493.1999999949873,38.596519951938745,0.7653138527612997,80.09234233116351,3.6185014263104183
6.0,1.9098593171027443,15.7563393659375,494.999999994969,38.66043329882675,0.7665811631253076,80.22861702750129,3.623699422611184
6.0,1.9098593171027443,15.81363514545,496.7999999949507,38.723392796118105,0.7678295600144561,80.36286990029835,3.6288696375057525
6.0,1.9098593171027443,15.870930924962499,498.5999999949325,38.78426624085609,0.7690365934615465,80.49268582181516,3.634012285746633
6.0,1.9098593171027443,15.928226704475,500.39999999491414,38.85149528614137,0.7703696493880603,80.63606829681255,3.639127578769799
6.0,1.9098593171027443,15.9855224839875,502.1999999948959,38.91340425721422,0.7715972158430476,80.76811637239842,3.644215728452941
6.0,1.9098593171027443,16.0428182635,503.99999999487756,38.97525526208241,0.7728236329110055,80.9000522686431,3.6492769425015306
6.0,1.9098593171027443,16.1001140430125,505.7999999948593,39.03920732042196,0.7740917108677954,81.03648201832642,3.654311426983395
6.0,1.9098593171027443,16.157409822525,507.59999999484097,39.092131633601305,0.7751411243919801,81.14939539829953,3.6593193878069297
6.0,1.9098593171027443,16.2147056020375,509.39999999482274,39.15271134335561,0.7763423334939655,81.27865176941734,3.6643010250133594
6.0,1.9098593171027443,16.272001381549998,511.1999999948044,39.21202385003333,0.7775184157692323,81.40521501085865,3.6692565400640107
6.0,1.9098593171027443,16.3292971610625,512.9999999947861,39.271475829996994,0.7786972636005118,81.53208643900359,3.6741861311950803
6.0,1.9098593171027443,16.386592940575,514.7999999947677,39.3336066337233,0.7799292286801134,81.66468583051157,3.6790899945964277
6.0,1.9098593171027443,16.4438887200875,516.5999999947495,39.39088060777061,0.7810648897655087,81.78693003167717,3.6839683257645413
6.0,1.9098593171027443,16.5011844996,518.3999999947313,39.4483308109545,0.7822040452229264,81.90956024380019,3.688821316825973
6.0,1.9098593171027443,16.5584802791125,520.199999994713,39.50653816546986,0.7833582139096024,82.03381671553102,3.693649158569615
6.0,1.9098593171027443,16.615776058625,521.9999999946946,39.55569728113426,0.7843329689459193,82.13876562652345,3.698452041164063
6.0,1.9098593171027443,16.6730718381375,523.7999999946763,39.615635015972934,0.7855214486024348,82.26673541326983,3.7032301494899804
6.0,1.9098593171027443,16.73036761765,525.5999999946581,39.67337187412347,0.7866662880183339,82.39001640686209,3.7079836704920814
6.0,1.9098593171027443,16.7876633971625,527.3999999946398,39.728474273706574,0.7877588898843532,82.50768156284057,3.7127127878648847
6.0,1.9098593171027443,16.844959176675,529.1999999946215,39.78661786689583,0.7889117942750202,82.63185072132288,3.717417682817762
6.0,1.9098593171027443,16.902254956187498,530.9999999946031,39.83977465084082,0.7899658173623866,82.74537911230846,3.722098536430262
6.0,1.9098593171027443,16.9595507357,532.7999999945848,39.89350952160924,0.7910313030856232,82.86015074614436,3.7267555264998875
6.0,1.9098593171027443,17.0168465152125,534.5999999945666,39.947138182921435,0.7920946828270707,82.97470415702591,3.7313888298509217
6.0,1.9098593171027443,17.074142294725,536.3999999945484,39.995103534063254,0.7930457672182828,83.07716776683343,3.735998622158852
6.0,1.9098593171027443,17.1314380742375,538.19999999453,40.051640625613196,0.7941668169764445,83.19795118829597,3.740585075216366
6.0,1.9098593171027443,17.18873385375,539.9999999945118,40.10636018058208,0.7952518275806847,83.31486082723067,3.7451483619743913
6.0,1.9098593171027443,17.2460296332625,541.7999999944933,40.15963499976801,0.7963081911382571,83.42869237748104,3.749688652525509
6.0,1.9098593171027443,17.303325412775,543.5999999944751,40.21456248856001,0.7973973247731614,83.54606407249311,3.754206115065439
6.0,1.9098593171027443,17.3606211922875,545.3999999944568,40.26332540910149,0.7983642238261838,83.65027060193356,3.758700917397119
6.0,1.9098593171027443,17.4179169718,547.1999999944386,40.313627748704555,0.7993616473600275,83.75777434596634,3.763173224060742
6.0,1.9098593171027443,17.4752127513125,548.9999999944204,40.363892198981134,0.8003583196026545,83.86520469342372,3.7676231990714117
6.0,1.9098593171027443,17.532508530824998,550.7999999944019,40.409220824293925,0.8012571214874281,83.9620921854461,3.7720510052520297
6.0,1.9098593171027443,17.5898043103375,552.5999999943836,40.46266400477393,0.8023168234089458,84.07633201648454,3.776456801973488
6.0,1.9098593171027443,17.64710008985,554.3999999943652,40.51420420507769,0.8033387919521119,84.18651216179714,3.780840749612111
6.0,1.9098593171027443,17.7043958693625,556.1999999943471,40.56442674710771,0.8043346332140786,84.29388314509632,3.7852030059049744
6.0,1.9098593171027443,17.761691648875,557.9999999943287,40.616397355260645,0.8053651361300254,84.40499929109703,3.789543726868288
6.0,1.9098593171027443,17.8189874283875,559.7999999943106,40.661964175388285,0.8062686610776991,84.50243043598371,3.79386306823062
6.0,1.9098593171027443,17.8762832079,561.5999999942921,40.70768797057972,0.8071752986166378,84.60020348604175,3.798161182759431
6.0,1.9098593171027443,17.9335789874125,563.3999999942738,40.756336057461255,0.8081399206822317,84.70423655396776,3.802438222201975
6.0,1.9098593171027443,17.990874766925,565.1999999942556,40.79996911600754,0.8090051019002638,84.79755111272459,3.8066943380269227
6.0,1.9098593171027443,18.0481705464375,566.9999999942373,40.8497606079731,0.8099923960552381,84.90404320205027,3.8109296782888795
6.0,1.9098593171027443,18.10546632595,568.799999994219,40.898736886821084,0.8109635256986809,85.00879900209075,3.815144391611261
6.0,1.9098593171027443,18.162762105462498,570.5999999942007,40.946570976776066,0.811912007368074,85.11111871133005,3.819338624533006
6.0,1.9098593171027443,18.220057884975,572.3999999941824,40.99564951151814,0.8128851645998167,85.21610749123167,3.8235125219816632
6.0,1.9098593171027443,18.2773536644875,574.199999994164,41.03946220688903,0.8137539077594567,85.30983769607055,3.827666228463247
6.0,1.9098593171027443,18.334649444,575.9999999941458,41.08209580333814,0.8145992710719049,85.40105093856532,3.8317998860948905
6.0,1.9098593171027443,18.3919452235125,577.7999999941276,41.127568347833176,0.8155009266684635,85.49834403301544,3.8359136357020946
6.0,1.9098593171027443,18.449241003025,579.5999999941092,41.172688389259186,0.8163955926327393,85.59488904528166,3.840007617563527
6.0,1.9098593171027443,18.5065367825375,581.399999994091,41.211296830712904,0.8171611428718502,85.67750579861195,3.8440819709707075
6.0,1.9098593171027443,18.56383256205,583.1999999940726,41.261420242907946,0.8181550185308033,85.78476967973025,3.8481368315296036
6.0,1.9098593171027443,18.6211283415625,584.9999999940543,41.30608278358502,0.8190406129088,85.88035367330468,3.852172337135671
6.0,1.9098593171027443,18.678424121075,586.799999994036,41.35242040693445,0.8199594217832145,85.97952890346453,3.8561886220249546
6.0,1.9098593171027443,18.7357199005875,588.5999999940178,41.3955212018615,0.8208140489740537,86.07178221846308,3.860185820405053
6.0,1.9098593171027443,18.793015680099998,590.3999999939994,41.435742186017265,0.8216115736313138,86.15787659184488,3.864164064770284
6.0,1.9098593171027443,18.8503114596125,592.1999999939812,41.47856328500077,0.822460654851158,86.2495419364955,3.868123485933105
6.0,1.9098593171027443,18.907607239125,593.9999999939629,41.52165226726852,0.8233150478138387,86.34178628466131,3.8720642142799324
6.0,1.9098593171027443,18.9649030186375,595.7999999939445,41.557432663037794,0.8240245219470922,86.4183887396948,3.8759863795416996
6.0,1.9098593171027443,19.02219879815,597.5999999939263,41.60424251940493,0.8249526945276291,86.5186100343491,3.879890107795531
6.0,1.9098593171027443,19.0794945776625,599.3999999939081,41.64759335134976,0.8258122795953353,86.61143132292503,3.8837755271441194
6.0,1.9098593171027443,19.136790357175,601.1999999938896,41.689601320747464,0.8266452376171068,86.7013827047946,3.887642762963769
6.0,1.9098593171027443,19.1940861366875,602.9999999938714,41.732441781615016,0.827494702755452,86.79312215287393,3.891491939514937
6.0,1.9098593171027443,19.2513819162,604.7999999938531,41.77122809339852,0.828263779909102,86.87618471626735,3.8953231806076314
6.0,1.9098593171027443,19.3086776957125,606.5999999938348,41.81119569555097,0.8290562803632107,86.96178179056575,3.8991366080214545
6.0,1.9098593171027443,19.365973475225,608.3999999938166,41.851393659854956,0.8298533485696954,87.04787706178476,3.9029323430394793
6.0,1.9098593171027443,19.423269254737498,610.1999999937981,41.88539252395583,0.8305274974750099,87.12069900089067,3.9067105063785132
6.0,1.9098593171027443,19.48056503425,611.9999999937799,41.927938063114496,0.8313711147371846,87.21183189684207,3.9104712157156234
6.0,1.9098593171027443,19.5378608137625,613.7999999937616,41.96916769235703,0.8321886393855937,87.3001512903976,3.9142145899938265
6.0,1.9098593171027443,19.595156593275,615.5999999937433,42.00881107388267,0.8329747110078449,87.3850775440161,3.9179407462273432
6.0,1.9098593171027443,19.6524523727875,617.3999999937251,42.049543325776,0.8337823733739583,87.47234135360102,3.921649800123717
6.0,1.9098593171027443,19.7097481523,619.1999999937068,42.08859819851638,0.8345567757077248,87.55601626647348,3.9253418668677464
6.0,1.9098593171027443,19.7670439318125,620.9999999936883,42.124429273052314,0.835267254728523,87.63278823482915,3.9290170605509713
6.0,1.9098593171027443,19.824339711325,622.7999999936702,42.16618326406043,0.8360951767216553,87.72225556128525,3.9326754932949144
6.0,1.9098593171027443,19.8816354908375,624.5999999936519,42.19698082470313,0.8367058483526849,87.78824962554845,3.9363172785905496
6.0,1.9098593171027443,19.93893127035,626.3999999936335,42.23518240489097,0.8374633311141239,87.87011323555666,3.9399425257722336
6.0,1.9098593171027443,19.9962270498625,628.1999999936154,42.27393412035989,0.8382317222722789,87.95316023143558,3.9435513455037032
6.0,1.9098593171027443,20.053522829374998,629.9999999935969,42.31092063708978,0.8389651120611517,88.03242852090386,3.947143847077443
6.0,1.9098593171027443,20.1108186088875,631.7999999935786,42.34727958985087,0.839686058153043,88.11035584265954,3.9507201385279442
6.0,1.9098593171027443,20.1681143884,633.5999999935605,42.38784850198373,0.8404904817250488,88.19731096449293,3.9542803266365882
6.0,1.9098593171027443,20.2254101679125,635.3999999935421,42.423164885795806,0.8411907551640654,88.27301188095643,3.9578245185370147
6.0,1.9098593171027443,20.282705947425,637.1999999935238,42.459830846049016,0.8419177887759434,88.35160959001023,3.961352819027038
6.0,1.9098593171027443,20.3400017269375,638.9999999935056,42.49952114612025,0.8427047907259273,88.43669487401709,3.964865332437951
6.0,1.9098593171027443,20.39729750645,640.7999999934872,42.52734152412556,0.8432564290783754,88.49633707338882,3.9683621636550943
6.0,1.9098593171027443,20.4545932859625,642.5999999934688,42.563309999398854,0.8439696325595086,88.57345086749369,3.9718434136187417
6.0,1.9098593171027443,20.511889065475,644.3999999934507,42.597949264773064,0.8446564797072145,88.64771860808389,3.975309184996419
6.0,1.9098593171027443,20.5691848449875,646.1999999934324,42.63103189691183,0.845312461041623,88.71865224234521,3.97875957875822
6.0,1.9098593171027443,20.6264806245,647.999999993414,42.67039995259527,0.8460930733457461,88.803066961102,3.982194694327575
6.0,1.9098593171027443,20.683776404012498,649.7999999933958,42.705839170777615,0.8467957824148475,88.87906127828643,3.9856146318396055
6.0,1.9098593171027443,20.741072183525,651.5999999933774,42.74109241657428,0.8474948039172158,88.95466055040302,3.9890194893967843
6.0,1.9098593171027443,20.7983679630375,653.3999999933591,42.77882947971903,0.8482430759692858,89.03559041673671,3.9924093643592715
6.0,1.9098593171027443,20.85566374255,655.199999993341,42.80485904151327,0.8487592049945774,89.09141519321824,3.9957843546669305
6.0,1.9098593171027443,20.9129595220625,656.9999999933225,42.83755102713217,0.8494074403665636,89.16153154491003,3.999144554731109
6.0,1.9098593171027443,20.970255301575,658.7999999933043,42.872319783730866,0.8500968551402635,89.23610559099936,4.002490060086761
6.0,1.9098593171027443,21.0275510810875,660.599999993286,42.90065957708897,0.8506587927571356,89.29689311259627,4.0058209657882085
6.0,1.9098593171027443,21.0848468606,662.3999999932677,42.9372943837434,0.8513852086376548,89.37547662564032,4.009137364152103
6.0,1.9098593171027443,21.1421426401125,664.1999999932493,42.97214311298743,0.8520762091546651,89.45023265771874,4.012439348812722
6.0,1.9098593171027443,21.199438419625,665.9999999932311,43.005599651448485,0.8527396045172928,89.52200565656983,4.015727011731587
6.0,1.9098593171027443,21.2567341991375,667.7999999932129,43.03980910873261,0.8534179291845838,89.59539734323043,4.019000443970212
6.0,1.9098593171027443,21.314029978649998,669.5999999931945,43.071362643626266,0.8540435907050465,89.66309423381273,4.0222597362886
6.0,1.9098593171027443,21.3713257581625,671.3999999931762,43.10026332679403,0.854616649965573,89.72510216072862,4.025504978408282
6.0,1.9098593171027443,21.428621537675,673.1999999931579,43.13246009739672,0.8552550659312377,89.79418497372582,4.028736258837424
6.0,1.9098593171027443,21.4859173171875,674.9999999931396,43.1603705374645,0.8558084900857247,89.85407336946315,4.031953666453062
6.0,1.9098593171027443,21.5432130967,676.7999999931214,43.19221143970241,0.8564398496900992,89.92239835487861,4.035157288091542
6.0,1.9098593171027443,21.6005088762125,678.599999993103,43.22454806660732,0.8570810388064423,89.99179019945947,4.03834721085114
6.0,1.9098593171027443,21.657804655725,680.3999999930846,43.255425093542314,0.8576932861405248,90.05805279344621,4.0415235209838745
6.0,1.9098593171027443,21.7151004352375,682.1999999930665,43.286278347113615,0.8583050620827671,90.12426723395312,4.0446863037570235
6.0,1.9098593171027443,21.77239621475,683.9999999930482,43.320286710817676,0.8589793993516419,90.19725620198881,4.047835643595332
6.0,1.9098593171027443,21.8296919942625,685.7999999930299,43.35022271108101,0.8595729874711492,90.2615079167837,4.050971625081379
6.0,1.9098593171027443,21.886987773775,687.5999999930116,43.38122869729889,0.8601877918835836,90.32805898745013,4.054094331111501
6.0,1.9098593171027443,21.944283553287498,689.3999999929932,43.410085786613045,0.8607599867402701,90.39000027666779,4.057203844579791
6.0,1.9098593171027443,22.0015793328,691.1999999929751,43.43667389338035,0.8612871909144562,90.44707344804569,4.060300247437047
6.0,1.9098593171027443,22.0588751123125,692.9999999929566,43.46631972641621,0.8618750254323672,90.51071274374698,4.063383620574926
6.0,1.9098593171027443,22.116170891825,694.7999999929384,43.49530631011135,0.8624497879776365,90.57293941708878,4.066454044920736
6.0,1.9098593171027443,22.1734666713375,696.5999999929202,43.52119927273716,0.8629632084365596,90.62852702653613,4.06951160064692
6.0,1.9098593171027443,22.23076245085,698.3999999929019,43.5543746264088,0.8636210283065059,90.69975158922699,4.072556366282927
6.0,1.9098593171027443,22.2880582303625,700.1999999928834,43.585026210969374,0.8642288054403642,90.76556078531623,4.075588421298511
6.0,1.9098593171027443,22.345354009875,701.9999999928652,43.61462387810111,0.864815684897205,90.82910989528386,4.078607843649236
6.0,1.9098593171027443,22.4026497893875,703.799999992847,43.64578512741366,0.8654335679550023,90.8960190190939,4.081614710576442
6.0,1.9098593171027443,22.4599455689,705.5999999928285,43.67174536563293,0.8659483223928358,90.95176281498144,4.084609099413979
6.0,1.9098593171027443,22.5172413484125,707.3999999928104,43.697117474546374,0.8664514150667195,91.00624569467789,4.087591086016315
6.0,1.9098593171027443,22.574537127924998,709.199999992792,43.72807527568812,0.8670652640379302,91.07272565260223,4.0905607455193
6.0,1.9098593171027443,22.6318329074375,710.9999999927737,43.7495387222105,0.8674908535204026,91.11881876592805,4.093518154062307
6.0,1.9098593171027443,22.68912868695,712.7999999927554,43.77821623481519,0.8680594876274783,91.18040637163475,4.096463384771778
6.0,1.9098593171027443,22.7464244664625,714.5999999927371,43.807128745015696,0.8686327814011684,91.24250116209792,4.099396511995487
6.0,1.9098593171027443,22.803720245975,716.3999999927188,43.83426214678201,0.8691707979961918,91.30077728732908,4.102317609112653
6.0,1.9098593171027443,22.8610160254875,718.1999999927007,43.86053606386298,0.8696917722377402,91.35720955467028,4.105226748691973
6.0,1.9098593171027443,22.918311805,719.9999999926822,43.890699258077454,0.8702898652887358,91.42199794342446,4.108124002445268
9.0,2.8647889756541165,0.0,0.0,0.0,0.0,0.0,0.0
9.0,2.8647889756541165,0.08594366927,1.8000000000078853,1.223510282968503e-11,2.42604610394326e-13,2.470193504393902e-11,0.007115953745965224
9.0,2.8647889756541165,0.17188733854,3.6000000000157706,0.0007751138098889068,1.5369399544654324e-05,0.0015649089183069503,0.024182173687246823
9.0,2.8647889756541165,0.25783100781,5.400000000023657,0.26573549074387376,0.005269155159321383,0.5366053036552709,0.04836669053262604
9.0,2.8647889756541165,0.34377467708,7.200000000031541,1.3056153311020415,0.025888486850994766,2.638406536330196,0.07714808539716114
9.0,2.8647889756541165,0.42971834634999995,9.000000000039426,2.412610382976055,0.04783861730815377,4.8792769060153836,0.10795095608141293
9.0,2.8647889756541165,0.51566201562,10.800000000047314,2.7991184746050433,0.05550252061074,5.6625088589884465,0.13910810732920265
9.0,2.8647889756541165,0.60160568489,12.600000000055198,2.970891064292335,0.05890852567482516,6.010732201186318,0.17019661992772978
9.0,2.8647889756541165,0.68754935416,14.400000000063082,3.1396724603302446,0.06225521964197685,6.352974460246211,0.20117889389657764
9.0,2.8647889756541165,0.7734930234299999,16.200000000070972,3.315721515957933,0.06574602091642302,6.710040967047198,0.23204906758179406
9.0,2.8647889756541165,0.8594366926999999,18.000000000078852,3.499836545675454,0.06939675893425043,7.083562579842186,0.2628020425302386
9.0,2.8647889756541165,0.94538036197,19.800000000086744,3.6921636594157055,0.07321033084669999,7.47384869377943,0.2934326812823774
9.0,2.8647889756541165,1.03132403124,21.600000000094628,3.8918225799577297,0.07716928201401899,7.879125902974057,0.3239358214990929
9.0,2.8647889756541165,1.11726770051,23.400000000102516,4.099911565055511,0.08129538931852928,8.301637160276432,0.354306293365307
9.0,2.8647889756541165,1.20321136978,25.200000000110396,4.315831220032121,0.08557676762006548,8.74018008093629,0.3845389532928309
9.0,2.8647889756541165,1.28915503905,27.000000000118284,4.540354841310156,0.09002875028197853,9.196340666106245,0.4146287010207901
9.0,2.8647889756541165,1.37509870832,28.800000000126165,4.772023319219651,0.09462240524395536,9.66716977028276,0.4445705131172419
9.0,2.8647889756541165,1.4610423775899999,30.600000000134056,5.0115743146124485,0.09937235926688684,10.15418169276407,0.4743594557052538
9.0,2.8647889756541165,1.5469860468599999,32.400000000141944,5.258185329734324,0.10426230339530346,10.65571979971845,0.5039907163840929
9.0,2.8647889756541165,1.6329297161299998,34.200000000149814,5.512012160948423,0.10929532684852016,11.172116231954373,0.5334596192960864
9.0,2.8647889756541165,1.7188733853999998,36.000000000157705,5.772499301375178,0.11446041471869639,11.702256136946513,0.5627616485600775
9.0,2.8647889756541165,1.80481705467,37.800000000165596,6.040599986695386,0.11977646830761708,12.248095710845256,0.5918924613723517
9.0,2.8647889756541165,1.89076072394,39.60000000017349,6.314345069117114,0.1252044422276365,12.805641293268756,0.6208479121714009
9.0,2.8647889756541165,1.97670439321,41.40000000018137,6.593984292836504,0.1307492885493867,13.375415307217288,0.6496240555776237
9.0,2.8647889756541165,2.06264806248,43.200000000189256,6.879118112231424,0.13640308485396024,13.95661753700214,0.6782171632571702
9.0,2.8647889756541165,2.14859173175,45.00000000019714,7.169550912786557,0.14216195238496773,14.548862670757865,0.7066237307167043
9.0,2.8647889756541165,2.23453540102,46.80000000020503,7.4655707029963105,0.14803160193941256,15.15275180941984,0.7348404835827246
9.0,2.8647889756541165,2.32047907029,48.600000000212916,7.7654254345846265,0.1539772929029066,15.764722884841593,0.7628643864075402
9.0,2.8647889756541165,2.40642273956,50.40000000022079,8.0694594941308,0.16000585396933645,16.385489274904874,0.7906926375234903
9.0,2.8647889756541165,2.4923664088299997,52.20000000022868,8.377418315518211,0.16611223745627537,17.014542001225315,0.8183226745541031
9.0,2.8647889756541165,2.5783100781,54.00000000023657,8.689714135723111,0.17230461743405254,17.652734270859312,0.8457521711916092
9.0,2.8647889756541165,2.6642537473699996,55.80000000024445,9.003718550850486,0.1785308764082925,18.294703084694305,0.8729790399515118
9.0,2.8647889756541165,2.75019741664,57.60000000025233,9.32052055167944,0.18481260751044376,18.94268109461445,0.9000014181751111
9.0,2.8647889756541165,2.83614108591,59.40000000026022,9.640289838050982,0.19115317564592518,19.59702344376529,0.9268176699516344
9.0,2.8647889756541165,2.9220847551799998,61.20000000026811,9.962158262980184,0.19753536670023564,20.25596079118137,0.9534263799813932
9.0,2.8647889756541165,3.00802842445,63.000000000275996,10.284685561510127,0.2039306222768008,20.916548550966933,0.9798263458823856
9.0,2.8647889756541165,3.0939720937199997,64.80000000028389,10.608891616289373,0.21035916519156642,21.58087899820969,1.006016566949304
9.0,2.8647889756541165,3.17991576299,66.60000000029177,10.934212213483503,0.21680980789021576,22.24780005109549,1.031996241269922
9.0,2.8647889756541165,3.2658594322599996,68.40000000029963,11.260149936535605,0.22327268731302027,22.916294545513274,1.0577647552046805
9.0,2.8647889756541165,3.35180310153,70.20000000030754,11.585786179479445,0.22972958881596386,23.58447898769081,1.0833216752658665
9.0,2.8647889756541165,3.4377467707999996,72.00000000031541,11.913593710791872,0.23622954386541598,24.257430108727768,1.108666735393875
9.0,2.8647889756541165,3.5236904400699998,73.80000000032331,12.240712147024933,0.2427158351438658,24.92927809325291,1.133799837265538
9.0,2.8647889756541165,3.60963410934,75.60000000033119,12.567225853739082,0.24919013549985494,25.600194477930653,1.1587210327348867
9.0,2.8647889756541165,3.6955777786099997,77.40000000033908,12.89376762484624,0.25566499233266543,26.271478807475134,1.1834305177865236
9.0,2.8647889756541165,3.78152144788,79.20000000034698,13.221935591516909,0.2621720943003638,26.946418893224717,1.207928623675054
9.0,2.8647889756541165,3.8674651171499996,81.00000000035485,13.545563508481504,0.2685891735681761,27.612328633378922,1.2322158159568546
9.0,2.8647889756541165,3.95340878642,82.80000000036274,13.869161013500307,0.2750056498105489,28.278480855153212,1.256292670372149
9.0,2.8647889756541165,4.03935245569,84.60000000037061,14.191438843021738,0.2813959587730596,28.942219702404625,1.2801598791561095
9.0,2.8647889756541165,4.12529612496,86.40000000037851,14.512140772616547,0.28775501989131097,29.60301350154263,1.3038182375693932
9.0,2.8647889756541165,4.21123979423,88.20000000038638,14.830364384935542,0.29406493951843615,30.2589972795666,1.327268637867166
9.0,2.8647889756541165,4.2971834635,90.00000000039428,15.14989847267042,0.30040084400095063,30.91797969604923,1.3505120583696515
9.0,2.8647889756541165,4.383127132769999,91.80000000040215,15.466468836387245,0.3066779820700785,31.57114377208878,1.3735495660679573
9.0,2.8647889756541165,4.46907080204,93.60000000041006,15.781032245543095,0.3129153250973402,32.220456767588225,1.3963823004125906
9.0,2.8647889756541165,4.55501447131,95.40000000041793,16.09466395448695,0.3191341938403984,32.86813423819093,1.4190114710875747
9.0,2.8647889756541165,4.64095814058,97.20000000042583,16.405748692334747,0.3253025597851518,33.510835830742174,1.4414383539159925
9.0,2.8647889756541165,4.726901809849999,99.00000000043369,16.712499386921117,0.33138498784352155,34.14486018270912,1.4636642836387932
9.0,2.8647889756541165,4.81284547912,100.80000000044159,17.018485276744638,0.33745225091602227,34.777577777799266,1.4856906453972778
9.0,2.8647889756541165,4.89878914839,102.60000000044947,17.322377107152686,0.34347799178182753,35.40623624287435,1.507518876195954
9.0,2.8647889756541165,4.984732817659999,104.40000000045735,17.623477738329154,0.34944838715429805,36.02938699160313,1.5291504567201155
9.0,2.8647889756541165,5.07067648693,106.20000000046525,17.92307870102692,0.3553890462432195,36.64969735463578,1.5505869062707516
9.0,2.8647889756541165,5.1566201562,108.00000000047314,18.222958682676385,0.3613352378793546,37.27084850168006,1.5718297796832563
9.0,2.8647889756541165,5.2425638254699995,109.80000000048102,18.515707833621175,0.367140035329517,37.87748330543903,1.5928806682992491
9.0,2.8647889756541165,5.328507494739999,111.6000000004889,18.806662091528082,0.37290924261487113,38.480647429962424,1.6137411849933379
9.0,2.8647889756541165,5.41445116401,113.40000000049677,19.094930526547735,0.3786251938692608,39.07848828422281,1.6344129706279826
9.0,2.8647889756541165,5.50039483328,115.20000000050466,19.380545135786765,0.3842885235496004,39.671065537392955,1.6548976872183823
9.0,2.8647889756541165,5.586338502549999,117.00000000051256,19.664067930056657,0.38991037552740915,40.25953932896104,1.6751970151392275
9.0,2.8647889756541165,5.67228217182,118.80000000052044,19.94839767187,0.3955482281222223,40.8499247332642,1.6953126495857767
9.0,2.8647889756541165,5.75822584109,120.60000000052833,20.22660843405073,0.4010647500923202,41.42783415926601,1.7152463033947605
9.0,2.8647889756541165,5.8441695103599995,122.40000000053622,20.501695288049433,0.40651932942589447,41.99947778976757,1.7349996957223603
9.0,2.8647889756541165,5.930113179629999,124.20000000054411,20.773882038490807,0.411916403848932,42.565313471002845,1.7545745555279575
9.0,2.8647889756541165,6.0160568489,126.00000000055199,21.04130853464127,0.41721908922974404,43.12146513032057,1.7739726191146168
9.0,2.8647889756541165,6.10200051817,127.80000000055988,21.313267700244165,0.4226116509705557,43.68725852400276,1.7931956227809123
9.0,2.8647889756541165,6.187944187439999,129.60000000056777,21.579095399983217,0.42788263450252434,44.24050578116166,1.8122453136129544
9.0,2.8647889756541165,6.27388785671,131.40000000057566,21.84086525642276,0.4330731567987827,44.78551066900869,1.831123434468212
9.0,2.8647889756541165,6.35983152598,133.20000000058354,22.09958215820978,0.43820314336564536,45.32435720692462,1.8498317281559786
9.0,2.8647889756541165,6.4457751952499995,135.00000000059143,22.354957991595555,0.4432668813190661,45.8564380847703,1.8683719359559519
9.0,2.8647889756541165,6.531718864519999,136.80000000059925,22.606934439705594,0.4482632143187338,46.38162425905735,1.8867457957462357
9.0,2.8647889756541165,6.61766253379,138.60000000060717,22.862443047643346,0.45332958500184234,46.91436312125467,1.9049550384058052
9.0,2.8647889756541165,6.70360620306,140.40000000061508,23.111067166556225,0.458259446102572,47.43293214123104,1.9230013951790084
9.0,2.8647889756541165,6.789549872329999,142.20000000062296,23.356952914381708,0.4631350092165973,47.94596853518894,1.9408865854481177
9.0,2.8647889756541165,6.875493541599999,144.00000000063082,23.599645828599712,0.4679472630013771,48.452517686307495,1.9586123224467156
9.0,2.8647889756541165,6.96143721087,145.80000000063873,23.838984024561952,0.47269299751559984,48.95223473716183,1.9761803107042522
9.0,2.8647889756541165,7.0473808801399995,147.60000000064662,24.07640972604902,0.47740080999651485,49.44812538712721,1.9935922448372398
9.0,2.8647889756541165,7.133324549409999,149.40000000065447,24.316219748517646,0.4821559001563213,49.94916456669353,2.0108498084305917
9.0,2.8647889756541165,7.21926821868,151.20000000066238,24.548670883995314,0.4867650740997928,50.434990465203036,2.0279546785625837
9.0,2.8647889756541165,7.30521188795,153.00000000067027,24.777914841891022,0.49131065429349624,50.91426932628336,2.0449085165235394
9.0,2.8647889756541165,7.391155557219999,154.80000000067815,25.004301501508877,0.4957995783442046,51.387726527373296,2.061712972761676
9.0,2.8647889756541165,7.477099226489999,156.60000000068604,25.227579135918436,0.500226854866497,51.854829679804304,2.07836968538085
9.0,2.8647889756541165,7.56304289576,158.40000000069395,25.457187396003775,0.5047796586521891,52.335330065956875,2.0948802767788863
9.0,2.8647889756541165,7.6489865650299995,160.2000000007018,25.676238551715354,0.5091231301397273,52.79388263949104,2.1112463633407166
9.0,2.8647889756541165,7.734930234299999,162.0000000007097,25.8916755087271,0.5133949372301888,53.245007538025305,2.127469540935019
9.0,2.8647889756541165,7.82087390357,163.8000000007176,26.106265201494296,0.5176499442810583,53.694494479431214,2.1435513925692695
9.0,2.8647889756541165,7.90681757284,165.6000000007255,26.318498419722296,0.5218582258082078,54.13917921362902,2.1594934880264667
9.0,2.8647889756541165,7.992761242109999,167.40000000073334,26.53090108149769,0.5260698671588399,54.584352173760074,2.1752973813441954
9.0,2.8647889756541165,8.07870491138,169.20000000074123,26.74134973228327,0.5302427632629882,55.025561185576876,2.1909646129190823
9.0,2.8647889756541165,8.164648580649999,171.0000000007491,26.94456725328914,0.5342722763937904,55.45173421764185,2.206496708781119
9.0,2.8647889756541165,8.25059224992,172.80000000075702,27.147733059200764,0.5383007640881523,55.87792080715571,2.2218951766546047
9.0,2.8647889756541165,8.33653591919,174.6000000007649,27.349181122052308,0.5422951913915515,56.30062451764505,2.237161511097445
9.0,2.8647889756541165,8.42247958846,176.40000000077276,27.54913288048981,0.546259949115998,56.72030715328829,2.252297190697852
9.0,2.8647889756541165,8.50842325773,178.20000000078065,27.746942450059326,0.5501822302954621,57.13560985643515,2.2673036786590623
9.0,2.8647889756541165,8.594366927,180.00000000078856,27.93735490422739,0.5539578372438231,57.53549159489712,2.282182423565884
9.0,2.8647889756541165,8.68031059627,181.80000000079644,28.131453211601883,0.557806529395763,57.943224336537995,2.2969348545598955
9.0,2.8647889756541165,8.766254265539999,183.6000000008043,28.3225253811884,0.5615952175584213,58.344709117209895,2.311562389134712
9.0,2.8647889756541165,8.852197934809999,185.40000000081218,28.511171513434867,0.5653358008663942,58.741202272992,2.326066427342011
9.0,2.8647889756541165,8.93814160408,187.20000000082013,28.696813358617444,0.5690168134537288,59.13148392593221,2.3404483537238954
9.0,2.8647889756541165,9.02408527335,189.00000000082798,28.878422575812422,0.5726178647889663,59.51338638640542,2.3547095371583526
9.0,2.8647889756541165,9.11002894262,190.80000000083587,29.059284078255942,0.5762040900088464,59.89381357380183,2.3688513299227227
9.0,2.8647889756541165,9.19597261189,192.60000000084378,29.24460810848203,0.5798788007796151,60.28372783499218,2.3828750682200908
9.0,2.8647889756541165,9.28191628116,194.40000000085166,29.420112876450563,0.583358809607334,60.65307658199269,2.3967820766659047
9.0,2.8647889756541165,9.367859950429999,196.2000000008595,29.594111217178177,0.5868089481349045,61.01934517072141,2.410573659616161
9.0,2.8647889756541165,9.453803619699999,198.00000000086737,29.76627664225086,0.5902227425634884,61.38184377450889,2.4242511077286193
9.0,2.8647889756541165,9.53974728897,199.8000000008753,29.939174446371634,0.5936510590223404,61.745972855364435,2.4378156956787733
9.0,2.8647889756541165,9.62569095824,201.60000000088317,30.111581867318513,0.5970696518834013,62.10915743351427,2.4512686835599804
9.0,2.8647889756541165,9.71163462751,203.40000000089105,30.27569371509935,0.6003237553793985,62.4549488778529,2.464611317458478
9.0,2.8647889756541165,9.79757829678,205.20000000089894,30.44180017694429,0.6036174092228382,62.80502441928048,2.4778448248776215
9.0,2.8647889756541165,9.883521966049999,207.00000000090682,30.607182012202536,0.6068966947562445,63.153654105051984,2.490970420798951
9.0,2.8647889756541165,9.969465635319999,208.8000000009147,30.770573725197167,0.6101365190081952,63.49816825504167,2.5039893049968702
9.0,2.8647889756541165,10.055409304589999,210.6000000009226,30.930450138325934,0.6133066398856628,63.83534702901982,2.5169026624819626
9.0,2.8647889756541165,10.14135297386,212.4000000009305,31.083949273532472,0.6163503084523295,64.15914753916529,2.529711663820343
9.0,2.8647889756541165,10.22729664313,214.2000000009384,31.24790051581631,0.6196012273707576,64.50507362455207,2.542417461542044
9.0,2.8647889756541165,10.3132403124,216.00000000094627,31.404191378534136,0.6227002519057911,64.83491113342619,2.5550212000025527
9.0,2.8647889756541165,10.39918398167,217.80000000095416,31.554295579020827,0.6256766037668701,65.15176055293648,2.5675240057276913
9.0,2.8647889756541165,10.485127650939999,219.60000000096204,31.704426850095405,0.6286534923990346,65.4687340578614,2.5799269903399766
9.0,2.8647889756541165,10.571071320209999,221.4000000009699,31.853876927820068,0.6316168739402036,65.78433585807286,2.5922312526713944
9.0,2.8647889756541165,10.657014989479999,223.2000000009778,32.0053966429338,0.6346212934341731,66.10437597274432,2.6044378770988112
9.0,2.8647889756541165,10.74295865875,225.00000000098572,32.15033860847527,0.6374952855509097,66.41058640507788,2.6165479361750403
9.0,2.8647889756541165,10.82890232802,226.80000000099355,32.294440883995236,0.640352627814077,66.71508477281085,2.6285624864872172
9.0,2.8647889756541165,10.91484599729,228.60000000100146,32.43874436708783,0.6432139597359701,67.02007016512626,2.640482572004721
9.0,2.8647889756541165,11.00078966656,230.40000000100932,32.58305793071377,0.6460754915404388,67.32513878058683,2.6523092236329946
9.0,2.8647889756541165,11.086733335829999,232.2000000010172,32.72226241076359,0.6488357175162838,67.619465836263,2.6640434598904252
9.0,2.8647889756541165,11.172677005099999,234.00000000102511,32.85842165126152,0.651535560742157,67.90740994200063,2.6756862851900167
9.0,2.8647889756541165,11.258620674369999,235.80000000103297,32.995025199499665,0.6542442139557934,68.19634906744581,2.6872386909263533
9.0,2.8647889756541165,11.34456434364,237.60000000104088,33.13765864353891,0.6570724313890287,68.49810166490063,2.6987016555066594
9.0,2.8647889756541165,11.43050801291,239.4000000010488,33.2678295740911,0.6596535349834064,68.77354163592699,2.7100761484516855
9.0,2.8647889756541165,11.51645168218,241.20000000105665,33.39953035615301,0.6622649733477196,69.05227006860405,2.721363122003858
9.0,2.8647889756541165,11.60239535145,243.00000000106456,33.531625941541854,0.6648842400980013,69.33188590925457,2.7325635184751906
9.0,2.8647889756541165,11.688339020719999,244.80000000107245,33.66323288819855,0.6674938178402798,69.6105190672455,2.743678268063121
9.0,2.8647889756541165,11.774282689989999,246.6000000010803,33.79078073599004,0.6700229094507739,69.88060766064763,2.7547082894138324
9.0,2.8647889756541165,11.860226359259999,248.40000000108822,33.91323640682826,0.6724510304668232,70.13995890574525,2.765654489036412
9.0,2.8647889756541165,11.94617002853,250.20000000109613,34.04624966173514,0.675088493292691,70.42172085897327,2.776517759446958
9.0,2.8647889756541165,12.0321136978,252.00000000110398,34.17010745697662,0.6775444164326222,70.68413618182434,2.787298986717243
9.0,2.8647889756541165,12.11805736707,253.8000000011119,34.29109329320786,0.6799433927281786,70.94051085446546,2.797999041895815
9.0,2.8647889756541165,12.20400103634,255.60000000111975,34.41091618410339,0.6823193094790787,71.19446417139498,2.808618785500135
9.0,2.8647889756541165,12.289944705609999,257.40000000112764,34.533343709630316,0.6847468724138125,71.45398194885153,2.8191590667578184
9.0,2.8647889756541165,12.375888374879999,259.20000000113555,34.65471890382549,0.6871535691215682,71.71131311925468,2.829620725007472
9.0,2.8647889756541165,12.461832044149999,261.0000000011434,34.76733975257317,0.689386679665308,71.95012320988992,2.8400045893641424
9.0,2.8647889756541165,12.54777571342,262.8000000011513,34.88778854723437,0.691775007193733,72.2055741294337,2.850311475103229
9.0,2.8647889756541165,12.63371938269,264.60000000115923,35.004763519829694,0.6940944537931945,72.45369907266252,2.8605421907709263
9.0,2.8647889756541165,12.71966305196,266.4000000011671,35.118291663606904,0.696345554701234,72.69455168185931,2.870697533062035
9.0,2.8647889756541165,12.80560672123,268.20000000117494,35.22868806693394,0.6985345576700616,72.92879708579162,2.8807782884492243
9.0,2.8647889756541165,12.891550390499999,270.00000000118285,35.341145431354825,0.70076442655315,73.16745292316907,2.890785232749418
9.0,2.8647889756541165,12.977494059769999,271.8000000011907,35.45543615651761,0.7030306483606634,73.41003814529103,2.900719132575853
9.0,2.8647889756541165,13.063437729039999,273.6000000011985,35.56055474408038,0.7051149997826224,73.63318965002598,2.910580746100999
9.0,2.8647889756541165,13.14938139831,275.40000000120654,35.66987719107984,0.7072827077316974,73.86530030602505,2.92037081880552
9.0,2.8647889756541165,13.23532506758,277.20000000121433,35.77952964492549,0.709456959245094,74.09814744331369,2.930090088825544
9.0,2.8647889756541165,13.32126873685,279.00000000122225,35.88606093027051,0.7115693224459353,74.32440113496304,2.939739284873562
9.0,2.8647889756541165,13.40721240612,280.80000000123016,35.988655562629425,0.713603627441852,74.54232608249093,2.949319126054035
9.0,2.8647889756541165,13.493156075389999,282.600000001238,36.092029235245164,0.7156533796931469,74.76193759069625,2.958830321702756
9.0,2.8647889756541165,13.579099744659999,284.4000000012459,36.199075171808076,0.7177759476924229,74.9893842323368,2.968273572395879
9.0,2.8647889756541165,13.665043413929999,286.2000000012538,36.29774857500511,0.7197325003158156,75.19907157076634,2.9776495715958715
9.0,2.8647889756541165,13.750987083199998,288.00000000126164,36.39795872670191,0.7217195244666036,75.41205435012576,2.986959001427846
9.0,2.8647889756541165,13.83693075247,289.80000000126955,36.50024647270092,0.7237477443444126,75.62948369145516,2.996202536498883
9.0,2.8647889756541165,13.92287442174,291.60000000127746,36.599794514072926,0.7257216397933317,75.84111934232142,3.005380843558352
9.0,2.8647889756541165,14.00881809101,293.4000000012854,36.695174701606106,0.727612892654704,76.04392204506397,3.0144945805336207
9.0,2.8647889756541165,14.094761760279999,295.20000000129323,36.79102942058749,0.7295135547967919,76.24776109874482,3.0235443964127025
9.0,2.8647889756541165,14.180705429549999,297.00000000130115,36.89112351404335,0.7314982776784595,76.46064465290169,3.0325309321467846
9.0,2.8647889756541165,14.266649098819999,298.80000000130894,36.9828944786979,0.7333179648061812,76.65585259210344,3.0414548224634324
9.0,2.8647889756541165,14.352592768089998,300.6000000013169,37.07599264765014,0.7351639684991199,76.85390936657359,3.050316691690726
9.0,2.8647889756541165,14.43853643736,302.40000000132477,37.171647060540806,0.7370606588575805,77.05743126183481,3.0591171572805393
9.0,2.8647889756541165,14.52448010663,304.2000000013326,37.26430069007417,0.7388978479688993,77.2545945227856,3.0678568297516873
9.0,2.8647889756541165,14.6104237759,306.00000000134054,37.3527118045922,0.7406509140681995,77.44275380103471,3.0765363115122817
9.0,2.8647889756541165,14.696367445169999,307.8000000013484,37.442578764255266,0.7424328474969473,77.63403539767012,3.085156196754086
9.0,2.8647889756541165,14.782311114439999,309.6000000013563,37.53613414890912,0.7442879171240837,77.83319344562192,3.093717072673302
9.0,2.8647889756541165,14.868254783709999,311.40000000136416,37.62031712955037,0.7459571453687988,78.0124221514737,3.1022195207890766
9.0,2.8647889756541165,14.954198452979998,313.2000000013721,37.70829793164124,0.7477016789874006,78.19975920448972,3.1106641126830525
9.0,2.8647889756541165,15.04014212225,315.00000000137993,37.79799982320676,0.7494803393515854,78.39078479305614,3.119051414466811
9.0,2.8647889756541165,15.12608579152,316.8000000013879,37.88357969083249,0.75117726586965,78.5730547118587,3.127381985682817
9.0,2.8647889756541165,15.21202946079,318.60000000139576,37.965513024306816,0.7528018868248265,78.74757868390738,3.135656378307724
9.0,2.8647889756541165,15.297973130059999,320.4000000014036,38.04974423381452,0.7544720713790651,78.92701823035918,3.1438751369986293
9.0,2.8647889756541165,15.383916799329999,322.2000000014115,38.137564776578955,0.7562134272841655,79.11412680833477,3.152038800213871
9.0,2.8647889756541165,15.469860468599999,324.0000000014194,38.21411632483928,0.7577313351268131,79.27724472745075,3.1601479014269955
9.0,2.8647889756541165,15.555804137869998,325.80000000142724,38.29958671473815,0.7594260908579507,79.45938784837743,3.168202964110585
9.0,2.8647889756541165,15.64174780714,327.6000000014352,38.382952480397975,0.7610791148970342,79.63706693073995,3.176204508458499
9.0,2.8647889756541165,15.72769147641,329.40000000144306,38.460972659444984,0.7626261435901377,79.80337169853497,3.184153047562192
9.0,2.8647889756541165,15.81363514568,331.200000001451,38.537702829860756,0.7641475932549533,79.96694450101657,3.1920490875534986
9.0,2.8647889756541165,15.899578814949999,333.00000000145883,38.619212319356926,0.7657638099895344,80.1407251206731,3.199893128256738
9.0,2.8647889756541165,15.985522484219999,334.8000000014667,38.6976593345456,0.7673193022335613,80.30799523391842,3.2076856647826553
9.0,2.8647889756541165,16.07146615349,336.6000000014746,38.76923437353005,0.7687385330065672,80.46062851831324,3.2154271858719574
9.0,2.8647889756541165,16.15740982276,338.40000000148245,38.85310214677698,0.7704015111389493,80.6394954879151,3.223118172201982
9.0,2.8647889756541165,16.24335349203,340.20000000149037,38.92837273404829,0.7718940193551289,80.80004494708055,3.2307591024578732
9.0,2.8647889756541165,16.329297161299998,342.0000000014982,39.00021017838092,0.7733184532513244,80.95328745599265,3.2383504471268774
9.0,2.8647889756541165,16.41524083057,343.80000000150613,39.073558940806166,0.7747728544262709,81.10976982833773,3.2458926710766858
9.0,2.8647889756541165,16.50118449984,345.60000000151405,39.15137884569669,0.7763159119689572,81.2758085571637,3.2533862338213497
9.0,2.8647889756541165,16.58712816911,347.40000000152196,39.2203874541401,0.7776842540906638,81.42306242917768,3.260831590870666
9.0,2.8647889756541165,16.67307183838,349.2000000015298,39.290626935459514,0.7790770026631115,81.57295744323588,3.268229190182858
9.0,2.8647889756541165,16.75901550765,351.00000000153767,39.37082650624082,0.7806672455808893,81.74412591881048,3.2755794745311904
9.0,2.8647889756541165,16.84495917692,352.8000000015455,39.43640918788553,0.7819676564683588,81.88411215500705,3.2828828844305225
9.0,2.8647889756541165,16.930902846189998,354.60000000155344,39.50566238187525,0.7833408483720405,82.0319470865432,3.290139851336572
9.0,2.8647889756541165,17.01684651546,356.4000000015613,39.5764888947681,0.7847452369419731,82.18315544685368,3.297350803449687
9.0,2.8647889756541165,17.102790184729997,358.2000000015692,39.64671360380378,0.7861376926011379,82.33309384780036,3.304516163919388
9.0,2.8647889756541165,17.188733854,360.0000000015771,39.71074761000969,0.7874073954670493,82.46982721595735,3.3116363512185307
9.0,2.8647889756541165,17.27467752327,361.80000000158503,39.78184597448145,0.7888171744654321,82.62165967496169,3.3187117772688652
9.0,2.8647889756541165,17.36062119254,363.6000000015929,39.85008195450519,0.7901701964693315,82.76739368163953,3.325742851192485
9.0,2.8647889756541165,17.44656486181,365.40000000160074,39.91299284750649,0.7914176296048429,82.90176707434482,3.332729976676404
9.0,2.8647889756541165,17.532508531079998,367.2000000016086,39.98140611269044,0.7927741669202047,83.0479066242026,3.339673551558189
9.0,2.8647889756541165,17.61845220035,369.0000000016165,40.047710071460465,0.7940888797026732,83.18955381079866,3.346573970653992
9.0,2.8647889756541165,17.704395869619997,370.80000000162437,40.10933910887456,0.7953108954731126,83.32122563646038,3.3534316237339827
9.0,2.8647889756541165,17.79033953889,372.6000000016323,40.173695712139164,0.7965869949778451,83.45873712132422,3.3602468952295546
9.0,2.8647889756541165,17.87628320816,374.40000000164025,40.240972990317644,0.797921007293727,83.60250252086966,3.3670201657398366
9.0,2.8647889756541165,17.96222687743,376.20000000164805,40.297256494393615,0.7990370287745476,83.7227856547995,3.3737518126385386
9.0,2.8647889756541165,18.0481705467,378.00000000165596,40.364610396926835,0.8003725604419206,83.86673975476138,3.3804422059845907
9.0,2.8647889756541165,18.134114215969998,379.8000000016638,40.42813247847146,0.8016321125731198,84.00251664795046,3.387091714640859
9.0,2.8647889756541165,18.22005788524,381.60000000167173,40.48643449298864,0.8027881582324033,84.12714642568761,3.393700702133828
9.0,2.8647889756541165,18.306001554509997,383.4000000016796,40.54519076433668,0.8039532111557045,84.25275756296632,3.4002695272536125
9.0,2.8647889756541165,18.39194522378,385.20000000168756,40.60993761934231,0.8052370487949589,84.3911875636841,3.4067985447175873
9.0,2.8647889756541165,18.47788889305,387.0000000016954,40.66628631550288,0.8063543629416857,84.51167237550857,3.4132881068101795
9.0,2.8647889756541165,18.56383256232,388.8000000017033,40.72225350946597,0.8074641124448395,84.63135088708984,3.41973856002035
9.0,2.8647889756541165,18.64977623159,390.6000000017112,40.7901992118455,0.8088113786577364,84.77665649795365,3.4261502465637648
9.0,2.8647889756541165,18.735719900859998,392.400000001719,40.84191978895604,0.8098369238152998,84.88727307256713,3.4325235080163337
9.0,2.8647889756541165,18.82166357013,394.2000000017269,40.899550457434955,0.8109796576417102,85.01053921630808,3.438858678109529
9.0,2.8647889756541165,18.907607239399997,396.00000000173475,40.95811701170712,0.8121409487464211,85.13581733400306,3.445156088971037
9.0,2.8647889756541165,18.99355090867,397.8000000017427,41.01408348774006,0.8132506840140458,85.25554331226651,3.451416068871167
9.0,2.8647889756541165,19.07949457794,399.6000000017506,41.06769634880327,0.8143137504591276,85.37024314716754,3.45763894210694
9.0,2.8647889756541165,19.16543824721,401.4000000017585,41.12794243531521,0.8155083442888216,85.49914445664216,3.4638250286965677
9.0,2.8647889756541165,19.25138191648,403.20000000176634,41.1788222520492,0.8165172183692041,85.60801436888715,3.4699746469814468
9.0,2.8647889756541165,19.337325585749998,405.00000000177425,41.23574489115594,0.8176459129846348,85.7298235981323,3.4760881093676184
9.0,2.8647889756541165,19.42326925502,406.8000000017821,41.29201699226268,0.8187617083608657,85.85025029505918,3.482165726493701
9.0,2.8647889756541165,19.509212924289997,408.60000000178997,41.34386743837449,0.819789828635197,85.96122271854759,3.4882078053113554
9.0,2.8647889756541165,19.59515659356,410.4000000017979,41.39417313203609,0.8207873186752298,86.06889671364141,3.4942146488887587
9.0,2.8647889756541165,19.68110026283,412.20000000180585,41.450760950551455,0.8219093742766488,86.19002600929858,3.5001865565802506
9.0,2.8647889756541165,19.767043932099998,414.00000000181365,41.50175993143567,0.8229206112118959,86.29920033104793,3.5061238259132934
9.0,2.8647889756541165,19.85298760137,415.8000000018216,41.548649343865726,0.8238503612755089,86.39958412519394,3.512026750158904
9.0,2.8647889756541165,19.938931270639998,417.6000000018294,41.610743558005126,0.825081600835873,86.53252947166499,3.5178956180515275
9.0,2.8647889756541165,20.02487493991,419.4000000018373,41.65528995083593,0.8259648921680038,86.62791160305039,3.5237307190151683
9.0,2.8647889756541165,20.110818609179997,421.2000000018452,41.705608233178346,0.8269626318235934,86.73565959287512,3.5295323351927417
9.0,2.8647889756541165,20.19676227845,423.00000000185304,41.75734310923754,0.8279884605088814,86.84644890326442,3.5353007476901275
9.0,2.8647889756541165,20.28270594772,424.800000001861,41.80612213774661,0.82895567895989,86.9509156813591,3.5410362345525255
9.0,2.8647889756541165,20.368649616989998,426.60000000186886,41.85317891391053,0.8298887476072545,87.05170079911291,3.546739070407075
9.0,2.8647889756541165,20.45459328626,428.4000000018768,41.907133514118236,0.830958590251373,87.16726770191895,3.5524095263978133
9.0,2.8647889756541165,20.540536955529998,430.20000000188463,41.948836665096344,0.8317855041593389,87.25659886604723,3.558047872707974
9.0,2.8647889756541165,20.6264806248,432.00000000189254,42.00293154788053,0.8328581284065453,87.37248179871052,3.563654373503148
9.0,2.8647889756541165,20.712424294069997,433.80000000190034,42.05162873825449,0.8338237241242462,87.47680922591476,3.5692292931340592
9.0,2.8647889756541165,20.79836796334,435.6000000019083,42.09441538038949,0.8346721221140088,87.56847994809651,3.5747728918910058
9.0,2.8647889756541165,20.88431163261,437.4000000019162,42.142379046232016,0.8356231730881434,87.67124902330508,3.5802854264565496
9.0,2.8647889756541165,20.970255301879998,439.2000000019241,42.191323545843886,0.836593672594733,87.77612680162504,3.5857671518726644
9.0,2.8647889756541165,21.05619897115,441.00000000193194,42.234475913203326,0.8374493223932317,87.86859922802037,3.591218320616197
9.0,2.8647889756541165,21.142142640419998,442.8000000019398,42.27856264835836,0.8383234993703057,87.9630797157999,3.59663918156355
9.0,2.8647889756541165,21.22808630969,444.60000000194776,42.3303206424441,0.8393497864530344,88.0740076196111,3.6020299809658325
9.0,2.8647889756541165,21.314029978959997,446.4000000019556,42.366848993521586,0.8400740914715423,88.15230014779985,3.607390964472651
9.0,2.8647889756541165,21.39997364823,448.2000000019635,42.419441571516764,0.8411169271609323,88.26503075391915,3.6127223714709658
9.0,2.8647889756541165,21.4859173175,450.00000000197144,42.46300196695458,0.8419806675733279,88.35840744276314,3.618024442663232
9.0,2.8647889756541165,21.571860986769998,451.80000000197924,42.503579713703736,0.8427852663231541,88.44539561363011,3.623297414095422
9.0,2.8647889756541165,21.65780465604,453.6000000019871,42.54720760862057,0.8436503451537907,88.53892803243467,3.6285415193592145
9.0,2.8647889756541165,21.743748325309998,455.40000000199507,42.593324679080666,0.8445647807794852,88.6378031334588,3.6337569900479725
9.0,2.8647889756541165,21.82969199458,457.2000000020029,42.63172065275605,0.8453261180860772,88.72012906291687,3.6389440559662782
9.0,2.8647889756541165,21.915635663849997,459.0000000020108,42.67742702763046,0.8462324102050154,88.81813521489468,3.6441029428780296
9.0,2.8647889756541165,22.00157933312,460.80000000201863,42.71920518408298,0.8470608113643883,88.90772375607537,3.6492338759189624
9.0,2.8647889756541165,22.08752300239,462.6000000020266,42.75965222414639,0.8478628183873599,88.9944628675441,3.6543370769851125
9.0,2.8647889756541165,22.173466671659998,464.4000000020344,42.80442693326975,0.848750636905406,89.09048844773136,3.6594127654917727
9.0,2.8647889756541165,22.25941034093,466.20000000204243,42.84433648929472,0.8495419863877296,89.17608511232079,3.664461159550637
9.0,2.8647889756541165,22.345354010199998,468.00000000205023,42.881978179936205,0.8502883673393065,89.25682212456312,3.6694824742611267
9.0,2.8647889756541165,22.43129767947,469.80000000205814,42.92667034917704,0.8511745492093961,89.35268711872268,3.674476922089831
9.0,2.8647889756541165,22.517241348739997,471.60000000206594,42.9647019571266,0.8519286616641675,89.43426989568206,3.679444714798757
9.0,2.8647889756541165,22.60318501801,473.4000000020739,43.00102118893653,0.8526488201463414,89.51218346183722,3.684386060795272
9.0,2.8647889756541165,22.68912868728,475.20000000208177,43.049578751061844,0.8536116472353406,89.61635741354644,3.6893011657882573
9.0,2.8647889756541165,22.775072356549998,477.0000000020897,43.082472217522664,0.8542638776845922,89.68693010829432,3.694190236049778
9.0,2.8647889756541165,22.86101602582,478.8000000020976,43.12285752907131,0.8550646607192997,89.77358095275412,3.699053472527874
9.0,2.8647889756541165,22.946959695089998,480.60000000210545,43.16324491103298,0.8558654848073397,89.86024114522945,3.703891076072145
9.0,2.8647889756541165,23.03290336436,482.4000000021133,43.198499651991554,0.8565645359566325,89.93589211491845,3.708703245344108
9.0,2.8647889756541165,23.118847033629997,484.2000000021211,43.237209878069486,0.857332104439435,90.01896230263004,3.713490176151161
9.0,2.8647889756541165,23.2047907029,486.0000000021291,43.278003980885714,0.858140993220991,90.10650926237571,3.7182520629520472
9.0,2.8647889756541165,23.29073437217,487.8000000021371,43.30713205410903,0.8587185613014763,90.16902318088161,3.722989099010368
9.0,2.8647889756541165,23.376678041439998,489.6000000021449,43.357440730233016,0.8597161104794775,90.27700037334374,3.727701472783876
9.0,2.8647889756541165,23.46262171071,491.40000000215275,43.387627049683736,0.8603146620708718,90.34179273424417,3.7323893754020743
9.0,2.8647889756541165,23.548565379979998,493.2000000021606,43.42329280752603,0.8610218630978018,90.4183497754196,3.737052992003763
9.0,2.8647889756541165,23.63450904925,495.00000000216846,43.463483966390804,0.8618187963621491,90.50462523859244,3.7416925074875036
9.0,2.8647889756541165,23.720452718519997,496.80000000217643,43.49652231556474,0.8624738996286265,90.57554992050228,3.7463081055780716
9.0,2.8647889756541165,23.80639638779,498.6000000021843,43.529971654152824,0.8631371522280589,90.64736023481325,3.7508999670123875
9.0,2.8647889756541165,23.89234005706,500.40000000219226,43.570719128871026,0.8639451164410427,90.73484301431873,3.7554682707789317
9.0,2.8647889756541165,23.978283726329998,502.20000000220006,43.60044765961356,0.8645345907363374,90.79867182734023,3.7600131956132627
9.0,2.8647889756541165,24.0642273956,504.00000000220797,43.63660497346121,0.8652515386166308,90.8763071804436,3.7645349163623893
9.0,2.8647889756541165,24.150171064869998,505.80000000221577,43.67480688728618,0.8660090279936173,90.95833688057378,3.7690336074446367
9.0,2.8647889756541165,24.23611473414,507.6000000022238,43.70523603101089,0.866612394443473,91.02367951215038,3.7735094418947095
9.0,2.8647889756541165,24.322058403409997,509.4000000022316,43.74312613049207,0.8673637009874714,91.1050474718455,3.777962589575343
9.0,2.8647889756541165,24.40800207268,511.2000000022395,43.77648877498638,0.8680252345668729,91.1766964221217,3.782393220300421
9.0,2.8647889756541165,24.49394574195,513.0000000022475,43.80657589238407,0.8686218191232726,91.24131378852631,3.786801501442679
9.0,2.8647889756541165,24.579889411219998,514.8000000022553,43.844892694345994,0.8693815865678891,91.32360979169215,3.79118759816138
9.0,2.8647889756541165,24.66583308049,516.6000000022631,43.874952824687554,0.8699776360095189,91.38817538649249,3.7955516756295204
9.0,2.8647889756541165,24.751776749759998,518.4000000022711,43.90544352938766,0.8705822231255724,91.45366858259537,3.799893895975841
9.0,2.8647889756541165,24.83772041903,520.2000000022789,43.94577970497831,0.871382031864427,91.54031387957289,3.804214419718771
9.0,2.8647889756541165,24.923664088299997,522.0000000022868,43.972194840995314,0.8719058062757357,91.59705833590083,3.8085134077298854
9.0,2.8647889756541165,25.00960775757,523.8000000022946,44.00700869549949,0.8725961152764756,91.67184795644857,3.8127910167079473
9.0,2.8647889756541165,25.09555142684,525.6000000023026,44.03964193489726,0.87324318579482,91.74195633621002,3.8170474037229556
9.0,2.8647889756541165,25.181495096109998,527.4000000023104,44.06819813113401,0.8738094143716286,91.80330833562036,3.8212827238409126
9.0,2.8647889756541165,25.26743876538,529.2000000023185,44.10240007837085,0.8744875901254106,91.87679326683691,3.82549712999666
9.0,2.8647889756541165,25.353382434649998,531.0000000023263,44.13300031682043,0.8750943491392393,91.94254269624867,3.8296907747346784
9.0,2.8647889756541165,25.43932610392,532.8000000023342,44.15904953887293,0.875610867999366,91.99851577206013,3.8338638086836094
9.0,2.8647889756541165,25.525269773189997,534.600000002342,44.19945561066667,0.8764120626800762,92.08534206656184,3.8380163799275095
9.0,2.8647889756541165,25.61121344246,536.4000000023499,44.223934657537335,0.8768974472094546,92.13794608030422,3.8421486378950798
9.0,2.8647889756541165,25.69715711173,538.2000000023578,44.25882045988718,0.8775891828331915,92.21291670983194,3.846260727465863
9.0,2.8647889756541165,25.783100780999998,540.0000000023657,44.287540912551826,0.8781586683803133,92.2746405695633,3.8503527945143876
9.0,2.8647889756541165,25.86904445027,541.8000000023736,44.31429903096832,0.878689243642629,92.33214936176529,3.8544249824024908
9.0,2.8647889756541165,25.954988119539998,543.6000000023814,44.34572540917464,0.8793123838276343,92.39969397379531,3.8584774330201137
9.0,2.8647889756541165,26.04093178881,545.4000000023893,44.375373113208006,0.879900255444753,92.46341841378766,3.8625102876342337
9.0,2.8647889756541165,26.126875458079997,547.200000002397,44.4017773879436,0.8804238144923674,92.52017369216722,3.8665236859201557
9.0,2.8647889756541165,26.21281912735,549.0000000024052,44.43678087881753,0.8811178837114104,92.59541599124589,3.870517765538401
9.0,2.8647889756541165,26.29876279662,550.8000000024131,44.45776567158085,0.8815339821736318,92.64052594875301,3.8744926647192814
9.0,2.8647889756541165,26.384706465889998,552.6000000024209,44.49416722524495,0.8822557729805713,92.71877969060333,3.8784485176058046
9.0,2.8647889756541165,26.47065013516,554.4000000024287,44.52131933661846,0.8827941605603775,92.77715216929838,3.882385460014487
9.0,2.8647889756541165,26.556593804429998,556.2000000024366,44.54663790774922,0.8832961916565131,92.83158484525444,3.8863036247779
9.0,2.8647889756541165,26.6425374737,558.0000000024445,44.57625559981206,0.8838834681791305,92.89526269941945,3.8902031435757984
9.0,2.8647889756541165,26.728481142969997,559.8000000024524,44.60413322952268,0.8844362417511069,92.95520184446224,3.8940841475207844
9.0,2.8647889756541165,26.81442481224,561.6000000024603,44.629289636084536,0.8849350573555048,93.00929215047756,3.8979467662485314
9.0,2.8647889756541165,26.90036848151,563.4000000024682,44.66238757874638,0.885591342275714,93.0804609361463,3.901791127602943
9.0,2.8647889756541165,26.986312150779998,565.200000002476,44.681032606320066,0.8859610465367465,93.12055382296963,3.905617359980794
9.0,2.8647889756541165,27.07225582005,567.000000002484,44.718960598155924,0.886713104432006,93.20211460061913,3.9094255876707904
9.0,2.8647889756541165,27.158199489319998,568.8000000024919,44.74146444516611,0.8871593235698652,93.25050917342406,3.9132159374172275
9.0,2.8647889756541165,27.24414315859,570.6000000024998,44.76624950909515,0.8876507759803437,93.30381127389741,3.916988532059846
9.0,2.8647889756541165,27.330086827859997,572.4000000025076,44.79711364306568,0.8882627676653594,93.37018944849126,3.9207434940637267
9.0,2.8647889756541165,27.41603049713,574.2000000025156,44.81982262731416,0.8887130543816008,93.41903052374303,3.9244809457083107
9.0,2.8647889756541165,27.501974166399997,576.0000000025233,44.84430690832937,0.8891985426965882,93.47169153803132,3.928201006920885
9.0,2.8647889756541165,27.587917835669998,577.8000000025312,44.87526002725338,0.8898122988261099,93.53826837300903,3.9319037968250123
9.0,2.8647889756541165,27.67386150494,579.6000000025391,44.89136457362753,0.8901316289742144,93.57290866471243,3.9355894347975915
9.0,2.8647889756541165,27.759805174209998,581.400000002547,44.92625306291147,0.890823417876016,93.64795521282576,3.939258036334704
9.0,2.8647889756541165,27.84574884348,583.2000000025549,44.94820882394374,0.8912587692519129,93.69518482115618,3.9429097192300797
9.0,2.8647889756541165,27.931692512749997,585.0000000025627,44.97455764878457,0.8917812288073282,93.75186638102991,3.946544597730736
9.0,2.8647889756541165,28.01763618202,586.8000000025708,45.003321928818266,0.8923515833885679,93.8137464539115,3.950162786045121
9.0,2.8647889756541165,28.103579851289997,588.6000000025784,45.023976547951605,0.8927611349793833,93.85818189877548,3.9537643977935293
9.0,2.8647889756541165,28.189523520559998,590.4000000025865,45.048478597131925,0.8932469756117016,93.9108962037662,3.9573495444525872
9.0,2.8647889756541165,28.27546718983,592.2000000025944,45.07601992087379,0.8937930807167546,93.97015143798639,3.960918337154193
9.0,2.8647889756541165,28.361410859099998,594.0000000026023,45.09541663414695,0.8941776898313709,94.01188489226996,3.9644708865578036
9.0,2.8647889756541165,28.44735452837,595.8000000026101,45.12595843276944,0.8947832900669139,94.07760011538242,3.96800730083755
9.0,2.8647889756541165,28.533298197639997,597.6000000026179,45.14293699541678,0.8951199507091213,94.11413323457154,3.971527689388688
9.0,2.8647889756541165,28.61924186691,599.4000000026259,45.17369342822189,0.8957298068338855,94.18031469036254,3.9750321580720995
9.0,2.8647889756541165,28.705185536179997,601.2000000026338,45.19699072419914,0.8961917589312629,94.23044753078673,3.978520814215759
9.0,2.8647889756541165,28.791129205449998,603.0000000026416,45.217523834985975,0.8965989011851505,94.27463354999023,3.981993762932414
9.0,2.8647889756541165,28.87707287472,604.8000000026495,45.24218297070376,0.8970878566190974,94.32770020627854,3.9854511083076454
9.0,2.8647889756541165,28.963016543989998,606.6000000026575,45.265510563937596,0.8975504094677912,94.37790305978463,3.988892954119827
9.0,2.8647889756541165,29.04896021326,608.4000000026653,45.28641020447972,0.8979648194831122,94.42288215740706,3.9923194030299025
9.0,2.8647889756541165,29.134903882529997,610.2000000026732,45.31480243708592,0.8985277968953609,94.48398852369306,3.9957305562809697
9.0,2.8647889756541165,29.2208475518,612.0000000026811,45.32795896911743,0.8987886721305,94.51230511545823,3.999126515803205
9.0,2.8647889756541165,29.306791221069997,613.800000002689,45.364790249548044,0.899518983805324,94.59157926179473,4.00250737967342
9.0,2.8647889756541165,29.392734890339998,615.6000000026968,45.377806566770786,0.8997770787811121,94.61959603036624,4.005873249292361
9.0,2.8647889756541165,29.47867855961,617.4000000027047,45.40212232523404,0.9002592255346407,94.67193547306134,4.009224221206325
9.0,2.8647889756541165,29.564622228879998,619.2000000027126,45.42796728320481,0.9007716941298325,94.72756845773675,4.012560393286354
9.0,2.8647889756541165,29.65056589815,621.0000000027205,45.44555582440457,0.9011204497753363,94.76543010985728,4.01588186256398
9.0,2.8647889756541165,29.736509567419997,622.8000000027283,45.46815217698119,0.901568503166427,94.81407310465329,4.019188724136782
9.0,2.8647889756541165,29.82245323669,624.6000000027362,45.4917248360714,0.9020359153209586,94.86481942777158,4.022481073116598
9.0,2.8647889756541165,29.908396905959997,626.4000000027442,45.5093062810725,0.9023845302589804,94.90266918413575,4.025759003933331
9.0,2.8647889756541165,29.994340575229998,628.2000000027521,45.53727060465846,0.9029390228466563,94.96287337075837,4.029022609121608
9.0,2.8647889756541165,30.0802842445,630.0000000027599,45.550082122074826,0.9031930569348551,94.99045598003424,4.032271982389171
9.0,2.8647889756541165,30.166227913769998,631.8000000027679,45.58085154344957,0.9038031706044,95.05670315457377,4.035507213907644
9.0,2.8647889756541165,30.25217158304,633.6000000027758,45.59832905501721,0.9041497246909127,95.09433385507894,4.038728396088335
9.0,2.8647889756541165,30.338115252309997,635.4000000027835,45.617703837285774,0.9045338989450379,95.13605063165411,4.041935618398862
9.0,2.8647889756541165,30.42405892158,637.2000000027915,45.6409485392429,0.9049948081781306,95.18610141245068,4.045128970169556
9.0,2.8647889756541165,30.510002590849997,639.0000000027993,45.6591662328159,0.9053560390164067,95.22532911538269,4.048308540474826
9.0,2.8647889756541165,30.595946260119998,640.8000000028072,45.68027970242595,0.9057746889566746,95.2707934724823,4.051474416867503
9.0,2.8647889756541165,30.68188992939,642.600000002815,45.703198096565536,0.9062291279718995,95.32014595712576,4.054626686585095
9.0,2.8647889756541165,30.767833598659998,644.400000002823,45.715929158139275,0.9064815667356759,95.34756171769843,4.0577654366271165
9.0,2.8647889756541165,30.85377726793,646.200000002831,45.747863730836166,0.907114783691437,95.41633351483311,4.060890751373549
9.0,2.8647889756541165,30.939720937199997,648.0000000028388,45.76080768060107,0.9073714437239183,95.44420946832881,4.064002717590308
9.0,2.8647889756541165,31.02566460647,649.8000000028467,45.78624621884167,0.9078758535964605,95.4989951080963,4.067101418153505
9.0,2.8647889756541165,31.111608275739997,651.6000000028545,45.80266132582385,0.9082013417177643,95.53434849543021,4.070186937644057
9.0,2.8647889756541165,31.197551945009998,653.4000000028625,45.82031419267898,0.9085513728491202,95.57236856613433,4.073259358510054
9.0,2.8647889756541165,31.28349561428,655.2000000028704,45.842962084186425,0.9090004481835823,95.62114810681143,4.076318762816514
9.0,2.8647889756541165,31.369439283549998,657.0000000028782,45.85901991020416,0.9093188519337625,95.65573475287778,4.079365232632675
9.0,2.8647889756541165,31.45538295282,658.8000000028861,45.88021239511722,0.90973906863461,95.7013820337439,4.082398848307118
9.0,2.8647889756541165,31.541326622089997,660.6000000028939,45.90055141160553,0.9101423622758353,95.74519227131783,4.085419690323716
9.0,2.8647889756541165,31.62727029136,662.400000002902,45.91352775334058,0.9103996645948104,95.7731439609637,4.08842783852495
9.0,2.8647889756541165,31.713213960629997,664.2000000029097,45.94287003965811,0.9109814802149351,95.83635058741964,4.091423370755597
9.0,2.8647889756541165,31.799157629899998,666.0000000029177,45.954428954841596,0.9112106769902877,95.86125052026645,4.09440636678963
9.0,2.8647889756541165,31.88510129917,667.8000000029256,45.976355969349505,0.9116454583636731,95.9084862670627,4.09737690299857
9.0,2.8647889756541165,31.971044968439998,669.6000000029334,45.99471186446249,0.9120094295410561,95.94803013066411,4.1003350569860855
9.0,2.8647889756541165,32.05698863771,671.4000000029413,46.0097175201562,0.9123069702568115,95.98035737267479,4.1032809050989405
9.0,2.8647889756541165,32.14293230698,673.2000000029492,46.03308999037448,0.9127704129519968,96.03071090743134,4.10621452256504
9.0,2.8647889756541165,32.228875976249995,675.0000000029571,46.046474446089015,0.913035807588165,96.05954705507546,4.109135985311682
9.0,2.8647889756541165,32.31481964552,676.8000000029649,46.067598939479716,0.9134546761142549,96.10505983067499,4.112045367087471
9.0,2.8647889756541165,32.40076331479,678.6000000029728,46.08184057921502,0.9137370674850064,96.13574424012212,4.114942742445898
9.0,2.8647889756541165,32.48670698406,680.4000000029807,46.106092810119826,0.9142179545778045,96.18799843660082,4.117828183968785
9.0,2.8647889756541165,32.57265065333,682.2000000029888,46.12416259202305,0.9145762525389712,96.2269329955878,4.120701765103601
9.0,2.8647889756541165,32.658594322599996,684.0000000029964,46.13651812862272,0.9148212451789761,96.25355576388247,4.123563557968241
9.0,2.8647889756541165,32.74453799187,685.8000000030044,46.1588456863649,0.9152639687524925,96.30166665141108,4.126413633461765
9.0,2.8647889756541165,32.83048166114,687.6000000030123,46.174010446286495,0.915564664277795,96.33434417128349,4.129252063324488
9.0,2.8647889756541165,32.91642533041,689.4000000030203,46.18922538432743,0.915866354763521,96.3671305139961,4.132078917675681
9.0,2.8647889756541165,33.00236899968,691.2000000030281,46.21097016177004,0.9162975226362402,96.41398907976911,4.134894266113978
9.0,2.8647889756541165,33.088312668949996,693.0000000030359,46.22225792025955,0.9165213427617179,96.43831401978173,4.137698178676086
9.0,2.8647889756541165,33.17425633822,694.8000000030439,46.24584241529359,0.9169889896061071,96.48913947241493,4.140490723166067
9.0,2.8647889756541165,33.26020000749,696.6000000030518,46.255089231601474,0.9171723407637549,96.50906715910045,4.143271968933458
9.0,2.8647889756541165,33.34614367676,698.4000000030596,46.280523882808005,0.9176766735619645,96.56388235722433,4.146041982369284
9.0,2.8647889756541165,33.432087346029995,700.2000000030674,46.29450580230506,0.9179539150514203,96.5940161629795,4.148800831790867
9.0,2.8647889756541165,33.5180310153,702.0000000030753,46.30923441286645,0.9182459623579805,96.62575987395685,4.15154858330435
9.0,2.8647889756541165,33.60397468457,703.8000000030831,46.32825462540095,0.9186231060008074,96.66675399173472,4.154285302860645
9.0,2.8647889756541165,33.68991835384,705.600000003091,46.34194230970796,0.9188945132267807,96.69625562802024,4.15701105643838
9.0,2.8647889756541165,33.77586202311,707.4000000030991,46.359663940051,0.9192459078398684,96.73445263624068,4.159725908711469
9.0,2.8647889756541165,33.861805692379995,709.2000000031069,46.37679576789819,0.9195856075120383,96.77137929168194,4.162429924431341
9.0,2.8647889756541165,33.94774936165,711.0000000031147,46.387431324745336,0.9197964954106647,96.79430405964891,4.165123167894132
9.0,2.8647889756541165,34.03369303092,712.8000000031226,46.41138594072899,0.9202714812247406,96.84593909110664,4.167805701830237
9.0,2.8647889756541165,34.11963670019,714.6000000031306,46.41888135835427,0.9204201046485103,96.86209608761361,4.170477590532239
9.0,2.8647889756541165,34.205580369459994,716.4000000031384,46.44641665315384,0.9209660902082504,96.92145216293798,4.173138895069443
9.0,2.8647889756541165,34.291524038729996,718.2000000031462,46.45473376301968,0.9211310066153046,96.93938127518749,4.175789679139436
9.0,2.8647889756541165,34.377467708,720.0000000031542,46.473453996238945,0.9215022020968522,96.9797370624116,4.178430003131549
15.0,4.7746482927568605,0.0,0.0,0.0,0.0,0.0,0.0
15.0,4.7746482927568605,0.11936620732,1.5000000000135527,1.6064160794524064e-07,3.1852935975427717e-09,3.2432572251397783e-07,0.008083618011707488
15.0,4.7746482927568605,0.23873241464,3.0000000000271054,0.20581633662508733,0.004081043931937446,0.4155915827098643,0.028294799595111123
15.0,4.7746482927568605,0.35809862196,4.500000000040658,5.585698635537875,0.11075642437323671,11.322062070677955,0.05768127076164967
15.0,4.7746482927568605,0.47746482928,6.000000000054211,13.367849014674539,0.2650653490338323,27.246618423530812,0.0908607233953539
15.0,4.7746482927568605,0.5968310366,7.500000000067764,14.233033728427984,0.28222072592940056,29.02790741545151,0.12409741245933645
15.0,4.7746482927568605,0.71619724392,9.000000000081316,14.604637896810527,0.2895891057253287,29.793655935135217,0.15700739061988322
15.0,4.7746482927568605,0.83556345124,10.500000000094868,14.970676073901348,0.29684711986535817,30.54832858230781,0.1895864442501658
15.0,4.7746482927568605,0.95492965856,12.000000000108422,15.329581110353011,0.30396369401671397,31.28867415907729,0.2218370295840828
15.0,4.7746482927568605,1.07429586588,13.500000000121974,15.688067738353606,0.3110719717262115,32.02853195655734,0.2537617397398975
15.0,4.7746482927568605,1.1936620732,15.000000000135527,16.046020418220508,0.3181696620070009,32.76766217026183,0.28536327852534016
15.0,4.7746482927568605,1.31302828052,16.50000000014908,16.397183605268648,0.32513272634446977,33.493136561128075,0.3166444474005767
15.0,4.7746482927568605,1.43239448784,18.000000000162633,16.74467251694662,0.33202293505031294,34.211374901201964,0.34760812670827385
15.0,4.7746482927568605,1.55176069516,19.500000000176183,17.090182050644998,0.33887389551850366,34.92587194647088,0.3782572704735502
15.0,4.7746482927568605,1.67112690248,21.000000000189736,17.433407064372037,0.3456795572192627,35.63599034925701,0.4085948967299461
15.0,4.7746482927568605,1.7904931098,22.50000000020329,17.771885583815862,0.3523911027190917,36.33662595108744,0.43862407851904595
15.0,4.7746482927568605,1.90985931712,24.000000000216843,18.106104727031166,0.35901819087313225,37.02877380286049,0.4683479334375708
15.0,4.7746482927568605,2.02922552444,25.500000000230397,18.44010161130403,0.36564087194985706,37.72078804997288,0.4977696161961756
15.0,4.7746482927568605,2.14859173176,27.000000000243947,18.76714666807781,0.37212570821845714,38.39871523864276,0.5268923167194218
15.0,4.7746482927568605,2.26795793908,28.5000000002575,19.089844415657794,0.37852434355618597,39.06793807189196,0.5557192462588643
15.0,4.7746482927568605,2.3873241464,30.000000000271054,19.40950480547372,0.384862752428536,39.731162795792436,0.5842536355824784
15.0,4.7746482927568605,2.50669035372,31.500000000284604,19.729338333497406,0.3912045943842057,40.39504654622949,0.6124987284630738
15.0,4.7746482927568605,2.62605656104,33.00000000029816,20.04229454036403,0.39741006888607533,41.04494530782946,0.6404577806243055
15.0,4.7746482927568605,2.74542276836,34.500000000311715,20.349373982116685,0.40349901553111367,41.682919397399836,0.6681340491640132
15.0,4.7746482927568605,2.86478897568,36.000000000325265,20.658182866435524,0.4096222545516072,42.32476556423447,0.6955307891802346
15.0,4.7746482927568605,2.984155183,37.500000000338815,20.96164564070086,0.41563948784703986,42.95577278391687,0.7226512566085183
15.0,4.7746482927568605,3.10352139032,39.000000000352365,21.25849328101198,0.4215255524863518,43.573286428399804,0.7494986982238234
15.0,4.7746482927568605,3.22288759764,40.50000000036593,21.555724041203867,0.42741921384558523,44.19185640009151,0.7760763482180726
15.0,4.7746482927568605,3.34225380496,42.00000000037947,21.84834678884423,0.43322150489879696,44.80109018107548,0.8023874310662813
15.0,4.7746482927568605,3.46162001228,43.50000000039303,22.13447344584063,0.4388949877546685,45.39704262237221,0.8284351545957158
15.0,4.7746482927568605,3.5809862196,45.00000000040658,22.420570715054257,0.4445678878927901,45.99317453072675,0.8542227064939045
15.0,4.7746482927568605,3.70035242692,46.50000000042012,22.702400622575148,0.4501561723447758,46.58065005033558,0.8797532571938893
15.0,4.7746482927568605,3.81971863424,48.00000000043369,22.978370250990697,0.4556282558339298,47.156136239012426,0.905029954400383
15.0,4.7746482927568605,3.93908484156,49.500000000447244,23.255635792263373,0.4611260354237366,47.73455053917776,0.9300559201413661
15.0,4.7746482927568605,4.05845104888,51.000000000460794,23.52570714180154,0.46648116446886484,48.29817433631509,0.9548342550821892
15.0,4.7746482927568605,4.1778172562,52.50000000047434,23.791030234318818,0.4717421423604931,48.85209793548681,0.9793680307460285
15.0,4.7746482927568605,4.29718346352,54.000000000487894,24.058664378989082,0.47704894511481205,49.4110564638786,1.003660290060411
15.0,4.7746482927568605,4.41654967084,55.50000000050146,24.317726332877893,0.48218577357192166,49.952312834852705,1.0277140512746576
15.0,4.7746482927568605,4.53591587816,57.000000000515,24.57360827459942,0.48725954693062845,50.487119396208065,1.0515322993626317
15.0,4.7746482927568605,4.65528208548,58.50000000052855,24.828992406188316,0.4923234494255626,51.021077968134804,1.0751179895562986
15.0,4.7746482927568605,4.7746482928,60.00000000054211,25.07980525214871,0.49729670985689156,51.545666062469095,1.0984740473591115
15.0,4.7746482927568605,4.89401450012,61.50000000055566,25.326628629858714,0.5021908648320557,52.06209112492443,1.1216033656016082
15.0,4.7746482927568605,5.01338070744,63.00000000056921,25.57306029591628,0.50707725272474,52.577875931062444,1.1445088043063685
15.0,4.7746482927568605,5.13274691476,64.50000000058277,25.813174171981125,0.5118383678672829,53.08060990557318,1.1671931927471408
15.0,4.7746482927568605,5.25211312208,66.00000000059632,26.053256528938228,0.5165988580309465,53.583448048264096,1.1896593248437024
15.0,4.7746482927568605,5.3714793294,67.50000000060987,26.288245528489234,0.5212583541934722,54.07578327407429,1.2119099634479162
15.0,4.7746482927568605,5.49084553672,69.00000000062343,26.518020831659076,0.5258144702048971,54.55735277023281,1.2339478369916912
15.0,4.7746482927568605,5.61021174404,70.50000000063696,26.74815503203819,0.5303777026352715,55.03983079119127,1.2557756392817079
15.0,4.7746482927568605,5.72957795136,72.00000000065053,26.97596240411326,0.5348947973844173,55.517584732998046,1.2773960319477395
15.0,4.7746482927568605,5.84894415868,73.50000000066409,27.198209432312485,0.5393016384578533,55.98382542893011,1.298811642944835
15.0,4.7746482927568605,5.968310366,75.00000000067763,27.42037959712228,0.5437069554400817,56.4500508279159,1.3200250649515124
15.0,4.7746482927568605,6.0876765733200005,76.5000000006912,27.63650322145506,0.5479923781625661,56.90372758182075,1.3410388589250246
15.0,4.7746482927568605,6.20704278064,78.00000000070473,27.850082349076857,0.5522273471502668,57.35219877118237,1.361855550578016
15.0,4.7746482927568605,6.32640898796,79.50000000071829,28.065858184415607,0.5565058737138409,57.805419626669014,1.3824776319335026
15.0,4.7746482927568605,6.44577519528,81.00000000073186,28.273177331298875,0.5606167162263263,58.241007627897716,1.4029075641674793
15.0,4.7746482927568605,6.5651414026,82.50000000074539,28.481309296451634,0.5647436757639267,58.67843136690648,1.423147772007895
15.0,4.7746482927568605,6.68450760992,84.00000000075894,28.68537526609184,0.5687900124190781,59.10743425499073,1.4432006494613443
15.0,4.7746482927568605,6.80387381724,85.50000000077252,28.8845151047127,0.5727386709334461,59.52619993930945,1.4630685570988087
15.0,4.7746482927568605,6.92324002456,87.00000000078606,29.08786277810701,0.576770764800179,59.95393536646895,1.4827538214306033
15.0,4.7746482927568605,7.04260623188,88.5000000007996,29.281943159730506,0.5806191015100849,60.362291586901506,1.5022587401282295
15.0,4.7746482927568605,7.1619724392,90.00000000081316,29.476849667202405,0.5844838191153848,60.77249834635189,1.5215855752817082
15.0,4.7746482927568605,7.28133864652,91.50000000082672,29.668967616486846,0.5882932435954821,61.17694639335738,1.5407365593245101
15.0,4.7746482927568605,7.40070485384,93.00000000084025,29.855520106203613,0.5919923129630088,61.56978269693313,1.5597138931270744
15.0,4.7746482927568605,7.52007106116,94.50000000085383,30.046842654622417,0.5957859657802274,61.972770812978005,1.5785197446035653
15.0,4.7746482927568605,7.63943726848,96.00000000086737,30.228548329052085,0.5993889297246328,62.355603136257926,1.5971562543835227
15.0,4.7746482927568605,7.7588034758,97.50000000088092,30.412135614570204,0.6030292033289063,62.74249924811592,1.6156255290185042
15.0,4.7746482927568605,7.87816968312,99.00000000089449,30.5924636555798,0.6066048507706394,63.12262409436496,1.6339296472689817
15.0,4.7746482927568605,7.99753589044,100.50000000090803,30.76749413465161,0.6100754551270919,63.49167415449871,1.6520706577134698
15.0,4.7746482927568605,8.11690209776,102.00000000092159,30.946938090256815,0.6136335724182351,63.87012437523365,1.6700505779658459
15.0,4.7746482927568605,8.23626830508,103.50000000093513,31.117463861738752,0.617014854858477,64.2298545747776,1.687871399628827
15.0,4.7746482927568605,8.3556345124,105.00000000094867,31.291217685877747,0.6204601449714044,64.59648326681032,1.7055350823182178
15.0,4.7746482927568605,8.47500071972,106.50000000096226,31.4587823182205,0.6237827122527151,64.95013739100135,1.7230435600874872
15.0,4.7746482927568605,8.59436692704,108.00000000097579,31.62568967134296,0.6270922466260576,65.30248719384916,1.7403987371664258
15.0,4.7746482927568605,8.71373313436,109.50000000098935,31.79184318854669,0.6303868335100401,65.65332780505327,1.7576024908918961
15.0,4.7746482927568605,8.83309934168,111.00000000100292,31.953134165127405,0.6335850031599548,65.99397940031433,1.7746566719012469
15.0,4.7746482927568605,8.952465549,112.50000000101643,32.1167518917191,0.6368293089386586,66.3396241507865,1.7915631026067762
15.0,4.7746482927568605,9.07183175632,114.00000000103,32.27279709443921,0.6399234623868804,66.66934596524737,1.808323581000342
15.0,4.7746482927568605,9.19119796364,115.50000000104357,32.43266000268971,0.6430933154819045,67.0072096116732,1.8249398764754239
15.0,4.7746482927568605,9.31056417096,117.0000000010571,32.58529701181144,0.6461198893199183,67.32987252673122,1.8414137352833133
15.0,4.7746482927568605,9.42993037828,118.50000000107066,32.74049772692453,0.6491972977853036,67.65802595430726,1.857746875936512
15.0,4.7746482927568605,9.5492965856,120.00000000108422,32.891082480340266,0.6521831783244613,67.9764879546781,1.8739409938751912
15.0,4.7746482927568605,9.66866279292,121.50000000109776,33.03891630393319,0.6551145118551325,68.28919780499375,1.8899977588712122
15.0,4.7746482927568605,9.78802900024,123.00000000111132,33.18958953544988,0.6581021467886348,68.60798070176189,1.9059188160528153
15.0,4.7746482927568605,9.90739520756,124.50000000112487,33.33197375047666,0.6609254223665942,68.9092884116844,1.921705788422789
15.0,4.7746482927568605,10.02676141488,126.00000000113842,33.48172616964344,0.6638947989066442,69.22625351474846,1.9373602725695662
15.0,4.7746482927568605,10.1461276222,127.50000000115196,33.6185679923538,0.6666081767626726,69.51595049021552,1.9528838457051803
15.0,4.7746482927568605,10.26549382952,129.00000000116555,33.76169889221953,0.6694462580342958,69.81902121966097,1.9682780579896266
15.0,4.7746482927568605,10.38486003684,130.50000000117907,33.89691769808338,0.6721274537848533,70.10539461660264,1.9835444406300469
15.0,4.7746482927568605,10.50422624416,132.00000000119263,34.03719306575063,0.6749089139323124,70.40253460169573,1.998684499796669
15.0,4.7746482927568605,10.62359245148,133.5000000012062,34.173494850251416,0.677611583602128,70.69131363404686,2.013699722168697
15.0,4.7746482927568605,10.7429586588,135.00000000121975,34.30521463483443,0.6802233987592884,70.97043748279623,2.0285915720133216
15.0,4.7746482927568605,10.86232486612,136.5000000012333,34.44182676057726,0.6829322220525891,71.25998316398258,2.0433614914767144
15.0,4.7746482927568605,10.98169107344,138.00000000124686,34.56590330968337,0.6853924827691502,71.52300821947745,2.0580109045520274
15.0,4.7746482927568605,11.10105728076,139.5000000012604,34.701398487119434,0.6880791585731681,71.81029158586774,2.072541210629899
15.0,4.7746482927568605,11.22042348808,141.00000000127392,34.824543512329825,0.6905209485016257,72.07143703125908,2.086953793637083
15.0,4.7746482927568605,11.3397896954,142.50000000128748,34.955707879308164,0.693121750521139,72.34963827486528,2.1012500133151635
15.0,4.7746482927568605,11.45915590272,144.00000000130106,35.07882822048143,0.6955630510004032,72.6108247079652,2.115431213390053
15.0,4.7746482927568605,11.57852211004,145.50000000131462,35.20347829555962,0.6980346839176679,72.87530234878747,2.1294987158858065
15.0,4.7746482927568605,11.69788831736,147.00000000132817,35.32622997215117,0.7004686743049403,73.1357973228573,2.143453825124558
15.0,4.7746482927568605,11.817254524680001,148.5000000013417,35.445628076181755,0.7028361681391468,73.3892186954655,2.1572978266151264
15.0,4.7746482927568605,11.936620732,150.00000000135526,35.56710258531842,0.7052448341203139,73.64709085721246,2.171031986875383
15.0,4.7746482927568605,12.05598693932,151.50000000136882,35.685640620556,0.7075952740190247,73.89877176236556,2.184657555346345
15.0,4.7746482927568605,12.175353146640001,153.0000000013824,35.80256275427982,0.7099136728991484,74.14706284234823,2.198175763127318
15.0,4.7746482927568605,12.29471935396,154.50000000139593,35.91562847355999,0.7121556045900181,74.38720339482536,2.211587824140428
15.0,4.7746482927568605,12.41408556128,156.00000000140946,36.032558159985285,0.7144741532294225,74.63559076569385,2.224894934262056
15.0,4.7746482927568605,12.5334517686,157.50000000142302,36.14180063377403,0.7166402754239765,74.86768548140347,2.2380982740960293
15.0,4.7746482927568605,12.65281797592,159.00000000143658,36.25810405377049,0.7189464060947633,75.1148209160142,2.2511990053404043
15.0,4.7746482927568605,12.77218418324,160.50000000145016,36.3629705499702,0.7210257589051233,75.3376884262409,2.2641982761426043
15.0,4.7746482927568605,12.89155039056,162.00000000146372,36.476468288663746,0.7232762569237897,75.57893648326291,2.277097215240464
15.0,4.7746482927568605,13.01091659788,163.50000000147722,36.5796579526382,0.7253223605465975,75.79830732993112,2.289896938816178
15.0,4.7746482927568605,13.1302828052,165.00000000149078,36.6907374206295,0.7275249077119107,76.03448664681855,2.3025985443001264
15.0,4.7746482927568605,13.24964901252,166.50000000150436,36.7892082102781,0.7294774427980857,76.2438879633687,2.3152031170002365
15.0,4.7746482927568605,13.36901521984,168.0000000015179,36.898416441699574,0.7316428860154144,76.4761566716096,2.327711723450998
15.0,4.7746482927568605,13.48838142716,169.50000000153148,36.999997306618994,0.7336570894512452,76.69223515686079,2.340125418785739
15.0,4.7746482927568605,13.60774763448,171.00000000154503,37.10384529951649,0.735716246796127,76.91316805031833,2.35244524115141
15.0,4.7746482927568605,13.7271138418,172.50000000155853,37.2026912034288,0.7376762198622738,77.12348911275826,2.364672215699388
15.0,4.7746482927568605,13.84648004912,174.00000000157212,37.30451809968478,0.7396953017480353,77.34018356579017,2.3768073521742368
15.0,4.7746482927568605,13.96584625644,175.50000000158568,37.40239528120857,0.7416360664331071,77.54850197169557,2.3888516475690698
15.0,4.7746482927568605,14.08521246376,177.0000000015992,37.50534338325427,0.7436773802279562,77.76764404883791,2.4008060838955
15.0,4.7746482927568605,14.20457867108,178.5000000016128,37.59624475882621,0.7454798246464397,77.96116901322888,2.4126716316933052
15.0,4.7746482927568605,14.3239448784,180.00000000162632,37.69497768436912,0.7474375575129192,78.17139498618714,2.4244492453449182
15.0,4.7746482927568605,14.44331108572,181.50000000163988,37.78622879627653,0.7492469367033118,78.36571630968876,2.43613986886898
15.0,4.7746482927568605,14.56267729304,183.00000000165343,37.88059866011963,0.7511181562892293,78.5667052776958,2.447744431427799
15.0,4.7746482927568605,14.68204350036,184.500000001667,37.96939558337965,0.752878872424728,78.75584931596875,2.45926385100071
15.0,4.7746482927568605,14.80140970768,186.0000000016805,38.06467663861706,0.7547681596342926,78.95883126612459,2.470699031510468
15.0,4.7746482927568605,14.920775915,187.50000000169408,38.15275084426173,0.7565145453119326,79.14648426038502,2.482050866581514
15.0,4.7746482927568605,15.04014212232,189.00000000170766,38.24308107171991,0.7583056646792461,79.3389680931506,2.493320236005359
15.0,4.7746482927568605,15.15950832964,190.5000000017212,38.33211103361785,0.7600710016380224,79.52870508969986,2.504508008687063
15.0,4.7746482927568605,15.27887453696,192.00000000173475,38.41849518256725,0.761783875905762,79.71282610820236,2.51561504166274
15.0,4.7746482927568605,15.39824074428,193.5000000017483,38.506068189267964,0.7635203235243418,79.89950387654375,2.5266421800851604
15.0,4.7746482927568605,15.5176069516,195.00000000176183,38.59182403147356,0.7652207393669328,80.08233027029611,2.5375902582861256
15.0,4.7746482927568605,15.63697315892,196.50000000177542,38.67789666247128,0.7669274366787161,80.26585417159767,2.5484600990730786
15.0,4.7746482927568605,15.75633936624,198.00000000178898,38.7660057373439,0.7686745137633334,80.45374314330383,2.5592525143299976
15.0,4.7746482927568605,15.87570557356,199.5000000018025,38.84493161908377,0.7702395012469754,80.6220690663556,2.5699683060255634
15.0,4.7746482927568605,15.99507178088,201.00000000181606,38.93101122409212,0.7719463368434265,80.80567305930197,2.5806082635974716
15.0,4.7746482927568605,16.1144379882,202.5000000018296,39.00819844767625,0.7734768492196377,80.97032886135277,2.5911731682605144
15.0,4.7746482927568605,16.23380419552,204.00000000184318,39.090377377292505,0.7751063399954571,81.14565257934916,2.60166378886579
15.0,4.7746482927568605,16.35317040284,205.50000000185673,39.164898064931066,0.7765839787732045,81.30465539097598,2.612080885956347
15.0,4.7746482927568605,16.47253661016,207.00000000187026,39.24758915885301,0.7782236250355425,81.48111064780403,2.622425208145399
15.0,4.7746482927568605,16.59190281748,208.50000000188385,39.32210889306572,0.7797012449082174,81.64014651194938,2.6326974964175243
15.0,4.7746482927568605,16.7112690248,210.00000000189735,39.40401178183284,0.7813252621883426,81.81495828038713,2.6428984799187547
15.0,4.7746482927568605,16.83063523212,211.5000000019109,39.478457969929885,0.7828014237466097,81.97387206055333,2.65302888033463
15.0,4.7746482927568605,16.95000143944,213.00000000192452,39.557868337900885,0.7843760179000918,82.14340074346792,2.6630894081425693
15.0,4.7746482927568605,17.06936764676,214.50000000193805,39.63038206629179,0.7858138615430429,82.29822268562147,2.673080766204959
15.0,4.7746482927568605,17.18873385408,216.00000000195158,39.70865172762807,0.7873658371135395,82.46535163292558,2.6830036467062994
15.0,4.7746482927568605,17.3081000614,217.50000000196513,39.777510169986314,0.7887312016563001,82.61240001476193,2.69285873466674
15.0,4.7746482927568605,17.42746626872,219.0000000019787,39.85679744847446,0.7903033551211792,82.78173695492264,2.702646704073273
15.0,4.7746482927568605,17.54683247604,220.50000000199222,39.92144015020136,0.791585127549707,82.91981084223644,2.712368223092418
15.0,4.7746482927568605,17.66619868336,222.00000000200583,39.99782372384211,0.7930997046956121,83.08297884438844,2.7220239480939696
15.0,4.7746482927568605,17.78556489068,223.50000000201936,40.062929481261584,0.7943906588570154,83.2220693637216,2.731614530161095
15.0,4.7746482927568605,17.904931098,225.00000000203286,40.13811578626467,0.7958814958762195,83.38271155498745,2.7411406093041646
15.0,4.7746482927568605,18.02429730532,226.50000000204645,40.20048645197518,0.7971182170763078,83.51598485975319,2.7506028201535493
15.0,4.7746482927568605,18.14366351264,228.00000000206,40.27515622375946,0.7985988119796875,83.67555416838569,2.760001786317081
15.0,4.7746482927568605,18.26302971996,229.50000000207356,40.343724670866955,0.7999584263309047,83.8220996702137,2.7693381262078107
15.0,4.7746482927568605,18.38239592728,231.00000000208715,40.40982472490265,0.8012690959737839,83.96338303201998,2.7786124490709367
15.0,4.7746482927568605,18.5017621346,232.50000000210065,40.477648741905014,0.8026139493394879,84.10836484075091,2.7878253564673985
15.0,4.7746482927568605,18.62112834192,234.0000000021142,40.54175033772006,0.803884992410792,84.24540221759563,2.796977442977844
15.0,4.7746482927568605,18.74049454924,235.5000000021278,40.607596336753815,0.8051906245059185,84.38618163810277,2.8060692950924624
15.0,4.7746482927568605,18.85986075656,237.00000000214132,40.6699981393947,0.8064279631068549,84.51960933366784,2.815101492619891
15.0,4.7746482927568605,18.97922696388,238.50000000215488,40.7373264237949,0.8077629868032474,84.66358394562593,2.8240746073271477
15.0,4.7746482927568605,19.0985931712,240.00000000216843,40.79425769942993,0.8088918526686962,84.7853362345729,2.8329892052940253
15.0,4.7746482927568605,19.21795937852,241.50000000218196,40.86263781611407,0.810247732696662,84.93158568013968,2.84184584339337
15.0,4.7746482927568605,19.33732558584,243.00000000219552,40.91935686345188,0.8113723903781601,85.05290540706888,2.8506450742469216
15.0,4.7746482927568605,19.45669179316,244.5000000022091,40.98789383951041,0.812731380703435,85.19951608025195,2.85938744095695
15.0,4.7746482927568605,19.57605800048,246.00000000222263,41.04522332904436,0.8138681425816224,85.32216311749806,2.868073482634209
15.0,4.7746482927568605,19.6954242078,247.50000000223616,41.109728994449355,0.8151471977756529,85.4601741978039,2.876703729397441
15.0,4.7746482927568605,19.81479041512,249.00000000224975,41.1662857978617,0.8162686383918862,85.58118881297236,2.885278706792725
15.0,4.7746482927568605,19.93415662244,250.5000000022633,41.2275543274987,0.8174835058081171,85.712295943783,2.8937989323923983
15.0,4.7746482927568605,20.05352282976,252.00000000227683,41.28496704725106,0.8186219180226353,85.83516234061682,2.9022649186409217
15.0,4.7746482927568605,20.17288903708,253.50000000229042,41.34167593977494,0.8197463743486801,85.95653222120174,2.910677171134645
15.0,4.7746482927568605,20.2922552444,255.00000000230392,41.400562097587866,0.8209140027350279,86.08257215961984,2.9190361893360075
15.0,4.7746482927568605,20.41162145172,256.5000000023175,41.457122469697815,0.8220355141134367,86.20364378728168,2.927342467110393
15.0,4.7746482927568605,20.53098765904,258.0000000023311,41.51660666959272,0.8232150008199242,86.33098444482748,2.9355964918216566
15.0,4.7746482927568605,20.65035386636,259.5000000023446,41.569165053176484,0.8242571584829851,86.44350751806313,2.9437987458082118
15.0,4.7746482927568605,20.76972007368,261.00000000235815,41.62956462566275,0.8254547957202842,86.57282815919858,2.951949704292141
15.0,4.7746482927568605,20.889086281,262.50000000237173,41.68057602660777,0.826466278927594,86.68205645630285,2.9600498385374854
15.0,4.7746482927568605,21.00845248832,264.00000000238526,41.73842038101137,0.8276132498406255,86.80592528740623,2.968099612408896
15.0,4.7746482927568605,21.12781869564,265.5000000023988,41.78960080898795,0.8286280846125039,86.91553225788428,2.9760994858161807
15.0,4.7746482927568605,21.24718490296,267.0000000024124,41.84318595173008,0.8296906014428764,87.03029754701285,2.9840499120454367
15.0,4.7746482927568605,21.36655111028,268.5000000024259,41.89572929866243,0.8307324609506208,87.14283995759544,2.991951339654289
15.0,4.7746482927568605,21.4859173176,270.0000000024395,41.94863601213349,0.8317815254977327,87.25616904038881,2.999804211670175
15.0,4.7746482927568605,21.60528352492,271.5000000024531,42.002765806128735,0.8328548419843812,87.37212673062459,3.0076089659287626
15.0,4.7746482927568605,21.72464973224,273.0000000024666,42.05157484391419,0.8338226554764699,87.47669376032897,3.015366035508345
15.0,4.7746482927568605,21.84401593956,274.50000000248014,42.10752003995223,0.8349319687921956,87.59655788598968,3.0230758474338923
15.0,4.7746482927568605,21.96338214688,276.0000000024937,42.15426880601287,0.8358589300392266,87.69672561835604,3.030738825219505
15.0,4.7746482927568605,22.0827483542,277.50000000250725,42.20808320571035,0.8369259927075138,87.81204088542039,3.0383553857901973
15.0,4.7746482927568605,22.20211456152,279.0000000025208,42.25460437994818,0.8378484411338295,87.9117350013465,3.045925942763665
15.0,4.7746482927568605,22.32148076884,280.50000000253436,42.30398984013537,0.8388276842586843,88.01757435122644,3.053450903742669
15.0,4.7746482927568605,22.44084697616,282.00000000254784,42.35301452758072,0.8397997737754577,88.12264776781069,3.0609306722698104
15.0,4.7746482927568605,22.56021318348,283.5000000025614,42.40116386834663,0.8407545064180731,88.22585210550352,3.068365647119463
15.0,4.7746482927568605,22.6795793908,285.00000000257495,42.45246623216535,0.8417717590035072,88.33582236760614,3.0757562222351895
15.0,4.7746482927568605,22.79894559812,286.5000000025886,42.49628452302831,0.8426406131137613,88.42975625093055,3.0831027877769284
15.0,4.7746482927568605,22.91831180544,288.0000000026021,42.54853761848912,0.84367671734947,88.54177948700988,3.090405728120419
15.0,4.7746482927568605,23.03767801276,289.5000000026157,42.59134653836074,0.8445255570749244,88.63356186415686,3.097665424917154
15.0,4.7746482927568605,23.15704422008,291.00000000262924,42.63810737839886,0.8454527577316802,88.73382345792999,3.104882253949424
15.0,4.7746482927568605,23.276410427400002,292.5000000026428,42.68515559539041,0.8463856566628841,88.83470786061167,3.1120565875411192
15.0,4.7746482927568605,23.39577663472,294.00000000265635,42.72678091508949,0.8472110272877745,88.92396961818744,3.1191887939250793
15.0,4.7746482927568605,23.51514284204,295.5000000026699,42.775999374286584,0.8481869590215683,89.02952090206311,3.1262792362371523
15.0,4.7746482927568605,23.634509049360002,297.0000000026834,42.8192316582754,0.8490441934526608,89.12224056195568,3.13332827482506
15.0,4.7746482927568605,23.75387525668,298.50000000269694,42.867614858327066,0.850003563190828,89.22601398141009,3.1403362647832407
15.0,4.7746482927568605,23.873241464,300.0000000027105,42.90871878287572,0.8508185952947356,89.3141801703503,3.147303558350646
15.0,4.7746482927568605,23.992607671320002,301.5000000027241,42.954465455843135,0.8517256864672895,89.41231083279533,3.154230502671423
15.0,4.7746482927568605,24.11197387864,303.00000000273764,42.99638961912393,0.8525569827334859,89.50224739993078,3.161117441970079
15.0,4.7746482927568605,24.23134008596,304.5000000027512,43.03728502736248,0.8533678802568446,89.58998215346563,3.1679647161241493
15.0,4.7746482927568605,24.350706293280002,306.0000000027648,43.08405694394033,0.8542953005455597,89.69033020954065,3.1747726610236757
15.0,4.7746482927568605,24.4700725006,307.50000000277834,43.11837969392282,0.8549758716452125,89.76397305456358,3.181541610035303
15.0,4.7746482927568605,24.58943870792,309.00000000279186,43.16775567509714,0.8559549268147832,89.86992030648575,3.1882718906881538
15.0,4.7746482927568605,24.70880491524,310.50000000280545,43.208568013245625,0.8567641771769275,89.95749787533806,3.1949638292908515
15.0,4.7746482927568605,24.82817112256,312.0000000028189,43.249407740446436,0.8575739706248522,90.04513923241163,3.2016177470635476
15.0,4.7746482927568605,24.94753732988,313.50000000283245,43.293083045313324,0.8584399895270699,90.13887124239197,3.2082339619717155
15.0,4.7746482927568605,25.0669035372,315.00000000284604,43.328290224283755,0.8591380975900836,90.21443389960707,3.2148127891467393
15.0,4.7746482927568605,25.18626974452,316.5000000028596,43.372850413545606,0.8600216624857329,90.3100756021712,3.2213545389530887
15.0,4.7746482927568605,25.30563595184,318.00000000287315,43.4029545334232,0.86061858417702,90.37469292058354,3.227859520270043
15.0,4.7746482927568605,25.42500215916,319.50000000288674,43.45096917786155,0.8615706459838833,90.47776012325636,3.2343280360715307
15.0,4.7746482927568605,25.54436836648,321.0000000029003,43.485588057514015,0.8622570889118493,90.55207656888808,3.240760388927206
15.0,4.7746482927568605,25.6637345738,322.50000000291385,43.527396080332664,0.8630860822785963,90.64183077519084,3.247156875798965
15.0,4.7746482927568605,25.78310078112,324.00000000292744,43.57267373744926,0.863983873536851,90.73903958623748,3.253517791543962
15.0,4.7746482927568605,25.90246698844,325.50000000294096,43.60186436583026,0.8645626819967486,90.80171364096375,3.2598434285364877
15.0,4.7746482927568605,26.02183319576,327.00000000295444,43.64545390307672,0.8654270002495784,90.89530780213556,3.266134073813808
15.0,4.7746482927568605,26.14119940308,328.500000002968,43.676692762079774,0.8660464221966675,90.96238647060679,3.272390013849124
15.0,4.7746482927568605,26.2605656104,330.00000000298155,43.716532436375246,0.8668363860241263,91.04793778384987,3.2786115299787233
15.0,4.7746482927568605,26.37993181772,331.50000000299514,43.75387497407239,0.8675768352001783,91.12813110826934,3.2847989019296184
15.0,4.7746482927568605,26.49929802504,333.0000000030087,43.78792491215896,0.8682519968296661,91.2012572133267,3.2909524060145334
15.0,4.7746482927568605,26.61866423236,334.50000000302225,43.82971012585698,0.8690805379241354,91.29100046903073,3.297072315102137
15.0,4.7746482927568605,26.73803043968,336.0000000030358,43.86130355827676,0.8697069905555449,91.35885804394837,3.3031589004246684
15.0,4.7746482927568605,26.857396647,337.50000000304937,43.89760094916224,0.8704267159633884,91.43682266838154,3.3092124289522435
15.0,4.7746482927568605,26.97676285432,339.00000000306295,43.93251720564554,0.8711190554490859,91.51182444110734,3.3152331657222827
15.0,4.7746482927568605,27.09612906164,340.5000000030765,43.964308502541115,0.8717494314503866,91.58011684457068,3.3212213728307804
15.0,4.7746482927568605,27.21549526896,342.00000000309007,44.005460754551926,0.8725654218188296,91.66852248111267,3.327177309000897
15.0,4.7746482927568605,27.33486147628,343.50000000310354,44.03837672505926,0.873218098491175,91.73923813345242,3.3331012315424386
15.0,4.7746482927568605,27.4542276836,345.00000000311707,44.0747660049496,0.8739396459267149,91.8174195324946,3.338993393840498
15.0,4.7746482927568605,27.57359389092,346.50000000313065,44.11035055990075,0.8746452368163178,91.8938758568807,3.3448540473140063
15.0,4.7746482927568605,27.69296009824,348.00000000314424,44.139424967930736,0.8752217407926838,91.95634742863216,3.350683440839897
15.0,4.7746482927568605,27.81232630556,349.50000000315777,44.17738503627056,0.8759744347191933,92.037915263495,3.3564818198344684
15.0,4.7746482927568605,27.93169251288,351.00000000317135,44.201341572885724,0.8764494586166484,92.08939482289014,3.362249428779247
15.0,4.7746482927568605,28.0510587202,352.5000000031849,44.242128864459744,0.8772582123410018,92.1770455162779,3.3679865073989528
15.0,4.7746482927568605,28.17042492752,354.0000000031984,44.27208923388203,0.8778522836661179,92.24143266284943,3.3736932953831094
15.0,4.7746482927568605,28.28979113484,355.500000003212,44.30546918274687,0.8785141603664665,92.31317193305486,3.3793700282305608
15.0,4.7746482927568605,28.40915734216,357.0000000032256,44.34465703600835,0.8792911995139941,92.39739767400067,3.385016939529125
15.0,4.7746482927568605,28.52852354948,358.50000000323905,44.3677760508655,0.8797496165514473,92.44708912158896,3.3906342614572096
15.0,4.7746482927568605,28.6478897568,360.00000000325264,44.402662760465944,0.8804413701646675,92.52207681297531,3.396222221828087
15.0,4.7746482927568605,28.76725596412,361.5000000032662,44.432394345746744,0.8810309050270926,92.58598664850366,3.40178104793445
15.0,4.7746482927568605,28.88662217144,363.00000000327975,44.4631745010984,0.8816412315360654,92.6521532535331,3.4073109638525834
15.0,4.7746482927568605,29.00598837876,364.50000000329334,44.49876238006588,0.8823468883361634,92.72865834551052,3.412812191479014
15.0,4.7746482927568605,29.12535458608,366.00000000330687,44.52584235612064,0.8828838455756493,92.78687611726387,3.4182849511574886
15.0,4.7746482927568605,29.2447207934,367.5000000033204,44.558347764307996,0.8835283813837072,92.85676064836335,3.4237294599391803
15.0,4.7746482927568605,29.36408700072,369.000000003334,44.58857536325666,0.8841277514885749,92.92175089255649,3.4291459335399774
15.0,4.7746482927568605,29.48345320804,370.5000000033475,44.6113270550933,0.8845788850352785,92.97066952778368,3.4345345854368343
15.0,4.7746482927568605,29.60281941536,372.000000003361,44.649190574734895,0.8853296645390291,93.05208370880297,3.439895625846331
15.0,4.7746482927568605,29.72218562268,373.5000000033746,44.672942752880225,0.8858006362999679,93.10315787247765,3.4452292649670193
15.0,4.7746482927568605,29.84155183,375.00000000338815,44.707283310939836,0.8864815605083499,93.17700316988709,3.450535708762033
15.0,4.7746482927568605,29.96091803732,376.50000000340174,44.74253220676385,0.8871804957569746,93.25280543501835,3.455815162512563
15.0,4.7746482927568605,30.08028424464,378.0000000034153,44.76256492991607,0.8875777160389071,93.29588719861361,3.461067829709046
15.0,4.7746482927568605,30.19965045196,379.50000000342885,44.79626274183652,0.8882458955095585,93.36835941308931,3.4662939100922636
15.0,4.7746482927568605,30.31901665928,381.0000000034424,44.820098742542086,0.8887185293521203,93.41962438481596,3.471493603450896
15.0,4.7746482927568605,30.4383828666,382.50000000345597,44.84929794673877,0.8892975078581916,93.4824265304739,3.476667106133929
15.0,4.7746482927568605,30.55774907392,384.0000000034695,44.88106031106654,0.8899273101680051,93.5507444818273,3.4818146132415495
15.0,4.7746482927568605,30.67711528124,385.500000003483,44.90542316612663,0.890410390779768,93.60314882318394,3.486936318243296
15.0,4.7746482927568605,30.79648148856,387.0000000034966,44.93593728558115,0.8910154421769518,93.66878701690375,3.4920324118318624
15.0,4.7746482927568605,30.91584769588,388.5000000035101,44.96231724381576,0.8915385190630897,93.72553457657145,3.4971030837322603
15.0,4.7746482927568605,31.0352139032,390.00000000352367,44.98295283544657,0.8919476933657119,93.76992653585039,3.5021485215162307
15.0,4.7746482927568605,31.15458011052,391.50000000353725,45.017732618566704,0.8926373267795797,93.84474884640835,3.507168910098858
15.0,4.7746482927568605,31.27394631784,393.00000000355084,45.038784073582015,0.8930547470590262,93.89003895351297,3.5121644344349705
15.0,4.7746482927568605,31.39331252516,394.50000000356437,45.07016663811173,0.8936770184814155,93.95755789262802,3.517135275722265
15.0,4.7746482927568605,31.51267873248,396.00000000357795,45.10287155679036,0.8943255102975003,94.02792500794968,3.522081614662682
15.0,4.7746482927568605,31.6320449398,397.5000000035915,45.11997655175994,0.89466467791204,94.06472898712343,3.5270036305091383
15.0,4.7746482927568605,31.75141114712,399.000000003605,45.15019772310584,0.8952639205667272,94.12975655551669,3.531901499107583
15.0,4.7746482927568605,31.87077735444,400.5000000036186,45.1730315921102,0.8957166835692708,94.17889052648454,3.536775396432414
15.0,4.7746482927568605,31.99014356176,402.0000000036321,45.19844586812008,0.8962206123564381,94.2335788711268,3.541625495671706
15.0,4.7746482927568605,32.10950976908,403.5000000036456,45.228908446978224,0.8968246417772253,94.29913309780935,3.5464519686243183
15.0,4.7746482927568605,32.2288759764,405.0000000036592,45.25026349855586,0.8972480819427934,94.34508996526284,3.5512549860711493
15.0,4.7746482927568605,32.348242183720004,406.50000000367277,45.27670879624276,0.8977724544169278,94.40200313751964,3.5560347161462125
15.0,4.7746482927568605,32.46760839104,408.00000000368635,45.30334713202234,0.8983006545606715,94.45933388028325,3.5607913260736836
15.0,4.7746482927568605,32.58697459836,409.50000000369994,45.319491901980825,0.8986207822849912,94.49408152352444,3.565524981724937
15.0,4.7746482927568605,32.70634080568,411.00000000371347,45.35254418127698,0.8992761617658922,94.56522086989335,3.5702358460101364
15.0,4.7746482927568605,32.825707013,412.500000003727,45.374639292812155,0.8997142762631896,94.61277863401193,3.5749240823295785
15.0,4.7746482927568605,32.94507322032,414.0000000037405,45.39847224723601,0.9001868497023369,94.664078600593,3.5795898510687625
15.0,4.7746482927568605,33.06443942764,415.50000000375417,45.42926902312423,0.9007975057728062,94.73037059244764,3.5842333114000318
15.0,4.7746482927568605,33.18380563496,417.0000000037677,45.44504871273616,0.901110394475397,94.76433847212317,3.5888546219593405
15.0,4.7746482927568605,33.30317184228,418.50000000378117,45.46842436075634,0.9015739001818542,94.81465904196145,3.5934539383418502
15.0,4.7746482927568605,33.4225380496,420.0000000037947,45.496003796632756,0.9021207609960895,94.87403119085033,3.598031415599657
15.0,4.7746482927568605,33.54190425692,421.5000000038083,45.51689176591245,0.9025349395869496,94.91899968560449,3.602587207626967
15.0,4.7746482927568605,33.66127046424,423.0000000038218,45.543508646316695,0.9030627143012511,94.97630352645635,3.607121466060961
15.0,4.7746482927568605,33.78063667156,424.5000000038354,45.56586846323596,0.9035060775281644,95.02444392904934,3.611634341930181
15.0,4.7746482927568605,33.90000287888,426.00000000384904,45.58530250912765,0.903891426895274,95.06628640833367,3.616125984480896
15.0,4.7746482927568605,34.0193690862,427.50000000386257,45.61359091255903,0.9044523455233133,95.12719480074377,3.620596541213306
15.0,4.7746482927568605,34.13873529352,429.0000000038761,45.62973555367662,0.904772470692902,95.16195726930961,3.625046159422291
15.0,4.7746482927568605,34.25810150084,430.5000000038896,45.6554441282728,0.9052822350006092,95.21731431960927,3.629474983563228
15.0,4.7746482927568605,34.37746770816,432.00000000390315,45.682007905248156,0.9058089567497777,95.27451493032535,3.633883157842128
15.0,4.7746482927568605,34.49683391548,433.5000000039168,45.69886761660892,0.9061432607407598,95.3108205774243,3.6382708251920453
15.0,4.7746482927568605,34.6162001228,435.00000000393027,45.72014184773408,0.9065650983522128,95.35663366028533,3.6426381264193943
15.0,4.7746482927568605,34.73556633012,436.5000000039438,45.74445176445276,0.9070471292722919,95.40898562422835,3.646985201565301
15.0,4.7746482927568605,34.85493253744,438.0000000039574,45.76062608961403,0.907367843034061,95.44381839240236,3.6513121897526206
15.0,4.7746482927568605,34.97429874476,439.5000000039709,45.789107963796006,0.9079325979106979,95.50515841959522,3.6556192277593347
15.0,4.7746482927568605,35.09366495208,441.00000000398444,45.81357148661978,0.9084176746204036,95.55784627229107,3.6599064523865086
15.0,4.7746482927568605,35.2130311594,442.5000000039981,45.82770466234565,0.9086979153047966,95.58828615669735,3.664173998858185
15.0,4.7746482927568605,35.33239736672,444.00000000401167,45.85356918221669,0.9092107717845251,95.64399444632852,3.6684220002329697
15.0,4.7746482927568605,35.45176357404,445.5000000040252,45.870679812601665,0.9095500511413016,95.68084928234514,3.6726505898066346
15.0,4.7746482927568605,35.57112978136,447.0000000040387,45.89104205896984,0.9099538053978591,95.72470897225341,3.6768598985931864
15.0,4.7746482927568605,35.69049598868,448.5000000040522,45.916900156176666,0.9104665345253316,95.7804083686442,3.681050056762358
15.0,4.7746482927568605,35.809862196,450.0000000040657,45.93367924447879,0.9107992398762366,95.81655228852118,3.6852211938904635
15.0,4.7746482927568605,35.92922840332,451.50000000407937,45.95324078528903,0.9111871172854454,95.85869097584174,3.6893734375232734
15.0,4.7746482927568605,36.04859461064,453.0000000040929,45.97834281645065,0.9116848547033357,95.91276645660133,3.693506914369755
15.0,4.7746482927568605,36.16796081796,454.5000000041065,45.98935926793874,0.9119032951985567,95.9364989973279,3.6976217507700615
15.0,4.7746482927568605,36.28732702528,456.00000000412,46.0158214901714,0.9124280032622557,95.99350757661355,3.701718070319173
15.0,4.7746482927568605,36.4066932326,457.50000000413354,46.03823682500655,0.9128724673301298,96.04179944404882,3.7057959971430185
15.0,4.7746482927568605,36.52605943992,459.0000000041471,46.05285280644068,0.9131622813619953,96.07328910704538,3.7098556537479443
15.0,4.7746482927568605,36.64542564724,460.50000000416077,46.07423591284779,0.9135862778147533,96.11935948490779,3.7138971609833873
15.0,4.7746482927568605,36.76479185456,462.0000000041743,46.093431081459755,0.9139668905866591,96.16071707723871,3.7179206393908513
15.0,4.7746482927568605,36.88415806188,463.5000000041878,46.11212146548187,0.9143374942012691,96.20098813731339,3.7219262081280973
15.0,4.7746482927568605,37.0035242692,465.0000000042013,46.1343792494368,0.9147788342602611,96.24894703710967,3.7259139852267578
15.0,4.7746482927568605,37.12289047652,466.5000000042148,46.155628970014526,0.9152001858625737,96.29473525518951,3.729884087975673
15.0,4.7746482927568605,37.24225668384,468.0000000042284,46.16826419375906,0.9154507242991081,96.32196187704284,3.7338366327399832
15.0,4.7746482927568605,37.36162289116,469.500000004242,46.19171653390417,0.9159157507008426,96.37249870518491,3.737771734008534
15.0,4.7746482927568605,37.48098909848,471.0000000042556,46.20665813689914,0.9162120213430858,96.40469683624903,3.7416895065269267
15.0,4.7746482927568605,37.6003553058,472.5000000042691,46.22447681897505,0.916565340353391,96.44309575644223,3.7455900630638808
15.0,4.7746482927568605,37.71972151312,474.00000000428264,46.2483865813816,0.9170394367851095,96.49462234403907,3.749473515680591
15.0,4.7746482927568605,37.83908772044,475.50000000429617,46.26324317444825,0.9173340218019167,96.52663982330564,3.753339976052652
15.0,4.7746482927568605,37.95845392776,477.00000000430975,46.27929282816974,0.917652263507137,96.56122921891725,3.7571895541066818
15.0,4.7746482927568605,38.07782013508,478.5000000043234,46.303455434639666,0.9181313734754265,96.61330470289434,3.761022358919779
15.0,4.7746482927568605,38.1971863424,480.00000000433687,46.31377194978433,0.9183359352328665,96.63553949320948,3.764838499556822
15.0,4.7746482927568605,38.31655254972,481.5000000043504,46.33555169670708,0.9187677965004203,96.68248160318343,3.7686380826601757
15.0,4.7746482927568605,38.43591875704,483.0000000043639,46.359898227865344,0.9192505534325299,96.73495762398188,3.7724212150474985
15.0,4.7746482927568605,38.55528496436,484.5000000043775,46.370031389618354,0.9194514795541467,96.75679896310795,3.776188002862822
15.0,4.7746482927568605,38.67465117168,486.00000000439104,46.3852567978401,0.9197533776486008,96.78961687488197,3.7799385502407086
15.0,4.7746482927568605,38.794017379,487.5000000044047,46.407493154459985,0.9201942928341494,96.8375479332245,3.7836729609616406
15.0,4.7746482927568605,38.91338358632,489.0000000044182,46.42481201489524,0.9205377010953513,96.8748802315427,3.787391338373606
15.0,4.7746482927568605,39.03274979364,490.50000000443174,46.441003043386075,0.9208587460602838,96.90978220958641,3.7910937844584294
15.0,4.7746482927568605,39.15211600096,492.00000000444527,46.464205517006626,0.9213188179657885,96.9597996967465,3.7947804002107635
15.0,4.7746482927568605,39.27148220828,493.50000000445874,46.47187118605278,0.921470817232018,96.97632490847502,3.7984512867204963
15.0,4.7746482927568605,39.3908484156,495.0000000044723,46.49123019925895,0.9218546788081632,97.01805875361872,3.8021065427100065
15.0,4.7746482927568605,39.51021462292,496.50000000448597,46.51074317908649,0.9222415933224578,97.06012566230036,3.805746267255579
15.0,4.7746482927568605,39.62958083024,498.0000000044995,46.52389072591577,0.9225022903938727,97.08847034892594,3.8093705584581516
15.0,4.7746482927568605,39.74894703756,499.500000004513,46.54221710410919,0.9228656762929079,97.12798090551586,3.8129795130532154
15.0,4.7746482927568605,39.86831324488,501.0000000045266,46.56088097700386,0.9232357542297337,97.1682201221903,3.816573227468793
15.0,4.7746482927568605,39.9876794522,502.50000000454014,46.56760141702255,0.9233690109546757,97.18270961477336,3.8201517975647206
15.0,4.7746482927568605,40.10704565952,504.00000000455367,46.590363167220744,0.9238203439443199,97.23178571946215,3.8237153171820437
15.0,4.7746482927568605,40.22641186684,505.5000000045673,46.609255895461075,0.9241949597557139,97.27252109961465,3.8272638808400408
15.0,4.7746482927568605,40.34577807416,507.00000000458084,46.6214835842806,0.9244374173568781,97.29888629145422,3.830797581757768
15.0,4.7746482927568605,40.46514428148,508.50000000459437,46.63584593802457,0.924722202313973,97.32985479794885,3.834316512047965
15.0,4.7746482927568605,40.5845104888,510.00000000460784,46.654950806744,0.9251010245680096,97.37105021227066,3.83782076324203
15.0,4.7746482927568605,40.70387669612,511.5000000046214,46.664956945344414,0.9252994320019721,97.39262667176465,3.8413104266275435
15.0,4.7746482927568605,40.82324290344,513.000000004635,46.68709610472609,0.9257384199051402,97.44036690848048,3.844785591685364
15.0,4.7746482927568605,40.94260911076,514.5000000046487,46.70929047855535,0.9261785026319261,97.48822769340026,3.848246348168945
15.0,4.7746482927568605,41.06197531808,516.0000000046622,46.7145098277441,0.9262819948701259,97.49948311086933,3.8516927852426184
15.0,4.7746482927568605,41.1813415254,517.5000000046757,46.7308974507547,0.9266069380235361,97.53482321202985,3.8551249900128353
15.0,4.7746482927568605,41.30070773272,519.0000000046892,46.74903085677907,0.9269664975601336,97.57392905975831,3.858543049980724
15.0,4.7746482927568605,41.42007394004,520.5000000047028,46.76324691019554,0.9272483815907344,97.6045875807884,3.8619470518386776
15.0,4.7746482927568605,41.53944014736,522.0000000047163,46.77864189308539,0.9275536421086075,97.6377892842935,3.865337081258228
15.0,4.7746482927568605,41.65880635468,523.5000000047299,46.79947617662733,0.9279667561879819,97.6827228352843,3.8687132232447548
15.0,4.7746482927568605,41.778172562,525.0000000047435,46.8050908775238,0.9280780876857577,97.6948323527386,3.8720755628437966
15.0,4.7746482927568605,41.89753876932,526.500000004757,46.82231300010555,0.9284195777735215,97.73197679406991,3.875424183045805
15.0,4.7746482927568605,42.01690497664,528.0000000047705,46.84058804752573,0.928781945856653,97.7713931489085,3.878759167250593
15.0,4.7746482927568605,42.13627118396,529.500000004784,46.851458812921244,0.9289974976047812,97.79484012984955,3.882080598132962
15.0,4.7746482927568605,42.25563739128,531.0000000047976,46.86623818461023,0.9292905514319857,97.82671809390393,3.8853885571441897
15.0,4.7746482927568605,42.3750035986,532.5000000048112,46.884753426888395,0.9296576822360156,97.86665497327084,3.8886831254057244
15.0,4.7746482927568605,42.49436980592,534.0000000048248,46.890287609591475,0.9297674171730423,97.87859225740178,3.89196438387916
15.0,4.7746482927568605,42.61373601324,535.5000000048383,46.909802201635294,0.9301543636552827,97.9206861540321,3.8952324116191277
15.0,4.7746482927568605,42.73310222056,537.0000000048518,46.92758838601387,0.9305070382826751,97.95905279546983,3.898487288293101
15.0,4.7746482927568605,42.85246842788,538.5000000048655,46.93746964075341,0.930702969448082,97.98036809794746,3.9017290926451524
15.0,4.7746482927568605,42.9718346352,540.000000004879,46.94650443870434,0.9308821165845945,97.99985772818323,3.9049579024413306
15.0,4.7746482927568605,43.09120084252,541.5000000048926,46.968067945724826,0.9313096901238008,98.04637495882274,3.9081737946353665
15.0,4.7746482927568605,43.21056704984,543.0000000049062,46.97863349861975,0.9315191899440601,98.06916769443517,3.9113768466411765
15.0,4.7746482927568605,43.32993325716,544.5000000049197,46.992631718693886,0.931796754650673,98.0993661344431,3.9145671341761363
15.0,4.7746482927568605,43.44929946448,546.0000000049332,47.01167540795356,0.932174363803422,98.14045014411809,3.917744732739814
15.0,4.7746482927568605,43.5686656718,547.5000000049466,47.01968350015481,0.9323331528316411,98.15772677381918,3.920909717723586
15.0,4.7746482927568605,43.68803187912,549.0000000049603,47.02902613618778,0.932518403957552,98.17788278844449,3.92406216314812
15.0,4.7746482927568605,43.80739808644,550.5000000049738,47.05055394925237,0.9329452697366041,98.22432838365694,3.927202142488484
15.0,4.7746482927568605,43.92676429376,552.0000000049874,47.06651842691535,0.9332618225222644,98.25877215759809,3.9303297294547117
15.0,4.7746482927568605,44.04613050108,553.5000000050009,47.072257473480356,0.9333756196170104,98.27115448727702,3.933444996812175
15.0,4.7746482927568605,44.1654967084,555.0000000050145,47.089289183527406,0.9337133340962291,98.30790198667624,3.9365480160438406
15.0,4.7746482927568605,44.28486291572,556.500000005028,47.101610246391104,0.9339576431712979,98.33448637259919,3.9396388591150906
15.0,4.7746482927568605,44.40422912304,558.0000000050416,47.11271935331344,0.934177920891415,98.35845619017451,3.9427175968980546
15.0,4.7746482927568605,44.52359533036,559.5000000050552,47.12851664170265,0.9344911585526183,98.39254221121968,3.9457842996515087
15.0,4.7746482927568605,44.64296153768,561.0000000050687,47.14288962842553,0.9347761543464947,98.42355565238603,3.9488390374257594
15.0,4.7746482927568605,44.762327745,562.5000000050823,47.14961477107941,0.9349095043179746,98.4380671036364,3.951881879738225
15.0,4.7746482927568605,44.88169395232,564.0000000050957,47.16497603826929,0.9352140963016824,98.47121401777467,3.9549128949543215
15.0,4.7746482927568605,45.00106015964,565.5000000051093,47.18148671308366,0.9355414793965731,98.50684194630752,3.957932151568557
15.0,4.7746482927568605,45.12042636696,567.0000000051228,47.19036612204748,0.9357175453914557,98.52600291784437,3.9609397175832206
15.0,4.7746482927568605,45.23979257428,568.5000000051365,47.20158894251714,0.9359400778887684,98.5502211028809,3.9639356599830093
15.0,4.7746482927568605,45.3591587816,570.0000000051499,47.21985247568161,0.9363022176606582,98.5896335443049,3.966920045375009
15.0,4.7746482927568605,45.47852498892,571.5000000051637,47.22538474827152,0.9364119147228697,98.60157230768904,3.9698929405309356
15.0,4.7746482927568605,45.59789119624,573.0000000051772,47.240031423868196,0.9367023373761294,98.6331805954647,3.9728544105867085
15.0,4.7746482927568605,45.71725740356,574.5000000051907,47.256014008715184,0.937019249201381,98.66767258433248,3.9758045209926514
15.0,4.7746482927568605,45.83662361088,576.0000000052042,47.26635354106966,0.9372242673572099,98.68998672242515,3.978743336670363
15.0,4.7746482927568605,45.9559898182,577.5000000052179,47.271125323387615,0.9373188849837429,98.70028499628697,3.9816709218778623
15.0,4.7746482927568605,46.07535602552,579.0000000052314,47.29147633377277,0.9377224164468086,98.74420652280436,3.9845873398141975
15.0,4.7746482927568605,46.19472223284,580.5000000052448,47.30952911741745,0.9380803773567916,98.78316906637335,3.9874926542559517
15.0,4.7746482927568605,46.31408844016,582.0000000052585,47.31160156807922,0.9381214710927708,98.78764201017015,3.9903869283782165
15.0,4.7746482927568605,46.43345464748,583.5000000052719,47.32363478212537,0.9383600725370002,98.8136133987833,3.9932702238444406
15.0,4.7746482927568605,46.552820854800004,585.0000000052856,47.3381360950446,0.9386476128560272,98.84491228753897,3.9961426027286384
15.0,4.7746482927568605,46.67218706212,586.5000000052991,47.35012616010449,0.9388853587175003,98.87079150777384,3.999004126591265
15.0,4.7746482927568605,46.79155326944,588.0000000053127,47.360025808456484,0.9390816546019657,98.89215912369575,4.001854856381671
15.0,4.7746482927568605,46.91091947676,589.5000000053262,47.37746492763399,0.9394274474222282,98.92980081737599,4.004694852359234
15.0,4.7746482927568605,47.03028568408,591.0000000053398,47.381321674955934,0.9395039212119833,98.93812558789057,4.007524175139145
15.0,4.7746482927568605,47.1496518914,592.5000000053533,47.39322956292254,0.9397400376190926,98.96382899030185,4.010342883776128
15.0,4.7746482927568605,47.269018098720004,594.0000000053668,47.40920527220323,0.9400568131116869,98.99831353528339,4.013151037550795
15.0,4.7746482927568605,47.38838430604,595.5000000053805,47.42235808862129,0.9403176146715192,99.02670527228621,4.0159486953851085
15.0,4.7746482927568605,47.50775051336,597.0000000053939,47.42604091712131,0.9403906398994911,99.03465513845515,4.0187359157618125
15.0,4.7746482927568605,47.62711672068,598.5000000054075,47.44145151697135,0.9406962100793748,99.06792137487261,4.021512756011376
15.0,4.7746482927568605,47.746482928,600.000000005421,47.45372368012013,0.9409395495429533,99.09441330863417,4.024279273976738
