L: 2.29, u_super: 0.00941, sec: 1683848.625, prod: 0.000138, t_ads: 87.0, t_des: 3020.0, bed_util_ads: 0.095, bed_util_des: 0.089, frac_lost: 0.103, li_recovered:  0.429
L: 3.82, u_super: 0.00312, sec: 51738.840, prod: 0.000455, t_ads: 403.0, t_des: 1010.0, bed_util_ads: 0.232, bed_util_des: 0.223, frac_lost: 0.100, li_recovered:  0.643
L: 3.40, u_super: 0.00408, sec: 142499.219, prod: 0.000286, t_ads: 272.0, t_des: 426.0, bed_util_ads: 0.287, bed_util_des: 0.284, frac_lost: 0.100, li_recovered:  0.200
L: 0.60, u_super: 0.00747, sec: 300695.906, prod: 0.000476, t_ads: 29.0, t_des: 77.0, bed_util_ads: 0.279, bed_util_des: 0.278, frac_lost: 0.100, li_recovered:  0.050
L: 1.65, u_super: 0.00782, sec: 431978.656, prod: 0.000364, t_ads: 75.0, t_des: 664.0, bed_util_ads: 0.169, bed_util_des: 0.166, frac_lost: 0.102, li_recovered:  0.269
L: 2.09, u_super: 0.00137, sec: 9773.194, prod: 0.000453, t_ads: 498.0, t_des: 1254.0, bed_util_ads: 0.225, bed_util_des: 0.213, frac_lost: 0.100, li_recovered:  0.794
L: 1.21, u_super: 0.00263, sec: inf, prod: 0.000000, t_ads: 151.0, t_des: 0.0, bed_util_ads: 0.378, bed_util_des: 0.378, frac_lost: 0.101, li_recovered:  0.000
L: 1.48, u_super: 0.00483, sec: inf, prod: 0.000000, t_ads: 100.0, t_des: 0.0, bed_util_ads: 0.486, bed_util_des: 0.486, frac_lost: 0.100, li_recovered:  0.000
L: 3.87, u_super: 0.00719, sec: 364982.094, prod: 0.000361, t_ads: 181.0, t_des: 333.0, bed_util_ads: 0.282, bed_util_des: 0.280, frac_lost: 0.101, li_recovered:  0.186
L: 1.47, u_super: 0.00163, sec: inf, prod: 0.000000, t_ads: 250.0, t_des: 0.0, bed_util_ads: 0.472, bed_util_des: 0.472, frac_lost: 0.101, li_recovered:  0.000
L: 2.31, u_super: 0.00119, sec: inf, prod: 0.000000, t_ads: 548.0, t_des: 0.0, bed_util_ads: 0.315, bed_util_des: 0.315, frac_lost: 0.100, li_recovered:  0.000
L: 3.22, u_super: 0.00609, sec: inf, prod: 0.000000, t_ads: 165.0, t_des: 0.0, bed_util_ads: 0.454, bed_util_des: 0.454, frac_lost: 0.101, li_recovered:  0.000
L: 0.64, u_super: 0.00526, sec: 135602.453, prod: 0.000507, t_ads: 44.0, t_des: 166.0, bed_util_ads: 0.242, bed_util_des: 0.240, frac_lost: 0.104, li_recovered:  0.106
L: 0.72, u_super: 0.00637, sec: inf, prod: 0.000000, t_ads: 40.0, t_des: 0.0, bed_util_ads: 0.428, bed_util_des: 0.428, frac_lost: 0.102, li_recovered:  0.000
L: 2.58, u_super: 0.00261, sec: inf, prod: 0.000000, t_ads: 285.0, t_des: 0.0, bed_util_ads: 0.414, bed_util_des: 0.414, frac_lost: 0.100, li_recovered:  0.000
L: 2.28, u_super: 0.00508, sec: inf, prod: 0.000000, t_ads: 148.0, t_des: 0.0, bed_util_ads: 0.379, bed_util_des: 0.379, frac_lost: 0.102, li_recovered:  0.000
L: 1.02, u_super: 0.00812, sec: 2346078.750, prod: 0.000073, t_ads: 45.0, t_des: 57.0, bed_util_ads: 0.348, bed_util_des: 0.348, frac_lost: 0.105, li_recovered:  0.007
L: 3.25, u_super: 0.00194, sec: inf, prod: 0.000000, t_ads: 434.0, t_des: 0.0, bed_util_ads: 0.391, bed_util_des: 0.391, frac_lost: 0.100, li_recovered:  0.000
L: 1.17, u_super: 0.00085, sec: inf, prod: 0.000000, t_ads: 363.0, t_des: 0.0, bed_util_ads: 0.417, bed_util_des: 0.417, frac_lost: 0.100, li_recovered:  0.000
L: 3.51, u_super: 0.00868, sec: 415760.062, prod: 0.000472, t_ads: 139.0, t_des: 386.0, bed_util_ads: 0.250, bed_util_des: 0.247, frac_lost: 0.101, li_recovered:  0.248
L: 1.46, u_super: 0.00012, sec: inf, prod: 0.000000, t_ads: 1123.0, t_des: 0.0, bed_util_ads: 0.292, bed_util_des: 0.292, frac_lost: 0.100, li_recovered:  0.000
L: 3.02, u_super: 0.00828, sec: 507004.594, prod: 0.000350, t_ads: 128.0, t_des: 1163.0, bed_util_ads: 0.162, bed_util_des: 0.155, frac_lost: 0.101, li_recovered:  0.452
L: 1.25, u_super: 0.00635, sec: inf, prod: 0.000000, t_ads: 68.0, t_des: 0.0, bed_util_ads: 0.405, bed_util_des: 0.405, frac_lost: 0.101, li_recovered:  0.000
L: 3.87, u_super: 0.00153, sec: 24135.910, prod: 0.000230, t_ads: 749.0, t_des: 984.0, bed_util_ads: 0.257, bed_util_des: 0.251, frac_lost: 0.100, li_recovered:  0.399
L: 3.63, u_super: 0.00421, sec: 292100.250, prod: 0.000149, t_ads: 278.0, t_des: 358.0, bed_util_ads: 0.304, bed_util_des: 0.303, frac_lost: 0.100, li_recovered:  0.095
L: 0.59, u_super: 0.00668, sec: inf, prod: 0.000000, t_ads: 32.0, t_des: 0.0, bed_util_ads: 0.460, bed_util_des: 0.460, frac_lost: 0.106, li_recovered:  0.000
L: 3.39, u_super: 0.00877, sec: inf, prod: 0.000000, t_ads: 130.0, t_des: 0.0, bed_util_ads: 0.337, bed_util_des: 0.337, frac_lost: 0.100, li_recovered:  0.000
L: 1.36, u_super: 0.00762, sec: 663073.688, prod: 0.000225, t_ads: 64.0, t_des: 1217.0, bed_util_ads: 0.126, bed_util_des: 0.122, frac_lost: 0.103, li_recovered:  0.288
L: 3.41, u_super: 0.00067, sec: inf, prod: 0.000000, t_ads: 671.0, t_des: 0.0, bed_util_ads: 0.381, bed_util_des: 0.381, frac_lost: 0.100, li_recovered:  0.000
L: 1.08, u_super: 0.00375, sec: 87682.844, prod: 0.000390, t_ads: 101.0, t_des: 762.0, bed_util_ads: 0.177, bed_util_des: 0.172, frac_lost: 0.101, li_recovered:  0.337
L: 2.92, u_super: 0.00181, sec: 17160.562, prod: 0.000453, t_ads: 527.0, t_des: 1336.0, bed_util_ads: 0.222, bed_util_des: 0.210, frac_lost: 0.100, li_recovered:  0.843
L: 0.52, u_super: 0.00264, sec: 34408.695, prod: 0.000485, t_ads: 70.0, t_des: 298.0, bed_util_ads: 0.225, bed_util_des: 0.222, frac_lost: 0.103, li_recovered:  0.178
L: 0.87, u_super: 0.00629, sec: 218695.938, prod: 0.000456, t_ads: 50.0, t_des: 291.0, bed_util_ads: 0.205, bed_util_des: 0.203, frac_lost: 0.104, li_recovered:  0.155
L: 3.04, u_super: 0.00649, sec: 220316.797, prod: 0.000484, t_ads: 161.0, t_des: 538.0, bed_util_ads: 0.232, bed_util_des: 0.227, frac_lost: 0.101, li_recovered:  0.338
L: 3.54, u_super: 0.00628, sec: inf, prod: 0.000000, t_ads: 179.0, t_des: 0.0, bed_util_ads: 0.405, bed_util_des: 0.405, frac_lost: 0.101, li_recovered:  0.000
L: 1.70, u_super: 0.00541, sec: 335506.125, prod: 0.000217, t_ads: 111.0, t_des: 2104.0, bed_util_ads: 0.121, bed_util_des: 0.114, frac_lost: 0.102, li_recovered:  0.481
L: 3.99, u_super: 0.00245, sec: 37047.203, prod: 0.000387, t_ads: 557.0, t_des: 3198.0, bed_util_ads: 0.164, bed_util_des: 0.143, frac_lost: 0.100, li_recovered:  1.452
L: 0.76, u_super: 0.00259, sec: inf, prod: 0.000000, t_ads: 99.0, t_des: 0.0, bed_util_ads: 0.385, bed_util_des: 0.385, frac_lost: 0.102, li_recovered:  0.000
L: 2.94, u_super: 0.00132, sec: 9399.641, prod: 0.000435, t_ads: 717.0, t_des: 1690.0, bed_util_ads: 0.215, bed_util_des: 0.201, frac_lost: 0.100, li_recovered:  1.048
L: 1.97, u_super: 0.00660, sec: 227087.297, prod: 0.000486, t_ads: 104.0, t_des: 336.0, bed_util_ads: 0.242, bed_util_des: 0.239, frac_lost: 0.101, li_recovered:  0.214
==========================================================
n_gen  |  n_eval  | n_nds  |      eps      |   indicator  
==========================================================
     1 |       40 |      4 |             - |             -
L: 0.75, u_super: 0.00206, sec: 21110.541, prod: 0.000480, t_ads: 126.0, t_des: 379.0, bed_util_ads: 0.245, bed_util_des: 0.241, frac_lost: 0.100, li_recovered:  0.242
L: 1.71, u_super: 0.00567, sec: 395646.875, prod: 0.000203, t_ads: 107.0, t_des: 2228.0, bed_util_ads: 0.117, bed_util_des: 0.110, frac_lost: 0.102, li_recovered:  0.475
L: 1.62, u_super: 0.00782, sec: 431150.906, prod: 0.000365, t_ads: 74.0, t_des: 660.0, bed_util_ads: 0.169, bed_util_des: 0.166, frac_lost: 0.103, li_recovered:  0.268
L: 3.53, u_super: 0.00421, sec: 278664.719, prod: 0.000156, t_ads: 271.0, t_des: 353.0, bed_util_ads: 0.304, bed_util_des: 0.303, frac_lost: 0.101, li_recovered:  0.098
L: 2.89, u_super: 0.00667, sec: 428936.469, prod: 0.000263, t_ads: 152.0, t_des: 2136.0, bed_util_ads: 0.134, bed_util_des: 0.125, frac_lost: 0.101, li_recovered:  0.602
L: 0.54, u_super: 0.00264, sec: 34419.777, prod: 0.000485, t_ads: 72.0, t_des: 298.0, bed_util_ads: 0.226, bed_util_des: 0.224, frac_lost: 0.102, li_recovered:  0.179
L: 3.19, u_super: 0.00606, sec: 289246.094, prod: 0.000319, t_ads: 177.0, t_des: 299.0, bed_util_ads: 0.291, bed_util_des: 0.289, frac_lost: 0.101, li_recovered:  0.152
L: 0.99, u_super: 0.00375, sec: 88229.547, prod: 0.000388, t_ads: 93.0, t_des: 715.0, bed_util_ads: 0.176, bed_util_des: 0.172, frac_lost: 0.102, li_recovered:  0.313
L: 3.98, u_super: 0.00193, sec: 19703.195, prod: 0.000449, t_ads: 678.0, t_des: 2028.0, bed_util_ads: 0.200, bed_util_des: 0.183, frac_lost: 0.100, li_recovered:  1.214
L: 3.63, u_super: 0.00422, sec: 103687.953, prod: 0.000422, t_ads: 285.0, t_des: 608.0, bed_util_ads: 0.257, bed_util_des: 0.251, frac_lost: 0.100, li_recovered:  0.377
L: 1.97, u_super: 0.00661, sec: 227937.578, prod: 0.000485, t_ads: 104.0, t_des: 391.0, bed_util_ads: 0.229, bed_util_des: 0.226, frac_lost: 0.101, li_recovered:  0.240
L: 0.63, u_super: 0.00747, sec: 285527.250, prod: 0.000501, t_ads: 31.0, t_des: 88.0, bed_util_ads: 0.273, bed_util_des: 0.272, frac_lost: 0.104, li_recovered:  0.060
L: 2.30, u_super: 0.00941, sec: 1056303.750, prod: 0.000220, t_ads: 85.0, t_des: 127.0, bed_util_ads: 0.318, bed_util_des: 0.317, frac_lost: 0.102, li_recovered:  0.047
L: 1.25, u_super: 0.00468, sec: inf, prod: 0.000000, t_ads: 89.0, t_des: 0.0, bed_util_ads: 0.486, bed_util_des: 0.486, frac_lost: 0.102, li_recovered:  0.000
L: 3.73, u_super: 0.00613, sec: 197899.500, prod: 0.000479, t_ads: 207.0, t_des: 641.0, bed_util_ads: 0.233, bed_util_des: 0.227, frac_lost: 0.101, li_recovered:  0.406
L: 1.73, u_super: 0.00526, sec: 142457.781, prod: 0.000483, t_ads: 114.0, t_des: 351.0, bed_util_ads: 0.244, bed_util_des: 0.241, frac_lost: 0.101, li_recovered:  0.224
L: 3.42, u_super: 0.00408, sec: 257074.969, prod: 0.000159, t_ads: 271.0, t_des: 355.0, bed_util_ads: 0.303, bed_util_des: 0.302, frac_lost: 0.100, li_recovered:  0.099
L: 1.72, u_super: 0.00093, sec: inf, prod: 0.000000, t_ads: 524.0, t_des: 0.0, bed_util_ads: 0.322, bed_util_des: 0.322, frac_lost: 0.100, li_recovered:  0.000
L: 3.86, u_super: 0.00719, sec: 365179.781, prod: 0.000361, t_ads: 181.0, t_des: 333.0, bed_util_ads: 0.282, bed_util_des: 0.280, frac_lost: 0.101, li_recovered:  0.186
L: 1.97, u_super: 0.00526, sec: 144967.625, prod: 0.000474, t_ads: 130.0, t_des: 541.0, bed_util_ads: 0.217, bed_util_des: 0.213, frac_lost: 0.101, li_recovered:  0.318
L: 1.16, u_super: 0.00059, sec: inf, prod: 0.000000, t_ads: 452.0, t_des: 0.0, bed_util_ads: 0.415, bed_util_des: 0.415, frac_lost: 0.100, li_recovered:  0.000
L: 1.09, u_super: 0.00812, sec: 2814000.750, prod: 0.000061, t_ads: 48.0, t_des: 60.0, bed_util_ads: 0.348, bed_util_des: 0.348, frac_lost: 0.105, li_recovered:  0.007
L: 1.94, u_super: 0.00530, sec: 144238.891, prod: 0.000485, t_ads: 127.0, t_des: 394.0, bed_util_ads: 0.242, bed_util_des: 0.239, frac_lost: 0.101, li_recovered:  0.253
L: 1.61, u_super: 0.00503, sec: inf, prod: 0.000000, t_ads: 104.0, t_des: 0.0, bed_util_ads: 0.493, bed_util_des: 0.493, frac_lost: 0.101, li_recovered:  0.000
L: 3.08, u_super: 0.00132, sec: 9573.998, prod: 0.000427, t_ads: 779.0, t_des: 2864.0, bed_util_ads: 0.182, bed_util_des: 0.160, frac_lost: 0.100, li_recovered:  1.557
L: 0.64, u_super: 0.00750, sec: inf, prod: 0.000000, t_ads: 31.0, t_des: 0.0, bed_util_ads: 0.438, bed_util_des: 0.438, frac_lost: 0.104, li_recovered:  0.000
L: 3.88, u_super: 0.00243, sec: 41064.266, prod: 0.000344, t_ads: 550.0, t_des: 3985.0, bed_util_ads: 0.150, bed_util_des: 0.128, frac_lost: 0.100, li_recovered:  1.561
L: 3.92, u_super: 0.00152, sec: inf, prod: 0.000000, t_ads: 709.0, t_des: 0.0, bed_util_ads: 0.293, bed_util_des: 0.293, frac_lost: 0.100, li_recovered:  0.000
L: 1.70, u_super: 0.00461, sec: 279637.656, prod: 0.000188, t_ads: 130.0, t_des: 2946.0, bed_util_ads: 0.111, bed_util_des: 0.103, frac_lost: 0.102, li_recovered:  0.577
L: 3.92, u_super: 0.00245, sec: 40453.270, prod: 0.000354, t_ads: 551.0, t_des: 3786.0, bed_util_ads: 0.153, bed_util_des: 0.132, frac_lost: 0.100, li_recovered:  1.536
L: 2.24, u_super: 0.00119, sec: 14091.598, prod: 0.000237, t_ads: 657.0, t_des: 7991.0, bed_util_ads: 0.120, bed_util_des: 0.091, frac_lost: 0.100, li_recovered:  2.050
L: 1.48, u_super: 0.00635, sec: inf, prod: 0.000000, t_ads: 80.0, t_des: 0.0, bed_util_ads: 0.405, bed_util_des: 0.405, frac_lost: 0.102, li_recovered:  0.000
L: 3.03, u_super: 0.00864, sec: 410208.406, prod: 0.000473, t_ads: 121.0, t_des: 346.0, bed_util_ads: 0.249, bed_util_des: 0.246, frac_lost: 0.100, li_recovered:  0.221
L: 0.57, u_super: 0.00782, sec: 457997.938, prod: 0.000343, t_ads: 27.0, t_des: 299.0, bed_util_ads: 0.166, bed_util_des: 0.165, frac_lost: 0.104, li_recovered:  0.112
L: 3.00, u_super: 0.00181, sec: 17230.100, prod: 0.000451, t_ads: 540.0, t_des: 1351.0, bed_util_ads: 0.222, bed_util_des: 0.210, frac_lost: 0.100, li_recovered:  0.853
L: 0.58, u_super: 0.00247, sec: 30180.393, prod: 0.000484, t_ads: 83.0, t_des: 329.0, bed_util_ads: 0.228, bed_util_des: 0.225, frac_lost: 0.101, li_recovered:  0.200
L: 3.83, u_super: 0.00312, sec: 51786.855, prod: 0.000455, t_ads: 404.0, t_des: 1011.0, bed_util_ads: 0.232, bed_util_des: 0.223, frac_lost: 0.100, li_recovered:  0.644
L: 1.27, u_super: 0.00543, sec: 625910.688, prod: 0.000118, t_ads: 83.0, t_des: 3448.0, bed_util_ads: 0.088, bed_util_des: 0.082, frac_lost: 0.100, li_recovered:  0.416
L: 0.52, u_super: 0.00651, sec: 213468.734, prod: 0.000502, t_ads: 30.0, t_des: 154.0, bed_util_ads: 0.223, bed_util_des: 0.222, frac_lost: 0.109, li_recovered:  0.092
L: 1.03, u_super: 0.00809, sec: 2054666.375, prod: 0.000082, t_ads: 46.0, t_des: 59.0, bed_util_ads: 0.346, bed_util_des: 0.346, frac_lost: 0.105, li_recovered:  0.009
     2 |       80 |      6 |  0.0265532419 |             f
L: 0.60, u_super: 0.00770, sec: 296515.188, prod: 0.000514, t_ads: 29.0, t_des: 80.0, bed_util_ads: 0.279, bed_util_des: 0.278, frac_lost: 0.108, li_recovered:  0.056
L: 2.94, u_super: 0.00142, sec: 10686.656, prod: 0.000442, t_ads: 672.0, t_des: 1651.0, bed_util_ads: 0.215, bed_util_des: 0.201, frac_lost: 0.100, li_recovered:  1.028
L: 0.77, u_super: 0.00796, sec: 328868.656, prod: 0.000496, t_ads: 35.0, t_des: 109.0, bed_util_ads: 0.261, bed_util_des: 0.260, frac_lost: 0.102, li_recovered:  0.071
L: 0.67, u_super: 0.00221, sec: 24586.852, prod: 0.000476, t_ads: 104.0, t_des: 301.0, bed_util_ads: 0.251, bed_util_des: 0.248, frac_lost: 0.100, li_recovered:  0.193
L: 3.51, u_super: 0.00868, sec: 405660.688, prod: 0.000484, t_ads: 140.0, t_des: 511.0, bed_util_ads: 0.227, bed_util_des: 0.222, frac_lost: 0.101, li_recovered:  0.315
L: 2.92, u_super: 0.00182, sec: 17749.322, prod: 0.000444, t_ads: 521.0, t_des: 1226.0, bed_util_ads: 0.228, bed_util_des: 0.217, frac_lost: 0.100, li_recovered:  0.775
L: 0.64, u_super: 0.00526, sec: 140847.016, prod: 0.000488, t_ads: 44.0, t_des: 207.0, bed_util_ads: 0.223, bed_util_des: 0.222, frac_lost: 0.104, li_recovered:  0.123
L: 2.09, u_super: 0.00401, sec: 82143.273, prod: 0.000479, t_ads: 179.0, t_des: 680.0, bed_util_ads: 0.219, bed_util_des: 0.213, frac_lost: 0.101, li_recovered:  0.411
L: 2.18, u_super: 0.00119, sec: 11593.633, prod: 0.000288, t_ads: 636.0, t_des: 5886.0, bed_util_ads: 0.134, bed_util_des: 0.107, frac_lost: 0.100, li_recovered:  1.879
L: 0.52, u_super: 0.00628, sec: 198319.953, prod: 0.000502, t_ads: 31.0, t_des: 158.0, bed_util_ads: 0.223, bed_util_des: 0.222, frac_lost: 0.109, li_recovered:  0.095
L: 0.94, u_super: 0.00372, sec: 71844.977, prod: 0.000471, t_ads: 88.0, t_des: 400.0, bed_util_ads: 0.216, bed_util_des: 0.212, frac_lost: 0.100, li_recovered:  0.230
L: 1.76, u_super: 0.00526, sec: 142618.828, prod: 0.000482, t_ads: 116.0, t_des: 356.0, bed_util_ads: 0.244, bed_util_des: 0.241, frac_lost: 0.101, li_recovered:  0.228
L: 2.81, u_super: 0.00651, sec: 227651.219, prod: 0.000471, t_ads: 149.0, t_des: 636.0, bed_util_ads: 0.213, bed_util_des: 0.208, frac_lost: 0.100, li_recovered:  0.370
L: 2.81, u_super: 0.00132, sec: 33476.625, prod: 0.000122, t_ads: 631.0, t_des: 704.0, bed_util_ads: 0.278, bed_util_des: 0.275, frac_lost: 0.100, li_recovered:  0.163
L: 2.22, u_super: 0.00164, sec: 15238.940, prod: 0.000418, t_ads: 461.0, t_des: 2342.0, bed_util_ads: 0.176, bed_util_des: 0.160, frac_lost: 0.100, li_recovered:  1.172
L: 1.71, u_super: 0.00212, sec: 26306.926, prod: 0.000409, t_ads: 276.0, t_des: 1659.0, bed_util_ads: 0.177, bed_util_des: 0.166, frac_lost: 0.100, li_recovered:  0.792
L: 3.88, u_super: 0.00320, sec: 75758.445, prod: 0.000328, t_ads: 419.0, t_des: 3571.0, bed_util_ads: 0.146, bed_util_des: 0.128, frac_lost: 0.100, li_recovered:  1.307
L: 1.10, u_super: 0.00153, sec: 13168.001, prod: 0.000422, t_ads: 239.0, t_des: 512.0, bed_util_ads: 0.261, bed_util_des: 0.257, frac_lost: 0.100, li_recovered:  0.317
L: 0.59, u_super: 0.00528, sec: 148730.469, prod: 0.000467, t_ads: 40.0, t_des: 212.0, bed_util_ads: 0.214, bed_util_des: 0.212, frac_lost: 0.101, li_recovered:  0.118
L: 1.97, u_super: 0.00526, sec: 145916.750, prod: 0.000471, t_ads: 130.0, t_des: 557.0, bed_util_ads: 0.215, bed_util_des: 0.210, frac_lost: 0.100, li_recovered:  0.324
L: 3.98, u_super: 0.00170, sec: 15505.891, prod: 0.000443, t_ads: 762.0, t_des: 2115.0, bed_util_ads: 0.201, bed_util_des: 0.183, frac_lost: 0.100, li_recovered:  1.274
L: 1.62, u_super: 0.00772, sec: 499112.594, prod: 0.000307, t_ads: 75.0, t_des: 893.0, bed_util_ads: 0.151, bed_util_des: 0.147, frac_lost: 0.103, li_recovered:  0.297
L: 0.54, u_super: 0.00264, sec: 35734.141, prod: 0.000467, t_ads: 72.0, t_des: 184.0, bed_util_ads: 0.269, bed_util_des: 0.267, frac_lost: 0.103, li_recovered:  0.120
L: 3.13, u_super: 0.00132, sec: 9926.742, prod: 0.000412, t_ads: 796.0, t_des: 3276.0, bed_util_ads: 0.174, bed_util_des: 0.150, frac_lost: 0.100, li_recovered:  1.679
L: 3.83, u_super: 0.00220, sec: 30979.418, prod: 0.000371, t_ads: 551.0, t_des: 981.0, bed_util_ads: 0.248, bed_util_des: 0.240, frac_lost: 0.100, li_recovered:  0.569
L: 3.91, u_super: 0.00243, sec: 42561.496, prod: 0.000333, t_ads: 555.0, t_des: 4241.0, bed_util_ads: 0.147, bed_util_des: 0.124, frac_lost: 0.100, li_recovered:  1.598
L: 0.52, u_super: 0.00264, sec: 34357.887, prod: 0.000486, t_ads: 70.0, t_des: 298.0, bed_util_ads: 0.225, bed_util_des: 0.222, frac_lost: 0.102, li_recovered:  0.179
L: 3.40, u_super: 0.00144, sec: 471722.906, prod: 0.000010, t_ads: 675.0, t_des: 605.0, bed_util_ads: 0.284, bed_util_des: 0.284, frac_lost: 0.100, li_recovered:  0.013
L: 3.88, u_super: 0.00243, sec: 44924.242, prod: 0.000315, t_ads: 553.0, t_des: 4673.0, bed_util_ads: 0.141, bed_util_des: 0.118, frac_lost: 0.100, li_recovered:  1.644
L: 0.87, u_super: 0.00651, sec: 237592.641, prod: 0.000452, t_ads: 48.0, t_des: 279.0, bed_util_ads: 0.205, bed_util_des: 0.203, frac_lost: 0.102, li_recovered:  0.148
L: 0.56, u_super: 0.00253, sec: 31684.990, prod: 0.000483, t_ads: 78.0, t_des: 312.0, bed_util_ads: 0.228, bed_util_des: 0.225, frac_lost: 0.101, li_recovered:  0.188
L: 0.66, u_super: 0.00181, sec: 16469.691, prod: 0.000472, t_ads: 127.0, t_des: 555.0, bed_util_ads: 0.214, bed_util_des: 0.209, frac_lost: 0.101, li_recovered:  0.322
L: 3.10, u_super: 0.00628, sec: 212082.203, prod: 0.000470, t_ads: 168.0, t_des: 462.0, bed_util_ads: 0.247, bed_util_des: 0.243, frac_lost: 0.100, li_recovered:  0.296
L: 0.51, u_super: 0.00833, sec: 367213.406, prod: 0.000489, t_ads: 23.0, t_des: 122.0, bed_util_ads: 0.223, bed_util_des: 0.222, frac_lost: 0.103, li_recovered:  0.071
L: 3.31, u_super: 0.00237, sec: 73616.625, prod: 0.000182, t_ads: 434.0, t_des: 561.0, bed_util_ads: 0.286, bed_util_des: 0.284, frac_lost: 0.100, li_recovered:  0.181
L: 3.52, u_super: 0.00206, sec: 26878.330, prod: 0.000377, t_ads: 541.0, t_des: 978.0, bed_util_ads: 0.248, bed_util_des: 0.240, frac_lost: 0.100, li_recovered:  0.573
L: 2.11, u_super: 0.00135, sec: 11148.303, prod: 0.000384, t_ads: 500.0, t_des: 924.0, bed_util_ads: 0.249, bed_util_des: 0.242, frac_lost: 0.100, li_recovered:  0.546
L: 3.00, u_super: 0.00181, sec: 17342.568, prod: 0.000448, t_ads: 539.0, t_des: 1313.0, bed_util_ads: 0.224, bed_util_des: 0.213, frac_lost: 0.100, li_recovered:  0.830
L: 0.75, u_super: 0.00212, sec: 22117.055, prod: 0.000484, t_ads: 123.0, t_des: 389.0, bed_util_ads: 0.241, bed_util_des: 0.238, frac_lost: 0.101, li_recovered:  0.248
L: 3.73, u_super: 0.00131, sec: 19628.348, prod: 0.000206, t_ads: 829.0, t_des: 1028.0, bed_util_ads: 0.255, bed_util_des: 0.250, frac_lost: 0.100, li_recovered:  0.383
     3 |      120 |      8 |  0.0838684658 |         ideal
L: 0.77, u_super: 0.00518, sec: 137912.312, prod: 0.000484, t_ads: 53.0, t_des: 239.0, bed_util_ads: 0.224, bed_util_des: 0.222, frac_lost: 0.102, li_recovered:  0.141
L: 2.18, u_super: 0.00690, sec: 316005.281, prod: 0.000383, t_ads: 109.0, t_des: 214.0, bed_util_ads: 0.287, bed_util_des: 0.285, frac_lost: 0.102, li_recovered:  0.124
L: 0.60, u_super: 0.00770, sec: 301496.781, prod: 0.000505, t_ads: 29.0, t_des: 80.0, bed_util_ads: 0.278, bed_util_des: 0.278, frac_lost: 0.108, li_recovered:  0.055
L: 0.89, u_super: 0.00328, sec: 55015.637, prod: 0.000473, t_ads: 96.0, t_des: 445.0, bed_util_ads: 0.214, bed_util_des: 0.210, frac_lost: 0.102, li_recovered:  0.256
L: 0.66, u_super: 0.00628, sec: 207529.141, prod: 0.000480, t_ads: 38.0, t_des: 179.0, bed_util_ads: 0.224, bed_util_des: 0.222, frac_lost: 0.100, li_recovered:  0.104
L: 2.11, u_super: 0.00164, sec: 15319.375, prod: 0.000416, t_ads: 438.0, t_des: 2286.0, bed_util_ads: 0.176, bed_util_des: 0.160, frac_lost: 0.100, li_recovered:  1.133
L: 2.94, u_super: 0.00132, sec: 12922.323, prod: 0.000317, t_ads: 684.0, t_des: 1064.0, bed_util_ads: 0.249, bed_util_des: 0.241, frac_lost: 0.100, li_recovered:  0.554
L: 2.95, u_super: 0.00515, sec: 139368.344, prod: 0.000472, t_ads: 195.0, t_des: 540.0, bed_util_ads: 0.244, bed_util_des: 0.239, frac_lost: 0.101, li_recovered:  0.347
L: 3.12, u_super: 0.00220, sec: 25983.596, prod: 0.000446, t_ads: 463.0, t_des: 1091.0, bed_util_ads: 0.233, bed_util_des: 0.223, frac_lost: 0.100, li_recovered:  0.693
L: 3.01, u_super: 0.00135, sec: 13837.682, prod: 0.000309, t_ads: 683.0, t_des: 1046.0, bed_util_ads: 0.251, bed_util_des: 0.243, frac_lost: 0.100, li_recovered:  0.534
L: 0.66, u_super: 0.00633, sec: 216430.641, prod: 0.000467, t_ads: 38.0, t_des: 207.0, bed_util_ads: 0.213, bed_util_des: 0.211, frac_lost: 0.103, li_recovered:  0.114
L: 2.10, u_super: 0.00717, sec: 308172.125, prod: 0.000426, t_ads: 102.0, t_des: 223.0, bed_util_ads: 0.278, bed_util_des: 0.276, frac_lost: 0.102, li_recovered:  0.138
L: 0.62, u_super: 0.00747, sec: 273124.000, prod: 0.000524, t_ads: 31.0, t_des: 90.0, bed_util_ads: 0.273, bed_util_des: 0.272, frac_lost: 0.109, li_recovered:  0.063
L: 2.06, u_super: 0.00557, sec: 170491.594, prod: 0.000454, t_ads: 129.0, t_des: 660.0, bed_util_ads: 0.202, bed_util_des: 0.197, frac_lost: 0.102, li_recovered:  0.358
L: 3.13, u_super: 0.00814, sec: 383438.781, prod: 0.000447, t_ads: 132.0, t_des: 315.0, bed_util_ads: 0.265, bed_util_des: 0.262, frac_lost: 0.101, li_recovered:  0.200
L: 3.08, u_super: 0.00649, sec: 220417.688, prod: 0.000483, t_ads: 163.0, t_des: 558.0, bed_util_ads: 0.229, bed_util_des: 0.225, frac_lost: 0.101, li_recovered:  0.349
L: 0.52, u_super: 0.00636, sec: 209335.578, prod: 0.000489, t_ads: 30.0, t_des: 150.0, bed_util_ads: 0.223, bed_util_des: 0.222, frac_lost: 0.103, li_recovered:  0.088
L: 3.09, u_super: 0.00256, sec: 49137.184, prod: 0.000320, t_ads: 418.0, t_des: 3710.0, bed_util_ads: 0.144, bed_util_des: 0.126, frac_lost: 0.100, li_recovered:  1.321
L: 3.01, u_super: 0.00181, sec: 17247.398, prod: 0.000450, t_ads: 542.0, t_des: 1353.0, bed_util_ads: 0.222, bed_util_des: 0.210, frac_lost: 0.100, li_recovered:  0.854
L: 0.63, u_super: 0.00176, sec: 45012.227, prod: 0.000164, t_ads: 126.0, t_des: 3393.0, bed_util_ads: 0.103, bed_util_des: 0.095, frac_lost: 0.101, li_recovered:  0.576
L: 0.66, u_super: 0.00796, sec: 408352.531, prod: 0.000400, t_ads: 31.0, t_des: 61.0, bed_util_ads: 0.310, bed_util_des: 0.310, frac_lost: 0.109, li_recovered:  0.037
L: 3.00, u_super: 0.00181, sec: 17795.062, prod: 0.000437, t_ads: 536.0, t_des: 1208.0, bed_util_ads: 0.231, bed_util_des: 0.220, frac_lost: 0.100, li_recovered:  0.762
L: 0.52, u_super: 0.00181, sec: 16613.730, prod: 0.000468, t_ads: 100.0, t_des: 460.0, bed_util_ads: 0.213, bed_util_des: 0.209, frac_lost: 0.101, li_recovered:  0.262
L: 2.11, u_super: 0.00135, sec: 11122.649, prod: 0.000384, t_ads: 500.0, t_des: 925.0, bed_util_ads: 0.249, bed_util_des: 0.242, frac_lost: 0.100, li_recovered:  0.548
L: 1.77, u_super: 0.00585, sec: 244692.578, prod: 0.000351, t_ads: 106.0, t_des: 962.0, bed_util_ads: 0.163, bed_util_des: 0.158, frac_lost: 0.100, li_recovered:  0.375
L: 1.93, u_super: 0.00199, sec: 19810.230, prod: 0.000474, t_ads: 327.0, t_des: 1014.0, bed_util_ads: 0.222, bed_util_des: 0.213, frac_lost: 0.100, li_recovered:  0.635
L: 0.51, u_super: 0.00857, sec: 640429.688, prod: 0.000298, t_ads: 23.0, t_des: 343.0, bed_util_ads: 0.151, bed_util_des: 0.149, frac_lost: 0.111, li_recovered:  0.109
L: 2.10, u_super: 0.00145, sec: 12047.104, prod: 0.000412, t_ads: 467.0, t_des: 947.0, bed_util_ads: 0.244, bed_util_des: 0.236, frac_lost: 0.100, li_recovered:  0.583
L: 1.67, u_super: 0.00208, sec: 21704.332, prod: 0.000475, t_ads: 271.0, t_des: 940.0, bed_util_ads: 0.217, bed_util_des: 0.209, frac_lost: 0.100, li_recovered:  0.575
L: 0.60, u_super: 0.00190, sec: 18064.379, prod: 0.000476, t_ads: 109.0, t_des: 454.0, bed_util_ads: 0.220, bed_util_des: 0.216, frac_lost: 0.100, li_recovered:  0.268
L: 0.62, u_super: 0.00737, sec: 283947.531, prod: 0.000489, t_ads: 31.0, t_des: 153.0, bed_util_ads: 0.224, bed_util_des: 0.223, frac_lost: 0.102, li_recovered:  0.090
L: 0.64, u_super: 0.00526, sec: 135053.406, prod: 0.000509, t_ads: 44.0, t_des: 170.0, bed_util_ads: 0.240, bed_util_des: 0.239, frac_lost: 0.106, li_recovered:  0.109
L: 0.63, u_super: 0.00114, sec: 8799.876, prod: 0.000346, t_ads: 192.0, t_des: 1693.0, bed_util_ads: 0.158, bed_util_des: 0.149, frac_lost: 0.100, li_recovered:  0.652
L: 1.97, u_super: 0.00623, sec: 202230.094, prod: 0.000484, t_ads: 110.0, t_des: 408.0, bed_util_ads: 0.229, bed_util_des: 0.226, frac_lost: 0.101, li_recovered:  0.251
L: 3.08, u_super: 0.00124, sec: 8463.886, prod: 0.000425, t_ads: 828.0, t_des: 2960.0, bed_util_ads: 0.181, bed_util_des: 0.159, frac_lost: 0.100, li_recovered:  1.610
L: 2.18, u_super: 0.00119, sec: 11723.840, prod: 0.000285, t_ads: 637.0, t_des: 6006.0, bed_util_ads: 0.133, bed_util_des: 0.106, frac_lost: 0.100, li_recovered:  1.893
L: 2.87, u_super: 0.00179, sec: 16807.154, prod: 0.000454, t_ads: 524.0, t_des: 1334.0, bed_util_ads: 0.222, bed_util_des: 0.210, frac_lost: 0.100, li_recovered:  0.843
L: 0.52, u_super: 0.00651, sec: 362955.312, prod: 0.000295, t_ads: 30.0, t_des: 430.0, bed_util_ads: 0.150, bed_util_des: 0.148, frac_lost: 0.108, li_recovered:  0.136
L: 0.64, u_super: 0.00526, sec: 136618.500, prod: 0.000503, t_ads: 44.0, t_des: 154.0, bed_util_ads: 0.248, bed_util_des: 0.247, frac_lost: 0.104, li_recovered:  0.100
L: 3.08, u_super: 0.00099, sec: 5535.432, prod: 0.000419, t_ads: 1014.0, t_des: 3083.0, bed_util_ads: 0.184, bed_util_des: 0.160, frac_lost: 0.100, li_recovered:  1.718
     4 |      160 |     11 |  0.0964943661 |         ideal
L: 0.60, u_super: 0.00265, sec: 34866.305, prod: 0.000485, t_ads: 80.0, t_des: 332.0, bed_util_ads: 0.225, bed_util_des: 0.222, frac_lost: 0.102, li_recovered:  0.200
L: 0.52, u_super: 0.00133, sec: 9070.833, prod: 0.000462, t_ads: 136.0, t_des: 656.0, bed_util_ads: 0.206, bed_util_des: 0.200, frac_lost: 0.102, li_recovered:  0.366
L: 0.60, u_super: 0.00770, sec: 302048.562, prod: 0.000504, t_ads: 29.0, t_des: 80.0, bed_util_ads: 0.278, bed_util_des: 0.278, frac_lost: 0.109, li_recovered:  0.055
L: 2.94, u_super: 0.00132, sec: 13951.329, prod: 0.000293, t_ads: 679.0, t_des: 1010.0, bed_util_ads: 0.253, bed_util_des: 0.246, frac_lost: 0.100, li_recovered:  0.495
L: 0.52, u_super: 0.00526, sec: 136699.453, prod: 0.000503, t_ads: 36.0, t_des: 144.0, bed_util_ads: 0.239, bed_util_des: 0.238, frac_lost: 0.103, li_recovered:  0.090
L: 1.91, u_super: 0.00179, sec: 16162.265, prod: 0.000472, t_ads: 358.0, t_des: 1214.0, bed_util_ads: 0.212, bed_util_des: 0.202, frac_lost: 0.101, li_recovered:  0.742
L: 2.98, u_super: 0.00142, sec: 10719.101, prod: 0.000441, t_ads: 679.0, t_des: 1655.0, bed_util_ads: 0.215, bed_util_des: 0.201, frac_lost: 0.100, li_recovered:  1.030
L: 3.08, u_super: 0.00763, sec: 521009.219, prod: 0.000287, t_ads: 142.0, t_des: 1771.0, bed_util_ads: 0.141, bed_util_des: 0.133, frac_lost: 0.101, li_recovered:  0.548
L: 2.15, u_super: 0.00173, sec: 15196.149, prod: 0.000466, t_ads: 412.0, t_des: 1143.0, bed_util_ads: 0.224, bed_util_des: 0.213, frac_lost: 0.100, li_recovered:  0.725
L: 3.14, u_super: 0.00108, sec: inf, prod: 0.000000, t_ads: 802.0, t_des: 0.0, bed_util_ads: 0.278, bed_util_des: 0.278, frac_lost: 0.100, li_recovered:  0.000
L: 3.17, u_super: 0.00137, sec: 12881.533, prod: 0.000343, t_ads: 713.0, t_des: 1172.0, bed_util_ads: 0.243, bed_util_des: 0.234, frac_lost: 0.100, li_recovered:  0.647
L: 2.19, u_super: 0.00521, sec: 141704.938, prod: 0.000476, t_ads: 145.0, t_des: 581.0, bed_util_ads: 0.218, bed_util_des: 0.213, frac_lost: 0.100, li_recovered:  0.345
L: 2.08, u_super: 0.00146, sec: 11545.313, prod: 0.000437, t_ads: 463.0, t_des: 1039.0, bed_util_ads: 0.236, bed_util_des: 0.227, frac_lost: 0.100, li_recovered:  0.656
L: 1.13, u_super: 0.00714, sec: 283935.969, prod: 0.000457, t_ads: 56.0, t_des: 140.0, bed_util_ads: 0.274, bed_util_des: 0.272, frac_lost: 0.100, li_recovered:  0.090
L: 0.52, u_super: 0.00264, sec: 53461.887, prod: 0.000312, t_ads: 70.0, t_des: 804.0, bed_util_ads: 0.153, bed_util_des: 0.149, frac_lost: 0.101, li_recovered:  0.273
L: 0.57, u_super: 0.00259, sec: 33058.816, prod: 0.000486, t_ads: 77.0, t_des: 309.0, bed_util_ads: 0.228, bed_util_des: 0.225, frac_lost: 0.102, li_recovered:  0.187
L: 3.20, u_super: 0.00110, sec: 6756.643, prod: 0.000422, t_ads: 953.0, t_des: 3026.0, bed_util_ads: 0.184, bed_util_des: 0.160, frac_lost: 0.100, li_recovered:  1.681
L: 0.64, u_super: 0.00153, sec: 11558.735, prod: 0.000481, t_ads: 143.0, t_des: 426.0, bed_util_ads: 0.244, bed_util_des: 0.240, frac_lost: 0.101, li_recovered:  0.273
L: 2.22, u_super: 0.00164, sec: 15069.969, prod: 0.000425, t_ads: 459.0, t_des: 2234.0, bed_util_ads: 0.179, bed_util_des: 0.163, frac_lost: 0.100, li_recovered:  1.144
L: 0.53, u_super: 0.00524, sec: 131812.656, prod: 0.000518, t_ads: 37.0, t_des: 146.0, bed_util_ads: 0.242, bed_util_des: 0.240, frac_lost: 0.107, li_recovered:  0.095
L: 2.94, u_super: 0.00649, sec: 221058.594, prod: 0.000482, t_ads: 156.0, t_des: 554.0, bed_util_ads: 0.227, bed_util_des: 0.222, frac_lost: 0.101, li_recovered:  0.343
L: 0.52, u_super: 0.00585, sec: 172574.359, prod: 0.000498, t_ads: 33.0, t_des: 165.0, bed_util_ads: 0.224, bed_util_des: 0.222, frac_lost: 0.107, li_recovered:  0.099
L: 0.67, u_super: 0.00526, sec: 222687.031, prod: 0.000309, t_ads: 46.0, t_des: 567.0, bed_util_ads: 0.153, bed_util_des: 0.151, frac_lost: 0.103, li_recovered:  0.189
L: 0.64, u_super: 0.00245, sec: 31983.580, prod: 0.000451, t_ads: 91.0, t_des: 490.0, bed_util_ads: 0.202, bed_util_des: 0.199, frac_lost: 0.101, li_recovered:  0.262
L: 2.88, u_super: 0.00412, sec: 86710.398, prod: 0.000479, t_ads: 238.0, t_des: 826.0, bed_util_ads: 0.221, bed_util_des: 0.213, frac_lost: 0.101, li_recovered:  0.510
L: 0.52, u_super: 0.00247, sec: 29403.486, prod: 0.000497, t_ads: 74.0, t_des: 271.0, bed_util_ads: 0.237, bed_util_des: 0.235, frac_lost: 0.104, li_recovered:  0.172
L: 0.62, u_super: 0.00100, sec: 7359.003, prod: 0.000318, t_ads: 207.0, t_des: 347.0, bed_util_ads: 0.288, bed_util_des: 0.286, frac_lost: 0.101, li_recovered:  0.176
L: 0.73, u_super: 0.00770, sec: 308857.969, prod: 0.000493, t_ads: 35.0, t_des: 92.0, bed_util_ads: 0.279, bed_util_des: 0.278, frac_lost: 0.106, li_recovered:  0.063
L: 2.69, u_super: 0.00137, sec: 10417.735, prod: 0.000427, t_ads: 658.0, t_des: 2706.0, bed_util_ads: 0.180, bed_util_des: 0.160, frac_lost: 0.100, li_recovered:  1.437
L: 0.60, u_super: 0.00791, sec: 489937.312, prod: 0.000329, t_ads: 28.0, t_des: 331.0, bed_util_ads: 0.162, bed_util_des: 0.160, frac_lost: 0.104, li_recovered:  0.118
L: 0.56, u_super: 0.00765, sec: 372758.062, prod: 0.000403, t_ads: 27.0, t_des: 224.0, bed_util_ads: 0.186, bed_util_des: 0.185, frac_lost: 0.104, li_recovered:  0.101
L: 0.55, u_super: 0.00142, sec: 9977.722, prod: 0.000477, t_ads: 134.0, t_des: 407.0, bed_util_ads: 0.242, bed_util_des: 0.239, frac_lost: 0.100, li_recovered:  0.258
L: 2.89, u_super: 0.00178, sec: 25092.016, prod: 0.000300, t_ads: 508.0, t_des: 781.0, bed_util_ads: 0.264, bed_util_des: 0.259, frac_lost: 0.100, li_recovered:  0.387
L: 0.62, u_super: 0.00212, sec: 25283.188, prod: 0.000424, t_ads: 103.0, t_des: 654.0, bed_util_ads: 0.189, bed_util_des: 0.184, frac_lost: 0.102, li_recovered:  0.321
L: 0.63, u_super: 0.00114, sec: 6323.449, prod: 0.000481, t_ads: 189.0, t_des: 642.0, bed_util_ads: 0.227, bed_util_des: 0.222, frac_lost: 0.101, li_recovered:  0.400
L: 0.78, u_super: 0.00512, sec: 136220.812, prod: 0.000478, t_ads: 54.0, t_des: 241.0, bed_util_ads: 0.223, bed_util_des: 0.221, frac_lost: 0.100, li_recovered:  0.141
L: 0.51, u_super: 0.00526, sec: 137411.312, prod: 0.000500, t_ads: 35.0, t_des: 128.0, bed_util_ads: 0.247, bed_util_des: 0.245, frac_lost: 0.101, li_recovered:  0.082
L: 0.82, u_super: 0.00526, sec: 139053.016, prod: 0.000495, t_ads: 56.0, t_des: 167.0, bed_util_ads: 0.259, bed_util_des: 0.257, frac_lost: 0.104, li_recovered:  0.110
L: 2.11, u_super: 0.00134, sec: 10741.660, prod: 0.000396, t_ads: 503.0, t_des: 961.0, bed_util_ads: 0.247, bed_util_des: 0.238, frac_lost: 0.100, li_recovered:  0.579
L: 2.87, u_super: 0.00179, sec: 17472.383, prod: 0.000437, t_ads: 519.0, t_des: 1169.0, bed_util_ads: 0.232, bed_util_des: 0.222, frac_lost: 0.100, li_recovered:  0.737
     5 |      200 |      6 |  0.0421467550 |             f
L: 3.07, u_super: 0.00155, sec: 13405.873, prod: 0.000423, t_ads: 666.0, t_des: 2817.0, bed_util_ads: 0.178, bed_util_des: 0.157, frac_lost: 0.100, li_recovered:  1.472
L: 3.07, u_super: 0.00103, sec: 5892.354, prod: 0.000421, t_ads: 979.0, t_des: 3054.0, bed_util_ads: 0.184, bed_util_des: 0.160, frac_lost: 0.100, li_recovered:  1.697
L: 0.52, u_super: 0.00264, sec: 34553.797, prod: 0.000483, t_ads: 69.0, t_des: 293.0, bed_util_ads: 0.225, bed_util_des: 0.222, frac_lost: 0.101, li_recovered:  0.175
L: 0.60, u_super: 0.00259, sec: 37886.672, prod: 0.000424, t_ads: 81.0, t_des: 180.0, bed_util_ads: 0.279, bed_util_des: 0.278, frac_lost: 0.101, li_recovered:  0.111
L: 2.95, u_super: 0.00133, sec: 9609.856, prod: 0.000437, t_ads: 711.0, t_des: 1688.0, bed_util_ads: 0.215, bed_util_des: 0.200, frac_lost: 0.100, li_recovered:  1.047
L: 3.89, u_super: 0.00225, sec: 26695.986, prod: 0.000451, t_ads: 565.0, t_des: 1437.0, bed_util_ads: 0.219, bed_util_des: 0.207, frac_lost: 0.100, li_recovered:  0.904
L: 0.64, u_super: 0.00526, sec: 138914.234, prod: 0.000495, t_ads: 44.0, t_des: 189.0, bed_util_ads: 0.230, bed_util_des: 0.229, frac_lost: 0.103, li_recovered:  0.115
L: 0.86, u_super: 0.00526, sec: 136356.422, prod: 0.000504, t_ads: 59.0, t_des: 209.0, bed_util_ads: 0.243, bed_util_des: 0.242, frac_lost: 0.105, li_recovered:  0.135
L: 0.62, u_super: 0.00742, sec: 281972.281, prod: 0.000500, t_ads: 31.0, t_des: 84.0, bed_util_ads: 0.278, bed_util_des: 0.278, frac_lost: 0.106, li_recovered:  0.058
L: 0.52, u_super: 0.00747, sec: 273407.438, prod: 0.000523, t_ads: 26.0, t_des: 109.0, bed_util_ads: 0.242, bed_util_des: 0.241, frac_lost: 0.108, li_recovered:  0.071
L: 3.08, u_super: 0.00099, sec: 9783.585, prod: 0.000237, t_ads: 903.0, t_des: 1177.0, bed_util_ads: 0.247, bed_util_des: 0.240, frac_lost: 0.100, li_recovered:  0.494
L: 0.75, u_super: 0.00212, sec: 22151.379, prod: 0.000482, t_ads: 123.0, t_des: 388.0, bed_util_ads: 0.241, bed_util_des: 0.238, frac_lost: 0.101, li_recovered:  0.246
L: 0.62, u_super: 0.00080, sec: 3231.167, prod: 0.000467, t_ads: 260.0, t_des: 685.0, bed_util_ads: 0.241, bed_util_des: 0.235, frac_lost: 0.101, li_recovered:  0.441
L: 0.52, u_super: 0.00142, sec: 10322.621, prod: 0.000462, t_ads: 128.0, t_des: 624.0, bed_util_ads: 0.206, bed_util_des: 0.201, frac_lost: 0.102, li_recovered:  0.347
L: 0.60, u_super: 0.00770, sec: 300058.531, prod: 0.000507, t_ads: 29.0, t_des: 84.0, bed_util_ads: 0.273, bed_util_des: 0.272, frac_lost: 0.107, li_recovered:  0.057
L: 0.51, u_super: 0.00653, sec: 211132.062, prod: 0.000511, t_ads: 29.0, t_des: 122.0, bed_util_ads: 0.239, bed_util_des: 0.238, frac_lost: 0.104, li_recovered:  0.077
L: 0.53, u_super: 0.00524, sec: 132103.125, prod: 0.000517, t_ads: 37.0, t_des: 147.0, bed_util_ads: 0.241, bed_util_des: 0.240, frac_lost: 0.107, li_recovered:  0.095
L: 0.85, u_super: 0.00813, sec: 357995.594, prod: 0.000477, t_ads: 38.0, t_des: 98.0, bed_util_ads: 0.279, bed_util_des: 0.278, frac_lost: 0.105, li_recovered:  0.065
L: 0.66, u_super: 0.00264, sec: 34114.660, prod: 0.000489, t_ads: 88.0, t_des: 290.0, bed_util_ads: 0.243, bed_util_des: 0.240, frac_lost: 0.102, li_recovered:  0.185
L: 0.62, u_super: 0.00494, sec: 120839.492, prod: 0.000501, t_ads: 45.0, t_des: 165.0, bed_util_ads: 0.244, bed_util_des: 0.242, frac_lost: 0.104, li_recovered:  0.105
L: 3.08, u_super: 0.00128, sec: 9101.096, prod: 0.000427, t_ads: 798.0, t_des: 2885.0, bed_util_ads: 0.182, bed_util_des: 0.160, frac_lost: 0.100, li_recovered:  1.573
L: 0.56, u_super: 0.00770, sec: 309062.781, prod: 0.000493, t_ads: 27.0, t_des: 132.0, bed_util_ads: 0.227, bed_util_des: 0.226, frac_lost: 0.104, li_recovered:  0.078
L: 0.55, u_super: 0.00142, sec: 9790.349, prod: 0.000483, t_ads: 134.0, t_des: 485.0, bed_util_ads: 0.228, bed_util_des: 0.224, frac_lost: 0.101, li_recovered:  0.299
L: 0.60, u_super: 0.00266, sec: 40562.766, prod: 0.000418, t_ads: 80.0, t_des: 534.0, bed_util_ads: 0.188, bed_util_des: 0.185, frac_lost: 0.102, li_recovered:  0.257
L: 0.51, u_super: 0.00492, sec: 116385.172, prod: 0.000516, t_ads: 38.0, t_des: 136.0, bed_util_ads: 0.250, bed_util_des: 0.248, frac_lost: 0.107, li_recovered:  0.090
L: 0.64, u_super: 0.00100, sec: 7157.765, prod: 0.000327, t_ads: 212.0, t_des: 362.0, bed_util_ads: 0.285, bed_util_des: 0.283, frac_lost: 0.101, li_recovered:  0.188
L: 3.11, u_super: 0.00159, sec: 14713.737, prod: 0.000409, t_ads: 659.0, t_des: 3081.0, bed_util_ads: 0.172, bed_util_des: 0.150, frac_lost: 0.100, li_recovered:  1.529
L: 0.60, u_super: 0.00770, sec: 292608.250, prod: 0.000521, t_ads: 29.0, t_des: 81.0, bed_util_ads: 0.278, bed_util_des: 0.278, frac_lost: 0.109, li_recovered:  0.057
L: 3.73, u_super: 0.00110, sec: 6863.124, prod: 0.000416, t_ads: 1091.0, t_des: 2890.0, bed_util_ads: 0.189, bed_util_des: 0.166, frac_lost: 0.100, li_recovered:  1.655
L: 0.67, u_super: 0.00234, sec: 34593.316, prod: 0.000380, t_ads: 100.0, t_des: 798.0, bed_util_ads: 0.173, bed_util_des: 0.168, frac_lost: 0.102, li_recovered:  0.341
L: 1.79, u_super: 0.00089, sec: 4317.095, prod: 0.000426, t_ads: 646.0, t_des: 1404.0, bed_util_ads: 0.226, bed_util_des: 0.213, frac_lost: 0.100, li_recovered:  0.874
L: 0.51, u_super: 0.00247, sec: 36394.125, prod: 0.000402, t_ads: 72.0, t_des: 151.0, bed_util_ads: 0.286, bed_util_des: 0.285, frac_lost: 0.101, li_recovered:  0.090
L: 0.55, u_super: 0.00221, sec: 27242.555, prod: 0.000428, t_ads: 87.0, t_des: 530.0, bed_util_ads: 0.193, bed_util_des: 0.189, frac_lost: 0.100, li_recovered:  0.264
L: 0.72, u_super: 0.00747, sec: 298256.719, prod: 0.000480, t_ads: 35.0, t_des: 91.0, bed_util_ads: 0.279, bed_util_des: 0.278, frac_lost: 0.105, li_recovered:  0.060
L: 0.64, u_super: 0.00526, sec: 136401.828, prod: 0.000504, t_ads: 44.0, t_des: 154.0, bed_util_ads: 0.248, bed_util_des: 0.247, frac_lost: 0.104, li_recovered:  0.100
L: 0.58, u_super: 0.00523, sec: 135562.875, prod: 0.000502, t_ads: 40.0, t_des: 155.0, bed_util_ads: 0.240, bed_util_des: 0.239, frac_lost: 0.102, li_recovered:  0.098
L: 0.64, u_super: 0.00607, sec: 185803.234, prod: 0.000498, t_ads: 38.0, t_des: 135.0, bed_util_ads: 0.248, bed_util_des: 0.247, frac_lost: 0.102, li_recovered:  0.086
L: 3.03, u_super: 0.00190, sec: 19256.191, prod: 0.000446, t_ads: 518.0, t_des: 1243.0, bed_util_ads: 0.227, bed_util_des: 0.216, frac_lost: 0.100, li_recovered:  0.786
L: 0.59, u_super: 0.00616, sec: 187275.672, prod: 0.000511, t_ads: 35.0, t_des: 138.0, bed_util_ads: 0.242, bed_util_des: 0.240, frac_lost: 0.105, li_recovered:  0.088
L: 0.54, u_super: 0.00132, sec: 11323.860, prod: 0.000361, t_ads: 144.0, t_des: 1224.0, bed_util_ads: 0.164, bed_util_des: 0.158, frac_lost: 0.102, li_recovered:  0.494
     6 |      240 |      8 |  0.0085377005 |         ideal
L: 0.60, u_super: 0.00837, sec: 343101.406, prod: 0.000529, t_ads: 27.0, t_des: 77.0, bed_util_ads: 0.278, bed_util_des: 0.277, frac_lost: 0.111, li_recovered:  0.055
L: 2.87, u_super: 0.00129, sec: 9110.323, prod: 0.000428, t_ads: 746.0, t_des: 2824.0, bed_util_ads: 0.181, bed_util_des: 0.160, frac_lost: 0.100, li_recovered:  1.527
L: 0.78, u_super: 0.00249, sec: 30841.520, prod: 0.000482, t_ads: 108.0, t_des: 341.0, bed_util_ads: 0.243, bed_util_des: 0.240, frac_lost: 0.100, li_recovered:  0.217
L: 2.15, u_super: 0.00134, sec: 9452.294, prod: 0.000449, t_ads: 521.0, t_des: 1279.0, bed_util_ads: 0.225, bed_util_des: 0.213, frac_lost: 0.100, li_recovered:  0.808
L: 2.38, u_super: 0.00089, sec: 4841.912, prod: 0.000384, t_ads: 830.0, t_des: 1535.0, bed_util_ads: 0.226, bed_util_des: 0.213, frac_lost: 0.100, li_recovered:  0.908
L: 0.62, u_super: 0.00106, sec: 5744.240, prod: 0.000460, t_ads: 200.0, t_des: 913.0, bed_util_ads: 0.203, bed_util_des: 0.196, frac_lost: 0.101, li_recovered:  0.512
L: 0.72, u_super: 0.00089, sec: 4041.226, prod: 0.000462, t_ads: 272.0, t_des: 703.0, bed_util_ads: 0.241, bed_util_des: 0.235, frac_lost: 0.100, li_recovered:  0.451
L: 0.52, u_super: 0.00747, sec: 287045.312, prod: 0.000498, t_ads: 26.0, t_des: 74.0, bed_util_ads: 0.276, bed_util_des: 0.275, frac_lost: 0.103, li_recovered:  0.050
L: 3.92, u_super: 0.00115, sec: 7489.036, prod: 0.000415, t_ads: 1098.0, t_des: 2935.0, bed_util_ads: 0.189, bed_util_des: 0.165, frac_lost: 0.100, li_recovered:  1.675
L: 3.67, u_super: 0.00112, sec: 9141.311, prod: 0.000320, t_ads: 981.0, t_des: 1516.0, bed_util_ads: 0.230, bed_util_des: 0.219, frac_lost: 0.100, li_recovered:  0.799
L: 0.76, u_super: 0.00492, sec: 122489.195, prod: 0.000490, t_ads: 55.0, t_des: 176.0, bed_util_ads: 0.252, bed_util_des: 0.250, frac_lost: 0.101, li_recovered:  0.113
L: 0.77, u_super: 0.00460, sec: 123905.477, prod: 0.000422, t_ads: 60.0, t_des: 413.0, bed_util_ads: 0.190, bed_util_des: 0.187, frac_lost: 0.104, li_recovered:  0.199
L: 0.61, u_super: 0.00077, sec: 2914.274, prod: 0.000476, t_ads: 267.0, t_des: 894.0, bed_util_ads: 0.220, bed_util_des: 0.213, frac_lost: 0.100, li_recovered:  0.553
L: 0.60, u_super: 0.00770, sec: 387104.469, prod: 0.000393, t_ads: 29.0, t_des: 56.0, bed_util_ads: 0.314, bed_util_des: 0.314, frac_lost: 0.109, li_recovered:  0.033
L: 0.62, u_super: 0.00488, sec: 119914.180, prod: 0.000491, t_ads: 45.0, t_des: 155.0, bed_util_ads: 0.248, bed_util_des: 0.246, frac_lost: 0.100, li_recovered:  0.098
L: 0.52, u_super: 0.00492, sec: 124114.797, prod: 0.000484, t_ads: 38.0, t_des: 175.0, bed_util_ads: 0.226, bed_util_des: 0.224, frac_lost: 0.100, li_recovered:  0.103
L: 0.52, u_super: 0.00246, sec: 29569.734, prod: 0.000492, t_ads: 74.0, t_des: 286.0, bed_util_ads: 0.232, bed_util_des: 0.230, frac_lost: 0.103, li_recovered:  0.177
L: 0.84, u_super: 0.00304, sec: 45687.207, prod: 0.000488, t_ads: 97.0, t_des: 351.0, bed_util_ads: 0.234, bed_util_des: 0.230, frac_lost: 0.102, li_recovered:  0.219
L: 1.18, u_super: 0.00260, sec: 36456.477, prod: 0.000446, t_ads: 158.0, t_des: 840.0, bed_util_ads: 0.196, bed_util_des: 0.190, frac_lost: 0.102, li_recovered:  0.445
L: 3.35, u_super: 0.00099, sec: 6384.776, prod: 0.000363, t_ads: 1145.0, t_des: 5219.0, bed_util_ads: 0.156, bed_util_des: 0.124, frac_lost: 0.100, li_recovered:  2.307
L: 0.52, u_super: 0.00527, sec: 135373.875, prod: 0.000511, t_ads: 36.0, t_des: 152.0, bed_util_ads: 0.236, bed_util_des: 0.235, frac_lost: 0.106, li_recovered:  0.096
L: 1.79, u_super: 0.00089, sec: 4313.795, prod: 0.000427, t_ads: 647.0, t_des: 1406.0, bed_util_ads: 0.226, bed_util_des: 0.213, frac_lost: 0.100, li_recovered:  0.876
L: 0.64, u_super: 0.00145, sec: 10492.515, prod: 0.000475, t_ads: 150.0, t_des: 439.0, bed_util_ads: 0.244, bed_util_des: 0.240, frac_lost: 0.100, li_recovered:  0.280
L: 0.52, u_super: 0.00553, sec: 151910.453, prod: 0.000503, t_ads: 34.0, t_des: 128.0, bed_util_ads: 0.245, bed_util_des: 0.244, frac_lost: 0.101, li_recovered:  0.081
L: 0.52, u_super: 0.00748, sec: 273960.281, prod: 0.000523, t_ads: 26.0, t_des: 109.0, bed_util_ads: 0.242, bed_util_des: 0.241, frac_lost: 0.108, li_recovered:  0.071
L: 0.62, u_super: 0.00590, sec: 172738.969, prod: 0.000505, t_ads: 38.0, t_des: 151.0, bed_util_ads: 0.239, bed_util_des: 0.238, frac_lost: 0.103, li_recovered:  0.095
L: 0.60, u_super: 0.00099, sec: 4926.562, prod: 0.000466, t_ads: 206.0, t_des: 553.0, bed_util_ads: 0.245, bed_util_des: 0.240, frac_lost: 0.100, li_recovered:  0.354
L: 0.52, u_super: 0.00255, sec: 35698.258, prod: 0.000436, t_ads: 73.0, t_des: 456.0, bed_util_ads: 0.195, bed_util_des: 0.192, frac_lost: 0.104, li_recovered:  0.230
L: 0.57, u_super: 0.00193, sec: 18386.076, prod: 0.000482, t_ads: 103.0, t_des: 337.0, bed_util_ads: 0.240, bed_util_des: 0.237, frac_lost: 0.100, li_recovered:  0.212
L: 0.52, u_super: 0.00191, sec: 17812.584, prod: 0.000484, t_ads: 95.0, t_des: 306.0, bed_util_ads: 0.243, bed_util_des: 0.240, frac_lost: 0.100, li_recovered:  0.194
L: 1.81, u_super: 0.00760, sec: 337079.812, prod: 0.000439, t_ads: 83.0, t_des: 193.0, bed_util_ads: 0.275, bed_util_des: 0.273, frac_lost: 0.102, li_recovered:  0.121
L: 0.59, u_super: 0.00754, sec: 283483.844, prod: 0.000514, t_ads: 29.0, t_des: 102.0, bed_util_ads: 0.255, bed_util_des: 0.254, frac_lost: 0.105, li_recovered:  0.067
L: 0.74, u_super: 0.00212, sec: 22302.188, prod: 0.000480, t_ads: 121.0, t_des: 382.0, bed_util_ads: 0.241, bed_util_des: 0.238, frac_lost: 0.100, li_recovered:  0.242
L: 0.53, u_super: 0.00534, sec: 139417.906, prod: 0.000510, t_ads: 36.0, t_des: 141.0, bed_util_ads: 0.242, bed_util_des: 0.240, frac_lost: 0.105, li_recovered:  0.090
L: 0.60, u_super: 0.00712, sec: 330077.125, prod: 0.000392, t_ads: 31.0, t_des: 60.0, bed_util_ads: 0.312, bed_util_des: 0.311, frac_lost: 0.107, li_recovered:  0.036
L: 0.55, u_super: 0.00142, sec: 9975.085, prod: 0.000478, t_ads: 134.0, t_des: 407.0, bed_util_ads: 0.242, bed_util_des: 0.239, frac_lost: 0.100, li_recovered:  0.258
L: 0.64, u_super: 0.00459, sec: 103125.664, prod: 0.000504, t_ads: 50.0, t_des: 188.0, bed_util_ads: 0.241, bed_util_des: 0.239, frac_lost: 0.105, li_recovered:  0.120
L: 0.60, u_super: 0.00778, sec: 309854.094, prod: 0.000502, t_ads: 29.0, t_des: 150.0, bed_util_ads: 0.223, bed_util_des: 0.222, frac_lost: 0.109, li_recovered:  0.090
L: 0.85, u_super: 0.00723, sec: 281731.562, prod: 0.000474, t_ads: 42.0, t_des: 111.0, bed_util_ads: 0.273, bed_util_des: 0.272, frac_lost: 0.101, li_recovered:  0.073
L: 0.52, u_super: 0.00287, sec: 96682.930, prod: 0.000205, t_ads: 63.0, t_des: 93.0, bed_util_ads: 0.324, bed_util_des: 0.323, frac_lost: 0.100, li_recovered:  0.032
     7 |      280 |     10 |  0.0955830711 |         ideal
L: 0.51, u_super: 0.00492, sec: 117008.906, prod: 0.000514, t_ads: 38.0, t_des: 146.0, bed_util_ads: 0.243, bed_util_des: 0.242, frac_lost: 0.107, li_recovered:  0.094
L: 0.52, u_super: 0.00191, sec: 17861.139, prod: 0.000483, t_ads: 95.0, t_des: 343.0, bed_util_ads: 0.233, bed_util_des: 0.230, frac_lost: 0.100, li_recovered:  0.212
L: 0.51, u_super: 0.00247, sec: 29572.037, prod: 0.000494, t_ads: 73.0, t_des: 249.0, bed_util_ads: 0.243, bed_util_des: 0.241, frac_lost: 0.103, li_recovered:  0.159
L: 0.53, u_super: 0.00524, sec: 180709.031, prod: 0.000378, t_ads: 36.0, t_des: 71.0, bed_util_ads: 0.304, bed_util_des: 0.304, frac_lost: 0.101, li_recovered:  0.040
L: 0.61, u_super: 0.00494, sec: 119729.445, prod: 0.000506, t_ads: 45.0, t_des: 166.0, bed_util_ads: 0.244, bed_util_des: 0.242, frac_lost: 0.105, li_recovered:  0.107
L: 0.52, u_super: 0.00775, sec: 380310.875, prod: 0.000406, t_ads: 25.0, t_des: 213.0, bed_util_ads: 0.186, bed_util_des: 0.185, frac_lost: 0.106, li_recovered:  0.097
L: 0.52, u_super: 0.00837, sec: 365821.906, prod: 0.000496, t_ads: 23.0, t_des: 65.0, bed_util_ads: 0.279, bed_util_des: 0.278, frac_lost: 0.103, li_recovered:  0.044
L: 0.74, u_super: 0.00077, sec: 3236.526, prod: 0.000429, t_ads: 318.0, t_des: 691.0, bed_util_ads: 0.252, bed_util_des: 0.246, frac_lost: 0.100, li_recovered:  0.433
L: 0.52, u_super: 0.00820, sec: 354852.438, prod: 0.000490, t_ads: 24.0, t_des: 58.0, bed_util_ads: 0.296, bed_util_des: 0.296, frac_lost: 0.110, li_recovered:  0.040
L: 0.62, u_super: 0.00747, sec: 275523.844, prod: 0.000519, t_ads: 31.0, t_des: 134.0, bed_util_ads: 0.237, bed_util_des: 0.236, frac_lost: 0.108, li_recovered:  0.086
L: 0.51, u_super: 0.00743, sec: 265884.094, prod: 0.000531, t_ads: 26.0, t_des: 110.0, bed_util_ads: 0.242, bed_util_des: 0.241, frac_lost: 0.108, li_recovered:  0.072
L: 0.56, u_super: 0.00191, sec: 17759.301, prod: 0.000487, t_ads: 102.0, t_des: 304.0, bed_util_ads: 0.250, bed_util_des: 0.247, frac_lost: 0.103, li_recovered:  0.198
L: 0.70, u_super: 0.00524, sec: 134731.641, prod: 0.000507, t_ads: 48.0, t_des: 180.0, bed_util_ads: 0.241, bed_util_des: 0.240, frac_lost: 0.105, li_recovered:  0.116
L: 0.51, u_super: 0.00526, sec: 136055.328, prod: 0.000505, t_ads: 35.0, t_des: 136.0, bed_util_ads: 0.242, bed_util_des: 0.241, frac_lost: 0.103, li_recovered:  0.086
L: 0.62, u_super: 0.00106, sec: 5482.585, prod: 0.000482, t_ads: 199.0, t_des: 665.0, bed_util_ads: 0.228, bed_util_des: 0.222, frac_lost: 0.101, li_recovered:  0.417
L: 0.75, u_super: 0.00456, sec: 103288.578, prod: 0.000497, t_ads: 59.0, t_des: 216.0, bed_util_ads: 0.240, bed_util_des: 0.238, frac_lost: 0.103, li_recovered:  0.137
L: 1.90, u_super: 0.00163, sec: 14200.226, prod: 0.000445, t_ads: 382.0, t_des: 890.0, bed_util_ads: 0.240, bed_util_des: 0.232, frac_lost: 0.100, li_recovered:  0.566
L: 0.61, u_super: 0.00111, sec: 6104.029, prod: 0.000477, t_ads: 189.0, t_des: 711.0, bed_util_ads: 0.219, bed_util_des: 0.213, frac_lost: 0.100, li_recovered:  0.430
L: 0.62, u_super: 0.00265, sec: 37376.762, prod: 0.000450, t_ads: 82.0, t_des: 200.0, bed_util_ads: 0.270, bed_util_des: 0.269, frac_lost: 0.101, li_recovered:  0.127
L: 0.60, u_super: 0.00770, sec: 295685.562, prod: 0.000515, t_ads: 29.0, t_des: 128.0, bed_util_ads: 0.236, bed_util_des: 0.235, frac_lost: 0.108, li_recovered:  0.081
L: 0.52, u_super: 0.00739, sec: 269838.562, prod: 0.000518, t_ads: 26.0, t_des: 108.0, bed_util_ads: 0.242, bed_util_des: 0.241, frac_lost: 0.105, li_recovered:  0.069
L: 1.88, u_super: 0.00089, sec: 4128.752, prod: 0.000446, t_ads: 687.0, t_des: 1813.0, bed_util_ads: 0.209, bed_util_des: 0.193, frac_lost: 0.100, li_recovered:  1.115
L: 0.63, u_super: 0.00524, sec: 197153.406, prod: 0.000346, t_ads: 44.0, t_des: 455.0, bed_util_ads: 0.165, bed_util_des: 0.163, frac_lost: 0.104, li_recovered:  0.173
L: 0.62, u_super: 0.00137, sec: 9256.234, prod: 0.000481, t_ads: 155.0, t_des: 476.0, bed_util_ads: 0.239, bed_util_des: 0.235, frac_lost: 0.101, li_recovered:  0.304
L: 0.70, u_super: 0.00090, sec: 5433.628, prod: 0.000351, t_ads: 257.0, t_des: 454.0, bed_util_ads: 0.277, bed_util_des: 0.274, frac_lost: 0.101, li_recovered:  0.249
L: 0.54, u_super: 0.00246, sec: 29580.346, prod: 0.000492, t_ads: 78.0, t_des: 301.0, bed_util_ads: 0.231, bed_util_des: 0.229, frac_lost: 0.102, li_recovered:  0.186
L: 0.61, u_super: 0.00488, sec: 125454.031, prod: 0.000469, t_ads: 45.0, t_des: 231.0, bed_util_ads: 0.215, bed_util_des: 0.213, frac_lost: 0.102, li_recovered:  0.129
L: 0.60, u_super: 0.00800, sec: 321144.906, prod: 0.000515, t_ads: 28.0, t_des: 82.0, bed_util_ads: 0.273, bed_util_des: 0.273, frac_lost: 0.109, li_recovered:  0.057
L: 0.77, u_super: 0.00496, sec: 124877.750, prod: 0.000489, t_ads: 55.0, t_des: 176.0, bed_util_ads: 0.252, bed_util_des: 0.250, frac_lost: 0.102, li_recovered:  0.113
L: 0.55, u_super: 0.00837, sec: 372535.812, prod: 0.000487, t_ads: 24.0, t_des: 67.0, bed_util_ads: 0.278, bed_util_des: 0.277, frac_lost: 0.100, li_recovered:  0.044
L: 0.83, u_super: 0.00534, sec: 141595.203, prod: 0.000502, t_ads: 56.0, t_des: 202.0, bed_util_ads: 0.242, bed_util_des: 0.240, frac_lost: 0.104, li_recovered:  0.129
L: 0.94, u_super: 0.00245, sec: 29697.475, prod: 0.000482, t_ads: 132.0, t_des: 450.0, bed_util_ads: 0.233, bed_util_des: 0.229, frac_lost: 0.100, li_recovered:  0.281
L: 0.64, u_super: 0.00114, sec: 6946.359, prod: 0.000438, t_ads: 195.0, t_des: 1047.0, bed_util_ads: 0.191, bed_util_des: 0.184, frac_lost: 0.101, li_recovered:  0.544
L: 0.52, u_super: 0.00656, sec: 214663.422, prod: 0.000508, t_ads: 29.0, t_des: 120.0, bed_util_ads: 0.240, bed_util_des: 0.239, frac_lost: 0.103, li_recovered:  0.076
L: 0.62, u_super: 0.00080, sec: 3180.054, prod: 0.000471, t_ads: 263.0, t_des: 729.0, bed_util_ads: 0.237, bed_util_des: 0.230, frac_lost: 0.101, li_recovered:  0.468
L: 0.51, u_super: 0.00724, sec: 275438.750, prod: 0.000486, t_ads: 26.0, t_des: 132.0, bed_util_ads: 0.224, bed_util_des: 0.223, frac_lost: 0.101, li_recovered:  0.077
L: 0.51, u_super: 0.00730, sec: 269057.062, prod: 0.000506, t_ads: 26.0, t_des: 110.0, bed_util_ads: 0.240, bed_util_des: 0.239, frac_lost: 0.103, li_recovered:  0.069
L: 0.72, u_super: 0.00089, sec: 5808.647, prod: 0.000322, t_ads: 267.0, t_des: 444.0, bed_util_ads: 0.282, bed_util_des: 0.279, frac_lost: 0.101, li_recovered:  0.229
L: 0.64, u_super: 0.00529, sec: 141117.078, prod: 0.000494, t_ads: 43.0, t_des: 163.0, bed_util_ads: 0.240, bed_util_des: 0.239, frac_lost: 0.101, li_recovered:  0.102
L: 0.52, u_super: 0.00767, sec: 305469.344, prod: 0.000495, t_ads: 25.0, t_des: 126.0, bed_util_ads: 0.226, bed_util_des: 0.225, frac_lost: 0.103, li_recovered:  0.075
     8 |      320 |      9 |  0.0442749625 |         ideal
L: 1.03, u_super: 0.00106, sec: 5830.668, prod: 0.000450, t_ads: 324.0, t_des: 782.0, bed_util_ads: 0.242, bed_util_des: 0.235, frac_lost: 0.100, li_recovered:  0.498
L: 0.50, u_super: 0.00492, sec: 119716.617, prod: 0.000502, t_ads: 37.0, t_des: 140.0, bed_util_ads: 0.243, bed_util_des: 0.242, frac_lost: 0.102, li_recovered:  0.089
L: 0.52, u_super: 0.00743, sec: 268727.188, prod: 0.000526, t_ads: 26.0, t_des: 91.0, bed_util_ads: 0.258, bed_util_des: 0.257, frac_lost: 0.106, li_recovered:  0.062
L: 0.52, u_super: 0.00080, sec: 3198.733, prod: 0.000471, t_ads: 219.0, t_des: 609.0, bed_util_ads: 0.241, bed_util_des: 0.235, frac_lost: 0.100, li_recovered:  0.390
L: 0.51, u_super: 0.00743, sec: 273515.188, prod: 0.000516, t_ads: 26.0, t_des: 119.0, bed_util_ads: 0.235, bed_util_des: 0.234, frac_lost: 0.108, li_recovered:  0.075
L: 0.62, u_super: 0.00770, sec: 295021.938, prod: 0.000517, t_ads: 30.0, t_des: 130.0, bed_util_ads: 0.237, bed_util_des: 0.236, frac_lost: 0.107, li_recovered:  0.083
L: 0.69, u_super: 0.00555, sec: 154091.422, prod: 0.000499, t_ads: 45.0, t_des: 157.0, bed_util_ads: 0.248, bed_util_des: 0.246, frac_lost: 0.103, li_recovered:  0.101
L: 0.61, u_super: 0.00077, sec: 2910.862, prod: 0.000477, t_ads: 267.0, t_des: 882.0, bed_util_ads: 0.222, bed_util_des: 0.214, frac_lost: 0.100, li_recovered:  0.548
L: 0.64, u_super: 0.00837, sec: 336917.031, prod: 0.000538, t_ads: 29.0, t_des: 97.0, bed_util_ads: 0.262, bed_util_des: 0.261, frac_lost: 0.110, li_recovered:  0.068
L: 0.52, u_super: 0.00270, sec: 35822.012, prod: 0.000489, t_ads: 68.0, t_des: 235.0, bed_util_ads: 0.242, bed_util_des: 0.240, frac_lost: 0.101, li_recovered:  0.148
L: 0.62, u_super: 0.00084, sec: 3486.939, prod: 0.000475, t_ads: 252.0, t_des: 904.0, bed_util_ads: 0.216, bed_util_des: 0.209, frac_lost: 0.100, li_recovered:  0.550
L: 0.66, u_super: 0.00091, sec: 4086.207, prod: 0.000478, t_ads: 247.0, t_des: 826.0, bed_util_ads: 0.223, bed_util_des: 0.215, frac_lost: 0.100, li_recovered:  0.512
L: 0.51, u_super: 0.00218, sec: 23076.645, prod: 0.000493, t_ads: 83.0, t_des: 296.0, bed_util_ads: 0.237, bed_util_des: 0.235, frac_lost: 0.102, li_recovered:  0.187
L: 0.51, u_super: 0.00743, sec: 274123.438, prod: 0.000515, t_ads: 26.0, t_des: 74.0, bed_util_ads: 0.278, bed_util_des: 0.277, frac_lost: 0.109, li_recovered:  0.052
L: 0.62, u_super: 0.00748, sec: 283050.375, prod: 0.000507, t_ads: 31.0, t_des: 149.0, bed_util_ads: 0.228, bed_util_des: 0.227, frac_lost: 0.109, li_recovered:  0.091
L: 0.62, u_super: 0.00154, sec: 11676.912, prod: 0.000481, t_ads: 138.0, t_des: 413.0, bed_util_ads: 0.244, bed_util_des: 0.240, frac_lost: 0.101, li_recovered:  0.265
L: 0.51, u_super: 0.00229, sec: 25775.598, prod: 0.000488, t_ads: 78.0, t_des: 240.0, bed_util_ads: 0.251, bed_util_des: 0.248, frac_lost: 0.102, li_recovered:  0.155
L: 0.63, u_super: 0.00114, sec: 6478.906, prod: 0.000470, t_ads: 188.0, t_des: 515.0, bed_util_ads: 0.245, bed_util_des: 0.241, frac_lost: 0.101, li_recovered:  0.330
L: 0.63, u_super: 0.00887, sec: 383633.875, prod: 0.000535, t_ads: 27.0, t_des: 114.0, bed_util_ads: 0.242, bed_util_des: 0.241, frac_lost: 0.111, li_recovered:  0.075
L: 0.68, u_super: 0.00452, sec: 100242.594, prod: 0.000503, t_ads: 54.0, t_des: 214.0, bed_util_ads: 0.235, bed_util_des: 0.233, frac_lost: 0.105, li_recovered:  0.135
L: 0.53, u_super: 0.00528, sec: 137859.719, prod: 0.000503, t_ads: 36.0, t_des: 138.0, bed_util_ads: 0.243, bed_util_des: 0.241, frac_lost: 0.102, li_recovered:  0.088
L: 0.62, u_super: 0.00534, sec: 143081.062, prod: 0.000497, t_ads: 42.0, t_des: 138.0, bed_util_ads: 0.254, bed_util_des: 0.252, frac_lost: 0.102, li_recovered:  0.089
L: 0.52, u_super: 0.00247, sec: 30077.170, prod: 0.000486, t_ads: 73.0, t_des: 242.0, bed_util_ads: 0.244, bed_util_des: 0.242, frac_lost: 0.100, li_recovered:  0.153
L: 0.62, u_super: 0.00726, sec: 281935.281, prod: 0.000477, t_ads: 31.0, t_des: 86.0, bed_util_ads: 0.273, bed_util_des: 0.272, frac_lost: 0.101, li_recovered:  0.056
L: 0.61, u_super: 0.00360, sec: 62662.746, prod: 0.000502, t_ads: 61.0, t_des: 216.0, bed_util_ads: 0.243, bed_util_des: 0.241, frac_lost: 0.104, li_recovered:  0.139
L: 1.02, u_super: 0.00456, sec: 105353.945, prod: 0.000487, t_ads: 78.0, t_des: 271.0, bed_util_ads: 0.239, bed_util_des: 0.237, frac_lost: 0.101, li_recovered:  0.170
L: 0.51, u_super: 0.00479, sec: 111042.602, prod: 0.000511, t_ads: 39.0, t_des: 151.0, bed_util_ads: 0.242, bed_util_des: 0.241, frac_lost: 0.106, li_recovered:  0.097
L: 0.74, u_super: 0.00080, sec: 3466.959, prod: 0.000433, t_ads: 307.0, t_des: 676.0, bed_util_ads: 0.252, bed_util_des: 0.246, frac_lost: 0.101, li_recovered:  0.425
L: 0.50, u_super: 0.00747, sec: 278408.188, prod: 0.000514, t_ads: 25.0, t_des: 88.0, bed_util_ads: 0.257, bed_util_des: 0.256, frac_lost: 0.103, li_recovered:  0.058
L: 0.75, u_super: 0.00456, sec: 104100.547, prod: 0.000493, t_ads: 58.0, t_des: 209.0, bed_util_ads: 0.241, bed_util_des: 0.239, frac_lost: 0.101, li_recovered:  0.132
L: 0.75, u_super: 0.00747, sec: 303623.812, prod: 0.000471, t_ads: 36.0, t_des: 97.0, bed_util_ads: 0.273, bed_util_des: 0.272, frac_lost: 0.100, li_recovered:  0.063
L: 0.64, u_super: 0.00770, sec: 387198.000, prod: 0.000393, t_ads: 31.0, t_des: 276.0, bed_util_ads: 0.181, bed_util_des: 0.179, frac_lost: 0.108, li_recovered:  0.121
L: 0.52, u_super: 0.00747, sec: 272625.875, prod: 0.000524, t_ads: 26.0, t_des: 109.0, bed_util_ads: 0.242, bed_util_des: 0.241, frac_lost: 0.107, li_recovered:  0.071
L: 0.53, u_super: 0.00588, sec: 175572.859, prod: 0.000494, t_ads: 33.0, t_des: 164.0, bed_util_ads: 0.224, bed_util_des: 0.222, frac_lost: 0.106, li_recovered:  0.097
L: 0.54, u_super: 0.00496, sec: 120559.062, prod: 0.000505, t_ads: 40.0, t_des: 178.0, bed_util_ads: 0.230, bed_util_des: 0.229, frac_lost: 0.107, li_recovered:  0.110
L: 0.52, u_super: 0.00191, sec: 17763.465, prod: 0.000486, t_ads: 96.0, t_des: 389.0, bed_util_ads: 0.225, bed_util_des: 0.221, frac_lost: 0.102, li_recovered:  0.236
L: 0.53, u_super: 0.00524, sec: 131718.688, prod: 0.000518, t_ads: 37.0, t_des: 146.0, bed_util_ads: 0.242, bed_util_des: 0.240, frac_lost: 0.107, li_recovered:  0.095
L: 0.64, u_super: 0.00667, sec: 220053.875, prod: 0.000513, t_ads: 35.0, t_des: 141.0, bed_util_ads: 0.240, bed_util_des: 0.239, frac_lost: 0.105, li_recovered:  0.090
L: 0.85, u_super: 0.00052, sec: 1587.602, prod: 0.000400, t_ads: 523.0, t_des: 1013.0, bed_util_ads: 0.244, bed_util_des: 0.235, frac_lost: 0.100, li_recovered:  0.614
L: 0.52, u_super: 0.00457, sec: 102608.172, prod: 0.000501, t_ads: 41.0, t_des: 154.0, bed_util_ads: 0.243, bed_util_des: 0.241, frac_lost: 0.104, li_recovered:  0.098
     9 |      360 |     16 |  0.0524365819 |         ideal
L: 0.61, u_super: 0.00477, sec: 113259.641, prod: 0.000497, t_ads: 46.0, t_des: 142.0, bed_util_ads: 0.258, bed_util_des: 0.257, frac_lost: 0.103, li_recovered:  0.093
L: 0.60, u_super: 0.00837, sec: 338926.406, prod: 0.000535, t_ads: 27.0, t_des: 79.0, bed_util_ads: 0.276, bed_util_des: 0.275, frac_lost: 0.111, li_recovered:  0.057
L: 0.52, u_super: 0.00244, sec: 29663.602, prod: 0.000481, t_ads: 74.0, t_des: 297.0, bed_util_ads: 0.228, bed_util_des: 0.225, frac_lost: 0.100, li_recovered:  0.178
L: 0.59, u_super: 0.00077, sec: 3015.583, prod: 0.000460, t_ads: 256.0, t_des: 646.0, bed_util_ads: 0.245, bed_util_des: 0.240, frac_lost: 0.101, li_recovered:  0.415
L: 0.50, u_super: 0.00318, sec: 53222.902, prod: 0.000458, t_ads: 57.0, t_des: 323.0, bed_util_ads: 0.205, bed_util_des: 0.203, frac_lost: 0.105, li_recovered:  0.174
L: 0.50, u_super: 0.00747, sec: 277309.531, prod: 0.000515, t_ads: 25.0, t_des: 104.0, bed_util_ads: 0.242, bed_util_des: 0.241, frac_lost: 0.102, li_recovered:  0.066
L: 0.56, u_super: 0.00935, sec: 431085.031, prod: 0.000532, t_ads: 23.0, t_des: 102.0, bed_util_ads: 0.241, bed_util_des: 0.240, frac_lost: 0.109, li_recovered:  0.066
L: 1.16, u_super: 0.00452, sec: 102835.539, prod: 0.000490, t_ads: 90.0, t_des: 313.0, bed_util_ads: 0.238, bed_util_des: 0.235, frac_lost: 0.102, li_recovered:  0.197
L: 0.64, u_super: 0.00785, sec: 319191.312, prod: 0.000497, t_ads: 30.0, t_des: 127.0, bed_util_ads: 0.237, bed_util_des: 0.235, frac_lost: 0.102, li_recovered:  0.078
L: 0.54, u_super: 0.00507, sec: 125887.914, prod: 0.000507, t_ads: 39.0, t_des: 149.0, bed_util_ads: 0.243, bed_util_des: 0.241, frac_lost: 0.105, li_recovered:  0.095
L: 0.65, u_super: 0.00070, sec: 2518.199, prod: 0.000450, t_ads: 311.0, t_des: 743.0, bed_util_ads: 0.245, bed_util_des: 0.238, frac_lost: 0.100, li_recovered:  0.475
L: 0.52, u_super: 0.00743, sec: 268197.688, prod: 0.000527, t_ads: 26.0, t_des: 93.0, bed_util_ads: 0.256, bed_util_des: 0.255, frac_lost: 0.106, li_recovered:  0.063
L: 0.61, u_super: 0.00361, sec: 65905.586, prod: 0.000481, t_ads: 60.0, t_des: 252.0, bed_util_ads: 0.227, bed_util_des: 0.225, frac_lost: 0.100, li_recovered:  0.150
L: 0.52, u_super: 0.00755, sec: 279292.812, prod: 0.000523, t_ads: 26.0, t_des: 119.0, bed_util_ads: 0.236, bed_util_des: 0.235, frac_lost: 0.110, li_recovered:  0.076
L: 0.52, u_super: 0.00739, sec: 281860.656, prod: 0.000496, t_ads: 26.0, t_des: 130.0, bed_util_ads: 0.226, bed_util_des: 0.225, frac_lost: 0.105, li_recovered:  0.077
L: 0.67, u_super: 0.00080, sec: 3496.159, prod: 0.000429, t_ads: 288.0, t_des: 1540.0, bed_util_ads: 0.184, bed_util_des: 0.173, frac_lost: 0.101, li_recovered:  0.784
L: 0.63, u_super: 0.00494, sec: 120216.508, prod: 0.000502, t_ads: 46.0, t_des: 168.0, bed_util_ads: 0.244, bed_util_des: 0.242, frac_lost: 0.103, li_recovered:  0.107
L: 0.55, u_super: 0.00880, sec: 367274.000, prod: 0.000549, t_ads: 24.0, t_des: 72.0, bed_util_ads: 0.277, bed_util_des: 0.276, frac_lost: 0.113, li_recovered:  0.053
L: 0.61, u_super: 0.00076, sec: 2916.094, prod: 0.000465, t_ads: 268.0, t_des: 709.0, bed_util_ads: 0.240, bed_util_des: 0.233, frac_lost: 0.100, li_recovered:  0.454
L: 0.53, u_super: 0.00767, sec: 395556.656, prod: 0.000381, t_ads: 26.0, t_des: 246.0, bed_util_ads: 0.178, bed_util_des: 0.177, frac_lost: 0.105, li_recovered:  0.104
L: 0.63, u_super: 0.00114, sec: 6321.800, prod: 0.000481, t_ads: 189.0, t_des: 626.0, bed_util_ads: 0.229, bed_util_des: 0.224, frac_lost: 0.101, li_recovered:  0.392
L: 0.51, u_super: 0.00159, sec: 12238.826, prod: 0.000487, t_ads: 112.0, t_des: 352.0, bed_util_ads: 0.243, bed_util_des: 0.240, frac_lost: 0.102, li_recovered:  0.226
L: 0.54, u_super: 0.00517, sec: 138981.266, prod: 0.000477, t_ads: 38.0, t_des: 188.0, bed_util_ads: 0.220, bed_util_des: 0.218, frac_lost: 0.101, li_recovered:  0.108
L: 0.51, u_super: 0.00429, sec: 100366.500, prod: 0.000450, t_ads: 43.0, t_des: 96.0, bed_util_ads: 0.292, bed_util_des: 0.291, frac_lost: 0.106, li_recovered:  0.063
L: 0.60, u_super: 0.00077, sec: 2905.433, prod: 0.000478, t_ads: 262.0, t_des: 868.0, bed_util_ads: 0.222, bed_util_des: 0.214, frac_lost: 0.100, li_recovered:  0.540
L: 0.86, u_super: 0.00052, sec: 1563.937, prod: 0.000406, t_ads: 525.0, t_des: 1036.0, bed_util_ads: 0.242, bed_util_des: 0.233, frac_lost: 0.100, li_recovered:  0.634
L: 0.78, u_super: 0.00146, sec: 10611.322, prod: 0.000475, t_ads: 184.0, t_des: 733.0, bed_util_ads: 0.215, bed_util_des: 0.209, frac_lost: 0.101, li_recovered:  0.435
L: 0.51, u_super: 0.00747, sec: 271481.938, prod: 0.000526, t_ads: 26.0, t_des: 110.0, bed_util_ads: 0.242, bed_util_des: 0.241, frac_lost: 0.110, li_recovered:  0.072
L: 0.64, u_super: 0.00837, sec: 339451.594, prod: 0.000534, t_ads: 29.0, t_des: 99.0, bed_util_ads: 0.260, bed_util_des: 0.259, frac_lost: 0.110, li_recovered:  0.068
L: 0.52, u_super: 0.00524, sec: 134766.188, prod: 0.000507, t_ads: 36.0, t_des: 140.0, bed_util_ads: 0.242, bed_util_des: 0.240, frac_lost: 0.102, li_recovered:  0.089
L: 0.53, u_super: 0.00522, sec: 132660.953, prod: 0.000512, t_ads: 37.0, t_des: 145.0, bed_util_ads: 0.242, bed_util_des: 0.240, frac_lost: 0.107, li_recovered:  0.093
L: 0.63, u_super: 0.00114, sec: 6349.962, prod: 0.000479, t_ads: 189.0, t_des: 640.0, bed_util_ads: 0.227, bed_util_des: 0.222, frac_lost: 0.100, li_recovered:  0.397
L: 0.52, u_super: 0.00239, sec: 27828.379, prod: 0.000491, t_ads: 76.0, t_des: 254.0, bed_util_ads: 0.244, bed_util_des: 0.241, frac_lost: 0.101, li_recovered:  0.162
L: 0.52, u_super: 0.00605, sec: 183656.188, prod: 0.000500, t_ads: 32.0, t_des: 84.0, bed_util_ads: 0.282, bed_util_des: 0.281, frac_lost: 0.107, li_recovered:  0.058
L: 0.61, u_super: 0.00886, sec: 385148.688, prod: 0.000531, t_ads: 26.0, t_des: 110.0, bed_util_ads: 0.242, bed_util_des: 0.241, frac_lost: 0.109, li_recovered:  0.072
L: 0.59, u_super: 0.00246, sec: 35822.102, prod: 0.000406, t_ads: 85.0, t_des: 607.0, bed_util_ads: 0.183, bed_util_des: 0.179, frac_lost: 0.103, li_recovered:  0.281
L: 0.51, u_super: 0.00230, sec: 26970.598, prod: 0.000470, t_ads: 77.0, t_des: 210.0, bed_util_ads: 0.261, bed_util_des: 0.259, frac_lost: 0.101, li_recovered:  0.135
L: 0.61, u_super: 0.00540, sec: 145195.094, prod: 0.000500, t_ads: 41.0, t_des: 152.0, bed_util_ads: 0.243, bed_util_des: 0.242, frac_lost: 0.102, li_recovered:  0.096
L: 0.64, u_super: 0.00837, sec: 344897.812, prod: 0.000526, t_ads: 29.0, t_des: 94.0, bed_util_ads: 0.264, bed_util_des: 0.263, frac_lost: 0.110, li_recovered:  0.065
L: 0.78, u_super: 0.00080, sec: 3599.062, prod: 0.000417, t_ads: 322.0, t_des: 670.0, bed_util_ads: 0.255, bed_util_des: 0.249, frac_lost: 0.100, li_recovered:  0.413
    10 |      400 |     18 |  0.0750566465 |         ideal
L: 0.51, u_super: 0.00247, sec: 29674.193, prod: 0.000493, t_ads: 73.0, t_des: 248.0, bed_util_ads: 0.243, bed_util_des: 0.241, frac_lost: 0.103, li_recovered:  0.158
L: 0.62, u_super: 0.00191, sec: 17644.168, prod: 0.000489, t_ads: 114.0, t_des: 409.0, bed_util_ads: 0.232, bed_util_des: 0.228, frac_lost: 0.102, li_recovered:  0.256
L: 0.75, u_super: 0.00451, sec: 102229.242, prod: 0.000491, t_ads: 59.0, t_des: 220.0, bed_util_ads: 0.237, bed_util_des: 0.235, frac_lost: 0.101, li_recovered:  0.137
L: 0.53, u_super: 0.00360, sec: 63712.859, prod: 0.000496, t_ads: 52.0, t_des: 188.0, bed_util_ads: 0.242, bed_util_des: 0.240, frac_lost: 0.102, li_recovered:  0.119
L: 0.64, u_super: 0.00839, sec: 378323.562, prod: 0.000483, t_ads: 29.0, t_des: 171.0, bed_util_ads: 0.213, bed_util_des: 0.212, frac_lost: 0.110, li_recovered:  0.097
L: 0.55, u_super: 0.00073, sec: 3666.455, prod: 0.000337, t_ads: 251.0, t_des: 431.0, bed_util_ads: 0.281, bed_util_des: 0.277, frac_lost: 0.101, li_recovered:  0.230
L: 0.63, u_super: 0.00887, sec: 387756.562, prod: 0.000529, t_ads: 27.0, t_des: 114.0, bed_util_ads: 0.242, bed_util_des: 0.241, frac_lost: 0.111, li_recovered:  0.075
L: 0.86, u_super: 0.00531, sec: 143329.125, prod: 0.000491, t_ads: 57.0, t_des: 219.0, bed_util_ads: 0.235, bed_util_des: 0.233, frac_lost: 0.101, li_recovered:  0.135
L: 0.55, u_super: 0.00077, sec: 2898.656, prod: 0.000479, t_ads: 242.0, t_des: 830.0, bed_util_ads: 0.221, bed_util_des: 0.214, frac_lost: 0.101, li_recovered:  0.513
L: 0.60, u_super: 0.00838, sec: 334343.969, prod: 0.000545, t_ads: 27.0, t_des: 85.0, bed_util_ads: 0.269, bed_util_des: 0.269, frac_lost: 0.111, li_recovered:  0.061
L: 0.51, u_super: 0.00053, sec: 1477.924, prod: 0.000440, t_ads: 320.0, t_des: 728.0, bed_util_ads: 0.248, bed_util_des: 0.241, frac_lost: 0.101, li_recovered:  0.462
L: 0.68, u_super: 0.00429, sec: 91898.102, prod: 0.000492, t_ads: 56.0, t_des: 178.0, bed_util_ads: 0.252, bed_util_des: 0.251, frac_lost: 0.101, li_recovered:  0.115
L: 0.53, u_super: 0.00064, sec: 2066.678, prod: 0.000464, t_ads: 275.0, t_des: 722.0, bed_util_ads: 0.240, bed_util_des: 0.233, frac_lost: 0.100, li_recovered:  0.463
L: 0.64, u_super: 0.00738, sec: 269473.375, prod: 0.000517, t_ads: 32.0, t_des: 132.0, bed_util_ads: 0.240, bed_util_des: 0.239, frac_lost: 0.107, li_recovered:  0.085
L: 0.61, u_super: 0.00186, sec: 17170.482, prod: 0.000481, t_ads: 114.0, t_des: 351.0, bed_util_ads: 0.244, bed_util_des: 0.241, frac_lost: 0.101, li_recovered:  0.224
L: 0.61, u_super: 0.00077, sec: 3128.985, prod: 0.000443, t_ads: 270.0, t_des: 1328.0, bed_util_ads: 0.191, bed_util_des: 0.181, frac_lost: 0.100, li_recovered:  0.709
L: 0.64, u_super: 0.00834, sec: 341745.406, prod: 0.000527, t_ads: 29.0, t_des: 96.0, bed_util_ads: 0.262, bed_util_des: 0.261, frac_lost: 0.109, li_recovered:  0.066
L: 0.60, u_super: 0.00773, sec: 295154.750, prod: 0.000521, t_ads: 29.0, t_des: 124.0, bed_util_ads: 0.239, bed_util_des: 0.238, frac_lost: 0.108, li_recovered:  0.080
L: 0.51, u_super: 0.00223, sec: 25319.053, prod: 0.000470, t_ads: 80.0, t_des: 209.0, bed_util_ads: 0.265, bed_util_des: 0.263, frac_lost: 0.103, li_recovered:  0.136
L: 0.51, u_super: 0.00071, sec: 2645.810, prod: 0.000441, t_ads: 244.0, t_des: 558.0, bed_util_ads: 0.255, bed_util_des: 0.250, frac_lost: 0.101, li_recovered:  0.354
L: 0.63, u_super: 0.00114, sec: 6335.708, prod: 0.000480, t_ads: 189.0, t_des: 643.0, bed_util_ads: 0.227, bed_util_des: 0.221, frac_lost: 0.101, li_recovered:  0.400
L: 0.82, u_super: 0.00087, sec: 3753.376, prod: 0.000473, t_ads: 317.0, t_des: 1047.0, bed_util_ads: 0.217, bed_util_des: 0.208, frac_lost: 0.100, li_recovered:  0.646
L: 0.50, u_super: 0.00748, sec: 276999.781, prod: 0.000518, t_ads: 25.0, t_des: 101.0, bed_util_ads: 0.245, bed_util_des: 0.244, frac_lost: 0.103, li_recovered:  0.065
L: 0.61, u_super: 0.00523, sec: 137738.922, prod: 0.000494, t_ads: 42.0, t_des: 156.0, bed_util_ads: 0.242, bed_util_des: 0.241, frac_lost: 0.101, li_recovered:  0.098
L: 0.61, u_super: 0.00075, sec: 3359.154, prod: 0.000393, t_ads: 268.0, t_des: 524.0, bed_util_ads: 0.266, bed_util_des: 0.262, frac_lost: 0.100, li_recovered:  0.311
L: 0.59, u_super: 0.00958, sec: 516562.188, prod: 0.000468, t_ads: 23.0, t_des: 135.0, bed_util_ads: 0.214, bed_util_des: 0.213, frac_lost: 0.102, li_recovered:  0.074
L: 0.85, u_super: 0.00006, sec: inf, prod: 0.000000, t_ads: 2174.0, t_des: 0.0, bed_util_ads: 0.213, bed_util_des: 0.213, frac_lost: 0.100, li_recovered:  0.000
L: 0.53, u_super: 0.00005, sec: inf, prod: 0.000000, t_ads: 1879.0, t_des: 0.0, bed_util_ads: 0.227, bed_util_des: 0.227, frac_lost: 0.100, li_recovered:  0.000
L: 0.60, u_super: 0.00246, sec: 29778.553, prod: 0.000488, t_ads: 86.0, t_des: 324.0, bed_util_ads: 0.232, bed_util_des: 0.229, frac_lost: 0.101, li_recovered:  0.200
L: 0.51, u_super: 0.00745, sec: 269869.688, prod: 0.000527, t_ads: 26.0, t_des: 110.0, bed_util_ads: 0.242, bed_util_des: 0.241, frac_lost: 0.109, li_recovered:  0.072
L: 0.85, u_super: 0.00899, sec: 409534.156, prod: 0.000515, t_ads: 35.0, t_des: 109.0, bed_util_ads: 0.263, bed_util_des: 0.262, frac_lost: 0.106, li_recovered:  0.074
L: 0.53, u_super: 0.00524, sec: 132044.672, prod: 0.000517, t_ads: 37.0, t_des: 146.0, bed_util_ads: 0.242, bed_util_des: 0.240, frac_lost: 0.107, li_recovered:  0.095
L: 0.84, u_super: 0.00468, sec: 111016.328, prod: 0.000486, t_ads: 64.0, t_des: 178.0, bed_util_ads: 0.263, bed_util_des: 0.262, frac_lost: 0.104, li_recovered:  0.118
L: 0.51, u_super: 0.00464, sec: 105862.617, prod: 0.000502, t_ads: 40.0, t_des: 151.0, bed_util_ads: 0.243, bed_util_des: 0.241, frac_lost: 0.104, li_recovered:  0.096
L: 0.60, u_super: 0.00837, sec: 341207.219, prod: 0.000532, t_ads: 27.0, t_des: 79.0, bed_util_ads: 0.276, bed_util_des: 0.275, frac_lost: 0.111, li_recovered:  0.056
L: 0.51, u_super: 0.00532, sec: 138466.453, prod: 0.000509, t_ads: 35.0, t_des: 153.0, bed_util_ads: 0.233, bed_util_des: 0.232, frac_lost: 0.106, li_recovered:  0.096
L: 0.56, u_super: 0.00883, sec: 391588.781, prod: 0.000518, t_ads: 24.0, t_des: 70.0, bed_util_ads: 0.277, bed_util_des: 0.276, frac_lost: 0.107, li_recovered:  0.049
L: 0.52, u_super: 0.00044, sec: 1186.208, prod: 0.000375, t_ads: 382.0, t_des: 699.0, bed_util_ads: 0.261, bed_util_des: 0.255, frac_lost: 0.100, li_recovered:  0.406
L: 0.51, u_super: 0.00480, sec: 117386.375, prod: 0.000485, t_ads: 39.0, t_des: 204.0, bed_util_ads: 0.217, bed_util_des: 0.216, frac_lost: 0.106, li_recovered:  0.118
L: 0.55, u_super: 0.00750, sec: 293726.500, prod: 0.000491, t_ads: 27.0, t_des: 135.0, bed_util_ads: 0.225, bed_util_des: 0.224, frac_lost: 0.102, li_recovered:  0.080
    11 |      440 |     19 |  0.1763873191 |         nadir
L: 0.55, u_super: 0.00493, sec: 117298.477, prod: 0.000512, t_ads: 41.0, t_des: 158.0, bed_util_ads: 0.242, bed_util_des: 0.240, frac_lost: 0.106, li_recovered:  0.102
L: 0.51, u_super: 0.00051, sec: 1329.177, prod: 0.000453, t_ads: 332.0, t_des: 811.0, bed_util_ads: 0.241, bed_util_des: 0.233, frac_lost: 0.100, li_recovered:  0.518
L: 0.54, u_super: 0.00383, sec: 71169.734, prod: 0.000503, t_ads: 51.0, t_des: 198.0, bed_util_ads: 0.238, bed_util_des: 0.236, frac_lost: 0.105, li_recovered:  0.125
L: 0.52, u_super: 0.00743, sec: 267803.438, prod: 0.000528, t_ads: 26.0, t_des: 93.0, bed_util_ads: 0.256, bed_util_des: 0.255, frac_lost: 0.106, li_recovered:  0.063
L: 0.52, u_super: 0.00498, sec: 128079.703, prod: 0.000481, t_ads: 38.0, t_des: 197.0, bed_util_ads: 0.218, bed_util_des: 0.216, frac_lost: 0.105, li_recovered:  0.113
L: 0.60, u_super: 0.00834, sec: 347432.438, prod: 0.000519, t_ads: 27.0, t_des: 78.0, bed_util_ads: 0.276, bed_util_des: 0.275, frac_lost: 0.110, li_recovered:  0.054
L: 0.51, u_super: 0.00743, sec: 265926.562, prod: 0.000531, t_ads: 26.0, t_des: 110.0, bed_util_ads: 0.242, bed_util_des: 0.241, frac_lost: 0.108, li_recovered:  0.072
L: 0.67, u_super: 0.00360, sec: 64261.312, prod: 0.000492, t_ads: 66.0, t_des: 228.0, bed_util_ads: 0.243, bed_util_des: 0.241, frac_lost: 0.102, li_recovered:  0.145
L: 0.55, u_super: 0.00929, sec: 449399.281, prod: 0.000503, t_ads: 22.0, t_des: 64.0, bed_util_ads: 0.277, bed_util_des: 0.276, frac_lost: 0.101, li_recovered:  0.043
L: 0.51, u_super: 0.00524, sec: 132783.172, prod: 0.000514, t_ads: 36.0, t_des: 142.0, bed_util_ads: 0.242, bed_util_des: 0.241, frac_lost: 0.107, li_recovered:  0.092
L: 0.75, u_super: 0.00456, sec: 103166.805, prod: 0.000497, t_ads: 59.0, t_des: 189.0, bed_util_ads: 0.252, bed_util_des: 0.250, frac_lost: 0.104, li_recovered:  0.123
L: 0.52, u_super: 0.00397, sec: 75774.359, prod: 0.000508, t_ads: 47.0, t_des: 171.0, bed_util_ads: 0.244, bed_util_des: 0.243, frac_lost: 0.105, li_recovered:  0.111
L: 0.53, u_super: 0.00072, sec: 2548.666, prod: 0.000470, t_ads: 248.0, t_des: 679.0, bed_util_ads: 0.239, bed_util_des: 0.233, frac_lost: 0.101, li_recovered:  0.436
L: 0.88, u_super: 0.00052, sec: 1606.059, prod: 0.000395, t_ads: 538.0, t_des: 1027.0, bed_util_ads: 0.244, bed_util_des: 0.235, frac_lost: 0.100, li_recovered:  0.619
L: 0.53, u_super: 0.00524, sec: 139890.141, prod: 0.000488, t_ads: 37.0, t_des: 99.0, bed_util_ads: 0.276, bed_util_des: 0.275, frac_lost: 0.106, li_recovered:  0.066
L: 0.75, u_super: 0.00492, sec: 121063.383, prod: 0.000496, t_ads: 54.0, t_des: 191.0, bed_util_ads: 0.244, bed_util_des: 0.242, frac_lost: 0.102, li_recovered:  0.122
L: 0.65, u_super: 0.00071, sec: 2766.587, prod: 0.000422, t_ads: 304.0, t_des: 644.0, bed_util_ads: 0.256, bed_util_des: 0.250, frac_lost: 0.100, li_recovered:  0.400
L: 0.53, u_super: 0.00114, sec: 6274.411, prod: 0.000485, t_ads: 161.0, t_des: 560.0, bed_util_ads: 0.229, bed_util_des: 0.224, frac_lost: 0.101, li_recovered:  0.350
L: 0.73, u_super: 0.00308, sec: 49810.410, prod: 0.000461, t_ads: 83.0, t_des: 217.0, bed_util_ads: 0.263, bed_util_des: 0.262, frac_lost: 0.100, li_recovered:  0.138
L: 0.84, u_super: 0.00524, sec: 138761.781, prod: 0.000491, t_ads: 57.0, t_des: 205.0, bed_util_ads: 0.241, bed_util_des: 0.239, frac_lost: 0.100, li_recovered:  0.129
L: 0.86, u_super: 0.00107, sec: 5836.990, prod: 0.000465, t_ads: 267.0, t_des: 708.0, bed_util_ads: 0.240, bed_util_des: 0.233, frac_lost: 0.100, li_recovered:  0.453
L: 0.76, u_super: 0.00191, sec: 18620.289, prod: 0.000464, t_ads: 137.0, t_des: 354.0, bed_util_ads: 0.257, bed_util_des: 0.254, frac_lost: 0.102, li_recovered:  0.228
L: 0.55, u_super: 0.00077, sec: 2984.617, prod: 0.000465, t_ads: 240.0, t_des: 622.0, bed_util_ads: 0.245, bed_util_des: 0.239, frac_lost: 0.101, li_recovered:  0.401
L: 0.64, u_super: 0.00739, sec: 275117.688, prod: 0.000508, t_ads: 32.0, t_des: 109.0, bed_util_ads: 0.255, bed_util_des: 0.254, frac_lost: 0.104, li_recovered:  0.072
L: 0.50, u_super: 0.00190, sec: 17593.711, prod: 0.000490, t_ads: 92.0, t_des: 301.0, bed_util_ads: 0.243, bed_util_des: 0.240, frac_lost: 0.102, li_recovered:  0.193
L: 0.53, u_super: 0.00452, sec: 102334.453, prod: 0.000492, t_ads: 42.0, t_des: 171.0, bed_util_ads: 0.235, bed_util_des: 0.233, frac_lost: 0.101, li_recovered:  0.105
L: 0.73, u_super: 0.00221, sec: 24848.742, prod: 0.000467, t_ads: 115.0, t_des: 304.0, bed_util_ads: 0.258, bed_util_des: 0.255, frac_lost: 0.101, li_recovered:  0.196
L: 0.60, u_super: 0.00077, sec: 2920.341, prod: 0.000475, t_ads: 266.0, t_des: 934.0, bed_util_ads: 0.217, bed_util_des: 0.209, frac_lost: 0.100, li_recovered:  0.570
L: 0.62, u_super: 0.00360, sec: 64230.316, prod: 0.000490, t_ads: 61.0, t_des: 212.0, bed_util_ads: 0.243, bed_util_des: 0.241, frac_lost: 0.100, li_recovered:  0.134
L: 0.51, u_super: 0.00049, sec: 1234.123, prod: 0.000458, t_ads: 344.0, t_des: 866.0, bed_util_ads: 0.237, bed_util_des: 0.229, frac_lost: 0.101, li_recovered:  0.555
L: 0.53, u_super: 0.00516, sec: 131180.812, prod: 0.000505, t_ads: 37.0, t_des: 143.0, bed_util_ads: 0.242, bed_util_des: 0.241, frac_lost: 0.103, li_recovered:  0.091
L: 0.50, u_super: 0.00743, sec: 283040.500, prod: 0.000499, t_ads: 25.0, t_des: 69.0, bed_util_ads: 0.280, bed_util_des: 0.279, frac_lost: 0.102, li_recovered:  0.047
L: 0.58, u_super: 0.00837, sec: 344604.844, prod: 0.000526, t_ads: 26.0, t_des: 76.0, bed_util_ads: 0.276, bed_util_des: 0.275, frac_lost: 0.109, li_recovered:  0.054
L: 0.53, u_super: 0.00191, sec: 17753.141, prod: 0.000486, t_ads: 98.0, t_des: 361.0, bed_util_ads: 0.232, bed_util_des: 0.228, frac_lost: 0.101, li_recovered:  0.223
L: 0.51, u_super: 0.00837, sec: 350744.250, prod: 0.000517, t_ads: 23.0, t_des: 61.0, bed_util_ads: 0.288, bed_util_des: 0.287, frac_lost: 0.109, li_recovered:  0.043
L: 0.62, u_super: 0.00543, sec: 143004.688, prod: 0.000513, t_ads: 42.0, t_des: 164.0, bed_util_ads: 0.241, bed_util_des: 0.239, frac_lost: 0.107, li_recovered:  0.106
L: 0.86, u_super: 0.00221, sec: 24056.480, prod: 0.000483, t_ads: 134.0, t_des: 435.0, bed_util_ads: 0.237, bed_util_des: 0.233, frac_lost: 0.100, li_recovered:  0.275
L: 0.52, u_super: 0.00849, sec: 357573.625, prod: 0.000523, t_ads: 23.0, t_des: 79.0, bed_util_ads: 0.262, bed_util_des: 0.261, frac_lost: 0.106, li_recovered:  0.053
L: 0.56, u_super: 0.00051, sec: 1348.281, prod: 0.000455, t_ads: 359.0, t_des: 887.0, bed_util_ads: 0.237, bed_util_des: 0.229, frac_lost: 0.100, li_recovered:  0.567
L: 0.64, u_super: 0.00037, sec: 1040.331, prod: 0.000309, t_ads: 540.0, t_des: 838.0, bed_util_ads: 0.261, bed_util_des: 0.255, frac_lost: 0.100, li_recovered:  0.425
    12 |      480 |     21 |  0.2765750323 |         nadir
L: 0.93, u_super: 0.00247, sec: 30127.143, prod: 0.000485, t_ads: 130.0, t_des: 420.0, bed_util_ads: 0.238, bed_util_des: 0.235, frac_lost: 0.101, li_recovered:  0.267
L: 1.15, u_super: 0.00016, sec: inf, prod: 0.000000, t_ads: 1527.0, t_des: 0.0, bed_util_ads: 0.245, bed_util_des: 0.245, frac_lost: 0.100, li_recovered:  0.000
L: 0.51, u_super: 0.00053, sec: 8278.507, prod: 0.000079, t_ads: 307.0, t_des: 356.0, bed_util_ads: 0.309, bed_util_des: 0.308, frac_lost: 0.100, li_recovered:  0.052
L: 0.51, u_super: 0.00247, sec: 29681.711, prod: 0.000492, t_ads: 73.0, t_des: 250.0, bed_util_ads: 0.242, bed_util_des: 0.240, frac_lost: 0.103, li_recovered:  0.159
L: 0.61, u_super: 0.00368, sec: 67387.641, prod: 0.000488, t_ads: 59.0, t_des: 206.0, bed_util_ads: 0.243, bed_util_des: 0.241, frac_lost: 0.101, li_recovered:  0.129
L: 0.51, u_super: 0.00492, sec: 121536.438, prod: 0.000494, t_ads: 37.0, t_des: 129.0, bed_util_ads: 0.249, bed_util_des: 0.248, frac_lost: 0.100, li_recovered:  0.082
L: 0.60, u_super: 0.00109, sec: 5921.464, prod: 0.000471, t_ads: 186.0, t_des: 515.0, bed_util_ads: 0.244, bed_util_des: 0.240, frac_lost: 0.100, li_recovered:  0.330
L: 0.51, u_super: 0.00476, sec: 111511.359, prod: 0.000502, t_ads: 39.0, t_des: 152.0, bed_util_ads: 0.240, bed_util_des: 0.239, frac_lost: 0.103, li_recovered:  0.096
L: 0.52, u_super: 0.00249, sec: 30652.143, prod: 0.000486, t_ads: 73.0, t_des: 268.0, bed_util_ads: 0.236, bed_util_des: 0.233, frac_lost: 0.101, li_recovered:  0.166
L: 0.60, u_super: 0.00836, sec: 339323.906, prod: 0.000534, t_ads: 27.0, t_des: 114.0, bed_util_ads: 0.242, bed_util_des: 0.241, frac_lost: 0.110, li_recovered:  0.075
L: 0.64, u_super: 0.00748, sec: 282724.031, prod: 0.000507, t_ads: 31.0, t_des: 107.0, bed_util_ads: 0.254, bed_util_des: 0.253, frac_lost: 0.102, li_recovered:  0.070
L: 0.51, u_super: 0.00239, sec: 29092.258, prod: 0.000469, t_ads: 75.0, t_des: 204.0, bed_util_ads: 0.262, bed_util_des: 0.260, frac_lost: 0.101, li_recovered:  0.131
L: 0.51, u_super: 0.00271, sec: 36236.785, prod: 0.000487, t_ads: 66.0, t_des: 215.0, bed_util_ads: 0.247, bed_util_des: 0.245, frac_lost: 0.101, li_recovered:  0.137
L: 0.55, u_super: 0.00846, sec: 379931.188, prod: 0.000489, t_ads: 24.0, t_des: 68.0, bed_util_ads: 0.277, bed_util_des: 0.276, frac_lost: 0.102, li_recovered:  0.045
L: 0.51, u_super: 0.00495, sec: 125455.961, prod: 0.000484, t_ads: 37.0, t_des: 104.0, bed_util_ads: 0.270, bed_util_des: 0.269, frac_lost: 0.101, li_recovered:  0.068
L: 0.64, u_super: 0.00046, sec: 1399.542, prod: 0.000350, t_ads: 442.0, t_des: 757.0, bed_util_ads: 0.261, bed_util_des: 0.255, frac_lost: 0.100, li_recovered:  0.419
L: 0.51, u_super: 0.00058, sec: 1772.862, prod: 0.000444, t_ads: 292.0, t_des: 681.0, bed_util_ads: 0.248, bed_util_des: 0.242, frac_lost: 0.100, li_recovered:  0.432
L: 0.55, u_super: 0.00037, sec: 948.551, prod: 0.000339, t_ads: 471.0, t_des: 783.0, bed_util_ads: 0.261, bed_util_des: 0.255, frac_lost: 0.100, li_recovered:  0.425
L: 0.65, u_super: 0.00051, sec: 1385.599, prod: 0.000435, t_ads: 417.0, t_des: 923.0, bed_util_ads: 0.241, bed_util_des: 0.233, frac_lost: 0.100, li_recovered:  0.583
L: 0.52, u_super: 0.00793, sec: 319621.906, prod: 0.000507, t_ads: 24.0, t_des: 85.0, bed_util_ads: 0.256, bed_util_des: 0.255, frac_lost: 0.100, li_recovered:  0.055
L: 0.52, u_super: 0.00411, sec: 82533.055, prod: 0.000501, t_ads: 45.0, t_des: 163.0, bed_util_ads: 0.244, bed_util_des: 0.243, frac_lost: 0.102, li_recovered:  0.104
L: 0.51, u_super: 0.00523, sec: 142711.625, prod: 0.000477, t_ads: 35.0, t_des: 95.0, bed_util_ads: 0.274, bed_util_des: 0.273, frac_lost: 0.102, li_recovered:  0.062
L: 0.61, u_super: 0.00492, sec: 119259.234, prod: 0.000504, t_ads: 45.0, t_des: 157.0, bed_util_ads: 0.248, bed_util_des: 0.247, frac_lost: 0.104, li_recovered:  0.102
L: 0.52, u_super: 0.00837, sec: 362728.031, prod: 0.000500, t_ads: 23.0, t_des: 67.0, bed_util_ads: 0.276, bed_util_des: 0.275, frac_lost: 0.103, li_recovered:  0.045
L: 1.06, u_super: 0.00679, sec: 243695.359, prod: 0.000480, t_ads: 56.0, t_des: 276.0, bed_util_ads: 0.217, bed_util_des: 0.214, frac_lost: 0.105, li_recovered:  0.159
L: 0.63, u_super: 0.00742, sec: 284363.906, prod: 0.000496, t_ads: 31.0, t_des: 121.0, bed_util_ads: 0.242, bed_util_des: 0.241, frac_lost: 0.100, li_recovered:  0.075
L: 0.67, u_super: 0.00450, sec: 101105.742, prod: 0.000493, t_ads: 53.0, t_des: 190.0, bed_util_ads: 0.242, bed_util_des: 0.241, frac_lost: 0.102, li_recovered:  0.120
L: 0.50, u_super: 0.00537, sec: 151130.031, prod: 0.000476, t_ads: 34.0, t_des: 92.0, bed_util_ads: 0.274, bed_util_des: 0.274, frac_lost: 0.102, li_recovered:  0.060
L: 0.52, u_super: 0.00916, sec: 405309.125, prod: 0.000542, t_ads: 22.0, t_des: 98.0, bed_util_ads: 0.242, bed_util_des: 0.241, frac_lost: 0.113, li_recovered:  0.065
L: 0.52, u_super: 0.00743, sec: 273576.531, prod: 0.000516, t_ads: 26.0, t_des: 108.0, bed_util_ads: 0.242, bed_util_des: 0.241, frac_lost: 0.106, li_recovered:  0.069
L: 0.52, u_super: 0.00469, sec: 107293.289, prod: 0.000505, t_ads: 40.0, t_des: 152.0, bed_util_ads: 0.242, bed_util_des: 0.241, frac_lost: 0.104, li_recovered:  0.097
L: 0.51, u_super: 0.00086, sec: 3684.839, prod: 0.000475, t_ads: 200.0, t_des: 583.0, bed_util_ads: 0.238, bed_util_des: 0.233, frac_lost: 0.100, li_recovered:  0.372
L: 0.59, u_super: 0.00835, sec: 338058.781, prod: 0.000535, t_ads: 27.0, t_des: 105.0, bed_util_ads: 0.249, bed_util_des: 0.248, frac_lost: 0.111, li_recovered:  0.071
L: 0.52, u_super: 0.00323, sec: 50743.430, prod: 0.000497, t_ads: 57.0, t_des: 207.0, bed_util_ads: 0.241, bed_util_des: 0.239, frac_lost: 0.102, li_recovered:  0.131
L: 0.89, u_super: 0.00743, sec: 283754.469, prod: 0.000498, t_ads: 43.0, t_des: 141.0, bed_util_ads: 0.253, bed_util_des: 0.252, frac_lost: 0.101, li_recovered:  0.092
L: 0.65, u_super: 0.00051, sec: 1381.222, prod: 0.000444, t_ads: 414.0, t_des: 960.0, bed_util_ads: 0.238, bed_util_des: 0.229, frac_lost: 0.100, li_recovered:  0.610
L: 0.63, u_super: 0.00397, sec: 76521.633, prod: 0.000503, t_ads: 57.0, t_des: 200.0, bed_util_ads: 0.245, bed_util_des: 0.243, frac_lost: 0.105, li_recovered:  0.129
L: 0.64, u_super: 0.00820, sec: 340594.812, prod: 0.000510, t_ads: 29.0, t_des: 94.0, bed_util_ads: 0.262, bed_util_des: 0.261, frac_lost: 0.104, li_recovered:  0.063
L: 0.51, u_super: 0.00191, sec: 17793.191, prod: 0.000485, t_ads: 93.0, t_des: 345.0, bed_util_ads: 0.231, bed_util_des: 0.228, frac_lost: 0.100, li_recovered:  0.212
L: 0.73, u_super: 0.00080, sec: 3134.752, prod: 0.000475, t_ads: 309.0, t_des: 961.0, bed_util_ads: 0.223, bed_util_des: 0.214, frac_lost: 0.100, li_recovered:  0.603
    13 |      520 |     21 |  0.1417967641 |         nadir
L: 0.51, u_super: 0.00492, sec: 147427.484, prod: 0.000408, t_ads: 37.0, t_des: 79.0, bed_util_ads: 0.296, bed_util_des: 0.295, frac_lost: 0.102, li_recovered:  0.047
L: 0.51, u_super: 0.00761, sec: 296179.688, prod: 0.000502, t_ads: 25.0, t_des: 114.0, bed_util_ads: 0.234, bed_util_des: 0.233, frac_lost: 0.103, li_recovered:  0.070
L: 0.55, u_super: 0.00068, sec: 2598.003, prod: 0.000420, t_ads: 267.0, t_des: 563.0, bed_util_ads: 0.260, bed_util_des: 0.255, frac_lost: 0.101, li_recovered:  0.349
L: 0.55, u_super: 0.00885, sec: 411669.500, prod: 0.000496, t_ads: 23.0, t_des: 66.0, bed_util_ads: 0.277, bed_util_des: 0.276, frac_lost: 0.100, li_recovered:  0.044
L: 0.58, u_super: 0.00095, sec: 4420.062, prod: 0.000478, t_ads: 208.0, t_des: 628.0, bed_util_ads: 0.235, bed_util_des: 0.229, frac_lost: 0.101, li_recovered:  0.400
L: 0.62, u_super: 0.00837, sec: 341456.875, prod: 0.000531, t_ads: 28.0, t_des: 83.0, bed_util_ads: 0.274, bed_util_des: 0.273, frac_lost: 0.111, li_recovered:  0.059
L: 0.61, u_super: 0.00400, sec: 78988.250, prod: 0.000495, t_ads: 54.0, t_des: 181.0, bed_util_ads: 0.248, bed_util_des: 0.247, frac_lost: 0.102, li_recovered:  0.116
L: 1.00, u_super: 0.00807, sec: 335276.844, prod: 0.000502, t_ads: 45.0, t_des: 135.0, bed_util_ads: 0.262, bed_util_des: 0.261, frac_lost: 0.105, li_recovered:  0.090
L: 0.64, u_super: 0.00096, sec: 5008.167, prod: 0.000433, t_ads: 225.0, t_des: 501.0, bed_util_ads: 0.260, bed_util_des: 0.255, frac_lost: 0.101, li_recovered:  0.314
L: 0.52, u_super: 0.00190, sec: 17749.619, prod: 0.000484, t_ads: 96.0, t_des: 308.0, bed_util_ads: 0.243, bed_util_des: 0.241, frac_lost: 0.101, li_recovered:  0.195
L: 0.64, u_super: 0.00070, sec: 2564.674, prod: 0.000450, t_ads: 302.0, t_des: 722.0, bed_util_ads: 0.245, bed_util_des: 0.239, frac_lost: 0.100, li_recovered:  0.461
L: 0.52, u_super: 0.00283, sec: 38655.492, prod: 0.000500, t_ads: 65.0, t_des: 226.0, bed_util_ads: 0.243, bed_util_des: 0.241, frac_lost: 0.104, li_recovered:  0.146
L: 0.51, u_super: 0.00016, sec: 184.396, prod: 0.000341, t_ads: 935.0, t_des: 1519.0, bed_util_ads: 0.230, bed_util_des: 0.218, frac_lost: 0.100, li_recovered:  0.836
L: 0.51, u_super: 0.00049, sec: 1291.851, prod: 0.000438, t_ads: 342.0, t_des: 766.0, bed_util_ads: 0.247, bed_util_des: 0.240, frac_lost: 0.101, li_recovered:  0.485
L: 0.55, u_super: 0.00053, sec: 1651.811, prod: 0.000390, t_ads: 343.0, t_des: 656.0, bed_util_ads: 0.261, bed_util_des: 0.255, frac_lost: 0.100, li_recovered:  0.390
L: 0.51, u_super: 0.00710, sec: 246665.906, prod: 0.000521, t_ads: 27.0, t_des: 112.0, bed_util_ads: 0.242, bed_util_des: 0.241, frac_lost: 0.107, li_recovered:  0.072
L: 0.63, u_super: 0.00191, sec: 17813.207, prod: 0.000484, t_ads: 114.0, t_des: 402.0, bed_util_ads: 0.233, bed_util_des: 0.229, frac_lost: 0.101, li_recovered:  0.250
L: 0.51, u_super: 0.00916, sec: 424065.500, prod: 0.000518, t_ads: 21.0, t_des: 91.0, bed_util_ads: 0.242, bed_util_des: 0.241, frac_lost: 0.101, li_recovered:  0.058
L: 0.64, u_super: 0.00464, sec: 107029.469, prod: 0.000497, t_ads: 49.0, t_des: 177.0, bed_util_ads: 0.243, bed_util_des: 0.242, frac_lost: 0.102, li_recovered:  0.112
L: 0.53, u_super: 0.00494, sec: 118410.922, prod: 0.000510, t_ads: 39.0, t_des: 151.0, bed_util_ads: 0.242, bed_util_des: 0.240, frac_lost: 0.106, li_recovered:  0.097
L: 1.12, u_super: 0.00043, sec: 2161.972, prod: 0.000197, t_ads: 768.0, t_des: 946.0, bed_util_ads: 0.260, bed_util_des: 0.255, frac_lost: 0.100, li_recovered:  0.337
L: 0.63, u_super: 0.00397, sec: 76557.727, prod: 0.000503, t_ads: 57.0, t_des: 200.0, bed_util_ads: 0.245, bed_util_des: 0.243, frac_lost: 0.105, li_recovered:  0.129
L: 0.51, u_super: 0.00568, sec: 155935.484, prod: 0.000518, t_ads: 33.0, t_des: 121.0, bed_util_ads: 0.249, bed_util_des: 0.248, frac_lost: 0.106, li_recovered:  0.080
L: 0.62, u_super: 0.00462, sec: 105755.141, prod: 0.000499, t_ads: 48.0, t_des: 172.0, bed_util_ads: 0.244, bed_util_des: 0.243, frac_lost: 0.103, li_recovered:  0.110
L: 0.55, u_super: 0.00876, sec: 414781.250, prod: 0.000482, t_ads: 24.0, t_des: 54.0, bed_util_ads: 0.305, bed_util_des: 0.304, frac_lost: 0.112, li_recovered:  0.038
L: 0.66, u_super: 0.00531, sec: 139451.891, prod: 0.000503, t_ads: 45.0, t_des: 154.0, bed_util_ads: 0.250, bed_util_des: 0.248, frac_lost: 0.104, li_recovered:  0.100
L: 0.62, u_super: 0.00513, sec: 128835.656, prod: 0.000507, t_ads: 44.0, t_des: 158.0, bed_util_ads: 0.246, bed_util_des: 0.245, frac_lost: 0.104, li_recovered:  0.102
L: 0.70, u_super: 0.00461, sec: 107341.297, prod: 0.000488, t_ads: 54.0, t_des: 216.0, bed_util_ads: 0.232, bed_util_des: 0.231, frac_lost: 0.100, li_recovered:  0.132
L: 0.51, u_super: 0.00239, sec: 28200.781, prod: 0.000484, t_ads: 75.0, t_des: 222.0, bed_util_ads: 0.254, bed_util_des: 0.252, frac_lost: 0.102, li_recovered:  0.144
L: 0.53, u_super: 0.00538, sec: 139563.688, prod: 0.000516, t_ads: 36.0, t_des: 142.0, bed_util_ads: 0.242, bed_util_des: 0.241, frac_lost: 0.107, li_recovered:  0.092
L: 0.50, u_super: 0.00421, sec: 98820.844, prod: 0.000441, t_ads: 43.0, t_des: 100.0, bed_util_ads: 0.285, bed_util_des: 0.284, frac_lost: 0.103, li_recovered:  0.063
L: 0.59, u_super: 0.00826, sec: 341440.938, prod: 0.000518, t_ads: 27.0, t_des: 83.0, bed_util_ads: 0.269, bed_util_des: 0.268, frac_lost: 0.108, li_recovered:  0.057
L: 0.92, u_super: 0.00876, sec: 401977.125, prod: 0.000497, t_ads: 38.0, t_des: 112.0, bed_util_ads: 0.266, bed_util_des: 0.265, frac_lost: 0.104, li_recovered:  0.075
L: 0.52, u_super: 0.00906, sec: 400303.531, prod: 0.000536, t_ads: 22.0, t_des: 97.0, bed_util_ads: 0.242, bed_util_des: 0.241, frac_lost: 0.109, li_recovered:  0.064
L: 0.52, u_super: 0.00169, sec: 13952.887, prod: 0.000487, t_ads: 106.0, t_des: 358.0, bed_util_ads: 0.238, bed_util_des: 0.235, frac_lost: 0.102, li_recovered:  0.226
L: 0.68, u_super: 0.00034, sec: 729.213, prod: 0.000374, t_ads: 625.0, t_des: 1117.0, bed_util_ads: 0.242, bed_util_des: 0.233, frac_lost: 0.100, li_recovered:  0.652
L: 0.55, u_super: 0.00067, sec: 2172.236, prod: 0.000478, t_ads: 277.0, t_des: 905.0, bed_util_ads: 0.222, bed_util_des: 0.214, frac_lost: 0.101, li_recovered:  0.565
L: 0.51, u_super: 0.00228, sec: 30192.557, prod: 0.000412, t_ads: 79.0, t_des: 168.0, bed_util_ads: 0.284, bed_util_des: 0.283, frac_lost: 0.102, li_recovered:  0.102
L: 0.53, u_super: 0.00497, sec: 199408.562, prod: 0.000307, t_ads: 38.0, t_des: 66.0, bed_util_ads: 0.316, bed_util_des: 0.315, frac_lost: 0.102, li_recovered:  0.032
L: 0.51, u_super: 0.00049, sec: 1419.286, prod: 0.000399, t_ads: 339.0, t_des: 665.0, bed_util_ads: 0.259, bed_util_des: 0.253, frac_lost: 0.100, li_recovered:  0.400
    14 |      560 |     25 |  0.0092471215 |         nadir
L: 0.51, u_super: 0.00118, sec: 6805.500, prod: 0.000479, t_ads: 149.0, t_des: 463.0, bed_util_ads: 0.239, bed_util_des: 0.235, frac_lost: 0.100, li_recovered:  0.293
L: 0.52, u_super: 0.00304, sec: 45341.281, prod: 0.000493, t_ads: 60.0, t_des: 226.0, bed_util_ads: 0.237, bed_util_des: 0.235, frac_lost: 0.101, li_recovered:  0.141
L: 0.51, u_super: 0.00059, sec: 1889.794, prod: 0.000435, t_ads: 286.0, t_des: 636.0, bed_util_ads: 0.253, bed_util_des: 0.248, frac_lost: 0.101, li_recovered:  0.401
L: 0.51, u_super: 0.00502, sec: 122451.883, prod: 0.000511, t_ads: 37.0, t_des: 142.0, bed_util_ads: 0.243, bed_util_des: 0.242, frac_lost: 0.105, li_recovered:  0.092
L: 0.52, u_super: 0.00397, sec: 75768.719, prod: 0.000508, t_ads: 47.0, t_des: 171.0, bed_util_ads: 0.244, bed_util_des: 0.243, frac_lost: 0.105, li_recovered:  0.111
L: 0.86, u_super: 0.00049, sec: 2538.809, prod: 0.000223, t_ads: 538.0, t_des: 724.0, bed_util_ads: 0.273, bed_util_des: 0.269, frac_lost: 0.100, li_recovered:  0.281
L: 0.52, u_super: 0.00037, sec: 721.742, prod: 0.000438, t_ads: 460.0, t_des: 1036.0, bed_util_ads: 0.237, bed_util_des: 0.227, frac_lost: 0.100, li_recovered:  0.656
L: 0.55, u_super: 0.00028, sec: 620.131, prod: 0.000294, t_ads: 606.0, t_des: 910.0, bed_util_ads: 0.258, bed_util_des: 0.252, frac_lost: 0.100, li_recovered:  0.446
L: 0.51, u_super: 0.00166, sec: 13414.573, prod: 0.000484, t_ads: 107.0, t_des: 337.0, bed_util_ads: 0.243, bed_util_des: 0.240, frac_lost: 0.101, li_recovered:  0.215
L: 0.63, u_super: 0.00397, sec: 79650.766, prod: 0.000483, t_ads: 57.0, t_des: 260.0, bed_util_ads: 0.222, bed_util_des: 0.220, frac_lost: 0.103, li_recovered:  0.153
L: 0.87, u_super: 0.00041, sec: 1164.540, prod: 0.000329, t_ads: 658.0, t_des: 1053.0, bed_util_ads: 0.249, bed_util_des: 0.241, frac_lost: 0.100, li_recovered:  0.563
L: 0.81, u_super: 0.00809, sec: 345447.156, prod: 0.000489, t_ads: 36.0, t_des: 110.0, bed_util_ads: 0.262, bed_util_des: 0.261, frac_lost: 0.101, li_recovered:  0.071
L: 0.51, u_super: 0.00571, sec: 157428.953, prod: 0.000519, t_ads: 33.0, t_des: 131.0, bed_util_ads: 0.243, bed_util_des: 0.242, frac_lost: 0.107, li_recovered:  0.085
L: 0.51, u_super: 0.00492, sec: 116216.516, prod: 0.000517, t_ads: 38.0, t_des: 136.0, bed_util_ads: 0.250, bed_util_des: 0.248, frac_lost: 0.107, li_recovered:  0.090
L: 0.52, u_super: 0.00051, sec: 1342.259, prod: 0.000457, t_ads: 334.0, t_des: 830.0, bed_util_ads: 0.239, bed_util_des: 0.232, frac_lost: 0.101, li_recovered:  0.532
L: 0.54, u_super: 0.00050, sec: 1287.179, prod: 0.000448, t_ads: 360.0, t_des: 854.0, bed_util_ads: 0.241, bed_util_des: 0.233, frac_lost: 0.100, li_recovered:  0.544
L: 0.52, u_super: 0.00877, sec: 366529.156, prod: 0.000546, t_ads: 23.0, t_des: 102.0, bed_util_ads: 0.242, bed_util_des: 0.241, frac_lost: 0.114, li_recovered:  0.068
L: 0.51, u_super: 0.00038, sec: 726.805, prod: 0.000457, t_ads: 442.0, t_des: 1127.0, bed_util_ads: 0.228, bed_util_des: 0.218, frac_lost: 0.100, li_recovered:  0.718
L: 0.51, u_super: 0.00839, sec: 352279.406, prod: 0.000518, t_ads: 23.0, t_des: 98.0, bed_util_ads: 0.242, bed_util_des: 0.241, frac_lost: 0.104, li_recovered:  0.063
L: 0.64, u_super: 0.00459, sec: 103145.500, prod: 0.000504, t_ads: 50.0, t_des: 188.0, bed_util_ads: 0.241, bed_util_des: 0.239, frac_lost: 0.105, li_recovered:  0.120
L: 0.55, u_super: 0.00853, sec: 374270.938, prod: 0.000505, t_ads: 24.0, t_des: 69.0, bed_util_ads: 0.277, bed_util_des: 0.276, frac_lost: 0.104, li_recovered:  0.047
L: 0.63, u_super: 0.00381, sec: 71763.539, prod: 0.000494, t_ads: 59.0, t_des: 208.0, bed_util_ads: 0.243, bed_util_des: 0.241, frac_lost: 0.103, li_recovered:  0.132
L: 0.52, u_super: 0.00044, sec: 1186.261, prod: 0.000375, t_ads: 382.0, t_des: 699.0, bed_util_ads: 0.261, bed_util_des: 0.255, frac_lost: 0.100, li_recovered:  0.406
L: 0.50, u_super: 0.00743, sec: 279245.594, prod: 0.000506, t_ads: 25.0, t_des: 103.0, bed_util_ads: 0.242, bed_util_des: 0.241, frac_lost: 0.101, li_recovered:  0.065
L: 0.53, u_super: 0.00538, sec: 142053.734, prod: 0.000508, t_ads: 36.0, t_des: 162.0, bed_util_ads: 0.231, bed_util_des: 0.229, frac_lost: 0.107, li_recovered:  0.101
L: 0.53, u_super: 0.00162, sec: 12755.020, prod: 0.000486, t_ads: 113.0, t_des: 382.0, bed_util_ads: 0.237, bed_util_des: 0.233, frac_lost: 0.101, li_recovered:  0.241
L: 0.51, u_super: 0.00886, sec: 415962.219, prod: 0.000492, t_ads: 22.0, t_des: 127.0, bed_util_ads: 0.219, bed_util_des: 0.218, frac_lost: 0.109, li_recovered:  0.073
L: 0.53, u_super: 0.00536, sec: 138272.266, prod: 0.000518, t_ads: 36.0, t_des: 120.0, bed_util_ads: 0.257, bed_util_des: 0.256, frac_lost: 0.106, li_recovered:  0.081
L: 0.51, u_super: 0.00704, sec: 244753.766, prod: 0.000515, t_ads: 27.0, t_des: 111.0, bed_util_ads: 0.242, bed_util_des: 0.241, frac_lost: 0.104, li_recovered:  0.071
L: 0.55, u_super: 0.00880, sec: 408025.719, prod: 0.000494, t_ads: 23.0, t_des: 66.0, bed_util_ads: 0.277, bed_util_des: 0.276, frac_lost: 0.101, li_recovered:  0.044
L: 0.53, u_super: 0.00536, sec: 142030.109, prod: 0.000503, t_ads: 36.0, t_des: 154.0, bed_util_ads: 0.234, bed_util_des: 0.233, frac_lost: 0.105, li_recovered:  0.096
L: 0.52, u_super: 0.00838, sec: 356976.406, prod: 0.000510, t_ads: 23.0, t_des: 72.0, bed_util_ads: 0.269, bed_util_des: 0.268, frac_lost: 0.102, li_recovered:  0.048
L: 0.51, u_super: 0.00490, sec: 115581.844, prod: 0.000514, t_ads: 38.0, t_des: 135.0, bed_util_ads: 0.250, bed_util_des: 0.249, frac_lost: 0.106, li_recovered:  0.089
L: 0.51, u_super: 0.00278, sec: 37824.102, prod: 0.000491, t_ads: 65.0, t_des: 223.0, bed_util_ads: 0.243, bed_util_des: 0.241, frac_lost: 0.101, li_recovered:  0.141
L: 0.56, u_super: 0.00044, sec: 1194.477, prod: 0.000373, t_ads: 410.0, t_des: 744.0, bed_util_ads: 0.259, bed_util_des: 0.253, frac_lost: 0.100, li_recovered:  0.430
L: 0.51, u_super: 0.00677, sec: 224777.500, prod: 0.000518, t_ads: 28.0, t_des: 114.0, bed_util_ads: 0.243, bed_util_des: 0.242, frac_lost: 0.104, li_recovered:  0.074
L: 0.51, u_super: 0.00049, sec: 1194.975, prod: 0.000473, t_ads: 348.0, t_des: 1113.0, bed_util_ads: 0.218, bed_util_des: 0.208, frac_lost: 0.101, li_recovered:  0.692
L: 0.55, u_super: 0.00016, sec: 266.687, prod: 0.000217, t_ads: 1001.0, t_des: 1240.0, bed_util_ads: 0.243, bed_util_des: 0.237, frac_lost: 0.100, li_recovered:  0.487
L: 0.53, u_super: 0.00576, sec: 172878.438, prod: 0.000481, t_ads: 33.0, t_des: 91.0, bed_util_ads: 0.273, bed_util_des: 0.272, frac_lost: 0.101, li_recovered:  0.060
L: 0.50, u_super: 0.00743, sec: 274239.438, prod: 0.000515, t_ads: 25.0, t_des: 104.0, bed_util_ads: 0.242, bed_util_des: 0.241, frac_lost: 0.102, li_recovered:  0.066
    15 |      600 |     28 |  0.0085088921 |             f
L: 0.53, u_super: 0.00849, sec: 345978.812, prod: 0.000541, t_ads: 24.0, t_des: 96.0, bed_util_ads: 0.249, bed_util_des: 0.249, frac_lost: 0.112, li_recovered:  0.065
L: 0.51, u_super: 0.00493, sec: 115613.438, prod: 0.000520, t_ads: 38.0, t_des: 123.0, bed_util_ads: 0.259, bed_util_des: 0.258, frac_lost: 0.107, li_recovered:  0.084
L: 0.60, u_super: 0.00025, sec: 341.630, prod: 0.000441, t_ads: 776.0, t_des: 2305.0, bed_util_ads: 0.196, bed_util_des: 0.177, frac_lost: 0.100, li_recovered:  1.357
L: 0.55, u_super: 0.00012, sec: 290.536, prod: 0.000111, t_ads: 1247.0, t_des: 1163.0, bed_util_ads: 0.240, bed_util_des: 0.237, frac_lost: 0.100, li_recovered:  0.269
L: 0.52, u_super: 0.00044, sec: 1624.313, prod: 0.000274, t_ads: 377.0, t_des: 566.0, bed_util_ads: 0.279, bed_util_des: 0.276, frac_lost: 0.101, li_recovered:  0.258
L: 0.65, u_super: 0.00397, sec: 79747.016, prod: 0.000483, t_ads: 58.0, t_des: 164.0, bed_util_ads: 0.263, bed_util_des: 0.261, frac_lost: 0.102, li_recovered:  0.107
L: 0.66, u_super: 0.00479, sec: 112304.273, prod: 0.000506, t_ads: 50.0, t_des: 188.0, bed_util_ads: 0.241, bed_util_des: 0.239, frac_lost: 0.105, li_recovered:  0.120
L: 0.51, u_super: 0.00076, sec: 2882.165, prod: 0.000474, t_ads: 226.0, t_des: 665.0, bed_util_ads: 0.235, bed_util_des: 0.229, frac_lost: 0.100, li_recovered:  0.423
L: 0.51, u_super: 0.00023, sec: 306.303, prod: 0.000401, t_ads: 700.0, t_des: 1370.0, bed_util_ads: 0.230, bed_util_des: 0.218, frac_lost: 0.100, li_recovered:  0.831
L: 0.52, u_super: 0.00574, sec: 162774.812, prod: 0.000507, t_ads: 33.0, t_des: 129.0, bed_util_ads: 0.242, bed_util_des: 0.241, frac_lost: 0.102, li_recovered:  0.082
L: 0.60, u_super: 0.00800, sec: 310536.812, prod: 0.000531, t_ads: 28.0, t_des: 86.0, bed_util_ads: 0.270, bed_util_des: 0.269, frac_lost: 0.109, li_recovered:  0.061
L: 0.52, u_super: 0.00575, sec: 162028.844, prod: 0.000510, t_ads: 33.0, t_des: 119.0, bed_util_ads: 0.250, bed_util_des: 0.249, frac_lost: 0.105, li_recovered:  0.078
L: 0.52, u_super: 0.00282, sec: 38828.570, prod: 0.000494, t_ads: 65.0, t_des: 224.0, bed_util_ads: 0.243, bed_util_des: 0.241, frac_lost: 0.102, li_recovered:  0.143
L: 0.51, u_super: 0.00766, sec: 288115.094, prod: 0.000523, t_ads: 25.0, t_des: 106.0, bed_util_ads: 0.242, bed_util_des: 0.241, frac_lost: 0.107, li_recovered:  0.068
L: 0.51, u_super: 0.00495, sec: 121063.516, prod: 0.000502, t_ads: 37.0, t_des: 130.0, bed_util_ads: 0.249, bed_util_des: 0.248, frac_lost: 0.101, li_recovered:  0.084
L: 0.50, u_super: 0.00545, sec: 144539.484, prod: 0.000514, t_ads: 34.0, t_des: 148.0, bed_util_ads: 0.235, bed_util_des: 0.233, frac_lost: 0.108, li_recovered:  0.093
L: 0.59, u_super: 0.00911, sec: 476095.000, prod: 0.000456, t_ads: 24.0, t_des: 148.0, bed_util_ads: 0.209, bed_util_des: 0.208, frac_lost: 0.100, li_recovered:  0.078
L: 0.51, u_super: 0.00492, sec: 122940.398, prod: 0.000488, t_ads: 38.0, t_des: 194.0, bed_util_ads: 0.219, bed_util_des: 0.218, frac_lost: 0.107, li_recovered:  0.113
L: 0.51, u_super: 0.00031, sec: 770.772, prod: 0.000298, t_ads: 509.0, t_des: 778.0, bed_util_ads: 0.265, bed_util_des: 0.260, frac_lost: 0.100, li_recovered:  0.384
L: 0.52, u_super: 0.00114, sec: 7034.092, prod: 0.000434, t_ads: 156.0, t_des: 351.0, bed_util_ads: 0.267, bed_util_des: 0.264, frac_lost: 0.101, li_recovered:  0.220
L: 0.79, u_super: 0.00479, sec: 120456.703, prod: 0.000471, t_ads: 59.0, t_des: 154.0, bed_util_ads: 0.270, bed_util_des: 0.269, frac_lost: 0.103, li_recovered:  0.100
L: 0.51, u_super: 0.00743, sec: 265330.125, prod: 0.000532, t_ads: 26.0, t_des: 97.0, bed_util_ads: 0.253, bed_util_des: 0.252, frac_lost: 0.109, li_recovered:  0.065
L: 0.57, u_super: 0.00397, sec: 78052.766, prod: 0.000493, t_ads: 51.0, t_des: 179.0, bed_util_ads: 0.244, bed_util_des: 0.243, frac_lost: 0.100, li_recovered:  0.113
L: 0.55, u_super: 0.00880, sec: 369046.344, prod: 0.000547, t_ads: 24.0, t_des: 84.0, bed_util_ads: 0.262, bed_util_des: 0.261, frac_lost: 0.113, li_recovered:  0.059
L: 0.61, u_super: 0.00837, sec: 351083.469, prod: 0.000517, t_ads: 27.0, t_des: 116.0, bed_util_ads: 0.239, bed_util_des: 0.238, frac_lost: 0.106, li_recovered:  0.074
L: 0.62, u_super: 0.00038, sec: 759.344, prod: 0.000438, t_ads: 532.0, t_des: 1208.0, bed_util_ads: 0.230, bed_util_des: 0.220, frac_lost: 0.100, li_recovered:  0.762
L: 0.51, u_super: 0.00006, sec: inf, prod: 0.000000, t_ads: 1621.0, t_des: 0.0, bed_util_ads: 0.244, bed_util_des: 0.244, frac_lost: 0.100, li_recovered:  0.000
L: 0.68, u_super: 0.00765, sec: 289614.594, prod: 0.000519, t_ads: 33.0, t_des: 131.0, bed_util_ads: 0.243, bed_util_des: 0.242, frac_lost: 0.106, li_recovered:  0.085
L: 0.51, u_super: 0.00934, sec: 429050.406, prod: 0.000533, t_ads: 21.0, t_des: 93.0, bed_util_ads: 0.243, bed_util_des: 0.242, frac_lost: 0.110, li_recovered:  0.061
L: 0.53, u_super: 0.00536, sec: 140126.484, prod: 0.000512, t_ads: 36.0, t_des: 120.0, bed_util_ads: 0.256, bed_util_des: 0.255, frac_lost: 0.106, li_recovered:  0.080
L: 0.51, u_super: 0.00397, sec: 110599.664, prod: 0.000348, t_ads: 46.0, t_des: 456.0, bed_util_ads: 0.167, bed_util_des: 0.164, frac_lost: 0.101, li_recovered:  0.175
L: 0.55, u_super: 0.00043, sec: 1049.669, prod: 0.000417, t_ads: 414.0, t_des: 852.0, bed_util_ads: 0.248, bed_util_des: 0.240, frac_lost: 0.100, li_recovered:  0.528
L: 0.51, u_super: 0.00008, sec: 139.488, prod: 0.000102, t_ads: 1655.0, t_des: 1373.0, bed_util_ads: 0.223, bed_util_des: 0.218, frac_lost: 0.100, li_recovered:  0.310
L: 0.51, u_super: 0.00565, sec: 156497.656, prod: 0.000511, t_ads: 33.0, t_des: 120.0, bed_util_ads: 0.249, bed_util_des: 0.248, frac_lost: 0.104, li_recovered:  0.078
L: 0.51, u_super: 0.00860, sec: 376416.188, prod: 0.000511, t_ads: 22.0, t_des: 86.0, bed_util_ads: 0.249, bed_util_des: 0.249, frac_lost: 0.101, li_recovered:  0.055
L: 0.51, u_super: 0.00078, sec: 3950.206, prod: 0.000359, t_ads: 218.0, t_des: 396.0, bed_util_ads: 0.279, bed_util_des: 0.276, frac_lost: 0.101, li_recovered:  0.220
L: 0.50, u_super: 0.00100, sec: 4991.880, prod: 0.000473, t_ads: 171.0, t_des: 476.0, bed_util_ads: 0.246, bed_util_des: 0.242, frac_lost: 0.101, li_recovered:  0.306
L: 0.52, u_super: 0.00728, sec: 320957.094, prod: 0.000422, t_ads: 27.0, t_des: 222.0, bed_util_ads: 0.189, bed_util_des: 0.188, frac_lost: 0.111, li_recovered:  0.105
L: 0.51, u_super: 0.00743, sec: 265932.656, prod: 0.000531, t_ads: 26.0, t_des: 110.0, bed_util_ads: 0.242, bed_util_des: 0.241, frac_lost: 0.108, li_recovered:  0.072
L: 0.64, u_super: 0.00837, sec: 344701.281, prod: 0.000526, t_ads: 29.0, t_des: 122.0, bed_util_ads: 0.241, bed_util_des: 0.240, frac_lost: 0.109, li_recovered:  0.079
    16 |      640 |     27 |  0.5330603143 |         nadir
L: 0.54, u_super: 0.00383, sec: 73946.648, prod: 0.000484, t_ads: 51.0, t_des: 247.0, bed_util_ads: 0.219, bed_util_des: 0.217, frac_lost: 0.105, li_recovered:  0.144
L: 0.86, u_super: 0.00076, sec: 3020.122, prod: 0.000453, t_ads: 371.0, t_des: 906.0, bed_util_ads: 0.237, bed_util_des: 0.229, frac_lost: 0.100, li_recovered:  0.578
L: 0.50, u_super: 0.00571, sec: 166860.672, prod: 0.000489, t_ads: 32.0, t_des: 98.0, bed_util_ads: 0.264, bed_util_des: 0.263, frac_lost: 0.101, li_recovered:  0.064
L: 0.51, u_super: 0.00390, sec: 74993.852, prod: 0.000495, t_ads: 47.0, t_des: 158.0, bed_util_ads: 0.250, bed_util_des: 0.248, frac_lost: 0.102, li_recovered:  0.101
L: 0.51, u_super: 0.00049, sec: 1237.894, prod: 0.000457, t_ads: 344.0, t_des: 864.0, bed_util_ads: 0.237, bed_util_des: 0.229, frac_lost: 0.100, li_recovered:  0.552
L: 0.50, u_super: 0.00427, sec: 87938.797, prod: 0.000509, t_ads: 43.0, t_des: 159.0, bed_util_ads: 0.244, bed_util_des: 0.243, frac_lost: 0.106, li_recovered:  0.103
L: 0.51, u_super: 0.00851, sec: 355345.312, prod: 0.000529, t_ads: 23.0, t_des: 99.0, bed_util_ads: 0.243, bed_util_des: 0.242, frac_lost: 0.110, li_recovered:  0.065
L: 0.55, u_super: 0.00005, sec: inf, prod: 0.000000, t_ads: 1795.0, t_des: 0.0, bed_util_ads: 0.233, bed_util_des: 0.233, frac_lost: 0.100, li_recovered:  0.000
L: 0.55, u_super: 0.00016, sec: 258.370, prod: 0.000224, t_ads: 1003.0, t_des: 1260.0, bed_util_ads: 0.242, bed_util_des: 0.235, frac_lost: 0.100, li_recovered:  0.508
L: 0.60, u_super: 0.00026, sec: 348.210, prod: 0.000441, t_ads: 769.0, t_des: 2300.0, bed_util_ads: 0.196, bed_util_des: 0.177, frac_lost: 0.100, li_recovered:  1.355
L: 0.51, u_super: 0.00049, sec: 1253.059, prod: 0.000452, t_ads: 343.0, t_des: 825.0, bed_util_ads: 0.241, bed_util_des: 0.234, frac_lost: 0.100, li_recovered:  0.527
L: 0.70, u_super: 0.00383, sec: 72816.828, prod: 0.000491, t_ads: 65.0, t_des: 226.0, bed_util_ads: 0.242, bed_util_des: 0.240, frac_lost: 0.102, li_recovered:  0.143
L: 0.51, u_super: 0.00026, sec: 416.236, prod: 0.000372, t_ads: 621.0, t_des: 1106.0, bed_util_ads: 0.243, bed_util_des: 0.234, frac_lost: 0.100, li_recovered:  0.643
L: 0.51, u_super: 0.00008, sec: 143.738, prod: 0.000099, t_ads: 1636.0, t_des: 1348.0, bed_util_ads: 0.224, bed_util_des: 0.219, frac_lost: 0.100, li_recovered:  0.296
L: 0.51, u_super: 0.00710, sec: 237307.609, prod: 0.000541, t_ads: 27.0, t_des: 90.0, bed_util_ads: 0.264, bed_util_des: 0.263, frac_lost: 0.111, li_recovered:  0.063
L: 0.55, u_super: 0.00090, sec: 4176.389, prod: 0.000459, t_ads: 205.0, t_des: 524.0, bed_util_ads: 0.249, bed_util_des: 0.244, frac_lost: 0.100, li_recovered:  0.335
L: 0.68, u_super: 0.00880, sec: 422710.906, prod: 0.000477, t_ads: 29.0, t_des: 167.0, bed_util_ads: 0.214, bed_util_des: 0.213, frac_lost: 0.108, li_recovered:  0.094
L: 0.52, u_super: 0.00397, sec: 75998.375, prod: 0.000506, t_ads: 47.0, t_des: 154.0, bed_util_ads: 0.254, bed_util_des: 0.252, frac_lost: 0.105, li_recovered:  0.102
L: 0.51, u_super: 0.00016, sec: 176.559, prod: 0.000356, t_ads: 941.0, t_des: 1596.0, bed_util_ads: 0.226, bed_util_des: 0.213, frac_lost: 0.100, li_recovered:  0.902
L: 0.50, u_super: 0.00519, sec: 130025.195, prod: 0.000515, t_ads: 36.0, t_des: 148.0, bed_util_ads: 0.239, bed_util_des: 0.237, frac_lost: 0.108, li_recovered:  0.095
L: 0.55, u_super: 0.00880, sec: 382044.125, prod: 0.000528, t_ads: 24.0, t_des: 105.0, bed_util_ads: 0.241, bed_util_des: 0.240, frac_lost: 0.110, li_recovered:  0.068
L: 0.51, u_super: 0.00742, sec: 266753.031, prod: 0.000529, t_ads: 26.0, t_des: 110.0, bed_util_ads: 0.242, bed_util_des: 0.241, frac_lost: 0.110, li_recovered:  0.072
L: 0.51, u_super: 0.00008, sec: inf, prod: 0.000000, t_ads: 1571.0, t_des: 0.0, bed_util_ads: 0.232, bed_util_des: 0.232, frac_lost: 0.100, li_recovered:  0.000
L: 0.52, u_super: 0.00397, sec: 75944.852, prod: 0.000507, t_ads: 47.0, t_des: 170.0, bed_util_ads: 0.245, bed_util_des: 0.243, frac_lost: 0.105, li_recovered:  0.110
L: 0.51, u_super: 0.00743, sec: 275119.156, prod: 0.000513, t_ads: 26.0, t_des: 68.0, bed_util_ads: 0.287, bed_util_des: 0.286, frac_lost: 0.110, li_recovered:  0.048
L: 0.51, u_super: 0.00023, sec: 302.952, prod: 0.000406, t_ads: 696.0, t_des: 1380.0, bed_util_ads: 0.230, bed_util_des: 0.218, frac_lost: 0.100, li_recovered:  0.843
L: 0.51, u_super: 0.00038, sec: 767.006, prod: 0.000433, t_ads: 438.0, t_des: 963.0, bed_util_ads: 0.240, bed_util_des: 0.232, frac_lost: 0.101, li_recovered:  0.607
L: 0.56, u_super: 0.00282, sec: 38490.605, prod: 0.000499, t_ads: 70.0, t_des: 240.0, bed_util_ads: 0.243, bed_util_des: 0.241, frac_lost: 0.104, li_recovered:  0.155
L: 0.54, u_super: 0.00247, sec: 29995.619, prod: 0.000487, t_ads: 77.0, t_des: 276.0, bed_util_ads: 0.237, bed_util_des: 0.235, frac_lost: 0.101, li_recovered:  0.172
L: 0.52, u_super: 0.00037, sec: 728.490, prod: 0.000434, t_ads: 455.0, t_des: 1007.0, bed_util_ads: 0.238, bed_util_des: 0.229, frac_lost: 0.100, li_recovered:  0.635
L: 0.51, u_super: 0.00713, sec: 249231.297, prod: 0.000520, t_ads: 27.0, t_des: 112.0, bed_util_ads: 0.242, bed_util_des: 0.241, frac_lost: 0.108, li_recovered:  0.072
L: 0.51, u_super: 0.00716, sec: 313592.875, prod: 0.000417, t_ads: 27.0, t_des: 222.0, bed_util_ads: 0.188, bed_util_des: 0.187, frac_lost: 0.109, li_recovered:  0.104
L: 0.52, u_super: 0.00443, sec: 96654.188, prod: 0.000499, t_ads: 42.0, t_des: 156.0, bed_util_ads: 0.243, bed_util_des: 0.242, frac_lost: 0.103, li_recovered:  0.099
L: 0.50, u_super: 0.00531, sec: 134526.016, prod: 0.000522, t_ads: 35.0, t_des: 115.0, bed_util_ads: 0.259, bed_util_des: 0.258, frac_lost: 0.107, li_recovered:  0.078
L: 0.53, u_super: 0.00899, sec: 431803.844, prod: 0.000489, t_ads: 22.0, t_des: 115.0, bed_util_ads: 0.225, bed_util_des: 0.224, frac_lost: 0.101, li_recovered:  0.067
L: 1.16, u_super: 0.00360, sec: 64937.039, prod: 0.000485, t_ads: 112.0, t_des: 349.0, bed_util_ads: 0.244, bed_util_des: 0.241, frac_lost: 0.102, li_recovered:  0.223
L: 0.55, u_super: 0.00028, sec: 414.075, prod: 0.000441, t_ads: 656.0, t_des: 2378.0, bed_util_ads: 0.188, bed_util_des: 0.170, frac_lost: 0.100, li_recovered:  1.338
L: 0.51, u_super: 0.00036, sec: 763.697, prod: 0.000403, t_ads: 451.0, t_des: 888.0, bed_util_ads: 0.248, bed_util_des: 0.241, frac_lost: 0.100, li_recovered:  0.540
L: 0.61, u_super: 0.00492, sec: 123029.922, prod: 0.000488, t_ads: 44.0, t_des: 134.0, bed_util_ads: 0.259, bed_util_des: 0.258, frac_lost: 0.100, li_recovered:  0.087
L: 0.51, u_super: 0.00479, sec: 119449.883, prod: 0.000475, t_ads: 39.0, t_des: 212.0, bed_util_ads: 0.214, bed_util_des: 0.212, frac_lost: 0.106, li_recovered:  0.119
    17 |      680 |     30 |  0.0062059262 |             f
L: 0.55, u_super: 0.00890, sec: 394413.031, prod: 0.000524, t_ads: 23.0, t_des: 77.0, bed_util_ads: 0.264, bed_util_des: 0.263, frac_lost: 0.102, li_recovered:  0.052
L: 0.60, u_super: 0.00017, sec: 7132.881, prod: 0.000010, t_ads: 941.0, t_des: 741.0, bed_util_ads: 0.265, bed_util_des: 0.265, frac_lost: 0.100, li_recovered:  0.016
L: 0.50, u_super: 0.00190, sec: 22069.459, prod: 0.000391, t_ads: 91.0, t_des: 184.0, bed_util_ads: 0.286, bed_util_des: 0.285, frac_lost: 0.101, li_recovered:  0.107
L: 0.52, u_super: 0.00012, sec: inf, prod: 0.000000, t_ads: 1023.0, t_des: 0.0, bed_util_ads: 0.280, bed_util_des: 0.280, frac_lost: 0.100, li_recovered:  0.000
L: 0.51, u_super: 0.00123, sec: 7379.710, prod: 0.000487, t_ads: 144.0, t_des: 479.0, bed_util_ads: 0.234, bed_util_des: 0.230, frac_lost: 0.102, li_recovered:  0.303
L: 0.60, u_super: 0.00877, sec: 479811.469, prod: 0.000418, t_ads: 25.0, t_des: 189.0, bed_util_ads: 0.193, bed_util_des: 0.192, frac_lost: 0.100, li_recovered:  0.089
L: 0.50, u_super: 0.00427, sec: 88172.375, prod: 0.000508, t_ads: 43.0, t_des: 159.0, bed_util_ads: 0.244, bed_util_des: 0.243, frac_lost: 0.106, li_recovered:  0.103
L: 0.53, u_super: 0.00536, sec: 144613.156, prod: 0.000495, t_ads: 36.0, t_des: 150.0, bed_util_ads: 0.235, bed_util_des: 0.234, frac_lost: 0.101, li_recovered:  0.092
L: 0.51, u_super: 0.00767, sec: 288055.594, prod: 0.000524, t_ads: 25.0, t_des: 93.0, bed_util_ads: 0.253, bed_util_des: 0.252, frac_lost: 0.106, li_recovered:  0.062
L: 0.55, u_super: 0.00573, sec: 170145.844, prod: 0.000484, t_ads: 35.0, t_des: 93.0, bed_util_ads: 0.277, bed_util_des: 0.276, frac_lost: 0.105, li_recovered:  0.062
L: 0.55, u_super: 0.00873, sec: 367014.125, prod: 0.000541, t_ads: 24.0, t_des: 94.0, bed_util_ads: 0.251, bed_util_des: 0.250, frac_lost: 0.110, li_recovered:  0.064
L: 0.51, u_super: 0.00016, sec: 198.468, prod: 0.000316, t_ads: 926.0, t_des: 1420.0, bed_util_ads: 0.234, bed_util_des: 0.224, frac_lost: 0.100, li_recovered:  0.742
L: 0.51, u_super: 0.00043, sec: 934.759, prod: 0.000463, t_ads: 393.0, t_des: 1054.0, bed_util_ads: 0.228, bed_util_des: 0.218, frac_lost: 0.100, li_recovered:  0.671
L: 0.52, u_super: 0.00247, sec: 29327.719, prod: 0.000498, t_ads: 74.0, t_des: 264.0, bed_util_ads: 0.239, bed_util_des: 0.237, frac_lost: 0.104, li_recovered:  0.168
L: 0.52, u_super: 0.00076, sec: 2928.436, prod: 0.000460, t_ads: 229.0, t_des: 579.0, bed_util_ads: 0.248, bed_util_des: 0.243, frac_lost: 0.101, li_recovered:  0.372
L: 0.60, u_super: 0.00008, sec: inf, prod: 0.000000, t_ads: 1867.0, t_des: 0.0, bed_util_ads: 0.220, bed_util_des: 0.220, frac_lost: 0.100, li_recovered:  0.000
L: 0.53, u_super: 0.00114, sec: 7210.441, prod: 0.000422, t_ads: 162.0, t_des: 977.0, bed_util_ads: 0.186, bed_util_des: 0.179, frac_lost: 0.101, li_recovered:  0.481
L: 0.51, u_super: 0.00634, sec: 206211.578, prod: 0.000492, t_ads: 30.0, t_des: 156.0, bed_util_ads: 0.221, bed_util_des: 0.220, frac_lost: 0.106, li_recovered:  0.091
L: 0.58, u_super: 0.00783, sec: 402299.250, prod: 0.000392, t_ads: 27.0, t_des: 54.0, bed_util_ads: 0.309, bed_util_des: 0.309, frac_lost: 0.100, li_recovered:  0.032
L: 0.51, u_super: 0.00020, sec: 227.504, prod: 0.000396, t_ads: 806.0, t_des: 1555.0, bed_util_ads: 0.225, bed_util_des: 0.211, frac_lost: 0.100, li_recovered:  0.934
L: 0.51, u_super: 0.00720, sec: 279115.344, prod: 0.000474, t_ads: 26.0, t_des: 144.0, bed_util_ads: 0.217, bed_util_des: 0.216, frac_lost: 0.101, li_recovered:  0.081
L: 0.51, u_super: 0.00005, sec: inf, prod: 0.000000, t_ads: 2044.0, t_des: 0.0, bed_util_ads: 0.215, bed_util_des: 0.215, frac_lost: 0.100, li_recovered:  0.000
L: 0.51, u_super: 0.00898, sec: 388763.406, prod: 0.000542, t_ads: 22.0, t_des: 97.0, bed_util_ads: 0.243, bed_util_des: 0.242, frac_lost: 0.112, li_recovered:  0.065
L: 0.79, u_super: 0.00876, sec: 388479.125, prod: 0.000514, t_ads: 33.0, t_des: 110.0, bed_util_ads: 0.257, bed_util_des: 0.256, frac_lost: 0.104, li_recovered:  0.074
L: 0.51, u_super: 0.00023, sec: 670.528, prod: 0.000183, t_ads: 661.0, t_des: 812.0, bed_util_ads: 0.269, bed_util_des: 0.265, frac_lost: 0.100, li_recovered:  0.270
L: 0.51, u_super: 0.00502, sec: 122327.695, prod: 0.000512, t_ads: 37.0, t_des: 132.0, bed_util_ads: 0.250, bed_util_des: 0.248, frac_lost: 0.105, li_recovered:  0.086
L: 0.51, u_super: 0.00397, sec: 112676.773, prod: 0.000342, t_ads: 46.0, t_des: 82.0, bed_util_ads: 0.312, bed_util_des: 0.311, frac_lost: 0.104, li_recovered:  0.044
L: 0.51, u_super: 0.00205, sec: 20475.330, prod: 0.000490, t_ads: 88.0, t_des: 309.0, bed_util_ads: 0.237, bed_util_des: 0.235, frac_lost: 0.102, li_recovered:  0.194
L: 0.51, u_super: 0.00877, sec: 384286.281, prod: 0.000522, t_ads: 22.0, t_des: 95.0, bed_util_ads: 0.243, bed_util_des: 0.242, frac_lost: 0.107, li_recovered:  0.061
L: 0.51, u_super: 0.00717, sec: 254703.922, prod: 0.000514, t_ads: 26.0, t_des: 86.0, bed_util_ads: 0.262, bed_util_des: 0.261, frac_lost: 0.102, li_recovered:  0.058
L: 0.50, u_super: 0.00448, sec: 122906.672, prod: 0.000402, t_ads: 41.0, t_des: 325.0, bed_util_ads: 0.184, bed_util_des: 0.182, frac_lost: 0.104, li_recovered:  0.147
L: 0.68, u_super: 0.00839, sec: 351838.344, prod: 0.000519, t_ads: 30.0, t_des: 94.0, bed_util_ads: 0.265, bed_util_des: 0.264, frac_lost: 0.106, li_recovered:  0.064
L: 0.56, u_super: 0.00282, sec: 40177.867, prod: 0.000478, t_ads: 69.0, t_des: 204.0, bed_util_ads: 0.255, bed_util_des: 0.253, frac_lost: 0.100, li_recovered:  0.130
L: 0.51, u_super: 0.00402, sec: 81028.906, prod: 0.000488, t_ads: 46.0, t_des: 226.0, bed_util_ads: 0.220, bed_util_des: 0.218, frac_lost: 0.106, li_recovered:  0.133
L: 0.70, u_super: 0.00710, sec: 256248.094, prod: 0.000501, t_ads: 36.0, t_des: 138.0, bed_util_ads: 0.243, bed_util_des: 0.241, frac_lost: 0.102, li_recovered:  0.087
L: 0.85, u_super: 0.00026, sec: 370.639, prod: 0.000416, t_ads: 1055.0, t_des: 2534.0, bed_util_ads: 0.197, bed_util_des: 0.176, frac_lost: 0.100, li_recovered:  1.492
L: 0.51, u_super: 0.00569, sec: 157929.438, prod: 0.000512, t_ads: 33.0, t_des: 130.0, bed_util_ads: 0.243, bed_util_des: 0.242, frac_lost: 0.106, li_recovered:  0.083
L: 0.68, u_super: 0.00021, sec: 883.485, prod: 0.000117, t_ads: 905.0, t_des: 926.0, bed_util_ads: 0.259, bed_util_des: 0.256, frac_lost: 0.100, li_recovered:  0.215
L: 0.65, u_super: 0.00948, sec: 486101.031, prod: 0.000486, t_ads: 25.0, t_des: 70.0, bed_util_ads: 0.277, bed_util_des: 0.276, frac_lost: 0.100, li_recovered:  0.046
L: 0.50, u_super: 0.00008, sec: inf, prod: 0.000000, t_ads: 1513.0, t_des: 0.0, bed_util_ads: 0.238, bed_util_des: 0.238, frac_lost: 0.100, li_recovered:  0.000
    18 |      720 |     32 |  0.0013889155 |             f
L: 0.51, u_super: 0.00038, sec: 788.128, prod: 0.000420, t_ads: 436.0, t_des: 908.0, bed_util_ads: 0.245, bed_util_des: 0.237, frac_lost: 0.100, li_recovered:  0.565
L: 0.55, u_super: 0.00862, sec: 367424.281, prod: 0.000525, t_ads: 24.0, t_des: 70.0, bed_util_ads: 0.277, bed_util_des: 0.277, frac_lost: 0.107, li_recovered:  0.049
L: 0.50, u_super: 0.00677, sec: 224538.844, prod: 0.000518, t_ads: 28.0, t_des: 126.0, bed_util_ads: 0.235, bed_util_des: 0.234, frac_lost: 0.109, li_recovered:  0.080
L: 0.52, u_super: 0.00283, sec: 40154.453, prod: 0.000481, t_ads: 64.0, t_des: 193.0, bed_util_ads: 0.254, bed_util_des: 0.253, frac_lost: 0.100, li_recovered:  0.124
L: 0.51, u_super: 0.00220, sec: 23686.242, prod: 0.000486, t_ads: 82.0, t_des: 290.0, bed_util_ads: 0.237, bed_util_des: 0.235, frac_lost: 0.101, li_recovered:  0.181
L: 0.51, u_super: 0.00879, sec: 376125.812, prod: 0.000535, t_ads: 22.0, t_des: 77.0, bed_util_ads: 0.262, bed_util_des: 0.261, frac_lost: 0.108, li_recovered:  0.053
L: 0.60, u_super: 0.00104, sec: 5985.525, prod: 0.000424, t_ads: 201.0, t_des: 1172.0, bed_util_ads: 0.185, bed_util_des: 0.177, frac_lost: 0.101, li_recovered:  0.583
L: 0.50, u_super: 0.00016, sec: 175.299, prod: 0.000358, t_ads: 933.0, t_des: 1593.0, bed_util_ads: 0.226, bed_util_des: 0.213, frac_lost: 0.100, li_recovered:  0.905
L: 0.58, u_super: 0.00838, sec: 384747.906, prod: 0.000473, t_ads: 26.0, t_des: 58.0, bed_util_ads: 0.303, bed_util_des: 0.303, frac_lost: 0.110, li_recovered:  0.040
L: 0.51, u_super: 0.00016, sec: inf, prod: 0.000000, t_ads: 843.0, t_des: 0.0, bed_util_ads: 0.275, bed_util_des: 0.275, frac_lost: 0.100, li_recovered:  0.000
L: 0.51, u_super: 0.00743, sec: 266417.156, prod: 0.000530, t_ads: 26.0, t_des: 97.0, bed_util_ads: 0.253, bed_util_des: 0.252, frac_lost: 0.109, li_recovered:  0.065
L: 0.51, u_super: 0.00700, sec: 358661.906, prod: 0.000348, t_ads: 27.0, t_des: 48.0, bed_util_ads: 0.324, bed_util_des: 0.323, frac_lost: 0.107, li_recovered:  0.026
L: 0.61, u_super: 0.00475, sec: 114439.641, prod: 0.000487, t_ads: 46.0, t_des: 139.0, bed_util_ads: 0.259, bed_util_des: 0.258, frac_lost: 0.100, li_recovered:  0.090
L: 0.62, u_super: 0.00575, sec: 162172.516, prod: 0.000510, t_ads: 39.0, t_des: 150.0, bed_util_ads: 0.242, bed_util_des: 0.241, frac_lost: 0.105, li_recovered:  0.096
L: 0.52, u_super: 0.00020, sec: 232.181, prod: 0.000388, t_ads: 814.0, t_des: 1524.0, bed_util_ads: 0.226, bed_util_des: 0.214, frac_lost: 0.100, li_recovered:  0.906
L: 0.51, u_super: 0.00316, sec: 48595.102, prod: 0.000498, t_ads: 58.0, t_des: 205.0, bed_util_ads: 0.243, bed_util_des: 0.241, frac_lost: 0.104, li_recovered:  0.131
L: 0.52, u_super: 0.00008, sec: 142.981, prod: 0.000100, t_ads: 1663.0, t_des: 1365.0, bed_util_ads: 0.222, bed_util_des: 0.218, frac_lost: 0.100, li_recovered:  0.302
L: 0.51, u_super: 0.00016, sec: 174.689, prod: 0.000359, t_ads: 948.0, t_des: 1626.0, bed_util_ads: 0.225, bed_util_des: 0.212, frac_lost: 0.100, li_recovered:  0.925
L: 0.50, u_super: 0.00527, sec: 134692.703, prod: 0.000514, t_ads: 35.0, t_des: 114.0, bed_util_ads: 0.259, bed_util_des: 0.258, frac_lost: 0.105, li_recovered:  0.077
L: 0.51, u_super: 0.00220, sec: 23697.820, prod: 0.000485, t_ads: 81.0, t_des: 320.0, bed_util_ads: 0.228, bed_util_des: 0.226, frac_lost: 0.102, li_recovered:  0.195
L: 0.50, u_super: 0.00531, sec: 136269.844, prod: 0.000515, t_ads: 35.0, t_des: 143.0, bed_util_ads: 0.239, bed_util_des: 0.238, frac_lost: 0.107, li_recovered:  0.092
L: 0.51, u_super: 0.00033, sec: 568.217, prod: 0.000448, t_ads: 504.0, t_des: 1221.0, bed_util_ads: 0.227, bed_util_des: 0.216, frac_lost: 0.100, li_recovered:  0.774
L: 0.51, u_super: 0.00479, sec: 121624.555, prod: 0.000467, t_ads: 39.0, t_des: 223.0, bed_util_ads: 0.210, bed_util_des: 0.208, frac_lost: 0.106, li_recovered:  0.122
L: 0.51, u_super: 0.00441, sec: 94260.469, prod: 0.000508, t_ads: 42.0, t_des: 158.0, bed_util_ads: 0.243, bed_util_des: 0.242, frac_lost: 0.106, li_recovered:  0.102
L: 0.52, u_super: 0.00493, sec: 119507.797, prod: 0.000505, t_ads: 38.0, t_des: 121.0, bed_util_ads: 0.259, bed_util_des: 0.258, frac_lost: 0.103, li_recovered:  0.080
L: 0.51, u_super: 0.00710, sec: 237573.594, prod: 0.000541, t_ads: 27.0, t_des: 90.0, bed_util_ads: 0.264, bed_util_des: 0.263, frac_lost: 0.111, li_recovered:  0.063
L: 0.63, u_super: 0.00016, sec: 221.076, prod: 0.000284, t_ads: 1117.0, t_des: 1586.0, bed_util_ads: 0.229, bed_util_des: 0.218, frac_lost: 0.100, li_recovered:  0.768
L: 0.64, u_super: 0.00802, sec: 328544.188, prod: 0.000505, t_ads: 30.0, t_des: 141.0, bed_util_ads: 0.230, bed_util_des: 0.229, frac_lost: 0.108, li_recovered:  0.086
L: 0.50, u_super: 0.00023, sec: 301.888, prod: 0.000407, t_ads: 688.0, t_des: 1373.0, bed_util_ads: 0.229, bed_util_des: 0.218, frac_lost: 0.100, li_recovered:  0.839
L: 0.55, u_super: 0.00875, sec: 362051.688, prod: 0.000551, t_ads: 24.0, t_des: 84.0, bed_util_ads: 0.262, bed_util_des: 0.261, frac_lost: 0.111, li_recovered:  0.060
L: 0.51, u_super: 0.00030, sec: 483.394, prod: 0.000435, t_ads: 543.0, t_des: 1218.0, bed_util_ads: 0.230, bed_util_des: 0.220, frac_lost: 0.100, li_recovered:  0.766
L: 0.60, u_super: 0.00039, sec: 806.780, prod: 0.000449, t_ads: 513.0, t_des: 1968.0, bed_util_ads: 0.192, bed_util_des: 0.177, frac_lost: 0.100, li_recovered:  1.114
L: 0.51, u_super: 0.00356, sec: 62019.391, prod: 0.000497, t_ads: 51.0, t_des: 183.0, bed_util_ads: 0.243, bed_util_des: 0.242, frac_lost: 0.103, li_recovered:  0.116
L: 0.51, u_super: 0.00882, sec: 381933.250, prod: 0.000531, t_ads: 22.0, t_des: 99.0, bed_util_ads: 0.240, bed_util_des: 0.239, frac_lost: 0.108, li_recovered:  0.064
L: 0.65, u_super: 0.00837, sec: 343253.219, prod: 0.000529, t_ads: 29.0, t_des: 96.0, bed_util_ads: 0.262, bed_util_des: 0.261, frac_lost: 0.108, li_recovered:  0.066
L: 0.51, u_super: 0.00365, sec: 64734.305, prod: 0.000502, t_ads: 50.0, t_des: 179.0, bed_util_ads: 0.244, bed_util_des: 0.243, frac_lost: 0.104, li_recovered:  0.115
L: 0.51, u_super: 0.00880, sec: 909542.500, prod: 0.000222, t_ads: 22.0, t_des: 33.0, bed_util_ads: 0.347, bed_util_des: 0.347, frac_lost: 0.108, li_recovered:  0.012
L: 0.51, u_super: 0.00496, sec: 121344.008, prod: 0.000503, t_ads: 37.0, t_des: 130.0, bed_util_ads: 0.250, bed_util_des: 0.248, frac_lost: 0.102, li_recovered:  0.084
L: 0.50, u_super: 0.00416, sec: 83200.242, prod: 0.000509, t_ads: 44.0, t_des: 162.0, bed_util_ads: 0.244, bed_util_des: 0.243, frac_lost: 0.105, li_recovered:  0.105
L: 0.51, u_super: 0.00732, sec: 265437.594, prod: 0.000516, t_ads: 26.0, t_des: 95.0, bed_util_ads: 0.253, bed_util_des: 0.252, frac_lost: 0.104, li_recovered:  0.062
    19 |      760 |     33 |  0.0041245772 |         ideal
L: 0.60, u_super: 0.00069, sec: 2857.387, prod: 0.000392, t_ads: 287.0, t_des: 555.0, bed_util_ads: 0.266, bed_util_des: 0.261, frac_lost: 0.101, li_recovered:  0.330
L: 0.51, u_super: 0.00585, sec: 167121.719, prod: 0.000514, t_ads: 32.0, t_des: 102.0, bed_util_ads: 0.262, bed_util_des: 0.261, frac_lost: 0.107, li_recovered:  0.069
L: 0.51, u_super: 0.00007, sec: 402.795, prod: 0.000024, t_ads: 1854.0, t_des: 1058.0, bed_util_ads: 0.219, bed_util_des: 0.218, frac_lost: 0.100, li_recovered:  0.071
L: 0.59, u_super: 0.00116, sec: 6627.458, prod: 0.000480, t_ads: 175.0, t_des: 523.0, bed_util_ads: 0.240, bed_util_des: 0.235, frac_lost: 0.101, li_recovered:  0.335
L: 0.50, u_super: 0.00016, sec: 174.592, prod: 0.000360, t_ads: 929.0, t_des: 1594.0, bed_util_ads: 0.226, bed_util_des: 0.213, frac_lost: 0.100, li_recovered:  0.907
L: 0.52, u_super: 0.00171, sec: 14234.482, prod: 0.000486, t_ads: 105.0, t_des: 355.0, bed_util_ads: 0.238, bed_util_des: 0.235, frac_lost: 0.101, li_recovered:  0.224
L: 0.50, u_super: 0.00309, sec: 46817.352, prod: 0.000492, t_ads: 58.0, t_des: 200.0, bed_util_ads: 0.245, bed_util_des: 0.243, frac_lost: 0.102, li_recovered:  0.127
L: 0.50, u_super: 0.00531, sec: 135010.391, prod: 0.000520, t_ads: 35.0, t_des: 116.0, bed_util_ads: 0.258, bed_util_des: 0.257, frac_lost: 0.107, li_recovered:  0.079
L: 0.55, u_super: 0.00875, sec: 361664.250, prod: 0.000551, t_ads: 24.0, t_des: 95.0, bed_util_ads: 0.251, bed_util_des: 0.250, frac_lost: 0.113, li_recovered:  0.066
L: 0.73, u_super: 0.00706, sec: 253530.984, prod: 0.000501, t_ads: 38.0, t_des: 115.0, bed_util_ads: 0.264, bed_util_des: 0.263, frac_lost: 0.105, li_recovered:  0.077
L: 0.60, u_super: 0.00020, sec: 2787.073, prod: 0.000032, t_ads: 845.0, t_des: 737.0, bed_util_ads: 0.270, bed_util_des: 0.269, frac_lost: 0.100, li_recovered:  0.051
L: 0.51, u_super: 0.00016, sec: 173.452, prod: 0.000362, t_ads: 937.0, t_des: 1620.0, bed_util_ads: 0.225, bed_util_des: 0.212, frac_lost: 0.100, li_recovered:  0.926
L: 0.51, u_super: 0.00222, sec: 26273.943, prod: 0.000447, t_ads: 81.0, t_des: 196.0, bed_util_ads: 0.271, bed_util_des: 0.269, frac_lost: 0.101, li_recovered:  0.124
L: 0.52, u_super: 0.00130, sec: 8311.527, prod: 0.000481, t_ads: 136.0, t_des: 432.0, bed_util_ads: 0.238, bed_util_des: 0.235, frac_lost: 0.100, li_recovered:  0.273
L: 0.51, u_super: 0.00008, sec: inf, prod: 0.000000, t_ads: 1208.0, t_des: 0.0, bed_util_ads: 0.278, bed_util_des: 0.278, frac_lost: 0.100, li_recovered:  0.000
L: 0.51, u_super: 0.00218, sec: 45325.770, prod: 0.000251, t_ads: 83.0, t_des: 1319.0, bed_util_ads: 0.133, bed_util_des: 0.128, frac_lost: 0.102, li_recovered:  0.352
L: 0.52, u_super: 0.00879, sec: 394728.156, prod: 0.000511, t_ads: 22.0, t_des: 93.0, bed_util_ads: 0.242, bed_util_des: 0.242, frac_lost: 0.100, li_recovered:  0.059
L: 0.51, u_super: 0.00485, sec: 114269.133, prod: 0.000510, t_ads: 38.0, t_des: 145.0, bed_util_ads: 0.243, bed_util_des: 0.242, frac_lost: 0.104, li_recovered:  0.093
L: 0.55, u_super: 0.00911, sec: 516256.156, prod: 0.000421, t_ads: 23.0, t_des: 187.0, bed_util_ads: 0.191, bed_util_des: 0.190, frac_lost: 0.108, li_recovered:  0.088
L: 0.51, u_super: 0.00710, sec: 239765.016, prod: 0.000536, t_ads: 27.0, t_des: 82.0, bed_util_ads: 0.272, bed_util_des: 0.271, frac_lost: 0.111, li_recovered:  0.058
L: 0.51, u_super: 0.00039, sec: 786.331, prod: 0.000459, t_ads: 428.0, t_des: 1103.0, bed_util_ads: 0.228, bed_util_des: 0.218, frac_lost: 0.100, li_recovered:  0.702
L: 0.52, u_super: 0.00838, sec: 347123.625, prod: 0.000525, t_ads: 23.0, t_des: 83.0, bed_util_ads: 0.257, bed_util_des: 0.256, frac_lost: 0.103, li_recovered:  0.056
L: 0.68, u_super: 0.00033, sec: 580.022, prod: 0.000439, t_ads: 660.0, t_des: 1562.0, bed_util_ads: 0.219, bed_util_des: 0.205, frac_lost: 0.100, li_recovered:  0.976
L: 0.61, u_super: 0.00358, sec: 63551.270, prod: 0.000491, t_ads: 61.0, t_des: 185.0, bed_util_ads: 0.256, bed_util_des: 0.254, frac_lost: 0.103, li_recovered:  0.121
L: 0.58, u_super: 0.00039, sec: 913.820, prod: 0.000394, t_ads: 501.0, t_des: 2859.0, bed_util_ads: 0.167, bed_util_des: 0.148, frac_lost: 0.100, li_recovered:  1.324
L: 0.51, u_super: 0.00008, sec: 141.345, prod: 0.000101, t_ads: 1636.0, t_des: 1356.0, bed_util_ads: 0.223, bed_util_des: 0.219, frac_lost: 0.100, li_recovered:  0.302
L: 0.85, u_super: 0.00010, sec: inf, prod: 0.000000, t_ads: 1980.0, t_des: 0.0, bed_util_ads: 0.216, bed_util_des: 0.216, frac_lost: 0.100, li_recovered:  0.000
L: 0.52, u_super: 0.00370, sec: 66358.164, prod: 0.000504, t_ads: 50.0, t_des: 179.0, bed_util_ads: 0.244, bed_util_des: 0.243, frac_lost: 0.104, li_recovered:  0.115
L: 0.50, u_super: 0.00009, sec: 86.944, prod: 0.000240, t_ads: 1479.0, t_des: 1864.0, bed_util_ads: 0.218, bed_util_des: 0.206, frac_lost: 0.100, li_recovered:  0.802
L: 0.50, u_super: 0.00838, sec: 376663.844, prod: 0.000484, t_ads: 23.0, t_des: 145.0, bed_util_ads: 0.212, bed_util_des: 0.211, frac_lost: 0.111, li_recovered:  0.081
L: 0.51, u_super: 0.00036, sec: 877.800, prod: 0.000345, t_ads: 452.0, t_des: 763.0, bed_util_ads: 0.261, bed_util_des: 0.256, frac_lost: 0.100, li_recovered:  0.419
L: 0.50, u_super: 0.00430, sec: 108836.258, prod: 0.000418, t_ads: 42.0, t_des: 89.0, bed_util_ads: 0.295, bed_util_des: 0.295, frac_lost: 0.102, li_recovered:  0.055
L: 0.51, u_super: 0.00911, sec: 475125.094, prod: 0.000457, t_ads: 21.0, t_des: 50.0, bed_util_ads: 0.297, bed_util_des: 0.297, frac_lost: 0.102, li_recovered:  0.032
L: 0.52, u_super: 0.00021, sec: 268.292, prod: 0.000387, t_ads: 759.0, t_des: 1414.0, bed_util_ads: 0.230, bed_util_des: 0.218, frac_lost: 0.100, li_recovered:  0.842
L: 0.55, u_super: 0.00875, sec: 367007.125, prod: 0.000544, t_ads: 24.0, t_des: 83.0, bed_util_ads: 0.262, bed_util_des: 0.261, frac_lost: 0.108, li_recovered:  0.058
L: 0.51, u_super: 0.00568, sec: 175321.266, prod: 0.000461, t_ads: 33.0, t_des: 199.0, bed_util_ads: 0.208, bed_util_des: 0.206, frac_lost: 0.106, li_recovered:  0.107
L: 0.51, u_super: 0.00710, sec: 237640.609, prod: 0.000541, t_ads: 27.0, t_des: 91.0, bed_util_ads: 0.262, bed_util_des: 0.261, frac_lost: 0.110, li_recovered:  0.064
L: 0.52, u_super: 0.00043, sec: 936.312, prod: 0.000463, t_ads: 395.0, t_des: 1056.0, bed_util_ads: 0.228, bed_util_des: 0.218, frac_lost: 0.100, li_recovered:  0.671
L: 0.87, u_super: 0.00140, sec: 9678.280, prod: 0.000476, t_ads: 211.0, t_des: 635.0, bed_util_ads: 0.235, bed_util_des: 0.229, frac_lost: 0.100, li_recovered:  0.403
L: 0.51, u_super: 0.00008, sec: 847.580, prod: 0.000017, t_ads: 1596.0, t_des: 974.0, bed_util_ads: 0.230, bed_util_des: 0.229, frac_lost: 0.100, li_recovered:  0.043
    20 |      800 |     35 |  0.4427203143 |         nadir
L: 0.50, u_super: 0.00489, sec: 120233.812, prod: 0.000492, t_ads: 37.0, t_des: 152.0, bed_util_ads: 0.235, bed_util_des: 0.234, frac_lost: 0.100, li_recovered:  0.093
L: 0.50, u_super: 0.00309, sec: 46577.855, prod: 0.000495, t_ads: 58.0, t_des: 214.0, bed_util_ads: 0.239, bed_util_des: 0.237, frac_lost: 0.101, li_recovered:  0.135
L: 0.51, u_super: 0.00008, sec: 139.770, prod: 0.000102, t_ads: 1655.0, t_des: 1372.0, bed_util_ads: 0.223, bed_util_des: 0.218, frac_lost: 0.100, li_recovered:  0.309
L: 0.62, u_super: 0.00875, sec: 394649.875, prod: 0.000506, t_ads: 26.0, t_des: 103.0, bed_util_ads: 0.245, bed_util_des: 0.244, frac_lost: 0.101, li_recovered:  0.065
L: 0.50, u_super: 0.00791, sec: 307342.156, prod: 0.000525, t_ads: 24.0, t_des: 81.0, bed_util_ads: 0.263, bed_util_des: 0.262, frac_lost: 0.106, li_recovered:  0.055
L: 0.50, u_super: 0.00531, sec: 134477.844, prod: 0.000522, t_ads: 35.0, t_des: 115.0, bed_util_ads: 0.259, bed_util_des: 0.258, frac_lost: 0.107, li_recovered:  0.078
L: 0.51, u_super: 0.00479, sec: 119662.414, prod: 0.000474, t_ads: 39.0, t_des: 214.0, bed_util_ads: 0.213, bed_util_des: 0.211, frac_lost: 0.106, li_recovered:  0.120
L: 0.52, u_super: 0.00373, sec: 67035.352, prod: 0.000507, t_ads: 50.0, t_des: 177.0, bed_util_ads: 0.246, bed_util_des: 0.244, frac_lost: 0.105, li_recovered:  0.115
L: 0.50, u_super: 0.00006, sec: 91.622, prod: 0.000103, t_ads: 1954.0, t_des: 1538.0, bed_util_ads: 0.212, bed_util_des: 0.207, frac_lost: 0.100, li_recovered:  0.360
L: 0.50, u_super: 0.00011, sec: 107.680, prod: 0.000251, t_ads: 1315.0, t_des: 1712.0, bed_util_ads: 0.223, bed_util_des: 0.213, frac_lost: 0.100, li_recovered:  0.759
L: 0.76, u_super: 0.00026, sec: 638.484, prod: 0.000239, t_ads: 868.0, t_des: 1140.0, bed_util_ads: 0.249, bed_util_des: 0.242, frac_lost: 0.100, li_recovered:  0.480
L: 0.51, u_super: 0.00479, sec: 110603.711, prod: 0.000513, t_ads: 39.0, t_des: 133.0, bed_util_ads: 0.253, bed_util_des: 0.252, frac_lost: 0.106, li_recovered:  0.088
L: 0.51, u_super: 0.00021, sec: 278.184, prod: 0.000381, t_ads: 745.0, t_des: 1356.0, bed_util_ads: 0.233, bed_util_des: 0.222, frac_lost: 0.100, li_recovered:  0.800
L: 0.50, u_super: 0.00416, sec: 83205.469, prod: 0.000509, t_ads: 44.0, t_des: 162.0, bed_util_ads: 0.244, bed_util_des: 0.243, frac_lost: 0.105, li_recovered:  0.105
L: 0.56, u_super: 0.00315, sec: 48194.465, prod: 0.000498, t_ads: 63.0, t_des: 196.0, bed_util_ads: 0.254, bed_util_des: 0.252, frac_lost: 0.104, li_recovered:  0.129
L: 0.50, u_super: 0.00628, sec: 187457.844, prod: 0.000531, t_ads: 30.0, t_des: 113.0, bed_util_ads: 0.250, bed_util_des: 0.249, frac_lost: 0.109, li_recovered:  0.076
L: 0.50, u_super: 0.00023, sec: 301.798, prod: 0.000407, t_ads: 687.0, t_des: 1372.0, bed_util_ads: 0.229, bed_util_des: 0.218, frac_lost: 0.100, li_recovered:  0.839
L: 0.61, u_super: 0.00382, sec: 74011.320, prod: 0.000481, t_ads: 57.0, t_des: 163.0, bed_util_ads: 0.261, bed_util_des: 0.260, frac_lost: 0.102, li_recovered:  0.106
L: 0.50, u_super: 0.00247, sec: 29740.613, prod: 0.000492, t_ads: 72.0, t_des: 263.0, bed_util_ads: 0.237, bed_util_des: 0.235, frac_lost: 0.102, li_recovered:  0.165
L: 0.51, u_super: 0.00855, sec: 381438.125, prod: 0.000498, t_ads: 23.0, t_des: 132.0, bed_util_ads: 0.219, bed_util_des: 0.218, frac_lost: 0.111, li_recovered:  0.077
L: 0.51, u_super: 0.00166, sec: 13679.165, prod: 0.000475, t_ads: 108.0, t_des: 297.0, bed_util_ads: 0.256, bed_util_des: 0.253, frac_lost: 0.102, li_recovered:  0.192
L: 0.52, u_super: 0.00710, sec: 246253.281, prod: 0.000522, t_ads: 27.0, t_des: 88.0, bed_util_ads: 0.263, bed_util_des: 0.263, frac_lost: 0.105, li_recovered:  0.060
L: 0.55, u_super: 0.00918, sec: 400598.000, prod: 0.000551, t_ads: 23.0, t_des: 92.0, bed_util_ads: 0.251, bed_util_des: 0.250, frac_lost: 0.114, li_recovered:  0.063
L: 0.55, u_super: 0.00106, sec: 6079.695, prod: 0.000435, t_ads: 175.0, t_des: 398.0, bed_util_ads: 0.263, bed_util_des: 0.260, frac_lost: 0.100, li_recovered:  0.249
L: 0.50, u_super: 0.00441, sec: 96045.375, prod: 0.000499, t_ads: 41.0, t_des: 149.0, bed_util_ads: 0.245, bed_util_des: 0.244, frac_lost: 0.101, li_recovered:  0.095
L: 0.68, u_super: 0.00490, sec: 117627.898, prod: 0.000505, t_ads: 50.0, t_des: 151.0, bed_util_ads: 0.260, bed_util_des: 0.259, frac_lost: 0.106, li_recovered:  0.101
L: 0.51, u_super: 0.00023, sec: 333.679, prod: 0.000357, t_ads: 697.0, t_des: 1184.0, bed_util_ads: 0.241, bed_util_des: 0.232, frac_lost: 0.100, li_recovered:  0.671
L: 0.50, u_super: 0.00072, sec: 2542.857, prod: 0.000476, t_ads: 239.0, t_des: 877.0, bed_util_ads: 0.216, bed_util_des: 0.209, frac_lost: 0.101, li_recovered:  0.532
L: 0.60, u_super: 0.00025, sec: 403.129, prod: 0.000372, t_ads: 810.0, t_des: 4308.0, bed_util_ads: 0.158, bed_util_des: 0.131, frac_lost: 0.100, li_recovered:  1.903
L: 0.50, u_super: 0.00166, sec: 13389.449, prod: 0.000486, t_ads: 105.0, t_des: 353.0, bed_util_ads: 0.238, bed_util_des: 0.235, frac_lost: 0.101, li_recovered:  0.223
L: 0.50, u_super: 0.00839, sec: 328647.688, prod: 0.000555, t_ads: 23.0, t_des: 76.0, bed_util_ads: 0.268, bed_util_des: 0.268, frac_lost: 0.112, li_recovered:  0.055
L: 0.52, u_super: 0.00233, sec: 26496.154, prod: 0.000488, t_ads: 78.0, t_des: 261.0, bed_util_ads: 0.243, bed_util_des: 0.241, frac_lost: 0.102, li_recovered:  0.166
L: 0.55, u_super: 0.00825, sec: 340445.781, prod: 0.000517, t_ads: 25.0, t_des: 111.0, bed_util_ads: 0.238, bed_util_des: 0.237, frac_lost: 0.108, li_recovered:  0.070
L: 0.51, u_super: 0.00710, sec: 237301.438, prod: 0.000541, t_ads: 27.0, t_des: 90.0, bed_util_ads: 0.264, bed_util_des: 0.263, frac_lost: 0.111, li_recovered:  0.063
L: 0.50, u_super: 0.00594, sec: 175458.828, prod: 0.000505, t_ads: 31.0, t_des: 102.0, bed_util_ads: 0.259, bed_util_des: 0.258, frac_lost: 0.103, li_recovered:  0.067
L: 0.51, u_super: 0.00022, sec: 485.558, prod: 0.000227, t_ads: 693.0, t_des: 913.0, bed_util_ads: 0.261, bed_util_des: 0.256, frac_lost: 0.100, li_recovered:  0.365
L: 0.56, u_super: 0.00710, sec: 253424.125, prod: 0.000507, t_ads: 29.0, t_des: 92.0, bed_util_ads: 0.264, bed_util_des: 0.263, frac_lost: 0.103, li_recovered:  0.061
L: 0.55, u_super: 0.00821, sec: 663760.875, prod: 0.000263, t_ads: 25.0, t_des: 39.0, bed_util_ads: 0.340, bed_util_des: 0.340, frac_lost: 0.106, li_recovered:  0.017
L: 0.51, u_super: 0.00009, sec: 89.554, prod: 0.000233, t_ads: 1504.0, t_des: 1861.0, bed_util_ads: 0.217, bed_util_des: 0.207, frac_lost: 0.100, li_recovered:  0.784
L: 0.52, u_super: 0.00063, sec: 2835.949, prod: 0.000330, t_ads: 268.0, t_des: 454.0, bed_util_ads: 0.280, bed_util_des: 0.276, frac_lost: 0.100, li_recovered:  0.238
    21 |      840 |     36 |  0.0125123948 |         ideal
L: 0.62, u_super: 0.00628, sec: 194019.969, prod: 0.000513, t_ads: 36.0, t_des: 122.0, bed_util_ads: 0.255, bed_util_des: 0.254, frac_lost: 0.106, li_recovered:  0.081
L: 0.50, u_super: 0.00190, sec: 17624.859, prod: 0.000489, t_ads: 92.0, t_des: 299.0, bed_util_ads: 0.243, bed_util_des: 0.241, frac_lost: 0.102, li_recovered:  0.191
L: 0.55, u_super: 0.00921, sec: 432544.375, prod: 0.000514, t_ads: 22.0, t_des: 85.0, bed_util_ads: 0.250, bed_util_des: 0.250, frac_lost: 0.101, li_recovered:  0.055
L: 0.50, u_super: 0.00839, sec: 338010.500, prod: 0.000540, t_ads: 23.0, t_des: 75.0, bed_util_ads: 0.269, bed_util_des: 0.268, frac_lost: 0.112, li_recovered:  0.053
L: 0.81, u_super: 0.00106, sec: 5532.016, prod: 0.000478, t_ads: 257.0, t_des: 789.0, bed_util_ads: 0.229, bed_util_des: 0.222, frac_lost: 0.101, li_recovered:  0.500
L: 0.51, u_super: 0.00036, sec: 651.143, prod: 0.000463, t_ads: 466.0, t_des: 1290.0, bed_util_ads: 0.220, bed_util_des: 0.208, frac_lost: 0.100, li_recovered:  0.812
L: 0.51, u_super: 0.00704, sec: 241284.359, prod: 0.000523, t_ads: 27.0, t_des: 88.0, bed_util_ads: 0.264, bed_util_des: 0.263, frac_lost: 0.108, li_recovered:  0.060
L: 0.51, u_super: 0.00057, sec: 1997.405, prod: 0.000383, t_ads: 291.0, t_des: 550.0, bed_util_ads: 0.267, bed_util_des: 0.263, frac_lost: 0.101, li_recovered:  0.322
L: 0.50, u_super: 0.00536, sec: 144359.750, prod: 0.000497, t_ads: 34.0, t_des: 109.0, bed_util_ads: 0.259, bed_util_des: 0.258, frac_lost: 0.102, li_recovered:  0.071
L: 0.79, u_super: 0.00381, sec: 72993.133, prod: 0.000486, t_ads: 73.0, t_des: 240.0, bed_util_ads: 0.245, bed_util_des: 0.243, frac_lost: 0.101, li_recovered:  0.152
L: 0.50, u_super: 0.00043, sec: 929.340, prod: 0.000466, t_ads: 385.0, t_des: 1045.0, bed_util_ads: 0.228, bed_util_des: 0.218, frac_lost: 0.101, li_recovered:  0.667
L: 0.61, u_super: 0.00397, sec: 77810.492, prod: 0.000496, t_ads: 55.0, t_des: 192.0, bed_util_ads: 0.244, bed_util_des: 0.243, frac_lost: 0.102, li_recovered:  0.122
L: 0.50, u_super: 0.00531, sec: 158519.438, prod: 0.000443, t_ads: 35.0, t_des: 77.0, bed_util_ads: 0.297, bed_util_des: 0.296, frac_lost: 0.108, li_recovered:  0.050
L: 0.82, u_super: 0.00493, sec: 145744.578, prod: 0.000412, t_ads: 59.0, t_des: 125.0, bed_util_ads: 0.290, bed_util_des: 0.289, frac_lost: 0.103, li_recovered:  0.076
L: 0.52, u_super: 0.00373, sec: 73906.109, prod: 0.000460, t_ads: 50.0, t_des: 279.0, bed_util_ads: 0.208, bed_util_des: 0.206, frac_lost: 0.104, li_recovered:  0.151
L: 0.55, u_super: 0.00243, sec: 28875.738, prod: 0.000491, t_ads: 79.0, t_des: 292.0, bed_util_ads: 0.235, bed_util_des: 0.232, frac_lost: 0.102, li_recovered:  0.182
L: 0.58, u_super: 0.00416, sec: 95540.539, prod: 0.000443, t_ads: 50.0, t_des: 113.0, bed_util_ads: 0.287, bed_util_des: 0.286, frac_lost: 0.105, li_recovered:  0.072
L: 0.50, u_super: 0.00011, sec: 113.023, prod: 0.000268, t_ads: 1256.0, t_des: 1710.0, bed_util_ads: 0.224, bed_util_des: 0.213, frac_lost: 0.100, li_recovered:  0.796
L: 0.57, u_super: 0.00728, sec: 272261.781, prod: 0.000497, t_ads: 29.0, t_des: 143.0, bed_util_ads: 0.226, bed_util_des: 0.225, frac_lost: 0.107, li_recovered:  0.086
L: 0.50, u_super: 0.00109, sec: 6619.885, prod: 0.000425, t_ads: 156.0, t_des: 342.0, bed_util_ads: 0.269, bed_util_des: 0.266, frac_lost: 0.101, li_recovered:  0.212
L: 0.50, u_super: 0.00332, sec: 53783.477, prod: 0.000495, t_ads: 54.0, t_des: 171.0, bed_util_ads: 0.253, bed_util_des: 0.252, frac_lost: 0.102, li_recovered:  0.111
L: 0.51, u_super: 0.00020, sec: 226.029, prod: 0.000398, t_ads: 807.0, t_des: 1568.0, bed_util_ads: 0.224, bed_util_des: 0.211, frac_lost: 0.100, li_recovered:  0.946
L: 0.50, u_super: 0.00024, sec: 311.973, prod: 0.000421, t_ads: 671.0, t_des: 1421.0, bed_util_ads: 0.226, bed_util_des: 0.214, frac_lost: 0.100, li_recovered:  0.880
L: 0.51, u_super: 0.00479, sec: 110990.586, prod: 0.000511, t_ads: 39.0, t_des: 133.0, bed_util_ads: 0.253, bed_util_des: 0.252, frac_lost: 0.106, li_recovered:  0.088
L: 0.51, u_super: 0.00075, sec: 2740.424, prod: 0.000477, t_ads: 230.0, t_des: 820.0, bed_util_ads: 0.219, bed_util_des: 0.212, frac_lost: 0.100, li_recovered:  0.501
L: 0.52, u_super: 0.00522, sec: 133333.234, prod: 0.000509, t_ads: 36.0, t_des: 116.0, bed_util_ads: 0.259, bed_util_des: 0.258, frac_lost: 0.104, li_recovered:  0.077
L: 1.02, u_super: 0.00701, sec: 266579.156, prod: 0.000469, t_ads: 52.0, t_des: 260.0, bed_util_ads: 0.215, bed_util_des: 0.213, frac_lost: 0.101, li_recovered:  0.146
L: 0.52, u_super: 0.00290, sec: 40970.918, prod: 0.000494, t_ads: 63.0, t_des: 208.0, bed_util_ads: 0.248, bed_util_des: 0.246, frac_lost: 0.102, li_recovered:  0.134
L: 0.50, u_super: 0.00218, sec: 23255.000, prod: 0.000489, t_ads: 81.0, t_des: 289.0, bed_util_ads: 0.237, bed_util_des: 0.235, frac_lost: 0.102, li_recovered:  0.181
L: 0.51, u_super: 0.00359, sec: 63458.020, prod: 0.000495, t_ads: 51.0, t_des: 149.0, bed_util_ads: 0.262, bed_util_des: 0.261, frac_lost: 0.104, li_recovered:  0.099
L: 0.50, u_super: 0.00714, sec: 254165.219, prod: 0.000512, t_ads: 26.0, t_des: 98.0, bed_util_ads: 0.250, bed_util_des: 0.249, frac_lost: 0.102, li_recovered:  0.063
L: 1.10, u_super: 0.00006, sec: inf, prod: 0.000000, t_ads: 2072.0, t_des: 0.0, bed_util_ads: 0.216, bed_util_des: 0.216, frac_lost: 0.100, li_recovered:  0.000
L: 0.50, u_super: 0.00030, sec: 457.319, prod: 0.000447, t_ads: 551.0, t_des: 1336.0, bed_util_ads: 0.224, bed_util_des: 0.212, frac_lost: 0.100, li_recovered:  0.843
L: 0.50, u_super: 0.00023, sec: 273.505, prod: 0.000444, t_ads: 725.0, t_des: 2237.0, bed_util_ads: 0.196, bed_util_des: 0.177, frac_lost: 0.100, li_recovered:  1.315
L: 0.51, u_super: 0.00019, sec: 215.336, prod: 0.000391, t_ads: 828.0, t_des: 1570.0, bed_util_ads: 0.225, bed_util_des: 0.211, frac_lost: 0.100, li_recovered:  0.938
L: 0.84, u_super: 0.00005, sec: inf, prod: 0.000000, t_ads: 2720.0, t_des: 0.0, bed_util_ads: 0.194, bed_util_des: 0.194, frac_lost: 0.100, li_recovered:  0.000
L: 0.51, u_super: 0.00766, sec: 284448.219, prod: 0.000530, t_ads: 25.0, t_des: 93.0, bed_util_ads: 0.253, bed_util_des: 0.252, frac_lost: 0.106, li_recovered:  0.063
L: 0.50, u_super: 0.00713, sec: 255614.391, prod: 0.000508, t_ads: 26.0, t_des: 84.0, bed_util_ads: 0.263, bed_util_des: 0.263, frac_lost: 0.102, li_recovered:  0.056
L: 0.51, u_super: 0.00020, sec: 368.648, prod: 0.000263, t_ads: 743.0, t_des: 1038.0, bed_util_ads: 0.253, bed_util_des: 0.247, frac_lost: 0.100, li_recovered:  0.469
L: 0.51, u_super: 0.00527, sec: 137826.797, prod: 0.000502, t_ads: 35.0, t_des: 101.0, bed_util_ads: 0.270, bed_util_des: 0.269, frac_lost: 0.104, li_recovered:  0.068
    22 |      880 |     36 |  0.0028665028 |             f
L: 0.69, u_super: 0.00016, sec: 224.383, prod: 0.000280, t_ads: 1215.0, t_des: 1703.0, bed_util_ads: 0.224, bed_util_des: 0.213, frac_lost: 0.100, li_recovered:  0.817
L: 0.51, u_super: 0.00710, sec: 256362.359, prod: 0.000501, t_ads: 27.0, t_des: 66.0, bed_util_ads: 0.293, bed_util_des: 0.293, frac_lost: 0.111, li_recovered:  0.047
L: 0.51, u_super: 0.00019, sec: 214.364, prod: 0.000393, t_ads: 829.0, t_des: 1581.0, bed_util_ads: 0.224, bed_util_des: 0.211, frac_lost: 0.100, li_recovered:  0.947
L: 0.55, u_super: 0.00264, sec: 34255.191, prod: 0.000488, t_ads: 73.0, t_des: 218.0, bed_util_ads: 0.255, bed_util_des: 0.253, frac_lost: 0.103, li_recovered:  0.142
L: 0.51, u_super: 0.00049, sec: 1470.671, prod: 0.000385, t_ads: 338.0, t_des: 638.0, bed_util_ads: 0.262, bed_util_des: 0.257, frac_lost: 0.100, li_recovered:  0.375
L: 0.50, u_super: 0.00209, sec: 21308.854, prod: 0.000489, t_ads: 84.0, t_des: 279.0, bed_util_ads: 0.243, bed_util_des: 0.240, frac_lost: 0.102, li_recovered:  0.178
L: 0.51, u_super: 0.00033, sec: 568.211, prod: 0.000448, t_ads: 504.0, t_des: 1221.0, bed_util_ads: 0.227, bed_util_des: 0.216, frac_lost: 0.100, li_recovered:  0.774
L: 0.60, u_super: 0.00005, sec: inf, prod: 0.000000, t_ads: 2419.0, t_des: 0.0, bed_util_ads: 0.203, bed_util_des: 0.203, frac_lost: 0.100, li_recovered:  0.000
L: 0.51, u_super: 0.00016, sec: 206.345, prod: 0.000299, t_ads: 921.0, t_des: 1361.0, bed_util_ads: 0.237, bed_util_des: 0.228, frac_lost: 0.100, li_recovered:  0.682
L: 0.54, u_super: 0.00167, sec: 14880.082, prod: 0.000443, t_ads: 113.0, t_des: 638.0, bed_util_ads: 0.196, bed_util_des: 0.192, frac_lost: 0.102, li_recovered:  0.333
L: 0.66, u_super: 0.00022, sec: 274.710, prod: 0.000406, t_ads: 1005.0, t_des: 3653.0, bed_util_ads: 0.173, bed_util_des: 0.147, frac_lost: 0.100, li_recovered:  1.892
L: 0.52, u_super: 0.00169, sec: 13992.250, prod: 0.000485, t_ads: 106.0, t_des: 335.0, bed_util_ads: 0.244, bed_util_des: 0.241, frac_lost: 0.102, li_recovered:  0.214
L: 0.50, u_super: 0.00531, sec: 135464.359, prod: 0.000518, t_ads: 35.0, t_des: 114.0, bed_util_ads: 0.259, bed_util_des: 0.258, frac_lost: 0.107, li_recovered:  0.077
L: 0.50, u_super: 0.00016, sec: 174.379, prod: 0.000360, t_ads: 929.0, t_des: 1595.0, bed_util_ads: 0.226, bed_util_des: 0.213, frac_lost: 0.100, li_recovered:  0.909
L: 0.58, u_super: 0.00488, sec: 124006.625, prod: 0.000475, t_ads: 43.0, t_des: 216.0, bed_util_ads: 0.218, bed_util_des: 0.216, frac_lost: 0.103, li_recovered:  0.123
L: 0.51, u_super: 0.00416, sec: 84514.508, prod: 0.000501, t_ads: 44.0, t_des: 160.0, bed_util_ads: 0.244, bed_util_des: 0.243, frac_lost: 0.102, li_recovered:  0.102
L: 0.50, u_super: 0.00012, sec: 110.361, prod: 0.000279, t_ads: 1254.0, t_des: 1752.0, bed_util_ads: 0.223, bed_util_des: 0.211, frac_lost: 0.100, li_recovered:  0.838
L: 0.51, u_super: 0.00008, sec: 84.276, prod: 0.000195, t_ads: 1642.0, t_des: 1816.0, bed_util_ads: 0.216, bed_util_des: 0.206, frac_lost: 0.100, li_recovered:  0.675
L: 0.78, u_super: 0.00018, sec: 274.998, prod: 0.000280, t_ads: 1230.0, t_des: 1726.0, bed_util_ads: 0.224, bed_util_des: 0.212, frac_lost: 0.100, li_recovered:  0.829
L: 0.50, u_super: 0.00190, sec: 17596.873, prod: 0.000490, t_ads: 92.0, t_des: 301.0, bed_util_ads: 0.243, bed_util_des: 0.240, frac_lost: 0.102, li_recovered:  0.193
L: 0.51, u_super: 0.00479, sec: 116034.227, prod: 0.000489, t_ads: 39.0, t_des: 194.0, bed_util_ads: 0.221, bed_util_des: 0.219, frac_lost: 0.106, li_recovered:  0.114
L: 0.51, u_super: 0.00091, sec: 4095.260, prod: 0.000478, t_ads: 191.0, t_des: 730.0, bed_util_ads: 0.218, bed_util_des: 0.211, frac_lost: 0.101, li_recovered:  0.440
L: 0.52, u_super: 0.00901, sec: 398722.594, prod: 0.000532, t_ads: 22.0, t_des: 60.0, bed_util_ads: 0.287, bed_util_des: 0.287, frac_lost: 0.111, li_recovered:  0.044
L: 0.51, u_super: 0.00493, sec: 127327.539, prod: 0.000472, t_ads: 38.0, t_des: 218.0, bed_util_ads: 0.210, bed_util_des: 0.209, frac_lost: 0.107, li_recovered:  0.121
L: 0.50, u_super: 0.00820, sec: 396166.281, prod: 0.000439, t_ads: 23.0, t_des: 50.0, bed_util_ads: 0.306, bed_util_des: 0.306, frac_lost: 0.106, li_recovered:  0.032
L: 0.52, u_super: 0.00397, sec: 79062.508, prod: 0.000487, t_ads: 47.0, t_des: 221.0, bed_util_ads: 0.222, bed_util_des: 0.221, frac_lost: 0.104, li_recovered:  0.130
L: 0.51, u_super: 0.00821, sec: 336283.156, prod: 0.000519, t_ads: 23.0, t_des: 77.0, bed_util_ads: 0.263, bed_util_des: 0.263, frac_lost: 0.103, li_recovered:  0.052
L: 0.65, u_super: 0.00010, sec: 129.956, prod: 0.000165, t_ads: 1758.0, t_des: 1766.0, bed_util_ads: 0.214, bed_util_des: 0.206, frac_lost: 0.100, li_recovered:  0.583
L: 0.52, u_super: 0.00286, sec: 39593.672, prod: 0.000497, t_ads: 64.0, t_des: 222.0, bed_util_ads: 0.243, bed_util_des: 0.241, frac_lost: 0.103, li_recovered:  0.142
L: 0.50, u_super: 0.00208, sec: 21022.691, prod: 0.000489, t_ads: 85.0, t_des: 303.0, bed_util_ads: 0.236, bed_util_des: 0.234, frac_lost: 0.101, li_recovered:  0.190
L: 0.51, u_super: 0.00710, sec: 240386.844, prod: 0.000534, t_ads: 27.0, t_des: 90.0, bed_util_ads: 0.263, bed_util_des: 0.262, frac_lost: 0.111, li_recovered:  0.063
L: 0.50, u_super: 0.00633, sec: 200731.125, prod: 0.000503, t_ads: 29.0, t_des: 106.0, bed_util_ads: 0.250, bed_util_des: 0.249, frac_lost: 0.101, li_recovered:  0.068
L: 0.50, u_super: 0.00479, sec: 120762.164, prod: 0.000470, t_ads: 38.0, t_des: 100.0, bed_util_ads: 0.275, bed_util_des: 0.274, frac_lost: 0.102, li_recovered:  0.065
L: 0.51, u_super: 0.00020, sec: 227.286, prod: 0.000392, t_ads: 808.0, t_des: 1536.0, bed_util_ads: 0.226, bed_util_des: 0.213, frac_lost: 0.100, li_recovered:  0.920
L: 0.51, u_super: 0.00019, sec: 214.784, prod: 0.000392, t_ads: 826.0, t_des: 1570.0, bed_util_ads: 0.225, bed_util_des: 0.211, frac_lost: 0.100, li_recovered:  0.939
L: 0.51, u_super: 0.00734, sec: 255551.062, prod: 0.000540, t_ads: 26.0, t_des: 87.0, bed_util_ads: 0.263, bed_util_des: 0.263, frac_lost: 0.109, li_recovered:  0.061
L: 0.51, u_super: 0.00033, sec: 568.138, prod: 0.000449, t_ads: 504.0, t_des: 1221.0, bed_util_ads: 0.227, bed_util_des: 0.216, frac_lost: 0.100, li_recovered:  0.774
L: 0.50, u_super: 0.00847, sec: 364210.156, prod: 0.000511, t_ads: 22.0, t_des: 70.0, bed_util_ads: 0.268, bed_util_des: 0.268, frac_lost: 0.101, li_recovered:  0.047
L: 0.52, u_super: 0.00417, sec: 83117.000, prod: 0.000513, t_ads: 45.0, t_des: 166.0, bed_util_ads: 0.244, bed_util_des: 0.243, frac_lost: 0.106, li_recovered:  0.108
L: 0.51, u_super: 0.00006, sec: 206.669, prod: 0.000042, t_ads: 1962.0, t_des: 1189.0, bed_util_ads: 0.214, bed_util_des: 0.212, frac_lost: 0.100, li_recovered:  0.134
    23 |      920 |     36 |  0.1246797936 |         nadir
L: 0.56, u_super: 0.00623, sec: 188527.625, prod: 0.000519, t_ads: 33.0, t_des: 131.0, bed_util_ads: 0.243, bed_util_des: 0.242, frac_lost: 0.107, li_recovered:  0.085
L: 0.54, u_super: 0.00009, sec: inf, prod: 0.000000, t_ads: 1412.0, t_des: 0.0, bed_util_ads: 0.240, bed_util_des: 0.240, frac_lost: 0.100, li_recovered:  0.000
L: 0.51, u_super: 0.00029, sec: 440.908, prod: 0.000429, t_ads: 577.0, t_des: 1256.0, bed_util_ads: 0.230, bed_util_des: 0.219, frac_lost: 0.100, li_recovered:  0.786
L: 0.61, u_super: 0.00331, sec: 53381.059, prod: 0.000499, t_ads: 66.0, t_des: 230.0, bed_util_ads: 0.243, bed_util_des: 0.241, frac_lost: 0.104, li_recovered:  0.148
L: 0.51, u_super: 0.00008, sec: inf, prod: 0.000000, t_ads: 1426.0, t_des: 0.0, bed_util_ads: 0.245, bed_util_des: 0.245, frac_lost: 0.100, li_recovered:  0.000
L: 0.51, u_super: 0.00654, sec: 207234.297, prod: 0.000523, t_ads: 29.0, t_des: 89.0, bed_util_ads: 0.269, bed_util_des: 0.268, frac_lost: 0.109, li_recovered:  0.062
L: 0.50, u_super: 0.00619, sec: 188390.234, prod: 0.000513, t_ads: 30.0, t_des: 100.0, bed_util_ads: 0.259, bed_util_des: 0.258, frac_lost: 0.105, li_recovered:  0.067
L: 0.50, u_super: 0.00023, sec: 471.251, prod: 0.000258, t_ads: 667.0, t_des: 932.0, bed_util_ads: 0.259, bed_util_des: 0.253, frac_lost: 0.100, li_recovered:  0.412
L: 0.51, u_super: 0.00253, sec: 30849.070, prod: 0.000497, t_ads: 71.0, t_des: 262.0, bed_util_ads: 0.237, bed_util_des: 0.235, frac_lost: 0.103, li_recovered:  0.165
L: 0.55, u_super: 0.00051, sec: 1317.260, prod: 0.000454, t_ads: 358.0, t_des: 877.0, bed_util_ads: 0.238, bed_util_des: 0.230, frac_lost: 0.100, li_recovered:  0.560
L: 0.52, u_super: 0.00382, sec: 72299.352, prod: 0.000492, t_ads: 48.0, t_des: 170.0, bed_util_ads: 0.244, bed_util_des: 0.243, frac_lost: 0.100, li_recovered:  0.107
L: 0.51, u_super: 0.00517, sec: 176131.672, prod: 0.000377, t_ads: 36.0, t_des: 70.0, bed_util_ads: 0.307, bed_util_des: 0.306, frac_lost: 0.104, li_recovered:  0.040
L: 0.88, u_super: 0.00009, sec: 268.576, prod: 0.000078, t_ads: 2204.0, t_des: 1495.0, bed_util_ads: 0.205, bed_util_des: 0.201, frac_lost: 0.100, li_recovered:  0.287
L: 0.50, u_super: 0.00844, sec: 334251.844, prod: 0.000552, t_ads: 23.0, t_des: 76.0, bed_util_ads: 0.268, bed_util_des: 0.268, frac_lost: 0.114, li_recovered:  0.055
L: 0.50, u_super: 0.00597, sec: 175112.719, prod: 0.000512, t_ads: 31.0, t_des: 115.0, bed_util_ads: 0.248, bed_util_des: 0.247, frac_lost: 0.104, li_recovered:  0.075
L: 0.50, u_super: 0.00187, sec: 17059.279, prod: 0.000487, t_ads: 94.0, t_des: 304.0, bed_util_ads: 0.243, bed_util_des: 0.241, frac_lost: 0.102, li_recovered:  0.194
L: 0.50, u_super: 0.00028, sec: 414.059, prod: 0.000449, t_ads: 579.0, t_des: 1451.0, bed_util_ads: 0.219, bed_util_des: 0.207, frac_lost: 0.100, li_recovered:  0.911
L: 0.51, u_super: 0.00908, sec: 458841.875, prod: 0.000470, t_ads: 21.0, t_des: 131.0, bed_util_ads: 0.212, bed_util_des: 0.211, frac_lost: 0.102, li_recovered:  0.071
L: 0.50, u_super: 0.00288, sec: 40623.363, prod: 0.000491, t_ads: 62.0, t_des: 211.0, bed_util_ads: 0.245, bed_util_des: 0.243, frac_lost: 0.101, li_recovered:  0.134
L: 0.50, u_super: 0.00918, sec: 473722.344, prod: 0.000466, t_ads: 21.0, t_des: 140.0, bed_util_ads: 0.208, bed_util_des: 0.207, frac_lost: 0.107, li_recovered:  0.075
L: 0.50, u_super: 0.00043, sec: 929.351, prod: 0.000466, t_ads: 385.0, t_des: 1045.0, bed_util_ads: 0.228, bed_util_des: 0.218, frac_lost: 0.101, li_recovered:  0.667
L: 0.50, u_super: 0.00248, sec: 33565.758, prod: 0.000440, t_ads: 72.0, t_des: 436.0, bed_util_ads: 0.197, bed_util_des: 0.194, frac_lost: 0.104, li_recovered:  0.223
L: 0.50, u_super: 0.00042, sec: 883.132, prod: 0.000467, t_ads: 396.0, t_des: 1124.0, bed_util_ads: 0.223, bed_util_des: 0.213, frac_lost: 0.100, li_recovered:  0.709
L: 0.50, u_super: 0.00490, sec: 130512.469, prod: 0.000455, t_ads: 37.0, t_des: 217.0, bed_util_ads: 0.207, bed_util_des: 0.205, frac_lost: 0.101, li_recovered:  0.116
L: 0.50, u_super: 0.00207, sec: 20829.779, prod: 0.000490, t_ads: 85.0, t_des: 282.0, bed_util_ads: 0.243, bed_util_des: 0.240, frac_lost: 0.102, li_recovered:  0.180
L: 0.50, u_super: 0.00843, sec: 333948.531, prod: 0.000552, t_ads: 23.0, t_des: 76.0, bed_util_ads: 0.268, bed_util_des: 0.268, frac_lost: 0.114, li_recovered:  0.055
L: 0.50, u_super: 0.00531, sec: 174082.594, prod: 0.000403, t_ads: 35.0, t_des: 286.0, bed_util_ads: 0.185, bed_util_des: 0.183, frac_lost: 0.106, li_recovered:  0.129
L: 0.51, u_super: 0.00661, sec: 256135.750, prod: 0.000432, t_ads: 29.0, t_des: 210.0, bed_util_ads: 0.196, bed_util_des: 0.194, frac_lost: 0.106, li_recovered:  0.103
L: 0.67, u_super: 0.00056, sec: 1550.516, prod: 0.000467, t_ads: 397.0, t_des: 1114.0, bed_util_ads: 0.224, bed_util_des: 0.214, frac_lost: 0.100, li_recovered:  0.706
L: 0.51, u_super: 0.00072, sec: 2691.785, prod: 0.000444, t_ads: 243.0, t_des: 1218.0, bed_util_ads: 0.192, bed_util_des: 0.183, frac_lost: 0.101, li_recovered:  0.649
L: 0.51, u_super: 0.00030, sec: 463.831, prod: 0.000449, t_ads: 551.0, t_des: 1353.0, bed_util_ads: 0.223, bed_util_des: 0.211, frac_lost: 0.100, li_recovered:  0.854
L: 0.52, u_super: 0.00011, sec: 110.796, prod: 0.000244, t_ads: 1342.0, t_des: 1715.0, bed_util_ads: 0.223, bed_util_des: 0.213, frac_lost: 0.100, li_recovered:  0.745
L: 0.52, u_super: 0.00369, sec: 66827.742, prod: 0.000495, t_ads: 50.0, t_des: 174.0, bed_util_ads: 0.246, bed_util_des: 0.244, frac_lost: 0.101, li_recovered:  0.111
L: 0.50, u_super: 0.00023, sec: 272.755, prod: 0.000445, t_ads: 722.0, t_des: 2208.0, bed_util_ads: 0.197, bed_util_des: 0.178, frac_lost: 0.100, li_recovered:  1.305
L: 0.50, u_super: 0.00632, sec: 198084.297, prod: 0.000508, t_ads: 29.0, t_des: 107.0, bed_util_ads: 0.249, bed_util_des: 0.248, frac_lost: 0.102, li_recovered:  0.069
L: 0.59, u_super: 0.00360, sec: 64147.559, prod: 0.000491, t_ads: 58.0, t_des: 220.0, bed_util_ads: 0.236, bed_util_des: 0.234, frac_lost: 0.102, li_recovered:  0.136
L: 0.50, u_super: 0.00035, sec: 764.925, prod: 0.000364, t_ads: 461.0, t_des: 814.0, bed_util_ads: 0.257, bed_util_des: 0.250, frac_lost: 0.100, li_recovered:  0.465
L: 0.52, u_super: 0.00018, sec: 193.466, prod: 0.000383, t_ads: 903.0, t_des: 1671.0, bed_util_ads: 0.222, bed_util_des: 0.208, frac_lost: 0.100, li_recovered:  0.985
L: 0.52, u_super: 0.00369, sec: 66768.391, prod: 0.000497, t_ads: 50.0, t_des: 157.0, bed_util_ads: 0.256, bed_util_des: 0.254, frac_lost: 0.103, li_recovered:  0.103
L: 0.51, u_super: 0.00006, sec: 158.751, prod: 0.000060, t_ads: 1915.0, t_des: 1275.0, bed_util_ads: 0.215, bed_util_des: 0.212, frac_lost: 0.100, li_recovered:  0.191
    24 |      960 |     37 |  0.0009293668 |             f
L: 0.51, u_super: 0.00330, sec: 53437.797, prod: 0.000495, t_ads: 55.0, t_des: 196.0, bed_util_ads: 0.242, bed_util_des: 0.241, frac_lost: 0.101, li_recovered:  0.124
L: 0.51, u_super: 0.00490, sec: 115508.938, prod: 0.000514, t_ads: 38.0, t_des: 135.0, bed_util_ads: 0.250, bed_util_des: 0.248, frac_lost: 0.105, li_recovered:  0.089
L: 0.51, u_super: 0.00061, sec: 1827.125, prod: 0.000473, t_ads: 286.0, t_des: 1004.0, bed_util_ads: 0.215, bed_util_des: 0.207, frac_lost: 0.100, li_recovered:  0.611
L: 0.50, u_super: 0.00839, sec: 328845.062, prod: 0.000555, t_ads: 23.0, t_des: 76.0, bed_util_ads: 0.268, bed_util_des: 0.268, frac_lost: 0.112, li_recovered:  0.055
L: 0.52, u_super: 0.00244, sec: 29597.848, prod: 0.000480, t_ads: 76.0, t_des: 344.0, bed_util_ads: 0.219, bed_util_des: 0.216, frac_lost: 0.103, li_recovered:  0.202
L: 0.52, u_super: 0.00485, sec: 113149.219, prod: 0.000514, t_ads: 39.0, t_des: 125.0, bed_util_ads: 0.259, bed_util_des: 0.258, frac_lost: 0.107, li_recovered:  0.084
L: 0.51, u_super: 0.00710, sec: 240928.016, prod: 0.000533, t_ads: 27.0, t_des: 114.0, bed_util_ads: 0.242, bed_util_des: 0.241, frac_lost: 0.110, li_recovered:  0.075
L: 0.70, u_super: 0.00023, sec: 286.922, prod: 0.000423, t_ads: 974.0, t_des: 2419.0, bed_util_ads: 0.198, bed_util_des: 0.178, frac_lost: 0.100, li_recovered:  1.436
L: 0.50, u_super: 0.00626, sec: 185961.906, prod: 0.000531, t_ads: 30.0, t_des: 113.0, bed_util_ads: 0.250, bed_util_des: 0.249, frac_lost: 0.109, li_recovered:  0.076
L: 0.50, u_super: 0.00012, sec: 113.368, prod: 0.000271, t_ads: 1249.0, t_des: 1715.0, bed_util_ads: 0.224, bed_util_des: 0.213, frac_lost: 0.100, li_recovered:  0.805
L: 0.89, u_super: 0.00023, sec: 395.667, prod: 0.000307, t_ads: 1144.0, t_des: 1712.0, bed_util_ads: 0.224, bed_util_des: 0.212, frac_lost: 0.100, li_recovered:  0.877
L: 0.50, u_super: 0.00827, sec: 362646.156, prod: 0.000488, t_ads: 23.0, t_des: 55.0, bed_util_ads: 0.298, bed_util_des: 0.297, frac_lost: 0.108, li_recovered:  0.038
L: 1.09, u_super: 0.00140, sec: 12223.209, prod: 0.000376, t_ads: 258.0, t_des: 483.0, bed_util_ads: 0.272, bed_util_des: 0.268, frac_lost: 0.101, li_recovered:  0.279
L: 0.57, u_super: 0.00402, sec: 81136.281, prod: 0.000487, t_ads: 51.0, t_des: 212.0, bed_util_ads: 0.230, bed_util_des: 0.228, frac_lost: 0.101, li_recovered:  0.128
L: 0.51, u_super: 0.00407, sec: 89308.188, prod: 0.000454, t_ads: 45.0, t_des: 249.0, bed_util_ads: 0.208, bed_util_des: 0.207, frac_lost: 0.100, li_recovered:  0.133
L: 0.59, u_super: 0.00011, sec: inf, prod: 0.000000, t_ads: 1349.0, t_des: 0.0, bed_util_ads: 0.247, bed_util_des: 0.247, frac_lost: 0.100, li_recovered:  0.000
L: 0.51, u_super: 0.00024, sec: 544.390, prod: 0.000237, t_ads: 651.0, t_des: 879.0, bed_util_ads: 0.263, bed_util_des: 0.258, frac_lost: 0.100, li_recovered:  0.362
L: 0.51, u_super: 0.00008, sec: 75.367, prod: 0.000218, t_ads: 1665.0, t_des: 1968.0, bed_util_ads: 0.213, bed_util_des: 0.202, frac_lost: 0.100, li_recovered:  0.793
L: 0.51, u_super: 0.00016, sec: 173.609, prod: 0.000362, t_ads: 937.0, t_des: 1618.0, bed_util_ads: 0.225, bed_util_des: 0.212, frac_lost: 0.100, li_recovered:  0.924
L: 0.62, u_super: 0.00360, sec: 80881.500, prod: 0.000389, t_ads: 61.0, t_des: 122.0, bed_util_ads: 0.295, bed_util_des: 0.294, frac_lost: 0.103, li_recovered:  0.071
L: 0.50, u_super: 0.00016, sec: 498.910, prod: 0.000126, t_ads: 868.0, t_des: 913.0, bed_util_ads: 0.261, bed_util_des: 0.258, frac_lost: 0.100, li_recovered:  0.224
L: 0.71, u_super: 0.00020, sec: 282.482, prod: 0.000319, t_ads: 1071.0, t_des: 1649.0, bed_util_ads: 0.226, bed_util_des: 0.214, frac_lost: 0.100, li_recovered:  0.866
L: 0.50, u_super: 0.00531, sec: 136003.438, prod: 0.000516, t_ads: 35.0, t_des: 138.0, bed_util_ads: 0.242, bed_util_des: 0.241, frac_lost: 0.107, li_recovered:  0.089
L: 0.51, u_super: 0.00005, sec: 27.377, prod: 0.000249, t_ads: 2648.0, t_des: 3556.0, bed_util_ads: 0.181, bed_util_des: 0.159, frac_lost: 0.100, li_recovered:  1.543
L: 0.51, u_super: 0.00165, sec: 13270.620, prod: 0.000488, t_ads: 107.0, t_des: 361.0, bed_util_ads: 0.238, bed_util_des: 0.235, frac_lost: 0.101, li_recovered:  0.228
L: 0.52, u_super: 0.00428, sec: 93690.141, prod: 0.000479, t_ads: 44.0, t_des: 231.0, bed_util_ads: 0.215, bed_util_des: 0.213, frac_lost: 0.106, li_recovered:  0.132
L: 0.52, u_super: 0.00011, sec: 143.800, prod: 0.000188, t_ads: 1307.0, t_des: 1461.0, bed_util_ads: 0.231, bed_util_des: 0.223, frac_lost: 0.100, li_recovered:  0.520
L: 0.50, u_super: 0.00035, sec: 629.669, prod: 0.000448, t_ads: 471.0, t_des: 1125.0, bed_util_ads: 0.231, bed_util_des: 0.221, frac_lost: 0.100, li_recovered:  0.716
L: 0.52, u_super: 0.00249, sec: 30186.758, prod: 0.000493, t_ads: 73.0, t_des: 259.0, bed_util_ads: 0.239, bed_util_des: 0.237, frac_lost: 0.102, li_recovered:  0.164
L: 0.51, u_super: 0.00493, sec: 115666.523, prod: 0.000520, t_ads: 38.0, t_des: 125.0, bed_util_ads: 0.257, bed_util_des: 0.256, frac_lost: 0.107, li_recovered:  0.085
L: 0.51, u_super: 0.00030, sec: 465.993, prod: 0.000447, t_ads: 567.0, t_des: 2131.0, bed_util_ads: 0.191, bed_util_des: 0.174, frac_lost: 0.100, li_recovered:  1.205
L: 0.51, u_super: 0.00500, sec: 122380.141, prod: 0.000508, t_ads: 37.0, t_des: 131.0, bed_util_ads: 0.250, bed_util_des: 0.249, frac_lost: 0.104, li_recovered:  0.085
L: 0.77, u_super: 0.00750, sec: 308802.156, prod: 0.000467, t_ads: 38.0, t_des: 224.0, bed_util_ads: 0.208, bed_util_des: 0.206, frac_lost: 0.107, li_recovered:  0.122
L: 0.51, u_super: 0.00049, sec: 1163.345, prod: 0.000472, t_ads: 350.0, t_des: 1114.0, bed_util_ads: 0.218, bed_util_des: 0.208, frac_lost: 0.100, li_recovered:  0.691
L: 0.52, u_super: 0.00009, sec: inf, prod: 0.000000, t_ads: 1380.0, t_des: 0.0, bed_util_ads: 0.242, bed_util_des: 0.242, frac_lost: 0.100, li_recovered:  0.000
L: 0.52, u_super: 0.00390, sec: 73370.914, prod: 0.000506, t_ads: 48.0, t_des: 171.0, bed_util_ads: 0.246, bed_util_des: 0.244, frac_lost: 0.105, li_recovered:  0.111
L: 0.50, u_super: 0.00509, sec: 137182.797, prod: 0.000469, t_ads: 36.0, t_des: 200.0, bed_util_ads: 0.212, bed_util_des: 0.211, frac_lost: 0.104, li_recovered:  0.111
L: 0.51, u_super: 0.00710, sec: 241000.328, prod: 0.000533, t_ads: 27.0, t_des: 100.0, bed_util_ads: 0.253, bed_util_des: 0.252, frac_lost: 0.110, li_recovered:  0.068
L: 0.70, u_super: 0.00417, sec: 86657.266, prod: 0.000492, t_ads: 60.0, t_des: 256.0, bed_util_ads: 0.227, bed_util_des: 0.225, frac_lost: 0.105, li_recovered:  0.155
L: 0.72, u_super: 0.00011, sec: 129.685, prod: 0.000208, t_ads: 1801.0, t_des: 2056.0, bed_util_ads: 0.209, bed_util_des: 0.198, frac_lost: 0.100, li_recovered:  0.803
    25 |     1000 |     37 |  0.1748986204 |         nadir
L: 0.51, u_super: 0.00397, sec: 82011.656, prod: 0.000469, t_ads: 46.0, t_des: 234.0, bed_util_ads: 0.215, bed_util_des: 0.213, frac_lost: 0.101, li_recovered:  0.131
L: 0.52, u_super: 0.00247, sec: 30284.191, prod: 0.000483, t_ads: 73.0, t_des: 220.0, bed_util_ads: 0.253, bed_util_des: 0.251, frac_lost: 0.100, li_recovered:  0.141
L: 0.51, u_super: 0.00010, sec: inf, prod: 0.000000, t_ads: 1146.0, t_des: 0.0, bed_util_ads: 0.275, bed_util_des: 0.275, frac_lost: 0.100, li_recovered:  0.000
L: 0.51, u_super: 0.00670, sec: 222075.672, prod: 0.000513, t_ads: 28.0, t_des: 90.0, bed_util_ads: 0.264, bed_util_des: 0.263, frac_lost: 0.105, li_recovered:  0.061
L: 0.50, u_super: 0.00626, sec: 186062.875, prod: 0.000531, t_ads: 30.0, t_des: 113.0, bed_util_ads: 0.250, bed_util_des: 0.249, frac_lost: 0.109, li_recovered:  0.076
L: 0.74, u_super: 0.00023, sec: 298.904, prod: 0.000414, t_ads: 1047.0, t_des: 3305.0, bed_util_ads: 0.180, bed_util_des: 0.155, frac_lost: 0.100, li_recovered:  1.802
L: 0.50, u_super: 0.00861, sec: 383275.312, prod: 0.000502, t_ads: 22.0, t_des: 112.0, bed_util_ads: 0.228, bed_util_des: 0.227, frac_lost: 0.105, li_recovered:  0.067
L: 0.50, u_super: 0.00032, sec: 541.707, prod: 0.000452, t_ads: 506.0, t_des: 1274.0, bed_util_ads: 0.224, bed_util_des: 0.213, frac_lost: 0.100, li_recovered:  0.805
L: 0.50, u_super: 0.00820, sec: 409771.906, prod: 0.000424, t_ads: 23.0, t_des: 182.0, bed_util_ads: 0.193, bed_util_des: 0.192, frac_lost: 0.105, li_recovered:  0.087
L: 0.51, u_super: 0.00069, sec: 2870.617, prod: 0.000383, t_ads: 245.0, t_des: 467.0, bed_util_ads: 0.271, bed_util_des: 0.268, frac_lost: 0.101, li_recovered:  0.273
L: 0.52, u_super: 0.00393, sec: 75885.695, prod: 0.000496, t_ads: 47.0, t_des: 153.0, bed_util_ads: 0.253, bed_util_des: 0.251, frac_lost: 0.102, li_recovered:  0.099
L: 0.52, u_super: 0.00082, sec: 3356.323, prod: 0.000471, t_ads: 213.0, t_des: 587.0, bed_util_ads: 0.242, bed_util_des: 0.237, frac_lost: 0.101, li_recovered:  0.377
L: 0.52, u_super: 0.00255, sec: 32055.428, prod: 0.000488, t_ads: 71.0, t_des: 236.0, bed_util_ads: 0.245, bed_util_des: 0.243, frac_lost: 0.101, li_recovered:  0.150
L: 0.53, u_super: 0.00382, sec: 73351.406, prod: 0.000486, t_ads: 50.0, t_des: 143.0, bed_util_ads: 0.264, bed_util_des: 0.262, frac_lost: 0.103, li_recovered:  0.094
L: 0.51, u_super: 0.00060, sec: 1760.410, prod: 0.000475, t_ads: 290.0, t_des: 951.0, bed_util_ads: 0.220, bed_util_des: 0.212, frac_lost: 0.100, li_recovered:  0.589
L: 0.51, u_super: 0.00017, sec: 173.384, prod: 0.000365, t_ads: 940.0, t_des: 1641.0, bed_util_ads: 0.224, bed_util_des: 0.211, frac_lost: 0.100, li_recovered:  0.942
L: 0.79, u_super: 0.00373, sec: 71562.047, prod: 0.000475, t_ads: 75.0, t_des: 353.0, bed_util_ads: 0.216, bed_util_des: 0.213, frac_lost: 0.103, li_recovered:  0.203
L: 0.50, u_super: 0.00012, sec: 110.254, prod: 0.000279, t_ads: 1251.0, t_des: 1750.0, bed_util_ads: 0.223, bed_util_des: 0.211, frac_lost: 0.100, li_recovered:  0.838
L: 0.51, u_super: 0.00016, sec: 273.759, prod: 0.000229, t_ads: 893.0, t_des: 1148.0, bed_util_ads: 0.248, bed_util_des: 0.242, frac_lost: 0.100, li_recovered:  0.468
L: 0.50, u_super: 0.00128, sec: 8305.075, prod: 0.000466, t_ads: 136.0, t_des: 627.0, bed_util_ads: 0.209, bed_util_des: 0.204, frac_lost: 0.101, li_recovered:  0.356
L: 0.58, u_super: 0.00529, sec: 148199.266, prod: 0.000470, t_ads: 40.0, t_des: 214.0, bed_util_ads: 0.214, bed_util_des: 0.212, frac_lost: 0.103, li_recovered:  0.119
L: 0.52, u_super: 0.00039, sec: 754.972, prod: 0.000464, t_ads: 445.0, t_des: 1259.0, bed_util_ads: 0.219, bed_util_des: 0.208, frac_lost: 0.100, li_recovered:  0.791
L: 0.51, u_super: 0.00060, sec: 1814.456, prod: 0.000468, t_ads: 286.0, t_des: 768.0, bed_util_ads: 0.237, bed_util_des: 0.230, frac_lost: 0.101, li_recovered:  0.493
L: 0.50, u_super: 0.00005, sec: 35.357, prod: 0.000188, t_ads: 2445.0, t_des: 2578.0, bed_util_ads: 0.192, bed_util_des: 0.178, frac_lost: 0.100, li_recovered:  0.945
L: 0.50, u_super: 0.00020, sec: 225.199, prod: 0.000400, t_ads: 799.0, t_des: 1562.0, bed_util_ads: 0.224, bed_util_des: 0.211, frac_lost: 0.100, li_recovered:  0.943
L: 0.52, u_super: 0.00261, sec: 33382.777, prod: 0.000491, t_ads: 70.0, t_des: 273.0, bed_util_ads: 0.232, bed_util_des: 0.230, frac_lost: 0.102, li_recovered:  0.169
L: 0.51, u_super: 0.00538, sec: 145100.844, prod: 0.000496, t_ads: 34.0, t_des: 123.0, bed_util_ads: 0.247, bed_util_des: 0.246, frac_lost: 0.100, li_recovered:  0.078
L: 0.52, u_super: 0.00503, sec: 129094.930, prod: 0.000487, t_ads: 37.0, t_des: 104.0, bed_util_ads: 0.270, bed_util_des: 0.269, frac_lost: 0.102, li_recovered:  0.069
L: 0.50, u_super: 0.00852, sec: 403494.719, prod: 0.000468, t_ads: 22.0, t_des: 133.0, bed_util_ads: 0.213, bed_util_des: 0.212, frac_lost: 0.102, li_recovered:  0.072
L: 0.51, u_super: 0.00038, sec: 726.449, prod: 0.000466, t_ads: 449.0, t_des: 1404.0, bed_util_ads: 0.211, bed_util_des: 0.199, frac_lost: 0.100, li_recovered:  0.864
L: 0.55, u_super: 0.00278, sec: 39075.777, prod: 0.000476, t_ads: 70.0, t_des: 330.0, bed_util_ads: 0.217, bed_util_des: 0.214, frac_lost: 0.103, li_recovered:  0.191
L: 0.51, u_super: 0.00386, sec: 76972.516, prod: 0.000474, t_ads: 47.0, t_des: 234.0, bed_util_ads: 0.217, bed_util_des: 0.215, frac_lost: 0.102, li_recovered:  0.133
L: 0.66, u_super: 0.00698, sec: 249706.062, prod: 0.000497, t_ads: 34.0, t_des: 128.0, bed_util_ads: 0.244, bed_util_des: 0.243, frac_lost: 0.100, li_recovered:  0.080
L: 0.51, u_super: 0.00325, sec: 51208.512, prod: 0.000499, t_ads: 56.0, t_des: 218.0, bed_util_ads: 0.236, bed_util_des: 0.234, frac_lost: 0.104, li_recovered:  0.137
L: 0.51, u_super: 0.00020, sec: 226.176, prod: 0.000395, t_ads: 804.0, t_des: 1546.0, bed_util_ads: 0.225, bed_util_des: 0.212, frac_lost: 0.100, li_recovered:  0.929
L: 0.50, u_super: 0.00103, sec: 5263.410, prod: 0.000469, t_ads: 167.0, t_des: 455.0, bed_util_ads: 0.248, bed_util_des: 0.244, frac_lost: 0.100, li_recovered:  0.292
L: 0.51, u_super: 0.00030, sec: 463.841, prod: 0.000449, t_ads: 551.0, t_des: 1353.0, bed_util_ads: 0.223, bed_util_des: 0.211, frac_lost: 0.100, li_recovered:  0.854
L: 0.51, u_super: 0.00775, sec: 290955.938, prod: 0.000531, t_ads: 25.0, t_des: 113.0, bed_util_ads: 0.238, bed_util_des: 0.237, frac_lost: 0.112, li_recovered:  0.073
L: 0.51, u_super: 0.00247, sec: 30666.746, prod: 0.000477, t_ads: 73.0, t_des: 196.0, bed_util_ads: 0.264, bed_util_des: 0.263, frac_lost: 0.103, li_recovered:  0.128
L: 0.82, u_super: 0.00018, sec: 193.349, prod: 0.000378, t_ads: 1440.0, t_des: 2981.0, bed_util_ads: 0.192, bed_util_des: 0.168, frac_lost: 0.100, li_recovered:  1.673
    26 |     1040 |     40 |  0.0011845898 |             f
L: 0.51, u_super: 0.00839, sec: 348163.719, prod: 0.000524, t_ads: 23.0, t_des: 63.0, bed_util_ads: 0.285, bed_util_des: 0.284, frac_lost: 0.109, li_recovered:  0.045
L: 0.50, u_super: 0.00556, sec: 154866.734, prod: 0.000499, t_ads: 33.0, t_des: 97.0, bed_util_ads: 0.268, bed_util_des: 0.267, frac_lost: 0.103, li_recovered:  0.065
L: 0.51, u_super: 0.00008, sec: inf, prod: 0.000000, t_ads: 1280.0, t_des: 0.0, bed_util_ads: 0.269, bed_util_des: 0.269, frac_lost: 0.100, li_recovered:  0.000
L: 0.69, u_super: 0.00045, sec: 1183.806, prod: 0.000394, t_ads: 491.0, t_des: 933.0, bed_util_ads: 0.248, bed_util_des: 0.240, frac_lost: 0.100, li_recovered:  0.560
L: 0.82, u_super: 0.00008, sec: inf, prod: 0.000000, t_ads: 1750.0, t_des: 0.0, bed_util_ads: 0.236, bed_util_des: 0.236, frac_lost: 0.100, li_recovered:  0.000
L: 0.50, u_super: 0.00190, sec: 17637.852, prod: 0.000489, t_ads: 92.0, t_des: 298.0, bed_util_ads: 0.244, bed_util_des: 0.241, frac_lost: 0.102, li_recovered:  0.191
L: 0.50, u_super: 0.00283, sec: 38942.703, prod: 0.000496, t_ads: 63.0, t_des: 219.0, bed_util_ads: 0.243, bed_util_des: 0.241, frac_lost: 0.103, li_recovered:  0.140
L: 0.50, u_super: 0.00664, sec: 218863.750, prod: 0.000510, t_ads: 28.0, t_des: 88.0, bed_util_ads: 0.265, bed_util_des: 0.265, frac_lost: 0.104, li_recovered:  0.059
L: 0.63, u_super: 0.00277, sec: 41356.191, prod: 0.000447, t_ads: 80.0, t_des: 440.0, bed_util_ads: 0.202, bed_util_des: 0.199, frac_lost: 0.101, li_recovered:  0.233
L: 0.61, u_super: 0.00389, sec: 76258.844, prod: 0.000485, t_ads: 56.0, t_des: 241.0, bed_util_ads: 0.226, bed_util_des: 0.224, frac_lost: 0.101, li_recovered:  0.144
L: 0.56, u_super: 0.00823, sec: 362432.094, prod: 0.000483, t_ads: 26.0, t_des: 158.0, bed_util_ads: 0.213, bed_util_des: 0.211, frac_lost: 0.111, li_recovered:  0.089
L: 0.52, u_super: 0.00218, sec: 23175.639, prod: 0.000490, t_ads: 83.0, t_des: 287.0, bed_util_ads: 0.240, bed_util_des: 0.237, frac_lost: 0.102, li_recovered:  0.181
L: 0.51, u_super: 0.00049, sec: 1163.618, prod: 0.000472, t_ads: 355.0, t_des: 1123.0, bed_util_ads: 0.218, bed_util_des: 0.208, frac_lost: 0.100, li_recovered:  0.698
L: 0.50, u_super: 0.00499, sec: 119298.336, prod: 0.000518, t_ads: 37.0, t_des: 150.0, bed_util_ads: 0.240, bed_util_des: 0.238, frac_lost: 0.108, li_recovered:  0.097
L: 0.51, u_super: 0.00042, sec: 1147.043, prod: 0.000359, t_ads: 394.0, t_des: 694.0, bed_util_ads: 0.263, bed_util_des: 0.257, frac_lost: 0.100, li_recovered:  0.391
L: 0.51, u_super: 0.00701, sec: 238096.734, prod: 0.000525, t_ads: 27.0, t_des: 109.0, bed_util_ads: 0.245, bed_util_des: 0.244, frac_lost: 0.107, li_recovered:  0.071
L: 0.50, u_super: 0.00024, sec: 334.514, prod: 0.000407, t_ads: 656.0, t_des: 1310.0, bed_util_ads: 0.231, bed_util_des: 0.220, frac_lost: 0.100, li_recovered:  0.801
L: 0.50, u_super: 0.00078, sec: 2959.992, prod: 0.000478, t_ads: 219.0, t_des: 660.0, bed_util_ads: 0.234, bed_util_des: 0.228, frac_lost: 0.101, li_recovered:  0.420
L: 0.50, u_super: 0.00014, sec: 134.146, prod: 0.000343, t_ads: 1067.0, t_des: 1754.0, bed_util_ads: 0.221, bed_util_des: 0.208, frac_lost: 0.100, li_recovered:  0.968
L: 0.52, u_super: 0.00552, sec: 160885.000, prod: 0.000473, t_ads: 35.0, t_des: 205.0, bed_util_ads: 0.210, bed_util_des: 0.209, frac_lost: 0.108, li_recovered:  0.113
L: 0.76, u_super: 0.00626, sec: 196766.562, prod: 0.000502, t_ads: 44.0, t_des: 150.0, bed_util_ads: 0.250, bed_util_des: 0.249, frac_lost: 0.103, li_recovered:  0.097
L: 0.52, u_super: 0.00401, sec: 87797.867, prod: 0.000448, t_ads: 46.0, t_des: 270.0, bed_util_ads: 0.204, bed_util_des: 0.202, frac_lost: 0.101, li_recovered:  0.142
L: 0.51, u_super: 0.00485, sec: 124495.242, prod: 0.000467, t_ads: 38.0, t_des: 205.0, bed_util_ads: 0.213, bed_util_des: 0.212, frac_lost: 0.102, li_recovered:  0.114
L: 0.52, u_super: 0.00142, sec: 13333.026, prod: 0.000359, t_ads: 127.0, t_des: 1103.0, bed_util_ads: 0.165, bed_util_des: 0.158, frac_lost: 0.101, li_recovered:  0.441
L: 1.03, u_super: 0.00017, sec: 387.367, prod: 0.000165, t_ads: 1640.0, t_des: 1665.0, bed_util_ads: 0.219, bed_util_des: 0.211, frac_lost: 0.100, li_recovered:  0.547
L: 0.50, u_super: 0.00060, sec: 2777.005, prod: 0.000304, t_ads: 290.0, t_des: 2992.0, bed_util_ads: 0.142, bed_util_des: 0.128, frac_lost: 0.100, li_recovered:  0.999
L: 0.55, u_super: 0.00077, sec: 2900.914, prod: 0.000478, t_ads: 242.0, t_des: 834.0, bed_util_ads: 0.221, bed_util_des: 0.214, frac_lost: 0.101, li_recovered:  0.515
L: 0.52, u_super: 0.00434, sec: 92131.328, prod: 0.000503, t_ads: 43.0, t_des: 134.0, bed_util_ads: 0.259, bed_util_des: 0.258, frac_lost: 0.105, li_recovered:  0.089
L: 0.50, u_super: 0.00035, sec: 997.538, prod: 0.000281, t_ads: 454.0, t_des: 681.0, bed_util_ads: 0.272, bed_util_des: 0.267, frac_lost: 0.100, li_recovered:  0.319
L: 0.51, u_super: 0.00247, sec: 30194.027, prod: 0.000485, t_ads: 73.0, t_des: 263.0, bed_util_ads: 0.237, bed_util_des: 0.235, frac_lost: 0.100, li_recovered:  0.163
L: 0.51, u_super: 0.00005, sec: 26.975, prod: 0.000252, t_ads: 2617.0, t_des: 3559.0, bed_util_ads: 0.181, bed_util_des: 0.159, frac_lost: 0.100, li_recovered:  1.559
L: 0.51, u_super: 0.00624, sec: 192720.391, prod: 0.000509, t_ads: 30.0, t_des: 110.0, bed_util_ads: 0.250, bed_util_des: 0.249, frac_lost: 0.104, li_recovered:  0.071
L: 0.50, u_super: 0.00377, sec: 69140.578, prod: 0.000500, t_ads: 48.0, t_des: 175.0, bed_util_ads: 0.243, bed_util_des: 0.241, frac_lost: 0.103, li_recovered:  0.112
L: 0.50, u_super: 0.00022, sec: 1055.057, prod: 0.000108, t_ads: 664.0, t_des: 715.0, bed_util_ads: 0.276, bed_util_des: 0.274, frac_lost: 0.100, li_recovered:  0.149
L: 0.50, u_super: 0.00008, sec: 93.128, prod: 0.000140, t_ads: 1720.0, t_des: 1607.0, bed_util_ads: 0.218, bed_util_des: 0.211, frac_lost: 0.100, li_recovered:  0.467
L: 0.51, u_super: 0.00710, sec: 240757.797, prod: 0.000534, t_ads: 27.0, t_des: 89.0, bed_util_ads: 0.264, bed_util_des: 0.263, frac_lost: 0.109, li_recovered:  0.062
L: 0.52, u_super: 0.00283, sec: 40738.105, prod: 0.000475, t_ads: 65.0, t_des: 313.0, bed_util_ads: 0.216, bed_util_des: 0.213, frac_lost: 0.103, li_recovered:  0.179
L: 0.50, u_super: 0.00012, sec: 110.108, prod: 0.000280, t_ads: 1251.0, t_des: 1751.0, bed_util_ads: 0.223, bed_util_des: 0.211, frac_lost: 0.100, li_recovered:  0.839
L: 0.51, u_super: 0.00489, sec: 114613.328, prod: 0.000517, t_ads: 38.0, t_des: 123.0, bed_util_ads: 0.259, bed_util_des: 0.258, frac_lost: 0.107, li_recovered:  0.083
L: 0.50, u_super: 0.00011, sec: inf, prod: 0.000000, t_ads: 1159.0, t_des: 0.0, bed_util_ads: 0.259, bed_util_des: 0.259, frac_lost: 0.100, li_recovered:  0.000
    27 |     1080 |     40 |  0.0122363251 |         nadir
L: 0.50, u_super: 0.00684, sec: 232830.078, prod: 0.000511, t_ads: 27.0, t_des: 90.0, bed_util_ads: 0.260, bed_util_des: 0.259, frac_lost: 0.101, li_recovered:  0.060
L: 0.51, u_super: 0.00218, sec: 23098.369, prod: 0.000493, t_ads: 82.0, t_des: 293.0, bed_util_ads: 0.237, bed_util_des: 0.235, frac_lost: 0.102, li_recovered:  0.185
L: 0.52, u_super: 0.00357, sec: 61132.148, prod: 0.000507, t_ads: 52.0, t_des: 177.0, bed_util_ads: 0.249, bed_util_des: 0.247, frac_lost: 0.105, li_recovered:  0.116
L: 0.51, u_super: 0.00710, sec: 267861.750, prod: 0.000480, t_ads: 27.0, t_des: 162.0, bed_util_ads: 0.213, bed_util_des: 0.211, frac_lost: 0.110, li_recovered:  0.091
L: 0.85, u_super: 0.00011, sec: inf, prod: 0.000000, t_ads: 1666.0, t_des: 0.0, bed_util_ads: 0.234, bed_util_des: 0.234, frac_lost: 0.100, li_recovered:  0.000
L: 0.51, u_super: 0.00842, sec: 365552.750, prod: 0.000504, t_ads: 23.0, t_des: 122.0, bed_util_ads: 0.225, bed_util_des: 0.224, frac_lost: 0.109, li_recovered:  0.073
L: 0.50, u_super: 0.00358, sec: 62537.945, prod: 0.000499, t_ads: 50.0, t_des: 183.0, bed_util_ads: 0.242, bed_util_des: 0.240, frac_lost: 0.102, li_recovered:  0.116
L: 0.50, u_super: 0.00626, sec: 205826.875, prod: 0.000480, t_ads: 30.0, t_des: 168.0, bed_util_ads: 0.215, bed_util_des: 0.214, frac_lost: 0.107, li_recovered:  0.095
L: 0.51, u_super: 0.00023, sec: 294.012, prod: 0.000416, t_ads: 700.0, t_des: 1459.0, bed_util_ads: 0.225, bed_util_des: 0.213, frac_lost: 0.100, li_recovered:  0.898
L: 0.55, u_super: 0.00014, sec: 136.271, prod: 0.000342, t_ads: 1163.0, t_des: 1915.0, bed_util_ads: 0.217, bed_util_des: 0.202, frac_lost: 0.100, li_recovered:  1.053
L: 0.50, u_super: 0.00054, sec: 1459.772, prod: 0.000468, t_ads: 310.0, t_des: 841.0, bed_util_ads: 0.234, bed_util_des: 0.226, frac_lost: 0.101, li_recovered:  0.539
L: 0.50, u_super: 0.00351, sec: 60901.445, prod: 0.000491, t_ads: 51.0, t_des: 183.0, bed_util_ads: 0.242, bed_util_des: 0.241, frac_lost: 0.101, li_recovered:  0.115
L: 0.51, u_super: 0.00017, sec: 278.529, prod: 0.000234, t_ads: 889.0, t_des: 1153.0, bed_util_ads: 0.248, bed_util_des: 0.241, frac_lost: 0.100, li_recovered:  0.478
L: 0.51, u_super: 0.00246, sec: 38339.895, prod: 0.000377, t_ads: 73.0, t_des: 596.0, bed_util_ads: 0.175, bed_util_des: 0.171, frac_lost: 0.100, li_recovered:  0.252
L: 0.53, u_super: 0.00114, sec: 6372.714, prod: 0.000478, t_ads: 161.0, t_des: 630.0, bed_util_ads: 0.219, bed_util_des: 0.213, frac_lost: 0.101, li_recovered:  0.378
L: 0.52, u_super: 0.00287, sec: 40348.328, prod: 0.000492, t_ads: 64.0, t_des: 186.0, bed_util_ads: 0.260, bed_util_des: 0.258, frac_lost: 0.104, li_recovered:  0.123
L: 0.50, u_super: 0.00027, sec: 390.165, prod: 0.000445, t_ads: 593.0, t_des: 1443.0, bed_util_ads: 0.221, bed_util_des: 0.208, frac_lost: 0.100, li_recovered:  0.906
L: 0.50, u_super: 0.00479, sec: 112390.242, prod: 0.000506, t_ads: 38.0, t_des: 153.0, bed_util_ads: 0.238, bed_util_des: 0.237, frac_lost: 0.103, li_recovered:  0.097
L: 0.50, u_super: 0.00011, sec: 123.605, prod: 0.000211, t_ads: 1307.0, t_des: 1548.0, bed_util_ads: 0.228, bed_util_des: 0.220, frac_lost: 0.100, li_recovered:  0.602
L: 0.51, u_super: 0.00393, sec: 76452.977, prod: 0.000495, t_ads: 47.0, t_des: 142.0, bed_util_ads: 0.260, bed_util_des: 0.259, frac_lost: 0.103, li_recovered:  0.094
L: 0.50, u_super: 0.00008, sec: 87.104, prod: 0.000161, t_ads: 1684.0, t_des: 1682.0, bed_util_ads: 0.217, bed_util_des: 0.210, frac_lost: 0.100, li_recovered:  0.543
L: 0.56, u_super: 0.00018, sec: 244.521, prod: 0.000299, t_ads: 1087.0, t_des: 7437.0, bed_util_ads: 0.137, bed_util_des: 0.101, frac_lost: 0.100, li_recovered:  2.551
L: 0.52, u_super: 0.00251, sec: 30953.148, prod: 0.000488, t_ads: 72.0, t_des: 239.0, bed_util_ads: 0.245, bed_util_des: 0.242, frac_lost: 0.101, li_recovered:  0.152
L: 0.51, u_super: 0.00036, sec: 923.273, prod: 0.000326, t_ads: 448.0, t_des: 729.0, bed_util_ads: 0.265, bed_util_des: 0.260, frac_lost: 0.100, li_recovered:  0.384
L: 0.52, u_super: 0.00295, sec: 45086.789, prod: 0.000466, t_ads: 62.0, t_des: 311.0, bed_util_ads: 0.213, bed_util_des: 0.210, frac_lost: 0.101, li_recovered:  0.174
L: 0.50, u_super: 0.00489, sec: 129379.016, prod: 0.000458, t_ads: 37.0, t_des: 91.0, bed_util_ads: 0.282, bed_util_des: 0.281, frac_lost: 0.102, li_recovered:  0.059
L: 0.61, u_super: 0.00192, sec: 18091.027, prod: 0.000484, t_ads: 111.0, t_des: 346.0, bed_util_ads: 0.244, bed_util_des: 0.241, frac_lost: 0.101, li_recovered:  0.221
L: 0.55, u_super: 0.00077, sec: 2904.047, prod: 0.000478, t_ads: 240.0, t_des: 780.0, bed_util_ads: 0.225, bed_util_des: 0.219, frac_lost: 0.100, li_recovered:  0.487
L: 0.50, u_super: 0.00019, sec: 192.081, prod: 0.000435, t_ads: 860.0, t_des: 2386.0, bed_util_ads: 0.196, bed_util_des: 0.177, frac_lost: 0.100, li_recovered:  1.411
L: 0.50, u_super: 0.00013, sec: 91.388, prod: 0.000401, t_ads: 1272.0, t_des: 3200.0, bed_util_ads: 0.186, bed_util_des: 0.161, frac_lost: 0.100, li_recovered:  1.795
L: 0.51, u_super: 0.00596, sec: 176994.141, prod: 0.000503, t_ads: 31.0, t_des: 112.0, bed_util_ads: 0.250, bed_util_des: 0.249, frac_lost: 0.102, li_recovered:  0.072
L: 0.61, u_super: 0.00042, sec: 938.400, prod: 0.000434, t_ads: 476.0, t_des: 1057.0, bed_util_ads: 0.236, bed_util_des: 0.227, frac_lost: 0.100, li_recovered:  0.666
L: 0.97, u_super: 0.00214, sec: 27554.982, prod: 0.000395, t_ads: 158.0, t_des: 1119.0, bed_util_ads: 0.175, bed_util_des: 0.168, frac_lost: 0.101, li_recovered:  0.504
L: 0.52, u_super: 0.00038, sec: 807.829, prod: 0.000422, t_ads: 437.0, t_des: 917.0, bed_util_ads: 0.244, bed_util_des: 0.236, frac_lost: 0.100, li_recovered:  0.571
L: 0.55, u_super: 0.00173, sec: 14614.234, prod: 0.000485, t_ads: 110.0, t_des: 416.0, bed_util_ads: 0.228, bed_util_des: 0.224, frac_lost: 0.102, li_recovered:  0.255
L: 0.56, u_super: 0.00466, sec: 106526.164, prod: 0.000502, t_ads: 43.0, t_des: 160.0, bed_util_ads: 0.243, bed_util_des: 0.241, frac_lost: 0.103, li_recovered:  0.102
L: 0.51, u_super: 0.00835, sec: 341348.906, prod: 0.000529, t_ads: 23.0, t_des: 82.0, bed_util_ads: 0.259, bed_util_des: 0.258, frac_lost: 0.106, li_recovered:  0.056
L: 0.50, u_super: 0.00021, sec: 225.515, prod: 0.000437, t_ads: 798.0, t_des: 2509.0, bed_util_ads: 0.191, bed_util_des: 0.171, frac_lost: 0.100, li_recovered:  1.446
L: 0.51, u_super: 0.00713, sec: 243651.141, prod: 0.000532, t_ads: 27.0, t_des: 111.0, bed_util_ads: 0.244, bed_util_des: 0.243, frac_lost: 0.111, li_recovered:  0.073
L: 0.51, u_super: 0.00365, sec: 64411.887, prod: 0.000505, t_ads: 50.0, t_des: 165.0, bed_util_ads: 0.252, bed_util_des: 0.250, frac_lost: 0.105, li_recovered:  0.109
    28 |     1120 |     33 |  0.0025610653 |             f
L: 0.51, u_super: 0.00005, sec: 22.492, prod: 0.000300, t_ads: 2900.0, t_des: 5526.0, bed_util_ads: 0.163, bed_util_des: 0.128, frac_lost: 0.100, li_recovered:  2.530
L: 0.67, u_super: 0.00397, sec: 77503.586, prod: 0.000497, t_ads: 60.0, t_des: 207.0, bed_util_ads: 0.245, bed_util_des: 0.243, frac_lost: 0.103, li_recovered:  0.133
L: 0.50, u_super: 0.00120, sec: 7938.851, prod: 0.000425, t_ads: 143.0, t_des: 316.0, bed_util_ads: 0.270, bed_util_des: 0.267, frac_lost: 0.100, li_recovered:  0.195
L: 0.50, u_super: 0.00013, sec: 133.817, prod: 0.000274, t_ads: 1150.0, t_des: 1593.0, bed_util_ads: 0.228, bed_util_des: 0.218, frac_lost: 0.100, li_recovered:  0.752
L: 0.50, u_super: 0.00839, sec: 336246.281, prod: 0.000542, t_ads: 23.0, t_des: 76.0, bed_util_ads: 0.268, bed_util_des: 0.267, frac_lost: 0.113, li_recovered:  0.054
L: 0.50, u_super: 0.00007, sec: inf, prod: 0.000000, t_ads: 1616.0, t_des: 0.0, bed_util_ads: 0.237, bed_util_des: 0.237, frac_lost: 0.100, li_recovered:  0.000
L: 0.52, u_super: 0.00710, sec: 249619.562, prod: 0.000515, t_ads: 27.0, t_des: 106.0, bed_util_ads: 0.246, bed_util_des: 0.245, frac_lost: 0.103, li_recovered:  0.068
L: 0.52, u_super: 0.00247, sec: 29433.166, prod: 0.000497, t_ads: 74.0, t_des: 264.0, bed_util_ads: 0.239, bed_util_des: 0.237, frac_lost: 0.104, li_recovered:  0.168
L: 0.50, u_super: 0.00282, sec: 40782.246, prod: 0.000471, t_ads: 63.0, t_des: 165.0, bed_util_ads: 0.268, bed_util_des: 0.267, frac_lost: 0.102, li_recovered:  0.107
L: 0.69, u_super: 0.00218, sec: 27809.061, prod: 0.000409, t_ads: 111.0, t_des: 745.0, bed_util_ads: 0.184, bed_util_des: 0.179, frac_lost: 0.101, li_recovered:  0.350
L: 0.53, u_super: 0.00008, sec: 101.165, prod: 0.000158, t_ads: 1662.0, t_des: 1650.0, bed_util_ads: 0.218, bed_util_des: 0.211, frac_lost: 0.100, li_recovered:  0.525
L: 0.51, u_super: 0.00815, sec: 339295.250, prod: 0.000506, t_ads: 23.0, t_des: 76.0, bed_util_ads: 0.263, bed_util_des: 0.263, frac_lost: 0.101, li_recovered:  0.050
L: 0.52, u_super: 0.00373, sec: 66957.719, prod: 0.000507, t_ads: 50.0, t_des: 180.0, bed_util_ads: 0.244, bed_util_des: 0.243, frac_lost: 0.105, li_recovered:  0.117
L: 0.51, u_super: 0.00053, sec: 1650.748, prod: 0.000393, t_ads: 315.0, t_des: 609.0, bed_util_ads: 0.263, bed_util_des: 0.258, frac_lost: 0.101, li_recovered:  0.363
L: 0.50, u_super: 0.00485, sec: 113472.953, prod: 0.000514, t_ads: 38.0, t_des: 149.0, bed_util_ads: 0.242, bed_util_des: 0.240, frac_lost: 0.107, li_recovered:  0.096
L: 0.50, u_super: 0.00713, sec: 250393.016, prod: 0.000518, t_ads: 26.0, t_des: 105.0, bed_util_ads: 0.244, bed_util_des: 0.243, frac_lost: 0.103, li_recovered:  0.068
L: 0.50, u_super: 0.00031, sec: 483.161, prod: 0.000450, t_ads: 548.0, t_des: 2014.0, bed_util_ads: 0.193, bed_util_des: 0.177, frac_lost: 0.100, li_recovered:  1.153
L: 0.50, u_super: 0.00032, sec: 541.707, prod: 0.000452, t_ads: 506.0, t_des: 1274.0, bed_util_ads: 0.224, bed_util_des: 0.213, frac_lost: 0.100, li_recovered:  0.805
L: 0.54, u_super: 0.00008, sec: 106.128, prod: 0.000132, t_ads: 1777.0, t_des: 1605.0, bed_util_ads: 0.216, bed_util_des: 0.210, frac_lost: 0.100, li_recovered:  0.448
L: 0.51, u_super: 0.00417, sec: 88074.102, prod: 0.000484, t_ads: 44.0, t_des: 122.0, bed_util_ads: 0.269, bed_util_des: 0.267, frac_lost: 0.102, li_recovered:  0.080
L: 0.50, u_super: 0.00543, sec: 172378.484, prod: 0.000426, t_ads: 34.0, t_des: 242.0, bed_util_ads: 0.194, bed_util_des: 0.193, frac_lost: 0.104, li_recovered:  0.118
L: 0.59, u_super: 0.00012, sec: 82.573, prod: 0.000373, t_ads: 1603.0, t_des: 3466.0, bed_util_ads: 0.184, bed_util_des: 0.158, frac_lost: 0.100, li_recovered:  1.889
L: 0.50, u_super: 0.00626, sec: 232248.172, prod: 0.000425, t_ads: 30.0, t_des: 60.0, bed_util_ads: 0.311, bed_util_des: 0.310, frac_lost: 0.110, li_recovered:  0.038
L: 0.50, u_super: 0.00713, sec: 282498.375, prod: 0.000459, t_ads: 26.0, t_des: 161.0, bed_util_ads: 0.208, bed_util_des: 0.207, frac_lost: 0.102, li_recovered:  0.086
L: 0.60, u_super: 0.00369, sec: 68112.516, prod: 0.000488, t_ads: 58.0, t_des: 164.0, bed_util_ads: 0.263, bed_util_des: 0.262, frac_lost: 0.104, li_recovered:  0.108
L: 0.52, u_super: 0.00099, sec: 4950.859, prod: 0.000467, t_ads: 181.0, t_des: 774.0, bed_util_ads: 0.209, bed_util_des: 0.203, frac_lost: 0.100, li_recovered:  0.446
L: 0.52, u_super: 0.00685, sec: 387022.688, prod: 0.000308, t_ads: 28.0, t_des: 369.0, bed_util_ads: 0.155, bed_util_des: 0.153, frac_lost: 0.104, li_recovered:  0.122
L: 0.52, u_super: 0.00357, sec: 63438.332, prod: 0.000488, t_ads: 52.0, t_des: 235.0, bed_util_ads: 0.224, bed_util_des: 0.222, frac_lost: 0.104, li_recovered:  0.140
L: 0.50, u_super: 0.00013, sec: 91.351, prod: 0.000402, t_ads: 1272.0, t_des: 3201.0, bed_util_ads: 0.186, bed_util_des: 0.161, frac_lost: 0.100, li_recovered:  1.797
L: 0.51, u_super: 0.00041, sec: 942.188, prod: 0.000413, t_ads: 423.0, t_des: 2272.0, bed_util_ads: 0.175, bed_util_des: 0.159, frac_lost: 0.100, li_recovered:  1.113
L: 0.64, u_super: 0.00165, sec: 13409.600, prod: 0.000483, t_ads: 133.0, t_des: 426.0, bed_util_ads: 0.238, bed_util_des: 0.235, frac_lost: 0.101, li_recovered:  0.270
L: 0.50, u_super: 0.00651, sec: 200189.688, prod: 0.000535, t_ads: 29.0, t_des: 97.0, bed_util_ads: 0.262, bed_util_des: 0.261, frac_lost: 0.110, li_recovered:  0.067
L: 0.59, u_super: 0.00464, sec: 114016.023, prod: 0.000466, t_ads: 46.0, t_des: 253.0, bed_util_ads: 0.210, bed_util_des: 0.208, frac_lost: 0.105, li_recovered:  0.139
L: 0.51, u_super: 0.00198, sec: 19542.779, prod: 0.000476, t_ads: 90.0, t_des: 244.0, bed_util_ads: 0.260, bed_util_des: 0.258, frac_lost: 0.102, li_recovered:  0.159
L: 0.69, u_super: 0.00896, sec: 404085.688, prod: 0.000519, t_ads: 29.0, t_des: 126.0, bed_util_ads: 0.237, bed_util_des: 0.236, frac_lost: 0.108, li_recovered:  0.080
L: 0.90, u_super: 0.00034, sec: 634.787, prod: 0.000434, t_ads: 851.0, t_des: 2562.0, bed_util_ads: 0.191, bed_util_des: 0.171, frac_lost: 0.100, li_recovered:  1.482
L: 0.57, u_super: 0.00619, sec: 187379.922, prod: 0.000516, t_ads: 34.0, t_des: 124.0, bed_util_ads: 0.249, bed_util_des: 0.248, frac_lost: 0.106, li_recovered:  0.082
L: 0.50, u_super: 0.00531, sec: 134477.844, prod: 0.000522, t_ads: 35.0, t_des: 115.0, bed_util_ads: 0.259, bed_util_des: 0.258, frac_lost: 0.107, li_recovered:  0.078
L: 0.50, u_super: 0.00218, sec: 23069.746, prod: 0.000493, t_ads: 81.0, t_des: 271.0, bed_util_ads: 0.243, bed_util_des: 0.241, frac_lost: 0.103, li_recovered:  0.174
L: 0.50, u_super: 0.00531, sec: 134708.375, prod: 0.000521, t_ads: 35.0, t_des: 115.0, bed_util_ads: 0.259, bed_util_des: 0.258, frac_lost: 0.108, li_recovered:  0.078
    29 |     1160 |     40 |  0.1879283322 |         nadir
L: 0.50, u_super: 0.00190, sec: 18088.412, prod: 0.000477, t_ads: 92.0, t_des: 250.0, bed_util_ads: 0.260, bed_util_des: 0.257, frac_lost: 0.103, li_recovered:  0.163
L: 0.63, u_super: 0.00025, sec: 632.517, prod: 0.000239, t_ads: 741.0, t_des: 989.0, bed_util_ads: 0.257, bed_util_des: 0.251, frac_lost: 0.100, li_recovered:  0.413
L: 0.53, u_super: 0.00012, sec: 79.748, prod: 0.000386, t_ads: 1463.0, t_des: 3418.0, bed_util_ads: 0.184, bed_util_des: 0.158, frac_lost: 0.100, li_recovered:  1.884
L: 0.51, u_super: 0.00357, sec: 61072.574, prod: 0.000507, t_ads: 52.0, t_des: 176.0, bed_util_ads: 0.249, bed_util_des: 0.248, frac_lost: 0.105, li_recovered:  0.116
L: 0.51, u_super: 0.00156, sec: 11892.103, prod: 0.000487, t_ads: 113.0, t_des: 377.0, bed_util_ads: 0.238, bed_util_des: 0.235, frac_lost: 0.102, li_recovered:  0.239
L: 0.51, u_super: 0.00428, sec: 93794.531, prod: 0.000479, t_ads: 43.0, t_des: 197.0, bed_util_ads: 0.224, bed_util_des: 0.222, frac_lost: 0.100, li_recovered:  0.115
L: 0.50, u_super: 0.00766, sec: 283286.344, prod: 0.000532, t_ads: 25.0, t_des: 112.0, bed_util_ads: 0.239, bed_util_des: 0.238, frac_lost: 0.111, li_recovered:  0.073
L: 0.50, u_super: 0.00662, sec: 216459.500, prod: 0.000514, t_ads: 28.0, t_des: 87.0, bed_util_ads: 0.267, bed_util_des: 0.266, frac_lost: 0.105, li_recovered:  0.059
L: 0.52, u_super: 0.00042, sec: 1464.689, prod: 0.000275, t_ads: 394.0, t_des: 591.0, bed_util_ads: 0.278, bed_util_des: 0.274, frac_lost: 0.100, li_recovered:  0.271
L: 0.50, u_super: 0.00638, sec: 198423.750, prod: 0.000518, t_ads: 29.0, t_des: 93.0, bed_util_ads: 0.264, bed_util_des: 0.263, frac_lost: 0.105, li_recovered:  0.063
L: 0.50, u_super: 0.00476, sec: 113481.750, prod: 0.000493, t_ads: 38.0, t_des: 117.0, bed_util_ads: 0.261, bed_util_des: 0.260, frac_lost: 0.102, li_recovered:  0.076
L: 0.52, u_super: 0.00283, sec: 38653.738, prod: 0.000500, t_ads: 65.0, t_des: 226.0, bed_util_ads: 0.243, bed_util_des: 0.241, frac_lost: 0.104, li_recovered:  0.146
L: 0.51, u_super: 0.00005, sec: 146.448, prod: 0.000045, t_ads: 2222.0, t_des: 1260.0, bed_util_ads: 0.206, bed_util_des: 0.203, frac_lost: 0.100, li_recovered:  0.156
L: 0.52, u_super: 0.00290, sec: 41292.117, prod: 0.000490, t_ads: 63.0, t_des: 197.0, bed_util_ads: 0.252, bed_util_des: 0.250, frac_lost: 0.102, li_recovered:  0.127
L: 0.50, u_super: 0.00221, sec: 23899.840, prod: 0.000489, t_ads: 80.0, t_des: 245.0, bed_util_ads: 0.251, bed_util_des: 0.249, frac_lost: 0.103, li_recovered:  0.159
L: 0.51, u_super: 0.00531, sec: 138650.734, prod: 0.000506, t_ads: 35.0, t_des: 113.0, bed_util_ads: 0.259, bed_util_des: 0.258, frac_lost: 0.104, li_recovered:  0.075
L: 0.51, u_super: 0.00133, sec: 8604.915, prod: 0.000483, t_ads: 132.0, t_des: 424.0, bed_util_ads: 0.238, bed_util_des: 0.235, frac_lost: 0.101, li_recovered:  0.269
L: 0.50, u_super: 0.00021, sec: 225.426, prod: 0.000437, t_ads: 798.0, t_des: 2508.0, bed_util_ads: 0.191, bed_util_des: 0.171, frac_lost: 0.100, li_recovered:  1.446
L: 0.59, u_super: 0.00394, sec: 116266.609, prod: 0.000327, t_ads: 54.0, t_des: 590.0, bed_util_ads: 0.159, bed_util_des: 0.156, frac_lost: 0.102, li_recovered:  0.211
L: 0.50, u_super: 0.00531, sec: 142150.391, prod: 0.000494, t_ads: 34.0, t_des: 131.0, bed_util_ads: 0.242, bed_util_des: 0.241, frac_lost: 0.100, li_recovered:  0.081
L: 0.50, u_super: 0.00626, sec: 231377.578, prod: 0.000427, t_ads: 30.0, t_des: 230.0, bed_util_ads: 0.192, bed_util_des: 0.190, frac_lost: 0.108, li_recovered:  0.111
L: 0.53, u_super: 0.00114, sec: 6288.333, prod: 0.000484, t_ads: 161.0, t_des: 563.0, bed_util_ads: 0.228, bed_util_des: 0.223, frac_lost: 0.101, li_recovered:  0.350
L: 0.50, u_super: 0.00040, sec: 872.622, prod: 0.000423, t_ads: 429.0, t_des: 2155.0, bed_util_ads: 0.179, bed_util_des: 0.164, frac_lost: 0.100, li_recovered:  1.093
L: 0.57, u_super: 0.00095, sec: 4583.415, prod: 0.000465, t_ads: 204.0, t_des: 534.0, bed_util_ads: 0.248, bed_util_des: 0.243, frac_lost: 0.101, li_recovered:  0.343
L: 0.50, u_super: 0.00531, sec: 140409.688, prod: 0.000500, t_ads: 34.0, t_des: 109.0, bed_util_ads: 0.259, bed_util_des: 0.258, frac_lost: 0.100, li_recovered:  0.071
L: 0.51, u_super: 0.00075, sec: 3999.067, prod: 0.000331, t_ads: 234.0, t_des: 2189.0, bed_util_ads: 0.151, bed_util_des: 0.140, frac_lost: 0.101, li_recovered:  0.802
L: 0.51, u_super: 0.00457, sec: 220527.719, prod: 0.000234, t_ads: 40.0, t_des: 738.0, bed_util_ads: 0.131, bed_util_des: 0.128, frac_lost: 0.101, li_recovered:  0.182
L: 0.50, u_super: 0.00266, sec: 34638.062, prod: 0.000492, t_ads: 67.0, t_des: 241.0, bed_util_ads: 0.239, bed_util_des: 0.237, frac_lost: 0.102, li_recovered:  0.152
L: 0.51, u_super: 0.00640, sec: 215653.391, prod: 0.000479, t_ads: 29.0, t_des: 154.0, bed_util_ads: 0.219, bed_util_des: 0.218, frac_lost: 0.102, li_recovered:  0.088
L: 0.50, u_super: 0.00042, sec: 892.295, prod: 0.000470, t_ads: 394.0, t_des: 1153.0, bed_util_ads: 0.221, bed_util_des: 0.211, frac_lost: 0.101, li_recovered:  0.727
L: 0.52, u_super: 0.00398, sec: 76442.188, prod: 0.000506, t_ads: 47.0, t_des: 171.0, bed_util_ads: 0.244, bed_util_des: 0.243, frac_lost: 0.106, li_recovered:  0.110
L: 0.50, u_super: 0.00531, sec: 333023.500, prod: 0.000211, t_ads: 35.0, t_des: 777.0, bed_util_ads: 0.123, bed_util_des: 0.121, frac_lost: 0.106, li_recovered:  0.171
L: 0.50, u_super: 0.00244, sec: 29952.598, prod: 0.000476, t_ads: 72.0, t_des: 313.0, bed_util_ads: 0.222, bed_util_des: 0.219, frac_lost: 0.100, li_recovered:  0.183
L: 0.93, u_super: 0.00626, sec: 199617.797, prod: 0.000495, t_ads: 53.0, t_des: 177.0, bed_util_ads: 0.249, bed_util_des: 0.247, frac_lost: 0.102, li_recovered:  0.114
L: 0.66, u_super: 0.00493, sec: 122805.773, prod: 0.000489, t_ads: 48.0, t_des: 142.0, bed_util_ads: 0.261, bed_util_des: 0.260, frac_lost: 0.103, li_recovered:  0.093
L: 0.50, u_super: 0.00839, sec: 328855.500, prod: 0.000555, t_ads: 23.0, t_des: 76.0, bed_util_ads: 0.268, bed_util_des: 0.268, frac_lost: 0.112, li_recovered:  0.055
L: 0.50, u_super: 0.00066, sec: 2495.386, prod: 0.000411, t_ads: 261.0, t_des: 1573.0, bed_util_ads: 0.178, bed_util_des: 0.167, frac_lost: 0.100, li_recovered:  0.754
L: 0.51, u_super: 0.00038, sec: 848.828, prod: 0.000399, t_ads: 430.0, t_des: 833.0, bed_util_ads: 0.252, bed_util_des: 0.245, frac_lost: 0.100, li_recovered:  0.504
L: 0.51, u_super: 0.00036, sec: 650.338, prod: 0.000463, t_ads: 464.0, t_des: 1288.0, bed_util_ads: 0.220, bed_util_des: 0.208, frac_lost: 0.100, li_recovered:  0.811
L: 0.50, u_super: 0.00031, sec: 493.260, prod: 0.000450, t_ads: 528.0, t_des: 1302.0, bed_util_ads: 0.224, bed_util_des: 0.213, frac_lost: 0.100, li_recovered:  0.824
    30 |     1200 |     40 |  0.0017973275 |             f
L: 0.50, u_super: 0.00332, sec: inf, prod: 0.000000, t_ads: 53.0, t_des: 0.0, bed_util_ads: 0.368, bed_util_des: 0.368, frac_lost: 0.102, li_recovered:  0.000
L: 0.50, u_super: 0.00039, sec: 1175.851, prod: 0.000297, t_ads: 411.0, t_des: 639.0, bed_util_ads: 0.272, bed_util_des: 0.268, frac_lost: 0.100, li_recovered:  0.312
L: 0.50, u_super: 0.00506, sec: 130864.055, prod: 0.000485, t_ads: 36.0, t_des: 97.0, bed_util_ads: 0.275, bed_util_des: 0.274, frac_lost: 0.103, li_recovered:  0.064
L: 0.52, u_super: 0.00706, sec: 245964.656, prod: 0.000517, t_ads: 27.0, t_des: 109.0, bed_util_ads: 0.244, bed_util_des: 0.243, frac_lost: 0.103, li_recovered:  0.070
L: 0.68, u_super: 0.00247, sec: 29880.260, prod: 0.000489, t_ads: 96.0, t_des: 329.0, bed_util_ads: 0.238, bed_util_des: 0.235, frac_lost: 0.102, li_recovered:  0.208
L: 0.51, u_super: 0.00420, sec: 86833.375, prod: 0.000498, t_ads: 44.0, t_des: 159.0, bed_util_ads: 0.245, bed_util_des: 0.243, frac_lost: 0.102, li_recovered:  0.101
L: 0.51, u_super: 0.00074, sec: 2713.247, prod: 0.000472, t_ads: 237.0, t_des: 916.0, bed_util_ads: 0.212, bed_util_des: 0.204, frac_lost: 0.100, li_recovered:  0.545
L: 0.64, u_super: 0.00013, sec: 99.401, prod: 0.000369, t_ads: 1581.0, t_des: 3229.0, bed_util_ads: 0.188, bed_util_des: 0.163, frac_lost: 0.100, li_recovered:  1.776
L: 0.52, u_super: 0.00049, sec: 1162.902, prod: 0.000472, t_ads: 355.0, t_des: 1085.0, bed_util_ads: 0.220, bed_util_des: 0.211, frac_lost: 0.100, li_recovered:  0.680
L: 0.51, u_super: 0.00039, sec: 768.413, prod: 0.000467, t_ads: 430.0, t_des: 1264.0, bed_util_ads: 0.218, bed_util_des: 0.207, frac_lost: 0.100, li_recovered:  0.791
L: 0.50, u_super: 0.00059, sec: 1998.046, prod: 0.000408, t_ads: 291.0, t_des: 1754.0, bed_util_ads: 0.175, bed_util_des: 0.164, frac_lost: 0.100, li_recovered:  0.834
L: 0.50, u_super: 0.00819, sec: 334055.531, prod: 0.000519, t_ads: 23.0, t_des: 73.0, bed_util_ads: 0.269, bed_util_des: 0.268, frac_lost: 0.105, li_recovered:  0.050
L: 0.50, u_super: 0.00088, sec: 4263.349, prod: 0.000426, t_ads: 197.0, t_des: 1132.0, bed_util_ads: 0.186, bed_util_des: 0.178, frac_lost: 0.100, li_recovered:  0.566
L: 0.51, u_super: 0.00715, sec: 254406.984, prod: 0.000512, t_ads: 27.0, t_des: 128.0, bed_util_ads: 0.231, bed_util_des: 0.230, frac_lost: 0.109, li_recovered:  0.079
L: 0.51, u_super: 0.00132, sec: 8557.157, prod: 0.000481, t_ads: 134.0, t_des: 449.0, bed_util_ads: 0.234, bed_util_des: 0.230, frac_lost: 0.100, li_recovered:  0.280
L: 0.56, u_super: 0.00642, sec: 202218.391, prod: 0.000516, t_ads: 32.0, t_des: 103.0, bed_util_ads: 0.262, bed_util_des: 0.261, frac_lost: 0.106, li_recovered:  0.070
L: 0.52, u_super: 0.00417, sec: 83795.039, prod: 0.000509, t_ads: 45.0, t_des: 168.0, bed_util_ads: 0.243, bed_util_des: 0.241, frac_lost: 0.106, li_recovered:  0.108
L: 0.50, u_super: 0.00216, sec: 27213.059, prod: 0.000409, t_ads: 82.0, t_des: 568.0, bed_util_ads: 0.185, bed_util_des: 0.181, frac_lost: 0.101, li_recovered:  0.266
L: 0.50, u_super: 0.00626, sec: 440745.969, prod: 0.000224, t_ads: 30.0, t_des: 631.0, bed_util_ads: 0.128, bed_util_des: 0.126, frac_lost: 0.108, li_recovered:  0.148
L: 0.50, u_super: 0.00021, sec: 224.638, prod: 0.000439, t_ads: 795.0, t_des: 2404.0, bed_util_ads: 0.194, bed_util_des: 0.174, frac_lost: 0.100, li_recovered:  1.404
L: 0.51, u_super: 0.00822, sec: 780009.500, prod: 0.000224, t_ads: 23.0, t_des: 484.0, bed_util_ads: 0.129, bed_util_des: 0.128, frac_lost: 0.102, li_recovered:  0.114
L: 0.50, u_super: 0.00754, sec: 275799.375, prod: 0.000529, t_ads: 25.0, t_des: 85.0, bed_util_ads: 0.262, bed_util_des: 0.261, frac_lost: 0.106, li_recovered:  0.058
L: 0.55, u_super: 0.00400, sec: 77879.008, prod: 0.000504, t_ads: 49.0, t_des: 169.0, bed_util_ads: 0.248, bed_util_des: 0.246, frac_lost: 0.103, li_recovered:  0.110
L: 0.53, u_super: 0.00012, sec: 79.837, prod: 0.000385, t_ads: 1459.0, t_des: 3344.0, bed_util_ads: 0.185, bed_util_des: 0.159, frac_lost: 0.100, li_recovered:  1.852
L: 0.70, u_super: 0.00486, sec: 120342.758, prod: 0.000487, t_ads: 51.0, t_des: 153.0, bed_util_ads: 0.259, bed_util_des: 0.257, frac_lost: 0.102, li_recovered:  0.099
L: 0.50, u_super: 0.00626, sec: 187281.859, prod: 0.000528, t_ads: 30.0, t_des: 117.0, bed_util_ads: 0.247, bed_util_des: 0.245, frac_lost: 0.109, li_recovered:  0.078
L: 0.50, u_super: 0.00283, sec: 38926.141, prod: 0.000497, t_ads: 63.0, t_des: 225.0, bed_util_ads: 0.241, bed_util_des: 0.239, frac_lost: 0.104, li_recovered:  0.143
L: 0.61, u_super: 0.00403, sec: 80097.359, prod: 0.000498, t_ads: 54.0, t_des: 162.0, bed_util_ads: 0.259, bed_util_des: 0.258, frac_lost: 0.105, li_recovered:  0.107
L: 0.53, u_super: 0.00649, sec: 206129.031, prod: 0.000518, t_ads: 30.0, t_des: 96.0, bed_util_ads: 0.263, bed_util_des: 0.262, frac_lost: 0.106, li_recovered:  0.065
L: 0.52, u_super: 0.00397, sec: 76542.109, prod: 0.000503, t_ads: 47.0, t_des: 176.0, bed_util_ads: 0.241, bed_util_des: 0.240, frac_lost: 0.105, li_recovered:  0.112
L: 0.50, u_super: 0.00531, sec: 135776.125, prod: 0.000517, t_ads: 35.0, t_des: 115.0, bed_util_ads: 0.259, bed_util_des: 0.257, frac_lost: 0.107, li_recovered:  0.078
L: 0.51, u_super: 0.00019, sec: 261.953, prod: 0.000305, t_ads: 823.0, t_des: 1239.0, bed_util_ads: 0.242, bed_util_des: 0.233, frac_lost: 0.100, li_recovered:  0.630
L: 0.51, u_super: 0.00056, sec: 1971.195, prod: 0.000376, t_ads: 295.0, t_des: 549.0, bed_util_ads: 0.268, bed_util_des: 0.263, frac_lost: 0.100, li_recovered:  0.317
L: 0.51, u_super: 0.00275, sec: 37228.461, prod: 0.000488, t_ads: 65.0, t_des: 209.0, bed_util_ads: 0.249, bed_util_des: 0.247, frac_lost: 0.101, li_recovered:  0.134
L: 0.50, u_super: 0.00447, sec: 101313.406, prod: 0.000485, t_ads: 41.0, t_des: 105.0, bed_util_ads: 0.279, bed_util_des: 0.278, frac_lost: 0.107, li_recovered:  0.071
L: 0.50, u_super: 0.00533, sec: 134829.828, prod: 0.000525, t_ads: 35.0, t_des: 116.0, bed_util_ads: 0.259, bed_util_des: 0.257, frac_lost: 0.108, li_recovered:  0.079
L: 0.50, u_super: 0.00005, sec: inf, prod: 0.000000, t_ads: 1771.0, t_des: 0.0, bed_util_ads: 0.233, bed_util_des: 0.233, frac_lost: 0.100, li_recovered:  0.000
L: 0.50, u_super: 0.00839, sec: 327460.188, prod: 0.000557, t_ads: 23.0, t_des: 85.0, bed_util_ads: 0.258, bed_util_des: 0.257, frac_lost: 0.113, li_recovered:  0.060
L: 0.56, u_super: 0.00026, sec: 464.764, prod: 0.000326, t_ads: 671.0, t_des: 1064.0, bed_util_ads: 0.249, bed_util_des: 0.241, frac_lost: 0.100, li_recovered:  0.565
L: 0.50, u_super: 0.00590, sec: 176763.562, prod: 0.000493, t_ads: 31.0, t_des: 91.0, bed_util_ads: 0.269, bed_util_des: 0.268, frac_lost: 0.103, li_recovered:  0.060
    31 |     1240 |     40 |  0.0078382604 |         ideal
L: 0.50, u_super: 0.00651, sec: 202298.297, prod: 0.000529, t_ads: 29.0, t_des: 98.0, bed_util_ads: 0.260, bed_util_des: 0.259, frac_lost: 0.110, li_recovered:  0.067
L: 0.51, u_super: 0.00666, sec: 218392.109, prod: 0.000515, t_ads: 28.0, t_des: 90.0, bed_util_ads: 0.263, bed_util_des: 0.263, frac_lost: 0.103, li_recovered:  0.061
L: 0.52, u_super: 0.00317, sec: 49230.629, prod: 0.000494, t_ads: 58.0, t_des: 210.0, bed_util_ads: 0.241, bed_util_des: 0.239, frac_lost: 0.102, li_recovered:  0.132
L: 0.52, u_super: 0.00077, sec: 2897.118, prod: 0.000479, t_ads: 231.0, t_des: 805.0, bed_util_ads: 0.221, bed_util_des: 0.214, frac_lost: 0.101, li_recovered:  0.496
L: 0.50, u_super: 0.00533, sec: 151562.656, prod: 0.000467, t_ads: 35.0, t_des: 204.0, bed_util_ads: 0.210, bed_util_des: 0.208, frac_lost: 0.107, li_recovered:  0.112
L: 0.52, u_super: 0.00357, sec: 62519.883, prod: 0.000497, t_ads: 52.0, t_des: 201.0, bed_util_ads: 0.237, bed_util_des: 0.235, frac_lost: 0.104, li_recovered:  0.126
L: 0.76, u_super: 0.00404, sec: 104062.062, prod: 0.000385, t_ads: 67.0, t_des: 549.0, bed_util_ads: 0.176, bed_util_des: 0.173, frac_lost: 0.103, li_recovered:  0.237
L: 0.50, u_super: 0.00326, sec: 51586.359, prod: 0.000500, t_ads: 55.0, t_des: 193.0, bed_util_ads: 0.245, bed_util_des: 0.243, frac_lost: 0.103, li_recovered:  0.124
L: 0.53, u_super: 0.00012, sec: 179.088, prod: 0.000172, t_ads: 1262.0, t_des: 1363.0, bed_util_ads: 0.234, bed_util_des: 0.228, frac_lost: 0.100, li_recovered:  0.451
L: 0.50, u_super: 0.00419, sec: 86001.523, prod: 0.000501, t_ads: 43.0, t_des: 161.0, bed_util_ads: 0.242, bed_util_des: 0.241, frac_lost: 0.103, li_recovered:  0.102
L: 0.52, u_super: 0.00476, sec: 112784.703, prod: 0.000496, t_ads: 39.0, t_des: 122.0, bed_util_ads: 0.259, bed_util_des: 0.258, frac_lost: 0.101, li_recovered:  0.080
L: 0.52, u_super: 0.00373, sec: 67243.219, prod: 0.000503, t_ads: 50.0, t_des: 179.0, bed_util_ads: 0.244, bed_util_des: 0.243, frac_lost: 0.104, li_recovered:  0.115
L: 0.52, u_super: 0.00049, sec: 1340.574, prod: 0.000410, t_ads: 363.0, t_des: 2065.0, bed_util_ads: 0.175, bed_util_des: 0.161, frac_lost: 0.100, li_recovered:  0.995
L: 0.51, u_super: 0.00493, sec: 115633.938, prod: 0.000520, t_ads: 38.0, t_des: 123.0, bed_util_ads: 0.259, bed_util_des: 0.258, frac_lost: 0.107, li_recovered:  0.084
L: 0.50, u_super: 0.00533, sec: 141621.422, prod: 0.000500, t_ads: 35.0, t_des: 168.0, bed_util_ads: 0.226, bed_util_des: 0.225, frac_lost: 0.108, li_recovered:  0.102
L: 0.50, u_super: 0.00021, sec: 271.895, prod: 0.000363, t_ads: 829.0, t_des: 4594.0, bed_util_ads: 0.155, bed_util_des: 0.127, frac_lost: 0.100, li_recovered:  1.967
L: 0.56, u_super: 0.00353, sec: 68614.242, prod: 0.000442, t_ads: 56.0, t_des: 131.0, bed_util_ads: 0.281, bed_util_des: 0.279, frac_lost: 0.102, li_recovered:  0.083
L: 0.50, u_super: 0.00531, sec: 145711.516, prod: 0.000482, t_ads: 35.0, t_des: 88.0, bed_util_ads: 0.284, bed_util_des: 0.283, frac_lost: 0.108, li_recovered:  0.059
L: 0.51, u_super: 0.00677, sec: 224520.562, prod: 0.000519, t_ads: 28.0, t_des: 117.0, bed_util_ads: 0.241, bed_util_des: 0.240, frac_lost: 0.108, li_recovered:  0.075
L: 0.76, u_super: 0.00005, sec: 29.957, prod: 0.000225, t_ads: 4021.0, t_des: 5553.0, bed_util_ads: 0.160, bed_util_des: 0.129, frac_lost: 0.100, li_recovered:  2.158
L: 0.50, u_super: 0.00833, sec: 341072.750, prod: 0.000527, t_ads: 23.0, t_des: 106.0, bed_util_ads: 0.237, bed_util_des: 0.236, frac_lost: 0.110, li_recovered:  0.068
L: 0.52, u_super: 0.00487, sec: 118763.883, prod: 0.000493, t_ads: 38.0, t_des: 119.0, bed_util_ads: 0.259, bed_util_des: 0.258, frac_lost: 0.100, li_recovered:  0.077
L: 0.51, u_super: 0.00446, sec: 99359.250, prod: 0.000492, t_ads: 41.0, t_des: 127.0, bed_util_ads: 0.259, bed_util_des: 0.258, frac_lost: 0.102, li_recovered:  0.083
L: 0.50, u_super: 0.00038, sec: 945.331, prod: 0.000348, t_ads: 426.0, t_des: 726.0, bed_util_ads: 0.263, bed_util_des: 0.257, frac_lost: 0.101, li_recovered:  0.400
L: 0.51, u_super: 0.00180, sec: 15646.818, prod: 0.000489, t_ads: 99.0, t_des: 329.0, bed_util_ads: 0.241, bed_util_des: 0.238, frac_lost: 0.102, li_recovered:  0.209
L: 0.50, u_super: 0.00018, sec: inf, prod: 0.000000, t_ads: 743.0, t_des: 0.0, bed_util_ads: 0.302, bed_util_des: 0.302, frac_lost: 0.100, li_recovered:  0.000
L: 0.51, u_super: 0.00011, sec: 73.797, prod: 0.000361, t_ads: 1459.0, t_des: 2694.0, bed_util_ads: 0.198, bed_util_des: 0.177, frac_lost: 0.100, li_recovered:  1.498
L: 0.54, u_super: 0.00282, sec: 57863.785, prod: 0.000332, t_ads: 69.0, t_des: 731.0, bed_util_ads: 0.159, bed_util_des: 0.155, frac_lost: 0.103, li_recovered:  0.265
L: 0.50, u_super: 0.00221, sec: 24465.002, prod: 0.000476, t_ads: 80.0, t_des: 221.0, bed_util_ads: 0.260, bed_util_des: 0.258, frac_lost: 0.102, li_recovered:  0.143
L: 0.50, u_super: 0.00830, sec: 326398.031, prod: 0.000547, t_ads: 23.0, t_des: 84.0, bed_util_ads: 0.258, bed_util_des: 0.257, frac_lost: 0.110, li_recovered:  0.059
L: 0.51, u_super: 0.00406, sec: 83208.984, prod: 0.000486, t_ads: 46.0, t_des: 224.0, bed_util_ads: 0.220, bed_util_des: 0.218, frac_lost: 0.105, li_recovered:  0.131
L: 0.50, u_super: 0.00013, sec: 121.072, prod: 0.000303, t_ads: 1165.0, t_des: 1728.0, bed_util_ads: 0.223, bed_util_des: 0.211, frac_lost: 0.100, li_recovered:  0.877
L: 0.50, u_super: 0.00660, sec: 213639.750, prod: 0.000517, t_ads: 28.0, t_des: 92.0, bed_util_ads: 0.261, bed_util_des: 0.261, frac_lost: 0.104, li_recovered:  0.062
L: 0.62, u_super: 0.00106, sec: 5953.916, prod: 0.000444, t_ads: 197.0, t_des: 459.0, bed_util_ads: 0.259, bed_util_des: 0.255, frac_lost: 0.101, li_recovered:  0.291
L: 0.51, u_super: 0.00005, sec: 33.304, prod: 0.000203, t_ads: 2479.0, t_des: 2764.0, bed_util_ads: 0.190, bed_util_des: 0.175, frac_lost: 0.100, li_recovered:  1.063
L: 0.51, u_super: 0.00286, sec: 49647.238, prod: 0.000397, t_ads: 63.0, t_des: 129.0, bed_util_ads: 0.291, bed_util_des: 0.290, frac_lost: 0.101, li_recovered:  0.076
L: 0.51, u_super: 0.00499, sec: 121619.219, prod: 0.000508, t_ads: 37.0, t_des: 119.0, bed_util_ads: 0.259, bed_util_des: 0.258, frac_lost: 0.105, li_recovered:  0.079
L: 0.52, u_super: 0.00414, sec: 85581.734, prod: 0.000491, t_ads: 45.0, t_des: 128.0, bed_util_ads: 0.267, bed_util_des: 0.265, frac_lost: 0.105, li_recovered:  0.085
L: 0.51, u_super: 0.00060, sec: 1765.710, prod: 0.000473, t_ads: 292.0, t_des: 1067.0, bed_util_ads: 0.212, bed_util_des: 0.203, frac_lost: 0.101, li_recovered:  0.643
L: 0.50, u_super: 0.00650, sec: 201373.203, prod: 0.000530, t_ads: 29.0, t_des: 100.0, bed_util_ads: 0.258, bed_util_des: 0.257, frac_lost: 0.110, li_recovered:  0.068
    32 |     1280 |     40 |  0.0036118864 |             f
L: 0.50, u_super: 0.00059, sec: 1757.135, prod: 0.000458, t_ads: 291.0, t_des: 1270.0, bed_util_ads: 0.198, bed_util_des: 0.188, frac_lost: 0.101, li_recovered:  0.715
L: 0.50, u_super: 0.00590, sec: 172731.016, prod: 0.000505, t_ads: 31.0, t_des: 121.0, bed_util_ads: 0.243, bed_util_des: 0.242, frac_lost: 0.101, li_recovered:  0.077
L: 0.51, u_super: 0.00511, sec: 280391.938, prod: 0.000232, t_ads: 36.0, t_des: 678.0, bed_util_ads: 0.130, bed_util_des: 0.128, frac_lost: 0.101, li_recovered:  0.165
L: 0.51, u_super: 0.00480, sec: 112223.586, prod: 0.000509, t_ads: 39.0, t_des: 123.0, bed_util_ads: 0.260, bed_util_des: 0.259, frac_lost: 0.105, li_recovered:  0.082
L: 0.50, u_super: 0.00222, sec: 23654.600, prod: 0.000496, t_ads: 80.0, t_des: 269.0, bed_util_ads: 0.243, bed_util_des: 0.241, frac_lost: 0.103, li_recovered:  0.173
L: 0.50, u_super: 0.00478, sec: 166607.516, prod: 0.000339, t_ads: 38.0, t_des: 402.0, bed_util_ads: 0.164, bed_util_des: 0.162, frac_lost: 0.101, li_recovered:  0.149
L: 0.52, u_super: 0.00247, sec: 30138.564, prod: 0.000485, t_ads: 74.0, t_des: 321.0, bed_util_ads: 0.223, bed_util_des: 0.220, frac_lost: 0.103, li_recovered:  0.192
L: 0.50, u_super: 0.00143, sec: 10533.944, prod: 0.000460, t_ads: 121.0, t_des: 308.0, bed_util_ads: 0.260, bed_util_des: 0.258, frac_lost: 0.101, li_recovered:  0.197
L: 0.54, u_super: 0.00032, sec: 548.032, prod: 0.000447, t_ads: 540.0, t_des: 1313.0, bed_util_ads: 0.224, bed_util_des: 0.213, frac_lost: 0.100, li_recovered:  0.829
L: 0.52, u_super: 0.00417, sec: 82943.867, prod: 0.000514, t_ads: 45.0, t_des: 166.0, bed_util_ads: 0.244, bed_util_des: 0.243, frac_lost: 0.106, li_recovered:  0.108
L: 0.51, u_super: 0.00377, sec: 71400.492, prod: 0.000485, t_ads: 48.0, t_des: 144.0, bed_util_ads: 0.259, bed_util_des: 0.258, frac_lost: 0.101, li_recovered:  0.093
L: 0.52, u_super: 0.00824, sec: 330658.938, prod: 0.000531, t_ads: 24.0, t_des: 82.0, bed_util_ads: 0.262, bed_util_des: 0.261, frac_lost: 0.108, li_recovered:  0.056
L: 0.51, u_super: 0.00715, sec: 263082.844, prod: 0.000496, t_ads: 26.0, t_des: 73.0, bed_util_ads: 0.277, bed_util_des: 0.276, frac_lost: 0.101, li_recovered:  0.049
L: 0.50, u_super: 0.00534, sec: 148123.906, prod: 0.000480, t_ads: 34.0, t_des: 93.0, bed_util_ads: 0.273, bed_util_des: 0.273, frac_lost: 0.101, li_recovered:  0.061
L: 0.52, u_super: 0.00283, sec: 40609.555, prod: 0.000476, t_ads: 65.0, t_des: 311.0, bed_util_ads: 0.216, bed_util_des: 0.214, frac_lost: 0.103, li_recovered:  0.179
L: 0.51, u_super: 0.00005, sec: 21.052, prod: 0.000293, t_ads: 3008.0, t_des: 5484.0, bed_util_ads: 0.164, bed_util_des: 0.129, frac_lost: 0.100, li_recovered:  2.486
L: 0.56, u_super: 0.00278, sec: 47728.781, prod: 0.000389, t_ads: 71.0, t_des: 556.0, bed_util_ads: 0.178, bed_util_des: 0.175, frac_lost: 0.102, li_recovered:  0.244
L: 0.60, u_super: 0.00839, sec: 350570.281, prod: 0.000520, t_ads: 27.0, t_des: 79.0, bed_util_ads: 0.275, bed_util_des: 0.274, frac_lost: 0.108, li_recovered:  0.055
L: 0.96, u_super: 0.00283, sec: 40302.598, prod: 0.000480, t_ads: 117.0, t_des: 357.0, bed_util_ads: 0.245, bed_util_des: 0.241, frac_lost: 0.101, li_recovered:  0.227
L: 0.51, u_super: 0.00055, sec: 1597.932, prod: 0.000440, t_ads: 320.0, t_des: 1559.0, bed_util_ads: 0.188, bed_util_des: 0.177, frac_lost: 0.100, li_recovered:  0.826
L: 0.54, u_super: 0.00006, sec: inf, prod: 0.000000, t_ads: 1674.0, t_des: 0.0, bed_util_ads: 0.240, bed_util_des: 0.240, frac_lost: 0.100, li_recovered:  0.000
L: 0.50, u_super: 0.00064, sec: 2031.582, prod: 0.000474, t_ads: 267.0, t_des: 979.0, bed_util_ads: 0.214, bed_util_des: 0.205, frac_lost: 0.100, li_recovered:  0.591
L: 0.51, u_super: 0.00707, sec: 255671.578, prod: 0.000498, t_ads: 27.0, t_des: 146.0, bed_util_ads: 0.221, bed_util_des: 0.220, frac_lost: 0.109, li_recovered:  0.086
L: 0.51, u_super: 0.00036, sec: 685.498, prod: 0.000452, t_ads: 454.0, t_des: 1117.0, bed_util_ads: 0.230, bed_util_des: 0.220, frac_lost: 0.100, li_recovered:  0.709
L: 0.50, u_super: 0.00839, sec: 331127.094, prod: 0.000551, t_ads: 23.0, t_des: 85.0, bed_util_ads: 0.258, bed_util_des: 0.257, frac_lost: 0.113, li_recovered:  0.059
L: 0.51, u_super: 0.00547, sec: 146166.953, prod: 0.000510, t_ads: 34.0, t_des: 111.0, bed_util_ads: 0.259, bed_util_des: 0.257, frac_lost: 0.104, li_recovered:  0.074
L: 0.91, u_super: 0.00219, sec: 24307.580, prod: 0.000472, t_ads: 143.0, t_des: 396.0, bed_util_ads: 0.250, bed_util_des: 0.246, frac_lost: 0.101, li_recovered:  0.254
L: 0.52, u_super: 0.00489, sec: 118823.172, prod: 0.000499, t_ads: 38.0, t_des: 141.0, bed_util_ads: 0.244, bed_util_des: 0.243, frac_lost: 0.100, li_recovered:  0.089
L: 0.51, u_super: 0.00084, sec: 3467.022, prod: 0.000480, t_ads: 207.0, t_des: 745.0, bed_util_ads: 0.221, bed_util_des: 0.214, frac_lost: 0.101, li_recovered:  0.457
L: 0.50, u_super: 0.00357, sec: 62723.062, prod: 0.000494, t_ads: 50.0, t_des: 167.0, bed_util_ads: 0.249, bed_util_des: 0.248, frac_lost: 0.101, li_recovered:  0.107
L: 0.65, u_super: 0.00022, sec: 262.158, prod: 0.000422, t_ads: 979.0, t_des: 2987.0, bed_util_ads: 0.185, bed_util_des: 0.162, frac_lost: 0.100, li_recovered:  1.675
L: 0.52, u_super: 0.00408, sec: 79529.203, prod: 0.000512, t_ads: 46.0, t_des: 169.0, bed_util_ads: 0.244, bed_util_des: 0.243, frac_lost: 0.106, li_recovered:  0.110
L: 0.50, u_super: 0.00651, sec: 201333.375, prod: 0.000532, t_ads: 29.0, t_des: 89.0, bed_util_ads: 0.270, bed_util_des: 0.269, frac_lost: 0.110, li_recovered:  0.063
L: 0.50, u_super: 0.00626, sec: 185544.625, prod: 0.000533, t_ads: 30.0, t_des: 94.0, bed_util_ads: 0.267, bed_util_des: 0.266, frac_lost: 0.109, li_recovered:  0.066
L: 0.50, u_super: 0.00055, sec: 1531.230, prod: 0.000454, t_ads: 305.0, t_des: 745.0, bed_util_ads: 0.243, bed_util_des: 0.236, frac_lost: 0.100, li_recovered:  0.477
L: 0.50, u_super: 0.00247, sec: 29613.447, prod: 0.000494, t_ads: 72.0, t_des: 256.0, bed_util_ads: 0.239, bed_util_des: 0.237, frac_lost: 0.102, li_recovered:  0.162
L: 0.51, u_super: 0.00011, sec: 73.313, prod: 0.000363, t_ads: 1443.0, t_des: 2689.0, bed_util_ads: 0.198, bed_util_des: 0.177, frac_lost: 0.100, li_recovered:  1.501
L: 0.50, u_super: 0.00523, sec: 134872.812, prod: 0.000504, t_ads: 35.0, t_des: 113.0, bed_util_ads: 0.259, bed_util_des: 0.257, frac_lost: 0.103, li_recovered:  0.075
L: 0.50, u_super: 0.00032, sec: 530.164, prod: 0.000462, t_ads: 512.0, t_des: 1502.0, bed_util_ads: 0.212, bed_util_des: 0.199, frac_lost: 0.100, li_recovered:  0.931
L: 0.61, u_super: 0.00417, sec: 85074.922, prod: 0.000501, t_ads: 52.0, t_des: 190.0, bed_util_ads: 0.242, bed_util_des: 0.240, frac_lost: 0.103, li_recovered:  0.121
    33 |     1320 |     40 |  0.0284542581 |         nadir
L: 0.51, u_super: 0.00535, sec: 138105.828, prod: 0.000517, t_ads: 35.0, t_des: 136.0, bed_util_ads: 0.244, bed_util_des: 0.243, frac_lost: 0.108, li_recovered:  0.088
L: 0.52, u_super: 0.00013, sec: 103.345, prod: 0.000395, t_ads: 1213.0, t_des: 2600.0, bed_util_ads: 0.198, bed_util_des: 0.177, frac_lost: 0.100, li_recovered:  1.508
L: 0.57, u_super: 0.00531, sec: 148161.219, prod: 0.000474, t_ads: 39.0, t_des: 211.0, bed_util_ads: 0.214, bed_util_des: 0.212, frac_lost: 0.104, li_recovered:  0.118
L: 0.50, u_super: 0.00830, sec: 332667.594, prod: 0.000537, t_ads: 23.0, t_des: 86.0, bed_util_ads: 0.255, bed_util_des: 0.255, frac_lost: 0.110, li_recovered:  0.059
L: 0.52, u_super: 0.00208, sec: 20946.230, prod: 0.000491, t_ads: 87.0, t_des: 315.0, bed_util_ads: 0.235, bed_util_des: 0.232, frac_lost: 0.102, li_recovered:  0.197
L: 0.50, u_super: 0.00032, sec: 763.825, prod: 0.000321, t_ads: 488.0, t_des: 781.0, bed_util_ads: 0.263, bed_util_des: 0.257, frac_lost: 0.100, li_recovered:  0.407
L: 0.50, u_super: 0.00011, sec: 78.025, prod: 0.000392, t_ads: 1380.0, t_des: 3250.0, bed_util_ads: 0.186, bed_util_des: 0.161, frac_lost: 0.100, li_recovered:  1.815
L: 0.51, u_super: 0.00840, sec: 353646.438, prod: 0.000517, t_ads: 23.0, t_des: 98.0, bed_util_ads: 0.242, bed_util_des: 0.241, frac_lost: 0.105, li_recovered:  0.063
L: 0.51, u_super: 0.00087, sec: 6712.735, prod: 0.000261, t_ads: 205.0, t_des: 2811.0, bed_util_ads: 0.131, bed_util_des: 0.120, frac_lost: 0.101, li_recovered:  0.788
L: 0.63, u_super: 0.00030, sec: 984.291, prod: 0.000211, t_ads: 631.0, t_des: 818.0, bed_util_ads: 0.268, bed_util_des: 0.263, frac_lost: 0.100, li_recovered:  0.306
L: 0.50, u_super: 0.00618, sec: 192149.281, prod: 0.000501, t_ads: 30.0, t_des: 141.0, bed_util_ads: 0.229, bed_util_des: 0.228, frac_lost: 0.105, li_recovered:  0.086
L: 0.51, u_super: 0.00406, sec: 79865.141, prod: 0.000506, t_ads: 46.0, t_des: 168.0, bed_util_ads: 0.244, bed_util_des: 0.243, frac_lost: 0.106, li_recovered:  0.108
L: 0.50, u_super: 0.00519, sec: 135932.406, prod: 0.000492, t_ads: 35.0, t_des: 106.0, bed_util_ads: 0.264, bed_util_des: 0.263, frac_lost: 0.102, li_recovered:  0.069
L: 0.84, u_super: 0.00834, sec: 356517.062, prod: 0.000506, t_ads: 37.0, t_des: 119.0, bed_util_ads: 0.259, bed_util_des: 0.257, frac_lost: 0.105, li_recovered:  0.079
L: 0.51, u_super: 0.00493, sec: 118448.680, prod: 0.000507, t_ads: 38.0, t_des: 111.0, bed_util_ads: 0.268, bed_util_des: 0.267, frac_lost: 0.108, li_recovered:  0.076
L: 0.51, u_super: 0.00019, sec: 284.716, prod: 0.000287, t_ads: 811.0, t_des: 1178.0, bed_util_ads: 0.246, bed_util_des: 0.238, frac_lost: 0.100, li_recovered:  0.571
L: 0.52, u_super: 0.00406, sec: 81533.328, prod: 0.000495, t_ads: 46.0, t_des: 133.0, bed_util_ads: 0.265, bed_util_des: 0.264, frac_lost: 0.105, li_recovered:  0.089
L: 0.50, u_super: 0.00005, sec: 20.570, prod: 0.000292, t_ads: 3015.0, t_des: 5485.0, bed_util_ads: 0.164, bed_util_des: 0.129, frac_lost: 0.100, li_recovered:  2.484
L: 0.50, u_super: 0.00830, sec: 332363.250, prod: 0.000537, t_ads: 23.0, t_des: 83.0, bed_util_ads: 0.259, bed_util_des: 0.258, frac_lost: 0.110, li_recovered:  0.057
L: 0.52, u_super: 0.00373, sec: 68152.078, prod: 0.000499, t_ads: 50.0, t_des: 152.0, bed_util_ads: 0.259, bed_util_des: 0.258, frac_lost: 0.105, li_recovered:  0.101
L: 0.51, u_super: 0.00011, sec: 104.724, prod: 0.000254, t_ads: 1340.0, t_des: 1759.0, bed_util_ads: 0.222, bed_util_des: 0.211, frac_lost: 0.100, li_recovered:  0.788
L: 0.50, u_super: 0.00021, sec: 224.467, prod: 0.000439, t_ads: 795.0, t_des: 2355.0, bed_util_ads: 0.195, bed_util_des: 0.176, frac_lost: 0.100, li_recovered:  1.384
L: 0.50, u_super: 0.00626, sec: 187922.031, prod: 0.000526, t_ads: 30.0, t_des: 103.0, bed_util_ads: 0.258, bed_util_des: 0.257, frac_lost: 0.109, li_recovered:  0.070
L: 0.71, u_super: 0.00019, sec: 237.982, prod: 0.000355, t_ads: 1257.0, t_des: 5617.0, bed_util_ads: 0.154, bed_util_des: 0.120, frac_lost: 0.100, li_recovered:  2.442
L: 0.50, u_super: 0.00533, sec: 157619.062, prod: 0.000449, t_ads: 35.0, t_des: 230.0, bed_util_ads: 0.201, bed_util_des: 0.199, frac_lost: 0.108, li_recovered:  0.119
L: 0.50, u_super: 0.00670, sec: 217678.766, prod: 0.000522, t_ads: 28.0, t_des: 93.0, bed_util_ads: 0.262, bed_util_des: 0.261, frac_lost: 0.108, li_recovered:  0.063
L: 0.50, u_super: 0.00421, sec: 92943.961, prod: 0.000468, t_ads: 43.0, t_des: 230.0, bed_util_ads: 0.213, bed_util_des: 0.211, frac_lost: 0.103, li_recovered:  0.128
L: 0.53, u_super: 0.00006, sec: 29.449, prod: 0.000257, t_ads: 2624.0, t_des: 3639.0, bed_util_ads: 0.180, bed_util_des: 0.158, frac_lost: 0.100, li_recovered:  1.609
L: 0.50, u_super: 0.00710, sec: 267213.375, prod: 0.000481, t_ads: 27.0, t_des: 165.0, bed_util_ads: 0.212, bed_util_des: 0.210, frac_lost: 0.111, li_recovered:  0.092
L: 0.50, u_super: 0.00626, sec: 189836.844, prod: 0.000520, t_ads: 30.0, t_des: 93.0, bed_util_ads: 0.267, bed_util_des: 0.266, frac_lost: 0.108, li_recovered:  0.064
L: 0.52, u_super: 0.00358, sec: 63290.137, prod: 0.000493, t_ads: 51.0, t_des: 172.0, bed_util_ads: 0.248, bed_util_des: 0.246, frac_lost: 0.100, li_recovered:  0.110
L: 0.51, u_super: 0.00685, sec: 226336.266, prod: 0.000527, t_ads: 28.0, t_des: 114.0, bed_util_ads: 0.244, bed_util_des: 0.243, frac_lost: 0.107, li_recovered:  0.075
L: 0.50, u_super: 0.00538, sec: 145046.406, prod: 0.000497, t_ads: 34.0, t_des: 149.0, bed_util_ads: 0.232, bed_util_des: 0.231, frac_lost: 0.104, li_recovered:  0.091
L: 0.70, u_super: 0.00651, sec: 212580.422, prod: 0.000504, t_ads: 39.0, t_des: 120.0, bed_util_ads: 0.262, bed_util_des: 0.261, frac_lost: 0.104, li_recovered:  0.080
L: 0.59, u_super: 0.00181, sec: 23881.742, prod: 0.000325, t_ads: 114.0, t_des: 1188.0, bed_util_ads: 0.154, bed_util_des: 0.148, frac_lost: 0.102, li_recovered:  0.424
L: 0.58, u_super: 0.00027, sec: 425.378, prod: 0.000395, t_ads: 735.0, t_des: 3573.0, bed_util_ads: 0.166, bed_util_des: 0.142, frac_lost: 0.100, li_recovered:  1.700
L: 0.51, u_super: 0.00222, sec: 24179.523, prod: 0.000485, t_ads: 80.0, t_des: 265.0, bed_util_ads: 0.243, bed_util_des: 0.241, frac_lost: 0.101, li_recovered:  0.167
L: 0.56, u_super: 0.00342, sec: 57892.309, prod: 0.000490, t_ads: 58.0, t_des: 201.0, bed_util_ads: 0.244, bed_util_des: 0.242, frac_lost: 0.100, li_recovered:  0.127
L: 0.53, u_super: 0.00012, sec: 82.924, prod: 0.000371, t_ads: 1520.0, t_des: 4952.0, bed_util_ads: 0.165, bed_util_des: 0.131, frac_lost: 0.100, li_recovered:  2.402
L: 0.51, u_super: 0.00010, sec: 63.799, prod: 0.000346, t_ads: 1556.0, t_des: 2724.0, bed_util_ads: 0.197, bed_util_des: 0.177, frac_lost: 0.100, li_recovered:  1.481
    34 |     1360 |     40 |  0.0025481231 |             f
L: 0.51, u_super: 0.00005, sec: 22.515, prod: 0.000300, t_ads: 2894.0, t_des: 5466.0, bed_util_ads: 0.164, bed_util_des: 0.129, frac_lost: 0.100, li_recovered:  2.507
L: 0.50, u_super: 0.00646, sec: 297762.688, prod: 0.000355, t_ads: 29.0, t_des: 312.0, bed_util_ads: 0.168, bed_util_des: 0.167, frac_lost: 0.107, li_recovered:  0.121
L: 0.50, u_super: 0.00353, sec: 68905.961, prod: 0.000440, t_ads: 51.0, t_des: 114.0, bed_util_ads: 0.288, bed_util_des: 0.287, frac_lost: 0.105, li_recovered:  0.073
L: 0.64, u_super: 0.00011, sec: 85.771, prod: 0.000357, t_ads: 1719.0, t_des: 3360.0, bed_util_ads: 0.186, bed_util_des: 0.161, frac_lost: 0.100, li_recovered:  1.812
L: 0.67, u_super: 0.00283, sec: 39541.688, prod: 0.000489, t_ads: 83.0, t_des: 273.0, bed_util_ads: 0.244, bed_util_des: 0.241, frac_lost: 0.102, li_recovered:  0.174
L: 0.89, u_super: 0.00255, sec: 32574.156, prod: 0.000479, t_ads: 120.0, t_des: 362.0, bed_util_ads: 0.245, bed_util_des: 0.242, frac_lost: 0.100, li_recovered:  0.231
L: 0.51, u_super: 0.00028, sec: 401.310, prod: 0.000449, t_ads: 604.0, t_des: 2111.0, bed_util_ads: 0.194, bed_util_des: 0.177, frac_lost: 0.100, li_recovered:  1.218
L: 0.50, u_super: 0.00533, sec: 142880.578, prod: 0.000496, t_ads: 34.0, t_des: 103.0, bed_util_ads: 0.264, bed_util_des: 0.263, frac_lost: 0.100, li_recovered:  0.068
L: 0.81, u_super: 0.00707, sec: 250285.031, prod: 0.000509, t_ads: 42.0, t_des: 133.0, bed_util_ads: 0.259, bed_util_des: 0.257, frac_lost: 0.106, li_recovered:  0.089
L: 0.51, u_super: 0.00421, sec: 194241.375, prod: 0.000224, t_ads: 44.0, t_des: 855.0, bed_util_ads: 0.127, bed_util_des: 0.124, frac_lost: 0.101, li_recovered:  0.201
L: 0.52, u_super: 0.00279, sec: 53882.352, prod: 0.000347, t_ads: 66.0, t_des: 644.0, bed_util_ads: 0.164, bed_util_des: 0.161, frac_lost: 0.102, li_recovered:  0.247
L: 0.50, u_super: 0.00071, sec: 2983.245, prod: 0.000394, t_ads: 244.0, t_des: 1629.0, bed_util_ads: 0.172, bed_util_des: 0.162, frac_lost: 0.100, li_recovered:  0.738
L: 0.51, u_super: 0.00011, sec: 108.508, prod: 0.000268, t_ads: 1293.0, t_des: 1757.0, bed_util_ads: 0.222, bed_util_des: 0.211, frac_lost: 0.100, li_recovered:  0.817
L: 0.51, u_super: 0.00531, sec: 182094.375, prod: 0.000385, t_ads: 35.0, t_des: 303.0, bed_util_ads: 0.180, bed_util_des: 0.178, frac_lost: 0.103, li_recovered:  0.130
L: 0.50, u_super: 0.00645, sec: 203190.984, prod: 0.000518, t_ads: 29.0, t_des: 90.0, bed_util_ads: 0.267, bed_util_des: 0.266, frac_lost: 0.105, li_recovered:  0.062
L: 0.50, u_super: 0.00005, sec: 21.413, prod: 0.000281, t_ads: 3292.0, t_des: 9063.0, bed_util_ads: 0.145, bed_util_des: 0.097, frac_lost: 0.100, li_recovered:  3.469
L: 0.50, u_super: 0.00099, sec: 5117.626, prod: 0.000446, t_ads: 172.0, t_des: 413.0, bed_util_ads: 0.258, bed_util_des: 0.255, frac_lost: 0.100, li_recovered:  0.261
L: 0.50, u_super: 0.00834, sec: 341747.531, prod: 0.000528, t_ads: 23.0, t_des: 92.0, bed_util_ads: 0.249, bed_util_des: 0.248, frac_lost: 0.108, li_recovered:  0.061
L: 0.51, u_super: 0.00417, sec: 85745.602, prod: 0.000497, t_ads: 44.0, t_des: 159.0, bed_util_ads: 0.244, bed_util_des: 0.243, frac_lost: 0.101, li_recovered:  0.101
L: 0.51, u_super: 0.00023, sec: 273.838, prod: 0.000444, t_ads: 738.0, t_des: 2221.0, bed_util_ads: 0.197, bed_util_des: 0.178, frac_lost: 0.100, li_recovered:  1.312
L: 0.50, u_super: 0.00049, sec: 1303.801, prod: 0.000432, t_ads: 349.0, t_des: 1758.0, bed_util_ads: 0.184, bed_util_des: 0.171, frac_lost: 0.100, li_recovered:  0.910
L: 0.50, u_super: 0.00021, sec: 224.488, prod: 0.000439, t_ads: 795.0, t_des: 2355.0, bed_util_ads: 0.195, bed_util_des: 0.176, frac_lost: 0.100, li_recovered:  1.384
L: 0.50, u_super: 0.00531, sec: 136616.938, prod: 0.000514, t_ads: 35.0, t_des: 114.0, bed_util_ads: 0.259, bed_util_des: 0.258, frac_lost: 0.107, li_recovered:  0.077
L: 0.50, u_super: 0.00836, sec: 326991.250, prod: 0.000554, t_ads: 23.0, t_des: 80.0, bed_util_ads: 0.263, bed_util_des: 0.263, frac_lost: 0.112, li_recovered:  0.057
L: 0.77, u_super: 0.00011, sec: inf, prod: 0.000000, t_ads: 1557.0, t_des: 0.0, bed_util_ads: 0.240, bed_util_des: 0.240, frac_lost: 0.100, li_recovered:  0.000
L: 0.50, u_super: 0.00006, sec: inf, prod: 0.000000, t_ads: 1680.0, t_des: 0.0, bed_util_ads: 0.234, bed_util_des: 0.234, frac_lost: 0.100, li_recovered:  0.000
L: 0.68, u_super: 0.00019, sec: 205.388, prod: 0.000401, t_ads: 1127.0, t_des: 2427.0, bed_util_ads: 0.201, bed_util_des: 0.181, frac_lost: 0.100, li_recovered:  1.426
L: 0.50, u_super: 0.00005, sec: 22.335, prod: 0.000302, t_ads: 2868.0, t_des: 5523.0, bed_util_ads: 0.164, bed_util_des: 0.128, frac_lost: 0.100, li_recovered:  2.537
L: 0.50, u_super: 0.00030, sec: 520.194, prod: 0.000408, t_ads: 530.0, t_des: 1054.0, bed_util_ads: 0.241, bed_util_des: 0.232, frac_lost: 0.100, li_recovered:  0.646
L: 0.50, u_super: 0.00011, sec: inf, prod: 0.000000, t_ads: 1182.0, t_des: 0.0, bed_util_ads: 0.255, bed_util_des: 0.255, frac_lost: 0.100, li_recovered:  0.000
L: 0.50, u_super: 0.00503, sec: 125145.781, prod: 0.000501, t_ads: 36.0, t_des: 115.0, bed_util_ads: 0.259, bed_util_des: 0.258, frac_lost: 0.101, li_recovered:  0.076
L: 0.50, u_super: 0.00823, sec: 327068.438, prod: 0.000536, t_ads: 23.0, t_des: 83.0, bed_util_ads: 0.258, bed_util_des: 0.257, frac_lost: 0.107, li_recovered:  0.057
L: 0.51, u_super: 0.00710, sec: 248799.578, prod: 0.000516, t_ads: 27.0, t_des: 74.0, bed_util_ads: 0.281, bed_util_des: 0.281, frac_lost: 0.111, li_recovered:  0.052
L: 0.52, u_super: 0.00373, sec: 67633.164, prod: 0.000502, t_ads: 50.0, t_des: 186.0, bed_util_ads: 0.241, bed_util_des: 0.240, frac_lost: 0.105, li_recovered:  0.119
L: 0.50, u_super: 0.00652, sec: 213558.625, prod: 0.000504, t_ads: 28.0, t_des: 86.0, bed_util_ads: 0.267, bed_util_des: 0.266, frac_lost: 0.100, li_recovered:  0.057
L: 0.50, u_super: 0.00411, sec: 106334.375, prod: 0.000389, t_ads: 44.0, t_des: 358.0, bed_util_ads: 0.181, bed_util_des: 0.178, frac_lost: 0.101, li_recovered:  0.156
L: 0.50, u_super: 0.00830, sec: 331566.469, prod: 0.000539, t_ads: 23.0, t_des: 83.0, bed_util_ads: 0.259, bed_util_des: 0.258, frac_lost: 0.110, li_recovered:  0.057
L: 0.50, u_super: 0.00763, sec: 291948.000, prod: 0.000512, t_ads: 25.0, t_des: 129.0, bed_util_ads: 0.226, bed_util_des: 0.225, frac_lost: 0.110, li_recovered:  0.079
L: 0.67, u_super: 0.00018, sec: 190.154, prod: 0.000407, t_ads: 1188.0, t_des: 3382.0, bed_util_ads: 0.182, bed_util_des: 0.156, frac_lost: 0.100, li_recovered:  1.861
L: 0.57, u_super: 0.00024, sec: 345.520, prod: 0.000377, t_ads: 744.0, t_des: 1340.0, bed_util_ads: 0.234, bed_util_des: 0.223, frac_lost: 0.100, li_recovered:  0.787
    35 |     1400 |     40 |  0.0009715644 |             f
L: 0.50, u_super: 0.00021, sec: 225.679, prod: 0.000440, t_ads: 793.0, t_des: 2355.0, bed_util_ads: 0.195, bed_util_des: 0.176, frac_lost: 0.100, li_recovered:  1.384
L: 0.50, u_super: 0.00530, sec: 164201.906, prod: 0.000427, t_ads: 34.0, t_des: 76.0, bed_util_ads: 0.293, bed_util_des: 0.292, frac_lost: 0.100, li_recovered:  0.047
L: 0.50, u_super: 0.00881, sec: 463849.188, prod: 0.000436, t_ads: 22.0, t_des: 43.0, bed_util_ads: 0.322, bed_util_des: 0.322, frac_lost: 0.114, li_recovered:  0.028
L: 0.52, u_super: 0.00284, sec: 39642.777, prod: 0.000492, t_ads: 64.0, t_des: 220.0, bed_util_ads: 0.243, bed_util_des: 0.241, frac_lost: 0.101, li_recovered:  0.140
L: 0.51, u_super: 0.00397, sec: 78149.539, prod: 0.000492, t_ads: 46.0, t_des: 132.0, bed_util_ads: 0.265, bed_util_des: 0.264, frac_lost: 0.103, li_recovered:  0.088
L: 0.50, u_super: 0.00011, sec: 71.511, prod: 0.000387, t_ads: 1447.0, t_des: 3337.0, bed_util_ads: 0.185, bed_util_des: 0.159, frac_lost: 0.100, li_recovered:  1.849
L: 0.50, u_super: 0.00029, sec: 451.423, prod: 0.000442, t_ads: 573.0, t_des: 2247.0, bed_util_ads: 0.188, bed_util_des: 0.170, frac_lost: 0.100, li_recovered:  1.245
L: 0.61, u_super: 0.00018, sec: 261.760, prod: 0.000296, t_ads: 1158.0, t_des: 7800.0, bed_util_ads: 0.136, bed_util_des: 0.099, frac_lost: 0.100, li_recovered:  2.649
L: 0.50, u_super: 0.00520, sec: 133746.531, prod: 0.000502, t_ads: 35.0, t_des: 116.0, bed_util_ads: 0.256, bed_util_des: 0.255, frac_lost: 0.102, li_recovered:  0.076
L: 0.50, u_super: 0.00015, sec: 140.520, prod: 0.000383, t_ads: 1017.0, t_des: 1916.0, bed_util_ads: 0.215, bed_util_des: 0.199, frac_lost: 0.100, li_recovered:  1.125
L: 0.61, u_super: 0.00052, sec: 2018.574, prod: 0.000309, t_ads: 412.0, t_des: 3880.0, bed_util_ads: 0.141, bed_util_des: 0.123, frac_lost: 0.100, li_recovered:  1.324
L: 0.51, u_super: 0.00283, sec: 38732.031, prod: 0.000499, t_ads: 64.0, t_des: 223.0, bed_util_ads: 0.243, bed_util_des: 0.241, frac_lost: 0.104, li_recovered:  0.143
L: 0.50, u_super: 0.00701, sec: 371446.219, prod: 0.000337, t_ads: 27.0, t_des: 324.0, bed_util_ads: 0.163, bed_util_des: 0.161, frac_lost: 0.109, li_recovered:  0.118
L: 0.50, u_super: 0.00005, sec: 20.533, prod: 0.000293, t_ads: 3007.0, t_des: 5484.0, bed_util_ads: 0.164, bed_util_des: 0.129, frac_lost: 0.100, li_recovered:  2.486
L: 0.52, u_super: 0.00417, sec: 83160.734, prod: 0.000513, t_ads: 45.0, t_des: 170.0, bed_util_ads: 0.242, bed_util_des: 0.241, frac_lost: 0.106, li_recovered:  0.110
L: 0.50, u_super: 0.00005, sec: 24.142, prod: 0.000280, t_ads: 2717.0, t_des: 4216.0, bed_util_ads: 0.174, bed_util_des: 0.147, frac_lost: 0.100, li_recovered:  1.939
L: 0.50, u_super: 0.00626, sec: 250316.266, prod: 0.000395, t_ads: 30.0, t_des: 267.0, bed_util_ads: 0.181, bed_util_des: 0.179, frac_lost: 0.108, li_recovered:  0.117
L: 0.50, u_super: 0.00012, sec: 111.446, prod: 0.000309, t_ads: 1210.0, t_des: 1822.0, bed_util_ads: 0.220, bed_util_des: 0.207, frac_lost: 0.100, li_recovered:  0.937
L: 0.80, u_super: 0.00005, sec: 30.280, prod: 0.000214, t_ads: 4233.0, t_des: 5606.0, bed_util_ads: 0.158, bed_util_des: 0.129, frac_lost: 0.100, li_recovered:  2.106
L: 0.50, u_super: 0.00468, sec: 110198.852, prod: 0.000491, t_ads: 39.0, t_des: 105.0, bed_util_ads: 0.275, bed_util_des: 0.274, frac_lost: 0.105, li_recovered:  0.071
L: 0.52, u_super: 0.00177, sec: 15148.685, prod: 0.000489, t_ads: 102.0, t_des: 358.0, bed_util_ads: 0.235, bed_util_des: 0.232, frac_lost: 0.102, li_recovered:  0.225
L: 1.11, u_super: 0.00487, sec: 121286.445, prod: 0.000485, t_ads: 80.0, t_des: 335.0, bed_util_ads: 0.224, bed_util_des: 0.221, frac_lost: 0.102, li_recovered:  0.201
L: 0.51, u_super: 0.00710, sec: 239761.641, prod: 0.000536, t_ads: 27.0, t_des: 114.0, bed_util_ads: 0.242, bed_util_des: 0.241, frac_lost: 0.110, li_recovered:  0.076
L: 0.78, u_super: 0.00006, sec: 32.645, prod: 0.000254, t_ads: 3930.0, t_des: 6484.0, bed_util_ads: 0.156, bed_util_des: 0.119, frac_lost: 0.100, li_recovered:  2.641
L: 0.51, u_super: 0.00824, sec: 349710.188, prod: 0.000503, t_ads: 23.0, t_des: 61.0, bed_util_ads: 0.286, bed_util_des: 0.286, frac_lost: 0.105, li_recovered:  0.042
L: 0.50, u_super: 0.00013, sec: 97.479, prod: 0.000376, t_ads: 1326.0, t_des: 4818.0, bed_util_ads: 0.164, bed_util_des: 0.131, frac_lost: 0.100, li_recovered:  2.313
L: 0.51, u_super: 0.00011, sec: 74.404, prod: 0.000358, t_ads: 1435.0, t_des: 2596.0, bed_util_ads: 0.200, bed_util_des: 0.179, frac_lost: 0.100, li_recovered:  1.443
L: 0.50, u_super: 0.00455, sec: 101290.883, prod: 0.000503, t_ads: 40.0, t_des: 131.0, bed_util_ads: 0.255, bed_util_des: 0.254, frac_lost: 0.105, li_recovered:  0.086
L: 0.51, u_super: 0.00030, sec: 652.568, prod: 0.000319, t_ads: 530.0, t_des: 841.0, bed_util_ads: 0.260, bed_util_des: 0.254, frac_lost: 0.100, li_recovered:  0.437
L: 0.50, u_super: 0.00030, sec: 4858.881, prod: 0.000043, t_ads: 503.0, t_des: 513.0, bed_util_ads: 0.295, bed_util_des: 0.294, frac_lost: 0.100, li_recovered:  0.044
L: 0.50, u_super: 0.00388, sec: 76973.070, prod: 0.000478, t_ads: 46.0, t_des: 134.0, bed_util_ads: 0.262, bed_util_des: 0.261, frac_lost: 0.100, li_recovered:  0.086
L: 0.50, u_super: 0.00533, sec: 140753.078, prod: 0.000503, t_ads: 34.0, t_des: 110.0, bed_util_ads: 0.258, bed_util_des: 0.257, frac_lost: 0.102, li_recovered:  0.072
L: 0.51, u_super: 0.00010, sec: inf, prod: 0.000000, t_ads: 1235.0, t_des: 0.0, bed_util_ads: 0.258, bed_util_des: 0.258, frac_lost: 0.100, li_recovered:  0.000
L: 0.51, u_super: 0.00084, sec: 3585.762, prod: 0.000465, t_ads: 207.0, t_des: 895.0, bed_util_ads: 0.206, bed_util_des: 0.199, frac_lost: 0.100, li_recovered:  0.513
L: 0.51, u_super: 0.00172, sec: 14689.286, prod: 0.000478, t_ads: 104.0, t_des: 450.0, bed_util_ads: 0.218, bed_util_des: 0.214, frac_lost: 0.102, li_recovered:  0.265
L: 0.52, u_super: 0.00247, sec: 31067.332, prod: 0.000470, t_ads: 73.0, t_des: 204.0, bed_util_ads: 0.259, bed_util_des: 0.257, frac_lost: 0.100, li_recovered:  0.130
L: 0.68, u_super: 0.00830, sec: 350824.062, prod: 0.000509, t_ads: 30.0, t_des: 100.0, bed_util_ads: 0.258, bed_util_des: 0.257, frac_lost: 0.101, li_recovered:  0.066
L: 0.50, u_super: 0.00185, sec: 16722.035, prod: 0.000486, t_ads: 95.0, t_des: 376.0, bed_util_ads: 0.226, bed_util_des: 0.223, frac_lost: 0.102, li_recovered:  0.229
L: 0.82, u_super: 0.00509, sec: 131557.703, prod: 0.000489, t_ads: 57.0, t_des: 209.0, bed_util_ads: 0.239, bed_util_des: 0.237, frac_lost: 0.101, li_recovered:  0.130
L: 0.50, u_super: 0.00018, sec: 181.981, prod: 0.000425, t_ads: 873.0, t_des: 2034.0, bed_util_ads: 0.208, bed_util_des: 0.190, frac_lost: 0.100, li_recovered:  1.237
    36 |     1440 |     40 |  0.0019469797 |             f
L: 0.51, u_super: 0.00707, sec: 242671.406, prod: 0.000525, t_ads: 27.0, t_des: 76.0, bed_util_ads: 0.279, bed_util_des: 0.278, frac_lost: 0.110, li_recovered:  0.054
L: 0.50, u_super: 0.00839, sec: 327523.031, prod: 0.000557, t_ads: 23.0, t_des: 85.0, bed_util_ads: 0.258, bed_util_des: 0.257, frac_lost: 0.113, li_recovered:  0.060
L: 0.52, u_super: 0.00014, sec: 113.692, prod: 0.000410, t_ads: 1171.0, t_des: 3116.0, bed_util_ads: 0.186, bed_util_des: 0.162, frac_lost: 0.100, li_recovered:  1.756
L: 0.56, u_super: 0.00005, sec: 23.758, prod: 0.000284, t_ads: 3159.0, t_des: 5568.0, bed_util_ads: 0.163, bed_util_des: 0.128, frac_lost: 0.100, li_recovered:  2.481
L: 0.65, u_super: 0.00517, sec: 134146.672, prod: 0.000495, t_ads: 45.0, t_des: 139.0, bed_util_ads: 0.258, bed_util_des: 0.257, frac_lost: 0.102, li_recovered:  0.091
L: 0.50, u_super: 0.00913, sec: 403328.688, prod: 0.000540, t_ads: 21.0, t_des: 80.0, bed_util_ads: 0.256, bed_util_des: 0.255, frac_lost: 0.109, li_recovered:  0.055
L: 0.50, u_super: 0.00765, sec: 273951.562, prod: 0.000549, t_ads: 25.0, t_des: 87.0, bed_util_ads: 0.262, bed_util_des: 0.261, frac_lost: 0.112, li_recovered:  0.061
L: 0.51, u_super: 0.00156, sec: 12100.099, prod: 0.000476, t_ads: 115.0, t_des: 495.0, bed_util_ads: 0.217, bed_util_des: 0.213, frac_lost: 0.101, li_recovered:  0.290
L: 0.50, u_super: 0.00016, sec: 237.921, prod: 0.000246, t_ads: 921.0, t_des: 1220.0, bed_util_ads: 0.245, bed_util_des: 0.237, frac_lost: 0.100, li_recovered:  0.527
L: 0.51, u_super: 0.00010, sec: 63.207, prod: 0.000339, t_ads: 1569.0, t_des: 2674.0, bed_util_ads: 0.198, bed_util_des: 0.178, frac_lost: 0.100, li_recovered:  1.440
L: 0.51, u_super: 0.00489, sec: 114158.789, prod: 0.000519, t_ads: 38.0, t_des: 123.0, bed_util_ads: 0.259, bed_util_des: 0.258, frac_lost: 0.107, li_recovered:  0.084
L: 0.50, u_super: 0.00032, sec: 531.182, prod: 0.000461, t_ads: 512.0, t_des: 1532.0, bed_util_ads: 0.210, bed_util_des: 0.197, frac_lost: 0.100, li_recovered:  0.943
L: 0.52, u_super: 0.00450, sec: 101590.062, prod: 0.000490, t_ads: 41.0, t_des: 168.0, bed_util_ads: 0.234, bed_util_des: 0.233, frac_lost: 0.100, li_recovered:  0.102
L: 0.52, u_super: 0.00208, sec: 21073.709, prod: 0.000488, t_ads: 87.0, t_des: 314.0, bed_util_ads: 0.235, bed_util_des: 0.232, frac_lost: 0.102, li_recovered:  0.196
L: 0.50, u_super: 0.00027, sec: 387.896, prod: 0.000426, t_ads: 631.0, t_des: 2678.0, bed_util_ads: 0.179, bed_util_des: 0.159, frac_lost: 0.100, li_recovered:  1.408
L: 0.50, u_super: 0.00831, sec: 328096.312, prod: 0.000545, t_ads: 23.0, t_des: 81.0, bed_util_ads: 0.261, bed_util_des: 0.261, frac_lost: 0.110, li_recovered:  0.057
L: 0.50, u_super: 0.00557, sec: 150029.672, prod: 0.000516, t_ads: 33.0, t_des: 109.0, bed_util_ads: 0.258, bed_util_des: 0.257, frac_lost: 0.105, li_recovered:  0.073
L: 0.50, u_super: 0.00005, sec: inf, prod: 0.000000, t_ads: 2126.0, t_des: 0.0, bed_util_ads: 0.212, bed_util_des: 0.212, frac_lost: 0.100, li_recovered:  0.000
L: 0.50, u_super: 0.00005, sec: 22.018, prod: 0.000301, t_ads: 2891.0, t_des: 5526.0, bed_util_ads: 0.163, bed_util_des: 0.128, frac_lost: 0.100, li_recovered:  2.532
L: 0.52, u_super: 0.00039, sec: 810.894, prod: 0.000443, t_ads: 444.0, t_des: 1930.0, bed_util_ads: 0.188, bed_util_des: 0.173, frac_lost: 0.100, li_recovered:  1.051
L: 0.50, u_super: 0.00652, sec: 219069.047, prod: 0.000492, t_ads: 28.0, t_des: 85.0, bed_util_ads: 0.267, bed_util_des: 0.266, frac_lost: 0.100, li_recovered:  0.056
L: 0.50, u_super: 0.00011, sec: 77.941, prod: 0.000393, t_ads: 1395.0, t_des: 3556.0, bed_util_ads: 0.181, bed_util_des: 0.154, frac_lost: 0.100, li_recovered:  1.943
L: 0.50, u_super: 0.00419, sec: 85732.719, prod: 0.000502, t_ads: 43.0, t_des: 161.0, bed_util_ads: 0.242, bed_util_des: 0.241, frac_lost: 0.102, li_recovered:  0.102
L: 0.50, u_super: 0.00034, sec: 580.961, prod: 0.000464, t_ads: 488.0, t_des: 1521.0, bed_util_ads: 0.209, bed_util_des: 0.196, frac_lost: 0.100, li_recovered:  0.932
L: 0.51, u_super: 0.00408, sec: 80178.852, prod: 0.000507, t_ads: 45.0, t_des: 164.0, bed_util_ads: 0.245, bed_util_des: 0.243, frac_lost: 0.105, li_recovered:  0.106
L: 0.66, u_super: 0.00496, sec: 141448.625, prod: 0.000431, t_ads: 48.0, t_des: 106.0, bed_util_ads: 0.289, bed_util_des: 0.288, frac_lost: 0.105, li_recovered:  0.066
L: 0.50, u_super: 0.00678, sec: 231942.219, prod: 0.000503, t_ads: 27.0, t_des: 91.0, bed_util_ads: 0.258, bed_util_des: 0.257, frac_lost: 0.100, li_recovered:  0.059
L: 0.52, u_super: 0.00273, sec: 36392.750, prod: 0.000491, t_ads: 67.0, t_des: 231.0, bed_util_ads: 0.243, bed_util_des: 0.241, frac_lost: 0.102, li_recovered:  0.146
L: 0.50, u_super: 0.00042, sec: 1308.838, prod: 0.000320, t_ads: 409.0, t_des: 3644.0, bed_util_ads: 0.144, bed_util_des: 0.126, frac_lost: 0.101, li_recovered:  1.298
L: 0.50, u_super: 0.00005, sec: 25.740, prod: 0.000247, t_ads: 2656.0, t_des: 3551.0, bed_util_ads: 0.181, bed_util_des: 0.159, frac_lost: 0.100, li_recovered:  1.536
L: 0.51, u_super: 0.00710, sec: 258072.375, prod: 0.000498, t_ads: 27.0, t_des: 64.0, bed_util_ads: 0.297, bed_util_des: 0.296, frac_lost: 0.111, li_recovered:  0.045
L: 0.50, u_super: 0.00626, sec: 185739.438, prod: 0.000532, t_ads: 30.0, t_des: 94.0, bed_util_ads: 0.267, bed_util_des: 0.266, frac_lost: 0.109, li_recovered:  0.066
L: 0.52, u_super: 0.00177, sec: 15457.198, prod: 0.000480, t_ads: 101.0, t_des: 313.0, bed_util_ads: 0.245, bed_util_des: 0.242, frac_lost: 0.100, li_recovered:  0.199
L: 0.51, u_super: 0.00287, sec: 40665.844, prod: 0.000490, t_ads: 63.0, t_des: 231.0, bed_util_ads: 0.238, bed_util_des: 0.236, frac_lost: 0.100, li_recovered:  0.144
L: 0.51, u_super: 0.00011, sec: 75.029, prod: 0.000367, t_ads: 1417.0, t_des: 2683.0, bed_util_ads: 0.198, bed_util_des: 0.177, frac_lost: 0.100, li_recovered:  1.505
L: 0.50, u_super: 0.00650, sec: 201351.422, prod: 0.000530, t_ads: 29.0, t_des: 100.0, bed_util_ads: 0.258, bed_util_des: 0.257, frac_lost: 0.110, li_recovered:  0.068
L: 0.50, u_super: 0.00005, sec: 23.013, prod: 0.000304, t_ads: 2834.0, t_des: 5458.0, bed_util_ads: 0.164, bed_util_des: 0.129, frac_lost: 0.100, li_recovered:  2.518
L: 0.50, u_super: 0.00915, sec: 402399.906, prod: 0.000544, t_ads: 21.0, t_des: 78.0, bed_util_ads: 0.258, bed_util_des: 0.257, frac_lost: 0.109, li_recovered:  0.054
L: 0.50, u_super: 0.00012, sec: 78.968, prod: 0.000393, t_ads: 1371.0, t_des: 3244.0, bed_util_ads: 0.186, bed_util_des: 0.161, frac_lost: 0.100, li_recovered:  1.812
L: 0.50, u_super: 0.00393, sec: 75229.609, prod: 0.000501, t_ads: 46.0, t_des: 157.0, bed_util_ads: 0.249, bed_util_des: 0.248, frac_lost: 0.103, li_recovered:  0.102
    37 |     1480 |     40 |  0.0065209199 |             f
L: 0.50, u_super: 0.00501, sec: 291965.656, prod: 0.000214, t_ads: 37.0, t_des: 800.0, bed_util_ads: 0.124, bed_util_des: 0.121, frac_lost: 0.105, li_recovered:  0.179
L: 0.51, u_super: 0.00357, sec: 61067.355, prod: 0.000507, t_ads: 52.0, t_des: 176.0, bed_util_ads: 0.249, bed_util_des: 0.248, frac_lost: 0.105, li_recovered:  0.116
L: 0.50, u_super: 0.00006, sec: 28.704, prod: 0.000319, t_ads: 2460.0, t_des: 4708.0, bed_util_ads: 0.170, bed_util_des: 0.138, frac_lost: 0.100, li_recovered:  2.287
L: 0.50, u_super: 0.00265, sec: 34565.094, prod: 0.000489, t_ads: 67.0, t_des: 199.0, bed_util_ads: 0.256, bed_util_des: 0.255, frac_lost: 0.104, li_recovered:  0.130
L: 0.50, u_super: 0.00283, sec: 38989.094, prod: 0.000496, t_ads: 63.0, t_des: 219.0, bed_util_ads: 0.243, bed_util_des: 0.241, frac_lost: 0.103, li_recovered:  0.140
L: 0.51, u_super: 0.00710, sec: 241742.750, prod: 0.000531, t_ads: 27.0, t_des: 108.0, bed_util_ads: 0.247, bed_util_des: 0.246, frac_lost: 0.110, li_recovered:  0.072
L: 0.50, u_super: 0.00765, sec: 280595.688, prod: 0.000536, t_ads: 25.0, t_des: 86.0, bed_util_ads: 0.262, bed_util_des: 0.261, frac_lost: 0.111, li_recovered:  0.059
L: 0.50, u_super: 0.00525, sec: 134775.734, prod: 0.000510, t_ads: 35.0, t_des: 131.0, bed_util_ads: 0.246, bed_util_des: 0.245, frac_lost: 0.105, li_recovered:  0.085
L: 0.52, u_super: 0.00836, sec: 416279.688, prod: 0.000435, t_ads: 23.0, t_des: 166.0, bed_util_ads: 0.199, bed_util_des: 0.198, frac_lost: 0.103, li_recovered:  0.082
L: 0.53, u_super: 0.00005, sec: inf, prod: 0.000000, t_ads: 1913.0, t_des: 0.0, bed_util_ads: 0.224, bed_util_des: 0.224, frac_lost: 0.100, li_recovered:  0.000
L: 0.50, u_super: 0.00839, sec: 327460.188, prod: 0.000557, t_ads: 23.0, t_des: 85.0, bed_util_ads: 0.258, bed_util_des: 0.257, frac_lost: 0.113, li_recovered:  0.060
L: 0.62, u_super: 0.00053, sec: 1456.991, prod: 0.000445, t_ads: 397.0, t_des: 1741.0, bed_util_ads: 0.190, bed_util_des: 0.177, frac_lost: 0.100, li_recovered:  0.952
L: 0.83, u_super: 0.00016, sec: 352.914, prod: 0.000177, t_ads: 1368.0, t_des: 1475.0, bed_util_ads: 0.229, bed_util_des: 0.222, frac_lost: 0.100, li_recovered:  0.502
L: 0.50, u_super: 0.00013, sec: 98.809, prod: 0.000368, t_ads: 1216.0, t_des: 2211.0, bed_util_ads: 0.208, bed_util_des: 0.190, frac_lost: 0.100, li_recovered:  1.261
L: 0.51, u_super: 0.00010, sec: 58.542, prod: 0.000367, t_ads: 1626.0, t_des: 3322.0, bed_util_ads: 0.187, bed_util_des: 0.161, frac_lost: 0.100, li_recovered:  1.814
L: 0.51, u_super: 0.00775, sec: 281622.844, prod: 0.000548, t_ads: 25.0, t_des: 90.0, bed_util_ads: 0.258, bed_util_des: 0.258, frac_lost: 0.112, li_recovered:  0.063
L: 0.50, u_super: 0.00029, sec: 432.668, prod: 0.000442, t_ads: 585.0, t_des: 2266.0, bed_util_ads: 0.188, bed_util_des: 0.170, frac_lost: 0.100, li_recovered:  1.259
L: 0.50, u_super: 0.00531, sec: 136990.250, prod: 0.000512, t_ads: 35.0, t_des: 105.0, bed_util_ads: 0.267, bed_util_des: 0.266, frac_lost: 0.107, li_recovered:  0.072
L: 0.50, u_super: 0.00005, sec: inf, prod: 0.000000, t_ads: 1629.0, t_des: 0.0, bed_util_ads: 0.244, bed_util_des: 0.244, frac_lost: 0.100, li_recovered:  0.000
L: 0.50, u_super: 0.00087, sec: 4766.711, prod: 0.000371, t_ads: 201.0, t_des: 1563.0, bed_util_ads: 0.165, bed_util_des: 0.156, frac_lost: 0.101, li_recovered:  0.654
L: 0.50, u_super: 0.00626, sec: 203003.094, prod: 0.000487, t_ads: 30.0, t_des: 73.0, bed_util_ads: 0.291, bed_util_des: 0.290, frac_lost: 0.109, li_recovered:  0.050
L: 0.50, u_super: 0.00005, sec: 26.451, prod: 0.000253, t_ads: 2605.0, t_des: 3547.0, bed_util_ads: 0.181, bed_util_des: 0.159, frac_lost: 0.100, li_recovered:  1.556
L: 0.52, u_super: 0.00821, sec: 318960.562, prod: 0.000546, t_ads: 24.0, t_des: 87.0, bed_util_ads: 0.258, bed_util_des: 0.257, frac_lost: 0.111, li_recovered:  0.061
L: 0.52, u_super: 0.00614, sec: 185304.234, prod: 0.000513, t_ads: 31.0, t_des: 100.0, bed_util_ads: 0.262, bed_util_des: 0.261, frac_lost: 0.105, li_recovered:  0.067
L: 0.55, u_super: 0.00392, sec: 74226.156, prod: 0.000506, t_ads: 51.0, t_des: 164.0, bed_util_ads: 0.254, bed_util_des: 0.253, frac_lost: 0.105, li_recovered:  0.109
L: 0.50, u_super: 0.00201, sec: 19492.477, prod: 0.000493, t_ads: 88.0, t_des: 290.0, bed_util_ads: 0.243, bed_util_des: 0.241, frac_lost: 0.103, li_recovered:  0.186
L: 0.52, u_super: 0.00350, sec: 60555.461, prod: 0.000492, t_ads: 53.0, t_des: 158.0, bed_util_ads: 0.260, bed_util_des: 0.258, frac_lost: 0.104, li_recovered:  0.104
L: 0.50, u_super: 0.00032, sec: 725.086, prod: 0.000320, t_ads: 498.0, t_des: 795.0, bed_util_ads: 0.262, bed_util_des: 0.256, frac_lost: 0.100, li_recovered:  0.414
L: 0.50, u_super: 0.00123, sec: 13978.242, prod: 0.000257, t_ads: 143.0, t_des: 2083.0, bed_util_ads: 0.132, bed_util_des: 0.124, frac_lost: 0.101, li_recovered:  0.572
L: 0.51, u_super: 0.00489, sec: 120254.938, prod: 0.000493, t_ads: 38.0, t_des: 102.0, bed_util_ads: 0.276, bed_util_des: 0.275, frac_lost: 0.107, li_recovered:  0.069
L: 0.73, u_super: 0.00058, sec: 2872.988, prod: 0.000271, t_ads: 438.0, t_des: 4956.0, bed_util_ads: 0.130, bed_util_des: 0.110, frac_lost: 0.100, li_recovered:  1.463
L: 0.50, u_super: 0.00017, sec: 162.316, prod: 0.000426, t_ads: 948.0, t_des: 2863.0, bed_util_ads: 0.187, bed_util_des: 0.164, frac_lost: 0.100, li_recovered:  1.622
L: 0.52, u_super: 0.00054, sec: 1606.038, prod: 0.000427, t_ads: 325.0, t_des: 1714.0, bed_util_ads: 0.182, bed_util_des: 0.170, frac_lost: 0.100, li_recovered:  0.871
L: 0.50, u_super: 0.00531, sec: 135933.547, prod: 0.000516, t_ads: 35.0, t_des: 109.0, bed_util_ads: 0.264, bed_util_des: 0.263, frac_lost: 0.107, li_recovered:  0.074
L: 0.63, u_super: 0.00408, sec: 84288.508, prod: 0.000484, t_ads: 55.0, t_des: 156.0, bed_util_ads: 0.263, bed_util_des: 0.261, frac_lost: 0.101, li_recovered:  0.102
L: 0.50, u_super: 0.00670, sec: 564667.625, prod: 0.000202, t_ads: 28.0, t_des: 682.0, bed_util_ads: 0.121, bed_util_des: 0.119, frac_lost: 0.107, li_recovered:  0.143
L: 0.50, u_super: 0.00626, sec: 215543.609, prod: 0.000459, t_ads: 30.0, t_des: 67.0, bed_util_ads: 0.299, bed_util_des: 0.298, frac_lost: 0.110, li_recovered:  0.044
L: 0.52, u_super: 0.00208, sec: 39695.273, prod: 0.000259, t_ads: 88.0, t_des: 1331.0, bed_util_ads: 0.135, bed_util_des: 0.130, frac_lost: 0.102, li_recovered:  0.368
L: 0.52, u_super: 0.00240, sec: 27848.102, prod: 0.000493, t_ads: 76.0, t_des: 268.0, bed_util_ads: 0.239, bed_util_des: 0.237, frac_lost: 0.103, li_recovered:  0.170
L: 0.59, u_super: 0.00011, sec: 295.904, prod: 0.000095, t_ads: 1387.0, t_des: 1195.0, bed_util_ads: 0.235, bed_util_des: 0.231, frac_lost: 0.100, li_recovered:  0.246
    38 |     1520 |     40 |  0.0035649581 |             f
L: 0.52, u_super: 0.00525, sec: 137124.594, prod: 0.000499, t_ads: 36.0, t_des: 159.0, bed_util_ads: 0.231, bed_util_des: 0.230, frac_lost: 0.105, li_recovered:  0.097
L: 0.50, u_super: 0.00644, sec: 199016.375, prod: 0.000527, t_ads: 29.0, t_des: 96.0, bed_util_ads: 0.262, bed_util_des: 0.261, frac_lost: 0.107, li_recovered:  0.066
L: 0.50, u_super: 0.00024, sec: 316.628, prod: 0.000433, t_ads: 664.0, t_des: 1505.0, bed_util_ads: 0.221, bed_util_des: 0.208, frac_lost: 0.100, li_recovered:  0.940
L: 0.51, u_super: 0.00009, sec: 50.910, prod: 0.000350, t_ads: 1758.0, t_des: 3313.0, bed_util_ads: 0.187, bed_util_des: 0.162, frac_lost: 0.100, li_recovered:  1.774
L: 0.50, u_super: 0.00490, sec: 119129.023, prod: 0.000499, t_ads: 37.0, t_des: 114.0, bed_util_ads: 0.262, bed_util_des: 0.261, frac_lost: 0.103, li_recovered:  0.075
L: 0.65, u_super: 0.00017, sec: 170.088, prod: 0.000406, t_ads: 1211.0, t_des: 3034.0, bed_util_ads: 0.188, bed_util_des: 0.164, frac_lost: 0.100, li_recovered:  1.724
L: 0.50, u_super: 0.00839, sec: 335532.031, prod: 0.000544, t_ads: 23.0, t_des: 77.0, bed_util_ads: 0.266, bed_util_des: 0.266, frac_lost: 0.113, li_recovered:  0.054
L: 0.50, u_super: 0.00874, sec: 367892.812, prod: 0.000541, t_ads: 22.0, t_des: 71.0, bed_util_ads: 0.270, bed_util_des: 0.270, frac_lost: 0.111, li_recovered:  0.050
L: 0.51, u_super: 0.00059, sec: 1726.741, prod: 0.000467, t_ads: 293.0, t_des: 784.0, bed_util_ads: 0.237, bed_util_des: 0.230, frac_lost: 0.101, li_recovered:  0.503
L: 0.50, u_super: 0.00622, sec: 186413.484, prod: 0.000522, t_ads: 30.0, t_des: 93.0, bed_util_ads: 0.267, bed_util_des: 0.266, frac_lost: 0.107, li_recovered:  0.064
L: 0.51, u_super: 0.00776, sec: 288426.875, prod: 0.000537, t_ads: 25.0, t_des: 87.0, bed_util_ads: 0.261, bed_util_des: 0.260, frac_lost: 0.111, li_recovered:  0.060
L: 0.50, u_super: 0.00006, sec: 27.593, prod: 0.000315, t_ads: 2516.0, t_des: 4717.0, bed_util_ads: 0.170, bed_util_des: 0.138, frac_lost: 0.100, li_recovered:  2.277
L: 0.50, u_super: 0.00817, sec: 325754.938, prod: 0.000530, t_ads: 23.0, t_des: 82.0, bed_util_ads: 0.258, bed_util_des: 0.258, frac_lost: 0.105, li_recovered:  0.056
L: 0.50, u_super: 0.00005, sec: 22.894, prod: 0.000305, t_ads: 2895.0, t_des: 6152.0, bed_util_ads: 0.159, bed_util_des: 0.121, frac_lost: 0.100, li_recovered:  2.762
L: 0.51, u_super: 0.00010, sec: 58.718, prod: 0.000365, t_ads: 1638.0, t_des: 3327.0, bed_util_ads: 0.187, bed_util_des: 0.161, frac_lost: 0.100, li_recovered:  1.814
L: 0.51, u_super: 0.00842, sec: 382140.688, prod: 0.000481, t_ads: 23.0, t_des: 142.0, bed_util_ads: 0.213, bed_util_des: 0.212, frac_lost: 0.110, li_recovered:  0.079
L: 0.50, u_super: 0.00554, sec: 169457.828, prod: 0.000453, t_ads: 33.0, t_des: 77.0, bed_util_ads: 0.290, bed_util_des: 0.290, frac_lost: 0.102, li_recovered:  0.050
L: 0.50, u_super: 0.00533, sec: 160120.469, prod: 0.000442, t_ads: 34.0, t_des: 78.0, bed_util_ads: 0.291, bed_util_des: 0.290, frac_lost: 0.101, li_recovered:  0.050
L: 0.50, u_super: 0.00531, sec: 135387.656, prod: 0.000518, t_ads: 35.0, t_des: 112.0, bed_util_ads: 0.261, bed_util_des: 0.260, frac_lost: 0.108, li_recovered:  0.076
L: 0.50, u_super: 0.00031, sec: 485.272, prod: 0.000446, t_ads: 552.0, t_des: 2103.0, bed_util_ads: 0.191, bed_util_des: 0.174, frac_lost: 0.100, li_recovered:  1.185
L: 0.50, u_super: 0.00005, sec: 22.974, prod: 0.000304, t_ads: 2825.0, t_des: 5456.0, bed_util_ads: 0.164, bed_util_des: 0.129, frac_lost: 0.100, li_recovered:  2.519
L: 0.51, u_super: 0.00568, sec: 154605.141, prod: 0.000523, t_ads: 33.0, t_des: 111.0, bed_util_ads: 0.258, bed_util_des: 0.257, frac_lost: 0.108, li_recovered:  0.075
L: 0.51, u_super: 0.00768, sec: 285314.219, prod: 0.000531, t_ads: 25.0, t_des: 88.0, bed_util_ads: 0.259, bed_util_des: 0.258, frac_lost: 0.108, li_recovered:  0.060
L: 0.50, u_super: 0.00217, sec: 22842.943, prod: 0.000491, t_ads: 81.0, t_des: 270.0, bed_util_ads: 0.243, bed_util_des: 0.241, frac_lost: 0.102, li_recovered:  0.173
L: 0.50, u_super: 0.00860, sec: 358419.875, prod: 0.000536, t_ads: 22.0, t_des: 80.0, bed_util_ads: 0.258, bed_util_des: 0.257, frac_lost: 0.106, li_recovered:  0.055
L: 0.50, u_super: 0.00125, sec: 7699.335, prod: 0.000474, t_ads: 139.0, t_des: 571.0, bed_util_ads: 0.217, bed_util_des: 0.212, frac_lost: 0.100, li_recovered:  0.337
L: 0.59, u_super: 0.00689, sec: 242566.281, prod: 0.000497, t_ads: 31.0, t_des: 96.0, bed_util_ads: 0.264, bed_util_des: 0.263, frac_lost: 0.101, li_recovered:  0.063
L: 0.50, u_super: 0.00017, sec: 150.033, prod: 0.000422, t_ads: 990.0, t_des: 2989.0, bed_util_ads: 0.185, bed_util_des: 0.162, frac_lost: 0.100, li_recovered:  1.679
L: 0.50, u_super: 0.00013, sec: 95.808, prod: 0.000393, t_ads: 1289.0, t_des: 4054.0, bed_util_ads: 0.173, bed_util_des: 0.143, frac_lost: 0.100, li_recovered:  2.101
L: 0.51, u_super: 0.00511, sec: 128373.641, prod: 0.000505, t_ads: 36.0, t_des: 116.0, bed_util_ads: 0.258, bed_util_des: 0.257, frac_lost: 0.103, li_recovered:  0.077
L: 0.52, u_super: 0.00355, sec: 68807.070, prod: 0.000447, t_ads: 52.0, t_des: 119.0, bed_util_ads: 0.285, bed_util_des: 0.284, frac_lost: 0.104, li_recovered:  0.076
L: 0.50, u_super: 0.00651, sec: 226970.281, prod: 0.000472, t_ads: 29.0, t_des: 179.0, bed_util_ads: 0.209, bed_util_des: 0.208, frac_lost: 0.110, li_recovered:  0.098
L: 0.50, u_super: 0.00030, sec: 761.424, prod: 0.000282, t_ads: 512.0, t_des: 763.0, bed_util_ads: 0.267, bed_util_des: 0.262, frac_lost: 0.100, li_recovered:  0.360
L: 0.68, u_super: 0.00397, sec: 78447.492, prod: 0.000492, t_ads: 60.0, t_des: 205.0, bed_util_ads: 0.245, bed_util_des: 0.243, frac_lost: 0.100, li_recovered:  0.130
L: 0.50, u_super: 0.00010, sec: inf, prod: 0.000000, t_ads: 1206.0, t_des: 0.0, bed_util_ads: 0.257, bed_util_des: 0.257, frac_lost: 0.100, li_recovered:  0.000
L: 0.50, u_super: 0.00659, sec: 211911.281, prod: 0.000518, t_ads: 28.0, t_des: 92.0, bed_util_ads: 0.262, bed_util_des: 0.261, frac_lost: 0.103, li_recovered:  0.062
L: 0.50, u_super: 0.00801, sec: 304154.906, prod: 0.000544, t_ads: 24.0, t_des: 87.0, bed_util_ads: 0.258, bed_util_des: 0.257, frac_lost: 0.112, li_recovered:  0.060
L: 0.50, u_super: 0.00710, sec: 332349.844, prod: 0.000387, t_ads: 26.0, t_des: 232.0, bed_util_ads: 0.181, bed_util_des: 0.180, frac_lost: 0.101, li_recovered:  0.100
L: 0.50, u_super: 0.00019, sec: 232.180, prod: 0.000359, t_ads: 813.0, t_des: 1391.0, bed_util_ads: 0.233, bed_util_des: 0.222, frac_lost: 0.100, li_recovered:  0.792
L: 0.51, u_super: 0.00360, sec: 410235.688, prod: 0.000077, t_ads: 50.0, t_des: 64.0, bed_util_ads: 0.344, bed_util_des: 0.344, frac_lost: 0.104, li_recovered:  0.009
    39 |     1560 |     40 |  0.0024678947 |             f
L: 0.50, u_super: 0.00013, sec: 2434.365, prod: 0.000015, t_ads: 1054.0, t_des: 798.0, bed_util_ads: 0.258, bed_util_des: 0.257, frac_lost: 0.100, li_recovered:  0.028
L: 0.50, u_super: 0.00805, sec: 330863.906, prod: 0.000505, t_ads: 23.0, t_des: 90.0, bed_util_ads: 0.248, bed_util_des: 0.247, frac_lost: 0.100, li_recovered:  0.057
L: 0.50, u_super: 0.00064, sec: 2379.049, prod: 0.000397, t_ads: 261.0, t_des: 514.0, bed_util_ads: 0.267, bed_util_des: 0.262, frac_lost: 0.101, li_recovered:  0.308
L: 0.83, u_super: 0.00847, sec: 642411.375, prod: 0.000290, t_ads: 36.0, t_des: 507.0, bed_util_ads: 0.148, bed_util_des: 0.146, frac_lost: 0.105, li_recovered:  0.157
L: 0.50, u_super: 0.00107, sec: 5802.458, prod: 0.000462, t_ads: 163.0, t_des: 756.0, bed_util_ads: 0.205, bed_util_des: 0.199, frac_lost: 0.101, li_recovered:  0.425
L: 0.64, u_super: 0.00604, sec: 189421.172, prod: 0.000484, t_ads: 38.0, t_des: 109.0, bed_util_ads: 0.267, bed_util_des: 0.266, frac_lost: 0.101, li_recovered:  0.071
L: 0.50, u_super: 0.00026, sec: 384.522, prod: 0.000414, t_ads: 645.0, t_des: 2941.0, bed_util_ads: 0.174, bed_util_des: 0.153, frac_lost: 0.100, li_recovered:  1.486
L: 0.50, u_super: 0.00765, sec: 275652.906, prod: 0.000545, t_ads: 25.0, t_des: 85.0, bed_util_ads: 0.263, bed_util_des: 0.262, frac_lost: 0.110, li_recovered:  0.060
L: 0.51, u_super: 0.00046, sec: 1150.158, prod: 0.000429, t_ads: 363.0, t_des: 785.0, bed_util_ads: 0.248, bed_util_des: 0.241, frac_lost: 0.100, li_recovered:  0.492
L: 0.51, u_super: 0.00151, sec: 14578.711, prod: 0.000368, t_ads: 118.0, t_des: 990.0, bed_util_ads: 0.168, bed_util_des: 0.162, frac_lost: 0.102, li_recovered:  0.408
L: 0.50, u_super: 0.00005, sec: 20.639, prod: 0.000281, t_ads: 2970.0, t_des: 4868.0, bed_util_ads: 0.168, bed_util_des: 0.137, frac_lost: 0.100, li_recovered:  2.206
L: 0.50, u_super: 0.00626, sec: 186482.109, prod: 0.000530, t_ads: 30.0, t_des: 95.0, bed_util_ads: 0.266, bed_util_des: 0.265, frac_lost: 0.109, li_recovered:  0.066
L: 0.50, u_super: 0.00836, sec: 544080.250, prod: 0.000333, t_ads: 23.0, t_des: 290.0, bed_util_ads: 0.162, bed_util_des: 0.160, frac_lost: 0.111, li_recovered:  0.104
L: 0.51, u_super: 0.00024, sec: 427.711, prod: 0.000314, t_ads: 656.0, t_des: 1017.0, bed_util_ads: 0.252, bed_util_des: 0.244, frac_lost: 0.100, li_recovered:  0.525
L: 0.50, u_super: 0.00023, sec: 272.756, prod: 0.000445, t_ads: 722.0, t_des: 2208.0, bed_util_ads: 0.197, bed_util_des: 0.178, frac_lost: 0.100, li_recovered:  1.305
L: 0.50, u_super: 0.00653, sec: 218578.281, prod: 0.000493, t_ads: 28.0, t_des: 128.0, bed_util_ads: 0.231, bed_util_des: 0.230, frac_lost: 0.100, li_recovered:  0.077
L: 0.51, u_super: 0.00020, sec: 215.073, prod: 0.000429, t_ads: 838.0, t_des: 2825.0, bed_util_ads: 0.185, bed_util_des: 0.163, frac_lost: 0.100, li_recovered:  1.571
L: 0.80, u_super: 0.00588, sec: 236716.203, prod: 0.000366, t_ads: 49.0, t_des: 453.0, bed_util_ads: 0.171, bed_util_des: 0.169, frac_lost: 0.104, li_recovered:  0.184
L: 0.51, u_super: 0.00056, sec: 2658.506, prod: 0.000279, t_ads: 312.0, t_des: 3637.0, bed_util_ads: 0.134, bed_util_des: 0.119, frac_lost: 0.100, li_recovered:  1.102
L: 0.50, u_super: 0.00625, sec: 251380.156, prod: 0.000392, t_ads: 30.0, t_des: 272.0, bed_util_ads: 0.180, bed_util_des: 0.178, frac_lost: 0.108, li_recovered:  0.118
L: 0.52, u_super: 0.00017, sec: 373.129, prod: 0.000170, t_ads: 898.0, t_des: 1027.0, bed_util_ads: 0.254, bed_util_des: 0.250, frac_lost: 0.100, li_recovered:  0.327
L: 0.50, u_super: 0.00032, sec: 661.538, prod: 0.000370, t_ads: 531.0, t_des: 3381.0, bed_util_ads: 0.158, bed_util_des: 0.138, frac_lost: 0.100, li_recovered:  1.449
L: 0.52, u_super: 0.00017, sec: 165.318, prod: 0.000423, t_ads: 972.0, t_des: 2981.0, bed_util_ads: 0.185, bed_util_des: 0.162, frac_lost: 0.100, li_recovered:  1.670
L: 0.50, u_super: 0.00011, sec: 70.748, prod: 0.000386, t_ads: 1455.0, t_des: 3340.0, bed_util_ads: 0.185, bed_util_des: 0.159, frac_lost: 0.100, li_recovered:  1.850
L: 0.51, u_super: 0.00534, sec: 136876.875, prod: 0.000520, t_ads: 35.0, t_des: 115.0, bed_util_ads: 0.259, bed_util_des: 0.258, frac_lost: 0.108, li_recovered:  0.078
L: 0.51, u_super: 0.00384, sec: 77467.867, prod: 0.000465, t_ads: 47.0, t_des: 239.0, bed_util_ads: 0.214, bed_util_des: 0.213, frac_lost: 0.100, li_recovered:  0.133
L: 0.52, u_super: 0.00008, sec: 853.743, prod: 0.000019, t_ads: 1520.0, t_des: 965.0, bed_util_ads: 0.233, bed_util_des: 0.232, frac_lost: 0.100, li_recovered:  0.047
L: 0.52, u_super: 0.00014, sec: 113.790, prod: 0.000409, t_ads: 1173.0, t_des: 3167.0, bed_util_ads: 0.185, bed_util_des: 0.160, frac_lost: 0.100, li_recovered:  1.776
L: 0.52, u_super: 0.00247, sec: 29378.066, prod: 0.000498, t_ads: 74.0, t_des: 260.0, bed_util_ads: 0.241, bed_util_des: 0.238, frac_lost: 0.103, li_recovered:  0.166
L: 0.50, u_super: 0.00011, sec: inf, prod: 0.000000, t_ads: 1148.0, t_des: 0.0, bed_util_ads: 0.259, bed_util_des: 0.259, frac_lost: 0.100, li_recovered:  0.000
L: 0.50, u_super: 0.00409, sec: 88263.523, prod: 0.000465, t_ads: 44.0, t_des: 233.0, bed_util_ads: 0.213, bed_util_des: 0.211, frac_lost: 0.101, li_recovered:  0.129
L: 0.62, u_super: 0.00839, sec: 344491.500, prod: 0.000529, t_ads: 28.0, t_des: 97.0, bed_util_ads: 0.258, bed_util_des: 0.257, frac_lost: 0.109, li_recovered:  0.066
L: 0.50, u_super: 0.00708, sec: 253668.297, prod: 0.000503, t_ads: 26.0, t_des: 93.0, bed_util_ads: 0.253, bed_util_des: 0.252, frac_lost: 0.100, li_recovered:  0.060
L: 0.50, u_super: 0.00009, sec: 71.084, prod: 0.000251, t_ads: 1602.0, t_des: 2072.0, bed_util_ads: 0.212, bed_util_des: 0.199, frac_lost: 0.100, li_recovered:  0.921
L: 0.82, u_super: 0.00015, sec: inf, prod: 0.000000, t_ads: 1284.0, t_des: 0.0, bed_util_ads: 0.256, bed_util_des: 0.256, frac_lost: 0.100, li_recovered:  0.000
L: 0.50, u_super: 0.00918, sec: 401940.906, prod: 0.000548, t_ads: 21.0, t_des: 72.0, bed_util_ads: 0.266, bed_util_des: 0.265, frac_lost: 0.110, li_recovered:  0.051
L: 0.50, u_super: 0.00665, sec: 247197.562, prod: 0.000453, t_ads: 28.0, t_des: 64.0, bed_util_ads: 0.297, bed_util_des: 0.296, frac_lost: 0.106, li_recovered:  0.042
L: 0.50, u_super: 0.00533, sec: 203583.234, prod: 0.000348, t_ads: 35.0, t_des: 378.0, bed_util_ads: 0.166, bed_util_des: 0.164, frac_lost: 0.107, li_recovered:  0.144
L: 0.64, u_super: 0.00011, sec: 80.889, prod: 0.000359, t_ads: 1783.0, t_des: 3702.0, bed_util_ads: 0.181, bed_util_des: 0.154, frac_lost: 0.100, li_recovered:  1.971
L: 0.52, u_super: 0.00402, sec: 79680.266, prod: 0.000498, t_ads: 46.0, t_des: 169.0, bed_util_ads: 0.243, bed_util_des: 0.241, frac_lost: 0.103, li_recovered:  0.107
    40 |     1600 |     40 |  0.0025392074 |             f
L: 0.59, u_super: 0.00542, sec: 272114.625, prod: 0.000269, t_ads: 40.0, t_des: 626.0, bed_util_ads: 0.141, bed_util_des: 0.138, frac_lost: 0.105, li_recovered:  0.179
L: 0.51, u_super: 0.00053, sec: 1614.596, prod: 0.000398, t_ads: 331.0, t_des: 2056.0, bed_util_ads: 0.171, bed_util_des: 0.158, frac_lost: 0.101, li_recovered:  0.951
L: 0.50, u_super: 0.00016, sec: 146.108, prod: 0.000422, t_ads: 999.0, t_des: 2918.0, bed_util_ads: 0.187, bed_util_des: 0.164, frac_lost: 0.100, li_recovered:  1.653
L: 0.50, u_super: 0.00024, sec: 352.564, prod: 0.000370, t_ads: 659.0, t_des: 1160.0, bed_util_ads: 0.241, bed_util_des: 0.232, frac_lost: 0.100, li_recovered:  0.672
L: 0.51, u_super: 0.00060, sec: 2049.019, prod: 0.000408, t_ads: 293.0, t_des: 1769.0, bed_util_ads: 0.175, bed_util_des: 0.164, frac_lost: 0.101, li_recovered:  0.841
L: 0.50, u_super: 0.00702, sec: 233235.156, prod: 0.000539, t_ads: 27.0, t_des: 95.0, bed_util_ads: 0.258, bed_util_des: 0.257, frac_lost: 0.111, li_recovered:  0.066
L: 0.54, u_super: 0.00697, sec: 239145.797, prod: 0.000516, t_ads: 29.0, t_des: 95.0, bed_util_ads: 0.262, bed_util_des: 0.261, frac_lost: 0.107, li_recovered:  0.064
L: 0.51, u_super: 0.00493, sec: 115419.078, prod: 0.000521, t_ads: 38.0, t_des: 137.0, bed_util_ads: 0.249, bed_util_des: 0.248, frac_lost: 0.107, li_recovered:  0.091
L: 0.50, u_super: 0.00129, sec: 15959.466, prod: 0.000244, t_ads: 137.0, t_des: 2145.0, bed_util_ads: 0.129, bed_util_des: 0.121, frac_lost: 0.100, li_recovered:  0.557
L: 0.51, u_super: 0.00662, sec: 212527.328, prod: 0.000523, t_ads: 29.0, t_des: 108.0, bed_util_ads: 0.250, bed_util_des: 0.249, frac_lost: 0.107, li_recovered:  0.072
L: 0.50, u_super: 0.00531, sec: 294840.969, prod: 0.000238, t_ads: 35.0, t_des: 667.0, bed_util_ads: 0.132, bed_util_des: 0.129, frac_lost: 0.107, li_recovered:  0.167
L: 0.50, u_super: 0.00374, sec: 68005.461, prod: 0.000501, t_ads: 48.0, t_des: 172.0, bed_util_ads: 0.244, bed_util_des: 0.243, frac_lost: 0.102, li_recovered:  0.110
L: 0.50, u_super: 0.00848, sec: 364942.969, prod: 0.000512, t_ads: 22.0, t_des: 78.0, bed_util_ads: 0.258, bed_util_des: 0.257, frac_lost: 0.102, li_recovered:  0.051
L: 0.51, u_super: 0.00110, sec: 8217.259, prod: 0.000348, t_ads: 158.0, t_des: 284.0, bed_util_ads: 0.288, bed_util_des: 0.286, frac_lost: 0.101, li_recovered:  0.154
L: 0.51, u_super: 0.00392, sec: 73852.062, prod: 0.000508, t_ads: 47.0, t_des: 179.0, bed_util_ads: 0.240, bed_util_des: 0.239, frac_lost: 0.105, li_recovered:  0.115
L: 0.51, u_super: 0.00075, sec: 2775.816, prod: 0.000477, t_ads: 233.0, t_des: 829.0, bed_util_ads: 0.219, bed_util_des: 0.212, frac_lost: 0.100, li_recovered:  0.507
L: 0.50, u_super: 0.00858, sec: 363465.281, prod: 0.000527, t_ads: 22.0, t_des: 75.0, bed_util_ads: 0.263, bed_util_des: 0.263, frac_lost: 0.105, li_recovered:  0.051
L: 0.51, u_super: 0.00722, sec: 256667.891, prod: 0.000519, t_ads: 26.0, t_des: 85.0, bed_util_ads: 0.263, bed_util_des: 0.263, frac_lost: 0.104, li_recovered:  0.058
L: 0.51, u_super: 0.00691, sec: 382478.906, prod: 0.000317, t_ads: 28.0, t_des: 368.0, bed_util_ads: 0.156, bed_util_des: 0.155, frac_lost: 0.110, li_recovered:  0.126
L: 0.50, u_super: 0.00011, sec: inf, prod: 0.000000, t_ads: 1115.0, t_des: 0.0, bed_util_ads: 0.271, bed_util_des: 0.271, frac_lost: 0.100, li_recovered:  0.000
L: 0.50, u_super: 0.00809, sec: 327605.938, prod: 0.000515, t_ads: 23.0, t_des: 78.0, bed_util_ads: 0.262, bed_util_des: 0.261, frac_lost: 0.102, li_recovered:  0.052
L: 0.64, u_super: 0.00013, sec: 97.593, prod: 0.000376, t_ads: 1623.0, t_des: 3857.0, bed_util_ads: 0.179, bed_util_des: 0.150, frac_lost: 0.100, li_recovered:  2.060
L: 0.52, u_super: 0.00277, sec: 53325.305, prod: 0.000347, t_ads: 66.0, t_des: 635.0, bed_util_ads: 0.165, bed_util_des: 0.161, frac_lost: 0.100, li_recovered:  0.243
L: 0.52, u_super: 0.00066, sec: 2514.082, prod: 0.000400, t_ads: 271.0, t_des: 1737.0, bed_util_ads: 0.173, bed_util_des: 0.162, frac_lost: 0.101, li_recovered:  0.802
L: 0.51, u_super: 0.00833, sec: 339553.000, prod: 0.000529, t_ads: 23.0, t_des: 78.0, bed_util_ads: 0.263, bed_util_des: 0.263, frac_lost: 0.107, li_recovered:  0.053
L: 0.50, u_super: 0.00619, sec: 186351.156, prod: 0.000517, t_ads: 30.0, t_des: 110.0, bed_util_ads: 0.251, bed_util_des: 0.250, frac_lost: 0.106, li_recovered:  0.072
L: 0.50, u_super: 0.00489, sec: 117387.789, prod: 0.000505, t_ads: 37.0, t_des: 118.0, bed_util_ads: 0.259, bed_util_des: 0.258, frac_lost: 0.102, li_recovered:  0.078
L: 0.51, u_super: 0.00006, sec: inf, prod: 0.000000, t_ads: 1921.0, t_des: 0.0, bed_util_ads: 0.223, bed_util_des: 0.223, frac_lost: 0.100, li_recovered:  0.000
L: 0.50, u_super: 0.00357, sec: 64367.402, prod: 0.000481, t_ads: 50.0, t_des: 138.0, bed_util_ads: 0.267, bed_util_des: 0.266, frac_lost: 0.101, li_recovered:  0.090
L: 0.50, u_super: 0.00005, sec: inf, prod: 0.000000, t_ads: 1715.0, t_des: 0.0, bed_util_ads: 0.238, bed_util_des: 0.238, frac_lost: 0.100, li_recovered:  0.000
L: 0.52, u_super: 0.00014, sec: 117.123, prod: 0.000398, t_ads: 1198.0, t_des: 3928.0, bed_util_ads: 0.173, bed_util_des: 0.144, frac_lost: 0.100, li_recovered:  2.038
L: 0.50, u_super: 0.00010, sec: 61.948, prod: 0.000374, t_ads: 1559.0, t_des: 3313.0, bed_util_ads: 0.186, bed_util_des: 0.161, frac_lost: 0.100, li_recovered:  1.822
L: 0.50, u_super: 0.00664, sec: 212472.172, prod: 0.000526, t_ads: 28.0, t_des: 93.0, bed_util_ads: 0.261, bed_util_des: 0.261, frac_lost: 0.105, li_recovered:  0.064
L: 0.51, u_super: 0.00012, sec: 85.857, prod: 0.000395, t_ads: 1321.0, t_des: 3054.0, bed_util_ads: 0.189, bed_util_des: 0.165, frac_lost: 0.100, li_recovered:  1.728
L: 0.51, u_super: 0.00356, sec: 61519.367, prod: 0.000502, t_ads: 52.0, t_des: 175.0, bed_util_ads: 0.249, bed_util_des: 0.248, frac_lost: 0.105, li_recovered:  0.114
L: 0.50, u_super: 0.00849, sec: 355597.125, prod: 0.000527, t_ads: 22.0, t_des: 79.0, bed_util_ads: 0.258, bed_util_des: 0.257, frac_lost: 0.102, li_recovered:  0.053
L: 0.50, u_super: 0.00027, sec: 371.179, prod: 0.000452, t_ads: 611.0, t_des: 1620.0, bed_util_ads: 0.213, bed_util_des: 0.199, frac_lost: 0.100, li_recovered:  1.008
L: 0.50, u_super: 0.00058, sec: 2316.342, prod: 0.000334, t_ads: 285.0, t_des: 485.0, bed_util_ads: 0.277, bed_util_des: 0.274, frac_lost: 0.100, li_recovered:  0.257
L: 0.85, u_super: 0.00175, sec: 17424.469, prod: 0.000416, t_ads: 168.0, t_des: 1048.0, bed_util_ads: 0.183, bed_util_des: 0.176, frac_lost: 0.101, li_recovered:  0.506
L: 0.52, u_super: 0.00014, sec: 206.552, prod: 0.000228, t_ads: 1034.0, t_des: 1305.0, bed_util_ads: 0.240, bed_util_des: 0.233, frac_lost: 0.100, li_recovered:  0.534
    41 |     1640 |     40 |  0.0017402703 |             f
L: 0.51, u_super: 0.00357, sec: 61507.062, prod: 0.000504, t_ads: 52.0, t_des: 175.0, bed_util_ads: 0.250, bed_util_des: 0.248, frac_lost: 0.105, li_recovered:  0.114
L: 0.50, u_super: 0.00836, sec: 333034.938, prod: 0.000544, t_ads: 23.0, t_des: 86.0, bed_util_ads: 0.256, bed_util_des: 0.255, frac_lost: 0.112, li_recovered:  0.059
L: 0.50, u_super: 0.00168, sec: 15765.837, prod: 0.000423, t_ads: 103.0, t_des: 228.0, bed_util_ads: 0.276, bed_util_des: 0.274, frac_lost: 0.101, li_recovered:  0.140
L: 0.50, u_super: 0.00227, sec: 25717.918, prod: 0.000479, t_ads: 77.0, t_des: 233.0, bed_util_ads: 0.251, bed_util_des: 0.249, frac_lost: 0.100, li_recovered:  0.149
L: 0.50, u_super: 0.00533, sec: 134407.500, prod: 0.000527, t_ads: 35.0, t_des: 119.0, bed_util_ads: 0.256, bed_util_des: 0.255, frac_lost: 0.108, li_recovered:  0.081
L: 0.50, u_super: 0.00014, sec: 804.722, prod: 0.000057, t_ads: 966.0, t_des: 853.0, bed_util_ads: 0.260, bed_util_des: 0.259, frac_lost: 0.100, li_recovered:  0.105
L: 0.50, u_super: 0.00531, sec: 140482.141, prod: 0.000500, t_ads: 34.0, t_des: 109.0, bed_util_ads: 0.259, bed_util_des: 0.258, frac_lost: 0.100, li_recovered:  0.071
L: 0.62, u_super: 0.00787, sec: 314948.438, prod: 0.000507, t_ads: 29.0, t_des: 97.0, bed_util_ads: 0.258, bed_util_des: 0.257, frac_lost: 0.103, li_recovered:  0.064
L: 0.51, u_super: 0.00008, sec: inf, prod: 0.000000, t_ads: 1378.0, t_des: 0.0, bed_util_ads: 0.253, bed_util_des: 0.253, frac_lost: 0.100, li_recovered:  0.000
L: 0.50, u_super: 0.00014, sec: 106.216, prod: 0.000409, t_ads: 1183.0, t_des: 3106.0, bed_util_ads: 0.187, bed_util_des: 0.162, frac_lost: 0.100, li_recovered:  1.753
L: 0.50, u_super: 0.00676, sec: 213805.594, prod: 0.000542, t_ads: 28.0, t_des: 98.0, bed_util_ads: 0.259, bed_util_des: 0.258, frac_lost: 0.111, li_recovered:  0.068
L: 0.50, u_super: 0.00310, sec: 58457.516, prod: 0.000398, t_ads: 58.0, t_des: 446.0, bed_util_ads: 0.182, bed_util_des: 0.179, frac_lost: 0.103, li_recovered:  0.201
L: 0.50, u_super: 0.00840, sec: 335873.562, prod: 0.000545, t_ads: 23.0, t_des: 96.0, bed_util_ads: 0.247, bed_util_des: 0.246, frac_lost: 0.113, li_recovered:  0.065
L: 0.51, u_super: 0.00530, sec: 136483.078, prod: 0.000513, t_ads: 35.0, t_des: 114.0, bed_util_ads: 0.259, bed_util_des: 0.258, frac_lost: 0.105, li_recovered:  0.076
L: 0.52, u_super: 0.00247, sec: 30465.986, prod: 0.000481, t_ads: 74.0, t_des: 338.0, bed_util_ads: 0.219, bed_util_des: 0.216, frac_lost: 0.103, li_recovered:  0.198
L: 0.50, u_super: 0.00013, sec: 91.349, prod: 0.000402, t_ads: 1272.0, t_des: 3201.0, bed_util_ads: 0.186, bed_util_des: 0.161, frac_lost: 0.100, li_recovered:  1.797
L: 0.50, u_super: 0.00016, sec: 167.047, prod: 0.000369, t_ads: 939.0, t_des: 1662.0, bed_util_ads: 0.223, bed_util_des: 0.210, frac_lost: 0.100, li_recovered:  0.960
L: 0.50, u_super: 0.00036, sec: 831.041, prod: 0.000369, t_ads: 473.0, t_des: 3143.0, bed_util_ads: 0.159, bed_util_des: 0.140, frac_lost: 0.100, li_recovered:  1.334
L: 0.50, u_super: 0.00005, sec: 41.650, prod: 0.000140, t_ads: 2474.0, t_des: 2151.0, bed_util_ads: 0.194, bed_util_des: 0.185, frac_lost: 0.100, li_recovered:  0.647
L: 0.50, u_super: 0.00407, sec: 104868.859, prod: 0.000386, t_ads: 45.0, t_des: 383.0, bed_util_ads: 0.178, bed_util_des: 0.176, frac_lost: 0.105, li_recovered:  0.165
L: 0.50, u_super: 0.00839, sec: 365394.375, prod: 0.000499, t_ads: 23.0, t_des: 54.0, bed_util_ads: 0.302, bed_util_des: 0.301, frac_lost: 0.113, li_recovered:  0.038
L: 0.54, u_super: 0.00659, sec: 217431.016, prod: 0.000507, t_ads: 30.0, t_des: 134.0, bed_util_ads: 0.233, bed_util_des: 0.232, frac_lost: 0.105, li_recovered:  0.083
L: 0.79, u_super: 0.00760, sec: 331196.125, prod: 0.000448, t_ads: 38.0, t_des: 243.0, bed_util_ads: 0.201, bed_util_des: 0.200, frac_lost: 0.106, li_recovered:  0.126
L: 0.50, u_super: 0.00626, sec: 184956.172, prod: 0.000534, t_ads: 30.0, t_des: 103.0, bed_util_ads: 0.258, bed_util_des: 0.257, frac_lost: 0.109, li_recovered:  0.071
L: 0.51, u_super: 0.00712, sec: 453884.812, prod: 0.000285, t_ads: 27.0, t_des: 421.0, bed_util_ads: 0.146, bed_util_des: 0.145, frac_lost: 0.110, li_recovered:  0.128
L: 0.50, u_super: 0.00017, sec: 166.891, prod: 0.000423, t_ads: 941.0, t_des: 2984.0, bed_util_ads: 0.184, bed_util_des: 0.161, frac_lost: 0.100, li_recovered:  1.662
L: 0.50, u_super: 0.00397, sec: 78350.969, prod: 0.000491, t_ads: 45.0, t_des: 161.0, bed_util_ads: 0.244, bed_util_des: 0.243, frac_lost: 0.100, li_recovered:  0.101
L: 0.51, u_super: 0.00710, sec: 375371.781, prod: 0.000342, t_ads: 27.0, t_des: 317.0, bed_util_ads: 0.164, bed_util_des: 0.162, frac_lost: 0.110, li_recovered:  0.118
L: 0.51, u_super: 0.00007, sec: 31.960, prod: 0.000326, t_ads: 2373.0, t_des: 4719.0, bed_util_ads: 0.170, bed_util_des: 0.138, frac_lost: 0.100, li_recovered:  2.312
L: 0.51, u_super: 0.00494, sec: 122656.797, prod: 0.000493, t_ads: 37.0, t_des: 157.0, bed_util_ads: 0.233, bed_util_des: 0.232, frac_lost: 0.100, li_recovered:  0.096
L: 0.59, u_super: 0.00032, sec: 689.589, prod: 0.000355, t_ads: 572.0, t_des: 978.0, bed_util_ads: 0.250, bed_util_des: 0.242, frac_lost: 0.100, li_recovered:  0.551
L: 0.51, u_super: 0.00709, sec: 235998.500, prod: 0.000542, t_ads: 27.0, t_des: 90.0, bed_util_ads: 0.264, bed_util_des: 0.263, frac_lost: 0.110, li_recovered:  0.063
L: 0.50, u_super: 0.00492, sec: 119640.297, prod: 0.000502, t_ads: 37.0, t_des: 118.0, bed_util_ads: 0.259, bed_util_des: 0.257, frac_lost: 0.102, li_recovered:  0.078
L: 0.51, u_super: 0.00765, sec: 284288.062, prod: 0.000528, t_ads: 25.0, t_des: 85.0, bed_util_ads: 0.261, bed_util_des: 0.261, frac_lost: 0.106, li_recovered:  0.058
L: 0.50, u_super: 0.00626, sec: 190459.906, prod: 0.000519, t_ads: 30.0, t_des: 93.0, bed_util_ads: 0.267, bed_util_des: 0.266, frac_lost: 0.109, li_recovered:  0.064
L: 0.60, u_super: 0.00836, sec: 347991.281, prod: 0.000521, t_ads: 27.0, t_des: 88.0, bed_util_ads: 0.264, bed_util_des: 0.263, frac_lost: 0.107, li_recovered:  0.060
L: 0.50, u_super: 0.00818, sec: 342511.438, prod: 0.000505, t_ads: 23.0, t_des: 69.0, bed_util_ads: 0.273, bed_util_des: 0.273, frac_lost: 0.104, li_recovered:  0.046
L: 0.51, u_super: 0.00009, sec: 53.117, prod: 0.000359, t_ads: 1721.0, t_des: 3430.0, bed_util_ads: 0.185, bed_util_des: 0.159, frac_lost: 0.100, li_recovered:  1.849
L: 0.51, u_super: 0.00510, sec: 126093.406, prod: 0.000511, t_ads: 37.0, t_des: 119.0, bed_util_ads: 0.259, bed_util_des: 0.258, frac_lost: 0.106, li_recovered:  0.080
L: 0.51, u_super: 0.00019, sec: 603.408, prod: 0.000138, t_ads: 778.0, t_des: 859.0, bed_util_ads: 0.265, bed_util_des: 0.262, frac_lost: 0.100, li_recovered:  0.226
    42 |     1680 |     40 |  0.0044134877 |             f
L: 0.50, u_super: 0.00398, sec: 78478.531, prod: 0.000495, t_ads: 45.0, t_des: 162.0, bed_util_ads: 0.244, bed_util_des: 0.243, frac_lost: 0.100, li_recovered:  0.102
L: 0.51, u_super: 0.00708, sec: 235858.000, prod: 0.000542, t_ads: 27.0, t_des: 90.0, bed_util_ads: 0.264, bed_util_des: 0.263, frac_lost: 0.110, li_recovered:  0.063
L: 0.50, u_super: 0.00684, sec: 229673.781, prod: 0.000518, t_ads: 27.0, t_des: 93.0, bed_util_ads: 0.258, bed_util_des: 0.257, frac_lost: 0.103, li_recovered:  0.062
L: 0.50, u_super: 0.00760, sec: 304126.062, prod: 0.000488, t_ads: 25.0, t_des: 145.0, bed_util_ads: 0.216, bed_util_des: 0.215, frac_lost: 0.109, li_recovered:  0.083
L: 0.50, u_super: 0.00561, sec: 227318.109, prod: 0.000346, t_ads: 33.0, t_des: 351.0, bed_util_ads: 0.167, bed_util_des: 0.165, frac_lost: 0.104, li_recovered:  0.133
L: 0.50, u_super: 0.00012, sec: 303.507, prod: 0.000113, t_ads: 1118.0, t_des: 1076.0, bed_util_ads: 0.247, bed_util_des: 0.244, frac_lost: 0.100, li_recovered:  0.247
L: 0.50, u_super: 0.00839, sec: 327558.969, prod: 0.000557, t_ads: 23.0, t_des: 85.0, bed_util_ads: 0.258, bed_util_des: 0.257, frac_lost: 0.113, li_recovered:  0.060
L: 0.50, u_super: 0.00837, sec: 333410.125, prod: 0.000545, t_ads: 23.0, t_des: 70.0, bed_util_ads: 0.276, bed_util_des: 0.275, frac_lost: 0.112, li_recovered:  0.051
L: 0.51, u_super: 0.00495, sec: 121369.562, prod: 0.000500, t_ads: 37.0, t_des: 131.0, bed_util_ads: 0.249, bed_util_des: 0.247, frac_lost: 0.101, li_recovered:  0.084
L: 0.50, u_super: 0.00704, sec: 233580.547, prod: 0.000541, t_ads: 27.0, t_des: 95.0, bed_util_ads: 0.258, bed_util_des: 0.257, frac_lost: 0.109, li_recovered:  0.066
L: 0.74, u_super: 0.00260, sec: 35296.207, prod: 0.000460, t_ads: 99.0, t_des: 253.0, bed_util_ads: 0.263, bed_util_des: 0.261, frac_lost: 0.101, li_recovered:  0.162
L: 0.51, u_super: 0.00494, sec: 120696.492, prod: 0.000500, t_ads: 38.0, t_des: 166.0, bed_util_ads: 0.232, bed_util_des: 0.230, frac_lost: 0.104, li_recovered:  0.102
L: 0.50, u_super: 0.00839, sec: 334380.250, prod: 0.000545, t_ads: 23.0, t_des: 85.0, bed_util_ads: 0.257, bed_util_des: 0.257, frac_lost: 0.113, li_recovered:  0.059
L: 0.52, u_super: 0.00408, sec: 83022.109, prod: 0.000492, t_ads: 45.0, t_des: 161.0, bed_util_ads: 0.244, bed_util_des: 0.243, frac_lost: 0.100, li_recovered:  0.101
L: 0.72, u_super: 0.00009, sec: 126.551, prod: 0.000141, t_ads: 2087.0, t_des: 1876.0, bed_util_ads: 0.205, bed_util_des: 0.197, frac_lost: 0.100, li_recovered:  0.558
L: 0.50, u_super: 0.00836, sec: 351843.344, prod: 0.000515, t_ads: 23.0, t_des: 118.0, bed_util_ads: 0.229, bed_util_des: 0.228, frac_lost: 0.111, li_recovered:  0.073
L: 0.51, u_super: 0.00507, sec: 131700.688, prod: 0.000485, t_ads: 36.0, t_des: 164.0, bed_util_ads: 0.227, bed_util_des: 0.226, frac_lost: 0.101, li_recovered:  0.097
L: 0.50, u_super: 0.00663, sec: 253963.000, prod: 0.000439, t_ads: 28.0, t_des: 193.0, bed_util_ads: 0.199, bed_util_des: 0.198, frac_lost: 0.103, li_recovered:  0.097
L: 0.51, u_super: 0.00220, sec: 23620.732, prod: 0.000488, t_ads: 82.0, t_des: 271.0, bed_util_ads: 0.243, bed_util_des: 0.241, frac_lost: 0.101, li_recovered:  0.172
L: 0.51, u_super: 0.00357, sec: 64555.406, prod: 0.000480, t_ads: 51.0, t_des: 133.0, bed_util_ads: 0.273, bed_util_des: 0.272, frac_lost: 0.105, li_recovered:  0.088
L: 0.51, u_super: 0.00007, sec: 36.938, prod: 0.000301, t_ads: 2131.0, t_des: 3357.0, bed_util_ads: 0.186, bed_util_des: 0.163, frac_lost: 0.100, li_recovered:  1.655
L: 0.50, u_super: 0.00035, sec: 599.327, prod: 0.000463, t_ads: 482.0, t_des: 1457.0, bed_util_ads: 0.212, bed_util_des: 0.199, frac_lost: 0.100, li_recovered:  0.898
L: 0.51, u_super: 0.00010, sec: inf, prod: 0.000000, t_ads: 1291.0, t_des: 0.0, bed_util_ads: 0.249, bed_util_des: 0.249, frac_lost: 0.100, li_recovered:  0.000
L: 0.60, u_super: 0.00417, sec: 126220.398, prod: 0.000338, t_ads: 52.0, t_des: 555.0, bed_util_ads: 0.162, bed_util_des: 0.159, frac_lost: 0.105, li_recovered:  0.205
L: 0.51, u_super: 0.00488, sec: 115726.492, prod: 0.000510, t_ads: 38.0, t_des: 122.0, bed_util_ads: 0.259, bed_util_des: 0.258, frac_lost: 0.106, li_recovered:  0.082
L: 0.55, u_super: 0.00283, sec: 39521.328, prod: 0.000489, t_ads: 69.0, t_des: 234.0, bed_util_ads: 0.243, bed_util_des: 0.241, frac_lost: 0.101, li_recovered:  0.148
L: 0.52, u_super: 0.00245, sec: 29204.127, prod: 0.000490, t_ads: 74.0, t_des: 259.0, bed_util_ads: 0.240, bed_util_des: 0.238, frac_lost: 0.101, li_recovered:  0.163
L: 0.50, u_super: 0.00837, sec: 327910.469, prod: 0.000554, t_ads: 23.0, t_des: 80.0, bed_util_ads: 0.263, bed_util_des: 0.263, frac_lost: 0.112, li_recovered:  0.057
L: 0.50, u_super: 0.00656, sec: 216261.094, prod: 0.000504, t_ads: 28.0, t_des: 113.0, bed_util_ads: 0.242, bed_util_des: 0.241, frac_lost: 0.102, li_recovered:  0.071
L: 0.50, u_super: 0.00163, sec: 13497.035, prod: 0.000467, t_ads: 107.0, t_des: 285.0, bed_util_ads: 0.258, bed_util_des: 0.256, frac_lost: 0.101, li_recovered:  0.183
L: 0.51, u_super: 0.00357, sec: 61344.031, prod: 0.000505, t_ads: 52.0, t_des: 174.0, bed_util_ads: 0.250, bed_util_des: 0.249, frac_lost: 0.105, li_recovered:  0.114
L: 0.50, u_super: 0.00017, sec: 179.783, prod: 0.000384, t_ads: 978.0, t_des: 4309.0, bed_util_ads: 0.163, bed_util_des: 0.135, frac_lost: 0.100, li_recovered:  2.031
L: 0.52, u_super: 0.00392, sec: 76003.359, prod: 0.000494, t_ads: 47.0, t_des: 172.0, bed_util_ads: 0.242, bed_util_des: 0.241, frac_lost: 0.101, li_recovered:  0.108
L: 0.50, u_super: 0.00693, sec: 233398.828, prod: 0.000523, t_ads: 27.0, t_des: 93.0, bed_util_ads: 0.259, bed_util_des: 0.258, frac_lost: 0.107, li_recovered:  0.063
L: 0.50, u_super: 0.00014, sec: 931.759, prod: 0.000047, t_ads: 984.0, t_des: 841.0, bed_util_ads: 0.260, bed_util_des: 0.259, frac_lost: 0.100, li_recovered:  0.086
L: 0.50, u_super: 0.00626, sec: 193649.234, prod: 0.000510, t_ads: 30.0, t_des: 84.0, bed_util_ads: 0.277, bed_util_des: 0.276, frac_lost: 0.109, li_recovered:  0.058
L: 0.66, u_super: 0.00249, sec: 30614.379, prod: 0.000486, t_ads: 93.0, t_des: 313.0, bed_util_ads: 0.240, bed_util_des: 0.237, frac_lost: 0.101, li_recovered:  0.197
L: 0.51, u_super: 0.00466, sec: 122121.992, prod: 0.000440, t_ads: 39.0, t_des: 245.0, bed_util_ads: 0.201, bed_util_des: 0.199, frac_lost: 0.100, li_recovered:  0.125
L: 0.51, u_super: 0.00010, sec: 65.087, prod: 0.000376, t_ads: 1536.0, t_des: 3296.0, bed_util_ads: 0.187, bed_util_des: 0.161, frac_lost: 0.100, li_recovered:  1.819
L: 0.50, u_super: 0.00056, sec: 1866.568, prod: 0.000397, t_ads: 294.0, t_des: 580.0, bed_util_ads: 0.263, bed_util_des: 0.258, frac_lost: 0.100, li_recovered:  0.347
    43 |     1720 |     40 |  0.0002479071 |             f
L: 0.50, u_super: 0.00352, sec: 63030.453, prod: 0.000477, t_ads: 51.0, t_des: 137.0, bed_util_ads: 0.270, bed_util_des: 0.268, frac_lost: 0.104, li_recovered:  0.090
L: 0.50, u_super: 0.00489, sec: 118257.852, prod: 0.000501, t_ads: 37.0, t_des: 126.0, bed_util_ads: 0.252, bed_util_des: 0.251, frac_lost: 0.101, li_recovered:  0.082
L: 0.50, u_super: 0.00878, sec: 361406.875, prod: 0.000556, t_ads: 22.0, t_des: 82.0, bed_util_ads: 0.258, bed_util_des: 0.257, frac_lost: 0.112, li_recovered:  0.058
L: 0.51, u_super: 0.00009, sec: 50.046, prod: 0.000360, t_ads: 1786.0, t_des: 3749.0, bed_util_ads: 0.181, bed_util_des: 0.153, frac_lost: 0.100, li_recovered:  1.993
L: 0.50, u_super: 0.00511, sec: 126865.297, prod: 0.000511, t_ads: 36.0, t_des: 117.0, bed_util_ads: 0.259, bed_util_des: 0.257, frac_lost: 0.106, li_recovered:  0.078
L: 0.50, u_super: 0.00474, sec: 112622.680, prod: 0.000494, t_ads: 38.0, t_des: 120.0, bed_util_ads: 0.258, bed_util_des: 0.257, frac_lost: 0.101, li_recovered:  0.078
L: 0.51, u_super: 0.00417, sec: 85324.586, prod: 0.000500, t_ads: 44.0, t_des: 160.0, bed_util_ads: 0.244, bed_util_des: 0.243, frac_lost: 0.103, li_recovered:  0.102
L: 0.50, u_super: 0.00626, sec: 185679.094, prod: 0.000533, t_ads: 30.0, t_des: 103.0, bed_util_ads: 0.258, bed_util_des: 0.257, frac_lost: 0.109, li_recovered:  0.071
L: 0.82, u_super: 0.00116, sec: 6622.169, prod: 0.000477, t_ads: 240.0, t_des: 865.0, bed_util_ads: 0.217, bed_util_des: 0.210, frac_lost: 0.101, li_recovered:  0.527
L: 0.50, u_super: 0.00765, sec: 280106.188, prod: 0.000537, t_ads: 25.0, t_des: 86.0, bed_util_ads: 0.262, bed_util_des: 0.261, frac_lost: 0.110, li_recovered:  0.060
L: 0.50, u_super: 0.00013, sec: 101.123, prod: 0.000406, t_ads: 1215.0, t_des: 3313.0, bed_util_ads: 0.183, bed_util_des: 0.157, frac_lost: 0.100, li_recovered:  1.838
L: 0.51, u_super: 0.00025, sec: 593.248, prod: 0.000239, t_ads: 621.0, t_des: 845.0, bed_util_ads: 0.265, bed_util_des: 0.260, frac_lost: 0.100, li_recovered:  0.350
L: 0.51, u_super: 0.00007, sec: 31.723, prod: 0.000325, t_ads: 2383.0, t_des: 4721.0, bed_util_ads: 0.170, bed_util_des: 0.138, frac_lost: 0.100, li_recovered:  2.311
L: 0.50, u_super: 0.00055, sec: 2162.146, prod: 0.000332, t_ads: 312.0, t_des: 2755.0, bed_util_ads: 0.150, bed_util_des: 0.136, frac_lost: 0.100, li_recovered:  1.018
L: 0.51, u_super: 0.00005, sec: 20.406, prod: 0.000290, t_ads: 3052.0, t_des: 5492.0, bed_util_ads: 0.163, bed_util_des: 0.129, frac_lost: 0.100, li_recovered:  2.478
L: 0.50, u_super: 0.00533, sec: 142212.891, prod: 0.000498, t_ads: 34.0, t_des: 112.0, bed_util_ads: 0.256, bed_util_des: 0.255, frac_lost: 0.101, li_recovered:  0.073
L: 0.51, u_super: 0.00424, sec: 88367.414, prod: 0.000500, t_ads: 43.0, t_des: 175.0, bed_util_ads: 0.235, bed_util_des: 0.234, frac_lost: 0.103, li_recovered:  0.109
L: 0.50, u_super: 0.00676, sec: 294388.875, prod: 0.000394, t_ads: 28.0, t_des: 257.0, bed_util_ads: 0.180, bed_util_des: 0.179, frac_lost: 0.110, li_recovered:  0.112
L: 0.52, u_super: 0.00177, sec: 17536.912, prod: 0.000423, t_ads: 102.0, t_des: 640.0, bed_util_ads: 0.189, bed_util_des: 0.185, frac_lost: 0.101, li_recovered:  0.314
L: 0.50, u_super: 0.00678, sec: 230636.047, prod: 0.000506, t_ads: 27.0, t_des: 88.0, bed_util_ads: 0.262, bed_util_des: 0.261, frac_lost: 0.101, li_recovered:  0.058
L: 0.51, u_super: 0.00841, sec: 346100.625, prod: 0.000530, t_ads: 23.0, t_des: 78.0, bed_util_ads: 0.263, bed_util_des: 0.263, frac_lost: 0.107, li_recovered:  0.054
L: 0.50, u_super: 0.00019, sec: 192.164, prod: 0.000434, t_ads: 860.0, t_des: 2385.0, bed_util_ads: 0.196, bed_util_des: 0.177, frac_lost: 0.100, li_recovered:  1.410
L: 0.50, u_super: 0.00651, sec: 198491.594, prod: 0.000539, t_ads: 29.0, t_des: 101.0, bed_util_ads: 0.258, bed_util_des: 0.257, frac_lost: 0.110, li_recovered:  0.070
L: 0.64, u_super: 0.00006, sec: 28.508, prod: 0.000252, t_ads: 3297.0, t_des: 4826.0, bed_util_ads: 0.167, bed_util_des: 0.138, frac_lost: 0.100, li_recovered:  2.048
L: 0.57, u_super: 0.00821, sec: 330420.062, prod: 0.000527, t_ads: 26.0, t_des: 101.0, bed_util_ads: 0.249, bed_util_des: 0.248, frac_lost: 0.107, li_recovered:  0.067
L: 0.50, u_super: 0.00011, sec: 70.751, prod: 0.000385, t_ads: 1452.0, t_des: 3266.0, bed_util_ads: 0.187, bed_util_des: 0.161, frac_lost: 0.100, li_recovered:  1.817
L: 0.50, u_super: 0.00005, sec: 20.413, prod: 0.000295, t_ads: 3035.0, t_des: 5741.0, bed_util_ads: 0.162, bed_util_des: 0.126, frac_lost: 0.100, li_recovered:  2.585
L: 0.50, u_super: 0.00690, sec: 234531.062, prod: 0.000516, t_ads: 27.0, t_des: 84.0, bed_util_ads: 0.267, bed_util_des: 0.267, frac_lost: 0.104, li_recovered:  0.057
L: 0.50, u_super: 0.00017, sec: 224.659, prod: 0.000295, t_ads: 885.0, t_des: 1300.0, bed_util_ads: 0.240, bed_util_des: 0.231, frac_lost: 0.100, li_recovered:  0.645
L: 0.50, u_super: 0.00533, sec: 142975.875, prod: 0.000495, t_ads: 34.0, t_des: 150.0, bed_util_ads: 0.231, bed_util_des: 0.230, frac_lost: 0.101, li_recovered:  0.091
L: 0.52, u_super: 0.00420, sec: 86581.023, prod: 0.000500, t_ads: 44.0, t_des: 156.0, bed_util_ads: 0.246, bed_util_des: 0.245, frac_lost: 0.102, li_recovered:  0.100
L: 0.52, u_super: 0.00854, sec: 438060.438, prod: 0.000432, t_ads: 23.0, t_des: 178.0, bed_util_ads: 0.195, bed_util_des: 0.194, frac_lost: 0.109, li_recovered:  0.087
L: 0.51, u_super: 0.00009, sec: 53.406, prod: 0.000360, t_ads: 1716.0, t_des: 3429.0, bed_util_ads: 0.185, bed_util_des: 0.159, frac_lost: 0.100, li_recovered:  1.850
L: 0.52, u_super: 0.00047, sec: 1260.974, prod: 0.000413, t_ads: 374.0, t_des: 2084.0, bed_util_ads: 0.175, bed_util_des: 0.161, frac_lost: 0.100, li_recovered:  1.014
L: 0.52, u_super: 0.00397, sec: 76637.289, prod: 0.000502, t_ads: 47.0, t_des: 163.0, bed_util_ads: 0.248, bed_util_des: 0.246, frac_lost: 0.104, li_recovered:  0.105
L: 0.50, u_super: 0.00843, sec: 357949.594, prod: 0.000515, t_ads: 22.0, t_des: 78.0, bed_util_ads: 0.258, bed_util_des: 0.257, frac_lost: 0.100, li_recovered:  0.052
L: 0.50, u_super: 0.00019, sec: 437.335, prod: 0.000191, t_ads: 774.0, t_des: 943.0, bed_util_ads: 0.260, bed_util_des: 0.255, frac_lost: 0.100, li_recovered:  0.328
L: 0.51, u_super: 0.00335, sec: 54240.438, prod: 0.000502, t_ads: 55.0, t_des: 198.0, bed_util_ads: 0.243, bed_util_des: 0.241, frac_lost: 0.104, li_recovered:  0.127
L: 0.50, u_super: 0.00758, sec: 275279.625, prod: 0.000535, t_ads: 25.0, t_des: 89.0, bed_util_ads: 0.258, bed_util_des: 0.257, frac_lost: 0.109, li_recovered:  0.061
L: 0.50, u_super: 0.00853, sec: 356041.438, prod: 0.000531, t_ads: 22.0, t_des: 76.0, bed_util_ads: 0.262, bed_util_des: 0.261, frac_lost: 0.103, li_recovered:  0.052
    44 |     1760 |     40 |  0.0104748730 |         nadir
L: 0.51, u_super: 0.00051, sec: 1494.270, prod: 0.000408, t_ads: 339.0, t_des: 1978.0, bed_util_ads: 0.174, bed_util_des: 0.161, frac_lost: 0.100, li_recovered:  0.945
L: 0.51, u_super: 0.00122, sec: 7434.120, prod: 0.000469, t_ads: 145.0, t_des: 394.0, bed_util_ads: 0.251, bed_util_des: 0.248, frac_lost: 0.101, li_recovered:  0.253
L: 0.50, u_super: 0.00636, sec: 198758.625, prod: 0.000514, t_ads: 29.0, t_des: 98.0, bed_util_ads: 0.258, bed_util_des: 0.257, frac_lost: 0.104, li_recovered:  0.065
L: 0.50, u_super: 0.00005, sec: 20.556, prod: 0.000296, t_ads: 3025.0, t_des: 5803.0, bed_util_ads: 0.161, bed_util_des: 0.125, frac_lost: 0.100, li_recovered:  2.612
L: 0.53, u_super: 0.00009, sec: 51.048, prod: 0.000353, t_ads: 1860.0, t_des: 3767.0, bed_util_ads: 0.181, bed_util_des: 0.153, frac_lost: 0.100, li_recovered:  1.987
L: 0.50, u_super: 0.00765, sec: 276357.000, prod: 0.000544, t_ads: 25.0, t_des: 90.0, bed_util_ads: 0.258, bed_util_des: 0.257, frac_lost: 0.112, li_recovered:  0.063
L: 0.71, u_super: 0.00529, sec: 167773.172, prod: 0.000415, t_ads: 48.0, t_des: 342.0, bed_util_ads: 0.189, bed_util_des: 0.187, frac_lost: 0.102, li_recovered:  0.162
L: 0.98, u_super: 0.00827, sec: 355637.125, prod: 0.000498, t_ads: 43.0, t_des: 127.0, bed_util_ads: 0.264, bed_util_des: 0.263, frac_lost: 0.104, li_recovered:  0.085
L: 0.50, u_super: 0.00836, sec: 337268.531, prod: 0.000537, t_ads: 23.0, t_des: 102.0, bed_util_ads: 0.241, bed_util_des: 0.240, frac_lost: 0.112, li_recovered:  0.067
L: 0.51, u_super: 0.00247, sec: 30657.445, prod: 0.000477, t_ads: 73.0, t_des: 199.0, bed_util_ads: 0.263, bed_util_des: 0.261, frac_lost: 0.103, li_recovered:  0.130
L: 0.50, u_super: 0.00839, sec: 334406.219, prod: 0.000545, t_ads: 23.0, t_des: 86.0, bed_util_ads: 0.256, bed_util_des: 0.255, frac_lost: 0.113, li_recovered:  0.059
L: 0.50, u_super: 0.00769, sec: 299109.406, prod: 0.000509, t_ads: 24.0, t_des: 83.0, bed_util_ads: 0.258, bed_util_des: 0.258, frac_lost: 0.101, li_recovered:  0.054
L: 0.53, u_super: 0.00009, sec: 51.313, prod: 0.000351, t_ads: 1870.0, t_des: 3732.0, bed_util_ads: 0.181, bed_util_des: 0.154, frac_lost: 0.100, li_recovered:  1.968
L: 0.50, u_super: 0.00715, sec: 250052.953, prod: 0.000521, t_ads: 26.0, t_des: 90.0, bed_util_ads: 0.258, bed_util_des: 0.257, frac_lost: 0.104, li_recovered:  0.060
L: 0.51, u_super: 0.00533, sec: 140943.938, prod: 0.000503, t_ads: 35.0, t_des: 116.0, bed_util_ads: 0.256, bed_util_des: 0.255, frac_lost: 0.102, li_recovered:  0.076
L: 0.51, u_super: 0.00623, sec: 191533.297, prod: 0.000511, t_ads: 30.0, t_des: 118.0, bed_util_ads: 0.244, bed_util_des: 0.243, frac_lost: 0.104, li_recovered:  0.076
L: 0.50, u_super: 0.00049, sec: 1749.278, prod: 0.000325, t_ads: 353.0, t_des: 3165.0, bed_util_ads: 0.147, bed_util_des: 0.131, frac_lost: 0.100, li_recovered:  1.142
L: 0.50, u_super: 0.00019, sec: 195.406, prod: 0.000427, t_ads: 845.0, t_des: 1980.0, bed_util_ads: 0.209, bed_util_des: 0.192, frac_lost: 0.100, li_recovered:  1.207
L: 0.51, u_super: 0.00416, sec: 98343.648, prod: 0.000432, t_ads: 45.0, t_des: 307.0, bed_util_ads: 0.194, bed_util_des: 0.192, frac_lost: 0.105, li_recovered:  0.152
L: 0.52, u_super: 0.00417, sec: 87615.484, prod: 0.000487, t_ads: 44.0, t_des: 135.0, bed_util_ads: 0.258, bed_util_des: 0.257, frac_lost: 0.100, li_recovered:  0.087
L: 0.50, u_super: 0.00011, sec: 77.549, prod: 0.000353, t_ads: 1400.0, t_des: 2457.0, bed_util_ads: 0.203, bed_util_des: 0.184, frac_lost: 0.100, li_recovered:  1.361
L: 0.90, u_super: 0.00167, sec: 17426.189, prod: 0.000380, t_ads: 187.0, t_des: 1388.0, bed_util_ads: 0.169, bed_util_des: 0.161, frac_lost: 0.100, li_recovered:  0.599
L: 0.50, u_super: 0.00839, sec: 328609.000, prod: 0.000555, t_ads: 23.0, t_des: 81.0, bed_util_ads: 0.262, bed_util_des: 0.262, frac_lost: 0.113, li_recovered:  0.058
L: 0.50, u_super: 0.00023, sec: 547.009, prod: 0.000222, t_ads: 659.0, t_des: 866.0, bed_util_ads: 0.264, bed_util_des: 0.259, frac_lost: 0.100, li_recovered:  0.339
L: 0.74, u_super: 0.00720, sec: 257647.281, prod: 0.000514, t_ads: 38.0, t_des: 123.0, bed_util_ads: 0.259, bed_util_des: 0.257, frac_lost: 0.107, li_recovered:  0.083
L: 0.51, u_super: 0.00011, sec: 71.024, prod: 0.000384, t_ads: 1472.0, t_des: 3347.0, bed_util_ads: 0.185, bed_util_des: 0.159, frac_lost: 0.100, li_recovered:  1.852
L: 0.97, u_super: 0.00283, sec: 40090.383, prod: 0.000482, t_ads: 119.0, t_des: 363.0, bed_util_ads: 0.245, bed_util_des: 0.241, frac_lost: 0.101, li_recovered:  0.232
L: 0.52, u_super: 0.00417, sec: 91470.555, prod: 0.000466, t_ads: 45.0, t_des: 255.0, bed_util_ads: 0.209, bed_util_des: 0.207, frac_lost: 0.106, li_recovered:  0.140
L: 0.50, u_super: 0.00023, sec: 272.680, prod: 0.000445, t_ads: 720.0, t_des: 2152.0, bed_util_ads: 0.198, bed_util_des: 0.180, frac_lost: 0.100, li_recovered:  1.279
L: 0.84, u_super: 0.00671, sec: 230976.719, prod: 0.000495, t_ads: 45.0, t_des: 134.0, bed_util_ads: 0.262, bed_util_des: 0.261, frac_lost: 0.102, li_recovered:  0.089
L: 0.58, u_super: 0.00335, sec: 59475.668, prod: 0.000458, t_ads: 61.0, t_des: 327.0, bed_util_ads: 0.208, bed_util_des: 0.205, frac_lost: 0.102, li_recovered:  0.178
L: 0.51, u_super: 0.00585, sec: 166198.594, prod: 0.000517, t_ads: 32.0, t_des: 101.0, bed_util_ads: 0.264, bed_util_des: 0.263, frac_lost: 0.107, li_recovered:  0.069
L: 0.50, u_super: 0.00474, sec: 107807.680, prod: 0.000516, t_ads: 39.0, t_des: 139.0, bed_util_ads: 0.250, bed_util_des: 0.248, frac_lost: 0.107, li_recovered:  0.092
L: 0.86, u_super: 0.00385, sec: 75188.070, prod: 0.000481, t_ads: 79.0, t_des: 221.0, bed_util_ads: 0.259, bed_util_des: 0.257, frac_lost: 0.103, li_recovered:  0.144
L: 0.51, u_super: 0.00050, sec: 1651.719, prod: 0.000347, t_ads: 353.0, t_des: 2841.0, bed_util_ads: 0.153, bed_util_des: 0.138, frac_lost: 0.101, li_recovered:  1.107
L: 0.66, u_super: 0.00031, sec: 500.304, prod: 0.000442, t_ads: 687.0, t_des: 1694.0, bed_util_ads: 0.214, bed_util_des: 0.199, frac_lost: 0.100, li_recovered:  1.052
L: 0.50, u_super: 0.00025, sec: 327.968, prod: 0.000429, t_ads: 681.0, t_des: 2711.0, bed_util_ads: 0.181, bed_util_des: 0.161, frac_lost: 0.100, li_recovered:  1.455
L: 0.50, u_super: 0.00533, sec: 144993.625, prod: 0.000489, t_ads: 34.0, t_des: 104.0, bed_util_ads: 0.263, bed_util_des: 0.262, frac_lost: 0.101, li_recovered:  0.067
L: 0.50, u_super: 0.00011, sec: 69.210, prod: 0.000384, t_ads: 1472.0, t_des: 3345.0, bed_util_ads: 0.185, bed_util_des: 0.159, frac_lost: 0.100, li_recovered:  1.850
L: 0.51, u_super: 0.00023, sec: 329.502, prod: 0.000386, t_ads: 746.0, t_des: 3800.0, bed_util_ads: 0.163, bed_util_des: 0.138, frac_lost: 0.100, li_recovered:  1.754
    45 |     1800 |     40 |  0.0011456411 |             f
L: 0.50, u_super: 0.00651, sec: 198542.969, prod: 0.000539, t_ads: 29.0, t_des: 101.0, bed_util_ads: 0.258, bed_util_des: 0.257, frac_lost: 0.110, li_recovered:  0.070
L: 0.51, u_super: 0.00027, sec: 382.332, prod: 0.000430, t_ads: 639.0, t_des: 2615.0, bed_util_ads: 0.181, bed_util_des: 0.162, frac_lost: 0.100, li_recovered:  1.398
L: 0.50, u_super: 0.00629, sec: 187295.000, prod: 0.000532, t_ads: 30.0, t_des: 103.0, bed_util_ads: 0.258, bed_util_des: 0.257, frac_lost: 0.110, li_recovered:  0.071
L: 0.51, u_super: 0.00708, sec: 235808.984, prod: 0.000542, t_ads: 27.0, t_des: 90.0, bed_util_ads: 0.264, bed_util_des: 0.263, frac_lost: 0.110, li_recovered:  0.063
L: 0.50, u_super: 0.00018, sec: 182.141, prod: 0.000432, t_ads: 880.0, t_des: 2295.0, bed_util_ads: 0.199, bed_util_des: 0.180, frac_lost: 0.100, li_recovered:  1.371
L: 0.51, u_super: 0.00335, sec: 55779.992, prod: 0.000488, t_ads: 54.0, t_des: 191.0, bed_util_ads: 0.243, bed_util_des: 0.241, frac_lost: 0.100, li_recovered:  0.120
L: 0.51, u_super: 0.00311, sec: 53994.887, prod: 0.000432, t_ads: 58.0, t_des: 363.0, bed_util_ads: 0.196, bed_util_des: 0.194, frac_lost: 0.101, li_recovered:  0.182
L: 0.52, u_super: 0.00403, sec: 79535.695, prod: 0.000500, t_ads: 46.0, t_des: 166.0, bed_util_ads: 0.244, bed_util_des: 0.243, frac_lost: 0.103, li_recovered:  0.106
L: 0.50, u_super: 0.00836, sec: 326856.312, prod: 0.000555, t_ads: 23.0, t_des: 79.0, bed_util_ads: 0.265, bed_util_des: 0.264, frac_lost: 0.112, li_recovered:  0.057
L: 0.50, u_super: 0.00081, sec: 3639.089, prod: 0.000427, t_ads: 207.0, t_des: 451.0, bed_util_ads: 0.264, bed_util_des: 0.260, frac_lost: 0.101, li_recovered:  0.281
L: 0.50, u_super: 0.00652, sec: 323895.188, prod: 0.000332, t_ads: 29.0, t_des: 354.0, bed_util_ads: 0.161, bed_util_des: 0.159, frac_lost: 0.110, li_recovered:  0.127
L: 0.51, u_super: 0.00300, sec: 44008.434, prod: 0.000495, t_ads: 60.0, t_des: 206.0, bed_util_ads: 0.245, bed_util_des: 0.243, frac_lost: 0.102, li_recovered:  0.132
L: 0.52, u_super: 0.00259, sec: 32854.680, prod: 0.000490, t_ads: 70.0, t_des: 249.0, bed_util_ads: 0.239, bed_util_des: 0.237, frac_lost: 0.101, li_recovered:  0.156
L: 0.51, u_super: 0.00005, sec: 20.406, prod: 0.000290, t_ads: 3052.0, t_des: 5492.0, bed_util_ads: 0.163, bed_util_des: 0.129, frac_lost: 0.100, li_recovered:  2.478
L: 0.50, u_super: 0.00736, sec: 252946.969, prod: 0.000548, t_ads: 26.0, t_des: 93.0, bed_util_ads: 0.258, bed_util_des: 0.257, frac_lost: 0.111, li_recovered:  0.065
L: 0.77, u_super: 0.00027, sec: 413.038, prod: 0.000406, t_ads: 900.0, t_des: 1852.0, bed_util_ads: 0.215, bed_util_des: 0.199, frac_lost: 0.100, li_recovered:  1.118
L: 0.51, u_super: 0.00496, sec: 118130.883, prod: 0.000516, t_ads: 38.0, t_des: 126.0, bed_util_ads: 0.256, bed_util_des: 0.255, frac_lost: 0.107, li_recovered:  0.085
L: 0.51, u_super: 0.00367, sec: 66419.914, prod: 0.000494, t_ads: 50.0, t_des: 177.0, bed_util_ads: 0.244, bed_util_des: 0.243, frac_lost: 0.101, li_recovered:  0.112
L: 0.50, u_super: 0.00757, sec: 273401.719, prod: 0.000538, t_ads: 25.0, t_des: 86.0, bed_util_ads: 0.262, bed_util_des: 0.261, frac_lost: 0.109, li_recovered:  0.060
L: 0.51, u_super: 0.00014, sec: 121.865, prod: 0.000380, t_ads: 1217.0, t_des: 4644.0, bed_util_ads: 0.164, bed_util_des: 0.133, frac_lost: 0.100, li_recovered:  2.229
L: 0.50, u_super: 0.00836, sec: 329807.969, prod: 0.000549, t_ads: 23.0, t_des: 80.0, bed_util_ads: 0.263, bed_util_des: 0.262, frac_lost: 0.112, li_recovered:  0.057
L: 0.50, u_super: 0.00839, sec: 397948.438, prod: 0.000458, t_ads: 23.0, t_des: 165.0, bed_util_ads: 0.202, bed_util_des: 0.201, frac_lost: 0.112, li_recovered:  0.086
L: 0.51, u_super: 0.00303, sec: 45228.020, prod: 0.000490, t_ads: 60.0, t_des: 194.0, bed_util_ads: 0.250, bed_util_des: 0.248, frac_lost: 0.101, li_recovered:  0.124
L: 0.52, u_super: 0.00315, sec: 49073.516, prod: 0.000488, t_ads: 58.0, t_des: 202.0, bed_util_ads: 0.243, bed_util_des: 0.241, frac_lost: 0.101, li_recovered:  0.127
L: 0.50, u_super: 0.00426, sec: 100580.344, prod: 0.000443, t_ads: 43.0, t_des: 278.0, bed_util_ads: 0.199, bed_util_des: 0.197, frac_lost: 0.106, li_recovered:  0.142
L: 0.51, u_super: 0.00054, sec: 2016.365, prod: 0.000342, t_ads: 324.0, t_des: 2704.0, bed_util_ads: 0.153, bed_util_des: 0.138, frac_lost: 0.100, li_recovered:  1.035
L: 0.50, u_super: 0.00839, sec: 326976.250, prod: 0.000558, t_ads: 23.0, t_des: 85.0, bed_util_ads: 0.258, bed_util_des: 0.257, frac_lost: 0.113, li_recovered:  0.060
L: 0.53, u_super: 0.00740, sec: 447573.500, prod: 0.000313, t_ads: 27.0, t_des: 360.0, bed_util_ads: 0.156, bed_util_des: 0.154, frac_lost: 0.108, li_recovered:  0.121
L: 0.50, u_super: 0.00010, sec: inf, prod: 0.000000, t_ads: 1248.0, t_des: 0.0, bed_util_ads: 0.257, bed_util_des: 0.257, frac_lost: 0.100, li_recovered:  0.000
L: 0.52, u_super: 0.00417, sec: 84031.852, prod: 0.000509, t_ads: 45.0, t_des: 168.0, bed_util_ads: 0.243, bed_util_des: 0.241, frac_lost: 0.106, li_recovered:  0.108
L: 0.50, u_super: 0.00015, sec: 131.175, prod: 0.000416, t_ads: 1063.0, t_des: 3137.0, bed_util_ads: 0.184, bed_util_des: 0.159, frac_lost: 0.100, li_recovered:  1.749
L: 0.51, u_super: 0.00357, sec: 61071.707, prod: 0.000507, t_ads: 52.0, t_des: 176.0, bed_util_ads: 0.249, bed_util_des: 0.248, frac_lost: 0.105, li_recovered:  0.116
L: 0.86, u_super: 0.00019, sec: 222.965, prod: 0.000370, t_ads: 1395.0, t_des: 2674.0, bed_util_ads: 0.198, bed_util_des: 0.177, frac_lost: 0.100, li_recovered:  1.507
L: 0.50, u_super: 0.00327, sec: 52174.938, prod: 0.000498, t_ads: 55.0, t_des: 197.0, bed_util_ads: 0.243, bed_util_des: 0.241, frac_lost: 0.103, li_recovered:  0.125
L: 0.50, u_super: 0.00676, sec: 217346.750, prod: 0.000533, t_ads: 28.0, t_des: 97.0, bed_util_ads: 0.259, bed_util_des: 0.258, frac_lost: 0.110, li_recovered:  0.067
L: 0.50, u_super: 0.00042, sec: 895.687, prod: 0.000468, t_ads: 392.0, t_des: 1146.0, bed_util_ads: 0.221, bed_util_des: 0.211, frac_lost: 0.100, li_recovered:  0.720
L: 0.52, u_super: 0.00533, sec: 155230.359, prod: 0.000456, t_ads: 35.0, t_des: 83.0, bed_util_ads: 0.287, bed_util_des: 0.287, frac_lost: 0.102, li_recovered:  0.054
L: 0.51, u_super: 0.00006, sec: 28.741, prod: 0.000291, t_ads: 2463.0, t_des: 3877.0, bed_util_ads: 0.179, bed_util_des: 0.153, frac_lost: 0.100, li_recovered:  1.842
L: 0.50, u_super: 0.00302, sec: 44932.004, prod: 0.000489, t_ads: 59.0, t_des: 198.0, bed_util_ads: 0.246, bed_util_des: 0.245, frac_lost: 0.101, li_recovered:  0.126
L: 0.93, u_super: 0.00014, sec: 142.904, prod: 0.000326, t_ads: 1968.0, t_des: 3384.0, bed_util_ads: 0.186, bed_util_des: 0.162, frac_lost: 0.100, li_recovered:  1.744
    46 |     1840 |     40 |  0.0030782073 |         ideal
L: 0.57, u_super: 0.00474, sec: 108718.086, prod: 0.000511, t_ads: 44.0, t_des: 153.0, bed_util_ads: 0.250, bed_util_des: 0.248, frac_lost: 0.106, li_recovered:  0.101
L: 1.45, u_super: 0.00058, sec: 1809.534, prod: 0.000437, t_ads: 815.0, t_des: 2469.0, bed_util_ads: 0.193, bed_util_des: 0.173, frac_lost: 0.100, li_recovered:  1.435
L: 0.50, u_super: 0.00751, sec: 272330.250, prod: 0.000531, t_ads: 25.0, t_des: 98.0, bed_util_ads: 0.249, bed_util_des: 0.248, frac_lost: 0.106, li_recovered:  0.065
L: 0.82, u_super: 0.00535, sec: 143052.875, prod: 0.000499, t_ads: 55.0, t_des: 169.0, bed_util_ads: 0.257, bed_util_des: 0.255, frac_lost: 0.104, li_recovered:  0.112
L: 0.50, u_super: 0.00839, sec: 391214.719, prod: 0.000466, t_ads: 23.0, t_des: 160.0, bed_util_ads: 0.205, bed_util_des: 0.203, frac_lost: 0.112, li_recovered:  0.085
L: 0.50, u_super: 0.00042, sec: 901.295, prod: 0.000465, t_ads: 397.0, t_des: 1418.0, bed_util_ads: 0.205, bed_util_des: 0.193, frac_lost: 0.100, li_recovered:  0.844
L: 0.51, u_super: 0.00014, sec: 1565.725, prod: 0.000030, t_ads: 970.0, t_des: 796.0, bed_util_ads: 0.262, bed_util_des: 0.261, frac_lost: 0.100, li_recovered:  0.053
L: 0.52, u_super: 0.00298, sec: 43749.855, prod: 0.000491, t_ads: 62.0, t_des: 263.0, bed_util_ads: 0.227, bed_util_des: 0.225, frac_lost: 0.104, li_recovered:  0.160
L: 0.50, u_super: 0.00595, sec: 173292.156, prod: 0.000514, t_ads: 31.0, t_des: 100.0, bed_util_ads: 0.262, bed_util_des: 0.261, frac_lost: 0.105, li_recovered:  0.067
L: 0.51, u_super: 0.00369, sec: 66787.734, prod: 0.000496, t_ads: 50.0, t_des: 168.0, bed_util_ads: 0.249, bed_util_des: 0.248, frac_lost: 0.103, li_recovered:  0.108
L: 0.50, u_super: 0.00022, sec: 487.968, prod: 0.000232, t_ads: 681.0, t_des: 907.0, bed_util_ads: 0.262, bed_util_des: 0.256, frac_lost: 0.100, li_recovered:  0.369
L: 0.51, u_super: 0.00031, sec: 541.701, prod: 0.000409, t_ads: 556.0, t_des: 2790.0, bed_util_ads: 0.172, bed_util_des: 0.153, frac_lost: 0.100, li_recovered:  1.369
L: 0.50, u_super: 0.00651, sec: 202821.938, prod: 0.000528, t_ads: 29.0, t_des: 100.0, bed_util_ads: 0.258, bed_util_des: 0.257, frac_lost: 0.110, li_recovered:  0.068
L: 0.50, u_super: 0.00005, sec: inf, prod: 0.000000, t_ads: 1871.0, t_des: 0.0, bed_util_ads: 0.227, bed_util_des: 0.227, frac_lost: 0.100, li_recovered:  0.000
L: 0.62, u_super: 0.00005, sec: 34.417, prod: 0.000201, t_ads: 2972.0, t_des: 3340.0, bed_util_ads: 0.179, bed_util_des: 0.161, frac_lost: 0.100, li_recovered:  1.270
L: 0.51, u_super: 0.00005, sec: inf, prod: 0.000000, t_ads: 2076.0, t_des: 0.0, bed_util_ads: 0.216, bed_util_des: 0.216, frac_lost: 0.100, li_recovered:  0.000
L: 0.50, u_super: 0.00026, sec: 340.801, prod: 0.000448, t_ads: 649.0, t_des: 2151.0, bed_util_ads: 0.195, bed_util_des: 0.177, frac_lost: 0.100, li_recovered:  1.255
L: 0.50, u_super: 0.00072, sec: 2849.567, prod: 0.000428, t_ads: 233.0, t_des: 511.0, bed_util_ads: 0.260, bed_util_des: 0.255, frac_lost: 0.100, li_recovered:  0.318
L: 0.51, u_super: 0.00373, sec: 78350.953, prod: 0.000432, t_ads: 49.0, t_des: 113.0, bed_util_ads: 0.283, bed_util_des: 0.282, frac_lost: 0.101, li_recovered:  0.070
L: 0.51, u_super: 0.00007, sec: 31.969, prod: 0.000326, t_ads: 2372.0, t_des: 4706.0, bed_util_ads: 0.171, bed_util_des: 0.138, frac_lost: 0.100, li_recovered:  2.306
L: 0.51, u_super: 0.00011, sec: 70.991, prod: 0.000384, t_ads: 1467.0, t_des: 3343.0, bed_util_ads: 0.185, bed_util_des: 0.159, frac_lost: 0.100, li_recovered:  1.849
L: 0.50, u_super: 0.00669, sec: 217024.547, prod: 0.000522, t_ads: 28.0, t_des: 96.0, bed_util_ads: 0.258, bed_util_des: 0.258, frac_lost: 0.108, li_recovered:  0.065
L: 0.51, u_super: 0.00516, sec: 129680.750, prod: 0.000511, t_ads: 36.0, t_des: 113.0, bed_util_ads: 0.262, bed_util_des: 0.261, frac_lost: 0.105, li_recovered:  0.076
L: 0.51, u_super: 0.00121, sec: 7165.499, prod: 0.000484, t_ads: 146.0, t_des: 482.0, bed_util_ads: 0.234, bed_util_des: 0.230, frac_lost: 0.101, li_recovered:  0.304
L: 0.58, u_super: 0.00864, sec: 373293.156, prod: 0.000520, t_ads: 25.0, t_des: 87.0, bed_util_ads: 0.258, bed_util_des: 0.257, frac_lost: 0.103, li_recovered:  0.058
L: 0.51, u_super: 0.00008, sec: 44.692, prod: 0.000349, t_ads: 1900.0, t_des: 3777.0, bed_util_ads: 0.181, bed_util_des: 0.153, frac_lost: 0.100, li_recovered:  1.983
L: 0.51, u_super: 0.00708, sec: 377010.688, prod: 0.000339, t_ads: 27.0, t_des: 307.0, bed_util_ads: 0.165, bed_util_des: 0.163, frac_lost: 0.104, li_recovered:  0.113
L: 0.50, u_super: 0.00019, sec: 204.393, prod: 0.000420, t_ads: 829.0, t_des: 1808.0, bed_util_ads: 0.214, bed_util_des: 0.199, frac_lost: 0.100, li_recovered:  1.106
L: 0.50, u_super: 0.00008, sec: 41.076, prod: 0.000331, t_ads: 2176.0, t_des: 6599.0, bed_util_ads: 0.155, bed_util_des: 0.114, frac_lost: 0.100, li_recovered:  2.903
L: 0.51, u_super: 0.00016, sec: 137.732, prod: 0.000415, t_ads: 1053.0, t_des: 3218.0, bed_util_ads: 0.182, bed_util_des: 0.157, frac_lost: 0.100, li_recovered:  1.774
L: 0.50, u_super: 0.00735, sec: 516683.750, prod: 0.000267, t_ads: 26.0, t_des: 445.0, bed_util_ads: 0.141, bed_util_des: 0.139, frac_lost: 0.110, li_recovered:  0.126
L: 0.50, u_super: 0.00578, sec: 164131.984, prod: 0.000510, t_ads: 32.0, t_des: 106.0, bed_util_ads: 0.258, bed_util_des: 0.257, frac_lost: 0.105, li_recovered:  0.070
L: 0.50, u_super: 0.00708, sec: 251142.547, prod: 0.000509, t_ads: 26.0, t_des: 84.0, bed_util_ads: 0.263, bed_util_des: 0.263, frac_lost: 0.101, li_recovered:  0.056
L: 0.51, u_super: 0.00335, sec: 116813.234, prod: 0.000233, t_ads: 55.0, t_des: 1001.0, bed_util_ads: 0.129, bed_util_des: 0.126, frac_lost: 0.102, li_recovered:  0.246
L: 0.50, u_super: 0.00276, sec: 36605.199, prod: 0.000500, t_ads: 65.0, t_des: 226.0, bed_util_ads: 0.243, bed_util_des: 0.241, frac_lost: 0.104, li_recovered:  0.146
L: 0.51, u_super: 0.00493, sec: 233527.672, prod: 0.000257, t_ads: 38.0, t_des: 641.0, bed_util_ads: 0.137, bed_util_des: 0.135, frac_lost: 0.106, li_recovered:  0.175
L: 0.50, u_super: 0.00789, sec: 303016.531, prod: 0.000529, t_ads: 24.0, t_des: 80.0, bed_util_ads: 0.264, bed_util_des: 0.264, frac_lost: 0.108, li_recovered:  0.055
L: 0.50, u_super: 0.00958, sec: 537072.688, prod: 0.000450, t_ads: 20.0, t_des: 145.0, bed_util_ads: 0.202, bed_util_des: 0.201, frac_lost: 0.107, li_recovered:  0.074
L: 0.50, u_super: 0.00836, sec: 336471.750, prod: 0.000539, t_ads: 23.0, t_des: 94.0, bed_util_ads: 0.248, bed_util_des: 0.247, frac_lost: 0.112, li_recovered:  0.063
L: 0.82, u_super: 0.00116, sec: 6623.796, prod: 0.000477, t_ads: 240.0, t_des: 867.0, bed_util_ads: 0.217, bed_util_des: 0.210, frac_lost: 0.101, li_recovered:  0.528
    47 |     1880 |     40 |  0.0014642544 |             f
L: 0.50, u_super: 0.00601, sec: 177624.828, prod: 0.000511, t_ads: 31.0, t_des: 87.0, bed_util_ads: 0.276, bed_util_des: 0.275, frac_lost: 0.107, li_recovered:  0.060
L: 0.51, u_super: 0.00335, sec: 54192.574, prod: 0.000502, t_ads: 55.0, t_des: 198.0, bed_util_ads: 0.243, bed_util_des: 0.241, frac_lost: 0.104, li_recovered:  0.127
L: 0.50, u_super: 0.00010, sec: 65.169, prod: 0.000376, t_ads: 1531.0, t_des: 3261.0, bed_util_ads: 0.187, bed_util_des: 0.162, frac_lost: 0.100, li_recovered:  1.802
L: 0.51, u_super: 0.00040, sec: 1040.987, prod: 0.000366, t_ads: 403.0, t_des: 717.0, bed_util_ads: 0.261, bed_util_des: 0.256, frac_lost: 0.101, li_recovered:  0.409
L: 0.50, u_super: 0.00499, sec: 130371.633, prod: 0.000473, t_ads: 37.0, t_des: 207.0, bed_util_ads: 0.212, bed_util_des: 0.211, frac_lost: 0.106, li_recovered:  0.115
L: 0.50, u_super: 0.00736, sec: 254585.406, prod: 0.000545, t_ads: 26.0, t_des: 95.0, bed_util_ads: 0.256, bed_util_des: 0.255, frac_lost: 0.111, li_recovered:  0.066
L: 0.51, u_super: 0.00008, sec: 46.065, prod: 0.000339, t_ads: 1862.0, t_des: 3363.0, bed_util_ads: 0.186, bed_util_des: 0.162, frac_lost: 0.100, li_recovered:  1.771
L: 0.50, u_super: 0.00676, sec: 213900.688, prod: 0.000542, t_ads: 28.0, t_des: 91.0, bed_util_ads: 0.265, bed_util_des: 0.265, frac_lost: 0.111, li_recovered:  0.064
L: 0.50, u_super: 0.00014, sec: 195.569, prod: 0.000225, t_ads: 1037.0, t_des: 1300.0, bed_util_ads: 0.240, bed_util_des: 0.233, frac_lost: 0.100, li_recovered:  0.526
L: 0.50, u_super: 0.00476, sec: 113396.156, prod: 0.000494, t_ads: 38.0, t_des: 132.0, bed_util_ads: 0.249, bed_util_des: 0.248, frac_lost: 0.101, li_recovered:  0.084
L: 0.50, u_super: 0.00765, sec: 273692.969, prod: 0.000548, t_ads: 25.0, t_des: 87.0, bed_util_ads: 0.262, bed_util_des: 0.261, frac_lost: 0.112, li_recovered:  0.061
L: 0.77, u_super: 0.00008, sec: 49.414, prod: 0.000281, t_ads: 2945.0, t_des: 4782.0, bed_util_ads: 0.169, bed_util_des: 0.138, frac_lost: 0.100, li_recovered:  2.170
L: 0.83, u_super: 0.00112, sec: 7505.494, prod: 0.000396, t_ads: 253.0, t_des: 1654.0, bed_util_ads: 0.173, bed_util_des: 0.162, frac_lost: 0.100, li_recovered:  0.756
L: 0.51, u_super: 0.00016, sec: 297.810, prod: 0.000210, t_ads: 905.0, t_des: 1118.0, bed_util_ads: 0.250, bed_util_des: 0.244, frac_lost: 0.100, li_recovered:  0.424
L: 0.51, u_super: 0.00533, sec: 139774.672, prod: 0.000507, t_ads: 35.0, t_des: 116.0, bed_util_ads: 0.256, bed_util_des: 0.255, frac_lost: 0.103, li_recovered:  0.077
L: 0.51, u_super: 0.00005, sec: 21.753, prod: 0.000267, t_ads: 2921.0, t_des: 4378.0, bed_util_ads: 0.172, bed_util_des: 0.145, frac_lost: 0.100, li_recovered:  1.946
L: 0.52, u_super: 0.00417, sec: 87372.312, prod: 0.000488, t_ads: 44.0, t_des: 135.0, bed_util_ads: 0.258, bed_util_des: 0.257, frac_lost: 0.100, li_recovered:  0.087
L: 0.63, u_super: 0.00848, sec: 349260.406, prod: 0.000535, t_ads: 28.0, t_des: 91.0, bed_util_ads: 0.265, bed_util_des: 0.264, frac_lost: 0.110, li_recovered:  0.064
L: 0.50, u_super: 0.00816, sec: 328386.188, prod: 0.000523, t_ads: 23.0, t_des: 79.0, bed_util_ads: 0.261, bed_util_des: 0.261, frac_lost: 0.104, li_recovered:  0.053
L: 0.52, u_super: 0.00417, sec: 83662.305, prod: 0.000510, t_ads: 45.0, t_des: 151.0, bed_util_ads: 0.252, bed_util_des: 0.251, frac_lost: 0.106, li_recovered:  0.100
L: 0.50, u_super: 0.00019, sec: 192.063, prod: 0.000435, t_ads: 861.0, t_des: 2410.0, bed_util_ads: 0.196, bed_util_des: 0.176, frac_lost: 0.100, li_recovered:  1.422
L: 0.50, u_super: 0.00813, sec: 733971.125, prod: 0.000233, t_ads: 23.0, t_des: 461.0, bed_util_ads: 0.132, bed_util_des: 0.131, frac_lost: 0.103, li_recovered:  0.113
L: 0.51, u_super: 0.00037, sec: 854.039, prod: 0.000382, t_ads: 436.0, t_des: 808.0, bed_util_ads: 0.255, bed_util_des: 0.248, frac_lost: 0.100, li_recovered:  0.476
L: 0.50, u_super: 0.00533, sec: 135045.969, prod: 0.000525, t_ads: 35.0, t_des: 116.0, bed_util_ads: 0.259, bed_util_des: 0.257, frac_lost: 0.108, li_recovered:  0.079
L: 0.51, u_super: 0.00010, sec: 57.884, prod: 0.000371, t_ads: 1695.0, t_des: 4455.0, bed_util_ads: 0.171, bed_util_des: 0.140, frac_lost: 0.100, li_recovered:  2.280
L: 0.50, u_super: 0.00651, sec: 201836.375, prod: 0.000530, t_ads: 29.0, t_des: 102.0, bed_util_ads: 0.257, bed_util_des: 0.256, frac_lost: 0.110, li_recovered:  0.069
L: 0.50, u_super: 0.00626, sec: 185843.906, prod: 0.000532, t_ads: 30.0, t_des: 105.0, bed_util_ads: 0.256, bed_util_des: 0.255, frac_lost: 0.109, li_recovered:  0.072
L: 0.52, u_super: 0.00181, sec: 21313.230, prod: 0.000366, t_ads: 100.0, t_des: 854.0, bed_util_ads: 0.168, bed_util_des: 0.164, frac_lost: 0.101, li_recovered:  0.349
L: 0.79, u_super: 0.00082, sec: 4066.398, prod: 0.000386, t_ads: 334.0, t_des: 2208.0, bed_util_ads: 0.167, bed_util_des: 0.153, frac_lost: 0.100, li_recovered:  0.982
L: 0.50, u_super: 0.00837, sec: 330240.781, prod: 0.000549, t_ads: 23.0, t_des: 74.0, bed_util_ads: 0.271, bed_util_des: 0.270, frac_lost: 0.112, li_recovered:  0.053
L: 0.50, u_super: 0.00668, sec: 216895.547, prod: 0.000521, t_ads: 28.0, t_des: 96.0, bed_util_ads: 0.258, bed_util_des: 0.257, frac_lost: 0.105, li_recovered:  0.065
L: 0.82, u_super: 0.00014, sec: 231.010, prod: 0.000198, t_ads: 1572.0, t_des: 1760.0, bed_util_ads: 0.218, bed_util_des: 0.209, frac_lost: 0.100, li_recovered:  0.658
L: 0.50, u_super: 0.00363, sec: 93114.945, prod: 0.000345, t_ads: 50.0, t_des: 519.0, bed_util_ads: 0.164, bed_util_des: 0.161, frac_lost: 0.105, li_recovered:  0.196
L: 0.50, u_super: 0.00335, sec: 55444.965, prod: 0.000491, t_ads: 54.0, t_des: 232.0, bed_util_ads: 0.228, bed_util_des: 0.226, frac_lost: 0.104, li_recovered:  0.140
L: 0.51, u_super: 0.00009, sec: 53.190, prod: 0.000358, t_ads: 1824.0, t_des: 5231.0, bed_util_ads: 0.164, bed_util_des: 0.129, frac_lost: 0.100, li_recovered:  2.526
L: 0.58, u_super: 0.00736, sec: 272663.125, prod: 0.000509, t_ads: 29.0, t_des: 114.0, bed_util_ads: 0.244, bed_util_des: 0.243, frac_lost: 0.103, li_recovered:  0.073
L: 0.71, u_super: 0.00017, sec: inf, prod: 0.000000, t_ads: 1095.0, t_des: 0.0, bed_util_ads: 0.257, bed_util_des: 0.257, frac_lost: 0.100, li_recovered:  0.000
L: 0.50, u_super: 0.00664, sec: 337706.906, prod: 0.000331, t_ads: 28.0, t_des: 329.0, bed_util_ads: 0.162, bed_util_des: 0.160, frac_lost: 0.105, li_recovered:  0.118
L: 0.51, u_super: 0.00284, sec: 41450.051, prod: 0.000470, t_ads: 64.0, t_des: 309.0, bed_util_ads: 0.215, bed_util_des: 0.213, frac_lost: 0.102, li_recovered:  0.175
L: 0.50, u_super: 0.00805, sec: 328302.719, prod: 0.000510, t_ads: 23.0, t_des: 81.0, bed_util_ads: 0.258, bed_util_des: 0.257, frac_lost: 0.101, li_recovered:  0.053
    48 |     1920 |     40 |  0.0019197832 |             f
L: 0.58, u_super: 0.00049, sec: 1705.671, prod: 0.000328, t_ads: 410.0, t_des: 3503.0, bed_util_ads: 0.147, bed_util_des: 0.129, frac_lost: 0.100, li_recovered:  1.284
L: 0.52, u_super: 0.00011, sec: 71.415, prod: 0.000382, t_ads: 1494.0, t_des: 3355.0, bed_util_ads: 0.185, bed_util_des: 0.159, frac_lost: 0.100, li_recovered:  1.853
L: 0.51, u_super: 0.00682, sec: 221488.828, prod: 0.000534, t_ads: 28.0, t_des: 92.0, bed_util_ads: 0.264, bed_util_des: 0.263, frac_lost: 0.109, li_recovered:  0.064
L: 0.52, u_super: 0.00736, sec: 269489.812, prod: 0.000515, t_ads: 26.0, t_des: 107.0, bed_util_ads: 0.243, bed_util_des: 0.242, frac_lost: 0.104, li_recovered:  0.068
L: 0.64, u_super: 0.00672, sec: 223353.734, prod: 0.000514, t_ads: 35.0, t_des: 116.0, bed_util_ads: 0.257, bed_util_des: 0.256, frac_lost: 0.107, li_recovered:  0.078
L: 0.50, u_super: 0.00879, sec: 365362.906, prod: 0.000552, t_ads: 22.0, t_des: 67.0, bed_util_ads: 0.277, bed_util_des: 0.277, frac_lost: 0.113, li_recovered:  0.049
L: 0.51, u_super: 0.00397, sec: 76019.469, prod: 0.000506, t_ads: 47.0, t_des: 148.0, bed_util_ads: 0.257, bed_util_des: 0.256, frac_lost: 0.105, li_recovered:  0.099
L: 0.52, u_super: 0.00116, sec: 6676.692, prod: 0.000473, t_ads: 155.0, t_des: 637.0, bed_util_ads: 0.215, bed_util_des: 0.210, frac_lost: 0.100, li_recovered:  0.375
L: 0.52, u_super: 0.00155, sec: 11748.751, prod: 0.000486, t_ads: 115.0, t_des: 392.0, bed_util_ads: 0.236, bed_util_des: 0.232, frac_lost: 0.101, li_recovered:  0.246
L: 0.50, u_super: 0.00615, sec: 183052.859, prod: 0.000521, t_ads: 30.0, t_des: 101.0, bed_util_ads: 0.259, bed_util_des: 0.258, frac_lost: 0.105, li_recovered:  0.068
L: 0.82, u_super: 0.00116, sec: 6599.026, prod: 0.000479, t_ads: 239.0, t_des: 739.0, bed_util_ads: 0.230, bed_util_des: 0.223, frac_lost: 0.101, li_recovered:  0.468
L: 0.50, u_super: 0.00474, sec: 111113.859, prod: 0.000500, t_ads: 38.0, t_des: 132.0, bed_util_ads: 0.250, bed_util_des: 0.249, frac_lost: 0.101, li_recovered:  0.085
L: 0.51, u_super: 0.00418, sec: 103622.664, prod: 0.000414, t_ads: 44.0, t_des: 326.0, bed_util_ads: 0.188, bed_util_des: 0.186, frac_lost: 0.104, li_recovered:  0.153
L: 0.50, u_super: 0.00736, sec: 255128.000, prod: 0.000544, t_ads: 26.0, t_des: 95.0, bed_util_ads: 0.256, bed_util_des: 0.255, frac_lost: 0.111, li_recovered:  0.066
L: 0.50, u_super: 0.00008, sec: 44.763, prod: 0.000349, t_ads: 1875.0, t_des: 3664.0, bed_util_ads: 0.182, bed_util_des: 0.155, frac_lost: 0.100, li_recovered:  1.932
L: 0.51, u_super: 0.00005, sec: 21.212, prod: 0.000283, t_ads: 2957.0, t_des: 4891.0, bed_util_ads: 0.168, bed_util_des: 0.137, frac_lost: 0.100, li_recovered:  2.223
L: 0.58, u_super: 0.00033, sec: 739.263, prod: 0.000340, t_ads: 551.0, t_des: 910.0, bed_util_ads: 0.255, bed_util_des: 0.248, frac_lost: 0.100, li_recovered:  0.496
L: 0.51, u_super: 0.00009, sec: 49.763, prod: 0.000362, t_ads: 1802.0, t_des: 3977.0, bed_util_ads: 0.178, bed_util_des: 0.148, frac_lost: 0.100, li_recovered:  2.093
L: 0.50, u_super: 0.00098, sec: 4678.235, prod: 0.000479, t_ads: 175.0, t_des: 536.0, bed_util_ads: 0.237, bed_util_des: 0.232, frac_lost: 0.100, li_recovered:  0.340
L: 0.75, u_super: 0.00493, sec: 157557.812, prod: 0.000382, t_ads: 54.0, t_des: 106.0, bed_util_ads: 0.298, bed_util_des: 0.297, frac_lost: 0.101, li_recovered:  0.061
L: 0.50, u_super: 0.00195, sec: 19166.691, prod: 0.000473, t_ads: 90.0, t_des: 245.0, bed_util_ads: 0.259, bed_util_des: 0.257, frac_lost: 0.102, li_recovered:  0.158
L: 0.50, u_super: 0.00401, sec: 77990.984, prod: 0.000504, t_ads: 45.0, t_des: 162.0, bed_util_ads: 0.245, bed_util_des: 0.244, frac_lost: 0.103, li_recovered:  0.104
L: 0.61, u_super: 0.00008, sec: 47.115, prod: 0.000331, t_ads: 2317.0, t_des: 4819.0, bed_util_ads: 0.169, bed_util_des: 0.136, frac_lost: 0.100, li_recovered:  2.364
L: 0.50, u_super: 0.00765, sec: 278563.906, prod: 0.000539, t_ads: 25.0, t_des: 106.0, bed_util_ads: 0.244, bed_util_des: 0.243, frac_lost: 0.111, li_recovered:  0.071
L: 0.50, u_super: 0.00538, sec: 144777.812, prod: 0.000499, t_ads: 34.0, t_des: 137.0, bed_util_ads: 0.239, bed_util_des: 0.238, frac_lost: 0.102, li_recovered:  0.085
L: 1.10, u_super: 0.00397, sec: 79946.203, prod: 0.000481, t_ads: 96.0, t_des: 300.0, bed_util_ads: 0.245, bed_util_des: 0.243, frac_lost: 0.101, li_recovered:  0.191
L: 0.51, u_super: 0.00730, sec: 262744.125, prod: 0.000518, t_ads: 26.0, t_des: 82.0, bed_util_ads: 0.267, bed_util_des: 0.266, frac_lost: 0.105, li_recovered:  0.056
L: 0.50, u_super: 0.00765, sec: 313675.000, prod: 0.000479, t_ads: 25.0, t_des: 157.0, bed_util_ads: 0.211, bed_util_des: 0.210, frac_lost: 0.111, li_recovered:  0.087
L: 0.50, u_super: 0.00836, sec: 331701.000, prod: 0.000546, t_ads: 23.0, t_des: 79.0, bed_util_ads: 0.264, bed_util_des: 0.263, frac_lost: 0.112, li_recovered:  0.056
L: 0.51, u_super: 0.00491, sec: 118320.969, prod: 0.000505, t_ads: 38.0, t_des: 124.0, bed_util_ads: 0.256, bed_util_des: 0.255, frac_lost: 0.103, li_recovered:  0.082
L: 0.55, u_super: 0.00535, sec: 142322.344, prod: 0.000501, t_ads: 37.0, t_des: 118.0, bed_util_ads: 0.259, bed_util_des: 0.257, frac_lost: 0.103, li_recovered:  0.078
L: 0.50, u_super: 0.00643, sec: 199927.422, prod: 0.000523, t_ads: 29.0, t_des: 101.0, bed_util_ads: 0.256, bed_util_des: 0.255, frac_lost: 0.105, li_recovered:  0.068
L: 0.69, u_super: 0.00016, sec: 151.173, prod: 0.000369, t_ads: 1486.0, t_des: 5084.0, bed_util_ads: 0.163, bed_util_des: 0.129, frac_lost: 0.100, li_recovered:  2.425
L: 0.50, u_super: 0.00357, sec: 69181.953, prod: 0.000448, t_ads: 51.0, t_des: 310.0, bed_util_ads: 0.201, bed_util_des: 0.199, frac_lost: 0.105, li_recovered:  0.162
L: 0.50, u_super: 0.00651, sec: 198997.031, prod: 0.000538, t_ads: 29.0, t_des: 101.0, bed_util_ads: 0.258, bed_util_des: 0.257, frac_lost: 0.110, li_recovered:  0.070
L: 0.66, u_super: 0.00188, sec: 17570.389, prod: 0.000477, t_ads: 122.0, t_des: 348.0, bed_util_ads: 0.250, bed_util_des: 0.247, frac_lost: 0.102, li_recovered:  0.224
L: 0.50, u_super: 0.00006, sec: 23.196, prod: 0.000303, t_ads: 2941.0, t_des: 7010.0, bed_util_ads: 0.154, bed_util_des: 0.112, frac_lost: 0.100, li_recovered:  3.014
L: 0.50, u_super: 0.00533, sec: 146645.250, prod: 0.000483, t_ads: 34.0, t_des: 96.0, bed_util_ads: 0.270, bed_util_des: 0.269, frac_lost: 0.100, li_recovered:  0.063
L: 0.74, u_super: 0.00327, sec: 53083.355, prod: 0.000486, t_ads: 79.0, t_des: 287.0, bed_util_ads: 0.235, bed_util_des: 0.233, frac_lost: 0.101, li_recovered:  0.178
L: 0.50, u_super: 0.00688, sec: 230820.078, prod: 0.000521, t_ads: 27.0, t_des: 99.0, bed_util_ads: 0.252, bed_util_des: 0.251, frac_lost: 0.104, li_recovered:  0.066
    49 |     1960 |     40 |  0.0024528711 |             f
L: 0.50, u_super: 0.00222, sec: 23822.354, prod: 0.000492, t_ads: 80.0, t_des: 268.0, bed_util_ads: 0.243, bed_util_des: 0.241, frac_lost: 0.103, li_recovered:  0.171
L: 0.51, u_super: 0.00839, sec: 346093.688, prod: 0.000527, t_ads: 23.0, t_des: 82.0, bed_util_ads: 0.258, bed_util_des: 0.257, frac_lost: 0.104, li_recovered:  0.055
L: 0.50, u_super: 0.00678, sec: 232658.125, prod: 0.000502, t_ads: 27.0, t_des: 91.0, bed_util_ads: 0.258, bed_util_des: 0.257, frac_lost: 0.101, li_recovered:  0.059
L: 0.51, u_super: 0.00417, sec: 84901.266, prod: 0.000501, t_ads: 44.0, t_des: 172.0, bed_util_ads: 0.239, bed_util_des: 0.237, frac_lost: 0.104, li_recovered:  0.108
L: 0.50, u_super: 0.00027, sec: 409.975, prod: 0.000399, t_ads: 640.0, t_des: 3227.0, bed_util_ads: 0.168, bed_util_des: 0.146, frac_lost: 0.100, li_recovered:  1.545
L: 0.51, u_super: 0.00011, sec: 75.634, prod: 0.000373, t_ads: 1511.0, t_des: 4836.0, bed_util_ads: 0.166, bed_util_des: 0.132, frac_lost: 0.100, li_recovered:  2.369
L: 0.50, u_super: 0.00579, sec: 162596.812, prod: 0.000516, t_ads: 32.0, t_des: 103.0, bed_util_ads: 0.262, bed_util_des: 0.261, frac_lost: 0.107, li_recovered:  0.070
L: 0.52, u_super: 0.00168, sec: 13710.946, prod: 0.000490, t_ads: 107.0, t_des: 370.0, bed_util_ads: 0.236, bed_util_des: 0.233, frac_lost: 0.102, li_recovered:  0.234
L: 0.50, u_super: 0.00446, sec: 101424.484, prod: 0.000484, t_ads: 41.0, t_des: 107.0, bed_util_ads: 0.277, bed_util_des: 0.276, frac_lost: 0.105, li_recovered:  0.072
L: 0.50, u_super: 0.00828, sec: 333616.406, prod: 0.000532, t_ads: 23.0, t_des: 83.0, bed_util_ads: 0.258, bed_util_des: 0.257, frac_lost: 0.109, li_recovered:  0.056
L: 0.51, u_super: 0.00350, sec: 62634.367, prod: 0.000474, t_ads: 53.0, t_des: 274.0, bed_util_ads: 0.213, bed_util_des: 0.211, frac_lost: 0.104, li_recovered:  0.155
L: 0.50, u_super: 0.00032, sec: 905.662, prod: 0.000271, t_ads: 540.0, t_des: 5804.0, bed_util_ads: 0.129, bed_util_des: 0.105, frac_lost: 0.100, li_recovered:  1.717
L: 0.50, u_super: 0.00533, sec: 142038.984, prod: 0.000499, t_ads: 34.0, t_des: 112.0, bed_util_ads: 0.256, bed_util_des: 0.255, frac_lost: 0.100, li_recovered:  0.073
L: 0.50, u_super: 0.00474, sec: 225823.906, prod: 0.000246, t_ads: 39.0, t_des: 695.0, bed_util_ads: 0.134, bed_util_des: 0.131, frac_lost: 0.106, li_recovered:  0.181
L: 0.51, u_super: 0.00008, sec: 44.591, prod: 0.000350, t_ads: 1904.0, t_des: 3828.0, bed_util_ads: 0.180, bed_util_des: 0.152, frac_lost: 0.100, li_recovered:  2.007
L: 0.52, u_super: 0.00013, sec: 104.430, prod: 0.000399, t_ads: 1272.0, t_des: 3747.0, bed_util_ads: 0.177, bed_util_des: 0.149, frac_lost: 0.100, li_recovered:  2.002
L: 0.50, u_super: 0.00854, sec: 363978.156, prod: 0.000520, t_ads: 22.0, t_des: 71.0, bed_util_ads: 0.268, bed_util_des: 0.267, frac_lost: 0.104, li_recovered:  0.048
L: 0.50, u_super: 0.00011, sec: 75.132, prod: 0.000363, t_ads: 1402.0, t_des: 2578.0, bed_util_ads: 0.200, bed_util_des: 0.180, frac_lost: 0.100, li_recovered:  1.444
L: 0.52, u_super: 0.00283, sec: 41586.117, prod: 0.000465, t_ads: 64.0, t_des: 168.0, bed_util_ads: 0.267, bed_util_des: 0.266, frac_lost: 0.100, li_recovered:  0.108
L: 0.50, u_super: 0.00736, sec: 255507.078, prod: 0.000543, t_ads: 26.0, t_des: 106.0, bed_util_ads: 0.247, bed_util_des: 0.246, frac_lost: 0.112, li_recovered:  0.072
L: 0.63, u_super: 0.00380, sec: 70743.617, prod: 0.000497, t_ads: 59.0, t_des: 204.0, bed_util_ads: 0.245, bed_util_des: 0.243, frac_lost: 0.103, li_recovered:  0.131
L: 0.50, u_super: 0.00623, sec: 185627.297, prod: 0.000527, t_ads: 30.0, t_des: 102.0, bed_util_ads: 0.259, bed_util_des: 0.258, frac_lost: 0.108, li_recovered:  0.070
L: 0.52, u_super: 0.00247, sec: 30134.371, prod: 0.000486, t_ads: 73.0, t_des: 240.0, bed_util_ads: 0.245, bed_util_des: 0.243, frac_lost: 0.100, li_recovered:  0.152
L: 0.72, u_super: 0.00643, sec: 252454.859, prod: 0.000414, t_ads: 40.0, t_des: 85.0, bed_util_ads: 0.295, bed_util_des: 0.295, frac_lost: 0.101, li_recovered:  0.052
L: 0.50, u_super: 0.00067, sec: 2285.028, prod: 0.000458, t_ads: 256.0, t_des: 1124.0, bed_util_ads: 0.200, bed_util_des: 0.192, frac_lost: 0.100, li_recovered:  0.632
L: 0.50, u_super: 0.00005, sec: 24.628, prod: 0.000237, t_ads: 2745.0, t_des: 3539.0, bed_util_ads: 0.180, bed_util_des: 0.159, frac_lost: 0.100, li_recovered:  1.487
L: 0.50, u_super: 0.00875, sec: 432420.750, prod: 0.000461, t_ads: 22.0, t_des: 153.0, bed_util_ads: 0.204, bed_util_des: 0.203, frac_lost: 0.109, li_recovered:  0.081
L: 0.51, u_super: 0.00717, sec: 253839.797, prod: 0.000517, t_ads: 26.0, t_des: 85.0, bed_util_ads: 0.263, bed_util_des: 0.262, frac_lost: 0.102, li_recovered:  0.057
L: 0.51, u_super: 0.00480, sec: 115776.930, prod: 0.000492, t_ads: 38.0, t_des: 116.0, bed_util_ads: 0.261, bed_util_des: 0.260, frac_lost: 0.100, li_recovered:  0.076
L: 0.50, u_super: 0.00555, sec: 151828.938, prod: 0.000506, t_ads: 33.0, t_des: 108.0, bed_util_ads: 0.258, bed_util_des: 0.257, frac_lost: 0.104, li_recovered:  0.071
L: 0.50, u_super: 0.00042, sec: 987.554, prod: 0.000424, t_ads: 386.0, t_des: 820.0, bed_util_ads: 0.247, bed_util_des: 0.240, frac_lost: 0.100, li_recovered:  0.512
L: 0.50, u_super: 0.00005, sec: 75.831, prod: 0.000092, t_ads: 2205.0, t_des: 1593.0, bed_util_ads: 0.204, bed_util_des: 0.199, frac_lost: 0.100, li_recovered:  0.350
L: 0.50, u_super: 0.00736, sec: 258762.156, prod: 0.000536, t_ads: 26.0, t_des: 92.0, bed_util_ads: 0.258, bed_util_des: 0.257, frac_lost: 0.111, li_recovered:  0.063
L: 0.51, u_super: 0.00005, sec: inf, prod: 0.000000, t_ads: 1832.0, t_des: 0.0, bed_util_ads: 0.230, bed_util_des: 0.230, frac_lost: 0.100, li_recovered:  0.000
L: 0.52, u_super: 0.00418, sec: 87014.625, prod: 0.000493, t_ads: 44.0, t_des: 159.0, bed_util_ads: 0.244, bed_util_des: 0.243, frac_lost: 0.101, li_recovered:  0.100
L: 0.50, u_super: 0.00538, sec: 141807.406, prod: 0.000509, t_ads: 34.0, t_des: 111.0, bed_util_ads: 0.258, bed_util_des: 0.257, frac_lost: 0.103, li_recovered:  0.074
L: 0.50, u_super: 0.00023, sec: 286.184, prod: 0.000426, t_ads: 733.0, t_des: 2854.0, bed_util_ads: 0.180, bed_util_des: 0.159, frac_lost: 0.100, li_recovered:  1.526
L: 0.50, u_super: 0.00676, sec: 213967.875, prod: 0.000542, t_ads: 28.0, t_des: 99.0, bed_util_ads: 0.258, bed_util_des: 0.257, frac_lost: 0.111, li_recovered:  0.069
L: 0.50, u_super: 0.00032, sec: 872.753, prod: 0.000281, t_ads: 482.0, t_des: 719.0, bed_util_ads: 0.270, bed_util_des: 0.265, frac_lost: 0.100, li_recovered:  0.337
L: 0.50, u_super: 0.00836, sec: 406718.312, prod: 0.000446, t_ads: 23.0, t_des: 169.0, bed_util_ads: 0.199, bed_util_des: 0.198, frac_lost: 0.109, li_recovered:  0.086
    50 |     2000 |     40 |  0.0024943073 |             f

================================================================================
PARETO FRONT
================================================================================
       L      u_super   des_thresh          SEC   Productivity
--------------------------------------------------------------------------------
  0.5054     0.000051       0.1288      20.4056       0.000290
  0.5002     0.008388       0.2575  326976.2500       0.000558
  0.5031     0.005333       0.2552  134407.5000       0.000527
  0.5015     0.006259       0.2574  184956.1719       0.000534
  0.5002     0.008363       0.2639  326856.3125       0.000555
  0.5001     0.007650       0.2607  273951.5625       0.000549
  0.5059     0.007084       0.2627  235808.9844       0.000542
  0.5023     0.007362       0.2574  252946.9688       0.000548
  0.5152     0.004169       0.2429   82943.8672       0.000514
  0.5002     0.006757       0.2576  213805.5938       0.000542
  0.5033     0.004742       0.2482  107807.6797       0.000516
  0.5084     0.004926       0.2480  115419.0781       0.000521
  0.5005     0.006505       0.2572  198491.5938       0.000539
  0.5001     0.000126       0.1609      91.3488       0.000402
  0.5132     0.003350       0.2409   54192.5742       0.000502
  0.5002     0.000109       0.1594      70.7484       0.000386
  0.5152     0.003967       0.2428   75768.7188       0.000508
  0.5166     0.002833       0.2414   38653.7383       0.000500
  0.5002     0.000153       0.1594     131.1750       0.000416
  0.5025     0.000077       0.1145      41.0758       0.000331
  0.5146     0.003569       0.2478   61067.3555       0.000507
  0.5059     0.000088       0.1485      49.7635       0.000362
  0.5032     0.000061       0.1385      27.5927       0.000315
  0.5019     0.002216       0.2407   23654.5996       0.000496
  0.5024     0.000190       0.1758     192.0633       0.000435
  0.5019     0.000424       0.2107     892.2950       0.000470
  0.5025     0.000055       0.1207      22.8944       0.000305
  0.5002     0.000173       0.1643     162.3164       0.000426
  0.5031     0.000325       0.1990     530.1635       0.000462
  0.5151     0.001553       0.2322   11748.7510       0.000486
  0.5002     0.007646       0.2607  273692.9688       0.000548
  0.5024     0.000229       0.1803     272.6801       0.000445
  0.5033     0.000269       0.1990     371.1794       0.000452
  0.5151     0.002470       0.2370   29327.7188       0.000498
  0.5139     0.000067       0.1381      31.9600       0.000326
  0.5001     0.000051       0.1249      20.5560       0.000296
  0.5057     0.000103       0.1612      65.0867       0.000376
  0.5055     0.000096       0.1395      57.8836       0.000371
  0.5151     0.001683       0.2329   13710.9463       0.000490
  0.5059     0.000082       0.1518      44.5914       0.000350
================================================================================

EXTREME SOLUTIONS
--------------------------------------------------------------------------------
Minimum SEC:
  L=0.5054 m, u=0.000051 m/s, des_thresh=0.1288
  SEC=20.4056, Productivity=0.000290 mol/m³/s

Maximum Productivity:
  L=0.5002 m, u=0.008388 m/s, des_thresh=0.2575
  SEC=326976.2500, Productivity=0.000558 mol/m³/s

Elbow (Best Trade-off):
  L=0.5054 m, u=0.000051 m/s, des_thresh=0.1288
  SEC=20.4056, Productivity=0.000290 mol/m³/s
--------------------------------------------------------------------------------
Generations: 51
================================================================================
