phi_star,Da2_star,Lambda_star,tau_star_break,bed_utilization
0.01731689453125,3.1406384277343746,7.3678955078124995,0.3999999999999979,0.46309086869079263
7.47079345703125,3.1406384277343746,7.3678955078124995,3.292617449664589,0.9455695939748601
0.01731689453125,3.1992028808593744,7.3678955078124995,0.3999999999999979,0.46868481985058563
0.01731689453125,3.1406384277343746,7.3823974609375,0.3999999999999979,0.4631143793112076
7.47079345703125,3.1992028808593744,7.3823974609375,3.2953020134229787,0.9467365075329577
5.01231689453125,8.138138427734376,2.4178955078125,2.3704697986577417,0.9606414774264964
2.4757934570312496,8.138138427734376,2.4178955078125,1.3543624161073633,0.9318394863937518
5.01231689453125,8.196702880859375,2.4178955078125,2.3704697986577417,0.9608731706359493
5.01231689453125,8.138138427734376,2.4323974609375,2.3704697986577417,0.9607355510022259
2.4757934570312496,8.196702880859375,2.4323974609375,1.355704697986558,0.9328487042024284
7.50981689453125,0.6418884277343749,9.8428955078125,2.9382550335571542,0.7403566416745978
9.96829345703125,0.6418884277343749,9.8428955078125,3.919463087248574,0.7996577789700335
7.50981689453125,5.697952880859375,9.8428955078125,3.3516778523491615,0.9720239125602663
7.50981689453125,0.6418884277343749,4.9073974609375,2.9436241610739335,0.7178588899433378
9.96829345703125,5.697952880859375,4.9073974609375,4.336912751678166,0.9754585749964955
2.5148168945312497,5.639388427734374,4.8928955078125,1.3530201342281687,0.9206697839783948
4.97329345703125,5.639388427734374,4.8928955078125,2.336912751677871,0.9536912218250598
2.5148168945312497,0.700452880859375,4.8928955078125,0.7999999999999907,0.3230068685395169
2.5148168945312497,5.639388427734374,9.8573974609375,1.3530201342281687,0.93011275405501
4.97329345703125,0.700452880859375,9.8573974609375,1.9624161073825201,0.6544763824271231
3.76356689453125,1.8912634277343747,1.1803955078125001,1.7395973154362154,0.7586187134883264
3.72454345703125,1.8912634277343747,1.1803955078125001,1.7234899328858801,0.756862507895256
3.76356689453125,1.9498278808593748,1.1803955078125001,1.7449664429529939,0.7646007516609267
3.76356689453125,1.8912634277343747,6.1448974609375,1.7489932885905777,0.831867098909425
3.72454345703125,1.9498278808593748,6.1448974609375,1.7369127516778262,0.8352982884569402
8.75856689453125,6.888763427734374,6.1303955078125,3.8617449664431964,0.9784418795846357
8.71954345703125,6.888763427734374,6.1303955078125,3.8456375838928585,0.9782931551977875
8.75856689453125,6.947327880859374,6.1303955078125,3.8617449664431964,0.9785881310810489
8.75856689453125,6.888763427734374,1.1948974609375,3.8630872483223913,0.9595032719585068
8.71954345703125,6.947327880859374,1.1948974609375,3.848322147651248,0.9597373552104818
6.2610668945312495,4.390013427734375,3.6553955078125,2.837583892617542,0.947068228970172
1.22704345703125,4.390013427734375,3.6553955078125,0.8241610738254936,0.8237401907106098
6.2610668945312495,9.446077880859375,3.6553955078125,2.8751677852349973,0.9759392079174182
6.2610668945312495,4.390013427734375,3.6698974609375004,2.837583892617542,0.947130064955148
1.22704345703125,9.446077880859375,3.6698974609375004,0.860402684563748,0.9202327620088511
1.26606689453125,9.387513427734374,8.6053955078125,0.8751677852348887,0.9342252790707619
6.2220434570312495,9.387513427734374,8.6053955078125,2.8577181208054645,0.9799949212174583
1.26606689453125,4.448577880859374,8.6053955078125,0.8402684563758289,0.8542979622871434
1.26606689453125,9.387513427734374,8.6198974609375,0.8751677852348887,0.9342426861673747
6.2220434570312495,4.448577880859374,8.6198974609375,2.821476510067204,0.956326385482529
1.89044189453125,0.017200927734375,3.0366455078125,0.3999999999999979,0.0036269039987850767
8.09516845703125,0.017200927734375,3.0366455078125,0.4013422818791925,0.0036308806194324094
1.89044189453125,7.572015380859375,3.0366455078125,1.1181208053691125,0.9188918006830384
1.89044189453125,0.017200927734375,9.2386474609375,0.3999999999999979,0.003744690671055389
8.09516845703125,7.572015380859375,9.2386474609375,3.600000000000205,0.980568332183924
6.88544189453125,5.014700927734374,7.9866455078125,3.095302013422949,0.9643950995124506
3.1001684570312498,5.014700927734374,7.9866455078125,1.5798657718120572,0.9302973920767208
6.88544189453125,2.5745153808593746,7.9866455078125,3.0375838926175716,0.9293208749359042
6.88544189453125,5.014700927734374,4.2886474609375,3.095302013422949,0.9592517493548895
3.1001684570312498,2.5745153808593746,4.2886474609375,1.526174496644273,0.8463340630368354
9.38294189453125,2.515950927734375,0.5616455078125,4.03221476510094,0.8717908621692099
5.59766845703125,2.515950927734375,0.5616455078125,2.508724832214809,0.8209249543525035
9.38294189453125,0.075765380859375,0.5616455078125,0.41073825503355477,0.0150499778252887
9.38294189453125,2.515950927734375,1.8136474609375002,4.037583892617719,0.9175659179032036
5.59766845703125,0.075765380859375,1.8136474609375002,0.40671140939597095,0.015743046113173318
4.38794189453125,7.513450927734374,5.5116455078125,2.116778523489919,0.9629073844513606
0.60266845703125,7.513450927734374,5.5116455078125,0.6026845637583835,0.865778371357927
4.38794189453125,5.073265380859374,5.5116455078125,2.0966442953019966,0.9442461514241047
4.38794189453125,7.513450927734374,6.7636474609374995,2.116778523489919,0.9644819088734825
0.60266845703125,5.073265380859374,6.7636474609374995,0.5798657718120752,0.7857612139829147
3.13919189453125,3.7653259277343745,9.2241455078125,1.5758389261744734,0.9095136324343851
1.85141845703125,3.7653259277343745,9.2241455078125,1.061744966442939,0.8665930751070108
3.13919189453125,6.322640380859374,9.2241455078125,1.608053691275144,0.9467800545389969
3.13919189453125,3.7653259277343745,8.001147460937501,1.5758389261744734,0.9075933549684934
1.85141845703125,6.322640380859374,8.001147460937501,1.0939597315436096,0.9208515210539792
8.13419189453125,8.762825927734376,4.2741455078124995,3.621476510067322,0.9803102461129203
6.84641845703125,8.762825927734376,4.2741455078124995,3.106040268456508,0.9769713171763654
8.13419189453125,1.3251403808593747,4.2741455078124995,3.4295302013424616,0.8661790656882102
8.13419189453125,8.762825927734376,3.0511474609375,3.621476510067322,0.9779742816066055
6.84641845703125,1.3251403808593747,3.0511474609375,2.918120805369232,0.832544264952797
5.63669189453125,1.2665759277343749,6.7491455078125,2.4187919463087555,0.8229374220012983
4.34891845703125,1.2665759277343749,6.7491455078125,1.9060402684563467,0.7791958370631333
5.63669189453125,3.8238903808593747,6.7491455078125,2.5771812080537453,0.9422470113458964
5.63669189453125,1.2665759277343749,0.5761474609375,2.366442953020157,0.7052221770875073
4.34891845703125,3.8238903808593747,0.5761474609375,2.0563758389261517,0.8484890859884484
0.64169189453125,6.264075927734375,1.7991455078125,0.6053691275167727,0.7947392669422799
9.34391845703125,6.264075927734375,1.7991455078125,4.092617449664707,0.9659906859967617
0.64169189453125,8.821390380859375,1.7991455078125,0.6228187919463026,0.8560230907755318
0.64169189453125,6.264075927734375,5.5261474609375,0.6093959731543566,0.8382824549717168
9.34391845703125,8.821390380859375,5.5261474609375,4.106040268456655,0.9840107485758836
0.95387939453125,1.5789196777343748,7.6772705078125,0.48456375838925814,0.3505738099491422
0.91485595703125,1.5789196777343748,7.6772705078125,0.46308724832214443,0.3302809016752446
0.95387939453125,1.0127966308593748,7.6772705078125,0.4228187919463062,0.20356101157002449
0.95387939453125,1.5789196777343748,2.7417724609375003,0.4590604026845606,0.31069233801511376
0.91485595703125,1.0127966308593748,2.7417724609375003,0.4187919463087224,0.19298944465284243
5.94887939453125,6.576419677734374,2.7272705078125004,2.735570469798735,0.959514853212441
5.90985595703125,6.576419677734374,2.7272705078125004,2.719463087248397,0.959199804730305
5.94887939453125,6.010296630859375,2.7272705078125004,2.7315436241611506,0.9557136944720332
5.94887939453125,6.576419677734374,7.6917724609375,2.735570469798735,0.9693142060494551
5.90985595703125,6.010296630859375,7.6917724609375,2.7154362416108127,0.9660658325819114
8.44637939453125,4.077669677734375,5.2022705078125,3.7060402684565963,0.9600942910929415
3.41235595703125,4.077669677734375,5.2022705078125,1.6926174496644042,0.9138962984645933
8.44637939453125,8.509046630859375,5.2022705078125,3.7449664429532463,0.9813833730343232
8.44637939453125,4.077669677734375,5.2167724609374995,3.7060402684565963,0.9601202813159685
3.41235595703125,8.509046630859375,5.2167724609374995,1.7302013422818532,0.9592612925751908
3.4513793945312496,9.075169677734374,0.25227050781250004,1.7422818791946046,0.8859065632946631
8.40735595703125,9.075169677734374,0.25227050781250004,3.7288590604029084,0.9286123924189769
3.4513793945312496,3.5115466308593746,0.25227050781250004,1.6671140939597067,0.7839667080831163
3.4513793945312496,9.075169677734374,0.2667724609375,1.7422818791946046,0.8872025077617096
8.40735595703125,3.5115466308593746,0.2667724609375,3.6630872483223618,0.8676010648417682
4.70012939453125,2.8282946777343745,3.9647705078125,2.1758389261744915,0.8974833912218827
9.65610595703125,2.8282946777343745,3.9647705078125,4.158389261745254,0.9451868732165671
4.70012939453125,4.760921630859374,3.9647705078125,2.217449664429531,0.939024655016057
4.70012939453125,2.8282946777343745,3.9792724609375,2.1758389261744915,0.8975783931046878
9.65610595703125,4.760921630859374,3.9792724609375,4.201342281879488,0.9677498056939762
9.69512939453125,7.8257946777343745,8.9147705078125,4.241610738255333,0.984093393726599
4.66110595703125,7.8257946777343745,8.9147705078125,2.226845637583895,0.969017011179594
9.69512939453125,9.758421630859376,8.9147705078125,3.660402684563972,0.8428224339263894
9.69512939453125,7.8257946777343745,8.9292724609375,4.241610738255333,0.9840957108581687
4.66110595703125,9.758421630859376,8.9292724609375,2.234899328859064,0.9755131684587786
7.1976293945312495,0.32954467773437496,1.4897705078125,2.0107382550335275,0.3754876989953713
7.15860595703125,0.32954467773437496,1.4897705078125,1.9919463087248015,0.372863313195782
7.1976293945312495,7.2596716308593745,1.4897705078125,3.2402684563759907,0.9594583806579504
7.1976293945312495,0.32954467773437496,6.4542724609375,2.2630872483221554,0.45843508305163466
7.15860595703125,7.2596716308593745,6.4542724609375,3.2241610738256528,0.9757685175064071
2.20262939453125,5.327044677734374,6.4397705078125,1.225503355704681,0.912894018868563
2.16360595703125,5.327044677734374,6.4397705078125,1.2093959731543458,0.9115964109968888
2.20262939453125,2.262171630859375,6.4397705078125,1.150335570469783,0.7873607509751361
2.20262939453125,5.327044677734374,1.5042724609375002,1.2268456375838757,0.8705002193975074
2.16360595703125,2.262171630859375,1.5042724609375002,1.123489932885891,0.717016346441881
1.57825439453125,4.702357177734375,2.1085205078125,0.9691275167785112,0.838841378936186
4.03673095703125,4.702357177734375,2.1085205078125,1.953020134228158,0.9147712773602323
1.57825439453125,5.3856091308593745,2.1085205078125,0.9771812080536788,0.858358054015508
1.57825439453125,4.702357177734375,0.8855224609375,0.9624161073825381,0.7977815167100233
4.03673095703125,5.3856091308593745,0.8855224609375,1.9610738255033255,0.8950042893298481
6.57325439453125,9.699857177734375,7.0585205078125,3.0000000000001164,0.981018050635012
9.03173095703125,9.699857177734375,7.0585205078125,3.983892617449926,0.985878574023973
6.57325439453125,0.388109130859375,7.0585205078125,2.2013422818791932,0.5020404432734551
6.57325439453125,9.699857177734375,5.8355224609375,3.0000000000001164,0.9802025778768507
9.03173095703125,0.388109130859375,5.8355224609375,3.237583892617601,0.6197609177787504
9.07075439453125,2.2036071777343746,4.5835205078125,3.8926174496646775,0.9279207317589657
1.5392309570312501,2.2036071777343746,4.5835205078125,0.8765100671140833,0.6955879390941381
9.07075439453125,2.8868591308593747,4.5835205078125,3.9248322147653534,0.9451155658132064
9.07075439453125,2.2036071777343746,8.3105224609375,3.8912751677854827,0.9356978363012923
1.5392309570312501,2.8868591308593747,8.3105224609375,0.9127516778523377,0.7925908931945642
4.07575439453125,7.201107177734374,9.5335205078125,1.9892617449664123,0.9625694695679445
6.53423095703125,7.201107177734374,9.5335205078125,2.9731543624162198,0.9751463533216416
4.07575439453125,7.884359130859374,9.5335205078125,1.993288590603996,0.9660331734206873
4.07575439453125,7.201107177734374,3.3605224609375,1.9892617449664123,0.952691447215746
6.53423095703125,7.884359130859374,3.3605224609375,2.9771812080538043,0.9711361745865217
2.82700439453125,0.954232177734375,5.8210205078124995,1.1959731543623997,0.5645361174498
5.2854809570312495,0.954232177734375,5.8210205078124995,2.204026845637583,0.7463914148890363
2.82700439453125,9.133734130859375,5.8210205078124995,1.4993288590603808,0.9575780756679798
2.82700439453125,0.954232177734375,2.1230224609375004,1.1476510067113939,0.5114113057707539
5.2854809570312495,9.133734130859375,2.1230224609375004,2.4832214765101073,0.9644951717755885
7.82200439453125,5.951732177734375,0.8710205078125,3.4832214765102547,0.939915228873413
0.29048095703125004,5.951732177734375,0.8710205078125,0.4362416107382523,0.6364473326152911
7.82200439453125,4.136234130859375,0.8710205078125,3.4604026845639426,0.9171682848633436
7.82200439453125,5.951732177734375,7.0730224609375,3.4791946308726702,0.9728155866889887
0.29048095703125004,4.136234130859375,7.0730224609375,0.42684563758389005,0.5731330472687686
5.32450439453125,3.4529821777343748,8.2960205078125,2.4429530201342624,0.9348316194544242
7.78298095703125,3.4529821777343748,8.2960205078125,3.426845637584072,0.9533993007936986
5.32450439453125,1.6374841308593748,8.2960205078125,2.3463087248322347,0.8607681847796895
5.32450439453125,3.4529821777343748,9.5480224609375,2.4429530201342624,0.9361560890528104
7.78298095703125,1.6374841308593748,9.5480224609375,3.3288590604028494,0.9021167824473015
0.32950439453125,8.450482177734376,3.3460205078125003,0.49127516778523117,0.8196574022728065
2.78798095703125,8.450482177734376,3.3460205078125003,1.4805369127516563,0.9460416624668986
0.32950439453125,6.634984130859374,3.3460205078125003,0.4724832214765067,0.7475741818812738
0.32950439453125,8.450482177734376,4.5980224609375,0.4926174496644258,0.830236469706561
2.78798095703125,6.634984130859374,4.5980224609375,1.471140939597294,0.9370026392914481
0.48559814453125,0.7980603027343749,0.7163330078125,0.40402684563758173,0.14531686849484324
2.00751220703125,0.7980603027343749,0.7163330078125,0.46308724832214443,0.16281696818154417
0.48559814453125,4.604749755859374,0.7163330078125,0.48724832214764735,0.6056981115614377
0.48559814453125,0.7980603027343749,3.2058349609375,0.40536912751677634,0.15313052660835885
2.00751220703125,4.604749755859374,3.2058349609375,1.1395973154362262,0.8737685364465759
5.48059814453125,5.7955603027343745,5.6663330078125,2.540939597315485,0.9598650195683887
7.00251220703125,5.7955603027343745,5.6663330078125,3.150335570469937,0.9677124237436261
5.48059814453125,9.602249755859376,5.6663330078125,2.562416107382602,0.9763225104037628
5.48059814453125,5.7955603027343745,8.1558349609375,2.540939597315485,0.9625727052960323
7.00251220703125,9.602249755859376,8.1558349609375,3.1718120805370544,0.9824447226639008
7.97809814453125,3.2968103027343747,3.1913330078125,3.5020134228189823,0.9404846697701256
4.50501220703125,3.2968103027343747,3.1913330078125,2.1127516778523345,0.9033109668237923
7.97809814453125,7.103499755859374,3.1913330078125,3.551677852349191,0.9727612622167601
7.97809814453125,3.2968103027343747,5.6808349609375,3.5006711409397875,0.9487363965231279
4.50501220703125,7.103499755859374,5.6808349609375,2.1610738255033484,0.9617546672786943
2.9830981445312497,8.294310302734376,8.1413330078125,1.557046979865749,0.9573611786393704
9.50001220703125,8.294310302734376,8.1413330078125,4.166442953020423,0.9845870767308063
2.9830981445312497,2.105999755859375,8.1413330078125,1.4523489932885696,0.8257371941877405
2.9830981445312497,8.294310302734376,0.7308349609375,1.5583892617449435,0.9047501092731534
9.50001220703125,2.105999755859375,0.7308349609375,4.059060402684836,0.8660155106337084
4.2318481445312495,4.546185302734375,6.9038330078125,2.0268456375838655,0.938462677412242
8.25126220703125,4.546185302734375,6.9038330078125,3.636241610738465,0.9657517901460438
4.2318481445312495,0.8566247558593749,6.9038330078125,1.7436241610737993,0.6641261997110248
4.2318481445312495,4.546185302734375,4.4433349609374995,2.0281879194630603,0.9326587750810068
8.25126220703125,0.8566247558593749,4.4433349609374995,3.357046979865941,0.7998145403737361
9.22684814453125,9.543685302734374,1.9538330078125001,4.063087248322421,0.9783665790567533
3.25626220703125,9.543685302734374,1.9538330078125001,1.672483221476485,0.9481836515387068
9.22684814453125,5.854124755859375,1.9538330078125001,4.042953020134498,0.9646603573160518
9.22684814453125,9.543685302734374,9.3933349609375,4.134228187919747,0.9867189492025399
3.25626220703125,5.854124755859375,9.3933349609375,1.6510067114093714,0.944142463838205
6.72934814453125,2.0474353027343746,9.3788330078125,2.9449664429531284,0.9110700671471558
5.75376220703125,2.0474353027343746,9.3788330078125,2.554362416107433,0.8979394026891436
6.72934814453125,8.352874755859375,9.3788330078125,3.057718120805494,0.9793636784869025
6.72934814453125,2.0474353027343746,6.9183349609375,2.9449664429531284,0.9068128769119408
5.75376220703125,8.352874755859375,6.9183349609375,2.667114093959799,0.974876216483048
1.73434814453125,7.044935302734374,4.4288330078125,1.0523489932885768,0.9167868926243643
0.7587622070312501,7.044935302734374,4.4288330078125,0.6630872483221408,0.8665484286789944
1.73434814453125,3.3553747558593745,4.4288330078125,1.0067114093959602,0.8216861573354569
1.73434814453125,7.044935302734374,1.9683349609375003,1.0536912751677714,0.8945332888789586
0.7587622070312501,3.3553747558593745,1.9683349609375003,0.5892617449664375,0.6346823167546072
2.35872314453125,2.672122802734375,9.9975830078125,1.232214765100654,0.8410228145272214
2.63188720703125,2.672122802734375,9.9975830078125,1.3409395973154172,0.8538263593991615
2.35872314453125,8.977562255859375,9.9975830078125,1.3100671140939413,0.954682626673399
2.35872314453125,2.672122802734375,0.1120849609375,1.1637583892617291,0.6638338131057762
2.63188720703125,8.977562255859375,0.1120849609375,1.4040268456375637,0.8530185375383105
7.35372314453125,7.6696228027343745,5.0475830078124995,3.3046979865773425,0.9763836602076914
7.62688720703125,7.6696228027343745,5.0475830078124995,3.4134228187921236,0.9770738453310537
7.35372314453125,3.980062255859375,5.0475830078124995,3.2671140939598873,0.9533292110345333
7.35372314453125,7.6696228027343745,5.0620849609375,3.3046979865773425,0.9764010632637783
7.62688720703125,3.980062255859375,5.0620849609375,3.3771812080538632,0.9549676365621682
9.85122314453125,0.173372802734375,7.5225830078125,1.9543624161073525,0.2501559763860837
0.13438720703125,0.173372802734375,7.5225830078125,0.3999999999999979,0.036752211494097964
9.85122314453125,1.4813122558593748,7.5225830078125,4.136912751678136,0.9094452059623688
9.85122314453125,0.173372802734375,7.5370849609375,1.9557046979865471,0.25034068934498904
0.13438720703125,1.4813122558593748,7.5370849609375,0.4026845637583871,0.26667726212259996
4.85622314453125,5.170872802734374,2.5725830078125003,2.2859060402684674,0.9375487526696828
5.12938720703125,5.170872802734374,2.5725830078125003,2.3959731543624434,0.9404594794855686
4.85622314453125,6.478812255859374,2.5725830078125003,2.297986577181221,0.9502309806191578
4.85622314453125,5.170872802734374,2.5870849609375,2.2859060402684674,0.9376748136585107
5.12938720703125,6.478812255859374,2.5870849609375,2.406711409396002,0.9524285722913886
3.60747314453125,1.4227478027343747,3.8100830078125,1.6362416107382307,0.7489614271120882
6.37813720703125,1.4227478027343747,3.8100830078125,2.744966442953099,0.8423595226051237
3.60747314453125,5.2294372558593745,3.8100830078125,1.7865771812080267,0.9307113096919355
3.60747314453125,1.4227478027343747,1.3495849609375001,1.614765100671117,0.6929341364033712
6.37813720703125,5.2294372558593745,1.3495849609375001,2.8966442953021145,0.9355121289329713
8.60247314453125,6.420247802734375,8.7600830078125,3.79597315436265,0.9779608165444176
1.38313720703125,6.420247802734375,8.7600830078125,0.9073825503355593,0.9074017156501355
8.60247314453125,0.231937255859375,8.7600830078125,2.280536912751688,0.3645332717165467
8.60247314453125,6.420247802734375,6.2995849609375,3.79597315436265,0.9765293724976262
1.38313720703125,0.231937255859375,6.2995849609375,0.40536912751677634,0.04914928429933276
6.10497314453125,3.9214978027343745,1.3350830078125002,2.769127516778606,0.912463669400259
8.87563720703125,3.9214978027343745,1.3350830078125002,3.8778523489935344,0.9353729494631491
6.10497314453125,2.7306872558593747,1.3350830078125002,2.73691275167793,0.8789504059399639
6.10497314453125,3.9214978027343745,8.7745849609375,2.766442953020216,0.9497471168733266
8.87563720703125,2.7306872558593747,8.7745849609375,3.840268456376079,0.9477870349390853
1.10997314453125,8.918997802734376,6.2850830078125,0.8107382550335476,0.9207649655771584
3.88063720703125,8.918997802734376,6.2850830078125,1.9194630872482927,0.9664725280523825
1.10997314453125,7.728187255859375,6.2850830078125,0.8067114093959638,0.908575234016155
1.10997314453125,8.918997802734376,3.8245849609375004,0.8120805369127422,0.9117640561466079
3.88063720703125,7.728187255859375,3.8245849609375004,1.9140939597315143,0.9559764893814907
0.79778564453125,4.233841552734375,4.7382080078125,0.6469798657718056,0.7677183855052867
6.06594970703125,4.233841552734375,4.7382080078125,2.7570469798658523,0.9473867057639525
0.79778564453125,2.4183435058593745,4.7382080078125,0.5530201342281831,0.5336714668669243
0.79778564453125,4.233841552734375,6.6089599609375,0.6483221476510002,0.7793313768827295
6.06594970703125,2.4183435058593745,6.6089599609375,2.7020134228188644,0.9130609210909129
5.79278564453125,9.231341552734374,9.6882080078125,2.6859060402685264,0.9787914082625002
1.0709497070312501,9.231341552734374,9.6882080078125,0.7959731543624069,0.9274337036886474
5.79278564453125,7.415843505859375,9.6882080078125,2.6778523489933574,0.9732567633321141
5.79278564453125,9.231341552734374,1.6589599609375,2.6872483221477212,0.9636250720290658
1.0709497070312501,7.415843505859375,1.6589599609375,0.7892617449664339,0.8620696512673562
8.29028564453125,1.7350915527343747,2.2632080078125,3.5489932885908013,0.8797968310099167
8.56344970703125,1.7350915527343747,2.2632080078125,3.6577181208055825,0.8829625875550886
8.29028564453125,9.914593505859376,2.2632080078125,3.6885906040270635,0.9785099309586399
8.29028564453125,1.7350915527343747,4.1339599609375,3.544966442953217,0.8983921992149626
8.56344970703125,9.914593505859376,4.1339599609375,3.7973154362418446,0.9833222591240086
3.29528564453125,6.732591552734374,7.2132080078125,1.6738255033556797,0.9501240461043745
3.5684497070312498,6.732591552734374,7.2132080078125,1.7838926174496375,0.9533662956927663
3.29528564453125,4.917093505859374,7.2132080078125,1.6577181208053444,0.9312889462675231
3.29528564453125,6.732591552734374,9.0839599609375,1.6738255033556797,0.9519697891213945
3.5684497070312498,4.917093505859374,9.0839599609375,1.7664429530201076,0.9376509116581713
4.54403564453125,0.485716552734375,8.4507080078125,1.515436241610716,0.4476230117721487
4.81719970703125,0.485716552734375,8.4507080078125,1.6469798657717876,0.4767830201657516
4.54403564453125,3.6677185058593746,8.4507080078125,2.1355704697986466,0.9300858430324841
4.54403564453125,0.485716552734375,5.3714599609375,1.4845637583892402,0.43012139480886813
4.81719970703125,3.6677185058593746,5.3714599609375,2.2456375838926226,0.9278288708117983
9.53903564453125,5.483216552734374,3.5007080078125004,4.163758389262033,0.9707395553952997
9.81219970703125,5.483216552734374,3.5007080078125004,4.272483221476814,0.9714256417318237
9.53903564453125,8.665218505859375,3.5007080078125004,4.183892617449955,0.9817251755195648
9.53903564453125,5.483216552734374,0.42145996093750004,4.163758389262033,0.9220451024043331
9.81219970703125,8.665218505859375,0.42145996093750004,4.293959731543931,0.9459258931166047
7.04153564453125,2.9844665527343746,5.9757080078125,3.1167785234900665,0.9372924859142918
2.31969970703125,2.9844665527343746,5.9757080078125,1.2295302013422649,0.8456679018873733
7.04153564453125,6.166468505859374,5.9757080078125,3.1691275167786648,0.9702278401949996
7.04153564453125,2.9844665527343746,2.8964599609375004,3.1181208053692613,0.9243737002614604
2.31969970703125,6.166468505859374,2.8964599609375004,1.28053691275166,0.9117801511625745
2.0465356445312497,7.981966552734375,1.0257080078125,1.1825503355704536,0.8922889150140796
7.31469970703125,7.981966552734375,1.0257080078125,3.291275167785394,0.9554338124825801
2.0465356445312497,1.1689685058593748,1.0257080078125,0.8362416107382451,0.43319829365270623
2.0465356445312497,7.981966552734375,7.8464599609375,1.181208053691259,0.9414380573993804
7.31469970703125,1.1689685058593748,7.8464599609375,3.0684563758390526,0.8505568242302941
1.42216064453125,2.3597790527343747,5.3569580078125,0.8402684563758289,0.7064398517400092
9.18782470703125,2.3597790527343747,5.3569580078125,3.9489932885908603,0.9359227015485886
1.42216064453125,6.791156005859374,5.3569580078125,0.9261744966442838,0.9064243617804199
1.42216064453125,2.3597790527343747,9.7027099609375,0.8416107382550235,0.7254758582868348
9.18782470703125,6.791156005859374,9.7027099609375,4.03221476510094,0.9807401559968325
6.41716064453125,7.357279052734374,0.4069580078125,2.9275167785235956,0.918123361587886
4.19282470703125,7.357279052734374,0.4069580078125,2.0348993288590345,0.8947473727774695
6.41716064453125,1.7936560058593747,0.4069580078125,2.7637583892618265,0.7745125963289845
6.41716064453125,7.357279052734374,4.7527099609375,2.9275167785235956,0.9715826101924303
4.19282470703125,1.7936560058593747,4.7527099609375,1.9127516778523197,0.8299901339479241
8.91466064453125,4.858529052734374,7.8319580078125,3.9060402684566258,0.9709256469146743
6.69032470703125,4.858529052734374,7.8319580078125,3.0147651006712595,0.9620442274491505
8.91466064453125,4.292406005859375,7.8319580078125,3.896644295302262,0.9667822196418707
8.91466064453125,4.858529052734374,2.2777099609375,3.9060402684566258,0.9587140471585509
6.69032470703125,4.292406005859375,2.2777099609375,3.0080536912752853,0.9399469775691919
3.91966064453125,9.856029052734375,2.8819580078125,1.9382550335570172,0.9626204955975142
1.69532470703125,9.856029052734375,2.8819580078125,1.0496644295301876,0.9323981377367705
3.91966064453125,9.289906005859375,2.8819580078125,1.9369127516778226,0.9604394443659481
3.91966064453125,9.856029052734375,7.2277099609375,1.9382550335570172,0.9708473922713694
1.69532470703125,9.289906005859375,7.2277099609375,1.0469798657717984,0.942877586610014
2.67091064453125,3.6091540527343744,1.6444580078125002,1.3879194630872285,0.8416107743653916
0.44657470703125,3.6091540527343744,1.6444580078125002,0.44429530201341993,0.5149544120754305
2.67091064453125,8.040531005859375,1.6444580078125002,1.433557046979845,0.9245477395793609
2.67091064453125,3.6091540527343744,8.4652099609375,1.3852348993288393,0.8917656795596788
0.44657470703125,8.040531005859375,8.4652099609375,0.5422818791946262,0.864500735225388
7.66591064453125,8.606654052734376,6.5944580078124995,3.433557046980046,0.9810484509841113
5.44157470703125,8.606654052734376,6.5944580078124995,2.5436241610738746,0.9742475832995994
7.66591064453125,3.043031005859375,6.5944580078124995,3.3677852348994994,0.9439930660219982
7.66591064453125,8.606654052734376,3.5152099609375003,3.433557046980046,0.9774955645755443
5.44157470703125,3.043031005859375,3.5152099609375003,2.479194630872523,0.9127166541059744
5.16841064453125,1.1104040527343748,4.1194580078125,2.202684563758388,0.7648581772817836
2.94407470703125,1.1104040527343748,4.1194580078125,1.2979865771811898,0.6257668857597604
5.16841064453125,0.544281005859375,4.1194580078125,1.8697986577180923,0.5337209101626271
5.16841064453125,1.1104040527343748,1.0402099609375002,2.1664429530201277,0.6907033822303807
2.94407470703125,0.544281005859375,1.0402099609375002,0.5355704697986532,0.14565576979752715
0.17341064453125002,6.107904052734375,9.0694580078125,0.420134228187917,0.6900796339195985
7.93907470703125,6.107904052734375,9.0694580078125,3.527516778523684,0.9750368043652733
0.17341064453125002,5.541781005859375,9.0694580078125,0.4174496644295278,0.657854440240345
0.17341064453125002,6.107904052734375,5.9902099609374995,0.420134228187917,0.6830532453969606
7.93907470703125,5.541781005859375,5.9902099609374995,3.5234899328860996,0.9702855390689862
0.25145751953125,2.1255212402343746,4.1968017578125,0.40939597315436016,0.35240675669997906
4.11477783203125,2.1255212402343746,4.1968017578125,1.9073825503355413,0.8503851381673975
0.25145751953125,9.680335693359375,4.1968017578125,0.46442953020133904,0.8334658767101903
0.25145751953125,2.1255212402343746,8.0784912109375,0.40939597315436016,0.3594081663920565
4.11477783203125,9.680335693359375,8.0784912109375,2.016107382550307,0.972111656232556
5.2464575195312495,7.123021240234374,9.1468017578125,2.4577181208054055,0.9693312462484076
9.10977783203125,7.123021240234374,9.1468017578125,4.004026845637848,0.9814755555645434
5.2464575195312495,4.682835693359374,9.1468017578125,2.4348993288590934,0.9524394480620317
5.2464575195312495,7.123021240234374,3.1284912109375003,2.4577181208054055,0.9603571727629558
9.10977783203125,4.682835693359374,3.1284912109375003,3.982550335570731,0.9627804003429782
7.74395751953125,4.624271240234375,1.7218017578125002,3.4362416107384357,0.9448906846025827
1.61727783203125,4.624271240234375,1.7218017578125002,0.9825503355704572,0.8293271634449535
7.74395751953125,2.184085693359375,1.7218017578125002,3.36510067114111,0.887490871559428
7.74395751953125,4.624271240234375,0.6534912109375,3.4362416107384357,0.9140765334014411
1.61727783203125,2.184085693359375,0.6534912109375,0.8563758389261642,0.5954407626367508
2.74895751953125,9.621771240234375,6.6718017578125,1.4697986577180995,0.960113585780549
6.61227783203125,9.621771240234375,6.6718017578125,3.0147651006712595,0.9806397380717609
2.74895751953125,7.1815856933593745,6.6718017578125,1.457718120805348,0.9455068659492488
2.74895751953125,9.621771240234375,5.6034912109374995,1.4697986577180995,0.9586155849312809
6.61227783203125,7.1815856933593745,5.6034912109374995,3.004026845637701,0.9726715648776421
3.9977075195312497,3.3748962402343747,7.9093017578125,1.9100671140939305,0.9146021643951641
5.36352783203125,3.3748962402343747,7.9093017578125,2.4563758389262107,0.9331757931104664
3.9977075195312497,5.932210693359375,7.9093017578125,1.948993288590574,0.9521318938683389
3.9977075195312497,3.3748962402343747,9.3159912109375,1.9100671140939305,0.9166453850050582
5.36352783203125,5.932210693359375,9.3159912109375,2.4953020134228607,0.9635440066031374
8.99270751953125,8.372396240234375,2.9593017578125003,3.9637583892620034,0.978727346946404
0.36852783203125,8.372396240234375,2.9593017578125003,0.5087248322147611,0.8253817707887752
8.99270751953125,0.934710693359375,2.9593017578125003,3.684563758389479,0.8137064457917014
8.99270751953125,8.372396240234375,4.3659912109375,3.9637583892620034,0.9813332130014742
0.36852783203125,0.934710693359375,4.3659912109375,0.40536912751677634,0.17834749161664565
6.49520751953125,0.8761462402343749,5.4343017578124995,2.6604026845638247,0.7667834082573239
7.86102783203125,0.8761462402343749,5.4343017578124995,3.20671140939612,0.8026724008797734
6.49520751953125,3.4334606933593745,5.4343017578124995,2.9114093959732577,0.9404292462963735
6.49520751953125,0.8761462402343749,1.8909912109375002,2.651006711409461,0.7170194544465401
7.86102783203125,3.4334606933593745,1.8909912109375002,3.4604026845639426,0.9300866858303416
1.50020751953125,5.8736462402343745,0.48430175781250007,0.9382550335570352,0.8014511343775916
2.86602783203125,5.8736462402343745,0.48430175781250007,1.4912751677852132,0.8549410360779541
1.50020751953125,8.430960693359376,0.48430175781250007,0.9597315436241489,0.8497139965599896
1.50020751953125,5.8736462402343745,6.8409912109375,0.9503355704697867,0.899554385882023
2.86602783203125,8.430960693359376,6.8409912109375,1.5114093959731323,0.9556150197453348
2.1245825195312498,3.9995837402343746,6.0530517578125,1.1758389261744806,0.8785580602666104
0.9929028320312501,3.9995837402343746,6.0530517578125,0.7234899328858981,0.7952266074789791
2.1245825195312498,4.058148193359375,6.0530517578125,1.1771812080536752,0.8804792684042047
2.1245825195312498,3.9995837402343746,6.2222412109375,1.1758389261744806,0.8791821132894779
0.9929028320312501,4.058148193359375,6.2222412109375,0.7248322147650927,0.7997058079051742
7.11958251953125,8.997083740234375,1.1030517578125,3.2174496644296786,0.9609430635782447
5.98790283203125,8.997083740234375,1.1030517578125,2.7651006711410213,0.9551260418048768
7.11958251953125,9.055648193359374,1.1030517578125,3.2174496644296786,0.9611513723712385
7.11958251953125,8.997083740234375,1.2722412109375,3.2174496644296786,0.9639542721305392
5.98790283203125,9.055648193359374,1.2722412109375,2.7651006711410213,0.9586973673111505
9.61708251953125,1.5008337402343748,8.5280517578125,4.045637583892888,0.9103578102476391
3.4904028320312497,1.5008337402343748,8.5280517578125,1.5973154362415871,0.782842965246765
9.61708251953125,6.556898193359374,8.5280517578125,4.202684563758683,0.9804774680093722
9.61708251953125,1.5008337402343748,3.7472412109375,4.048322147651278,0.8945540754693206
3.4904028320312497,6.556898193359374,3.7472412109375,1.751677852348967,0.9432623366112804
4.62208251953125,6.498333740234375,3.5780517578125,2.204026845637583,0.9537021915620251
8.48540283203125,6.498333740234375,3.5780517578125,3.7503355704700256,0.9727889584391605
4.62208251953125,1.5593981933593748,3.5780517578125,2.061744966442931,0.8094128565515265
4.62208251953125,6.498333740234375,8.6972412109375,2.202684563758388,0.9618470736457465
8.48540283203125,1.5593981933593748,8.6972412109375,3.600000000000205,0.9035558116640802
3.37333251953125,0.251458740234375,2.3405517578125004,0.4161073825503332,0.05229259207759195
9.73415283203125,0.251458740234375,2.3405517578125004,2.7932885906041127,0.41327351980584454
3.37333251953125,0.310023193359375,2.3405517578125004,0.4228187919463062,0.06494942039693721
3.37333251953125,0.251458740234375,7.4597412109375,0.4187919463087224,0.05538268228668001
9.73415283203125,0.310023193359375,7.4597412109375,3.310067114094122,0.5687020426010445
8.36833251953125,5.248958740234374,7.2905517578125,3.691275167785453,0.9710895032563877
4.73915283203125,5.248958740234374,7.2905517578125,2.2389261744966484,0.9521719392181185
8.36833251953125,5.3075231933593745,7.2905517578125,3.692617449664648,0.9715100876287517
8.36833251953125,5.248958740234374,2.5097412109375004,3.692617449664648,0.9611809668315314
4.73915283203125,5.3075231933593745,2.5097412109375004,2.2402684563758433,0.9373013017085292
5.87083251953125,2.750208740234375,4.8155517578125,2.6402684563759022,0.9164255642059592
7.2366528320312495,2.750208740234375,4.8155517578125,3.1865771812081976,0.9303445230018534
5.87083251953125,7.806273193359374,4.8155517578125,2.711409395973228,0.9712180423646855
5.87083251953125,2.750208740234375,4.9847412109375,2.6402684563759022,0.9170807380783452
7.2366528320312495,7.806273193359374,4.9847412109375,3.2577181208055235,0.9762828412042663
0.8758325195312501,7.7477087402343745,9.7655517578125,0.7127516778523413,0.9034601276764537
2.24165283203125,7.7477087402343745,9.7655517578125,1.2577181208053516,0.9450299919809299
0.8758325195312501,2.8087731933593747,9.7655517578125,0.6348993288590541,0.6663228775555828
0.8758325195312501,7.7477087402343745,9.9347412109375,0.7127516778523413,0.9036976771684082
2.24165283203125,2.8087731933593747,9.9347412109375,1.1906040268456213,0.8430354814122833
1.18802001953125,3.0625524902343746,0.7936767578125,0.7463087248322064,0.650205387700975
7.54884033203125,3.0625524902343746,0.7936767578125,3.324832214765265,0.8865281621316894
1.18802001953125,7.493929443359375,0.7936767578125,0.8322147651006613,0.8389543280425782
1.18802001953125,3.0625524902343746,2.2003662109375,0.7691275167785148,0.7083522592253633
7.54884033203125,7.493929443359375,2.2003662109375,3.3825503355706426,0.9687206726763504
6.18302001953125,8.060052490234375,5.7436767578125,2.837583892617542,0.9745302150137184
2.5538403320312497,8.060052490234375,5.7436767578125,1.3852348993288393,0.9476507752004208
6.18302001953125,2.4964294433593746,5.7436767578125,2.753020134228268,0.9149925719849996
6.18302001953125,8.060052490234375,7.1503662109374995,2.837583892617542,0.9756905294014271
2.5538403320312497,2.4964294433593746,7.1503662109374995,1.3020134228187736,0.8316133283549313
8.68052001953125,0.563802490234375,3.2686767578125,3.3449664429531873,0.7000870397541931
5.05134033203125,0.563802490234375,3.2686767578125,1.829530201342254,0.5279898901990043
8.68052001953125,4.995179443359374,3.2686767578125,3.8147651006713774,0.9641153069517574
8.68052001953125,0.563802490234375,9.6253662109375,3.3422818791947977,0.740378282618914
5.05134033203125,4.995179443359374,9.6253662109375,2.361073825503378,0.9544094667138802
3.68552001953125,5.561302490234374,8.2186767578125,1.8201342281878918,0.9455614109106254
0.05634033203125,5.561302490234374,8.2186767578125,0.40402684563758173,0.645534899747913
3.68552001953125,9.992679443359375,8.2186767578125,1.8456375838925894,0.9706396310551445
3.68552001953125,5.561302490234374,4.6753662109375,1.8214765100670864,0.9394087577720487
0.05634033203125,9.992679443359375,4.6753662109375,0.40805369127516555,0.7981975579563199
4.93427001953125,1.8131774902343747,6.9811767578124995,2.2080536912751674,0.8624578966721402
1.3050903320312501,1.8131774902343747,6.9811767578124995,0.7355704697986496,0.5829737664847975
4.93427001953125,8.743304443359374,6.9811767578124995,2.3409395973154554,0.9727019002126622
4.93427001953125,1.8131774902343747,0.9628662109375,2.1999999999999984,0.7810953538850065
1.3050903320312501,8.743304443359374,0.9628662109375,0.8885906040268348,0.872421985823268
9.92927001953125,6.810677490234374,2.0311767578125,4.3315436241613865,0.9721003612660112
6.30009033203125,6.810677490234374,2.0311767578125,2.877852348993387,0.9581262343184425
9.92927001953125,3.7458044433593747,2.0311767578125,4.293959731543931,0.9491029218738046
9.92927001953125,6.810677490234374,5.9128662109375,4.330201342282192,0.9804938264758674
6.30009033203125,3.7458044433593747,5.9128662109375,2.8402684563759317,0.9449354800613678
7.43177001953125,4.311927490234375,9.4561767578125,3.3033557046981477,0.9620545992461469
3.80259033203125,4.311927490234375,9.4561767578125,1.8510067114093678,0.9324687250100472
7.43177001953125,1.2470544433593749,9.4561767578125,3.1302013422820147,0.8652899245420922
7.43177001953125,4.311927490234375,8.3878662109375,3.3033557046981477,0.9613536415228274
3.80259033203125,1.2470544433593749,8.3878662109375,1.683221476510042,0.7550560417496767
2.43677001953125,9.309427490234375,4.5061767578125,1.3436241610738064,0.9506066893335509
8.79759033203125,9.309427490234375,4.5061767578125,3.889932885906288,0.9831808445805978
2.43677001953125,6.244554443359374,4.5061767578125,1.3275167785234712,0.9255740075801192
2.43677001953125,9.309427490234375,3.4378662109375,1.3436241610738064,0.9466363179311217
8.79759033203125,6.244554443359374,3.4378662109375,3.87382550335595,0.9722660786879596
1.8123950195312502,1.1884899902343748,8.8374267578125,0.8322147651006613,0.5038756139742575
6.92446533203125,1.1884899902343748,8.8374267578125,2.916778523490037,0.8482181883702233
1.8123950195312502,1.8717419433593747,8.8374267578125,0.9651006711409273,0.7046113792830764
1.8123950195312502,1.1884899902343748,4.0566162109375,0.8080536912751584,0.47253902332515246
6.92446533203125,1.8717419433593747,4.0566162109375,3.010738255033675,0.8890662117986236
6.80739501953125,6.185989990234375,3.8874267578125004,3.0765100671142216,0.9659999938221496
1.92946533203125,6.185989990234375,3.8874267578125004,1.1248322147650855,0.9085403651887932
6.80739501953125,6.869241943359374,3.8874267578125004,3.080536912751806,0.9693429615903337
6.80739501953125,6.185989990234375,9.0066162109375,3.0751677852350268,0.9715982049162541
1.92946533203125,6.869241943359374,9.0066162109375,1.1288590604026694,0.9305984186624472
9.30489501953125,3.6872399902343744,6.3624267578125,4.0416107382553035,0.9612328215267619
9.42196533203125,3.6872399902343744,6.3624267578125,4.0885906040271225,0.9616938261467656
9.30489501953125,9.367991943359375,6.3624267578125,4.092617449664707,0.9854719844779637
9.30489501953125,3.6872399902343744,6.5316162109375,4.0416107382553035,0.9614343303524202
9.42196533203125,9.367991943359375,6.5316162109375,4.139597315436526,0.9857448733532754
4.3098950195312495,8.684739990234375,1.4124267578125,2.0912751677852173,0.9468376281571591
4.42696533203125,8.684739990234375,1.4124267578125,2.1382550335570363,0.9479580237436538
4.3098950195312495,4.370491943359375,1.4124267578125,2.0590604026845414,0.8993146131097949
4.3098950195312495,8.684739990234375,1.5816162109375,2.0912751677852173,0.949639169947756
4.42696533203125,4.370491943359375,1.5816162109375,2.1060402684563604,0.9054896595938728
3.0611450195312497,4.936614990234374,2.6499267578125,1.5651006711409166,0.9072695901050896
3.17821533203125,4.936614990234374,2.6499267578125,1.6120805369127278,0.9098551832227177
3.0611450195312497,3.121116943359375,2.6499267578125,1.5315436241610514,0.8557428909236962
3.0611450195312497,4.936614990234374,2.8191162109375,1.5651006711409166,0.9090829841780708
3.17821533203125,3.121116943359375,2.8191162109375,1.5785234899328626,0.8620578958319268
8.05614501953125,9.934114990234375,7.5999267578125,3.5946308724834255,0.9849519506445481
8.17321533203125,9.934114990234375,7.5999267578125,3.6416107382552445,0.98517071379901
8.05614501953125,8.118616943359376,7.5999267578125,3.5879194630874514,0.9813372908613863
8.05614501953125,9.934114990234375,7.7691162109375,3.5946308724834255,0.9850184455796007
8.17321533203125,8.118616943359376,7.7691162109375,3.6335570469800755,0.9815132400470712
5.55864501953125,2.4378649902343748,0.1749267578125,2.4496644295302366,0.7749839434206807
0.68071533203125,2.4378649902343748,0.1749267578125,0.4348993288590577,0.3517593991891295
5.55864501953125,5.619866943359375,0.1749267578125,2.554362416107433,0.8675240702701509
5.55864501953125,2.4378649902343748,5.2941162109375,2.50067114093964,0.9030206386853237
0.68071533203125,5.619866943359375,5.2941162109375,0.6201342281879134,0.8213590970172766
0.56364501953125,7.435364990234374,5.1249267578125,0.5865771812080482,0.8571090725576832
5.67571533203125,7.435364990234374,5.1249267578125,2.6308724832215384,0.9692169798478731
0.56364501953125,0.6223669433593749,5.1249267578125,0.40536912751677634,0.12425268168390002
0.56364501953125,7.435364990234374,0.3441162109375,0.5664429530201291,0.7478721297295542
5.67571533203125,0.6223669433593749,0.3441162109375,1.922147651006682,0.47657543492096777
0.40755126953125004,4.468099365234375,8.6827392578125,0.47114093959731207,0.65651931614247
8.95368408203125,4.468099365234375,8.6827392578125,3.9154362416109896,0.9688501857317862
0.40755126953125004,8.274788818359376,8.6827392578125,0.526174496644291,0.8615039729798462
0.40755126953125004,4.468099365234375,1.4269287109375002,0.4550335570469768,0.5871837722427524
8.95368408203125,8.274788818359376,1.4269287109375002,3.9489932885908603,0.9698984025794436
5.40255126953125,9.465599365234375,3.7327392578125003,2.531543624161121,0.9728665616550001
3.9586840820312497,9.465599365234375,3.7327392578125003,1.953020134228158,0.96464826277718
5.40255126953125,3.2772888183593745,3.7327392578125003,2.471140939597354,0.9199131885058351
5.40255126953125,9.465599365234375,6.3769287109374995,2.5302013422819263,0.9762053577533936
3.9586840820312497,3.2772888183593745,6.3769287109374995,1.8926174496644006,0.9081725544448217
7.90005126953125,1.9693493652343748,6.2077392578124995,3.4080536912753443,0.9143572931173649
6.45618408203125,1.9693493652343748,6.2077392578124995,2.829530201342373,0.8974678744145961
7.90005126953125,0.778538818359375,6.2077392578124995,3.1785234899330286,0.7837408159831109
7.90005126953125,1.9693493652343748,8.8519287109375,3.4067114093961495,0.9190667702712041
6.45618408203125,0.778538818359375,8.8519287109375,2.6000000000000574,0.7524721663094385
2.90505126953125,6.966849365234374,1.2577392578125002,1.5221476510066891,0.9093701489323334
1.46118408203125,6.966849365234374,1.2577392578125002,0.942281879194619,0.8640577931837616
2.90505126953125,5.776038818359375,1.2577392578125002,1.512751677852327,0.8925678046691201
2.90505126953125,6.966849365234374,3.9019287109375003,1.5194630872483,0.9390822258182093
1.46118408203125,5.776038818359375,3.9019287109375003,0.9342281879194514,0.8828629019221481
4.15380126953125,0.719974365234375,4.9702392578125,1.6268456375838685,0.5792924044843868
0.21243408203125003,0.719974365234375,4.9702392578125,0.4013422818791925,0.14046984654042516
4.15380126953125,7.025413818359374,4.9702392578125,2.0201342281878913,0.9573370284771818
4.15380126953125,0.719974365234375,0.18942871093750002,1.3355704697986388,0.4026690316839471
0.21243408203125003,7.025413818359374,0.18942871093750002,0.4214765100671116,0.6430247874946773
9.14880126953125,5.7174743652343745,9.9202392578125,4.008053691275433,0.9768633354210954
5.2074340820312495,5.7174743652343745,9.9202392578125,2.430872483221509,0.9614833797807749
9.14880126953125,2.027913818359375,9.9202392578125,3.911409395973405,0.9323960649714731
9.14880126953125,5.7174743652343745,5.1394287109375,4.009395973154628,0.9738500363128388
5.2074340820312495,2.027913818359375,5.1394287109375,2.335570469798676,0.8759664823773137
6.65130126953125,3.2187243652343747,2.4952392578125,2.9691275167786353,0.9224579274514575
2.70993408203125,3.2187243652343747,2.4952392578125,1.3946308724832015,0.8449355346570591
6.65130126953125,4.526663818359374,2.4952392578125,2.995973154362532,0.9446902431258881
6.65130126953125,3.2187243652343747,7.6144287109375,2.9677852348994405,0.941568267481022
2.70993408203125,4.526663818359374,7.6144287109375,1.4174496644295098,0.9136751235358527
1.65630126953125,8.216224365234375,7.4452392578125,1.0268456375838793,0.9343307367685862
7.70493408203125,8.216224365234375,7.4452392578125,3.4469798657719943,0.9806063246877176
1.65630126953125,9.524163818359375,7.4452392578125,1.030872483221463,0.9432181407612668
1.65630126953125,8.216224365234375,2.6644287109375,1.0281879194630739,0.9155486160119954
7.70493408203125,9.524163818359375,2.6644287109375,3.4536912751679685,0.9777877976457997
2.28067626953125,1.3446618652343747,1.8764892578125,1.048322147650993,0.5751692335482326
5.83180908203125,1.3446618652343747,1.8764892578125,2.5140939597315883,0.7885510924383947
2.28067626953125,2.6526013183593746,1.8764892578125,1.198657718120789,0.774846089266715
2.28067626953125,1.3446618652343747,4.5206787109375,1.079194630872469,0.6239189510106387
5.83180908203125,2.6526013183593746,4.5206787109375,2.62013422818798,0.9114386251255342
7.27567626953125,6.342161865234375,6.8264892578125,3.2644295302014976,0.9727296393052796
0.83680908203125,6.342161865234375,6.8264892578125,0.6885906040268384,0.8687966231050188
7.27567626953125,7.650101318359375,6.8264892578125,3.2724832214766666,0.9775744798657411
7.27567626953125,6.342161865234375,9.4706787109375,3.2644295302014976,0.9742507440480197
0.83680908203125,7.650101318359375,9.4706787109375,0.696644295302006,0.8992594035419825
9.77317626953125,3.8434118652343745,4.3514892578125,4.233557046980164,0.9613390765801575
8.32930908203125,3.8434118652343745,4.3514892578125,3.655033557047193,0.9551602474280088
9.77317626953125,5.151351318359374,4.3514892578125,4.253691275168086,0.9714009723073873
9.77317626953125,3.8434118652343745,6.9956787109375,4.232214765100969,0.9651438861436794
8.32930908203125,5.151351318359374,6.9956787109375,3.6751677852351152,0.9702373999975615
4.77817626953125,8.840911865234375,9.3014892578125,2.2778523489932985,0.9734288708816415
3.33430908203125,8.840911865234375,9.3014892578125,1.7006711409395718,0.9643939154513566
4.77817626953125,0.153851318359375,9.3014892578125,0.4161073825503332,0.03436490224836113
4.77817626953125,8.840911865234375,2.0456787109375,2.2791946308724933,0.9594849556163983
3.33430908203125,0.153851318359375,2.0456787109375,0.40805369127516555,0.03178548159163164
3.5294262695312497,2.594036865234375,5.5889892578125,1.696644295301988,0.869004805355469
4.58305908203125,2.594036865234375,5.5889892578125,2.118120805369114,0.8940909059055158
3.5294262695312497,1.4032263183593747,5.5889892578125,1.601342281879171,0.7562960916099236
3.5294262695312497,2.594036865234375,3.2831787109375004,1.6993288590603772,0.8532245721677849
4.58305908203125,1.4032263183593747,3.2831787109375004,2.024161073825476,0.7836404262937253
8.52442626953125,7.591536865234374,0.6389892578125,3.7744966442955326,0.9463954502761899
9.57805908203125,7.591536865234374,0.6389892578125,4.195973154362709,0.9508976312388626
8.52442626953125,6.400726318359374,0.6389892578125,3.7677852348995584,0.9381681860510331
8.52442626953125,7.591536865234374,8.2331787109375,3.771812080537143,0.9811591760547455
9.57805908203125,6.400726318359374,8.2331787109375,4.186577181208345,0.9798405887759265
6.02692626953125,0.095286865234375,8.0639892578125,0.41073825503355477,0.02101176788419855
2.0855590820312497,0.095286865234375,8.0639892578125,0.4026845637583871,0.020571023341145644
6.02692626953125,8.899476318359374,8.0639892578125,2.7785234899329696,0.9780762176129039
6.02692626953125,0.095286865234375,5.7581787109375,0.41073825503355477,0.020782952223095934
2.0855590820312497,8.899476318359374,5.7581787109375,1.2013422818791781,0.9454371917321069
1.03192626953125,5.092786865234374,3.1139892578125004,0.7557046979865687,0.826826385473104
7.08055908203125,5.092786865234374,3.1139892578125004,3.174496644295444,0.9569148182671228
1.03192626953125,3.9019763183593748,3.1139892578125004,0.7355704697986496,0.769312575366476
1.03192626953125,5.092786865234374,0.8081787109375,0.7422818791946226,0.7613819457943268
7.08055908203125,3.9019763183593748,0.8081787109375,3.159731543624301,0.9035088597345701
0.71973876953125,0.407630615234375,6.5171142578125,0.40402684563758173,0.08404967482246707
3.0221215820312497,0.407630615234375,6.5171142578125,0.4402684563758361,0.09349331706623877
0.71973876953125,6.088382568359375,6.5171142578125,0.6402684563758325,0.8489033705556666
0.71973876953125,0.407630615234375,8.5425537109375,0.40536912751677634,0.08522201146640394
3.0221215820312497,6.088382568359375,8.5425537109375,1.5597315436241381,0.9424811965019082
5.71473876953125,5.405130615234374,1.5671142578125001,2.633557046979928,0.9362992103886227
8.01712158203125,5.405130615234374,1.5671142578125001,3.5543624161075806,0.9519542543172841
5.71473876953125,1.0908825683593748,1.5671142578125001,2.4040268456376124,0.7314821875726902
5.71473876953125,5.405130615234374,3.5925537109375,2.6322147651007333,0.9534443589506536
8.01712158203125,1.0908825683593748,3.5925537109375,3.3369127516780184,0.8299841569815454
8.21223876953125,2.9063806152343745,8.9921142578125,3.581208053691477,0.94755989992433
0.52462158203125,2.9063806152343745,8.9921142578125,0.4550335570469768,0.4997925029213513
8.21223876953125,3.5896325683593746,8.9921142578125,3.6013422818793996,0.9578068667043724
8.21223876953125,2.9063806152343745,1.1175537109375002,3.5865771812082565,0.9022906508353442
0.52462158203125,3.5896325683593746,1.1175537109375002,0.46979865771811746,0.52928086940984
3.21723876953125,7.903880615234375,4.0421142578125,1.6496644295301768,0.9509523083908822
5.51962158203125,7.903880615234375,4.0421142578125,2.571812080536966,0.9686240725231302
3.21723876953125,8.587132568359376,4.0421142578125,1.652348993288566,0.9548331439149804
3.21723876953125,7.903880615234375,6.0675537109375,1.6496644295301768,0.955565519896312
5.51962158203125,8.587132568359376,6.0675537109375,2.5744966442953556,0.9739952549837003
4.46598876953125,4.155755615234375,0.3296142578125,2.100671140939581,0.8390782024309256
6.76837158203125,4.155755615234375,0.3296142578125,3.026845637584013,0.8726043781771234
4.46598876953125,9.836507568359375,0.3296142578125,2.1543624161073742,0.9116452498235901
4.46598876953125,4.155755615234375,9.7800537109375,2.1140939597315294,0.9388860623323896
6.76837158203125,9.836507568359375,9.7800537109375,3.0778523489934164,0.982748903071601
9.46098876953125,9.153255615234375,5.2796142578125,4.154362416107669,0.9846455788184073
1.7733715820312501,9.153255615234375,5.2796142578125,1.0778523489932743,0.9399760266522048
9.46098876953125,4.839007568359374,5.2796142578125,4.124832214765383,0.9700770546742374
9.46098876953125,9.153255615234375,4.8300537109374995,4.154362416107669,0.984265414322524
1.7733715820312501,4.839007568359374,4.8300537109374995,1.048322147650993,0.8816444763104554
6.96348876953125,1.6570056152343748,2.8046142578125,3.00939597315448,0.8635472633799175
9.26587158203125,1.6570056152343748,2.8046142578125,3.928859060402938,0.8929256601209066
6.96348876953125,2.340257568359375,2.8046142578125,3.0604026845638836,0.9021353998712751
6.96348876953125,1.6570056152343748,2.3550537109375003,3.00939597315448,0.8566012316787361
9.26587158203125,2.340257568359375,2.3550537109375003,3.981208053691536,0.9189352692491672
1.96848876953125,6.654505615234374,7.7546142578125,1.1422818791946154,0.9272455094370224
4.2708715820312495,6.654505615234374,7.7546142578125,2.0644295302013207,0.9597383561610475
1.96848876953125,7.3377575683593745,7.7546142578125,1.1463087248321993,0.9341359380877936
1.96848876953125,6.654505615234374,7.3050537109375,1.1422818791946154,0.926504495534868
4.2708715820312495,7.3377575683593745,7.3050537109375,2.068456375838905,0.963190249571057
1.34411376953125,3.531068115234375,3.4233642578125,0.853691275167775,0.7879391454679723
2.39774658203125,3.531068115234375,3.4233642578125,1.276510067114076,0.8571823204563669
1.34411376953125,0.46619506835937496,3.4233642578125,0.41073825503355477,0.09468501521474944
1.34411376953125,3.531068115234375,5.4488037109375,0.8550335570469696,0.8059990204594292
2.39774658203125,0.46619506835937496,5.4488037109375,0.42953020134227926,0.10160536280487915
6.33911376953125,8.528568115234375,8.3733642578125,2.902013422818894,0.9782351719802719
7.39274658203125,8.528568115234375,8.3733642578125,3.32348993288607,0.9810648601591059
6.33911376953125,5.463695068359375,8.3733642578125,2.8818791946309714,0.9652383347498459
6.33911376953125,8.528568115234375,0.4988037109375,2.9033557046980887,0.9321508098381506
7.39274658203125,5.463695068359375,0.4988037109375,3.3046979865773425,0.9133840655047611
8.83661376953125,1.0323181152343748,0.9483642578125,3.629530201342491,0.7700319642106335
4.89524658203125,1.0323181152343748,0.9483642578125,2.0187919463086965,0.6537015074664911
8.83661376953125,7.962445068359374,0.9483642578125,3.9006711409398465,0.9600660674368842
8.83661376953125,1.0323181152343748,2.9738037109375,3.6510067114096083,0.8278060959465959
4.89524658203125,7.962445068359374,2.9738037109375,2.322147651006728,0.9619094526831892
3.84161376953125,6.029818115234375,5.8983642578125,1.8872483221476222,0.948607642313334
9.89024658203125,6.029818115234375,5.8983642578125,4.308724832215074,0.977728400454157
3.84161376953125,2.9649450683593748,5.8983642578125,1.8362416107382271,0.8943080693809522
3.84161376953125,6.029818115234375,7.9238037109375,1.8872483221476222,0.9513665346619116
9.89024658203125,2.9649450683593748,7.9238037109375,4.255033557047281,0.9558736437956332
2.5928637695312498,2.2816931152343747,9.6108642578125,1.3060402684563575,0.8242431210701933
8.64149658203125,2.2816931152343747,9.6108642578125,3.724832214765324,0.9365534631248087
2.5928637695312498,4.214320068359375,9.6108642578125,1.3664429530201148,0.907522657252907
2.5928637695312498,2.2816931152343747,6.6863037109375,1.307382550335552,0.8155947485770749
8.64149658203125,4.214320068359375,6.6863037109375,3.786577181208286,0.964204163687238
7.58786376953125,7.279193115234374,4.6608642578124995,3.395973154362591,0.9752036756802254
3.64649658203125,7.279193115234374,4.6608642578124995,1.8187919463086972,0.9536024175163943
7.58786376953125,9.211820068359375,4.6608642578124995,3.4053691275169546,0.9806893173203282
7.58786376953125,7.279193115234374,1.7363037109375001,3.395973154362591,0.9641128229818154
3.64649658203125,9.211820068359375,1.7363037109375001,1.8281879194630595,0.948295804820726
5.09036376953125,4.780443115234375,7.1358642578125,2.374496644295326,0.9503943907024559
6.14399658203125,4.780443115234375,7.1358642578125,2.7959731543625024,0.9578320153350304
5.09036376953125,6.713070068359374,7.1358642578125,2.391946308724859,0.9649252799727295
5.09036376953125,4.780443115234375,4.2113037109375,2.374496644295326,0.9442466396730647
6.14399658203125,6.713070068359374,4.2113037109375,2.81476510067123,0.9665509249593517
0.09536376953125,9.777943115234375,2.1858642578125003,0.413422818791944,0.7791198350209263
1.14899658203125,9.777943115234375,2.1858642578125003,0.8308724832214667,0.9065242782544787
0.09536376953125,1.7155700683593749,2.1858642578125003,0.4013422818791925,0.2886126853681665
0.09536376953125,9.777943115234375,9.1613037109375,0.4147651006711386,0.8088960772408511
1.14899658203125,1.7155700683593749,9.1613037109375,0.6429530201342217,0.5099729701673039
0.13438720703125,0.212415771484375,9.4175048828125,0.3999999999999979,0.0450718649887809
5.55864501953125,0.212415771484375,9.4175048828125,0.4375838926174469,0.05038719348845476
0.13438720703125,7.142542724609374,9.4175048828125,0.4174496644295278,0.7332403330830051
0.13438720703125,0.212415771484375,0.7695068359375,0.3999999999999979,0.04225370911387877
5.55864501953125,7.142542724609374,0.7695068359375,2.5852348993289143,0.929727856145147
5.12938720703125,5.209915771484375,4.4675048828124995,2.3946308724832486,0.9498963668014109
0.56364501953125,5.209915771484375,4.4675048828124995,0.5637583892617399,0.7695811285987568
5.12938720703125,2.145042724609375,4.4675048828124995,2.314093959731559,0.8779288936676233
5.12938720703125,5.209915771484375,5.7195068359375,2.3946308724832486,0.9527345369322389
0.56364501953125,2.145042724609375,5.7195068359375,0.43087248322147387,0.3758968354060288
7.62688720703125,2.711165771484375,6.9425048828125,3.339597315436408,0.9372516920392515
8.05614501953125,2.711165771484375,6.9425048828125,3.511409395973346,0.9402788404833844
7.62688720703125,4.643792724609375,6.9425048828125,3.387919463087422,0.9640605874356947
7.62688720703125,2.711165771484375,8.1945068359375,3.339597315436408,0.9389689361714597
8.05614501953125,4.643792724609375,8.1945068359375,3.558389261745165,0.9666348560644702
2.63188720703125,7.708665771484374,1.9925048828125003,1.4161073825503152,0.9263860992120143
3.0611450195312497,7.708665771484374,1.9925048828125003,1.5879194630872249,0.9339204640003527
2.63188720703125,9.641292724609375,1.9925048828125003,1.4228187919462882,0.9405583989126942
2.63188720703125,7.708665771484374,3.2445068359375,1.4147651006711206,0.9376662541571481
3.0611450195312497,9.641292724609375,3.2445068359375,1.594630872483198,0.9556712018126621
3.88063720703125,3.9605407714843746,3.2300048828125,1.87785234899326,0.9094553455032293
4.3098950195312495,3.9605407714843746,3.2300048828125,2.0496644295301776,0.9167354905146559
3.88063720703125,8.391917724609375,3.2300048828125,1.9181208053690981,0.9575580731700186
3.88063720703125,3.9605407714843746,2.0070068359375,1.8791946308724545,0.894775823301373
4.3098950195312495,8.391917724609375,2.0070068359375,2.0899328859060224,0.9532074974406906
8.87563720703125,8.958040771484375,8.1800048828125,3.9181208053693792,0.9847419031800755
9.30489501953125,8.958040771484375,8.1800048828125,4.091275167785512,0.9855095370123292
8.87563720703125,3.3944177246093745,8.1800048828125,3.8630872483223913,0.9579065235719872
8.87563720703125,8.958040771484375,6.9570068359374995,3.919463087248574,0.9843909753424754
9.30489501953125,3.3944177246093745,6.9570068359374995,4.034899328859329,0.9585561953643522
6.37813720703125,1.4617907714843748,0.7550048828125,2.727516778523566,0.768698866179925
1.8123950195312502,1.4617907714843748,0.7550048828125,0.816107382550326,0.4761777191317629
6.37813720703125,0.8956677246093749,0.7550048828125,2.5503355704698487,0.6634233178234028
6.37813720703125,1.4617907714843748,9.4320068359375,2.744966442953099,0.8686974271827244
1.8123950195312502,0.8956677246093749,9.4320068359375,0.645637583892611,0.3207633426838113
1.38313720703125,6.459290771484374,5.7050048828125,0.9073825503355593,0.9005404140955732
6.80739501953125,6.459290771484374,5.7050048828125,3.0778523489934164,0.970476515178826
1.38313720703125,5.893167724609374,5.7050048828125,0.9033557046979754,0.8907418588749267
1.38313720703125,6.459290771484374,4.4820068359375,0.9087248322147539,0.8957815518677028
6.80739501953125,5.893167724609374,4.4820068359375,3.073825503355832,0.9656305671643997
2.00751220703125,3.3358532714843747,0.1362548828125,1.0630872483221336,0.6924305415227974
9.92927001953125,3.3358532714843747,0.1362548828125,4.248322147651307,0.8594500305011286
2.00751220703125,1.5203552246093748,0.1362548828125,0.8523489932885804,0.4583511754975741
2.00751220703125,3.3358532714843747,2.6257568359375,1.1154362416107233,0.8179125786602548
9.92927001953125,1.5203552246093748,2.6257568359375,4.178523489933176,0.8882666575234396
7.00251220703125,8.333353271484375,5.0862548828125,3.166442953020275,0.977287219605008
4.93427001953125,8.333353271484375,5.0862548828125,2.3395973154362606,0.9692818256017537
7.00251220703125,6.517855224609375,5.0862548828125,3.1570469798659113,0.9707987303928255
7.00251220703125,8.333353271484375,7.5757568359375,3.166442953020275,0.9792140358672146
4.93427001953125,6.517855224609375,7.5757568359375,2.328859060402702,0.9634069281846825
9.50001220703125,0.8371032714843749,2.6112548828125,3.851006711409638,0.7972317426891564
7.43177001953125,0.8371032714843749,2.6112548828125,3.020134228188039,0.75194488923914
9.50001220703125,9.016605224609375,2.6112548828125,4.170469798658007,0.9804078756135797
9.50001220703125,0.8371032714843749,5.1007568359375,3.8456375838928585,0.8234908953960753
7.43177001953125,9.016605224609375,5.1007568359375,3.340939597315603,0.9801885662942114
4.50501220703125,5.834603271484374,7.5612548828125,2.1516778523489846,0.9556674913186369
2.43677001953125,5.834603271484374,7.5612548828125,1.3234899328858873,0.928089039034601
4.50501220703125,4.019105224609374,7.5612548828125,2.1275167785234776,0.934790902675178
4.50501220703125,5.834603271484374,0.1507568359375,2.131543624161062,0.853272336036538
2.43677001953125,4.019105224609374,0.1507568359375,1.2644295302013246,0.7534463661581052
3.25626220703125,2.0864782714843746,6.3237548828125,1.5597315436241381,0.829463800139681
1.18802001953125,2.0864782714843746,6.3237548828125,0.7154362416107305,0.6134549186490198
3.25626220703125,2.7697302246093747,6.3237548828125,1.594630872483198,0.8723183420013612
3.25626220703125,2.0864782714843746,3.8632568359375004,1.5624161073825273,0.8136958022178922
1.18802001953125,2.7697302246093747,3.8632568359375004,0.7624161073825417,0.7048103057876751
8.25126220703125,7.083978271484375,1.3737548828125001,3.661744966443167,0.9615923730653294
6.18302001953125,7.083978271484375,1.3737548828125001,2.8335570469799576,0.9509262523203439
8.25126220703125,7.767230224609374,1.3737548828125001,3.6644295302015566,0.964758802213342
8.25126220703125,7.083978271484375,8.8132568359375,3.6590604026847773,0.9792717395929513
6.18302001953125,7.767230224609374,8.8132568359375,2.8362416107383472,0.9756691420254968
5.75376220703125,4.585228271484374,8.7987548828125,2.6362416107383178,0.9548196683144754
3.68552001953125,4.585228271484374,8.7987548828125,1.809395973154335,0.934565363544293
5.75376220703125,5.268480224609374,8.7987548828125,2.6456375838926816,0.9609955899952354
5.75376220703125,4.585228271484374,6.3382568359375,2.6362416107383178,0.9521643816792849
3.68552001953125,5.268480224609374,6.3382568359375,1.8174496644295026,0.9398520685053496
0.7587622070312501,9.582728271484376,3.8487548828125004,0.6738255033556977,0.9007407734471462
8.68052001953125,9.582728271484376,3.8487548828125004,3.842953020134469,0.9825222244468094
0.7587622070312501,0.270980224609375,3.8487548828125004,0.4026845637583871,0.05585592799663987
0.7587622070312501,9.582728271484376,1.3882568359375,0.6724832214765031,0.8665934601384612
8.68052001953125,0.270980224609375,1.3882568359375,2.3020134228188054,0.36039503142888024
1.0709497070312501,4.8975720214843745,5.3956298828125,0.7691275167785148,0.8426081547802071
1.50020751953125,4.8975720214843745,5.3956298828125,0.9395973154362298,0.872379276777514
1.0709497070312501,9.953636474609375,5.3956298828125,0.7986577181207961,0.9256059870311166
1.0709497070312501,4.8975720214843745,9.1226318359375,0.7677852348993202,0.8549533645090546
1.50020751953125,9.953636474609375,9.1226318359375,0.9704697986577058,0.944482061369404
6.06594970703125,9.895072021484374,0.44562988281250004,2.798657718120892,0.9345988899317978
6.49520751953125,9.895072021484374,0.44562988281250004,2.97046979865783,0.9373905144797878
6.06594970703125,4.956136474609375,0.44562988281250004,2.7651006711410213,0.8900595739174808
6.06594970703125,9.895072021484374,4.1726318359375,2.797315436241697,0.9771787666334304
6.49520751953125,4.956136474609375,4.1726318359375,2.9382550335571542,0.9562272048501164
8.56344970703125,2.3988220214843747,7.8706298828125,3.700671140939817,0.9374548721811324
3.9977075195312497,2.3988220214843747,7.8706298828125,1.873825503355676,0.8789434757558322
8.56344970703125,2.4573864746093745,7.8706298828125,3.7033557046982066,0.9389340283712744
8.56344970703125,2.3988220214843747,1.6976318359375002,3.7046979865774015,0.9045093318643942
3.9977075195312497,2.4573864746093745,1.6976318359375002,1.8805369127516491,0.831944491892146
3.5684497070312498,7.396322021484374,2.9206298828125004,1.7879194630872213,0.9465392387574837
8.99270751953125,7.396322021484374,2.9206298828125004,3.959731543624419,0.9758235617999018
3.5684497070312498,7.454886474609374,2.9206298828125004,1.7879194630872213,0.9468778248425072
3.5684497070312498,7.396322021484374,6.6476318359375,1.7879194630872213,0.9570341109624576
8.99270751953125,7.454886474609374,6.6476318359375,3.958389261745224,0.9809385793543144
4.81719970703125,1.1494470214843748,1.6831298828125,2.0577181208053466,0.7132080898679056
7.74395751953125,1.1494470214843748,1.6831298828125,3.2416107382551855,0.7992979514395474
4.81719970703125,6.2055114746093745,1.6831298828125,2.280536912751688,0.9378528132526807
4.81719970703125,1.1494470214843748,7.8851318359375,2.068456375838905,0.7812380538996175
7.74395751953125,6.2055114746093745,7.8851318359375,3.451006711409579,0.9743850025304115
9.81219970703125,6.146947021484374,6.6331298828125,4.277852348993593,0.9785052362633513
2.74895751953125,6.146947021484374,6.6331298828125,1.451006711409375,0.936143056438898
9.81219970703125,1.2080114746093749,6.6331298828125,4.076510067114369,0.8861598377305819
9.81219970703125,6.146947021484374,2.9351318359375003,4.279194630872788,0.9730558820655038
2.74895751953125,1.2080114746093749,2.9351318359375003,1.2335570469798487,0.6184384419144222
7.31469970703125,3.6481970214843744,4.1581298828125,3.244295302013575,0.9461496208643947
5.2464575195312495,3.6481970214843744,4.1581298828125,2.4174496644295607,0.9283094994491029
7.31469970703125,3.7067614746093747,4.1581298828125,3.24563758389277,0.947016630700604
7.31469970703125,3.6481970214843744,0.46013183593750007,3.2402684563759907,0.8783870144559047
5.2464575195312495,3.7067614746093747,0.46013183593750007,2.4107382550335865,0.8527601874281685
2.31969970703125,8.645697021484375,9.1081298828125,1.293959731543606,0.9519575274177353
0.25145751953125,8.645697021484375,9.1081298828125,0.4590604026845606,0.8222553790673468
2.31969970703125,8.704261474609375,9.1081298828125,1.293959731543606,0.952209012708868
2.31969970703125,8.645697021484375,5.4101318359374995,1.293959731543606,0.9470669310376085
0.25145751953125,8.704261474609375,5.4101318359374995,0.457718120805366,0.8113701621232694
1.69532470703125,1.7741345214843747,4.7768798828125,0.9006711409395862,0.6446221169479456
3.37333251953125,1.7741345214843747,4.7768798828125,1.583892617449641,0.7954818994435159
1.69532470703125,4.3314489746093745,4.7768798828125,1.010738255033544,0.8632580861798889
1.69532470703125,1.7741345214843747,7.2663818359375,0.9060402684563647,0.6612850700581643
3.37333251953125,4.3314489746093745,7.2663818359375,1.6805369127516527,0.9232479575788592
6.69032470703125,6.7716345214843745,9.7268798828125,3.033557046979987,0.9742161777470777
8.36833251953125,6.7716345214843745,9.7268798828125,3.7046979865774015,0.9789780120950087
6.69032470703125,9.328948974609375,9.7268798828125,3.0456375838927405,0.9816363119200238
6.69032470703125,6.7716345214843745,2.3163818359375004,3.033557046979987,0.9621434712259271
8.36833251953125,9.328948974609375,2.3163818359375004,3.7181208053693497,0.9775947310354682
9.18782470703125,4.272884521484374,2.3018798828125,4.008053691275433,0.9546467938684408
0.8758325195312501,4.272884521484374,2.3018798828125,0.6751677852348923,0.7526835914671268
9.18782470703125,6.830198974609375,2.3018798828125,4.0335570469801345,0.9716112820230008
9.18782470703125,4.272884521484374,4.7913818359375,4.006711409396238,0.9641395378623514
0.8758325195312501,6.830198974609375,4.7913818359375,0.7073825503355629,0.8735443418182292
4.19282470703125,9.270384521484376,7.2518798828125,2.045637583892593,0.9706247112234545
5.87083251953125,9.270384521484376,7.2518798828125,2.7167785234900075,0.9779621960585299
4.19282470703125,1.8326989746093747,7.2518798828125,1.9140939597315143,0.8450752799073784
4.19282470703125,9.270384521484376,9.7413818359375,2.045637583892593,0.972051940808362
5.87083251953125,1.8326989746093747,9.7413818359375,2.5838926174497194,0.8882924475901428
2.94407470703125,3.0235095214843746,8.4893798828125,1.4778523489932671,0.8792921386819974
7.11958251953125,3.0235095214843746,8.4893798828125,3.1489932885907423,0.9423612413401744
2.94407470703125,0.5833239746093749,8.4893798828125,0.8751677852348887,0.3142843762955808
2.94407470703125,3.0235095214843746,6.0288818359375,1.4791946308724617,0.8727198946847952
7.11958251953125,0.5833239746093749,6.0288818359375,2.7395973154363196,0.684383226743075
7.93907470703125,8.021009521484375,3.5393798828125003,3.5409395973156323,0.9766918603358932
2.1245825195312498,8.021009521484375,3.5393798828125003,1.2134228187919296,0.9322296566902131
7.93907470703125,5.580823974609374,3.5393798828125003,3.5234899328860996,0.9660285931237627
7.93907470703125,8.021009521484375,1.0788818359375,3.5409395973156323,0.9596525242750062
2.1245825195312498,5.580823974609374,1.0788818359375,1.1973154362415943,0.8590594043068072
5.44157470703125,0.524759521484375,6.0143798828124995,1.9812080536912446,0.5553711335405889
9.61708251953125,0.524759521484375,6.0143798828124995,3.683221476510284,0.7321319846867045
5.44157470703125,8.079573974609374,6.0143798828124995,2.540939597315485,0.9718647212448002
5.44157470703125,0.524759521484375,3.5538818359375,1.9503355704697687,0.530757482536244
9.61708251953125,8.079573974609374,3.5538818359375,4.212080536913047,0.9805450743743307
0.44657470703125,5.522259521484375,1.0643798828125002,0.4993288590603988,0.6812976906978241
4.62208251953125,5.522259521484375,1.0643798828125002,2.1973154362416087,0.9129490040606649
0.44657470703125,3.082073974609375,1.0643798828125002,0.42818791946308465,0.4414932906134649
0.44657470703125,5.522259521484375,8.5038818359375,0.5181208053691233,0.7679936277758395
4.62208251953125,3.082073974609375,8.5038818359375,2.1516778523489846,0.9178855504994496
0.60266845703125,2.554993896484375,2.7659423828125003,0.45100671140939297,0.43250258884770476
0.09536376953125,2.554993896484375,2.7659423828125003,0.4026845637583871,0.3928089366473977
0.60266845703125,5.736995849609374,2.7659423828125003,0.5852348993288536,0.785914981334545
0.60266845703125,2.554993896484375,9.8960693359375,0.46442953020133904,0.47241755005130304
0.09536376953125,5.736995849609374,9.8960693359375,0.40939597315436016,0.6634072109919854
5.59766845703125,7.552493896484374,7.7159423828125,2.6000000000000574,0.9718343112059222
5.09036376953125,7.552493896484374,7.7159423828125,2.3973154362416382,0.9694699042213937
5.59766845703125,0.739495849609375,7.7159423828125,2.2375838926174536,0.6994522991844379
5.59766845703125,7.552493896484374,4.9460693359375,2.601342281879252,0.9692632542086324
5.09036376953125,0.739495849609375,4.9460693359375,2.03087248322145,0.6561187747260999
8.09516845703125,0.05624389648437499,0.2909423828125,0.40536912751677634,0.011044729855013532
2.5928637695312498,0.05624389648437499,0.2909423828125,0.4013422818791925,0.011202058097739467
8.09516845703125,3.2382458496093744,0.2909423828125,3.5302013422820737,0.859819251989844
8.09516845703125,0.05624389648437499,2.4710693359375,0.40671140939597095,0.011823934624654007
2.5928637695312498,3.2382458496093744,2.4710693359375,1.3476510067113903,0.8403469868769731
3.1001684570312498,5.053743896484375,5.2409423828124995,1.5812080536912518,0.9253644385044959
7.58786376953125,5.053743896484375,5.2409423828124995,3.3771812080538632,0.964820824670173
3.1001684570312498,8.235745849609375,5.2409423828124995,1.6040268456375602,0.9546313288117212
3.1001684570312498,5.053743896484375,7.4210693359375,1.5812080536912518,0.9302660804874674
7.58786376953125,8.235745849609375,7.4210693359375,3.4000000000001753,0.9803372026132529
4.34891845703125,1.305618896484375,8.9534423828125,1.911409395973125,0.7934312332580937
8.83661376953125,1.305618896484375,8.9534423828125,3.7033557046982066,0.8892647193145256
4.34891845703125,9.485120849609375,8.9534423828125,2.10872483221475,0.9731693393266938
4.34891845703125,1.305618896484375,8.6585693359375,1.911409395973125,0.7925816084394186
8.83661376953125,9.485120849609375,8.6585693359375,3.9087248322150154,0.9857800739456969
9.34391845703125,6.303118896484374,4.0034423828125,4.092617449664707,0.9751982104582355
3.84161376953125,6.303118896484374,4.0034423828125,1.8899328859060114,0.946168891047376
9.34391845703125,4.487620849609375,4.0034423828125,4.0724832214767845,0.964741831277008
9.34391845703125,6.303118896484374,3.7085693359375003,4.092617449664707,0.9746045583063128
3.84161376953125,4.487620849609375,3.7085693359375003,1.871140939597287,0.9225955188537178
6.84641845703125,3.8043688964843745,6.4784423828125,3.0604026845638836,0.950591210106617
6.33911376953125,3.8043688964843745,6.4784423828125,2.8577181208054645,0.947163023687637
6.84641845703125,1.9888708496093748,6.4784423828125,2.987919463087363,0.9044509244866863
6.84641845703125,3.8043688964843745,1.2335693359375002,3.064429530201468,0.9150909293236508
6.33911376953125,1.9888708496093748,1.2335693359375002,2.7892617449665282,0.8411463687278669
1.85141845703125,8.801868896484375,1.5284423828125002,1.1087248322147503,0.909960418245751
1.34411376953125,8.801868896484375,1.5284423828125002,0.9060402684563647,0.8927718444587238
1.85141845703125,6.986370849609374,1.5284423828125002,1.099328859060388,0.8882325672505273
1.85141845703125,8.801868896484375,6.1835693359374995,1.1073825503355557,0.9411172886186836
1.34411376953125,6.986370849609374,6.1835693359374995,0.8953020134228078,0.9082681177702912
2.4757934570312496,0.680931396484375,7.0971923828125,0.7691275167785148,0.3087377310183946
4.46598876953125,0.680931396484375,7.0971923828125,1.7382550335570208,0.5969290695044136
2.4757934570312496,0.114808349609375,7.0971923828125,0.40402684563758173,0.024695137080566972
2.4757934570312496,0.680931396484375,6.8023193359375,0.7664429530201256,0.3070135673694079
4.46598876953125,0.114808349609375,6.8023193359375,0.40939597315436016,0.0250286396321225
7.47079345703125,5.678431396484375,2.1471923828125004,3.338255033557213,0.9578072310181525
9.46098876953125,5.678431396484375,2.1471923828125004,4.134228187919747,0.9657456674947166
7.47079345703125,5.112308349609375,2.1471923828125004,3.331543624161239,0.953015191597375
7.47079345703125,5.678431396484375,1.8523193359375,3.338255033557213,0.9549864291704895
9.46098876953125,5.112308349609375,1.8523193359375,4.128859060402967,0.9594270015658384
9.96829345703125,3.1796813964843746,9.5721923828125,4.293959731543931,0.9604891897042188
1.96848876953125,3.1796813964843746,9.5721923828125,1.0939597315436096,0.8478169960019999
9.96829345703125,7.611058349609374,9.5721923828125,4.353020134228504,0.984283608254023
9.96829345703125,3.1796813964843746,4.3273193359375,4.293959731543931,0.9537186798508879
1.96848876953125,7.611058349609374,4.3273193359375,1.1489932885905885,0.9287934635997769
4.97329345703125,8.177181396484375,4.6221923828125,2.3543624161074037,0.9680758708776226
6.96348876953125,8.177181396484375,4.6221923828125,3.150335570469937,0.9761519382536754
4.97329345703125,2.6135583496093746,4.6221923828125,2.275167785234909,0.8977231463895512
4.97329345703125,8.177181396484375,9.2773193359375,2.353020134228209,0.9721023115107282
6.96348876953125,2.6135583496093746,9.2773193359375,3.0697986577182474,0.93249294669913
3.72454345703125,4.429056396484374,0.9096923828125,1.8241610738254757,0.8712347589836685
5.71473876953125,4.429056396484374,0.9096923828125,2.6214765100671746,0.9034422067286918
3.72454345703125,3.8629333496093747,0.9096923828125,1.8134228187919188,0.8558217021544637
3.72454345703125,4.429056396484374,5.5648193359375,1.822818791946281,0.9270667994555545
5.71473876953125,3.8629333496093747,5.5648193359375,2.609395973154421,0.9413283078101484
8.71954345703125,9.426556396484376,5.8596923828125,3.857718120805612,0.9842499048877875
0.71973876953125,9.426556396484376,5.8596923828125,0.6577181208053624,0.9062232814084223
8.71954345703125,8.860433349609375,5.8596923828125,3.856375838926417,0.9832687729593841
8.71954345703125,9.426556396484376,0.6148193359375,3.8604026845640016,0.9552553441067724
0.71973876953125,8.860433349609375,0.6148193359375,0.6469798657718056,0.8188932452662371
6.2220434570312495,1.9303063964843747,3.3846923828125,2.73691275167793,0.8768886027374891
8.21223876953125,1.9303063964843747,3.3846923828125,3.5315436241612685,0.9028544380517132
6.2220434570312495,6.3616833496093745,3.3846923828125,2.8429530201343214,0.9625631877064227
6.2220434570312495,1.9303063964843747,3.0898193359375004,2.73691275167793,0.8738223135283054
8.21223876953125,6.3616833496093745,3.0898193359375004,3.6402684563760497,0.9699342184489221
1.22704345703125,6.927806396484375,8.3346923828125,0.8483221476509966,0.9074261041696596
3.21723876953125,6.927806396484375,8.3346923828125,1.6442953020133984,0.9519723457909535
1.22704345703125,1.3641833496093747,8.3346923828125,0.5798657718120752,0.3907659850713521
1.22704345703125,6.927806396484375,8.0398193359375,0.8483221476509966,0.9068887087967232
3.21723876953125,1.3641833496093747,8.0398193359375,1.4697986577180995,0.7414115595969871
0.91485595703125,2.2426501464843747,2.4565673828125,0.5785234899328806,0.5117232819272437
6.65130126953125,2.2426501464843747,2.4565673828125,2.9302013422819853,0.8894969753401977
0.91485595703125,8.548089599609375,2.4565673828125,0.7328859060402604,0.8846440371391917
0.91485595703125,2.2426501464843747,0.3054443359375,0.5100671140939557,0.3986608266403172
6.65130126953125,8.548089599609375,0.3054443359375,3.0241610738256233,0.9200948386742949
5.90985595703125,7.240150146484375,7.4065673828125,2.7234899328859816,0.9717797259628085
1.65630126953125,7.240150146484375,7.4065673828125,1.0214765100671008,0.9248502235561399
5.90985595703125,3.5505895996093746,7.4065673828125,2.6791946308725523,0.9409701119415148
5.90985595703125,7.240150146484375,5.2554443359375,2.7234899328859816,0.969646574794025
1.65630126953125,3.5505895996093746,5.2554443359375,0.979865771812068,0.831929645248314
8.40735595703125,4.7414001464843745,4.9315673828125,3.700671140939817,0.9652039331905284
9.14880126953125,4.7414001464843745,4.9315673828125,3.998657718121069,0.9679506497971151
8.40735595703125,1.0518395996093748,4.9315673828125,3.480536912751865,0.8417036318488622
8.40735595703125,4.7414001464843745,7.7304443359375,3.700671140939817,0.9683384364973046
9.14880126953125,1.0518395996093748,7.7304443359375,3.7731543624163377,0.863819887293983
3.41235595703125,9.738900146484376,9.8815673828125,1.734228187919437,0.9684777308314396
4.15380126953125,9.738900146484376,9.8815673828125,2.032214765100645,0.9734570489402778
3.41235595703125,6.049339599609374,9.8815673828125,1.7154362416107125,0.9483966625765501
3.41235595703125,9.738900146484376,2.7804443359375,1.7355704697986316,0.9574313444456557
4.15380126953125,6.049339599609374,2.7804443359375,2.013422818791917,0.9410700852609115
4.66110595703125,3.492025146484375,6.1690673828125,2.178523489932881,0.9240945827110416
2.90505126953125,3.492025146484375,6.1690673828125,1.4765100671140725,0.8893984791924479
4.66110595703125,7.298714599609374,6.1690673828125,2.2241610738255053,0.9643920500892117
4.66110595703125,3.492025146484375,1.5429443359375001,2.1825503355704656,0.8871130503608895
2.90505126953125,7.298714599609374,1.5429443359375001,1.5234899328858837,0.9198605004473903
9.65610595703125,8.489525146484375,1.2190673828125,4.230872483221774,0.9699428869538986
7.90005126953125,8.489525146484375,1.2190673828125,3.527516778523684,0.9642042257607231
9.65610595703125,2.301214599609375,1.2190673828125,4.138255033557331,0.8979188567102563
9.65610595703125,8.489525146484375,6.4929443359375,4.2295302013425795,0.984460835542156
7.90005126953125,2.301214599609375,6.4929443359375,3.4295302013424616,0.9273850108886532
7.15860595703125,0.993275146484375,8.6440673828125,2.9610738255034663,0.8228472602568935
0.40755126953125004,0.993275146484375,8.6440673828125,0.40671140939597095,0.19263486831353727
7.15860595703125,4.799964599609375,8.6440673828125,3.2013422818793407,0.9644055895160759
7.15860595703125,0.993275146484375,8.9679443359375,2.9610738255034663,0.8236767670578543
0.40755126953125004,4.799964599609375,8.9679443359375,0.4818791946308689,0.6921265109074942
2.16360595703125,5.990775146484374,3.6940673828125004,1.2161073825503188,0.9110564042622581
5.40255126953125,5.990775146484374,3.6940673828125004,2.5127516778523935,0.95638241041687
2.16360595703125,9.797464599609375,3.6940673828125004,1.236241610738238,0.9462469363683788
2.16360595703125,5.990775146484374,4.0179443359375,1.2161073825503188,0.91303449967322
5.40255126953125,9.797464599609375,4.0179443359375,2.531543624161121,0.9742099753011237
1.5392309570312501,4.116712646484374,8.025317382812501,0.9436241610738136,0.8592596946731386
8.52442626953125,4.116712646484374,8.025317382812501,3.738255033557272,0.9640991321287026
1.5392309570312501,2.9259020996093748,8.025317382812501,0.9140939597315323,0.7947508696751466
1.5392309570312501,4.116712646484374,3.3991943359375,0.9449664429530082,0.8344132658191481
8.52442626953125,2.9259020996093748,3.3991943359375,3.708724832214986,0.9379398172357956
6.53423095703125,9.114212646484376,3.0753173828125,2.9825503355705836,0.9743629973245751
3.5294262695312497,9.114212646484376,3.0753173828125,1.7798657718120536,0.9570864167935231
6.53423095703125,7.923402099609374,3.0753173828125,2.9771812080538043,0.9703612472148871
6.53423095703125,9.114212646484376,8.3491943359375,2.9825503355705836,0.9802826091073594
3.5294262695312497,7.923402099609374,8.3491943359375,1.7744966442952752,0.9611187682512095
9.03173095703125,1.6179626464843748,5.5503173828125,3.826845637584131,0.9052955339988262
6.02692626953125,1.6179626464843748,5.5503173828125,2.626845637583954,0.8649585761745786
9.03173095703125,5.424652099609374,5.5503173828125,3.959731543624419,0.9725692417452722
9.03173095703125,1.6179626464843748,5.8741943359375,3.826845637584131,0.9063604176984952
6.02692626953125,5.424652099609374,5.8741943359375,2.7570469798658523,0.9609410407869612
4.03673095703125,6.615462646484374,0.6003173828125,1.9704697986576878,0.8976277511216992
1.03192626953125,6.615462646484374,0.6003173828125,0.7583892617449579,0.7973056811875905
4.03673095703125,0.42715209960937495,0.6003173828125,0.6469798657718056,0.14406195125332014
4.03673095703125,6.615462646484374,0.9241943359375,1.9718120805368824,0.9133685834293339
1.03192626953125,0.42715209960937495,0.9241943359375,0.40536912751677634,0.08227744698645764
2.78798095703125,0.368587646484375,4.3128173828125,0.42416107382550083,0.07929744286846087
2.28067626953125,0.368587646484375,4.3128173828125,0.4174496644295278,0.07788441955158469
2.78798095703125,1.6765270996093748,4.3128173828125,1.3395973154362226,0.743771766521734
2.78798095703125,0.368587646484375,4.6366943359374995,0.42416107382550083,0.07953909224068045
2.28067626953125,1.6765270996093748,4.6366943359374995,1.1328859060402532,0.7020915766290787
7.78298095703125,5.366087646484375,9.2628173828125,3.457718120805553,0.970917838905323
7.27567626953125,5.366087646484375,9.2628173828125,3.255033557047134,0.9691155078991488
7.78298095703125,6.674027099609375,9.2628173828125,3.4697986577183064,0.9769847848788058
7.78298095703125,5.366087646484375,9.5866943359375,3.457718120805553,0.9710679940106305
7.27567626953125,6.674027099609375,9.5866943359375,3.2671140939598873,0.9756869232419593
5.2854809570312495,2.8673376464843745,1.8378173828125002,2.413422818791976,0.8841399332267117
4.77817626953125,2.8673376464843745,1.8378173828125002,2.210738255033557,0.8748914704036823
5.2854809570312495,9.172777099609375,1.8378173828125002,2.4832214765101073,0.9622381599147571
5.2854809570312495,2.8673376464843745,7.1116943359375,2.4093959731543917,0.9187187885854022
4.77817626953125,9.172777099609375,7.1116943359375,2.2791946308724933,0.973231878926372
0.29048095703125004,7.864837646484374,6.7878173828124995,0.47114093959731207,0.8072262069619452
9.77317626953125,7.864837646484374,6.7878173828124995,4.273825503356009,0.9835290937567525
0.29048095703125004,4.175277099609374,6.7878173828124995,0.42684563758389005,0.5751951501948452
0.29048095703125004,7.864837646484374,2.1616943359375003,0.46577181208053364,0.769013425596212
9.77317626953125,4.175277099609374,2.1616943359375003,4.240268456376138,0.9549047630581311
0.21243408203125003,3.8824548339843745,1.4510986328125002,0.4120805369127494,0.5080240880871393
3.4513793945312496,3.8824548339843745,1.4510986328125002,1.7060402684563503,0.8700094730487811
0.21243408203125003,0.6614099121093749,1.4510986328125002,0.4013422818791925,0.12561563554251026
0.21243408203125003,3.8824548339843745,3.9406005859375,0.4147651006711386,0.5307226876621528
3.4513793945312496,0.6614099121093749,3.9406005859375,1.232214765100654,0.4496579138391885
5.2074340820312495,8.879954833984375,6.4010986328124995,2.4510067114094314,0.9739450654684394
8.44637939453125,8.879954833984375,6.4010986328124995,3.746308724832441,0.9830555140485195
5.2074340820312495,5.658909912109374,6.4010986328124995,2.430872483221509,0.9582006204876659
5.2074340820312495,8.879954833984375,8.8906005859375,2.4496644295302366,0.9752517910909813
8.44637939453125,5.658909912109374,8.8906005859375,3.7275167785237135,0.9745001872502783
7.70493408203125,1.3837048339843747,3.9260986328125003,3.268456375839082,0.8630105153435386
0.95387939453125,1.3837048339843747,3.9260986328125003,0.4389261744966415,0.2690398468676028
7.70493408203125,8.157659912109375,3.9260986328125003,3.4469798657719943,0.9771185960035549
7.70493408203125,1.3837048339843747,6.4156005859375,3.2657718120806924,0.8758397345603577
0.95387939453125,8.157659912109375,6.4156005859375,0.7463087248322064,0.9065814294851384
2.70993408203125,6.381204833984374,8.8760986328125,1.437583892617429,0.9409875086829604
5.94887939453125,6.381204833984374,8.8760986328125,2.7328859060403454,0.968868623279603
2.70993408203125,3.160159912109375,8.8760986328125,1.389261744966423,0.87809856608987
2.70993408203125,6.381204833984374,1.4656005859375,1.4402684563758181,0.9031442116831063
5.94887939453125,3.160159912109375,1.4656005859375,2.688590604026916,0.8951837143296479
3.9586840820312497,0.134329833984375,5.1635986328125,0.40939597315436016,0.028917294605114805
7.1976293945312495,0.134329833984375,5.1635986328125,0.4228187919463062,0.030007332690256006
3.9586840820312497,4.4095349121093745,5.1635986328125,1.915436241610709,0.9289035934367194
3.9586840820312497,0.134329833984375,2.7031005859375004,0.40939597315436016,0.02825237466084903
7.1976293945312495,4.4095349121093745,2.7031005859375004,3.213422818792094,0.9486114425444782
8.95368408203125,5.131829833984375,0.21359863281250002,3.9127516778526,0.8951364563099412
2.20262939453125,5.131829833984375,0.21359863281250002,1.1999999999999835,0.7888684636496279
8.95368408203125,9.407034912109376,0.21359863281250002,3.9476510067116655,0.92904161732922
8.95368408203125,5.131829833984375,7.6531005859375,3.9248322147653534,0.9725220070324472
2.20262939453125,9.407034912109376,7.6531005859375,1.249664429530184,0.9529394824995905
6.45618408203125,2.633079833984375,7.6385986328125,2.868456375839023,0.9263576488382621
9.69512939453125,2.633079833984375,7.6385986328125,4.165100671141228,0.9490461273650593
6.45618408203125,6.908284912109375,7.6385986328125,2.940939597315544,0.97289231553032
6.45618408203125,2.633079833984375,5.1781005859375,2.868456375839023,0.920688756256335
9.69512939453125,6.908284912109375,5.1781005859375,4.2375838926177485,0.9797457012558439
1.46118408203125,7.630579833984374,2.6885986328125,0.9476510067113975,0.902380949070358
4.70012939453125,7.630579833984374,2.6885986328125,2.242953020134233,0.9574420395767582
1.46118408203125,1.9107849121093747,2.6885986328125,0.8026845637583799,0.6012492021732203
1.46118408203125,7.630579833984374,0.22810058593750002,0.9302013422818676,0.8118181988582932
4.70012939453125,1.9107849121093747,0.22810058593750002,2.0577181208053466,0.7195258617542661
2.0855590820312497,2.0083923339843746,8.2573486328125,1.085906040268442,0.7551968412962025
1.57825439453125,2.0083923339843746,8.2573486328125,0.8805369127516671,0.6912809162673946
2.0855590820312497,5.034222412109375,8.2573486328125,1.174496644295286,0.9076823987540757
2.0855590820312497,2.0083923339843746,2.0843505859375,1.0765100671140797,0.6957997650296304
1.57825439453125,5.034222412109375,2.0843505859375,0.973154362416095,0.8484041909390192
7.08055908203125,7.005892333984375,3.3073486328125004,3.191946308724977,0.9696406470484872
6.57325439453125,7.005892333984375,3.3073486328125004,2.987919463087363,0.9674206198915932
7.08055908203125,0.036722412109375,3.3073486328125004,0.40402684563758173,0.007802129790557526
7.08055908203125,7.005892333984375,7.0343505859375,3.190604026845782,0.9749197047749816
6.57325439453125,0.036722412109375,7.0343505859375,0.40402684563758173,0.007994456971468208
9.57805908203125,4.507142333984374,5.7823486328125,4.166442953020423,0.9687493354261297
4.07575439453125,4.507142333984374,5.7823486328125,1.9637583892617148,0.9337271292356171
9.57805908203125,2.5354724121093746,5.7823486328125,4.114093959731824,0.9435967497166322
9.57805908203125,4.507142333984374,9.5093505859375,4.166442953020423,0.9714842440981548
4.07575439453125,2.5354724121093746,9.5093505859375,1.911409395973125,0.8903152884544878
4.58305908203125,9.504642333984375,0.8323486328125,2.204026845637583,0.939257218109782
9.07075439453125,9.504642333984375,0.8323486328125,4.000000000000264,0.9640378255985527
4.58305908203125,7.532972412109374,0.8323486328125,2.195973154362414,0.925678507237014
4.58305908203125,9.504642333984375,4.5593505859375,2.202684563758388,0.9704823025311513
9.07075439453125,7.532972412109374,4.5593505859375,3.9906040268459,0.9795406563119424
3.33430908203125,3.2577673339843747,4.5448486328125,1.6429530201342037,0.8865722292186953
7.82200439453125,3.2577673339843747,4.5448486328125,3.4375838926176305,0.944440575492702
3.33430908203125,8.782347412109376,4.5448486328125,1.7006711409395718,0.9586045229502543
3.33430908203125,3.2577673339843747,0.8468505859375,1.6375838926174253,0.8184798587312788
7.82200439453125,8.782347412109376,0.8468505859375,3.497986577181398,0.95691422854526
8.32930908203125,8.255267333984374,9.4948486328125,3.6966442953022325,0.9827797842015829
2.82700439453125,8.255267333984374,9.4948486328125,1.495302013422797,0.956688633622075
8.32930908203125,3.7848474121093747,9.4948486328125,3.653691275167998,0.9610232432630263
8.32930908203125,8.255267333984374,5.7968505859374995,3.6979865771814273,0.9811686794075237
2.82700439453125,3.7848474121093747,5.7968505859374995,1.4523489932885696,0.8948814347151245
5.83180908203125,0.759017333984375,2.0698486328125,2.319463087248338,0.6571480770365776
5.32450439453125,0.759017333984375,2.0698486328125,2.10872483221475,0.6320213170013735
5.83180908203125,1.286097412109375,2.0698486328125,2.5046979865772245,0.7851853723710234
5.83180908203125,0.759017333984375,8.2718505859375,2.3409395973154554,0.7197379686779092
5.32450439453125,1.286097412109375,8.2718505859375,2.296644295302026,0.8219421779898952
0.83680908203125,5.756517333984374,7.0198486328125,0.6832214765100599,0.8536242235514178
0.32950439453125,5.756517333984374,7.0198486328125,0.4617449664429498,0.716609860369349
0.83680908203125,6.2835974121093745,7.0198486328125,0.6885906040268384,0.8683650820832605
0.83680908203125,5.756517333984374,3.3218505859375003,0.6832214765100599,0.8304611692833488
0.32950439453125,6.2835974121093745,3.3218505859375003,0.46711409395972825,0.7273539398160057
1.14899658203125,1.0713610839843748,3.6167236328125,0.4335570469798631,0.21323013989128264
9.38294189453125,1.0713610839843748,3.6167236328125,3.8778523489935344,0.8492274359133223
1.14899658203125,3.4725036621093746,3.6167236328125,0.7731543624160986,0.7626286158885109
1.14899658203125,1.0713610839843748,6.1062255859375,0.4362416107382523,0.22014394413060767
9.38294189453125,3.4725036621093746,6.1062255859375,4.0684563758392,0.9588229394451905
6.14399658203125,6.068861083984374,8.5667236328125,2.8093959731544507,0.9680908607441101
4.38794189453125,6.068861083984374,8.5667236328125,2.1060402684563604,0.9572050767114886
6.14399658203125,8.470003662109375,8.5667236328125,2.822818791946399,0.9773978057305133
6.14399658203125,6.068861083984374,1.1562255859375001,2.8120805369128403,0.9379963751060929
4.38794189453125,8.470003662109375,1.1562255859375001,2.1221476510066983,0.9409031738126232
8.64149658203125,3.570111083984375,1.1417236328125002,3.777181208053922,0.9226057465605572
6.88544189453125,3.570111083984375,1.1417236328125002,3.0751677852350268,0.9075885570422749
8.64149658203125,5.971253662109374,1.1417236328125002,3.810738255033793,0.9520353708614527
8.64149658203125,3.570111083984375,3.6312255859375,3.7744966442955326,0.9508807625637254
6.88544189453125,5.971253662109374,3.6312255859375,3.106040268456508,0.9643793203507467
3.64649658203125,8.567611083984374,6.0917236328125,1.8241610738254757,0.9629419183387269
1.89044189453125,8.567611083984374,6.0917236328125,1.1221476510066963,0.9401393256891187
3.64649658203125,0.973753662109375,6.0917236328125,1.5503355704697759,0.6598013465057075
3.64649658203125,8.567611083984374,8.5812255859375,1.8241610738254757,0.9652255216859373
1.89044189453125,0.973753662109375,8.5812255859375,0.7557046979865687,0.40215360821975427
4.89524658203125,4.8194860839843745,9.8042236328125,2.296644295302026,0.9515841375553591
0.64169189453125,4.8194860839843745,9.8042236328125,0.5932885906040213,0.7907350250880836
4.89524658203125,2.223128662109375,9.8042236328125,2.2228187919463105,0.8928699011474935
4.89524658203125,4.8194860839843745,7.3437255859374995,2.296644295302026,0.9493463876575079
0.64169189453125,2.223128662109375,7.3437255859374995,0.44832214765100376,0.40765348536756174
9.89024658203125,9.816986083984375,4.8542236328124995,4.328859060402997,0.9860542353118243
5.63669189453125,9.816986083984375,4.8542236328124995,2.625503355704759,0.976519210216864
9.89024658203125,7.220628662109374,4.8542236328124995,4.316778523490243,0.980610792733573
9.89024658203125,9.816986083984375,2.3937255859375,4.328859060402997,0.9819657068201326
5.63669189453125,7.220628662109374,2.3937255859375,2.6147651006712005,0.9594409730529244
7.39274658203125,2.3207360839843747,7.3292236328125,3.2281879194632372,0.925295782429275
3.13919189453125,2.3207360839843747,7.3292236328125,1.5275167785234676,0.8463660237083861
7.39274658203125,9.719378662109374,7.3292236328125,3.3275167785236546,0.9830555532857932
7.39274658203125,2.3207360839843747,4.8687255859375,3.2281879194632372,0.9189912011130403
3.13919189453125,9.719378662109374,4.8687255859375,1.6255033557046739,0.9614932304940429
2.39774658203125,7.318236083984375,2.3792236328125003,1.3194630872483035,0.9223153708264791
8.13419189453125,7.318236083984375,2.3792236328125003,3.614765100671348,0.9708570464672869
2.39774658203125,4.721878662109375,2.3792236328125003,1.2979865771811898,0.8812831308638676
2.39774658203125,7.318236083984375,9.8187255859375,1.318120805369109,0.9445628872957381
8.13419189453125,4.721878662109375,9.8187255859375,3.590604026845841,0.9683812161212377
1.7733715820312501,2.9454235839843745,6.7104736328125,1.0093959731543494,0.8124274025621254
5.01231689453125,2.9454235839843745,6.7104736328125,2.303355704698,0.916505996223353
1.7733715820312501,7.845316162109374,6.7104736328125,1.0711409395973013,0.9324789253534127
1.7733715820312501,2.9454235839843745,7.9624755859375,1.0093959731543494,0.8171368486984169
5.01231689453125,7.845316162109374,7.9624755859375,2.367785234899352,0.9704699699375781
6.76837158203125,7.942923583984374,1.7604736328125001,3.072483221476637,0.9640620729983174
0.01731689453125,7.942923583984374,1.7604736328125001,0.4013422818791925,0.7215525974587496
6.76837158203125,2.8478161621093747,1.7604736328125001,3.0067114093960905,0.9028003462497527
6.76837158203125,7.942923583984374,3.0124755859375,3.0711409395974423,0.9711499657395024
0.01731689453125,2.8478161621093747,3.0124755859375,0.3999999999999979,0.42384334179662064
9.26587158203125,0.44667358398437496,9.1854736328125,3.4389261744968254,0.6902384064273008
7.50981689453125,0.44667358398437496,9.1854736328125,2.7328859060403454,0.6242430582705041
9.26587158203125,0.34906616210937497,9.1854736328125,3.24563758389277,0.604729971052257
9.26587158203125,0.44667358398437496,0.5374755859375,3.1798657718122234,0.5391488776873055
7.50981689453125,0.34906616210937497,0.5374755859375,2.0268456375838655,0.35977229378154985
4.2708715820312495,5.444173583984375,4.2354736328125,2.053691275167762,0.9434244754288807
2.5148168945312497,5.444173583984375,4.2354736328125,1.351677852348974,0.9150541022353095
4.2708715820312495,5.346566162109374,4.2354736328125,2.053691275167762,0.9426092593928763
4.2708715820312495,5.444173583984375,5.4874755859375,2.053691275167762,0.9468651881311625
2.5148168945312497,5.346566162109374,5.4874755859375,1.3503355704697795,0.9184288675340082
3.0221215820312497,1.6960485839843749,0.5229736328125,1.375838926174477,0.6478332497247101
3.76356689453125,1.6960485839843749,0.5229736328125,1.6818791946308473,0.6908756498383002
3.0221215820312497,6.595941162109375,0.5229736328125,1.5610738255033327,0.8732155770516001
3.0221215820312497,1.6960485839843749,9.1999755859375,1.433557046979845,0.7866404497751098
3.76356689453125,6.595941162109375,9.1999755859375,1.86040268456373,0.9559879429387754
8.01712158203125,6.6935485839843745,5.4729736328125,3.5637583892619444,0.9752526033822918
8.75856689453125,6.6935485839843745,5.4729736328125,3.8604026845640016,0.977182921343134
8.01712158203125,1.5984411621093748,5.4729736328125,3.418791946308903,0.8930198979698762
8.01712158203125,6.6935485839843745,4.2499755859374995,3.5637583892619444,0.9735555842688168
8.75856689453125,1.5984411621093748,4.2499755859374995,3.716778523490155,0.8956219373957788
5.51962158203125,4.194798583984374,2.9979736328125,2.5382550335570953,0.9344381736518013
1.26606689453125,4.194798583984374,2.9979736328125,0.8362416107382451,0.8106720483378634
5.51962158203125,4.097191162109374,2.9979736328125,2.5355704697987056,0.9326903003029573
5.51962158203125,4.194798583984374,1.7749755859375,2.53959731543629,0.9207415077828911
1.26606689453125,4.097191162109374,1.7749755859375,0.8308724832214667,0.7810214640122566
0.52462158203125,9.192298583984375,7.9479736328125,0.5785234899328806,0.8939328255726682
6.2610668945312495,9.192298583984375,7.9479736328125,2.8738255033558024,0.9795568097588976
0.52462158203125,9.094691162109376,7.9479736328125,0.5785234899328806,0.8928712128342176
0.52462158203125,9.192298583984375,6.7249755859375,0.5785234899328806,0.8906563738018911
6.2610668945312495,9.094691162109376,6.7249755859375,2.8724832214766076,0.978472070419312
0.36852783203125,1.5398767089843748,5.9370361328125,0.41073825503355477,0.2782734084539713
8.29028564453125,1.5398767089843748,5.9370361328125,3.52080536912771,0.8939102973058795
0.36852783203125,2.066956787109375,5.9370361328125,0.4147651006711386,0.3526775608935342
0.36852783203125,1.5398767089843748,5.6421630859375,0.41073825503355477,0.27783020923600704
8.29028564453125,2.066956787109375,5.6421630859375,3.5704697986579186,0.9202845155158628
5.36352783203125,6.537376708984374,0.9870361328125,2.5033557046980297,0.9306655411693928
3.29528564453125,6.537376708984374,0.9870361328125,1.6751677852348743,0.9027698074177442
5.36352783203125,7.064456787109374,0.9870361328125,2.5060402684564194,0.9352071057518812
5.36352783203125,6.537376708984374,0.6921630859375,2.502013422818835,0.9184426863188236
3.29528564453125,7.064456787109374,0.6921630859375,1.676510067114069,0.8955800561795938
7.86102783203125,4.038626708984374,8.4120361328125,3.4711409395975013,0.9608326963357385
5.79278564453125,4.038626708984374,8.4120361328125,2.642953020134292,0.9484800257055834
7.86102783203125,9.563206787109374,8.4120361328125,3.5154362416109306,0.9842793082761281
7.86102783203125,4.038626708984374,3.1671630859375,3.472483221476696,0.9508006981835875
5.79278564453125,9.563206787109374,3.1671630859375,2.6872483221477212,0.9731518754616473
2.86602783203125,9.036126708984375,3.4620361328125,1.5140939597315215,0.9511463260767528
0.79778564453125,9.036126708984375,3.4620361328125,0.6872483221476438,0.8937610636843057
2.86602783203125,4.565706787109375,3.4620361328125,1.481879194630851,0.902853739273844
2.86602783203125,9.036126708984375,8.1171630859375,1.5140939597315215,0.9600226441458866
0.79778564453125,4.565706787109375,8.1171630859375,0.6536912751677786,0.8044595204859961
4.11477783203125,2.7892517089843745,2.2245361328125,1.942281879194601,0.8645893469344391
2.0465356445312497,2.7892517089843745,2.2245361328125,1.1114093959731395,0.7778316503904678
4.11477783203125,3.3163317871093745,2.2245361328125,1.9583892617449363,0.8848678809925885
4.11477783203125,2.7892517089843745,6.8796630859375,1.9382550335570172,0.8963883141853524
2.0465356445312497,3.3163317871093745,6.8796630859375,1.1288590604026694,0.8514785120312234
9.10977783203125,7.786751708984374,7.1745361328124995,4.008053691275433,0.9824228863902258
7.04153564453125,7.786751708984374,7.1745361328124995,3.1798657718122234,0.977602127083158
9.10977783203125,8.313831787109375,7.1745361328124995,4.009395973154628,0.9834827540260774
9.10977783203125,7.786751708984374,1.9296630859375001,4.008053691275433,0.972881064026061
7.04153564453125,8.313831787109375,1.9296630859375001,3.182550335570613,0.9680886287431183
6.61227783203125,0.290501708984375,4.6995361328125,1.6791946308724581,0.32365919285425404
4.54403564453125,0.290501708984375,4.6995361328125,0.45100671140939297,0.06922657235867503
6.61227783203125,5.815081787109374,4.6995361328125,2.994630872483337,0.9646201396556175
6.61227783203125,0.290501708984375,4.4046630859375,1.6671140939597067,0.3203179746195466
4.54403564453125,5.815081787109374,4.4046630859375,2.1664429530201277,0.9502223194066346
1.61727783203125,5.288001708984375,9.6495361328125,0.9906040268456249,0.8983674841378237
9.53903564453125,5.288001708984375,9.6495361328125,4.159731543624448,0.9757346663502029
1.61727783203125,0.8175817871093749,9.6495361328125,0.4523489932885876,0.1864287574306626
1.61727783203125,5.288001708984375,9.3546630859375,0.9906040268456249,0.897927898039365
9.53903564453125,0.8175817871093749,9.3546630859375,3.8469798657720533,0.8353642974879485
2.24165283203125,4.663314208984374,4.0807861328125,1.2335570469798487,0.8912671418284113
6.41716064453125,4.663314208984374,4.0807861328125,2.9033557046980887,0.9526712073339416
2.24165283203125,6.439769287109375,4.0807861328125,1.2510067114093786,0.9215422537682272
2.24165283203125,4.663314208984374,8.7359130859375,1.232214765100654,0.9058816631760309
6.41716064453125,6.439769287109375,8.7359130859375,2.9208053691276215,0.9711180910127962
7.2366528320312495,9.660814208984375,9.0307861328125,3.2657718120806924,0.9833977905728062
1.42216064453125,9.660814208984375,9.0307861328125,0.9382550335570352,0.9407079058865566
7.2366528320312495,1.4422692871093747,9.0307861328125,3.0859060402685854,0.8803705760166197
7.2366528320312495,9.660814208984375,3.7859130859375,3.2657718120806924,0.9794935952487978
1.42216064453125,1.4422692871093747,3.7859130859375,0.696644295302006,0.4698482060094099
9.73415283203125,2.1645642089843746,1.6057861328125,4.161073825503643,0.9036893233625233
8.91466064453125,2.1645642089843746,1.6057861328125,3.833557046980105,0.8964457004449213
9.73415283203125,3.9410192871093748,1.6057861328125,4.2214765100674105,0.9454839055009864
9.73415283203125,2.1645642089843746,1.3109130859375002,4.161073825503643,0.8958277263530862
8.91466064453125,3.9410192871093748,1.3109130859375002,3.8939597315438723,0.9353729916102624
4.73915283203125,7.162064208984375,6.5557861328125,2.2550335570469864,0.9647268893144796
3.91966064453125,7.162064208984375,6.5557861328125,1.9261744966442658,0.9584736460126126
4.73915283203125,8.938519287109376,6.5557861328125,2.2630872483221554,0.9719296898865347
4.73915283203125,7.162064208984375,6.2609130859375,2.2550335570469864,0.9643944935090115
3.91966064453125,8.938519287109376,6.2609130859375,1.935570469798628,0.9668945184281339
3.4904028320312497,0.915189208984375,7.7932861328125,1.4657718120805157,0.6322521271116734
2.67091064453125,0.915189208984375,7.7932861328125,1.1114093959731395,0.5321561085732706
3.4904028320312497,7.689144287109374,7.7932861328125,1.75838926174494,0.9592407132587124
3.4904028320312497,0.915189208984375,9.9734130859375,1.4671140939597103,0.6397774118455664
2.67091064453125,7.689144287109374,9.9734130859375,1.4295302013422613,0.9514722158189626
8.48540283203125,5.912689208984374,2.8432861328125,3.746308724832441,0.9676342244573213
7.66591064453125,5.912689208984374,2.8432861328125,3.417449664429708,0.9644239322699018
8.48540283203125,2.6916442871093746,2.8432861328125,3.684563758389479,0.9283571805661619
8.48540283203125,5.912689208984374,5.0234130859374995,3.7449664429532463,0.9726864425117159
7.66591064453125,2.6916442871093746,5.0234130859374995,3.355704697986746,0.9329930021608308
5.98790283203125,3.4139392089843748,5.3182861328125,2.7073825503356437,0.9352786107448159
0.17341064453125002,3.4139392089843748,5.3182861328125,0.40939597315436016,0.49111798168951165
5.98790283203125,0.19289428710937498,5.3182861328125,0.4322147651006685,0.04402836389522039
5.98790283203125,3.4139392089843748,2.5484130859375003,2.7100671140940333,0.9207909743337113
0.17341064453125002,0.19289428710937498,2.5484130859375003,0.3999999999999979,0.039534810815871714
0.9929028320312501,8.411439208984374,0.3682861328125,0.7516778523489849,0.8137109022432859
5.16841064453125,8.411439208984374,0.3682861328125,2.430872483221509,0.9122506328283295
0.9929028320312501,5.190394287109375,0.3682861328125,0.7167785234899251,0.7275250218041156
0.9929028320312501,8.411439208984374,7.4984130859375,0.7624161073825417,0.9136771516791334
5.16841064453125,5.190394287109375,7.4984130859375,2.4107382550335865,0.9554109904976609
0.68071533203125,3.7262829589843744,9.3401611328125,0.5852348993288536,0.714764304721609
4.85622314453125,3.7262829589843744,9.3401611328125,2.2617449664429605,0.9358775336042865
0.68071533203125,4.878050537109375,9.3401611328125,0.6107382550335512,0.8022945792563985
0.68071533203125,3.7262829589843744,4.7140380859375,0.5812080536912698,0.6929719357893949
4.85622314453125,4.878050537109375,4.7140380859375,2.281879194630883,0.9447524169025486
5.67571533203125,8.723782958984375,4.3901611328125,2.6375838926175126,0.972942376440399
9.85122314453125,8.723782958984375,4.3901611328125,4.308724832215074,0.9835971642340113
5.67571533203125,9.875550537109374,4.3901611328125,2.641610738255097,0.9762075740714785
5.67571533203125,8.723782958984375,9.6640380859375,2.6375838926175126,0.9771317224767594
9.85122314453125,9.875550537109374,9.6640380859375,1.4791946308724617,0.3854754339214705
8.17321533203125,1.2275329589843749,6.8651611328125,3.4241610738256822,0.8685012919213331
2.35872314453125,1.2275329589843749,6.8651611328125,1.0912751677852204,0.6149837969816065
8.17321533203125,7.376800537109374,6.8651611328125,3.630872483221686,0.9791775301156007
8.17321533203125,1.2275329589843749,7.1890380859375,3.4241610738256822,0.869479213279631
2.35872314453125,7.376800537109374,7.1890380859375,1.3033557046979682,0.9417496523857285
3.17821533203125,6.225032958984374,1.9151611328125002,1.6255033557046739,0.9195641407128234
7.35372314453125,6.225032958984374,1.9151611328125002,3.2953020134229787,0.9588616217331046
3.17821533203125,2.3793005371093745,1.9151611328125002,1.5476510067113867,0.8028971882059595
3.17821533203125,6.225032958984374,2.2390380859375,1.6255033557046739,0.924165965539368
7.35372314453125,2.3793005371093745,2.2390380859375,3.2187919463088734,0.9010115559356697
4.42696533203125,2.4769079589843748,3.1526611328125003,2.0523489932885672,0.8698796655488299
6.10497314453125,2.4769079589843748,3.1526611328125003,2.7234899328859816,0.9000206236753857
4.42696533203125,1.1299255371093748,3.1526611328125003,1.9073825503355413,0.7246709458558966
4.42696533203125,2.4769079589843748,3.4765380859375004,2.0523489932885672,0.8731903710049559
6.10497314453125,1.1299255371093748,3.4765380859375004,2.5825503355705246,0.7919330433801585
9.42196533203125,7.474407958984374,8.1026611328125,4.130201342282162,0.9825066476294348
1.10997314453125,7.474407958984374,8.1026611328125,0.8040268456375745,0.908714345047889
9.42196533203125,6.127425537109374,8.1026611328125,4.122147651006993,0.9785122672856934
9.42196533203125,7.474407958984374,8.4265380859375,4.130201342282162,0.9826313910225581
1.10997314453125,6.127425537109374,8.4265380859375,0.7959731543624069,0.8882373497400939
6.92446533203125,4.975657958984375,0.6776611328125,3.112751677852482,0.9137308880473237
8.60247314453125,4.975657958984375,0.6776611328125,3.785234899329091,0.9262215318847189
6.92446533203125,8.626175537109376,0.6776611328125,3.1382550335571837,0.9455537180352556
6.92446533203125,4.975657958984375,5.9515380859375,3.1100671140940923,0.9621753689744807
8.60247314453125,8.626175537109376,5.9515380859375,3.8080536912754033,0.9825680498134421
1.92946533203125,9.973157958984375,5.6276611328124995,1.1422818791946154,0.9485021725849377
3.60747314453125,9.973157958984375,5.6276611328124995,1.8134228187919188,0.9674735900232627
1.92946533203125,3.6286755371093746,5.6276611328124995,1.0912751677852204,0.8545407381900556
1.92946533203125,9.973157958984375,1.0015380859375,1.14362416107381,0.9075817888000677
3.60747314453125,3.6286755371093746,1.0015380859375,1.7610738255033291,0.8493651528346399
1.3050903320312501,0.6028454589843749,1.2964111328125,0.413422818791944,0.11583354964507427
0.48559814453125,0.6028454589843749,1.2964111328125,0.40402684563758173,0.11522500092763041
1.3050903320312501,9.250863037109376,1.2964111328125,0.891275167785224,0.8897052380787005
1.3050903320312501,0.6028454589843749,1.6202880859375002,0.413422818791944,0.11690994678092012
0.48559814453125,9.250863037109376,1.6202880859375002,0.5597315436241561,0.8413308321100217
6.30009033203125,5.600345458984375,6.2464111328125,2.8671140939598283,0.9639588478598978
5.48059814453125,5.600345458984375,6.2464111328125,2.53959731543629,0.9593646344312038
6.30009033203125,4.2533630371093745,6.2464111328125,2.8496644295302955,0.9521340836641696
6.30009033203125,5.600345458984375,6.5702880859374995,2.8671140939598283,0.9643249427814358
5.48059814453125,4.2533630371093745,6.5702880859374995,2.5221476510067573,0.9465683489718735
8.79759033203125,3.1015954589843746,3.7714111328125,3.824161073825741,0.9448793781134517
2.9830981445312497,3.1015954589843746,3.7714111328125,1.4993288590603808,0.8648621456270265
8.79759033203125,1.7546130371093747,3.7714111328125,3.7503355704700256,0.902478143278776
8.79759033203125,3.1015954589843746,9.0452880859375,3.8228187919465464,0.954074990412059
2.9830981445312497,1.7546130371093747,9.0452880859375,1.4228187919462882,0.7912052993656096
3.80259033203125,8.099095458984376,8.7214111328125,1.884563758389233,0.9644483645555066
7.97809814453125,8.099095458984376,8.7214111328125,3.5557046979867755,0.981477191909323
3.80259033203125,6.752113037109375,8.7214111328125,1.8765100671140653,0.956910053029318
3.80259033203125,8.099095458984376,4.0952880859375,1.884563758389233,0.9581495357919697
7.97809814453125,6.752113037109375,4.0952880859375,3.5489932885908013,0.9734513661211697
2.5538403320312497,4.350970458984374,7.4839111328125,1.3530201342281687,0.9060173391631645
9.22684814453125,4.350970458984374,7.4839111328125,4.022818791946576,0.9680545677678816
2.5538403320312497,5.502738037109374,7.4839111328125,1.3677852348993094,0.9262700557181682
2.5538403320312497,4.350970458984374,0.3827880859375,1.3369127516778334,0.7979415836649653
9.22684814453125,5.502738037109374,0.3827880859375,4.037583892617719,0.9175210630267256
7.54884033203125,9.348470458984375,2.5339111328125004,3.3906040268458115,0.9764635802457391
4.2318481445312495,9.348470458984375,2.5339111328125004,2.061744966442931,0.9611487532614374
7.54884033203125,0.505238037109375,2.5339111328125004,2.7959731543625024,0.6130651007855603
7.54884033203125,9.348470458984375,5.3327880859375,3.3892617449666167,0.9814476426524956
4.2318481445312495,0.505238037109375,5.3327880859375,1.3731543624160878,0.4153259283334011
5.05134033203125,1.8522204589843747,9.9589111328125,2.257718120805376,0.8744910707785551
6.72934814453125,1.8522204589843747,9.9589111328125,2.9288590604027904,0.9022143550257065
5.05134033203125,3.003988037109375,9.9589111328125,2.320805369127533,0.9234838850082072
5.05134033203125,1.8522204589843747,7.8077880859375,2.257718120805376,0.8702207624186213
6.72934814453125,3.003988037109375,7.8077880859375,2.9919463087249474,0.9381435070765687
0.05634033203125,6.8497204589843745,5.0089111328125,0.40536912751677634,0.7004774118322467
1.73434814453125,6.8497204589843745,5.0089111328125,1.0510067114093822,0.9167738322648651
0.05634033203125,8.001488037109375,5.0089111328125,0.40671140939597095,0.7444739188834044
0.05634033203125,6.8497204589843745,2.8577880859375,0.40536912751677634,0.6906462663614827
1.73434814453125,8.001488037109375,2.8577880859375,1.0577181208053552,0.9172978788464747
0.07585205078125,1.8717419433593747,0.9677001953125,0.4013422818791925,0.3032659153084098
9.55854736328125,1.8717419433593747,0.9677001953125,4.0684563758392,0.8664355576096763
0.07585205078125,5.8736462402343745,0.9677001953125,0.40536912751677634,0.6262505038372741
0.07585205078125,1.8717419433593747,6.5896240234375,0.4013422818791925,0.31905398237693433
9.55854736328125,5.8736462402343745,6.5896240234375,4.1744966442955915,0.9769111907447633
5.07085205078125,6.869241943359374,5.9177001953124995,2.3852348993288848,0.9643341705704259
4.56354736328125,6.869241943359374,5.9177001953124995,2.1825503355704656,0.9610729890678362
5.07085205078125,0.8761462402343749,5.9177001953124995,2.0899328859060224,0.7145116809402108
5.07085205078125,6.869241943359374,1.6396240234375001,2.3865771812080796,0.9452951653047379
4.56354736328125,0.8761462402343749,1.6396240234375001,1.8456375838925894,0.6204807612333458
7.56835205078125,4.370491943359375,3.4427001953125003,3.3597315436243305,0.9540794028276683
7.06104736328125,4.370491943359375,3.4427001953125003,3.1570469798659113,0.9512133919254803
7.56835205078125,3.3748962402343747,3.4427001953125003,3.339597315436408,0.9404223413156685
7.56835205078125,4.370491943359375,4.1146240234375,3.3597315436243305,0.9564249312863449
7.06104736328125,3.3748962402343747,4.1146240234375,3.136912751677989,0.9398391594081617
2.5733520507812497,9.367991943359375,8.3927001953125,1.3973154362415907,0.9582090553334821
2.0660473632812497,9.367991943359375,8.3927001953125,1.194630872483205,0.9512426152033302
2.5733520507812497,8.372396240234375,8.3927001953125,1.3946308724832015,0.9534460589419493
2.5733520507812497,9.367991943359375,9.0646240234375,1.3973154362415907,0.9587109679103114
2.0660473632812497,8.372396240234375,9.0646240234375,1.1906040268456213,0.9457989109316676
3.82210205078125,3.121116943359375,7.1552001953125,1.8322147651006433,0.9024161568338847
0.81729736328125,3.121116943359375,7.1552001953125,0.6228187919463026,0.6827983053913274
3.82210205078125,9.621771240234375,7.1552001953125,1.897986577181179,0.9693046572339693
3.82210205078125,3.121116943359375,5.3521240234375,1.833557046979838,0.8972832917856602
0.81729736328125,9.621771240234375,5.3521240234375,0.696644295302006,0.9115493035080491
8.81710205078125,8.118616943359376,2.2052001953125,3.8926174496646775,0.974823576592516
5.81229736328125,8.118616943359376,2.2052001953125,2.689932885906111,0.9637143857052759
8.81710205078125,4.624271240234375,2.2052001953125,3.864429530201586,0.9556789838812351
8.81710205078125,8.118616943359376,0.4021240234375,3.8926174496646775,0.9375378986764924
5.81229736328125,4.624271240234375,0.4021240234375,2.65637583892624,0.877630004677409
6.31960205078125,0.6223669433593749,9.6302001953125,2.4483221476510417,0.6858988833820497
3.31479736328125,0.6223669433593749,9.6302001953125,1.1583892617449507,0.4304936334208524
6.31960205078125,2.1255212402343746,9.6302001953125,2.7852348993289437,0.90963696951574
6.31960205078125,0.6223669433593749,2.8771240234375,2.432214765100704,0.6362022660012339
3.31479736328125,2.1255212402343746,2.8771240234375,1.5892617449664195,0.8077034079974739
1.32460205078125,5.619866943359375,4.6802001953125,0.8778523489932779,0.8771483463264814
8.30979736328125,5.619866943359375,4.6802001953125,3.6724832214767256,0.9701801614729122
1.32460205078125,7.123021240234374,4.6802001953125,0.8885906040268348,0.9038209640189753
1.32460205078125,5.619866943359375,7.8271240234375,0.8765100671140833,0.8880602220401533
8.30979736328125,7.123021240234374,7.8271240234375,3.683221476510284,0.9791573382573548
1.94897705078125,4.995179443359374,9.0114501953125,1.1194630872483071,0.9037381463207494
5.18792236328125,4.995179443359374,9.0114501953125,2.416107382550366,0.9550848701524323
1.94897705078125,0.251458740234375,9.0114501953125,0.40939597315436016,0.054317595270910714
1.94897705078125,4.995179443359374,9.6833740234375,1.1194630872483071,0.9047015468193129
5.18792236328125,0.251458740234375,9.6833740234375,0.4617449664429498,0.06452838289935653
6.94397705078125,9.992679443359375,4.0614501953125,3.150335570469937,0.9799987247155663
0.19292236328125,9.992679443359375,4.0614501953125,0.4402684563758361,0.8179489542888279
6.94397705078125,5.248958740234374,4.0614501953125,3.1221476510068458,0.9609224970012351
6.94397705078125,9.992679443359375,4.7333740234374995,3.1489932885907423,0.9806872678515723
0.19292236328125,5.248958740234374,4.7333740234374995,0.4187919463087224,0.6312058727651851
9.44147705078125,2.4964294433593746,6.5364501953125,4.056375838926447,0.9431961636020441
7.68542236328125,2.4964294433593746,6.5364501953125,3.354362416107551,0.9316161971178654
9.44147705078125,7.7477087402343745,6.5364501953125,4.139597315436526,0.982463829782388
9.44147705078125,2.4964294433593746,2.2583740234375003,4.059060402684836,0.9239457758598936
7.68542236328125,7.7477087402343745,2.2583740234375003,3.4375838926176305,0.970433804649939
4.44647705078125,7.493929443359375,1.5864501953125,2.140939597315426,0.9434752720820385
2.69042236328125,7.493929443359375,1.5864501953125,1.4389261744966235,0.9186409210283448
4.44647705078125,2.750208740234375,1.5864501953125,2.0738255033556845,0.8564579322255454
4.44647705078125,7.493929443359375,7.2083740234375,2.139597315436231,0.9650953134100202
2.69042236328125,2.750208740234375,7.2083740234375,1.3677852348993094,0.854054865523789
3.19772705078125,1.2470544433593749,2.8239501953125004,1.4322147651006505,0.6698722714202262
3.93917236328125,1.2470544433593749,2.8239501953125004,1.7355704697986316,0.7193330827986287
3.19772705078125,3.9995837402343746,2.8239501953125004,1.6067114093959494,0.8921223300745735
3.19772705078125,1.2470544433593749,8.4458740234375,1.4402684563758181,0.7154388494599608
3.93917236328125,3.9995837402343746,8.4458740234375,1.9006711409395682,0.9280788290706903
8.192727050781249,6.244554443359374,7.7739501953125,3.630872483221686,0.9757771461172898
8.93417236328125,6.244554443359374,7.7739501953125,3.927516778523743,0.9776485458941966
8.192727050781249,8.997083740234375,7.7739501953125,3.645637583892829,0.9835398395866596
8.192727050781249,6.244554443359374,3.4958740234375,3.630872483221686,0.9704579617747711
8.93417236328125,8.997083740234375,3.4958740234375,3.943624161074081,0.9813784228268874
5.6952270507812495,3.7458044433593747,0.34895019531250004,2.586577181208109,0.8508817074545968
1.44167236328125,3.7458044433593747,0.34895019531250004,0.8644295302013318,0.698825894137865
5.6952270507812495,6.498333740234375,0.34895019531250004,2.6295302013423436,0.8986133587339178
5.6952270507812495,3.7458044433593747,1.0208740234375,2.602684563758447,0.8934186897681852
1.44167236328125,6.498333740234375,1.0208740234375,0.9302013422818676,0.8454057396658385
0.70022705078125,8.743304443359374,5.2989501953125,0.6469798657718056,0.8941700058247692
6.43667236328125,8.743304443359374,5.2989501953125,2.9422818791947387,0.9770282640970073
0.70022705078125,1.5008337402343748,5.2989501953125,0.42416107382550083,0.27977992855910516
0.70022705078125,8.743304443359374,5.9708740234375,0.6469798657718056,0.8968172307224294
6.43667236328125,1.5008337402343748,5.9708740234375,2.77583892617458,0.86424632625408
1.01241455078125,3.4334606933593745,4.3708251953124995,0.7167785234899251,0.7457812866671646
3.62698486328125,3.4334606933593745,4.3708251953124995,1.765100671140913,0.8984527292102938
1.01241455078125,8.684739990234375,4.3708251953124995,0.771812080536904,0.9076974648504668
1.01241455078125,3.4334606933593745,3.8052490234375003,0.7154362416107305,0.7395914371816222
3.62698486328125,8.684739990234375,3.8052490234375003,1.8174496644295026,0.958828726331179
6.00741455078125,8.430960693359376,9.3208251953125,2.769127516778606,0.9773316257352649
8.62198486328125,8.430960693359376,9.3208251953125,3.8147651006713774,0.9836805389452703
6.00741455078125,3.6872399902343744,9.3208251953125,2.722147651006787,0.9461176147723414
6.00741455078125,8.430960693359376,8.7552490234375,2.769127516778606,0.9770981022058128
8.62198486328125,3.6872399902343744,8.7552490234375,3.7677852348995584,0.9606211206395843
8.50491455078125,0.934710693359375,1.8958251953125,3.487248322147839,0.7832203673554207
1.12948486328125,0.934710693359375,1.8958251953125,0.4214765100671116,0.17737502860757737
8.50491455078125,1.1884899902343748,1.8958251953125,3.5570469798659703,0.8245726209274582
8.50491455078125,0.934710693359375,6.2802490234374995,3.4832214765102547,0.8313037794843962
1.12948486328125,1.1884899902343748,6.2802490234374995,0.44697986577180915,0.24848582932876473
3.5099145507812497,5.932210693359375,6.8458251953125,1.754362416107356,0.9456283830339798
6.12448486328125,5.932210693359375,6.8458251953125,2.800000000000087,0.9658315382904603
3.5099145507812497,6.185989990234375,6.8458251953125,1.7557046979865507,0.9477233569089593
3.5099145507812497,5.932210693359375,1.3302490234375002,1.7570469798657453,0.9097950003394859
6.12448486328125,6.185989990234375,1.3302490234375002,2.8040268456376714,0.9427865237652535
4.7586645507812495,2.184085693359375,8.0833251953125,2.1664429530201277,0.8853765958107194
7.37323486328125,2.184085693359375,8.0833251953125,3.2120805369128993,0.9215835979380922
4.7586645507812495,7.435364990234374,8.0833251953125,2.26442953020135,0.9674873710966552
4.7586645507812495,2.184085693359375,5.0427490234375,2.1677852348993225,0.8755830624666624
7.37323486328125,7.435364990234374,5.0427490234375,3.3114093959733166,0.975679518431426
9.75366455078125,7.1815856933593745,3.1333251953125,4.26308724832245,0.9774643304764874
2.37823486328125,7.1815856933593745,3.1333251953125,1.3114093959731359,0.9275953294945908
9.75366455078125,2.4378649902343748,3.1333251953125,4.179865771812371,0.9322962017128067
9.75366455078125,7.1815856933593745,9.9927490234375,4.261744966443255,0.9829485685821495
2.37823486328125,2.4378649902343748,9.9927490234375,1.2281879194630703,0.825302110841625
7.25616455078125,4.682835693359374,5.6083251953125,3.2402684563759907,0.9610811637191062
9.87073486328125,4.682835693359374,5.6083251953125,4.285906040268762,0.9705702903835145
7.25616455078125,4.936614990234374,5.6083251953125,3.2429530201343804,0.9630500404165219
7.25616455078125,4.682835693359374,7.5177490234375,3.238926174496796,0.9630957417816493
9.87073486328125,4.936614990234374,7.5177490234375,4.288590604027152,0.9737013513531143
2.26116455078125,9.680335693359375,0.6583251953125,1.273825503355687,0.8981319986539605
4.87573486328125,9.680335693359375,0.6583251953125,2.322147651006728,0.9358464328843323
2.26116455078125,9.934114990234375,0.6583251953125,1.2751677852348815,0.9004036657609217
2.26116455078125,9.680335693359375,2.5677490234375,1.2751677852348815,0.940555801699313
4.87573486328125,9.934114990234375,2.5677490234375,2.322147651006728,0.9678119891151938
1.63678955078125,0.310023193359375,6.2270751953125,0.40939597315436016,0.06563839974743033
1.75385986328125,0.310023193359375,6.2270751953125,0.40939597315436016,0.06553900089291553
1.63678955078125,3.0625524902343746,6.2270751953125,0.9583892617449543,0.8068846577814517
1.63678955078125,0.310023193359375,0.7114990234375,0.40671140939597095,0.060190452949629145
1.75385986328125,3.0625524902343746,0.7114990234375,0.9812080536912626,0.7127385867883971
6.63178955078125,5.3075231933593745,1.2770751953125001,3.0000000000001164,0.9369216049062474
6.7488598632812495,5.3075231933593745,1.2770751953125001,3.0469798657719354,0.9378300254244907
6.63178955078125,8.060052490234375,1.2770751953125001,3.018791946308844,0.9576154244786599
6.63178955078125,5.3075231933593745,5.6614990234375,2.9973154362417267,0.9629020223212832
6.7488598632812495,8.060052490234375,5.6614990234375,3.064429530201468,0.9764297545132863
9.12928955078125,2.8087731933593747,8.7020751953125,3.944966442953276,0.9505221973380185
4.25135986328125,2.8087731933593747,8.7020751953125,1.993288590603996,0.903422360120022
9.12928955078125,5.561302490234374,8.7020751953125,3.998657718121069,0.9756253520828764
9.12928955078125,2.8087731933593747,8.1364990234375,3.944966442953276,0.9500019899316821
4.25135986328125,5.561302490234374,8.1364990234375,2.046979865771788,0.9515640099750948
4.13428955078125,7.806273193359374,3.7520751953125,2.016107382550307,0.9583959635096607
9.24635986328125,7.806273193359374,3.7520751953125,4.063087248322421,0.979544899046964
4.13428955078125,0.563802490234375,3.7520751953125,1.4147651006711206,0.4478380629085812
4.13428955078125,7.806273193359374,3.1864990234375004,2.016107382550307,0.9561963651274799
9.24635986328125,0.563802490234375,3.1864990234375004,3.5731543624163082,0.7143184149897482
2.88553955078125,4.058148193359375,2.5145751953125,1.4832214765100455,0.881366004648559
7.99760986328125,4.058148193359375,2.5145751953125,3.527516778523684,0.9477100187034073
2.88553955078125,1.8131774902343747,2.5145751953125,1.389261744966423,0.7444786515517464
2.88553955078125,4.058148193359375,1.9489990234375,1.4832214765100455,0.8716513235936971
7.99760986328125,1.8131774902343747,1.9489990234375,3.4389261744968254,0.8752311240554881
7.88053955078125,9.055648193359374,7.4645751953124995,3.52080536912771,0.9828965708005754
3.0026098632812497,9.055648193359374,7.4645751953124995,1.5691275167785004,0.9610333432405305
7.88053955078125,6.810677490234374,7.4645751953124995,3.5100671140941513,0.9769193294978402
7.88053955078125,9.055648193359374,6.8989990234375,3.52080536912771,0.9826168291744708
3.0026098632812497,6.810677490234374,6.8989990234375,1.557046979865749,0.9465483527535836
5.38303955078125,1.5593981933593748,4.9895751953125,2.3637583892617675,0.8427268154935967
5.50010986328125,1.5593981933593748,4.9895751953125,2.4093959731543917,0.8453412541304942
5.38303955078125,9.309427490234375,4.9895751953125,2.5221476510067573,0.9743246137491827
5.38303955078125,1.5593981933593748,9.3739990234375,2.359731543624183,0.8572514896813013
5.50010986328125,9.309427490234375,9.3739990234375,2.5691275167785763,0.9778857725089659
0.38803955078125,6.556898193359374,9.9395751953125,0.5046979865771772,0.8024617360690534
0.50510986328125,6.556898193359374,9.9395751953125,0.5557046979865723,0.8370551138194176
0.38803955078125,4.311927490234375,9.9395751953125,0.457718120805366,0.6308506645064119
0.38803955078125,6.556898193359374,4.4239990234375,0.502013422818788,0.7803823060177671
0.50510986328125,4.311927490234375,4.4239990234375,0.5140939597315395,0.676905392769285
0.54413330078125,4.214320068359375,6.3817626953125,0.5342281879194586,0.6995093439946345
4.7196411132812495,4.214320068359375,6.3817626953125,2.217449664429531,0.9385123476505074
0.54413330078125,6.966849365234374,6.3817626953125,0.5758389261744914,0.8482179265551872
0.54413330078125,4.214320068359375,3.0318115234375003,0.5275167785234856,0.6703326007650175
4.7196411132812495,6.966849365234374,3.0318115234375003,2.2456375838926226,0.9551528222656523
5.53913330078125,9.211820068359375,1.4317626953125002,2.5852348993289143,0.9591657732452755
9.71464111328125,9.211820068359375,1.4317626953125002,4.256375838926476,0.974729355788647
5.53913330078125,1.9693493652343748,1.4317626953125002,2.4671140939597693,0.8307215353188516
5.53913330078125,9.211820068359375,7.9818115234375,2.5838926174497194,0.9770700538289572
9.71464111328125,1.9693493652343748,7.9818115234375,4.132885906040552,0.9319220248402775
8.03663330078125,1.7155700683593749,8.8567626953125,3.4389261744968254,0.9083804227841519
2.22214111328125,1.7155700683593749,8.8567626953125,1.1154362416107233,0.7260707516977917
8.03663330078125,4.468099365234375,8.8567626953125,3.5489932885908013,0.9657584933080078
8.03663330078125,1.7155700683593749,5.5068115234374995,3.44026845637602,0.9007954901248674
2.22214111328125,4.468099365234375,5.5068115234374995,1.2228187919462918,0.8931607452701735
3.0416333007812497,6.713070068359374,3.9067626953125,1.5731543624160842,0.9391248709815796
7.21714111328125,6.713070068359374,3.9067626953125,3.244295302013575,0.9703661770538243
3.0416333007812497,9.465599365234375,3.9067626953125,1.5865771812080303,0.9572544505022308
3.0416333007812497,6.713070068359374,0.5568115234375001,1.570469798657695,0.8776648016251376
7.21714111328125,9.465599365234375,0.5568115234375001,3.2590604026847183,0.9459019891305036
4.29038330078125,0.46619506835937496,0.1942626953125,0.8174496644295206,0.19133486475955208
5.96839111328125,0.46619506835937496,0.1942626953125,1.6442953020133984,0.3536220580903386
4.29038330078125,8.216224365234375,0.1942626953125,2.071140939597295,0.8840222840905985
4.29038330078125,0.46619506835937496,4.2693115234375,1.2778523489932707,0.36389901457793494
5.96839111328125,8.216224365234375,4.2693115234375,2.753020134228268,0.9723048073652216
9.28538330078125,5.463695068359375,5.1442626953124995,4.061744966443226,0.9729860917933424
0.97339111328125,5.463695068359375,5.1442626953124995,0.7355704697986496,0.8502426301288071
9.28538330078125,3.2187243652343747,5.1442626953124995,4.021476510067381,0.9532153044840029
9.28538330078125,5.463695068359375,9.2193115234375,4.060402684564031,0.9758167022216371
0.97339111328125,3.2187243652343747,9.2193115234375,0.6953020134228114,0.7424122268392712
6.78788330078125,2.9649450683593748,2.6692626953125003,3.0161073825504543,0.9193091652446679
8.46589111328125,2.9649450683593748,2.6692626953125003,3.6872483221478687,0.9333981309310777
6.78788330078125,0.719974365234375,2.6692626953125003,2.69798657718128,0.6955222294729595
6.78788330078125,2.9649450683593748,6.7443115234375,3.0147651006712595,0.9363103930379431
8.46589111328125,0.719974365234375,6.7443115234375,3.3731543624162788,0.7829351691713535
1.7928833007812501,7.962445068359374,7.6192626953125,1.0805369127516635,0.9359057642086932
3.4708911132812497,7.962445068359374,7.6192626953125,1.751677852348967,0.9602966182088319
1.7928833007812501,5.7174743652343745,7.6192626953125,1.0657718120805229,0.9096169886669401
1.7928833007812501,7.962445068359374,1.7943115234375002,1.0818791946308581,0.9049714625169188
3.4708911132812497,5.7174743652343745,1.7943115234375002,1.7382550335570208,0.9160307390689364
2.41725830078125,2.340257568359375,3.2880126953125,1.2416107382550163,0.7847965919958804
0.34901611328125004,2.340257568359375,3.2880126953125,0.4147651006711386,0.3777767490217049
2.41725830078125,1.3446618652343747,3.2880126953125,1.130201342281864,0.6260404474816263
2.41725830078125,2.340257568359375,1.1755615234375,1.2268456375838757,0.7305290482640894
0.34901611328125004,1.3446618652343747,1.1755615234375,0.40671140939597095,0.23324145948969532
7.41225830078125,7.3377575683593745,8.2380126953125,3.324832214765265,0.9776868546243567
5.34401611328125,7.3377575683593745,8.2380126953125,2.4979865771812504,0.9702395518599791
7.41225830078125,6.342161865234375,8.2380126953125,3.3194630872484856,0.9741575256469167
7.41225830078125,7.3377575683593745,6.1255615234375,3.3261744966444597,0.9765307008882276
5.34401611328125,6.342161865234375,6.1255615234375,2.4912751677852762,0.9633246948716623
9.90975830078125,4.839007568359374,0.8130126953125,4.30738255033588,0.937912210215409
2.84651611328125,4.839007568359374,0.8130126953125,1.4765100671140725,0.8537613285390229
9.90975830078125,8.840911865234375,0.8130126953125,4.334228187919776,0.9638336881515681
9.90975830078125,4.839007568359374,8.6005615234375,4.303355704698295,0.9739084405694993
2.84651611328125,8.840911865234375,8.6005615234375,1.5046979865771593,0.9590132237643842
4.91475830078125,9.836507568359375,5.7630126953125,2.336912751677871,0.9747661375796854
7.84151611328125,9.836507568359375,5.7630126953125,3.5087248322149565,0.9834435829688171
4.91475830078125,3.8434118652343745,5.7630126953125,2.288590604026857,0.9333640768265451
4.91475830078125,9.836507568359375,3.6505615234375,2.336912751677871,0.9714082332440095
7.84151611328125,3.8434118652343745,3.6505615234375,3.4604026845639426,0.9503400720287225
3.66600830078125,3.5896325683593746,9.4755126953125,1.7825503355704428,0.9162133675978965
9.09026611328125,3.5896325683593746,9.4755126953125,3.953020134228445,0.9619089194059456
3.66600830078125,2.594036865234375,9.4755126953125,1.7503355704697723,0.883135711529343
3.66600830078125,3.5896325683593746,2.4130615234375004,1.785234899328832,0.8863783446834292
9.09026611328125,2.594036865234375,2.4130615234375004,3.9234899328861585,0.9261295464504635
8.66100830078125,8.587132568359376,4.5255126953125,3.83221476510091,0.9814079925115369
4.09526611328125,8.587132568359376,4.5255126953125,2.0040268456375534,0.9639349992163027
8.66100830078125,7.591536865234374,4.5255126953125,3.826845637584131,0.9787620286775647
8.66100830078125,8.587132568359376,7.3630615234375,3.8308724832217154,0.983337489031756
4.09526611328125,7.591536865234374,7.3630615234375,1.9999999999999691,0.9633650321945475
6.16350830078125,1.0908825683593748,7.0005126953125,2.5919463087248884,0.8107766154487258
6.59276611328125,1.0908825683593748,7.0005126953125,2.7637583892618265,0.8216983542740752
6.16350830078125,5.092786865234374,7.0005126953125,2.806711409396061,0.960309424204217
6.16350830078125,1.0908825683593748,9.8380615234375,2.5906040268456936,0.8188654351944686
6.59276611328125,5.092786865234374,9.8380615234375,2.978523489932999,0.9646381867763165
1.16850830078125,6.088382568359375,2.0505126953125,0.8201342281879098,0.8502397782959372
1.59776611328125,6.088382568359375,2.0505126953125,0.9919463087248195,0.8741406959745823
1.16850830078125,0.095286865234375,2.0505126953125,0.4013422818791925,0.01970810252332422
1.16850830078125,6.088382568359375,4.8880615234375,0.8201342281879098,0.8797399775856678
1.59776611328125,0.095286865234375,4.8880615234375,0.4013422818791925,0.020179188221072092
0.8563208007812501,0.778538818359375,8.5473876953125,0.413422818791944,0.15797791011888446
8.15370361328125,0.778538818359375,8.5473876953125,3.276510067114251,0.798419719968712
0.8563208007812501,9.777943115234375,8.5473876953125,0.7127516778523413,0.922372389468181
0.8563208007812501,0.778538818359375,7.0536865234374995,0.413422818791944,0.15704790230579246
8.15370361328125,9.777943115234375,7.0536865234374995,3.6322147651008807,0.9845082465296477
5.85132080078125,5.776038818359375,3.5973876953125004,2.689932885906111,0.9572898345691494
3.15870361328125,5.776038818359375,3.5973876953125004,1.6120805369127278,0.9292824619071581
5.85132080078125,4.780443115234375,3.5973876953125004,2.6791946308725523,0.948268809927913
5.85132080078125,5.776038818359375,2.1036865234375,2.6912751677853057,0.9484136060851334
3.15870361328125,4.780443115234375,2.1036865234375,1.6040268456375602,0.8995717726926915
8.34882080078125,3.2772888183593745,6.0723876953125,3.6483221476512186,0.9511687599147414
5.65620361328125,3.2772888183593745,6.0723876953125,2.571812080536966,0.9312240444769362
8.34882080078125,2.2816931152343747,6.0723876953125,3.608053691275374,0.9294245850793255
8.34882080078125,3.2772888183593745,4.5786865234375,3.6496644295304135,0.9481150211745646
5.65620361328125,2.2816931152343747,4.5786865234375,2.531543624161121,0.8946142335610897
3.35382080078125,8.274788818359376,1.1223876953125,1.7073825503355449,0.9257996566962375
0.66120361328125,8.274788818359376,1.1223876953125,0.6255033557046918,0.8283624724983556
3.35382080078125,7.279193115234374,1.1223876953125,1.703355704697961,0.9169837548711763
3.35382080078125,8.274788818359376,9.5286865234375,1.7060402684563503,0.9621301807971088
0.66120361328125,7.279193115234374,9.5286865234375,0.6241610738254972,0.8789634590425565
4.60257080078125,4.526663818359374,4.8348876953125,2.1758389261744915,0.9380907741501389
1.90995361328125,4.526663818359374,4.8348876953125,1.099328859060388,0.8797435484223459
4.60257080078125,6.029818115234375,4.8348876953125,2.1919463087248294,0.9536933659825071
4.60257080078125,4.526663818359374,5.8161865234375,2.1758389261744915,0.9405955477872732
1.90995361328125,6.029818115234375,5.8161865234375,1.1154362416107233,0.9138664049522955
9.59757080078125,9.524163818359375,9.7848876953125,3.3530201342283563,0.8311695568665951
6.90495361328125,9.524163818359375,9.7848876953125,3.1315436241612096,0.9824769848239476
9.59757080078125,1.0323181152343748,9.7848876953125,3.9463087248324706,0.8712686831036007
9.59757080078125,9.524163818359375,0.8661865234375,4.212080536913047,0.9667168884170402
6.90495361328125,1.0323181152343748,0.8661865234375,2.838926174496737,0.721432626515622
7.10007080078125,2.027913818359375,2.3598876953125,3.096644295302144,0.8834310935993986
4.40745361328125,2.027913818359375,2.3598876953125,2.0201342281878913,0.8298412968722121
7.10007080078125,3.531068115234375,2.3598876953125,3.1570469798659113,0.9317271813358896
7.10007080078125,2.027913818359375,3.3411865234375,3.0939597315437544,0.8945737238390891
4.40745361328125,3.531068115234375,3.3411865234375,2.079194630872464,0.9091617729671233
2.1050708007812498,7.025413818359374,7.3098876953125,1.1999999999999835,0.9338961112830994
9.40245361328125,7.025413818359374,7.3098876953125,4.120805369127798,0.9810222949193657
2.1050708007812498,8.528568115234375,7.3098876953125,1.2067114093959566,0.9455680059263615
2.1050708007812498,7.025413818359374,8.2911865234375,1.1999999999999835,0.9352703118581481
9.40245361328125,8.528568115234375,8.2911865234375,4.1275167785237725,0.9848490820936344
1.48069580078125,2.6526013183593746,1.7411376953125002,0.867114093959721,0.6954116830274879
6.28057861328125,2.6526013183593746,1.7411376953125002,2.8040268456376714,0.8893031309139457
1.48069580078125,4.155755615234375,1.7411376953125002,0.9194630872483107,0.8020466526106835
1.48069580078125,2.6526013183593746,8.9099365234375,0.8805369127516671,0.7667493003602155
6.28057861328125,4.155755615234375,8.9099365234375,2.8402684563759317,0.9538051800325342
6.47569580078125,7.650101318359375,6.6911376953124995,2.9530201342282973,0.9750832808048073
1.2855786132812501,7.650101318359375,6.6911376953124995,0.8751677852348887,0.9153739198654729
6.47569580078125,9.153255615234375,6.6911376953124995,2.9597315436242715,0.9794105018851105
6.47569580078125,7.650101318359375,3.9599365234375004,2.9530201342282973,0.9715812153622334
1.2855786132812501,9.153255615234375,3.9599365234375004,0.8832214765100563,0.9216638198291027
8.97319580078125,0.153851318359375,4.2161376953125,0.5718120805369076,0.05355667682545992
8.77807861328125,0.153851318359375,4.2161376953125,0.46711409395972825,0.039365679714607145
8.97319580078125,6.654505615234374,4.2161376953125,3.9463087248324706,0.9759729219010478
8.97319580078125,0.153851318359375,1.4849365234375,0.44295302013422533,0.0339458757924268
8.77807861328125,6.654505615234374,1.4849365234375,3.8697986577183654,0.9628480578407497
3.9781958007812497,5.151351318359374,9.1661376953125,1.9328859060402388,0.9455455467890206
3.78307861328125,5.151351318359374,9.1661376953125,1.8550335570469516,0.9433325904818404
3.9781958007812497,1.6570056152343748,9.1661376953125,1.8107382550335296,0.8261264838082933
3.9781958007812497,5.151351318359374,6.4349365234375,1.9328859060402388,0.9422104442379293
3.78307861328125,1.6570056152343748,6.4349365234375,1.734228187919437,0.8097195501960663
2.72944580078125,1.4032263183593747,5.4536376953125,1.2791946308724653,0.6974505394555115
2.5343286132812497,1.4032263183593747,5.4536376953125,1.1999999999999835,0.6783662816142384
2.72944580078125,0.407630615234375,5.4536376953125,0.42953020134227926,0.08959668144457743
2.72944580078125,1.4032263183593747,7.6724365234375,1.2791946308724653,0.7092995613913948
2.5343286132812497,0.407630615234375,7.6724365234375,0.42684563758389005,0.09012651269167149
7.7244458007812495,6.400726318359374,0.5036376953125,3.4456375838927995,0.9258040610395473
7.52932861328125,6.400726318359374,0.5036376953125,3.3677852348994994,0.924558382854785
7.7244458007812495,5.405130615234374,0.5036376953125,3.4362416107384357,0.9153706568221462
7.7244458007812495,6.400726318359374,2.7224365234375,3.4456375838927995,0.9669809912534929
7.52932861328125,5.405130615234374,2.7224365234375,3.3583892617451356,0.9598363206500968
5.22694580078125,3.9019763183593748,7.9286376953125,2.414765100671171,0.9412970968730633
0.03682861328125,3.9019763183593748,7.9286376953125,0.4013422818791925,0.5320892660497578
5.22694580078125,7.903880615234375,7.9286376953125,2.453691275167821,0.9716708101895977
5.22694580078125,3.9019763183593748,0.2474365234375,2.3946308724832486,0.8369817329049116
0.03682861328125,7.903880615234375,0.2474365234375,0.4026845637583871,0.6954291190369986
0.23194580078125002,8.899476318359374,2.9786376953125,0.44832214765100376,0.7912092893290006
5.03182861328125,8.899476318359374,2.9786376953125,2.3812080536913003,0.9668676352301839
0.23194580078125002,2.9063806152343745,2.9786376953125,0.41073825503355477,0.43472361230082557
0.23194580078125002,8.899476318359374,5.1974365234375,0.45100671140939297,0.8092600733783681
5.03182861328125,2.9063806152343745,5.1974365234375,2.3100671140939744,0.9113260069202926
0.30999267578125,2.8868591308593747,7.6966064453125,0.4187919463087224,0.45457045520842865
1.36362548828125,2.8868591308593747,7.6966064453125,0.8429530201342181,0.7704905561769868
0.30999267578125,1.8912634277343747,7.6966064453125,0.41073825503355477,0.32957169073494325
0.30999267578125,2.8868591308593747,8.3685302734375,0.4187919463087224,0.4556353316149513
1.36362548828125,1.8912634277343747,8.3685302734375,0.7771812080536824,0.6249213086759695
5.30499267578125,7.884359130859374,2.7466064453125,2.485906040268497,0.9630195692615102
6.35862548828125,7.884359130859374,2.7466064453125,2.907382550335673,0.968315823548685
5.30499267578125,6.888763427734374,2.7466064453125,2.4805369127517176,0.9576269188359804
5.30499267578125,7.884359130859374,3.4185302734375003,2.485906040268497,0.9657409748801276
6.35862548828125,6.888763427734374,3.4185302734375003,2.902013422818894,0.9663617014286366
7.80249267578125,0.388109130859375,5.2216064453125,2.720805369127592,0.561994426612103
3.86112548828125,0.388109130859375,5.2216064453125,0.7073825503355629,0.1712405073050438
7.80249267578125,9.387513427734374,5.2216064453125,3.4912751677854237,0.9820313719774134
7.80249267578125,0.388109130859375,0.9435302734375,2.468456375838964,0.4591779974415158
3.86112548828125,9.387513427734374,0.9435302734375,1.915436241610709,0.9350556229602465
2.80749267578125,5.3856091308593745,0.2716064453125,1.4523489932885696,0.8234547454513472
8.85612548828125,5.3856091308593745,0.2716064453125,3.881879194631119,0.9039084280695113
2.80749267578125,4.390013427734375,0.2716064453125,1.433557046979845,0.7967410426798036
2.80749267578125,5.3856091308593745,5.8935302734374995,1.4684563758389049,0.9266629608651543
8.85612548828125,4.390013427734375,5.8935302734374995,3.8751677852351447,0.965545336676893
4.05624267578125,1.6374841308593748,3.9841064453125004,1.8429530201342001,0.8022158825088985
7.60737548828125,1.6374841308593748,3.9841064453125004,3.261744966443108,0.8829060549209944
4.05624267578125,3.1406384277343746,3.9841064453125004,1.928859060402655,0.8960911825264424
4.05624267578125,1.6374841308593748,9.6060302734375,1.8389261744966163,0.8276366192617348
7.60737548828125,3.1406384277343746,9.6060302734375,3.347651006711577,0.9486646505859035
9.05124267578125,6.634984130859374,8.9341064453125,3.9771812080539517,0.9797863004648375
2.6123754882812498,6.634984130859374,8.9341064453125,1.39999999999998,0.9416894040017865
9.05124267578125,8.138138427734376,8.9341064453125,3.9852348993291207,0.9836981177370376
9.05124267578125,6.634984130859374,4.6560302734375,3.9771812080539517,0.9767245378467027
2.6123754882812498,8.138138427734376,4.6560302734375,1.4093959731543422,0.9465874392499054
6.55374267578125,4.136234130859375,1.5091064453125,2.9530201342282973,0.9253065237281053
5.10987548828125,4.136234130859375,1.5091064453125,2.374496644295326,0.9089277708450954
6.55374267578125,5.639388427734374,1.5091064453125,2.971812080537025,0.9444370759941707
6.55374267578125,4.136234130859375,2.1810302734375,2.9516778523491025,0.9356714632477661
5.10987548828125,5.639388427734374,2.1810302734375,2.3932885906040537,0.9417182756819986
1.5587426757812501,9.133734130859375,6.4591064453125,0.9906040268456249,0.9368111296048891
0.11487548828125,9.133734130859375,6.4591064453125,0.4174496644295278,0.7893086795313871
1.5587426757812501,0.6418884277343749,6.4591064453125,0.42416107382550083,0.13532265742551353
1.5587426757812501,9.133734130859375,7.1310302734375,0.9906040268456249,0.9379764840514547
0.11487548828125,0.6418884277343749,7.1310302734375,0.3999999999999979,0.12747511281738327
2.18311767578125,1.0127966308593748,2.1278564453125,0.8697986577181103,0.4319961964511807
3.23675048828125,1.0127966308593748,2.1278564453125,1.3610738255033363,0.5842564165849948
2.18311767578125,6.264075927734375,2.1278564453125,1.2281879194630703,0.900491236757617
2.18311767578125,1.0127966308593748,5.2747802734375,0.9194630872483107,0.4809614048505265
3.23675048828125,6.264075927734375,5.2747802734375,1.6469798657717876,0.9419707215941577
7.17811767578125,6.010296630859375,7.0778564453124995,3.222818791946458,0.9710174217494015
8.23175048828125,6.010296630859375,7.0778564453124995,3.644295302013634,0.9744109844178127
7.17811767578125,1.2665759277343749,7.0778564453124995,3.034899328859182,0.8578029890327855
7.17811767578125,6.010296630859375,0.32478027343750004,3.2187919463088734,0.9043353908694409
8.23175048828125,1.2665759277343749,0.32478027343750004,3.385234899329032,0.7435810662677869
9.67561767578125,3.5115466308593746,4.6028564453125,4.186577181208345,0.9577714950053796
0.7392504882812501,3.5115466308593746,4.6028564453125,0.5999999999999943,0.6884264100923775
9.67561767578125,3.7653259277343745,4.6028564453125,4.191946308725124,0.9606300801835808
9.67561767578125,3.5115466308593746,2.7997802734375004,4.186577181208345,0.950888528863622
0.7392504882812501,3.7653259277343745,2.7997802734375004,0.6040268456375781,0.6924649906788716
4.68061767578125,8.509046630859375,9.5528564453125,2.2375838926174536,0.9719841824303508
5.7342504882812495,8.509046630859375,9.5528564453125,2.65906040268463,0.9765040358949737
4.68061767578125,8.762825927734376,9.5528564453125,2.2389261744966484,0.9728998736899664
4.68061767578125,8.509046630859375,7.7497802734375,2.2375838926174536,0.9710017925149008
5.7342504882812495,8.762825927734376,7.7497802734375,2.6604026845638247,0.976454268694453
3.43186767578125,4.760921630859374,5.8403564453125,1.710067114093934,0.928322739969794
6.98300048828125,4.760921630859374,5.8403564453125,3.1315436241612096,0.9606800596464855
3.43186767578125,7.513450927734374,5.8403564453125,1.734228187919437,0.9553134315627865
3.43186767578125,4.760921630859374,6.5122802734375,1.710067114093934,0.9298401139219272
6.98300048828125,7.513450927734374,6.5122802734375,3.1543624161075217,0.9760028519490045
8.42686767578125,9.758421630859376,0.8903564453125,3.7436241610740515,0.9642980908376921
1.98800048828125,9.758421630859376,0.8903564453125,1.1664429530201184,0.9032428674913191
8.42686767578125,2.515950927734375,0.8903564453125,3.6563758389263876,0.8819056908226277
8.42686767578125,9.758421630859376,1.5622802734375,3.7436241610740515,0.9743006780132356
1.98800048828125,2.515950927734375,1.5622802734375,1.068456375838912,0.7303576033320587
5.92936767578125,2.262171630859375,8.3153564453125,2.6389261744967074,0.9086657705600555
9.48050048828125,2.262171630859375,8.3153564453125,4.059060402684836,0.9399188764738581
5.92936767578125,0.017200927734375,8.3153564453125,0.4013422818791925,0.0037469488839115064
5.92936767578125,2.262171630859375,4.0372802734375,2.6402684563759022,0.8948681313328477
9.48050048828125,0.017200927734375,4.0372802734375,0.4026845637583871,0.003680976102715981
0.93436767578125,7.2596716308593745,3.3653564453125,0.734228187919455,0.8760726706132671
4.48550048828125,7.2596716308593745,3.3653564453125,2.1543624161073742,0.9568053068342042
0.93436767578125,5.014700927734374,3.3653564453125,0.7154362416107305,0.8164511727452919
0.93436767578125,7.2596716308593745,8.9872802734375,0.7328859060402604,0.8982028554255155
4.48550048828125,5.014700927734374,8.9872802734375,2.134228187919452,0.9491468716502232
1.24655517578125,1.9498278808593748,7.3872314453125,0.7288590604026766,0.6040783819489313
5.42206298828125,1.9498278808593748,7.3872314453125,2.414765100671171,0.8831738966163643
1.24655517578125,4.702357177734375,7.3872314453125,0.8362416107382451,0.8583690532930444
1.24655517578125,1.9498278808593748,1.8716552734375,0.6953020134228114,0.5370134332518195
5.42206298828125,4.702357177734375,1.8716552734375,2.507382550335614,0.9293498882887739
6.24155517578125,6.947327880859374,2.4372314453125004,2.855033557047075,0.9616081266300273
0.42706298828125,6.947327880859374,2.4372314453125004,0.5208053691275125,0.7866368783108443
6.24155517578125,9.699857177734375,2.4372314453125004,2.868456375839023,0.9727627539648707
6.24155517578125,6.947327880859374,6.8216552734375,2.855033557047075,0.971577886958956
0.42706298828125,9.699857177734375,6.8216552734375,0.5409395973154316,0.8868812380715743
8.73905517578125,4.448577880859374,9.8622314453125,3.8295302013425205,0.9686399320920043
7.91956298828125,4.448577880859374,9.8622314453125,3.5006711409397875,0.965532946630187
8.73905517578125,7.201107177734374,9.8622314453125,3.8550335570472223,0.9810553991946052
8.73905517578125,4.448577880859374,9.2966552734375,3.8295302013425205,0.9683661582483545
7.91956298828125,7.201107177734374,9.2966552734375,3.527516778523684,0.9790822273409587
3.74405517578125,9.446077880859375,4.9122314453125,1.867114093959703,0.965685751355764
2.92456298828125,9.446077880859375,4.9122314453125,1.539597315436219,0.9584970546995754
3.74405517578125,2.2036071777343746,4.9122314453125,1.7637583892617184,0.8493164151630397
3.74405517578125,9.446077880859375,4.3466552734374995,1.867114093959703,0.9645604968092087
2.92456298828125,2.2036071777343746,4.3466552734374995,1.4362416107382343,0.8125040246578212
4.99280517578125,3.1992028808593744,1.1997314453125,2.3073825503355847,0.8732963377102279
4.17331298828125,3.1992028808593744,1.1997314453125,1.9785234899328554,0.8563477005432386
4.99280517578125,0.954232177734375,1.1997314453125,2.0429530201342034,0.6509096185236748
4.99280517578125,3.1992028808593744,0.6341552734375,2.2993288590604157,0.8447610454192174
4.17331298828125,0.954232177734375,0.6341552734375,1.645637583892593,0.564380457892893
9.98780517578125,8.196702880859375,6.1497314453125,4.361073825503673,0.9841910181312565
9.16831298828125,8.196702880859375,6.1497314453125,4.0335570469801345,0.9829041259041785
9.98780517578125,5.951732177734375,6.1497314453125,4.34630872483253,0.9777547638546558
9.98780517578125,8.196702880859375,5.5841552734375,4.361073825503673,0.9838145978919248
9.16831298828125,5.951732177734375,5.5841552734375,4.018791946308991,0.9754109443790604
7.49030517578125,0.700452880859375,3.6747314453125,2.9744966442954146,0.7275881990912574
1.67581298828125,0.700452880859375,3.6747314453125,0.43087248322147387,0.1456457200242022
7.49030517578125,8.450482177734376,3.6747314453125,3.36241610738272,0.9768930237097726
7.49030517578125,0.700452880859375,8.0591552734375,2.97046979865783,0.7564886586864037
1.67581298828125,8.450482177734376,8.0591552734375,1.034899328859047,0.9371946038514002
2.4953051757812497,5.697952880859375,8.6247314453125,1.3463087248321957,0.9293041419123789
6.67081298828125,5.697952880859375,8.6247314453125,3.0161073825504543,0.9682381578624533
2.4953051757812497,3.4529821777343748,8.6247314453125,1.3114093959731359,0.8811328329488668
2.4953051757812497,5.697952880859375,3.1091552734375,1.3476510067113903,0.9115605913688893
6.67081298828125,3.4529821777343748,3.1091552734375,2.9825503355705836,0.9328807961575782
1.87093017578125,3.8238903808593747,3.0559814453125003,1.0724832214764959,0.8392009858381948
9.79268798828125,3.8238903808593747,3.0559814453125003,4.240268456376138,0.9567338446512361
1.87093017578125,9.075169677734374,3.0559814453125003,1.116778523489918,0.9320787424583217
1.87093017578125,3.8238903808593747,4.9654052734375,1.0711409395973013,0.8553412907987318
9.79268798828125,9.075169677734374,4.9654052734375,4.287248322147957,0.9847932679098211
6.86593017578125,8.821390380859375,8.0059814453125,3.114093959731677,0.9803230465275625
4.7976879882812495,8.821390380859375,8.0059814453125,2.2859060402684674,0.9728582558485375
6.86593017578125,4.077669677734375,8.0059814453125,3.073825503355832,0.9558531431810147
6.86593017578125,8.821390380859375,9.9154052734375,3.114093959731677,0.981026056789527
4.7976879882812495,4.077669677734375,9.9154052734375,2.2456375838926226,0.9414754600939612
9.36343017578125,1.3251403808593747,0.5809814453125001,3.895302013423067,0.7948176157617136
7.29518798828125,1.3251403808593747,0.5809814453125001,3.057718120805494,0.7585749606355562
9.36343017578125,1.5789196777343748,0.5809814453125001,3.9409395973156913,0.8197181343494895
9.36343017578125,1.3251403808593747,7.4404052734374995,3.9181208053693792,0.8937092755282593
7.29518798828125,1.5789196777343748,7.4404052734374995,3.127516778523625,0.8885081930728392
4.36843017578125,6.322640380859374,5.5309814453124995,2.100671140939581,0.9553805316823127
2.30018798828125,6.322640380859374,5.5309814453124995,1.273825503355687,0.927100989676952
4.36843017578125,6.576419677734374,5.5309814453124995,2.102013422818776,0.9570356130247126
4.36843017578125,6.322640380859374,2.4904052734375,2.102013422818776,0.943794237890546
2.30018798828125,6.576419677734374,2.4904052734375,1.276510067114076,0.9128470214195692
3.11968017578125,0.075765380859375,9.2434814453125,0.40402684563758173,0.01654160531707201
1.0514379882812501,0.075765380859375,9.2434814453125,0.4013422818791925,0.01643628370915828
3.11968017578125,5.327044677734374,9.2434814453125,1.5919463087248087,0.9364397355114911
3.11968017578125,0.075765380859375,3.7279052734375,0.4026845637583871,0.01599289578165339
1.0514379882812501,5.327044677734374,3.7279052734375,0.7664429530201256,0.8433010010757013
8.11468017578125,5.073265380859374,4.2934814453125,3.5879194630874514,0.9652619847060032
6.04643798828125,5.073265380859374,4.2934814453125,2.761073825503437,0.9550148158573661
8.11468017578125,0.32954467773437496,4.2934814453125,2.6442953020134867,0.4964743439930954
8.11468017578125,5.073265380859374,8.6779052734375,3.5879194630874514,0.9701204319005603
6.04643798828125,0.32954467773437496,8.6779052734375,1.7167785234899071,0.3750862162772297
5.61718017578125,2.5745153808593746,6.7684814453125,2.5302013422819263,0.9131992794574509
3.5489379882812497,2.5745153808593746,6.7684814453125,1.703355704697961,0.8730087374068687
5.61718017578125,2.8282946777343745,6.7684814453125,2.540939597315485,0.9211364420632489
5.61718017578125,2.5745153808593746,6.2029052734375,2.5302013422819263,0.9117975976926597
3.5489379882812497,2.8282946777343745,6.2029052734375,1.714093959731518,0.8829006924969031
0.6221801757812501,7.572015380859375,1.8184814453125002,0.608053691275162,0.8297778689124926
8.54393798828125,7.572015380859375,1.8184814453125002,3.7812080536915067,0.9697165168663644
0.6221801757812501,7.8257946777343745,1.8184814453125002,0.6093959731543566,0.8352785044485909
0.6221801757812501,7.572015380859375,1.2529052734375001,0.6053691275167727,0.8130737892557469
8.54393798828125,7.8257946777343745,1.2529052734375001,3.7825503355707015,0.9643819155782469
0.46608642578125004,0.544281005859375,4.4481689453125,0.40402684563758173,0.10910983209655101
6.82690673828125,0.544281005859375,4.4481689453125,2.5771812080537453,0.6367007332703487
0.46608642578125004,0.7980603027343749,4.4481689453125,0.40536912751677634,0.1548854542473353
0.46608642578125004,0.544281005859375,2.3357177734375,0.4026845637583871,0.10631329556245922
6.82690673828125,0.7980603027343749,2.3357177734375,2.7543624161074627,0.7165629601809576
5.46108642578125,5.541781005859375,9.3981689453125,2.531543624161121,0.9616834663126808
1.83190673828125,5.541781005859375,9.3981689453125,1.079194630872469,0.9106588232119465
5.46108642578125,5.7955603027343745,9.3981689453125,2.532885906040316,0.9632337752005304
5.46108642578125,5.541781005859375,7.2857177734375,2.531543624161121,0.960055039525141
1.83190673828125,5.7955603027343745,7.2857177734375,1.0818791946308581,0.9113979525695536
7.95858642578125,3.043031005859375,1.9731689453125,3.488590604027034,0.9235795823232344
9.32440673828125,3.043031005859375,1.9731689453125,4.034899328859329,0.933359116034322
7.95858642578125,8.294310302734376,1.9731689453125,3.550335570469996,0.9716755266694239
7.95858642578125,3.043031005859375,9.7607177734375,3.4845637583894495,0.9491394664160013
9.32440673828125,8.294310302734376,9.7607177734375,4.102013422819071,0.9847428193861192
2.9635864257812496,8.040531005859375,6.9231689453125,1.5489932885905813,0.954746030746942
4.32940673828125,8.040531005859375,6.9231689453125,2.0953020134228018,0.96653025340424
2.9635864257812496,3.2968103027343747,6.9231689453125,1.495302013422797,0.8869776011211898
2.9635864257812496,8.040531005859375,4.8107177734375,1.5489932885905813,0.9510304820714901
4.32940673828125,3.2968103027343747,4.8107177734375,2.0416107382550086,0.9100766853053228
4.21233642578125,4.292406005859375,8.1606689453125,2.014765100671112,0.936240480666023
3.0806567382812498,4.292406005859375,8.1606689453125,1.5624161073825273,0.9183069344260602
4.21233642578125,4.546185302734375,8.1606689453125,2.0187919463086965,0.9398989502492546
4.21233642578125,4.292406005859375,1.0982177734375,2.0187919463086965,0.8859219547209759
3.0806567382812498,4.546185302734375,1.0982177734375,1.5677852348993058,0.8661840692726419
9.20733642578125,9.289906005859375,3.2106689453125004,4.053691275168057,0.9819004348495493
8.07565673828125,9.289906005859375,3.2106689453125004,3.600000000000205,0.9795009978040861
9.20733642578125,9.543685302734374,3.2106689453125004,4.055033557047252,0.9824505656966334
9.20733642578125,9.289906005859375,6.0482177734375,4.052348993288862,0.9849087570720076
8.07565673828125,9.543685302734374,6.0482177734375,3.6013422818793996,0.9835394381326349
6.7098364257812495,1.7936560058593747,5.6856689453125,2.916778523490037,0.8893778229924494
0.58315673828125,1.7936560058593747,5.6856689453125,0.42416107382550083,0.3230963007071447
6.7098364257812495,7.044935302734374,5.6856689453125,3.042953020134351,0.9726847740290522
6.7098364257812495,1.7936560058593747,8.5232177734375,2.915436241610842,0.8964998046357161
0.58315673828125,7.044935302734374,8.5232177734375,0.5919463087248267,0.8627700561341131
1.71483642578125,6.791156005859374,0.7356689453125,1.0402684563758253,0.8499573129011944
5.57815673828125,6.791156005859374,0.7356689453125,2.5906040268456936,0.9252627334035008
1.71483642578125,2.0474353027343746,0.7356689453125,0.8872483221476402,0.594183162181201
1.71483642578125,6.791156005859374,3.5732177734375004,1.0429530201342145,0.9079136895716855
5.57815673828125,2.0474353027343746,3.5732177734375004,2.4872483221476918,0.8742705454065401
2.33921142578125,3.6677185058593746,5.0669189453125,1.2550335570469624,0.8717107521764387
8.70003173828125,3.6677185058593746,5.0669189453125,3.8000000000002343,0.9565337378103365
2.33921142578125,5.170872802734374,5.0669189453125,1.2778523489932707,0.9093921942368182
2.33921142578125,3.6677185058593746,4.1919677734375,1.256375838926157,0.8667654525178103
8.70003173828125,5.170872802734374,4.1919677734375,3.824161073825741,0.9679204852260321
7.33421142578125,8.665218505859375,0.11691894531250001,3.2872483221478097,0.9050354418097244
3.70503173828125,8.665218505859375,0.11691894531250001,1.833557046979838,0.8702997701470734
7.33421142578125,0.173372802734375,0.11691894531250001,0.4214765100671116,0.03227833652603559
7.33421142578125,8.665218505859375,9.1419677734375,3.300671140939758,0.9815344944373732
3.70503173828125,0.173372802734375,9.1419677734375,0.413422818791944,0.03830352279444767
9.83171142578125,1.1689685058593748,7.5419189453125,4.075167785235174,0.8849116994678714
6.20253173828125,1.1689685058593748,7.5419189453125,2.625503355704759,0.8263482603563124
9.83171142578125,2.672122802734375,7.5419189453125,4.2214765100674105,0.9503519531721085
9.83171142578125,1.1689685058593748,6.6669677734374995,4.075167785235174,0.8825622983016719
6.20253173828125,2.672122802734375,6.6669677734374995,2.769127516778606,0.9231575118346579
4.83671142578125,6.166468505859374,2.5919189453125,2.2872483221476623,0.9475491125614702
1.20753173828125,6.166468505859374,2.5919189453125,0.8362416107382451,0.8635331357135729
4.83671142578125,7.6696228027343745,2.5919189453125,2.296644295302026,0.9578385485478047
4.83671142578125,6.166468505859374,1.7169677734375002,2.288590604026857,0.9383271193512371
1.20753173828125,7.6696228027343745,1.7169677734375002,0.8456375838926073,0.8755004029275599
3.5879614257812498,2.4183435058593745,1.3544189453125002,1.7114093959731287,0.804484571504964
2.4562817382812496,2.4183435058593745,1.3544189453125002,1.2523489932885732,0.7490004916685415
3.5879614257812498,8.918997802734376,1.3544189453125002,1.8040268456375566,0.9395227880955583
3.5879614257812498,2.4183435058593745,2.9544677734375,1.7154362416107125,0.8409430229339614
2.4562817382812496,8.918997802734376,2.9544677734375,1.3503355704697795,0.9419017825936233
8.58296142578125,7.415843505859375,6.3044189453124995,3.794630872483455,0.9797980691377124
7.45128173828125,7.415843505859375,6.3044189453124995,3.3422818791947977,0.9770545321654595
8.58296142578125,3.9214978027343745,6.3044189453124995,3.7583892617451946,0.9608266469794513
8.58296142578125,7.415843505859375,7.9044677734375,3.794630872483455,0.9807064927794011
7.45128173828125,3.9214978027343745,7.9044677734375,3.3046979865773425,0.9571491120939158
6.08546142578125,4.917093505859374,3.8294189453125003,2.774496644295385,0.9522663110912655
4.95378173828125,4.917093505859374,3.8294189453125003,2.322147651006728,0.9432061916224701
6.08546142578125,1.4227478027343747,3.8294189453125003,2.626845637583954,0.835990086575833
6.08546142578125,4.917093505859374,5.4294677734375,2.774496644295385,0.956360938608183
4.95378173828125,1.4227478027343747,5.4294677734375,2.173154362416102,0.8178674899058507
1.09046142578125,9.914593505859376,8.7794189453125,0.8067114093959638,0.9327366898232402
9.94878173828125,9.914593505859376,8.7794189453125,3.911409395973405,0.794111342327831
1.09046142578125,6.420247802734375,8.7794189453125,0.7906040268456285,0.8934442803966932
1.09046142578125,9.914593505859376,0.4794677734375,0.8013422818791853,0.8495400175352137
9.94878173828125,6.420247802734375,0.4794677734375,4.336912751678166,0.9364894490427105
0.77827392578125,4.604749755859374,0.4262939453125,0.614765100671135,0.6704718721921068
0.27096923828125,4.604749755859374,0.4262939453125,0.4187919463087224,0.5350363158288519
0.77827392578125,3.6091540527343744,0.4262939453125,0.577181208053686,0.5875907938691797
0.77827392578125,4.604749755859374,7.5950927734375,0.6469798657718056,0.8018666097074962
0.27096923828125,3.6091540527343744,7.5950927734375,0.420134228187917,0.5242744543110323
5.7732739257812495,9.602249755859376,5.3762939453125,2.6791946308725523,0.9770297843924433
5.26596923828125,9.602249755859376,5.3762939453125,2.476510067114133,0.9751711919346995
5.7732739257812495,8.606654052734376,5.3762939453125,2.6765100671141626,0.9744220011604983
5.7732739257812495,9.602249755859376,2.6450927734375003,2.680536912751747,0.9714960548082014
5.26596923828125,8.606654052734376,2.6450927734375003,2.4738255033557435,0.9655290154112619
8.27077392578125,2.105999755859375,2.9012939453125,3.567785234899529,0.9072385097714781
2.76846923828125,2.105999755859375,2.9012939453125,1.3677852348993094,0.7783738874979037
8.27077392578125,6.107904052734375,2.9012939453125,3.661744966443167,0.9681533355192995
8.27077392578125,2.105999755859375,0.1700927734375,3.5100671140941513,0.7997237511666697
2.76846923828125,6.107904052734375,0.1700927734375,1.4389261744966235,0.8247813291492414
3.27577392578125,7.103499755859374,7.8512939453125,1.6684563758389013,0.9533038752353447
7.76346923828125,7.103499755859374,7.8512939453125,3.464429530201527,0.9777413526688541
3.27577392578125,1.1104040527343748,7.8512939453125,1.4416107382550127,0.6827837559737848
3.27577392578125,7.103499755859374,5.1200927734374995,1.6684563758389013,0.9491365713872182
7.76346923828125,1.1104040527343748,5.1200927734374995,3.237583892617601,0.8401296184707108
4.52452392578125,0.8566247558593749,6.6137939453125,1.8630872483221192,0.6820657677003008
9.01221923828125,0.8566247558593749,6.6137939453125,3.6563758389263876,0.82671346910586
4.52452392578125,2.3597790527343747,6.6137939453125,2.0832214765100483,0.885853022392618
4.52452392578125,0.8566247558593749,8.8325927734375,1.8617449664429246,0.6911568689010319
9.01221923828125,2.3597790527343747,8.8325927734375,3.8778523489935344,0.9403321779707782
9.51952392578125,5.854124755859375,1.6637939453125001,4.159731543624448,0.9628718456120189
4.01721923828125,5.854124755859375,1.6637939453125001,1.9583892617449363,0.92417717241925
9.51952392578125,7.357279052734374,1.6637939453125001,4.170469798658007,0.9704132548113764
9.51952392578125,5.854124755859375,3.8825927734375,4.158389261745254,0.973352341303126
4.01721923828125,7.357279052734374,3.8825927734375,1.9677852348992986,0.9554267911211578
7.02202392578125,3.3553747558593745,9.0887939453125,3.119463087248456,0.9480243576630368
6.51471923828125,3.3553747558593745,9.0887939453125,2.916778523490037,0.9444894887719446
7.02202392578125,9.856029052734375,9.0887939453125,3.1798657718122234,0.9832204793639454
7.02202392578125,3.3553747558593745,1.4075927734375002,3.1234899328860406,0.9115074977188635
6.51471923828125,9.856029052734375,1.4075927734375002,2.978523489932999,0.9664057677022364
2.0270239257812497,8.352874755859375,4.1387939453125,1.1758389261744806,0.9357398326960206
1.51971923828125,8.352874755859375,4.1387939453125,0.973154362416095,0.9227141419427295
2.0270239257812497,4.858529052734374,4.1387939453125,1.150335570469783,0.8885530542623404
2.0270239257812497,8.352874755859375,6.3575927734375,1.1758389261744806,0.9418562535747427
1.51971923828125,4.858529052734374,6.3575927734375,0.9476510067113975,0.8767372192816683
1.40264892578125,1.4813122558593748,9.7075439453125,0.7208053691275089,0.5153014357125523
4.64159423828125,1.4813122558593748,9.7075439453125,2.053691275167762,0.8298650265456691
1.40264892578125,7.981966552734375,9.7075439453125,0.9234899328858945,0.9276059120765059
1.40264892578125,1.4813122558593748,5.7388427734375,0.7100671140939521,0.497374647691033
4.64159423828125,7.981966552734375,5.7388427734375,2.220134228187921,0.9669612903313618
6.39764892578125,6.478812255859374,4.7575439453124995,2.9140939597316473,0.9675117945968559
9.63659423828125,6.478812255859374,4.7575439453124995,4.210738255033852,0.9776680327738627
6.39764892578125,2.9844665527343746,4.7575439453124995,2.8590604026846593,0.9282638003476947
6.39764892578125,6.478812255859374,0.7888427734375,2.916778523490037,0.931741741492265
9.63659423828125,2.9844665527343746,0.7888427734375,4.159731543624448,0.9028081596187942
8.89514892578125,3.980062255859375,7.2325439453125,3.8832214765103137,0.9634935522125565
2.14409423828125,3.980062255859375,7.2325439453125,1.1825503355704536,0.8822253561954592
8.89514892578125,0.485716552734375,7.2325439453125,3.346308724832382,0.6968535009577543
8.89514892578125,3.980062255859375,3.2638427734375,3.8845637583895085,0.9556760680255112
2.14409423828125,0.485716552734375,3.2638427734375,0.42416107382550083,0.10150369369707246
3.90014892578125,8.977562255859375,2.2825439453125003,1.928859060402655,0.9552630948811094
7.13909423828125,8.977562255859375,2.2825439453125003,3.2241610738256528,0.9729071014115964
3.90014892578125,5.483216552734374,2.2825439453125003,1.9073825503355413,0.9268254338433102
3.90014892578125,8.977562255859375,8.2138427734375,1.9275167785234604,0.9684760549881097
7.13909423828125,5.483216552734374,8.2138427734375,3.2013422818793407,0.9686472118942556
2.65139892578125,2.7306872558593747,3.5200439453125,1.3543624161073633,0.8300672623807002
5.89034423828125,2.7306872558593747,3.5200439453125,2.648322147651071,0.9092590276797707
2.65139892578125,6.732591552734374,3.5200439453125,1.4174496644295098,0.9308335790233171
2.65139892578125,2.7306872558593747,6.9763427734375,1.351677852348974,0.8506116283834881
5.89034423828125,6.732591552734374,6.9763427734375,2.712751677852423,0.9691624052292583
7.64639892578125,7.728187255859375,8.4700439453125,3.4214765100672926,0.979685105515947
0.89534423828125,7.728187255859375,8.4700439453125,0.7194630872483143,0.9015684651888283
7.64639892578125,1.7350915527343747,8.4700439453125,3.28456375838942,0.9046391777195499
7.64639892578125,7.728187255859375,2.0263427734375,3.4228187919464874,0.9688978101391406
0.89534423828125,1.7350915527343747,2.0263427734375,0.4590604026845606,0.3280695624330822
5.14889892578125,0.231937255859375,1.0450439453125,0.42550335570469544,0.04713310270025418
8.38784423828125,0.231937255859375,1.0450439453125,1.5973154362415871,0.2296251139019556
5.14889892578125,4.233841552734375,1.0450439453125,2.391946308724859,0.8976093052751792
5.14889892578125,0.231937255859375,4.5013427734375,0.4348993288590577,0.0527105002462229
8.38784423828125,4.233841552734375,4.5013427734375,3.685906040268674,0.9600166565042076
0.15389892578125,5.2294372558593745,5.9950439453125,0.413422818791944,0.629206221342765
3.39284423828125,5.2294372558593745,5.9950439453125,1.7006711409395718,0.9347788616694437
0.15389892578125,9.231341552734374,5.9950439453125,0.42550335570469544,0.7960512435993994
0.15389892578125,5.2294372558593745,9.4513427734375,0.4147651006711386,0.6389066894515961
3.39284423828125,9.231341552734374,9.4513427734375,1.7248322147650748,0.966326155498734
0.11487548828125,4.799964599609375,3.7134033203125,0.40805369127516555,0.5899616906809213
7.7244458007812495,4.799964599609375,3.7134033203125,3.4295302013424616,0.9600974385564429
0.11487548828125,4.429056396484374,3.7134033203125,0.40805369127516555,0.5658960081315109
0.11487548828125,4.799964599609375,0.5181396484375,0.40671140939597095,0.5564314519349547
7.7244458007812495,4.429056396484374,0.5181396484375,3.4241610738256822,0.9025758193195124
5.10987548828125,9.797464599609375,8.6634033203125,2.414765100671171,0.9773955269028118
2.72944580078125,9.797464599609375,8.6634033203125,1.4617449664429318,0.9621896207434166
5.10987548828125,9.426556396484376,8.6634033203125,2.413422818791976,0.9764269978950914
5.10987548828125,9.797464599609375,5.4681396484375,2.414765100671171,0.9751676393250729
2.72944580078125,9.426556396484376,5.4681396484375,1.4604026845637372,0.9569629983308435
7.60737548828125,2.301214599609375,1.2384033203125002,3.3181208053692908,0.8777655917418433
5.22694580078125,2.301214599609375,1.2384033203125002,2.3637583892617675,0.8389120725239636
7.60737548828125,6.927806396484375,1.2384033203125002,3.402684563758565,0.9554894886763361
7.60737548828125,2.301214599609375,7.9431396484375,3.3127516778525115,0.9274869713125256
5.22694580078125,6.927806396484375,7.9431396484375,2.4483221476510417,0.9675104434317608
2.6123754882812498,7.298714599609374,6.1884033203125,1.4040268456375637,0.9436108565631158
0.23194580078125002,7.298714599609374,6.1884033203125,0.4402684563758361,0.7543033218802355
2.6123754882812498,1.9303063964843747,6.1884033203125,1.2926174496644114,0.7793694930658437
2.6123754882812498,7.298714599609374,2.9931396484375004,1.4053691275167584,0.9322544843288987
0.23194580078125002,1.9303063964843747,2.9931396484375004,0.40671140939597095,0.3219369612015748
3.86112548828125,1.0518395996093748,9.9009033203125,1.6604026845637336,0.7157058085587866
1.48069580078125,1.0518395996093748,9.9009033203125,0.5691275167785184,0.3150704947136733
3.86112548828125,0.680931396484375,9.9009033203125,1.4859060402684348,0.551255932775663
3.86112548828125,1.0518395996093748,1.7556396484375,1.6335570469798415,0.6378390519096089
1.48069580078125,0.680931396484375,1.7556396484375,0.420134228187917,0.1327935516464167
8.85612548828125,6.049339599609374,4.9509033203124995,3.895302013423067,0.9743582725993245
6.47569580078125,6.049339599609374,4.9509033203124995,2.9422818791947387,0.9658943444807562
8.85612548828125,5.678431396484375,4.9509033203124995,3.8912751677854827,0.972527178924895
8.85612548828125,6.049339599609374,6.7056396484375,3.895302013423067,0.9760905370202314
6.47569580078125,5.678431396484375,6.7056396484375,2.9382550335571542,0.9658368075366254
6.35862548828125,3.5505895996093746,7.4259033203125,2.8590604026846593,0.9447062749015607
3.9781958007812497,3.5505895996093746,7.4259033203125,1.9073825503355413,0.9179193181071761
6.35862548828125,8.177181396484375,7.4259033203125,2.908724832214868,0.9768723314767072
6.35862548828125,3.5505895996093746,9.1806396484375,2.8590604026846593,0.946523916185237
3.9781958007812497,8.177181396484375,9.1806396484375,1.9557046979865471,0.9664729165435162
1.36362548828125,8.548089599609375,2.4759033203125003,0.9127516778523377,0.9068391840827679
8.97319580078125,8.548089599609375,2.4759033203125003,3.9570469798660293,0.9776341603243885
1.36362548828125,3.1796813964843746,2.4759033203125003,0.8483221476509966,0.74954625133439
1.36362548828125,8.548089599609375,4.2306396484375,0.9114093959731431,0.919817392114155
8.97319580078125,3.1796813964843746,4.2306396484375,3.896644295302262,0.9488407452171632
1.98800048828125,1.6765270996093748,6.8071533203125,1.0161073825503224,0.6827076749198326
7.10007080078125,1.6765270996093748,6.8071533203125,3.0604026845638836,0.890885095149038
1.98800048828125,8.801868896484375,6.8071533203125,1.16107382550334,0.9445238338959381
1.98800048828125,1.6765270996093748,3.6118896484375003,1.0080536912751548,0.6554416072012843
7.10007080078125,8.801868896484375,3.6118896484375003,3.208053691275315,0.9766765396709283
6.98300048828125,6.674027099609375,1.8571533203125001,3.150335570469937,0.9593055774529615
2.1050708007812498,6.674027099609375,1.8571533203125001,1.1999999999999835,0.899584081347709
6.98300048828125,3.8043688964843745,1.8571533203125001,3.1167785234900665,0.929378612079642
6.98300048828125,6.674027099609375,8.5618896484375,3.1489932885907423,0.9741498771951338
2.1050708007812498,3.8043688964843745,8.5618896484375,1.1637583892617291,0.8782678062018381
9.48050048828125,4.175277099609374,9.2821533203125,4.120805369127798,0.9685594682553722
9.59757080078125,4.175277099609374,9.2821533203125,4.167785234899617,0.9689336070017384
9.48050048828125,1.305618896484375,9.2821533203125,3.9610738255036138,0.8966728788579377
9.48050048828125,4.175277099609374,6.0868896484374995,4.122147651006993,0.9662435344060865
9.59757080078125,1.305618896484375,6.0868896484374995,4.009395973154628,0.8909050920542438
4.48550048828125,9.172777099609375,4.3321533203125,2.162416107382543,0.9683667660093134
4.60257080078125,9.172777099609375,4.3321533203125,2.209395973154362,0.9690686610784227
4.48550048828125,6.303118896484374,4.3321533203125,2.1476510067114,0.9535795916953105
4.48550048828125,9.172777099609375,1.1368896484375002,2.163758389261738,0.9455495987332624
4.60257080078125,6.303118896484374,1.1368896484375002,2.195973154362414,0.9245649061933652
3.23675048828125,2.9259020996093748,0.6196533203125,1.5785234899328626,0.7832489387191248
3.35382080078125,2.9259020996093748,0.6196533203125,1.6255033557046739,0.787508805798373
3.23675048828125,5.053743896484375,0.6196533203125,1.6335570469798415,0.8578036092231287
3.23675048828125,2.9259020996093748,4.8493896484375,1.5932885906040033,0.8723947463720751
3.35382080078125,5.053743896484375,4.8493896484375,1.683221476510042,0.9286571984809847
8.23175048828125,7.923402099609374,5.5696533203125,3.6563758389263876,0.9797969998861469
8.34882080078125,7.923402099609374,5.5696533203125,3.7033557046982066,0.9800755156785386
8.23175048828125,0.05624389648437499,5.5696533203125,0.40805369127516555,0.012232897400774479
8.23175048828125,7.923402099609374,9.7993896484375,3.6563758389263876,0.9819390531015979
8.34882080078125,0.05624389648437499,9.7993896484375,0.40939597315436016,0.01252020192399161
5.7342504882812495,0.42715209960937495,3.0946533203125,1.8496644295301732,0.4475741658448975
0.8563208007812501,0.42715209960937495,3.0946533203125,0.40536912751677634,0.08601723317969542
5.7342504882812495,2.554993896484375,3.0946533203125,2.57852348993294,0.8971745885669453
5.7342504882812495,0.42715209960937495,7.3243896484375,1.9302013422818496,0.4882159486455184
0.8563208007812501,2.554993896484375,7.3243896484375,0.6040268456375781,0.6057699665529837
0.7392504882812501,5.424652099609374,8.0446533203125,0.6416107382550271,0.8342938860050015
5.85132080078125,5.424652099609374,8.0446533203125,2.6859060402685264,0.9620962037501768
0.7392504882812501,7.552493896484374,8.0446533203125,0.6563758389261678,0.8874905342029202
0.7392504882812501,5.424652099609374,2.3743896484375,0.6375838926174433,0.7903877979197248
5.85132080078125,7.552493896484374,2.3743896484375,2.703355704698059,0.9624755986819485
1.0514379882812501,0.114808349609375,1.5477783203125002,0.4013422818791925,0.02349065791458611
4.29038330078125,0.114808349609375,1.5477783203125002,0.40671140939597095,0.023492010952473937
1.0514379882812501,2.2426501464843747,1.5477783203125002,0.6348993288590541,0.5351590927423764
1.0514379882812501,0.114808349609375,9.4900146484375,0.4013422818791925,0.02475680409004969
4.29038330078125,2.2426501464843747,9.4900146484375,1.9812080536912446,0.8806602065439627
6.04643798828125,5.112308349609375,6.4977783203124995,2.761073825503437,0.9593829089345438
9.28538330078125,5.112308349609375,6.4977783203124995,4.057718120805641,0.9725188229524977
6.04643798828125,7.240150146484375,6.4977783203124995,2.7785234899329696,0.971689814368018
6.04643798828125,5.112308349609375,4.5400146484374995,2.761073825503437,0.9559405320786512
9.28538330078125,7.240150146484375,4.5400146484374995,4.075167785235174,0.9791461168157497
8.54393798828125,2.6135583496093746,4.0227783203125,3.7033557046982066,0.9337678490043192
1.7928833007812501,2.6135583496093746,4.0227783203125,1.004026845637571,0.7695675051134387
8.54393798828125,9.738900146484376,4.0227783203125,3.7892617449666757,0.9828625016522438
8.54393798828125,2.6135583496093746,2.0650146484375003,3.7060402684565963,0.9180410915949908
1.7928833007812501,9.738900146484376,2.0650146484375003,1.0885906040268312,0.9256903064061845
3.5489379882812497,7.611058349609374,8.9727783203125,1.7812080536912482,0.9602189187353385
6.78788330078125,7.611058349609374,8.9727783203125,3.0765100671142216,0.9770710232912754
3.5489379882812497,4.7414001464843745,8.9727783203125,1.7570469798657453,0.9350644218642595
3.5489379882812497,7.611058349609374,7.0150146484375,1.7812080536912482,0.9585195695334225
6.78788330078125,4.7414001464843745,7.0150146484375,3.0523489932887147,0.9608303505566936
4.7976879882812495,3.8629333496093747,5.2602783203125,2.241610738255038,0.9309021266395225
5.53913330078125,3.8629333496093747,5.2602783203125,2.5382550335570953,0.9388188946435728
4.7976879882812495,3.492025146484375,5.2602783203125,2.233557046979869,0.9235102524593458
4.7976879882812495,3.8629333496093747,8.2525146484375,2.241610738255038,0.9364921779695963
5.53913330078125,3.492025146484375,8.2525146484375,2.5302013422819263,0.9377489118079154
9.79268798828125,8.860433349609375,0.3102783203125,4.2845637583895675,0.9386753378668438
0.54413330078125,8.860433349609375,0.3102783203125,0.5691275167785184,0.7780495215451839
9.79268798828125,8.489525146484375,0.3102783203125,4.283221476510373,0.9368339757256077
9.79268798828125,8.860433349609375,3.3025146484375,4.285906040268762,0.9821774360526129
0.54413330078125,8.489525146484375,3.3025146484375,0.5825503355704644,0.8616981034785606
7.29518798828125,1.3641833496093747,7.7352783203125,3.097986577181339,0.8716237357205194
8.03663330078125,1.3641833496093747,7.7352783203125,3.393288590604201,0.8821014385414193
7.29518798828125,5.990775146484374,7.7352783203125,3.269798657718277,0.9718524731101507
7.29518798828125,1.3641833496093747,0.8275146484375,3.0845637583893906,0.781749163172025
8.03663330078125,5.990775146484374,0.8275146484375,3.5691275167787238,0.9399111324916706
2.30018798828125,6.3616833496093745,2.7852783203125,1.2751677852348815,0.9132550453722392
3.0416333007812497,6.3616833496093745,2.7852783203125,1.570469798657695,0.9285932740805729
2.30018798828125,0.993275146484375,2.7852783203125,0.935570469798646,0.4618714406855584
2.30018798828125,6.3616833496093745,5.7775146484375,1.273825503355687,0.928120022221391
3.0416333007812497,0.993275146484375,5.7775146484375,1.3060402684563575,0.6079150077217472
1.67581298828125,3.2382458496093744,8.3540283203125,0.9785234899328734,0.8288396146250784
1.16850830078125,3.2382458496093744,8.3540283203125,0.7758389261744878,0.7764433568317777
1.67581298828125,6.615462646484374,8.3540283203125,1.0255033557046846,0.9197719755211395
1.67581298828125,3.2382458496093744,6.3962646484375,0.979865771812068,0.822399925831163
1.16850830078125,6.615462646484374,6.3962646484375,0.822818791946299,0.8951773332545209
6.67081298828125,8.235745849609375,3.4040283203125004,3.033557046979987,0.9730239716377267
6.16350830078125,8.235745849609375,3.4040283203125004,2.830872483221568,0.971138012202838
6.67081298828125,1.6179626464843748,3.4040283203125004,2.885906040268556,0.86218204601859
6.67081298828125,8.235745849609375,1.4462646484375001,3.034899328859182,0.9612764180616747
6.16350830078125,1.6179626464843748,1.4462646484375001,2.6832214765101368,0.8150992542804112
9.16831298828125,0.739495849609375,5.8790283203125,3.6657718120807514,0.7991470449402392
3.66600830078125,0.739495849609375,5.8790283203125,1.4348993288590397,0.5502712484600466
9.16831298828125,4.116712646484374,5.8790283203125,3.9959731543626793,0.9643810871361234
9.16831298828125,0.739495849609375,3.9212646484375004,3.669798657718336,0.7846634032355441
3.66600830078125,4.116712646484374,3.9212646484375004,1.7946308724831943,0.9136510543208554
4.17331298828125,5.736995849609374,0.9290283203125,2.0201342281878913,0.9046123087797646
8.66100830078125,5.736995849609374,0.9290283203125,3.8161073825505722,0.9444744936245204
4.17331298828125,9.114212646484376,0.9290283203125,2.038926174496619,0.9362462967896424
4.17331298828125,5.736995849609374,8.8712646484375,2.0174496644295017,0.9530165448464991
8.66100830078125,9.114212646484376,8.8712646484375,3.8348993288593,0.9849991094844807
2.92456298828125,1.9888708496093748,4.6415283203125,1.4228187919462882,0.7950242803854963
9.90975830078125,1.9888708496093748,4.6415283203125,4.213422818792242,0.9264687626330413
2.92456298828125,7.864837646484374,4.6415283203125,1.532885906040246,0.9490545119189759
2.92456298828125,1.9888708496093748,5.1587646484375,1.4214765100670936,0.7984091487643105
9.90975830078125,7.864837646484374,5.1587646484375,4.328859060402997,0.9826764243686317
7.91956298828125,6.986370849609374,9.5915283203125,3.5261744966444892,0.9785010615856403
4.91475830078125,6.986370849609374,9.5915283203125,2.3234899328859226,0.9669915493670876
7.91956298828125,2.8673376464843745,9.5915283203125,3.4630872483223323,0.9456052775079062
7.91956298828125,6.986370849609374,0.2087646484375,3.5181208053693203,0.9074285393722721
4.91475830078125,2.8673376464843745,0.2087646484375,2.2228187919463105,0.7882383819723331
5.42206298828125,4.487620849609375,2.1665283203125,2.5046979865772245,0.9302827557633824
7.41225830078125,4.487620849609375,2.1665283203125,3.300671140939758,0.9464525633921728
5.42206298828125,0.368587646484375,2.1665283203125,1.393288590604007,0.3124867547015374
5.42206298828125,4.487620849609375,2.6837646484375,2.5033557046980297,0.9353135409029241
7.41225830078125,0.368587646484375,2.6837646484375,2.4187919463087555,0.4835058619958953
0.42706298828125,9.485120849609375,7.1165283203125,0.539597315436237,0.8839628672500255
2.41725830078125,9.485120849609375,7.1165283203125,1.3355704697986388,0.9556756927345575
0.42706298828125,5.366087646484375,7.1165283203125,0.5046979865771772,0.7438236714468778
0.42706298828125,9.485120849609375,7.6337646484375,0.539597315436237,0.8853706657375837
2.41725830078125,5.366087646484375,7.6337646484375,1.3114093959731359,0.9213827764344964
0.58315673828125,2.4573864746093745,9.1274658203125,0.44832214765100376,0.44027380753085765
2.88553955078125,2.4573864746093745,9.1274658203125,1.4322147651006505,0.8496696097419305
0.58315673828125,3.3358532714843747,9.1274658203125,0.5181208053691233,0.6183839519720835
0.58315673828125,2.4573864746093745,9.0259521484375,0.44832214765100376,0.4401282029120175
2.88553955078125,3.3358532714843747,9.0259521484375,1.464429530201321,0.8903955957983507
5.57815673828125,7.454886474609374,4.1774658203124995,2.5919463087248884,0.9671095657403355
7.88053955078125,7.454886474609374,4.1774658203124995,3.5140939597317358,0.9758954722148898
5.57815673828125,8.333353271484375,4.1774658203124995,2.5973154362416677,0.9708618796968171
5.57815673828125,7.454886474609374,4.0759521484375,2.5919463087248884,0.9668778293219302
7.88053955078125,8.333353271484375,4.0759521484375,3.5181208053693203,0.9783313884396013
8.07565673828125,4.956136474609375,6.6524658203125,3.5704697986579186,0.9676969290895088
0.38803955078125,4.956136474609375,6.6524658203125,0.4738255033557013,0.6859466558985925
8.07565673828125,5.834603271484374,6.6524658203125,3.5798657718122824,0.9727461361205887
8.07565673828125,4.956136474609375,1.6009521484375002,3.5731543624163082,0.9486143998198259
0.38803955078125,5.834603271484374,1.6009521484375002,0.4818791946308689,0.6965104434695208
3.0806567382812498,9.953636474609375,1.7024658203125,1.6040268456375602,0.9451377577119577
5.38303955078125,9.953636474609375,1.7024658203125,2.524832214765147,0.9644233414439967
3.0806567382812498,0.8371032714843749,1.7024658203125,1.1664429530201184,0.46965753693362783
3.0806567382812498,9.953636474609375,6.5509521484375,1.6026845637583655,0.964312347759366
5.38303955078125,0.8371032714843749,6.5509521484375,2.1986577181208036,0.7199402301109095
4.32940673828125,3.7067614746093747,2.9399658203125,2.0523489932885672,0.9088361312661736
6.63178955078125,3.7067614746093747,2.9399658203125,2.9731543624162198,0.936043688247875
4.32940673828125,2.0864782714843746,2.9399658203125,1.9919463087248015,0.8410615238005026
4.32940673828125,3.7067614746093747,7.7884521484375,2.0510067114093724,0.9271771479919335
6.63178955078125,2.0864782714843746,7.7884521484375,2.908724832214868,0.9091956569053481
9.32440673828125,8.704261474609375,7.8899658203125,4.097986577181486,0.9850229830300431
1.63678955078125,8.704261474609375,7.8899658203125,1.0201342281879062,0.9378582360574075
9.32440673828125,7.083978271484375,7.8899658203125,4.089932885906317,0.9813183832874577
9.32440673828125,8.704261474609375,2.8384521484375003,4.097986577181486,0.9799121295574916
1.63678955078125,7.083978271484375,2.8384521484375003,1.0147651006711278,0.9033746349256488
6.82690673828125,1.2080114746093749,0.4649658203125,2.821476510067204,0.7193356240854754
9.12928955078125,1.2080114746093749,0.4649658203125,3.757046979866,0.7661970052001608
6.82690673828125,9.582728271484376,0.4649658203125,3.1020134228189233,0.9390194597033341
6.82690673828125,1.2080114746093749,0.36345214843750007,2.805369127516866,0.7085472559594964
9.12928955078125,9.582728271484376,0.36345214843750007,4.022818791946576,0.9434650947368504
1.83190673828125,6.2055114746093745,5.4149658203125,1.0845637583892473,0.9122459782318123
4.13428955078125,6.2055114746093745,5.4149658203125,2.006711409395943,0.952326946473653
1.83190673828125,4.585228271484374,5.4149658203125,1.068456375838912,0.8805761685591219
1.83190673828125,6.2055114746093745,5.3134521484374995,1.085906040268442,0.9124700359453772
4.13428955078125,4.585228271484374,5.3134521484374995,1.9892617449664123,0.9346749175768643
2.4562817382812496,4.3314489746093745,1.0837158203125001,1.314093959731525,0.8394564388081418
2.26116455078125,4.3314489746093745,1.0837158203125001,1.2348993288590433,0.8312168275192642
2.4562817382812496,7.708665771484374,1.0837158203125001,1.3463087248321957,0.9024204802840086
2.4562817382812496,4.3314489746093745,7.1697021484375,1.314093959731525,0.902276741858747
2.26116455078125,7.708665771484374,7.1697021484375,1.2657718120805193,0.9424923960784299
7.45128173828125,9.328948974609375,6.0337158203125,3.3503355704699667,0.9817682310546187
7.25616455078125,9.328948974609375,6.0337158203125,3.2724832214766666,0.9813512221011593
7.45128173828125,2.711165771484375,6.0337158203125,3.269798657718277,0.934277388651068
7.45128173828125,9.328948974609375,2.2197021484375004,3.3503355704699667,0.9745847933484774
7.25616455078125,2.711165771484375,2.2197021484375004,3.1946308724833665,0.9113952354704684
9.94878173828125,1.8326989746093747,3.5587158203125,4.217449664429826,0.914935922815062
4.7586645507812495,1.8326989746093747,3.5587158203125,2.1436241610738156,0.8404382441478699
9.94878173828125,0.212415771484375,3.5587158203125,2.5664429530201867,0.3562088729615492
9.94878173828125,1.8326989746093747,4.6947021484375,4.216107382550631,0.9206638438227732
4.7586645507812495,0.212415771484375,4.6947021484375,0.42416107382550083,0.046908144167824226
4.95378173828125,6.830198974609375,8.5087158203125,2.3382550335570658,0.9658356358902445
9.75366455078125,6.830198974609375,8.5087158203125,4.259060402684866,0.981532466970827
4.95378173828125,5.209915771484375,8.5087158203125,2.3248322147651175,0.9548519417876381
4.95378173828125,6.830198974609375,9.6447021484375,2.3382550335570658,0.9664886113532678
9.75366455078125,5.209915771484375,9.6447021484375,4.2456375838929175,0.9759599145262302
3.70503173828125,0.5833239746093749,7.2712158203124995,1.2818791946308545,0.4416550215773295
8.50491455078125,0.5833239746093749,7.2712158203124995,3.292617449664589,0.7364922680279795
3.70503173828125,6.459290771484374,7.2712158203124995,1.8362416107382271,0.9527328532595739
3.70503173828125,0.5833239746093749,5.9322021484375,1.269798657718103,0.43368063272231644
8.50491455078125,6.459290771484374,5.9322021484375,3.757046979866,0.976093827902469
8.70003173828125,5.580823974609374,2.3212158203125,3.8281879194633257,0.9635601419236888
3.5099145507812497,5.580823974609374,2.3212158203125,1.751677852348967,0.9223609191390124
8.70003173828125,1.4617907714843748,2.3212158203125,3.6805369127518945,0.865351665300551
8.70003173828125,5.580823974609374,0.9822021484375,3.8308724832217154,0.944978359394335
3.5099145507812497,1.4617907714843748,0.9822021484375,1.5664429530201112,0.6747151931419094
6.20253173828125,3.082073974609375,9.7462158203125,2.783892617449749,0.9373870010821805
6.00741455078125,3.082073974609375,9.7462158203125,2.706040268456449,0.9356481178726386
6.20253173828125,3.9605407714843746,9.7462158203125,2.805369127516866,0.9515408326117967
6.20253173828125,3.082073974609375,3.4572021484375,2.7852348993289437,0.9225723100199159
6.00741455078125,3.9605407714843746,3.4572021484375,2.728859060402761,0.9381442199372674
1.20753173828125,8.079573974609374,4.7962158203125,0.846979865771802,0.9115684420782837
1.01241455078125,8.079573974609374,4.7962158203125,0.7691275167785148,0.9025546247138408
1.20753173828125,8.958040771484375,4.7962158203125,0.8510067114093858,0.9207890027896086
1.20753173828125,8.079573974609374,8.4072021484375,0.846979865771802,0.9208294298057269
1.01241455078125,8.958040771484375,8.4072021484375,0.771812080536904,0.9212731960617724
0.89534423828125,2.7697302246093747,5.7243408203124995,0.6362416107382487,0.6488327930582991
8.81710205078125,2.7697302246093747,5.7243408203124995,3.818791946308962,0.9441672786317856
0.89534423828125,1.1494470214843748,5.7243408203124995,0.42416107382550083,0.2251228349187715
0.89534423828125,2.7697302246093747,1.2915771484375,0.6067114093959673,0.5724390608108462
8.81710205078125,1.1494470214843748,1.2915771484375,3.668456375839141,0.8049985886486934
5.89034423828125,7.767230224609374,0.7743408203125,2.720805369127592,0.9373849574438968
3.82210205078125,7.767230224609374,0.7743408203125,1.8926174496644006,0.9157265997229382
5.89034423828125,6.146947021484374,0.7743408203125,2.711409395973228,0.9235948806933798
5.89034423828125,7.767230224609374,6.2415771484375,2.719463087248397,0.9729437612569062
3.82210205078125,6.146947021484374,6.2415771484375,1.8805369127516491,0.9500216373564607
8.38784423828125,0.270980224609375,8.1993408203125,2.516778523489978,0.4394914215486426
6.31960205078125,0.270980224609375,8.1993408203125,1.413422818791926,0.2689107284689143
8.38784423828125,8.645697021484375,8.1993408203125,3.7221476510069342,0.9833448184666609
8.38784423828125,0.270980224609375,8.7165771484375,2.523489932885952,0.44166135352240543
6.31960205078125,8.645697021484375,8.7165771484375,2.893959731543725,0.9785215176047934
3.39284423828125,5.268480224609374,3.2493408203125003,1.7020134228187664,0.9246797501366422
1.32460205078125,5.268480224609374,3.2493408203125003,0.8751677852348887,0.8572376933371265
3.39284423828125,3.6481970214843744,3.2493408203125003,1.676510067114069,0.8912401743459444
3.39284423828125,5.268480224609374,3.7665771484375004,1.7006711409395718,0.9274958502124278
1.32460205078125,3.6481970214843744,3.7665771484375004,0.8496644295301912,0.7974730256359459
4.64159423828125,1.5203552246093748,2.0118408203125,2.061744966442931,0.7782917110909202
0.07585205078125,1.5203552246093748,2.0118408203125,0.4013422818791925,0.26195413184351746
4.64159423828125,4.8975720214843745,2.0118408203125,2.1973154362416087,0.9251714673709416
4.64159423828125,1.5203552246093748,2.5290771484375,2.0644295302013207,0.7899404719487704
0.07585205078125,4.8975720214843745,2.5290771484375,0.40536912751677634,0.588932808655455
9.63659423828125,6.517855224609375,6.9618408203125,4.210738255033852,0.9796837537805143
5.07085205078125,6.517855224609375,6.9618408203125,2.38389261744969,0.9637673206401405
9.63659423828125,9.895072021484374,6.9618408203125,4.22684563758419,0.9869632028651946
9.63659423828125,6.517855224609375,7.4790771484375,4.210738255033852,0.9799709109543076
5.07085205078125,9.895072021484374,7.4790771484375,2.398657718120833,0.9767237943925141
7.13909423828125,4.019105224609374,4.4868408203125,3.182550335570613,0.9512429588539815
2.5733520507812497,4.019105224609374,4.4868408203125,1.355704697986558,0.8880050700506164
7.13909423828125,7.396322021484374,4.4868408203125,3.2174496644296786,0.9740198048501292
7.13909423828125,4.019105224609374,9.9540771484375,3.1812080536914182,0.9580070848105151
2.5733520507812497,7.396322021484374,9.9540771484375,1.389261744966423,0.9481674359794393
2.14409423828125,9.016605224609375,9.4368408203125,1.2241610738254864,0.9512680004785925
7.56835205078125,9.016605224609375,9.4368408203125,3.395973154362591,0.9829357397978584
2.14409423828125,2.3988220214843747,9.4368408203125,1.1328859060402532,0.8058575287794578
2.14409423828125,9.016605224609375,5.0040771484375,1.225503355704681,0.9455901046259776
7.56835205078125,2.3988220214843747,5.0040771484375,3.3033557046981477,0.9238389286615036
1.51971923828125,0.8956677246093749,3.8680908203125,0.44697986577180915,0.19073677400336375
5.6952270507812495,0.8956677246093749,3.8680908203125,2.3489932885906244,0.7306144673895569
1.51971923828125,5.522259521484375,3.8680908203125,0.9557046979865651,0.8802635840849445
1.51971923828125,0.8956677246093749,3.1478271484375,0.44429530201341993,0.18702492763271647
5.6952270507812495,5.522259521484375,3.1478271484375,2.625503355704759,0.9523395771659565
6.51471923828125,5.893167724609374,8.8180908203125,2.955704697986687,0.9688301713125691
0.70022705078125,5.893167724609374,8.8180908203125,0.6295302013422757,0.8465431846264548
6.51471923828125,0.524759521484375,8.8180908203125,2.4348993288590934,0.6343915925560332
6.51471923828125,5.893167724609374,8.097827148437501,2.955704697986687,0.9683918171610129
0.70022705078125,0.524759521484375,8.097827148437501,0.40671140939597095,0.10816500228579586
9.01221923828125,3.3944177246093745,1.3930908203125,3.920805369127769,0.9283224834009369
8.192727050781249,3.3944177246093745,1.3930908203125,3.5932885906042307,0.9224580535626286
9.01221923828125,3.0235095214843746,1.3930908203125,3.9100671140942103,0.920127494212927
9.01221923828125,3.3944177246093745,5.6228271484375,3.9181208053693792,0.9554873388599914
8.192727050781249,3.0235095214843746,5.6228271484375,3.5785234899330876,0.9452547701603728
4.01721923828125,8.391917724609375,6.3430908203125,1.9718120805368824,0.9653050105726351
3.19772705078125,8.391917724609375,6.3430908203125,1.6442953020133984,0.9584764555092063
4.01721923828125,8.021009521484375,6.3430908203125,1.9704697986576878,0.9637192149678906
4.01721923828125,8.391917724609375,0.6728271484375,1.973154362416077,0.9187501732684524
3.19772705078125,8.021009521484375,0.6728271484375,1.6429530201342037,0.9031175776806579
2.76846923828125,4.643792724609375,7.5805908203125,1.4429530201342073,0.9173128804483255
4.44647705078125,4.643792724609375,7.5805908203125,2.1140939597315294,0.9431315229451291
2.76846923828125,9.270384521484376,7.5805908203125,1.475167785234878,0.9593353837212717
2.76846923828125,4.643792724609375,4.3853271484375,1.444295302013402,0.9080036484808085
4.44647705078125,9.270384521484376,4.3853271484375,2.1476510067114,0.9686971840315417
7.76346923828125,9.641292724609375,2.6305908203125004,3.4765100671142806,0.9779654829001608
9.44147705078125,9.641292724609375,2.6305908203125004,4.14899328859089,0.981633361811935
7.76346923828125,4.272884521484374,2.6305908203125004,3.4375838926176305,0.9498740665569365
7.76346923828125,9.641292724609375,9.3353271484375,3.4765100671142806,0.9843950113821825
9.44147705078125,4.272884521484374,9.3353271484375,4.10738255033585,0.9692734536535232
5.26596923828125,2.145042724609375,5.1055908203125,2.367785234899352,0.8838436866324111
1.94897705078125,2.145042724609375,5.1055908203125,1.04161073825502,0.7438702884081081
5.26596923828125,1.7741345214843747,5.1055908203125,2.3382550335570658,0.8594310280900614
5.26596923828125,2.145042724609375,6.8603271484374995,2.366442953020157,0.8899325145142283
1.94897705078125,1.7741345214843747,6.8603271484374995,1.010738255033544,0.6970081110763633
0.27096923828125,7.142542724609374,0.15559082031250002,0.4348993288590577,0.6490210453692087
6.94397705078125,7.142542724609374,0.15559082031250002,3.1248322147652354,0.8959150960427262
0.27096923828125,6.7716345214843745,0.15559082031250002,0.43087248322147387,0.6315477920709851
0.27096923828125,7.142542724609374,1.9103271484375002,0.44832214765100376,0.7238736124074916
6.94397705078125,6.7716345214843745,1.9103271484375002,3.135570469798794,0.960239844800631
0.19292236328125,1.1299255371093748,5.6469970703125,0.4026845637583871,0.2106568909727209
0.77827392578125,1.1299255371093748,5.6469970703125,0.4187919463087224,0.21871742062702176
0.19292236328125,8.411439208984374,5.6469970703125,0.4335570469798631,0.7806330136738883
0.19292236328125,1.1299255371093748,4.7720458984375,0.4026845637583871,0.20961429826850428
0.77827392578125,8.411439208984374,4.7720458984375,0.6765100671140869,0.8925022008165564
5.18792236328125,6.127425537109374,0.6969970703125,2.429530201342314,0.9124903202194432
5.7732739257812495,6.127425537109374,0.6969970703125,2.6630872483222143,0.9184425234261817
5.18792236328125,3.4139392089843748,0.6969970703125,2.3865771812080796,0.8599523334201078
5.18792236328125,6.127425537109374,9.7220458984375,2.4268456375839245,0.9639795470086591
5.7732739257812495,3.4139392089843748,9.7220458984375,2.6214765100671746,0.9399098700853077
7.68542236328125,3.6286755371093746,8.1219970703125,3.3919463087250064,0.9550397779304038
3.27577392578125,3.6286755371093746,8.1219970703125,1.628187919463063,0.9075911531178118
7.68542236328125,0.915189208984375,8.1219970703125,3.1463087248323527,0.8180435705512024
7.68542236328125,3.6286755371093746,7.2470458984374995,3.3919463087250064,0.9541606328288255
3.27577392578125,0.915189208984375,7.2470458984374995,1.375838926174477,0.6084357442749176
2.69042236328125,8.626175537109376,3.1719970703125,1.4429530201342073,0.9450554546726269
8.27077392578125,8.626175537109376,3.1719970703125,3.67651006711431,0.9783775593450306
2.69042236328125,5.912689208984374,3.1719970703125,1.426845637583872,0.919501452021928
2.69042236328125,8.626175537109376,2.2970458984375,1.4429530201342073,0.9383796785702285
8.27077392578125,5.912689208984374,2.2970458984375,3.660402684563972,0.9639909553038815
3.93917236328125,4.878050537109375,1.9344970703125002,1.9167785234899035,0.9135868921551746
9.51952392578125,4.878050537109375,1.9344970703125002,4.14899328859089,0.9584950628649831
3.93917236328125,7.162064208984375,1.9344970703125002,1.935570469798628,0.9403542449240716
3.93917236328125,4.878050537109375,3.5345458984375,1.915436241610709,0.9292514557148694
9.51952392578125,7.162064208984375,3.5345458984375,4.169127516778812,0.9778229339836457
8.93417236328125,9.875550537109374,6.8844970703124995,3.944966442953276,0.9858771977244576
4.52452392578125,9.875550537109374,6.8844970703124995,2.181208053691271,0.9741235013522948
8.93417236328125,2.1645642089843746,6.8844970703124995,3.8348993288593,0.9315938422636392
8.93417236328125,9.875550537109374,8.4845458984375,3.9543624161076396,0.986576662508285
4.52452392578125,2.1645642089843746,8.4845458984375,2.071140939597295,0.8800675163955596
6.43667236328125,2.3793005371093745,4.4094970703125,2.8496644295302955,0.9088290976409803
7.02202392578125,2.3793005371093745,4.4094970703125,3.0832214765101957,0.9153937319801394
6.43667236328125,4.663314208984374,4.4094970703125,2.9114093959732577,0.9538108173513847
6.43667236328125,2.3793005371093745,6.0095458984375,2.8483221476511007,0.9145651766347831
7.02202392578125,4.663314208984374,6.0095458984375,3.144966442953158,0.9601453920245576
1.44167236328125,7.376800537109374,9.3594970703125,0.9369127516778406,0.9227649166144098
2.0270239257812497,7.376800537109374,9.3594970703125,1.1704697986577022,0.9378433610168161
1.44167236328125,9.660814208984375,9.3594970703125,0.9463087248322029,0.9416278797316093
1.44167236328125,7.376800537109374,1.0595458984375001,0.9369127516778406,0.8631457225152426
2.0270239257812497,9.660814208984375,1.0595458984375001,1.181208053691259,0.9092890888670179
2.0660473632812497,3.003988037109375,5.0282470703125,1.1288590604026694,0.8276334054666189
3.90014892578125,3.003988037109375,5.0282470703125,1.86040268456373,0.8933921200835817
2.0660473632812497,2.7892517089843745,5.0282470703125,1.1208053691275017,0.8135852328144653
2.0660473632812497,3.003988037109375,1.6782958984375,1.1248322147650855,0.7798781916396821
3.90014892578125,2.7892517089843745,1.6782958984375,1.8563758389261462,0.8468569773944481
7.06104736328125,8.001488037109375,9.9782470703125,3.1879194630873924,0.9793925130805385
8.89514892578125,8.001488037109375,9.9782470703125,3.9234899328861585,0.983451561319209
7.06104736328125,7.786751708984374,9.9782470703125,3.1865771812081976,0.9787466106910241
7.06104736328125,8.001488037109375,6.6282958984375,3.1879194630873924,0.9778210179087807
8.89514892578125,7.786751708984374,6.6282958984375,3.9221476510069637,0.9817187874289589
9.55854736328125,0.505238037109375,2.5532470703125,3.6255033557049066,0.6812127854879796
1.40264892578125,0.505238037109375,2.5532470703125,0.4120805369127494,0.10105304380455123
9.55854736328125,5.288001708984375,2.5532470703125,4.169127516778812,0.9660285609030412
9.55854736328125,0.505238037109375,9.1032958984375,3.6322147651008807,0.7333318364381761
1.40264892578125,5.288001708984375,9.1032958984375,0.90469798657717,0.8875972186910539
4.56354736328125,5.502738037109374,7.5032470703125,2.171812080536907,0.9533131149234442
6.39764892578125,5.502738037109374,7.5032470703125,2.9060402684564783,0.9651826480364296
4.56354736328125,0.290501708984375,7.5032470703125,0.46577181208053364,0.07439434635992928
4.56354736328125,5.502738037109374,4.1532958984374995,2.171812080536907,0.9468215962539082
6.39764892578125,0.290501708984375,4.1532958984374995,1.5369127516778298,0.29687404664742945
3.31479736328125,1.7546130371093747,8.7407470703125,1.5557046979865543,0.8080074683943583
5.14889892578125,1.7546130371093747,8.7407470703125,2.288590604026857,0.8674536248439908
3.31479736328125,1.5398767089843748,8.7407470703125,1.532885906040246,0.780061876709605
3.31479736328125,1.7546130371093747,0.4407958984375,1.4979865771811862,0.6667349013481838
5.14889892578125,1.5398767089843748,0.4407958984375,2.2134228187919467,0.7173604073921351
8.30979736328125,6.752113037109375,3.7907470703125004,3.6818791946310894,0.9738294971234758
0.15389892578125,6.752113037109375,3.7907470703125004,0.4174496644295278,0.6988073941683852
8.30979736328125,6.537376708984374,3.7907470703125004,3.6805369127518945,0.972960197516488
8.30979736328125,6.752113037109375,5.3907958984375,3.6818791946310894,0.9762601911063492
0.15389892578125,6.537376708984374,5.3907958984375,0.4174496644295278,0.6973635374540905
5.81229736328125,4.2533630371093745,6.2657470703125,2.6550335570470454,0.948772300307716
7.64639892578125,4.2533630371093745,6.2657470703125,3.3892617449666167,0.9598734563813112
5.81229736328125,9.036126708984375,6.2657470703125,2.6926174496645006,0.976479605457819
5.81229736328125,4.2533630371093745,7.8657958984375,2.6550335570470454,0.9508471841893178
7.64639892578125,9.036126708984375,7.8657958984375,3.426845637584072,0.9825233922119525
0.81729736328125,9.250863037109376,1.3157470703125,0.6939597315436168,0.8636082112992135
2.65139892578125,9.250863037109376,1.3157470703125,1.4308724832214559,0.9271110494356585
0.81729736328125,4.038626708984374,1.3157470703125,0.6362416107382487,0.6953970800871139
0.81729736328125,9.250863037109376,2.9157958984375,0.696644295302006,0.8931316183771238
2.65139892578125,4.038626708984374,2.9157958984375,1.389261744966423,0.8787658872653186
1.12948486328125,3.9410192871093748,9.6688720703125,0.7771812080536824,0.8219672942464389
7.33421142578125,3.9410192871093748,9.6688720703125,3.2577181208055235,0.9579983926956466
1.12948486328125,6.225032958984374,9.6688720703125,0.8040268456375745,0.8931611442668566
1.12948486328125,3.9410192871093748,5.0814208984375,0.7771812080536824,0.8037581788483137
7.33421142578125,6.225032958984374,5.0814208984375,3.2872483221478097,0.9705653298307513
6.12448486328125,8.938519287109376,4.7188720703125,2.8174496644296196,0.9757135937539372
2.33921142578125,8.938519287109376,4.7188720703125,1.3033557046979682,0.947632786897799
6.12448486328125,1.2275329589843749,4.7188720703125,2.609395973154421,0.8195661784283046
6.12448486328125,8.938519287109376,0.13142089843750002,2.805369127516866,0.9002397102090878
2.33921142578125,1.2275329589843749,0.13142089843750002,0.8939597315436132,0.41767670966269155
8.62198486328125,1.4422692871093747,7.1938720703125,3.6402684563760497,0.8942790653844142
9.83171142578125,1.4422692871093747,7.1938720703125,4.123489932886188,0.9061032385662711
8.62198486328125,3.7262829589843744,7.1938720703125,3.7691275167787532,0.9598049668368019
8.62198486328125,1.4422692871093747,2.6064208984375004,3.646979865772024,0.8672699221378314
9.83171142578125,3.7262829589843744,2.6064208984375004,4.255033557047281,0.9533142774213104
3.62698486328125,6.439769287109375,2.2438720703125004,1.8053691275167512,0.9333169518673536
4.83671142578125,6.439769287109375,2.2438720703125004,2.289932885906052,0.9470438618926771
3.62698486328125,8.723782958984375,2.2438720703125004,1.8174496644295026,0.9506266820800894
3.62698486328125,6.439769287109375,7.5564208984375,1.8053691275167512,0.9522233632950415
4.83671142578125,8.723782958984375,7.5564208984375,2.3020134228188054,0.972620820408
4.87573486328125,0.19289428710937498,3.4813720703125,0.420134228187917,0.04162815985120388
3.5879614257812498,0.19289428710937498,3.4813720703125,0.413422818791944,0.04100562550209565
4.87573486328125,9.973157958984375,3.4813720703125,2.322147651006728,0.9712683039438021
4.87573486328125,0.19289428710937498,6.3189208984375,0.4228187919463062,0.04312376016016134
3.5879614257812498,9.973157958984375,6.3189208984375,1.8067114093959458,0.9684313341059728
9.87073486328125,5.190394287109375,8.4313720703125,4.2926174496647365,0.9756525367478828
8.58296142578125,5.190394287109375,8.4313720703125,3.777181208053922,0.9722322337740545
9.87073486328125,4.975657958984375,8.4313720703125,4.289932885906347,0.9745300273269811
9.87073486328125,5.190394287109375,1.3689208984375,4.293959731543931,0.9553859315755645
8.58296142578125,4.975657958984375,1.3689208984375,3.7758389261747274,0.9475226739837412
7.37323486328125,2.6916442871093746,1.0063720703125,3.2429530201343804,0.8822474993801381
1.09046142578125,2.6916442871093746,1.0063720703125,0.6845637583892545,0.5988237440740654
7.37323486328125,2.4769079589843748,1.0063720703125,3.2322147651008217,0.8735609699853982
7.37323486328125,2.6916442871093746,3.8439208984375,3.238926174496796,0.9258657353310624
1.09046142578125,2.4769079589843748,3.8439208984375,0.7006711409395898,0.6415422393523778
2.37823486328125,7.689144287109374,5.9563720703125,1.3127516778523305,0.942435808792151
6.08546142578125,7.689144287109374,5.9563720703125,2.7959731543625024,0.9729633191633915
2.37823486328125,7.474407958984374,5.9563720703125,1.3114093959731359,0.9406589740141142
2.37823486328125,7.689144287109374,8.7939208984375,1.3127516778523305,0.9463142533664191
6.08546142578125,7.474407958984374,8.7939208984375,2.7946308724833075,0.9741170546191571
1.75385986328125,2.066956787109375,0.38762207031250007,0.8818791946308617,0.570279316532752
7.95858642578125,2.066956787109375,0.38762207031250007,3.4147651006713184,0.8189892376137511
1.75385986328125,0.6028454589843749,0.38762207031250007,0.4174496644295278,0.10991606611461854
1.75385986328125,2.066956787109375,8.1751708984375,0.9570469798657597,0.7264037821813805
7.95858642578125,0.6028454589843749,8.1751708984375,3.08993288590617,0.7327818828084897
6.7488598632812495,7.064456787109374,5.3376220703124995,3.059060402684689,0.972554904655232
2.9635864257812496,7.064456787109374,5.3376220703124995,1.5436241610738028,0.94537908038717
6.7488598632812495,5.600345458984375,5.3376220703124995,3.0469798657719354,0.9649480088893042
6.7488598632812495,7.064456787109374,3.2251708984375003,3.059060402684689,0.9682468356276888
2.9635864257812496,5.600345458984375,3.2251708984375003,1.532885906040246,0.9211051833535976
9.24635986328125,4.565706787109375,2.8626220703125003,4.034899328859329,0.9610581322601196
5.46108642578125,4.565706787109375,2.8626220703125003,2.5208053691275625,0.938318207311579
9.24635986328125,8.099095458984376,2.8626220703125003,4.064429530201616,0.9783146751146957
9.24635986328125,4.565706787109375,0.7501708984375,4.037583892617719,0.9282753846877463
5.46108642578125,8.099095458984376,0.7501708984375,2.5503355704698487,0.9351905081354759
4.25135986328125,9.563206787109374,7.8126220703125,2.0697986577181,0.9722180011945485
0.46608642578125004,9.563206787109374,7.8126220703125,0.5557046979865723,0.8919722418938326
4.25135986328125,3.1015954589843746,7.8126220703125,2.0040268456375534,0.9114106791696444
4.25135986328125,9.563206787109374,5.7001708984374995,2.0697986577181,0.9703822141940636
0.46608642578125004,3.1015954589843746,5.7001708984374995,0.44295302013422533,0.49756803950595924
3.0026098632812497,3.3163317871093745,6.5751220703125,1.5114093959731323,0.8877698451896034
1.71483642578125,3.3163317871093745,6.5751220703125,0.9973154362415979,0.830395048102779
3.0026098632812497,4.350970458984374,6.5751220703125,1.532885906040246,0.9149919888148575
3.0026098632812497,3.3163317871093745,9.4126708984375,1.5100671140939377,0.8934806551056602
1.71483642578125,4.350970458984374,9.4126708984375,1.017449664429517,0.879511243695295
7.99760986328125,8.313831787109375,1.6251220703125002,3.566442953020334,0.9691149882254557
6.7098364257812495,8.313831787109375,1.6251220703125002,3.05100671140952,0.9640519554445058
7.99760986328125,9.348470458984375,1.6251220703125002,3.5704697986579186,0.9725093536772198
7.99760986328125,8.313831787109375,4.4626708984375,3.5651006711411393,0.9791613887169601
6.7098364257812495,9.348470458984375,4.4626708984375,3.0536912751679095,0.9783692044958494
5.50010986328125,0.8175817871093749,9.0501220703125,2.236241610738259,0.7287216312493061
4.21233642578125,0.8175817871093749,9.0501220703125,1.7194630872482963,0.6553812922206219
5.50010986328125,6.8497204589843745,9.0501220703125,2.557046979865823,0.9691994565169469
5.50010986328125,0.8175817871093749,1.9876708984375002,2.2161073825503363,0.6616314525210896
4.21233642578125,6.8497204589843745,1.9876708984375002,2.0429530201342034,0.9415250062287516
0.50510986328125,5.815081787109374,4.1001220703125,0.54630872483221,0.7818356291153344
9.20733642578125,5.815081787109374,4.1001220703125,4.0335570469801345,0.9728280552170218
0.50510986328125,1.8522204589843747,4.1001220703125,0.4187919463087224,0.32258064189320657
0.50510986328125,5.815081787109374,6.9376708984375,0.5476510067114047,0.7981920292810769
9.20733642578125,1.8522204589843747,6.9376708984375,3.920805369127769,0.9221786405120836
0.34901611328125004,3.4725036621093746,2.3985595703125,0.42550335570469544,0.4949298274491176
6.24155517578125,3.4725036621093746,2.3985595703125,2.8120805369128403,0.9229942186083433
0.34901611328125004,9.504642333984375,2.3985595703125,0.5046979865771772,0.838290415601122
0.34901611328125004,3.4725036621093746,5.8548583984375,0.42818791946308465,0.5163072734427516
6.24155517578125,9.504642333984375,5.8548583984375,2.8671140939598283,0.9789081677934164
5.34401611328125,8.470003662109375,7.3485595703125,2.5033557046980297,0.973838614315027
1.24655517578125,8.470003662109375,7.3485595703125,0.8644295302013318,0.9244072221574364
5.34401611328125,4.507142333984374,7.3485595703125,2.471140939597354,0.9495163817162029
5.34401611328125,8.470003662109375,0.9048583984375,2.5046979865772245,0.9422832817563778
1.24655517578125,4.507142333984374,0.9048583984375,0.822818791946299,0.7642544110005052
7.84151611328125,0.973753662109375,4.8735595703125,3.2322147651008217,0.8181152863885093
8.73905517578125,0.973753662109375,4.8735595703125,3.590604026845841,0.8346069807705261
7.84151611328125,2.0083923339843746,4.8735595703125,3.387919463087422,0.9111638800891396
7.84151611328125,0.973753662109375,3.3798583984375004,3.236241610738406,0.8046420448687571
8.73905517578125,2.0083923339843746,3.3798583984375004,3.747651006711636,0.9114643896700957
2.84651611328125,5.971253662109374,9.8235595703125,1.488590604026824,0.9398476319394358
3.74405517578125,5.971253662109374,9.8235595703125,1.8483221476509786,0.9516053672014437
2.84651611328125,7.005892333984375,9.8235595703125,1.4966442953019916,0.9491715779981633
2.84651611328125,5.971253662109374,8.3298583984375,1.488590604026824,0.9383755916670011
3.74405517578125,7.005892333984375,8.3298583984375,1.8550335570469516,0.9577705757208543
4.09526611328125,2.223128662109375,6.1110595703124995,1.9033557046979575,0.8663503377983542
4.99280517578125,2.223128662109375,6.1110595703124995,2.2630872483221554,0.8868271777201155
4.09526611328125,5.756517333984374,6.1110595703124995,1.986577181208023,0.949258499879776
4.09526611328125,2.223128662109375,7.0923583984375,1.9033557046979575,0.8697238944811945
4.99280517578125,5.756517333984374,7.0923583984375,2.3463087248322347,0.9583383352767669
9.09026611328125,7.220628662109374,1.1610595703125002,3.998657718121069,0.9619930640578513
9.98780517578125,7.220628662109374,1.1610595703125002,4.357046979866088,0.9648673548115589
9.09026611328125,0.759017333984375,1.1610595703125002,3.6174496644297376,0.7249876815841161
9.09026611328125,7.220628662109374,2.1423583984375,3.997315436241874,0.9720825766410657
9.98780517578125,0.759017333984375,2.1423583984375,4.008053691275433,0.7775133428316221
6.59276611328125,4.721878662109375,8.5860595703125,2.9744966442954146,0.9610763586467467
2.4953051757812497,4.721878662109375,8.5860595703125,1.3342281879194442,0.9137211737536276
6.59276611328125,3.2577673339843747,8.5860595703125,2.9449664429531284,0.9428511803563342
6.59276611328125,4.721878662109375,4.6173583984375,2.9744966442954146,0.955846375986082
2.4953051757812497,3.2577673339843747,4.6173583984375,1.307382550335552,0.8592144115535825
1.59776611328125,9.719378662109374,3.6360595703125003,1.0093959731543494,0.9334764765437848
7.49030517578125,9.719378662109374,3.6360595703125003,3.3677852348994994,0.9800231910803243
1.59776611328125,8.255267333984374,3.6360595703125003,1.004026845637571,0.9214666396911005
1.59776611328125,9.719378662109374,9.5673583984375,1.0080536912751548,0.9453235997593004
7.49030517578125,8.255267333984374,9.5673583984375,3.3610738255035253,0.9810277042196034
2.22214111328125,0.34906616210937497,7.9673095703125,0.4161073825503332,0.07539885165418919
9.36343017578125,0.34906616210937497,7.9673095703125,3.2832214765102252,0.6039818770382857
2.22214111328125,3.8824548339843745,7.9673095703125,1.212080536912735,0.8841242478390113
2.22214111328125,0.34906616210937497,7.7111083984375,0.4161073825503332,0.07531956271682957
9.36343017578125,3.8824548339843745,7.7111083984375,4.069798657718395,0.9648158496140471
7.21714111328125,5.346566162109374,3.0173095703125004,3.2322147651008217,0.9592699131613679
4.36843017578125,5.346566162109374,3.0173095703125004,2.092617449664412,0.937661028231094
7.21714111328125,8.879954833984375,3.0173095703125004,3.255033557047134,0.9757274079840674
7.21714111328125,5.346566162109374,2.7611083984375,3.2322147651008217,0.9579679362606337
4.36843017578125,8.879954833984375,2.7611083984375,2.115436241610724,0.961563327539259
9.71464111328125,2.8478161621093747,5.4923095703125,4.181208053691566,0.9499264432175798
6.86593017578125,2.8478161621093747,5.4923095703125,3.041610738255156,0.9315516839322286
9.71464111328125,6.381204833984374,5.4923095703125,4.241610738255333,0.9783338873301011
9.71464111328125,2.8478161621093747,0.2861083984375,4.162416107382838,0.8620474835435019
6.86593017578125,6.381204833984374,0.2861083984375,3.095302013422949,0.9021932499861307
4.7196411132812495,7.845316162109374,0.5423095703125,2.251006711409402,0.9153688867766996
1.87093017578125,7.845316162109374,0.5423095703125,1.1073825503355557,0.8602411559106078
4.7196411132812495,1.3837048339843747,0.5423095703125,2.016107382550307,0.6883039205460616
4.7196411132812495,7.845316162109374,5.2361083984375,2.251006711409402,0.9661857917853204
1.87093017578125,1.3837048339843747,5.2361083984375,0.9100671140939485,0.575301778361987
3.4708911132812497,4.097191162109374,4.2548095703125,1.7167785234899071,0.9114695911040991
0.6221801757812501,4.097191162109374,4.2548095703125,0.5651006711409345,0.7048298847241133
3.4708911132812497,0.134329833984375,4.2548095703125,0.40805369127516555,0.028640562398399294
3.4708911132812497,4.097191162109374,8.9486083984375,1.7154362416107125,0.9230835681229672
0.6221801757812501,0.134329833984375,8.9486083984375,0.4013422818791925,0.028880117785969626
8.46589111328125,9.094691162109376,9.2048095703125,3.757046979866,0.9847248780966166
5.61718017578125,9.094691162109376,9.2048095703125,2.6147651006712005,0.9776072090662404
8.46589111328125,5.131829833984375,9.2048095703125,3.7288590604029084,0.9718377915185747
8.46589111328125,9.094691162109376,3.9986083984375003,3.755704697986805,0.9813896068125867
5.61718017578125,5.131829833984375,3.9986083984375003,2.5892617449664987,0.9515503398269152
5.96839111328125,1.5984411621093748,1.7798095703125,2.6053691275168367,0.8192948264755445
3.11968017578125,1.5984411621093748,1.7798095703125,1.4523489932885696,0.709161258900098
5.96839111328125,7.630579833984374,1.7798095703125,2.750335570469878,0.9585154979098676
5.96839111328125,1.5984411621093748,1.5236083984375002,2.602684563758447,0.8112887703692375
3.11968017578125,7.630579833984374,1.5236083984375002,1.6107382550335332,0.9263710596215247
0.97339111328125,6.595941162109375,6.7298095703125,0.7449664429530118,0.8844480965623885
8.11468017578125,6.595941162109375,6.7298095703125,3.6026845637585945,0.9763328474956443
0.97339111328125,2.633079833984375,6.7298095703125,0.66577181208053,0.6577623322102366
0.97339111328125,6.595941162109375,6.4736083984374995,0.7449664429530118,0.8836120758957672
8.11468017578125,2.633079833984375,6.4736083984374995,3.5315436241612685,0.9380888509202718
0.66120361328125,1.286097412109375,2.7079345703125,0.4161073825503332,0.2350644785914686
2.18311767578125,1.286097412109375,2.7079345703125,1.0053691275167655,0.5646259487297889
0.66120361328125,7.318236083984375,2.7079345703125,0.6241610738254972,0.8450446248982635
0.66120361328125,1.286097412109375,4.3079833984375,0.4174496644295278,0.24065705327556533
2.18311767578125,7.318236083984375,4.3079833984375,1.2335570469798487,0.9309688381281648
5.65620361328125,6.2835974121093745,7.6579345703125,2.6161073825503953,0.9662997752249055
7.17811767578125,6.2835974121093745,7.6579345703125,3.2241610738256528,0.972613206047459
5.65620361328125,2.3207360839843747,7.6579345703125,2.532885906040316,0.9060876994292548
5.65620361328125,6.2835974121093745,9.2579833984375,2.6161073825503953,0.9673335699037037
7.17811767578125,2.3207360839843747,9.2579833984375,3.1409395973155734,0.9258044961922095
8.15370361328125,3.7848474121093747,0.2329345703125,3.5651006711411393,0.867883759576538
4.68061767578125,3.7848474121093747,0.2329345703125,2.1691275167785173,0.8217790550022587
8.15370361328125,4.8194860839843745,0.2329345703125,3.589261744966646,0.8872918966837675
8.15370361328125,3.7848474121093747,6.7829833984375,3.582550335570672,0.9578572225488184
4.68061767578125,4.8194860839843745,6.7829833984375,2.210738255033557,0.9466293060784459
3.15870361328125,8.782347412109376,5.1829345703125,1.6308724832214523,0.9583554088594396
9.67561767578125,8.782347412109376,5.1829345703125,4.238926174496943,0.9842240049107567
3.15870361328125,9.816986083984375,5.1829345703125,1.6335570469798415,0.9626303829278857
3.15870361328125,8.782347412109376,1.8329833984375001,1.6308724832214523,0.9409383179834293
9.67561767578125,9.816986083984375,1.8329833984375001,4.242953020134528,0.9791259812548683
4.40745361328125,2.5354724121093746,8.8954345703125,2.0442953020133983,0.8963065157442758
8.42686767578125,2.5354724121093746,8.8954345703125,3.652348993288803,0.9410820583336832
4.40745361328125,8.567611083984374,8.8954345703125,2.1288590604026725,0.9704763857905794
4.40745361328125,2.5354724121093746,3.0704833984375,2.0483221476509827,0.8716782228464603
8.42686767578125,8.567611083984374,3.0704833984375,3.738255033557272,0.9782752839300954
9.40245361328125,7.532972412109374,3.9454345703125004,4.123489932886188,0.9793591869479769
3.43186767578125,7.532972412109374,3.9454345703125004,1.734228187919437,0.9508272009301494
9.40245361328125,3.570111083984375,3.9454345703125004,4.079194630872759,0.9556207511383589
9.40245361328125,7.532972412109374,8.0204833984375,4.123489932886188,0.9826698309725622
3.43186767578125,3.570111083984375,8.0204833984375,1.6885906040268204,0.909055000153905
6.90495361328125,0.036722412109375,6.4204345703125,0.40402684563758173,0.007968641940947908
5.92936767578125,0.036722412109375,6.4204345703125,0.4026845637583871,0.007931422003589036
6.90495361328125,1.0713610839843748,6.4204345703125,2.8832214765101662,0.8232816285350735
6.90495361328125,0.036722412109375,5.5454833984375,0.40402684563758173,0.007932855427088957
5.92936767578125,1.0713610839843748,5.5454833984375,2.4953020134228607,0.7936595764307051
1.90995361328125,5.034222412109375,1.4704345703125001,1.106040268456361,0.8505310197443141
0.93436767578125,5.034222412109375,1.4704345703125001,0.7100671140939521,0.7787828447360632
1.90995361328125,6.068861083984374,1.4704345703125001,1.116778523489918,0.8738683820648243
1.90995361328125,5.034222412109375,0.5954833984375,1.0966442953019988,0.8091512064425291
0.93436767578125,6.068861083984374,0.5954833984375,0.7127516778523413,0.7730155913636569
1.2855786132812501,4.4095349121093745,7.0391845703125,0.846979865771802,0.8494491033532608
2.80749267578125,4.4095349121093745,7.0391845703125,1.4550335570469588,0.9126022630293961
1.2855786132812501,1.6960485839843749,7.0391845703125,0.7060402684563682,0.5434902634862094
1.2855786132812501,4.4095349121093745,2.4517333984375003,0.846979865771802,0.8130908327362293
2.80749267578125,1.6960485839843749,2.4517333984375003,1.3436241610738064,0.7206554510123195
6.28057861328125,9.407034912109376,2.0891845703125003,2.8832214765101662,0.9701413114078095
7.80249267578125,9.407034912109376,2.0891845703125003,3.4912751677854237,0.9751461437659867
6.28057861328125,6.6935485839843745,2.0891845703125003,2.869798657718218,0.9578867588957838
6.28057861328125,9.407034912109376,7.4017333984375,2.8818791946309714,0.9797564683328922
7.80249267578125,6.6935485839843745,7.4017333984375,3.4778523489934754,0.9762123318200402
8.77807861328125,1.9107849121093747,9.5141845703125,3.7530201342284153,0.9248709366477675
0.30999267578125,1.9107849121093747,9.5141845703125,0.41073825503355477,0.33406416552762913
8.77807861328125,9.192298583984375,9.5141845703125,3.8912751677854827,0.9854858342450551
8.77807861328125,1.9107849121093747,9.8767333984375,3.7530201342284153,0.9252444064311729
0.30999267578125,9.192298583984375,9.8767333984375,0.48993288590603656,0.8613229544130977
3.78307861328125,6.908284912109375,4.5641845703124995,1.871140939597287,0.9521863442055514
5.30499267578125,6.908284912109375,4.5641845703124995,2.4805369127517176,0.9639629811459893
3.78307861328125,4.194798583984374,4.5641845703124995,1.8429530201342001,0.9205128458849197
3.78307861328125,6.908284912109375,4.9267333984374995,1.871140939597287,0.953091763761046
5.30499267578125,4.194798583984374,4.9267333984374995,2.4510067114094314,0.9407807418868364
2.5343286132812497,0.6614099121093749,0.8516845703125,0.5557046979865723,0.17928252160711627
6.55374267578125,0.6614099121093749,0.8516845703125,2.4590604026846004,0.5910476053908205
2.5343286132812497,2.9454235839843745,0.8516845703125,1.3020134228187736,0.7685501401006676
2.5343286132812497,0.6614099121093749,1.2142333984375002,0.5999999999999943,0.20270318843280621
6.55374267578125,2.9454235839843745,1.2142333984375002,2.924832214765206,0.8889713640156651
7.52932861328125,5.658909912109374,5.8016845703125,3.3597315436243305,0.9691434421231543
1.5587426757812501,5.658909912109374,5.8016845703125,0.9718120805369004,0.8948233755221987
7.52932861328125,7.942923583984374,5.8016845703125,3.3758389261746684,0.9784014244927
7.52932861328125,5.658909912109374,6.1642333984375,3.3597315436243305,0.9695464125979851
1.5587426757812501,7.942923583984374,6.1642333984375,0.986577181208041,0.9267816342355606
5.03182861328125,3.160159912109375,3.3266845703125,2.319463087248338,0.9089567802573228
9.05124267578125,3.160159912109375,3.3266845703125,3.927516778523743,0.9452674559306149
5.03182861328125,5.444173583984375,3.3266845703125,2.358389261744988,0.9470776093534063
5.03182861328125,3.160159912109375,8.6392333984375,2.3181208053691433,0.9256754359262656
9.05124267578125,5.444173583984375,8.6392333984375,3.966442953020393,0.9748668335221893
0.03682861328125,8.157659912109375,8.2766845703125,0.40402684563758173,0.7559720032461464
4.05624267578125,8.157659912109375,8.2766845703125,1.986577181208023,0.9663060268108271
0.03682861328125,0.44667358398437496,8.2766845703125,0.3999999999999979,0.09157587164883833
0.03682861328125,8.157659912109375,3.6892333984375,0.40402684563758173,0.7422553795846139
4.05624267578125,0.44667358398437496,3.6892333984375,1.0630872483221336,0.29470633707234717
0.04658447265625,0.6321276855468749,3.1816650390625,0.3999999999999979,0.12307431958197679
2.62213134765625,0.6321276855468749,3.1816650390625,0.7060402684563682,0.2532841533973511
0.04658447265625,1.4325085449218748,3.1816650390625,0.3999999999999979,0.25174597194006965
0.04658447265625,0.6321276855468749,1.8233154296875,0.3999999999999979,0.12128748716853269
2.62213134765625,1.4325085449218748,1.8233154296875,1.2174496644295134,0.6376113537177055
5.0415844726562495,5.6296276855468745,8.1316650390625,2.3637583892617675,0.9585398111515339
7.61713134765625,5.6296276855468745,8.1316650390625,3.394630872483396,0.9712693181104922
5.0415844726562495,6.430008544921875,8.1316650390625,2.3704697986577417,0.9638686148703842
5.0415844726562495,5.6296276855468745,6.7733154296875,2.3637583892617675,0.9571773470495362
7.61713134765625,6.430008544921875,6.7733154296875,3.40134228187937,0.9741267743222504
7.53908447265625,3.1308776855468747,0.7066650390625,3.3221476510068753,0.8837091976658696
0.12463134765625,3.1308776855468747,0.7066650390625,0.40402684563758173,0.4339203171408953
7.53908447265625,8.928758544921875,0.7066650390625,3.385234899329032,0.9515092671756333
7.53908447265625,3.1308776855468747,9.2483154296875,3.3194630872484856,0.9477209991842981
0.12463134765625,8.928758544921875,9.2483154296875,0.4187919463087224,0.7906874716186856
2.54408447265625,8.128377685546875,5.6566650390625,1.3812080536912554,0.9476373665294274
5.11963134765625,8.128377685546875,5.6566650390625,2.4120805369127813,0.9700699473623369
2.54408447265625,3.9312585449218744,5.6566650390625,1.3422818791946118,0.8901038509786074
2.54408447265625,8.128377685546875,4.2983154296874995,1.3812080536912554,0.9440579808440906
5.11963134765625,3.9312585449218744,4.2983154296874995,2.3718120805369365,0.9325526593007918
3.7928344726562497,4.380252685546875,9.3691650390625,1.8483221476509786,0.9333541825634286
6.36838134765625,4.380252685546875,9.3691650390625,2.8791946308725818,0.957103870433029
3.7928344726562497,2.6818835449218748,9.3691650390625,1.8053691275167512,0.8901039921228628
3.7928344726562497,4.380252685546875,0.5858154296875,1.8456375838925894,0.8527536285068151
6.36838134765625,2.6818835449218748,0.5858154296875,2.829530201342373,0.8443320038737365
8.78783447265625,9.377752685546875,4.4191650390624995,3.8859060402687033,0.9831534156848988
1.37338134765625,9.377752685546875,4.4191650390624995,0.9181208053691161,0.9280854220823027
8.78783447265625,7.679383544921874,4.4191650390624995,3.8778523489935344,0.9791292624585707
8.78783447265625,9.377752685546875,5.5358154296875,3.8859060402687033,0.9841735103362227
1.37338134765625,7.679383544921874,5.5358154296875,0.9114093959731431,0.9163276654837766
6.29033447265625,1.8815026855468748,6.8941650390625,2.7570469798658523,0.8923675037193566
8.86588134765625,1.8815026855468748,6.8941650390625,3.786577181208286,0.9206171547931907
6.29033447265625,5.180633544921874,6.8941650390625,2.8590604026846593,0.9616837736236392
6.29033447265625,1.8815026855468748,8.0108154296875,2.7557046979866575,0.8947116661812111
8.86588134765625,5.180633544921874,8.0108154296875,3.889932885906288,0.9727251960205883
1.2953344726562501,6.879002685546874,1.9441650390625,0.8765100671140833,0.8719550389869042
3.87088134765625,6.879002685546874,1.9441650390625,1.9073825503355413,0.9374472603037021
1.2953344726562501,0.183133544921875,1.9441650390625,0.4026845637583871,0.03733642948408379
1.2953344726562501,6.879002685546874,3.0608154296875,0.8765100671140833,0.8878476677733603
3.87088134765625,0.183133544921875,3.0608154296875,0.413422818791944,0.03874869271870623
1.91970947265625,2.506190185546875,7.5129150390624995,1.0496644295301876,0.7926136102215944
1.99775634765625,2.506190185546875,7.5129150390624995,1.0805369127516635,0.7987756527147387
1.91970947265625,7.054696044921874,7.5129150390624995,1.1261744966442802,0.9302969372945326
1.91970947265625,2.506190185546875,4.9170654296875,1.0510067114093822,0.7792813736314477
1.99775634765625,7.054696044921874,4.9170654296875,1.157046979865756,0.9259384647585064
6.91470947265625,7.5036901855468745,2.5629150390625,3.127516778523625,0.9681288129545074
6.9927563476562495,7.5036901855468745,2.5629150390625,3.159731543624301,0.9685876485164466
6.91470947265625,2.057196044921875,2.5629150390625,3.0241610738256233,0.8853895151751177
6.91470947265625,7.5036901855468745,9.8670654296875,3.127516778523625,0.9775748346527876
6.9927563476562495,2.057196044921875,9.8670654296875,3.049664429530325,0.914823911230475
9.41220947265625,0.007440185546875,9.9879150390625,0.3999999999999979,0.0016233357385340228
4.49525634765625,0.007440185546875,9.9879150390625,0.3999999999999979,0.0016254413930264378
9.41220947265625,4.555946044921875,9.9879150390625,4.100671140939876,0.9715295585655599
9.41220947265625,0.007440185546875,7.3920654296874995,0.3999999999999979,0.0016093436490589941
4.49525634765625,4.555946044921875,7.3920654296874995,2.132885906040257,0.9424024503548868
4.41720947265625,5.004940185546874,5.0379150390625,2.107382550335555,0.9425908755669736
9.49025634765625,5.004940185546874,5.0379150390625,4.138255033557331,0.9708129597260609
4.41720947265625,9.553446044921875,5.0379150390625,2.1369127516778414,0.9705902478933828
4.41720947265625,5.004940185546874,2.4420654296875,2.10872483221475,0.9291126486746701
9.49025634765625,9.553446044921875,2.4420654296875,4.167785234899617,0.9809048198302641
3.16845947265625,1.2568151855468748,1.3254150390625001,1.3919463087248123,0.6247431020944261
8.24150634765625,1.2568151855468748,1.3254150390625001,3.4617449664431375,0.8110576147070945
3.16845947265625,8.304071044921875,1.3254150390625001,1.6335570469798415,0.9285992261680285
3.16845947265625,1.2568151855468748,3.6795654296875,1.426845637583872,0.6833229152140519
8.24150634765625,8.304071044921875,3.6795654296875,3.6630872483223618,0.9785190407041277
8.16345947265625,6.254315185546875,6.2754150390625,3.6187919463089324,0.9746292717492586
3.2465063476562497,6.254315185546875,6.2754150390625,1.6510067114093714,0.9441646780777924
8.16345947265625,3.3065710449218746,6.2754150390625,3.575838926174698,0.9510534215682531
8.16345947265625,6.254315185546875,8.6295654296875,3.6187919463089324,0.9761184872545589
3.2465063476562497,3.3065710449218746,8.6295654296875,1.608053691275144,0.8984489430557216
5.66595947265625,3.7555651855468746,3.8004150390625,2.587919463087304,0.9332173330143931
5.74400634765625,3.7555651855468746,3.8004150390625,2.618791946308785,0.933928684988782
5.66595947265625,0.8078210449218749,3.8004150390625,2.297986577181221,0.7005316362688311
5.66595947265625,3.7555651855468746,6.1545654296875,2.586577181208109,0.9402291829113516
5.74400634765625,0.8078210449218749,6.1545654296875,2.3315436241610916,0.7238940609006366
0.67095947265625,8.753065185546875,8.7504150390625,0.6348993288590541,0.9015805697567643
0.7490063476562501,8.753065185546875,8.7504150390625,0.66577181208053,0.9065119999069811
0.67095947265625,5.805321044921874,8.7504150390625,0.6174496644295242,0.8395008768998683
0.67095947265625,8.753065185546875,1.2045654296875001,0.6322147651006649,0.8408850100060572
0.7490063476562501,5.805321044921874,1.2045654296875001,0.6402684563758325,0.7740571859038847
0.9831469726562501,4.067908935546875,2.2535400390625,0.7154362416107305,0.7562912282627832
9.17806884765625,4.067908935546875,2.2535400390625,4.000000000000264,0.95183270808533
0.9831469726562501,4.243602294921875,2.2535400390625,0.7194630872483143,0.7669748961997498
0.9831469726562501,4.067908935546875,8.3201904296875,0.7208053691275089,0.8069108237317933
9.17806884765625,4.243602294921875,8.3201904296875,4.001342281879459,0.9676268412185707
5.9781469726562495,9.065408935546875,7.2035400390625,2.759731543624242,0.9778944889594097
4.18306884765625,9.065408935546875,7.2035400390625,2.0416107382550086,0.9699735795253835
5.9781469726562495,9.241102294921875,7.2035400390625,2.759731543624242,0.9782326602530458
5.9781469726562495,9.065408935546875,3.3701904296875003,2.759731543624242,0.9729965167019821
4.18306884765625,9.241102294921875,3.3701904296875003,2.0416107382550086,0.9641170767623071
8.47564697265625,1.5691589355468747,4.7285400390625,3.600000000000205,0.8931930802457284
6.68056884765625,1.5691589355468747,4.7285400390625,2.8832214765101662,0.8685347601455942
8.47564697265625,6.742352294921874,4.7285400390625,3.747651006711636,0.9757899011258343
8.47564697265625,1.5691589355468747,0.8951904296875,3.597315436241815,0.8274855638732934
6.68056884765625,6.742352294921874,0.8951904296875,3.0308724832215974,0.9399114609800354
3.48064697265625,6.566658935546874,9.6785400390625,1.7463087248321885,0.953084200179185
1.68556884765625,6.566658935546874,9.6785400390625,1.0281879194630739,0.9207852717812866
3.48064697265625,1.7448522949218748,9.6785400390625,1.6201342281878954,0.8166529552493564
3.48064697265625,6.566658935546874,5.8451904296874995,1.747651006711383,0.9491481714851281
1.68556884765625,1.7448522949218748,5.8451904296874995,0.8953020134228078,0.6446952235827903
4.72939697265625,0.31978393554687495,5.9660400390624995,0.8214765100671044,0.17307257319985137
0.43681884765625,0.31978393554687495,5.9660400390624995,0.4013422818791925,0.06614226367761206
4.72939697265625,0.495477294921875,5.9660400390624995,1.6053691275167548,0.46548419726361756
4.72939697265625,0.31978393554687495,9.5576904296875,0.8778523489932779,0.1903617360528057
0.43681884765625,0.495477294921875,9.5576904296875,0.4026845637583871,0.10180725642968896
9.72439697265625,5.317283935546874,1.0160400390625,4.2375838926177485,0.9483798649555588
5.43181884765625,5.317283935546874,1.0160400390625,2.5194630872483676,0.9183421297953536
9.72439697265625,5.492977294921874,1.0160400390625,4.238926174496943,0.949864798492049
9.72439697265625,5.317283935546874,4.6076904296875,4.234899328859359,0.9725033931168707
5.43181884765625,5.492977294921874,4.6076904296875,2.5194630872483676,0.9552994276601637
7.22689697265625,2.8185339355468746,8.4410400390625,3.183892617449808,0.9387289250753049
2.93431884765625,2.8185339355468746,8.4410400390625,1.4671140939597103,0.8698941197765544
7.22689697265625,7.9917272949218745,8.4410400390625,3.255033557047134,0.9793543665499979
7.22689697265625,2.8185339355468746,2.1326904296875,3.1879194630873924,0.9132425441687255
2.93431884765625,7.9917272949218745,2.1326904296875,1.5382550335570244,0.9358968001195787
2.2318969726562496,7.816033935546875,3.4910400390625003,1.2550335570469624,0.9323452815005333
7.92931884765625,7.816033935546875,3.4910400390625003,3.535570469798853,0.9758616456281173
2.2318969726562496,2.9942272949218744,3.4910400390625003,1.1959731543623997,0.8240427567102566
2.2318969726562496,7.816033935546875,7.0826904296875,1.2550335570469624,0.9428181799786735
7.92931884765625,2.9942272949218744,7.0826904296875,3.472483221476696,0.9456127671260884
1.60752197265625,2.1938464355468748,7.8222900390625,0.9073825503355593,0.72439029822158
6.05619384765625,2.1938464355468748,7.8222900390625,2.6859060402685264,0.9066925944162083
1.60752197265625,9.865789794921875,7.8222900390625,1.0134228187919332,0.9451214753814886
1.60752197265625,2.1938464355468748,5.2264404296875,0.9060402684563647,0.710244943718056
6.05619384765625,9.865789794921875,5.2264404296875,2.7932885906041127,0.9784474823020652
6.60252197265625,7.191346435546874,2.8722900390625004,3.001342281879311,0.9668976260157739
1.0611938476562501,7.191346435546874,2.8722900390625004,0.78523489932885,0.8784094352291194
6.60252197265625,4.868289794921875,2.8722900390625004,2.9812080536913887,0.9508354415352895
6.60252197265625,7.191346435546874,0.27644042968750004,2.995973154362532,0.9069086745539039
1.0611938476562501,4.868289794921875,0.27644042968750004,0.734228187919455,0.7108965354639383
9.10002197265625,4.692596435546874,5.3472900390625,3.9771812080539517,0.9679278571453687
8.55369384765625,4.692596435546874,5.3472900390625,3.7597315436243894,0.9661949678081971
9.10002197265625,2.3695397949218746,5.3472900390625,3.9140939597317947,0.9355685692208845
9.10002197265625,4.692596435546874,2.7514404296875004,3.9785234899331465,0.9610607579473303
8.55369384765625,2.3695397949218746,2.7514404296875004,3.6966442953022325,0.918405060516297
4.10502197265625,9.690096435546875,0.39729003906250004,2.0107382550335275,0.9121256307452149
3.55869384765625,9.690096435546875,0.39729003906250004,1.791946308724805,0.9051147439869338
4.10502197265625,7.367039794921874,0.39729003906250004,1.9999999999999691,0.8929540139369765
4.10502197265625,9.690096435546875,7.7014404296875,2.0120805369127224,0.9718115682047836
3.55869384765625,7.367039794921874,7.7014404296875,1.7838926174496375,0.9579268142845362
2.8562719726562498,3.4432214355468744,4.1097900390625,1.457718120805348,0.8767249291765908
4.80744384765625,3.4432214355468744,4.1097900390625,2.236241610738259,0.917855456959563
2.8562719726562498,6.1176647949218745,4.1097900390625,1.4939597315436024,0.9306077361194431
2.8562719726562498,3.4432214355468744,6.4639404296875,1.4563758389261534,0.8874946004001729
4.80744384765625,6.1176647949218745,6.4639404296875,2.275167785234909,0.9588618512982288
7.85127197265625,8.440721435546875,9.0597900390625,3.506040268456567,0.9820691836937606
9.80244384765625,8.440721435546875,9.0597900390625,4.293959731543931,0.9854980844935295
7.85127197265625,1.1201647949218747,9.0597900390625,3.2711409395974718,0.8563551097985508
7.85127197265625,8.440721435546875,1.5139404296875,3.5073825503357616,0.9677835678589859
9.80244384765625,1.1201647949218747,1.5139404296875,4.060402684564031,0.8241461819396795
5.35377197265625,0.944471435546875,1.6347900390625,2.2067114093959725,0.6839689525062482
2.3099438476562497,0.944471435546875,1.6347900390625,0.867114093959721,0.40240726754272516
5.35377197265625,3.6189147949218747,1.6347900390625,2.46174496644299,0.9035534985846446
5.35377197265625,0.944471435546875,3.9889404296875,2.2295302013422846,0.731770142531644
2.3099438476562497,3.6189147949218747,3.9889404296875,1.242953020134211,0.8618980473465235
0.35877197265625,5.941971435546875,6.5847900390625,0.4805369127516743,0.7455741151833546
7.30494384765625,5.941971435546875,6.5847900390625,3.2724832214766666,0.9706460419327437
0.35877197265625,8.616414794921875,6.5847900390625,0.5073825503355665,0.8525504551236263
0.35877197265625,5.941971435546875,8.9389404296875,0.4818791946308689,0.75362988173023
7.30494384765625,8.616414794921875,8.9389404296875,3.2885906040270045,0.9812596425033752
0.51486572265625,3.287049560546875,9.8332275390625,0.4765100671140905,0.5673722448622919
8.08541259765625,3.287049560546875,9.8332275390625,3.543624161074022,0.9538503374907661
0.51486572265625,0.026961669921875,9.8332275390625,0.3999999999999979,0.005876107511417262
0.51486572265625,3.287049560546875,7.5467529296875,0.4738255033557013,0.5593357470339182
8.08541259765625,0.026961669921875,7.5467529296875,0.4026845637583871,0.0058592810470716565
5.50986572265625,8.284549560546875,4.8832275390625,2.5691275167785763,0.9714902312515796
3.09041259765625,8.284549560546875,4.8832275390625,1.601342281879171,0.9543200475359561
5.50986572265625,5.024461669921875,4.8832275390625,2.5449664429530694,0.9522096010907495
5.50986572265625,8.284549560546875,2.5967529296875003,2.5691275167785763,0.9650947976615945
3.09041259765625,5.024461669921875,2.5967529296875003,1.5785234899328626,0.9091001789718107
8.00736572265625,0.7882995605468749,7.3582275390625,3.2241610738256528,0.7938118858721179
5.58791259765625,0.7882995605468749,7.3582275390625,2.259060402684571,0.716283602143919
8.00736572265625,7.523211669921874,7.3582275390625,3.5651006711411393,0.9794763022859545
8.00736572265625,0.7882995605468749,0.12175292968750001,2.9986577181209215,0.6109672135133475
5.58791259765625,7.523211669921874,0.12175292968750001,2.5812080536913298,0.883345841193194
3.01236572265625,5.785799560546875,2.4082275390625,1.5543624161073597,0.9170656523815339
0.59291259765625,5.785799560546875,2.4082275390625,0.5812080536912698,0.7803043217374935
3.01236572265625,2.5257116699218747,2.4082275390625,1.4899328859060186,0.8171964777099971
3.01236572265625,5.785799560546875,5.0717529296874995,1.5543624161073597,0.9332609784346806
0.59291259765625,2.5257116699218747,5.0717529296874995,0.4523489932885876,0.443605923835674
4.26111572265625,2.0376745605468747,3.6457275390625004,1.9610738255033255,0.8436916280941671
1.84166259765625,2.0376745605468747,3.6457275390625004,0.986577181208041,0.701848964901054
4.26111572265625,3.775086669921875,3.6457275390625004,2.0268456375838655,0.914966703290603
4.26111572265625,2.0376745605468747,8.7842529296875,1.9570469798657417,0.8664800222604037
1.84166259765625,3.775086669921875,8.7842529296875,1.0577181208053552,0.8653977277383775
9.25611572265625,7.035174560546874,8.5957275390625,4.061744966443226,0.9812781634443442
6.83666259765625,7.035174560546874,8.5957275390625,3.0926174496645595,0.9750576499083867
9.25611572265625,8.772586669921875,8.5957275390625,4.07114093959759,0.9851749507308786
9.25611572265625,7.035174560546874,3.8342529296875,4.061744966443226,0.9772837806192004
6.83666259765625,8.772586669921875,3.8342529296875,3.1020134228189233,0.9761758399776272
6.75861572265625,4.536424560546875,1.1707275390625,3.041610738255156,0.9252180928657777
4.33916259765625,4.536424560546875,1.1707275390625,2.0724832214764897,0.8957753107957924
6.75861572265625,6.273836669921875,1.1707275390625,3.059060402684689,0.9445592281305715
6.75861572265625,4.536424560546875,1.3592529296875002,3.041610738255156,0.9301119182488654
4.33916259765625,6.273836669921875,1.3592529296875002,2.0912751677852173,0.9270953582070254
1.76361572265625,9.533924560546875,6.1207275390625,1.075167785234885,0.9440419086632335
9.33416259765625,9.533924560546875,6.1207275390625,4.10469798657746,0.9856317735274422
1.76361572265625,1.2763366699218748,6.1207275390625,0.8322147651006613,0.5183432171356439
1.76361572265625,9.533924560546875,6.3092529296875,1.075167785234885,0.9443874884669046
9.33416259765625,1.2763366699218748,6.3092529296875,3.897986577181457,0.8861953433698042
2.38799072265625,0.163612060546875,0.5519775390625,0.40402684563758173,0.03210991022353728
7.46103759765625,0.163612060546875,0.5519775390625,0.42416107382550083,0.032324030624812074
2.38799072265625,5.649149169921874,0.5519775390625,1.2966442953019952,0.840856029661455
2.38799072265625,0.163612060546875,5.6905029296875,0.40671140939597095,0.03498991807941146
7.46103759765625,5.649149169921874,5.6905029296875,3.332885906040434,0.968777918525523
7.38299072265625,5.161112060546874,5.5019775390625,3.2966442953021735,0.9651385919010418
2.46603759765625,5.161112060546874,5.5019775390625,1.3288590604026658,0.9142882146470254
7.38299072265625,0.6516491699218749,5.5019775390625,2.899328859060504,0.7222200457415765
7.38299072265625,5.161112060546874,0.7405029296875,3.299328859060563,0.9231357897118995
2.46603759765625,0.6516491699218749,0.7405029296875,0.4778523489932851,0.14246363891171715
9.88049072265625,2.6623620605468745,3.0269775390625,4.241610738255333,0.9381058722575788
9.95853759765625,2.6623620605468745,3.0269775390625,4.272483221476814,0.938506047428179
9.88049072265625,3.1503991699218745,3.0269775390625,4.259060402684866,0.9477220422199379
9.88049072265625,2.6623620605468745,3.2155029296875,4.241610738255333,0.9392969307519716
9.95853759765625,3.1503991699218745,3.2155029296875,4.289932885906347,0.949076366822982
4.88549072265625,7.659862060546875,7.9769775390625,2.3154362416107537,0.9689245384288228
4.9635375976562495,7.659862060546875,7.9769775390625,2.3476510067114296,0.969539036556875
4.88549072265625,8.147899169921875,7.9769775390625,2.3181208053691433,0.9709246116704425
4.88549072265625,7.659862060546875,8.1655029296875,2.3154362416107537,0.969048527396148
4.9635375976562495,8.147899169921875,8.1655029296875,2.3489932885906244,0.9713627150662953
3.63674072265625,3.9117370605468746,6.7394775390624995,1.778523489932859,0.9186935086569585
3.7147875976562497,3.9117370605468746,6.7394775390624995,1.809395973154335,0.9199701787707899
3.63674072265625,9.397274169921875,6.7394775390624995,1.8241610738254757,0.967147295627748
3.63674072265625,3.9117370605468746,6.9280029296875,1.778523489932859,0.919093924637952
3.7147875976562497,9.397274169921875,6.9280029296875,1.8550335570469516,0.96779129726523
8.63174072265625,8.909237060546875,1.7894775390625002,3.8214765100673516,0.9741757720290554
8.70978759765625,8.909237060546875,1.7894775390625002,3.8536912751680275,0.9744999772155003
8.63174072265625,4.399774169921875,1.7894775390625002,3.787919463087481,0.948203754916814
8.63174072265625,8.909237060546875,1.9780029296875001,3.8214765100673516,0.975399583969855
8.70978759765625,4.399774169921875,1.9780029296875001,3.818791946308962,0.9507851816201307
6.13424072265625,1.4129870605468748,9.2144775390625,2.6402684563759022,0.8589040357575364
1.21728759765625,1.4129870605468748,9.2144775390625,0.5946308724832159,0.4135225993759998
6.13424072265625,1.9010241699218748,9.2144775390625,2.69530201342289,0.8956773644081373
6.13424072265625,1.4129870605468748,4.4530029296875,2.6442953020134867,0.8411594400409887
1.21728759765625,1.9010241699218748,4.4530029296875,0.6993288590603952,0.56336508119038
1.13924072265625,6.410487060546874,4.2644775390625,0.8107382550335476,0.8806713758375173
6.21228759765625,6.410487060546874,4.2644775390625,2.8402684563759317,0.9654348855614188
1.13924072265625,6.898524169921874,4.2644775390625,0.8134228187919368,0.8891644271386594
1.13924072265625,6.410487060546874,9.4030029296875,0.809395973154353,0.8966487292928409
6.21228759765625,6.898524169921874,9.4030029296875,2.8429530201343214,0.9728101700606749
0.82705322265625,1.7253308105468748,5.1926025390624995,0.45100671140939297,0.3360036331408456
4.0269750976562495,1.7253308105468748,5.1926025390624995,1.840268456375811,0.8204487868930967
0.82705322265625,2.838055419921875,5.1926025390624995,0.6067114093959673,0.632080149093414
0.82705322265625,1.7253308105468748,2.2873779296875,0.44295302013422533,0.3149031439884305
4.0269750976562495,2.838055419921875,2.2873779296875,1.9087248322147359,0.865657812175759
5.82205322265625,6.722830810546874,0.2426025390625,2.6778523489933574,0.892125737471865
9.02197509765625,6.722830810546874,0.2426025390625,3.959731543624419,0.9152157114968338
5.82205322265625,7.835555419921874,0.2426025390625,2.6859060402685264,0.9024587594312912
5.82205322265625,6.722830810546874,7.2373779296875,2.6859060402685264,0.9691089571420426
9.02197509765625,7.835555419921874,7.2373779296875,3.973154362416367,0.9824099547965927
8.31955322265625,4.224080810546875,7.6676025390625,3.6577181208055825,0.9639185814200244
1.5294750976562501,4.224080810546875,7.6676025390625,0.942281879194619,0.8619078243180099
8.31955322265625,5.336805419921874,7.6676025390625,3.6724832214767256,0.9716647784436362
8.31955322265625,4.224080810546875,9.7123779296875,3.6577181208055825,0.9652447443266698
1.5294750976562501,5.336805419921874,9.7123779296875,0.9557046979865651,0.8955588171082662
3.3245532226562498,9.221580810546875,2.7176025390625003,1.6979865771811826,0.9535123378278467
6.52447509765625,9.221580810546875,2.7176025390625003,2.979865771812194,0.9735617336400004
3.3245532226562498,0.33930541992187496,2.7176025390625003,0.42684563758389005,0.07210989915503602
3.3245532226562498,9.221580810546875,4.7623779296875,1.6979865771811826,0.960903036762958
6.52447509765625,0.33930541992187496,4.7623779296875,1.948993288590574,0.4108203421606208
4.57330322265625,2.9747058105468747,1.4801025390625002,2.132885906040257,0.8659579045981749
5.27572509765625,2.9747058105468747,1.4801025390625002,2.413422818791976,0.8791805637358645
4.57330322265625,1.5886804199218747,1.4801025390625002,2.038926174496619,0.7682462505379719
4.57330322265625,2.9747058105468747,1.0498779296875,2.1302013422818673,0.8501848459373323
5.27572509765625,1.5886804199218747,1.0498779296875,2.314093959731559,0.7722520695834727
9.56830322265625,7.972205810546874,6.4301025390625,4.191946308725124,0.9831911050369158
0.28072509765625003,7.972205810546874,6.4301025390625,0.46711409395972825,0.8052105521293276
9.56830322265625,6.586180419921875,6.4301025390625,4.183892617449955,0.9794292971519278
9.56830322265625,7.972205810546874,5.9998779296875,4.191946308725124,0.9829204414957164
0.28072509765625003,6.586180419921875,5.9998779296875,0.45100671140939297,0.7379164002564804
7.07080322265625,0.47595581054687497,3.9551025390625,2.57852348993294,0.5940750915419889
7.77322509765625,0.47595581054687497,3.9551025390625,2.871140939597413,0.6257362444367349
7.07080322265625,9.084930419921875,3.9551025390625,3.197315436241756,0.9779769209417284
7.07080322265625,0.47595581054687497,8.4748779296875,2.5986577181208625,0.6248563899831663
7.77322509765625,9.084930419921875,8.4748779296875,3.4778523489934754,0.9831329425712232
2.07580322265625,5.4734558105468745,8.9051025390625,1.1758389261744806,0.916183093160483
2.7782250976562497,5.4734558105468745,8.9051025390625,1.4563758389261534,0.9319628208118521
2.07580322265625,4.0874304199218745,8.9051025390625,1.157046979865756,0.8864049949918177
2.07580322265625,5.4734558105468745,3.5248779296875004,1.1771812080536752,0.8988608058210227
2.7782250976562497,4.0874304199218745,3.5248779296875004,1.4402684563758181,0.8899124273272583
1.45142822265625,4.848768310546874,4.5738525390625,0.9208053691275053,0.8642677762515396
0.90510009765625,4.848768310546874,4.5738525390625,0.7020134228187844,0.8175066819500616
1.45142822265625,8.460242919921875,4.5738525390625,0.9463087248322029,0.9235365079005047
1.45142822265625,4.848768310546874,4.1436279296875,0.9208053691275053,0.8612313537267192
0.90510009765625,8.460242919921875,4.1436279296875,0.727516778523482,0.8977093457971659
6.44642822265625,9.846268310546876,9.5238525390625,2.948993288590713,0.9818936490045289
5.90010009765625,9.846268310546876,9.5238525390625,2.7302013422819558,0.9803538017792072
6.44642822265625,3.4627429199218747,9.5238525390625,2.89261744966453,0.9461700829701829
6.44642822265625,9.846268310546876,9.0936279296875,2.948993288590713,0.9817546650473106
5.90010009765625,3.4627429199218747,9.0936279296875,2.673825503355773,0.941401360734518
8.94392822265625,2.350018310546875,2.0988525390625,3.8536912751680275,0.9132747622471773
3.40260009765625,2.350018310546875,2.0988525390625,1.6362416107382307,0.8143057506166964
8.94392822265625,0.963992919921875,2.0988525390625,3.6751677852351152,0.8023916376631661
8.94392822265625,2.350018310546875,6.6186279296874995,3.849664429530443,0.9366642750770147
3.40260009765625,0.963992919921875,6.6186279296874995,1.4483221476509858,0.6384217009922649
3.94892822265625,7.347518310546874,7.0488525390625,1.9395973154362118,0.9605077162662985
8.39760009765625,7.347518310546874,7.0488525390625,3.7194630872485446,0.9795916780178926
3.94892822265625,5.9614929199218745,7.0488525390625,1.9302013422818496,0.9510352187225899
3.94892822265625,7.347518310546874,1.6686279296875002,1.9409395973154064,0.9382366564433366
8.39760009765625,5.9614929199218745,1.6686279296875002,3.7114093959733756,0.9592883873011555
2.7001782226562496,1.1006433105468747,8.2863525390625,1.2026845637583727,0.6219917477907067
9.64635009765625,1.1006433105468747,8.2863525390625,3.983892617449926,0.877177131812064
2.7001782226562496,7.210867919921874,8.2863525390625,1.4389261744966235,0.9472230269995552
2.7001782226562496,1.1006433105468747,2.9061279296875,1.1771812080536752,0.575734402500307
9.64635009765625,7.210867919921874,2.9061279296875,4.220134228188216,0.9766689357176972
7.69517822265625,6.098143310546875,3.3363525390625,3.4308724832216564,0.9675200142844493
4.65135009765625,6.098143310546875,3.3363525390625,2.212080536912752,0.9496597294401408
7.69517822265625,2.2133679199218745,3.3363525390625,3.3449664429531873,0.9098719301645947
7.69517822265625,6.098143310546875,7.8561279296875,3.4308724832216564,0.9737757339254776
4.65135009765625,2.2133679199218745,7.8561279296875,2.124832214765088,0.8841181375867267
5.19767822265625,3.5993933105468745,5.8113525390625,2.3959731543624434,0.9320759324506249
7.14885009765625,3.5993933105468745,5.8113525390625,3.1771812080538337,0.9486146655221986
5.19767822265625,4.712117919921875,5.8113525390625,2.416107382550366,0.9484394534602638
5.19767822265625,3.5993933105468745,5.3811279296875,2.3959731543624434,0.9309633894482503
7.14885009765625,4.712117919921875,5.3811279296875,3.197315436241756,0.9603817132217529
0.20267822265625002,8.596893310546875,0.8613525390625,0.43087248322147387,0.7302954600906175
2.15385009765625,8.596893310546875,0.8613525390625,1.2281879194630703,0.8954774855793155
0.20267822265625002,9.709617919921875,0.8613525390625,0.4362416107382523,0.7621210177803637
0.20267822265625002,8.596893310546875,0.4311279296875,0.42818791946308465,0.7107496029724334
2.15385009765625,9.709617919921875,0.4311279296875,1.2281879194630703,0.8812196294120567
0.28072509765625003,4.614510498046875,6.1980712890625,0.42953020134227926,0.608120579441857
5.82205322265625,4.614510498046875,6.1980712890625,2.664429530201409,0.9528276024721779
0.28072509765625003,5.102547607421874,6.1980712890625,0.4348993288590577,0.6456860179049693
0.28072509765625003,4.614510498046875,3.7569091796875003,0.42818791946308465,0.5957648528952765
5.82205322265625,5.102547607421874,3.7569091796875003,2.6711409395973833,0.9519368549236891
5.27572509765625,9.612010498046875,1.2480712890625,2.4818791946309124,0.956330397603629
0.82705322265625,9.612010498046875,1.2480712890625,0.6993288590603952,0.8671121789786299
5.27572509765625,0.105047607421875,1.2480712890625,0.40805369127516555,0.021392270178996562
5.27572509765625,9.612010498046875,8.7069091796875,2.4805369127517176,0.9775868581546248
0.82705322265625,0.105047607421875,8.7069091796875,0.4013422818791925,0.02265389960515967
7.77322509765625,2.1157604980468747,8.6730712890625,3.3664429530203046,0.9234003364417592
8.31955322265625,2.1157604980468747,8.6730712890625,3.5852348993290617,0.9279838138323093
7.77322509765625,2.6037976074218747,8.6730712890625,3.393288590604201,0.9379850995018775
7.77322509765625,2.1157604980468747,6.2319091796874995,3.3677852348994994,0.9192290300080674
8.31955322265625,2.6037976074218747,6.2319091796874995,3.613422818792153,0.9384847888728998
2.7782250976562497,7.113260498046874,3.7230712890625,1.4697986577180995,0.937571075314509
3.3245532226562498,7.113260498046874,3.7230712890625,1.6885906040268204,0.9455632532687654
2.7782250976562497,7.601297607421874,3.7230712890625,1.4724832214764887,0.9416243187277777
2.7782250976562497,7.113260498046874,1.2819091796875002,1.471140939597294,0.908748836572668
3.3245532226562498,7.601297607421874,1.2819091796875002,1.6926174496644042,0.923921170102741
4.0269750976562495,0.8663854980468749,2.4855712890625004,1.6375838926174253,0.6047006584961536
4.57330322265625,0.8663854980468749,2.4855712890625004,1.8684563758388977,0.642798680119524
4.0269750976562495,8.850672607421876,2.4855712890625004,1.9785234899328554,0.9570915009257502
4.0269750976562495,0.8663854980468749,4.9944091796875,1.6617449664429282,0.6406651307394551
4.57330322265625,8.850672607421876,4.9944091796875,2.1973154362416087,0.9691019101800299
9.02197509765625,5.863885498046875,7.4355712890625,3.959731543624419,0.9761680222555413
9.56830322265625,5.863885498046875,7.4355712890625,4.178523489933176,0.9774662224250136
9.02197509765625,3.8531726074218744,7.4355712890625,3.9315436241613275,0.9629387914501188
9.02197509765625,5.863885498046875,9.9444091796875,3.958389261745224,0.9771535984350876
9.56830322265625,3.8531726074218744,9.9444091796875,4.150335570470085,0.9665128121485893
6.52447509765625,3.365135498046875,4.9605712890625,2.9208053691276215,0.9380934205128897
2.07580322265625,3.365135498046875,4.9605712890625,1.14362416107381,0.8470278029188782
6.52447509765625,1.3544226074218748,4.9605712890625,2.790604026845723,0.8462276006564671
6.52447509765625,3.365135498046875,7.4694091796875,2.9208053691276215,0.9429712915551911
2.07580322265625,1.3544226074218748,7.4694091796875,1.0013422818791817,0.6163921036259165
1.5294750976562501,8.362635498046876,9.9105712890625,0.9758389261744842,0.9347301127603471
7.07080322265625,8.362635498046876,9.9105712890625,3.1932885906041717,0.9803164146916357
1.5294750976562501,6.351922607421875,9.9105712890625,0.9651006711409273,0.9134481054443717
1.5294750976562501,8.362635498046876,2.5194091796875,0.9771812080536788,0.9108637582877475
7.07080322265625,6.351922607421875,2.5194091796875,3.183892617449808,0.9629547288266163
2.15385009765625,1.4910729980468749,4.3418212890625,1.0536912751677714,0.6445441052288684
8.94392822265625,1.4910729980468749,4.3418212890625,3.777181208053922,0.8907559914958743
2.15385009765625,0.729735107421875,4.3418212890625,0.614765100671135,0.24744164723427456
2.15385009765625,1.4910729980468749,0.6631591796875,0.9744966442952896,0.5339135787950211
8.94392822265625,0.729735107421875,0.6631591796875,3.4845637583894495,0.6801501349223711
7.14885009765625,6.488572998046874,9.2918212890625,3.214765100671289,0.974380334661819
3.94892822265625,6.488572998046874,9.2918212890625,1.9342281879194334,0.9571145879380942
7.14885009765625,5.727235107421874,9.2918212890625,3.208053691275315,0.9707218225306046
7.14885009765625,6.488572998046874,5.6131591796875,3.214765100671289,0.9717838799350904
3.94892822265625,5.727235107421874,5.6131591796875,1.9275167785234604,0.9464543634153889
9.64635009765625,3.9898229980468747,1.8668212890625002,4.186577181208345,0.9492140561428828
6.44642822265625,3.9898229980468747,1.8668212890625002,2.9060402684564783,0.9280931710845626
9.64635009765625,8.225985107421875,1.8668212890625002,4.225503355704995,0.9752868213007044
9.64635009765625,3.9898229980468747,8.0881591796875,4.183892617449955,0.9668670677869959
6.44642822265625,8.225985107421875,8.0881591796875,2.9436241610739335,0.9775854238121153
4.65135009765625,8.987322998046874,6.8168212890625,2.22818791946309,0.9718761387301861
1.45142822265625,8.987322998046874,6.8168212890625,0.9476510067113975,0.933804595093424
4.65135009765625,3.2284851074218746,6.8168212890625,2.1677852348993225,0.9192140523812092
4.65135009765625,8.987322998046874,3.1381591796875004,2.22818791946309,0.9653782125442207
1.45142822265625,3.2284851074218746,3.1381591796875004,0.8885906040268348,0.7751432521961705
3.40260009765625,2.7404479980468746,8.0543212890625,1.6510067114093714,0.8799344414334939
0.20267822265625002,2.7404479980468746,8.0543212890625,0.40939597315436016,0.4307306444470385
3.40260009765625,4.477860107421875,8.0543212890625,1.6939597315435988,0.9274036750246595
3.40260009765625,2.7404479980468746,1.9006591796875,1.6550335570469552,0.8345183387127026
0.20267822265625002,4.477860107421875,1.9006591796875,0.4147651006711386,0.5591712097603814
8.39760009765625,7.737947998046875,3.1043212890625003,3.7221476510069342,0.9758293539625251
5.19767822265625,7.737947998046875,3.1043212890625003,2.4416107382550676,0.9631778605209497
8.39760009765625,9.475360107421874,3.1043212890625003,3.730201342282103,0.9804604906349252
8.39760009765625,7.737947998046875,6.8506591796875,3.7221476510069342,0.9806347141294989
5.19767822265625,9.475360107421874,6.8506591796875,2.4483221476510417,0.9757952284777038
5.90010009765625,0.24169799804687497,5.5793212890624995,0.7020134228187844,0.11029131537384995
2.7001782226562496,0.24169799804687497,5.5793212890624995,0.4120805369127494,0.05173677507667736
5.90010009765625,6.976610107421874,5.5793212890624995,2.7181208053692023,0.9688750091017457
5.90010009765625,0.24169799804687497,9.3256591796875,0.78523489932885,0.12949862151999825
2.7001782226562496,6.976610107421874,9.3256591796875,1.437583892617429,0.9463858827671512
0.90510009765625,5.239197998046874,0.6293212890625,0.6885906040268384,0.7408961523041674
7.69517822265625,5.239197998046874,0.6293212890625,3.4241610738256822,0.9207330321106284
0.90510009765625,1.9791101074218747,0.6293212890625,0.4751677852348959,0.3505523939710278
0.90510009765625,5.239197998046874,4.3756591796875,0.7060402684563682,0.830840362979524
7.69517822265625,1.9791101074218747,4.3756591796875,3.3275167785236546,0.9060391341178267
1.21728759765625,0.554041748046875,8.9824462890625,0.413422818791944,0.11598894983870249
2.38799072265625,0.554041748046875,8.9824462890625,0.4563758389261714,0.13283462696567538
1.21728759765625,7.9136413574218745,8.9824462890625,0.8496644295301912,0.9200332320709227
1.21728759765625,0.554041748046875,6.5412841796875,0.413422818791944,0.1148423379569383
2.38799072265625,7.9136413574218745,6.5412841796875,1.318120805369109,0.9454417752284442
6.21228759765625,5.5515417480468745,4.0324462890625,2.8322147651007628,0.9591696519738365
7.38299072265625,5.5515417480468745,4.0324462890625,3.300671140939758,0.9649500685189234
6.21228759765625,2.916141357421875,4.0324462890625,2.782550335570554,0.9215023199068595
6.21228759765625,5.5515417480468745,1.5912841796875001,2.8335570469799576,0.9423316055234543
7.38299072265625,2.916141357421875,1.5912841796875001,3.255033557047134,0.9079153663471253
8.70978759765625,3.0527917480468747,6.5074462890625,3.786577181208286,0.9502478407877453
4.88549072265625,3.0527917480468747,6.5074462890625,2.256375838926181,0.9173012930452306
8.70978759765625,0.417391357421875,6.5074462890625,3.16778523489947,0.6379270180188006
8.70978759765625,3.0527917480468747,4.0662841796875,3.786577181208286,0.9445430132450641
4.88549072265625,0.417391357421875,4.0662841796875,1.4255033557046775,0.3669085603813913
3.7147875976562497,8.050291748046876,1.5574462890625,1.8510067114093678,0.938988491964198
9.88049072265625,8.050291748046876,1.5574462890625,4.318120805369438,0.9728645995011538
3.7147875976562497,5.414891357421874,1.5574462890625,1.833557046979838,0.9112613591410353
3.7147875976562497,8.050291748046876,9.0162841796875,1.8496644295301732,0.9638437132389042
9.88049072265625,5.414891357421874,9.0162841796875,4.297986577181516,0.976890997730516
4.9635375976562495,4.302166748046875,2.7949462890625,2.3167785234899485,0.9283572078090073
8.63174072265625,4.302166748046875,2.7949462890625,3.785234899329091,0.9556608642050934
4.9635375976562495,6.664266357421875,2.7949462890625,2.3422818791946503,0.9539306140106425
4.9635375976562495,4.302166748046875,5.3037841796875,2.3167785234899485,0.9400832113928048
8.63174072265625,6.664266357421875,5.3037841796875,3.809395973154598,0.9765812953670056
9.95853759765625,9.299666748046874,7.7449462890625,4.358389261745283,0.9868569341085635
3.63674072265625,9.299666748046874,7.7449462890625,1.822818791946281,0.9673894980822457
9.95853759765625,1.6667663574218747,7.7449462890625,4.202684563758683,0.9208161238586803
9.95853759765625,9.299666748046874,0.3537841796875,4.354362416107699,0.9447714408003078
3.63674072265625,1.6667663574218747,0.3537841796875,1.6053691275167548,0.6622312288003149
7.46103759765625,1.8034167480468748,0.3199462890625,3.175838926174639,0.7856332080317229
6.13424072265625,1.8034167480468748,0.3199462890625,2.6389261744967074,0.7596691685760948
7.46103759765625,4.1655163574218745,0.3199462890625,3.3046979865773425,0.8789383469906561
7.46103759765625,1.8034167480468748,2.8287841796875,3.221476510067263,0.881400710610714
6.13424072265625,4.1655163574218745,2.8287841796875,2.783892617449749,0.9384916938093064
2.46603759765625,6.800916748046874,5.2699462890625,1.3436241610738064,0.9349942035936503
1.13924072265625,6.800916748046874,5.2699462890625,0.8134228187919368,0.8931740080305208
2.46603759765625,9.163016357421876,5.2699462890625,1.3543624161073633,0.9519514458543723
2.46603759765625,6.800916748046874,7.7787841796875,1.3422818791946118,0.9392974892862591
1.13924072265625,9.163016357421876,7.7787841796875,0.8241610738254936,0.9274736479689696
1.84166259765625,3.6774792480468745,0.9386962890625,1.0469798657717984,0.773566251056824
3.01236572265625,3.6774792480468745,0.9386962890625,1.5221476510066891,0.830102758410111
1.84166259765625,3.5408288574218747,0.9386962890625,1.0429530201342145,0.7662380323886877
1.84166259765625,3.6774792480468745,9.6350341796875,1.055033557046966,0.8630634316804542
3.01236572265625,3.5408288574218747,9.6350341796875,1.5194630872483,0.9008996316880686
6.83666259765625,8.674979248046876,5.8886962890625,3.1020134228189233,0.97860084248066
8.00736572265625,8.674979248046876,5.8886962890625,3.5704697986579186,0.981477396315293
6.83666259765625,8.538328857421876,5.8886962890625,3.1006711409397285,0.9781242341820049
6.83666259765625,8.674979248046876,4.6850341796874995,3.1020134228189233,0.9773288393695034
8.00736572265625,8.538328857421876,4.6850341796874995,3.5704697986579186,0.98009624549327
9.33416259765625,1.1787292480468747,3.4136962890625,3.8832214765103137,0.8598792661754864
0.51486572265625,1.1787292480468747,3.4136962890625,0.41073825503355477,0.21843230395994018
9.33416259765625,6.0395788574218745,3.4136962890625,4.085906040268733,0.9726339633146117
9.33416259765625,1.1787292480468747,2.2100341796875003,3.887248322147898,0.8429578061883041
0.51486572265625,6.0395788574218745,2.2100341796875003,0.5489932885905993,0.7686280095022922
4.33916259765625,6.176229248046875,8.3636962890625,2.087248322147633,0.957386266129808
5.50986572265625,6.176229248046875,8.3636962890625,2.555704697986628,0.9652352662820062
4.33916259765625,1.042078857421875,8.3636962890625,1.8496644295301732,0.7365786247354771
4.33916259765625,6.176229248046875,7.1600341796875,2.087248322147633,0.9562406601825206
5.50986572265625,1.042078857421875,7.1600341796875,2.3181208053691433,0.7821417921628541
3.09041259765625,2.428104248046875,7.1261962890624995,1.5140939597315215,0.851010416508517
6.75861572265625,2.428104248046875,7.1261962890624995,2.979865771812194,0.9223111748674786
3.09041259765625,2.2914538574218746,7.1261962890624995,1.5060402684563539,0.8415801469760736
3.09041259765625,2.428104248046875,8.3975341796875,1.512751677852327,0.8542359174519991
6.75861572265625,2.2914538574218746,8.3975341796875,2.971812080537025,0.9196485347232539
8.08541259765625,7.4256042480468745,2.1761962890625,3.5959731543626203,0.9700241962050721
1.76361572265625,7.4256042480468745,2.1761962890625,1.0671140939597175,0.9038637422508846
8.08541259765625,7.288953857421874,2.1761962890625,3.5959731543626203,0.9695597669734792
8.08541259765625,7.4256042480468745,3.4475341796875,3.5959731543626203,0.9748922485095906
1.76361572265625,7.288953857421874,3.4475341796875,1.0657718120805229,0.9150884497965172
5.58791259765625,4.926854248046874,9.6011962890625,2.5744966442953556,0.9575178650691943
9.25611572265625,4.926854248046874,9.6011962890625,4.042953020134498,0.9731710206199855
5.58791259765625,9.787703857421874,9.6011962890625,2.6053691275168367,0.9793202855099721
5.58791259765625,4.926854248046874,0.9725341796875,2.57852348993294,0.9130571825003724
9.25611572265625,9.787703857421874,0.9725341796875,4.075167785235174,0.9687788027688726
0.59291259765625,9.924354248046875,4.6511962890625,0.608053691275162,0.8974340347371526
4.26111572265625,9.924354248046875,4.6511962890625,2.0751677852348793,0.9701586484373679
0.59291259765625,4.790203857421875,4.6511962890625,0.5691275167785184,0.7531916413102275
0.59291259765625,9.924354248046875,5.9225341796875,0.608053691275162,0.9028217407354476
4.26111572265625,4.790203857421875,5.9225341796875,2.0429530201342034,0.9404810261293705
0.43681884765625,1.9595886230468746,1.7121337890625001,0.4147651006711386,0.32189456840091635
0.9831469726562501,1.9595886230468746,1.7121337890625001,0.5557046979865723,0.44120555593590394
0.43681884765625,6.508094482421875,1.7121337890625001,0.5181208053691233,0.7564756758503525
0.43681884765625,1.9595886230468746,7.0053466796874995,0.4174496644295278,0.34258248411722164
0.9831469726562501,6.508094482421875,7.0053466796874995,0.7476510067114011,0.8838612655515052
5.43181884765625,6.957088623046874,6.6621337890625,2.5302013422819263,0.9676223915004676
5.9781469726562495,6.957088623046874,6.6621337890625,2.7489932885906834,0.9702569998563613
5.43181884765625,1.5105944824218749,6.6621337890625,2.374496644295326,0.8465510598752413
5.43181884765625,6.957088623046874,2.0553466796875,2.531543624161121,0.9538098631936578
5.9781469726562495,1.5105944824218749,2.0553466796875,2.5986577181208625,0.8172588500471851
7.92931884765625,4.458338623046875,4.1871337890625,3.506040268456567,0.959314153180148
3.48064697265625,4.458338623046875,4.1871337890625,1.7261744966442694,0.9184458246989914
7.92931884765625,4.0093444824218745,4.1871337890625,3.497986577181398,0.9545994233302743
7.92931884765625,4.458338623046875,4.5303466796875,3.506040268456567,0.9601639738695693
3.48064697265625,4.0093444824218745,4.5303466796875,1.7181208053691017,0.9108224343384146
2.93431884765625,9.455838623046875,9.1371337890625,1.5422818791946082,0.963069131649677
8.47564697265625,9.455838623046875,9.1371337890625,3.7651006711411688,0.9853895881473872
2.93431884765625,9.006844482421876,9.1371337890625,1.5409395973154136,0.9612276571702367
2.93431884765625,9.455838623046875,9.4803466796875,1.5422818791946082,0.963273456023686
8.47564697265625,9.006844482421876,9.4803466796875,3.7610738255035843,0.9845807255601002
4.18306884765625,3.2089636230468748,5.4246337890625,1.97986577181205,0.9072549462835386
9.72439697265625,3.2089636230468748,5.4246337890625,4.197315436241904,0.9556158654636164
4.18306884765625,7.757469482421874,5.4246337890625,2.0348993288590345,0.9622609575974056
4.18306884765625,3.2089636230468748,5.7678466796875,1.97986577181205,0.908412518187915
9.72439697265625,7.757469482421874,5.7678466796875,4.253691275168086,0.9825587911091883
9.17806884765625,8.206463623046876,0.4746337890625,4.038926174496914,0.944375689794162
4.72939697265625,8.206463623046876,0.4746337890625,2.256375838926181,0.9141431505344406
9.17806884765625,2.759969482421875,0.4746337890625,3.958389261745224,0.8721571624074107
9.17806884765625,8.206463623046876,0.8178466796875,4.038926174496914,0.9589497126353134
4.72939697265625,2.759969482421875,0.8178466796875,2.181208053691271,0.8323125348032583
6.68056884765625,0.710213623046875,7.8996337890625,2.6536912751678505,0.733357171405141
7.22689697265625,0.710213623046875,7.8996337890625,2.871140939597413,0.7513881978742927
6.68056884765625,0.261219482421875,7.8996337890625,1.5221476510066891,0.2793996577924282
6.68056884765625,0.710213623046875,3.2928466796875,2.6523489932886557,0.6985754607104199
7.22689697265625,0.261219482421875,3.2928466796875,1.676510067114069,0.29027181354618564
1.68556884765625,5.707713623046875,2.9496337890625,1.02416107382549,0.8835761800627268
2.2318969726562496,5.707713623046875,2.9496337890625,1.2416107382550163,0.9027489761235548
1.68556884765625,5.258719482421874,2.9496337890625,1.0187919463087116,0.8732143902046474
1.68556884765625,5.707713623046875,8.2428466796875,1.0214765100671008,0.9062805569507142
2.2318969726562496,5.258719482421874,8.2428466796875,1.236241610738238,0.9160922923558072
2.3099438476562497,3.8336511230468746,8.5183837890625,1.2456375838926002,0.8867925709124347
4.10502197265625,3.8336511230468746,8.5183837890625,1.9637583892617148,0.9274727376853487
2.3099438476562497,2.135281982421875,8.5183837890625,1.1852348993288429,0.7903215517693858
2.3099438476562497,3.8336511230468746,8.8615966796875,1.2456375838926002,0.8874389416962724
4.10502197265625,2.135281982421875,8.8615966796875,1.9006711409395682,0.8687011346868869
7.30494384765625,8.831151123046874,3.5683837890625,3.2899328859061994,0.977218707009833
9.10002197265625,8.831151123046874,3.5683837890625,4.009395973154628,0.9814685058633377
7.30494384765625,7.132781982421874,3.5683837890625,3.2818791946310304,0.9716401123412863
7.30494384765625,8.831151123046874,3.9115966796875004,3.2899328859061994,0.977881527089459
9.10002197265625,7.132781982421874,3.9115966796875004,4.000000000000264,0.9774065855831602
9.80244384765625,1.3349011230468748,6.0433837890625,4.095302013423097,0.8950717969435873
1.60752197265625,1.3349011230468748,6.0433837890625,0.7731543624160986,0.501817776108088
9.80244384765625,9.631531982421874,6.0433837890625,4.2926174496647365,0.986412428511334
9.80244384765625,1.3349011230468748,1.4365966796875,4.103355704698266,0.8464606326374204
1.60752197265625,9.631531982421874,1.4365966796875,1.0134228187919332,0.9078498333023844
4.80744384765625,6.332401123046874,1.0933837890625,2.2791946308724933,0.9261764042460081
6.60252197265625,6.332401123046874,1.0933837890625,2.9973154362417267,0.942070796036863
4.80744384765625,4.634031982421875,1.0933837890625,2.2617449664429605,0.9024229715667765
4.80744384765625,6.332401123046874,6.3865966796875,2.2765100671141036,0.9601379129059704
6.60252197265625,4.634031982421875,6.3865966796875,2.9771812080538043,0.9582247698951665
3.55869384765625,0.085526123046875,4.8058837890624995,0.40536912751677634,0.01834298779671084
5.35377197265625,0.085526123046875,4.8058837890624995,0.40805369127516555,0.01844026955004924
3.55869384765625,3.3846569824218746,4.8058837890624995,1.7355704697986316,0.8974424109775524
3.55869384765625,0.085526123046875,7.6240966796875,0.40536912751677634,0.018606972880739082
5.35377197265625,3.3846569824218746,7.6240966796875,2.452348993288626,0.932794506730468
8.55369384765625,5.083026123046874,9.7558837890625,3.763758389261974,0.9721131635761883
0.35877197265625,5.083026123046874,9.7558837890625,0.46442953020133904,0.6900238317578609
8.55369384765625,8.382156982421876,9.7558837890625,3.787919463087481,0.9835827461285996
8.55369384765625,5.083026123046874,2.6740966796875,3.7651006711411688,0.9616478346646886
0.35877197265625,8.382156982421876,2.6740966796875,0.5033557046979826,0.8185392529437971
6.05619384765625,2.5842761230468745,2.3308837890625003,2.7100671140940333,0.8940832909522352
7.85127197265625,2.5842761230468745,2.3308837890625003,3.426845637584072,0.9146404578723901
6.05619384765625,5.883406982421874,2.3308837890625003,2.7731543624161903,0.9526429892620732
6.05619384765625,2.5842761230468745,0.1990966796875,2.664429530201409,0.7960063153573662
7.85127197265625,5.883406982421874,0.1990966796875,3.4791946308726702,0.8950531629522838
1.0611938476562501,7.5817761230468745,7.2808837890625,0.78523489932885,0.9061833083271804
2.8562719726562498,7.5817761230468745,7.2808837890625,1.5033557046979646,0.9508676087495209
1.0611938476562501,0.8859069824218749,7.2808837890625,0.4214765100671116,0.18004189887799776
1.0611938476562501,7.5817761230468745,5.1490966796875,0.7865771812080447,0.900298366853318
2.8562719726562498,0.8859069824218749,5.1490966796875,1.1664429530201184,0.5280629991084722
0.7490063476562501,2.8966198730468746,3.2590087890625004,0.5651006711409345,0.5904486290454983
6.91470947265625,2.8966198730468746,3.2590087890625004,3.064429530201468,0.9237472746290842
0.7490063476562501,9.319188232421874,3.2590087890625004,0.6684563758389193,0.8920563568310518
0.7490063476562501,2.8966198730468746,2.9834716796875003,0.5637583892617399,0.5863670203894367
6.91470947265625,9.319188232421874,2.9834716796875003,3.135570469798794,0.9758966161192546
5.74400634765625,7.894119873046875,8.2090087890625,2.6604026845638247,0.9740156036724053
1.91970947265625,7.894119873046875,8.2090087890625,1.130201342281864,0.938654618551295
5.74400634765625,4.321688232421875,8.2090087890625,2.628187919463149,0.9513692456955791
5.74400634765625,7.894119873046875,7.9334716796875,2.6604026845638247,0.9738597558794009
1.91970947265625,4.321688232421875,7.9334716796875,1.099328859060388,0.8850891748824041
8.24150634765625,0.397869873046875,0.7840087890625,2.6617449664430195,0.47881994626970487
9.41220947265625,0.397869873046875,0.7840087890625,3.174496644295444,0.5260185240052345
8.24150634765625,1.8229382324218748,0.7840087890625,3.5302013422820737,0.8377415270859399
8.24150634765625,0.397869873046875,5.4584716796874995,2.93154362416118,0.5943885012288295
9.41220947265625,1.8229382324218748,5.4584716796874995,4.000000000000264,0.9188079376555547
3.2465063476562497,5.395369873046874,5.7340087890625,1.6429530201342037,0.933746854881146
4.41720947265625,5.395369873046874,5.7340087890625,2.1114093959731397,0.9482648825699324
3.2465063476562497,6.820438232421874,5.7340087890625,1.6550335570469552,0.9479555105359522
3.2465063476562497,5.395369873046874,0.5084716796875001,1.63892617449662,0.8570808762667004
4.41720947265625,6.820438232421874,0.5084716796875001,2.123489932885893,0.8995988369974313
4.49525634765625,1.6472448730468747,9.4465087890625,2.016107382550307,0.8428238454716812
3.16845947265625,1.6472448730468747,9.4465087890625,1.4859060402684348,0.7888473494632673
4.49525634765625,5.571063232421874,9.4465087890625,2.1449664429530104,0.9549520588751217
4.49525634765625,1.6472448730468747,4.2209716796875,2.0201342281878913,0.8212935246358422
3.16845947265625,5.571063232421874,4.2209716796875,1.614765100671117,0.9301708756212119
9.49025634765625,6.644744873046874,4.4965087890625,4.153020134228474,0.9775537422811762
8.16345947265625,6.644744873046874,4.4965087890625,3.622818791946517,0.9743090702137729
9.49025634765625,0.573563232421875,4.4965087890625,3.6818791946310894,0.74032964477424
9.49025634765625,6.644744873046874,9.1709716796875,4.153020134228474,0.980797327939666
8.16345947265625,0.573563232421875,9.1709716796875,3.144966442953158,0.7287266931221779
6.9927563476562495,4.145994873046875,6.9715087890625,3.1261744966444303,0.956318027329371
0.67095947265625,4.145994873046875,6.9715087890625,0.5919463087248267,0.7427135032010047
6.9927563476562495,3.0723132324218745,6.9715087890625,3.0993288590605337,0.94038953932063
6.9927563476562495,4.145994873046875,6.6959716796875,3.1261744966444303,0.9559855871745362
0.67095947265625,3.0723132324218745,6.6959716796875,0.54630872483221,0.6132547795512968
1.99775634765625,9.143494873046874,2.0215087890625,1.167785234899313,0.9252269040116422
5.66595947265625,9.143494873046874,2.0215087890625,2.6362416107383178,0.9659403800700259
1.99775634765625,8.069813232421875,2.0215087890625,1.1637583892617291,0.9157095167052642
1.99775634765625,9.143494873046874,1.7459716796875002,1.167785234899313,0.9208866027025984
5.66595947265625,8.069813232421875,1.7459716796875002,2.6308724832215384,0.9585280687651745
1.37338134765625,1.0225573730468749,6.3527587890624995,0.46442953020133904,0.23125222490661151
7.53908447265625,1.0225573730468749,6.3527587890624995,3.1234899328860406,0.8284198149801442
1.37338134765625,4.946375732421875,6.3527587890624995,0.8899328859060294,0.8706693629756981
1.37338134765625,1.0225573730468749,1.1272216796875,0.4362416107382523,0.1924431325303546
7.53908447265625,4.946375732421875,1.1272216796875,3.3583892617451356,0.9354230082673252
6.36838134765625,6.020057373046875,1.4027587890625002,2.900671140939699,0.9446272538396449
2.54408447265625,6.020057373046875,1.4027587890625002,1.3704697986576986,0.8916528376118638
6.36838134765625,9.943875732421875,1.4027587890625002,2.9194630872484266,0.9658682021988021
6.36838134765625,6.020057373046875,6.0772216796875,2.899328859060504,0.9668555336796381
2.54408447265625,9.943875732421875,6.0772216796875,1.3879194630872285,0.958086599197167
8.86588134765625,3.5213073730468745,8.8277587890625,3.8617449664431964,0.9598348072332052
5.0415844726562495,3.5213073730468745,8.8277587890625,2.3315436241610916,0.9337199998506267
8.86588134765625,7.445125732421874,8.8277587890625,3.9073825503358206,0.9816574139903682
8.86588134765625,3.5213073730468745,8.5522216796875,3.8617449664431964,0.959637113298399
5.0415844726562495,7.445125732421874,8.5522216796875,2.377181208053716,0.9692892230215092
3.87088134765625,8.518807373046876,3.8777587890625003,1.9140939597315143,0.9602901389579027
0.04658447265625,8.518807373046876,3.8777587890625003,0.40536912751677634,0.7547583107864542
3.87088134765625,2.4476257324218746,3.8777587890625003,1.8281879194630595,0.8609163910049675
3.87088134765625,8.518807373046876,3.6022216796875,1.9140939597315143,0.9593978699375567
0.04658447265625,2.4476257324218746,3.6022216796875,0.4013422818791925,0.38391448938633255
2.62213134765625,4.770682373046874,0.16525878906250002,1.3583892617449471,0.7884569870033993
1.2953344726562501,4.770682373046874,0.16525878906250002,0.8214765100671044,0.7157022304713796
2.62213134765625,1.1982507324218747,0.16525878906250002,1.0147651006711278,0.45131697967531603
2.62213134765625,4.770682373046874,2.3647216796875004,1.3879194630872285,0.8890901996889871
1.2953344726562501,1.1982507324218747,2.3647216796875004,0.48724832214764735,0.26756066279293234
7.61713134765625,9.768182373046875,5.1152587890625,3.418791946308903,0.9823459400899711
6.29033447265625,9.768182373046875,5.1152587890625,2.8872483221477507,0.9789186782663075
7.61713134765625,6.195750732421875,5.1152587890625,3.4000000000001753,0.971431460724216
7.61713134765625,9.768182373046875,7.3147216796875,3.417449664429708,0.9835976732987373
6.29033447265625,6.195750732421875,7.3147216796875,2.868456375839023,0.968483882127145
5.11963134765625,2.271932373046875,2.6402587890625,2.319463087248338,0.8678670694978687
3.7928344726562497,2.271932373046875,2.6402587890625,1.7892617449664159,0.8333546257945749
5.11963134765625,8.694500732421876,2.6402587890625,2.414765100671171,0.9648728711331873
5.11963134765625,2.271932373046875,9.7897216796875,2.3154362416107537,0.8991079614263687
3.7928344726562497,8.694500732421876,9.7897216796875,1.8832214765100384,0.9674939708215227
0.12463134765625,7.269432373046874,7.5902587890625,0.4147651006711386,0.730911134359467
8.78783447265625,7.269432373046874,7.5902587890625,3.8751677852351447,0.9805036878301624
0.12463134765625,3.6970007324218748,7.5902587890625,0.40805369127516555,0.5209390747235348
0.12463134765625,7.269432373046874,4.8397216796875,0.4147651006711386,0.7228113943780621
8.78783447265625,3.6970007324218748,4.8397216796875,3.8348993288593,0.9566938438383488
0.16365478515625,2.7014050292968745,0.2812744140625,0.40536912751677634,0.38590965781279346
4.53427978515625,2.7014050292968745,0.2812744140625,2.068456375838905,0.7794861856921436
0.16365478515625,7.640340576171874,0.2812744140625,0.4161073825503332,0.6715322601784434
0.16365478515625,2.7014050292968745,5.1104248046875,0.40671140939597095,0.41872507407927706
4.53427978515625,7.640340576171874,5.1104248046875,2.1758389261744915,0.9638552125323044
5.15865478515625,7.698905029296874,5.2312744140625,2.4255033557047296,0.967938391919416
9.52927978515625,7.698905029296874,5.2312744140625,4.1744966442955915,0.9815458695932062
5.15865478515625,2.6428405761718747,5.2312744140625,2.3503355704698192,0.9045279401168964
5.15865478515625,7.698905029296874,0.1604248046875,2.413422818791976,0.8854463318937726
9.52927978515625,2.6428405761718747,0.1604248046875,4.057718120805641,0.8379291904065042
7.65615478515625,0.20265502929687498,2.7562744140625,0.9812080536912626,0.13409040959754176
2.03677978515625,0.20265502929687498,2.7562744140625,0.40671140939597095,0.04203122388989995
7.65615478515625,0.14409057617187498,2.7562744140625,0.42684563758389005,0.03153210418813646
7.65615478515625,0.20265502929687498,2.6354248046875,0.9651006711409273,0.13119660890757912
2.03677978515625,0.14409057617187498,2.6354248046875,0.40402684563758173,0.029902981230058752
2.66115478515625,5.200155029296875,7.7062744140625,1.406711409395953,0.924288817203426
7.03177978515625,5.200155029296875,7.7062744140625,3.1557046979867165,0.966099489346883
2.66115478515625,5.1415905761718745,7.7062744140625,1.406711409395953,0.9236248863241978
2.66115478515625,5.200155029296875,7.5854248046875,1.406711409395953,0.9240905110128586
7.03177978515625,5.1415905761718745,7.5854248046875,3.1557046979867165,0.9657026008152299
3.90990478515625,1.4520300292968749,6.4687744140625,1.7597315436241345,0.7883358392833675
5.78302978515625,1.4520300292968749,6.4687744140625,2.507382550335614,0.8480548750708988
3.90990478515625,6.390965576171874,6.4687744140625,1.9181208053690981,0.9533293209394786
3.90990478515625,1.4520300292968749,6.3479248046875,1.7597315436241345,0.7877355484155342
5.78302978515625,6.390965576171874,6.3479248046875,2.667114093959799,0.966241073036896
8.90490478515625,6.4495300292968745,1.5187744140625001,3.9181208053693792,0.9624812643918195
0.78802978515625,6.4495300292968745,1.5187744140625001,0.66577181208053,0.8117811976089508
8.90490478515625,1.3934655761718748,1.5187744140625001,3.75436241610761,0.8433398212209701
8.90490478515625,6.4495300292968745,1.3979248046875001,3.9181208053693792,0.9608354271978077
0.78802978515625,1.3934655761718748,1.3979248046875001,0.4214765100671116,0.24525013482428737
6.40740478515625,3.9507800292968747,8.9437744140625,2.8872483221477507,0.9522207754442088
8.28052978515625,3.9507800292968747,8.9437744140625,3.63758389261766,0.9621874668892462
6.40740478515625,3.8922155761718744,8.9437744140625,2.885906040268556,0.9514511443557816
6.40740478515625,3.9507800292968747,3.8729248046875004,2.8885906040269456,0.9432436059083817
8.28052978515625,3.8922155761718744,3.8729248046875004,3.636241610738465,0.9540083628945241
1.41240478515625,8.948280029296875,3.9937744140625004,0.9328859060402568,0.9241355794451889
3.2855297851562497,8.948280029296875,3.9937744140625004,1.6818791946308473,0.9574651962704165
1.41240478515625,8.889715576171875,3.9937744140625004,0.9328859060402568,0.9237331888989021
1.41240478515625,8.948280029296875,8.8229248046875,0.9315436241610622,0.935122122738683
3.2855297851562497,8.889715576171875,8.8229248046875,1.6805369127516527,0.96366751672373
2.03677978515625,0.8273425292968749,9.5625244140625,0.7140939597315359,0.3367755737789283
0.16365478515625,0.8273425292968749,9.5625244140625,0.4013422818791925,0.16231250237464215
2.03677978515625,3.2675280761718746,9.5625244140625,1.123489932885891,0.8557401586097207
2.03677978515625,0.8273425292968749,8.2041748046875,0.7073825503355629,0.3314729424362064
0.16365478515625,3.2675280761718746,8.2041748046875,0.40939597315436016,0.484473056864028
7.03177978515625,5.824842529296874,4.6125244140624995,3.1624161073826906,0.9663735405927418
5.15865478515625,5.824842529296874,4.6125244140624995,2.413422818791976,0.956046959321885
7.03177978515625,8.265028076171875,4.6125244140624995,3.1785234899330286,0.9766754304735574
7.03177978515625,5.824842529296874,3.2541748046875,3.1624161073826906,0.9627166133073832
5.15865478515625,8.265028076171875,3.2541748046875,2.4281879194631193,0.9658416700694492
9.52927978515625,3.326092529296875,7.0875244140625,4.122147651006993,0.9586634966560841
2.66115478515625,3.326092529296875,7.0875244140625,1.3744966442952824,0.878658992430116
9.52927978515625,5.766278076171875,7.0875244140625,4.161073825503643,0.9766551203954196
9.52927978515625,3.326092529296875,0.7791748046875,4.126174496644578,0.9098910451209218
2.66115478515625,5.766278076171875,0.7791748046875,1.4120805369127314,0.8661693750607151
4.53427978515625,8.323592529296874,2.1375244140625003,2.179865771812076,0.9560120282149691
7.65615478515625,8.323592529296874,2.1375244140625003,3.4295302013424616,0.9718571292822316
4.53427978515625,0.768778076171875,2.1375244140625003,1.7838926174496375,0.5897074619477513
4.53427978515625,8.323592529296874,5.7291748046875,2.178523489932881,0.9676776094098486
7.65615478515625,0.768778076171875,5.7291748046875,3.0778523489934164,0.7723430303534056
3.2855297851562497,4.5754675292968745,3.3750244140625,1.6496644295301768,0.9118376502193928
8.90490478515625,4.5754675292968745,3.3750244140625,3.897986577181457,0.9619328049384868
3.2855297851562497,2.018153076171875,3.3750244140625,1.5691275167785004,0.8032408577715024
3.2855297851562497,4.5754675292968745,9.4416748046875,1.6483221476509822,0.9286447043823669
8.90490478515625,2.018153076171875,9.4416748046875,3.8120805369129878,0.9297706923048699
8.28052978515625,9.572967529296875,8.3250244140625,3.683221476510284,0.9850025037733556
3.90990478515625,9.572967529296875,8.3250244140625,1.9328859060402388,0.9705033982073537
8.28052978515625,7.0156530761718745,8.3250244140625,3.6711409395975307,0.9790211881479189
8.28052978515625,9.572967529296875,4.4916748046874995,3.683221476510284,0.9826259722326073
3.90990478515625,7.0156530761718745,4.4916748046874995,1.922147651006682,0.9538778665069308
5.78302978515625,2.0767175292968747,0.9000244140625,2.5664429530201867,0.8205974921786277
6.40740478515625,2.0767175292968747,0.9000244140625,2.8174496644296196,0.8326597212427438
5.78302978515625,9.514403076171876,0.9000244140625,2.6845637583893316,0.950968073026321
5.78302978515625,2.0767175292968747,2.0166748046875003,2.5744966442953556,0.8589718042494734
6.40740478515625,9.514403076171876,2.0166748046875003,2.9342281879195697,0.9704946518161705
0.78802978515625,7.074217529296875,5.8500244140625,0.6738255033556977,0.8764330844947006
1.41240478515625,7.074217529296875,5.8500244140625,0.9234899328858945,0.9113334448622747
0.78802978515625,4.516903076171874,5.8500244140625,0.6483221476510002,0.7902531292457338
0.78802978515625,7.074217529296875,6.9666748046875,0.6738255033556977,0.8804537346992534
1.41240478515625,4.516903076171874,6.9666748046875,0.8993288590603916,0.8619836754118805
1.10021728515625,2.389061279296875,4.9218994140625,0.7020134228187844,0.6402550142849237
8.59271728515625,2.389061279296875,4.9218994140625,3.7127516778525704,0.9314963230045236
1.10021728515625,5.453934326171875,4.9218994140625,0.7865771812080447,0.859582032119871
1.10021728515625,2.389061279296875,4.8010498046875,0.7006711409395898,0.638450244050965
8.59271728515625,5.453934326171875,4.8010498046875,3.7838926174498964,0.9703477645164202
6.09521728515625,7.386561279296874,9.8718994140625,2.798657718120892,0.9743977617584949
3.59771728515625,7.386561279296874,9.8718994140625,1.7986577181207781,0.9597494675489765
6.09521728515625,0.45643432617187496,9.8718994140625,2.165100671140933,0.5563891990753737
6.09521728515625,7.386561279296874,9.7510498046875,2.798657718120892,0.9743505905502168
3.59771728515625,0.45643432617187496,9.7510498046875,0.9167785234899215,0.2712933031854228
8.59271728515625,4.887811279296875,2.4468994140625,3.778523489933117,0.9589066003708673
6.09521728515625,4.887811279296875,2.4468994140625,2.7785234899329696,0.9444044815970498
8.59271728515625,2.955184326171875,2.4468994140625,3.738255033557272,0.9320510414004666
8.59271728515625,4.887811279296875,7.2760498046875,3.777181208053922,0.9696547335271378
6.09521728515625,2.955184326171875,7.2760498046875,2.73691275167793,0.9306355970597997
3.59771728515625,9.885311279296875,7.3968994140625,1.809395973154335,0.9689423935525603
1.10021728515625,9.885311279296875,7.3968994140625,0.8107382550335476,0.9310245624077811
3.59771728515625,7.952684326171874,7.3968994140625,1.802684563758362,0.9612432095826733
3.59771728515625,9.885311279296875,2.3260498046875,1.8107382550335296,0.9570345151184053
1.10021728515625,7.952684326171874,2.3260498046875,0.8040268456375745,0.8849224719243585
4.84646728515625,3.6384362792968745,8.6343994140625,2.256375838926181,0.9335328229261031
2.3489672851562498,3.6384362792968745,8.6343994140625,1.2577181208053516,0.8824192591929094
4.84646728515625,9.202059326171875,8.6343994140625,2.3073825503355847,0.9747000131711552
4.84646728515625,3.6384362792968745,3.5635498046875003,2.257718120805376,0.9199967650632651
2.3489672851562498,9.202059326171875,3.5635498046875003,1.307382550335552,0.9449195596041242
9.84146728515625,8.635936279296875,3.6843994140625003,4.30469798657749,0.982481067259812
7.34396728515625,8.635936279296875,3.6843994140625003,3.3046979865773425,0.9770297548303312
9.84146728515625,4.204559326171875,3.6843994140625003,4.267114093960035,0.9631853989817334
9.84146728515625,8.635936279296875,8.5135498046875,4.30738255033588,0.9857502261356357
7.34396728515625,4.204559326171875,8.5135498046875,3.2671140939598873,0.9601007248812656
7.34396728515625,1.1396862792968747,6.1593994140624995,3.0751677852350268,0.8415424440272805
4.84646728515625,1.1396862792968747,6.1593994140624995,2.079194630872464,0.7731092094143153
7.34396728515625,1.7058093261718748,6.1593994140624995,3.161073825503496,0.8940625669301411
7.34396728515625,1.1396862792968747,6.0385498046874995,3.0751677852350268,0.8410027105318234
4.84646728515625,1.7058093261718748,6.0385498046874995,2.163758389261738,0.8480328777562667
2.3489672851562498,6.137186279296874,1.2093994140625002,1.2926174496644114,0.8819806959174192
9.84146728515625,6.137186279296874,1.2093994140625002,4.291275167785542,0.9593619220285894
2.3489672851562498,6.703309326171874,1.2093994140625002,1.2966442953019952,0.8907518606882875
2.3489672851562498,6.137186279296874,1.0885498046875002,1.2926174496644114,0.8777932166551103
9.84146728515625,6.703309326171874,1.0885498046875002,4.295302013423126,0.9603653622947605
1.72459228515625,4.263123779296874,5.5406494140625,1.0214765100671008,0.8667548120586852
6.71959228515625,4.263123779296874,5.5406494140625,3.018791946308844,0.9539103605406921
1.72459228515625,1.081121826171875,5.5406494140625,0.7181208053691197,0.4048169516479191
1.72459228515625,4.263123779296874,1.7072998046875,1.0201342281879062,0.8225653677250264
6.71959228515625,1.081121826171875,1.7072998046875,2.8107382550336455,0.7648165939225207
6.71959228515625,9.260623779296875,0.5906494140625,3.059060402684689,0.9437750526702389
1.72459228515625,9.260623779296875,0.5906494140625,1.0563758389261606,0.8755097469174309
6.71959228515625,6.078621826171874,0.5906494140625,3.041610738255156,0.9206809201935517
6.71959228515625,9.260623779296875,6.6572998046875,3.057718120805494,0.9803112327659562
1.72459228515625,6.078621826171874,6.6572998046875,1.04161073825502,0.9109110293349596
9.21709228515625,1.7643737792968748,8.0156494140625,3.9154362416109896,0.9201161568370015
9.21709228515625,1.7643737792968748,8.0156494140625,3.9154362416109896,0.9201161568370015
9.21709228515625,8.577371826171875,8.0156494140625,4.053691275168057,0.9845701480917575
9.21709228515625,1.7643737792968748,9.1322998046875,3.9154362416109896,0.9216362175673158
9.21709228515625,8.577371826171875,9.1322998046875,4.056375838926447,0.9849162648331113
4.22209228515625,6.761873779296875,3.0656494140625004,2.045637583892593,0.9496410931333362
4.22209228515625,6.761873779296875,3.0656494140625004,2.045637583892593,0.9496410931333362
4.22209228515625,3.5798718261718747,3.0656494140625004,2.006711409395943,0.9049900968122159
4.22209228515625,6.761873779296875,4.1822998046875,2.045637583892593,0.9541839671595383
4.22209228515625,3.5798718261718747,4.1822998046875,2.0053691275167482,0.9125102676140504
2.97334228515625,0.514998779296875,1.8281494140625,0.5422818791946262,0.14680326202771238
2.97334228515625,0.514998779296875,1.8281494140625,0.5422818791946262,0.14680326202771238
2.97334228515625,4.829246826171874,1.8281494140625,1.5302013422818568,0.8909517776407365
2.97334228515625,0.514998779296875,0.46979980468750004,0.4416107382550307,0.09999871219722596
2.97334228515625,4.829246826171874,0.46979980468750004,1.5194630872483,0.8340539775916298
7.9683422851562495,5.512498779296874,6.7781494140625,3.534228187919658,0.9708873927121967
7.9683422851562495,5.512498779296874,6.7781494140625,3.534228187919658,0.9708873927121967
7.9683422851562495,9.826746826171876,6.7781494140625,3.558389261745165,0.9841443989118097
7.9683422851562495,5.512498779296874,5.4197998046875,3.534228187919658,0.9694494615848612
7.9683422851562495,9.826746826171876,5.4197998046875,3.558389261745165,0.9832798857892837
5.47084228515625,3.0137487792968747,4.3031494140625,2.4899328859060814,0.9168601051248569
0.47584228515625004,3.0137487792968747,4.3031494140625,0.4402684563758361,0.479704474099924
5.47084228515625,7.327996826171875,4.3031494140625,2.548993288590654,0.9663682498207378
5.47084228515625,3.0137487792968747,7.8947998046875,2.4885906040268866,0.926250888390322
0.47584228515625004,7.327996826171875,7.8947998046875,0.5489932885905993,0.8496473387296146
0.47584228515625004,8.011248779296874,9.2531494140625,0.5530201342281831,0.8696114359545174
5.47084228515625,8.011248779296874,9.2531494140625,2.5516778523490435,0.9738170170971063
0.47584228515625004,2.3304968261718746,9.2531494140625,0.42684563758389005,0.4015988985750828
0.47584228515625004,8.011248779296874,2.9447998046875004,0.5516778523489885,0.8377583307831801
5.47084228515625,2.3304968261718746,2.9447998046875004,2.463087248322185,0.881569760044083
0.6319360351562501,0.046483154296874996,6.9328369140624995,0.3999999999999979,0.009997890696203916
9.99756103515625,0.046483154296874996,6.9328369140624995,0.40805369127516555,0.010194763003743756
0.6319360351562501,9.045887451171875,6.9328369140624995,0.6201342281879134,0.8981001872280634
0.6319360351562501,0.046483154296874996,4.3369873046875,0.3999999999999979,0.009863351065651931
9.99756103515625,9.045887451171875,4.3369873046875,4.369127516778842,0.9844301099593026
5.62693603515625,5.043983154296875,1.9828369140625002,2.5932885906040832,0.9374228652939272
5.0025610351562495,5.043983154296875,1.9828369140625002,2.343624161073845,0.9311447655836428
5.62693603515625,4.048387451171875,1.9828369140625002,2.579865771812135,0.9226868974126319
5.62693603515625,5.043983154296875,9.2869873046875,2.5919463087248884,0.9586615553457614
5.0025610351562495,4.048387451171875,9.2869873046875,2.327516778523507,0.942664332234741
8.12443603515625,2.545233154296875,9.4078369140625,3.5315436241612685,0.9397804648036783
7.50006103515625,2.545233154296875,9.4078369140625,3.2818791946310304,0.935295865116964
8.12443603515625,1.5496374511718747,9.4078369140625,3.4550335570471633,0.9002246109085882
8.12443603515625,2.545233154296875,6.8119873046874995,3.5315436241612685,0.9365957340592272
7.50006103515625,1.5496374511718747,6.8119873046874995,3.205369127516925,0.8874526320722274
3.12943603515625,7.542733154296874,4.4578369140625,1.6134228187919224,0.9490251517007691
2.50506103515625,7.542733154296874,4.4578369140625,1.362416107382531,0.9394170195171297
3.12943603515625,6.547137451171874,4.4578369140625,1.6067114093959494,0.9408880468563168
3.12943603515625,7.542733154296874,1.8619873046875002,1.6134228187919224,0.9314384774055819
2.50506103515625,6.547137451171874,1.8619873046875002,1.3583892617449471,0.908502503017047
4.37818603515625,3.7946081542968746,0.7453369140625,2.0724832214764897,0.8595230628991021
1.25631103515625,3.7946081542968746,0.7453369140625,0.8040268456375745,0.7158732242494161
4.37818603515625,5.297762451171875,0.7453369140625,2.0966442953019966,0.8925108095926968
4.37818603515625,3.7946081542968746,3.0994873046875,2.0738255033556845,0.9131643824796526
1.25631103515625,5.297762451171875,3.0994873046875,0.8483221476509966,0.8518647774928085
9.37318603515625,8.792108154296875,5.6953369140625,4.118120805369409,0.984175881290577
6.25131103515625,8.792108154296875,5.6953369140625,2.868456375839023,0.9769912874258899
9.37318603515625,0.300262451171875,5.6953369140625,3.1006711409397285,0.5291371949266535
9.37318603515625,8.792108154296875,8.049487304687501,4.116778523490214,0.9851981120269919
6.25131103515625,0.300262451171875,8.049487304687501,1.6295302013422577,0.33280088739515085
6.87568603515625,1.2958581542968748,3.2203369140625,2.924832214765206,0.8317713040996657
3.7538110351562497,1.2958581542968748,3.2203369140625,1.672483221476485,0.7256869670544382
6.87568603515625,2.799012451171875,3.2203369140625,3.0442953020135457,0.9202778159498402
6.87568603515625,1.2958581542968748,5.5744873046875,2.9208053691276215,0.8498343587705859
3.7538110351562497,2.799012451171875,5.5744873046875,1.7946308724831943,0.8844437267871292
1.88068603515625,6.293358154296874,8.1703369140625,1.1046979865771664,0.9212486141559326
8.74881103515625,6.293358154296874,8.1703369140625,3.8536912751680275,0.9775903822269723
1.88068603515625,7.796512451171874,8.1703369140625,1.1140939597315287,0.9369442980524827
1.88068603515625,6.293358154296874,0.6244873046875,1.1006711409395826,0.8403900014519774
8.74881103515625,7.796512451171874,0.6244873046875,3.865771812080781,0.9480198095735142
2.50506103515625,3.1699206542968748,2.6015869140625,1.3100671140939413,0.8351458108587377
5.62693603515625,3.1699206542968748,2.6015869140625,2.5583892617450177,0.910794426932542
2.50506103515625,4.673074951171874,2.6015869140625,1.3395973154362226,0.8865245114919246
2.50506103515625,3.1699206542968748,2.4807373046875,1.3100671140939413,0.8331359947287396
5.62693603515625,4.673074951171874,2.4807373046875,2.587919463087304,0.9380353327212198
7.50006103515625,8.167420654296874,7.5515869140625,3.36510067114111,0.9800909270026856
0.6319360351562501,8.167420654296874,7.5515869140625,0.6174496644295242,0.887974786199945
7.50006103515625,9.670574951171876,7.5515869140625,3.370469798657889,0.9833134665156601
7.50006103515625,8.167420654296874,7.4307373046875,3.36510067114111,0.9800285084557792
0.6319360351562501,9.670574951171876,7.4307373046875,0.6228187919463026,0.9070631674758161
9.99756103515625,0.671170654296875,0.1265869140625,3.6953020134230377,0.6213425291575956
8.12443603515625,0.671170654296875,0.1265869140625,2.9302013422819853,0.573019230495703
9.99756103515625,7.171824951171875,0.1265869140625,4.344966442953335,0.9103172762211489
9.99756103515625,0.671170654296875,9.9057373046875,3.950335570470055,0.8089750047846522
8.12443603515625,7.171824951171875,9.9057373046875,3.6093959731545686,0.9796982416713382
5.0025610351562495,5.668670654296874,5.0765869140625,2.3489932885906244,0.9545865082383698
3.12943603515625,5.668670654296874,5.0765869140625,1.5999999999999763,0.9337849690474307
5.0025610351562495,2.1743249511718745,5.0765869140625,2.26442953020135,0.8802395774066278
5.0025610351562495,5.668670654296874,4.9557373046875,2.3489932885906244,0.9543240304149202
3.12943603515625,2.1743249511718745,4.9557373046875,1.5167785234899107,0.8243713966237514
3.7538110351562497,1.9205456542968748,8.7890869140625,1.7449664429529939,0.8422462820799763
4.37818603515625,1.9205456542968748,8.7890869140625,1.9946308724831907,0.8612732437884323
3.7538110351562497,0.924949951171875,8.7890869140625,1.5785234899328626,0.6630662778613854
3.7538110351562497,1.9205456542968748,1.2432373046875,1.7395973154362154,0.7640925609865755
4.37818603515625,0.924949951171875,1.2432373046875,1.7731543624160806,0.6088848860387455
8.74881103515625,6.918045654296875,3.8390869140625004,3.8590604026848068,0.9757953137400746
9.37318603515625,6.918045654296875,3.8390869140625004,4.108724832215045,0.9772601273522357
8.74881103515625,5.922449951171874,3.8390869140625004,3.851006711409638,0.97150010358938
8.74881103515625,6.918045654296875,6.1932373046875,3.857718120805612,0.9785271142860412
9.37318603515625,5.922449951171874,6.1932373046875,4.100671140939876,0.9763668109246931
6.25131103515625,4.419295654296874,6.3140869140625,2.8335570469799576,0.9538788617578138
1.88068603515625,4.419295654296874,6.3140869140625,1.085906040268442,0.881885672431541
6.25131103515625,8.421199951171875,6.3140869140625,2.8657718120806335,0.9762930790266898
6.25131103515625,4.419295654296874,8.6682373046875,2.8335570469799576,0.9563842055165048
1.88068603515625,8.421199951171875,8.6682373046875,1.116778523489918,0.942240680415741
1.25631103515625,9.416795654296875,1.3640869140625,0.8724832214764995,0.8913707329430679
6.87568603515625,9.416795654296875,1.3640869140625,3.120805369127651,0.9657423332380843
1.25631103515625,3.4236999511718746,1.3640869140625,0.8040268456375745,0.7230499278887965
1.25631103515625,9.416795654296875,3.7182373046875004,0.8724832214764995,0.9215872576380013
6.87568603515625,3.4236999511718746,3.7182373046875004,3.064429530201468,0.9376370045760114
0.94412353515625,4.731639404296875,7.8609619140625,0.7154362416107305,0.8328470704047497
3.44162353515625,4.731639404296875,7.8609619140625,1.714093959731518,0.9319803746734161
0.94412353515625,6.859481201171874,7.8609619140625,0.734228187919455,0.8899013015869189
0.94412353515625,4.731639404296875,5.8838623046875,0.7154362416107305,0.8248873100568535
3.44162353515625,6.859481201171874,5.8838623046875,1.734228187919437,0.9510762634259916
5.93912353515625,9.729139404296875,2.9109619140625003,2.7463087248322937,0.9733742143260184
8.43662353515625,9.729139404296875,2.9109619140625003,3.746308724832441,0.9805526688549893
5.93912353515625,1.8619812011718748,2.9109619140625003,2.618791946308785,0.8621060163959813
5.93912353515625,9.729139404296875,0.9338623046875,2.7476510067114885,0.9538789477154017
8.43662353515625,1.8619812011718748,0.9338623046875,3.6161073825505428,0.8512000795432672
8.43662353515625,2.2328894042968748,5.3859619140624995,3.6402684563760497,0.9267533783813845
0.94412353515625,2.2328894042968748,5.3859619140624995,0.6107382550335512,0.5594775677115883
8.43662353515625,4.360731201171874,5.3859619140624995,3.707382550335791,0.9630627252486639
8.43662353515625,2.2328894042968748,3.4088623046875,3.6416107382552445,0.9179727593186784
0.94412353515625,4.360731201171874,3.4088623046875,0.7087248322147575,0.7872612185429234
3.44162353515625,7.230389404296874,0.43596191406250007,1.7328859060402424,0.8836213992126181
5.93912353515625,7.230389404296874,0.43596191406250007,2.735570469798735,0.9151928386193093
3.44162353515625,9.358231201171876,0.43596191406250007,1.7449664429529939,0.9040302000487686
3.44162353515625,7.230389404296874,8.3588623046875,1.7355704697986316,0.9563539628869486
5.93912353515625,9.358231201171876,8.3588623046875,2.744966442953099,0.9790592526986691
4.69037353515625,0.983514404296875,4.1484619140625,1.9744966442952716,0.7136010043038912
7.18787353515625,0.983514404296875,4.1484619140625,2.9758389261746094,0.7999632148325244
4.69037353515625,8.108856201171875,4.1484619140625,2.2402684563758433,0.9650265455456521
4.69037353515625,0.983514404296875,7.1213623046875,1.9744966442952716,0.7342229711071626
7.18787353515625,8.108856201171875,7.1213623046875,3.2402684563759907,0.9789497849033938
9.68537353515625,5.981014404296874,9.0984619140625,4.225503355704995,0.9788536624656207
2.19287353515625,5.981014404296874,9.0984619140625,1.2268456375838757,0.9264431368174084
9.68537353515625,3.1113562011718745,9.0984619140625,4.178523489933176,0.9581712319274005
9.68537353515625,5.981014404296874,2.1713623046875004,4.22684563758419,0.9683339860754878
2.19287353515625,3.1113562011718745,2.1713623046875004,1.1825503355704536,0.8077498372890244
7.18787353515625,3.4822644042968744,1.6734619140625002,3.1932885906041717,0.9219443679952907
9.68537353515625,3.4822644042968744,1.6734619140625002,4.191946308725124,0.9393892630271556
7.18787353515625,0.6126062011718749,1.6734619140625002,2.7463087248322937,0.6359561707796673
7.18787353515625,3.4822644042968744,4.6463623046875,3.190604026845782,0.944429369388708
9.68537353515625,0.6126062011718749,4.6463623046875,3.79328859060426,0.7617233909772052
2.19287353515625,8.479764404296875,6.6234619140625,1.242953020134211,0.9462997106252582
4.69037353515625,8.479764404296875,6.6234619140625,2.241610738255038,0.9701186562731792
2.19287353515625,5.610106201171875,6.6234619140625,1.2241610738254864,0.9174814843672019
2.19287353515625,8.479764404296875,9.5963623046875,1.2416107382550163,0.9490305526354621
4.69037353515625,5.610106201171875,9.5963623046875,2.2228187919463105,0.9568184106406432
1.5684985351562502,1.6082019042968747,2.2922119140625004,0.7946308724832123,0.5388101186959293
1.5684985351562502,1.6082019042968747,2.2922119140625004,0.7946308724832123,0.5388101186959293
1.5684985351562502,2.4866687011718747,2.2922119140625004,0.8993288590603916,0.7036042443943527
1.5684985351562502,1.6082019042968747,7.7401123046875,0.8268456375838829,0.5965031102724981
1.5684985351562502,2.4866687011718747,7.7401123046875,0.9087248322147539,0.7562589655925565
6.56349853515625,6.6057019042968745,7.2422119140625,2.9812080536913887,0.9716232977575763
6.56349853515625,6.6057019042968745,7.2422119140625,2.9812080536913887,0.9716232977575763
6.56349853515625,7.484168701171875,7.2422119140625,2.986577181208168,0.9750944678975828
6.56349853515625,6.6057019042968745,2.7901123046875003,2.9825503355705836,0.9634256847361671
6.56349853515625,7.484168701171875,2.7901123046875003,2.987919463087363,0.9677903888838052
9.06099853515625,4.106951904296874,4.7672119140625,3.953020134228445,0.9621148154479141
4.0659985351562495,4.106951904296874,4.7672119140625,1.9543624161073525,0.9240955840271058
9.06099853515625,9.982918701171876,4.7672119140625,3.997315436241874,0.9850233930633792
9.06099853515625,4.106951904296874,0.3151123046875,3.944966442953276,0.890608386497656
4.0659985351562495,9.982918701171876,0.3151123046875,1.9946308724831907,0.9069257876575062
4.0659985351562495,9.104451904296875,9.7172119140625,1.9946308724831907,0.9708438519151923
9.06099853515625,9.104451904296875,9.7172119140625,4.0335570469801345,0.9858227533714843
4.0659985351562495,4.9854187011718745,9.7172119140625,1.966442953020104,0.945225882968275
4.0659985351562495,9.104451904296875,5.2651123046874995,1.9946308724831907,0.9672020346042919
9.06099853515625,4.9854187011718745,5.2651123046874995,3.966442953020393,0.9697636569938116
2.8172485351562497,2.8575769042968746,6.0047119140625,1.4228187919462882,0.8604039459700732
7.81224853515625,2.8575769042968746,6.0047119140625,3.4201342281880978,0.9402506053195105
2.8172485351562497,3.736043701171875,6.0047119140625,1.4469798657717912,0.8937890941234448
2.8172485351562497,2.8575769042968746,8.9776123046875,1.4214765100670936,0.8686529880806757
7.81224853515625,3.736043701171875,8.9776123046875,3.4456375838927995,0.9577527062629665
7.81224853515625,7.855076904296874,1.0547119140625,3.489932885906229,0.957828563022848
2.8172485351562497,7.855076904296874,1.0547119140625,1.4912751677852132,0.9107560795614246
7.81224853515625,8.733543701171875,1.0547119140625,3.4939597315438133,0.9618758981762845
7.81224853515625,7.855076904296874,4.0276123046875,3.488590604027034,0.9766994809262599
2.8172485351562497,8.733543701171875,4.0276123046875,1.4939597315436024,0.9511851208747892
5.31474853515625,0.35882690429687497,8.4797119140625,1.4778523489932671,0.35146259791619394
5.31474853515625,0.35882690429687497,8.4797119140625,1.4778523489932671,0.35146259791619394
5.31474853515625,6.234793701171874,8.4797119140625,2.479194630872523,0.9647660289572124
5.31474853515625,0.35882690429687497,1.5526123046875002,1.205369127516762,0.2607995291625124
5.31474853515625,6.234793701171874,1.5526123046875002,2.4805369127517176,0.9408373648573682
0.31974853515625,5.356326904296875,3.5297119140625,0.44697986577180915,0.660494570636373
0.31974853515625,5.356326904296875,3.5297119140625,0.44697986577180915,0.660494570636373
0.31974853515625,1.2372937011718748,3.5297119140625,0.40671140939597095,0.2264007868287688
0.31974853515625,5.356326904296875,6.5026123046875,0.44966442953019836,0.6789644465582811
0.31974853515625,1.2372937011718748,6.5026123046875,0.40671140939597095,0.23075408524646096
0.24170166015625003,1.3739440917968748,8.4023681640625,0.40536912751677634,0.25295686788323607
6.48545166015625,1.3739440917968748,8.4023681640625,2.77583892617458,0.860248999414445
0.24170166015625003,3.9703015136718744,8.4023681640625,0.4187919463087224,0.5540860066581939
0.24170166015625003,1.3739440917968748,9.5190185546875,0.40536912751677634,0.2538253904856975
6.48545166015625,3.9703015136718744,9.5190185546875,2.9194630872484266,0.9534913689881848
5.23670166015625,6.371444091796874,3.4523681640625004,2.4496644295302366,0.957104080392003
1.49045166015625,6.371444091796874,3.4523681640625004,0.9503355704697867,0.8917373706704381
5.23670166015625,8.967801513671875,3.4523681640625004,2.463087248322185,0.9697241661832519
5.23670166015625,6.371444091796874,4.5690185546875,2.4483221476510417,0.9601739283091499
1.49045166015625,8.967801513671875,4.5690185546875,0.9637583892617327,0.9290525988324854
7.73420166015625,3.8726940917968746,5.9273681640625,3.417449664429708,0.9557729072955577
8.98295166015625,3.8726940917968746,5.9273681640625,3.9167785234901844,0.9613695001196582
7.73420166015625,6.469051513671874,5.9273681640625,3.448322147651189,0.9738976223735059
7.73420166015625,3.8726940917968746,2.0940185546875,3.418791946308903,0.939446586342342
8.98295166015625,6.469051513671874,2.0940185546875,3.950335570470055,0.9682696018131242
2.7392016601562497,8.870194091796876,0.9773681640625,1.464429530201321,0.9158215062148879
3.98795166015625,8.870194091796876,0.9773681640625,1.9637583892617148,0.9341617816533738
2.7392016601562497,1.4715515136718749,0.9773681640625,1.2456375838926002,0.6187293670158243
2.7392016601562497,8.870194091796876,7.0440185546875,1.4630872483221264,0.9568749030583907
3.98795166015625,1.4715515136718749,7.0440185546875,1.7932885906039997,0.7971164436203269
3.98795166015625,2.6233190917968745,4.6898681640625,1.8818791946308437,0.8783686288226249
2.7392016601562497,2.6233190917968745,4.6898681640625,1.3838926174496446,0.8372893486253845
3.98795166015625,0.222176513671875,4.6898681640625,0.4187919463087224,0.048219074634137354
3.98795166015625,2.6233190917968745,8.2815185546875,1.8805369127516491,0.8901115687311636
2.7392016601562497,0.222176513671875,8.2815185546875,0.4120805369127494,0.04839651431274072
8.98295166015625,7.620819091796874,9.6398681640625,3.9557046979868344,0.9826463417946449
7.73420166015625,7.620819091796874,9.6398681640625,3.456375838926358,0.9800737331177598
8.98295166015625,5.219676513671875,9.6398681640625,3.936912751678107,0.9740220378940329
8.98295166015625,7.620819091796874,3.3315185546875004,3.9570469798660293,0.9776250838149113
7.73420166015625,5.219676513671875,3.3315185546875004,3.4375838926176305,0.9620162451871476
6.48545166015625,0.12456909179687499,2.2148681640625,0.4147651006711386,0.026206466159848448
0.24170166015625003,0.12456909179687499,2.2148681640625,0.3999999999999979,0.025672500624000342
6.48545166015625,7.718426513671874,2.2148681640625,2.957046979865882,0.9652556428549546
6.48545166015625,0.12456909179687499,0.8565185546875,0.413422818791944,0.025024158602194237
0.24170166015625003,7.718426513671874,0.8565185546875,0.4375838926174469,0.707922318723649
1.49045166015625,5.122069091796875,7.1648681640625,0.9382550335570352,0.8840287515470101
5.23670166015625,5.122069091796875,7.1648681640625,2.4362416107382883,0.9547381879056398
1.49045166015625,2.7209265136718748,7.1648681640625,0.8872483221476402,0.7683976418348366
1.49045166015625,5.122069091796875,5.8065185546875,0.9382550335570352,0.8794616518893399
5.23670166015625,2.7209265136718748,5.8065185546875,2.3852348993288848,0.910495507177798
2.11482666015625,4.4973815917968745,1.5961181640625002,1.181208053691259,0.8480333842110395
8.35857666015625,4.4973815917968745,1.5961181640625002,3.6805369127518945,0.9451299290812366
2.11482666015625,9.592489013671875,1.5961181640625002,1.2161073825503188,0.9244027273610782
2.11482666015625,4.4973815917968745,6.4252685546874995,1.1798657718120644,0.8931559196193506
8.35857666015625,9.592489013671875,6.4252685546874995,3.7140939597317653,0.9842927500302491
7.10982666015625,9.494881591796876,6.5461181640624995,3.214765100671289,0.9817324287057512
3.36357666015625,9.494881591796876,6.5461181640624995,1.714093959731518,0.9649120796747845
7.10982666015625,4.594989013671874,6.5461181640624995,3.1798657718122234,0.9607805314182081
7.10982666015625,9.494881591796876,1.4752685546875002,3.214765100671289,0.9683327710420673
3.36357666015625,4.594989013671874,1.4752685546875002,1.683221476510042,0.8870286952147617
9.60732666015625,1.9986315917968747,4.0711181640625,4.093959731543902,0.9223193950887134
5.86107666015625,1.9986315917968747,4.0711181640625,2.595973154362473,0.8802644890386742
9.60732666015625,2.096239013671875,4.0711181640625,4.100671140939876,0.9259138827018503
9.60732666015625,1.9986315917968747,3.9502685546875003,4.093959731543902,0.9216998340103263
5.86107666015625,2.096239013671875,3.9502685546875003,2.602684563758447,0.8849028732325924
4.61232666015625,6.996131591796875,9.0211181640625,2.202684563758388,0.9649164922688664
0.8660766601562501,6.996131591796875,9.0211181640625,0.7046979865771736,0.8899874025540787
4.61232666015625,7.0937390136718745,9.0211181640625,2.204026845637583,0.9655765869640818
4.61232666015625,6.996131591796875,8.9002685546875,2.202684563758388,0.9648431565091109
0.8660766601562501,7.0937390136718745,8.9002685546875,0.7046979865771736,0.8910522364287248
3.36357666015625,0.749256591796875,5.3086181640625,1.3020134228187736,0.5165318821003595
2.11482666015625,0.749256591796875,5.3086181640625,0.6335570469798595,0.2650078076998809
3.36357666015625,5.844364013671875,5.3086181640625,1.6953020134227934,0.9399285003777135
3.36357666015625,0.749256591796875,5.1877685546875,1.3020134228187736,0.5158583925968008
2.11482666015625,5.844364013671875,5.1877685546875,1.1959731543623997,0.9150619536032414
8.35857666015625,5.746756591796874,0.3586181640625,3.691275167785453,0.9128969635086684
7.10982666015625,5.746756591796874,0.3586181640625,3.190604026845782,0.9038368149441556
8.35857666015625,0.8468640136718749,0.3586181640625,3.2671140939598873,0.6703373051303367
8.35857666015625,5.746756591796874,0.23776855468750002,3.684563758389479,0.9013830745735583
7.10982666015625,0.8468640136718749,0.23776855468750002,2.720805369127592,0.6201249070665482
5.86107666015625,3.248006591796875,7.7836181640625,2.6523489932886557,0.9355356107002348
4.61232666015625,3.248006591796875,7.7836181640625,2.1530201342281794,0.9210013259911762
5.86107666015625,3.3456140136718746,7.7836181640625,2.6550335570470454,0.937449792300429
5.86107666015625,3.248006591796875,2.7127685546875,2.6536912751678505,0.9168558356912686
4.61232666015625,3.3456140136718746,2.7127685546875,2.157046979865764,0.9017624164500511
0.8660766601562501,8.245506591796875,2.8336181640625,0.7114093959731467,0.8815090413756885
9.60732666015625,8.245506591796875,2.8336181640625,4.209395973154657,0.9793419827326049
0.8660766601562501,8.343114013671876,2.8336181640625,0.7127516778523413,0.8835640658238053
0.8660766601562501,8.245506591796875,7.6627685546875,0.7114093959731467,0.9058570943485427
9.60732666015625,8.343114013671876,7.6627685546875,4.209395973154657,0.9846454966323246
1.17826416015625,3.5603503417968745,6.8554931640625,0.7879194630872393,0.7956935425300156
0.55388916015625,3.5603503417968745,6.8554931640625,0.5127516778523449,0.6277502037769129
1.17826416015625,1.7838952636718748,6.8554931640625,0.6671140939597247,0.5336884079823724
1.17826416015625,3.5603503417968745,0.5471435546875,0.7557046979865687,0.6735713059645285
0.55388916015625,1.7838952636718748,0.5471435546875,0.4147651006711386,0.28363476185468944
6.17326416015625,8.557850341796875,1.9054931640625001,2.8362416107383472,0.9650987952631542
5.54888916015625,8.557850341796875,1.9054931640625001,2.586577181208109,0.9618461159764463
6.17326416015625,6.781395263671874,1.9054931640625001,2.8268456375839834,0.9559769079326917
6.17326416015625,8.557850341796875,5.4971435546875,2.8362416107383472,0.975854607746294
5.54888916015625,6.781395263671874,5.4971435546875,2.5771812080537453,0.96622518424285
8.67076416015625,1.061600341796875,9.3304931640625,3.583892617449867,0.861888898158081
3.05138916015625,1.061600341796875,9.3304931640625,1.3369127516778334,0.6510752089976561
8.67076416015625,9.280145263671875,9.3304931640625,3.8442953020136637,0.9853675665176376
8.67076416015625,1.061600341796875,7.9721435546875,3.5852348993290617,0.8590658561452672
3.05138916015625,9.280145263671875,7.9721435546875,1.5892617449664195,0.9628617040129333
3.67576416015625,6.059100341796874,4.3804931640625,1.8214765100670864,0.9432976283547074
8.04638916015625,6.059100341796874,4.3804931640625,3.5704697986579186,0.9710068606333307
3.67576416015625,4.282645263671874,4.3804931640625,1.8013422818791673,0.9195173849685743
3.67576416015625,6.059100341796874,3.0221435546875,1.8214765100670864,0.9367774271020886
8.04638916015625,4.282645263671874,3.0221435546875,3.550335570469996,0.953796019324003
4.92451416015625,2.310975341796875,0.6679931640625,2.2295302013422846,0.8019983294603813
9.29513916015625,2.310975341796875,0.6679931640625,3.989261744966705,0.8697863372720861
4.92451416015625,3.0332702636718745,0.6679931640625,2.26711409395974,0.8393009328806703
4.92451416015625,2.310975341796875,1.7846435546875001,2.2442953020134278,0.8497114226635453
9.29513916015625,3.0332702636718745,1.7846435546875001,4.022818791946576,0.9301226569578027
9.91951416015625,7.308475341796874,5.6179931640625,4.328859060402997,0.9816000030766401
4.30013916015625,7.308475341796874,5.6179931640625,2.0805369127516586,0.9613567383739856
9.91951416015625,8.030770263671876,5.6179931640625,4.332885906040581,0.9833683329568483
9.91951416015625,7.308475341796874,6.7346435546875,4.328859060402997,0.9823501014011544
4.30013916015625,8.030770263671876,6.7346435546875,2.0832214765100483,0.9660435959931775
7.42201416015625,4.809725341796875,3.1429931640625,3.308724832214927,0.9565033189679146
6.79763916015625,4.809725341796875,3.1429931640625,3.057718120805494,0.9528189730038364
7.42201416015625,5.532020263671875,3.1429931640625,3.316778523490096,0.9622476948165135
7.42201416015625,4.809725341796875,9.2096435546875,3.307382550335732,0.9660309075375539
6.79763916015625,5.532020263671875,9.2096435546875,3.065771812080663,0.9682036890665491
2.42701416015625,9.807225341796874,8.0929931640625,1.3409395973154172,0.9584090989704606
1.8026391601562501,9.807225341796874,8.0929931640625,1.0912751677852204,0.9489855474540057
2.42701416015625,0.534520263671875,8.0929931640625,0.44966442953019836,0.1252105767212966
2.42701416015625,9.807225341796874,4.2596435546875,1.3409395973154172,0.9521895147686751
1.8026391601562501,0.534520263671875,4.2596435546875,0.4214765100671116,0.11151650742465581
1.8026391601562501,0.43691284179687495,3.7617431640625,0.4161073825503332,0.09071351525547225
4.92451416015625,0.43691284179687495,3.7617431640625,1.5046979865771593,0.3944634331450344
1.8026391601562501,7.406082763671875,3.7617431640625,1.0818791946308581,0.9195696975030241
1.8026391601562501,0.43691284179687495,3.6408935546875,0.4161073825503332,0.09059582133211853
4.92451416015625,7.406082763671875,3.6408935546875,2.330201342281897,0.9616691826258246
6.79763916015625,5.434412841796875,8.7117431640625,3.064429530201468,0.967272897926779
9.91951416015625,5.434412841796875,8.7117431640625,4.314093959731854,0.9769657266211123
6.79763916015625,2.4085827636718746,8.7117431640625,2.994630872483337,0.9245424376815804
6.79763916015625,5.434412841796875,8.5908935546875,3.064429530201468,0.9671998367642042
9.91951416015625,2.4085827636718746,8.5908935546875,4.242953020134528,0.9462301382789702
9.29513916015625,2.9356628417968746,1.2867431640625002,4.021476510067381,0.9173473939027466
2.42701416015625,2.9356628417968746,1.2867431640625002,1.2657718120805193,0.7838586793127444
9.29513916015625,4.907332763671874,1.2867431640625002,4.060402684564031,0.9488105115207333
9.29513916015625,2.9356628417968746,6.1158935546875,4.016107382550602,0.950525601594767
2.42701416015625,4.907332763671874,6.1158935546875,1.3100671140939413,0.9105760189192311
4.30013916015625,7.933162841796874,6.2367431640625,2.0832214765100483,0.9651764891085215
7.42201416015625,7.933162841796874,6.2367431640625,3.332885906040434,0.9784508437508023
4.30013916015625,9.904832763671875,6.2367431640625,2.0912751677852173,0.9724634826891814
4.30013916015625,7.933162841796874,1.1658935546875002,2.084563758389243,0.9364912736366718
7.42201416015625,9.904832763671875,1.1658935546875002,3.340939597315603,0.9665820975476886
3.05138916015625,4.185037841796874,9.9492431640625,1.5489932885905813,0.9179311746987913
6.17326416015625,4.185037841796874,9.9492431640625,2.797315436241697,0.9540775922124137
3.05138916015625,8.655457763671874,9.9492431640625,1.5865771812080303,0.9613173849397939
3.05138916015625,4.185037841796874,4.8783935546874995,1.5503355704697759,0.9073184965644461
6.17326416015625,8.655457763671874,4.8783935546874995,2.8362416107383472,0.9753453598161933
8.04638916015625,9.182537841796876,4.9992431640624995,3.5879194630874514,0.9818844796189117
1.17826416015625,9.182537841796876,4.9992431640624995,0.8402684563758289,0.922583007423941
8.04638916015625,3.6579577636718748,4.9992431640624995,3.5382550335572427,0.9530662365429552
8.04638916015625,9.182537841796876,9.8283935546875,3.590604026845841,0.9843225282241631
1.17826416015625,3.6579577636718748,9.8283935546875,0.7906040268456285,0.8116742371002869
5.54888916015625,1.6862878417968747,7.4742431640625,2.4416107382550676,0.8676003713787188
8.67076416015625,1.6862878417968747,7.4742431640625,3.6899328859062583,0.9107288531702147
5.54888916015625,1.1592077636718747,7.4742431640625,2.3624161073825727,0.8067340636664668
5.54888916015625,1.6862878417968747,7.3533935546875,2.4416107382550676,0.8672630778058955
8.67076416015625,1.1592077636718747,7.3533935546875,3.6093959731545686,0.8694669747174109
0.55388916015625,6.683787841796875,2.5242431640625003,0.5744966442952968,0.8087673932501076
3.67576416015625,6.683787841796875,2.5242431640625003,1.8268456375838649,0.9391913784592696
0.55388916015625,6.156707763671874,2.5242431640625003,0.5691275167785184,0.7895298311222536
0.55388916015625,6.683787841796875,2.4033935546875003,0.5744966442952968,0.8069432235263129
3.67576416015625,6.156707763671874,2.4033935546875003,1.822818791946281,0.9327697602669116
0.39779541015625003,4.028865966796874,3.9164306640625,0.44832214765100376,0.5777754565421754
1.64654541015625,4.028865966796874,3.9164306640625,0.986577181208041,0.843259025591484
0.39779541015625003,2.5647546386718747,3.9164306640625,0.4214765100671116,0.4116251888808464
0.39779541015625003,4.028865966796874,1.3205810546875,0.4389261744966415,0.5360196036965998
1.64654541015625,2.5647546386718747,1.3205810546875,0.9261744966442838,0.6911465463294162
5.39279541015625,9.026365966796876,8.8664306640625,2.524832214765147,0.9764775524221181
6.64154541015625,9.026365966796876,8.8664306640625,3.0241610738256233,0.9804238696221026
5.39279541015625,7.562254638671874,8.8664306640625,2.518120805369173,0.9716257075199723
5.39279541015625,9.026365966796876,6.2705810546875,2.524832214765147,0.9748800617456914
6.64154541015625,7.562254638671874,6.2705810546875,3.018791946308844,0.9749846671268332
7.89029541015625,1.5301159667968747,1.4414306640625,3.3664429530203046,0.8388532997192927
4.14404541015625,1.5301159667968747,1.4414306640625,1.8550335570469516,0.7416399944570049
7.89029541015625,5.0635046386718745,1.4414306640625,3.5006711409397875,0.9460793720606395
7.89029541015625,1.5301159667968747,8.7455810546875,3.3583892617451356,0.895124733215575
4.14404541015625,5.0635046386718745,8.7455810546875,1.9986577181207745,0.946126647857909
2.89529541015625,6.5276159667968745,6.3914306640625,1.512751677852327,0.9419424423456924
9.13904541015625,6.5276159667968745,6.3914306640625,4.012080536913017,0.9783360506514897
2.89529541015625,0.06600463867187499,6.3914306640625,0.4026845637583871,0.014212088222263265
2.89529541015625,6.5276159667968745,3.7955810546875,1.512751677852327,0.9342866545857678
9.13904541015625,0.06600463867187499,3.7955810546875,0.41073825503355477,0.014221556727694287
4.14404541015625,0.280740966796875,7.6289306640625,0.4348993288590577,0.06483407736906018
7.89029541015625,0.280740966796875,7.6289306640625,2.336912751677871,0.4245619136466995
4.14404541015625,1.3153796386718748,7.6289306640625,1.8322147651006433,0.7821861555799574
4.14404541015625,0.280740966796875,2.5580810546875004,0.42953020134227926,0.06047513799910299
7.89029541015625,1.3153796386718748,2.5580810546875004,3.3342281879196287,0.8431916389329029
9.13904541015625,5.278240966796875,2.6789306640625004,4.001342281879459,0.9652237384527678
2.89529541015625,5.278240966796875,2.6789306640625004,1.5033557046979646,0.9100980525990328
9.13904541015625,6.312879638671874,2.6789306640625004,4.010738255033822,0.9709949842155706
9.13904541015625,5.278240966796875,7.5080810546875,4.000000000000264,0.9736565805707649
2.89529541015625,6.312879638671874,7.5080810546875,1.5114093959731323,0.9417314042557355
6.64154541015625,2.7794909667968746,5.1539306640625,2.948993288590713,0.9267204054551378
5.39279541015625,2.7794909667968746,5.1539306640625,2.4496644295302366,0.9123382912259509
6.64154541015625,8.811629638671874,5.1539306640625,3.0241610738256233,0.9776316419137688
6.64154541015625,2.7794909667968746,9.9830810546875,2.947651006711518,0.9344944661922336
5.39279541015625,8.811629638671874,9.9830810546875,2.523489932885952,0.9762212779550394
1.64654541015625,7.776990966796874,0.2039306640625,1.0053691275167655,0.819887961313033
0.39779541015625003,7.776990966796874,0.2039306640625,0.4939597315436204,0.712263073366419
1.64654541015625,3.8141296386718744,0.2039306640625,0.9409395973154244,0.7033705391094796
1.64654541015625,7.776990966796874,5.0330810546875,1.0214765100671008,0.924748170676821
0.39779541015625003,3.8141296386718744,5.0330810546875,0.44429530201341993,0.5616458030829514
2.2709204101562497,2.1548034667968747,5.7726806640624995,1.1718120805368968,0.7780077639428646
3.51967041015625,2.1548034667968747,5.7726806640624995,1.6697986577180959,0.8426001695788079
2.2709204101562497,8.186942138671876,5.7726806640624995,1.2724832214764923,0.9439638807135711
2.2709204101562497,2.1548034667968747,3.1768310546875003,1.1704697986577022,0.7536352689796201
3.51967041015625,8.186942138671876,3.1768310546875003,1.771812080536886,0.9524590274548288
7.26592041015625,7.152303466796874,0.8226806640625,3.268456375839082,0.944289232684214
8.51467041015625,7.152303466796874,0.8226806640625,3.7677852348995584,0.9507430041858432
7.26592041015625,3.1894421386718745,0.8226806640625,3.216107382550484,0.8887460706502494
7.26592041015625,7.152303466796874,8.1268310546875,3.2657718120806924,0.9766805390996354
8.51467041015625,3.1894421386718745,8.1268310546875,3.7127516778525704,0.9533060806229026
9.76342041015625,4.6535534667968745,8.2476806640625,4.242953020134528,0.9723156997617914
1.02217041015625,4.6535534667968745,8.2476806640625,0.7449664429530118,0.8390206487140707
9.76342041015625,0.690692138671875,8.2476806640625,3.8711409395975602,0.8062468747563423
9.76342041015625,4.6535534667968745,5.6518310546874995,4.242953020134528,0.9701718174655616
1.02217041015625,0.690692138671875,5.6518310546874995,0.413422818791944,0.13969867474553946
4.76842041015625,9.651053466796874,3.2976806640625003,2.2778523489932985,0.9690973551353992
6.0171704101562495,9.651053466796874,3.2976806640625003,2.7771812080537748,0.9745989693441633
4.76842041015625,5.688192138671875,3.2976806640625003,2.256375838926181,0.9471120639465884
4.76842041015625,9.651053466796874,0.7018310546875,2.2791946308724933,0.9366978213160391
6.0171704101562495,5.688192138671875,0.7018310546875,2.7570469798658523,0.915988098069729
3.51967041015625,3.4041784667968744,2.0601806640625,1.7234899328858801,0.8709754739408878
7.26592041015625,3.4041784667968744,2.0601806640625,3.221476510067263,0.9271251556555867
3.51967041015625,6.9375671386718745,2.0601806640625,1.7664429530201076,0.934632446223046
3.51967041015625,3.4041784667968744,4.4143310546875,1.720805369127491,0.8952023798122988
7.26592041015625,6.9375671386718745,4.4143310546875,3.2644295302014976,0.9723954452761303
8.51467041015625,8.401678466796875,7.0101806640625,3.771812080537143,0.9825301341124322
2.2709204101562497,8.401678466796875,7.0101806640625,1.273825503355687,0.947656829746392
8.51467041015625,1.9400671386718746,7.0101806640625,3.6510067114096083,0.9204148764470177
8.51467041015625,8.401678466796875,9.3643310546875,3.771812080537143,0.9834523315179278
2.2709204101562497,1.9400671386718746,9.3643310546875,1.1557046979865615,0.7666647724179694
6.0171704101562495,0.9054284667968749,4.5351806640625,2.4818791946309124,0.7520268758272868
9.76342041015625,0.9054284667968749,4.5351806640625,3.9785234899331465,0.8368581892077391
6.0171704101562495,4.438817138671874,4.5351806640625,2.7409395973155144,0.9489744379606191
6.0171704101562495,0.9054284667968749,6.8893310546875,2.479194630872523,0.7667279980383845
9.76342041015625,4.438817138671874,6.8893310546875,4.238926174496943,0.9698550142392084
1.02217041015625,5.902928466796874,9.4851806640625,0.7583892617449579,0.8794694895426362
4.76842041015625,5.902928466796874,9.4851806640625,2.257718120805376,0.959736834479388
1.02217041015625,9.436317138671875,9.4851806640625,0.7771812080536824,0.9270791921303194
1.02217041015625,5.902928466796874,1.9393310546875002,0.7583892617449579,0.831196972564664
4.76842041015625,9.436317138671875,1.9393310546875002,2.2778523489932985,0.9611467099565993
0.70998291015625,1.2177722167968748,1.1320556640625001,0.4147651006711386,0.21514853485292798
5.08060791015625,1.2177722167968748,1.1320556640625001,2.1664429530201277,0.7145283272825443
0.70998291015625,0.378348388671875,1.1320556640625001,0.4026845637583871,0.07384776631161573
0.70998291015625,1.2177722167968748,9.0549560546875,0.4187919463087224,0.23677411205566426
5.08060791015625,0.378348388671875,9.0549560546875,1.4496644295301804,0.3609013673637234
5.70498291015625,6.215272216796874,6.0820556640625,2.634899328859123,0.9645883787793397
0.08560791015625,6.215272216796874,6.0820556640625,0.40805369127516555,0.6775792323786706
5.70498291015625,5.375848388671875,6.0820556640625,2.626845637583954,0.9587887884100779
5.70498291015625,6.215272216796874,4.1049560546874995,2.634899328859123,0.9610016837154682
0.08560791015625,5.375848388671875,4.1049560546874995,0.40671140939597095,0.626121308393475
8.20248291015625,3.7165222167968746,3.6070556640625,3.6013422818793996,0.9503671258854869
7.57810791015625,3.7165222167968746,3.6070556640625,3.3516778523491615,0.946751580328585
8.20248291015625,7.874598388671874,3.6070556640625,3.645637583892829,0.9770792721501851
8.20248291015625,3.7165222167968746,1.6299560546875,3.6040268456377893,0.9335469020481977
7.57810791015625,7.874598388671874,1.6299560546875,3.395973154362591,0.9658166268468965
3.2074829101562496,8.714022216796875,8.5570556640625,1.6496644295301768,0.962311213934236
2.58310791015625,8.714022216796875,8.5570556640625,1.3986577181207853,0.955176933975501
3.2074829101562496,2.877098388671875,8.5570556640625,1.5785234899328626,0.8814639845239933
3.2074829101562496,8.714022216796875,6.5799560546875,1.6496644295301768,0.9604912810129242
2.58310791015625,2.877098388671875,6.5799560546875,1.3302013422818604,0.8543232965643708
4.45623291015625,4.965897216796875,7.3195556640624995,2.1221476510066983,0.9466663763288947
3.8318579101562498,4.965897216796875,7.3195556640624995,1.8724832214764815,0.9396815712385793
4.45623291015625,4.126473388671875,7.3195556640624995,2.110067114093945,0.9356170832456927
4.45623291015625,4.965897216796875,7.8174560546875,2.1221476510066983,0.9472609661001743
3.8318579101562498,4.126473388671875,7.8174560546875,1.86040268456373,0.9279809532749241
9.45123291015625,9.963397216796874,2.3695556640625,4.153020134228474,0.9813378835759133
8.82685791015625,9.963397216796874,2.3695556640625,3.903355704698236,0.9801764735281688
9.45123291015625,9.123973388671875,2.3695556640625,4.150335570470085,0.9796154368899479
9.45123291015625,9.963397216796874,2.8674560546875,4.153020134228474,0.9827748584831772
8.82685791015625,9.123973388671875,2.8674560546875,3.9006711409398465,0.9799795010361423
6.9537329101562495,2.467147216796875,9.7945556640625,3.059060402684689,0.9288544592000797
1.33435791015625,2.467147216796875,9.7945556640625,0.8120805369127422,0.7258652238609089
6.9537329101562495,6.625223388671874,9.7945556640625,3.136912751677989,0.9743936249606954
6.9537329101562495,2.467147216796875,0.3924560546875,3.041610738255156,0.8269766519611976
1.33435791015625,6.625223388671874,0.3924560546875,0.8765100671140833,0.8019747397174741
1.95873291015625,7.464647216796874,4.8445556640625,1.14362416107381,0.9288471960202047
6.32935791015625,7.464647216796874,4.8445556640625,2.89261744966453,0.9717453291440116
1.95873291015625,1.6277233886718747,4.8445556640625,0.9932885906040141,0.6541587245004971
1.95873291015625,7.464647216796874,5.3424560546875,1.14362416107381,0.9304297500469971
6.32935791015625,1.6277233886718747,5.3424560546875,2.7489932885906834,0.8703843132804501
1.33435791015625,3.0918347167968747,9.1758056640625,0.8375838926174397,0.7888560706798328
9.45123291015625,3.0918347167968747,9.1758056640625,4.084563758389538,0.957024801762258
1.33435791015625,6.000535888671874,9.1758056640625,0.8845637583892509,0.8989777162590995
1.33435791015625,3.0918347167968747,7.1987060546874995,0.8375838926174397,0.7821483058688649
9.45123291015625,6.000535888671874,7.1987060546874995,4.132885906040552,0.9776138827760343
6.32935791015625,8.089334716796875,4.2258056640624995,2.8966442953021145,0.9731513081487709
4.45623291015625,8.089334716796875,4.2258056640624995,2.1463087248322053,0.963560743433111
6.32935791015625,1.0030358886718749,4.2258056640624995,2.6389261744967074,0.7821559823584671
6.32935791015625,8.089334716796875,2.2487060546875,2.8966442953021145,0.9664129547355875
4.45623291015625,1.0030358886718749,2.2487060546875,1.873825503355676,0.6752824094328406
8.82685791015625,0.5930847167968749,6.7008056640625,3.4308724832216564,0.7468255658353731
6.9537329101562495,0.5930847167968749,6.7008056640625,2.680536912751747,0.6865878500476693
8.82685791015625,3.5017858886718747,6.7008056640625,3.8456375838928585,0.9574788674277371
8.82685791015625,0.5930847167968749,4.7237060546875,3.433557046980046,0.7341575269808815
6.9537329101562495,3.5017858886718747,4.7237060546875,3.096644295302144,0.9432145818938842
3.8318579101562498,5.590584716796874,1.7508056640625,1.8818791946308437,0.919593945332509
1.95873291015625,5.590584716796874,1.7508056640625,1.1328859060402532,0.8735583918509926
3.8318579101562498,8.499285888671874,1.7508056640625,1.8993288590603736,0.9462483717008454
3.8318579101562498,5.590584716796874,9.6737060546875,1.8791946308724545,0.9488434483972039
1.95873291015625,8.499285888671874,9.6737060546875,1.1489932885905885,0.9454952103533807
2.58310791015625,1.8424597167968748,2.9883056640625,1.2711409395972977,0.7358420947813145
0.70998291015625,1.8424597167968748,2.9883056640625,0.4348993288590577,0.32915088455964336
2.58310791015625,9.748660888671875,2.9883056640625,1.4040268456375637,0.9490133506146146
2.58310791015625,1.8424597167968748,5.9612060546875,1.2724832214764923,0.7645328320233765
0.70998291015625,9.748660888671875,5.9612060546875,0.6550335570469732,0.9094670829942686
7.57810791015625,6.839959716796875,7.9383056640625,3.3892617449666167,0.9764533896061064
5.70498291015625,6.839959716796875,7.9383056640625,2.6389261744967074,0.969468456650253
7.57810791015625,4.751160888671874,7.9383056640625,3.3691275167786943,0.9654356246664589
7.57810791015625,6.839959716796875,1.0112060546875001,3.3906040268458115,0.9496284128882673
5.70498291015625,4.751160888671874,1.0112060546875001,2.6228187919463695,0.9129739335747352
5.08060791015625,4.341209716796874,0.5133056640625,2.361073825503378,0.8705869933745065
3.2074829101562496,4.341209716796874,0.5133056640625,1.6067114093959494,0.8312718743637251
5.08060791015625,2.2524108886718746,0.5133056640625,2.2791946308724933,0.789616901134826
5.08060791015625,4.341209716796874,3.4862060546875,2.3637583892617675,0.9349731636404169
3.2074829101562496,2.2524108886718746,3.4862060546875,1.553020134228165,0.8211877545141483
0.08560791015625,9.338709716796876,5.4633056640625,0.4120805369127494,0.7874483888290627
8.20248291015625,9.338709716796876,5.4633056640625,3.6510067114096083,0.9829270709654947
0.08560791015625,7.249910888671875,5.4633056640625,0.40939597315436016,0.7206562201060535
0.08560791015625,9.338709716796876,8.4362060546875,0.4120805369127494,0.7948421159842783
8.20248291015625,7.249910888671875,8.4362060546875,3.6416107382552445,0.9796441989029349
0.06609619140625,4.360731201171874,8.8470947265625,0.40402684563758173,0.5710162535489394
0.37828369140625,4.360731201171874,8.8470947265625,0.4536912751677822,0.6270226852886998
0.06609619140625,8.870194091796876,8.8470947265625,0.40805369127516555,0.7801219746588508
0.06609619140625,4.360731201171874,2.2293701171875,0.40402684563758173,0.5506968962485245
0.37828369140625,8.870194091796876,2.2293701171875,0.5140939597315395,0.8285088477054019
5.06109619140625,9.358231201171876,3.8970947265625004,2.3932885906040537,0.9711115053447654
5.37328369140625,9.358231201171876,3.8970947265625004,2.5194630872483676,0.9727829789129046
5.06109619140625,3.8726940917968746,3.8970947265625004,2.3476510067114296,0.9291271507388613
5.06109619140625,9.358231201171876,7.1793701171875,2.3932885906040537,0.9751413348980786
5.37328369140625,3.8726940917968746,7.1793701171875,2.4724832214765486,0.9411982148508555
7.55859619140625,1.8619812011718748,6.3720947265625,3.261744966443108,0.9060514074179927
2.87578369140625,1.8619812011718748,6.3720947265625,1.3919463087248123,0.7887438553083084
7.55859619140625,1.3739440917968748,6.3720947265625,3.205369127516925,0.872602037082416
7.55859619140625,1.8619812011718748,9.6543701171875,3.261744966443108,0.9119850016130421
2.87578369140625,1.3739440917968748,9.6543701171875,1.3328859060402496,0.7222837135321345
2.56359619140625,6.859481201171874,1.4220947265625001,1.3838926174496446,0.9045991628321066
7.87078369140625,6.859481201171874,1.4220947265625001,3.5073825503357616,0.959369112961318
2.56359619140625,6.371444091796874,1.4220947265625001,1.3812080536912554,0.8981698091226122
2.56359619140625,6.859481201171874,4.7043701171875,1.38255033557045,0.9354902994521919
7.87078369140625,6.371444091796874,4.7043701171875,3.503355704698177,0.97254319612
3.8123461914062498,0.6126062011718749,2.6595947265625,1.3046979865771628,0.4336551494766175
9.11953369140625,0.6126062011718749,2.6595947265625,3.5624161073827496,0.7228832504615074
3.8123461914062498,5.122069091796875,2.6595947265625,1.8684563758388977,0.9245528814250374
3.8123461914062498,0.6126062011718749,0.9918701171875,1.181208053691259,0.36904221393844927
9.11953369140625,5.122069091796875,0.9918701171875,3.9932885906042896,0.9429220435038963
8.80734619140625,5.610106201171875,7.6095947265625,3.8711409395975602,0.974534150103609
4.12453369140625,5.610106201171875,7.6095947265625,1.99731543624158,0.9503759388530935
8.80734619140625,0.12456909179687499,7.6095947265625,0.43087248322147387,0.02904354746041274
8.80734619140625,5.610106201171875,5.9418701171874995,3.8711409395975602,0.9732284527305343
4.12453369140625,0.12456909179687499,5.9418701171874995,0.40939597315436016,0.027000008570323808
6.30984619140625,3.1113562011718745,0.1845947265625,2.7932885906041127,0.820884946227147
6.62203369140625,3.1113562011718745,0.1845947265625,2.9194630872484266,0.8255160549775831
6.30984619140625,2.6233190917968745,0.1845947265625,2.766442953020216,0.800343734428726
6.30984619140625,3.1113562011718745,8.4168701171875,2.8268456375839834,0.9374604252383741
6.62203369140625,2.6233190917968745,8.4168701171875,2.9342281879195697,0.9287814803380788
1.3148461914062501,8.108856201171875,5.1345947265625,0.8899328859060294,0.9174190072362971
1.62703369140625,8.108856201171875,5.1345947265625,1.0147651006711278,0.9274913306501558
1.3148461914062501,7.620819091796874,5.1345947265625,0.8872483221476402,0.9117452374365336
1.3148461914062501,8.108856201171875,3.4668701171875003,0.8899328859060294,0.9087012790169982
1.62703369140625,7.620819091796874,3.4668701171875003,1.0134228187919332,0.9149496709175509
1.93922119140625,2.4866687011718747,0.8033447265625,1.0281879194630739,0.6846160653925486
4.74890869140625,2.4866687011718747,0.8033447265625,2.1744966442952967,0.8173710412844208
1.93922119140625,4.4973815917968745,0.8033447265625,1.1033557046979718,0.8068014488306873
1.93922119140625,2.4866687011718747,4.0856201171875,1.0577181208053552,0.7718932681215035
4.74890869140625,4.4973815917968745,4.0856201171875,2.233557046979869,0.9365478360611204
6.93422119140625,7.484168701171875,5.7533447265625,3.135570469798794,0.9752128629961847
9.74390869140625,7.484168701171875,5.7533447265625,4.260402684564061,0.981944200475497
6.93422119140625,9.494881591796876,5.7533447265625,3.143624161073963,0.9806203777094353
6.93422119140625,7.484168701171875,9.0356201171875,3.1342281879195992,0.9771121487171135
9.74390869140625,9.494881591796876,9.0356201171875,3.150335570469937,1.0201595873061589
9.43172119140625,4.9854187011718745,3.2783447265625,4.115436241611019,0.9667146142316003
2.2514086914062497,4.9854187011718745,3.2783447265625,1.2416107382550163,0.8926323204070136
9.43172119140625,6.996131591796875,3.2783447265625,4.132885906040552,0.976477737685598
9.43172119140625,4.9854187011718745,6.5606201171875,4.114093959731824,0.9721762124311139
2.2514086914062497,6.996131591796875,6.5606201171875,1.2577181208053516,0.9351506561092638
4.43672119140625,9.982918701171876,8.2283447265625,2.1463087248322053,0.9748289128175387
7.24640869140625,9.982918701171876,8.2283447265625,3.269798657718277,0.9836003635956923
4.43672119140625,1.9986315917968747,8.2283447265625,2.024161073825476,0.8670692037772911
4.43672119140625,9.982918701171876,1.6106201171875,2.1463087248322053,0.9573778536709987
7.24640869140625,1.9986315917968747,1.6106201171875,3.1543624161075217,0.8685770323616366
3.18797119140625,3.736043701171875,6.9908447265625,1.594630872483198,0.9058661437374919
5.99765869140625,3.736043701171875,6.9908447265625,2.719463087248397,0.9442671472613722
3.18797119140625,0.749256591796875,6.9908447265625,1.232214765100654,0.5043765916707136
3.18797119140625,3.736043701171875,2.8481201171875004,1.5973154362415871,0.8846187840820927
5.99765869140625,0.749256591796875,2.8481201171875004,2.3959731543624434,0.6789898190280452
8.18297119140625,8.733543701171875,2.0408447265625003,3.6416107382552445,0.9741217652238563
1.00265869140625,8.733543701171875,2.0408447265625003,0.7691275167785148,0.8860657076561465
8.18297119140625,5.746756591796874,2.0408447265625003,3.6241610738257117,0.9607045548111528
8.18297119140625,8.733543701171875,7.7981201171875,3.6402684563760497,0.9829443326750906
1.00265869140625,5.746756591796874,7.7981201171875,0.7503355704697903,0.8712999238358008
5.68547119140625,1.2372937011718748,9.4658447265625,2.430872483221509,0.8279372804114975
8.49515869140625,1.2372937011718748,9.4658447265625,3.5543624161075806,0.8797579581136377
5.68547119140625,8.245506591796875,9.4658447265625,2.6389261744967074,0.9755843528939758
5.68547119140625,1.2372937011718748,5.3231201171875,2.4348993288590934,0.8132548663875492
8.49515869140625,8.245506591796875,5.3231201171875,3.763758389261974,0.9810246692534066
0.69047119140625,6.234793701171874,4.5158447265624995,0.6295302013422757,0.8387386309790039
3.50015869140625,6.234793701171874,4.5158447265624995,1.7530201342281615,0.9433051986236234
0.69047119140625,3.248006591796875,4.5158447265624995,0.5637583892617399,0.6359412709987367
0.69047119140625,6.234793701171874,0.37312011718750004,0.6067114093959673,0.7297354527690485
3.50015869140625,3.248006591796875,0.37312011718750004,1.6859060402684312,0.787275772000712
1.00265869140625,0.924949951171875,6.0627197265624995,0.420134228187917,0.18495765376219275
6.30984619140625,0.924949951171875,6.0627197265624995,2.604026845637642,0.7770586549022885
1.00265869140625,6.683787841796875,6.0627197265624995,0.7570469798657633,0.8856213359443054
1.00265869140625,0.924949951171875,8.1074951171875,0.4214765100671116,0.18775381096924465
6.30984619140625,6.683787841796875,8.1074951171875,2.8805369127517766,0.9715961333609335
5.99765869140625,5.922449951171874,1.1127197265625002,2.751677852349073,0.934051807561159
1.3148461914062501,5.922449951171874,1.1127197265625002,0.8738255033556941,0.8283498920682452
5.99765869140625,1.6862878417968747,1.1127197265625002,2.62013422818798,0.8044622272559542
5.99765869140625,5.922449951171874,3.1574951171875,2.750335570469878,0.9575985045565536
1.3148461914062501,1.6862878417968747,3.1574951171875,0.6979865771812006,0.5133784853054915
8.49515869140625,3.4236999511718746,8.5377197265625,3.7114093959733756,0.9568342837039396
8.80734619140625,3.4236999511718746,8.5377197265625,3.8362416107384947,0.9582312804654518
8.49515869140625,4.185037841796874,8.5377197265625,3.7275167785237135,0.9649231775379772
8.49515869140625,3.4236999511718746,0.6824951171875,3.7140939597317653,0.899178212547649
8.80734619140625,4.185037841796874,0.6824951171875,3.856375838926417,0.9166515871341672
3.50015869140625,8.421199951171875,3.5877197265625003,1.765100671140913,0.9553784381559047
3.8123461914062498,8.421199951171875,3.5877197265625003,1.8899328859060114,0.958278898272914
3.50015869140625,9.182537841796876,3.5877197265625003,1.7691275167784968,0.9594249874162165
3.50015869140625,8.421199951171875,5.6324951171875,1.765100671140913,0.9603828124400322
3.8123461914062498,9.182537841796876,5.6324951171875,1.8939597315435952,0.9664085837045655
4.74890869140625,4.673074951171874,2.3502197265625,2.2375838926174536,0.9275179296270089
2.56359619140625,4.673074951171874,2.3502197265625,1.3637583892617255,0.8850459196613302
4.74890869140625,7.933162841796874,2.3502197265625,2.2630872483221554,0.9570708551866158
4.74890869140625,4.673074951171874,9.3449951171875,2.236241610738259,0.9483949845736845
2.56359619140625,7.933162841796874,9.3449951171875,1.3879194630872285,0.9511594577820364
9.74390869140625,9.670574951171876,7.3002197265625,4.271140939597619,0.9869886424864845
7.55859619140625,9.670574951171876,7.3002197265625,3.394630872483396,0.9834179844838682
9.74390869140625,2.9356628417968746,7.3002197265625,4.195973154362709,0.9542225516320508
9.74390869140625,9.670574951171876,4.3949951171874995,4.269798657718424,0.9851947929481185
7.55859619140625,2.9356628417968746,4.3949951171874995,3.3221476510068753,0.9358225888856151
7.24640869140625,2.1743249511718745,4.8252197265625,3.161073825503496,0.9118073976140421
0.06609619140625,2.1743249511718745,4.8252197265625,0.4013422818791925,0.3544657518212193
7.24640869140625,0.43691284179687495,4.8252197265625,2.5919463087248884,0.5789911779141199
7.24640869140625,2.1743249511718745,1.9199951171875,3.1651006711410803,0.8851311723419788
0.06609619140625,0.43691284179687495,1.9199951171875,0.3999999999999979,0.08609484700097637
2.2514086914062497,7.171824951171875,9.7752197265625,1.2590604026845462,0.9408763712094542
5.06109619140625,7.171824951171875,9.7752197265625,2.38389261744969,0.9689106639128007
2.2514086914062497,5.434412841796875,9.7752197265625,1.2456375838926002,0.9212734160602268
2.2514086914062497,7.171824951171875,6.8699951171875,1.2590604026845462,0.9374305957182465
5.06109619140625,5.434412841796875,6.8699951171875,2.3704697986577417,0.9560244406600467
1.62703369140625,2.799012451171875,4.2064697265625,0.9449664429530082,0.7716626617868493
8.18297119140625,2.799012451171875,4.2064697265625,3.566442953020334,0.9364850744023568
1.62703369140625,2.310975341796875,4.2064697265625,0.9208053691275053,0.7201258165551268
1.62703369140625,2.799012451171875,6.2512451171875,0.9449664429530082,0.7859018133108461
8.18297119140625,2.310975341796875,6.2512451171875,3.543624161074022,0.9294906119209192
6.62203369140625,7.796512451171874,9.1564697265625,3.01208053691287,0.9773632106476091
3.18797119140625,7.796512451171874,9.1564697265625,1.6375838926174253,0.9578632425418987
6.62203369140625,7.308475341796874,9.1564697265625,3.00939597315448,0.9757460949758221
6.62203369140625,7.796512451171874,1.3012451171875001,3.0134228187920646,0.9565799414698677
3.18797119140625,7.308475341796874,1.3012451171875001,1.6362416107382307,0.9192756880245863
9.11953369140625,0.300262451171875,1.7314697265625,2.791946308724918,0.4504088486921284
5.68547119140625,0.300262451171875,1.7314697265625,1.0026845637583763,0.18839979032863968
9.11953369140625,9.807225341796874,1.7314697265625,4.020134228188186,0.9772997068959526
9.11953369140625,0.300262451171875,3.7762451171875,2.9436241610739335,0.49791506795503854
5.68547119140625,9.807225341796874,3.7762451171875,2.6456375838926816,0.9750221471016117
4.12453369140625,5.297762451171875,6.6814697265625,1.993288590603996,0.9459152708101162
0.69047119140625,5.297762451171875,6.6814697265625,0.6201342281879134,0.8161398275840844
4.12453369140625,4.809725341796875,6.6814697265625,1.9879194630872177,0.9403974973110072
4.12453369140625,5.297762451171875,8.7262451171875,1.993288590603996,0.9483094219006376
0.69047119140625,4.809725341796875,8.7262451171875,0.6134228187919404,0.7987693068721466
2.87578369140625,1.5496374511718747,7.9189697265625,1.3583892617449471,0.7507149622915883
1.93922119140625,1.5496374511718747,7.9189697265625,0.9785234899328734,0.6510697813901563
2.87578369140625,3.5603503417968745,7.9189697265625,1.4657718120805157,0.8950941070390799
2.87578369140625,1.5496374511718747,7.4887451171874995,1.3583892617449471,0.7490037368566593
1.93922119140625,3.5603503417968745,7.4887451171874995,1.092617449664415,0.8588916729254679
7.87078369140625,6.547137451171874,2.9689697265625004,3.504697986577372,0.9691958569011985
6.93422119140625,6.547137451171874,2.9689697265625004,3.1302013422820147,0.9655693205044752
7.87078369140625,8.557850341796875,2.9689697265625004,3.5154362416109306,0.9765465412735914
7.87078369140625,6.547137451171874,2.5387451171875,3.504697986577372,0.9673196640311613
6.93422119140625,8.557850341796875,2.5387451171875,3.1409395973155734,0.9721566958081593
5.37328369140625,4.048387451171875,5.4439697265625,2.4751677852349383,0.9405226804580507
4.43672119140625,4.048387451171875,5.4439697265625,2.100671140939581,0.930190874926774
5.37328369140625,6.059100341796874,5.4439697265625,2.50067114093964,0.9607217592588302
5.37328369140625,4.048387451171875,5.0137451171875,2.476510067114133,0.9396666889581461
4.43672119140625,6.059100341796874,5.0137451171875,2.126174496644283,0.9529879154342035
0.37828369140625,9.045887451171875,0.49396972656250004,0.5033557046979826,0.7710238754322458
9.43172119140625,9.045887451171875,0.49396972656250004,4.1436241610741105,0.9505253465900774
0.37828369140625,1.061600341796875,0.49396972656250004,0.40402684563758173,0.1851773529463657
0.37828369140625,9.045887451171875,9.9637451171875,0.5181208053691233,0.8747283116635678
9.43172119140625,1.061600341796875,9.9637451171875,3.887248322147898,0.8730326629381475
0.53437744140625,1.7058093261718748,3.4330322265625,0.4174496644295278,0.29927123223184704
5.21718994140625,1.7058093261718748,3.4330322265625,2.3154362416107537,0.840001710675492
0.53437744140625,7.776990966796874,3.4330322265625,0.5758389261744914,0.8479216578255695
0.53437744140625,1.7058093261718748,8.5715576171875,0.420134228187917,0.312028339732282
5.21718994140625,7.776990966796874,8.5715576171875,2.4496644295302366,0.971616059476829
5.5293774414062495,6.703309326171874,8.3830322265625,2.5677852348993815,0.9682542908858609
0.22218994140625,6.703309326171874,8.3830322265625,0.4335570469798631,0.7298334933823984
5.5293774414062495,2.7794909667968746,8.3830322265625,2.5033557046980297,0.9213435443346207
5.5293774414062495,6.703309326171874,3.6215576171875004,2.5691275167785763,0.9616958978391288
0.22218994140625,2.7794909667968746,3.6215576171875004,0.41073825503355477,0.4256125085055221
8.02687744140625,4.204559326171875,0.9580322265625,3.543624161074022,0.9232687285478509
7.71468994140625,4.204559326171875,0.9580322265625,3.418791946308903,0.9208980794682253
8.02687744140625,0.280740966796875,0.9580322265625,1.9463087248321849,0.3137948397522853
8.02687744140625,4.204559326171875,1.1465576171875,3.543624161074022,0.9293738655291381
7.71468994140625,0.280740966796875,1.1465576171875,1.8389261744966163,0.304393126556913
3.03187744140625,9.202059326171875,5.9080322265625,1.5812080536912518,0.9601124381764481
2.7196899414062496,9.202059326171875,5.9080322265625,1.4563758389261534,0.956723291805342
3.03187744140625,5.278240966796875,5.9080322265625,1.557046979865749,0.9293883731241719
3.03187744140625,9.202059326171875,6.0965576171875,1.5812080536912518,0.9603793716856752
2.7196899414062496,5.278240966796875,6.0965576171875,1.4308724832214559,0.9234221189477888
4.28062744140625,2.955184326171875,9.6205322265625,2.0107382550335275,0.9101806701963485
3.96843994140625,2.955184326171875,9.6205322265625,1.8859060402684276,0.9044257981082707
4.28062744140625,6.5276159667968745,9.6205322265625,2.0671140939597104,0.960300325321737
4.28062744140625,2.955184326171875,9.8090576171875,2.0107382550335275,0.9104114646245602
3.96843994140625,6.5276159667968745,9.8090576171875,1.942281879194601,0.9578749550568644
9.27562744140625,7.952684326171874,4.6705322265625,4.075167785235174,0.9812413447778452
8.96343994140625,7.952684326171874,4.6705322265625,3.950335570470055,0.9806458848673936
9.27562744140625,1.5301159667968747,4.6705322265625,3.9154362416109896,0.8987327538604629
9.27562744140625,7.952684326171874,4.8590576171875,4.075167785235174,0.981446228513954
8.96343994140625,1.5301159667968747,4.8590576171875,3.7906040268458705,0.8964963712261462
6.77812744140625,0.45643432617187496,7.1455322265625,2.445637583892652,0.5877130126671832
1.47093994140625,0.45643432617187496,7.1455322265625,0.413422818791944,0.09615225561283165
6.77812744140625,4.028865966796874,7.1455322265625,3.0375838926175716,0.9538590553373745
6.77812744140625,0.45643432617187496,2.3840576171875,2.3704697986577417,0.5336934885789583
1.47093994140625,4.028865966796874,2.3840576171875,0.9154362416107269,0.8107493869258129
1.7831274414062501,5.453934326171875,2.1955322265625004,1.0604026845637444,0.8717104043665304
6.4659399414062495,5.453934326171875,2.1955322265625004,2.932885906040375,0.9504930940271374
1.7831274414062501,9.026365966796876,2.1955322265625004,1.0818791946308581,0.9212834143209652
1.7831274414062501,5.453934326171875,7.3340576171875,1.0590604026845498,0.9039792881089814
6.4659399414062495,9.026365966796876,7.3340576171875,2.954362416107492,0.9793095641674858
2.40750244140625,4.829246826171874,6.5267822265625,1.300671140939579,0.9094640967064362
9.58781494140625,4.829246826171874,6.5267822265625,4.1744966442955915,0.9716375686016714
2.40750244140625,3.4041784667968744,6.5267822265625,1.2751677852348815,0.870485718351826
2.40750244140625,4.829246826171874,5.4778076171875,1.3020134228187736,0.9067714605215418
9.58781494140625,3.4041784667968744,5.4778076171875,4.147651006711695,0.9577127065313111
7.40250244140625,9.826746826171876,1.5767822265625002,3.332885906040434,0.9714367793555176
4.59281494140625,9.826746826171876,1.5767822265625002,2.2080536912751674,0.9573976699747683
7.40250244140625,8.401678466796875,1.5767822265625002,3.3275167785236546,0.9666418747870651
7.40250244140625,9.826746826171876,0.5278076171875,3.3342281879196287,0.9469818658239839
4.59281494140625,8.401678466796875,0.5278076171875,2.202684563758388,0.9175133255946122
9.90000244140625,2.3304968261718746,9.0017822265625,4.230872483221774,0.9446657914556584
7.09031494140625,2.3304968261718746,9.0017822265625,3.1073825503357027,0.925165766291694
9.90000244140625,5.902928466796874,9.0017822265625,4.311409395973464,0.9790366642098918
9.90000244140625,2.3304968261718746,3.0028076171875,4.233557046980164,0.9292696609546065
7.09031494140625,5.902928466796874,3.0028076171875,3.1879194630873924,0.9626790530878055
4.90500244140625,7.327996826171875,4.0517822265625,2.322147651006728,0.9623729136663202
2.09531494140625,7.327996826171875,4.0517822265625,1.198657718120789,0.9279943072152661
4.90500244140625,0.9054284667968749,4.0517822265625,2.0335570469798396,0.7001278316045816
4.90500244140625,7.327996826171875,7.9528076171875,2.322147651006728,0.9676931574371932
2.09531494140625,0.9054284667968749,7.9528076171875,0.816107382550326,0.4093791301004479
3.65625244140625,1.081121826171875,0.3392822265625,1.4429530201342073,0.5377079066731405
0.84656494140625,1.081121826171875,0.3392822265625,0.413422818791944,0.18466124209202647
3.65625244140625,2.1548034667968747,0.3392822265625,1.676510067114069,0.7180266925749375
3.65625244140625,1.081121826171875,6.7153076171874995,1.5879194630872249,0.6986279258314573
0.84656494140625,2.1548034667968747,6.7153076171874995,0.5503355704697939,0.5022636897570648
8.65125244140625,6.078621826171874,5.2892822265624995,3.8134228187921826,0.9743418166346305
5.84156494140625,6.078621826171874,5.2892822265624995,2.688590604026916,0.9634064670600639
8.65125244140625,7.152303466796874,5.2892822265624995,3.8201342281881567,0.978253510296003
8.65125244140625,6.078621826171874,1.7653076171875002,3.8134228187921826,0.9620738640007345
5.84156494140625,7.152303466796874,1.7653076171875002,2.696644295302085,0.954741859460202
6.15375244140625,3.5798718261718747,2.8142822265625003,2.7798657718121644,0.9285041737295295
3.3440649414062498,3.5798718261718747,2.8142822265625003,1.6563758389261498,0.8835401494429452
6.15375244140625,9.651053466796874,2.8142822265625003,2.8322147651007628,0.9736785340227464
6.15375244140625,3.5798718261718747,4.2403076171875,2.7785234899329696,0.9365077433192902
3.3440649414062498,9.651053466796874,4.2403076171875,1.7073825503355449,0.9617318928941136
1.15875244140625,8.577371826171875,7.7642822265625,0.8295302013422721,0.9228429080032945
8.33906494140625,8.577371826171875,7.7642822265625,3.702013422819012,0.982894249673954
1.15875244140625,4.6535534667968745,7.7642822265625,0.7999999999999907,0.8506394675164632
1.15875244140625,8.577371826171875,9.1903076171875,0.8295302013422721,0.9248915234288364
8.33906494140625,4.6535534667968745,9.1903076171875,3.6724832214767256,0.9684253214827614
0.84656494140625,3.2675280761718746,1.8861572265625002,0.6255033557046918,0.6488928267173295
1.7831274414062501,3.2675280761718746,1.8861572265625002,1.0214765100671008,0.7830223913386776
0.84656494140625,5.590584716796874,1.8861572265625002,0.6832214765100599,0.8017937018097412
0.84656494140625,3.2675280761718746,1.4559326171875002,0.6201342281879134,0.6342182477750773
1.7831274414062501,5.590584716796874,1.4559326171875002,1.061744966442939,0.8582957322199158
5.84156494140625,8.265028076171875,6.8361572265624995,2.7020134228188644,0.9748982902727823
6.77812744140625,8.265028076171875,6.8361572265624995,3.0765100671142216,0.9779826666514286
5.84156494140625,0.5930847167968749,6.8361572265624995,2.2308724832214795,0.6346412668370127
5.84156494140625,8.265028076171875,6.4059326171875,2.7020134228188644,0.9745578509528291
6.77812744140625,0.5930847167968749,6.4059326171875,2.610738255033616,0.677891231223396
8.33906494140625,0.768778076171875,4.3611572265625,3.3530201342283563,0.7791439248773147
4.28062744140625,0.768778076171875,4.3611572265625,1.7114093959731287,0.6100702972694882
8.33906494140625,3.0918347167968747,4.3611572265625,3.6402684563760497,0.9442073873774888
8.33906494140625,0.768778076171875,8.8809326171875,3.346308724832382,0.8009918783219964
4.28062744140625,3.0918347167968747,8.8809326171875,2.014765100671112,0.913166909137971
3.3440649414062498,5.766278076171875,9.3111572265625,1.6859060402684312,0.9445234628516308
9.27562744140625,5.766278076171875,9.3111572265625,4.059060402684836,0.9771221165180372
3.3440649414062498,8.089334716796875,9.3111572265625,1.7006711409395718,0.9608298693360747
3.3440649414062498,5.766278076171875,3.9309326171875,1.6859060402684312,0.9338022531836695
9.27562744140625,8.089334716796875,3.9309326171875,4.075167785235174,0.9805250881969307
4.59281494140625,2.018153076171875,5.5986572265625,2.0899328859060224,0.8640553132588946
8.02687744140625,2.018153076171875,5.5986572265625,3.4617449664431375,0.9158315860071838
4.59281494140625,9.338709716796876,5.5986572265625,2.2067114093959725,0.9716450140241255
4.59281494140625,2.018153076171875,0.2184326171875,2.0268456375838655,0.7250966133868011
8.02687744140625,9.338709716796876,0.2184326171875,3.575838926174698,0.9247153286183805
9.58781494140625,7.0156530761718745,0.6486572265625,4.197315436241904,0.9480169242762493
3.03187744140625,7.0156530761718745,0.6486572265625,1.570469798657695,0.8874049689739405
9.58781494140625,4.341209716796874,0.6486572265625,4.170469798658007,0.9221731888441063
9.58781494140625,7.0156530761718745,5.1684326171874995,4.194630872483514,0.979777755871103
3.03187744140625,4.341209716796874,5.1684326171874995,1.5449664429529975,0.9113800457937301
7.09031494140625,4.516903076171874,8.073657226562501,3.1704697986578596,0.9614061480091858
5.5293774414062495,4.516903076171874,8.073657226562501,2.5463087248322642,0.9520144607167427
7.09031494140625,1.8424597167968748,8.073657226562501,3.072483221476637,0.9033623382542351
7.09031494140625,4.516903076171874,7.6434326171875,3.1704697986578596,0.9610461012830822
5.5293774414062495,1.8424597167968748,7.6434326171875,2.4483221476510417,0.878914730544877
2.09531494140625,9.514403076171876,3.1236572265625,1.2080536912751512,0.9403656543759662
0.53437744140625,9.514403076171876,3.1236572265625,0.583892617449659,0.8765037369276415
2.09531494140625,6.839959716796875,3.1236572265625,1.1959731543623997,0.9168699000984923
2.09531494140625,9.514403076171876,2.6934326171875003,1.2080536912751512,0.9372959672554356
0.53437744140625,6.839959716796875,2.6934326171875003,0.5677852348993238,0.8127217297264715
1.47093994140625,0.14409057617187498,8.6924072265625,0.4026845637583871,0.030954230896066054
3.65625244140625,0.14409057617187498,8.6924072265625,0.41073825503355477,0.03169200411468406
1.47093994140625,1.2177722167968748,8.6924072265625,0.6604026845637516,0.41375077180219777
1.47093994140625,0.14409057617187498,4.5496826171875,0.4026845637583871,0.03035765270394735
3.65625244140625,1.2177722167968748,4.5496826171875,1.6187919463087008,0.7184887826451998
6.4659399414062495,5.1415905761718745,3.7424072265625004,2.9288590604027904,0.9563502100067676
8.65125244140625,5.1415905761718745,3.7424072265625004,3.804026845637819,0.9664347685112584
6.4659399414062495,6.215272216796874,3.7424072265625004,2.939597315436349,0.9641054565732103
6.4659399414062495,5.1415905761718745,9.4996826171875,2.9288590604027904,0.9642760405403735
8.65125244140625,6.215272216796874,9.4996826171875,3.8134228187921826,0.9775459024877151
8.96343994140625,2.6428405761718747,6.2174072265625,3.872483221476755,0.9433202545752757
1.15875244140625,2.6428405761718747,6.2174072265625,0.7476510067114011,0.7026976621186002
8.96343994140625,8.714022216796875,6.2174072265625,3.953020134228445,0.9835936553718932
8.96343994140625,2.6428405761718747,7.0246826171875,3.872483221476755,0.9446061558083234
1.15875244140625,8.714022216796875,7.0246826171875,0.8295302013422721,0.9224475207319787
3.96843994140625,7.640340576171874,1.2674072265625,1.9503355704697687,0.9328911610687524
6.15375244140625,7.640340576171874,1.2674072265625,2.8255033557047886,0.9523624441219176
3.96843994140625,3.7165222167968746,1.2674072265625,1.9100671140939305,0.8717514783340137
3.96843994140625,7.640340576171874,2.0746826171875,1.9503355704697687,0.9460659517114528
6.15375244140625,3.7165222167968746,2.0746826171875,2.783892617449749,0.9232767449528461
2.7196899414062496,3.8922155761718744,4.9799072265625,1.4120805369127314,0.8916042973482382
7.40250244140625,3.8922155761718744,4.9799072265625,3.28456375838942,0.9523319843100457
2.7196899414062496,4.965897216796875,4.9799072265625,1.4281879194630667,0.9152496736028977
2.7196899414062496,3.8922155761718744,3.3121826171875,1.413422818791926,0.8806862052773755
7.40250244140625,4.965897216796875,3.3121826171875,3.302013422818953,0.9583913992357933
7.71468994140625,8.889715576171875,9.9299072265625,3.4536912751679685,0.983073040494201
2.40750244140625,8.889715576171875,9.9299072265625,1.3302013422818604,0.9551793832770343
7.71468994140625,9.963397216796874,9.9299072265625,3.465771812080722,0.9850920964847512
7.71468994140625,8.889715576171875,8.2621826171875,3.4536912751679685,0.9825337809650033
2.40750244140625,9.963397216796874,8.2621826171875,1.3328859060402496,0.958734852674938
5.21718994140625,1.3934655761718748,2.5049072265625,2.2765100671141036,0.7915287840796339
9.90000244140625,1.3934655761718748,2.5049072265625,4.150335570470085,0.8766197611296769
5.21718994140625,7.464647216796874,2.5049072265625,2.4483221476510417,0.9588865659452949
5.21718994140625,1.3934655761718748,5.7871826171875,2.273825503355714,0.8239560174688074
9.90000244140625,7.464647216796874,5.7871826171875,4.322147651007023,0.9821246754499803
0.22218994140625,6.390965576171874,7.4549072265625,0.43087248322147387,0.7109917101242273
4.90500244140625,6.390965576171874,7.4549072265625,2.3154362416107537,0.9621952808065402
0.22218994140625,2.467147216796875,7.4549072265625,0.40939597315436016,0.3995244988729125
0.22218994140625,6.390965576171874,0.8371826171875,0.42416107382550083,0.6477672372232831
4.90500244140625,2.467147216796875,0.8371826171875,2.2375838926174536,0.8221146585654667
0.30023681640625,0.378348388671875,1.9635009765625002,0.4013422818791925,0.07527215213632962
8.72929931640625,0.378348388671875,1.9635009765625002,2.9892617449665577,0.5403160801818729
0.30023681640625,2.7014050292968745,1.9635009765625002,0.413422818791944,0.4083903848988519
0.30023681640625,0.378348388671875,2.7707763671875,0.4013422818791925,0.07600370859915788
8.72929931640625,2.7014050292968745,2.7707763671875,3.7825503355707015,0.92978038539486
5.29523681640625,5.375848388671875,6.9135009765625,2.463087248322185,0.9571810646253894
3.7342993164062497,5.375848388671875,6.9135009765625,1.8389261744966163,0.9428537974752356
5.29523681640625,7.698905029296874,6.9135009765625,2.4805369127517176,0.9705688526525298
5.29523681640625,5.375848388671875,7.7207763671875,2.463087248322185,0.9580196848730937
3.7342993164062497,7.698905029296874,7.7207763671875,1.8550335570469516,0.9611274564249104
7.79273681640625,2.877098388671875,4.4385009765625,3.4134228187921236,0.9363734905238439
6.23179931640625,2.877098388671875,4.4385009765625,2.7892617449665282,0.9226133405003714
7.79273681640625,5.200155029296875,4.4385009765625,3.4617449664431375,0.9653442024445316
7.79273681640625,2.877098388671875,5.2457763671875,3.4134228187921236,0.9388498539758691
6.23179931640625,5.200155029296875,5.2457763671875,2.8362416107383472,0.9593008045499515
2.7977368164062497,7.874598388671874,9.3885009765625,1.481879194630851,0.9540920724508515
1.23679931640625,7.874598388671874,9.3885009765625,0.8563758389261642,0.9203765173160274
2.7977368164062497,0.20265502929687498,9.3885009765625,0.41073825503355477,0.04424679543670348
2.7977368164062497,7.874598388671874,0.2957763671875,1.4738255033556833,0.8658586051368075
1.23679931640625,0.20265502929687498,0.2957763671875,0.4026845637583871,0.039413475009475035
4.04648681640625,4.126473388671875,5.6760009765624995,1.9463087248321849,0.9269061257815921
2.48554931640625,4.126473388671875,5.6760009765624995,1.3221476510066927,0.8935772016946189
4.04648681640625,1.4520300292968749,5.6760009765624995,1.8147651006711134,0.7902036861182526
4.04648681640625,4.126473388671875,4.0082763671875,1.9463087248321849,0.9206566457807682
2.48554931640625,1.4520300292968749,4.0082763671875,1.1838926174496482,0.670895602529008
9.04148681640625,9.123973388671875,0.7260009765625,3.9879194630875103,0.9594236261563032
7.4805493164062495,9.123973388671875,0.7260009765625,3.36241610738272,0.9528452619588929
9.04148681640625,6.4495300292968745,0.7260009765625,3.974496644295562,0.9449146946253479
9.04148681640625,9.123973388671875,8.9582763671875,3.9906040268459,0.9855572970083999
7.4805493164062495,6.4495300292968745,8.9582763671875,3.346308724832382,0.9749962041396144
6.54398681640625,1.6277233886718747,8.1510009765625,2.8322147651007628,0.8825401266916244
4.98304931640625,1.6277233886718747,8.1510009765625,2.209395973154362,0.8514854676810024
6.54398681640625,8.948280029296875,8.1510009765625,2.9852348993289732,0.979741030852711
6.54398681640625,1.6277233886718747,6.4832763671875,2.8335570469799576,0.878356847305914
4.98304931640625,8.948280029296875,6.4832763671875,2.361073825503378,0.9731465647478295
1.5489868164062501,6.625223388671874,3.2010009765625003,0.9758389261744842,0.8963600822289876
9.97804931640625,6.625223388671874,3.2010009765625003,4.348993288590919,0.9761705899757941
1.5489868164062501,3.9507800292968747,3.2010009765625003,0.9463087248322029,0.8259247470466141
1.5489868164062501,6.625223388671874,1.5332763671875,0.9758389261744842,0.8703702379725857
9.97804931640625,3.9507800292968747,1.5332763671875,4.319463087248633,0.9456379252164748
2.17336181640625,3.5017858886718747,7.5322509765625,1.1838926174496482,0.8675541929666107
6.85617431640625,3.5017858886718747,7.5322509765625,3.057718120805494,0.9477788172620767
2.17336181640625,8.323592529296874,7.5322509765625,1.2335570469798487,0.9458486429321457
2.17336181640625,3.5017858886718747,0.9145263671875,1.1771812080536752,0.7841367966127861
6.85617431640625,8.323592529296874,0.9145263671875,3.1100671140940923,0.9519761985410996
7.16836181640625,8.499285888671874,2.5822509765625004,3.2348993288592114,0.9730276163795755
1.86117431640625,8.499285888671874,2.5822509765625004,1.1114093959731395,0.923346605260122
7.16836181640625,3.326092529296875,2.5822509765625004,3.1798657718122234,0.9305739679990424
7.16836181640625,8.499285888671874,5.8645263671875,3.2335570469800166,0.9789677139561737
1.86117431640625,3.326092529296875,5.8645263671875,1.0563758389261606,0.8375753373745418
9.66586181640625,1.0030358886718749,5.0572509765625,3.9691275167787827,0.8541184381789377
9.35367431640625,1.0030358886718749,5.0572509765625,3.8442953020136637,0.8497648507669497
9.66586181640625,0.8273425292968749,5.0572509765625,3.9073825503358206,0.8238615799069865
9.66586181640625,1.0030358886718749,8.3395263671875,3.966442953020393,0.8656724640936915
9.35367431640625,0.8273425292968749,8.3395263671875,3.778523489933117,0.8320617080812829
4.67086181640625,6.000535888671874,0.1072509765625,2.195973154362414,0.8523945396674243
4.35867431640625,6.000535888671874,0.1072509765625,2.071140939597295,0.8477465913516875
4.67086181640625,5.824842529296874,0.1072509765625,2.1932885906040243,0.8496485561512842
4.67086181640625,6.000535888671874,3.3895263671875,2.220134228187921,0.9494856997048061
4.35867431640625,5.824842529296874,3.3895263671875,2.092617449664412,0.9446449639563422
3.42211181640625,2.2524108886718746,3.8197509765625,1.63892617449662,0.833311360436233
3.10992431640625,2.2524108886718746,3.8197509765625,1.5140939597315215,0.8205634671946498
3.42211181640625,7.074217529296875,3.8197509765625,1.727516778523464,0.9469060630091026
3.42211181640625,2.2524108886718746,2.1520263671875,1.63892617449662,0.8090460256257308
3.10992431640625,7.074217529296875,2.1520263671875,1.6040268456375602,0.9310610471312306
8.41711181640625,7.249910888671875,8.7697509765625,3.7275167785237135,0.9802651703733596
8.10492431640625,7.249910888671875,8.7697509765625,3.6026845637585945,0.9795674454901019
8.41711181640625,2.0767175292968747,8.7697509765625,3.621476510067322,0.9274833676232991
8.41711181640625,7.249910888671875,7.1020263671874995,3.7275167785237135,0.9794771904365218
8.10492431640625,2.0767175292968747,7.1020263671874995,3.496644295302203,0.9224205693283625
5.91961181640625,4.751160888671874,1.3447509765625,2.7087248322148385,0.9252246599478358
0.6124243164062501,4.751160888671874,1.3447509765625,0.5637583892617399,0.6975263472297017
5.91961181640625,4.5754675292968745,1.3447509765625,2.706040268456449,0.9225034286504461
5.91961181640625,4.751160888671874,9.5770263671875,2.704697986577254,0.9580046483030736
0.6124243164062501,4.5754675292968745,9.5770263671875,0.577181208053686,0.7670039394507563
0.92461181640625,9.748660888671875,6.2947509765625,0.7395973154362334,0.9205662600501988
5.60742431640625,9.748660888671875,6.2947509765625,2.6134228187920057,0.9776606241743877
0.92461181640625,9.572967529296875,6.2947509765625,0.7395973154362334,0.9193851637431825
0.92461181640625,9.748660888671875,4.6270263671875,0.740939597315428,0.9157867936628878
5.60742431640625,9.572967529296875,4.6270263671875,2.6134228187920057,0.9755458049629839
1.23679931640625,4.438817138671874,2.8916259765625,0.8281879194630775,0.8171088218762074
4.67086181640625,4.438817138671874,2.8916259765625,2.202684563758388,0.9280062869414729
1.23679931640625,0.514998779296875,2.8916259765625,0.41073825503355477,0.10320231359202757
1.23679931640625,4.438817138671874,7.4114013671875,0.8281879194630775,0.8480953253627606
4.67086181640625,0.514998779296875,7.4114013671875,1.6295302013422577,0.4882809981086418
6.23179931640625,9.436317138671875,7.8416259765625,2.861744966443049,0.9797904437406739
9.66586181640625,9.436317138671875,7.8416259765625,4.240268456376138,0.9866146580537694
6.23179931640625,5.512498779296874,7.8416259765625,2.838926174496737,0.9645623109530768
6.23179931640625,9.436317138671875,2.4614013671875004,2.863087248322244,0.9719682558374595
9.66586181640625,5.512498779296874,2.4614013671875004,4.214765100671436,0.9673223922535606
8.72929931640625,1.9400671386718746,0.4166259765625,3.71543624161096,0.8239735381866582
2.17336181640625,1.9400671386718746,0.4166259765625,1.0469798657717984,0.603570841385408
8.72929931640625,8.011248779296874,0.4166259765625,3.857718120805612,0.9375687244803512
8.72929931640625,1.9400671386718746,4.9364013671875,3.7369127516780773,0.9165671002626714
2.17336181640625,8.011248779296874,4.9364013671875,1.232214765100654,0.9386187463752957
3.7342993164062497,6.9375671386718745,5.3666259765625,1.8510067114093678,0.9535455563358368
7.16836181640625,6.9375671386718745,5.3666259765625,3.2255033557048476,0.9734493059100305
3.7342993164062497,3.0137487792968747,5.3666259765625,1.7946308724831943,0.8915371079315326
3.7342993164062497,6.9375671386718745,9.8864013671875,1.8510067114093678,0.9584146950097081
7.16836181640625,3.0137487792968747,9.8864013671875,3.16778523489947,0.9437071654996876
4.98304931640625,0.690692138671875,9.0791259765625,1.959731543624131,0.6476409682927382
5.91961181640625,0.690692138671875,9.0791259765625,2.336912751677871,0.6986210603239642
4.98304931640625,4.263123779296874,9.0791259765625,2.3234899328859226,0.9452731134785826
4.98304931640625,0.690692138671875,6.1739013671875,1.9583892617449363,0.634799563482139
5.91961181640625,4.263123779296874,6.1739013671875,2.69798657718128,0.9495238410075116
9.97804931640625,5.688192138671875,4.1291259765624995,4.34093959731575,0.9742621440148951
0.92461181640625,5.688192138671875,4.1291259765624995,0.7181208053691197,0.8453821471991836
9.97804931640625,9.260623779296875,4.1291259765624995,4.361073825503673,0.9844395071934646
9.97804931640625,5.688192138671875,1.2239013671875,4.342281879194945,0.9571082762689018
0.92461181640625,9.260623779296875,1.2239013671875,0.7382550335570388,0.8686591447129395
7.4805493164062495,3.1894421386718745,6.6041259765625,3.2979865771813683,0.9454135221176089
8.41711181640625,3.1894421386718745,6.6041259765625,3.6738255033559204,0.9510742701301701
7.4805493164062495,6.761873779296875,6.6041259765625,3.348993288590772,0.9749110150477438
7.4805493164062495,3.1894421386718745,3.6989013671875,3.299328859060563,0.9376207158614485
8.41711181640625,6.761873779296875,3.6989013671875,3.724832214765324,0.9739649510217934
2.48554931640625,8.186942138671876,1.6541259765625,1.3597315436241417,0.9222274034776496
3.42211181640625,8.186942138671876,1.6541259765625,1.734228187919437,0.937804154651112
2.48554931640625,1.7643737792968748,1.6541259765625,1.2107382550335404,0.6833797741821759
2.48554931640625,8.186942138671876,8.6489013671875,1.3583892617449471,0.9512536393888975
3.42211181640625,1.7643737792968748,8.6489013671875,1.5999999999999763,0.8139906843202908
1.86117431640625,1.3153796386718748,7.2228759765624995,0.8939597315436132,0.561551386653868
0.30023681640625,1.3153796386718748,7.2228759765624995,0.40671140939597095,0.24366737927416113
1.86117431640625,6.137186279296874,7.2228759765624995,1.0966442953019988,0.9173400592780584
1.86117431640625,1.3153796386718748,9.2676513671875,0.897986577181197,0.5695575876761466
0.30023681640625,6.137186279296874,9.2676513671875,0.4550335570469768,0.7321480715433327
6.85617431640625,6.312879638671874,2.2728759765625,3.096644295302144,0.95991977458316
5.29523681640625,6.312879638671874,2.2728759765625,2.4724832214765486,0.9501361350290745
6.85617431640625,1.1396862792968747,2.2728759765625,2.885906040268556,0.7936212079453331
6.85617431640625,6.312879638671874,4.3176513671875,3.096644295302144,0.9678398093320473
5.29523681640625,1.1396862792968747,4.3176513671875,2.2604026845637657,0.7771886477191927
9.35367431640625,3.8141296386718744,9.6978759765625,4.063087248322421,0.9652444115971284
2.7977368164062497,3.8141296386718744,9.6978759765625,1.4402684563758181,0.9031013905848697
9.35367431640625,3.6384362792968745,9.6978759765625,4.060402684564031,0.9636400117522717
9.35367431640625,3.8141296386718744,1.8426513671875002,4.06577181208081,0.9451022292418776
2.7977368164062497,3.6384362792968745,1.8426513671875002,1.4402684563758181,0.8527175008752135
4.35867431640625,8.811629638671874,4.7478759765625,2.110067114093945,0.966998779256071
7.79273681640625,8.811629638671874,4.7478759765625,3.4845637583894495,0.9801840786914604
4.35867431640625,8.635936279296875,4.7478759765625,2.110067114093945,0.9664622649384027
4.35867431640625,8.811629638671874,6.7926513671875,2.110067114093945,0.9695786204905275
7.79273681640625,8.635936279296875,6.7926513671875,3.4845637583894495,0.9815362527024432
3.10992431640625,2.5647546386718747,1.0353759765625001,1.5208053691274945,0.7811008054675501
9.04148681640625,2.5647546386718747,1.0353759765625001,3.9060402684566258,0.8959038951533911
3.10992431640625,9.885311279296875,1.0353759765625001,1.6161073825503116,0.9311900032336344
3.10992431640625,2.5647546386718747,8.0301513671875,1.5275167785234676,0.8621893779608586
9.04148681640625,9.885311279296875,8.0301513671875,3.991946308725095,0.9864938884164287
8.10492431640625,7.562254638671874,5.9853759765625,3.6040268456377893,0.9788707128309808
4.04648681640625,7.562254638671874,5.9853759765625,1.97986577181205,0.9611918146314349
8.10492431640625,4.887811279296875,5.9853759765625,3.582550335570672,0.9667809142826465
8.10492431640625,7.562254638671874,3.0801513671875003,3.605369127516984,0.9745405892416117
4.04648681640625,4.887811279296875,3.0801513671875003,1.9583892617449363,0.9279084735039023
5.60742431640625,0.06600463867187499,3.5103759765625,0.40536912751677634,0.0140058383691729
6.54398681640625,0.06600463867187499,3.5103759765625,0.40671140939597095,0.014048355358735807
5.60742431640625,2.389061279296875,3.5103759765625,2.5194630872483676,0.8919187040938481
5.60742431640625,0.06600463867187499,0.6051513671875,0.40402684563758173,0.013175839571665765
6.54398681640625,2.389061279296875,0.6051513671875,2.884563758389361,0.8345608374777426
0.6124243164062501,5.0635046386718745,8.4603759765625,0.5852348993288536,0.7946088407316116
1.5489868164062501,5.0635046386718745,8.4603759765625,0.9610738255033435,0.8885939749124852
0.6124243164062501,7.386561279296874,8.4603759765625,0.6053691275167727,0.8737531505303406
0.6124243164062501,5.0635046386718745,5.5551513671874995,0.583892617449659,0.7821668064241691
1.5489868164062501,7.386561279296874,5.5551513671874995,0.979865771812068,0.9190383817898137
0.45633056640625,3.0332702636718745,5.2119384765625,0.4375838926174469,0.48249835330488566
3.2660180664062497,3.0332702636718745,5.2119384765625,1.608053691275144,0.8795043787568242
0.45633056640625,3.7946081542968746,5.2119384765625,0.46711409395972825,0.589089484876629
0.45633056640625,3.0332702636718745,6.6379638671875,0.4389261744966415,0.4885841535739366
3.2660180664062497,3.7946081542968746,6.6379638671875,1.628187919463063,0.9085550603163766
5.4513305664062495,8.030770263671876,0.2619384765625,2.53959731543629,0.9026380472007313
8.26101806640625,8.030770263671876,0.2619384765625,3.6657718120807514,0.922737338570303
5.4513305664062495,8.792108154296875,0.2619384765625,2.5436241610738746,0.9083608774339758
5.4513305664062495,8.030770263671876,1.6879638671875001,2.5449664429530694,0.95631045557879
8.26101806640625,8.792108154296875,1.6879638671875001,3.6738255033559204,0.9721442935593316
7.94883056640625,0.534520263671875,7.6869384765625,3.0228187919464284,0.696496735332101
0.76851806640625,0.534520263671875,7.6869384765625,0.40671140939597095,0.10968355703326713
7.94883056640625,6.293358154296874,7.6869384765625,3.5328859060404634,0.9751430710490918
7.94883056640625,0.534520263671875,4.1629638671875,3.0214765100672336,0.6727857328625431
0.76851806640625,6.293358154296874,4.1629638671875,0.6617449664429462,0.8475322067345844
2.95383056640625,5.532020263671875,2.7369384765625,1.5288590604026622,0.9158599240506751
5.76351806640625,5.532020263671875,2.7369384765625,2.6523489932886557,0.9504710187747535
2.95383056640625,1.2958581542968748,2.7369384765625,1.3409395973154172,0.6596544129130484
2.95383056640625,5.532020263671875,9.1129638671875,1.5275167785234676,0.9360590542893334
5.76351806640625,1.2958581542968748,9.1129638671875,2.4738255033557435,0.8371974076247113
4.20258056640625,1.7838952636718748,1.4994384765625002,1.9127516778523197,0.7780651306319373
7.01226806640625,1.7838952636718748,1.4994384765625002,3.042953020134351,0.847546800612075
4.20258056640625,0.046483154296874996,1.4994384765625002,0.4026845637583871,0.009603424163385117
4.20258056640625,1.7838952636718748,5.4004638671875,1.915436241610709,0.8334133024425271
7.01226806640625,0.046483154296874996,5.4004638671875,0.40536912751677634,0.010050577713348883
9.19758056640625,6.781395263671874,6.4494384765624995,4.036241610738524,0.9792392542571919
2.01726806640625,6.781395263671874,6.4494384765624995,1.1637583892617291,0.9279313076161197
9.19758056640625,5.043983154296875,6.4494384765624995,4.021476510067381,0.9718048514098598
9.19758056640625,6.781395263671874,0.4504638671875,4.037583892617719,0.9337843638093455
2.01726806640625,5.043983154296875,0.4504638671875,1.1355704697986424,0.8028494777873281
6.70008056640625,4.282645263671874,3.9744384765625003,3.010738255033675,0.9499358675731935
9.50976806640625,4.282645263671874,3.9744384765625003,4.1355704697989415,0.9635271618882078
6.70008056640625,7.542733154296874,3.9744384765625003,3.041610738255156,0.9719527309824902
6.70008056640625,4.282645263671874,2.9254638671875,3.01208053691287,0.945167676850974
9.50976806640625,7.542733154296874,2.9254638671875,4.166442953020423,0.9773844988627196
1.70508056640625,9.280145263671875,8.9244384765625,1.0496644295301876,0.9444673864047148
4.5147680664062495,9.280145263671875,8.9244384765625,2.1744966442952967,0.9734111005427576
1.70508056640625,2.545233154296875,8.9244384765625,0.9651006711409273,0.7810214456690681
1.70508056640625,9.280145263671875,7.8754638671875,1.0496644295301876,0.9433485936899642
4.5147680664062495,2.545233154296875,7.8754638671875,2.087248322147633,0.8968287605911985
2.3294555664062497,1.1592077636718747,4.5931884765625,1.0496644295301876,0.5693929377386518
1.39289306640625,1.1592077636718747,4.5931884765625,0.5597315436241561,0.32285188923619307
2.3294555664062497,9.416795654296875,4.5931884765625,1.300671140939579,0.9497014096915576
2.3294555664062497,1.1592077636718747,9.7317138671875,1.0644295302013282,0.5974084797527042
1.39289306640625,9.416795654296875,9.7317138671875,0.9261744966442838,0.9392302883689688
7.32445556640625,6.156707763671874,9.5431884765625,3.2818791946310304,0.9735379662284268
6.38789306640625,6.156707763671874,9.5431884765625,2.907382550335673,0.9700933277273182
7.32445556640625,4.419295654296874,9.5431884765625,3.263087248322303,0.9627046246120018
7.32445556640625,6.156707763671874,4.7817138671874995,3.2832214765102252,0.9697889454326947
6.38789306640625,4.419295654296874,4.7817138671874995,2.8885906040269456,0.951927446039045
9.82195556640625,3.6579577636718748,2.1181884765625,4.249664429530502,0.9483599047542719
3.89039306640625,3.6579577636718748,2.1181884765625,1.87785234899326,0.8890317755079635
9.82195556640625,1.9205456542968748,2.1181884765625,4.177181208053981,0.9032894301007031
9.82195556640625,3.6579577636718748,2.3067138671875003,4.249664429530502,0.9501121494309833
3.89039306640625,1.9205456542968748,2.3067138671875003,1.8040268456375566,0.8021712861317103
4.82695556640625,8.655457763671874,7.0681884765625,2.296644295302026,0.9717522752061882
8.88539306640625,8.655457763671874,7.0681884765625,3.9221476510069637,0.9838733288811727
4.82695556640625,6.918045654296875,7.0681884765625,2.288590604026857,0.964503406920863
4.82695556640625,8.655457763671874,7.2567138671875,2.296644295302026,0.9718941117558637
8.88539306640625,6.918045654296875,7.2567138671875,3.9127516778526,0.9795701935456331
3.57820556640625,4.907332763671874,8.3056884765625,1.7704697986576914,0.9368793656353627
7.63664306640625,4.907332763671874,8.3056884765625,3.394630872483396,0.9670671414995282
3.57820556640625,5.668670654296874,8.3056884765625,1.778523489932859,0.9455123102662402
3.57820556640625,4.907332763671874,8.4942138671875,1.7704697986576914,0.9370981139670214
7.63664306640625,5.668670654296874,8.4942138671875,3.402684563758565,0.9717332579163541
8.57320556640625,9.904832763671875,3.3556884765625004,3.801342281879429,0.982133817497072
2.64164306640625,9.904832763671875,3.3556884765625004,1.426845637583872,0.9521454668331969
8.57320556640625,0.671170654296875,3.3556884765625004,3.3906040268458115,0.7430043085376591
8.57320556640625,9.904832763671875,3.5442138671875,3.801342281879429,0.9824740063720949
2.64164306640625,0.671170654296875,3.5442138671875,0.8026845637583799,0.3074717631140952
6.07570556640625,2.4085827636718746,5.8306884765625,2.706040268456449,0.9108421177404259
5.13914306640625,2.4085827636718746,5.8306884765625,2.3315436241610916,0.8971378792000928
6.07570556640625,3.1699206542968748,5.8306884765625,2.735570469798735,0.9324063126626665
6.07570556640625,2.4085827636718746,1.0692138671875,2.7087248322148385,0.8541430449772602
5.13914306640625,3.1699206542968748,1.0692138671875,2.3651006711409623,0.8699541121020078
1.08070556640625,7.406082763671875,0.8806884765625,0.7892617449664339,0.8352288734156824
0.14414306640625002,7.406082763671875,0.8806884765625,0.4147651006711386,0.6866240548607527
1.08070556640625,8.167420654296874,0.8806884765625,0.7932885906040177,0.8481191655822453
1.08070556640625,7.406082763671875,6.0192138671875,0.7932885906040177,0.9020294561858373
0.14414306640625002,8.167420654296874,6.0192138671875,0.4214765100671116,0.7642241020317394
0.76851806640625,2.096239013671875,9.8525634765625,0.4979865771812042,0.4488023114458477
9.82195556640625,2.096239013671875,9.8525634765625,4.18523489932915,0.9386816789709711
0.76851806640625,1.6082019042968747,9.8525634765625,0.4362416107382523,0.31252121543822736
0.76851806640625,2.096239013671875,3.2348388671875004,0.4765100671140905,0.4060069494401697
9.82195556640625,1.6082019042968747,3.2348388671875004,4.144966442953305,0.8995111954977435
5.76351806640625,7.0937390136718745,4.9025634765624995,2.664429530201409,0.9678293547458736
4.82695556640625,7.0937390136718745,4.9025634765624995,2.289932885906052,0.9626005704318459
5.76351806640625,6.6057019042968745,4.9025634765624995,2.6617449664430195,0.9654574805224527
5.76351806640625,7.0937390136718745,8.1848388671875,2.664429530201409,0.9711089150269235
4.82695556640625,6.6057019042968745,8.1848388671875,2.2859060402684674,0.9635866513753235
8.26101806640625,4.594989013671874,7.3775634765625,3.6402684563760497,0.9665064234015956
7.32445556640625,4.594989013671874,7.3775634765625,3.2657718120806924,0.9626680021664669
8.26101806640625,9.104451904296875,7.3775634765625,3.6738255033559204,0.9837608690696042
8.26101806640625,4.594989013671874,5.7098388671875,3.6402684563760497,0.9647390539764777
7.32445556640625,9.104451904296875,5.7098388671875,3.299328859060563,0.980821469691596
3.2660180664062497,9.592489013671875,2.4275634765625003,1.676510067114069,0.9529324593007913
2.3294555664062497,9.592489013671875,2.4275634765625003,1.3020134228187736,0.9399238847142466
3.2660180664062497,4.106951904296874,2.4275634765625003,1.6362416107382307,0.8916254770990881
3.2660180664062497,9.592489013671875,0.7598388671875,1.6778523489932635,0.9215665791638952
2.3294555664062497,4.106951904296874,0.7598388671875,1.2523489932885732,0.8089734174774541
4.5147680664062495,3.3456140136718746,3.6650634765625,2.118120805369114,0.9085640054956924
1.08070556640625,3.3456140136718746,3.6650634765625,0.740939597315428,0.7423299519286322
4.5147680664062495,2.8575769042968746,3.6650634765625,2.102013422818776,0.8928100615559686
4.5147680664062495,3.3456140136718746,4.4723388671875,2.116778523489919,0.9128418015465234
1.08070556640625,2.8575769042968746,4.4723388671875,0.7221476510067035,0.7003449744540138
9.50976806640625,8.343114013671876,8.6150634765625,4.170469798658007,0.9848096185187338
6.07570556640625,8.343114013671876,8.6150634765625,2.7959731543625024,0.9769957303382777
9.50976806640625,7.855076904296874,8.6150634765625,4.167785234899617,0.9837890271984995
9.50976806640625,8.343114013671876,9.4223388671875,4.175838926174786,0.9850389046693325
6.07570556640625,7.855076904296874,9.4223388671875,2.7932885906041127,0.9757644270578957
7.01226806640625,0.8468640136718749,1.1900634765625002,2.822818791946399,0.6977782541317583
3.57820556640625,0.8468640136718749,1.1900634765625002,1.3718120805368932,0.5091507431772255
7.01226806640625,5.356326904296875,1.1900634765625002,3.153020134228327,0.9381902198142362
7.01226806640625,0.8468640136718749,6.9473388671875,2.85369127516788,0.7823157154573988
3.57820556640625,5.356326904296875,6.9473388671875,1.7758389261744698,0.9405893714996432
2.01726806640625,5.844364013671875,6.1400634765625,1.1557046979865615,0.9147843884095621
8.57320556640625,5.844364013671875,6.1400634765625,3.779865771812312,0.973916357273289
2.01726806640625,0.35882690429687497,6.1400634765625,0.4147651006711386,0.07647442213364572
2.01726806640625,5.844364013671875,1.9973388671875,1.1583892617449507,0.8857269206804581
8.57320556640625,0.35882690429687497,1.9973388671875,2.8563758389262697,0.5131015031886462
1.39289306640625,3.9703015136718744,0.5713134765625,0.8617449664429426,0.7284825211244328
5.4513305664062495,3.9703015136718744,0.5713134765625,2.5033557046980297,0.8715265673770919
1.39289306640625,7.230389404296874,0.5713134765625,0.9100671140939485,0.8319173014494696
1.39289306640625,3.9703015136718744,0.14108886718750002,0.8375838926174397,0.6813654354744889
5.4513305664062495,7.230389404296874,0.14108886718750002,2.524832214765147,0.8814753545377007
6.38789306640625,8.967801513671875,5.5213134765625,2.923489932886011,0.9776830148141457
0.45633056640625,8.967801513671875,5.5213134765625,0.5503355704697939,0.8746701909383768
6.38789306640625,2.2328894042968748,5.5213134765625,2.821476510067204,0.9069012117249485
6.38789306640625,8.967801513671875,5.0910888671875,2.923489932886011,0.977225997420401
0.45633056640625,2.2328894042968748,5.0910888671875,0.4214765100671116,0.37641812870075897
8.88539306640625,1.4715515136718749,3.0463134765625,3.75436241610761,0.8784122340435025
7.94883056640625,1.4715515136718749,3.0463134765625,3.379865771812253,0.8661752386274026
8.88539306640625,4.731639404296875,3.0463134765625,3.8926174496646775,0.9618835684340975
8.88539306640625,1.4715515136718749,7.5660888671875,3.748993288590831,0.8999076467160927
7.94883056640625,4.731639404296875,7.5660888671875,3.5167785234901254,0.9664305111593574
3.89039306640625,6.469051513671874,7.9963134765625,1.9100671140939305,0.9552693221255438
2.95383056640625,6.469051513671874,7.9963134765625,1.5355704697986352,0.9445011426458575
3.89039306640625,9.729139404296875,7.9963134765625,1.9261744966442658,0.9708180031716185
3.89039306640625,6.469051513671874,2.6160888671875,1.911409395973125,0.9407255124487713
2.95383056640625,9.729139404296875,2.6160888671875,1.5516778523489705,0.9512495583665233
2.64164306640625,0.222176513671875,6.7588134765625,0.41073825503355477,0.04785125681483304
4.20258056640625,0.222176513671875,6.7588134765625,0.4214765100671116,0.049328120405098916
2.64164306640625,8.479764404296875,6.7588134765625,1.4214765100670936,0.952877785032213
2.64164306640625,0.222176513671875,1.3785888671875002,0.40939597315436016,0.044867577848661945
4.20258056640625,8.479764404296875,1.3785888671875002,2.0483221476509827,0.944088050065451
7.63664306640625,5.219676513671875,1.8088134765625001,3.4000000000001753,0.9514831798573165
9.19758056640625,5.219676513671875,1.8088134765625001,4.024161073825771,0.9587345539609016
7.63664306640625,3.4822644042968744,1.8088134765625001,3.371812080537084,0.9280085302705932
7.63664306640625,5.219676513671875,6.3285888671874995,3.3986577181209805,0.9675607904877421
9.19758056640625,3.4822644042968744,6.3285888671874995,3.9946308724834845,0.9584941840893655
5.13914306640625,2.7209265136718748,9.2338134765625,2.34496644295304,0.915624603309495
1.70508056640625,2.7209265136718748,9.2338134765625,0.973154362416095,0.7979370025930776
5.13914306640625,0.983514404296875,9.2338134765625,2.1516778523489846,0.7616733252218533
5.13914306640625,2.7209265136718748,8.8035888671875,2.34496644295304,0.9150542139869559
1.70508056640625,0.983514404296875,8.8035888671875,0.6550335570469732,0.3498675159372342
0.14414306640625002,7.718426513671874,4.2838134765625,0.4187919463087224,0.7391899959416925
6.70008056640625,7.718426513671874,4.2838134765625,3.042953020134351,0.9732676646291909
0.14414306640625002,5.981014404296874,4.2838134765625,0.4147651006711386,0.665170339242624
0.14414306640625002,7.718426513671874,3.8535888671875003,0.4187919463087224,0.7369617025803119
6.70008056640625,5.981014404296874,3.8535888671875003,3.0308724832215974,0.9640551395044789
0.10511962890625,2.2914538574218746,6.6427978515624995,0.40402684563758173,0.37426554385757604
2.2123852539062496,2.2914538574218746,6.6427978515624995,1.1557046979865615,0.7918610293163221
0.10511962890625,0.163612060546875,6.6427978515624995,0.3999999999999979,0.03461283289061766
0.10511962890625,2.2914538574218746,6.0578857421875,0.40402684563758173,0.37331517233923117
2.2123852539062496,0.163612060546875,6.0578857421875,0.40671140939597095,0.03510086270828079
5.10011962890625,7.288953857421874,1.6927978515625002,2.4013422818792227,0.949466841055105
7.20738525390625,7.288953857421874,1.6927978515625002,3.244295302013575,0.9621418906442301
5.10011962890625,5.161112060546874,1.6927978515625002,2.3852348993288848,0.9294856840599897
5.10011962890625,7.288953857421874,1.1078857421875001,2.4013422818792227,0.9380566002657871
7.20738525390625,5.161112060546874,1.1078857421875001,3.2281879194632372,0.9350826509671271
7.59761962890625,4.790203857421875,9.1177978515625,3.3771812080538632,0.9665252762687393
4.70988525390625,4.790203857421875,9.1177978515625,2.2214765100671157,0.9490077974179741
7.59761962890625,7.659862060546875,9.1177978515625,3.40134228187937,0.979591615460395
7.59761962890625,4.790203857421875,3.5828857421875,3.378523489933058,0.9589551584045315
4.70988525390625,7.659862060546875,3.5828857421875,2.2456375838926226,0.9613567570239185
2.60261962890625,9.787703857421874,4.1677978515625,1.4107382550335368,0.9540471527863792
9.70488525390625,9.787703857421874,4.1677978515625,4.253691275168086,0.9849885491617003
2.60261962890625,2.6623620605468745,4.1677978515625,1.331543624161055,0.8295117214743561
2.60261962890625,9.787703857421874,8.5328857421875,1.4107382550335368,0.9606119493505044
9.70488525390625,2.6623620605468745,8.5328857421875,4.169127516778812,0.9504289208255932
3.85136962890625,3.5408288574218747,0.4552978515625,1.8429530201342001,0.8175596267307241
8.45613525390625,3.5408288574218747,0.4552978515625,3.6953020134230377,0.8862673442209944
3.85136962890625,3.9117370605468746,0.4552978515625,1.853691275167757,0.8303587072686909
3.85136962890625,3.5408288574218747,7.2953857421874995,1.8563758389261462,0.915237927508973
8.45613525390625,3.9117370605468746,7.2953857421874995,3.707382550335791,0.9612739139895725
8.84636962890625,8.538328857421876,5.4052978515625,3.9060402684566258,0.9825089992387175
3.46113525390625,8.538328857421876,5.4052978515625,1.7503355704697723,0.9603205498899616
8.84636962890625,8.909237060546875,5.4052978515625,3.9073825503358206,0.9832620305679914
8.84636962890625,8.538328857421876,2.3453857421875,3.9060402684566258,0.9767639579765652
3.46113525390625,8.909237060546875,2.3453857421875,1.751677852348967,0.9507148109125579
6.34886962890625,1.042078857421875,2.9302978515625,2.657718120805435,0.7747594831233376
5.95863525390625,1.042078857421875,2.9302978515625,2.502013422818835,0.7630565358313052
6.34886962890625,6.410487060546874,2.9302978515625,2.893959731543725,0.9616549460640818
6.34886962890625,1.042078857421875,4.8203857421875,2.65637583892624,0.7953715408090622
5.95863525390625,6.410487060546874,4.8203857421875,2.7382550335571247,0.9652127672553183
1.35386962890625,6.0395788574218745,7.8802978515625,0.8926174496644186,0.8981692283403113
0.96363525390625,6.0395788574218745,7.8802978515625,0.7369127516778442,0.8753474029615183
1.35386962890625,1.4129870605468748,7.8802978515625,0.6711409395973085,0.464673496995765
1.35386962890625,6.0395788574218745,9.7703857421875,0.8926174496644186,0.901409210710078
0.96363525390625,1.4129870605468748,9.7703857421875,0.44966442953019836,0.29321630024857837
1.97824462890625,4.1655163574218745,3.5490478515625004,1.1221476510066963,0.8631280768038141
2.8367602539062498,4.1655163574218745,3.5490478515625004,1.464429530201321,0.8936203800751352
1.97824462890625,5.785799560546875,3.5490478515625004,1.1409395973154208,0.9013266978149825
1.97824462890625,4.1655163574218745,7.9141357421875,1.1194630872483071,0.8827317782828079
2.8367602539062498,5.785799560546875,7.9141357421875,1.4832214765100455,0.9357048856581359
6.97324462890625,9.163016357421876,8.4990478515625,3.158389261745106,0.981581334425139
7.83176025390625,9.163016357421876,8.4990478515625,3.5020134228189823,0.9834702829147824
6.97324462890625,0.7882995605468749,8.4990478515625,2.8107382550336455,0.7707653676847344
6.97324462890625,9.163016357421876,2.9641357421875,3.158389261745106,0.9755923102312007
7.83176025390625,0.7882995605468749,2.9641357421875,3.159731543624301,0.7553590209904102
9.47074462890625,1.6667663574218747,1.0740478515625,4.013422818792212,0.8568527495252892
0.33926025390625003,1.6667663574218747,1.0740478515625,0.40805369127516555,0.276874018521728
9.47074462890625,3.287049560546875,1.0740478515625,4.102013422819071,0.9204066650267975
9.47074462890625,1.6667663574218747,0.4891357421875,3.989261744966705,0.8205969578656096
0.33926025390625003,3.287049560546875,0.4891357421875,0.4174496644295278,0.4402720658212229
4.4757446289062495,6.664266357421875,6.0240478515625,2.1463087248322053,0.9593884398044561
5.33426025390625,6.664266357421875,6.0240478515625,2.4899328859060814,0.9650244372072522
4.4757446289062495,8.284549560546875,6.0240478515625,2.155704697986569,0.9676925411089844
4.4757446289062495,6.664266357421875,5.4391357421875,2.1463087248322053,0.9584695382774522
5.33426025390625,8.284549560546875,5.4391357421875,2.499328859060445,0.9715387141474758
3.2269946289062497,0.417391357421875,9.7365478515625,0.48590604026845274,0.11289728987249839
6.58301025390625,0.417391357421875,9.7365478515625,2.2953020134228312,0.547714047327457
3.2269946289062497,9.533924560546875,9.7365478515625,1.6604026845637336,0.9665214128360482
3.2269946289062497,0.417391357421875,9.1516357421875,0.48322147651006353,0.11170900878189201
6.58301025390625,9.533924560546875,9.1516357421875,3.002684563758506,0.9815017166235402
8.22199462890625,5.414891357421874,4.7865478515625,3.6348993288592704,0.9688426545975343
1.58801025390625,5.414891357421874,4.7865478515625,0.9812080536912626,0.8866813630459232
8.22199462890625,4.536424560546875,4.7865478515625,3.6241610738257117,0.962638987326361
8.22199462890625,5.414891357421874,4.2016357421874995,3.6348993288592704,0.967731361309689
1.58801025390625,4.536424560546875,4.2016357421874995,0.9704697986577058,0.8597641737011488
5.72449462890625,2.916141357421875,7.2615478515625,2.586577181208109,0.9256138461081429
9.08051025390625,2.916141357421875,7.2615478515625,3.9302013422821327,0.9508088098856808
5.72449462890625,2.0376745605468747,7.2615478515625,2.5422818791946797,0.8930584719544955
5.72449462890625,2.916141357421875,1.7266357421875,2.5919463087248884,0.8906669790097996
9.08051025390625,2.0376745605468747,1.7266357421875,3.8912751677854827,0.8949847291130355
0.72949462890625,7.9136413574218745,2.3115478515625,0.6550335570469732,0.8583756921072518
4.08551025390625,7.9136413574218745,2.3115478515625,1.99731543624158,0.9510114522656912
0.72949462890625,7.035174560546874,2.3115478515625,0.6496644295301948,0.839854483376053
0.72949462890625,7.9136413574218745,6.6766357421875,0.6550335570469732,0.8894520656228458
4.08551025390625,7.035174560546874,6.6766357421875,1.9919463087248015,0.9592970198265902
1.0416821289062501,2.6037976074218747,8.1896728515625,0.6953020134228114,0.6779367457332
5.64644775390625,2.6037976074218747,8.1896728515625,2.5436241610738746,0.9172934313183129
1.0416821289062501,2.9747058105468747,8.1896728515625,0.7140939597315359,0.7272539698771079
1.0416821289062501,2.6037976074218747,3.8922607421875,0.6885906040268384,0.6501964043496562
5.64644775390625,2.9747058105468747,3.8922607421875,2.5583892617450177,0.9157491568981029
6.03668212890625,7.601297607421874,3.2396728515625,2.7771812080537748,0.96758322697307
0.65144775390625,7.601297607421874,3.2396728515625,0.6228187919463026,0.8571707745517274
6.03668212890625,7.972205810546874,3.2396728515625,2.7785234899329696,0.9690396645670307
6.03668212890625,7.601297607421874,8.8422607421875,2.77583892617458,0.9744178590976189
0.65144775390625,7.972205810546874,8.8422607421875,0.6241610738254972,0.889365855793369
8.53418212890625,0.105047607421875,5.7146728515625,0.420134228187917,0.02347142022401047
8.14394775390625,0.105047607421875,5.7146728515625,0.4187919463087224,0.023383898449000712
8.53418212890625,5.4734558105468745,5.7146728515625,3.7610738255035843,0.9715490281566319
8.53418212890625,0.105047607421875,6.3672607421875,0.420134228187917,0.023565658720337723
8.14394775390625,5.4734558105468745,6.3672607421875,3.6040268456377893,0.9708748609881431
3.53918212890625,5.102547607421874,0.7646728515625,1.75838926174494,0.8746773583462886
3.14894775390625,5.102547607421874,0.7646728515625,1.601342281879171,0.8654983569965227
3.53918212890625,0.47595581054687497,0.7646728515625,0.6093959731543566,0.14972126119995027
3.53918212890625,5.102547607421874,1.4172607421875,1.7597315436241345,0.899334779914835
3.14894775390625,0.47595581054687497,1.4172607421875,0.47114093959731207,0.10943836289432213
4.78793212890625,1.3544226074218748,4.4771728515625,2.0979865771811914,0.796558355460344
4.39769775390625,1.3544226074218748,4.4771728515625,1.942281879194601,0.7818581764949712
4.78793212890625,1.7253308105468748,4.4771728515625,2.1436241610738156,0.8395216826887266
4.78793212890625,1.3544226074218748,2.6547607421875004,2.0979865771811914,0.7740590965465821
4.39769775390625,1.7253308105468748,2.6547607421875004,1.9906040268456069,0.8075556794531724
9.78293212890625,6.351922607421875,9.4271728515625,4.267114093960035,0.9804173778668291
9.39269775390625,6.351922607421875,9.4271728515625,4.111409395973435,0.9796949918856739
9.78293212890625,6.722830810546874,9.4271728515625,4.269798657718424,0.9815662111157767
9.78293212890625,6.351922607421875,7.6047607421875,4.2684563758392295,0.9798140811439305
9.39269775390625,6.722830810546874,7.6047607421875,4.114093959731824,0.9801524662916432
7.28543212890625,3.8531726074218744,2.0021728515625,3.238926174496796,0.9347676525710928
1.90019775390625,3.8531726074218744,2.0021728515625,1.0845637583892473,0.8242585052988585
7.28543212890625,9.221580810546875,2.0021728515625,3.28456375838942,0.9726620620179492
7.28543212890625,3.8531726074218744,5.1297607421875,3.237583892617601,0.9515832140566529
1.90019775390625,9.221580810546875,5.1297607421875,1.1288590604026694,0.9427120509541536
2.2904321289062497,8.850672607421876,6.9521728515625,1.2832214765100491,0.9505486874695451
6.89519775390625,8.850672607421876,6.9521728515625,3.1261744966444303,0.9799595589550906
2.2904321289062497,4.224080810546875,6.9521728515625,1.2456375838926002,0.8937775417290996
2.2904321289062497,8.850672607421876,0.1797607421875,1.2711409395972977,0.8524202379998528
6.89519775390625,4.224080810546875,0.1797607421875,3.065771812080663,0.8586711791713788
1.66605712890625,0.729735107421875,1.3834228515625002,0.42684563758389005,0.14132767296237367
8.76832275390625,0.729735107421875,1.3834228515625002,3.4791946308726702,0.7190874447646274
1.66605712890625,8.596893310546875,1.3834228515625002,1.0335570469798523,0.8985690796531052
1.66605712890625,0.729735107421875,2.0360107421875,0.42953020134227926,0.14567354865516405
8.76832275390625,8.596893310546875,2.0360107421875,3.8751677852351447,0.9752298801168298
6.66105712890625,5.727235107421874,6.3334228515625,3.0134228187920646,0.9666818945834682
3.7733227539062497,5.727235107421874,6.3334228515625,1.8577181208053408,0.9459372948159155
6.66105712890625,3.5993933105468745,6.3334228515625,2.9812080536913887,0.9461091487225295
6.66105712890625,5.727235107421874,6.9860107421875,3.0134228187920646,0.9673236022931657
3.7733227539062497,3.5993933105468745,6.9860107421875,1.8255033557046703,0.9143591999114064
9.15855712890625,3.2284851074218746,3.8584228515625,3.9718120805371724,0.9492286413837419
6.27082275390625,3.2284851074218746,3.8584228515625,2.816107382550425,0.9288858283983767
9.15855712890625,1.1006433105468747,3.8584228515625,3.794630872483455,0.8521317248800706
9.15855712890625,3.2284851074218746,9.4610107421875,3.9704697986579776,0.9577387714450999
6.27082275390625,1.1006433105468747,9.4610107421875,2.634899328859123,0.8222366854337413
4.16355712890625,8.225985107421875,8.8084228515625,2.029530201342255,0.9675755192622738
1.27582275390625,8.225985107421875,8.8084228515625,0.8738255033556941,0.9246893031544858
4.16355712890625,6.098143310546875,8.8084228515625,2.016107382550307,0.9556222341103489
4.16355712890625,8.225985107421875,4.5110107421875,2.029530201342255,0.9627174636922218
1.27582275390625,6.098143310546875,4.5110107421875,0.8630872483221372,0.8839713482740346
2.91480712890625,4.477860107421875,5.0959228515624995,1.4993288590603808,0.9109641318290915
0.027072753906250004,4.477860107421875,5.0959228515624995,0.4013422818791925,0.569559759516578
2.91480712890625,7.347518310546874,5.0959228515624995,1.526174496644273,0.9464310218331631
2.91480712890625,4.477860107421875,0.7985107421875,1.4979865771811862,0.8455689382554759
0.027072753906250004,7.347518310546874,0.7985107421875,0.4013422818791925,0.6877554927731809
7.90980712890625,9.475360107421874,0.1459228515625,3.5248322147652944,0.9167307375840039
5.02207275390625,9.475360107421874,0.1459228515625,2.367785234899352,0.8961317655496512
7.90980712890625,2.350018310546875,0.1459228515625,3.3825503355706426,0.8050672385389682
7.90980712890625,9.475360107421874,5.7485107421874995,3.534228187919658,0.9828156624960431
5.02207275390625,2.350018310546875,5.7485107421874995,2.281879194630883,0.8922356386983645
5.41230712890625,1.9791101074218747,7.5709228515625,2.413422818791976,0.8852502019722248
2.52457275390625,1.9791101074218747,7.5709228515625,1.2604026845637408,0.785067022445908
5.41230712890625,4.848768310546874,7.5709228515625,2.5033557046980297,0.9539391032950861
5.41230712890625,1.9791101074218747,8.2235107421875,2.413422818791976,0.886687751048072
2.52457275390625,4.848768310546874,8.2235107421875,1.3476510067113903,0.9162222953540823
0.41730712890625,6.976610107421874,2.6209228515625003,0.5181208053691233,0.7890823025665186
7.51957275390625,6.976610107421874,2.6209228515625003,3.3677852348994994,0.9685934668555567
0.41730712890625,9.846268310546876,2.6209228515625003,0.5355704697986532,0.8601281914259348
0.41730712890625,6.976610107421874,3.2735107421875003,0.5194630872483179,0.7980212996631386
7.51957275390625,9.846268310546876,3.2735107421875003,3.379865771812253,0.9796272886371349
0.57340087890625,4.946375732421875,1.2287353515625001,0.5489932885905993,0.6945658912756281
7.05129150390625,4.946375732421875,1.2287353515625001,3.1637583892618855,0.9346832843630359
0.57340087890625,1.2568151855468748,1.2287353515625001,0.41073825503355477,0.22043547672798197
0.57340087890625,4.946375732421875,4.6656982421875,0.5637583892617399,0.7580379522120692
7.05129150390625,1.2568151855468748,4.6656982421875,2.9852348993289732,0.8434352357012243
5.56840087890625,9.943875732421875,6.1787353515625,2.5986577181208625,0.977938327498061
2.05629150390625,9.943875732421875,6.1787353515625,1.1932885906040105,0.9516411086990533
5.56840087890625,6.254315185546875,6.1787353515625,2.579865771812135,0.964062098429564
5.56840087890625,9.943875732421875,9.6156982421875,2.5986577181208625,0.979713913233123
2.05629150390625,6.254315185546875,9.6156982421875,1.174496644295286,0.9271396415811358
8.06590087890625,2.4476257324218746,3.7037353515625,3.504697986577372,0.9238773375891662
9.54879150390625,2.4476257324218746,3.7037353515625,4.097986577181486,0.934580501064198
8.06590087890625,8.753065185546875,3.7037353515625,3.5946308724834255,0.9792943049560301
8.06590087890625,2.4476257324218746,7.1406982421875,3.503355704698177,0.9341423568247901
9.54879150390625,8.753065185546875,7.1406982421875,4.18791946308754,0.9851407962959398
3.07090087890625,7.445125732421874,8.6537353515625,1.5879194630872249,0.9538060466763176
4.5537915039062495,7.445125732421874,8.6537353515625,2.1825503355704656,0.9666863129111705
3.07090087890625,3.7555651855468746,8.6537353515625,1.5489932885905813,0.9070709836873464
3.07090087890625,7.445125732421874,2.1906982421875,1.5892617449664195,0.9339201362133931
4.5537915039062495,3.7555651855468746,2.1906982421875,2.1449664429530104,0.9051197299037879
4.31965087890625,1.1982507324218747,7.4162353515624995,1.8805369127516491,0.7678669185820883
3.3050415039062497,1.1982507324218747,7.4162353515624995,1.4738255033556833,0.7076110311873197
4.31965087890625,2.506190185546875,7.4162353515624995,2.008053691275138,0.8903971672828854
4.31965087890625,1.1982507324218747,3.4281982421875004,1.8818791946308437,0.7386525973009709
3.3050415039062497,2.506190185546875,3.4281982421875004,1.6053691275167548,0.8419838308421366
9.31465087890625,6.195750732421875,2.4662353515625,4.0805369127519535,0.9700259830121434
8.30004150390625,6.195750732421875,2.4662353515625,3.6738255033559204,0.9666592486823278
9.31465087890625,7.5036901855468745,2.4662353515625,4.0885906040271225,0.9752623305262469
9.31465087890625,6.195750732421875,8.3781982421875,4.079194630872759,0.9785962258358737
8.30004150390625,7.5036901855468745,8.3781982421875,3.6818791946310894,0.9805437327571205
6.81715087890625,3.6970007324218748,9.8912353515625,3.0456375838927405,0.9522318569857038
0.80754150390625,3.6970007324218748,9.8912353515625,0.6402684563758325,0.7511040808225222
6.81715087890625,5.004940185546874,9.8912353515625,3.067114093959858,0.965062992349295
6.81715087890625,3.6970007324218748,5.9031982421875,3.0469798657719354,0.9480613527436141
0.80754150390625,5.004940185546874,5.9031982421875,0.6644295302013354,0.8189680410995135
1.82215087890625,8.694500732421876,4.9412353515625,1.0953020134228042,0.9367002961515489
5.80254150390625,8.694500732421876,4.9412353515625,2.688590604026916,0.9742659494452457
1.82215087890625,0.007440185546875,4.9412353515625,0.3999999999999979,0.0015940836528654581
1.82215087890625,8.694500732421876,0.9531982421875,1.0953020134228042,0.8905126754319665
5.80254150390625,0.007440185546875,0.9531982421875,0.3999999999999979,0.0015253687642488275
2.44652587890625,1.8229382324218748,9.2724853515625,1.2161073825503188,0.7649236998858906
7.67566650390625,1.8229382324218748,9.2724853515625,3.3046979865773425,0.9107610168709579
2.44652587890625,6.879002685546874,9.2724853515625,1.3355704697986388,0.9414895165371102
2.44652587890625,1.8229382324218748,1.5719482421875002,1.1999999999999835,0.6861249199002746
7.67566650390625,6.879002685546874,1.5719482421875002,3.4295302013424616,0.9606686818092752
7.4415258789062495,6.820438232421874,4.3224853515624995,3.3342281879196287,0.972381331899981
2.68066650390625,6.820438232421874,4.3224853515624995,1.4295302013422613,0.9359753507122937
7.4415258789062495,1.8815026855468748,4.3224853515624995,3.2187919463088734,0.8980010031051688
7.4415258789062495,6.820438232421874,6.5219482421874995,3.3342281879196287,0.9750167066845128
2.68066650390625,1.8815026855468748,6.5219482421874995,1.3154362416107197,0.7795516651604781
9.93902587890625,4.321688232421875,6.7974853515625,4.30738255033588,0.9694451706400835
5.17816650390625,4.321688232421875,6.7974853515625,2.4026845637584175,0.945247273941587
9.93902587890625,4.380252685546875,6.7974853515625,4.308724832215074,0.9699120912562649
9.93902587890625,4.321688232421875,8.9969482421875,4.30738255033588,0.9709101810754968
5.17816650390625,4.380252685546875,8.9969482421875,2.4026845637584175,0.9482724614661446
4.94402587890625,9.319188232421874,1.8474853515625,2.3476510067114296,0.960931553166166
0.18316650390625,9.319188232421874,1.8474853515625,0.4322147651006685,0.7743140353314459
4.94402587890625,9.377752685546875,1.8474853515625,2.3476510067114296,0.961133898206553
4.94402587890625,9.319188232421874,4.0469482421875,2.3463087248322347,0.970736858771622
0.18316650390625,9.377752685546875,4.0469482421875,0.4348993288590577,0.7999471229818939
3.6952758789062496,3.0723132324218745,3.0849853515625,1.7825503355704428,0.8777218000741326
1.43191650390625,3.0723132324218745,3.0849853515625,0.8751677852348887,0.7601662231283045
3.6952758789062496,8.128377685546875,3.0849853515625,1.8429530201342001,0.9537518103947181
3.6952758789062496,3.0723132324218745,0.3344482421875,1.754362416107356,0.7809916436646427
1.43191650390625,8.128377685546875,0.3344482421875,0.9261744966442838,0.8295943136339468
8.69027587890625,8.069813232421875,8.0349853515625,3.840268456376079,0.9825497874483539
6.42691650390625,8.069813232421875,8.0349853515625,2.9355704697987646,0.9771102172708643
8.69027587890625,3.1308776855468747,8.0349853515625,3.7812080536915067,0.9531993688314316
8.69027587890625,8.069813232421875,5.2844482421875,3.841610738255274,0.9810283582479691
6.42691650390625,3.1308776855468747,5.2844482421875,2.8751677852349973,0.9334922637671752
6.19277587890625,0.573563232421875,0.6099853515625,2.1422818791946208,0.5042560581584903
3.92941650390625,0.573563232421875,0.6099853515625,1.092617449664415,0.3174404318356808
6.19277587890625,0.6321276855468749,0.6099853515625,2.2295302013422846,0.53944945815557
6.19277587890625,0.573563232421875,7.7594482421875,2.3557046979865985,0.6458366106563421
3.92941650390625,0.6321276855468749,7.7594482421875,1.4604026845637372,0.5151292129414383
1.19777587890625,5.571063232421874,5.5599853515625,0.8268456375838829,0.8729402751052011
8.92441650390625,5.571063232421874,5.5599853515625,3.9181208053693792,0.9730164890852153
1.19777587890625,5.6296276855468745,5.5599853515625,0.8268456375838829,0.8740356047818474
1.19777587890625,5.571063232421874,2.8094482421875,0.8268456375838829,0.8511972413977007
8.92441650390625,5.6296276855468745,2.8094482421875,3.919463087248574,0.9673549595182631
0.88558837890625,0.261219482421875,4.0131103515625,0.4026845637583871,0.05392180846099738
1.11972900390625,0.261219482421875,4.0131103515625,0.40402684563758173,0.05409953264458985
0.88558837890625,4.067908935546875,4.0131103515625,0.6791946308724761,0.7668156988026331
0.88558837890625,0.261219482421875,5.5938232421875,0.40402684563758173,0.05480568939328607
1.11972900390625,4.067908935546875,5.5938232421875,0.7758389261744878,0.8127588135466295
5.88058837890625,5.258719482421874,8.9631103515625,2.69530201342289,0.9615994670144784
6.11472900390625,5.258719482421874,8.9631103515625,2.7892617449665282,0.962943462588382
5.88058837890625,9.065408935546875,8.9631103515625,2.720805369127592,0.9784595340673404
5.88058837890625,5.258719482421874,0.6438232421875,2.69798657718128,0.9059046995443216
6.11472900390625,9.065408935546875,0.6438232421875,2.816107382550425,0.9414152103604199
8.37808837890625,2.759969482421875,1.5381103515625,3.646979865772024,0.9113637070204391
3.61722900390625,2.759969482421875,1.5381103515625,1.74093959731541,0.8327143574396773
8.37808837890625,6.566658935546874,1.5381103515625,3.708724832214986,0.9614449476037363
8.37808837890625,2.759969482421875,3.1188232421875,3.644295302013634,0.9314073065220642
3.61722900390625,6.566658935546874,3.1188232421875,1.802684563758362,0.9417585323495955
3.38308837890625,7.757469482421874,6.4881103515625,1.7154362416107125,0.9570730705615428
8.61222900390625,7.757469482421874,6.4881103515625,3.8080536912754033,0.9809056440429147
3.38308837890625,1.5691589355468747,6.4881103515625,1.5651006711409166,0.7797716135054413
3.38308837890625,7.757469482421874,8.0688232421875,1.7154362416107125,0.9587475525249307
8.61222900390625,1.5691589355468747,8.0688232421875,3.652348993288803,0.9044451367321564
4.63183837890625,4.0093444824218745,7.7256103515625,2.178523489932881,0.9364494260368904
9.86097900390625,4.0093444824218745,7.7256103515625,4.271140939597619,0.9675595750889232
4.63183837890625,0.31978393554687495,7.7256103515625,0.7892617449664339,0.1670449156310837
4.63183837890625,4.0093444824218745,6.8313232421875,2.178523489932881,0.935079331501253
9.86097900390625,0.31978393554687495,6.8313232421875,3.395973154362591,0.5833630411051816
9.62683837890625,9.006844482421876,2.7756103515625004,4.220134228188216,0.9809849213039921
4.86597900390625,9.006844482421876,2.7756103515625004,2.3154362416107537,0.9654945364348544
9.62683837890625,5.317283935546874,2.7756103515625004,4.197315436241904,0.9675515875408607
9.62683837890625,9.006844482421876,1.8813232421875001,4.220134228188216,0.9773887628329485
4.86597900390625,5.317283935546874,1.8813232421875001,2.2926174496644416,0.9318096535921019
7.12933837890625,1.5105944824218749,5.2506103515625,3.0536912751679095,0.873509513978798
7.36347900390625,1.5105944824218749,5.2506103515625,3.1476510067115475,0.8770972409754199
7.12933837890625,7.816033935546875,5.2506103515625,3.214765100671289,0.9762976904571429
7.12933837890625,1.5105944824218749,4.3563232421875,3.0550335570471043,0.8685772203216224
7.36347900390625,7.816033935546875,4.3563232421875,3.308724832214927,0.9758424278846776
2.13433837890625,6.508094482421875,0.30061035156250004,1.1959731543623997,0.8275876088918608
2.3684790039062498,6.508094482421875,0.30061035156250004,1.2899328859060222,0.8352258455927766
2.13433837890625,2.8185339355468746,0.30061035156250004,1.1020134228187772,0.6859800851926878
2.13433837890625,6.508094482421875,9.3063232421875,1.2080536912751512,0.931714190917208
2.3684790039062498,2.8185339355468746,9.3063232421875,1.2416107382550163,0.848784361174741
1.50996337890625,3.3846569824218746,5.8693603515624995,0.9167785234899215,0.8145935102087989
4.24160400390625,3.3846569824218746,5.8693603515624995,2.008053691275138,0.9144869334546772
1.50996337890625,9.690096435546875,5.8693603515624995,0.973154362416095,0.9382576407971579
1.50996337890625,3.3846569824218746,8.6875732421875,0.9167785234899215,0.8253878834642272
4.24160400390625,9.690096435546875,8.6875732421875,2.0671140939597104,0.9732233476294146
6.5049633789062495,8.382156982421876,0.9193603515625,2.9691275167786353,0.9503115748164129
9.23660400390625,8.382156982421876,0.9193603515625,4.063087248322421,0.9626761545665813
6.5049633789062495,4.692596435546874,0.9193603515625,2.9422818791947387,0.9168289730664377
6.5049633789062495,8.382156982421876,3.7375732421875,2.9677852348994405,0.9737150103170116
9.23660400390625,4.692596435546874,3.7375732421875,4.03221476510094,0.9652253121308926
9.00246337890625,0.8859069824218749,8.3443603515625,3.661744966443167,0.8376256729029248
1.74410400390625,0.8859069824218749,8.3443603515625,0.5879194630872429,0.2836205884605354
9.00246337890625,2.1938464355468748,8.3443603515625,3.864429530201586,0.9351317275969216
9.00246337890625,0.8859069824218749,1.2625732421875002,3.655033557047193,0.7603544596248719
1.74410400390625,2.1938464355468748,1.2625732421875002,0.9369127516778406,0.6537006175692389
4.00746337890625,5.883406982421874,3.3943603515625003,1.953020134228158,0.9414692195590624
6.73910400390625,5.883406982421874,3.3943603515625003,3.0469798657719354,0.962387594891688
4.00746337890625,7.191346435546874,3.3943603515625003,1.9624161073825201,0.9522573248130793
4.00746337890625,5.883406982421874,6.2125732421875,1.953020134228158,0.9497699925762524
6.73910400390625,7.191346435546874,6.2125732421875,3.0550335570471043,0.9738123352607031
2.7587133789062497,2.135281982421875,2.1568603515625,1.3637583892617255,0.7661157651958459
5.4903540039062495,2.135281982421875,2.1568603515625,2.460402684563795,0.8595427537044716
2.7587133789062497,5.941971435546875,2.1568603515625,1.4550335570469588,0.9107888814185394
2.7587133789062497,2.135281982421875,9.9250732421875,1.3637583892617255,0.8213929862133076
5.4903540039062495,5.941971435546875,9.9250732421875,2.5463087248322642,0.9646963783973869
7.75371337890625,7.132781982421874,7.1068603515625,3.4604026845639426,0.977347749192031
0.49535400390625,7.132781982421874,7.1068603515625,0.5570469798657669,0.8468591817956408
7.75371337890625,0.944471435546875,7.1068603515625,3.1852348993290027,0.8219799218633599
7.75371337890625,7.132781982421874,4.9750732421874995,3.4617449664431375,0.9756261406272281
0.49535400390625,0.944471435546875,4.9750732421874995,0.40805369127516555,0.18181713082016532
5.25621337890625,4.634031982421875,4.6318603515625,2.438926174496678,0.9453658425411706
7.98785400390625,4.634031982421875,4.6318603515625,3.5315436241612685,0.9621162064022069
5.25621337890625,3.4432214355468744,4.6318603515625,2.416107382550366,0.9260783122004261
5.25621337890625,4.634031982421875,2.5000732421875003,2.438926174496678,0.9340255009834983
7.98785400390625,3.4432214355468744,2.5000732421875003,3.5100671140941513,0.9381491522073075
0.26121337890625,9.631531982421874,9.5818603515625,0.46979865771811746,0.8543684716621389
2.99285400390625,9.631531982421874,9.5818603515625,1.5664429530201112,0.9646170609239735
0.26121337890625,8.440721435546875,9.5818603515625,0.4617449664429498,0.8203110615160673
0.26121337890625,9.631531982421874,7.4500732421875,0.46979865771811746,0.8500072831310032
2.99285400390625,8.440721435546875,7.4500732421875,1.5624161073825273,0.9578398174286211
0.18316650390625,3.6189147949218747,4.8638916015625,0.41073825503355477,0.5087395972703929
9.31465087890625,3.6189147949218747,4.8638916015625,4.044295302013693,0.9581303856848695
0.18316650390625,6.332401123046874,4.8638916015625,0.4214765100671116,0.6897241972142514
0.18316650390625,3.6189147949218747,9.0742919921875,0.4120805369127494,0.5199218715885652
9.31465087890625,6.332401123046874,9.0742919921875,4.0805369127519535,0.9793968456936917
5.17816650390625,8.616414794921875,9.8138916015625,2.437583892617483,0.9748506562701742
4.31965087890625,8.616414794921875,9.8138916015625,2.093959731543607,0.9706051078868794
5.17816650390625,1.3349011230468748,9.8138916015625,2.2456375838926226,0.8279362434101589
5.17816650390625,8.616414794921875,4.1242919921875,2.437583892617483,0.9697163957056989
4.31965087890625,1.3349011230468748,4.1242919921875,1.9073825503355413,0.7720128106411803
7.67566650390625,1.1201647949218747,2.3888916015625004,3.2093959731545096,0.8107193616171695
6.81715087890625,1.1201647949218747,2.3888916015625004,2.8657718120806335,0.7918576250747739
7.67566650390625,3.8336511230468746,2.3888916015625004,3.394630872483396,0.9415333958443103
7.67566650390625,1.1201647949218747,1.6492919921875002,3.20671140939612,0.7922988412603869
6.81715087890625,3.8336511230468746,1.6492919921875002,3.0523489932887147,0.9250804154315813
2.68066650390625,6.1176647949218745,7.3388916015625,1.4241610738254828,0.9360352489032533
1.82215087890625,6.1176647949218745,7.3388916015625,1.0805369127516635,0.9159662772932933
2.68066650390625,8.831151123046874,7.3388916015625,1.4389261744966235,0.9561127596729847
2.68066650390625,6.1176647949218745,6.5992919921875,1.4241610738254828,0.9347894085899655
1.82215087890625,8.831151123046874,6.5992919921875,1.0953020134228042,0.9412513101155124
3.92941650390625,2.3695397949218746,8.5763916015625,1.8442953020133948,0.8770586944985891
0.57340087890625,2.3695397949218746,8.5763916015625,0.4416107382550307,0.42105567993476567
3.92941650390625,7.5817761230468745,8.5763916015625,1.9328859060402388,0.9628589557367341
3.92941650390625,2.3695397949218746,7.8367919921875,1.8456375838925894,0.8757559872001665
0.57340087890625,7.5817761230468745,7.8367919921875,0.5906040268456321,0.8714229108906892
8.92441650390625,7.367039794921874,3.6263916015625,3.9315436241613275,0.9772645224883567
5.56840087890625,7.367039794921874,3.6263916015625,2.587919463087304,0.9652939021164482
8.92441650390625,2.5842761230468745,3.6263916015625,3.8550335570472223,0.9337946112127744
8.92441650390625,7.367039794921874,2.8867919921875003,3.9315436241613275,0.9753663210094506
5.56840087890625,2.5842761230468745,2.8867919921875003,2.5140939597315883,0.8937522738749392
6.42691650390625,4.868289794921875,6.1013916015625,2.910067114094063,0.958953544059925
3.07090087890625,4.868289794921875,6.1013916015625,1.5677852348993058,0.9245108456323137
6.42691650390625,0.085526123046875,6.1013916015625,0.41073825503355477,0.018735340096602802
6.42691650390625,4.868289794921875,0.41179199218750007,2.907382550335673,0.8897373590672295
3.07090087890625,0.085526123046875,0.41179199218750007,0.4026845637583871,0.016959404600577196
1.43191650390625,9.865789794921875,1.1513916015625,0.9436241610738136,0.896186458405298
8.06590087890625,9.865789794921875,1.1513916015625,3.59865771812101,0.9685207726002729
1.43191650390625,5.083026123046874,1.1513916015625,0.9114093959731431,0.8135014426994022
1.43191650390625,9.865789794921875,5.3617919921874995,0.9436241610738136,0.9367196986160387
8.06590087890625,5.083026123046874,5.3617919921874995,3.5691275167787238,0.9671322487577902
2.05629150390625,0.495477294921875,5.4826416015624995,0.42416107382550083,0.10582692279906136
6.19277587890625,0.495477294921875,5.4826416015624995,2.2550335570469864,0.5771674591307627
2.05629150390625,1.9595886230468746,5.4826416015624995,1.0711409395973013,0.732293115601899
2.05629150390625,0.495477294921875,7.2180419921875,0.42550335570469544,0.10748223390684376
6.19277587890625,1.9595886230468746,7.2180419921875,2.7234899328859816,0.8959381275699829
7.05129150390625,5.492977294921874,0.5326416015625001,3.16778523489947,0.9131207198371707
1.19777587890625,5.492977294921874,0.5326416015625001,0.8107382550335476,0.7728736585717535
7.05129150390625,6.957088623046874,0.5326416015625001,3.1812080536914182,0.9280229342493792
7.05129150390625,5.492977294921874,2.2680419921875004,3.16778523489947,0.955031518382788
1.19777587890625,6.957088623046874,2.2680419921875004,0.8375838926174397,0.8735310452370402
9.54879150390625,2.9942272949218744,7.9576416015625,4.1194630872486035,0.9549076580730702
8.69027587890625,2.9942272949218744,7.9576416015625,3.7758389261747274,0.9508089340979606
9.54879150390625,9.455838623046875,7.9576416015625,4.194630872483514,0.9866221508722551
9.54879150390625,2.9942272949218744,4.7430419921875,4.120805369127798,0.9500709743476341
8.69027587890625,9.455838623046875,4.7430419921875,3.8469798657720533,0.9834528034417954
4.5537915039062495,7.9917272949218745,3.0076416015625003,2.1852348993288553,0.9597730938494622
3.6952758789062496,7.9917272949218745,3.0076416015625003,1.8416107382550055,0.9523571000933753
4.5537915039062495,4.458338623046875,3.0076416015625003,2.155704697986569,0.9276566080068158
4.5537915039062495,7.9917272949218745,9.6930419921875,2.1852348993288553,0.9695893023131321
3.6952758789062496,4.458338623046875,9.6930419921875,1.8107382550335296,0.9335373737861343
3.3050415039062497,4.243602294921875,1.7701416015625002,1.6550335570469552,0.8846452214243345
4.94402587890625,4.243602294921875,1.7701416015625002,2.3100671140939744,0.914356500848415
3.3050415039062497,3.2089636230468748,1.7701416015625002,1.632214765100647,0.8507997468026756
3.3050415039062497,4.243602294921875,5.9805419921875,1.652348993288566,0.9176059360673341
4.94402587890625,3.2089636230468748,5.9805419921875,2.2845637583892726,0.9208968726506115
8.30004150390625,9.241102294921875,6.7201416015625,3.6899328859062583,0.9837698785600704
9.93902587890625,9.241102294921875,6.7201416015625,4.344966442953335,0.9862299378868657
8.30004150390625,8.206463623046876,6.7201416015625,3.685906040268674,0.9815969906038488
8.30004150390625,9.241102294921875,1.0305419921875,3.691275167785453,0.9652007911978823
9.93902587890625,8.206463623046876,1.0305419921875,4.34362416107414,0.9666201991861186
5.80254150390625,1.7448522949218748,4.2451416015625,2.5516778523490435,0.8633678810578902
2.44652587890625,1.7448522949218748,4.2451416015625,1.2080536912751512,0.7262315733183791
5.80254150390625,5.707713623046875,4.2451416015625,2.6697986577181885,0.9584930480941671
5.80254150390625,1.7448522949218748,3.5055419921875,2.5530201342282384,0.857277097951129
2.44652587890625,5.707713623046875,3.5055419921875,1.3275167785234712,0.9133135914544602
0.80754150390625,6.742352294921874,9.1951416015625,0.6791946308724761,0.8807551164190013
7.4415258789062495,6.742352294921874,9.1951416015625,3.332885906040434,0.9761396144603343
0.80754150390625,0.710213623046875,9.1951416015625,0.41073825503355477,0.14466446882677053
0.80754150390625,6.742352294921874,8.4555419921875,0.6791946308724761,0.8792103006935712
7.4415258789062495,0.710213623046875,8.4555419921875,2.957046979865882,0.7598337948523058
1.11972900390625,1.4325085449218748,0.2232666015625,0.4362416107382523,0.2355600826897509
2.7587133789062497,1.4325085449218748,0.2232666015625,1.1691275167785076,0.5404985198092237
1.11972900390625,9.143494873046874,0.2232666015625,0.8026845637583799,0.8182008124342064
1.11972900390625,1.4325085449218748,0.7211669921875,0.44966442953019836,0.2574411977001484
2.7587133789062497,9.143494873046874,0.7211669921875,1.4724832214764887,0.9076889817793596
6.11472900390625,6.430008544921875,5.1732666015625,2.800000000000087,0.96654227034941
7.75371337890625,6.430008544921875,5.1732666015625,3.456375838926358,0.9730159795386967
6.11472900390625,4.145994873046875,5.1732666015625,2.774496644295385,0.947631862600689
6.11472900390625,6.430008544921875,5.6711669921875,2.800000000000087,0.9672497399829081
7.75371337890625,4.145994873046875,5.6711669921875,3.4308724832216564,0.9585273710487858
8.61222900390625,3.9312585449218744,2.6982666015625,3.770469798657948,0.9506828009510194
0.26121337890625,3.9312585449218744,2.6982666015625,0.4187919463087224,0.529596928472689
8.61222900390625,1.6472448730468747,2.6982666015625,3.6671140939599463,0.8840096287786603
8.61222900390625,3.9312585449218744,8.1461669921875,3.7691275167787532,0.9626926070187807
0.26121337890625,1.6472448730468747,8.1461669921875,0.40671140939597095,0.29339847056189033
3.61722900390625,8.928758544921875,7.6482666015625,1.8134228187919188,0.9656939133298365
5.25621337890625,8.928758544921875,7.6482666015625,2.469798657718159,0.9750275857512767
3.61722900390625,6.644744873046874,7.6482666015625,1.802684563758362,0.9536849610331393
3.61722900390625,8.928758544921875,3.1961669921875,1.8147651006711134,0.9576922371263235
5.25621337890625,6.644744873046874,3.1961669921875,2.4590604026846004,0.9579239332185359
4.86597900390625,2.6818835449218748,6.4107666015625,2.234899328859064,0.9050951680868229
6.5049633789062495,2.6818835449218748,6.4107666015625,2.8899328859061404,0.925930736792297
4.86597900390625,5.395369873046874,6.4107666015625,2.2912751677852468,0.9534300079240081
4.86597900390625,2.6818835449218748,1.9586669921875002,2.2389261744966484,0.8714512325860894
6.5049633789062495,5.395369873046874,1.9586669921875002,2.948993288590713,0.9479612168390412
9.86097900390625,7.679383544921874,1.4607666015625,4.308724832215074,0.9705595612138072
1.50996337890625,7.679383544921874,1.4607666015625,0.966442953020122,0.8833595817710875
9.86097900390625,0.397869873046875,1.4607666015625,3.4845637583894495,0.5814016333747672
9.86097900390625,7.679383544921874,6.9086669921874995,4.30738255033588,0.9832434549260544
1.50996337890625,0.397869873046875,6.9086669921874995,0.4120805369127494,0.08416025982148219
7.36347900390625,0.183133544921875,8.8857666015625,0.5946308724832159,0.0692706070109778
9.00246337890625,0.183133544921875,8.8857666015625,1.7046979865771557,0.2318787851966106
7.36347900390625,2.8966198730468746,8.8857666015625,3.2416107382551855,0.9418789776612388
7.36347900390625,0.183133544921875,9.3836669921875,0.6053691275167727,0.07115769986278034
9.00246337890625,2.8966198730468746,9.3836669921875,3.897986577181457,0.9520335580203966
2.3684790039062498,5.180633544921874,3.9357666015625004,1.2912751677852168,0.9053249469272073
4.00746337890625,5.180633544921874,3.9357666015625004,1.9463087248321849,0.936300761346564
2.3684790039062498,7.894119873046875,3.9357666015625004,1.3100671140939413,0.9379416865890862
2.3684790039062498,5.180633544921874,4.4336669921875,1.2899328859060222,0.9076379278199788
4.00746337890625,7.894119873046875,4.4336669921875,1.966442953020104,0.959912778632756
1.74410400390625,4.555946044921875,9.5045166015625,1.0322147651006577,0.8867018121465107
2.13433837890625,4.555946044921875,9.5045166015625,1.187919463087232,0.9013989431314857
1.74410400390625,4.770682373046874,9.5045166015625,1.034899328859047,0.8919475009004526
1.74410400390625,4.555946044921875,2.5774169921875,1.034899328859047,0.8524440325131664
2.13433837890625,4.770682373046874,2.5774169921875,1.1932885906040105,0.8759256724095043
6.73910400390625,9.553446044921875,4.5545166015625,3.065771812080663,0.9790074782440866
7.12933837890625,9.553446044921875,4.5545166015625,3.222818791946458,0.9801700518692487
6.73910400390625,9.768182373046875,4.5545166015625,3.067114093959858,0.9795845830341129
6.73910400390625,9.553446044921875,7.5274169921875,3.065771812080663,0.9813656482770985
7.12933837890625,9.768182373046875,7.5274169921875,3.222818791946458,0.9827427239992803
9.23660400390625,2.057196044921875,7.0295166015624995,3.9489932885908603,0.9304264039452061
4.63183837890625,2.057196044921875,7.0295166015624995,2.107382550335555,0.8726432833100627
9.23660400390625,7.269432373046874,7.0295166015624995,4.055033557047252,0.9811434118497819
9.23660400390625,2.057196044921875,5.0524169921875,3.9489932885908603,0.9256881488854329
4.63183837890625,7.269432373046874,5.0524169921875,2.212080536912752,0.9623525353482851
4.24160400390625,7.054696044921874,2.0795166015625,2.0563758389261517,0.9446607933224427
9.62683837890625,7.054696044921874,2.0795166015625,4.210738255033852,0.9724590450901884
4.24160400390625,2.271932373046875,2.0795166015625,1.9691275167784932,0.8367973926647806
4.24160400390625,7.054696044921874,0.1024169921875,2.0348993288590345,0.8594514294992395
9.62683837890625,2.271932373046875,0.1024169921875,4.055033557047252,0.8144542889801969
2.99285400390625,0.8078210449218749,3.3170166015625,1.1516778523489777,0.48033842500825075
8.37808837890625,0.8078210449218749,3.3170166015625,3.387919463087422,0.7788744566074912
2.99285400390625,1.0225573730468749,3.3170166015625,1.28053691275166,0.5879860674667806
2.99285400390625,0.8078210449218749,3.8149169921875004,1.16107382550334,0.4880620901219629
8.37808837890625,1.0225573730468749,3.8149169921875004,3.4630872483223323,0.8281202520641007
7.98785400390625,5.805321044921874,8.2670166015625,3.544966442953217,0.9734864173678186
3.38308837890625,5.805321044921874,8.2670166015625,1.7020134228187664,0.9444574018016891
7.98785400390625,6.020057373046875,8.2670166015625,3.5463087248324117,0.9744089869555937
7.98785400390625,5.805321044921874,8.7649169921875,3.544966442953217,0.973743663103488
3.38308837890625,6.020057373046875,8.7649169921875,1.703355704697961,0.9468382239457033
5.4903540039062495,3.3065710449218746,0.8420166015625,2.507382550335614,0.8697870826065589
5.88058837890625,3.3065710449218746,0.8420166015625,2.664429530201409,0.8758244540116426
5.4903540039062495,8.518807373046876,0.8420166015625,2.563758389261797,0.9416589411720432
5.4903540039062495,3.3065710449218746,6.2899169921875,2.5060402684564194,0.9305156140980777
5.88058837890625,8.518807373046876,6.2899169921875,2.7181208053692023,0.9752985653231397
0.49535400390625,8.304071044921875,5.7920166015625,0.5624161073825453,0.868356613394752
0.88558837890625,8.304071044921875,5.7920166015625,0.7194630872483143,0.9025644666086895
0.49535400390625,3.5213073730468745,5.7920166015625,0.4751677852348959,0.5776020529905987
0.49535400390625,8.304071044921875,1.3399169921875,0.5570469798657669,0.8149162829461654
0.88558837890625,3.5213073730468745,1.3399169921875,0.6469798657718056,0.6657276680011385
0.33926025390625003,0.963992919921875,8.1123291015625,0.40536912751677634,0.186824494401435
3.85136962890625,0.963992919921875,8.1123291015625,1.6308724832214523,0.6819752109443996
0.33926025390625003,5.239197998046874,8.1123291015625,0.457718120805366,0.6872954225110637
0.33926025390625003,0.963992919921875,0.2571044921875,0.4026845637583871,0.1684941337227162
3.85136962890625,5.239197998046874,0.2571044921875,1.8697986577180923,0.8442837007700217
5.33426025390625,5.9614929199218745,3.1623291015625004,2.484563758389302,0.9533410770126718
8.84636962890625,5.9614929199218745,3.1623291015625004,3.8912751677854827,0.9702588047185239
5.33426025390625,0.24169799804687497,3.1623291015625004,0.4416107382550307,0.055024518298572744
5.33426025390625,5.9614929199218745,5.2071044921875,2.484563758389302,0.9594557611471746
8.84636962890625,0.24169799804687497,5.2071044921875,2.4348993288590934,0.3854732156989823
7.83176025390625,3.4627429199218747,5.6373291015625,3.4469798657719943,0.9504009998305304
1.35386962890625,3.4627429199218747,5.6373291015625,0.8563758389261642,0.8033839512207659
7.83176025390625,2.7404479980468746,5.6373291015625,3.4241610738256822,0.9370820933763747
7.83176025390625,3.4627429199218747,7.6821044921875,3.4469798657719943,0.9532606516923682
1.35386962890625,2.7404479980468746,7.6821044921875,0.8335570469798559,0.7549017802761575
2.8367602539062498,8.460242919921875,0.6873291015625,1.5006711409395754,0.9014203287155663
6.34886962890625,8.460242919921875,0.6873291015625,2.907382550335673,0.9414868300373891
2.8367602539062498,7.737947998046875,0.6873291015625,1.4966442953019916,0.8939176740774666
2.8367602539062498,8.460242919921875,2.7321044921875,1.5006711409395754,0.9432408879522165
6.34886962890625,7.737947998046875,2.7321044921875,2.9033557046980887,0.9676962486671284
4.08551025390625,4.712117919921875,4.3998291015625,1.9718120805368824,0.9329783098709263
5.10011962890625,4.712117919921875,4.3998291015625,2.377181208053716,0.9441011155343544
4.08551025390625,8.987322998046874,4.3998291015625,2.0026845637583586,0.9654886986383413
4.08551025390625,4.712117919921875,1.4946044921875001,1.9744966442952716,0.9044559551027195
5.10011962890625,8.987322998046874,1.4946044921875001,2.4093959731543917,0.9563593506674685
9.08051025390625,9.709617919921875,9.3498291015625,4.0724832214767845,0.986683237183329
0.10511962890625,9.709617919921875,9.3498291015625,0.4161073825503332,0.8080621174000873
9.08051025390625,3.9898229980468747,9.3498291015625,3.958389261745224,0.9658488642424568
9.08051025390625,9.709617919921875,6.4446044921875,4.004026845637848,0.9857413015217804
0.10511962890625,3.9898229980468747,6.4446044921875,0.40671140939597095,0.5410022851570129
6.58301025390625,2.2133679199218745,1.9248291015625,2.9033557046980887,0.878215049286869
7.59761962890625,2.2133679199218745,1.9248291015625,3.308724832214927,0.8915202248212587
6.58301025390625,1.4910729980468749,1.9248291015625,2.837583892617542,0.8253043079722095
6.58301025390625,2.2133679199218745,8.9196044921875,2.8966442953021145,0.9155154857331474
7.59761962890625,1.4910729980468749,8.9196044921875,3.236241610738406,0.8889483491687977
1.58801025390625,7.210867919921874,6.8748291015625,0.9946308724832087,0.9217449682865866
2.60261962890625,7.210867919921874,6.8748291015625,1.39999999999998,0.9440264649298341
1.58801025390625,6.488572998046874,6.8748291015625,0.9892617449664303,0.9123094665512739
1.58801025390625,7.210867919921874,3.9696044921875004,0.9946308724832087,0.9115245070638957
2.60261962890625,6.488572998046874,3.9696044921875004,1.395973154362396,0.9295603389888374
2.2123852539062496,2.838055419921875,2.5435791015625,1.181208053691259,0.7990695801706678
0.72949462890625,2.838055419921875,2.5435791015625,0.5449664429530154,0.5582693804629157
2.2123852539062496,0.8663854980468749,2.5435791015625,0.7825503355704608,0.3566043683452587
2.2123852539062496,2.838055419921875,3.3508544921875,1.1825503355704536,0.8114727286935695
0.72949462890625,0.8663854980468749,3.3508544921875,0.41073825503355477,0.16678326495531162
7.20738525390625,7.835555419921874,7.4935791015625,3.24563758389277,0.9782817956223001
5.72449462890625,7.835555419921874,7.4935791015625,2.6523489932886557,0.9733083957166146
7.20738525390625,5.863885498046875,7.4935791015625,3.2335570469800166,0.9707276714941514
7.20738525390625,7.835555419921874,8.3008544921875,3.24563758389277,0.9786851097120299
5.72449462890625,5.863885498046875,8.3008544921875,2.6389261744967074,0.9644666987017912
9.70488525390625,0.33930541992187496,5.0185791015625,3.3812080536914477,0.5882301606402573
3.2269946289062497,0.33930541992187496,5.0185791015625,0.42818791946308465,0.07470613736177781
9.70488525390625,8.362635498046876,5.0185791015625,4.248322147651307,0.9832266574847855
9.70488525390625,0.33930541992187496,5.8258544921875,3.387919463087422,0.594538295868777
3.2269946289062497,8.362635498046876,5.8258544921875,1.6563758389261498,0.9580144923831453
4.70988525390625,5.336805419921874,9.9685791015625,2.22818791946309,0.9550022220368665
8.22199462890625,5.336805419921874,9.9685791015625,3.6335570469800755,0.9725576002801378
4.70988525390625,3.365135498046875,9.9685791015625,2.194630872483219,0.9276517149285559
4.70988525390625,5.336805419921874,0.8758544921875,2.2308724832214795,0.9043119214323649
8.22199462890625,3.365135498046875,0.8758544921875,3.6040268456377893,0.9050638701437428
3.46113525390625,1.5886804199218747,6.2560791015624995,1.5986577181207817,0.7854678741494614
9.47074462890625,1.5886804199218747,6.2560791015624995,3.998657718121069,0.9096951235464932
3.46113525390625,4.614510498046875,6.2560791015624995,1.7194630872482963,0.9274125417963043
3.46113525390625,1.5886804199218747,4.5883544921874995,1.5999999999999763,0.7747571011396794
9.47074462890625,4.614510498046875,4.5883544921874995,4.124832214765383,0.9673768393135695
8.45613525390625,6.586180419921875,1.3060791015625002,3.739597315436467,0.9584146967173339
4.4757446289062495,6.586180419921875,1.3060791015625002,2.1476510067114,0.9305938630597889
8.45613525390625,9.612010498046875,1.3060791015625002,3.75436241610761,0.9712223682617522
8.45613525390625,6.586180419921875,9.5383544921875,3.738255033557272,0.9784560910805661
4.4757446289062495,9.612010498046875,9.5383544921875,2.1597315436241535,0.974399557182025
5.95863525390625,4.0874304199218745,8.7310791015625,2.7100671140940333,0.9506081805190512
6.97324462890625,4.0874304199218745,8.7310791015625,3.1167785234900665,0.9571396985795326
5.95863525390625,7.113260498046874,8.7310791015625,2.7422818791947092,0.9722700856966601
5.95863525390625,4.0874304199218745,7.0633544921875,2.7100671140940333,0.9488449541915323
6.97324462890625,7.113260498046874,7.0633544921875,3.1489932885907423,0.9750913581690557
0.96363525390625,9.084930419921875,3.7810791015625003,0.7543624161073741,0.9065119328415885
1.97824462890625,9.084930419921875,3.7810791015625003,1.1597315436241453,0.93872598481907
0.96363525390625,2.1157604980468747,3.7810791015625003,0.5973154362416051,0.5217445231368063
0.96363525390625,9.084930419921875,2.1133544921875003,0.7543624161073741,0.8891471562734763
1.97824462890625,2.1157604980468747,2.1133544921875003,1.04161073825502,0.7002802732821116
0.65144775390625,3.775086669921875,7.1842041015625,0.5718120805369076,0.701747521861074
7.90980712890625,3.775086669921875,7.1842041015625,3.4859060402686444,0.9571764782085797
0.65144775390625,8.050291748046876,7.1842041015625,0.6241610738254972,0.8864037276106524
0.65144775390625,3.775086669921875,9.8477294921875,0.5731543624161022,0.7101758932703985
7.90980712890625,8.050291748046876,9.8477294921875,3.527516778523684,0.9814984640834881
5.64644775390625,8.772586669921875,2.2342041015625003,2.626845637583954,0.9658826444142918
2.91480712890625,8.772586669921875,2.2342041015625003,1.532885906040246,0.9420654189221953
5.64644775390625,3.0527917480468747,2.2342041015625003,2.563758389261797,0.9030726769718931
5.64644775390625,8.772586669921875,4.8977294921875,2.625503355704759,0.9736651170008082
2.91480712890625,3.0527917480468747,4.8977294921875,1.4697986577180995,0.868091293274937
8.14394775390625,1.2763366699218748,9.6592041015625,3.4214765100672926,0.879273486286917
5.41230712890625,1.2763366699218748,9.6592041015625,2.330201342281897,0.8265964088809624
8.14394775390625,0.554041748046875,9.6592041015625,3.1181208053692613,0.7198831275644206
8.14394775390625,1.2763366699218748,2.4227294921875,3.4295302013424616,0.840666739061721
5.41230712890625,0.554041748046875,2.4227294921875,1.948993288590574,0.5300031909882079
3.14894775390625,6.273836669921875,4.7092041015624995,1.6120805369127278,0.9392671520428812
0.41730712890625,6.273836669921875,4.7092041015624995,0.5127516778523449,0.7803293810283582
3.14894775390625,5.5515417480468745,4.7092041015624995,1.6067114093959494,0.9314835876730134
3.14894775390625,6.273836669921875,7.3727294921875,1.6120805369127278,0.9446835752893837
0.41730712890625,5.5515417480468745,7.3727294921875,0.5033557046979826,0.7526042464733396
4.39769775390625,0.026961669921875,0.9967041015625,0.4013422818791925,0.00552202806871641
1.66605712890625,0.026961669921875,0.9967041015625,0.3999999999999979,0.005517601668102019
4.39769775390625,6.800916748046874,0.9967041015625,2.118120805369114,0.9229591517736674
4.39769775390625,0.026961669921875,8.6102294921875,0.4013422818791925,0.005867734909594184
1.66605712890625,6.800916748046874,8.6102294921875,1.0228187919462954,0.9221043226020375
9.39269775390625,5.024461669921875,5.9467041015625,4.099328859060681,0.971754692005192
6.66105712890625,5.024461669921875,5.9467041015625,3.0053691275168957,0.9612472291600802
9.39269775390625,1.8034167480468748,5.9467041015625,3.9906040268459,0.9192111212482931
9.39269775390625,5.024461669921875,3.6602294921875003,4.099328859060681,0.9679012551854335
6.66105712890625,1.8034167480468748,3.6602294921875003,2.900671140939699,0.8781305378034046
6.89519775390625,2.5257116699218747,3.4717041015625,3.040268456375961,0.913801875782538
4.16355712890625,2.5257116699218747,3.4717041015625,1.948993288590574,0.8692255124889133
6.89519775390625,4.302166748046875,3.4717041015625,3.08993288590617,0.9495647742574047
6.89519775390625,2.5257116699218747,1.1852294921875002,3.0442953020135457,0.876664197427609
4.16355712890625,4.302166748046875,1.1852294921875002,1.9986577181207745,0.888141191377052
1.90019775390625,7.523211669921874,8.4217041015625,1.1208053691275017,0.9354668446773771
9.15855712890625,7.523211669921874,8.4217041015625,4.0255033557049655,0.9823286373529813
1.90019775390625,9.299666748046874,8.4217041015625,1.1288590604026694,0.9483680005085494
1.90019775390625,7.523211669921874,6.1352294921874995,1.1208053691275017,0.9317134361695484
9.15855712890625,9.299666748046874,6.1352294921874995,4.0335570469801345,0.9849788730615385
1.27582275390625,1.9010241699218748,2.8529541015625,0.7154362416107305,0.5572127103195894
7.28543212890625,1.9010241699218748,2.8529541015625,3.159731543624301,0.8852834827988867
1.27582275390625,3.6774792480468745,2.8529541015625,0.8295302013422721,0.7820066003759079
1.27582275390625,1.9010241699218748,6.7539794921875,0.734228187919455,0.5965985522437564
7.28543212890625,3.6774792480468745,6.7539794921875,3.2335570469800166,0.9520218000392955
6.27082275390625,6.898524169921874,7.8029541015625,2.8657718120806335,0.972091918363299
2.2904321289062497,6.898524169921874,7.8029541015625,1.2724832214764923,0.9368908920689529
6.27082275390625,8.674979248046876,7.8029541015625,2.8751677852349973,0.9781194388228858
6.27082275390625,6.898524169921874,1.8039794921875,2.8671140939598283,0.9562943883885564
2.2904321289062497,8.674979248046876,1.8039794921875,1.2832214765100491,0.9247923339338623
8.76832275390625,4.399774169921875,0.3779541015625,3.8375838926176895,0.899378477321324
9.78293212890625,4.399774169921875,0.3779541015625,4.244295302013723,0.9060876936434313
8.76832275390625,6.176229248046875,0.3779541015625,3.8604026845640016,0.9213063800731796
8.76832275390625,4.399774169921875,4.2789794921875,3.840268456376079,0.9625053597824051
9.78293212890625,6.176229248046875,4.2789794921875,4.267114093960035,0.9761761001135159
3.7733227539062497,9.397274169921875,5.3279541015625,1.87785234899326,0.9661922819245836
4.78793212890625,9.397274169921875,5.3279541015625,2.2845637583892726,0.9723939749089283
3.7733227539062497,1.1787292480468747,5.3279541015625,1.6577181208053444,0.7230528923537555
3.7733227539062497,9.397274169921875,9.2289794921875,1.87785234899326,0.9696005337035851
4.78793212890625,1.1787292480468747,9.2289794921875,2.061744966442931,0.7894865337511616
2.52457275390625,3.1503991699218745,9.0404541015625,1.3154362416107197,0.8714595652342514
3.53918212890625,3.1503991699218745,9.0404541015625,1.720805369127491,0.9010512146238783
2.52457275390625,2.428104248046875,9.0404541015625,1.287248322147633,0.8308866221314789
2.52457275390625,3.1503991699218745,5.5164794921875,1.3154362416107197,0.8605223991763833
3.53918212890625,2.428104248046875,5.5164794921875,1.6939597315435988,0.8602354885359003
7.51957275390625,8.147899169921875,4.0904541015625,3.3731543624162788,0.9769252671770023
8.53418212890625,8.147899169921875,4.0904541015625,3.779865771812312,0.979521594584596
7.51957275390625,7.4256042480468745,4.0904541015625,3.3691275167786943,0.9745411538513884
7.51957275390625,8.147899169921875,0.5664794921875,3.3744966442954736,0.9410136328169632
8.53418212890625,7.4256042480468745,0.5664794921875,3.777181208053922,0.9418748745874543
5.02207275390625,0.6516491699218749,6.5654541015625,1.9449664429529903,0.6178490123844539
1.0416821289062501,0.6516491699218749,6.5654541015625,0.413422818791944,0.13331225331896346
5.02207275390625,9.924354248046875,6.5654541015625,2.3798657718121055,0.9761076977574312
5.02207275390625,0.6516491699218749,3.0414794921875004,1.9167785234899035,0.5818895128071246
1.0416821289062501,9.924354248046875,3.0414794921875004,0.7879194630872393,0.9125131176219998
0.027072753906250004,5.649149169921874,1.6154541015625001,0.4013422818791925,0.6233021517023705
6.03668212890625,5.649149169921874,1.6154541015625001,2.7637583892618265,0.9422570362963194
0.027072753906250004,4.926854248046874,1.6154541015625001,0.4013422818791925,0.5825334417209611
0.027072753906250004,5.649149169921874,7.9914794921875,0.4013422818791925,0.6478210391544245
6.03668212890625,4.926854248046874,7.9914794921875,2.7543624161074627,0.9592057051965466
0.02219482421875,1.8863830566406248,7.8851318359375,0.3999999999999979,0.3219681827205425
7.64152099609375,1.8863830566406248,7.8851318359375,3.2966442953021735,0.9113885319979297
0.02219482421875,8.728663330078126,7.8851318359375,0.4026845637583871,0.7721780798131304
0.02219482421875,1.8863830566406248,3.9841064453125004,0.3999999999999979,0.3160684844130221
7.64152099609375,8.728663330078126,3.9841064453125004,3.4241610738256822,0.9786187060894032
5.01719482421875,6.883883056640625,2.9351318359375003,2.3651006711409623,0.9565597960179162
2.64652099609375,6.883883056640625,2.9351318359375003,1.4161073825503152,0.9282148432269088
5.01719482421875,3.7311633300781244,2.9351318359375003,2.328859060402702,0.9197660479377472
5.01719482421875,6.883883056640625,8.9341064453125,2.3637583892617675,0.9666969731106699
2.64652099609375,3.7311633300781244,8.9341064453125,1.3785234899328662,0.8956196572971462
7.51469482421875,4.385133056640624,5.4101318359374995,3.338255033557213,0.9591685187702449
5.14402099609375,4.385133056640624,5.4101318359374995,2.3892617449664693,0.943030088674353
7.51469482421875,1.2324133300781248,5.4101318359374995,3.1637583892618855,0.8530563434400862
7.51469482421875,4.385133056640624,6.4591064453125,3.338255033557213,0.9606768350609427
5.14402099609375,1.2324133300781248,6.4591064453125,2.2161073825503363,0.8018489039249107
2.51969482421875,9.382633056640625,0.46013183593750007,1.3744966442952824,0.8890747013781156
0.14902099609375002,9.382633056640625,0.46013183593750007,0.4187919463087224,0.7312339764293077
2.51969482421875,6.229913330078125,0.46013183593750007,1.3543624161073633,0.84962501175692
2.51969482421875,9.382633056640625,1.5091064453125,1.3785234899328662,0.9298452307788999
0.14902099609375002,6.229913330078125,1.5091064453125,0.413422818791944,0.6510865217465408
3.76844482421875,3.1357580566406247,4.1726318359375,1.8134228187919188,0.8908569255992194
1.39777099609375,3.1357580566406247,4.1726318359375,0.8644295302013318,0.7742652907983776
3.76844482421875,7.479288330078124,4.1726318359375,1.8684563758388977,0.9546766002806246
3.76844482421875,3.1357580566406247,2.7466064453125,1.8147651006711134,0.878224559800058
1.39777099609375,7.479288330078124,2.7466064453125,0.9208053691275053,0.8980930851086109
8.76344482421875,8.133258056640624,9.1226318359375,3.8697986577183654,0.9832105448623667
6.39277099609375,8.133258056640624,9.1226318359375,2.9208053691276215,0.9774618832766897
8.76344482421875,2.4817883300781247,9.1226318359375,3.7838926174498964,0.9420383802707529
8.76344482421875,8.133258056640624,7.6966064453125,3.8697986577183654,0.9826843864768473
6.39277099609375,2.4817883300781247,7.6966064453125,2.8362416107383472,0.9212327611629562
6.26594482421875,0.637008056640625,1.6976318359375002,2.3865771812080796,0.609691407686322
3.8952709960937497,0.637008056640625,1.6976318359375002,1.3328859060402496,0.43527512506310934
6.26594482421875,4.980538330078124,1.6976318359375002,2.8483221476511007,0.9381166656636675
6.26594482421875,0.637008056640625,5.2216064453125,2.438926174496678,0.6701057358055598
3.8952709960937497,4.980538330078124,5.2216064453125,1.897986577181179,0.9365275565973572
1.27094482421875,5.634508056640624,6.6476318359375,0.8563758389261642,0.8828651042790535
8.89027099609375,5.634508056640624,6.6476318359375,3.904697986577431,0.9742199027128602
1.27094482421875,9.978038330078125,6.6476318359375,0.8791946308724725,0.9356741860527182
1.27094482421875,5.634508056640624,0.2716064453125,0.8335570469798559,0.7587900201430795
8.89027099609375,9.978038330078125,0.2716064453125,3.926174496644548,0.9368266564501724
1.8953198242187501,3.7604455566406245,2.3163818359375004,1.0805369127516635,0.8262740923601765
7.01714599609375,3.7604455566406245,2.3163818359375004,3.12885906040282,0.9347071396454796
1.8953198242187501,3.1064758300781246,2.3163818359375004,1.0630872483221336,0.7913223442500037
1.8953198242187501,3.7604455566406245,2.1278564453125,1.0805369127516635,0.8225662070279917
7.01714599609375,3.1064758300781246,2.1278564453125,3.112751677852482,0.9188310706107397
6.89031982421875,8.757945556640625,7.2663818359375,3.1234899328860406,0.9798482212406543
2.02214599609375,8.757945556640625,7.2663818359375,1.174496644295286,0.9455086377968978
6.89031982421875,8.103975830078125,7.2663818359375,3.120805369127651,0.9781420351019088
6.89031982421875,8.757945556640625,7.0778564453124995,3.1234899328860406,0.9797416279104416
2.02214599609375,8.103975830078125,7.0778564453124995,1.1718120805368968,0.9407367977198202
9.38781982421875,1.2616955566406247,4.7913818359375,3.9181208053693792,0.8792341591974449
9.51464599609375,1.2616955566406247,4.7913818359375,3.9691275167787827,0.8807143195916803
9.38781982421875,5.605225830078124,4.7913818359375,4.103355704698266,0.9733949570325615
9.38781982421875,1.2616955566406247,9.5528564453125,3.9154362416109896,0.8924137900032115
9.51464599609375,5.605225830078124,9.5528564453125,4.154362416107669,0.9772113950799699
4.3928198242187495,6.259195556640624,9.7413818359375,2.110067114093945,0.959499296984873
4.51964599609375,6.259195556640624,9.7413818359375,2.1610738255033484,0.9605106732996568
4.3928198242187495,0.607725830078125,9.7413818359375,1.645637583892593,0.5512023258006207
4.3928198242187495,6.259195556640624,4.6028564453125,2.110067114093945,0.9531417007817048
4.51964599609375,0.607725830078125,4.6028564453125,1.6738255033556797,0.5344140423127631
3.1440698242187497,0.012320556640625,6.0288818359375,0.3999999999999979,0.0026505847990167366
3.27089599609375,0.012320556640625,6.0288818359375,0.3999999999999979,0.0026504266122588994
3.1440698242187497,1.8571008300781247,6.0288818359375,1.4979865771811862,0.8009379809506136
3.1440698242187497,0.012320556640625,0.8903564453125,0.3999999999999979,0.0025216751035290054
3.27089599609375,1.8571008300781247,0.8903564453125,1.5248322147650784,0.71461823581443
8.13906982421875,5.009820556640625,1.0788818359375,3.600000000000205,0.9388100937271047
8.26589599609375,5.009820556640625,1.0788818359375,3.6510067114096083,0.9396087868777478
8.13906982421875,6.854600830078124,1.0788818359375,3.6161073825505428,0.9543599761648072
8.13906982421875,5.009820556640625,5.8403564453125,3.597315436241815,0.9675166625484635
8.26589599609375,6.854600830078124,5.8403564453125,3.6644295302015566,0.9768894562906767
5.64156982421875,2.511070556640625,8.5038818359375,2.5369127516779004,0.9145157706940089
0.77339599609375,2.511070556640625,8.5038818359375,0.5570469798657669,0.5627454880378632
5.64156982421875,9.353350830078124,8.5038818359375,2.625503355704759,0.9780666755895833
5.64156982421875,2.511070556640625,8.3153564453125,2.5369127516779004,0.9142291726019923
0.77339599609375,9.353350830078124,8.3153564453125,0.6778523489932815,0.913765687522389
0.64656982421875,7.508570556640624,3.5538818359375,0.6201342281879134,0.8575901866192149
5.76839599609375,7.508570556640624,3.5538818359375,2.6684563758389936,0.9667245894367315
0.64656982421875,4.355850830078125,3.5538818359375,0.5812080536912698,0.7265552496311976
0.64656982421875,7.508570556640624,3.3653564453125,0.6201342281879134,0.855793363884781
5.76839599609375,4.355850830078125,3.3653564453125,2.6402684563759022,0.9413607739197428
0.95875732421875,2.8234143066406245,6.9570068359374995,0.6711409395973085,0.6834805547517167
4.20745849609375,2.8234143066406245,6.9570068359374995,1.9771812080536608,0.8998393365450834
0.95875732421875,5.9175695800781245,6.9570068359374995,0.734228187919455,0.8695521854156651
0.95875732421875,2.8234143066406245,6.1497314453125,0.6697986577181139,0.6789106607382894
4.20745849609375,5.9175695800781245,6.1497314453125,2.0335570469798396,0.9519704786102213
5.95375732421875,7.820914306640624,2.0070068359375,2.744966442953099,0.9615200634481592
9.20245849609375,7.820914306640624,2.0070068359375,4.045637583892888,0.9737695907611716
5.95375732421875,0.9200695800781249,2.0070068359375,2.4510067114094314,0.713441839510382
5.95375732421875,7.820914306640624,1.1997314453125,2.7463087248322937,0.9507511316328087
9.20245849609375,0.9200695800781249,1.1997314453125,3.747651006711636,0.7685469832026111
8.45125732421875,0.32466430664062496,9.4320068359375,2.830872483221568,0.5384394116296637
1.70995849609375,0.32466430664062496,9.4320068359375,0.41073825503355477,0.06975297125649102
8.45125732421875,3.4188195800781247,9.4320068359375,3.692617449664648,0.9570690641625876
8.45125732421875,0.32466430664062496,3.6747314453125,2.7557046979866575,0.49934380558875213
1.70995849609375,3.4188195800781247,3.6747314453125,0.9986577181207925,0.8165241898221562
3.45625732421875,5.322164306640625,4.4820068359375,1.727516778523464,0.9326922405355422
6.70495849609375,5.322164306640625,4.4820068359375,3.026845637584013,0.9612456956999765
3.45625732421875,8.416319580078126,4.4820068359375,1.747651006711383,0.9577124993751644
3.45625732421875,5.322164306640625,8.6247314453125,1.7261744966442694,0.940568211364911
6.70495849609375,8.416319580078126,8.6247314453125,3.04832214765113,0.9791860264858558
4.70500732421875,1.5740393066406249,0.7695068359375,2.0657718120805155,0.7343200330106523
5.45620849609375,1.5740393066406249,0.7695068359375,2.3718120805369365,0.758706166968856
4.70500732421875,9.665694580078124,0.7695068359375,2.2536912751677916,0.9389699494641716
4.70500732421875,1.5740393066406249,7.3872314453125,2.092617449664412,0.8364049208964646
5.45620849609375,9.665694580078124,7.3872314453125,2.5530201342282384,0.9777273202358008
9.70000732421875,6.5715393066406245,5.7195068359375,4.236241610738554,0.9790694889172029
0.46120849609375003,6.5715393066406245,5.7195068359375,0.5369127516778478,0.8136990682092162
9.70000732421875,4.668194580078125,5.7195068359375,4.217449664429826,0.9701313115937074
9.70000732421875,6.5715393066406245,2.4372314453125004,4.2375838926177485,0.9726529205948007
0.46120849609375003,4.668194580078125,2.4372314453125004,0.4966442953020096,0.6636072528568198
7.20250732421875,4.072789306640624,3.2445068359375,3.2093959731545096,0.9476639770730658
7.95370849609375,4.072789306640624,3.2445068359375,3.5100671140941513,0.9520867207447948
7.20250732421875,2.1694445800781246,3.2445068359375,3.144966442953158,0.9018095675516433
7.20250732421875,4.072789306640624,4.9122314453125,3.208053691275315,0.9532159753477134
7.95370849609375,2.1694445800781246,4.9122314453125,3.4442953020136047,0.9190253350029751
2.2075073242187497,9.070289306640625,8.1945068359375,1.2510067114093786,0.9519789558487038
2.9587084960937498,9.070289306640625,8.1945068359375,1.5516778523489705,0.9613080254713087
2.2075073242187497,7.166944580078124,8.1945068359375,1.2416107382550163,0.9384623579389751
2.2075073242187497,9.070289306640625,9.8622314453125,1.2510067114093786,0.9533181802202741
2.9587084960937498,7.166944580078124,9.8622314453125,1.5422818791946082,0.9517537838763923
1.58313232421875,0.9493518066406249,2.6257568359375,0.48456375838925814,0.22014347585967453
1.08558349609375,0.9493518066406249,2.6257568359375,0.4214765100671116,0.18285283927235096
1.58313232421875,0.295382080078125,2.6257568359375,0.40671140939597095,0.06022470097836073
1.58313232421875,0.9493518066406249,8.0059814453125,0.5436241610738208,0.27181997027509286
1.08558349609375,0.295382080078125,8.0059814453125,0.40536912751677634,0.06251063399764374
6.57813232421875,5.946851806640624,7.5757568359375,2.9825503355705836,0.9687529068824003
6.08058349609375,5.946851806640624,7.5757568359375,2.782550335570554,0.9663379483749546
6.57813232421875,5.292882080078124,7.5757568359375,2.9758389261746094,0.9646579014024105
6.57813232421875,5.946851806640624,3.0559814453125003,2.9825503355705836,0.9605531067652737
6.08058349609375,5.292882080078124,3.0559814453125003,2.7771812080537748,0.9524736182768794
9.07563232421875,3.448101806640625,0.1507568359375,3.9127516778526,0.8575188295412324
3.58308349609375,3.448101806640625,0.1507568359375,1.7060402684563503,0.7717528560624258
9.07563232421875,7.7916320800781245,0.1507568359375,3.982550335570731,0.9132710951035823
9.07563232421875,3.448101806640625,0.5809814453125001,3.9463087248324706,0.8983476615773955
3.58308349609375,7.7916320800781245,0.5809814453125001,1.795973154362389,0.9022436841725429
4.08063232421875,8.445601806640624,5.1007568359375,1.99731543624158,0.9642451162344498
8.57808349609375,8.445601806640624,5.1007568359375,3.7973154362418446,0.9813980005955352
4.08063232421875,2.794132080078125,5.1007568359375,1.9261744966442658,0.8900367572236936
4.08063232421875,8.445601806640624,5.5309814453124995,1.99731543624158,0.9649213224467564
8.57808349609375,2.794132080078125,5.5309814453124995,3.724832214765324,0.942937365232729
2.83188232421875,4.6974768066406245,8.8132568359375,1.4684563758389049,0.9213375509802393
9.82683349609375,4.6974768066406245,8.8132568359375,4.2684563758392295,0.9729980360676285
2.83188232421875,4.0435070800781245,8.8132568359375,1.4590604026845426,0.9085851517939993
2.83188232421875,4.6974768066406245,9.2434814453125,1.4684563758389049,0.9218743775776514
9.82683349609375,4.0435070800781245,9.2434814453125,4.257718120805671,0.9686261390279696
7.82688232421875,9.694976806640625,3.8632568359375004,3.5020134228189823,0.9810809596185757
4.83183349609375,9.694976806640625,3.8632568359375004,2.303355704698,0.9710891896486112
7.82688232421875,9.041007080078126,3.8632568359375004,3.4993288590605927,0.9796029572098667
7.82688232421875,9.694976806640625,4.2934814453125,3.5020134228189823,0.9816931638852815
4.83183349609375,9.041007080078126,4.2934814453125,2.3006711409396106,0.9697888423264429
5.3293823242187495,2.1987268066406247,6.3382568359375,2.3959731543624434,0.8923916654782114
7.32933349609375,2.1987268066406247,6.3382568359375,3.1946308724833665,0.918253130788332
5.3293823242187495,6.542257080078125,6.3382568359375,2.4872483221476918,0.9647199060271996
5.3293823242187495,2.1987268066406247,1.8184814453125002,2.400000000000028,0.8527474935250161
7.32933349609375,6.542257080078125,1.8184814453125002,3.2885906040270045,0.9598886664189388
0.33438232421875,7.196226806640625,1.3882568359375,0.4751677852348959,0.7393503907211552
2.3343334960937496,7.196226806640625,1.3882568359375,1.293959731543606,0.902145028095819
0.33438232421875,1.5447570800781247,1.3882568359375,0.40671140939597095,0.2620585365353246
0.33438232421875,7.196226806640625,6.7684814453125,0.48590604026845274,0.8002681868897863
2.3343334960937496,1.5447570800781247,6.7684814453125,1.1409395973154208,0.696819068111364
0.49047607421875,4.541304931640624,4.9460693359375,0.5154362416107341,0.6970964051739801
3.11480224609375,4.541304931640624,4.9460693359375,1.5812080536912518,0.916267732422326
0.49047607421875,9.821866455078125,4.9460693359375,0.5664429530201291,0.8882917012888687
0.49047607421875,4.541304931640624,5.3762939453125,0.5154362416107341,0.6993026466009749
3.11480224609375,9.821866455078125,5.3762939453125,1.6161073825503116,0.9625988004213173
5.48547607421875,9.538804931640625,9.8960693359375,2.563758389261797,0.9785299344172302
8.10980224609375,9.538804931640625,9.8960693359375,3.622818791946517,0.9850474071710233
5.48547607421875,4.824366455078125,9.8960693359375,2.532885906040316,0.9561960243794829
5.48547607421875,9.538804931640625,0.4262939453125,2.563758389261797,0.926855075321183
8.10980224609375,4.824366455078125,0.4262939453125,3.582550335570672,0.9050912243355591
7.98297607421875,2.0425549316406246,2.4710693359375,3.449664429530384,0.896494827252539
0.6173022460937501,2.0425549316406246,2.4710693359375,0.42953020134227926,0.3473525503229377
7.98297607421875,2.3256164550781246,2.4710693359375,3.4671140939599168,0.9086849877882268
7.98297607421875,2.0425549316406246,2.9012939453125,3.449664429530384,0.9016182476681676
0.6173022460937501,2.3256164550781246,2.9012939453125,0.4416107382550307,0.3966250052729293
2.98797607421875,7.040054931640625,7.4210693359375,1.553020134228165,0.948934618207239
5.6123022460937495,7.040054931640625,7.4210693359375,2.604026845637642,0.9697451939477079
2.98797607421875,7.323116455078124,7.4210693359375,1.5543624161073597,0.9508726770437026
2.98797607421875,7.040054931640625,7.8512939453125,1.553020134228165,0.949425280826719
5.6123022460937495,7.323116455078124,7.8512939453125,2.6053691275168367,0.9712069497898019
4.23672607421875,0.793179931640625,8.6585693359375,1.7167785234899071,0.644762949389464
6.86105224609375,0.793179931640625,8.6585693359375,2.767785234899411,0.7692767989893683
4.23672607421875,6.073741455078125,8.6585693359375,2.045637583892593,0.9560635929930111
4.23672607421875,0.793179931640625,6.6137939453125,1.7154362416107125,0.6357982093435084
6.86105224609375,6.073741455078125,6.6137939453125,3.096644295302144,0.9697662364072328
9.23172607421875,5.790679931640624,3.7085693359375003,4.042953020134498,0.9719206806263202
1.86605224609375,5.790679931640624,3.7085693359375003,1.0966442953019988,0.8989435730591071
9.23172607421875,1.0762414550781247,3.7085693359375003,3.818791946308962,0.8486606730326972
9.23172607421875,5.790679931640624,1.6637939453125001,4.044295302013693,0.9614692215797488
1.86605224609375,1.0762414550781247,1.6637939453125001,0.7248322147650927,0.3760441848516405
6.73422607421875,3.2919299316406248,6.1835693359374995,3.002684563758506,0.9412743841570907
9.35855224609375,3.2919299316406248,6.1835693359374995,4.053691275168057,0.9564831545536479
6.73422607421875,3.5749914550781248,6.1835693359374995,3.010738255033675,0.9461308971035377
6.73422607421875,3.2919299316406248,4.1387939453125,3.004026845637701,0.9358016659054611
9.35855224609375,3.5749914550781248,4.1387939453125,4.061744966443226,0.9560850795026143
1.73922607421875,8.289429931640624,1.2335693359375002,1.061744966442939,0.8935033123501338
4.36355224609375,8.289429931640624,1.2335693359375002,2.1114093959731397,0.9412852870733944
1.73922607421875,8.572491455078126,1.2335693359375002,1.0630872483221336,0.896714828184158
1.73922607421875,8.289429931640624,9.0887939453125,1.0604026845637444,0.9389746679588875
4.36355224609375,8.572491455078126,9.0887939453125,2.1114093959731397,0.9703667449130031
2.36360107421875,1.4178674316406248,5.5648193359375,1.1315436241610586,0.6632605133306769
2.4904272460937498,1.4178674316406248,5.5648193359375,1.1838926174496482,0.6776954871318436
2.36360107421875,4.199678955078125,5.5648193359375,1.2751677852348815,0.8913327491941214
2.36360107421875,1.4178674316406248,8.4700439453125,1.1342281879194478,0.6781393147512712
2.4904272460937498,4.199678955078125,8.4700439453125,1.324832214765082,0.9025008887577854
7.3586010742187495,6.415367431640624,0.6148193359375,3.300671140939758,0.9300245589378437
7.48542724609375,6.415367431640624,0.6148193359375,3.3516778523491615,0.9308991702352108
7.3586010742187495,9.197178955078124,0.6148193359375,3.3140939597317063,0.9480497554460356
7.3586010742187495,6.415367431640624,3.5200439453125,3.299328859060563,0.9685562463945143
7.48542724609375,9.197178955078124,3.5200439453125,3.363758389261915,0.9785607964569678
9.85610107421875,3.9166174316406246,8.0398193359375,4.267114093960035,0.9669430027168975
4.98792724609375,3.9166174316406246,8.0398193359375,2.3181208053691433,0.9390182488046372
9.85610107421875,6.698428955078124,8.0398193359375,4.299328859060711,0.9811587150113531
9.85610107421875,3.9166174316406246,1.0450439453125,4.271140939597619,0.9334342303387022
4.98792724609375,6.698428955078124,1.0450439453125,2.353020134228209,0.9300864490744005
4.86110107421875,8.914117431640625,3.0898193359375004,2.312751677852364,0.9663523572012134
9.98292724609375,8.914117431640625,3.0898193359375004,4.362416107382868,0.9821851400226285
4.86110107421875,1.7009289550781248,3.0898193359375004,2.173154362416102,0.8259564977111891
4.86110107421875,8.914117431640625,5.9950439453125,2.311409395973169,0.9718448228506411
9.98292724609375,1.7009289550781248,5.9950439453125,4.216107382550631,0.9190053685556427
3.6123510742187497,2.6672424316406245,1.8523193359375,1.7355704697986316,0.8361361509409897
8.73417724609375,2.6672424316406245,1.8523193359375,3.785234899329091,0.9178607268321736
3.6123510742187497,0.45155395507812496,1.8523193359375,0.7073825503355629,0.18327755877950536
3.6123510742187497,2.6672424316406245,9.7075439453125,1.7315436241610478,0.8852907697985208
8.73417724609375,0.45155395507812496,9.7075439453125,3.2322147651008217,0.6779165623428369
8.60735107421875,7.664742431640624,6.8023193359375,3.8053691275170136,0.9808153477602629
3.73917724609375,7.664742431640624,6.8023193359375,1.8577181208053408,0.9603063203121643
8.60735107421875,5.449053955078124,6.8023193359375,3.7892617449666757,0.9725702290530527
8.60735107421875,7.664742431640624,4.7575439453124995,3.8067114093962084,0.9792587649660103
3.73917724609375,5.449053955078124,4.7575439453124995,1.8416107382550055,0.9390478242777105
6.10985107421875,0.168492431640625,4.3273193359375,0.42550335570469544,0.03747859538711388
6.23667724609375,0.168492431640625,4.3273193359375,0.42550335570469544,0.037435176854736525
6.10985107421875,7.9478039550781245,4.3273193359375,2.808053691275256,0.9719697034642877
6.10985107421875,0.168492431640625,2.2825439453125003,0.4228187919463062,0.035983765828614636
6.23667724609375,7.9478039550781245,2.2825439453125003,2.8590604026846593,0.9656193008331612
1.11485107421875,5.165992431640625,9.2773193359375,0.7892617449664339,0.8676448898553009
1.24167724609375,5.165992431640625,9.2773193359375,0.8389261744966343,0.8757484675119589
1.11485107421875,2.9503039550781245,9.2773193359375,0.7436241610738172,0.7426323818513556
1.11485107421875,5.165992431640625,7.2325439453125,0.7892617449664339,0.8624447187346821
1.24167724609375,2.9503039550781245,7.2325439453125,0.7959731543624069,0.7574799683019943
0.80266357421875,0.48083618164062497,0.3054443359375,0.40402684563758173,0.08953870870495839
9.04636474609375,0.48083618164062497,0.3054443359375,3.0791946308726112,0.5291509159106362
0.80266357421875,7.010772705078124,0.3054443359375,0.6604026845637516,0.7617834514270039
0.80266357421875,0.48083618164062497,4.4481689453125,0.40671140939597095,0.09778310360843703
9.04636474609375,7.010772705078124,4.4481689453125,3.9785234899331465,0.9778236614979849
5.79766357421875,5.478336181640625,5.2554443359375,2.665771812080604,0.9589796398241525
4.05136474609375,5.478336181640625,5.2554443359375,1.966442953020104,0.944396658694755
5.79766357421875,2.013272705078125,5.2554443359375,2.570469798657771,0.8864677192094672
5.79766357421875,5.478336181640625,9.3981689453125,2.664429530201409,0.9629916882763299
4.05136474609375,2.013272705078125,9.3981689453125,1.871140939597287,0.8602057005409571
8.29516357421875,2.9795861816406246,2.7804443359375,3.6187919463089324,0.9333759226203342
6.54886474609375,2.9795861816406246,2.7804443359375,2.9208053691276215,0.9182883841836411
8.29516357421875,4.512022705078125,2.7804443359375,3.653691275167998,0.9561088418159831
8.29516357421875,2.9795861816406246,6.9231689453125,3.6174496644297376,0.9471921712747494
6.54886474609375,4.512022705078125,6.9231689453125,2.954362416107492,0.9574843219228535
3.30016357421875,7.977086181640624,7.7304443359375,1.683221476510042,0.9588062442903597
1.55386474609375,7.977086181640624,7.7304443359375,0.9838926174496518,0.929528433218062
3.30016357421875,9.509522705078124,7.7304443359375,1.689932885906015,0.9658558270704576
3.30016357421875,7.977086181640624,1.9731689453125,1.6845637583892366,0.9392304417523301
1.55386474609375,9.509522705078124,1.9731689453125,0.9919463087248195,0.9156068176589622
4.54891357421875,4.228961181640624,6.4929443359375,2.148993288590595,0.9369378346291564
0.30511474609375,4.228961181640624,6.4929443359375,0.42953020134227926,0.5812808162835374
4.54891357421875,8.260147705078126,6.4929443359375,2.1838926174496605,0.9683238144393812
4.54891357421875,4.228961181640624,3.2106689453125004,2.1503355704697897,0.9252690638964073
0.30511474609375,8.260147705078126,3.2106689453125004,0.4778523489932851,0.8032817509391041
9.54391357421875,9.226461181640625,1.5429443359375001,4.18791946308754,0.9753790253684004
5.30011474609375,9.226461181640625,1.5429443359375001,2.4899328859060814,0.9593622716682826
9.54391357421875,3.2626477050781246,1.5429443359375001,4.130201342282162,0.9323005139161883
9.54391357421875,9.226461181640625,8.1606689453125,4.1906040268459295,0.9862274041254121
5.30011474609375,3.2626477050781246,8.1606689453125,2.4281879194631193,0.930519298786101
7.04641357421875,1.7302111816406247,8.9679443359375,3.0442953020135457,0.8980031079571862
2.80261474609375,1.7302111816406247,8.9679443359375,1.3489932885905849,0.7767822549905826
7.04641357421875,0.7638977050781249,8.9679443359375,2.8268456375839834,0.7668817242646742
7.04641357421875,1.7302111816406247,5.6856689453125,3.0456375838927405,0.8901824159819782
2.80261474609375,0.7638977050781249,5.6856689453125,1.048322147650993,0.4455498120762972
2.05141357421875,6.7277111816406245,4.0179443359375,1.1771812080536752,0.9200059277735106
7.79761474609375,6.7277111816406245,4.0179443359375,3.4765100671142806,0.9726270664088326
2.05141357421875,5.761397705078124,4.0179443359375,1.1691275167785076,0.906104673302836
2.05141357421875,6.7277111816406245,0.7356689453125,1.174496644295286,0.8614204154901013
7.79761474609375,5.761397705078124,0.7356689453125,3.4711409395975013,0.9325163258639967
1.4270385742187501,3.6042736816406244,9.5866943359375,0.8885906040268348,0.8325017652666749
5.92448974609375,3.6042736816406244,9.5866943359375,2.6872483221477212,0.9444198359011905
1.4270385742187501,1.3885852050781249,9.5866943359375,0.7060402684563682,0.4849839742655323
1.4270385742187501,3.6042736816406244,1.3544189453125002,0.8805369127516671,0.7545515439132251
5.92448974609375,1.3885852050781249,1.3544189453125002,2.5516778523490435,0.7794015171283236
6.42203857421875,8.601773681640625,4.6366943359374995,2.9355704697987646,0.9757102839915753
0.92948974609375,8.601773681640625,4.6366943359374995,0.7382550335570388,0.9038118979755663
6.42203857421875,6.386085205078125,4.6366943359374995,2.923489932886011,0.966966646693795
6.42203857421875,8.601773681640625,6.3044189453124995,2.9355704697987646,0.9774715025577287
0.92948974609375,6.386085205078125,6.3044189453124995,0.7261744966442873,0.875735480547401
8.91953857421875,1.1055236816406249,7.1116943359375,3.6953020134230377,0.8657216493124035
8.42198974609375,1.1055236816406249,7.1116943359375,3.496644295302203,0.8586221430203185
8.91953857421875,8.884835205078126,7.1116943359375,3.935570469798912,0.9842645348495405
8.91953857421875,1.1055236816406249,8.7794189453125,3.6953020134230377,0.8698331923805689
8.42198974609375,8.884835205078126,8.7794189453125,3.7369127516780773,0.9841040067657993
3.92453857421875,6.103023681640624,2.1616943359375003,1.922147651006682,0.9329705761612522
3.4269897460937497,6.103023681640624,2.1616943359375003,1.7234899328858801,0.9257690638309566
3.92453857421875,3.8873352050781245,2.1616943359375003,1.8953020134227898,0.8964401079634716
3.92453857421875,6.103023681640624,3.8294189453125003,1.922147651006682,0.9447785568497118
3.4269897460937497,3.8873352050781245,3.8294189453125003,1.6953020134227934,0.9031477252392368
2.6757885742187497,2.3548986816406248,3.3991943359375,1.3463087248321957,0.8029424684034672
4.6757397460937495,2.3548986816406248,3.3991943359375,2.1463087248322053,0.8718869014632276
2.6757885742187497,2.637960205078125,3.3991943359375,1.3597315436241417,0.8237490709996063
2.6757885742187497,2.3548986816406248,0.11691894531250001,1.2671140939597139,0.6563320432216468
4.6757397460937495,2.637960205078125,0.11691894531250001,2.0993288590603862,0.7575887886889963
7.67078857421875,7.352398681640624,8.3491943359375,3.4295302013424616,0.9786321695133664
9.67073974609375,7.352398681640624,8.3491943359375,4.2295302013425795,0.982777948770672
7.67078857421875,7.635460205078124,8.3491943359375,3.4308724832216564,0.9794469751498633
7.67078857421875,7.352398681640624,5.0669189453125,3.4295302013424616,0.976224127000121
9.67073974609375,7.635460205078124,5.0669189453125,4.230872483221774,0.9814976433934666
5.17328857421875,4.853648681640625,0.9241943359375,2.4107382550335865,0.9048080698403087
2.17823974609375,4.853648681640625,0.9241943359375,1.2080536912751512,0.8360206559917571
5.17328857421875,5.136710205078124,0.9241943359375,2.414765100671171,0.909445364758025
5.17328857421875,4.853648681640625,7.5419189453125,2.408053691275197,0.9521885645110179
2.17823974609375,5.136710205078124,7.5419189453125,1.2134228187919296,0.9112789991736543
0.17828857421875002,9.851148681640625,5.8741943359375,0.4348993288590577,0.8184520238597389
7.17323974609375,9.851148681640625,5.8741943359375,3.2402684563759907,0.9819919481555933
0.17828857421875002,0.13921020507812498,5.8741943359375,0.3999999999999979,0.029434521939242578
0.17828857421875002,9.851148681640625,2.5919189453125,0.4335570469798631,0.7973446459250484
7.17323974609375,0.13921020507812498,2.5919189453125,0.4214765100671116,0.029925213139750367
0.25633544921875,3.370015869140625,1.1562255859375001,0.413422818791944,0.46267471123153836
0.85144287109375,3.370015869140625,1.1562255859375001,0.621476510067108,0.6331853355063928
0.25633544921875,4.746280517578125,1.1562255859375001,0.4214765100671116,0.5685260738904302
0.25633544921875,3.370015869140625,0.9677001953125,0.413422818791944,0.45980102712742943
0.85144287109375,4.746280517578125,0.9677001953125,0.6630872483221408,0.7304123394636165
5.25133544921875,8.367515869140625,6.1062255859375,2.4657718120805745,0.9720545948330981
5.84644287109375,8.367515869140625,6.1062255859375,2.704697986577254,0.9746896159130076
5.25133544921875,9.743780517578125,6.1062255859375,2.471140939597354,0.976212927997026
5.25133544921875,8.367515869140625,5.9177001953124995,2.4657718120805745,0.9718610719855852
5.84644287109375,9.743780517578125,5.9177001953124995,2.7087248322148385,0.978098966805399
7.74883544921875,0.871265869140625,3.6312255859375,3.1624161073826906,0.7838837799115892
3.3489428710937497,0.871265869140625,3.6312255859375,1.3651006711409202,0.5655490023200627
7.74883544921875,7.245030517578124,3.6312255859375,3.4604026845639426,0.9737100887674983
7.74883544921875,0.871265869140625,8.3927001953125,3.1557046979867165,0.8111086596551652
3.3489428710937497,7.245030517578124,8.3927001953125,1.6993288590603772,0.9557326243095848
2.75383544921875,5.868765869140624,8.5812255859375,1.451006711409375,0.9361063858957599
8.34394287109375,5.868765869140624,8.5812255859375,3.6872483221478687,0.9748842064523591
2.75383544921875,2.2475305175781246,8.5812255859375,1.369127516778504,0.8275451467664636
2.75383544921875,5.868765869140624,3.4427001953125003,1.451006711409375,0.9219227869969935
8.34394287109375,2.2475305175781246,3.4427001953125003,3.605369127516984,0.9179322180921399
4.00258544921875,2.1206408691406247,7.3437255859374995,1.86040268456373,0.8616193655601855
9.59269287109375,2.1206408691406247,7.3437255859374995,4.095302013423097,0.9352668931448308
4.00258544921875,0.9981555175781249,7.3437255859374995,1.703355704697961,0.7004993488605226
4.00258544921875,2.1206408691406247,2.2052001953125,1.8644295302013139,0.8213825962667988
9.59269287109375,0.9981555175781249,2.2052001953125,3.944966442953276,0.8212192277169106
8.99758544921875,7.118140869140625,2.3937255859375,3.959731543624419,0.9727648491824865
4.5976928710937495,7.118140869140625,2.3937255859375,2.1986577181208036,0.9513046295590446
8.99758544921875,5.9956555175781245,2.3937255859375,3.95167785234925,0.9675959973494378
8.99758544921875,7.118140869140625,7.1552001953125,3.958389261745224,0.9802966214817708
4.5976928710937495,5.9956555175781245,7.1552001953125,2.1892617449664398,0.9570163380394316
6.50008544921875,4.6193908691406245,9.8187255859375,2.9355704697987646,0.9604078020601081
7.09519287109375,4.6193908691406245,9.8187255859375,3.1731543624162493,0.9633190390880626
6.50008544921875,8.494405517578125,9.8187255859375,2.9664429530202456,0.9792102913158607
6.50008544921875,4.6193908691406245,9.6302001953125,2.9355704697987646,0.9602989961275783
7.09519287109375,8.494405517578125,9.6302001953125,3.2040268456377303,0.9806743596703116
1.50508544921875,9.616890869140626,4.8687255859375,0.9718120805369004,0.9353721264356996
2.10019287109375,9.616890869140626,4.8687255859375,1.2093959731543458,0.9477677847901094
1.50508544921875,3.4969055175781247,4.8687255859375,0.9181208053691161,0.8148022857362954
1.50508544921875,9.616890869140626,4.6802001953125,0.9718120805369004,0.9347426725877506
2.10019287109375,3.4969055175781247,4.6802001953125,1.1557046979865615,0.8520409675425384
2.1294604492187497,0.24657836914062498,9.1999755859375,0.40939597315436016,0.05325938908807244
3.97331787109375,0.24657836914062498,9.1999755859375,0.42416107382550083,0.0556277493765592
2.1294604492187497,9.119093017578125,9.1999755859375,1.218791946308708,0.9514652206021326
2.1294604492187497,0.24657836914062498,2.8239501953125004,0.40805369127516555,0.05087949312061556
3.97331787109375,9.119093017578125,2.8239501953125004,1.9583892617449363,0.9599775077718837
7.12446044921875,5.244078369140625,4.2499755859374995,3.1946308724833665,0.9622951526954446
8.96831787109375,5.244078369140625,4.2499755859374995,3.9315436241613275,0.9692722007937606
7.12446044921875,4.121593017578125,4.2499755859374995,3.1785234899330286,0.9517021269145922
7.12446044921875,5.244078369140625,7.7739501953125,3.1932885906041717,0.9668402015983988
8.96831787109375,4.121593017578125,7.7739501953125,3.9154362416109896,0.9655348853117653
9.62196044921875,2.7453283691406245,6.7249755859375,4.139597315436526,0.9496037170713995
1.47581787109375,2.7453283691406245,6.7249755859375,0.8818791946308617,0.7667363890223942
9.62196044921875,1.6228430175781248,6.7249755859375,4.063087248322421,0.9140136752865158
9.62196044921875,2.7453283691406245,5.2989501953125,4.140939597315721,0.9472324551676417
1.47581787109375,1.6228430175781248,5.2989501953125,0.778523489932877,0.5635552875297496
4.62696044921875,7.742828369140624,1.7749755859375,2.2147651006711415,0.9496675389446364
6.47081787109375,7.742828369140624,1.7749755859375,2.9516778523491025,0.9617225937715297
4.62696044921875,6.620343017578124,1.7749755859375,2.2080536912751674,0.9412584531698069
4.62696044921875,7.742828369140624,0.34895019531250004,2.209395973154362,0.8991870944965603
6.47081787109375,6.620343017578124,0.34895019531250004,2.9422818791947387,0.9072234148438618
3.37821044921875,3.9947033691406246,3.0124755859375,1.6778523489932635,0.8980702438395751
5.22206787109375,3.9947033691406246,3.0124755859375,2.414765100671171,0.9278246937717369
3.37821044921875,5.370968017578124,3.0124755859375,1.696644295301988,0.9239375443316411
3.37821044921875,3.9947033691406246,4.0614501953125,1.6778523489932635,0.9061542781038303
5.22206787109375,5.370968017578124,4.0614501953125,2.4335570469798986,0.9509418941307919
8.37321044921875,8.992203369140626,7.9624755859375,3.7181208053693497,0.9839724499352585
0.22706787109375,8.992203369140626,7.9624755859375,0.44966442953019836,0.8188747120886081
8.37321044921875,0.373468017578125,7.9624755859375,2.939597315436349,0.589432969781502
8.37321044921875,8.992203369140626,9.0114501953125,3.7181208053693497,0.9843232494492877
0.22706787109375,0.373468017578125,9.0114501953125,0.4013422818791925,0.07777092653882814
5.87571044921875,1.4959533691406248,0.5374755859375,2.5114093959731987,0.742671518317772
7.71956787109375,1.4959533691406248,0.5374755859375,3.2590604026847183,0.7833267653213716
5.87571044921875,2.8722180175781244,0.5374755859375,2.6389261744967074,0.8409074142821646
5.87571044921875,1.4959533691406248,6.5364501953125,2.5503355704698487,0.8547893260916306
7.71956787109375,2.8722180175781244,6.5364501953125,3.3838926174498374,0.9409483811421825
0.8807104492187501,6.493453369140624,5.4874755859375,0.7073825503355629,0.8707138674536621
2.72456787109375,6.493453369140624,5.4874755859375,1.444295302013402,0.9369825792440379
0.8807104492187501,7.8697180175781245,5.4874755859375,0.7154362416107305,0.8952049693667148
0.8807104492187501,6.493453369140624,1.5864501953125,0.7046979865771736,0.8249365776647406
2.72456787109375,7.8697180175781245,1.5864501953125,1.4536912751677642,0.9227251552479276
1.1928979492187501,1.8082971191406247,3.9406005859375,0.6671140939597247,0.5230739496355022
7.40738037109375,1.8082971191406247,3.9406005859375,3.198657718120951,0.8910146088022294
1.1928979492187501,1.9351867675781247,3.9406005859375,0.689932885906033,0.5592603099260676
1.1928979492187501,1.8082971191406247,9.3208251953125,0.6845637583892545,0.5567008580637745
7.40738037109375,1.9351867675781247,9.3208251953125,3.20671140939612,0.913315683065932
6.18789794921875,6.805797119140625,8.8906005859375,2.8322147651007628,0.9720168023936809
2.4123803710937497,6.805797119140625,8.8906005859375,1.3208053691274981,0.9396392342340076
6.18789794921875,6.932686767578124,8.8906005859375,2.8335570469799576,0.9726397125597016
6.18789794921875,6.805797119140625,4.3708251953124995,2.8322147651007628,0.9674415495898152
2.4123803710937497,6.932686767578124,4.3708251953124995,1.3221476510066927,0.9319514014749557
8.68539794921875,4.307047119140624,1.4656005859375,3.8080536912754033,0.9423371441818474
9.90488037109375,4.307047119140624,1.4656005859375,4.296644295302321,0.9486002258416422
8.68539794921875,9.431436767578125,1.4656005859375,3.8456375838928585,0.9731569145331955
8.68539794921875,4.307047119140624,1.8958251953125,3.8067114093962084,0.9485677961704755
9.90488037109375,9.431436767578125,1.8958251953125,4.334228187919776,0.9791656598422827
3.6903979492187498,9.304547119140626,6.4156005859375,1.8442953020133948,0.9666086341005485
4.90988037109375,9.304547119140626,6.4156005859375,2.3328859060402865,0.9737954747594746
3.6903979492187498,4.433936767578125,6.4156005859375,1.809395973154335,0.928722239285313
3.6903979492187498,9.304547119140626,6.8458251953125,1.8442953020133948,0.9670397243361719
4.90988037109375,4.433936767578125,6.8458251953125,2.296644295302026,0.9441808934823411
4.93914794921875,3.0576721191406246,7.6531005859375,2.2778523489932985,0.9204325050810658
3.66113037109375,3.0576721191406246,7.6531005859375,1.7664429530201076,0.8981344087828353
4.93914794921875,3.1845617675781246,7.6531005859375,2.281879194630883,0.9236814954263903
4.93914794921875,3.0576721191406246,8.0833251953125,2.2778523489932985,0.9211226786245259
3.66113037109375,3.1845617675781246,8.0833251953125,1.7704697986576914,0.903142008193316
9.93414794921875,8.055172119140625,2.7031005859375004,4.3395973154365555,0.9791250997736443
8.65613037109375,8.055172119140625,2.7031005859375004,3.8281879194633257,0.9763444505952088
9.93414794921875,8.182061767578125,2.7031005859375004,4.3395973154365555,0.979392995069253
9.93414794921875,8.055172119140625,3.1333251953125,4.3395973154365555,0.9802793055097814
8.65613037109375,8.182061767578125,3.1333251953125,3.8281879194633257,0.9779187868112422
7.43664794921875,0.558922119140625,5.1781005859375,2.8429530201343214,0.6773427484078665
1.1636303710937501,0.558922119140625,5.1781005859375,0.4120805369127494,0.11434056582055185
7.43664794921875,5.683311767578124,5.1781005859375,3.32348993288607,0.9681925604816262
7.43664794921875,0.558922119140625,0.6583251953125,2.664429530201409,0.5580148066059127
1.1636303710937501,5.683311767578124,0.6583251953125,0.8026845637583799,0.7856738994434208
2.44164794921875,5.556422119140625,0.22810058593750002,1.3046979865771628,0.8106929142487829
6.15863037109375,5.556422119140625,0.22810058593750002,2.798657718120892,0.8795782816294614
2.44164794921875,0.6858117675781249,0.22810058593750002,0.4523489932885876,0.129922252643424
2.44164794921875,5.556422119140625,5.6083251953125,1.3234899328858873,0.9203532702035052
6.15863037109375,0.6858117675781249,5.6083251953125,2.430872483221509,0.6910683581091769
1.81727294921875,4.931734619140625,5.7968505859374995,1.0671140939597175,0.8901608568171139
8.03175537109375,4.931734619140625,5.7968505859374995,3.553020134228386,0.9664757212738961
1.81727294921875,6.307999267578125,5.7968505859374995,1.0805369127516635,0.9149343653879564
1.81727294921875,4.931734619140625,7.4645751953124995,1.0671140939597175,0.8951178873616032
8.03175537109375,6.307999267578125,7.4645751953124995,3.566442953020334,0.9753401343106569
6.81227294921875,9.929234619140624,0.8468505859375,3.097986577181339,0.9570404544219626
3.03675537109375,9.929234619140624,0.8468505859375,1.5865771812080303,0.923755719382015
6.81227294921875,1.3104992675781248,0.8468505859375,2.8791946308725818,0.765399756989698
6.81227294921875,9.929234619140624,2.5145751953125,3.096644295302144,0.9755309901389437
3.03675537109375,1.3104992675781248,2.5145751953125,1.375838926174477,0.6655456049104025
9.30977294921875,2.432984619140625,8.2718505859375,4.000000000000264,0.9432131581881315
5.53425537109375,2.432984619140625,8.2718505859375,2.4899328859060814,0.9098448544170543
9.30977294921875,3.8092492675781244,8.2718505859375,4.045637583892888,0.9642099714500545
9.30977294921875,2.432984619140625,4.9895751953125,4.001342281879459,0.9375950370840664
5.53425537109375,3.8092492675781244,4.9895751953125,2.5355704697987056,0.937213679111182
4.31477294921875,7.430484619140624,3.3218505859375003,2.087248322147633,0.9563228771020843
0.53925537109375,7.430484619140624,3.3218505859375003,0.5758389261744914,0.8393174978771365
4.31477294921875,8.806749267578125,3.3218505859375003,2.092617449664412,0.9630629899891177
4.31477294921875,7.430484619140624,9.9395751953125,2.085906040268438,0.96559087558245
0.53925537109375,8.806749267578125,9.9395751953125,0.5825503355704644,0.8934213100378314
3.06602294921875,1.183609619140625,2.0843505859375,1.3489932885905849,0.623524638929573
1.78800537109375,1.183609619140625,2.0843505859375,0.7583892617449579,0.426060609806403
3.06602294921875,7.557374267578124,2.0843505859375,1.5879194630872249,0.9335403345680223
3.06602294921875,1.183609619140625,6.2270751953125,1.3744966442952824,0.678113926496712
1.78800537109375,7.557374267578124,6.2270751953125,1.0765100671140797,0.9296198697428772
8.06102294921875,6.181109619140624,7.0343505859375,3.5771812080538927,0.974609691201509
6.78300537109375,6.181109619140624,7.0343505859375,3.065771812080663,0.9702909985134647
8.06102294921875,2.5598742675781248,7.0343505859375,3.5073825503357616,0.9369520563459615
8.06102294921875,6.181109619140624,1.2770751953125001,3.5798657718122824,0.9535883529386735
6.78300537109375,2.5598742675781248,1.2770751953125001,3.001342281879311,0.8798303659060601
5.56352294921875,3.6823596191406245,4.5593505859375,2.5449664429530694,0.9339776939797801
4.28550537109375,3.6823596191406245,4.5593505859375,2.0335570469798396,0.9178681465267993
5.56352294921875,0.061124267578124995,4.5593505859375,0.40536912751677634,0.013110290446179024
5.56352294921875,3.6823596191406245,3.7520751953125,2.5449664429530694,0.9304940953458476
4.28550537109375,0.061124267578124995,3.7520751953125,0.40402684563758173,0.012994815341851141
0.56852294921875,8.679859619140625,9.5093505859375,0.5932885906040213,0.8932958103295687
9.28050537109375,8.679859619140625,9.5093505859375,4.091275167785512,0.9853909589893535
0.56852294921875,5.058624267578124,9.5093505859375,0.5664429530201291,0.7851404012651384
0.56852294921875,8.679859619140625,8.7020751953125,0.5932885906040213,0.8917964495666255
9.28050537109375,5.058624267578124,8.7020751953125,4.053691275168057,0.973491459684961
0.41242919921875004,0.7150939941406249,6.8796630859375,0.40402684563758173,0.14181455659324688
6.00253662109375,0.7150939941406249,6.8796630859375,2.3865771812080796,0.7042058363827935
0.41242919921875004,3.653077392578125,6.8796630859375,0.44563758389261454,0.5559885464089903
0.41242919921875004,0.7150939941406249,9.7848876953125,0.40536912751677634,0.14407249918913645
6.00253662109375,3.653077392578125,9.7848876953125,2.719463087248397,0.945935442432875
5.4074291992187495,5.712593994140624,1.9296630859375001,2.5127516778523935,0.9421875348224207
1.00753662109375,5.712593994140624,1.9296630859375001,0.7503355704697903,0.8239636877149471
5.4074291992187495,8.650577392578125,1.9296630859375001,2.5302013422819263,0.9616246099688799
5.4074291992187495,5.712593994140624,4.8348876953125,2.5114093959731987,0.9573355111584405
1.00753662109375,8.650577392578125,4.8348876953125,0.7691275167785148,0.9089502308233215
7.90492919921875,3.2138439941406247,9.3546630859375,3.4684563758391116,0.9513340038052918
8.50003662109375,3.2138439941406247,9.3546630859375,3.707382550335791,0.9545537541106885
7.90492919921875,6.151827392578125,9.3546630859375,3.5140939597317358,0.9752308423479481
7.90492919921875,3.2138439941406247,2.3598876953125,3.4711409395975013,0.9317984739438228
8.50003662109375,6.151827392578125,2.3598876953125,3.75436241610761,0.9666402916114861
2.90992919921875,8.211343994140625,4.4046630859375,1.5288590604026622,0.950472188080032
3.50503662109375,8.211343994140625,4.4046630859375,1.7664429530201076,0.9569530250759809
2.90992919921875,1.1543273925781248,4.4046630859375,1.2979865771811898,0.6397045548248306
2.90992919921875,8.211343994140625,7.3098876953125,1.5275167785234676,0.9553058877380939
3.50503662109375,1.1543273925781248,7.3098876953125,1.5449664429529975,0.7106962588120167
4.15867919921875,4.463218994140624,0.6921630859375,1.9959731543623853,0.8692747041883749
4.75378662109375,4.463218994140624,0.6921630859375,2.234899328859064,0.8797968283509503
4.15867919921875,2.4037023925781247,0.6921630859375,1.9261744966442658,0.7882240437266057
4.15867919921875,4.463218994140624,8.5473876953125,1.9959731543623853,0.9385228747689593
4.75378662109375,2.4037023925781247,8.5473876953125,2.1758389261744915,0.8965410947422515
9.15367919921875,9.460718994140626,5.6421630859375,4.03221476510094,0.9849413885190257
9.74878662109375,9.460718994140626,5.6421630859375,4.269798657718424,0.9857528262766466
9.15367919921875,7.401202392578124,5.6421630859375,4.022818791946576,0.9804274222115024
9.15367919921875,9.460718994140626,3.5973876953125004,4.03221476510094,0.982784698247491
9.74878662109375,7.401202392578124,3.5973876953125004,4.261744966443255,0.9790989197294044
6.65617919921875,1.9644689941406248,3.1671630859375,2.9127516778524525,0.8835239572619784
2.25628662109375,1.9644689941406248,3.1671630859375,1.150335570469783,0.7287025292282494
6.65617919921875,9.899952392578125,3.1671630859375,3.034899328859182,0.9772084717080436
6.65617919921875,1.9644689941406248,1.1223876953125,2.9127516778524525,0.8404267121410773
2.25628662109375,9.899952392578125,1.1223876953125,1.273825503355687,0.9185123521203367
1.6611791992187501,6.961968994140625,8.1171630859375,1.0214765100671008,0.9229335986963548
7.25128662109375,6.961968994140625,8.1171630859375,3.2590604026847183,0.976002985981539
1.6611791992187501,4.902452392578125,8.1171630859375,1.004026845637571,0.8892455778724924
1.6611791992187501,6.961968994140625,6.0723876953125,1.0214765100671008,0.9188082340946766
7.25128662109375,4.902452392578125,6.0723876953125,3.2402684563759907,0.9633542517590548
2.28555419921875,2.589156494140625,3.7859130859375,1.2013422818791781,0.80304657021756
9.12441162109375,2.589156494140625,3.7859130859375,3.935570469798912,0.9360544643082026
2.28555419921875,8.025889892578125,3.7859130859375,1.2778523489932707,0.9368607115157015
2.28555419921875,2.589156494140625,6.6911376953124995,1.1999999999999835,0.8219747925427816
9.12441162109375,8.025889892578125,6.6911376953124995,4.014765100671407,0.9827189838677611
7.28055419921875,7.586656494140624,8.7359130859375,3.2738255033558614,0.9783665564808948
4.12941162109375,7.586656494140624,8.7359130859375,2.013422818791917,0.9645871785909687
7.28055419921875,3.0283898925781245,8.7359130859375,3.213422818792094,0.9438192374914554
7.28055419921875,7.586656494140624,1.7411376953125002,3.2751677852350563,0.9644145996680226
4.12941162109375,3.0283898925781245,1.7411376953125002,1.9570469798657417,0.8651688036122074
9.77805419921875,0.090406494140625,1.3109130859375002,0.4161073825503332,0.018673140047662004
6.6269116210937495,0.090406494140625,1.3109130859375002,0.40939597315436016,0.018529693245937152
9.77805419921875,0.5296398925781249,1.3109130859375002,3.693959731543843,0.6600900174834906
9.77805419921875,0.090406494140625,4.2161376953125,0.4187919463087224,0.01989877150708934
6.6269116210937495,0.5296398925781249,4.2161376953125,2.4738255033557435,0.614757928500418
4.78305419921875,5.087906494140625,6.2609130859375,2.2550335570469864,0.9496525905003229
1.63191162109375,5.087906494140625,6.2609130859375,0.9946308724832087,0.8873348571517048
4.78305419921875,5.527139892578124,6.2609130859375,2.259060402684571,0.9536102226672301
4.78305419921875,5.087906494140625,9.1661376953125,2.2550335570469864,0.9528526776868692
1.63191162109375,5.527139892578124,9.1661376953125,0.9986577181207925,0.9027350721084595
3.53430419921875,1.3397814941406248,9.9734130859375,1.590604026845614,0.7621001212514814
0.38316162109375,1.3397814941406248,9.9734130859375,0.40939597315436016,0.2512576639937459
3.53430419921875,6.776514892578124,9.9734130859375,1.7704697986576914,0.9556534592387838
3.53430419921875,1.3397814941406248,5.4536376953125,1.5932885906040033,0.7439878499936131
0.38316162109375,6.776514892578124,5.4536376953125,0.5033557046979826,0.795384232722355
8.52930419921875,6.337281494140624,5.0234130859374995,3.7664429530203636,0.9747577274938661
5.37816162109375,6.337281494140624,5.0234130859374995,2.5046979865772245,0.9617839794072826
8.52930419921875,1.7790148925781248,5.0234130859374995,3.6429530201344393,0.907442180009189
8.52930419921875,6.337281494140624,0.5036376953125,3.7677852348995584,0.9301482230265167
5.37816162109375,1.7790148925781248,0.5036376953125,2.3503355704698192,0.7575416718881134
6.03180419921875,3.8385314941406246,7.4984130859375,2.735570469798735,0.9467676030458101
2.8806616210937497,3.8385314941406246,7.4984130859375,1.4738255033556833,0.9021539967532943
6.03180419921875,4.277764892578125,7.4984130859375,2.743624161073904,0.9523676152863543
6.03180419921875,3.8385314941406246,2.9786376953125,2.735570469798735,0.9332297083002489
2.8806616210937497,4.277764892578125,2.9786376953125,1.4845637583892402,0.8926119117737186
1.03680419921875,8.836031494140625,2.5484130859375003,0.7825503355704608,0.8961240413045448
7.87566162109375,8.836031494140625,2.5484130859375003,3.519463087248515,0.9760421995736397
1.03680419921875,9.275264892578125,2.5484130859375003,0.7838926174496554,0.9008887057965445
1.03680419921875,8.836031494140625,7.9286376953125,0.7812080536912662,0.9204383951133357
7.87566162109375,9.275264892578125,7.9286376953125,3.519463087248515,0.9834910349078531
0.72461669921875,4.150875244140624,8.4265380859375,0.6161073825503296,0.7635297169887896
1.9440991210937502,4.150875244140624,8.4265380859375,1.106040268456361,0.882186587240047
0.72461669921875,0.841983642578125,8.4265380859375,0.4120805369127494,0.1688024096419441
0.72461669921875,4.150875244140624,0.1942626953125,0.5651006711409345,0.5986588489105243
1.9440991210937502,0.841983642578125,0.1942626953125,0.44295302013422533,0.15133021732349625
5.71961669921875,9.148375244140626,3.4765380859375004,2.65637583892624,0.9724536934147519
6.93909912109375,9.148375244140626,3.4765380859375004,3.144966442953158,0.9768360170434123
5.71961669921875,5.8394836425781245,3.4765380859375004,2.6375838926175126,0.9564293746657393
5.71961669921875,9.148375244140626,5.1442626953124995,2.65637583892624,0.9754112845542608
6.93909912109375,5.8394836425781245,5.1442626953124995,3.1261744966444303,0.9670871750857735
8.21711669921875,1.6521252441406247,5.9515380859375,3.504697986577372,0.9003929738118774
4.44159912109375,1.6521252441406247,5.9515380859375,1.99731543624158,0.8309421639375387
8.21711669921875,8.338233642578125,5.9515380859375,3.652348993288803,0.9811102124060874
8.21711669921875,1.6521252441406247,7.6192626953125,3.504697986577372,0.9046143447088562
4.44159912109375,8.338233642578125,7.6192626953125,2.140939597315426,0.9688854280458785
3.2221166992187498,6.6496252441406245,1.0015380859375,1.6469798657717876,0.9034414816254228
9.43659912109375,6.6496252441406245,1.0015380859375,4.132885906040552,0.956599423746701
3.2221166992187498,3.3407336425781247,1.0015380859375,1.5986577181207817,0.8268747836395156
3.2221166992187498,6.6496252441406245,2.6692626953125003,1.645637583892593,0.9338737065668248
9.43659912109375,3.3407336425781247,2.6692626953125003,4.087248322147928,0.9463630044308019
4.47086669921875,0.402750244140625,4.7140380859375,1.1530201342281723,0.29770803512911587
8.18784912109375,0.402750244140625,4.7140380859375,2.9140939597316473,0.59038043591281
4.47086669921875,4.590108642578125,4.7140380859375,2.123489932885893,0.9369661507118645
4.47086669921875,0.402750244140625,1.4317626953125002,0.9489932885905921,0.2251025216901249
8.18784912109375,4.590108642578125,1.4317626953125002,3.613422818792153,0.9423502305436382
9.46586669921875,5.400250244140625,9.6640380859375,4.131543624161357,0.9760846842663575
3.19284912109375,5.400250244140625,9.6640380859375,1.62147651006709,0.938677586819791
9.46586669921875,9.587608642578125,9.6640380859375,4.277852348993593,0.9872066052453683
9.46586669921875,5.400250244140625,6.3817626953125,4.132885906040552,0.9743876838058466
3.19284912109375,9.587608642578125,6.3817626953125,1.6469798657717876,0.9638804299023761
6.96836669921875,2.9015002441406246,2.2390380859375,3.08724832214778,0.9144967494580556
5.69034912109375,2.9015002441406246,2.2390380859375,2.5758389261745505,0.898853957521657
6.96836669921875,7.088858642578124,2.2390380859375,3.1476510067115475,0.9647322008025488
6.96836669921875,2.9015002441406246,8.8567626953125,3.0832214765101957,0.9389455493200809
5.69034912109375,7.088858642578124,8.8567626953125,2.634899328859123,0.9711012668948995
1.97336669921875,7.899000244140624,7.1890380859375,1.1516778523489777,0.9384489297927249
0.69534912109375,7.899000244140624,7.1890380859375,0.6416107382550271,0.8882152967165
1.97336669921875,2.0913586425781245,7.1890380859375,1.048322147650993,0.751550922002372
1.97336669921875,7.899000244140624,3.9067626953125,1.1530201342281723,0.9299237231007773
0.69534912109375,2.0913586425781245,3.9067626953125,0.44832214765100376,0.37988688696336537
1.34899169921875,2.2768127441406247,1.6202880859375002,0.7798657718120716,0.6187723137881352
2.56847412109375,2.2768127441406247,1.6202880859375002,1.2926174496644114,0.7530978433249435
1.34899169921875,5.214796142578124,1.6202880859375002,0.8818791946308617,0.8280025288101531
1.34899169921875,2.2768127441406247,3.2880126953125,0.7973154362416015,0.6589468494333549
2.56847412109375,5.214796142578124,3.2880126953125,1.3718120805368932,0.9067880712979739
6.3439916992187495,7.274312744140624,6.5702880859374995,2.8979865771813094,0.9730983065129979
7.56347412109375,7.274312744140624,6.5702880859374995,3.385234899329032,0.976949660069901
6.3439916992187495,0.217296142578125,6.5702880859374995,0.6120805369127458,0.08387850846418096
6.3439916992187495,7.274312744140624,8.2380126953125,2.8979865771813094,0.9742244351166385
7.56347412109375,0.217296142578125,8.2380126953125,1.4724832214764887,0.2322189095928246
8.84149169921875,4.7755627441406245,4.0952880859375,3.8751677852351447,0.9653822102038153
0.07097412109375,4.7755627441406245,4.0952880859375,0.40402684563758173,0.5870392511766074
8.84149169921875,2.716046142578125,4.0952880859375,3.826845637584131,0.9385280047157907
8.84149169921875,4.7755627441406245,5.7630126953125,3.8751677852351447,0.9682397354716601
0.07097412109375,2.716046142578125,5.7630126953125,0.4026845637583871,0.4193703428632624
3.84649169921875,9.773062744140624,9.0452880859375,1.9087248322147359,0.9712754893894218
5.06597412109375,9.773062744140624,9.0452880859375,2.3973154362416382,0.9773657941939221
3.84649169921875,7.713546142578124,9.0452880859375,1.9006711409395682,0.9632555960721405
3.84649169921875,9.773062744140624,0.8130126953125,1.9100671140939305,0.93236855917889
5.06597412109375,7.713546142578124,0.8130126953125,2.390604026845664,0.9314499253802921
2.5977416992187496,3.5261877441406244,5.3327880859375,1.355704697986558,0.877847724924736
6.31472412109375,3.5261877441406244,5.3327880859375,2.8416107382551266,0.9403432834728154
2.5977416992187496,8.962921142578125,5.3327880859375,1.406711409395953,0.9529334026183245
2.5977416992187496,3.5261877441406244,4.5255126953125,1.355704697986558,0.8734761722166442
6.31472412109375,8.962921142578125,4.5255126953125,2.893959731543725,0.9762036189677563
7.59274169921875,8.523687744140625,0.3827880859375,3.40402684563776,0.9322465872033492
1.31972412109375,8.523687744140625,0.3827880859375,0.8845637583892509,0.8345263493327973
7.59274169921875,3.9654211425781245,0.3827880859375,3.357046979865941,0.8819791277825506
7.59274169921875,8.523687744140625,9.4755126953125,3.40402684563776,0.981973039179872
1.31972412109375,3.9654211425781245,9.4755126953125,0.853691275167775,0.8410797538617308
5.09524169921875,1.0274377441406248,7.8077880859375,2.148993288590595,0.766152835042756
8.81222412109375,1.0274377441406248,7.8077880859375,3.6322147651008807,0.8560107659729923
5.09524169921875,1.4666711425781247,7.8077880859375,2.233557046979869,0.8368733214475446
5.09524169921875,1.0274377441406248,7.0005126953125,2.148993288590595,0.7628136426418075
8.81222412109375,1.4666711425781247,7.0005126953125,3.7194630872485446,0.8975731953513209
0.10024169921875,6.024937744140624,2.8577880859375,0.40805369127516555,0.6531295878964359
3.81722412109375,6.024937744140624,2.8577880859375,1.87785234899326,0.9371342851920593
0.10024169921875,6.464171142578125,2.8577880859375,0.40939597315436016,0.6752624636640323
0.10024169921875,6.024937744140624,2.0505126953125,0.40805369127516555,0.6468798303084056
3.81722412109375,6.464171142578125,2.0505126953125,1.8818791946308437,0.9339038794416457
0.13926513671875002,3.9556604003906246,5.1394287109375,0.40939597315436016,0.5372326521647683
9.47562255859375,3.9556604003906246,5.1394287109375,4.115436241611019,0.9628277740309361
0.13926513671875002,2.2084875488281246,5.1394287109375,0.40402684563758173,0.36073139612377086
0.13926513671875002,3.9556604003906246,7.8899658203125,0.40939597315436016,0.5434958949808029
9.47562255859375,2.2084875488281246,7.8899658203125,4.053691275168057,0.9378706753781145
5.13426513671875,8.953160400390624,0.18942871093750002,2.413422818791976,0.8988423942122514
4.48062255859375,8.953160400390624,0.18942871093750002,2.1516778523489846,0.8920029927172475
5.13426513671875,7.205987548828125,0.18942871093750002,2.4013422818792227,0.8837370834932472
5.13426513671875,8.953160400390624,2.9399658203125,2.421476510067145,0.9672920378152153
4.48062255859375,7.205987548828125,2.9399658203125,2.1516778523489846,0.9543302766890494
7.63176513671875,1.4569104003906248,7.6144287109375,3.24563758389277,0.884187739924998
6.97812255859375,1.4569104003906248,7.6144287109375,2.9852348993289732,0.8747434285000707
7.63176513671875,9.704737548828126,7.6144287109375,3.4241610738256822,0.9837851371800233
7.63176513671875,1.4569104003906248,0.4649658203125,3.208053691275315,0.7708108478913652
6.97812255859375,9.704737548828126,0.4649658203125,3.1637583892618855,0.9406108187700466
2.6367651367187497,6.454410400390624,2.6644287109375,1.4093959731543422,0.9207866381487004
1.98312255859375,6.454410400390624,2.6644287109375,1.1489932885905885,0.9042007915299879
2.6367651367187497,4.707237548828124,2.6644287109375,1.393288590604007,0.8922799915969419
2.6367651367187497,6.454410400390624,5.4149658203125,1.4093959731543422,0.9350184461785542
1.98312255859375,4.707237548828124,5.4149658203125,1.130201342281864,0.8897642912853725
3.88551513671875,0.20753540039062499,1.4269287109375002,0.413422818791944,0.042114385810240046
0.7343725585937501,0.20753540039062499,1.4269287109375002,0.4013422818791925,0.04176718944000172
3.88551513671875,3.4578625488281247,1.4269287109375002,1.871140939597287,0.8666948483777437
3.88551513671875,0.20753540039062499,9.1274658203125,0.4174496644295278,0.04611048586757209
0.7343725585937501,3.4578625488281247,9.1274658203125,0.5999999999999943,0.7031492314305396
8.88051513671875,5.205035400390624,6.3769287109374995,3.896644295302262,0.9717646894903562
5.72937255859375,5.205035400390624,6.3769287109374995,2.634899328859123,0.9579880521722177
8.88051513671875,8.455362548828125,6.3769287109374995,3.919463087248574,0.9830912506147336
8.88051513671875,5.205035400390624,4.1774658203124995,3.896644295302262,0.9686841836376632
5.72937255859375,8.455362548828125,4.1774658203124995,2.657718120805435,0.9718440759673732
6.3830151367187495,2.7062854003906245,3.9019287109375003,2.8429530201343214,0.9166535070742019
3.23187255859375,2.7062854003906245,3.9019287109375003,1.583892617449641,0.8552110630612426
6.3830151367187495,5.956612548828124,3.9019287109375003,2.9046979865772835,0.9626169265376868
6.3830151367187495,2.7062854003906245,1.7024658203125,2.846979865771906,0.8918186988851449
3.23187255859375,5.956612548828124,1.7024658203125,1.645637583892593,0.9134931135264102
1.38801513671875,7.7037854003906245,8.8519287109375,0.9167785234899215,0.9236399784836854
8.22687255859375,7.7037854003906245,8.8519287109375,3.653691275167998,0.9811105214298105
1.38801513671875,0.9591125488281249,8.8519287109375,0.45100671140939297,0.21264164658826912
1.38801513671875,7.7037854003906245,6.6524658203125,0.9167785234899215,0.9198491898555031
8.22687255859375,0.9591125488281249,6.6524658203125,3.378523489933058,0.8319610528733992
2.01239013671875,2.0815979003906246,4.5206787109375,1.061744966442939,0.7368984006372863
5.10499755859375,2.0815979003906246,4.5206787109375,2.2993288590604157,0.8738925935973779
2.01239013671875,6.581300048828124,4.5206787109375,1.1597315436241453,0.9192319430381318
2.01239013671875,2.0815979003906246,6.0337158203125,1.0630872483221336,0.7482758249982839
5.10499755859375,6.581300048828124,6.0337158203125,2.3973154362416382,0.96315852775017
7.00739013671875,7.079097900390624,9.4706787109375,3.1624161073826906,0.9763212881840622
0.10999755859375,7.079097900390624,9.4706787109375,0.413422818791944,0.7273056904986706
7.00739013671875,1.5838000488281248,9.4706787109375,3.01208053691287,0.8886265513161864
7.00739013671875,7.079097900390624,1.0837158203125001,3.1637583892618855,0.9499219557277692
0.10999755859375,1.5838000488281248,1.0837158203125001,0.4013422818791925,0.2656711690366541
9.50489013671875,4.580347900390625,2.0456787109375,4.139597315436526,0.9568783754427506
7.6024975585937495,4.580347900390625,2.0456787109375,3.378523489933058,0.9474953326963451
9.50489013671875,4.082550048828125,2.0456787109375,4.131543624161357,0.9516388221137926
9.50489013671875,4.580347900390625,3.5587158203125,4.138255033557331,0.9647814470268623
7.6024975585937495,4.082550048828125,3.5587158203125,3.3691275167786943,0.9515786360773796
4.50989013671875,9.577847900390625,6.9956787109375,2.173154362416102,0.9730220654091194
2.60749755859375,9.577847900390625,6.9956787109375,1.4120805369127314,0.9583762514601335
4.50989013671875,9.080050048828125,6.9956787109375,2.171812080536907,0.9715609077565467
4.50989013671875,9.577847900390625,8.5087158203125,2.173154362416102,0.9739672324422408
2.60749755859375,9.080050048828125,8.5087158203125,1.4107382550335368,0.9576079354611394
3.26114013671875,3.3309729003906248,8.2331787109375,1.614765100671117,0.8989195642714035
3.8562475585937497,3.3309729003906248,8.2331787109375,1.8523489932885624,0.9114497292511705
3.26114013671875,7.830675048828124,8.2331787109375,1.6671140939597067,0.9581212486893091
3.26114013671875,3.3309729003906248,7.2712158203124995,1.614765100671117,0.8969043138311779
3.8562475585937497,7.830675048828124,7.2712158203124995,1.904697986577152,0.962437989571058
8.25614013671875,8.328472900390626,3.2831787109375004,3.668456375839141,0.9777001453479198
8.85124755859375,8.328472900390626,3.2831787109375004,3.9073825503358206,0.9791604406669798
8.25614013671875,2.833175048828125,3.2831787109375004,3.59865771812101,0.933425068872493
8.25614013671875,8.328472900390626,2.3212158203125,3.669798657718336,0.9746476690974408
8.85124755859375,2.833175048828125,2.3212158203125,3.8375838926176895,0.9296683262269986
5.75864013671875,0.832222900390625,5.7581787109375,2.3476510067114296,0.7299745383541908
1.35874755859375,0.832222900390625,5.7581787109375,0.42953020134227926,0.1727484691875858
5.75864013671875,0.33442504882812496,5.7581787109375,1.546308724832192,0.3399072777253146
5.75864013671875,0.832222900390625,4.7962158203125,2.3489932885906244,0.7231112942018046
1.35874755859375,0.33442504882812496,4.7962158203125,0.40805369127516555,0.06972010788395373
0.76364013671875,5.829722900390625,0.8081787109375,0.6416107382550271,0.7573675344300503
6.35374755859375,5.829722900390625,0.8081787109375,2.893959731543725,0.9256852922656524
0.76364013671875,5.331925048828125,0.8081787109375,0.6348993288590541,0.737145897303473
0.76364013671875,5.829722900390625,9.7462158203125,0.6550335570469732,0.8552718906242198
6.35374755859375,5.331925048828125,9.7462158203125,2.885906040268556,0.9651624889866697
1.07582763671875,1.1445666503906249,9.7800537109375,0.4375838926174469,0.2377835389376276
3.54406005859375,1.1445666503906249,9.7800537109375,1.557046979865749,0.7192819676075757
1.07582763671875,4.394893798828124,9.7800537109375,0.7624161073825417,0.8374839580840074
1.07582763671875,1.1445666503906249,2.0118408203125,0.42953020134227926,0.21604565105486917
3.54406005859375,4.394893798828124,2.0118408203125,1.751677852348967,0.898056062934964
6.07082763671875,6.142066650390625,4.8300537109374995,2.7812080536913593,0.9642718815879013
8.53906005859375,6.142066650390625,4.8300537109374995,3.7691275167787532,0.9737245807855938
6.07082763671875,9.392393798828126,4.8300537109374995,2.798657718120892,0.977068149796898
6.07082763671875,6.142066650390625,6.9618408203125,2.7812080536913593,0.9670465388121674
8.53906005859375,9.392393798828126,6.9618408203125,3.785234899329091,0.9844836229458842
8.56832763671875,3.6433166503906245,7.3050537109375,3.746308724832441,0.9588036707707823
1.04656005859375,3.6433166503906245,7.3050537109375,0.7369127516778442,0.7851541090032359
8.56832763671875,6.8936437988281245,7.3050537109375,3.785234899329091,0.9787539922224844
8.56832763671875,3.6433166503906245,9.4368408203125,3.7449664429532463,0.9603032971842722
1.04656005859375,6.8936437988281245,9.4368408203125,0.7758389261744878,0.8998230238749603
3.5733276367187496,8.640816650390626,2.3550537109375003,1.795973154362389,0.9506210761034377
6.04156005859375,8.640816650390626,2.3550537109375003,2.783892617449749,0.9679249225611477
3.5733276367187496,1.8961437988281247,2.3550537109375003,1.6738255033556797,0.7875931030663379
3.5733276367187496,8.640816650390626,4.4868408203125,1.795973154362389,0.9600633129686111
6.04156005859375,1.8961437988281247,4.4868408203125,2.6604026845638247,0.8798695215113854
4.82207763671875,4.892691650390624,3.5925537109375,2.2684563758389347,0.9403842237372702
7.29031005859375,4.892691650390624,3.5925537109375,3.2563758389263286,0.958287821121908
4.82207763671875,0.646768798828125,3.5925537109375,1.8362416107382271,0.573725266481229
4.82207763671875,4.892691650390624,0.7743408203125,2.2697986577181295,0.8937793684088642
7.29031005859375,0.646768798828125,0.7743408203125,2.7409395973155144,0.6078280222796388
9.81707763671875,9.890191650390625,8.5425537109375,2.463087248322185,0.7570036669528439
2.29531005859375,9.890191650390625,8.5425537109375,1.2885906040268276,0.9574977747056802
9.81707763671875,5.644268798828125,8.5425537109375,4.275167785235204,0.977572108742755
9.81707763671875,9.890191650390625,5.7243408203124995,4.299328859060711,0.9866324317868369
2.29531005859375,5.644268798828125,5.7243408203124995,1.2657718120805193,0.9184138009411564
7.3195776367187495,2.393941650390625,1.1175537109375002,3.208053691275315,0.8739930273457448
9.78781005859375,2.393941650390625,1.1175537109375002,4.195973154362709,0.899079467641366
7.3195776367187495,8.143018798828125,1.1175537109375002,3.293959731543784,0.9583345629740743
7.3195776367187495,2.393941650390625,8.1993408203125,3.2026845637585355,0.9282547993366961
9.78781005859375,8.143018798828125,8.1993408203125,4.280536912751983,0.9847010382453092
2.32457763671875,7.391441650390624,6.0675537109375,1.2899328859060222,0.939382477245551
4.79281005859375,7.391441650390624,6.0675537109375,2.2778523489932985,0.9656481904335356
2.32457763671875,3.1455187988281246,6.0675537109375,1.236241610738238,0.8543912262204186
2.32457763671875,7.391441650390624,3.2493408203125003,1.2899328859060222,0.9289062681976514
4.79281005859375,3.1455187988281246,3.2493408203125003,2.2241610738255053,0.9043156528645533
1.70020263671875,3.0186291503906246,0.4988037109375,0.9476510067113975,0.6867515384204965
1.6709350585937501,3.0186291503906246,0.4988037109375,0.935570469798646,0.6839356186360716
1.70020263671875,8.767706298828125,0.4988037109375,1.0429530201342145,0.863018815791935
1.70020263671875,3.0186291503906246,3.8680908203125,0.9825503355704572,0.792467368300405
1.6709350585937501,8.767706298828125,3.8680908203125,1.034899328859047,0.9292029776633071
6.69520263671875,8.016129150390626,5.4488037109375,3.042953020134351,0.9759347459640623
6.66593505859375,8.016129150390626,5.4488037109375,3.0308724832215974,0.9757838985740259
6.69520263671875,3.7702062988281244,5.4488037109375,2.9986577181209215,0.9472015010272234
6.69520263671875,8.016129150390626,8.8180908203125,3.041610738255156,0.9779806059118035
6.66593505859375,3.7702062988281244,8.8180908203125,2.986577181208168,0.9514233156440002
9.19270263671875,0.5198791503906249,2.9738037109375,3.5006711409397875,0.6872465804260199
4.16843505859375,0.5198791503906249,2.9738037109375,1.3167785234899143,0.3937843222159543
9.19270263671875,1.2714562988281248,2.9738037109375,3.8469798657720533,0.86336669130773
9.19270263671875,0.5198791503906249,6.3430908203125,3.5073825503357616,0.7204235699684308
4.16843505859375,1.2714562988281248,6.3430908203125,1.8348993288590325,0.7699741190165483
4.19770263671875,5.517379150390624,7.9238037109375,2.0255033557046707,0.9505367339603895
9.16343505859375,5.517379150390624,7.9238037109375,4.012080536913017,0.9751347274412816
4.19770263671875,6.268956298828124,7.9238037109375,2.032214765100645,0.9566782196867019
4.19770263671875,5.517379150390624,1.3930908203125,2.0281879194630603,0.9166630156859141
9.16343505859375,6.268956298828124,1.3930908203125,4.021476510067381,0.960805254945228
2.94895263671875,1.7692541503906247,6.6863037109375,1.4120805369127314,0.7829846988366826
7.91468505859375,1.7692541503906247,6.6863037109375,3.395973154362591,0.9059241365959358
2.94895263671875,5.0195812988281245,6.6863037109375,1.5208053691274945,0.925834205683675
2.94895263671875,1.7692541503906247,2.6305908203125004,1.4107382550335368,0.7448902451566157
7.91468505859375,5.0195812988281245,2.6305908203125004,3.5087248322149565,0.958120020112697
7.94395263671875,6.766754150390624,1.7363037109375001,3.535570469798853,0.9629680101161533
2.9196850585937497,6.766754150390624,1.7363037109375001,1.526174496644273,0.9181600412594448
7.94395263671875,0.022081298828125,1.7363037109375001,0.4013422818791925,0.004573034168540558
7.94395263671875,6.766754150390624,7.5805908203125,3.534228187919658,0.9768789788027696
2.9196850585937497,0.022081298828125,7.5805908203125,0.3999999999999979,0.004771268385282246
5.44645263671875,4.268004150390625,9.1613037109375,2.508724832214809,0.9493633099950773
5.41718505859375,4.268004150390625,9.1613037109375,2.4966442953020556,0.949057756751195
5.44645263671875,2.5208312988281247,9.1613037109375,2.4590604026846004,0.9131160376289021
5.44645263671875,4.268004150390625,5.1055908203125,2.508724832214809,0.9435549535945409
5.41718505859375,2.5208312988281247,5.1055908203125,2.4483221476510417,0.9034425211659204
0.45145263671875,9.265504150390624,4.2113037109375,0.5489932885905993,0.8714060991146966
0.42218505859375,9.265504150390624,4.2113037109375,0.5369127516778478,0.8670283362803874
0.45145263671875,7.518331298828124,4.2113037109375,0.539597315436237,0.8330807100312247
0.45145263671875,9.265504150390624,0.15559082031250002,0.5288590604026802,0.7589578546223275
0.42218505859375,7.518331298828124,0.15559082031250002,0.5006711409395934,0.7040724725135108
0.60754638671875,1.3007385253906247,2.2003662109375,0.413422818791944,0.2336281255959367
4.94890380859375,1.3007385253906247,2.2003662109375,2.1516778523489846,0.7619676648360765
0.60754638671875,1.1152844238281248,2.2003662109375,0.41073825503355477,0.2041816747594236
0.60754638671875,1.3007385253906247,1.5477783203125002,0.413422818791944,0.2303295042808716
4.94890380859375,1.1152844238281248,1.5477783203125002,2.0979865771811914,0.7063223848577489
5.60254638671875,6.298238525390625,7.1503662109374995,2.594630872483278,0.9656537403028835
9.94390380859375,6.298238525390625,7.1503662109374995,4.3315436241613865,0.9796043167764995
5.60254638671875,6.112784423828124,7.1503662109374995,2.5932885906040832,0.9645923763616796
5.60254638671875,6.298238525390625,6.4977783203124995,2.594630872483278,0.9650106435389899
9.94390380859375,6.112784423828124,6.4977783203124995,4.330201342282192,0.9785478981279391
8.10004638671875,3.7994885253906245,4.6753662109375,3.5624161073827496,0.9543293393119414
2.4514038085937497,3.7994885253906245,4.6753662109375,1.3033557046979682,0.8785448322188549
8.10004638671875,8.611534423828125,4.6753662109375,3.608053691275374,0.9804939398003034
8.10004638671875,3.7994885253906245,8.9727783203125,3.561073825503555,0.9596825128804647
2.4514038085937497,8.611534423828125,8.9727783203125,1.3463087248321957,0.9534631227976349
3.1050463867187497,8.796988525390626,9.6253662109375,1.608053691275144,0.9621374857643124
7.44640380859375,8.796988525390626,9.6253662109375,3.346308724832382,0.982264953922661
3.1050463867187497,3.614034423828125,9.6253662109375,1.5583892617449435,0.9052382294353987
3.1050463867187497,8.796988525390626,4.0227783203125,1.6093959731543386,0.9549737595680781
7.44640380859375,3.614034423828125,4.0227783203125,3.2966442953021735,0.9460682551563444
4.3537963867187495,2.550113525390625,5.9128662109375,2.024161073825476,0.8887459186038679
6.19765380859375,2.550113525390625,5.9128662109375,2.761073825503437,0.9173940847716751
4.3537963867187495,4.8634094238281245,5.9128662109375,2.0805369127516586,0.9423066925374075
4.3537963867187495,2.550113525390625,0.3102783203125,1.9892617449664123,0.7691268980760069
6.19765380859375,4.8634094238281245,0.3102783203125,2.8093959731544507,0.8778084873775089
9.34879638671875,7.5476135253906245,0.9628662109375,4.103355704698266,0.9602770306466336
1.20265380859375,7.5476135253906245,0.9628662109375,0.8402684563758289,0.8491659495094074
9.34879638671875,9.860909423828126,0.9628662109375,4.112751677852629,0.9690941027412965
9.34879638671875,7.5476135253906245,5.2602783203125,4.102013422819071,0.9809047036110052
1.20265380859375,9.860909423828126,5.2602783203125,0.8510067114093858,0.9291054003693902
6.85129638671875,0.05136352539062499,8.3878662109375,0.40671140939597095,0.011305954359788865
8.69515380859375,0.05136352539062499,8.3878662109375,0.40805369127516555,0.011332067227358744
6.85129638671875,7.362159423828125,8.3878662109375,3.1006711409397285,0.9762078472853042
6.85129638671875,0.05136352539062499,7.7352783203125,0.40536912751677634,0.011211281672425584
8.69515380859375,7.362159423828125,7.7352783203125,3.8389261744968843,0.9806784930321466
1.85629638671875,5.048863525390624,3.4378662109375,1.0845637583892473,0.8808546494977694
3.70015380859375,5.048863525390624,3.4378662109375,1.8214765100670864,0.9274878583114776
1.85629638671875,2.3646594238281247,3.4378662109375,1.0161073825503224,0.7436697252725805
1.85629638671875,5.048863525390624,2.7852783203125,1.085906040268442,0.874416054428873
3.70015380859375,2.3646594238281247,2.7852783203125,1.7570469798657453,0.8387005758188301
2.48067138671875,4.424176025390625,7.7691162109375,1.324832214765082,0.9061703487416681
0.57827880859375,4.424176025390625,7.7691162109375,0.5570469798657669,0.7378285113883841
2.48067138671875,5.488096923828125,7.7691162109375,1.338255033557028,0.924909832076144
2.48067138671875,4.424176025390625,4.6415283203125,1.3261744966442766,0.8967239411860133
0.57827880859375,5.488096923828125,4.6415283203125,0.5744966442952968,0.7896910225152216
7.47567138671875,9.421676025390624,2.8191162109375,3.3610738255035253,0.9773667518883205
5.5732788085937495,9.421676025390624,2.8191162109375,2.6000000000000574,0.9707935993373611
7.47567138671875,0.490596923828125,2.8191162109375,2.750335570469878,0.6057821038854173
7.47567138671875,9.421676025390624,9.5915283203125,3.3597315436243305,0.9834991833473845
5.5732788085937495,0.490596923828125,9.5915283203125,1.9999999999999691,0.5511861741278761
9.97317138671875,1.9254260253906248,5.2941162109375,4.233557046980164,0.9266768040106095
3.07577880859375,1.9254260253906248,5.2941162109375,1.4778523489932671,0.8009537397351033
9.97317138671875,2.9893469238281245,5.2941162109375,4.289932885906347,0.9531267755568005
9.97317138671875,1.9254260253906248,7.1165283203125,4.233557046980164,0.9307862784257024
3.07577880859375,2.9893469238281245,7.1165283203125,1.5302013422818568,0.8789433690568182
4.97817138671875,6.922926025390624,0.3441162109375,2.34496644295304,0.8949022188126947
8.070778808593749,6.922926025390624,0.3441162109375,3.5852348993290617,0.9208883023922785
4.97817138671875,7.986846923828124,0.3441162109375,2.351677852349014,0.9049159561262595
4.97817138671875,6.922926025390624,2.1665283203125,2.3503355704698192,0.9513017689410737
8.070778808593749,7.986846923828124,2.1665283203125,3.5932885906042307,0.972081117305694
3.72942138671875,0.676051025390625,4.0566162109375,1.3852348993288393,0.4977825536121323
9.31952880859375,0.676051025390625,4.0566162109375,3.692617449664648,0.7702970400336933
3.72942138671875,9.236221923828126,4.0566162109375,1.86040268456373,0.9628701422885892
3.72942138671875,0.676051025390625,3.4040283203125004,1.3731543624160878,0.48857224450445913
9.31952880859375,9.236221923828126,3.4040283203125004,4.097986577181486,0.9823240424289126
8.72442138671875,5.6735510253906245,9.0066162109375,3.8389261744968843,0.9753782393908055
4.32452880859375,5.6735510253906245,9.0066162109375,2.077852348993269,0.9540694328954411
8.72442138671875,4.238721923828124,9.0066162109375,3.8201342281881567,0.9665018538953811
8.72442138671875,5.6735510253906245,8.3540283203125,3.8389261744968843,0.9750693733480134
4.32452880859375,4.238721923828124,8.3540283203125,2.0590604026845414,0.9370989575149062
6.22692138671875,3.1748010253906247,1.5816162109375,2.800000000000087,0.9020938955453226
6.82202880859375,3.1748010253906247,1.5816162109375,3.0389261744967664,0.9091039795263594
6.22692138671875,1.7399719238281248,1.5816162109375,2.7234899328859816,0.8320834722747229
6.22692138671875,3.1748010253906247,5.8790283203125,2.797315436241697,0.9342370433464379
6.82202880859375,1.7399719238281248,5.8790283203125,2.957046979865882,0.8884059091097595
1.23192138671875,8.172301025390626,6.5316162109375,0.8563758389261642,0.9187312985508032
1.82702880859375,8.172301025390626,6.5316162109375,1.0953020134228042,0.9366847257444408
1.23192138671875,6.737471923828124,6.5316162109375,0.8496644295301912,0.9011114294659879
1.23192138671875,8.172301025390626,0.9290283203125,0.8550335570469696,0.8589991078729455
1.82702880859375,6.737471923828124,0.9290283203125,1.085906040268442,0.8630006866229545
0.91973388671875,3.487144775390625,3.1284912109375003,0.6751677852348923,0.7163852553985357
8.38296630859375,3.487144775390625,3.1284912109375003,3.668456375839141,0.9457658312682327
0.91973388671875,3.3016906738281246,3.1284912109375003,0.6684563758389193,0.6983590497631099
0.91973388671875,3.487144775390625,8.6634033203125,0.6818791946308653,0.7553396453871458
8.38296630859375,3.3016906738281246,8.6634033203125,3.6630872483223618,0.9547241892555152
5.91473388671875,8.484644775390626,8.0784912109375,2.7315436241611506,0.9764883335342922
3.3879663085937497,8.484644775390626,8.0784912109375,1.720805369127491,0.9624894628049423
5.91473388671875,8.299190673828125,8.0784912109375,2.7315436241611506,0.976069625280957
5.91473388671875,8.484644775390626,3.7134033203125,2.7328859060403454,0.9718731418164754
3.3879663085937497,8.299190673828125,3.7134033203125,1.720805369127491,0.9543306313083941
8.41223388671875,0.9883947753906249,0.6534912109375,3.4161073825505133,0.7332648110811454
5.88546630859375,0.9883947753906249,0.6534912109375,2.3812080536913003,0.6625311395681266
8.41223388671875,5.800440673828124,0.6534912109375,3.7181208053693497,0.9329427398787393
8.41223388671875,0.9883947753906249,1.2384033203125002,3.456375838926358,0.7687073309454484
5.88546630859375,5.800440673828124,1.2384033203125002,2.706040268456449,0.9352085766026921
3.41723388671875,5.985894775390625,5.6034912109374995,1.7167785234899071,0.9424598404129696
0.89046630859375,5.985894775390625,5.6034912109374995,0.7073825503355629,0.8599219262366213
3.41723388671875,0.802940673828125,5.6034912109374995,1.3704697986576986,0.5581897933760638
3.41723388671875,5.985894775390625,6.1884033203125,1.7167785234899071,0.9436336618800315
0.89046630859375,0.802940673828125,6.1884033203125,0.4147651006711386,0.16131842016139375
4.66598388671875,2.2377697753906247,9.3159912109375,2.131543624161062,0.8883333663656597
2.13921630859375,2.2377697753906247,9.3159912109375,1.1221476510066963,0.7899025540751694
4.66598388671875,2.0523156738281245,9.3159912109375,2.1194630872483087,0.8780418214161348
4.66598388671875,2.2377697753906247,9.9009033203125,2.131543624161062,0.889218650126459
2.13921630859375,2.0523156738281245,9.9009033203125,1.1100671140939449,0.7704917389380951
9.66098388671875,7.235269775390624,4.3659912109375,4.225503355704995,0.9796671046744054
7.13421630859375,7.235269775390624,4.3659912109375,3.214765100671289,0.9732254279635242
9.66098388671875,7.049815673828125,4.3659912109375,4.2241610738258,0.9790841798562786
9.66098388671875,7.235269775390624,4.9509033203124995,4.225503355704995,0.9803681463577815
7.13421630859375,7.049815673828125,4.9509033203124995,3.213422818792094,0.9733735724817718
7.16348388671875,4.736519775390625,6.8409912109375,3.2026845637585355,0.9624747723598066
4.6367163085937495,4.736519775390625,6.8409912109375,2.1919463087248294,0.94529903579048
7.16348388671875,9.548565673828126,6.8409912109375,3.236241610738406,0.9821136899325206
7.16348388671875,4.736519775390625,2.4759033203125003,3.2040268456377303,0.9503172077282138
4.6367163085937495,9.548565673828126,2.4759033203125003,2.2255033557047,0.964606624834366
2.1684838867187497,9.734019775390625,1.8909912109375002,1.2389261744966271,0.9318545465264465
9.63171630859375,9.734019775390625,1.8909912109375002,4.225503355704995,0.9792320977041236
2.1684838867187497,4.551065673828124,1.8909912109375002,1.2040268456375673,0.8593114251039008
2.1684838867187497,9.734019775390625,7.4259033203125,1.2375838926174325,0.954023428613572
9.63171630859375,4.551065673828124,7.4259033203125,4.18791946308754,0.9706688166691511
1.54410888671875,0.363707275390625,7.4597412109375,0.41073825503355477,0.07716022247129448
6.50984130859375,0.363707275390625,7.4597412109375,2.093959731543607,0.4664339529633431
1.54410888671875,7.674503173828124,7.4597412109375,0.9785234899328734,0.9259231851528718
1.54410888671875,0.363707275390625,5.5696533203125,0.41073825503355477,0.07643367906339414
6.50984130859375,7.674503173828124,5.5696533203125,2.9664429530202456,0.9742048001730783
6.53910888671875,5.361207275390624,2.5097412109375004,2.9610738255034663,0.952662812827797
1.51484130859375,5.361207275390624,2.5097412109375004,0.9516778523489813,0.8611949022180557
6.53910888671875,2.677003173828125,2.5097412109375004,2.9060402684564783,0.9060812596845025
6.53910888671875,5.361207275390624,0.6196533203125,2.962416107382661,0.9123554398579603
1.51484130859375,2.677003173828125,0.6196533203125,0.8550335570469696,0.6437623538416273
9.03660888671875,2.8624572753906246,9.9347412109375,3.9100671140942103,0.9519568476777447
9.00734130859375,2.8624572753906246,9.9347412109375,3.897986577181457,0.9517684196049123
9.03660888671875,0.178253173828125,9.9347412109375,1.628187919463063,0.2175429529420039
9.03660888671875,2.8624572753906246,3.0946533203125,3.911409395973405,0.938004272949861
9.00734130859375,0.178253173828125,3.0946533203125,1.300671140939579,0.1632072028361728
4.04160888671875,7.859957275390625,4.9847412109375,1.97986577181205,0.9611773034119917
4.01234130859375,7.859957275390625,4.9847412109375,1.9677852348992986,0.9608584779399758
4.04160888671875,5.175753173828125,4.9847412109375,1.959731543624131,0.9403387662022783
4.04160888671875,7.859957275390625,8.0446533203125,1.97986577181205,0.9648307858243428
4.01234130859375,5.175753173828125,8.0446533203125,1.9476510067113795,0.9452981961327964
2.79285888671875,4.111832275390625,1.2722412109375,1.4456375838925966,0.8517790767789608
2.76359130859375,4.111832275390625,1.2722412109375,1.4348993288590397,0.8511329270827714
2.79285888671875,6.425128173828124,1.2722412109375,1.4738255033556833,0.9004768241031531
2.79285888671875,4.111832275390625,6.8071533203125,1.444295302013402,0.9052099251624623
2.76359130859375,6.425128173828124,6.8071533203125,1.4590604026845426,0.9395345132873111
7.78785888671875,9.109332275390624,6.2222412109375,3.4845637583894495,0.9822178245816977
7.75859130859375,9.109332275390624,6.2222412109375,3.472483221476696,0.9821076448700504
7.78785888671875,1.4276281738281247,6.2222412109375,3.3046979865773425,0.8800391252812583
7.78785888671875,9.109332275390624,1.8571533203125001,3.4845637583894495,0.9728523219895602
7.75859130859375,1.4276281738281247,1.8571533203125001,3.300671140939758,0.8389215439883326
5.29035888671875,1.6130822753906249,3.7472412109375,2.3342281879194813,0.8362528655312054
0.26609130859375,1.6130822753906249,3.7472412109375,0.40671140939597095,0.28183006723012133
5.29035888671875,3.9263781738281245,3.7472412109375,2.4402684563758728,0.9318870691499492
5.29035888671875,1.6130822753906249,4.3321533203125,2.3328859060402865,0.8411200413555926
0.26609130859375,3.9263781738281245,4.3321533203125,0.420134228187917,0.5401569715671461
0.29535888671875,6.610582275390624,8.6972412109375,0.4590604026845606,0.756034340094652
5.26109130859375,6.610582275390624,8.6972412109375,2.460402684563795,0.966681300279477
0.29535888671875,8.923878173828125,8.6972412109375,0.4805369127516743,0.8462909106661247
0.29535888671875,6.610582275390624,9.2821533203125,0.4590604026845606,0.7571773837663871
5.26109130859375,8.923878173828125,9.2821533203125,2.4724832214765486,0.9759872412165247
0.21731201171875,0.12944946289062498,3.2058349609375,0.3999999999999979,0.026933412600959175
1.4367944335937501,0.12944946289062498,3.2058349609375,0.4026845637583871,0.027065403886967973
0.21731201171875,6.190870361328124,3.2058349609375,0.42684563758389005,0.6786625520889158
0.21731201171875,0.12944946289062498,7.3485595703125,0.3999999999999979,0.027580317053519716
1.4367944335937501,6.190870361328124,7.3485595703125,0.9275167785234784,0.9035303533788448
5.21231201171875,5.126949462890624,8.1558349609375,2.4268456375839245,0.9556565561470827
6.43179443359375,5.126949462890624,8.1558349609375,2.915436241610842,0.9632008592990071
5.21231201171875,1.1933703613281248,8.1558349609375,2.234899328859064,0.8040950875391717
5.21231201171875,5.126949462890624,2.3985595703125,2.4281879194631193,0.939095981398649
6.43179443359375,1.1933703613281248,2.3985595703125,2.727516778523566,0.7943217900374473
7.70981201171875,2.628199462890625,0.7308349609375,3.371812080537084,0.8699753107432855
3.9342944335937498,2.628199462890625,0.7308349609375,1.8510067114093678,0.7983506352072052
7.70981201171875,3.692120361328125,0.7308349609375,3.4067114093961495,0.9010914563415477
7.70981201171875,2.628199462890625,4.8735595703125,3.370469798657889,0.9312118626009263
3.9342944335937498,3.692120361328125,4.8735595703125,1.8926174496644006,0.9134116934039629
2.7148120117187498,7.6256994628906245,5.6808349609375,1.4469798657717912,0.946720114424763
8.92929443359375,7.6256994628906245,5.6808349609375,3.934228187919717,0.9806178597796128
2.7148120117187498,8.689620361328124,5.6808349609375,1.4523489932885696,0.9535792952506275
2.7148120117187498,7.6256994628906245,9.8235595703125,1.4469798657717912,0.9516125622214706
8.92929443359375,8.689620361328124,9.8235595703125,3.9463087248324706,0.9848282037479869
3.96356201171875,3.8775744628906246,9.3933349609375,1.9073825503355413,0.9271022326841798
7.68054443359375,3.8775744628906246,9.3933349609375,3.395973154362591,0.9589971921195868
3.96356201171875,9.938995361328125,9.3933349609375,1.9557046979865471,0.9725413931659498
3.96356201171875,3.8775744628906246,6.1110595703124995,1.9087248322147359,0.9220533546466574
7.68054443359375,9.938995361328125,6.1110595703124995,3.4442953020136047,0.9835001306410883
8.95856201171875,8.875074462890625,4.4433349609374995,3.95167785234925,0.9824121595627494
2.68554443359375,8.875074462890625,4.4433349609374995,1.4416107382550127,0.9514984911906184
8.95856201171875,4.9414953613281245,4.4433349609374995,3.9248322147653534,0.9677923864179767
8.95856201171875,8.875074462890625,1.1610595703125002,3.953020134228445,0.9683608579954603
2.68554443359375,4.9414953613281245,1.1610595703125002,1.4161073825503152,0.8670918914169812
6.46106201171875,1.3788244628906248,6.9183349609375,2.766442953020216,0.8560712705868748
5.18304443359375,1.3788244628906248,6.9183349609375,2.256375838926181,0.8258951586988577
6.46106201171875,2.4427453613281247,6.9183349609375,2.861744966443049,0.919279625912161
6.46106201171875,1.3788244628906248,3.6360595703125003,2.7718120805369955,0.8375679716821494
5.18304443359375,2.4427453613281247,3.6360595703125003,2.353020134228209,0.8882666668322708
1.46606201171875,6.376324462890625,1.9683349609375003,0.9409395973154244,0.8716349808677515
0.18804443359375,6.376324462890625,1.9683349609375003,0.420134228187917,0.6678363397613168
1.46606201171875,7.440245361328125,1.9683349609375003,0.9476510067113975,0.8891858532687145
1.46606201171875,6.376324462890625,8.5860595703125,0.9395973154362298,0.9094516009720477
0.18804443359375,7.440245361328125,8.5860595703125,0.42818791946308465,0.752285216786446
2.0904370117187496,3.2528869628906247,6.2995849609375,1.1449664429530046,0.8486439763839939
3.30991943359375,3.2528869628906247,6.2995849609375,1.632214765100647,0.8929667670115453
2.0904370117187496,0.568682861328125,6.2995849609375,0.4348993288590577,0.12501949523055633
2.0904370117187496,3.2528869628906247,9.2048095703125,1.1449664429530046,0.8572634598969384
3.30991943359375,0.568682861328125,9.2048095703125,1.0590604026845498,0.37172819682873903
7.08543701171875,8.250386962890625,1.3495849609375001,3.200000000000146,0.9617630090517114
8.30491943359375,8.250386962890625,1.3495849609375001,3.6885906040270635,0.9666886003475068
7.08543701171875,5.566182861328125,1.3495849609375001,3.183892617449808,0.9443551053051824
7.08543701171875,8.250386962890625,4.2548095703125,3.200000000000146,0.9762644073160602
8.30491943359375,5.566182861328125,4.2548095703125,3.669798657718336,0.9690506023293135
9.58293701171875,0.7541369628906249,8.7745849609375,3.8348993288593,0.8208967324156111
0.81241943359375,0.7541369628906249,8.7745849609375,0.4120805369127494,0.1531245562574996
9.58293701171875,8.064932861328126,8.7745849609375,4.1986577181210984,0.9844582584978135
9.58293701171875,0.7541369628906249,1.7798095703125,3.8375838926176895,0.7586158750408333
0.81241943359375,8.064932861328126,1.7798095703125,0.6885906040268384,0.8578314925610491
4.58793701171875,5.7516369628906245,3.8245849609375004,2.1838926174496605,0.9481934421046135
5.80741943359375,5.7516369628906245,3.8245849609375004,2.672483221476578,0.9576706406121759
4.58793701171875,3.0674328613281245,3.8245849609375004,2.1382550335570363,0.9024664764176092
4.58793701171875,5.7516369628906245,6.7298095703125,2.1838926174496605,0.9546911530971129
5.80741943359375,3.0674328613281245,6.7298095703125,2.625503355704759,0.9293872749071599
3.33918701171875,2.003511962890625,0.1120849609375,1.4979865771811862,0.6567804723132902
7.05616943359375,2.003511962890625,0.1120849609375,2.9973154362417267,0.7661230245177653
3.33918701171875,4.316807861328124,0.1120849609375,1.632214765100647,0.7905749817066958
3.33918701171875,2.003511962890625,7.9673095703125,1.5865771812080303,0.8317276146492425
7.05616943359375,4.316807861328124,7.9673095703125,3.1543624161075217,0.9593917644972998
8.33418701171875,7.001011962890624,5.0620849609375,3.692617449664648,0.9767631190648145
2.06116943359375,7.001011962890624,5.0620849609375,1.1825503355704536,0.9276065327608243
8.33418701171875,9.314307861328125,5.0620849609375,3.7033557046982066,0.9827569210843741
8.33418701171875,7.001011962890624,3.0173095703125004,3.692617449664648,0.972765973250821
2.06116943359375,9.314307861328125,3.0173095703125004,1.1932885906040105,0.9375135671738319
5.83668701171875,4.502261962890625,2.5870849609375,2.6697986577181885,0.9386643195287513
9.55366943359375,4.502261962890625,2.5870849609375,4.157046979866059,0.9602090353363011
5.83668701171875,6.8155578613281245,2.5870849609375,2.6926174496645006,0.9595706791002825
5.83668701171875,4.502261962890625,0.5423095703125,2.6684563758389936,0.88644711263445
9.55366943359375,6.8155578613281245,0.5423095703125,4.181208053691566,0.9412214557141592
0.84168701171875,9.499761962890625,7.5370849609375,0.7060402684563682,0.917527618772045
4.55866943359375,9.499761962890625,7.5370849609375,2.1932885906040243,0.9736023088638375
0.84168701171875,1.8180578613281249,7.5370849609375,0.4805369127516743,0.3850703709348832
0.84168701171875,9.499761962890625,5.4923095703125,0.7060402684563682,0.9121697026926351
4.55866943359375,1.8180578613281249,5.4923095703125,2.060402684563736,0.8475760004175474
1.15387451171875,4.814605712890624,1.6589599609375,0.7973154362416015,0.7991256822707269
5.49523193359375,4.814605712890624,1.6589599609375,2.5382550335570953,0.9281948128409476
1.15387451171875,8.377276611328124,1.6589599609375,0.8268456375838829,0.8811448487429332
1.15387451171875,4.814605712890624,2.7079345703125,0.7999999999999907,0.8217461964892203
5.49523193359375,8.377276611328124,2.7079345703125,2.563758389261797,0.9659742532544475
6.14887451171875,9.812105712890625,6.6089599609375,2.830872483221568,0.9798632696342506
0.50023193359375,9.812105712890625,6.6089599609375,0.570469798657713,0.8957831388924326
6.14887451171875,3.3797766113281247,6.6089599609375,2.7704697986578006,0.9387939265884795
6.14887451171875,9.812105712890625,7.6579345703125,2.830872483221568,0.9804585352359366
0.50023193359375,3.3797766113281247,7.6579345703125,0.4724832214765067,0.5670236604990828
8.64637451171875,2.3158557128906248,4.1339599609375,3.730201342282103,0.9266188718307303
7.99273193359375,2.3158557128906248,4.1339599609375,3.4684563758391116,0.9212441450199308
8.64637451171875,0.881026611328125,4.1339599609375,3.5248322147652944,0.8103088748068303
8.64637451171875,2.3158557128906248,5.1829345703125,3.7288590604029084,0.930348111122531
7.99273193359375,0.881026611328125,5.1829345703125,3.261744966443108,0.8050719256352152
3.6513745117187497,7.313355712890624,9.0839599609375,1.8201342281878918,0.9594299361998819
2.99773193359375,7.313355712890624,9.0839599609375,1.5583892617449435,0.9525627892855462
3.6513745117187497,5.878526611328124,9.0839599609375,1.809395973154335,0.9489763155481137
3.6513745117187497,7.313355712890624,0.2329345703125,1.8107382550335296,0.8695982169058096
2.99773193359375,5.878526611328124,0.2329345703125,1.532885906040246,0.8343051249824958
4.90012451171875,1.0664807128906248,5.3714599609375,2.0832214765100483,0.7549220179852205
4.24648193359375,1.0664807128906248,5.3714599609375,1.8214765100670864,0.7233787899839501
4.90012451171875,7.127901611328125,5.3714599609375,2.319463087248338,0.9640667893975374
4.90012451171875,1.0664807128906248,3.9454345703125004,2.0832214765100483,0.742448576655888
4.24648193359375,7.127901611328125,3.9454345703125004,2.0577181208053466,0.9560848985780916
9.89512451171875,6.063980712890625,0.42145996093750004,4.311409395973464,0.9293987832517561
9.24148193359375,6.063980712890625,0.42145996093750004,4.0496644295304725,0.926117389644539
9.89512451171875,2.1304016113281246,0.42145996093750004,4.202684563758683,0.8481076782417859
9.89512451171875,6.063980712890625,8.8954345703125,4.310067114094269,0.9794964027761138
9.24148193359375,2.1304016113281246,8.8954345703125,3.9557046979868344,0.9353369785485623
7.39762451171875,3.5652307128906244,7.8464599609375,3.2751677852350563,0.9523250848673821
1.74898193359375,3.5652307128906244,7.8464599609375,1.0161073825503224,0.8490983117287434
7.39762451171875,4.629151611328124,7.8464599609375,3.2953020134229787,0.9636455367677792
7.39762451171875,3.5652307128906244,6.4204345703125,3.2751677852350563,0.9505722618235968
1.74898193359375,4.629151611328124,6.4204345703125,1.0362416107382415,0.882087095169416
2.40262451171875,8.562730712890625,2.8964599609375004,1.3275167785234712,0.9381120903332174
6.74398193359375,8.562730712890625,2.8964599609375004,3.064429530201468,0.9728465938753212
2.40262451171875,9.626651611328125,2.8964599609375004,1.331543624161055,0.9450751464683349
2.40262451171875,8.562730712890625,1.4704345703125001,1.3288590604026658,0.9203188783623302
6.74398193359375,9.626651611328125,1.4704345703125001,3.0684563758390526,0.9672129474058473
1.77824951171875,1.6911682128906247,8.4652099609375,0.9315436241610622,0.6615392153689996
9.86585693359375,1.6911682128906247,8.4652099609375,4.167785234899617,0.9223238802457503
1.77824951171875,2.755089111328125,8.4652099609375,1.004026845637571,0.8050416688530684
1.77824951171875,1.6911682128906247,0.8516845703125,0.8644295302013318,0.540736173061101
9.86585693359375,2.755089111328125,0.8516845703125,4.242953020134528,0.900929313870017
6.77324951171875,6.688668212890624,3.5152099609375003,3.065771812080663,0.9673679994101764
4.87085693359375,6.688668212890624,3.5152099609375003,2.304697986577195,0.9566892946050773
6.77324951171875,7.752589111328124,3.5152099609375003,3.072483221476637,0.9720160048009552
6.77324951171875,6.688668212890624,5.8016845703125,3.065771812080663,0.971502296861334
4.87085693359375,7.752589111328124,5.8016845703125,2.311409395973169,0.967520880837146
9.27074951171875,4.189918212890625,5.9902099609374995,4.037583892617719,0.965441223545475
7.36835693359375,4.189918212890625,5.9902099609374995,3.276510067114251,0.9574136306990685
9.27074951171875,5.253839111328125,5.9902099609374995,4.052348993288862,0.9726550760487204
9.27074951171875,4.189918212890625,8.2766845703125,4.037583892617719,0.9674820746862361
7.36835693359375,5.253839111328125,8.2766845703125,3.291275167785394,0.9682784724526268
4.27574951171875,9.187418212890625,1.0402099609375002,2.0805369127516586,0.9412433912895666
2.3733569335937497,9.187418212890625,1.0402099609375002,1.3194630872483035,0.9133049903238274
4.27574951171875,0.256339111328125,1.0402099609375002,0.4214765100671116,0.05149787988376628
4.27574951171875,9.187418212890625,3.3266845703125,2.079194630872464,0.964548211329029
2.3733569335937497,0.256339111328125,3.3266845703125,0.41073825503355477,0.05354066619756799
3.02699951171875,2.9405432128906246,4.7527099609375,1.5100671140939377,0.8657597339237171
1.12460693359375,2.9405432128906246,4.7527099609375,0.7449664429530118,0.7211390869427836
3.02699951171875,1.5057141113281247,4.7527099609375,1.4147651006711206,0.7364860782228995
3.02699951171875,2.9405432128906246,2.0891845703125003,1.512751677852327,0.8361044525032659
1.12460693359375,1.5057141113281247,2.0891845703125003,0.5221476510067071,0.346543980813472
8.02199951171875,7.938043212890625,9.7027099609375,3.5731543624163082,0.9815851957708943
6.11960693359375,7.938043212890625,9.7027099609375,2.8107382550336455,0.9762082206119569
8.02199951171875,6.503214111328124,9.7027099609375,3.5637583892619444,0.9771018021624178
8.02199951171875,7.938043212890625,7.0391845703125,3.5731543624163082,0.9804819557050837
6.11960693359375,6.503214111328124,7.0391845703125,2.8026845637584765,0.9691057419740956
5.52449951171875,0.44179321289062495,2.2777099609375,1.7503355704697723,0.4289059332888254
3.62210693359375,0.44179321289062495,2.2777099609375,0.7046979865771736,0.18170537017631522
5.52449951171875,9.001964111328125,2.2777099609375,2.57852348993294,0.9663445108926494
5.52449951171875,0.44179321289062495,9.5141845703125,1.8832214765100384,0.49654799095397706
3.62210693359375,9.001964111328125,9.5141845703125,1.816107382550308,0.9673251335739361
0.52949951171875,5.439293212890624,7.2277099609375,0.5543624161073777,0.7882315406918284
8.61710693359375,5.439293212890624,7.2277099609375,3.79328859060426,0.9728961070513723
0.52949951171875,4.004464111328125,7.2277099609375,0.5194630872483179,0.6727811785870565
0.52949951171875,5.439293212890624,4.5641845703124995,0.5516778523489885,0.7726725397069588
8.61710693359375,4.004464111328125,4.5641845703124995,3.7731543624163377,0.958796862803434
0.37340576171875,2.7843713378906245,8.9292724609375,0.4228187919463062,0.44908996344472996
6.5878881835937495,2.7843713378906245,8.9292724609375,2.9275167785235956,0.9333027783690402
0.37340576171875,7.284073486328125,8.9292724609375,0.5046979865771772,0.8240606809359337
0.37340576171875,2.7843713378906245,3.4813720703125,0.4214765100671116,0.43325926789154995
6.5878881835937495,7.284073486328125,3.4813720703125,2.995973154362532,0.9693600702889537
5.3684057617187495,7.781871337890625,3.9792724609375,2.510067114094004,0.9670776099712881
1.59288818359375,7.781871337890625,3.9792724609375,0.9999999999999871,0.9185399036174677
5.3684057617187495,2.2865734863281246,3.9792724609375,2.4174496644295607,0.8865028592721451
5.3684057617187495,7.781871337890625,8.4313720703125,2.510067114094004,0.9722312905020589
1.59288818359375,2.2865734863281246,8.4313720703125,0.9073825503355593,0.7374183122811042
7.86590576171875,0.285621337890625,6.4542724609375,2.3395973154362606,0.42628024442600315
9.08538818359375,0.285621337890625,6.4542724609375,2.910067114094063,0.4971397842507911
7.86590576171875,4.785323486328124,6.4542724609375,3.4845637583894495,0.9655125048338635
7.86590576171875,0.285621337890625,5.9563720703125,2.330201342281897,0.42305632808160426
9.08538818359375,4.785323486328124,5.9563720703125,3.973154362416367,0.969347036429328
2.87090576171875,5.283121337890624,1.5042724609375002,1.4939597315436024,0.8898331669265012
4.09038818359375,5.283121337890624,1.5042724609375002,1.9825503355704392,0.9142149604317427
2.87090576171875,9.782823486328125,1.5042724609375002,1.5194630872483,0.9379501263639083
2.87090576171875,5.283121337890624,1.0063720703125,1.4939597315436024,0.8737168060150328
4.09038818359375,9.782823486328125,1.0063720703125,2.008053691275138,0.9416959301109149
4.11965576171875,1.5349963378906248,2.7417724609375003,1.8563758389261462,0.7755980496710695
2.8416381835937496,1.5349963378906248,2.7417724609375003,1.338255033557028,0.7019420723113265
4.11965576171875,8.533448486328124,2.7417724609375003,2.014765100671112,0.9579784880137734
4.11965576171875,1.5349963378906248,4.7188720703125,1.8563758389261462,0.7984854409679376
2.8416381835937496,8.533448486328124,4.7188720703125,1.50201342281877,0.9521080768128626
9.11465576171875,6.532496337890624,7.6917724609375,4.001342281879459,0.9789794548470678
7.83663818359375,6.532496337890624,7.6917724609375,3.489932885906229,0.9758058857068215
9.11465576171875,3.5359484863281248,7.6917724609375,3.9624161073828086,0.9602264399248381
9.11465576171875,6.532496337890624,9.6688720703125,4.001342281879459,0.9797870270339888
7.83663818359375,3.5359484863281248,9.6688720703125,3.449664429530384,0.9557323002833512
6.61715576171875,4.033746337890625,0.2667724609375,2.9583892617450767,0.8616803446346035
0.34413818359375004,4.033746337890625,0.2667724609375,0.4228187919463062,0.4903602117767359
6.61715576171875,1.0371984863281247,0.2667724609375,2.634899328859123,0.6578863931372363
6.61715576171875,4.033746337890625,7.1938720703125,2.9731543624162198,0.9529616192255989
0.34413818359375004,1.0371984863281247,7.1938720703125,0.40536912751677634,0.1982190711313258
1.62215576171875,9.031246337890625,5.2167724609374995,1.0161073825503224,0.9350073076684438
5.33913818359375,9.031246337890625,5.2167724609374995,2.5033557046980297,0.9735701211773472
1.62215576171875,6.034698486328124,5.2167724609374995,0.9999999999999871,0.9017422356574283
1.62215576171875,9.031246337890625,2.2438720703125004,1.017449664429517,0.9172797391423035
5.33913818359375,6.034698486328124,2.2438720703125004,2.4872483221476918,0.9478166994267391
2.2465307617187498,0.9103088378906249,0.8855224609375,0.7489932885905957,0.32667355668915665
8.46101318359375,0.9103088378906249,0.8855224609375,3.4241610738256822,0.7342823933687561
2.2465307617187498,1.6618859863281248,0.8855224609375,1.0671140939597175,0.6019416752143192
2.2465307617187498,0.9103088378906249,0.38762207031250007,0.6805369127516707,0.2808533355685099
8.46101318359375,1.6618859863281248,0.38762207031250007,3.5691275167787238,0.7969619694881083
7.24153076171875,5.907808837890625,5.8355224609375,3.246979865771965,0.9694898423390754
3.4660131835937498,5.907808837890625,5.8355224609375,1.7355704697986316,0.9428085553062389
7.24153076171875,6.659385986328124,5.8355224609375,3.253691275167939,0.9731841811436621
7.24153076171875,5.907808837890625,5.3376220703124995,3.246979865771965,0.9688605125320184
3.4660131835937498,6.659385986328124,5.3376220703124995,1.7422818791946046,0.9486545927830952
9.73903076171875,3.409058837890625,3.3605224609375,4.209395973154657,0.9526841902612759
5.96351318359375,3.409058837890625,3.3605224609375,2.6993288590604747,0.9270675918157916
9.73903076171875,9.158135986328125,3.3605224609375,4.26577181208084,0.9828195024167254
9.73903076171875,3.409058837890625,7.8126220703125,4.208053691275462,0.9611487040637577
5.96351318359375,9.158135986328125,7.8126220703125,2.7543624161074627,0.9784464582899433
4.74403076171875,8.406558837890625,8.3105224609375,2.2630872483221554,0.9714332896108919
0.96851318359375,8.406558837890625,8.3105224609375,0.7530201342281795,0.9142126140255553
4.74403076171875,4.160635986328124,8.3105224609375,2.2255033557047,0.9405933782781457
4.74403076171875,8.406558837890625,2.8626220703125003,2.2630872483221554,0.9623768440577498
0.96851318359375,4.160635986328124,2.8626220703125003,0.7140939597315359,0.7718473010869529
3.49528076171875,4.658433837890625,7.0730224609375,1.734228187919437,0.9303986032532916
2.21726318359375,4.658433837890625,7.0730224609375,1.2228187919462918,0.9019475447383372
3.49528076171875,2.9112609863281245,7.0730224609375,1.6953020134227934,0.8874443335275011
3.49528076171875,4.658433837890625,1.6251220703125002,1.7369127516778262,0.8950973047955089
2.21726318359375,2.9112609863281245,1.6251220703125002,1.1825503355704536,0.7820201850157381
8.49028076171875,9.655933837890625,2.1230224609375004,3.7677852348995584,0.9777536953473143
7.21226318359375,9.655933837890625,2.1230224609375004,3.2563758389263286,0.9743149612669946
8.49028076171875,7.908760986328124,2.1230224609375004,3.7610738255035843,0.9728361406726563
8.49028076171875,9.655933837890625,6.5751220703125,3.7677852348995584,0.9848028046964491
7.21226318359375,7.908760986328124,6.5751220703125,3.2483221476511597,0.9779878960663699
5.99278076171875,2.1596838378906247,9.5480224609375,2.657718120805435,0.906929620106846
4.71476318359375,2.1596838378906247,9.5480224609375,2.1463087248322053,0.8856230991011234
5.99278076171875,5.410010986328125,9.5480224609375,2.7422818791947092,0.9637494232353078
5.99278076171875,2.1596838378906247,9.0501220703125,2.657718120805435,0.9062485429621734
4.71476318359375,5.410010986328125,9.0501220703125,2.2308724832214795,0.9550443848739214
0.9977807617187501,7.157183837890624,4.5980224609375,0.7583892617449579,0.8871475302881466
9.70976318359375,7.157183837890624,4.5980224609375,4.244295302013723,0.979803826547169
0.9977807617187501,0.412510986328125,4.5980224609375,0.40671140939597095,0.08464967635055343
0.9977807617187501,7.157183837890624,4.1001220703125,0.7583892617449579,0.8840401682947718
9.70976318359375,0.412510986328125,4.1001220703125,3.5570469798659703,0.6486931801207518
0.68559326171875,2.472027587890625,6.1448974609375,0.4979865771812042,0.49225941285139607
0.03195068359375,2.472027587890625,6.1448974609375,0.3999999999999979,0.39077560695181623
0.68559326171875,9.470479736328125,6.1448974609375,0.6442953020134163,0.9055194875847483
0.68559326171875,2.472027587890625,6.8844970703124995,0.4993288590603988,0.4958845708662228
0.03195068359375,9.470479736328125,6.8844970703124995,0.40402684563758173,0.7902652783122639
5.68059326171875,7.469527587890624,1.1948974609375,2.634899328859123,0.9464260738678782
5.02695068359375,7.469527587890624,1.1948974609375,2.3731543624161313,0.941018673858306
5.68059326171875,4.472979736328124,1.1948974609375,2.609395973154421,0.9141756860753902
5.68059326171875,7.469527587890624,1.9344970703125002,2.633557046979928,0.957344297926852
5.02695068359375,4.472979736328124,1.9344970703125002,2.3463087248322347,0.9222720521782986
8.17809326171875,4.970777587890624,8.6198974609375,3.6120805369129583,0.9696656759321101
2.52945068359375,4.970777587890624,8.6198974609375,1.351677852348974,0.9192211397300125
8.17809326171875,1.9742297363281247,8.6198974609375,3.5181208053693203,0.9214204204901129
8.17809326171875,4.970777587890624,4.4094970703125,3.6120805369129583,0.965034417873919
2.52945068359375,1.9742297363281247,4.4094970703125,1.26308724832213,0.7665864619958243
3.1830932617187497,9.968277587890626,3.6698974609375004,1.6442953020133984,0.9599729507895316
7.52445068359375,9.968277587890626,3.6698974609375004,3.3825503355706426,0.9807239295610253
3.1830932617187497,6.9717297363281245,3.6698974609375004,1.6308724832214523,0.9422314491452757
3.1830932617187497,9.968277587890626,9.3594970703125,1.6442953020133984,0.9675380280961069
7.52445068359375,6.9717297363281245,9.3594970703125,3.3677852348994994,0.977294762633846
4.4318432617187495,3.7214025878906245,2.4323974609375,2.0953020134228018,0.9056207033283326
8.77320068359375,3.7214025878906245,2.4323974609375,3.8308724832217154,0.9467791500874927
4.4318432617187495,5.722354736328125,2.4323974609375,2.1221476510066983,0.9380220064459446
4.4318432617187495,3.7214025878906245,5.6469970703125,2.092617449664412,0.9245810020533201
8.77320068359375,5.722354736328125,5.6469970703125,3.8590604026848068,0.9734376814334968
9.42684326171875,8.718902587890625,7.3823974609375,4.138255033557331,0.9849203949389821
3.77820068359375,8.718902587890625,7.3823974609375,1.87785234899326,0.9660439082110609
9.42684326171875,0.7248547363281249,7.3823974609375,3.7583892617451946,0.806650274349453
9.42684326171875,8.718902587890625,0.6969970703125,4.140939597315721,0.9581450501651303
3.77820068359375,0.7248547363281249,0.6969970703125,1.2885906040268276,0.4269634366361151
6.92934326171875,1.2226525878906247,4.9073974609375,2.9288590604027904,0.8381507854696058
6.27570068359375,1.2226525878906247,4.9073974609375,2.6684563758389936,0.8238527580788493
6.92934326171875,3.2236047363281246,4.9073974609375,3.0791946308726112,0.9385708954467807
6.92934326171875,1.2226525878906247,3.1719970703125,2.932885906040375,0.8227579791289465
6.27570068359375,3.2236047363281246,3.1719970703125,2.8187919463088145,0.9247915886949273
1.9343432617187502,6.220152587890625,9.8573974609375,1.1261744966442802,0.9241561639583491
1.28070068359375,6.220152587890625,9.8573974609375,0.8644295302013318,0.9010672990452904
1.9343432617187502,8.221104736328126,9.8573974609375,1.136912751677837,0.9427853731994851
1.9343432617187502,6.220152587890625,8.1219970703125,1.1261744966442802,0.9219571503398085
1.28070068359375,8.221104736328126,8.1219970703125,0.8765100671140833,0.9242483324412081
1.30996826171875,4.346090087890625,4.2886474609375,0.8563758389261642,0.8345896730324212
4.40257568359375,4.346090087890625,4.2886474609375,2.092617449664412,0.930949560160884
1.30996826171875,3.8482922363281244,4.2886474609375,0.8483221476509966,0.8121786850185069
1.30996826171875,4.346090087890625,9.9782470703125,0.8550335570469696,0.8561236542591195
4.40257568359375,3.8482922363281244,9.9782470703125,2.0832214765100483,0.9333401710093252
6.30496826171875,9.343590087890625,9.2386474609375,2.891275167785335,0.9804537605282717
9.39757568359375,9.343590087890625,9.2386474609375,4.189261744966735,0.9865881940429937
6.30496826171875,8.845792236328125,9.2386474609375,2.8899328859061404,0.9793565700637401
6.30496826171875,9.343590087890625,5.0282470703125,2.891275167785335,0.9777943294734466
9.39757568359375,8.845792236328125,5.0282470703125,4.1275167785237725,0.9837325372655066
8.80246826171875,1.8473400878906248,1.8136474609375002,3.7651006711411688,0.8840358641401158
1.9050756835937501,1.8473400878906248,1.8136474609375002,0.9785234899328734,0.6399750930920862
8.80246826171875,6.347042236328124,1.8136474609375002,3.8765100671143395,0.9647306186196641
8.80246826171875,1.8473400878906248,2.5532470703125,3.762416107382779,0.8962848727540202
1.9050756835937501,6.347042236328124,2.5532470703125,1.116778523489918,0.8985852244056036
3.80746826171875,6.844840087890624,6.7636474609374995,1.8791946308724545,0.9556900411595138
6.90007568359375,6.844840087890624,6.7636474609374995,3.1181208053692613,0.9736021117173057
3.80746826171875,1.3495422363281249,6.7636474609374995,1.703355704697961,0.7682359588854268
3.80746826171875,6.844840087890624,7.5032470703125,1.8791946308724545,0.9565217970725366
6.90007568359375,1.3495422363281249,7.5032470703125,2.9369127516779594,0.8629019034023602
2.55871826171875,0.597965087890625,8.001147460937501,0.6617449664429462,0.23505940601762326
5.6513256835937495,0.597965087890625,8.001147460937501,2.1597315436241535,0.6322725171328969
2.55871826171875,0.10016723632812499,8.001147460937501,0.40402684563758173,0.021689196871795796
2.55871826171875,0.597965087890625,8.7407470703125,0.6671140939597247,0.2381388207292104
5.6513256835937495,0.10016723632812499,8.7407470703125,0.41073825503355477,0.022134841017489814
7.55371826171875,5.5954650878906245,3.0511474609375,3.370469798657889,0.9629381334282343
0.65632568359375,5.5954650878906245,3.0511474609375,0.6067114093959673,0.7945390045905842
7.55371826171875,5.097667236328125,3.0511474609375,3.36510067114111,0.9592413336192087
7.55371826171875,5.5954650878906245,3.7907470703125004,3.3691275167786943,0.9652706441670653
0.65632568359375,5.097667236328125,3.7907470703125004,0.6013422818791889,0.780175639808334
5.05621826171875,3.0967150878906247,5.5261474609375,2.3261744966443123,0.9182461193344007
8.14882568359375,3.0967150878906247,5.5261474609375,3.5637583892619444,0.9461689652997907
5.05621826171875,7.596417236328124,5.5261474609375,2.38389261744969,0.9673347511993138
5.05621826171875,3.0967150878906247,1.3157470703125,2.330201342281897,0.8749085809313153
8.14882568359375,7.596417236328124,1.3157470703125,3.622818791946517,0.9627745975537172
0.06121826171875,8.094215087890625,0.5761474609375,0.40536912751677634,0.7066344718830517
3.15382568359375,8.094215087890625,0.5761474609375,1.6255033557046739,0.8976739985230973
0.06121826171875,2.5989172363281248,0.5761474609375,0.4013422818791925,0.3829399258276783
0.06121826171875,8.094215087890625,6.2657470703125,0.40671140939597095,0.7504069242538705
3.15382568359375,2.5989172363281248,6.2657470703125,1.5476510067113867,0.8603481445916361
0.08072998046874999,3.1162365722656244,3.9986083984375003,0.4026845637583871,0.4544900990193169
5.31962646484375,3.1162365722656244,3.9986083984375003,2.432214765100704,0.9160224898738535
0.08072998046874999,0.9786340332031249,3.9986083984375003,0.3999999999999979,0.18304935685296497
0.08072998046874999,3.1162365722656244,5.0475830078124995,0.40402684563758173,0.4596711936516883
5.31962646484375,0.9786340332031249,5.0475830078124995,2.226845637583895,0.748996778470167
5.07572998046875,8.113736572265625,8.9486083984375,2.3946308724832486,0.9723844944221218
0.32462646484375,8.113736572265625,8.9486083984375,0.48993288590603656,0.8358159599342434
5.07572998046875,5.976134033203125,8.9486083984375,2.3812080536913003,0.9619629489000338
5.07572998046875,8.113736572265625,9.9975830078125,2.3946308724832486,0.9728500072653534
0.32462646484375,5.976134033203125,9.9975830078125,0.46442953020133904,0.7373302559682366
7.57322998046875,0.617486572265625,1.5236083984375002,2.9033557046980887,0.6467284477452637
7.81712646484375,0.617486572265625,1.5236083984375002,3.004026845637701,0.6550406439822787
7.57322998046875,8.474884033203125,1.5236083984375002,3.3973154362417857,0.9671530566304851
7.57322998046875,0.617486572265625,7.5225830078125,2.947651006711518,0.7245136515962411
7.81712646484375,8.474884033203125,7.5225830078125,3.4926174496646185,0.9814698695879416
2.5782299804687496,5.614986572265624,6.4736083984374995,1.3785234899328662,0.9263553438335248
2.8221264648437496,5.614986572265624,6.4736083984374995,1.4765100671140725,0.9312684203408129
2.5782299804687496,3.4773840332031245,6.4736083984374995,1.3463087248321957,0.8797906974602012
2.5782299804687496,5.614986572265624,2.5725830078125003,1.3798657718120608,0.9068595376267063
2.8221264648437496,3.4773840332031245,2.5725830078125003,1.4456375838925966,0.8610142721836297
3.82697998046875,1.8668615722656248,7.7111083984375,1.7704697986576914,0.837393527163087
4.070876464843749,1.8668615722656248,7.7111083984375,1.8684563758388977,0.84565654639618
3.82697998046875,4.726759033203124,7.7111083984375,1.867114093959703,0.9369643491967421
3.82697998046875,1.8668615722656248,3.8100830078125,1.7744966442952752,0.8163980918388047
4.070876464843749,4.726759033203124,3.8100830078125,1.966442953020104,0.930445261664509
8.82197998046875,6.864361572265624,2.7611083984375,3.887248322147898,0.9727582593814061
9.06587646484375,6.864361572265624,2.7611083984375,3.9852348993291207,0.9734686502344508
8.82197998046875,9.724259033203126,2.7611083984375,3.9006711409398465,0.9809389064502905
8.82197998046875,6.864361572265624,8.7600830078125,3.887248322147898,0.9799917872412359
9.06587646484375,9.724259033203126,8.7600830078125,4.020134228188186,0.986594082626392
6.32447998046875,4.365611572265625,5.2361083984375,2.861744966443049,0.9518406198539375
1.57337646484375,4.365611572265625,5.2361083984375,0.9624161073825381,0.8600648325328182
6.32447998046875,7.225509033203124,5.2361083984375,2.8899328859061404,0.9714202462085779
6.32447998046875,4.365611572265625,6.2850830078125,2.861744966443049,0.953689078561399
1.57337646484375,7.225509033203124,6.2850830078125,0.9879194630872357,0.9196521151813789
1.32947998046875,9.363111572265625,0.2861083984375,0.891275167785224,0.8379465374058697
6.56837646484375,9.363111572265625,0.2861083984375,2.994630872483337,0.9228494193518146
1.32947998046875,2.228009033203125,0.2861083984375,0.7073825503355629,0.5147150397752915
1.32947998046875,9.363111572265625,1.3350830078125002,0.9020134228187808,0.893261041377242
6.56837646484375,2.228009033203125,1.3350830078125002,2.8979865771813094,0.8630770209574036
1.95385498046875,1.2421740722656247,5.8548583984375,0.9114093959731431,0.5451073329926639
9.69025146484375,1.2421740722656247,5.8548583984375,4.034899328859329,0.8855054550119885
1.95385498046875,5.3514465332031245,5.8548583984375,1.1261744966442802,0.9039743729400846
1.95385498046875,1.2421740722656247,1.9538330078125001,0.8657718120805264,0.4870535813891534
9.69025146484375,5.3514465332031245,1.9538330078125001,4.222818791946605,0.9629202421313763
6.94885498046875,6.2396740722656245,0.9048583984375,3.135570469798794,0.9379947408552973
4.69525146484375,6.2396740722656245,0.9048583984375,2.233557046979869,0.9173031085680587
6.94885498046875,0.35394653320312497,0.9048583984375,1.904697986577152,0.36219731343204686
6.94885498046875,6.2396740722656245,6.9038330078125,3.1328859060404044,0.9711520497959155
4.69525146484375,0.35394653320312497,6.9038330078125,1.0697986577181067,0.2535985440696662
9.44635498046875,3.7409240722656247,8.3298583984375,4.099328859060681,0.9641222221926169
7.19275146484375,3.7409240722656247,8.3298583984375,3.197315436241756,0.9539306312905363
9.44635498046875,2.8526965332031247,8.3298583984375,4.073825503355979,0.9525312001343176
9.44635498046875,3.7409240722656247,9.3788330078125,4.099328859060681,0.9647750450391035
7.19275146484375,2.8526965332031247,9.3788330078125,3.1718120805370544,0.94019374505194
4.45135498046875,8.738424072265625,3.3798583984375004,2.1476510067114,0.9640585150292116
2.19775146484375,8.738424072265625,3.3798583984375004,1.2456375838926002,0.9383974107877129
4.45135498046875,7.850196533203125,3.3798583984375004,2.1436241610738156,0.9598744772721444
4.45135498046875,8.738424072265625,4.4288330078125,2.1476510067114,0.9668540290532979
2.19775146484375,7.850196533203125,4.4288330078125,1.2416107382550163,0.9362852028537951
3.2026049804687498,4.990299072265625,2.1423583984375,1.6228187919462846,0.9047958866979411
0.94900146484375,4.990299072265625,2.1423583984375,0.7181208053691197,0.7967837149480683
3.2026049804687498,9.099571533203125,2.1423583984375,1.6496644295301768,0.947128612129289
3.2026049804687498,4.990299072265625,0.7163330078125,1.6201342281878954,0.8614669409708406
0.94900146484375,9.099571533203125,0.7163330078125,0.7436241610738172,0.8460226448403121
8.19760498046875,9.987799072265625,7.0923583984375,3.6510067114096083,0.9850189606174945
5.94400146484375,9.987799072265625,7.0923583984375,2.7489932885906834,0.9798575924257644
8.19760498046875,4.102071533203125,7.0923583984375,3.606711409396179,0.961764165201261
8.19760498046875,9.987799072265625,5.6663330078125,3.6510067114096083,0.9842170481118887
5.94400146484375,4.102071533203125,5.6663330078125,2.704697986577254,0.9467009654812848
5.70010498046875,2.4915490722656246,4.6173583984375,2.5610738255034073,0.9044876076409625
3.4465014648437498,2.4915490722656246,4.6173583984375,1.6604026845637336,0.8559412121999296
5.70010498046875,1.6033215332031248,4.6173583984375,2.4953020134228607,0.8518446089720069
5.70010498046875,2.4915490722656246,8.1413330078125,2.5597315436242125,0.9140994817369239
3.4465014648437498,1.6033215332031248,8.1413330078125,1.5932885906040033,0.7941838048840191
0.70510498046875,7.489049072265624,9.5673583984375,0.6429530201342217,0.8870647639646945
8.44150146484375,7.489049072265624,9.5673583984375,3.738255033557272,0.9812166752669857
0.70510498046875,6.600821533203124,9.5673583984375,0.6375838926174433,0.868951217458377
0.70510498046875,7.489049072265624,3.1913330078125,0.6429530201342217,0.859233993462344
8.44150146484375,6.600821533203124,3.1913330078125,3.732885906040493,0.97196931701329
1.01729248046875,2.179205322265625,1.2142333984375002,0.5986577181207997,0.4929883907350846
1.26118896484375,2.179205322265625,1.2142333984375002,0.7194630872483143,0.5648261899190442
1.01729248046875,3.165040283203125,1.2142333984375002,0.6872483221476438,0.6529071695109245
1.01729248046875,2.179205322265625,5.3569580078125,0.6416107382550271,0.574421564589458
1.26118896484375,3.165040283203125,5.3569580078125,0.8107382550335476,0.7693657683580162
6.01229248046875,7.176705322265624,6.1642333984375,2.7651006711410213,0.9710682782571892
6.25618896484375,7.176705322265624,6.1642333984375,2.861744966443049,0.9719139940536472
6.01229248046875,8.162540283203125,6.1642333984375,2.769127516778606,0.9745369401225272
6.01229248046875,7.176705322265624,0.4069580078125,2.7637583892618265,0.9131597292948327
6.25618896484375,8.162540283203125,0.4069580078125,2.8671140939598283,0.9229273304014135
8.50979248046875,4.677955322265625,3.6892333984375,3.7422818791948567,0.9624009503079718
3.75868896484375,4.677955322265625,3.6892333984375,1.840268456375811,0.9242529707320688
8.50979248046875,5.663790283203125,3.6892333984375,3.7530201342284153,0.9690235922238284
8.50979248046875,4.677955322265625,2.8819580078125,3.7422818791948567,0.959209990837814
3.75868896484375,5.663790283203125,2.8819580078125,1.8523489932885624,0.9327829308034036
3.51479248046875,9.675455322265625,8.6392333984375,1.7758389261744698,0.968574278081471
8.75368896484375,9.675455322265625,8.6392333984375,3.8778523489935344,0.9860390067974898
3.51479248046875,0.666290283203125,8.6392333984375,1.3100671140939413,0.49480031160655025
3.51479248046875,9.675455322265625,7.8319580078125,1.7758389261744698,0.9680460076706542
8.75368896484375,0.666290283203125,7.8319580078125,3.4536912751679685,0.7769097642884851
4.76354248046875,3.4285803222656246,7.4017333984375,2.217449664429531,0.9264257606412866
7.50493896484375,3.4285803222656246,7.4017333984375,3.315436241610901,0.9506299535419123
4.76354248046875,1.9156652832031247,7.4017333984375,2.148993288590595,0.8673084372025492
4.76354248046875,3.4285803222656246,6.5944580078124995,2.217449664429531,0.9249144278556081
7.50493896484375,1.9156652832031247,6.5944580078124995,3.24563758389277,0.908816231738474
9.75854248046875,8.426080322265625,2.4517333984375003,4.271140939597619,0.9789141885371864
2.50993896484375,8.426080322265625,2.4517333984375003,1.3704697986576986,0.9355235158832573
9.75854248046875,6.913165283203124,2.4517333984375003,4.26308724832245,0.9742052517263208
9.75854248046875,8.426080322265625,1.6444580078125002,4.271140939597619,0.9745252367984467
2.50993896484375,6.913165283203124,1.6444580078125002,1.362416107382531,0.9089845245040171
7.26104248046875,0.9298303222656249,9.8767333984375,2.9812080536913887,0.8159843751917417
5.00743896484375,0.9298303222656249,9.8767333984375,2.0818791946308535,0.743513455759649
7.26104248046875,9.411915283203125,9.8767333984375,3.2738255033558614,0.983108932078483
7.26104248046875,0.9298303222656249,4.1194580078125,2.987919463087363,0.7904245499269384
5.00743896484375,9.411915283203125,4.1194580078125,2.3731543624161313,0.971719705109207
2.26604248046875,5.927330322265624,4.9267333984374995,1.256375838926157,0.9189894190701726
0.01243896484375,5.927330322265624,4.9267333984374995,0.3999999999999979,0.65375512344738
2.26604248046875,4.414415283203125,4.9267333984374995,1.2389261744966271,0.8905250732347944
2.26604248046875,5.927330322265624,9.0694580078125,1.256375838926157,0.9276941275574235
0.01243896484375,4.414415283203125,9.0694580078125,0.3999999999999979,0.5719155158873499
1.64166748046875,4.053267822265624,9.2579833984375,0.9825503355704572,0.8654730905786681
3.13431396484375,4.053267822265624,9.2579833984375,1.5798657718120572,0.9161265847362622
1.64166748046875,7.537852783203125,9.2579833984375,1.017449664429517,0.9301242135061938
1.64166748046875,4.053267822265624,8.4507080078125,0.9838926174496518,0.8643614666780719
3.13431396484375,7.537852783203125,8.4507080078125,1.614765100671117,0.955221793291261
6.63666748046875,9.050767822265625,4.3079833984375,3.0228187919464284,0.9770972682641883
8.12931396484375,9.050767822265625,4.3079833984375,3.621476510067322,0.9811039246653257
6.63666748046875,2.5403527832031245,4.3079833984375,2.9369127516779594,0.9162661050946785
6.63666748046875,9.050767822265625,3.5007080078125004,3.0241610738256233,0.9757794749183815
8.12931396484375,2.5403527832031245,3.5007080078125004,3.535570469798853,0.9261222233027933
9.13416748046875,1.5545178222656248,6.7829833984375,3.8604026845640016,0.9060574030476419
0.63681396484375,1.5545178222656248,6.7829833984375,0.4228187919463062,0.28967132025294345
9.13416748046875,0.04160278320312499,6.7829833984375,0.40671140939597095,0.009100858824494604
9.13416748046875,1.5545178222656248,1.0257080078125,3.864429530201586,0.8419764296712481
0.63681396484375,0.04160278320312499,1.0257080078125,0.3999999999999979,0.008514038245047194
4.13916748046875,6.552017822265625,1.8329833984375001,2.0120805369127224,0.9360414067747959
5.63181396484375,6.552017822265625,1.8329833984375001,2.609395973154421,0.9500858670086167
4.13916748046875,5.039102783203124,1.8329833984375001,1.9986577181207745,0.9176310757139541
4.13916748046875,6.552017822265625,5.9757080078125,2.0107382550335275,0.9558065450686998
5.63181396484375,5.039102783203124,5.9757080078125,2.594630872483278,0.9554487865755721
2.89041748046875,0.305142822265625,3.0704833984375,0.4174496644295278,0.06398411021226352
6.88056396484375,0.305142822265625,3.0704833984375,1.8550335570469516,0.35482235324654887
2.89041748046875,6.288477783203124,3.0704833984375,1.5100671140939377,0.9275259021917188
2.89041748046875,0.305142822265625,9.6882080078125,0.420134228187917,0.06754404844454275
6.88056396484375,6.288477783203124,9.6882080078125,3.106040268456508,0.9727767049930753
7.88541748046875,5.302642822265624,8.0204833984375,3.4993288590605927,0.9703930751498457
1.88556396484375,5.302642822265624,8.0204833984375,1.0979865771811934,0.9059758251961212
7.88541748046875,1.2909777832031248,8.0204833984375,3.3208053691276804,0.8739710382244289
7.88541748046875,5.302642822265624,4.7382080078125,3.4993288590605927,0.9668848537085993
1.88556396484375,1.2909777832031248,4.7382080078125,0.8885906040268348,0.5408241301768669
5.38791748046875,2.8038928222656248,0.5954833984375,2.4416107382550676,0.8335851534497056
9.37806396484375,2.8038928222656248,0.5954833984375,4.045637583892888,0.8842544066554059
5.38791748046875,3.7897277832031246,0.5954833984375,2.4751677852349383,0.8677622366789888
5.38791748046875,2.8038928222656248,2.2632080078125,2.452348993288626,0.8913750326428027
9.37806396484375,3.7897277832031246,2.2632080078125,4.075167785235174,0.9494487916630858
0.39291748046875,7.801392822265624,5.5454833984375,0.5167785234899287,0.835351325492117
4.38306396484375,7.801392822265624,5.5454833984375,2.115436241610724,0.9641483123657102
0.39291748046875,8.787227783203125,5.5454833984375,0.5234899328859017,0.8607925139648847
0.39291748046875,7.801392822265624,7.2132080078125,0.5181208053691233,0.8430702483040411
4.38306396484375,8.787227783203125,7.2132080078125,2.1194630872483087,0.969924956716397
0.54901123046875,0.46131469726562496,8.1751708984375,0.40402684563758173,0.09522184358820805
0.16853271484375001,0.46131469726562496,8.1751708984375,0.4013422818791925,0.09471458419933078
0.54901123046875,2.384180908203125,8.1751708984375,0.4375838926174469,0.41780553756758165
0.54901123046875,0.46131469726562496,5.8210205078124995,0.40402684563758173,0.09426955491033545
0.16853271484375001,2.384180908203125,5.8210205078124995,0.40671140939597095,0.3853962465109077
5.54401123046875,5.458814697265624,3.2251708984375003,2.563758389261797,0.9509385230195027
5.1635327148437495,5.458814697265624,3.2251708984375003,2.4120805369127813,0.9480072354367001
5.54401123046875,7.3816809082031245,3.2251708984375003,2.57852348993294,0.9639410829850827
5.54401123046875,5.458814697265624,0.8710205078125,2.5664429530201867,0.9160910584672941
5.1635327148437495,7.3816809082031245,0.8710205078125,2.4281879194631193,0.9320393788580392
8.04151123046875,2.960064697265625,5.7001708984374995,3.5154362416109306,0.9432168900455717
2.66603271484375,2.960064697265625,5.7001708984374995,1.3664429530201148,0.8583656544486419
8.04151123046875,9.880430908203126,5.7001708984374995,3.5879194630874514,0.9837349080443907
8.04151123046875,2.960064697265625,3.3460205078125003,3.5167785234901254,0.9350820639508528
2.66603271484375,9.880430908203126,3.3460205078125003,1.437583892617429,0.952649050834107
3.04651123046875,7.957564697265624,0.7501708984375,1.5825503355704464,0.9037107657388489
7.66103271484375,7.957564697265624,0.7501708984375,3.4308724832216564,0.9488676063102719
3.04651123046875,4.882930908203124,0.7501708984375,1.557046979865749,0.8571143844812876
3.04651123046875,7.957564697265624,8.2960205078125,1.5812080536912518,0.9564421080481497
7.66103271484375,4.882930908203124,8.2960205078125,3.40402684563776,0.9669783642387534
4.29526123046875,4.2094396972656245,4.4626708984375,2.046979865771788,0.9278500178405009
8.90978271484375,4.2094396972656245,4.4626708984375,3.8939597315438723,0.9617992117084582
4.29526123046875,3.6335559082031246,4.4626708984375,2.0362416107382293,0.916447943431449
4.29526123046875,4.2094396972656245,7.0585205078125,2.046979865771788,0.9345209399528799
8.90978271484375,3.6335559082031246,7.0585205078125,3.881879194631119,0.9597957756678397
9.29026123046875,9.206939697265625,9.4126708984375,4.134228187919747,0.9862268698010392
3.9147827148437497,9.206939697265625,9.4126708984375,1.9342281879194334,0.9700613734290964
9.29026123046875,8.631055908203125,9.4126708984375,4.089932885906317,0.985179850599314
9.29026123046875,9.206939697265625,2.1085205078125,4.087248322147928,0.9784956861801413
3.9147827148437497,8.631055908203125,2.1085205078125,1.9328859060402388,0.9519299006382929
6.79276123046875,1.7106896972656247,1.9876708984375002,2.947651006711518,0.8508777112937399
6.41228271484375,1.7106896972656247,1.9876708984375002,2.7959731543625024,0.8440399678267474
6.79276123046875,6.132305908203125,1.9876708984375002,3.0711409395974423,0.9561692807650517
6.79276123046875,1.7106896972656247,4.5835205078125,2.9436241610739335,0.8802380908104734
6.41228271484375,6.132305908203125,4.5835205078125,2.918120805369232,0.9654865326479067
1.79776123046875,6.708189697265625,6.9376708984375,1.075167785234885,0.9221852854992579
1.4172827148437501,6.708189697265625,6.9376708984375,0.9234899328858945,0.9096851434603486
1.79776123046875,1.1348059082031248,6.9376708984375,0.7946308724832123,0.4650102982098798
1.79776123046875,6.708189697265625,9.5335205078125,1.075167785234885,0.9260556001214864
1.4172827148437501,1.1348059082031248,9.5335205078125,0.583892617449659,0.34429216424782605
2.42213623046875,3.5847521972656247,1.3689208984375,1.2859060402684384,0.821273592294158
4.53915771484375,3.5847521972656247,1.3689208984375,2.1355704697986466,0.8826564236032861
2.42213623046875,6.756993408203124,1.3689208984375,1.3275167785234712,0.8986275520615952
2.42213623046875,3.5847521972656247,7.6772705078125,1.2859060402684384,0.881227020995613
4.53915771484375,6.756993408203124,7.6772705078125,2.171812080536907,0.9621307906056891
7.41713623046875,8.582252197265625,6.3189208984375,3.3342281879196287,0.9802657057224087
9.53415771484375,8.582252197265625,6.3189208984375,4.181208053691566,0.9843659020687716
7.41713623046875,1.7594934082031248,6.3189208984375,3.1959731543625614,0.8987292121094919
7.41713623046875,8.582252197265625,2.7272705078125004,3.3342281879196287,0.9745633280474667
9.53415771484375,1.7594934082031248,2.7272705078125004,4.046979865772083,0.900670382659639
9.91463623046875,1.0860021972656249,3.8439208984375,4.093959731543902,0.8602583502292513
2.04165771484375,1.0860021972656249,3.8439208984375,0.8751677852348887,0.4743992983561327
9.91463623046875,4.258243408203125,3.8439208984375,4.297986577181516,0.9644374260679814
9.91463623046875,1.0860021972656249,0.25227050781250004,3.9906040268459,0.7367206511460507
2.04165771484375,4.258243408203125,0.25227050781250004,1.1181208053691125,0.7562589467522287
4.9196362304687495,6.0835021972656245,8.7939208984375,2.319463087248338,0.9615088027526892
7.03665771484375,6.0835021972656245,8.7939208984375,3.166442953020275,0.9718983660177309
4.9196362304687495,9.255743408203125,8.7939208984375,2.336912751677871,0.9752655420775387
4.9196362304687495,6.0835021972656245,5.2022705078125,2.319463087248338,0.9574057994613083
7.03665771484375,9.255743408203125,5.2022705078125,3.183892617449808,0.9798744979377454
3.6708862304687497,2.3353771972656245,5.0814208984375,1.74093959731541,0.8562859285208215
5.78790771484375,2.3353771972656245,5.0814208984375,2.587919463087304,0.9014889770087721
3.6708862304687497,8.006368408203125,5.0814208984375,1.8322147651006433,0.9590191893370228
3.6708862304687497,2.3353771972656245,8.9147705078125,1.7395973154362154,0.8689204061759666
5.78790771484375,8.006368408203125,8.9147705078125,2.6791946308725523,0.9750370041476517
8.66588623046875,7.332877197265624,0.13142089843750002,3.8134228187921826,0.9054701353527816
0.79290771484375,7.332877197265624,0.13142089843750002,0.652348993288584,0.7491259808717683
8.66588623046875,3.0088684082031247,0.13142089843750002,3.7261744966445187,0.8385371023574324
8.66588623046875,7.332877197265624,3.9647705078125,3.8281879194633257,0.9772209132074798
0.79290771484375,3.0088684082031247,3.9647705078125,0.5986577181207997,0.635744433378154
6.16838623046875,4.834127197265625,7.5564208984375,2.806711409396061,0.9589286576739511
8.28540771484375,4.834127197265625,7.5564208984375,3.653691275167998,0.9684965744166989
6.16838623046875,0.5101184082031249,7.5564208984375,2.273825503355714,0.5995864140445566
6.16838623046875,4.834127197265625,1.4897705078125,2.808053691275256,0.9317603905553218
8.28540771484375,0.5101184082031249,1.4897705078125,3.059060402684689,0.611680018775058
1.1733862304687501,9.831627197265625,2.6064208984375004,0.8402684563758289,0.9129294057219315
3.29040771484375,9.831627197265625,2.6064208984375004,1.6872483221476258,0.9556363507314383
1.1733862304687501,5.5076184082031245,2.6064208984375004,0.816107382550326,0.8445845256152016
1.1733862304687501,9.831627197265625,6.4397705078125,0.8389261744966343,0.9307704155148264
3.29040771484375,5.5076184082031245,6.4397705078125,1.6617449664429282,0.9372994597209634
0.8611987304687501,4.521783447265625,6.6282958984375,0.6791946308724761,0.8073913911956081
6.72447021484375,4.521783447265625,6.6282958984375,3.0241610738256233,0.9581246015693511
0.8611987304687501,4.570587158203124,6.6282958984375,0.6791946308724761,0.8093194360138937
0.8611987304687501,4.521783447265625,4.2741455078124995,0.6778523489932815,0.7921425582706214
6.72447021484375,4.570587158203124,4.2741455078124995,3.025503355704818,0.954297198450629
5.8561987304687495,9.519283447265625,1.6782958984375,2.712751677852423,0.9650863821449978
1.72947021484375,9.519283447265625,1.6782958984375,1.061744966442939,0.9156463294058372
5.8561987304687495,9.568087158203125,1.6782958984375,2.714093959731618,0.9654685431089686
5.8561987304687495,9.519283447265625,9.2241455078125,2.712751677852423,0.9795923318544647
1.72947021484375,9.568087158203125,9.2241455078125,1.0604026845637444,0.946952790229475
8.35369873046875,2.023033447265625,9.1032958984375,3.591946308725036,0.9253754370041827
9.22197021484375,2.023033447265625,9.1032958984375,3.9395973154364965,0.9318406141633713
8.35369873046875,7.069337158203124,9.1032958984375,3.700671140939817,0.9796623860689035
8.35369873046875,2.023033447265625,6.7491455078125,3.5932885906042307,0.9219104708359088
9.22197021484375,7.069337158203124,6.7491455078125,4.048322147651278,0.9804230166726381
3.35869873046875,7.020533447265624,4.1532958984374995,1.7020134228187664,0.9470199670351634
4.22697021484375,7.020533447265624,4.1532958984374995,2.0496644295301776,0.9559653198737303
3.35869873046875,2.0718371582031248,4.1532958984374995,1.601342281879171,0.8192784164918439
3.35869873046875,7.020533447265624,1.7991455078125,1.703355704697961,0.9295526526216946
4.22697021484375,2.0718371582031248,1.7991455078125,1.948993288590574,0.8148048844913948
4.60744873046875,0.7736584472656249,0.4407958984375,1.665771812080512,0.5007882315596524
2.9782202148437498,0.7736584472656249,0.4407958984375,0.9154362416107269,0.3312083469482041
4.60744873046875,0.822462158203125,0.4407958984375,1.7087248322147395,0.5229236521293726
4.60744873046875,0.7736584472656249,3.0366455078125,1.8375838926174217,0.6173905274638676
2.9782202148437498,0.822462158203125,3.0366455078125,1.1516778523489777,0.48262220459042504
9.60244873046875,5.771158447265624,5.3907958984375,4.1906040268459295,0.9754404088222501
7.97322021484375,5.771158447265624,5.3907958984375,3.5395973154364375,0.9709688081277037
9.60244873046875,5.819962158203125,5.3907958984375,4.191946308725124,0.9757540272917069
9.60244873046875,5.771158447265624,7.9866455078125,4.1906040268459295,0.9773789824923454
7.97322021484375,5.819962158203125,7.9866455078125,3.5395973154364375,0.9733994748976824
7.10494873046875,3.2724084472656245,2.9157958984375,3.151677852349132,0.9315842669887724
0.48072021484375,3.2724084472656245,2.9157958984375,0.44832214765100376,0.5052094050912521
7.10494873046875,8.318712158203125,2.9157958984375,3.208053691275315,0.9733881853871593
7.10494873046875,3.2724084472656245,5.5116455078125,3.150335570469937,0.9422807119878744
0.48072021484375,8.318712158203125,5.5116455078125,0.5570469798657669,0.8657342354511721
2.1099487304687496,8.269908447265625,7.8657958984375,1.2080536912751512,0.9448004548320899
5.47572021484375,8.269908447265625,7.8657958984375,2.555704697986628,0.9741585297323235
2.1099487304687496,3.3212121582031244,7.8657958984375,1.154362416107367,0.8580491561179204
2.1099487304687496,8.269908447265625,0.5616455078125,1.2067114093959566,0.8746819310192555
5.47572021484375,3.3212121582031244,0.5616455078125,2.4953020134228607,0.8525549203144908
1.48557373046875,1.3983459472656248,3.5345458984375,0.7127516778523413,0.46779360351372523
8.59759521484375,1.3983459472656248,3.5345458984375,3.628187919463296,0.8735912972849579
1.48557373046875,8.943399658203125,3.5345458984375,0.9624161073825381,0.9239306691969407
1.48557373046875,1.3983459472656248,2.4178955078125,0.696644295302006,0.4468716195994217
8.59759521484375,8.943399658203125,2.4178955078125,3.8080536912754033,0.9775436534578309
6.48057373046875,6.395845947265625,8.4845458984375,2.946308724832323,0.9711002319575214
3.60259521484375,6.395845947265625,8.4845458984375,1.7946308724831943,0.9523715392665189
6.48057373046875,3.9458996582031247,8.4845458984375,2.916778523490037,0.9523126830176101
6.48057373046875,6.395845947265625,7.3678955078124995,2.946308724832323,0.9703777468115478
3.60259521484375,3.9458996582031247,7.3678955078124995,1.765100671140913,0.9199454939556125
8.97807373046875,3.897095947265625,1.0595458984375001,3.919463087248574,0.9283456534010026
6.1000952148437495,3.897095947265625,1.0595458984375001,2.767785234899411,0.9034225445638642
8.97807373046875,1.4471496582031247,1.0595458984375001,3.786577181208286,0.8318628534975194
8.97807373046875,3.897095947265625,9.8428955078125,3.9154362416109896,0.9648779455471332
6.1000952148437495,1.4471496582031247,9.8428955078125,2.6322147651007333,0.8628676493259388
3.98307373046875,8.894595947265625,6.0095458984375,1.9610738255033255,0.9669396695102915
1.10509521484375,8.894595947265625,6.0095458984375,0.809395973154353,0.9200263738371701
3.98307373046875,6.444649658203124,6.0095458984375,1.9476510067113795,0.9537023113899115
3.98307373046875,8.894595947265625,4.8928955078125,1.9610738255033255,0.9653041881867908
1.10509521484375,6.444649658203124,4.8928955078125,0.7973154362416015,0.8829683912049393
2.7343237304687498,2.6477209472656247,9.7220458984375,1.3798657718120608,0.8559063651713764
2.3538452148437496,2.6477209472656247,9.7220458984375,1.2281879194630703,0.8382424642520632
2.7343237304687498,5.195274658203124,9.7220458984375,1.4362416107382343,0.928378346883585
2.7343237304687498,2.6477209472656247,1.1803955078125001,1.375838926174477,0.776200176466942
2.3538452148437496,5.195274658203124,1.1803955078125001,1.2859060402684384,0.8627916555828681
7.72932373046875,7.645220947265624,4.7720458984375,3.4550335570471633,0.9770373440986644
7.34884521484375,7.645220947265624,4.7720458984375,3.302013422818953,0.9758540082973067
7.72932373046875,0.19777465820312498,4.7720458984375,1.0872483221476366,0.15205453971399946
7.72932373046875,7.645220947265624,6.1303955078125,3.4536912751679685,0.9782339196349397
7.34884521484375,0.19777465820312498,6.1303955078125,0.8885906040268348,0.12254257913782304
5.23182373046875,0.148970947265625,7.2470458984374995,0.4174496644295278,0.03316106844116891
4.85134521484375,0.148970947265625,7.2470458984374995,0.4147651006711386,0.03286370550186637
5.23182373046875,2.6965246582031246,7.2470458984374995,2.3812080536913003,0.912999963912327
5.23182373046875,0.148970947265625,8.6053955078125,0.4174496644295278,0.03334646920342949
4.85134521484375,2.6965246582031246,8.6053955078125,2.2295302013422846,0.9098305740148471
0.23682373046875002,5.146470947265625,2.2970458984375,0.4228187919463062,0.6113808824928213
9.84634521484375,5.146470947265625,2.2970458984375,4.283221476510373,0.964590040564791
0.23682373046875002,7.694024658203125,2.2970458984375,0.4402684563758361,0.7404845418428877
0.23682373046875002,5.146470947265625,3.6553955078125,0.42416107382550083,0.6242771321273567
9.84634521484375,7.694024658203125,3.6553955078125,4.3020134228191,0.9801748204372229
0.31487060546875,1.6326037597656247,7.1697021484375,0.40939597315436016,0.2923925559497787
3.68064208984375,1.6326037597656247,7.1697021484375,1.689932885906015,0.805361243488872
0.31487060546875,7.4597668457031245,7.1697021484375,0.4791946308724797,0.8037803105600867
0.31487060546875,1.6326037597656247,0.6389892578125,0.40671140939597095,0.26778115392016993
3.68064208984375,7.4597668457031245,0.6389892578125,1.833557046979838,0.9037863345468289
5.30987060546875,6.630103759765625,2.2197021484375004,2.4805369127517176,0.9521580106153775
8.67564208984375,6.630103759765625,2.2197021484375004,3.8281879194633257,0.9688350009951006
5.30987060546875,2.4622668457031245,2.2197021484375004,2.406711409396002,0.8749377897811411
5.30987060546875,6.630103759765625,5.5889892578125,2.479194630872523,0.9639716491277095
8.67564208984375,2.4622668457031245,5.5889892578125,3.748993288590831,0.9358803331035868
7.80737060546875,4.1313537597656245,9.6447021484375,3.451006711409579,0.9622443991673912
1.1831420898437501,4.1313537597656245,9.6447021484375,0.8013422818791853,0.8363503168861995
7.80737060546875,4.961016845703124,9.6447021484375,3.4630872483223323,0.968752352381154
7.80737060546875,4.1313537597656245,8.0639892578125,3.451006711409579,0.9611882280042117
1.1831420898437501,4.961016845703124,8.0639892578125,0.8134228187919368,0.8634052544289292
2.81237060546875,9.128853759765626,4.6947021484375,1.4926174496644078,0.954903534800196
6.17814208984375,9.128853759765626,4.6947021484375,2.8402684563759317,0.9764930002703296
2.81237060546875,9.958516845703125,4.6947021484375,1.495302013422797,0.9587352949870027
2.81237060546875,9.128853759765626,3.1139892578125004,1.4926174496644078,0.9491534551318634
6.17814208984375,9.958516845703125,3.1139892578125004,2.8429530201343214,0.9755338268999981
4.06112060546875,2.881978759765625,0.9822021484375,1.9194630872482927,0.8301267658191698
7.42689208984375,2.881978759765625,0.9822021484375,3.2711409395974718,0.8883792984743893
4.06112060546875,8.709141845703124,0.9822021484375,1.993288590603996,0.9342859311347702
4.06112060546875,2.881978759765625,1.8764892578125,1.9248322147650712,0.8604936202752523
7.42689208984375,8.709141845703124,1.8764892578125,3.339597315436408,0.9706956043796278
9.05612060546875,7.879478759765624,5.9322021484375,3.9865771812083155,0.981744903059202
2.4318920898437497,7.879478759765624,5.9322021484375,1.3355704697986388,0.9448518700334834
9.05612060546875,3.7116418457031246,5.9322021484375,3.942281879194886,0.9599086317423163
9.05612060546875,7.879478759765624,6.8264892578125,3.9865771812083155,0.9823107810491094
2.4318920898437497,3.7116418457031246,6.8264892578125,1.2926174496644114,0.8835061671692388
6.55862060546875,0.383228759765625,3.4572021484375,2.1114093959731397,0.4619048633940229
9.92439208984375,0.383228759765625,3.4572021484375,3.5731543624163082,0.6223905775808181
6.55862060546875,1.2128918457031248,3.4572021484375,2.782550335570554,0.8166375254599726
6.55862060546875,0.383228759765625,9.3014892578125,2.194630872483219,0.5040323729580549
9.92439208984375,1.2128918457031248,9.3014892578125,4.120805369127798,0.893266673032972
1.56362060546875,5.380728759765624,8.4072021484375,0.9704697986577058,0.8960908926443039
4.92939208984375,5.380728759765624,8.4072021484375,2.3167785234899485,0.9560366744176737
1.56362060546875,6.210391845703124,8.4072021484375,0.9771812080536788,0.910262304297469
1.56362060546875,5.380728759765624,4.3514892578125,0.9718120805369004,0.8825949855205942
4.92939208984375,6.210391845703124,4.3514892578125,2.3248322147651175,0.9565532991252482
2.1879956054687497,4.756041259765625,2.8384521484375003,1.2147651006711242,0.8810586853114553
1.80751708984375,4.756041259765625,2.8384521484375003,1.061744966442939,0.8647051221989975
2.1879956054687497,1.8375793457031246,2.8384521484375003,1.1073825503355557,0.6970027428408743
2.1879956054687497,4.756041259765625,3.7327392578125003,1.2134228187919296,0.8891446497698905
1.80751708984375,1.8375793457031246,3.7327392578125003,0.9530201342281759,0.6643097056526011
7.18299560546875,9.753541259765624,7.7884521484375,3.244295302013575,0.982955724745353
6.80251708984375,9.753541259765624,7.7884521484375,3.0912751677853647,0.981969578956192
7.18299560546875,6.835079345703124,7.7884521484375,3.230872483221627,0.9751314073437232
7.18299560546875,9.753541259765624,8.6827392578125,3.244295302013575,0.9832970925495879
6.80251708984375,6.835079345703124,8.6827392578125,3.0778523489934164,0.9742427051113054
9.68049560546875,2.2572912597656245,0.36345214843750007,4.120805369127798,0.8466809036418924
4.30501708984375,2.2572912597656245,0.36345214843750007,1.9516778523489633,0.7531557618564048
9.68049560546875,9.333829345703125,0.36345214843750007,4.242953020134528,0.9445548267279513
9.68049560546875,2.2572912597656245,6.2077392578124995,4.139597315436526,0.9379368505293879
4.30501708984375,9.333829345703125,6.2077392578124995,2.0912751677852173,0.9706762556291992
4.68549560546875,7.254791259765624,5.3134521484374995,2.233557046979869,0.9631022760332452
9.30001708984375,7.254791259765624,5.3134521484374995,4.0805369127519535,0.9800119673872152
4.68549560546875,4.336329345703125,5.3134521484374995,2.2053691275167777,0.93749315271905
4.68549560546875,7.254791259765624,1.2577392578125002,2.236241610738259,0.9377867763495564
9.30001708984375,4.336329345703125,1.2577392578125002,4.055033557047252,0.94186959272665
3.43674560546875,1.0079162597656248,9.0259521484375,1.4778523489932671,0.6676106825922798
8.05126708984375,1.0079162597656248,9.0259521484375,3.3221476510068753,0.8438194244349182
3.43674560546875,3.0869543457031248,9.0259521484375,1.6778523489932635,0.8965411219433392
3.43674560546875,1.0079162597656248,4.9702392578125,1.4738255033556833,0.6461069532787125
8.05126708984375,3.0869543457031248,4.9702392578125,3.5248322147652944,0.9441369071829908
8.43174560546875,6.005416259765624,4.0759521484375,3.724832214765324,0.9714565236389374
3.05626708984375,6.005416259765624,4.0759521484375,1.5731543624160842,0.9326878037420785
8.43174560546875,8.084454345703126,4.0759521484375,3.738255033557272,0.9790613258702077
8.43174560546875,6.005416259765624,9.9202392578125,3.723489932886129,0.976260059657275
3.05626708984375,8.084454345703126,9.9202392578125,1.5852348993288357,0.9582559760396001
5.93424560546875,3.5066662597656246,6.5509521484375,2.688590604026916,0.939226824770532
5.55376708984375,3.5066662597656246,6.5509521484375,2.5369127516779004,0.9357476644341152
5.93424560546875,5.585704345703125,6.5509521484375,2.720805369127592,0.9623104533527015
5.93424560546875,3.5066662597656246,7.4452392578125,2.688590604026916,0.9406059235381878
5.55376708984375,5.585704345703125,7.4452392578125,2.5691275167785763,0.9611179998257451
0.93924560546875,8.504166259765626,1.6009521484375002,0.740939597315428,0.8691832557000897
0.55876708984375,8.504166259765626,1.6009521484375002,0.5865771812080482,0.8363944398770685
0.93924560546875,0.588204345703125,1.6009521484375002,0.40805369127516555,0.11343408893195203
0.93924560546875,8.504166259765626,2.4952392578125,0.7422818791946226,0.8859251360651781
0.55876708984375,0.588204345703125,2.4952392578125,0.40402684563758173,0.11469604432476746
1.25143310546875,3.1943225097656245,8.097827148437501,0.8080536912751584,0.7836127790042184
9.61220458984375,3.1943225097656245,8.097827148437501,4.151677852349279,0.9582398185042221
1.25143310546875,9.646173095703125,8.097827148437501,0.8697986577181103,0.9348046545628891
1.25143310546875,3.1943225097656245,9.6108642578125,0.8080536912751584,0.7881008695466611
9.61220458984375,9.646173095703125,9.6108642578125,3.355704697986746,0.8840725276642707
6.24643310546875,8.191822509765625,3.1478271484375,2.8644295302014386,0.9706330878249383
4.61720458984375,8.191822509765625,3.1478271484375,2.212080536912752,0.9619375610880494
6.24643310546875,4.648673095703124,3.1478271484375,2.8348993288591524,0.9474522465945789
6.24643310546875,8.191822509765625,4.6608642578124995,2.863087248322244,0.9737757782691759
4.61720458984375,4.648673095703124,4.6608642578124995,2.1825503355704656,0.9391728263912291
8.74393310546875,0.6955725097656249,5.6228271484375,3.472483221476696,0.7761462987128374
7.1147045898437495,0.6955725097656249,5.6228271484375,2.821476510067204,0.7316098471254717
8.74393310546875,2.149923095703125,5.6228271484375,3.7583892617451946,0.9270332061670737
8.74393310546875,0.6955725097656249,2.1858642578125003,3.4684563758391116,0.7337387656870353
7.1147045898437495,2.149923095703125,2.1858642578125003,3.111409395973287,0.8872456306979433
3.74893310546875,5.693072509765624,0.6728271484375,1.8483221476509786,0.8843118909661654
2.11970458984375,5.693072509765624,0.6728271484375,1.1919463087248159,0.8405373122559525
3.74893310546875,7.147423095703124,0.6728271484375,1.8590604026845354,0.9033551567150925
3.74893310546875,5.693072509765624,7.1358642578125,1.846979865771784,0.946365417605622
2.11970458984375,7.147423095703124,7.1358642578125,1.2067114093959566,0.9351434560820967
4.99768310546875,1.9449475097656248,4.3853271484375,2.2469798657718174,0.8618718064672513
0.8709545898437501,1.9449475097656248,4.3853271484375,0.5181208053691233,0.43171497531164327
4.99768310546875,5.898048095703125,4.3853271484375,2.3489932885906244,0.95470066802217
4.99768310546875,1.9449475097656248,8.3733642578125,2.2442953020134278,0.8767181409545282
0.8709545898437501,5.898048095703125,8.3733642578125,0.6979865771812006,0.8648724522874216
9.99268310546875,6.942447509765624,9.3353271484375,4.355704697986893,0.9825724822108677
5.86595458984375,6.942447509765624,9.3353271484375,2.704697986577254,0.971554267506445
9.99268310546875,0.9005480957031249,9.3353271484375,4.061744966443226,0.8567907794099658
9.99268310546875,6.942447509765624,3.4233642578125,4.357046979866088,0.9778544553971369
5.86595458984375,0.9005480957031249,3.4233642578125,2.4187919463087555,0.7329070583938776
7.49518310546875,4.443697509765625,1.9103271484375002,3.332885906040434,0.9435186740391241
3.3684545898437497,4.443697509765625,1.9103271484375002,1.683221476510042,0.8937221197427474
7.49518310546875,3.3992980957031245,1.9103271484375002,3.3127516778525115,0.9267224538552283
7.49518310546875,4.443697509765625,0.9483642578125,3.3355704697988235,0.9227389581172748
3.3684545898437497,3.3992980957031245,0.9483642578125,1.6577181208053444,0.8311567729902241
2.50018310546875,9.441197509765624,6.8603271484374995,1.369127516778504,0.9564189197063024
8.36345458984375,9.441197509765624,6.8603271484374995,3.71543624161096,0.9842520158318693
2.50018310546875,8.396798095703126,6.8603271484374995,1.3651006711409202,0.9507733878655225
2.50018310546875,9.441197509765624,5.8983642578125,1.369127516778504,0.9550639711398001
8.36345458984375,8.396798095703126,5.8983642578125,3.7114093959733756,0.9815449366797956
1.87580810546875,0.07088500976562499,2.5290771484375,0.4013422818791925,0.014779839669382806
5.24157958984375,0.07088500976562499,2.5290771484375,0.40536912751677634,0.014863816087486471
1.87580810546875,4.023985595703125,2.5290771484375,1.0778523489932743,0.8397089199905736
1.87580810546875,0.07088500976562499,6.5171142578125,0.4013422818791925,0.015202826922553783
5.24157958984375,4.023985595703125,6.5171142578125,2.42281879194634,0.9412311756399794
6.8708081054687495,5.068385009765625,7.4790771484375,3.08993288590617,0.964290378555153
0.24657958984375,5.068385009765625,7.4790771484375,0.42684563758389005,0.6374700037314502
6.8708081054687495,9.021485595703124,7.4790771484375,3.1167785234900665,0.9805444647649252
6.8708081054687495,5.068385009765625,1.5671142578125001,3.0926174496645595,0.9417837636217241
0.24657958984375,9.021485595703124,1.5671142578125001,0.4523489932885876,0.7771340212368358
9.36830810546875,2.5696350097656246,5.0040771484375,4.030872483221745,0.9412765024387788
7.73907958984375,2.5696350097656246,5.0040771484375,3.379865771812253,0.9303329757599572
9.36830810546875,6.522735595703124,5.0040771484375,4.103355704698266,0.977497619357389
9.36830810546875,2.5696350097656246,4.0421142578125,4.03221476510094,0.9382070322910825
7.73907958984375,6.522735595703124,4.0421142578125,3.451006711409579,0.9715075041721629
4.37330810546875,7.567135009765624,9.9540771484375,2.110067114093945,0.9666251914139719
2.74407958984375,7.567135009765624,9.9540771484375,1.457718120805348,0.9514895030395312
4.37330810546875,1.5252355957031247,9.9540771484375,1.953020134228158,0.8269522521454516
4.37330810546875,7.567135009765624,8.9921142578125,2.110067114093945,0.966116697666606
2.74407958984375,1.5252355957031247,8.9921142578125,1.3020134228187736,0.7397941395901673
3.1245581054687497,3.8190100097656248,6.2415771484375,1.5718120805368896,0.9048060132870508
3.99282958984375,3.8190100097656248,6.2415771484375,1.9194630872482927,0.9216823899718953
3.1245581054687497,0.275860595703125,6.2415771484375,0.4187919463087224,0.06014190722897855
3.1245581054687497,3.8190100097656248,5.2796142578125,1.5718120805368896,0.9015521318572313
3.99282958984375,0.275860595703125,5.2796142578125,0.42953020134227926,0.061718932702599316
8.11955810546875,8.816510009765626,1.2915771484375,3.6174496644297376,0.967464705532437
8.98782958984375,8.816510009765626,1.2915771484375,3.9651006711411982,0.9702146616597875
8.11955810546875,5.273360595703124,1.2915771484375,3.5946308724834255,0.9465484641504678
8.11955810546875,8.816510009765626,0.3296142578125,3.614765100671348,0.9325569222679052
8.98782958984375,5.273360595703124,0.3296142578125,3.936912751678107,0.9089415081273771
5.62205810546875,1.3202600097656247,8.7165771484375,2.421476510067145,0.8357913982061678
1.49532958984375,1.3202600097656247,8.7165771484375,0.7181208053691197,0.4746562698166511
5.62205810546875,7.772110595703125,8.7165771484375,2.610738255033616,0.9733066098420062
5.62205810546875,1.3202600097656247,2.8046142578125,2.4281879194631193,0.7988957651700934
1.49532958984375,7.772110595703125,2.8046142578125,0.9610738255033435,0.9062277881938502
0.6270581054687501,6.317760009765625,3.7665771484375004,0.6040268456375781,0.8257812395506391
6.49032958984375,6.317760009765625,3.7665771484375004,2.9503355704699077,0.9649160015353946
0.6270581054687501,2.7746105957031246,3.7665771484375004,0.48859060402684196,0.5071078929683084
0.6270581054687501,6.317760009765625,7.7546142578125,0.6040268456375781,0.8466830731358256
6.49032958984375,2.7746105957031246,7.7546142578125,2.8872483221477507,0.9305540661970901
0.47096435546875004,4.2875256347656245,0.2087646484375,0.4536912751677822,0.5244216027618679
8.20736083984375,4.2875256347656245,0.2087646484375,3.597315436241815,0.8759072483939687
0.47096435546875004,6.054219970703125,0.2087646484375,0.5033557046979826,0.6595693599690694
0.47096435546875004,4.2875256347656245,8.8374267578125,0.5006711409395934,0.6786939970712103
8.20736083984375,6.054219970703125,8.8374267578125,3.6348993288592704,0.975525228157505
5.46596435546875,9.285025634765626,5.1587646484375,2.555704697986628,0.9748910406794857
3.21236083984375,9.285025634765626,5.1587646484375,1.6536912751677606,0.9610109728535798
5.46596435546875,1.0567199707031247,5.1587646484375,2.3073825503355847,0.7732691305615106
5.46596435546875,9.285025634765626,3.8874267578125004,2.555704697986628,0.9728330461204071
3.21236083984375,1.0567199707031247,3.8874267578125004,1.3919463087248123,0.6313662298475788
7.96346435546875,1.7887756347656247,2.6837646484375,3.4214765100672926,0.885185647983318
5.70986083984375,1.7887756347656247,2.6837646484375,2.5208053691275625,0.8488076830727618
7.96346435546875,3.5554699707031245,2.6837646484375,3.503355704698177,0.9414908801486328
7.96346435546875,1.7887756347656247,1.4124267578125,3.4241610738256822,0.8594138320381248
5.70986083984375,3.5554699707031245,1.4124267578125,2.604026845637642,0.9015808221788097
2.96846435546875,6.786275634765625,7.6337646484375,1.5436241610738028,0.9469648212611524
0.71486083984375,6.786275634765625,7.6337646484375,0.6429530201342217,0.869872421089696
2.96846435546875,8.552969970703126,7.6337646484375,1.553020134228165,0.9583004552797181
2.96846435546875,6.786275634765625,6.3624267578125,1.5436241610738028,0.9451612499544688
0.71486083984375,8.552969970703126,6.3624267578125,0.652348993288584,0.896879985307068
4.21721435546875,0.5394006347656249,6.3962646484375,1.451006711409375,0.4583523349666435
1.96361083984375,0.5394006347656249,6.3962646484375,0.42684563758389005,0.11619770404115454
4.21721435546875,9.802344970703125,6.3962646484375,2.0577181208053466,0.9718456355132223
4.21721435546875,0.5394006347656249,7.5999267578125,1.4604026845637372,0.4647304693825157
1.96361083984375,9.802344970703125,7.5999267578125,1.1557046979865615,0.9512844737459929
9.21221435546875,5.536900634765624,1.4462646484375001,4.0335570469801345,0.956673122968539
6.95861083984375,5.536900634765624,1.4462646484375001,3.1328859060404044,0.9451032655696946
9.21221435546875,4.804844970703124,1.4462646484375001,4.0255033557049655,0.9503023075499115
9.21221435546875,5.536900634765624,2.6499267578125,4.0335570469801345,0.9669999797405332
6.95861083984375,4.804844970703124,2.6499267578125,3.1234899328860406,0.9511111801021528
6.71471435546875,3.038150634765625,8.8712646484375,2.986577181208168,0.9398332005572814
4.46111083984375,3.038150634765625,8.8712646484375,2.085906040268438,0.9147121694675941
6.71471435546875,2.306094970703125,8.8712646484375,2.955704697986687,0.9204472796686716
6.71471435546875,3.038150634765625,0.1749267578125,2.9516778523491025,0.8228491476896898
4.46111083984375,2.306094970703125,0.1749267578125,1.9959731543623853,0.73845142773567
1.71971435546875,8.035650634765625,3.9212646484375004,1.0510067114093822,0.9241828403341459
9.45611083984375,8.035650634765625,3.9212646484375004,4.147651006711695,0.9807787129296465
1.71971435546875,7.3035949707031245,3.9212646484375004,1.048322147650993,0.9169256070187286
1.71971435546875,8.035650634765625,5.1249267578125,1.0510067114093822,0.929106377429973
9.45611083984375,7.3035949707031245,5.1249267578125,4.1436241610741105,0.980314729472004
2.34408935546875,2.4134631347656246,9.4900146484375,1.2134228187919296,0.8202982842078649
6.33423583984375,2.4134631347656246,9.4900146484375,2.8093959731544507,0.9208087255647093
2.34408935546875,0.43203247070312495,9.4900146484375,0.42550335570469544,0.09543380371212953
2.34408935546875,2.4134631347656246,6.9811767578124995,1.2147651006711242,0.8130625157010025
6.33423583984375,0.43203247070312495,6.9811767578124995,2.2080536912751674,0.5362196246850376
7.33908935546875,7.410963134765624,4.5400146484374995,3.2966442953021735,0.9746628481013846
1.33923583984375,7.410963134765624,4.5400146484374995,0.8966442953020024,0.9079243888469958
7.33908935546875,5.4295324707031245,4.5400146484374995,3.2818791946310304,0.9651095120892106
7.33908935546875,7.410963134765624,2.0311767578125,3.2979865771813683,0.9663835848654951
1.33923583984375,5.4295324707031245,2.0311767578125,0.8818791946308617,0.8439983607691639
9.83658935546875,4.912213134765625,7.0150146484375,4.275167785235204,0.9731901295328351
8.83173583984375,4.912213134765625,7.0150146484375,3.872483221476755,0.9702857910988397
9.83658935546875,7.928282470703124,7.0150146484375,4.299328859060711,0.983865060366364
9.83658935546875,4.912213134765625,4.5061767578125,4.275167785235204,0.9703141635224177
8.83173583984375,7.928282470703124,4.5061767578125,3.896644295302262,0.9800121655198273
4.8415893554687495,9.909713134765624,2.0650146484375003,2.3087248322147795,0.9644963576606294
3.8367358398437497,9.909713134765624,2.0650146484375003,1.9060402684563467,0.9570511502803614
4.8415893554687495,2.9307824707031247,2.0650146484375003,2.2375838926174536,0.8830421040808931
4.8415893554687495,9.909713134765624,9.4561767578125,2.3073825503355847,0.9768560640322632
3.8367358398437497,2.9307824707031247,9.4561767578125,1.8322147651006433,0.9006547995949369
3.5928393554687497,3.6628381347656247,3.3025146484375,1.7570469798657453,0.8968672360543042
2.58798583984375,3.6628381347656247,3.3025146484375,1.355704697986558,0.8684392439296982
3.5928393554687497,4.180157470703125,3.3025146484375,1.7664429530201076,0.9093830132206839
3.5928393554687497,3.6628381347656247,5.7436767578125,1.7557046979865507,0.9094849819988777
2.58798583984375,4.180157470703125,5.7436767578125,1.3637583892617255,0.8981950461252544
8.58783935546875,8.660338134765626,8.2525146484375,3.802684563758624,0.9838127432644226
7.58298583984375,8.660338134765626,8.2525146484375,3.4000000000001753,0.9817355171325464
8.58783935546875,9.177657470703124,8.2525146484375,3.804026845637819,0.9847162801498597
8.58783935546875,8.660338134765626,0.7936767578125,3.804026845637819,0.9579343153697655
7.58298583984375,9.177657470703124,0.7936767578125,3.40402684563776,0.9559641431037553
6.09033935546875,1.164088134765625,0.8275146484375,2.5463087248322642,0.7210273186175693
0.09048583984375,1.164088134765625,0.8275146484375,0.4013422818791925,0.20533884948103173
6.09033935546875,6.678907470703124,0.8275146484375,2.7946308724833075,0.9325444111032722
6.09033935546875,1.164088134765625,3.2686767578125,2.5852348993289143,0.7948397368429984
0.09048583984375,6.678907470703124,3.2686767578125,0.40805369127516555,0.6857336387654407
1.09533935546875,6.1615881347656245,5.7775146484375,0.7906040268456285,0.8803913662332581
5.0854858398437495,6.1615881347656245,5.7775146484375,2.3865771812080796,0.960108596915968
1.09533935546875,1.6814074707031248,5.7775146484375,0.5959731543624105,0.4592495299281897
1.09533935546875,6.1615881347656245,8.2186767578125,0.7906040268456285,0.8877202738991667
5.0854858398437495,1.6814074707031248,8.2186767578125,2.2550335570469864,0.8587228045539013
0.78315185546875,0.851744384765625,4.8493896484375,0.4120805369127494,0.167127765552465
4.77329833984375,0.851744384765625,4.8493896484375,1.959731543624131,0.6827284049293251
0.78315185546875,8.240626220703126,4.8493896484375,0.6778523489932815,0.8909301900818132
0.78315185546875,0.851744384765625,1.1030517578125,0.40939597315436016,0.15627426488124113
4.77329833984375,8.240626220703126,1.1030517578125,2.275167785234909,0.941701643533428
5.77815185546875,5.849244384765624,9.7993896484375,2.6604026845638247,0.965576298983337
9.76829833984375,5.849244384765624,9.7993896484375,4.257718120805671,0.9787932572359797
5.77815185546875,3.243126220703125,9.7993896484375,2.618791946308785,0.9367888615100313
5.77815185546875,5.849244384765624,6.0530517578125,2.6604026845638247,0.9625470133346248
9.76829833984375,3.243126220703125,6.0530517578125,4.216107382550631,0.9573225078504668
8.27565185546875,3.3504943847656246,2.3743896484375,3.622818791946517,0.9372097067583447
2.27579833984375,3.3504943847656246,2.3743896484375,1.2241610738254864,0.8294453262204591
8.27565185546875,0.7443762207031249,2.3743896484375,3.3114093959733166,0.7422850402265333
8.27565185546875,3.3504943847656246,8.5280517578125,3.621476510067322,0.9547634776294984
2.27579833984375,0.7443762207031249,8.5280517578125,0.7516778523489849,0.3258871911638661
3.28065185546875,8.347994384765625,7.3243896484375,1.676510067114069,0.9599767045027723
7.27079833984375,8.347994384765625,7.3243896484375,3.2738255033558614,0.9798170620475141
3.28065185546875,5.741876220703125,7.3243896484375,1.6604026845637336,0.9412706546462862
3.28065185546875,8.347994384765625,3.5780517578125,1.6778523489932635,0.9528645725694421
7.27079833984375,5.741876220703125,3.5780517578125,3.2577181208055235,0.9644371545698053
4.52940185546875,4.599869384765625,8.5618896484375,2.1463087248322053,0.9444746533447252
6.02204833984375,4.599869384765625,8.5618896484375,2.743624161073904,0.9565156917696706
4.52940185546875,6.991251220703124,8.5618896484375,2.1691275167785173,0.9639808027094717
4.52940185546875,4.599869384765625,2.3405517578125004,2.148993288590595,0.9234707686444483
6.02204833984375,6.991251220703124,2.3405517578125004,2.767785234899411,0.9600694065169315
9.52440185546875,9.597369384765624,3.6118896484375003,4.181208053691566,0.9836918696470835
1.02704833984375,9.597369384765624,3.6118896484375003,0.7812080536912662,0.9133369940108994
9.52440185546875,1.9937512207031247,3.6118896484375003,4.060402684564031,0.918928868683881
9.52440185546875,9.597369384765624,7.2905517578125,4.181208053691566,0.9865425521819005
1.02704833984375,1.9937512207031247,7.2905517578125,0.6255033557046918,0.5413688346235658
7.02690185546875,2.101119384765625,6.0868896484374995,3.0684563758390526,0.9106607002178269
8.51954833984375,2.101119384765625,6.0868896484374995,3.6644295302015566,0.9246338213971004
7.02690185546875,4.492501220703125,6.0868896484374995,3.144966442953158,0.9588028872717858
7.02690185546875,2.101119384765625,9.7655517578125,3.067114093959858,0.9169892027740922
8.51954833984375,4.492501220703125,9.7655517578125,3.7422818791948567,0.9681639432151227
2.03190185546875,7.098619384765624,1.1368896484375002,1.1718120805368968,0.8843673160824896
3.52454833984375,7.098619384765624,1.1368896484375002,1.7704697986576914,0.9182959501831054
2.03190185546875,9.490001220703125,1.1368896484375002,1.1838926174496482,0.9109735820259262
2.03190185546875,7.098619384765624,4.8155517578125,1.1718120805368968,0.9272300591234239
3.52454833984375,9.490001220703125,4.8155517578125,1.7798657718120536,0.9640942341955633
1.4075268554687501,2.7258068847656247,5.4681396484375,0.853691275167775,0.7492189369133251
0.40267333984375003,2.7258068847656247,5.4681396484375,0.42416107382550083,0.436941043451592
1.4075268554687501,2.6184387207031246,5.4681396484375,0.8483221476509966,0.737356734382426
1.4075268554687501,2.7258068847656247,2.9593017578125003,0.8496644295301912,0.7224899356405727
0.40267333984375003,2.6184387207031246,2.9593017578125003,0.4214765100671116,0.41236545861136775
6.40252685546875,7.723306884765624,0.5181396484375,2.924832214765206,0.9283026089130335
5.39767333984375,7.723306884765624,0.5181396484375,2.5221476510067573,0.9198755785090409
6.40252685546875,7.615938720703125,0.5181396484375,2.924832214765206,0.9276035894356254
6.40252685546875,7.723306884765624,7.9093017578125,2.923489932886011,0.9757719137904944
5.39767333984375,7.615938720703125,7.9093017578125,2.5208053691275625,0.9713950509400318
8.90002685546875,0.227056884765625,7.9431396484375,2.366442953020157,0.36811329644627677
2.9001733398437497,0.227056884765625,7.9431396484375,0.413422818791944,0.04954667585415093
8.90002685546875,5.117188720703124,7.9431396484375,3.903355704698236,0.9724875212862547
8.90002685546875,0.227056884765625,5.4343017578124995,2.304697986577195,0.35308542204296345
2.9001733398437497,5.117188720703124,5.4343017578124995,1.50201342281877,0.9231084274776893
3.90502685546875,5.224556884765624,2.9931396484375004,1.9060402684563467,0.9300542163352286
7.89517333984375,5.224556884765624,2.9931396484375004,3.503355704698177,0.9615518234069753
3.90502685546875,0.119688720703125,2.9931396484375004,0.40805369127516555,0.025254048245655955
3.90502685546875,5.224556884765624,0.48430175781250007,1.9006711409395682,0.8660276436703933
7.89517333984375,0.119688720703125,0.48430175781250007,0.4147651006711386,0.0233948303954128
2.6562768554687497,1.4764318847656248,1.7556396484375,1.2389261744966271,0.6484258615888964
9.14392333984375,1.4764318847656248,1.7556396484375,3.8617449664431964,0.8605922090734442
2.6562768554687497,1.3690637207031249,1.7556396484375,1.2161073825503188,0.6232918445113267
2.6562768554687497,1.4764318847656248,4.1968017578125,1.2590604026845462,0.6954560147924932
9.14392333984375,1.3690637207031249,4.1968017578125,3.840268456376079,0.882622333779377
7.65127685546875,6.473931884765625,6.7056396484375,3.4161073825505133,0.9744688207218821
4.1489233398437495,6.473931884765625,6.7056396484375,2.013422818791917,0.956212474724744
7.65127685546875,6.366563720703124,6.7056396484375,3.4147651006713184,0.9739429143898335
7.65127685546875,6.473931884765625,9.1468017578125,3.4161073825505133,0.9758637020027832
4.1489233398437495,6.366563720703124,9.1468017578125,2.013422818791917,0.9579186910964768
5.15377685546875,3.9751818847656244,4.2306396484375,2.3865771812080796,0.9334560359624835
6.64642333984375,3.9751818847656244,4.2306396484375,2.9838926174497784,0.946554877656991
5.15377685546875,8.865313720703124,4.2306396484375,2.429530201342314,0.9708263555085552
5.15377685546875,3.9751818847656244,6.6718017578125,2.3865771812080796,0.9398601632294474
6.64642333984375,8.865313720703124,6.6718017578125,3.026845637584013,0.979162839432286
0.15877685546875,8.972681884765626,9.1806396484375,0.42684563758389005,0.7987846678869607
1.6514233398437501,8.972681884765626,9.1806396484375,1.0268456375838793,0.9414441436714938
0.15877685546875,3.8678137207031247,9.1806396484375,0.41073825503355477,0.5396496605569718
0.15877685546875,8.972681884765626,1.7218017578125002,0.42416107382550083,0.7578986374729204
1.6514233398437501,3.8678137207031247,1.7218017578125002,0.9825503355704572,0.8010427721548408
0.11975341796875,1.0469592285156248,1.9489990234375,0.4013422818791925,0.19099241923464455
7.23177490234375,1.0469592285156248,1.9489990234375,3.010738255033675,0.7785295066455002
0.11975341796875,9.997559814453124,1.9489990234375,0.4174496644295278,0.7816950598926276
0.11975341796875,1.0469592285156248,8.2573486328125,0.4013422818791925,0.19895935225754702
7.23177490234375,9.997559814453124,8.2573486328125,3.2644295302014976,0.9836672482483884
5.11475341796875,6.044459228515624,6.8989990234375,2.3973154362416382,0.9609398597171339
2.23677490234375,6.044459228515624,6.8989990234375,1.2456375838926002,0.9252187353285033
5.11475341796875,5.000059814453125,6.8989990234375,2.3865771812080796,0.9524451290699818
5.11475341796875,6.044459228515624,3.3073486328125004,2.3973154362416382,0.9529975572122273
2.23677490234375,5.000059814453125,3.3073486328125004,1.236241610738238,0.8928442889118651
7.61225341796875,3.5457092285156246,4.4239990234375,3.3610738255035253,0.9473866501251578
9.72927490234375,3.5457092285156246,4.4239990234375,4.209395973154657,0.9580275838766396
7.61225341796875,2.5013098144531245,4.4239990234375,3.3261744966444597,0.9252220033523562
7.61225341796875,3.5457092285156246,0.8323486328125,3.36510067114111,0.9019769157232885
9.72927490234375,2.5013098144531245,0.8323486328125,4.177181208053981,0.8905711092476453
2.6172534179687497,8.543209228515625,9.3739990234375,1.4120805369127314,0.9554664370654324
4.73427490234375,8.543209228515625,9.3739990234375,2.259060402684571,0.9722645232073281
2.6172534179687497,7.498809814453124,9.3739990234375,1.406711409395953,0.9488806199312817
2.6172534179687497,8.543209228515625,5.7823486328125,1.4120805369127314,0.9514360866127748
4.73427490234375,7.498809814453124,5.7823486328125,2.2550335570469864,0.9654480648634303
3.86600341796875,4.795084228515624,5.6614990234375,1.884563758389233,0.9349440497840205
3.48552490234375,4.795084228515624,5.6614990234375,1.7315436241610478,0.9291313659606582
3.86600341796875,6.249434814453124,5.6614990234375,1.8993288590603736,0.9504156028152645
3.86600341796875,4.795084228515624,9.4948486328125,1.884563758389233,0.9405434091260847
3.48552490234375,6.249434814453124,9.4948486328125,1.7463087248321885,0.9506550684215376
8.86100341796875,9.792584228515626,0.7114990234375,3.9181208053693792,0.9608306762859504
8.48052490234375,9.792584228515626,0.7114990234375,3.7651006711411688,0.9593595910568014
8.86100341796875,1.2519348144531248,0.7114990234375,3.685906040268674,0.7881398637857931
8.86100341796875,9.792584228515626,4.5448486328125,3.9167785234901844,0.9841846929744653
8.48052490234375,1.2519348144531248,4.5448486328125,3.5543624161075806,0.8653534480699402
6.36350341796875,2.2963342285156245,8.1364990234375,2.81476510067123,0.9151747877951488
0.9880249023437501,2.2963342285156245,8.1364990234375,0.645637583892611,0.6050313561892684
6.36350341796875,3.7506848144531246,8.1364990234375,2.8657718120806335,0.9485788701270264
6.36350341796875,2.2963342285156245,2.0698486328125,2.8187919463088145,0.8816781949012122
0.9880249023437501,3.7506848144531246,2.0698486328125,0.7087248322147575,0.7312346944226544
1.36850341796875,7.293834228515625,3.1864990234375004,0.9073825503355593,0.8983424730605527
5.98302490234375,7.293834228515625,3.1864990234375004,2.7543624161074627,0.9657874915714504
1.36850341796875,8.748184814453126,3.1864990234375004,0.9140939597315323,0.9153697720776665
1.36850341796875,7.293834228515625,7.0198486328125,0.9073825503355593,0.9155726792871408
5.98302490234375,8.748184814453126,7.0198486328125,2.759731543624242,0.9768228008957545
1.99287841796875,2.921021728515625,8.7552490234375,1.0953020134228042,0.8327471221458853
7.85614990234375,2.921021728515625,8.7552490234375,3.44026845637602,0.9456118403267036
1.99287841796875,4.3753723144531245,8.7552490234375,1.1288590604026694,0.8908963953026894
1.99287841796875,2.921021728515625,5.1635986328125,1.0966442953019988,0.8186101743540869
7.85614990234375,4.3753723144531245,5.1635986328125,3.4751677852350857,0.9603153677605849
6.98787841796875,7.918521728515624,3.8052490234375003,3.159731543624301,0.9741116587942219
2.8611499023437497,7.918521728515624,3.8052490234375003,1.5073825503355485,0.9455981340123643
6.98787841796875,9.372872314453126,3.8052490234375003,3.1651006711410803,0.9781796563341252
6.98787841796875,7.918521728515624,0.21359863281250002,3.151677852349132,0.909140236287822
2.8611499023437497,9.372872314453126,0.21359863281250002,1.5046979865771593,0.8740317622745052
9.48537841796875,0.42227172851562494,6.2802490234374995,3.489932885906229,0.6670995767790109
5.35864990234375,0.42227172851562494,6.2802490234374995,1.727516778523464,0.4431287164895571
9.48537841796875,6.874122314453125,6.2802490234374995,4.153020134228474,0.9801122938166105
9.48537841796875,0.42227172851562494,2.6885986328125,3.4604026845639426,0.6270572086490793
5.35864990234375,6.874122314453125,2.6885986328125,2.502013422818835,0.9575799844635257
4.49037841796875,5.419771728515625,1.3302490234375002,2.1436241610738156,0.9176626956305975
0.36364990234375,5.419771728515625,1.3302490234375002,0.4590604026845606,0.64622663370259
4.49037841796875,1.8766223144531247,1.3302490234375002,2.0348993288590345,0.7907169943839147
4.49037841796875,5.419771728515625,7.6385986328125,2.140939597315426,0.9519135664889055
0.36364990234375,1.8766223144531247,7.6385986328125,0.413422818791944,0.32964561822210237
3.24162841796875,1.6716467285156247,5.0427490234375,1.5208053691274945,0.7778233235393672
1.61239990234375,1.6716467285156247,5.0427490234375,0.8510067114093858,0.6073225101713027
3.24162841796875,0.627247314453125,5.0427490234375,1.092617449664415,0.39907891813649066
3.24162841796875,1.6716467285156247,6.4010986328124995,1.5194630872483,0.7856641222484837
1.61239990234375,0.627247314453125,6.4010986328124995,0.42416107382550083,0.1323912109451782
8.23662841796875,6.669146728515624,9.9927490234375,3.6510067114096083,0.978367175499425
6.60739990234375,6.669146728515624,9.9927490234375,2.9986577181209215,0.9734480187684824
8.23662841796875,5.624747314453124,9.9927490234375,3.6429530201344393,0.9741604063345155
8.23662841796875,6.669146728515624,1.4510986328125002,3.652348993288803,0.9602341260725604
6.60739990234375,5.624747314453124,1.4510986328125002,2.9919463087249474,0.9434425417793666
5.73912841796875,4.170396728515625,2.5677490234375,2.625503355704759,0.9326888000835729
4.1098999023437495,4.170396728515625,2.5677490234375,1.9744966442952716,0.9118840176178191
5.73912841796875,8.123497314453125,2.5677490234375,2.6604026845638247,0.965504748181237
5.73912841796875,4.170396728515625,3.9260986328125003,2.6241610738255643,0.9409394927174013
4.1098999023437495,8.123497314453125,3.9260986328125003,2.008053691275138,0.9604403559472283
0.7441284179687501,9.167896728515625,7.5177490234375,0.66577181208053,0.908817833066011
9.10489990234375,9.167896728515625,7.5177490234375,4.010738255033822,0.9852395464617881
0.7441284179687501,3.125997314453125,7.5177490234375,0.5879194630872429,0.6580069474449194
0.7441284179687501,9.167896728515625,8.8760986328125,0.66577181208053,0.9113370714451281
9.10489990234375,3.125997314453125,8.8760986328125,3.9463087248324706,0.9557088692004174
1.05631591796875,3.858052978515625,3.4958740234375,0.7449664429530118,0.7749190798401601
0.67583740234375,3.858052978515625,3.4958740234375,0.5798657718120752,0.6913990950646407
1.05631591796875,7.186466064453124,3.4958740234375,0.7825503355704608,0.8838623587903274
1.05631591796875,3.858052978515625,1.7604736328125001,0.7382550335570388,0.7409687925622563
0.67583740234375,7.186466064453124,1.7604736328125001,0.6268456375838865,0.8252476975279485
6.05131591796875,8.855552978515625,8.4458740234375,2.7879194630873334,0.9781878768059523
5.67083740234375,8.855552978515625,8.4458740234375,2.6362416107383178,0.9769892784061256
6.05131591796875,2.188966064453125,8.4458740234375,2.6832214765101368,0.9074279947497194
6.05131591796875,8.855552978515625,6.7104736328125,2.7879194630873334,0.9772116553940873
5.67083740234375,2.188966064453125,6.7104736328125,2.531543624161121,0.8984698081592257
8.54881591796875,1.3593029785156248,1.0208740234375,3.59865771812101,0.8147103503157813
3.17333740234375,1.3593029785156248,1.0208740234375,1.4053691275167584,0.6331423245501033
8.54881591796875,4.687716064453125,1.0208740234375,3.7597315436243894,0.9357439463964581
8.54881591796875,1.3593029785156248,9.1854736328125,3.597315436241815,0.8908159995191699
3.17333740234375,4.687716064453125,9.1854736328125,1.6053691275167548,0.9283103599942246
3.55381591796875,6.356802978515624,5.9708740234375,1.7744966442952752,0.9482685877135948
8.16833740234375,6.356802978515624,5.9708740234375,3.621476510067322,0.9747902217962882
3.55381591796875,9.685216064453124,5.9708740234375,1.791946308724805,0.9667445409745469
3.55381591796875,6.356802978515624,4.2354736328125,1.7758389261744698,0.9442637425832083
8.16833740234375,9.685216064453124,4.2354736328125,3.638926174496855,0.982341047515775
4.80256591796875,0.109927978515625,9.6833740234375,0.41073825503355477,0.02436897621718003
9.41708740234375,0.109927978515625,9.6833740234375,0.42818791946308465,0.02568522521582304
4.80256591796875,8.435841064453125,9.6833740234375,2.2859060402684674,0.9723676219214368
4.80256591796875,0.109927978515625,0.5229736328125,0.40671140939597095,0.021682454044654395
9.41708740234375,8.435841064453125,0.5229736328125,4.1355704697989415,0.949189580267187
9.79756591796875,5.1074279785156245,4.7333740234374995,4.26308724832245,0.9718761803216911
4.42208740234375,5.1074279785156245,4.7333740234374995,2.1114093959731397,0.9431651620108676
9.79756591796875,3.4383410644531245,4.7333740234374995,4.233557046980164,0.9576500404433455
9.79756591796875,5.1074279785156245,5.4729736328125,4.261744966443255,0.972728686502614
4.42208740234375,3.4383410644531245,5.4729736328125,2.0818791946308535,0.9175516620112996
7.30006591796875,2.6086779785156247,7.2083740234375,3.205369127516925,0.9327180292039976
6.91958740234375,2.6086779785156247,7.2083740234375,3.0523489932887147,0.9293165661804212
7.30006591796875,0.9395910644531249,7.2083740234375,3.002684563758506,0.8116106978341942
7.30006591796875,2.6086779785156247,7.9479736328125,3.205369127516925,0.9338006819187098
6.91958740234375,0.9395910644531249,7.9479736328125,2.8496644295302955,0.8049146563843093
2.30506591796875,7.606177978515625,2.2583740234375003,1.2845637583892437,0.921957771545828
1.9245874023437501,7.606177978515625,2.2583740234375003,1.1328859060402532,0.9123753423950827
2.30506591796875,5.937091064453124,2.2583740234375003,1.273825503355687,0.9006932791011386
2.30506591796875,7.606177978515625,2.9979736328125,1.2845637583892437,0.929208721418908
1.9245874023437501,5.937091064453124,2.9979736328125,1.1208053691275017,0.8972737127432671
1.6806909179687501,1.9839904785156248,6.5896240234375,0.9208053691275053,0.6962707987676664
3.79771240234375,1.9839904785156248,6.5896240234375,1.7691275167784968,0.8426905123753269
1.6806909179687501,1.5642785644531247,6.5896240234375,0.867114093959721,0.6023632463651589
1.6806909179687501,1.9839904785156248,4.8542236328124995,0.9181208053691161,0.684173574549269
3.79771240234375,1.5642785644531247,4.8542236328124995,1.7315436241610478,0.7898134982654832
6.67569091796875,6.981490478515624,1.6396240234375001,3.0295302013424026,0.957134261702192
8.79271240234375,6.981490478515624,1.6396240234375001,3.8778523489935344,0.9663726368193681
6.67569091796875,6.561778564453125,1.6396240234375001,3.026845637584013,0.9544528740763059
6.67569091796875,6.981490478515624,9.8042236328125,3.0281879194632078,0.9748835321325194
8.79271240234375,6.561778564453125,9.8042236328125,3.872483221476755,0.9792046231691443
9.17319091796875,4.482740478515624,9.0646240234375,4.004026845637848,0.9699151510213766
1.30021240234375,4.482740478515624,9.0646240234375,0.853691275167775,0.8587066166154627
9.17319091796875,9.060528564453126,9.0646240234375,4.045637583892888,0.9857023527446807
9.17319091796875,4.482740478515624,7.3292236328125,4.004026845637848,0.9688141389159431
1.30021240234375,9.060528564453126,7.3292236328125,0.8872483221476402,0.9307343921788741
4.17819091796875,9.480240478515626,4.1146240234375,2.0416107382550086,0.9673486484126754
6.29521240234375,9.480240478515626,4.1146240234375,2.8885906040269456,0.9769550532009414
4.17819091796875,4.063028564453124,4.1146240234375,1.9986577181207745,0.9221923497401279
4.17819091796875,9.480240478515626,2.3792236328125003,2.0416107382550086,0.9605243217945192
6.29521240234375,4.063028564453124,2.3792236328125003,2.846979865771906,0.9344689670166559
2.92944091796875,3.2333654785156245,0.4021240234375,1.4550335570469588,0.7682119336893973
5.04646240234375,3.2333654785156245,0.4021240234375,2.311409395973169,0.8282682910584152
2.92944091796875,2.8136535644531246,0.4021240234375,1.4348993288590397,0.7436861467517848
2.92944091796875,3.2333654785156245,3.6167236328125,1.481879194630851,0.8672525707633747
5.04646240234375,2.8136535644531246,3.6167236328125,2.314093959731559,0.9005066084346978
7.92444091796875,8.230865478515625,5.3521240234375,3.535570469798853,0.9797907183633102
0.051462402343750005,8.230865478515625,5.3521240234375,0.40536912751677634,0.7510059646766738
7.92444091796875,7.811153564453124,5.3521240234375,3.5328859060404634,0.9785579882453341
7.92444091796875,8.230865478515625,8.5667236328125,3.535570469798853,0.981714957418108
0.051462402343750005,7.811153564453124,8.5667236328125,0.40536912751677634,0.7454828882065214
5.42694091796875,0.7346154785156249,2.8771240234375,2.1516778523489846,0.645958199057833
7.54396240234375,0.7346154785156249,2.8771240234375,3.0147651006712595,0.7293573796510147
5.42694091796875,5.312403564453125,2.8771240234375,2.515436241610783,0.9466623807652008
5.42694091796875,0.7346154785156249,6.0917236328125,2.1664429530201277,0.6807859892280216
7.54396240234375,5.312403564453125,6.0917236328125,3.36241610738272,0.9675104048795431
0.43194091796875,5.732115478515625,7.8271240234375,0.5140939597315395,0.7723126478838536
2.54896240234375,5.732115478515625,7.8271240234375,1.3677852348993094,0.9296514210628548
0.43194091796875,0.314903564453125,7.8271240234375,0.4013422818791925,0.06570305853501203
0.43194091796875,5.732115478515625,1.1417236328125002,0.4979865771812042,0.6930982452840119
2.54896240234375,0.314903564453125,1.1417236328125002,0.413422818791944,0.06242721191697763
0.58803466796875,3.7018811035156247,6.1255615234375,0.5369127516778478,0.6614221349851813
2.08068115234375,3.7018811035156247,6.1255615234375,1.1530201342281723,0.8670091164515394
0.58803466796875,8.592012939453125,6.1255615234375,0.6013422818791889,0.8858074429960778
0.58803466796875,3.7018811035156247,2.5339111328125004,0.526174496644291,0.6236038483809507
2.08068115234375,8.592012939453125,2.5339111328125004,1.198657718120789,0.9286524661200617
5.58303466796875,8.699381103515625,1.1755615234375,2.601342281879252,0.9525513757542442
7.0756811523437495,8.699381103515625,1.1755615234375,3.198657718120951,0.9608782271344929
5.58303466796875,3.5945129394531246,1.1755615234375,2.554362416107433,0.893706282292756
5.58303466796875,8.699381103515625,7.4839111328125,2.6000000000000574,0.9756132280324957
7.0756811523437495,3.5945129394531246,7.4839111328125,3.1476510067115475,0.9504951429612314
8.08053466796875,1.2031311035156247,8.6005615234375,3.3812080536914477,0.8688496736880345
4.57818115234375,1.2031311035156247,8.6005615234375,1.9838926174496339,0.7840448710802045
8.08053466796875,1.0957629394531248,8.6005615234375,3.357046979865941,0.8559197608638788
8.08053466796875,1.2031311035156247,9.9589111328125,3.3812080536914477,0.8713378985345239
4.57818115234375,1.0957629394531248,9.9589111328125,1.9583892617449363,0.7657840599906794
3.0855346679687496,6.200631103515624,3.6505615234375,1.5865771812080303,0.9333261780891733
9.57318115234375,6.200631103515624,3.6505615234375,4.183892617449955,0.974651643553246
3.0855346679687496,6.093262939453124,3.6505615234375,1.5865771812080303,0.9323942049973888
3.0855346679687496,6.200631103515624,5.0089111328125,1.5865771812080303,0.9386146811332206
9.57318115234375,6.093262939453124,5.0089111328125,4.1825503355707605,0.9763881026602413
4.33428466796875,2.4525061035156246,2.4130615234375004,2.016107382550307,0.8566425351229185
8.32443115234375,2.4525061035156246,2.4130615234375004,3.6107382550337634,0.9157413090910413
4.33428466796875,7.342637939453124,2.4130615234375004,2.093959731543607,0.9505030862520676
4.33428466796875,2.4525061035156246,1.2964111328125,2.013422818791917,0.828216954907715
8.32443115234375,7.342637939453124,1.2964111328125,3.692617449664648,0.9620364905664189
9.32928466796875,7.450006103515625,7.3630615234375,4.093959731543902,0.9820604971838478
3.3294311523437496,7.450006103515625,7.3630615234375,1.6926174496644042,0.9558124897735822
9.32928466796875,2.345137939453125,7.3630615234375,4.004026845637848,0.9401339727181193
9.32928466796875,7.450006103515625,6.2464111328125,4.093959731543902,0.9814211097488325
3.3294311523437496,2.345137939453125,6.2464111328125,1.6053691275167548,0.8512610050682529
6.8317846679687495,4.951256103515624,4.8880615234375,3.073825503355832,0.959928318025335
5.82693115234375,4.951256103515624,4.8880615234375,2.6711409395973833,0.9538196612903005
6.8317846679687495,4.843887939453125,4.8880615234375,3.072483221476637,0.9590181637400188
6.8317846679687495,4.951256103515624,8.7214111328125,3.072483221476637,0.9640977477728184
5.82693115234375,4.843887939453125,8.7214111328125,2.6697986577181885,0.9578463866412597
1.83678466796875,9.948756103515626,9.8380615234375,1.1046979865771664,0.9515439433729724
0.83193115234375,9.948756103515626,9.8380615234375,0.703355704697979,0.924246992498623
1.83678466796875,9.841387939453124,9.8380615234375,1.1046979865771664,0.951134221067202
1.83678466796875,9.948756103515626,3.7714111328125,1.106040268456361,0.9413301502247049
0.83193115234375,9.841387939453124,3.7714111328125,0.703355704697979,0.9067864535260513
2.46115966796875,0.578443603515625,4.2693115234375,0.4966442953020096,0.15178776777695188
2.70505615234375,0.578443603515625,4.2693115234375,0.6617449664429462,0.2217862710869279
2.46115966796875,2.9698254394531247,4.2693115234375,1.2859060402684384,0.8415007250695064
2.46115966796875,0.578443603515625,4.3901611328125,0.4993288590603988,0.15321365498899642
2.70505615234375,2.9698254394531247,4.3901611328125,1.38255033557045,0.8528363175742634
7.45615966796875,5.575943603515625,9.2193115234375,3.3302013422820442,0.9710751708842724
7.70005615234375,5.575943603515625,9.2193115234375,3.426845637584072,0.9717861749996152
7.45615966796875,7.967325439453124,9.2193115234375,3.346308724832382,0.980125998287045
7.45615966796875,5.575943603515625,9.3401611328125,3.3302013422820442,0.9711328902739822
7.70005615234375,7.967325439453124,9.3401611328125,3.4442953020136047,0.9808029258904764
9.95365966796875,3.0771936035156244,1.7943115234375002,4.287248322147957,0.9351813722220307
0.20755615234375002,3.0771936035156244,1.7943115234375002,0.40939597315436016,0.44251613477842994
9.95365966796875,5.468575439453124,1.7943115234375002,4.330201342282192,0.9632338097229165
9.95365966796875,3.0771936035156244,6.8651611328125,4.2845637583895675,0.9567446273069506
0.20755615234375002,5.468575439453124,6.8651611328125,0.4228187919463062,0.6551020036390033
4.95865966796875,8.074693603515625,6.7443115234375,2.3476510067114296,0.9702154745940273
5.20255615234375,8.074693603515625,6.7443115234375,2.445637583892652,0.9714951678726189
4.95865966796875,0.47107543945312497,6.7443115234375,1.6697986577180959,0.46671039481616394
4.95865966796875,8.074693603515625,1.9151611328125002,2.3476510067114296,0.9555995869373126
5.20255615234375,0.47107543945312497,1.9151611328125002,1.6496644295301768,0.42217062456419696
3.7099096679687498,4.326568603515624,7.9818115234375,1.8147651006711134,0.9297544576345257
6.45130615234375,4.326568603515624,7.9818115234375,2.9114093959732577,0.9559543117271023
3.7099096679687498,1.7204504394531248,7.9818115234375,1.710067114093934,0.8193660392704413
3.7099096679687498,4.326568603515624,3.1526611328125003,1.816107382550308,0.9135190885199882
6.45130615234375,1.7204504394531248,3.1526611328125003,2.8093959731544507,0.8638090811325365
8.70490966796875,9.324068603515625,3.0318115234375003,3.8523489932888326,0.980563054610641
1.45630615234375,9.324068603515625,3.0318115234375003,0.9516778523489813,0.9225018910410097
8.70490966796875,6.717950439453125,3.0318115234375003,3.840268456376079,0.9728775451301259
8.70490966796875,9.324068603515625,8.1026611328125,3.8523489932888326,0.9852243014200035
1.45630615234375,6.717950439453125,8.1026611328125,0.9382550335570352,0.9131998512950037
6.20740966796875,1.8278186035156248,5.5068115234374995,2.719463087248397,0.8832012438403218
8.94880615234375,1.8278186035156248,5.5068115234374995,3.8161073825505722,0.9155169893059943
6.20740966796875,9.216700439453126,5.5068115234374995,2.852348993288685,0.9777667460928802
6.20740966796875,1.8278186035156248,5.6276611328124995,2.719463087248397,0.883699902432832
8.94880615234375,9.216700439453126,5.6276611328124995,3.9489932885908603,0.98413027620355
1.21240966796875,6.825318603515624,0.5568115234375001,0.8335570469798559,0.8124939858881681
3.9538061523437498,6.825318603515624,0.5568115234375001,1.9382550335570172,0.8961426436344024
1.21240966796875,4.219200439453124,0.5568115234375001,0.7932885906040177,0.722515465522778
1.21240966796875,6.825318603515624,0.6776611328125,0.8348993288590505,0.8201345009332794
3.9538061523437498,4.219200439453124,0.6776611328125,1.9087248322147359,0.8580931782086264
0.90022216796875,1.5154748535156248,8.9099365234375,0.44832214765100376,0.30783612718956016
6.1391186523437495,1.5154748535156248,8.9099365234375,2.65637583892624,0.8680567476569159
0.90022216796875,5.780919189453124,8.9099365234375,0.7087248322147575,0.8657468424625663
0.90022216796875,1.5154748535156248,7.7932861328125,0.44832214765100376,0.3064807870087354
6.1391186523437495,5.780919189453124,7.7932861328125,2.8040268456376714,0.9657174562433535
5.8952221679687495,6.512974853515624,3.9599365234375004,2.714093959731618,0.9636378663010355
1.14411865234375,6.512974853515624,3.9599365234375004,0.8134228187919368,0.8808205287817266
5.8952221679687495,0.7834191894531249,3.9599365234375004,2.3798657718121055,0.7038551309620603
5.8952221679687495,6.512974853515624,2.8432861328125,2.714093959731618,0.959494688131105
1.14411865234375,0.7834191894531249,2.8432861328125,0.4174496644295278,0.15348477810792732
8.39272216796875,4.014224853515625,6.4349365234375,3.683221476510284,0.9610211855044688
8.63661865234375,4.014224853515625,6.4349365234375,3.7812080536915067,0.9620792573026618
8.39272216796875,3.282169189453125,6.4349365234375,3.6671140939599463,0.9521717650228906
8.39272216796875,4.014224853515625,0.3682861328125,3.677852348993505,0.8886337065497216
8.63661865234375,3.282169189453125,0.3682861328125,3.755704697986805,0.8739233569125827
3.39772216796875,9.011724853515625,1.4849365234375,1.727516778523464,0.9400916531937047
3.64161865234375,9.011724853515625,1.4849365234375,1.8255033557046703,0.9431774758998774
3.39772216796875,8.279669189453125,1.4849365234375,1.7248322147650748,0.9351145099683515
3.39772216796875,9.011724853515625,5.3182861328125,1.7261744966442694,0.9616015861867472
3.64161865234375,8.279669189453125,5.3182861328125,1.8214765100670864,0.9605208962264321
4.64647216796875,2.7648498535156247,2.7224365234375,2.1530201342281794,0.8827962999441115
4.89036865234375,2.7648498535156247,2.7224365234375,2.251006711409402,0.8875795689212904
4.64647216796875,9.529044189453126,2.7224365234375,2.22818791946309,0.9656388874131894
4.64647216796875,2.7648498535156247,9.0307861328125,2.148993288590595,0.9091924204792712
4.89036865234375,9.529044189453126,9.0307861328125,2.3261744966443123,0.9760048011698785
9.64147216796875,7.762349853515624,7.6724365234375,4.220134228188216,0.9834513409856114
9.88536865234375,7.762349853515624,7.6724365234375,4.318120805369438,0.9838818206773993
9.64147216796875,4.5315441894531245,7.6724365234375,4.191946308725124,0.9707840916414904
9.64147216796875,7.762349853515624,4.0807861328125,4.220134228188216,0.9806339846496341
9.88536865234375,4.5315441894531245,4.0807861328125,4.289932885906347,0.9670522918527515
7.14397216796875,0.266099853515625,0.2474365234375,0.9691275167785112,0.14268916233969997
2.3928686523437497,0.266099853515625,0.2474365234375,0.40805369127516555,0.05032026534115412
7.14397216796875,2.0327941894531247,0.2474365234375,3.0630872483222733,0.7885654141222483
7.14397216796875,0.266099853515625,1.6057861328125,1.4845637583892402,0.24921652491719928
2.3928686523437497,2.0327941894531247,1.6057861328125,1.1999999999999835,0.7122116820003745
2.1489721679687497,5.2635998535156245,5.1974365234375,1.2040268456375673,0.9065354770280374
7.38786865234375,5.2635998535156245,5.1974365234375,3.299328859060563,0.9653431583260452
2.1489721679687497,7.030294189453125,5.1974365234375,1.2174496644295134,0.9302248589900284
2.1489721679687497,5.2635998535156245,6.5557861328125,1.2026845637583727,0.9103022452246964
7.38786865234375,7.030294189453125,6.5557861328125,3.3140939597317063,0.9756641239559953
1.52459716796875,4.638912353515624,0.8661865234375,0.9382550335570352,0.7902101121861473
9.26099365234375,4.638912353515624,0.8661865234375,4.044295302013693,0.9340421690015196
1.52459716796875,0.158731689453125,0.8661865234375,0.4026845637583871,0.03173046952574246
1.52459716796875,4.638912353515624,5.9370361328125,0.9463087248322029,0.8689492030107075
9.26099365234375,0.158731689453125,5.9370361328125,1.0738255033556905,0.12396685571601444
6.51959716796875,9.636412353515626,5.8161865234375,2.978523489932999,0.9799328272396861
4.26599365234375,9.636412353515626,5.8161865234375,2.076510067114074,0.970970940730105
6.51959716796875,5.156231689453125,5.8161865234375,2.9503355704699077,0.961360895921663
6.51959716796875,9.636412353515626,0.9870361328125,2.979865771812194,0.958140765565863
4.26599365234375,5.156231689453125,0.9870361328125,2.0510067114093724,0.8993189883991703
9.01709716796875,2.140162353515625,3.3411865234375,3.8684563758391706,0.9189383361501166
6.76349365234375,2.140162353515625,3.3411865234375,2.9677852348994405,0.8958774872585944
9.01709716796875,7.654981689453124,3.3411865234375,3.9704697986579776,0.9777788063495679
9.01709716796875,2.140162353515625,3.4620361328125,3.8684563758391706,0.9197752324906949
6.76349365234375,7.654981689453124,3.4620361328125,3.0684563758390526,0.9715287919306472
4.02209716796875,7.1376623535156245,8.2911865234375,1.9677852348992986,0.9610622952760939
1.76849365234375,7.1376623535156245,8.2911865234375,1.0657718120805229,0.9282687547044166
4.02209716796875,2.6574816894531246,8.2911865234375,1.8953020134227898,0.8922373602720088
4.02209716796875,7.1376623535156245,8.4120361328125,1.9677852348992986,0.9611539913546125
1.76849365234375,2.6574816894531246,8.4120361328125,0.9959731543624033,0.7959630480211382
2.77334716796875,0.8907873535156249,7.0536865234374995,1.1422818791946154,0.5313309544730853
0.51974365234375,0.8907873535156249,7.0536865234374995,0.40805369127516555,0.17460972700532973
2.77334716796875,3.9068566894531247,7.0536865234374995,1.4322147651006505,0.9000595653879568
2.77334716796875,0.8907873535156249,7.1745361328124995,1.1422818791946154,0.5317616264064452
0.51974365234375,3.9068566894531247,7.1745361328124995,0.5114093959731503,0.6568777433366091
7.76834716796875,5.888287353515625,2.1036865234375,3.459060402684748,0.9603175838443407
5.51474365234375,5.888287353515625,2.1036865234375,2.557046979865823,0.9467164123136054
7.76834716796875,8.904356689453126,2.1036865234375,3.4765100671142806,0.9738162787342026
7.76834716796875,5.888287353515625,2.2245361328125,3.459060402684748,0.9612492824207685
5.51474365234375,8.904356689453126,2.2245361328125,2.5744966442953556,0.9656231745877739
5.27084716796875,3.3895373535156246,9.5286865234375,2.4201342281879503,0.9344041217644634
3.01724365234375,3.3895373535156246,9.5286865234375,1.5181208053691053,0.8964835870047819
5.27084716796875,6.4056066894531245,9.5286865234375,2.46174496644299,0.9658936808378947
5.27084716796875,3.3895373535156246,4.6995361328125,2.4201342281879503,0.9252449417717578
3.01724365234375,6.4056066894531245,4.6995361328125,1.5610738255033327,0.9387464021932519
0.27584716796875003,8.387037353515625,4.5786865234375,0.46711409395972825,0.8081704265969596
8.01224365234375,8.387037353515625,4.5786865234375,3.5718120805371134,0.9796042514222645
0.27584716796875003,1.408106689453125,4.5786865234375,0.40671140939597095,0.2543778967435885
0.27584716796875003,8.387037353515625,9.6495361328125,0.46845637583892286,0.8255048114027208
8.01224365234375,1.408106689453125,9.6495361328125,3.3906040268458115,0.8890391552462736
0.19780029296875,4.873170166015624,9.9154052734375,0.4187919463087224,0.6214779788139513
4.34404052734375,4.873170166015624,9.9154052734375,2.076510067114074,0.9471009461954623
0.19780029296875,3.5164270019531245,9.9154052734375,0.413422818791944,0.5136926020420645
0.19780029296875,4.873170166015624,6.3237548828125,0.4187919463087224,0.6144396175506477
4.34404052734375,3.5164270019531245,6.3237548828125,2.0523489932885672,0.9204926434789326
5.19280029296875,9.870670166015625,4.9654052734375,2.4483221476510417,0.9751324571986488
9.33904052734375,9.870670166015625,4.9654052734375,4.10738255033585,0.9853432149108485
5.19280029296875,8.513927001953125,4.9654052734375,2.4429530201342624,0.970902637643185
5.19280029296875,9.870670166015625,1.3737548828125001,2.4496644295302366,0.9590554399625314
9.33904052734375,8.513927001953125,1.3737548828125001,4.103355704698266,0.9710881480290543
7.69030029296875,2.3744201660156246,7.4404052734374995,3.348993288590772,0.9295570949399703
1.84654052734375,2.3744201660156246,7.4404052734374995,1.0134228187919332,0.7726874084085769
7.69030029296875,6.015177001953124,7.4404052734374995,3.4281879194632667,0.9731092685463396
7.69030029296875,2.3744201660156246,3.8487548828125004,3.3503355704699667,0.9189588757663465
1.84654052734375,6.015177001953124,3.8487548828125004,1.0899328859060258,0.9026993181226164
2.6953002929687497,7.371920166015625,2.4904052734375,1.4389261744966235,0.9301501114429934
6.84154052734375,7.371920166015625,2.4904052734375,3.097986577181339,0.9669466308480502
2.6953002929687497,1.0176770019531247,2.4904052734375,1.1315436241610586,0.532392248536802
2.6953002929687497,7.371920166015625,8.7987548828125,1.437583892617429,0.948726776295471
6.84154052734375,1.0176770019531247,8.7987548828125,2.8416107382551266,0.8204099674892188
3.94405029296875,1.1250451660156249,3.7279052734375,1.7127516778523233,0.7051929077631178
5.59279052734375,1.1250451660156249,3.7279052734375,2.375838926174521,0.7783769133457212
3.94405029296875,2.267052001953125,3.7279052734375,1.8483221476509786,0.8509390076549861
3.94405029296875,1.1250451660156249,5.0862548828125,1.714093959731518,0.7185992058485993
5.59279052734375,2.267052001953125,5.0862548828125,2.5060402684564194,0.8955137430215347
8.93905029296875,6.122545166015624,8.6779052734375,3.927516778523743,0.9775121869989875
0.59779052734375,6.122545166015624,8.6779052734375,0.5906040268456321,0.838121165059913
8.93905029296875,7.264552001953124,8.6779052734375,3.935570469798912,0.9812543989001232
8.93905029296875,6.122545166015624,0.1362548828125,3.911409395973405,0.8969996582852783
0.59779052734375,7.264552001953124,0.1362548828125,0.5718120805369076,0.7251133905023639
6.44155029296875,3.6237951660156247,1.2529052734375001,2.8979865771813094,0.9074696193568613
8.09029052734375,3.6237951660156247,1.2529052734375001,3.558389261745165,0.9228244379644986
6.44155029296875,9.763302001953125,1.2529052734375001,2.948993288590713,0.9635256589515561
6.44155029296875,3.6237951660156247,2.6112548828125,2.8953020134229197,0.9301819496571881
8.09029052734375,9.763302001953125,2.6112548828125,3.608053691275374,0.9790153742053738
1.44655029296875,8.621295166015624,6.2029052734375,0.9449664429530082,0.9298075271968143
3.09529052734375,8.621295166015624,6.2029052734375,1.6040268456375602,0.9583290295639557
1.44655029296875,4.765802001953125,6.2029052734375,0.9167785234899215,0.8692410060022004
1.44655029296875,8.621295166015624,7.5612548828125,0.9449664429530082,0.9323635859207319
3.09529052734375,4.765802001953125,7.5612548828125,1.5758389261744734,0.9261437257348322
2.0709252929687496,1.7497326660156247,0.6341552734375,0.9906040268456249,0.5790599923237563
1.22216552734375,1.7497326660156247,0.6341552734375,0.5946308724832159,0.4072462217464483
2.0709252929687496,7.889239501953124,0.6341552734375,1.1892617449664267,0.8731814068473269
2.0709252929687496,1.7497326660156247,9.4175048828125,1.0577181208053552,0.7170793423170625
1.22216552734375,7.889239501953124,9.4175048828125,0.8510067114093858,0.9202451635386149
7.06592529296875,6.747232666015624,5.5841552734375,3.183892617449808,0.97266289636619
6.21716552734375,6.747232666015624,5.5841552734375,2.844295302013516,0.9693631353820125
7.06592529296875,2.8917395019531247,5.5841552734375,3.1234899328860406,0.9345649173223898
7.06592529296875,6.747232666015624,4.4675048828124995,3.183892617449808,0.9710746842003226
6.21716552734375,2.8917395019531247,4.4675048828124995,2.783892617449749,0.9229673543134845
9.56342529296875,4.248482666015625,3.1091552734375,4.157046979866059,0.960556647743712
3.71966552734375,4.248482666015625,3.1091552734375,1.8187919463086972,0.9117622372793213
9.56342529296875,0.392989501953125,3.1091552734375,3.4389261744968254,0.6133865381559569
9.56342529296875,4.248482666015625,1.9925048828125003,4.157046979866059,0.9531534501852812
3.71966552734375,0.392989501953125,1.9925048828125003,0.48590604026845274,0.0982403718512373
4.56842529296875,9.245982666015625,8.0591552734375,2.195973154362414,0.9731423711882867
8.71466552734375,9.245982666015625,8.0591552734375,3.8550335570472223,0.9849801060517351
4.56842529296875,5.390489501953124,8.0591552734375,2.171812080536907,0.9527502407564926
4.56842529296875,9.245982666015625,6.9425048828125,2.195973154362414,0.9723849805246986
8.71466552734375,5.390489501953124,6.9425048828125,3.83221476510091,0.9727609020353151
3.31967529296875,2.999107666015625,6.8216552734375,1.628187919463063,0.8855805510352204
9.96341552734375,2.999107666015625,6.8216552734375,4.285906040268762,0.955577751220951
3.31967529296875,6.639864501953125,6.8216552734375,1.683221476510042,0.9492560755215151
3.31967529296875,2.999107666015625,8.1800048828125,1.628187919463063,0.888882673805713
9.96341552734375,6.639864501953125,8.1800048828125,4.342281879194945,0.9812801763213
8.314675292968749,7.996607666015624,1.8716552734375,3.691275167785453,0.9709911152840367
4.96841552734375,7.996607666015624,1.8716552734375,2.351677852349014,0.9548791664966589
8.314675292968749,1.6423645019531248,1.8716552734375,3.550335570469996,0.8660756735921715
8.314675292968749,7.996607666015624,3.2300048828125,3.691275167785453,0.9768799612690693
4.96841552734375,1.6423645019531248,3.2300048828125,2.209395973154362,0.8248792211133937
5.8171752929687495,0.5003576660156249,9.2966552734375,2.118120805369114,0.5763076715198727
7.46591552734375,0.5003576660156249,9.2966552734375,2.7892617449665282,0.6629436585781573
5.8171752929687495,4.141114501953124,9.2966552734375,2.6550335570470454,0.950798543934949
5.8171752929687495,0.5003576660156249,0.7550048828125,1.86040268456373,0.4381429491413007
7.46591552734375,4.141114501953124,0.7550048828125,3.3181208053692908,0.9090983906567525
0.82217529296875,5.497857666015625,4.3466552734374995,0.6751677852348923,0.829835302196207
2.4709155273437498,5.497857666015625,4.3466552734374995,1.3342281879194442,0.9152218495263709
0.82217529296875,9.138614501953125,4.3466552734374995,0.6979865771812006,0.90287714687021
0.82217529296875,5.497857666015625,5.7050048828125,0.6751677852348923,0.8383671183610897
2.4709155273437498,9.138614501953125,5.7050048828125,1.355704697986558,0.9525603305821436
1.13436279296875,0.18801391601562498,5.2747802734375,0.4026845637583871,0.03955555406854453
7.77810302734375,0.18801391601562498,5.2747802734375,0.9100671140939485,0.11936186298735965
1.13436279296875,0.7053332519531249,5.2747802734375,0.4161073825503332,0.14300597720070043
1.13436279296875,0.18801391601562498,3.5393798828125003,0.4026845637583871,0.03907115102477491
7.77810302734375,0.7053332519531249,3.5393798828125003,3.0939597315437544,0.7362393484524118
6.12936279296875,5.1855139160156245,0.32478027343750004,2.7879194630873334,0.8837734719776931
2.78310302734375,5.1855139160156245,0.32478027343750004,1.4416107382550127,0.8234722883549541
6.12936279296875,5.702833251953124,0.32478027343750004,2.7946308724833075,0.8912091648371886
6.12936279296875,5.1855139160156245,8.4893798828125,2.7946308724833075,0.9622166118483655
2.78310302734375,5.702833251953124,8.4893798828125,1.4604026845637372,0.934340376849286
8.62686279296875,2.6867639160156247,7.7497802734375,3.739597315436467,0.9445274476824975
5.28060302734375,2.6867639160156247,7.7497802734375,2.400000000000028,0.9142528012670479
8.62686279296875,8.201583251953124,7.7497802734375,3.8161073825505722,0.9826824592037466
8.62686279296875,2.6867639160156247,6.0143798828124995,3.739597315436467,0.9418913928652359
5.28060302734375,8.201583251953124,6.0143798828124995,2.476510067114133,0.9714628705351386
3.6318627929687497,7.684263916015624,2.7997802734375004,1.8147651006711134,0.9484956098622999
0.28560302734375004,7.684263916015624,2.7997802734375004,0.46308724832214443,0.7695750359983249
3.6318627929687497,3.204083251953125,2.7997802734375004,1.7624161073825237,0.8780927412289976
3.6318627929687497,7.684263916015624,1.0643798828125002,1.816107382550308,0.923174389971369
0.28560302734375004,3.204083251953125,1.0643798828125002,0.4147651006711386,0.4470456733213047
4.8806127929687495,3.9361389160156244,1.5622802734375,2.2791946308724933,0.902583672475846
1.53435302734375,3.9361389160156244,1.5622802734375,0.935570469798646,0.7904911630885629
4.8806127929687495,4.4534582519531245,1.5622802734375,2.288590604026857,0.9132918783110864
4.8806127929687495,3.9361389160156244,4.7768798828125,2.2765100671141036,0.9317314366058924
1.53435302734375,4.4534582519531245,4.7768798828125,0.9476510067113975,0.8577479723640071
9.87561279296875,8.933638916015624,6.5122802734375,4.319463087248633,0.9856379956369429
6.52935302734375,8.933638916015624,6.5122802734375,2.979865771812194,0.9788278195945015
9.87561279296875,9.450958251953125,6.5122802734375,4.320805369127828,0.9864260570948689
9.87561279296875,8.933638916015624,9.7268798828125,4.4255033557050245,0.9867817723225241
6.52935302734375,9.450958251953125,9.7268798828125,2.9812080536913887,0.9814162856476278
7.37811279296875,1.4373889160156248,4.0372802734375,3.144966442953158,0.8637514136053406
4.03185302734375,1.4373889160156248,4.0372802734375,1.8080536912751404,0.7748312431095792
7.37811279296875,6.952208251953125,4.0372802734375,3.310067114094122,0.9722215541891568
7.37811279296875,1.4373889160156248,7.2518798828125,3.142281879194768,0.8782073186614988
4.03185302734375,6.952208251953125,7.2518798828125,1.9704697986576878,0.9591077066549505
2.38311279296875,6.434888916015624,8.9872802734375,1.307382550335552,0.9358960274459067
9.02685302734375,6.434888916015624,8.9872802734375,3.9651006711411982,0.9789825791357332
2.38311279296875,1.9547082519531247,8.9872802734375,1.2013422818791781,0.776366680778745
2.38311279296875,6.434888916015624,2.3018798828125,1.3087248322147467,0.9107365510094756
9.02685302734375,1.9547082519531247,2.3018798828125,3.8617449664431964,0.9006337763408132
1.75873779296875,3.3114514160156245,4.6560302734375,1.0147651006711278,0.8224762371769263
7.15372802734375,3.3114514160156245,4.6560302734375,3.1718120805370544,0.9411983534767336
1.75873779296875,5.078145751953125,4.6560302734375,1.0456375838926038,0.8859457912134826
1.75873779296875,3.3114514160156245,0.44562988281250004,0.9838926174496518,0.7093117923110446
7.15372802734375,5.078145751953125,0.44562988281250004,3.2026845637585355,0.9024724132799522
6.75373779296875,8.308951416015626,9.6060302734375,3.067114093959858,0.9793690003691728
2.15872802734375,8.308951416015626,9.6060302734375,1.2281879194630703,0.9477495656159917
6.75373779296875,0.080645751953125,9.6060302734375,0.41073825503355477,0.01793452420288264
6.75373779296875,8.308951416015626,5.3956298828125,3.067114093959858,0.9768589544103832
2.15872802734375,0.080645751953125,5.3956298828125,0.4026845637583871,0.017253598651568672
9.25123779296875,0.812701416015625,2.1810302734375,3.739597315436467,0.7781876062121222
9.65122802734375,0.812701416015625,2.1810302734375,3.8993288590606516,0.7855334480092623
9.25123779296875,2.5793957519531245,2.1810302734375,3.9879194630875103,0.9241588511054005
9.25123779296875,0.812701416015625,7.8706298828125,3.731543624161298,0.8259912118677812
9.65122802734375,2.5793957519531245,7.8706298828125,4.144966442953305,0.947980514176253
4.25623779296875,5.810201416015625,7.1310302734375,2.0510067114093724,0.9526250514002972
4.65622802734375,5.810201416015625,7.1310302734375,2.212080536912752,0.9562606036418069
4.25623779296875,7.576895751953124,7.1310302734375,2.063087248322126,0.9639503013604329
4.25623779296875,5.810201416015625,2.9206298828125004,2.0523489932885672,0.9408285898176303
4.65622802734375,7.576895751953124,2.9206298828125004,2.2241610738255053,0.9578816304381519
3.00748779296875,2.062076416015625,8.3685302734375,1.457718120805348,0.8232447845798254
3.4074780273437497,2.062076416015625,8.3685302734375,1.6174496644295062,0.8402776036805069
3.00748779296875,8.826270751953125,8.3685302734375,1.5691275167785004,0.9604816327208863
3.00748779296875,2.062076416015625,1.6831298828125,1.4550335570469588,0.7594306812508873
3.4074780273437497,8.826270751953125,1.6831298828125,1.7315436241610478,0.9425857106290172
8.00248779296875,7.0595764160156245,3.4185302734375003,3.561073825503555,0.9732845274537164
8.40247802734375,7.0595764160156245,3.4185302734375003,3.7208053691277394,0.9743966669284196
8.00248779296875,3.8287707519531247,3.4185302734375003,3.5248322147652944,0.9501005542297958
8.00248779296875,7.0595764160156245,6.6331298828125,3.55973154362436,0.9774738579889096
8.40247802734375,3.8287707519531247,6.6331298828125,3.683221476510284,0.9593328821079237
5.50498779296875,4.560826416015624,5.8935302734374995,2.5369127516779004,0.9493919792167237
0.90997802734375,4.560826416015624,5.8935302734374995,0.6993288590603952,0.8128141123326112
5.50498779296875,1.3300207519531249,5.8935302734374995,2.3785234899329106,0.8243324739917612
5.50498779296875,4.560826416015624,9.1081298828125,2.5369127516779004,0.9531405331343965
0.90997802734375,1.3300207519531249,9.1081298828125,0.4348993288590577,0.2665853875838544
0.50998779296875,9.558326416015625,0.9435302734375,0.5677852348993238,0.8273399490377165
5.90497802734375,9.558326416015625,0.9435302734375,2.7342281879195403,0.9533183307379016
0.50998779296875,6.3275207519531245,0.9435302734375,0.5409395973154316,0.7382602640671952
0.50998779296875,9.558326416015625,4.1581298828125,0.5744966442952968,0.8832042707482788
5.90497802734375,6.3275207519531245,4.1581298828125,2.7154362416108127,0.962907957433981
0.35389404296875,2.218248291015625,2.9544677734375,0.413422818791944,0.3606118138773451
8.87075927734375,2.218248291015625,2.9544677734375,3.8147651006713774,0.9175713827875287
0.35389404296875,4.921973876953125,2.9544677734375,0.45100671140939297,0.6348050549896918
0.35389404296875,2.218248291015625,3.0753173828125,0.413422818791944,0.36114913665723225
8.87075927734375,4.921973876953125,3.0753173828125,3.889932885906288,0.9635277850135802
5.34889404296875,7.2157482910156245,7.9044677734375,2.499328859060445,0.9695371884420707
3.8757592773437497,7.2157482910156245,7.9044677734375,1.9087248322147359,0.9597607023352277
5.34889404296875,9.919473876953125,7.9044677734375,2.510067114094004,0.9780817654412235
5.34889404296875,7.2157482910156245,8.025317382812501,2.499328859060445,0.9696174704014773
3.8757592773437497,9.919473876953125,8.025317382812501,1.9208053691274873,0.9713081607114749
7.8463940429687495,4.716998291015624,0.4794677734375,3.4765100671142806,0.905414617424026
6.37325927734375,4.716998291015624,0.4794677734375,2.885906040268556,0.8919883554574428
7.8463940429687495,7.420723876953124,0.4794677734375,3.5006711409397875,0.9331114538377125
7.8463940429687495,4.716998291015624,5.5503173828125,3.4765100671142806,0.963863564709541
6.37325927734375,7.420723876953124,5.5503173828125,2.910067114094063,0.972694546558646
2.85139404296875,9.714498291015625,5.4294677734375,1.5100671140939377,0.9595314359717485
1.37825927734375,9.714498291015625,5.4294677734375,0.9208053691275053,0.9339461063673111
2.85139404296875,2.423223876953125,5.4294677734375,1.4187919463087044,0.8334906126886696
2.85139404296875,9.714498291015625,0.6003173828125,1.5114093959731323,0.907667936705798
1.37825927734375,2.423223876953125,0.6003173828125,0.7731543624160986,0.5883067609028741
4.10014404296875,3.4676232910156246,9.1419677734375,1.953020134228158,0.920272268549128
0.12950927734375,3.4676232910156246,9.1419677734375,0.40805369127516555,0.5034944231231836
4.10014404296875,1.1738488769531248,9.1419677734375,1.7865771812080267,0.7578468976872155
4.10014404296875,3.4676232910156246,4.3128173828125,1.9543624161073525,0.9083226208480197
0.12950927734375,1.1738488769531248,4.3128173828125,0.4013422818791925,0.21528188031883363
9.09514404296875,8.465123291015626,4.1919677734375,4.005369127517043,0.9815400382828364
5.1245092773437495,8.465123291015626,4.1919677734375,2.416107382550366,0.9691493868311867
9.09514404296875,6.171348876953124,4.1919677734375,3.991946308725095,0.9743526131058955
9.09514404296875,8.465123291015626,9.2628173828125,4.006711409396238,0.984607663316976
5.1245092773437495,6.171348876953124,9.2628173828125,2.4013422818792227,0.9635136901355296
6.59764404296875,0.9688732910156249,6.6669677734374995,2.7315436241611506,0.7978698799019365
2.62700927734375,0.9688732910156249,6.6669677734374995,1.116778523489918,0.5480904647637037
6.59764404296875,8.670098876953125,6.6669677734374995,3.0053691275168957,0.9783390661690068
6.59764404296875,0.9688732910156249,6.7878173828124995,2.7315436241611506,0.7984066310926295
2.62700927734375,8.670098876953125,6.7878173828124995,1.4174496644295098,0.9541375413622959
1.60264404296875,5.966373291015625,1.7169677734375002,0.9932885906040141,0.865123146940534
7.62200927734375,5.966373291015625,1.7169677734375002,3.40134228187937,0.9563742427875892
1.60264404296875,3.6725988769531246,1.7169677734375002,0.9583892617449543,0.7874082498913931
1.60264404296875,5.966373291015625,1.8378173828125002,0.9932885906040141,0.8678367181930611
7.62200927734375,3.6725988769531246,1.8378173828125002,3.370469798657889,0.9319730187082786
2.2270190429687498,4.092310791015625,7.2857177734375,1.2174496644295134,0.8886694743979459
5.74888427734375,4.092310791015625,7.2857177734375,2.626845637583954,0.9476890244099645
2.2270190429687498,9.294786376953125,7.2857177734375,1.2590604026845462,0.9523134096350551
2.2270190429687498,4.092310791015625,1.2190673828125,1.2174496644295134,0.8268827520586146
5.74888427734375,9.294786376953125,1.2190673828125,2.6697986577181885,0.9573053173943091
7.22201904296875,9.089810791015625,2.3357177734375,3.2577181208055235,0.9737683082757063
0.7538842773437501,9.089810791015625,2.3357177734375,0.6697986577181139,0.8790584348810182
7.22201904296875,4.297286376953124,2.3357177734375,3.221476510067263,0.9444793481361065
7.22201904296875,9.089810791015625,6.1690673828125,3.2577181208055235,0.9808124515810075
0.7538842773437501,4.297286376953124,6.1690673828125,0.6308724832214703,0.7719063854034391
9.71951904296875,1.5935607910156249,9.7607177734375,4.097986577181486,0.9179683698072845
8.24638427734375,1.5935607910156249,9.7607177734375,3.5087248322149565,0.9047104861654631
9.71951904296875,1.7985363769531248,9.7607177734375,4.1194630872486035,0.9274353351856004
9.71951904296875,1.5935607910156249,8.6440673828125,4.097986577181486,0.9165794708484412
8.24638427734375,1.7985363769531248,8.6440673828125,3.5302013422820737,0.9142738483644889
4.72451904296875,6.591060791015624,4.8107177734375,2.2456375838926226,0.9587199240785323
3.25138427734375,6.591060791015624,4.8107177734375,1.6563758389261498,0.9442277260763245
4.72451904296875,6.796036376953125,4.8107177734375,2.2469798657718174,0.9599910184744316
4.72451904296875,6.591060791015624,3.6940673828125004,2.2456375838926226,0.9556140765193712
3.25138427734375,6.796036376953125,3.6940673828125004,1.6577181208053444,0.9419699598406697
3.47576904296875,0.34418579101562496,1.0982177734375,0.42550335570469544,0.0690618591939969
4.50013427734375,0.34418579101562496,1.0982177734375,0.5275167785234856,0.09391483423369898
3.47576904296875,5.546661376953124,1.0982177734375,1.7395973154362154,0.8960752516512891
3.47576904296875,0.34418579101562496,2.4565673828125,0.43087248322147387,0.07357341280076479
4.50013427734375,5.546661376953124,2.4565673828125,2.1476510067114,0.9370472032365065
8.47076904296875,5.341685791015625,6.0482177734375,3.7342281879196877,0.9709728051006846
9.49513427734375,5.341685791015625,6.0482177734375,4.1436241610741105,0.9738291807968027
8.47076904296875,0.549161376953125,6.0482177734375,3.2496644295303545,0.7131989069245332
8.47076904296875,5.341685791015625,7.4065673828125,3.7342281879196877,0.9721302847831473
9.49513427734375,0.549161376953125,7.4065673828125,3.6563758389263876,0.7473800943119906
5.97326904296875,2.8429357910156248,3.5732177734375004,2.6845637583893316,0.9140003267261041
2.0026342773437498,2.8429357910156248,3.5732177734375004,1.0979865771811934,0.8004255723249545
5.97326904296875,3.0479113769531248,3.5732177734375004,2.6926174496645006,0.9199387288073372
5.97326904296875,2.8429357910156248,9.8815673828125,2.6832214765101368,0.929729833520706
2.0026342773437498,3.0479113769531248,9.8815673828125,1.1033557046979718,0.84329452841212
0.9782690429687501,7.840435791015624,8.5232177734375,0.7543624161073741,0.9084186584920932
6.99763427734375,7.840435791015624,8.5232177734375,3.1624161073826906,0.9783156716130392
0.9782690429687501,8.045411376953124,8.5232177734375,0.7543624161073741,0.910320447902613
0.9782690429687501,7.840435791015624,4.9315673828125,0.7543624161073741,0.8981883984304798
6.99763427734375,8.045411376953124,4.9315673828125,3.1637583892618855,0.9763203159248806
0.66608154296875,2.5305920410156246,2.0263427734375,0.46979865771811746,0.44208572049636014
2.9391967773437497,2.5305920410156246,2.0263427734375,1.4590604026845426,0.8057779663883
0.66608154296875,2.1108801269531248,2.0263427734375,0.4375838926174469,0.35903961512333593
0.66608154296875,2.5305920410156246,7.0971923828125,0.495302013422815,0.4995131386750661
2.9391967773437497,2.1108801269531248,7.0971923828125,1.4348993288590397,0.8204547448422703
5.66108154296875,7.528092041015625,6.9763427734375,2.625503355704759,0.971530623431653
7.93419677734375,7.528092041015625,6.9763427734375,3.535570469798853,0.9790581598453892
5.66108154296875,7.108380126953124,6.9763427734375,2.6228187919463695,0.9697231007152258
5.66108154296875,7.528092041015625,2.1471923828125004,2.626845637583954,0.9595783607102077
7.93419677734375,7.108380126953124,2.1471923828125004,3.534228187919658,0.9680434673212936
8.15858154296875,0.031842041015624996,4.5013427734375,0.40402684563758173,0.006836555948932609
0.44169677734375,0.031842041015624996,4.5013427734375,0.3999999999999979,0.0067815151128780655
8.15858154296875,9.607130126953125,4.5013427734375,3.6348993288592704,0.9825097079950871
8.15858154296875,0.031842041015624996,4.6221923828125,0.40402684563758173,0.006842278492582253
0.44169677734375,9.607130126953125,4.6221923828125,0.54630872483221,0.8780653418510298
3.1635815429687497,5.029342041015624,9.4513427734375,1.6053691275167548,0.9332735312959953
5.43669677734375,5.029342041015624,9.4513427734375,2.515436241610783,0.9573487350301659
3.1635815429687497,4.609630126953125,9.4513427734375,1.5999999999999763,0.9270727643541026
3.1635815429687497,5.029342041015624,9.5721923828125,1.6053691275167548,0.9333910502024609
5.43669677734375,4.609630126953125,9.5721923828125,2.510067114094004,0.9534424113936437
4.41233154296875,1.2812170410156247,5.7388427734375,1.9342281879194334,0.7791560156768154
6.68544677734375,1.2812170410156247,5.7388427734375,2.8416107382551266,0.8450956271804259
4.41233154296875,3.3602551269531244,5.7388427734375,2.076510067114074,0.9164106659980269
4.41233154296875,1.2812170410156247,5.8596923828125,1.9342281879194334,0.7798725256960227
6.68544677734375,3.3602551269531244,5.8596923828125,2.9852348993289732,0.9415187788245332
9.40733154296875,6.278717041015624,0.7888427734375,4.1194630872486035,0.947701420067774
1.6904467773437502,6.278717041015624,0.7888427734375,1.0255033557046846,0.8413700775317035
9.40733154296875,8.357755126953125,0.7888427734375,4.131543624161357,0.9595803867798209
9.40733154296875,6.278717041015624,0.9096923828125,4.1194630872486035,0.9516688333208732
1.6904467773437502,8.357755126953125,0.9096923828125,1.04161073825502,0.8808571761312607
6.90983154296875,3.7799670410156248,8.2138427734375,3.0845637583893906,0.9525880242773623
9.18294677734375,3.7799670410156248,8.2138427734375,3.9946308724834845,0.9634616191583697
6.90983154296875,5.859005126953124,8.2138427734375,3.114093959731677,0.9699983383328267
6.90983154296875,3.7799670410156248,3.3846923828125,3.0859060402685854,0.9421454855870601
9.18294677734375,5.859005126953124,3.3846923828125,4.024161073825771,0.9713016052149742
1.9148315429687501,8.777467041015624,3.2638427734375,1.1328859060402532,0.9320905188670477
4.1879467773437495,8.777467041015624,3.2638427734375,2.0429530201342034,0.9620777923085839
1.9148315429687501,0.861505126953125,3.2638427734375,0.6201342281879134,0.2820043440800618
1.9148315429687501,8.777467041015624,8.3346923828125,1.1315436241610586,0.9448426119997646
4.1879467773437495,0.861505126953125,8.3346923828125,1.7288590604026586,0.6693491733225936
1.29045654296875,0.656529541015625,7.5950927734375,0.4187919463087224,0.13687582248543484
2.31482177734375,0.656529541015625,7.5950927734375,0.6241610738254972,0.236661797992877
1.29045654296875,6.4836926269531245,7.5950927734375,0.8711409395973049,0.9023912425771392
1.29045654296875,0.656529541015625,8.9534423828125,0.4187919463087224,0.13758551338022462
2.31482177734375,6.4836926269531245,8.9534423828125,1.28053691275166,0.9350640565956868
6.28545654296875,5.654029541015625,2.6450927734375003,2.863087248322244,0.9545701258662608
7.30982177734375,5.654029541015625,2.6450927734375003,3.2724832214766666,0.9601032455366514
6.28545654296875,1.4861926269531247,2.6450927734375003,2.7181208053692023,0.8329339353650448
6.28545654296875,5.654029541015625,4.0034423828125,2.863087248322244,0.9603518135185137
7.30982177734375,1.4861926269531247,4.0034423828125,3.1248322147652354,0.8668750881173906
8.78295654296875,3.1552795410156245,5.1200927734374995,3.818791946308962,0.9497420132334716
4.81232177734375,3.1552795410156245,5.1200927734374995,2.2308724832214795,0.9151000626194281
8.78295654296875,3.9849426269531247,5.1200927734374995,3.8389261744968843,0.9604185163832928
8.78295654296875,3.1552795410156245,1.5284423828125002,3.8228187919465464,0.9247036947834781
4.81232177734375,3.9849426269531247,1.5284423828125002,2.2536912751677916,0.902030754704225
3.78795654296875,8.152779541015626,0.1700927734375,1.867114093959703,0.873395882947557
9.80732177734375,8.152779541015626,0.1700927734375,4.280536912751983,0.9213149814275899
3.78795654296875,8.982442626953125,0.1700927734375,1.8724832214764815,0.8810220428673395
3.78795654296875,8.152779541015626,6.4784423828125,1.8791946308724545,0.9627017707325943
9.80732177734375,8.982442626953125,6.4784423828125,4.291275167785542,0.9855001403455789
2.53920654296875,4.404654541015624,3.8825927734375,1.3489932885905849,0.8933592640084559
8.55857177734375,4.404654541015624,3.8825927734375,3.757046979866,0.9607298194887077
2.53920654296875,7.733067626953124,3.8825927734375,1.3771812080536716,0.9393422945247931
2.53920654296875,4.404654541015624,7.7159423828125,1.3476510067113903,0.9071417434847229
8.55857177734375,7.733067626953124,7.7159423828125,3.786577181208286,0.9814150464269413
7.53420654296875,9.402154541015625,8.8325927734375,3.3838926174498374,0.9834583212905458
3.56357177734375,9.402154541015625,8.8325927734375,1.7946308724831943,0.9681335778410093
7.53420654296875,2.7355676269531246,8.8325927734375,3.3033557046981477,0.9395249677986126
7.53420654296875,9.402154541015625,2.7659423828125003,3.3838926174498374,0.9772333435555081
3.56357177734375,2.7355676269531246,2.7659423828125003,1.7194630872482963,0.8554507335598989
5.03670654296875,1.9059045410156248,1.4075927734375002,2.259060402684571,0.8124613611188165
6.06107177734375,1.9059045410156248,1.4075927734375002,2.6711409395973833,0.8361771132491713
5.03670654296875,0.236817626953125,1.4075927734375002,0.42684563758389005,0.04910644059553056
5.03670654296875,1.9059045410156248,0.2909423828125,2.204026845637583,0.7376359537808337
6.06107177734375,0.236817626953125,0.2909423828125,0.43087248322147387,0.04546239267891418
0.04170654296875,6.903404541015624,6.3575927734375,0.40402684563758173,0.7061520628844291
1.06607177734375,6.903404541015624,6.3575927734375,0.7838926174496554,0.8943394252928096
0.04170654296875,5.234317626953125,6.3575927734375,0.4026845637583871,0.6222103323830296
0.04170654296875,6.903404541015624,5.2409423828124995,0.40402684563758173,0.7029422527163068
1.06607177734375,5.234317626953125,5.2409423828124995,0.7704697986577094,0.8521120244463072
0.03195068359375,4.394893798828124,2.4614013671875004,0.4013422818791925,0.5529860940708315
2.44164794921875,4.394893798828124,2.4614013671875004,1.3114093959731359,0.875804774135469
0.03195068359375,6.6496252441406245,2.4614013671875004,0.4026845637583871,0.6786326177901156
0.03195068359375,4.394893798828124,9.5625244140625,0.4013422818791925,0.572237164506355
2.44164794921875,6.6496252441406245,9.5625244140625,1.331543624161055,0.9393834093967823
5.02695068359375,9.392393798828126,7.4114013671875,2.3798657718121055,0.9752665703804081
7.43664794921875,9.392393798828126,7.4114013671875,3.3449664429531873,0.9826944954027497
5.02695068359375,1.6521252441406247,7.4114013671875,2.2295302013422846,0.8527292350481737
5.02695068359375,9.392393798828126,4.6125244140624995,2.3798657718121055,0.972439132912839
7.43664794921875,1.6521252441406247,4.6125244140624995,3.1946308724833665,0.8855468918652332
7.52445068359375,1.8961437988281247,4.9364013671875,3.252348993288744,0.9026757043313944
4.93914794921875,1.8961437988281247,4.9364013671875,2.218791946308726,0.8603244167969939
7.52445068359375,4.150875244140624,4.9364013671875,3.338255033557213,0.9559234264590954
7.52445068359375,1.8961437988281247,2.1375244140625003,3.2563758389263286,0.8778312705853761
4.93914794921875,4.150875244140624,2.1375244140625003,2.30604026845639,0.9184112934990811
2.52945068359375,6.8936437988281245,9.8864013671875,1.369127516778504,0.9436293901080837
9.93414794921875,6.8936437988281245,9.8864013671875,4.3315436241613865,0.9824591933087014
2.52945068359375,9.148375244140626,9.8864013671875,1.3798657718120608,0.9579847959441579
2.52945068359375,6.8936437988281245,7.0875244140625,1.369127516778504,0.9405794285308412
9.93414794921875,9.148375244140626,7.0875244140625,4.34362416107414,0.9863339871551293
3.77820068359375,0.646768798828125,6.1739013671875,1.3986577181207853,0.5007154876331869
8.68539794921875,0.646768798828125,6.1739013671875,3.4161073825505133,0.7614433134497207
3.77820068359375,7.899000244140624,6.1739013671875,1.873825503355676,0.9609293822884144
3.77820068359375,0.646768798828125,8.3250244140625,1.4107382550335368,0.511642302444788
8.68539794921875,7.899000244140624,8.3250244140625,3.8375838926176895,0.9822648218080167
8.77320068359375,5.644268798828125,1.2239013671875,3.8604026845640016,0.9518280641524794
3.6903979492187498,5.644268798828125,1.2239013671875,1.8255033557046703,0.9054734233050062
8.77320068359375,2.9015002441406246,1.2239013671875,3.810738255033793,0.9104838662445132
8.77320068359375,5.644268798828125,3.3750244140625,3.8590604026848068,0.9689896080118412
3.6903979492187498,2.9015002441406246,3.3750244140625,1.7758389261744698,0.8738702033795549
6.27570068359375,3.1455187988281246,8.6489013671875,2.81476510067123,0.9382003074276196
6.18789794921875,3.1455187988281246,8.6489013671875,2.7798657718121644,0.9374710292697646
6.27570068359375,0.402750244140625,8.6489013671875,2.1208053691275035,0.5062612927712312
6.27570068359375,3.1455187988281246,0.9000244140625,2.8187919463088145,0.879209089648551
6.18789794921875,0.402750244140625,0.9000244140625,1.7597315436241345,0.3727500811350376
1.28070068359375,8.143018798828125,3.6989013671875,0.8765100671140833,0.9093843375032
1.1928979492187501,8.143018798828125,3.6989013671875,0.8416107382550235,0.9057606024613571
1.28070068359375,5.400250244140625,3.6989013671875,0.8590604026845534,0.8624455481594011
1.28070068359375,8.143018798828125,5.8500244140625,0.8765100671140833,0.9188811569711244
1.1928979492187501,5.400250244140625,5.8500244140625,0.822818791946299,0.8693669075453536
1.9050756835937501,1.2714562988281248,8.0301513671875,0.90469798657717,0.5581874032577956
3.06602294921875,1.2714562988281248,8.0301513671875,1.3919463087248123,0.7092902331835489
1.9050756835937501,2.2768127441406247,8.0301513671875,1.0322147651006577,0.7703386415479365
1.9050756835937501,1.2714562988281248,6.4687744140625,0.8993288590603916,0.5500291661477751
3.06602294921875,2.2768127441406247,6.4687744140625,1.4966442953019916,0.8373634581522671
6.90007568359375,6.268956298828124,3.0801513671875003,3.114093959731677,0.964260037188024
8.06102294921875,6.268956298828124,3.0801513671875003,3.5785234899330876,0.9688616114150805
6.90007568359375,7.274312744140624,3.0801513671875003,3.120805369127651,0.969292279305618
6.90007568359375,6.268956298828124,1.5187744140625001,3.1154362416108716,0.9520903048507642
8.06102294921875,7.274312744140624,1.5187744140625001,3.5865771812082565,0.9637504664609716
9.39757568359375,3.7702062988281244,5.5551513671874995,4.0805369127519535,0.9613631125353297
0.56852294921875,3.7702062988281244,5.5551513671874995,0.5288590604026802,0.6568393645530834
9.39757568359375,9.773062744140624,5.5551513671874995,4.130201342282162,0.9856824061022352
9.39757568359375,3.7702062988281244,3.9937744140625004,4.081879194631148,0.9581620332470682
0.56852294921875,9.773062744140624,3.9937744140625004,0.5986577181207997,0.8904290327270304
4.40257568359375,8.767706298828125,0.6051513671875,2.1288590604026725,0.9226467990412724
5.56352294921875,8.767706298828125,0.6051513671875,2.594630872483278,0.9338031427097103
4.40257568359375,4.7755627441406245,0.6051513671875,2.0979865771811914,0.8751699985973991
4.40257568359375,8.767706298828125,8.9437744140625,2.1275167785234776,0.9711382271645672
5.56352294921875,4.7755627441406245,8.9437744140625,2.562416107382602,0.9554346160055895
3.15382568359375,2.5208312988281247,4.3176513671875,1.5449664429529975,0.8452732551602351
6.81227294921875,2.5208312988281247,4.3176513671875,3.0067114093960905,0.9176339446615771
3.15382568359375,3.5261877441406244,4.3176513671875,1.577181208053668,0.8891887228775421
3.15382568359375,2.5208312988281247,5.2312744140625,1.5436241610738028,0.8508575424158341
6.81227294921875,3.5261877441406244,5.2312744140625,3.040268456375961,0.943883376869173
8.14882568359375,7.518331298828124,9.2676513671875,3.621476510067322,0.980587934874295
1.81727294921875,7.518331298828124,9.2676513671875,1.0872483221476366,0.9342773341481045
8.14882568359375,8.523687744140625,9.2676513671875,3.6255033557049066,0.9829337568464025
8.14882568359375,7.518331298828124,0.2812744140625,3.6187919463089324,0.9204594006965041
1.81727294921875,8.523687744140625,0.2812744140625,1.0832214765100527,0.8456137724931804
5.6513256835937495,0.022081298828125,1.8426513671875002,0.4013422818791925,0.00459484679116566
9.30977294921875,0.022081298828125,1.8426513671875002,0.4026845637583871,0.004601268465319518
5.6513256835937495,6.024937744140624,1.8426513671875002,2.6134228187920057,0.94610538211883
5.6513256835937495,0.022081298828125,2.7562744140625,0.4013422818791925,0.004648007904112245
9.30977294921875,6.024937744140624,2.7562744140625,4.076510067114369,0.970388526856391
0.65632568359375,5.0195812988281245,6.7926513671875,0.6026845637583835,0.796627561165147
4.31477294921875,5.0195812988281245,6.7926513671875,2.0671140939597104,0.945294966153649
0.65632568359375,1.0274377441406248,6.7926513671875,0.413422818791944,0.20029121046752157
0.65632568359375,5.0195812988281245,7.7062744140625,0.6026845637583835,0.7999450631525371
4.31477294921875,1.0274377441406248,7.7062744140625,1.8375838926174217,0.7293016071987981
0.96851318359375,0.33442504882812496,2.7707763671875,0.40402684563758173,0.06766645799904739
5.87571044921875,0.33442504882812496,2.7707763671875,1.4912751677852132,0.3137536087421794
0.96851318359375,8.836031494140625,2.7707763671875,0.7557046979865687,0.8954318866540162
0.96851318359375,0.33442504882812496,0.5906494140625,0.40402684563758173,0.06468007036745245
5.87571044921875,8.836031494140625,0.5906494140625,2.719463087248397,0.935815337611008
5.96351318359375,5.331925048828125,7.7207763671875,2.7302013422819558,0.9618504349114927
0.8807104492187501,5.331925048828125,7.7207763671875,0.696644295302006,0.8472978772430175
5.96351318359375,3.8385314941406246,7.7207763671875,2.7073825503356437,0.946350937722882
5.96351318359375,5.331925048828125,5.5406494140625,2.7302013422819558,0.9592663235610499
0.8807104492187501,3.8385314941406246,5.5406494140625,0.6738255033556977,0.7623575986251547
8.46101318359375,2.833175048828125,0.2957763671875,3.6590604026847773,0.8509296438622576
8.37321044921875,2.833175048828125,0.2957763671875,3.6241610738257117,0.8500698434326137
8.46101318359375,1.3397814941406248,0.2957763671875,3.4912751677854237,0.7537204646835147
8.46101318359375,2.833175048828125,8.0156494140625,3.6791946308726997,0.946830476535709
8.37321044921875,1.3397814941406248,8.0156494140625,3.5248322147652944,0.8850368497491634
3.4660131835937498,7.830675048828124,5.2457763671875,1.7489932885905777,0.9563366259864727
3.37821044921875,7.830675048828124,5.2457763671875,1.714093959731518,0.9555097873893583
3.4660131835937498,6.337281494140624,5.2457763671875,1.7395973154362154,0.9456608745947046
3.4660131835937498,7.830675048828124,3.0656494140625004,1.7489932885905777,0.9491626970873563
3.37821044921875,6.337281494140624,3.0656494140625004,1.7046979865771557,0.935789868937686
4.71476318359375,4.082550048828125,8.9582763671875,2.212080536912752,0.9397318065157484
4.62696044921875,4.082550048828125,8.9582763671875,2.1771812080536863,0.9388233729862796
4.71476318359375,5.087906494140625,8.9582763671875,2.226845637583895,0.9519318777447987
4.71476318359375,4.082550048828125,1.8281494140625,2.2161073825503363,0.9090457479157795
4.62696044921875,5.087906494140625,1.8281494140625,2.194630872483219,0.925105983936271
9.70976318359375,9.080050048828125,4.0082763671875,4.253691275168086,0.9836202441301908
9.62196044921875,9.080050048828125,4.0082763671875,4.218791946309021,0.9835066008254318
9.70976318359375,0.090406494140625,4.0082763671875,0.4187919463087224,0.01986375036147918
9.70976318359375,9.080050048828125,6.7781494140625,4.253691275168086,0.9857907996508848
9.62196044921875,0.090406494140625,6.7781494140625,0.420134228187917,0.020393284332296077
7.21226318359375,1.5838000488281248,6.4832763671875,3.095302013422949,0.8851527766527905
2.1294604492187497,1.5838000488281248,6.4832763671875,1.061744966442939,0.679363841210139
7.21226318359375,2.589156494140625,6.4832763671875,3.1691275167786648,0.9301119973962735
7.21226318359375,1.5838000488281248,9.2531494140625,3.0939597315437544,0.8911022672757569
2.1294604492187497,2.589156494140625,9.2531494140625,1.136912751677837,0.8202087608473883
2.21726318359375,6.581300048828124,1.5332763671875,1.2442953020134055,0.8946486520635466
7.12446044921875,6.581300048828124,1.5332763671875,3.20671140939612,0.9556279729777704
2.21726318359375,7.586656494140624,1.5332763671875,1.249664429530184,0.9074178565976316
2.21726318359375,6.581300048828124,4.3031494140625,1.2416107382550163,0.9234832025291
7.12446044921875,7.586656494140624,4.3031494140625,3.2120805369128993,0.97427104883969
1.59288818359375,3.4578625488281247,7.1020263671874995,0.9516778523489813,0.8309380594883088
8.99758544921875,3.4578625488281247,7.1020263671874995,3.9127516778526,0.9581200776606396
1.59288818359375,4.463218994140624,7.1020263671874995,0.9704697986577058,0.8712959203339182
1.59288818359375,3.4578625488281247,3.6843994140625003,0.9530201342281759,0.8099669323444618
8.99758544921875,4.463218994140624,3.6843994140625003,3.934228187919717,0.9624695952327113
6.5878881835937495,8.455362548828125,2.1520263671875,3.001342281879311,0.9683133439372733
4.00258544921875,8.455362548828125,2.1520263671875,1.9677852348992986,0.9523107817691088
6.5878881835937495,9.460718994140626,2.1520263671875,3.0053691275168957,0.9717275645300858
6.5878881835937495,8.455362548828125,8.6343994140625,3.001342281879311,0.9789126536789268
4.00258544921875,9.460718994140626,8.6343994140625,1.9704697986576878,0.9710917842960138
9.08538818359375,0.9591125488281249,9.5770263671875,3.7194630872485446,0.853842522440303
6.50008544921875,0.9591125488281249,9.5770263671875,2.6872483221477212,0.802385028974623
9.08538818359375,6.961968994140625,9.5770263671875,3.9932885906042896,0.9811124580103612
9.08538818359375,0.9591125488281249,6.1593994140624995,3.7221476510069342,0.8443783147977502
6.50008544921875,6.961968994140625,6.1593994140624995,2.9583892617450767,0.9720332977787026
4.09038818359375,5.956612548828124,4.6270263671875,1.986577181208023,0.9478035756501288
1.50508544921875,5.956612548828124,4.6270263671875,0.9530201342281759,0.8929290440900141
4.09038818359375,1.9644689941406248,4.6270263671875,1.8859060402684276,0.8406711678797874
4.09038818359375,5.956612548828124,1.2093994140625002,1.9892617449664123,0.9160454043060977
1.50508544921875,1.9644689941406248,1.2093994140625002,0.8026845637583799,0.5733604388937752
2.8416381835937496,2.2084875488281246,0.9145263671875,1.3838926174496446,0.7305998827618023
0.25633544921875,2.2084875488281246,0.9145263671875,0.40805369127516555,0.3424881685986282
2.8416381835937496,0.7150939941406249,0.9145263671875,0.8389261744966343,0.3043562446993764
2.8416381835937496,2.2084875488281246,4.9218994140625,1.4040268456375637,0.8134220970113413
0.25633544921875,0.7150939941406249,4.9218994140625,0.4026845637583871,0.1402104681987078
7.83663818359375,7.205987548828125,5.8645263671875,3.495302013423008,0.977050594257393
5.25133544921875,7.205987548828125,5.8645263671875,2.460402684563795,0.9671607053749804
7.83663818359375,5.712593994140624,5.8645263671875,3.4832214765102547,0.9706065589109828
7.83663818359375,7.205987548828125,9.8718994140625,3.4939597315438133,0.9790366946455749
5.25133544921875,5.712593994140624,9.8718994140625,2.4483221476510417,0.9616877215383439
5.33913818359375,4.707237548828124,3.3895263671875,2.4738255033557435,0.9422552454022447
2.75383544921875,4.707237548828124,3.3895263671875,1.4389261744966235,0.9023716630421232
5.33913818359375,8.211343994140625,3.3895263671875,2.50067114093964,0.9671468385617075
5.33913818359375,4.707237548828124,7.3968994140625,2.4724832214765486,0.9518161257248089
2.75383544921875,8.211343994140625,7.3968994140625,1.4657718120805157,0.9537330770145438
0.34413818359375004,9.704737548828126,8.3395263671875,0.5060402684563718,0.8762266291594896
7.74883544921875,9.704737548828126,8.3395263671875,3.4697986577183064,0.9841353792944154
0.34413818359375004,3.2138439941406247,8.3395263671875,0.42550335570469544,0.4952798594140345
0.34413818359375004,9.704737548828126,2.4468994140625,0.5046979865771772,0.8432382204932101
7.74883544921875,3.2138439941406247,2.4468994140625,3.4080536912753443,0.9314314734208181
0.50023193359375,2.0523156738281245,5.4004638671875,0.4228187919463062,0.3559654101615618
6.96836669921875,2.0523156738281245,5.4004638671875,3.041610738255156,0.9056051343607946
0.50023193359375,5.556422119140625,5.4004638671875,0.5422818791946262,0.7771177422388413
0.50023193359375,2.0523156738281245,1.0547119140625,0.4174496644295278,0.32635461765934853
6.96836669921875,5.556422119140625,1.0547119140625,3.136912751677989,0.9362162828503371
5.49523193359375,7.049815673828125,0.4504638671875,2.555704697986628,0.9102466422015643
1.97336669921875,7.049815673828125,0.4504638671875,1.1409395973154208,0.8449400667192123
5.49523193359375,0.558922119140625,0.4504638671875,1.765100671140913,0.4347137685360544
5.49523193359375,7.049815673828125,6.0047119140625,2.557046979865823,0.9678600710704767
1.97336669921875,0.558922119140625,6.0047119140625,0.42953020134227926,0.1208065564045219
7.99273193359375,4.551065673828124,7.8754638671875,3.5328859060404634,0.9656124525868253
9.46586669921875,4.551065673828124,7.8754638671875,4.122147651006993,0.9705670255231587
7.99273193359375,3.0576721191406246,7.8754638671875,3.4993288590605927,0.9480184306472017
7.99273193359375,4.551065673828124,8.4797119140625,3.5315436241612685,0.9658559323046443
9.46586669921875,3.0576721191406246,8.4797119140625,4.0885906040271225,0.9559849339261457
2.99773193359375,9.548565673828126,2.9254638671875,1.5691275167785004,0.9529445950334174
4.47086669921875,9.548565673828126,2.9254638671875,2.1583892617449587,0.9656190750709017
2.99773193359375,8.055172119140625,2.9254638671875,1.563758389261722,0.9442432404748018
2.99773193359375,9.548565673828126,3.5297119140625,1.5691275167785004,0.9557816080556067
4.47086669921875,8.055172119140625,3.5297119140625,2.1530201342281794,0.9617251394610267
4.24648193359375,3.3016906738281246,1.6879638671875001,2.0120805369127224,0.8766987636305525
3.2221166992187498,3.3016906738281246,1.6879638671875001,1.601342281879171,0.8498649047928919
4.24648193359375,9.304547119140626,1.6879638671875001,2.068456375838905,0.953870959007934
4.24648193359375,3.3016906738281246,2.2922119140625004,2.0107382550335275,0.8882366590101667
3.2221166992187498,9.304547119140626,2.2922119140625004,1.6577181208053444,0.9497759792689864
9.24148193359375,8.299190673828125,6.6379638671875,4.063087248322421,0.9835197133295579
8.21711669921875,8.299190673828125,6.6379638671875,3.652348993288803,0.9814976266831118
9.24148193359375,4.307047119140624,6.6379638671875,4.028187919463355,0.9670536413094926
9.24148193359375,8.299190673828125,7.2422119140625,4.063087248322421,0.9838239064986101
8.21711669921875,4.307047119140624,7.2422119140625,3.6187919463089324,0.9639553632618645
6.74398193359375,0.802940673828125,4.1629638671875,2.7315436241611506,0.7438919853798412
0.72461669921875,0.802940673828125,4.1629638671875,0.41073825503355477,0.1574539146474785
6.74398193359375,1.8082971191406247,4.1629638671875,2.932885906040375,0.8832810386937503
6.74398193359375,0.802940673828125,9.7172119140625,2.7248322147651765,0.7714324816067439
0.72461669921875,1.8082971191406247,9.7172119140625,0.4402684563758361,0.3457581130802182
1.74898193359375,5.800440673828124,9.1129638671875,1.048322147650993,0.9116864107213186
5.71961669921875,5.800440673828124,9.1129638671875,2.6362416107383178,0.9645327747682828
1.74898193359375,6.805797119140625,9.1129638671875,1.0563758389261606,0.9253782487366446
1.74898193359375,5.800440673828124,4.7672119140625,1.0496644295301876,0.9009823214361294
5.71961669921875,6.805797119140625,4.7672119140625,2.6456375838926816,0.9660619928172318
2.3733569335937497,3.9263781738281245,4.7817138671874995,1.273825503355687,0.8800345394163582
7.59274169921875,3.9263781738281245,4.7817138671874995,3.36241610738272,0.953508101552941
2.3733569335937497,1.183609619140625,4.7817138671874995,1.0778523489932743,0.586907792486594
2.3733569335937497,3.9263781738281245,2.9109619140625003,1.2751677852348815,0.8648945030276509
7.59274169921875,1.183609619140625,2.9109619140625003,3.190604026845782,0.8271735477570987
7.36835693359375,8.923878173828125,9.7317138671875,3.315436241610901,0.9823769148933155
2.5977416992187496,8.923878173828125,9.7317138671875,1.4053691275167584,0.9572950918530965
7.36835693359375,6.181109619140624,9.7317138671875,3.299328859060563,0.973824290950864
7.36835693359375,8.923878173828125,7.8609619140625,3.315436241610901,0.9817070335896985
2.5977416992187496,6.181109619140624,7.8609619140625,1.3906040268456177,0.9356756125557113
9.86585693359375,1.4276281738281247,2.3067138671875003,4.142281879194916,0.8760041905199762
5.09524169921875,1.4276281738281247,2.3067138671875003,2.2322147651006743,0.7882827082150823
9.86585693359375,8.679859619140625,2.3067138671875003,4.3154362416110486,0.9792286020199346
9.86585693359375,1.4276281738281247,5.3859619140624995,4.136912751678136,0.9004185196074423
5.09524169921875,8.679859619140625,5.3859619140624995,2.405369127516807,0.9717355703081672
4.87085693359375,6.425128173828124,7.2567138671875,2.3020134228188054,0.9619922907421743
0.10024169921875,6.425128173828124,7.2567138671875,0.41073825503355477,0.6930502001315677
4.87085693359375,3.6823596191406245,7.2567138671875,2.26711409395974,0.9327634334419247
4.87085693359375,6.425128173828124,0.43596191406250007,2.3006711409396106,0.8955912508645456
0.10024169921875,3.6823596191406245,0.43596191406250007,0.40402684563758173,0.47755986911785075
3.62210693359375,0.178253173828125,8.4942138671875,0.413422818791944,0.03926227130974073
1.34899169921875,0.178253173828125,8.4942138671875,0.40402684563758173,0.03827930930336674
3.62210693359375,4.931734619140625,8.4942138671875,1.7879194630872213,0.937912801101936
3.62210693359375,0.178253173828125,4.1484619140625,0.4120805369127494,0.03809139170765784
1.34899169921875,4.931734619140625,4.1484619140625,0.8805369127516671,0.8570733109370171
8.61710693359375,5.175753173828125,3.5442138671875,3.7906040268458705,0.9659535330385853
6.3439916992187495,5.175753173828125,3.5442138671875,2.8805369127517766,0.9552005567417838
8.61710693359375,9.929234619140624,3.5442138671875,3.818791946308962,0.982576870811289
8.61710693359375,5.175753173828125,9.0984619140625,3.7906040268458705,0.9725828631228262
6.3439916992187495,9.929234619140624,9.0984619140625,2.908724832214868,0.9817259264015671
6.11960693359375,2.677003173828125,6.0192138671875,2.735570469798735,0.9207804430528064
3.84649169921875,2.677003173828125,6.0192138671875,1.8268456375838649,0.8832072350355682
6.11960693359375,7.430484619140624,6.0192138671875,2.8093959731544507,0.972375160276435
6.11960693359375,2.677003173828125,6.6234619140625,2.735570469798735,0.9222018731839717
3.84649169921875,7.430484619140624,6.6234619140625,1.8993288590603736,0.9597062281943496
1.12460693359375,7.674503173828124,1.0692138671875,0.8107382550335476,0.8515946138779995
8.84149169921875,7.674503173828124,1.0692138671875,3.9006711409398465,0.9614045864395724
1.12460693359375,2.432984619140625,1.0692138671875,0.6791946308724761,0.5700425366750395
1.12460693359375,7.674503173828124,1.6734619140625002,0.8120805369127422,0.869860027842408
8.84149169921875,2.432984619140625,1.6734619140625002,3.818791946308962,0.9078766903797746
0.81241943359375,2.9893469238281245,9.4223388671875,0.614765100671135,0.6702186491271201
1.03680419921875,2.9893469238281245,9.4223388671875,0.7140939597315359,0.7325757738097587
0.81241943359375,7.742828369140624,9.4223388671875,0.6872483221476438,0.8988836374371398
0.81241943359375,2.9893469238281245,8.7890869140625,0.614765100671135,0.6687118210513399
1.03680419921875,7.742828369140624,8.7890869140625,0.7771812080536824,0.9104454180054731
5.80741943359375,7.986846923828124,4.4723388671875,2.6872483221477212,0.9711166140055638
6.03180419921875,7.986846923828124,4.4723388671875,2.7771812080537748,0.9720821294921754
5.80741943359375,2.7453283691406245,4.4723388671875,2.6147651006712005,0.9140144261428693
5.80741943359375,7.986846923828124,3.8390869140625004,2.6872483221477212,0.9698115711877101
6.03180419921875,2.7453283691406245,3.8390869140625004,2.704697986577254,0.9134873016463856
8.30491943359375,0.490596923828125,6.9473388671875,3.1167785234900665,0.6793620997983376
3.53430419921875,0.490596923828125,6.9473388671875,0.9718120805369004,0.30136201113000094
8.30491943359375,0.24657836914062498,6.9473388671875,2.249664429530207,0.37333230779266746
8.30491943359375,0.490596923828125,1.3640869140625,3.0228187919464284,0.5939708201968628
3.53430419921875,0.24657836914062498,1.3640869140625,0.4161073825503332,0.05001065057610324
3.30991943359375,5.488096923828125,1.9973388671875,1.6711409395972905,0.9130198728420372
8.52930419921875,5.488096923828125,1.9973388671875,3.7597315436243894,0.9598867037559632
3.30991943359375,5.244078369140625,1.9973388671875,1.6697986577180959,0.9094761536149856
3.30991943359375,5.488096923828125,6.3140869140625,1.6697986577180959,0.9372464147531601
8.52930419921875,5.244078369140625,6.3140869140625,3.755704697986805,0.9707555049038036
4.55866943359375,1.7399719238281248,3.2348388671875004,2.055033557046957,0.8224366916719523
9.77805419921875,1.7399719238281248,3.2348388671875004,4.140939597315721,0.9065780288113428
4.55866943359375,6.493453369140624,3.2348388671875004,2.178523489932881,0.9516002489507172
4.55866943359375,1.7399719238281248,7.5515869140625,2.0510067114093724,0.8485199171737494
9.77805419921875,6.493453369140624,7.5515869140625,4.267114093960035,0.9801977520216746
9.55366943359375,6.737471923828124,8.1848388671875,4.178523489933176,0.9807691011343057
4.78305419921875,6.737471923828124,8.1848388671875,2.2697986577181295,0.9641625325681358
9.55366943359375,1.4959533691406248,8.1848388671875,4.020134228188186,0.909022933004245
9.55366943359375,6.737471923828124,2.6015869140625,4.179865771812371,0.9736403521596344
4.78305419921875,1.4959533691406248,2.6015869140625,2.118120805369114,0.7930301076152486
7.05616943359375,4.238721923828124,0.7598388671875,3.1557046979867165,0.9074013658871898
7.28055419921875,4.238721923828124,0.7598388671875,3.24563758389277,0.9094593522144265
7.05616943359375,3.9947033691406246,0.7598388671875,3.151677852349132,0.9028114569636769
7.05616943359375,4.238721923828124,0.1265869140625,3.1234899328860406,0.85356564142605
7.28055419921875,3.9947033691406246,0.1265869140625,3.20671140939612,0.8505621916774344
2.06116943359375,9.236221923828126,5.7098388671875,1.1932885906040105,0.9471513125656278
2.28555419921875,9.236221923828126,5.7098388671875,1.2818791946308545,0.9503866577742056
2.06116943359375,8.992203369140626,5.7098388671875,1.1919463087248159,0.9454859721994373
2.06116943359375,9.236221923828126,5.0765869140625,1.1932885906040105,0.945716646120113
2.28555419921875,8.992203369140626,5.0765869140625,1.2818791946308545,0.9479525133714821
1.4367944335937501,1.1152844238281248,0.14108886718750002,0.4362416107382523,0.18870226478799157
4.15867919921875,1.1152844238281248,0.14108886718750002,1.6255033557046739,0.5539664496706318
1.4367944335937501,3.370015869140625,0.14108886718750002,0.8308724832214667,0.6454761529844768
1.4367944335937501,1.1152844238281248,6.9328369140624995,0.5744966442952968,0.32930566559600205
4.15867919921875,3.370015869140625,6.9328369140624995,1.9744966442952716,0.9153900307090481
6.43179443359375,6.112784423828124,5.0910888671875,2.924832214765206,0.9662241425680529
9.15367919921875,6.112784423828124,5.0910888671875,4.014765100671407,0.9755586943680415
6.43179443359375,8.367515869140625,5.0910888671875,2.9382550335571542,0.9756067493056582
6.43179443359375,6.112784423828124,1.9828369140625002,2.9261744966444008,0.9538136997390951
9.15367919921875,8.367515869140625,1.9828369140625002,4.028187919463355,0.9751760818908319
8.92929443359375,3.614034423828125,2.6160888671875,3.8912751677854827,0.9475450259710694
1.6611791992187501,3.614034423828125,2.6160888671875,0.9838926174496518,0.8094158669170435
8.92929443359375,5.868765869140624,2.6160888671875,3.9234899328861585,0.9678480638884664
8.92929443359375,3.614034423828125,4.4578369140625,3.889932885906288,0.9554424213008172
1.6611791992187501,5.868765869140624,4.4578369140625,1.0147651006711278,0.897042152391869
3.9342944335937498,8.611534423828125,7.5660888671875,1.9395973154362118,0.9668006589810547
6.65617919921875,8.611534423828125,7.5660888671875,3.0295302013424026,0.9790456465151565
3.9342944335937498,0.871265869140625,7.5660888671875,1.6295302013422577,0.6512103833249105
3.9342944335937498,8.611534423828125,9.4078369140625,1.9395973154362118,0.9679743145228805
6.65617919921875,0.871265869140625,9.4078369140625,2.7181208053692023,0.7862437688704556
2.68554443359375,4.8634094238281245,6.3285888671874995,1.413422818791926,0.9169279032462823
5.4074291992187495,4.8634094238281245,6.3285888671874995,2.502013422818835,0.9525757677230846
2.68554443359375,2.1206408691406247,6.3285888671874995,1.3342281879194442,0.8045724652624535
2.68554443359375,4.8634094238281245,5.6953369140625,1.413422818791926,0.9151706748389101
5.4074291992187495,2.1206408691406247,5.6953369140625,2.421476510067145,0.8873820391329605
7.68054443359375,9.860909423828126,1.3785888671875002,3.4442953020136047,0.9703578212995423
0.41242919921875004,9.860909423828126,1.3785888671875002,0.5315436241610694,0.835845270062271
7.68054443359375,7.118140869140625,1.3785888671875002,3.433557046980046,0.9594233542922299
7.68054443359375,9.860909423828126,0.7453369140625,3.4456375838927995,0.9576240276765466
0.41242919921875004,7.118140869140625,0.7453369140625,0.5046979865771772,0.7349499209446332
5.18304443359375,2.3646594238281247,8.8035888671875,2.3463087248322347,0.9028156650012635
7.90492919921875,2.3646594238281247,8.8035888671875,3.434899328859241,0.9328612608975676
5.18304443359375,9.616890869140626,8.8035888671875,2.4429530201342624,0.9771947612629354
5.18304443359375,2.3646594238281247,3.2203369140625,2.3489932885906244,0.8808122896203252
7.90492919921875,9.616890869140626,3.2203369140625,3.5328859060404634,0.9798658038885495
0.18804443359375,7.362159423828125,3.8535888671875003,0.42684563758389005,0.7315134371429708
2.90992919921875,7.362159423828125,3.8535888671875003,1.5248322147650784,0.9426095208379938
0.18804443359375,4.6193908691406245,3.8535888671875003,0.4147651006711386,0.5836815789468786
0.18804443359375,7.362159423828125,8.1703369140625,0.42818791946308465,0.7489207545753807
2.90992919921875,4.6193908691406245,8.1703369140625,1.4993288590603808,0.9209358092641902
0.26609130859375,0.881026611328125,9.3449951171875,0.40402684563758173,0.17288409937410873
9.07563232421875,0.881026611328125,9.3449951171875,3.6885906040270635,0.8402218658661251
0.26609130859375,0.48083618164062497,9.3449951171875,0.4013422818791925,0.0986634579109702
0.26609130859375,0.881026611328125,5.3086181640625,0.40402684563758173,0.170090831256909
9.07563232421875,0.48083618164062497,5.3086181640625,3.4134228187921236,0.688117103952449
5.26109130859375,5.878526611328124,4.3949951171874995,2.455033557047016,0.9566664862568073
4.08063232421875,5.878526611328124,4.3949951171874995,1.9825503355704392,0.946423125420503
5.26109130859375,5.478336181640625,4.3949951171874995,2.4510067114094314,0.9533705120309642
5.26109130859375,5.878526611328124,0.3586181640625,2.4496644295302366,0.8870286728768058
4.08063232421875,5.478336181640625,0.3586181640625,1.9704697986576878,0.8633494015662537
7.75859130859375,3.3797766113281247,6.8699951171875,3.4147651006713184,0.9506009492216729
6.57813232421875,3.3797766113281247,6.8699951171875,2.9422818791947387,0.9427342946069315
7.75859130859375,7.977086181640624,6.8699951171875,3.4671140939599168,0.9797647645374519
7.75859130859375,3.3797766113281247,2.8336181640625,3.4161073825505133,0.9380745899605953
6.57813232421875,7.977086181640624,2.8336181640625,2.995973154362532,0.9700055769951658
2.76359130859375,8.377276611328124,1.9199951171875,1.471140939597294,0.9332015294291577
1.58313232421875,8.377276611328124,1.9199951171875,0.9999999999999871,0.905008265726578
2.76359130859375,2.9795861816406246,1.9199951171875,1.4080536912751476,0.8235618787995245
2.76359130859375,8.377276611328124,7.7836181640625,1.4697986577180995,0.9550106171132045
1.58313232421875,2.9795861816406246,7.7836181640625,0.9342281879194514,0.8026695958368588
4.01234130859375,4.629151611328124,3.1574951171875,1.9409395973154064,0.9238707258012864
0.33438232421875,4.629151611328124,3.1574951171875,0.4389261744966415,0.603670061973713
4.01234130859375,4.228961181640624,3.1574951171875,1.935570469798628,0.9168793076664817
4.01234130859375,4.629151611328124,6.5461181640624995,1.9409395973154064,0.936452146923533
0.33438232421875,4.228961181640624,6.5461181640624995,0.4362416107382523,0.5896671210418856
9.00734130859375,9.626651611328125,8.1074951171875,3.975838926174757,0.9861063083483194
5.3293823242187495,9.626651611328125,8.1074951171875,2.502013422818835,0.9775348717121244
9.00734130859375,9.226461181640625,8.1074951171875,3.973154362416367,0.9855276905969755
9.00734130859375,9.626651611328125,1.5961181640625002,3.974496644295562,0.9755906182840361
5.3293823242187495,9.226461181640625,1.5961181640625002,2.502013422818835,0.9602923346570196
6.50984130859375,2.1304016113281246,0.6824951171875,2.8563758389262697,0.8247257288654212
2.83188232421875,2.1304016113281246,0.6824951171875,1.362416107382531,0.7057336675805895
6.50984130859375,6.7277111816406245,0.6824951171875,2.962416107382661,0.9299615854284894
6.50984130859375,2.1304016113281246,4.0711181640625,2.8644295302014386,0.8972170996394795
2.83188232421875,6.7277111816406245,4.0711181640625,1.488590604026824,0.9363966457647355
1.51484130859375,7.127901611328125,5.6324951171875,0.9651006711409273,0.915242116526719
7.82688232421875,7.127901611328125,5.6324951171875,3.489932885906229,0.9764075513288696
1.51484130859375,1.7302111816406247,5.6324951171875,0.8174496644295206,0.6058289159998784
1.51484130859375,7.127901611328125,9.0211181640625,0.9637583892617327,0.9214545960340081
7.82688232421875,1.7302111816406247,9.0211181640625,3.355704697986746,0.9071066581560868
2.13921630859375,2.755089111328125,1.3012451171875001,1.1395973154362262,0.7529944122502449
5.95375732421875,2.755089111328125,1.3012451171875001,2.6778523489933574,0.8766203731571875
2.13921630859375,6.103023681640624,1.3012451171875001,1.2080536912751512,0.8775100485231837
2.13921630859375,2.755089111328125,8.4023681640625,1.1476510067113939,0.8302489179642573
5.95375732421875,6.103023681640624,8.4023681640625,2.7328859060403454,0.967164697196553
7.13421630859375,7.752589111328124,6.2512451171875,3.216107382550484,0.9770211119826775
0.95875732421875,7.752589111328124,6.2512451171875,0.7463087248322064,0.9010701967460901
7.13421630859375,1.1055236816406249,6.2512451171875,2.9838926174497784,0.8329390455530554
7.13421630859375,7.752589111328124,3.4523681640625004,3.2174496644296786,0.9731930865436145
0.95875732421875,1.1055236816406249,3.4523681640625004,0.42416107382550083,0.21305683384846652
9.63171630859375,0.256339111328125,3.7762451171875,2.893959731543725,0.4460332664288438
8.45125732421875,0.256339111328125,3.7762451171875,2.314093959731559,0.3783419266520174
9.63171630859375,3.6042736816406244,3.7762451171875,4.171812080537202,0.9564672488802792
9.63171630859375,0.256339111328125,0.9773681640625,2.5208053691275625,0.3592678199582442
8.45125732421875,3.6042736816406244,0.9773681640625,3.702013422819012,0.9163534133458138
4.6367163085937495,5.253839111328125,8.7262451171875,2.1986577181208036,0.9528942343288689
3.45625732421875,5.253839111328125,8.7262451171875,1.7261744966442694,0.9400820513514438
4.6367163085937495,8.601773681640625,8.7262451171875,2.220134228187921,0.9716218707373616
4.6367163085937495,5.253839111328125,5.9273681640625,2.1986577181208036,0.9494980061110364
3.45625732421875,8.601773681640625,5.9273681640625,1.7489932885905777,0.9614758343204306
3.3879663085937497,1.5057141113281247,7.4887451171874995,1.5583892617449435,0.774757829375559
4.70500732421875,1.5057141113281247,7.4887451171874995,2.0832214765100483,0.8290036622133216
3.3879663085937497,9.851148681640625,7.4887451171874995,1.7261744966442694,0.9675895053053034
3.3879663085937497,1.5057141113281247,9.6398681640625,1.557046979865749,0.7812379569754849
4.70500732421875,9.851148681640625,9.6398681640625,2.2523489932885967,0.9761596528777772
8.38296630859375,6.503214111328124,2.5387451171875,3.7100671140941808,0.9689897704170913
9.70000732421875,6.503214111328124,2.5387451171875,4.236241610738554,0.9727237951878642
8.38296630859375,4.853648681640625,2.5387451171875,3.693959731543843,0.9582672824980436
8.38296630859375,6.503214111328124,4.6898681640625,3.708724832214986,0.9745325381538263
9.70000732421875,4.853648681640625,4.6898681640625,4.220134228188216,0.9699149615594931
5.88546630859375,4.004464111328125,9.9637451171875,2.6791946308725523,0.9499547631213539
2.2075073242187497,4.004464111328125,9.9637451171875,1.2080536912751512,0.8906023471496113
5.88546630859375,2.3548986816406248,9.9637451171875,2.625503355704759,0.9137548886196173
5.88546630859375,4.004464111328125,2.2148681640625,2.681879194630942,0.9277212855729775
2.2075073242187497,2.3548986816406248,2.2148681640625,1.154362416107367,0.751834185264346
0.89046630859375,9.001964111328125,5.0137451171875,0.7234899328858981,0.9075257137749007
7.20250732421875,9.001964111328125,5.0137451171875,3.2496644295303545,0.9795633600071955
0.89046630859375,7.352398681640624,5.0137451171875,0.7167785234899251,0.8857338605253431
0.89046630859375,9.001964111328125,7.1648681640625,0.7234899328858981,0.9140975184345419
7.20250732421875,7.352398681640624,7.1648681640625,3.2416107382551855,0.9766323389047014
1.20265380859375,4.316807861328124,5.9418701171874995,0.8134228187919368,0.8348019881623523
2.51969482421875,4.316807861328124,5.9418701171874995,1.3395973154362226,0.9005099369165068
1.20265380859375,2.6672424316406245,5.9418701171874995,0.7664429530201256,0.7124345434458659
1.20265380859375,4.316807861328124,4.9992431640624995,0.8134228187919368,0.829469825314215
2.51969482421875,2.6672424316406245,4.9992431640624995,1.2979865771811898,0.8317048135635978
6.19765380859375,9.314307861328125,0.9918701171875,2.8496644295302955,0.955087499804322
7.51469482421875,9.314307861328125,0.9918701171875,3.3771812080538632,0.9616207134461374
6.19765380859375,7.664742431640624,0.9918701171875,2.8429530201343214,0.9462431216277141
6.19765380859375,9.314307861328125,9.9492431640625,2.8483221476511007,0.9803299257757492
7.51469482421875,7.664742431640624,9.9492431640625,3.3677852348994994,0.9796261453657282
8.69515380859375,1.8180578613281249,8.4168701171875,3.7127516778525704,0.919018177173869
0.02219482421875,1.8180578613281249,8.4168701171875,0.3999999999999979,0.3134277714526051
8.69515380859375,5.165992431640625,8.4168701171875,3.8214765100673516,0.9723822563416646
8.69515380859375,1.8180578613281249,7.4742431640625,3.7127516778525704,0.9174976167793336
0.02219482421875,5.165992431640625,7.4742431640625,0.4013422818791925,0.6199752658507692
3.70015380859375,6.8155578613281245,3.4668701171875003,1.8375838926174217,0.9467337648163314
5.01719482421875,6.8155578613281245,3.4668701171875003,2.3637583892617675,0.9583055799646134
3.70015380859375,0.168492431640625,3.4668701171875003,0.41073825503355477,0.035641073572822785
3.70015380859375,6.8155578613281245,2.5242431640625003,1.8375838926174217,0.9407002725702701
5.01719482421875,0.168492431640625,2.5242431640625003,0.4161073825503332,0.03556031357719236
4.94890380859375,0.568682861328125,2.2293701171875,1.754362416107356,0.50095399405735
6.26594482421875,0.568682861328125,2.2293701171875,2.3328859060402865,0.5873161108485558
4.94890380859375,1.4178674316406248,2.2293701171875,2.171812080536907,0.7804463124970945
4.94890380859375,0.568682861328125,3.7617431640625,1.8013422818791673,0.5311440852606155
6.26594482421875,1.4178674316406248,3.7617431640625,2.6993288590604747,0.8389684829360498
9.94390380859375,5.566182861328125,7.1793701171875,4.326174496644607,0.9769019267396825
1.27094482421875,5.566182861328125,7.1793701171875,0.8550335570469696,0.8825462336583061
9.94390380859375,6.415367431640624,7.1793701171875,4.332885906040581,0.9800611757644572
9.94390380859375,5.566182861328125,8.7117431640625,4.324832214765412,0.9775547431793443
1.27094482421875,6.415367431640624,8.7117431640625,0.8617449664429426,0.9019474970367096
7.44640380859375,3.0674328613281245,4.7043701171875,3.2818791946310304,0.9388611314836518
8.76344482421875,3.0674328613281245,4.7043701171875,3.8080536912754033,0.9470920974978416
7.44640380859375,8.914117431640625,4.7043701171875,3.346308724832382,0.9795333715583786
7.44640380859375,3.0674328613281245,6.2367431640625,3.2818791946310304,0.9425280485742809
8.76344482421875,8.914117431640625,6.2367431640625,3.87382550335595,0.9836590888883248
2.4514038085937497,8.064932861328126,9.6543701171875,1.3436241610738064,0.9506113021696141
3.76844482421875,8.064932861328126,9.6543701171875,1.871140939597287,0.9646796493517247
2.4514038085937497,3.9166174316406246,9.6543701171875,1.3033557046979682,0.8956780167894534
2.4514038085937497,8.064932861328126,1.2867431640625002,1.3463087248321957,0.912285662222976
3.76844482421875,3.9166174316406246,1.2867431640625002,1.833557046979838,0.873584539459504
1.82702880859375,2.4427453613281247,4.0856201171875,1.0093959731543494,0.7567614465359387
1.8953198242187501,2.4427453613281247,4.0856201171875,1.037583892617436,0.7635725917212035
1.82702880859375,8.289429931640624,4.0856201171875,1.0953020134228042,0.9302468519941245
1.82702880859375,2.4427453613281247,1.9054931640625001,1.0013422818791817,0.7186605650688211
1.8953198242187501,8.289429931640624,1.9054931640625001,1.123489932885891,0.9131411783368615
6.82202880859375,7.440245361328125,9.0356201171875,3.08993288590617,0.9767504216490055
6.89031982421875,7.440245361328125,9.0356201171875,3.1167785234900665,0.9768891343664485
6.82202880859375,3.2919299316406248,9.0356201171875,3.0375838926175716,0.9455495038440042
6.82202880859375,7.440245361328125,6.8554931640625,3.08993288590617,0.9755563212978331
6.89031982421875,3.2919299316406248,6.8554931640625,3.065771812080663,0.9436683932498049
9.31952880859375,4.9414953613281245,1.6106201171875,4.069798657718395,0.9545339713297409
4.3928198242187495,4.9414953613281245,1.6106201171875,2.0993288590603862,0.9156758936447036
9.31952880859375,0.793179931640625,1.6106201171875,3.748993288590831,0.7582066799664144
9.31952880859375,4.9414953613281245,9.3304931640625,4.0684563758392,0.9733032307213099
4.3928198242187495,0.793179931640625,9.3304931640625,1.7798657718120536,0.6582800692889212
4.32452880859375,9.938995361328125,6.5606201171875,2.100671140939581,0.9728807401450553
9.38781982421875,9.938995361328125,6.5606201171875,4.1275167785237725,0.9865606028394295
4.32452880859375,5.790679931640624,6.5606201171875,2.079194630872464,0.9525807070344883
4.32452880859375,9.938995361328125,4.3804931640625,2.100671140939581,0.9701006221493464
9.38781982421875,5.790679931640624,4.3804931640625,4.106040268456655,0.973751387524938
3.07577880859375,3.692120361328125,7.7981201171875,1.5489932885905813,0.9038572966123928
8.13906982421875,3.692120361328125,7.7981201171875,3.574496644295503,0.957739669884548
3.07577880859375,7.040054931640625,7.7981201171875,1.5879194630872249,0.9504118171850817
3.07577880859375,3.692120361328125,0.6679931640625,1.5422818791946082,0.8166789503401561
8.13906982421875,7.040054931640625,0.6679931640625,3.6174496644297376,0.942231664545395
8.070778808593749,8.689620361328124,2.8481201171875004,3.5959731543626203,0.9770619971608001
3.1440698242187497,8.689620361328124,2.8481201171875004,1.6241610738254793,0.9494671261375642
8.070778808593749,2.0425549316406246,2.8481201171875004,3.4845637583894495,0.9019597459324242
8.070778808593749,8.689620361328124,5.6179931640625,3.5959731543626203,0.9814434610514625
3.1440698242187497,2.0425549316406246,5.6179931640625,1.512751677852327,0.8173851798552371
5.5732788085937495,1.1933703613281248,5.3231201171875,2.3812080536913003,0.8031010705350201
5.64156982421875,1.1933703613281248,5.3231201171875,2.4093959731543917,0.805309957699654
5.5732788085937495,4.541304931640624,5.3231201171875,2.563758389261797,0.9485466307762127
5.5732788085937495,1.1933703613281248,8.0929931640625,2.3785234899329106,0.8149135832407105
5.64156982421875,4.541304931640624,8.0929931640625,2.5906040268456936,0.9529482936578393
0.57827880859375,6.190870361328124,0.37312011718750004,0.5583892617449615,0.708789936821316
0.64656982421875,6.190870361328124,0.37312011718750004,0.5879194630872429,0.7214918595014898
0.57827880859375,9.538804931640625,0.37312011718750004,0.5879194630872429,0.7995818014710367
0.57827880859375,6.190870361328124,3.1429931640625,0.5812080536912698,0.8051845375359435
0.64656982421875,9.538804931640625,3.1429931640625,0.6281879194630811,0.8862488949395185
0.42218505859375,3.2236047363281246,3.6215576171875004,0.4335570469798631,0.48903257254056265
3.92453857421875,3.2236047363281246,3.6215576171875004,1.87785234899326,0.8932631508288342
0.42218505859375,1.5740393066406249,3.6215576171875004,0.4120805369127494,0.27889158958379184
0.42218505859375,3.2236047363281246,4.2258056640624995,0.4348993288590577,0.49410174636269266
3.92453857421875,1.5740393066406249,4.2258056640624995,1.7838926174496375,0.7914987520519943
5.41718505859375,8.221104736328126,8.5715576171875,2.531543624161121,0.9740452384331465
8.91953857421875,8.221104736328126,8.5715576171875,3.9328859060405224,0.9835250709088208
5.41718505859375,6.5715393066406245,8.5715576171875,2.5221476510067573,0.9671562690914193
5.41718505859375,8.221104736328126,9.1758056640625,2.531543624161121,0.9743315858790801
8.91953857421875,6.5715393066406245,9.1758056640625,3.9234899328861585,0.9793220663890907
7.91468505859375,0.7248547363281249,1.1465576171875,3.112751677852482,0.6836944743566693
1.4270385742187501,0.7248547363281249,1.1465576171875,0.4187919463087224,0.13677573819211897
7.91468505859375,9.070289306640625,1.1465576171875,3.535570469798853,0.9652587609297688
7.91468505859375,0.7248547363281249,6.7008056640625,3.1557046979867165,0.770777799119885
1.4270385742187501,9.070289306640625,6.7008056640625,0.9382550335570352,0.9335673051320598
2.9196850585937497,5.722354736328125,6.0965576171875,1.515436241610716,0.9331759616606887
6.42203857421875,5.722354736328125,6.0965576171875,2.918120805369232,0.9653379256426895
2.9196850585937497,4.072789306640624,6.0965576171875,1.495302013422797,0.9058467944979269
2.9196850585937497,5.722354736328125,1.7508056640625,1.5181208053691053,0.9043402143441306
6.42203857421875,4.072789306640624,1.7508056640625,2.8979865771813094,0.9274270588345757
4.16843505859375,1.9742297363281247,9.8090576171875,1.915436241610709,0.8615766776856579
5.17328857421875,1.9742297363281247,9.8090576171875,2.3167785234899485,0.8846081772781664
4.16843505859375,2.8234143066406245,9.8090576171875,1.9610738255033255,0.9040472575622172
4.16843505859375,1.9742297363281247,2.9883056640625,1.9194630872482927,0.8280826816623164
5.17328857421875,2.8234143066406245,2.9883056640625,2.3651006711409623,0.8974189270455
9.16343505859375,6.9717297363281245,4.8590576171875,4.024161073825771,0.9783779409674438
0.17828857421875002,6.9717297363281245,4.8590576171875,0.42416107382550083,0.7202366916504349
9.16343505859375,7.820914306640624,4.8590576171875,4.02953020134255,0.9808916923711468
9.16343505859375,6.9717297363281245,7.9383056640625,4.024161073825771,0.98062927303829
0.17828857421875002,7.820914306640624,7.9383056640625,0.42818791946308465,0.7645124766718343
6.66593505859375,4.472979736328124,7.3340576171875,3.0000000000001164,0.9581162926959318
7.67078857421875,4.472979736328124,7.3340576171875,3.402684563758565,0.9631650342755469
6.66593505859375,5.322164306640625,7.3340576171875,3.010738255033675,0.9649848505461414
6.66593505859375,4.472979736328124,5.4633056640625,3.0000000000001164,0.9555726133066769
7.67078857421875,5.322164306640625,5.4633056640625,3.4134228187921236,0.9672988468998457
1.6709350585937501,9.470479736328125,2.3840576171875,1.0389261744966307,0.9243150099310322
2.6757885742187497,9.470479736328125,2.3840576171875,1.4402684563758181,0.944461782250771
1.6709350585937501,0.32466430664062496,2.3840576171875,0.40939597315436016,0.06620836835051286
1.6709350585937501,9.470479736328125,0.5133056640625,1.034899328859047,0.8710228378600412
2.6757885742187497,0.32466430664062496,0.5133056640625,0.413422818791944,0.06201686078946138
2.29531005859375,0.10016723632812499,6.7153076171874995,0.40402684563758173,0.021598149140493347
0.80266357421875,0.10016723632812499,6.7153076171874995,0.4013422818791925,0.02145953593398046
2.29531005859375,7.196226806640625,6.7153076171874995,1.276510067114076,0.9381396632849989
2.29531005859375,0.10016723632812499,2.3695556640625,0.4026845637583871,0.020783587568128647
0.80266357421875,7.196226806640625,2.3695556640625,0.6805369127516707,0.8517935545097026
7.29031005859375,5.097667236328125,1.7653076171875002,3.260402684563913,0.947796250944589
5.79766357421875,5.097667236328125,1.7653076171875002,2.6630872483222143,0.9367089441537321
7.29031005859375,2.1987268066406247,1.7653076171875002,3.1852348993290027,0.8837206648222597
7.29031005859375,5.097667236328125,7.3195556640624995,3.2577181208055235,0.9661556227376593
5.79766357421875,2.1987268066406247,7.3195556640624995,2.5825503355705246,0.9022305763390366
9.78781005859375,2.5989172363281248,9.1903076171875,4.200000000000293,0.9501953489783874
3.30016357421875,2.5989172363281248,9.1903076171875,1.6040268456375602,0.8724743570618719
9.78781005859375,4.6974768066406245,9.1903076171875,4.252348993288892,0.9730218813150866
9.78781005859375,2.5989172363281248,9.7945556640625,4.200000000000293,0.9506395640133356
3.30016357421875,4.6974768066406245,9.7945556640625,1.6563758389261498,0.9312678606820981
4.79281005859375,7.596417236328124,4.2403076171875,2.2791946308724933,0.9635921519054976
8.29516357421875,7.596417236328124,4.2403076171875,3.6805369127518945,0.9775093518496147
4.79281005859375,9.694976806640625,4.2403076171875,2.2872483221476623,0.9715828753927263
4.79281005859375,7.596417236328124,4.8445556640625,2.2791946308724933,0.9648584605239338
8.29516357421875,9.694976806640625,4.8445556640625,3.6899328859062583,0.9833067605404904
3.54406005859375,3.8482922363281244,0.5278076171875,1.7315436241610478,0.8264568108260495
9.54391357421875,3.8482922363281244,0.5278076171875,4.142281879194916,0.9064731549822078
3.54406005859375,8.445601806640624,0.5278076171875,1.7825503355704428,0.9042248061708125
3.54406005859375,3.8482922363281244,1.1320556640625001,1.7422818791946046,0.8606593680408059
9.54391357421875,8.445601806640624,1.1320556640625001,4.18523489932915,0.9680673160701059
8.53906005859375,8.845792236328125,5.4778076171875,3.7838926174498964,0.9825968045719939
4.54891357421875,8.845792236328125,5.4778076171875,2.18657718120805,0.9694329217101614
8.53906005859375,3.448101806640625,5.4778076171875,3.730201342282103,0.9537217122098254
8.53906005859375,8.845792236328125,6.0820556640625,3.7838926174498964,0.9830355418807535
4.54891357421875,3.448101806640625,6.0820556640625,2.132885906040257,0.9213975427531891
6.04156005859375,1.3495422363281249,3.0028076171875,2.6000000000000574,0.8168336162400183
7.04641357421875,1.3495422363281249,3.0028076171875,3.001342281879311,0.8385551273221232
6.04156005859375,0.9493518066406249,3.0028076171875,2.5060402684564194,0.7456836240115438
6.04156005859375,1.3495422363281249,8.5570556640625,2.5932885906040832,0.8487054047897105
7.04641357421875,0.9493518066406249,8.5570556640625,2.9033557046980887,0.8118363792831796
1.04656005859375,6.347042236328124,7.9528076171875,0.771812080536904,0.8873209683276786
2.05141357421875,6.347042236328124,7.9528076171875,1.1731543624160914,0.9260040012956616
1.04656005859375,5.946851806640624,7.9528076171875,0.7691275167785148,0.8793051100268037
1.04656005859375,6.347042236328124,3.6070556640625,0.7731543624160986,0.8681903672581
2.05141357421875,5.946851806640624,3.6070556640625,1.1718120805368968,0.9068480638465308
0.7343725585937501,1.6618859863281248,1.4559326171875002,0.42550335570469544,0.28527354128521015
7.98297607421875,1.6618859863281248,1.4559326171875002,3.418791946308903,0.8517335660206357
0.7343725585937501,3.7604455566406245,1.4559326171875002,0.5906040268456321,0.6552670804557614
0.7343725585937501,1.6618859863281248,5.7726806640624995,0.4322147651006685,0.310898399114246
7.98297607421875,3.7604455566406245,5.7726806640624995,3.5140939597317358,0.9553796927278484
5.72937255859375,6.659385986328124,6.4059326171875,2.648322147651071,0.9675803304723622
2.98797607421875,6.659385986328124,6.4059326171875,1.5503355704697759,0.9443657697612664
5.72937255859375,8.757945556640625,6.4059326171875,2.65906040268463,0.9756253012105938
5.72937255859375,6.659385986328124,0.8226806640625,2.649664429530266,0.9290316677609052
2.98797607421875,8.757945556640625,0.8226806640625,1.563758389261722,0.9135200683189941
8.22687255859375,4.160635986328124,3.9309326171875,3.6201342281881272,0.9569986374257287
5.48547607421875,4.160635986328124,3.9309326171875,2.523489932885952,0.9386757687549419
8.22687255859375,6.259195556640624,3.9309326171875,3.644295302013634,0.9716487916457279
8.22687255859375,4.160635986328124,3.2976806640625003,3.6201342281881272,0.9546419212784971
5.48547607421875,6.259195556640624,3.2976806640625003,2.547651006711459,0.9572551591756615
3.23187255859375,9.158135986328125,8.8809326171875,1.6604026845637336,0.9644460498918015
0.49047607421875,9.158135986328125,8.8809326171875,0.5637583892617399,0.8910261478456313
3.23187255859375,1.2616955566406247,8.8809326171875,1.4563758389261534,0.7228578993266104
3.23187255859375,9.158135986328125,8.2476806640625,1.6604026845637336,0.9640182702513417
0.49047607421875,1.2616955566406247,8.2476806640625,0.4120805369127494,0.23929163975258227
4.48062255859375,2.9112609863281245,5.1684326171874995,2.0899328859060224,0.9024231364463068
1.73922607421875,2.9112609863281245,5.1684326171874995,0.9946308724832087,0.7988797126549001
4.48062255859375,0.012320556640625,5.1684326171874995,0.3999999999999979,0.0026370185570547804
4.48062255859375,2.9112609863281245,7.0101806640625,2.0885906040268276,0.9077088643380196
1.73922607421875,0.012320556640625,7.0101806640625,0.3999999999999979,0.002663902236546173
9.47562255859375,7.908760986328124,0.2184326171875,4.14899328859089,0.9235855995508677
6.73422607421875,7.908760986328124,0.2184326171875,3.05100671140952,0.9078997207468062
9.47562255859375,5.009820556640625,0.2184326171875,4.120805369127798,0.8973913102157984
9.47562255859375,7.908760986328124,2.0601806640625,4.155704697986864,0.9750745226716413
6.73422607421875,5.009820556640625,2.0601806640625,3.0362416107383767,0.9467443260185717
6.97812255859375,0.412510986328125,7.6434326171875,2.445637583892652,0.5587446368879869
4.23672607421875,0.412510986328125,7.6434326171875,1.1087248322147503,0.2995347301489135
6.97812255859375,7.508570556640624,7.6434326171875,3.153020134228327,0.9768130722333276
6.97812255859375,0.412510986328125,4.5351806640625,2.4174496644295607,0.5372830471337096
4.23672607421875,7.508570556640624,4.5351806640625,2.0563758389261517,0.9599470520112849
1.98312255859375,5.410010986328125,2.6934326171875003,1.1395973154362262,0.8861190114717252
9.23172607421875,5.410010986328125,2.6934326171875003,4.040268456376109,0.9665105993039507
1.98312255859375,2.511070556640625,2.6934326171875003,1.0738255033556905,0.7586657516627648
1.98312255859375,5.410010986328125,9.4851806640625,1.1382550335570316,0.9132800125261817
9.23172607421875,2.511070556640625,9.4851806640625,3.973154362416367,0.9457563677723677
1.35874755859375,4.785323486328124,8.2621826171875,0.8818791946308617,0.8707681323976071
7.3586010742187495,4.785323486328124,8.2621826171875,3.2818791946310304,0.965017778478988
1.35874755859375,9.382633056640625,8.2621826171875,0.9114093959731431,0.9360220342175
1.35874755859375,4.785323486328124,7.6289306640625,0.8818791946308617,0.8691378539490973
7.3586010742187495,9.382633056640625,7.6289306640625,3.3127516778525115,0.9824760820863874
6.35374755859375,9.782823486328125,3.3121826171875,2.9127516778524525,0.9762224359675666
2.36360107421875,9.782823486328125,3.3121826171875,1.3154362416107197,0.9473713136033104
6.35374755859375,4.385133056640624,3.3121826171875,2.8751677852349973,0.9461761358637625
6.35374755859375,9.782823486328125,2.6789306640625004,2.9127516778524525,0.9742764551597229
2.36360107421875,4.385133056640624,2.6789306640625004,1.2791946308724653,0.8755407138744455
8.85124755859375,2.2865734863281246,5.7871826171875,3.809395973154598,0.9325642911630663
9.85610107421875,2.2865734863281246,5.7871826171875,4.212080536913047,0.9389482756190053
8.85124755859375,1.8863830566406248,5.7871826171875,3.7812080536915067,0.9180599159855498
8.85124755859375,2.2865734863281246,0.2039306640625,3.7677852348995584,0.8213377152410606
9.85610107421875,1.8863830566406248,0.2039306640625,4.130201342282162,0.8097420021393668
3.8562475585937497,7.284073486328125,0.8371826171875,1.904697986577152,0.9145891905076842
4.86110107421875,7.284073486328125,0.8371826171875,2.30604026845639,0.9267819060574181
3.8562475585937497,6.883883056640625,0.8371826171875,1.9020134228187628,0.9103257140552936
3.8562475585937497,7.284073486328125,5.1539306640625,1.9020134228187628,0.9565679270057881
4.86110107421875,6.883883056640625,5.1539306640625,2.3020134228188054,0.9620610857286159
2.60749755859375,1.0371984863281247,4.5496826171875,1.1275167785234748,0.5606656585834399
3.6123510742187497,1.0371984863281247,4.5496826171875,1.5543624161073597,0.6664525291518983
2.60749755859375,5.634508056640624,4.5496826171875,1.3906040268456177,0.9215063514878106
2.60749755859375,1.0371984863281247,8.8664306640625,1.1422818791946154,0.586182116070727
3.6123510742187497,5.634508056640624,8.8664306640625,1.791946308724805,0.9461528297417641
7.6024975585937495,6.034698486328124,9.4996826171875,3.3919463087250064,0.9738393934048781
8.60735107421875,6.034698486328124,9.4996826171875,3.794630872483455,0.9767553326567368
7.6024975585937495,0.637008056640625,9.4996826171875,2.971812080537025,0.7403316598793086
7.6024975585937495,6.034698486328124,3.9164306640625,3.393288590604201,0.9684452874910006
8.60735107421875,0.637008056640625,3.9164306640625,3.3812080536914477,0.7383828279513851
5.10499755859375,3.5359484863281248,2.0746826171875,2.359731543624183,0.9061781540901491
1.11485107421875,3.5359484863281248,2.0746826171875,0.7557046979865687,0.7353324597120108
5.10499755859375,3.1357580566406247,2.0746826171875,2.3503355704698192,0.8950582060628023
5.10499755859375,3.5359484863281248,1.4414306640625,2.361073825503378,0.893064580103224
1.11485107421875,3.1357580566406247,1.4414306640625,0.7328859060402604,0.6790741696201178
0.10999755859375,8.533448486328124,7.0246826171875,0.4147651006711386,0.7714971496833767
6.10985107421875,8.533448486328124,7.0246826171875,2.8107382550336455,0.976839276294988
0.10999755859375,8.133258056640624,7.0246826171875,0.4147651006711386,0.7601310754823596
0.10999755859375,8.533448486328124,6.3914306640625,0.4147651006711386,0.769849495114103
6.10985107421875,8.133258056640624,6.3914306640625,2.808053691275256,0.9750022820502312
0.14902099609375002,1.4666711425781247,4.6656982421875,0.4026845637583871,0.2607223224651732
0.60754638671875,1.4666711425781247,4.6656982421875,0.4187919463087224,0.2698810161926485
0.14902099609375002,3.0186291503906246,4.6656982421875,0.40671140939597095,0.45009437405262187
0.14902099609375002,1.4666711425781247,3.5683837890625,0.4026845637583871,0.258672509146374
0.60754638671875,3.0186291503906246,3.5683837890625,0.4993288590603988,0.5439781481038667
5.14402099609375,6.464171142578125,9.6156982421875,2.4120805369127813,0.9656680612288614
5.60254638671875,6.464171142578125,9.6156982421875,2.595973154362473,0.9682006415653287
5.14402099609375,8.016129150390626,9.6156982421875,2.421476510067145,0.9726553386398176
5.14402099609375,6.464171142578125,8.5183837890625,2.4120805369127813,0.9650227698399163
5.60254638671875,8.016129150390626,8.5183837890625,2.604026845637642,0.9739626892699573
7.64152099609375,3.9654211425781245,2.1906982421875,3.3838926174498374,0.9413460728616367
3.1050463867187497,3.9654211425781245,2.1906982421875,1.5691275167785004,0.8798352506177599
7.64152099609375,5.517379150390624,2.1906982421875,3.40402684563776,0.9576442840650056
7.64152099609375,3.9654211425781245,6.0433837890625,3.3825503355706426,0.9565875361942673
3.1050463867187497,5.517379150390624,6.0433837890625,1.5879194630872249,0.933789013774498
2.64652099609375,8.962921142578125,7.1406982421875,1.4255033557046775,0.9560631511558098
8.10004638671875,8.962921142578125,7.1406982421875,3.608053691275374,0.9829620013560275
2.64652099609375,0.5198791503906249,7.1406982421875,0.48859060402684196,0.13777271013279907
2.64652099609375,8.962921142578125,1.0933837890625,1.4281879194630667,0.9188227443655945
8.10004638671875,0.5198791503906249,1.0933837890625,2.955704697986687,0.5911108980451496
3.8952709960937497,2.716046142578125,8.3781982421875,1.846979865771784,0.8919689778055611
9.34879638671875,2.716046142578125,8.3781982421875,4.02953020134255,0.9496560452179991
3.8952709960937497,1.7692541503906247,8.3781982421875,1.7892617449664159,0.8327141421707729
3.8952709960937497,2.716046142578125,4.8058837890624995,1.8483221476509786,0.8808415626064678
9.34879638671875,1.7692541503906247,4.8058837890624995,3.9704697986579776,0.9135336750851146
8.89027099609375,7.713546142578124,3.4281982421875004,3.919463087248574,0.9777963521616456
4.3537963867187495,7.713546142578124,3.4281982421875004,2.1033557046979707,0.9584639949195253
8.89027099609375,6.766754150390624,3.4281982421875004,3.9140939597317947,0.9746156583505367
8.89027099609375,7.713546142578124,9.7558837890625,3.919463087248574,0.9827756713644624
4.3537963867187495,6.766754150390624,9.7558837890625,2.0979865771811914,0.9623615446888021
6.39277099609375,0.217296142578125,5.9031982421875,0.6268456375838865,0.0862279017789761
6.85129638671875,0.217296142578125,5.9031982421875,0.9489932885905921,0.14392539867908227
6.39277099609375,9.265504150390624,5.9031982421875,2.9261744966444008,0.9787346888515935
6.39277099609375,0.217296142578125,7.2808837890625,0.6671140939597247,0.09454646312377601
6.85129638671875,9.265504150390624,7.2808837890625,3.1100671140940923,0.9809688102664745
1.39777099609375,5.214796142578124,0.9531982421875,0.8966442953020024,0.8058769209948873
1.85629638671875,5.214796142578124,0.9531982421875,1.0832214765100527,0.8328287127381505
1.39777099609375,4.268004150390625,0.9531982421875,0.8805369127516671,0.769477494143438
1.39777099609375,5.214796142578124,2.3308837890625003,0.9033557046979754,0.847525025556143
1.85629638671875,4.268004150390625,2.3308837890625003,1.075167785234885,0.8446558264392974
2.02214599609375,4.590108642578125,5.2844482421875,1.1449664429530046,0.8881383882538127
4.97817138671875,4.590108642578125,5.2844482421875,2.3261744966443123,0.9438344984531651
2.02214599609375,8.640816650390626,5.2844482421875,1.174496644295286,0.9412632997019619
2.02214599609375,4.590108642578125,0.4746337890625,1.130201342281864,0.7907847703758741
4.97817138671875,8.640816650390626,0.4746337890625,2.358389261744988,0.9200385645224178
7.01714599609375,9.587608642578125,0.3344482421875,3.1771812080538337,0.9310904326271091
9.97317138671875,9.587608642578125,0.3344482421875,4.361073825503673,0.9446347076853641
7.01714599609375,3.6433166503906245,0.3344482421875,3.114093959731677,0.8638828619296917
7.01714599609375,9.587608642578125,5.4246337890625,3.1771812080538337,0.980756359376288
9.97317138671875,3.6433166503906245,5.4246337890625,4.308724832215074,0.9619930780854364
9.51464599609375,2.0913586425781245,7.7594482421875,4.061744966443226,0.9344145688969405
2.48067138671875,2.0913586425781245,7.7594482421875,1.2510067114093786,0.7951928959782429
9.51464599609375,1.1445666503906249,7.7594482421875,3.942281879194886,0.8793294266495486
9.51464599609375,2.0913586425781245,7.8996337890625,4.061744966443226,0.9346035504266279
2.48067138671875,1.1445666503906249,7.8996337890625,1.1221476510066963,0.607623552681049
4.51964599609375,7.088858642578124,2.8094482421875,2.1664429530201277,0.9531194429765361
7.47567138671875,7.088858642578124,2.8094482421875,3.3503355704699667,0.9696749840077485
4.51964599609375,6.142066650390625,2.8094482421875,2.1610738255033484,0.9461080987034147
4.51964599609375,7.088858642578124,2.9496337890625,2.1664429530201277,0.9539147990719217
7.47567138671875,6.142066650390625,2.9496337890625,3.3436241610739925,0.9655129837945153
3.27089599609375,0.841983642578125,1.5719482421875002,1.2523489932885732,0.4911195084648234
6.22692138671875,0.841983642578125,1.5719482421875002,2.515436241610783,0.6863102789951141
3.27089599609375,7.391441650390624,1.5719482421875002,1.6697986577180959,0.9275319716751228
3.27089599609375,0.841983642578125,1.7121337890625001,1.2604026845637408,0.49690060671839265
6.22692138671875,7.391441650390624,1.7121337890625001,2.852348993288685,0.9579013224622792
8.26589599609375,5.8394836425781245,6.5219482421874995,3.6563758389263876,0.9732822419931306
1.23192138671875,5.8394836425781245,6.5219482421874995,0.8429530201342181,0.8848603555148855
8.26589599609375,2.393941650390625,6.5219482421874995,3.581208053691477,0.9331103067204238
8.26589599609375,5.8394836425781245,6.6621337890625,3.6563758389263876,0.9733981860574745
1.23192138671875,2.393941650390625,6.6621337890625,0.7637583892617363,0.68412980517672
5.76839599609375,3.3407336425781247,4.0469482421875,2.618791946308785,0.9272208555746506
8.72442138671875,3.3407336425781247,4.0469482421875,3.801342281879429,0.9494398652581535
5.76839599609375,4.892691650390624,4.0469482421875,2.6469798657718764,0.950472913978232
5.76839599609375,3.3407336425781247,9.1371337890625,2.61744966442959,0.9379581729892352
8.72442138671875,4.892691650390624,9.1371337890625,3.8295302013425205,0.9711951627199821
0.77339599609375,8.338233642578125,8.9969482421875,0.6738255033556977,0.9033763917092246
3.72942138671875,8.338233642578125,8.9969482421875,1.8563758389261462,0.9651362186801888
0.77339599609375,9.890191650390625,8.9969482421875,0.6791946308724761,0.919561677706439
0.77339599609375,8.338233642578125,4.1871337890625,0.6751677852348923,0.88840412252585
3.72942138671875,9.890191650390625,4.1871337890625,1.8630872483221192,0.9658365228517276
1.08558349609375,3.653077392578125,0.6438232421875,0.7234899328858981,0.6749977445948203
6.53910888671875,3.653077392578125,0.6438232421875,2.9342281879195697,0.8828174755921454
1.08558349609375,0.20753540039062499,0.6438232421875,0.4026845637583871,0.040995984791947895
1.08558349609375,3.653077392578125,6.3527587890624995,0.7530201342281795,0.787424081071213
6.53910888671875,0.20753540039062499,6.3527587890624995,0.5409395973154316,0.06728820954491033
6.08058349609375,8.650577392578125,5.5938232421875,2.798657718120892,0.9757596791402137
1.54410888671875,8.650577392578125,5.5938232421875,0.9838926174496518,0.9312324202551819
6.08058349609375,5.205035400390624,5.5938232421875,2.77583892617458,0.9590665112299497
6.08058349609375,8.650577392578125,1.4027587890625002,2.800000000000087,0.9594048205914033
1.54410888671875,5.205035400390624,1.4027587890625002,0.9597315436241489,0.833623136009914
8.57808349609375,1.1543273925781248,3.1188232421875,3.5771812080538927,0.8428951716928531
9.03660888671875,1.1543273925781248,3.1188232421875,3.7610738255035843,0.8498176270813131
8.57808349609375,7.7037854003906245,3.1188232421875,3.794630872483455,0.9762762425279599
8.57808349609375,1.1543273925781248,3.8777587890625003,3.575838926174698,0.8507687607445409
9.03660888671875,7.7037854003906245,3.8777587890625003,3.9785234899331465,0.9790289849827143
3.58308349609375,6.151827392578125,8.0688232421875,1.785234899328832,0.9498789251732341
4.04160888671875,6.151827392578125,8.0688232421875,1.9677852348992986,0.9543117770335612
3.58308349609375,2.7062854003906245,8.0688232421875,1.7221476510066855,0.8834429448748684
3.58308349609375,6.151827392578125,8.8277587890625,1.785234899328832,0.9505840743386014
4.04160888671875,2.7062854003906245,8.8277587890625,1.9060402684563467,0.8958105816287532
4.83183349609375,2.4037023925781247,6.8313232421875,2.2080536912751674,0.8944738379483443
2.79285888671875,2.4037023925781247,6.8313232421875,1.393288590604007,0.8356034102013917
4.83183349609375,3.9556604003906246,6.8313232421875,2.257718120805376,0.9365122260104066
4.83183349609375,2.4037023925781247,5.1152587890625,2.209395973154362,0.8887387405031786
2.79285888671875,3.9556604003906246,5.1152587890625,1.4416107382550127,0.8957636565829868
9.82683349609375,7.401202392578124,1.8813232421875001,4.293959731543931,0.9731254515545084
7.78785888671875,7.401202392578124,1.8813232421875001,3.4778523489934754,0.966942677906586
9.82683349609375,8.953160400390624,1.8813232421875001,4.300671140939905,0.9777449637385112
9.82683349609375,7.401202392578124,0.16525878906250002,4.281879194631178,0.9158963175324939
7.78785888671875,8.953160400390624,0.16525878906250002,3.4751677852350857,0.9155187791079071
7.32933349609375,4.902452392578125,9.3063232421875,3.2711409395974718,0.9663193482609049
0.29535888671875,4.902452392578125,9.3063232421875,0.4362416107382523,0.6420999958805823
7.32933349609375,6.454410400390624,9.3063232421875,3.285906040268615,0.9747068954114906
7.32933349609375,4.902452392578125,2.6402587890625,3.2724832214766666,0.9540736398864345
0.29535888671875,6.454410400390624,2.6402587890625,0.4523489932885876,0.7114870800018512
2.3343334960937496,9.899952392578125,4.3563232421875,1.3046979865771628,0.951808638381612
5.29035888671875,9.899952392578125,4.3563232421875,2.4872483221476918,0.9746798741110491
2.3343334960937496,1.4569104003906248,4.3563232421875,1.123489932885891,0.6590636217792023
2.3343334960937496,9.899952392578125,7.5902587890625,1.3046979865771628,0.9573704189492703
5.29035888671875,1.4569104003906248,7.5902587890625,2.3100671140939744,0.8403170044231167
1.70995849609375,0.5296398925781249,9.9250732421875,0.4214765100671116,0.11423952066061199
8.41223388671875,0.5296398925781249,9.9250732421875,3.2013422818793407,0.7163769357659897
1.70995849609375,5.829722900390625,9.9250732421875,1.0322147651006577,0.9115431642209681
1.70995849609375,0.5296398925781249,9.4465087890625,0.4214765100671116,0.11407072839168646
8.41223388671875,5.829722900390625,9.4465087890625,3.7140939597317653,0.9752648350082292
6.70495849609375,5.527139892578124,4.9750732421874995,3.0295302013424026,0.9637862785226708
3.41723388671875,5.527139892578124,4.9750732421874995,1.7127516778523233,0.9359497053083081
6.70495849609375,0.832222900390625,4.9750732421874995,2.727516778523566,0.7582478221047819
6.70495849609375,5.527139892578124,4.4965087890625,3.0295302013424026,0.9628386954456044
3.41723388671875,0.832222900390625,4.4965087890625,1.3812080536912554,0.5641228824041268
9.20245849609375,3.0283898925781245,7.4500732421875,3.982550335570731,0.9534284980487595
5.91473388671875,3.0283898925781245,7.4500732421875,2.667114093959799,0.9308184453092673
9.20245849609375,3.3309729003906248,7.4500732421875,3.991946308725095,0.9578024964055576
9.20245849609375,3.0283898925781245,2.0215087890625,3.9852348993291207,0.9328780222933879
5.91473388671875,3.3309729003906248,2.0215087890625,2.6791946308725523,0.9110497309179004
4.20745849609375,8.025889892578125,2.5000732421875003,2.046979865771788,0.9543231981351934
0.91973388671875,8.025889892578125,2.5000732421875003,0.7328859060402604,0.8782535406329166
4.20745849609375,8.328472900390626,2.5000732421875003,2.0483221476509827,0.9559881197617419
4.20745849609375,8.025889892578125,6.9715087890625,2.046979865771788,0.965829977706949
0.91973388671875,8.328472900390626,6.9715087890625,0.7328859060402604,0.9079862976863725
2.9587084960937498,4.277764892578125,3.7375732421875,1.515436241610716,0.9011001843330539
2.1684838867187497,4.277764892578125,3.7375732421875,1.198657718120789,0.8759412434108219
2.9587084960937498,9.577847900390625,3.7375732421875,1.553020134228165,0.9560773164216734
2.9587084960937498,4.277764892578125,8.2090087890625,1.5140939597315215,0.9157331846902439
2.1684838867187497,9.577847900390625,8.2090087890625,1.236241610738238,0.9537261715508727
7.95370849609375,9.275264892578125,8.6875732421875,3.550335570469996,0.9838717184636862
7.16348388671875,9.275264892578125,8.6875732421875,3.2348993288592114,0.9823312142893391
7.95370849609375,4.580347900390625,8.6875732421875,3.5167785234901254,0.9661173514549366
7.95370849609375,9.275264892578125,3.2590087890625004,3.551677852349191,0.9793638482513745
7.16348388671875,4.580347900390625,3.2590087890625004,3.2013422818793407,0.9532785566615746
5.45620849609375,1.7790148925781248,1.2625732421875002,2.414765100671171,0.8067047675709094
4.66598388671875,1.7790148925781248,1.2625732421875002,2.0953020134228018,0.7841061629990616
5.45620849609375,2.0815979003906246,1.2625732421875002,2.4416107382550676,0.8308262504450967
5.45620849609375,1.7790148925781248,0.7840087890625,2.4013422818792227,0.7816655496387603
4.66598388671875,2.0815979003906246,0.7840087890625,2.1114093959731397,0.7861707853610079
0.46120849609375003,6.776514892578124,6.2125732421875,0.539597315436237,0.8243004548076011
9.66098388671875,6.776514892578124,6.2125732421875,4.222818791946605,0.9801254643732683
0.46120849609375003,7.079097900390624,6.2125732421875,0.5409395973154316,0.8332887677751286
0.46120849609375003,6.776514892578124,5.7340087890625,0.5382550335570424,0.8208065653122724
9.66098388671875,7.079097900390624,5.7340087890625,4.2241610738258,0.9806014055998324
0.6173022460937501,3.8092492675781244,7.6047607421875,0.5570469798657669,0.69364879066522
5.13426513671875,3.8092492675781244,7.6047607421875,2.374496644295326,0.9382284296845118
0.6173022460937501,4.111832275390625,7.6047607421875,0.5664429530201291,0.7238461273581672
0.6173022460937501,3.8092492675781244,7.1261962890624995,0.5570469798657669,0.6921287487966843
5.13426513671875,4.111832275390625,7.1261962890624995,2.3812080536913003,0.9423915578094202
5.6123022460937495,8.806749267578125,2.6547607421875004,2.6134228187920057,0.968179179746629
0.13926513671875002,8.806749267578125,2.6547607421875004,0.420134228187917,0.7623422046447144
5.6123022460937495,9.109332275390624,2.6547607421875004,2.6134228187920057,0.9690519047257038
5.6123022460937495,8.806749267578125,2.1761962890625,2.6134228187920057,0.965472412294655
0.13926513671875002,9.109332275390624,2.1761962890625,0.420134228187917,0.7648383919272554
8.10980224609375,1.3104992675781248,5.1297607421875,3.4161073825505133,0.8693993075400642
7.63176513671875,1.3104992675781248,5.1297607421875,3.2255033557048476,0.8622762139208764
8.10980224609375,6.610582275390624,5.1297607421875,3.600000000000205,0.9747596224797327
8.10980224609375,1.3104992675781248,4.6511962890625,3.417449664429708,0.8668806629366441
7.63176513671875,6.610582275390624,4.6511962890625,3.409395973154539,0.9727347620472007
3.11480224609375,6.307999267578125,0.1797607421875,1.5812080536912518,0.8382836754177247
2.6367651367187497,6.307999267578125,0.1797607421875,1.389261744966423,0.826068774390641
3.11480224609375,1.6130822753906249,0.1797607421875,1.3543624161073633,0.5993850560991882
3.11480224609375,6.307999267578125,9.6011962890625,1.5986577181207817,0.9467749258017752
2.6367651367187497,1.6130822753906249,9.6011962890625,1.269798657718103,0.7484100791629785
4.36355224609375,0.061124267578124995,3.8922607421875,0.40402684563758173,0.013007168617344467
3.88551513671875,0.061124267578124995,3.8922607421875,0.4026845637583871,0.012944852446894355
4.36355224609375,0.363707275390625,3.8922607421875,0.8456375838926073,0.1959294779290326
4.36355224609375,0.061124267578124995,5.8886962890625,0.40402684563758173,0.013177830518706062
3.88551513671875,0.363707275390625,5.8886962890625,0.5798657718120752,0.12564416008804183
9.35855224609375,5.058624267578124,8.8422607421875,4.085906040268733,0.9738785298900828
8.88051513671875,5.058624267578124,8.8422607421875,3.8939597315438723,0.9724871253235484
9.35855224609375,5.361207275390624,8.8422607421875,4.0885906040271225,0.9753453615368677
9.35855224609375,5.058624267578124,0.9386962890625,4.0885906040271225,0.9418803775432658
8.88051513671875,5.361207275390624,0.9386962890625,3.9006711409398465,0.9424858436031218
6.86105224609375,2.5598742675781248,1.4172607421875,3.0322147651007922,0.8851590676686576
1.38801513671875,2.5598742675781248,1.4172607421875,0.8174496644295206,0.6591930399990302
6.86105224609375,7.859957275390625,1.4172607421875,3.1087248322148975,0.9599118681936584
6.86105224609375,2.5598742675781248,3.4136962890625,3.0281879194632078,0.9141649695979378
1.38801513671875,7.859957275390625,3.4136962890625,0.9181208053691161,0.9083511530309709
1.86605224609375,7.557374267578124,6.3672607421875,1.1073825503355557,0.9317323756150897
6.3830151367187495,7.557374267578124,6.3672607421875,2.915436241610842,0.9741665175409839
1.86605224609375,2.8624572753906246,6.3672607421875,1.0429530201342145,0.8119195043010836
1.86605224609375,7.557374267578124,8.3636962890625,1.1073825503355557,0.9349384124970025
6.3830151367187495,2.8624572753906246,8.3636962890625,2.8483221476511007,0.9326453774335126
2.4904272460937498,1.9351867675781247,2.0360107421875,1.236241610738238,0.7208369171371373
9.50489013671875,1.9351867675781247,2.0360107421875,4.052348993288862,0.8999419500294987
2.4904272460937498,9.734019775390625,2.0360107421875,1.3664429530201148,0.9393075039823056
2.4904272460937498,1.9351867675781247,8.9824462890625,1.242953020134211,0.782019194550492
9.50489013671875,9.734019775390625,8.9824462890625,2.8416107382551266,0.9983500886815277
7.48542724609375,6.932686767578124,6.9860107421875,3.3530201342283563,0.9759808652222806
4.50989013671875,6.932686767578124,6.9860107421875,2.1610738255033484,0.9622475896021502
7.48542724609375,4.736519775390625,6.9860107421875,3.331543624161239,0.9640816670491286
7.48542724609375,6.932686767578124,4.0324462890625,3.3530201342283563,0.9725088664822712
4.50989013671875,4.736519775390625,4.0324462890625,2.140939597315426,0.9368540626266755
9.98292724609375,4.433936767578125,4.5110107421875,4.327516778523802,0.9675269676927154
7.00739013671875,4.433936767578125,4.5110107421875,3.136912751677989,0.9552249995319781
9.98292724609375,2.2377697753906247,4.5110107421875,4.260402684564061,0.9347865777533307
9.98292724609375,4.433936767578125,1.5574462890625,4.328859060402997,0.9517098136878289
7.00739013671875,2.2377697753906247,1.5574462890625,3.0751677852350268,0.8768383210142859
4.98792724609375,9.431436767578125,9.4610107421875,2.3637583892617675,0.976110707559956
2.01239013671875,9.431436767578125,9.4610107421875,1.1731543624160914,0.9515066606114709
4.98792724609375,7.235269775390624,9.4610107421875,2.3543624161074037,0.9685330059670554
4.98792724609375,9.431436767578125,6.5074462890625,2.3651006711409623,0.974695069314472
2.01239013671875,7.235269775390624,6.5074462890625,1.1637583892617291,0.9322655913457221
3.73917724609375,3.1845617675781246,5.7485107421874995,1.8013422818791673,0.898801866910003
0.76364013671875,3.1845617675781246,5.7485107421874995,0.5986577181207997,0.6650481217077782
3.73917724609375,5.985894775390625,5.7485107421874995,1.8456375838925894,0.946730468443097
3.73917724609375,3.1845617675781246,7.7449462890625,1.8013422818791673,0.904041571892193
0.76364013671875,5.985894775390625,7.7449462890625,0.6563758389261678,0.8549362984526867
8.73417724609375,8.182061767578125,0.7985107421875,3.8604026845640016,0.9564508503685071
5.75864013671875,8.182061767578125,0.7985107421875,2.6697986577181885,0.9400528195472895
8.73417724609375,0.9883947753906249,0.7985107421875,3.561073825503555,0.750507281802115
8.73417724609375,8.182061767578125,2.7949462890625,3.8604026845640016,0.9772560551448843
5.75864013671875,0.9883947753906249,2.7949462890625,2.4040268456376124,0.7416779546297001
6.23667724609375,0.6858117675781249,8.2235107421875,2.460402684563795,0.7074092271347534
3.26114013671875,0.6858117675781249,8.2235107421875,1.2093959731543458,0.47335726475799167
6.23667724609375,3.487144775390625,8.2235107421875,2.8093959731544507,0.9437775886186437
6.23667724609375,0.6858117675781249,0.3199462890625,2.2389261744966484,0.5370112601615773
3.26114013671875,3.487144775390625,0.3199462890625,1.594630872483198,0.7844330084281357
1.24167724609375,5.683311767578124,3.2735107421875003,0.8456375838926073,0.8627003318649136
8.25614013671875,5.683311767578124,3.2735107421875003,3.652348993288803,0.9671109330816765
1.24167724609375,8.484644775390626,3.2735107421875003,0.8630872483221372,0.9088556146624489
1.24167724609375,5.683311767578124,5.2699462890625,0.8456375838926073,0.8770836247888613
8.25614013671875,8.484644775390626,5.2699462890625,3.669798657718336,0.9811254624354173
0.92948974609375,0.9981555175781249,7.2953857421874995,0.4214765100671116,0.19996427036042952
1.70020263671875,0.9981555175781249,7.2953857421874995,0.6577181208053624,0.35285653236145875
0.92948974609375,1.3007385253906247,7.2953857421874995,0.4335570469798631,0.25861901197822473
0.92948974609375,0.9981555175781249,3.1043212890625003,0.4187919463087224,0.1915582038131195
1.70020263671875,1.3007385253906247,3.1043212890625003,0.78523489932885,0.48064233529185174
5.92448974609375,5.9956555175781245,2.3453857421875,2.722147651006787,0.9528964529205386
6.69520263671875,5.9956555175781245,2.3453857421875,3.0295302013424026,0.9574335253760501
5.92448974609375,6.298238525390625,2.3453857421875,2.7234899328859816,0.9549818132784682
5.92448974609375,5.9956555175781245,8.0543212890625,2.720805369127592,0.9662605054782014
6.69520263671875,6.298238525390625,8.0543212890625,3.0322147651007922,0.9713432203477632
8.42198974609375,3.4969055175781247,9.7703857421875,3.683221476510284,0.9581736348004964
4.19770263671875,3.4969055175781247,9.7703857421875,1.993288590603996,0.9232882937270688
8.42198974609375,8.796988525390626,9.7703857421875,3.738255033557272,0.9841355530839108
8.42198974609375,3.4969055175781247,5.5793212890624995,3.684563758389479,0.9539906477538522
4.19770263671875,8.796988525390626,5.5793212890624995,2.045637583892593,0.9672188038527394
3.4269897460937497,8.494405517578125,4.8203857421875,1.7369127516778262,0.958785579800834
9.19270263671875,8.494405517578125,4.8203857421875,4.044295302013693,0.9824886558269013
3.4269897460937497,3.7994885253906245,4.8203857421875,1.6926174496644042,0.9060886971139708
3.4269897460937497,8.494405517578125,0.6293212890625,1.7369127516778262,0.9089361456849031
9.19270263671875,3.7994885253906245,0.6293212890625,4.0026845637586534,0.9095573999745445
4.6757397460937495,4.746280517578125,1.1078857421875001,2.210738255033557,0.9030900108166283
7.94395263671875,4.746280517578125,1.1078857421875001,3.5181208053693203,0.935187311745217
4.6757397460937495,2.550113525390625,1.1078857421875001,2.1543624161073742,0.8349515369383124
4.6757397460937495,4.746280517578125,4.3418212890625,2.2080536912751674,0.9401596483708974
7.94395263671875,2.550113525390625,4.3418212890625,3.4604026845639426,0.928955965506181
9.67073974609375,9.743780517578125,6.0578857421875,4.240268456376138,0.9864131108152148
2.94895263671875,9.743780517578125,6.0578857421875,1.5489932885905813,0.961552443946802
9.67073974609375,7.5476135253906245,6.0578857421875,4.230872483221774,0.9821333253393909
9.67073974609375,9.743780517578125,9.2918212890625,3.7503355704700256,0.8501478211093723
2.94895263671875,7.5476135253906245,9.2918212890625,1.539597315436219,0.9534908202101733
7.17323974609375,2.2475305175781246,3.5828857421875,3.136912751677989,0.9073107301342609
5.44645263671875,2.2475305175781246,3.5828857421875,2.446979865771847,0.8829681500547102
7.17323974609375,5.048863525390624,3.5828857421875,3.2120805369128993,0.9590754779357318
7.17323974609375,2.2475305175781246,6.8168212890625,3.135570469798794,0.9196408049861446
5.44645263671875,5.048863525390624,6.8168212890625,2.5194630872483676,0.955209145180216
2.17823974609375,7.245030517578124,8.5328857421875,1.2308724832214595,0.939161977231769
0.45145263671875,7.245030517578124,8.5328857421875,0.539597315436237,0.84504706607079
2.17823974609375,0.05136352539062499,8.5328857421875,0.4013422818791925,0.011141158151275699
2.17823974609375,7.245030517578124,1.8668212890625002,1.232214765100654,0.9091020570986645
0.45145263671875,0.05136352539062499,1.8668212890625002,0.3999999999999979,0.010646610599436085
1.55386474609375,2.8722180175781244,2.9641357421875,0.9167785234899215,0.7549195385356056
3.5733276367187496,2.8722180175781244,2.9641357421875,1.727516778523464,0.8646787680316366
1.55386474609375,6.922926025390624,2.9641357421875,0.979865771812068,0.8988713076484689
1.55386474609375,2.8722180175781244,1.2480712890625,0.9033557046979754,0.7080084945574143
3.5733276367187496,6.922926025390624,1.2480712890625,1.7892617449664159,0.9205155105801683
6.54886474609375,7.8697180175781245,7.9141357421875,2.9825503355705836,0.976692074720296
8.56832763671875,7.8697180175781245,7.9141357421875,3.7906040268458705,0.9817979562102173
6.54886474609375,1.9254260253906248,7.9141357421875,2.863087248322244,0.9005805169206982
6.54886474609375,7.8697180175781245,6.1980712890625,2.9825503355705836,0.9755305574636994
8.56832763671875,1.9254260253906248,6.1980712890625,3.6711409395975307,0.9184304580003452
9.04636474609375,0.373468017578125,0.4891357421875,2.8255033557047886,0.4608427833474638
1.07582763671875,0.373468017578125,0.4891357421875,0.40402684563758173,0.07104597657770328
9.04636474609375,4.424176025390625,0.4891357421875,3.953020134228445,0.9102931158174481
9.04636474609375,0.373468017578125,8.6730712890625,3.216107382550484,0.6201797019520363
1.07582763671875,4.424176025390625,8.6730712890625,0.7637583892617363,0.8366576523564162
4.05136474609375,5.370968017578124,5.4391357421875,1.9651006711409094,0.9436381531560682
6.07082763671875,5.370968017578124,5.4391357421875,2.7731543624161903,0.9599618118072402
4.05136474609375,9.421676025390624,5.4391357421875,1.9892617449664123,0.9683504546762947
4.05136474609375,5.370968017578124,3.7230712890625,1.9651006711409094,0.9379618799872773
6.07082763671875,9.421676025390624,3.7230712890625,2.798657718120892,0.9753101044673029
2.80261474609375,1.6228430175781248,9.1516357421875,1.338255033557028,0.7617127648892016
7.3195776367187495,1.6228430175781248,9.1516357421875,3.142281879194768,0.8951114733980552
2.80261474609375,8.172301025390626,9.1516357421875,1.4845637583892402,0.9555118153746927
2.80261474609375,1.6228430175781248,2.4855712890625004,1.3328859060402496,0.7092364537484014
7.3195776367187495,8.172301025390626,2.4855712890625004,3.293959731543784,0.9720076215832795
7.79761474609375,6.620343017578124,4.2016357421874995,3.4751677852350857,0.9724481487633534
2.32457763671875,6.620343017578124,4.2016357421874995,1.2859060402684384,0.9263744047044936
7.79761474609375,3.1748010253906247,4.2016357421874995,3.425503355704877,0.9416538518662979
7.79761474609375,6.620343017578124,7.4355712890625,3.4751677852350857,0.9759121163030919
2.32457763671875,3.1748010253906247,7.4355712890625,1.236241610738238,0.8603475948931333
5.30011474609375,4.121593017578125,6.6766357421875,2.4483221476510417,0.9435125754800131
9.81707763671875,4.121593017578125,6.6766357421875,4.255033557047281,0.9674066903165042
5.30011474609375,0.676051025390625,6.6766357421875,2.077852348993269,0.6494986089157386
5.30011474609375,4.121593017578125,9.9105712890625,2.446979865771847,0.9467285505956613
9.81707763671875,0.676051025390625,9.9105712890625,3.881879194631119,0.8072125383271965
0.30511474609375,9.119093017578125,1.7266357421875,0.4805369127516743,0.8043052287343982
4.82207763671875,9.119093017578125,1.7266357421875,2.297986577181221,0.957913680473004
0.30511474609375,5.6735510253906245,1.7266357421875,0.4416107382550307,0.6492714555779133
0.30511474609375,9.119093017578125,4.9605712890625,0.48590604026845274,0.84227987329535
4.82207763671875,5.6735510253906245,4.9605712890625,2.2765100671141036,0.9528738140476485
0.22706787109375,2.637960205078125,6.4446044921875,0.41073825503355477,0.41827394628158376
8.49028076171875,2.637960205078125,6.4446044921875,3.683221476510284,0.9407869032035339
0.22706787109375,9.187418212890625,6.4446044921875,0.45100671140939297,0.8208874119485587
0.22706787109375,2.637960205078125,1.7894775390625002,0.40939597315436016,0.39925208452863936
8.49028076171875,9.187418212890625,1.7894775390625002,3.7664429530203636,0.9746529411661626
5.22206787109375,7.635460205078124,1.4946044921875001,2.452348993288626,0.9498165672357844
3.49528076171875,7.635460205078124,1.4946044921875001,1.7610738255033291,0.9316080635966817
5.22206787109375,4.189918212890625,1.4946044921875001,2.421476510067145,0.9113915637151458
5.22206787109375,7.635460205078124,6.7394775390624995,2.4510067114094314,0.9698163615533982
3.49528076171875,4.189918212890625,6.7394775390624995,1.7261744966442694,0.9215377632546639
7.71956787109375,0.13921020507812498,8.9196044921875,0.42953020134227926,0.03242422397026308
5.99278076171875,0.13921020507812498,8.9196044921875,0.4187919463087224,0.03134493041139634
7.71956787109375,1.6911682128906247,8.9196044921875,3.308724832214927,0.9035932457535771
7.71956787109375,0.13921020507812498,9.2144775390625,0.42953020134227926,0.03245885787594217
5.99278076171875,1.6911682128906247,9.2144775390625,2.618791946308785,0.8800414019524981
2.72456787109375,5.136710205078124,3.9696044921875004,1.4322147651006505,0.9135654187450776
0.9977807617187501,5.136710205078124,3.9696044921875004,0.7422818791946226,0.833803591277116
2.72456787109375,6.688668212890624,3.9696044921875004,1.4456375838925966,0.9337876182316183
2.72456787109375,5.136710205078124,4.2644775390625,1.4322147651006505,0.9151463788765555
0.9977807617187501,6.688668212890624,4.2644775390625,0.7557046979865687,0.8767448977923813
3.97331787109375,1.3885852050781249,0.2571044921875,1.6697986577180959,0.6222642975622266
2.2465307617187498,1.3885852050781249,0.2571044921875,0.9382550335570352,0.47450071359401513
3.97331787109375,5.439293212890624,0.2571044921875,1.9208053691274873,0.850242788158609
3.97331787109375,1.3885852050781249,0.5519775390625,1.7114093959731287,0.6554538757659469
2.2465307617187498,5.439293212890624,0.5519775390625,1.2375838926174325,0.8312850740252447
8.96831787109375,6.386085205078125,5.2071044921875,3.942281879194886,0.976283946386516
7.24153076171875,6.386085205078125,5.2071044921875,3.2510067114095493,0.9711222659526447
8.96831787109375,0.44179321289062495,5.2071044921875,3.3127516778525115,0.6575674125085038
8.96831787109375,6.386085205078125,5.5019775390625,3.942281879194886,0.9766015298117385
7.24153076171875,0.44179321289062495,5.5019775390625,2.6053691275168367,0.5889344297503905
6.47081787109375,3.8873352050781245,2.7321044921875,2.9127516778524525,0.9361739539330711
4.74403076171875,3.8873352050781245,2.7321044921875,2.2228187919463105,0.9174621195786377
6.47081787109375,2.9405432128906246,2.7321044921875,2.8885906040269456,0.9159435185950064
6.47081787109375,3.8873352050781245,7.9769775390625,2.9114093959732577,0.9509795157054051
4.74403076171875,2.9405432128906246,7.9769775390625,2.195973154362414,0.9149324617967883
1.47581787109375,8.884835205078126,7.6821044921875,0.9570469798657597,0.9351072430935969
9.73903076171875,8.884835205078126,7.6821044921875,4.264429530201645,0.9858503891836118
1.47581787109375,7.938043212890625,7.6821044921875,0.9530201342281759,0.9270511488808184
1.47581787109375,8.884835205078126,3.0269775390625,0.9583892617449543,0.9194776061140177
9.73903076171875,7.938043212890625,3.0269775390625,4.260402684564061,0.9792877227476573
2.10019287109375,0.7638977050781249,3.3508544921875,0.6134228187919404,0.25260354189543527
6.61715576171875,0.7638977050781249,3.3508544921875,2.65906040268463,0.7169442257442997
2.10019287109375,4.814605712890624,3.3508544921875,1.1798657718120644,0.8844333549839302
2.10019287109375,0.7638977050781249,4.8832275390625,0.6402684563758325,0.27148530308654945
6.61715576171875,4.814605712890624,4.8832275390625,2.9852348993289732,0.9574143438605653
7.09519287109375,5.761397705078124,8.3008544921875,3.1865771812081976,0.9701235383906923
1.62215576171875,5.761397705078124,8.3008544921875,0.9973154362415979,0.9052718657287644
7.09519287109375,9.812105712890625,8.3008544921875,3.2093959731545096,0.9830838418717185
7.09519287109375,5.761397705078124,9.8332275390625,3.1865771812081976,0.9709032130478132
1.62215576171875,9.812105712890625,9.8332275390625,1.0187919463087116,0.9468971411483671
9.59269287109375,3.2626477050781246,0.8758544921875,4.150335570470085,0.9132964501140084
9.11465576171875,3.2626477050781246,0.8758544921875,3.959731543624419,0.9099414254566953
9.59269287109375,7.313355712890624,0.8758544921875,4.200000000000293,0.9577090512169237
9.59269287109375,3.2626477050781246,7.3582275390625,4.1463087248325,0.9584404509199964
9.11465576171875,7.313355712890624,7.3582275390625,4.006711409396238,0.9812264556749808
4.5976928710937495,8.260147705078126,5.8258544921875,2.204026845637583,0.9680049457021767
4.11965576171875,8.260147705078126,5.8258544921875,2.0120805369127224,0.9647889726450727
4.5976928710937495,2.3158557128906248,5.8258544921875,2.110067114093945,0.8825022766799793
4.5976928710937495,8.260147705078126,2.4082275390625,2.204026845637583,0.9580661296776904
4.11965576171875,2.3158557128906248,2.4082275390625,1.922147651006682,0.8423948783644868
3.3489428710937497,4.512022705078125,9.5383544921875,1.672483221476485,0.9287150911853648
2.87090576171875,4.512022705078125,9.5383544921875,1.481879194630851,0.9199132459768576
3.3489428710937497,1.0664807128906248,9.5383544921875,1.4590604026845426,0.681076986649717
3.3489428710937497,4.512022705078125,3.6457275390625004,1.6738255033556797,0.9137192965133101
2.87090576171875,1.0664807128906248,3.6457275390625004,1.2483221476509894,0.5959561817413745
8.34394287109375,9.509522705078124,4.5883544921874995,3.708724832214986,0.9827760147360045
7.86590576171875,9.509522705078124,4.5883544921874995,3.5167785234901254,0.9817323579354866
8.34394287109375,6.063980712890625,4.5883544921874995,3.6899328859062583,0.9723703621156794
8.34394287109375,9.509522705078124,8.5957275390625,3.708724832214986,0.9850917214640238
7.86590576171875,6.063980712890625,8.5957275390625,3.497986577181398,0.9744235547197435
5.84644287109375,2.013272705078125,7.0633544921875,2.5892617449664987,0.8932098425205315
0.37340576171875,2.013272705078125,7.0633544921875,0.4147651006711386,0.34776982404991413
5.84644287109375,8.562730712890625,7.0633544921875,2.704697986577254,0.975898954429149
5.84644287109375,2.013272705078125,6.1207275390625,2.5892617449664987,0.8904735551962921
0.37340576171875,8.562730712890625,6.1207275390625,0.5140939597315395,0.8539680798017946
0.85144287109375,7.010772705078124,2.1133544921875003,0.6979865771812006,0.84702885863792
5.3684057617187495,7.010772705078124,2.1133544921875003,2.5060402684564194,0.9541678320503866
0.85144287109375,3.5652307128906244,2.1133544921875003,0.6429530201342217,0.6882428685209823
0.85144287109375,7.010772705078124,1.1707275390625,0.6953020134228114,0.8215511120324335
5.3684057617187495,3.5652307128906244,1.1707275390625,2.4671140939597693,0.8895368124454242
1.1636303710937501,2.3256164550781246,8.6102294921875,0.7302013422818712,0.6647972468269085
4.4318432617187495,2.3256164550781246,8.6102294921875,2.0429530201342034,0.8866618096286292
1.1636303710937501,6.376324462890625,8.6102294921875,0.8187919463087152,0.8959291769598272
1.1636303710937501,2.3256164550781246,8.2863525390625,0.7302013422818712,0.6638331974287053
4.4318432617187495,6.376324462890625,8.2863525390625,2.126174496644283,0.9594928492936441
6.15863037109375,7.323116455078124,3.6602294921875003,2.824161073825594,0.968142036512809
9.42684326171875,7.323116455078124,3.6602294921875003,4.132885906040552,0.97837291137247
6.15863037109375,1.3788244628906248,3.6602294921875003,2.651006711409461,0.8311771990420611
6.15863037109375,7.323116455078124,3.3363525390625,2.824161073825594,0.9671772420483007
9.42684326171875,1.3788244628906248,3.3363525390625,3.9570469798660293,0.8800061223367737
8.65613037109375,4.824366455078125,6.1352294921874995,3.801342281879429,0.9683479170658682
1.9343432617187502,4.824366455078125,6.1352294921874995,1.112751677852334,0.8935700232591328
8.65613037109375,3.8775744628906246,6.1352294921874995,3.786577181208286,0.9604304250685438
8.65613037109375,4.824366455078125,0.8613525390625,3.8053691275170136,0.9327239815676742
1.9343432617187502,3.8775744628906246,0.8613525390625,1.0885906040268312,0.7848956356226252
3.66113037109375,9.821866455078125,1.1852294921875002,1.8362416107382271,0.9419468867642173
6.92934326171875,9.821866455078125,1.1852294921875002,3.143624161073963,0.964670030429467
3.66113037109375,8.875074462890625,1.1852294921875002,1.833557046979838,0.9363478287801247
3.66113037109375,9.821866455078125,5.8113525390625,1.8348993288590325,0.9676999011174864
6.92934326171875,8.875074462890625,5.8113525390625,3.1395973154363785,0.9792546139606431
4.90988037109375,3.5749914550781248,4.8977294921875,2.280536912751688,0.925569737846276
5.68059326171875,3.5749914550781248,4.8977294921875,2.5892617449664987,0.9342954888350485
4.90988037109375,7.6256994628906245,4.8977294921875,2.3261744966443123,0.9657957445690056
4.90988037109375,3.5749914550781248,9.5238525390625,2.280536912751688,0.9340556797214158
5.68059326171875,7.6256994628906245,9.5238525390625,2.633557046979928,0.9734169546152444
9.90488037109375,8.572491455078126,9.8477294921875,4.404026845637907,0.9861620706506224
0.68559326171875,8.572491455078126,9.8477294921875,0.6402684563758325,0.9022804582974634
9.90488037109375,2.628199462890625,9.8477294921875,4.248322147651307,0.9517955932601032
9.90488037109375,8.572491455078126,4.5738525390625,4.330201342282192,0.9836439555549501
0.68559326171875,2.628199462890625,4.5738525390625,0.5114093959731503,0.5191778533814547
7.40738037109375,1.0762414550781247,2.4227294921875,3.0912751677853647,0.7986995889906933
8.17809326171875,1.0762414550781247,2.4227294921875,3.4000000000001753,0.814236696493744
7.40738037109375,0.12944946289062498,2.4227294921875,0.420134228187917,0.027690030908269662
7.40738037109375,1.0762414550781247,2.0988525390625,3.0912751677853647,0.7917776268811108
8.17809326171875,0.12944946289062498,2.0988525390625,0.4228187919463062,0.027624118103762918
2.4123803710937497,6.073741455078125,7.3727294921875,1.3154362416107197,0.9300749422929661
3.1830932617187497,6.073741455078125,7.3727294921875,1.6241610738254793,0.9432876514398707
2.4123803710937497,5.126949462890624,7.3727294921875,1.307382550335552,0.9171991369930679
2.4123803710937497,6.073741455078125,7.0488525390625,1.3154362416107197,0.9295231025297392
3.1830932617187497,5.126949462890624,7.0488525390625,1.614765100671117,0.9319294934572238
1.78800537109375,4.199678955078125,1.8039794921875,1.0456375838926038,0.8269009358785859
0.06121826171875,4.199678955078125,1.8039794921875,0.4026845637583871,0.5343675400944288
1.78800537109375,2.003511962890625,1.8039794921875,0.9463087248322029,0.6510620075547477
1.78800537109375,4.199678955078125,5.1926025390624995,1.0456375838926038,0.8661478312697874
0.06121826171875,2.003511962890625,5.1926025390624995,0.4013422818791925,0.3342126837449101
6.78300537109375,9.197178955078124,6.7539794921875,3.081879194631001,0.9802492089065769
5.05621826171875,9.197178955078124,6.7539794921875,2.390604026845664,0.9743219534039766
6.78300537109375,7.001011962890624,6.7539794921875,3.0711409395974423,0.9736410554389627
6.78300537109375,9.197178955078124,0.2426025390625,3.0778523489934164,0.9191345720585451
5.05621826171875,7.001011962890624,0.2426025390625,2.3718120805369365,0.8866639294894666
9.28050537109375,1.7009289550781248,4.2789794921875,3.936912751678107,0.9070025667501043
2.55871826171875,1.7009289550781248,4.2789794921875,1.249664429530184,0.7294405111925504
9.28050537109375,9.499761962890625,4.2789794921875,4.083221476510343,0.9840177316562952
9.28050537109375,1.7009289550781248,2.7176025390625003,3.9395973154364965,0.8947678962124798
2.55871826171875,9.499761962890625,2.7176025390625003,1.393288590604007,0.9454597322633567
4.28550537109375,6.698428955078124,9.2289794921875,2.0697986577181,0.9610508153181927
7.55371826171875,6.698428955078124,9.2289794921875,3.378523489933058,0.9764590407882421
4.28550537109375,4.502261962890625,9.2289794921875,2.0483221476509827,0.9414602996525768
4.28550537109375,6.698428955078124,7.6676025390625,2.0697986577181,0.9598702150075902
7.55371826171875,4.502261962890625,7.6676025390625,3.355704697986746,0.9631100626620643
3.03675537109375,0.45155395507812496,5.5164794921875,0.4751677852348959,0.1146953625923115
8.80246826171875,0.45155395507812496,5.5164794921875,3.261744966443108,0.6614030818100649
3.03675537109375,3.2528869628906247,5.5164794921875,1.5234899328858837,0.88275037505094
3.03675537109375,0.45155395507812496,6.4301025390625,0.48590604026845274,0.11949770082122013
8.80246826171875,3.2528869628906247,6.4301025390625,3.8295302013425205,0.9536919044751168
8.03175537109375,5.449053955078124,0.5664794921875,3.561073825503555,0.9220518715102121
3.80746826171875,5.449053955078124,0.5664794921875,1.867114093959703,0.8744750123988473
8.03175537109375,8.250386962890625,0.5664794921875,3.5798657718122824,0.9442830418302521
8.03175537109375,5.449053955078124,1.4801025390625002,3.561073825503555,0.9511209558146585
3.80746826171875,8.250386962890625,1.4801025390625002,1.8885906040268168,0.94002606527669
5.53425537109375,2.9503039550781245,7.9914794921875,2.5114093959731987,0.9254482428106547
6.30496826171875,2.9503039550781245,7.9914794921875,2.8201342281880093,0.933492096390712
5.53425537109375,5.7516369628906245,7.9914794921875,2.562416107382602,0.9625418155248104
5.53425537109375,2.9503039550781245,3.9551025390625,2.5127516778523935,0.9139752201200276
6.30496826171875,5.7516369628906245,3.9551025390625,2.871140939597413,0.9609016242930459
0.53925537109375,7.9478039550781245,3.0414794921875004,0.5785234899328806,0.848138750688083
1.30996826171875,7.9478039550781245,3.0414794921875004,0.8885906040268348,0.9037658479097646
0.53925537109375,0.7541369628906249,3.0414794921875004,0.40671140939597095,0.14597219494061991
0.53925537109375,7.9478039550781245,8.9051025390625,0.5785234899328806,0.8768432016221226
1.30996826171875,0.7541369628906249,8.9051025390625,0.42416107382550083,0.15835760630497597
0.38316162109375,0.295382080078125,0.7211669921875,0.4013422818791925,0.058009359572351885
3.33918701171875,0.295382080078125,0.7211669921875,0.4174496644295278,0.0576861538099315
0.38316162109375,8.094215087890625,0.7211669921875,0.5006711409395934,0.759330529793242
0.38316162109375,0.295382080078125,7.8222900390625,0.4013422818791925,0.06184123780763504
3.33918701171875,8.094215087890625,7.8222900390625,1.6993288590603772,0.9598648792878087
5.37816162109375,5.292882080078124,5.6711669921875,2.4953020134228607,0.9552978804159782
8.33418701171875,5.292882080078124,5.6711669921875,3.6791946308726997,0.9698446434323376
5.37816162109375,3.0967150878906247,5.6711669921875,2.455033557047016,0.9228413633260102
5.37816162109375,5.292882080078124,2.8722900390625004,2.4966442953020556,0.9462021523715785
8.33418701171875,3.0967150878906247,2.8722900390625004,3.638926174496855,0.9369445759275516
7.87566162109375,2.794132080078125,3.1961669921875,3.4442953020136047,0.9289329114870926
0.84168701171875,2.794132080078125,3.1961669921875,0.6040268456375781,0.6091337455030583
7.87566162109375,0.597965087890625,3.1961669921875,3.05100671140952,0.6905749219688423
7.87566162109375,2.794132080078125,0.39729003906250004,3.4308724832216564,0.8533354824417123
0.84168701171875,0.597965087890625,0.39729003906250004,0.40671140939597095,0.1102613761843748
2.8806616210937497,7.7916320800781245,8.1461669921875,1.5140939597315215,0.9534151570579004
5.83668701171875,7.7916320800781245,8.1461669921875,2.69798657718128,0.9741645857048576
2.8806616210937497,5.5954650878906245,8.1461669921875,1.4993288590603808,0.9346285923987112
2.8806616210937497,7.7916320800781245,5.3472900390625,1.5140939597315215,0.949445568308893
5.83668701171875,5.5954650878906245,5.3472900390625,2.681879194630942,0.9601401792498747
4.12941162109375,4.0435070800781245,6.9086669921874995,1.9771812080536608,0.9291483878377761
7.08543701171875,4.0435070800781245,6.9086669921874995,3.161073825503496,0.9555781061932866
4.12941162109375,6.844840087890624,6.9086669921874995,2.008053691275138,0.9587043129757538
4.12941162109375,4.0435070800781245,9.0597900390625,1.9771812080536608,0.9321688499111597
7.08543701171875,6.844840087890624,9.0597900390625,3.191946308724977,0.9755052199142469
9.12441162109375,9.041007080078126,1.9586669921875002,4.020134228188186,0.9769352326534635
2.0904370117187496,9.041007080078126,1.9586669921875002,1.205369127516762,0.9260304493527881
9.12441162109375,1.8473400878906248,1.9586669921875002,3.8926174496646775,0.8902570496302185
9.12441162109375,9.041007080078126,4.1097900390625,4.018791946308991,0.9826470776765561
2.0904370117187496,1.8473400878906248,4.1097900390625,1.0738255033556905,0.7067633327579288
6.6269116210937495,1.5447570800781247,9.3836669921875,2.855033557047075,0.8798204991215763
9.58293701171875,1.5447570800781247,9.3836669921875,4.037583892617719,0.91380733035011
6.6269116210937495,4.346090087890625,9.3836669921875,2.9825503355705836,0.9583393787084753
6.6269116210937495,1.5447570800781247,1.6347900390625,2.861744966443049,0.8238437196041718
9.58293701171875,4.346090087890625,1.6347900390625,4.167785234899617,0.9501548348147356
1.63191162109375,6.542257080078125,4.4336669921875,1.0080536912751548,0.906630992954693
4.58793701171875,6.542257080078125,4.4336669921875,2.1906040268456346,0.9564587483699721
1.63191162109375,9.343590087890625,4.4336669921875,1.0214765100671008,0.9351185450769925
1.63191162109375,6.542257080078125,6.5847900390625,1.0080536912751548,0.9142789267459849
4.58793701171875,9.343590087890625,6.5847900390625,2.204026845637583,0.9724729456096621
2.25628662109375,3.4188195800781247,8.7649169921875,1.2147651006711242,0.8707667807731426
1.46606201171875,3.4188195800781247,8.7649169921875,0.8993288590603916,0.8234000423562025
2.25628662109375,3.7214025878906245,8.7649169921875,1.2214765100670972,0.8815712763639274
2.25628662109375,3.4188195800781247,5.9660400390624995,1.2161073825503188,0.8629264600388495
1.46606201171875,3.7214025878906245,5.9660400390624995,0.9073825503355593,0.829871386508213
7.25128662109375,8.416319580078126,3.8149169921875004,3.2671140939598873,0.9764638149045637
6.46106201171875,8.416319580078126,3.8149169921875004,2.9503355704699077,0.9738315523926617
7.25128662109375,8.718902587890625,3.8149169921875004,3.268456375839082,0.9773218744312295
7.25128662109375,8.416319580078126,1.0160400390625,3.268456375839082,0.9571527990718134
6.46106201171875,8.718902587890625,1.0160400390625,2.9530201342282973,0.954429299349612
9.74878662109375,0.9200695800781249,6.2899169921875,3.974496644295562,0.848389848261334
3.96356201171875,0.9200695800781249,6.2899169921875,1.6604026845637336,0.6659839228373785
9.74878662109375,6.220152587890625,6.2899169921875,4.253691275168086,0.9784645067222724
9.74878662109375,0.9200695800781249,3.4910400390625003,3.9798657718123414,0.8299511772722141
3.96356201171875,6.220152587890625,3.4910400390625003,1.9382550335570172,0.9446666255187783
4.75378662109375,5.9175695800781245,1.3399169921875,2.2536912751677916,0.9275223154922569
8.95856201171875,5.9175695800781245,1.3399169921875,3.935570469798912,0.9567155522529461
4.75378662109375,1.2226525878906247,1.3399169921875,2.0416107382550086,0.7120653599694029
4.75378662109375,5.9175695800781245,8.4410400390625,2.251006711409402,0.9588076113296162
8.95856201171875,1.2226525878906247,8.4410400390625,3.7369127516780773,0.8822267455656629
3.50503662109375,2.1694445800781246,2.5774169921875,1.6671140939597067,0.814023244875169
7.70981201171875,2.1694445800781246,2.5774169921875,3.348993288590772,0.9007861689800702
3.50503662109375,2.472027587890625,2.5774169921875,1.6845637583892366,0.8357615755881107
3.50503662109375,2.1694445800781246,7.2035400390625,1.6644295302013175,0.8487818894710729
7.70981201171875,2.472027587890625,7.2035400390625,3.36241610738272,0.9322449964703949
8.50003662109375,7.166944580078124,7.5274169921875,3.7597315436243894,0.9795900993876778
2.7148120117187498,7.166944580078124,7.5274169921875,1.444295302013402,0.9461764384781233
8.50003662109375,7.469527587890624,7.5274169921875,3.7610738255035843,0.9804171358437486
8.50003662109375,7.166944580078124,2.2535400390625,3.7610738255035843,0.9708168706213791
2.7148120117187498,7.469527587890624,2.2535400390625,1.4469798657717912,0.928766135109018
6.00253662109375,4.668194580078125,0.1024169921875,2.7073825503356437,0.8468499590161491
5.21231201171875,4.668194580078125,0.1024169921875,2.390604026845664,0.8361855643080981
6.00253662109375,9.968277587890626,0.1024169921875,2.759731543624242,0.9019656256884755
6.00253662109375,4.668194580078125,4.7285400390625,2.7382550335571247,0.9519097927072628
5.21231201171875,9.968277587890626,4.7285400390625,2.4563758389262107,0.9751361241866242
1.00753662109375,9.665694580078124,5.0524169921875,0.7731543624160986,0.9200163338365577
0.21731201171875,9.665694580078124,5.0524169921875,0.44832214765100376,0.8232036357832138
1.00753662109375,4.970777587890624,5.0524169921875,0.7449664429530118,0.8373416717310529
1.00753662109375,9.665694580078124,9.6785400390625,0.771812080536904,0.928399940312169
0.21731201171875,4.970777587890624,9.6785400390625,0.4214765100671116,0.6297113632955875
0.69534912109375,4.980538330078124,4.1242919921875,0.6161073825503296,0.7852290330100695
9.89512451171875,4.980538330078124,4.1242919921875,4.300671140939905,0.9703013835109423
0.69534912109375,5.283121337890624,4.1242919921875,0.621476510067108,0.8009555936772574
0.69534912109375,4.980538330078124,2.5629150390625,0.6134228187919404,0.7651036040169263
9.89512451171875,5.283121337890624,2.5629150390625,4.30469798657749,0.9672020837931246
5.69034912109375,9.978038330078125,9.0742919921875,2.6469798657718764,0.9798859982420318
4.90012451171875,9.978038330078125,9.0742919921875,2.3315436241610916,0.9772146670819352
5.69034912109375,0.285621337890625,9.0742919921875,1.1852348993288429,0.23729014727306547
5.69034912109375,9.978038330078125,7.5129150390624995,2.6469798657718764,0.9791938548499615
4.90012451171875,0.285621337890625,7.5129150390624995,0.6322147651006649,0.11398684978336292
8.18784912109375,2.4817883300781247,1.6492919921875002,3.55973154362436,0.903085439522149
7.39762451171875,2.4817883300781247,1.6492919921875002,3.2429530201343804,0.8946334324909128
8.18784912109375,2.7843713378906245,1.6492919921875002,3.5718120805371134,0.9128743410820253
8.18784912109375,2.4817883300781247,9.9879150390625,3.5543624161075806,0.9392033352715253
7.39762451171875,2.7843713378906245,9.9879150390625,3.2510067114095493,0.9407024704014787
3.19284912109375,7.479288330078124,6.5992919921875,1.6375838926174253,0.9534329196605182
2.40262451171875,7.479288330078124,6.5992919921875,1.3208053691274981,0.9421811693959651
3.19284912109375,7.781871337890625,6.5992919921875,1.63892617449662,0.9552335340313726
3.19284912109375,7.479288330078124,5.0379150390625,1.6375838926174253,0.9506424226961315
2.40262451171875,7.781871337890625,5.0379150390625,1.3234899328858873,0.9416057804549209
4.44159912109375,1.2324133300781248,7.8367919921875,1.935570469798628,0.7812577972596175
1.15387451171875,1.2324133300781248,7.8367919921875,0.46711409395972825,0.27460413083766644
4.44159912109375,9.031246337890625,7.8367919921875,2.1449664429530104,0.97177991409043
4.44159912109375,1.2324133300781248,1.3254150390625001,1.915436241610709,0.6991964412580887
1.15387451171875,9.031246337890625,1.3254150390625001,0.8295302013422721,0.8810923448645369
9.43659912109375,6.229913330078125,2.8867919921875003,4.128859060402967,0.9722084810454765
6.14887451171875,6.229913330078125,2.8867919921875003,2.813422818792035,0.9593485812157815
9.43659912109375,4.033746337890625,2.8867919921875003,4.102013422819071,0.9567704274026908
9.43659912109375,6.229913330078125,6.2754150390625,4.128859060402967,0.9778232620462004
6.14887451171875,4.033746337890625,6.2754150390625,2.7852348993289437,0.9484203048211379
6.93909912109375,3.7311633300781244,5.3617919921874995,3.096644295302144,0.9483059530344808
3.6513745117187497,3.7311633300781244,5.3617919921874995,1.7812080536912482,0.9111950415231183
6.93909912109375,1.5349963378906248,5.3617919921874995,2.9812080536913887,0.8731354481403715
6.93909912109375,3.7311633300781244,8.7504150390625,3.095302013422949,0.9526134377518259
3.6513745117187497,1.5349963378906248,8.7504150390625,1.665771812080512,0.796403867686015
1.9440991210937502,8.728663330078126,0.41179199218750007,1.1395973154362262,0.8641263516651393
8.64637451171875,8.728663330078126,0.41179199218750007,3.826845637584131,0.9407113927564325
1.9440991210937502,6.532496337890624,0.41179199218750007,1.123489932885891,0.831445441917755
1.9440991210937502,8.728663330078126,3.8004150390625,1.14362416107381,0.935060689410911
8.64637451171875,6.532496337890624,3.8004150390625,3.8147651006713774,0.9738697488684163
1.31972412109375,1.8571008300781247,5.9805419921875,0.7476510067114011,0.59346196238498
5.52449951171875,1.8571008300781247,5.9805419921875,2.4483221476510417,0.874808719732123
1.31972412109375,0.9103088378906249,5.9805419921875,0.4335570469798631,0.1894382631758207
1.31972412109375,1.8571008300781247,4.4191650390624995,0.7422818791946226,0.5809430389358032
5.52449951171875,0.9103088378906249,4.4191650390624995,2.2859060402684674,0.7336778292954864
6.31472412109375,6.854600830078124,1.0305419921875,2.885906040268556,0.9425618833408186
0.52949951171875,6.854600830078124,1.0305419921875,0.5570469798657669,0.7674077673158702
6.31472412109375,5.907808837890625,1.0305419921875,2.8791946308725818,0.934231501350729
6.31472412109375,6.854600830078124,9.3691650390625,2.8832214765101662,0.9729389786902798
0.52949951171875,5.907808837890625,9.3691650390625,0.5597315436241561,0.8164383126932625
8.81222412109375,4.355850830078125,8.4555419921875,3.857718120805612,0.9674775980471009
8.02199951171875,4.355850830078125,8.4555419921875,3.5409395973156323,0.9644636993366006
8.81222412109375,8.406558837890625,8.4555419921875,3.8912751677854827,0.9837473158065508
8.81222412109375,4.355850830078125,6.8941650390625,3.857718120805612,0.9662820501753524
8.02199951171875,8.406558837890625,6.8941650390625,3.574496644295503,0.9814540013916444
3.81722412109375,9.353350830078124,3.5055419921875,1.8966442953019844,0.9625713916048417
3.02699951171875,9.353350830078124,3.5055419921875,1.5798657718120572,0.954977971880854
3.81722412109375,3.409058837890625,3.5055419921875,1.840268456375811,0.8959690671208931
3.81722412109375,9.353350830078124,1.9441650390625,1.8966442953019844,0.9531646252840853
3.02699951171875,3.409058837890625,1.9441650390625,1.526174496644273,0.8539885457975496
2.56847412109375,3.1064758300781246,2.2680419921875004,1.3342281879194442,0.829179531459954
4.27574951171875,3.1064758300781246,2.2680419921875004,2.0174496644295017,0.8819214622050175
2.56847412109375,4.658433837890625,2.2680419921875004,1.3651006711409202,0.8834142962418768
2.56847412109375,3.1064758300781246,3.1816650390625,1.3342281879194442,0.8431794943277939
4.27574951171875,4.658433837890625,3.1816650390625,2.046979865771788,0.9283348910144875
7.56347412109375,8.103975830078125,7.2180419921875,3.3906040268458115,0.9799600152400607
9.27074951171875,8.103975830078125,7.2180419921875,4.073825503355979,0.9834349233567624
7.56347412109375,9.655933837890625,7.2180419921875,3.395973154362591,0.9832874211486979
7.56347412109375,8.103975830078125,8.1316650390625,3.3906040268458115,0.9804114862639729
9.27074951171875,9.655933837890625,8.1316650390625,4.084563758389538,0.9865400201096526
5.06597412109375,0.607725830078125,4.7430419921875,1.9140939597315143,0.579984773176266
1.77824951171875,0.607725830078125,4.7430419921875,0.42684563758389005,0.12804439058089864
5.06597412109375,7.157183837890624,4.7430419921875,2.3852348993288848,0.9639894764512531
5.06597412109375,0.607725830078125,5.6566650390625,1.9194630872482927,0.5874567577245793
1.77824951171875,7.157183837890624,5.6566650390625,1.0697986577181067,0.9235340604969733
0.07097412109375,5.605225830078124,9.6930419921875,0.40536912751677634,0.6513216027554363
6.77324951171875,5.605225830078124,9.6930419921875,3.056375838926299,0.9687205452755083
0.07097412109375,2.1596838378906247,9.6930419921875,0.4013422818791925,0.3593043602412676
0.07097412109375,5.605225830078124,0.7066650390625,0.40402684563758173,0.6071662956731222
6.77324951171875,2.1596838378906247,0.7066650390625,2.965100671141051,0.8325343052486713
0.051462402343750005,0.627247314453125,5.6905029296875,0.3999999999999979,0.12419657755006158
4.60744873046875,0.627247314453125,5.6905029296875,1.7449664429529939,0.5657045789087378
0.051462402343750005,4.2875256347656245,5.6905029296875,0.4026845637583871,0.5581767147550392
0.051462402343750005,0.627247314453125,9.3498291015625,0.3999999999999979,0.1259448878204333
4.60744873046875,4.2875256347656245,9.3498291015625,2.173154362416102,0.9420201545230824
5.04646240234375,5.624747314453124,0.7405029296875,2.367785234899352,0.9065003547923568
9.60244873046875,5.624747314453124,0.7405029296875,4.191946308725124,0.9413576014569992
5.04646240234375,9.285025634765626,0.7405029296875,2.3892617449664693,0.938715419181013
5.04646240234375,5.624747314453124,4.3998291015625,2.366442953020157,0.9529677879082108
9.60244873046875,9.285025634765626,4.3998291015625,4.210738255033852,0.9842148751019222
7.54396240234375,3.125997314453125,8.1655029296875,3.3221476510068753,0.9468010407742709
2.1099487304687496,3.125997314453125,8.1655029296875,1.1489932885905885,0.8495822976851433
7.54396240234375,6.786275634765625,8.1655029296875,3.3744966442954736,0.9761750399316447
7.54396240234375,3.125997314453125,1.9248291015625,3.324832214765265,0.9212465690577168
2.1099487304687496,6.786275634765625,1.9248291015625,1.2026845637583727,0.9025439312621508
2.54896240234375,8.123497314453125,3.2155029296875,1.3838926174496446,0.9394335227971702
7.10494873046875,8.123497314453125,3.2155029296875,3.20671140939612,0.9736101198126745
2.54896240234375,1.7887756347656247,3.2155029296875,1.2523489932885732,0.7289076034674864
2.54896240234375,8.123497314453125,6.8748291015625,1.3838926174496446,0.9499575270110718
7.10494873046875,1.7887756347656247,6.8748291015625,3.073825503355832,0.8980560147109332
3.79771240234375,4.3753723144531245,1.9780029296875001,1.853691275167757,0.9023717856090834
5.8561987304687495,4.3753723144531245,1.9780029296875001,2.6765100671141626,0.9304565519441639
3.79771240234375,0.5394006347656249,1.9780029296875001,1.1154362416107233,0.3403385682771232
3.79771240234375,4.3753723144531245,8.1123291015625,1.8510067114093678,0.9321094787472751
5.8561987304687495,0.5394006347656249,8.1123291015625,2.1825503355704656,0.6054025455707428
8.79271240234375,9.372872314453126,6.9280029296875,3.887248322147898,0.9849235113660295
0.8611987304687501,9.372872314453126,6.9280029296875,0.7127516778523413,0.9155573211369649
8.79271240234375,5.536900634765624,6.9280029296875,3.864429530201586,0.9736597946818275
8.79271240234375,9.372872314453126,3.1623291015625004,3.887248322147898,0.981093666902374
0.8611987304687501,5.536900634765624,3.1623291015625004,0.6912751677852276,0.8244456442792666
6.29521240234375,1.8766223144531247,4.4530029296875,2.759731543624242,0.882544292114579
8.35369873046875,1.8766223144531247,4.4530029296875,3.582550335570672,0.9082456837161317
6.29521240234375,8.035650634765625,4.4530029296875,2.8818791946309714,0.9730982719291995
6.29521240234375,1.8766223144531247,0.6873291015625,2.7463087248322937,0.8028618504409815
8.35369873046875,8.035650634765625,0.6873291015625,3.708724832214986,0.9502383170181705
1.30021240234375,6.874122314453125,9.4030029296875,0.8765100671140833,0.9110532487078917
3.35869873046875,6.874122314453125,9.4030029296875,1.7006711409395718,0.9540754046173803
1.30021240234375,3.038150634765625,9.4030029296875,0.822818791946299,0.781148705437314
1.30021240234375,6.874122314453125,5.6373291015625,0.8778523489932779,0.9034521833100096
3.35869873046875,3.038150634765625,5.6373291015625,1.645637583892593,0.8842625817490775
1.9245874023437501,3.7506848144531246,3.8342529296875,1.092617449664415,0.8476312035509084
0.23682373046875002,3.7506848144531246,3.8342529296875,0.4161073825503332,0.5203534594251578
1.9245874023437501,9.909713134765624,3.8342529296875,1.1409395973154208,0.9431056949471015
1.9245874023437501,3.7506848144531246,7.4935791015625,1.0912751677852204,0.8658608388457789
0.23682373046875002,9.909713134765624,7.4935791015625,0.4590604026845606,0.8461366869031601
6.91958740234375,8.748184814453126,8.7842529296875,3.135570469798794,0.9806540914598963
5.23182373046875,8.748184814453126,8.7842529296875,2.4590604026846004,0.9749412473998676
6.91958740234375,4.912213134765625,8.7842529296875,3.1073825503357027,0.9642934616118495
6.91958740234375,8.748184814453126,2.5435791015625,3.135570469798794,0.9726999091012035
5.23182373046875,4.912213134765625,2.5435791015625,2.4335570469798986,0.938025771274418
9.41708740234375,1.2519348144531248,1.3592529296875002,3.9328859060405224,0.8298113590802733
2.7343237304687498,1.2519348144531248,1.3592529296875002,1.205369127516762,0.5836423385664734
9.41708740234375,2.4134631347656246,1.3592529296875002,4.048322147651278,0.9043765811125577
9.41708740234375,1.2519348144531248,5.0185791015625,3.927516778523743,0.8797753819152279
2.7343237304687498,2.4134631347656246,5.0185791015625,1.3718120805368932,0.8248426653256544
4.42208740234375,6.249434814453124,6.3092529296875,2.1221476510066983,0.9566543101601036
7.72932373046875,6.249434814453124,6.3092529296875,3.4456375838927995,0.9734163380470944
4.42208740234375,7.410963134765624,6.3092529296875,2.1288590604026725,0.9634742244198734
4.42208740234375,6.249434814453124,9.9685791015625,2.1208053691275035,0.9595913476848965
7.72932373046875,7.410963134765624,9.9685791015625,3.4523489932887736,0.9794404810307008
3.17333740234375,2.5013098144531245,7.5467529296875,1.5503355704697759,0.8596389023380472
8.97807373046875,2.5013098144531245,7.5467529296875,3.8711409395975602,0.942127932437145
3.17333740234375,6.1615881347656245,7.5467529296875,1.62147651006709,0.9443576499405024
3.17333740234375,2.5013098144531245,6.2560791015624995,1.5503355704697759,0.8552281339778776
8.97807373046875,6.1615881347656245,6.2560791015624995,3.944966442953276,0.9764961908032228
8.16833740234375,7.498809814453124,2.5967529296875003,3.629530201342491,0.9726768830363737
3.98307373046875,7.498809814453124,2.5967529296875003,1.9543624161073525,0.9495792580015495
8.16833740234375,1.164088134765625,2.5967529296875003,3.417449664429708,0.8301050892168266
8.16833740234375,7.498809814453124,1.3060791015625002,3.630872483221686,0.9623312533373325
3.98307373046875,1.164088134765625,1.3060791015625002,1.7060402684563503,0.6581448524700892
5.67083740234375,5.000059814453125,5.0717529296874995,2.609395973154421,0.9536272048269856
6.48057373046875,5.000059814453125,5.0717529296874995,2.932885906040375,0.9586435839052809
5.67083740234375,3.6628381347656247,5.0717529296874995,2.586577181208109,0.9361709396302536
5.67083740234375,5.000059814453125,3.7810791015625003,2.609395973154421,0.9499032868769915
6.48057373046875,3.6628381347656247,3.7810791015625003,2.9114093959732577,0.9388415886358623
0.67583740234375,9.997559814453124,0.12175292968750001,0.6241610738254972,0.7914874698343826
1.48557373046875,9.997559814453124,0.12175292968750001,0.9503355704697867,0.8330575160727649
0.67583740234375,8.660338134765626,0.12175292968750001,0.6161073825503296,0.7677772525275924
0.67583740234375,9.997559814453124,8.7310791015625,0.6416107382550271,0.9157164879775697
1.48557373046875,8.660338134765626,8.7310791015625,0.9597315436241489,0.9348252909148793
0.9880249023437501,4.687716064453125,9.0936279296875,0.7328859060402604,0.8397435965075926
8.66588623046875,4.687716064453125,9.0936279296875,3.804026845637819,0.9697465369985505
0.9880249023437501,1.4764318847656248,9.0936279296875,0.4738255033557013,0.32519036959609676
0.9880249023437501,4.687716064453125,0.9967041015625,0.7208053691275089,0.7492292388652363
8.66588623046875,1.4764318847656248,0.9967041015625,3.6644295302015566,0.8272462705500652
5.98302490234375,9.685216064453124,4.1436279296875,2.7637583892618265,0.9763829960669304
3.6708862304687497,9.685216064453124,4.1436279296875,1.8389261744966163,0.964515469617073
5.98302490234375,6.473931884765625,4.1436279296875,2.7489932885906834,0.9643549950689929
5.98302490234375,9.685216064453124,5.9467041015625,2.7637583892618265,0.9785251063613112
3.6708862304687497,6.473931884765625,5.9467041015625,1.822818791946281,0.9506392202941352
8.48052490234375,2.188966064453125,6.6186279296874995,3.655033557047193,0.9285921881908689
6.16838623046875,2.188966064453125,6.6186279296874995,2.7302013422819558,0.9052990500289355
8.48052490234375,8.972681884765626,6.6186279296874995,3.7610738255035843,0.9835180143433382
8.48052490234375,2.188966064453125,8.4217041015625,3.655033557047193,0.9314096600222326
6.16838623046875,8.972681884765626,8.4217041015625,2.8348993288591524,0.9787947392834991
3.48552490234375,7.186466064453124,1.6686279296875002,1.754362416107356,0.930642777957821
1.1733862304687501,7.186466064453124,1.6686279296875002,0.8295302013422721,0.8647384053495771
3.48552490234375,3.9751818847656244,1.6686279296875002,1.7221476510066855,0.8794930496071205
3.48552490234375,7.186466064453124,3.4717041015625,1.7530201342281615,0.9468605427411854
1.1733862304687501,3.9751818847656244,3.4717041015625,0.7946308724832123,0.7960074386721967
4.73427490234375,0.9395910644531249,2.9061279296875,1.9718120805368824,0.6855535797667063
2.42213623046875,0.9395910644531249,2.9061279296875,0.9637583892617327,0.45751328888943144
4.73427490234375,2.7258068847656247,2.9061279296875,2.18657718120805,0.8851535803487689
4.73427490234375,0.9395910644531249,2.2342041015625003,1.9637583892617148,0.671000812641664
2.42213623046875,2.7258068847656247,2.2342041015625003,1.2604026845637408,0.797681980915719
9.72927490234375,5.937091064453124,7.8561279296875,4.242953020134528,0.9782631535082538
7.41713623046875,5.937091064453124,7.8561279296875,3.3181208053692908,0.9720862248380924
9.72927490234375,7.723306884765624,7.8561279296875,4.255033557047281,0.9835769170240829
9.72927490234375,5.937091064453124,7.1842041015625,4.242953020134528,0.9778919140464458
7.41713623046875,7.723306884765624,7.1842041015625,3.3302013422820442,0.978510023903737
7.23177490234375,3.4383410644531245,0.4311279296875,3.200000000000146,0.8697192661264845
4.9196362304687495,3.4383410644531245,0.4311279296875,2.2697986577181295,0.8359595342356037
7.23177490234375,5.224556884765624,0.4311279296875,3.2348993288592114,0.9039769580771256
7.23177490234375,3.4383410644531245,9.6592041015625,3.205369127516925,0.9510271053666935
4.9196362304687495,5.224556884765624,9.6592041015625,2.311409395973169,0.955581179828329
2.23677490234375,8.435841064453125,5.3811279296875,1.2604026845637408,0.9444121412459694
9.91463623046875,8.435841064453125,5.3811279296875,4.332885906040581,0.9840432679837845
2.23677490234375,0.227056884765625,5.3811279296875,0.40939597315436016,0.04838315229124731
2.23677490234375,8.435841064453125,4.7092041015624995,1.2604026845637408,0.9426222824658876
9.91463623046875,0.227056884765625,4.7092041015624995,2.797315436241697,0.40727272536275033
1.61239990234375,1.5642785644531247,1.0498779296875,0.7677852348993202,0.48646796285402094
6.79276123046875,1.5642785644531247,1.0498779296875,2.923489932886011,0.8065243662879034
1.61239990234375,7.098619384765624,1.0498779296875,1.004026845637571,0.8659975574280592
1.61239990234375,1.5642785644531247,2.8529541015625,0.8147651006711314,0.5487479245557143
6.79276123046875,7.098619384765624,2.8529541015625,3.0765100671142216,0.9671384681962465
6.60739990234375,6.561778564453125,5.9998779296875,2.9986577181209215,0.9705182396171133
1.79776123046875,6.561778564453125,5.9998779296875,1.0738255033556905,0.9179960683153905
6.60739990234375,2.101119384765625,5.9998779296875,2.900671140939699,0.9054360151295733
6.60739990234375,6.561778564453125,7.8029541015625,2.9986577181209215,0.9720102942747886
1.79776123046875,2.101119384765625,7.8029541015625,0.9771812080536788,0.7354417400474136
9.10489990234375,4.063028564453124,3.5248779296875004,3.9704697986579776,0.9585786567179523
9.29026123046875,4.063028564453124,3.5248779296875004,4.044295302013693,0.9592920259510599
9.10489990234375,4.599869384765625,3.5248779296875004,3.9785234899331465,0.963423758893632
9.10489990234375,4.063028564453124,5.3279541015625,3.9691275167787827,0.962797120511444
9.29026123046875,4.599869384765625,5.3279541015625,4.052348993288862,0.9678942995053187
4.1098999023437495,9.060528564453126,8.4748779296875,2.0120805369127224,0.9703311621418748
4.29526123046875,9.060528564453126,8.4748779296875,2.085906040268438,0.9713269674068588
4.1098999023437495,9.597369384765624,8.4748779296875,2.013422818791917,0.9719545197595887
4.1098999023437495,9.060528564453126,0.3779541015625,2.0107382550335275,0.9064818599667557
4.29526123046875,9.597369384765624,0.3779541015625,2.087248322147633,0.9124469048501713
2.8611499023437497,2.8136535644531246,7.2373779296875,1.4389261744966235,0.8643251340521287
3.04651123046875,2.8136535644531246,7.2373779296875,1.512751677852327,0.8707166361821881
2.8611499023437497,8.347994384765625,7.2373779296875,1.508724832214743,0.9554514952785185
2.8611499023437497,2.8136535644531246,4.0904541015625,1.4402684563758181,0.848977498419905
3.04651123046875,8.347994384765625,4.0904541015625,1.583892617449641,0.9519469999290066
7.85614990234375,7.811153564453124,2.2873779296875,3.506040268456567,0.9713727472677336
8.04151123046875,7.811153564453124,2.2873779296875,3.581208053691477,0.9720892623127948
7.85614990234375,3.3504943847656246,2.2873779296875,3.4550335570471633,0.933361611456919
7.85614990234375,7.811153564453124,9.0404541015625,3.506040268456567,0.9806575301639011
8.04151123046875,3.3504943847656246,9.0404541015625,3.527516778523684,0.9539373844684972
5.35864990234375,0.314903564453125,9.7123779296875,1.2402684563758217,0.27029241600050347
0.54901123046875,0.314903564453125,9.7123779296875,0.4026845637583871,0.06641348583788405
5.35864990234375,0.851744384765625,9.7123779296875,2.1932885906040243,0.7354399531285435
5.35864990234375,0.314903564453125,6.5654541015625,1.1973154362415943,0.25682074157396323
0.54901123046875,0.851744384765625,6.5654541015625,0.40805369127516555,0.1674100762959938
0.36364990234375,5.312403564453125,4.7623779296875,0.46845637583892286,0.6920834580916309
5.54401123046875,5.312403564453125,4.7623779296875,2.562416107382602,0.9549122749800067
0.36364990234375,5.849244384765624,4.7623779296875,0.4791946308724797,0.7313391197974475
0.36364990234375,5.312403564453125,1.6154541015625001,0.4590604026845606,0.64727761977068
5.54401123046875,5.849244384765624,1.6154541015625001,2.5691275167785763,0.9402699094558
0.51974365234375,2.9698254394531247,1.5139404296875,0.4416107382550307,0.45159052952580075
9.75854248046875,2.9698254394531247,1.5139404296875,4.206711409396267,0.9267024960883634
0.51974365234375,2.881978759765625,1.5139404296875,0.4375838926174469,0.43852474472731107
0.51974365234375,2.9698254394531247,0.2232666015625,0.42953020134227926,0.40405781014995634
9.75854248046875,2.881978759765625,0.2232666015625,4.1744966442955915,0.8564373391267845
5.51474365234375,7.967325439453124,6.4639404296875,2.5691275167785763,0.9721113242597701
4.76354248046875,7.967325439453124,6.4639404296875,2.2684563758389347,0.9683487009984273
5.51474365234375,7.879478759765624,6.4639404296875,2.5691275167785763,0.9718642128444259
5.51474365234375,7.967325439453124,5.1732666015625,2.5691275167785763,0.9706721042863073
4.76354248046875,7.879478759765624,5.1732666015625,2.2684563758389347,0.9664435201237621
8.01224365234375,0.47107543945312497,3.9889404296875,2.962416107382661,0.6322184453619923
7.26104248046875,0.47107543945312497,3.9889404296875,2.651006711409461,0.5998554493837029
8.01224365234375,5.380728759765624,3.9889404296875,3.551677852349191,0.9663956653037747
8.01224365234375,0.47107543945312497,7.6482666015625,2.971812080537025,0.6585290518606148
7.26104248046875,5.380728759765624,7.6482666015625,3.2496644295303545,0.9682084318590974
3.01724365234375,5.468575439453124,8.9389404296875,1.5516778523489705,0.9359844250209843
2.26604248046875,5.468575439453124,8.9389404296875,1.2523489932885732,0.9213442756673133
3.01724365234375,0.383228759765625,8.9389404296875,0.4348993288590577,0.08771869910518679
3.01724365234375,5.468575439453124,2.6982666015625,1.5543624161073597,0.9160562757336419
2.26604248046875,0.383228759765625,2.6982666015625,0.4174496644295278,0.07913181261845052
4.26599365234375,1.7204504394531248,5.2264404296875,1.9342281879194334,0.8282171460326906
1.01729248046875,1.7204504394531248,5.2264404296875,0.5583892617449615,0.4340921504608025
4.26599365234375,1.6326037597656247,5.2264404296875,1.9248322147650712,0.8189161148788024
4.26599365234375,1.7204504394531248,1.4607666015625,1.9302013422818496,0.7718204210920225
1.01729248046875,1.6326037597656247,1.4607666015625,0.48456375838925814,0.3284885936826151
9.26099365234375,6.717950439453125,0.27644042968750004,4.057718120805641,0.9198061088908578
6.01229248046875,6.717950439453125,0.27644042968750004,2.7557046979866575,0.897333732176437
9.26099365234375,6.630103759765625,0.27644042968750004,4.057718120805641,0.9191714803782014
9.26099365234375,6.717950439453125,6.4107666015625,4.061744966443226,0.9792035864443218
6.01229248046875,6.630103759765625,6.4107666015625,2.761073825503437,0.96874160007168
6.76349365234375,4.219200439453124,7.7014404296875,3.034899328859182,0.956454639763827
3.51479248046875,4.219200439453124,7.7014404296875,1.7355704697986316,0.9244915805661607
6.76349365234375,9.128853759765626,7.7014404296875,3.073825503355832,0.9805597342547947
6.76349365234375,4.219200439453124,8.8857666015625,3.034899328859182,0.9574448469069077
3.51479248046875,9.128853759765626,8.8857666015625,1.7731543624160806,0.9665364752182666
1.76849365234375,9.216700439453126,2.7514404296875004,1.0765100671140797,0.9283139492570006
8.50979248046875,9.216700439453126,2.7514404296875004,3.7744966442955326,0.9792285156755124
1.76849365234375,4.1313537597656245,2.7514404296875004,1.037583892617436,0.8415292814443239
1.76849365234375,9.216700439453126,3.9357666015625004,1.075167785234885,0.9352442846594331
8.50979248046875,4.1313537597656245,3.9357666015625004,3.732885906040493,0.9580148187857322
2.3928686523437497,1.0957629394531248,8.3201904296875,1.068456375838912,0.5766896102417312
5.38791748046875,1.0957629394531248,8.3201904296875,2.283221476510078,0.7930007696732404
2.3928686523437497,8.504166259765626,8.3201904296875,1.3221476510066927,0.9513456546203669
2.3928686523437497,1.0957629394531248,3.3170166015625,1.04161073825502,0.5370513693927801
5.38791748046875,8.504166259765626,3.3170166015625,2.5221476510067573,0.9684502524365893
7.38786865234375,6.093262939453124,3.3701904296875003,3.307382550335732,0.9663317826510992
0.39291748046875,6.093262939453124,3.3701904296875003,0.4966442953020096,0.7489024384900238
7.38786865234375,3.5066662597656246,3.3701904296875003,3.2711409395974718,0.9411153433197951
7.38786865234375,6.093262939453124,8.2670166015625,3.307382550335732,0.9729310378222256
0.39291748046875,3.5066662597656246,8.2670166015625,0.4375838926174469,0.5362484730524464
9.88536865234375,3.5945129394531246,5.8451904296874995,4.272483221476814,0.961784574554337
7.88541748046875,3.5945129394531246,5.8451904296874995,3.4711409395975013,0.9528473359495389
9.88536865234375,1.0079162597656248,5.8451904296874995,4.057718120805641,0.8615357527878384
9.88536865234375,3.5945129394531246,5.7920166015625,4.272483221476814,0.9617091324808746
7.88541748046875,1.0079162597656248,5.7920166015625,3.2590604026847183,0.8303088404421819
4.89036865234375,8.592012939453125,0.8951904296875,2.3248322147651175,0.9390919332011713
2.89041748046875,8.592012939453125,0.8951904296875,1.5234899328858837,0.9131172400430396
4.89036865234375,6.005416259765624,0.8951904296875,2.3100671140939744,0.9165929226715958
4.89036865234375,8.592012939453125,0.8420166015625,2.3248322147651175,0.9372133153059886
2.89041748046875,6.005416259765624,0.8420166015625,1.5073825503355485,0.8797966352752141
3.64161865234375,4.843887939453125,4.6076904296875,1.795973154362389,0.929364178147572
4.13916748046875,4.843887939453125,4.6076904296875,1.9946308724831907,0.9361669742333452
3.64161865234375,7.254791259765624,4.6076904296875,1.816107382550308,0.9531021860295277
3.64161865234375,4.843887939453125,4.5545166015625,1.795973154362389,0.9291625494378786
4.13916748046875,7.254791259765624,4.5545166015625,2.014765100671112,0.9574786909653112
8.63661865234375,9.841387939453124,9.5576904296875,3.8765100671143395,0.9863605206447393
9.13416748046875,9.841387939453124,9.5576904296875,4.130201342282162,0.9871599097894035
8.63661865234375,2.2572912597656245,9.5576904296875,3.7208053691277394,0.9356909070103172
8.63661865234375,9.841387939453124,9.5045166015625,3.87382550335595,0.9862842192833542
9.13416748046875,2.2572912597656245,9.5045166015625,3.920805369127769,0.9389681324465735
6.1391186523437495,2.345137939453125,2.1326904296875,2.7315436241611506,0.8817189326914961
1.64166748046875,2.345137939453125,2.1326904296875,0.9194630872483107,0.6917824788966322
6.1391186523437495,4.756041259765625,2.1326904296875,2.7946308724833075,0.9401442401450479
6.1391186523437495,2.345137939453125,7.0295166015624995,2.727516778523566,0.9122231034798476
1.64166748046875,4.756041259765625,7.0295166015624995,0.9946308724832087,0.8821209298617936
1.14411865234375,7.342637939453124,7.0826904296875,0.8174496644295206,0.9067257724921381
6.63666748046875,7.342637939453124,7.0826904296875,3.0147651006712595,0.9746868180370718
1.14411865234375,9.753541259765624,7.0826904296875,0.8281879194630775,0.9311604621712241
1.14411865234375,7.342637939453124,2.0795166015625,0.8187919463087152,0.874168176109887
6.63666748046875,9.753541259765624,2.0795166015625,3.026845637584013,0.9724859378340547
0.83193115234375,2.0327941894531247,3.6795654296875,0.5073825503355665,0.4307518979842322
3.2026049804687498,2.0327941894531247,3.6795654296875,1.5369127516778298,0.8043204006610973
0.83193115234375,0.07088500976562499,3.6795654296875,0.3999999999999979,0.014902015506652933
0.83193115234375,2.0327941894531247,9.8138916015625,0.526174496644291,0.4675907467624485
3.2026049804687498,0.07088500976562499,9.8138916015625,0.40402684563758173,0.015518200709922115
5.82693115234375,7.030294189453125,8.6295654296875,2.688590604026916,0.9712274025818011
8.19760498046875,7.030294189453125,8.6295654296875,3.63758389261766,0.9789428895933232
5.82693115234375,5.068385009765625,8.6295654296875,2.672483221476578,0.9596952526857188
5.82693115234375,7.030294189453125,4.8638916015625,2.689932885906111,0.9678624587760933
8.19760498046875,5.068385009765625,4.8638916015625,3.621476510067322,0.9667146198310491
8.32443115234375,4.5315441894531245,1.2045654296875001,3.6671140939599463,0.9374361654490913
0.70510498046875,4.5315441894531245,1.2045654296875001,0.5986577181207997,0.7008714022310645
8.32443115234375,7.567135009765624,1.2045654296875001,3.693959731543843,0.961618190561002
8.32443115234375,4.5315441894531245,2.3888916015625004,3.6657718120807514,0.9538821255289538
0.70510498046875,7.567135009765624,2.3888916015625004,0.6429530201342217,0.850218960285259
3.3294311523437496,9.529044189453126,6.1545654296875,1.7006711409395718,0.9643443390931479
5.70010498046875,9.529044189453126,6.1545654296875,2.649664429530266,0.9773122864166457
3.3294311523437496,2.5696350097656246,6.1545654296875,1.6161073825503116,0.8640798502743494
3.3294311523437496,9.529044189453126,7.3388916015625,1.7006711409395718,0.9655608613319074
5.70010498046875,2.5696350097656246,7.3388916015625,2.562416107382602,0.9151756548227978
4.57818115234375,3.282169189453125,9.8670654296875,2.139597315436231,0.9238789026322534
6.94885498046875,3.282169189453125,9.8670654296875,3.088590604026975,0.9470152088879029
4.57818115234375,3.8190100097656248,9.8670654296875,2.1530201342281794,0.9349048164947981
4.57818115234375,3.282169189453125,8.5763916015625,2.139597315436231,0.9223667716964824
6.94885498046875,3.8190100097656248,8.5763916015625,3.1020134228189233,0.9537906860795338
9.57318115234375,8.279669189453125,4.9170654296875,4.195973154362709,0.9828133393022034
1.95385498046875,8.279669189453125,4.9170654296875,1.1463087248321993,0.9363986622360982
9.57318115234375,8.816510009765626,4.9170654296875,4.197315436241904,0.9838189131668522
9.57318115234375,8.279669189453125,3.6263916015625,4.195973154362709,0.9811397751825421
1.95385498046875,8.816510009765626,3.6263916015625,1.1489932885905885,0.9355239224577168
7.0756811523437495,0.7834191894531249,7.3920654296874995,2.8510067114094904,0.7685863418232947
9.44635498046875,0.7834191894531249,7.3920654296874995,3.79597315436265,0.8213234058816407
7.0756811523437495,6.317760009765625,7.3920654296874995,3.183892617449808,0.9722985000653042
7.0756811523437495,0.7834191894531249,1.1513916015625,2.808053691275256,0.6779855842097681
9.44635498046875,6.317760009765625,1.1513916015625,4.134228187919747,0.9578917396405573
2.08068115234375,5.780919189453124,2.4420654296875,1.1825503355704536,0.8935975351467752
4.45135498046875,5.780919189453124,2.4420654296875,2.1302013422818673,0.9388905677150234
2.08068115234375,1.3202600097656247,2.4420654296875,0.9637583892617327,0.5530181493295846
2.08068115234375,5.780919189453124,6.1013916015625,1.181208053691259,0.9158198893469911
4.45135498046875,1.3202600097656247,6.1013916015625,1.9557046979865471,0.7891199752650974
1.45630615234375,3.9068566894531247,6.7733154296875,0.9073825503355593,0.8414335802757007
1.32947998046875,3.9068566894531247,6.7733154296875,0.8563758389261642,0.8310017084135051
1.45630615234375,5.693072509765624,6.7733154296875,0.9302013422818676,0.8935419520477983
1.45630615234375,3.9068566894531247,6.7201416015625,0.9073825503355593,0.8412254432693385
1.32947998046875,5.693072509765624,6.7201416015625,0.8805369127516671,0.8876761194180288
6.45130615234375,8.904356689453126,1.8233154296875,2.948993288590713,0.9670313061809312
6.32447998046875,8.904356689453126,1.8233154296875,2.8979865771813094,0.9664263033333758
6.45130615234375,0.6955725097656249,1.8233154296875,2.5221476510067573,0.6501706350696441
6.45130615234375,8.904356689453126,1.7701416015625002,2.948993288590713,0.9665589345210087
6.32447998046875,0.6955725097656249,1.7701416015625002,2.468456375838964,0.6431504422888374
8.94880615234375,1.408106689453125,9.2483154296875,3.7651006711411688,0.899037521372158
3.82697998046875,1.408106689453125,9.2483154296875,1.7181208053691017,0.7873004870883819
8.94880615234375,3.1943225097656245,9.2483154296875,3.8859060402687033,0.9562511272187295
8.94880615234375,1.408106689453125,4.2451416015625,3.7677852348995584,0.8838814135179068
3.82697998046875,3.1943225097656245,4.2451416015625,1.8375838926174217,0.8943538484083389
3.9538061523437498,6.4056066894531245,4.2983154296874995,1.935570469798628,0.9492437894184331
8.82197998046875,6.4056066894531245,4.2983154296874995,3.8845637583895085,0.9748184467878027
3.9538061523437498,8.191822509765625,4.2983154296874995,1.9463087248321849,0.9606447332495054
3.9538061523437498,6.4056066894531245,9.1951416015625,1.935570469798628,0.9565135484013464
8.82197998046875,8.191822509765625,9.1951416015625,3.8939597315438723,0.9835204804528159
2.70505615234375,0.158731689453125,0.5858154296875,0.40536912751677634,0.031298319595673474
7.57322998046875,0.158731689453125,0.5858154296875,0.4228187919463062,0.03134228532313406
2.70505615234375,9.441197509765624,0.5858154296875,1.451006711409375,0.9017410795737872
2.70505615234375,0.158731689453125,5.4826416015624995,0.40805369127516555,0.03407472499877785
7.57322998046875,9.441197509765624,5.4826416015624995,3.4000000000001753,0.9819100737758326
7.70005615234375,5.156231689453125,5.5358154296875,3.4228187919464874,0.9663638979046846
2.5782299804687496,5.156231689453125,5.5358154296875,1.3731543624160878,0.9168716199425611
7.70005615234375,4.443697509765625,5.5358154296875,3.4134228187921236,0.9608106284376196
7.70005615234375,5.156231689453125,0.5326416015625001,3.4241610738256822,0.9139879822127954
2.5782299804687496,4.443697509765625,0.5326416015625001,1.3543624161073633,0.8149063580453073
5.20255615234375,2.6574816894531246,3.0608154296875,2.3704697986577417,0.8924542022243801
5.07572998046875,2.6574816894531246,3.0608154296875,2.319463087248338,0.8902029102966342
5.20255615234375,1.9449475097656248,3.0608154296875,2.330201342281897,0.8544853563169127
5.20255615234375,2.6574816894531246,3.0076416015625003,2.3704697986577417,0.8919038482505119
5.07572998046875,1.9449475097656248,3.0076416015625003,2.280536912751688,0.8510980937736359
0.20755615234375002,7.654981689453124,8.0108154296875,0.4348993288590577,0.7657617383055004
0.08072998046874999,7.654981689453124,8.0108154296875,0.40939597315436016,0.7421351096140975
0.20755615234375002,6.942447509765624,8.0108154296875,0.43087248322147387,0.7355688658862484
0.20755615234375002,7.654981689453124,7.9576416015625,0.4348993288590577,0.765645626378151
0.08072998046874999,6.942447509765624,7.9576416015625,0.40805369127516555,0.7135304696522933
0.28560302734375004,4.141114501953124,2.6740966796875,0.4228187919463062,0.5482867187442297
6.40252685546875,4.141114501953124,2.6740966796875,2.8899328859061404,0.9390334277595933
0.28560302734375004,7.957564697265624,2.6740966796875,0.46577181208053364,0.7790129626532688
0.28560302734375004,4.141114501953124,6.1787353515625,0.42550335570469544,0.5693661358919935
6.40252685546875,7.957564697265624,6.1787353515625,2.924832214765206,0.9753672196986993
5.28060302734375,9.138614501953125,7.6240966796875,2.4805369127517176,0.9757507935280251
1.4075268554687501,9.138614501953125,7.6240966796875,0.9302013422818676,0.9348215898178256
5.28060302734375,2.960064697265625,7.6240966796875,2.4107382550335865,0.9221571108325541
5.28060302734375,9.138614501953125,1.2287353515625001,2.4818791946309124,0.9537517585246
1.4075268554687501,2.960064697265625,1.2287353515625001,0.8456375838926073,0.6972720799971543
7.77810302734375,1.6423645019531248,0.1990966796875,3.2563758389263286,0.7617748980202876
8.90002685546875,1.6423645019531248,0.1990966796875,3.708724832214986,0.7791220350842281
7.77810302734375,0.46131469726562496,0.1990966796875,2.4362416107382883,0.45118660986735337
7.77810302734375,1.6423645019531248,3.7037353515625,3.331543624161239,0.8835113608767833
8.90002685546875,0.46131469726562496,3.7037353515625,3.308724832214927,0.6537645062053211
2.78310302734375,6.639864501953125,5.1490966796875,1.4684563758389049,0.9384095021809137
3.90502685546875,6.639864501953125,5.1490966796875,1.9181208053690981,0.9528635743152515
2.78310302734375,5.458814697265624,5.1490966796875,1.4590604026845426,0.9249296962327385
2.78310302734375,6.639864501953125,8.6537353515625,1.4684563758389049,0.9441843321345673
3.90502685546875,5.458814697265624,8.6537353515625,1.9073825503355413,0.9475772555069212
4.03185302734375,0.392989501953125,8.8615966796875,0.9006711409395862,0.2337743609127128
2.6562768554687497,0.392989501953125,8.8615966796875,0.42684563758389005,0.0874458806484156
4.03185302734375,6.708189697265625,8.8615966796875,1.9691275167784932,0.9590240726734562
4.03185302734375,0.392989501953125,7.4162353515624995,0.8859060402684455,0.22799953081607094
2.6562768554687497,6.708189697265625,7.4162353515624995,1.4187919463087044,0.9415593088947704
9.02685302734375,5.390489501953124,3.9115966796875004,3.9570469798660293,0.9696452405614195
7.65127685546875,5.390489501953124,3.9115966796875004,3.4067114093961495,0.964748360848313
9.02685302734375,1.7106896972656247,3.9115966796875004,3.8362416107384947,0.90301073303444
9.02685302734375,5.390489501953124,2.4662353515625,3.9570469798660293,0.9643779458051787
7.65127685546875,1.7106896972656247,2.4662353515625,3.2899328859061994,0.8729805738930527
6.52935302734375,2.8917395019531247,6.3865966796875,2.908724832214868,0.9316978637078364
0.15877685546875,2.8917395019531247,6.3865966796875,0.40805369127516555,0.44330569139635334
6.52935302734375,4.2094396972656245,6.3865966796875,2.940939597315544,0.9533745413370147
6.52935302734375,2.8917395019531247,4.9412353515625,2.908724832214868,0.9279185274822883
0.15877685546875,4.2094396972656245,4.9412353515625,0.41073825503355477,0.5561219286587096
1.53435302734375,7.889239501953124,1.4365966796875,0.9771812080536788,0.8865067682049494
5.15377685546875,7.889239501953124,1.4365966796875,2.4255033557047296,0.9497542022353981
1.53435302734375,9.206939697265625,1.4365966796875,0.9825503355704572,0.9014057751268919
1.53435302734375,7.889239501953124,9.8912353515625,0.9758389261744842,0.9308821428501678
5.15377685546875,9.206939697265625,9.8912353515625,2.429530201342314,0.976382231550447
2.15872802734375,2.267052001953125,7.0053466796874995,1.1328859060402532,0.7870378850799247
8.27565185546875,2.267052001953125,7.0053466796874995,3.5771812080538927,0.9301769067485925
2.15872802734375,3.5847521972656247,7.0053466796874995,1.181208053691259,0.8690469976067456
2.15872802734375,2.267052001953125,8.0349853515625,1.1328859060402532,0.7910101508398797
8.27565185546875,3.5847521972656247,8.0349853515625,3.6268456375841014,0.9573285481785347
7.15372802734375,7.264552001953124,2.0553466796875,3.222818791946458,0.9650895433419278
3.28065185546875,7.264552001953124,2.0553466796875,1.672483221476485,0.9339998690016871
7.15372802734375,8.582252197265625,2.0553466796875,3.229530201342432,0.9705171369343886
7.15372802734375,7.264552001953124,3.0849853515625,3.222818791946458,0.9703154655465736
3.28065185546875,8.582252197265625,3.0849853515625,1.6791946308724581,0.9520352706489589
9.65122802734375,4.765802001953125,9.4803466796875,4.1986577181210984,0.9732040534938207
5.77815185546875,4.765802001953125,9.4803466796875,2.648322147651071,0.9571846746588092
9.65122802734375,6.0835021972656245,9.4803466796875,4.213422818792242,0.9793765791516802
9.65122802734375,4.765802001953125,0.6099853515625,4.202684563758683,0.9263291652995653
5.77815185546875,6.0835021972656245,0.6099853515625,2.664429530201409,0.9133878481398354
4.65622802734375,9.763302001953125,4.5303466796875,2.233557046979869,0.9717771270045463
0.78315185546875,9.763302001953125,4.5303466796875,0.6845637583892545,0.908327751450466
4.65622802734375,1.0860021972656249,4.5303466796875,1.9906040268456069,0.7419432027483677
4.65622802734375,9.763302001953125,5.5599853515625,2.233557046979869,0.9732145280371802
0.78315185546875,1.0860021972656249,5.5599853515625,0.4174496644295278,0.2104700298697403
3.4074780273437497,3.5164270019531245,0.8178466796875,1.6751677852348743,0.8301153750111783
2.03190185546875,3.5164270019531245,0.8178466796875,1.116778523489918,0.7702703829169824
3.4074780273437497,2.3353771972656245,0.8178466796875,1.62147651006709,0.7642774013128363
3.4074780273437497,3.5164270019531245,9.2724853515625,1.6778523489932635,0.9091553946051267
2.03190185546875,2.3353771972656245,9.2724853515625,1.085906040268442,0.7914679586948736
8.40247802734375,8.513927001953125,5.7678466796875,3.7275167785237135,0.9817929670390133
7.02690185546875,8.513927001953125,5.7678466796875,3.1771812080538337,0.9785635987163301
8.40247802734375,7.332877197265624,5.7678466796875,3.7221476510069342,0.9787484765382812
8.40247802734375,8.513927001953125,4.3224853515624995,3.7275167785237135,0.980333108066453
7.02690185546875,7.332877197265624,4.3224853515624995,3.1718120805370544,0.9730751600668899
5.90497802734375,1.0176770019531247,3.2928466796875,2.4738255033557435,0.7615161081075941
4.52940185546875,1.0176770019531247,3.2928466796875,1.9181208053690981,0.703940335418807
5.90497802734375,9.831627197265625,3.2928466796875,2.7328859060403454,0.9746574599048337
5.90497802734375,1.0176770019531247,1.8474853515625,2.4644295302013797,0.7314924887013248
4.52940185546875,9.831627197265625,1.8474853515625,2.1825503355704656,0.960038573883081
0.90997802734375,6.015177001953124,8.2428466796875,0.7154362416107305,0.8715305896037812
9.52440185546875,6.015177001953124,8.2428466796875,4.161073825503643,0.9782505747521486
0.90997802734375,4.834127197265625,8.2428466796875,0.703355704697979,0.8343520755613192
0.90997802734375,6.015177001953124,6.7974853515625,0.7154362416107305,0.8673112630816655
9.52440185546875,4.834127197265625,6.7974853515625,4.14899328859089,0.9717013501466293
1.22216552734375,0.7053332519531249,2.3647216796875004,0.4161073825503332,0.13802733114316496
0.47096435546875004,0.7053332519531249,2.3647216796875004,0.40402684563758173,0.13520472647599452
1.22216552734375,5.146470947265625,2.3647216796875004,0.8322147651006613,0.8338089070789332
1.22216552734375,0.7053332519531249,4.0131103515625,0.4174496644295278,0.14188365488565408
0.47096435546875004,5.146470947265625,4.0131103515625,0.5194630872483179,0.7299432913570262
6.21716552734375,5.702833251953124,7.3147216796875,2.8348993288591524,0.9652890202825729
5.46596435546875,5.702833251953124,7.3147216796875,2.5342281879195108,0.9611301331624833
6.21716552734375,0.148970947265625,7.3147216796875,0.4214765100671116,0.03352073428026239
6.21716552734375,5.702833251953124,8.9631103515625,2.8348993288591524,0.9664557110712932
5.46596435546875,0.148970947265625,8.9631103515625,0.4187919463087224,0.03352976469172218
8.71466552734375,3.204083251953125,4.8397216796875,3.79328859060426,0.9495447556391612
2.96846435546875,3.204083251953125,4.8397216796875,1.495302013422797,0.8756599199056795
8.71466552734375,2.6477209472656247,4.8397216796875,3.7731543624163377,0.9387201717971918
8.71466552734375,3.204083251953125,6.4881103515625,3.79328859060426,0.9526576588103104
2.96846435546875,2.6477209472656247,6.4881103515625,1.475167785234878,0.8570423126316655
3.71966552734375,8.201583251953124,9.7897216796875,1.8523489932885624,0.965022002124858
7.96346435546875,8.201583251953124,9.7897216796875,3.550335570469996,0.9820426084581515
3.71966552734375,7.645220947265624,9.7897216796875,1.8496644295301732,0.962355943874228
3.71966552734375,8.201583251953124,1.5381103515625,1.853691275167757,0.9398050709726953
7.96346435546875,7.645220947265624,1.5381103515625,3.5489932885908013,0.9652707137274676
4.96841552734375,4.4534582519531245,6.0772216796875,2.320805369127533,0.9437970878585209
9.21221435546875,4.4534582519531245,6.0772216796875,4.018791946308991,0.9674963872414786
4.96841552734375,8.894595947265625,6.0772216796875,2.3543624161074037,0.9724020472914061
4.96841552734375,4.4534582519531245,2.7756103515625004,2.322147651006728,0.9308863556971032
9.21221435546875,8.894595947265625,2.7756103515625004,4.053691275168057,0.9799405265217711
9.96341552734375,9.450958251953125,1.1272216796875,4.357046979866088,0.9723137804226164
4.21721435546875,9.450958251953125,1.1272216796875,2.0577181208053466,0.9443948220818333
9.96341552734375,3.897095947265625,1.1272216796875,4.312751677852659,0.9360190189759214
9.96341552734375,9.450958251953125,7.7256103515625,4.362416107382868,0.9870612693819396
4.21721435546875,3.897095947265625,7.7256103515625,2.0093959731543327,0.9290362854976452
7.46591552734375,1.9547082519531247,8.5522216796875,3.2322147651008217,0.9138294480869726
6.71471435546875,1.9547082519531247,8.5522216796875,2.93154362416118,0.9052921314924502
7.46591552734375,1.3983459472656248,8.5522216796875,3.1704697986578596,0.8789658788242738
7.46591552734375,1.9547082519531247,5.2506103515625,3.2335570469800166,0.9061948897813461
6.71471435546875,1.3983459472656248,5.2506103515625,2.8724832214766076,0.85613528888813
2.4709155273437498,6.952208251953125,3.6022216796875,1.3463087248321957,0.9299067689991873
1.71971435546875,6.952208251953125,3.6022216796875,1.0456375838926038,0.9103113368327
2.4709155273437498,6.395845947265625,3.6022216796875,1.3422818791946118,0.9236394070937041
2.4709155273437498,6.952208251953125,0.30061035156250004,1.3355704697986388,0.8457060573366553
1.71971435546875,6.395845947265625,0.30061035156250004,1.0268456375838793,0.8083036701599642
1.84654052734375,2.5793957519531245,7.9334716796875,1.02416107382549,0.7946321287029404
4.8415893554687495,2.5793957519531245,7.9334716796875,2.220134228187921,0.9042430768553915
1.84654052734375,0.7736584472656249,7.9334716796875,0.5100671140939557,0.20984004084719252
1.84654052734375,2.5793957519531245,2.1568603515625,1.0201342281879062,0.7418543454678406
4.8415893554687495,0.7736584472656249,2.1568603515625,1.9181208053690981,0.6128645286730583
6.84154052734375,7.576895751953124,2.9834716796875003,3.0993288590605337,0.9700245298281216
9.83658935546875,7.576895751953124,2.9834716796875003,4.297986577181516,0.9783976998498258
6.84154052734375,5.771158447265624,2.9834716796875003,3.0859060402685854,0.9603040996837098
6.84154052734375,7.576895751953124,7.1068603515625,3.097986577181339,0.9761784544185872
9.83658935546875,5.771158447265624,7.1068603515625,4.2845637583895675,0.9774255244270873
9.33904052734375,0.080645751953125,5.4584716796874995,0.4161073825503332,0.017863049621906223
2.34408935546875,0.080645751953125,5.4584716796874995,0.4026845637583871,0.017249230471952443
9.33904052734375,8.269908447265625,5.4584716796874995,4.102013422819071,0.9828437512030306
9.33904052734375,0.080645751953125,9.5818603515625,0.4161073825503332,0.018201903184570708
2.34408935546875,8.269908447265625,9.5818603515625,1.3020134228187736,0.9503886965032122
4.34404052734375,5.078145751953125,0.5084716796875001,2.076510067114074,0.8732619740228378
7.33908935546875,5.078145751953125,0.5084716796875001,3.277852348993446,0.908463920538443
4.34404052734375,3.2724084472656245,0.5084716796875001,2.0362416107382293,0.8243194259775478
4.34404052734375,5.078145751953125,4.6318603515625,2.079194630872464,0.9415286871903132
7.33908935546875,3.2724084472656245,4.6318603515625,3.244295302013575,0.9416613227197208
3.09529052734375,1.3300207519531249,4.2209716796875,1.413422818791926,0.7012546643082023
6.09033935546875,1.3300207519531249,4.2209716796875,2.6147651006712005,0.8287024043950948
3.09529052734375,4.521783447265625,4.2209716796875,1.5731543624160842,0.9122256464842393
3.09529052734375,1.3300207519531249,0.9193603515625,1.3597315436241417,0.6139573262617696
6.09033935546875,4.521783447265625,0.9193603515625,2.774496644295385,0.9099792720423572
8.09029052734375,6.3275207519531245,9.1709716796875,3.590604026845841,0.976514482588765
1.09533935546875,6.3275207519531245,9.1709716796875,0.7919463087248231,0.8927772528139529
8.09029052734375,9.519283447265625,9.1709716796875,3.608053691275374,0.9848070720325188
8.09029052734375,6.3275207519531245,5.8693603515624995,3.590604026845841,0.974421097714767
1.09533935546875,9.519283447265625,5.8693603515624995,0.8080536912751584,0.9249958883364199
5.59279052734375,3.8287707519531247,1.7459716796875002,2.562416107382602,0.9139390074344377
8.58783935546875,3.8287707519531247,1.7459716796875002,3.7597315436243894,0.9396699152819267
5.59279052734375,7.020533447265624,1.7459716796875002,2.5973154362416677,0.9521470235881917
5.59279052734375,3.8287707519531247,8.3443603515625,2.5583892617450177,0.9437504216907535
8.58783935546875,7.020533447265624,8.3443603515625,3.794630872483455,0.9798056828368642
0.59779052734375,8.826270751953125,6.6959716796875,0.6067114093959673,0.8925074022046242
3.5928393554687497,8.826270751953125,6.6959716796875,1.8040268456375566,0.9644099786726839
0.59779052734375,2.023033447265625,6.6959716796875,0.43087248322147387,0.36193854673734693
0.59779052734375,8.826270751953125,3.3943603515625003,0.6067114093959673,0.8749592072869086
3.5928393554687497,2.023033447265625,3.3943603515625003,1.6926174496644042,0.8170044069962217
0.44169677734375,1.7985363769531248,9.6350341796875,0.4161073825503332,0.32293331264651
1.87580810546875,1.7985363769531248,9.6350341796875,0.9838926174496518,0.7022268463665793
0.44169677734375,9.363111572265625,9.6350341796875,0.5449664429530154,0.88960882250001
0.44169677734375,1.7985363769531248,4.4771728515625,0.4147651006711386,0.31365474635998336
1.87580810546875,9.363111572265625,4.4771728515625,1.1194630872483071,0.9411218922381037
5.43669677734375,6.796036376953125,4.6850341796874995,2.531543624161121,0.9641765742004862
6.8708081054687495,6.796036376953125,4.6850341796874995,3.106040268456508,0.9709212741052855
5.43669677734375,4.365611572265625,4.6850341796874995,2.507382550335614,0.9437948960825799
5.43669677734375,6.796036376953125,9.4271728515625,2.531543624161121,0.968864849028039
6.8708081054687495,4.365611572265625,9.4271728515625,3.080536912751806,0.9598901235017409
7.93419677734375,4.297286376953124,7.1600341796875,3.504697986577372,0.9625212591121952
4.37330810546875,4.297286376953124,7.1600341796875,2.079194630872464,0.9368842579720236
7.93419677734375,1.8668615722656248,7.1600341796875,3.412080536912929,0.9120537827014964
7.93419677734375,4.297286376953124,6.9521728515625,3.504697986577372,0.9623158828527907
4.37330810546875,1.8668615722656248,6.9521728515625,1.9892617449664123,0.8522548662256269
2.9391967773437497,9.294786376953125,2.2100341796875003,1.5449664429529975,0.9455219310931269
9.36830810546875,9.294786376953125,2.2100341796875003,4.118120805369409,0.9792384253512941
2.9391967773437497,6.864361572265624,2.2100341796875003,1.5342281879194406,0.9266760398533619
2.9391967773437497,9.294786376953125,2.0021728515625,1.5449664429529975,0.9432830230051348
9.36830810546875,6.864361572265624,2.0021728515625,4.106040268456655,0.9704819857066274
4.1879467773437495,3.0479113769531248,3.4475341796875,1.9785234899328554,0.891575916247409
8.11955810546875,3.0479113769531248,3.4475341796875,3.550335570469996,0.9379850563751049
4.1879467773437495,5.614986572265624,3.4475341796875,2.022818791946281,0.9410718221843937
4.1879467773437495,3.0479113769531248,3.2396728515625,1.9785234899328554,0.8897008205729671
8.11955810546875,5.614986572265624,3.2396728515625,3.5959731543626203,0.965938875217127
9.18294677734375,8.045411376953124,8.3975341796875,4.037583892617719,0.9835504295229127
3.1245581054687497,8.045411376953124,8.3975341796875,1.6134228187919224,0.9580166956042748
9.18294677734375,0.617486572265625,8.3975341796875,3.589261744966646,0.7714773517512274
9.18294677734375,8.045411376953124,8.1896728515625,4.037583892617719,0.9834742737290465
3.1245581054687497,0.617486572265625,8.1896728515625,1.0429530201342145,0.388032701433867
6.68544677734375,0.549161376953125,0.9725341796875,2.38389261744969,0.5423583083354846
5.62205810546875,0.549161376953125,0.9725341796875,1.915436241610709,0.48113127175630266
6.68544677734375,3.1162365722656244,0.9725341796875,2.9825503355705836,0.8868470436587659
6.68544677734375,0.549161376953125,5.7146728515625,2.5288590604027315,0.643814100363888
5.62205810546875,3.1162365722656244,5.7146728515625,2.5530201342282384,0.9262639802299489
1.6904467773437502,5.546661376953124,5.9225341796875,1.0228187919462954,0.8982696086218145
0.6270581054687501,5.546661376953124,5.9225341796875,0.5973154362416051,0.8119609385003461
1.6904467773437502,8.113736572265625,5.9225341796875,1.0402684563758253,0.9315080195508348
1.6904467773437502,5.546661376953124,0.7646728515625,1.017449664429517,0.8229973755381512
0.6270581054687501,8.113736572265625,0.7646728515625,0.6067114093959673,0.8042966137513834
2.31482177734375,4.921973876953125,0.3537841796875,1.249664429530184,0.8030707995401017
3.74893310546875,4.921973876953125,0.3537841796875,1.8281879194630595,0.8452706205231697
2.31482177734375,4.990299072265625,0.3537841796875,1.2510067114093786,0.8050685659211744
2.31482177734375,4.921973876953125,1.3834228515625002,1.2671140939597139,0.8616004940372102
3.74893310546875,4.990299072265625,1.3834228515625002,1.8429530201342001,0.9005955963190126
7.30982177734375,9.919473876953125,5.3037841796875,3.2953020134229787,0.9819992847041945
8.74393310546875,9.919473876953125,5.3037841796875,3.8697986577183654,0.9848158689159975
7.30982177734375,9.987799072265625,5.3037841796875,3.2953020134229787,0.9820997690296098
7.30982177734375,9.919473876953125,6.3334228515625,3.2953020134229787,0.9827574299778256
8.74393310546875,9.987799072265625,6.3334228515625,3.8697986577183654,0.98555814834552
9.80732177734375,2.423223876953125,2.8287841796875,4.201342281879488,0.9300195534498654
1.25143310546875,2.423223876953125,2.8287841796875,0.7637583892617363,0.6550343601067068
9.80732177734375,7.489049072265624,2.8287841796875,4.285906040268762,0.9776407223621537
9.80732177734375,2.423223876953125,8.8084228515625,4.1986577181210984,0.9461801888586026
1.25143310546875,7.489049072265624,8.8084228515625,0.860402684563748,0.9159404533746935
4.81232177734375,7.420723876953124,7.7787841796875,2.2859060402684674,0.9675318615502482
6.24643310546875,7.420723876953124,7.7787841796875,2.8590604026846593,0.9740307944737678
4.81232177734375,2.4915490722656246,7.7787841796875,2.204026845637583,0.8999337157552636
4.81232177734375,7.420723876953124,3.8584228515625,2.2859060402684674,0.9617808276185476
6.24643310546875,2.4915490722656246,3.8584228515625,2.7798657718121644,0.9076967509337626
3.56357177734375,1.1738488769531248,6.5412841796875,1.5731543624160842,0.7160605807711728
7.49518310546875,1.1738488769531248,6.5412841796875,3.143624161073963,0.850485268253137
3.56357177734375,1.2421740722656247,6.5412841796875,1.5865771812080303,0.7318883152048747
3.56357177734375,1.1738488769531248,0.1459228515625,1.4040268456375637,0.5309126201934433
7.49518310546875,1.2421740722656247,0.1459228515625,3.034899328859182,0.7009218011323293
8.55857177734375,6.171348876953124,1.5912841796875001,3.777181208053922,0.960345915277872
2.50018310546875,6.171348876953124,1.5912841796875001,1.3543624161073633,0.8977067120160226
8.55857177734375,6.2396740722656245,1.5912841796875001,3.778523489933117,0.9608745742070377
8.55857177734375,6.171348876953124,5.0959228515624995,3.777181208053922,0.9742660884479433
2.50018310546875,6.2396740722656245,5.0959228515624995,1.3530201342281687,0.9290544667393178
6.06107177734375,3.6725988769531246,9.0162841796875,2.7422818791947092,0.9458853555877943
9.99268310546875,3.6725988769531246,9.0162841796875,4.316778523490243,0.9657688622488749
6.06107177734375,8.738424072265625,9.0162841796875,2.791946308724918,0.9782482209309469
6.06107177734375,3.6725988769531246,7.5709228515625,2.743624161073904,0.9446092804368782
9.99268310546875,8.738424072265625,7.5709228515625,4.365100671141257,0.9858804417068993
1.06607177734375,8.670098876953125,4.0662841796875,0.7932885906040177,0.9084478833500302
4.99768310546875,8.670098876953125,4.0662841796875,2.366442953020157,0.9690298303899847
1.06607177734375,3.7409240722656247,4.0662841796875,0.7463087248322064,0.7745350041740242
1.06607177734375,8.670098876953125,2.6209228515625003,0.7932885906040177,0.8963228345673445
4.99768310546875,3.7409240722656247,2.6209228515625003,2.320805369127533,0.9165872004302873
0.7538842773437501,3.3602551269531244,5.6131591796875,0.6013422818791889,0.6824707520494406
5.30987060546875,3.3602551269531244,5.6131591796875,2.4348993288590934,0.9279606930004467
0.7538842773437501,6.552017822265625,5.6131591796875,0.6577181208053624,0.8614741416637499
0.7538842773437501,3.3602551269531244,5.4052978515625,0.6013422818791889,0.6813858405725969
5.30987060546875,6.552017822265625,5.4052978515625,2.479194630872523,0.9633543757488257
5.74888427734375,8.357755126953125,0.6631591796875,2.667114093959799,0.9354917054096386
0.31487060546875,8.357755126953125,0.6631591796875,0.47114093959731207,0.7447078383392626
5.74888427734375,1.5545178222656248,0.6631591796875,2.4805369127517176,0.7567826582516214
5.74888427734375,8.357755126953125,0.4552978515625,2.665771812080604,0.9237217952746158
0.31487060546875,1.5545178222656248,0.4552978515625,0.40536912751677634,0.2543969970279592
8.24638427734375,0.861505126953125,8.0881591796875,3.3503355704699667,0.8184632996640296
7.80737060546875,0.861505126953125,8.0881591796875,3.175838926174639,0.8094134764762707
8.24638427734375,4.053267822265624,8.0881591796875,3.6255033557049066,0.9623942871357323
8.24638427734375,0.861505126953125,2.9302978515625,3.3583892617451356,0.7834315224044058
7.80737060546875,4.053267822265624,2.9302978515625,3.451006711409579,0.949338482151306
3.25138427734375,5.859005126953124,3.1381591796875004,1.6510067114093714,0.9292629167740236
2.81237060546875,5.859005126953124,3.1381591796875004,1.475167785234878,0.9210897927375647
3.25138427734375,9.050767822265625,3.1381591796875004,1.6684563758389013,0.9542753954231745
3.25138427734375,5.859005126953124,7.8802978515625,1.6496644295301768,0.9427642519617
2.81237060546875,9.050767822265625,7.8802978515625,1.4926174496644078,0.959291945217058
4.50013427734375,2.1108801269531248,1.9006591796875,2.061744966442931,0.8286472626759794
4.06112060546875,2.1108801269531248,1.9006591796875,1.8859060402684276,0.8153083046241587
4.50013427734375,7.801392822265624,1.9006591796875,2.163758389261738,0.9503316627285254
4.50013427734375,2.1108801269531248,6.6427978515624995,2.0577181208053466,0.871528703394078
4.06112060546875,7.801392822265624,6.6427978515624995,1.986577181208023,0.9632398852827434
9.49513427734375,7.108380126953124,6.8506591796875,4.158389261745254,0.9811811533813259
9.05612060546875,7.108380126953124,6.8506591796875,3.982550335570731,0.980304732601263
9.49513427734375,2.8038928222656248,6.8506591796875,4.091275167785512,0.9502563352273408
9.49513427734375,7.108380126953124,1.6927978515625002,4.159731543624448,0.9696339748791551
9.05612060546875,2.8038928222656248,1.6927978515625002,3.919463087248574,0.9212697117262102
6.99763427734375,4.609630126953125,4.3756591796875,3.135570469798794,0.9565641000033904
1.56362060546875,4.609630126953125,4.3756591796875,0.9624161073825381,0.8622586342335175
6.99763427734375,0.305142822265625,4.3756591796875,1.97986577181205,0.38348790974721286
6.99763427734375,4.609630126953125,4.1677978515625,3.135570469798794,0.9559896623695778
1.56362060546875,0.305142822265625,4.1677978515625,0.40805369127516555,0.06349754196555718
2.0026342773437498,9.607130126953125,9.3256591796875,1.1704697986577022,0.952419342903634
6.55862060546875,9.607130126953125,9.3256591796875,2.993288590604142,0.9816654636134323
2.0026342773437498,5.302642822265624,9.3256591796875,1.1449664429530046,0.9118571880673694
2.0026342773437498,9.607130126953125,9.1177978515625,1.1704697986577022,0.9522589018707897
6.55862060546875,5.302642822265624,9.1177978515625,2.9677852348994405,0.965637873979945
1.37825927734375,0.236817626953125,4.9944091796875,0.40536912751677634,0.04977574695533917
9.68049560546875,0.236817626953125,4.9944091796875,2.7946308724833075,0.42068959786129784
1.37825927734375,2.179205322265625,4.9944091796875,0.8080536912751584,0.6677687916573815
1.37825927734375,0.236817626953125,8.4990478515625,0.40536912751677634,0.050592637633104294
9.68049560546875,2.179205322265625,8.4990478515625,4.134228187919747,0.939007687967596
6.37325927734375,5.234317626953125,9.9444091796875,2.89261744966453,0.9646794701541636
4.68549560546875,5.234317626953125,9.9444091796875,2.217449664429531,0.9539025026811032
6.37325927734375,7.176705322265624,9.9444091796875,2.908724832214868,0.974671806589323
6.37325927734375,5.234317626953125,3.5490478515625004,2.893959731543725,0.9560779200996391
4.68549560546875,7.176705322265624,3.5490478515625004,2.233557046979869,0.9584751979639948
8.87075927734375,2.7355676269531246,2.5194091796875,3.841610738255274,0.9294690553436582
7.18299560546875,2.7355676269531246,2.5194091796875,3.166442953020275,0.9152583554588312
8.87075927734375,9.675455322265625,2.5194091796875,3.920805369127769,0.9802923091381868
8.87075927734375,2.7355676269531246,1.0740478515625,3.8442953020136637,0.9014648004618668
7.18299560546875,9.675455322265625,1.0740478515625,3.24563758389277,0.9633269586489739
3.8757592773437497,7.733067626953124,7.4694091796875,1.9127516778523197,0.9624659417425526
2.1879956054687497,7.733067626953124,7.4694091796875,1.236241610738238,0.9416152447830815
3.8757592773437497,4.677955322265625,7.4694091796875,1.8859060402684276,0.9365889385645036
3.8757592773437497,7.733067626953124,6.0240478515625,1.9127516778523197,0.9608522468549271
2.1879956054687497,4.677955322265625,6.0240478515625,1.212080536912735,0.8987645442415609
2.62700927734375,3.9849426269531247,8.7069091796875,1.375838926174477,0.9015633972424266
0.93924560546875,3.9849426269531247,8.7069091796875,0.7006711409395898,0.7958560121420902
2.62700927734375,3.4285803222656246,8.7069091796875,1.3637583892617255,0.8850620482119582
2.62700927734375,3.9849426269531247,9.7365478515625,1.375838926174477,0.9030884865672364
0.93924560546875,3.4285803222656246,9.7365478515625,0.6885906040268384,0.7573167091010785
7.62200927734375,8.982442626953125,3.7569091796875003,3.417449664429708,0.9788215923677674
5.93424560546875,8.982442626953125,3.7569091796875003,2.7422818791947092,0.9735904750170361
7.62200927734375,8.426080322265625,3.7569091796875003,3.4161073825505133,0.9774945192650368
7.62200927734375,8.982442626953125,4.7865478515625,3.417449664429708,0.9802981323541762
5.93424560546875,8.426080322265625,4.7865478515625,2.7395973154363196,0.9736109692784537
5.1245092773437495,1.4861926269531247,6.2319091796874995,2.249664429530207,0.8344706479181051
3.43674560546875,1.4861926269531247,6.2319091796874995,1.5758389261744734,0.7687256920727246
5.1245092773437495,5.927330322265624,6.2319091796874995,2.400000000000028,0.9593572787013225
5.1245092773437495,1.4861926269531247,2.3115478515625,2.2536912751677916,0.7971626473167532
3.43674560546875,5.927330322265624,2.3115478515625,1.7261744966442694,0.9257091045546625
0.12950927734375,6.4836926269531245,1.2819091796875002,0.4120805369127494,0.659670817727699
8.43174560546875,6.4836926269531245,1.2819091796875002,3.730201342282103,0.9573928652202759
0.12950927734375,0.9298303222656249,1.2819091796875002,0.4013422818791925,0.1703554291791833
0.12950927734375,6.4836926269531245,7.2615478515625,0.4147651006711386,0.6990667272338192
8.43174560546875,0.9298303222656249,7.2615478515625,3.451006711409579,0.8327824328828388
0.09048583984375,3.5554699707031245,8.5908935546875,0.40536912751677634,0.5080769913567071
2.6953002929687497,3.5554699707031245,8.5908935546875,1.393288590604007,0.890918561254223
0.09048583984375,5.419771728515625,8.5908935546875,0.40805369127516555,0.6424632149018953
0.09048583984375,3.5554699707031245,2.6595947265625,0.40402684563758173,0.48974346514346034
2.6953002929687497,5.419771728515625,2.6595947265625,1.4241610738254828,0.9073364865225234
5.0854858398437495,8.552969970703126,3.6408935546875,2.4013422818792227,0.9680431738666444
7.69030029296875,8.552969970703126,3.6408935546875,3.44295302013441,0.9776566528002564
5.0854858398437495,0.42227172851562494,3.6408935546875,1.532885906040246,0.38986510813754904
5.0854858398437495,8.552969970703126,7.6095947265625,2.400000000000028,0.9730929303994091
7.69030029296875,0.42227172851562494,7.6095947265625,2.7624161073826317,0.6051706200740287
7.58298583984375,1.0567199707031247,6.1158935546875,3.150335570469937,0.8337388110459754
0.19780029296875,1.0567199707031247,6.1158935546875,0.4026845637583871,0.19937520425327357
7.58298583984375,2.921021728515625,6.1158935546875,3.331543624161239,0.9403267227352007
7.58298583984375,1.0567199707031247,5.1345947265625,3.153020134228327,0.8288778138008588
0.19780029296875,2.921021728515625,5.1345947265625,0.40939597315436016,0.44363013626593095
2.58798583984375,6.054219970703125,1.1658935546875002,1.3879194630872285,0.8860525073448461
5.19280029296875,6.054219970703125,1.1658935546875002,2.430872483221509,0.9294123578856337
2.58798583984375,7.918521728515624,1.1658935546875002,1.39999999999998,0.9102606519958772
2.58798583984375,6.054219970703125,0.1845947265625,1.3677852348993094,0.8207910721873277
5.19280029296875,7.918521728515624,0.1845947265625,2.430872483221509,0.8907713243770591
3.8367358398437497,2.306094970703125,4.8783935546874995,1.8067114093959458,0.8586289108094061
6.44155029296875,2.306094970703125,4.8783935546874995,2.846979865771906,0.9080735776083343
3.8367358398437497,9.167896728515625,4.8783935546874995,1.9033557046979575,0.9652692574501537
3.8367358398437497,2.306094970703125,3.8970947265625004,1.8067114093959458,0.851502354836035
6.44155029296875,9.167896728515625,3.8970947265625004,2.946308724832323,0.9762660321560284
8.83173583984375,7.3035949707031245,9.8283935546875,3.8926174496646775,0.9815021150749522
1.44655029296875,7.3035949707031245,9.8283935546875,0.9382550335570352,0.9225531509319784
8.83173583984375,4.170396728515625,9.8283935546875,3.8617449664431964,0.9667288803023473
8.83173583984375,7.3035949707031245,8.8470947265625,3.8939597315438723,0.9813389775357255
1.44655029296875,4.170396728515625,8.8470947265625,0.9073825503355593,0.8572171610037747
6.33423583984375,4.804844970703124,2.4033935546875003,2.8738255033558024,0.9450202593573106
8.93905029296875,4.804844970703124,2.4033935546875003,3.9154362416109896,0.9592860164245806
6.33423583984375,1.6716467285156247,2.4033935546875003,2.759731543624242,0.8473905596161059
6.33423583984375,4.804844970703124,6.3720947265625,2.8724832214766076,0.9582823039595861
8.93905029296875,1.6716467285156247,6.3720947265625,3.79597315436265,0.9099680570736532
1.33923583984375,9.802344970703125,7.3533935546875,0.9060402684563647,0.9376552902539529
3.94405029296875,9.802344970703125,7.3533935546875,1.9476510067113795,0.9708776963757428
1.33923583984375,6.669146728515624,7.3533935546875,0.891275167785224,0.906501596831139
1.33923583984375,9.802344970703125,1.4220947265625001,0.9073825503355593,0.9002186994174447
3.94405029296875,6.669146728515624,1.4220947265625001,1.935570469798628,0.9274491281155139
1.96361083984375,0.43203247070312495,1.7846435546875001,0.4161073825503332,0.08665379437907603
2.0709252929687496,0.43203247070312495,1.7846435546875001,0.4161073825503332,0.08637527685414538
1.96361083984375,1.0469592285156248,1.7846435546875001,0.7637583892617363,0.3892349788408288
1.96361083984375,0.43203247070312495,0.8033447265625,0.413422818791944,0.0828503619706712
2.0709252929687496,1.0469592285156248,0.8033447265625,0.7583892617449579,0.3631616085769981
6.95861083984375,5.4295324707031245,6.7346435546875,3.12885906040282,0.966443585682685
7.06592529296875,5.4295324707031245,6.7346435546875,3.1718120805370544,0.966903780365153
6.95861083984375,6.044459228515624,6.7346435546875,3.135570469798794,0.9701248783823384
6.95861083984375,5.4295324707031245,5.7533447265625,3.12885906040282,0.9653284147169272
7.06592529296875,6.044459228515624,5.7533447265625,3.1785234899330286,0.9695368991639233
9.45611083984375,2.9307824707031247,4.2596435546875,4.081879194631148,0.9471230583469445
4.56842529296875,2.9307824707031247,4.2596435546875,2.126174496644283,0.9003806946073207
9.45611083984375,8.543209228515625,4.2596435546875,4.150335570470085,0.9824719590884678
9.45611083984375,2.9307824707031247,8.2283447265625,4.0805369127519535,0.9537801507087065
4.56842529296875,8.543209228515625,8.2283447265625,2.1932885906040243,0.9709249875412758
4.46111083984375,7.928282470703124,9.2096435546875,2.1476510067114,0.9685113507659173
9.56342529296875,7.928282470703124,9.2096435546875,4.1906040268459295,0.9842378035348995
4.46111083984375,3.5457092285156246,9.2096435546875,2.0993288590603862,0.927376916122979
4.46111083984375,7.928282470703124,3.2783447265625,2.1476510067114,0.9598962954153357
9.56342529296875,3.5457092285156246,3.2783447265625,4.142281879194916,0.953370981315069
3.21236083984375,4.180157470703125,5.4971435546875,1.6134228187919224,0.9127485419256347
8.314675292968749,4.180157470703125,5.4971435546875,3.655033557047193,0.9610163508493642
3.21236083984375,4.795084228515624,5.4971435546875,1.6228187919462846,0.9241616253321558
3.21236083984375,4.180157470703125,2.0408447265625003,1.6161073825503116,0.8859296394589049
8.314675292968749,4.795084228515624,2.0408447265625003,3.6657718120807514,0.9534859878724272
8.20736083984375,9.177657470703124,0.5471435546875,3.653691275167998,0.948806606618446
3.31967529296875,9.177657470703124,0.5471435546875,1.696644295301988,0.9082012173360439
8.20736083984375,9.792584228515626,0.5471435546875,3.6563758389263876,0.9515550815846077
8.20736083984375,9.177657470703124,6.9908447265625,3.652348993288803,0.9835846119848108
3.31967529296875,9.792584228515626,6.9908447265625,1.6979865771811826,0.9662384376698028
5.70986083984375,1.6814074707031248,7.9721435546875,2.5046979865772245,0.8715735709652997
5.8171752929687495,1.6814074707031248,7.9721435546875,2.547651006711459,0.8736382502843794
5.70986083984375,7.293834228515625,7.9721435546875,2.6442953020134867,0.971606209583235
5.70986083984375,1.6814074707031248,9.4658447265625,2.5046979865772245,0.874599831152608
5.8171752929687495,7.293834228515625,9.4658447265625,2.6872483221477212,0.9728464744265204
0.71486083984375,6.678907470703124,3.0221435546875,0.6416107382550271,0.8396059594290415
0.82217529296875,6.678907470703124,3.0221435546875,0.6859060402684491,0.851637448199821
0.71486083984375,2.2963342285156245,3.0221435546875,0.4765100671140905,0.43092498789189276
0.71486083984375,6.678907470703124,4.5158447265624995,0.6429530201342217,0.8541361718902172
0.82217529296875,2.2963342285156245,4.5158447265624995,0.5489932885905993,0.5121320817978157
1.02704833984375,1.3690637207031249,6.4252685546874995,0.4550335570469768,0.286127095732043
9.25123779296875,1.3690637207031249,6.4252685546874995,3.880536912751924,0.8933906979783679
1.02704833984375,7.606177978515625,6.4252685546874995,0.771812080536904,0.9026262804443204
1.02704833984375,1.3690637207031249,7.3002197265625,0.457718120805366,0.28997502369598027
9.25123779296875,7.606177978515625,7.3002197265625,4.063087248322421,0.9822285038241997
6.02204833984375,6.366563720703124,1.4752685546875002,2.7637583892618265,0.9462089658955171
4.25623779296875,6.366563720703124,1.4752685546875002,2.0577181208053466,0.9293767764074508
6.02204833984375,2.6086779785156247,1.4752685546875002,2.6993288590604747,0.8770749514612088
6.02204833984375,6.366563720703124,2.3502197265625,2.7637583892618265,0.9562408623412624
4.25623779296875,2.6086779785156247,2.3502197265625,1.9919463087248015,0.8617889127031477
8.51954833984375,3.8678137207031247,8.9002685546875,3.731543624161298,0.9623118681250498
6.75373779296875,3.8678137207031247,8.9002685546875,3.0241610738256233,0.9533596125527817
8.51954833984375,0.109927978515625,8.9002685546875,0.4228187919463062,0.025164826442449828
8.51954833984375,3.8678137207031247,4.8252197265625,3.731543624161298,0.9574772012607458
6.75373779296875,0.109927978515625,4.8252197265625,0.4147651006711386,0.02401285791131945
3.52454833984375,8.865313720703124,3.9502685546875003,1.7771812080536644,0.9592181831117177
1.75873779296875,8.865313720703124,3.9502685546875003,1.0711409395973013,0.9329735697372945
3.52454833984375,5.1074279785156245,3.9502685546875003,1.751677852348967,0.9283527920993782
3.52454833984375,8.865313720703124,9.7752197265625,1.7771812080536644,0.9663590810141008
1.75873779296875,5.1074279785156245,9.7752197265625,1.0442953020134091,0.9000856968378115
4.77329833984375,2.6184387207031246,0.23776855468750002,2.1543624161073742,0.775564913317139
0.50998779296875,2.6184387207031246,0.23776855468750002,0.4228187919463062,0.3692998433324357
4.77329833984375,6.356802978515624,0.23776855468750002,2.2523489932885967,0.8750934196346016
4.77329833984375,2.6184387207031246,6.0627197265624995,2.194630872483219,0.9000444264574199
0.50998779296875,6.356802978515624,6.0627197265624995,0.5557046979865723,0.8192185219782182
9.76829833984375,7.615938720703125,5.1877685546875,4.269798657718424,0.9817341309649452
5.50498779296875,7.615938720703125,5.1877685546875,2.563758389261797,0.9692985699499166
9.76829833984375,1.3593029785156248,5.1877685546875,4.087248322147928,0.8936248807206357
9.76829833984375,7.615938720703125,1.1127197265625002,4.271140939597619,0.9650949823899099
5.50498779296875,1.3593029785156248,1.1127197265625002,2.3704697986577417,0.7522289116226892
7.27079833984375,0.119688720703125,2.7127685546875,0.4174496644295278,0.02561857134152452
3.00748779296875,0.119688720703125,2.7127685546875,0.40536912751677634,0.025008006562368616
7.27079833984375,3.858052978515625,2.7127685546875,3.2322147651008217,0.9417228399316265
7.27079833984375,0.119688720703125,3.5877197265625003,0.4187919463087224,0.026080344941512824
3.00748779296875,3.858052978515625,3.5877197265625003,1.5275167785234676,0.8905113943245031
2.27579833984375,5.117188720703124,7.6627685546875,1.2523489932885732,0.9139337947974
8.00248779296875,5.117188720703124,7.6627685546875,3.543624161074022,0.9693789775454706
2.27579833984375,8.855552978515625,7.6627685546875,1.276510067114076,0.9508939873799133
2.27579833984375,5.117188720703124,8.5377197265625,1.2523489932885732,0.9153906902758419
8.00248779296875,8.855552978515625,8.5377197265625,3.5691275167787238,0.9832031348028211
1.6514233398437501,4.492501220703125,3.3315185546875004,0.9959731543624033,0.8545192805349784
6.12936279296875,4.492501220703125,3.3315185546875004,2.7865771812081386,0.9458405133023862
1.6514233398437501,3.2333654785156245,3.3315185546875004,0.9704697986577058,0.7971933584818081
1.6514233398437501,4.492501220703125,9.1564697265625,0.9946308724832087,0.8802273387174451
6.12936279296875,3.2333654785156245,9.1564697265625,2.758389261745047,0.9390943738190318
6.64642333984375,9.490001220703125,8.2815185546875,3.0281879194632078,0.9812911321626508
1.13436279296875,9.490001220703125,8.2815185546875,0.822818791946299,0.9303739981518384
6.64642333984375,8.230865478515625,8.2815185546875,3.0241610738256233,0.9783748091725099
6.64642333984375,9.490001220703125,4.2064697265625,3.0295302013424026,0.9782615541279498
1.13436279296875,8.230865478515625,4.2064697265625,0.8187919463087152,0.9074306100537779
9.14392333984375,1.9937512207031247,0.8565185546875,3.9100671140942103,0.8634354414687658
8.62686279296875,1.9937512207031247,0.8565185546875,3.7033557046982066,0.8577099062977351
9.14392333984375,5.732115478515625,0.8565185546875,4.009395973154628,0.9444714252397559
9.14392333984375,1.9937512207031247,1.7314697265625,3.9127516778526,0.893478975813304
8.62686279296875,5.732115478515625,1.7314697265625,3.801342281879429,0.9594205151345698
4.1489233398437495,6.991251220703124,5.8065185546875,2.0174496644295017,0.9584683991691796
3.6318627929687497,6.991251220703124,5.8065185546875,1.8107382550335296,0.9537872347616149
4.1489233398437495,0.7346154785156249,5.8065185546875,1.6402684563758145,0.5937996999705553
4.1489233398437495,6.991251220703124,6.6814697265625,2.0174496644295017,0.9596476215145191
3.6318627929687497,0.7346154785156249,6.6814697265625,1.420134228187899,0.5485099405551032
2.9001733398437497,0.7443762207031249,9.5190185546875,1.0979865771811934,0.46591749363418555
4.8806127929687495,0.7443762207031249,9.5190185546875,1.9516778523489633,0.6690093390626404
2.9001733398437497,1.9839904785156248,9.5190185546875,1.4093959731543422,0.8135767272819383
2.9001733398437497,0.7443762207031249,7.9189697265625,1.0912751677852204,0.4599487284585869
4.8806127929687495,1.9839904785156248,7.9189697265625,2.2013422818791932,0.8758854586851896
7.89517333984375,5.741876220703125,4.5690185546875,3.5073825503357616,0.969204316158769
9.87561279296875,5.741876220703125,4.5690185546875,4.300671140939905,0.9750159751596004
7.89517333984375,6.981490478515624,4.5690185546875,3.5167785234901254,0.9748348080064493
7.89517333984375,5.741876220703125,2.9689697265625004,3.5073825503357616,0.9648135177421555
9.87561279296875,6.981490478515624,2.9689697265625004,4.310067114094269,0.9765401031490464
5.39767333984375,3.243126220703125,7.0440185546875,2.4671140939597693,0.9295626668224222
2.38311279296875,3.243126220703125,7.0440185546875,1.2617449664429354,0.864799109745342
5.39767333984375,9.480240478515626,7.0440185546875,2.5288590604027315,0.976811692496083
5.39767333984375,3.243126220703125,0.49396972656250004,2.4590604026846004,0.8433673615712618
2.38311279296875,9.480240478515626,0.49396972656250004,1.3208053691274981,0.8893757613106488
0.40267333984375003,8.240626220703126,2.0940185546875,0.5208053691275125,0.8162221001330757
7.37811279296875,8.240626220703126,2.0940185546875,3.316778523490096,0.9702013422055373
0.40267333984375003,4.482740478515624,2.0940185546875,0.457718120805366,0.603699969394703
0.40267333984375003,8.240626220703126,5.4439697265625,0.5234899328859017,0.8486788080574765
7.37811279296875,4.482740478515624,5.4439697265625,3.285906040268615,0.959587722751891
0.55876708984375,1.2128918457031248,4.4143310546875,0.4120805369127494,0.226306918550296
7.8463940429687495,1.2128918457031248,4.4143310546875,3.293959731543784,0.8504427793231164
0.55876708984375,6.825318603515624,4.4143310546875,0.5798657718120752,0.8353198697033914
0.55876708984375,1.2128918457031248,6.8361572265624995,0.413422818791944,0.23085649473765205
7.8463940429687495,6.825318603515624,6.8361572265624995,3.496644295302203,0.9764957299688697
5.55376708984375,6.210391845703124,9.3643310546875,2.5744966442953556,0.966446028872854
2.85139404296875,6.210391845703124,9.3643310546875,1.4926174496644078,0.9419595712246257
5.55376708984375,1.8278186035156248,9.3643310546875,2.4563758389262107,0.88180343675176
5.55376708984375,6.210391845703124,1.8861572265625002,2.5758389261745505,0.9474658645436491
2.85139404296875,1.8278186035156248,1.8861572265625002,1.3718120805368932,0.7284677496802652
8.05126708984375,3.7116418457031246,1.9393310546875002,3.542281879194827,0.9370793470578074
5.34889404296875,3.7116418457031246,1.9393310546875002,2.46174496644299,0.9116385197851524
8.05126708984375,4.326568603515624,1.9393310546875002,3.5543624161075806,0.9459593860876857
8.05126708984375,3.7116418457031246,4.3611572265625,3.5409395973156323,0.9521139937755336
5.34889404296875,4.326568603515624,4.3611572265625,2.471140939597354,0.9413427794343496
3.05626708984375,8.709141845703124,6.8893310546875,1.5892617449664195,0.9593633544434336
0.35389404296875,8.709141845703124,6.8893310546875,0.5060402684563718,0.8547942482782178
3.05626708984375,9.324068603515625,6.8893310546875,1.590604026845614,0.9618722908200518
3.05626708984375,8.709141845703124,9.3111572265625,1.5892617449664195,0.9613927573403175
0.35389404296875,9.324068603515625,9.3111572265625,0.5087248322147611,0.8734175765233236
4.30501708984375,4.961016845703124,8.1268310546875,2.061744966442931,0.9460527192912792
1.60264404296875,4.961016845703124,8.1268310546875,0.9812080536912626,0.8879425603133935
4.30501708984375,8.074693603515625,8.1268310546875,2.085906040268438,0.9675244556504325
4.30501708984375,4.961016845703124,5.5986572265625,2.061744966442931,0.9421644974491364
1.60264404296875,8.074693603515625,5.5986572265625,1.004026845637571,0.927491318346179
9.30001708984375,9.958516845703125,3.1768310546875003,4.092617449664707,0.9832024690364651
6.59764404296875,9.958516845703125,3.1768310546875003,3.010738255033675,0.9770538936933575
9.30001708984375,3.0771936035156244,3.1768310546875003,4.024161073825771,0.9442950304074259
9.30001708984375,9.958516845703125,0.6486572265625,4.093959731543902,0.9606181928357098
6.59764404296875,3.0771936035156244,0.6486572265625,2.940939597315544,0.8671958524836962
6.80251708984375,2.4622668457031245,5.6518310546874995,3.0000000000001164,0.9205694619352032
4.10014404296875,2.4622668457031245,5.6518310546874995,1.9194630872482927,0.8780828990637674
6.80251708984375,0.578443603515625,5.6518310546874995,2.6067114093960315,0.6661754224327214
6.80251708984375,2.4622668457031245,3.1236572265625,3.001342281879311,0.9079544408527152
4.10014404296875,0.578443603515625,3.1236572265625,1.406711409395953,0.44744109451832326
1.80751708984375,7.4597668457031245,0.7018310546875,1.0818791946308581,0.862590968537343
9.09514404296875,7.4597668457031245,0.7018310546875,4.0026845637586534,0.9508583347406752
1.80751708984375,5.575943603515625,0.7018310546875,1.0644295302013282,0.8259194774436341
1.80751708984375,7.4597668457031245,8.073657226562501,1.0832214765100527,0.9321692027480459
9.09514404296875,5.575943603515625,8.073657226562501,3.9852348993291207,0.9753055401285735
2.4318920898437497,3.0869543457031248,6.2705810546875,1.276510067114076,0.8569722581528431
7.22201904296875,3.0869543457031248,6.2705810546875,3.191946308724977,0.9412646096969574
2.4318920898437497,2.4525061035156246,6.2705810546875,1.2523489932885732,0.8185117272814899
2.4318920898437497,3.0869543457031248,9.9299072265625,1.2751677852348815,0.8661233931201174
7.22201904296875,2.4525061035156246,9.9299072265625,3.166442953020275,0.931037157272899
7.42689208984375,8.084454345703126,1.3205810546875,3.3369127516780184,0.9622320110243598
2.2270190429687498,8.084454345703126,1.3205810546875,1.256375838926157,0.9079768401673473
7.42689208984375,7.450006103515625,1.3205810546875,3.332885906040434,0.9589895373625206
7.42689208984375,8.084454345703126,4.9799072265625,3.3355704697988235,0.9777108900698473
2.2270190429687498,7.450006103515625,4.9799072265625,1.2510067114093786,0.9351963785648112
9.92439208984375,0.588204345703125,8.7455810546875,3.8617449664431964,0.7776900756035354
9.71951904296875,0.588204345703125,8.7455810546875,3.779865771812312,0.7733880025910419
9.92439208984375,9.948756103515626,8.7455810546875,4.076510067114369,0.8916366846531899
9.92439208984375,0.588204345703125,2.5049072265625,3.864429530201586,0.7287872922361193
9.71951904296875,9.948756103515626,2.5049072265625,4.260402684564061,0.9822215515010438
4.92939208984375,5.585704345703125,3.7955810546875,2.319463087248338,0.9497216797434992
4.72451904296875,5.585704345703125,3.7955810546875,2.2375838926174536,0.9479272075058679
4.92939208984375,4.951256103515624,3.7955810546875,2.312751677852364,0.9432142967656648
4.92939208984375,5.585704345703125,7.4549072265625,2.3181208053691433,0.956694796774363
4.72451904296875,4.951256103515624,7.4549072265625,2.2295302013422846,0.9492663294312116
3.68064208984375,1.8375793457031246,2.5580810546875004,1.7127516778523233,0.7902376209210047
3.47576904296875,1.8375793457031246,2.5580810546875004,1.6308724832214523,0.7811871859814485
3.68064208984375,3.7018811035156247,2.5580810546875004,1.7932885906039997,0.8919534526150137
3.68064208984375,1.8375793457031246,8.6924072265625,1.710067114093934,0.8322804860743903
3.47576904296875,3.7018811035156247,8.6924072265625,1.7087248322147395,0.9141720954029615
8.67564208984375,6.835079345703124,7.5080810546875,3.8281879194633257,0.9789683104865468
8.47076904296875,6.835079345703124,7.5080810546875,3.746308724832441,0.978506523215133
8.67564208984375,8.699381103515625,7.5080810546875,3.8375838926176895,0.9837034067931041
8.67564208984375,6.835079345703124,3.7424072265625004,3.8281879194633257,0.9749747158756923
8.47076904296875,8.699381103515625,3.7424072265625004,3.755704697986805,0.9800496445499817
6.17814208984375,4.336329345703125,5.0330810546875,2.8026845637584765,0.9500414708372145
0.9782690429687501,4.336329345703125,5.0330810546875,0.7234899328858981,0.8058446752334293
6.17814208984375,6.200631103515624,5.0330810546875,2.824161073825594,0.9654395749232576
6.17814208984375,4.336329345703125,1.2674072265625,2.805369127516866,0.9191036830908712
0.9782690429687501,6.200631103515624,1.2674072265625,0.740939597315428,0.8162475177029165
1.1831420898437501,9.333829345703125,9.9830810546875,0.8416107382550235,0.9326132977434346
5.97326904296875,9.333829345703125,9.9830810546875,2.758389261745047,0.979685878829267
1.1831420898437501,1.2031311035156247,9.9830810546875,0.4738255033557013,0.2769913044964551
1.1831420898437501,9.333829345703125,6.2174072265625,0.8416107382550235,0.9269867064777344
5.97326904296875,1.2031311035156247,6.2174072265625,2.5422818791946797,0.8206207449489962
0.8709545898437501,4.023985595703125,1.0112060546875001,0.6536912751677786,0.6902194688768098
3.78795654296875,4.023985595703125,1.0112060546875001,1.8429530201342001,0.8667168095528008
0.8709545898437501,9.011724853515625,1.0112060546875001,0.7140939597315359,0.8537714724543943
0.8709545898437501,4.023985595703125,3.4330322265625,0.6711409395973085,0.7544690349634716
3.78795654296875,9.011724853515625,3.4330322265625,1.8832214765100384,0.9604897528698504
5.86595458984375,9.021485595703124,5.9612060546875,2.714093959731618,0.9763802812225589
8.78295654296875,9.021485595703124,5.9612060546875,3.881879194631119,0.983707673889617
5.86595458984375,4.014224853515625,5.9612060546875,2.672483221476578,0.9455753908239082
5.86595458984375,9.021485595703124,8.3830322265625,2.714093959731618,0.9779334336406985
8.78295654296875,4.014224853515625,8.3830322265625,3.8389261744968843,0.9642975104559968
8.36345458984375,1.5252355957031247,3.4862060546875,3.551677852349191,0.8805477315639821
1.29045654296875,1.5252355957031247,3.4862060546875,0.6469798657718056,0.4533203380106763
8.36345458984375,1.5154748535156248,3.4862060546875,3.550335570469996,0.8797836892726991
8.36345458984375,1.5252355957031247,5.9080322265625,3.5489932885908013,0.8937342160996882
1.29045654296875,1.5154748535156248,5.9080322265625,0.6604026845637516,0.47356870153500663
3.3684545898437497,6.522735595703124,8.4362060546875,1.7020134228187664,0.9507666185587993
6.28545654296875,6.522735595703124,8.4362060546875,2.869798657718218,0.9709792650722155
3.3684545898437497,6.512974853515624,8.4362060546875,1.7020134228187664,0.950709525440883
3.3684545898437497,6.522735595703124,0.9580322265625,1.7046979865771557,0.9029371471653365
6.28545654296875,6.512974853515624,0.9580322265625,2.871140939597413,0.9372101225196483
4.61720458984375,0.275860595703125,7.1987060546874995,0.44697986577180915,0.06625622744261489
5.03670654296875,0.275860595703125,7.1987060546874995,0.608053691275162,0.10454094133956318
4.61720458984375,5.2635998535156245,7.1987060546874995,2.1906040268456346,0.951209035546345
4.61720458984375,0.275860595703125,4.6705322265625,0.44295302013422533,0.06408390440842394
5.03670654296875,5.2635998535156245,4.6705322265625,2.358389261744988,0.9502603342349099
9.61220458984375,5.273360595703124,2.2487060546875,4.1906040268459295,0.9643329287052674
0.04170654296875,5.273360595703124,2.2487060546875,0.4026845637583871,0.6082881919975776
9.61220458984375,0.266099853515625,2.2487060546875,2.8496644295302955,0.4333363496583832
9.61220458984375,5.273360595703124,9.6205322265625,4.189261744966735,0.9758732825096388
0.04170654296875,0.266099853515625,9.6205322265625,0.3999999999999979,0.056126533305139406
7.1147045898437495,2.7746105957031246,9.6737060546875,3.136912751677989,0.9380322061937137
7.53420654296875,2.7746105957031246,9.6737060546875,3.3060402684565373,0.9413167156044462
7.1147045898437495,2.7648498535156247,9.6737060546875,3.136912751677989,0.9378667809338328
7.1147045898437495,2.7746105957031246,7.1455322265625,3.1382550335571837,0.935268057026293
7.53420654296875,2.7648498535156247,7.1455322265625,3.3046979865773425,0.9381308019271521
2.11970458984375,7.772110595703125,4.7237060546875,1.2107382550335404,0.9353416020431311
2.53920654296875,7.772110595703125,4.7237060546875,1.3785234899328662,0.943085141589327
2.11970458984375,7.762349853515624,4.7237060546875,1.2093959731543458,0.9347542427774951
2.11970458984375,7.772110595703125,2.1955322265625004,1.2107382550335404,0.9181761580823754
2.53920654296875,7.762349853515624,2.1955322265625004,1.3785234899328662,0.9274969739591093
1.49532958984375,2.149923095703125,9.0549560546875,0.8577181208053588,0.7041657645795261
0.66608154296875,2.149923095703125,9.0549560546875,0.45100671140939297,0.40385336265573524
1.49532958984375,4.638912353515624,9.0549560546875,0.9342281879194514,0.8760562894527666
1.49532958984375,2.149923095703125,0.3392822265625,0.7758389261744878,0.5386933242739778
0.66608154296875,4.638912353515624,0.3392822265625,0.5624161073825453,0.6386976355270884
6.49032958984375,7.147423095703124,4.1049560546874995,2.955704697986687,0.9698381868166085
5.66108154296875,7.147423095703124,4.1049560546874995,2.6241610738255643,0.9660632744043472
6.49032958984375,9.636412353515626,4.1049560546874995,2.9664429530202456,0.9778156330205778
6.49032958984375,7.147423095703124,5.2892822265624995,2.955704697986687,0.9718001723452391
5.66108154296875,9.636412353515626,5.2892822265624995,2.634899328859123,0.9767086464085212
8.98782958984375,4.648673095703124,6.5799560546875,3.9315436241613275,0.9686679127706741
3.1635815429687497,4.648673095703124,6.5799560546875,1.601342281879171,0.9235863584247621
8.98782958984375,7.1376623535156245,6.5799560546875,3.9557046979868344,0.9801167982467598
8.98782958984375,4.648673095703124,7.7642822265625,3.9315436241613275,0.969626029208354
3.1635815429687497,7.1376623535156245,7.7642822265625,1.6241610738254793,0.9522784229873646
3.99282958984375,9.646173095703125,1.6299560546875,1.9677852348992986,0.9524298499698041
8.15858154296875,9.646173095703125,1.6299560546875,3.6348993288592704,0.9737235296461987
3.99282958984375,2.140162353515625,1.6299560546875,1.8590604026845354,0.8076292440393811
3.99282958984375,9.646173095703125,2.8142822265625003,1.9677852348992986,0.962252704665208
8.15858154296875,2.140162353515625,2.8142822265625003,3.5261744966444892,0.9068470918950229
2.74407958984375,3.3992980957031245,2.8674560546875,1.4120805369127314,0.8591681893849528
9.40733154296875,3.3992980957031245,2.8674560546875,4.076510067114369,0.9483978359533715
2.74407958984375,0.8907873535156249,2.8674560546875,1.0872483221476366,0.4842000122129839
2.74407958984375,3.3992980957031245,1.5767822265625002,1.4120805369127314,0.8338902190683499
9.40733154296875,0.8907873535156249,1.5767822265625002,3.8295302013425205,0.7814356270631283
7.73907958984375,8.396798095703126,7.8174560546875,3.4617449664431375,0.98134237909696
4.41233154296875,8.396798095703126,7.8174560546875,2.1302013422818673,0.9692377850642431
7.73907958984375,5.888287353515625,7.8174560546875,3.4456375838927995,0.9727733055906318
7.73907958984375,8.396798095703126,6.5267822265625,3.4617449664431375,0.9806452897861646
4.41233154296875,5.888287353515625,6.5267822265625,2.1140939597315294,0.9538709237872913
5.24157958984375,0.9005480957031249,0.3924560546875,2.024161073825476,0.5833829343124013
6.90983154296875,0.9005480957031249,0.3924560546875,2.714093959731618,0.6487199746611167
5.24157958984375,8.387037353515625,0.3924560546875,2.46174496644299,0.9149085741190797
5.24157958984375,0.9005480957031249,9.0017822265625,2.165100671140933,0.7430342518071684
6.90983154296875,8.387037353515625,9.0017822265625,3.1302013422820147,0.979825135482848
0.24657958984375,5.898048095703125,5.3424560546875,0.4322147651006685,0.6821333659479816
1.9148315429687501,5.898048095703125,5.3424560546875,1.1154362416107233,0.9100889038138362
0.24657958984375,3.3895373535156246,5.3424560546875,0.4161073825503332,0.49546360918897064
0.24657958984375,5.898048095703125,4.0517822265625,0.4322147651006685,0.6760611245899443
1.9148315429687501,3.3895373535156246,4.0517822265625,1.0805369127516635,0.8325977664932871
0.16853271484375001,2.384180908203125,0.46979980468750004,0.40402684563758173,0.3553613172223027
5.73912841796875,2.384180908203125,0.46979980468750004,2.5516778523490435,0.808695363196824
0.16853271484375001,1.7497326660156247,0.46979980468750004,0.4026845637583871,0.28164717151166757
0.16853271484375001,2.384180908203125,1.9635009765625002,0.40536912751677634,0.3709405969005399
5.73912841796875,1.7497326660156247,1.9635009765625002,2.5302013422819263,0.832844233923073
5.1635327148437495,7.3816809082031245,5.4197998046875,2.4255033557047296,0.9667692605727969
0.7441284179687501,7.3816809082031245,5.4197998046875,0.659060402684557,0.8773855053313226
5.1635327148437495,6.747232666015624,5.4197998046875,2.421476510067145,0.9635107123881455
5.1635327148437495,7.3816809082031245,6.9135009765625,2.4255033557047296,0.9684475528557861
0.7441284179687501,6.747232666015624,6.9135009765625,0.6550335570469732,0.8701840111481698
7.66103271484375,4.882930908203124,2.9447998046875004,3.4053691275169546,0.9574233605295794
8.23662841796875,4.882930908203124,2.9447998046875004,3.6348993288592704,0.9599867299441486
7.66103271484375,9.245982666015625,2.9447998046875004,3.434899328859241,0.9778341492140566
7.66103271484375,4.882930908203124,9.3885009765625,3.40402684563776,0.9676137971719196
8.23662841796875,9.245982666015625,9.3885009765625,3.6657718120807514,0.9845956780976651
2.66603271484375,9.880430908203126,7.8947998046875,1.4362416107382343,0.9611365781085985
3.24162841796875,9.880430908203126,7.8947998046875,1.6671140939597067,0.9666940691695138
2.66603271484375,4.248482666015625,7.8947998046875,1.395973154362396,0.9074332909876188
2.66603271484375,9.880430908203126,4.4385009765625,1.437583892617429,0.9564276745744794
3.24162841796875,4.248482666015625,4.4385009765625,1.6268456375838685,0.9107081706049494
3.9147827148437497,3.6335559082031246,6.6572998046875,1.8832214765100384,0.9170343690704179
4.49037841796875,3.6335559082031246,6.6572998046875,2.1140939597315294,0.9259867252800544
3.9147827148437497,2.999107666015625,6.6572998046875,1.8657718120805085,0.899179738045484
3.9147827148437497,3.6335559082031246,0.7260009765625,1.8805369127516491,0.8426306699559584
4.49037841796875,2.999107666015625,0.7260009765625,2.092617449664412,0.832155512030244
8.90978271484375,8.631055908203125,1.7072998046875,3.9328859060405224,0.9736162868499156
9.48537841796875,8.631055908203125,1.7072998046875,4.162416107382838,0.974948260922682
8.90978271484375,7.996607666015624,1.7072998046875,3.928859060402938,0.9713833731186252
8.90978271484375,8.631055908203125,5.6760009765624995,3.9315436241613275,0.9830035653153437
9.48537841796875,7.996607666015624,5.6760009765624995,4.158389261745254,0.9825502135758943
6.41228271484375,1.1348059082031248,9.1322998046875,2.7006711409396695,0.8304963235149672
1.99287841796875,1.1348059082031248,9.1322998046875,0.9006711409395862,0.5222694920321548
6.41228271484375,5.497857666015625,9.1322998046875,2.9114093959732577,0.9662644382799166
6.41228271484375,1.1348059082031248,8.1510009765625,2.7006711409396695,0.8279508999214984
1.99287841796875,5.497857666015625,8.1510009765625,1.1422818791946154,0.9127597665216926
1.4172827148437501,6.132305908203125,4.1822998046875,0.9194630872483107,0.8895771471652631
6.98787841796875,6.132305908203125,4.1822998046875,3.1476510067115475,0.9670881472004789
1.4172827148437501,0.5003576660156249,4.1822998046875,0.413422818791944,0.10266959591340563
1.4172827148437501,6.132305908203125,3.2010009765625003,0.9194630872483107,0.8816861282051909
6.98787841796875,0.5003576660156249,3.2010009765625003,2.570469798657771,0.5977752437614039
2.04165771484375,4.258243408203125,9.7510498046875,1.1463087248321993,0.8912330861899447
8.86100341796875,4.258243408203125,9.7510498046875,3.8751677852351447,0.9675308099984785
2.04165771484375,7.371920166015625,9.7510498046875,1.1758389261744806,0.9382818163661408
2.04165771484375,4.258243408203125,3.8197509765625,1.1476510067113939,0.8707689098661052
8.86100341796875,7.371920166015625,3.8197509765625,3.9060402684566258,0.9774913350363168
7.03665771484375,9.255743408203125,4.8010498046875,3.183892617449808,0.9794424503547435
3.86600341796875,9.255743408203125,4.8010498046875,1.915436241610709,0.9656955068399278
7.03665771484375,2.3744201660156246,4.8010498046875,3.088590604026975,0.9170327122923968
7.03665771484375,9.255743408203125,8.7697509765625,3.183892617449808,0.9820003626441196
3.86600341796875,2.3744201660156246,8.7697509765625,1.8201342281878918,0.8762975683198382
9.53415771484375,1.7594934082031248,7.2760498046875,4.042953020134498,0.9212397275335611
6.36350341796875,1.7594934082031248,7.2760498046875,2.774496644295385,0.8868675745480481
9.53415771484375,4.873170166015624,7.2760498046875,4.153020134228474,0.9722859523031704
9.53415771484375,1.7594934082031248,6.2947509765625,4.042953020134498,0.9191784377555122
6.36350341796875,4.873170166015624,6.2947509765625,2.884563758389361,0.9588670415389422
4.53915771484375,6.756993408203124,2.3260498046875,2.173154362416102,0.9476152345095188
1.36850341796875,6.756993408203124,2.3260498046875,0.90469798657717,0.8800213111189085
4.53915771484375,9.870670166015625,2.3260498046875,2.18657718120805,0.9640774410546563
4.53915771484375,6.756993408203124,1.3447509765625,2.1744966442952967,0.9339154734701247
1.36850341796875,9.870670166015625,1.3447509765625,0.9194630872483107,0.9000684286270537
3.29040771484375,0.5101184082031249,3.5635498046875003,0.8187919463087152,0.2512141672311769
0.11975341796875,0.5101184082031249,3.5635498046875003,0.3999999999999979,0.10108185951901419
3.29040771484375,8.621295166015624,3.5635498046875003,1.6818791946308473,0.9541525707396044
3.29040771484375,0.5101184082031249,2.5822509765625004,0.778523489932877,0.2327072427980243
0.11975341796875,8.621295166015624,2.5822509765625004,0.4161073825503332,0.754289063917587
8.28540771484375,5.5076184082031245,8.5135498046875,3.660402684563972,0.9729450791747316
5.11475341796875,5.5076184082031245,8.5135498046875,2.391946308724859,0.9584397419306143
8.28540771484375,3.6237951660156247,8.5135498046875,3.6322147651008807,0.9583083157973553
8.28540771484375,5.5076184082031245,7.5322509765625,3.661744966443167,0.972533447002262
5.11475341796875,3.6237951660156247,7.5322509765625,2.3637583892617675,0.9349144740640205
5.78790771484375,3.0088684082031247,1.0885498046875002,2.62013422818798,0.8758124895261534
2.6172534179687497,3.0088684082031247,1.0885498046875002,1.3436241610738064,0.7896795397927662
5.78790771484375,1.1250451660156249,1.0885498046875002,2.4268456375839245,0.719528201761843
5.78790771484375,3.0088684082031247,5.0572509765625,2.6161073825503953,0.92352850269901
2.6172534179687497,1.1250451660156249,5.0572509765625,1.167785234899313,0.6020515022480395
0.79290771484375,8.006368408203125,6.0385498046874995,0.6805369127516707,0.8931841100786422
7.61225341796875,8.006368408203125,6.0385498046874995,3.409395973154539,0.9789994194488836
0.79290771484375,6.122545166015624,6.0385498046874995,0.6697986577181139,0.8562356619301118
0.79290771484375,8.006368408203125,0.1072509765625,0.6577181208053624,0.7623151848244284
7.61225341796875,6.122545166015624,0.1072509765625,3.3771812080538632,0.8844515432698473
1.10509521484375,2.6965246582031246,4.4916748046874995,0.7248322147650927,0.68562908952082
2.30506591796875,2.6965246582031246,4.4916748046874995,1.2134228187919296,0.8183833602037967
1.10509521484375,3.9361389160156244,4.4916748046874995,0.7664429530201256,0.7956668048230395
1.10509521484375,2.6965246582031246,7.8416259765625,0.7288590604026766,0.7060642713911806
2.30506591796875,3.9361389160156244,7.8416259765625,1.2456375838926002,0.8882469259732719
6.1000952148437495,7.694024658203125,9.4416748046875,2.8026845637584765,0.975398121068048
7.30006591796875,7.694024658203125,9.4416748046875,3.2818791946310304,0.9789631627324029
6.1000952148437495,8.933638916015624,9.4416748046875,2.808053691275256,0.9789913467357302
6.1000952148437495,7.694024658203125,2.8916259765625,2.8026845637584765,0.9669159865520665
7.30006591796875,8.933638916015624,2.8916259765625,3.2885906040270045,0.9757622086507776
8.59759521484375,0.19777465820312498,2.0166748046875003,1.355704697986558,0.18086397804470794
4.80256591796875,0.19777465820312498,2.0166748046875003,0.4187919463087224,0.041342530915093906
8.59759521484375,6.434888916015624,2.0166748046875003,3.794630872483455,0.9661075592661179
8.59759521484375,0.19777465820312498,0.4166259765625,0.7315436241610658,0.08071909829282368
4.80256591796875,6.434888916015624,0.4166259765625,2.272483221476519,0.8932442964296885
3.60259521484375,5.195274658203124,6.9666748046875,1.7838926174496375,0.939073222259794
9.79756591796875,5.195274658203124,6.9666748046875,4.26308724832245,0.9746012821540646
3.60259521484375,1.4373889160156248,6.9666748046875,1.634899328859036,0.7733599918307112
3.60259521484375,5.195274658203124,5.3666259765625,1.7838926174496375,0.9358035885073863
9.79756591796875,1.4373889160156248,5.3666259765625,4.11006711409424,0.9002866508968874
4.85134521484375,1.4471496582031247,8.2041748046875,2.134228187919452,0.8288920910174536
8.54881591796875,1.4471496582031247,8.2041748046875,3.6107382550337634,0.8958592624742745
4.85134521484375,0.18801391601562498,8.2041748046875,0.4214765100671116,0.04226410527524804
4.85134521484375,1.4471496582031247,9.0791259765625,2.132885906040257,0.8308794857000241
8.54881591796875,0.18801391601562498,9.0791259765625,1.5369127516778298,0.21456583676076052
9.84634521484375,6.444649658203124,3.2541748046875,4.295302013423126,0.9753582375587933
3.55381591796875,6.444649658203124,3.2541748046875,1.7758389261744698,0.9404706468844664
9.84634521484375,5.1855139160156245,3.2541748046875,4.283221476510373,0.969133971233473
9.84634521484375,6.444649658203124,4.1291259765624995,4.293959731543931,0.977038893750181
3.55381591796875,5.1855139160156245,4.1291259765624995,1.765100671140913,0.9309464751789758
7.34884521484375,3.9458996582031247,5.7291748046875,3.2644295302014976,0.954204019012658
6.05131591796875,3.9458996582031247,5.7291748046875,2.744966442953099,0.9455770554560725
7.34884521484375,7.684263916015624,5.7291748046875,3.302013422818953,0.9770269262366107
7.34884521484375,3.9458996582031247,1.6541259765625,3.2671140939598873,0.9315984026493607
6.05131591796875,7.684263916015624,1.6541259765625,2.783892617449749,0.9578521228517796
2.3538452148437496,8.943399658203125,0.7791748046875,1.3100671140939413,0.9003203516045448
1.05631591796875,8.943399658203125,0.7791748046875,0.7865771812080447,0.8532592871343085
2.3538452148437496,2.6867639160156247,0.7791748046875,1.212080536912735,0.7343341681921167
2.3538452148437496,8.943399658203125,6.6041259765625,1.3087248322147467,0.9514698315025278
1.05631591796875,2.6867639160156247,6.6041259765625,0.7060402684563682,0.6875851422844408
1.72947021484375,0.822462158203125,5.1104248046875,0.4778523489932851,0.19788530890020561
2.92944091796875,0.822462158203125,5.1104248046875,1.157046979865756,0.5016783017837811
1.72947021484375,9.558326416015625,5.1104248046875,1.061744966442939,0.9412500487452974
1.72947021484375,0.822462158203125,5.9853759765625,0.48590604026845274,0.2042166753257276
2.92944091796875,9.558326416015625,5.9853759765625,1.5409395973154136,0.9605906079584285
6.72447021484375,5.819962158203125,0.1604248046875,3.0228187919464284,0.8804964119372544
7.92444091796875,5.819962158203125,0.1604248046875,3.504697986577372,0.8902948025738466
6.72447021484375,4.560826416015624,0.1604248046875,3.002684563758506,0.8610990707149291
6.72447021484375,5.819962158203125,1.0353759765625001,3.041610738255156,0.9365290817990022
7.92444091796875,4.560826416015624,1.0353759765625001,3.5087248322149565,0.9305627803571652
9.22197021484375,3.3212121582031244,7.5854248046875,3.998657718121069,0.957792087541588
0.43194091796875,3.3212121582031244,7.5854248046875,0.4416107382550307,0.52242240837668
9.22197021484375,2.062076416015625,7.5854248046875,3.943624161074081,0.9314036101819114
9.22197021484375,3.3212121582031244,3.5103759765625,4.000000000000264,0.9496106885770362
0.43194091796875,2.062076416015625,3.5103759765625,0.4174496644295278,0.34706117852839136
4.22697021484375,8.318712158203125,2.6354248046875,2.0563758389261517,0.9570399041771511
5.42694091796875,8.318712158203125,2.6354248046875,2.5369127516779004,0.9651422380894832
4.22697021484375,7.0595764160156245,2.6354248046875,2.0496644295301776,0.9492457994176686
4.22697021484375,8.318712158203125,8.4603759765625,2.055033557046957,0.9680824904892527
5.42694091796875,7.0595764160156245,8.4603759765625,2.5288590604027315,0.9694343434035597
2.9782202148437498,4.570587158203124,1.3979248046875001,1.5288590604026622,0.874619775811036
6.67569091796875,4.570587158203124,1.3979248046875001,3.0080536912752853,0.9306520624231649
2.9782202148437498,5.810201416015625,1.3979248046875001,1.5422818791946082,0.8988395092684358
2.9782202148437498,4.570587158203124,7.2228759765624995,1.526174496644273,0.9199353316735662
6.67569091796875,5.810201416015625,7.2228759765624995,3.020134228188039,0.968088390514308
7.97322021484375,9.568087158203125,6.3479248046875,3.55973154362436,0.9834862310222438
1.6806909179687501,9.568087158203125,6.3479248046875,1.04161073825502,0.9426936282867133
7.97322021484375,0.812701416015625,6.3479248046875,3.2241610738256528,0.7951812861015659
7.97322021484375,9.568087158203125,2.2728759765625,3.561073825503555,0.9770434768624628
1.6806909179687501,0.812701416015625,2.2728759765625,0.4416107382550307,0.16705023680085845
5.47572021484375,2.0718371582031248,3.8729248046875004,2.4483221476510417,0.8763787306163116
9.17319091796875,2.0718371582031248,3.8729248046875004,3.926174496644548,0.9209027748512597
5.47572021484375,3.3114514160156245,3.8729248046875004,2.50067114093964,0.9222949060152434
5.47572021484375,2.0718371582031248,4.7478759765625,2.446979865771847,0.8818543077513632
9.17319091796875,3.3114514160156245,4.7478759765625,3.9798657718123414,0.9532264258905312
0.48072021484375,7.069337158203124,8.8229248046875,0.5503355704697939,0.8466408716167977
4.17819091796875,7.069337158203124,8.8229248046875,2.029530201342255,0.9621943562752882
0.48072021484375,8.308951416015626,8.8229248046875,0.5570469798657669,0.876065472738154
0.48072021484375,7.069337158203124,9.6978759765625,0.5503355704697939,0.8485281636026525
4.17819091796875,8.308951416015626,9.6978759765625,2.0362416107382293,0.9685862789700389
0.32462646484375,4.726759033203124,7.4307373046875,0.4416107382550307,0.6335422544085136
1.21240966796875,4.726759033203124,7.4307373046875,0.822818791946299,0.856694045579806
0.32462646484375,0.34418579101562496,7.4307373046875,0.4013422818791925,0.07148953725894829
0.32462646484375,4.726759033203124,8.6150634765625,0.4416107382550307,0.6361097902753416
1.21240966796875,0.34418579101562496,8.6150634765625,0.40805369127516555,0.07309937028974138
5.31962646484375,9.724259033203126,2.4807373046875,2.499328859060445,0.9690352875075628
6.20740966796875,9.724259033203126,2.4807373046875,2.85369127516788,0.9727096133036244
5.31962646484375,5.341685791015625,2.4807373046875,2.4738255033557435,0.9433050679793049
5.31962646484375,9.724259033203126,3.6650634765625,2.499328859060445,0.973126590747355
6.20740966796875,5.341685791015625,3.6650634765625,2.8281879194631783,0.9563123838075445
7.81712646484375,2.228009033203125,9.9057373046875,3.3919463087250064,0.9291135394676245
3.7099096679687498,2.228009033203125,9.9057373046875,1.7489932885905777,0.8654598198510954
7.81712646484375,7.840435791015624,9.9057373046875,3.489932885906229,0.9808456624834809
7.81712646484375,2.228009033203125,1.1900634765625002,3.3973154362417857,0.875069306818244
3.7099096679687498,7.840435791015624,1.1900634765625002,1.8483221476509786,0.9293332380638883
2.8221264648437496,7.225509033203124,4.9557373046875,1.488590604026824,0.9438527147217002
8.70490966796875,7.225509033203124,4.9557373046875,3.842953020134469,0.9783561723859994
2.8221264648437496,2.8429357910156248,4.9557373046875,1.4255033557046775,0.8549811229917974
2.8221264648437496,7.225509033203124,6.1400634765625,1.488590604026824,0.9464531837943738
8.70490966796875,2.8429357910156248,6.1400634765625,3.777181208053922,0.9458359900600795
4.070876464843749,0.9786340332031249,1.2432373046875,1.6697986577180959,0.6071114683876099
9.95365966796875,0.9786340332031249,1.2432373046875,4.075167785235174,0.794396081889317
4.070876464843749,4.092310791015625,1.2432373046875,1.9583892617449363,0.8833909906137906
4.070876464843749,0.9786340332031249,9.8525634765625,1.7234899328858801,0.7074386533048296
9.95365966796875,4.092310791015625,9.8525634765625,4.308724832215074,0.9696049513126987
9.06587646484375,5.976134033203125,6.1932373046875,3.9785234899331465,0.975891543549205
4.95865966796875,5.976134033203125,6.1932373046875,2.3342281879194813,0.9585354918315978
9.06587646484375,9.089810791015625,6.1932373046875,3.9959731543626793,0.9845244529335163
9.06587646484375,5.976134033203125,4.9025634765624995,3.9785234899331465,0.9745113630677387
4.95865966796875,9.089810791015625,4.9025634765624995,2.351677852349014,0.9716557407543309
6.56837646484375,3.4773840332031245,3.7182373046875004,2.9422818791947387,0.9360186654917226
7.45615966796875,3.4773840332031245,3.7182373046875004,3.2979865771813683,0.9428347711412017
6.56837646484375,6.591060791015624,3.7182373046875004,2.9838926174497784,0.9666789630953967
6.56837646484375,3.4773840332031245,2.4275634765625003,2.9436241610739335,0.9267758105749637
7.45615966796875,6.591060791015624,2.4275634765625003,3.339597315436408,0.9654026102372688
1.57337646484375,8.474884033203125,8.6682373046875,0.9946308724832087,0.9358603556690961
2.46115966796875,8.474884033203125,8.6682373046875,1.3489932885905849,0.9523420150191457
1.57337646484375,1.5935607910156249,8.6682373046875,0.8268456375838829,0.596332290465048
1.57337646484375,8.474884033203125,7.3775634765625,0.9946308724832087,0.9341287441245262
2.46115966796875,1.5935607910156249,7.3775634765625,1.198657718120789,0.7223869406109311
2.19775146484375,1.6033215332031248,3.0994873046875,1.0832214765100527,0.6590336505987167
4.33428466796875,1.6033215332031248,3.0994873046875,1.9516778523489633,0.7985084026652252
2.19775146484375,5.966373291015625,3.0994873046875,1.2308724832214595,0.9076061857604996
2.19775146484375,1.6033215332031248,5.5213134765625,1.0912751677852204,0.6857736160774348
4.33428466796875,5.966373291015625,5.5213134765625,2.084563758389243,0.9524108304079258
7.19275146484375,6.600821533203124,8.049487304687501,3.2335570469800166,0.9744374148101244
9.32928466796875,6.600821533203124,8.049487304687501,4.0885906040271225,0.9799283126433231
7.19275146484375,0.9688732910156249,8.049487304687501,2.9677852348994405,0.8175019435369386
7.19275146484375,6.600821533203124,0.5713134765625,3.2348993288592114,0.9280958485240365
9.32928466796875,0.9688732910156249,0.5713134765625,3.7691275167787532,0.7403411246129805
9.69025146484375,4.102071533203125,0.6244873046875,4.208053691275462,0.9178740117920134
1.83678466796875,4.102071533203125,0.6244873046875,1.048322147650993,0.7731285385376022
9.69025146484375,3.4676232910156246,0.6244873046875,4.193288590604319,0.905892107753949
9.69025146484375,4.102071533203125,3.0463134765625,4.205369127517073,0.9593480876317542
1.83678466796875,3.4676232910156246,3.0463134765625,1.0510067114093822,0.8205522206737137
4.69525146484375,9.099571533203125,5.5744873046875,2.2469798657718174,0.9714015044274815
6.8317846679687495,9.099571533203125,5.5744873046875,3.1020134228189233,0.9794166961978059
4.69525146484375,8.465123291015626,5.5744873046875,2.2442953020134278,0.9691202926236897
4.69525146484375,9.099571533203125,7.9963134765625,2.2456375838926226,0.9731653343133689
6.8317846679687495,8.465123291015626,7.9963134765625,3.0993288590605337,0.9793949624499281
3.4465014648437498,2.8526965332031247,9.2869873046875,1.6738255033556797,0.8885132364949245
5.58303466796875,2.8526965332031247,9.2869873046875,2.5275167785235366,0.9251337365227572
3.4465014648437498,9.714498291015625,9.2869873046875,1.7489932885905777,0.9686671697983146
3.4465014648437498,2.8526965332031247,6.7588134765625,1.6738255033556797,0.8829286276649277
5.58303466796875,9.714498291015625,6.7588134765625,2.604026845637642,0.9779145366675135
8.44150146484375,7.850196533203125,4.3369873046875,3.740939597315662,0.9788171197995481
0.58803466796875,7.850196533203125,4.3369873046875,0.5986577181207997,0.8643534601294605
8.44150146484375,4.716998291015624,4.3369873046875,3.7140939597317653,0.9639798571592628
8.44150146484375,7.850196533203125,1.8088134765625001,3.740939597315662,0.9703110358738428
0.58803466796875,4.716998291015624,1.8088134765625001,0.5557046979865723,0.7031506883349902
5.94400146484375,0.35394653320312497,6.8119873046874995,1.7677852348993022,0.40034832163290096
8.08053466796875,0.35394653320312497,6.8119873046874995,2.7570469798658523,0.5473396589188129
5.94400146484375,2.218248291015625,6.8119873046874995,2.641610738255097,0.903885093250731
5.94400146484375,0.35394653320312497,4.2838134765625,1.7127516778523233,0.37969485170191486
8.08053466796875,2.218248291015625,4.2838134765625,3.497986577181398,0.9193131419531483
0.94900146484375,5.3514465332031245,1.8619873046875002,0.7221476510067035,0.8043598717550338
3.0855346679687496,5.3514465332031245,1.8619873046875002,1.5812080536912518,0.9042209718680083
0.94900146484375,7.2157482910156245,1.8619873046875002,0.7395973154362334,0.8549189595657594
0.94900146484375,5.3514465332031245,9.2338134765625,0.7248322147650927,0.8591832607186121
3.0855346679687496,7.2157482910156245,9.2338134765625,1.5932885906040033,0.9531659134485614
0.63681396484375,0.04160278320312499,7.7401123046875,0.3999999999999979,0.00898347784874926
7.14397216796875,0.04160278320312499,7.7401123046875,0.40536912751677634,0.009112226768734692
0.63681396484375,2.5305920410156246,7.7401123046875,0.4778523489932851,0.48135232376177634
0.63681396484375,0.04160278320312499,1.4994384765625002,0.3999999999999979,0.008586549826408588
7.14397216796875,2.5305920410156246,1.4994384765625002,3.144966442953158,0.889975720123064
5.63181396484375,5.039102783203124,2.7901123046875003,2.594630872483278,0.9449618964742332
2.1489721679687497,5.039102783203124,2.7901123046875003,1.2026845637583727,0.8857218795596832
5.63181396484375,7.528092041015625,2.7901123046875003,2.6147651006712005,0.9633547613979266
5.63181396484375,5.039102783203124,6.4494384765624995,2.594630872483278,0.9561350440786582
2.1489721679687497,7.528092041015625,6.4494384765624995,1.2201342281879026,0.9377859010957261
8.12931396484375,2.5403527832031245,5.2651123046874995,3.534228187919658,0.9332701373742591
9.64147216796875,2.5403527832031245,5.2651123046874995,4.139597315436526,0.9428891604498897
8.12931396484375,5.029342041015624,5.2651123046874995,3.5932885906042307,0.9667888553445749
8.12931396484375,2.5403527832031245,8.9244384765625,3.5328859060404634,0.9391894603928969
9.64147216796875,5.029342041015624,8.9244384765625,4.1986577181210984,0.9744704948295775
3.13431396484375,7.537852783203125,0.3151123046875,1.608053691275144,0.8710123598318013
4.64647216796875,7.537852783203125,0.3151123046875,2.2147651006711415,0.8944574432212189
3.13431396484375,0.031842041015624996,0.3151123046875,0.3999999999999979,0.006358444056856422
3.13431396484375,7.537852783203125,3.9744384765625003,1.614765100671117,0.9472707029132412
4.64647216796875,0.031842041015624996,3.9744384765625003,0.4013422818791925,0.006760013150006239
4.38306396484375,3.7897277832031246,4.0276123046875,2.0751677852348793,0.9192435268437014
3.39772216796875,3.7897277832031246,4.0276123046875,1.6805369127516527,0.9009739160167537
4.38306396484375,1.2812170410156247,4.0276123046875,1.9234899328858766,0.7645409744562158
4.38306396484375,3.7897277832031246,0.2619384765625,2.0523489932885672,0.8192922356244703
3.39772216796875,1.2812170410156247,0.2619384765625,1.39999999999998,0.5636137825859604
9.37806396484375,8.787227783203125,8.9776123046875,4.124832214765383,0.9855670952028286
8.39272216796875,8.787227783203125,8.9776123046875,3.724832214765324,0.9839259052114697
9.37806396484375,6.278717041015624,8.9776123046875,4.10469798657746,0.9792165652125207
9.37806396484375,8.787227783203125,5.2119384765625,4.1194630872486035,0.9837422221132072
8.39272216796875,6.278717041015624,5.2119384765625,3.7114093959733756,0.9743784122335815
6.88056396484375,1.2909777832031248,1.5526123046875002,2.923489932886011,0.7971917594535081
0.90022216796875,1.2909777832031248,1.5526123046875002,0.42416107382550083,0.23256203641594853
6.88056396484375,8.777467041015624,1.5526123046875002,3.120805369127651,0.9658048378906867
6.88056396484375,1.2909777832031248,7.6869384765625,2.9194630872484266,0.8568606699226287
0.90022216796875,8.777467041015624,7.6869384765625,0.7261744966442873,0.913094573407393
1.88556396484375,6.288477783203124,6.5026123046875,1.1073825503355557,0.9184741214533965
5.8952221679687495,6.288477783203124,6.5026123046875,2.711409395973228,0.9664394430977341
1.88556396484375,3.7799670410156248,6.5026123046875,1.0765100671140797,0.8618529992062307
1.88556396484375,6.288477783203124,2.7369384765625,1.1087248322147503,0.8992592894869451
5.8952221679687495,3.7799670410156248,2.7369384765625,2.680536912751747,0.9290382504392628
1.26118896484375,3.165040283203125,2.1713623046875004,0.8040268456375745,0.7282800099740301
7.76834716796875,3.165040283203125,2.1713623046875004,3.4147651006713184,0.9274327868346794
1.26118896484375,8.152779541015626,2.1713623046875004,0.8697986577181103,0.89351918209508
1.26118896484375,3.165040283203125,4.5931884765625,0.8107382550335476,0.7638080304526188
7.76834716796875,8.152779541015626,4.5931884765625,3.472483221476696,0.9783171586670099
6.25618896484375,8.162540283203125,7.1213623046875,2.8671140939598283,0.9762078578545372
2.77334716796875,8.162540283203125,7.1213623046875,1.4738255033556833,0.9535213839519684
6.25618896484375,3.1552795410156245,7.1213623046875,2.808053691275256,0.9363819318577328
6.25618896484375,8.162540283203125,9.5431884765625,2.8671140939598283,0.9774013909325795
2.77334716796875,3.1552795410156245,9.5431884765625,1.4147651006711206,0.8813273840272973
8.75368896484375,0.666290283203125,4.6463623046875,3.459060402684748,0.7597256519402039
5.27084716796875,0.666290283203125,4.6463623046875,2.0523489932885672,0.6277039394097605
8.75368896484375,0.656529541015625,4.6463623046875,3.4523489932887736,0.7562949206604694
8.75368896484375,0.666290283203125,7.0681884765625,3.4550335570471633,0.7740474956013967
5.27084716796875,0.656529541015625,7.0681884765625,2.0523489932885672,0.639426379479253
3.75868896484375,5.663790283203125,9.5963623046875,1.8510067114093678,0.9487717698419669
0.27584716796875003,5.663790283203125,9.5963623046875,0.4402684563758361,0.6916612737201401
3.75868896484375,5.654029541015625,9.5963623046875,1.8510067114093678,0.9487038585357053
3.75868896484375,5.663790283203125,2.1181884765625,1.8523489932885624,0.9249525426749228
0.27584716796875003,5.654029541015625,2.1181884765625,0.4348993288590577,0.6484505567806992
2.50993896484375,1.9156652832031247,5.8838623046875,1.249664429530184,0.7683363629575897
1.52459716796875,1.9156652832031247,5.8838623046875,0.846979865771802,0.6525400126436862
2.50993896484375,6.903404541015624,5.8838623046875,1.3610738255033363,0.9380281468804634
2.50993896484375,1.9156652832031247,3.3556884765625004,1.249664429530184,0.7459589042951167
1.52459716796875,6.903404541015624,3.3556884765625004,0.9677852348993166,0.9008813862662863
7.50493896484375,6.913165283203124,0.9338623046875,3.36241610738272,0.9476192484061531
6.51959716796875,6.913165283203124,0.9338623046875,2.9677852348994405,0.9414505693652222
7.50493896484375,1.9059045410156248,0.9338623046875,3.24563758389277,0.8412177450334379
7.50493896484375,6.913165283203124,8.3056884765625,3.3597315436243305,0.9765963970720632
6.51959716796875,1.9059045410156248,8.3056884765625,2.8496644295302955,0.8998668956183269
5.00743896484375,4.414415283203125,8.3588623046875,2.335570469798676,0.9467342298899646
4.02209716796875,4.414415283203125,8.3588623046875,1.9409395973154064,0.9359742288989019
5.00743896484375,4.404654541015624,8.3588623046875,2.335570469798676,0.9466435279430844
5.00743896484375,4.414415283203125,5.8306884765625,2.335570469798676,0.9431316263099246
4.02209716796875,4.404654541015624,5.8306884765625,1.9409395973154064,0.9315912699509716
0.01243896484375,9.411915283203125,3.4088623046875,0.4013422818791925,0.7755310962686678
9.01709716796875,9.411915283203125,3.4088623046875,3.9771812080539517,0.982095116691994
0.01243896484375,9.402154541015625,3.4088623046875,0.4013422818791925,0.7752859255713147
0.01243896484375,9.411915283203125,0.8806884765625,0.3999999999999979,0.7522588321662211
9.01709716796875,9.402154541015625,0.8806884765625,3.9785234899331465,0.9647961990737219
