phi_star,Da2_star,Lambda_star,tau_star_break,bed_utilization
0.01731689453125,3.1406384277343746,7.3678955078124995,0.36375838926174353,0.4000686663248776
7.47079345703125,3.1406384277343746,7.3678955078124995,2.9436241610739335,0.8713298420658233
0.01731689453125,3.1992028808593744,7.3678955078124995,0.36375838926174353,0.40510603188702
0.01731689453125,3.1406384277343746,7.3823974609375,0.36375838926174353,0.400092589016083
7.47079345703125,3.1992028808593744,7.3823974609375,2.9516778523491025,0.8737255477766597
5.01231689453125,8.138138427734376,2.4178955078125,2.115436241610724,0.8819492331304326
2.4757934570312496,8.138138427734376,2.4178955078125,1.1140939597315287,0.8023166352855562
5.01231689453125,8.196702880859375,2.4178955078125,2.118120805369114,0.8830559738706376
5.01231689453125,8.138138427734376,2.4323974609375,2.116778523489919,0.8825060715481386
2.4757934570312496,8.196702880859375,2.4323974609375,1.116778523489918,0.8043096115359445
7.50981689453125,0.6418884277343749,9.8428955078125,1.5140939597315215,0.42873617249104023
9.96829345703125,0.6418884277343749,9.8428955078125,2.4644295302013797,0.5565920008847883
7.50981689453125,5.697952880859375,9.8428955078125,3.1718120805370544,0.9348300480127898
7.50981689453125,0.6418884277343749,4.9073974609375,1.1932885906040105,0.3272626139864509
9.96829345703125,5.697952880859375,4.9073974609375,4.0885906040271225,0.9347083656376693
2.5148168945312497,5.639388427734374,4.8928955078125,1.123489932885891,0.8006476729841614
4.97329345703125,5.639388427734374,4.8928955078125,2.0993288590603862,0.8812745209629105
2.5148168945312497,0.700452880859375,4.8928955078125,0.38523489932885724,0.11768295919173154
2.5148168945312497,5.639388427734374,9.8573974609375,1.1785234899328698,0.8411742822496362
4.97329345703125,0.700452880859375,9.8573974609375,0.7140939597315359,0.2521445089761974
3.76356689453125,1.8912634277343747,1.1803955078125001,0.6912751677852276,0.3293841590100911
3.72454345703125,1.8912634277343747,1.1803955078125001,0.6805369127516707,0.32596208071526683
3.76356689453125,1.9498278808593748,1.1803955078125001,0.7127516778523413,0.34230904951986674
3.76356689453125,1.8912634277343747,6.1448974609375,1.1637583892617291,0.6022629705592436
3.72454345703125,1.9498278808593748,6.1448974609375,1.1691275167785076,0.6107912604127694
8.75856689453125,6.888763427734374,6.1303955078125,3.6751677852351152,0.944463060711741
8.71954345703125,6.888763427734374,6.1303955078125,3.6590604026847773,0.9441106124172304
8.75856689453125,6.947327880859374,6.1303955078125,3.67651006711431,0.9448168429039205
8.75856689453125,6.888763427734374,1.1948974609375,3.355704697986746,0.861203395979018
8.71954345703125,6.947327880859374,1.1948974609375,3.3449664429531873,0.8618938351020142
6.2610668945312495,4.390013427734375,3.6553955078125,2.484563758389302,0.8575884063067828
1.22704345703125,4.390013427734375,3.6553955078125,0.5315436241610694,0.5625450714647735
6.2610668945312495,9.446077880859375,3.6553955078125,2.696644295302085,0.9313241693955894
6.2610668945312495,4.390013427734375,3.6698974609375004,2.484563758389302,0.8576085755824268
1.22704345703125,9.446077880859375,3.6698974609375004,0.7020134228187844,0.7878435014246392
1.26606689453125,9.387513427734374,8.6053955078125,0.7651006711409309,0.8473073202140464
6.2220434570312495,9.387513427734374,8.6053955078125,2.7382550335571247,0.9510421890580004
1.26606689453125,4.448577880859374,8.6053955078125,0.6201342281879134,0.6705560567058612
1.26606689453125,9.387513427734374,8.6198974609375,0.7651006711409309,0.8473148101472078
6.2220434570312495,4.448577880859374,8.6198974609375,2.586577181208109,0.8982514877710666
1.89044189453125,0.017200927734375,3.0366455078125,0.36375838926174353,0.00302164728621003
8.09516845703125,0.017200927734375,3.0366455078125,0.36375838926174353,0.0030067530991108914
1.89044189453125,7.572015380859375,3.0366455078125,0.897986577181197,0.7766142074754478
1.89044189453125,0.017200927734375,9.2386474609375,0.36375838926174353,0.0031315954510564873
8.09516845703125,7.572015380859375,9.2386474609375,3.4550335570471633,0.9527717254464847
6.88544189453125,5.014700927734374,7.9866455078125,2.876510067114192,0.9148961647344772
3.1001684570312498,5.014700927734374,7.9866455078125,1.3704697986576986,0.8382410260732338
6.88544189453125,2.5745153808593746,7.9866455078125,2.628187919463149,0.8356063427519127
6.88544189453125,5.014700927734374,4.2886474609375,2.806711409396061,0.8923892375562638
3.1001684570312498,2.5745153808593746,4.2886474609375,1.0214765100671008,0.6140614550778628
9.38294189453125,2.515950927734375,0.5616455078125,2.3651006711409623,0.5646201151316267
5.59766845703125,2.515950927734375,0.5616455078125,1.1892617449664267,0.43689434963959084
9.38294189453125,0.075765380859375,0.5616455078125,0.36644295302013274,0.012139391586760518
9.38294189453125,2.515950927734375,1.8136474609375002,3.112751677852482,0.7494478325468357
5.59766845703125,0.075765380859375,1.8136474609375002,0.36644295302013274,0.012910480597051938
4.38794189453125,7.513450927734374,5.5116455078125,1.9449664429529903,0.9054122774984257
0.60266845703125,7.513450927734374,5.5116455078125,0.4563758389261714,0.6843283111102323
4.38794189453125,5.073265380859374,5.5116455078125,1.8510067114093678,0.8614168444542447
4.38794189453125,7.513450927734374,6.7636474609374995,1.959731543624131,0.9123748853493913
0.60266845703125,5.073265380859374,6.7636474609374995,0.4147651006711386,0.5618744752468903
3.13919189453125,3.7653259277343745,9.2241455078125,1.3127516778523305,0.7947514865297984
1.85141845703125,3.7653259277343745,9.2241455078125,0.8040268456375745,0.699689340288751
3.13919189453125,6.322640380859374,9.2241455078125,1.4483221476509858,0.8778902765211835
3.13919189453125,3.7653259277343745,8.001147460937501,1.2993288590603844,0.7863428345509137
1.85141845703125,6.322640380859374,8.001147460937501,0.9275167785234784,0.8154396596900475
8.13419189453125,8.762825927734376,4.2741455078124995,3.44295302013441,0.9452150273474567
6.84641845703125,8.762825927734376,4.2741455078124995,2.9302013422819853,0.9365156028929403
8.13419189453125,1.3251403808593747,4.2741455078124995,2.421476510067145,0.6610889537531047
8.13419189453125,8.762825927734376,3.0511474609375,3.4053691275169546,0.9347813985681985
6.84641845703125,1.3251403808593747,3.0511474609375,1.7624161073825237,0.5545724671495224
5.63669189453125,1.2665759277343749,6.7491455078125,1.577181208053668,0.5875171369186758
4.34891845703125,1.2665759277343749,6.7491455078125,1.0845637583892473,0.48881240151732047
5.63669189453125,3.8238903808593747,6.7491455078125,2.2791946308724933,0.8611219361979421
5.63669189453125,1.2665759277343749,0.5761474609375,0.614765100671135,0.1977127141204749
4.34891845703125,3.8238903808593747,0.5761474609375,1.1194630872483071,0.5113482328255529
0.64169189453125,6.264075927734375,1.7991455078125,0.40402684563758173,0.534749509469318
9.34391845703125,6.264075927734375,1.7991455078125,3.6791946308726997,0.891288649258501
0.64169189453125,8.821390380859375,1.7991455078125,0.4362416107382523,0.6250684998880937
0.64169189453125,6.264075927734375,5.5261474609375,0.44295302013422533,0.6302736613860004
9.34391845703125,8.821390380859375,5.5261474609375,3.9463087248324706,0.9567483648344588
0.95387939453125,1.5789196777343748,7.6772705078125,0.38523489932885724,0.2471686975153949
0.91485595703125,1.5789196777343748,7.6772705078125,0.38389261744966263,0.24644243598068954
0.95387939453125,1.0127966308593748,7.6772705078125,0.375838926174495,0.16637263112255185
0.95387939453125,1.5789196777343748,2.7417724609375003,0.3771812080536896,0.22762251624961743
0.91485595703125,1.0127966308593748,2.7417724609375003,0.37046979865771656,0.15588128380733593
5.94887939453125,6.576419677734374,2.7272705078125004,2.446979865771847,0.8826484986544305
5.90985595703125,6.576419677734374,2.7272705078125004,2.430872483221509,0.8818014024435916
5.94887939453125,6.010296630859375,2.7272705078125004,2.4174496644295607,0.8719203760953548
5.94887939453125,6.576419677734374,7.6917724609375,2.563758389261797,0.9253918788418534
5.90985595703125,6.010296630859375,7.6917724609375,2.5288590604027315,0.9179434313827908
8.44637939453125,4.077669677734375,5.2022705078125,3.385234899329032,0.8984997070126713
3.41235595703125,4.077669677734375,5.2022705078125,1.3852348993288393,0.7861449116987377
8.44637939453125,8.509046630859375,5.2022705078125,3.5785234899330876,0.9500122866893088
8.44637939453125,4.077669677734375,5.2167724609374995,3.385234899329032,0.8985083729910178
3.41235595703125,8.509046630859375,5.2167724609374995,1.5758389261744734,0.8958703598715592
3.4513793945312496,9.075169677734374,0.25227050781250004,1.092617449664415,0.6052917230306435
8.40735595703125,9.075169677734374,0.25227050781250004,2.743624161073904,0.7279829310792179
3.4513793945312496,3.5115466308593746,0.25227050781250004,0.696644295302006,0.3632158566918561
3.4513793945312496,9.075169677734374,0.2667724609375,1.099328859060388,0.6093267056659438
8.40735595703125,3.5115466308593746,0.2667724609375,2.0657718120805155,0.5431650589205168
4.70012939453125,2.8282946777343745,3.9647705078125,1.6751677852348743,0.7345102919400522
9.65610595703125,2.8282946777343745,3.9647705078125,3.636241610738465,0.8551428951256157
4.70012939453125,4.760921630859374,3.9647705078125,1.9087248322147359,0.839245214792312
4.70012939453125,2.8282946777343745,3.9792724609375,1.6751677852348743,0.7345455425649801
9.65610595703125,4.760921630859374,3.9792724609375,3.879194630872729,0.9126477652392069
9.69512939453125,7.8257946777343745,8.9147705078125,4.0966442953022915,0.9606277799400562
4.66110595703125,7.8257946777343745,8.9147705078125,2.0912751677852173,0.9267047529196399
9.69512939453125,9.758421630859376,8.9147705078125,0.2778523489932887,0.06571110199746397
9.69512939453125,7.8257946777343745,8.9292724609375,4.0966442953022915,0.9606251253382125
4.66110595703125,9.758421630859376,8.9292724609375,2.123489932885893,0.941005762976064
7.1976293945312495,0.32954467773437496,1.4897705078125,0.3812080536912734,0.05039021585627961
7.15860595703125,0.32954467773437496,1.4897705078125,0.3812080536912734,0.050444967097070664
7.1976293945312495,7.2596716308593745,1.4897705078125,2.8362416107383472,0.8667126114681881
7.1976293945312495,0.32954467773437496,6.4542724609375,0.4013422818791925,0.060755597281351915
7.15860595703125,7.2596716308593745,6.4542724609375,3.0523489932887147,0.9383097928827387
2.20262939453125,5.327044677734374,6.4397705078125,1.0120805369127386,0.7913736697283482
2.16360595703125,5.327044677734374,6.4397705078125,0.9959731543624033,0.7883075076573747
2.20262939453125,2.262171630859375,6.4397705078125,0.689932885906033,0.5081973610669022
2.20262939453125,5.327044677734374,1.5042724609375002,0.8013422818791853,0.6141629507391801
2.16360595703125,2.262171630859375,1.5042724609375002,0.44429530201341993,0.2825254164579019
1.57825439453125,4.702357177734375,2.1085205078125,0.6040268456375781,0.5611368269760169
4.03673095703125,4.702357177734375,2.1085205078125,1.5100671140939377,0.7490745167254234
1.57825439453125,5.3856091308593745,2.1085205078125,0.6442953020134163,0.6075138630490009
1.57825439453125,4.702357177734375,0.8855224609375,0.5006711409395934,0.4403097668231395
4.03673095703125,5.3856091308593745,0.8855224609375,1.3234899328858873,0.6521846854192374
6.57325439453125,9.699857177734375,7.0585205078125,2.8738255033558024,0.9517700029277525
9.03173095703125,9.699857177734375,7.0585205078125,3.8523489932888326,0.9630861296488067
6.57325439453125,0.388109130859375,7.0585205078125,0.40939597315436016,0.07287862657807881
6.57325439453125,9.699857177734375,5.8355224609375,2.863087248322244,0.9481716301317915
9.03173095703125,0.388109130859375,5.8355224609375,0.703355704697979,0.14004220759880792
9.07075439453125,2.2036071777343746,4.5835205078125,3.2832214765102252,0.8167878862115049
1.5392309570312501,2.2036071777343746,4.5835205078125,0.42684563758389005,0.32417008488822563
9.07075439453125,2.8868591308593747,4.5835205078125,3.4523489932887736,0.8592160969237808
9.07075439453125,2.2036071777343746,8.3105224609375,3.4201342281880978,0.851459438368513
1.5392309570312501,2.8868591308593747,8.3105224609375,0.5825503355704644,0.536285028028783
4.07575439453125,7.201107177734374,9.5335205078125,1.846979865771784,0.9129175498815187
6.53423095703125,7.201107177734374,9.5335205078125,2.8268456375839834,0.9411014065963398
4.07575439453125,7.884359130859374,9.5335205078125,1.8617449664429246,0.9202393077850364
4.07575439453125,7.201107177734374,3.3605224609375,1.7610738255033291,0.8698224556738373
6.53423095703125,7.884359130859374,3.3605224609375,2.758389261745047,0.9179897953233982
2.82700439453125,0.954232177734375,5.8210205078124995,0.40939597315436016,0.16340808894805045
5.2854809570312495,0.954232177734375,5.8210205078124995,1.0778523489932743,0.4054578288070971
2.82700439453125,9.133734130859375,5.8210205078124995,1.362416107382531,0.893162484355135
2.82700439453125,0.954232177734375,2.1230224609375004,0.38926174496644106,0.14069378414448575
5.2854809570312495,9.133734130859375,2.1230224609375004,2.2322147651006743,0.8901836115898238
7.82200439453125,5.951732177734375,0.8710205078125,2.7798657718121644,0.787954433212751
0.29048095703125004,5.951732177734375,0.8710205078125,0.37181208053691117,0.5177656924045961
7.82200439453125,4.136234130859375,0.8710205078125,2.5302013422819263,0.7157249243329898
7.82200439453125,5.951732177734375,7.0730224609375,3.2818791946310304,0.9329713428893833
0.29048095703125004,4.136234130859375,7.0730224609375,0.3785234899328842,0.48526476948153485
5.32450439453125,3.4529821777343748,8.2960205078125,2.140939597315426,0.8488732185630766
7.78298095703125,3.4529821777343748,8.2960205078125,3.120805369127651,0.8910450774184087
5.32450439453125,1.6374841308593748,8.2960205078125,1.7315436241610478,0.6829413603309891
5.32450439453125,3.4529821777343748,9.5480224609375,2.155704697986569,0.8548177900767819
7.78298095703125,1.6374841308593748,9.5480224609375,2.7342281879195403,0.7800125072076498
0.32950439453125,8.450482177734376,3.3460205078125003,0.3919463087248303,0.6539049044524483
2.78798095703125,8.450482177734376,3.3460205078125003,1.287248322147633,0.8519151540039005
0.32950439453125,6.634984130859374,3.3460205078125003,0.38523489932885724,0.5940330262602189
0.32950439453125,8.450482177734376,4.5980224609375,0.3973154362416087,0.6730096416942994
2.78798095703125,6.634984130859374,4.5980224609375,1.2657718120805193,0.8377397083580853
0.48559814453125,0.7980603027343749,0.7163330078125,0.36510067114093814,0.12073038408909471
2.00751220703125,0.7980603027343749,0.7163330078125,0.37181208053691117,0.11310869246373756
0.48559814453125,4.604749755859374,0.7163330078125,0.3744966442953004,0.434292816318269
0.48559814453125,0.7980603027343749,3.2058349609375,0.36644295302013274,0.1276324925576249
2.00751220703125,4.604749755859374,3.2058349609375,0.809395973154353,0.66522327254419
5.48059814453125,5.7955603027343745,5.6663330078125,2.3234899328859226,0.8991395395858472
7.00251220703125,5.7955603027343745,5.6663330078125,2.9302013422819853,0.9182171143870519
5.48059814453125,9.602249755859376,5.6663330078125,2.424161073825535,0.9382336335331031
5.48059814453125,5.7955603027343745,8.1558349609375,2.3543624161074037,0.9112335976538435
7.00251220703125,9.602249755859376,8.1558349609375,3.049664429530325,0.9558509240926616
7.97809814453125,3.2968103027343747,3.1913330078125,2.9973154362417267,0.8363761614687795
4.50501220703125,3.2968103027343747,3.1913330078125,1.6268456375838685,0.7385276628899209
7.97809814453125,7.103499755859374,3.1913330078125,3.299328859060563,0.9213520636397006
7.97809814453125,3.2968103027343747,5.6808349609375,3.1261744966444303,0.8729623928167881
4.50501220703125,7.103499755859374,5.6808349609375,1.9825503355704392,0.903271765931172
2.9830981445312497,8.294310302734376,8.1413330078125,1.426845637583872,0.8988835969841809
9.50001220703125,8.294310302734376,8.1413330078125,4.022818791946576,0.9608594996349957
2.9830981445312497,2.105999755859375,8.1413330078125,0.979865771812068,0.6040228982967404
2.9830981445312497,8.294310302734376,0.7308349609375,1.085906040268442,0.6766487523142086
9.50001220703125,2.105999755859375,0.7308349609375,2.3570469798657934,0.5561101303746916
4.2318481445312495,4.546185302734375,6.9038330078125,1.7798657718120536,0.8531121283249512
8.25126220703125,4.546185302734375,6.9038330078125,3.379865771812253,0.9161663906824415
4.2318481445312495,0.8566247558593749,6.9038330078125,0.6281879194630811,0.24780091303975907
4.2318481445312495,4.546185302734375,4.4433349609374995,1.7248322147650748,0.8262176637020817
8.25126220703125,0.8566247558593749,4.4433349609374995,1.8966442953019844,0.5036999752379083
9.22684814453125,9.543685302734374,1.9538330078125001,3.7906040268458705,0.9291550818364906
3.25626220703125,9.543685302734374,1.9538330078125001,1.4281879194630667,0.8406223733838619
9.22684814453125,5.854124755859375,1.9538330078125001,3.628187919463296,0.8890112563142767
9.22684814453125,9.543685302734374,9.3933349609375,0.2832214765100671,0.07036576108772502
3.25626220703125,5.854124755859375,9.3933349609375,1.4791946308724617,0.8719324224857233
6.72934814453125,2.0474353027343746,9.3788330078125,2.4644295302013797,0.7991052247394488
5.75376220703125,2.0474353027343746,9.3788330078125,2.076510067114074,0.7701241693414786
6.72934814453125,8.352874755859375,9.3788330078125,2.9275167785235956,0.9500174090716524
6.72934814453125,2.0474353027343746,6.9183349609375,2.408053691275197,0.7803999499359857
5.75376220703125,8.352874755859375,6.9183349609375,2.523489932885952,0.9371786405833407
1.73434814453125,7.044935302734374,4.4288330078125,0.8590604026845534,0.7860778842477716
0.7587622070312501,7.044935302734374,4.4288330078125,0.48993288590603656,0.6738308289446613
1.73434814453125,3.3553747558593745,4.4288330078125,0.6429530201342217,0.5630780885730867
1.73434814453125,7.044935302734374,1.9683349609375003,0.7637583892617363,0.6918918973746473
0.7587622070312501,3.3553747558593745,1.9683349609375003,0.38523489932885724,0.38216619797383844
2.35872314453125,2.672122802734375,9.9975830078125,0.8818791946308617,0.6474125441241989
2.63188720703125,2.672122802734375,9.9975830078125,0.9879194630872357,0.6748621928492071
2.35872314453125,8.977562255859375,9.9975830078125,1.198657718120789,0.8957553444484835
2.35872314453125,2.672122802734375,0.1120849609375,0.4013422818791925,0.22426337703316554
2.63188720703125,8.977562255859375,0.1120849609375,0.7919463087248231,0.5279630895201554
7.35372314453125,7.6696228027343745,5.0475830078124995,3.1221476510068458,0.9372562142065083
7.62688720703125,7.6696228027343745,5.0475830078124995,3.230872483221627,0.9391768438399286
7.35372314453125,3.980062255859375,5.0475830078124995,2.9369127516779594,0.881414033114938
7.35372314453125,7.6696228027343745,5.0620849609375,3.1221476510068458,0.9372624750244758
7.62688720703125,3.980062255859375,5.0620849609375,3.0456375838927405,0.8851168786935877
9.85122314453125,0.173372802734375,7.5225830078125,0.38926174496644106,0.03242288254520864
0.13438720703125,0.173372802734375,7.5225830078125,0.36375838926174353,0.03077312952419193
9.85122314453125,1.4813122558593748,7.5225830078125,3.418791946308903,0.789396565389247
9.85122314453125,0.173372802734375,7.5370849609375,0.38926174496644106,0.03242554427083025
0.13438720703125,1.4813122558593748,7.5370849609375,0.36510067114093814,0.2256817185488993
4.85622314453125,5.170872802734374,2.5725830078125003,1.9194630872482927,0.820884208636242
5.12938720703125,5.170872802734374,2.5725830078125003,2.0268456375838655,0.8282906074719377
4.85622314453125,6.478812255859374,2.5725830078125003,1.9986577181207745,0.8552364919300439
4.85622314453125,5.170872802734374,2.5870849609375,1.9194630872482927,0.8209265025513469
5.12938720703125,6.478812255859374,2.5870849609375,2.107382550335555,0.8616373553026022
3.60747314453125,1.4227478027343747,3.8100830078125,0.7651006711409309,0.3810860526333783
6.37813720703125,1.4227478027343747,3.8100830078125,1.771812080536886,0.5950978678366967
3.60747314453125,5.2294372558593745,3.8100830078125,1.50201342281877,0.8167310541021431
3.60747314453125,1.4227478027343747,1.3495849609375001,0.48322147651006353,0.20832789550222341
6.37813720703125,5.2294372558593745,1.3495849609375001,2.330201342281897,0.790001225677586
8.60247314453125,6.420247802734375,8.7600830078125,3.6241610738257117,0.9465715317155565
1.38313720703125,6.420247802734375,8.7600830078125,0.7503355704697903,0.7878777502295261
8.60247314453125,0.231937255859375,8.7600830078125,0.3973154362416087,0.04423605885218011
8.60247314453125,6.420247802734375,6.2995849609375,3.600000000000205,0.9401888441347694
1.38313720703125,0.231937255859375,6.2995849609375,0.36644295302013274,0.04074420392277682
6.10497314453125,3.9214978027343745,1.3350830078125002,2.0483221476509827,0.7195382580989131
8.87563720703125,3.9214978027343745,1.3350830078125002,3.1154362416108716,0.7891029523321679
6.10497314453125,2.7306872558593747,1.3350830078125002,1.7812080536912482,0.6224192605723539
6.10497314453125,3.9214978027343745,8.7745849609375,2.502013422818835,0.8831899925129691
8.87563720703125,2.7306872558593747,8.7745849609375,3.4630872483223323,0.8793344307835367
1.10997314453125,8.918997802734376,6.2850830078125,0.6818791946308653,0.8092457111253961
3.88063720703125,8.918997802734376,6.2850830078125,1.7825503355704428,0.9162100355064979
1.10997314453125,7.728187255859375,6.2850830078125,0.6577181208053624,0.7786458478233016
1.10997314453125,8.918997802734376,3.8245849609375004,0.6496644295301948,0.7677761479615264
3.88063720703125,7.728187255859375,3.8245849609375004,1.7154362416107125,0.8813482184759633
0.79778564453125,4.233841552734375,4.7382080078125,0.4187919463087224,0.49503181725929424
6.06594970703125,4.233841552734375,4.7382080078125,2.437583892617483,0.8648387888351232
0.79778564453125,2.4183435058593745,4.7382080078125,0.38657718120805185,0.33229015979766496
0.79778564453125,4.233841552734375,6.6089599609375,0.42953020134227926,0.5194244234560635
6.06594970703125,2.4183435058593745,6.6089599609375,2.2375838926174536,0.7933891135953888
5.79278564453125,9.231341552734374,9.6882080078125,2.570469798657771,0.9492156991548779
1.0709497070312501,9.231341552734374,9.6882080078125,0.6885906040268384,0.8342429969962758
5.79278564453125,7.415843505859375,9.6882080078125,2.5369127516779004,0.9368241186010553
5.79278564453125,9.231341552734374,1.6589599609375,2.390604026845664,0.8818992270959068
1.0709497070312501,7.415843505859375,1.6589599609375,0.5288590604026802,0.6142971379429922
8.29028564453125,1.7350915527343747,2.2632080078125,2.445637583892652,0.655902902079678
8.56344970703125,1.7350915527343747,2.2632080078125,2.548993288590654,0.6644403452591061
8.29028564453125,9.914593505859376,2.2632080078125,3.4536912751679685,0.9320025794898592
8.29028564453125,1.7350915527343747,4.1339599609375,2.744966442953099,0.7390735075247528
8.56344970703125,9.914593505859376,4.1339599609375,3.6322147651008807,0.9524287763463395
3.29528564453125,6.732591552734374,7.2132080078125,1.5073825503355485,0.8803979519044771
3.5684497070312498,6.732591552734374,7.2132080078125,1.6161073825503116,0.8874405456015577
3.29528564453125,4.917093505859374,7.2132080078125,1.433557046979845,0.8369391012427138
3.29528564453125,6.732591552734374,9.0839599609375,1.5208053691274945,0.8883710638650439
3.5684497070312498,4.917093505859374,9.0839599609375,1.5610738255033327,0.8571325945069798
4.54403564453125,0.485716552734375,8.4507080078125,0.4013422818791925,0.08996222657570312
4.81719970703125,0.485716552734375,8.4507080078125,0.40536912751677634,0.09073649093845176
4.54403564453125,3.6677185058593746,8.4507080078125,1.8550335570469516,0.8390247206357473
4.54403564453125,0.485716552734375,5.3714599609375,0.3946308724832195,0.08539787882809757
4.81719970703125,3.6677185058593746,5.3714599609375,1.9060402684563467,0.8211673812528135
9.53903564453125,5.483216552734374,3.5007080078125004,3.857718120805612,0.9176816260360761
9.81219970703125,5.483216552734374,3.5007080078125004,3.966442953020393,0.9197072961299393
9.53903564453125,8.665218505859375,3.5007080078125004,3.9785234899331465,0.9465664017595059
9.53903564453125,5.483216552734374,0.42145996093750004,3.004026845637701,0.7112434328895366
9.81219970703125,8.665218505859375,0.42145996093750004,3.4241610738256822,0.7918566454158942
7.04153564453125,2.9844665527343746,5.9757080078125,2.7167785234900075,0.8469025518666281
2.31969970703125,2.9844665527343746,5.9757080078125,0.853691275167775,0.6327203249579857
7.04153564453125,6.166468505859374,5.9757080078125,2.965100671141051,0.9246976687629938
7.04153564453125,2.9844665527343746,2.8964599609375004,2.5369127516779004,0.789719953666012
2.31969970703125,6.166468505859374,2.8964599609375004,1.0053691275167655,0.756437525197641
2.0465356445312497,7.981966552734375,1.0257080078125,0.8107382550335476,0.6568650331485706
7.31469970703125,7.981966552734375,1.0257080078125,2.8026845637584765,0.8439232965151506
2.0465356445312497,1.1689685058593748,1.0257080078125,0.3785234899328842,0.15673482334582406
2.0465356445312497,7.981966552734375,7.8464599609375,1.0469798657717984,0.862353681917884
7.31469970703125,1.1689685058593748,7.8464599609375,2.1932885906040243,0.6577005135800695
1.42216064453125,2.3597790527343747,5.3569580078125,0.4322147651006685,0.3515241179700855
9.18782470703125,2.3597790527343747,5.3569580078125,3.417449664429708,0.8407223952149088
1.42216064453125,6.791156005859374,5.3569580078125,0.7449664429530118,0.7682186622473393
1.42216064453125,2.3597790527343747,9.7027099609375,0.4724832214765067,0.4080138463292244
9.18782470703125,6.791156005859374,9.7027099609375,3.87382550335595,0.9536540647551719
6.41716064453125,7.357279052734374,0.4069580078125,2.0818791946308535,0.6995918755961323
4.19282470703125,7.357279052734374,0.4069580078125,1.3234899328858873,0.6314677357814962
6.41716064453125,1.7936560058593747,0.4069580078125,1.0187919463087116,0.3244204478157775
6.41716064453125,7.357279052734374,4.7527099609375,2.735570469798735,0.9248873345394348
4.19282470703125,1.7936560058593747,4.7527099609375,1.2268456375838757,0.5816318273309413
8.91466064453125,4.858529052734374,7.8319580078125,3.6751677852351152,0.9296002918661275
6.69032470703125,4.858529052734374,7.8319580078125,2.7892617449665282,0.9096346871634549
8.91466064453125,4.292406005859375,7.8319580078125,3.638926174496855,0.9204178349070262
8.91466064453125,4.858529052734374,2.2777099609375,3.4671140939599168,0.876246371048109
6.69032470703125,4.292406005859375,2.2777099609375,2.5275167785235366,0.8230415276267171
3.91966064453125,9.856029052734375,2.8819580078125,1.7503355704697723,0.8921029259098827
1.69532470703125,9.856029052734375,2.8819580078125,0.8711409395973049,0.8091615557671743
3.91966064453125,9.289906005859375,2.8819580078125,1.7382550335570208,0.8858932838235046
3.91966064453125,9.856029052734375,7.2277099609375,1.8201342281878918,0.9281762791784617
1.69532470703125,9.289906005859375,7.2277099609375,0.9261744966442838,0.8623840128216662
2.67091064453125,3.6091540527343744,1.6444580078125002,0.8214765100671044,0.5432149955527334
0.44657470703125,3.6091540527343744,1.6444580078125002,0.3744966442953004,0.4040097007739508
2.67091064453125,8.040531005859375,1.6444580078125002,1.123489932885891,0.7645453228868176
2.67091064453125,3.6091540527343744,8.4652099609375,1.1046979865771664,0.7525053485573704
0.44657470703125,8.040531005859375,8.4652099609375,0.42953020134227926,0.7062700850437196
7.66591064453125,8.606654052734376,6.5944580078124995,3.285906040268615,0.9509850067935943
5.44157470703125,8.606654052734376,6.5944580078124995,2.4013422818792227,0.935043194465146
7.66591064453125,3.043031005859375,6.5944580078124995,2.9906040268457525,0.8652265088665898
7.66591064453125,8.606654052734376,3.5152099609375003,3.2335570469800166,0.9356230320723526
5.44157470703125,3.043031005859375,3.5152099609375003,1.9758389261744662,0.7675528517572463
5.16841064453125,1.1104040527343748,4.1194580078125,1.085906040268442,0.41901242376291314
2.94407470703125,1.1104040527343748,4.1194580078125,0.4214765100671116,0.1820608419637565
5.16841064453125,0.544281005859375,4.1194580078125,0.40536912751677634,0.09341443242065263
5.16841064453125,1.1104040527343748,1.0402099609375002,0.5516778523489885,0.18295934607067793
2.94407470703125,0.544281005859375,1.0402099609375002,0.3731543624161058,0.0814356506009479
0.17341064453125002,6.107904052734375,9.0694580078125,0.3771812080536896,0.60293258445803
7.93907470703125,6.107904052734375,9.0694580078125,3.3516778523491615,0.9403983506671089
0.17341064453125002,5.541781005859375,9.0694580078125,0.375838926174495,0.5741530436246963
0.17341064453125002,6.107904052734375,5.9902099609374995,0.375838926174495,0.5929918008022956
7.93907470703125,5.541781005859375,5.9902099609374995,3.2966442953021735,0.9248145294920479
0.25145751953125,2.1255212402343746,4.1968017578125,0.36778523489932735,0.2956641772503144
4.11477783203125,2.1255212402343746,4.1968017578125,1.2845637583892437,0.6218304092028955
0.25145751953125,9.680335693359375,4.1968017578125,0.38926174496644106,0.6988266720204122
0.25145751953125,2.1255212402343746,8.0784912109375,0.37046979865771656,0.30592509898333964
4.11477783203125,9.680335693359375,8.0784912109375,1.9006711409395682,0.9322673615627888
5.2464575195312495,7.123021240234374,9.1468017578125,2.3100671140939744,0.9276678515323944
9.10977783203125,7.123021240234374,9.1468017578125,3.848322147651248,0.9546810391164043
5.2464575195312495,4.682835693359374,9.1468017578125,2.2161073825503363,0.889892887779224
5.2464575195312495,7.123021240234374,3.1284912109375003,2.2134228187919467,0.8883351231085661
9.10977783203125,4.682835693359374,3.1284912109375003,3.608053691275374,0.894560904434187
7.74395751953125,4.624271240234375,1.7218017578125002,2.8885906040269456,0.8271066823842355
1.61727783203125,4.624271240234375,1.7218017578125002,0.583892617449659,0.5288174226567821
7.74395751953125,2.184085693359375,1.7218017578125002,2.319463087248338,0.6608019593830978
7.74395751953125,4.624271240234375,0.6534912109375,2.4429530201342624,0.6966241577587232
1.61727783203125,2.184085693359375,0.6534912109375,0.38523489932885724,0.24029340000748017
2.74895751953125,9.621771240234375,6.6718017578125,1.3463087248321957,0.9011116831934474
6.61227783203125,9.621771240234375,6.6718017578125,2.884563758389361,0.9504313683381506
2.74895751953125,7.1815856933593745,6.6718017578125,1.2979865771811898,0.8685674353098523
2.74895751953125,9.621771240234375,5.6034912109374995,1.3369127516778334,0.894715445809243
6.61227783203125,7.1815856933593745,5.6034912109374995,2.822818791946399,0.9299755959024256
3.9977075195312497,3.3748962402343747,7.9093017578125,1.5999999999999763,0.8023247690398252
5.36352783203125,3.3748962402343747,7.9093017578125,2.1422818791946208,0.8441398412037979
3.9977075195312497,5.932210693359375,7.9093017578125,1.7664429530201076,0.886643256527593
3.9977075195312497,3.3748962402343747,9.3159912109375,1.6161073825503116,0.8106724388784612
5.36352783203125,5.932210693359375,9.3159912109375,2.322147651006728,0.9153355825894767
8.99270751953125,8.372396240234375,2.9593017578125003,3.732885906040493,0.9366025433940934
0.36852783203125,8.372396240234375,2.9593017578125003,0.3959731543624141,0.6463200133967948
8.99270751953125,0.934710693359375,2.9593017578125003,2.0483221476509827,0.5045616738687526
8.99270751953125,8.372396240234375,4.3659912109375,3.777181208053922,0.9478735857933134
0.36852783203125,0.934710693359375,4.3659912109375,0.36644295302013274,0.14901381596576652
6.49520751953125,0.8761462402343749,5.4343017578124995,1.3798657718120608,0.444457929841268
7.86102783203125,0.8761462402343749,5.4343017578124995,1.8926174496644006,0.5259273587113209
6.49520751953125,3.4334606933593745,5.4343017578124995,2.547651006711459,0.8520646611600098
6.49520751953125,0.8761462402343749,1.8909912109375002,0.8456375838926073,0.25276808846847554
7.86102783203125,3.4334606933593745,1.8909912109375002,2.7879194630873334,0.7872235361520701
1.50020751953125,5.8736462402343745,0.48430175781250007,0.49127516778523117,0.4462506577804907
2.86602783203125,5.8736462402343745,0.48430175781250007,0.8483221476509966,0.5333478436990969
1.50020751953125,8.430960693359376,0.48430175781250007,0.570469798657713,0.5438042167100762
1.50020751953125,5.8736462402343745,6.8409912109375,0.7624161073825417,0.7615028939089428
2.86602783203125,8.430960693359376,6.8409912109375,1.3744966442952824,0.8920356046879213
2.1245825195312498,3.9995837402343746,6.0530517578125,0.891275167785224,0.7096975087764468
0.9929028320312501,3.9995837402343746,6.0530517578125,0.46845637583892286,0.5314024255826785
2.1245825195312498,4.058148193359375,6.0530517578125,0.8953020134228078,0.7132690148756007
2.1245825195312498,3.9995837402343746,6.2222412109375,0.8939597315436132,0.7120634119512641
0.9929028320312501,4.058148193359375,6.2222412109375,0.4738255033557013,0.541314892820706
7.11958251953125,8.997083740234375,1.1030517578125,2.800000000000087,0.863685055564459
5.98790283203125,8.997083740234375,1.1030517578125,2.3570469798657934,0.8445663974757893
7.11958251953125,9.055648193359374,1.1030517578125,2.8026845637584765,0.8645199423203618
7.11958251953125,8.997083740234375,1.2722412109375,2.8416107382551266,0.8767438292558698
5.98790283203125,9.055648193359374,1.2722412109375,2.398657718120833,0.8597713832538751
9.61708251953125,1.5008337402343748,8.5280517578125,3.3691275167786943,0.795220748597405
3.4904028320312497,1.5008337402343748,8.5280517578125,0.9570469798657597,0.5131022393866475
9.61708251953125,6.556898193359374,8.5280517578125,4.030872483221745,0.9521561063154005
9.61708251953125,1.5008337402343748,3.7472412109375,3.0778523489934164,0.7248466374543345
3.4904028320312497,6.556898193359374,3.7472412109375,1.5181208053691053,0.8474991936832628
4.62208251953125,6.498333740234375,3.5780517578125,1.959731543624131,0.8738795808133509
8.48540283203125,6.498333740234375,3.5780517578125,3.4939597315438133,0.923539204912817
4.62208251953125,1.5593981933593748,3.5780517578125,1.181208053691259,0.5117383830749525
4.62208251953125,6.498333740234375,8.6972412109375,2.0402684563758138,0.9103683690014399
8.48540283203125,1.5593981933593748,8.6972412109375,2.955704697986687,0.7807183938509485
3.37333251953125,0.251458740234375,2.3405517578125004,0.36912751677852196,0.041926046643802
9.73415283203125,0.251458740234375,2.3405517578125004,0.38791946308724645,0.04106644594823398
3.37333251953125,0.310023193359375,2.3405517578125004,0.37181208053691117,0.051425220856193735
3.37333251953125,0.251458740234375,7.4597412109375,0.3744966442953004,0.04518388687253899
9.73415283203125,0.310023193359375,7.4597412109375,0.45100671140939297,0.06629287552122598
8.36833251953125,5.248958740234374,7.2905517578125,3.4711409395975013,0.9292093496581844
4.73915283203125,5.248958740234374,7.2905517578125,2.0268456375838655,0.8857681877808979
8.36833251953125,5.3075231933593745,7.2905517578125,3.4751677852350857,0.9302669323829729
8.36833251953125,5.248958740234374,2.5097412109375004,3.310067114094122,0.885473561916537
4.73915283203125,5.3075231933593745,2.5097412109375004,1.87785234899326,0.8194351516342283
5.87083251953125,2.750208740234375,4.8155517578125,2.1664429530201277,0.7897096502227097
7.2366528320312495,2.750208740234375,4.8155517578125,2.7087248322148385,0.8240602280904147
5.87083251953125,7.806273193359374,4.8155517578125,2.531543624161121,0.9240050957138278
5.87083251953125,2.750208740234375,4.9847412109375,2.1744966442952967,0.7927074897679829
7.2366528320312495,7.806273193359374,4.9847412109375,3.0778523489934164,0.9370967468842144
0.8758325195312501,7.7477087402343745,9.7655517578125,0.5879194630872429,0.7821948707216582
2.24165283203125,7.7477087402343745,9.7655517578125,1.130201342281864,0.87498852712464
0.8758325195312501,2.8087731933593747,9.7655517578125,0.40805369127516555,0.4018434791376479
0.8758325195312501,7.7477087402343745,9.9347412109375,0.5879194630872429,0.782339737849243
2.24165283203125,2.8087731933593747,9.9347412109375,0.8563758389261642,0.6514376259781889
1.18802001953125,3.0625524902343746,0.7936767578125,0.38791946308724645,0.3151530525331772
7.54884033203125,3.0625524902343746,0.7936767578125,2.131543624161062,0.6194364352785073
1.18802001953125,7.493929443359375,0.7936767578125,0.5033557046979826,0.5400638909879542
1.18802001953125,3.0625524902343746,2.2003662109375,0.40536912751677634,0.35883601583972624
7.54884033203125,7.493929443359375,2.2003662109375,3.080536912751806,0.9032122700725859
6.18302001953125,8.060052490234375,5.7436767578125,2.675167785234968,0.9340739925275059
2.5538403320312497,8.060052490234375,5.7436767578125,1.232214765100654,0.869789536694987
6.18302001953125,2.4964294433593746,5.7436767578125,2.273825503355714,0.7930094615341376
6.18302001953125,8.060052490234375,7.1503662109374995,2.689932885906111,0.9392857533030075
2.5538403320312497,2.4964294433593746,7.1503662109374995,0.8859060402684455,0.6114008385569456
8.68052001953125,0.563802490234375,3.2686767578125,1.079194630872469,0.2536881342583338
5.05134033203125,0.563802490234375,3.2686767578125,0.3999999999999979,0.09264251668566037
8.68052001953125,4.995179443359374,3.2686767578125,3.472483221476696,0.8991751711466185
8.68052001953125,0.563802490234375,9.6253662109375,1.710067114093934,0.4274157684008387
5.05134033203125,4.995179443359374,9.6253662109375,2.1597315436241535,0.895242491530214
3.68552001953125,5.561302490234374,8.2186767578125,1.6308724832214523,0.8731138888871599
0.05634033203125,5.561302490234374,8.2186767578125,0.36644295302013274,0.566622711739941
3.68552001953125,9.992679443359375,8.2186767578125,1.734228187919437,0.9286408736263629
3.68552001953125,5.561302490234374,4.6753662109375,1.5785234899328626,0.8445874682462959
0.05634033203125,9.992679443359375,4.6753662109375,0.36912751677852196,0.7126010388463977
4.93427001953125,1.8131774902343747,6.9811767578124995,1.6174496644295062,0.6794434055396261
1.3050903320312501,1.8131774902343747,6.9811767578124995,0.4013422818791925,0.2806869316988211
4.93427001953125,8.743304443359374,6.9811767578124995,2.2053691275167777,0.9321930266400845
4.93427001953125,1.8131774902343747,0.9628662109375,0.9140939597315323,0.3627546668954108
1.3050903320312501,8.743304443359374,0.9628662109375,0.5825503355704644,0.6124132155110004
9.92927001953125,6.810677490234374,2.0311767578125,3.974496644295562,0.9114709922251558
6.30009033203125,6.810677490234374,2.0311767578125,2.5382550335570953,0.8712507877163893
9.92927001953125,3.7458044433593747,2.0311767578125,3.6899328859062583,0.8455895988896955
9.92927001953125,6.810677490234374,5.9128662109375,4.1355704697989415,0.9489082025999589
6.30009033203125,3.7458044433593747,5.9128662109375,2.518120805369173,0.8648456005028383
7.43177001953125,4.311927490234375,9.4561767578125,3.067114093959858,0.9123029840449661
3.80259033203125,4.311927490234375,9.4561767578125,1.62147651006709,0.8468018744523401
7.43177001953125,1.2470544433593749,9.4561767578125,2.3570469798657934,0.6986609240337824
7.43177001953125,4.311927490234375,8.3878662109375,3.056375838926299,0.9090781908209655
3.80259033203125,1.2470544433593749,8.3878662109375,0.9167785234899215,0.45104256891221867
2.43677001953125,9.309427490234375,4.5061767578125,1.1932885906040105,0.8709320008272834
8.79759033203125,9.309427490234375,4.5061767578125,3.7221476510069342,0.9526908010048103
2.43677001953125,6.244554443359374,4.5061767578125,1.1100671140939449,0.8092041795675303
2.43677001953125,9.309427490234375,3.4378662109375,1.1691275167785076,0.8529755552835455
8.79759033203125,6.244554443359374,3.4378662109375,3.600000000000205,0.921226151701194
1.8123950195312502,1.1884899902343748,8.8374267578125,0.3999999999999979,0.2016183880998148
6.92446533203125,1.1884899902343748,8.8374267578125,2.0912751677852173,0.6578709293140385
1.8123950195312502,1.8717419433593747,8.8374267578125,0.48859060402684196,0.3562805401822633
1.8123950195312502,1.1884899902343748,4.0566162109375,0.38926174496644106,0.18539440112200403
6.92446533203125,1.8717419433593747,4.0566162109375,2.26711409395974,0.7149167456026857
6.80739501953125,6.185989990234375,3.8874267578125004,2.8255033557047886,0.9073763510371726
1.92946533203125,6.185989990234375,3.8874267578125004,0.8926174496644186,0.7611522844627203
6.80739501953125,6.869241943359374,3.8874267578125004,2.852348993288685,0.916057916895938
6.80739501953125,6.185989990234375,9.0066162109375,2.9033557046980887,0.9327246511570839
1.92946533203125,6.869241943359374,9.0066162109375,0.9812080536912626,0.8402935777923074
9.30489501953125,3.6872399902343744,6.3624267578125,3.7181208053693497,0.9047064179810652
9.42196533203125,3.6872399902343744,6.3624267578125,3.7651006711411688,0.9058407901460193
9.30489501953125,9.367991943359375,6.3624267578125,3.950335570470055,0.9613732577697329
9.30489501953125,3.6872399902343744,6.5316162109375,3.7221476510069342,0.9056911537876815
9.42196533203125,9.367991943359375,6.5316162109375,3.997315436241874,0.9619039995693293
4.3098950195312495,8.684739990234375,1.4124267578125,1.751677852348967,0.8259258192446772
4.42696533203125,8.684739990234375,1.4124267578125,1.7973154362415835,0.8292230224674642
4.3098950195312495,4.370491943359375,1.4124267578125,1.4590604026845426,0.6840359013965476
4.3098950195312495,8.684739990234375,1.5816162109375,1.7771812080536644,0.8382230446418221
4.42696533203125,4.370491943359375,1.5816162109375,1.539597315436219,0.7073170021949086
3.0611450195312497,4.936614990234374,2.6499267578125,1.2040268456375673,0.7402397669543328
3.17821533203125,4.936614990234374,2.6499267578125,1.249664429530184,0.7470997452116458
3.0611450195312497,3.121116943359375,2.6499267578125,0.9999999999999871,0.6064112545675004
3.0611450195312497,4.936614990234374,2.8191162109375,1.2161073825503188,0.7480385055462293
3.17821533203125,3.121116943359375,2.8191162109375,1.0577181208053552,0.6255257912872838
8.05614501953125,9.934114990234375,7.5999267578125,3.4711409395975013,0.9613067716709429
8.17321533203125,9.934114990234375,7.5999267578125,3.5167785234901254,0.9615341856664488
8.05614501953125,8.118616943359376,7.5999267578125,3.44026845637602,0.9527644291853586
8.05614501953125,9.934114990234375,7.7691162109375,3.472483221476696,0.9616748253819941
8.17321533203125,8.118616943359376,7.7691162109375,3.488590604027034,0.9538071179824885
5.55864501953125,2.4378649902343748,0.1749267578125,0.9140939597315323,0.32800793563387226
0.68071533203125,2.4378649902343748,0.1749267578125,0.36912751677852196,0.27357844580169116
5.55864501953125,5.619866943359375,0.1749267578125,1.4550335570469588,0.5467451157004704
5.55864501953125,2.4378649902343748,5.2941162109375,1.9959731543623853,0.7617108249141409
0.68071533203125,5.619866943359375,5.2941162109375,0.4348993288590577,0.5914288540733057
0.56364501953125,7.435364990234374,5.1249267578125,0.4402684563758361,0.6676489806233927
5.67571533203125,7.435364990234374,5.1249267578125,2.4496644295302366,0.9202677759516753
0.56364501953125,0.6223669433593749,5.1249267578125,0.36644295302013274,0.10346470824751476
0.56364501953125,7.435364990234374,0.3441162109375,0.38389261744966263,0.5011875870345626
5.67571533203125,0.6223669433593749,0.3441162109375,0.3812080536912734,0.07576592636051013
0.40755126953125004,4.468099365234375,8.6827392578125,0.39060402684563567,0.520501727963649
8.95368408203125,4.468099365234375,8.6827392578125,3.67651006711431,0.9263053027347579
0.40755126953125004,8.274788818359376,8.6827392578125,0.4214765100671116,0.7079872980350899
0.40755126953125004,4.468099365234375,1.4269287109375002,0.375838926174495,0.4553790951001714
8.95368408203125,8.274788818359376,1.4269287109375002,3.566442953020334,0.8978402400661296
5.40255126953125,9.465599365234375,3.7327392578125003,2.358389261744988,0.9237406521428508
3.9586840820312497,9.465599365234375,3.7327392578125003,1.785234899328832,0.9028851439111464
5.40255126953125,3.2772888183593745,3.7327392578125003,2.016107382550307,0.7884165858428118
5.40255126953125,9.465599365234375,6.3769287109374995,2.398657718120833,0.9396976202835374
3.9586840820312497,3.2772888183593745,6.3769287109374995,1.5449664429529975,0.780257214872051
7.90005126953125,1.9693493652343748,6.2077392578124995,2.821476510067204,0.7942270387152117
6.45618408203125,1.9693493652343748,6.2077392578124995,2.2483221476510122,0.7548001652159579
7.90005126953125,0.778538818359375,6.2077392578124995,1.7892617449664159,0.4923989785350369
7.90005126953125,1.9693493652343748,8.8519287109375,2.8953020134229197,0.8154597269265422
6.45618408203125,0.778538818359375,8.8519287109375,1.3852348993288393,0.44795926672306574
2.90505126953125,6.966849365234374,1.2577392578125002,1.1114093959731395,0.7084758433446748
1.46118408203125,6.966849365234374,1.2577392578125002,0.608053691275162,0.5983822987188372
2.90505126953125,5.776038818359375,1.2577392578125002,1.0429530201342145,0.6620831609224002
2.90505126953125,6.966849365234374,3.9019287109375003,1.3060402684563575,0.8383742693603279
1.46118408203125,5.776038818359375,3.9019287109375003,0.6953020134228114,0.6993315514979753
4.15380126953125,0.719974365234375,4.9702392578125,0.4161073825503332,0.1258446022183024
0.21243408203125003,0.719974365234375,4.9702392578125,0.36510067114093814,0.1183407503692866
4.15380126953125,7.025413818359374,4.9702392578125,1.829530201342254,0.8902716648796323
4.15380126953125,0.719974365234375,0.18942871093750002,0.375838926174495,0.08739172631737675
0.21243408203125003,7.025413818359374,0.18942871093750002,0.36912751677852196,0.5418966762052804
9.14880126953125,5.7174743652343745,9.9202392578125,3.825503355704936,0.9453690706912217
5.2074340820312495,5.7174743652343745,9.9202392578125,2.2550335570469864,0.9112768743882618
9.14880126953125,2.027913818359375,9.9202392578125,3.4295302013424616,0.8473065110783178
9.14880126953125,5.7174743652343745,5.1394287109375,3.7691275167787532,0.9312737879605572
5.2074340820312495,2.027913818359375,5.1394287109375,1.7302013422818532,0.6955957616550553
6.65130126953125,3.2187243652343747,2.4952392578125,2.3798657718121055,0.7782887310868936
2.70993408203125,3.2187243652343747,2.4952392578125,0.8738255033556941,0.5756024110736172
6.65130126953125,4.526663818359374,2.4952392578125,2.563758389261797,0.8393753293302626
6.65130126953125,3.2187243652343747,7.6144287109375,2.6322147651007333,0.8626130427266501
2.70993408203125,4.526663818359374,7.6144287109375,1.1825503355704536,0.7987105389817917
1.65630126953125,8.216224365234375,7.4452392578125,0.8939597315436132,0.8443170218134091
7.70493408203125,8.216224365234375,7.4452392578125,3.302013422818953,0.9513623771217199
1.65630126953125,9.524163818359375,7.4452392578125,0.9154362416107269,0.8649832202685295
1.65630126953125,8.216224365234375,2.6644287109375,0.8107382550335476,0.7617277102773478
7.70493408203125,9.524163818359375,2.6644287109375,3.236241610738406,0.9321109766562026
2.28067626953125,1.3446618652343747,1.8764892578125,0.3932885906040249,0.18562699270059543
5.83180908203125,1.3446618652343747,1.8764892578125,1.1704697986577022,0.41103923664424924
2.28067626953125,2.6526013183593746,1.8764892578125,0.5812080536912698,0.40125030484026225
2.28067626953125,1.3446618652343747,4.5206787109375,0.4147651006711386,0.21449719156455888
5.83180908203125,2.6526013183593746,4.5206787109375,2.115436241610724,0.7752284857271667
7.27567626953125,6.342161865234375,6.8264892578125,3.0765100671142216,0.9323255305692499
0.83680908203125,6.342161865234375,6.8264892578125,0.5234899328859017,0.6964989485526032
7.27567626953125,7.650101318359375,6.8264892578125,3.112751677852482,0.9433571787047821
7.27567626953125,6.342161865234375,9.4706787109375,3.097986577181339,0.9389266088669439
0.83680908203125,7.650101318359375,9.4706787109375,0.5691275167785184,0.7718138020599266
9.77317626953125,3.8434118652343745,4.3514892578125,3.8590604026848068,0.8979968058145558
8.32930908203125,3.8434118652343745,4.3514892578125,3.28456375838942,0.8825730932774543
9.77317626953125,5.151351318359374,4.3514892578125,3.966442953020393,0.9231116680025258
9.77317626953125,3.8434118652343745,6.9956787109375,3.9315436241613275,0.915115208620689
8.32930908203125,5.151351318359374,6.9956787109375,3.4469798657719943,0.9265856142427348
4.77817626953125,8.840911865234375,9.3014892578125,2.1583892617449587,0.9370790664692714
3.33430908203125,8.840911865234375,9.3014892578125,1.5825503355704464,0.9161716672683808
4.77817626953125,0.153851318359375,9.3014892578125,0.3744966442953004,0.02832926573535168
4.77817626953125,8.840911865234375,2.0456787109375,2.0174496644295017,0.8750282525278174
3.33430908203125,0.153851318359375,2.0456787109375,0.36644295302013274,0.025951720857024296
3.5294262695312497,2.594036865234375,5.5889892578125,1.2442953020134055,0.6838614679005982
4.58305908203125,2.594036865234375,5.5889892578125,1.6577181208053444,0.7425678714455423
3.5294262695312497,1.4032263183593747,5.5889892578125,0.8268456375838829,0.4263847370288373
3.5294262695312497,2.594036865234375,3.2831787109375004,1.1248322147650855,0.6132496841898871
4.58305908203125,1.4032263183593747,3.2831787109375004,1.037583892617436,0.444822410159291
8.52442626953125,7.591536865234374,0.6389892578125,3.05100671140952,0.8011832421420164
9.57805908203125,7.591536865234374,0.6389892578125,3.4536912751679685,0.8168371062280365
8.52442626953125,6.400726318359374,0.6389892578125,2.947651006711518,0.773537901312824
8.52442626953125,7.591536865234374,8.2331787109375,3.6201342281881272,0.95327659891199
9.57805908203125,6.400726318359374,8.2331787109375,4.008053691275433,0.9502547199404154
6.02692626953125,0.095286865234375,8.0639892578125,0.37046979865771656,0.017348124393134833
2.0855590820312497,0.095286865234375,8.0639892578125,0.36510067114093814,0.01712178475968018
6.02692626953125,8.899476318359374,8.0639892578125,2.649664429530266,0.945830135315731
6.02692626953125,0.095286865234375,5.7581787109375,0.37046979865771656,0.017144972634682173
2.0855590820312497,8.899476318359374,5.7581787109375,1.0630872483221336,0.8643855096801715
1.03192626953125,5.092786865234374,3.1139892578125004,0.48993288590603656,0.563610577159603
7.08055908203125,5.092786865234374,3.1139892578125004,2.8348993288591524,0.8793297154446793
1.03192626953125,3.9019763183593748,3.1139892578125004,0.43087248322147387,0.4542361104628646
1.03192626953125,5.092786865234374,0.8081787109375,0.40939597315436016,0.4240138598197959
7.08055908203125,3.9019763183593748,0.8081787109375,2.1758389261744915,0.6706079053455213
0.71973876953125,0.407630615234375,6.5171142578125,0.36644295302013274,0.07025806200132709
3.0221215820312497,0.407630615234375,6.5171142578125,0.3798657718120788,0.07211410684405872
0.71973876953125,6.088382568359375,6.5171142578125,0.47114093959731207,0.652959079859769
0.71973876953125,0.407630615234375,8.5425537109375,0.36644295302013274,0.07088501739237944
3.0221215820312497,6.088382568359375,8.5425537109375,1.389261744966423,0.8665433786539656
5.71473876953125,5.405130615234374,1.5671142578125001,2.140939597315426,0.7977827109963669
8.01712158203125,5.405130615234374,1.5671142578125001,3.0442953020135457,0.8454672587312709
5.71473876953125,1.0908825683593748,1.5671142578125001,0.816107382550326,0.2743548186321402
5.71473876953125,5.405130615234374,3.5925537109375,2.3382550335570658,0.8729327201378898
8.01712158203125,1.0908825683593748,3.5925537109375,2.0429530201342034,0.5605321536512009
8.21223876953125,2.9063806152343745,8.9921142578125,3.230872483221627,0.8794709253164417
0.52462158203125,2.9063806152343745,8.9921142578125,0.38657718120805185,0.39650585028297614
8.21223876953125,3.5896325683593746,8.9921142578125,3.3140939597317063,0.902188473958004
8.21223876953125,2.9063806152343745,1.1175537109375002,2.5140939597315883,0.6803167863570959
0.52462158203125,3.5896325683593746,1.1175537109375002,0.3744966442953004,0.3880097085962504
3.21723876953125,7.903880615234375,4.0421142578125,1.4630872483221264,0.869966044530984
5.51962158203125,7.903880615234375,4.0421142578125,2.377181208053716,0.9143471954942639
3.21723876953125,8.587132568359376,4.0421142578125,1.4791946308724617,0.8796533333400769
3.21723876953125,7.903880615234375,6.0675537109375,1.495302013422797,0.8894966091684317
5.51962158203125,8.587132568359376,6.0675537109375,2.4268456375839245,0.9336312357208566
4.46598876953125,4.155755615234375,0.3296142578125,1.0778523489932743,0.4795544563402076
6.76837158203125,4.155755615234375,0.3296142578125,1.7624161073825237,0.560945277984437
4.46598876953125,9.836507568359375,0.3296142578125,1.4926174496644078,0.6791108477004807
4.46598876953125,4.155755615234375,9.7800537109375,1.8765100671140653,0.8611126461119858
6.76837158203125,9.836507568359375,9.7800537109375,2.9677852348994405,0.9582456157353704
9.46098876953125,9.153255615234375,5.2796142578125,3.9959731543626793,0.9579334671424671
1.7733715820312501,9.153255615234375,5.2796142578125,0.9382550335570352,0.8485747818206401
9.46098876953125,4.839007568359374,5.2796142578125,3.848322147651248,0.9224314493501918
9.46098876953125,9.153255615234375,4.8300537109374995,3.9879194630875103,0.9560041078392094
1.7733715820312501,4.839007568359374,4.8300537109374995,0.7892617449664339,0.7067644350459468
6.96348876953125,1.6570056152343748,2.8046142578125,2.0093959731543327,0.6273089023521943
9.26587158203125,1.6570056152343748,2.8046142578125,2.8953020134229197,0.7044577672169272
6.96348876953125,2.340257568359375,2.8046142578125,2.322147651006728,0.7287252119463552
6.96348876953125,1.6570056152343748,2.3550537109375003,1.9181208053690981,0.597392250580768
9.26587158203125,2.340257568359375,2.3550537109375003,3.142281879194768,0.7657009659759599
1.96848876953125,6.654505615234374,7.7546142578125,0.9825503355704572,0.8300894333576029
4.2708715820312495,6.654505615234374,7.7546142578125,1.897986577181179,0.9033088229767517
1.96848876953125,7.3377575683593745,7.7546142578125,0.9999999999999871,0.8451672986794394
1.96848876953125,6.654505615234374,7.3050537109375,0.9785234899328734,0.8265989321479529
4.2708715820312495,7.3377575683593745,7.3050537109375,1.9140939597315143,0.9109397343284379
1.34411376953125,3.531068115234375,3.4233642578125,0.4979865771812042,0.4797185950801154
2.39774658203125,3.531068115234375,3.4233642578125,0.8657718120805264,0.6273030316986676
1.34411376953125,0.46619506835937496,3.4233642578125,0.36912751677852196,0.07789384512629917
1.34411376953125,3.531068115234375,5.4488037109375,0.5449664429530154,0.5430848854208319
2.39774658203125,0.46619506835937496,5.4488037109375,0.3771812080536896,0.08068260556015613
6.33911376953125,8.528568115234375,8.3733642578125,2.7704697986578006,0.9468445754488077
7.39274658203125,8.528568115234375,8.3733642578125,3.189261744966587,0.9531067194160756
6.33911376953125,5.463695068359375,8.3733642578125,2.6845637583893316,0.9174461533265245
6.33911376953125,8.528568115234375,0.4988037109375,2.1999999999999984,0.7485269536097536
7.39274658203125,5.463695068359375,0.4988037109375,2.3154362416107537,0.6875453769522382
8.83661376953125,1.0323181152343748,0.9483642578125,1.3436241610738064,0.3257076123005235
4.89524658203125,1.0323181152343748,0.9483642578125,0.42684563758389005,0.13108308123295787
8.83661376953125,7.962445068359374,0.9483642578125,3.3677852348994994,0.8572893422334655
8.83661376953125,1.0323181152343748,2.9738037109375,2.1503355704697897,0.5402243809641637
4.89524658203125,7.962445068359374,2.9738037109375,2.093959731543607,0.8905177653517629
3.84161376953125,6.029818115234375,5.8983642578125,1.6859060402684312,0.8733042471620565
9.89024658203125,6.029818115234375,5.8983642578125,4.092617449664707,0.9423936412414815
3.84161376953125,2.9649450683593748,5.8983642578125,1.4416107382550127,0.7445986133499227
3.84161376953125,6.029818115234375,7.9238037109375,1.7087248322147395,0.8853179129799456
9.89024658203125,2.9649450683593748,7.9238037109375,3.8912751677854827,0.895979935096104
2.5928637695312498,2.2816931152343747,9.6108642578125,0.8939597315436132,0.6096983615481298
8.64149658203125,2.2816931152343747,9.6108642578125,3.291275167785394,0.8559672946176712
2.5928637695312498,4.214320068359375,9.6108642578125,1.1342281879194478,0.7909304198209024
2.5928637695312498,2.2816931152343747,6.6863037109375,0.8456375838926073,0.5718342847053527
8.64149658203125,4.214320068359375,6.6863037109375,3.5073825503357616,0.9122219443299312
7.58786376953125,7.279193115234374,4.6608642578124995,3.1959731543625614,0.9332345641947386
3.64649658203125,7.279193115234374,4.6608642578124995,1.6295302013422577,0.8795054958078398
7.58786376953125,9.211820068359375,4.6608642578124995,3.2416107382551855,0.9466138292350804
7.58786376953125,7.279193115234374,1.7363037109375001,3.033557046979987,0.8851262167809255
3.64649658203125,9.211820068359375,1.7363037109375001,1.5516778523489705,0.8364448563199962
5.09036376953125,4.780443115234375,7.1358642578125,2.139597315436231,0.8810566222985037
6.14399658203125,4.780443115234375,7.1358642578125,2.5583892617450177,0.8981283518298582
5.09036376953125,6.713070068359374,7.1358642578125,2.2214765100671157,0.9148883622160549
5.09036376953125,4.780443115234375,4.2113037109375,2.0751677852348793,0.8541039548799517
6.14399658203125,6.713070068359374,4.2113037109375,2.5932885906040832,0.9102191828093928
0.09536376953125,9.777943115234375,2.1858642578125003,0.36912751677852196,0.6826267881628839
1.14899658203125,9.777943115234375,2.1858642578125003,0.6335570469798595,0.7312531744948707
0.09536376953125,1.7155700683593749,2.1858642578125003,0.36375838926174353,0.24359450923698672
0.09536376953125,9.777943115234375,9.1613037109375,0.375838926174495,0.7272016566330817
1.14899658203125,1.7155700683593749,9.1613037109375,0.3959731543624141,0.2719501133360711
0.13438720703125,0.212415771484375,9.4175048828125,0.36375838926174353,0.037789837625965945
5.55864501953125,0.212415771484375,9.4175048828125,0.3812080536912734,0.03938430294200005
0.13438720703125,7.142542724609374,9.4175048828125,0.375838926174495,0.6467092444431757
0.13438720703125,0.212415771484375,0.7695068359375,0.36375838926174353,0.03517898478520435
5.55864501953125,7.142542724609374,0.7695068359375,1.973154362416077,0.7513431367988825
5.12938720703125,5.209915771484375,4.4675048828124995,2.1275167785234776,0.8702206419031842
0.56364501953125,5.209915771484375,4.4675048828124995,0.4026845637583871,0.5428130046641523
5.12938720703125,2.145042724609375,4.4675048828124995,1.7006711409395718,0.6921913810099403
5.12938720703125,5.209915771484375,5.7195068359375,2.157046979865764,0.8824998933604675
0.56364501953125,2.145042724609375,5.7195068359375,0.3771812080536896,0.30500070838509247
7.62688720703125,2.711165771484375,6.9425048828125,2.9275167785235956,0.850764528083396
8.05614501953125,2.711165771484375,6.9425048828125,3.0993288590605337,0.8580072760942317
7.62688720703125,4.643792724609375,6.9425048828125,3.1382550335571837,0.9122576121515888
7.62688720703125,2.711165771484375,8.1945068359375,2.9530201342282973,0.8582956041959823
8.05614501953125,4.643792724609375,8.1945068359375,3.324832214765265,0.9207322537358145
2.63188720703125,7.708665771484374,1.9925048828125003,1.130201342281864,0.7780399555554026
3.0611450195312497,7.708665771484374,1.9925048828125003,1.2979865771811898,0.7998303981547445
2.63188720703125,9.641292724609375,1.9925048828125003,1.187919463087232,0.8190337976261999
2.63188720703125,7.708665771484374,3.2445068359375,1.2013422818791781,0.8288569891014181
3.0611450195312497,9.641292724609375,3.2445068359375,1.4187919463087044,0.8760318429199004
3.88063720703125,3.9605407714843746,3.2300048828125,1.4738255033556833,0.7550424729083599
4.3098950195312495,3.9605407714843746,3.2300048828125,1.6429530201342037,0.7742218397892802
3.88063720703125,8.391917724609375,3.2300048828125,1.714093959731518,0.8805891656603226
3.88063720703125,3.9605407714843746,2.0070068359375,1.3543624161073633,0.6910336638432897
4.3098950195312495,8.391917724609375,2.0070068359375,1.8147651006711134,0.8563452123479601
8.87563720703125,8.958040771484375,8.1800048828125,3.786577181208286,0.9616253171591919
9.30489501953125,8.958040771484375,8.1800048828125,3.958389261745224,0.9632388280772783
8.87563720703125,3.3944177246093745,8.1800048828125,3.5476510067116065,0.9008310097447854
8.87563720703125,8.958040771484375,6.9570068359374995,3.777181208053922,0.9592289995743284
9.30489501953125,3.3944177246093745,6.9570068359374995,3.6979865771814273,0.8998199654220973
6.37813720703125,1.4617907714843748,0.7550048828125,1.0093959731543494,0.3216104689382012
1.8123950195312502,1.4617907714843748,0.7550048828125,0.3785234899328842,0.1825446906034383
6.37813720703125,0.8956677246093749,0.7550048828125,0.4778523489932851,0.12384410636768761
6.37813720703125,1.4617907714843748,9.4320068359375,2.0832214765100483,0.705683256618282
1.8123950195312502,0.8956677246093749,9.4320068359375,0.38926174496644106,0.1550918722428716
1.38313720703125,6.459290771484374,5.7050048828125,0.7248322147650927,0.7588365319598127
6.80739501953125,6.459290771484374,5.7050048828125,2.8791946308725818,0.924817826359498
1.38313720703125,5.893167724609374,5.7050048828125,0.7046979865771736,0.7357015351809285
1.38313720703125,6.459290771484374,4.4820068359375,0.7046979865771736,0.7356953556738499
6.80739501953125,5.893167724609374,4.4820068359375,2.830872483221568,0.9091555393755628
2.00751220703125,3.3358532714843747,0.1362548828125,0.40671140939597095,0.2645818385331721
9.92927001953125,3.3358532714843747,0.1362548828125,2.2912751677852468,0.5183653921834814
2.00751220703125,1.5203552246093748,0.1362548828125,0.375838926174495,0.1682913235021924
2.00751220703125,3.3358532714843747,2.6257568359375,0.6563758389261678,0.519229449585094
9.92927001953125,1.5203552246093748,2.6257568359375,3.01208053691287,0.6880081245819187
7.00251220703125,8.333353271484375,5.0862548828125,2.9986577181209215,0.9397279856801927
4.93427001953125,8.333353271484375,5.0862548828125,2.1758389261744915,0.9196001534957757
7.00251220703125,6.517855224609375,5.0862548828125,2.947651006711518,0.9236815476522788
7.00251220703125,8.333353271484375,7.5757568359375,3.025503355704818,0.9482425411328015
4.93427001953125,6.517855224609375,7.5757568359375,2.157046979865764,0.911755309763405
9.50001220703125,0.8371032714843749,2.6112548828125,1.9476510067113795,0.45374686394316643
7.43177001953125,0.8371032714843749,2.6112548828125,1.2442953020134055,0.34939687303779
9.50001220703125,9.016605224609375,2.6112548828125,3.9328859060405224,0.9390889561924289
9.50001220703125,0.8371032714843749,5.1007568359375,2.413422818791976,0.5699227334061037
7.43177001953125,9.016605224609375,5.1007568359375,3.182550335570613,0.9466064382008477
4.50501220703125,5.834603271484374,7.5612548828125,1.9624161073825201,0.8941498974637774
2.43677001953125,5.834603271484374,7.5612548828125,1.1382550335570316,0.8306030415116004
4.50501220703125,4.019105224609374,7.5612548828125,1.8590604026845354,0.8468241449300041
4.50501220703125,5.834603271484374,0.1507568359375,1.1557046979865615,0.5135967480518442
2.43677001953125,4.019105224609374,0.1507568359375,0.5114093959731503,0.32694780852930017
3.25626220703125,2.0864782714843746,6.3237548828125,1.037583892617436,0.5992738006394828
1.18802001953125,2.0864782714843746,6.3237548828125,0.4026845637583871,0.3110580570256124
3.25626220703125,2.7697302246093747,6.3237548828125,1.1906040268456213,0.6969482555317625
3.25626220703125,2.0864782714843746,3.8632568359375004,0.9302013422818676,0.5296993592593142
1.18802001953125,2.7697302246093747,3.8632568359375004,0.413422818791944,0.36607529649366355
8.25126220703125,7.083978271484375,1.3737548828125001,3.2174496644296786,0.8711906796328739
6.18302001953125,7.083978271484375,1.3737548828125001,2.4040268456376124,0.8380127279241316
8.25126220703125,7.767230224609374,1.3737548828125001,3.255033557047134,0.8814867660066261
8.25126220703125,7.083978271484375,8.8132568359375,3.503355704698177,0.9497744961434706
6.18302001953125,7.767230224609374,8.8132568359375,2.69530201342289,0.9412036707916795
5.75376220703125,4.585228271484374,8.7987548828125,2.4093959731543917,0.8947910800893433
3.68552001953125,4.585228271484374,8.7987548828125,1.5865771812080303,0.8492836973410689
5.75376220703125,5.268480224609374,8.7987548828125,2.445637583892652,0.908282581362621
5.75376220703125,4.585228271484374,6.3382568359375,2.3785234899329106,0.883159893506329
3.68552001953125,5.268480224609374,6.3382568359375,1.5959731543623925,0.8541945646678
0.7587622070312501,9.582728271484376,3.8487548828125004,0.5288590604026802,0.7439061369628981
8.68052001953125,9.582728271484376,3.8487548828125004,3.6657718120807514,0.9495844815562642
0.7587622070312501,0.270980224609375,3.8487548828125004,0.36510067114093814,0.04648721536898692
0.7587622070312501,9.582728271484376,1.3882568359375,0.46577181208053364,0.6317697144120041
8.68052001953125,0.270980224609375,1.3882568359375,0.3812080536912734,0.04157451370846353
1.0709497070312501,4.8975720214843745,5.3956298828125,0.5382550335570424,0.6244446643792347
1.50020751953125,4.8975720214843745,5.3956298828125,0.6993288590603952,0.6915249153887895
1.0709497070312501,9.953636474609375,5.3956298828125,0.6738255033556977,0.8149742408683724
1.0709497070312501,4.8975720214843745,9.1226318359375,0.5731543624161022,0.6760696485157212
1.50020751953125,9.953636474609375,9.1226318359375,0.867114093959721,0.8707470587462709
6.06594970703125,9.895072021484374,0.44562988281250004,2.1355704697986466,0.754782221593608
6.49520751953125,9.895072021484374,0.44562988281250004,2.2912751677852468,0.763715877345162
6.06594970703125,4.956136474609375,0.44562988281250004,1.7530201342281615,0.6154589997088458
6.06594970703125,9.895072021484374,4.1726318359375,2.6402684563759022,0.9370823503697536
6.49520751953125,4.956136474609375,4.1726318359375,2.6442953020134867,0.8844711941059888
8.56344970703125,2.3988220214843747,7.8706298828125,3.2577181208055235,0.8540401655428387
3.9977075195312497,2.3988220214843747,7.8706298828125,1.4429530201342073,0.7213184915607266
8.56344970703125,2.4573864746093745,7.8706298828125,3.269798657718277,0.8572397627882595
8.56344970703125,2.3988220214843747,1.6976318359375002,2.712751677852423,0.708152588158508
3.9977075195312497,2.4573864746093745,1.6976318359375002,1.0563758389261606,0.5149236212330693
3.5684497070312498,7.396322021484374,2.9206298828125004,1.5476510067113867,0.8490516786430792
8.99270751953125,7.396322021484374,2.9206298828125004,3.699328859060622,0.9281416581118327
3.5684497070312498,7.454886474609374,2.9206298828125004,1.5489932885905813,0.8498249471926909
3.5684497070312498,7.396322021484374,6.6476318359375,1.6295302013422577,0.8947885215235875
8.99270751953125,7.454886474609374,6.6476318359375,3.7906040268458705,0.9513172039212006
4.81719970703125,1.1494470214843748,1.6831298828125,0.6604026845637516,0.24562932914815314
7.74395751953125,1.1494470214843748,1.6831298828125,1.5369127516778298,0.4268729669484182
4.81719970703125,6.2055114746093745,1.6831298828125,1.8724832214764815,0.8055928217233469
4.81719970703125,1.1494470214843748,7.8851318359375,1.2067114093959566,0.5032865874236924
7.74395751953125,6.2055114746093745,7.8851318359375,3.268456375839082,0.9374801721735966
9.81219970703125,6.146947021484374,6.6331298828125,4.076510067114369,0.9454974123952964
2.74895751953125,6.146947021484374,6.6331298828125,1.2644295302013246,0.8459330758863548
9.81219970703125,1.2080114746093749,6.6331298828125,3.158389261745106,0.7309962532439254
9.81219970703125,6.146947021484374,2.9351318359375003,3.9718120805371724,0.9209049912428517
2.74895751953125,1.2080114746093749,2.9351318359375003,0.40939597315436016,0.18212042082707472
7.31469970703125,3.6481970214843744,4.1581298828125,2.8496644295302955,0.8590158311463297
5.2464575195312495,3.6481970214843744,4.1581298828125,2.029530201342255,0.8139836691726305
7.31469970703125,3.7067614746093747,4.1581298828125,2.8563758389262697,0.8610624207475348
7.31469970703125,3.6481970214843744,0.46013183593750007,1.9503355704697687,0.5811915588486685
5.2464575195312495,3.7067614746093747,0.46013183593750007,1.3100671140939413,0.5144574460002292
2.31969970703125,8.645697021484375,9.1081298828125,1.174496644295286,0.8879528772639689
0.25145751953125,8.645697021484375,9.1081298828125,0.3946308724832195,0.7059533462764571
2.31969970703125,8.704261474609375,9.1081298828125,1.1758389261744806,0.8889524503018046
2.31969970703125,8.645697021484375,5.4101318359374995,1.1463087248321993,0.8662806334021509
0.25145751953125,8.704261474609375,5.4101318359374995,0.38926174496644106,0.6858019867596769
1.69532470703125,1.7741345214843747,4.7768798828125,0.4120805369127494,0.2690711365879202
3.37333251953125,1.7741345214843747,4.7768798828125,0.9140939597315323,0.5025612508020177
1.69532470703125,4.3314489746093745,4.7768798828125,0.7248322147650927,0.6624552780934788
1.69532470703125,1.7741345214843747,7.2663818359375,0.42684563758389005,0.2902511069562466
3.37333251953125,4.3314489746093745,7.2663818359375,1.4281879194630667,0.8186879581787263
6.69032470703125,6.7716345214843745,9.7268798828125,2.8791946308725818,0.9390617496898137
8.36833251953125,6.7716345214843745,9.7268798828125,3.5476510067116065,0.949764912103271
6.69032470703125,9.328948974609375,9.7268798828125,2.9288590604027904,0.9552968785154731
6.69032470703125,6.7716345214843745,2.3163818359375004,2.719463087248397,0.8862624970235533
8.36833251953125,9.328948974609375,2.3163818359375004,3.473825503355891,0.9296163339703409
9.18782470703125,4.272884521484374,2.3018798828125,3.5154362416109306,0.8645345100071166
0.8758325195312501,4.272884521484374,2.3018798828125,0.40805369127516555,0.4497955512274515
9.18782470703125,6.830198974609375,2.3018798828125,3.7100671140941808,0.912820883197011
9.18782470703125,4.272884521484374,4.7913818359375,3.684563758389479,0.9067562780627305
0.8758325195312501,6.830198974609375,4.7913818359375,0.5302013422818748,0.6914915112151223
4.19282470703125,9.270384521484376,7.2518798828125,1.9208053691274873,0.9279311895178592
5.87083251953125,9.270384521484376,7.2518798828125,2.587919463087304,0.9447738407841413
4.19282470703125,1.8326989746093747,7.2518798828125,1.3422818791946118,0.6414250989808841
4.19282470703125,9.270384521484376,9.7413818359375,1.9328859060402388,0.93387395556183
5.87083251953125,1.8326989746093747,9.7413818359375,2.0577181208053466,0.7497635972057735
2.94407470703125,3.0235095214843746,8.4893798828125,1.1463087248321993,0.7255844933418543
7.11958251953125,3.0235095214843746,8.4893798828125,2.805369127516866,0.8663935600716137
2.94407470703125,0.5833239746093749,8.4893798828125,0.39060402684563567,0.10470212333511897
2.94407470703125,3.0235095214843746,6.0288818359375,1.1020134228187772,0.6956517002037408
7.11958251953125,0.5833239746093749,6.0288818359375,0.9879194630872357,0.2739171613923139
7.93907470703125,8.021009521484375,3.5393798828125003,3.3275167785236546,0.9333702321345315
2.1245825195312498,8.021009521484375,3.5393798828125003,1.0187919463087116,0.8168814099821144
7.93907470703125,5.580823974609374,3.5393798828125003,3.229530201342432,0.9057467836069731
7.93907470703125,8.021009521484375,1.0788818359375,3.067114093959858,0.8592505685018423
2.1245825195312498,5.580823974609374,1.0788818359375,0.734228187919455,0.571281466884439
5.44157470703125,0.524759521484375,6.0143798828124995,0.4174496644295278,0.09670856407834023
9.61708251953125,0.524759521484375,6.0143798828124995,1.6577181208053444,0.37430342565341934
5.44157470703125,8.079573974609374,6.0143798828124995,2.38389261744969,0.9282292048363059
5.44157470703125,0.524759521484375,3.5538818359375,0.4026845637583871,0.08805685075139069
9.61708251953125,8.079573974609374,3.5538818359375,3.9959731543626793,0.9437223644001033
0.44657470703125,5.522259521484375,1.0643798828125002,0.3785234899328842,0.49187190506119033
4.62208251953125,5.522259521484375,1.0643798828125002,1.6053691275167548,0.7119012733971216
0.44657470703125,3.082073974609375,1.0643798828125002,0.37046979865771656,0.3548980579013249
0.44657470703125,5.522259521484375,8.5038818359375,0.4026845637583871,0.5885515895354454
4.62208251953125,3.082073974609375,8.5038818359375,1.8201342281878918,0.811526217936332
0.60266845703125,2.554993896484375,2.7659423828125003,0.3771812080536896,0.3311408453989025
0.09536376953125,2.554993896484375,2.7659423828125003,0.36510067114093814,0.3349116730215248
0.60266845703125,5.736995849609374,2.7659423828125003,0.40402684563758173,0.5422205222130692
0.60266845703125,2.554993896484375,9.8960693359375,0.38657718120805185,0.3628804429736573
0.09536376953125,5.736995849609374,9.8960693359375,0.37046979865771656,0.5827052333804568
5.59766845703125,7.552493896484374,7.7159423828125,2.4510067114094314,0.9318087631177194
5.09036376953125,7.552493896484374,7.7159423828125,2.2483221476510122,0.9260032161755427
5.59766845703125,0.739495849609375,7.7159423828125,0.9449664429530082,0.3260726096780391
5.59766845703125,7.552493896484374,4.9460693359375,2.4187919463087555,0.9194084864399431
5.09036376953125,0.739495849609375,4.9460693359375,0.614765100671135,0.20390484639661294
8.09516845703125,0.05624389648437499,0.2909423828125,0.36510067114093814,0.009040262110059838
2.5928637695312498,0.05624389648437499,0.2909423828125,0.36375838926174353,0.009249302448447568
8.09516845703125,3.2382458496093744,0.2909423828125,1.9261744966442658,0.5227994550775438
8.09516845703125,0.05624389648437499,2.4710693359375,0.36644295302013274,0.009699903837137893
2.5928637695312498,3.2382458496093744,2.4710693359375,0.8335570469798559,0.5650140596145586
3.1001684570312498,5.053743896484375,5.2409423828124995,1.331543624161055,0.8138568534353163
7.58786376953125,5.053743896484375,5.2409423828124995,3.1167785234900665,0.9100253224805107
3.1001684570312498,8.235745849609375,5.2409423828124995,1.4456375838925966,0.8844516222932146
3.1001684570312498,5.053743896484375,7.4210693359375,1.3664429530201148,0.8357143195234642
7.58786376953125,8.235745849609375,7.4210693359375,3.255033557047134,0.9506277632078557
4.34891845703125,1.305618896484375,8.9534423828125,1.1798657718120644,0.5379757706276345
8.83661376953125,1.305618896484375,8.9534423828125,2.9449664429531284,0.7496738228186657
4.34891845703125,9.485120849609375,8.9534423828125,1.9959731543623853,0.9361358905683919
4.34891845703125,1.305618896484375,8.6585693359375,1.1731543624160914,0.5345169371987932
8.83661376953125,9.485120849609375,8.6585693359375,3.785234899329091,0.9640945973198216
9.34391845703125,6.303118896484374,4.0034423828125,3.841610738255274,0.9312102009980561
3.84161376953125,6.303118896484374,4.0034423828125,1.6563758389261498,0.8576734244559346
9.34391845703125,4.487620849609375,4.0034423828125,3.7342281879196877,0.9050337032516287
9.34391845703125,6.303118896484374,3.7085693359375003,3.83221476510091,0.9288796025175727
3.84161376953125,4.487620849609375,3.7085693359375003,1.5369127516778298,0.7948627342947258
6.84641845703125,3.8043688964843745,6.4784423828125,2.753020134228268,0.87978960739327
6.33911376953125,3.8043688964843745,6.4784423828125,2.5516778523490435,0.8717929556552197
6.84641845703125,1.9888708496093748,6.4784423828125,2.4201342281879503,0.7724506756295861
6.84641845703125,3.8043688964843745,1.2335693359375002,2.273825503355714,0.723429670618634
6.33911376953125,1.9888708496093748,1.2335693359375002,1.5369127516778298,0.5146123249963086
1.85141845703125,8.801868896484375,1.5284423828125002,0.8281879194630775,0.722155586635971
1.34411376953125,8.801868896484375,1.5284423828125002,0.645637583892611,0.678313997705183
1.85141845703125,6.986370849609374,1.5284423828125002,0.7664429530201256,0.6634955280402197
1.85141845703125,8.801868896484375,6.1835693359374995,0.9718120805369004,0.8550993743939925
1.34411376953125,6.986370849609374,6.1835693359374995,0.7302013422818712,0.7787116361549882
2.4757934570312496,0.680931396484375,7.0971923828125,0.38791946308724645,0.11861682941377091
4.46598876953125,0.680931396484375,7.0971923828125,0.4389261744966415,0.1322976854062019
2.4757934570312496,0.114808349609375,7.0971923828125,0.36644295302013274,0.020570674849441622
2.4757934570312496,0.680931396484375,6.8023193359375,0.38791946308724645,0.11840290548596062
4.46598876953125,0.114808349609375,6.8023193359375,0.36912751677852196,0.020639926867520666
7.47079345703125,5.678431396484375,2.1471923828125004,2.946308724832323,0.8715284619415229
9.46098876953125,5.678431396484375,2.1471923828125004,3.7342281879196877,0.8945947240097201
7.47079345703125,5.112308349609375,2.1471923828125004,2.902013422818894,0.8582839880360233
7.47079345703125,5.678431396484375,1.8523193359375,2.9060402684564783,0.8594046927494858
9.46098876953125,5.112308349609375,1.8523193359375,3.644295302013634,0.8727653818298549
9.96829345703125,3.1796813964843746,9.5721923828125,3.974496644295562,0.908721301530923
1.96848876953125,3.1796813964843746,9.5721923828125,0.7946308724832123,0.6599409859365151
9.96829345703125,7.611058349609374,9.5721923828125,4.206711409396267,0.961255190027996
9.96829345703125,3.1796813964843746,4.3273193359375,3.8469798657720533,0.8791526450475369
1.96848876953125,7.611058349609374,4.3273193359375,0.966442953020122,0.815713004150732
4.97329345703125,8.177181396484375,4.6221923828125,2.179865771812076,0.9152313279441038
6.96348876953125,8.177181396484375,4.6221923828125,2.97046979865783,0.9354407675874656
4.97329345703125,2.6135583496093746,4.6221923828125,1.7744966442952752,0.7429116278837804
4.97329345703125,8.177181396484375,9.2773193359375,2.2241610738255053,0.9340750757434042
6.96348876953125,2.6135583496093746,9.2773193359375,2.688590604026916,0.84655296873055
3.72454345703125,4.429056396484374,0.9096923828125,1.1248322147650855,0.5865753115805845
5.71473876953125,4.429056396484374,0.9096923828125,1.822818791946281,0.6758903615522854
3.72454345703125,3.8629333496093747,0.9096923828125,1.0523489932885768,0.5455261655231858
3.72454345703125,4.429056396484374,5.5648193359375,1.546308724832192,0.8203062763285649
5.71473876953125,3.8629333496093747,5.5648193359375,2.288590604026857,0.8544667843888839
8.71954345703125,9.426556396484376,5.8596923828125,3.7127516778525704,0.9579776961223199
0.71973876953125,9.426556396484376,5.8596923828125,0.5342281879194586,0.7724578715329607
8.71954345703125,8.860433349609375,5.8596923828125,3.7033557046982066,0.9555383366514285
8.71954345703125,9.426556396484376,0.6148193359375,3.2268456375840424,0.8308090238487498
0.71973876953125,8.860433349609375,0.6148193359375,0.413422818791944,0.5403118349841514
6.2220434570312495,1.9303063964843747,3.3846923828125,1.9516778523489633,0.673668491078473
8.21223876953125,1.9303063964843747,3.3846923828125,2.727516778523566,0.7404611176531191
6.2220434570312495,6.3616833496093745,3.3846923828125,2.5812080536913298,0.8960188368304536
6.2220434570312495,1.9303063964843747,3.0898193359375004,1.9140939597315143,0.660124342507322
8.21223876953125,6.3616833496093745,3.0898193359375004,3.357046979865941,0.9135591725597311
1.22704345703125,6.927806396484375,8.3346923828125,0.7006711409395898,0.7868800090204834
3.21723876953125,6.927806396484375,8.3346923828125,1.4912751677852132,0.8871876302498709
1.22704345703125,1.3641833496093747,8.3346923828125,0.38926174496644106,0.22170380850942503
1.22704345703125,6.927806396484375,8.0398193359375,0.6979865771812006,0.7837334782260004
3.21723876953125,1.3641833496093747,8.0398193359375,0.7677852348993202,0.41966204554892644
0.91485595703125,2.2426501464843747,2.4565673828125,0.3812080536912734,0.2942659375381613
6.65130126953125,2.2426501464843747,2.4565673828125,2.10872483221475,0.6874540427536711
0.91485595703125,8.548089599609375,2.4565673828125,0.5369127516778478,0.6862495378703377
0.91485595703125,2.2426501464843747,0.3054443359375,0.37181208053691117,0.25432136083985346
6.65130126953125,8.548089599609375,0.3054443359375,2.157046979865764,0.7028026526750626
5.90985595703125,7.240150146484375,7.4065673828125,2.565100671140992,0.9310937962381384
1.65630126953125,7.240150146484375,7.4065673828125,0.8711409395973049,0.8223078901160095
5.90985595703125,3.5505895996093746,7.4065673828125,2.3718120805369365,0.8607125853448666
5.90985595703125,7.240150146484375,5.2554443359375,2.53959731543629,0.9217176934492378
1.65630126953125,3.5505895996093746,5.2554443359375,0.6550335570469732,0.5961099381540949
8.40735595703125,4.7414001464843745,4.9315673828125,3.4147651006713184,0.9101251621919151
9.14880126953125,4.7414001464843745,4.9315673828125,3.708724832214986,0.9162754322151074
8.40735595703125,1.0518395996093748,4.9315673828125,2.311409395973169,0.6108611344970102
8.40735595703125,4.7414001464843745,7.7304443359375,3.465771812080722,0.9239010059467944
9.14880126953125,1.0518395996093748,7.7304443359375,2.7892617449665282,0.6867575739357743
3.41235595703125,9.738900146484376,9.8815673828125,1.6295302013422577,0.9266732383857439
4.15380126953125,9.738900146484376,9.8815673828125,1.9248322147650712,0.9370175729581316
3.41235595703125,6.049339599609374,9.8815673828125,1.5516778523489705,0.8823107851894079
3.41235595703125,9.738900146484376,2.7804443359375,1.5422818791946082,0.8763785950457835
4.15380126953125,6.049339599609374,2.7804443359375,1.7127516778523233,0.8326048301882891
4.66110595703125,3.492025146484375,6.1690673828125,1.8442953020133948,0.8165291850513503
2.90505126953125,3.492025146484375,6.1690673828125,1.150335570469783,0.7357804184245456
4.66110595703125,7.298714599609374,6.1690673828125,2.0563758389261517,0.9111148766735724
4.66110595703125,3.492025146484375,1.5429443359375001,1.4899328859060186,0.654086925799897
2.90505126953125,7.298714599609374,1.5429443359375001,1.1704697986577022,0.7481906507079581
9.65610595703125,8.489525146484375,1.2190673828125,3.8067114093962084,0.8950466262704868
7.90005126953125,8.489525146484375,1.2190673828125,3.1154362416108716,0.8768819895101855
9.65610595703125,2.301214599609375,1.2190673828125,2.869798657718218,0.6713349681859616
9.65610595703125,8.489525146484375,6.4929443359375,4.075167785235174,0.9590683844921188
7.90005126953125,2.301214599609375,6.4929443359375,2.9342281879195697,0.8263132275506815
7.15860595703125,0.993275146484375,8.6440673828125,1.9758389261744662,0.6009348852388549
0.40755126953125004,0.993275146484375,8.6440673828125,0.36912751677852196,0.16264788971977034
7.15860595703125,4.799964599609375,8.6440673828125,2.9812080536913887,0.916435150777797
7.15860595703125,0.993275146484375,8.9679443359375,1.986577181208023,0.6044204189976025
0.40755126953125004,4.799964599609375,8.9679443359375,0.3932885906040249,0.5440325475810175
2.16360595703125,5.990775146484374,3.6940673828125004,0.9691275167785112,0.7656876179643088
5.40255126953125,5.990775146484374,3.6940673828125004,2.251006711409402,0.881415747891325
2.16360595703125,9.797464599609375,3.6940673828125004,1.0778523489932743,0.8543529820599192
2.16360595703125,5.990775146484374,4.0179443359375,0.979865771812068,0.7745966940981951
5.40255126953125,9.797464599609375,4.0179443359375,2.3718120805369365,0.929026832085527
1.5392309570312501,4.116712646484374,8.025317382812501,0.6993288590603952,0.6790754233207873
8.52442626953125,4.116712646484374,8.025317382812501,3.472483221476696,0.9143169259626318
1.5392309570312501,2.9259020996093748,8.025317382812501,0.5852348993288536,0.539849971531929
1.5392309570312501,4.116712646484374,3.3991943359375,0.6107382550335512,0.5774467387024181
8.52442626953125,2.9259020996093748,3.3991943359375,3.1624161073826906,0.8318186381642183
6.53423095703125,9.114212646484376,3.0753173828125,2.7798657718121644,0.9251438594024792
3.5294262695312497,9.114212646484376,3.0753173828125,1.5865771812080303,0.8782987554918789
6.53423095703125,7.923402099609374,3.0753173828125,2.7489932885906834,0.9147915410570853
6.53423095703125,9.114212646484376,8.3491943359375,2.8577181208054645,0.9513658980306977
3.5294262695312497,7.923402099609374,8.3491943359375,1.63892617449662,0.9078377200366642
9.03173095703125,1.6179626464843748,5.5503173828125,3.080536912751806,0.768939957511599
6.02692626953125,1.6179626464843748,5.5503173828125,1.8966442953019844,0.6730170038266454
9.03173095703125,5.424652099609374,5.5503173828125,3.716778523490155,0.9290771118619848
9.03173095703125,1.6179626464843748,5.8741943359375,3.0993288590605337,0.7737310037651406
6.02692626953125,5.424652099609374,5.8741943359375,2.5275167785235366,0.9020247927615359
4.03673095703125,6.615462646484374,0.6003173828125,1.314093959731525,0.6471994660704512
1.03192626953125,6.615462646484374,0.6003173828125,0.43087248322147387,0.47025778479141694
4.03673095703125,0.42715209960937495,0.6003173828125,0.37181208053691117,0.06188974250561351
4.03673095703125,6.615462646484374,0.9241943359375,1.4308724832214559,0.7077920309115747
1.03192626953125,0.42715209960937495,0.9241943359375,0.36510067114093814,0.06767958337872476
2.78798095703125,0.368587646484375,4.3128173828125,0.3744966442953004,0.06335804647124599
2.28067626953125,0.368587646484375,4.3128173828125,0.37181208053691117,0.06309409303064703
2.78798095703125,1.6765270996093748,4.3128173828125,0.645637583892611,0.38265250574012266
2.78798095703125,0.368587646484375,4.6366943359374995,0.3744966442953004,0.06355570291642255
2.28067626953125,1.6765270996093748,4.6366943359374995,0.495302013422815,0.3073450532772536
7.78298095703125,5.366087646484375,9.2628173828125,3.263087248322303,0.9317922246542458
7.27567626953125,5.366087646484375,9.2628173828125,3.0604026845638836,0.9275156552804222
7.78298095703125,6.674027099609375,9.2628173828125,3.308724832214927,0.9448539420940447
7.78298095703125,5.366087646484375,9.5866943359375,3.2644295302014976,0.9322036564104483
7.27567626953125,6.674027099609375,9.5866943359375,3.1087248322148975,0.9421821047110419
5.2854809570312495,2.8673376464843745,1.8378173828125002,1.6577181208053444,0.655988925877073
4.77817626953125,2.8673376464843745,1.8378173828125002,1.4684563758389049,0.6305604406003983
5.2854809570312495,9.172777099609375,1.8378173828125002,2.2080536912751674,0.8803806011016453
5.2854809570312495,2.8673376464843745,7.1116943359375,2.0281879194630603,0.8086923184031996
4.77817626953125,9.172777099609375,7.1116943359375,2.1503355704697897,0.9335470539090505
0.29048095703125004,7.864837646484374,6.7878173828124995,0.3946308724832195,0.6728984021314284
9.77317626953125,7.864837646484374,6.7878173828124995,4.111409395973435,0.9570876794712934
0.29048095703125004,4.175277099609374,6.7878173828124995,0.3785234899328842,0.48712260864318646
0.29048095703125004,7.864837646484374,2.1616943359375003,0.3812080536912734,0.6167733306904865
9.77317626953125,4.175277099609374,2.1616943359375003,3.7140939597317653,0.8637032237949855
0.21243408203125003,3.8824548339843745,1.4510986328125002,0.36778523489932735,0.4286314913916036
3.4513793945312496,3.8824548339843745,1.4510986328125002,1.0939597315436096,0.6064042172079641
0.21243408203125003,0.6614099121093749,1.4510986328125002,0.36375838926174353,0.10467590549033812
0.21243408203125003,3.8824548339843745,3.9406005859375,0.37046979865771656,0.4499373323180219
3.4513793945312496,0.6614099121093749,3.9406005859375,0.3919463087248303,0.10989214275020542
5.2074340820312495,8.879954833984375,6.4010986328124995,2.311409395973169,0.9339832518223369
8.44637939453125,8.879954833984375,6.4010986328124995,3.600000000000205,0.9557723806152563
5.2074340820312495,5.658909912109374,6.4010986328124995,2.2214765100671157,0.8975225234969215
5.2074340820312495,8.879954833984375,8.8906005859375,2.327516778523507,0.9405979210283253
8.44637939453125,5.658909912109374,8.8906005859375,3.536912751678048,0.9390300206535886
7.70493408203125,1.3837048339843747,3.9260986328125003,2.26442953020135,0.6480403961327225
0.95387939453125,1.3837048339843747,3.9260986328125003,0.3771812080536896,0.2097061062937413
7.70493408203125,8.157659912109375,3.9260986328125003,3.2496644295303545,0.9361037073572347
7.70493408203125,1.3837048339843747,6.4156005859375,2.4577181208054055,0.7057038987113073
0.95387939453125,8.157659912109375,6.4156005859375,0.608053691275162,0.776282248927687
2.70993408203125,6.381204833984374,8.8760986328125,1.276510067114076,0.8632974939845939
5.94887939453125,6.381204833984374,8.8760986328125,2.5664429530201867,0.9264036642790432
2.70993408203125,3.160159912109375,8.8760986328125,1.0765100671140797,0.7240729297907154
2.70993408203125,6.381204833984374,1.4656005859375,1.04161073825502,0.6981619245660775
5.94887939453125,3.160159912109375,1.4656005859375,1.8805369127516491,0.6740207888147713
3.9586840820312497,0.134329833984375,5.1635986328125,0.36912751677852196,0.02383682309953125
7.1976293945312495,0.134329833984375,5.1635986328125,0.3744966442953004,0.02401701373680412
3.9586840820312497,4.4095349121093745,5.1635986328125,1.628187919463063,0.8229315946097371
3.9586840820312497,0.134329833984375,2.7031005859375004,0.36778523489932735,0.023095891755591236
7.1976293945312495,4.4095349121093745,2.7031005859375004,2.7892617449665282,0.8525135017724873
8.95368408203125,5.131829833984375,0.21359863281250002,2.4885906040268866,0.62159619301165
2.20262939453125,5.131829833984375,0.21359863281250002,0.5570469798657669,0.39722521495916063
8.95368408203125,9.407034912109376,0.21359863281250002,2.9046979865772835,0.7284791543879101
8.95368408203125,5.131829833984375,7.6531005859375,3.7033557046982066,0.9330568296648043
2.20262939453125,9.407034912109376,7.6531005859375,1.1328859060402532,0.8877592534456678
6.45618408203125,2.633079833984375,7.6385986328125,2.463087248322185,0.8281098595766383
9.69512939453125,2.633079833984375,7.6385986328125,3.7516778523492205,0.8795389003909048
6.45618408203125,6.908284912109375,7.6385986328125,2.77583892617458,0.9337342333701732
6.45618408203125,2.633079833984375,5.1781005859375,2.390604026845664,0.8032486474518061
9.69512939453125,6.908284912109375,5.1781005859375,4.0335570469801345,0.9457296638444292
1.46118408203125,7.630579833984374,2.6885986328125,0.7208053691275089,0.7279233548945205
4.70012939453125,7.630579833984374,2.6885986328125,1.9919463087248015,0.8759591648051592
1.46118408203125,1.9107849121093747,2.6885986328125,0.3932885906040249,0.2604729033996586
1.46118408203125,7.630579833984374,0.22810058593750002,0.5006711409395934,0.46735082071882383
4.70012939453125,1.9107849121093747,0.22810058593750002,0.6026845637583835,0.23018544147474868
2.0855590820312497,2.0083923339843746,8.2573486328125,0.6161073825503296,0.45450206248554514
1.57825439453125,2.0083923339843746,8.2573486328125,0.44429530201341993,0.3362069939042188
2.0855590820312497,5.034222412109375,8.2573486328125,0.9704697986577058,0.7876323645636301
2.0855590820312497,2.0083923339843746,2.0843505859375,0.42684563758389005,0.2661473678274129
1.57825439453125,5.034222412109375,2.0843505859375,0.6228187919463026,0.5830477748258449
7.08055908203125,7.005892333984375,3.3073486328125004,2.9449664429531284,0.9137375858929829
6.57325439453125,7.005892333984375,3.3073486328125004,2.743624161073904,0.9082818656907738
7.08055908203125,0.036722412109375,3.3073486328125004,0.36510067114093814,0.006432156107484151
7.08055908203125,7.005892333984375,7.0343505859375,3.0214765100672336,0.9377890983224495
6.57325439453125,0.036722412109375,7.0343505859375,0.36644295302013274,0.006652337330913012
9.57805908203125,4.507142333984374,5.7823486328125,3.8845637583895085,0.9208211273361235
4.07575439453125,4.507142333984374,5.7823486328125,1.6953020134227934,0.8373619988676713
9.57805908203125,2.5354724121093746,5.7823486328125,3.6335570469800755,0.8610666373024431
9.57805908203125,4.507142333984374,9.5093505859375,3.935570469798912,0.9330536159326602
4.07575439453125,2.5354724121093746,9.5093505859375,1.5288590604026622,0.7538340351839615
4.58305908203125,9.504642333984375,0.8323486328125,1.7530201342281615,0.784966359133684
9.07075439453125,9.504642333984375,0.8323486328125,3.489932885906229,0.867824801854554
4.58305908203125,7.532972412109374,0.8323486328125,1.659060402684539,0.7417295897586802
4.58305908203125,9.504642333984375,4.5593505859375,2.0510067114093724,0.9213757572863592
9.07075439453125,7.532972412109374,4.5593505859375,3.7906040268458705,0.9438678160768859
3.33430908203125,3.2577673339843747,4.5448486328125,1.2416107382550163,0.7146482740094589
7.82200439453125,3.2577673339843747,4.5448486328125,3.017449664429649,0.8572895568812076
3.33430908203125,8.782347412109376,4.5448486328125,1.539597315436219,0.8909706018779188
3.33430908203125,3.2577673339843747,0.8468505859375,0.822818791946299,0.4539480780900293
7.82200439453125,8.782347412109376,0.8468505859375,2.9744966442954146,0.8440544997048928
8.32930908203125,8.255267333984374,9.4948486328125,3.5637583892619444,0.9580796391770358
2.82700439453125,8.255267333984374,9.4948486328125,1.3718120805368932,0.8995144844094187
8.32930908203125,3.7848474121093747,9.4948486328125,3.3838926174498374,0.9096617477318976
8.32930908203125,8.255267333984374,5.7968505859374995,3.534228187919658,0.9500636511178759
2.82700439453125,3.7848474121093747,5.7968505859374995,1.1409395973154208,0.7450713865853583
5.83180908203125,0.759017333984375,2.0698486328125,0.5154362416107341,0.1443695446243691
5.32450439453125,0.759017333984375,2.0698486328125,0.42818791946308465,0.11666640968100443
5.83180908203125,1.286097412109375,2.0698486328125,1.1691275167785076,0.41017405548451774
5.83180908203125,0.759017333984375,8.2718505859375,1.0912751677852204,0.3736513085515848
5.32450439453125,1.286097412109375,8.2718505859375,1.526174496644273,0.5968152942172138
0.83680908203125,5.756517333984374,7.0198486328125,0.5060402684563718,0.6652044249184839
0.32950439453125,5.756517333984374,7.0198486328125,0.38926174496644106,0.5866300121708179
0.83680908203125,6.2835974121093745,7.0198486328125,0.5221476510067071,0.6944780807212974
0.83680908203125,5.756517333984374,3.3218505859375003,0.4604026845637552,0.5834501699080824
0.32950439453125,6.2835974121093745,3.3218505859375003,0.38389261744966263,0.5794055989707222
1.14899658203125,1.0713610839843748,3.6167236328125,0.375838926174495,0.16740581801455237
9.38294189453125,1.0713610839843748,3.6167236328125,2.53959731543629,0.6082249433217981
1.14899658203125,3.4725036621093746,3.6167236328125,0.4416107382550307,0.4395472110663168
1.14899658203125,1.0713610839843748,6.1062255859375,0.3785234899328842,0.17340772842730723
9.38294189453125,3.4725036621093746,6.1062255859375,3.7194630872485446,0.8981882520364846
6.14399658203125,6.068861083984374,8.5667236328125,2.6322147651007333,0.9241526873272412
4.38794189453125,6.068861083984374,8.5667236328125,1.9328859060402388,0.8999070718960946
6.14399658203125,8.470003662109375,8.5667236328125,2.6926174496645006,0.9453912403923088
6.14399658203125,6.068861083984374,1.1562255859375001,2.2604026845637657,0.7913774780696985
4.38794189453125,8.470003662109375,1.1562255859375001,1.7248322147650748,0.8008421669322185
8.64149658203125,3.570111083984375,1.1417236328125002,2.868456375839023,0.7432664923917233
6.88544189453125,3.570111083984375,1.1417236328125002,2.2053691275167777,0.697431239300497
8.64149658203125,5.971253662109374,1.1417236328125002,3.2187919463088734,0.8357358509770725
8.64149658203125,3.570111083984375,3.6312255859375,3.3369127516780184,0.867394272716967
6.88544189453125,5.971253662109374,3.6312255859375,2.8362416107383472,0.9017584124845771
3.64649658203125,8.567611083984374,6.0917236328125,1.6805369127516527,0.907316619310651
1.89044189453125,8.567611083984374,6.0917236328125,0.9825503355704572,0.852787506260056
3.64649658203125,0.973753662109375,6.0917236328125,0.5449664429530154,0.23182193532795953
3.64649658203125,8.567611083984374,8.5812255859375,1.6993288590603772,0.9175791030115823
1.89044189453125,0.973753662109375,8.5812255859375,0.3919463087248303,0.16653235123063068
4.89524658203125,4.8194860839843745,9.8042236328125,2.0899328859060224,0.8892472651595287
0.64169189453125,4.8194860839843745,9.8042236328125,0.42550335570469544,0.5709123994003948
4.89524658203125,2.223128662109375,9.8042236328125,1.7892617449664159,0.759960056984385
4.89524658203125,4.8194860839843745,7.3437255859374995,2.0671140939597104,0.8793975347249857
0.64169189453125,2.223128662109375,7.3437255859374995,0.382550335570468,0.32051883542979975
9.89024658203125,9.816986083984375,4.8542236328124995,4.170469798658007,0.9603616913447539
5.63669189453125,9.816986083984375,4.8542236328124995,2.479194630872523,0.9369149869987295
9.89024658203125,7.220628662109374,4.8542236328124995,4.114093959731824,0.9473236954998843
9.89024658203125,9.816986083984375,2.3937255859375,4.093959731543902,0.9425147580467914
5.63669189453125,7.220628662109374,2.3937255859375,2.327516778523507,0.87898953281731
7.39274658203125,2.3207360839843747,7.3292236328125,2.759731543624242,0.8242397409145291
3.13919189453125,2.3207360839843747,7.3292236328125,1.0778523489932743,0.6446121655563973
7.39274658203125,9.719378662109374,7.3292236328125,3.2013422818793407,0.9567076775408891
7.39274658203125,2.3207360839843747,4.8687255859375,2.6697986577181885,0.7968252744808038
3.13919189453125,9.719378662109374,4.8687255859375,1.4845637583892402,0.8997345022520956
2.39774658203125,7.318236083984375,2.3792236328125003,1.0536912751677714,0.7753034585545895
8.13419189453125,7.318236083984375,2.3792236328125003,3.3208053691276804,0.9113262262912073
2.39774658203125,4.721878662109375,2.3792236328125003,0.9140939597315323,0.6663629875523692
2.39774658203125,7.318236083984375,9.8187255859375,1.1825503355704536,0.8734323089860538
8.13419189453125,4.721878662109375,9.8187255859375,3.3744966442954736,0.926559388349252
1.7733715820312501,2.9454235839843745,6.7104736328125,0.6563758389261678,0.5663358540653145
5.01231689453125,2.9454235839843745,6.7104736328125,1.9234899328858766,0.8016604622309047
1.7733715820312501,7.845316162109374,6.7104736328125,0.9261744966442838,0.8376589946434149
1.7733715820312501,2.9454235839843745,7.9624755859375,0.6738255033556977,0.5850117887381504
5.01231689453125,7.845316162109374,7.9624755859375,2.2255033557047,0.9285251481575811
6.76837158203125,7.942923583984374,1.7604736328125001,2.7422818791947092,0.8845960901413098
0.01731689453125,7.942923583984374,1.7604736328125001,0.36375838926174353,0.635835670526657
6.76837158203125,2.8478161621093747,1.7604736328125001,2.194630872483219,0.7049865289349937
6.76837158203125,7.942923583984374,3.0124755859375,2.838926174496737,0.9162513426699501
0.01731689453125,2.8478161621093747,3.0124755859375,0.36375838926174353,0.36388204267303537
9.26587158203125,0.44667358398437496,9.1854736328125,1.393288590604007,0.31771051556013014
7.50981689453125,0.44667358398437496,9.1854736328125,0.7610738255033471,0.18447482757426648
9.26587158203125,0.34906616210937497,9.1854736328125,0.7436241610738172,0.1453375227832457
9.26587158203125,0.44667358398437496,0.5374755859375,0.39060402684563567,0.055552137589253515
7.50981689453125,0.34906616210937497,0.5374755859375,0.3771812080536896,0.04787787878912238
4.2708715820312495,5.444173583984375,4.2354736328125,1.791946308724805,0.8522698321604107
2.5148168945312497,5.444173583984375,4.2354736328125,1.0966442953019988,0.780821375008184
4.2708715820312495,5.346566162109374,4.2354736328125,1.7865771812080267,0.8496881236375354
4.2708715820312495,5.444173583984375,5.4874755859375,1.822818791946281,0.867223286330341
2.5148168945312497,5.346566162109374,5.4874755859375,1.1208053691275017,0.7987883627571644
3.0221215820312497,1.6960485839843749,0.5229736328125,0.4026845637583871,0.17910693071604203
3.76356689453125,1.6960485839843749,0.5229736328125,0.4590604026845606,0.19099473751840673
3.0221215820312497,6.595941162109375,0.5229736328125,0.9516778523489813,0.5806928479077469
3.0221215820312497,1.6960485839843749,9.1999755859375,0.8791946308724725,0.5253917115611126
3.76356689453125,6.595941162109375,9.1999755859375,1.7046979865771557,0.8978202632007495
8.01712158203125,6.6935485839843745,5.4729736328125,3.363758389261915,0.9354975992036485
8.75856689453125,6.6935485839843745,5.4729736328125,3.6590604026847773,0.9402875927929589
8.01712158203125,1.5984411621093748,5.4729736328125,2.664429530201409,0.7393350220499604
8.01712158203125,6.6935485839843745,4.2499755859374995,3.338255033557213,0.9282920866439212
8.75856689453125,1.5984411621093748,4.2499755859374995,2.863087248322244,0.7338256755153771
5.51962158203125,4.194798583984374,2.9979736328125,2.1288590604026725,0.8178486013629944
1.26606689453125,4.194798583984374,2.9979736328125,0.5114093959731503,0.5225949289626525
5.51962158203125,4.097191162109374,2.9979736328125,2.118120805369114,0.8136650342264208
5.51962158203125,4.194798583984374,1.7749755859375,1.9744966442952716,0.7570312312867608
1.26606689453125,4.097191162109374,1.7749755859375,0.4536912751677822,0.4398708215994606
0.52462158203125,9.192298583984375,7.9479736328125,0.46845637583892286,0.7563588836008698
6.2610668945312495,9.192298583984375,7.9479736328125,2.7476510067114885,0.9491463887468827
0.52462158203125,9.094691162109376,7.9479736328125,0.46711409395972825,0.7534259013825648
0.52462158203125,9.192298583984375,6.7249755859375,0.46308724832214443,0.744824895529737
6.2610668945312495,9.094691162109376,6.7249755859375,2.73691275167793,0.9454113434849495
0.36852783203125,1.5398767089843748,5.9370361328125,0.36912751677852196,0.23239878869098812
8.29028564453125,1.5398767089843748,5.9370361328125,2.7651006711410213,0.7448972926529236
0.36852783203125,2.066956787109375,5.9370361328125,0.37181208053691117,0.2955155658397447
0.36852783203125,1.5398767089843748,5.6421630859375,0.36912751677852196,0.23199268648171759
8.29028564453125,2.066956787109375,5.6421630859375,2.986577181208168,0.8054434957218799
5.36352783203125,6.537376708984374,0.9870361328125,1.942281879194601,0.7626437926438526
3.29528564453125,6.537376708984374,0.9870361328125,1.174496644295286,0.6793946732718498
5.36352783203125,7.064456787109374,0.9870361328125,1.9785234899328554,0.7772380581719021
5.36352783203125,6.537376708984374,0.6921630859375,1.8201342281878918,0.7131778225784187
3.29528564453125,7.064456787109374,0.6921630859375,1.123489932885891,0.6479122910550418
7.86102783203125,4.038626708984374,8.4120361328125,3.20671140939612,0.9075767797997101
5.79278564453125,4.038626708984374,8.4120361328125,2.38389261744969,0.8801483368713614
7.86102783203125,9.563206787109374,8.4120361328125,3.393288590604201,0.9604540104894415
7.86102783203125,4.038626708984374,3.1671630859375,3.0523489932887147,0.8632328540838954
5.79278564453125,9.563206787109374,3.1671630859375,2.499328859060445,0.9225970717726077
2.86602783203125,9.036126708984375,3.4620361328125,1.3342281879194442,0.8654131061566044
0.79778564453125,9.036126708984375,3.4620361328125,0.5288590604026802,0.7249590683000064
2.86602783203125,4.565706787109375,3.4620361328125,1.1476510067113939,0.7413881984955056
2.86602783203125,9.036126708984375,8.1171630859375,1.393288590604007,0.90435803482258
0.79778564453125,4.565706787109375,8.1171630859375,0.45100671140939297,0.569515438353678
4.11477783203125,2.7892517089843745,2.2245361328125,1.2724832214764923,0.6156708164054465
2.0465356445312497,2.7892517089843745,2.2245361328125,0.5651006711409345,0.4204201567032534
4.11477783203125,3.3163317871093745,2.2245361328125,1.3771812080536716,0.6697221370508228
4.11477783203125,2.7892517089843745,6.8796630859375,1.5449664429529975,0.7559010574368072
2.0465356445312497,3.3163317871093745,6.8796630859375,0.8080536912751584,0.6539082082444899
9.10977783203125,7.786751708984374,7.1745361328124995,3.849664429530443,0.954977917814845
7.04153564453125,7.786751708984374,7.1745361328124995,3.026845637584013,0.9440315113016791
9.10977783203125,8.313831787109375,7.1745361328124995,3.8604026845640016,0.9576525448639555
9.10977783203125,7.786751708984374,1.9296630859375001,3.683221476510284,0.9131589009679644
7.04153564453125,8.313831787109375,1.9296630859375001,2.884563758389361,0.8990443821470666
6.61227783203125,0.290501708984375,4.6995361328125,0.38791946308724645,0.0513373255600858
4.54403564453125,0.290501708984375,4.6995361328125,0.3785234899328842,0.050843570256989455
6.61227783203125,5.815081787109374,4.6995361328125,2.7543624161074627,0.9073000241912306
6.61227783203125,0.290501708984375,4.4046630859375,0.38657718120805185,0.05083448323317226
4.54403564453125,5.815081787109374,4.4046630859375,1.9248322147650712,0.870501366098653
1.61727783203125,5.288001708984375,9.6495361328125,0.8067114093959638,0.7707071789077653
9.53903564453125,5.288001708984375,9.6495361328125,3.9610738255036138,0.9426139822690771
1.61727783203125,0.8175817871093749,9.6495361328125,0.38389261744966263,0.1416157364975147
1.61727783203125,5.288001708984375,9.3546630859375,0.8053691275167691,0.7692736244852482
9.53903564453125,0.8175817871093749,9.3546630859375,2.673825503355773,0.6322604094385609
2.24165283203125,4.663314208984374,4.0807861328125,0.9382550335570352,0.7211328157613598
6.41716064453125,4.663314208984374,4.0807861328125,2.587919463087304,0.8746724128520749
2.24165283203125,6.439769287109375,4.0807861328125,1.0295302013422685,0.7951844230807171
2.24165283203125,4.663314208984374,8.7359130859375,1.0161073825503224,0.7849843266961833
6.41716064453125,6.439769287109375,8.7359130859375,2.7543624161074627,0.9314250372890518
7.2366528320312495,9.660814208984375,9.0307861328125,3.1489932885907423,0.9589100713132839
1.42216064453125,9.660814208984375,9.0307861328125,0.8322147651006613,0.8625401554356339
7.2366528320312495,1.4422692871093747,9.0307861328125,2.4026845637584175,0.7299167644332722
7.2366528320312495,9.660814208984375,3.7859130859375,3.0926174496645595,0.9415534191471604
1.42216064453125,1.4422692871093747,3.7859130859375,0.38657718120805185,0.21661379979086498
9.73415283203125,2.1645642089843746,1.6057861328125,3.0214765100672336,0.7026367166330327
8.91466064453125,2.1645642089843746,1.6057861328125,2.7087248322148385,0.6813849904242225
9.73415283203125,3.9410192871093748,1.6057861328125,3.543624161074022,0.8264704158082815
9.73415283203125,2.1645642089843746,1.3109130859375002,2.8805369127517766,0.6689347843913163
8.91466064453125,3.9410192871093748,1.3109130859375002,3.1248322147652354,0.7883455843433558
4.73915283203125,7.162064208984375,6.5557861328125,2.0885906040268276,0.9128046897193987
3.91966064453125,7.162064208984375,6.5557861328125,1.7624161073825237,0.8986141231218367
4.73915283203125,8.938519287109376,6.5557861328125,2.1275167785234776,0.9298610456772276
4.73915283203125,7.162064208984375,6.2609130859375,2.084563758389243,0.9110468130580205
3.91966064453125,8.938519287109376,6.2609130859375,1.7986577181207781,0.9171347067280542
3.4904028320312497,0.915189208984375,7.7932861328125,0.4818791946308689,0.19616734668906372
2.67091064453125,0.915189208984375,7.7932861328125,0.40671140939597095,0.16113352425739974
3.4904028320312497,7.689144287109374,7.7932861328125,1.614765100671117,0.9021976919460142
3.4904028320312497,0.915189208984375,9.9734130859375,0.5302013422818748,0.22692800768062094
2.67091064453125,7.689144287109374,9.9734130859375,1.300671140939579,0.8891580937243948
8.48540283203125,5.912689208984374,2.8432861328125,3.426845637584072,0.9056127886608609
7.66591064453125,5.912689208984374,2.8432861328125,3.1020134228189233,0.897257295879043
8.48540283203125,2.6916442871093746,2.8432861328125,3.0308724832215974,0.7999942448267228
8.48540283203125,5.912689208984374,5.0234130859374995,3.511409395973346,0.9282830743695345
7.66591064453125,2.6916442871093746,5.0234130859374995,2.876510067114192,0.8318492895205566
5.98790283203125,3.4139392089843748,5.3182861328125,2.3395973154362606,0.8392068499945585
0.17341064453125002,3.4139392089843748,5.3182861328125,0.36912751677852196,0.4202224532842934
5.98790283203125,0.19289428710937498,5.3182861328125,0.3771812080536896,0.034424924322215236
5.98790283203125,3.4139392089843748,2.5484130859375003,2.162416107382543,0.7742226687251963
0.17341064453125002,0.19289428710937498,2.5484130859375003,0.36375838926174353,0.03299289911855115
0.9929028320312501,8.411439208984374,0.3682861328125,0.4402684563758361,0.4995442494582448
5.16841064453125,8.411439208984374,0.3682861328125,1.6885906040268204,0.6812830682703146
0.9929028320312501,5.190394287109375,0.3682861328125,0.3946308724832195,0.39759061154611886
0.9929028320312501,8.411439208984374,7.4984130859375,0.6348993288590541,0.796926932039522
5.16841064453125,5.190394287109375,7.4984130859375,2.1973154362416087,0.8934346485936628
0.68071533203125,3.7262829589843744,9.3401611328125,0.40805369127516555,0.48060649937484207
4.85622314453125,3.7262829589843744,9.3401611328125,1.993288590603996,0.8536535567092137
0.68071533203125,4.878050537109375,9.3401611328125,0.4348993288590577,0.5808517305924983
0.68071533203125,3.7262829589843744,4.7140380859375,0.3973154362416087,0.4499292192948676
4.85622314453125,4.878050537109375,4.7140380859375,2.0053691275167482,0.8584911583975627
5.67571533203125,8.723782958984375,4.3901611328125,2.4671140939597693,0.9268115896091476
9.85122314453125,8.723782958984375,4.3901611328125,4.126174496644578,0.9535394034120179
5.67571533203125,9.875550537109374,4.3901611328125,2.4885906040268866,0.9349202124846139
5.67571533203125,8.723782958984375,9.6640380859375,2.515436241610783,0.9452006485770486
9.85122314453125,9.875550537109374,9.6640380859375,0.26711409395973185,0.06124577596546241
8.17321533203125,1.2275329589843749,6.8651611328125,2.540939597315485,0.6920883066479215
2.35872314453125,1.2275329589843749,6.8651611328125,0.4214765100671116,0.21157564636898327
8.17321533203125,7.376800537109374,6.8651611328125,3.464429530201527,0.947162323076798
8.17321533203125,1.2275329589843749,7.1890380859375,2.557046979865823,0.6966162104996454
2.35872314453125,7.376800537109374,7.1890380859375,1.1516778523489777,0.8603127643985818
3.17821533203125,6.225032958984374,1.9151611328125002,1.2671140939597139,0.7576479515655802
7.35372314453125,6.225032958984374,1.9151611328125002,2.907382550335673,0.872008710361637
3.17821533203125,2.3793005371093745,1.9151611328125002,0.8013422818791853,0.4559010396362375
3.17821533203125,6.225032958984374,2.2390380859375,1.2979865771811898,0.7769323890712019
7.35372314453125,2.3793005371093745,2.2390380859375,2.3865771812080796,0.7134456475257593
4.42696533203125,2.4769079589843748,3.1526611328125003,1.4241610738254828,0.6521612196754017
6.10497314453125,2.4769079589843748,3.1526611328125003,2.0738255033556845,0.7294395566324536
4.42696533203125,1.1299255371093748,3.1526611328125003,0.7557046979865687,0.3118360135975138
4.42696533203125,2.4769079589843748,3.4765380859375004,1.4536912751677642,0.6665074762140385
6.10497314453125,1.1299255371093748,3.4765380859375004,1.3664429530201148,0.46695319483321496
9.42196533203125,7.474407958984374,8.1026611328125,3.974496644295562,0.9564172008664454
1.10997314453125,7.474407958984374,8.1026611328125,0.66577181208053,0.789107534735263
9.42196533203125,6.127425537109374,8.1026611328125,3.935570469798912,0.9470440817671084
9.42196533203125,7.474407958984374,8.4265380859375,3.9771812080539517,0.9570612669548677
1.10997314453125,6.127425537109374,8.4265380859375,0.6322147651006649,0.7449854333121144
6.92446533203125,4.975657958984375,0.6776611328125,2.2147651006711415,0.696748365678729
8.60247314453125,4.975657958984375,0.6776611328125,2.829530201342373,0.7358045533265951
6.92446533203125,8.626175537109376,0.6776611328125,2.5355704697987056,0.8002287674499644
6.92446533203125,4.975657958984375,5.9515380859375,2.861744966443049,0.9055971020634284
8.60247314453125,8.626175537109376,5.9515380859375,3.652348993288803,0.9538911240101879
1.92946533203125,9.973157958984375,5.6276611328124995,1.0161073825503224,0.8703929300704325
3.60747314453125,9.973157958984375,5.6276611328124995,1.6845637583892366,0.9171900451483438
1.92946533203125,3.6286755371093746,5.6276611328124995,0.7731543624160986,0.6497215843550982
1.92946533203125,9.973157958984375,1.0015380859375,0.8241610738254936,0.6976835489005443
3.60747314453125,3.6286755371093746,1.0015380859375,1.0067114093959602,0.533645385206188
1.3050903320312501,0.6028454589843749,1.2964111328125,0.36778523489932735,0.09372282312648865
0.48559814453125,0.6028454589843749,1.2964111328125,0.36510067114093814,0.09551322090938072
1.3050903320312501,9.250863037109376,1.2964111328125,0.6241610738254972,0.6647298075336374
1.3050903320312501,0.6028454589843749,1.6202880859375002,0.36778523489932735,0.09460073080752177
0.48559814453125,9.250863037109376,1.6202880859375002,0.40536912751677634,0.6241691810275594
6.30009033203125,5.600345458984375,6.2464111328125,2.651006711409461,0.9107161735259374
5.48059814453125,5.600345458984375,6.2464111328125,2.3248322147651175,0.8996786168053814
6.30009033203125,4.2533630371093745,6.2464111328125,2.570469798657771,0.8829510352497347
6.30009033203125,5.600345458984375,6.5702880859374995,2.6550335570470454,0.9121343216040732
5.48059814453125,4.2533630371093745,6.5702880859374995,2.251006711409402,0.87099590801946
8.79759033203125,3.1015954589843746,3.7714111328125,3.3342281879196287,0.8528100798742172
2.9830981445312497,3.1015954589843746,3.7714111328125,1.0469798657717984,0.6511689980070172
8.79759033203125,1.7546130371093747,3.7714111328125,2.916778523490037,0.7447388361050422
8.79759033203125,3.1015954589843746,9.0452880859375,3.4926174496646185,0.893935178053701
2.9830981445312497,1.7546130371093747,9.0452880859375,0.8845637583892509,0.5352811216120161
3.80259033203125,8.099095458984376,8.7214111328125,1.7530201342281615,0.9157994933500222
7.97809814453125,8.099095458984376,8.7214111328125,3.417449664429708,0.9546710435428196
3.80259033203125,6.752113037109375,8.7214111328125,1.7221476510066855,0.8996083132996513
3.80259033203125,8.099095458984376,4.0952880859375,1.7006711409395718,0.8880790765440493
7.97809814453125,6.752113037109375,4.0952880859375,3.3194630872484856,0.9270839135297106
2.5538403320312497,4.350970458984374,7.4839111328125,1.1073825503355557,0.7802055071287706
9.22684814453125,4.350970458984374,7.4839111328125,3.763758389261974,0.9228997649519027
2.5538403320312497,5.502738037109374,7.4839111328125,1.1704697986577022,0.8258689533452759
2.5538403320312497,4.350970458984374,0.3827880859375,0.6228187919463026,0.40651850918716465
9.22684814453125,5.502738037109374,0.3827880859375,2.852348993288685,0.6955444339519892
7.54884033203125,9.348470458984375,2.5339111328125004,3.1624161073826906,0.9274577290467767
4.2318481445312495,9.348470458984375,2.5339111328125004,1.846979865771784,0.8850287323913311
7.54884033203125,0.505238037109375,2.5339111328125004,0.4322147651006685,0.0842492766038897
7.54884033203125,9.348470458984375,5.3327880859375,3.238926174496796,0.9501832195593531
4.2318481445312495,0.505238037109375,5.3327880859375,0.3932885906040249,0.08846305013580999
5.05134033203125,1.8522204589843747,9.9589111328125,1.7436241610737993,0.7203151379379171
6.72934814453125,1.8522204589843747,9.9589111328125,2.4093959731543917,0.7810783980994522
5.05134033203125,3.003988037109375,9.9589111328125,1.99731543624158,0.8276136923206823
5.05134033203125,1.8522204589843747,7.8077880859375,1.7006711409395718,0.7017598729278203
6.72934814453125,3.003988037109375,7.8077880859375,2.6362416107383178,0.8551996151643988
0.05634033203125,6.8497204589843745,5.0089111328125,0.36644295302013274,0.6155681502715897
1.73434814453125,6.8497204589843745,5.0089111328125,0.8644295302013318,0.7912703705607405
0.05634033203125,8.001488037109375,5.0089111328125,0.36778523489932735,0.6587976155611159
0.05634033203125,6.8497204589843745,2.8577880859375,0.36644295302013274,0.6053718822000962
1.73434814453125,8.001488037109375,2.8577880859375,0.8429530201342181,0.7700693494685714
0.07585205078125,1.8717419433593747,0.9677001953125,0.36375838926174353,0.25588617588673546
9.55854736328125,1.8717419433593747,0.9677001953125,2.421476510067145,0.5686135956410232
0.07585205078125,5.8736462402343745,0.9677001953125,0.36510067114093814,0.5411811967015114
0.07585205078125,1.8717419433593747,6.5896240234375,0.36510067114093814,0.27247269815159597
9.55854736328125,5.8736462402343745,6.5896240234375,3.9637583892620034,0.9414393708354714
5.07085205078125,6.869241943359374,5.9177001953124995,2.204026845637583,0.9105626857178245
4.56354736328125,6.869241943359374,5.9177001953124995,2.0026845637583586,0.9028340046018
5.07085205078125,0.8761462402343749,5.9177001953124995,0.8993288590603916,0.33815551403803623
5.07085205078125,6.869241943359374,1.6396240234375001,2.0040268456375534,0.8265408338488348
4.56354736328125,0.8761462402343749,1.6396240234375001,0.4120805369127494,0.12400759226009057
7.56835205078125,4.370491943359375,3.4427001953125003,2.9892617449665577,0.8744172248210429
7.06104736328125,4.370491943359375,3.4427001953125003,2.7879194630873334,0.8668074736167996
7.56835205078125,3.3748962402343747,3.4427001953125003,2.868456375839023,0.8387844343414518
7.56835205078125,4.370491943359375,4.1146240234375,3.0228187919464284,0.8844034128234484
7.06104736328125,3.3748962402343747,4.1146240234375,2.7100671140940333,0.8425141196323271
2.5733520507812497,9.367991943359375,8.3927001953125,1.2832214765100491,0.9012298987986386
2.0660473632812497,9.367991943359375,8.3927001953125,1.0818791946308581,0.8856392776907438
2.5733520507812497,8.372396240234375,8.3927001953125,1.2671140939597139,0.8898617884144713
2.5733520507812497,9.367991943359375,9.0646240234375,1.287248322147633,0.9040437555879504
2.0660473632812497,8.372396240234375,9.0646240234375,1.068456375838912,0.8746397715143219
3.82210205078125,3.121116943359375,7.1552001953125,1.4859060402684348,0.7715287549377647
0.81729736328125,3.121116943359375,7.1552001953125,0.40536912751677634,0.4202001639429128
3.82210205078125,9.621771240234375,7.1552001953125,1.7771812080536644,0.9246232033647501
3.82210205078125,3.121116943359375,5.3521240234375,1.4416107382550127,0.7476423950307014
0.81729736328125,9.621771240234375,5.3521240234375,0.570469798657713,0.7827077411195675
8.81710205078125,8.118616943359376,2.2052001953125,3.606711409396179,0.9209697505200893
5.81229736328125,8.118616943359376,2.2052001953125,2.416107382550366,0.8889665003757262
8.81710205078125,4.624271240234375,2.2052001953125,3.395973154362591,0.8666854431967885
8.81710205078125,8.118616943359376,0.4021240234375,2.995973154362532,0.7625210083205046
5.81229736328125,4.624271240234375,0.4021240234375,1.5932885906040033,0.5783983225082725
6.31960205078125,0.6223669433593749,9.6302001953125,1.0080536912751548,0.31348950520620666
3.31479736328125,0.6223669433593749,9.6302001953125,0.3999999999999979,0.11426018600349344
6.31960205078125,2.1255212402343746,9.6302001953125,2.327516778523507,0.7969557620004168
6.31960205078125,0.6223669433593749,2.8771240234375,0.4926174496644258,0.12293328932673109
3.31479736328125,2.1255212402343746,2.8771240234375,0.8859060402684455,0.4936453166039515
1.32460205078125,5.619866943359375,4.6802001953125,0.6550335570469732,0.6960151847860188
8.30979736328125,5.619866943359375,4.6802001953125,3.4201342281880978,0.9211514241699661
1.32460205078125,7.123021240234374,4.6802001953125,0.7073825503355629,0.7588674861163054
1.32460205078125,5.619866943359375,7.8271240234375,0.6926174496644222,0.7418174862421819
8.30979736328125,7.123021240234374,7.8271240234375,3.52080536912771,0.9484760533928248
1.94897705078125,4.995179443359374,9.0114501953125,0.9208053691275053,0.7816239858932859
5.18792236328125,4.995179443359374,9.0114501953125,2.209395973154362,0.8955851808728613
1.94897705078125,0.251458740234375,9.0114501953125,0.37046979865771656,0.04522361193779129
1.94897705078125,4.995179443359374,9.6833740234375,0.9248322147650891,0.7852863298193428
5.18792236328125,0.251458740234375,9.6833740234375,0.38389261744966263,0.04677656844799917
6.94397705078125,9.992679443359375,4.0614501953125,2.987919463087363,0.9432440506361597
0.19292236328125,9.992679443359375,4.0614501953125,0.382550335570468,0.7056730809564662
6.94397705078125,5.248958740234374,4.0614501953125,2.837583892617542,0.8955262390392332
6.94397705078125,9.992679443359375,4.7333740234374995,3.0000000000001164,0.9471075088688188
0.19292236328125,5.248958740234374,4.7333740234374995,0.3731543624161058,0.5406905403139906
9.44147705078125,2.4964294433593746,6.5364501953125,3.5959731543626203,0.8633736692752014
7.68542236328125,2.4964294433593746,6.5364501953125,2.8966442953021145,0.8359856826074767
9.44147705078125,7.7477087402343745,6.5364501953125,3.974496644295562,0.9545996484201862
9.44147705078125,2.4964294433593746,2.2583740234375003,3.246979865771965,0.7780638549743284
7.68542236328125,7.7477087402343745,2.2583740234375003,3.150335570469937,0.9091893724249809
4.44647705078125,7.493929443359375,1.5864501953125,1.7825503355704428,0.8193578791980691
2.69042236328125,7.493929443359375,1.5864501953125,1.1033557046979718,0.746069890795551
4.44647705078125,2.750208740234375,1.5864501953125,1.2657718120805193,0.5726718820384429
4.44647705078125,7.493929443359375,7.2083740234375,1.986577181208023,0.91495220823937
2.69042236328125,2.750208740234375,7.2083740234375,0.9852348993288464,0.6614020567437802
3.19772705078125,1.2470544433593749,2.8239501953125004,0.4550335570469768,0.20383361101517222
3.93917236328125,1.2470544433593749,2.8239501953125004,0.6644295302013354,0.29434041543402956
3.19772705078125,3.9995837402343746,2.8239501953125004,1.1838926174496482,0.7026017350730993
3.19772705078125,1.2470544433593749,8.4458740234375,0.6953020134228114,0.3692450063657713
3.93917236328125,3.9995837402343746,8.4458740234375,1.6429530201342037,0.8341215517132845
8.192727050781249,6.244554443359374,7.7739501953125,3.4469798657719943,0.94041455088458
8.93417236328125,6.244554443359374,7.7739501953125,3.7422818791948567,0.9447573256455849
8.192727050781249,8.997083740234375,7.7739501953125,3.512751677852541,0.9583703861399595
8.192727050781249,6.244554443359374,3.4958740234375,3.36241610738272,0.9170460876763376
8.93417236328125,8.997083740234375,3.4958740234375,3.7449664429532463,0.9452751805744632
5.6952270507812495,3.7458044433593747,0.34895019531250004,1.3785234899328662,0.505097517806893
1.44167236328125,3.7458044433593747,0.34895019531250004,0.3973154362416087,0.31551778807287845
5.6952270507812495,6.498333740234375,0.34895019531250004,1.720805369127491,0.6383076938985537
5.6952270507812495,3.7458044433593747,1.0208740234375,1.751677852348967,0.6504854321211855
1.44167236328125,6.498333740234375,1.0208740234375,0.5624161073825453,0.5484738347863162
0.70022705078125,8.743304443359374,5.2989501953125,0.5114093959731503,0.7427577696114465
6.43667236328125,8.743304443359374,5.2989501953125,2.7852348993289437,0.939299004363974
0.70022705078125,1.5008337402343748,5.2989501953125,0.375838926174495,0.22893824061154192
0.70022705078125,8.743304443359374,5.9708740234375,0.5167785234899287,0.7524036723010072
6.43667236328125,1.5008337402343748,5.9708740234375,2.013422818791917,0.6753634237695778
1.01241455078125,3.4334606933593745,4.3708251953124995,0.4228187919463062,0.4344238626983953
3.62698486328125,3.4334606933593745,4.3708251953124995,1.3718120805368932,0.7410042626265492
1.01241455078125,8.684739990234375,4.3708251953124995,0.6174496644295242,0.7643305803885867
1.01241455078125,3.4334606933593745,3.8052490234375003,0.4174496644295278,0.4236890120058614
3.62698486328125,8.684739990234375,3.8052490234375003,1.63892617449662,0.8882752977677588
6.00741455078125,8.430960693359376,9.3208251953125,2.641610738255097,0.945578663185188
8.62198486328125,8.430960693359376,9.3208251953125,3.683221476510284,0.960049241267388
6.00741455078125,3.6872399902343744,9.3208251953125,2.4483221476510417,0.8762736747135833
6.00741455078125,8.430960693359376,8.7552490234375,2.6375838926175126,0.9441571961483473
8.62198486328125,3.6872399902343744,8.7552490234375,3.4845637583894495,0.9081803714964705
8.50491455078125,0.934710693359375,1.8958251953125,1.5557046979865543,0.3954964016153617
1.12948486328125,0.934710693359375,1.8958251953125,0.37046979865771656,0.14165392561588483
8.50491455078125,1.1884899902343748,1.8958251953125,1.9234899328858766,0.4977142810840023
8.50491455078125,0.934710693359375,6.2802490234374995,2.3006711409396106,0.6014142702395084
1.12948486328125,1.1884899902343748,6.2802490234374995,0.3812080536912734,0.19128540853874873
3.5099145507812497,5.932210693359375,6.8458251953125,1.5624161073825273,0.8689604236112346
6.12448486328125,5.932210693359375,6.8458251953125,2.602684563758447,0.9162210990471671
3.5099145507812497,6.185989990234375,6.8458251953125,1.5718120805368896,0.8742214071935357
3.5099145507812497,5.932210693359375,1.3302490234375002,1.2885906040268276,0.7119357618947039
6.12448486328125,6.185989990234375,1.3302490234375002,2.311409395973169,0.8119112297889697
4.7586645507812495,2.184085693359375,8.0833251953125,1.696644295301988,0.7369150018256996
7.37323486328125,2.184085693359375,8.0833251953125,2.7342281879195403,0.818525979564872
4.7586645507812495,7.435364990234374,8.0833251953125,2.115436241610724,0.9215153731935167
4.7586645507812495,2.184085693359375,5.0427490234375,1.5999999999999763,0.6930703130023659
7.37323486328125,7.435364990234374,5.0427490234375,3.1234899328860406,0.9354671704805115
9.75366455078125,7.1815856933593745,3.1333251953125,4.004026845637848,0.93353635614569
2.37823486328125,7.1815856933593745,3.1333251953125,1.079194630872469,0.7997856043153755
9.75366455078125,2.4378649902343748,3.1333251953125,3.496644295302203,0.8143338847795614
9.75366455078125,7.1815856933593745,9.9927490234375,4.111409395973435,0.9587378699133449
2.37823486328125,2.4378649902343748,9.9927490234375,0.846979865771802,0.6137884077912588
7.25616455078125,4.682835693359374,5.6083251953125,2.9691275167786353,0.9017628663436217
9.87073486328125,4.682835693359374,5.6083251953125,4.009395973154628,0.9248204732940324
7.25616455078125,4.936614990234374,5.6083251953125,2.9852348993289732,0.9066760217470622
7.25616455078125,4.682835693359374,7.5177490234375,3.001342281879311,0.9116633240669523
9.87073486328125,4.936614990234374,7.5177490234375,4.056375838926447,0.9357631721318984
2.26116455078125,9.680335693359375,0.6583251953125,0.8684563758389157,0.6580368139586881
4.87573486328125,9.680335693359375,0.6583251953125,1.8040268456375566,0.7670529847748907
2.26116455078125,9.934114990234375,0.6583251953125,0.8765100671140833,0.6645939418706982
2.26116455078125,9.680335693359375,2.5677490234375,1.0765100671140797,0.8270094294748775
4.87573486328125,9.934114990234375,2.5677490234375,2.118120805369114,0.903791885390085
1.63678955078125,0.310023193359375,6.2270751953125,0.36912751677852196,0.054262786448864286
1.75385986328125,0.310023193359375,6.2270751953125,0.36912751677852196,0.05418081870155126
1.63678955078125,3.0625524902343746,6.2270751953125,0.6134228187919404,0.5512629130182949
1.63678955078125,0.310023193359375,0.7114990234375,0.36510067114093814,0.049157120596498585
1.75385986328125,3.0625524902343746,0.7114990234375,0.413422818791944,0.2974249387786731
6.63178955078125,5.3075231933593745,1.2770751953125001,2.416107382550366,0.791897563049541
6.7488598632812495,5.3075231933593745,1.2770751953125001,2.460402684563795,0.7943042515138361
6.63178955078125,8.060052490234375,1.2770751953125001,2.609395973154421,0.8563379469902603
6.63178955078125,5.3075231933593745,5.6614990234375,2.758389261745047,0.9063620473417349
6.7488598632812495,8.060052490234375,5.6614990234375,2.899328859060504,0.9383914693694735
9.12928955078125,2.8087731933593747,8.7020751953125,3.575838926174698,0.8852372641722375
4.25135986328125,2.8087731933593747,8.7020751953125,1.634899328859036,0.779878752686356
9.12928955078125,5.561302490234374,8.7020751953125,3.802684563758624,0.941516359311039
9.12928955078125,2.8087731933593747,8.1364990234375,3.567785234899529,0.8831947931949655
4.25135986328125,5.561302490234374,8.1364990234375,1.8550335570469516,0.8860969371718834
4.13428955078125,7.806273193359374,3.7520751953125,1.816107382550308,0.8869770599739566
9.24635986328125,7.806273193359374,3.7520751953125,3.8469798657720533,0.9414280451936495
4.13428955078125,0.563802490234375,3.7520751953125,0.3919463087248303,0.0941536120203196
4.13428955078125,7.806273193359374,3.1864990234375004,1.7973154362415835,0.8776325037618334
9.24635986328125,0.563802490234375,3.1864990234375004,1.2416107382550163,0.2812827705122164
2.88553955078125,4.058148193359375,2.5145751953125,1.0469798657717984,0.6686875340019512
7.99760986328125,4.058148193359375,2.5145751953125,3.0456375838927405,0.847989254764882
2.88553955078125,1.8131774902343747,2.5145751953125,0.608053691275162,0.3466362681471309
2.88553955078125,4.058148193359375,1.9489990234375,0.9892617449664303,0.628722973508187
7.99760986328125,1.8131774902343747,1.9489990234375,2.2939597315436364,0.6343398569617792
7.88053955078125,9.055648193359374,7.4645751953124995,3.386577181208227,0.9564477933203213
3.0026098632812497,9.055648193359374,7.4645751953124995,1.444295302013402,0.9054055581700189
7.88053955078125,6.810677490234374,7.4645751953124995,3.338255033557213,0.9427650045974854
7.88053955078125,9.055648193359374,6.8989990234375,3.3825503355706426,0.9552895814787824
3.0026098632812497,6.810677490234374,6.8989990234375,1.3906040268456177,0.8715574028226099
5.38303955078125,1.5593981933593748,4.9895751953125,1.5812080536912518,0.614210686478724
5.50010986328125,1.5593981933593748,4.9895751953125,1.6255033557046739,0.6205915304049674
5.38303955078125,9.309427490234375,4.9895751953125,2.3718120805369365,0.9319595830086934
5.38303955078125,1.5593981933593748,9.3739990234375,1.74093959731541,0.6802939210196641
5.50010986328125,9.309427490234375,9.3739990234375,2.453691275167821,0.9469063348032427
0.38803955078125,6.556898193359374,9.9395751953125,0.40536912751677634,0.6438263503428172
0.50510986328125,6.556898193359374,9.9395751953125,0.42818791946308465,0.6600492999675757
0.38803955078125,4.311927490234375,9.9395751953125,0.38926174496644106,0.5128670177720069
0.38803955078125,6.556898193359374,4.4239990234375,0.3932885906040249,0.6031636144522032
0.50510986328125,4.311927490234375,4.4239990234375,0.38926174496644106,0.48610042520521857
0.54413330078125,4.214320068359375,6.3817626953125,0.3959731543624141,0.4959343676744937
4.7196411132812495,4.214320068359375,6.3817626953125,1.9409395973154064,0.8508869813294406
0.54413330078125,6.966849365234374,6.3817626953125,0.4335570469798631,0.6590473951961596
0.54413330078125,4.214320068359375,3.0318115234375003,0.38657718120805185,0.4631213286648081
4.7196411132812495,6.966849365234374,3.0318115234375003,1.993288590603996,0.8736000979790404
5.53913330078125,9.211820068359375,1.4317626953125002,2.256375838926181,0.8644402211566797
9.71464111328125,9.211820068359375,1.4317626953125002,3.904697986577431,0.913317501787076
5.53913330078125,1.9693493652343748,1.4317626953125002,1.331543624161055,0.4979517197190301
5.53913330078125,9.211820068359375,7.9818115234375,2.460402684563795,0.9438056200106544
9.71464111328125,1.9693493652343748,7.9818115234375,3.59865771812101,0.8419815660696461
8.03663330078125,1.7155700683593749,8.8567626953125,2.855033557047075,0.7917221943357085
2.22214111328125,1.7155700683593749,8.8567626953125,0.583892617449659,0.3974432100565945
8.03663330078125,4.468099365234375,8.8567626953125,3.3127516778525115,0.919385827768689
8.03663330078125,1.7155700683593749,5.5068115234374995,2.735570469798735,0.7578001769404012
2.22214111328125,4.468099365234375,5.5068115234374995,0.9543624161073705,0.7392563688933148
3.0416333007812497,6.713070068359374,3.9067626953125,1.351677852348974,0.8383110937855096
7.21714111328125,6.713070068359374,3.9067626953125,3.010738255033675,0.9186885952228336
3.0416333007812497,9.465599365234375,3.9067626953125,1.4241610738254828,0.8837948904136994
3.0416333007812497,6.713070068359374,0.5568115234375001,0.9758389261744842,0.593750920733277
7.21714111328125,9.465599365234375,0.5568115234375001,2.61744966442959,0.796538250118352
4.29038330078125,0.46619506835937496,0.1942626953125,0.37181208053691117,0.06287345748249511
5.96839111328125,0.46619506835937496,0.1942626953125,0.375838926174495,0.05929449928507326
4.29038330078125,8.216224365234375,0.1942626953125,1.276510067114076,0.5958724827270259
4.29038330078125,0.46619506835937496,4.2693115234375,0.38791946308724645,0.07978686677506908
5.96839111328125,8.216224365234375,4.2693115234375,2.5691275167785763,0.9245647377126553
9.28538330078125,5.463695068359375,5.1442626953124995,3.8120805369129878,0.9293521556293831
0.97339111328125,5.463695068359375,5.1442626953124995,0.526174496644291,0.6428089998209832
9.28538330078125,3.2187243652343747,5.1442626953124995,3.6174496644297376,0.8817069876935575
9.28538330078125,5.463695068359375,9.2193115234375,3.864429530201586,0.9422967061205105
0.97339111328125,3.2187243652343747,9.2193115234375,0.4335570469798631,0.4578006747607687
6.78788330078125,2.9649450683593748,2.6692626953125003,2.405369127516807,0.7727792035870106
8.46589111328125,2.9649450683593748,2.6692626953125003,3.065771812080663,0.8109783438479985
6.78788330078125,0.719974365234375,2.6692626953125003,0.8201342281879098,0.2313763324231116
6.78788330078125,2.9649450683593748,6.7443115234375,2.6322147651007333,0.8473580326828687
8.46589111328125,0.719974365234375,6.7443115234375,1.915436241610709,0.4964601704260326
1.7928833007812501,7.962445068359374,7.6192626953125,0.9436241610738136,0.8477255167092996
3.4708911132812497,7.962445068359374,7.6192626953125,1.6120805369127278,0.9046167618045362
1.7928833007812501,5.7174743652343745,7.6192626953125,0.8791946308724725,0.7881564651585833
1.7928833007812501,7.962445068359374,1.7943115234375002,0.8040268456375745,0.7152843021684846
3.4708911132812497,5.7174743652343745,1.7943115234375002,1.3328859060402496,0.7444161904655282
2.41725830078125,2.340257568359375,3.2880126953125,0.6684563758389193,0.45569548106714886
0.34901611328125004,2.340257568359375,3.2880126953125,0.37046979865771656,0.3151385799114035
2.41725830078125,1.3446618652343747,3.2880126953125,0.41073825503355477,0.20358401634638804
2.41725830078125,2.340257568359375,1.1755615234375,0.4805369127516743,0.29404500130167566
0.34901611328125004,1.3446618652343747,1.1755615234375,0.36510067114093814,0.19297794640031918
7.41225830078125,7.3377575683593745,8.2380126953125,3.1718120805370544,0.9456698024003902
5.34401611328125,7.3377575683593745,8.2380126953125,2.3476510067114296,0.9282583021589311
7.41225830078125,6.342161865234375,8.2380126953125,3.143624161073963,0.9372578945151173
7.41225830078125,7.3377575683593745,6.1255615234375,3.151677852349132,0.9396057591188818
5.34401611328125,6.342161865234375,6.1255615234375,2.297986577181221,0.9084859675566432
9.90975830078125,4.839007568359374,0.8130126953125,3.40134228187937,0.7794658786639359
2.84651611328125,4.839007568359374,0.8130126953125,0.8550335570469696,0.5410123718936581
9.90975830078125,8.840911865234375,0.8130126953125,3.7744966442955326,0.8663621896485703
9.90975830078125,4.839007568359374,8.6005615234375,4.077852348993564,0.9373887990677751
2.84651611328125,8.840911865234375,8.6005615234375,1.3852348993288393,0.9036979887687053
4.91475830078125,9.836507568359375,5.7630126953125,2.204026845637583,0.9346766042839756
7.84151611328125,9.836507568359375,5.7630126953125,3.3691275167786943,0.9556609518595283
4.91475830078125,3.8434118652343745,5.7630126953125,1.973154362416077,0.8362713727734876
4.91475830078125,9.836507568359375,3.6505615234375,2.1691275167785173,0.9197061853890398
7.84151611328125,3.8434118652343745,3.6505615234375,3.0550335570471043,0.8660005916341027
3.66600830078125,3.5896325683593746,9.4755126953125,1.508724832214743,0.8105923266638932
9.09026611328125,3.5896325683593746,9.4755126953125,3.668456375839141,0.9117694917885328
3.66600830078125,2.594036865234375,9.4755126953125,1.3771812080536716,0.7379495068806137
3.66600830078125,3.5896325683593746,2.4130615234375004,1.273825503355687,0.6791733147128083
9.09026611328125,2.594036865234375,2.4130615234375004,3.1718120805370544,0.78670074074133
8.66100830078125,8.587132568359376,4.5255126953125,3.653691275167998,0.9483801571683603
4.09526611328125,8.587132568359376,4.5255126953125,1.8375838926174217,0.9045417335268546
8.66100830078125,7.591536865234374,4.5255126953125,3.629530201342491,0.9420779920837914
8.66100830078125,8.587132568359376,7.3630615234375,3.6885906040270635,0.9575515586026462
4.09526611328125,7.591536865234374,7.3630615234375,1.8496644295301732,0.910680035539435
6.16350830078125,1.0908825683593748,7.0005126953125,1.632214765100647,0.5619337349673845
6.59276611328125,1.0908825683593748,7.0005126953125,1.7973154362415835,0.5860855919852035
6.16350830078125,5.092786865234374,7.0005126953125,2.5825503355705246,0.9041356750170046
6.16350830078125,1.0908825683593748,9.8380615234375,1.7302013422818532,0.5983244752065913
6.59276611328125,5.092786865234374,9.8380615234375,2.7798657718121644,0.9183050578600893
1.16850830078125,6.088382568359375,2.0505126953125,0.5369127516778478,0.5925786813761615
1.59776611328125,6.088382568359375,2.0505126953125,0.6818791946308653,0.6439906604893534
1.16850830078125,0.095286865234375,2.0505126953125,0.36375838926174353,0.01631914370786668
1.16850830078125,6.088382568359375,4.8880615234375,0.6174496644295242,0.7030126812366206
1.59776611328125,0.095286865234375,4.8880615234375,0.36510067114093814,0.01687095277028757
0.8563208007812501,0.778538818359375,8.5473876953125,0.37181208053691117,0.13107557073970186
8.15370361328125,0.778538818359375,8.5473876953125,2.024161073825476,0.5460162205598409
0.8563208007812501,9.777943115234375,8.5473876953125,0.6067114093959673,0.8189744183844072
0.8563208007812501,0.778538818359375,7.0536865234374995,0.37181208053691117,0.1302381762643487
8.15370361328125,9.777943115234375,7.0536865234374995,3.503355704698177,0.9598881291526445
5.85132080078125,5.776038818359375,3.5973876953125004,2.414765100671171,0.8835645626099939
3.15870361328125,5.776038818359375,3.5973876953125004,1.3463087248321957,0.8109399209716459
5.85132080078125,4.780443115234375,3.5973876953125004,2.3503355704698192,0.8598349734760319
5.85132080078125,5.776038818359375,2.1036865234375,2.3073825503355847,0.8436274232850272
3.15870361328125,4.780443115234375,2.1036865234375,1.1785234899328698,0.7059226022747412
8.34882080078125,3.2772888183593745,6.0723876953125,3.2818791946310304,0.8801535115664365
5.65620361328125,3.2772888183593745,6.0723876953125,2.210738255033557,0.8325603065432334
8.34882080078125,2.2816931152343747,6.0723876953125,3.0926174496645595,0.8290904211753733
8.34882080078125,3.2772888183593745,4.5786865234375,3.230872483221627,0.866252006888081
5.65620361328125,2.2816931152343747,4.5786865234375,1.9557046979865471,0.7346754098184431
3.35382080078125,8.274788818359376,1.1223876953125,1.314093959731525,0.7535491874879181
0.66120361328125,8.274788818359376,1.1223876953125,0.4147651006711386,0.5664907913667447
3.35382080078125,7.279193115234374,1.1223876953125,1.2684563758389085,0.7263388897928293
3.35382080078125,8.274788818359376,9.5286865234375,1.5825503355704464,0.9120207883177022
0.66120361328125,7.279193115234374,9.5286865234375,0.4939597315436204,0.7295922758389499
4.60257080078125,4.526663818359374,4.8348876953125,1.8832214765100384,0.8426021092734941
1.90995361328125,4.526663818359374,4.8348876953125,0.8214765100671044,0.7010703759152941
4.60257080078125,6.029818115234375,4.8348876953125,1.9691275167784932,0.8813250644539874
4.60257080078125,4.526663818359374,5.8161865234375,1.9073825503355413,0.8536111808454168
1.90995361328125,6.029818115234375,5.8161865234375,0.9181208053691161,0.7898381188898018
9.59757080078125,9.524163818359375,9.7848876953125,0.2724832214765103,0.06464300293292918
6.90495361328125,9.524163818359375,9.7848876953125,3.017449664429649,0.9574565148596175
9.59757080078125,1.0323181152343748,9.7848876953125,3.020134228188039,0.7129767886806655
9.59757080078125,9.524163818359375,0.8661865234375,3.7114093959733756,0.8771504744072252
6.90495361328125,1.0323181152343748,0.8661865234375,0.8026845637583799,0.2269564207445012
7.10007080078125,2.027913818359375,2.3598876953125,2.173154362416102,0.6686429803791064
4.40745361328125,2.027913818359375,2.3598876953125,1.1731543624160914,0.5306751041768123
7.10007080078125,3.531068115234375,2.3598876953125,2.5932885906040832,0.8014522176133616
7.10007080078125,2.027913818359375,3.3411865234375,2.328859060402702,0.7184337433820572
4.40745361328125,3.531068115234375,3.3411865234375,1.634899328859036,0.7561209103977713
2.1050708007812498,7.025413818359374,7.3098876953125,1.0429530201342145,0.8425835556856706
9.40245361328125,7.025413818359374,7.3098876953125,3.9489932885908603,0.9520370104861334
2.1050708007812498,8.528568115234375,7.3098876953125,1.0765100671140797,0.8700263846755958
2.1050708007812498,7.025413818359374,8.2911865234375,1.0510067114093822,0.8492043246815417
9.40245361328125,8.528568115234375,8.2911865234375,3.989261744966705,0.9617862408304262
1.48069580078125,2.6526013183593746,1.7411376953125002,0.40671140939597095,0.31196888853297444
6.28057861328125,2.6526013183593746,1.7411376953125002,1.9476510067113795,0.6662185174575975
1.48069580078125,4.155755615234375,1.7411376953125002,0.5127516778523449,0.4730635616699792
1.48069580078125,2.6526013183593746,8.9099365234375,0.5342281879194586,0.4855727758302763
6.28057861328125,4.155755615234375,8.9099365234375,2.5919463087248884,0.8928839865677132
6.47569580078125,7.650101318359375,6.6911376953124995,2.7932885906041127,0.9371473274406006
1.2855786132812501,7.650101318359375,6.6911376953124995,0.7288590604026766,0.798321748475574
6.47569580078125,9.153255615234375,6.6911376953124995,2.822818791946399,0.9470854611145286
6.47569580078125,7.650101318359375,3.9599365234375004,2.7476510067114885,0.921648843728406
1.2855786132812501,9.153255615234375,3.9599365234375004,0.7248322147650927,0.793189200929513
8.97319580078125,0.153851318359375,4.2161376953125,0.3785234899328842,0.027151703368320144
8.77807861328125,0.153851318359375,4.2161376953125,0.3785234899328842,0.027197482627342777
8.97319580078125,6.654505615234374,4.2161376953125,3.71543624161096,0.934131554915693
8.97319580078125,0.153851318359375,1.4849365234375,0.37181208053691117,0.02482545851518498
8.77807861328125,6.654505615234374,1.4849365234375,3.4228187919464874,0.8769564905289231
3.9781958007812497,5.151351318359374,9.1661376953125,1.7355704697986316,0.8745818077916596
3.78307861328125,5.151351318359374,9.1661376953125,1.659060402684539,0.8700974413580773
3.9781958007812497,1.6570056152343748,9.1661376953125,1.232214765100654,0.6111741668917507
3.9781958007812497,5.151351318359374,6.4349365234375,1.7073825503355449,0.860127135039395
3.78307861328125,1.6570056152343748,6.4349365234375,1.085906040268442,0.554611581886969
2.72944580078125,1.4032263183593747,5.4536376953125,0.54630872483221,0.30420163299594233
2.5343286132812497,1.4032263183593747,5.4536376953125,0.48322147651006353,0.2673799427181116
2.72944580078125,0.407630615234375,5.4536376953125,0.3771812080536896,0.07107418393742607
2.72944580078125,1.4032263183593747,7.6724365234375,0.6067114093959673,0.3520983174112132
2.5343286132812497,0.407630615234375,7.6724365234375,0.3771812080536896,0.07228837921474236
7.7244458007812495,6.400726318359374,0.5036376953125,2.5436241610738746,0.7276955282847233
7.52932861328125,6.400726318359374,0.5036376953125,2.4724832214765486,0.7234110294928693
7.7244458007812495,5.405130615234374,0.5036376953125,2.429530201342314,0.6942431132901944
7.7244458007812495,6.400726318359374,2.7224365234375,3.142281879194768,0.9028392994679009
7.52932861328125,5.405130615234374,2.7224365234375,3.0067114093960905,0.8835092559547979
5.22694580078125,3.9019763183593748,7.9286376953125,2.140939597315426,0.8622320205463898
0.03682861328125,3.9019763183593748,7.9286376953125,0.36510067114093814,0.4631483192149397
5.22694580078125,7.903880615234375,7.9286376953125,2.311409395973169,0.9311276750432104
5.22694580078125,3.9019763183593748,0.2474365234375,1.1999999999999835,0.46955551962268016
0.03682861328125,7.903880615234375,0.2474365234375,0.36375838926174353,0.6077813447257394
0.23194580078125002,8.899476318359374,2.9786376953125,0.3812080536912734,0.6633491225340288
5.03182861328125,8.899476318359374,2.9786376953125,2.1744966442952967,0.9038974620719948
0.23194580078125002,2.9063806152343745,2.9786376953125,0.36912751677852196,0.36779241851061134
0.23194580078125002,8.899476318359374,5.1974365234375,0.38657718120805185,0.6882809143224572
5.03182861328125,2.9063806152343745,5.1974365234375,1.8805369127516491,0.7806897022266528
0.30999267578125,2.8868591308593747,7.6966064453125,0.3744966442953004,0.3837272789161032
1.36362548828125,2.8868591308593747,7.6966064453125,0.5127516778523449,0.4868135565984618
0.30999267578125,1.8912634277343747,7.6966064453125,0.37046979865771656,0.27833334321542735
0.30999267578125,2.8868591308593747,8.3685302734375,0.375838926174495,0.386931139474753
1.36362548828125,1.8912634277343747,8.3685302734375,0.41073825503355477,0.299140027225857
5.30499267578125,7.884359130859374,2.7466064453125,2.242953020134233,0.8918225138884457
6.35862548828125,7.884359130859374,2.7466064453125,2.6617449664430195,0.90681605107561
5.30499267578125,6.888763427734374,2.7466064453125,2.2067114093959725,0.8772757358911901
5.30499267578125,7.884359130859374,3.4185302734375003,2.272483221476519,0.9037344659186631
6.35862548828125,6.888763427734374,3.4185302734375003,2.657718120805435,0.9055329760951274
7.80249267578125,0.388109130859375,5.2216064453125,0.4228187919463062,0.07247503403523833
3.86112548828125,0.388109130859375,5.2216064453125,0.3812080536912734,0.06767360336237702
7.80249267578125,9.387513427734374,5.2216064453125,3.339597315436408,0.9514603607306109
7.80249267578125,0.388109130859375,0.9435302734375,0.38389261744966263,0.05445628043963911
3.86112548828125,9.387513427734374,0.9435302734375,1.5073825503355485,0.7749307582979701
2.80749267578125,5.3856091308593745,0.2716064453125,0.7288590604026766,0.4556713153230063
8.85612548828125,5.3856091308593745,0.2716064453125,2.571812080536966,0.6495291326921766
2.80749267578125,4.390013427734375,0.2716064453125,0.652348993288584,0.3988250864072838
2.80749267578125,5.3856091308593745,5.8935302734374995,1.2456375838926002,0.8200732451647887
8.85612548828125,4.390013427734375,5.8935302734374995,3.590604026845841,0.9134938657875398
4.05624267578125,1.6374841308593748,3.9841064453125004,1.0523489932885768,0.5041099136424533
7.60737548828125,1.6374841308593748,3.9841064453125004,2.406711409396002,0.6983543985742617
4.05624267578125,3.1406384277343746,3.9841064453125004,1.4791946308724617,0.7308870023033229
4.05624267578125,1.6374841308593748,9.6060302734375,1.2617449664429354,0.6168405356272966
7.60737548828125,3.1406384277343746,9.6060302734375,3.0295302013424026,0.8826800000296641
9.05124267578125,6.634984130859374,8.9341064453125,3.810738255033793,0.950853258845886
2.6123754882812498,6.634984130859374,8.9341064453125,1.2456375838926002,0.8652118632574819
9.05124267578125,8.138138427734376,8.9341064453125,3.8456375838928585,0.9595817278449058
9.05124267578125,6.634984130859374,4.6560302734375,3.757046979866,0.937296759636453
2.6123754882812498,8.138138427734376,4.6560302734375,1.2402684563758217,0.8611358896655295
6.55374267578125,4.136234130859375,1.5091064453125,2.30604026845639,0.7631837244675992
5.10987548828125,4.136234130859375,1.5091064453125,1.751677852348967,0.7152920129569135
6.55374267578125,5.639388427734374,1.5091064453125,2.476510067114133,0.8207106227682616
6.55374267578125,4.136234130859375,2.1810302734375,2.4416107382550676,0.8092002413653814
5.10987548828125,5.639388427734374,2.1810302734375,2.014765100671112,0.8258327677584132
1.5587426757812501,9.133734130859375,6.4591064453125,0.8644295302013318,0.8475525669261866
0.11487548828125,9.133734130859375,6.4591064453125,0.375838926174495,0.7017720123831037
1.5587426757812501,0.6418884277343749,6.4591064453125,0.375838926174495,0.10936926743272553
1.5587426757812501,9.133734130859375,7.1310302734375,0.8684563758389157,0.8517161365474645
0.11487548828125,0.6418884277343749,7.1310302734375,0.36375838926174353,0.10732619355644138
2.18311767578125,1.0127966308593748,2.1278564453125,0.382550335570468,0.1497168639328773
3.23675048828125,1.0127966308593748,2.1278564453125,0.3999999999999979,0.14747385519173561
2.18311767578125,6.264075927734375,2.1278564453125,0.9087248322147539,0.7100489402733006
2.18311767578125,1.0127966308593748,5.2747802734375,0.3946308724832195,0.16684429649314736
3.23675048828125,6.264075927734375,5.2747802734375,1.444295302013402,0.8548467829194177
7.17811767578125,6.010296630859375,7.0778564453124995,3.0281879194632078,0.9286414054273431
8.23175048828125,6.010296630859375,7.0778564453124995,3.4469798657719943,0.9364111341075687
7.17811767578125,1.2665759277343749,7.0778564453124995,2.1932885906040243,0.6690534293396214
7.17811767578125,6.010296630859375,0.32478027343750004,2.1476510067114,0.6533769232393658
8.23175048828125,1.2665759277343749,0.32478027343750004,1.0093959731543494,0.2540952420418051
9.67561767578125,3.5115466308593746,4.6028564453125,3.7919463087250653,0.8904261429872583
0.7392504882812501,3.5115466308593746,4.6028564453125,0.3973154362416087,0.43107242627243136
9.67561767578125,3.7653259277343745,4.6028564453125,3.8214765100673516,0.8974112431702492
9.67561767578125,3.5115466308593746,2.7997802734375004,3.6657718120807514,0.860355890469104
0.7392504882812501,3.7653259277343745,2.7997802734375004,0.3932885906040249,0.427309683886378
4.68061767578125,8.509046630859375,9.5528564453125,2.115436241610724,0.9342049255160636
5.7342504882812495,8.509046630859375,9.5528564453125,2.5342281879195108,0.9439890452390935
4.68061767578125,8.762825927734376,9.5528564453125,2.1194630872483087,0.935993445990488
4.68061767578125,8.509046630859375,7.7497802734375,2.1046979865771656,0.9294426345821947
5.7342504882812495,8.762825927734376,7.7497802734375,2.5288590604027315,0.9419469844811181
3.43186767578125,4.760921630859374,5.8403564453125,1.457718120805348,0.8245194617045744
6.98300048828125,4.760921630859374,5.8403564453125,2.869798657718218,0.901460665218406
3.43186767578125,7.513450927734374,5.8403564453125,1.5691275167785004,0.8881195445793504
3.43186767578125,4.760921630859374,6.5122802734375,1.4697986577180995,0.8314885779639593
6.98300048828125,7.513450927734374,6.5122802734375,2.9906040268457525,0.9395435651587831
8.42686767578125,9.758421630859376,0.8903564453125,3.2738255033558614,0.8697619280071343
1.98800048828125,9.758421630859376,0.8903564453125,0.822818791946299,0.6816540558867465
8.42686767578125,2.515950927734375,0.8903564453125,2.314093959731559,0.6098060405677274
8.42686767578125,9.758421630859376,1.5622802734375,3.434899328859241,0.9132405768184404
1.98800048828125,2.515950927734375,1.5622802734375,0.4536912751677822,0.3129410611607483
5.92936767578125,2.262171630859375,8.3153564453125,2.1852348993288553,0.7902046191229712
9.48050048828125,2.262171630859375,8.3153564453125,3.59865771812101,0.8609076907386886
5.92936767578125,0.017200927734375,8.3153564453125,0.36510067114093814,0.0031351212890744625
5.92936767578125,2.262171630859375,4.0372802734375,2.021476510067086,0.7292297567372319
9.48050048828125,0.017200927734375,4.0372802734375,0.36510067114093814,0.0030537912426600684
0.93436767578125,7.2596716308593745,3.3653564453125,0.5382550335570424,0.6800174392516811
4.48550048828125,7.2596716308593745,3.3653564453125,1.9261744966442658,0.8803380422261473
0.93436767578125,5.014700927734374,3.3653564453125,0.46308724832214443,0.5498764592378602
0.93436767578125,7.2596716308593745,8.9872802734375,0.5973154362416051,0.7695606978200724
4.48550048828125,5.014700927734374,8.9872802734375,1.9302013422818496,0.8826413835945623
1.24655517578125,1.9498278808593748,7.3872314453125,0.40402684563758173,0.2998267012820403
5.42206298828125,1.9498278808593748,7.3872314453125,1.871140939597287,0.7286172433833171
1.24655517578125,4.702357177734375,7.3872314453125,0.6174496644295242,0.674015394715554
1.24655517578125,1.9498278808593748,1.8716552734375,0.38389261744966263,0.2555119008694546
5.42206298828125,4.702357177734375,1.8716552734375,2.014765100671112,0.7848580828760059
6.24155517578125,6.947327880859374,2.4372314453125004,2.5597315436242125,0.8859493491731629
0.42706298828125,6.947327880859374,2.4372314453125004,0.3919463087248303,0.5868353654603857
6.24155517578125,9.699857177734375,2.4372314453125004,2.6469798657718764,0.9164100931115536
6.24155517578125,6.947327880859374,6.8216552734375,2.6832214765101368,0.9293233988779697
0.42706298828125,9.699857177734375,6.8216552734375,0.4362416107382523,0.7422122562807472
8.73905517578125,4.448577880859374,9.8622314453125,3.600000000000205,0.9270573408788583
7.91956298828125,4.448577880859374,9.8622314453125,3.2738255033558614,0.92053398860059
8.73905517578125,7.201107177734374,9.8622314453125,3.707382550335791,0.9547311780424621
8.73905517578125,4.448577880859374,9.2966552734375,3.5946308724834255,0.9256725686003556
7.91956298828125,7.201107177734374,9.2966552734375,3.3771812080538632,0.9496351393868308
3.74405517578125,9.446077880859375,4.9122314453125,1.720805369127491,0.9098822951171186
2.92456298828125,9.446077880859375,4.9122314453125,1.395973154362396,0.8922940584906507
3.74405517578125,2.2036071777343746,4.9122314453125,1.205369127516762,0.6290211442237986
3.74405517578125,9.446077880859375,4.3466552734374995,1.7127516778523233,0.905517671728497
2.92456298828125,2.2036071777343746,4.3466552734374995,0.8697986577181103,0.5361355112190987
4.99280517578125,3.1992028808593744,1.1997314453125,1.457718120805348,0.6020779277961595
4.17331298828125,3.1992028808593744,1.1997314453125,1.174496644295286,0.5579456626848195
4.99280517578125,0.954232177734375,1.1997314453125,0.42818791946308465,0.12820815672603667
4.99280517578125,3.1992028808593744,0.6341552734375,1.2281879194630703,0.5012003855322695
4.17331298828125,0.954232177734375,0.6341552734375,0.39060402684563567,0.11568488614405095
9.98780517578125,8.196702880859375,6.1497314453125,4.197315436241904,0.9579790060554533
9.16831298828125,8.196702880859375,6.1497314453125,3.8711409395975602,0.9547588714248121
9.98780517578125,5.951732177734375,6.1497314453125,4.131543624161357,0.9429302801584682
9.98780517578125,8.196702880859375,5.5841552734375,4.1906040268459295,0.9564194378759322
9.16831298828125,5.951732177734375,5.5841552734375,3.79597315436265,0.9361482194477819
7.49030517578125,0.700452880859375,3.6747314453125,1.1771812080536752,0.32395787685869504
1.67581298828125,0.700452880859375,3.6747314453125,0.3744966442953004,0.11400627387102105
7.49030517578125,8.450482177734376,3.6747314453125,3.1637583892618855,0.9343980068388131
7.49030517578125,0.700452880859375,8.0591552734375,1.5785234899328626,0.4507010860667868
1.67581298828125,8.450482177734376,8.0591552734375,0.9100671140939485,0.8534567488733074
2.4953051757812497,5.697952880859375,8.6247314453125,1.1651006711409237,0.8360995003583517
6.67081298828125,5.697952880859375,8.6247314453125,2.8281879194631783,0.924743911419948
2.4953051757812497,3.4529821777343748,8.6247314453125,1.0214765100671008,0.7293607287568227
2.4953051757812497,5.697952880859375,3.1091552734375,1.0604026845637444,0.7580518546275079
6.67081298828125,3.4529821777343748,3.1091552734375,2.4979865771812504,0.8156067705430826
1.87093017578125,3.8238903808593747,3.0559814453125003,0.6872483221476438,0.5794645260253294
9.79268798828125,3.8238903808593747,3.0559814453125003,3.7825503355707015,0.8783342976649713
1.87093017578125,9.075169677734374,3.0559814453125003,0.9302013422818676,0.8113483766210139
1.87093017578125,3.8238903808593747,4.9654052734375,0.7543624161073741,0.6461660770422191
9.79268798828125,9.075169677734374,4.9654052734375,4.120805369127798,0.9574951485363492
6.86593017578125,8.821390380859375,8.0059814453125,2.9825503355705836,0.9510395715475113
4.7976879882812495,8.821390380859375,8.0059814453125,2.1583892617449587,0.9339103743427359
6.86593017578125,4.077669677734375,8.0059814453125,2.8093959731544507,0.8957032550038975
6.86593017578125,8.821390380859375,9.9154052734375,2.9919463087249474,0.9540785090286318
4.7976879882812495,4.077669677734375,9.9154052734375,2.0040268456375534,0.867011822779845
9.36343017578125,1.3251403808593747,0.5809814453125001,1.570469798657695,0.36669865437757165
7.29518798828125,1.3251403808593747,0.5809814453125001,1.0335570469798523,0.29177681632082875
9.36343017578125,1.5789196777343748,0.5809814453125001,1.8080536912751404,0.4266314663821377
9.36343017578125,1.3251403808593747,7.4404052734374995,3.1167785234900665,0.7530505490507794
7.29518798828125,1.5789196777343748,7.4404052734374995,2.4563758389262107,0.7411238816165562
4.36843017578125,6.322640380859374,5.5309814453124995,1.9006711409395682,0.8879252327088896
2.30018798828125,6.322640380859374,5.5309814453124995,1.079194630872469,0.8196189579683237
4.36843017578125,6.576419677734374,5.5309814453124995,1.9100671140939305,0.8923240895091935
4.36843017578125,6.322640380859374,2.4904052734375,1.791946308724805,0.8362253967426423
2.30018798828125,6.576419677734374,2.4904052734375,0.9932885906040141,0.7513888868981757
3.11968017578125,0.075765380859375,9.2434814453125,0.36644295302013274,0.013784215036007604
1.0514379882812501,0.075765380859375,9.2434814453125,0.36375838926174353,0.013671427822313275
3.11968017578125,5.327044677734374,9.2434814453125,1.4026845637583691,0.8541476545603084
3.11968017578125,0.075765380859375,3.7279052734375,0.36510067114093814,0.013276535741232385
1.0514379882812501,5.327044677734374,3.7279052734375,0.5221476510067071,0.6081597055546304
8.11468017578125,5.073265380859374,4.2934814453125,3.299328859060563,0.9075635448220063
6.04643798828125,5.073265380859374,4.2934814453125,2.477852348993328,0.8816067913720912
8.11468017578125,0.32954467773437496,4.2934814453125,0.4026845637583871,0.0582452106108146
8.11468017578125,5.073265380859374,8.6779052734375,3.3758389261746684,0.9288942572238568
6.04643798828125,0.32954467773437496,8.6779052734375,0.3959731543624141,0.06167873576459326
5.61718017578125,2.5745153808593746,6.7684814453125,2.0979865771811914,0.7943696304773415
3.5489379882812497,2.5745153808593746,6.7684814453125,1.28053691275166,0.7019321523121408
5.61718017578125,2.8282946777343745,6.7684814453125,2.1449664429530104,0.8124138546049587
5.61718017578125,2.5745153808593746,6.2029052734375,2.0818791946308535,0.7881262256910602
3.5489379882812497,2.8282946777343745,6.2029052734375,1.3127516778523305,0.7205555959045237
0.6221801757812501,7.572015380859375,1.8184814453125002,0.4161073825503332,0.5837779004644953
8.54393798828125,7.572015380859375,1.8184814453125002,3.4362416107384357,0.9023424194510322
0.6221801757812501,7.8257946777343745,1.8184814453125002,0.4187919463087224,0.5917923919205363
0.6221801757812501,7.572015380859375,1.2529052734375001,0.40536912751677634,0.555232202003646
8.54393798828125,7.8257946777343745,1.2529052734375001,3.3449664429531873,0.8779725716057016
0.46608642578125004,0.544281005859375,4.4481689453125,0.36510067114093814,0.09062735156790959
6.82690673828125,0.544281005859375,4.4481689453125,0.6134228187919404,0.1539031857130677
0.46608642578125004,0.7980603027343749,4.4481689453125,0.36644295302013274,0.1292043775854393
0.46608642578125004,0.544281005859375,2.3357177734375,0.36510067114093814,0.08867675309240004
6.82690673828125,0.7980603027343749,2.3357177734375,0.9181208053691161,0.26534008215504273
5.46108642578125,5.541781005859375,9.3981689453125,2.3463087248322347,0.9108881461739177
1.83190673828125,5.541781005859375,9.3981689453125,0.9006711409395862,0.796801485285878
5.46108642578125,5.7955603027343745,9.3981689453125,2.3557046979865985,0.9145579358763531
5.46108642578125,5.541781005859375,7.2857177734375,2.327516778523507,0.9035126091330365
1.83190673828125,5.7955603027343745,7.2857177734375,0.8953020134228078,0.791626194092045
7.95858642578125,3.043031005859375,1.9731689453125,2.759731543624242,0.7705062984436292
9.32440673828125,3.043031005859375,1.9731689453125,3.293959731543784,0.7984909953900167
7.95858642578125,8.294310302734376,1.9731689453125,3.2510067114095493,0.9096013452747812
7.95858642578125,3.043031005859375,9.7607177734375,3.158389261745106,0.8841425563199525
9.32440673828125,8.294310302734376,9.7607177734375,0.30469798657718083,0.07614608335658177
2.9635864257812496,8.040531005859375,6.9231689453125,1.4053691275167584,0.889623524059596
4.32940673828125,8.040531005859375,6.9231689453125,1.9503355704697687,0.9179893261104618
2.9635864257812496,3.2968103027343747,6.9231689453125,1.1651006711409237,0.7342607035331249
2.9635864257812496,8.040531005859375,4.8107177734375,1.3812080536912554,0.8740241247748215
4.32940673828125,3.2968103027343747,4.8107177734375,1.6483221476509822,0.7742498651234078
4.21233642578125,4.292406005859375,8.1606689453125,1.7704697986576914,0.8518669111304897
3.0806567382812498,4.292406005859375,8.1606689453125,1.3208053691274981,0.8113482462720271
4.21233642578125,4.546185302734375,8.1606689453125,1.7879194630872213,0.8603006895871695
4.21233642578125,4.292406005859375,1.0982177734375,1.3328859060402496,0.6339705360371515
3.0806567382812498,4.546185302734375,1.0982177734375,0.9704697986577058,0.584106703152896
9.20733642578125,9.289906005859375,3.2106689453125004,3.851006711409638,0.9459892473346497
8.07565673828125,9.289906005859375,3.2106689453125004,3.40134228187937,0.9397264155090431
9.20733642578125,9.543685302734374,3.2106689453125004,3.8550335570472223,0.9470082028583164
9.20733642578125,9.289906005859375,6.0482177734375,3.9060402684566258,0.9596917963908678
8.07565673828125,9.543685302734374,6.0482177734375,3.4604026845639426,0.9562369712460055
6.7098364257812495,1.7936560058593747,5.6856689453125,2.256375838926181,0.7320231159098738
0.58315673828125,1.7936560058593747,5.6856689453125,0.375838926174495,0.26548031018170565
6.7098364257812495,7.044935302734374,5.6856689453125,2.8577181208054645,0.9295839803951085
6.7098364257812495,1.7936560058593747,8.5232177734375,2.351677852349014,0.7639270381927264
0.58315673828125,7.044935302734374,8.5232177734375,0.4563758389261714,0.6927791923393803
1.71483642578125,6.791156005859374,0.7356689453125,0.6161073825503296,0.5439729495425756
5.57815673828125,6.791156005859374,0.7356689453125,1.9395973154362118,0.7359457183438511
1.71483642578125,2.0474353027343746,0.7356689453125,0.38657718120805185,0.23140316230676866
1.71483642578125,6.791156005859374,3.5732177734375004,0.822818791946299,0.756433843472538
5.57815673828125,2.0474353027343746,3.5732177734375004,1.7704697986576914,0.6706019599679625
2.33921142578125,3.6677185058593746,5.0669189453125,0.9221476510066999,0.6855395505508297
8.70003173828125,3.6677185058593746,5.0669189453125,3.44026845637602,0.8891643037195927
2.33921142578125,5.170872802734374,5.0669189453125,1.034899328859047,0.7754007518518202
2.33921142578125,3.6677185058593746,4.1919677734375,0.8939597315436132,0.6625199184026879
8.70003173828125,5.170872802734374,4.1919677734375,3.534228187919658,0.9135167298021136
7.33421142578125,8.665218505859375,0.11691894531250001,2.1852348993288553,0.652368965995296
3.70503173828125,8.665218505859375,0.11691894531250001,1.0765100671140797,0.5616030199277553
7.33421142578125,0.173372802734375,0.11691894531250001,0.36778523489932735,0.025262616263572322
7.33421142578125,8.665218505859375,9.1419677734375,3.1731543624162493,0.9549544668922763
3.70503173828125,0.173372802734375,9.1419677734375,0.37181208053691117,0.03151894965136146
9.83171142578125,1.1689685058593748,7.5419189453125,3.174496644295444,0.7335274616446115
6.20253173828125,1.1689685058593748,7.5419189453125,1.7463087248321885,0.6009451173963689
9.83171142578125,2.672122802734375,7.5419189453125,3.8120805369129878,0.8824219413895669
9.83171142578125,1.1689685058593748,6.6669677734374995,3.1315436241612096,0.7233148443475698
6.20253173828125,2.672122802734375,6.6669677734374995,2.3476510067114296,0.8169196957692952
4.83671142578125,6.166468505859374,2.5919189453125,1.9758389261744662,0.8482368254966001
1.20753173828125,6.166468505859374,2.5919189453125,0.5758389261744914,0.6337915256726909
4.83671142578125,7.6696228027343745,2.5919189453125,2.0416107382550086,0.8767690018464385
4.83671142578125,6.166468505859374,1.7169677734375002,1.8818791946308437,0.8070003152714919
1.20753173828125,7.6696228027343745,1.7169677734375002,0.5825503355704644,0.6432879965149072
3.5879614257812498,2.4183435058593745,1.3544189453125002,0.8429530201342181,0.43729133137709714
2.4562817382812496,2.4183435058593745,1.3544189453125002,0.5275167785234856,0.3316414401935811
3.5879614257812498,8.918997802734376,1.3544189453125002,1.4697986577180995,0.8015226161922235
3.5879614257812498,2.4183435058593745,2.9544677734375,1.075167785234885,0.5754444438809893
2.4562817382812496,8.918997802734376,2.9544677734375,1.1530201342281723,0.8360458994828441
8.58296142578125,7.415843505859375,6.3044189453124995,3.622818791946517,0.9480782734265345
7.45128173828125,7.415843505859375,6.3044189453124995,3.1718120805370544,0.941241756281043
8.58296142578125,3.9214978027343745,6.3044189453124995,3.4523489932887736,0.9033398532874941
8.58296142578125,7.415843505859375,7.9044677734375,3.63758389261766,0.9519974377212765
7.45128173828125,3.9214978027343745,7.9044677734375,3.0281879194632078,0.8985671027786526
6.08546142578125,4.917093505859374,3.8294189453125003,2.4644295302013797,0.8718922828702506
4.95378173828125,4.917093505859374,3.8294189453125003,2.016107382550307,0.8487175454038338
6.08546142578125,1.4227478027343747,3.8294189453125003,1.6630872483221228,0.580492056259105
6.08546142578125,4.917093505859374,5.4294677734375,2.5140939597315883,0.8897363685094455
4.95378173828125,1.4227478027343747,5.4294677734375,1.3597315436241417,0.5617214346110528
1.09046142578125,9.914593505859376,8.7794189453125,0.7020134228187844,0.8428069737315151
9.94878173828125,9.914593505859376,8.7794189453125,0.2751677852348995,0.06323294019095452
1.09046142578125,6.420247802734375,8.7794189453125,0.6348993288590541,0.7565240594132971
1.09046142578125,9.914593505859376,0.4794677734375,0.4966442953020096,0.5603603838082464
9.94878173828125,6.420247802734375,0.4794677734375,3.3369127516780184,0.7615580711477341
0.77827392578125,4.604749755859374,0.4262939453125,0.3812080536912734,0.39531474687243406
0.27096923828125,4.604749755859374,0.4262939453125,0.36778523489932735,0.44453046726466616
0.77827392578125,3.6091540527343744,0.4262939453125,0.3771812080536896,0.35121567380918445
0.77827392578125,4.604749755859374,7.5950927734375,0.44429530201341993,0.5630532742772132
0.27096923828125,3.6091540527343744,7.5950927734375,0.375838926174495,0.4463134758679473
5.7732739257812495,9.602249755859376,5.3762939453125,2.5369127516779004,0.9394211952866154
5.26596923828125,9.602249755859376,5.3762939453125,2.335570469798676,0.9348997876573574
5.7732739257812495,8.606654052734376,5.3762939453125,2.5194630872483676,0.9329218831034853
5.7732739257812495,9.602249755859376,2.6450927734375003,2.469798657718159,0.9142378637003619
5.26596923828125,8.606654052734376,2.6450927734375003,2.2442953020134278,0.8979319111471735
8.27077392578125,2.105999755859375,2.9012939453125,2.759731543624242,0.7444202819751963
2.76846923828125,2.105999755859375,2.9012939453125,0.6979865771812006,0.4302994867378619
8.27077392578125,6.107904052734375,2.9012939453125,3.355704697986746,0.9073792357486383
8.27077392578125,2.105999755859375,0.1700927734375,1.4255033557046775,0.37217780324066857
2.76846923828125,6.107904052734375,0.1700927734375,0.727516778523482,0.4599415442051791
3.27577392578125,7.103499755859374,7.8512939453125,1.515436241610716,0.8892091527860579
7.76346923828125,7.103499755859374,7.8512939453125,3.3033557046981477,0.9453827799321469
3.27577392578125,1.1104040527343748,7.8512939453125,0.6053691275167727,0.29713073994227157
3.27577392578125,7.103499755859374,5.1200927734374995,1.4845637583892402,0.8708158577579386
7.76346923828125,1.1104040527343748,5.1200927734374995,2.1503355704697897,0.6097165043750257
4.52452392578125,0.8566247558593749,6.6137939453125,0.7167785234899251,0.27987976467420983
9.01221923828125,0.8566247558593749,6.6137939453125,2.3946308724832486,0.5941155974251765
4.52452392578125,2.3597790527343747,6.6137939453125,1.6134228187919224,0.7300773155249323
4.52452392578125,0.8566247558593749,8.8325927734375,0.7959731543624069,0.32012397414801885
9.01221923828125,2.3597790527343747,8.8325927734375,3.4456375838927995,0.862896897384142
9.51952392578125,5.854124755859375,1.6637939453125001,3.6953020134230377,0.880098363422982
4.01721923828125,5.854124755859375,1.6637939453125001,1.5342281879194406,0.7642958290187819
9.51952392578125,7.357279052734374,1.6637939453125001,3.7892617449666757,0.902706989410846
9.51952392578125,5.854124755859375,3.8825927734375,3.887248322147898,0.9264921699817594
4.01721923828125,7.357279052734374,3.8825927734375,1.7597315436241345,0.879484354754969
7.02202392578125,3.3553747558593745,9.0887939453125,2.816107382550425,0.8803703874737052
6.51471923828125,3.3553747558593745,9.0887939453125,2.6147651006712005,0.8725958017767689
7.02202392578125,9.856029052734375,9.0887939453125,3.065771812080663,0.9585729080960856
7.02202392578125,3.3553747558593745,1.4075927734375002,2.311409395973169,0.7192823754249864
6.51471923828125,9.856029052734375,1.4075927734375002,2.65906040268463,0.8866341345797853
2.0270239257812497,8.352874755859375,4.1387939453125,1.004026845637571,0.8314322564687843
1.51971923828125,8.352874755859375,4.1387939453125,0.8040268456375745,0.7986604143035976
2.0270239257812497,4.858529052734374,4.1387939453125,0.8697986577181103,0.7150837230849869
2.0270239257812497,8.352874755859375,6.3575927734375,1.034899328859047,0.857760751743698
1.51971923828125,4.858529052734374,6.3575927734375,0.7194630872483143,0.7080013707038822
1.40264892578125,1.4813122558593748,9.7075439453125,0.3986577181208033,0.24317973230250595
4.64159423828125,1.4813122558593748,9.7075439453125,1.4161073825503152,0.6218689510046833
1.40264892578125,7.981966552734375,9.7075439453125,0.7999999999999907,0.835401259791648
1.40264892578125,1.4813122558593748,5.7388427734375,0.3919463087248303,0.23123473871302969
4.64159423828125,7.981966552734375,5.7388427734375,2.060402684563736,0.9160492548868386
6.39764892578125,6.478812255859374,4.7575439453124995,2.69798657718128,0.9145676559732961
9.63659423828125,6.478812255859374,4.7575439453124995,3.9865771812083155,0.9398220347677235
6.39764892578125,2.9844665527343746,4.7575439453124995,2.4174496644295607,0.8188089103543645
6.39764892578125,6.478812255859374,0.7888427734375,2.2456375838926226,0.7584003719689486
9.63659423828125,2.9844665527343746,0.7888427734375,2.845637583892711,0.6666420630745584
8.89514892578125,3.980062255859375,7.2325439453125,3.59865771812101,0.9119759528649619
2.14409423828125,3.980062255859375,7.2325439453125,0.9154362416107269,0.7257827918923805
8.89514892578125,0.485716552734375,7.2325439453125,1.3302013422818604,0.3138512260268641
8.89514892578125,3.980062255859375,3.2638427734375,3.4630872483223323,0.8771330300259743
2.14409423828125,0.485716552734375,3.2638427734375,0.3731543624161058,0.08070294011018331
3.90014892578125,8.977562255859375,2.2825439453125003,1.6912751677852096,0.8650572056538967
7.13909423828125,8.977562255859375,2.2825439453125003,2.9744966442954146,0.9161664049947564
3.90014892578125,5.483216552734374,2.2825439453125003,1.539597315436219,0.7861166188217723
3.90014892578125,8.977562255859375,8.2138427734375,1.8053691275167512,0.9243302637147546
7.13909423828125,5.483216552734374,8.2138427734375,3.002684563758506,0.9252666646801917
2.65139892578125,2.7306872558593747,3.5200439453125,0.8456375838926073,0.5633040982772002
5.89034423828125,2.7306872558593747,3.5200439453125,2.0899328859060224,0.7588100678174303
2.65139892578125,6.732591552734374,3.5200439453125,1.1852348993288429,0.8131365262186246
2.65139892578125,2.7306872558593747,6.9763427734375,0.9624161073825381,0.6519472204933382
5.89034423828125,6.732591552734374,6.9763427734375,2.5382550335570953,0.9239521263328145
7.64639892578125,7.728187255859375,8.4700439453125,3.2751677852350563,0.9500511492878223
0.89534423828125,7.728187255859375,8.4700439453125,0.5892617449664375,0.7752644002478842
7.64639892578125,1.7350915527343747,8.4700439453125,2.6993288590604747,0.7821778830279631
7.64639892578125,7.728187255859375,2.0263427734375,3.111409395973287,0.9019340350485784
0.89534423828125,1.7350915527343747,2.0263427734375,0.375838926174495,0.23981970291750626
5.14889892578125,0.231937255859375,1.0450439453125,0.37046979865771656,0.03668310265478528
8.38784423828125,0.231937255859375,1.0450439453125,0.375838926174495,0.03541534283320289
5.14889892578125,4.233841552734375,1.0450439453125,1.6442953020133984,0.665174458414254
5.14889892578125,0.231937255859375,4.5013427734375,0.375838926174495,0.0405386648967268
8.38784423828125,4.233841552734375,4.5013427734375,3.3530201342283563,0.8954257267429622
0.15389892578125,5.2294372558593745,5.9950439453125,0.37181208053691117,0.5453766607693041
3.39284423828125,5.2294372558593745,5.9950439453125,1.4724832214764887,0.8404712965311261
0.15389892578125,9.231341552734374,5.9950439453125,0.3798657718120788,0.7027879755418999
0.15389892578125,5.2294372558593745,9.4513427734375,0.3744966442953004,0.5582972831456046
3.39284423828125,9.231341552734374,9.4513427734375,1.6134228187919224,0.9215603208143512
0.11487548828125,4.799964599609375,3.7134033203125,0.36778523489932735,0.5093578751886951
7.7244458007812495,4.799964599609375,3.7134033203125,3.1020134228189233,0.8913122975608705
0.11487548828125,4.429056396484374,3.7134033203125,0.36778523489932735,0.48722110394751306
0.11487548828125,4.799964599609375,0.5181396484375,0.36510067114093814,0.47503975757256245
7.7244458007812495,4.429056396484374,0.5181396484375,2.2939597315436364,0.6544173505063289
5.10987548828125,9.797464599609375,8.6634033203125,2.3020134228188054,0.9451261846709755
2.72944580078125,9.797464599609375,8.6634033203125,1.3530201342281687,0.9104468383110638
5.10987548828125,9.426556396484376,8.6634033203125,2.296644295302026,0.9429257682834817
5.10987548828125,9.797464599609375,5.4681396484375,2.2778523489932985,0.9351041183168582
2.72944580078125,9.426556396484376,5.4681396484375,1.324832214765082,0.8912293473091975
7.60737548828125,2.301214599609375,1.2384033203125002,2.1275167785234776,0.6139782053171239
5.22694580078125,2.301214599609375,1.2384033203125002,1.2993288590603844,0.5110111681883682
7.60737548828125,6.927806396484375,1.2384033203125002,2.9194630872484266,0.8493444006087227
7.60737548828125,2.301214599609375,7.9431396484375,2.855033557047075,0.8315221141253313
5.22694580078125,6.927806396484375,7.9431396484375,2.288590604026857,0.9219001949136798
2.6123754882812498,7.298714599609374,6.1884033203125,1.2416107382550163,0.8622014690930682
0.23194580078125002,7.298714599609374,6.1884033203125,0.38389261744966263,0.6448504940496765
2.6123754882812498,1.9303063964843747,6.1884033203125,0.7436241610738172,0.485338166739138
2.6123754882812498,7.298714599609374,2.9931396484375004,1.1704697986577022,0.811456406254699
0.23194580078125002,1.9303063964843747,2.9931396484375004,0.36644295302013274,0.27034135018869515
3.86112548828125,1.0518395996093748,9.9009033203125,0.809395973154353,0.3792277575106411
1.48069580078125,1.0518395996093748,9.9009033203125,0.38791946308724645,0.17850585931977087
3.86112548828125,0.680931396484375,9.9009033203125,0.420134228187917,0.1299941664402117
3.86112548828125,1.0518395996093748,1.7556396484375,0.4161073825503332,0.1481398331670772
1.48069580078125,0.680931396484375,1.7556396484375,0.37046979865771656,0.10618641356183812
8.85612548828125,6.049339599609374,4.9509033203124995,3.6630872483223618,0.9319543409881859
6.47569580078125,6.049339599609374,4.9509033203124995,2.7167785234900075,0.9113055366145766
8.85612548828125,5.678431396484375,4.9509033203124995,3.646979865772024,0.9278295530902247
8.85612548828125,6.049339599609374,6.7056396484375,3.692617449664648,0.9395652729160778
6.47569580078125,5.678431396484375,6.7056396484375,2.7302013422819558,0.915930455169598
6.35862548828125,3.5505895996093746,7.4259033203125,2.5503355704698487,0.8690797902373226
3.9781958007812497,3.5505895996093746,7.4259033203125,1.6040268456375602,0.8075547331177167
6.35862548828125,8.177181396484375,7.4259033203125,2.7651006711410213,0.9424775163926458
6.35862548828125,3.5505895996093746,9.1806396484375,2.573154362416161,0.8769806205091858
3.9781958007812497,8.177181396484375,9.1806396484375,1.8268456375838649,0.9206941555460362
1.36362548828125,8.548089599609375,2.4759033203125003,0.6993288590603952,0.7356375336660148
8.97319580078125,8.548089599609375,2.4759033203125003,3.7033557046982066,0.9309323421498501
1.36362548828125,3.1796813964843746,2.4759033203125003,0.4389261744966415,0.38964978234741476
1.36362548828125,8.548089599609375,4.2306396484375,0.7489932885905957,0.7926521045586294
8.97319580078125,3.1796813964843746,4.2306396484375,3.4456375838927995,0.8659469822075478
1.98800048828125,1.6765270996093748,6.8071533203125,0.457718120805366,0.29708077844746816
7.10007080078125,1.6765270996093748,6.8071533203125,2.405369127516807,0.743192131918352
1.98800048828125,8.801868896484375,6.8071533203125,1.030872483221463,0.8657731771360089
1.98800048828125,1.6765270996093748,3.6118896484375003,0.4161073825503332,0.24930477848323193
7.10007080078125,8.801868896484375,3.6118896484375003,3.0161073825504543,0.9336965388629805
6.98300048828125,6.674027099609375,1.8571533203125001,2.7798657718121644,0.8724827920985389
2.1050708007812498,6.674027099609375,1.8571533203125001,0.8765100671140833,0.7011616563255856
6.98300048828125,3.8043688964843745,1.8571533203125001,2.5046979865772245,0.7849550350365615
6.98300048828125,6.674027099609375,8.5618896484375,2.9852348993289732,0.9379247605246364
2.1050708007812498,3.8043688964843745,8.5618896484375,0.9006711409395862,0.7227767400579441
9.48050048828125,4.175277099609374,9.2821533203125,3.872483221476755,0.9266304306004939
9.59757080078125,4.175277099609374,9.2821533203125,3.9181208053693792,0.9272086472909323
9.48050048828125,1.305618896484375,9.2821533203125,3.2093959731545096,0.7671186890957389
9.48050048828125,4.175277099609374,6.0868896484374995,3.826845637584131,0.915582972066977
9.59757080078125,1.305618896484375,6.0868896484374995,3.127516778523625,0.7385736907347771
4.48550048828125,9.172777099609375,4.3321533203125,2.0013422818791637,0.9150423723269678
4.60257080078125,9.172777099609375,4.3321533203125,2.0483221476509827,0.9169338311715176
4.48550048828125,6.303118896484374,4.3321533203125,1.9208053691274873,0.8780099641387469
4.48550048828125,9.172777099609375,1.1368896484375002,1.7865771812080267,0.8150464106960944
4.60257080078125,6.303118896484374,1.1368896484375002,1.6818791946308473,0.7497295876358233
3.23675048828125,2.9259020996093748,0.6196533203125,0.6778523489932815,0.36964417505497943
3.35382080078125,2.9259020996093748,0.6196533203125,0.7073825503355629,0.37778777036328404
3.23675048828125,5.053743896484375,0.6196533203125,0.9395973154362298,0.5414742214103883
3.23675048828125,2.9259020996093748,4.8493896484375,1.1651006711409237,0.6842326327775259
3.35382080078125,5.053743896484375,4.8493896484375,1.4241610738254828,0.8197374013639416
8.23175048828125,7.923402099609374,5.5696533203125,3.4859060402686444,0.9469435144056844
8.34882080078125,7.923402099609374,5.5696533203125,3.5315436241612685,0.9473435983808903
8.23175048828125,0.05624389648437499,5.5696533203125,0.36778523489932735,0.01006363115982494
8.23175048828125,7.923402099609374,9.7993896484375,3.519463087248515,0.9561894988973272
8.34882080078125,0.05624389648437499,9.7993896484375,0.37046979865771656,0.010399013772041658
5.7342504882812495,0.42715209960937495,3.0946533203125,0.39060402684563567,0.07052259445186601
0.8563208007812501,0.42715209960937495,3.0946533203125,0.36644295302013274,0.07135371466093088
5.7342504882812495,2.554993896484375,3.0946533203125,1.9436241610737957,0.7209797211101706
5.7342504882812495,0.42715209960937495,7.3243896484375,0.40671140939597095,0.07967606336862118
0.8563208007812501,2.554993896484375,7.3243896484375,0.3973154362416087,0.36275482094626443
0.7392504882812501,5.424652099609374,8.0446533203125,0.46577181208053364,0.6300114412738204
5.85132080078125,5.424652099609374,8.0446533203125,2.485906040268497,0.9100391747481604
0.7392504882812501,7.552493896484374,8.0446533203125,0.5234899328859017,0.7438377825668817
0.7392504882812501,5.424652099609374,2.3743896484375,0.4120805369127494,0.5154441633682022
5.85132080078125,7.552493896484374,2.3743896484375,2.424161073825535,0.886863373727126
1.0514379882812501,0.114808349609375,1.5477783203125002,0.36375838926174353,0.019444697712899722
4.29038330078125,0.114808349609375,1.5477783203125002,0.36644295302013274,0.019278388378815986
1.0514379882812501,2.2426501464843747,1.5477783203125002,0.3812080536912734,0.2800365812906351
1.0514379882812501,0.114808349609375,9.4900146484375,0.36510067114093814,0.020749601671594044
4.29038330078125,2.2426501464843747,9.4900146484375,1.5503355704697759,0.7327530063058174
6.04643798828125,5.112308349609375,6.4977783203124995,2.5302013422819263,0.9004895564510765
9.28538330078125,5.112308349609375,6.4977783203124995,3.818791946308962,0.931064012515501
6.04643798828125,7.240150146484375,6.4977783203124995,2.610738255033616,0.9292438493561782
6.04643798828125,5.112308349609375,4.5400146484374995,2.4885906040268866,0.8854662993251152
9.28538330078125,7.240150146484375,4.5400146484374995,3.8671140939599757,0.942809737561082
8.54393798828125,2.6135583496093746,4.0227783203125,3.150335570469937,0.8270094146011788
1.7928833007812501,2.6135583496093746,4.0227783203125,0.5489932885905993,0.4426348992653369
8.54393798828125,9.738900146484376,4.0227783203125,3.6187919463089324,0.9508422658337407
8.54393798828125,2.6135583496093746,2.0650146484375003,2.8899328859061404,0.7571791904728508
1.7928833007812501,9.738900146484376,2.0650146484375003,0.8697986577181103,0.7780882998525921
3.5489379882812497,7.611058349609374,8.9727783203125,1.6442953020133984,0.9068921869918392
6.78788330078125,7.611058349609374,8.9727783203125,2.9342281879195697,0.9450149217683372
3.5489379882812497,4.7414001464843745,8.9727783203125,1.5422818791946082,0.8504176438576766
3.5489379882812497,7.611058349609374,7.0150146484375,1.6308724832214523,0.8993899951920852
6.78788330078125,4.7414001464843745,7.0150146484375,2.8107382550336455,0.9051117770910571
4.7976879882812495,3.8629333496093747,5.2602783203125,1.915436241610709,0.8280638923677752
5.53913330078125,3.8629333496093747,5.2602783203125,2.210738255033557,0.847483438999033
4.7976879882812495,3.492025146484375,5.2602783203125,1.8751677852348707,0.8104159800181087
4.7976879882812495,3.8629333496093747,8.2525146484375,1.9704697986576878,0.8523386917590715
5.53913330078125,3.492025146484375,8.2525146484375,2.2308724832214795,0.8554981497786435
9.79268798828125,8.860433349609375,0.3102783203125,3.2966442953021735,0.7632592735466346
0.54413330078125,8.860433349609375,0.3102783203125,0.38791946308724645,0.5324570198460379
9.79268798828125,8.489525146484375,0.3102783203125,3.269798657718277,0.7569235644036476
9.79268798828125,8.860433349609375,3.3025146484375,4.076510067114369,0.9470777623398652
0.54413330078125,8.489525146484375,3.3025146484375,0.4335570469798631,0.6656166509084728
7.29518798828125,1.3641833496093747,7.7352783203125,2.336912751677871,0.7041659302691642
8.03663330078125,1.3641833496093747,7.7352783203125,2.6308724832215384,0.7284424414830315
7.29518798828125,5.990775146484374,7.7352783203125,3.080536912751806,0.9313901378901503
7.29518798828125,1.3641833496093747,0.8275146484375,1.2174496644295134,0.3504195767137861
8.03663330078125,5.990775146484374,0.8275146484375,2.8429530201343214,0.7866482371003396
2.30018798828125,6.3616833496093745,2.7852783203125,1.0013422818791817,0.757851651351523
3.0416333007812497,6.3616833496093745,2.7852783203125,1.2899328859060222,0.7990083317790729
2.30018798828125,0.993275146484375,2.7852783203125,0.38657718120805185,0.151651866577606
2.30018798828125,6.3616833496093745,5.7775146484375,1.0832214765100527,0.8228410390024505
3.0416333007812497,0.993275146484375,5.7775146484375,0.4228187919463062,0.17340546274358892
1.67581298828125,3.2382458496093744,8.3540283203125,0.6765100671140869,0.6135604295596162
1.16850830078125,3.2382458496093744,8.3540283203125,0.48993288590603656,0.5062558617651322
1.67581298828125,6.615462646484374,8.3540283203125,0.8684563758389157,0.8136336642960738
1.67581298828125,3.2382458496093744,6.3962646484375,0.6510067114093894,0.5853871132080621
1.16850830078125,6.615462646484374,6.3962646484375,0.6536912751677786,0.750558906063246
6.67081298828125,8.235745849609375,3.4040283203125004,2.824161073825594,0.9231671090534896
6.16350830078125,8.235745849609375,3.4040283203125004,2.6228187919463695,0.9180675479598033
6.67081298828125,1.6179626464843748,3.4040283203125004,1.9651006711409094,0.637287810320709
6.67081298828125,8.235745849609375,1.4462646484375001,2.6684563758389936,0.8714891922302634
6.16350830078125,1.6179626464843748,1.4462646484375001,1.3489932885905849,0.45816279101370677
9.16831298828125,0.739495849609375,5.8790283203125,2.1583892617449587,0.5234696917633913
3.66600830078125,0.739495849609375,5.8790283203125,0.40939597315436016,0.12992143251336985
9.16831298828125,4.116712646484374,5.8790283203125,3.692617449664648,0.9105820759274061
9.16831298828125,0.739495849609375,3.9212646484375004,1.9060402684563467,0.4580683386425614
3.66600830078125,4.116712646484374,3.9212646484375004,1.444295302013402,0.7746251276987399
4.17331298828125,5.736995849609374,0.9290283203125,1.4174496644295098,0.6816106297265784
8.66100830078125,5.736995849609374,0.9290283203125,3.1100671140940923,0.8053265433126654
4.17331298828125,9.114212646484376,0.9290283203125,1.6120805369127278,0.7788662969834026
4.17331298828125,5.736995849609374,8.8712646484375,1.8375838926174217,0.8910387815159297
8.66100830078125,9.114212646484376,8.8712646484375,3.708724832214986,0.9624798809653288
2.92456298828125,1.9888708496093748,4.6415283203125,0.8214765100671044,0.500240846763318
9.90975830078125,1.9888708496093748,4.6415283203125,3.543624161074022,0.8137386493334726
2.92456298828125,7.864837646484374,4.6415283203125,1.3583892617449471,0.8680693475112169
2.92456298828125,1.9888708496093748,5.1587646484375,0.8429530201342181,0.5157492417902868
9.90975830078125,7.864837646484374,5.1587646484375,4.144966442953305,0.952755289050019
7.91956298828125,6.986370849609374,9.5915283203125,3.3731543624162788,0.9485132785767361
4.91475830078125,6.986370849609374,9.5915283203125,2.1758389261744915,0.9228334580968884
7.91956298828125,2.8673376464843745,9.5915283203125,3.1154362416108716,0.8759117954894426
7.91956298828125,6.986370849609374,0.2087646484375,2.3637583892617675,0.6597495428865607
4.91475830078125,2.8673376464843745,0.2087646484375,0.8993288590603916,0.35975091263691034
5.42206298828125,4.487620849609375,2.1665283203125,2.0362416107382293,0.7935025890227635
7.41225830078125,4.487620849609375,2.1665283203125,2.8201342281880093,0.8396636384752105
5.42206298828125,0.368587646484375,2.1665283203125,0.3812080536912734,0.059318237622894954
5.42206298828125,4.487620849609375,2.6837646484375,2.092617449664412,0.8160578178924569
7.41225830078125,0.368587646484375,2.6837646484375,0.3946308724832195,0.06031126012224269
0.42706298828125,9.485120849609375,7.1165283203125,0.4348993288590577,0.7384474394094291
2.41725830078125,9.485120849609375,7.1165283203125,1.2161073825503188,0.8930369322743466
0.42706298828125,5.366087646484375,7.1165283203125,0.3959731543624141,0.5689945292814317
0.42706298828125,9.485120849609375,7.6337646484375,0.4375838926174469,0.744557414300111
2.41725830078125,5.366087646484375,7.6337646484375,1.112751677852334,0.8162928641146554
0.58315673828125,2.4573864746093745,9.1274658203125,0.38523489932885724,0.3516509653848597
2.88553955078125,2.4573864746093745,9.1274658203125,1.0389261744966307,0.6628579725705477
0.58315673828125,3.3358532714843747,9.1274658203125,0.3932885906040249,0.43789907994870125
0.58315673828125,2.4573864746093745,9.0259521484375,0.38523489932885724,0.3515272492596545
2.88553955078125,3.3358532714843747,9.0259521484375,1.167785234899313,0.7516416015054067
5.57815673828125,7.454886474609374,4.1774658203124995,2.391946308724859,0.9118128911669448
7.88053955078125,7.454886474609374,4.1774658203124995,3.3060402684565373,0.9335215330795781
5.57815673828125,8.333353271484375,4.1774658203124995,2.414765100671171,0.9205701566650037
5.57815673828125,7.454886474609374,4.0759521484375,2.3892617449664693,0.9107773909323462
7.88053955078125,8.333353271484375,4.0759521484375,3.3275167785236546,0.9395973162024278
8.07565673828125,4.956136474609375,6.6524658203125,3.331543624161239,0.9205461490393905
0.38803955078125,4.956136474609375,6.6524658203125,0.38926174496644106,0.5413710795008659
8.07565673828125,5.834603271484374,6.6524658203125,3.3731543624162788,0.9320896946572143
8.07565673828125,4.956136474609375,1.6009521484375002,3.0295302013424026,0.8358313580220444
0.38803955078125,5.834603271484374,1.6009521484375002,0.3798657718120788,0.5261261322233469
3.0806567382812498,9.953636474609375,1.7024658203125,1.3476510067113903,0.8269881022055776
5.38303955078125,9.953636474609375,1.7024658203125,2.2550335570469864,0.8853600000219828
3.0806567382812498,0.8371032714843749,1.7024658203125,0.38523489932885724,0.12213728105723709
3.0806567382812498,9.953636474609375,6.5509521484375,1.4832214765100455,0.9119508698945993
5.38303955078125,0.8371032714843749,6.5509521484375,0.9852348993288464,0.357184874707319
4.32940673828125,3.7067614746093747,2.9399658203125,1.5973154362415871,0.7492202850385585
6.63178955078125,3.7067614746093747,2.9399658203125,2.5033557046980297,0.8215962789809367
4.32940673828125,2.0864782714843746,2.9399658203125,1.2442953020134055,0.5748937284209239
4.32940673828125,3.7067614746093747,7.7884521484375,1.7637583892617184,0.8297909707516464
6.63178955078125,2.0864782714843746,7.7884521484375,2.405369127516807,0.7896966167540798
9.32440673828125,8.704261474609375,7.8899658203125,3.958389261745224,0.9615593799840347
1.63678955078125,8.704261474609375,7.8899658203125,0.897986577181197,0.8546175549822854
9.32440673828125,7.083978271484375,7.8899658203125,3.9248322147653534,0.9533756215541047
9.32440673828125,8.704261474609375,2.8384521484375003,3.8671140939599757,0.9391139572456502
1.63678955078125,7.083978271484375,2.8384521484375003,0.7758389261744878,0.7323999737545359
6.82690673828125,1.2080114746093749,0.4649658203125,0.7557046979865687,0.21490001058190433
9.12928955078125,1.2080114746093749,0.4649658203125,1.2778523489932707,0.29987807574032566
6.82690673828125,9.582728271484376,0.4649658203125,2.4120805369127813,0.7700811835762891
6.82690673828125,1.2080114746093749,0.36345214843750007,0.696644295302006,0.1948239804216398
9.12928955078125,9.582728271484376,0.36345214843750007,3.166442953020275,0.7814367037691283
1.83190673828125,6.2055114746093745,5.4149658203125,0.8872483221476402,0.7840168402570367
4.13428955078125,6.2055114746093745,5.4149658203125,1.8013422818791673,0.8798688074331982
1.83190673828125,4.585228271484374,5.4149658203125,0.8080536912751584,0.7090921548318583
1.83190673828125,6.2055114746093745,5.3134521484374995,0.8859060402684455,0.7827338002185874
4.13428955078125,4.585228271484374,5.3134521484374995,1.714093959731518,0.8369174160547819
2.4562817382812496,4.3314489746093745,1.0837158203125001,0.7449664429530118,0.5192740504520672
2.26116455078125,4.3314489746093745,1.0837158203125001,0.6859060402684491,0.5024819694372257
2.4562817382812496,7.708665771484374,1.0837158203125001,0.9530201342281759,0.6841158243552006
2.4562817382812496,4.3314489746093745,7.1697021484375,1.0644295302013282,0.7706239383648299
2.26116455078125,7.708665771484374,7.1697021484375,1.1208053691275017,0.8623332447259884
7.45128173828125,9.328948974609375,6.0337158203125,3.208053691275315,0.9520209811508783
7.25616455078125,9.328948974609375,6.0337158203125,3.1302013422820147,0.9508821497730494
7.45128173828125,2.711165771484375,6.0337158203125,2.8335570469799576,0.8404177405773078
7.45128173828125,9.328948974609375,2.2197021484375004,3.103355704698118,0.9205529065932987
7.25616455078125,2.711165771484375,2.2197021484375004,2.4510067114094314,0.7420377483143948
9.94878173828125,1.8326989746093747,3.5587158203125,3.386577181208227,0.7742429791328564
4.7586645507812495,1.8326989746093747,3.5587158203125,1.3677852348993094,0.5863589138959291
9.94878173828125,0.212415771484375,3.5587158203125,0.38791946308724645,0.03680017570279734
9.94878173828125,1.8326989746093747,4.6947021484375,3.495302013423008,0.7996634514534207
4.7586645507812495,0.212415771484375,4.6947021484375,0.3744966442953004,0.037383982972317514
4.95378173828125,6.830198974609375,8.5087158203125,2.181208053691271,0.9189940521576441
9.75366455078125,6.830198974609375,8.5087158203125,4.092617449664707,0.9544686042369517
4.95378173828125,5.209915771484375,8.5087158203125,2.1221476510066983,0.894058608072702
4.95378173828125,6.830198974609375,9.6447021484375,2.187919463087245,0.9218599270616079
9.75366455078125,5.209915771484375,9.6447021484375,4.042953020134498,0.9428911624688961
3.70503173828125,0.5833239746093749,7.2712158203124995,0.3986577181208033,0.10506338362945648
8.50491455078125,0.5833239746093749,7.2712158203124995,1.5798657718120572,0.399322260336653
3.70503173828125,6.459290771484374,7.2712158203124995,1.6630872483221228,0.8866834650938524
3.70503173828125,0.5833239746093749,5.9322021484375,0.3946308724832195,0.10218466693583172
8.50491455078125,6.459290771484374,5.9322021484375,3.5570469798659703,0.9384967185718598
8.70003173828125,5.580823974609374,2.3212158203125,3.4456375838927995,0.8902361848100543
3.5099145507812497,5.580823974609374,2.3212158203125,1.3973154362415907,0.7748674109813429
8.70003173828125,1.4617907714843748,2.3212158203125,2.413422818791976,0.6187662099448352
8.70003173828125,5.580823974609374,0.9822021484375,3.1342281879195992,0.8083942177786814
3.5099145507812497,1.4617907714843748,0.9822021484375,0.42953020134227926,0.1788659290546962
6.20253173828125,3.082073974609375,9.7462158203125,2.4644295302013797,0.8580644192918354
6.00741455078125,3.082073974609375,9.7462158203125,2.3865771812080796,0.8540912243552785
6.20253173828125,3.9605407714843746,9.7462158203125,2.5530201342282384,0.8890429538967168
6.20253173828125,3.082073974609375,3.4572021484375,2.2791946308724933,0.7923192659456109
6.00741455078125,3.9605407714843746,3.4572021484375,2.328859060402702,0.8326813343763384
1.20753173828125,8.079573974609374,4.7962158203125,0.6872483221476438,0.7775496573192276
1.01241455078125,8.079573974609374,4.7962158203125,0.6120805369127458,0.7568373731903086
1.20753173828125,8.958040771484375,4.7962158203125,0.7046979865771736,0.7987386465956461
1.20753173828125,8.079573974609374,8.4072021484375,0.7181208053691197,0.8153647991861119
1.01241455078125,8.958040771484375,8.4072021484375,0.6563758389261678,0.8174022658441368
0.89534423828125,2.7697302246093747,5.7243408203124995,0.3999999999999979,0.3774151490357751
8.81710205078125,2.7697302246093747,5.7243408203124995,3.3771812080538632,0.8623730326195178
0.89534423828125,1.1494470214843748,5.7243408203124995,0.375838926174495,0.1833160531995477
0.89534423828125,2.7697302246093747,1.2915771484375,0.3812080536912734,0.3216077224589031
8.81710205078125,1.1494470214843748,1.2915771484375,1.703355704697961,0.42264841395698577
5.89034423828125,7.767230224609374,0.7743408203125,2.140939597315426,0.7766327915532207
3.82210205078125,7.767230224609374,0.7743408203125,1.3731543624160878,0.7092913473791195
5.89034423828125,6.146947021484374,0.7743408203125,2.0201342281878913,0.7317500837935207
5.89034423828125,7.767230224609374,6.2415771484375,2.5583892617450177,0.9312630176028235
3.82210205078125,6.146947021484374,6.2415771484375,1.6872483221476258,0.8776001832762441
8.38784423828125,0.270980224609375,8.1993408203125,0.4026845637583871,0.051594358264662736
6.31960205078125,0.270980224609375,8.1993408203125,0.38926174496644106,0.05021885784948541
8.38784423828125,8.645697021484375,8.1993408203125,3.5865771812082565,0.9581889274761194
8.38784423828125,0.270980224609375,8.7165771484375,0.40402684563758173,0.05204444865034155
6.31960205078125,8.645697021484375,8.7165771484375,2.766442953020216,0.948004215688701
3.39284423828125,5.268480224609374,3.2493408203125003,1.3946308724832015,0.794806533123607
1.32460205078125,5.268480224609374,3.2493408203125003,0.6013422818791889,0.6289344886054642
3.39284423828125,3.6481970214843744,3.2493408203125003,1.2483221476509894,0.7085083576697593
3.39284423828125,5.268480224609374,3.7665771484375004,1.4174496644295098,0.8082578069237439
1.32460205078125,3.6481970214843744,3.7665771484375004,0.5114093959731503,0.503884342405788
4.64159423828125,1.5203552246093748,2.0118408203125,0.9449664429530082,0.39595481664973525
0.07585205078125,1.5203552246093748,2.0118408203125,0.36375838926174353,0.22056270025850913
4.64159423828125,4.8975720214843745,2.0118408203125,1.7503355704697723,0.7760041257844108
4.64159423828125,1.5203552246093748,2.5290771484375,1.0335570469798523,0.4387141227543263
0.07585205078125,4.8975720214843745,2.5290771484375,0.36644295302013274,0.5098007410791194
9.63659423828125,6.517855224609375,6.9618408203125,4.022818791946576,0.9484781736167922
5.07085205078125,6.517855224609375,6.9618408203125,2.2053691275167777,0.9111724235190903
9.63659423828125,9.895072021484374,6.9618408203125,4.095302013423097,0.9655121900459608
9.63659423828125,6.517855224609375,7.4790771484375,4.028187919463355,0.9497584222071287
5.07085205078125,9.895072021484374,7.4790771484375,2.280536912751688,0.9423254526918339
7.13909423828125,4.019105224609374,4.4868408203125,2.8348993288591524,0.8731589715555925
2.5733520507812497,4.019105224609374,4.4868408203125,1.0295302013422685,0.7181553001472901
7.13909423828125,7.396322021484374,4.4868408203125,3.017449664429649,0.9296784590395435
7.13909423828125,4.019105224609374,9.9540771484375,2.932885906040375,0.9037743471990297
2.5733520507812497,7.396322021484374,9.9540771484375,1.2550335570469624,0.881397402549928
2.14409423828125,9.016605224609375,9.4368408203125,1.1114093959731395,0.8873001659787436
7.56835205078125,9.016605224609375,9.4368408203125,3.2738255033558614,0.9583149122287706
2.14409423828125,2.3988220214843747,9.4368408203125,0.7436241610738172,0.5698544009353685
2.14409423828125,9.016605224609375,5.0040771484375,1.079194630872469,0.8610166397679202
7.56835205078125,2.3988220214843747,5.0040771484375,2.767785234899411,0.8093088906574312
1.51971923828125,0.8956677246093749,3.8680908203125,0.3771812080536896,0.14319580407673388
5.6952270507812495,0.8956677246093749,3.8680908203125,0.9758389261744842,0.33694141458433124
1.51971923828125,5.522259521484375,3.8680908203125,0.7046979865771736,0.6918009514451495
1.51971923828125,0.8956677246093749,3.1478271484375,0.375838926174495,0.14085275322862542
5.6952270507812495,5.522259521484375,3.1478271484375,2.3154362416107537,0.8668039407042982
6.51471923828125,5.893167724609374,8.8180908203125,2.77583892617458,0.9264765667626225
0.70022705078125,5.893167724609374,8.8180908203125,0.47114093959731207,0.66081668949164
6.51471923828125,0.524759521484375,8.8180908203125,0.7355704697986496,0.20265690885402812
6.51471923828125,5.893167724609374,8.097827148437501,2.769127516778606,0.9242353312523691
0.70022705078125,0.524759521484375,8.097827148437501,0.36778523489932735,0.0901778222462003
9.01221923828125,3.3944177246093745,1.3930908203125,3.0791946308726112,0.7689888958922337
8.192727050781249,3.3944177246093745,1.3930908203125,2.7637583892618265,0.7513618475313603
9.01221923828125,3.0235095214843746,1.3930908203125,2.9825503355705836,0.7443847648514543
9.01221923828125,3.3944177246093745,5.6228271484375,3.5489932885908013,0.88869905352586
8.192727050781249,3.0235095214843746,5.6228271484375,3.1704697986578596,0.8645872896885248
4.01721923828125,8.391917724609375,6.3430908203125,1.8268456375838649,0.9134119689593438
3.19772705078125,8.391917724609375,6.3430908203125,1.5006711409395754,0.8969020596307198
4.01721923828125,8.021009521484375,6.3430908203125,1.8201342281878918,0.9100078363332962
4.01721923828125,8.391917724609375,0.6728271484375,1.437583892617429,0.7139672255160989
3.19772705078125,8.021009521484375,0.6728271484375,1.1315436241610586,0.6688533792764986
2.76846923828125,4.643792724609375,7.5805908203125,1.2134228187919296,0.806993746357326
4.44647705078125,4.643792724609375,7.5805908203125,1.8805369127516491,0.8659457828179142
2.76846923828125,9.270384521484376,7.5805908203125,1.355704697986558,0.9027110785517747
2.76846923828125,4.643792724609375,4.3853271484375,1.1530201342281723,0.7652035122162563
4.44647705078125,9.270384521484376,4.3853271484375,1.9892617449664123,0.9160308963456834
7.76346923828125,9.641292724609375,2.6305908203125004,3.260402684563913,0.9327956615773083
9.44147705078125,9.641292724609375,2.6305908203125004,3.926174496644548,0.9427601968813093
7.76346923828125,4.272884521484374,2.6305908203125004,2.9919463087249474,0.8553983197122286
7.76346923828125,9.641292724609375,9.3353271484375,3.3610738255035253,0.9616926763618263
9.44147705078125,4.272884521484374,9.3353271484375,3.864429530201586,0.9281625293905466
5.26596923828125,2.145042724609375,5.1055908203125,1.7906040268456105,0.7138603257415836
1.94897705078125,2.145042724609375,5.1055908203125,0.539597315436237,0.40056455158878224
5.26596923828125,1.7741345214843747,5.1055908203125,1.6510067114093714,0.6557712372529154
5.26596923828125,2.145042724609375,6.8603271484374995,1.8563758389261462,0.7411764775804146
1.94897705078125,1.7741345214843747,6.8603271484374995,0.4765100671140905,0.32440685043484613
0.27096923828125,7.142542724609374,0.15559082031250002,0.37046979865771656,0.5311945860597025
6.94397705078125,7.142542724609374,0.15559082031250002,1.9986577181207745,0.6249166123400148
0.27096923828125,6.7716345214843745,0.15559082031250002,0.37046979865771656,0.5209841081143899
0.27096923828125,7.142542724609374,1.9103271484375002,0.3771812080536896,0.5902197254426551
6.94397705078125,6.7716345214843745,1.9103271484375002,2.77583892617458,0.8755673742704108
0.19292236328125,1.1299255371093748,5.6469970703125,0.36510067114093814,0.17737405314802834
0.77827392578125,1.1299255371093748,5.6469970703125,0.3731543624161058,0.17945020473901435
0.19292236328125,8.411439208984374,5.6469970703125,0.382550335570468,0.6791968843226531
0.19292236328125,1.1299255371093748,4.7720458984375,0.36510067114093814,0.17639531212888757
0.77827392578125,8.411439208984374,4.7720458984375,0.5288590604026802,0.7344744687063177
5.18792236328125,6.127425537109374,0.6969970703125,1.7248322147650748,0.6943480196596714
5.7732739257812495,6.127425537109374,0.6969970703125,1.9369127516778226,0.7131289681285413
5.18792236328125,3.4139392089843748,0.6969970703125,1.3651006711409202,0.5429253145485495
5.18792236328125,6.127425537109374,9.7220458984375,2.2604026845637657,0.9163399298639023
5.7732739257812495,3.4139392089843748,9.7220458984375,2.3315436241610916,0.863315897178893
7.68542236328125,3.6286755371093746,8.1219970703125,3.097986577181339,0.8944702264699897
3.27577392578125,3.6286755371093746,8.1219970703125,1.3422818791946118,0.7864112821123468
7.68542236328125,0.915189208984375,8.1219970703125,2.055033557046957,0.5866390143126256
7.68542236328125,3.6286755371093746,7.2470458984374995,3.0845637583893906,0.890545837753666
3.27577392578125,0.915189208984375,7.2470458984374995,0.4322147651006685,0.16943006905754895
2.69042236328125,8.626175537109376,3.1719970703125,1.2469798657717948,0.84699621976245
8.27077392578125,8.626175537109376,3.1719970703125,3.4617449664431375,0.9362567703751543
2.69042236328125,5.912689208984374,3.1719970703125,1.150335570469783,0.7798531367305552
2.69042236328125,8.626175537109376,2.2970458984375,1.205369127516762,0.8179505924548875
8.27077392578125,5.912689208984374,2.2970458984375,3.2953020134229787,0.8908320308071818
3.93917236328125,4.878050537109375,1.9344970703125002,1.4657718120805157,0.7411183008560652
9.51952392578125,4.878050537109375,1.9344970703125002,3.6577181208055825,0.8711233478051356
3.93917236328125,7.162064208984375,1.9344970703125002,1.6134228187919224,0.817881465911994
3.93917236328125,4.878050537109375,3.5345458984375,1.5973154362415871,0.8100538215811713
9.51952392578125,7.162064208984375,3.5345458984375,3.927516778523743,0.9361319028378201
8.93417236328125,9.875550537109374,6.8844970703124995,3.8147651006713774,0.9630540103574976
4.52452392578125,9.875550537109374,6.8844970703124995,2.0590604026845414,0.9349652068275112
8.93417236328125,2.1645642089843746,6.8844970703124995,3.3194630872484856,0.8375866317786802
8.93417236328125,9.875550537109374,8.4845458984375,0.3020134228187916,0.07829704503088906
4.52452392578125,2.1645642089843746,8.4845458984375,1.6067114093959494,0.7270319414091131
6.43667236328125,2.3793005371093745,4.4094970703125,2.280536912751688,0.7676194012961539
7.02202392578125,2.3793005371093745,4.4094970703125,2.5127516778523935,0.7843519119470088
6.43667236328125,4.663314208984374,4.4094970703125,2.6080536912752263,0.8792311115832843
6.43667236328125,2.3793005371093745,6.0095458984375,2.3557046979865985,0.7935871260709801
7.02202392578125,4.663314208984374,6.0095458984375,2.8832214765101662,0.901258952164312
1.44167236328125,7.376800537109374,9.3594970703125,0.8013422818791853,0.8230360718477379
2.0270239257812497,7.376800537109374,9.3594970703125,1.0335570469798523,0.856880993547599
1.44167236328125,9.660814208984375,9.3594970703125,0.8416107382550235,0.8653249709250974
1.44167236328125,7.376800537109374,1.0595458984375001,0.5973154362416051,0.5908864230218238
2.0270239257812497,9.660814208984375,1.0595458984375001,0.860402684563748,0.7057090721529825
2.0660473632812497,3.003988037109375,5.0282470703125,0.7369127516778442,0.5826934669508452
3.90014892578125,3.003988037109375,5.0282470703125,1.4429530201342073,0.7359977212373854
2.0660473632812497,2.7892517089843745,5.0282470703125,0.7046979865771736,0.5514145984486538
2.0660473632812497,3.003988037109375,1.6782958984375,0.5570469798657669,0.4112012445209432
3.90014892578125,2.7892517089843745,1.6782958984375,1.1033557046979718,0.5520952908497136
7.06104736328125,8.001488037109375,9.9782470703125,3.056375838926299,0.951000108258123
8.89514892578125,8.001488037109375,9.9782470703125,3.787919463087481,0.9597978229821277
7.06104736328125,7.786751708984374,9.9782470703125,3.0523489932887147,0.9497400463657297
7.06104736328125,8.001488037109375,6.6282958984375,3.033557046979987,0.9438359775492967
8.89514892578125,7.786751708984374,6.6282958984375,3.7583892617451946,0.9525598771064727
9.55854736328125,0.505238037109375,2.5532470703125,0.9328859060402568,0.19457609675939325
1.40264892578125,0.505238037109375,2.5532470703125,0.36912751677852196,0.08268416012957684
9.55854736328125,5.288001708984375,2.5532470703125,3.787919463087481,0.8991776936356075
9.55854736328125,0.505238037109375,9.1032958984375,1.785234899328832,0.40842426586870795
1.40264892578125,5.288001708984375,9.1032958984375,0.7194630872483143,0.7461934142147233
4.56354736328125,5.502738037109374,7.5032470703125,1.9704697986576878,0.8883699401300703
6.39764892578125,5.502738037109374,7.5032470703125,2.7006711409396695,0.9156227780288171
4.56354736328125,0.290501708984375,7.5032470703125,0.382550335570468,0.05287899752194534
4.56354736328125,5.502738037109374,4.1532958984374995,1.9087248322147359,0.8600844614016969
6.39764892578125,0.290501708984375,4.1532958984374995,0.38523489932885724,0.05055226819425715
3.31479736328125,1.7546130371093747,8.7407470703125,1.0067114093959602,0.5695761116231228
5.14889892578125,1.7546130371093747,8.7407470703125,1.7234899328858801,0.6998722746512087
3.31479736328125,1.5398767089843748,8.7407470703125,0.9140939597315323,0.5081513869876717
3.31479736328125,1.7546130371093747,0.4407958984375,0.413422818791944,0.17864259277898878
5.14889892578125,1.5398767089843748,0.4407958984375,0.6255033557046918,0.22087923559474892
8.30979736328125,6.752113037109375,3.7907470703125004,3.441610738255215,0.9269143732457905
0.15389892578125,6.752113037109375,3.7907470703125004,0.3731543624161058,0.6066408535455058
8.30979736328125,6.537376708984374,3.7907470703125004,3.433557046980046,0.9247272792843129
8.30979736328125,6.752113037109375,5.3907958984375,3.480536912751865,0.9375394808912567
0.15389892578125,6.537376708984374,5.3907958984375,0.3744966442953004,0.6084178989483314
5.81229736328125,4.2533630371093745,6.2657470703125,2.377181208053716,0.8750124099295806
7.64639892578125,4.2533630371093745,6.2657470703125,3.1073825503357027,0.9011670922102382
5.81229736328125,9.036126708984375,6.2657470703125,2.5530201342282384,0.939992689004155
5.81229736328125,4.2533630371093745,7.8657958984375,2.4013422818792227,0.8840447176761531
7.64639892578125,9.036126708984375,7.8657958984375,3.2966442953021735,0.9562574046018948
0.81729736328125,9.250863037109376,1.3157470703125,0.4738255033557013,0.6216700755253848
2.65139892578125,9.250863037109376,1.3157470703125,1.1154362416107233,0.7628432346811653
0.81729736328125,4.038626708984374,1.3157470703125,0.38926174496644106,0.405654255394253
0.81729736328125,9.250863037109376,2.9157958984375,0.5275167785234856,0.7139074442870983
2.65139892578125,4.038626708984374,2.9157958984375,0.986577181208041,0.670255398400355
1.12948486328125,3.9410192871093748,9.6688720703125,0.5436241610738208,0.6072347220755799
7.33421142578125,3.9410192871093748,9.6688720703125,3.002684563758506,0.903588444535212
1.12948486328125,6.225032958984374,9.6688720703125,0.6496644295301948,0.7604693007397769
1.12948486328125,3.9410192871093748,5.0814208984375,0.4979865771812042,0.5384462755400193
7.33421142578125,6.225032958984374,5.0814208984375,3.0684563758390526,0.9232496832541512
6.12448486328125,8.938519287109376,4.7188720703125,2.6550335570470454,0.9346242401584038
2.33921142578125,8.938519287109376,4.7188720703125,1.150335570469783,0.8641284536402944
6.12448486328125,1.2275329589843749,4.7188720703125,1.6053691275167548,0.5554518030277444
6.12448486328125,8.938519287109376,0.13142089843750002,1.833557046979838,0.6393544285110198
2.33921142578125,1.2275329589843749,0.13142089843750002,0.3744966442953004,0.14120911986703027
8.62198486328125,1.4422692871093747,7.1938720703125,2.893959731543725,0.7530438285921118
9.83171142578125,1.4422692871093747,7.1938720703125,3.3744966442954736,0.7804386765943376
8.62198486328125,3.7262829589843744,7.1938720703125,3.465771812080722,0.9032216918573965
8.62198486328125,1.4422692871093747,2.6064208984375004,2.4416107382550676,0.6315749211814236
9.83171142578125,3.7262829589843744,2.6064208984375004,3.738255033557272,0.86471500369464
3.62698486328125,6.439769287109375,2.2438720703125004,1.4859060402684348,0.8038896595292083
4.83671142578125,6.439769287109375,2.2438720703125004,1.9624161073825201,0.8422812532479182
3.62698486328125,8.723782958984375,2.2438720703125004,1.5731543624160842,0.8520145225463928
3.62698486328125,6.439769287109375,7.5564208984375,1.6335570469798415,0.8856698192910755
4.83671142578125,8.723782958984375,7.5564208984375,2.170469798657712,0.9328038441212718
4.87573486328125,0.19289428710937498,3.4813720703125,0.37181208053691117,0.033255246157876436
3.5879614257812498,0.19289428710937498,3.4813720703125,0.36912751677852196,0.03322296418472373
4.87573486328125,9.973157958984375,3.4813720703125,2.1516778523489846,0.9183468140951617
4.87573486328125,0.19289428710937498,6.3189208984375,0.3744966442953004,0.03455717703573679
3.5879614257812498,9.973157958984375,6.3189208984375,1.683221476510042,0.9204076599756654
9.87073486328125,5.190394287109375,8.4313720703125,4.079194630872759,0.941060296632852
8.58296142578125,5.190394287109375,8.4313720703125,3.566442953020334,0.933359230832145
9.87073486328125,4.975657958984375,8.4313720703125,4.0684563758392,0.9385779930325667
9.87073486328125,5.190394287109375,1.3689208984375,3.699328859060622,0.8521702440469912
8.58296142578125,4.975657958984375,1.3689208984375,3.16778523489947,0.8275100815593951
7.37323486328125,2.6916442871093746,1.0063720703125,2.077852348993269,0.616378511559541
1.09046142578125,2.6916442871093746,1.0063720703125,0.382550335570468,0.3011250822825049
7.37323486328125,2.4769079589843748,1.0063720703125,1.9986577181207745,0.5919207588332829
7.37323486328125,2.6916442871093746,3.8439208984375,2.6912751677853057,0.8050351008465937
1.09046142578125,2.4769079589843748,3.8439208984375,0.3986577181208033,0.3342687736981626
2.37823486328125,7.689144287109374,5.9563720703125,1.1557046979865615,0.8581713962229589
6.08546142578125,7.689144287109374,5.9563720703125,2.6308724832215384,0.9312487162933724
2.37823486328125,7.474407958984374,5.9563720703125,1.150335570469783,0.8541400138298554
2.37823486328125,7.689144287109374,8.7939208984375,1.1785234899328698,0.8754302355761573
6.08546142578125,7.474407958984374,8.7939208984375,2.649664429530266,0.9380140357847744
1.75385986328125,2.066956787109375,0.38762207031250007,0.382550335570468,0.21967739293025254
7.95858642578125,2.066956787109375,0.38762207031250007,1.5449664429529975,0.42034728852066117
1.75385986328125,0.6028454589843749,0.38762207031250007,0.36778523489932735,0.08771514463192553
1.75385986328125,2.066956787109375,8.1751708984375,0.5114093959731503,0.39618126453252034
7.95858642578125,0.6028454589843749,8.1751708984375,1.495302013422797,0.39995664837799483
6.7488598632812495,7.064456787109374,5.3376220703124995,2.868456375839023,0.92835281496384
2.9635864257812496,7.064456787109374,5.3376220703124995,1.3637583892617255,0.862939823543929
6.7488598632812495,5.600345458984375,5.3376220703124995,2.813422818792035,0.9104622916139539
6.7488598632812495,7.064456787109374,3.2251708984375003,2.8120805369128403,0.9098353272935538
2.9635864257812496,5.600345458984375,3.2251708984375003,1.2442953020134055,0.7856327211582645
9.24635986328125,4.565706787109375,2.8626220703125003,3.6322147651008807,0.888442333180647
5.46108642578125,4.565706787109375,2.8626220703125003,2.131543624161062,0.826391754017358
9.24635986328125,8.099095458984376,2.8626220703125003,3.8201342281881567,0.934751654809947
9.24635986328125,4.565706787109375,0.7501708984375,3.059060402684689,0.7457603938157009
5.46108642578125,8.099095458984376,0.7501708984375,1.9879194630872177,0.768803224025732
4.25135986328125,9.563206787109374,7.8126220703125,1.9516778523489633,0.9323695680842495
0.46608642578125004,9.563206787109374,7.8126220703125,0.4523489932885876,0.756036877182279
4.25135986328125,3.1015954589843746,7.8126220703125,1.6644295302013175,0.7942022821164414
4.25135986328125,9.563206787109374,5.7001708984374995,1.935570469798628,0.9245539585021003
0.46608642578125004,3.1015954589843746,5.7001708984374995,0.3812080536912734,0.40068357662172077
3.0026098632812497,3.3163317871093745,6.5751220703125,1.1758389261744806,0.7338134713930524
1.71483642578125,3.3163317871093745,6.5751220703125,0.6778523489932815,0.6052620168475427
3.0026098632812497,4.350970458984374,6.5751220703125,1.2724832214764923,0.7964939874251074
3.0026098632812497,3.3163317871093745,9.4126708984375,1.2161073825503188,0.7602834667893652
1.71483642578125,4.350970458984374,9.4126708984375,0.7946308724832123,0.7288691186452991
7.99760986328125,8.313831787109375,1.6251220703125002,3.2241610738256528,0.8980013891083256
6.7098364257812495,8.313831787109375,1.6251220703125002,2.7154362416108127,0.8825348314128398
7.99760986328125,9.348470458984375,1.6251220703125002,3.261744966443108,0.9085525891373711
7.99760986328125,8.313831787109375,4.4626708984375,3.3825503355706426,0.9427351312965573
6.7098364257812495,9.348470458984375,4.4626708984375,2.891275167785335,0.9404795297189947
5.50010986328125,0.8175817871093749,9.0501220703125,1.1006711409395826,0.3988924889624192
4.21233642578125,0.8175817871093749,9.0501220703125,0.6322147651006649,0.24922684690068686
5.50010986328125,6.8497204589843745,9.0501220703125,2.4026845637584175,0.9272056607015042
5.50010986328125,0.8175817871093749,1.9876708984375002,0.5127516778523449,0.1517190525466037
4.21233642578125,6.8497204589843745,1.9876708984375002,1.7114093959731287,0.8221870586578418
0.50510986328125,5.815081787109374,4.1001220703125,0.3999999999999979,0.5675146005528927
9.20733642578125,5.815081787109374,4.1001220703125,3.7691275167787532,0.925834940910907
0.50510986328125,1.8522204589843747,4.1001220703125,0.3731543624161058,0.2670220310712239
0.50510986328125,5.815081787109374,6.9376708984375,0.41073825503355477,0.5997740268085181
9.20733642578125,1.8522204589843747,6.9376708984375,3.32348993288607,0.816005490813768
0.34901611328125004,3.4725036621093746,2.3985595703125,0.3731543624161058,0.4077798543337926
6.24155517578125,3.4725036621093746,2.3985595703125,2.251006711409402,0.777760931174423
0.34901611328125004,9.504642333984375,2.3985595703125,0.3946308724832195,0.6623077170220095
0.34901611328125004,3.4725036621093746,5.8548583984375,0.3771812080536896,0.4297811026981471
6.24155517578125,9.504642333984375,5.8548583984375,2.727516778523566,0.944679378227914
5.34401611328125,8.470003662109375,7.3485595703125,2.3651006711409623,0.9351568095640302
1.24655517578125,8.470003662109375,7.3485595703125,0.7355704697986496,0.8207316949808531
5.34401611328125,4.507142333984374,7.3485595703125,2.2255033557047,0.8797938877120823
5.34401611328125,8.470003662109375,0.9048583984375,2.022818791946281,0.7974802860063892
1.24655517578125,4.507142333984374,0.9048583984375,0.42416107382550083,0.40156156264287524
7.84151611328125,0.973753662109375,4.8735595703125,1.9825503355704392,0.5541957110210669
8.73905517578125,0.973753662109375,4.8735595703125,2.3261744966443123,0.5931234435468743
7.84151611328125,2.0083923339843746,4.8735595703125,2.7463087248322937,0.7777947754987269
7.84151611328125,0.973753662109375,3.3798583984375004,1.7798657718120536,0.49370012347614345
8.73905517578125,2.0083923339843746,3.3798583984375004,2.9691275167786353,0.7628927203779796
2.84651611328125,5.971253662109374,9.8235595703125,1.3234899328858873,0.8632760980804669
3.74405517578125,5.971253662109374,9.8235595703125,1.6805369127516527,0.8887387757198424
2.84651611328125,7.005892333984375,9.8235595703125,1.3543624161073633,0.883512725346272
2.84651611328125,5.971253662109374,8.3298583984375,1.3127516778523305,0.8561910450721206
3.74405517578125,7.005892333984375,8.3298583984375,1.703355704697961,0.9007626016289204
4.09526611328125,2.223128662109375,6.1110595703124995,1.3946308724832015,0.6818331125257353
4.99280517578125,2.223128662109375,6.1110595703124995,1.747651006711383,0.7290599948144176
4.09526611328125,5.756517333984374,6.1110595703124995,1.778523489932859,0.8754180474500766
4.09526611328125,2.223128662109375,7.0923583984375,1.4228187919462882,0.6964463719119578
4.99280517578125,5.756517333984374,7.0923583984375,2.1476510067114,0.898867146882238
9.09026611328125,7.220628662109374,1.1610595703125002,3.497986577181398,0.868268390548381
9.98780517578125,7.220628662109374,1.1610595703125002,3.851006711409638,0.8779060017513278
9.09026611328125,0.759017333984375,1.1610595703125002,1.0469798657717984,0.23798453856879223
9.09026611328125,7.220628662109374,2.1423583984375,3.6738255033559204,0.9126268659895855
9.98780517578125,0.759017333984375,2.1423583984375,1.7704697986576914,0.390200620561883
6.59276611328125,4.721878662109375,8.5860595703125,2.750335570469878,0.9084944099405334
2.4953051757812497,4.721878662109375,8.5860595703125,1.1194630872483071,0.802645128895575
6.59276611328125,3.2577673339843747,8.5860595703125,2.628187919463149,0.8680160946974071
6.59276611328125,4.721878662109375,4.6173583984375,2.681879194630942,0.8855677266659692
2.4953051757812497,3.2577673339843747,4.6173583984375,0.9194630872483107,0.650278914136547
1.59776611328125,9.719378662109374,3.6360595703125003,0.8510067114093858,0.8207659229416631
7.49030517578125,9.719378662109374,3.6360595703125003,3.190604026845782,0.9423476365997264
1.59776611328125,8.255267333984374,3.6360595703125003,0.8214765100671044,0.7910369401272246
1.59776611328125,9.719378662109374,9.5673583984375,0.90469798657717,0.8743577139448153
7.49030517578125,8.255267333984374,9.5673583984375,3.229530201342432,0.9540658778935475
2.22214111328125,0.34906616210937497,7.9673095703125,0.3731543624161058,0.06189114742366684
9.36343017578125,0.34906616210937497,7.9673095703125,0.7020134228187844,0.13352236772522308
2.22214111328125,3.8824548339843745,7.9673095703125,0.9476510067113975,0.7338098603000869
2.22214111328125,0.34906616210937497,7.7111083984375,0.3731543624161058,0.06182167564337003
9.36343017578125,3.8824548339843745,7.7111083984375,3.7838926174498964,0.9156008413265397
7.21714111328125,5.346566162109374,3.0173095703125004,2.900671140939699,0.8847937831624114
4.36843017578125,5.346566162109374,3.0173095703125004,1.7704697986576914,0.8262207639160883
7.21714111328125,8.879954833984375,3.0173095703125004,3.042953020134351,0.9285161764695902
7.21714111328125,5.346566162109374,2.7611083984375,2.8818791946309714,0.8789844490255098
4.36843017578125,8.879954833984375,2.7611083984375,1.9006711409395682,0.887639785328661
9.71464111328125,2.8478161621093747,5.4923095703125,3.740939597315662,0.8752536160660578
6.86593017578125,2.8478161621093747,5.4923095703125,2.6080536912752263,0.8309938049585516
9.71464111328125,6.381204833984374,5.4923095703125,4.02953020134255,0.9430601441528741
9.71464111328125,2.8478161621093747,0.2861083984375,2.2845637583892726,0.5273667625836835
6.86593017578125,6.381204833984374,0.2861083984375,2.0429530201342034,0.6458486254713838
4.7196411132812495,7.845316162109374,0.5423095703125,1.6026845637583655,0.6978489957458476
1.87093017578125,7.845316162109374,0.5423095703125,0.66577181208053,0.5603768839877389
4.7196411132812495,1.3837048339843747,0.5423095703125,0.4979865771812042,0.17526299245661742
4.7196411132812495,7.845316162109374,5.2361083984375,2.0818791946308535,0.9128979306029379
1.87093017578125,1.3837048339843747,5.2361083984375,0.4026845637583871,0.21972269544053724
3.4708911132812497,4.097191162109374,4.2548095703125,1.3798657718120608,0.7723220189095036
0.6221801757812501,4.097191162109374,4.2548095703125,0.3946308724832195,0.469882539934821
3.4708911132812497,0.134329833984375,4.2548095703125,0.36778523489932735,0.02357156210937759
3.4708911132812497,4.097191162109374,8.9486083984375,1.4697986577180995,0.8243058325598465
0.6221801757812501,0.134329833984375,8.9486083984375,0.36375838926174353,0.02403761663918599
8.46589111328125,9.094691162109376,9.2048095703125,3.6322147651008807,0.9619685859846054
5.61718017578125,9.094691162109376,9.2048095703125,2.4966442953020556,0.9464154694926267
8.46589111328125,5.131829833984375,9.2048095703125,3.5234899328860996,0.9335466166746451
8.46589111328125,9.094691162109376,3.9986083984375003,3.574496644295503,0.9469409228230774
5.61718017578125,5.131829833984375,3.9986083984375003,2.3006711409396106,0.8715873829187268
5.96839111328125,1.5984411621093748,1.7798095703125,1.375838926174477,0.481860740224755
3.11968017578125,1.5984411621093748,1.7798095703125,0.5100671140939557,0.2545327586866796
5.96839111328125,7.630579833984374,1.7798095703125,2.416107382550366,0.8687162378984059
5.96839111328125,1.5984411621093748,1.5236083984375002,1.2993288590603844,0.45270705595280947
3.11968017578125,7.630579833984374,1.5236083984375002,1.2644295302013246,0.7669378895263271
0.97339111328125,6.595941162109375,6.7298095703125,0.5812080536912698,0.7288836588157319
8.11468017578125,6.595941162109375,6.7298095703125,3.417449664429708,0.9403021161000804
0.97339111328125,2.633079833984375,6.7298095703125,0.40536912751677634,0.3723044370738768
0.97339111328125,6.595941162109375,6.4736083984374995,0.5785234899328806,0.7250188509594003
8.11468017578125,2.633079833984375,6.4736083984374995,3.095302013422949,0.8513150082077834
0.66120361328125,1.286097412109375,2.7079345703125,0.37046979865771656,0.19255806399897
2.18311767578125,1.286097412109375,2.7079345703125,0.3946308724832195,0.1884829673926584
0.66120361328125,7.318236083984375,2.7079345703125,0.4375838926174469,0.6154036411164912
0.66120361328125,1.286097412109375,4.3079833984375,0.37181208053691117,0.1975245680668719
2.18311767578125,7.318236083984375,4.3079833984375,1.04161073825502,0.8200646527179676
5.65620361328125,6.2835974121093745,7.6579345703125,2.437583892617483,0.9185391982484163
7.17811767578125,6.2835974121093745,7.6579345703125,3.0442953020135457,0.9336001416479878
5.65620361328125,2.3207360839843747,7.6579345703125,2.077852348993269,0.7820186382069747
5.65620361328125,6.2835974121093745,9.2579833984375,2.4496644295302366,0.9231465516442969
7.17811767578125,2.3207360839843747,9.2579833984375,2.712751677852423,0.8316501534054882
8.15370361328125,3.7848474121093747,0.2329345703125,2.013422818791917,0.5439843305631549
4.68061767578125,3.7848474121093747,0.2329345703125,1.0255033557046846,0.43570022779448914
8.15370361328125,4.8194860839843745,0.2329345703125,2.2080536912751674,0.5987588091403542
8.15370361328125,3.7848474121093747,6.7829833984375,3.277852348993446,0.8979277285371337
4.68061767578125,4.8194860839843745,6.7829833984375,1.973154362416077,0.8711205038259939
3.15870361328125,8.782347412109376,5.1829345703125,1.4805369127516563,0.8930421807038553
9.67561767578125,8.782347412109376,5.1829345703125,4.0724832214767845,0.9566431909935855
3.15870361328125,9.816986083984375,5.1829345703125,1.4979865771811862,0.9036509782672455
3.15870361328125,8.782347412109376,1.8329833984375001,1.3570469798657525,0.8170115193631478
9.67561767578125,9.816986083984375,1.8329833984375001,3.9637583892620034,0.9307365525847939
4.40745361328125,2.5354724121093746,8.8954345703125,1.6510067114093714,0.7645031600497754
8.42686767578125,2.5354724121093746,8.8954345703125,3.2510067114095493,0.8647381983696314
4.40745361328125,8.567611083984374,8.8954345703125,2.0040268456375534,0.929741580584583
4.40745361328125,2.5354724121093746,3.0704833984375,1.4241610738254828,0.6546207780924417
8.42686767578125,8.567611083984374,3.0704833984375,3.5181208053693203,0.935730725467542
9.40245361328125,7.532972412109374,3.9454345703125004,3.9073825503358206,0.9418611365761473
3.43186767578125,7.532972412109374,3.9454345703125004,1.5342281879194406,0.8680672879644433
9.40245361328125,3.570111083984375,3.9454345703125004,3.6577181208055825,0.8813603651057599
9.40245361328125,7.532972412109374,8.0204833984375,3.967785234899588,0.9565865217819984
3.43186767578125,3.570111083984375,8.0204833984375,1.3973154362415907,0.7899055355489881
6.90495361328125,0.036722412109375,6.4204345703125,0.36644295302013274,0.0066289090339012886
5.92936767578125,0.036722412109375,6.4204345703125,0.36510067114093814,0.006591397887980356
6.90495361328125,1.0713610839843748,6.4204345703125,1.867114093959703,0.5849866028547119
6.90495361328125,0.036722412109375,5.5454833984375,0.36644295302013274,0.0065961629303771824
5.92936767578125,1.0713610839843748,5.5454833984375,1.4389261744966235,0.5073352192856831
1.90995361328125,5.034222412109375,1.4704345703125001,0.6805369127516707,0.5657391967454087
0.93436767578125,5.034222412109375,1.4704345703125001,0.4161073825503332,0.46240632102118084
1.90995361328125,6.068861083984374,1.4704345703125001,0.7395973154362334,0.6233159877484504
1.90995361328125,5.034222412109375,0.5954833984375,0.5624161073825453,0.4478622468543709
0.93436767578125,6.068861083984374,0.5954833984375,0.40671140939597095,0.4483392347057785
1.2855786132812501,4.4095349121093745,7.0391845703125,0.6120805369127458,0.653312636680945
2.80749267578125,4.4095349121093745,7.0391845703125,1.2067114093959566,0.7939612571456494
1.2855786132812501,1.6960485839843749,7.0391845703125,0.3973154362416087,0.26495348146586123
1.2855786132812501,4.4095349121093745,2.4517333984375003,0.5100671140939557,0.5169552746080674
2.80749267578125,1.6960485839843749,2.4517333984375003,0.5369127516778478,0.29779867912206137
6.28057861328125,9.407034912109376,2.0891845703125003,2.6322147651007333,0.9062623685687872
7.80249267578125,9.407034912109376,2.0891845703125003,3.2348993288592114,0.9212499807034138
6.28057861328125,6.6935485839843745,2.0891845703125003,2.5302013422819263,0.8708403186080245
6.28057861328125,9.407034912109376,7.4017333984375,2.7543624161074627,0.9489242090581609
7.80249267578125,6.6935485839843745,7.4017333984375,3.3033557046981477,0.9411745245391316
8.77807861328125,1.9107849121093747,9.5141845703125,3.237583892617601,0.8301089327049515
0.30999267578125,1.9107849121093747,9.5141845703125,0.37181208053691117,0.28411966330852184
8.77807861328125,9.192298583984375,9.5141845703125,0.2966442953020132,0.07799589715453482
8.77807861328125,1.9107849121093747,9.8767333984375,3.244295302013575,0.8318512452384307
0.30999267578125,9.192298583984375,9.8767333984375,0.40805369127516555,0.7294418043582114
3.78307861328125,6.908284912109375,4.5641845703124995,1.6697986577180959,0.8754569526915
5.30499267578125,6.908284912109375,4.5641845703124995,2.275167785234909,0.9048974460584793
3.78307861328125,4.194798583984374,4.5641845703124995,1.5221476510066891,0.7971007210323954
3.78307861328125,6.908284912109375,4.9267333984374995,1.676510067114069,0.8790624135089995
5.30499267578125,4.194798583984374,4.9267333984374995,2.1382550335570363,0.8501502048417076
2.5343286132812497,0.6614099121093749,0.8516845703125,0.37181208053691117,0.09541860655255063
6.55374267578125,0.6614099121093749,0.8516845703125,0.3999999999999979,0.08438794162432556
2.5343286132812497,2.9454235839843745,0.8516845703125,0.5624161073825453,0.3562278545181716
2.5343286132812497,0.6614099121093749,1.2142333984375002,0.3744966442953004,0.09856492362894673
6.55374267578125,2.9454235839843745,1.2142333984375002,1.9610738255033255,0.6456958235244294
7.52932861328125,5.658909912109374,5.8016845703125,3.135570469798794,0.921888831416287
1.5587426757812501,5.658909912109374,5.8016845703125,0.7651006711409309,0.7454412019272294
7.52932861328125,7.942923583984374,5.8016845703125,3.2093959731545096,0.9436695188645166
7.52932861328125,5.658909912109374,6.1642333984375,3.1409395973155734,0.923501787787484
1.5587426757812501,7.942923583984374,6.1642333984375,0.8389261744966343,0.8218723307539593
5.03182861328125,3.160159912109375,3.3266845703125,1.8214765100670864,0.7552692318803642
9.05124267578125,3.160159912109375,3.3266845703125,3.410738255033734,0.8502550313947436
5.03182861328125,5.444173583984375,3.3266845703125,2.0577181208053466,0.8550051199268595
5.03182861328125,3.160159912109375,8.6392333984375,1.9946308724831907,0.8291205870336703
9.05124267578125,5.444173583984375,8.6392333984375,3.7664429530203636,0.9397762486532278
0.03682861328125,8.157659912109375,8.2766845703125,0.36644295302013274,0.6732714428405845
4.05624267578125,8.157659912109375,8.2766845703125,1.853691275167757,0.9197267284939498
0.03682861328125,0.44667358398437496,8.2766845703125,0.36375838926174353,0.07696796533670995
0.03682861328125,8.157659912109375,3.6892333984375,0.36510067114093814,0.654980670248047
4.05624267578125,0.44667358398437496,3.6892333984375,0.382550335570468,0.07503411944581458
0.04658447265625,0.6321276855468749,3.1816650390625,0.36375838926174353,0.10331928623357053
2.62213134765625,0.6321276855468749,3.1816650390625,0.3798657718120788,0.10270792177819356
0.04658447265625,1.4325085449218748,3.1816650390625,0.36375838926174353,0.21324006080411206
0.04658447265625,0.6321276855468749,1.8233154296875,0.36375838926174353,0.1016580548608308
2.62213134765625,1.4325085449218748,1.8233154296875,0.40671140939597095,0.19361080336095826
5.0415844726562495,5.6296276855468745,8.1316650390625,2.173154362416102,0.9022199732764246
7.61713134765625,5.6296276855468745,8.1316650390625,3.198657718120951,0.9309587995463455
5.0415844726562495,6.430008544921875,8.1316650390625,2.2013422818791932,0.9139735925696866
5.0415844726562495,5.6296276855468745,6.7733154296875,2.1583892617449587,0.8960232454197246
7.61713134765625,6.430008544921875,6.7733154296875,3.214765100671289,0.9356110294282602
7.53908447265625,3.1308776855468747,0.7066650390625,2.0885906040268276,0.6071754270152865
0.12463134765625,3.1308776855468747,0.7066650390625,0.36510067114093814,0.36907081209183296
7.53908447265625,8.928758544921875,0.7066650390625,2.8026845637584765,0.8212640970581341
7.53908447265625,3.1308776855468747,9.2483154296875,2.9973154362417267,0.8802534688793255
0.12463134765625,8.928758544921875,9.2483154296875,0.3785234899328842,0.7071520813167913
2.54408447265625,8.128377685546875,5.6566650390625,1.2281879194630703,0.869355777264688
5.11963134765625,8.128377685546875,5.6566650390625,2.2523489932885967,0.9231491092536264
2.54408447265625,3.9312585449218744,5.6566650390625,1.04161073825502,0.7335880697735542
2.54408447265625,8.128377685546875,4.2983154296874995,1.2067114093959566,0.8538312914161414
5.11963134765625,3.9312585449218744,4.2983154296874995,2.0174496644295017,0.8260910919643976
3.7928344726562497,4.380252685546875,9.3691650390625,1.62147651006709,0.8485334973680236
6.36838134765625,4.380252685546875,9.3691650390625,2.6469798657718764,0.901001426483681
3.7928344726562497,2.6818835449218748,9.3691650390625,1.4416107382550127,0.7526403722684551
3.7928344726562497,4.380252685546875,0.5858154296875,1.0295302013422685,0.5245841712732404
6.36838134765625,2.6818835449218748,0.5858154296875,1.4859060402684348,0.4947282810221988
8.78783447265625,9.377752685546875,4.4191650390624995,3.7181208053693497,0.9526002351701048
1.37338134765625,9.377752685546875,4.4191650390624995,0.771812080536904,0.8145793448327407
8.78783447265625,7.679383544921874,4.4191650390624995,3.6791946308726997,0.9426022953904931
8.78783447265625,9.377752685546875,5.5358154296875,3.7355704697988825,0.9571215412047556
1.37338134765625,7.679383544921874,5.5358154296875,0.7530201342281795,0.7939318812395857
6.29033447265625,1.8815026855468748,6.8941650390625,2.1758389261744915,0.7469405349594055
8.86588134765625,1.8815026855468748,6.8941650390625,3.197315436241756,0.8121703503908861
6.29033447265625,5.180633544921874,6.8941650390625,2.6362416107383178,0.9068712276747098
6.29033447265625,1.8815026855468748,8.0108154296875,2.2067114093959725,0.7578951857743684
8.86588134765625,5.180633544921874,8.0108154296875,3.6751677852351152,0.9342012026615436
1.2953344726562501,6.879002685546874,1.9441650390625,0.6013422818791889,0.6389920323176481
3.87088134765625,6.879002685546874,1.9441650390625,1.5744966442952788,0.8091633640659915
1.2953344726562501,0.183133544921875,1.9441650390625,0.36510067114093814,0.030990197795909218
1.2953344726562501,6.879002685546874,3.0608154296875,0.6496644295301948,0.6995723976476372
3.87088134765625,0.183133544921875,3.0608154296875,0.36912751677852196,0.03138548964834282
1.91970947265625,2.506190185546875,7.5129150390624995,0.6536912751677786,0.5287195646948922
1.99775634765625,2.506190185546875,7.5129150390624995,0.6832214765100599,0.5425602058109525
1.91970947265625,7.054696044921874,7.5129150390624995,0.9718120805369004,0.8348654812645934
1.91970947265625,2.506190185546875,4.9170654296875,0.5999999999999943,0.47348178592520346
1.99775634765625,7.054696044921874,4.9170654296875,0.973154362416095,0.8134082263684221
6.91470947265625,7.5036901855468745,2.5629150390625,2.8577181208054645,0.9051136195109701
6.9927563476562495,7.5036901855468745,2.5629150390625,2.8885906040269456,0.9059620467915221
6.91470947265625,2.057196044921875,2.5629150390625,2.1543624161073742,0.6787623203746295
6.91470947265625,7.5036901855468745,9.8670654296875,2.986577181208168,0.9464837992431285
6.9927563476562495,2.057196044921875,9.8670654296875,2.579865771812135,0.8091026689505446
9.41220947265625,0.007440185546875,9.9879150390625,0.36375838926174353,0.0013576992150742145
4.49525634765625,0.007440185546875,9.9879150390625,0.36375838926174353,0.00135954281829959
9.41220947265625,4.555946044921875,9.9879150390625,3.8751677852351447,0.9334014607722909
9.41220947265625,0.007440185546875,7.3920654296874995,0.36375838926174353,0.0013445407751467942
4.49525634765625,4.555946044921875,7.3920654296874995,1.891275167785206,0.8631526691829725
4.41720947265625,5.004940185546874,5.0379150390625,1.846979865771784,0.854828337734377
9.49025634765625,5.004940185546874,5.0379150390625,3.864429530201586,0.9236957869116171
4.41720947265625,9.553446044921875,5.0379150390625,1.993288590603996,0.9229135320618562
4.41720947265625,5.004940185546874,2.4420654296875,1.720805369127491,0.7950990425264665
9.49025634765625,9.553446044921875,2.4420654296875,3.9328859060405224,0.9399427658389007
3.16845947265625,1.2568151855468748,1.3254150390625001,0.4026845637583871,0.16291489792316566
8.24150634765625,1.2568151855468748,1.3254150390625001,1.665771812080512,0.4397561384804835
3.16845947265625,8.304071044921875,1.3254150390625001,1.2818791946308545,0.7683303920550429
3.16845947265625,1.2568151855468748,3.6795654296875,0.5127516778523449,0.24537856300264432
8.24150634765625,8.304071044921875,3.6795654296875,3.459060402684748,0.9385525288751126
8.16345947265625,6.254315185546875,6.2754150390625,3.418791946308903,0.9356494336386619
3.2465063476562497,6.254315185546875,6.2754150390625,1.4630872483221264,0.8641487586079419
8.16345947265625,3.3065710449218746,6.2754150390625,3.2174496644296786,0.8803450341982203
8.16345947265625,6.254315185546875,8.6295654296875,3.44295302013441,0.9423349000514014
3.2465063476562497,3.3065710449218746,8.6295654296875,1.3033557046979682,0.7683487950463451
5.66595947265625,3.7555651855468746,3.8004150390625,2.1892617449664398,0.8228538827198417
5.74400634765625,3.7555651855468746,3.8004150390625,2.220134228187921,0.8248227304178293
5.66595947265625,0.8078210449218749,3.8004150390625,0.8174496644295206,0.2718965640852822
5.66595947265625,3.7555651855468746,6.1545654296875,2.272483221476519,0.8547245052558741
5.74400634765625,0.8078210449218749,6.1545654296875,1.0429530201342145,0.3600498794310509
0.67095947265625,8.753065185546875,8.7504150390625,0.5208053691275125,0.7749993587304013
0.7490063476562501,8.753065185546875,8.7504150390625,0.5516778523489885,0.7867893083009625
0.67095947265625,5.805321044921874,8.7504150390625,0.457718120805366,0.6459558600180542
0.67095947265625,8.753065185546875,1.2045654296875001,0.42550335570469544,0.5876733986026884
0.7490063476562501,5.805321044921874,1.2045654296875001,0.4013422818791925,0.48661806535688457
0.9831469726562501,4.067908935546875,2.2535400390625,0.4147651006711386,0.4364194828652818
9.17806884765625,4.067908935546875,2.2535400390625,3.4791946308726702,0.8563390906692574
0.9831469726562501,4.243602294921875,2.2535400390625,0.4187919463087224,0.44796506457255364
0.9831469726562501,4.067908935546875,8.3201904296875,0.48993288590603656,0.5712910132891496
9.17806884765625,4.243602294921875,8.3201904296875,3.746308724832441,0.9230653972863174
5.9781469726562495,9.065408935546875,7.2035400390625,2.628187919463149,0.9446765218832167
4.18306884765625,9.065408935546875,7.2035400390625,1.9127516778523197,0.925793139525419
5.9781469726562495,9.241102294921875,7.2035400390625,2.6308724832215384,0.9456478163655718
5.9781469726562495,9.065408935546875,3.3701904296875003,2.5691275167785763,0.9231797856997531
4.18306884765625,9.241102294921875,3.3701904296875003,1.8590604026845354,0.8994488404570846
8.47564697265625,1.5691589355468747,4.7285400390625,2.77583892617458,0.7327631650701745
6.68056884765625,1.5691589355468747,4.7285400390625,2.071140939597295,0.6725423636771336
8.47564697265625,6.742352294921874,4.7285400390625,3.534228187919658,0.9352716861065804
8.47564697265625,1.5691589355468747,0.8951904296875,1.7838926174496375,0.4614955946367878
6.68056884765625,6.742352294921874,0.8951904296875,2.424161073825535,0.7892691452529027
3.48064697265625,6.566658935546874,9.6785400390625,1.5932885906040033,0.8922020928517826
1.68556884765625,6.566658935546874,9.6785400390625,0.8791946308724725,0.8209627927942955
3.48064697265625,1.7448522949218748,9.6785400390625,1.0832214765100527,0.5937707031399988
3.48064697265625,6.566658935546874,5.8451904296874995,1.5610738255033327,0.8738427973588905
1.68556884765625,1.7448522949218748,5.8451904296874995,0.4161073825503332,0.2740332294701248
4.72939697265625,0.31978393554687495,5.9660400390624995,0.382550335570468,0.05689819028951625
0.43681884765625,0.31978393554687495,5.9660400390624995,0.36510067114093814,0.05548898868307046
4.72939697265625,0.495477294921875,5.9660400390624995,0.3999999999999979,0.08875277990435913
4.72939697265625,0.31978393554687495,9.5576904296875,0.38791946308724645,0.05948605275307918
0.43681884765625,0.495477294921875,9.5576904296875,0.36644295302013274,0.08581069804311076
9.72439697265625,5.317283935546874,1.0160400390625,3.5167785234901254,0.8206307769431065
5.43181884765625,5.317283935546874,1.0160400390625,1.871140939597287,0.7259636527192468
9.72439697265625,5.492977294921874,1.0160400390625,3.5382550335572427,0.8257098135453169
9.72439697265625,5.317283935546874,4.6076904296875,3.9637583892620034,0.926736049770325
5.43181884765625,5.492977294921874,4.6076904296875,2.26711409395974,0.8838045096450204
7.22689697265625,2.8185339355468746,8.4410400390625,2.816107382550425,0.858326990993221
2.93431884765625,2.8185339355468746,8.4410400390625,1.1114093959731395,0.703929158617041
7.22689697265625,7.9917272949218745,8.4410400390625,3.114093959731677,0.9493924253909547
7.22689697265625,2.8185339355468746,2.1326904296875,2.4510067114094314,0.7447125867792179
2.93431884765625,7.9917272949218745,2.1326904296875,1.269798657718103,0.8079612261113802
2.2318969726562496,7.816033935546875,3.4910400390625003,1.055033557046966,0.8178084491177822
7.92931884765625,7.816033935546875,3.4910400390625003,3.315436241610901,0.9309953324069692
2.2318969726562496,2.9942272949218744,3.4910400390625003,0.7369127516778442,0.5496502317174293
2.2318969726562496,7.816033935546875,7.0826904296875,1.1114093959731395,0.8628256137102941
7.92931884765625,2.9942272949218744,7.0826904296875,3.0993288590605337,0.8702709499200072
1.60752197265625,2.1938464355468748,7.8222900390625,0.48590604026845274,0.3911144946700194
6.05619384765625,2.1938464355468748,7.8222900390625,2.2080536912751674,0.7839619867997145
1.60752197265625,9.865789794921875,7.8222900390625,0.9033557046979754,0.8696130850994805
1.60752197265625,2.1938464355468748,5.2264404296875,0.44697986577180915,0.3429348894885831
6.05619384765625,9.865789794921875,5.2264404296875,2.6523489932886557,0.942754936371458
6.60252197265625,7.191346435546874,2.8722900390625004,2.7409395973155144,0.9038223741624561
1.0611938476562501,7.191346435546874,2.8722900390625004,0.5677852348993238,0.6746767176556911
6.60252197265625,4.868289794921875,2.8722900390625004,2.610738255033616,0.8605443768115838
6.60252197265625,7.191346435546874,0.27644042968750004,2.0174496644295017,0.6602647049149057
1.0611938476562501,4.868289794921875,0.27644042968750004,0.3919463087248303,0.3740313750336549
9.10002197265625,4.692596435546874,5.3472900390625,3.6979865771814273,0.9180515592565963
8.55369384765625,4.692596435546874,5.3472900390625,3.480536912751865,0.9134819850913278
9.10002197265625,2.3695397949218746,5.3472900390625,3.385234899329032,0.8400246227134635
9.10002197265625,4.692596435546874,2.7514404296875004,3.575838926174698,0.8873098268594739
8.55369384765625,2.3695397949218746,2.7514404296875004,2.946308724832323,0.7716875192147112
4.10502197265625,9.690096435546875,0.39729003906250004,1.4026845637583691,0.6832731272633752
3.55869384765625,9.690096435546875,0.39729003906250004,1.218791946308708,0.6633537042795509
4.10502197265625,7.367039794921874,0.39729003906250004,1.2899328859060222,0.6256353918646801
4.10502197265625,9.690096435546875,7.7014404296875,1.8939597315435952,0.9307688066927748
3.55869384765625,7.367039794921874,7.7014404296875,1.6335570469798415,0.8990055457246429
2.8562719726562498,3.4432214355468744,4.1097900390625,1.061744966442939,0.6845544409608922
4.80744384765625,3.4432214355468744,4.1097900390625,1.8268456375838649,0.7876536563349101
2.8562719726562498,6.1176647949218745,4.1097900390625,1.2604026845637408,0.8189982984125116
2.8562719726562498,3.4432214355468744,6.4639404296875,1.1315436241610586,0.7327523319482239
4.80744384765625,6.1176647949218745,6.4639404296875,2.0805369127516586,0.8985563308188582
7.85127197265625,8.440721435546875,9.0597900390625,3.3744966442954736,0.9562067719628362
9.80244384765625,8.440721435546875,9.0597900390625,0.30469798657718083,0.07287564011330845
7.85127197265625,1.1201647949218747,9.0597900390625,2.400000000000028,0.6770377642208603
7.85127197265625,8.440721435546875,1.5139404296875,3.1543624161075217,0.8930047813042901
9.80244384765625,1.1201647949218747,1.5139404296875,2.10872483221475,0.4800737923476226
5.35377197265625,0.944471435546875,1.6347900390625,0.5758389261744914,0.18503007541735536
2.3099438476562497,0.944471435546875,1.6347900390625,0.3798657718120788,0.1368980395521286
5.35377197265625,3.6189147949218747,1.6347900390625,1.7932885906039997,0.7039173247634701
5.35377197265625,0.944471435546875,3.9889404296875,0.942281879194619,0.3423060677485702
2.3099438476562497,3.6189147949218747,3.9889404296875,0.8697986577181103,0.6488154391162875
0.35877197265625,5.941971435546875,6.5847900390625,0.3919463087248303,0.5935775282974896
7.30494384765625,5.941971435546875,6.5847900390625,3.0697986577182474,0.9270034166025793
0.35877197265625,8.616414794921875,6.5847900390625,0.40939597315436016,0.7001128471288707
0.35877197265625,5.941971435546875,8.9389404296875,0.3959731543624141,0.6072680699572104
7.30494384765625,8.616414794921875,8.9389404296875,3.159731543624301,0.9542613799758645
0.51486572265625,3.287049560546875,9.8332275390625,0.38926174496644106,0.4331996242216575
8.08541259765625,3.287049560546875,9.8332275390625,3.2402684563759907,0.894420056439414
0.51486572265625,0.026961669921875,9.8332275390625,0.36375838926174353,0.004915977072401405
0.51486572265625,3.287049560546875,7.5467529296875,0.38657718120805185,0.42505238347231733
8.08541259765625,0.026961669921875,7.5467529296875,0.36644295302013274,0.004905859349037314
5.50986572265625,8.284549560546875,4.8832275390625,2.400000000000028,0.9246187448450146
3.09041259765625,8.284549560546875,4.8832275390625,1.437583892617429,0.8815670724289437
5.50986572265625,5.024461669921875,4.8832275390625,2.2791946308724933,0.8778419641522361
5.50986572265625,8.284549560546875,2.5967529296875003,2.328859060402702,0.8968228827092689
3.09041259765625,5.024461669921875,2.5967529296875003,1.2174496644295134,0.743288886464089
8.00736572265625,0.7882995605468749,7.3582275390625,1.9275167785234604,0.5269462356022603
5.58791259765625,0.7882995605468749,7.3582275390625,1.017449664429517,0.35797742225738427
8.00736572265625,7.523211669921874,7.3582275390625,3.4067114093961495,0.9485503494618599
8.00736572265625,0.7882995605468749,0.12175292968750001,0.40536912751677634,0.07806620189365242
5.58791259765625,7.523211669921874,0.12175292968750001,1.5718120805368896,0.5903664054021321
3.01236572265625,5.785799560546875,2.4082275390625,1.2228187919462918,0.7617042395830571
0.59291259765625,5.785799560546875,2.4082275390625,0.3999999999999979,0.5345874037849558
3.01236572265625,2.5257116699218747,2.4082275390625,0.8416107382550235,0.5049585511087223
3.01236572265625,5.785799560546875,5.0717529296874995,1.331543624161055,0.8319096413526421
0.59291259765625,2.5257116699218747,5.0717529296874995,0.3812080536912734,0.3442146587821894
4.26111572265625,2.0376745605468747,3.6457275390625004,1.269798657718103,0.5958431427022428
1.84166259765625,2.0376745605468747,3.6457275390625004,0.4402684563758361,0.3040478263997356
4.26111572265625,3.775086669921875,3.6457275390625004,1.628187919463063,0.7744912107435222
4.26111572265625,2.0376745605468747,8.7842529296875,1.4724832214764887,0.6982762771631599
1.84166259765625,3.775086669921875,8.7842529296875,0.7973154362416015,0.6957548998832844
9.25611572265625,7.035174560546874,8.5957275390625,3.9006711409398465,0.9538494250865583
6.83666259765625,7.035174560546874,8.5957275390625,2.9369127516779594,0.9399901816666769
9.25611572265625,8.772586669921875,8.5957275390625,3.9382550335573017,0.9627450745110112
9.25611572265625,7.035174560546874,3.8342529296875,3.8295302013425205,0.9362402205658502
6.83666259765625,8.772586669921875,3.8342529296875,2.916778523490037,0.9333297116559903
6.75861572265625,4.536424560546875,1.1707275390625,2.335570469798676,0.752149649357823
4.33916259765625,4.536424560546875,1.1707275390625,1.4295302013422613,0.6655837624736973
6.75861572265625,6.273836669921875,1.1707275390625,2.5194630872483676,0.8126158210731832
6.75861572265625,4.536424560546875,1.3592529296875002,2.398657718120833,0.7730262313758745
4.33916259765625,6.273836669921875,1.3592529296875002,1.632214765100647,0.7639687922200125
1.76361572265625,9.533924560546875,6.1207275390625,0.9489932885905921,0.8616468354828117
9.33416259765625,9.533924560546875,6.1207275390625,3.9610738255036138,0.9612731630635687
1.76361572265625,1.2763366699218748,6.1207275390625,0.3973154362416087,0.20716033782809506
1.76361572265625,9.533924560546875,6.3092529296875,0.9503355704697867,0.8629179961291829
9.33416259765625,1.2763366699218748,6.3092529296875,3.01208053691287,0.7292763385798667
2.38799072265625,0.163612060546875,0.5519775390625,0.36510067114093814,0.026469292664099323
7.46103759765625,0.163612060546875,0.5519775390625,0.36912751677852196,0.025128992533619287
2.38799072265625,5.649149169921874,0.5519775390625,0.7154362416107305,0.5070538278984386
2.38799072265625,0.163612060546875,5.6905029296875,0.36778523489932735,0.02900092556166669
7.46103759765625,5.649149169921874,5.6905029296875,3.106040268456508,0.9205690599692533
7.38299072265625,5.161112060546874,5.5019775390625,3.0469798657719354,0.9114243249583565
2.46603759765625,5.161112060546874,5.5019775390625,1.092617449664415,0.7893413505059383
7.38299072265625,0.6516491699218749,5.5019775390625,1.236241610738238,0.3463954986570346
7.38299072265625,5.161112060546874,0.7405029296875,2.4483221476510417,0.7290355869343135
2.46603759765625,0.6516491699218749,0.7405029296875,0.37181208053691117,0.09398457689203091
9.88049072265625,2.6623620605468745,3.0269775390625,3.59865771812101,0.8284415147238171
9.95853759765625,2.6623620605468745,3.0269775390625,3.629530201342491,0.8296090516515491
9.88049072265625,3.1503991699218745,3.0269775390625,3.708724832214986,0.8540302584678849
9.88049072265625,2.6623620605468745,3.2155029296875,3.6201342281881272,0.8334869653078548
9.95853759765625,3.1503991699218745,3.2155029296875,3.7583892617451946,0.8593872591536704
4.88549072265625,7.659862060546875,7.9769775390625,2.170469798657712,0.9251019653557404
4.9635375976562495,7.659862060546875,7.9769775390625,2.202684563758388,0.9265055390589554
4.88549072265625,8.147899169921875,7.9769775390625,2.181208053691271,0.9296742128581423
4.88549072265625,7.659862060546875,8.1655029296875,2.171812080536907,0.9256787829067576
4.9635375976562495,8.147899169921875,8.1655029296875,2.2134228187919467,0.9310600666307216
3.63674072265625,3.9117370605468746,6.7394775390624995,1.4926174496644078,0.8067143121798473
3.7147875976562497,3.9117370605468746,6.7394775390624995,1.5234899328858837,0.8098273758394365
3.63674072265625,9.397274169921875,6.7394775390624995,1.696644295301988,0.9180209662143596
3.63674072265625,3.9117370605468746,6.9280029296875,1.495302013422797,0.8082272325077877
3.7147875976562497,9.397274169921875,6.9280029296875,1.7302013422818532,0.9206411903656853
8.63174072265625,8.909237060546875,1.7894775390625002,3.5181208053693203,0.9155386937004482
8.70978759765625,8.909237060546875,1.7894775390625002,3.5489932885908013,0.9161520402803099
8.63174072265625,4.399774169921875,1.7894775390625002,3.2241610738256528,0.8382610666916336
8.63174072265625,8.909237060546875,1.9780029296875001,3.5382550335572427,0.9208540728464271
8.70978759765625,4.399774169921875,1.9780029296875001,3.291275167785394,0.8490241871236209
6.13424072265625,1.4129870605468748,9.2144775390625,1.953020134228158,0.6832683362236887
1.21728759765625,1.4129870605468748,9.2144775390625,0.39060402684563567,0.2299395827734091
6.13424072265625,1.9010241699218748,9.2144775390625,2.1771812080536863,0.7643185007574753
6.13424072265625,1.4129870605468748,4.4530029296875,1.7355704697986316,0.6031525102986439
1.21728759765625,1.9010241699218748,4.4530029296875,0.3932885906040249,0.2767409463743149
1.13924072265625,6.410487060546874,4.2644775390625,0.6067114093959673,0.6994568301951074
6.21228759765625,6.410487060546874,4.2644775390625,2.609395973154421,0.9072080677055628
1.13924072265625,6.898524169921874,4.2644775390625,0.621476510067108,0.7194796586004486
1.13924072265625,6.410487060546874,9.4030029296875,0.6577181208053624,0.7671130390789322
6.21228759765625,6.898524169921874,9.4030029296875,2.689932885906111,0.9355139909803725
0.82705322265625,1.7253308105468748,5.1926025390624995,0.3798657718120788,0.2563908914250385
4.0269750976562495,1.7253308105468748,5.1926025390624995,1.1583892617449507,0.5651495028497322
0.82705322265625,2.838055419921875,5.1926025390624995,0.3946308724832195,0.37748249510067605
0.82705322265625,1.7253308105468748,2.2873779296875,0.3744966442953004,0.24069207601936812
4.0269750976562495,2.838055419921875,2.2873779296875,1.2604026845637408,0.6206809350086914
5.82205322265625,6.722830810546874,0.2426025390625,1.6939597315435988,0.6158177640525173
9.02197509765625,6.722830810546874,0.2426025390625,2.751677852349073,0.6844300084270691
5.82205322265625,7.835555419921874,0.2426025390625,1.7758389261744698,0.6468479215907887
5.82205322265625,6.722830810546874,7.2373779296875,2.5140939597315883,0.9243141494619331
9.02197509765625,7.835555419921874,7.2373779296875,3.8161073825505722,0.9549560899981155
8.31955322265625,4.224080810546875,7.6676025390625,3.394630872483396,0.9134569955088583
1.5294750976562501,4.224080810546875,7.6676025390625,0.6993288590603952,0.6821552793803806
8.31955322265625,5.336805419921874,7.6676025390625,3.4604026845639426,0.9311981434894918
8.31955322265625,4.224080810546875,9.7123779296875,3.4161073825505133,0.9193122587631701
1.5294750976562501,5.336805419921874,9.7123779296875,0.7744966442952932,0.765076337383964
3.3245532226562498,9.221580810546875,2.7176025390625003,1.4939597315436024,0.8660195321210022
6.52447509765625,9.221580810546875,2.7176025390625003,2.7624161073826317,0.9204727417632779
3.3245532226562498,0.33930541992187496,2.7176025390625003,0.3731543624161058,0.056597350161932306
3.3245532226562498,9.221580810546875,4.7623779296875,1.5476510067113867,0.8977212651764706
6.52447509765625,0.33930541992187496,4.7623779296875,0.3932885906040249,0.059941277869815714
4.57330322265625,2.9747058105468747,1.4801025390625002,1.338255033557028,0.5933894895262353
5.27572509765625,2.9747058105468747,1.4801025390625002,1.5919463087248087,0.6296461917407812
4.57330322265625,1.5886804199218747,1.4801025390625002,0.8483221476509966,0.35430693917981054
4.57330322265625,2.9747058105468747,1.0498779296875,1.2134228187919296,0.5340595396965245
5.27572509765625,1.5886804199218747,1.0498779296875,0.9221476510066999,0.34438662280832033
9.56830322265625,7.972205810546874,6.4301025390625,4.02953020134255,0.9561887032449987
0.28072509765625003,7.972205810546874,6.4301025390625,0.3919463087248303,0.6711071159384177
9.56830322265625,6.586180419921875,6.4301025390625,3.991946308725095,0.947258332051754
9.56830322265625,7.972205810546874,5.9998779296875,4.024161073825771,0.9549080917652683
0.28072509765625003,6.586180419921875,5.9998779296875,0.38657718120805185,0.617582960701368
7.07080322265625,0.47595581054687497,3.9551025390625,0.43087248322147387,0.08593252552899895
7.77322509765625,0.47595581054687497,3.9551025390625,0.5677852348993238,0.12221310249696404
7.07080322265625,9.084930419921875,3.9551025390625,3.018791946308844,0.9379837837663387
7.07080322265625,0.47595581054687497,8.4748779296875,0.7154362416107305,0.18028210625559832
7.77322509765625,9.084930419921875,8.4748779296875,3.3516778523491615,0.9581703234285759
2.07580322265625,5.4734558105468745,8.9051025390625,0.9919463087248195,0.8083530054263582
2.7782250976562497,5.4734558105468745,8.9051025390625,1.2711409395972977,0.8439274680311442
2.07580322265625,4.0874304199218745,8.9051025390625,0.9154362416107269,0.7430146473376031
2.07580322265625,5.4734558105468745,3.5248779296875004,0.9033557046979754,0.7321407971415013
2.7782250976562497,4.0874304199218745,3.5248779296875004,1.075167785234885,0.708967716873401
1.45142822265625,4.848768310546874,4.5738525390625,0.6617449664429462,0.6631944503683659
0.90510009765625,4.848768310546874,4.5738525390625,0.46711409395972825,0.5657553431017924
1.45142822265625,8.460242919921875,4.5738525390625,0.7865771812080447,0.8034149855429373
1.45142822265625,4.848768310546874,4.1436279296875,0.6510067114093894,0.6506398389301131
0.90510009765625,8.460242919921875,4.1436279296875,0.5691275167785184,0.7403761325785042
6.44642822265625,9.846268310546876,9.5238525390625,2.838926174496737,0.9562766128004525
5.90010009765625,9.846268310546876,9.5238525390625,2.62013422818798,0.9525258449555465
6.44642822265625,3.4627429199218747,9.5238525390625,2.602684563758447,0.8765935123862821
6.44642822265625,9.846268310546876,9.0936279296875,2.8362416107383472,0.9553900283212551
5.90010009765625,3.4627429199218747,9.0936279296875,2.3812080536913003,0.8654589766877604
8.94392822265625,2.350018310546875,2.0988525390625,2.9610738255034663,0.7443978267316209
3.40260009765625,2.350018310546875,2.0988525390625,0.8926174496644186,0.4880163778415927
8.94392822265625,0.963992919921875,2.0988525390625,1.8281879194630595,0.44922805512334174
8.94392822265625,2.350018310546875,6.6186279296874995,3.36510067114111,0.8483195868559004
3.40260009765625,0.963992919921875,6.6186279296874995,0.4738255033557013,0.1967863202935692
3.94892822265625,7.347518310546874,7.0488525390625,1.7838926174496375,0.9042195990169524
8.39760009765625,7.347518310546874,7.0488525390625,3.5543624161075806,0.9485557647932213
3.94892822265625,5.9614929199218745,7.0488525390625,1.7395973154362154,0.8817226709375222
3.94892822265625,7.347518310546874,1.6686279296875002,1.5932885906040033,0.8057468048746097
8.39760009765625,5.9614929199218745,1.6686279296875002,3.261744966443108,0.8694965309021456
2.7001782226562496,1.1006433105468747,8.2863525390625,0.4348993288590577,0.20288060663505014
9.64635009765625,1.1006433105468747,8.2863525390625,3.0630872483222733,0.7198836400126629
2.7001782226562496,7.210867919921874,8.2863525390625,1.2926174496644114,0.8765244085821999
2.7001782226562496,1.1006433105468747,2.9061279296875,0.3999999999999979,0.16684589076981943
9.64635009765625,7.210867919921874,2.9061279296875,3.95167785234925,0.9305680579581528
7.69517822265625,6.098143310546875,3.3363525390625,3.151677852349132,0.9086898518158497
4.65135009765625,6.098143310546875,3.3363525390625,1.942281879194601,0.861492516096698
7.69517822265625,2.2133679199218745,3.3363525390625,2.633557046979928,0.7577682442747664
7.69517822265625,6.098143310546875,7.8561279296875,3.24563758389277,0.936143105893362
4.65135009765625,2.2133679199218745,7.8561279296875,1.6563758389261498,0.7329399792091025
5.19767822265625,3.5993933105468745,5.8113525390625,2.061744966442931,0.8338823942110811
7.14885009765625,3.5993933105468745,5.8113525390625,2.837583892617542,0.8730470847959793
5.19767822265625,4.712117919921875,5.8113525390625,2.155704697986569,0.8722007139154353
5.19767822265625,3.5993933105468745,5.3811279296875,2.0496644295301776,0.82890763750828
7.14885009765625,4.712117919921875,5.3811279296875,2.923489932886011,0.8995703871635334
0.20267822265625002,8.596893310546875,0.8613525390625,0.37181208053691117,0.6130436821604598
2.15385009765625,8.596893310546875,0.8613525390625,0.8402684563758289,0.6581234254213092
0.20267822265625002,9.709617919921875,0.8613525390625,0.3731543624161058,0.638298626940722
0.20267822265625002,8.596893310546875,0.4311279296875,0.37046979865771656,0.5969549711508649
2.15385009765625,9.709617919921875,0.4311279296875,0.7812080536912662,0.6066732675253786
0.28072509765625003,4.614510498046875,6.1980712890625,0.3785234899328842,0.5129683056722737
5.82205322265625,4.614510498046875,6.1980712890625,2.405369127516807,0.8841725879923139
0.28072509765625003,5.102547607421874,6.1980712890625,0.3812080536912734,0.5445199073715594
0.28072509765625003,4.614510498046875,3.7569091796875003,0.375838926174495,0.49851833864141715
5.82205322265625,5.102547607421874,3.7569091796875003,2.369127516778547,0.8705412097143647
5.27572509765625,9.612010498046875,1.2480712890625,2.134228187919452,0.851717293311431
0.82705322265625,9.612010498046875,1.2480712890625,0.4791946308724797,0.6271697600734291
5.27572509765625,0.105047607421875,1.2480712890625,0.36644295302013274,0.017450005960397703
5.27572509765625,9.612010498046875,8.7069091796875,2.3651006711409623,0.9453725721428909
0.82705322265625,0.105047607421875,8.7069091796875,0.36375838926174353,0.01884605470765281
7.77322509765625,2.1157604980468747,8.6730712890625,2.885906040268556,0.8246311508026771
8.31955322265625,2.1157604980468747,8.6730712890625,3.103355704698118,0.8348363402574929
7.77322509765625,2.6037976074218747,8.6730712890625,3.0000000000001164,0.8574147843421688
7.77322509765625,2.1157604980468747,6.2319091796874995,2.821476510067204,0.8058402539554443
8.31955322265625,2.6037976074218747,6.2319091796874995,3.1624161073826906,0.8506447011977245
2.7782250976562497,7.113260498046874,3.7230712890625,1.256375838926157,0.833424497721371
3.3245532226562498,7.113260498046874,3.7230712890625,1.4724832214764887,0.8536188284299302
2.7782250976562497,7.601297607421874,3.7230712890625,1.2711409395972977,0.8434100784382061
2.7782250976562497,7.113260498046874,1.2819091796875002,1.0765100671140797,0.7091306230663607
3.3245532226562498,7.601297607421874,1.2819091796875002,1.3033557046979682,0.7525374854051393
4.0269750976562495,0.8663854980468749,2.4855712890625004,0.41073825503355477,0.13256328676889242
4.57330322265625,0.8663854980468749,2.4855712890625004,0.4402684563758361,0.140088015004212
4.0269750976562495,8.850672607421876,2.4855712890625004,1.7503355704697723,0.8728044580127371
4.0269750976562495,0.8663854980468749,4.9944091796875,0.48590604026845274,0.17826216756741015
4.57330322265625,8.850672607421876,4.9944091796875,2.0416107382550086,0.918786576850251
9.02197509765625,5.863885498046875,7.4355712890625,3.7610738255035843,0.9411443953164329
9.56830322265625,5.863885498046875,7.4355712890625,3.9785234899331465,0.9440830952806178
9.02197509765625,3.8531726074218744,7.4355712890625,3.6416107382552445,0.9111763764665353
9.02197509765625,5.863885498046875,9.9444091796875,3.7812080536915067,0.9462399382002037
9.56830322265625,3.8531726074218744,9.9444091796875,3.887248322147898,0.9224610727750335
6.52447509765625,3.365135498046875,4.9605712890625,2.5342281879195108,0.8441675857672748
2.07580322265625,3.365135498046875,4.9605712890625,0.78523489932885,0.6261719801088068
6.52447509765625,1.3544226074218748,4.9605712890625,1.884563758389233,0.6223404699136565
6.52447509765625,3.365135498046875,7.4694091796875,2.5973154362416677,0.8655344297527305
2.07580322265625,1.3544226074218748,7.4694091796875,0.4187919463087224,0.23015528456469447
1.5294750976562501,8.362635498046876,9.9105712890625,0.8577181208053588,0.8511265141483675
7.07080322265625,8.362635498046876,9.9105712890625,3.065771812080663,0.9527928685800707
1.5294750976562501,6.351922607421875,9.9105712890625,0.8120805369127422,0.8044823582720431
1.5294750976562501,8.362635498046876,2.5194091796875,0.7597315436241525,0.7483654832979391
7.07080322265625,6.351922607421875,2.5194091796875,2.8657718120806335,0.8899737949396658
2.15385009765625,1.4910729980468749,4.3418212890625,0.4187919463087224,0.23380279216754332
8.94392822265625,1.4910729980468749,4.3418212890625,2.8738255033558024,0.7226619518377956
2.15385009765625,0.729735107421875,4.3418212890625,0.3812080536912734,0.12051313992236562
2.15385009765625,1.4910729980468749,0.6631591796875,0.382550335570468,0.17844722411189662
8.94392822265625,0.729735107421875,0.6631591796875,0.6644295302013354,0.14041340666590635
7.14885009765625,6.488572998046874,9.2918212890625,3.05100671140952,0.9390792386087081
3.94892822265625,6.488572998046874,9.2918212890625,1.7758389261744698,0.9002386941057618
7.14885009765625,5.727235107421874,9.2918212890625,3.025503355704818,0.93120970925475
7.14885009765625,6.488572998046874,5.6131591796875,3.0134228187920646,0.9273867381153846
3.94892822265625,5.727235107421874,5.6131591796875,1.7114093959731287,0.8672061135276923
9.64635009765625,3.9898229980468747,1.8668212890625002,3.582550335570672,0.8427354624641008
6.44642822265625,3.9898229980468747,1.8668212890625002,2.3248322147651175,0.7810251572390989
9.64635009765625,8.225985107421875,1.8668212890625002,3.9060402684566258,0.9196139252968891
9.64635009765625,3.9898229980468747,8.0881591796875,3.9100671140942103,0.9210185747234292
6.44642822265625,8.225985107421875,8.0881591796875,2.805369127516866,0.9449511960347707
4.65135009765625,8.987322998046874,6.8168212890625,2.0953020134228018,0.9300390935296754
1.45142822265625,8.987322998046874,6.8168212890625,0.8214765100671044,0.8406616646750649
4.65135009765625,3.2284851074218746,6.8168212890625,1.822818791946281,0.8083444100181774
4.65135009765625,8.987322998046874,3.1381591796875004,2.032214765100645,0.9016583853200031
1.45142822265625,3.2284851074218746,3.1381591796875004,0.49127516778523117,0.44481496688528527
3.40260009765625,2.7404479980468746,8.0543212890625,1.2778523489932707,0.7249351381869704
0.20267822265625002,2.7404479980468746,8.0543212890625,0.37046979865771656,0.3689194373166341
3.40260009765625,4.477860107421875,8.0543212890625,1.4590604026845426,0.8310604426659352
3.40260009765625,2.7404479980468746,1.9006591796875,0.9597315436241489,0.5306411376941832
0.20267822265625002,4.477860107421875,1.9006591796875,0.36912751677852196,0.4729727841145543
8.39760009765625,7.737947998046875,3.1043212890625003,3.4832214765102547,0.9293164989452214
5.19767822265625,7.737947998046875,3.1043212890625003,2.2134228187919467,0.8953968343969565
8.39760009765625,9.475360107421874,3.1043212890625003,3.528859060402879,0.941553938896557
8.39760009765625,7.737947998046875,6.8506591796875,3.5624161073827496,0.950693217191675
5.19767822265625,9.475360107421874,6.8506591796875,2.320805369127533,0.9392972979200654
5.90010009765625,0.24169799804687497,5.5793212890624995,0.3812080536912734,0.04321265499516578
2.7001782226562496,0.24169799804687497,5.5793212890624995,0.37046979865771656,0.042518622702206674
5.90010009765625,6.976610107421874,5.5793212890624995,2.532885906040316,0.9206008121703984
5.90010009765625,0.24169799804687497,9.3256591796875,0.38523489932885724,0.044984839976215774
2.7001782226562496,6.976610107421874,9.3256591796875,1.2926174496644114,0.8765797280435752
0.90510009765625,5.239197998046874,0.6293212890625,0.3959731543624141,0.4230848065878375
7.69517822265625,5.239197998046874,0.6293212890625,2.4966442953020556,0.7164473736481966
0.90510009765625,1.9791101074218747,0.6293212890625,0.37181208053691117,0.2422101761525497
0.90510009765625,5.239197998046874,4.3756591796875,0.4818791946308689,0.5939436225517973
7.69517822265625,1.9791101074218747,4.3756591796875,2.642953020134292,0.7607521483980233
1.21728759765625,0.554041748046875,8.9824462890625,0.3731543624161058,0.09659378350557954
2.38799072265625,0.554041748046875,8.9824462890625,0.38389261744966263,0.09888501926475171
1.21728759765625,7.9136413574218745,8.9824462890625,0.7221476510067035,0.8163667407025372
1.21728759765625,0.554041748046875,6.5412841796875,0.37181208053691117,0.09492988584506581
2.38799072265625,7.9136413574218745,6.5412841796875,1.1704697986577022,0.8667857647003094
6.21228759765625,5.5515417480468745,4.0324462890625,2.562416107382602,0.8907540059422802
7.38299072265625,5.5515417480468745,4.0324462890625,3.0281879194632078,0.9056677119892287
6.21228759765625,2.916141357421875,4.0324462890625,2.2926174496644416,0.7960853116610158
6.21228759765625,5.5515417480468745,1.5912841796875001,2.353020134228209,0.8166711482288267
7.38299072265625,2.916141357421875,1.5912841796875001,2.400000000000028,0.7146961217203689
8.70978759765625,3.0527917480468747,6.5074462890625,3.4053691275169546,0.8793249430372111
4.88549072265625,3.0527917480468747,6.5074462890625,1.884563758389233,0.8023612747501103
8.70978759765625,0.417391357421875,6.5074462890625,0.8456375838926073,0.18449373688610315
8.70978759765625,3.0527917480468747,4.0662841796875,3.310067114094122,0.8543445411920867
4.88549072265625,0.417391357421875,4.0662841796875,0.38791946308724645,0.07147073904607107
3.7147875976562497,8.050291748046876,1.5574462890625,1.5167785234899107,0.805085517899348
9.88049072265625,8.050291748046876,1.5574462890625,3.9476510067116655,0.9092550718083263
3.7147875976562497,5.414891357421874,1.5574462890625,1.3677852348993094,0.7236080610571711
3.7147875976562497,8.050291748046876,9.0162841796875,1.7194630872482963,0.9149882915619902
9.88049072265625,5.414891357421874,9.0162841796875,4.097986577181486,0.944571661738713
4.9635375976562495,4.302166748046875,2.7949462890625,1.9033557046979575,0.7990700991695942
8.63174072265625,4.302166748046875,2.7949462890625,3.355704697986746,0.8730731407997222
4.9635375976562495,6.664266357421875,2.7949462890625,2.0644295302013207,0.8676552126136612
4.9635375976562495,4.302166748046875,5.3037841796875,2.021476510067086,0.8498219255170634
8.63174072265625,6.664266357421875,5.3037841796875,3.6040268456377893,0.9383429102927974
9.95853759765625,9.299666748046874,7.7449462890625,0.3154362416107377,0.07463728152506416
3.63674072265625,9.299666748046874,7.7449462890625,1.7020134228187664,0.9209721551914571
9.95853759765625,1.6667663574218747,7.7449462890625,3.567785234899529,0.8159978325202348
9.95853759765625,9.299666748046874,0.3537841796875,3.44295302013441,0.7854594744644883
3.63674072265625,1.6667663574218747,0.3537841796875,0.4147651006711386,0.16659066835064462
7.46103759765625,1.8034167480468748,0.3199462890625,1.2134228187919296,0.34326020587254574
6.13424072265625,1.8034167480468748,0.3199462890625,0.9006711409395862,0.2939043688679907
7.46103759765625,4.1655163574218745,0.3199462890625,1.973154362416077,0.5777569113272808
7.46103759765625,1.8034167480468748,2.8287841796875,2.288590604026857,0.6745447759777985
6.13424072265625,4.1655163574218745,2.8287841796875,2.3543624161074037,0.8266167246961187
2.46603759765625,6.800916748046874,5.2699462890625,1.157046979865756,0.8369948617724097
1.13924072265625,6.800916748046874,5.2699462890625,0.6348993288590541,0.7372433970296333
2.46603759765625,9.163016357421876,5.2699462890625,1.2134228187919296,0.8782800223356423
2.46603759765625,6.800916748046874,7.7787841796875,1.1838926174496482,0.856967686942774
1.13924072265625,9.163016357421876,7.7787841796875,0.7073825503355629,0.829191803882592
1.84166259765625,3.6774792480468745,0.9386962890625,0.495302013422815,0.385492855884676
3.01236572265625,3.6774792480468745,0.9386962890625,0.8120805369127422,0.4867439291096134
1.84166259765625,3.5408288574218747,0.9386962890625,0.48322147651006353,0.37169720609986745
1.84166259765625,3.6774792480468745,9.6350341796875,0.7959731543624069,0.6943977044309873
3.01236572265625,3.5408288574218747,9.6350341796875,1.2456375838926002,0.7774770099431999
6.83666259765625,8.674979248046876,5.8886962890625,2.9503355704699077,0.9442119861082153
8.00736572265625,8.674979248046876,5.8886962890625,3.4161073825505133,0.9511446125112893
6.83666259765625,8.538328857421876,5.8886962890625,2.947651006711518,0.9433506447682601
6.83666259765625,8.674979248046876,4.6850341796874995,2.932885906040375,0.938562495968698
8.00736572265625,8.538328857421876,4.6850341796874995,3.395973154362591,0.9454689197437364
9.33416259765625,1.1787292480468747,3.4136962890625,2.618791946308785,0.631028529713754
0.51486572265625,1.1787292480468747,3.4136962890625,0.36912751677852196,0.1813539556906202
9.33416259765625,6.0395788574218745,3.4136962890625,3.802684563758624,0.9225458645609546
9.33416259765625,1.1787292480468747,2.2100341796875003,2.320805369127533,0.5561238089290154
0.51486572265625,6.0395788574218745,2.2100341796875003,0.3932885906040249,0.5430205666538281
4.33916259765625,6.176229248046875,8.3636962890625,1.915436241610709,0.8999359265377944
5.50986572265625,6.176229248046875,8.3636962890625,2.3812080536913003,0.9175087589691193
4.33916259765625,1.042078857421875,8.3636962890625,0.9395973154362298,0.41168699788647867
4.33916259765625,6.176229248046875,7.1600341796875,1.904697986577152,0.894826553731658
5.50986572265625,1.042078857421875,7.1600341796875,1.3369127516778334,0.49970523495498026
3.09041259765625,2.428104248046875,7.1261962890624995,1.079194630872469,0.6538322304381642
6.75861572265625,2.428104248046875,7.1261962890624995,2.5288590604027315,0.816937864341003
3.09041259765625,2.2914538574218746,7.1261962890624995,1.048322147650993,0.6331598685183587
3.09041259765625,2.428104248046875,8.3975341796875,1.1020134228187772,0.6689633256045396
6.75861572265625,2.2914538574218746,8.3975341796875,2.523489932885952,0.8152979181729207
8.08541259765625,7.4256042480468745,2.1761962890625,3.2885906040270045,0.9072657441017169
1.76361572265625,7.4256042480468745,2.1761962890625,0.8026845637583799,0.7222230093790772
8.08541259765625,7.288953857421874,2.1761962890625,3.2818791946310304,0.9054160875684858
8.08541259765625,7.4256042480468745,3.4475341796875,3.363758389261915,0.9283108122437598
1.76361572265625,7.288953857421874,3.4475341796875,0.853691275167775,0.771972653036558
5.58791259765625,4.926854248046874,9.6011962890625,2.369127516778547,0.9020411499369632
9.25611572265625,4.926854248046874,9.6011962890625,3.8308724832217154,0.9367741265035314
5.58791259765625,9.787703857421874,9.6011962890625,2.4953020134228607,0.9501567275619773
5.58791259765625,4.926854248046874,0.9725341796875,1.8684563758388977,0.7072121169652191
9.25611572265625,9.787703857421874,0.9725341796875,3.630872483221686,0.8868433751326275
0.59291259765625,9.924354248046875,4.6511962890625,0.48322147651006353,0.7473375352987945
4.26111572265625,9.924354248046875,4.6511962890625,1.9315436241610442,0.9208506937738327
0.59291259765625,4.790203857421875,4.6511962890625,0.4013422818791925,0.5200505231151014
0.59291259765625,9.924354248046875,5.9225341796875,0.4939597315436204,0.7679941570139007
4.26111572265625,4.790203857421875,5.9225341796875,1.7906040268456105,0.8534185574881489
0.43681884765625,1.9595886230468746,1.7121337890625001,0.36912751677852196,0.26545568373444123
0.9831469726562501,1.9595886230468746,1.7121337890625001,0.3771812080536896,0.25701769271181274
0.43681884765625,6.508094482421875,1.7121337890625001,0.38523489932885724,0.5500164419179037
0.43681884765625,1.9595886230468746,7.0053466796874995,0.3744966442953004,0.28746192432221607
0.9831469726562501,6.508094482421875,7.0053466796874995,0.583892617449659,0.7289081634428181
5.43181884765625,6.957088623046874,6.6621337890625,2.359731543624183,0.9201992695766654
5.9781469726562495,6.957088623046874,6.6621337890625,2.5771812080537453,0.9262883355379367
5.43181884765625,1.5105944824218749,6.6621337890625,1.6563758389261498,0.640239725860104
5.43181884765625,6.957088623046874,2.0553466796875,2.204026845637583,0.8585968655016674
5.9781469726562495,1.5105944824218749,2.0553466796875,1.3919463087248123,0.48706822410379025
7.92931884765625,4.458338623046875,4.1871337890625,3.1771812080538337,0.8920174685427217
3.48064697265625,4.458338623046875,4.1871337890625,1.4120805369127314,0.7890826786205043
7.92931884765625,4.0093444824218745,4.1871337890625,3.135570469798794,0.8802697612406625
7.92931884765625,4.458338623046875,4.5303466796875,3.190604026845782,0.8958319759693312
3.48064697265625,4.0093444824218745,4.5303466796875,1.3852348993288393,0.7737461376925627
2.93431884765625,9.455838623046875,9.1371337890625,1.4322147651006505,0.9135039553675066
8.47564697265625,9.455838623046875,9.1371337890625,3.644295302013634,0.9634801355436298
2.93431884765625,9.006844482421876,9.1371337890625,1.4255033557046775,0.9092163675006489
2.93431884765625,9.455838623046875,9.4803466796875,1.433557046979845,0.9143742207770273
8.47564697265625,9.006844482421876,9.4803466796875,3.63758389261766,0.9620997158530888
4.18306884765625,3.2089636230468748,5.4246337890625,1.5999999999999763,0.7727868025456381
9.72439697265625,3.2089636230468748,5.4246337890625,3.801342281879429,0.8886322707291789
4.18306884765625,7.757469482421874,5.4246337890625,1.8684563758388977,0.9041922106963323
4.18306884765625,3.2089636230468748,5.7678466796875,1.6093959731543386,0.7775061112855489
9.72439697265625,7.757469482421874,5.7678466796875,4.077852348993564,0.9535566903430703
9.17806884765625,8.206463623046876,0.4746337890625,3.208053691275315,0.7880540412933588
4.72939697265625,8.206463623046876,0.4746337890625,1.590604026845614,0.6911263896255987
9.17806884765625,2.759969482421875,0.4746337890625,2.3087248322147795,0.5621017185430904
9.17806884765625,8.206463623046876,0.8178466796875,3.4550335570471633,0.8498398266089362
4.72939697265625,2.759969482421875,0.8178466796875,1.1261744966442802,0.47799418298846635
6.68056884765625,0.710213623046875,7.8996337890625,1.2885906040268276,0.39920415697174216
7.22689697265625,0.710213623046875,7.8996337890625,1.4926174496644078,0.4380457020536396
6.68056884765625,0.261219482421875,7.8996337890625,0.39060402684563567,0.048613455049353604
6.68056884765625,0.710213623046875,3.2928466796875,0.8765100671140833,0.2541306909025401
7.22689697265625,0.261219482421875,3.2928466796875,0.38389261744966263,0.04463506364394726
1.68556884765625,5.707713623046875,2.9496337890625,0.7436241610738172,0.6850877392380703
2.2318969726562496,5.707713623046875,2.9496337890625,0.9516778523489813,0.734221791370049
1.68556884765625,5.258719482421874,2.9496337890625,0.7208053691275089,0.6612418554612046
1.68556884765625,5.707713623046875,8.2428466796875,0.8416107382550235,0.7843829201798711
2.2318969726562496,5.258719482421874,8.2428466796875,1.0389261744966307,0.8056739841209366
2.3099438476562497,3.8336511230468746,8.5183837890625,0.9838926174496518,0.742374407933654
4.10502197265625,3.8336511230468746,8.5183837890625,1.6953020134227934,0.8327322045509026
2.3099438476562497,2.135281982421875,8.5183837890625,0.7369127516778442,0.530329595177265
2.3099438476562497,3.8336511230468746,8.8615966796875,0.986577181208041,0.7446003612159697
4.10502197265625,2.135281982421875,8.8615966796875,1.4389261744966235,0.7034351931204184
7.30494384765625,8.831151123046874,3.5683837890625,3.096644295302144,0.9349783036783141
9.10002197265625,8.831151123046874,3.5683837890625,3.809395973154598,0.9457499590714052
7.30494384765625,7.132781982421874,3.5683837890625,3.04832214765113,0.9203185537845955
7.30494384765625,8.831151123046874,3.9115966796875004,3.106040268456508,0.9378545370006113
9.10002197265625,7.132781982421874,3.9115966796875004,3.7731543624163377,0.9367289994107753
9.80244384765625,1.3349011230468748,6.0433837890625,3.229530201342432,0.748373993169124
1.60752197265625,1.3349011230468748,6.0433837890625,0.3946308724832195,0.21403721440367096
9.80244384765625,9.631531982421874,6.0433837890625,4.14899328859089,0.963201094109311
9.80244384765625,1.3349011230468748,1.4365966796875,2.3382550335570658,0.5353621136564454
1.60752197265625,9.631531982421874,1.4365966796875,0.7516778523489849,0.7154068451877208
4.80744384765625,6.332401123046874,1.0933837890625,1.7489932885905777,0.7522447038894859
6.60252197265625,6.332401123046874,1.0933837890625,2.438926174496678,0.8025630795140999
4.80744384765625,4.634031982421875,1.0933837890625,1.5892617449664195,0.6812255325854167
4.80744384765625,6.332401123046874,6.3865966796875,2.087248322147633,0.9014641578733118
6.60252197265625,4.634031982421875,6.3865966796875,2.720805369127592,0.8974584037497355
3.55869384765625,0.085526123046875,4.8058837890624995,0.36644295302013274,0.015163820067876586
5.35377197265625,0.085526123046875,4.8058837890624995,0.36778523489932735,0.01517066133040716
3.55869384765625,3.3846569824218746,4.8058837890624995,1.355704697986558,0.7434047250685651
3.55869384765625,0.085526123046875,7.6240966796875,0.36644295302013274,0.015403776094391974
5.35377197265625,3.3846569824218746,7.6240966796875,2.1355704697986466,0.8427481120401539
8.55369384765625,5.083026123046874,9.7558837890625,3.55973154362436,0.9344999123620239
0.35877197265625,5.083026123046874,9.7558837890625,0.39060402684563567,0.5603609865167314
8.55369384765625,8.382156982421876,9.7558837890625,3.6577181208055825,0.9600548976335382
8.55369384765625,5.083026123046874,2.6740966796875,3.385234899329032,0.8880644423048629
0.35877197265625,8.382156982421876,2.6740966796875,0.3932885906040249,0.640999216978516
6.05619384765625,2.5842761230468745,2.3308837890625003,1.9704697986576878,0.6966774251864405
7.85127197265625,2.5842761230468745,2.3308837890625003,2.667114093959799,0.7535039428006799
6.05619384765625,5.883406982421874,2.3308837890625003,2.4201342281879503,0.8593884673543914
6.05619384765625,2.5842761230468745,0.1990966796875,1.0912751677852204,0.3704571323461858
7.85127197265625,5.883406982421874,0.1990966796875,2.2161073825503363,0.6221498541814374
1.0611938476562501,7.5817761230468745,7.2808837890625,0.6442953020134163,0.7807547632275762
2.8562719726562498,7.5817761230468745,7.2808837890625,1.355704697986558,0.8820636132258671
1.0611938476562501,0.8859069824218749,7.2808837890625,0.375838926174495,0.14763174013424812
1.0611938476562501,7.5817761230468745,5.1490966796875,0.6241610738254972,0.7535232981799866
2.8562719726562498,0.8859069824218749,5.1490966796875,0.4013422818791925,0.14887449355798282
0.7490063476562501,2.8966198730468746,3.2590087890625004,0.38657718120805185,0.36618584454531233
6.91470947265625,2.8966198730468746,3.2590087890625004,2.5060402684564194,0.792758678018883
0.7490063476562501,9.319188232421874,3.2590087890625004,0.5114093959731503,0.7186779480521848
0.7490063476562501,2.8966198730468746,2.9834716796875003,0.38523489932885724,0.3624689736730694
6.91470947265625,9.319188232421874,2.9834716796875003,2.93154362416118,0.9287211080789609
5.74400634765625,7.894119873046875,8.2090087890625,2.5194630872483676,0.9370844355774923
1.91970947265625,7.894119873046875,8.2090087890625,0.9959731543624033,0.8560329486681844
5.74400634765625,4.321688232421875,8.2090087890625,2.382550335570495,0.8860480666322035
5.74400634765625,7.894119873046875,7.9334716796875,2.518120805369173,0.9365634494858279
1.91970947265625,4.321688232421875,7.9334716796875,0.860402684563748,0.7348623438783015
8.24150634765625,0.397869873046875,0.7840087890625,0.38523489932885724,0.054086165670196154
9.41220947265625,0.397869873046875,0.7840087890625,0.39060402684563567,0.05289655298304985
8.24150634765625,1.8229382324218748,0.7840087890625,1.816107382550308,0.48295607441114485
8.24150634765625,0.397869873046875,5.4584716796874995,0.4765100671140905,0.08715125396012238
9.41220947265625,1.8229382324218748,5.4584716796874995,3.3275167785236546,0.800625103644097
3.2465063476562497,5.395369873046874,5.7340087890625,1.4174496644295098,0.8369249916101356
4.41720947265625,5.395369873046874,5.7340087890625,1.8832214765100384,0.8717889614737411
3.2465063476562497,6.820438232421874,5.7340087890625,1.4738255033556833,0.870533186000364
3.2465063476562497,5.395369873046874,0.5084716796875001,0.9342281879194514,0.5366851087700129
4.41720947265625,6.820438232421874,0.5084716796875001,1.4161073825503152,0.6488270949687807
4.49525634765625,1.6472448730468747,9.4465087890625,1.4348993288590397,0.6487751518776549
3.16845947265625,1.6472448730468747,9.4465087890625,0.9194630872483107,0.5321441011290545
4.49525634765625,5.571063232421874,9.4465087890625,1.9624161073825201,0.8958396294272912
4.49525634765625,1.6472448730468747,4.2209716796875,1.2375838926174325,0.5524057498716913
3.16845947265625,5.571063232421874,4.2209716796875,1.3610738255033363,0.8181840125368938
9.49025634765625,6.644744873046874,4.4965087890625,3.927516778523743,0.9388132441839868
8.16345947265625,6.644744873046874,4.4965087890625,3.4000000000001753,0.9304044218536366
9.49025634765625,0.573563232421875,4.4965087890625,1.6120805369127278,0.3680835125455566
9.49025634765625,6.644744873046874,9.1709716796875,3.9879194630875103,0.9534035985598355
8.16345947265625,0.573563232421875,9.1709716796875,1.526174496644273,0.3992241780082178
6.9927563476562495,4.145994873046875,6.9715087890625,2.8510067114094904,0.8944813709684527
0.67095947265625,4.145994873046875,6.9715087890625,0.40939597315436016,0.502078060831955
6.9927563476562495,3.0723132324218745,6.9715087890625,2.735570469798735,0.8581146642024475
6.9927563476562495,4.145994873046875,6.6959716796875,2.845637583892711,0.8927923984012984
0.67095947265625,3.0723132324218745,6.6959716796875,0.3932885906040249,0.40761527847638696
1.99775634765625,9.143494873046874,2.0215087890625,0.9315436241610622,0.7764976850518528
5.66595947265625,9.143494873046874,2.0215087890625,2.375838926174521,0.8933306953066343
1.99775634765625,8.069813232421875,2.0215087890625,0.9006711409395862,0.7494661326681197
1.99775634765625,9.143494873046874,1.7459716796875002,0.9114093959731431,0.7586744533651113
5.66595947265625,8.069813232421875,1.7459716796875002,2.3100671140939744,0.8682920370942577
1.37338134765625,1.0225573730468749,6.3527587890624995,0.3812080536912734,0.1673991259858325
7.53908447265625,1.0225573730468749,6.3527587890624995,2.0510067114093724,0.5959963380545306
1.37338134765625,4.946375732421875,6.3527587890624995,0.6671140939597247,0.6943166045275988
1.37338134765625,1.0225573730468749,1.1272216796875,0.37181208053691117,0.14692662383796082
7.53908447265625,4.946375732421875,1.1272216796875,2.673825503355773,0.7830286468877592
6.36838134765625,6.020057373046875,1.4027587890625002,2.4107382550335865,0.8189407608552648
2.54408447265625,6.020057373046875,1.4027587890625002,0.9516778523489813,0.665234490753212
6.36838134765625,9.943875732421875,1.4027587890625002,2.602684563758447,0.8850734648435785
6.36838134765625,6.020057373046875,6.0772216796875,2.6926174496645006,0.9164632124129207
2.54408447265625,9.943875732421875,6.0772216796875,1.2644295302013246,0.8952446802903549
8.86588134765625,3.5213073730468745,8.8277587890625,3.5651006711411393,0.9062091981689331
5.0415844726562495,3.5213073730468745,8.8277587890625,2.0429530201342034,0.8479745241481196
8.86588134765625,7.445125732421874,8.8277587890625,3.757046979866,0.9550808038728924
8.86588134765625,3.5213073730468745,8.5522216796875,3.5624161073827496,0.9055034230619751
5.0415844726562495,7.445125732421874,8.5522216796875,2.2322147651006743,0.9268192385824674
3.87088134765625,8.518807373046876,3.8777587890625003,1.7328859060402424,0.8922013859972039
0.04658447265625,8.518807373046876,3.8777587890625003,0.36644295302013274,0.6679031965641273
3.87088134765625,2.4476257324218746,3.8777587890625003,1.2617449664429354,0.6425941122020824
3.87088134765625,8.518807373046876,3.6022216796875,1.7261744966442694,0.8886637210948735
0.04658447265625,2.4476257324218746,3.6022216796875,0.36375838926174353,0.326920396954941
2.62213134765625,4.770682373046874,0.16525878906250002,0.608053691275162,0.38678088894296947
1.2953344726562501,4.770682373046874,0.16525878906250002,0.3986577181208033,0.34727109108798426
2.62213134765625,1.1982507324218747,0.16525878906250002,0.3771812080536896,0.13705586721899904
2.62213134765625,4.770682373046874,2.3647216796875004,0.9999999999999871,0.6859088498819059
1.2953344726562501,1.1982507324218747,2.3647216796875004,0.375838926174495,0.17723669943129872
7.61713134765625,9.768182373046875,5.1152587890625,3.269798657718277,0.9516388255909083
6.29033447265625,9.768182373046875,5.1152587890625,2.7422818791947092,0.943402971858782
7.61713134765625,6.195750732421875,5.1152587890625,3.1798657718122234,0.9253686668655328
7.61713134765625,9.768182373046875,7.3147216796875,3.291275167785394,0.9579624622158769
6.29033447265625,6.195750732421875,7.3147216796875,2.6832214765101368,0.9231196147021975
5.11963134765625,2.271932373046875,2.6402587890625,1.5651006711409166,0.6351547506113738
3.7928344726562497,2.271932373046875,2.6402587890625,1.075167785234885,0.5488455705141287
5.11963134765625,8.694500732421876,2.6402587890625,2.187919463087245,0.8963225669365511
5.11963134765625,2.271932373046875,9.7897216796875,1.8899328859060114,0.7736258784308228
3.7928344726562497,8.694500732421876,9.7897216796875,1.765100671140913,0.9240213777672646
0.12463134765625,7.269432373046874,7.5902587890625,0.3744966442953004,0.6461298666191848
8.78783447265625,7.269432373046874,7.5902587890625,3.7127516778525704,0.9513224127027728
0.12463134765625,3.6970007324218748,7.5902587890625,0.36912751677852196,0.4496286405875928
0.12463134765625,7.269432373046874,4.8397216796875,0.37181208053691117,0.6317053728241036
8.78783447265625,3.6970007324218748,4.8397216796875,3.4697986577183064,0.88873879152525
0.16365478515625,2.7014050292968745,0.2812744140625,0.36510067114093814,0.32517786198972704
4.53427978515625,2.7014050292968745,0.2812744140625,0.8134228187919368,0.3439049021536344
0.16365478515625,7.640340576171874,0.2812744140625,0.36778523489932735,0.5733337782720721
0.16365478515625,2.7014050292968745,5.1104248046875,0.36778523489932735,0.3571995754886652
4.53427978515625,7.640340576171874,5.1104248046875,1.9999999999999691,0.906383383110781
5.15865478515625,7.698905029296874,5.2312744140625,2.2523489932885967,0.9172299876273412
9.52927978515625,7.698905029296874,5.2312744140625,3.9906040268459,0.9504271716083503
5.15865478515625,2.6428405761718747,5.2312744140625,1.8805369127516491,0.7643169771985563
5.15865478515625,7.698905029296874,0.1604248046875,1.4872483221476294,0.5974850093138849
9.52927978515625,2.6428405761718747,0.1604248046875,1.9771812080536608,0.4618113781830051
7.65615478515625,0.20265502929687498,2.7562744140625,0.3771812080536896,0.03417216717195558
2.03677978515625,0.20265502929687498,2.7562744140625,0.36644295302013274,0.034551690011263674
7.65615478515625,0.14409057617187498,2.7562744140625,0.3731543624161058,0.024660986823122465
7.65615478515625,0.20265502929687498,2.6354248046875,0.3771812080536896,0.03408462206162462
2.03677978515625,0.14409057617187498,2.6354248046875,0.36510067114093814,0.0246762412461057
2.66115478515625,5.200155029296875,7.7062744140625,1.2013422818791781,0.822762396262167
7.03177978515625,5.200155029296875,7.7062744140625,2.9422818791947387,0.9187332054681757
2.66115478515625,5.1415905761718745,7.7062744140625,1.198657718120789,0.820880284371778
2.66115478515625,5.200155029296875,7.5854248046875,1.2013422818791781,0.8226882292812154
7.03177978515625,5.1415905761718745,7.5854248046875,2.9382550335571542,0.9174635824481558
3.90990478515625,1.4520300292968749,6.4687744140625,1.030872483221463,0.5071894093302153
5.78302978515625,1.4520300292968749,6.4687744140625,1.751677852348967,0.6423483959636702
3.90990478515625,6.390965576171874,6.4687744140625,1.734228187919437,0.8859348535360415
3.90990478515625,1.4520300292968749,6.3479248046875,1.0268456375838793,0.5048891002686671
5.78302978515625,6.390965576171874,6.3479248046875,2.477852348993328,0.9161801474908193
8.90490478515625,6.4495300292968745,1.5187744140625001,3.4671140939599168,0.8769251751026805
0.78802978515625,6.4495300292968745,1.5187744140625001,0.4228187919463062,0.530269671670592
8.90490478515625,1.3934655761718748,1.5187744140625001,2.1288590604026725,0.5309325950334878
8.90490478515625,6.4495300292968745,1.3979248046875001,3.4389261744968254,0.869685553640344
0.78802978515625,1.3934655761718748,1.3979248046875001,0.37046979865771656,0.19720477888859772
6.40740478515625,3.9507800292968747,8.9437744140625,2.626845637583954,0.8893973969451193
8.28052978515625,3.9507800292968747,8.9437744140625,3.3731543624162788,0.9115272349808058
6.40740478515625,3.8922155761718744,8.9437744140625,2.6214765100671746,0.8875861697836562
6.40740478515625,3.9507800292968747,3.8729248046875004,2.510067114094004,0.8492429746692507
8.28052978515625,3.8922155761718744,3.8729248046875004,3.246979865771965,0.8769782460682782
1.41240478515625,8.948280029296875,3.9937744140625004,0.771812080536904,0.8007057835782841
3.2855297851562497,8.948280029296875,3.9937744140625004,1.512751677852327,0.8853109119619953
1.41240478515625,8.889715576171875,3.9937744140625004,0.7704697986577094,0.7992607347159475
1.41240478515625,8.948280029296875,8.8229248046875,0.8174496644295206,0.850415416679244
3.2855297851562497,8.889715576171875,8.8229248046875,1.5624161073825273,0.9147753022520938
2.03677978515625,0.8273425292968749,9.5625244140625,0.39060402684563567,0.14495835210315136
0.16365478515625,0.8273425292968749,9.5625244140625,0.36510067114093814,0.13723515597740862
2.03677978515625,3.2675280761718746,9.5625244140625,0.8322147651006613,0.6782138585384381
2.03677978515625,0.8273425292968749,8.2041748046875,0.38926174496644106,0.14326629811462432
0.16365478515625,3.2675280761718746,8.2041748046875,0.37046979865771656,0.4170775746151709
7.03177978515625,5.824842529296874,4.6125244140624995,2.9194630872484266,0.9114428086733961
5.15865478515625,5.824842529296874,4.6125244140624995,2.1744966442952967,0.8853468074223466
7.03177978515625,8.265028076171875,4.6125244140624995,3.0000000000001164,0.9366970744448017
7.03177978515625,5.824842529296874,3.2541748046875,2.869798657718218,0.8957020934898872
5.15865478515625,8.265028076171875,3.2541748046875,2.218791946308726,0.9033496251736883
9.52927978515625,3.326092529296875,7.0875244140625,3.7812080536915067,0.9004708657861382
2.66115478515625,3.326092529296875,7.0875244140625,1.0523489932885768,0.7166974106797324
9.52927978515625,5.766278076171875,7.0875244140625,3.9543624161076396,0.9418289640122779
9.52927978515625,3.326092529296875,0.7791748046875,2.907382550335673,0.6885757964709704
2.66115478515625,5.766278076171875,0.7791748046875,0.8590604026845534,0.5738906882927512
4.53427978515625,8.323592529296874,2.1375244140625003,1.911409395973125,0.8655402843315674
7.65615478515625,8.323592529296874,2.1375244140625003,3.1476510067115475,0.9115114746015704
4.53427978515625,0.768778076171875,2.1375244140625003,0.40536912751677634,0.11519139813841787
4.53427978515625,8.323592529296874,5.7291748046875,2.0255033557046707,0.9180013139365024
7.65615478515625,0.768778076171875,5.7291748046875,1.63892617449662,0.46071437214325317
3.2855297851562497,4.5754675292968745,3.3750244140625,1.3087248322147467,0.763689067193869
8.90490478515625,4.5754675292968745,3.3750244140625,3.534228187919658,0.8944091121091994
3.2855297851562497,2.018153076171875,3.3750244140625,0.8845637583892509,0.49588163527027146
3.2855297851562497,4.5754675292968745,9.4416748046875,1.4322147651006505,0.8381869591761195
8.90490478515625,2.018153076171875,9.4416748046875,3.3221476510068753,0.8409300946922387
8.28052978515625,9.572967529296875,8.3250244140625,3.55973154362436,0.9620103425900444
3.90990478515625,9.572967529296875,8.3250244140625,1.8187919463086972,0.929365946579692
8.28052978515625,7.0156530761718745,8.3250244140625,3.5100671140941513,0.9485779821147933
8.28052978515625,9.572967529296875,4.4916748046874995,3.52080536912771,0.9513826846814357
3.90990478515625,7.0156530761718745,4.4916748046874995,1.7221476510066855,0.879581637674021
5.78302978515625,2.0767175292968747,0.9000244140625,1.2536912751677678,0.44890770244873096
6.40740478515625,2.0767175292968747,0.9000244140625,1.4483221476509858,0.4783090423825659
5.78302978515625,9.514403076171876,0.9000244140625,2.2375838926174536,0.8255913705250746
5.78302978515625,2.0767175292968747,2.0166748046875003,1.6241610738254793,0.5928598708607515
6.40740478515625,9.514403076171876,2.0166748046875003,2.6791946308725523,0.906629352614057
0.78802978515625,7.074217529296875,5.8500244140625,0.5154362416107341,0.7062618362303806
1.41240478515625,7.074217529296875,5.8500244140625,0.7557046979865687,0.7834822399748776
0.78802978515625,4.516903076171874,5.8500244140625,0.4335570469798631,0.5356876454441661
0.78802978515625,7.074217529296875,6.9666748046875,0.5248322147650963,0.7222450312060236
1.41240478515625,4.516903076171874,6.9666748046875,0.66577181208053,0.6796783942738563
1.10021728515625,2.389061279296875,4.9218994140625,0.4013422818791925,0.3350381621362643
8.59271728515625,2.389061279296875,4.9218994140625,3.16778523489947,0.8275020843348881
1.10021728515625,5.453934326171875,4.9218994140625,0.5677852348993238,0.6587304126284258
1.10021728515625,2.389061279296875,4.8010498046875,0.3999999999999979,0.3328890259429111
8.59271728515625,5.453934326171875,4.8010498046875,3.527516778523684,0.922050336710322
6.09521728515625,7.386561279296874,9.8718994140625,2.657718120805435,0.9395832839154292
3.59771728515625,7.386561279296874,9.8718994140625,1.6630872483221228,0.9075484131918448
6.09521728515625,0.45643432617187496,9.8718994140625,0.4322147651006685,0.09281372793844125
6.09521728515625,7.386561279296874,9.7510498046875,2.657718120805435,0.9395649610182074
3.59771728515625,0.45643432617187496,9.7510498046875,0.39060402684563567,0.08400598124221352
8.59271728515625,4.887811279296875,2.4468994140625,3.36241610738272,0.8783620009559687
6.09521728515625,4.887811279296875,2.4468994140625,2.3731543624161313,0.8378534330412235
8.59271728515625,2.955184326171875,2.4468994140625,3.0791946308726112,0.8036043141636939
8.59271728515625,4.887811279296875,7.2760498046875,3.542281879194827,0.9260366222995331
6.09521728515625,2.955184326171875,7.2760498046875,2.366442953020157,0.8361692941177542
3.59771728515625,9.885311279296875,7.3968994140625,1.6939597315435988,0.924353060175782
1.10021728515625,9.885311279296875,7.3968994140625,0.6993288590603952,0.8352589740898813
3.59771728515625,7.952684326171874,7.3968994140625,1.6604026845637336,0.9060152592430821
3.59771728515625,9.885311279296875,2.3260498046875,1.5973154362415871,0.8708369604816552
1.10021728515625,7.952684326171874,2.3260498046875,0.5825503355704644,0.6810900350676132
4.84646728515625,3.6384362792968745,8.6343994140625,1.9744966442952716,0.8469157047388229
2.3489672851562498,3.6384362792968745,8.6343994140625,0.9825503355704572,0.7321808033665262
4.84646728515625,9.202059326171875,8.6343994140625,2.187919463087245,0.9387898921854427
4.84646728515625,3.6384362792968745,3.5635498046875003,1.8375838926174217,0.7868579661404619
2.3489672851562498,9.202059326171875,3.5635498046875003,1.1355704697986424,0.8502147838577021
9.84146728515625,8.635936279296875,3.6843994140625003,4.103355704698266,0.9490535725420799
7.34396728515625,8.635936279296875,3.6843994140625003,3.111409395973287,0.9350419063760431
9.84146728515625,4.204559326171875,3.6843994140625003,3.889932885906288,0.899427758219088
9.84146728515625,8.635936279296875,8.5135498046875,4.171812080537202,0.9641492828165068
7.34396728515625,4.204559326171875,8.5135498046875,3.0147651006712595,0.9061459731177908
7.34396728515625,1.1396862792968747,6.1593994140624995,2.0953020134228018,0.6245534752772934
4.84646728515625,1.1396862792968747,6.1593994140624995,1.1395973154362262,0.4690656301460796
7.34396728515625,1.7058093261718748,6.1593994140624995,2.4899328859060814,0.7468448296143249
7.34396728515625,1.1396862792968747,6.0385498046874995,2.087248322147633,0.622037545139885
4.84646728515625,1.7058093261718748,6.0385498046874995,1.5033557046979646,0.6386323143831092
2.3489672851562498,6.137186279296874,1.2093994140625002,0.860402684563748,0.6332523365970539
9.84146728515625,6.137186279296874,1.2093994140625002,3.7275167785237135,0.861052986281412
2.3489672851562498,6.703309326171874,1.2093994140625002,0.8899328859060294,0.6571295291050876
2.3489672851562498,6.137186279296874,1.0885498046875002,0.8416107382550235,0.6178837974782377
9.84146728515625,6.703309326171874,1.0885498046875002,3.730201342282103,0.8616387515361389
1.72459228515625,4.263123779296874,5.5406494140625,0.7476510067114011,0.6780356874793843
6.71959228515625,4.263123779296874,5.5406494140625,2.7234899328859816,0.8845927316309339
1.72459228515625,1.081121826171875,5.5406494140625,0.38791946308724645,0.17570206361469726
1.72459228515625,4.263123779296874,1.7072998046875,0.5892617449664375,0.5104087143420502
6.71959228515625,1.081121826171875,1.7072998046875,1.1382550335570316,0.3488312110669591
6.71959228515625,9.260623779296875,0.5906494140625,2.4416107382550676,0.7908002833257137
1.72459228515625,9.260623779296875,0.5906494140625,0.6724832214765031,0.6010911021271304
6.71959228515625,6.078621826171874,0.5906494140625,2.212080536912752,0.7148088721012663
6.71959228515625,9.260623779296875,6.6572998046875,2.9221476510068163,0.9494054120746237
1.72459228515625,6.078621826171874,6.6572998046875,0.8563758389261642,0.7867456194782355
9.21709228515625,1.7643737792968748,8.0156494140625,3.32348993288607,0.8153220307115198
9.21709228515625,1.7643737792968748,8.0156494140625,3.32348993288607,0.8153220307115198
9.21709228515625,8.577371826171875,8.0156494140625,3.9154362416109896,0.9610960063156502
9.21709228515625,1.7643737792968748,9.1322998046875,3.3503355704699667,0.8220260683018815
9.21709228515625,8.577371826171875,9.1322998046875,3.9248322147653534,0.9627156298763957
4.22209228515625,6.761873779296875,3.0656494140625004,1.7892617449664159,0.8588160956611708
4.22209228515625,6.761873779296875,3.0656494140625004,1.7892617449664159,0.8588160956611708
4.22209228515625,3.5798718261718747,3.0656494140625004,1.5489932885905813,0.7412362026851248
4.22209228515625,6.761873779296875,4.1822998046875,1.829530201342254,0.8784942266888225
4.22209228515625,3.5798718261718747,4.1822998046875,1.6174496644295062,0.7752355861125555
2.97334228515625,0.514998779296875,1.8281494140625,0.3744966442953004,0.0807844992793938
2.97334228515625,0.514998779296875,1.8281494140625,0.3744966442953004,0.0807844992793938
2.97334228515625,4.829246826171874,1.8281494140625,1.0818791946308581,0.6762185437870751
2.97334228515625,0.514998779296875,0.46979980468750004,0.37046979865771656,0.07391012874689555
2.97334228515625,4.829246826171874,0.46979980468750004,0.7959731543624069,0.481447774753477
7.9683422851562495,5.512498779296874,6.7781494140625,3.3181208053692908,0.9278528342957392
7.9683422851562495,5.512498779296874,6.7781494140625,3.3181208053692908,0.9278528342957392
7.9683422851562495,9.826746826171876,6.7781494140625,3.4281879194632667,0.9587054925970553
7.9683422851562495,5.512498779296874,5.4197998046875,3.2966442953021735,0.9217501681477698
7.9683422851562495,9.826746826171876,5.4197998046875,3.4147651006713184,0.9549065587955223
5.47084228515625,3.0137487792968747,4.3031494140625,2.032214765100645,0.7864222172739088
0.47584228515625004,3.0137487792968747,4.3031494140625,0.3785234899328842,0.3844040773871517
5.47084228515625,7.327996826171875,4.3031494140625,2.3476510067114296,0.9098026985056168
5.47084228515625,3.0137487792968747,7.8947998046875,2.1382550335570363,0.8284472623552317
0.47584228515625004,7.327996826171875,7.8947998046875,0.42684563758389005,0.6783645061756249
0.47584228515625004,8.011248779296874,9.2531494140625,0.4402684563758361,0.7170237243381721
5.47084228515625,8.011248779296874,9.2531494140625,2.4187919463087555,0.9376715515813661
0.47584228515625004,2.3304968261718746,9.2531494140625,0.3798657718120788,0.3354323995797156
0.47584228515625004,8.011248779296874,2.9447998046875004,0.40939597315436016,0.6345812107481902
5.47084228515625,2.3304968261718746,2.9447998046875004,1.75838926174494,0.6772000164952676
0.6319360351562501,0.046483154296874996,6.9328369140624995,0.36375838926174353,0.008355313748059853
9.99756103515625,0.046483154296874996,6.9328369140624995,0.36912751677852196,0.00844960523940639
0.6319360351562501,9.045887451171875,6.9328369140624995,0.502013422818788,0.7618083302985963
0.6319360351562501,0.046483154296874996,4.3369873046875,0.36375838926174353,0.008229491625315458
9.99756103515625,9.045887451171875,4.3369873046875,4.1906040268459295,0.955530885162488
5.62693603515625,5.043983154296875,1.9828369140625002,2.1449664429530104,0.8102959927305513
5.0025610351562495,5.043983154296875,1.9828369140625002,1.9006711409395682,0.7923510829434633
5.62693603515625,4.048387451171875,1.9828369140625002,2.0348993288590345,0.7678934188981946
5.62693603515625,5.043983154296875,9.2869873046875,2.3892617449664693,0.9043161942492126
5.0025610351562495,4.048387451171875,9.2869873046875,2.077852348993269,0.8682340192917691
8.12443603515625,2.545233154296875,9.4078369140625,3.1395973154363785,0.8628199604436417
7.50006103515625,2.545233154296875,9.4078369140625,2.891275167785335,0.8529182842254728
8.12443603515625,1.5496374511718747,9.4078369140625,2.824161073825594,0.775450605687769
8.12443603515625,2.545233154296875,6.8119873046874995,3.08993288590617,0.8489486197327538
7.50006103515625,1.5496374511718747,6.8119873046874995,2.4979865771812504,0.7353575885282964
3.12943603515625,7.542733154296874,4.4578369140625,1.426845637583872,0.8665317345719683
2.50506103515625,7.542733154296874,4.4578369140625,1.1798657718120644,0.8439925580152107
3.12943603515625,6.547137451171874,4.4578369140625,1.3946308724832015,0.8467654205357507
3.12943603515625,7.542733154296874,1.8619873046875002,1.3046979865771628,0.7904095773376674
2.50506103515625,6.547137451171874,1.8619873046875002,1.0214765100671008,0.7261770181233297
4.37818603515625,3.7946081542968746,0.7453369140625,1.1959731543623997,0.5461699346390388
1.25631103515625,3.7946081542968746,0.7453369140625,0.3999999999999979,0.34947535715062195
4.37818603515625,5.297762451171875,0.7453369140625,1.3838926174496446,0.6381984918456993
4.37818603515625,3.7946081542968746,3.0994873046875,1.6402684563758145,0.7628419325852056
1.25631103515625,5.297762451171875,3.0994873046875,0.5744966442952968,0.6151895757359792
9.37318603515625,8.792108154296875,5.6953369140625,3.959731543624419,0.9572964425209087
6.25131103515625,8.792108154296875,5.6953369140625,2.7167785234900075,0.9396825315714787
9.37318603515625,0.300262451171875,5.6953369140625,0.4147651006711386,0.05632880578593222
9.37318603515625,8.792108154296875,8.049487304687501,3.981208053691536,0.9625391963510809
6.25131103515625,0.300262451171875,8.049487304687501,0.3932885906040249,0.0559230596844092
6.87568603515625,1.2958581542968748,3.2203369140625,1.7744966442952752,0.5564341780960848
3.7538110351562497,1.2958581542968748,3.2203369140625,0.6818791946308653,0.3174510715804302
6.87568603515625,2.799012451171875,3.2203369140625,2.4657718120805745,0.7837216636561266
6.87568603515625,1.2958581542968748,5.5744873046875,2.0174496644295017,0.6375246652799739
3.7538110351562497,2.799012451171875,5.5744873046875,1.3704697986576986,0.7198387297137774
1.88068603515625,6.293358154296874,8.1703369140625,0.9395973154362298,0.8177360571224113
8.74881103515625,6.293358154296874,8.1703369140625,3.6738255033559204,0.9451207950809225
1.88068603515625,7.796512451171874,8.1703369140625,0.9785234899328734,0.852368241592229
1.88068603515625,6.293358154296874,0.6244873046875,0.6241610738254972,0.5166367273448214
8.74881103515625,7.796512451171874,0.6244873046875,3.142281879194768,0.8062234255629416
2.50506103515625,3.1699206542968748,2.6015869140625,0.8026845637583799,0.5559148481129247
5.62693603515625,3.1699206542968748,2.6015869140625,1.9838926174496339,0.7484104442871876
2.50506103515625,4.673074951171874,2.6015869140625,0.966442953020122,0.6847719423891294
2.50506103515625,3.1699206542968748,2.4807373046875,0.7932885906040177,0.5483557460652139
5.62693603515625,4.673074951171874,2.4807373046875,2.171812080536907,0.8207584469303142
7.50006103515625,8.167420654296874,7.5515869140625,3.2201342281880683,0.9501462460422128
0.6319360351562501,8.167420654296874,7.5515869140625,0.49127516778523117,0.7410282757657378
7.50006103515625,9.670574951171876,7.5515869140625,3.24563758389277,0.9576811807029892
7.50006103515625,8.167420654296874,7.4307373046875,3.2187919463088734,0.9497564255140043
0.6319360351562501,9.670574951171876,7.4307373046875,0.5127516778523449,0.7817720691589166
9.99756103515625,0.671170654296875,0.1265869140625,0.4161073825503332,0.06734821986366528
8.12443603515625,0.671170654296875,0.1265869140625,0.3932885906040249,0.06930265332874834
9.99756103515625,7.171824951171875,0.1265869140625,2.9436241610739335,0.6669920013810078
9.99756103515625,0.671170654296875,9.9057373046875,2.557046979865823,0.577156925138187
8.12443603515625,7.171824951171875,9.9057373046875,3.4617449664431375,0.9515510946676704
5.0025610351562495,5.668670654296874,5.0765869140625,2.116778523489919,0.8842912788066923
3.12943603515625,5.668670654296874,5.0765869140625,1.3718120805368932,0.8328128210035317
5.0025610351562495,2.1743249511718745,5.0765869140625,1.6939597315435988,0.7045618107675032
5.0025610351562495,5.668670654296874,4.9557373046875,2.1140939597315294,0.883152159723146
3.12943603515625,2.1743249511718745,4.9557373046875,0.966442953020122,0.571990157592932
3.7538110351562497,1.9205456542968748,8.7890869140625,1.236241610738238,0.6448448721671114
4.37818603515625,1.9205456542968748,8.7890869140625,1.481879194630851,0.6869163143503867
3.7538110351562497,0.924949951171875,8.7890869140625,0.6093959731543566,0.26352918693157246
3.7538110351562497,1.9205456542968748,1.2432373046875,0.7127516778523413,0.3429091336960963
4.37818603515625,0.924949951171875,1.2432373046875,0.4026845637583871,0.12261272607700868
8.74881103515625,6.918045654296875,3.8390869140625004,3.6241610738257117,0.9321319085288566
9.37318603515625,6.918045654296875,3.8390869140625004,3.872483221476755,0.9360450857266254
8.74881103515625,5.922449951171874,3.8390869140625004,3.582550335570672,0.9213721048176904
8.74881103515625,6.918045654296875,6.1932373046875,3.6724832214767256,0.9447305263885926
9.37318603515625,5.922449951171874,6.1932373046875,3.887248322147898,0.9397369985788699
6.25131103515625,4.419295654296874,6.3140869140625,2.565100671140992,0.8870525389804758
1.88068603515625,4.419295654296874,6.3140869140625,0.8322147651006613,0.7189105639924604
6.25131103515625,8.421199951171875,6.3140869140625,2.7167785234900075,0.9396958641633171
6.25131103515625,4.419295654296874,8.6682373046875,2.595973154362473,0.8978942201428585
1.88068603515625,8.421199951171875,8.6682373046875,0.9932885906040141,0.8654307194198461
1.25631103515625,9.416795654296875,1.3640869140625,0.6174496644295242,0.6722430110373899
6.87568603515625,9.416795654296875,1.3640869140625,2.7785234899329696,0.8839671514934835
1.25631103515625,3.4236999511718746,1.3640869140625,0.40671140939597095,0.35806420123801386
1.25631103515625,9.416795654296875,3.7182373046875004,0.7140939597315359,0.7912702905973559
6.87568603515625,3.4236999511718746,3.7182373046875004,2.62013422818798,0.8335865644328727
0.94412353515625,4.731639404296875,7.8609619140625,0.5087248322147611,0.6225286670604468
3.44162353515625,4.731639404296875,7.8609619140625,1.488590604026824,0.8405025093452516
0.94412353515625,6.859481201171874,7.8609619140625,0.5852348993288536,0.7474526010527986
0.94412353515625,4.731639404296875,5.8838623046875,0.49127516778523117,0.5931867301307667
3.44162353515625,6.859481201171874,5.8838623046875,1.5557046979865543,0.8785183000994707
5.93912353515625,9.729139404296875,2.9109619140625003,2.5503355704698487,0.9215517462750389
8.43662353515625,9.729139404296875,2.9109619140625003,3.542281879194827,0.9412022481521538
5.93912353515625,1.8619812011718748,2.9109619140625003,1.7489932885905777,0.6260764641207831
5.93912353515625,9.729139404296875,0.9338623046875,2.3181208053691433,0.8362560928311753
8.43662353515625,1.8619812011718748,0.9338623046875,2.0093959731543327,0.5257112789433596
8.43662353515625,2.2328894042968748,5.3859619140624995,3.0845637583893906,0.8190850927084217
0.94412353515625,2.2328894042968748,5.3859619140624995,0.3919463087248303,0.3186724157405212
8.43662353515625,4.360731201171874,5.3859619140624995,3.410738255033734,0.9062440396108361
8.43662353515625,2.2328894042968748,3.4088623046875,2.940939597315544,0.780144313714638
0.94412353515625,4.360731201171874,3.4088623046875,0.4375838926174469,0.4952790479746154
3.44162353515625,7.230389404296874,0.43596191406250007,1.0872483221476366,0.6036682338421552
5.93912353515625,7.230389404296874,0.43596191406250007,1.9261744966442658,0.6915125216353868
3.44162353515625,9.358231201171876,0.43596191406250007,1.1838926174496482,0.6611152483125414
3.44162353515625,7.230389404296874,8.3588623046875,1.5879194630872249,0.8969757835572583
5.93912353515625,9.358231201171876,8.3588623046875,2.6241610738255643,0.9485788902908014
4.69037353515625,0.983514404296875,4.1484619140625,0.78523489932885,0.30849850148886837
7.18787353515625,0.983514404296875,4.1484619140625,1.6684563758389013,0.49927911658210367
4.69037353515625,8.108856201171875,4.1484619140625,2.055033557046957,0.9056864507322349
4.69037353515625,0.983514404296875,7.1213623046875,0.9624161073825381,0.39490273297652095
7.18787353515625,8.108856201171875,7.1213623046875,3.0912751677853647,0.9468993072744843
9.68537353515625,5.981014404296874,9.0984619140625,4.042953020134498,0.9489186702745127
2.19287353515625,5.981014404296874,9.0984619140625,1.0590604026845498,0.8319723458875055
9.68537353515625,3.1113562011718745,9.0984619140625,3.848322147651248,0.9031367240314906
9.68537353515625,5.981014404296874,2.1713623046875004,3.8469798657720533,0.9023101062189347
2.19287353515625,3.1113562011718745,2.1713623046875004,0.6536912751677786,0.4825840662138048
7.18787353515625,3.4822644042968744,1.6734619140625002,2.4818791946309124,0.7577686091458744
9.68537353515625,3.4822644042968744,1.6734619140625002,3.457718120805553,0.8099058320319531
7.18787353515625,0.6126062011718749,1.6734619140625002,0.44295302013422533,0.09510276734313
7.18787353515625,3.4822644042968744,4.6463623046875,2.800000000000087,0.8571803022356599
9.68537353515625,0.6126062011718749,4.6463623046875,1.8442953020133948,0.4188858078076614
2.19287353515625,8.479764404296875,6.6234619140625,1.106040268456361,0.869175743098399
4.69037353515625,8.479764404296875,6.6234619140625,2.0993288590603862,0.9254324128221701
2.19287353515625,5.610106201171875,6.6234619140625,1.0228187919462954,0.8026378514136577
2.19287353515625,8.479764404296875,9.5963623046875,1.123489932885891,0.8831634893631768
4.69037353515625,5.610106201171875,9.5963623046875,2.0429530201342034,0.9006109681000402
1.5684985351562502,1.6082019042968747,2.2922119140625004,0.38791946308724645,0.2237051199499074
1.5684985351562502,1.6082019042968747,2.2922119140625004,0.38791946308724645,0.2237051199499074
1.5684985351562502,2.4866687011718747,2.2922119140625004,0.4161073825503332,0.3134660612481021
1.5684985351562502,1.6082019042968747,7.7401123046875,0.40805369127516555,0.26035281934981236
1.5684985351562502,2.4866687011718747,7.7401123046875,0.526174496644291,0.4547091527147211
6.56349853515625,6.6057019042968745,7.2422119140625,2.805369127516866,0.9302692356479059
6.56349853515625,6.6057019042968745,7.2422119140625,2.805369127516866,0.9302692356479059
6.56349853515625,7.484168701171875,7.2422119140625,2.829530201342373,0.938297266793559
6.56349853515625,6.6057019042968745,2.7901123046875003,2.696644295302085,0.8937099389026502
6.56349853515625,7.484168701171875,2.7901123046875003,2.7315436241611506,0.905377440332701
9.06099853515625,4.106951904296874,4.7672119140625,3.6187919463089324,0.9017705113330567
4.0659985351562495,4.106951904296874,4.7672119140625,1.6335570469798415,0.8078833113904261
9.06099853515625,9.982918701171876,4.7672119140625,3.842953020134469,0.9578767960965495
9.06099853515625,4.106951904296874,0.3151123046875,2.471140939597354,0.6103256909674828
4.0659985351562495,9.982918701171876,0.3151123046875,1.3570469798657525,0.665205966067195
4.0659985351562495,9.104451904296875,9.7172119140625,1.8805369127516491,0.931315957667241
9.06099853515625,9.104451904296875,9.7172119140625,0.28859060402684555,0.07334926060545702
4.0659985351562495,4.9854187011718745,9.7172119140625,1.7664429530201076,0.8747187208381638
4.0659985351562495,9.104451904296875,5.2651123046874995,1.8483221476509786,0.9151686061365356
9.06099853515625,4.9854187011718745,5.2651123046874995,3.6979865771814273,0.9216459204601852
2.8172485351562497,2.8575769042968746,6.0047119140625,1.0268456375838793,0.6673222012376644
7.81224853515625,2.8575769042968746,6.0047119140625,3.002684563758506,0.8541862754170846
2.8172485351562497,3.736043701171875,6.0047119140625,1.136912751677837,0.7443128906633001
2.8172485351562497,2.8575769042968746,8.9776123046875,1.079194630872469,0.7042868431561266
7.81224853515625,3.736043701171875,8.9776123046875,3.1691275167786648,0.9018870725595842
7.81224853515625,7.855076904296874,1.0547119140625,3.0000000000001164,0.8524512821922683
2.8172485351562497,7.855076904296874,1.0547119140625,1.0832214765100527,0.7060254997323651
7.81224853515625,8.733543701171875,1.0547119140625,3.0456375838927405,0.865592588152223
7.81224853515625,7.855076904296874,4.0276123046875,3.2872483221478097,0.9353928130948546
2.8172485351562497,8.733543701171875,4.0276123046875,1.3234899328858873,0.8695157619570688
5.31474853515625,0.35882690429687497,8.4797119140625,0.3946308724832195,0.06677269341150135
5.31474853515625,0.35882690429687497,8.4797119140625,0.3946308724832195,0.06677269341150135
5.31474853515625,6.234793701171874,8.4797119140625,2.3073825503355847,0.9165232016414993
5.31474853515625,0.35882690429687497,1.5526123046875002,0.3771812080536896,0.05589695936302573
5.31474853515625,6.234793701171874,1.5526123046875002,2.045637583892593,0.8108124347498785
0.31974853515625,5.356326904296875,3.5297119140625,0.3798657718120788,0.5375351264058781
0.31974853515625,5.356326904296875,3.5297119140625,0.3798657718120788,0.5375351264058781
0.31974853515625,1.2372937011718748,3.5297119140625,0.36644295302013274,0.188689272651343
0.31974853515625,5.356326904296875,6.5026123046875,0.38523489932885724,0.5609066357936691
0.31974853515625,1.2372937011718748,6.5026123046875,0.36778523489932735,0.19394632645145962
0.24170166015625003,1.3739440917968748,8.4023681640625,0.36778523489932735,0.2143064165589136
6.48545166015625,1.3739440917968748,8.4023681640625,2.045637583892593,0.6821375454939846
0.24170166015625003,3.9703015136718744,8.4023681640625,0.375838926174495,0.4754748014999343
0.24170166015625003,1.3739440917968748,9.5190185546875,0.36778523489932735,0.21513733451021844
6.48545166015625,3.9703015136718744,9.5190185546875,2.665771812080604,0.8931751905871338
5.23670166015625,6.371444091796874,3.4523681640625004,2.1932885906040243,0.8816288696992941
1.49045166015625,6.371444091796874,3.4523681640625004,0.7181208053691197,0.7156891159005263
5.23670166015625,8.967801513671875,3.4523681640625004,2.273825503355714,0.9142527377505605
5.23670166015625,6.371444091796874,4.5690185546875,2.22818791946309,0.8958913157049195
1.49045166015625,8.967801513671875,4.5690185546875,0.8120805369127422,0.8170429118218108
7.73420166015625,3.8726940917968746,5.9273681640625,3.1020134228189233,0.8905003658114232
8.98295166015625,3.8726940917968746,5.9273681640625,3.59865771812101,0.9038592002754778
7.73420166015625,6.469051513671874,5.9273681640625,3.2510067114095493,0.9334473817280795
7.73420166015625,3.8726940917968746,2.0940185546875,2.855033557047075,0.8184355824884719
8.98295166015625,6.469051513671874,2.0940185546875,3.589261744966646,0.9010922427465223
2.7392016601562497,8.870194091796876,0.9773681640625,1.079194630872469,0.718566106301878
3.98795166015625,8.870194091796876,0.9773681640625,1.5449664429529975,0.7740493736364782
2.7392016601562497,1.4715515136718749,0.9773681640625,0.3973154362416087,0.17827670847036114
2.7392016601562497,8.870194091796876,7.0440185546875,1.3328859060402496,0.894462370143094
3.98795166015625,1.4715515136718749,7.0440185546875,1.0912751677852204,0.5321378152436309
3.98795166015625,2.6233190917968745,4.6898681640625,1.393288590604007,0.6964538121864504
2.7392016601562497,2.6233190917968745,4.6898681640625,0.9127516778523377,0.5985859537669471
3.98795166015625,0.222176513671875,4.6898681640625,0.3731543624161058,0.03902783511793321
3.98795166015625,2.6233190917968745,8.2815185546875,1.4926174496644078,0.748667145114798
2.7392016601562497,0.222176513671875,8.2815185546875,0.37181208053691117,0.040073212500355296
8.98295166015625,7.620819091796874,9.6398681640625,3.8120805369129878,0.9577178911666391
7.73420166015625,7.620819091796874,9.6398681640625,3.315436241610901,0.9520583064683503
8.98295166015625,5.219676513671875,9.6398681640625,3.7369127516780773,0.9388084760005273
8.98295166015625,7.620819091796874,3.3315185546875004,3.7221476510069342,0.9348537057943461
7.73420166015625,5.219676513671875,3.3315185546875004,3.1154362416108716,0.8941512539564958
6.48545166015625,0.12456909179687499,2.2148681640625,0.36912751677852196,0.02108730997995829
0.24170166015625003,0.12456909179687499,2.2148681640625,0.36375838926174353,0.021398008326933428
6.48545166015625,7.718426513671874,2.2148681640625,2.6697986577181885,0.8939556048062285
6.48545166015625,0.12456909179687499,0.8565185546875,0.36778523489932735,0.020114525753961693
0.24170166015625003,7.718426513671874,0.8565185546875,0.3731543624161058,0.5844879682798505
1.49045166015625,5.122069091796875,7.1648681640625,0.7302013422818712,0.7293531543350975
5.23670166015625,5.122069091796875,7.1648681640625,2.217449664429531,0.8917116527188872
1.49045166015625,2.7209265136718748,7.1648681640625,0.5288590604026802,0.4778103524743599
1.49045166015625,5.122069091796875,5.8065185546875,0.7140939597315359,0.7112469595171838
5.23670166015625,2.7209265136718748,5.8065185546875,1.948993288590574,0.7826562974409543
2.11482666015625,4.4973815917968745,1.5961181640625002,0.7221476510067035,0.5618207265695884
8.35857666015625,4.4973815917968745,1.5961181640625002,3.0845637583893906,0.8251374395491323
2.11482666015625,9.592489013671875,1.5961181640625002,0.9530201342281759,0.7638935392314852
2.11482666015625,4.4973815917968745,6.4252685546874995,0.9302013422818676,0.7457036673786469
8.35857666015625,9.592489013671875,6.4252685546874995,3.5771812080538927,0.9586314652018112
7.10982666015625,9.494881591796876,6.5461181640624995,3.0791946308726112,0.9522981368135125
3.36357666015625,9.494881591796876,6.5461181640624995,1.5879194630872249,0.9130081179828613
7.10982666015625,4.594989013671874,6.5461181640624995,2.923489932886011,0.9039816775929246
7.10982666015625,9.494881591796876,1.4752685546875002,2.89261744966453,0.8938182027726894
3.36357666015625,4.594989013671874,1.4752685546875002,1.1489932885905885,0.653017819360793
9.60732666015625,1.9986315917968747,4.0711181640625,3.3812080536914477,0.7983393070138879
5.86107666015625,1.9986315917968747,4.0711181640625,1.9060402684563467,0.6932898953458411
9.60732666015625,2.096239013671875,4.0711181640625,3.4201342281880978,0.8076228558916914
9.60732666015625,1.9986315917968747,3.9502685546875003,3.370469798657889,0.795742680913263
5.86107666015625,2.096239013671875,3.9502685546875003,1.9328859060402388,0.7033846989963406
4.61232666015625,6.996131591796875,9.0211181640625,2.0523489932885672,0.9173777909697607
0.8660766601562501,6.996131591796875,9.0211181640625,0.5637583892617399,0.749798564326086
4.61232666015625,7.0937390136718745,9.0211181640625,2.055033557046957,0.918574127905115
4.61232666015625,6.996131591796875,8.9002685546875,2.0523489932885672,0.91735130366369
0.8660766601562501,7.0937390136718745,8.9002685546875,0.5664429530201291,0.7537762031115935
3.36357666015625,0.749256591796875,5.3086181640625,0.4013422818791925,0.12832586144575725
2.11482666015625,0.749256591796875,5.3086181640625,0.382550335570468,0.12534225625779763
3.36357666015625,5.844364013671875,5.3086181640625,1.4778523489932671,0.8492284750756499
3.36357666015625,0.749256591796875,5.1877685546875,0.4013422818791925,0.12815412462942552
2.11482666015625,5.844364013671875,5.1877685546875,0.9812080536912626,0.7885625226417947
8.35857666015625,5.746756591796874,0.3586181640625,2.554362416107433,0.6801746491636469
7.10982666015625,5.746756591796874,0.3586181640625,2.1275167785234776,0.652665528641711
8.35857666015625,0.8468640136718749,0.3586181640625,0.570469798657713,0.12430396311989586
8.35857666015625,5.746756591796874,0.23776855468750002,2.4120805369127813,0.6412276509651543
7.10982666015625,0.8468640136718749,0.23776855468750002,0.40805369127516555,0.08779076678816773
5.86107666015625,3.248006591796875,7.7836181640625,2.3234899328859226,0.8491342888792448
4.61232666015625,3.248006591796875,7.7836181640625,1.8268456375838649,0.815951363557116
5.86107666015625,3.3456140136718746,7.7836181640625,2.335570469798676,0.8535702671197272
5.86107666015625,3.248006591796875,2.7127685546875,2.1033557046979707,0.7668974537236133
4.61232666015625,3.3456140136718746,2.7127685546875,1.632214765100647,0.7262902889483094
0.8660766601562501,8.245506591796875,2.8336181640625,0.5248322147650963,0.6874477474643921
9.60732666015625,8.245506591796875,2.8336181640625,3.966442953020393,0.9375248267066161
0.8660766601562501,8.343114013671876,2.8336181640625,0.526174496644291,0.6898590629573822
0.8660766601562501,8.245506591796875,7.6627685546875,0.583892617449659,0.7805254601604382
9.60732666015625,8.343114013671876,7.6627685546875,4.063087248322421,0.9606487751510941
1.17826416015625,3.5603503417968745,6.8554931640625,0.5087248322147611,0.5368280283858924
0.55388916015625,3.5603503417968745,6.8554931640625,0.39060402684563567,0.44698558941628413
1.17826416015625,1.7838952636718748,6.8554931640625,0.3946308724832195,0.27379090122189886
1.17826416015625,3.5603503417968745,0.5471435546875,0.38926174496644106,0.3308763205414801
0.55388916015625,1.7838952636718748,0.5471435546875,0.36778523489932735,0.23208382213338025
6.17326416015625,8.557850341796875,1.9054931640625001,2.5463087248322642,0.8896507842841841
5.54888916015625,8.557850341796875,1.9054931640625001,2.2993288590604157,0.879897719610482
6.17326416015625,6.781395263671874,1.9054931640625001,2.471140939597354,0.8631091304191593
6.17326416015625,8.557850341796875,5.4971435546875,2.6791946308725523,0.9367392098113729
5.54888916015625,6.781395263671874,5.4971435546875,2.3852348993288848,0.9134386468105862
8.67076416015625,1.061600341796875,9.3304931640625,2.672483221476578,0.6906371090391501
3.05138916015625,1.061600341796875,9.3304931640625,0.5167785234899287,0.24694772133084217
8.67076416015625,9.280145263671875,9.3304931640625,0.30469798657718083,0.08116786298858161
8.67076416015625,1.061600341796875,7.9721435546875,2.6228187919463695,0.677334034419818
3.05138916015625,9.280145263671875,7.9721435546875,1.471140939597294,0.9111186505858502
3.67576416015625,6.059100341796874,4.3804931640625,1.590604026845614,0.8528666444821679
8.04638916015625,6.059100341796874,4.3804931640625,3.3275167785236546,0.9223019818396536
3.67576416015625,4.282645263671874,4.3804931640625,1.481879194630851,0.7936786688385977
3.67576416015625,6.059100341796874,3.0221435546875,1.5382550335570244,0.8242003478714761
8.04638916015625,4.282645263671874,3.0221435546875,3.1409395973155734,0.8701139576146137
4.92451416015625,2.310975341796875,0.6679931640625,0.9879194630872357,0.39842566768330867
9.29513916015625,2.310975341796875,0.6679931640625,2.3422818791946503,0.5638528848106006
4.92451416015625,3.0332702636718745,0.6679931640625,1.1865771812080375,0.4886262639812122
4.92451416015625,2.310975341796875,1.7846435546875001,1.351677852348974,0.5620411988789827
9.29513916015625,3.0332702636718745,1.7846435546875001,3.230872483221627,0.785140532642125
9.91951416015625,7.308475341796874,5.6179931640625,4.142281879194916,0.9512880001303105
4.30013916015625,7.308475341796874,5.6179931640625,1.9060402684563467,0.9019944005627942
9.91951416015625,8.030770263671876,5.6179931640625,4.159731543624448,0.9553190125658444
9.91951416015625,7.308475341796874,6.7346435546875,4.155704697986864,0.9544241191713135
4.30013916015625,8.030770263671876,6.7346435546875,1.9369127516778226,0.9166943399846746
7.42201416015625,4.809725341796875,3.1429931640625,2.9503355704699077,0.8780164072722553
6.79763916015625,4.809725341796875,3.1429931640625,2.7020134228188644,0.868469404431417
7.42201416015625,5.532020263671875,3.1429931640625,3.001342281879311,0.893309150829561
7.42201416015625,4.809725341796875,9.2096435546875,3.0912751677853647,0.9205674111387501
6.79763916015625,5.532020263671875,9.2096435546875,2.876510067114192,0.9252523117785125
2.42701416015625,9.807225341796874,8.0929931640625,1.2295302013422649,0.9004384983014386
1.8026391601562501,9.807225341796874,8.0929931640625,0.9812080536912626,0.8788220335706383
2.42701416015625,0.534520263671875,8.0929931640625,0.382550335570468,0.09478715736998192
2.42701416015625,9.807225341796874,4.2596435546875,1.1932885906040105,0.8734420220646673
1.8026391601562501,0.534520263671875,4.2596435546875,0.3731543624161058,0.08970145774857566
1.8026391601562501,0.43691284179687495,3.7617431640625,0.37046979865771656,0.07345373283630367
4.92451416015625,0.43691284179687495,3.7617431640625,0.38926174496644106,0.07416552844344029
1.8026391601562501,7.406082763671875,3.7617431640625,0.8818791946308617,0.7871952643004663
1.8026391601562501,0.43691284179687495,3.6408935546875,0.37046979865771656,0.07335470567527148
4.92451416015625,7.406082763671875,3.6408935546875,2.1140939597315294,0.8947509593687069
6.79763916015625,5.434412841796875,8.7117431640625,2.868456375839023,0.922646679914236
9.91951416015625,5.434412841796875,8.7117431640625,4.112751677852629,0.9445649974301338
6.79763916015625,2.4085827636718746,8.7117431640625,2.571812080536966,0.8268714419588467
6.79763916015625,5.434412841796875,8.5908935546875,2.868456375839023,0.9226201735769537
9.91951416015625,2.4085827636718746,8.5908935546875,3.8134228187921826,0.8756651065192533
9.29513916015625,2.9356628417968746,1.2867431640625002,3.017449664429649,0.7321075912268429
2.42701416015625,2.9356628417968746,1.2867431640625002,0.6013422818791889,0.4014267428655216
9.29513916015625,4.907332763671874,1.2867431640625002,3.412080536912929,0.829638660663147
9.29513916015625,2.9356628417968746,6.1158935546875,3.6093959731545686,0.8789699080626341
2.42701416015625,4.907332763671874,6.1158935546875,1.0738255033556905,0.7844956016599873
4.30013916015625,7.933162841796874,6.2367431640625,1.928859060402655,0.9128811036396653
7.42201416015625,7.933162841796874,6.2367431640625,3.1718120805370544,0.9445217323808656
4.30013916015625,9.904832763671875,6.2367431640625,1.9651006711409094,0.9300651331261387
4.30013916015625,7.933162841796874,1.1658935546875002,1.6684563758389013,0.7872041333140433
7.42201416015625,9.904832763671875,1.1658935546875002,2.97046979865783,0.8836165178546749
3.05138916015625,4.185037841796874,9.9492431640625,1.3167785234899143,0.8149312595574959
6.17326416015625,4.185037841796874,9.9492431640625,2.5610738255034073,0.8954816083173842
3.05138916015625,8.655457763671874,9.9492431640625,1.4697986577180995,0.9103777755151722
3.05138916015625,4.185037841796874,4.8783935546874995,1.242953020134211,0.767592983433893
6.17326416015625,8.655457763671874,4.8783935546874995,2.672483221476578,0.9343453694764862
8.04638916015625,9.182537841796876,4.9992431640624995,3.4295302013424616,0.9507240609573919
1.17826416015625,9.182537841796876,4.9992431640624995,0.6993288590603952,0.8036359566572466
8.04638916015625,3.6579577636718748,4.9992431640624995,3.1771812080538337,0.8804686754825255
8.04638916015625,9.182537841796876,9.8283935546875,3.4711409395975013,0.9616370776816534
1.17826416015625,3.6579577636718748,9.8283935546875,0.5409395973154316,0.5856022118306019
5.54888916015625,1.6862878417968747,7.4742431640625,1.8201342281878918,0.6938305799960737
8.67076416015625,1.6862878417968747,7.4742431640625,3.056375838926299,0.7918858576001415
5.54888916015625,1.1592077636718747,7.4742431640625,1.481879194630851,0.5567393829813819
5.54888916015625,1.6862878417968747,7.3533935546875,1.816107382550308,0.692234909819356
8.67076416015625,1.1592077636718747,7.3533935546875,2.69798657718128,0.6973098472657429
0.55388916015625,6.683787841796875,2.5242431640625003,0.40536912751677634,0.5765782427711778
3.67576416015625,6.683787841796875,2.5242431640625003,1.5382550335570244,0.8240488269862124
0.55388916015625,6.156707763671874,2.5242431640625003,0.3999999999999979,0.5542174032606499
0.55388916015625,6.683787841796875,2.4033935546875003,0.40402684563758173,0.5727612429878917
3.67576416015625,6.156707763671874,2.4033935546875003,1.5033557046979646,0.8049302472325117
0.39779541015625003,4.028865966796874,3.9164306640625,0.3798657718120788,0.4613295563880686
1.64654541015625,4.028865966796874,3.9164306640625,0.6604026845637516,0.6056937953060234
0.39779541015625003,2.5647546386718747,3.9164306640625,0.3731543624161058,0.3404055812518549
0.39779541015625003,4.028865966796874,1.3205810546875,0.3731543624161058,0.4268941142941783
1.64654541015625,2.5647546386718747,1.3205810546875,0.40536912751677634,0.2896284805601755
5.39279541015625,9.026365966796876,8.8664306640625,2.4040268456376124,0.9433195462970303
6.64154541015625,9.026365966796876,8.8664306640625,2.902013422818894,0.9525434169292342
5.39279541015625,7.562254638671874,8.8664306640625,2.377181208053716,0.9327539783239225
5.39279541015625,9.026365966796876,6.2705810546875,2.3865771812080796,0.9363786256345913
6.64154541015625,7.562254638671874,6.2705810546875,2.852348993288685,0.9361732549703724
7.89029541015625,1.5301159667968747,1.4414306640625,1.8630872483221192,0.5163304803177768
4.14404541015625,1.5301159667968747,1.4414306640625,0.6885906040268384,0.2993425749821913
7.89029541015625,5.0635046386718745,1.4414306640625,2.9275167785235956,0.8243228920928051
7.89029541015625,1.5301159667968747,8.7455810546875,2.704697986577254,0.7619622894271105
4.14404541015625,5.0635046386718745,8.7455810546875,1.7946308724831943,0.8751271781039354
2.89529541015625,6.5276159667968745,6.3914306640625,1.3342281879194442,0.8591248839828034
9.13904541015625,6.5276159667968745,6.3914306640625,3.818791946308962,0.9445378155144175
2.89529541015625,0.06600463867187499,6.3914306640625,0.36510067114093814,0.011815381879483588
2.89529541015625,6.5276159667968745,3.7955810546875,1.2832214765100491,0.8255360040185946
9.13904541015625,0.06600463867187499,3.7955810546875,0.36912751677852196,0.011636157517516559
4.14404541015625,0.280740966796875,7.6289306640625,0.3798657718120788,0.050928290709270574
7.89029541015625,0.280740966796875,7.6289306640625,0.3999999999999979,0.05278265199153413
4.14404541015625,1.3153796386718748,7.6289306640625,1.0724832214764959,0.5036848313202392
4.14404541015625,0.280740966796875,2.5580810546875004,0.3731543624161058,0.046917983560063506
7.89029541015625,1.3153796386718748,2.5580810546875004,2.0402684563758138,0.5682025711250305
9.13904541015625,5.278240966796875,2.6789306640625004,3.6322147651008807,0.897910692365419
2.89529541015625,5.278240966796875,2.6789306640625004,1.1664429530201184,0.7478836328026692
9.13904541015625,6.312879638671874,2.6789306640625004,3.6966442953022325,0.9139412343391491
9.13904541015625,5.278240966796875,7.5080810546875,3.7825503355707015,0.9355858966616346
2.89529541015625,6.312879638671874,7.5080810546875,1.338255033557028,0.8618356502515714
6.64154541015625,2.7794909667968746,5.1539306640625,2.492617449664471,0.8173794579642661
5.39279541015625,2.7794909667968746,5.1539306640625,1.9986577181207745,0.7829233963624153
6.64154541015625,8.811629638671874,5.1539306640625,2.8657718120806335,0.9405394994947315
6.64154541015625,2.7794909667968746,9.9830810546875,2.5973154362416677,0.8523558102828679
5.39279541015625,8.811629638671874,9.9830810546875,2.405369127516807,0.9438732087564392
1.64654541015625,7.776990966796874,0.2039306640625,0.5409395973154316,0.4758269811893967
0.39779541015625003,7.776990966796874,0.2039306640625,0.375838926174495,0.5261320018452179
1.64654541015625,3.8141296386718744,0.2039306640625,0.40402684563758173,0.3012750642453583
1.64654541015625,7.776990966796874,5.0330810546875,0.8550335570469696,0.8093886417496234
0.39779541015625003,3.8141296386718744,5.0330810546875,0.3812080536912734,0.45480375911495946
2.2709204101562497,2.1548034667968747,5.7726806640624995,0.6724832214765031,0.47978671768350856
3.51967041015625,2.1548034667968747,5.7726806640624995,1.1409395973154208,0.62393909380144
2.2709204101562497,8.186942138671876,5.7726806640624995,1.1221476510066963,0.8606397150769884
2.2709204101562497,2.1548034667968747,3.1768310546875003,0.570469798657713,0.3874161660725343
3.51967041015625,8.186942138671876,3.1768310546875003,1.563758389261722,0.8674295810295537
7.26592041015625,7.152303466796874,0.8226806640625,2.6469798657718764,0.8009589194921624
8.51467041015625,7.152303466796874,0.8226806640625,3.127516778523625,0.8225316227196156
7.26592041015625,3.1894421386718745,0.8226806640625,2.085906040268438,0.6271223068774345
7.26592041015625,7.152303466796874,8.1268310546875,3.1087248322148975,0.9432560201310745
8.51467041015625,3.1894421386718745,8.1268310546875,3.378523489933058,0.8904099938017775
9.76342041015625,4.6535534667968745,8.2476806640625,4.005369127517043,0.933231901556205
1.02217041015625,4.6535534667968745,8.2476806640625,0.5369127516778478,0.6385830115129434
9.76342041015625,0.690692138671875,8.2476806640625,2.437583892617483,0.561200960864586
9.76342041015625,4.6535534667968745,5.6518310546874995,3.9651006711411982,0.9237329982029898
1.02217041015625,0.690692138671875,5.6518310546874995,0.37181208053691117,0.11565150144919126
4.76842041015625,9.651053466796874,3.2976806640625003,2.0979865771811914,0.9120336545373099
6.0171704101562495,9.651053466796874,3.2976806640625003,2.5932885906040832,0.9267229629254607
4.76842041015625,5.688192138671875,3.2976806640625003,1.966442953020104,0.8543894430086844
4.76842041015625,9.651053466796874,0.7018310546875,1.7812080536912482,0.7715616726760934
6.0171704101562495,5.688192138671875,0.7018310546875,1.9852348993288285,0.705352790302119
3.51967041015625,3.4041784667968744,2.0601806640625,1.1476510067113939,0.6283688233032687
7.26592041015625,3.4041784667968744,2.0601806640625,2.5852348993289143,0.7825128498794198
3.51967041015625,6.9375671386718745,2.0601806640625,1.451006711409375,0.8035808557600373
3.51967041015625,3.4041784667968744,4.4143310546875,1.3288590604026658,0.7345015597142132
7.26592041015625,6.9375671386718745,4.4143310546875,3.0523489932887147,0.9259614011563972
8.51467041015625,8.401678466796875,7.0101806640625,3.6241610738257117,0.9552859533521088
2.2709204101562497,8.401678466796875,7.0101806640625,1.1382550335570316,0.8732090619952333
8.51467041015625,1.9400671386718746,7.0101806640625,3.0832214765101957,0.8121149461071925
8.51467041015625,8.401678466796875,9.3643310546875,3.6402684563760497,0.9595600168173426
2.2709204101562497,1.9400671386718746,9.3643310546875,0.6805369127516707,0.4843351510677801
6.0171704101562495,0.9054284667968749,4.5351806640625,1.1731543624160914,0.3971272171438283
9.76342041015625,0.9054284667968749,4.5351806640625,2.570469798657771,0.5934124403561303
6.0171704101562495,4.438817138671874,4.5351806640625,2.429530201342314,0.8679511094980834
6.0171704101562495,0.9054284667968749,6.8893310546875,1.3422818791946118,0.4624100544985872
9.76342041015625,4.438817138671874,6.8893310546875,3.974496644295562,0.9259670580417172
1.02217041015625,5.902928466796874,9.4851806640625,0.5959731543624105,0.7299714113053342
4.76842041015625,5.902928466796874,9.4851806640625,2.084563758389243,0.9065173184207194
1.02217041015625,9.436317138671875,9.4851806640625,0.6724832214765031,0.8342233059537874
1.02217041015625,5.902928466796874,1.9393310546875002,0.4805369127516743,0.5544784122493387
4.76842041015625,9.436317138671875,1.9393310546875002,2.021476510067086,0.8782655013534972
0.70998291015625,1.2177722167968748,1.1320556640625001,0.36778523489932735,0.1746508166296566
5.08060791015625,1.2177722167968748,1.1320556640625001,0.6469798657718056,0.2298548364722973
0.70998291015625,0.378348388671875,1.1320556640625001,0.36510067114093814,0.061398250523602406
0.70998291015625,1.2177722167968748,9.0549560546875,0.375838926174495,0.19719355891776305
5.08060791015625,0.378348388671875,9.0549560546875,0.3959731543624141,0.07078690007291397
5.70498291015625,6.215272216796874,6.0820556640625,2.4362416107382883,0.9112737433533586
0.08560791015625,6.215272216796874,6.0820556640625,0.36912751677852196,0.5949576564722759
5.70498291015625,5.375848388671875,6.0820556640625,2.4013422818792227,0.8981443996419308
5.70498291015625,6.215272216796874,4.1049560546874995,2.3959731543624434,0.8959703605932308
0.08560791015625,5.375848388671875,4.1049560546874995,0.36778523489932735,0.5453568693412455
8.20248291015625,3.7165222167968746,3.6070556640625,3.1798657718122234,0.8660135893044727
7.57810791015625,3.7165222167968746,3.6070556640625,2.93154362416118,0.8564542341628248
8.20248291015625,7.874598388671874,3.6070556640625,3.4295302013424616,0.9344647937621868
8.20248291015625,3.7165222167968746,1.6299560546875,2.910067114094063,0.7911837768102666
7.57810791015625,7.874598388671874,1.6299560546875,3.041610738255156,0.8884922201985197
3.2074829101562496,8.714022216796875,8.5570556640625,1.526174496644273,0.9101692789188854
2.58310791015625,8.714022216796875,8.5570556640625,1.2778523489932707,0.8949859321221072
3.2074829101562496,2.877098388671875,8.5570556640625,1.2295302013422649,0.7300335189336953
3.2074829101562496,8.714022216796875,6.5799560546875,1.5140939597315215,0.9028099960175795
2.58310791015625,2.877098388671875,6.5799560546875,0.9516778523489813,0.6573555986826627
4.45623291015625,4.965897216796875,7.3195556640624995,1.8993288590603736,0.8730765609695879
3.8318579101562498,4.965897216796875,7.3195556640624995,1.6510067114093714,0.8569744139390643
4.45623291015625,4.126473388671875,7.3195556640624995,1.8442953020133948,0.8476229235862707
4.45623291015625,4.965897216796875,7.8174560546875,1.904697986577152,0.8755913213717177
3.8318579101562498,4.126473388671875,7.8174560546875,1.6026845637583655,0.8317013574673353
9.45123291015625,9.963397216796874,2.3695556640625,3.9221476510069637,0.9408800982891286
8.82685791015625,9.963397216796874,2.3695556640625,3.6738255033559204,0.9373150268673239
9.45123291015625,9.123973388671875,2.3695556640625,3.9020134228190413,0.9360132685258641
9.45123291015625,9.963397216796874,2.8674560546875,3.9476510067116655,0.9470852472671207
8.82685791015625,9.123973388671875,2.8674560546875,3.6818791946310894,0.9394154093607356
6.9537329101562495,2.467147216796875,9.7945556640625,2.6630872483222143,0.8395428852577769
1.33435791015625,2.467147216796875,9.7945556640625,0.4617449664429498,0.41112811262383975
6.9537329101562495,6.625223388671874,9.7945556640625,2.979865771812194,0.9397104102115491
6.9537329101562495,2.467147216796875,0.3924560546875,1.4416107382550127,0.44214634657753393
1.33435791015625,6.625223388671874,0.3924560546875,0.46979865771811746,0.45476089027250416
1.95873291015625,7.464647216796874,4.8445556640625,0.9677852348993166,0.8197788289985233
6.32935791015625,7.464647216796874,4.8445556640625,2.704697986577254,0.9254369586764315
1.95873291015625,1.6277233886718747,4.8445556640625,0.4214765100671116,0.2559699399289007
1.95873291015625,7.464647216796874,5.3424560546875,0.9758389261744842,0.8268310442669156
6.32935791015625,1.6277233886718747,5.3424560546875,2.008053691275138,0.6836863518384872
1.33435791015625,3.0918347167968747,9.1758056640625,0.5409395973154316,0.535342480899062
9.45123291015625,3.0918347167968747,9.1758056640625,3.7530201342284153,0.9005133823050168
1.33435791015625,6.000535888671874,9.1758056640625,0.7194630872483143,0.7700327812284602
1.33435791015625,3.0918347167968747,7.1987060546874995,0.5208053691275125,0.508041532411508
9.45123291015625,6.000535888671874,7.1987060546874995,3.934228187919717,0.9440331655502265
6.32935791015625,8.089334716796875,4.2258056640624995,2.7087248322148385,0.9267707503047408
4.45623291015625,8.089334716796875,4.2258056640624995,1.9637583892617148,0.9026018478864255
6.32935791015625,1.0030358886718749,4.2258056640624995,1.389261744966423,0.4594692140704469
6.32935791015625,8.089334716796875,2.2487060546875,2.6241610738255643,0.8974329801098806
4.45623291015625,1.0030358886718749,2.2487060546875,0.5248322147650963,0.1900398791971291
8.82685791015625,0.5930847167968749,6.7008056640625,1.689932885906015,0.4155100205640341
6.9537329101562495,0.5930847167968749,6.7008056640625,1.0093959731543494,0.28737349875827667
8.82685791015625,3.5017858886718747,6.7008056640625,3.5140939597317358,0.8966766390689257
8.82685791015625,0.5930847167968749,4.7237060546875,1.4805369127516563,0.3587767512193601
6.9537329101562495,3.5017858886718747,4.7237060546875,2.712751677852423,0.8549186165998044
3.8318579101562498,5.590584716796874,1.7508056640625,1.4563758389261534,0.7530266069298985
1.95873291015625,5.590584716796874,1.7508056640625,0.7597315436241525,0.6307819944519111
3.8318579101562498,8.499285888671874,1.7508056640625,1.6040268456375602,0.8313686205795547
3.8318579101562498,5.590584716796874,9.6737060546875,1.7006711409395718,0.8829969240182542
1.95873291015625,8.499285888671874,9.6737060546875,1.030872483221463,0.8745384293088367
2.58310791015625,1.8424597167968748,2.9883056640625,0.5651006711409345,0.3427965728311821
0.70998291015625,1.8424597167968748,2.9883056640625,0.3744966442953004,0.25891686777680106
2.58310791015625,9.748660888671875,2.9883056640625,1.2228187919462918,0.8555753502389967
2.58310791015625,1.8424597167968748,5.9612060546875,0.6979865771812006,0.4515646467627151
0.70998291015625,9.748660888671875,5.9612060546875,0.5355704697986532,0.7797789208086847
7.57810791015625,6.839959716796875,7.9383056640625,3.222818791946458,0.9422749013508319
5.70498291015625,6.839959716796875,7.9383056640625,2.476510067114133,0.9264415562657902
7.57810791015625,4.751160888671874,7.9383056640625,3.1382550335571837,0.9174958443407536
7.57810791015625,6.839959716796875,1.0112060546875001,2.8268456375839834,0.8247537842380258
5.70498291015625,4.751160888671874,1.0112060546875001,1.9060402684563467,0.7089254750175011
5.08060791015625,4.341209716796874,0.5133056640625,1.3919463087248123,0.5646166984435383
3.2074829101562496,4.341209716796874,0.5133056640625,0.8281879194630775,0.4732536101082223
5.08060791015625,2.2524108886718746,0.5133056640625,0.9382550335570352,0.36556351231942863
5.08060791015625,4.341209716796874,3.4862060546875,2.0026845637583586,0.8251484596504354
3.2074829101562496,2.2524108886718746,3.4862060546875,0.935570469798646,0.540478547741555
0.08560791015625,9.338709716796876,5.4633056640625,0.37181208053691117,0.7005559242784503
8.20248291015625,9.338709716796876,5.4633056640625,3.5006711409397875,0.9540084832981177
0.08560791015625,7.249910888671875,5.4633056640625,0.36912751677852196,0.6336646582980753
0.08560791015625,9.338709716796876,8.4362060546875,0.3731543624161058,0.7117973049353787
8.20248291015625,7.249910888671875,8.4362060546875,3.4859060402686444,0.9500418310343162
0.06609619140625,4.360731201171874,8.8470947265625,0.36644295302013274,0.49717627590808294
0.37828369140625,4.360731201171874,8.8470947265625,0.38791946308724645,0.512490429400123
0.06609619140625,8.870194091796876,8.8470947265625,0.37046979865771656,0.6987665447400763
0.06609619140625,4.360731201171874,2.2293701171875,0.36510067114093814,0.4741102234973969
0.37828369140625,8.870194091796876,2.2293701171875,0.3946308724832195,0.6413799121699544
5.06109619140625,9.358231201171876,3.8970947265625004,2.2241610738255053,0.9202837539680804
5.37328369140625,9.358231201171876,3.8970947265625004,2.3489932885906244,0.9242951244173949
5.06109619140625,3.8726940917968746,3.8970947265625004,1.9691275167784932,0.813872751054511
5.06109619140625,9.358231201171876,7.1793701171875,2.26711409395974,0.9382626487738809
5.37328369140625,3.8726940917968746,7.1793701171875,2.18657718120805,0.8603061126050467
7.55859619140625,1.8619812011718748,6.3720947265625,2.651006711409461,0.7757971832843471
2.87578369140625,1.8619812011718748,6.3720947265625,0.8241610738254936,0.5081182407726554
7.55859619140625,1.3739440917968748,6.3720947265625,2.390604026845664,0.69792031663344
7.55859619140625,1.8619812011718748,9.6543701171875,2.7382550335571247,0.8019135453811801
2.87578369140625,1.3739440917968748,9.6543701171875,0.6791946308724761,0.3926940250542723
2.56359619140625,6.859481201171874,1.4220947265625001,1.0067114093959602,0.7024629495784732
7.87078369140625,6.859481201171874,1.4220947265625001,3.064429530201468,0.8653129059506655
2.56359619140625,6.371444091796874,1.4220947265625001,0.9812080536912626,0.683503371322741
2.56359619140625,6.859481201171874,4.7043701171875,1.1865771812080375,0.8347773111568921
7.87078369140625,6.371444091796874,4.7043701171875,3.2791946308726407,0.9269468853675971
3.8123461914062498,0.6126062011718749,2.6595947265625,0.38657718120805185,0.09705366377983987
9.11953369140625,0.6126062011718749,2.6595947265625,1.2389261744966271,0.28506887293516275
3.8123461914062498,5.122069091796875,2.6595947265625,1.5114093959731323,0.7859494857024208
3.8123461914062498,0.6126062011718749,0.9918701171875,0.3785234899328842,0.08746623501359013
9.11953369140625,5.122069091796875,0.9918701171875,3.24563758389277,0.8023352153537412
8.80734619140625,5.610106201171875,7.6095947265625,3.6671140939599463,0.9377190899334604
4.12453369140625,5.610106201171875,7.6095947265625,1.8013422818791673,0.8817310912419216
8.80734619140625,0.12456909179687499,7.6095947265625,0.3785234899328842,0.022960818653545902
8.80734619140625,5.610106201171875,5.9418701171874995,3.644295302013634,0.9318230331701216
4.12453369140625,0.12456909179687499,5.9418701171874995,0.36912751677852196,0.022260824456595205
6.30984619140625,3.1113562011718745,0.1845947265625,1.2845637583892437,0.42687950442054334
6.62203369140625,3.1113562011718745,0.1845947265625,1.3664429530201148,0.4367256391031826
6.30984619140625,2.6233190917968745,0.1845947265625,1.1530201342281723,0.3792902717724994
6.30984619140625,3.1113562011718745,8.4168701171875,2.493959731543666,0.8555281406485433
6.62203369140625,2.6233190917968745,8.4168701171875,2.540939597315485,0.8358134241803373
1.3148461914062501,8.108856201171875,5.1345947265625,0.734228187919455,0.7935831986511395
1.62703369140625,8.108856201171875,5.1345947265625,0.8577181208053588,0.8181768817654187
1.3148461914062501,7.620819091796874,5.1345947265625,0.7234899328858981,0.7811587360870647
1.3148461914062501,8.108856201171875,3.4668701171875003,0.703355704697979,0.7574258801595194
1.62703369140625,7.620819091796874,3.4668701171875003,0.8107382550335476,0.7710410470457081
1.93922119140625,2.4866687011718747,0.8033447265625,0.40536912751677634,0.260149807739126
4.74890869140625,2.4866687011718747,0.8033447265625,1.0496644295301876,0.44045821102643645
1.93922119140625,4.4973815917968745,0.8033447265625,0.5664429530201291,0.446294081344233
1.93922119140625,2.4866687011718747,4.0856201171875,0.5758389261744914,0.44505107366812513
4.74890869140625,4.4973815917968745,4.0856201171875,1.9127516778523197,0.8338311991054989
6.93422119140625,7.484168701171875,5.7533447265625,2.9610738255034663,0.9359540828381352
9.74390869140625,7.484168701171875,5.7533447265625,4.079194630872759,0.9521214260889448
6.93422119140625,9.494881591796876,5.7533447265625,3.002684563758506,0.9491392677791569
6.93422119140625,7.484168701171875,9.0356201171875,2.9892617449665577,0.9449949550322452
9.74390869140625,9.494881591796876,9.0356201171875,0.2805369127516779,0.06620548744866667
9.43172119140625,4.9854187011718745,3.2783447265625,3.770469798657948,0.9060537076124634
2.2514086914062497,4.9854187011718745,3.2783447265625,0.9315436241610622,0.7132337151589592
9.43172119140625,6.996131591796875,3.2783447265625,3.8765100671143395,0.9317019002690989
9.43172119140625,4.9854187011718745,6.5606201171875,3.8711409395975602,0.9305820159096585
2.2514086914062497,6.996131591796875,6.5606201171875,1.0939597315436096,0.8439033605229658
4.43672119140625,9.982918701171876,8.2283447265625,2.0335570469798396,0.9383596002541013
7.24640869140625,9.982918701171876,8.2283447265625,3.153020134228327,0.9589922129798044
4.43672119140625,1.9986315917968747,8.2283447265625,1.5181208053691053,0.6967221086463766
4.43672119140625,9.982918701171876,1.6106201171875,1.871140939597287,0.862308477539992
7.24640869140625,1.9986315917968747,1.6106201171875,2.006711409395943,0.6039394800692979
3.18797119140625,3.736043701171875,6.9908447265625,1.3020134228187736,0.7784785599230105
5.99765869140625,3.736043701171875,6.9908447265625,2.4187919463087555,0.8667438790250888
3.18797119140625,0.749256591796875,6.9908447265625,0.4026845637583871,0.13222656623097326
3.18797119140625,3.736043701171875,2.8481201171875004,1.1516778523489777,0.68400738506346
5.99765869140625,0.749256591796875,2.8481201171875004,0.6818791946308653,0.2049252336312011
8.18297119140625,8.733543701171875,2.0408447265625003,3.3610738255035253,0.9174872487965495
1.00265869140625,8.733543701171875,2.0408447265625003,0.5557046979865723,0.6794801441899894
8.18297119140625,5.746756591796874,2.0408447265625003,3.2201342281880683,0.8786622736308394
8.18297119140625,8.733543701171875,7.7981201171875,3.504697986577372,0.957185853047742
1.00265869140625,5.746756591796874,7.7981201171875,0.5731543624161022,0.7043463513063932
5.68547119140625,1.2372937011718748,9.4658447265625,1.6617449664429282,0.6165994618534125
8.49515869140625,1.2372937011718748,9.4658447265625,2.7704697986578006,0.7302566465171844
5.68547119140625,8.245506591796875,9.4658447265625,2.510067114094004,0.9417999141176121
5.68547119140625,1.2372937011718748,5.3231201171875,1.4939597315436024,0.5496871830705847
8.49515869140625,8.245506591796875,5.3231201171875,3.5932885906042307,0.9490468533543426
0.69047119140625,6.234793701171874,4.5158447265624995,0.44697986577180915,0.6180417354222744
3.50015869140625,6.234793701171874,4.5158447265624995,1.5315436241610514,0.8532973015453863
0.69047119140625,3.248006591796875,4.5158447265624995,0.39060402684563567,0.40747855618974826
0.69047119140625,6.234793701171874,0.37312011718750004,0.38657718120805185,0.4575866906476195
3.50015869140625,3.248006591796875,0.37312011718750004,0.7154362416107305,0.3701777212907132
1.00265869140625,0.924949951171875,6.0627197265624995,0.3744966442953004,0.15151595372936277
6.30984619140625,0.924949951171875,6.0627197265624995,1.4322147651006505,0.47604445475311963
1.00265869140625,6.683787841796875,6.0627197265624995,0.5879194630872429,0.7267487613850245
1.00265869140625,0.924949951171875,8.1074951171875,0.375838926174495,0.1540779371751508
6.30984619140625,6.683787841796875,8.1074951171875,2.714093959731618,0.9312795844491621
5.99765869140625,5.922449951171874,1.1127197265625002,2.1771812080536863,0.7778880903364976
1.3148461914062501,5.922449951171874,1.1127197265625002,0.5140939597315395,0.5188857307764027
5.99765869140625,1.6862878417968747,1.1127197265625002,1.2134228187919296,0.41838508595308466
5.99765869140625,5.922449951171874,3.1574951171875,2.4590604026846004,0.8808772576982669
1.3148461914062501,1.6862878417968747,3.1574951171875,0.38657718120805185,0.2412364633418334
8.49515869140625,3.4236999511718746,8.5377197265625,3.40402684563776,0.8990238022081839
8.80734619140625,3.4236999511718746,8.5377197265625,3.528859060402879,0.9023141057067122
8.49515869140625,4.185037841796874,8.5377197265625,3.472483221476696,0.9171497546203917
8.49515869140625,3.4236999511718746,0.6824951171875,2.484563758389302,0.6513748262077468
8.80734619140625,4.185037841796874,0.6824951171875,2.7718120805369955,0.7050820682858112
3.50015869140625,8.421199951171875,3.5877197265625003,1.5758389261744734,0.8780884594395229
3.8123461914062498,8.421199951171875,3.5877197265625003,1.6993288590603772,0.8854959995609153
3.50015869140625,9.182537841796876,3.5877197265625003,1.5932885906040033,0.8878847437798558
3.50015869140625,8.421199951171875,5.6324951171875,1.614765100671117,0.9001059501593427
3.8123461914062498,9.182537841796876,5.6324951171875,1.7530201342281615,0.9137965893628628
4.74890869140625,4.673074951171874,2.3502197265625,1.8120805369127242,0.7888240751006392
2.56359619140625,4.673074951171874,2.3502197265625,0.9691275167785112,0.6747152840003752
4.74890869140625,7.933162841796874,2.3502197265625,1.9999999999999691,0.871927700998508
4.74890869140625,4.673074951171874,9.3449951171875,2.0201342281878913,0.8814018847825495
2.56359619140625,7.933162841796874,9.3449951171875,1.2590604026845462,0.8866845654360531
9.74390869140625,9.670574951171876,7.3002197265625,4.138255033557331,0.965587944076354
7.55859619140625,9.670574951171876,7.3002197265625,3.2671140939598873,0.9574202222668406
9.74390869140625,2.9356628417968746,7.3002197265625,3.817449664429767,0.8909016793753501
9.74390869140625,9.670574951171876,4.3949951171874995,4.102013422819071,0.9574389784781591
7.55859619140625,2.9356628417968746,4.3949951171874995,2.8510067114094904,0.8347542281573161
7.24640869140625,2.1743249511718745,4.8252197265625,2.565100671140992,0.7789075018396503
0.06609619140625,2.1743249511718745,4.8252197265625,0.36510067114093814,0.3032652659717298
7.24640869140625,0.43691284179687495,4.8252197265625,0.42818791946308465,0.08121354765378608
7.24640869140625,2.1743249511718745,1.9199951171875,2.187919463087245,0.6608766921689806
0.06609619140625,0.43691284179687495,1.9199951171875,0.36375838926174353,0.07200530768884492
2.2514086914062497,7.171824951171875,9.7752197265625,1.1208053691275017,0.8650638868681835
5.06109619140625,7.171824951171875,9.7752197265625,2.2402684563758433,0.9271972713349531
2.2514086914062497,5.434412841796875,9.7752197265625,1.0657718120805229,0.8220004922886341
2.2514086914062497,7.171824951171875,6.8699951171875,1.1020134228187772,0.8502171258414997
5.06109619140625,5.434412841796875,6.8699951171875,2.1583892617449587,0.8931369486349436
1.62703369140625,2.799012451171875,4.2064697265625,0.5288590604026802,0.4519986529944737
8.18297119140625,2.799012451171875,4.2064697265625,3.0604026845638836,0.8351067161286388
1.62703369140625,2.310975341796875,4.2064697265625,0.44966442953019836,0.34736920600083326
1.62703369140625,2.799012451171875,6.2512451171875,0.5744966442952968,0.505911835488743
8.18297119140625,2.310975341796875,6.2512451171875,3.040268456375961,0.8298145391225431
6.62203369140625,7.796512451171874,9.1564697265625,2.8724832214766076,0.9452894867335018
3.18797119140625,7.796512451171874,9.1564697265625,1.5046979865771593,0.9015264980108936
6.62203369140625,7.308475341796874,9.1564697265625,2.861744966443049,0.9417482776620799
6.62203369140625,7.796512451171874,1.3012451171875001,2.5986577181208625,0.8538692382016408
3.18797119140625,7.308475341796874,1.3012451171875001,1.2416107382550163,0.7397175654939053
9.11953369140625,0.300262451171875,1.7314697265625,0.38791946308724645,0.04650537098369077
5.68547119140625,0.300262451171875,1.7314697265625,0.375838926174495,0.047840421235041154
9.11953369140625,9.807225341796874,1.7314697265625,3.731543624161298,0.9243168084720219
9.11953369140625,0.300262451171875,3.7762451171875,0.4013422818791925,0.05221448239765516
5.68547119140625,9.807225341796874,3.7762451171875,2.477852348993328,0.9294807836320962
4.12453369140625,5.297762451171875,6.6814697265625,1.7771812080536644,0.8697634070339371
0.69047119140625,5.297762451171875,6.6814697265625,0.4389261744966415,0.5922941868244027
4.12453369140625,4.809725341796875,6.6814697265625,1.7503355704697723,0.8565522431896124
4.12453369140625,5.297762451171875,8.7262451171875,1.7973154362415835,0.8798130962102201
0.69047119140625,4.809725341796875,8.7262451171875,0.4335570469798631,0.5729748667105259
2.87578369140625,1.5496374511718747,7.9189697265625,0.7369127516778442,0.43975980985166213
1.93922119140625,1.5496374511718747,7.9189697265625,0.4322147651006685,0.26645661625193207
2.87578369140625,3.5603503417968745,7.9189697265625,1.174496644295286,0.7580813949541684
2.87578369140625,1.5496374511718747,7.4887451171874995,0.727516778523482,0.4327074617366715
1.93922119140625,3.5603503417968745,7.4887451171874995,0.8013422818791853,0.6740959178623983
7.87078369140625,6.547137451171874,2.9689697265625004,3.222818791946458,0.9107822484761764
6.93422119140625,6.547137451171874,2.9689697265625004,2.8510067114094904,0.9007914191874453
7.87078369140625,8.557850341796875,2.9689697265625004,3.292617449664589,0.9306348000179212
7.87078369140625,6.547137451171874,2.5387451171875,3.1946308724833665,0.9026956345056816
6.93422119140625,8.557850341796875,2.5387451171875,2.8979865771813094,0.9156946917654201
5.37328369140625,4.048387451171875,5.4439697265625,2.1664429530201277,0.8522103554618476
4.43672119140625,4.048387451171875,5.4439697265625,1.7946308724831943,0.8273844148838023
5.37328369140625,6.059100341796874,5.4439697265625,2.288590604026857,0.9005297354350695
5.37328369140625,4.048387451171875,5.0137451171875,2.1543624161073742,0.8473719451504321
4.43672119140625,6.059100341796874,5.0137451171875,1.9073825503355413,0.8797866197348474
0.37828369140625,9.045887451171875,0.49396972656250004,0.3798657718120788,0.5751821997334232
9.43172119140625,9.045887451171875,0.49396972656250004,3.379865771812253,0.8104371682127287
0.37828369140625,1.061600341796875,0.49396972656250004,0.36510067114093814,0.15429490180770097
0.37828369140625,9.045887451171875,9.9637451171875,0.42416107382550083,0.7368411652163327
9.43172119140625,1.061600341796875,9.9637451171875,2.9919463087249474,0.7176554430502243
0.53437744140625,1.7058093261718748,3.4330322265625,0.37181208053691117,0.24689382526576176
5.21718994140625,1.7058093261718748,3.4330322265625,1.4657718120805157,0.5823402715063624
0.53437744140625,7.776990966796874,3.4330322265625,0.4228187919463062,0.6417384246357641
0.53437744140625,1.7058093261718748,8.5715576171875,0.375838926174495,0.26014605352045334
5.21718994140625,7.776990966796874,8.5715576171875,2.3100671140939744,0.9320330629820643
5.5293774414062495,6.703309326171874,8.3830322265625,2.405369127516807,0.924068826341117
0.22218994140625,6.703309326171874,8.3830322265625,0.38389261744966263,0.6322349237345297
5.5293774414062495,2.7794909667968746,8.3830322265625,2.132885906040257,0.8189038660422798
5.5293774414062495,6.703309326171874,3.6215576171875004,2.328859060402702,0.8942762173942014
0.22218994140625,2.7794909667968746,3.6215576171875004,0.36912751677852196,0.3598121730986971
8.02687744140625,4.204559326171875,0.9580322265625,2.6684563758389936,0.7383000091057128
7.71468994140625,4.204559326171875,0.9580322265625,2.5516778523490435,0.7310769331646485
8.02687744140625,0.280740966796875,0.9580322265625,0.3771812080536896,0.041540432662238176
8.02687744140625,4.204559326171875,1.1465576171875,2.759731543624242,0.7642036550000628
7.71468994140625,0.280740966796875,1.1465576171875,0.3771812080536896,0.04235113489808127
3.03187744140625,9.202059326171875,5.9080322265625,1.4456375838925966,0.8995624528341464
2.7196899414062496,9.202059326171875,5.9080322265625,1.3221476510066927,0.891781706626575
3.03187744140625,5.278240966796875,5.9080322265625,1.3302013422818604,0.8270830583821875
3.03187744140625,9.202059326171875,6.0965576171875,1.4483221476509858,0.9012151958989633
2.7196899414062496,5.278240966796875,6.0965576171875,1.2093959731543458,0.8148975345745438
4.28062744140625,2.955184326171875,9.6205322265625,1.6805369127516527,0.7976002210851879
3.96843994140625,2.955184326171875,9.6205322265625,1.5557046979865543,0.78450638731085
4.28062744140625,6.5276159667968745,9.6205322265625,1.911409395973125,0.9080640979180825
4.28062744140625,2.955184326171875,9.8090576171875,1.6818791946308473,0.7982844533425316
3.96843994140625,6.5276159667968745,9.8090576171875,1.7879194630872213,0.9028120832855352
9.27562744140625,7.952684326171874,4.6705322265625,3.8859060402687033,0.9483154540932072
8.96343994140625,7.952684326171874,4.6705322265625,3.762416107382779,0.9469412550963998
9.27562744140625,1.5301159667968747,4.6705322265625,3.0617449664430785,0.745601342900627
9.27562744140625,7.952684326171874,4.8590576171875,3.889932885906288,0.9493024971683495
8.96343994140625,1.5301159667968747,4.8590576171875,2.954362416107492,0.7419414605921429
6.77812744140625,0.45643432617187496,7.1455322265625,0.4617449664429498,0.0982258190340741
1.47093994140625,0.45643432617187496,7.1455322265625,0.37181208053691117,0.07939033880302056
6.77812744140625,4.028865966796874,7.1455322265625,2.758389261745047,0.8893142051434575
6.77812744140625,0.45643432617187496,2.3840576171875,0.3986577181208033,0.07215736624515137
1.47093994140625,4.028865966796874,2.3840576171875,0.5369127516778478,0.504947193126957
1.7831274414062501,5.453934326171875,2.1955322265625004,0.7248322147650927,0.6397816217225505
6.4659399414062495,5.453934326171875,2.1955322265625004,2.5382550335570953,0.8517246256676569
1.7831274414062501,9.026365966796876,2.1955322265625004,0.8563758389261642,0.7683877938748741
1.7831274414062501,5.453934326171875,7.3340576171875,0.8617449664429426,0.7745276506336218
6.4659399414062495,9.026365966796876,7.3340576171875,2.822818791946399,0.9483178376336732
2.40750244140625,4.829246826171874,6.5267822265625,1.0671140939597175,0.7841247704092011
9.58781494140625,4.829246826171874,6.5267822265625,3.9234899328861585,0.9292543902633106
2.40750244140625,3.4041784667968744,6.5267822265625,0.9530201342281759,0.6952804572882172
2.40750244140625,4.829246826171874,5.4778076171875,1.0496644295301876,0.7706652410176817
9.58781494140625,3.4041784667968744,5.4778076171875,3.7744966442955326,0.8937830332673542
7.40250244140625,9.826746826171876,1.5767822265625002,3.033557046979987,0.9048340611999752
4.59281494140625,9.826746826171876,1.5767822265625002,1.9234899328858766,0.8616822393780145
7.40250244140625,8.401678466796875,1.5767822265625002,2.9852348993289732,0.890276816463239
7.40250244140625,9.826746826171876,0.5278076171875,2.6859060402685264,0.7993739708144287
4.59281494140625,8.401678466796875,0.5278076171875,1.5812080536912518,0.7042689972509512
9.90000244140625,2.3304968261718746,9.0017822265625,3.794630872483455,0.8729252445068406
7.09031494140625,2.3304968261718746,9.0017822265625,2.6765100671141626,0.829406515809394
9.90000244140625,5.902928466796874,9.0017822265625,4.126174496644578,0.9493520472974701
9.90000244140625,2.3304968261718746,3.0028076171875,3.5020134228189823,0.8044863058225937
7.09031494140625,5.902928466796874,3.0028076171875,2.8832214765101662,0.8933270117068465
4.90500244140625,7.327996826171875,4.0517822265625,2.116778523489919,0.8988985683658246
2.09531494140625,7.327996826171875,4.0517822265625,1.0013422818791817,0.8104111160622486
4.90500244140625,0.9054284667968749,4.0517822265625,0.7489932885905957,0.27820784860070186
4.90500244140625,7.327996826171875,7.9528076171875,2.170469798657712,0.9220302261300528
2.09531494140625,0.9054284667968749,7.9528076171875,0.3932885906040249,0.15611066598613324
3.65625244140625,1.081121826171875,0.3392822265625,0.38523489932885724,0.12297540093336815
0.84656494140625,1.081121826171875,0.3392822265625,0.36644295302013274,0.1495824706358632
3.65625244140625,2.1548034667968747,0.3392822265625,0.5248322147650963,0.23893475419706844
3.65625244140625,1.081121826171875,6.7153076171874995,0.6791946308724761,0.31743292939931206
0.84656494140625,2.1548034667968747,6.7153076171874995,0.38926174496644106,0.31468049960533745
8.65125244140625,6.078621826171874,5.2892822265624995,3.590604026845841,0.932921313285362
5.84156494140625,6.078621826171874,5.2892822265624995,2.4724832214765486,0.9062821915960597
8.65125244140625,7.152303466796874,5.2892822265624995,3.628187919463296,0.9427137647155329
8.65125244140625,6.078621826171874,1.7653076171875002,3.387919463087422,0.879515390913894
5.84156494140625,7.152303466796874,1.7653076171875002,2.3409395973154554,0.8571788545152758
6.15375244140625,3.5798718261718747,2.8142822265625003,2.2845637583892726,0.7995424005214314
3.3440649414062498,3.5798718261718747,2.8142822265625003,1.1892617449664267,0.6808922265816574
6.15375244140625,9.651053466796874,2.8142822265625003,2.6295302013423436,0.9216425659613944
6.15375244140625,3.5798718261718747,4.2403076171875,2.38389261744969,0.8350978725070699
3.3440649414062498,9.651053466796874,4.2403076171875,1.5543624161073597,0.8975079004959996
1.15875244140625,8.577371826171875,7.7642822265625,0.7046979865771736,0.8182067187823145
8.33906494140625,8.577371826171875,7.7642822265625,3.5637583892619444,0.9570435944938941
1.15875244140625,4.6535534667968745,7.7642822265625,0.583892617449659,0.6590645538712697
1.15875244140625,8.577371826171875,9.1903076171875,0.7114093959731467,0.8265149371056982
8.33906494140625,4.6535534667968745,9.1903076171875,3.4469798657719943,0.9256790133279396
0.84656494140625,3.2675280761718746,1.8861572265625002,0.38791946308724645,0.3724608236717891
1.7831274414062501,3.2675280761718746,1.8861572265625002,0.5275167785234856,0.42738347235574686
0.84656494140625,5.590584716796874,1.8861572265625002,0.42550335570469544,0.5116302076313852
0.84656494140625,3.2675280761718746,1.4559326171875002,0.38389261744966263,0.36081168200729846
1.7831274414062501,5.590584716796874,1.4559326171875002,0.6711409395973085,0.5852648568697603
5.84156494140625,8.265028076171875,6.8361572265624995,2.555704697986628,0.9369593101803263
6.77812744140625,8.265028076171875,6.8361572265624995,2.9288590604027904,0.9444191619258779
5.84156494140625,0.5930847167968749,6.8361572265624995,0.6362416107382487,0.18543498234592734
5.84156494140625,8.265028076171875,6.4059326171875,2.5516778523490435,0.9354640212862164
6.77812744140625,0.5930847167968749,6.4059326171875,0.9275167785234784,0.26546063641351564
8.33906494140625,0.768778076171875,4.3611572265625,1.74093959731541,0.45423586432571494
4.28062744140625,0.768778076171875,4.3611572265625,0.42818791946308465,0.1346507264410483
8.33906494140625,3.0918347167968747,4.3611572265625,3.1865771812081976,0.8551753020851887
8.33906494140625,0.768778076171875,8.8809326171875,2.0912751677852173,0.5535716648360213
4.28062744140625,3.0918347167968747,8.8809326171875,1.689932885906015,0.802111063925283
3.3440649414062498,5.766278076171875,9.3111572265625,1.5114093959731323,0.8728565003646276
9.27562744140625,5.766278076171875,9.3111572265625,3.87382550335595,0.9454817661950954
3.3440649414062498,8.089334716796875,9.3111572265625,1.5731543624160842,0.9086741184825547
3.3440649414062498,5.766278076171875,3.9309326171875,1.4322147651006505,0.8261808295583264
9.27562744140625,8.089334716796875,3.9309326171875,3.872483221476755,0.9449802337102784
4.59281494140625,2.018153076171875,5.5986572265625,1.5073825503355485,0.6711954665841359
8.02687744140625,2.018153076171875,5.5986572265625,2.863087248322244,0.7945439324984302
4.59281494140625,9.338709716796876,5.5986572265625,2.0657718120805155,0.9264895826987953
4.59281494140625,2.018153076171875,0.2184326171875,0.6134228187919404,0.24057518179686038
8.02687744140625,9.338709716796876,0.2184326171875,2.586577181208109,0.7148813902266278
9.58781494140625,7.0156530761718745,0.6486572265625,3.4161073825505133,0.807056767368221
3.03187744140625,7.0156530761718745,0.6486572265625,1.0187919463087116,0.6237816606391124
9.58781494140625,4.341209716796874,0.6486572265625,3.0604026845638836,0.7215306603261333
9.58781494140625,7.0156530761718745,5.1684326171874995,3.9932885906042896,0.9457945389249967
3.03187744140625,4.341209716796874,5.1684326171874995,1.2550335570469624,0.7792525127554665
7.09031494140625,4.516903076171874,8.073657226562501,2.9302013422819853,0.9083474486579219
5.5293774414062495,4.516903076171874,8.073657226562501,2.3087248322147795,0.8868280530995463
7.09031494140625,1.8424597167968748,8.073657226562501,2.5114093959731987,0.7776495263294767
7.09031494140625,4.516903076171874,7.6434326171875,2.9261744966444008,0.9070570833310838
5.5293774414062495,1.8424597167968748,7.6434326171875,1.8818791946308437,0.7205318123184978
2.09531494140625,9.514403076171876,3.1236572265625,1.0295302013422685,0.8335824035997552
0.53437744140625,9.514403076171876,3.1236572265625,0.4402684563758361,0.6892008182661691
2.09531494140625,6.839959716796875,3.1236572265625,0.9557046979865651,0.7718633082761273
2.09531494140625,9.514403076171876,2.6934326171875003,1.0134228187919332,0.8201085849769651
0.53437744140625,6.839959716796875,2.6934326171875003,0.40536912751677634,0.5866619052682718
1.47093994140625,0.14409057617187498,8.6924072265625,0.36644295302013274,0.02596828130487537
3.65625244140625,0.14409057617187498,8.6924072265625,0.37046979865771656,0.026190502355802357
1.47093994140625,1.2177722167968748,8.6924072265625,0.3919463087248303,0.20284659305079145
1.47093994140625,0.14409057617187498,4.5496826171875,0.36510067114093814,0.025237243826947534
3.65625244140625,1.2177722167968748,4.5496826171875,0.6926174496644222,0.3292341332970836
6.4659399414062495,5.1415905761718745,3.7424072265625004,2.626845637583954,0.8820315237017657
8.65125244140625,5.1415905761718745,3.7424072265625004,3.495302013423008,0.9079453602143321
6.4659399414062495,6.215272216796874,3.7424072265625004,2.6859060402685264,0.9019698069433222
6.4659399414062495,5.1415905761718745,9.4996826171875,2.728859060402761,0.9167761113391677
8.65125244140625,6.215272216796874,9.4996826171875,3.6416107382552445,0.9463408467747438
8.96343994140625,2.6428405761718747,6.2174072265625,3.426845637584072,0.8622341573580223
1.15875244140625,2.6428405761718747,6.2174072265625,0.420134228187917,0.3784641994764262
8.96343994140625,8.714022216796875,6.2174072265625,3.801342281879429,0.9568222273557971
8.96343994140625,2.6428405761718747,7.0246826171875,3.448322147651189,0.867731744791661
1.15875244140625,8.714022216796875,7.0246826171875,0.7020134228187844,0.8149025206975444
3.96843994140625,7.640340576171874,1.2674072265625,1.5489932885905813,0.7794388198214892
6.15375244140625,7.640340576171874,1.2674072265625,2.398657718120833,0.8395566585419412
3.96843994140625,3.7165222167968746,1.2674072265625,1.2107382550335404,0.601941700148731
3.96843994140625,7.640340576171874,2.0746826171875,1.659060402684539,0.8364360045192187
6.15375244140625,3.7165222167968746,2.0746826171875,2.2067114093959725,0.7715642143821855
2.7196899414062496,3.8922155761718744,4.9799072265625,1.0885906040268312,0.7305057938267737
7.40250244140625,3.8922155761718744,4.9799072265625,2.9449664429531284,0.8786866297186412
2.7196899414062496,4.965897216796875,4.9799072265625,1.1704697986577022,0.7878746155777805
2.7196899414062496,3.8922155761718744,3.3121826171875,1.0214765100671008,0.6823295002611939
7.40250244140625,4.965897216796875,3.3121826171875,2.965100671141051,0.8845373729026088
7.71468994140625,8.889715576171875,9.9299072265625,3.331543624161239,0.9588504165802928
2.40750244140625,8.889715576171875,9.9299072265625,1.2174496644295134,0.8967047075728081
7.71468994140625,9.963397216796874,9.9299072265625,0.3020134228187916,0.0889232953159905
7.71468994140625,8.889715576171875,8.2621826171875,3.32348993288607,0.9565038292005569
2.40750244140625,9.963397216796874,8.2621826171875,1.225503355704681,0.902606620432104
5.21718994140625,1.3934655761718748,2.5049072265625,1.1395973154362262,0.4410149944829009
9.90000244140625,1.3934655761718748,2.5049072265625,2.8590604026846593,0.6538438148343637
5.21718994140625,7.464647216796874,2.5049072265625,2.179865771812076,0.8788052691261579
5.21718994140625,1.3934655761718748,5.7871826171875,1.4617449664429318,0.580236890963965
9.90000244140625,7.464647216796874,5.7871826171875,4.140939597315721,0.9526963074692141
0.22218994140625,6.390965576171874,7.4549072265625,0.3812080536912734,0.612771911957003
4.90500244140625,6.390965576171874,7.4549072265625,2.139597315436231,0.9088710070089145
0.22218994140625,2.467147216796875,7.4549072265625,0.37046979865771656,0.3411764864246731
0.22218994140625,6.390965576171874,0.8371826171875,0.37046979865771656,0.5430979868153392
4.90500244140625,2.467147216796875,0.8371826171875,1.1033557046979718,0.45238714555634857
0.30023681640625,0.378348388671875,1.9635009765625002,0.36375838926174353,0.06254516599380042
8.72929931640625,0.378348388671875,1.9635009765625002,0.3986577181208033,0.05827645628439259
0.30023681640625,2.7014050292968745,1.9635009765625002,0.36912751677852196,0.3412633081178925
0.30023681640625,0.378348388671875,2.7707763671875,0.36375838926174353,0.06320977461297174
8.72929931640625,2.7014050292968745,2.7707763671875,3.119463087248456,0.8027566745499194
5.29523681640625,5.375848388671875,6.9135009765625,2.249664429530207,0.8962670387663416
3.7342993164062497,5.375848388671875,6.9135009765625,1.628187919463063,0.8625663439949689
5.29523681640625,7.698905029296874,6.9135009765625,2.3261744966443123,0.9268576337426269
5.29523681640625,5.375848388671875,7.7207763671875,2.259060402684571,0.9000538087575682
3.7342993164062497,7.698905029296874,7.7207763671875,1.7114093959731287,0.9069067389900395
7.79273681640625,2.877098388671875,4.4385009765625,2.9355704697987646,0.8366354701275247
6.23179931640625,2.877098388671875,4.4385009765625,2.3154362416107537,0.8020168924833069
7.79273681640625,5.200155029296875,4.4385009765625,3.183892617449808,0.9079063540426404
7.79273681640625,2.877098388671875,5.2457763671875,2.971812080537025,0.8471682880806573
6.23179931640625,5.200155029296875,5.2457763671875,2.5852348993289143,0.8963962483826239
2.7977368164062497,7.874598388671874,9.3885009765625,1.351677852348974,0.8931589312108486
1.23679931640625,7.874598388671874,9.3885009765625,0.7302013422818712,0.8184865699927633
2.7977368164062497,0.20265502929687498,9.3885009765625,0.37181208053691117,0.0368530734864771
2.7977368164062497,7.874598388671874,0.2957763671875,0.867114093959721,0.5572654991263168
1.23679931640625,0.20265502929687498,0.2957763671875,0.36375838926174353,0.03242922162341031
4.04648681640625,4.126473388671875,5.6760009765624995,1.652348993288566,0.8206507627419457
2.48554931640625,4.126473388671875,5.6760009765624995,1.034899328859047,0.7415427619377983
4.04648681640625,1.4520300292968749,5.6760009765624995,1.0496644295301876,0.50263821531039
4.04648681640625,4.126473388671875,4.0082763671875,1.5986577181207817,0.7932916129538015
2.48554931640625,1.4520300292968749,4.0082763671875,0.44429530201341993,0.23889539885224392
9.04148681640625,9.123973388671875,0.7260009765625,3.40402684563776,0.8486434818996544
7.4805493164062495,9.123973388671875,0.7260009765625,2.8013422818792817,0.8266222795226977
9.04148681640625,6.4495300292968745,0.7260009765625,3.2107382550337045,0.7997059961639381
9.04148681640625,9.123973388671875,8.9582763671875,0.31006711409395926,0.07972833927590796
7.4805493164062495,6.4495300292968745,8.9582763671875,3.1798657718122234,0.9404374976177063
6.54398681640625,1.6277233886718747,8.1510009765625,2.2053691275167777,0.731370576230527
4.98304931640625,1.6277233886718747,8.1510009765625,1.5892617449664195,0.6612587793357717
6.54398681640625,8.948280029296875,8.1510009765625,2.8577181208054645,0.9501321842977004
6.54398681640625,1.6277233886718747,6.4832763671875,2.148993288590595,0.7120140561652458
4.98304931640625,8.948280029296875,6.4832763671875,2.2241610738255053,0.9324510122632936
1.5489868164062501,6.625223388671874,3.2010009765625003,0.740939597315428,0.7224057805796711
9.97804931640625,6.625223388671874,3.2010009765625003,4.075167785235174,0.9306731736218703
1.5489868164062501,3.9507800292968747,3.2010009765625003,0.5932885906040213,0.5539639116554793
1.5489868164062501,6.625223388671874,1.5332763671875,0.6483221476510002,0.6205470492109963
9.97804931640625,3.9507800292968747,1.5332763671875,3.6201342281881272,0.825500476110683
2.17336181640625,3.5017858886718747,7.5322509765625,0.8872483221476402,0.6944170024277863
6.85617431640625,3.5017858886718747,7.5322509765625,2.744966442953099,0.8761688927157396
2.17336181640625,8.323592529296874,7.5322509765625,1.1020134228187772,0.8714336593999854
2.17336181640625,3.5017858886718747,0.9145263671875,0.5557046979865723,0.3970754554991006
6.85617431640625,8.323592529296874,0.9145263671875,2.602684563758447,0.8291746608926717
7.16836181640625,8.499285888671874,2.5822509765625004,2.9919463087249474,0.9182923757415294
1.86117431640625,8.499285888671874,2.5822509765625004,0.8939597315436132,0.7810387921564609
7.16836181640625,3.326092529296875,2.5822509765625004,2.6147651006712005,0.8014132901123221
7.16836181640625,8.499285888671874,5.8645263671875,3.0791946308726112,0.945404983678761
1.86117431640625,3.326092529296875,5.8645263671875,0.7208053691275089,0.6142068916810086
9.66586181640625,1.0030358886718749,5.0572509765625,2.7476510067114885,0.6421692337056206
9.35367431640625,1.0030358886718749,5.0572509765625,2.625503355704759,0.631675478249636
9.66586181640625,0.8273425292968749,5.0572509765625,2.452348993288626,0.5702050107509424
9.66586181640625,1.0030358886718749,8.3395263671875,2.9610738255034663,0.694028603396561
9.35367431640625,0.8273425292968749,8.3395263671875,2.5744966442953556,0.6190484244026249
4.67086181640625,6.000535888671874,0.1072509765625,1.1838926174496482,0.5108732323630855
4.35867431640625,6.000535888671874,0.1072509765625,1.099328859060388,0.5005174769925832
4.67086181640625,5.824842529296874,0.1072509765625,1.1691275167785076,0.5040014596511555
4.67086181640625,6.000535888671874,3.3895263671875,1.9476510067113795,0.8609025256044873
4.35867431640625,5.824842529296874,3.3895263671875,1.8147651006711134,0.8488048781964319
3.42211181640625,2.2524108886718746,3.8197509765625,1.037583892617436,0.5753296829022624
3.10992431640625,2.2524108886718746,3.8197509765625,0.9221476510066999,0.5453908142982069
3.42211181640625,7.074217529296875,3.8197509765625,1.512751677852327,0.8576653304325993
3.42211181640625,2.2524108886718746,2.1520263671875,0.8791946308724725,0.4769656637683227
3.10992431640625,7.074217529296875,2.1520263671875,1.3046979865771628,0.794382583909897
8.41711181640625,7.249910888671875,8.7697509765625,3.5731543624163082,0.9516345507793221
8.10492431640625,7.249910888671875,8.7697509765625,3.449664429530384,0.9502392475352304
8.41711181640625,2.0767175292968747,8.7697509765625,3.1328859060404044,0.8340445177813645
8.41711181640625,7.249910888671875,7.1020263671874995,3.55973154362436,0.9480281368980747
8.10492431640625,2.0767175292968747,7.1020263671874995,2.9691275167786353,0.8173162939449345
5.91961181640625,4.751160888671874,1.3447509765625,2.0979865771811914,0.7577233106536212
0.6124243164062501,4.751160888671874,1.3447509765625,0.38523489932885724,0.4550512826441976
5.91961181640625,4.5754675292968745,1.3447509765625,2.076510067114074,0.7497692643567857
5.91961181640625,4.751160888671874,9.5770263671875,2.492617449664471,0.9035181737781746
0.6124243164062501,4.5754675292968745,9.5770263671875,0.4147651006711386,0.5461225910430786
0.92461181640625,9.748660888671875,6.2947509765625,0.621476510067108,0.8082077280609695
5.60742431640625,9.748660888671875,6.2947509765625,2.4832214765101073,0.9426668379889336
0.92461181640625,9.572967529296875,6.2947509765625,0.6187919463087188,0.8044770663623906
0.92461181640625,9.748660888671875,4.6270263671875,0.6053691275167727,0.7851395432740573
5.60742431640625,9.572967529296875,4.6270263671875,2.460402684563795,0.9338976295227227
1.23679931640625,4.438817138671874,2.8916259765625,0.5140939597315395,0.5355981323847614
4.67086181640625,4.438817138671874,2.8916259765625,1.809395973154335,0.7988566722717882
1.23679931640625,0.514998779296875,2.8916259765625,0.36912751677852196,0.0849341639176416
1.23679931640625,4.438817138671874,7.4114013671875,0.5986577181207997,0.6518581150819767
4.67086181640625,0.514998779296875,7.4114013671875,0.40536912751677634,0.09481624299467431
6.23179931640625,9.436317138671875,7.8416259765625,2.7382550335571247,0.9497514974839278
9.66586181640625,9.436317138671875,7.8416259765625,0.3181208053691269,0.07729945858700034
6.23179931640625,5.512498779296874,7.8416259765625,2.6389261744967074,0.9152197588690665
6.23179931640625,9.436317138671875,2.4614013671875004,2.6389261744967074,0.9148317950811022
9.66586181640625,5.512498779296874,2.4614013671875004,3.8389261744968843,0.9021075911553278
8.72929931640625,1.9400671386718746,0.4166259765625,1.7194630872482963,0.43224110945931954
2.17336181640625,1.9400671386718746,0.4166259765625,0.38791946308724645,0.20313206842371667
8.72929931640625,8.011248779296874,0.4166259765625,2.97046979865783,0.7628612617921329
8.72929931640625,1.9400671386718746,4.9364013671875,3.0751677852350268,0.7916701667186197
2.17336181640625,8.011248779296874,4.9364013671875,1.068456375838912,0.8443463137910384
3.7342993164062497,6.9375671386718745,5.3666259765625,1.665771812080512,0.8824972537719992
7.16836181640625,6.9375671386718745,5.3666259765625,3.0322147651007922,0.9309340785835074
3.7342993164062497,3.0137487792968747,5.3666259765625,1.3919463087248123,0.7347402802452419
3.7342993164062497,6.9375671386718745,9.8864013671875,1.7060402684563503,0.9041240127518695
7.16836181640625,3.0137487792968747,9.8864013671875,2.8416107382551266,0.8724136640086071
4.98304931640625,0.690692138671875,9.0791259765625,0.6751677852348923,0.23316372092315757
5.91961181640625,0.690692138671875,9.0791259765625,1.0120805369127386,0.3357906883334756
4.98304931640625,4.263123779296874,9.0791259765625,2.084563758389243,0.8738762183249102
4.98304931640625,0.690692138671875,6.1739013671875,0.5583892617449615,0.17921110144782731
5.91961181640625,4.263123779296874,6.1739013671875,2.4187919463087555,0.8765162927396588
9.97804931640625,5.688192138671875,4.1291259765624995,4.069798657718395,0.9295093621216121
0.92461181640625,5.688192138671875,4.1291259765624995,0.502013422818788,0.6227798882178124
9.97804931640625,9.260623779296875,4.1291259765624995,4.1825503355707605,0.955380758489723
9.97804931640625,5.688192138671875,1.2239013671875,3.7449664429532463,0.8542321146265495
0.92461181640625,9.260623779296875,1.2239013671875,0.4993288590603988,0.6227308532809813
7.4805493164062495,3.1894421386718745,6.6041259765625,2.9382550335571542,0.8686826764697897
8.41711181640625,3.1894421386718745,6.6041259765625,3.310067114094122,0.8813171975033494
7.4805493164062495,6.761873779296875,6.6041259765625,3.1691275167786648,0.9371861008200509
7.4805493164062495,3.1894421386718745,3.6989013671875,2.822818791946399,0.8339768630761493
8.41711181640625,6.761873779296875,3.6989013671875,3.48187919463106,0.9270534767041797
2.48554931640625,8.186942138671876,1.6541259765625,1.0590604026845498,0.7586644691123148
3.42211181640625,8.186942138671876,1.6541259765625,1.4214765100670936,0.8044170042301615
2.48554931640625,1.7643737792968748,1.6541259765625,0.42416107382550083,0.2292911094541793
2.48554931640625,8.186942138671876,8.6489013671875,1.2295302013422649,0.8852650168081637
3.42211181640625,1.7643737792968748,8.6489013671875,1.0496644295301876,0.581499445855159
1.86117431640625,1.3153796386718748,7.2228759765624995,0.40536912751677634,0.21855641376256724
0.30023681640625,1.3153796386718748,7.2228759765624995,0.36778523489932735,0.20506022994050788
1.86117431640625,6.137186279296874,7.2228759765624995,0.9181208053691161,0.8040441755066412
1.86117431640625,1.3153796386718748,9.2676513671875,0.40939597315436016,0.22456494131134241
0.30023681640625,6.137186279296874,9.2676513671875,0.39060402684563567,0.6140359260432292
6.85617431640625,6.312879638671874,2.2728759765625,2.7570469798658523,0.879470559387775
5.29523681640625,6.312879638671874,2.2728759765625,2.139597315436231,0.8515337783192996
6.85617431640625,1.1396862792968747,2.2728759765625,1.413422818791926,0.4359209143673177
6.85617431640625,6.312879638671874,4.3176513671875,2.863087248322244,0.9138189451179646
5.29523681640625,1.1396862792968747,4.3176513671875,1.1785234899328698,0.450323257295006
9.35367431640625,3.8141296386718744,9.6978759765625,3.7973154362418446,0.9197766349149878
2.7977368164062497,3.8141296386718744,9.6978759765625,1.1852348993288429,0.7817023508048532
9.35367431640625,3.6384362792968745,9.6978759765625,3.7812080536915067,0.9158732813254415
9.35367431640625,3.8141296386718744,1.8426513671875002,3.433557046980046,0.8303642755395497
2.7977368164062497,3.6384362792968745,1.8426513671875002,0.8939597315436132,0.5760576269511897
4.35867431640625,8.811629638671874,4.7478759765625,1.9516778523489633,0.9134776266210376
7.79273681640625,8.811629638671874,4.7478759765625,3.316778523490096,0.9459895485218379
4.35867431640625,8.635936279296875,4.7478759765625,1.9476510067113795,0.9115977306402605
4.35867431640625,8.811629638671874,6.7926513671875,1.9758389261744662,0.924924418505463
7.79273681640625,8.635936279296875,6.7926513671875,3.339597315436408,0.9525663274678815
3.10992431640625,2.5647546386718747,1.0353759765625001,0.6751677852348923,0.378859438161547
9.04148681640625,2.5647546386718747,1.0353759765625001,2.649664429530266,0.6572473865216037
3.10992431640625,9.885311279296875,1.0353759765625001,1.2617449664429354,0.7667857208274853
3.10992431640625,2.5647546386718747,8.0301513671875,1.1315436241610586,0.6849046496528799
9.04148681640625,9.885311279296875,8.0301513671875,0.3181208053691269,0.08194516734091957
8.10492431640625,7.562254638671874,5.9853759765625,3.432214765100851,0.9453603376978528
4.04648681640625,7.562254638671874,5.9853759765625,1.816107382550308,0.9027106817055208
8.10492431640625,4.887811279296875,5.9853759765625,3.3275167785236546,0.9164415588696979
8.10492431640625,7.562254638671874,3.0801513671875003,3.3610738255035253,0.9255224743472583
4.04648681640625,4.887811279296875,3.0801513671875003,1.614765100671117,0.8012326628409516
5.60742431640625,0.06600463867187499,3.5103759765625,0.36644295302013274,0.011566969424627703
6.54398681640625,0.06600463867187499,3.5103759765625,0.36644295302013274,0.011533402083249853
5.60742431640625,2.389061279296875,3.5103759765625,1.8899328859060114,0.7143746097486756
5.60742431640625,0.06600463867187499,0.6051513671875,0.36510067114093814,0.010846387233141085
6.54398681640625,2.389061279296875,0.6051513671875,1.4496644295301804,0.4699790651074841
0.6124243164062501,5.0635046386718745,8.4603759765625,0.4214765100671116,0.5759937782197435
1.5489868164062501,5.0635046386718745,8.4603759765625,0.7624161073825417,0.7457646777139455
0.6124243164062501,7.386561279296874,8.4603759765625,0.4738255033557013,0.7154757176460294
0.6124243164062501,5.0635046386718745,5.5551513671874995,0.4120805369127494,0.5506990137835833
1.5489868164062501,7.386561279296874,5.5551513671874995,0.8147651006711314,0.8003850394242098
0.45633056640625,3.0332702636718745,5.2119384765625,0.3798657718120788,0.39224147272775867
3.2660180664062497,3.0332702636718745,5.2119384765625,1.2067114093959566,0.7051543790083098
0.45633056640625,3.7946081542968746,5.2119384765625,0.38389261744966263,0.4540874997373593
0.45633056640625,3.0332702636718745,6.6379638671875,0.3812080536912734,0.39798154769394034
3.2660180664062497,3.7946081542968746,6.6379638671875,1.3328859060402496,0.7824303837398463
5.4513305664062495,8.030770263671876,0.2619384765625,1.683221476510042,0.6481900625188378
8.26101806640625,8.030770263671876,0.2619384765625,2.6322147651007333,0.708998513941003
5.4513305664062495,8.792108154296875,0.2619384765625,1.7261744966442694,0.6654216653267105
5.4513305664062495,8.030770263671876,1.6879638671875001,2.2161073825503363,0.860594371688205
8.26101806640625,8.792108154296875,1.6879638671875001,3.355704697986746,0.9081415290408037
7.94883056640625,0.534520263671875,7.6869384765625,1.225503355704681,0.31814286768768707
0.76851806640625,0.534520263671875,7.6869384765625,0.36912751677852196,0.09205815323502721
7.94883056640625,6.293358154296874,7.6869384765625,3.3516778523491615,0.9393214945329309
7.94883056640625,0.534520263671875,4.1629638671875,0.8939597315436132,0.21874558021462587
0.76851806640625,6.293358154296874,4.1629638671875,0.46979865771811746,0.630135369986788
2.95383056640625,5.532020263671875,2.7369384765625,1.2080536912751512,0.7638332294048077
5.76351806640625,5.532020263671875,2.7369384765625,2.3167785234899485,0.8583736005231956
2.95383056640625,1.2958581542968748,2.7369384765625,0.43087248322147387,0.1978754374388607
2.95383056640625,5.532020263671875,9.1129638671875,1.344966442953001,0.8533531615563051
5.76351806640625,1.2958581542968748,9.1129638671875,1.727516778523464,0.6348786434046017
4.20258056640625,1.7838952636718748,1.4994384765625002,0.8416107382550235,0.37886691647961934
7.01226806640625,1.7838952636718748,1.4994384765625002,1.7610738255033291,0.5424151017311303
4.20258056640625,0.046483154296874996,1.4994384765625002,0.36375838926174353,0.007894920577625664
4.20258056640625,1.7838952636718748,5.4004638671875,1.2604026845637408,0.5978316094934885
7.01226806640625,0.046483154296874996,5.4004638671875,0.36644295302013274,0.00830715809559527
9.19758056640625,6.781395263671874,6.4494384765624995,3.851006711409638,0.947042351485372
2.01726806640625,6.781395263671874,6.4494384765624995,0.9932885906040141,0.8254044880363469
9.19758056640625,5.043983154296875,6.4494384765624995,3.779865771812312,0.9294957454772091
9.19758056640625,6.781395263671874,0.4504638671875,3.0684563758390526,0.7516582629957277
2.01726806640625,5.043983154296875,0.4504638671875,0.5624161073825453,0.4299690011869141
6.70008056640625,4.282645263671874,3.9744384765625003,2.664429530201409,0.8673498028249453
9.50976806640625,4.282645263671874,3.9744384765625003,3.7812080536915067,0.9019268187347209
6.70008056640625,7.542733154296874,3.9744384765625003,2.8348993288591524,0.9231808011800715
6.70008056640625,4.282645263671874,2.9254638671875,2.5986577181208625,0.8455817525215751
9.50976806640625,7.542733154296874,2.9254638671875,3.9100671140942103,0.9327619917823639
1.70508056640625,9.280145263671875,8.9244384765625,0.9382550335570352,0.8707231188905789
4.5147680664062495,9.280145263671875,8.9244384765625,2.0577181208053466,0.9360920265153586
1.70508056640625,2.545233154296875,8.9244384765625,0.5999999999999943,0.5154534418774515
1.70508056640625,9.280145263671875,7.8754638671875,0.9342281879194514,0.8668086546735628
4.5147680664062495,2.545233154296875,7.8754638671875,1.6791946308724581,0.7622903204071029
2.3294555664062497,1.1592077636718747,4.5931884765625,0.4026845637583871,0.18595163753835947
1.39289306640625,1.1592077636718747,4.5931884765625,0.382550335570468,0.18317567312209576
2.3294555664062497,9.416795654296875,4.5931884765625,1.1530201342281723,0.8687393143708386
2.3294555664062497,1.1592077636718747,9.7317138671875,0.4214765100671116,0.20808543978139574
1.39289306640625,9.416795654296875,9.7317138671875,0.8201342281879098,0.8604183062132362
7.32445556640625,6.156707763671874,9.5431884765625,3.111409395973287,0.9374772106729106
6.38789306640625,6.156707763671874,9.5431884765625,2.7382550335571247,0.9296795177108543
7.32445556640625,4.419295654296874,9.5431884765625,3.0322147651007922,0.9135582846983877
7.32445556640625,6.156707763671874,4.7817138671874995,3.0550335570471043,0.920262223548827
6.38789306640625,4.419295654296874,4.7817138671874995,2.5825503355705246,0.8763988878587265
9.82195556640625,3.6579577636718748,2.1181884765625,3.6483221476512186,0.8443738136599843
3.89039306640625,3.6579577636718748,2.1181884765625,1.3328859060402496,0.6780986974356205
9.82195556640625,1.9205456542968748,2.1181884765625,3.104697986577313,0.7166801398985936
9.82195556640625,3.6579577636718748,2.3067138671875003,3.6818791946310894,0.8522556326240227
3.89039306640625,1.9205456542968748,2.3067138671875003,0.9436241610738136,0.4628838638836094
4.82695556640625,8.655457763671874,7.0681884765625,2.1610738255033484,0.9303239307089848
8.88539306640625,8.655457763671874,7.0681884765625,3.777181208053922,0.9582718249609818
4.82695556640625,6.918045654296875,7.0681884765625,2.1221476510066983,0.9135037698778007
4.82695556640625,8.655457763671874,7.2567138671875,2.162416107382543,0.9309123843963639
8.88539306640625,6.918045654296875,7.2567138671875,3.739597315436467,0.9487212026659917
3.57820556640625,4.907332763671874,8.3056884765625,1.557046979865749,0.8530563931530907
7.63664306640625,4.907332763671874,8.3056884765625,3.1731543624162493,0.9214506089715242
3.57820556640625,5.668670654296874,8.3056884765625,1.5932885906040033,0.8730083837157315
3.57820556640625,4.907332763671874,8.4942138671875,1.5597315436241381,0.854511913948949
7.63664306640625,5.668670654296874,8.4942138671875,3.2107382550337045,0.932384187782018
8.57320556640625,9.904832763671875,3.3556884765625004,3.6161073825505428,0.9471703980945385
2.64164306640625,9.904832763671875,3.3556884765625004,1.2604026845637408,0.8679248897070782
8.57320556640625,0.671170654296875,3.3556884765625004,1.406711409395953,0.3492214407219386
8.57320556640625,9.904832763671875,3.5442138671875,3.621476510067322,0.9486000777528824
2.64164306640625,0.671170654296875,3.5442138671875,0.382550335570468,0.10978266725627588
6.07570556640625,2.4085827636718746,5.8306884765625,2.2134228187919467,0.7835200554859101
5.13914306640625,2.4085827636718746,5.8306884765625,1.8429530201342001,0.7511738213792116
6.07570556640625,3.1699206542968748,5.8306884765625,2.3570469798657934,0.8349879629685193
6.07570556640625,2.4085827636718746,1.0692138671875,1.557046979865749,0.5424062232253991
5.13914306640625,3.1699206542968748,1.0692138671875,1.4563758389261534,0.5864689920153919
1.08070556640625,7.406082763671875,0.8806884765625,0.4805369127516743,0.5383151386048501
0.14414306640625002,7.406082763671875,0.8806884765625,0.36778523489932735,0.5884206641326144
1.08070556640625,8.167420654296874,0.8806884765625,0.4979865771812042,0.565478750095394
1.08070556640625,7.406082763671875,6.0192138671875,0.6375838926174433,0.7637421918816165
0.14414306640625002,8.167420654296874,6.0192138671875,0.3771812080536896,0.6722976470984543
0.76851806640625,2.096239013671875,9.8525634765625,0.38926174496644106,0.31574837885471707
9.82195556640625,2.096239013671875,9.8525634765625,3.716778523490155,0.8611855931516761
0.76851806640625,1.6082019042968747,9.8525634765625,0.382550335570468,0.25318206394520526
0.76851806640625,2.096239013671875,3.2348388671875004,0.3785234899328842,0.2879666993607417
9.82195556640625,1.6082019042968747,3.2348388671875004,3.1570469798659113,0.7294137001040211
5.76351806640625,7.0937390136718745,4.9025634765624995,2.469798657718159,0.9157688224801259
4.82695556640625,7.0937390136718745,4.9025634765624995,2.0979865771811914,0.9029476184648046
5.76351806640625,6.6057019042968745,4.9025634765624995,2.453691275167821,0.9097697323157641
5.76351806640625,7.0937390136718745,8.1848388671875,2.508724832214809,0.9303755034306118
4.82695556640625,6.6057019042968745,8.1848388671875,2.1221476510066983,0.9135559625258742
8.26101806640625,4.594989013671874,7.3775634765625,3.393288590604201,0.9188686526991974
7.32445556640625,4.594989013671874,7.3775634765625,3.020134228188039,0.9098553825853432
8.26101806640625,9.104451904296875,7.3775634765625,3.5382550335572427,0.9582151233570178
8.26101806640625,4.594989013671874,5.7098388671875,3.36510067114111,0.9111315969876508
7.32445556640625,9.104451904296875,5.7098388671875,3.150335570469937,0.9491206122448552
3.2660180664062497,9.592489013671875,2.4275634765625003,1.464429530201321,0.8604449573342288
2.3294555664062497,9.592489013671875,2.4275634765625003,1.0953020134228042,0.8240306567157969
3.2660180664062497,4.106951904296874,2.4275634765625003,1.187919463087232,0.6931366379623359
3.2660180664062497,9.592489013671875,0.7598388671875,1.2442953020134055,0.726876069513727
2.3294555664062497,4.106951904296874,0.7598388671875,0.6295302013422757,0.44240525957477944
4.5147680664062495,3.3456140136718746,3.6650634765625,1.672483221476485,0.7585994257466975
1.08070556640625,3.3456140136718746,3.6650634765625,0.4228187919463062,0.4181159503785701
4.5147680664062495,2.8575769042968746,3.6650634765625,1.5879194630872249,0.7190411037595916
4.5147680664062495,3.3456140136718746,4.4723388671875,1.714093959731518,0.778143049711711
1.08070556640625,2.8575769042968746,4.4723388671875,0.41073825503355477,0.37983003618292993
9.50976806640625,8.343114013671876,8.6150634765625,4.030872483221745,0.9618085570828412
6.07570556640625,8.343114013671876,8.6150634765625,2.6630872483222143,0.9440592137505637
9.50976806640625,7.855076904296874,8.6150634765625,4.021476510067381,0.9596436689899223
9.50976806640625,8.343114013671876,9.4223388671875,0.30738255033557005,0.07555305641160623
6.07570556640625,7.855076904296874,9.4223388671875,2.657718120805435,0.9421737131467601
7.01226806640625,0.8468640136718749,1.1900634765625002,0.7114093959731467,0.19113452583711904
3.57820556640625,0.8468640136718749,1.1900634765625002,0.38657718120805185,0.11632147646914442
7.01226806640625,5.356326904296875,1.1900634765625002,2.53959731543629,0.7928516500813181
7.01226806640625,0.8468640136718749,6.9473388671875,1.6295302013422577,0.49733000878665556
3.57820556640625,5.356326904296875,6.9473388671875,1.5651006711409166,0.8574199990273028
2.01726806640625,5.844364013671875,6.1400634765625,0.9570469798657597,0.794355068986753
8.57320556640625,5.844364013671875,6.1400634765625,3.5651006711411393,0.9338813863510088
2.01726806640625,0.35882690429687497,6.1400634765625,0.37181208053691117,0.0626782037065765
2.01726806640625,5.844364013671875,1.9973388671875,0.816107382550326,0.6689089031481907
8.57320556640625,0.35882690429687497,1.9973388671875,0.3946308724832195,0.05572501977342234
1.39289306640625,3.9703015136718744,0.5713134765625,0.40805369127516555,0.3446615269803698
5.4513305664062495,3.9703015136718744,0.5713134765625,1.4872483221476294,0.5692729798278289
1.39289306640625,7.230389404296874,0.5713134765625,0.5234899328859017,0.5122718613397423
1.39289306640625,3.9703015136718744,0.14108886718750002,0.3919463087248303,0.31164433944077424
5.4513305664062495,7.230389404296874,0.14108886718750002,1.5288590604026622,0.5860443478008462
6.38789306640625,8.967801513671875,5.5213134765625,2.7731543624161903,0.9414162563554604
0.45633056640625,8.967801513671875,5.5213134765625,0.4322147651006685,0.7119406195087001
6.38789306640625,2.2328894042968748,5.5213134765625,2.2778523489932985,0.7720325022425428
6.38789306640625,8.967801513671875,5.0910888671875,2.766442953020216,0.939133751184723
0.45633056640625,2.2328894042968748,5.0910888671875,0.3744966442953004,0.3120704156815114
8.88539306640625,1.4715515136718749,3.0463134765625,2.65906040268463,0.671028585347121
7.94883056640625,1.4715515136718749,3.0463134765625,2.2993288590604157,0.6397061665762989
8.88539306640625,4.731639404296875,3.0463134765625,3.5181208053693203,0.8920269093600346
8.88539306640625,1.4715515136718749,7.5660888671875,3.0308724832215974,0.76793066209544
7.94883056640625,4.731639404296875,7.5660888671875,3.2805369127518356,0.9193335931363359
3.89039306640625,6.469051513671874,7.9963134765625,1.7436241610737993,0.8944142338844108
2.95383056640625,6.469051513671874,7.9963134765625,1.3704697986576986,0.8695952912645941
3.89039306640625,9.729139404296875,7.9963134765625,1.8107382550335296,0.9289631874657528
3.89039306640625,6.469051513671874,2.6160888671875,1.6187919463087008,0.82924945039368
2.95383056640625,9.729139404296875,2.6160888671875,1.3543624161073633,0.8586393095575562
2.64164306640625,0.222176513671875,6.7588134765625,0.37046979865771656,0.03956032744219208
4.20258056640625,0.222176513671875,6.7588134765625,0.375838926174495,0.040040796141650986
2.64164306640625,8.479764404296875,6.7588134765625,1.2859060402684384,0.8859685358691068
2.64164306640625,0.222176513671875,1.3785888671875002,0.36644295302013274,0.036448531916475596
4.20258056640625,8.479764404296875,1.3785888671875002,1.696644295301988,0.8162692193488224
7.63664306640625,5.219676513671875,1.8088134765625001,2.924832214765206,0.8482168630587343
9.19758056640625,5.219676513671875,1.8088134765625001,3.542281879194827,0.8702188539390159
7.63664306640625,3.4822644042968744,1.8088134765625001,2.6912751677853057,0.7794955325653035
7.63664306640625,5.219676513671875,6.3285888671874995,3.1651006711410803,0.9190305802988943
9.19758056640625,3.4822644042968744,6.3285888671874995,3.652348993288803,0.8980284338964686
5.13914306640625,2.7209265136718748,9.2338134765625,1.9812080536912446,0.8089421713916791
1.70508056640625,2.7209265136718748,9.2338134765625,0.6308724832214703,0.5522580987358378
5.13914306640625,0.983514404296875,9.2338134765625,1.2013422818791781,0.4712921049415434
5.13914306640625,2.7209265136718748,8.8035888671875,1.9744966442952716,0.8061618344796186
1.70508056640625,0.983514404296875,8.8035888671875,0.38926174496644106,0.16761254420271227
0.14414306640625002,7.718426513671874,4.2838134765625,0.3744966442953004,0.6462798518887242
6.70008056640625,7.718426513671874,4.2838134765625,2.846979865771906,0.9271763526113415
0.14414306640625002,5.981014404296874,4.2838134765625,0.37181208053691117,0.5765160346258972
0.14414306640625002,7.718426513671874,3.8535888671875003,0.3731543624161058,0.6410261596521762
6.70008056640625,5.981014404296874,3.8535888671875003,2.7718120805369955,0.9025234226948471
0.10511962890625,2.2914538574218746,6.6427978515624995,0.36644295302013274,0.31962262194636853
2.2123852539062496,2.2914538574218746,6.6427978515624995,0.703355704697979,0.5191629973309978
0.10511962890625,0.163612060546875,6.6427978515624995,0.36375838926174353,0.02896500228827415
0.10511962890625,2.2914538574218746,6.0578857421875,0.36644295302013274,0.3186953737902452
2.2123852539062496,0.163612060546875,6.0578857421875,0.36778523489932735,0.029097965365565033
5.10011962890625,7.288953857421874,1.6927978515625002,2.045637583892593,0.8398695763990263
7.20738525390625,7.288953857421874,1.6927978515625002,2.876510067114192,0.8781589611298088
5.10011962890625,5.161112060546874,1.6927978515625002,1.9033557046979575,0.7804047050652274
5.10011962890625,7.288953857421874,1.1078857421875001,1.928859060402655,0.7907845752032727
7.20738525390625,5.161112060546874,1.1078857421875001,2.563758389261797,0.7811001460048301
7.59761962890625,4.790203857421875,9.1177978515625,3.159731543624301,0.9217188788200852
4.70988525390625,4.790203857421875,9.1177978515625,2.0093959731543327,0.8827075488819011
7.59761962890625,7.659862060546875,9.1177978515625,3.2590604026847183,0.9507346857971273
7.59761962890625,4.790203857421875,3.5828857421875,3.0442953020135457,0.8875984319451498
4.70988525390625,7.659862060546875,3.5828857421875,2.0348993288590345,0.8936125916145241
2.60261962890625,9.787703857421874,4.1677978515625,1.2617449664429354,0.8784798692181728
9.70488525390625,9.787703857421874,4.1677978515625,4.084563758389538,0.9568200233999504
2.60261962890625,2.6623620605468745,4.1677978515625,0.8483221476509966,0.5735687116729288
2.60261962890625,9.787703857421874,8.5328857421875,1.3020134228187736,0.9069830716833824
9.70488525390625,2.6623620605468745,8.5328857421875,3.778523489933117,0.885071281506469
3.85136962890625,3.5408288574218747,0.4552978515625,0.8805369127516671,0.4347130233323
8.45613525390625,3.5408288574218747,0.4552978515625,2.2953020134228312,0.6027396823897871
3.85136962890625,3.9117370605468746,0.4552978515625,0.9342281879194514,0.4648693459342807
3.85136962890625,3.5408288574218747,7.2953857421874995,1.5503355704697759,0.8008110179837191
8.45613525390625,3.9117370605468746,7.2953857421874995,3.418791946308903,0.9066225953924474
8.84636962890625,8.538328857421876,5.4052978515625,3.740939597315662,0.9527928505236338
3.46113525390625,8.538328857421876,5.4052978515625,1.5986577181207817,0.8989140242266864
8.84636962890625,8.909237060546875,5.4052978515625,3.747651006711636,0.9545186967618069
8.84636962890625,8.538328857421876,2.3453857421875,3.6429530201344393,0.9275247652386232
3.46113525390625,8.909237060546875,2.3453857421875,1.5194630872483,0.8536017940443105
6.34886962890625,1.042078857421875,2.9302978515625,1.26308724832213,0.412435327803506
5.95863525390625,1.042078857421875,2.9302978515625,1.130201342281864,0.3854740257757584
6.34886962890625,6.410487060546874,2.9302978515625,2.610738255033616,0.8905215565480236
6.34886962890625,1.042078857421875,4.8203857421875,1.5046979865771593,0.5004669081554789
5.95863525390625,6.410487060546874,4.8203857421875,2.5221476510067573,0.9089115952572103
1.35386962890625,6.0395788574218745,7.8802978515625,0.7208053691275089,0.7645313932403207
0.96363525390625,6.0395788574218745,7.8802978515625,0.5691275167785184,0.7145624432969166
1.35386962890625,1.4129870605468748,7.8802978515625,0.3932885906040249,0.22890846685862493
1.35386962890625,6.0395788574218745,9.7703857421875,0.7315436241610658,0.7770849593413699
0.96363525390625,1.4129870605468748,9.7703857421875,0.38389261744966263,0.22758333395615937
1.97824462890625,4.1655163574218745,3.5490478515625004,0.7798657718120716,0.6446470128406091
2.8367602539062498,4.1655163574218745,3.5490478515625004,1.1073825503355557,0.7196942366191976
1.97824462890625,5.785799560546875,3.5490478515625004,0.8832214765100563,0.7395119491796958
1.97824462890625,4.1655163574218745,7.9141357421875,0.8724832214764995,0.7302877527963365
2.8367602539062498,5.785799560546875,7.9141357421875,1.2993288590603844,0.8494676041693817
6.97324462890625,9.163016357421876,8.4990478515625,3.033557046979987,0.9542946872600073
7.83176025390625,9.163016357421876,8.4990478515625,3.3758389261746684,0.9586913618897777
6.97324462890625,0.7882995605468749,8.4990478515625,1.5865771812080303,0.4851489919599521
6.97324462890625,9.163016357421876,2.9641357421875,2.9503355704699077,0.9278038691676622
7.83176025390625,0.7882995605468749,2.9641357421875,1.3597315436241417,0.3671069805532709
9.47074462890625,1.6667663574218747,1.0740478515625,2.314093959731559,0.5470790832779826
0.33926025390625003,1.6667663574218747,1.0740478515625,0.36644295302013274,0.23025192364443214
9.47074462890625,3.287049560546875,1.0740478515625,3.0765100671142216,0.7338630610162986
9.47074462890625,1.6667663574218747,0.4891357421875,1.8201342281878918,0.4251923559904268
0.33926025390625003,3.287049560546875,0.4891357421875,0.36778523489932735,0.3628560361607032
4.4757446289062495,6.664266357421875,6.0240478515625,1.9624161073825201,0.8988773210275103
5.33426025390625,6.664266357421875,6.0240478515625,2.303355704698,0.9120265737224753
4.4757446289062495,8.284549560546875,6.0240478515625,2.0040268456375534,0.9180242067037969
4.4757446289062495,6.664266357421875,5.4391357421875,1.953020134228158,0.8945384111874581
5.33426025390625,8.284549560546875,5.4391357421875,2.3382550335570658,0.9258648452139211
3.2269946289062497,0.417391357421875,9.7365478515625,0.38389261744966263,0.0758998671173299
6.58301025390625,0.417391357421875,9.7365478515625,0.42953020134227926,0.08464522997654733
3.2269946289062497,9.533924560546875,9.7365478515625,1.5516778523489705,0.92115643746436
3.2269946289062497,0.417391357421875,9.1516357421875,0.38389261744966263,0.07573788529983445
6.58301025390625,9.533924560546875,9.1516357421875,2.8872483221477507,0.9550308024026185
8.22199462890625,5.414891357421874,4.7865478515625,3.3771812080538632,0.9182460275475284
1.58801025390625,5.414891357421874,4.7865478515625,0.7476510067114011,0.7178434443599924
8.22199462890625,4.536424560546875,4.7865478515625,3.3208053691276804,0.9028563427158223
8.22199462890625,5.414891357421874,4.2016357421874995,3.3597315436243305,0.9134330498926064
1.58801025390625,4.536424560546875,4.2016357421874995,0.6845637583892545,0.6489295641503315
5.72449462890625,2.916141357421875,7.2615478515625,2.2134228187919467,0.8251200369018088
9.08051025390625,2.916141357421875,7.2615478515625,3.5489932885908013,0.8827540095702948
5.72449462890625,2.0376745605468747,7.2615478515625,2.016107382550307,0.7504195245101317
5.72449462890625,2.916141357421875,1.7266357421875,1.8080536912751404,0.669528333410073
9.08051025390625,2.0376745605468747,1.7266357421875,2.7543624161074627,0.6815213774776314
0.72949462890625,7.9136413574218745,2.3115478515625,0.4590604026845606,0.6307918797527347
4.08551025390625,7.9136413574218745,2.3115478515625,1.734228187919437,0.8545400481218042
0.72949462890625,7.035174560546874,2.3115478515625,0.4416107382550307,0.5940930666088269
0.72949462890625,7.9136413574218745,6.6766357421875,0.5181208053691233,0.7397517672463257
4.08551025390625,7.035174560546874,6.6766357421875,1.8255033557046703,0.9004383245444886
1.0416821289062501,2.6037976074218747,8.1896728515625,0.413422818791944,0.3798168928725715
5.64644775390625,2.6037976074218747,8.1896728515625,2.1449664429530104,0.8089090119509582
1.0416821289062501,2.9747058105468747,8.1896728515625,0.42953020134227926,0.428026132986146
1.0416821289062501,2.6037976074218747,3.8922607421875,0.3986577181208033,0.3467060293060968
5.64644775390625,2.9747058105468747,3.8922607421875,2.071140939597295,0.780104261502938
6.03668212890625,7.601297607421874,3.2396728515625,2.547651006711459,0.9077584171019086
0.65144775390625,7.601297607421874,3.2396728515625,0.44832214765100376,0.6439533935291375
6.03668212890625,7.972205810546874,3.2396728515625,2.5597315436242125,0.9120725638280337
6.03668212890625,7.601297607421874,8.8422607421875,2.633557046979928,0.9387756430235765
0.65144775390625,7.972205810546874,8.8422607421875,0.5006711409395934,0.7484259739784065
8.53418212890625,0.105047607421875,5.7146728515625,0.3744966442953004,0.018990052249014174
8.14394775390625,0.105047607421875,5.7146728515625,0.3731543624161058,0.018896825372169017
8.53418212890625,5.4734558105468745,5.7146728515625,3.5248322147652944,0.9270882126559581
8.53418212890625,0.105047607421875,6.3672607421875,0.3744966442953004,0.019069529564613243
8.14394775390625,5.4734558105468745,6.3672607421875,3.3812080536914477,0.9272957795804974
3.53918212890625,5.102547607421874,0.7646728515625,1.0872483221476366,0.5900377516471388
3.14894775390625,5.102547607421874,0.7646728515625,0.9610738255033435,0.567745301777532
3.53918212890625,0.47595581054687497,0.7646728515625,0.37181208053691117,0.06965975957867342
3.53918212890625,5.102547607421874,1.4172607421875,1.2510067114093786,0.6855530562456883
3.14894775390625,0.47595581054687497,1.4172607421875,0.3731543624161058,0.07361279796458428
4.78793212890625,1.3544226074218748,4.4771728515625,1.187919463087232,0.4983967175983608
4.39769775390625,1.3544226074218748,4.4771728515625,1.0456375838926038,0.46491825045006624
4.78793212890625,1.7253308105468748,4.4771728515625,1.4053691275167584,0.6004218798920736
4.78793212890625,1.3544226074218748,2.6547607421875004,0.9906040268456249,0.40561865911331907
4.39769775390625,1.7253308105468748,2.6547607421875004,1.0805369127516635,0.4845754243483661
9.78293212890625,6.351922607421875,9.4271728515625,4.0966442953022915,0.9528223508293351
9.39269775390625,6.351922607421875,9.4271728515625,3.9409395973156913,0.9510400187473242
9.78293212890625,6.722830810546874,9.4271728515625,4.10738255033585,0.9553255483174741
9.78293212890625,6.351922607421875,7.6047607421875,4.083221476510343,0.9496501119448821
9.39269775390625,6.722830810546874,7.6047607421875,3.9395973154364965,0.9506606198828875
7.28543212890625,3.8531726074218744,2.0021728515625,2.65906040268463,0.803296842748354
1.90019775390625,3.8531726074218744,2.0021728515625,0.6335570469798595,0.5193581055805165
7.28543212890625,9.221580810546875,2.0021728515625,3.017449664429649,0.9128932150278886
7.28543212890625,3.8531726074218744,5.1297607421875,2.899328859060504,0.8773028835972085
1.90019775390625,9.221580810546875,5.1297607421875,0.9879194630872357,0.8544659013505318
2.2904321289062497,8.850672607421876,6.9521728515625,1.154362416107367,0.8803238778272435
6.89519775390625,8.850672607421876,6.9521728515625,2.986577181208168,0.9487785020787174
2.2904321289062497,4.224080810546875,6.9521728515625,0.9879194630872357,0.75021096742986
2.2904321289062497,8.850672607421876,0.1797607421875,0.7221476510067035,0.529391452107112
6.89519775390625,4.224080810546875,0.1797607421875,1.6671140939597067,0.5202961562561438
1.66605712890625,0.729735107421875,1.3834228515625002,0.37046979865771656,0.11030161133905446
8.76832275390625,0.729735107421875,1.3834228515625002,1.0053691275167655,0.23440319090235268
1.66605712890625,8.596893310546875,1.3834228515625002,0.740939597315428,0.6874549604419009
1.66605712890625,0.729735107421875,2.0360107421875,0.37181208053691117,0.11321948405228566
8.76832275390625,8.596893310546875,2.0360107421875,3.589261744966646,0.9210511763626803
6.66105712890625,5.727235107421874,6.3334228515625,2.8013422818792817,0.9170257524979726
3.7733227539062497,5.727235107421874,6.3334228515625,1.652348993288566,0.8681856166793482
6.66105712890625,3.5993933105468745,6.3334228515625,2.65637583892624,0.8693701680819976
6.66105712890625,5.727235107421874,6.9860107421875,2.8093959731544507,0.91970903256959
3.7733227539062497,3.5993933105468745,6.9860107421875,1.5208053691274945,0.7983089051801826
9.15855712890625,3.2284851074218746,3.8584228515625,3.506040268456567,0.8649695780714073
6.27082275390625,3.2284851074218746,3.8584228515625,2.359731543624183,0.8129980244226314
9.15855712890625,1.1006433105468747,3.8584228515625,2.531543624161121,0.6201265510813236
9.15855712890625,3.2284851074218746,9.4610107421875,3.6563758389263876,0.9026357322877159
6.27082275390625,1.1006433105468747,9.4610107421875,1.771812080536886,0.6041921415856952
4.16355712890625,8.225985107421875,8.8084228515625,1.9006711409395682,0.9234464946607186
1.27582275390625,8.225985107421875,8.8084228515625,0.7503355704697903,0.8268698908886132
4.16355712890625,6.098143310546875,8.8084228515625,1.8456375838925894,0.8966773391667875
4.16355712890625,8.225985107421875,4.5110107421875,1.8563758389261462,0.9016779135506141
1.27582275390625,6.098143310546875,4.5110107421875,0.652348993288584,0.7094980688389301
2.91480712890625,4.477860107421875,5.0959228515624995,1.2174496644295134,0.7784535563912436
0.027072753906250004,4.477860107421875,5.0959228515624995,0.36375838926174353,0.4941536690142091
2.91480712890625,7.347518310546874,5.0959228515624995,1.3476510067113903,0.8634082647093609
2.91480712890625,4.477860107421875,0.7985107421875,0.8402684563758289,0.5202447671393807
0.027072753906250004,7.347518310546874,0.7985107421875,0.36375838926174353,0.6030095942863726
7.90980712890625,9.475360107421874,0.1459228515625,2.460402684563795,0.6882859015986516
5.02207275390625,9.475360107421874,0.1459228515625,1.5275167785234676,0.6289648185080432
7.90980712890625,2.350018310546875,0.1459228515625,1.4161073825503152,0.3853162378338568
7.90980712890625,9.475360107421874,5.7485107421874995,3.3892617449666167,0.9540231121321963
5.02207275390625,2.350018310546875,5.7485107421874995,1.7798657718120536,0.7391821533524432
5.41230712890625,1.9791101074218747,7.5709228515625,1.8818791946308437,0.7340968760041378
2.52457275390625,1.9791101074218747,7.5709228515625,0.7583892617449579,0.5111927165626371
5.41230712890625,4.848768310546874,7.5709228515625,2.2765100671141036,0.8904160427715924
5.41230712890625,1.9791101074218747,8.2235107421875,1.897986577181179,0.7405940594184771
2.52457275390625,4.848768310546874,8.2235107421875,1.1342281879194478,0.8065939967543135
0.41730712890625,6.976610107421874,2.6209228515625003,0.3919463087248303,0.5919130721460644
7.51957275390625,6.976610107421874,2.6209228515625003,3.080536912751806,0.9064034130555956
0.41730712890625,9.846268310546876,2.6209228515625003,0.40939597315436016,0.6750902617196723
0.41730712890625,6.976610107421874,3.2735107421875003,0.3946308724832195,0.6033847878958114
7.51957275390625,9.846268310546876,3.2735107421875003,3.1932885906041717,0.9398747462324799
0.57340087890625,4.946375732421875,1.2287353515625001,0.382550335570468,0.4613792060496516
7.05129150390625,4.946375732421875,1.2287353515625001,2.5221476510067573,0.7834198593113775
0.57340087890625,1.2568151855468748,1.2287353515625001,0.36778523489932735,0.18181648006192064
0.57340087890625,4.946375732421875,4.6656982421875,0.4013422818791925,0.5296019824132887
7.05129150390625,1.2568151855468748,4.6656982421875,1.9812080536912446,0.6111719761445411
5.56840087890625,9.943875732421875,6.1787353515625,2.469798657718159,0.9431336474050994
2.05629150390625,9.943875732421875,6.1787353515625,1.0711409395973013,0.8795371860491699
5.56840087890625,6.254315185546875,6.1787353515625,2.3852348993288848,0.9107465847217537
5.56840087890625,9.943875732421875,9.6156982421875,2.4899328859060814,0.9509207461568309
2.05629150390625,6.254315185546875,9.6156982421875,1.0161073825503224,0.8340375165406861
8.06590087890625,2.4476257324218746,3.7037353515625,2.891275167785335,0.7986693548179957
9.54879150390625,2.4476257324218746,3.7037353515625,3.4791946308726702,0.8262548075064733
8.06590087890625,8.753065185546875,3.7037353515625,3.40134228187937,0.9407772279902689
8.06590087890625,2.4476257324218746,7.1406982421875,3.0536912751679095,0.8444088178464918
9.54879150390625,8.753065185546875,7.1406982421875,4.042953020134498,0.961191808893987
3.07090087890625,7.445125732421874,8.6537353515625,1.4469798657717912,0.8918849891269269
4.5537915039062495,7.445125732421874,8.6537353515625,2.038926174496619,0.9209525775045821
3.07090087890625,3.7555651855468746,8.6537353515625,1.2791946308724653,0.7871865248835033
3.07090087890625,7.445125732421874,2.1906982421875,1.307382550335552,0.8039226703200613
4.5537915039062495,3.7555651855468746,2.1906982421875,1.6093959731543386,0.7233852480201282
4.31965087890625,1.1982507324218747,7.4162353515624995,1.0456375838926038,0.47081496212729695
3.3050415039062497,1.1982507324218747,7.4162353515624995,0.6738255033556977,0.34394288796489025
4.31965087890625,2.506190185546875,7.4162353515624995,1.5852348993288357,0.7454590422473967
4.31965087890625,1.1982507324218747,3.4281982421875004,0.809395973154353,0.34763415388461405
3.3050415039062497,2.506190185546875,3.4281982421875004,1.0322147651006577,0.5892206921542701
9.31465087890625,6.195750732421875,2.4662353515625,3.7422818791948567,0.909419113143219
8.30004150390625,6.195750732421875,2.4662353515625,3.339597315436408,0.900071280060569
9.31465087890625,7.5036901855468745,2.4662353515625,3.802684563758624,0.9242063733711383
9.31465087890625,6.195750732421875,8.3781982421875,3.897986577181457,0.9477595991916514
8.30004150390625,7.5036901855468745,8.3781982421875,3.5302013422820737,0.9520236200683163
6.81715087890625,3.6970007324218748,9.8912353515625,2.7771812080537748,0.8910266926246204
0.80754150390625,3.6970007324218748,9.8912353515625,0.42550335570469544,0.4937007660775943
6.81715087890625,5.004940185546874,9.8912353515625,2.8657718120806335,0.9194896085382016
6.81715087890625,3.6970007324218748,5.9031982421875,2.7181208053692023,0.8718040658911193
0.80754150390625,5.004940185546874,5.9031982421875,0.457718120805366,0.5841030653436188
1.82215087890625,8.694500732421876,4.9412353515625,0.9436241610738136,0.8384882589693464
5.80254150390625,8.694500732421876,4.9412353515625,2.526174496644342,0.9313616413247823
1.82215087890625,0.007440185546875,4.9412353515625,0.36375838926174353,0.0013299324070123785
1.82215087890625,8.694500732421876,0.9531982421875,0.7463087248322064,0.6511445118655299
5.80254150390625,0.007440185546875,0.9531982421875,0.36375838926174353,0.0012673338355167403
2.44652587890625,1.8229382324218748,9.2724853515625,0.7087248322147575,0.47987524906366763
7.67566650390625,1.8229382324218748,9.2724853515625,2.7637583892618265,0.7983936595751382
2.44652587890625,6.879002685546874,9.2724853515625,1.187919463087232,0.8649065895028516
2.44652587890625,1.8229382324218748,1.5719482421875002,0.42416107382550083,0.2330579951413017
7.67566650390625,6.879002685546874,1.5719482421875002,3.018791946308844,0.8717320541088533
7.4415258789062495,6.820438232421874,4.3224853515624995,3.1154362416108716,0.9254300626009562
2.68066650390625,6.820438232421874,4.3224853515624995,1.2241610738254864,0.8336913713312482
7.4415258789062495,1.8815026855468748,4.3224853515624995,2.4979865771812504,0.740199994712494
7.4415258789062495,6.820438232421874,6.5219482421874995,3.1543624161075217,0.9371319484348679
2.68066650390625,1.8815026855468748,6.5219482421874995,0.7624161073825417,0.48967869342897474
9.93902587890625,4.321688232421875,6.7974853515625,4.034899328859329,0.9249311077492356
5.17816650390625,4.321688232421875,6.7974853515625,2.139597315436231,0.8684390935367292
9.93902587890625,4.380252685546875,6.7974853515625,4.038926174496914,0.9258608866548769
9.93902587890625,4.321688232421875,8.9969482421875,4.061744966443226,0.9311834389590024
5.17816650390625,4.380252685546875,8.9969482421875,2.1691275167785173,0.8806213607385505
4.94402587890625,9.319188232421874,1.8474853515625,2.077852348993269,0.8760580605950712
0.18316650390625,9.319188232421874,1.8474853515625,0.3744966442953004,0.6580477455945419
4.94402587890625,9.377752685546875,1.8474853515625,2.0805369127516586,0.8771730310066599
4.94402587890625,9.319188232421874,4.0469482421875,2.181208053691271,0.9202823966230469
0.18316650390625,9.377752685546875,4.0469482421875,0.3798657718120788,0.6903732900331232
3.6952758789062496,3.0723132324218745,3.0849853515625,1.2671140939597139,0.6710860000873053
1.43191650390625,3.0723132324218745,3.0849853515625,0.46711409395972825,0.4146764794429985
3.6952758789062496,8.128377685546875,3.0849853515625,1.628187919463063,0.8693654639681718
3.6952758789062496,3.0723132324218745,0.3344482421875,0.7181208053691197,0.35488849662838884
1.43191650390625,8.128377685546875,0.3344482421875,0.5234899328859017,0.5029899134695757
8.69027587890625,8.069813232421875,8.0349853515625,3.6953020134230377,0.9564046372219572
6.42691650390625,8.069813232421875,8.0349853515625,2.7946308724833075,0.9437930963840462
8.69027587890625,3.1308776855468747,8.0349853515625,3.4389261744968254,0.8899002408806345
8.69027587890625,8.069813232421875,5.2844482421875,3.6671140939599463,0.9490193936187523
6.42691650390625,3.1308776855468747,5.2844482421875,2.4738255033557435,0.8348313452138194
6.19277587890625,0.573563232421875,0.6099853515625,0.38523489932885724,0.0734127078839991
3.92941650390625,0.573563232421875,0.6099853515625,0.3744966442953004,0.07901528572562627
6.19277587890625,0.6321276855468749,0.6099853515625,0.38926174496644106,0.079010479867266
6.19277587890625,0.573563232421875,7.7594482421875,0.7436241610738172,0.21667666649110356
3.92941650390625,0.6321276855468749,7.7594482421875,0.40805369127516555,0.11558430228750582
1.19777587890625,5.571063232421874,5.5599853515625,0.6187919463087188,0.6939022900017963
8.92441650390625,5.571063232421874,5.5599853515625,3.6818791946310894,0.9303059694256801
1.19777587890625,5.6296276855468745,5.5599853515625,0.621476510067108,0.6974237788731696
1.19777587890625,5.571063232421874,2.8094482421875,0.5570469798657669,0.6105388107508858
8.92441650390625,5.6296276855468745,2.8094482421875,3.581208053691477,0.9045228021643064
0.88558837890625,0.261219482421875,4.0131103515625,0.36510067114093814,0.04487886844118681
1.11972900390625,0.261219482421875,4.0131103515625,0.36644295302013274,0.04507437507897359
0.88558837890625,4.067908935546875,4.0131103515625,0.4228187919463062,0.47711854893319205
0.88558837890625,0.261219482421875,5.5938232421875,0.36510067114093814,0.045386836109924486
1.11972900390625,4.067908935546875,5.5938232421875,0.5114093959731503,0.5628225090437536
5.88058837890625,5.258719482421874,8.9631103515625,2.4979865771812504,0.9105994774243985
6.11472900390625,5.258719482421874,8.9631103515625,2.5906040268456936,0.9132884899627509
5.88058837890625,9.065408935546875,8.9631103515625,2.6000000000000574,0.9478405332575288
5.88058837890625,5.258719482421874,0.6438232421875,1.8563758389261462,0.6715194848486644
6.11472900390625,9.065408935546875,0.6438232421875,2.233557046979869,0.7848106290189365
8.37808837890625,2.759969482421875,1.5381103515625,2.7154362416108127,0.7231177989668297
3.61722900390625,2.759969482421875,1.5381103515625,0.973154362416095,0.5121104414524258
8.37808837890625,6.566658935546874,1.5381103515625,3.2711409395974718,0.8738210824281586
8.37808837890625,2.759969482421875,3.1188232421875,3.0389261744967664,0.8115324603253408
3.61722900390625,6.566658935546874,3.1188232421875,1.5436241610738028,0.8378065455484873
3.38308837890625,7.757469482421874,6.4881103515625,1.5624161073825273,0.8942623491750852
8.61222900390625,7.757469482421874,6.4881103515625,3.644295302013634,0.9508178346525913
3.38308837890625,1.5691589355468747,6.4881103515625,0.8966442953020024,0.48863026030290424
3.38308837890625,7.757469482421874,8.0688232421875,1.5758389261744734,0.9020199863785521
8.61222900390625,1.5691589355468747,8.0688232421875,2.993288590604142,0.7801745639952713
4.63183837890625,4.0093444824218745,7.7256103515625,1.9100671140939305,0.8505177133168342
9.86097900390625,4.0093444824218745,7.7256103515625,3.9932885906042896,0.9220019327433401
4.63183837890625,0.31978393554687495,7.7256103515625,0.38523489932885724,0.05835851530912413
4.63183837890625,4.0093444824218745,6.8313232421875,1.897986577181179,0.8449988801118045
9.86097900390625,0.31978393554687495,6.8313232421875,0.5154362416107341,0.08174986184645498
9.62683837890625,9.006844482421876,2.7756103515625004,3.991946308725095,0.9418391042907694
4.86597900390625,9.006844482421876,2.7756103515625004,2.102013422818776,0.8984324543976634
9.62683837890625,5.317283935546874,2.7756103515625004,3.8375838926176895,0.905168145287319
9.62683837890625,9.006844482421876,1.8813232421875001,3.926174496644548,0.92611515472904
4.86597900390625,5.317283935546874,1.8813232421875001,1.8563758389261462,0.7918412539185208
7.12933837890625,1.5105944824218749,5.2506103515625,2.2483221476510122,0.690610047802606
7.36347900390625,1.5105944824218749,5.2506103515625,2.3409395973154554,0.6992342328015287
7.12933837890625,7.816033935546875,5.2506103515625,3.0389261744967664,0.937498757345116
7.12933837890625,1.5105944824218749,4.3563232421875,2.178523489932881,0.6682785661689399
7.36347900390625,7.816033935546875,4.3563232421875,3.1154362416108716,0.9341161139968088
2.13433837890625,6.508094482421875,0.30061035156250004,0.6322147651006649,0.47727468891545444
2.3684790039062498,6.508094482421875,0.30061035156250004,0.6912751677852276,0.4901463736682043
2.13433837890625,2.8185339355468746,0.30061035156250004,0.40671140939597095,0.24955153687945802
2.13433837890625,6.508094482421875,9.3063232421875,1.0536912751677714,0.8434392747646514
2.3684790039062498,2.8185339355468746,9.3063232421875,0.9006711409395862,0.661160946238569
1.50996337890625,3.3846569824218746,5.8693603515624995,0.5973154362416051,0.5656291357683969
4.24160400390625,3.3846569824218746,5.8693603515624995,1.6577181208053444,0.7922565581625776
1.50996337890625,9.690096435546875,5.8693603515624995,0.8483221476509966,0.8479182259409118
1.50996337890625,3.3846569824218746,8.6875732421875,0.6322147651006649,0.6076914460342522
4.24160400390625,9.690096435546875,8.6875732421875,1.9543624161073525,0.9354115692502208
6.5049633789062495,8.382156982421876,0.9193603515625,2.471140939597354,0.8240401553818761
9.23660400390625,8.382156982421876,0.9193603515625,3.535570469798853,0.8649271202570351
6.5049633789062495,4.692596435546874,0.9193603515625,2.155704697986569,0.7166702751203102
6.5049633789062495,8.382156982421876,3.7375732421875,2.7731543624161903,0.9265693882647882
9.23660400390625,4.692596435546874,3.7375732421875,3.6953020134230377,0.9049718126290409
9.00246337890625,0.8859069824218749,8.3443603515625,2.5355704697987056,0.6315262611472786
1.74410400390625,0.8859069824218749,8.3443603515625,0.38657718120805185,0.15165005045518481
9.00246337890625,2.1938464355468748,8.3443603515625,3.3906040268458115,0.8498739806085464
9.00246337890625,0.8859069824218749,1.2625732421875002,1.3342281879194442,0.31671016088658377
1.74410400390625,2.1938464355468748,1.2625732421875002,0.3973154362416087,0.2570189674259924
4.00746337890625,5.883406982421874,3.3943603515625003,1.6791946308724581,0.8404034698341035
6.73910400390625,5.883406982421874,3.3943603515625003,2.7637583892618265,0.8952560921520996
4.00746337890625,7.191346435546874,3.3943603515625003,1.734228187919437,0.8682684238058376
4.00746337890625,5.883406982421874,6.2125732421875,1.7503355704697723,0.876677822980446
6.73910400390625,7.191346435546874,6.2125732421875,2.8818791946309714,0.9339018640446803
2.7587133789062497,2.135281982421875,2.1568603515625,0.6362416107382487,0.38455072026686987
5.4903540039062495,2.135281982421875,2.1568603515625,1.5718120805368896,0.5997467177335718
2.7587133789062497,5.941971435546875,2.1568603515625,1.112751677852334,0.7387637018447872
2.7587133789062497,2.135281982421875,9.9250732421875,0.9275167785234784,0.6046979375482658
5.4903540039062495,5.941971435546875,9.9250732421875,2.375838926174521,0.9182340790559893
7.75371337890625,7.132781982421874,7.1068603515625,3.292617449664589,0.9433625635405515
0.49535400390625,7.132781982421874,7.1068603515625,0.42684563758389005,0.6667396429915966
7.75371337890625,0.944471435546875,7.1068603515625,2.0751677852348793,0.5878772813249655
7.75371337890625,7.132781982421874,4.9750732421874995,3.2644295302014976,0.9351691836154699
0.49535400390625,0.944471435546875,4.9750732421874995,0.36778523489932735,0.1513063517940143
5.25621337890625,4.634031982421875,4.6318603515625,2.1449664429530104,0.8595079692920097
7.98785400390625,4.634031982421875,4.6318603515625,3.230872483221627,0.9012634519004841
5.25621337890625,3.4432214355468744,4.6318603515625,2.0281879194630603,0.8122361552442299
5.25621337890625,4.634031982421875,2.5000732421875003,2.024161073825476,0.8101323068159996
7.98785400390625,3.4432214355468744,2.5000732421875003,2.948993288590713,0.8216626482345311
0.26121337890625,9.631531982421874,9.5818603515625,0.4013422818791925,0.7372442762122808
2.99285400390625,9.631531982421874,9.5818603515625,1.4590604026845426,0.917018163746051
0.26121337890625,8.440721435546875,9.5818603515625,0.3959731543624141,0.7026322978481963
0.26121337890625,9.631531982421874,7.4500732421875,0.3986577181208033,0.7273116211799684
2.99285400390625,8.440721435546875,7.4500732421875,1.4295302013422613,0.898318163863299
0.18316650390625,3.6189147949218747,4.8638916015625,0.37046979865771656,0.4364239614556723
9.31465087890625,3.6189147949218747,4.8638916015625,3.6711409395975307,0.8922860457692453
0.18316650390625,6.332401123046874,4.8638916015625,0.375838926174495,0.596877462609425
0.18316650390625,3.6189147949218747,9.0742919921875,0.37181208053691117,0.4475198794613806
9.31465087890625,6.332401123046874,9.0742919921875,3.9073825503358206,0.9500639220545617
5.17816650390625,8.616414794921875,9.8138916015625,2.3154362416107537,0.9401774803070024
4.31965087890625,8.616414794921875,9.8138916015625,1.9744966442952716,0.9311794995787298
5.17816650390625,1.3349011230468748,9.8138916015625,1.5409395973154136,0.6183061895440015
5.17816650390625,8.616414794921875,4.1242919921875,2.2604026845637657,0.9175496538743977
4.31965087890625,1.3349011230468748,4.1242919921875,0.9771812080536788,0.4366302325781164
7.67566650390625,1.1201647949218747,2.3888916015625004,1.703355704697961,0.4808126073879222
6.81715087890625,1.1201647949218747,2.3888916015625004,1.4053691275167584,0.43540211262948314
7.67566650390625,3.8336511230468746,2.3888916015625004,2.8724832214766076,0.8292105472780823
7.67566650390625,1.1201647949218747,1.6492919921875002,1.4657718120805157,0.40867422260093866
6.81715087890625,3.8336511230468746,1.6492919921875002,2.3959731543624434,0.7663889475379086
2.68066650390625,6.1176647949218745,7.3388916015625,1.2442953020134055,0.8479673224860196
1.82215087890625,6.1176647949218745,7.3388916015625,0.9033557046979754,0.8019532502990103
2.68066650390625,8.831151123046874,7.3388916015625,1.3114093959731359,0.89405816909944
2.68066650390625,6.1176647949218745,6.5992919921875,1.236241610738238,0.8423653178036693
1.82215087890625,8.831151123046874,6.5992919921875,0.9637583892617327,0.856919401567531
3.92941650390625,2.3695397949218746,8.5763916015625,1.4228187919462882,0.7210563772479368
0.57340087890625,2.3695397949218746,8.5763916015625,0.382550335570468,0.33898567837967464
3.92941650390625,7.5817761230468745,8.5763916015625,1.791946308724805,0.912013856176453
3.92941650390625,2.3695397949218746,7.8367919921875,1.4093959731543422,0.7139013093754637
0.57340087890625,7.5817761230468745,7.8367919921875,0.4617449664429498,0.7109237850044658
8.92441650390625,7.367039794921874,3.6263916015625,3.702013422819012,0.9353034911389451
5.56840087890625,7.367039794921874,3.6263916015625,2.369127516778547,0.9043694491055119
8.92441650390625,2.5842761230468745,3.6263916015625,3.261744966443108,0.8233191052884572
8.92441650390625,7.367039794921874,2.8867919921875003,3.669798657718336,0.9270522306030908
5.56840087890625,2.5842761230468745,2.8867919921875003,1.8630872483221192,0.7080555678348898
6.42691650390625,4.868289794921875,6.1013916015625,2.6604026845638247,0.898286536878459
3.07090087890625,4.868289794921875,6.1013916015625,1.3261744966442766,0.8165256746836651
6.42691650390625,0.085526123046875,6.1013916015625,0.36912751677852196,0.01534867516187534
6.42691650390625,4.868289794921875,0.41179199218750007,1.8348993288590325,0.6129865724550778
3.07090087890625,0.085526123046875,0.41179199218750007,0.36375838926174353,0.013936794214181985
1.43191650390625,9.865789794921875,1.1513916015625,0.6684563758389193,0.6772522628312593
8.06590087890625,9.865789794921875,1.1513916015625,3.2187919463088734,0.8895261019537293
1.43191650390625,5.083026123046874,1.1513916015625,0.5100671140939557,0.48378447022897
1.43191650390625,9.865789794921875,5.3617919921874995,0.8147651006711314,0.8403041708563603
8.06590087890625,5.083026123046874,5.3617919921874995,3.3114093959733166,0.9158832418597047
2.05629150390625,0.495477294921875,5.4826416015624995,0.375838926174495,0.0853133689410087
6.19277587890625,0.495477294921875,5.4826416015624995,0.42684563758389005,0.09262427313715
2.05629150390625,1.9595886230468746,5.4826416015624995,0.5382550335570424,0.3805718935674349
2.05629150390625,0.495477294921875,7.2180419921875,0.3771812080536896,0.08678761456833692
6.19277587890625,1.9595886230468746,7.2180419921875,2.1744966442952967,0.7568695833063965
7.05129150390625,5.492977294921874,0.5326416015625001,2.2255033557047,0.688833565777331
1.19777587890625,5.492977294921874,0.5326416015625001,0.42416107382550083,0.41620224413219753
7.05129150390625,6.957088623046874,0.5326416015625001,2.3731543624161313,0.7358147389562307
7.05129150390625,5.492977294921874,2.2680419921875004,2.7812080536913593,0.8655342896279956
1.19777587890625,6.957088623046874,2.2680419921875004,0.5865771812080482,0.6517856189376827
9.54879150390625,2.9942272949218744,7.9576416015625,3.7597315436243894,0.8937257538273444
8.69027587890625,2.9942272949218744,7.9576416015625,3.418791946308903,0.8846650160172607
9.54879150390625,9.455838623046875,7.9576416015625,0.3154362416107377,0.07745825573967734
9.54879150390625,2.9942272949218744,4.7430419921875,3.669798657718336,0.8720286343871637
8.69027587890625,9.455838623046875,4.7430419921875,3.685906040268674,0.9538877224621782
4.5537915039062495,7.9917272949218745,3.0076416015625003,1.9610738255033255,0.8852752105661541
3.6952758789062496,7.9917272949218745,3.0076416015625003,1.62147651006709,0.8657116520168607
4.5537915039062495,4.458338623046875,3.0076416015625003,1.7744966442952752,0.7999935064468608
4.5537915039062495,7.9917272949218745,9.6930419921875,2.055033557046957,0.9282980662315061
3.6952758789062496,4.458338623046875,9.6930419921875,1.5892617449664195,0.8490208730744615
3.3050415039062497,4.243602294921875,1.7701416015625002,1.1382550335570316,0.6558810657556706
4.94402587890625,4.243602294921875,1.7701416015625002,1.75838926174494,0.7388713820237766
3.3050415039062497,3.2089636230468748,1.7701416015625002,0.9959731543624033,0.5670356599657884
3.3050415039062497,4.243602294921875,5.9805419921875,1.3744966442952824,0.7999054012095232
4.94402587890625,3.2089636230468748,5.9805419921875,1.9167785234899035,0.8080726143947814
8.30004150390625,9.241102294921875,6.7201416015625,3.551677852349191,0.9577791142286406
9.93902587890625,9.241102294921875,6.7201416015625,4.204026845637878,0.963795406181978
8.30004150390625,8.206463623046876,6.7201416015625,3.5315436241612685,0.9523654531870449
8.30004150390625,9.241102294921875,1.0305419921875,3.252348993288744,0.8759640932835593
9.93902587890625,8.206463623046876,1.0305419921875,3.8456375838928585,0.8805841416792577
5.80254150390625,1.7448522949218748,4.2451416015625,1.7865771812080267,0.653808183569424
2.44652587890625,1.7448522949218748,4.2451416015625,0.5570469798657669,0.3479752595619928
5.80254150390625,5.707713623046875,4.2451416015625,2.414765100671171,0.8900373430112637
5.80254150390625,1.7448522949218748,3.5055419921875,1.7154362416107125,0.6263481694682821
2.44652587890625,5.707713623046875,3.5055419921875,1.0590604026845498,0.7683297515769929
0.80754150390625,6.742352294921874,9.1951416015625,0.5369127516778478,0.7330481279256051
7.4415258789062495,6.742352294921874,9.1951416015625,3.174496644295444,0.9431973632647733
0.80754150390625,0.710213623046875,9.1951416015625,0.37181208053691117,0.1212908507524573
0.80754150390625,6.742352294921874,8.4555419921875,0.532885906040264,0.7264459432632973
7.4415258789062495,0.710213623046875,8.4555419921875,1.601342281879171,0.4608072849752167
1.11972900390625,1.4325085449218748,0.2232666015625,0.36912751677852196,0.17960061245762382
2.7587133789062497,1.4325085449218748,0.2232666015625,0.382550335570468,0.15355513799602652
1.11972900390625,9.143494873046874,0.2232666015625,0.4617449664429498,0.49798966726431804
1.11972900390625,1.4325085449218748,0.7211669921875,0.37181208053691117,0.18957796131115098
2.7587133789062497,9.143494873046874,0.7211669921875,1.037583892617436,0.6852674561188794
6.11472900390625,6.430008544921875,5.1732666015625,2.5932885906040832,0.9140527567380103
7.75371337890625,6.430008544921875,5.1732666015625,3.244295302013575,0.9293999654494915
6.11472900390625,4.145994873046875,5.1732666015625,2.463087248322185,0.867946789122158
6.11472900390625,6.430008544921875,5.6711669921875,2.601342281879252,0.9169472085113345
7.75371337890625,4.145994873046875,5.6711669921875,3.127516778523625,0.8958424282054274
8.61222900390625,3.9312585449218744,2.6982666015625,3.293959731543784,0.8586089079104544
0.26121337890625,3.9312585449218744,2.6982666015625,0.37181208053691117,0.44539732587259445
8.61222900390625,1.6472448730468747,2.6982666015625,2.6134228187920057,0.6783277670059302
8.61222900390625,3.9312585449218744,8.1461669921875,3.4939597315438133,0.911562101293721
0.26121337890625,1.6472448730468747,8.1461669921875,0.36912751677852196,0.24951904044556655
3.61722900390625,8.928758544921875,7.6482666015625,1.6885906040268204,0.9175282881624132
5.25621337890625,8.928758544921875,7.6482666015625,2.3409395973154554,0.9386007677868218
3.61722900390625,6.644744873046874,7.6482666015625,1.6375838926174253,0.8897232951502712
3.61722900390625,8.928758544921875,3.1961669921875,1.62147651006709,0.8805730075643403
5.25621337890625,6.644744873046874,3.1961669921875,2.2013422818791932,0.8820752661077682
4.86597900390625,2.6818835449218748,6.4107666015625,1.8120805369127242,0.7735433908856209
6.5049633789062495,2.6818835449218748,6.4107666015625,2.463087248322185,0.8225683859286275
4.86597900390625,5.395369873046874,6.4107666015625,2.0724832214764897,0.886084703606606
4.86597900390625,2.6818835449218748,1.9586669921875002,1.4791946308724617,0.6254331642109623
6.5049633789062495,5.395369873046874,1.9586669921875002,2.518120805369173,0.8403689217721475
9.86097900390625,7.679383544921874,1.4607666015625,3.904697986577431,0.9008739998440745
1.50996337890625,7.679383544921874,1.4607666015625,0.6671140939597247,0.6525500388102654
9.86097900390625,0.397869873046875,1.4607666015625,0.40671140939597095,0.057984136373635795
9.86097900390625,7.679383544921874,6.9086669921874995,4.1436241610741105,0.9567828239856699
1.50996337890625,0.397869873046875,6.9086669921874995,0.37046979865771656,0.06935238296775172
7.36347900390625,0.183133544921875,8.8857666015625,0.38389261744966263,0.03418749319195716
9.00246337890625,0.183133544921875,8.8857666015625,0.38926174496644106,0.034548217995532024
7.36347900390625,2.8966198730468746,8.8857666015625,2.8899328859061404,0.8664827463974685
7.36347900390625,0.183133544921875,9.3836669921875,0.38389261744966263,0.03425393869791393
9.00246337890625,2.8966198730468746,9.3836669921875,3.5489932885908013,0.8897655670753565
2.3684790039062498,5.180633544921874,3.9357666015625004,1.0161073825503224,0.7535939662383873
4.00746337890625,5.180633544921874,3.9357666015625004,1.6617449664429282,0.8316599780680609
2.3684790039062498,7.894119873046875,3.9357666015625004,1.123489932885891,0.8360541643015931
2.3684790039062498,5.180633544921874,4.4336669921875,1.030872483221463,0.765208688881483
4.00746337890625,7.894119873046875,4.4336669921875,1.785234899328832,0.8941054482978628
1.74410400390625,4.555946044921875,9.5045166015625,0.8201342281879098,0.7456882605375137
2.13433837890625,4.555946044921875,9.5045166015625,0.973154362416095,0.7772259343188999
1.74410400390625,4.770682373046874,9.5045166015625,0.8308724832214667,0.7563764341597067
1.74410400390625,4.555946044921875,2.5774169921875,0.6778523489932815,0.6008347719649845
2.13433837890625,4.770682373046874,2.5774169921875,0.8348993288590505,0.6581352343348772
6.73910400390625,9.553446044921875,4.5545166015625,2.908724832214868,0.9425771385315656
7.12933837890625,9.553446044921875,4.5545166015625,3.064429530201468,0.9453416227684732
6.73910400390625,9.768182373046875,4.5545166015625,2.9127516778524525,0.9438786380691998
6.73910400390625,9.553446044921875,7.5274169921875,2.940939597315544,0.9531282228523343
7.12933837890625,9.768182373046875,7.5274169921875,3.0993288590605337,0.9562284649589674
9.23660400390625,2.057196044921875,7.0295166015624995,3.410738255033734,0.8351899966284944
4.63183837890625,2.057196044921875,7.0295166015624995,1.5852348993288357,0.7026238805266465
9.23660400390625,7.269432373046874,7.0295166015624995,3.8859060402687033,0.9520209839775335
9.23660400390625,2.057196044921875,5.0524169921875,3.3275167785236546,0.8144491640012592
4.63183837890625,7.269432373046874,5.0524169921875,2.0281879194630603,0.9031883544102198
4.24160400390625,7.054696044921874,2.0795166015625,1.7422818791946046,0.8325429862672398
9.62683837890625,7.054696044921874,2.0795166015625,3.872483221476755,0.9133790422490453
4.24160400390625,2.271932373046875,2.0795166015625,1.1557046979865615,0.5400003844549075
4.24160400390625,7.054696044921874,0.1024169921875,1.1355704697986424,0.5307491531049056
9.62683837890625,2.271932373046875,0.1024169921875,1.7597315436241345,0.4045384341811498
2.99285400390625,0.8078210449218749,3.3170166015625,0.3919463087248303,0.12919208355855255
8.37808837890625,0.8078210449218749,3.3170166015625,1.6630872483221228,0.430530861522055
2.99285400390625,1.0225573730468749,3.3170166015625,0.40536912751677634,0.16002579366756078
2.99285400390625,0.8078210449218749,3.8149169921875004,0.3932885906040249,0.13112079414352965
8.37808837890625,1.0225573730468749,3.8149169921875004,2.1221476510066983,0.5600428752714769
7.98785400390625,5.805321044921874,8.2670166015625,3.354362416107551,0.9360080215688136
3.38308837890625,5.805321044921874,8.2670166015625,1.5208053691274945,0.8703999518307813
7.98785400390625,6.020057373046875,8.2670166015625,3.36241610738272,0.9382584668455094
7.98785400390625,5.805321044921874,8.7649169921875,3.3583892617451356,0.9371457421709732
3.38308837890625,6.020057373046875,8.7649169921875,1.5315436241610514,0.8766374373856234
5.4903540039062495,3.3065710449218746,0.8420166015625,1.512751677852327,0.575956243428797
5.88058837890625,3.3065710449218746,0.8420166015625,1.645637583892593,0.5922013060723053
5.4903540039062495,8.518807373046876,0.8420166015625,2.0590604026845414,0.7933348132513023
5.4903540039062495,3.3065710449218746,6.2899169921875,2.1543624161073742,0.8320762641553072
5.88058837890625,8.518807373046876,6.2899169921875,2.570469798657771,0.9370235751393361
0.49535400390625,8.304071044921875,5.7920166015625,0.4362416107382523,0.6982142166986749
0.88558837890625,8.304071044921875,5.7920166015625,0.5785234899328806,0.7634712229255409
0.49535400390625,3.5213073730468745,5.7920166015625,0.38523489932885724,0.4368644240076649
0.49535400390625,8.304071044921875,1.3399169921875,0.3973154362416087,0.5883564503000849
0.88558837890625,3.5213073730468745,1.3399169921875,0.38791946308724645,0.37391346315419544
0.33926025390625003,0.963992919921875,8.1123291015625,0.36778523489932735,0.15750870292976593
3.85136962890625,0.963992919921875,8.1123291015625,0.6711409395973085,0.29619399586337714
0.33926025390625003,5.239197998046874,8.1123291015625,0.38791946308724645,0.5621325372145449
0.33926025390625003,0.963992919921875,0.2571044921875,0.36375838926174353,0.13999633114381854
3.85136962890625,5.239197998046874,0.2571044921875,0.986577181208041,0.4941995038632377
5.33426025390625,5.9614929199218745,3.1623291015625004,2.1986577181208036,0.8700301466213839
8.84636962890625,5.9614929199218745,3.1623291015625004,3.591946308725036,0.9145370773585659
5.33426025390625,0.24169799804687497,3.1623291015625004,0.375838926174495,0.041262196704918534
5.33426025390625,5.9614929199218745,5.2071044921875,2.26442953020135,0.896482679160274
8.84636962890625,0.24169799804687497,5.2071044921875,0.3932885906040249,0.04366728365685525
7.83176025390625,3.4627429199218747,5.6373291015625,3.088590604026975,0.8767682450718601
1.35386962890625,3.4627429199218747,5.6373291015625,0.5449664429530154,0.5400049688228261
7.83176025390625,2.7404479980468746,5.6373291015625,2.9771812080538043,0.8449569002785399
7.83176025390625,3.4627429199218747,7.6821044921875,3.1315436241612096,0.8891522873754505
1.35386962890625,2.7404479980468746,7.6821044921875,0.48993288590603656,0.45457390794795277
2.8367602539062498,8.460242919921875,0.6873291015625,1.0295302013422685,0.6650294082670909
6.34886962890625,8.460242919921875,0.6873291015625,2.312751677852364,0.7868140235126952
2.8367602539062498,7.737947998046875,0.6873291015625,0.9999999999999871,0.6445250185306222
2.8367602539062498,8.460242919921875,2.7321044921875,1.2818791946308545,0.8372388003180585
6.34886962890625,7.737947998046875,2.7321044921875,2.6523489932886557,0.9047954655354742
4.08551025390625,4.712117919921875,4.3998291015625,1.6778523489932635,0.826844328057587
5.10011962890625,4.712117919921875,4.3998291015625,2.0805369127516586,0.8549838335429889
4.08551025390625,8.987322998046874,4.3998291015625,1.840268456375811,0.9075877848135547
4.08551025390625,4.712117919921875,1.4946044921875001,1.4322147651006505,0.7017212179925059
5.10011962890625,8.987322998046874,1.4946044921875001,2.085906040268438,0.8565837396678718
9.08051025390625,9.709617919921875,9.3498291015625,0.2832214765100671,0.07139216713523909
0.10511962890625,9.709617919921875,9.3498291015625,0.3771812080536896,0.7268160428298341
9.08051025390625,3.9898229980468747,9.3498291015625,3.699328859060622,0.9203310982903938
9.08051025390625,9.709617919921875,6.4446044921875,3.8671140939599757,0.9620779158315822
0.10511962890625,3.9898229980468747,6.4446044921875,0.36778523489932735,0.46729413272486353
6.58301025390625,2.2133679199218745,1.9248291015625,1.9557046979865471,0.6414919187196775
7.59761962890625,2.2133679199218745,1.9248291015625,2.3382550335570658,0.6781102559337882
6.58301025390625,1.4910729980468749,1.9248291015625,1.553020134228165,0.5022534386008328
6.58301025390625,2.2133679199218745,8.9196044921875,2.4442953020134572,0.8079456750631412
7.59761962890625,1.4910729980468749,8.9196044921875,2.571812080536966,0.7489414938882617
1.58801025390625,7.210867919921874,6.8748291015625,0.8389261744966343,0.8124194229619611
2.60261962890625,7.210867919921874,6.8748291015625,1.242953020134211,0.8655306737752408
1.58801025390625,6.488572998046874,6.8748291015625,0.8187919463087152,0.7920478703962869
1.58801025390625,7.210867919921874,3.9696044921875004,0.7973154362416015,0.7696418306886414
2.60261962890625,6.488572998046874,3.9696044921875004,1.1718120805368968,0.8149037714302211
2.2123852539062496,2.838055419921875,2.5435791015625,0.6483221476510002,0.47303693518361145
0.72949462890625,2.838055419921875,2.5435791015625,0.382550335570468,0.3524428141225369
2.2123852539062496,0.8663854980468749,2.5435791015625,0.3812080536912734,0.13372268833107337
2.2123852539062496,2.838055419921875,3.3508544921875,0.6979865771812006,0.5179246700762192
0.72949462890625,0.8663854980468749,3.3508544921875,0.36912751677852196,0.13792894362359304
7.20738525390625,7.835555419921874,7.4935791015625,3.096644295302144,0.9462873299857391
5.72449462890625,7.835555419921874,7.4935791015625,2.5060402684564194,0.9347562434037362
7.20738525390625,5.863885498046875,7.4935791015625,3.0389261744967664,0.9286174966821159
7.20738525390625,7.835555419921874,8.3008544921875,3.1020134228189233,0.9479584635512945
5.72449462890625,5.863885498046875,8.3008544921875,2.455033557047016,0.9157370181135702
9.70488525390625,0.33930541992187496,5.0185791015625,0.4563758389261714,0.06970595986807551
3.2269946289062497,0.33930541992187496,5.0185791015625,0.375838926174495,0.05910945018877199
9.70488525390625,8.362635498046876,5.0185791015625,4.0724832214767845,0.9540184075419225
9.70488525390625,0.33930541992187496,5.8258544921875,0.5449664429530154,0.09102198555752491
3.2269946289062497,8.362635498046876,5.8258544921875,1.5073825503355485,0.8945812422361858
4.70988525390625,5.336805419921874,9.9685791015625,2.0416107382550086,0.896947168980541
8.22199462890625,5.336805419921874,9.9685791015625,3.441610738255215,0.9359873872650353
4.70988525390625,3.365135498046875,9.9685791015625,1.9060402684563467,0.8371120065938
4.70988525390625,5.336805419921874,0.8758544921875,1.5557046979865543,0.6779450110685792
8.22199462890625,3.365135498046875,0.8758544921875,2.510067114094004,0.6783512929181452
3.46113525390625,1.5886804199218747,6.2560791015624995,0.9275167785234784,0.49891726824189764
9.47074462890625,1.5886804199218747,6.2560791015624995,3.276510067114251,0.7838533206771129
3.46113525390625,4.614510498046875,6.2560791015624995,1.4671140939597103,0.8244395121721355
3.46113525390625,1.5886804199218747,4.5883544921874995,0.853691275167775,0.45250519255245786
9.47074462890625,4.614510498046875,4.5883544921874995,3.817449664429767,0.9140878823954033
8.45613525390625,6.586180419921875,1.3060791015625002,3.2483221476511597,0.8603360804390432
4.4757446289062495,6.586180419921875,1.3060791015625002,1.6939597315435988,0.7733307330189443
8.45613525390625,9.612010498046875,1.3060791015625002,3.3986577181209805,0.900620632258309
8.45613525390625,6.586180419921875,9.5383544921875,3.575838926174698,0.9484258374664982
4.4757446289062495,9.612010498046875,9.5383544921875,2.0496644295301776,0.9390897986832439
5.95863525390625,4.0874304199218745,8.7310791015625,2.4563758389262107,0.8853338039339503
6.97324462890625,4.0874304199218745,8.7310791015625,2.860402684563854,0.8997406519436895
5.95863525390625,7.113260498046874,8.7310791015625,2.5906040268456936,0.9338072285420451
5.95863525390625,4.0874304199218745,7.0633544921875,2.4362416107382883,0.8779415965480684
6.97324462890625,7.113260498046874,7.0633544921875,2.9812080536913887,0.9377690369461613
0.96363525390625,9.084930419921875,3.7810791015625003,0.5959731543624105,0.7546629990336993
1.97824462890625,9.084930419921875,3.7810791015625003,0.9919463087248195,0.8349472115275225
0.96363525390625,2.1157604980468747,3.7810791015625003,0.38657718120805185,0.2950989285213774
0.96363525390625,9.084930419921875,2.1133544921875003,0.5516778523489885,0.6891185627279114
1.97824462890625,2.1157604980468747,2.1133544921875003,0.42684563758389005,0.2777468123963852
0.65144775390625,3.775086669921875,7.1842041015625,0.4013422818791925,0.47083170510417915
7.90980712890625,3.775086669921875,7.1842041015625,3.1865771812081976,0.8968516050260995
0.65144775390625,8.050291748046876,7.1842041015625,0.495302013422815,0.7379487924193341
0.65144775390625,3.775086669921875,9.8477294921875,0.40671140939597095,0.48516509987375034
7.90980712890625,8.050291748046876,9.8477294921875,3.394630872483396,0.9555964780481956
5.64644775390625,8.772586669921875,2.2342041015625003,2.3731543624161313,0.8950303993053239
2.91480712890625,8.772586669921875,2.2342041015625003,1.293959731543606,0.8279167801895719
5.64644775390625,3.0527917480468747,2.2342041015625003,1.9140939597315143,0.71904189890136
5.64644775390625,8.772586669921875,4.8977294921875,2.4657718120805745,0.9304274670301451
2.91480712890625,3.0527917480468747,4.8977294921875,1.061744966442939,0.6735929939286356
8.14394775390625,1.2763366699218748,9.6592041015625,2.667114093959799,0.7299765894325653
5.41230712890625,1.2763366699218748,9.6592041015625,1.5892617449664195,0.6143618572967667
8.14394775390625,0.554041748046875,9.6592041015625,1.4724832214764887,0.3840766311940821
8.14394775390625,1.2763366699218748,2.4227294921875,2.0590604026845414,0.5571181937365078
5.41230712890625,0.554041748046875,2.4227294921875,0.3973154362416087,0.08699346649941835
3.14894775390625,6.273836669921875,4.7092041015624995,1.3986577181207853,0.8451876930415197
0.41730712890625,6.273836669921875,4.7092041015624995,0.3959731543624141,0.5952548499590383
3.14894775390625,5.5515417480468745,4.7092041015624995,1.3664429530201148,0.8254470181387685
3.14894775390625,6.273836669921875,7.3727294921875,1.4362416107382343,0.8683953997847156
0.41730712890625,5.5515417480468745,7.3727294921875,0.3973154362416087,0.5814826232434935
4.39769775390625,0.026961669921875,0.9967041015625,0.36375838926174353,0.0045621754666101055
1.66605712890625,0.026961669921875,0.9967041015625,0.36375838926174353,0.0045857286130674664
4.39769775390625,6.800916748046874,0.9967041015625,1.5986577181207817,0.7392424433271975
4.39769775390625,0.026961669921875,8.6102294921875,0.36510067114093814,0.004910740306465216
1.66605712890625,6.800916748046874,8.6102294921875,0.8724832214764995,0.8205445080273055
9.39269775390625,5.024461669921875,5.9467041015625,3.8469798657720533,0.9282208990227598
6.66105712890625,5.024461669921875,5.9467041015625,2.759731543624242,0.9033468384686609
9.39269775390625,1.8034167480468748,5.9467041015625,3.3369127516780184,0.8044817662352606
9.39269775390625,5.024461669921875,3.6602294921875003,3.778523489933117,0.911472012573439
6.66105712890625,1.8034167480468748,3.6602294921875003,2.093959731543607,0.6818438122270706
6.89519775390625,2.5257116699218747,3.4717041015625,2.429530201342314,0.7701328153620288
4.16355712890625,2.5257116699218747,3.4717041015625,1.3637583892617255,0.6564102060728492
6.89519775390625,4.302166748046875,3.4717041015625,2.7167785234900075,0.8624216212123949
6.89519775390625,2.5257116699218747,1.1852294921875002,1.9369127516778226,0.6088884687541184
4.16355712890625,4.302166748046875,1.1852294921875002,1.3409395973154172,0.6443846608813175
1.90019775390625,7.523211669921874,8.4217041015625,0.9825503355704572,0.8500435999580025
9.15855712890625,7.523211669921874,8.4217041015625,3.872483221476755,0.9560547573679887
1.90019775390625,9.299666748046874,8.4217041015625,1.0147651006711278,0.8782477466882843
1.90019775390625,7.523211669921874,6.1352294921874995,0.9637583892617327,0.8333379022803113
9.15855712890625,9.299666748046874,6.1352294921874995,3.888590604027093,0.9599785465026129
1.27582275390625,1.9010241699218748,2.8529541015625,0.38926174496644106,0.26319011074599763
7.28543212890625,1.9010241699218748,2.8529541015625,2.275167785234909,0.6851210915143582
1.27582275390625,3.6774792480468745,2.8529541015625,0.47114093959731207,0.4591922108102183
1.27582275390625,1.9010241699218748,6.7539794921875,0.4026845637583871,0.29133878771815486
7.28543212890625,3.6774792480468745,6.7539794921875,2.9208053691276215,0.8839572138552984
6.27082275390625,6.898524169921874,7.8029541015625,2.7020134228188644,0.9321130739775445
2.2904321289062497,6.898524169921874,7.8029541015625,1.116778523489918,0.8515290338882443
6.27082275390625,8.674979248046876,7.8029541015625,2.7422818791947092,0.9460057041046798
6.27082275390625,6.898524169921874,1.8039794921875,2.5033557046980297,0.8625689021194499
2.2904321289062497,8.674979248046876,1.8039794921875,1.0147651006711278,0.770466036867364
8.76832275390625,4.399774169921875,0.3779541015625,2.507382550335614,0.6386322057690053
9.78293212890625,4.399774169921875,0.3779541015625,2.852348993288685,0.6588972314802948
8.76832275390625,6.176229248046875,0.3779541015625,2.7704697986578006,0.7075284124293492
8.76832275390625,4.399774169921875,4.2789794921875,3.5100671140941513,0.9008497053660618
9.78293212890625,6.176229248046875,4.2789794921875,4.020134228188186,0.9348180806861935
3.7733227539062497,9.397274169921875,5.3279541015625,1.7382550335570208,0.9134701797457295
4.78793212890625,9.397274169921875,5.3279541015625,2.140939597315426,0.9278073235422944
3.7733227539062497,1.1787292480468747,5.3279541015625,0.7449664429530118,0.35105069177849113
3.7733227539062497,9.397274169921875,9.2289794921875,1.7664429530201076,0.9284744254281605
4.78793212890625,1.1787292480468747,9.2289794921875,1.2604026845637408,0.5314542071319976
2.52457275390625,3.1503991699218745,9.0404541015625,1.004026845637571,0.7095865350737963
3.53918212890625,3.1503991699218745,9.0404541015625,1.4053691275167584,0.775378079800245
2.52457275390625,2.428104248046875,9.0404541015625,0.891275167785224,0.6209903777144317
2.52457275390625,3.1503991699218745,5.5164794921875,0.9436241610738136,0.6631259618036889
3.53918212890625,2.428104248046875,5.5164794921875,1.2093959731543458,0.6618005270382622
7.51957275390625,8.147899169921875,4.0904541015625,3.1798657718122234,0.9359478723911185
8.53418212890625,8.147899169921875,4.0904541015625,3.582550335570672,0.9422555057547188
7.51957275390625,7.4256042480468745,4.0904541015625,3.159731543624301,0.929997720606415
7.51957275390625,8.147899169921875,0.5664794921875,2.6604026845638247,0.780582397685795
8.53418212890625,7.4256042480468745,0.5664794921875,2.987919463087363,0.7834631867246189
5.02207275390625,0.6516491699218749,6.5654541015625,0.5033557046979826,0.15116719053821165
1.0416821289062501,0.6516491699218749,6.5654541015625,0.37181208053691117,0.11034506270152294
5.02207275390625,9.924354248046875,6.5654541015625,2.2550335570469864,0.9393071967605744
5.02207275390625,0.6516491699218749,3.0414794921875004,0.41073825503355477,0.10589106136058302
1.0416821289062501,9.924354248046875,3.0414794921875004,0.6241610738254972,0.761109571994027
0.027072753906250004,5.649149169921874,1.6154541015625001,0.36375838926174353,0.5425677146324349
6.03668212890625,5.649149169921874,1.6154541015625001,2.296644295302026,0.8170278188033511
0.027072753906250004,4.926854248046874,1.6154541015625001,0.36375838926174353,0.5047360734279769
0.027072753906250004,5.649149169921874,7.9914794921875,0.36510067114093814,0.5708743633348703
6.03668212890625,4.926854248046874,7.9914794921875,2.5342281879195108,0.9032703164461178
0.02219482421875,1.8863830566406248,7.8851318359375,0.36375838926174353,0.27495957319765846
7.64152099609375,1.8863830566406248,7.8851318359375,2.7422818791947092,0.795196507822042
0.02219482421875,8.728663330078126,7.8851318359375,0.36510067114093814,0.6888036724072508
0.02219482421875,1.8863830566406248,3.9841064453125004,0.36375838926174353,0.2691847898525337
7.64152099609375,8.728663330078126,3.9841064453125004,3.238926174496796,0.939894870115492
5.01719482421875,6.883883056640625,2.9351318359375003,2.1033557046979707,0.8762228897509026
2.64652099609375,6.883883056640625,2.9351318359375003,1.1651006711409237,0.7999016368737519
5.01719482421875,3.7311633300781244,2.9351318359375003,1.8697986577180923,0.7776008977158828
5.01719482421875,6.883883056640625,8.9341064453125,2.210738255033557,0.921628164584308
2.64652099609375,3.7311633300781244,8.9341064453125,1.1114093959731395,0.7625977767544014
7.51469482421875,4.385133056640624,5.4101318359374995,3.0456375838927405,0.8968716822263733
5.14402099609375,4.385133056640624,5.4101318359374995,2.1033557046979707,0.8583048351994729
7.51469482421875,1.2324133300781248,5.4101318359374995,2.1999999999999984,0.6435742832247774
7.51469482421875,4.385133056640624,6.4591064453125,3.0684563758390526,0.9036693094653417
5.14402099609375,1.2324133300781248,6.4591064453125,1.3463087248321957,0.5367145884778088
2.51969482421875,9.382633056640625,0.46013183593750007,0.8926174496644186,0.6245832150492507
0.14902099609375002,9.382633056640625,0.46013183593750007,0.36912751677852196,0.6281420880124249
2.51969482421875,6.229913330078125,0.46013183593750007,0.7624161073825417,0.5234261441778161
2.51969482421875,9.382633056640625,1.5091064453125,1.0939597315436096,0.7767124055292585
0.14902099609375002,6.229913330078125,1.5091064453125,0.36912751677852196,0.5597388956715231
3.76844482421875,3.1357580566406247,4.1726318359375,1.375838926174477,0.7203325972867962
1.39777099609375,3.1357580566406247,4.1726318359375,0.495302013422815,0.45993782466894717
3.76844482421875,7.479288330078124,4.1726318359375,1.672483221476485,0.8795530804537741
3.76844482421875,3.1357580566406247,2.7466064453125,1.2751677852348815,0.6646600061901689
1.39777099609375,7.479288330078124,2.7466064453125,0.6953020134228114,0.7196208573771143
8.76344482421875,8.133258056640624,9.1226318359375,3.732885906040493,0.9588956561530864
6.39277099609375,8.133258056640624,9.1226318359375,2.7879194630873334,0.9459221397645237
8.76344482421875,2.4817883300781247,9.1226318359375,3.3771812080538632,0.8673509652490826
8.76344482421875,8.133258056640624,7.6966064453125,3.723489932886129,0.9564651647483897
6.39277099609375,2.4817883300781247,7.6966064453125,2.408053691275197,0.8164634766902206
6.26594482421875,0.637008056640625,1.6976318359375002,0.413422818791944,0.09323017064375887
3.8952709960937497,0.637008056640625,1.6976318359375002,0.38389261744966263,0.0952310977756605
6.26594482421875,4.980538330078124,1.6976318359375002,2.3422818791946503,0.8068185456311932
6.26594482421875,0.637008056640625,5.2216064453125,0.7892617449664339,0.23405549126878944
3.8952709960937497,4.980538330078124,5.2216064453125,1.6429530201342037,0.8414053837068652
1.27094482421875,5.634508056640624,6.6476318359375,0.6617449664429462,0.7230671579593497
8.89027099609375,5.634508056640624,6.6476318359375,3.6885906040270635,0.935285068385854
1.27094482421875,9.978038330078125,6.6476318359375,0.7637583892617363,0.8438008517881359
1.27094482421875,5.634508056640624,0.2716064453125,0.4187919463087224,0.3919256805843621
8.89027099609375,9.978038330078125,0.2716064453125,2.993288590604142,0.7560797570579099
1.8953198242187501,3.7604455566406245,2.3163818359375004,0.645637583892611,0.5323182755949468
7.01714599609375,3.7604455566406245,2.3163818359375004,2.5906040268456936,0.8090098179039162
1.8953198242187501,3.1064758300781246,2.3163818359375004,0.5718120805369076,0.4539973588685766
1.8953198242187501,3.7604455566406245,2.1278564453125,0.6322147651006649,0.518785177117107
7.01714599609375,3.1064758300781246,2.1278564453125,2.438926174496678,0.7607542711139963
6.89031982421875,8.757945556640625,7.2663818359375,2.986577181208168,0.9493470278456454
2.02214599609375,8.757945556640625,7.2663818359375,1.048322147650993,0.8704670751954007
6.89031982421875,8.103975830078125,7.2663818359375,2.9731543624162198,0.9450957261804506
6.89031982421875,8.757945556640625,7.0778564453124995,2.9852348993289732,0.9489118490177375
2.02214599609375,8.103975830078125,7.0778564453124995,1.0335570469798523,0.8581247618343043
9.38781982421875,1.2616955566406247,4.7913818359375,2.908724832214868,0.699748929005449
9.51464599609375,1.2616955566406247,4.7913818359375,2.9583892617450767,0.7032138475145716
9.38781982421875,5.605225830078124,4.7913818359375,3.851006711409638,0.9295677245921575
9.38781982421875,1.2616955566406247,9.5528564453125,3.1463087248323527,0.758645795086555
9.51464599609375,5.605225830078124,9.5528564453125,3.9651006711411982,0.9457449696227289
4.3928198242187495,6.259195556640624,9.7413818359375,1.9476510067113795,0.9060470513816107
4.51964599609375,6.259195556640624,9.7413818359375,1.9986577181207745,0.908384477176545
4.3928198242187495,0.607725830078125,9.7413818359375,0.4228187919463062,0.11789847140666354
4.3928198242187495,6.259195556640624,4.6028564453125,1.8885906040268168,0.8781762733225666
4.51964599609375,0.607725830078125,4.6028564453125,0.40536912751677634,0.1048505318469873
3.1440698242187497,0.012320556640625,6.0288818359375,0.36375838926174353,0.0022130361800430697
3.27089599609375,0.012320556640625,6.0288818359375,0.36375838926174353,0.0022129037344824584
3.1440698242187497,1.8571008300781247,6.0288818359375,0.9114093959731431,0.5315869896119676
3.1440698242187497,0.012320556640625,0.8903564453125,0.36375838926174353,0.002094941153692848
3.27089599609375,1.8571008300781247,0.8903564453125,0.5006711409395934,0.2427137595347164
8.13906982421875,5.009820556640625,1.0788818359375,2.89261744966453,0.7916469911769273
8.26589599609375,5.009820556640625,1.0788818359375,2.9422818791947387,0.7942514911743107
8.13906982421875,6.854600830078124,1.0788818359375,3.0711409395974423,0.8413157753759533
8.13906982421875,5.009820556640625,5.8403564453125,3.3449664429531873,0.9178126128046975
8.26589599609375,6.854600830078124,5.8403564453125,3.473825503355891,0.9401870164186109
5.64156982421875,2.511070556640625,8.5038818359375,2.1302013422818673,0.803890978828251
0.77339599609375,2.511070556640625,8.5038818359375,0.3932885906040249,0.35933793617961884
5.64156982421875,9.353350830078124,8.5038818359375,2.5060402684564194,0.9464977266581784
5.64156982421875,2.511070556640625,8.3153564453125,2.1275167785234776,0.8028369050082023
0.77339599609375,9.353350830078124,8.3153564453125,0.5677852348993238,0.8003875979145749
0.64656982421875,7.508570556640624,3.5538818359375,0.44966442953019836,0.6488466467520299
5.76839599609375,7.508570556640624,3.5538818359375,2.4496644295302366,0.9075020462926504
0.64656982421875,4.355850830078125,3.5538818359375,0.3973154362416087,0.47975362986884135
0.64656982421875,7.508570556640624,3.3653564453125,0.44697986577180915,0.6431723769145916
5.76839599609375,4.355850830078125,3.3653564453125,2.2684563758389347,0.8398172795587175
0.95875732421875,2.8234143066406245,6.9570068359374995,0.40939597315436016,0.3937216072784182
4.20745849609375,2.8234143066406245,6.9570068359374995,1.5892617449664195,0.7639842789341126
0.95875732421875,5.9175695800781245,6.9570068359374995,0.5557046979865723,0.6961100656443003
0.95875732421875,2.8234143066406245,6.1497314453125,0.40671140939597095,0.3877469232908509
4.20745849609375,5.9175695800781245,6.1497314453125,1.8308724832214487,0.8817779772353228
5.95375732421875,7.820914306640624,2.0070068359375,2.4429530201342624,0.8804323512279367
9.20245849609375,7.820914306640624,2.0070068359375,3.730201342282103,0.9164363171149544
5.95375732421875,0.9200695800781249,2.0070068359375,0.7865771812080447,0.25073390294346604
5.95375732421875,7.820914306640624,1.1997314453125,2.314093959731559,0.8331128804535473
9.20245849609375,0.9200695800781249,1.1997314453125,1.4187919463087044,0.33222937558203774
8.45125732421875,0.32466430664062496,9.4320068359375,0.42818791946308465,0.0662296000747801
1.70995849609375,0.32466430664062496,9.4320068359375,0.37181208053691117,0.05819449008189252
8.45125732421875,3.4188195800781247,9.4320068359375,3.395973154362591,0.9011113539506452
8.45125732421875,0.32466430664062496,3.6747314453125,0.3999999999999979,0.05583983887676192
1.70995849609375,3.4188195800781247,3.6747314453125,0.6161073825503296,0.53977630564136
3.45625732421875,5.322164306640625,4.4820068359375,1.4697986577180995,0.826631131313859
6.70495849609375,5.322164306640625,4.4820068359375,2.759731543624242,0.8980681587648855
3.45625732421875,8.416319580078126,4.4820068359375,1.5798657718120572,0.8891802929652999
3.45625732421875,5.322164306640625,8.6247314453125,1.5315436241610514,0.8621533834864459
6.70495849609375,8.416319580078126,8.6247314453125,2.915436241610842,0.9490685995993129
4.70500732421875,1.5740393066406249,0.7695068359375,0.6724832214765031,0.2614037516289933
5.45620849609375,1.5740393066406249,0.7695068359375,0.8523489932885804,0.30515198096978635
4.70500732421875,9.665694580078124,0.7695068359375,1.7838926174496375,0.7816022035797632
4.70500732421875,1.5740393066406249,7.3872314453125,1.433557046979845,0.6227768527122357
5.45620849609375,9.665694580078124,7.3872314453125,2.430872483221509,0.9444357819794968
9.70000732421875,6.5715393066406245,5.7195068359375,4.0335570469801345,0.9453217205221098
0.46120849609375003,6.5715393066406245,5.7195068359375,0.40805369127516555,0.6225831690410426
9.70000732421875,4.668194580078125,5.7195068359375,3.943624161074081,0.9241601884579065
9.70000732421875,6.5715393066406245,2.4372314453125004,3.9127516778526,0.916634693996925
0.46120849609375003,4.668194580078125,2.4372314453125004,0.382550335570468,0.4831868817214786
7.20250732421875,4.072789306640624,3.2445068359375,2.800000000000087,0.8554267725712648
7.95370849609375,4.072789306640624,3.2445068359375,3.097986577181339,0.867127056425335
7.20250732421875,2.1694445800781246,3.2445068359375,2.413422818791976,0.7356231555375021
7.20250732421875,4.072789306640624,4.9122314453125,2.8805369127517766,0.8804361849408411
7.95370849609375,2.1694445800781246,4.9122314453125,2.8496644295302955,0.7972167183197747
2.2075073242187497,9.070289306640625,8.1945068359375,1.1328859060402532,0.8864149332421107
2.9587084960937498,9.070289306640625,8.1945068359375,1.4308724832214559,0.9070070645063303
2.2075073242187497,7.166944580078124,8.1945068359375,1.0939597315436096,0.8557730984927796
2.2075073242187497,9.070289306640625,9.8622314453125,1.1395973154362262,0.8917976284421022
2.9587084960937498,7.166944580078124,9.8622314453125,1.4026845637583691,0.8891202622056633
1.58313232421875,0.9493518066406249,2.6257568359375,0.375838926174495,0.1457285078036748
1.08558349609375,0.9493518066406249,2.6257568359375,0.37181208053691117,0.14701054479547862
1.58313232421875,0.295382080078125,2.6257568359375,0.36644295302013274,0.049573278157732326
1.58313232421875,0.9493518066406249,8.0059814453125,0.38523489932885724,0.16037097865314934
1.08558349609375,0.295382080078125,8.0059814453125,0.36778523489932735,0.05226420854051479
6.57813232421875,5.946851806640624,7.5757568359375,2.791946308724918,0.9240244489196414
6.08058349609375,5.946851806640624,7.5757568359375,2.5932885906040832,0.918620033293073
6.57813232421875,5.292882080078124,7.5757568359375,2.7637583892618265,0.9146823384913911
6.57813232421875,5.946851806640624,3.0559814453125003,2.6845637583893316,0.8880092677822209
6.08058349609375,5.292882080078124,3.0559814453125003,2.4483221476510417,0.8666171987711442
9.07563232421875,3.448101806640625,0.1507568359375,2.0966442953019966,0.5139411694119085
3.58308349609375,3.448101806640625,0.1507568359375,0.6765100671140869,0.3395882590659058
9.07563232421875,7.7916320800781245,0.1507568359375,2.73691275167793,0.6769713050387752
9.07563232421875,3.448101806640625,0.5809814453125001,2.6053691275168367,0.6435823712093545
3.58308349609375,7.7916320800781245,0.5809814453125001,1.2214765100670972,0.661322300757974
4.08063232421875,8.445601806640624,5.1007568359375,1.8389261744966163,0.9078485887637104
8.57808349609375,8.445601806640624,5.1007568359375,3.628187919463296,0.9499396862567152
4.08063232421875,2.794132080078125,5.1007568359375,1.4805369127516563,0.728111914613697
4.08063232421875,8.445601806640624,5.5309814453124995,1.8442953020133948,0.9105571432894647
8.57808349609375,2.794132080078125,5.5309814453124995,3.2805369127518356,0.8585555705744083
2.83188232421875,4.6974768066406245,8.8132568359375,1.2536912751677678,0.8203396135482889
9.82683349609375,4.6974768066406245,8.8132568359375,4.038926174496914,0.9355542082649853
2.83188232421875,4.0435070800781245,8.8132568359375,1.2093959731543458,0.7907519324096016
2.83188232421875,4.6974768066406245,9.2434814453125,1.256375838926157,0.8221923841886911
9.82683349609375,4.0435070800781245,9.2434814453125,4.000000000000264,0.9265186647358956
7.82688232421875,9.694976806640625,3.8632568359375004,3.3288590604028494,0.9457232747703517
4.83183349609375,9.694976806640625,3.8632568359375004,2.139597315436231,0.9200878497206668
7.82688232421875,9.041007080078126,3.8632568359375004,3.316778523490096,0.9422601646017124
7.82688232421875,9.694976806640625,4.2934814453125,3.338255033557213,0.9484251630355812
4.83183349609375,9.041007080078126,4.2934814453125,2.1355704697986466,0.9184034074633847
5.3293823242187495,2.1987268066406247,6.3382568359375,1.8805369127516491,0.7433296325880968
7.32933349609375,2.1987268066406247,6.3382568359375,2.673825503355773,0.80436903117191
5.3293823242187495,6.542257080078125,6.3382568359375,2.3020134228188054,0.912201306549038
5.3293823242187495,2.1987268066406247,1.8184814453125002,1.4630872483221264,0.570564414674287
7.32933349609375,6.542257080078125,1.8184814453125002,2.9033557046980887,0.8733431646762332
0.33438232421875,7.196226806640625,1.3882568359375,0.3798657718120788,0.5746421346450082
2.3343334960937496,7.196226806640625,1.3882568359375,0.9328859060402568,0.6948289464806671
0.33438232421875,1.5447570800781247,1.3882568359375,0.36644295302013274,0.21883934436262245
0.33438232421875,7.196226806640625,6.7684814453125,0.3973154362416087,0.6508132212509306
2.3343334960937496,1.5447570800781247,6.7684814453125,0.5194630872483179,0.32025655499729083
0.49047607421875,4.541304931640624,4.9460693359375,0.39060402684563567,0.5045760044028408
3.11480224609375,4.541304931640624,4.9460693359375,1.2979865771811898,0.7899147546909047
0.49047607421875,9.821866455078125,4.9460693359375,0.44832214765100376,0.7328256789629904
0.49047607421875,4.541304931640624,5.3762939453125,0.3919463087248303,0.5087903309400512
3.11480224609375,9.821866455078125,5.3762939453125,1.4832214765100455,0.9043036234836687
5.48547607421875,9.538804931640625,9.8960693359375,2.452348993288626,0.9485612218100037
8.10980224609375,9.538804931640625,9.8960693359375,0.2993288590604024,0.08438588937759675
5.48547607421875,4.824366455078125,9.8960693359375,2.3248322147651175,0.8991736598809104
5.48547607421875,9.538804931640625,0.4262939453125,1.8966442953019844,0.7295640867707452
8.10980224609375,4.824366455078125,0.4262939453125,2.408053691275197,0.6580997034320738
7.98297607421875,2.0425549316406246,2.4710693359375,2.5422818791946797,0.7067324187907765
0.6173022460937501,2.0425549316406246,2.4710693359375,0.3731543624161058,0.27740871627579106
7.98297607421875,2.3256164550781246,2.4710693359375,2.65906040268463,0.7399898958195968
7.98297607421875,2.0425549316406246,2.9012939453125,2.62013422818798,0.729063267133887
0.6173022460937501,2.3256164550781246,2.9012939453125,0.375838926174495,0.309493736270794
2.98797607421875,7.040054931640625,7.4210693359375,1.395973154362396,0.8782082149858979
5.6123022460937495,7.040054931640625,7.4210693359375,2.4402684563758728,0.9256852382846724
2.98797607421875,7.323116455078124,7.4210693359375,1.4026845637583691,0.8824806080279058
2.98797607421875,7.040054931640625,7.8512939453125,1.3986577181207853,0.8799595010787713
5.6123022460937495,7.323116455078124,7.8512939453125,2.452348993288626,0.9302555402238823
4.23672607421875,0.793179931640625,8.6585693359375,0.5919463087248267,0.22530498093402765
6.86105224609375,0.793179931640625,8.6585693359375,1.5597315436241381,0.48334796854194784
4.23672607421875,6.073741455078125,8.6585693359375,1.8724832214764815,0.8970073384116322
4.23672607421875,0.793179931640625,6.6137939453125,0.5234899328859017,0.1886539117605127
6.86105224609375,6.073741455078125,6.6137939453125,2.899328859060504,0.9249657317421853
9.23172607421875,5.790679931640624,3.7085693359375003,3.762416107382779,0.9219399407626354
1.86605224609375,5.790679931640624,3.7085693359375003,0.8442953020134127,0.7341567826902639
9.23172607421875,1.0762414550781247,3.7085693359375003,2.5033557046980297,0.6083829664699653
9.23172607421875,5.790679931640624,1.6637939453125001,3.5771812080538927,0.8758840733418847
1.86605224609375,1.0762414550781247,1.6637939453125001,0.3785234899328842,0.15501717828114292
6.73422607421875,3.2919299316406248,6.1835693359374995,2.6442953020134867,0.8571687665377146
9.35855224609375,3.2919299316406248,6.1835693359374995,3.6885906040270635,0.8928244738271276
6.73422607421875,3.5749914550781248,6.1835693359374995,2.6791946308725523,0.8685288176800772
6.73422607421875,3.2919299316406248,4.1387939453125,2.5691275167785763,0.832376398771807
9.35855224609375,3.5749914550781248,4.1387939453125,3.6510067114096083,0.8835153706543599
1.73922607421875,8.289429931640624,1.2335693359375002,0.7422818791946226,0.6686991514332533
4.36355224609375,8.289429931640624,1.2335693359375002,1.7248322147650748,0.8045893414667264
1.73922607421875,8.572491455078126,1.2335693359375002,0.7503355704697903,0.6768167549116972
1.73922607421875,8.289429931640624,9.0887939453125,0.9369127516778406,0.8584551251070853
4.36355224609375,8.572491455078126,9.0887939453125,1.9879194630872177,0.929815976461535
2.36360107421875,1.4178674316406248,5.5648193359375,0.44563758389261454,0.24626179555601993
2.4904272460937498,1.4178674316406248,5.5648193359375,0.4805369127516743,0.2686920224229552
2.36360107421875,4.199678955078125,5.5648193359375,0.9906040268456249,0.7350265841706232
2.36360107421875,1.4178674316406248,8.4700439453125,0.502013422818788,0.29718949094377023
2.4904272460937498,4.199678955078125,8.4700439453125,1.0832214765100527,0.7769252058804546
7.3586010742187495,6.415367431640624,0.6148193359375,2.4966442953020556,0.7459362200987799
7.48542724609375,6.415367431640624,0.6148193359375,2.5436241610738746,0.7486845814527174
7.3586010742187495,9.197178955078124,0.6148193359375,2.6939597315436954,0.8061617508281478
7.3586010742187495,6.415367431640624,3.5200439453125,3.040268456375961,0.9119310336539268
7.48542724609375,9.197178955078124,3.5200439453125,3.174496644295444,0.9381110916337251
9.85610107421875,3.9166174316406246,8.0398193359375,3.9879194630875103,0.9211822073579796
4.98792724609375,3.9166174316406246,8.0398193359375,2.0483221476509827,0.8578666379400369
9.85610107421875,6.698428955078124,8.0398193359375,4.126174496644578,0.9531993950197069
9.85610107421875,3.9166174316406246,1.0450439453125,3.3583892617451356,0.7734364232259973
4.98792724609375,6.698428955078124,1.0450439453125,1.829530201342254,0.7634530867762604
4.86110107421875,8.914117431640625,3.0898193359375004,2.1114093959731397,0.9032687951373699
9.98292724609375,8.914117431640625,3.0898193359375004,4.144966442953305,0.9462806134046012
4.86110107421875,1.7009289550781248,3.0898193359375004,1.2912751677852168,0.5403846235557604
4.86110107421875,8.914117431640625,5.9950439453125,2.1691275167785173,0.9283163734077398
9.98292724609375,1.7009289550781248,5.9950439453125,3.5261744966444892,0.8044241760248345
3.6123510742187497,2.6672424316406245,1.8523193359375,1.0067114093959602,0.5322998126463826
8.73417724609375,2.6672424316406245,1.8523193359375,2.924832214765206,0.751157513793182
3.6123510742187497,0.45155395507812496,1.8523193359375,0.375838926174495,0.07136760713010099
3.6123510742187497,2.6672424316406245,9.7075439453125,1.3704697986576986,0.7431505914110701
8.73417724609375,0.45155395507812496,9.7075439453125,1.2510067114093786,0.29663823825028324
8.60735107421875,7.664742431640624,6.8023193359375,3.6429530201344393,0.9509685479775181
3.73917724609375,7.664742431640624,6.8023193359375,1.7046979865771557,0.9023790422783007
8.60735107421875,5.449053955078124,6.8023193359375,3.5704697986579186,0.9319864233528897
8.60735107421875,7.664742431640624,4.7575439453124995,3.614765100671348,0.9435096668659018
3.73917724609375,5.449053955078124,4.7575439453124995,1.5959731543623925,0.844263224889416
6.10985107421875,0.168492431640625,4.3273193359375,0.3744966442953004,0.029681578221028414
6.23667724609375,0.168492431640625,4.3273193359375,0.3744966442953004,0.029649127489391715
6.10985107421875,7.9478039550781245,4.3273193359375,2.62013422818798,0.9241472148500259
6.10985107421875,0.168492431640625,2.2825439453125003,0.37181208053691117,0.02842176318616557
6.23667724609375,7.9478039550781245,2.2825439453125003,2.5852348993289143,0.895436911865545
1.11485107421875,5.165992431640625,9.2773193359375,0.6026845637583835,0.7022676689629581
1.24167724609375,5.165992431640625,9.2773193359375,0.652348993288584,0.72139222130522
1.11485107421875,2.9503039550781245,9.2773193359375,0.44966442953019836,0.4483282129577406
1.11485107421875,5.165992431640625,7.2325439453125,0.5879194630872429,0.6816171864129144
1.24167724609375,2.9503039550781245,7.2325439453125,0.4738255033557013,0.4593370126515849
0.80266357421875,0.48083618164062497,0.3054443359375,0.36510067114093814,0.07408427855703044
9.04636474609375,0.48083618164062497,0.3054443359375,0.38791946308724645,0.056198927437711994
0.80266357421875,7.010772705078124,0.3054443359375,0.3959731543624141,0.46079760727070884
0.80266357421875,0.48083618164062497,4.4481689453125,0.36644295302013274,0.08077228620198651
9.04636474609375,7.010772705078124,4.4481689453125,3.762416107382779,0.9390994871728753
5.79766357421875,5.478336181640625,5.2554443359375,2.4268456375839245,0.8952599409344976
4.05136474609375,5.478336181640625,5.2554443359375,1.7328859060402424,0.8602065593555076
5.79766357421875,2.013272705078125,5.2554443359375,1.9624161073825201,0.7215916589406727
5.79766357421875,5.478336181640625,9.3981689453125,2.477852348993328,0.914303348967382
4.05136474609375,2.013272705078125,9.3981689453125,1.3919463087248123,0.68675321119377
8.29516357421875,2.9795861816406246,2.7804443359375,3.0161073825504543,0.8125560911190416
6.54886474609375,2.9795861816406246,2.7804443359375,2.328859060402702,0.7718997847552371
8.29516357421875,4.512022705078125,2.7804443359375,3.2416107382551855,0.8739586635770957
8.29516357421875,2.9795861816406246,6.9231689453125,3.238926174496796,0.8736703769358638
6.54886474609375,4.512022705078125,6.9231689453125,2.6993288590604747,0.8967462773795185
3.30016357421875,7.977086181640624,7.7304443359375,1.5449664429529975,0.9014144836441319
1.55386474609375,7.977086181640624,7.7304443359375,0.8496644295301912,0.8345537948338305
3.30016357421875,9.509522705078124,7.7304443359375,1.5718120805368896,0.9171175596888052
3.30016357421875,7.977086181640624,1.9731689453125,1.3986577181207853,0.8143610853137465
1.55386474609375,9.509522705078124,1.9731689453125,0.7677852348993202,0.7489791607079437
4.54891357421875,4.228961181640624,6.4929443359375,1.8765100671140653,0.8479439504400987
0.30511474609375,4.228961181640624,6.4929443359375,0.3798657718120788,0.49109563137491424
4.54891357421875,8.260147705078126,6.4929443359375,2.037583892617424,0.9211065881728894
4.54891357421875,4.228961181640624,3.2106689453125004,1.7637583892617184,0.7958501742632736
0.30511474609375,8.260147705078126,3.2106689453125004,0.38791946308724645,0.6469695270231307
9.54391357421875,9.226461181640625,1.5429443359375001,3.856375838926417,0.9166772863932173
5.30011474609375,9.226461181640625,1.5429443359375001,2.179865771812076,0.8668882156987523
9.54391357421875,3.2626477050781246,1.5429443359375001,3.310067114094122,0.7853070212720901
9.54391357421875,9.226461181640625,8.1606689453125,4.060402684564031,0.964877752404014
5.30011474609375,3.2626477050781246,8.1606689453125,2.107382550335555,0.8387272793516709
7.04641357421875,1.7302111816406247,8.9679443359375,2.469798657718159,0.7688605651546137
2.80261474609375,1.7302111816406247,8.9679443359375,0.8053691275167691,0.5034045647988574
7.04641357421875,0.7638977050781249,8.9679443359375,1.5865771812080303,0.4803086746192238
7.04641357421875,1.7302111816406247,5.6856689453125,2.361073825503378,0.7340183843964464
2.80261474609375,0.7638977050781249,5.6856689453125,0.3932885906040249,0.13000971255529684
2.05141357421875,6.7277111816406245,4.0179443359375,0.9637583892617327,0.79053867739511
7.79761474609375,6.7277111816406245,4.0179443359375,3.244295302013575,0.9246736359261962
2.05141357421875,5.761397705078124,4.0179443359375,0.9248322147650891,0.7570959192945593
2.05141357421875,6.7277111816406245,0.7356689453125,0.7127516778523413,0.5669257562890568
7.79761474609375,5.761397705078124,0.7356689453125,2.672483221476578,0.7590002735882612
1.4270385742187501,3.6042736816406244,9.5866943359375,0.6295302013422757,0.6288512439056381
5.92448974609375,3.6042736816406244,9.5866943359375,2.4107382550335865,0.873144179012431
1.4270385742187501,1.3885852050781249,9.5866943359375,0.3959731543624141,0.229036936719679
1.4270385742187501,3.6042736816406244,1.3544189453125002,0.4348993288590577,0.37803033920730145
5.92448974609375,1.3885852050781249,1.3544189453125002,1.079194630872469,0.3702250285563992
6.42203857421875,8.601773681640625,4.6366943359374995,2.7651006711410213,0.9343182341982217
0.92948974609375,8.601773681640625,4.6366943359374995,0.5879194630872429,0.7578126467090214
6.42203857421875,6.386085205078125,4.6366943359374995,2.7020134228188644,0.9128898830744606
6.42203857421875,8.601773681640625,6.3044189453124995,2.7879194630873334,0.94212180180347
0.92948974609375,6.386085205078125,6.3044189453124995,0.5543624161073777,0.7066436878769276
8.91953857421875,1.1055236816406249,7.1116943359375,2.7302013422819558,0.6876776149573521
8.42198974609375,1.1055236816406249,7.1116943359375,2.5342281879195108,0.6714220048564906
8.91953857421875,8.884835205078126,7.1116943359375,3.794630872483455,0.9593981492619299
8.91953857421875,1.1055236816406249,8.7794189453125,2.798657718120892,0.7055464047050173
8.42198974609375,8.884835205078126,8.7794189453125,3.608053691275374,0.9604312072902227
3.92453857421875,6.103023681640624,2.1616943359375003,1.5758389261744734,0.8009723868184004
3.4269897460937497,6.103023681640624,2.1616943359375003,1.3812080536912554,0.7804051804778314
3.92453857421875,3.8873352050781245,2.1616943359375003,1.38255033557045,0.6996061736240745
3.92453857421875,6.103023681640624,3.8294189453125003,1.6738255033556797,0.8520570977868533
3.4269897460937497,3.8873352050781245,3.8294189453125003,1.3234899328858873,0.7471905328609187
2.6757885742187497,2.3548986816406248,3.3991943359375,0.7664429530201256,0.4971758981256249
4.6757397460937495,2.3548986816406248,3.3991943359375,1.508724832214743,0.6613356658874834
2.6757885742187497,2.637960205078125,3.3991943359375,0.8281879194630775,0.5457688305090845
2.6757885742187497,2.3548986816406248,0.11691894531250001,0.4013422818791925,0.20266420366713592
4.6757397460937495,2.637960205078125,0.11691894531250001,0.7422818791946226,0.3006831638649685
7.67078857421875,7.352398681640624,8.3491943359375,3.276510067114251,0.9477375895386445
9.67073974609375,7.352398681640624,8.3491943359375,4.0724832214767845,0.9571459789176542
7.67078857421875,7.635460205078124,8.3491943359375,3.2818791946310304,0.9493198124129447
7.67078857421875,7.352398681640624,5.0669189453125,3.238926174496796,0.9367649858169222
9.67073974609375,7.635460205078124,5.0669189453125,4.042953020134498,0.9501087680828197
5.17328857421875,4.853648681640625,0.9241943359375,1.6885906040268204,0.6810048037186283
2.17823974609375,4.853648681640625,0.9241943359375,0.6778523489932815,0.510278478476204
5.17328857421875,5.136710205078124,0.9241943359375,1.720805369127491,0.6945010308336661
5.17328857421875,4.853648681640625,7.5419189453125,2.181208053691271,0.8861794500533724
2.17823974609375,5.136710205078124,7.5419189453125,1.0053691275167655,0.7923308583349407
0.17828857421875002,9.851148681640625,5.8741943359375,0.38389261744966263,0.7180358532120776
7.17323974609375,9.851148681640625,5.8741943359375,3.103355704698118,0.9523044450656455
0.17828857421875002,0.13921020507812498,5.8741943359375,0.36375838926174353,0.024613043563762545
0.17828857421875002,9.851148681640625,2.5919189453125,0.3771812080536896,0.6843102100805906
7.17323974609375,0.13921020507812498,2.5919189453125,0.37181208053691117,0.023753886122904546
0.25633544921875,3.370015869140625,1.1562255859375001,0.36778523489932735,0.3866876711843257
0.85144287109375,3.370015869140625,1.1562255859375001,0.38389261744966263,0.360616497649105
0.25633544921875,4.746280517578125,1.1562255859375001,0.37046979865771656,0.47441836415134064
0.25633544921875,3.370015869140625,0.9677001953125,0.36778523489932735,0.3842111138557594
0.85144287109375,4.746280517578125,0.9677001953125,0.3932885906040249,0.42417611142812073
5.25133544921875,8.367515869140625,6.1062255859375,2.3154362416107537,0.9290307606094497
5.84644287109375,8.367515869140625,6.1062255859375,2.5530201342282384,0.935265651162696
5.25133544921875,9.743780517578125,6.1062255859375,2.3395973154362606,0.9387529157483006
5.25133544921875,8.367515869140625,5.9177001953124995,2.314093959731559,0.9284604528373583
5.84644287109375,9.743780517578125,5.9177001953124995,2.5744966442953556,0.943171500314226
7.74883544921875,0.871265869140625,3.6312255859375,1.6201342281878954,0.45046546554880157
3.3489428710937497,0.871265869140625,3.6312255859375,0.40402684563758173,0.14059883420711528
7.74883544921875,7.245030517578124,3.6312255859375,3.230872483221627,0.9259543479884766
7.74883544921875,0.871265869140625,8.3927001953125,2.0255033557046707,0.5731933457088669
3.3489428710937497,7.245030517578124,8.3927001953125,1.5516778523489705,0.8951943886373316
2.75383544921875,5.868765869140624,8.5812255859375,1.2751677852348815,0.8521535910720776
8.34394287109375,5.868765869140624,8.5812255859375,3.5006711409397875,0.9396180933831824
2.75383544921875,2.2475305175781246,8.5812255859375,0.9342281879194514,0.6109535945185169
2.75383544921875,5.868765869140624,3.4427001953125003,1.1852348993288429,0.7903403364634429
8.34394287109375,2.2475305175781246,3.4427001953125003,2.9127516778524525,0.7803494656906378
4.00258544921875,2.1206408691406247,7.3437255859374995,1.3651006711409202,0.6795352529919589
9.59269287109375,2.1206408691406247,7.3437255859374995,3.581208053691477,0.8475404006124239
4.00258544921875,0.9981555175781249,7.3437255859374995,0.7395973154362334,0.32700428529516895
4.00258544921875,2.1206408691406247,2.2052001953125,1.04161073825502,0.5057369959262479
9.59269287109375,0.9981555175781249,2.2052001953125,2.1503355704697897,0.49999152785257955
8.99758544921875,7.118140869140625,2.3937255859375,3.6563758389263876,0.916765346236163
4.5976928710937495,7.118140869140625,2.3937255859375,1.9127516778523197,0.8562530872104973
8.99758544921875,5.9956555175781245,2.3937255859375,3.59865771812101,0.9021895606799273
8.99758544921875,7.118140869140625,7.1552001953125,3.787919463087481,0.9502102322846462
4.5976928710937495,5.9956555175781245,7.1552001953125,2.0013422818791637,0.896768271522216
6.50008544921875,4.6193908691406245,9.8187255859375,2.7181208053692023,0.9089841576730595
7.09519287109375,4.6193908691406245,9.8187255859375,2.954362416107492,0.9153532888198033
6.50008544921875,8.494405517578125,9.8187255859375,2.8402684563759317,0.9499107476778996
6.50008544921875,4.6193908691406245,9.6302001953125,2.7167785234900075,0.9085272463024066
7.09519287109375,8.494405517578125,9.6302001953125,3.0765100671142216,0.9532455362372526
1.50508544921875,9.616890869140626,4.8687255859375,0.8335570469798559,0.8343714483588044
2.10019287109375,9.616890869140626,4.8687255859375,1.0697986577181067,0.8657009670215412
1.50508544921875,3.4969055175781247,4.8687255859375,0.5865771812080482,0.554665854389849
1.50508544921875,9.616890869140626,4.6802001953125,0.8308724832214667,0.8315825167692483
2.10019287109375,3.4969055175781247,4.6802001953125,0.8013422818791853,0.635497967177969
2.1294604492187497,0.24657836914062498,9.1999755859375,0.37046979865771656,0.044340214223583044
3.97331787109375,0.24657836914062498,9.1999755859375,0.3771812080536896,0.04499802055529401
2.1294604492187497,9.119093017578125,9.1999755859375,1.1073825503355557,0.8881499851264212
2.1294604492187497,0.24657836914062498,2.8239501953125004,0.36778523489932735,0.04190875556174097
3.97331787109375,9.119093017578125,2.8239501953125004,1.7530201342281615,0.883745903771193
7.12446044921875,5.244078369140625,4.2499755859374995,2.915436241610842,0.8996947692860082
8.96831787109375,5.244078369140625,4.2499755859374995,3.6483221476512186,0.917626448143188
7.12446044921875,4.121593017578125,4.2499755859374995,2.829530201342373,0.8730465112809319
7.12446044921875,5.244078369140625,7.7739501953125,2.9812080536913887,0.9202884213014608
8.96831787109375,4.121593017578125,7.7739501953125,3.646979865772024,0.9174745007176128
9.62196044921875,2.7453283691406245,6.7249755859375,3.723489932886129,0.878876100154471
1.47581787109375,2.7453283691406245,6.7249755859375,0.5208053691275125,0.4710453896797785
9.62196044921875,1.6228430175781248,6.7249755859375,3.3758389261746684,0.7963066615414683
9.62196044921875,2.7453283691406245,5.2989501953125,3.67651006711431,0.8676384203789036
1.47581787109375,1.6228430175781248,5.2989501953125,0.3973154362416087,0.24879298299443686
4.62696044921875,7.742828369140624,1.7749755859375,1.8899328859060114,0.8412910895677663
6.47081787109375,7.742828369140624,1.7749755859375,2.618791946308785,0.8783468196553759
4.62696044921875,6.620343017578124,1.7749755859375,1.8362416107382271,0.816974996530093
4.62696044921875,7.742828369140624,0.34895019531250004,1.4563758389261534,0.6421895112949264
6.47081787109375,6.620343017578124,0.34895019531250004,1.9906040268456069,0.6630315520609178
3.37821044921875,3.9947033691406246,3.0124755859375,1.2671140939597139,0.7221507123067556
5.22206787109375,3.9947033691406246,3.0124755859375,1.9892617449664123,0.8005332712959105
3.37821044921875,5.370968017578124,3.0124755859375,1.3812080536912554,0.789645365397889
3.37821044921875,3.9947033691406246,4.0614501953125,1.324832214765082,0.7567059358494908
5.22206787109375,5.370968017578124,4.0614501953125,2.1597315436241535,0.8702001392610808
8.37321044921875,8.992203369140626,7.9624755859375,3.5852348993290617,0.9593205471461578
0.22706787109375,8.992203369140626,7.9624755859375,0.39060402684563567,0.7086292212623151
8.37321044921875,0.373468017578125,7.9624755859375,0.5530201342281831,0.1059392131506369
8.37321044921875,8.992203369140626,9.0114501953125,3.591946308725036,0.9610961487597969
0.22706787109375,0.373468017578125,9.0114501953125,0.36375838926174353,0.06493442231992996
5.87571044921875,1.4959533691406248,0.5374755859375,0.7999999999999907,0.2648803113171198
7.71956787109375,1.4959533691406248,0.5374755859375,1.249664429530184,0.34282201038307913
5.87571044921875,2.8722180175781244,0.5374755859375,1.362416107382531,0.4848446265877933
5.87571044921875,1.4959533691406248,6.5364501953125,1.816107382550308,0.6579237647936554
7.71956787109375,2.8722180175781244,6.5364501953125,2.9838926174497784,0.8579173463158628
0.8807104492187501,6.493453369140624,5.4874755859375,0.5315436241610694,0.6910494188127544
2.72456787109375,6.493453369140624,5.4874755859375,1.2523489932885732,0.8431592924306954
0.8807104492187501,7.8697180175781245,5.4874755859375,0.5651006711409345,0.7451514858487367
0.8807104492187501,6.493453369140624,1.5864501953125,0.44563758389261454,0.5436218122584318
2.72456787109375,7.8697180175781245,1.5864501953125,1.1315436241610586,0.7586641808406398
1.1928979492187501,1.8082971191406247,3.9406005859375,0.38926174496644106,0.26246821464154113
7.40738037109375,1.8082971191406247,3.9406005859375,2.416107382550366,0.7182616916294008
1.1928979492187501,1.9351867675781247,3.9406005859375,0.39060402684563567,0.275817317185473
1.1928979492187501,1.8082971191406247,9.3208251953125,0.3999999999999979,0.285483300093579
7.40738037109375,1.9351867675781247,9.3208251953125,2.696644295302085,0.8039508337208455
6.18789794921875,6.805797119140625,8.8906005859375,2.675167785234968,0.9335099383847734
2.4123803710937497,6.805797119140625,8.8906005859375,1.1704697986577022,0.8606715526329576
6.18789794921875,6.932686767578124,8.8906005859375,2.6778523489933574,0.9344678718734805
6.18789794921875,6.805797119140625,4.3708251953124995,2.61744966442959,0.9131322839644882
2.4123803710937497,6.932686767578124,4.3708251953124995,1.1221476510066963,0.8241863262822666
8.68539794921875,4.307047119140624,1.4656005859375,3.1489932885907423,0.8137400082891697
9.90488037109375,4.307047119140624,1.4656005859375,3.628187919463296,0.832961925337913
8.68539794921875,9.431436767578125,1.4656005859375,3.511409395973346,0.908599940099959
8.68539794921875,4.307047119140624,1.8958251953125,3.255033557047134,0.8416720411550052
9.90488037109375,9.431436767578125,1.8958251953125,4.0496644295304725,0.930933619197094
3.6903979492187498,9.304547119140626,6.4156005859375,1.714093959731518,0.9168159313660943
4.90988037109375,9.304547119140626,6.4156005859375,2.1999999999999984,0.9337631383674547
3.6903979492187498,4.433936767578125,6.4156005859375,1.5489932885905813,0.8279331548504536
3.6903979492187498,9.304547119140626,6.8458251953125,1.7181208053691017,0.9189748512559711
4.90988037109375,4.433936767578125,6.8458251953125,2.0416107382550086,0.8663010597596861
4.93914794921875,3.0576721191406246,7.6531005859375,1.928859060402655,0.8140808558793273
3.66113037109375,3.0576721191406246,7.6531005859375,1.4214765100670936,0.7633663018558025
4.93914794921875,3.1845617675781246,7.6531005859375,1.9463087248321849,0.8215238297493511
4.93914794921875,3.0576721191406246,8.0833251953125,1.9369127516778226,0.8175207435639662
3.66113037109375,3.1845617675781246,8.0833251953125,1.4456375838925966,0.7767257477351999
9.93414794921875,8.055172119140625,2.7031005859375004,4.083221476510343,0.9362496862025504
8.65613037109375,8.055172119140625,2.7031005859375004,3.575838926174698,0.9284222404114992
9.93414794921875,8.182061767578125,2.7031005859375004,4.087248322147928,0.9371775166776499
9.93414794921875,8.055172119140625,3.1333251953125,4.10469798657746,0.9412440154128412
8.65613037109375,8.182061767578125,3.1333251953125,3.6013422818793996,0.9351164832281847
7.43664794921875,0.558922119140625,5.1781005859375,0.9369127516778406,0.2464858585024557
1.1636303710937501,0.558922119140625,5.1781005859375,0.37046979865771656,0.09436665873066366
7.43664794921875,5.683311767578124,5.1781005859375,3.08724832214778,0.9176174901644248
7.43664794921875,0.558922119140625,0.6583251953125,0.3932885906040249,0.07021330691817024
1.1636303710937501,5.683311767578124,0.6583251953125,0.4335570469798631,0.4395736072792808
2.44164794921875,5.556422119140625,0.22810058593750002,0.6375838926174433,0.4342979275210058
6.15863037109375,5.556422119140625,0.22810058593750002,1.676510067114069,0.5794709697994168
2.44164794921875,0.6858117675781249,0.22810058593750002,0.37046979865771656,0.09305726954997469
2.44164794921875,5.556422119140625,5.6083251953125,1.1046979865771664,0.8041676235528343
6.15863037109375,0.6858117675781249,5.6083251953125,0.90469798657717,0.2830056256934068
1.81727294921875,4.931734619140625,5.7968505859374995,0.8295302013422721,0.733909005857144
8.03175537109375,4.931734619140625,5.7968505859374995,3.2979865771813683,0.9156461023318343
1.81727294921875,6.307999267578125,5.7968505859374995,0.891275167785224,0.7920178812093768
1.81727294921875,4.931734619140625,7.4645751953124995,0.8523489932885804,0.7556666940579796
8.03175537109375,6.307999267578125,7.4645751953124995,3.3825503355706426,0.9392715707396476
6.81227294921875,9.929234619140624,0.8468505859375,2.633557046979928,0.8439452221163387
3.03675537109375,9.929234619140624,0.8468505859375,1.194630872483205,0.7378674513163304
6.81227294921875,1.3104992675781248,0.8468505859375,1.0510067114093822,0.316369118605154
6.81227294921875,9.929234619140624,2.5145751953125,2.8832214765101662,0.9253044946000555
3.03675537109375,1.3104992675781248,2.5145751953125,0.4362416107382523,0.19904672078800528
9.30977294921875,2.432984619140625,8.2718505859375,3.5704697986579186,0.8683355371981547
5.53425537109375,2.432984619140625,8.2718505859375,2.0671140939597104,0.7927255199563876
9.30977294921875,3.8092492675781244,8.2718505859375,3.763758389261974,0.9154859267769907
9.30977294921875,2.432984619140625,4.9895751953125,3.4671140939599168,0.842825430683136
5.53425537109375,3.8092492675781244,4.9895751953125,2.194630872483219,0.841866559289765
4.31477294921875,7.430484619140624,3.3218505859375003,1.8617449664429246,0.878244532465575
0.53925537109375,7.430484619140624,3.3218505859375003,0.4187919463087224,0.6266923790277201
4.31477294921875,8.806749267578125,3.3218505859375003,1.9006711409395682,0.8967315221881719
4.31477294921875,7.430484619140624,9.9395751953125,1.948993288590574,0.9200222077958302
0.53925537109375,8.806749267578125,9.9395751953125,0.4751677852348959,0.7615162054956452
3.06602294921875,1.183609619140625,2.0843505859375,0.40805369127516555,0.1686684379025286
1.78800537109375,1.183609619140625,2.0843505859375,0.3812080536912734,0.1716067477408885
3.06602294921875,7.557374267578124,2.0843505859375,1.3020134228187736,0.801435261484694
3.06602294921875,1.183609619140625,6.2270751953125,0.54630872483221,0.2725172003546454
1.78800537109375,7.557374267578124,6.2270751953125,0.9208053691275053,0.8281575779011938
8.06102294921875,6.181109619140624,7.0343505859375,3.385234899329032,0.936963460676101
6.78300537109375,6.181109619140624,7.0343505859375,2.876510067114192,0.9269284064350622
8.06102294921875,2.5598742675781248,7.0343505859375,3.073825503355832,0.8504540299011589
8.06102294921875,6.181109619140624,1.2770751953125001,3.0536912751679095,0.8438499207068404
6.78300537109375,2.5598742675781248,1.2770751953125001,1.948993288590574,0.6220156600242241
5.56352294921875,3.6823596191406245,4.5593505859375,2.1758389261744915,0.8307929120236808
4.28550537109375,3.6823596191406245,4.5593505859375,1.6697986577180959,0.7911799120988234
5.56352294921875,0.061124267578124995,4.5593505859375,0.36644295302013274,0.0108332645804599
5.56352294921875,3.6823596191406245,3.7520751953125,2.1369127516778414,0.8156167133277014
4.28550537109375,0.061124267578124995,3.7520751953125,0.36510067114093814,0.010720213872021454
0.56852294921875,8.679859619140625,9.5093505859375,0.48322147651006353,0.7608520414025681
9.28050537109375,8.679859619140625,9.5093505859375,0.2993288590604024,0.07496711697823356
0.56852294921875,5.058624267578124,9.5093505859375,0.4161073825503332,0.5762688163392771
0.56852294921875,8.679859619140625,8.7020751953125,0.4805369127516743,0.7554099424895422
9.28050537109375,5.058624267578124,8.7020751953125,3.840268456376079,0.9368179062406227
0.41242919921875004,0.7150939941406249,6.8796630859375,0.36644295302013274,0.11901878491362272
6.00253662109375,0.7150939941406249,6.8796630859375,0.9986577181207925,0.3269427844603503
0.41242919921875004,3.653077392578125,6.8796630859375,0.382550335570468,0.45032425117896224
0.41242919921875004,0.7150939941406249,9.7848876953125,0.36778523489932735,0.1211832252805767
6.00253662109375,3.653077392578125,9.7848876953125,2.4483221476510417,0.8768881680531225
5.4074291992187495,5.712593994140624,1.9296630859375001,2.1060402684563604,0.8230229144954639
1.00753662109375,5.712593994140624,1.9296630859375001,0.46979865771811746,0.540963731568305
5.4074291992187495,8.650577392578125,1.9296630859375001,2.249664429530207,0.879894539575505
5.4074291992187495,5.712593994140624,4.8348876953125,2.273825503355714,0.8898625220032936
1.00753662109375,8.650577392578125,4.8348876953125,0.621476510067108,0.7719937016978401
7.90492919921875,3.2138439941406247,9.3546630859375,3.1543624161075217,0.8883337574939966
8.50003662109375,3.2138439941406247,9.3546630859375,3.3919463087250064,0.8953880064092021
7.90492919921875,6.151827392578125,9.3546630859375,3.3422818791947977,0.9413482712848555
7.90492919921875,3.2138439941406247,2.3598876953125,2.8510067114094904,0.8014649129273579
8.50003662109375,6.151827392578125,2.3598876953125,3.4080536912753443,0.8991293317153742
2.90992919921875,8.211343994140625,4.4046630859375,1.355704697986558,0.8696234215511246
3.50503662109375,8.211343994140625,4.4046630859375,1.5919463087248087,0.8862824781335943
2.90992919921875,1.1543273925781248,4.4046630859375,0.43087248322147387,0.19385918252627515
2.90992919921875,8.211343994140625,7.3098876953125,1.3906040268456177,0.8924028325862428
3.50503662109375,1.1543273925781248,7.3098876953125,0.7073825503355629,0.34846360810979
4.15867919921875,4.463218994140624,0.6921630859375,1.1959731543623997,0.5709031358892812
4.75378662109375,4.463218994140624,0.6921630859375,1.393288590604007,0.5989174546556185
4.15867919921875,2.4037023925781247,0.6921630859375,0.8201342281879098,0.37351552292044765
4.15867919921875,4.463218994140624,8.5473876953125,1.765100671140913,0.8581712065128118
4.75378662109375,2.4037023925781247,8.5473876953125,1.7557046979865507,0.764059236516991
9.15367919921875,9.460718994140626,5.6421630859375,3.8832214765103137,0.9591113022216964
9.74878662109375,9.460718994140626,5.6421630859375,4.1194630872486035,0.961125285593393
9.15367919921875,7.401202392578124,5.6421630859375,3.840268456376079,0.9484672896643029
9.15367919921875,9.460718994140626,3.5973876953125004,3.8456375838928585,0.9497089845075624
9.74878662109375,7.401202392578124,3.5973876953125004,4.02953020134255,0.9399690357258172
6.65617919921875,1.9644689941406248,3.1671630859375,2.107382550335555,0.6867439572199077
2.25628662109375,1.9644689941406248,3.1671630859375,0.5154362416107341,0.3354000108115538
6.65617919921875,9.899952392578125,3.1671630859375,2.8483221476511007,0.9328704547619466
6.65617919921875,1.9644689941406248,1.1223876953125,1.5825503355704464,0.5078821131059555
2.25628662109375,9.899952392578125,1.1223876953125,0.9583892617449543,0.7330723652677784
1.6611791992187501,6.961968994140625,8.1171630859375,0.8711409395973049,0.8208035941318004
7.25128662109375,6.961968994140625,8.1171630859375,3.096644295302144,0.941281344718975
1.6611791992187501,4.902452392578125,8.1171630859375,0.7946308724832123,0.744843783874666
1.6611791992187501,6.961968994140625,6.0723876953125,0.853691275167775,0.8035432535008131
7.25128662109375,4.902452392578125,6.0723876953125,2.9906040268457525,0.9088721537999519
2.28555419921875,2.589156494140625,3.7859130859375,0.7020134228187844,0.5073061181485699
9.12441162109375,2.589156494140625,3.7859130859375,3.355704697986746,0.8304032583015832
2.28555419921875,8.025889892578125,3.7859130859375,1.0899328859060258,0.8314665621991588
2.28555419921875,2.589156494140625,6.6911376953124995,0.7919463087248231,0.5859554935946347
9.12441162109375,8.025889892578125,6.6911376953124995,3.856375838926417,0.9552459012960308
7.28055419921875,7.586656494140624,8.7359130859375,3.12885906040282,0.9477086328225723
4.12941162109375,7.586656494140624,8.7359130859375,1.8724832214764815,0.915833582582958
7.28055419921875,3.0283898925781245,8.7359130859375,2.8738255033558024,0.8702977314922475
7.28055419921875,7.586656494140624,1.7411376953125002,2.9275167785235956,0.885905009896738
4.12941162109375,3.0283898925781245,1.7411376953125002,1.249664429530184,0.6019669839683801
9.77805419921875,0.090406494140625,1.3109130859375002,0.36912751677852196,0.014937379136461348
6.6269116210937495,0.090406494140625,1.3109130859375002,0.36644295302013274,0.01502561946456435
9.77805419921875,0.5296398925781249,1.3109130859375002,0.6295302013422757,0.11795528928001461
9.77805419921875,0.090406494140625,4.2161376953125,0.37181208053691117,0.015960838090081697
6.6269116210937495,0.5296398925781249,4.2161376953125,0.4765100671140905,0.10911508544800652
4.78305419921875,5.087906494140625,6.2609130859375,2.021476510067086,0.8766222990553436
1.63191162109375,5.087906494140625,6.2609130859375,0.7731543624160986,0.7314397776584827
4.78305419921875,5.527139892578124,6.2609130859375,2.0442953020133983,0.8865443408135594
4.78305419921875,5.087906494140625,9.1661376953125,2.053691275167762,0.8907914409128044
1.63191162109375,5.527139892578124,9.1661376953125,0.8201342281879098,0.7796504459655658
3.53430419921875,1.3397814941406248,9.9734130859375,0.9114093959731431,0.4777462403241777
0.38316162109375,1.3397814941406248,9.9734130859375,0.37046979865771656,0.21214741743249424
3.53430419921875,6.776514892578124,9.9734130859375,1.6228187919462846,0.8979677678719495
3.53430419921875,1.3397814941406248,5.4536376953125,0.7838926174496554,0.39806944349543616
0.38316162109375,6.776514892578124,5.4536376953125,0.3973154362416087,0.6236719959786832
8.52930419921875,6.337281494140624,5.0234130859374995,3.5463087248324117,0.9332071103772848
5.37816162109375,6.337281494140624,5.0234130859374995,2.2939597315436364,0.901913441647443
8.52930419921875,1.7790148925781248,5.0234130859374995,2.93154362416118,0.770253690105153
8.52930419921875,6.337281494140624,0.5036376953125,2.829530201342373,0.7415107525244768
5.37816162109375,1.7790148925781248,0.5036376953125,0.8201342281879098,0.2964515757860302
6.03180419921875,3.8385314941406246,7.4984130859375,2.4496644295302366,0.873616773623338
2.8806616210937497,3.8385314941406246,7.4984130859375,1.1973154362415943,0.7723397615406828
6.03180419921875,4.277764892578125,7.4984130859375,2.485906040268497,0.8865814392197227
6.03180419921875,3.8385314941406246,2.9786376953125,2.2872483221476623,0.8146528629822005
2.8806616210937497,4.277764892578125,2.9786376953125,1.1020134228187772,0.707368435261375
1.03680419921875,8.836031494140625,2.5484130859375003,0.5879194630872429,0.712883761029824
7.87566162109375,8.836031494140625,2.5484130859375003,3.2805369127518356,0.92663921235666
1.03680419921875,9.275264892578125,2.5484130859375003,0.5973154362416051,0.7258914203185476
1.03680419921875,8.836031494140625,7.9286376953125,0.6617449664429462,0.814012267416655
7.87566162109375,9.275264892578125,7.9286376953125,3.3919463087250064,0.9584843894229402
0.72461669921875,4.150875244140624,8.4265380859375,0.420134228187917,0.5166054344981532
1.9440991210937502,4.150875244140624,8.4265380859375,0.8630872483221372,0.7307814851432407
0.72461669921875,0.841983642578125,8.4265380859375,0.37181208053691117,0.14094798243515538
0.72461669921875,4.150875244140624,0.1942626953125,0.375838926174495,0.3685272955150872
1.9440991210937502,0.841983642578125,0.1942626953125,0.36912751677852196,0.11160825839160315
5.71961669921875,9.148375244140626,3.4765380859375004,2.471140939597354,0.9221674477600057
6.93909912109375,9.148375244140626,3.4765380859375004,2.955704697986687,0.9335489040755176
5.71961669921875,5.8394836425781245,3.4765380859375004,2.359731543624183,0.8803406103266238
5.71961669921875,9.148375244140626,5.1442626953124995,2.5046979865772245,0.9348768592082337
6.93909912109375,5.8394836425781245,5.1442626953124995,2.8966442953021145,0.9149153829784624
8.21711669921875,1.6521252441406247,5.9515380859375,2.798657718120892,0.7602037878846968
4.44159912109375,1.6521252441406247,5.9515380859375,1.318120805369109,0.5981117034459743
8.21711669921875,8.338233642578125,5.9515380859375,3.4939597315438133,0.9506668789435084
8.21711669921875,1.6521252441406247,7.6192626953125,2.8644295302014386,0.7785302613008893
4.44159912109375,8.338233642578125,7.6192626953125,2.0053691275167482,0.9244938234376379
3.2221166992187498,6.6496252441406245,1.0015380859375,1.1583892617449507,0.6817425984912522
9.43659912109375,6.6496252441406245,1.0015380859375,3.5328859060404634,0.8474912730237775
3.2221166992187498,3.3407336425781247,1.0015380859375,0.8416107382550235,0.47940107347421596
3.2221166992187498,6.6496252441406245,2.6692626953125003,1.3677852348993094,0.8112466352821079
9.43659912109375,3.3407336425781247,2.6692626953125003,3.5261744966444892,0.8463939064165125
4.47086669921875,0.402750244140625,4.7140380859375,0.38523489932885724,0.06985879513040419
8.18784912109375,0.402750244140625,4.7140380859375,0.4416107382550307,0.07769191144250863
4.47086669921875,4.590108642578125,4.7140380859375,1.8322147651006433,0.8394734071796592
4.47086669921875,0.402750244140625,1.4317626953125002,0.375838926174495,0.062224026774467596
8.18784912109375,4.590108642578125,1.4317626953125002,2.9838926174497784,0.8128100001856633
9.46586669921875,5.400250244140625,9.6640380859375,3.936912751678107,0.9434182082757805
3.19284912109375,5.400250244140625,9.6640380859375,1.437583892617429,0.8601815450592749
9.46586669921875,9.587608642578125,9.6640380859375,0.2751677852348995,0.06621214511303156
9.46586669921875,5.400250244140625,6.3817626953125,3.903355704698236,0.9352746434287119
3.19284912109375,9.587608642578125,6.3817626953125,1.5208053691274945,0.9100124299484171
6.96836669921875,2.9015002441406246,2.2390380859375,2.3932885906040537,0.7509098029335481
5.69034912109375,2.9015002441406246,2.2390380859375,1.897986577181179,0.7079682390677468
6.96836669921875,7.088858642578124,2.2390380859375,2.8362416107383472,0.8921158384519268
6.96836669921875,2.9015002441406246,8.8567626953125,2.7328859060403454,0.8600161785804692
5.69034912109375,7.088858642578124,8.8567626953125,2.4832214765101073,0.931031724508713
1.97336669921875,7.899000244140624,7.1890380859375,1.010738255033544,0.8529027403200315
0.69534912109375,7.899000244140624,7.1890380859375,0.5087248322147611,0.7400402148551302
1.97336669921875,2.0913586425781245,7.1890380859375,0.5812080536912698,0.4386933265752645
1.97336669921875,7.899000244140624,3.9067626953125,0.966442953020122,0.8142610004239619
0.69534912109375,2.0913586425781245,3.9067626953125,0.3785234899328842,0.2925638921691077
1.34899169921875,2.2768127441406247,1.6202880859375002,0.39060402684563567,0.2794583928478971
2.56847412109375,2.2768127441406247,1.6202880859375002,0.5583892617449615,0.3445744502499437
1.34899169921875,5.214796142578124,1.6202880859375002,0.5302013422818748,0.5300790978344354
1.34899169921875,2.2768127441406247,3.2880126953125,0.40402684563758173,0.3085461945595982
2.56847412109375,5.214796142578124,3.2880126953125,1.0697986577181067,0.7487580502001643
6.3439916992187495,7.274312744140624,6.5702880859374995,2.7302013422819558,0.9324004667653032
7.56347412109375,7.274312744140624,6.5702880859374995,3.216107382550484,0.9418805073801586
6.3439916992187495,0.217296142578125,6.5702880859374995,0.3812080536912734,0.03934320642225543
6.3439916992187495,7.274312744140624,8.2380126953125,2.744966442953099,0.93749496999515
7.56347412109375,0.217296142578125,8.2380126953125,0.38791946308724645,0.040447345647543556
8.84149169921875,4.7755627441406245,4.0952880859375,3.561073825503555,0.907163716133124
0.07097412109375,4.7755627441406245,4.0952880859375,0.36644295302013274,0.5109038853748957
8.84149169921875,2.716046142578125,4.0952880859375,3.2966442953021735,0.8393809752704324
8.84149169921875,4.7755627441406245,5.7630126953125,3.6093959731545686,0.9196448082269448
0.07097412109375,2.716046142578125,5.7630126953125,0.36510067114093814,0.35905256926205137
3.84649169921875,9.773062744140624,9.0452880859375,1.7999999999999727,0.9318166925930232
5.06597412109375,9.773062744140624,9.0452880859375,2.2859060402684674,0.9453183390294073
3.84649169921875,7.713546142578124,9.0452880859375,1.765100671140913,0.9137284585882874
3.84649169921875,9.773062744140624,0.8130126953125,1.4805369127516563,0.7629398886231473
5.06597412109375,7.713546142578124,0.8130126953125,1.8429530201342001,0.7589185606251361
2.5977416992187496,3.5261877441406244,5.3327880859375,1.0134228187919332,0.7011525014585367
6.31472412109375,3.5261877441406244,5.3327880859375,2.4832214765101073,0.8510203179727198
2.5977416992187496,8.962921142578125,5.3327880859375,1.2617449664429354,0.8798608099833555
2.5977416992187496,3.5261877441406244,4.5255126953125,0.9892617449664303,0.6830139415051131
6.31472412109375,8.962921142578125,4.5255126953125,2.728859060402761,0.9355810999623472
7.59274169921875,8.523687744140625,0.3827880859375,2.5610738255034073,0.7442464359220452
1.31972412109375,8.523687744140625,0.3827880859375,0.5140939597315395,0.5188318043827239
7.59274169921875,3.9654211425781245,0.3827880859375,2.037583892617424,0.587961914905985
7.59274169921875,8.523687744140625,9.4755126953125,3.2751677852350563,0.9559971960944775
1.31972412109375,3.9654211425781245,9.4755126953125,0.6161073825503296,0.6462378153182766
5.09524169921875,1.0274377441406248,7.8077880859375,1.1892617449664267,0.46991731155552946
8.81222412109375,1.0274377441406248,7.8077880859375,2.6322147651007333,0.6697185073815834
5.09524169921875,1.4666711425781247,7.8077880859375,1.539597315436219,0.6267764634205693
5.09524169921875,1.0274377441406248,7.0005126953125,1.157046979865756,0.4554493728148456
8.81222412109375,1.4666711425781247,7.0005126953125,2.9771812080538043,0.759776102802966
0.10024169921875,6.024937744140624,2.8577880859375,0.36778523489932735,0.5680170763173187
3.81722412109375,6.024937744140624,2.8577880859375,1.583892617449641,0.8236388413729119
0.10024169921875,6.464171142578125,2.8577880859375,0.36778523489932735,0.586469775921494
0.10024169921875,6.024937744140624,2.0505126953125,0.36778523489932735,0.5619450500151372
3.81722412109375,6.464171142578125,2.0505126953125,1.5436241610738028,0.8020185832058437
0.13926513671875002,3.9556604003906246,5.1394287109375,0.36912751677852196,0.46184097987457395
9.47562255859375,3.9556604003906246,5.1394287109375,3.7812080536915067,0.9049841038978002
0.13926513671875002,2.2084875488281246,5.1394287109375,0.36644295302013274,0.30748914419406287
0.13926513671875002,3.9556604003906246,7.8899658203125,0.37046979865771656,0.47061909708428373
9.47562255859375,2.2084875488281246,7.8899658203125,3.5731543624163082,0.8551617691808384
5.13426513671875,8.953160400390624,0.18942871093750002,1.5731543624160842,0.6363849675744598
4.48062255859375,8.953160400390624,0.18942871093750002,1.3677852348993094,0.6177952478989283
5.13426513671875,7.205987548828125,0.18942871093750002,1.471140939597294,0.593141207763895
5.13426513671875,8.953160400390624,2.9399658203125,2.2147651006711415,0.9052594114450001
4.48062255859375,7.205987548828125,2.9399658203125,1.9033557046979575,0.8705364260017148
7.63176513671875,1.4569104003906248,7.6144287109375,2.526174496644342,0.7323153342883908
6.97812255859375,1.4569104003906248,7.6144287109375,2.2684563758389347,0.7108169754168867
7.63176513671875,9.704737548828126,7.6144287109375,3.299328859060563,0.9586572547270695
7.63176513671875,1.4569104003906248,0.4649658203125,1.1422818791946154,0.31367834479236145
6.97812255859375,9.704737548828126,0.4649658203125,2.4751677852349383,0.7753409644359432
2.6367651367187497,6.454410400390624,2.6644287109375,1.1288590604026694,0.7762660907291973
1.98312255859375,6.454410400390624,2.6644287109375,0.8765100671140833,0.7320371568333799
2.6367651367187497,4.707237548828124,2.6644287109375,1.02416107382549,0.7007004468183701
2.6367651367187497,6.454410400390624,5.4149658203125,1.2147651006711242,0.8375360982323057
1.98312255859375,4.707237548828124,5.4149658203125,0.8751677852348887,0.7312767973867654
3.88551513671875,0.20753540039062499,1.4269287109375002,0.36778523489932735,0.03388848977284441
0.7343725585937501,0.20753540039062499,1.4269287109375002,0.36375838926174353,0.034613402595394804
3.88551513671875,3.4578625488281247,1.4269287109375002,1.1785234899328698,0.5951882302830543
3.88551513671875,0.20753540039062499,9.1274658203125,0.3744966442953004,0.03782258774822221
0.7343725585937501,3.4578625488281247,9.1274658203125,0.40805369127516555,0.4581638048172963
8.88051513671875,5.205035400390624,6.3769287109374995,3.660402684563972,0.9290233122259721
5.72937255859375,5.205035400390624,6.3769287109374995,2.406711409396002,0.8969091091056383
8.88051513671875,8.455362548828125,6.3769287109374995,3.7651006711411688,0.9556568481956053
8.88051513671875,5.205035400390624,4.1774658203124995,3.608053691275374,0.9155573069793361
5.72937255859375,8.455362548828125,4.1774658203124995,2.477852348993328,0.9233924313798979
6.3830151367187495,2.7062854003906245,3.9019287109375003,2.3073825503355847,0.7824536015004693
3.23187255859375,2.7062854003906245,3.9019287109375003,1.0778523489932743,0.6297182888215329
6.3830151367187495,5.956612548828124,3.9019287109375003,2.6469798657718764,0.8988801230643314
6.3830151367187495,2.7062854003906245,1.7024658203125,1.9919463087248015,0.6721463731875796
3.23187255859375,5.956612548828124,1.7024658203125,1.2456375838926002,0.7344046427287639
1.38801513671875,7.7037854003906245,8.8519287109375,0.78523489932885,0.8245723906613331
8.22687255859375,7.7037854003906245,8.8519287109375,3.5087248322149565,0.9537435455779297
1.38801513671875,0.9591125488281249,8.8519287109375,0.382550335570468,0.161752111857023
1.38801513671875,7.7037854003906245,6.6524658203125,0.7704697986577094,0.8082597954991328
8.22687255859375,0.9591125488281249,6.6524658203125,2.2523489932885967,0.6066771627390786
2.01239013671875,2.0815979003906246,4.5206787109375,0.5288590604026802,0.3793679650037679
5.10499755859375,2.0815979003906246,4.5206787109375,1.6738255033556797,0.6835979251802953
2.01239013671875,6.581300048828124,4.5206787109375,0.9557046979865651,0.7942710918391369
2.01239013671875,2.0815979003906246,6.0337158203125,0.5691275167785184,0.4202968141648792
5.10499755859375,6.581300048828124,6.0337158203125,2.210738255033557,0.908201229275782
7.00739013671875,7.079097900390624,9.4706787109375,3.01208053691287,0.9434878295394806
0.10999755859375,7.079097900390624,9.4706787109375,0.3731543624161058,0.6424803252050959
7.00739013671875,1.5838000488281248,9.4706787109375,2.398657718120833,0.7500251854544042
7.00739013671875,7.079097900390624,1.0837158203125001,2.6469798657718764,0.8274197100064227
0.10999755859375,1.5838000488281248,1.0837158203125001,0.36375838926174353,0.22358123904378518
9.50489013671875,4.580347900390625,2.0456787109375,3.638926174496855,0.8678452508359038
7.6024975585937495,4.580347900390625,2.0456787109375,2.8872483221477507,0.8406081746973868
9.50489013671875,4.082550048828125,2.0456787109375,3.575838926174698,0.8526511129859463
9.50489013671875,4.580347900390625,3.5587158203125,3.7838926174498964,0.9029529122482993
7.6024975585937495,4.082550048828125,3.5587158203125,2.9812080536913887,0.8685706359439311
4.50989013671875,9.577847900390625,6.9956787109375,2.0496644295301776,0.9331739835168869
2.60749755859375,9.577847900390625,6.9956787109375,1.2926174496644114,0.8991093280221324
4.50989013671875,9.080050048828125,6.9956787109375,2.0416107382550086,0.9295060925822014
4.50989013671875,9.577847900390625,8.5087158203125,2.0590604026845414,0.9374910194143411
2.60749755859375,9.080050048828125,8.5087158203125,1.293959731543606,0.9001131263160097
3.26114013671875,3.3309729003906248,8.2331787109375,1.307382550335552,0.7680250052520154
3.8562475585937497,3.3309729003906248,8.2331787109375,1.5422818791946082,0.7958500393545883
3.26114013671875,7.830675048828124,8.2331787109375,1.5288590604026622,0.9002426559688481
3.26114013671875,3.3309729003906248,7.2712158203124995,1.2926174496644114,0.7590053149941505
3.8562475585937497,7.830675048828124,7.2712158203124995,1.7597315436241345,0.9090547052770663
8.25614013671875,8.328472900390626,3.2831787109375004,3.4523489932887736,0.9351979224061688
8.85124755859375,8.328472900390626,3.2831787109375004,3.6885906040270635,0.9388325673559066
8.25614013671875,2.833175048828125,3.2831787109375004,3.025503355704818,0.8187079091332632
8.25614013671875,8.328472900390626,2.3212158203125,3.40134228187937,0.9211896542679954
8.85124755859375,2.833175048828125,2.3212158203125,3.12885906040282,0.7949619943193678
5.75864013671875,0.832222900390625,5.7581787109375,1.0644295302013282,0.3683366391351769
1.35874755859375,0.832222900390625,5.7581787109375,0.3771812080536896,0.13803605397331872
5.75864013671875,0.33442504882812496,5.7581787109375,0.39060402684563567,0.060134133005919875
5.75864013671875,0.832222900390625,4.7962158203125,0.9906040268456249,0.3384722789602772
1.35874755859375,0.33442504882812496,4.7962158203125,0.36778523489932735,0.057554220788897215
0.76364013671875,5.829722900390625,0.8081787109375,0.3946308724832195,0.46380422350003253
6.35374755859375,5.829722900390625,0.8081787109375,2.179865771812076,0.7401356589623601
0.76364013671875,5.331925048828125,0.8081787109375,0.39060402684563567,0.44566227454072926
0.76364013671875,5.829722900390625,9.7462158203125,0.4966442953020096,0.6806325453382344
6.35374755859375,5.331925048828125,9.7462158203125,2.69530201342289,0.9193167592855644
1.07582763671875,1.1445666503906249,9.7800537109375,0.382550335570468,0.1902786099728156
3.54406005859375,1.1445666503906249,9.7800537109375,0.771812080536904,0.3858206770312147
1.07582763671875,4.394893798828124,9.7800537109375,0.5530201342281831,0.6424217104288509
1.07582763671875,1.1445666503906249,2.0118408203125,0.37181208053691117,0.16910436614012653
3.54406005859375,4.394893798828124,2.0118408203125,1.2778523489932707,0.700494451015706
6.07082763671875,6.142066650390625,4.8300537109374995,2.557046979865823,0.9068334284124681
8.53906005859375,6.142066650390625,4.8300537109374995,3.5382550335572427,0.9301103863377012
6.07082763671875,9.392393798828126,4.8300537109374995,2.6442953020134867,0.9379222643072924
6.07082763671875,6.142066650390625,6.9618408203125,2.5906040268456936,0.9189043719994738
8.53906005859375,9.392393798828126,6.9618408203125,3.6510067114096083,0.9598995809119466
8.56832763671875,3.6433166503906245,7.3050537109375,3.4375838926176305,0.9009068541552414
1.04656005859375,3.6433166503906245,7.3050537109375,0.4738255033557013,0.5198183750088929
8.56832763671875,6.8936437988281245,7.3050537109375,3.613422818792153,0.9470912638252253
8.56832763671875,3.6433166503906245,9.4368408203125,3.465771812080722,0.9083834839515998
1.04656005859375,6.8936437988281245,9.4368408203125,0.6335570469798595,0.7726940128869764
3.5733276367187496,8.640816650390626,2.3550537109375003,1.557046979865749,0.8532352297854603
6.04156005859375,8.640816650390626,2.3550537109375003,2.5355704697987056,0.9026543124585996
3.5733276367187496,1.8961437988281247,2.3550537109375003,0.8362416107382451,0.4323477217436772
3.5733276367187496,8.640816650390626,4.4868408203125,1.6308724832214523,0.8944236398903014
6.04156005859375,1.8961437988281247,4.4868408203125,1.966442953020104,0.6971965941031615
4.82207763671875,4.892691650390624,3.5925537109375,1.9503355704697687,0.8395026452476864
7.29031005859375,4.892691650390624,3.5925537109375,2.9302013422819853,0.8860119197880852
4.82207763671875,0.646768798828125,3.5925537109375,0.41073825503355477,0.10799439981119904
4.82207763671875,4.892691650390624,0.7743408203125,1.5060402684563539,0.6421852183818022
7.29031005859375,0.646768798828125,0.7743408203125,0.40536912751677634,0.08074039753508155
9.81707763671875,9.890191650390625,8.5425537109375,0.2805369127516779,0.06571474165696463
2.29531005859375,9.890191650390625,8.5425537109375,1.181208053691259,0.8996444974682694
9.81707763671875,5.644268798828125,8.5425537109375,4.079194630872759,0.9457336851003963
9.81707763671875,9.890191650390625,5.7243408203124995,4.154362416107669,0.9631526237915284
2.29531005859375,5.644268798828125,5.7243408203124995,1.0523489932885768,0.799975856375372
7.3195776367187495,2.393941650390625,1.1175537109375002,2.0053691275167482,0.5979684145800306
9.78781005859375,2.393941650390625,1.1175537109375002,2.902013422818894,0.670535765370925
7.3195776367187495,8.143018798828125,1.1175537109375002,2.8429530201343214,0.8557385173058509
7.3195776367187495,2.393941650390625,8.1993408203125,2.767785234899411,0.8340377646939139
9.78781005859375,8.143018798828125,8.1993408203125,4.1355704697989415,0.9614175750345699
2.32457763671875,7.391441650390624,6.0675537109375,1.1275167785234748,0.8507259198615655
4.79281005859375,7.391441650390624,6.0675537109375,2.110067114093945,0.9136353661689
2.32457763671875,3.1455187988281246,6.0675537109375,0.8791946308724725,0.6532504911065309
2.32457763671875,7.391441650390624,3.2493408203125003,1.0697986577181067,0.8058075176164091
4.79281005859375,3.1455187988281246,3.2493408203125003,1.7194630872482963,0.7419518872398547
1.70020263671875,3.0186291503906246,0.4988037109375,0.3999999999999979,0.28162045359497456
1.6709350585937501,3.0186291503906246,0.4988037109375,0.3986577181208033,0.2823016993764237
1.70020263671875,8.767706298828125,0.4988037109375,0.6362416107382487,0.5689177997862465
1.70020263671875,3.0186291503906246,3.8680908203125,0.5718120805369076,0.4899041124294767
1.6709350585937501,8.767706298828125,3.8680908203125,0.867114093959721,0.8131592262893161
6.69520263671875,8.016129150390626,5.4488037109375,2.8738255033558024,0.9366166476121691
6.66593505859375,8.016129150390626,5.4488037109375,2.863087248322244,0.9366597219785133
6.69520263671875,3.7702062988281244,5.4488037109375,2.665771812080604,0.8685042913321086
6.69520263671875,8.016129150390626,8.8180908203125,2.9046979865772835,0.9467815328838558
6.66593505859375,3.7702062988281244,8.8180908203125,2.712751677852423,0.8874877224060728
9.19270263671875,0.5198791503906249,2.9738037109375,0.9999999999999871,0.21923274793247366
4.16843505859375,0.5198791503906249,2.9738037109375,0.38657718120805185,0.0849484544052887
9.19270263671875,1.2714562988281248,2.9738037109375,2.5812080536913298,0.6304595729322908
9.19270263671875,0.5198791503906249,6.3430908203125,1.515436241610716,0.3534001827774572
4.16843505859375,1.2714562988281248,6.3430908203125,1.0053691275167655,0.4647767287959772
4.19770263671875,5.517379150390624,7.9238037109375,1.829530201342254,0.8829326751579429
9.16343505859375,5.517379150390624,7.9238037109375,3.8080536912754033,0.9396440267668443
4.19770263671875,6.268956298828124,7.9238037109375,1.8590604026845354,0.8972029603403431
4.19770263671875,5.517379150390624,1.3930908203125,1.5288590604026622,0.734145081542148
9.16343505859375,6.268956298828124,1.3930908203125,3.5261744966444892,0.8690516069591863
2.94895263671875,1.7692541503906247,6.6863037109375,0.8268456375838829,0.4989742347013364
7.91468505859375,1.7692541503906247,6.6863037109375,2.766442953020216,0.777288379984787
2.94895263671875,5.0195812988281245,6.6863037109375,1.2953020134228006,0.8223064299227875
2.94895263671875,1.7692541503906247,2.6305908203125004,0.621476510067108,0.3499622308621461
7.91468505859375,5.0195812988281245,2.6305908203125004,3.1221476510068458,0.8777022750346322
7.94395263671875,6.766754150390624,1.7363037109375001,3.1463087248323527,0.8814383640415189
2.9196850585937497,6.766754150390624,1.7363037109375001,1.1758389261744806,0.7489178889285472
7.94395263671875,0.022081298828125,1.7363037109375001,0.36375838926174353,0.003782679837645805
7.94395263671875,6.766754150390624,7.5805908203125,3.363758389261915,0.9432228296278578
2.9196850585937497,0.022081298828125,7.5805908203125,0.36375838926174353,0.003987321936310114
5.44645263671875,4.268004150390625,9.1613037109375,2.2697986577181295,0.883134069240425
5.41718505859375,4.268004150390625,9.1613037109375,2.259060402684571,0.8829422123566147
5.44645263671875,2.5208312988281247,9.1613037109375,2.0657718120805155,0.8031815086253715
5.44645263671875,4.268004150390625,5.1055908203125,2.2053691275167777,0.8576771316926376
5.41718505859375,2.5208312988281247,5.1055908203125,1.9516778523489633,0.7611731390601388
0.45145263671875,9.265504150390624,4.2113037109375,0.42550335570469544,0.6987347060199123
0.42218505859375,9.265504150390624,4.2113037109375,0.4174496644295278,0.6942781669492905
0.45145263671875,7.518331298828124,4.2113037109375,0.40939597315436016,0.6422785625734504
0.45145263671875,9.265504150390624,0.15559082031250002,0.3812080536912734,0.5428103659229069
0.42218505859375,7.518331298828124,0.15559082031250002,0.375838926174495,0.5121495840746917
0.60754638671875,1.3007385253906247,2.2003662109375,0.36912751677852196,0.1921299647544383
4.94890380859375,1.3007385253906247,2.2003662109375,0.9261744966442838,0.3640488987131102
0.60754638671875,1.1152844238281248,2.2003662109375,0.36778523489932735,0.16817945127845674
0.60754638671875,1.3007385253906247,1.5477783203125002,0.36778523489932735,0.18812869798371673
4.94890380859375,1.1152844238281248,1.5477783203125002,0.6335570469798595,0.22726592147023295
5.60254638671875,6.298238525390625,7.1503662109374995,2.4120805369127813,0.9162884073896747
9.94390380859375,6.298238525390625,7.1503662109374995,4.140939597315721,0.9488909028946684
5.60254638671875,6.112784423828124,7.1503662109374995,2.405369127516807,0.9137363184509443
5.60254638671875,6.298238525390625,6.4977783203124995,2.4040268456376124,0.9132100308367745
9.94390380859375,6.112784423828124,6.4977783203124995,4.126174496644578,0.9454867279508354
8.10004638671875,3.7994885253906245,4.6753662109375,3.2013422818793407,0.8819304226101827
2.4514038085937497,3.7994885253906245,4.6753662109375,0.966442953020122,0.6963553105020011
8.10004638671875,8.611534423828125,4.6753662109375,3.433557046980046,0.9462091754047417
8.10004638671875,3.7994885253906245,8.9727783203125,3.2885906040270045,0.9063001036168908
2.4514038085937497,8.611534423828125,8.9727783203125,1.225503355704681,0.8911316719874269
3.1050463867187497,8.796988525390626,9.6253662109375,1.4926174496644078,0.9123898216936086
7.44640380859375,8.796988525390626,9.6253662109375,3.221476510067263,0.9566419013535366
3.1050463867187497,3.614034423828125,9.6253662109375,1.2899328859060222,0.7872224527598786
3.1050463867187497,8.796988525390626,4.0227783203125,1.4389261744966235,0.8791055511378778
7.44640380859375,3.614034423828125,4.0227783203125,2.891275167785335,0.8579259259936625
4.3537963867187495,2.550113525390625,5.9128662109375,1.5677852348993058,0.7320222173173621
6.19765380859375,2.550113525390625,5.9128662109375,2.297986577181221,0.7999135166225757
4.3537963867187495,4.8634094238281245,5.9128662109375,1.8322147651006433,0.858145647579788
4.3537963867187495,2.550113525390625,0.3102783203125,0.7516778523489849,0.32452004403011997
6.19765380859375,4.8634094238281245,0.3102783203125,1.676510067114069,0.5762131655356066
9.34879638671875,7.5476135253906245,0.9628662109375,3.5476510067116065,0.8583953600518196
1.20265380859375,7.5476135253906245,0.9628662109375,0.5234899328859017,0.564314866209919
9.34879638671875,9.860909423828126,0.9628662109375,3.6671140939599463,0.8876732266352023
9.34879638671875,7.5476135253906245,5.2602783203125,3.9154362416109896,0.9487878475994174
1.20265380859375,9.860909423828126,5.2602783203125,0.7234899328858981,0.8231522306851131
6.85129638671875,0.05136352539062499,8.3878662109375,0.36778523489932735,0.009367405463172836
8.69515380859375,0.05136352539062499,8.3878662109375,0.36912751677852196,0.009397910331315928
6.85129638671875,7.362159423828125,8.3878662109375,2.9503355704699077,0.9425049248960872
6.85129638671875,0.05136352539062499,7.7352783203125,0.36778523489932735,0.009342441219794074
8.69515380859375,7.362159423828125,7.7352783203125,3.6791946308726997,0.9517461298049228
1.85629638671875,5.048863525390624,3.4378662109375,0.7919463087248231,0.686982648638253
3.70015380859375,5.048863525390624,3.4378662109375,1.5100671140939377,0.8046331820004979
1.85629638671875,2.3646594238281247,3.4378662109375,0.502013422818788,0.37777873728655514
1.85629638671875,5.048863525390624,2.7852783203125,0.7624161073825417,0.6583580125124985
3.70015380859375,2.3646594238281247,2.7852783203125,1.0845637583892473,0.566039281768469
2.48067138671875,4.424176025390625,7.7691162109375,1.0872483221476366,0.7821518742716795
0.57827880859375,4.424176025390625,7.7691162109375,0.40402684563758173,0.5208849424431962
2.48067138671875,5.488096923828125,7.7691162109375,1.14362416107381,0.8238764871293129
2.48067138671875,4.424176025390625,4.6415283203125,1.030872483221463,0.7394621940334055
0.57827880859375,5.488096923828125,4.6415283203125,0.40939597315436016,0.5628336628957864
7.47567138671875,9.421676025390624,2.8191162109375,3.150335570469937,0.9319363791942992
5.5732788085937495,9.421676025390624,2.8191162109375,2.3946308724832486,0.9134116754311107
7.47567138671875,0.490596923828125,2.8191162109375,0.42818791946308465,0.0827472352043733
7.47567138671875,9.421676025390624,9.5915283203125,3.2429530201343804,0.9596799580756965
5.5732788085937495,0.490596923828125,9.5915283203125,0.42684563758389005,0.09756951388900831
9.97317138671875,1.9254260253906248,5.2941162109375,3.583892617449867,0.8183752931923555
3.07577880859375,1.9254260253906248,5.2941162109375,0.8832214765100563,0.5223001866289977
9.97317138671875,2.9893469238281245,5.2941162109375,3.8604026845640016,0.8819454064474962
9.97317138671875,1.9254260253906248,7.1165283203125,3.661744966443167,0.8364600905835924
3.07577880859375,2.9893469238281245,7.1165283203125,1.1718120805368968,0.7173870584277835
4.97817138671875,6.922926025390624,0.3441162109375,1.515436241610716,0.6286251169977292
8.070778808593749,6.922926025390624,0.3441162109375,2.5664429530201867,0.7056726937188068
4.97817138671875,7.986846923828124,0.3441162109375,1.583892617449641,0.6583800333091003
4.97817138671875,6.922926025390624,2.1665283203125,2.0348993288590345,0.8528392499471112
8.070778808593749,7.986846923828124,2.1665283203125,3.3033557046981477,0.9128608796168884
3.72942138671875,0.676051025390625,4.0566162109375,0.3973154362416087,0.1129604695740853
9.31952880859375,0.676051025390625,4.0566162109375,1.8147651006711134,0.4273581400295928
3.72942138671875,9.236221923828126,4.0566162109375,1.696644295301988,0.8997432804370666
3.72942138671875,0.676051025390625,3.4040283203125004,0.3932885906040249,0.10975787143643029
9.31952880859375,9.236221923828126,3.4040283203125004,3.9006711409398465,0.9477980351792845
8.72442138671875,5.6735510253906245,9.0066162109375,3.6483221476512186,0.940925241998468
4.32452880859375,5.6735510253906245,9.0066162109375,1.8953020134227898,0.8929494730850147
8.72442138671875,4.238721923828124,9.0066162109375,3.5731543624163082,0.9214912156313073
8.72442138671875,5.6735510253906245,8.3540283203125,3.6429530201344393,0.9395262682796928
4.32452880859375,4.238721923828124,8.3540283203125,1.8134228187919188,0.8541628453099441
6.22692138671875,3.1748010253906247,1.5816162109375,2.021476510067086,0.6976231170193258
6.82202880859375,3.1748010253906247,1.5816162109375,2.2483221476510122,0.7175605016248898
6.22692138671875,1.7399719238281248,1.5816162109375,1.4926174496644078,0.5066001765125464
6.22692138671875,3.1748010253906247,5.8790283203125,2.4187919463087555,0.8389738987497565
6.82202880859375,1.7399719238281248,5.8790283203125,2.2859060402684674,0.7309765325476502
1.23192138671875,8.172301025390626,6.5316162109375,0.7181208053691197,0.8057086964640223
1.82702880859375,8.172301025390626,6.5316162109375,0.9530201342281759,0.8456951303183664
1.23192138671875,6.737471923828124,6.5316162109375,0.6832214765100599,0.7637624904424702
1.23192138671875,8.172301025390626,0.9290283203125,0.5449664429530154,0.5850740585959677
1.82702880859375,6.737471923828124,0.9290283203125,0.6765100671140869,0.5807744547851776
0.91973388671875,3.487144775390625,3.1284912109375003,0.40402684563758173,0.4127360774577303
8.38296630859375,3.487144775390625,3.1284912109375003,3.182550335570613,0.8498562376280493
0.91973388671875,3.3016906738281246,3.1284912109375003,0.3999999999999979,0.3971459227803035
0.91973388671875,3.487144775390625,8.6634033203125,0.4348993288590577,0.48015710510586807
8.38296630859375,3.3016906738281246,8.6634033203125,3.347651006711577,0.8946933623478133
5.91473388671875,8.484644775390626,8.0784912109375,2.5986577181208625,0.9426549925792336
3.3879663085937497,8.484644775390626,8.0784912109375,1.5919463087248087,0.9102631721726056
5.91473388671875,8.299190673828125,8.0784912109375,2.594630872483278,0.9412078252047937
5.91473388671875,8.484644775390626,3.7134033203125,2.540939597315485,0.9214473772302704
3.3879663085937497,8.299190673828125,3.7134033203125,1.5315436241610514,0.8752506350748803
8.41223388671875,0.9883947753906249,0.6534912109375,0.979865771812068,0.23915500495037328
5.88546630859375,0.9883947753906249,0.6534912109375,0.4536912751677822,0.1243111812448099
8.41223388671875,5.800440673828124,0.6534912109375,2.8510067114094904,0.7567749896057581
8.41223388671875,0.9883947753906249,1.2384033203125002,1.324832214765082,0.33540547790990344
5.88546630859375,5.800440673828124,1.2384033203125002,2.162416107382543,0.7854073919427702
3.41723388671875,5.985894775390625,5.6034912109374995,1.5100671140939377,0.8573129006900204
0.89046630859375,5.985894775390625,5.6034912109374995,0.5208053691275125,0.66834822736597
3.41723388671875,0.802940673828125,5.6034912109374995,0.40939597315436016,0.1392234505952536
3.41723388671875,5.985894775390625,6.1884033203125,1.5194630872483,0.8627231795183165
0.89046630859375,0.802940673828125,6.1884033203125,0.37181208053691117,0.1330478066692412
4.66598388671875,2.2377697753906247,9.3159912109375,1.6953020134227934,0.7488033541142526
2.13921630859375,2.2377697753906247,9.3159912109375,0.7060402684563682,0.5345621530208777
4.66598388671875,2.0523156738281245,9.3159912109375,1.645637583892593,0.7261113219432361
4.66598388671875,2.2377697753906247,9.9009033203125,1.703355704697961,0.752509720956545
2.13921630859375,2.0523156738281245,9.9009033203125,0.6684563758389193,0.49681512109566073
9.66098388671875,7.235269775390624,4.3659912109375,4.012080536913017,0.943675368095684
7.13421630859375,7.235269775390624,4.3659912109375,3.0080536912752853,0.9273165252833082
9.66098388671875,7.049815673828125,4.3659912109375,4.006711409396238,0.942397717951853
9.66098388671875,7.235269775390624,4.9509033203124995,4.0255033557049655,0.946862854216538
7.13421630859375,7.049815673828125,4.9509033203124995,3.0147651006712595,0.9294337253924325
7.16348388671875,4.736519775390625,6.8409912109375,2.9583892617450767,0.9087896613212068
4.6367163085937495,4.736519775390625,6.8409912109375,1.9516778523489633,0.8683385039854137
7.16348388671875,9.548565673828126,6.8409912109375,3.104697986577313,0.9538607519086039
7.16348388671875,4.736519775390625,2.4759033203125003,2.7852348993289437,0.8548120353483579
4.6367163085937495,9.548565673828126,2.4759033203125003,2.0093959731543327,0.8937027191169818
2.1684838867187497,9.734019775390625,1.8909912109375002,1.0026845637583763,0.7914263074855824
9.63171630859375,9.734019775390625,1.8909912109375002,3.950335570470055,0.931425752090304
2.1684838867187497,4.551065673828124,1.8909912109375002,0.7744966442952932,0.5977139662488271
2.1684838867187497,9.734019775390625,7.4259033203125,1.1221476510066963,0.8888598500581166
9.63171630859375,4.551065673828124,7.4259033203125,3.936912751678107,0.9286110267750725
1.54410888671875,0.363707275390625,7.4597412109375,0.37046979865771656,0.06393224913792074
6.50984130859375,0.363707275390625,7.4597412109375,0.40402684563758173,0.06807256502597128
1.54410888671875,7.674503173828124,7.4597412109375,0.8375838926174397,0.8255690107463203
1.54410888671875,0.363707275390625,5.5696533203125,0.36912751677852196,0.06285178625566701
6.50984130859375,7.674503173828124,5.5696533203125,2.7946308724833075,0.9332665980449006
6.53910888671875,5.361207275390624,2.5097412109375004,2.5932885906040832,0.8619208664181175
1.51484130859375,5.361207275390624,2.5097412109375004,0.6429530201342217,0.6233867248584214
6.53910888671875,2.677003173828125,2.5097412109375004,2.2134228187919467,0.7336952131562577
6.53910888671875,5.361207275390624,0.6196533203125,2.0885906040268276,0.690327787995259
1.51484130859375,2.677003173828125,0.6196533203125,0.38926174496644106,0.2730332939112494
9.03660888671875,2.8624572753906246,9.9347412109375,3.5637583892619444,0.8904523759347973
9.00734130859375,2.8624572753906246,9.9347412109375,3.553020134228386,0.8903507480309831
9.03660888671875,0.178253173828125,9.9347412109375,0.38926174496644106,0.033855329999234435
9.03660888671875,2.8624572753906246,3.0946533203125,3.3208053691276804,0.8288040101139296
9.00734130859375,0.178253173828125,3.0946533203125,0.3785234899328842,0.03043874256358736
4.04160888671875,7.859957275390625,4.9847412109375,1.8080536912751404,0.8994759656363362
4.01234130859375,7.859957275390625,4.9847412109375,1.795973154362389,0.8986987779362633
4.04160888671875,5.175753173828125,4.9847412109375,1.7073825503355449,0.8490418986307873
4.04160888671875,7.859957275390625,8.0446533203125,1.840268456375811,0.915705984350343
4.01234130859375,5.175753173828125,8.0446533203125,1.74093959731541,0.8712370171026064
2.79285888671875,4.111832275390625,1.2722412109375,0.8630872483221372,0.5548318858052753
2.76359130859375,4.111832275390625,1.2722412109375,0.853691275167775,0.5526518953079501
2.79285888671875,6.425128173828124,1.2722412109375,1.0442953020134091,0.6838398720999854
2.79285888671875,4.111832275390625,6.8071533203125,1.1758389261744806,0.7760616769921942
2.76359130859375,6.425128173828124,6.8071533203125,1.2818791946308545,0.8543739154685172
7.78785888671875,9.109332275390624,6.2222412109375,3.340939597315603,0.953460324989583
7.75859130859375,9.109332275390624,6.2222412109375,3.3288590604028494,0.9531977512952117
7.78785888671875,1.4276281738281247,6.2222412109375,2.510067114094004,0.7141763118586929
7.78785888671875,9.109332275390624,1.8571533203125001,3.198657718120951,0.9123415372571153
7.75859130859375,1.4276281738281247,1.8571533203125001,1.8939597315435952,0.5335457868272652
5.29035888671875,1.6130822753906249,3.7472412109375,1.4765100671140725,0.5796069835313908
0.26609130859375,1.6130822753906249,3.7472412109375,0.36644295302013274,0.23597012586304272
5.29035888671875,3.9263781738281245,3.7472412109375,2.0577181208053466,0.8195399112282984
5.29035888671875,1.6130822753906249,4.3321533203125,1.5288590604026622,0.601718714750289
0.26609130859375,3.9263781738281245,4.3321533203125,0.3744966442953004,0.457896456609198
0.29535888671875,6.610582275390624,8.6972412109375,0.3919463087248303,0.6339288659054683
5.26109130859375,6.610582275390624,8.6972412109375,2.297986577181221,0.9206708218275819
0.29535888671875,8.923878173828125,8.6972412109375,0.4026845637583871,0.7159544919693411
0.29535888671875,6.610582275390624,9.2821533203125,0.3919463087248303,0.6349984296372978
5.26109130859375,8.923878173828125,9.2821533203125,2.351677852349014,0.9422149325450605
0.21731201171875,0.12944946289062498,3.2058349609375,0.36375838926174353,0.02247381338855075
1.4367944335937501,0.12944946289062498,3.2058349609375,0.36510067114093814,0.022472719997887497
0.21731201171875,6.190870361328124,3.2058349609375,0.375838926174495,0.5773202460540766
0.21731201171875,0.12944946289062498,7.3485595703125,0.36375838926174353,0.02307842323946853
1.4367944335937501,6.190870361328124,7.3485595703125,0.7543624161073741,0.7737422108517349
5.21231201171875,5.126949462890624,8.1558349609375,2.217449664429531,0.8953071587902213
6.43179443359375,5.126949462890624,8.1558349609375,2.703355704698059,0.9123331529197432
5.21231201171875,1.1933703613281248,8.1558349609375,1.4053691275167584,0.5558934692412647
5.21231201171875,5.126949462890624,2.3985595703125,2.0402684563758138,0.8224971087963966
6.43179443359375,1.1933703613281248,2.3985595703125,1.3570469798657525,0.4422487910330273
7.70981201171875,2.628199462890625,0.7308349609375,1.9986577181207745,0.5682228559441497
3.9342944335937498,2.628199462890625,0.7308349609375,0.8308724832214667,0.39824683535392985
7.70981201171875,3.692120361328125,0.7308349609375,2.3073825503355847,0.6595589104713093
7.70981201171875,2.628199462890625,4.8735595703125,2.8738255033558024,0.8268064556679531
3.9342944335937498,3.692120361328125,4.8735595703125,1.5436241610738028,0.7833066047974016
2.7148120117187498,7.6256994628906245,5.6808349609375,1.2845637583892437,0.867412593360325
8.92929443359375,7.6256994628906245,5.6808349609375,3.757046979866,0.9488991544409753
2.7148120117187498,8.689620361328124,5.6808349609375,1.307382550335552,0.8829656445990586
2.7148120117187498,7.6256994628906245,9.8235595703125,1.3154362416107197,0.8886397974784563
8.92929443359375,8.689620361328124,9.8235595703125,0.3020134228187916,0.07831719420260759
3.96356201171875,3.8775744628906246,9.3933349609375,1.652348993288566,0.8348211411362161
7.68054443359375,3.8775744628906246,9.3933349609375,3.1328859060404044,0.9051345004717917
3.96356201171875,9.938995361328125,9.3933349609375,1.8496644295301732,0.934957380432341
3.96356201171875,3.8775744628906246,6.1110595703124995,1.6067114093959494,0.8112329683657629
7.68054443359375,9.938995361328125,6.1110595703124995,3.310067114094122,0.956339353562556
8.95856201171875,8.875074462890625,4.4433349609374995,3.7758389261747274,0.9508085377963633
2.68554443359375,8.875074462890625,4.4433349609374995,1.2818791946308545,0.8724144251886727
8.95856201171875,4.9414953613281245,4.4433349609374995,3.6322147651008807,0.9144667225136877
8.95856201171875,8.875074462890625,1.1610595703125002,3.534228187919658,0.8891135772181125
2.68554443359375,4.9414953613281245,1.1610595703125002,0.8859060402684455,0.5895743925670504
6.46106201171875,1.3788244628906248,6.9183349609375,1.9879194630872177,0.6642332996145456
5.18304443359375,1.3788244628906248,6.9183349609375,1.4899328859060186,0.59581047966324
6.46106201171875,2.4427453613281247,6.9183349609375,2.408053691275197,0.8088540274922739
6.46106201171875,1.3788244628906248,3.6360595703125003,1.7489932885905777,0.5800564437867178
5.18304443359375,2.4427453613281247,3.6360595703125003,1.7503355704697723,0.7066694462180348
1.46606201171875,6.376324462890625,1.9683349609375003,0.6429530201342217,0.6375836574812872
0.18804443359375,6.376324462890625,1.9683349609375003,0.37181208053691117,0.5699449579972645
1.46606201171875,7.440245361328125,1.9683349609375003,0.6805369127516707,0.6809551863968228
1.46606201171875,6.376324462890625,8.5860595703125,0.7798657718120716,0.7917548383847544
0.18804443359375,7.440245361328125,8.5860595703125,0.382550335570468,0.6605941615559199
2.0904370117187496,3.2528869628906247,6.2995849609375,0.8080536912751584,0.6435099500458529
3.30991943359375,3.2528869628906247,6.2995849609375,1.2832214765100491,0.7443656790063372
2.0904370117187496,0.568682861328125,6.2995849609375,0.3785234899328842,0.09807416423822045
2.0904370117187496,3.2528869628906247,9.2048095703125,0.8483221476509966,0.6797580819951197
3.30991943359375,0.568682861328125,9.2048095703125,0.3946308724832195,0.10353481441378096
7.08543701171875,8.250386962890625,1.3495849609375001,2.813422818792035,0.8716743134639467
8.30491943359375,8.250386962890625,1.3495849609375001,3.293959731543784,0.8869382155928249
7.08543701171875,5.566182861328125,1.3495849609375001,2.6389261744967074,0.8168787901367143
7.08543701171875,8.250386962890625,4.2548095703125,3.0134228187920646,0.9346138919352235
8.30491943359375,5.566182861328125,4.2548095703125,3.402684563758565,0.9168855469731934
9.58293701171875,0.7541369628906249,8.7745849609375,2.5422818791946797,0.5971312524306039
0.81241943359375,0.7541369628906249,8.7745849609375,0.37181208053691117,0.12772476910054975
9.58293701171875,8.064932861328126,8.7745849609375,4.056375838926447,0.961244775043838
9.58293701171875,0.7541369628906249,1.7798095703125,1.4765100671140725,0.3328941569794441
0.81241943359375,8.064932861328126,1.7798095703125,0.47114093959731207,0.6179585723911161
4.58793701171875,5.7516369628906245,3.8245849609375004,1.9208053691274873,0.861693346794784
5.80741943359375,5.7516369628906245,3.8245849609375004,2.4040268456376124,0.8853805684314563
4.58793701171875,3.0674328613281245,3.8245849609375004,1.6671140939597067,0.7459417350730078
4.58793701171875,5.7516369628906245,6.7298095703125,1.9825503355704392,0.8898624120039982
5.80741943359375,3.0674328613281245,6.7298095703125,2.257718120805376,0.8313999080370498
3.33918701171875,2.003511962890625,0.1120849609375,0.40805369127516555,0.1756965942447433
7.05616943359375,2.003511962890625,0.1120849609375,1.037583892617436,0.30421429350485113
3.33918701171875,4.316807861328124,0.1120849609375,0.7060402684563682,0.38005933358326516
3.33918701171875,2.003511962890625,7.9673095703125,1.0845637583892473,0.6163642739691662
7.05616943359375,4.316807861328124,7.9673095703125,2.902013422818894,0.9034046791162699
8.33418701171875,7.001011962890624,5.0620849609375,3.4926174496646185,0.9383152625238862
2.06116943359375,7.001011962890624,5.0620849609375,0.9986577181207925,0.8176054643145723
8.33418701171875,9.314307861328125,5.0620849609375,3.5476510067116065,0.9531378602736189
8.33418701171875,7.001011962890624,3.0173095703125004,3.4281879194632667,0.9207812915326484
2.06116943359375,9.314307861328125,3.0173095703125004,1.0080536912751548,0.8250884157615634
5.83668701171875,4.502261962890625,2.5870849609375,2.249664429530207,0.8241445062029099
9.55366943359375,4.502261962890625,2.5870849609375,3.7208053691277394,0.8835313060897516
5.83668701171875,6.8155578613281245,2.5870849609375,2.4040268456376124,0.8813555549776817
5.83668701171875,4.502261962890625,0.5423095703125,1.6791946308724581,0.6089224211699185
9.55366943359375,6.8155578613281245,0.5423095703125,3.293959731543784,0.7802468152505884
0.84168701171875,9.499761962890625,7.5370849609375,0.5932885906040213,0.8059988208334138
4.55866943359375,9.499761962890625,7.5370849609375,2.071140939597295,0.934706456348875
0.84168701171875,1.8180578613281249,7.5370849609375,0.38523489932885724,0.2763827306482599
0.84168701171875,9.499761962890625,5.4923095703125,0.5785234899328806,0.7837148851060712
4.55866943359375,1.8180578613281249,5.4923095703125,1.4161073825503152,0.6319731048837057
1.15387451171875,4.814605712890624,1.6589599609375,0.4590604026845606,0.4787311430570013
5.49523193359375,4.814605712890624,1.6589599609375,2.016107382550307,0.7762715061486504
1.15387451171875,8.377276611328124,1.6589599609375,0.5798657718120752,0.6579216927368148
1.15387451171875,4.814605712890624,2.7079345703125,0.5033557046979826,0.5452413933912597
5.49523193359375,8.377276611328124,2.7079345703125,2.3315436241610916,0.899932575306766
6.14887451171875,9.812105712890625,6.6089599609375,2.7020134228188644,0.9480262549981294
0.50023193359375,9.812105712890625,6.6089599609375,0.4617449664429498,0.756826047133671
6.14887451171875,3.3797766113281247,6.6089599609375,2.432214765100704,0.8530193367490747
6.14887451171875,9.812105712890625,7.6579345703125,2.7100671140940333,0.9508658698133994
0.50023193359375,3.3797766113281247,7.6579345703125,0.38791946308724645,0.43541673770703004
8.64637451171875,2.3158557128906248,4.1339599609375,3.1181208053692613,0.8097048395291689
7.99273193359375,2.3158557128906248,4.1339599609375,2.8590604026846593,0.7962458583758643
8.64637451171875,0.881026611328125,4.1339599609375,2.046979865771788,0.5230942555408455
8.64637451171875,2.3158557128906248,5.1829345703125,3.182550335570613,0.8267574820358881
7.99273193359375,0.881026611328125,5.1829345703125,1.9261744966442658,0.5277095204049596
3.6513745117187497,7.313355712890624,9.0839599609375,1.6778523489932635,0.9050418621876741
2.99773193359375,7.313355712890624,9.0839599609375,1.4174496644295098,0.8896893424819412
3.6513745117187497,5.878526611328124,9.0839599609375,1.6362416107382307,0.8825052591873723
3.6513745117187497,7.313355712890624,0.2329345703125,1.0604026845637444,0.559419954670217
2.99773193359375,5.878526611328124,0.2329345703125,0.7959731543624069,0.47842164624482586
4.90012451171875,1.0664807128906248,5.3714599609375,1.04161073825502,0.41823547125798066
4.24648193359375,1.0664807128906248,5.3714599609375,0.809395973154353,0.3503462595551436
4.90012451171875,7.127901611328125,5.3714599609375,2.1355704697986466,0.9077923886568091
4.90012451171875,1.0664807128906248,3.9454345703125004,0.9302013422818676,0.3663010878217475
4.24648193359375,7.127901611328125,3.9454345703125004,1.8456375838925894,0.8820919899665534
9.89512451171875,6.063980712890625,0.42145996093750004,3.2093959731545096,0.7355752811680556
9.24148193359375,6.063980712890625,0.42145996093750004,2.9744966442954146,0.724975470496156
9.89512451171875,2.1304016113281246,0.42145996093750004,2.179865771812076,0.4935083781052322
9.89512451171875,6.063980712890625,8.8954345703125,4.128859060402967,0.9504005900146555
9.24148193359375,2.1304016113281246,8.8954345703125,3.4791946308726702,0.8517576236510669
7.39762451171875,3.5652307128906244,7.8464599609375,2.971812080537025,0.8874505180809857
1.74898193359375,3.5652307128906244,7.8464599609375,0.7328859060402604,0.655419082143941
7.39762451171875,4.629151611328124,7.8464599609375,3.057718120805494,0.9131640498750005
7.39762451171875,3.5652307128906244,6.4204345703125,2.947651006711518,0.8801033063954751
1.74898193359375,4.629151611328124,6.4204345703125,0.7959731543624069,0.7202589565462316
2.40262451171875,8.562730712890625,2.8964599609375004,1.1208053691275017,0.8252619742687272
6.74398193359375,8.562730712890625,2.8964599609375004,2.8416107382551266,0.920020087573897
2.40262451171875,9.626651611328125,2.8964599609375004,1.1449664429530046,0.8434464365296361
2.40262451171875,8.562730712890625,1.4704345703125001,1.0201342281879062,0.7478953167078097
6.74398193359375,9.626651611328125,1.4704345703125001,2.751677852349073,0.8904168544658753
1.77824951171875,1.6911682128906247,8.4652099609375,0.4335570469798631,0.28806175561014347
9.86585693359375,1.6911682128906247,8.4652099609375,3.5624161073827496,0.8218118365052844
1.77824951171875,2.755089111328125,8.4652099609375,0.6550335570469732,0.5624411408117101
1.77824951171875,1.6911682128906247,0.8516845703125,0.382550335570468,0.20509258796662816
9.86585693359375,2.755089111328125,0.8516845703125,2.8953020134229197,0.6639467150404025
6.77324951171875,6.688668212890624,3.5152099609375003,2.8187919463088145,0.9091850475898691
4.87085693359375,6.688668212890624,3.5152099609375003,2.063087248322126,0.8810289777726582
6.77324951171875,7.752589111328124,3.5152099609375003,2.855033557047075,0.9209526158811812
6.77324951171875,6.688668212890624,5.8016845703125,2.8738255033558024,0.9271860837297436
4.87085693359375,7.752589111328124,5.8016845703125,2.1476510067114,0.917515960384427
9.27074951171875,4.189918212890625,5.9902099609374995,3.7422818791948567,0.9136341619926198
7.36835693359375,4.189918212890625,5.9902099609374995,2.9852348993289732,0.8944944839180322
9.27074951171875,5.253839111328125,5.9902099609374995,3.8120805369129878,0.9307299951286552
9.27074951171875,4.189918212890625,8.2766845703125,3.778523489933117,0.9226011263555687
7.36835693359375,5.253839111328125,8.2766845703125,3.0845637583893906,0.9244376822787461
4.27574951171875,9.187418212890625,1.0402099609375002,1.683221476510042,0.7980100810565439
2.3733569335937497,9.187418212890625,1.0402099609375002,0.9677852348993166,0.7135707859036431
4.27574951171875,0.256339111328125,1.0402099609375002,0.36912751677852196,0.0404533500418986
4.27574951171875,9.187418212890625,3.3266845703125,1.8939597315435952,0.9002033418278257
2.3733569335937497,0.256339111328125,3.3266845703125,0.36912751677852196,0.043914984773595976
3.02699951171875,2.9405432128906246,4.7527099609375,1.0818791946308581,0.66694692695607
1.12460693359375,2.9405432128906246,4.7527099609375,0.420134228187917,0.3947574484692347
3.02699951171875,1.5057141113281247,4.7527099609375,0.6697986577181139,0.37311953964756256
3.02699951171875,2.9405432128906246,2.0891845703125003,0.8966442953020024,0.5416310566153234
1.12460693359375,1.5057141113281247,2.0891845703125003,0.3771812080536896,0.21309967702373742
8.02199951171875,7.938043212890625,9.7027099609375,3.4362416107384357,0.9552792270364681
6.11960693359375,7.938043212890625,9.7027099609375,2.6778523489933574,0.9434713097889835
8.02199951171875,6.503214111328124,9.7027099609375,3.40134228187937,0.9455732809544615
8.02199951171875,7.938043212890625,7.0391845703125,3.418791946308903,0.9503734460192179
6.11960693359375,6.503214111328124,7.0391845703125,2.6228187919463695,0.9239805777515111
5.52449951171875,0.44179321289062495,2.2777099609375,0.38657718120805185,0.07004195909007115
3.62210693359375,0.44179321289062495,2.2777099609375,0.3771812080536896,0.07137536867603561
5.52449951171875,9.001964111328125,2.2777099609375,2.335570469798676,0.8973283245947308
5.52449951171875,0.44179321289062495,9.5141845703125,0.41073825503355477,0.08475770084287962
3.62210693359375,9.001964111328125,9.5141845703125,1.7006711409395718,0.9232081008687221
0.52949951171875,5.439293212890624,7.2277099609375,0.41073825503355477,0.5828805308145025
8.61710693359375,5.439293212890624,7.2277099609375,3.5785234899330876,0.933171917046816
0.52949951171875,4.004464111328125,7.2277099609375,0.3946308724832195,0.485339753460439
0.52949951171875,5.439293212890624,4.5641845703124995,0.4013422818791925,0.5552924977153987
8.61710693359375,4.004464111328125,4.5641845703124995,3.4241610738256822,0.8926215501192297
0.37340576171875,2.7843713378906245,8.9292724609375,0.3785234899328842,0.3800735715136803
6.5878881835937495,2.7843713378906245,8.9292724609375,2.563758389261797,0.8472103410962405
0.37340576171875,7.284073486328125,8.9292724609375,0.40671140939597095,0.6684161622245615
0.37340576171875,2.7843713378906245,3.4813720703125,0.3731543624161058,0.35913008021086557
6.5878881835937495,7.284073486328125,3.4813720703125,2.766442953020216,0.9141185855826384
5.3684057617187495,7.781871337890625,3.9792724609375,2.312751677852364,0.9106587048798418
1.59288818359375,7.781871337890625,3.9792724609375,0.8147651006711314,0.7859890226536468
5.3684057617187495,2.2865734863281246,3.9792724609375,1.8053691275167512,0.707824213006305
5.3684057617187495,7.781871337890625,8.4313720703125,2.369127516778547,0.9331626899510386
1.59288818359375,2.2865734863281246,8.4313720703125,0.5060402684563718,0.42090220043819937
7.86590576171875,0.285621337890625,6.4542724609375,0.3986577181208033,0.05279228151959291
9.08538818359375,0.285621337890625,6.4542724609375,0.40939597315436016,0.053885775888100104
7.86590576171875,4.785323486328124,6.4542724609375,3.2348993288592114,0.914970734102603
7.86590576171875,0.285621337890625,5.9563720703125,0.3973154362416087,0.05225497999375274
9.08538818359375,4.785323486328124,5.9563720703125,3.7114093959733756,0.9227729992507119
2.87090576171875,5.283121337890624,1.5042724609375002,1.034899328859047,0.6629088143487339
4.09038818359375,5.283121337890624,1.5042724609375002,1.4899328859060186,0.730451210366263
2.87090576171875,9.782823486328125,1.5042724609375002,1.2389261744966271,0.8007794734608217
2.87090576171875,5.283121337890624,1.0063720703125,0.9449664429530082,0.6004483363110626
4.09038818359375,9.782823486328125,1.0063720703125,1.6255033557046739,0.7986857723883385
4.11965576171875,1.5349963378906248,2.7417724609375003,0.8966442953020024,0.413243544418904
2.8416381835937496,1.5349963378906248,2.7417724609375003,0.5033557046979826,0.2663143239590937
4.11965576171875,8.533448486328124,2.7417724609375003,1.791946308724805,0.8774666698420024
4.11965576171875,1.5349963378906248,4.7188720703125,1.0724832214764959,0.5076502691473419
2.8416381835937496,8.533448486328124,4.7188720703125,1.3422818791946118,0.8763961674261493
9.11465576171875,6.532496337890624,7.6917724609375,3.8228187919465464,0.9478653561986039
7.83663818359375,6.532496337890624,7.6917724609375,3.3140939597317063,0.9406027665975456
9.11465576171875,3.5359484863281248,7.6917724609375,3.6510067114096083,0.905153552481152
9.11465576171875,6.532496337890624,9.6688720703125,3.8375838926176895,0.9515588485252418
7.83663818359375,3.5359484863281248,9.6688720703125,3.166442953020275,0.8986585953703179
6.61715576171875,4.033746337890625,0.2667724609375,1.6362416107382307,0.5295387297257689
0.34413818359375004,4.033746337890625,0.2667724609375,0.36912751677852196,0.4027246559263061
6.61715576171875,1.0371984863281247,0.2667724609375,0.4563758389261714,0.11459863894010747
6.61715576171875,4.033746337890625,7.1938720703125,2.69530201342289,0.8873467066356185
0.34413818359375004,1.0371984863281247,7.1938720703125,0.36778523489932735,0.16718700799981095
1.62215576171875,9.031246337890625,5.2167724609374995,0.8751677852348887,0.8369509038841061
5.33913818359375,9.031246337890625,5.2167724609374995,2.353020134228209,0.9309760040119239
1.62215576171875,6.034698486328124,5.2167724609374995,0.7959731543624069,0.757803819140652
1.62215576171875,9.031246337890625,2.2438720703125004,0.7986577181207961,0.7597465769083638
5.33913818359375,6.034698486328124,2.2438720703125004,2.1369127516778414,0.8445095247914545
2.2465307617187498,0.9103088378906249,0.8855224609375,0.3744966442953004,0.1257407787499923
8.46101318359375,0.9103088378906249,0.8855224609375,1.0201342281879062,0.24838729724895148
2.2465307617187498,1.6618859863281248,0.8855224609375,0.39060402684563567,0.19652369391430682
2.2465307617187498,0.9103088378906249,0.38762207031250007,0.3731543624161058,0.11996064691356496
8.46101318359375,1.6618859863281248,0.38762207031250007,1.4389261744966235,0.36753013073574814
7.24153076171875,5.907808837890625,5.8355224609375,3.0322147651007922,0.9226562500203188
3.4660131835937498,5.907808837890625,5.8355224609375,1.5302013422818568,0.8592781126207956
7.24153076171875,6.659385986328124,5.8355224609375,3.0604026845638836,0.9312529313806084
7.24153076171875,5.907808837890625,5.3376220703124995,3.0228187919464284,0.9197699290168302
3.4660131835937498,6.659385986328124,5.3376220703124995,1.5503355704697759,0.8706207588133166
9.73903076171875,3.409058837890625,3.3605224609375,3.7288590604029084,0.8701678229463136
5.96351318359375,3.409058837890625,3.3605224609375,2.2322147651006743,0.8027556056745238
9.73903076171875,9.158135986328125,3.3605224609375,4.064429530201616,0.9489964725031703
9.73903076171875,3.409058837890625,7.8126220703125,3.887248322147898,0.9076888134117446
5.96351318359375,9.158135986328125,7.8126220703125,2.626845637583954,0.9462290560303337
4.74403076171875,8.406558837890625,8.3105224609375,2.131543624161062,0.9309180553603962
0.96851318359375,8.406558837890625,8.3105224609375,0.6295302013422757,0.8002532886455441
4.74403076171875,4.160635986328124,8.3105224609375,1.9744966442952716,0.8621037853263323
4.74403076171875,8.406558837890625,2.8626220703125003,2.0429530201342034,0.8916713289618554
0.96851318359375,4.160635986328124,2.8626220703125003,0.42550335570469544,0.4631401057456467
3.49528076171875,4.658433837890625,7.0730224609375,1.4966442953019916,0.8348163739313073
2.21726318359375,4.658433837890625,7.0730224609375,0.9892617449664303,0.769255348590512
3.49528076171875,2.9112609863281245,7.0730224609375,1.324832214765082,0.7366188190983713
3.49528076171875,4.658433837890625,1.6251220703125002,1.2295302013422649,0.6801437189068268
2.21726318359375,2.9112609863281245,1.6251220703125002,0.5798657718120752,0.4105308958663415
8.49028076171875,9.655933837890625,2.1230224609375004,3.5167785234901254,0.9289761070242135
7.21226318359375,9.655933837890625,2.1230224609375004,3.00939597315448,0.9186538384414189
8.49028076171875,7.908760986328124,2.1230224609375004,3.4630872483223323,0.9146847816765886
8.49028076171875,9.655933837890625,6.5751220703125,3.6322147651008807,0.9598649151060648
7.21226318359375,7.908760986328124,6.5751220703125,3.0912751677853647,0.9440727522111556
5.99278076171875,2.1596838378906247,9.5480224609375,2.2053691275167777,0.7903321293790968
4.71476318359375,2.1596838378906247,9.5480224609375,1.6979865771811826,0.7434554062254917
5.99278076171875,5.410010986328125,9.5480224609375,2.5530201342282384,0.9157641320620782
5.99278076171875,2.1596838378906247,9.0501220703125,2.1973154362416087,0.787371456279944
4.71476318359375,5.410010986328125,9.0501220703125,2.0402684563758138,0.8955666320462998
0.9977807617187501,7.157183837890624,4.5980224609375,0.5812080536912698,0.7189910941334945
9.70976318359375,7.157183837890624,4.5980224609375,4.034899328859329,0.9447286682408776
0.9977807617187501,0.412510986328125,4.5980224609375,0.36778523489932735,0.0703515482486634
0.9977807617187501,7.157183837890624,4.1001220703125,0.5731543624161022,0.7071453905392526
9.70976318359375,0.412510986328125,4.1001220703125,0.8429530201342181,0.16694813754234533
0.68559326171875,2.472027587890625,6.1448974609375,0.38523489932885724,0.3439203995877901
0.03195068359375,2.472027587890625,6.1448974609375,0.36375838926174353,0.33527466038922027
0.68559326171875,9.470479736328125,6.1448974609375,0.5234899328859017,0.7718374460539992
0.68559326171875,2.472027587890625,6.8844970703124995,0.38657718120805185,0.34737400994673034
0.03195068359375,9.470479736328125,6.8844970703124995,0.36644295302013274,0.7070312274567074
5.68059326171875,7.469527587890624,1.1948974609375,2.18657718120805,0.8191888172628643
5.02695068359375,7.469527587890624,1.1948974609375,1.9328859060402388,0.8023613043777522
5.68059326171875,4.472979736328124,1.1948974609375,1.9261744966442658,0.7194458096326326
5.68059326171875,7.469527587890624,1.9344970703125002,2.312751677852364,0.8674533122082848
5.02695068359375,4.472979736328124,1.9344970703125002,1.8456375838925894,0.7656960944754296
8.17809326171875,4.970777587890624,8.6198974609375,3.395973154362591,0.9279598669196517
2.52945068359375,4.970777587890624,8.6198974609375,1.1463087248321993,0.8142496483821262
8.17809326171875,1.9742297363281247,8.6198974609375,3.002684563758506,0.820103041456986
8.17809326171875,4.970777587890624,4.4094970703125,3.3221476510068753,0.9075288021832407
2.52945068359375,1.9742297363281247,4.4094970703125,0.6671140939597247,0.43510794659190205
3.1830932617187497,9.968277587890626,3.6698974609375004,1.4845637583892402,0.890089393466085
7.52445068359375,9.968277587890626,3.6698974609375004,3.2093959731545096,0.9441141460273484
3.1830932617187497,6.9717297363281245,3.6698974609375004,1.4093959731543422,0.844591087590036
3.1830932617187497,9.968277587890626,9.3594970703125,1.539597315436219,0.923531609449718
7.52445068359375,6.9717297363281245,9.3594970703125,3.214765100671289,0.9458700371082595
4.4318432617187495,3.7214025878906245,2.4323974609375,1.5879194630872249,0.7300471883195245
8.77320068359375,3.7214025878906245,2.4323974609375,3.2953020134229787,0.8446083249809441
4.4318432617187495,5.722354736328125,2.4323974609375,1.7771812080536644,0.8193945829600462
4.4318432617187495,3.7214025878906245,5.6469970703125,1.7664429530201076,0.814979226040325
8.77320068359375,5.722354736328125,5.6469970703125,3.630872483221686,0.9316171113184296
9.42684326171875,8.718902587890625,7.3823974609375,3.9959731543626793,0.961136567104132
3.77820068359375,8.718902587890625,7.3823974609375,1.747651006711383,0.9175772662011054
9.42684326171875,0.7248547363281249,7.3823974609375,2.3395973154362606,0.5555274687225611
9.42684326171875,8.718902587890625,0.6969970703125,3.512751677852541,0.8432898675029097
3.77820068359375,0.7248547363281249,0.6969970703125,0.3785234899328842,0.09648162802778483
6.92934326171875,1.2226525878906247,4.9073974609375,1.9248322147650712,0.6023483322600739
6.27570068359375,1.2226525878906247,4.9073974609375,1.6738255033556797,0.568219966982216
6.92934326171875,3.2236047363281246,4.9073974609375,2.672483221476578,0.8447598677917665
6.92934326171875,1.2226525878906247,3.1719970703125,1.7167785234899071,0.5331714429391229
6.27570068359375,3.2236047363281246,3.1719970703125,2.3087248322147795,0.7944909050647926
1.9343432617187502,6.220152587890625,9.8573974609375,0.9691275167785112,0.8283650880287085
1.28070068359375,6.220152587890625,9.8573974609375,0.7100671140939521,0.7782391204841052
1.9343432617187502,8.221104736328126,9.8573974609375,1.0161073825503224,0.8692086171244732
1.9343432617187502,6.220152587890625,8.1219970703125,0.9583892617449543,0.818850011919355
1.28070068359375,8.221104736328126,8.1219970703125,0.7489932885905957,0.823407614354643
1.30996826171875,4.346090087890625,4.2886474609375,0.5731543624161022,0.5946309211705626
4.40257568359375,4.346090087890625,4.2886474609375,1.771812080536886,0.8217751682636427
1.30996826171875,3.8482922363281244,4.2886474609375,0.5369127516778478,0.5437347494206286
1.30996826171875,4.346090087890625,9.9782470703125,0.6402684563758325,0.6814510174633552
4.40257568359375,3.8482922363281244,9.9782470703125,1.829530201342254,0.8493405060936874
6.30496826171875,9.343590087890625,9.2386474609375,2.774496644295385,0.9526739703419242
9.39757568359375,9.343590087890625,9.2386474609375,0.28590604026845634,0.07013178090526766
6.30496826171875,8.845792236328125,9.2386474609375,2.766442953020216,0.9499187201883504
6.30496826171875,9.343590087890625,5.0282470703125,2.7395973154363196,0.9405809986669804
9.39757568359375,8.845792236328125,5.0282470703125,3.9610738255036138,0.9553472882860581
8.80246826171875,1.8473400878906248,1.8136474609375002,2.571812080536966,0.6536012177246856
1.9050756835937501,1.8473400878906248,1.8136474609375002,0.3999999999999979,0.23834843831964944
8.80246826171875,6.347042236328124,1.8136474609375002,3.472483221476696,0.8876659348505899
8.80246826171875,1.8473400878906248,2.5532470703125,2.7785234899329696,0.7079707722918045
1.9050756835937501,6.347042236328124,2.5532470703125,0.8362416107382451,0.7158148784831546
3.80746826171875,6.844840087890624,6.7636474609374995,1.710067114093934,0.8923069845683392
6.90007568359375,6.844840087890624,6.7636474609374995,2.9422818791947387,0.9340622710793183
3.80746826171875,1.3495422363281249,6.7636474609374995,0.9409395973154244,0.465870725072674
3.80746826171875,6.844840087890624,7.5032470703125,1.7181208053691017,0.8965215021436506
6.90007568359375,1.3495422363281249,7.5032470703125,2.162416107382543,0.6833800001662629
2.55871826171875,0.597965087890625,8.001147460937501,0.38657718120805185,0.10595321052777004
5.6513256835937495,0.597965087890625,8.001147460937501,0.6402684563758325,0.19225247103045578
2.55871826171875,0.10016723632812499,8.001147460937501,0.36644295302013274,0.0180705290862712
2.55871826171875,0.597965087890625,8.7407470703125,0.38657718120805185,0.10630617581702775
5.6513256835937495,0.10016723632812499,8.7407470703125,0.37046979865771656,0.018280568244899934
7.55371826171875,5.5954650878906245,3.0511474609375,3.0523489932887147,0.8944845369042784
0.65632568359375,5.5954650878906245,3.0511474609375,0.41073825503355477,0.5416086615642851
7.55371826171875,5.097667236328125,3.0511474609375,3.018791946308844,0.8845838568561268
7.55371826171875,5.5954650878906245,3.7907470703125004,3.088590604026975,0.9052752356168606
0.65632568359375,5.097667236328125,3.7907470703125004,0.40939597315436016,0.5299266204881882
5.05621826171875,3.0967150878906247,5.5261474609375,1.9315436241610442,0.7990354840695437
8.14882568359375,3.0967150878906247,5.5261474609375,3.161073825503496,0.8661675693194578
5.05621826171875,7.596417236328124,5.5261474609375,2.2134228187919467,0.9166475640225309
5.05621826171875,3.0967150878906247,1.3157470703125,1.4939597315436024,0.6111574491114706
8.14882568359375,7.596417236328124,1.3157470703125,3.191946308724977,0.8739915661240046
0.06121826171875,8.094215087890625,0.5761474609375,0.36510067114093814,0.6171018829414229
3.15382568359375,8.094215087890625,0.5761474609375,1.0885906040268312,0.6489399427586686
0.06121826171875,2.5989172363281248,0.5761474609375,0.36375838926174353,0.325135359628385
0.06121826171875,8.094215087890625,6.2657470703125,0.36912751677852196,0.6681571056386075
3.15382568359375,2.5989172363281248,6.2657470703125,1.1181208053691125,0.6685276358829676
0.08072998046874999,3.1162365722656244,3.9986083984375003,0.36510067114093814,0.38997011438710144
5.31962646484375,3.1162365722656244,3.9986083984375003,1.973154362416077,0.7816857377275892
0.08072998046874999,0.9786340332031249,3.9986083984375003,0.36375838926174353,0.15440279720181713
0.08072998046874999,3.1162365722656244,5.0475830078124995,0.36510067114093814,0.3928516569825987
5.31962646484375,0.9786340332031249,5.0475830078124995,1.068456375838912,0.39940039943847705
5.07572998046875,8.113736572265625,8.9486083984375,2.2617449664429605,0.9338370922079093
0.32462646484375,8.113736572265625,8.9486083984375,0.40402684563758173,0.6948381372281607
5.07572998046875,5.976134033203125,8.9486083984375,2.2053691275167777,0.9105243762957876
5.07572998046875,8.113736572265625,9.9975830078125,2.26711409395974,0.9360658807455631
0.32462646484375,5.976134033203125,9.9975830078125,0.3932885906040249,0.6105193409948686
7.57322998046875,0.617486572265625,1.5236083984375002,0.48724832214764735,0.1052764619146633
7.81712646484375,0.617486572265625,1.5236083984375002,0.5436241610738208,0.1194072891657027
7.57322998046875,8.474884033203125,1.5236083984375002,3.0469798657719354,0.8905794737390007
7.57322998046875,0.617486572265625,7.5225830078125,1.3597315436241417,0.37653850145722534
7.81712646484375,8.474884033203125,7.5225830078125,3.3516778523491615,0.9533970382461571
2.5782299804687496,5.614986572265624,6.4736083984374995,1.174496644295286,0.8228655927993355
2.8221264648437496,5.614986572265624,6.4736083984374995,1.2711409395972977,0.8339193094972315
2.5782299804687496,3.4773840332031245,6.4736083984374995,1.0268456375838793,0.715248178916842
2.5782299804687496,5.614986572265624,2.5725830078125003,1.0577181208053552,0.7375195249924076
2.8221264648437496,3.4773840332031245,2.5725830078125003,0.9583892617449543,0.6180044960989667
3.82697998046875,1.8668615722656248,7.7111083984375,1.2241610738254864,0.62759490806352
4.070876464843749,1.8668615722656248,7.7111083984375,1.3194630872483035,0.6458126079076596
3.82697998046875,4.726759033203124,7.7111083984375,1.6402684563758145,0.8522429530677167
3.82697998046875,1.8668615722656248,3.8100830078125,1.0577181208053552,0.5339016998033003
4.070876464843749,4.726759033203124,3.8100830078125,1.6510067114093714,0.8156834937204998
8.82197998046875,6.864361572265624,2.7611083984375,3.6013422818793996,0.9191955218588577
9.06587646484375,6.864361572265624,2.7611083984375,3.6979865771814273,0.9209991087790204
8.82197998046875,9.724259033203126,2.7611083984375,3.6885906040270635,0.941599152951595
8.82197998046875,6.864361572265624,8.7600830078125,3.724832214765324,0.9511145864229171
9.06587646484375,9.724259033203126,8.7600830078125,0.293959731543624,0.07494553410213596
6.32447998046875,4.365611572265625,5.2361083984375,2.5664429530201867,0.8785254815190628
1.57337646484375,4.365611572265625,5.2361083984375,0.6912751677852276,0.6603830827496745
6.32447998046875,7.225509033203124,5.2361083984375,2.703355704698059,0.9256071354235613
6.32447998046875,4.365611572265625,6.2850830078125,2.5892617449664987,0.8864653109575059
1.57337646484375,7.225509033203124,6.2850830078125,0.8281879194630775,0.8062531898233101
1.32947998046875,9.363111572265625,0.2861083984375,0.5194630872483179,0.5234253934676858
6.56837646484375,9.363111572265625,0.2861083984375,2.157046979865764,0.710708750566084
1.32947998046875,2.228009033203125,0.2861083984375,0.3771812080536896,0.23873706456276828
1.32947998046875,9.363111572265625,1.3350830078125002,0.6389261744966379,0.6747911388305298
6.56837646484375,2.228009033203125,1.3350830078125002,1.7664429530201076,0.5776840375126947
1.95385498046875,1.2421740722656247,5.8548583984375,0.3999999999999979,0.20186751301689448
9.69025146484375,1.2421740722656247,5.8548583984375,3.095302013422949,0.7243214455398608
1.95385498046875,5.3514465332031245,5.8548583984375,0.9060402684563647,0.7669108374918727
1.95385498046875,1.2421740722656247,1.9538330078125001,0.38389261744966263,0.1761291460239703
9.69025146484375,5.3514465332031245,1.9538330078125001,3.7731543624163377,0.88438735485195
6.94885498046875,6.2396740722656245,0.9048583984375,2.4899328859060814,0.7831993433287905
4.69525146484375,6.2396740722656245,0.9048583984375,1.6402684563758145,0.7181935387010437
6.94885498046875,0.35394653320312497,0.9048583984375,0.3785234899328842,0.05112756579810367
6.94885498046875,6.2396740722656245,6.9038330078125,2.9436241610739335,0.9287443722048334
4.69525146484375,0.35394653320312497,6.9038330078125,0.38657718120805185,0.06381441316580226
9.44635498046875,3.7409240722656247,8.3298583984375,3.8120805369129878,0.9151229167352573
7.19275146484375,3.7409240722656247,8.3298583984375,2.9140939597316473,0.8920200295760892
9.44635498046875,2.8526965332031247,8.3298583984375,3.7046979865774015,0.8892654011940373
9.44635498046875,3.7409240722656247,9.3788330078125,3.824161073825741,0.918056604861823
7.19275146484375,2.8526965332031247,9.3788330078125,2.821476510067204,0.8636105412937969
4.45135498046875,8.738424072265625,3.3798583984375004,1.9543624161073525,0.898992632529847
2.19775146484375,8.738424072265625,3.3798583984375004,1.061744966442939,0.8321129416497688
4.45135498046875,7.850196533203125,3.3798583984375004,1.9315436241610442,0.888401693056679
4.45135498046875,8.738424072265625,4.4288330078125,1.9812080536912446,0.911493451955512
2.19775146484375,7.850196533203125,4.4288330078125,1.0644295302013282,0.8345412396436485
3.2026049804687498,4.990299072265625,2.1423583984375,1.2174496644295134,0.7224527556732573
0.94900146484375,4.990299072265625,2.1423583984375,0.4348993288590577,0.49521792066699827
3.2026049804687498,9.099571533203125,2.1423583984375,1.4093959731543422,0.8402268546989065
3.2026049804687498,4.990299072265625,0.7163330078125,0.9543624161073705,0.5556312520426817
0.94900146484375,9.099571533203125,0.7163330078125,0.46979865771811746,0.5648296116618954
8.19760498046875,9.987799072265625,7.0923583984375,3.5248322147652944,0.9611455232401709
5.94400146484375,9.987799072265625,7.0923583984375,2.626845637583954,0.9488671000127564
8.19760498046875,4.102071533203125,7.0923583984375,3.3288590604028494,0.9075888194234885
8.19760498046875,9.987799072265625,5.6663330078125,3.511409395973346,0.9574586211565488
5.94400146484375,4.102071533203125,5.6663330078125,2.4040268456376124,0.8680239118033193
5.70010498046875,2.4915490722656246,4.6173583984375,2.032214765100645,0.7590217934590893
3.4465014648437498,2.4915490722656246,4.6173583984375,1.1516778523489777,0.6417102363670281
5.70010498046875,1.6033215332031248,4.6173583984375,1.7020134228187664,0.6311801576957651
5.70010498046875,2.4915490722656246,8.1413330078125,2.1436241610738156,0.8018222435033138
3.4465014648437498,1.6033215332031248,8.1413330078125,0.9812080536912626,0.534570178146343
0.70510498046875,7.489049072265624,9.5673583984375,0.5154362416107341,0.7468925056207913
8.44150146484375,7.489049072265624,9.5673583984375,3.5932885906042307,0.954533816987563
0.70510498046875,6.600821533203124,9.5673583984375,0.495302013422815,0.7084865198019201
0.70510498046875,7.489049072265624,3.1913330078125,0.46308724832214443,0.6482730243640487
8.44150146484375,6.600821533203124,3.1913330078125,3.4630872483223323,0.9195900818974113
1.01729248046875,2.179205322265625,1.2142333984375002,0.3785234899328842,0.26957860463666156
1.26118896484375,2.179205322265625,1.2142333984375002,0.382550335570468,0.26314709210238896
1.01729248046875,3.165040283203125,1.2142333984375002,0.38791946308724645,0.34241744798351037
1.01729248046875,2.179205322265625,5.3569580078125,0.3932885906040249,0.3124503322781053
1.26118896484375,3.165040283203125,5.3569580078125,0.4791946308724797,0.46715470398106174
6.01229248046875,7.176705322265624,6.1642333984375,2.5906040268456936,0.9265727380723776
6.25618896484375,7.176705322265624,6.1642333984375,2.688590604026916,0.9292651794463731
6.01229248046875,8.162540283203125,6.1642333984375,2.6147651006712005,0.9352360751785225
6.01229248046875,7.176705322265624,0.4069580078125,1.9261744966442658,0.6840763461438855
6.25618896484375,8.162540283203125,0.4069580078125,2.0805369127516586,0.7150742613159335
8.50979248046875,4.677955322265625,3.6892333984375,3.402684563758565,0.8969760485433661
3.75868896484375,4.677955322265625,3.6892333984375,1.5181208053691053,0.7989202484653759
8.50979248046875,5.663790283203125,3.6892333984375,3.4684563758391116,0.9144024919268054
8.50979248046875,4.677955322265625,2.8819580078125,3.3516778523491615,0.8833130657752318
3.75868896484375,5.663790283203125,2.8819580078125,1.5422818791946082,0.811653639489125
3.51479248046875,9.675455322265625,8.6392333984375,1.6644295302013175,0.9249894125089341
8.75368896484375,9.675455322265625,8.6392333984375,0.3127516778523485,0.0827763624675124
3.51479248046875,0.666290283203125,8.6392333984375,0.40536912751677634,0.1217562974164123
3.51479248046875,9.675455322265625,7.8319580078125,1.6604026845637336,0.9227178049104214
8.75368896484375,0.666290283203125,7.8319580078125,1.9610738255033255,0.49320279469904665
4.76354248046875,3.4285803222656246,7.4017333984375,1.9020134228187628,0.8273383371121178
7.50493896484375,3.4285803222656246,7.4017333984375,2.993288590604142,0.8825276522710773
4.76354248046875,1.9156652832031247,7.4017333984375,1.5999999999999763,0.6926139979416531
4.76354248046875,3.4285803222656246,6.5944580078124995,1.8872483221476222,0.8207733853013551
7.50493896484375,1.9156652832031247,6.5944580078124995,2.65906040268463,0.7831887045411156
9.75854248046875,8.426080322265625,2.4517333984375003,4.009395973154628,0.934292234949286
2.50993896484375,8.426080322265625,2.4517333984375003,1.1382550335570316,0.8120112948130849
9.75854248046875,6.913165283203124,2.4517333984375003,3.953020134228445,0.9210684349377047
9.75854248046875,8.426080322265625,1.6444580078125002,3.928859060402938,0.9152582989378135
2.50993896484375,6.913165283203124,1.6444580078125002,1.017449664429517,0.7219840860143091
7.26104248046875,0.9298303222656249,9.8767333984375,1.973154362416077,0.5922118657853074
5.00743896484375,0.9298303222656249,9.8767333984375,1.1020134228187772,0.43622741748490224
7.26104248046875,9.411915283203125,9.8767333984375,3.158389261745106,0.9589546696077453
7.26104248046875,0.9298303222656249,4.1194580078125,1.6120805369127278,0.47627202214215975
5.00743896484375,9.411915283203125,4.1194580078125,2.209395973154362,0.9223543325853576
2.26604248046875,5.927330322265624,4.9267333984374995,1.0389261744966307,0.7966112259547786
0.01243896484375,5.927330322265624,4.9267333984374995,0.36375838926174353,0.5751335393243436
2.26604248046875,4.414415283203125,4.9267333984374995,0.9543624161073705,0.7286815675719167
2.26604248046875,5.927330322265624,9.0694580078125,1.085906040268442,0.8339821955029888
0.01243896484375,4.414415283203125,9.0694580078125,0.36375838926174353,0.49968164892809336
1.64166748046875,4.053267822265624,9.2579833984375,0.7449664429530118,0.6986477434765523
3.13431396484375,4.053267822265624,9.2579833984375,1.3342281879194442,0.8090347733712275
1.64166748046875,7.537852783203125,9.2579833984375,0.8845637583892509,0.8401106008379677
1.64166748046875,4.053267822265624,8.4507080078125,0.7382550335570388,0.6914997158255018
3.13431396484375,7.537852783203125,8.4507080078125,1.4738255033556833,0.8944549175805541
6.63666748046875,9.050767822265625,4.3079833984375,2.85369127516788,0.9371249873211023
8.12931396484375,9.050767822265625,4.3079833984375,3.4469798657719943,0.9468491539176485
6.63666748046875,2.5403527832031245,4.3079833984375,2.3959731543624434,0.7856369480694022
6.63666748046875,9.050767822265625,3.5007080078125004,2.8335570469799576,0.930428901614551
8.12931396484375,2.5403527832031245,3.5007080078125004,2.923489932886011,0.8019548188256664
9.13416748046875,1.5545178222656248,6.7829833984375,3.1476510067115475,0.7780149246163338
0.63681396484375,1.5545178222656248,6.7829833984375,0.375838926174495,0.23850475969489388
9.13416748046875,0.04160278320312499,6.7829833984375,0.36778523489932735,0.007534420751015545
9.13416748046875,1.5545178222656248,1.0257080078125,2.0738255033556845,0.5045246712712284
0.63681396484375,0.04160278320312499,1.0257080078125,0.36375838926174353,0.007076993636935181
4.13916748046875,6.552017822265625,1.8329833984375001,1.6483221476509822,0.8027477928189735
5.63181396484375,6.552017822265625,1.8329833984375001,2.234899328859064,0.844109521814677
4.13916748046875,5.039102783203124,1.8329833984375001,1.5422818791946082,0.749772922211484
4.13916748046875,6.552017822265625,5.9757080078125,1.8241610738254757,0.8902749732516151
5.63181396484375,5.039102783203124,5.9757080078125,2.351677852349014,0.8892584149195542
2.89041748046875,0.305142822265625,3.0704833984375,0.37046979865771656,0.051418620777351876
6.88056396484375,0.305142822265625,3.0704833984375,0.38523489932885724,0.0511965113688084
2.89041748046875,6.288477783203124,3.0704833984375,1.242953020134211,0.7998874044633848
2.89041748046875,0.305142822265625,9.6882080078125,0.375838926174495,0.05524002628640082
6.88056396484375,6.288477783203124,9.6882080078125,2.939597315436349,0.9356260416496547
7.88541748046875,5.302642822265624,8.0204833984375,3.2899328859061994,0.9285959426630221
1.88556396484375,5.302642822265624,8.0204833984375,0.9020134228187808,0.7824629741152548
7.88541748046875,1.2909777832031248,8.0204833984375,2.5275167785235366,0.7113173467042085
7.88541748046875,5.302642822265624,4.7382080078125,3.236241610738406,0.91323799188103
1.88556396484375,1.2909777832031248,4.7382080078125,0.3973154362416087,0.20382990074818869
5.38791748046875,2.8038928222656248,0.5954833984375,1.232214765100654,0.47001484844532626
9.37806396484375,2.8038928222656248,0.5954833984375,2.515436241610783,0.6021112740035961
5.38791748046875,3.7897277832031246,0.5954833984375,1.4483221476509858,0.5592681237657141
5.38791748046875,2.8038928222656248,2.2632080078125,1.7624161073825237,0.6877400795775567
9.37806396484375,3.7897277832031246,2.2632080078125,3.519463087248515,0.849489343856964
0.39291748046875,7.801392822265624,5.5454833984375,0.40671140939597095,0.6656845055352426
4.38306396484375,7.801392822265624,5.5454833984375,1.9503355704697687,0.9087646247320109
0.39291748046875,8.787227783203125,5.5454833984375,0.413422818791944,0.696416188056654
0.39291748046875,7.801392822265624,7.2132080078125,0.41073825503355477,0.6792266845966742
4.38306396484375,8.787227783203125,7.2132080078125,1.9879194630872177,0.9263953741030655
0.54901123046875,0.46131469726562496,8.1751708984375,0.36644295302013274,0.07971271264874419
0.16853271484375001,0.46131469726562496,8.1751708984375,0.36375838926174353,0.07914133025086044
0.54901123046875,2.384180908203125,8.1751708984375,0.3812080536912734,0.3388193815100892
0.54901123046875,0.46131469726562496,5.8210205078124995,0.36644295302013274,0.07882672618532888
0.16853271484375001,2.384180908203125,5.8210205078124995,0.36778523489932735,0.32789936641062556
5.54401123046875,5.458814697265624,3.2251708984375003,2.256375838926181,0.8642012222075126
5.1635327148437495,5.458814697265624,3.2251708984375003,2.1046979865771656,0.8558398022405346
5.54401123046875,7.3816809082031245,3.2251708984375003,2.34496644295304,0.8983974595780266
5.54401123046875,5.458814697265624,0.8710205078125,1.8697986577180923,0.7125694682280248
5.1635327148437495,7.3816809082031245,0.8710205078125,1.8818791946308437,0.7628285964797766
8.04151123046875,2.960064697265625,5.7001708984374995,3.1020134228189233,0.8600621524026734
2.66603271484375,2.960064697265625,5.7001708984374995,0.9758389261744842,0.6593074829554825
8.04151123046875,9.880430908203126,5.7001708984374995,3.448322147651189,0.956488830869549
8.04151123046875,2.960064697265625,3.3460205078125003,2.9731543624162198,0.8237251940600899
2.66603271484375,9.880430908203126,3.3460205078125003,1.269798657718103,0.8685556240590351
3.04651123046875,7.957564697265624,0.7501708984375,1.099328859060388,0.6742171964567372
7.66103271484375,7.957564697265624,0.7501708984375,2.816107382550425,0.813463963782918
3.04651123046875,4.882930908203124,0.7501708984375,0.90469798657717,0.5455271779508439
3.04651123046875,7.957564697265624,8.2960205078125,1.4469798657717912,0.8972413423957566
7.66103271484375,4.882930908203124,8.2960205078125,3.182550335570613,0.9215526077535212
4.29526123046875,4.2094396972656245,4.4626708984375,1.7234899328858801,0.8155166339047866
8.90978271484375,4.2094396972656245,4.4626708984375,3.5570469798659703,0.8998785310575701
4.29526123046875,3.6335559082031246,4.4626708984375,1.6644295302013175,0.7870743465926104
4.29526123046875,4.2094396972656245,7.0585205078125,1.7838926174496375,0.844726387883586
8.90978271484375,3.6335559082031246,7.0585205078125,3.5691275167787238,0.9031195321603055
9.29026123046875,9.206939697265625,9.4126708984375,0.28590604026845634,0.07099384829627624
3.9147827148437497,9.206939697265625,9.4126708984375,1.8201342281878918,0.9291671009007108
9.29026123046875,8.631055908203125,9.4126708984375,0.3020134228187916,0.07570716356448336
9.29026123046875,9.206939697265625,2.1085205078125,3.8201342281881567,0.9306550279939281
3.9147827148437497,8.631055908203125,2.1085205078125,1.6738255033556797,0.853406985556749
6.79276123046875,1.7106896972656247,1.9876708984375002,1.795973154362389,0.5701176570005185
6.41228271484375,1.7106896972656247,1.9876708984375002,1.659060402684539,0.5523362560976568
6.79276123046875,6.132305908203125,1.9876708984375002,2.688590604026916,0.8644138592902031
6.79276123046875,1.7106896972656247,4.5835205078125,2.1825503355704656,0.6994773497916935
6.41228271484375,6.132305908203125,4.5835205078125,2.6859060402685264,0.9086337542997651
1.79776123046875,6.708189697265625,6.9376708984375,0.9087248322147539,0.8141430931368244
1.4172827148437501,6.708189697265625,6.9376708984375,0.7583892617449579,0.7848912276784568
1.79776123046875,1.1348059082031248,6.9376708984375,0.3946308724832195,0.18873122911457096
1.79776123046875,6.708189697265625,9.5335205078125,0.9275167785234784,0.8315727182828825
1.4172827148437501,1.1348059082031248,9.5335205078125,0.38926174496644106,0.19108666928021106
2.42213623046875,3.5847521972656247,1.3689208984375,0.6993288590603952,0.4864615735921775
4.53915771484375,3.5847521972656247,1.3689208984375,1.4187919463087044,0.6354950721378974
2.42213623046875,6.756993408203124,1.3689208984375,0.942281879194619,0.6831757259213971
2.42213623046875,3.5847521972656247,7.6772705078125,0.9946308724832087,0.7249606438441649
4.53915771484375,6.756993408203124,7.6772705078125,2.008053691275138,0.9093560440134629
7.41713623046875,8.582252197265625,6.3189208984375,3.183892617449808,0.9486904894763994
9.53415771484375,8.582252197265625,6.3189208984375,4.02684563758416,0.958661686193401
7.41713623046875,1.7594934082031248,6.3189208984375,2.5503355704698487,0.7585699929361864
7.41713623046875,8.582252197265625,2.7272705078125004,3.1006711409397285,0.9235840509566777
9.53415771484375,1.7594934082031248,2.7272705078125004,3.04832214765113,0.7232387482989872
9.91463623046875,1.0860021972656249,3.8439208984375,2.8013422818792817,0.6396103976926117
2.04165771484375,1.0860021972656249,3.8439208984375,0.38926174496644106,0.17016907163982695
9.91463623046875,4.258243408203125,3.8439208984375,3.9328859060405224,0.9032989771430523
9.91463623046875,1.0860021972656249,0.25227050781250004,1.106040268456361,0.2362152269357445
2.04165771484375,4.258243408203125,0.25227050781250004,0.4791946308724797,0.3429311011065229
4.9196362304687495,6.0835021972656245,8.7939208984375,2.1463087248322053,0.9095034780005874
7.03665771484375,6.0835021972656245,8.7939208984375,2.9892617449665577,0.9329203386682485
4.9196362304687495,9.255743408203125,8.7939208984375,2.218791946308726,0.9402625157406308
4.9196362304687495,6.0835021972656245,5.2022705078125,2.1046979865771656,0.8916172710391395
7.03665771484375,9.255743408203125,5.2022705078125,3.0322147651007922,0.946231145706693
3.6708862304687497,2.3353771972656245,5.0814208984375,1.2201342281879026,0.6480998177508663
5.78790771484375,2.3353771972656245,5.0814208984375,2.0496644295301776,0.7556603435626321
3.6708862304687497,8.006368408203125,5.0814208984375,1.665771812080512,0.8945052730399408
3.6708862304687497,2.3353771972656245,8.9147705078125,1.318120805369109,0.7039708538256989
5.78790771484375,8.006368408203125,8.9147705078125,2.5436241610738746,0.9399633437048112
8.66588623046875,7.332877197265624,0.13142089843750002,2.5342281879195108,0.6527008921915353
0.79290771484375,7.332877197265624,0.13142089843750002,0.3919463087248303,0.4524287869757701
8.66588623046875,3.0088684082031247,0.13142089843750002,1.8281879194630595,0.4647431800093328
8.66588623046875,7.332877197265624,3.9647705078125,3.6093959731545686,0.9363246784681473
0.79290771484375,3.0088684082031247,3.9647705078125,0.3919463087248303,0.3829540824991474
6.16838623046875,4.834127197265625,7.5564208984375,2.5771812080537453,0.9016595796082543
8.28540771484375,4.834127197265625,7.5564208984375,3.4201342281880978,0.9237151058891431
6.16838623046875,0.5101184082031249,7.5564208984375,0.5060402684563718,0.12444126103426582
6.16838623046875,4.834127197265625,1.4897705078125,2.242953020134233,0.7825818165894086
8.28540771484375,0.5101184082031249,1.4897705078125,0.4174496644295278,0.07419582231311575
1.1733862304687501,9.831627197265625,2.6064208984375004,0.6604026845637516,0.7564460064714551
3.29040771484375,9.831627197265625,2.6064208984375004,1.488590604026824,0.8698136586452521
1.1733862304687501,5.5076184082031245,2.6064208984375004,0.5382550335570424,0.5920650764931628
1.1733862304687501,9.831627197265625,6.4397705078125,0.7221476510067035,0.8332290455183671
3.29040771484375,5.5076184082031245,6.4397705078125,1.4523489932885696,0.8489037716663342
0.8611987304687501,4.521783447265625,6.6282958984375,0.4604026845637552,0.564957664335586
6.72447021484375,4.521783447265625,6.6282958984375,2.766442953020216,0.8981021236062627
0.8611987304687501,4.570587158203124,6.6282958984375,0.46308724832214443,0.5703856681515694
0.8611987304687501,4.521783447265625,4.2741455078124995,0.4362416107382523,0.5190571312454936
6.72447021484375,4.570587158203124,4.2741455078124995,2.711409395973228,0.8799699220372843
5.8561987304687495,9.519283447265625,1.6782958984375,2.4268456375839245,0.88704343476429
1.72947021484375,9.519283447265625,1.6782958984375,0.8134228187919368,0.7422701557549269
5.8561987304687495,9.568087158203125,1.6782958984375,2.4281879194631193,0.8875415532679283
5.8561987304687495,9.519283447265625,9.2241455078125,2.5973154362416677,0.9502637343570655
1.72947021484375,9.568087158203125,9.2241455078125,0.9543624161073705,0.877745555969709
8.35369873046875,2.023033447265625,9.1032958984375,3.097986577181339,0.8303382763240768
9.22197021484375,2.023033447265625,9.1032958984375,3.4442953020136047,0.8447921596827371
8.35369873046875,7.069337158203124,9.1032958984375,3.5463087248324117,0.950876995554101
8.35369873046875,2.023033447265625,6.7491455078125,3.040268456375961,0.8145701655919643
9.22197021484375,7.069337158203124,6.7491455078125,3.872483221476755,0.9500676244546773
3.35869873046875,7.020533447265624,4.1532958984374995,1.495302013422797,0.8601816889795828
4.22697021484375,7.020533447265624,4.1532958984374995,1.840268456375811,0.8828326000043781
3.35869873046875,2.0718371582031248,4.1532958984374995,0.9812080536912626,0.5484465087339172
3.35869873046875,7.020533447265624,1.7991455078125,1.3651006711409202,0.7832631884299447
4.22697021484375,2.0718371582031248,1.7991455078125,1.0295302013422685,0.47614208370277844
4.60744873046875,0.7736584472656249,0.4407958984375,0.382550335570468,0.09412324231691666
2.9782202148437498,0.7736584472656249,0.4407958984375,0.3744966442953004,0.10217815537123343
4.60744873046875,0.822462158203125,0.4407958984375,0.38523489932885724,0.09859793719316728
4.60744873046875,0.7736584472656249,3.0366455078125,0.42416107382550083,0.12658478716824415
2.9782202148437498,0.822462158203125,3.0366455078125,0.39060402684563567,0.1294746981761984
9.60244873046875,5.771158447265624,5.3907958984375,3.958389261745224,0.9361873607325288
7.97322021484375,5.771158447265624,5.3907958984375,3.310067114094122,0.9250121543750562
9.60244873046875,5.819962158203125,5.3907958984375,3.959731543624419,0.9365203268744826
9.60244873046875,5.771158447265624,7.9866455078125,3.9932885906042896,0.9445608993917145
7.97322021484375,5.819962158203125,7.9866455078125,3.346308724832382,0.9352818526917888
7.10494873046875,3.2724084472656245,2.9157958984375,2.62013422818798,0.8095418607211342
0.48072021484375,3.2724084472656245,2.9157958984375,0.3771812080536896,0.3945020068620268
7.10494873046875,8.318712158203125,2.9157958984375,2.979865771812194,0.921790326643962
7.10494873046875,3.2724084472656245,5.5116455078125,2.7704697986578006,0.8569082261191663
0.48072021484375,8.318712158203125,5.5116455078125,0.43087248322147387,0.6928076875305275
2.1099487304687496,8.269908447265625,7.8657958984375,1.0778523489932743,0.8697402716154222
5.47572021484375,8.269908447265625,7.8657958984375,2.4174496644295607,0.9364186352087136
2.1099487304687496,3.3212121582031244,7.8657958984375,0.8483221476509966,0.6751966954239248
2.1099487304687496,8.269908447265625,0.5616455078125,0.7543624161073741,0.5924732727220909
5.47572021484375,3.3212121582031244,0.5616455078125,1.3651006711409202,0.5175478966152895
1.48557373046875,1.3983459472656248,3.5345458984375,0.38657718120805185,0.20988660509213675
8.59759521484375,1.3983459472656248,3.5345458984375,2.5691275167785763,0.6677346164030942
1.48557373046875,8.943399658203125,3.5345458984375,0.7892617449664339,0.7944546674416979
1.48557373046875,1.3983459472656248,2.4178955078125,0.382550335570468,0.2015812079413461
8.59759521484375,8.943399658203125,2.4178955078125,3.561073825503555,0.9302127412247218
6.48057373046875,6.395845947265625,8.4845458984375,2.77583892617458,0.9307339196969884
3.60259521484375,6.395845947265625,8.4845458984375,1.6295302013422577,0.8882337284743466
6.48057373046875,3.9458996582031247,8.4845458984375,2.651006711409461,0.8887652900710417
6.48057373046875,6.395845947265625,7.3678955078124995,2.766442953020216,0.9275433308439415
3.60259521484375,3.9458996582031247,7.3678955078124995,1.4912751677852132,0.812139558061397
8.97807373046875,3.897095947265625,1.0595458984375001,3.025503355704818,0.7577915038970621
6.1000952148437495,3.897095947265625,1.0595458984375001,1.942281879194601,0.6814852888706173
8.97807373046875,1.4471496582031247,1.0595458984375001,1.9476510067113795,0.4798242127749248
8.97807373046875,3.897095947265625,9.8428955078125,3.655033557047193,0.9186687459227214
6.1000952148437495,1.4471496582031247,9.8428955078125,1.9744966442952716,0.6945485730379832
3.98307373046875,8.894595947265625,6.0095458984375,1.8201342281878918,0.9162678269683928
1.10509521484375,8.894595947265625,6.0095458984375,0.6765100671140869,0.8044988563401965
3.98307373046875,6.444649658203124,6.0095458984375,1.75838926174494,0.8850732312904726
3.98307373046875,8.894595947265625,4.8928955078125,1.8053691275167512,0.9087630730142506
1.10509521484375,6.444649658203124,4.8928955078125,0.6053691275167727,0.7105827646793205
2.7343237304687498,2.6477209472656247,9.7220458984375,1.0214765100671008,0.679290175046795
2.3538452148437496,2.6477209472656247,9.7220458984375,0.8724832214764995,0.6406505687986694
2.7343237304687498,5.195274658203124,9.7220458984375,1.2469798657717948,0.8375942044531934
2.7343237304687498,2.6477209472656247,1.1803955078125001,0.6187919463087188,0.3775836639240635
2.3538452148437496,5.195274658203124,1.1803955078125001,0.7986577181207961,0.5816811286355172
7.72932373046875,7.645220947265624,4.7720458984375,3.2657718120806924,0.9381625066707535
7.34884521484375,7.645220947265624,4.7720458984375,3.114093959731677,0.935372976404802
7.72932373046875,0.19777465820312498,4.7720458984375,0.3812080536912734,0.035092758715301556
7.72932373046875,7.645220947265624,6.1303955078125,3.285906040268615,0.944035634848714
7.34884521484375,0.19777465820312498,6.1303955078125,0.382550335570468,0.03588409321618232
5.23182373046875,0.148970947265625,7.2470458984374995,0.3731543624161058,0.02698025715811167
4.85134521484375,0.148970947265625,7.2470458984374995,0.3731543624161058,0.027046033094280726
5.23182373046875,2.6965246582031246,7.2470458984374995,1.97986577181205,0.7960672811438712
5.23182373046875,0.148970947265625,8.6053955078125,0.3744966442953004,0.027326043482971622
4.85134521484375,2.6965246582031246,8.6053955078125,1.853691275167757,0.7938479276471118
0.23682373046875002,5.146470947265625,2.2970458984375,0.37181208053691117,0.5132648826989725
9.84634521484375,5.146470947265625,2.2970458984375,3.864429530201586,0.8928864457441399
0.23682373046875002,7.694024658203125,2.2970458984375,0.3771812080536896,0.6179189945791174
0.23682373046875002,5.146470947265625,3.6553955078125,0.3744966442953004,0.528217978462568
9.84634521484375,7.694024658203125,3.6553955078125,4.079194630872759,0.9430148873074262
0.31487060546875,1.6326037597656247,7.1697021484375,0.36912751677852196,0.24589927614291546
3.68064208984375,1.6326037597656247,7.1697021484375,1.0590604026845498,0.5518299723026315
0.31487060546875,7.4597668457031245,7.1697021484375,0.3959731543624141,0.6607070240114958
0.31487060546875,1.6326037597656247,0.6389892578125,0.36510067114093814,0.2222250224698372
3.68064208984375,7.4597668457031245,0.6389892578125,1.2590604026845462,0.6679746444092866
5.30987060546875,6.630103759765625,2.2197021484375004,2.157046979865764,0.8565351701317812
8.67564208984375,6.630103759765625,2.2197021484375004,3.489932885906229,0.9040353533907606
5.30987060546875,2.4622668457031245,2.2197021484375004,1.6308724832214523,0.642324389509048
5.30987060546875,6.630103759765625,5.5889892578125,2.2872483221476623,0.9090860854013392
8.67564208984375,2.4622668457031245,5.5889892578125,3.2496644295303545,0.8418138041095586
7.80737060546875,4.1313537597656245,9.6447021484375,3.205369127516925,0.9127613787824116
1.1831420898437501,4.1313537597656245,9.6447021484375,0.5758389261744914,0.6374248671231257
7.80737060546875,4.961016845703124,9.6447021484375,3.2563758389263286,0.9273033384136175
7.80737060546875,4.1313537597656245,8.0639892578125,3.189261744966587,0.9081129440431142
1.1831420898437501,4.961016845703124,8.0639892578125,0.6120805369127458,0.6895333108768982
2.81237060546875,9.128853759765626,4.6947021484375,1.3422818791946118,0.8831776058779546
6.17814208984375,9.128853759765626,4.6947021484375,2.680536912751747,0.9365280865977185
2.81237060546875,9.958516845703125,4.6947021484375,1.355704697986558,0.8921105178402469
2.81237060546875,9.128853759765626,3.1139892578125004,1.3046979865771628,0.857994159690679
6.17814208984375,9.958516845703125,3.1139892578125004,2.657718120805435,0.9284142904780285
4.06112060546875,2.881978759765625,0.9822021484375,1.0067114093959602,0.482134333515631
7.42689208984375,2.881978759765625,0.9822021484375,2.1476510067114,0.6336602420110218
4.06112060546875,8.709141845703124,0.9822021484375,1.5677852348993058,0.7741276681888845
4.06112060546875,2.881978759765625,1.8764892578125,1.218791946308708,0.5943338026858102
7.42689208984375,8.709141845703124,1.8764892578125,3.0456375838927405,0.9058584722037806
9.05612060546875,7.879478759765624,5.9322021484375,3.817449664429767,0.9519992318543944
2.4318920898437497,7.879478759765624,5.9322021484375,1.181208053691259,0.8634361238547893
9.05612060546875,3.7116418457031246,5.9322021484375,3.6120805369129583,0.9006085815484157
9.05612060546875,7.879478759765624,6.8264892578125,3.826845637584131,0.9543814657015028
2.4318920898437497,3.7116418457031246,6.8264892578125,0.9986577181207925,0.725845128388827
6.55862060546875,0.383228759765625,3.4572021484375,0.3946308724832195,0.06490397721149223
9.92439208984375,0.383228759765625,3.4572021484375,0.5919463087248267,0.10284364904875365
6.55862060546875,1.2128918457031248,3.4572021484375,1.614765100671117,0.5250099158337554
6.55862060546875,0.383228759765625,9.3014892578125,0.413422818791944,0.0744419029397703
9.92439208984375,1.2128918457031248,9.3014892578125,3.3127516778525115,0.7595633189581132
1.56362060546875,5.380728759765624,8.4072021484375,0.7812080536912662,0.7611733795517114
4.92939208984375,5.380728759765624,8.4072021484375,2.1194630872483087,0.8966056737463302
1.56362060546875,6.210391845703124,8.4072021484375,0.8120805369127422,0.7932371773753446
1.56362060546875,5.380728759765624,4.3514892578125,0.727516778523482,0.7034909427952564
4.92939208984375,6.210391845703124,4.3514892578125,2.093959731543607,0.8855054048952753
2.1879956054687497,4.756041259765625,2.8384521484375003,0.8697986577181103,0.6760286206131099
1.80751708984375,4.756041259765625,2.8384521484375003,0.7288590604026766,0.6373735770986577
2.1879956054687497,1.8375793457031246,2.8384521484375003,0.44429530201341993,0.2718255492584407
2.1879956054687497,4.756041259765625,3.7327392578125003,0.9114093959731431,0.7114755036860845
1.80751708984375,1.8375793457031246,3.7327392578125003,0.4161073825503332,0.2693353640853896
7.18299560546875,9.753541259765624,7.7884521484375,3.1221476510068458,0.9569550189255212
6.80251708984375,9.753541259765624,7.7884521484375,2.97046979865783,0.9548845039019838
7.18299560546875,6.835079345703124,7.7884521484375,3.064429530201468,0.9392293678989074
7.18299560546875,9.753541259765624,8.6827392578125,3.1261744966444303,0.9582276360227586
6.80251708984375,6.835079345703124,8.6827392578125,2.9194630872484266,0.938473266288488
9.68049560546875,2.2572912597656245,0.36345214843750007,2.1140939597315294,0.4879361626455336
4.30501708984375,2.2572912597656245,0.36345214843750007,0.6885906040268384,0.2942950509342088
9.68049560546875,9.333829345703125,0.36345214843750007,3.354362416107551,0.7851609233406421
9.68049560546875,2.2572912597656245,6.2077392578124995,3.6201342281881272,0.8496281715462364
4.30501708984375,9.333829345703125,6.2077392578124995,1.9570469798657417,0.9254190344855996
4.68549560546875,7.254791259765624,5.3134521484374995,2.053691275167762,0.9059318604214592
9.30001708984375,7.254791259765624,5.3134521484374995,3.888590604027093,0.9467470073596044
4.68549560546875,4.336329345703125,5.3134521484374995,1.9140939597315143,0.8439996159122438
4.68549560546875,7.254791259765624,1.2577392578125002,1.8040268456375566,0.7936714229370208
9.30001708984375,4.336329345703125,1.2577392578125002,3.3221476510068753,0.8070445598440277
3.43674560546875,1.0079162597656248,9.0259521484375,0.5946308724832159,0.27567481668017785
8.05126708984375,1.0079162597656248,9.0259521484375,2.3557046979865985,0.6488431701806057
3.43674560546875,3.0869543457031248,9.0259521484375,1.355704697986558,0.7649449634208852
3.43674560546875,1.0079162597656248,4.9702392578125,0.46577181208053364,0.19239184929135084
8.05126708984375,3.0869543457031248,4.9702392578125,3.0993288590605337,0.8583200379942569
8.43174560546875,6.005416259765624,4.0759521484375,3.4684563758391116,0.922057940805254
3.05626708984375,6.005416259765624,4.0759521484375,1.3342281879194442,0.8242771700657201
8.43174560546875,8.084454345703126,4.0759521484375,3.5409395973156323,0.9414042823816164
8.43174560546875,6.005416259765624,9.9202392578125,3.550335570469996,0.9440932193443048
3.05626708984375,8.084454345703126,9.9202392578125,1.4617449664429318,0.9042763896787652
5.93424560546875,3.5066662597656246,6.5509521484375,2.361073825503378,0.8536975403109028
5.55376708984375,3.5066662597656246,6.5509521484375,2.209395973154362,0.8452057703219006
5.93424560546875,5.585704345703125,6.5509521484375,2.508724832214809,0.9073452833704307
5.93424560546875,3.5066662597656246,7.4452392578125,2.377181208053716,0.8596277359805791
5.55376708984375,5.585704345703125,7.4452392578125,2.367785234899352,0.9061602586546057
0.93924560546875,8.504166259765626,1.6009521484375002,0.5100671140939557,0.6340440296558432
0.55876708984375,8.504166259765626,1.6009521484375002,0.41073825503355477,0.6017218132911294
0.93924560546875,0.588204345703125,1.6009521484375002,0.36644295302013274,0.09314694935683443
0.93924560546875,8.504166259765626,2.4952392578125,0.5449664429530154,0.6888780711848683
0.55876708984375,0.588204345703125,2.4952392578125,0.36510067114093814,0.09518709854871063
1.25143310546875,3.1943225097656245,8.097827148437501,0.5127516778523449,0.5183951014006308
9.61220458984375,3.1943225097656245,8.097827148437501,3.8147651006713774,0.9014145215147227
1.25143310546875,9.646173095703125,8.097827148437501,0.7597315436241525,0.846863748712105
1.25143310546875,3.1943225097656245,9.6108642578125,0.5248322147650963,0.5357621648676543
9.61220458984375,9.646173095703125,9.6108642578125,0.2724832214765103,0.06454152354153021
6.24643310546875,8.191822509765625,3.1478271484375,2.6456375838926816,0.9153927976282479
4.61720458984375,8.191822509765625,3.1478271484375,1.9986577181207745,0.8920991110504675
6.24643310546875,4.648673095703124,3.1478271484375,2.471140939597354,0.8545669247690981
6.24643310546875,8.191822509765625,4.6608642578124995,2.6872483221477212,0.9299933694785423
4.61720458984375,4.648673095703124,4.6608642578124995,1.8926174496644006,0.8446025902683345
8.74393310546875,0.6955725097656249,5.6228271484375,1.8644295302013139,0.4675532061299334
7.1147045898437495,0.6955725097656249,5.6228271484375,1.2644295302013246,0.36849361877333264
8.74393310546875,2.149923095703125,5.6228271484375,3.191946308724977,0.8209101433729762
8.74393310546875,0.6955725097656249,2.1858642578125003,1.2241610738254864,0.2936628513661214
7.1147045898437495,2.149923095703125,2.1858642578125003,2.194630872483219,0.6741689767251466
3.74893310546875,5.693072509765624,0.6728271484375,1.1771812080536752,0.6125758502435621
2.11970458984375,5.693072509765624,0.6728271484375,0.6684563758389193,0.5129618097431159
3.74893310546875,7.147423095703124,0.6728271484375,1.2778523489932707,0.6682873831558067
3.74893310546875,5.693072509765624,7.1358642578125,1.6510067114093714,0.8720200208063038
2.11970458984375,7.147423095703124,7.1358642578125,1.0510067114093822,0.8451008807548368
4.99768310546875,1.9449475097656248,4.3853271484375,1.5731543624160842,0.6523981009680098
0.8709545898437501,1.9449475097656248,4.3853271484375,0.382550335570468,0.2792707499573516
4.99768310546875,5.898048095703125,4.3853271484375,2.10872483221475,0.8815544494099387
4.99768310546875,1.9449475097656248,8.3733642578125,1.7261744966442694,0.7193310378579447
0.8709545898437501,5.898048095703125,8.3733642578125,0.5315436241610694,0.6945645973769523
9.99268310546875,6.942447509765624,9.3353271484375,4.197315436241904,0.9575904297802682
5.86595458984375,6.942447509765624,9.3353271484375,2.5530201342282384,0.932697061370809
9.99268310546875,0.9005480957031249,9.3353271484375,2.987919463087363,0.6791883020558416
9.99268310546875,6.942447509765624,3.4233642578125,4.103355704698266,0.9359179244148532
5.86595458984375,0.9005480957031249,3.4233642578125,0.9838926174496518,0.331488901969193
7.49518310546875,4.443697509765625,1.9103271484375002,2.805369127516866,0.8268868953313333
3.3684545898437497,4.443697509765625,1.9103271484375002,1.2026845637583727,0.6848384115995407
7.49518310546875,3.3992980957031245,1.9103271484375002,2.642953020134292,0.7782638402345888
7.49518310546875,4.443697509765625,0.9483642578125,2.5033557046980297,0.7358683817419334
3.3684545898437497,3.3992980957031245,0.9483642578125,0.8818791946308617,0.48734132559325033
2.50018310546875,9.441197509765624,6.8603271484374995,1.2456375838926002,0.8930593677304897
8.36345458984375,9.441197509765624,6.8603271484374995,3.581208053691477,0.9592062622149449
2.50018310546875,8.396798095703126,6.8603271484374995,1.2281879194630703,0.8804508876210795
2.50018310546875,9.441197509765624,5.8983642578125,1.2375838926174325,0.8871882131386948
8.36345458984375,8.396798095703126,5.8983642578125,3.553020134228386,0.9516177104639918
1.87580810546875,0.07088500976562499,2.5290771484375,0.36375838926174353,0.012241689523115011
5.24157958984375,0.07088500976562499,2.5290771484375,0.36644295302013274,0.012267756041731182
1.87580810546875,4.023985595703125,2.5290771484375,0.6778523489932815,0.5694036142622663
1.87580810546875,0.07088500976562499,6.5171142578125,0.36510067114093814,0.012718212959664726
5.24157958984375,4.023985595703125,6.5171142578125,2.1355704697986466,0.8579327616632688
6.8708081054687495,5.068385009765625,7.4790771484375,2.868456375839023,0.9139990434140621
0.24657958984375,5.068385009765625,7.4790771484375,0.3798657718120788,0.5471723675620309
6.8708081054687495,9.021485595703124,7.4790771484375,2.9838926174497784,0.9508776899360449
6.8708081054687495,5.068385009765625,1.5671142578125001,2.5597315436242125,0.8140390090675258
0.24657958984375,9.021485595703124,1.5671142578125001,0.3785234899328842,0.6390024248665703
9.36830810546875,2.5696350097656246,5.0040771484375,3.5248322147652944,0.8520776094495308
7.73907958984375,2.5696350097656246,5.0040771484375,2.877852348993387,0.8252063980279136
9.36830810546875,6.522735595703124,5.0040771484375,3.887248322147898,0.940133213926325
9.36830810546875,2.5696350097656246,4.0421142578125,3.4684563758391116,0.8382054092655589
7.73907958984375,6.522735595703124,4.0421142578125,3.214765100671289,0.9223704120133591
4.37330810546875,7.567135009765624,9.9540771484375,1.9758389261744662,0.9225151109162472
2.74407958984375,7.567135009765624,9.9540771484375,1.3261744966442766,0.8888985969783527
4.37330810546875,1.5252355957031247,9.9540771484375,1.338255033557028,0.6161483396452508
4.37330810546875,7.567135009765624,8.9921142578125,1.9718120805368824,0.9205823075664189
2.74407958984375,1.5252355957031247,8.9921142578125,0.6979865771812006,0.4255078766743753
3.1245581054687497,3.8190100097656248,6.2415771484375,1.2711409395972977,0.7714169783830851
3.99282958984375,3.8190100097656248,6.2415771484375,1.6161073825503116,0.8111835555952929
3.1245581054687497,0.275860595703125,6.2415771484375,0.3744966442953004,0.04906871954870907
3.1245581054687497,3.8190100097656248,5.2796142578125,1.249664429530184,0.757773624488608
3.99282958984375,0.275860595703125,5.2796142578125,0.375838926174495,0.048520481397980604
8.11955810546875,8.816510009765626,1.2915771484375,3.2322147651008217,0.8880125268625155
8.98782958984375,8.816510009765626,1.2915771484375,3.574496644295503,0.896746144699081
8.11955810546875,5.273360595703124,1.2915771484375,2.995973154362532,0.8222906195690152
8.11955810546875,8.816510009765626,0.3296142578125,2.7154362416108127,0.7435475000970626
8.98782958984375,5.273360595703124,0.3296142578125,2.672483221476578,0.6665449509430785
5.62205810546875,1.3202600097656247,8.7165771484375,1.6791946308724581,0.6298757724877571
1.49532958984375,1.3202600097656247,8.7165771484375,0.3959731543624141,0.21886768158126277
5.62205810546875,7.772110595703125,8.7165771484375,2.471140939597354,0.9360657022060899
5.62205810546875,1.3202600097656247,2.8046142578125,1.2724832214764923,0.4659959110154394
1.49532958984375,7.772110595703125,2.8046142578125,0.7422818791946226,0.7406267339068526
0.6270581054687501,6.317760009765625,3.7665771484375004,0.42416107382550083,0.5944061159670326
6.49032958984375,6.317760009765625,3.7665771484375004,2.7006711409396695,0.9039955383535603
0.6270581054687501,2.7746105957031246,3.7665771484375004,0.3812080536912734,0.3589239741702433
0.6270581054687501,6.317760009765625,7.7546142578125,0.4523489932885876,0.6581191495988475
6.49032958984375,2.7746105957031246,7.7546142578125,2.5046979865772245,0.8383420778759393
0.47096435546875004,4.2875256347656245,0.2087646484375,0.37046979865771656,0.39853331955234955
8.20736083984375,4.2875256347656245,0.2087646484375,2.1033557046979707,0.5658962042149998
0.47096435546875004,6.054219970703125,0.2087646484375,0.3744966442953004,0.4674079413701217
0.47096435546875004,4.2875256347656245,8.8374267578125,0.3946308724832195,0.5112826848559179
8.20736083984375,6.054219970703125,8.8374267578125,3.4550335570471633,0.9411363256088053
5.46596435546875,9.285025634765626,5.1587646484375,2.406711409396002,0.9335528460560292
3.21236083984375,9.285025634765626,5.1587646484375,1.5100671140939377,0.8993047893239069
5.46596435546875,1.0567199707031247,5.1587646484375,1.2228187919462918,0.45558707233880935
5.46596435546875,9.285025634765626,3.8874267578125004,2.38389261744969,0.9245821629666611
3.21236083984375,1.0567199707031247,3.8874267578125004,0.42684563758389005,0.17490781001362965
7.96346435546875,1.7887756347656247,2.6837646484375,2.446979865771847,0.68108098402032
5.70986083984375,1.7887756347656247,2.6837646484375,1.5919463087248087,0.586952435086074
7.96346435546875,3.5554699707031245,2.6837646484375,2.9812080536913887,0.8330916394549208
7.96346435546875,1.7887756347656247,1.4124267578125,2.063087248322126,0.5700882864214993
5.70986083984375,3.5554699707031245,1.4124267578125,1.8577181208053408,0.6900492729781471
2.96846435546875,6.786275634765625,7.6337646484375,1.38255033557045,0.8740472086479032
0.71486083984375,6.786275634765625,7.6337646484375,0.495302013422815,0.7038690170585642
2.96846435546875,8.552969970703126,7.6337646484375,1.4228187919462882,0.8996290057599365
2.96846435546875,6.786275634765625,6.3624267578125,1.3704697986576986,0.8662647935283712
0.71486083984375,8.552969970703126,6.3624267578125,0.5221476510067071,0.7542871629885468
4.21721435546875,0.5394006347656249,6.3962646484375,0.3986577181208033,0.09634545526602262
1.96361083984375,0.5394006347656249,6.3962646484375,0.3771812080536896,0.09337782702688802
4.21721435546875,9.802344970703125,6.3962646484375,1.9315436241610442,0.9287422894288941
4.21721435546875,0.5394006347656249,7.5999267578125,0.4013422818791925,0.09831065910855846
1.96361083984375,9.802344970703125,7.5999267578125,1.0429530201342145,0.8832855383718794
9.21221435546875,5.536900634765624,1.4462646484375001,3.496644295302203,0.857547064804917
6.95861083984375,5.536900634765624,1.4462646484375001,2.612080536912811,0.8215648665023558
9.21221435546875,4.804844970703124,1.4462646484375001,3.417449664429708,0.8378813445501756
9.21221435546875,5.536900634765624,2.6499267578125,3.677852348993505,0.9026924700753582
6.95861083984375,4.804844970703124,2.6499267578125,2.727516778523566,0.8587346756637477
6.71471435546875,3.038150634765625,8.8712646484375,2.651006711409461,0.8617174497714828
4.46111083984375,3.038150634765625,8.8712646484375,1.754362416107356,0.8052177789822584
6.71471435546875,2.306094970703125,8.8712646484375,2.518120805369173,0.8182505152045979
6.71471435546875,3.038150634765625,0.1749267578125,1.362416107382531,0.429876709501234
4.46111083984375,2.306094970703125,0.1749267578125,0.6496644295301948,0.26603030422397483
1.71971435546875,8.035650634765625,3.9212646484375004,0.8697986577181103,0.8006893294688662
9.45611083984375,8.035650634765625,3.9212646484375004,3.942281879194886,0.94540797982137
1.71971435546875,7.3035949707031245,3.9212646484375004,0.8510067114093858,0.7824973272305765
1.71971435546875,8.035650634765625,5.1249267578125,0.8926174496644186,0.8226002342782595
9.45611083984375,7.3035949707031245,5.1249267578125,3.9489932885908603,0.9470851886261205
2.34408935546875,2.4134631347656246,9.4900146484375,0.8241610738254936,0.6012062851623443
6.33423583984375,2.4134631347656246,9.4900146484375,2.4013422818792227,0.8208368564729198
2.34408935546875,0.43203247070312495,9.4900146484375,0.3785234899328842,0.07752157517361345
2.34408935546875,2.4134631347656246,6.9811767578124995,0.7865771812080447,0.5691708894448821
6.33423583984375,0.43203247070312495,6.9811767578124995,0.4161073825503332,0.08164304770256278
7.33908935546875,7.410963134765624,4.5400146484374995,3.0993288590605337,0.9319909540783891
1.33923583984375,7.410963134765624,4.5400146484374995,0.7181208053691197,0.7662269084741578
7.33908935546875,5.4295324707031245,4.5400146484374995,3.020134228188039,0.9080800293770004
7.33908935546875,7.410963134765624,2.0311767578125,2.9771812080538043,0.8947758762162885
1.33923583984375,5.4295324707031245,2.0311767578125,0.5624161073825453,0.5749693685658469
9.83658935546875,4.912213134765625,7.0150146484375,4.034899328859329,0.9337218417023652
8.83173583984375,4.912213134765625,7.0150146484375,3.6348993288592704,0.9271410668652216
9.83658935546875,7.928282470703124,7.0150146484375,4.140939597315721,0.9583127652893473
9.83658935546875,4.912213134765625,4.5061767578125,3.981208053691536,0.9211316213859734
8.83173583984375,7.928282470703124,4.5061767578125,3.7060402684565963,0.9452372931799244
4.8415893554687495,9.909713134765624,2.0650146484375003,2.0724832214764897,0.8892955467553494
3.8367358398437497,9.909713134765624,2.0650146484375003,1.6751677852348743,0.8680231875467093
4.8415893554687495,2.9307824707031247,2.0650146484375003,1.5503355704697759,0.6601183169821827
4.8415893554687495,9.909713134765624,9.4561767578125,2.1999999999999984,0.9447690489061432
3.8367358398437497,2.9307824707031247,9.4561767578125,1.4979865771811862,0.7757424972072704
3.5928393554687497,3.6628381347656247,3.3025146484375,1.331543624161055,0.7236691516742998
2.58798583984375,3.6628381347656247,3.3025146484375,0.9463087248322029,0.6525875284162825
3.5928393554687497,4.180157470703125,3.3025146484375,1.389261744966423,0.7562806116644822
3.5928393554687497,3.6628381347656247,5.7436767578125,1.4295302013422613,0.7793596998069718
2.58798583984375,4.180157470703125,5.7436767578125,1.0805369127516635,0.752821158070249
8.58783935546875,8.660338134765626,8.2525146484375,3.6671140939599463,0.9592568760522973
7.58298583984375,8.660338134765626,8.2525146484375,3.2671140939598873,0.9547106419920038
8.58783935546875,9.177657470703124,8.2525146484375,3.6751677852351152,0.9613747509118389
8.58783935546875,8.660338134765626,0.7936767578125,3.2402684563759907,0.8460181464492094
7.58298583984375,9.177657470703124,0.7936767578125,2.876510067114192,0.8389062147792643
6.09033935546875,1.164088134765625,0.8275146484375,0.7328859060402604,0.22871016485090978
0.09048583984375,1.164088134765625,0.8275146484375,0.36375838926174353,0.1718933343016348
6.09033935546875,6.678907470703124,0.8275146484375,2.165100671140933,0.7629794697834429
6.09033935546875,1.164088134765625,3.2686767578125,1.3664429530201148,0.4681805504750609
0.09048583984375,6.678907470703124,3.2686767578125,0.36778523489932735,0.5989925750287362
1.09533935546875,6.1615881347656245,5.7775146484375,0.6040268456375781,0.7124411916930076
5.0854858398437495,6.1615881347656245,5.7775146484375,2.1838926174496605,0.9000147466221318
1.09533935546875,1.6814074707031248,5.7775146484375,0.38791946308724645,0.25566823309824477
1.09533935546875,6.1615881347656245,8.2186767578125,0.6255033557046918,0.7418707644888952
5.0854858398437495,1.6814074707031248,8.2186767578125,1.6550335570469552,0.6780487725598374
0.78315185546875,0.851744384765625,4.8493896484375,0.37046979865771656,0.13845284821154422
4.77329833984375,0.851744384765625,4.8493896484375,0.6939597315436168,0.25668194343867257
0.78315185546875,8.240626220703126,4.8493896484375,0.5288590604026802,0.7319666433998528
0.78315185546875,0.851744384765625,1.1030517578125,0.36644295302013274,0.12807012862403455
4.77329833984375,8.240626220703126,1.1030517578125,1.8510067114093678,0.8020622362779601
5.77815185546875,5.849244384765624,9.7993896484375,2.4872483221476918,0.9204315626530148
9.76829833984375,5.849244384765624,9.7993896484375,4.076510067114369,0.9494254707435505
5.77815185546875,3.243126220703125,9.7993896484375,2.3154362416107537,0.8566989730460415
5.77815185546875,5.849244384765624,6.0530517578125,2.4510067114094314,0.9068641292263677
9.76829833984375,3.243126220703125,6.0530517578125,3.841610738255274,0.8944680106785898
8.27565185546875,3.3504943847656246,2.3743896484375,3.026845637584013,0.817095025648449
2.27579833984375,3.3504943847656246,2.3743896484375,0.7302013422818712,0.5367629441016077
8.27565185546875,0.7443762207031249,2.3743896484375,1.2577181208053516,0.31923268516629916
8.27565185546875,3.3504943847656246,8.5280517578125,3.308724832214927,0.8945205601866599
2.27579833984375,0.7443762207031249,8.5280517578125,0.38926174496644106,0.13035240357600525
3.28065185546875,8.347994384765625,7.3243896484375,1.5409395973154136,0.9031884404121664
7.27079833984375,8.347994384765625,7.3243896484375,3.1302013422820147,0.9492274539418135
3.28065185546875,5.741876220703125,7.3243896484375,1.4684563758389049,0.8604699506953164
3.28065185546875,8.347994384765625,3.5780517578125,1.4872483221476294,0.8711696957664824
7.27079833984375,5.741876220703125,3.5780517578125,2.9758389261746094,0.9020227135155477
4.52940185546875,4.599869384765625,8.5618896484375,1.9208053691274873,0.8713085099254929
6.02204833984375,4.599869384765625,8.5618896484375,2.515436241610783,0.8984483398629204
4.52940185546875,6.991251220703124,8.5618896484375,2.0174496644295017,0.915259119741018
4.52940185546875,4.599869384765625,2.3405517578125004,1.7181208053691017,0.7773403611772192
6.02204833984375,6.991251220703124,2.3405517578125004,2.4657718120805745,0.8800781175244985
9.52440185546875,9.597369384765624,3.6118896484375003,3.9959731543626793,0.9520754849152917
1.02704833984375,9.597369384765624,3.6118896484375003,0.6268456375838865,0.7707894695610011
9.52440185546875,1.9937512207031247,3.6118896484375003,3.300671140939758,0.7851964926138363
9.52440185546875,9.597369384765624,7.2905517578125,4.048322147651278,0.9646446267610755
1.02704833984375,1.9937512207031247,7.2905517578125,0.3946308724832195,0.3004604546649788
7.02690185546875,2.101119384765625,6.0868896484374995,2.5140939597315883,0.7845571377527909
8.51954833984375,2.101119384765625,6.0868896484374995,3.1073825503357027,0.818018444397296
7.02690185546875,4.492501220703125,6.0868896484374995,2.8751677852349973,0.8981835344036864
7.02690185546875,2.101119384765625,9.7655517578125,2.604026845637642,0.813248625657558
8.51954833984375,4.492501220703125,9.7655517578125,3.5140939597317358,0.9258137955845904
2.03190185546875,7.098619384765624,1.1368896484375002,0.7879194630872393,0.639800799996847
3.52454833984375,7.098619384765624,1.1368896484375002,1.3261744966442766,0.7310134564668662
2.03190185546875,9.490001220703125,1.1368896484375002,0.8684563758389157,0.7116579746518026
2.03190185546875,7.098619384765624,4.8155517578125,0.986577181208041,0.8153557212336255
3.52454833984375,9.490001220703125,4.8155517578125,1.6335570469798415,0.9056408812095282
1.4075268554687501,2.7258068847656247,5.4681396484375,0.4751677852348959,0.4238493412026777
0.40267333984375003,2.7258068847656247,5.4681396484375,0.375838926174495,0.36322824239975143
1.4075268554687501,2.6184387207031246,5.4681396484375,0.4604026845637552,0.4013007221690975
1.4075268554687501,2.7258068847656247,2.9593017578125003,0.42550335570469544,0.35394892505057757
0.40267333984375003,2.6184387207031246,2.9593017578125003,0.37181208053691117,0.33905072891034077
6.40252685546875,7.723306884765624,0.5181396484375,2.1852348993288553,0.736859024200899
5.39767333984375,7.723306884765624,0.5181396484375,1.822818791946281,0.7102518060100477
6.40252685546875,7.615938720703125,0.5181396484375,2.1771812080536863,0.734087169879184
6.40252685546875,7.723306884765624,7.9093017578125,2.77583892617458,0.9405515844953021
5.39767333984375,7.615938720703125,7.9093017578125,2.3731543624161313,0.9304657358710309
8.90002685546875,0.227056884765625,7.9431396484375,0.3959731543624141,0.04281985153951374
2.9001733398437497,0.227056884765625,7.9431396484375,0.37181208053691117,0.04078749986258871
8.90002685546875,5.117188720703124,7.9431396484375,3.684563758389479,0.9333612078880109
8.90002685546875,0.227056884765625,5.4343017578124995,0.39060402684563567,0.041007956163311654
2.9001733398437497,5.117188720703124,5.4343017578124995,1.2604026845637408,0.8098018853314821
3.90502685546875,5.224556884765624,2.9931396484375004,1.5785234899328626,0.8058815070123896
7.89517333984375,5.224556884765624,2.9931396484375004,3.159731543624301,0.8903566620613486
3.90502685546875,0.119688720703125,2.9931396484375004,0.36644295302013274,0.02061879075315576
3.90502685546875,5.224556884765624,0.48430175781250007,1.1100671140939449,0.5556766278403835
7.89517333984375,0.119688720703125,0.48430175781250007,0.36778523489932735,0.01872617473450001
2.6562768554687497,1.4764318847656248,1.7556396484375,0.40939597315436016,0.19697827570413448
9.14392333984375,1.4764318847656248,1.7556396484375,2.398657718120833,0.5868872518002269
2.6562768554687497,1.3690637207031249,1.7556396484375,0.4026845637583871,0.18499440256136898
2.6562768554687497,1.4764318847656248,4.1968017578125,0.5100671140939557,0.2831295128055413
9.14392333984375,1.3690637207031249,4.1968017578125,2.844295302013516,0.7006096998898156
7.65127685546875,6.473931884765625,6.7056396484375,3.2281879194632372,0.9358242471336655
4.1489233398437495,6.473931884765625,6.7056396484375,1.8348993288590325,0.8938634357318834
7.65127685546875,6.366563720703124,6.7056396484375,3.2255033557048476,0.9350241129296106
7.65127685546875,6.473931884765625,9.1468017578125,3.2496644295303545,0.9421162421091622
4.1489233398437495,6.366563720703124,9.1468017578125,1.8510067114093678,0.9018623397426506
5.15377685546875,3.9751818847656244,4.2306396484375,2.032214765100645,0.8275370352582655
6.64642333984375,3.9751818847656244,4.2306396484375,2.6241610738255643,0.8602328732267616
5.15377685546875,8.865313720703124,4.2306396484375,2.259060402684571,0.9206461788253529
5.15377685546875,3.9751818847656244,6.6718017578125,2.0993288590603862,0.8554055278435075
6.64642333984375,8.865313720703124,6.6718017578125,2.885906040268556,0.9466152060699023
0.15877685546875,8.972681884765626,9.1806396484375,0.382550335570468,0.7094403851272688
1.6514233398437501,8.972681884765626,9.1806396484375,0.9140939597315323,0.8654017129403146
0.15877685546875,3.8678137207031247,9.1806396484375,0.37181208053691117,0.46765732456012016
0.15877685546875,8.972681884765626,1.7218017578125002,0.3731543624161058,0.6523359835569102
1.6514233398437501,3.8678137207031247,1.7218017578125002,0.5369127516778478,0.4654985950972621
0.11975341796875,1.0469592285156248,1.9489990234375,0.36375838926174353,0.1599668039468069
7.23177490234375,1.0469592285156248,1.9489990234375,1.331543624161055,0.3882337442865753
0.11975341796875,9.997559814453124,1.9489990234375,0.37181208053691117,0.6842926914498106
0.11975341796875,1.0469592285156248,8.2573486328125,0.36510067114093814,0.16855729749275988
7.23177490234375,9.997559814453124,8.2573486328125,3.1476510067115475,0.9590594414004922
5.11475341796875,6.044459228515624,6.8989990234375,2.2053691275167777,0.9046120559905739
2.23677490234375,6.044459228515624,6.8989990234375,1.0604026845637444,0.8213792858917857
5.11475341796875,5.000059814453125,6.8989990234375,2.1583892617449587,0.8852597143626801
5.11475341796875,6.044459228515624,3.3073486328125004,2.1221476510066983,0.8699661240038083
2.23677490234375,5.000059814453125,3.3073486328125004,0.928859060402673,0.7144008142320861
7.61225341796875,3.5457092285156246,4.4239990234375,2.9677852348994405,0.8637643611575014
9.72927490234375,3.5457092285156246,4.4239990234375,3.809395973154598,0.8900346330795854
7.61225341796875,2.5013098144531245,4.4239990234375,2.7798657718121644,0.8085911613213947
7.61225341796875,3.5457092285156246,0.8323486328125,2.30604026845639,0.6668720211045918
9.72927490234375,2.5013098144531245,0.8323486328125,2.7248322147651765,0.6319165554228414
2.6172534179687497,8.543209228515625,9.3739990234375,1.2926174496644114,0.8967958352392851
4.73427490234375,8.543209228515625,9.3739990234375,2.1355704697986466,0.9342961804068375
2.6172534179687497,7.498809814453124,9.3739990234375,1.2724832214764923,0.8827585785248943
2.6172534179687497,8.543209228515625,5.7823486328125,1.2671140939597139,0.8788467781747913
4.73427490234375,7.498809814453124,5.7823486328125,2.085906040268438,0.9123824442825693
3.86600341796875,4.795084228515624,5.6614990234375,1.6295302013422577,0.8395742311893196
3.48552490234375,4.795084228515624,5.6614990234375,1.4778523489932671,0.8258984940877575
3.86600341796875,6.249434814453124,5.6614990234375,1.6993288590603772,0.8758757695602208
3.86600341796875,4.795084228515624,9.4948486328125,1.6751677852348743,0.8635855551648246
3.48552490234375,6.249434814453124,9.4948486328125,1.5852348993288357,0.8866760488760339
8.86100341796875,9.792584228515626,0.7114990234375,3.3597315436243305,0.8529876202095259
8.48052490234375,9.792584228515626,0.7114990234375,3.2120805369128993,0.8481717938989266
8.86100341796875,1.2519348144531248,0.7114990234375,1.4617449664429318,0.3571293441026202
8.86100341796875,9.792584228515626,4.5448486328125,3.755704697986805,0.9551231362669712
8.48052490234375,1.2519348144531248,4.5448486328125,2.5194630872483676,0.6628824013207489
6.36350341796875,2.2963342285156245,8.1364990234375,2.3624161073825727,0.8040867536853264
0.9880249023437501,2.2963342285156245,8.1364990234375,0.3999999999999979,0.3388830862901269
6.36350341796875,3.7506848144531246,8.1364990234375,2.5825503355705246,0.8795526851491497
6.36350341796875,2.2963342285156245,2.0698486328125,1.9409395973154064,0.656169626871344
0.9880249023437501,3.7506848144531246,2.0698486328125,0.40402684563758173,0.40661482260394954
1.36850341796875,7.293834228515625,3.1864990234375004,0.6939597315436168,0.727920516564024
5.98302490234375,7.293834228515625,3.1864990234375004,2.5140939597315883,0.9026410887214806
1.36850341796875,8.748184814453126,3.1864990234375004,0.7315436241610658,0.7709689340455756
1.36850341796875,7.293834228515625,7.0198486328125,0.7557046979865687,0.7989303353931765
5.98302490234375,8.748184814453126,7.0198486328125,2.6228187919463695,0.9420899254953283
1.99287841796875,2.921021728515625,8.7552490234375,0.7637583892617363,0.6240260942946598
7.85614990234375,2.921021728515625,8.7552490234375,3.08724832214778,0.8741648150591889
1.99287841796875,4.3753723144531245,8.7552490234375,0.9006711409395862,0.751785374651239
1.99287841796875,2.921021728515625,5.1635986328125,0.7020134228187844,0.5644764294082578
7.85614990234375,4.3753723144531245,5.1635986328125,3.174496644295444,0.898744621504808
6.98787841796875,7.918521728515624,3.8052490234375003,2.954362416107492,0.9274317087702674
2.8611499023437497,7.918521728515624,3.8052490234375003,1.3154362416107197,0.8541972798640404
6.98787841796875,9.372872314453126,3.8052490234375003,2.987919463087363,0.9380248897020886
6.98787841796875,7.918521728515624,0.21359863281250002,2.1369127516778414,0.6659097186748317
2.8611499023437497,9.372872314453126,0.21359863281250002,0.9087248322147539,0.5764724740668358
9.48537841796875,0.42227172851562494,6.2802490234374995,1.1181208053691125,0.2401344711276916
5.35864990234375,0.42227172851562494,6.2802490234374995,0.3986577181208033,0.07652447752901745
9.48537841796875,6.874122314453125,6.2802490234374995,3.966442953020393,0.9486436969154808
9.48537841796875,0.42227172851562494,2.6885986328125,0.5369127516778478,0.09476935046655918
5.35864990234375,6.874122314453125,2.6885986328125,2.2241610738255053,0.8767205126030464
4.49037841796875,5.419771728515625,1.3302490234375002,1.6174496644295062,0.7353852740731608
0.36364990234375,5.419771728515625,1.3302490234375002,0.375838926174495,0.5023437385681448
4.49037841796875,1.8766223144531247,1.3302490234375002,0.9261744966442838,0.4002214143018363
4.49037841796875,5.419771728515625,7.6385986328125,1.9395973154362118,0.8860940430118829
0.36364990234375,1.8766223144531247,7.6385986328125,0.37181208053691117,0.2772116337604251
3.24162841796875,1.6716467285156247,5.0427490234375,0.8362416107382451,0.4670681765921108
1.61239990234375,1.6716467285156247,5.0427490234375,0.40402684563758173,0.2556261910225711
3.24162841796875,0.627247314453125,5.0427490234375,0.39060402684563567,0.10731437546913193
3.24162841796875,1.6716467285156247,6.4010986328124995,0.8872483221476402,0.5010505173183903
1.61239990234375,0.627247314453125,6.4010986328124995,0.375838926174495,0.10697427084363038
8.23662841796875,6.669146728515624,9.9927490234375,3.4939597315438133,0.9487330504570218
6.60739990234375,6.669146728515624,9.9927490234375,2.844295302013516,0.937810835706889
8.23662841796875,5.624747314453124,9.9927490234375,3.459060402684748,0.9392553672266419
8.23662841796875,6.669146728515624,1.4510986328125002,3.2026845637585355,0.8685720975281441
6.60739990234375,5.624747314453124,1.4510986328125002,2.4832214765101073,0.8170394502185766
5.73912841796875,4.170396728515625,2.5677490234375,2.173154362416102,0.8073990329413852
4.1098999023437495,4.170396728515625,2.5677490234375,1.5342281879194406,0.750394046408645
5.73912841796875,8.123497314453125,2.5677490234375,2.413422818791976,0.8977460470319902
5.73912841796875,4.170396728515625,3.9260986328125003,2.2697986577181295,0.8441054897043129
4.1098999023437495,8.123497314453125,3.9260986328125003,1.8201342281878918,0.89323860953614
0.7441284179687501,9.167896728515625,7.5177490234375,0.5503355704697939,0.7869795446874471
9.10489990234375,9.167896728515625,7.5177490234375,3.8765100671143395,0.9621189871292771
0.7441284179687501,3.125997314453125,7.5177490234375,0.3999999999999979,0.4187837752912489
0.7441284179687501,9.167896728515625,8.8760986328125,0.5557046979865723,0.7959641132817357
9.10489990234375,3.125997314453125,8.8760986328125,3.6161073825505428,0.8973862774785489
1.05631591796875,3.858052978515625,3.4958740234375,0.4402684563758361,0.46467067220396197
0.67583740234375,3.858052978515625,3.4958740234375,0.3932885906040249,0.44442147632401363
1.05631591796875,7.186466064453124,3.4958740234375,0.5825503355704644,0.6976587470281626
1.05631591796875,3.858052978515625,1.7604736328125001,0.40805369127516555,0.4038514555674977
0.67583740234375,7.186466064453124,1.7604736328125001,0.420134228187917,0.5693305196071727
6.05131591796875,8.855552978515625,8.4458740234375,2.6617449664430195,0.9468390645159513
5.67083740234375,8.855552978515625,8.4458740234375,2.510067114094004,0.9438387341443356
6.05131591796875,2.188966064453125,8.4458740234375,2.217449664429531,0.7879593430670586
6.05131591796875,8.855552978515625,6.7104736328125,2.649664429530266,0.9424933618214371
5.67083740234375,2.188966064453125,6.7104736328125,2.024161073825476,0.7596428526637944
8.54881591796875,1.3593029785156248,1.0208740234375,1.6993288590603772,0.43444633466748583
3.17333740234375,1.3593029785156248,1.0208740234375,0.4026845637583871,0.16598684811932354
8.54881591796875,4.687716064453125,1.0208740234375,2.979865771812194,0.7802929588172183
8.54881591796875,1.3593029785156248,9.1854736328125,2.8738255033558024,0.753703457440899
3.17333740234375,4.687716064453125,9.1854736328125,1.3919463087248123,0.8365089895438846
3.55381591796875,6.356802978515624,5.9708740234375,1.583892617449641,0.8723896862692818
8.16833740234375,6.356802978515624,5.9708740234375,3.4201342281880978,0.9355049384173924
3.55381591796875,9.685216064453124,5.9708740234375,1.6617449664429282,0.9154713601386852
3.55381591796875,6.356802978515624,4.2354736328125,1.5503355704697759,0.8535549903688804
8.16833740234375,9.685216064453124,4.2354736328125,3.473825503355891,0.9501509070333495
4.80256591796875,0.109927978515625,9.6833740234375,0.37046979865771656,0.02013495067513839
9.41708740234375,0.109927978515625,9.6833740234375,0.3785234899328842,0.020529284467479623
4.80256591796875,8.435841064453125,9.6833740234375,2.162416107382543,0.9349020898918208
4.80256591796875,0.109927978515625,0.5229736328125,0.36510067114093814,0.017663164195695913
9.41708740234375,8.435841064453125,0.5229736328125,3.3597315436243305,0.8066959636170723
9.79756591796875,5.1074279785156245,4.7333740234374995,3.9852348993291207,0.925428193741612
4.42208740234375,5.1074279785156245,4.7333740234374995,1.846979865771784,0.8540238027290432
9.79756591796875,3.4383410644531245,4.7333740234374995,3.8362416107384947,0.8906654782686387
9.79756591796875,5.1074279785156245,5.4729736328125,4.004026845637848,0.9298466124623901
4.42208740234375,3.4383410644531245,5.4729736328125,1.7261744966442694,0.7975259369063208
7.30006591796875,2.6086779785156247,7.2083740234375,2.783892617449749,0.8408566046281576
6.91958740234375,2.6086779785156247,7.2083740234375,2.633557046979928,0.8336063873508044
7.30006591796875,0.9395910644531249,7.2083740234375,1.897986577181179,0.5653261378058329
7.30006591796875,2.6086779785156247,7.9479736328125,2.800000000000087,0.8457895440877539
6.91958740234375,0.9395910644531249,7.9479736328125,1.785234899328832,0.5562575134144518
2.30506591796875,7.606177978515625,2.2583740234375003,1.0201342281879062,0.7714084694013554
1.9245874023437501,7.606177978515625,2.2583740234375003,0.8738255033556941,0.74502867262798
2.30506591796875,5.937091064453124,2.2583740234375003,0.9489932885905921,0.7146586090620061
2.30506591796875,7.606177978515625,2.9979736328125,1.0590604026845498,0.8022545825753131
1.9245874023437501,5.937091064453124,2.9979736328125,0.846979865771802,0.7207257248005015
1.6806909179687501,1.9839904785156248,6.5896240234375,0.44832214765100376,0.3287391113778018
3.79771240234375,1.9839904785156248,6.5896240234375,1.2228187919462918,0.6310663237811458
1.6806909179687501,1.5642785644531247,6.5896240234375,0.40805369127516555,0.2507430106447093
1.6806909179687501,1.9839904785156248,4.8542236328124995,0.42818791946308465,0.30288152697833415
3.79771240234375,1.5642785644531247,4.8542236328124995,0.9771812080536788,0.48978713501534277
6.67569091796875,6.981490478515624,1.6396240234375001,2.642953020134292,0.8625637494679201
8.79271240234375,6.981490478515624,1.6396240234375001,3.4778523489934754,0.8899088181799266
6.67569091796875,6.561778564453125,1.6396240234375001,2.61744966442959,0.8541607500422804
6.67569091796875,6.981490478515624,9.8042236328125,2.8791946308725818,0.9408591863988987
8.79271240234375,6.561778564453125,9.8042236328125,3.7114093959733756,0.9505301009668288
9.17319091796875,4.482740478515624,9.0646240234375,3.7677852348995584,0.9288397430081342
1.30021240234375,4.482740478515624,9.0646240234375,0.6389261744966379,0.6832368241010554
9.17319091796875,9.060528564453126,9.0646240234375,0.3020134228187916,0.07653181976350852
9.17319091796875,4.482740478515624,7.3292236328125,3.748993288590831,0.9241337261324116
1.30021240234375,9.060528564453126,7.3292236328125,0.7664429530201256,0.8358171365989697
4.17819091796875,9.480240478515626,4.1146240234375,1.8805369127516491,0.9108429797948518
6.29521240234375,9.480240478515626,4.1146240234375,2.722147651006787,0.935773693982016
4.17819091796875,4.063028564453124,4.1146240234375,1.6496644295301768,0.7978806343498809
4.17819091796875,9.480240478515626,2.3792236328125003,1.8201342281878918,0.8811452185489599
6.29521240234375,4.063028564453124,2.3792236328125003,2.3570469798657934,0.8089345049314276
2.92944091796875,3.2333654785156245,0.4021240234375,0.5946308724832159,0.3418346417971585
5.04646240234375,3.2333654785156245,0.4021240234375,1.1261744966442802,0.45184594688512303
2.92944091796875,2.8136535644531246,0.4021240234375,0.5342281879194586,0.29634403887941163
2.92944091796875,3.2333654785156245,3.6167236328125,1.037583892617436,0.6543162125620017
5.04646240234375,2.8136535644531246,3.6167236328125,1.7838926174496375,0.7374805505881352
7.92444091796875,8.230865478515625,5.3521240234375,3.3664429530203046,0.9460060586274749
0.051462402343750005,8.230865478515625,5.3521240234375,0.36778523489932735,0.6679497703393322
7.92444091796875,7.811153564453124,5.3521240234375,3.357046979865941,0.943348668090136
7.92444091796875,8.230865478515625,8.5667236328125,3.3973154362417857,0.9547615392976091
0.051462402343750005,7.811153564453124,8.5667236328125,0.36778523489932735,0.663429473445401
5.42694091796875,0.7346154785156249,2.8771240234375,0.4979865771812042,0.1443673458988678
7.54396240234375,0.7346154785156249,2.8771240234375,1.1275167785234748,0.30688518661282993
5.42694091796875,5.312403564453125,2.8771240234375,2.178523489932881,0.849385381770799
5.42694091796875,0.7346154785156249,6.0917236328125,0.7919463087248231,0.269181887109488
7.54396240234375,5.312403564453125,6.0917236328125,3.1302013422820147,0.9187263671572452
0.43194091796875,5.732115478515625,7.8271240234375,0.4013422818791925,0.5950645330019027
2.54896240234375,5.732115478515625,7.8271240234375,1.181208053691259,0.8347688627833416
0.43194091796875,0.314903564453125,7.8271240234375,0.36510067114093814,0.055168637444005346
0.43194091796875,5.732115478515625,1.1417236328125002,0.3785234899328842,0.5034537025876242
2.54896240234375,0.314903564453125,1.1417236328125002,0.36778523489932735,0.050311222409776986
0.58803466796875,3.7018811035156247,6.1255615234375,0.3932885906040249,0.4559006696060782
2.08068115234375,3.7018811035156247,6.1255615234375,0.8483221476509966,0.6825569206234741
0.58803466796875,8.592012939453125,6.1255615234375,0.4738255033557013,0.7307588224350419
0.58803466796875,3.7018811035156247,2.5339111328125004,0.382550335570468,0.4193916204285345
2.08068115234375,8.592012939453125,2.5339111328125004,0.9785234899328734,0.7947714375152929
5.58303466796875,8.699381103515625,1.1755615234375,2.204026845637583,0.8382662955205733
7.0756811523437495,8.699381103515625,1.1755615234375,2.7892617449665282,0.8650950335693883
5.58303466796875,3.5945129394531246,1.1755615234375,1.7422818791946046,0.65831956479135
5.58303466796875,8.699381103515625,7.4839111328125,2.4657718120805745,0.9395451272675106
7.0756811523437495,3.5945129394531246,7.4839111328125,2.8416107382551266,0.88236902063489
8.08053466796875,1.2031311035156247,8.6005615234375,2.5530201342282384,0.7028790591979961
4.57818115234375,1.2031311035156247,8.6005615234375,1.1825503355704536,0.5149625401598497
8.08053466796875,1.0957629394531248,8.6005615234375,2.4510067114094314,0.6738908838843193
8.08053466796875,1.2031311035156247,9.9589111328125,2.5906040268456936,0.7136082747256269
4.57818115234375,1.0957629394531248,9.9589111328125,1.123489932885891,0.4849130816358196
3.0855346679687496,6.200631103515624,3.6505615234375,1.3395973154362226,0.8215743068234993
9.57318115234375,6.200631103515624,3.6505615234375,3.9154362416109896,0.92847586568558
3.0855346679687496,6.093262939453124,3.6505615234375,1.3355704697986388,0.8190192309686175
3.0855346679687496,6.200631103515624,5.0089111328125,1.375838926174477,0.8443859618745915
9.57318115234375,6.093262939453124,5.0089111328125,3.95167785234925,0.9371893712120952
4.33428466796875,2.4525061035156246,2.4130615234375004,1.2953020134228006,0.6000891369906729
8.32443115234375,2.4525061035156246,2.4130615234375004,2.8255033557047886,0.7578807832889216
4.33428466796875,7.342637939453124,2.4130615234375004,1.8187919463086972,0.8544133979646825
4.33428466796875,2.4525061035156246,1.2964111328125,1.0738255033556905,0.48907583204117727
8.32443115234375,7.342637939453124,1.2964111328125,3.2429530201343804,0.8711745291059727
9.32928466796875,7.450006103515625,7.3630615234375,3.9315436241613275,0.9545468630074574
3.3294311523437496,7.450006103515625,7.3630615234375,1.5422818791946082,0.8937063588325072
9.32928466796875,2.345137939453125,7.3630615234375,3.5382550335572427,0.8587815101992563
9.32928466796875,7.450006103515625,6.2464111328125,3.919463087248574,0.9515918554462259
3.3294311523437496,2.345137939453125,6.2464111328125,1.1315436241610586,0.6477234572934255
6.8317846679687495,4.951256103515624,4.8880615234375,2.800000000000087,0.8964272861564695
5.82693115234375,4.951256103515624,4.8880615234375,2.400000000000028,0.8814582510906158
6.8317846679687495,4.843887939453125,4.8880615234375,2.7932885906041127,0.8942631550916729
6.8317846679687495,4.951256103515624,8.7214111328125,2.8590604026846593,0.9155996108338891
5.82693115234375,4.843887939453125,8.7214111328125,2.453691275167821,0.90146000497353
1.83678466796875,9.948756103515626,9.8380615234375,1.004026845637571,0.8885444586370663
0.83193115234375,9.948756103515626,9.8380615234375,0.6040268456375781,0.8267322491701656
1.83678466796875,9.841387939453124,9.8380615234375,1.0026845637583763,0.8873494771127265
1.83678466796875,9.948756103515626,3.7714111328125,0.9516778523489813,0.8411645891105708
0.83193115234375,9.841387939453124,3.7714111328125,0.5597315436241561,0.7588161500481218
2.46115966796875,0.578443603515625,4.2693115234375,0.3785234899328842,0.0967680645305933
2.70505615234375,0.578443603515625,4.2693115234375,0.3812080536912734,0.09723311862911915
2.46115966796875,2.9698254394531247,4.2693115234375,0.8523489932885804,0.6033446551684171
2.46115966796875,0.578443603515625,4.3901611328125,0.3798657718120788,0.0975218307044844
2.70505615234375,2.9698254394531247,4.3901611328125,0.9489932885905921,0.6319911848183319
7.45615966796875,5.575943603515625,9.2193115234375,3.1409395973155734,0.9316015095673129
7.70005615234375,5.575943603515625,9.2193115234375,3.237583892617601,0.933348540929342
7.45615966796875,7.967325439453124,9.2193115234375,3.2093959731545096,0.9519236989406531
7.45615966796875,5.575943603515625,9.3401611328125,3.142281879194768,0.931992158944239
7.70005615234375,7.967325439453124,9.3401611328125,3.307382550335732,0.9534733958646227
9.95365966796875,3.0771936035156244,1.7943115234375002,3.503355704698177,0.8004090806889959
0.20755615234375002,3.0771936035156244,1.7943115234375002,0.36778523489932735,0.3741247238199047
9.95365966796875,5.468575439453124,1.7943115234375002,3.8604026845640016,0.883022972176124
9.95365966796875,3.0771936035156244,6.8651611328125,3.9127516778526,0.8956491136548441
0.20755615234375002,5.468575439453124,6.8651611328125,0.3771812080536896,0.5648418131938937
4.95865966796875,8.074693603515625,6.7443115234375,2.1999999999999984,0.9260918460712163
5.20255615234375,8.074693603515625,6.7443115234375,2.296644295302026,0.928755660491664
4.95865966796875,0.47107543945312497,6.7443115234375,0.4013422818791925,0.08573051344898427
4.95865966796875,8.074693603515625,1.9151611328125002,2.0496644295301776,0.8619070194128375
5.20255615234375,0.47107543945312497,1.9151611328125002,0.38523489932885724,0.07300813013558718
3.7099096679687498,4.326568603515624,7.9818115234375,1.570469798657695,0.8361678271509603
6.45130615234375,4.326568603515624,7.9818115234375,2.6630872483222143,0.8963138895968426
3.7099096679687498,1.7204504394531248,7.9818115234375,1.1288590604026694,0.5891222732385846
3.7099096679687498,4.326568603515624,3.1526611328125003,1.4402684563758181,0.7647966758622068
6.45130615234375,1.7204504394531248,3.1526611328125003,1.9060402684563467,0.6361797549253925
8.70490966796875,9.324068603515625,3.0318115234375003,3.644295302013634,0.9415560382970405
1.45630615234375,9.324068603515625,3.0318115234375003,0.771812080536904,0.7854809603939243
8.70490966796875,6.717950439453125,3.0318115234375003,3.5651006711411393,0.9209554162374861
8.70490966796875,9.324068603515625,8.1026611328125,3.723489932886129,0.9622519300773696
1.45630615234375,6.717950439453125,8.1026611328125,0.7838926174496554,0.7992369592081434
6.20740966796875,1.8278186035156248,5.5068115234374995,2.0644295302013207,0.7158879483669798
8.94880615234375,1.8278186035156248,5.5068115234374995,3.1489932885907423,0.7928763967570504
6.20740966796875,9.216700439453126,5.5068115234374995,2.704697986577254,0.9412041052995217
6.20740966796875,1.8278186035156248,5.6276611328124995,2.071140939597295,0.7182837242442829
8.94880615234375,9.216700439453126,5.6276611328124995,3.7973154362418446,0.9572108539554023
1.21240966796875,6.825318603515624,0.5568115234375001,0.46845637583892286,0.4823816270734509
3.9538061523437498,6.825318603515624,0.5568115234375001,1.2818791946308545,0.6414687153593633
1.21240966796875,4.219200439453124,0.5568115234375001,0.3999999999999979,0.36061984718670176
1.21240966796875,6.825318603515624,0.6776611328125,0.4791946308724797,0.4983931458051607
3.9538061523437498,4.219200439453124,0.6776611328125,1.0953020134228042,0.5418431683624182
0.90022216796875,1.5154748535156248,8.9099365234375,0.38389261744966263,0.24042880438728229
6.1391186523437495,1.5154748535156248,8.9099365234375,2.006711409395943,0.7023153530457307
0.90022216796875,5.780919189453124,8.9099365234375,0.5422818791946262,0.6991000967712521
0.90022216796875,1.5154748535156248,7.7932861328125,0.382550335570468,0.2378956924932194
6.1391186523437495,5.780919189453124,7.7932861328125,2.6134228187920057,0.9181351367057597
5.8952221679687495,6.512974853515624,3.9599365234375004,2.479194630872523,0.9015204526836131
1.14411865234375,6.512974853515624,3.9599365234375004,0.6053691275167727,0.6959407533799677
5.8952221679687495,0.7834191894531249,3.9599365234375004,0.8657718120805264,0.28121157722862805
5.8952221679687495,6.512974853515624,2.8432861328125,2.429530201342314,0.8832138044162826
1.14411865234375,0.7834191894531249,2.8432861328125,0.37046979865771656,0.12422218748126317
8.39272216796875,4.014224853515625,6.4349365234375,3.387919463087422,0.9044475179875215
8.63661865234375,4.014224853515625,6.4349365234375,3.4845637583894495,0.906710681408479
8.39272216796875,3.282169189453125,6.4349365234375,3.310067114094122,0.8835828300380415
8.39272216796875,4.014224853515625,0.3682861328125,2.2939597315436364,0.6065557507586816
8.63661865234375,3.282169189453125,0.3682861328125,2.1919463087248294,0.5635224881140574
3.39772216796875,9.011724853515625,1.4849365234375,1.4187919463087044,0.8073521333630547
3.64161865234375,9.011724853515625,1.4849365234375,1.5140939597315215,0.816512664525377
3.39772216796875,8.279669189453125,1.4849365234375,1.393288590604007,0.7924504758588042
3.39772216796875,9.011724853515625,5.3182861328125,1.5812080536912518,0.9019548556404797
3.64161865234375,8.279669189453125,5.3182861328125,1.6630872483221228,0.8987674444594929
4.64647216796875,2.7648498535156247,2.7224365234375,1.532885906040246,0.6760380090754644
4.89036865234375,2.7648498535156247,2.7224365234375,1.6268456375838685,0.6884331297344639
4.64647216796875,9.529044189453126,2.7224365234375,2.0255033557046707,0.8993861123297575
4.64647216796875,2.7648498535156247,9.0307861328125,1.7892617449664159,0.794107599827448
4.89036865234375,9.529044189453126,9.0307861328125,2.212080536912752,0.9420900368878478
9.64147216796875,7.762349853515624,7.6724365234375,4.06577181208081,0.9581766556918158
9.88536865234375,7.762349853515624,7.6724365234375,4.162416107382838,0.9589769688396916
9.64147216796875,4.5315441894531245,7.6724365234375,3.943624161074081,0.9293351741235408
9.64147216796875,7.762349853515624,4.0807861328125,4.012080536913017,0.9454050398096446
9.88536865234375,4.5315441894531245,4.0807861328125,3.9557046979868344,0.9110591277512603
7.14397216796875,0.266099853515625,0.2474365234375,0.37046979865771656,0.03705025116829956
2.3928686523437497,0.266099853515625,0.2474365234375,0.36510067114093814,0.04087820285166642
7.14397216796875,2.0327941894531247,0.2474365234375,1.1906040268456213,0.3502438999792262
7.14397216796875,0.266099853515625,1.6057861328125,0.3771812080536896,0.04201204567800378
2.3928686523437497,2.0327941894531247,1.6057861328125,0.4550335570469768,0.269574198463282
2.1489721679687497,5.2635998535156245,5.1974365234375,0.966442953020122,0.7675002827355741
7.38786865234375,5.2635998535156245,5.1974365234375,3.0469798657719354,0.9108918318606669
2.1489721679687497,7.030294189453125,5.1974365234375,1.0362416107382415,0.8249341561161811
2.1489721679687497,5.2635998535156245,6.5557861328125,0.9892617449664303,0.7865307125212997
7.38786865234375,7.030294189453125,6.5557861328125,3.1395973154363785,0.9387181050047846
1.52459716796875,4.638912353515624,0.8661865234375,0.48322147651006353,0.429014321412192
9.26099365234375,4.638912353515624,0.8661865234375,3.1570469798659113,0.7690603841272092
1.52459716796875,0.158731689453125,0.8661865234375,0.36375838926174353,0.02611011948743635
1.52459716796875,4.638912353515624,5.9370361328125,0.7020134228187844,0.6870506447969623
9.26099365234375,0.158731689453125,5.9370361328125,0.382550335570468,0.028874744482350112
6.51959716796875,9.636412353515626,5.8161865234375,2.8402684563759317,0.9473339760636137
4.26599365234375,9.636412353515626,5.8161865234375,1.9436241610737957,0.92583388754425
6.51959716796875,5.156231689453125,5.8161865234375,2.7087248322148385,0.9033239687647068
6.51959716796875,9.636412353515626,0.9870361328125,2.557046979865823,0.8514918155230864
4.26599365234375,5.156231689453125,0.9870361328125,1.4161073825503152,0.6684944028632225
9.01709716796875,2.140162353515625,3.3411865234375,3.127516778523625,0.7815789689656211
6.76349365234375,2.140162353515625,3.3411865234375,2.241610738255038,0.7215313191426054
9.01709716796875,7.654981689453124,3.3411865234375,3.7369127516780773,0.9353698935120152
9.01709716796875,2.140162353515625,3.4620361328125,3.142281879194768,0.7853432927142494
6.76349365234375,7.654981689453124,3.4620361328125,2.846979865771906,0.9194815014505282
4.02209716796875,7.1376623535156245,8.2911865234375,1.8174496644295026,0.907853581721304
1.76849365234375,7.1376623535156245,8.2911865234375,0.9194630872483107,0.8330736149132949
4.02209716796875,2.6574816894531246,8.2911865234375,1.512751677852327,0.7537760422611492
4.02209716796875,7.1376623535156245,8.4120361328125,1.8174496644295026,0.9078863500528909
1.76849365234375,2.6574816894531246,8.4120361328125,0.6362416107382487,0.5433548831560588
2.77334716796875,0.8907873535156249,7.0536865234374995,0.40536912751677634,0.15540322039403448
0.51974365234375,0.8907873535156249,7.0536865234374995,0.36912751677852196,0.14632838738404924
2.77334716796875,3.9068566894531247,7.0536865234374995,1.154362416107367,0.765491982854438
2.77334716796875,0.8907873535156249,7.1745361328124995,0.40536912751677634,0.1555341805976016
0.51974365234375,3.9068566894531247,7.1745361328124995,0.3919463087248303,0.47545815004201686
7.76834716796875,5.888287353515625,2.1036865234375,3.073825503355832,0.8784283846387205
5.51474365234375,5.888287353515625,2.1036865234375,2.1825503355704656,0.8391591961664635
7.76834716796875,8.904356689453126,2.1036865234375,3.208053691275315,0.9171410602018659
7.76834716796875,5.888287353515625,2.2245361328125,3.08724832214778,0.8823367352598285
5.51474365234375,8.904356689453126,2.2245361328125,2.3248322147651175,0.8945160605745266
5.27084716796875,3.3895373535156246,9.5286865234375,2.1275167785234776,0.8508359383542701
3.01724365234375,3.3895373535156246,9.5286865234375,1.2308724832214595,0.7669846674764732
5.27084716796875,6.4056066894531245,9.5286865234375,2.3020134228188054,0.9208385584313841
5.27084716796875,3.3895373535156246,4.6995361328125,2.029530201342255,0.8108705141252663
3.01724365234375,6.4056066894531245,4.6995361328125,1.3503355704697795,0.8427661909203601
0.27584716796875003,8.387037353515625,4.5786865234375,0.38926174496644106,0.6689176284292191
8.01224365234375,8.387037353515625,4.5786865234375,3.3919463087250064,0.9438375109277993
0.27584716796875003,1.408106689453125,4.5786865234375,0.36644295302013274,0.21260195550330852
0.27584716796875003,8.387037353515625,9.6495361328125,0.3986577181208033,0.7035508030571569
8.01224365234375,1.408106689453125,9.6495361328125,2.704697986577254,0.7515219783208501
0.19780029296875,4.873170166015624,9.9154052734375,0.3771812080536896,0.5405159771782977
4.34404052734375,4.873170166015624,9.9154052734375,1.873825503355676,0.8795711526492691
0.19780029296875,3.5164270019531245,9.9154052734375,0.3731543624161058,0.44235679530672556
0.19780029296875,4.873170166015624,6.3237548828125,0.3744966442953004,0.528085661970242
4.34404052734375,3.5164270019531245,6.3237548828125,1.7248322147650748,0.8088595099130882
5.19280029296875,9.870670166015625,4.9654052734375,2.30604026845639,0.9339504965377083
9.33904052734375,9.870670166015625,4.9654052734375,3.9543624161076396,0.9591499773478698
5.19280029296875,8.513927001953125,4.9654052734375,2.280536912751688,0.9235997260686566
5.19280029296875,9.870670166015625,1.3737548828125001,2.132885906040257,0.8627832156759996
9.33904052734375,8.513927001953125,1.3737548828125001,3.7181208053693497,0.9011479577904217
7.69030029296875,2.3744201660156246,7.4404052734374995,2.893959731543725,0.8348109013267999
1.84654052734375,2.3744201660156246,7.4404052734374995,0.6013422818791889,0.4865524985739929
7.69030029296875,6.015177001953124,7.4404052734374995,3.236241610738406,0.9339504849678187
7.69030029296875,2.3744201660156246,3.8487548828125004,2.7342281879195403,0.787810594818243
1.84654052734375,6.015177001953124,3.8487548828125004,0.8523489932885804,0.7469939421748014
2.6953002929687497,7.371920166015625,2.4904052734375,1.1785234899328698,0.7982560494188331
6.84154052734375,7.371920166015625,2.4904052734375,2.8187919463088145,0.9010751826114041
2.6953002929687497,1.0176770019531247,2.4904052734375,0.3919463087248303,0.1518669009972382
2.6953002929687497,7.371920166015625,8.7987548828125,1.2966442953019952,0.8805116365253802
6.84154052734375,1.0176770019531247,8.7987548828125,1.8859060402684276,0.5962687988000508
3.94405029296875,1.1250451660156249,3.7279052734375,0.6536912751677786,0.28526947506456396
5.59279052734375,1.1250451660156249,3.7279052734375,1.2093959731543458,0.4413022370704359
3.94405029296875,2.267052001953125,3.7279052734375,1.2308724832214595,0.6156963210828905
3.94405029296875,1.1250451660156249,5.0862548828125,0.7449664429530118,0.3373038920279409
5.59279052734375,2.267052001953125,5.0862548828125,1.9543624161073525,0.7414695292071982
8.93905029296875,6.122545166015624,8.6779052734375,3.747651006711636,0.9456680179304288
0.59779052734375,6.122545166015624,8.6779052734375,0.4416107382550307,0.6463135528827697
8.93905029296875,7.264552001953124,8.6779052734375,3.7812080536915067,0.9541355040533802
8.93905029296875,6.122545166015624,0.1362548828125,2.5046979865772245,0.6267136195923058
0.59779052734375,7.264552001953124,0.1362548828125,0.382550335570468,0.4772726409416942
6.44155029296875,3.6237951660156247,1.2529052734375001,2.093959731543607,0.7017941912458935
8.09029052734375,3.6237951660156247,1.2529052734375001,2.719463087248397,0.7475087065609662
6.44155029296875,9.763302001953125,1.2529052734375001,2.5986577181208625,0.8748364884725293
6.44155029296875,3.6237951660156247,2.6112548828125,2.382550335570495,0.8015521979876521
8.09029052734375,9.763302001953125,2.6112548828125,3.3906040268458115,0.9351935968446654
1.44655029296875,8.621295166015624,6.2029052734375,0.8080536912751584,0.8281640491138638
3.09529052734375,8.621295166015624,6.2029052734375,1.4630872483221264,0.8963225706511765
1.44655029296875,4.765802001953125,6.2029052734375,0.6832214765100599,0.6897912279379874
1.44655029296875,8.621295166015624,7.5612548828125,0.8187919463087152,0.8395860148249679
3.09529052734375,4.765802001953125,7.5612548828125,1.3503355704697795,0.8267319721041428
2.0709252929687496,1.7497326660156247,0.6341552734375,0.38523489932885724,0.1986328761716297
1.22216552734375,1.7497326660156247,0.6341552734375,0.3744966442953004,0.21563434566714493
2.0709252929687496,7.889239501953124,0.6341552734375,0.7449664429530118,0.592255885576357
2.0709252929687496,1.7497326660156247,9.4175048828125,0.5489932885905993,0.38383094983150834
1.22216552734375,7.889239501953124,9.4175048828125,0.7248322147650927,0.8177810713566811
7.06592529296875,6.747232666015624,5.5841552734375,2.9892617449665577,0.9294061577006248
6.21716552734375,6.747232666015624,5.5841552734375,2.651006711409461,0.921205612531399
7.06592529296875,2.8917395019531247,5.5841552734375,2.69798657718128,0.8384106709219024
7.06592529296875,6.747232666015624,4.4675048828124995,2.9664429530202456,0.9222356160586709
6.21716552734375,2.8917395019531247,4.4675048828124995,2.314093959731559,0.8031944304760956
9.56342529296875,4.248482666015625,3.1091552734375,3.746308724832441,0.8888799681555815
3.71966552734375,4.248482666015625,3.1091552734375,1.433557046979845,0.7594954408989456
9.56342529296875,0.392989501953125,3.1091552734375,0.4805369127516743,0.07918263116571306
9.56342529296875,4.248482666015625,1.9925048828125003,3.6120805369129583,0.856543593915263
3.71966552734375,0.392989501953125,1.9925048828125003,0.3744966442953004,0.06314342754420016
4.56842529296875,9.245982666015625,8.0591552734375,2.0751677852348793,0.9348683194037744
8.71466552734375,9.245982666015625,8.0591552734375,3.7261744966445187,0.9619719383069136
4.56842529296875,5.390489501953124,8.0591552734375,1.973154362416077,0.8888192808157973
4.56842529296875,9.245982666015625,6.9425048828125,2.0671140939597104,0.9312228028285345
8.71466552734375,5.390489501953124,6.9425048828125,3.6120805369129583,0.9324387779125822
3.31967529296875,2.999107666015625,6.8216552734375,1.26308724832213,0.7304877158040143
9.96341552734375,2.999107666015625,6.8216552734375,3.903355704698236,0.8927002156176402
3.31967529296875,6.639864501953125,6.8216552734375,1.5114093959731323,0.8776842540266536
3.31967529296875,2.999107666015625,8.1800048828125,1.287248322147633,0.7451513747531144
9.96341552734375,6.639864501953125,8.1800048828125,4.169127516778812,0.9536800660532909
8.314675292968749,7.996607666015624,1.8716552734375,3.370469798657889,0.9069051412977078
4.96841552734375,7.996607666015624,1.8716552734375,2.046979865771788,0.8592943579935575
8.314675292968749,1.6423645019531248,1.8716552734375,2.272483221476519,0.606038376592815
8.314675292968749,7.996607666015624,3.2300048828125,3.464429530201527,0.9325479236224322
4.96841552734375,1.6423645019531248,3.2300048828125,1.3154362416107197,0.5408125175789816
5.8171752929687495,0.5003576660156249,9.2966552734375,0.44563758389261454,0.104692633025409
7.46591552734375,0.5003576660156249,9.2966552734375,0.9986577181207925,0.26344091644882095
5.8171752929687495,4.141114501953124,9.2966552734375,2.4093959731543917,0.8864603581439391
5.8171752929687495,0.5003576660156249,0.7550048828125,0.3812080536912734,0.06827545262273532
7.46591552734375,4.141114501953124,0.7550048828125,2.327516778523507,0.6852120958869908
0.82217529296875,5.497857666015625,4.3466552734374995,0.46442953020133904,0.5947747894083467
2.4709155273437498,5.497857666015625,4.3466552734374995,1.085906040268442,0.7830012775778767
0.82217529296875,9.138614501953125,4.3466552734374995,0.5530201342281831,0.7530557371431161
0.82217529296875,5.497857666015625,5.7050048828125,0.4805369127516743,0.624477170904703
2.4709155273437498,9.138614501953125,5.7050048828125,1.218791946308708,0.8810436950132396
1.13436279296875,0.18801391601562498,5.2747802734375,0.36510067114093814,0.03291729151927708
7.77810302734375,0.18801391601562498,5.2747802734375,0.3812080536912734,0.03368639893620845
1.13436279296875,0.7053332519531249,5.2747802734375,0.37181208053691117,0.11710387839784309
1.13436279296875,0.18801391601562498,3.5393798828125003,0.36510067114093814,0.03247609019702284
7.77810302734375,0.7053332519531249,3.5393798828125003,1.26308724832213,0.3391246958701929
6.12936279296875,5.1855139160156245,0.32478027343750004,1.7087248322147395,0.5936637802868728
2.78310302734375,5.1855139160156245,0.32478027343750004,0.7261744966442873,0.45689204337830924
6.12936279296875,5.702833251953124,0.32478027343750004,1.7677852348993022,0.6151246715588161
6.12936279296875,5.1855139160156245,8.4893798828125,2.5892617449664987,0.9109152636165321
2.78310302734375,5.702833251953124,8.4893798828125,1.2791946308724653,0.8482086220995027
8.62686279296875,2.6867639160156247,7.7497802734375,3.338255033557213,0.8694698856957812
5.28060302734375,2.6867639160156247,7.7497802734375,2.008053691275138,0.8012330392554831
8.62686279296875,8.201583251953124,7.7497802734375,3.6711409395975307,0.9563969247790891
8.62686279296875,2.6867639160156247,6.0143798828124995,3.2953020134229787,0.8580972565327829
5.28060302734375,8.201583251953124,6.0143798828124995,2.3234899328859226,0.9278820025054011
3.6318627929687497,7.684263916015624,2.7997802734375004,1.5758389261744734,0.8527205939720495
0.28560302734375004,7.684263916015624,2.7997802734375004,0.382550335570468,0.6231882011942274
3.6318627929687497,3.204083251953125,2.7997802734375004,1.2402684563758217,0.6654261056129726
3.6318627929687497,7.684263916015624,1.0643798828125002,1.3798657718120608,0.7434655032973853
0.28560302734375004,3.204083251953125,1.0643798828125002,0.36778523489932735,0.3713253045008732
4.8806127929687495,3.9361389160156244,1.5622802734375,1.6483221476509822,0.698710989521129
1.53435302734375,3.9361389160156244,1.5622802734375,0.4979865771812042,0.4427284502191841
4.8806127929687495,4.4534582519531245,1.5622802734375,1.7181208053691017,0.7293495889527464
4.8806127929687495,3.9361389160156244,4.7768798828125,1.9409395973154064,0.8271679415982307
1.53435302734375,4.4534582519531245,4.7768798828125,0.6724832214765031,0.6506833095076037
9.87561279296875,8.933638916015624,6.5122802734375,4.170469798658007,0.9616948401614471
6.52935302734375,8.933638916015624,6.5122802734375,2.838926174496737,0.9456881892166269
9.87561279296875,9.450958251953125,6.5122802734375,4.179865771812371,0.9638492317981817
9.87561279296875,8.933638916015624,9.7268798828125,0.2778523489932887,0.06468333518463198
6.52935302734375,9.450958251953125,9.7268798828125,2.8671140939598283,0.9551422811066479
7.37811279296875,1.4373889160156248,4.0372802734375,2.1919463087248294,0.6518332370292406
4.03185302734375,1.4373889160156248,4.0372802734375,0.9369127516778406,0.44218472349876636
7.37811279296875,6.952208251953125,4.0372802734375,3.08724832214778,0.9239673611387941
7.37811279296875,1.4373889160156248,7.2518798828125,2.4013422818792227,0.7167404415191967
4.03185302734375,6.952208251953125,7.2518798828125,1.8080536912751404,0.9013568501162393
2.38311279296875,6.434888916015624,8.9872802734375,1.1489932885905885,0.8521013391946446
9.02685302734375,6.434888916015624,8.9872802734375,3.79597315436265,0.949461834222777
2.38311279296875,1.9547082519531247,8.9872802734375,0.7221476510067035,0.5031253672682059
2.38311279296875,6.434888916015624,2.3018798828125,1.0067114093959602,0.7424014056298112
9.02685302734375,1.9547082519531247,2.3018798828125,2.8657718120806335,0.7139281369049715
1.75873779296875,3.3114514160156245,4.6560302734375,0.652348993288584,0.5674664424342524
7.15372802734375,3.3114514160156245,4.6560302734375,2.7637583892618265,0.8495717378896986
1.75873779296875,5.078145751953125,4.6560302734375,0.7932885906040177,0.7148591860005353
1.75873779296875,3.3114514160156245,0.44562988281250004,0.40939597315436016,0.2935169466786089
7.15372802734375,5.078145751953125,0.44562988281250004,2.1355704697986466,0.6516189622318045
6.75373779296875,8.308951416015626,9.6060302734375,2.9382550335571542,0.9504858197689485
2.15872802734375,8.308951416015626,9.6060302734375,1.106040268456361,0.878885733496447
6.75373779296875,0.080645751953125,9.6060302734375,0.37046979865771656,0.014811614368781539
6.75373779296875,8.308951416015626,5.3956298828125,2.9033557046980887,0.9390897171562478
2.15872802734375,0.080645751953125,5.3956298828125,0.36510067114093814,0.014338822464337628
9.25123779296875,0.812701416015625,2.1810302734375,1.6684563758389013,0.39365783431633833
9.65122802734375,0.812701416015625,2.1810302734375,1.8013422818791673,0.41096065195835446
9.25123779296875,2.5793957519531245,2.1810302734375,3.182550335570613,0.7767267988085753
9.25123779296875,0.812701416015625,7.8706298828125,2.484563758389302,0.6025874252144312
9.65122802734375,2.5793957519531245,7.8706298828125,3.7288590604029084,0.877793079564066
4.25623779296875,5.810201416015625,7.1310302734375,1.8577181208053408,0.886496071108384
4.65622802734375,5.810201416015625,7.1310302734375,2.016107382550307,0.8940498748583396
4.25623779296875,7.576895751953124,7.1310302734375,1.911409395973125,0.912233474915841
4.25623779296875,5.810201416015625,2.9206298828125004,1.7489932885905777,0.8336925460226539
4.65622802734375,7.576895751953124,2.9206298828125004,1.9852348993288285,0.8798573601813198
3.00748779296875,2.062076416015625,8.3685302734375,0.9812080536912626,0.6008194658127437
3.4074780273437497,2.062076416015625,8.3685302734375,1.136912751677837,0.6384217182101142
3.00748779296875,8.826270751953125,8.3685302734375,1.4483221476509858,0.9068397088305162
3.00748779296875,2.062076416015625,1.6831298828125,0.6308724832214703,0.3545750378422882
3.4074780273437497,8.826270751953125,1.6831298828125,1.4402684563758181,0.8181296069323762
8.00248779296875,7.0595764160156245,3.4185302734375003,3.316778523490096,0.9237577709135925
8.40247802734375,7.0595764160156245,3.4185302734375003,3.4765100671142806,0.9270408573553546
8.00248779296875,3.8287707519531247,3.4185302734375003,3.1020134228189233,0.863534050719633
8.00248779296875,7.0595764160156245,6.6331298828125,3.385234899329032,0.9430608886055485
8.40247802734375,3.8287707519531247,6.6331298828125,3.378523489933058,0.9010060523854015
5.50498779296875,4.560826416015624,5.8935302734374995,2.2697986577181295,0.874963471991751
0.90997802734375,4.560826416015624,5.8935302734374995,0.47114093959731207,0.5686492077033561
5.50498779296875,1.3300207519531249,5.8935302734374995,1.532885906040246,0.5820854569895849
5.50498779296875,4.560826416015624,9.1081298828125,2.312751677852364,0.8917393701084733
0.90997802734375,1.3300207519531249,9.1081298828125,0.3812080536912734,0.2146993254461202
0.50998779296875,9.558326416015625,0.9435302734375,0.3999999999999979,0.5952397355374954
5.90497802734375,9.558326416015625,0.9435302734375,2.3006711409396106,0.8340480690757268
0.50998779296875,6.3275207519531245,0.9435302734375,0.38389261744966263,0.5109775313821725
0.50998779296875,9.558326416015625,4.1581298828125,0.44563758389261454,0.714693421700747
5.90497802734375,6.3275207519531245,4.1581298828125,2.4818791946309124,0.9012316079382793
0.35389404296875,2.218248291015625,2.9544677734375,0.36912751677852196,0.29997482812290704
8.87075927734375,2.218248291015625,2.9544677734375,3.04832214765113,0.7728344168856401
0.35389404296875,4.921973876953125,2.9544677734375,0.3785234899328842,0.5061519519823121
0.35389404296875,2.218248291015625,3.0753173828125,0.37046979865771656,0.30229167459255424
8.87075927734375,4.921973876953125,3.0753173828125,3.5302013422820737,0.8964485275700684
5.34889404296875,7.2157482910156245,7.9044677734375,2.34496644295304,0.9264484825858039
3.8757592773437497,7.2157482910156245,7.9044677734375,1.75838926174494,0.9047156796747904
5.34889404296875,9.919473876953125,7.9044677734375,2.3946308724832486,0.9461111548006915
5.34889404296875,7.2157482910156245,8.025317382812501,2.34496644295304,0.9264777314034593
3.8757592773437497,9.919473876953125,8.025317382812501,1.8080536912751404,0.9303608808022275
7.8463940429687495,4.716998291015624,0.4794677734375,2.3503355704698192,0.6614976183689113
6.37325927734375,4.716998291015624,0.4794677734375,1.846979865771784,0.6218746555903443
7.8463940429687495,7.420723876953124,0.4794677734375,2.65906040268463,0.7507695108785916
7.8463940429687495,4.716998291015624,5.5503173828125,3.205369127516925,0.9085481210327426
6.37325927734375,7.420723876953124,5.5503173828125,2.7328859060403454,0.9295608848988031
2.85139404296875,9.714498291015625,5.4294677734375,1.3771812080536716,0.8971231664345618
1.37825927734375,9.714498291015625,5.4294677734375,0.7919463087248231,0.8350645779471378
2.85139404296875,2.423223876953125,5.4294677734375,0.9409395973154244,0.5993610005826698
2.85139404296875,9.714498291015625,0.6003173828125,1.055033557046966,0.6797646000525497
1.37825927734375,2.423223876953125,0.6003173828125,0.382550335570468,0.2609567844177611
4.10014404296875,3.4676232910156246,9.1419677734375,1.665771812080512,0.8188716955608619
0.12950927734375,3.4676232910156246,9.1419677734375,0.36912751677852196,0.4340394637295151
4.10014404296875,1.1738488769531248,9.1419677734375,0.9906040268456249,0.46235779239081565
4.10014404296875,3.4676232910156246,4.3128173828125,1.5597315436241381,0.7652512630972961
0.12950927734375,1.1738488769531248,4.3128173828125,0.36510067114093814,0.182217383086854
9.09514404296875,8.465123291015626,4.1919677734375,3.8161073825505722,0.9479132698883713
5.1245092773437495,8.465123291015626,4.1919677734375,2.2375838926174536,0.9162363483399021
9.09514404296875,6.171348876953124,4.1919677734375,3.7436241610740515,0.9298257187899905
9.09514404296875,8.465123291015626,9.2628173828125,3.87382550335595,0.961925275390545
5.1245092773437495,6.171348876953124,9.2628173828125,2.233557046979869,0.9148313945055273
6.59764404296875,0.9688732910156249,6.6669677734374995,1.6375838926174253,0.5295241325182296
2.62700927734375,0.9688732910156249,6.6669677734374995,0.40671140939597095,0.16696156305802862
6.59764404296875,8.670098876953125,6.6669677734374995,2.863087248322244,0.9451549987625019
6.59764404296875,0.9688732910156249,6.7878173828124995,1.6442953020133984,0.531880485809525
2.62700927734375,8.670098876953125,6.7878173828124995,1.2832214765100491,0.8877339016661433
1.60264404296875,5.966373291015625,1.7169677734375002,0.6536912751677786,0.6118189835719055
7.62200927734375,5.966373291015625,1.7169677734375002,2.965100671141051,0.8614638707634842
1.60264404296875,3.6725988769531246,1.7169677734375002,0.5060402684563718,0.43775037171960096
1.60264404296875,5.966373291015625,1.8378173828125002,0.6630872483221408,0.6221097979460202
7.62200927734375,3.6725988769531246,1.8378173828125002,2.727516778523566,0.7915610319733315
2.2270190429687498,4.092310791015625,7.2857177734375,0.9570469798657597,0.7404654337249841
5.74888427734375,4.092310791015625,7.2857177734375,2.3557046979865985,0.8753389600035677
2.2270190429687498,9.294786376953125,7.2857177734375,1.1382550335570316,0.8852008922991729
2.2270190429687498,4.092310791015625,1.2190673828125,0.6738255033556977,0.497418561875517
5.74888427734375,9.294786376953125,1.2190673828125,2.3020134228188054,0.8542834146305105
7.22201904296875,9.089810791015625,2.3357177734375,3.0147651006712595,0.9192166276039491
0.7538842773437501,9.089810791015625,2.3357177734375,0.48859060402684196,0.6757790996047768
7.22201904296875,4.297286376953124,2.3357177734375,2.7463087248322937,0.8366185707189917
7.22201904296875,9.089810791015625,6.1690673828125,3.114093959731677,0.949917962517806
0.7538842773437501,4.297286376953124,6.1690673828125,0.4214765100671116,0.5147828336247808
9.71951904296875,1.5935607910156249,9.7607177734375,3.487248322147839,0.8154975279703752
8.24638427734375,1.5935607910156249,9.7607177734375,2.902013422818894,0.7864861143421855
9.71951904296875,1.7985363769531248,9.7607177734375,3.5771812080538927,0.8366421904817756
9.71951904296875,1.5935607910156249,8.6440673828125,3.4617449664431375,0.8094211412231853
8.24638427734375,1.7985363769531248,8.6440673828125,2.9677852348994405,0.8044399630827619
4.72451904296875,6.591060791015624,4.8107177734375,2.038926174496619,0.8931803508908486
3.25138427734375,6.591060791015624,4.8107177734375,1.4523489932885696,0.8566549861374817
4.72451904296875,6.796036376953125,4.8107177734375,2.045637583892593,0.8961483495314566
4.72451904296875,6.591060791015624,3.6940673828125004,2.008053691275138,0.8794645569108535
3.25138427734375,6.796036376953125,3.6940673828125004,1.4308724832214559,0.8436708680248843
3.47576904296875,0.34418579101562496,1.0982177734375,0.37046979865771656,0.05384877742634252
4.50013427734375,0.34418579101562496,1.0982177734375,0.3731543624161058,0.0530765210240825
3.47576904296875,5.546661376953124,1.0982177734375,1.1973154362415943,0.6640808450985008
3.47576904296875,0.34418579101562496,2.4565673828125,0.3731543624161058,0.056854609518413354
4.50013427734375,5.546661376953124,2.4565673828125,1.7946308724831943,0.8171372004324319
8.47076904296875,5.341685791015625,6.0482177734375,3.4993288590605927,0.9265528359177959
9.49513427734375,5.341685791015625,6.0482177734375,3.9073825503358206,0.9335979425430772
8.47076904296875,0.549161376953125,6.0482177734375,1.344966442953001,0.3339749364033502
8.47076904296875,5.341685791015625,7.4065673828125,3.5181208053693203,0.9315977256400418
9.49513427734375,0.549161376953125,7.4065673828125,1.8362416107382271,0.4243304440275003
5.97326904296875,2.8429357910156248,3.5732177734375004,2.1503355704697897,0.7717777339921653
2.0026342773437498,2.8429357910156248,3.5732177734375004,0.6375838926174433,0.49929242338753316
5.97326904296875,3.0479113769531248,3.5732177734375004,2.1919463087248294,0.786961814136808
5.97326904296875,2.8429357910156248,9.8815673828125,2.3395973154362606,0.8413396799004363
2.0026342773437498,3.0479113769531248,9.8815673828125,0.7959731543624069,0.652506397305817
0.9782690429687501,7.840435791015624,8.5232177734375,0.6241610738254972,0.788571679185142
6.99763427734375,7.840435791015624,8.5232177734375,3.020134228188039,0.9471525599824259
0.9782690429687501,8.045411376953124,8.5232177734375,0.6281879194630811,0.7941234028260833
0.9782690429687501,7.840435791015624,4.9315673828125,0.5946308724832159,0.746688037399613
6.99763427734375,8.045411376953124,4.9315673828125,2.987919463087363,0.9369079958034116
0.66608154296875,2.5305920410156246,2.0263427734375,0.375838926174495,0.3189502628066487
2.9391967773437497,2.5305920410156246,2.0263427734375,0.7758389261744878,0.4684572004313773
0.66608154296875,2.1108801269531248,2.0263427734375,0.3744966442953004,0.2811391151800362
0.66608154296875,2.5305920410156246,7.0971923828125,0.38657718120805185,0.35391055721723125
2.9391967773437497,2.1108801269531248,7.0971923828125,0.9436241610738136,0.5857995525841495
5.66108154296875,7.528092041015625,6.9763427734375,2.468456375838964,0.9295042683017131
7.93419677734375,7.528092041015625,6.9763427734375,3.3744966442954736,0.9472611306968922
5.66108154296875,7.108380126953124,6.9763427734375,2.4577181208054055,0.9254502422699201
5.66108154296875,7.528092041015625,2.1471923828125004,2.328859060402702,0.876202902347843
7.93419677734375,7.108380126953124,2.1471923828125004,3.2120805369128993,0.9011052643780298
8.15858154296875,0.031842041015624996,4.5013427734375,0.36510067114093814,0.0056405274880073535
0.44169677734375,0.031842041015624996,4.5013427734375,0.36375838926174353,0.0056577387705693104
8.15858154296875,9.607130126953125,4.5013427734375,3.472483221476696,0.9508350038260599
8.15858154296875,0.031842041015624996,4.6221923828125,0.36510067114093814,0.005645684231610344
0.44169677734375,9.607130126953125,4.6221923828125,0.42818791946308465,0.7130313642999924
3.1635815429687497,5.029342041015624,9.4513427734375,1.4080536912751476,0.8483144055872504
5.43669677734375,5.029342041015624,9.4513427734375,2.314093959731559,0.9017640510394735
3.1635815429687497,4.609630126953125,9.4513427734375,1.3852348993288393,0.8344333482679385
3.1635815429687497,5.029342041015624,9.5721923828125,1.4093959731543422,0.8491143345033952
5.43669677734375,4.609630126953125,9.5721923828125,2.2912751677852468,0.8928825660517783
4.41233154296875,1.2812170410156247,5.7388427734375,1.075167785234885,0.47796100974195965
6.68544677734375,1.2812170410156247,5.7388427734375,1.942281879194601,0.6284103534036112
4.41233154296875,3.3602551269531244,5.7388427734375,1.7194630872482963,0.7958796930478562
4.41233154296875,1.2812170410156247,5.8596923828125,1.0805369127516635,0.4807234982423806
6.68544677734375,3.3602551269531244,5.8596923828125,2.625503355704759,0.8564448750968683
9.40733154296875,6.278717041015624,0.7888427734375,3.3744966442954736,0.8111737605227638
1.6904467773437502,6.278717041015624,0.7888427734375,0.5959731543624105,0.5275960478587112
9.40733154296875,8.357755126953125,0.7888427734375,3.5382550335572427,0.8511375526389212
9.40733154296875,6.278717041015624,0.9096923828125,3.4442953020136047,0.8282634577198412
1.6904467773437502,8.357755126953125,0.9096923828125,0.6872483221476438,0.6250808800877086
6.90983154296875,3.7799670410156248,8.2138427734375,2.8040268456376714,0.8890199608380491
9.18294677734375,3.7799670410156248,8.2138427734375,3.7100671140941808,0.9136597259118189
6.90983154296875,5.859005126953124,8.2138427734375,2.9261744966444008,0.9278538479761225
6.90983154296875,3.7799670410156248,3.3846923828125,2.6604026845638247,0.8427521517517553
9.18294677734375,5.859005126953124,3.3846923828125,3.731543624161298,0.9187169917198981
1.9148315429687501,8.777467041015624,3.2638427734375,0.9476510067113975,0.8142707414479085
4.1879467773437495,8.777467041015624,3.2638427734375,1.846979865771784,0.8927055545302809
1.9148315429687501,0.861505126953125,3.2638427734375,0.3798657718120788,0.13651255205111518
1.9148315429687501,8.777467041015624,8.3346923828125,1.0120805369127386,0.8714499538719196
4.1879467773437495,0.861505126953125,8.3346923828125,0.6684563758389193,0.2719258818992041
1.29045654296875,0.656529541015625,7.5950927734375,0.3744966442953004,0.11234775292706939
2.31482177734375,0.656529541015625,7.5950927734375,0.38523489932885724,0.11460208408311137
1.29045654296875,6.4836926269531245,7.5950927734375,0.7073825503355629,0.771514216638473
1.29045654296875,0.656529541015625,8.9534423828125,0.375838926174495,0.11371130313586425
2.31482177734375,6.4836926269531245,8.9534423828125,1.123489932885891,0.8503260113388657
6.28545654296875,5.654029541015625,2.6450927734375003,2.523489932885952,0.8680450988459946
7.30982177734375,5.654029541015625,2.6450927734375003,2.9302013422819853,0.8837673974505551
6.28545654296875,1.4861926269531247,2.6450927734375003,1.6120805369127278,0.5452538670622381
6.28545654296875,5.654029541015625,4.0034423828125,2.595973154362473,0.8933631154679281
7.30982177734375,1.4861926269531247,4.0034423828125,2.1973154362416087,0.6590456496551097
8.78295654296875,3.1552795410156245,5.1200927734374995,3.4080536912753443,0.8732862962012445
4.81232177734375,3.1552795410156245,5.1200927734374995,1.8308724832214487,0.7889164876448107
8.78295654296875,3.9849426269531247,5.1200927734374995,3.5073825503357616,0.8988860309391147
8.78295654296875,3.1552795410156245,1.5284423828125002,2.9812080536913887,0.7618953184832907
4.81232177734375,3.9849426269531247,1.5284423828125002,1.6228187919462846,0.6958056505462994
3.78795654296875,8.152779541015626,0.1700927734375,1.1087248322147503,0.5692212923019513
9.80732177734375,8.152779541015626,0.1700927734375,3.041610738255156,0.7021136043542091
3.78795654296875,8.982442626953125,0.1700927734375,1.1449664429530046,0.5892773978272823
3.78795654296875,8.152779541015626,6.4784423828125,1.7328859060402424,0.9079135424573311
9.80732177734375,8.982442626953125,6.4784423828125,4.144966442953305,0.961832891696025
2.53920654296875,4.404654541015624,3.8825927734375,1.0268456375838793,0.7234344707134148
8.55857177734375,4.404654541015624,3.8825927734375,3.409395973154539,0.8941496295904195
2.53920654296875,7.733067626953124,3.8825927734375,1.1852348993288429,0.8394916436568818
2.53920654296875,4.404654541015624,7.7159423828125,1.1087248322147503,0.7844945220101195
8.55857177734375,7.733067626953124,7.7159423828125,3.6335570469800755,0.9533732083645103
7.53420654296875,9.402154541015625,8.8325927734375,3.263087248322303,0.9589878491708439
3.56357177734375,9.402154541015625,8.8325927734375,1.6805369127516527,0.9239673631026195
7.53420654296875,2.7355676269531246,8.8325927734375,2.93154362416118,0.8613385152147102
7.53420654296875,9.402154541015625,2.7659423828125003,3.1704697986578596,0.9314527414004559
3.56357177734375,2.7355676269531246,2.7659423828125003,1.123489932885891,0.6075744913639411
5.03670654296875,1.9059045410156248,1.4075927734375002,1.130201342281864,0.4527689940842326
6.06107177734375,1.9059045410156248,1.4075927734375002,1.4684563758389049,0.5102909795778661
5.03670654296875,0.236817626953125,1.4075927734375002,0.37046979865771656,0.03799767961217402
5.03670654296875,1.9059045410156248,0.2909423828125,0.6953020134228114,0.2585952307637098
6.06107177734375,0.236817626953125,0.2909423828125,0.36912751677852196,0.03457413629667738
0.04170654296875,6.903404541015624,6.3575927734375,0.36644295302013274,0.624068641244548
1.06607177734375,6.903404541015624,6.3575927734375,0.621476510067108,0.7481004546946954
0.04170654296875,5.234317626953125,6.3575927734375,0.36510067114093814,0.5438153786560118
0.04170654296875,6.903404541015624,5.2409423828124995,0.36644295302013274,0.620613616356597
1.06607177734375,5.234317626953125,5.2409423828124995,0.5503355704697939,0.6452186158490885
0.03195068359375,4.394893798828124,2.4614013671875004,0.36375838926174353,0.4780269202564627
2.44164794921875,4.394893798828124,2.4614013671875004,0.9100671140939485,0.6539763914756621
0.03195068359375,6.6496252441406245,2.4614013671875004,0.36510067114093814,0.5956535916544028
0.03195068359375,4.394893798828124,9.5625244140625,0.36510067114093814,0.5004365673969737
2.44164794921875,6.6496252441406245,9.5625244140625,1.181208053691259,0.8612269132433812
5.02695068359375,9.392393798828126,7.4114013671875,2.2550335570469864,0.9385800900488603
7.43664794921875,9.392393798828126,7.4114013671875,3.214765100671289,0.9557129742074618
5.02695068359375,1.6521252441406247,7.4114013671875,1.5973154362415871,0.6597135516109531
5.02695068359375,9.392393798828126,4.6125244140624995,2.2255033557047,0.926134191454728
7.43664794921875,1.6521252441406247,4.6125244140624995,2.405369127516807,0.7125781905729172
7.52445068359375,1.8961437988281247,4.9364013671875,2.579865771812135,0.7575110655388932
4.93914794921875,1.8961437988281247,4.9364013671875,1.5651006711409166,0.655638680911687
7.52445068359375,4.150875244140624,4.9364013671875,3.017449664429649,0.8874561091454038
7.52445068359375,1.8961437988281247,2.1375244140625003,2.2161073825503363,0.6472295503387513
4.93914794921875,4.150875244140624,2.1375244140625003,1.8040268456375566,0.759410362650043
2.52945068359375,6.8936437988281245,9.8864013671875,1.225503355704681,0.871297997338998
9.93414794921875,6.8936437988281245,9.8864013671875,4.175838926174786,0.9577996433632858
2.52945068359375,9.148375244140626,9.8864013671875,1.269798657718103,0.9029202988302364
2.52945068359375,6.8936437988281245,7.0875244140625,1.2067114093959566,0.8576974093122458
9.93414794921875,9.148375244140626,7.0875244140625,4.202684563758683,0.9639437994000576
3.77820068359375,0.646768798828125,6.1739013671875,0.4026845637583871,0.11440436806952199
8.68539794921875,0.646768798828125,6.1739013671875,1.7597315436241345,0.44155552061215353
3.77820068359375,7.899000244140624,6.1739013671875,1.7194630872482963,0.9027186198238398
3.77820068359375,0.646768798828125,8.3250244140625,0.40805369127516555,0.11878256093833423
8.68539794921875,7.899000244140624,8.3250244140625,3.692617449664648,0.9561787986415022
8.77320068359375,5.644268798828125,1.2239013671875,3.268456375839082,0.8372437821310895
3.6903979492187498,5.644268798828125,1.2239013671875,1.3114093959731359,0.6960622920886755
8.77320068359375,2.9015002441406246,1.2239013671875,2.7771812080537748,0.7092403661002412
8.77320068359375,5.644268798828125,3.3750244140625,3.5570469798659703,0.9124378592943343
3.6903979492187498,2.9015002441406246,3.3750244140625,1.256375838926157,0.6658136312706674
6.27570068359375,3.1455187988281246,8.6489013671875,2.4885906040268866,0.8577059842275121
6.18789794921875,3.1455187988281246,8.6489013671875,2.453691275167821,0.8560029885005177
6.27570068359375,0.402750244140625,8.6489013671875,0.413422818791944,0.07768967474648587
6.27570068359375,3.1455187988281246,0.9000244140625,1.771812080536886,0.6038119421540702
6.18789794921875,0.402750244140625,0.9000244140625,0.3785234899328842,0.05767500745111774
1.28070068359375,8.143018798828125,3.6989013671875,0.696644295302006,0.7617234661685142
1.1928979492187501,8.143018798828125,3.6989013671875,0.6630872483221408,0.7529319831380243
1.28070068359375,5.400250244140625,3.6989013671875,0.6053691275167727,0.6481144574749792
1.28070068359375,8.143018798828125,5.8500244140625,0.7302013422818712,0.8015142454946633
1.1928979492187501,5.400250244140625,5.8500244140625,0.6134228187919404,0.6884219090976483
1.9050756835937501,1.2714562988281248,8.0301513671875,0.40536912751677634,0.2137826156316719
3.06602294921875,1.2714562988281248,8.0301513671875,0.6550335570469732,0.35351690122092577
1.9050756835937501,2.2768127441406247,8.0301513671875,0.6120805369127458,0.4855179193026231
1.9050756835937501,1.2714562988281248,6.4687744140625,0.4026845637583871,0.209318848109743
3.06602294921875,2.2768127441406247,6.4687744140625,1.0187919463087116,0.6174353945281132
6.90007568359375,6.268956298828124,3.0801513671875003,2.830872483221568,0.8982886667306061
8.06102294921875,6.268956298828124,3.0801513671875003,3.291275167785394,0.9106085592736681
6.90007568359375,7.274312744140624,3.0801513671875003,2.8724832214766076,0.9115899672378732
6.90007568359375,6.268956298828124,1.5187744140625001,2.664429530201409,0.8446037418145513
8.06102294921875,7.274312744140624,1.5187744140625001,3.183892617449808,0.8803573920744515
9.39757568359375,3.7702062988281244,5.5551513671874995,3.7436241610740515,0.90273686399687
0.56852294921875,3.7702062988281244,5.5551513671874995,0.3919463087248303,0.4578303868357103
9.39757568359375,9.773062744140624,5.5551513671874995,3.983892617449926,0.9608949961384092
9.39757568359375,3.7702062988281244,3.9937744140625004,3.683221476510284,0.887973151781696
0.56852294921875,9.773062744140624,3.9937744140625004,0.46577181208053364,0.7256871515323687
4.40257568359375,8.767706298828125,0.6051513671875,1.5677852348993058,0.7235314816102283
5.56352294921875,8.767706298828125,0.6051513671875,1.9919463087248015,0.7580213410458475
4.40257568359375,4.7755627441406245,0.6051513671875,1.2751677852348815,0.5823939047769635
4.40257568359375,8.767706298828125,8.9437744140625,2.0053691275167482,0.9312205305250076
5.56352294921875,4.7755627441406245,8.9437744140625,2.3463087248322347,0.8966356107374762
3.15382568359375,2.5208312988281247,4.3176513671875,1.0322147651006577,0.6124348881680151
6.81227294921875,2.5208312988281247,4.3176513671875,2.46174496644299,0.789104050693361
3.15382568359375,3.5261877441406244,4.3176513671875,1.1973154362415943,0.7191324291967922
3.15382568359375,2.5208312988281247,5.2312744140625,1.0711409395973013,0.6378928164847699
6.81227294921875,3.5261877441406244,5.2312744140625,2.6778523489933574,0.8592934974901159
8.14882568359375,7.518331298828124,9.2676513671875,3.4751677852350857,0.9527062555733563
1.81727294921875,7.518331298828124,9.2676513671875,0.9530201342281759,0.8488894899519432
8.14882568359375,8.523687744140625,9.2676513671875,3.495302013423008,0.9582230782195733
8.14882568359375,7.518331298828124,0.2812744140625,2.5758389261745505,0.7021344761020909
1.81727294921875,8.523687744140625,0.2812744140625,0.6174496644295242,0.5230764453497534
5.6513256835937495,0.022081298828125,1.8426513671875002,0.36375838926174353,0.0038004021463378377
9.30977294921875,0.022081298828125,1.8426513671875002,0.36510067114093814,0.003810461542108844
5.6513256835937495,6.024937744140624,1.8426513671875002,2.212080536912752,0.8328604321984787
5.6513256835937495,0.022081298828125,2.7562744140625,0.36375838926174353,0.003848147980534266
9.30977294921875,6.024937744140624,2.7562744140625,3.75436241610761,0.9128406434523353
0.65632568359375,5.0195812988281245,6.7926513671875,0.42416107382550083,0.5662925832973184
4.31477294921875,5.0195812988281245,6.7926513671875,1.840268456375811,0.8683677376742778
0.65632568359375,1.0274377441406248,6.7926513671875,0.37181208053691117,0.16662762493308678
0.65632568359375,5.0195812988281245,7.7062744140625,0.42684563758389005,0.5734732497154592
4.31477294921875,1.0274377441406248,7.7062744140625,0.8953020134228078,0.39007130017514663
0.96851318359375,0.33442504882812496,2.7707763671875,0.36510067114093814,0.05598902842179061
5.87571044921875,0.33442504882812496,2.7707763671875,0.382550335570468,0.0553885605915982
0.96851318359375,8.836031494140625,2.7707763671875,0.570469798657713,0.71523577130348
0.96851318359375,0.33442504882812496,0.5906494140625,0.36510067114093814,0.053405358098190345
5.87571044921875,8.836031494140625,0.5906494140625,2.1033557046979707,0.7642544254412189
5.96351318359375,5.331925048828125,7.7207763671875,2.523489932885952,0.9088825773426813
0.8807104492187501,5.331925048828125,7.7207763671875,0.5114093959731503,0.654657896517021
5.96351318359375,3.8385314941406246,7.7207763671875,2.4255033557047296,0.8735036877945199
5.96351318359375,5.331925048828125,5.5406494140625,2.4912751677852762,0.8971538747330976
0.8807104492187501,3.8385314941406246,5.5406494140625,0.42550335570469544,0.47971498273026186
8.46101318359375,2.833175048828125,0.2957763671875,1.915436241610709,0.498916565799473
8.37321044921875,2.833175048828125,0.2957763671875,1.8885906040268168,0.4963727614081643
8.46101318359375,1.3397814941406248,0.2957763671875,1.1006711409395826,0.273326064568059
8.46101318359375,2.833175048828125,8.0156494140625,3.3033557046981477,0.8754906477436168
8.37321044921875,1.3397814941406248,8.0156494140625,2.7557046979866575,0.7358416159459008
3.4660131835937498,7.830675048828124,5.2457763671875,1.5825503355704464,0.8888198485842862
3.37821044921875,7.830675048828124,5.2457763671875,1.5476510067113867,0.8866543596878695
3.4660131835937498,6.337281494140624,5.2457763671875,1.5369127516778298,0.8630314263571974
3.4660131835937498,7.830675048828124,3.0656494140625004,1.5275167785234676,0.8573898438657024
3.37821044921875,6.337281494140624,3.0656494140625004,1.4362416107382343,0.8218349136502461
4.71476318359375,4.082550048828125,8.9582763671875,1.9637583892617148,0.8618370244346898
4.62696044921875,4.082550048828125,8.9582763671875,1.928859060402655,0.859725085356781
4.71476318359375,5.087906494140625,8.9582763671875,2.0255033557046707,0.8890392560786238
4.71476318359375,4.082550048828125,1.8281494140625,1.6604026845637336,0.7252232886649349
4.62696044921875,5.087906494140625,1.8281494140625,1.7355704697986316,0.7712523664470897
9.70976318359375,9.080050048828125,4.0082763671875,4.069798657718395,0.9528998444953191
9.62196044921875,9.080050048828125,4.0082763671875,4.034899328859329,0.9525388190711845
9.70976318359375,0.090406494140625,4.0082763671875,0.37181208053691117,0.01593151155579197
9.70976318359375,9.080050048828125,6.7781494140625,4.11006711409424,0.9624418675229998
9.62196044921875,0.090406494140625,6.7781494140625,0.3744966442953004,0.016500065687400034
7.21226318359375,1.5838000488281248,6.4832763671875,2.3892617449664693,0.7277581797358345
2.1294604492187497,1.5838000488281248,6.4832763671875,0.4617449664429498,0.2854382851887609
7.21226318359375,2.589156494140625,6.4832763671875,2.727516778523566,0.8325007514343601
7.21226318359375,1.5838000488281248,9.2531494140625,2.4751677852349383,0.7547416531838274
2.1294604492187497,2.589156494140625,9.2531494140625,0.7704697986577094,0.5987536035499026
2.21726318359375,6.581300048828124,1.5332763671875,0.8805369127516671,0.6782478165754509
7.12446044921875,6.581300048828124,1.5332763671875,2.77583892617458,0.8557793958907736
2.21726318359375,7.586656494140624,1.5332763671875,0.9234899328858945,0.7139761775177835
2.21726318359375,6.581300048828124,4.3031494140625,1.030872483221463,0.8025264175233174
7.12446044921875,7.586656494140624,4.3031494140625,3.0134228187920646,0.9300890226630802
1.59288818359375,3.4578625488281247,7.1020263671874995,0.6536912751677786,0.6106322714267175
8.99758544921875,3.4578625488281247,7.1020263671874995,3.5852348993290617,0.8992246423643858
1.59288818359375,4.463218994140624,7.1020263671874995,0.7328859060402604,0.7004213424311148
1.59288818359375,3.4578625488281247,3.6843994140625003,0.5798657718120752,0.5255134935791854
8.99758544921875,4.463218994140624,3.6843994140625003,3.5785234899330876,0.8972821581576192
6.5878881835937495,8.455362548828125,2.1520263671875,2.7302013422819558,0.901907224111657
4.00258544921875,8.455362548828125,2.1520263671875,1.7073825503355449,0.8552323906914576
6.5878881835937495,9.460718994140626,2.1520263671875,2.759731543624242,0.911733990289399
6.5878881835937495,8.455362548828125,8.6343994140625,2.869798657718218,0.9486259992474482
4.00258544921875,9.460718994140626,8.6343994140625,1.8550335570469516,0.9303415812852756
9.08538818359375,0.9591125488281249,9.5770263671875,2.720805369127592,0.6737921992484555
6.50008544921875,0.9591125488281249,9.5770263671875,1.7060402684563503,0.561142059617513
9.08538818359375,6.961968994140625,9.5770263671875,3.8375838926176895,0.9543145001157893
9.08538818359375,0.9591125488281249,6.1593994140624995,2.554362416107433,0.630871166715592
6.50008544921875,6.961968994140625,6.1593994140624995,2.7785234899329696,0.9291261363773693
4.09038818359375,5.956612548828124,4.6270263671875,1.7570469798657453,0.8654706937424509
1.50508544921875,5.956612548828124,4.6270263671875,0.7369127516778442,0.7318873487610809
4.09038818359375,1.9644689941406248,4.6270263671875,1.2469798657717948,0.6050805693677186
4.09038818359375,5.956612548828124,1.2093994140625002,1.481879194630851,0.7261703703289324
1.50508544921875,1.9644689941406248,1.2093994140625002,0.38523489932885724,0.24087870633324718
2.8416381835937496,2.2084875488281246,0.9145263671875,0.5073825503355665,0.27957278156680077
0.25633544921875,2.2084875488281246,0.9145263671875,0.36644295302013274,0.28643173835242774
2.8416381835937496,0.7150939941406249,0.9145263671875,0.375838926174495,0.10183443520164485
2.8416381835937496,2.2084875488281246,4.9218994140625,0.867114093959721,0.5467641984847563
0.25633544921875,0.7150939941406249,4.9218994140625,0.36510067114093814,0.11742542025711111
7.83663818359375,7.205987548828125,5.8645263671875,3.3140939597317063,0.9405386878022777
5.25133544921875,7.205987548828125,5.8645263671875,2.2845637583892726,0.9165985849649466
7.83663818359375,5.712593994140624,5.8645263671875,3.261744966443108,0.9256289360053228
7.83663818359375,7.205987548828125,9.8718994140625,3.347651006711577,0.9501710298075691
5.25133544921875,5.712593994140624,9.8718994140625,2.272483221476519,0.9118625428788567
5.33913818359375,4.707237548828124,3.3895263671875,2.1302013422818673,0.8420971272017812
2.75383544921875,4.707237548828124,3.3895263671875,1.1114093959731395,0.7392360476933191
5.33913818359375,8.211343994140625,3.3895263671875,2.2939597315436364,0.9073840083378066
5.33913818359375,4.707237548828124,7.3968994140625,2.2375838926174536,0.8852555340698902
2.75383544921875,8.211343994140625,7.3968994140625,1.3302013422818604,0.889118804626736
0.34413818359375004,9.704737548828126,8.3395263671875,0.4174496644295278,0.7416801469333761
7.74883544921875,9.704737548828126,8.3395263671875,3.348993288590772,0.9601046973551541
0.34413818359375004,3.2138439941406247,8.3395263671875,0.3785234899328842,0.41735183387094676
0.34413818359375004,9.704737548828126,2.4468994140625,0.3946308724832195,0.6673303170437697
7.74883544921875,3.2138439941406247,2.4468994140625,2.8040268456376714,0.8023468876778787
0.50023193359375,2.0523156738281245,5.4004638671875,0.3744966442953004,0.2930875669099239
6.96836669921875,2.0523156738281245,5.4004638671875,2.445637583892652,0.7684425454068777
0.50023193359375,5.556422119140625,5.4004638671875,0.4026845637583871,0.5712463867917201
0.50023193359375,2.0523156738281245,1.0547119140625,0.36912751677852196,0.26688317187078026
6.96836669921875,5.556422119140625,1.0547119140625,2.493959731543666,0.7826341129109383
5.49523193359375,7.049815673828125,0.4504638671875,1.7691275167784968,0.6779046813429217
1.97336669921875,7.049815673828125,0.4504638671875,0.6469798657718056,0.5207850910646247
5.49523193359375,0.558922119140625,0.4504638671875,0.3798657718120788,0.07204227297407356
5.49523193359375,7.049815673828125,6.0047119140625,2.3798657718121055,0.9189511027112904
1.97336669921875,0.558922119140625,6.0047119140625,0.3771812080536896,0.09609173775448906
7.99273193359375,4.551065673828124,7.8754638671875,3.2899328859061994,0.917483024348865
9.46586669921875,4.551065673828124,7.8754638671875,3.8765100671143395,0.9288733764329402
7.99273193359375,3.0576721191406246,7.8754638671875,3.1489932885907423,0.878051185688162
7.99273193359375,4.551065673828124,8.4797119140625,3.2966442953021735,0.9193761635522406
9.46586669921875,3.0576721191406246,8.4797119140625,3.7449664429532463,0.8972880765241131
2.99773193359375,9.548565673828126,2.9254638671875,1.3798657718120608,0.8653928491982954
4.47086669921875,9.548565673828126,2.9254638671875,1.9651006711409094,0.9006263137368524
2.99773193359375,8.055172119140625,2.9254638671875,1.3436241610738064,0.8423081592749476
2.99773193359375,9.548565673828126,3.5297119140625,1.39999999999998,0.8782192217079653
4.47086669921875,8.055172119140625,3.5297119140625,1.9503355704697687,0.8938963462196557
4.24648193359375,3.3016906738281246,1.6879638671875001,1.3342281879194442,0.6304510065855891
3.2221166992187498,3.3016906738281246,1.6879638671875001,0.9704697986577058,0.5626557398124759
4.24648193359375,9.304547119140626,1.6879638671875001,1.785234899328832,0.8524784595227524
4.24648193359375,3.3016906738281246,2.2922119140625004,1.433557046979845,0.6802877615712086
3.2221166992187498,9.304547119140626,2.2922119140625004,1.4322147651006505,0.8500958065672071
9.24148193359375,8.299190673828125,6.6379638671875,3.9073825503358206,0.9568300131806721
8.21711669921875,8.299190673828125,6.6379638671875,3.5006711409397875,0.952512801076057
9.24148193359375,4.307047119140624,6.6379638671875,3.7530201342284153,0.918913462429949
9.24148193359375,8.299190673828125,7.2422119140625,3.9140939597317947,0.9584637448957896
8.21711669921875,4.307047119140624,7.2422119140625,3.354362416107551,0.9126321946489837
6.74398193359375,0.802940673828125,4.1629638671875,1.2134228187919296,0.370801706883808
0.72461669921875,0.802940673828125,4.1629638671875,0.36912751677852196,0.13015654280318278
6.74398193359375,1.8082971191406247,4.1629638671875,2.1771812080536863,0.7021590485901226
6.74398193359375,0.802940673828125,9.7172119140625,1.570469798657695,0.4949098159545968
0.72461669921875,1.8082971191406247,9.7172119140625,0.382550335570468,0.27716860679470257
1.74898193359375,5.800440673828124,9.1129638671875,0.8765100671140833,0.7987963235552293
5.71961669921875,5.800440673828124,9.1129638671875,2.4577181208054055,0.9174079292341649
1.74898193359375,6.805797119140625,9.1129638671875,0.9073825503355593,0.8279404762616894
1.74898193359375,5.800440673828124,4.7672119140625,0.8268456375838829,0.7506587661508497
5.71961669921875,6.805797119140625,4.7672119140625,2.4402684563758728,0.9107039900357723
2.3733569335937497,3.9263781738281245,4.7817138671874995,0.9516778523489813,0.7018450321647984
7.59274169921875,3.9263781738281245,4.7817138671874995,3.017449664429649,0.8803600080221203
2.3733569335937497,1.183609619140625,4.7817138671874995,0.40671140939597095,0.1912178541543023
2.3733569335937497,3.9263781738281245,2.9109619140625003,0.8711409395973049,0.6368034779870824
7.59274169921875,1.183609619140625,2.9109619140625003,1.871140939597287,0.5371516403121047
7.36835693359375,8.923878173828125,9.7317138671875,3.1932885906041717,0.9571102805075375
2.5977416992187496,8.923878173828125,9.7317138671875,1.2926174496644114,0.9016885105235439
7.36835693359375,6.181109619140624,9.7317138671875,3.1315436241612096,0.9385804595911522
7.36835693359375,8.923878173828125,7.8609619140625,3.183892617449808,0.9542509692380332
2.5977416992187496,6.181109619140624,7.8609619140625,1.2174496644295134,0.8488941468818121
9.86585693359375,1.4276281738281247,2.3067138671875003,2.8201342281880093,0.6467018983298093
5.09524169921875,1.4276281738281247,2.3067138671875003,1.0872483221476366,0.4273892627643321
9.86585693359375,8.679859619140625,2.3067138671875003,4.048322147651278,0.9340413273453403
9.86585693359375,1.4276281738281247,5.3859619140624995,3.2805369127518356,0.7558019897745412
5.09524169921875,8.679859619140625,5.3859619140624995,2.251006711409402,0.9262813475738341
4.87085693359375,6.425128173828124,7.2567138671875,2.126174496644283,0.9083884289721367
0.10024169921875,6.425128173828124,7.2567138671875,0.37046979865771656,0.607993206417052
4.87085693359375,3.6823596191406245,7.2567138671875,1.9691275167784932,0.8409866446404826
4.87085693359375,6.425128173828124,0.43596191406250007,1.4993288590603808,0.6335161537093501
0.10024169921875,3.6823596191406245,0.43596191406250007,0.36510067114093814,0.4077857027350538
3.62210693359375,0.178253173828125,8.4942138671875,0.37181208053691117,0.032304110138584696
1.34899169921875,0.178253173828125,8.4942138671875,0.36644295302013274,0.031932401001913545
3.62210693359375,4.931734619140625,8.4942138671875,1.5785234899328626,0.8566014451281053
3.62210693359375,0.178253173828125,4.1484619140625,0.36912751677852196,0.03104178542013991
1.34899169921875,4.931734619140625,4.1484619140625,0.6187919463087188,0.6427613387589536
8.61710693359375,5.175753173828125,3.5442138671875,3.4751677852350857,0.9058789211934313
6.3439916992187495,5.175753173828125,3.5442138671875,2.571812080536966,0.8778363677240644
8.61710693359375,9.929234619140624,3.5442138671875,3.638926174496855,0.948827627769557
8.61710693359375,5.175753173828125,9.0984619140625,3.5852348993290617,0.9349594001509146
6.3439916992187495,9.929234619140624,9.0984619140625,2.797315436241697,0.95540548595262
6.11960693359375,2.677003173828125,6.0192138671875,2.296644295302026,0.8083350147914568
3.84649169921875,2.677003173828125,6.0192138671875,1.3973154362415907,0.7200286902042128
6.11960693359375,7.430484619140624,6.0192138671875,2.6389261744967074,0.9296095072069375
6.11960693359375,2.677003173828125,6.6234619140625,2.314093959731559,0.8146052164856672
3.84649169921875,7.430484619140624,6.6234619140625,1.74093959731541,0.9010919092610431
1.12460693359375,7.674503173828124,1.0692138671875,0.5127516778523449,0.57331949319668
8.84149169921875,7.674503173828124,1.0692138671875,3.3973154362417857,0.864535726858519
1.12460693359375,2.432984619140625,1.0692138671875,0.3812080536912734,0.2829507995767922
1.12460693359375,7.674503173828124,1.6734619140625002,0.5530201342281831,0.630902826197347
8.84149169921875,2.432984619140625,1.6734619140625002,2.8255033557047886,0.7169519856033219
0.81241943359375,2.9893469238281245,9.4223388671875,0.40536912751677634,0.4154948594705212
1.03680419921875,2.9893469238281245,9.4223388671875,0.4335570469798631,0.43740068396741716
0.81241943359375,7.742828369140624,9.4223388671875,0.5610738255033507,0.7708087581541057
0.81241943359375,2.9893469238281245,8.7890869140625,0.40536912751677634,0.4144706791561694
1.03680419921875,7.742828369140624,8.7890869140625,0.6469798657718056,0.7945466671874879
5.80741943359375,7.986846923828124,4.4723388671875,2.5033557046980297,0.9222253364057615
6.03180419921875,7.986846923828124,4.4723388671875,2.5932885906040832,0.9248474990468434
5.80741943359375,2.7453283691406245,4.4723388671875,2.123489932885893,0.7810525606479491
5.80741943359375,7.986846923828124,3.8390869140625004,2.4885906040268866,0.916697580005275
6.03180419921875,2.7453283691406245,3.8390869140625004,2.173154362416102,0.7735547845879995
8.30491943359375,0.490596923828125,6.9473388671875,1.1208053691275017,0.2741972719359247
3.53430419921875,0.490596923828125,6.9473388671875,0.38791946308724645,0.08718294216541658
8.30491943359375,0.24657836914062498,6.9473388671875,0.3946308724832195,0.04574083830557229
8.30491943359375,0.490596923828125,1.3640869140625,0.40805369127516555,0.06971039030491855
3.53430419921875,0.24657836914062498,1.3640869140625,0.36912751677852196,0.040095536236871884
3.30991943359375,5.488096923828125,1.9973388671875,1.28053691275166,0.7417835235034935
8.52930419921875,5.488096923828125,1.9973388671875,3.331543624161239,0.8759761193007525
3.30991943359375,5.244078369140625,1.9973388671875,1.26308724832213,0.731234168778287
3.30991943359375,5.488096923828125,6.3140869140625,1.4563758389261534,0.8474190453255687
8.52930419921875,5.244078369140625,6.3140869140625,3.5221476510069047,0.9268744898393466
4.55866943359375,1.7399719238281248,3.2348388671875004,1.2174496644295134,0.5361205806568818
9.77805419921875,1.7399719238281248,3.2348388671875004,3.222818791946458,0.7479894658611077
4.55866943359375,6.493453369140624,3.2348388671875004,1.9194630872482927,0.8655853051244464
4.55866943359375,1.7399719238281248,7.5515869140625,1.4563758389261534,0.6512687694557506
9.77805419921875,6.493453369140624,7.5515869140625,4.084563758389538,0.950407015382617
9.55366943359375,6.737471923828124,8.1848388671875,4.008053691275433,0.9524555242297822
4.78305419921875,6.737471923828124,8.1848388671875,2.10872483221475,0.9146701180212315
9.55366943359375,1.4959533691406248,8.1848388671875,3.3302013422820442,0.7907006554585645
9.55366943359375,6.737471923828124,2.6015869140625,3.8751677852351447,0.9204782513340608
4.78305419921875,1.4959533691406248,2.6015869140625,1.0778523489932743,0.4479227768105825
7.05616943359375,4.238721923828124,0.7598388671875,2.1999999999999984,0.6803877328164967
7.28055419921875,4.238721923828124,0.7598388671875,2.281879194630883,0.6868086852686637
7.05616943359375,3.9947033691406246,0.7598388671875,2.155704697986569,0.6662526454324389
7.05616943359375,4.238721923828124,0.1265869140625,1.6577181208053444,0.5064885924109344
7.28055419921875,3.9947033691406246,0.1265869140625,1.6778523489932635,0.4985133295022998
2.06116943359375,9.236221923828126,5.7098388671875,1.0577181208053552,0.8669699181418357
2.28555419921875,9.236221923828126,5.7098388671875,1.1476510067113939,0.876406113784258
2.06116943359375,8.992203369140626,5.7098388671875,1.0536912751677714,0.8636185286015315
2.06116943359375,9.236221923828126,5.0765869140625,1.0510067114093822,0.8612939826762063
2.28555419921875,8.992203369140626,5.0765869140625,1.1355704697986424,0.8670409241981588
1.4367944335937501,1.1152844238281248,0.14108886718750002,0.36912751677852196,0.1431883960668433
4.15867919921875,1.1152844238281248,0.14108886718750002,0.38657718120805185,0.1161779294788257
1.4367944335937501,3.370015869140625,0.14108886718750002,0.38657718120805185,0.28575155490648035
1.4367944335937501,1.1152844238281248,6.9328369140624995,0.38523489932885724,0.18273980063788303
4.15867919921875,3.370015869140625,6.9328369140624995,1.6469798657717876,0.8000058672645209
6.43179443359375,6.112784423828124,5.0910888671875,2.704697986577254,0.9126362115429112
9.15367919921875,6.112784423828124,5.0910888671875,3.787919463087481,0.9354691107280624
6.43179443359375,8.367515869140625,5.0910888671875,2.7718120805369955,0.9353782679846425
6.43179443359375,6.112784423828124,1.9828369140625002,2.5449664429530694,0.8579026009738506
9.15367919921875,8.367515869140625,1.9828369140625002,3.7288590604029084,0.9205353765723302
8.92929443359375,3.614034423828125,2.6160888671875,3.363758389261915,0.8486975430609687
1.6611791992187501,3.614034423828125,2.6160888671875,0.5731543624161022,0.5035513817226215
8.92929443359375,5.868765869140624,2.6160888671875,3.583892617449867,0.9047145182353336
8.92929443359375,3.614034423828125,4.4578369140625,3.5006711409397875,0.8838067347734262
1.6611791992187501,5.868765869140624,4.4578369140625,0.7892617449664339,0.7390820492524341
3.9342944335937498,8.611534423828125,7.5660888671875,1.8080536912751404,0.9192867484582441
6.65617919921875,8.611534423828125,7.5660888671875,2.89261744966453,0.9476247271377476
3.9342944335937498,0.871265869140625,7.5660888671875,0.570469798657713,0.2295832138945761
3.9342944335937498,8.611534423828125,9.4078369140625,1.8187919463086972,0.9247878191264576
6.65617919921875,0.871265869140625,9.4078369140625,1.63892617449662,0.5253031427770682
2.68554443359375,4.8634094238281245,6.3285888671874995,1.1771812080536752,0.800216792496661
5.4074291992187495,4.8634094238281245,6.3285888671874995,2.259060402684571,0.884148421435708
2.68554443359375,2.1206408691406247,6.3285888671874995,0.8308724832214667,0.5439564146055111
2.68554443359375,4.8634094238281245,5.6953369140625,1.1664429530201184,0.7926400642904885
5.4074291992187495,2.1206408691406247,5.6953369140625,1.8644295302013139,0.7274744777174892
7.68054443359375,9.860909423828126,1.3785888671875002,3.114093959731677,0.8989813316746635
0.41242919921875004,9.860909423828126,1.3785888671875002,0.3959731543624141,0.6329003485029225
7.68054443359375,7.118140869140625,1.3785888671875002,2.995973154362532,0.8644940800583191
7.68054443359375,9.860909423828126,0.7453369140625,2.923489932886011,0.8430573336261944
0.41242919921875004,7.118140869140625,0.7453369140625,0.3798657718120788,0.5384768449374865
5.18304443359375,2.3646594238281247,8.8035888671875,1.922147651006682,0.7787798545811726
7.90492919921875,2.3646594238281247,8.8035888671875,3.0053691275168957,0.8461852095546112
5.18304443359375,9.616890869140626,8.8035888671875,2.328859060402702,0.9448449249410174
5.18304443359375,2.3646594238281247,3.2203369140625,1.689932885906015,0.681202155077379
7.90492919921875,9.616890869140626,3.2203369140625,3.340939597315603,0.9407440175865363
0.18804443359375,7.362159423828125,3.8535888671875003,0.3771812080536896,0.6306254837955722
2.90992919921875,7.362159423828125,3.8535888671875003,1.3194630872483035,0.8460392969946716
0.18804443359375,4.6193908691406245,3.8535888671875003,0.37181208053691117,0.5006604041692557
0.18804443359375,7.362159423828125,8.1703369140625,0.3812080536912734,0.6543073731448139
2.90992919921875,4.6193908691406245,8.1703369140625,1.273825503355687,0.8167865020468913
0.26609130859375,0.881026611328125,9.3449951171875,0.36644295302013274,0.14555322525218603
9.07563232421875,0.881026611328125,9.3449951171875,2.5973154362416677,0.6427127686237656
0.26609130859375,0.48083618164062497,9.3449951171875,0.36510067114093814,0.08306787333806233
0.26609130859375,0.881026611328125,5.3086181640625,0.36510067114093814,0.1419569056512056
9.07563232421875,0.48083618164062497,5.3086181640625,1.1865771812080375,0.2698668637252516
5.26109130859375,5.878526611328124,4.3949951171874995,2.212080536912752,0.8858801068046755
4.08063232421875,5.878526611328124,4.3949951171874995,1.7436241610737993,0.8604381020994094
5.26109130859375,5.478336181640625,4.3949951171874995,2.1919463087248294,0.8777688785602862
5.26109130859375,5.878526611328124,0.3586181640625,1.5302013422818568,0.6052462901635829
4.08063232421875,5.478336181640625,0.3586181640625,1.1261744966442802,0.5437357688220291
7.75859130859375,3.3797766113281247,6.8699951171875,3.0791946308726112,0.8815098389268714
6.57813232421875,3.3797766113281247,6.8699951171875,2.609395973154421,0.8633526685297627
7.75859130859375,7.977086181640624,6.8699951171875,3.3127516778525115,0.9486051557395085
7.75859130859375,3.3797766113281247,2.8336181640625,2.8885906040269456,0.8260509696537255
6.57813232421875,7.977086181640624,2.8336181640625,2.7557046979866575,0.9116812305604713
2.76359130859375,8.377276611328124,1.9199951171875,1.198657718120789,0.796876167803146
1.58313232421875,8.377276611328124,1.9199951171875,0.7476510067114011,0.7187887879451007
2.76359130859375,2.9795861816406246,1.9199951171875,0.7932885906040177,0.5068488508174833
2.76359130859375,8.377276611328124,7.7836181640625,1.3395973154362226,0.8931270681337293
1.58313232421875,2.9795861816406246,7.7836181640625,0.6053691275167727,0.5540077359271698
4.01234130859375,4.629151611328124,3.1574951171875,1.5865771812080303,0.7924034860770648
0.33438232421875,4.629151611328124,3.1574951171875,0.3771812080536896,0.4925383459458399
4.01234130859375,4.228961181640624,3.1574951171875,1.5489932885905813,0.7732188882902856
4.01234130859375,4.629151611328124,6.5461181640624995,1.6926174496644042,0.8467644952552021
0.33438232421875,4.228961181640624,6.5461181640624995,0.3812080536912734,0.4911690953693996
9.00734130859375,9.626651611328125,8.1074951171875,3.851006711409638,0.9645704889764739
5.3293823242187495,9.626651611328125,8.1074951171875,2.38389261744969,0.9447784202236325
9.00734130859375,9.226461181640625,8.1074951171875,3.842953020134469,0.9630472267833601
9.00734130859375,9.626651611328125,1.5961181640625002,3.6644295302015566,0.917796831199803
5.3293823242187495,9.226461181640625,1.5961181640625002,2.1986577181208036,0.8703763881741245
6.50984130859375,2.1304016113281246,0.6824951171875,1.3812080536912554,0.4481093071741329
2.83188232421875,2.1304016113281246,0.6824951171875,0.44832214765100376,0.2343816610588746
6.50984130859375,6.7277111816406245,0.6824951171875,2.2523489932885967,0.749028088886452
6.50984130859375,2.1304016113281246,4.0711181640625,2.2080536912751674,0.7352285712459338
2.83188232421875,6.7277111816406245,4.0711181640625,1.273825503355687,0.8332431206670775
1.51484130859375,7.127901611328125,5.6324951171875,0.7946308724832123,0.7908079645214
7.82688232421875,7.127901611328125,5.6324951171875,3.3046979865773425,0.9388939164635588
1.51484130859375,1.7302111816406247,5.6324951171875,0.40402684563758173,0.2658371491896575
1.51484130859375,7.127901611328125,9.0211181640625,0.822818791946299,0.8204085770279002
7.82688232421875,1.7302111816406247,9.0211181640625,2.7812080536913593,0.7895669313862748
2.13921630859375,2.755089111328125,1.3012451171875001,0.502013422818788,0.34639926065645105
5.95375732421875,2.755089111328125,1.3012451171875001,1.7221476510066855,0.6144018536270117
2.13921630859375,6.103023681640624,1.3012451171875001,0.7999999999999907,0.6265711093820399
2.13921630859375,2.755089111328125,8.4023681640625,0.7919463087248231,0.6168135454309644
5.95375732421875,6.103023681640624,8.4023681640625,2.555704697986628,0.9218600084657711
7.13421630859375,7.752589111328124,6.2512451171875,3.0536912751679095,0.9415176341608789
0.95875732421875,7.752589111328124,6.2512451171875,0.5999999999999943,0.7626929366018304
7.13421630859375,1.1055236816406249,6.2512451171875,1.9825503355704392,0.605075910064731
7.13421630859375,7.752589111328124,3.4523681640625004,2.9973154362417267,0.923910265107697
0.95875732421875,1.1055236816406249,3.4523681640625004,0.3731543624161058,0.171070811810704
9.63171630859375,0.256339111328125,3.7762451171875,0.3946308724832195,0.044505025068086734
8.45125732421875,0.256339111328125,3.7762451171875,0.38926174496644106,0.04444218270915673
9.63171630859375,3.6042736816406244,3.7762451171875,3.7436241610740515,0.8825834269114163
9.63171630859375,0.256339111328125,0.9773681640625,0.3785234899328842,0.037591798773095264
8.45125732421875,3.6042736816406244,0.9773681640625,2.7167785234900075,0.7174874907827964
4.6367163085937495,5.253839111328125,8.7262451171875,1.9999999999999691,0.8900173839595507
3.45625732421875,5.253839111328125,8.7262451171875,1.5302013422818568,0.8613598763689718
4.6367163085937495,8.601773681640625,8.7262451171875,2.0953020134228018,0.9325141284549585
4.6367163085937495,5.253839111328125,5.9273681640625,1.966442953020104,0.8748812007182453
3.45625732421875,8.601773681640625,5.9273681640625,1.6040268456375602,0.9029789766966034
3.3879663085937497,1.5057141113281247,7.4887451171874995,0.8966442953020024,0.48739962563377315
4.70500732421875,1.5057141113281247,7.4887451171874995,1.39999999999998,0.6069944886169166
3.3879663085937497,9.851148681640625,7.4887451171874995,1.6093959731543386,0.9202695906806186
3.3879663085937497,1.5057141113281247,9.6398681640625,0.942281879194619,0.5166661871876728
4.70500732421875,9.851148681640625,9.6398681640625,2.1449664429530104,0.9432249848231504
8.38296630859375,6.503214111328124,2.5387451171875,3.394630872483396,0.9068781402580632
9.70000732421875,6.503214111328124,2.5387451171875,3.9181208053693792,0.9179076515920076
8.38296630859375,4.853648681640625,2.5387451171875,3.285906040268615,0.8775808904778175
8.38296630859375,6.503214111328124,4.6898681640625,3.487248322147839,0.9319547626218978
9.70000732421875,4.853648681640625,4.6898681640625,3.928859060402938,0.9206369358152862
5.88546630859375,4.004464111328125,9.9637451171875,2.432214765100704,0.8859927606271039
2.2075073242187497,4.004464111328125,9.9637451171875,0.9691275167785112,0.7553183401134271
5.88546630859375,2.3548986816406248,9.9637451171875,2.2161073825503363,0.8067957033383508
5.88546630859375,4.004464111328125,2.2148681640625,2.1664429530201277,0.7873378269825084
2.2075073242187497,2.3548986816406248,2.2148681640625,0.532885906040264,0.36334923255653556
0.89046630859375,9.001964111328125,5.0137451171875,0.5852348993288536,0.7711346807783381
7.20250732421875,9.001964111328125,5.0137451171875,3.08993288590617,0.9447447545769887
0.89046630859375,7.352398681640624,5.0137451171875,0.5516778523489885,0.7198432968454411
0.89046630859375,9.001964111328125,7.1648681640625,0.6026845637583835,0.7970883721160094
7.20250732421875,7.352398681640624,7.1648681640625,3.080536912751806,0.9419094497441826
1.20265380859375,4.316807861328124,5.9418701171874995,0.5610738255033507,0.6112235148021625
2.51969482421875,4.316807861328124,5.9418701171874995,1.068456375838912,0.7590817924458809
1.20265380859375,2.6672424316406245,5.9418701171874995,0.42550335570469544,0.3826301360120443
1.20265380859375,4.316807861328124,4.9992431640624995,0.5476510067114047,0.5920987391086701
2.51969482421875,2.6672424316406245,4.9992431640624995,0.8510067114093858,0.5905628626027815
6.19765380859375,9.314307861328125,0.9918701171875,2.4201342281879503,0.8418102690193972
7.51469482421875,9.314307861328125,0.9918701171875,2.9342281879195697,0.8630360476987499
6.19765380859375,7.664742431640624,0.9918701171875,2.3382550335570658,0.8128664226274342
6.19765380859375,9.314307861328125,9.9492431640625,2.7342281879195403,0.9528639450520099
7.51469482421875,7.664742431640624,9.9492431640625,3.229530201342432,0.9513325678569035
8.69515380859375,1.8180578613281249,8.4168701171875,3.1489932885907423,0.8141077139678103
0.02219482421875,1.8180578613281249,8.4168701171875,0.36375838926174353,0.267553126497344
8.69515380859375,5.165992431640625,8.4168701171875,3.6093959731545686,0.9336735321129568
8.69515380859375,1.8180578613281249,7.4742431640625,3.1234899328860406,0.8073912344721514
0.02219482421875,5.165992431640625,7.4742431640625,0.36510067114093814,0.5445216726035723
3.70015380859375,6.8155578613281245,3.4668701171875003,1.601342281879171,0.8540669409985225
5.01719482421875,6.8155578613281245,3.4668701171875003,2.124832214765088,0.8853243064355527
3.70015380859375,0.168492431640625,3.4668701171875003,0.36912751677852196,0.0292008578168772
3.70015380859375,6.8155578613281245,2.5242431640625003,1.5543624161073597,0.8284083235496567
5.01719482421875,0.168492431640625,2.5242431640625003,0.37046979865771656,0.02867206848725269
4.94890380859375,0.568682861328125,2.2293701171875,0.3919463087248303,0.0880231105297529
6.26594482421875,0.568682861328125,2.2293701171875,0.40939597315436016,0.08808982710322964
4.94890380859375,1.4178674316406248,2.2293701171875,1.017449664429517,0.4067217615214379
4.94890380859375,0.568682861328125,3.7617431640625,0.4026845637583871,0.09564581441838466
6.26594482421875,1.4178674316406248,3.7617431640625,1.7194630872482963,0.5857950602854338
9.94390380859375,5.566182861328125,7.1793701171875,4.112751677852629,0.9424212653141204
1.27094482421875,5.566182861328125,7.1793701171875,0.6644295302013354,0.7263568176798012
9.94390380859375,6.415367431640624,7.1793701171875,4.144966442953305,0.9498201881158304
9.94390380859375,5.566182861328125,8.7117431640625,4.1275167785237725,0.9458543483635837
1.27094482421875,6.415367431640624,8.7117431640625,0.7060402684563682,0.7769814151498313
7.44640380859375,3.0674328613281245,4.7043701171875,2.844295302013516,0.8439889074075096
8.76344482421875,3.0674328613281245,4.7043701171875,3.3677852348994994,0.8646176316909767
7.44640380859375,8.914117431640625,4.7043701171875,3.1812080536914182,0.9445160533817631
7.44640380859375,3.0674328613281245,6.2367431640625,2.8979865771813094,0.8601753411370547
8.76344482421875,8.914117431640625,6.2367431640625,3.724832214765324,0.9567925197735019
2.4514038085937497,8.064932861328126,9.6543701171875,1.218791946308708,0.8862521889687601
3.76844482421875,8.064932861328126,9.6543701171875,1.7436241610737993,0.9174378960106297
2.4514038085937497,3.9166174316406246,9.6543701171875,1.0563758389261606,0.7658660334938021
2.4514038085937497,8.064932861328126,1.2867431640625002,0.9973154362415979,0.7192827135752744
3.76844482421875,3.9166174316406246,1.2867431640625002,1.174496644295286,0.608550616436309
1.82702880859375,2.4427453613281247,4.0856201171875,0.5315436241610694,0.4155364372148355
1.8953198242187501,2.4427453613281247,4.0856201171875,0.5543624161073777,0.4290442564779287
1.82702880859375,8.289429931640624,4.0856201171875,0.9221476510066999,0.8172847148405832
1.82702880859375,2.4427453613281247,1.9054931640625001,0.4335570469798631,0.30703075625693504
1.8953198242187501,8.289429931640624,1.9054931640625001,0.860402684563748,0.7405132361560567
6.82202880859375,7.440245361328125,9.0356201171875,2.9436241610739335,0.9439184697607204
6.89031982421875,7.440245361328125,9.0356201171875,2.971812080537025,0.9446821332564348
6.82202880859375,3.2919299316406248,9.0356201171875,2.728859060402761,0.874890567567314
6.82202880859375,7.440245361328125,6.8554931640625,2.9275167785235956,0.9386854434321741
6.89031982421875,3.2919299316406248,6.8554931640625,2.722147651006787,0.8650222084535792
9.31952880859375,4.9414953613281245,1.6106201171875,3.519463087248515,0.8541765545533884
4.3928198242187495,4.9414953613281245,1.6106201171875,1.594630872483198,0.7383271231196973
9.31952880859375,0.793179931640625,1.6106201171875,1.4120805369127314,0.32566638759607675
9.31952880859375,4.9414953613281245,9.3304931640625,3.8550335570472223,0.936877906486662
4.3928198242187495,0.793179931640625,9.3304931640625,0.6644295302013354,0.2570062658051581
4.32452880859375,9.938995361328125,6.5606201171875,1.9771812080536608,0.9315376617278908
9.38781982421875,9.938995361328125,6.5606201171875,3.9932885906042896,0.9640838953702773
4.32452880859375,5.790679931640624,6.5606201171875,1.8765100671140653,0.8839521435641113
4.32452880859375,9.938995361328125,4.3804931640625,1.9516778523489633,0.9193638283781025
9.38781982421875,5.790679931640624,4.3804931640625,3.848322147651248,0.9288974520622193
3.07577880859375,3.692120361328125,7.7981201171875,1.2657718120805193,0.7776302793480637
8.13906982421875,3.692120361328125,7.7981201171875,3.2791946308726407,0.8997973339044449
3.07577880859375,7.040054931640625,7.7981201171875,1.433557046979845,0.8824605530792888
3.07577880859375,3.692120361328125,0.6679931640625,0.7637583892617363,0.4457704727711239
8.13906982421875,7.040054931640625,0.6679931640625,2.8805369127517766,0.788094083196424
8.070778808593749,8.689620361328124,2.8481201171875004,3.3691275167786943,0.9312629987799536
3.1440698242187497,8.689620361328124,2.8481201171875004,1.4147651006711206,0.8557805990276102
8.070778808593749,2.0425549316406246,2.8481201171875004,2.6456375838926816,0.7290288146510258
8.070778808593749,8.689620361328124,5.6179931640625,3.4389261744968254,0.9507789151740241
3.1440698242187497,2.0425549316406246,5.6179931640625,0.9583892617449543,0.5640529416835391
5.5732788085937495,1.1933703613281248,5.3231201171875,1.4120805369127314,0.5261546443304471
5.64156982421875,1.1933703613281248,5.3231201171875,1.437583892617429,0.5307149685855265
5.5732788085937495,4.541304931640624,5.3231201171875,2.283221476510078,0.8709099897160044
5.5732788085937495,1.1933703613281248,8.0929931640625,1.5436241610738028,0.5797794491708907
5.64156982421875,4.541304931640624,8.0929931640625,2.3557046979865985,0.8895754424866247
0.57827880859375,6.190870361328124,0.37312011718750004,0.3812080536912734,0.46930010406843264
0.64656982421875,6.190870361328124,0.37312011718750004,0.38389261744966263,0.46066128497866626
0.57827880859375,9.538804931640625,0.37312011718750004,0.3946308724832195,0.5453699216405643
0.57827880859375,6.190870361328124,3.1429931640625,0.40805369127516555,0.5703358821729446
0.64656982421875,9.538804931640625,3.1429931640625,0.4778523489932851,0.7078194085221687
0.42218505859375,3.2236047363281246,3.6215576171875004,0.3771812080536896,0.3987310348916846
3.92453857421875,3.2236047363281246,3.6215576171875004,1.420134228187899,0.7198927660401058
0.42218505859375,1.5740393066406249,3.6215576171875004,0.36912751677852196,0.23148802228776225
0.42218505859375,3.2236047363281246,4.2258056640624995,0.3771812080536896,0.401330043520699
3.92453857421875,1.5740393066406249,4.2258056640624995,0.9892617449664303,0.4830529222655665
5.41718505859375,8.221104736328126,8.5715576171875,2.398657718120833,0.9376069492468547
8.91953857421875,8.221104736328126,8.5715576171875,3.79328859060426,0.9590722591526443
5.41718505859375,6.5715393066406245,8.5715576171875,2.358389261744988,0.9218647703286003
5.41718505859375,8.221104736328126,9.1758056640625,2.4013422818792227,0.9386869049922848
8.91953857421875,6.5715393066406245,9.1758056640625,3.7583892617451946,0.9502424069879427
7.91468505859375,0.7248547363281249,1.1465576171875,0.6805369127516707,0.16087120546346445
1.4270385742187501,0.7248547363281249,1.1465576171875,0.36912751677852196,0.10934903080799732
7.91468505859375,9.070289306640625,1.1465576171875,3.127516778523625,0.8788415266892811
7.91468505859375,0.7248547363281249,6.7008056640625,1.714093959731518,0.4688299388667646
1.4270385742187501,9.070289306640625,6.7008056640625,0.8120805369127422,0.8393783289767296
2.9196850585937497,5.722354736328125,6.0965576171875,1.3087248322147467,0.837233847471029
6.42203857421875,5.722354736328125,6.0965576171875,2.7020134228188644,0.9129953503081728
2.9196850585937497,4.072789306640624,6.0965576171875,1.2107382550335404,0.7730989023144887
2.9196850585937497,5.722354736328125,1.7508056640625,1.1181208053691125,0.7104272320927196
6.42203857421875,4.072789306640624,1.7508056640625,2.303355704698,0.7762134439500399
4.16843505859375,1.9742297363281247,9.8090576171875,1.433557046979845,0.691595539692651
5.17328857421875,1.9742297363281247,9.8090576171875,1.8308724832214487,0.7421549445806936
4.16843505859375,2.8234143066406245,9.8090576171875,1.6187919463087008,0.7847245860346181
4.16843505859375,1.9742297363281247,2.9883056640625,1.1489932885905885,0.5442333179698833
5.17328857421875,2.8234143066406245,2.9883056640625,1.7798657718120536,0.7200300382988631
9.16343505859375,6.9717297363281245,4.8590576171875,3.817449664429767,0.941879809988394
0.17828857421875002,6.9717297363281245,4.8590576171875,0.375838926174495,0.6214172685910148
9.16343505859375,7.820914306640624,4.8590576171875,3.841610738255274,0.9478648763152229
9.16343505859375,6.9717297363281245,7.9383056640625,3.857718120805612,0.9519264408735805
0.17828857421875002,7.820914306640624,7.9383056640625,0.3812080536912734,0.6696871813801438
6.66593505859375,4.472979736328124,7.3340576171875,2.750335570469878,0.8997339683026508
7.67078857421875,4.472979736328124,7.3340576171875,3.150335570469937,0.9111389258793556
6.66593505859375,5.322164306640625,7.3340576171875,2.797315436241697,0.9151733657454859
6.66593505859375,4.472979736328124,5.4633056640625,2.7167785234900075,0.8886008644658956
7.67078857421875,5.322164306640625,5.4633056640625,3.1691275167786648,0.9165066555240251
1.6709350585937501,9.470479736328125,2.3840576171875,0.8335570469798559,0.7798478320628403
2.6757885742187497,9.470479736328125,2.3840576171875,1.2268456375838757,0.8362501835304119
1.6709350585937501,0.32466430664062496,2.3840576171875,0.36778523489932735,0.054258177809337726
1.6709350585937501,9.470479736328125,0.5133056640625,0.6483221476510002,0.5888183622133722
2.6757885742187497,0.32466430664062496,0.5133056640625,0.36644295302013274,0.049692773678740296
2.29531005859375,0.10016723632812499,6.7153076171874995,0.36644295302013274,0.017984708466341058
0.80266357421875,0.10016723632812499,6.7153076171874995,0.36375838926174353,0.017834347877182515
2.29531005859375,7.196226806640625,6.7153076171874995,1.1181208053691125,0.8511703336440832
2.29531005859375,0.10016723632812499,2.3695556640625,0.36510067114093814,0.017239468410479977
0.80266357421875,7.196226806640625,2.3695556640625,0.46845637583892286,0.6158738864838564
7.29031005859375,5.097667236328125,1.7653076171875002,2.769127516778606,0.8364526679440176
5.79766357421875,5.097667236328125,1.7653076171875002,2.1825503355704656,0.8035715623002566
7.29031005859375,2.1987268066406247,1.7653076171875002,2.1691275167785173,0.6513763956065729
7.29031005859375,5.097667236328125,7.3195556640624995,3.034899328859182,0.9180879498373583
5.79766357421875,2.1987268066406247,7.3195556640624995,2.093959731543607,0.7714840362457508
9.78781005859375,2.5989172363281248,9.1903076171875,3.809395973154598,0.8854797078228295
3.30016357421875,2.5989172363281248,9.1903076171875,1.2295302013422649,0.7134598406648722
9.78781005859375,4.6974768066406245,9.1903076171875,4.02684563758416,0.9361389911067095
9.78781005859375,2.5989172363281248,9.7945556640625,3.817449664429767,0.8873825918594176
3.30016357421875,4.6974768066406245,9.7945556640625,1.4469798657717912,0.8440501815043377
4.79281005859375,7.596417236328124,4.2403076171875,2.084563758389243,0.9024234607415411
8.29516357421875,7.596417236328124,4.2403076171875,3.4765100671142806,0.9378761871473883
4.79281005859375,9.694976806640625,4.2403076171875,2.131543624161062,0.9228594054222197
4.79281005859375,7.596417236328124,4.8445556640625,2.0979865771811914,0.908288289135911
8.29516357421875,9.694976806640625,4.8445556640625,3.534228187919658,0.9535362181255255
3.54406005859375,3.8482922363281244,0.5278076171875,0.8684563758389157,0.459388932229186
9.54391357421875,3.8482922363281244,0.5278076171875,2.8201342281880093,0.6663805484447223
3.54406005859375,8.445601806640624,0.5278076171875,1.218791946308708,0.6656820080615786
3.54406005859375,3.8482922363281244,1.1320556640625001,1.0510067114093822,0.5679336361960637
9.54391357421875,8.445601806640624,1.1320556640625001,3.7355704697988825,0.8875690837164512
8.53906005859375,8.845792236328125,5.4778076171875,3.6255033557049066,0.9531593122986939
4.54891357421875,8.845792236328125,5.4778076171875,2.038926174496619,0.9216375272171067
8.53906005859375,3.448101806640625,5.4778076171875,3.363758389261915,0.8840683263801754
8.53906005859375,8.845792236328125,6.0820556640625,3.6335570469800755,0.9552836966189591
4.54891357421875,3.448101806640625,6.0820556640625,1.7932885906039997,0.8098814033961879
6.04156005859375,1.3495422363281249,3.0028076171875,1.4791946308724617,0.5149578893546312
7.04641357421875,1.3495422363281249,3.0028076171875,1.8496644295301732,0.5686161812561727
6.04156005859375,0.9493518066406249,3.0028076171875,1.0496644295301876,0.3488071313970505
6.04156005859375,1.3495422363281249,8.5570556640625,1.8590604026845354,0.657729535650368
7.04641357421875,0.9493518066406249,8.5570556640625,1.8724832214764815,0.5757617957199545
1.04656005859375,6.347042236328124,7.9528076171875,0.6107382550335512,0.741119610987223
2.05141357421875,6.347042236328124,7.9528076171875,1.0067114093959602,0.8273931804545487
1.04656005859375,5.946851806640624,7.9528076171875,0.5986577181207997,0.723780099820963
1.04656005859375,6.347042236328124,3.6070556640625,0.5570469798657669,0.6639122418614678
2.05141357421875,5.946851806640624,3.6070556640625,0.9208053691275053,0.7534837314847183
0.7343725585937501,1.6618859863281248,1.4559326171875002,0.37046979865771656,0.22699554014229034
7.98297607421875,1.6618859863281248,1.4559326171875002,2.0026845637583586,0.551307409308147
0.7343725585937501,3.7604455566406245,1.4559326171875002,0.38389261744966263,0.39687461832888365
0.7343725585937501,1.6618859863281248,5.7726806640624995,0.3785234899328842,0.25082290649082334
7.98297607421875,3.7604455566406245,5.7726806640624995,3.1852348993290027,0.8890554365830279
5.72937255859375,6.659385986328124,6.4059326171875,2.4657718120805745,0.9190075763578542
2.98797607421875,6.659385986328124,6.4059326171875,1.3744966442952824,0.8645586150074411
5.72937255859375,8.757945556640625,6.4059326171875,2.516778523489978,0.9380633513863549
5.72937255859375,6.659385986328124,0.8226806640625,2.0255033557046707,0.7517678684551368
2.98797607421875,8.757945556640625,0.8226806640625,1.130201342281864,0.7050648258334726
8.22687255859375,4.160635986328124,3.9309326171875,3.2577181208055235,0.8850401681581903
5.48547607421875,4.160635986328124,3.9309326171875,2.1691275167785173,0.8381544671093655
8.22687255859375,6.259195556640624,3.9309326171875,3.393288590604201,0.9221065444921488
8.22687255859375,4.160635986328124,3.2976806640625003,3.2201342281880683,0.8746819492930444
5.48547607421875,6.259195556640624,3.2976806640625003,2.2791946308724933,0.8809945899180673
3.23187255859375,9.158135986328125,8.8809326171875,1.5449664429529975,0.9160681369761667
0.49047607421875,9.158135986328125,8.8809326171875,0.4590604026845606,0.7561464095119996
3.23187255859375,1.2616955566406247,8.8809326171875,0.727516778523482,0.38847429981593185
3.23187255859375,9.158135986328125,8.2476806640625,1.5422818791946082,0.9144329771985407
0.49047607421875,1.2616955566406247,8.2476806640625,0.37181208053691117,0.200850914720946
4.48062255859375,2.9112609863281245,5.1684326171874995,1.6617449664429282,0.758707884279576
1.73922607421875,2.9112609863281245,5.1684326171874995,0.608053691275162,0.5212736717168498
4.48062255859375,0.012320556640625,5.1684326171874995,0.36375838926174353,0.002200556294605678
4.48062255859375,2.9112609863281245,7.0101806640625,1.7127516778523233,0.7828000724100628
1.73922607421875,0.012320556640625,7.0101806640625,0.36375838926174353,0.0022253674585030548
9.47562255859375,7.908760986328124,0.2184326171875,2.9825503355705836,0.7104183692040024
6.73422607421875,7.908760986328124,0.2184326171875,2.0577181208053466,0.6620495555086925
9.47562255859375,5.009820556640625,0.2184326171875,2.6442953020134867,0.6279076611678064
9.47562255859375,7.908760986328124,2.0601806640625,3.8469798657720533,0.9205197830323588
6.73422607421875,5.009820556640625,2.0601806640625,2.5892617449664987,0.8385052163708417
6.97812255859375,0.412510986328125,7.6434326171875,0.42953020134227926,0.08172666750982256
4.23672607421875,0.412510986328125,7.6434326171875,0.38926174496644106,0.07473392207864826
6.97812255859375,7.508570556640624,7.6434326171875,2.9986577181209215,0.9426962234139988
6.97812255859375,0.412510986328125,4.5351806640625,0.40939597315436016,0.0731817780756857
4.23672607421875,7.508570556640624,4.5351806640625,1.8684563758388977,0.8947858925241627
1.98312255859375,5.410010986328125,2.6934326171875003,0.8268456375838829,0.6871215606545216
9.23172607421875,5.410010986328125,2.6934326171875003,3.6805369127518945,0.901626360432068
1.98312255859375,2.511070556640625,2.6934326171875003,0.5302013422818748,0.3919425424220181
1.98312255859375,5.410010986328125,9.4851806640625,0.9557046979865651,0.8029114685122909
9.23172607421875,2.511070556640625,9.4851806640625,3.574496644295503,0.8760474842909245
1.35874755859375,4.785323486328124,8.2621826171875,0.6724832214765031,0.7054756556314328
7.3586010742187495,4.785323486328124,8.2621826171875,3.056375838926299,0.9170405511437469
1.35874755859375,9.382633056640625,8.2621826171875,0.7999999999999907,0.8511992183369411
1.35874755859375,4.785323486328124,7.6289306640625,0.6671140939597247,0.698961966331655
7.3586010742187495,9.382633056640625,7.6289306640625,3.1852348993290027,0.9557785767895401
6.35374755859375,9.782823486328125,3.3121826171875,2.7302013422819558,0.9309912061839054
2.36360107421875,9.782823486328125,3.3121826171875,1.1463087248321993,0.8545120064996977
6.35374755859375,4.385133056640624,3.3121826171875,2.50067114093964,0.8521624341663379
6.35374755859375,9.782823486328125,2.6789306640625004,2.706040268456449,0.92263023433631
2.36360107421875,4.385133056640624,2.6789306640625004,0.8953020134228078,0.658539599041205
8.85124755859375,2.2865734863281246,5.7871826171875,3.2832214765102252,0.8352956627008485
9.85610107421875,2.2865734863281246,5.7871826171875,3.6818791946310894,0.8501047912122888
8.85124755859375,1.8863830566406248,5.7871826171875,3.1489932885907423,0.8008554359945768
8.85124755859375,2.2865734863281246,0.2039306640625,1.6993288590603772,0.4216344749952558
9.85610107421875,1.8863830566406248,0.2039306640625,1.7463087248321885,0.39228044656150707
3.8562475585937497,7.284073486328125,0.8371826171875,1.3798657718120608,0.7077358138057279
4.86110107421875,7.284073486328125,0.8371826171875,1.7503355704697723,0.7455655965924766
3.8562475585937497,6.883883056640625,0.8371826171875,1.355704697986558,0.6948188770385072
3.8562475585937497,7.284073486328125,5.1539306640625,1.7221476510066855,0.8894179659739258
4.86110107421875,6.883883056640625,5.1539306640625,2.10872483221475,0.9023198407798821
2.60749755859375,1.0371984863281247,4.5496826171875,0.4026845637583871,0.16861884687424505
3.6123510742187497,1.0371984863281247,4.5496826171875,0.526174496644291,0.22433449794762803
2.60749755859375,5.634508056640624,4.5496826171875,1.1516778523489777,0.799584878194273
2.60749755859375,1.0371984863281247,8.8664306640625,0.420134228187917,0.18723886469318574
3.6123510742187497,5.634508056640624,8.8664306640625,1.6093959731543386,0.8753541846119577
7.6024975585937495,6.034698486328124,9.4996826171875,3.2187919463088734,0.9384503636175756
8.60735107421875,6.034698486328124,9.4996826171875,3.6187919463089324,0.9446934417683437
7.6024975585937495,0.637008056640625,9.4996826171875,1.5234899328858837,0.4267074973806323
7.6024975585937495,6.034698486328124,3.9164306640625,3.135570469798794,0.913879871572757
8.60735107421875,0.637008056640625,3.9164306640625,1.4228187919462882,0.3519508025733244
5.10499755859375,3.5359484863281248,2.0746826171875,1.7704697986576914,0.7240557528064051
1.11485107421875,3.5359484863281248,2.0746826171875,0.41073825503355477,0.3924931255512281
5.10499755859375,3.1357580566406247,2.0746826171875,1.696644295301988,0.6927909571512866
5.10499755859375,3.5359484863281248,1.4414306640625,1.6375838926174253,0.6674463596093432
1.11485107421875,3.1357580566406247,1.4414306640625,0.3932885906040249,0.3435748960234432
0.10999755859375,8.533448486328124,7.0246826171875,0.3744966442953004,0.6860258875304284
6.10985107421875,8.533448486328124,7.0246826171875,2.6697986577181885,0.9418388581461234
0.10999755859375,8.133258056640624,7.0246826171875,0.3744966442953004,0.6747965967878463
0.10999755859375,8.533448486328124,6.3914306640625,0.3744966442953004,0.6842818252806235
6.10985107421875,8.133258056640624,6.3914306640625,2.6550335570470454,0.9366225934536456
0.14902099609375002,1.4666711425781247,4.6656982421875,0.36510067114093814,0.22021892279535088
0.60754638671875,1.4666711425781247,4.6656982421875,0.3731543624161058,0.22235041437517886
0.14902099609375002,3.0186291503906246,4.6656982421875,0.36778523489932735,0.3849894793757853
0.14902099609375002,1.4666711425781247,3.5683837890625,0.36510067114093814,0.21829549897506287
0.60754638671875,3.0186291503906246,3.5683837890625,0.382550335570468,0.3799234696740485
5.14402099609375,6.464171142578125,9.6156982421875,2.2536912751677916,0.9201327198313112
5.60254638671875,6.464171142578125,9.6156982421875,2.4362416107382883,0.9255594484950327
5.14402099609375,8.016129150390626,9.6156982421875,2.2912751677852468,0.9354955454713607
5.14402099609375,6.464171142578125,8.5183837890625,2.2469798657718174,0.9173512004579993
5.60254638671875,8.016129150390626,8.5183837890625,2.4671140939597693,0.9373050324014727
7.64152099609375,3.9654211425781245,2.1906982421875,2.8483221476511007,0.8253879796221786
3.1050463867187497,3.9654211425781245,2.1906982421875,1.0872483221476366,0.6567631570378503
7.64152099609375,5.517379150390624,2.1906982421875,3.0080536912752853,0.8722093795857915
7.64152099609375,3.9654211425781245,6.0433837890625,3.0765100671142216,0.8926711634947814
3.1050463867187497,5.517379150390624,6.0433837890625,1.3731543624160878,0.8387406785723612
2.64652099609375,8.962921142578125,7.1406982421875,1.2993288590603844,0.8940858165045493
8.10004638671875,8.962921142578125,7.1406982421875,3.4697986577183064,0.9563020566854662
2.64652099609375,0.5198791503906249,7.1406982421875,0.382550335570468,0.09156795707121416
2.64652099609375,8.962921142578125,1.0933837890625,1.0697986577181067,0.7310512625287304
8.10004638671875,0.5198791503906249,1.0933837890625,0.40402684563758173,0.070381749107764
3.8952709960937497,2.716046142578125,8.3781982421875,1.4738255033556833,0.7533795253846247
9.34879638671875,2.716046142578125,8.3781982421875,3.6429530201344393,0.8826857611837764
3.8952709960937497,1.7692541503906247,8.3781982421875,1.2295302013422649,0.6210381316649447
3.8952709960937497,2.716046142578125,4.8058837890624995,1.3812080536912554,0.7038051724183845
9.34879638671875,1.7692541503906247,4.8058837890624995,3.236241610738406,0.783136208534601
8.89027099609375,7.713546142578124,3.4281982421875004,3.692617449664648,0.9361334833499286
4.3537963867187495,7.713546142578124,3.4281982421875004,1.8899328859060114,0.8851133476271793
8.89027099609375,6.766754150390624,3.4281982421875004,3.6590604026847773,0.9275919126835305
8.89027099609375,7.713546142578124,9.7558837890625,3.778523489933117,0.9581703595823043
4.3537963867187495,6.766754150390624,9.7558837890625,1.9476510067113795,0.9126515059311109
6.39277099609375,0.217296142578125,5.9031982421875,0.3812080536912734,0.039142107942514916
6.85129638671875,0.217296142578125,5.9031982421875,0.382550335570468,0.03919011132390131
6.39277099609375,9.265504150390624,5.9031982421875,2.783892617449749,0.9444835757719705
6.39277099609375,0.217296142578125,7.2808837890625,0.382550335570468,0.039745855156027736
6.85129638671875,9.265504150390624,7.2808837890625,2.978523489932999,0.9515264516393117
1.39777099609375,5.214796142578124,0.9531982421875,0.49127516778523117,0.4672369505769291
1.85629638671875,5.214796142578124,0.9531982421875,0.6120805369127458,0.5088382426554371
1.39777099609375,4.268004150390625,0.9531982421875,0.4416107382550307,0.39751555311990455
1.39777099609375,5.214796142578124,2.3308837890625003,0.5865771812080482,0.5887206359765791
1.85629638671875,4.268004150390625,2.3308837890625003,0.6791946308724761,0.5755133929734004
2.02214599609375,4.590108642578125,5.2844482421875,0.8791946308724725,0.7248441472740155
4.97817138671875,4.590108642578125,5.2844482421875,2.0496644295301776,0.8596052311943188
2.02214599609375,8.640816650390626,5.2844482421875,1.0268456375838793,0.8522844315396713
2.02214599609375,4.590108642578125,0.4746337890625,0.539597315436237,0.4062258280987492
4.97817138671875,8.640816650390626,0.4746337890625,1.7006711409395718,0.7089681756273946
7.01714599609375,9.587608642578125,0.3344482421875,2.3718120805369365,0.7385447413380343
9.97317138671875,9.587608642578125,0.3344482421875,3.441610738255215,0.7840981198925372
7.01714599609375,3.6433166503906245,0.3344482421875,1.7422818791946046,0.5363763738177578
7.01714599609375,9.587608642578125,5.4246337890625,3.0322147651007922,0.9485692833863646
9.97317138671875,3.6433166503906245,5.4246337890625,3.9557046979868344,0.9038127449324755
9.51464599609375,2.0913586425781245,7.7594482421875,3.551677852349191,0.846824554583834
2.48067138671875,2.0913586425781245,7.7594482421875,0.7771812080536824,0.5348393286501274
9.51464599609375,1.1445666503906249,7.7594482421875,3.034899328859182,0.7221836331160939
9.51464599609375,2.0913586425781245,7.8996337890625,3.5557046979867755,0.8477890563773789
2.48067138671875,1.1445666503906249,7.8996337890625,0.4228187919463062,0.20264892585546956
4.51964599609375,7.088858642578124,2.8094482421875,1.9073825503355413,0.8661403329530075
7.47567138671875,7.088858642578124,2.8094482421875,3.0791946308726112,0.9107693004651709
4.51964599609375,6.142066650390625,2.8094482421875,1.8644295302013139,0.8464246350731491
4.51964599609375,7.088858642578124,2.9496337890625,1.9140939597315143,0.869268904075142
7.47567138671875,6.142066650390625,2.9496337890625,3.0456375838927405,0.900774058219544
3.27089599609375,0.841983642578125,1.5719482421875002,0.38657718120805185,0.12098515295014245
6.22692138671875,0.841983642578125,1.5719482421875002,0.6362416107382487,0.18377716428703125
3.27089599609375,7.391441650390624,1.5719482421875002,1.3194630872483035,0.7721902611322693
3.27089599609375,0.841983642578125,1.7121337890625001,0.38791946308724645,0.12244767574483131
6.22692138671875,7.391441650390624,1.7121337890625001,2.4979865771812504,0.8659615688161453
8.26589599609375,5.8394836425781245,6.5219482421874995,3.4469798657719943,0.9329308764237789
1.23192138671875,5.8394836425781245,6.5219482421874995,0.6536912751677786,0.7269169335970109
8.26589599609375,2.393941650390625,6.5219482421874995,3.103355704698118,0.8395386142196194
8.26589599609375,5.8394836425781245,6.6621337890625,3.449664429530384,0.9336483329500114
1.23192138671875,2.393941650390625,6.6621337890625,0.4174496644295278,0.3532467720819099
5.76839599609375,3.3407336425781247,4.0469482421875,2.1892617449664398,0.8102600088157941
8.72442138671875,3.3407336425781247,4.0469482421875,3.36241610738272,0.8666241509973929
5.76839599609375,4.892691650390624,4.0469482421875,2.3463087248322347,0.8690044269929575
5.76839599609375,3.3407336425781247,9.1371337890625,2.3154362416107537,0.8579175622544277
8.72442138671875,4.892691650390624,9.1371337890625,3.613422818792153,0.9319166190076733
0.77339599609375,8.338233642578125,8.9969482421875,0.5557046979865723,0.7810781514798268
3.72942138671875,8.338233642578125,8.9969482421875,1.7302013422818532,0.9178732059249244
0.77339599609375,9.890191650390625,8.9969482421875,0.577181208053686,0.815080639573315
0.77339599609375,8.338233642578125,4.1871337890625,0.5194630872483179,0.7204078474987801
3.72942138671875,9.890191650390625,4.1871337890625,1.7114093959731287,0.9076201354553814
1.08558349609375,3.653077392578125,0.6438232421875,0.38791946308724645,0.3441767014618867
6.53910888671875,3.653077392578125,0.6438232421875,1.8322147651006433,0.6026565986405945
1.08558349609375,0.20753540039062499,0.6438232421875,0.36375838926174353,0.033741610299097495
1.08558349609375,3.653077392578125,6.3527587890624995,0.4778523489932851,0.5160003650613814
6.53910888671875,0.20753540039062499,6.3527587890624995,0.3812080536912734,0.03760984845978166
6.08058349609375,8.650577392578125,5.5938232421875,2.6456375838926816,0.937120299552893
1.54410888671875,8.650577392578125,5.5938232421875,0.8416107382550235,0.8294023881680515
6.08058349609375,5.205035400390624,5.5938232421875,2.532885906040316,0.8970345342694124
6.08058349609375,8.650577392578125,1.4027587890625002,2.4442953020134572,0.8647774739420878
1.54410888671875,5.205035400390624,1.4027587890625002,0.570469798657713,0.5314416356217095
8.57808349609375,1.1543273925781248,3.1188232421875,2.2469798657718174,0.5818726677009596
9.03660888671875,1.1543273925781248,3.1188232421875,2.4201342281879503,0.599066579338896
8.57808349609375,7.7037854003906245,3.1188232421875,3.5557046979867755,0.9307586902582112
8.57808349609375,1.1543273925781248,3.8777587890625003,2.374496644295326,0.6166069947424648
9.03660888671875,7.7037854003906245,3.8777587890625003,3.7651006711411688,0.9406465995056574
3.58308349609375,6.151827392578125,8.0688232421875,1.6107382550335332,0.8816815070302852
4.04160888671875,6.151827392578125,8.0688232421875,1.7932885906039997,0.8922965504661444
3.58308349609375,2.7062854003906245,8.0688232421875,1.3436241610738064,0.7326968584954507
3.58308349609375,6.151827392578125,8.8277587890625,1.6161073825503116,0.8846747307781371
4.04160888671875,2.7062854003906245,8.8277587890625,1.5369127516778298,0.7631831122349864
4.83183349609375,2.4037023925781247,6.8313232421875,1.7503355704697723,0.751083455001992
2.79285888671875,2.4037023925781247,6.8313232421875,0.9516778523489813,0.6172836538024677
4.83183349609375,3.9556604003906246,6.8313232421875,1.9718120805368824,0.8477994291482778
4.83183349609375,2.4037023925781247,5.1152587890625,1.6926174496644042,0.7253216978873109
2.79285888671875,3.9556604003906246,5.1152587890625,1.1275167785234748,0.7426913978739278
9.82683349609375,7.401202392578124,1.8813232421875001,3.944966442953276,0.9132411142457222
7.78785888671875,7.401202392578124,1.8813232421875001,3.1382550335571837,0.8949508955749528
9.82683349609375,8.953160400390624,1.8813232421875001,4.004026845637848,0.9270289847747508
9.82683349609375,7.401202392578124,0.16525878906250002,2.9744966442954146,0.685006426291576
7.78785888671875,8.953160400390624,0.16525878906250002,2.413422818791976,0.6843889563834289
7.32933349609375,4.902452392578125,9.3063232421875,3.0604026845638836,0.9215167368238268
0.29535888671875,4.902452392578125,9.3063232421875,0.38389261744966263,0.5445139433745543
7.32933349609375,6.454410400390624,9.3063232421875,3.1221476510068458,0.9401415021091863
7.32933349609375,4.902452392578125,2.6402587890625,2.8818791946309714,0.8670128656144955
0.29535888671875,6.454410400390624,2.6402587890625,0.3798657718120788,0.577517805133446
2.3343334960937496,9.899952392578125,4.3563232421875,1.1597315436241453,0.8725048555511492
5.29035888671875,9.899952392578125,4.3563232421875,2.335570469798676,0.9311894929152904
2.3343334960937496,1.4569104003906248,4.3563232421875,0.43087248322147387,0.2351706433024324
2.3343334960937496,9.899952392578125,7.5902587890625,1.1919463087248159,0.8971369587524788
5.29035888671875,1.4569104003906248,7.5902587890625,1.6040268456375602,0.6333642382470582
1.70995849609375,0.5296398925781249,9.9250732421875,0.3771812080536896,0.0938540047733077
8.41223388671875,0.5296398925781249,9.9250732421875,1.4939597315436024,0.3783049629642905
1.70995849609375,5.829722900390625,9.9250732421875,0.867114093959721,0.8017263577740763
1.70995849609375,0.5296398925781249,9.4465087890625,0.3771812080536896,0.09370602360295881
8.41223388671875,5.829722900390625,9.4465087890625,3.5328859060404634,0.9413988235867952
6.70495849609375,5.527139892578124,4.9750732421874995,2.783892617449749,0.9060087734468214
3.41723388671875,5.527139892578124,4.9750732421874995,1.4778523489932671,0.8387336744629319
6.70495849609375,0.832222900390625,4.9750732421874995,1.3422818791946118,0.4181305122928843
6.70495849609375,5.527139892578124,4.4965087890625,2.7718120805369955,0.9020103494057364
3.41723388671875,0.832222900390625,4.4965087890625,0.40805369127516555,0.1399430973123316
9.20245849609375,3.0283898925781245,7.4500732421875,3.6187919463089324,0.8893793671783585
5.91473388671875,3.0283898925781245,7.4500732421875,2.3100671140939744,0.8375591006275588
9.20245849609375,3.3309729003906248,7.4500732421875,3.6590604026847773,0.8993074423617908
9.20245849609375,3.0283898925781245,2.0215087890625,3.253691275167939,0.7981729290631702
5.91473388671875,3.3309729003906248,2.0215087890625,2.037583892617424,0.73617629612643
4.20745849609375,8.025889892578125,2.5000732421875003,1.7986577181207781,0.8657076491668687
0.91973388671875,8.025889892578125,2.5000732421875003,0.5288590604026802,0.6714417372440014
4.20745849609375,8.328472900390626,2.5000732421875003,1.8080536912751404,0.8702826465552065
4.20745849609375,8.025889892578125,6.9715087890625,1.9006711409395682,0.9156163567380027
0.91973388671875,8.328472900390626,6.9715087890625,0.6013422818791889,0.7819341327739782
2.9587084960937498,4.277764892578125,3.7375732421875,1.1731543624160914,0.7401605078717388
2.1684838867187497,4.277764892578125,3.7375732421875,0.8684563758389157,0.6794383640126613
2.9587084960937498,9.577847900390625,3.7375732421875,1.389261744966423,0.8801743061557801
2.9587084960937498,4.277764892578125,8.2090087890625,1.2711409395972977,0.8047990190267322
2.1684838867187497,9.577847900390625,8.2090087890625,1.1248322147650855,0.8910029528313808
7.95370849609375,9.275264892578125,8.6875732421875,3.426845637584072,0.9599269982441101
7.16348388671875,9.275264892578125,8.6875732421875,3.112751677852482,0.9563648443715327
7.95370849609375,4.580347900390625,8.6875732421875,3.28456375838942,0.9200165595916732
7.95370849609375,9.275264892578125,3.2590087890625004,3.354362416107551,0.9393744277355538
7.16348388671875,4.580347900390625,3.2590087890625004,2.8362416107383472,0.8707615047776123
5.45620849609375,1.7790148925781248,1.2625732421875002,1.154362416107367,0.43135256392047655
4.66598388671875,1.7790148925781248,1.2625732421875002,0.9154362416107269,0.38149437403996556
5.45620849609375,2.0815979003906246,1.2625732421875002,1.2979865771811898,0.49106865696650065
5.45620849609375,1.7790148925781248,0.7840087890625,0.9691275167785112,0.3546404665609613
4.66598388671875,2.0815979003906246,0.7840087890625,0.8859060402684455,0.368559251149275
0.46120849609375003,6.776514892578124,6.2125732421875,0.4120805369127494,0.637449317642875
9.66098388671875,6.776514892578124,6.2125732421875,4.03221476510094,0.9484863925403643
0.46120849609375003,7.079097900390624,6.2125732421875,0.4147651006711386,0.6497626690762308
0.46120849609375003,6.776514892578124,5.7340087890625,0.40939597315436016,0.6305707238388603
9.66098388671875,7.079097900390624,5.7340087890625,4.034899328859329,0.949098373701337
0.6173022460937501,3.8092492675781244,7.6047607421875,0.3999999999999979,0.47505711590243427
5.13426513671875,3.8092492675781244,7.6047607421875,2.0912751677852173,0.8549057369259798
0.6173022460937501,4.111832275390625,7.6047607421875,0.40402684563758173,0.4993565268735234
0.6173022460937501,3.8092492675781244,7.1261962890624995,0.3986577181208033,0.4716242085850525
5.13426513671875,4.111832275390625,7.1261962890624995,2.110067114093945,0.8626043937793014
5.6123022460937495,8.806749267578125,2.6547607421875004,2.3879194630872744,0.9053754535034448
0.13926513671875002,8.806749267578125,2.6547607421875004,0.3731543624161058,0.6634034183910854
5.6123022460937495,9.109332275390624,2.6547607421875004,2.3946308724832486,0.9079663937461044
5.6123022460937495,8.806749267578125,2.1761962890625,2.3570469798657934,0.8935036635772808
0.13926513671875002,9.109332275390624,2.1761962890625,0.37181208053691117,0.6628821844829534
8.10980224609375,1.3104992675781248,5.1297607421875,2.479194630872523,0.6793925912465899
7.63176513671875,1.3104992675781248,5.1297607421875,2.2926174496644416,0.6623481610790897
8.10980224609375,6.610582275390624,5.1297607421875,3.3919463087250064,0.9337065237229294
8.10980224609375,1.3104992675781248,4.6511962890625,2.437583892617483,0.6675415369529623
7.63176513671875,6.610582275390624,4.6511962890625,3.191946308724977,0.9272757409825299
3.11480224609375,6.307999267578125,0.1797607421875,0.8308724832214667,0.4868635377352416
2.6367651367187497,6.307999267578125,0.1797607421875,0.7100671140939521,0.4648234909513613
3.11480224609375,1.6130822753906249,0.1797607421875,0.39060402684563567,0.15887073225829373
3.11480224609375,6.307999267578125,9.6011962890625,1.4402684563758181,0.8782072211562368
2.6367651367187497,1.6130822753906249,9.6011962890625,0.7060402684563682,0.4472618244923926
4.36355224609375,0.061124267578124995,3.8922607421875,0.36510067114093814,0.010731567670997436
3.88551513671875,0.061124267578124995,3.8922607421875,0.36510067114093814,0.010745425239511825
4.36355224609375,0.363707275390625,3.8922607421875,0.3812080536912734,0.06236607267493481
4.36355224609375,0.061124267578124995,5.8886962890625,0.36644295302013274,0.01096291287059425
3.88551513671875,0.363707275390625,5.8886962890625,0.3812080536912734,0.06424852705197151
9.35855224609375,5.058624267578124,8.8422607421875,3.872483221476755,0.9375627012291357
8.88051513671875,5.058624267578124,8.8422607421875,3.6818791946310894,0.9345581656847679
9.35855224609375,5.361207275390624,8.8422607421875,3.887248322147898,0.9411340879779393
9.35855224609375,5.058624267578124,0.9386962890625,3.300671140939758,0.797007792569924
8.88051513671875,5.361207275390624,0.9386962890625,3.1557046979867165,0.7989005001066798
6.86105224609375,2.5598742675781248,1.4172607421875,2.032214765100645,0.6430403162345076
1.38801513671875,2.5598742675781248,1.4172607421875,0.3946308724832195,0.29577280902803443
6.86105224609375,7.859957275390625,1.4172607421875,2.720805369127592,0.8670130346038128
6.86105224609375,2.5598742675781248,3.4136962890625,2.4201342281879503,0.7704671387513687
1.38801513671875,7.859957275390625,3.4136962890625,0.7234899328858981,0.7553326730538792
1.86605224609375,7.557374267578124,6.3672607421875,0.9530201342281759,0.8339428483799447
6.3830151367187495,7.557374267578124,6.3672607421875,2.750335570469878,0.9343174199905959
1.86605224609375,2.8624572753906246,6.3672607421875,0.6724832214765031,0.5620425234989941
1.86605224609375,7.557374267578124,8.3636962890625,0.9691275167785112,0.8484203013523451
6.3830151367187495,2.8624572753906246,8.3636962890625,2.485906040268497,0.8442500735139123
2.4904272460937498,1.9351867675781247,2.0360107421875,0.4926174496644258,0.2925384706911903
9.50489013671875,1.9351867675781247,2.0360107421875,2.965100671141051,0.7048028475936461
2.4904272460937498,9.734019775390625,2.0360107421875,1.1382550335570316,0.8165265145909947
2.4904272460937498,1.9351867675781247,8.9824462890625,0.7570469798657633,0.51503199239201
9.50489013671875,9.734019775390625,8.9824462890625,0.2805369127516779,0.06773497091120745
7.48542724609375,6.932686767578124,6.9860107421875,3.1798657718122234,0.9398475475002107
4.50989013671875,6.932686767578124,6.9860107421875,1.9946308724831907,0.908066384177525
7.48542724609375,4.736519775390625,6.9860107421875,3.088590604026975,0.9127930905083317
7.48542724609375,6.932686767578124,4.0324462890625,3.12885906040282,0.9245801970469592
4.50989013671875,4.736519775390625,4.0324462890625,1.8348993288590325,0.8345906792183627
9.98292724609375,4.433936767578125,4.5110107421875,4.004026845637848,0.9140361897965874
7.00739013671875,4.433936767578125,4.5110107421875,2.821476510067204,0.8833720706074857
9.98292724609375,2.2377697753906247,4.5110107421875,3.6510067114096083,0.8329723833729772
9.98292724609375,4.433936767578125,1.5574462890625,3.7046979865774015,0.8446663527686676
7.00739013671875,2.2377697753906247,1.5574462890625,2.0120805369127224,0.6244134581562354
4.98792724609375,9.431436767578125,9.4610107421875,2.251006711409402,0.9430616399887314
2.01239013671875,9.431436767578125,9.4610107421875,1.0657718120805229,0.8880952015546202
4.98792724609375,7.235269775390624,9.4610107421875,2.210738255033557,0.9261642251781044
4.98792724609375,9.431436767578125,6.5074462890625,2.233557046979869,0.935660322963967
2.01239013671875,7.235269775390624,6.5074462890625,1.0053691275167655,0.8370006751609812
3.73917724609375,3.1845617675781246,5.7485107421874995,1.4295302013422613,0.7546156149482461
0.76364013671875,3.1845617675781246,5.7485107421874995,0.3986577181208033,0.41462099158095816
3.73917724609375,5.985894775390625,5.7485107421874995,1.6402684563758145,0.8680259813714541
3.73917724609375,3.1845617675781246,7.7449462890625,1.471140939597294,0.777431778251978
0.76364013671875,5.985894775390625,7.7449462890625,0.49127516778523117,0.6714972646498572
8.73417724609375,8.182061767578125,0.7985107421875,3.2711409395974718,0.8411729175152156
5.75864013671875,8.182061767578125,0.7985107421875,2.126174496644283,0.7865171103784911
8.73417724609375,0.9883947753906249,0.7985107421875,1.154362416107367,0.27804420298156396
8.73417724609375,8.182061767578125,2.7949462890625,3.6161073825505428,0.931369383694719
5.75864013671875,0.9883947753906249,2.7949462890625,0.9758389261744842,0.3350279609936461
6.23667724609375,0.6858117675781249,8.2235107421875,1.0832214765100527,0.3472299442940381
3.26114013671875,0.6858117675781249,8.2235107421875,0.4013422818791925,0.12347468980303672
6.23667724609375,3.487144775390625,8.2235107421875,2.507382550335614,0.8688784912108871
6.23667724609375,0.6858117675781249,0.3199462890625,0.38791946308724645,0.07927817173208922
3.26114013671875,3.487144775390625,0.3199462890625,0.6765100671140869,0.3675159067198699
1.24167724609375,5.683311767578124,3.2735107421875003,0.5919463087248267,0.6435986007711091
8.25614013671875,5.683311767578124,3.2735107421875003,3.348993288590772,0.9070258357239271
1.24167724609375,8.484644775390626,3.2735107421875003,0.6791946308724761,0.7546958071259569
1.24167724609375,5.683311767578124,5.2699462890625,0.6362416107382487,0.7010023124103143
8.25614013671875,8.484644775390626,5.2699462890625,3.503355704698177,0.9491792480905399
0.92948974609375,0.9981555175781249,7.2953857421874995,0.375838926174495,0.16423452764994784
1.70020263671875,0.9981555175781249,7.2953857421874995,0.38791946308724645,0.16738813463996724
0.92948974609375,1.3007385253906247,7.2953857421874995,0.3798657718120788,0.20782824672104086
0.92948974609375,0.9981555175781249,3.1043212890625003,0.37181208053691117,0.15572489094941455
1.70020263671875,1.3007385253906247,3.1043212890625003,0.38657718120805185,0.1941227740471787
5.92448974609375,5.9956555175781245,2.3453857421875,2.375838926174521,0.8597322727287073
6.69520263671875,5.9956555175781245,2.3453857421875,2.681879194630942,0.8733528881932728
5.92448974609375,6.298238525390625,2.3453857421875,2.3932885906040537,0.8661129099162339
5.92448974609375,5.9956555175781245,8.0543212890625,2.5382550335570953,0.9193992380762311
6.69520263671875,6.298238525390625,8.0543212890625,2.855033557047075,0.93055702572979
8.42198974609375,3.4969055175781247,9.7703857421875,3.395973154362591,0.903927753639207
4.19770263671875,3.4969055175781247,9.7703857421875,1.714093959731518,0.8269260781803609
8.42198974609375,8.796988525390626,9.7703857421875,3.613422818792153,0.9612361377624064
8.42198974609375,3.4969055175781247,5.5793212890624995,3.3261744966444597,0.8850700048837998
4.19770263671875,8.796988525390626,5.5793212890624995,1.8993288590603736,0.9165861003823506
3.4269897460937497,8.494405517578125,4.8203857421875,1.5758389261744734,0.8928389120741128
9.19270263671875,8.494405517578125,4.8203857421875,3.8684563758391706,0.9517572787533188
3.4269897460937497,3.7994885253906245,4.8203857421875,1.3530201342281687,0.7646784153898434
3.4269897460937497,8.494405517578125,0.6293212890625,1.2174496644295134,0.6834382371403661
9.19270263671875,3.7994885253906245,0.6293212890625,2.782550335570554,0.6804834575852556
4.6757397460937495,4.746280517578125,1.1078857421875001,1.5583892617449435,0.6835427630542052
7.94395263671875,4.746280517578125,1.1078857421875001,2.7946308724833075,0.7813435043058676
4.6757397460937495,2.550113525390625,1.1078857421875001,1.157046979865756,0.4970988460335019
4.6757397460937495,4.746280517578125,4.3418212890625,1.9127516778523197,0.844729963916729
7.94395263671875,2.550113525390625,4.3418212890625,2.918120805369232,0.8174118521745264
9.67073974609375,9.743780517578125,6.0578857421875,4.097986577181486,0.963114909553433
2.94895263671875,9.743780517578125,6.0578857421875,1.4228187919462882,0.9040019473979465
9.67073974609375,7.5476135253906245,6.0578857421875,4.055033557047252,0.9529994399143815
9.67073974609375,9.743780517578125,9.2918212890625,0.2751677852348995,0.06486917936630157
2.94895263671875,7.5476135253906245,9.2918212890625,1.4053691275167584,0.8929934315575625
7.17323974609375,2.2475305175781246,3.5828857421875,2.4657718120805745,0.7547877935429117
5.44645263671875,2.2475305175781246,3.5828857421875,1.7906040268456105,0.6929552787855268
7.17323974609375,5.048863525390624,3.5828857421875,2.893959731543725,0.887611211197928
7.17323974609375,2.2475305175781246,6.8168212890625,2.6402684563759022,0.8095546928633526
5.44645263671875,5.048863525390624,6.8168212890625,2.2926174496644416,0.8919043077233642
2.17823974609375,7.245030517578124,8.5328857421875,1.0872483221476366,0.8583612733967751
0.45145263671875,7.245030517578124,8.5328857421875,0.4214765100671116,0.6751151966428857
2.17823974609375,0.05136352539062499,8.5328857421875,0.36510067114093814,0.009326807286207398
2.17823974609375,7.245030517578124,1.8668212890625002,0.928859060402673,0.7279026466086685
0.45145263671875,0.05136352539062499,1.8668212890625002,0.36375838926174353,0.008861816692251901
1.55386474609375,2.8722180175781244,2.9641357421875,0.4738255033557013,0.39913198978658615
3.5733276367187496,2.8722180175781244,2.9641357421875,1.1731543624160914,0.6354052690898271
1.55386474609375,6.922926025390624,2.9641357421875,0.7449664429530118,0.725124773380706
1.55386474609375,2.8722180175781244,1.2480712890625,0.40939597315436016,0.3121576165204205
3.5733276367187496,6.922926025390624,1.2480712890625,1.3570469798657525,0.7405579290381338
6.54886474609375,7.8697180175781245,7.9141357421875,2.837583892617542,0.9428227543253502
8.56832763671875,7.8697180175781245,7.9141357421875,3.6416107382552445,0.9545232550314038
6.54886474609375,1.9254260253906248,7.9141357421875,2.322147651006728,0.7704881051199892
6.54886474609375,7.8697180175781245,6.1980712890625,2.822818791946399,0.9378430842037784
8.56832763671875,1.9254260253906248,6.1980712890625,3.0697986577182474,0.8038851807221725
9.04636474609375,0.373468017578125,0.4891357421875,0.382550335570468,0.04842389098621783
1.07582763671875,0.373468017578125,0.4891357421875,0.36510067114093814,0.05872164450764266
9.04636474609375,4.424176025390625,0.4891357421875,2.728859060402761,0.6769299483444517
9.04636474609375,0.373468017578125,8.6730712890625,0.8268456375838829,0.17154412329314034
1.07582763671875,4.424176025390625,8.6730712890625,0.5476510067114047,0.6345586156788323
4.05136474609375,5.370968017578124,5.4391357421875,1.7315436241610478,0.8595406592924886
6.07082763671875,5.370968017578124,5.4391357421875,2.5342281879195108,0.8987567620221407
4.05136474609375,9.421676025390624,5.4391357421875,1.8496644295301732,0.9185307618254352
4.05136474609375,5.370968017578124,3.7230712890625,1.6818791946308473,0.8344311273914287
6.07082763671875,9.421676025390624,3.7230712890625,2.6228187919463695,0.9301996176390874
2.80261474609375,1.6228430175781248,9.1516357421875,0.7651006711409309,0.4715632460064938
7.3195776367187495,1.6228430175781248,9.1516357421875,2.5342281879195108,0.7629399760981526
2.80261474609375,8.172301025390626,9.1516357421875,1.3583892617449471,0.8964396171271376
2.80261474609375,1.6228430175781248,2.4855712890625004,0.5100671140939557,0.27608345079292307
7.3195776367187495,8.172301025390626,2.4855712890625004,3.0362416107383767,0.9148995585041078
7.79761474609375,6.620343017578124,4.2016357421874995,3.246979865771965,0.9254299916186433
2.32457763671875,6.620343017578124,4.2016357421874995,1.0724832214764959,0.8081048730456037
7.79761474609375,3.1748010253906247,4.2016357421874995,2.9771812080538043,0.8480859891049752
7.79761474609375,6.620343017578124,7.4355712890625,3.299328859060563,0.9405521456775473
2.32457763671875,3.1748010253906247,7.4355712890625,0.9087248322147539,0.6776283224059987
5.30011474609375,4.121593017578125,6.6766357421875,2.170469798657712,0.8638785840825605
9.81707763671875,4.121593017578125,6.6766357421875,3.967785234899588,0.9197986087732033
5.30011474609375,0.676051025390625,6.6766357421875,0.6577181208053624,0.21361633612625253
5.30011474609375,4.121593017578125,9.9105712890625,2.2080536912751674,0.879076382824403
9.81707763671875,0.676051025390625,9.9105712890625,2.499328859060445,0.5732532084030317
0.30511474609375,9.119093017578125,1.7266357421875,0.38389261744966263,0.6380952290629591
4.82207763671875,9.119093017578125,1.7266357421875,2.0120805369127224,0.8659185306384507
0.30511474609375,5.6735510253906245,1.7266357421875,0.375838926174495,0.5282379866619547
0.30511474609375,9.119093017578125,4.9605712890625,0.3973154362416087,0.6942299297385348
4.82207763671875,5.6735510253906245,4.9605712890625,2.0429530201342034,0.8798805792575347
0.22706787109375,2.637960205078125,6.4446044921875,0.37046979865771656,0.3558697268866653
8.49028076171875,2.637960205078125,6.4446044921875,3.244295302013575,0.8570068962178387
0.22706787109375,9.187418212890625,6.4446044921875,0.38926174496644106,0.7057908056832446
0.22706787109375,2.637960205078125,1.7894775390625002,0.36644295302013274,0.3340434524067643
8.49028076171875,9.187418212890625,1.7894775390625002,3.4711409395975013,0.916790217476392
5.22206787109375,7.635460205078124,1.4946044921875001,2.079194630872464,0.8367907577264085
3.49528076171875,7.635460205078124,1.4946044921875001,1.4053691275167584,0.7817283212438855
5.22206787109375,4.189918212890625,1.4946044921875001,1.7986577181207781,0.7214394790316696
5.22206787109375,7.635460205078124,6.7394775390624995,2.2939597315436364,0.9247640373156376
3.49528076171875,4.189918212890625,6.7394775390624995,1.4590604026845426,0.8135339572605618
7.71956787109375,0.13921020507812498,8.9196044921875,0.3785234899328842,0.025784643883952803
5.99278076171875,0.13921020507812498,8.9196044921875,0.375838926174495,0.025711033766155394
7.71956787109375,1.6911682128906247,8.9196044921875,2.719463087248397,0.7814296915424734
7.71956787109375,0.13921020507812498,9.2144775390625,0.3798657718120788,0.025985546973340268
5.99278076171875,1.6911682128906247,9.2144775390625,2.0402684563758138,0.7299026068867733
2.72456787109375,5.136710205078124,3.9696044921875004,1.154362416107367,0.7753951305639348
0.9977807617187501,5.136710205078124,3.9696044921875004,0.5006711409395934,0.5922775393469379
2.72456787109375,6.688668212890624,3.9696044921875004,1.2268456375838757,0.8255005791528732
2.72456787109375,5.136710205078124,4.2644775390625,1.1637583892617291,0.7820026809596139
0.9977807617187501,6.688668212890624,4.2644775390625,0.5624161073825453,0.6911973933765292
3.97331787109375,1.3885852050781249,0.2571044921875,0.3986577181208033,0.139200147619068
2.2465307617187498,1.3885852050781249,0.2571044921875,0.3771812080536896,0.15830500408176562
3.97331787109375,5.439293212890624,0.2571044921875,1.037583892617436,0.5087500590544329
3.97331787109375,1.3885852050781249,0.5519775390625,0.4147651006711386,0.1521028452602964
2.2465307617187498,5.439293212890624,0.5519775390625,0.6644295302013354,0.4869839874915082
8.96831787109375,6.386085205078125,5.2071044921875,3.7275167785237135,0.93768367583668
7.24153076171875,6.386085205078125,5.2071044921875,3.040268456375961,0.9250739642301227
8.96831787109375,0.44179321289062495,5.2071044921875,0.9382550335570352,0.20539622262722357
8.96831787109375,6.386085205078125,5.5019775390625,3.732885906040493,0.9390538080564699
7.24153076171875,0.44179321289062495,5.5019775390625,0.44429530201341993,0.08738830901528753
6.47081787109375,3.8873352050781245,2.7321044921875,2.4442953020134572,0.8194047863731251
4.74403076171875,3.8873352050781245,2.7321044921875,1.7637583892617184,0.7680970642275768
6.47081787109375,2.9405432128906246,2.7321044921875,2.283221476510078,0.7645263245391696
6.47081787109375,3.8873352050781245,7.9769775390625,2.6362416107383178,0.884929321577512
4.74403076171875,2.9405432128906246,7.9769775390625,1.840268456375811,0.8029354995184004
1.47581787109375,8.884835205078126,7.6821044921875,0.8348993288590505,0.8462013235618803
9.73903076171875,8.884835205078126,7.6821044921875,4.126174496644578,0.963577301592208
1.47581787109375,7.938043212890625,7.6821044921875,0.8174496644295206,0.8280574452851887
1.47581787109375,8.884835205078126,3.0269775390625,0.7704697986577094,0.7774601827350449
9.73903076171875,7.938043212890625,3.0269775390625,4.018791946308991,0.9382703933477713
2.10019287109375,0.7638977050781249,3.3508544921875,0.3798657718120788,0.12295416479421066
6.61715576171875,0.7638977050781249,3.3508544921875,0.979865771812068,0.29400232680699306
2.10019287109375,4.814605712890624,3.3508544921875,0.8657718120805264,0.6933504161638235
2.10019287109375,0.7638977050781249,4.8832275390625,0.382550335570468,0.1269254450668587
6.61715576171875,4.814605712890624,4.8832275390625,2.706040268456449,0.8907314810371392
7.09519287109375,5.761397705078124,8.3008544921875,2.9973154362417267,0.9286355170315057
1.62215576171875,5.761397705078124,8.3008544921875,0.8187919463087152,0.7813744761934958
7.09519287109375,9.812105712890625,8.3008544921875,3.08993288590617,0.9573920828743907
7.09519287109375,5.761397705078124,9.8332275390625,3.0080536912752853,0.932011358870128
1.62215576171875,9.812105712890625,9.8332275390625,0.9167785234899215,0.8778010351397691
9.59269287109375,3.2626477050781246,0.8758544921875,2.986577181208168,0.7034865573143706
9.11465576171875,3.2626477050781246,0.8758544921875,2.8093959731544507,0.692737351587186
9.59269287109375,7.313355712890624,0.8758544921875,3.5852348993290617,0.8473387864681191
9.59269287109375,3.2626477050781246,7.3582275390625,3.804026845637819,0.9004864666827548
9.11465576171875,7.313355712890624,7.3582275390625,3.841610738255274,0.9525275904840798
4.5976928710937495,8.260147705078126,5.8258544921875,2.0496644295301776,0.9184551795216471
4.11965576171875,8.260147705078126,5.8258544921875,1.86040268456373,0.9114932748696307
4.5976928710937495,2.3158557128906248,5.8258544921875,1.6067114093959494,0.7170012880002024
4.5976928710937495,8.260147705078126,2.4082275390625,1.9543624161073525,0.8751243515963493
4.11965576171875,2.3158557128906248,2.4082275390625,1.1758389261744806,0.5644062007702524
3.3489428710937497,4.512022705078125,9.5383544921875,1.4536912751677642,0.8383777871815807
2.87090576171875,4.512022705078125,9.5383544921875,1.26308724832213,0.8182049701214038
3.3489428710937497,1.0664807128906248,9.5383544921875,0.6295302013422757,0.30671556393263627
3.3489428710937497,4.512022705078125,3.6457275390625004,1.3422818791946118,0.7721884324385775
2.87090576171875,1.0664807128906248,3.6457275390625004,0.40805369127516555,0.16889399246064102
8.34394287109375,9.509522705078124,4.5883544921874995,3.5463087248324117,0.9517805496301491
7.86590576171875,9.509522705078124,4.5883544921874995,3.357046979865941,0.9495590420055857
8.34394287109375,6.063980712890625,4.5883544921874995,3.451006711409579,0.9261020677283279
8.34394287109375,9.509522705078124,8.5957275390625,3.5852348993290617,0.9622508883468892
7.86590576171875,6.063980712890625,8.5957275390625,3.3181208053692908,0.9386451812109086
5.84644287109375,2.013272705078125,7.0633544921875,2.0510067114093724,0.7497909348146521
0.37340576171875,2.013272705078125,7.0633544921875,0.3731543624161058,0.29314963285672546
5.84644287109375,8.562730712890625,7.0633544921875,2.565100671140992,0.9397534158939239
5.84644287109375,2.013272705078125,6.1207275390625,2.0201342281878913,0.7381026347840652
0.37340576171875,8.562730712890625,6.1207275390625,0.41073825503355477,0.6958469425577569
0.85144287109375,7.010772705078124,2.1133544921875003,0.46979865771811746,0.599036525406196
5.3684057617187495,7.010772705078124,2.1133544921875003,2.187919463087245,0.8608417520417758
0.85144287109375,3.5652307128906244,2.1133544921875003,0.3932885906040249,0.3983291296212166
0.85144287109375,7.010772705078124,1.1707275390625,0.4335570469798631,0.5323597088182968
5.3684057617187495,3.5652307128906244,1.1707275390625,1.6563758389261498,0.6463638152332332
1.1636303710937501,2.3256164550781246,8.6102294921875,0.4147651006711386,0.3525479028165962
4.4318432617187495,2.3256164550781246,8.6102294921875,1.6120805369127278,0.7424515696634224
1.1636303710937501,6.376324462890625,8.6102294921875,0.6617449664429462,0.7628094301538493
1.1636303710937501,2.3256164550781246,8.2863525390625,0.413422818791944,0.35028022058845454
4.4318432617187495,6.376324462890625,8.2863525390625,1.9583892617449363,0.9044135416120687
6.15863037109375,7.323116455078124,3.6602294921875003,2.602684563758447,0.9116268753931231
9.42684326171875,7.323116455078124,3.6602294921875003,3.9020134228190413,0.9383203384053735
6.15863037109375,1.3788244628906248,3.6602294921875003,1.6375838926174253,0.5647847343510205
6.15863037109375,7.323116455078124,3.3363525390625,2.5906040268456936,0.9073423903001456
9.42684326171875,1.3788244628906248,3.3363525390625,2.8429530201343214,0.6806088297578132
8.65613037109375,4.824366455078125,6.1352294921874995,3.5463087248324117,0.9209381672727315
1.9343432617187502,4.824366455078125,6.1352294921874995,0.8751677852348887,0.7443572080953527
8.65613037109375,3.8775744628906246,6.1352294921874995,3.473825503355891,0.9020532472273648
8.65613037109375,4.824366455078125,0.8613525390625,2.9530201342282973,0.7643132190263734
1.9343432617187502,3.8775744628906246,0.8613525390625,0.526174496644291,0.40440777373999914
3.66113037109375,9.821866455078125,1.1852294921875002,1.4993288590603808,0.8047632651333605
6.92934326171875,9.821866455078125,1.1852294921875002,2.7771812080537748,0.877424324201862
3.66113037109375,8.875074462890625,1.1852294921875002,1.4671140939597103,0.7870223136882286
3.66113037109375,9.821866455078125,5.8113525390625,1.7046979865771557,0.917501251895938
6.92934326171875,8.875074462890625,5.8113525390625,2.9906040268457525,0.9458971886939899
4.90988037109375,3.5749914550781248,4.8977294921875,1.9167785234899035,0.8126770839856232
5.68059326171875,3.5749914550781248,4.8977294921875,2.2228187919463105,0.8339211663523711
4.90988037109375,7.6256994628906245,4.8977294921875,2.1463087248322053,0.9108040701331117
4.90988037109375,3.5749914550781248,9.5238525390625,2.0026845637583586,0.8498583076129755
5.68059326171875,7.6256994628906245,9.5238525390625,2.4966442953020556,0.9374261492620968
9.90488037109375,8.572491455078126,9.8477294921875,0.2805369127516779,0.0654915965578929
0.68559326171875,8.572491455078126,9.8477294921875,0.5275167785234856,0.7790515496648159
9.90488037109375,2.628199462890625,9.8477294921875,3.8697986577183654,0.8899034517257041
9.90488037109375,8.572491455078126,4.5738525390625,4.14899328859089,0.9540852839973233
0.68559326171875,2.628199462890625,4.5738525390625,0.38389261744966263,0.3511133199193455
7.40738037109375,1.0762414550781247,2.4227294921875,1.563758389261722,0.45292394221143795
8.17809326171875,1.0762414550781247,2.4227294921875,1.833557046979838,0.49038097972812467
7.40738037109375,0.12944946289062498,2.4227294921875,0.37046979865771656,0.02194507192854665
7.40738037109375,1.0762414550781247,2.0988525390625,1.4738255033556833,0.42466542188704715
8.17809326171875,0.12944946289062498,2.0988525390625,0.37181208053691117,0.021809355280748254
2.4123803710937497,6.073741455078125,7.3727294921875,1.136912751677837,0.8355580163931389
3.1830932617187497,6.073741455078125,7.3727294921875,1.4429530201342073,0.8652976604647689
2.4123803710937497,5.126949462890624,7.3727294921875,1.0966442953019988,0.8053472448999737
2.4123803710937497,6.073741455078125,7.0488525390625,1.1328859060402532,0.8325708737869721
3.1830932617187497,5.126949462890624,7.0488525390625,1.3986577181207853,0.8384625360241376
1.78800537109375,4.199678955078125,1.8039794921875,0.6120805369127458,0.5212466312932326
0.06121826171875,4.199678955078125,1.8039794921875,0.36510067114093814,0.4613267286260056
1.78800537109375,2.003511962890625,1.8039794921875,0.4013422818791925,0.25424551923400374
1.78800537109375,4.199678955078125,5.1926025390624995,0.7597315436241525,0.6731614929221184
0.06121826171875,2.003511962890625,5.1926025390624995,0.36375838926174353,0.28373310334349755
6.78300537109375,9.197178955078124,6.7539794921875,2.946308724832323,0.9494768950283737
5.05621826171875,9.197178955078124,6.7539794921875,2.259060402684571,0.9356735263711267
6.78300537109375,7.001011962890624,6.7539794921875,2.899328859060504,0.9342957815590287
6.78300537109375,9.197178955078124,0.2426025390625,2.179865771812076,0.698092713618442
5.05621826171875,7.001011962890624,0.2426025390625,1.4738255033556833,0.6022878351867922
9.28050537109375,1.7009289550781248,4.2789794921875,3.1302013422820147,0.7621223038843117
2.55871826171875,1.7009289550781248,4.2789794921875,0.5785234899328806,0.3535992141257081
9.28050537109375,9.499761962890625,4.2789794921875,3.9127516778526,0.9544227010798596
9.28050537109375,1.7009289550781248,2.7176025390625003,2.9114093959732577,0.7074205099149284
2.55871826171875,9.499761962890625,2.7176025390625003,1.1973154362415943,0.8432205560548038
4.28550537109375,6.698428955078124,9.2289794921875,1.915436241610709,0.9091481911996988
7.55371826171875,6.698428955078124,9.2289794921875,3.2174496644296786,0.9434327821891675
4.28550537109375,4.502261962890625,9.2289794921875,1.8241610738254757,0.865666294529259
4.28550537109375,6.698428955078124,7.6676025390625,1.904697986577152,0.9039798080113504
7.55371826171875,4.502261962890625,7.6676025390625,3.1100671140940923,0.9118224789796633
3.03675537109375,0.45155395507812496,5.5164794921875,0.3798657718120788,0.07834852338482069
8.80246826171875,0.45155395507812496,5.5164794921875,0.9704697986577058,0.21794124694466155
3.03675537109375,3.2528869628906247,5.5164794921875,1.157046979865756,0.7149100148114631
3.03675537109375,0.45155395507812496,6.4301025390625,0.3812080536912734,0.0793742644262814
8.80246826171875,3.2528869628906247,6.4301025390625,3.4684563758391116,0.8871741149245685
8.03175537109375,5.449053955078124,0.5664794921875,2.5986577181208625,0.7179702048319878
3.80746826171875,5.449053955078124,0.5664794921875,1.1342281879194478,0.5810355553167663
8.03175537109375,8.250386962890625,0.5664794921875,2.8590604026846593,0.791530180091498
8.03175537109375,5.449053955078124,1.4801025390625002,3.033557046979987,0.841030043683568
3.80746826171875,8.250386962890625,1.4801025390625002,1.5503355704697759,0.807015685996322
5.53425537109375,2.9503039550781245,7.9914794921875,2.155704697986569,0.8270948912247618
6.30496826171875,2.9503039550781245,7.9914794921875,2.463087248322185,0.8454099618738036
5.53425537109375,5.7516369628906245,7.9914794921875,2.3731543624161313,0.9109372298794953
5.53425537109375,2.9503039550781245,3.9551025390625,2.0255033557046707,0.775965392315183
6.30496826171875,5.7516369628906245,3.9551025390625,2.6067114093960315,0.8946720809285789
0.53925537109375,7.9478039550781245,3.0414794921875004,0.4214765100671116,0.6371377813576793
1.30996826171875,7.9478039550781245,3.0414794921875004,0.6859060402684491,0.7383295120278268
0.53925537109375,0.7541369628906249,3.0414794921875004,0.36644295302013274,0.12089070477348819
0.53925537109375,7.9478039550781245,8.9051025390625,0.4590604026845606,0.7253500361179936
1.30996826171875,0.7541369628906249,8.9051025390625,0.3771812080536896,0.12911791506846648
0.38316162109375,0.295382080078125,0.7211669921875,0.36375838926174353,0.048064011156435105
3.33918701171875,0.295382080078125,0.7211669921875,0.36778523489932735,0.04576922622385188
0.38316162109375,8.094215087890625,0.7211669921875,0.3798657718120788,0.5657907295434845
0.38316162109375,0.295382080078125,7.8222900390625,0.36510067114093814,0.05191448211332705
3.33918701171875,8.094215087890625,7.8222900390625,1.563758389261722,0.9041677313312565
5.37816162109375,5.292882080078124,5.6711669921875,2.259060402684571,0.88820121774622
8.33418701171875,5.292882080078124,5.6711669921875,3.434899328859241,0.9227891564745576
5.37816162109375,3.0967150878906247,5.6711669921875,2.0644295302013207,0.8110674414634766
5.37816162109375,5.292882080078124,2.8722900390625004,2.157046979865764,0.8474369381769713
8.33418701171875,3.0967150878906247,2.8722900390625004,3.0684563758390526,0.8233400832334639
7.87566162109375,2.794132080078125,3.1961669921875,2.8563758389262697,0.8059231406848147
0.84168701171875,2.794132080078125,3.1961669921875,0.38926174496644106,0.3562933836989343
7.87566162109375,0.597965087890625,3.1961669921875,0.9302013422818676,0.23323184539924124
7.87566162109375,2.794132080078125,0.39729003906250004,1.8322147651006433,0.5087580340824824
0.84168701171875,0.597965087890625,0.39729003906250004,0.36510067114093814,0.09037126869815768
2.8806616210937497,7.7916320800781245,8.1461669921875,1.3771812080536716,0.8904389517040916
5.83668701171875,7.7916320800781245,8.1461669921875,2.554362416107433,0.9371607798758325
2.8806616210937497,5.5954650878906245,8.1461669921875,1.3114093959731359,0.8476408669414897
2.8806616210937497,7.7916320800781245,5.3472900390625,1.3503355704697795,0.8728195777154588
5.83668701171875,5.5954650878906245,5.3472900390625,2.4510067114094314,0.8990079721212393
4.12941162109375,4.0435070800781245,6.9086669921874995,1.7020134228187664,0.8319047968752897
7.08543701171875,4.0435070800781245,6.9086669921874995,2.877852348993387,0.8925528727843905
4.12941162109375,6.844840087890624,6.9086669921874995,1.840268456375811,0.8999433181559544
4.12941162109375,4.0435070800781245,9.0597900390625,1.7288590604026586,0.8452833398296249
7.08543701171875,6.844840087890624,9.0597900390625,3.034899328859182,0.9414394996706397
9.12441162109375,9.041007080078126,1.9586669921875002,3.7355704697988825,0.9249096554215877
2.0904370117187496,9.041007080078126,1.9586669921875002,0.9597315436241489,0.7760607205233689
9.12441162109375,1.8473400878906248,1.9586669921875002,2.743624161073904,0.6758635390841521
9.12441162109375,9.041007080078126,4.1097900390625,3.8389261744968843,0.9508209979354113
2.0904370117187496,1.8473400878906248,4.1097900390625,0.4738255033557013,0.3097570349419147
6.6269116210937495,1.5447570800781247,9.3836669921875,2.2255033557047,0.7301010510195995
9.58293701171875,1.5447570800781247,9.3836669921875,3.4000000000001753,0.8052593610762411
6.6269116210937495,4.346090087890625,9.3836669921875,2.7476510067114885,0.9035600921297002
6.6269116210937495,1.5447570800781247,1.6347900390625,1.5181208053691053,0.48724094144490804
9.58293701171875,4.346090087890625,1.6347900390625,3.5557046979867755,0.8413296909208245
1.63191162109375,6.542257080078125,4.4336669921875,0.8026845637583799,0.7616240843837053
4.58793701171875,6.542257080078125,4.4336669921875,1.973154362416077,0.8854629460273814
1.63191162109375,9.343590087890625,4.4336669921875,0.8724832214764995,0.831098207656306
1.63191162109375,6.542257080078125,6.5847900390625,0.8348993288590505,0.7942698651655803
4.58793701171875,9.343590087890625,6.5847900390625,2.0738255033556845,0.93096069695469
2.25628662109375,3.4188195800781247,8.7649169921875,0.9261744966442838,0.7078012140255302
1.46606201171875,3.4188195800781247,8.7649169921875,0.6201342281879134,0.6053246981755196
2.25628662109375,3.7214025878906245,8.7649169921875,0.9557046979865651,0.7322525143882824
2.25628662109375,3.4188195800781247,5.9660400390624995,0.8845637583892509,0.672875776456905
1.46606201171875,3.7214025878906245,5.9660400390624995,0.614765100671135,0.6002413938721018
7.25128662109375,8.416319580078126,3.8149169921875004,3.072483221476637,0.9337338567211997
6.46106201171875,8.416319580078126,3.8149169921875004,2.758389261745047,0.9270778770240147
7.25128662109375,8.718902587890625,3.8149169921875004,3.0791946308726112,0.9357922956676605
7.25128662109375,8.416319580078126,1.0160400390625,2.797315436241697,0.8488572761376372
6.46106201171875,8.718902587890625,1.0160400390625,2.5033557046980297,0.8400101735646609
9.74878662109375,0.9200695800781249,6.2899169921875,2.7637583892618265,0.641046313142871
3.96356201171875,0.9200695800781249,6.2899169921875,0.5973154362416051,0.24566488952320997
9.74878662109375,6.220152587890625,6.2899169921875,4.0496644295304725,0.94479653828814
9.74878662109375,0.9200695800781249,3.4910400390625003,2.4201342281879503,0.5577720918087772
3.96356201171875,6.220152587890625,3.4910400390625003,1.6818791946308473,0.8493368001971345
4.75378662109375,5.9175695800781245,1.3399169921875,1.7610738255033291,0.7649700950311282
8.95856201171875,5.9175695800781245,1.3399169921875,3.402684563758565,0.8556948259610937
4.75378662109375,1.2226525878906247,1.3399169921875,0.6268456375838865,0.233536788795839
4.75378662109375,5.9175695800781245,8.4410400390625,2.0724832214764897,0.9035021283319137
8.95856201171875,1.2226525878906247,8.4410400390625,2.9114093959732577,0.7317003754044039
3.50503662109375,2.1694445800781246,2.5774169921875,0.9342281879194514,0.5008901599874039
7.70981201171875,2.1694445800781246,2.5774169921875,2.5127516778523935,0.7207762902719602
3.50503662109375,2.472027587890625,2.5774169921875,1.0201342281879062,0.553729363708868
3.50503662109375,2.1694445800781246,7.2035400390625,1.1798657718120644,0.649490379191407
7.70981201171875,2.472027587890625,7.2035400390625,2.918120805369232,0.8399153939054607
8.50003662109375,7.166944580078124,7.5274169921875,3.5946308724834255,0.9489713506044694
2.7148120117187498,7.166944580078124,7.5274169921875,1.2912751677852168,0.8721230596634746
8.50003662109375,7.469527587890624,7.5274169921875,3.6026845637585945,0.9510911801271824
8.50003662109375,7.166944580078124,2.2535400390625,3.448322147651189,0.9098414465915734
2.7148120117187498,7.469527587890624,2.2535400390625,1.174496644295286,0.7910277601862784
6.00253662109375,4.668194580078125,0.1024169921875,1.4053691275167584,0.49201523875882924
5.21231201171875,4.668194580078125,0.1024169921875,1.1932885906040105,0.46798040144838937
6.00253662109375,9.968277587890626,0.1024169921875,1.816107382550308,0.6444219253533611
6.00253662109375,4.668194580078125,4.7285400390625,2.446979865771847,0.8760973922566574
5.21231201171875,9.968277587890626,4.7285400390625,2.311409395973169,0.9331822411518648
1.00753662109375,9.665694580078124,5.0524169921875,0.6416107382550271,0.7992996324117199
0.21731201171875,9.665694580078124,5.0524169921875,0.38657718120805185,0.7067242073684947
1.00753662109375,4.970777587890624,5.0524169921875,0.5154362416107341,0.6114660777055988
1.00753662109375,9.665694580078124,9.6785400390625,0.6697986577181139,0.8371540272067628
0.21731201171875,4.970777587890624,9.6785400390625,0.3785234899328842,0.5463299106142496
0.69534912109375,4.980538330078124,4.1242919921875,0.4147651006711386,0.5300745927894301
9.89512451171875,4.980538330078124,4.1242919921875,3.9946308724834845,0.9192447302387937
0.69534912109375,5.283121337890624,4.1242919921875,0.4214765100671116,0.5506930678126782
0.69534912109375,4.980538330078124,2.5629150390625,0.4026845637583871,0.49721299216109893
9.89512451171875,5.283121337890624,2.5629150390625,3.9221476510069637,0.9022910269187259
5.69034912109375,9.978038330078125,9.0742919921875,2.5369127516779004,0.9511786750310824
4.90012451171875,9.978038330078125,9.0742919921875,2.2214765100671157,0.9445524795296771
5.69034912109375,0.285621337890625,9.0742919921875,0.38926174496644106,0.053290454492564504
5.69034912109375,9.978038330078125,7.5129150390624995,2.5288590604027315,0.9481229419489361
4.90012451171875,0.285621337890625,7.5129150390624995,0.38389261744966263,0.052170947263542475
8.18784912109375,2.4817883300781247,1.6492919921875002,2.5852348993289143,0.7022346175412322
7.39762451171875,2.4817883300781247,1.6492919921875002,2.2845637583892726,0.6781826358539493
8.18784912109375,2.7843713378906245,1.6492919921875002,2.688590604026916,0.7310050479228465
8.18784912109375,2.4817883300781247,9.9879150390625,3.159731543624301,0.8623874931610438
7.39762451171875,2.7843713378906245,9.9879150390625,2.899328859060504,0.8658208204432866
3.19284912109375,7.479288330078124,6.5992919921875,1.481879194630851,0.8866304678661401
2.40262451171875,7.479288330078124,6.5992919921875,1.1664429530201184,0.8600376520196233
3.19284912109375,7.781871337890625,6.5992919921875,1.488590604026824,0.8906866030016468
3.19284912109375,7.479288330078124,5.0379150390625,1.4617449664429318,0.8743915261571157
2.40262451171875,7.781871337890625,5.0379150390625,1.1557046979865615,0.8518196440952153
4.44159912109375,1.2324133300781248,7.8367919921875,1.1315436241610586,0.5033318609649512
1.15387451171875,1.2324133300781248,7.8367919921875,0.38389261744966263,0.2006756715371456
4.44159912109375,9.031246337890625,7.8367919921875,2.0201342281878913,0.9312831613609049
4.44159912109375,1.2324133300781248,1.3254150390625001,0.5557046979865723,0.21111917654429652
1.15387451171875,9.031246337890625,1.3254150390625001,0.5731543624161022,0.6487497886082844
9.43659912109375,6.229913330078125,2.8867919921875003,3.824161073825741,0.9185674106084725
6.14887451171875,6.229913330078125,2.8867919921875003,2.5194630872483676,0.8833917401535212
9.43659912109375,4.033746337890625,2.8867919921875003,3.652348993288803,0.8770052303718311
9.43659912109375,6.229913330078125,6.2754150390625,3.9248322147653534,0.9430803840226263
6.14887451171875,4.033746337890625,6.2754150390625,2.492617449664471,0.8742944171808231
6.93909912109375,3.7311633300781244,5.3617919921874995,2.7557046979866575,0.8702213201759093
3.6513745117187497,3.7311633300781244,5.3617919921874995,1.451006711409375,0.7810718143664227
6.93909912109375,1.5349963378906248,5.3617919921874995,2.195973154362414,0.6906606316479961
6.93909912109375,3.7311633300781244,8.7504150390625,2.8174496644296196,0.8900099457397115
3.6513745117187497,1.5349963378906248,8.7504150390625,1.0402684563758253,0.543885144044095
1.9440991210937502,8.728663330078126,0.41179199218750007,0.6872483221476438,0.5653754734320375
8.64637451171875,8.728663330078126,0.41179199218750007,2.986577181208168,0.7737919200645547
1.9440991210937502,6.532496337890624,0.41179199218750007,0.6107382550335512,0.4909755734601215
1.9440991210937502,8.728663330078126,3.8004150390625,0.9718120805369004,0.827284881914111
8.64637451171875,6.532496337890624,3.8004150390625,3.567785234899529,0.9273467058424467
1.31972412109375,1.8571008300781247,5.9805419921875,0.4013422818791925,0.282407775299363
5.52449951171875,1.8571008300781247,5.9805419921875,1.829530201342254,0.7001810638356781
1.31972412109375,0.9103088378906249,5.9805419921875,0.3785234899328842,0.15026514437406036
1.31972412109375,1.8571008300781247,4.4191650390624995,0.3959731543624141,0.2720452883732562
5.52449951171875,0.9103088378906249,4.4191650390624995,0.9959731543624033,0.354852387111145
6.31472412109375,6.854600830078124,1.0305419921875,2.34496644295304,0.8019678384956381
0.52949951171875,6.854600830078124,1.0305419921875,0.38791946308724645,0.5288997473834766
6.31472412109375,5.907808837890625,1.0305419921875,2.2684563758389347,0.7752872320248371
6.31472412109375,6.854600830078124,9.3691650390625,2.728859060402761,0.9357673955604877
0.52949951171875,5.907808837890625,9.3691650390625,0.4214765100671116,0.6231861596075357
8.81222412109375,4.355850830078125,8.4555419921875,3.6107382550337634,0.9228341646471003
8.02199951171875,4.355850830078125,8.4555419921875,3.2953020134229787,0.9160113243859077
8.81222412109375,8.406558837890625,8.4555419921875,3.7530201342284153,0.9592772431909979
8.81222412109375,4.355850830078125,6.8941650390625,3.589261744966646,0.9172968840583494
8.02199951171875,8.406558837890625,6.8941650390625,3.426845637584072,0.9526192866747962
3.81722412109375,9.353350830078124,3.5055419921875,1.720805369127491,0.8958084668371193
3.02699951171875,9.353350830078124,3.5055419921875,1.406711409395953,0.8760023537483741
3.81722412109375,3.409058837890625,3.5055419921875,1.3986577181207853,0.7249275815722778
3.81722412109375,9.353350830078124,1.9441650390625,1.6429530201342037,0.8545974563427585
3.02699951171875,3.409058837890625,1.9441650390625,0.9557046979865651,0.5822302733966987
2.56847412109375,3.1064758300781246,2.2680419921875004,0.7865771812080447,0.5322481583775449
4.27574951171875,3.1064758300781246,2.2680419921875004,1.406711409395953,0.6629548320522811
2.56847412109375,4.658433837890625,2.2680419921875004,0.9624161073825381,0.6686826753124836
2.56847412109375,3.1064758300781246,3.1816650390625,0.8577181208053588,0.587883337281577
4.27574951171875,4.658433837890625,3.1816650390625,1.6939597315435988,0.8040580091254155
7.56347412109375,8.103975830078125,7.2180419921875,3.2416107382551855,0.9493847394019206
9.27074951171875,8.103975830078125,7.2180419921875,3.920805369127769,0.9573844635137962
7.56347412109375,9.655933837890625,7.2180419921875,3.268456375839082,0.9572612314834955
7.56347412109375,8.103975830078125,8.1316650390625,3.2483221476511597,0.9513743469103715
9.27074951171875,9.655933837890625,8.1316650390625,0.31006711409395926,0.07805473536349262
5.06597412109375,0.607725830078125,4.7430419921875,0.420134228187917,0.10813829994650906
1.77824951171875,0.607725830078125,4.7430419921875,0.375838926174495,0.10230689205955204
5.06597412109375,7.157183837890624,4.7430419921875,2.1919463087248294,0.9061907052781404
5.06597412109375,0.607725830078125,5.6566650390625,0.42818791946308465,0.11270112805601763
1.77824951171875,7.157183837890624,5.6566650390625,0.9006711409395862,0.8123199357612545
0.07097412109375,5.605225830078124,9.6930419921875,0.36912751677852196,0.5757595065031462
6.77324951171875,5.605225830078124,9.6930419921875,2.8738255033558024,0.927286581024136
0.07097412109375,2.1596838378906247,9.6930419921875,0.36510067114093814,0.308210747022432
0.07097412109375,5.605225830078124,0.7066650390625,0.36510067114093814,0.5257653334547816
6.77324951171875,2.1596838378906247,0.7066650390625,1.488590604026824,0.4684459344446416
0.051462402343750005,0.627247314453125,5.6905029296875,0.36375838926174353,0.10446327521635398
4.60744873046875,0.627247314453125,5.6905029296875,0.4174496644295278,0.11341370431795318
0.051462402343750005,4.2875256347656245,5.6905029296875,0.36510067114093814,0.4842807298051327
0.051462402343750005,0.627247314453125,9.3498291015625,0.36375838926174353,0.10613544224333249
4.60744873046875,4.2875256347656245,9.3498291015625,1.9395973154362118,0.8675738019156285
5.04646240234375,5.624747314453124,0.7405029296875,1.6483221476509822,0.6784627949026473
9.60244873046875,5.624747314453124,0.7405029296875,3.3422818791947977,0.7882629955395812
5.04646240234375,9.285025634765626,0.7405029296875,1.8859060402684276,0.779599204076481
5.04646240234375,5.624747314453124,4.3998291015625,2.115436241610724,0.8771890533917062
9.60244873046875,9.285025634765626,4.3998291015625,4.038926174496914,0.95528786992705
7.54396240234375,3.125997314453125,8.1655029296875,2.9838926174497784,0.875749711566447
2.1099487304687496,3.125997314453125,8.1655029296875,0.8281879194630775,0.6570686946810658
7.54396240234375,6.786275634765625,8.1655029296875,3.2093959731545096,0.9421088786523723
7.54396240234375,3.125997314453125,1.9248291015625,2.6067114093960315,0.7629228813481037
2.1099487304687496,6.786275634765625,1.9248291015625,0.8885906040268348,0.7104677726635298
2.54896240234375,8.123497314453125,3.2155029296875,1.1785234899328698,0.8322288625680389
7.10494873046875,8.123497314453125,3.2155029296875,2.986577181208168,0.9239254869362465
2.54896240234375,1.7887756347656247,3.2155029296875,0.5516778523489885,0.3340366622849321
2.54896240234375,8.123497314453125,6.8748291015625,1.242953020134211,0.8787272340777972
7.10494873046875,1.7887756347656247,6.8748291015625,2.460402684563795,0.7600831394834737
3.79771240234375,4.3753723144531245,1.9780029296875001,1.3677852348993094,0.7107769230467231
5.8561987304687495,4.3753723144531245,1.9780029296875001,2.165100671140933,0.7901842892261097
3.79771240234375,0.5394006347656249,1.9780029296875001,0.3798657718120788,0.08374632512132728
3.79771240234375,4.3753723144531245,8.1123291015625,1.6107382550335332,0.8419493072639137
5.8561987304687495,0.5394006347656249,8.1123291015625,0.5315436241610694,0.140835332372322
8.79271240234375,9.372872314453126,6.9280029296875,3.7503355704700256,0.9604886482925366
0.8611987304687501,9.372872314453126,6.9280029296875,0.5959731543624105,0.8006629887942586
8.79271240234375,5.536900634765624,6.9280029296875,3.6496644295304135,0.9346351654285685
8.79271240234375,9.372872314453126,3.1623291015625004,3.685906040268674,0.9437755024799284
0.8611987304687501,5.536900634765624,3.1623291015625004,0.4563758389261714,0.5663117157692996
6.29521240234375,1.8766223144531247,4.4530029296875,2.055033557046957,0.703546580594669
8.35369873046875,1.8766223144531247,4.4530029296875,2.8657718120806335,0.7669587561503868
6.29521240234375,8.035650634765625,4.4530029296875,2.69798657718128,0.927457625803608
6.29521240234375,1.8766223144531247,0.6873291015625,1.2013422818791781,0.3965433254963762
8.35369873046875,8.035650634765625,0.6873291015625,3.05100671140952,0.8160540053372842
1.30021240234375,6.874122314453125,9.4030029296875,0.7328859060402604,0.7978949347465492
3.35869873046875,6.874122314453125,9.4030029296875,1.5516778523489705,0.8932331101182642
1.30021240234375,3.038150634765625,9.4030029296875,0.5234899328859017,0.5191585094523417
1.30021240234375,6.874122314453125,5.6373291015625,0.7046979865771736,0.7645079811293036
3.35869873046875,3.038150634765625,5.6373291015625,1.256375838926157,0.7194723979022812
1.9245874023437501,3.7506848144531246,3.8342529296875,0.7328859060402604,0.612124695752429
0.23682373046875002,3.7506848144531246,3.8342529296875,0.37181208053691117,0.4410950205316254
1.9245874023437501,9.909713134765624,3.8342529296875,0.9879194630872357,0.8470402238560623
1.9245874023437501,3.7506848144531246,7.4935791015625,0.8134228187919368,0.6894292419562007
0.23682373046875002,9.909713134765624,7.4935791015625,0.3946308724832195,0.7307614862003067
6.91958740234375,8.748184814453126,8.7842529296875,3.0067114093960905,0.9522722453320844
5.23182373046875,8.748184814453126,8.7842529296875,2.335570469798676,0.9401209853425687
6.91958740234375,4.912213134765625,8.7842529296875,2.89261744966453,0.9160717409226975
6.91958740234375,8.748184814453126,2.5435791015625,2.8979865771813094,0.9173970290399562
5.23182373046875,4.912213134765625,2.5435791015625,2.0442953020133983,0.8215700356977684
9.41708740234375,1.2519348144531248,1.3592529296875002,2.0671140939597104,0.48833950777876045
2.7343237304687498,1.2519348144531248,1.3592529296875002,0.3932885906040249,0.16515174210245354
9.41708740234375,2.4134631347656246,1.3592529296875002,2.9060402684564783,0.6960709608315916
9.41708740234375,1.2519348144531248,5.0185791015625,2.93154362416118,0.7033953578310634
2.7343237304687498,2.4134631347656246,5.0185791015625,0.8805369127516671,0.5748365513269954
4.42208740234375,6.249434814453124,6.3092529296875,1.9302013422818496,0.8928844165449443
7.72932373046875,6.249434814453124,6.3092529296875,3.246979865771965,0.9328199647192392
4.42208740234375,7.410963134765624,6.3092529296875,1.966442953020104,0.9096866984854066
4.42208740234375,6.249434814453124,9.9685791015625,1.9610738255033255,0.9073446916548125
7.72932373046875,7.410963134765624,9.9685791015625,3.310067114094122,0.951061730381966
3.17333740234375,2.5013098144531245,7.5467529296875,1.1355704697986424,0.6763520582558951
8.97807373046875,2.5013098144531245,7.5467529296875,3.4375838926176305,0.8637722241624327
3.17333740234375,6.1615881347656245,7.5467529296875,1.444295302013402,0.8681392857335504
3.17333740234375,2.5013098144531245,6.2560791015624995,1.106040268456361,0.657322516311531
8.97807373046875,6.1615881347656245,6.2560791015624995,3.739597315436467,0.9398677410932215
8.16833740234375,7.498809814453124,2.5967529296875003,3.357046979865941,0.9179187124988513
3.98307373046875,7.498809814453124,2.5967529296875003,1.6979865771811826,0.8539534385335303
8.16833740234375,1.164088134765625,2.5967529296875003,1.9879194630872177,0.5352093683140917
8.16833740234375,7.498809814453124,1.3060791015625002,3.191946308724977,0.8721056229939624
3.98307373046875,1.164088134765625,1.3060791015625002,0.42550335570469544,0.15470850367631972
5.67083740234375,5.000059814453125,5.0717529296874995,2.3463087248322347,0.8819189021675338
6.48057373046875,5.000059814453125,5.0717529296874995,2.6684563758389936,0.8944418087394441
5.67083740234375,3.6628381347656247,5.0717529296874995,2.234899328859064,0.8397626636362672
5.67083740234375,5.000059814453125,3.7810791015625003,2.303355704698,0.8655313165318093
6.48057373046875,3.6628381347656247,3.7810791015625003,2.50067114093964,0.8376517679484319
0.67583740234375,9.997559814453124,0.12175292968750001,0.3973154362416087,0.5148684768741931
1.48557373046875,9.997559814453124,0.12175292968750001,0.5382550335570424,0.5082480112956294
0.67583740234375,8.660338134765626,0.12175292968750001,0.3919463087248303,0.4933955583401848
0.67583740234375,9.997559814453124,8.7310791015625,0.539597315436237,0.8047901643187977
1.48557373046875,8.660338134765626,8.7310791015625,0.8402684563758289,0.8484443626430123
0.9880249023437501,4.687716064453125,9.0936279296875,0.5315436241610694,0.6428593843637106
8.66588623046875,4.687716064453125,9.0936279296875,3.5785234899330876,0.9284977691053995
0.9880249023437501,1.4764318847656248,9.0936279296875,0.38523489932885724,0.2358270818822572
0.9880249023437501,4.687716064453125,0.9967041015625,0.4026845637583871,0.41685781331088323
8.66588623046875,1.4764318847656248,0.9967041015625,1.8322147651006433,0.4649435168583043
5.98302490234375,9.685216064453124,4.1436279296875,2.602684563758447,0.9347168184712914
3.6708862304687497,9.685216064453124,4.1436279296875,1.683221476510042,0.90386414950273
5.98302490234375,6.473931884765625,4.1436279296875,2.518120805369173,0.9041879762725729
5.98302490234375,9.685216064453124,5.9467041015625,2.628187919463149,0.9440035917161168
3.6708862304687497,6.473931884765625,5.9467041015625,1.634899328859036,0.877900954376652
8.48052490234375,2.188966064453125,6.6186279296874995,3.136912751677989,0.8293466543876606
6.16838623046875,2.188966064453125,6.6186279296874995,2.218791946308726,0.7752129156264762
8.48052490234375,8.972681884765626,6.6186279296874995,3.6174496644297376,0.9569487210016796
8.48052490234375,2.188966064453125,8.4217041015625,3.183892617449808,0.8419613008922928
6.16838623046875,8.972681884765626,8.4217041015625,2.7100671140940333,0.9482799188219475
3.48552490234375,7.186466064453124,1.6686279296875002,1.4053691275167584,0.7835670552539853
1.1733862304687501,7.186466064453124,1.6686279296875002,0.5543624161073777,0.6163407759195734
3.48552490234375,3.9751818847656244,1.6686279296875002,1.157046979865756,0.6390033258882983
3.48552490234375,7.186466064453124,3.4717041015625,1.5302013422818568,0.8552042996454681
1.1733862304687501,3.9751818847656244,3.4717041015625,0.4818791946308689,0.5023640475742199
4.73427490234375,0.9395910644531249,2.9061279296875,0.6174496644295242,0.22411873016711392
2.42213623046875,0.9395910644531249,2.9061279296875,0.38657718120805185,0.1448333253399445
4.73427490234375,2.7258068847656247,2.9061279296875,1.5785234899328626,0.686040484312169
4.73427490234375,0.9395910644531249,2.2342041015625003,0.5248322147650963,0.1796946275781931
2.42213623046875,2.7258068847656247,2.2342041015625003,0.6711409395973085,0.45988521654100717
9.72927490234375,5.937091064453124,7.8561279296875,4.0496644295304725,0.9465569493847854
7.41713623046875,5.937091064453124,7.8561279296875,3.12885906040282,0.9322799165725278
9.72927490234375,7.723306884765624,7.8561279296875,4.100671140939876,0.9585060625906706
9.72927490234375,5.937091064453124,7.1842041015625,4.0416107382553035,0.9446742093656482
7.41713623046875,7.723306884765624,7.1842041015625,3.174496644295444,0.9458991282744516
7.23177490234375,3.4383410644531245,0.4311279296875,1.8496644295301732,0.5556124009805449
4.9196362304687495,3.4383410644531245,0.4311279296875,1.1476510067113939,0.4718065060437205
7.23177490234375,5.224556884765624,0.4311279296875,2.170469798657712,0.656133873354477
7.23177490234375,3.4383410644531245,9.6592041015625,2.915436241610842,0.8882201763223704
4.9196362304687495,5.224556884765624,9.6592041015625,2.118120805369114,0.8975586714078092
2.23677490234375,8.435841064453125,5.3811279296875,1.1087248322147503,0.8592908528106348
9.91463623046875,8.435841064453125,5.3811279296875,4.163758389262033,0.9566591784436558
2.23677490234375,0.227056884765625,5.3811279296875,0.36912751677852196,0.03993720012620222
2.23677490234375,8.435841064453125,4.7092041015624995,1.099328859060388,0.8518090979956752
9.91463623046875,0.227056884765625,4.7092041015624995,0.3932885906040249,0.040538068625218596
1.61239990234375,1.5642785644531247,1.0498779296875,0.3798657718120788,0.20053833640254085
6.79276123046875,1.5642785644531247,1.0498779296875,1.3476510067113903,0.4188185953673946
1.61239990234375,7.098619384765624,1.0498779296875,0.6389261744966379,0.5933782243770362
1.61239990234375,1.5642785644531247,2.8529541015625,0.39060402684563567,0.22433032796284014
6.79276123046875,7.098619384765624,2.8529541015625,2.8120805369128403,0.9046293354835937
6.60739990234375,6.561778564453125,5.9998779296875,2.806711409396061,0.9252826519758648
1.79776123046875,6.561778564453125,5.9998779296875,0.8939597315436132,0.8003565338746426
6.60739990234375,2.101119384765625,5.9998779296875,2.34496644295304,0.7719011904652467
6.60739990234375,6.561778564453125,7.8029541015625,2.8268456375839834,0.931993433252135
1.79776123046875,2.101119384765625,7.8029541015625,0.5302013422818748,0.4117499726414292
9.10489990234375,4.063028564453124,3.5248779296875004,3.5731543624163082,0.886326808992992
9.29026123046875,4.063028564453124,3.5248779296875004,3.646979865772024,0.8883479490739283
9.10489990234375,4.599869384765625,3.5248779296875004,3.6241610738257117,0.8990641825729684
9.10489990234375,4.063028564453124,5.3279541015625,3.6496644295304135,0.9055697578763167
9.29026123046875,4.599869384765625,5.3279541015625,3.7664429530203636,0.9177567708188534
4.1098999023437495,9.060528564453126,8.4748779296875,1.891275167785206,0.9285622476978763
4.29526123046875,9.060528564453126,8.4748779296875,1.9651006711409094,0.931013127374942
4.1098999023437495,9.597369384765624,8.4748779296875,1.8993288590603736,0.9325204314717217
4.1098999023437495,9.060528564453126,0.3779541015625,1.3677852348993094,0.6648051567759861
4.29526123046875,9.597369384765624,0.3779541015625,1.4536912751677642,0.6827692090564977
2.8611499023437497,2.8136535644531246,7.2373779296875,1.0630872483221336,0.684541531023571
3.04651123046875,2.8136535644531246,7.2373779296875,1.1355704697986424,0.6990838622225729
2.8611499023437497,8.347994384765625,7.2373779296875,1.3744966442952824,0.893169330792607
2.8611499023437497,2.8136535644531246,4.0904541015625,0.9691275167785112,0.6183628133381066
3.04651123046875,8.347994384765625,4.0904541015625,1.406711409395953,0.8718290088707825
7.85614990234375,7.811153564453124,2.2873779296875,3.222818791946458,0.9121970386517111
8.04151123046875,7.811153564453124,2.2873779296875,3.2953020134229787,0.9136138571763166
7.85614990234375,3.3504943847656246,2.2873779296875,2.846979865771906,0.8047636351165984
7.85614990234375,7.811153564453124,9.0404541015625,3.363758389261915,0.952645477047428
8.04151123046875,3.3504943847656246,9.0404541015625,3.221476510067263,0.8935201275203881
5.35864990234375,0.314903564453125,9.7123779296875,0.39060402684563567,0.05886031695128055
0.54901123046875,0.314903564453125,9.7123779296875,0.36510067114093814,0.05547494966866048
5.35864990234375,0.851744384765625,9.7123779296875,1.1221476510066963,0.4181635886169295
5.35864990234375,0.314903564453125,6.5654541015625,0.38657718120805185,0.05684626789485418
0.54901123046875,0.851744384765625,6.5654541015625,0.36912751677852196,0.14019643153764866
0.36364990234375,5.312403564453125,4.7623779296875,0.38523489932885724,0.5467160652353185
5.54401123046875,5.312403564453125,4.7623779296875,2.30604026845639,0.8835742181720625
0.36364990234375,5.849244384765624,4.7623779296875,0.38791946308724645,0.5743001792731092
0.36364990234375,5.312403564453125,1.6154541015625001,0.3771812080536896,0.505258837658964
5.54401123046875,5.849244384765624,1.6154541015625001,2.1194630872483087,0.8106600082312818
0.51974365234375,2.9698254394531247,1.5139404296875,0.3731543624161058,0.3518255217010201
9.75854248046875,2.9698254394531247,1.5139404296875,3.3033557046981477,0.76778754301003
0.51974365234375,2.881978759765625,1.5139404296875,0.3731543624161058,0.3454079277635372
0.51974365234375,2.9698254394531247,0.2232666015625,0.36912751677852196,0.3215765036127177
9.75854248046875,2.881978759765625,0.2232666015625,2.2228187919463105,0.510432135910224
5.51474365234375,7.967325439453124,6.4639404296875,2.416107382550366,0.930204331373284
4.76354248046875,7.967325439453124,6.4639404296875,2.116778523489919,0.9212379156844905
5.51474365234375,7.879478759765624,6.4639404296875,2.413422818791976,0.9291880507692543
5.51474365234375,7.967325439453124,5.1732666015625,2.400000000000028,0.9239199557535123
4.76354248046875,7.879478759765624,5.1732666015625,2.0979865771811914,0.9129822628287316
8.01224365234375,0.47107543945312497,3.9889404296875,0.6228187919463026,0.1351588953561615
7.26104248046875,0.47107543945312497,3.9889404296875,0.4389261744966415,0.08709434197127336
8.01224365234375,5.380728759765624,3.9889404296875,3.2671140939598873,0.908885051791511
8.01224365234375,0.47107543945312497,7.6482666015625,0.9758389261744842,0.23942650452759676
7.26104248046875,5.380728759765624,7.6482666015625,3.041610738255156,0.9233872887120866
3.01724365234375,5.468575439453124,8.9389404296875,1.3664429530201148,0.8532674698153164
2.26604248046875,5.468575439453124,8.9389404296875,1.0671140939597175,0.8192703841577589
3.01724365234375,0.383228759765625,8.9389404296875,0.3798657718120788,0.06905134505683247
3.01724365234375,5.468575439453124,2.6982666015625,1.2268456375838757,0.7634377778554543
2.26604248046875,0.383228759765625,2.6982666015625,0.37046979865771656,0.06365678869635105
4.26599365234375,1.7204504394531248,5.2264404296875,1.2483221476509894,0.5838607484730636
1.01729248046875,1.7204504394531248,5.2264404296875,0.38523489932885724,0.25758024633942683
4.26599365234375,1.6326037597656247,5.2264404296875,1.2067114093959566,0.5623076974509641
4.26599365234375,1.7204504394531248,1.4607666015625,0.822818791946299,0.3638245916358182
1.01729248046875,1.6326037597656247,1.4607666015625,0.3744966442953004,0.22115133470718112
9.26099365234375,6.717950439453125,0.27644042968750004,2.877852348993387,0.6995459589132158
6.01229248046875,6.717950439453125,0.27644042968750004,1.785234899328832,0.6321642309883917
9.26099365234375,6.630103759765625,0.27644042968750004,2.869798657718218,0.6975196343168174
9.26099365234375,6.717950439453125,6.4107666015625,3.87382550335595,0.9467623826350878
6.01229248046875,6.630103759765625,6.4107666015625,2.5771812080537453,0.9217720502100626
6.76349365234375,4.219200439453124,7.7014404296875,2.77583892617458,0.8966721495605239
3.51479248046875,4.219200439453124,7.7014404296875,1.481879194630851,0.822936496949261
6.76349365234375,9.128853759765626,7.7014404296875,2.9449664429531284,0.9514431885007348
6.76349365234375,4.219200439453124,8.8857666015625,2.7892617449665282,0.9010647099285465
3.51479248046875,9.128853759765626,8.8857666015625,1.6577181208053444,0.9212575222069315
1.76849365234375,9.216700439453126,2.7514404296875004,0.8818791946308617,0.797010562254608
8.50979248046875,9.216700439453126,2.7514404296875004,3.551677852349191,0.9364107873795551
1.76849365234375,4.1313537597656245,2.7514404296875004,0.6630872483221408,0.5789286652793156
1.76849365234375,9.216700439453126,3.9357666015625004,0.9154362416107269,0.8287954719075933
8.50979248046875,4.1313537597656245,3.9357666015625004,3.3664429530203046,0.8873920564211448
2.3928686523437497,1.0957629394531248,8.3201904296875,0.413422818791944,0.1919724576578798
5.38791748046875,1.0957629394531248,8.3201904296875,1.389261744966423,0.5324110387673058
2.3928686523437497,8.504166259765626,8.3201904296875,1.1973154362415943,0.8856073933041637
2.3928686523437497,1.0957629394531248,3.3170166015625,0.3946308724832195,0.16880869814985816
5.38791748046875,8.504166259765626,3.3170166015625,2.319463087248338,0.9104455862102854
7.38786865234375,6.093262939453124,3.3701904296875003,3.0308724832215974,0.9058779812928339
0.39291748046875,6.093262939453124,3.3701904296875003,0.38791946308724645,0.5697381686647434
7.38786865234375,3.5066662597656246,3.3701904296875003,2.8107382550336455,0.839602207183141
7.38786865234375,6.093262939453124,8.2670166015625,3.1261744966444303,0.9347533408365192
0.39291748046875,3.5066662597656246,8.2670166015625,0.382550335570468,0.44388734047283485
9.88536865234375,3.5945129394531246,5.8451904296874995,3.926174496644548,0.9043478362164
7.88541748046875,3.5945129394531246,5.8451904296874995,3.1302013422820147,0.8832756553798093
9.88536865234375,1.0079162597656248,5.8451904296874995,2.9114093959732577,0.6677138138950612
9.88536865234375,3.5945129394531246,5.7920166015625,3.9248322147653534,0.9040330708008746
7.88541748046875,1.0079162597656248,5.7920166015625,2.1275167785234776,0.5942422217553452
4.89036865234375,8.592012939453125,0.8951904296875,1.8523489932885624,0.7862313284260976
2.89041748046875,8.592012939453125,0.8951904296875,1.106040268456361,0.707363966987908
4.89036865234375,6.005416259765624,0.8951904296875,1.689932885906015,0.7153905551487455
4.89036865234375,8.592012939453125,0.8420166015625,1.833557046979838,0.7780510811645329
2.89041748046875,6.005416259765624,0.8420166015625,0.9651006711409273,0.6111160179578462
3.64161865234375,4.843887939453125,4.6076904296875,1.5181208053691053,0.8196014621976656
4.13916748046875,4.843887939453125,4.6076904296875,1.7154362416107125,0.8366688654022436
3.64161865234375,7.254791259765624,4.6076904296875,1.6255033557046739,0.8782509741482918
3.64161865234375,4.843887939453125,4.5545166015625,1.5167785234899107,0.8188471647931193
4.13916748046875,7.254791259765624,4.5545166015625,1.8214765100670864,0.8888667852443695
8.63661865234375,9.841387939453124,9.5576904296875,0.28590604026845634,0.0755523423121501
9.13416748046875,9.841387939453124,9.5576904296875,0.2778523489932887,0.06917348198145172
8.63661865234375,2.2572912597656245,9.5576904296875,3.2832214765102252,0.8542852322883634
8.63661865234375,9.841387939453124,9.5045166015625,0.28590604026845634,0.07562429890848994
9.13416748046875,2.2572912597656245,9.5045166015625,3.480536912751865,0.8611738503175459
6.1391186523437495,2.345137939453125,2.1326904296875,1.8872483221476222,0.6580894705412147
1.64166748046875,2.345137939453125,2.1326904296875,0.4120805369127494,0.2955258950893872
6.1391186523437495,4.756041259765625,2.1326904296875,2.3409395973154554,0.82107713341
6.1391186523437495,2.345137939453125,7.0295166015624995,2.2604026845637657,0.7933091070667246
1.64166748046875,4.756041259765625,7.0295166015624995,0.7691275167785148,0.7242739285237101
1.14411865234375,7.342637939453124,7.0826904296875,0.6697986577181139,0.7805292325563344
6.63666748046875,7.342637939453124,7.0826904296875,2.85369127516788,0.9372318264801536
1.14411865234375,9.753541259765624,7.0826904296875,0.7127516778523413,0.8338172013870524
1.14411865234375,7.342637939453124,2.0795166015625,0.5718120805369076,0.6501346293889347
6.63666748046875,9.753541259765624,2.0795166015625,2.7812080536913593,0.9129483180474536
0.83193115234375,2.0327941894531247,3.6795654296875,0.3812080536912734,0.2850140216505714
3.2026049804687498,2.0327941894531247,3.6795654296875,0.8818791946308617,0.5048135898342846
0.83193115234375,0.07088500976562499,3.6795654296875,0.36375838926174353,0.012431278405360596
0.83193115234375,2.0327941894531247,9.8138916015625,0.39060402684563567,0.308908540384781
3.2026049804687498,0.07088500976562499,9.8138916015625,0.36644295302013274,0.012933371949829062
5.82693115234375,7.030294189453125,8.6295654296875,2.5355704697987056,0.9316000151525279
8.19760498046875,7.030294189453125,8.6295654296875,3.4791946308726702,0.9487287071849416
5.82693115234375,5.068385009765625,8.6295654296875,2.4644295302013797,0.905416739160642
5.82693115234375,7.030294189453125,4.8638916015625,2.492617449664471,0.9156283804485794
8.19760498046875,5.068385009765625,4.8638916015625,3.3503355704699667,0.9133383446759002
8.32443115234375,4.5315441894531245,1.2045654296875001,2.9516778523491025,0.7917992187425216
0.70510498046875,4.5315441894531245,1.2045654296875001,0.38657718120805185,0.43297827715338094
8.32443115234375,7.567135009765624,1.2045654296875001,3.230872483221627,0.8678675994883469
8.32443115234375,4.5315441894531245,2.3888916015625004,3.214765100671289,0.8638216770285041
0.70510498046875,7.567135009765624,2.3888916015625004,0.44832214765100376,0.6190135678319759
3.3294311523437496,9.529044189453126,6.1545654296875,1.5718120805368896,0.9108419668169494
5.70010498046875,9.529044189453126,6.1545654296875,2.515436241610783,0.9416728325065624
3.3294311523437496,2.5696350097656246,6.1545654296875,1.1785234899328698,0.6769237014943392
3.3294311523437496,9.529044189453126,7.3388916015625,1.5812080536912518,0.9163456699432737
5.70010498046875,2.5696350097656246,7.3388916015625,2.1436241610738156,0.8017550088182936
4.57818115234375,3.282169189453125,9.8670654296875,1.8429530201342001,0.8284556356946167
6.94885498046875,3.282169189453125,9.8670654296875,2.7865771812081386,0.8791967950858294
4.57818115234375,3.8190100097656248,9.8670654296875,1.8953020134227898,0.8521949128470456
4.57818115234375,3.282169189453125,8.5763916015625,1.8281879194630595,0.8216869442262861
6.94885498046875,3.8190100097656248,8.5763916015625,2.8268456375839834,0.891889034648981
9.57318115234375,8.279669189453125,4.9170654296875,4.017449664429797,0.9528282649440343
1.95385498046875,8.279669189453125,4.9170654296875,0.986577181208041,0.8375341793928266
9.57318115234375,8.816510009765626,4.9170654296875,4.028187919463355,0.9553957478756636
9.57318115234375,8.279669189453125,3.6263916015625,3.9865771812083155,0.9454205651140964
1.95385498046875,8.816510009765626,3.6263916015625,0.973154362416095,0.8256221266345024
7.0756811523437495,0.7834191894531249,7.3920654296874995,1.563758389261722,0.47100558015385696
9.44635498046875,0.7834191894531249,7.3920654296874995,2.476510067114133,0.5888056185322232
7.0756811523437495,6.317760009765625,7.3920654296874995,3.001342281879311,0.9321149646611899
7.0756811523437495,0.7834191894531249,1.1513916015625,0.6053691275167727,0.15368893304678027
9.44635498046875,6.317760009765625,1.1513916015625,3.567785234899529,0.8552363765066626
2.08068115234375,5.780919189453124,2.4420654296875,0.8684563758389157,0.7002416878246317
4.45135498046875,5.780919189453124,2.4420654296875,1.7892617449664159,0.8220619973811867
2.08068115234375,1.3202600097656247,2.4420654296875,0.3919463087248303,0.19019610091439765
2.08068115234375,5.780919189453124,6.1013916015625,0.9785234899328734,0.7955569370944391
4.45135498046875,1.3202600097656247,6.1013916015625,1.1355704697986424,0.504963100672208
1.45630615234375,3.9068566894531247,6.7733154296875,0.6375838926174433,0.6313924819276592
1.32947998046875,3.9068566894531247,6.7733154296875,0.5906040268456321,0.6099153866918454
1.45630615234375,5.693072509765624,6.7733154296875,0.7382550335570388,0.7493793638425436
1.45630615234375,3.9068566894531247,6.7201416015625,0.6375838926174433,0.6312626260344657
1.32947998046875,5.693072509765624,6.7201416015625,0.6885906040268384,0.7350866540549847
6.45130615234375,8.904356689453126,1.8233154296875,2.65906040268463,0.8943862546024194
6.32447998046875,8.904356689453126,1.8233154296875,2.609395973154421,0.8928599682311174
6.45130615234375,0.6955725097656249,1.8233154296875,0.49127516778523117,0.12303176409455954
6.45130615234375,8.904356689453126,1.7701416015625002,2.6536912751678505,0.8925361183200533
6.32447998046875,0.6955725097656249,1.7701416015625002,0.4523489932885876,0.11074422477420738
8.94880615234375,1.408106689453125,9.2483154296875,3.067114093959858,0.7723431486269601
3.82697998046875,1.408106689453125,9.2483154296875,1.0496644295301876,0.5270943282312619
8.94880615234375,3.1943225097656245,9.2483154296875,3.566442953020334,0.8989840341753011
8.94880615234375,1.408106689453125,4.2451416015625,2.805369127516866,0.7046500494596508
3.82697998046875,3.1943225097656245,4.2451416015625,1.4120805369127314,0.7307782179776454
3.9538061523437498,6.4056066894531245,4.2983154296874995,1.7127516778523233,0.8669166948190906
8.82197998046875,6.4056066894531245,4.2983154296874995,3.6483221476512186,0.9313725740140033
3.9538061523437498,8.191822509765625,4.2983154296874995,1.7677852348993022,0.8949811986141003
3.9538061523437498,6.4056066894531245,9.1951416015625,1.7744966442952752,0.8986712962589947
8.82197998046875,8.191822509765625,9.1951416015625,3.757046979866,0.9593638371191318
2.70505615234375,0.158731689453125,0.5858154296875,0.36510067114093814,0.025648479793885223
7.57322998046875,0.158731689453125,0.5858154296875,0.36912751677852196,0.02449162636711446
2.70505615234375,9.441197509765624,0.5858154296875,0.9919463087248195,0.6630254821718085
2.70505615234375,0.158731689453125,5.4826416015624995,0.36778523489932735,0.02807068393628606
7.57322998046875,9.441197509765624,5.4826416015624995,3.252348993288744,0.9514090136491138
7.70005615234375,5.156231689453125,5.5358154296875,3.1731543624162493,0.9145825123350313
2.5782299804687496,5.156231689453125,5.5358154296875,1.136912751677837,0.7958388040684423
7.70005615234375,4.443697509765625,5.5358154296875,3.127516778523625,0.9013686338256008
7.70005615234375,5.156231689453125,0.5326416015625001,2.4120805369127813,0.6911051982236741
2.5782299804687496,4.443697509765625,0.5326416015625001,0.6751677852348923,0.44511992390478716
5.20255615234375,2.6574816894531246,3.0608154296875,1.7597315436241345,0.7081629962324786
5.07572998046875,2.6574816894531246,3.0608154296875,1.710067114093934,0.7023043821861061
5.20255615234375,1.9449475097656248,3.0608154296875,1.5288590604026622,0.6108453035093511
5.20255615234375,2.6574816894531246,3.0076416015625003,1.754362416107356,0.7058989109385765
5.07572998046875,1.9449475097656248,3.0076416015625003,1.475167785234878,0.6009105070862716
0.20755615234375002,7.654981689453124,8.0108154296875,0.38389261744966263,0.6651091838014624
0.08072998046874999,7.654981689453124,8.0108154296875,0.37046979865771656,0.6583130258280945
0.20755615234375002,6.942447509765624,8.0108154296875,0.382550335570468,0.6394919244620034
0.20755615234375002,7.654981689453124,7.9576416015625,0.38389261744966263,0.6649944399934143
0.08072998046874999,6.942447509765624,7.9576416015625,0.37046979865771656,0.6329887670608865
0.28560302734375004,4.141114501953124,2.6740966796875,0.3731543624161058,0.458770656677861
6.40252685546875,4.141114501953124,2.6740966796875,2.4429530201342624,0.8265841739608197
0.28560302734375004,7.957564697265624,2.6740966796875,0.38389261744966263,0.6315672322497236
0.28560302734375004,4.141114501953124,6.1787353515625,0.3771812080536896,0.481296245601767
6.40252685546875,7.957564697265624,6.1787353515625,2.766442953020216,0.9372871339828608
5.28060302734375,9.138614501953125,7.6240966796875,2.3543624161074037,0.9403037231914531
1.4075268554687501,9.138614501953125,7.6240966796875,0.8120805369127422,0.8463945356176317
5.28060302734375,2.960064697265625,7.6240966796875,2.0496644295301776,0.818073852540395
5.28060302734375,9.138614501953125,1.2287353515625001,2.115436241610724,0.8434246083590795
1.4075268554687501,2.960064697265625,1.2287353515625001,0.4026845637583871,0.31944001119645704
7.77810302734375,1.6423645019531248,0.1990966796875,1.085906040268442,0.29192865970241816
8.90002685546875,1.6423645019531248,0.1990966796875,1.3409395973154172,0.32489322358273587
7.77810302734375,0.46131469726562496,0.1990966796875,0.3798657718120788,0.05530832947070198
7.77810302734375,1.6423645019531248,3.7037353515625,2.445637583892652,0.6957290356213389
8.90002685546875,0.46131469726562496,3.7037353515625,0.7959731543624069,0.1695457605794149
2.78310302734375,6.639864501953125,5.1490966796875,1.2751677852348815,0.8452079887247554
3.90502685546875,6.639864501953125,5.1490966796875,1.720805369127491,0.8798407125328285
2.78310302734375,5.458814697265624,5.1490966796875,1.2268456375838757,0.8126222954505152
2.78310302734375,6.639864501953125,8.6537353515625,1.3127516778523305,0.8706217476178959
3.90502685546875,5.458814697265624,8.6537353515625,1.7167785234899071,0.8780084080498368
4.03185302734375,0.392989501953125,8.8615966796875,0.38791946308724645,0.07196686078500562
2.6562768554687497,0.392989501953125,8.8615966796875,0.3785234899328842,0.07059908920499385
4.03185302734375,6.708189697265625,8.8615966796875,1.8134228187919188,0.9040969920600113
4.03185302734375,0.392989501953125,7.4162353515624995,0.38657718120805185,0.07101674233615879
2.6562768554687497,6.708189697265625,7.4162353515624995,1.2550335570469624,0.8611071885441266
9.02685302734375,5.390489501953124,3.9115966796875004,3.6671140939599463,0.9169455620959455
7.65127685546875,5.390489501953124,3.9115966796875004,3.120805369127651,0.9043993754866388
9.02685302734375,1.7106896972656247,3.9115966796875004,2.9986577181209215,0.7482448955948966
9.02685302734375,5.390489501953124,2.4662353515625,3.5771812080538927,0.8941295839325212
7.65127685546875,1.7106896972656247,2.4662353515625,2.236241610738259,0.6435007089515997
6.52935302734375,2.8917395019531247,6.3865966796875,2.508724832214809,0.8352296868785639
0.15877685546875,2.8917395019531247,6.3865966796875,0.36912751677852196,0.3795792047505081
6.52935302734375,4.2094396972656245,6.3865966796875,2.6617449664430195,0.8864551363326603
6.52935302734375,2.8917395019531247,4.9412353515625,2.460402684563795,0.8188237136130163
0.15877685546875,4.2094396972656245,4.9412353515625,0.37046979865771656,0.47947970316896493
1.53435302734375,7.889239501953124,1.4365966796875,0.6791946308724761,0.659085171637509
5.15377685546875,7.889239501953124,1.4365966796875,2.053691275167762,0.8356715902335605
1.53435302734375,9.206939697265625,1.4365966796875,0.7154362416107305,0.6987178402884957
1.53435302734375,7.889239501953124,9.8912353515625,0.8510067114093858,0.8426612149557828
5.15377685546875,9.206939697265625,9.8912353515625,2.3154362416107537,0.9439066780197652
2.15872802734375,2.267052001953125,7.0053466796874995,0.6859060402684491,0.5123571166607487
8.27565185546875,2.267052001953125,7.0053466796874995,3.088590604026975,0.8346827730996513
2.15872802734375,3.5847521972656247,7.0053466796874995,0.8818791946308617,0.6933311603960981
2.15872802734375,2.267052001953125,8.0349853515625,0.703355704697979,0.5286176844441551
8.27565185546875,3.5847521972656247,8.0349853515625,3.3261744966444597,0.8992536557182716
7.15372802734375,7.264552001953124,2.0553466796875,2.900671140939699,0.8915677690786743
3.28065185546875,7.264552001953124,2.0553466796875,1.3718120805368932,0.8020751643072173
7.15372802734375,8.582252197265625,2.0553466796875,2.9503355704699077,0.9069801071819528
7.15372802734375,7.264552001953124,3.0849853515625,2.9731543624162198,0.9141876831921834
3.28065185546875,8.582252197265625,3.0849853515625,1.4765100671140725,0.8647373039534674
9.65122802734375,4.765802001953125,9.4803466796875,3.9785234899331465,0.9367793967590528
5.77815185546875,4.765802001953125,9.4803466796875,2.4362416107382883,0.9015188649742223
9.65122802734375,6.0835021972656245,9.4803466796875,4.036241610738524,0.9503753720931445
9.65122802734375,4.765802001953125,0.6099853515625,3.127516778523625,0.7331869619572466
5.77815185546875,6.0835021972656245,0.6099853515625,1.8859060402684276,0.693217604516829
4.65622802734375,9.763302001953125,4.5303466796875,2.0832214765100483,0.9237681801558347
0.78315185546875,9.763302001953125,4.5303466796875,0.5503355704697939,0.7673388322095431
4.65622802734375,1.0860021972656249,4.5303466796875,0.9167785234899215,0.3767263262483336
4.65622802734375,9.763302001953125,5.5599853515625,2.0979865771811914,0.9303747180598518
0.78315185546875,1.0860021972656249,5.5599853515625,0.3731543624161058,0.17348105390695026
3.4074780273437497,3.5164270019531245,0.8178466796875,0.8765100671140833,0.47944838511528304
2.03190185546875,3.5164270019531245,0.8178466796875,0.5087248322147611,0.37147934086483153
3.4074780273437497,2.3353771972656245,0.8178466796875,0.6496644295301948,0.33413856261644237
3.4074780273437497,3.5164270019531245,9.2724853515625,1.395973154362396,0.7937066809172572
2.03190185546875,2.3353771972656245,9.2724853515625,0.6859060402684491,0.5369047501262298
8.40247802734375,8.513927001953125,5.7678466796875,3.5691275167787238,0.9519642044122516
7.02690185546875,8.513927001953125,5.7678466796875,3.0214765100672336,0.9440458333040013
8.40247802734375,7.332877197265624,5.7678466796875,3.5409395973156323,0.9444361292098705
8.40247802734375,8.513927001953125,4.3224853515624995,3.544966442953217,0.9454495875971499
7.02690185546875,7.332877197265624,4.3224853515624995,2.9677852348994405,0.9271260458918881
5.90497802734375,1.0176770019531247,3.2928466796875,1.1395973154362262,0.39201974224554226
4.52940185546875,1.0176770019531247,3.2928466796875,0.6912751677852276,0.2712882371926436
5.90497802734375,9.831627197265625,3.2928466796875,2.5530201342282384,0.9271430426927314
5.90497802734375,1.0176770019531247,1.8474853515625,0.860402684563748,0.28293349101782406
4.52940185546875,9.831627197265625,1.8474853515625,1.928859060402655,0.8742135711460353
0.90997802734375,6.015177001953124,8.2428466796875,0.5503355704697939,0.7080938562785041
9.52440185546875,6.015177001953124,8.2428466796875,3.974496644295562,0.9470852229555908
0.90997802734375,4.834127197265625,8.2428466796875,0.5046979865771772,0.6288933033670413
0.90997802734375,6.015177001953124,6.7974853515625,0.539597315436237,0.6911330213855107
9.52440185546875,4.834127197265625,6.7974853515625,3.903355704698236,0.9300602525330037
1.22216552734375,0.7053332519531249,2.3647216796875004,0.37046979865771656,0.11216756556241812
0.47096435546875004,0.7053332519531249,2.3647216796875004,0.36510067114093814,0.11235777437812533
1.22216552734375,5.146470947265625,2.3647216796875004,0.5275167785234856,0.5613233595072241
1.22216552734375,0.7053332519531249,4.0131103515625,0.37181208053691117,0.11550451752838521
0.47096435546875004,5.146470947265625,4.0131103515625,0.3919463087248303,0.5328888485952696
6.21716552734375,5.702833251953124,7.3147216796875,2.6362416107383178,0.9161146856226448
5.46596435546875,5.702833251953124,7.3147216796875,2.336912751677871,0.9064783942791415
6.21716552734375,0.148970947265625,7.3147216796875,0.375838926174495,0.027181648041002107
6.21716552734375,5.702833251953124,8.9631103515625,2.651006711409461,0.9213081432564085
5.46596435546875,0.148970947265625,8.9631103515625,0.3744966442953004,0.027322803755986662
8.71466552734375,3.204083251953125,4.8397216796875,3.3758389261746684,0.8710959893523653
2.96846435546875,3.204083251953125,4.8397216796875,1.1020134228187772,0.6910910381485407
8.71466552734375,2.6477209472656247,4.8397216796875,3.2751677852350563,0.8449353296263475
8.71466552734375,3.204083251953125,6.4881103515625,3.4281879194632667,0.8847989183595943
2.96846435546875,2.6477209472656247,6.4881103515625,1.0604026845637444,0.6628250248221671
3.71966552734375,8.201583251953124,9.7897216796875,1.727516778523464,0.9183644078060207
7.96346435546875,8.201583251953124,9.7897216796875,3.418791946308903,0.9566295183406708
3.71966552734375,7.645220947265624,9.7897216796875,1.7167785234899071,0.9126348238583508
3.71966552734375,8.201583251953124,1.5381103515625,1.5221476510066891,0.8071299236114198
7.96346435546875,7.645220947265624,1.5381103515625,3.16778523489947,0.8855024694385367
4.96841552734375,4.4534582519531245,6.0772216796875,2.0523489932885672,0.8622527175782738
9.21221435546875,4.4534582519531245,6.0772216796875,3.740939597315662,0.9185676105013063
4.96841552734375,8.894595947265625,6.0772216796875,2.2134228187919467,0.9302054156786458
4.96841552734375,4.4534582519531245,2.7756103515625004,1.9194630872482927,0.8052589758520984
9.21221435546875,8.894595947265625,2.7756103515625004,3.824161073825741,0.9388863374105849
9.96341552734375,9.450958251953125,1.1272216796875,3.943624161074081,0.9012902041567323
4.21721435546875,9.450958251953125,1.1272216796875,1.689932885906015,0.8105251355855226
9.96341552734375,3.897095947265625,1.1272216796875,3.44026845637602,0.7847666839326858
9.96341552734375,9.450958251953125,7.7256103515625,0.30738255033557005,0.07259533652332313
4.21721435546875,3.897095947265625,7.7256103515625,1.7355704697986316,0.834138410943621
7.46591552734375,1.9547082519531247,8.5522216796875,2.711409395973228,0.8026993607733504
6.71471435546875,1.9547082519531247,8.5522216796875,2.413422818791976,0.783806097798835
7.46591552734375,1.3983459472656248,8.5522216796875,2.453691275167821,0.7251004230468631
7.46591552734375,1.9547082519531247,5.2506103515625,2.5986577181208625,0.7685441291007916
6.71471435546875,1.3983459472656248,5.2506103515625,2.0120805369127224,0.6495505936495052
2.4709155273437498,6.952208251953125,3.6022216796875,1.1248322147650855,0.8118044364205121
1.71971435546875,6.952208251953125,3.6022216796875,0.8308724832214667,0.7628999258271372
2.4709155273437498,6.395845947265625,3.6022216796875,1.1033557046979718,0.7958886641031402
2.4709155273437498,6.952208251953125,0.30061035156250004,0.7382550335570388,0.5121454670262786
1.71971435546875,6.395845947265625,0.30061035156250004,0.5302013422818748,0.44918665532712015
1.84654052734375,2.5793957519531245,7.9334716796875,0.645637583892611,0.5360659944919681
4.8415893554687495,2.5793957519531245,7.9334716796875,1.816107382550308,0.77875646077652
1.84654052734375,0.7736584472656249,7.9334716796875,0.38389261744966263,0.13312418778831075
1.84654052734375,2.5793957519531245,2.1568603515625,0.47114093959731207,0.34913837114502727
4.8415893554687495,0.7736584472656249,2.1568603515625,0.4147651006711386,0.11708265520040229
6.84154052734375,7.576895751953124,2.9834716796875003,2.855033557047075,0.912818086979392
9.83658935546875,7.576895751953124,2.9834716796875003,4.044295302013693,0.9356937612115476
6.84154052734375,5.771158447265624,2.9834716796875003,2.77583892617458,0.8873074094661008
6.84154052734375,7.576895751953124,7.1068603515625,2.940939597315544,0.9406544635884431
9.83658935546875,5.771158447265624,7.1068603515625,4.077852348993564,0.9436813820216926
9.33904052734375,0.080645751953125,5.4584716796874995,0.37181208053691117,0.014493586119567395
2.34408935546875,0.080645751953125,5.4584716796874995,0.36510067114093814,0.014335793893070119
9.33904052734375,8.269908447265625,5.4584716796874995,3.9315436241613275,0.9536201965389912
9.33904052734375,0.080645751953125,9.5818603515625,0.3744966442953004,0.014989589737972042
2.34408935546875,8.269908447265625,9.5818603515625,1.1798657718120644,0.8854956698809833
4.34404052734375,5.078145751953125,0.5084716796875001,1.2442953020134055,0.5738582897104569
7.33908935546875,5.078145751953125,0.5084716796875001,2.2536912751677916,0.6730932131143832
4.34404052734375,3.2724084472656245,0.5084716796875001,0.9932885906040141,0.4485198689114447
4.34404052734375,5.078145751953125,4.6318603515625,1.8120805369127242,0.8500608265413193
7.33908935546875,3.2724084472656245,4.6318603515625,2.830872483221568,0.8508548510842935
3.09529052734375,1.3300207519531249,4.2209716796875,0.5691275167785184,0.29152190625782726
6.09033935546875,1.3300207519531249,4.2209716796875,1.634899328859036,0.5694633698952054
3.09529052734375,4.521783447265625,4.2209716796875,1.2657718120805193,0.7734261808515628
3.09529052734375,1.3300207519531249,0.9193603515625,0.3973154362416087,0.16140770794664264
6.09033935546875,4.521783447265625,0.9193603515625,1.9785234899328554,0.6955271175081982
8.09029052734375,6.3275207519531245,9.1709716796875,3.4201342281880978,0.9436356349394985
1.09533935546875,6.3275207519531245,9.1709716796875,0.6362416107382487,0.7563594242925031
8.09029052734375,9.519283447265625,9.1709716796875,3.488590604027034,0.9621411480928477
8.09029052734375,6.3275207519531245,5.8693603515624995,3.386577181208227,0.9342726429768053
1.09533935546875,9.519283447265625,5.8693603515624995,0.6818791946308653,0.8151824220422796
5.59279052734375,3.8287707519531247,1.7459716796875002,1.9449664429529903,0.7368873806235179
8.58783935546875,3.8287707519531247,1.7459716796875002,3.111409395973287,0.8123016998661009
5.59279052734375,7.020533447265624,1.7459716796875002,2.233557046979869,0.8486153749943477
5.59279052734375,3.8287707519531247,8.3443603515625,2.2859060402684674,0.8695429925473419
8.58783935546875,7.020533447265624,8.3443603515625,3.6322147651008807,0.9501274220328164
0.59779052734375,8.826270751953125,6.6959716796875,0.48456375838925814,0.7470588125359701
3.5928393554687497,8.826270751953125,6.6959716796875,1.6697986577180959,0.9121006754417329
0.59779052734375,2.023033447265625,6.6959716796875,0.3785234899328842,0.2949944233043014
0.59779052734375,8.826270751953125,3.3943603515625003,0.4550335570469768,0.6865517859398725
3.5928393554687497,2.023033447265625,3.3943603515625003,0.9973154362415979,0.5277487498891479
0.44169677734375,1.7985363769531248,9.6350341796875,0.3744966442953004,0.27205645235605685
1.87580810546875,1.7985363769531248,9.6350341796875,0.4979865771812042,0.3563126941447815
0.44169677734375,9.363111572265625,9.6350341796875,0.44563758389261454,0.7557268797841652
0.44169677734375,1.7985363769531248,4.4771728515625,0.37181208053691117,0.26179821198201064
1.87580810546875,9.363111572265625,4.4771728515625,0.9704697986577058,0.8463280890185159
5.43669677734375,6.796036376953125,4.6850341796874995,2.3261744966443123,0.9062653857039369
6.8708081054687495,6.796036376953125,4.6850341796874995,2.8966442953021145,0.9228659548080458
5.43669677734375,4.365611572265625,4.6850341796874995,2.1973154362416087,0.855766560065051
5.43669677734375,6.796036376953125,9.4271728515625,2.3785234899329106,0.9269281584109859
6.8708081054687495,4.365611572265625,9.4271728515625,2.846979865771906,0.9071965656847287
7.93419677734375,4.297286376953124,7.1600341796875,3.2402684563759907,0.9094976984027121
4.37330810546875,4.297286376953124,7.1600341796875,1.822818791946281,0.8506752301442837
7.93419677734375,1.8668615722656248,7.1600341796875,2.830872483221568,0.7939115343399501
7.93419677734375,4.297286376953124,6.9521728515625,3.236241610738406,0.9083712216162318
4.37330810546875,1.8668615722656248,6.9521728515625,1.4174496644295098,0.6558046036172729
2.9391967773437497,9.294786376953125,2.2100341796875003,1.3154362416107197,0.8366301753758462
9.36830810546875,9.294786376953125,2.2100341796875003,3.8617449664431964,0.9337399835617786
2.9391967773437497,6.864361572265624,2.2100341796875003,1.2335570469798487,0.783302906652064
2.9391967773437497,9.294786376953125,2.0021728515625,1.300671140939579,0.8269760302753264
9.36830810546875,6.864361572265624,2.0021728515625,3.7516778523492205,0.9068932501022196
4.1879467773437495,3.0479113769531248,3.4475341796875,1.481879194630851,0.7128375725268673
8.11955810546875,3.0479113769531248,3.4475341796875,3.0308724832215974,0.8326329686811189
4.1879467773437495,5.614986572265624,3.4475341796875,1.7382550335570208,0.8396969287614848
4.1879467773437495,3.0479113769531248,3.2396728515625,1.4657718120805157,0.7047103210330186
8.11955810546875,5.614986572265624,3.2396728515625,3.2885906040270045,0.9039948972021749
9.18294677734375,8.045411376953124,8.3975341796875,3.8939597315438723,0.9590410330328117
3.1245581054687497,8.045411376953124,8.3975341796875,1.4805369127516563,0.9006689068357565
9.18294677734375,0.617486572265625,8.3975341796875,2.0174496644295017,0.4857631265942932
9.18294677734375,8.045411376953124,8.1896728515625,3.8926174496646775,0.9587064865345877
3.1245581054687497,0.617486572265625,8.1896728515625,0.3946308724832195,0.110913830123808
6.68544677734375,0.549161376953125,0.9725341796875,0.3919463087248303,0.07389176210627772
5.62205810546875,0.549161376953125,0.9725341796875,0.38523489932885724,0.07591436323798133
6.68544677734375,3.1162365722656244,0.9725341796875,1.9449664429529903,0.628775836478002
6.68544677734375,0.549161376953125,5.7146728515625,0.703355704697979,0.18808983525192974
5.62205810546875,3.1162365722656244,5.7146728515625,2.165100671140933,0.8193986890264588
1.6904467773437502,5.546661376953124,5.9225341796875,0.8134228187919368,0.7547588216504527
0.6270581054687501,5.546661376953124,5.9225341796875,0.42550335570469544,0.5885536929943602
1.6904467773437502,8.113736572265625,5.9225341796875,0.891275167785224,0.8307272900339321
1.6904467773437502,5.546661376953124,0.7646728515625,0.5597315436241561,0.48717579174087194
0.6270581054687501,8.113736572265625,0.7646728515625,0.3999999999999979,0.5396881389013934
2.31482177734375,4.921973876953125,0.3537841796875,0.6026845637583835,0.422170767997047
3.74893310546875,4.921973876953125,0.3537841796875,0.9758389261744842,0.4995031721098648
2.31482177734375,4.990299072265625,0.3537841796875,0.6067114093959673,0.4257941672141903
2.31482177734375,4.921973876953125,1.3834228515625002,0.7959731543624069,0.5868261598768223
3.74893310546875,4.990299072265625,1.3834228515625002,1.3114093959731359,0.68717137670689
7.30982177734375,9.919473876953125,5.3037841796875,3.153020134228327,0.9515950786246796
8.74393310546875,9.919473876953125,5.3037841796875,3.723489932886129,0.958330181031819
7.30982177734375,9.987799072265625,5.3037841796875,3.1543624161075217,0.9519941893298022
7.30982177734375,9.919473876953125,6.3334228515625,3.1637583892618855,0.9548799786864495
8.74393310546875,9.987799072265625,6.3334228515625,3.7355704697988825,0.9614746756250454
9.80732177734375,2.423223876953125,2.8287841796875,3.4711409395975013,0.8041834946838468
1.25143310546875,2.423223876953125,2.8287841796875,0.3986577181208033,0.31488961881195077
9.80732177734375,7.489049072265624,2.8287841796875,4.021476510067381,0.9329016160333561
9.80732177734375,2.423223876953125,8.8084228515625,3.7758389261747274,0.8760483087034656
1.25143310546875,7.489049072265624,8.8084228515625,0.7261744966442873,0.8080633119582129
4.81232177734375,7.420723876953124,7.7787841796875,2.1355704697986466,0.9216420724507425
6.24643310546875,7.420723876953124,7.7787841796875,2.706040268456449,0.9366438205713398
4.81232177734375,2.4915490722656246,7.7787841796875,1.7838926174496375,0.7685600691720937
4.81232177734375,7.420723876953124,3.8584228515625,2.077852348993269,0.8964003343384649
6.24643310546875,2.4915490722656246,3.8584228515625,2.1986577181208036,0.7591698951508792
3.56357177734375,1.1738488769531248,6.5412841796875,0.7194630872483143,0.35184212959940153
7.49518310546875,1.1738488769531248,6.5412841796875,2.209395973154362,0.6480486946428407
3.56357177734375,1.2421740722656247,6.5412841796875,0.7704697986577094,0.3853020970795704
3.56357177734375,1.1738488769531248,0.1459228515625,0.382550335570468,0.12476114538724811
7.49518310546875,1.2421740722656247,0.1459228515625,0.703355704697979,0.1815551299653277
8.55857177734375,6.171348876953124,1.5912841796875001,3.3261744966444597,0.8717283168758905
2.50018310546875,6.171348876953124,1.5912841796875001,0.9691275167785112,0.6875565308759064
8.55857177734375,6.2396740722656245,1.5912841796875001,3.3302013422820442,0.8728108408168698
8.55857177734375,6.171348876953124,5.0959228515624995,3.553020134228386,0.9321078832378791
2.50018310546875,6.2396740722656245,5.0959228515624995,1.1476510067113939,0.8218087987952647
6.06107177734375,3.6725988769531246,9.0162841796875,2.4657718120805745,0.8757804105470228
9.99268310546875,3.6725988769531246,9.0162841796875,4.03221476510094,0.9198633250307182
6.06107177734375,8.738424072265625,9.0162841796875,2.665771812080604,0.9469970188990923
6.06107177734375,3.6725988769531246,7.5709228515625,2.446979865771847,0.8690173162730913
9.99268310546875,8.738424072265625,7.5709228515625,4.222818791946605,0.9634085655198379
1.06607177734375,8.670098876953125,4.0662841796875,0.6335570469798595,0.7639776200761783
4.99768310546875,8.670098876953125,4.0662841796875,2.1892617449664398,0.9153958924509298
1.06607177734375,3.7409240722656247,4.0662841796875,0.44563758389261454,0.4698096322426923
1.06607177734375,8.670098876953125,2.6209228515625003,0.5973154362416051,0.7146045458120389
4.99768310546875,3.7409240722656247,2.6209228515625003,1.8322147651006433,0.7640638311091021
0.7538842773437501,3.3602551269531244,5.6131591796875,0.3999999999999979,0.4286679467166077
5.30987060546875,3.3602551269531244,5.6131591796875,2.0724832214764897,0.8231803034119929
0.7538842773437501,6.552017822265625,5.6131591796875,0.48859060402684196,0.6725763185964584
0.7538842773437501,3.3602551269531244,5.4052978515625,0.3999999999999979,0.4279210295656666
5.30987060546875,6.552017822265625,5.4052978515625,2.280536912751688,0.9064247016985362
5.74888427734375,8.357755126953125,0.6631591796875,2.068456375838905,0.7657688210367273
0.31487060546875,8.357755126953125,0.6631591796875,0.3771812080536896,0.5821216338034675
5.74888427734375,1.5545178222656248,0.6631591796875,0.8657718120805264,0.29657363529316744
5.74888427734375,8.357755126953125,0.4552978515625,1.9476510067113795,0.7197419985484562
0.31487060546875,1.5545178222656248,0.4552978515625,0.36510067114093814,0.2120402385082182
8.24638427734375,0.861505126953125,8.0881591796875,2.1892617449664398,0.5874154178404561
7.80737060546875,0.861505126953125,8.0881591796875,2.0187919463086965,0.5671657186111485
8.24638427734375,4.053267822265624,8.0881591796875,3.3583892617451356,0.9108547967579912
8.24638427734375,0.861505126953125,2.9302978515625,1.6416107382550091,0.4311221605587928
7.80737060546875,4.053267822265624,2.9302978515625,3.01208053691287,0.8569574268494253
3.25138427734375,5.859005126953124,3.1381591796875004,1.3664429530201148,0.8048970587794648
2.81237060546875,5.859005126953124,3.1381591796875004,1.194630872483205,0.7840907675822104
3.25138427734375,9.050767822265625,3.1381591796875004,1.4778523489932671,0.8715820604311311
3.25138427734375,5.859005126953124,7.8802978515625,1.4671140939597103,0.8656604907761312
2.81237060546875,9.050767822265625,7.8802978515625,1.3718120805368932,0.9029045379022098
4.50013427734375,2.1108801269531248,1.9006591796875,1.1557046979865615,0.5127992958101877
4.06112060546875,2.1108801269531248,1.9006591796875,1.0067114093959602,0.48077496589824265
4.50013427734375,7.801392822265624,1.9006591796875,1.8577181208053408,0.8461096907244302
4.50013427734375,2.1108801269531248,6.6427978515624995,1.5382550335570244,0.6978310736519082
4.06112060546875,7.801392822265624,6.6427978515624995,1.8348993288590325,0.9094650368204888
9.49513427734375,7.108380126953124,6.8506591796875,3.983892617449926,0.9519496583318466
9.05612060546875,7.108380126953124,6.8506591796875,3.8080536912754033,0.9496868690740523
9.49513427734375,2.8038928222656248,6.8506591796875,3.685906040268674,0.8805478734885406
9.49513427734375,7.108380126953124,1.6927978515625002,3.771812080537143,0.900619775635785
9.05612060546875,2.8038928222656248,1.6927978515625002,3.0442953020135457,0.7568586118614287
6.99763427734375,4.609630126953125,4.3756591796875,2.8268456375839834,0.8861299541354999
1.56362060546875,4.609630126953125,4.3756591796875,0.6845637583892545,0.6559591052339272
6.99763427734375,0.305142822265625,4.3756591796875,0.39060402684563567,0.05350580884462819
6.99763427734375,4.609630126953125,4.1677978515625,2.8187919463088145,0.8835719386822882
1.56362060546875,0.305142822265625,4.1677978515625,0.36778523489932735,0.05237972317871021
2.0026342773437498,9.607130126953125,9.3256591796875,1.0630872483221336,0.888781541448883
6.55862060546875,9.607130126953125,9.3256591796875,2.8791946308725818,0.955447330454916
2.0026342773437498,5.302642822265624,9.3256591796875,0.9583892617449543,0.7997835103629227
2.0026342773437498,9.607130126953125,9.1177978515625,1.0630872483221336,0.8887229343633457
6.55862060546875,5.302642822265624,9.1177978515625,2.7704697986578006,0.9193303510705154
1.37825927734375,0.236817626953125,4.9944091796875,0.36644295302013274,0.041237575270755195
9.68049560546875,0.236817626953125,4.9944091796875,0.3959731543624141,0.04276354293229859
1.37825927734375,2.179205322265625,4.9944091796875,0.4120805369127494,0.316890964278255
1.37825927734375,0.236817626953125,8.4990478515625,0.36778523489932735,0.04227533240492029
9.68049560546875,2.179205322265625,8.4990478515625,3.660402684563972,0.859276432752681
6.37325927734375,5.234317626953125,9.9444091796875,2.6993288590604747,0.9182725159590164
4.68549560546875,5.234317626953125,9.9444091796875,2.0268456375838655,0.8942867413902384
6.37325927734375,7.176705322265624,9.9444091796875,2.7637583892618265,0.9402144753348414
6.37325927734375,5.234317626953125,3.5490478515625004,2.587919463087304,0.8798316137163358
4.68549560546875,7.176705322265624,3.5490478515625004,2.0093959731543327,0.8861192097992273
8.87075927734375,2.7355676269531246,2.5194091796875,3.144966442953158,0.7975884584713875
7.18299560546875,2.7355676269531246,2.5194091796875,2.4818791946309124,0.7585759297908561
8.87075927734375,9.675455322265625,2.5194091796875,3.693959731543843,0.9382741733260449
8.87075927734375,2.7355676269531246,1.0740478515625,2.6765100671141626,0.6758937799882415
7.18299560546875,9.675455322265625,1.0740478515625,2.844295302013516,0.8706233852304031
3.8757592773437497,7.733067626953124,7.4694091796875,1.7664429530201076,0.9088903555528308
2.1879956054687497,7.733067626953124,7.4694091796875,1.0953020134228042,0.8620507440517
3.8757592773437497,4.677955322265625,7.4694091796875,1.6536912751677606,0.850595364849464
3.8757592773437497,7.733067626953124,6.0240478515625,1.7530201342281615,0.9018823563541997
2.1879956054687497,4.677955322265625,6.0240478515625,0.9637583892617327,0.7555204534084785
2.62700927734375,3.9849426269531247,8.7069091796875,1.123489932885891,0.7754809124069305
0.93924560546875,3.9849426269531247,8.7069091796875,0.47114093959731207,0.5519879648453306
2.62700927734375,3.4285803222656246,8.7069091796875,1.0724832214764959,0.7386310374384816
2.62700927734375,3.9849426269531247,9.7365478515625,1.1315436241610586,0.7813670392644692
0.93924560546875,3.4285803222656246,9.7365478515625,0.4402684563758361,0.4844181655749562
7.62200927734375,8.982442626953125,3.7569091796875003,3.230872483221627,0.9396647488366872
5.93424560546875,8.982442626953125,3.7569091796875003,2.5610738255034073,0.9261666902541421
7.62200927734375,8.426080322265625,3.7569091796875003,3.2187919463088734,0.9361194497884149
7.62200927734375,8.982442626953125,4.7865478515625,3.253691275167939,0.9463660603394126
5.93424560546875,8.426080322265625,4.7865478515625,2.570469798657771,0.9296628885564793
5.1245092773437495,1.4861926269531247,6.2319091796874995,1.5046979865771593,0.6084651825667893
3.43674560546875,1.4861926269531247,6.2319091796874995,0.8657718120805264,0.4617941610960678
5.1245092773437495,5.927330322265624,6.2319091796874995,2.1973154362416087,0.8997899795939892
5.1245092773437495,1.4861926269531247,2.3115478515625,1.1382550335570316,0.4479775377604032
3.43674560546875,5.927330322265624,2.3115478515625,1.389261744966423,0.7833353567208114
0.12950927734375,6.4836926269531245,1.2819091796875002,0.36778523489932735,0.5670598510723094
8.43174560546875,6.4836926269531245,1.2819091796875002,3.2241610738256528,0.856090760045167
0.12950927734375,0.9298303222656249,1.2819091796875002,0.36375838926174353,0.1423544430303621
0.12950927734375,6.4836926269531245,7.2615478515625,0.3731543624161058,0.6122695725186463
8.43174560546875,0.9298303222656249,7.2615478515625,2.3261744966443123,0.613373107321779
0.09048583984375,3.5554699707031245,8.5908935546875,0.36778523489932735,0.43988969854032123
2.6953002929687497,3.5554699707031245,8.5908935546875,1.1114093959731395,0.7520231444137377
0.09048583984375,5.419771728515625,8.5908935546875,0.36912751677852196,0.5621956551115997
0.09048583984375,3.5554699707031245,2.6595947265625,0.36510067114093814,0.41918216696103117
2.6953002929687497,5.419771728515625,2.6595947265625,1.0966442953019988,0.7407386401144618
5.0854858398437495,8.552969970703126,3.6408935546875,2.210738255033557,0.9109608139946299
7.69030029296875,8.552969970703126,3.6408935546875,3.24563758389277,0.9364995800634597
5.0854858398437495,0.42227172851562494,3.6408935546875,0.38791946308724645,0.07124744147313619
5.0854858398437495,8.552969970703126,7.6095947265625,2.265771812080545,0.9339662634648114
7.69030029296875,0.42227172851562494,7.6095947265625,0.6107382550335512,0.13343930849664357
7.58298583984375,1.0567199707031247,6.1158935546875,2.093959731543607,0.6059526359977737
0.19780029296875,1.0567199707031247,6.1158935546875,0.36510067114093814,0.1677797408695886
7.58298583984375,2.921021728515625,6.1158935546875,2.9261744966444008,0.8546667818375331
7.58298583984375,1.0567199707031247,5.1345947265625,2.0187919463086965,0.5829405822949421
0.19780029296875,2.921021728515625,5.1345947265625,0.36912751677852196,0.37779858841948555
2.58798583984375,6.054219970703125,1.1658935546875002,0.9315436241610622,0.6414061535968459
5.19280029296875,6.054219970703125,1.1658935546875002,1.8966442953019844,0.7653909248451305
2.58798583984375,7.918521728515624,1.1658935546875002,1.0228187919462954,0.709164885292515
2.58798583984375,6.054219970703125,0.1845947265625,0.6859060402684491,0.45292881446572053
5.19280029296875,7.918521728515624,0.1845947265625,1.5315436241610514,0.6126638885649064
3.8367358398437497,2.306094970703125,4.8783935546874995,1.2684563758389085,0.651075016605935
6.44155029296875,2.306094970703125,4.8783935546874995,2.289932885906052,0.7703901840367784
3.8367358398437497,9.167896728515625,4.8783935546874995,1.7530201342281615,0.9091029269066958
3.8367358398437497,2.306094970703125,3.8970947265625004,1.2134228187919296,0.6206217142412288
6.44155029296875,9.167896728515625,3.8970947265625004,2.769127516778606,0.9331727256927584
8.83173583984375,7.3035949707031245,9.8283935546875,3.746308724832441,0.9556632976735162
1.44655029296875,7.3035949707031245,9.8283935546875,0.8040268456375745,0.8241881088749425
8.83173583984375,4.170396728515625,9.8283935546875,3.6174496644297376,0.922768681135377
8.83173583984375,7.3035949707031245,8.8470947265625,3.740939597315662,0.9542749467315763
1.44655029296875,4.170396728515625,8.8470947265625,0.6738255033556977,0.6781468477785318
6.33423583984375,4.804844970703124,2.4033935546875003,2.455033557047016,0.8385121845899166
8.93905029296875,4.804844970703124,2.4033935546875003,3.487248322147839,0.8792158834729653
6.33423583984375,1.6716467285156247,2.4033935546875003,1.7046979865771557,0.5748451557622348
6.33423583984375,4.804844970703124,6.3720947265625,2.6241610738255643,0.8972680777024775
8.93905029296875,1.6716467285156247,6.3720947265625,3.114093959731677,0.7848785702278971
1.33923583984375,9.802344970703125,7.3533935546875,0.7932885906040177,0.8510345788215914
3.94405029296875,9.802344970703125,7.3533935546875,1.829530201342254,0.9283801034631216
1.33923583984375,6.669146728515624,7.3533935546875,0.7302013422818712,0.7805421663846805
1.33923583984375,9.802344970703125,1.4220947265625001,0.6577181208053624,0.6944051634752249
3.94405029296875,6.669146728515624,1.4220947265625001,1.5181208053691053,0.7673943206213979
1.96361083984375,0.43203247070312495,1.7846435546875001,0.36912751677852196,0.06965614643665852
2.0709252929687496,0.43203247070312495,1.7846435546875001,0.36912751677852196,0.069451995036182
1.96361083984375,1.0469592285156248,1.7846435546875001,0.3798657718120788,0.1523496512071823
1.96361083984375,0.43203247070312495,0.8033447265625,0.36778523489932735,0.06691263781379952
2.0709252929687496,1.0469592285156248,0.8033447265625,0.375838926174495,0.14109310473289524
6.95861083984375,5.4295324707031245,6.7346435546875,2.9114093959732577,0.9174383287294239
7.06592529296875,5.4295324707031245,6.7346435546875,2.954362416107492,0.9185796915011664
6.95861083984375,6.044459228515624,6.7346435546875,2.9382550335571542,0.925902414314306
6.95861083984375,5.4295324707031245,5.7533447265625,2.8966442953021145,0.9127092325080741
7.06592529296875,6.044459228515624,5.7533447265625,2.9664429530202456,0.9223009221560168
9.45611083984375,2.9307824707031247,4.2596435546875,3.5959731543626203,0.861945419496896
4.56842529296875,2.9307824707031247,4.2596435546875,1.659060402684539,0.7450369871629263
9.45611083984375,8.543209228515625,4.2596435546875,3.9624161073828086,0.9502886285725631
9.45611083984375,2.9307824707031247,8.2283447265625,3.7181208053693497,0.8916727564729287
4.56842529296875,8.543209228515625,8.2283447265625,2.0644295302013207,0.93002949357664
4.46111083984375,7.928282470703124,9.2096435546875,2.014765100671112,0.9255425215435458
9.56342529296875,7.928282470703124,9.2096435546875,4.048322147651278,0.9609565068369582
4.46111083984375,3.5457092285156246,9.2096435546875,1.8174496644295026,0.8345527385094491
4.46111083984375,7.928282470703124,3.2783447265625,1.9342281879194334,0.8880219441291892
9.56342529296875,3.5457092285156246,3.2783447265625,3.6724832214767256,0.871267999959396
3.21236083984375,4.180157470703125,5.4971435546875,1.3221476510066927,0.7859817473846756
8.314675292968749,4.180157470703125,5.4971435546875,3.3503355704699667,0.9018426067260061
3.21236083984375,4.795084228515624,5.4971435546875,1.3664429530201148,0.8129289425483261
3.21236083984375,4.180157470703125,2.0408447265625003,1.1342281879194478,0.6686260710899918
8.314675292968749,4.795084228515624,2.0408447265625003,3.190604026845782,0.8580851412398538
8.20736083984375,9.177657470703124,0.5471435546875,2.9691275167786353,0.8065685983020687
3.31967529296875,9.177657470703124,0.5471435546875,1.1798657718120644,0.678303419064102
8.20736083984375,9.792584228515626,0.5471435546875,3.001342281879311,0.815489772074149
8.20736083984375,9.177657470703124,6.9908447265625,3.5154362416109306,0.9575700680474919
3.31967529296875,9.792584228515626,6.9908447265625,1.5785234899328626,0.9168576653249081
5.70986083984375,1.6814074707031248,7.9721435546875,1.8953020134227898,0.705707869577966
5.8171752929687495,1.6814074707031248,7.9721435546875,1.9382550335570172,0.7105282563660269
5.70986083984375,7.293834228515625,7.9721435546875,2.4912751677852762,0.9312818386205682
5.70986083984375,1.6814074707031248,9.4658447265625,1.928859060402655,0.7187495822468161
5.8171752929687495,7.293834228515625,9.4658447265625,2.5422818791946797,0.9354507497862546
0.71486083984375,6.678907470703124,3.0221435546875,0.44429530201341993,0.6043555109820105
0.82217529296875,6.678907470703124,3.0221435546875,0.4778523489932851,0.6238610342940464
0.71486083984375,2.2963342285156245,3.0221435546875,0.3785234899328842,0.30717866531435023
0.71486083984375,6.678907470703124,4.5158447265624995,0.46577181208053364,0.6475493273048278
0.82217529296875,2.2963342285156245,4.5158447265624995,0.38523489932885724,0.31794252737410306
1.02704833984375,1.3690637207031249,6.4252685546874995,0.3812080536912734,0.21527497700512727
9.25123779296875,1.3690637207031249,6.4252685546874995,3.059060402684689,0.746976720233199
1.02704833984375,7.606177978515625,6.4252685546874995,0.6241610738254972,0.7677750524719986
1.02704833984375,1.3690637207031249,7.3002197265625,0.382550335570468,0.21764917305169051
9.25123779296875,7.606177978515625,7.3002197265625,3.903355704698236,0.954925504941184
6.02204833984375,6.366563720703124,1.4752685546875002,2.3167785234899485,0.8259865614987999
4.25623779296875,6.366563720703124,1.4752685546875002,1.6295302013422577,0.7750770074012794
6.02204833984375,2.6086779785156247,1.4752685546875002,1.7610738255033291,0.622629597809081
6.02204833984375,6.366563720703124,2.3502197265625,2.4362416107382883,0.8694321592836887
4.25623779296875,2.6086779785156247,2.3502197265625,1.2993288590603844,0.6116365116402922
8.51954833984375,3.8678137207031247,8.9002685546875,3.4604026845639426,0.9116257696411476
6.75373779296875,3.8678137207031247,8.9002685546875,2.7570469798658523,0.8917777720446742
8.51954833984375,0.109927978515625,8.9002685546875,0.3771812080536896,0.02042328015886275
8.51954833984375,3.8678137207031247,4.8252197265625,3.3812080536914477,0.8904717374397333
6.75373779296875,0.109927978515625,4.8252197265625,0.37181208053691117,0.019600354493164038
3.52454833984375,8.865313720703124,3.9502685546875003,1.6053691275167548,0.8898466850450878
1.75873779296875,8.865313720703124,3.9502685546875003,0.90469798657717,0.8217883045467615
3.52454833984375,5.1074279785156245,3.9502685546875003,1.4671140939597103,0.8123207816460492
3.52454833984375,8.865313720703124,9.7752197265625,1.6604026845637336,0.9208179869171178
1.75873779296875,5.1074279785156245,9.7752197265625,0.8550335570469696,0.775486975278761
4.77329833984375,2.6184387207031246,0.23776855468750002,0.8255033557046882,0.3342952708667708
0.50998779296875,2.6184387207031246,0.23776855468750002,0.36778523489932735,0.2971702852146346
4.77329833984375,6.356802978515624,0.23776855468750002,1.3355704697986388,0.5705070408998566
4.77329833984375,2.6184387207031246,6.0627197265624995,1.7530201342281615,0.759981944496277
0.50998779296875,6.356802978515624,6.0627197265624995,0.4147651006711386,0.6193367693410882
9.76829833984375,7.615938720703125,5.1877685546875,4.083221476510343,0.950885142050544
5.50498779296875,7.615938720703125,5.1877685546875,2.3865771812080796,0.9201444058314014
9.76829833984375,1.3593029785156248,5.1877685546875,3.175838926174639,0.7379770504491664
9.76829833984375,7.615938720703125,1.1127197265625002,3.7731543624163377,0.8776840157180034
5.50498779296875,1.3593029785156248,1.1127197265625002,0.8550335570469696,0.3024534464201743
7.27079833984375,0.119688720703125,2.7127685546875,0.37046979865771656,0.02052531553300787
3.00748779296875,0.119688720703125,2.7127685546875,0.36644295302013274,0.020655723730176465
7.27079833984375,3.858052978515625,2.7127685546875,2.7543624161074627,0.8342037727811411
7.27079833984375,0.119688720703125,3.5877197265625003,0.37181208053691117,0.020924132552724045
3.00748779296875,3.858052978515625,3.5877197265625003,1.14362416107381,0.711374007157194
2.27579833984375,5.117188720703124,7.6627685546875,1.0442953020134091,0.7987413416572462
8.00248779296875,5.117188720703124,7.6627685546875,3.32348993288607,0.9258521642415152
2.27579833984375,8.855552978515625,7.6627685546875,1.1530201342281723,0.8833184006638812
2.27579833984375,5.117188720703124,8.5377197265625,1.0523489932885768,0.8051417892832733
8.00248779296875,8.855552978515625,8.5377197265625,3.4389261744968254,0.9580846986240851
1.6514233398437501,4.492501220703125,3.3315185546875004,0.6765100671140869,0.6227817846698603
6.12936279296875,4.492501220703125,3.3315185546875004,2.42281879194634,0.8516271012369026
1.6514233398437501,3.2333654785156245,3.3315185546875004,0.5624161073825453,0.4909093977511556
1.6514233398437501,4.492501220703125,9.1564697265625,0.7771812080536824,0.7297174132247388
6.12936279296875,3.2333654785156245,9.1564697265625,2.446979865771847,0.8607396261638735
6.64642333984375,9.490001220703125,8.2815185546875,2.907382550335673,0.9537008651202132
1.13436279296875,9.490001220703125,8.2815185546875,0.7127516778523413,0.8377618247831389
6.64642333984375,8.230865478515625,8.2815185546875,2.885906040268556,0.9466594221627165
6.64642333984375,9.490001220703125,4.2064697265625,2.8644295302014386,0.9394423827199065
1.13436279296875,8.230865478515625,4.2064697265625,0.652348993288584,0.7617473800983097
9.14392333984375,1.9937512207031247,0.8565185546875,2.273825503355714,0.5551222692447084
8.62686279296875,1.9937512207031247,0.8565185546875,2.100671140939581,0.5394981419702825
9.14392333984375,5.732115478515625,0.8565185546875,3.255033557047134,0.8026788552562596
9.14392333984375,1.9937512207031247,1.7314697265625,2.7557046979866575,0.6775045391569894
8.62686279296875,5.732115478515625,1.7314697265625,3.346308724832382,0.8708189716069026
4.1489233398437495,6.991251220703124,5.8065185546875,1.8389261744966163,0.8958144094705298
3.6318627929687497,6.991251220703124,5.8065185546875,1.6335570469798415,0.8846185746358801
4.1489233398437495,0.7346154785156249,5.8065185546875,0.42684563758389005,0.13405647280967387
4.1489233398437495,6.991251220703124,6.6814697265625,1.8496644295301732,0.901109324926582
3.6318627929687497,0.7346154785156249,6.6814697265625,0.4120805369127494,0.13192873230733426
2.9001733398437497,0.7443762207031249,9.5190185546875,0.4013422818791925,0.13451708255011857
4.8806127929687495,0.7443762207031249,9.5190185546875,0.7583892617449579,0.27890033250455515
2.9001733398437497,1.9839904785156248,9.5190185546875,0.935570469798646,0.5859485012400744
2.9001733398437497,0.7443762207031249,7.9189697265625,0.3986577181208033,0.13194042024905886
4.8806127929687495,1.9839904785156248,7.9189697265625,1.6818791946308473,0.7146114594540174
7.89517333984375,5.741876220703125,4.5690185546875,3.2577181208055235,0.9183122827002692
9.87561279296875,5.741876220703125,4.5690185546875,4.045637583892888,0.9327356041755055
7.89517333984375,6.981490478515624,4.5690185546875,3.307382550335732,0.93236730258735
7.89517333984375,5.741876220703125,2.9689697265625004,3.190604026845782,0.8991322497800224
9.87561279296875,6.981490478515624,2.9689697265625004,4.037583892617719,0.9307494811073558
5.39767333984375,3.243126220703125,7.0440185546875,2.126174496644283,0.8331456176150784
2.38311279296875,3.243126220703125,7.0440185546875,0.9328859060402568,0.6845516758810993
5.39767333984375,9.480240478515626,7.0440185546875,2.4013422818792227,0.9415215152051053
5.39767333984375,3.243126220703125,0.49396972656250004,1.2845637583892437,0.49104504439225943
2.38311279296875,9.480240478515626,0.49396972656250004,0.8617449664429426,0.6270917125793749
0.40267333984375003,8.240626220703126,2.0940185546875,0.3932885906040249,0.61903578845797
7.37811279296875,8.240626220703126,2.0940185546875,3.0308724832215974,0.9067874155243542
0.40267333984375003,4.482740478515624,2.0940185546875,0.3771812080536896,0.4678939875605571
0.40267333984375003,8.240626220703126,5.4439697265625,0.41073825503355477,0.6787888286767118
7.37811279296875,4.482740478515624,5.4439697265625,3.0000000000001164,0.8978381425249703
0.55876708984375,1.2128918457031248,4.4143310546875,0.37046979865771656,0.18830377588912
7.8463940429687495,1.2128918457031248,4.4143310546875,2.2214765100671157,0.6247235042859073
0.55876708984375,6.825318603515624,4.4143310546875,0.4228187919463062,0.6246547389160955
0.55876708984375,1.2128918457031248,6.8361572265624995,0.37181208053691117,0.1925152534782996
7.8463940429687495,6.825318603515624,6.8361572265624995,3.3181208053692908,0.9406912074952736
5.55376708984375,6.210391845703124,9.3643310546875,2.406711409396002,0.9211556456982675
2.85139404296875,6.210391845703124,9.3643310546875,1.3302013422818604,0.8665855877845634
5.55376708984375,1.8278186035156248,9.3643310546875,1.9234899328858766,0.7342830910016804
5.55376708984375,6.210391845703124,1.8861572265625002,2.1919463087248294,0.8376487810197704
2.85139404296875,1.8278186035156248,1.8861572265625002,0.539597315436237,0.2985935874738062
8.05126708984375,3.7116418457031246,1.9393310546875002,2.924832214765206,0.8088772538278972
5.34889404296875,3.7116418457031246,1.9393310546875002,1.8697986577180923,0.735646389354342
8.05126708984375,4.326568603515624,1.9393310546875002,3.0161073825504543,0.8344637234901716
8.05126708984375,3.7116418457031246,4.3611572265625,3.159731543624301,0.8750741207850072
5.34889404296875,4.326568603515624,4.3611572265625,2.1476510067114,0.847894468017005
3.05626708984375,8.709141845703124,6.8893310546875,1.4563758389261534,0.9008105934618902
0.35389404296875,8.709141845703124,6.8893310546875,0.40939597315436016,0.7041224930336146
3.05626708984375,9.324068603515625,6.8893310546875,1.4657718120805157,0.9066864105710053
3.05626708984375,8.709141845703124,9.3111572265625,1.4697986577180995,0.9092700778931052
0.35389404296875,9.324068603515625,9.3111572265625,0.4187919463087224,0.7376575194627977
4.30501708984375,4.961016845703124,8.1268310546875,1.8483221476509786,0.8738909755082966
1.60264404296875,4.961016845703124,8.1268310546875,0.7758389261744878,0.7431626151370974
4.30501708984375,8.074693603515625,8.1268310546875,1.948993288590574,0.9216709485216614
4.30501708984375,4.961016845703124,5.5986572265625,1.8120805369127242,0.8565005947140789
1.60264404296875,8.074693603515625,5.5986572265625,0.8523489932885804,0.8209010031143429
9.30001708984375,9.958516845703125,3.1768310546875003,3.8993288590606516,0.949268427024091
6.59764404296875,9.958516845703125,3.1768310546875003,2.8268456375839834,0.9329667862767778
9.30001708984375,3.0771936035156244,3.1768310546875003,3.4791946308726702,0.8463110947837591
9.30001708984375,9.958516845703125,0.6486572265625,3.5006711409397875,0.8508105528900942
6.59764404296875,3.0771936035156244,0.6486572265625,1.7167785234899071,0.5584069368943013
6.80251708984375,2.4622668457031245,5.6518310546874995,2.508724832214809,0.8056033038051866
4.10014404296875,2.4622668457031245,5.6518310546874995,1.4402684563758181,0.7046694817439012
6.80251708984375,0.578443603515625,5.6518310546874995,0.8335570469798559,0.23151525957546948
6.80251708984375,2.4622668457031245,3.1236572265625,2.3395973154362606,0.7499209530171261
4.10014404296875,0.578443603515625,3.1236572265625,0.38926174496644106,0.09387246070919222
1.80751708984375,7.4597668457031245,0.7018310546875,0.6630872483221408,0.5717682111541361
9.09514404296875,7.4597668457031245,0.7018310546875,3.302013422818953,0.8183861137743038
1.80751708984375,5.575943603515625,0.7018310546875,0.5825503355704644,0.48825916168180944
1.80751708984375,7.4597668457031245,8.073657226562501,0.9409395973154244,0.8408481611380196
9.09514404296875,5.575943603515625,8.073657226562501,3.7838926174498964,0.9400220321831761
2.4318920898437497,3.0869543457031248,6.2705810546875,0.9181208053691161,0.6620788483958902
7.22201904296875,3.0869543457031248,6.2705810546875,2.8120805369128403,0.8574614781640043
2.4318920898437497,2.4525061035156246,6.2705810546875,0.8120805369127422,0.5744818876015119
2.4318920898437497,3.0869543457031248,9.9299072265625,0.9691275167785112,0.7026258900019277
7.22201904296875,2.4525061035156246,9.9299072265625,2.769127516778606,0.8445016723808232
7.42689208984375,8.084454345703126,1.3205810546875,2.9342281879195697,0.8722459087260688
2.2270190429687498,8.084454345703126,1.3205810546875,0.9194630872483107,0.7082729916357889
7.42689208984375,7.450006103515625,1.3205810546875,2.900671140939699,0.8621687739076977
7.42689208984375,8.084454345703126,4.9799072265625,3.159731543624301,0.9403214785802588
2.2270190429687498,7.450006103515625,4.9799072265625,1.0765100671140797,0.8364064879150745
9.92439208984375,0.588204345703125,8.7455810546875,2.226845637583895,0.501604025520724
9.71951904296875,0.588204345703125,8.7455810546875,2.1476510067114,0.49218154148735827
9.92439208984375,9.948756103515626,8.7455810546875,0.2751677852348995,0.06339994326941785
9.92439208984375,0.588204345703125,2.5049072265625,1.3597315436241417,0.29220828829745865
9.71951904296875,9.948756103515626,2.5049072265625,4.036241610738524,0.9440431590233662
4.92939208984375,5.585704345703125,3.7955810546875,2.045637583892593,0.8648624540749209
4.72451904296875,5.585704345703125,3.7955810546875,1.9651006711409094,0.8605041523566576
4.92939208984375,4.951256103515624,3.7955810546875,2.006711409395943,0.848247209373922
4.92939208984375,5.585704345703125,7.4549072265625,2.1194630872483087,0.8965639877902225
4.72451904296875,4.951256103515624,7.4549072265625,2.006711409395943,0.8792188714770096
3.68064208984375,1.8375793457031246,2.5580810546875004,0.8738255033556941,0.44357702121065645
3.47576904296875,1.8375793457031246,2.5580810546875004,0.8067114093959638,0.42364045762472846
3.68064208984375,3.7018811035156247,2.5580810546875004,1.3100671140939413,0.6973159270423717
3.68064208984375,1.8375793457031246,8.6924072265625,1.1771812080536752,0.6214580174067739
3.47576904296875,3.7018811035156247,8.6924072265625,1.4348993288590397,0.8035621557716104
8.67564208984375,6.835079345703124,7.5080810546875,3.6563758389263876,0.947722082113345
8.47076904296875,6.835079345703124,7.5080810546875,3.574496644295503,0.946552738487229
8.67564208984375,8.699381103515625,7.5080810546875,3.6979865771814273,0.9585326410006706
8.67564208984375,6.835079345703124,3.7424072265625004,3.589261744966646,0.9301130734447978
8.47076904296875,8.699381103515625,3.7424072265625004,3.5624161073827496,0.9431986688256615
6.17814208984375,4.336329345703125,5.0330810546875,2.50067114093964,0.8734148719524941
0.9782690429687501,4.336329345703125,5.0330810546875,0.47114093959731207,0.5444289746285229
6.17814208984375,6.200631103515624,5.0330810546875,2.6067114093960315,0.9106451835256593
6.17814208984375,4.336329345703125,1.2674072265625,2.1194630872483087,0.7373873290013739
0.9782690429687501,6.200631103515624,1.2674072265625,0.44697986577180915,0.5136133177157166
1.1831420898437501,9.333829345703125,9.9830810546875,0.7355704697986496,0.8457390260547666
5.97326904296875,9.333829345703125,9.9830810546875,2.6442953020134867,0.9512181533349788
1.1831420898437501,1.2031311035156247,9.9830810546875,0.38523489932885724,0.199422993758086
1.1831420898437501,9.333829345703125,6.2174072265625,0.7167785234899251,0.8229201983553893
5.97326904296875,1.2031311035156247,6.2174072265625,1.628187919463063,0.5768549280655934
0.8709545898437501,4.023985595703125,1.0112060546875001,0.38791946308724645,0.39043741668267506
3.78795654296875,4.023985595703125,1.0112060546875001,1.1248322147650855,0.578317315473406
0.8709545898437501,9.011724853515625,1.0112060546875001,0.46845637583892286,0.5908439403287379
0.8709545898437501,4.023985595703125,3.4330322265625,0.413422818791944,0.45947629649912736
3.78795654296875,9.011724853515625,3.4330322265625,1.6993288590603772,0.8900077148719292
5.86595458984375,9.021485595703124,5.9612060546875,2.571812080536966,0.9394735686892983
8.78295654296875,9.021485595703124,5.9612060546875,3.731543624161298,0.9565965838554772
5.86595458984375,4.014224853515625,5.9612060546875,2.3718120805369365,0.8661515662844905
5.86595458984375,9.021485595703124,8.3830322265625,2.5892617449664987,0.9459605236054056
8.78295654296875,4.014224853515625,8.3830322265625,3.5718120805371134,0.9156199459086274
8.36345458984375,1.5252355957031247,3.4862060546875,2.5691275167785763,0.6848993947857807
1.29045654296875,1.5252355957031247,3.4862060546875,0.38389261744966263,0.22445440829218374
8.36345458984375,1.5154748535156248,3.4862060546875,2.562416107382602,0.683050850371503
8.36345458984375,1.5252355957031247,5.9080322265625,2.783892617449749,0.7440808866400654
1.29045654296875,1.5154748535156248,5.9080322265625,0.39060402684563567,0.23630364914590357
3.3684545898437497,6.522735595703124,8.4362060546875,1.5409395973154136,0.88495151026722
6.28545654296875,6.522735595703124,8.4362060546875,2.7020134228188644,0.9302471734641518
3.3684545898437497,6.512974853515624,8.4362060546875,1.539597315436219,0.884219527223054
3.3684545898437497,6.522735595703124,0.9580322265625,1.1919463087248159,0.6779616165303644
6.28545654296875,6.512974853515624,0.9580322265625,2.280536912751688,0.7826721102122602
4.61720458984375,0.275860595703125,7.1987060546874995,0.3812080536912734,0.05002651376797153
5.03670654296875,0.275860595703125,7.1987060546874995,0.382550335570468,0.05006525772286334
4.61720458984375,5.2635998535156245,7.1987060546874995,1.9771812080536608,0.8828419741285588
4.61720458984375,0.275860595703125,4.6705322265625,0.3771812080536896,0.04815541234118136
5.03670654296875,5.2635998535156245,4.6705322265625,2.0993288590603862,0.8719254516300595
9.61220458984375,5.273360595703124,2.2487060546875,3.7758389261747274,0.8916607098271829
0.04170654296875,5.273360595703124,2.2487060546875,0.36510067114093814,0.5294169884319202
9.61220458984375,0.266099853515625,2.2487060546875,0.38791946308724645,0.0428622728416766
9.61220458984375,5.273360595703124,9.6205322265625,3.989261744966705,0.9427757270290327
0.04170654296875,0.266099853515625,9.6205322265625,0.36375838926174353,0.0470956653553435
7.1147045898437495,2.7746105957031246,9.6737060546875,2.7812080536913593,0.8594825649131586
7.53420654296875,2.7746105957031246,9.6737060546875,2.948993288590713,0.8665309823304539
7.1147045898437495,2.7648498535156247,9.6737060546875,2.7798657718121644,0.859060993282891
7.1147045898437495,2.7746105957031246,7.1455322265625,2.7395973154363196,0.8464194458972103
7.53420654296875,2.7648498535156247,7.1455322265625,2.9060402684564783,0.8537103545767473
2.11970458984375,7.772110595703125,4.7237060546875,1.037583892617436,0.8338518750096466
2.53920654296875,7.772110595703125,4.7237060546875,1.2040268456375673,0.8531569578581583
2.11970458984375,7.762349853515624,4.7237060546875,1.037583892617436,0.8338360982307375
2.11970458984375,7.772110595703125,2.1955322265625004,0.9503355704697867,0.7606510764560721
2.53920654296875,7.762349853515624,2.1955322265625004,1.112751677852334,0.7863888641375458
1.49532958984375,2.149923095703125,9.0549560546875,0.4523489932885876,0.362976787349969
0.66608154296875,2.149923095703125,9.0549560546875,0.38523489932885724,0.31826288539554076
1.49532958984375,4.638912353515624,9.0549560546875,0.7234899328858981,0.7201842652558215
1.49532958984375,2.149923095703125,0.3392822265625,0.3785234899328842,0.22979930633911141
0.66608154296875,4.638912353515624,0.3392822265625,0.3771812080536896,0.4020701380547347
6.49032958984375,7.147423095703124,4.1049560546874995,2.7422818791947092,0.9180367804832554
5.66108154296875,7.147423095703124,4.1049560546874995,2.413422818791976,0.9085172602935334
6.49032958984375,9.636412353515626,4.1049560546874995,2.8026845637584765,0.9383522410097478
6.49032958984375,7.147423095703124,5.2892822265624995,2.767785234899411,0.9266842731038871
5.66108154296875,9.636412353515626,5.2892822265624995,2.492617449664471,0.9385431823509212
8.98782958984375,4.648673095703124,6.5799560546875,3.6751677852351152,0.9227158964040477
3.1635815429687497,4.648673095703124,6.5799560546875,1.3570469798657525,0.8169912705976319
8.98782958984375,7.1376623535156245,6.5799560546875,3.778523489933117,0.9487622593442627
8.98782958984375,4.648673095703124,7.7642822265625,3.691275167785453,0.926822570990762
3.1635815429687497,7.1376623535156245,7.7642822265625,1.471140939597294,0.8864818627167776
3.99282958984375,9.646173095703125,1.6299560546875,1.6885906040268204,0.8472202966280231
8.15858154296875,9.646173095703125,1.6299560546875,3.3342281879196287,0.9124677631373892
3.99282958984375,2.140162353515625,1.6299560546875,0.9436241610738136,0.4534652009324318
3.99282958984375,9.646173095703125,2.8142822265625003,1.771812080536886,0.8897899642762784
8.15858154296875,2.140162353515625,2.8142822265625003,2.7167785234900075,0.741708309685751
2.74407958984375,3.3992980957031245,2.8674560546875,0.942281879194619,0.620237121428691
9.40733154296875,3.3992980957031245,2.8674560546875,3.5489932885908013,0.8543792665011462
2.74407958984375,0.8907873535156249,2.8674560546875,0.38926174496644106,0.13784568596820995
2.74407958984375,3.3992980957031245,1.5767822265625002,0.8067114093959638,0.5205390331553511
9.40733154296875,0.8907873535156249,1.5767822265625002,1.6268456375838685,0.37753558735601556
7.73907958984375,8.396798095703126,7.8174560546875,3.3221476510068753,0.9534253831385926
4.41233154296875,8.396798095703126,7.8174560546875,1.99731543624158,0.9257340519680982
7.73907958984375,5.888287353515625,7.8174560546875,3.255033557047134,0.9341297424101891
7.73907958984375,8.396798095703126,6.5267822265625,3.3114093959733166,0.950310949006421
4.41233154296875,5.888287353515625,6.5267822265625,1.915436241610709,0.8876409500114006
5.24157958984375,0.9005480957031249,0.3924560546875,0.3932885906040249,0.10092507406166101
6.90983154296875,0.9005480957031249,0.3924560546875,0.4335570469798631,0.10101573599554711
5.24157958984375,8.387037353515625,0.3924560546875,1.7288590604026586,0.689692251887161
5.24157958984375,0.9005480957031249,9.0017822265625,1.1275167785234748,0.4296232361313458
6.90983154296875,8.387037353515625,9.0017822265625,2.9986577181209215,0.9508707366670581
0.24657958984375,5.898048095703125,5.3424560546875,0.3798657718120788,0.5801669015768514
1.9148315429687501,5.898048095703125,5.3424560546875,0.9073825503355593,0.7787588638278162
0.24657958984375,3.3895373535156246,5.3424560546875,0.37181208053691117,0.41898031293275007
0.24657958984375,5.898048095703125,4.0517822265625,0.3785234899328842,0.571699042617148
1.9148315429687501,3.3895373535156246,4.0517822265625,0.6993288590603952,0.5805727253284807
0.16853271484375001,2.384180908203125,0.46979980468750004,0.36510067114093814,0.3001413273202872
5.73912841796875,2.384180908203125,0.46979980468750004,1.1315436241610586,0.40443276693287716
0.16853271484375001,1.7497326660156247,0.46979980468750004,0.36375838926174353,0.23601953772960227
0.16853271484375001,2.384180908203125,1.9635009765625002,0.36644295302013274,0.31423285366075354
5.73912841796875,1.7497326660156247,1.9635009765625002,1.4362416107382343,0.5232010536665496
5.1635327148437495,7.3816809082031245,5.4197998046875,2.2483221476510122,0.9148811698502859
0.7441284179687501,7.3816809082031245,5.4197998046875,0.5033557046979826,0.7055954710014225
5.1635327148437495,6.747232666015624,5.4197998046875,2.2295302013422846,0.907198359767509
5.1635327148437495,7.3816809082031245,6.9135009765625,2.26711409395974,0.9225988028165866
0.7441284179687501,6.747232666015624,6.9135009765625,0.5006711409395934,0.6996933977398325
7.66103271484375,4.882930908203124,2.9447998046875004,3.0375838926175716,0.8789908425366364
8.23662841796875,4.882930908203124,2.9447998046875004,3.2657718120806924,0.8861679434285481
7.66103271484375,9.245982666015625,2.9447998046875004,3.2255033557048476,0.9337649032772474
7.66103271484375,4.882930908203124,9.3885009765625,3.191946308724977,0.9243126595525741
8.23662841796875,9.245982666015625,9.3885009765625,3.544966442953217,0.9620493232814499
2.66603271484375,9.880430908203126,7.8947998046875,1.324832214765082,0.9068950665071218
3.24162841796875,9.880430908203126,7.8947998046875,1.5543624161073597,0.9194882653064457
2.66603271484375,4.248482666015625,7.8947998046875,1.150335570469783,0.7858645736368179
2.66603271484375,9.880430908203126,4.4385009765625,1.2926174496644114,0.8844994622156869
3.24162841796875,4.248482666015625,4.4385009765625,1.3100671140939413,0.772874293732443
3.9147827148437497,3.6335559082031246,6.6572998046875,1.5744966442952788,0.802761721260116
4.49037841796875,3.6335559082031246,6.6572998046875,1.802684563758362,0.8230454430102314
3.9147827148437497,2.999107666015625,6.6572998046875,1.495302013422797,0.7614483283529931
3.9147827148437497,3.6335559082031246,0.7260009765625,1.017449664429517,0.503907277259882
4.49037841796875,2.999107666015625,0.7260009765625,1.0738255033556905,0.47484101550617724
8.90978271484375,8.631055908203125,1.7072998046875,3.6093959731545686,0.9128707347948665
9.48537841796875,8.631055908203125,1.7072998046875,3.8362416107384947,0.9170164945040851
8.90978271484375,7.996607666015624,1.7072998046875,3.583892617449867,0.906377969546539
8.90978271484375,8.631055908203125,5.6760009765624995,3.771812080537143,0.9545169371901163
9.48537841796875,7.996607666015624,5.6760009765624995,3.9879194630875103,0.9537744792047465
6.41228271484375,1.1348059082031248,9.1322998046875,1.8510067114093678,0.6203069226887201
1.99287841796875,1.1348059082031248,9.1322998046875,0.40402684563758173,0.1960220075498101
6.41228271484375,5.497857666015625,9.1322998046875,2.720805369127592,0.9206863195969832
6.41228271484375,1.1348059082031248,8.1510009765625,1.8187919463086972,0.6088571087252627
1.99287841796875,5.497857666015625,8.1510009765625,0.9543624161073705,0.798905311886141
1.4172827148437501,6.132305908203125,4.1822998046875,0.7006711409395898,0.7195184188001587
6.98787841796875,6.132305908203125,4.1822998046875,2.9046979865772835,0.9117669110930964
1.4172827148437501,0.5003576660156249,4.1822998046875,0.37046979865771656,0.08415717570541566
1.4172827148437501,6.132305908203125,3.2010009765625003,0.6724832214765031,0.6869114308927249
6.98787841796875,0.5003576660156249,3.2010009765625003,0.42550335570469544,0.08582634499258987
2.04165771484375,4.258243408203125,9.7510498046875,0.9208053691275053,0.7565974712770285
8.86100341796875,4.258243408203125,9.7510498046875,3.6348993288592704,0.924462961191237
2.04165771484375,7.371920166015625,9.7510498046875,1.04161073825502,0.8594143369757447
2.04165771484375,4.258243408203125,3.8197509765625,0.8214765100671044,0.667933799600675
8.86100341796875,7.371920166015625,3.8197509765625,3.683221476510284,0.936564976966054
7.03665771484375,9.255743408203125,4.8010498046875,3.025503355704818,0.9441291429471941
3.86600341796875,9.255743408203125,4.8010498046875,1.765100671140913,0.9098550434361659
7.03665771484375,2.3744201660156246,4.8010498046875,2.53959731543629,0.7914738533379797
7.03665771484375,9.255743408203125,8.7697509765625,3.0617449664430785,0.9555616507556866
3.86600341796875,2.3744201660156246,8.7697509765625,1.4013422818791745,0.7193488835017817
9.53415771484375,1.7594934082031248,7.2760498046875,3.425503355704877,0.8149890244125932
6.36350341796875,1.7594934082031248,7.2760498046875,2.1677852348993225,0.7365807292954647
9.53415771484375,4.873170166015624,7.2760498046875,3.9154362416109896,0.9321092012660837
9.53415771484375,1.7594934082031248,6.2947509765625,3.3892617449666167,0.8061850969093798
6.36350341796875,4.873170166015624,6.2947509765625,2.6389261744967074,0.8987226941494955
4.53915771484375,6.756993408203124,2.3260498046875,1.867114093959703,0.8445269151381709
1.36850341796875,6.756993408203124,2.3260498046875,0.6429530201342217,0.6672601766929731
4.53915771484375,9.870670166015625,2.3260498046875,1.9691275167784932,0.8911912069511709
4.53915771484375,6.756993408203124,1.3447509765625,1.7369127516778262,0.7841700465044092
1.36850341796875,9.870670166015625,1.3447509765625,0.6630872483221408,0.6912370988767285
3.29040771484375,0.5101184082031249,3.5635498046875003,0.3812080536912734,0.08505336724280088
0.11975341796875,0.5101184082031249,3.5635498046875003,0.36375838926174353,0.08476871272585146
3.29040771484375,8.621295166015624,3.5635498046875003,1.4966442953019916,0.8747388824286405
3.29040771484375,0.5101184082031249,2.5822509765625004,0.3785234899328842,0.08244925302369031
0.11975341796875,8.621295166015624,2.5822509765625004,0.37046979865771656,0.656495113075536
8.28540771484375,5.5076184082031245,8.5135498046875,3.4630872483223323,0.9353689835636299
5.11475341796875,5.5076184082031245,8.5135498046875,2.1999999999999984,0.9024561627611299
8.28540771484375,3.6237951660156247,8.5135498046875,3.340939597315603,0.9023107139735935
8.28540771484375,5.5076184082031245,7.5322509765625,3.4536912751679685,0.9327991455861308
5.11475341796875,3.6237951660156247,7.5322509765625,2.0644295302013207,0.8465703176345221
5.78790771484375,3.0088684082031247,1.0885498046875002,1.6510067114093714,0.6027547779885422
2.6172534179687497,3.0088684082031247,1.0885498046875002,0.6335570469798595,0.40436155934091106
5.78790771484375,1.1250451660156249,1.0885498046875002,0.7234899328858981,0.23492118115941812
5.78790771484375,3.0088684082031247,5.0572509765625,2.1919463087248294,0.8090679532193219
2.6172534179687497,1.1250451660156249,5.0572509765625,0.413422818791944,0.18639292093808985
0.79290771484375,8.006368408203125,6.0385498046874995,0.539597315436237,0.7452142726629434
7.61225341796875,8.006368408203125,6.0385498046874995,3.246979865771965,0.9455325710342245
0.79290771484375,6.122545166015624,6.0385498046874995,0.4939597315436204,0.6638565731604453
0.79290771484375,8.006368408203125,0.1072509765625,0.3959731543624141,0.465280570226427
7.61225341796875,6.122545166015624,0.1072509765625,2.0510067114093724,0.590621902469846
1.10509521484375,2.6965246582031246,4.4916748046874995,0.40805369127516555,0.36406278016254934
2.30506591796875,2.6965246582031246,4.4916748046874995,0.7583892617449579,0.5535873819128269
1.10509521484375,3.9361389160156244,4.4916748046874995,0.4791946308724797,0.5162319967168315
1.10509521484375,2.6965246582031246,7.8416259765625,0.4228187919463062,0.39401152294898856
2.30506591796875,3.9361389160156244,7.8416259765625,0.9825503355704572,0.7424684685793795
6.1000952148437495,7.694024658203125,9.4416748046875,2.664429530201409,0.9412990876667808
7.30006591796875,7.694024658203125,9.4416748046875,3.142281879194768,0.9495653404514697
6.1000952148437495,8.933638916015624,9.4416748046875,2.6872483221477212,0.9493646895820982
6.1000952148437495,7.694024658203125,2.8916259765625,2.5597315436242125,0.9038504006619965
7.30006591796875,8.933638916015624,2.8916259765625,3.072483221476637,0.9281256028901997
8.59759521484375,0.19777465820312498,2.0166748046875003,0.3771812080536896,0.03242100126842939
4.80256591796875,0.19777465820312498,2.0166748046875003,0.37046979865771656,0.03298576402860612
8.59759521484375,6.434888916015624,2.0166748046875003,3.425503355704877,0.8944494166753689
8.59759521484375,0.19777465820312498,0.4166259765625,0.37046979865771656,0.02881091190960643
4.80256591796875,6.434888916015624,0.4166259765625,1.4657718120805157,0.6262240909481157
3.60259521484375,5.195274658203124,6.9666748046875,1.5677852348993058,0.8542891186387644
9.79756591796875,5.195274658203124,6.9666748046875,4.0335570469801345,0.9367976904149299
3.60259521484375,1.4373889160156248,6.9666748046875,0.9248322147650891,0.4793834963749476
3.60259521484375,5.195274658203124,5.3666259765625,1.5422818791946082,0.8401036698966373
9.79756591796875,1.4373889160156248,5.3666259765625,3.2590604026847183,0.7555953201622593
4.85134521484375,1.4471496582031247,8.2041748046875,1.444295302013402,0.6110302950853875
8.54881591796875,1.4471496582031247,8.2041748046875,2.9033557046980887,0.7614967981387664
4.85134521484375,0.18801391601562498,8.2041748046875,0.375838926174495,0.034299658244986285
4.85134521484375,1.4471496582031247,9.0791259765625,1.4657718120805157,0.6208447864418678
8.54881591796875,0.18801391601562498,9.0791259765625,0.38926174496644106,0.035553055698392004
9.84634521484375,6.444649658203124,3.2541748046875,4.017449664429797,0.928631361648377
3.55381591796875,6.444649658203124,3.2541748046875,1.5194630872483,0.8361893609604797
9.84634521484375,5.1855139160156245,3.2541748046875,3.9476510067116655,0.9123981327839199
9.84634521484375,6.444649658203124,4.1291259765624995,4.052348993288862,0.936791203350451
3.55381591796875,5.1855139160156245,4.1291259765624995,1.4899328859060186,0.8198165175261104
7.34884521484375,3.9458996582031247,5.7291748046875,2.9503355704699077,0.8860451202465902
6.05131591796875,3.9458996582031247,5.7291748046875,2.4348993288590934,0.8657582840340265
7.34884521484375,7.684263916015624,5.7291748046875,3.1302013422820147,0.9402812243001419
7.34884521484375,3.9458996582031247,1.6541259765625,2.6228187919463695,0.785911279851793
6.05131591796875,7.684263916015624,1.6541259765625,2.4335570469798986,0.8646192581280666
2.3538452148437496,8.943399658203125,0.7791748046875,0.9033557046979754,0.6666476292299504
1.05631591796875,8.943399658203125,0.7791748046875,0.4993288590603988,0.5755602382506477
2.3538452148437496,2.6867639160156247,0.7791748046875,0.47114093959731207,0.2948565200021216
2.3538452148437496,8.943399658203125,6.6041259765625,1.1785234899328698,0.881717765001273
1.05631591796875,2.6867639160156247,6.6041259765625,0.4120805369127494,0.3795977449653178
1.72947021484375,0.822462158203125,5.1104248046875,0.3798657718120788,0.1356290175963529
2.92944091796875,0.822462158203125,5.1104248046875,0.3986577181208033,0.13886934023134276
1.72947021484375,9.558326416015625,5.1104248046875,0.9248322147650891,0.8499634152660249
1.72947021484375,0.822462158203125,5.9853759765625,0.3812080536912734,0.13742933596682558
2.92944091796875,9.558326416015625,5.9853759765625,1.4120805369127314,0.90160008417841
6.72447021484375,5.819962158203125,0.1604248046875,1.8120805369127242,0.5808923064375628
7.92444091796875,5.819962158203125,0.1604248046875,2.1825503355704656,0.6072510724250937
6.72447021484375,4.560826416015624,0.1604248046875,1.6510067114093714,0.5268639049522847
6.72447021484375,5.819962158203125,1.0353759765625001,2.4201342281879503,0.7834165461245152
7.92444091796875,4.560826416015624,1.0353759765625001,2.727516778523566,0.763881220616803
9.22197021484375,3.3212121582031244,7.5854248046875,3.6671140939599463,0.8995872427458151
0.43194091796875,3.3212121582031244,7.5854248046875,0.382550335570468,0.4262346395512504
9.22197021484375,2.062076416015625,7.5854248046875,3.4228187919464874,0.8394054219724352
9.22197021484375,3.3212121582031244,3.5103759765625,3.52080536912771,0.8631721036067486
0.43194091796875,2.062076416015625,3.5103759765625,0.37181208053691117,0.2875759886828053
4.22697021484375,8.318712158203125,2.6354248046875,1.822818791946281,0.8741939660730595
5.42694091796875,8.318712158203125,2.6354248046875,2.2993288590604157,0.8968857276969653
4.22697021484375,7.0595764160156245,2.6354248046875,1.7798657718120536,0.8533462258684433
4.22697021484375,8.318712158203125,8.4603759765625,1.9248322147650712,0.9238549214139177
5.42694091796875,7.0595764160156245,8.4603759765625,2.375838926174521,0.9272614581003238
2.9782202148437498,4.570587158203124,1.3979248046875001,0.9959731543624033,0.617569404078544
6.67569091796875,4.570587158203124,1.3979248046875001,2.382550335570495,0.7762100712818034
2.9782202148437498,5.810201416015625,1.3979248046875001,1.0953020134228042,0.6841577598625055
2.9782202148437498,4.570587158203124,7.2228759765624995,1.287248322147633,0.8110412907587359
6.67569091796875,5.810201416015625,7.2228759765624995,2.821476510067204,0.921913426789805
7.97322021484375,9.568087158203125,6.3479248046875,3.4228187919464874,0.9566642564914849
1.6806909179687501,9.568087158203125,6.3479248046875,0.9181208053691161,0.8594533678466618
7.97322021484375,0.812701416015625,6.3479248046875,1.8953020134227898,0.5196326130147453
7.97322021484375,9.568087158203125,2.2728759765625,3.3194630872484856,0.9274312667001479
1.6806909179687501,0.812701416015625,2.2728759765625,0.3744966442953004,0.12603531701626067
5.47572021484375,2.0718371582031248,3.8729248046875004,1.7677852348993022,0.6805848620478917
9.17319091796875,2.0718371582031248,3.8729248046875004,3.2201342281880683,0.7926486819229683
5.47572021484375,3.3114514160156245,3.8729248046875004,2.0590604026845414,0.7962779242320921
5.47572021484375,2.0718371582031248,4.7478759765625,1.8281879194630595,0.7049766226212731
9.17319091796875,3.3114514160156245,4.7478759765625,3.5704697986579186,0.8798105610501101
0.48072021484375,7.069337158203124,8.8229248046875,0.42684563758389005,0.673776418439705
4.17819091796875,7.069337158203124,8.8229248046875,1.8805369127516491,0.911078228816373
0.48072021484375,8.308951416015626,8.8229248046875,0.44429530201341993,0.7256392865996475
0.48072021484375,7.069337158203124,9.6978759765625,0.42818791946308465,0.6779083410488547
4.17819091796875,8.308951416015626,9.6978759765625,1.911409395973125,0.9260949861358123
0.32462646484375,4.726759033203124,7.4307373046875,0.38389261744966263,0.5282990413873692
1.21240966796875,4.726759033203124,7.4307373046875,0.6053691275167727,0.6699377429404287
0.32462646484375,0.34418579101562496,7.4307373046875,0.36510067114093814,0.0600395166117489
0.32462646484375,4.726759033203124,8.6150634765625,0.38523489932885724,0.5332968820267797
1.21240966796875,0.34418579101562496,8.6150634765625,0.36912751677852196,0.060870712100642585
5.31962646484375,9.724259033203126,2.4807373046875,2.2845637583892726,0.9063190554354605
6.20740966796875,9.724259033203126,2.4807373046875,2.6362416107383178,0.9170342338872279
5.31962646484375,5.341685791015625,2.4807373046875,2.1060402684563604,0.8348141747739035
5.31962646484375,9.724259033203126,3.6650634765625,2.328859060402702,0.924141074363829
6.20740966796875,5.341685791015625,3.6650634765625,2.5342281879195108,0.8814389603934822
7.81712646484375,2.228009033203125,9.9057373046875,2.954362416107492,0.8401461028373634
3.7099096679687498,2.228009033203125,9.9057373046875,1.3221476510066927,0.7001087975115161
7.81712646484375,7.840435791015624,9.9057373046875,3.354362416107551,0.9541780527097276
7.81712646484375,2.228009033203125,1.1900634765625002,2.1463087248322053,0.6043568815776952
3.7099096679687498,7.840435791015624,1.1900634765625002,1.444295302013402,0.7661589080093325
2.8221264648437496,7.225509033203124,4.9557373046875,1.3060402684563575,0.8569282028118039
8.70490966796875,7.225509033203124,4.9557373046875,3.645637583892829,0.9419916012187751
2.8221264648437496,2.8429357910156248,4.9557373046875,0.9946308724832087,0.6435152445375654
2.8221264648437496,7.225509033203124,6.1400634765625,1.3221476510066927,0.8677528985474396
8.70490966796875,2.8429357910156248,6.1400634765625,3.3597315436243305,0.8678933203468845
4.070876464843749,0.9786340332031249,1.2432373046875,0.4013422818791925,0.1291822215942761
9.95365966796875,0.9786340332031249,1.2432373046875,1.7744966442952752,0.39354102478048963
4.070876464843749,4.092310791015625,1.2432373046875,1.2953020134228006,0.6331301904026692
4.070876464843749,0.9786340332031249,9.8525634765625,0.809395973154353,0.36102389725277784
9.95365966796875,4.092310791015625,9.8525634765625,4.059060402684836,0.9293395082335008
9.06587646484375,5.976134033203125,6.1932373046875,3.7664429530203636,0.9383486212882584
4.95865966796875,5.976134033203125,6.1932373046875,2.131543624161062,0.8971887104419229
9.06587646484375,9.089810791015625,6.1932373046875,3.848322147651248,0.9587958110938843
9.06587646484375,5.976134033203125,4.9025634765624995,3.7422818791948567,0.9322541870176877
4.95865966796875,9.089810791015625,4.9025634765624995,2.1973154362416087,0.9249065266607641
6.56837646484375,3.4773840332031245,3.7182373046875004,2.5060402684564194,0.8296306731013309
7.45615966796875,3.4773840332031245,3.7182373046875004,2.8590604026846593,0.8472510757795594
6.56837646484375,6.591060791015624,3.7182373046875004,2.7409395973155144,0.9080359029707217
6.56837646484375,3.4773840332031245,2.4275634765625003,2.3852348993288848,0.7887447849291471
7.45615966796875,6.591060791015624,2.4275634765625003,3.0228187919464284,0.8959892164339731
1.57337646484375,8.474884033203125,8.6682373046875,0.8724832214764995,0.8508557562229608
2.46115966796875,8.474884033203125,8.6682373046875,1.225503355704681,0.8885939454297622
1.57337646484375,1.5935607910156249,8.6682373046875,0.40939597315436016,0.2613383757571466
1.57337646484375,8.474884033203125,7.3775634765625,0.8644295302013318,0.8428014623386776
2.46115966796875,1.5935607910156249,7.3775634765625,0.5959731543624105,0.3764489895117786
2.19775146484375,1.6033215332031248,3.0994873046875,0.4187919463087224,0.23600897405224414
4.33428466796875,1.6033215332031248,3.0994873046875,1.0510067114093822,0.4751397565744649
2.19775146484375,5.966373291015625,3.0994873046875,0.9583892617449543,0.7481080128745272
2.19775146484375,1.6033215332031248,5.5213134765625,0.46845637583892286,0.2870433360972399
4.33428466796875,5.966373291015625,5.5213134765625,1.8724832214764815,0.8803353147986992
7.19275146484375,6.600821533203124,8.049487304687501,3.0630872483222733,0.9377149256632524
9.32928466796875,6.600821533203124,8.049487304687501,3.9140939597317947,0.9503240759168309
7.19275146484375,0.9688732910156249,8.049487304687501,1.9342281879194334,0.5849025446622298
7.19275146484375,6.600821533203124,0.5713134765625,2.421476510067145,0.7379215235079208
9.32928466796875,0.9688732910156249,0.5713134765625,1.106040268456361,0.24922547505210368
9.69025146484375,4.102071533203125,0.6244873046875,3.026845637584013,0.7064501248268594
1.83678466796875,4.102071533203125,0.6244873046875,0.48859060402684196,0.38053196647708115
9.69025146484375,3.4676232910156246,0.6244873046875,2.869798657718218,0.6689388796162039
9.69025146484375,4.102071533203125,3.0463134765625,3.7758389261747274,0.8852152467215988
1.83678466796875,3.4676232910156246,3.0463134765625,0.6375838926174433,0.535389108730464
4.69525146484375,9.099571533203125,5.5744873046875,2.102013422818776,0.9257741834742308
6.8317846679687495,9.099571533203125,5.5744873046875,2.9530201342282973,0.9456412806328907
4.69525146484375,8.465123291015626,5.5744873046875,2.0899328859060224,0.9204325328605389
4.69525146484375,9.099571533203125,7.9963134765625,2.1221476510066983,0.9347558825801703
6.8317846679687495,8.465123291015626,7.9963134765625,2.962416107382661,0.9487412633151164
3.4465014648437498,2.8526965332031247,9.2869873046875,1.3302013422818604,0.7483120975343773
5.58303466796875,2.8526965332031247,9.2869873046875,2.178523489932881,0.8297669715118849
3.4465014648437498,9.714498291015625,9.2869873046875,1.6402684563758145,0.9256064113421556
3.4465014648437498,2.8526965332031247,6.7588134765625,1.2899328859060222,0.7244858057005659
5.58303466796875,9.714498291015625,6.7588134765625,2.476510067114133,0.9436317075667986
8.44150146484375,7.850196533203125,4.3369873046875,3.544966442953217,0.941517546665661
0.58803466796875,7.850196533203125,4.3369873046875,0.44697986577180915,0.6726418846408135
8.44150146484375,4.716998291015624,4.3369873046875,3.4067114093961495,0.9046360542942642
8.44150146484375,7.850196533203125,1.8088134765625001,3.4067114093961495,0.9043089941261367
0.58803466796875,4.716998291015624,1.8088134765625001,0.38657718120805185,0.46737291587155766
5.94400146484375,0.35394653320312497,6.8119873046874995,0.3959731543624141,0.06487272691473314
8.08053466796875,0.35394653320312497,6.8119873046874995,0.4228187919463062,0.06853284962844643
5.94400146484375,2.218248291015625,6.8119873046874995,2.1436241610738156,0.7731292103544503
5.94400146484375,0.35394653320312497,4.2838134765625,0.38926174496644106,0.06137231391381073
8.08053466796875,2.218248291015625,4.2838134765625,2.8751677852349973,0.7929582170942624
0.94900146484375,5.3514465332031245,1.8619873046875002,0.4389261744966415,0.5047398009087494
3.0855346679687496,5.3514465332031245,1.8619873046875002,1.1691275167785076,0.7129966375932966
0.94900146484375,7.2157482910156245,1.8619873046875002,0.495302013422815,0.6057841740150482
0.94900146484375,5.3514465332031245,9.2338134765625,0.54630872483221,0.6843413928911387
3.0855346679687496,7.2157482910156245,9.2338134765625,1.451006711409375,0.8911627421302729
0.63681396484375,0.04160278320312499,7.7401123046875,0.36375838926174353,0.007510134723130661
7.14397216796875,0.04160278320312499,7.7401123046875,0.36644295302013274,0.0075394062930603115
0.63681396484375,2.5305920410156246,7.7401123046875,0.38657718120805185,0.35630009635615445
0.63681396484375,0.04160278320312499,1.4994384765625002,0.36375838926174353,0.00714267811363767
7.14397216796875,2.5305920410156246,1.4994384765625002,2.155704697986569,0.6591407688155226
5.63181396484375,5.039102783203124,2.7901123046875003,2.233557046979869,0.8438393549590824
2.1489721679687497,5.039102783203124,2.7901123046875003,0.8711409395973049,0.6863183162166376
5.63181396484375,7.528092041015625,2.7901123046875003,2.3637583892617675,0.89351026817005
5.63181396484375,5.039102783203124,6.4494384765624995,2.359731543624183,0.8923414639614855
2.1489721679687497,7.528092041015625,6.4494384765624995,1.0657718120805229,0.8490103877305338
8.12931396484375,2.5403527832031245,5.2651123046874995,3.0375838926175716,0.8338819229227022
9.64147216796875,2.5403527832031245,5.2651123046874995,3.638926174496855,0.8571273043026427
8.12931396484375,5.029342041015624,5.2651123046874995,3.3302013422820442,0.9146899245100055
8.12931396484375,2.5403527832031245,8.9244384765625,3.1328859060404044,0.8604935360880325
9.64147216796875,5.029342041015624,8.9244384765625,3.983892617449926,0.9388968752342965
3.13431396484375,7.537852783203125,0.3151123046875,0.9583892617449543,0.5680840278253274
4.64647216796875,7.537852783203125,0.3151123046875,1.4295302013422613,0.6274620548109396
3.13431396484375,0.031842041015624996,0.3151123046875,0.36375838926174353,0.005280324605311004
3.13431396484375,7.537852783203125,3.9744384765625003,1.4174496644295098,0.8596711737898579
4.64647216796875,0.031842041015624996,3.9744384765625003,0.36510067114093814,0.005643719815511977
4.38306396484375,3.7897277832031246,4.0276123046875,1.6979865771811826,0.7898265998748073
3.39772216796875,3.7897277832031246,4.0276123046875,1.3100671140939413,0.744492055284978
4.38306396484375,1.2812170410156247,4.0276123046875,0.9530201342281759,0.4181878158467962
4.38306396484375,3.7897277832031246,0.2619384765625,0.966442953020122,0.4319373620259308
3.39772216796875,1.2812170410156247,0.2619384765625,0.38657718120805185,0.13728684622221268
9.37806396484375,8.787227783203125,8.9776123046875,0.31006711409395926,0.07720414695661867
8.39272216796875,8.787227783203125,8.9776123046875,3.5959731543626203,0.9601988019510073
9.37806396484375,6.278717041015624,8.9776123046875,3.9302013422821327,0.9497703219254676
9.37806396484375,8.787227783203125,5.2119384765625,3.9543624161076396,0.955540983317695
8.39272216796875,6.278717041015624,5.2119384765625,3.4939597315438133,0.9328070010043732
6.88056396484375,1.2909777832031248,1.5526123046875002,1.3610738255033363,0.41755111013841517
0.90022216796875,1.2909777832031248,1.5526123046875002,0.37046979865771656,0.18491014833973823
6.88056396484375,8.777467041015624,1.5526123046875002,2.7892617449665282,0.8869171827798348
6.88056396484375,1.2909777832031248,7.6869384765625,2.1194630872483087,0.6709622088548094
0.90022216796875,8.777467041015624,7.6869384765625,0.6053691275167727,0.7966797109980956
1.88556396484375,6.288477783203124,6.5026123046875,0.9261744966442838,0.8041412197227642
5.8952221679687495,6.288477783203124,6.5026123046875,2.5208053691275625,0.9168990265110195
1.88556396484375,3.7799670410156248,6.5026123046875,0.7865771812080447,0.6738395082154496
1.88556396484375,6.288477783203124,2.7369384765625,0.8362416107382451,0.7210248573570549
5.8952221679687495,3.7799670410156248,2.7369384765625,2.202684563758388,0.799787346553921
1.26118896484375,3.165040283203125,2.1713623046875004,0.4147651006711386,0.3679941952511857
7.76834716796875,3.165040283203125,2.1713623046875004,2.7543624161074627,0.7860473940343733
1.26118896484375,8.152779541015626,2.1713623046875004,0.6389261744966379,0.6977370062563467
1.26118896484375,3.165040283203125,4.5931884765625,0.46577181208053364,0.4475661691228181
7.76834716796875,8.152779541015626,4.5931884765625,3.2899328859061994,0.9409119492532407
6.25618896484375,8.162540283203125,7.1213623046875,2.720805369127592,0.940486179472757
2.77334716796875,8.162540283203125,7.1213623046875,1.3342281879194442,0.8872021241814916
6.25618896484375,3.1552795410156245,7.1213623046875,2.4563758389262107,0.8487607113153461
6.25618896484375,8.162540283203125,9.5431884765625,2.73691275167793,0.9460906210930542
2.77334716796875,3.1552795410156245,9.5431884765625,1.1073825503355557,0.7329824997194931
8.75368896484375,0.666290283203125,4.6463623046875,1.672483221476485,0.41469531610529997
5.27084716796875,0.666290283203125,4.6463623046875,0.4966442953020096,0.14396488008522404
8.75368896484375,0.656529541015625,4.6463623046875,1.6442953020133984,0.406941661429833
8.75368896484375,0.666290283203125,7.0681884765625,1.911409395973125,0.47970486734743173
5.27084716796875,0.656529541015625,7.0681884765625,0.621476510067108,0.19778655179502852
3.75868896484375,5.663790283203125,9.5963623046875,1.6738255033556797,0.882431775370789
0.27584716796875003,5.663790283203125,9.5963623046875,0.38657718120805185,0.5901375367371907
3.75868896484375,5.654029541015625,9.5963623046875,1.6738255033556797,0.8824177493212392
3.75868896484375,5.663790283203125,2.1181884765625,1.4791946308724617,0.7774555147144611
0.27584716796875003,5.654029541015625,2.1181884765625,0.3744966442953004,0.5342388909786544
2.50993896484375,1.9156652832031247,5.8838623046875,0.6939597315436168,0.4593657340824111
1.52459716796875,1.9156652832031247,5.8838623046875,0.4147651006711386,0.294186528194697
2.50993896484375,6.903404541015624,5.8838623046875,1.1865771812080375,0.8478426848162678
2.50993896484375,1.9156652832031247,3.3556884765625004,0.5892617449664375,0.3718013400143548
1.52459716796875,6.903404541015624,3.3556884765625004,0.7463087248322064,0.7358204230526268
7.50493896484375,6.913165283203124,0.9338623046875,2.7718120805369955,0.815480719990431
6.51959716796875,6.913165283203124,0.9338623046875,2.391946308724859,0.795579021634198
7.50493896484375,1.9059045410156248,0.9338623046875,1.7288590604026586,0.4998928518572048
7.50493896484375,6.913165283203124,8.3056884765625,3.198657718120951,0.9432665114050423
6.51959716796875,1.9059045410156248,8.3056884765625,2.314093959731559,0.7708114555392034
5.00743896484375,4.414415283203125,8.3588623046875,2.0979865771811914,0.8758939610369174
4.02209716796875,4.414415283203125,8.3588623046875,1.7046979865771557,0.8513368579007856
5.00743896484375,4.404654541015624,8.3588623046875,2.0966442953019966,0.8753509601888301
5.00743896484375,4.414415283203125,5.8306884765625,2.060402684563736,0.8599648597698943
4.02209716796875,4.404654541015624,5.8306884765625,1.6684563758389013,0.8328351831152538
0.01243896484375,9.411915283203125,3.4088623046875,0.36375838926174353,0.6896557860608162
9.01709716796875,9.411915283203125,3.4088623046875,3.7838926174498964,0.9471974298231858
0.01243896484375,9.402154541015625,3.4088623046875,0.36375838926174353,0.6894123799054536
0.01243896484375,9.411915283203125,0.8806884765625,0.36375838926174353,0.6678429770239009
9.01709716796875,9.402154541015625,0.8806884765625,3.4859060402686444,0.8715263678968106
