phi_star,Da2_star,Lambda_star,tau_star_break,bed_utilization
0.01731689453125,3.1440698242187497,7.3678955078124995,0.36375838926174353,0.3187973733670919
7.47079345703125,3.1440698242187497,7.3678955078124995,2.2241610738255053,0.6432491617960294
0.01731689453125,3.2026049804687498,7.3678955078124995,0.36375838926174353,0.32232158932815763
0.01731689453125,3.1440698242187497,7.3823974609375,0.36375838926174353,0.3188189946401459
7.47079345703125,3.2026049804687498,7.3823974609375,2.2389261744966484,0.6478377268342167
5.01231689453125,8.13906982421875,2.4178955078125,1.4483221476509858,0.5838732717338648
2.4757934570312496,8.13906982421875,2.4178955078125,0.6912751677852276,0.45640067511970933
5.01231689453125,8.19760498046875,2.4178955078125,1.4523489932885696,0.585635939086671
5.01231689453125,8.13906982421875,2.4323974609375,1.4523489932885696,0.585582174335859
2.4757934570312496,8.19760498046875,2.4323974609375,0.6953020134228114,0.45956985401085204
7.50981689453125,0.64656982421875,9.8428955078125,0.7624161073825417,0.18540969866134233
9.96829345703125,0.64656982421875,9.8428955078125,1.3369127516778334,0.27857860764124887
7.50981689453125,5.70010498046875,9.8428955078125,2.6912751677853057,0.7849152189991236
7.50981689453125,0.64656982421875,4.9073974609375,0.41073825503355477,0.0808353252042711
9.96829345703125,5.70010498046875,4.9073974609375,3.3744966442954736,0.7627656693141942
2.5148168945312497,5.64156982421875,4.8928955078125,0.7771812080536824,0.5100389971138861
4.97329345703125,5.64156982421875,4.8928955078125,1.570469798657695,0.6397998979367621
2.5148168945312497,0.70510498046875,4.8928955078125,0.37181208053691117,0.09759386191186067
2.5148168945312497,5.64156982421875,9.8573974609375,0.9100671140939485,0.6113600651563874
4.97329345703125,0.70510498046875,9.8573974609375,0.4187919463087224,0.10933428707875104
3.76356689453125,1.8953198242187501,1.1803955078125001,0.3771812080536896,0.12936094780642737
3.72454345703125,1.8953198242187501,1.1803955078125001,0.3771812080536896,0.13001960765147202
3.76356689453125,1.95385498046875,1.1803955078125001,0.3771812080536896,0.1306821158162311
3.76356689453125,1.8953198242187501,6.1448974609375,0.6671140939597247,0.29791110571367624
3.72454345703125,1.95385498046875,6.1448974609375,0.6751677852348923,0.3054035836095308
8.75856689453125,6.89031982421875,6.1303955078125,3.1328859060404044,0.7975614429942322
8.71954345703125,6.89031982421875,6.1303955078125,3.1181208053692613,0.7969458135050895
8.75856689453125,6.94885498046875,6.1303955078125,3.136912751677989,0.7986551790732752
8.75856689453125,6.89031982421875,1.1948974609375,1.9073825503355413,0.4736346897328869
8.71954345703125,6.94885498046875,1.1948974609375,1.904697986577152,0.4748997409686263
6.2610668945312495,4.3928198242187495,3.6553955078125,1.7020134228187664,0.5679390257264785
1.22704345703125,4.3928198242187495,3.6553955078125,0.3932885906040249,0.3176076306230588
6.2610668945312495,9.44635498046875,3.6553955078125,2.1744966442952967,0.7388876956615068
6.2610668945312495,4.3928198242187495,3.6698974609375004,1.7046979865771557,0.5688903315441989
1.22704345703125,9.44635498046875,3.6698974609375004,0.5046979865771772,0.4952749269695035
1.26606689453125,9.38781982421875,8.6053955078125,0.614765100671135,0.620787215527964
6.2220434570312495,9.38781982421875,8.6053955078125,2.3932885906040537,0.8236671138095355
1.26606689453125,4.45135498046875,8.6053955078125,0.4751677852348959,0.4200187838139725
1.26606689453125,9.38781982421875,8.6198974609375,0.6161073825503296,0.6222105574436625
6.2220434570312495,4.45135498046875,8.6198974609375,2.061744966442931,0.7020376004287903
1.89044189453125,0.02219482421875,3.0366455078125,0.36375838926174353,0.003724076193322992
8.09516845703125,0.02219482421875,3.0366455078125,0.36375838926174353,0.003688478562002547
1.89044189453125,7.57322998046875,3.0366455078125,0.5825503355704644,0.4491127740577739
1.89044189453125,0.02219482421875,9.2386474609375,0.36375838926174353,0.0038818417942232224
8.09516845703125,7.57322998046875,9.2386474609375,3.0295302013424026,0.829388211355087
6.88544189453125,5.01719482421875,7.9866455078125,2.3463087248322347,0.7348304304055142
3.1001684570312498,5.01719482421875,7.9866455078125,1.0268456375838793,0.594878153678497
6.88544189453125,2.5782299804687496,7.9866455078125,1.904697986577152,0.5867831797544779
6.88544189453125,5.01719482421875,4.2886474609375,2.100671140939581,0.6526165337871912
3.1001684570312498,2.5782299804687496,4.2886474609375,0.5597315436241561,0.2836547287183576
9.38294189453125,2.51969482421875,0.5616455078125,0.4161073825503332,0.08290538803633661
5.59766845703125,2.51969482421875,0.5616455078125,0.382550335570468,0.10687304952777328
9.38294189453125,0.08072998046874999,0.5616455078125,0.36375838926174353,0.011496474558889996
9.38294189453125,2.51969482421875,1.8136474609375002,1.3919463087248123,0.31635108089889413
5.59766845703125,0.08072998046874999,1.8136474609375002,0.36375838926174353,0.012643855727167138
4.38794189453125,7.51469482421875,5.5116455078125,1.539597315436219,0.6990818587330636
0.60266845703125,7.51469482421875,5.5116455078125,0.3959731543624141,0.46371266671924893
4.38794189453125,5.07572998046875,5.5116455078125,1.3610738255033363,0.6100111693275019
4.38794189453125,7.51469482421875,6.7636474609374995,1.5892617449664195,0.7236609309183737
0.60266845703125,5.07572998046875,6.7636474609374995,0.38523489932885724,0.39909691221053106
3.13919189453125,3.76844482421875,9.2241455078125,0.9543624161073705,0.5389033508114126
1.85141845703125,3.76844482421875,9.2241455078125,0.5852348993288536,0.4381007458498004
3.13919189453125,6.32447998046875,9.2241455078125,1.1449664429530046,0.6675587283062726
3.13919189453125,3.76844482421875,8.001147460937501,0.9248322147650891,0.519867063938204
1.85141845703125,6.32447998046875,8.001147460937501,0.7046979865771736,0.5666728919415771
8.13419189453125,8.76344482421875,4.2741455078124995,2.893959731543725,0.785753638418502
6.84641845703125,8.76344482421875,4.2741455078124995,2.416107382550366,0.7616470879742799
8.13419189453125,1.32947998046875,4.2741455078124995,1.198657718120789,0.30237813150421367
8.13419189453125,8.76344482421875,3.0511474609375,2.722147651006787,0.7363261392407978
6.84641845703125,1.32947998046875,3.0511474609375,0.6308724832214703,0.16926131341296224
5.63669189453125,1.27094482421875,6.7491455078125,0.853691275167775,0.2825370868112169
4.34891845703125,1.27094482421875,6.7491455078125,0.570469798657713,0.2116228837407715
5.63669189453125,3.82697998046875,6.7491455078125,1.6953020134227934,0.6210249486610175
5.63669189453125,1.27094482421875,0.5761474609375,0.37181208053691117,0.08398315067913072
4.34891845703125,3.82697998046875,0.5761474609375,0.38791946308724645,0.1393727010541094
0.64169189453125,6.26594482421875,1.7991455078125,0.3731543624161058,0.37163530808908335
9.34391845703125,6.26594482421875,1.7991455078125,2.421476510067145,0.5720736602275673
0.64169189453125,8.82197998046875,1.7991455078125,0.3771812080536896,0.41635672116718003
0.64169189453125,6.26594482421875,5.5261474609375,0.39060402684563567,0.4271880362908552
9.34391845703125,8.82197998046875,5.5261474609375,3.448322147651189,0.8298197350542157
0.95387939453125,1.58313232421875,7.6772705078125,0.3731543624161058,0.19768651026693596
0.91485595703125,1.58313232421875,7.6772705078125,0.3731543624161058,0.1982886190138558
0.95387939453125,1.01729248046875,7.6772705078125,0.36912751677852196,0.1411845911434967
0.95387939453125,1.58313232421875,2.7417724609375003,0.36778523489932735,0.18052043472651003
0.91485595703125,1.01729248046875,2.7417724609375003,0.36644295302013274,0.13180713031013666
5.94887939453125,6.57813232421875,2.7272705078125004,1.696644295301988,0.5938114316273415
5.90985595703125,6.57813232421875,2.7272705078125004,1.6845637583892366,0.5927516007562323
5.94887939453125,6.01229248046875,2.7272705078125004,1.6362416107382307,0.5710602525358361
5.94887939453125,6.57813232421875,7.6917724609375,2.1288590604026725,0.757026558202228
5.90985595703125,6.01229248046875,7.6917724609375,2.0738255033556845,0.7404076293150006
8.44637939453125,4.08063232421875,5.2022705078125,2.602684563758447,0.6780930911081875
3.41235595703125,4.08063232421875,5.2022705078125,0.9261744966442838,0.4884703624562277
8.44637939453125,8.50979248046875,5.2022705078125,3.0711409395974423,0.8078318889693514
8.44637939453125,4.08063232421875,5.2167724609374995,2.604026845637642,0.6784708453126173
3.41235595703125,8.50979248046875,5.2167724609374995,1.2295302013422649,0.676607261882533
3.4513793945312496,9.07563232421875,0.25227050781250004,0.4013422818791925,0.18583018960501288
8.40735595703125,9.07563232421875,0.25227050781250004,1.0402684563758253,0.2603019579728519
3.4513793945312496,3.51479248046875,0.25227050781250004,0.3744966442953004,0.14317156440963935
3.4513793945312496,9.07563232421875,0.2667724609375,0.4026845637583871,0.18687936672064248
8.40735595703125,3.51479248046875,0.2667724609375,0.4013422818791925,0.08777681238355485
4.70012939453125,2.83188232421875,3.9647705078125,0.9637583892617327,0.3895905836853261
9.65610595703125,2.83188232421875,3.9647705078125,2.4805369127517176,0.567866851966241
4.70012939453125,4.76354248046875,3.9647705078125,1.2966442953019952,0.5452014140701882
4.70012939453125,2.83188232421875,3.9792724609375,0.9651006711409273,0.39021818826879706
9.65610595703125,4.76354248046875,3.9792724609375,2.994630872483337,0.6930311831290502
9.69512939453125,7.82688232421875,8.9147705078125,3.645637583892829,0.8502284218083016
4.66110595703125,7.82688232421875,8.9147705078125,1.754362416107356,0.7643765256476451
9.69512939453125,9.75854248046875,8.9147705078125,3.738255033557272,0.8727581518982019
9.69512939453125,7.82688232421875,8.9292724609375,3.646979865772024,0.8505330228735188
4.66110595703125,9.75854248046875,8.9292724609375,1.8255033557046703,0.7981633725628764
7.1976293945312495,0.33438232421875,1.4897705078125,0.36778523489932735,0.04110600432788581
7.15860595703125,0.33438232421875,1.4897705078125,0.36778523489932735,0.04116068667328119
7.1976293945312495,7.26104248046875,1.4897705078125,1.7046979865771557,0.5035149378959485
7.1976293945312495,0.33438232421875,6.4542724609375,0.3798657718120788,0.05053088890282658
7.15860595703125,7.26104248046875,6.4542724609375,2.5771812080537453,0.7832185834042691
2.20262939453125,5.3293823242187495,6.4397705078125,0.727516778523482,0.5185209213164079
2.16360595703125,5.3293823242187495,6.4397705078125,0.7154362416107305,0.5148877018904061
2.20262939453125,2.26604248046875,6.4397705078125,0.4402684563758361,0.2522555478236309
2.20262939453125,5.3293823242187495,1.5042724609375002,0.4013422818791925,0.24657136199274926
2.16360595703125,2.26604248046875,1.5042724609375002,0.3744966442953004,0.1777834650162976
1.57825439453125,4.70500732421875,2.1085205078125,0.38926174496644106,0.277799924488039
4.03673095703125,4.70500732421875,2.1085205078125,0.7771812080536824,0.3521193273849248
1.57825439453125,5.38791748046875,2.1085205078125,0.3959731543624141,0.29321883400129584
1.57825439453125,4.70500732421875,0.8855224609375,0.3744966442953004,0.24484237610557247
4.03673095703125,5.38791748046875,0.8855224609375,0.4738255033557013,0.199810914322549
6.57325439453125,9.70000732421875,7.0585205078125,2.502013422818835,0.8210733767710483
9.03173095703125,9.70000732421875,7.0585205078125,3.4362416107384357,0.8540770479504695
6.57325439453125,0.39291748046875,7.0585205078125,0.38389261744966263,0.05938963359882124
6.57325439453125,9.70000732421875,5.8355224609375,2.4590604026846004,0.8059193545535426
9.03173095703125,0.39291748046875,5.8355224609375,0.3919463087248303,0.055419005834452986
9.07075439453125,2.2075073242187497,4.5835205078125,2.1369127516778414,0.5137421399821211
1.5392309570312501,2.2075073242187497,4.5835205078125,0.382550335570468,0.22453294831999882
9.07075439453125,2.89041748046875,4.5835205078125,2.4268456375839245,0.5885558397221803
9.07075439453125,2.2075073242187497,8.3105224609375,2.523489932885952,0.6138159653618656
1.5392309570312501,2.89041748046875,8.3105224609375,0.4322147651006685,0.3097284188880906
4.07575439453125,7.20250732421875,9.5335205078125,1.5234899328858837,0.7365224578946219
6.53423095703125,7.20250732421875,9.5335205078125,2.4268456375839245,0.7995203248331118
4.07575439453125,7.88541748046875,9.5335205078125,1.553020134228165,0.752338047210893
4.07575439453125,7.20250732421875,3.3605224609375,1.2416107382550163,0.5894319993075264
6.53423095703125,7.88541748046875,3.3605224609375,2.134228187919452,0.6966418981594644
2.82700439453125,0.95875732421875,5.8210205078124995,0.3812080536912734,0.12544699528178543
5.2854809570312495,0.95875732421875,5.8210205078124995,0.46577181208053364,0.13470745492235287
2.82700439453125,9.13416748046875,5.8210205078124995,1.0738255033556905,0.6781291574835074
2.82700439453125,0.95875732421875,2.1230224609375004,0.37046979865771656,0.10843725119329152
5.2854809570312495,9.13416748046875,2.1230224609375004,1.5275167785234676,0.5905353464073652
7.82200439453125,5.95375732421875,0.8710205078125,1.2402684563758217,0.33350489877243383
0.29048095703125004,5.95375732421875,0.8710205078125,0.36510067114093814,0.38095707045930643
7.82200439453125,4.13916748046875,0.8710205078125,0.9020134228187808,0.23598171367626777
7.82200439453125,5.95375732421875,7.0730224609375,2.7489932885906834,0.7725293643520956
0.29048095703125004,4.13916748046875,7.0730224609375,0.37046979865771656,0.3677803312348782
5.32450439453125,3.45625732421875,8.2960205078125,1.5959731543623925,0.6115961476739701
7.78298095703125,3.45625732421875,8.2960205078125,2.446979865771847,0.6859415801977836
5.32450439453125,1.64166748046875,8.2960205078125,1.0805369127516635,0.3926442313000536
5.32450439453125,3.45625732421875,9.5480224609375,1.6335570469798415,0.6274157788596944
7.78298095703125,1.64166748046875,9.5480224609375,1.873825503355676,0.5140374536277321
0.32950439453125,8.45125732421875,3.3460205078125003,0.3731543624161058,0.47473113036491377
2.78798095703125,8.45125732421875,3.3460205078125003,0.8966442953020024,0.5605490071276579
0.32950439453125,6.63666748046875,3.3460205078125003,0.37046979865771656,0.43214704341547927
0.32950439453125,8.45125732421875,4.5980224609375,0.375838926174495,0.48748536521576447
2.78798095703125,6.63666748046875,4.5980224609375,0.9020134228187808,0.5615392399618969
0.48559814453125,0.80266357421875,0.7163330078125,0.36375838926174353,0.10483950535929373
2.00751220703125,0.80266357421875,0.7163330078125,0.36510067114093814,0.09174159667613088
0.48559814453125,4.60744873046875,0.7163330078125,0.36644295302013274,0.318274746588343
0.48559814453125,0.80266357421875,3.2058349609375,0.36375838926174353,0.1116313749407631
2.00751220703125,4.60744873046875,3.2058349609375,0.4778523489932851,0.3269679735458497
5.48059814453125,5.79766357421875,5.6663330078125,1.8147651006711134,0.6862656632550198
7.00251220703125,5.79766357421875,5.6663330078125,2.359731543624183,0.7276380932627253
5.48059814453125,9.60244873046875,5.6663330078125,2.0402684563758138,0.7787605947976268
5.48059814453125,5.79766357421875,8.1558349609375,1.915436241610709,0.7275847539888249
7.00251220703125,9.60244873046875,8.1558349609375,2.6872483221477212,0.8357962975731205
7.97809814453125,3.30016357421875,3.1913330078125,1.9060402684563467,0.5133614391192023
4.50501220703125,3.30016357421875,3.1913330078125,0.897986577181197,0.37453126669875525
7.97809814453125,7.10494873046875,3.1913330078125,2.554362416107433,0.7010283458736155
7.97809814453125,3.30016357421875,5.6808349609375,2.3154362416107537,0.6315480731159262
4.50501220703125,7.10494873046875,5.6808349609375,1.5651006711409166,0.6955269700366831
2.9830981445312497,8.29516357421875,8.1413330078125,1.1557046979865615,0.7044889857533502
9.50001220703125,8.29516357421875,8.1413330078125,3.5785234899330876,0.8499099151343938
2.9830981445312497,2.1099487304687496,8.1413330078125,0.6241610738254972,0.32838607995820845
2.9830981445312497,8.29516357421875,0.7308349609375,0.45100671140939297,0.24086856634436538
9.50001220703125,2.1099487304687496,0.7308349609375,0.413422818791944,0.08048309049725447
4.2318481445312495,4.54891357421875,6.9038330078125,1.3234899328858873,0.609632109615369
8.25126220703125,4.54891357421875,6.9038330078125,2.73691275167793,0.7314668920813845
4.2318481445312495,0.8611987304687501,6.9038330078125,0.3999999999999979,0.11616406518857325
4.2318481445312495,4.54891357421875,4.4433349609374995,1.1731543624160914,0.5339436901590128
8.25126220703125,0.8611987304687501,4.4433349609374995,0.7167785234899251,0.16320478915457348
9.22684814453125,9.54391357421875,1.9538330078125001,2.8429530201343214,0.6849202588318801
3.25626220703125,9.54391357421875,1.9538330078125001,0.8872483221476402,0.49227083812669725
9.22684814453125,5.8561987304687495,1.9538330078125001,2.4026845637584175,0.574023007760524
9.22684814453125,9.54391357421875,9.3933349609375,3.558389261745165,0.8685820018917225
3.25626220703125,5.8561987304687495,9.3933349609375,1.1624161073825345,0.6585190892198017
6.72934814453125,2.05141357421875,9.3788330078125,1.7315436241610478,0.5398837084546173
5.75376220703125,2.05141357421875,9.3788330078125,1.4241610738254828,0.501721166724474
6.72934814453125,8.35369873046875,9.3788330078125,2.555704697986628,0.8221902882924645
6.72934814453125,2.05141357421875,6.9183349609375,1.5999999999999763,0.49519931702071834
5.75376220703125,8.35369873046875,6.9183349609375,2.134228187919452,0.7822945071838677
1.73434814453125,7.04641357421875,4.4288330078125,0.6026845637583835,0.4930247941018294
0.7587622070312501,7.04641357421875,4.4288330078125,0.3986577181208033,0.4299859153108593
1.73434814453125,3.35869873046875,4.4288330078125,0.4174496644295278,0.283904703463171
1.73434814453125,7.04641357421875,1.9683349609375003,0.4375838926174469,0.33062719366557813
0.7587622070312501,3.35869873046875,1.9683349609375003,0.36912751677852196,0.27858190332958616
2.35872314453125,2.6757885742187497,9.9975830078125,0.6134228187919404,0.385975589507333
2.63188720703125,2.6757885742187497,9.9975830078125,0.6832214765100599,0.4091047531942541
2.35872314453125,8.97807373046875,9.9975830078125,0.9825503355704572,0.7055721715592097
2.35872314453125,2.6757885742187497,0.1120849609375,0.36912751677852196,0.15117329504748142
2.63188720703125,8.97807373046875,0.1120849609375,0.382550335570468,0.20302142061409612
7.35372314453125,7.67078857421875,5.0475830078124995,2.5986577181208625,0.77043579910821
7.62688720703125,7.67078857421875,5.0475830078124995,2.7006711409396695,0.7757729508427542
7.35372314453125,3.98307373046875,5.0475830078124995,2.1852348993288553,0.6404735056964511
7.35372314453125,7.67078857421875,5.0620849609375,2.6000000000000574,0.7708515014993056
7.62688720703125,3.98307373046875,5.0620849609375,2.280536912751688,0.6480739928235579
9.85122314453125,0.17828857421875002,7.5225830078125,0.375838926174495,0.028984568808814334
0.13438720703125,0.17828857421875002,7.5225830078125,0.36375838926174353,0.02984374146015492
9.85122314453125,1.48557373046875,7.5225830078125,2.2912751677852468,0.5116526682741627
9.85122314453125,0.17828857421875002,7.5370849609375,0.375838926174495,0.02898858949515624
0.13438720703125,1.48557373046875,7.5370849609375,0.36375838926174353,0.19104272691189683
4.85622314453125,5.17328857421875,2.5725830078125003,1.1624161073825345,0.47148079420919603
5.12938720703125,5.17328857421875,2.5725830078125003,1.2416107382550163,0.48314921313462156
4.85622314453125,6.48057373046875,2.5725830078125003,1.300671140939579,0.533738826595322
4.85622314453125,5.17328857421875,2.5870849609375,1.1651006711409237,0.4726815169816789
5.12938720703125,6.48057373046875,2.5870849609375,1.389261744966423,0.5464475816711081
3.60747314453125,1.4270385742187501,3.8100830078125,0.3959731543624141,0.14432955043899826
6.37813720703125,1.4270385742187501,3.8100830078125,0.7758389261744878,0.22959114676542705
3.60747314453125,5.23182373046875,3.8100830078125,0.9919463087248195,0.5072776260687785
3.60747314453125,1.4270385742187501,1.3495849609375001,0.3731543624161058,0.11834314281619743
6.37813720703125,5.23182373046875,1.3495849609375001,1.130201342281864,0.36149404634680976
8.60247314453125,6.42203857421875,8.7600830078125,3.1342281879195992,0.812034287742693
1.38313720703125,6.42203857421875,8.7600830078125,0.5812080536912698,0.5389936122224432
8.60247314453125,0.23682373046875002,8.7600830078125,0.3812080536912734,0.038697388286853526
8.60247314453125,6.42203857421875,6.2995849609375,3.0442953020135457,0.7870560584916944
1.38313720703125,0.23682373046875002,6.2995849609375,0.36510067114093814,0.03857819081038438
6.10497314453125,3.92453857421875,1.3350830078125002,0.8295302013422721,0.26698923199585245
8.87563720703125,3.92453857421875,1.3350830078125002,1.4563758389261534,0.3510321538972084
6.10497314453125,2.7343237304687498,1.3350830078125002,0.5489932885905993,0.1653138453942748
6.10497314453125,3.92453857421875,8.7745849609375,1.9543624161073525,0.674150536619154
8.87563720703125,2.7343237304687498,8.7745849609375,2.672483221476578,0.6661433366680962
1.10997314453125,8.91953857421875,6.2850830078125,0.5315436241610694,0.5561248598500973
3.88063720703125,8.91953857421875,6.2850830078125,1.4523489932885696,0.7293808314453365
1.10997314453125,7.72932373046875,6.2850830078125,0.5073825503355665,0.5186928581521516
1.10997314453125,8.91953857421875,3.8245849609375004,0.4738255033557013,0.47967278285055737
3.88063720703125,7.72932373046875,3.8245849609375004,1.2590604026845462,0.6238908621719184
0.79778564453125,4.23672607421875,4.7382080078125,0.382550335570468,0.3440540570378674
6.06594970703125,4.23672607421875,4.7382080078125,1.7570469798657453,0.6044911453556556
0.79778564453125,2.42213623046875,4.7382080078125,0.37181208053691117,0.25222671031077687
0.79778564453125,4.23672607421875,6.6089599609375,0.38926174496644106,0.3601869606406752
6.06594970703125,2.42213623046875,6.6089599609375,1.508724832214743,0.510726728308404
5.79278564453125,9.23172607421875,9.6882080078125,2.242953020134233,0.8202444405884803
1.0709497070312501,9.23172607421875,9.6882080078125,0.5624161073825453,0.6099790234340191
5.79278564453125,7.41713623046875,9.6882080078125,2.165100671140933,0.7898207142373854
5.79278564453125,9.23172607421875,1.6589599609375,1.5369127516778298,0.548578699259228
1.0709497070312501,7.41713623046875,1.6589599609375,0.38389261744966263,0.3472562384148306
8.29028564453125,1.73922607421875,2.2632080078125,0.9342281879194514,0.22789710531090152
8.56344970703125,1.73922607421875,2.2632080078125,0.9906040268456249,0.2362077380614249
8.29028564453125,9.91463623046875,2.2632080078125,2.65906040268463,0.7057328190886856
8.29028564453125,1.73922607421875,4.1339599609375,1.5342281879194406,0.3907665998217268
8.56344970703125,9.91463623046875,4.1339599609375,3.106040268456508,0.8066856609623525
3.29528564453125,6.73422607421875,7.2132080078125,1.1785234899328698,0.6630908768597141
3.5684497070312498,6.73422607421875,7.2132080078125,1.2724832214764923,0.6760163740746702
3.29528564453125,4.9196362304687495,7.2132080078125,1.061744966442939,0.587966665166645
3.29528564453125,6.73422607421875,9.0839599609375,1.2174496644295134,0.6874606089681637
3.5684497070312498,4.9196362304687495,9.0839599609375,1.198657718120789,0.6309348514804086
4.54403564453125,0.49047607421875,8.4507080078125,0.382550335570468,0.07521620601822895
4.81719970703125,0.49047607421875,8.4507080078125,0.38389261744966263,0.07496952965383771
4.54403564453125,3.6708862304687497,8.4507080078125,1.3731543624160878,0.5961791576638602
4.54403564453125,0.49047607421875,5.3714599609375,0.375838926174495,0.07033307275926566
4.81719970703125,3.6708862304687497,5.3714599609375,1.3127516778523305,0.5394304699715324
9.53903564453125,5.48547607421875,3.5007080078125004,2.979865771812194,0.6973506398586263
9.81219970703125,5.48547607421875,3.5007080078125004,3.0778523489934164,0.7024653704941379
9.53903564453125,8.66588623046875,3.5007080078125004,3.3140939597317063,0.7798485071659205
9.53903564453125,5.48547607421875,0.42145996093750004,1.004026845637571,0.22254394903864716
9.81219970703125,8.66588623046875,0.42145996093750004,1.5181208053691053,0.3366316389103837
7.04153564453125,2.98797607421875,5.9757080078125,1.942281879194601,0.5872349353445339
2.31969970703125,2.98797607421875,5.9757080078125,0.5449664429530154,0.338917754487726
7.04153564453125,6.16838623046875,5.9757080078125,2.4281879194631193,0.7463373173163232
7.04153564453125,2.98797607421875,2.8964599609375004,1.4429530201342073,0.4269629484576226
2.31969970703125,6.16838623046875,2.8964599609375004,0.6120805369127458,0.410564691090353
2.0465356445312497,7.98297607421875,1.0257080078125,0.40536912751677634,0.270690491287379
7.31469970703125,7.98297607421875,1.0257080078125,1.5046979865771593,0.43549960393005616
2.0465356445312497,1.1733862304687501,1.0257080078125,0.36644295302013274,0.12088769538737877
2.0465356445312497,7.98297607421875,7.8464599609375,0.8214765100671044,0.6369745162971232
7.31469970703125,1.1733862304687501,7.8464599609375,1.2859060402684384,0.3582793041588236
1.42216064453125,2.36360107421875,5.3569580078125,0.38523489932885724,0.2417776441865217
9.18782470703125,2.36360107421875,5.3569580078125,2.3731543624161313,0.5676962670515938
1.42216064453125,6.79276123046875,5.3569580078125,0.5436241610738208,0.48938034679887277
1.42216064453125,2.36360107421875,9.7027099609375,0.40536912751677634,0.2713113103422753
9.18782470703125,6.79276123046875,9.7027099609375,3.40402684563776,0.8325910115635116
6.41716064453125,7.3586010742187495,0.4069580078125,0.7208053691275089,0.2219962500618034
4.19282470703125,7.3586010742187495,0.4069580078125,0.43087248322147387,0.17517796305824723
6.41716064453125,1.79776123046875,0.4069580078125,0.375838926174495,0.08634561827858926
6.41716064453125,7.3586010742187495,4.7527099609375,2.210738255033557,0.7353506457258574
4.19282470703125,1.79776123046875,4.7527099609375,0.6255033557046918,0.2527387422345024
8.91466064453125,4.86110107421875,7.8319580078125,3.065771812080663,0.7670913596123452
6.69032470703125,4.86110107421875,7.8319580078125,2.2523489932885967,0.7222677377471793
8.91466064453125,4.29526123046875,7.8319580078125,2.9852348993289732,0.7458503251363748
8.91466064453125,4.86110107421875,2.2777099609375,2.272483221476519,0.5587676591963722
6.69032470703125,4.29526123046875,2.2777099609375,1.4697986577180995,0.4576869219458568
3.91966064453125,9.85610107421875,2.8819580078125,1.2684563758389085,0.6249859249488758
1.69532470703125,9.85610107421875,2.8819580078125,0.5892617449664375,0.49456747667247225
3.91966064453125,9.29026123046875,2.8819580078125,1.242953020134211,0.6111298316487261
3.91966064453125,9.85610107421875,7.2277099609375,1.5234899328858837,0.7621513764772008
1.69532470703125,9.29026123046875,7.2277099609375,0.7315436241610658,0.6361872376878346
2.67091064453125,3.6123510742187497,1.6444580078125002,0.3932885906040249,0.2016708050915203
0.44657470703125,3.6123510742187497,1.6444580078125002,0.36644295302013274,0.30245525435391973
2.67091064453125,8.04151123046875,1.6444580078125002,0.6093959731543566,0.37327632577439623
2.67091064453125,3.6123510742187497,8.4652099609375,0.7812080536912662,0.4828686327099165
0.44657470703125,8.04151123046875,8.4652099609375,0.3959731543624141,0.5085239612261188
7.66591064453125,8.60735107421875,6.5944580078124995,2.8510067114094904,0.8179918155337034
5.44157470703125,8.60735107421875,6.5944580078124995,2.0201342281878913,0.7755034242455289
7.66591064453125,3.04651123046875,6.5944580078124995,2.217449664429531,0.6259138004739471
7.66591064453125,8.60735107421875,3.5152099609375003,2.62013422818798,0.7474226130952406
5.44157470703125,3.04651123046875,3.5152099609375003,1.150335570469783,0.4191242629214599
5.16841064453125,1.11485107421875,4.1194580078125,0.4187919463087224,0.12089080555275056
2.94407470703125,1.11485107421875,4.1194580078125,0.3798657718120788,0.1308260375105276
5.16841064453125,0.54901123046875,4.1194580078125,0.3771812080536896,0.07270201206929833
5.16841064453125,1.11485107421875,1.0402099609375002,0.3731543624161058,0.08858404187408853
2.94407470703125,0.54901123046875,1.0402099609375002,0.36510067114093814,0.06734665728844183
0.17341064453125002,6.10985107421875,9.0694580078125,0.37046979865771656,0.45395377042830076
7.93907470703125,6.10985107421875,9.0694580078125,2.868456375839023,0.7972880733237651
0.17341064453125002,5.54401123046875,9.0694580078125,0.36912751677852196,0.4328669681467763
0.17341064453125002,6.10985107421875,5.9902099609374995,0.36778523489932735,0.4422386172532988
7.93907470703125,5.54401123046875,5.9902099609374995,2.69530201342289,0.7459485399292752
0.25145751953125,2.1294604492187497,4.1968017578125,0.36510067114093814,0.2396060704665976
4.11477783203125,2.1294604492187497,4.1968017578125,0.6617449664429462,0.27783241475749926
0.25145751953125,9.68049560546875,4.1968017578125,0.3731543624161058,0.5147661197789954
0.25145751953125,2.1294604492187497,8.0784912109375,0.36644295302013274,0.2478414871273665
4.11477783203125,9.68049560546875,8.0784912109375,1.608053691275144,0.7752738959399104
5.2464575195312495,7.12446044921875,9.1468017578125,1.9382550335570172,0.7665595356906183
9.10977783203125,7.12446044921875,9.1468017578125,3.385234899329032,0.8343703067159788
5.2464575195312495,4.68549560546875,9.1468017578125,1.7570469798657453,0.6889071309894854
5.2464575195312495,7.12446044921875,3.1284912109375003,1.590604026845614,0.6196300945939203
9.10977783203125,4.68549560546875,3.1284912109375003,2.6000000000000574,0.6307768470539857
7.74395751953125,4.62696044921875,1.7218017578125002,1.5892617449664195,0.4363235952726334
1.61727783203125,4.62696044921875,1.7218017578125002,0.38389261744966263,0.2642213288015297
7.74395751953125,2.1879956054687497,1.7218017578125002,0.8174496644295206,0.21033217429950463
7.74395751953125,4.62696044921875,0.6534912109375,0.7986577181207961,0.20906383370414452
1.61727783203125,2.1879956054687497,0.6534912109375,0.36778523489932735,0.17351215941658996
2.74895751953125,9.62196044921875,6.6718017578125,1.0845637583892473,0.7012779909396967
6.61227783203125,9.62196044921875,6.6718017578125,2.502013422818835,0.8165720892037668
2.74895751953125,7.18299560546875,6.6718017578125,0.9999999999999871,0.6382390521430643
2.74895751953125,9.62196044921875,5.6034912109374995,1.0536912751677714,0.6791899418522486
6.61227783203125,7.18299560546875,5.6034912109374995,2.327516778523507,0.7559458566128029
3.9977075195312497,3.37821044921875,7.9093017578125,1.136912751677837,0.5384316332468961
5.36352783203125,3.37821044921875,7.9093017578125,1.5812080536912518,0.6014071738290838
3.9977075195312497,5.93424560546875,7.9093017578125,1.3919463087248123,0.6777044070966793
3.9977075195312497,3.37821044921875,9.3159912109375,1.1771812080536752,0.5598587885688967
5.36352783203125,5.93424560546875,9.3159912109375,1.9100671140939305,0.7396877605246481
8.99270751953125,8.37321044921875,2.9593017578125003,2.986577181208168,0.7389168259762852
0.36852783203125,8.37321044921875,2.9593017578125003,0.3731543624161058,0.4636923485332919
8.99270751953125,0.93924560546875,2.9593017578125003,0.5798657718120752,0.11888953876300082
8.99270751953125,8.37321044921875,4.3659912109375,3.200000000000146,0.7950173969597272
0.36852783203125,0.93924560546875,4.3659912109375,0.36375838926174353,0.12935795588624574
6.49520751953125,0.8807104492187501,5.4343017578124995,0.5624161073825453,0.14709972950762262
7.86102783203125,0.8807104492187501,5.4343017578124995,0.8322147651006613,0.2029032439523842
6.49520751953125,3.43674560546875,5.4343017578124995,1.8201342281878918,0.5897807476452994
6.49520751953125,0.8807104492187501,1.8909912109375002,0.3798657718120788,0.07926757299759529
7.86102783203125,3.43674560546875,1.8909912109375002,1.4120805369127314,0.37862729877906615
1.50020751953125,5.87571044921875,0.48430175781250007,0.3731543624161058,0.2529366365824039
2.86602783203125,5.87571044921875,0.48430175781250007,0.38523489932885724,0.1907882074687732
1.50020751953125,8.43174560546875,0.48430175781250007,0.3785234899328842,0.27997118449560976
1.50020751953125,5.87571044921875,6.8409912109375,0.5664429530201291,0.4943707204135532
2.86602783203125,8.43174560546875,6.8409912109375,1.092617449664415,0.6833603709898832
2.1245825195312498,4.00258544921875,6.0530517578125,0.6026845637583835,0.4174846239809745
0.9929028320312501,4.00258544921875,6.0530517578125,0.3959731543624141,0.34267182605541935
2.1245825195312498,4.06112060546875,6.0530517578125,0.608053691275162,0.42242376306397567
2.1245825195312498,4.00258544921875,6.2222412109375,0.608053691275162,0.42209643181889966
0.9929028320312501,4.06112060546875,6.2222412109375,0.3973154362416087,0.34662789183747467
7.11958251953125,8.99758544921875,1.1030517578125,1.6067114093959494,0.47844886865245934
5.98790283203125,8.99758544921875,1.1030517578125,1.2953020134228006,0.4445057583434597
7.11958251953125,9.05612060546875,1.1030517578125,1.6120805369127278,0.4801427009523719
7.11958251953125,8.99758544921875,1.2722412109375,1.7221476510066855,0.5145892731188727
5.98790283203125,9.05612060546875,1.2722412109375,1.3973154362415907,0.4817221191584577
9.61708251953125,1.50508544921875,8.5280517578125,2.3087248322147795,0.5278366030702719
3.4904028320312497,1.50508544921875,8.5280517578125,0.5744966442952968,0.2551956181733286
9.61708251953125,6.55862060546875,8.5280517578125,3.5221476510069047,0.8263495678707566
9.61708251953125,1.50508544921875,3.7472412109375,1.6161073825503116,0.35999559633295686
3.4904028320312497,6.55862060546875,3.7472412109375,1.0536912751677714,0.559113733993919
4.62208251953125,6.50008544921875,3.5780517578125,1.395973154362396,0.6008743363866917
8.48540283203125,6.50008544921875,3.5780517578125,2.7463087248322937,0.7144553910790922
4.62208251953125,1.56362060546875,3.5780517578125,0.4805369127516743,0.16650857216930245
4.62208251953125,6.50008544921875,8.6972412109375,1.6671140939597067,0.7283574840402718
8.48540283203125,1.56362060546875,8.6972412109375,2.0013422818791637,0.5092184090972518
3.37333251953125,0.25633544921875,2.3405517578125004,0.36510067114093814,0.03806285258282234
9.73415283203125,0.25633544921875,2.3405517578125004,0.37046979865771656,0.03371016333190714
3.37333251953125,0.31487060546875,2.3405517578125004,0.36644295302013274,0.04572865767873367
3.37333251953125,0.25633544921875,7.4597412109375,0.36912751677852196,0.04166773893112848
9.73415283203125,0.31487060546875,7.4597412109375,0.3919463087248303,0.04831296452690759
8.36833251953125,5.25133544921875,7.2905517578125,2.8885906040269456,0.7643577290345941
4.73915283203125,5.25133544921875,7.2905517578125,1.5798657718120572,0.6715777414229132
8.36833251953125,5.30987060546875,7.2905517578125,2.8953020134229197,0.7662310385201664
8.36833251953125,5.25133544921875,2.5097412109375004,2.2604026845637657,0.589313432520312
4.73915283203125,5.30987060546875,2.5097412109375004,1.130201342281864,0.4671002264351507
5.87083251953125,2.75383544921875,4.8155517578125,1.3865771812080339,0.4801808423027698
7.2366528320312495,2.75383544921875,4.8155517578125,1.8134228187919188,0.5317355523239494
5.87083251953125,7.80737060546875,4.8155517578125,2.046979865771788,0.7343620980884591
5.87083251953125,2.75383544921875,4.9847412109375,1.4053691275167584,0.48728811796750227
7.2366528320312495,7.80737060546875,4.9847412109375,2.5597315436242125,0.7695474853101578
0.8758325195312501,7.74883544921875,9.7655517578125,0.48456375838925814,0.5475321938976914
2.24165283203125,7.74883544921875,9.7655517578125,0.90469798657717,0.6657793357164095
0.8758325195312501,2.81237060546875,9.7655517578125,0.38657718120805185,0.29957523317244567
0.8758325195312501,7.74883544921875,9.9347412109375,0.48456375838925814,0.547838764686008
2.24165283203125,2.81237060546875,9.9347412109375,0.6013422818791889,0.39103774118570356
1.18802001953125,3.06602294921875,0.7936767578125,0.36778523489932735,0.22369203994352815
7.54884033203125,3.06602294921875,0.7936767578125,0.532885906040264,0.134529430844669
1.18802001953125,7.49518310546875,0.7936767578125,0.375838926174495,0.30806087010880684
1.18802001953125,3.06602294921875,2.2003662109375,0.3731543624161058,0.2501978971864365
7.54884033203125,7.49518310546875,2.2003662109375,2.171812080536907,0.6219205539405575
6.18302001953125,8.06102294921875,5.7436767578125,2.2308724832214795,0.7682791446134274
2.5538403320312497,8.06102294921875,5.7436767578125,0.9409395973154244,0.6319071262505417
6.18302001953125,2.50018310546875,5.7436767578125,1.50201342281877,0.4997480045073168
6.18302001953125,8.06102294921875,7.1503662109374995,2.2859060402684674,0.7887113628878664
2.5538403320312497,2.50018310546875,7.1503662109374995,0.5691275167785184,0.3304010568410659
8.68052001953125,0.56852294921875,3.2686767578125,0.38791946308724645,0.06291910249566601
5.05134033203125,0.56852294921875,3.2686767578125,0.3744966442953004,0.07211843980060204
8.68052001953125,4.99768310546875,3.2686767578125,2.5449664429530694,0.6452966924280192
8.68052001953125,0.56852294921875,9.6253662109375,0.8295302013422721,0.18003164066779404
5.05134033203125,4.99768310546875,9.6253662109375,1.7288590604026586,0.7002602212711251
3.68552001953125,5.56352294921875,8.2186767578125,1.2671140939597139,0.6540656457350901
0.05634033203125,5.56352294921875,8.2186767578125,0.36510067114093814,0.43391383896317853
3.68552001953125,9.99268310546875,8.2186767578125,1.4617449664429318,0.7675782777677278
3.68552001953125,5.56352294921875,4.6753662109375,1.1194630872483071,0.5704109988023575
0.05634033203125,9.99268310546875,4.6753662109375,0.36510067114093814,0.539483200527897
4.93427001953125,1.81727294921875,6.9811767578124995,0.9812080536912626,0.3765162670165174
1.3050903320312501,1.81727294921875,6.9811767578124995,0.3798657718120788,0.213497708212919
4.93427001953125,8.74393310546875,6.9811767578124995,1.8496644295301732,0.7697252814624443
4.93427001953125,1.81727294921875,0.9628662109375,0.3785234899328842,0.10909180876908262
1.3050903320312501,8.74393310546875,0.9628662109375,0.38389261744966263,0.31914974729799317
9.92927001953125,6.81227294921875,2.0311767578125,2.8268456375839834,0.635326241344719
6.30009033203125,6.81227294921875,2.0311767578125,1.6295302013422577,0.5407648251230159
9.92927001953125,3.74893310546875,2.0311767578125,2.1758389261744915,0.48245795452083684
9.92927001953125,6.81227294921875,5.9128662109375,3.553020134228386,0.8085447975881406
6.30009033203125,3.74893310546875,5.9128662109375,1.8563758389261462,0.619533011414244
7.43177001953125,4.31477294921875,9.4561767578125,2.5033557046980297,0.7338396730102852
3.80259033203125,4.31477294921875,9.4561767578125,1.2295302013422649,0.6148090046751546
7.43177001953125,1.25143310546875,9.4561767578125,1.4859060402684348,0.41509010071325503
7.43177001953125,4.31477294921875,8.3878662109375,2.471140939597354,0.7236486565738681
3.80259033203125,1.25143310546875,8.3878662109375,0.5248322147650963,0.20782393912874592
2.43677001953125,9.30977294921875,4.5061767578125,0.8953020134228078,0.620518272922082
8.79759033203125,9.30977294921875,4.5061767578125,3.1959731543625614,0.810609241406424
2.43677001953125,6.24643310546875,4.5061767578125,0.7691275167785148,0.5173788606628135
2.43677001953125,9.30977294921875,3.4378662109375,0.8281879194630775,0.5686534447526626
8.79759033203125,6.24643310546875,3.4378662109375,2.8040268456376714,0.7059230831447749
1.8123950195312502,1.1928979492187501,8.8374267578125,0.382550335570468,0.16132248723307593
6.92446533203125,1.1928979492187501,8.8374267578125,1.2604026845637408,0.36810462768977054
1.8123950195312502,1.87580810546875,8.8374267578125,0.4026845637583871,0.22650240496262242
1.8123950195312502,1.1928979492187501,4.0566162109375,0.37181208053691117,0.1452642091473846
6.92446533203125,1.87580810546875,4.0566162109375,1.2268456375838757,0.36082764788918986
6.80739501953125,6.18789794921875,3.8874267578125004,2.1597315436241535,0.6794217759726899
1.92946533203125,6.18789794921875,3.8874267578125004,0.5919463087248267,0.4470609294069246
6.80739501953125,6.8708081054687495,3.8874267578125004,2.2255033557047,0.7014992184388251
6.80739501953125,6.18789794921875,9.0066162109375,2.452348993288626,0.7785606612963408
1.92946533203125,6.8708081054687495,9.0066162109375,0.7637583892617363,0.6075834927151943
9.30489501953125,3.6903979492187498,6.3624267578125,2.93154362416118,0.7023712203810284
9.42196533203125,3.6903979492187498,6.3624267578125,2.9731543624162198,0.7045401981761859
9.30489501953125,9.36830810546875,6.3624267578125,3.5020134228189823,0.8469338890075239
9.30489501953125,3.6903979492187498,6.5316162109375,2.9436241610739335,0.7054759616491169
9.42196533203125,9.36830810546875,6.5316162109375,3.553020134228386,0.8498234966837026
4.3098950195312495,8.68539794921875,1.4124267578125,0.9758389261744842,0.4345730173412809
4.42696533203125,8.68539794921875,1.4124267578125,1.0067114093959602,0.4395536867333681
4.3098950195312495,4.37330810546875,1.4124267578125,0.5932885906040213,0.2450537610184306
4.3098950195312495,8.68539794921875,1.5816162109375,1.0362416107382415,0.46375305269707734
4.42696533203125,4.37330810546875,1.5816162109375,0.6711409395973085,0.27626734866879193
3.0611450195312497,4.93914794921875,2.6499267578125,0.6724832214765031,0.3711186388605145
3.17821533203125,4.93914794921875,2.6499267578125,0.7006711409395898,0.37820096788456475
3.0611450195312497,3.1245581054687497,2.6499267578125,0.4724832214765067,0.23529652212360097
3.0611450195312497,4.93914794921875,2.8191162109375,0.696644295302006,0.3865349739058609
3.17821533203125,3.1245581054687497,2.8191162109375,0.5140939597315395,0.25485903082583694
8.05614501953125,9.93414794921875,7.5999267578125,3.088590604026975,0.8499557407612863
8.17321533203125,9.93414794921875,7.5999267578125,3.1328859060404044,0.8512565434300978
8.05614501953125,8.11955810546875,7.5999267578125,3.0053691275168957,0.8259110776677725
8.05614501953125,9.93414794921875,7.7691162109375,3.0926174496645595,0.8511504568926155
8.17321533203125,8.11955810546875,7.7691162109375,3.0550335570471043,0.829063814310603
5.55864501953125,2.44164794921875,0.1749267578125,0.375838926174495,0.09803788432140415
0.68071533203125,2.44164794921875,0.1749267578125,0.36510067114093814,0.20770230174684606
5.55864501953125,5.62205810546875,0.1749267578125,0.3959731543624141,0.12292161249009016
5.55864501953125,2.44164794921875,5.2941162109375,1.2510067114093786,0.44932322062014707
0.68071533203125,5.62205810546875,5.2941162109375,0.38791946308724645,0.4032300676604449
0.56364501953125,7.43664794921875,5.1249267578125,0.38926174496644106,0.4567746175249209
5.67571533203125,7.43664794921875,5.1249267578125,1.9744966442952716,0.728399099087011
0.56364501953125,0.6270581054687501,5.1249267578125,0.36510067114093814,0.09300525542125349
0.56364501953125,7.43664794921875,0.3441162109375,0.36778523489932735,0.35717494551087114
5.67571533203125,0.6270581054687501,0.3441162109375,0.36644295302013274,0.05694545436375456
0.40755126953125004,4.47086669921875,8.6827392578125,0.3771812080536896,0.38760781068524675
8.95368408203125,4.47086669921875,8.6827392578125,3.059060402684689,0.7623126583733214
0.40755126953125004,8.27565185546875,8.6827392578125,0.3932885906040249,0.5154207361657044
0.40755126953125004,4.47086669921875,1.4269287109375002,0.36644295302013274,0.3352708739121747
8.95368408203125,8.27565185546875,1.4269287109375002,2.322147651006728,0.5702437760572601
5.40255126953125,9.46586669921875,3.7327392578125003,1.8724832214764815,0.7194462680689653
3.9586840820312497,9.46586669921875,3.7327392578125003,1.362416107382531,0.6692846330262676
5.40255126953125,3.28065185546875,3.7327392578125003,1.2308724832214595,0.454694895793778
5.40255126953125,9.46586669921875,6.3769287109374995,2.0335570469798396,0.7861229284340323
3.9586840820312497,3.28065185546875,6.3769287109374995,1.0456375838926038,0.4939220856742285
7.90005126953125,1.97336669921875,6.2077392578124995,1.8684563758388977,0.5056827970809262
6.45618408203125,1.97336669921875,6.2077392578124995,1.4255033557046775,0.45290473301667666
7.90005126953125,0.78315185546875,6.2077392578124995,0.7959731543624069,0.19020909380712842
7.90005126953125,1.97336669921875,8.8519287109375,2.055033557046957,0.5605380400961275
6.45618408203125,0.78315185546875,8.8519287109375,0.7046979865771736,0.19370233315954996
2.90505126953125,6.96836669921875,1.2577392578125002,0.5181208053691233,0.2883316431426183
1.46118408203125,6.96836669921875,1.2577392578125002,0.38523489932885724,0.29737220859337804
2.90505126953125,5.77815185546875,1.2577392578125002,0.4523489932885876,0.24207084122855427
2.90505126953125,6.96836669921875,3.9019287109375003,0.9087248322147539,0.5492032103785254
1.46118408203125,5.77815185546875,3.9019287109375003,0.46845637583892286,0.3926008388721829
4.15380126953125,0.72461669921875,4.9702392578125,0.3812080536912734,0.09505341039871915
0.21243408203125003,0.72461669921875,4.9702392578125,0.36375838926174353,0.10559363723391856
4.15380126953125,7.02690185546875,4.9702392578125,1.3986577181207853,0.6600138429131828
4.15380126953125,0.72461669921875,0.18942871093750002,0.36644295302013274,0.06678313780634443
0.21243408203125003,7.02690185546875,0.18942871093750002,0.36510067114093814,0.39974590706276947
9.14880126953125,5.71961669921875,9.9202392578125,3.307382550335732,0.8111125330558473
5.2074340820312495,5.71961669921875,9.9202392578125,1.8496644295301732,0.7335398395089185
9.14880126953125,2.03190185546875,9.9202392578125,2.548993288590654,0.6155724710286729
9.14880126953125,5.71961669921875,5.1394287109375,3.096644295302144,0.7558685582903997
5.2074340820312495,2.03190185546875,5.1394287109375,0.9946308724832087,0.36667909295122153
6.65130126953125,3.2221166992187498,2.4952392578125,1.2791946308724653,0.39509668642660134
2.70993408203125,3.2221166992187498,2.4952392578125,0.420134228187917,0.21926373495473267
6.65130126953125,4.52940185546875,2.4952392578125,1.577181208053668,0.4961787131113711
6.65130126953125,3.2221166992187498,7.6144287109375,1.973154362416077,0.6295612958142538
2.70993408203125,4.52940185546875,7.6144287109375,0.8563758389261642,0.5357942039653883
1.65630126953125,8.21711669921875,7.4452392578125,0.696644295302006,0.6075966876314468
7.70493408203125,8.21711669921875,7.4452392578125,2.8738255033558024,0.8211827183413443
1.65630126953125,9.52440185546875,7.4452392578125,0.727516778523482,0.6423445470910487
1.65630126953125,8.21711669921875,2.6644287109375,0.5194630872483179,0.42706447768856226
7.70493408203125,9.52440185546875,2.6644287109375,2.5355704697987056,0.7185132481334706
2.28067626953125,1.34899169921875,1.8764892578125,0.37046979865771656,0.13774041003281481
5.83180908203125,1.34899169921875,1.8764892578125,0.38926174496644106,0.10086233126047639
2.28067626953125,2.6562768554687497,1.8764892578125,0.3798657718120788,0.19280305221232258
2.28067626953125,1.34899169921875,4.5206787109375,0.3798657718120788,0.15659677664081573
5.83180908203125,2.6562768554687497,4.5206787109375,1.3100671140939413,0.4537883704151759
7.27567626953125,6.3439916992187495,6.8264892578125,2.570469798657771,0.7694436349059977
0.83680908203125,6.3439916992187495,6.8264892578125,0.42550335570469544,0.4527910817411338
7.27567626953125,7.65127685546875,6.8264892578125,2.6604026845638247,0.7980594511313212
7.27567626953125,6.3439916992187495,9.4706787109375,2.6469798657718764,0.794174348788897
0.83680908203125,7.65127685546875,9.4706787109375,0.47114093959731207,0.5369542832303499
9.77317626953125,3.84649169921875,4.3514892578125,2.908724832214868,0.6645121184063681
8.32930908203125,3.84649169921875,4.3514892578125,2.405369127516807,0.6317324268140111
9.77317626953125,5.15377685546875,4.3514892578125,3.159731543624301,0.7251148673911287
9.77317626953125,3.84649169921875,6.9956787109375,3.175838926174639,0.7297285327939804
8.32930908203125,5.15377685546875,6.9956787109375,2.8496644295302955,0.7567182650565173
4.77817626953125,8.84149169921875,9.3014892578125,1.8442953020133948,0.7895403281452922
3.33430908203125,8.84149169921875,9.3014892578125,1.3167785234899143,0.7437544330898228
4.77817626953125,0.15877685546875,9.3014892578125,0.36912751677852196,0.026823347196971156
4.77817626953125,8.84149169921875,2.0456787109375,1.3261744966442766,0.554137547588185
3.33430908203125,0.15877685546875,2.0456787109375,0.36375838926174353,0.024415737525309008
3.5294262695312497,2.5977416992187496,5.5889892578125,0.7543624161073741,0.36953229167102786
4.58305908203125,2.5977416992187496,5.5889892578125,1.0389261744966307,0.4317751873920854
3.5294262695312497,1.4075268554687501,5.5889892578125,0.42818791946308465,0.16710829872497143
3.5294262695312497,2.5977416992187496,3.2831787109375004,0.5489932885905993,0.25240802315477784
4.58305908203125,1.4075268554687501,3.2831787109375004,0.40805369127516555,0.13132061408600146
8.52442626953125,7.59274169921875,0.6389892578125,1.3906040268456177,0.3489215197323382
9.57805908203125,7.59274169921875,0.6389892578125,1.6362416107382307,0.3719335329940254
8.52442626953125,6.40252685546875,0.6389892578125,1.2295302013422649,0.3060052355697142
8.52442626953125,7.59274169921875,8.2331787109375,3.1704697986578596,0.8288739536167642
9.57805908203125,6.40252685546875,8.2331787109375,3.4859060402686444,0.8205547802365335
6.02692626953125,0.10024169921875,8.0639892578125,0.36644295302013274,0.016936632139951724
2.0855590820312497,0.10024169921875,8.0639892578125,0.36375838926174353,0.01699903759930025
6.02692626953125,8.90002685546875,8.0639892578125,2.289932885906052,0.8088783230901031
6.02692626953125,0.10024169921875,5.7581787109375,0.36644295302013274,0.016656478745474053
2.0855590820312497,8.90002685546875,5.7581787109375,0.816107382550326,0.6252885067560193
1.03192626953125,5.09524169921875,3.1139892578125004,0.38657718120805185,0.3382848731598079
7.08055908203125,5.09524169921875,3.1139892578125004,1.9785234899328554,0.5969005189947758
1.03192626953125,3.90502685546875,3.1139892578125004,0.3785234899328842,0.30067667230562667
1.03192626953125,5.09524169921875,0.8081787109375,0.37046979865771656,0.28538368876360853
7.08055908203125,3.90502685546875,0.8081787109375,0.6751677852348923,0.18714637301699835
0.71973876953125,0.41242919921875004,6.5171142578125,0.36510067114093814,0.06482043636596192
3.0221215820312497,0.41242919921875004,6.5171142578125,0.37046979865771656,0.06341114740344937
0.71973876953125,6.09033935546875,6.5171142578125,0.4026845637583871,0.4338961537342546
0.71973876953125,0.41242919921875004,8.5425537109375,0.36510067114093814,0.06555336209193365
3.0221215820312497,6.09033935546875,8.5425537109375,1.0805369127516635,0.6447969131344908
5.71473876953125,5.4074291992187495,1.5671142578125001,1.1006711409395826,0.3868110028349453
8.01712158203125,5.4074291992187495,1.5671142578125001,1.7261744966442694,0.4618450025201504
5.71473876953125,1.09533935546875,1.5671142578125001,0.3785234899328842,0.08956880718270883
5.71473876953125,5.4074291992187495,3.5925537109375,1.6550335570469552,0.598652365251349
8.01712158203125,1.09533935546875,3.5925537109375,0.778523489932877,0.18720608989379117
8.21223876953125,2.90992919921875,8.9921142578125,2.499328859060445,0.6672873613629731
0.52462158203125,2.90992919921875,8.9921142578125,0.3744966442953004,0.30361190259077914
8.21223876953125,3.5928393554687497,8.9921142578125,2.6536912751678505,0.7113196045888568
8.21223876953125,2.90992919921875,1.1175537109375002,0.8214765100671044,0.20261136814401157
0.52462158203125,3.5928393554687497,1.1175537109375002,0.36644295302013274,0.2886534781173524
3.21723876953125,7.90492919921875,4.0421142578125,1.0671140939597175,0.6069300756881487
5.51962158203125,7.90492919921875,4.0421142578125,1.86040268456373,0.7007169534502175
3.21723876953125,8.58783935546875,4.0421142578125,1.0979865771811934,0.6268880204152373
3.21723876953125,7.90492919921875,6.0675537109375,1.1704697986577022,0.6720567025064944
5.51962158203125,8.58783935546875,6.0675537109375,2.0281879194630603,0.7688908602997835
4.46598876953125,4.15867919921875,0.3296142578125,0.38389261744966263,0.1332959767270378
6.76837158203125,4.15867919921875,0.3296142578125,0.4026845637583871,0.10653182348107701
4.46598876953125,9.83658935546875,0.3296142578125,0.5409395973154316,0.2194265492078762
4.46598876953125,4.15867919921875,9.7800537109375,1.4429530201342073,0.6397708161319803
6.76837158203125,9.83658935546875,9.7800537109375,2.634899328859123,0.8447217689876323
9.46098876953125,9.15367919921875,5.2796142578125,3.495302013423008,0.8317824934398426
1.7733715820312501,9.15367919921875,5.2796142578125,0.7087248322147575,0.594868139178553
9.46098876953125,4.8415893554687495,5.2796142578125,3.106040268456508,0.7346575686080332
9.46098876953125,9.15367919921875,4.8300537109374995,3.464429530201527,0.8239237096778806
1.7733715820312501,4.8415893554687495,4.8300537109374995,0.5302013422818748,0.4050369220988701
6.96348876953125,1.6611791992187501,2.8046142578125,0.8080536912751584,0.2250508744018238
9.26587158203125,1.6611791992187501,2.8046142578125,1.3302013422818604,0.3027008843295454
6.96348876953125,2.34408935546875,2.8046142578125,1.157046979865756,0.3384349212831449
6.96348876953125,1.6611791992187501,2.3550537109375003,0.6644295302013354,0.17996691137510284
9.26587158203125,2.34408935546875,2.3550537109375003,1.5785234899328626,0.36536332212091116
1.96848876953125,6.65617919921875,7.7546142578125,0.7489932885905957,0.5851062745753346
4.2708715820312495,6.65617919921875,7.7546142578125,1.5288590604026622,0.7099966278239189
1.96848876953125,7.33908935546875,7.7546142578125,0.7744966442952932,0.6101357648892476
1.96848876953125,6.65617919921875,7.3050537109375,0.740939597315428,0.5776902785775263
4.2708715820312495,7.33908935546875,7.3050537109375,1.5543624161073597,0.7230942907577835
1.34411376953125,3.53430419921875,3.4233642578125,0.38523489932885724,0.278288901819991
2.39774658203125,3.53430419921875,3.4233642578125,0.48322147651006353,0.2887301039415008
1.34411376953125,0.47096435546875004,3.4233642578125,0.36510067114093814,0.06958273580117408
1.34411376953125,3.53430419921875,5.4488037109375,0.40536912751677634,0.3091369031108606
2.39774658203125,0.47096435546875004,5.4488037109375,0.36912751677852196,0.07075087173746725
6.33911376953125,8.52930419921875,8.3733642578125,2.3973154362416382,0.811244052549795
7.39274658203125,8.52930419921875,8.3733642578125,2.7946308724833075,0.8286345958881305
6.33911376953125,5.46596435546875,8.3733642578125,2.204026845637583,0.741537986912622
6.33911376953125,8.52930419921875,0.4988037109375,0.8885906040268348,0.28238028338169835
7.39274658203125,5.46596435546875,0.4988037109375,0.7382550335570388,0.2004689659211974
8.83661376953125,1.03680419921875,0.9483642578125,0.3798657718120788,0.06589552505525426
4.89524658203125,1.03680419921875,0.9483642578125,0.37181208053691117,0.08663166572632366
8.83661376953125,7.96346435546875,0.9483642578125,1.8456375838925894,0.4542913589565342
8.83661376953125,1.03680419921875,2.9738037109375,0.6832214765100599,0.14766881980516325
4.89524658203125,7.96346435546875,2.9738037109375,1.5073825503355485,0.6218418165730284
3.84161376953125,6.03180419921875,5.8983642578125,1.276510067114076,0.6373365068754799
9.89024658203125,6.03180419921875,5.8983642578125,3.464429530201527,0.7903415180798556
3.84161376953125,2.96846435546875,5.8983642578125,0.9302013422818676,0.4424003484913001
3.84161376953125,6.03180419921875,7.9238037109375,1.344966442953001,0.6750279162574351
9.89024658203125,2.96846435546875,7.9238037109375,3.0604026845638836,0.6940361663924495
2.5928637695312498,2.28555419921875,9.6108642578125,0.6013422818791889,0.3480111031175358
8.64149658203125,2.28555419921875,9.6108642578125,2.471140939597354,0.6284581979528863
2.5928637695312498,4.21721435546875,9.6108642578125,0.8362416107382451,0.53770771249804
2.5928637695312498,2.28555419921875,6.6863037109375,0.526174496644291,0.29247863882009906
8.64149658203125,4.21721435546875,6.6863037109375,2.81476510067123,0.7214919525647601
7.58786376953125,7.28055419921875,4.6608642578124995,2.626845637583954,0.7568371797381983
3.64649658203125,7.28055419921875,4.6608642578124995,1.2214765100670972,0.6351978370318762
7.58786376953125,9.21221435546875,4.6608642578124995,2.7489932885906834,0.7941693615754708
7.58786376953125,7.28055419921875,1.7363037109375001,1.9610738255033255,0.5560548285373434
3.64649658203125,9.21221435546875,1.7363037109375001,0.928859060402673,0.47269570610088835
5.09036376953125,4.78305419921875,7.1358642578125,1.6510067114093714,0.6613073490891909
6.14399658203125,4.78305419921875,7.1358642578125,2.021476510067086,0.6951404803524606
5.09036376953125,6.71471435546875,7.1358642578125,1.8080536912751404,0.7303773845383712
5.09036376953125,4.78305419921875,4.2113037109375,1.4536912751677642,0.5760244585634935
6.14399658203125,6.71471435546875,4.2113037109375,2.013422818791917,0.6922625684611382
0.09536376953125,9.77805419921875,2.1858642578125003,0.36510067114093814,0.5143354453697042
1.14899658203125,9.77805419921875,2.1858642578125003,0.4228187919463062,0.40789241352980143
0.09536376953125,1.71971435546875,2.1858642578125003,0.36375838926174353,0.20357754805851294
0.09536376953125,9.77805419921875,9.1613037109375,0.36912751677852196,0.5501022482554273
1.14899658203125,1.71971435546875,9.1613037109375,0.3798657718120788,0.2132683519307434
0.13438720703125,0.21731201171875,9.4175048828125,0.36375838926174353,0.036346191363518604
5.55864501953125,0.21731201171875,9.4175048828125,0.3731543624161058,0.0361857515089783
0.13438720703125,7.14397216796875,9.4175048828125,0.36912751677852196,0.48616049727634236
0.13438720703125,0.21731201171875,0.7695068359375,0.36375838926174353,0.033513999080456
5.55864501953125,7.14397216796875,0.7695068359375,0.8241610738254936,0.2908032757401747
5.12938720703125,5.21231201171875,4.4675048828124995,1.5436241610738028,0.6109100816675616
0.56364501953125,5.21231201171875,4.4675048828124995,0.3771812080536896,0.38586644058107616
5.12938720703125,2.1489721679687497,4.4675048828124995,0.9409395973154244,0.349524378361631
5.12938720703125,5.21231201171875,5.7195068359375,1.63892617449662,0.6518484956022913
0.56364501953125,2.1489721679687497,5.7195068359375,0.36912751677852196,0.241322890566246
7.62688720703125,2.7148120117187498,6.9425048828125,2.134228187919452,0.603530745124156
8.05614501953125,2.7148120117187498,6.9425048828125,2.280536912751688,0.61574806130652
7.62688720703125,4.64647216796875,6.9425048828125,2.526174496644342,0.7230273238741081
7.62688720703125,2.7148120117187498,8.1945068359375,2.2067114093959725,0.6256620749605313
8.05614501953125,4.64647216796875,8.1945068359375,2.735570469798735,0.7478591143509901
2.63188720703125,7.70981201171875,1.9925048828125003,0.6483221476510002,0.404747805259222
3.0611450195312497,7.70981201171875,1.9925048828125003,0.7530201342281795,0.4284828868647981
2.63188720703125,9.64147216796875,1.9925048828125003,0.727516778523482,0.464724100966288
2.63188720703125,7.70981201171875,3.2445068359375,0.8067114093959638,0.5191664371879036
3.0611450195312497,9.64147216796875,3.2445068359375,1.0201342281879062,0.6024933503773002
3.88063720703125,3.96356201171875,3.2300048828125,0.8523489932885804,0.40107542141362085
4.3098950195312495,3.96356201171875,3.2300048828125,0.9677852348993166,0.4242831347007293
3.88063720703125,8.39272216796875,3.2300048828125,1.2308724832214595,0.6092257437118395
3.88063720703125,3.96356201171875,2.0070068359375,0.6241610738254972,0.2810610744948755
4.3098950195312495,8.39272216796875,2.0070068359375,1.14362416107381,0.515640112608415
8.87563720703125,8.95856201171875,8.1800048828125,3.3744966442954736,0.8520326072134001
9.30489501953125,8.95856201171875,8.1800048828125,3.5382550335572427,0.856490810218659
8.87563720703125,3.39772216796875,8.1800048828125,2.8187919463088145,0.7048803135782722
8.87563720703125,8.95856201171875,6.9570068359374995,3.339597315436408,0.8425930019802013
9.30489501953125,3.39772216796875,6.9570068359374995,2.9060402684564783,0.6960333360996471
6.37813720703125,1.46606201171875,0.7550048828125,0.3771812080536896,0.086061282161725
1.8123950195312502,1.46606201171875,0.7550048828125,0.36644295302013274,0.13791799409077474
6.37813720703125,0.90022216796875,0.7550048828125,0.37181208053691117,0.07062500921582837
6.37813720703125,1.46606201171875,9.4320068359375,1.3355704697986388,0.4242796224911821
1.8123950195312502,0.90022216796875,9.4320068359375,0.3771812080536896,0.1297111333718403
1.38313720703125,6.46106201171875,5.7050048828125,0.5315436241610694,0.48172575455021444
6.80739501953125,6.46106201171875,5.7050048828125,2.351677852349014,0.7441218493169091
1.38313720703125,5.8952221679687495,5.7050048828125,0.5127516778523449,0.4565714521315524
1.38313720703125,6.46106201171875,4.4820068359375,0.4966442953020096,0.44153355866007593
6.80739501953125,5.8952221679687495,4.4820068359375,2.2013422818791932,0.693352530025706
2.00751220703125,3.33918701171875,0.1362548828125,0.36912751677852196,0.175834505030212
9.92927001953125,3.33918701171875,0.1362548828125,0.3973154362416087,0.07478330517874743
2.00751220703125,1.52459716796875,0.1362548828125,0.36644295302013274,0.12490029351246196
2.00751220703125,3.33918701171875,2.6257568359375,0.3932885906040249,0.23641319789809284
9.92927001953125,1.52459716796875,2.6257568359375,1.2926174496644114,0.2751666522458933
7.00251220703125,8.33418701171875,5.0862548828125,2.5127516778523935,0.777864004798736
4.93427001953125,8.33418701171875,5.0862548828125,1.754362416107356,0.7268746369787022
7.00251220703125,6.51959716796875,5.0862548828125,2.3852348993288848,0.7359422936420816
7.00251220703125,8.33418701171875,7.5757568359375,2.618791946308785,0.8131941083564886
4.93427001953125,6.51959716796875,7.5757568359375,1.7530201342281615,0.7261156545942319
9.50001220703125,0.84168701171875,2.6112548828125,0.4214765100671116,0.0752134636371235
7.43177001953125,0.84168701171875,2.6112548828125,0.39060402684563567,0.07852974246146438
9.50001220703125,9.01709716796875,2.6112548828125,3.135570469798794,0.7384034811442644
9.50001220703125,0.84168701171875,5.1007568359375,1.0765100671140797,0.23024265089561155
7.43177001953125,9.01709716796875,5.1007568359375,2.711409395973228,0.7980396515872262
4.50501220703125,5.83668701171875,7.5612548828125,1.553020134228165,0.6892804020760658
2.43677001953125,5.83668701171875,7.5612548828125,0.8550335570469696,0.5832087426252253
4.50501220703125,4.02209716796875,7.5612548828125,1.3785234899328662,0.6036388303333527
4.50501220703125,5.83668701171875,0.1507568359375,0.38791946308724645,0.13865602152431522
2.43677001953125,4.02209716796875,0.1507568359375,0.37181208053691117,0.17275622501501378
3.25626220703125,2.0904370117187496,6.3237548828125,0.614765100671135,0.3022778246280424
1.18802001953125,2.0904370117187496,6.3237548828125,0.3798657718120788,0.23279274445994028
3.25626220703125,2.77334716796875,6.3237548828125,0.7570469798657633,0.3960606868179811
3.25626220703125,2.0904370117187496,3.8632568359375004,0.4536912751677822,0.20438326678881152
1.18802001953125,2.77334716796875,3.8632568359375004,0.3785234899328842,0.25703163817574115
8.25126220703125,7.08543701171875,1.3737548828125001,1.9234899328858766,0.5047327297545682
6.18302001953125,7.08543701171875,1.3737548828125001,1.3302013422818604,0.44357554417936684
8.25126220703125,7.76834716796875,1.3737548828125001,2.008053691275138,0.5281731725068631
8.25126220703125,7.08543701171875,8.8132568359375,3.049664429530325,0.8203944372879259
6.18302001953125,7.76834716796875,8.8132568359375,2.312751677852364,0.7987548226173489
5.75376220703125,4.58793701171875,8.7987548828125,1.9167785234899035,0.6967579158573464
3.68552001953125,4.58793701171875,8.7987548828125,1.2026845637583727,0.6161300052456086
5.75376220703125,5.27084716796875,8.7987548828125,1.986577181208023,0.7242739421030094
5.75376220703125,4.58793701171875,6.3382568359375,1.8214765100670864,0.6592590199248687
3.68552001953125,5.27084716796875,6.3382568359375,1.1865771812080375,0.607868913831784
0.7587622070312501,9.58293701171875,3.8487548828125004,0.4147651006711386,0.4783107605550144
8.68052001953125,9.58293701171875,3.8487548828125004,3.1006711409397285,0.7949236528248655
0.7587622070312501,0.27584716796875003,3.8487548828125004,0.36375838926174353,0.04358606013289376
0.7587622070312501,9.58293701171875,1.3882568359375,0.3785234899328842,0.3998647756124117
8.68052001953125,0.27584716796875003,1.3882568359375,0.36778523489932735,0.03405513225018122
1.0709497070312501,4.90012451171875,5.3956298828125,0.4120805369127494,0.3735673181166239
1.50020751953125,4.90012451171875,5.3956298828125,0.48993288590603656,0.40408247494666594
1.0709497070312501,9.95365966796875,5.3956298828125,0.5221476510067071,0.5580492139103288
1.0709497070312501,4.90012451171875,9.1226318359375,0.4550335570469768,0.4338976303725042
1.50020751953125,9.95365966796875,9.1226318359375,0.7046979865771736,0.660581634297174
6.06594970703125,9.89512451171875,0.44562988281250004,0.8899328859060294,0.29440041317632476
6.49520751953125,9.89512451171875,0.44562988281250004,0.9718120805369004,0.304883706547211
6.06594970703125,4.95865966796875,0.44562988281250004,0.457718120805366,0.13798476801441661
6.06594970703125,9.89512451171875,4.1726318359375,2.1771812080536863,0.7615114201620408
6.49520751953125,4.95865966796875,4.1726318359375,1.9436241610737957,0.6334856783422518
8.56344970703125,2.40262451171875,7.8706298828125,2.405369127516807,0.6156325040238337
3.9977075195312497,2.40262451171875,7.8706298828125,0.9489932885905921,0.43539414456898484
8.56344970703125,2.46115966796875,7.8706298828125,2.4268456375839245,0.6215289879562467
8.56344970703125,2.40262451171875,1.6976318359375002,1.0738255033556905,0.25998824891503053
3.9977075195312497,2.46115966796875,1.6976318359375002,0.3973154362416087,0.14979848175380858
3.5684497070312498,7.39762451171875,2.9206298828125004,1.034899328859047,0.5394688351178115
8.99270751953125,7.39762451171875,2.9206298828125004,2.8872483221477507,0.7130944936700709
3.5684497070312498,7.45615966796875,2.9206298828125004,1.037583892617436,0.5411088772390331
3.5684497070312498,7.39762451171875,6.6476318359375,1.2885906040268276,0.6859313709627703
8.99270751953125,7.45615966796875,6.6476318359375,3.285906040268615,0.8181789118897315
4.81719970703125,1.15387451171875,1.6831298828125,0.3771812080536896,0.09947693119640155
7.74395751953125,1.15387451171875,1.6831298828125,0.3919463087248303,0.08136009055308727
4.81719970703125,6.20740966796875,1.6831298828125,1.010738255033544,0.4091389248102958
4.81719970703125,1.15387451171875,7.8851318359375,0.6563758389261678,0.23182855616723594
7.74395751953125,6.20740966796875,7.8851318359375,2.7704697986578006,0.7863924973299891
9.81219970703125,6.14887451171875,6.6331298828125,3.489932885906229,0.802639697888218
2.74895751953125,6.14887451171875,6.6331298828125,0.9489932885905921,0.6000995652103137
9.81219970703125,1.21240966796875,6.6331298828125,1.922147651006682,0.42478617456164613
9.81219970703125,6.14887451171875,2.9351318359375003,3.0375838926175716,0.6926989697533383
2.74895751953125,1.21240966796875,2.9351318359375003,0.3744966442953004,0.13181236897076767
7.31469970703125,3.6513745117187497,4.1581298828125,1.986577181208023,0.5812366838217625
5.2464575195312495,3.6513745117187497,4.1581298828125,1.3221476510066927,0.5049070144221842
7.31469970703125,3.7099096679687498,4.1581298828125,1.9999999999999691,0.5854532428713105
7.31469970703125,3.6513745117187497,0.46013183593750007,0.4187919463087224,0.10486812117866151
5.2464575195312495,3.7099096679687498,0.46013183593750007,0.38926174496644106,0.12166095840615218
2.31969970703125,8.64637451171875,9.1081298828125,0.9503355704697867,0.6876611043528328
0.25145751953125,8.64637451171875,9.1081298828125,0.3798657718120788,0.5251251946373959
2.31969970703125,8.70490966796875,9.1081298828125,0.9516778523489813,0.6888582002370784
2.31969970703125,8.64637451171875,5.4101318359374995,0.8738255033556941,0.6253023295825669
0.25145751953125,8.70490966796875,5.4101318359374995,0.3744966442953004,0.5059051074786898
1.69532470703125,1.77824951171875,4.7768798828125,0.3798657718120788,0.19561630492274418
3.37333251953125,1.77824951171875,4.7768798828125,0.46442953020133904,0.20135799544550687
1.69532470703125,4.33428466796875,4.7768798828125,0.4818791946308689,0.3638447274651174
1.69532470703125,1.77824951171875,7.2663818359375,0.38926174496644106,0.20997457346378942
3.37333251953125,4.33428466796875,7.2663818359375,1.034899328859047,0.5594705538061393
6.69032470703125,6.77324951171875,9.7268798828125,2.463087248322185,0.7948509078151098
8.36833251953125,6.77324951171875,9.7268798828125,3.0926174496645595,0.8217817292373528
6.69032470703125,9.32928466796875,9.7268798828125,2.586577181208109,0.8371845951356347
6.69032470703125,6.77324951171875,2.3163818359375004,1.8496644295301732,0.5858088933338611
8.36833251953125,9.32928466796875,2.3163818359375004,2.6617449664430195,0.7003089966150309
9.18782470703125,4.27574951171875,2.3018798828125,2.2389261744966484,0.5346426715678829
0.8758325195312501,4.27574951171875,2.3018798828125,0.3744966442953004,0.310634696216038
9.18782470703125,6.8317846679687495,2.3018798828125,2.696644295302085,0.6504403249283961
9.18782470703125,4.27574951171875,4.7913818359375,2.8563758389262697,0.6912430697555638
0.8758325195312501,6.8317846679687495,4.7913818359375,0.4147651006711386,0.43217160477654826
4.19282470703125,9.27074951171875,7.2518798828125,1.6053691275167548,0.7613867418916491
5.87083251953125,9.27074951171875,7.2518798828125,2.226845637583895,0.8039305304304993
4.19282470703125,1.83678466796875,7.2518798828125,0.809395973154353,0.3445258062403581
4.19282470703125,9.27074951171875,9.7413818359375,1.6483221476509822,0.7836533903080384
5.87083251953125,1.83678466796875,9.7413818359375,1.3879194630872285,0.47833100896198694
2.94407470703125,3.02699951171875,8.4893798828125,0.7879194630872393,0.4500464590597719
7.11958251953125,3.02699951171875,8.4893798828125,2.1275167785234776,0.6413567222375864
2.94407470703125,0.58803466796875,8.4893798828125,0.3771812080536896,0.08902425433798504
2.94407470703125,3.02699951171875,6.0288818359375,0.703355704697979,0.39332445388099135
7.11958251953125,0.58803466796875,6.0288818359375,0.40805369127516555,0.08023983256016595
7.93907470703125,8.02199951171875,3.5393798828125003,2.680536912751747,0.741122554002392
2.1245825195312498,8.02199951171875,3.5393798828125003,0.6979865771812006,0.51437400801976
7.93907470703125,5.58303466796875,3.5393798828125003,2.432214765100704,0.6686295077788084
7.93907470703125,8.02199951171875,1.0788818359375,1.7221476510066855,0.4659914791364732
2.1245825195312498,5.58303466796875,1.0788818359375,0.38791946308724645,0.2369701421159169
5.44157470703125,0.52949951171875,6.0143798828124995,0.38389261744966263,0.07495756186766758
9.61708251953125,0.52949951171875,6.0143798828124995,0.5570469798657669,0.10001460134475969
5.44157470703125,8.08053466796875,6.0143798828124995,1.9718120805368824,0.7555686286859079
5.44157470703125,0.52949951171875,3.5538818359375,0.3744966442953004,0.06819722474564271
9.61708251953125,8.08053466796875,3.5538818359375,3.307382550335732,0.772205920900251
0.44657470703125,5.52449951171875,1.0643798828125002,0.36644295302013274,0.35583687220165616
4.62208251953125,5.52449951171875,1.0643798828125002,0.6483221476510002,0.25848060124151756
0.44657470703125,3.0855346679687496,1.0643798828125002,0.36510067114093814,0.26995024001761947
0.44657470703125,5.52449951171875,8.5038818359375,0.382550335570468,0.4286727568478551
4.62208251953125,3.0855346679687496,8.5038818359375,1.3060402684563575,0.5548157427301391
0.60266845703125,2.55871826171875,2.7659423828125003,0.36778523489932735,0.25380253915130385
0.09536376953125,2.55871826171875,2.7659423828125003,0.36375838926174353,0.2685850421946103
0.60266845703125,5.73912841796875,2.7659423828125003,0.3744966442953004,0.3789959390549568
0.60266845703125,2.55871826171875,9.8960693359375,0.375838926174495,0.28244181633923915
0.09536376953125,5.73912841796875,9.8960693359375,0.36644295302013274,0.44243774403896685
5.59766845703125,7.55371826171875,7.7159423828125,2.0590604026845414,0.7717774674702729
5.09036376953125,7.55371826171875,7.7159423828125,1.8724832214764815,0.7586503941060052
5.59766845703125,0.7441284179687501,7.7159423828125,0.4362416107382523,0.11148461199548136
5.59766845703125,7.55371826171875,4.9460693359375,1.9409395973154064,0.7241225231675026
5.09036376953125,0.7441284179687501,4.9460693359375,0.38926174496644106,0.09387885243307012
8.09516845703125,0.06121826171875,0.2909423828125,0.36375838926174353,0.008897393357727173
2.5928637695312498,0.06121826171875,0.2909423828125,0.36375838926174353,0.009415120711343644
8.09516845703125,3.24162841796875,0.2909423828125,0.3946308724832195,0.08765642022664236
8.09516845703125,0.06121826171875,2.4710693359375,0.36375838926174353,0.009748295074513162
2.5928637695312498,3.24162841796875,2.4710693359375,0.41073825503355477,0.21837610411692004
3.1001684570312498,5.05621826171875,5.2409423828124995,0.9302013422818676,0.5322075396968939
7.58786376953125,5.05621826171875,5.2409423828124995,2.455033557047016,0.7044581682827427
3.1001684570312498,8.23662841796875,5.2409423828124995,1.112751677852334,0.6549858365516964
3.1001684570312498,5.05621826171875,7.4210693359375,1.0147651006711278,0.5870901095903985
7.58786376953125,8.23662841796875,7.4210693359375,2.829530201342373,0.8194043323238647
4.34891845703125,1.30996826171875,8.9534423828125,0.6912751677852276,0.27066193234899516
8.83661376953125,1.30996826171875,8.9534423828125,1.9275167785234604,0.4703465659821102
4.34891845703125,9.48537841796875,8.9534423828125,1.7020134228187664,0.7860858999070817
4.34891845703125,1.30996826171875,8.6585693359375,0.6805369127516707,0.26543941155141315
8.83661376953125,9.48537841796875,8.6585693359375,3.393288590604201,0.8606003849914344
9.34391845703125,6.30496826171875,4.0034423828125,3.104697986577313,0.7426563218107105
3.84161376953125,6.30496826171875,4.0034423828125,1.1718120805368968,0.5805641696558733
9.34391845703125,4.49037841796875,4.0034423828125,2.8362416107383472,0.675113215800638
9.34391845703125,6.30496826171875,3.7085693359375003,3.059060402684689,0.7310624238936974
3.84161376953125,4.49037841796875,3.7085693359375003,0.9718120805369004,0.46974038821400343
6.84641845703125,3.80746826171875,6.4784423828125,2.092617449664412,0.6532183812017569
6.33911376953125,3.80746826171875,6.4784423828125,1.9167785234899035,0.6377832568343343
6.84641845703125,1.99287841796875,6.4784423828125,1.5744966442952788,0.4789582962867769
6.84641845703125,3.80746826171875,1.2335693359375002,0.8966442953020024,0.2631276324091215
6.33911376953125,1.99287841796875,1.2335693359375002,0.3986577181208033,0.10492508593946505
1.85141845703125,8.80246826171875,1.5284423828125002,0.4590604026845606,0.3426858571924138
1.34411376953125,8.80246826171875,1.5284423828125002,0.3999999999999979,0.34268202145054005
1.85141845703125,6.98787841796875,1.5284423828125002,0.4120805369127494,0.29267834720018404
1.85141845703125,8.80246826171875,6.1835693359374995,0.7489932885905957,0.6153642700755402
1.34411376953125,6.98787841796875,6.1835693359374995,0.5489932885905993,0.5127831827944108
2.4757934570312496,0.68559326171875,7.0971923828125,0.3744966442953004,0.09955923713459493
4.46598876953125,0.68559326171875,7.0971923828125,0.39060402684563567,0.0969625460598996
2.4757934570312496,0.11975341796875,7.0971923828125,0.36510067114093814,0.020172520224554798
2.4757934570312496,0.68559326171875,6.8023193359375,0.3744966442953004,0.09927418252145535
4.46598876953125,0.11975341796875,6.8023193359375,0.36644295302013274,0.020045242488041497
7.47079345703125,5.68059326171875,2.1471923828125004,1.8993288590603736,0.5447026604943079
9.46098876953125,5.68059326171875,2.1471923828125004,2.547651006711459,0.5961385541523893
7.47079345703125,5.11475341796875,2.1471923828125004,1.8080536912751404,0.516834852380017
7.47079345703125,5.68059326171875,1.8523193359375,1.7677852348993022,0.5050613716600685
9.46098876953125,5.11475341796875,1.8523193359375,2.2791946308724933,0.5304779792426251
9.96829345703125,3.1830932617187497,9.5721923828125,3.2187919463088734,0.7268419720216203
1.96848876953125,3.1830932617187497,9.5721923828125,0.5691275167785184,0.400785210496551
9.96829345703125,7.61225341796875,9.5721923828125,3.7516778523492205,0.8534412709604898
9.96829345703125,3.1830932617187497,4.3273193359375,2.7865771812081386,0.6232409854306928
1.96848876953125,7.61225341796875,4.3273193359375,0.6845637583892545,0.529041758673108
4.97329345703125,8.17809326171875,4.6221923828125,1.7302013422818532,0.7111088249210904
6.96348876953125,8.17809326171875,4.6221923828125,2.455033557047016,0.7627279756757227
4.97329345703125,2.6172534179687497,4.6221923828125,1.0644295302013282,0.41414333304453455
4.97329345703125,8.17809326171875,9.2773193359375,1.8899328859060114,0.7824216435318481
6.96348876953125,2.6172534179687497,9.2773193359375,1.99731543624158,0.6114366317818124
3.72454345703125,4.4318432617187495,0.9096923828125,0.4026845637583871,0.17021013659393355
5.71473876953125,4.4318432617187495,0.9096923828125,0.6201342281879134,0.20483432118569317
3.72454345703125,3.86600341796875,0.9096923828125,0.3932885906040249,0.16135312476367367
3.72454345703125,4.4318432617187495,5.5648193359375,1.0832214765100527,0.5433248474369214
5.71473876953125,3.86600341796875,5.5648193359375,1.652348993288566,0.5966051533970782
8.71954345703125,9.42684326171875,5.8596923828125,3.2590604026847183,0.8348165717100265
0.71973876953125,9.42684326171875,5.8596923828125,0.4362416107382523,0.5247895173216326
8.71954345703125,8.86100341796875,5.8596923828125,3.230872483221627,0.8272265515190296
8.71954345703125,9.42684326171875,0.6148193359375,1.6093959731543386,0.398942510017071
0.71973876953125,8.86100341796875,0.6148193359375,0.37046979865771656,0.36672065966383594
6.2220434570312495,1.9343432617187502,3.3846923828125,0.9409395973154244,0.29571676990431095
8.21223876953125,1.9343432617187502,3.3846923828125,1.4496644295301804,0.3713721719904825
6.2220434570312495,6.36350341796875,3.3846923828125,1.897986577181179,0.6425594332106858
6.2220434570312495,1.9343432617187502,3.0898193359375004,0.8724832214764995,0.271747235019587
8.21223876953125,6.36350341796875,3.0898193359375004,2.5355704697987056,0.6770509675512866
1.22704345703125,6.92934326171875,8.3346923828125,0.5476510067114047,0.5379053394785138
3.21723876953125,6.92934326171875,8.3346923828125,1.1865771812080375,0.6814596858310115
1.22704345703125,1.36850341796875,8.3346923828125,0.375838926174495,0.1784895676122475
1.22704345703125,6.92934326171875,8.0398193359375,0.5449664429530154,0.5343944784955142
3.21723876953125,1.36850341796875,8.0398193359375,0.4536912751677822,0.19153989392176055
0.91485595703125,2.2465307617187498,2.4565673828125,0.36912751677852196,0.2238678619899696
6.65130126953125,2.2465307617187498,2.4565673828125,0.9275167785234784,0.2761731803951483
0.91485595703125,8.54881591796875,2.4565673828125,0.3946308724832195,0.4032499748420115
0.91485595703125,2.2465307617187498,0.3054443359375,0.36510067114093814,0.19130978455040726
6.65130126953125,8.54881591796875,0.3054443359375,0.7637583892617363,0.2297457820125773
5.90985595703125,7.24153076171875,7.4065673828125,2.1476510067114,0.7687692807473148
1.65630126953125,7.24153076171875,7.4065673828125,0.6684563758389193,0.5756777892130042
5.90985595703125,3.55381591796875,7.4065673828125,1.7744966442952752,0.6252165584967275
5.90985595703125,7.24153076171875,5.2554443359375,2.053691275167762,0.7325753027841515
1.65630126953125,3.55381591796875,5.2554443359375,0.4402684563758361,0.31772166883304365
8.40735595703125,4.74403076171875,4.9315673828125,2.673825503355773,0.7008009776008329
9.14880126953125,4.74403076171875,4.9315673828125,2.9422818791947387,0.7161083970398595
8.40735595703125,1.05631591796875,4.9315673828125,1.1046979865771664,0.266402930208267
8.40735595703125,4.74403076171875,7.7304443359375,2.8590604026846593,0.7529001340183983
9.14880126953125,1.05631591796875,7.7304443359375,1.659060402684539,0.38610536345220375
3.41235595703125,9.73903076171875,9.8815673828125,1.3771812080536716,0.7669360198760384
4.15380126953125,9.73903076171875,9.8815673828125,1.6496644295301768,0.7907709294791457
3.41235595703125,6.05131591796875,9.8815673828125,1.2348993288590433,0.6780937224387203
3.41235595703125,9.73903076171875,2.7804443359375,1.0832214765100527,0.5900674572542779
4.15380126953125,6.05131591796875,2.7804443359375,1.0899328859060258,0.5025272098431793
4.66110595703125,3.49528076171875,6.1690673828125,1.287248322147633,0.5428321655750881
2.90505126953125,3.49528076171875,6.1690673828125,0.7624161073825417,0.4400497669007494
4.66110595703125,7.30006591796875,6.1690673828125,1.6536912751677606,0.7167759921457959
4.66110595703125,3.49528076171875,1.5429443359375001,0.5664429530201291,0.2159594190128397
2.90505126953125,7.30006591796875,1.5429443359375001,0.6013422818791889,0.34423582045073353
9.65610595703125,8.49028076171875,1.2190673828125,2.4040268456376124,0.5512309436265154
7.90005126953125,8.49028076171875,1.2190673828125,1.8697986577180923,0.5103079339809907
9.65610595703125,2.30506591796875,1.2190673828125,0.897986577181197,0.1922409273681607
9.65610595703125,8.49028076171875,6.4929443359375,3.5959731543626203,0.8408425129921013
7.90005126953125,2.30506591796875,6.4929443359375,2.045637583892593,0.5578716228491366
7.15860595703125,0.9977807617187501,8.6440673828125,1.1194630872483071,0.3111775491870266
0.40755126953125004,0.9977807617187501,8.6440673828125,0.36510067114093814,0.14043951802046145
7.15860595703125,4.80256591796875,8.6440673828125,2.4429530201342624,0.7401453543357747
7.15860595703125,0.9977807617187501,8.9679443359375,1.1395973154362262,0.31752274342054054
0.40755126953125004,4.80256591796875,8.9679443359375,0.3785234899328842,0.4028338946962936
2.16360595703125,5.99278076171875,3.6940673828125004,0.6295302013422757,0.44486255731540164
5.40255126953125,5.99278076171875,3.6940673828125004,1.628187919463063,0.6185755824713846
2.16360595703125,9.79756591796875,3.6940673828125004,0.7771812080536824,0.5775990421333977
2.16360595703125,5.99278076171875,4.0179443359375,0.6510067114093894,0.4628444712822363
5.40255126953125,9.79756591796875,4.0179443359375,1.9167785234899035,0.7376623191781149
1.5392309570312501,4.11965576171875,8.025317382812501,0.5127516778523449,0.41566276395480617
8.52442626953125,4.11965576171875,8.025317382812501,2.822818791946399,0.7332677320667609
1.5392309570312501,2.92944091796875,8.025317382812501,0.4322147651006685,0.31041091782560015
1.5392309570312501,4.11965576171875,3.3991943359375,0.4026845637583871,0.2945619222699482
8.52442626953125,2.92944091796875,3.3991943359375,2.0120805369127224,0.5111857587761711
6.53423095703125,9.11465576171875,3.0753173828125,2.171812080536907,0.7097325548610471
3.5294262695312497,9.11465576171875,3.0753173828125,1.1328859060402532,0.6023721629206849
6.53423095703125,7.92444091796875,3.0753173828125,2.0885906040268276,0.6808425672499121
6.53423095703125,9.11465576171875,8.3491943359375,2.4953020134228607,0.8233808917743752
3.5294262695312497,7.92444091796875,8.3491943359375,1.338255033557028,0.7219420147250448
9.03173095703125,1.62215576171875,5.5503173828125,1.9208053691274873,0.45953317512912023
6.02692626953125,1.62215576171875,5.5503173828125,1.0630872483221336,0.34637900803083893
9.03173095703125,5.42694091796875,5.5503173828125,3.0523489932887147,0.7537070770094598
9.03173095703125,1.62215576171875,5.8741943359375,1.9651006711409094,0.47093656571397247
6.02692626953125,5.42694091796875,5.8741943359375,1.9852348993288285,0.6938069347012539
4.03673095703125,6.61715576171875,0.6003173828125,0.4523489932885876,0.19065193397228733
1.03192626953125,6.61715576171875,0.6003173828125,0.37181208053691117,0.3037141512259313
4.03673095703125,0.43194091796875,0.6003173828125,0.36510067114093814,0.051145167855450736
4.03673095703125,6.61715576171875,0.9241943359375,0.583892617449659,0.25725556562471724
1.03192626953125,0.43194091796875,0.9241943359375,0.36375838926174353,0.060835454017118665
2.78798095703125,0.37340576171875,4.3128173828125,0.36778523489932735,0.056336305293044606
2.28067626953125,0.37340576171875,4.3128173828125,0.36644295302013274,0.0566387910895146
2.78798095703125,1.6806909179687501,4.3128173828125,0.3946308724832195,0.17234607372514923
2.78798095703125,0.37340576171875,4.6366943359374995,0.36778523489932735,0.05659883255159371
2.28067626953125,1.6806909179687501,4.6366943359374995,0.38657718120805185,0.1804818181648227
7.78298095703125,5.3684057617187495,9.2628173828125,2.7489932885906834,0.7764717669949823
7.27567626953125,5.3684057617187495,9.2628173828125,2.5610738255034073,0.7668176255914583
7.78298095703125,6.67569091796875,9.2628173828125,2.8563758389262697,0.80857749551216
7.78298095703125,5.3684057617187495,9.5866943359375,2.7570469798658523,0.7789079165523672
7.27567626953125,6.67569091796875,9.5866943359375,2.672483221476578,0.8022912319038382
5.2854809570312495,2.87090576171875,1.8378173828125002,0.6442953020134163,0.22441176553519898
4.77817626953125,2.87090576171875,1.8378173828125002,0.5557046979865723,0.2048073636974048
5.2854809570312495,9.17319091796875,1.8378173828125002,1.4416107382550127,0.5553595428230171
5.2854809570312495,2.87090576171875,7.1116943359375,1.4161073825503152,0.5392719756013091
4.77817626953125,9.17319091796875,7.1116943359375,1.8134228187919188,0.7751670633698359
0.29048095703125004,7.86590576171875,6.7878173828124995,0.3771812080536896,0.4929490284204103
9.77317626953125,7.86590576171875,6.7878173828124995,3.614765100671348,0.8359476979801437
0.29048095703125004,4.17819091796875,6.7878173828124995,0.37046979865771656,0.36884086951943806
0.29048095703125004,7.86590576171875,2.1616943359375003,0.36912751677852196,0.45157302705942426
9.77317626953125,4.17819091796875,2.1616943359375003,2.328859060402702,0.5259863631676577
0.21243408203125003,3.88551513671875,1.4510986328125002,0.36510067114093814,0.3280126952275361
3.4513793945312496,3.88551513671875,1.4510986328125002,0.4228187919463062,0.19113124769012885
0.21243408203125003,0.66608154296875,1.4510986328125002,0.36375838926174353,0.09392041055585504
0.21243408203125003,3.88551513671875,3.9406005859375,0.36644295302013274,0.34547272537696494
3.4513793945312496,0.66608154296875,3.9406005859375,0.3731543624161058,0.08825162169880216
5.2074340820312495,8.88051513671875,6.4010986328124995,1.9382550335570172,0.7715848100640899
8.44637939453125,8.88051513671875,6.4010986328124995,3.153020134228327,0.8308323568755852
5.2074340820312495,5.66108154296875,6.4010986328124995,1.7449664429529939,0.6884861895166924
5.2074340820312495,8.88051513671875,8.8906005859375,1.9986577181207745,0.7976566952923978
8.44637939453125,5.66108154296875,8.8906005859375,3.0147651006712595,0.7929749903461091
7.70493408203125,1.38801513671875,3.9260986328125003,1.0697986577181067,0.280197936241779
0.95387939453125,1.38801513671875,3.9260986328125003,0.36778523489932735,0.1694010911029726
7.70493408203125,8.15858154296875,3.9260986328125003,2.657718120805435,0.7552850209299469
7.70493408203125,1.38801513671875,6.4156005859375,1.4550335570469588,0.3930364551577906
0.95387939453125,8.15858154296875,6.4156005859375,0.4791946308724797,0.5209727649159209
2.70993408203125,6.3830151367187495,8.8760986328125,0.9973154362415979,0.6422603192183101
5.94887939453125,6.3830151367187495,8.8760986328125,2.1463087248322053,0.7637593945756352
2.70993408203125,3.1635815429687497,8.8760986328125,0.7489932885905957,0.45184362567585523
2.70993408203125,6.3830151367187495,1.4656005859375,0.4993288590603988,0.2887993010227879
5.94887939453125,3.1635815429687497,1.4656005859375,0.6926174496644222,0.22183849962133126
3.9586840820312497,0.13926513671875002,5.1635986328125,0.36510067114093814,0.022712401702381806
7.1976293945312495,0.13926513671875002,5.1635986328125,0.36778523489932735,0.02242401806712498
3.9586840820312497,4.41233154296875,5.1635986328125,1.1288590604026694,0.540848530763951
3.9586840820312497,0.13926513671875002,2.7031005859375004,0.36510067114093814,0.021949008853963593
7.1976293945312495,4.41233154296875,2.7031005859375004,1.7892617449664159,0.5282528167209883
8.95368408203125,5.13426513671875,0.21359863281250002,0.5932885906040213,0.13305575490586738
2.20262939453125,5.13426513671875,0.21359863281250002,0.3731543624161058,0.19687372812714637
8.95368408203125,9.40733154296875,0.21359863281250002,1.1114093959731395,0.26382351949373484
8.95368408203125,5.13426513671875,7.6531005859375,3.106040268456508,0.7745066006999068
2.20262939453125,9.40733154296875,7.6531005859375,0.9100671140939485,0.6811379711115857
6.45618408203125,2.6367651367187497,7.6385986328125,1.7624161073825237,0.5721518481518368
9.69512939453125,2.6367651367187497,7.6385986328125,2.8671140939598283,0.6600701668651339
6.45618408203125,6.90983154296875,7.6385986328125,2.336912751677871,0.7762609559957093
6.45618408203125,2.6367651367187497,5.1781005859375,1.5731543624160842,0.5057830843922962
9.69512939453125,6.90983154296875,5.1781005859375,3.4228187919464874,0.7950380192489015
1.46118408203125,7.63176513671875,2.6885986328125,0.46442953020133904,0.3975700222062077
4.70012939453125,7.63176513671875,2.6885986328125,1.369127516778504,0.5807891170641514
1.46118408203125,1.9148315429687501,2.6885986328125,0.37181208053691117,0.19280030943868617
1.46118408203125,7.63176513671875,0.22810058593750002,0.3731543624161058,0.26275057274812985
4.70012939453125,1.9148315429687501,0.22810058593750002,0.37181208053691117,0.10021459845187385
2.0855590820312497,2.01239013671875,8.2573486328125,0.42818791946308465,0.24265668705644328
1.57825439453125,2.01239013671875,8.2573486328125,0.3959731543624141,0.23508998841197748
2.0855590820312497,5.03670654296875,8.2573486328125,0.7181208053691197,0.5292695514437685
2.0855590820312497,2.01239013671875,2.0843505859375,0.3744966442953004,0.177280999046382
1.57825439453125,5.03670654296875,2.0843505859375,0.3919463087248303,0.28472307938566954
7.08055908203125,7.00739013671875,3.3073486328125004,2.2469798657718174,0.6835368313778202
6.57325439453125,7.00739013671875,3.3073486328125004,2.068456375838905,0.6700771565995663
7.08055908203125,0.04170654296875,3.3073486328125004,0.36375838926174353,0.006869134236574768
7.08055908203125,7.00739013671875,7.0343505859375,2.554362416107433,0.7838515428314701
6.57325439453125,0.04170654296875,7.0343505859375,0.36510067114093814,0.007161246732560057
9.57805908203125,4.50989013671875,5.7823486328125,3.1409395973155734,0.7348791026503667
4.07575439453125,4.50989013671875,5.7823486328125,1.2147651006711242,0.572580636734657
9.57805908203125,2.53920654296875,5.7823486328125,2.6322147651007333,0.609495240526821
9.57805908203125,4.50989013671875,9.5093505859375,3.3208053691276804,0.7800362909928164
4.07575439453125,2.53920654296875,9.5093505859375,1.0563758389261606,0.4849920812439928
4.58305908203125,9.50489013671875,0.8323486328125,0.8322147651006613,0.347554331378139
9.07075439453125,9.50489013671875,0.8323486328125,1.959731543624131,0.4725084781356494
4.58305908203125,7.53420654296875,0.8323486328125,0.7060402684563682,0.2886537946698143
4.58305908203125,9.50489013671875,4.5593505859375,1.6483221476509822,0.7252700953530936
9.07075439453125,7.53420654296875,4.5593505859375,3.1865771812081976,0.7851626005907162
3.33430908203125,3.26114013671875,4.5448486328125,0.7489932885905957,0.38700961405655415
7.82200439453125,3.26114013671875,4.5448486328125,2.118120805369114,0.5848497946049165
3.33430908203125,8.78295654296875,4.5448486328125,1.1785234899328698,0.6583887409814976
3.33430908203125,3.26114013671875,0.8468505859375,0.3812080536912734,0.1584611652128999
7.82200439453125,8.78295654296875,0.8468505859375,1.5664429530201112,0.427901802556444
8.32930908203125,8.25614013671875,9.4948486328125,3.159731543624301,0.8441516112154135
2.82700439453125,8.25614013671875,9.4948486328125,1.1194630872483071,0.7096441322846839
8.32930908203125,3.78795654296875,9.4948486328125,2.7476510067114885,0.7284464466286364
8.32930908203125,8.25614013671875,5.7968505859374995,3.0469798657719354,0.8118474243394586
2.82700439453125,3.78795654296875,5.7968505859374995,0.7583892617449579,0.44786498118345874
5.83180908203125,0.76364013671875,2.0698486328125,0.375838926174495,0.07758445612923517
5.32450439453125,0.76364013671875,2.0698486328125,0.3744966442953004,0.07991169707146137
5.83180908203125,1.29045654296875,2.0698486328125,0.39060402684563567,0.10098544378858773
5.83180908203125,0.76364013671875,8.2718505859375,0.5234899328859017,0.1416683543606248
5.32450439453125,1.29045654296875,8.2718505859375,0.8845637583892509,0.3090535768131839
0.83680908203125,5.75864013671875,7.0198486328125,0.4161073825503332,0.43067356954638897
0.32950439453125,5.75864013671875,7.0198486328125,0.3744966442953004,0.430837456237929
0.83680908203125,6.28545654296875,7.0198486328125,0.42550335570469544,0.4524329518002748
0.83680908203125,5.75864013671875,3.3218505859375003,0.38389261744966263,0.3704250650862887
0.32950439453125,6.28545654296875,3.3218505859375003,0.37046979865771656,0.42304323340152944
1.14899658203125,1.07582763671875,3.6167236328125,0.36778523489932735,0.13845090551999137
9.38294189453125,1.07582763671875,3.6167236328125,1.0469798657717984,0.22782462752927285
1.14899658203125,3.47576904296875,3.6167236328125,0.3812080536912734,0.28627441951174504
1.14899658203125,1.07582763671875,6.1062255859375,0.37046979865771656,0.14488321349285646
9.38294189453125,3.47576904296875,6.1062255859375,2.8899328859061404,0.686314451275228
6.14399658203125,6.07082763671875,8.5667236328125,2.187919463087245,0.75707284047939
4.38794189453125,6.07082763671875,8.5667236328125,1.5543624161073597,0.7059840502265788
6.14399658203125,8.47076904296875,8.5667236328125,2.3261744966443123,0.8083250942514475
6.14399658203125,6.07082763671875,1.1562255859375001,1.079194630872469,0.356185660614543
4.38794189453125,8.47076904296875,1.1562255859375001,0.8805369127516671,0.38264081247940945
8.64149658203125,3.5733276367187496,1.1417236328125002,1.1422818791946154,0.2775704703782777
6.88544189453125,3.5733276367187496,1.1417236328125002,0.7919463087248231,0.22820010192852888
8.64149658203125,5.97326904296875,1.1417236328125002,1.6859060402684312,0.4210681937452464
8.64149658203125,3.5733276367187496,3.6312255859375,2.3087248322147795,0.5843440880159193
6.88544189453125,5.97326904296875,3.6312255859375,2.1275167785234776,0.6616273172108718
3.64649658203125,8.56832763671875,6.0917236328125,1.3489932885905849,0.7089415902855485
1.89044189453125,8.56832763671875,6.0917236328125,0.7530201342281795,0.6099472175291966
3.64649658203125,0.9782690429687501,6.0917236328125,0.3932885906040249,0.12554806204457172
3.64649658203125,8.56832763671875,8.5812255859375,1.4093959731543422,0.7437904487301852
1.89044189453125,0.9782690429687501,8.5812255859375,0.3785234899328842,0.1373279392486213
4.89524658203125,4.82207763671875,9.8042236328125,1.6617449664429282,0.6895280921062833
0.64169189453125,4.82207763671875,9.8042236328125,0.3959731543624141,0.4100771754121
4.89524658203125,2.2270190429687498,9.8042236328125,1.232214765100654,0.4926839334434834
4.89524658203125,4.82207763671875,7.3437255859374995,1.594630872483198,0.6591882725845244
0.64169189453125,2.2270190429687498,7.3437255859374995,0.37181208053691117,0.2509010203385993
9.89024658203125,9.81707763671875,4.8542236328124995,3.6644295302015566,0.8379079589851506
5.63669189453125,9.81707763671875,4.8542236328124995,2.0644295302013207,0.7689145754353279
9.89024658203125,7.22201904296875,4.8542236328124995,3.495302013423008,0.7973969947416055
9.89024658203125,9.81707763671875,2.3937255859375,3.2751677852350563,0.7439560695842222
5.63669189453125,7.22201904296875,2.3937255859375,1.5731543624160842,0.5750386835997557
7.39274658203125,2.32457763671875,7.3292236328125,1.948993288590574,0.5631999756249404
3.13919189453125,2.32457763671875,7.3292236328125,0.6818791946308653,0.3556236810306612
7.39274658203125,9.71951904296875,7.3292236328125,2.8201342281880093,0.8364580880825879
7.39274658203125,2.32457763671875,4.8687255859375,1.7114093959731287,0.489471828410731
3.13919189453125,9.71951904296875,4.8687255859375,1.1624161073825345,0.6815027028631422
2.39774658203125,7.3195776367187495,2.3792236328125003,0.6295302013422757,0.4176948108555639
8.13419189453125,7.3195776367187495,2.3792236328125003,2.4174496644295607,0.6497164252478189
2.39774658203125,4.72451904296875,2.3792236328125003,0.4818791946308689,0.2951254042460039
2.39774658203125,7.3195776367187495,9.8187255859375,0.9436241610738136,0.6637494147079029
8.13419189453125,4.72451904296875,9.8187255859375,2.821476510067204,0.7660502977115873
1.7733715820312501,2.94895263671875,6.7104736328125,0.45100671140939297,0.30792279589167965
5.01231689453125,2.94895263671875,6.7104736328125,1.324832214765082,0.5251404107456159
1.7733715820312501,7.8463940429687495,6.7104736328125,0.7087248322147575,0.5918824265384464
1.7733715820312501,2.94895263671875,7.9624755859375,0.4751677852348959,0.33174052702836676
5.01231689453125,7.8463940429687495,7.9624755859375,1.8644295302013139,0.7655990277440241
6.76837158203125,7.94395263671875,1.7604736328125001,1.7812080536912482,0.55759450387736
0.01731689453125,7.94395263671875,1.7604736328125001,0.36375838926174353,0.4831493912658071
6.76837158203125,2.85139404296875,1.7604736328125001,0.9020134228187808,0.26562295871762576
6.76837158203125,7.94395263671875,3.0124755859375,2.1610738255033484,0.683634021512632
0.01731689453125,2.85139404296875,3.0124755859375,0.36375838926174353,0.2914223698546074
9.26587158203125,0.45145263671875,9.1854736328125,0.5731543624161022,0.10402419018216277
7.50981689453125,0.45145263671875,9.1854736328125,0.40939597315436016,0.07140254183156698
9.26587158203125,0.35389404296875,9.1854736328125,0.40671140939597095,0.05710562836093866
9.26587158203125,0.45145263671875,0.5374755859375,0.36778523489932735,0.041011965173512195
7.50981689453125,0.35389404296875,0.5374755859375,0.36644295302013274,0.03807485391361249
4.2708715820312495,5.44645263671875,4.2354736328125,1.2617449664429354,0.5750184816530058
2.5148168945312497,5.44645263671875,4.2354736328125,0.727516778523482,0.4719323800050377
4.2708715820312495,5.34889404296875,4.2354736328125,1.2523489932885732,0.5702406153701707
4.2708715820312495,5.44645263671875,5.4874755859375,1.3543624161073633,0.6212768814807904
2.5148168945312497,5.34889404296875,5.4874755859375,0.7865771812080447,0.516232859602072
3.0221215820312497,1.70020263671875,0.5229736328125,0.36912751677852196,0.12310035117923622
3.76356689453125,1.70020263671875,0.5229736328125,0.37046979865771656,0.11251125902022732
3.0221215820312497,6.59764404296875,0.5229736328125,0.3919463087248303,0.19351659421964598
3.0221215820312497,1.70020263671875,9.1999755859375,0.5570469798657669,0.27473995085025116
3.76356689453125,6.59764404296875,9.1999755859375,1.375838926174477,0.7046267760362466
8.01712158203125,6.69520263671875,5.4729736328125,2.8013422818792817,0.7698562812679068
8.75856689453125,6.69520263671875,5.4729736328125,3.0765100671142216,0.7822791713094287
8.01712158203125,1.60264404296875,5.4729736328125,1.5932885906040033,0.4192685614725454
8.01712158203125,6.69520263671875,4.2499755859374995,2.6912751677853057,0.7376344593474338
8.75856689453125,1.60264404296875,4.2499755859374995,1.590604026845614,0.38596348259018354
5.51962158203125,4.19770263671875,2.9979736328125,1.3100671140939413,0.47916864124192227
1.26606689453125,4.19770263671875,2.9979736328125,0.38657718120805185,0.29817865975260144
5.51962158203125,4.10014404296875,2.9979736328125,1.2926174496644114,0.4721532225543582
5.51962158203125,4.19770263671875,1.7749755859375,0.9503355704697867,0.338333011211751
1.26606689453125,4.10014404296875,1.7749755859375,0.375838926174495,0.2717614843618725
0.52462158203125,9.19270263671875,7.9479736328125,0.4120805369127494,0.5355317704537499
6.2610668945312495,9.19270263671875,7.9479736328125,2.3865771812080796,0.8165012314158508
0.52462158203125,9.09514404296875,7.9479736328125,0.4120805369127494,0.5342431363509699
0.52462158203125,9.19270263671875,6.7249755859375,0.40536912751677634,0.5214265988136673
6.2610668945312495,9.09514404296875,6.7249755859375,2.3503355704698192,0.8031261094627402
0.36852783203125,1.54410888671875,5.9370361328125,0.36644295302013274,0.19420199108925124
8.29028564453125,1.54410888671875,5.9370361328125,1.6912751677852096,0.43355699305604356
0.36852783203125,2.0709252929687496,5.9370361328125,0.36644295302013274,0.23773611669694864
0.36852783203125,1.54410888671875,5.6421630859375,0.36644295302013274,0.19376080637969384
8.29028564453125,2.0709252929687496,5.6421630859375,1.9785234899328554,0.5144092606381762
5.36352783203125,6.53910888671875,0.9870361328125,0.8590604026845534,0.31320776703459624
3.29528564453125,6.53910888671875,0.9870361328125,0.48456375838925814,0.24165875981015092
5.36352783203125,7.06592529296875,0.9870361328125,0.9100671140939485,0.33393929492782165
5.36352783203125,6.53910888671875,0.6921630859375,0.6845637583892545,0.24385716835253077
3.29528564453125,7.06592529296875,0.6921630859375,0.42684563758389005,0.20761317921135214
7.86102783203125,4.04160888671875,8.4120361328125,2.5852348993289143,0.7206205315520672
5.79278564453125,4.04160888671875,8.4120361328125,1.8496644295301732,0.6661801705184545
7.86102783203125,9.56342529296875,8.4120361328125,3.017449664429649,0.8486644168436482
7.86102783203125,4.04160888671875,3.1671630859375,2.055033557046957,0.5641309873243806
5.79278564453125,9.56342529296875,3.1671630859375,1.9463087248321849,0.7044316880536825
2.86602783203125,9.03660888671875,3.4620361328125,0.9543624161073705,0.5888399034821822
0.79778564453125,9.03660888671875,3.4620361328125,0.40671140939597095,0.45216668006660676
2.86602783203125,4.56842529296875,3.4620361328125,0.6885906040268384,0.39934838278669826
2.86602783203125,9.03660888671875,8.1171630859375,1.1382550335570316,0.7155944545761075
0.79778564453125,4.56842529296875,8.1171630859375,0.3999999999999979,0.3886938761888368
4.11477783203125,2.79285888671875,2.2245361328125,0.5234899328859017,0.21362168703580528
2.0465356445312497,2.79285888671875,2.2245361328125,0.3812080536912734,0.2094647113901013
4.11477783203125,3.31967529296875,2.2245361328125,0.621476510067108,0.26483225004309396
4.11477783203125,2.79285888671875,6.8796630859375,1.0268456375838793,0.4670200431127583
2.0465356445312497,3.31967529296875,6.8796630859375,0.5476510067114047,0.3734949458828963
9.10977783203125,7.78785888671875,7.1745361328124995,3.3731543624162788,0.8309034590740121
7.04153564453125,7.78785888671875,7.1745361328124995,2.5932885906040832,0.8006096772493625
9.10977783203125,8.314675292968749,7.1745361328124995,3.402684563758565,0.8385568915056615
9.10977783203125,7.78785888671875,1.9296630859375001,2.618791946308785,0.6360001157223181
7.04153564453125,8.314675292968749,1.9296630859375001,1.9771812080536608,0.6005365629595316
6.61227783203125,0.29535888671875,4.6995361328125,0.3731543624161058,0.04389773617833288
4.54403564453125,0.29535888671875,4.6995361328125,0.36912751677852196,0.044972243590425794
6.61227783203125,5.8171752929687495,4.6995361328125,2.1449664429530104,0.6926725613373848
6.61227783203125,0.29535888671875,4.4046630859375,0.37181208053691117,0.04336773036986659
4.54403564453125,5.8171752929687495,4.4046630859375,1.4013422818791745,0.6116923856185297
1.61727783203125,5.29035888671875,9.6495361328125,0.614765100671135,0.519700146155257
9.53903564453125,5.29035888671875,9.6495361328125,3.4053691275169546,0.804009838731611
1.61727783203125,0.82217529296875,9.6495361328125,0.3744966442953004,0.12076550021671409
1.61727783203125,5.29035888671875,9.3546630859375,0.6120805369127458,0.5167704151554917
9.53903564453125,0.82217529296875,9.3546630859375,1.5503355704697759,0.34371375476102256
2.24165283203125,4.66598388671875,4.0807861328125,0.5919463087248267,0.3978559547461822
6.41716064453125,4.66598388671875,4.0807861328125,1.8630872483221192,0.6120201229779475
2.24165283203125,6.44155029296875,4.0807861328125,0.6979865771812006,0.49155868834975747
2.24165283203125,4.66598388671875,8.7359130859375,0.7489932885905957,0.5273090243331444
6.41716064453125,6.44155029296875,8.7359130859375,2.319463087248338,0.774495688206368
7.2366528320312495,9.66098388671875,9.0307861328125,2.7959731543625024,0.8455987316691815
1.42216064453125,9.66098388671875,9.0307861328125,0.6738255033556977,0.6470509958152371
7.2366528320312495,1.44655029296875,9.0307861328125,1.5557046979865543,0.44809660196603807
7.2366528320312495,9.66098388671875,3.7859130859375,2.5597315436242125,0.7692961600180609
1.42216064453125,1.44655029296875,3.7859130859375,0.37181208053691117,0.16938401461866887
9.73415283203125,2.1684838867187497,1.6057861328125,1.1355704697986424,0.24556110087748245
8.91466064453125,2.1684838867187497,1.6057861328125,0.9677852348993166,0.22357632099078217
9.73415283203125,3.94405029296875,1.6057861328125,1.8966442953019844,0.4257474622189057
9.73415283203125,2.1684838867187497,1.3109130859375002,0.9114093959731431,0.19365626297601035
8.91466064453125,3.94405029296875,1.3109130859375002,1.4523489932885696,0.3486306782856695
4.73915283203125,7.16348388671875,6.5557861328125,1.6885906040268204,0.7225809977166824
3.91966064453125,7.16348388671875,6.5557861328125,1.3973154362415907,0.6927182382991048
4.73915283203125,8.93905029296875,6.5557861328125,1.7731543624160806,0.7620703539803095
4.73915283203125,7.16348388671875,6.2609130859375,1.6778523489932635,0.7175651588294765
3.91966064453125,8.93905029296875,6.2609130859375,1.4671140939597103,0.731185386528681
3.4904028320312497,0.91973388671875,7.7932861328125,0.3959731543624141,0.1268727639085522
2.67091064453125,0.91973388671875,7.7932861328125,0.38389261744966263,0.1278011094587801
3.4904028320312497,7.69030029296875,7.7932861328125,1.3046979865771628,0.7083793203424289
3.4904028320312497,0.91973388671875,9.9734130859375,0.40671140939597095,0.13479080059797488
2.67091064453125,7.69030029296875,9.9734130859375,1.0523489932885768,0.6917927384108737
8.48540283203125,5.91473388671875,2.8432861328125,2.510067114094004,0.6497108873616559
7.66591064453125,5.91473388671875,2.8432861328125,2.226845637583895,0.6292032867337745
8.48540283203125,2.6953002929687497,2.8432861328125,1.734228187919437,0.43825692141609496
8.48540283203125,5.91473388671875,5.0234130859374995,2.863087248322244,0.7469352092094699
7.66591064453125,2.6953002929687497,5.0234130859374995,1.959731543624131,0.5480401694405899
5.98790283203125,3.41723388671875,5.3182861328125,1.6375838926174253,0.5662755231206658
0.17341064453125002,3.41723388671875,5.3182861328125,0.36510067114093814,0.3263861097129295
5.98790283203125,0.19780029296875,5.3182861328125,0.36912751677852196,0.031350258789692054
5.98790283203125,3.41723388671875,2.5484130859375003,1.167785234899313,0.3930518028529553
0.17341064453125002,0.19780029296875,2.5484130859375003,0.36375838926174353,0.03167844682992812
0.9929028320312501,8.41223388671875,0.3682861328125,0.37181208053691117,0.3186630050755291
5.16841064453125,8.41223388671875,0.3682861328125,0.5865771812080482,0.2126308532351979
0.9929028320312501,5.19280029296875,0.3682861328125,0.36912751677852196,0.27483944155327444
0.9929028320312501,8.41223388671875,7.4984130859375,0.5073825503355665,0.5523677521700752
5.16841064453125,5.19280029296875,7.4984130859375,1.7315436241610478,0.6872927498155927
0.68071533203125,3.72942138671875,9.3401611328125,0.38657718120805185,0.3531031283215546
4.85622314453125,3.72942138671875,9.3401611328125,1.5114093959731323,0.6253289392422012
0.68071533203125,4.8806127929687495,9.3401611328125,0.3986577181208033,0.4107950525568118
0.68071533203125,3.72942138671875,4.7140380859375,0.375838926174495,0.32587170367145435
4.85622314453125,4.8806127929687495,4.7140380859375,1.437583892617429,0.593048183367149
5.67571533203125,8.72442138671875,4.3901611328125,1.9946308724831907,0.7364607277619413
9.85122314453125,8.72442138671875,4.3901611328125,3.5476510067116065,0.8128095197632146
5.67571533203125,9.87561279296875,4.3901611328125,2.0496644295301776,0.7582744060917235
5.67571533203125,8.72442138671875,9.6640380859375,2.179865771812076,0.8103992707931869
9.85122314453125,9.87561279296875,9.6640380859375,3.8161073825505722,0.8784543332162134
8.17321533203125,1.23192138671875,6.8651611328125,1.495302013422797,0.3830977440281602
2.35872314453125,1.23192138671875,6.8651611328125,0.38657718120805185,0.15729016424682013
8.17321533203125,7.37811279296875,6.8651611328125,2.9812080536913887,0.8078163448067406
8.17321533203125,1.23192138671875,7.1890380859375,1.526174496644273,0.3917760989377591
2.35872314453125,7.37811279296875,7.1890380859375,0.891275167785224,0.6297250916393414
3.17821533203125,6.22692138671875,1.9151611328125002,0.6751677852348923,0.3655000382358146
7.35372314453125,6.22692138671875,1.9151611328125002,1.8416107382550055,0.5351576756328764
3.17821533203125,2.38311279296875,1.9151611328125002,0.38791946308724645,0.1649369229281587
3.17821533203125,6.22692138671875,2.2390380859375,0.7369127516778442,0.4038153419289788
7.35372314453125,2.38311279296875,2.2390380859375,1.0657718120805229,0.2951220794074469
4.42696533203125,2.48067138671875,3.1526611328125003,0.6845637583892545,0.27562578045055763
6.10497314453125,2.48067138671875,3.1526611328125003,1.0845637583892473,0.3542298498685701
4.42696533203125,1.13436279296875,3.1526611328125003,0.38657718120805185,0.1141262502958309
4.42696533203125,2.48067138671875,3.4765380859375004,0.7369127516778442,0.3002051519719765
6.10497314453125,1.13436279296875,3.4765380859375004,0.4536912751677822,0.12079320776270645
9.42196533203125,7.47567138671875,8.1026611328125,3.5006711409397875,0.8370431511873916
1.10997314453125,7.47567138671875,8.1026611328125,0.526174496644291,0.5423331583976255
9.42196533203125,6.12936279296875,8.1026611328125,3.4000000000001753,0.8118387838309689
9.42196533203125,7.47567138671875,8.4265380859375,3.5087248322149565,0.839126469130211
1.10997314453125,6.12936279296875,8.4265380859375,0.4966442953020096,0.49409027038348674
6.92446533203125,4.97817138671875,0.6776611328125,0.7449664429530118,0.21395448955727386
8.60247314453125,4.97817138671875,0.6776611328125,1.0429530201342145,0.25411741139232924
6.92446533203125,8.62686279296875,0.6776611328125,1.1771812080536752,0.3530887162266864
6.92446533203125,4.97817138671875,5.9515380859375,2.2604026845637657,0.702200696237731
8.60247314453125,8.62686279296875,5.9515380859375,3.1785234899330286,0.8235467476706432
1.92946533203125,9.97317138671875,5.6276611328124995,0.7892617449664339,0.6373030308425691
3.60747314453125,9.97317138671875,5.6276611328124995,1.3677852348993094,0.7267655817573591
1.92946533203125,3.6318627929687497,5.6276611328124995,0.5114093959731503,0.35768252082614577
1.92946533203125,9.97317138671875,1.0015380859375,0.42416107382550083,0.3036558347962091
3.60747314453125,3.6318627929687497,1.0015380859375,0.39060402684563567,0.16228124280674885
1.3050903320312501,0.60754638671875,1.2964111328125,0.36510067114093814,0.08154907269592336
0.48559814453125,0.60754638671875,1.2964111328125,0.36375838926174353,0.08507964044232151
1.3050903320312501,9.25123779296875,1.2964111328125,0.3932885906040249,0.33925561114748715
1.3050903320312501,0.60754638671875,1.6202880859375002,0.36510067114093814,0.08262504809836275
0.48559814453125,9.25123779296875,1.6202880859375002,0.3731543624161058,0.4391647102196372
6.30009033203125,5.60254638671875,6.2464111328125,2.1208053691275035,0.7153952262030769
5.48059814453125,5.60254638671875,6.2464111328125,1.8281879194630595,0.6917473376273082
6.30009033203125,4.25623779296875,6.2464111328125,1.9610738255033255,0.6574753242988847
6.30009033203125,5.60254638671875,6.5702880859374995,2.1369127516778414,0.7212506341002896
5.48059814453125,4.25623779296875,6.5702880859374995,1.696644295301988,0.6375856678923357
8.79759033203125,3.1050463867187497,3.7714111328125,2.2523489932885967,0.5596129678630114
2.9830981445312497,3.1050463867187497,3.7714111328125,0.577181208053686,0.30735558184325645
8.79759033203125,1.75873779296875,3.7714111328125,1.601342281879171,0.3876505579541742
8.79759033203125,3.1050463867187497,9.0452880859375,2.758389261745047,0.6947375240889001
2.9830981445312497,1.75873779296875,9.0452880859375,0.5610738255033507,0.28101568568110324
3.80259033203125,8.10004638671875,8.7214111328125,1.4496644295301804,0.7403812484703786
7.97809814453125,8.10004638671875,8.7214111328125,3.002684563758506,0.8328202752540883
3.80259033203125,6.75373779296875,8.7214111328125,1.389261744966423,0.7060831872524672
3.80259033203125,8.10004638671875,4.0952880859375,1.276510067114076,0.6443230339165085
7.97809814453125,6.75373779296875,4.0952880859375,2.664429530201409,0.7331360043597519
2.5538403320312497,4.3537963867187495,7.4839111328125,0.7919463087248231,0.5108601730150376
9.22684814453125,4.3537963867187495,7.4839111328125,3.0939597315437544,0.7497164906819682
2.5538403320312497,5.50498779296875,7.4839111328125,0.8724832214764995,0.5754174220682083
2.5538403320312497,4.3537963867187495,0.3827880859375,0.375838926174495,0.18199691469639584
9.22684814453125,5.50498779296875,0.3827880859375,0.90469798657717,0.20519978515439422
7.54884033203125,9.34879638671875,2.5339111328125004,2.4335570469798986,0.7012498588173197
4.2318481445312495,9.34879638671875,2.5339111328125004,1.2912751677852168,0.5972534293765317
7.54884033203125,0.50998779296875,2.5339111328125004,0.375838926174495,0.05830910917538791
7.54884033203125,9.34879638671875,5.3327880859375,2.7852348993289437,0.8092879172619438
4.2318481445312495,0.50998779296875,5.3327880859375,0.375838926174495,0.07318730316638974
5.05134033203125,1.85629638671875,9.9589111328125,1.1583892617449507,0.44587055256843455
6.72934814453125,1.85629638671875,9.9589111328125,1.6711409395972905,0.519021014711034
5.05134033203125,3.00748779296875,9.9589111328125,1.4724832214764887,0.5861700346343864
5.05134033203125,1.85629638671875,7.8077880859375,1.0738255033556905,0.40922122695311
6.72934814453125,3.00748779296875,7.8077880859375,1.959731543624131,0.6182239243953882
0.05634033203125,6.85129638671875,5.0089111328125,0.36510067114093814,0.4678766153722757
1.73434814453125,6.85129638671875,5.0089111328125,0.6187919463087188,0.5081433269213228
0.05634033203125,8.00248779296875,5.0089111328125,0.36510067114093814,0.4983639588246034
0.05634033203125,6.85129638671875,2.8577880859375,0.36375838926174353,0.45635122910380604
1.73434814453125,8.00248779296875,2.8577880859375,0.5449664429530154,0.43942284446003704
0.07585205078125,1.87580810546875,0.9677001953125,0.36375838926174353,0.21161640790727615
9.55854736328125,1.87580810546875,0.9677001953125,0.4536912751677822,0.08905593726132624
0.07585205078125,5.87571044921875,0.9677001953125,0.36375838926174353,0.4091598933691714
0.07585205078125,1.87580810546875,6.5896240234375,0.36375838926174353,0.22578068193124595
9.55854736328125,5.87571044921875,6.5896240234375,3.36510067114111,0.7919280633627268
5.07085205078125,6.8708081054687495,5.9177001953124995,1.7637583892617184,0.7134229156420802
4.56354736328125,6.8708081054687495,5.9177001953124995,1.5825503355704464,0.696027739357201
5.07085205078125,0.8807104492187501,5.9177001953124995,0.4147651006711386,0.113898917733885
5.07085205078125,6.8708081054687495,1.6396240234375001,1.1261744966442802,0.44089189256377337
4.56354736328125,0.8807104492187501,1.6396240234375001,0.37181208053691117,0.08757574931089125
7.56835205078125,4.37330810546875,3.4427001953125003,2.0912751677852173,0.5952630573743605
7.06104736328125,4.37330810546875,3.4427001953125003,1.922147651006682,0.5799678233760217
7.56835205078125,3.37821044921875,3.4427001953125003,1.8617449664429246,0.525559906815773
7.56835205078125,4.37330810546875,4.1146240234375,2.212080536912752,0.6318774044435933
7.06104736328125,3.37821044921875,4.1146240234375,1.8308724832214487,0.550002526068502
2.5733520507812497,9.36830810546875,8.3927001953125,1.048322147650993,0.7105206700420972
2.0660473632812497,9.36830810546875,8.3927001953125,0.8738255033556941,0.6812296424239035
2.5733520507812497,8.37321044921875,8.3927001953125,1.0201342281879062,0.6882263233868317
2.5733520507812497,9.36830810546875,9.0646240234375,1.0577181208053552,0.717615436060136
2.0660473632812497,8.37321044921875,9.0646240234375,0.8563758389261642,0.6643425747745247
3.82210205078125,3.1245581054687497,7.1552001953125,1.0147651006711278,0.49095379408166284
0.81729736328125,3.1245581054687497,7.1552001953125,0.382550335570468,0.308187041170066
3.82210205078125,9.62196044921875,7.1552001953125,1.4791946308724617,0.753952656557451
3.82210205078125,3.1245581054687497,5.3521240234375,0.9181208053691161,0.4383420830971358
0.81729736328125,9.62196044921875,5.3521240234375,0.4536912751677822,0.5268449803191408
8.81710205078125,8.11955810546875,2.2052001953125,2.673825503355773,0.670136666663594
5.81229736328125,8.11955810546875,2.2052001953125,1.652348993288566,0.5900314242248154
8.81710205078125,4.62696044921875,2.2052001953125,2.1583892617449587,0.5346927166286727
8.81710205078125,8.11955810546875,0.4021240234375,1.2228187919462918,0.2956426779796068
5.81229736328125,4.62696044921875,0.4021240234375,0.40671140939597095,0.12295221511337526
6.31960205078125,0.6270581054687501,9.6302001953125,0.4805369127516743,0.11416489482098294
3.31479736328125,0.6270581054687501,9.6302001953125,0.382550335570468,0.09530609466327213
6.31960205078125,2.1294604492187497,9.6302001953125,1.6402684563758145,0.5389006405999504
6.31960205078125,0.6270581054687501,2.8771240234375,0.3785234899328842,0.0715093142508521
3.31479736328125,2.1294604492187497,2.8771240234375,0.40536912751677634,0.17217780984536693
1.32460205078125,5.62205810546875,4.6802001953125,0.4617449664429498,0.40524754413091213
8.30979736328125,5.62205810546875,4.6802001953125,2.7328859060403454,0.7250294394805092
1.32460205078125,7.12446044921875,4.6802001953125,0.5100671140939557,0.4716590392517188
1.32460205078125,5.62205810546875,7.8271240234375,0.5275167785234856,0.4833188479822932
8.30979736328125,7.12446044921875,7.8271240234375,3.04832214765113,0.8144652465234192
1.94897705078125,4.99768310546875,9.0114501953125,0.6872483221476438,0.5259215090261253
5.18792236328125,4.99768310546875,9.0114501953125,1.7637583892617184,0.6988215554206092
1.94897705078125,0.25633544921875,9.0114501953125,0.36644295302013274,0.042195082525941854
1.94897705078125,4.99768310546875,9.6833740234375,0.696644295302006,0.5345760382950638
5.18792236328125,0.25633544921875,9.6833740234375,0.3744966442953004,0.04238621923689186
6.94397705078125,9.99268310546875,4.0614501953125,2.4966442953020556,0.7783782169096543
0.19292236328125,9.99268310546875,4.0614501953125,0.37046979865771656,0.5244524804517197
6.94397705078125,5.25133544921875,4.0614501953125,2.123489932885893,0.655082667771107
6.94397705078125,9.99268310546875,4.7333740234374995,2.5503355704698487,0.7963056732918319
0.19292236328125,5.25133544921875,4.7333740234374995,0.36778523489932735,0.40778355780067477
9.44147705078125,2.50018310546875,6.5364501953125,2.6456375838926816,0.6213065498087619
7.68542236328125,2.50018310546875,6.5364501953125,2.0523489932885672,0.574480288277336
9.44147705078125,7.74883544921875,6.5364501953125,3.4711409395975013,0.8277057230933305
9.44147705078125,2.50018310546875,2.2583740234375003,1.6577181208053444,0.3785389117169297
7.68542236328125,7.74883544921875,2.2583740234375003,2.26442953020135,0.6392691725150846
4.44647705078125,7.49518310546875,1.5864501953125,0.9919463087248195,0.4300764305812966
2.69042236328125,7.49518310546875,1.5864501953125,0.5758389261744914,0.3466888827404479
4.44647705078125,2.75383544921875,1.5864501953125,0.4228187919463062,0.1542981181652206
4.44647705078125,7.49518310546875,7.2083740234375,1.6228187919462846,0.7318136669624377
2.69042236328125,2.75383544921875,7.2083740234375,0.6429530201342217,0.37446266885130997
3.19772705078125,1.25143310546875,2.8239501953125004,0.3785234899328842,0.12949862889634686
3.93917236328125,1.25143310546875,2.8239501953125004,0.382550335570468,0.12163253907820402
3.19772705078125,4.00258544921875,2.8239501953125004,0.6335570469798595,0.33175478688965493
3.19772705078125,1.25143310546875,8.4458740234375,0.42818791946308465,0.17193953575461196
3.93917236328125,4.00258544921875,8.4458740234375,1.2174496644295134,0.5898134295512888
8.192727050781249,6.24643310546875,7.7739501953125,2.9382550335571542,0.7939286285088086
8.93417236328125,6.24643310546875,7.7739501953125,3.216107382550484,0.8050625838594461
8.192727050781249,8.99758544921875,7.7739501953125,3.106040268456508,0.8417417308371056
8.192727050781249,6.24643310546875,3.4958740234375,2.5973154362416677,0.6960615340053169
8.93417236328125,8.99758544921875,3.4958740234375,3.111409395973287,0.7763681256032374
5.6952270507812495,3.74893310546875,0.34895019531250004,0.38926174496644106,0.11378021973970028
1.44167236328125,3.74893310546875,0.34895019531250004,0.36912751677852196,0.2163546509764113
5.6952270507812495,6.50008544921875,0.34895019531250004,0.502013422818788,0.16325886213551993
5.6952270507812495,3.74893310546875,1.0208740234375,0.5637583892617399,0.1831366875333199
1.44167236328125,6.50008544921875,1.0208740234375,0.3798657718120788,0.28465783688820956
0.70022705078125,8.74393310546875,5.2989501953125,0.4174496644295278,0.4929583503380947
6.43667236328125,8.74393310546875,5.2989501953125,2.3382550335570658,0.7785773086792143
0.70022705078125,1.50508544921875,5.2989501953125,0.36778523489932735,0.1862535217945534
0.70022705078125,8.74393310546875,5.9708740234375,0.42550335570469544,0.5071000228363516
6.43667236328125,1.50508544921875,5.9708740234375,1.1449664429530046,0.3546701793052492
1.01241455078125,3.43674560546875,4.3708251953124995,0.3812080536912734,0.29810923790413857
3.62698486328125,3.43674560546875,4.3708251953124995,0.8375838926174397,0.41308893824878157
1.01241455078125,8.68539794921875,4.3708251953124995,0.46308724832214443,0.4864159678110199
1.01241455078125,3.43674560546875,3.8052490234375003,0.3785234899328842,0.29189481257739425
3.62698486328125,8.68539794921875,3.8052490234375003,1.2201342281879026,0.6383286181372854
6.00741455078125,8.43174560546875,9.3208251953125,2.2872483221476623,0.8103461152338172
8.62198486328125,8.43174560546875,9.3208251953125,3.276510067114251,0.8490389332087329
6.00741455078125,3.6903979492187498,9.3208251953125,1.9006711409395682,0.6637453445893269
6.00741455078125,8.43174560546875,8.7552490234375,2.2765100671141036,0.8062705542012085
8.62198486328125,3.6903979492187498,8.7552490234375,2.8120805369128403,0.7226288232069038
8.50491455078125,0.93924560546875,1.8958251953125,0.39060402684563567,0.07291730145421829
1.12948486328125,0.93924560546875,1.8958251953125,0.36510067114093814,0.11855602642606711
8.50491455078125,1.1928979492187501,1.8958251953125,0.4174496644295278,0.08467786485722294
8.50491455078125,0.93924560546875,6.2802490234374995,1.1771812080536752,0.2819609614210393
1.12948486328125,1.1928979492187501,6.2802490234374995,0.37046979865771656,0.15667812401571946
3.5099145507812497,5.93424560546875,6.8458251953125,1.194630872483205,0.6384425661235037
6.12448486328125,5.93424560546875,6.8458251953125,2.115436241610724,0.7321465980955622
3.5099145507812497,6.18789794921875,6.8458251953125,1.2107382550335404,0.6482270284280542
3.5099145507812497,5.93424560546875,1.3302490234375002,0.5785234899328806,0.2829129481729936
6.12448486328125,6.18789794921875,1.3302490234375002,1.187919463087232,0.3959639304434401
4.7586645507812495,2.1879956054687497,8.0833251953125,1.1181208053691125,0.4524699106599326
7.37323486328125,2.1879956054687497,8.0833251953125,1.935570469798628,0.5602831940348377
4.7586645507812495,7.43664794921875,8.0833251953125,1.754362416107356,0.7505164231467724
4.7586645507812495,2.1879956054687497,5.0427490234375,0.9221476510066999,0.3639115157306606
7.37323486328125,7.43664794921875,5.0427490234375,2.5892617449664987,0.7655977196510073
9.75366455078125,7.18299560546875,3.1333251953125,3.191946308724977,0.7339310917953329
2.37823486328125,7.18299560546875,3.1333251953125,0.7006711409395898,0.4752463562591369
9.75366455078125,2.44164794921875,3.1333251953125,2.0979865771811914,0.47102468310623885
9.75366455078125,7.18299560546875,9.9927490234375,3.6510067114096083,0.8468410675817145
2.37823486328125,2.44164794921875,9.9927490234375,0.583892617449659,0.35733090631955383
7.25616455078125,4.68549560546875,5.6083251953125,2.3154362416107537,0.6899449617873348
9.87073486328125,4.68549560546875,5.6083251953125,3.261744966443108,0.7431121809124239
7.25616455078125,4.93914794921875,5.6083251953125,2.3503355704698192,0.7010403493759605
7.25616455078125,4.68549560546875,7.5177490234375,2.424161073825535,0.7248018436261143
9.87073486328125,4.93914794921875,7.5177490234375,3.417449664429708,0.7809580112074203
2.26116455078125,9.68049560546875,0.6583251953125,0.40536912751677634,0.2563517150755616
4.87573486328125,9.68049560546875,0.6583251953125,0.8026845637583799,0.3172440259091215
2.26116455078125,9.93414794921875,0.6583251953125,0.40805369127516555,0.25921672466004264
2.26116455078125,9.68049560546875,2.5677490234375,0.7073825503355629,0.5028405019958131
4.87573486328125,9.93414794921875,2.5677490234375,1.5422818791946082,0.6401911039806921
1.63678955078125,0.31487060546875,6.2270751953125,0.36510067114093814,0.04991805011301371
1.75385986328125,0.31487060546875,6.2270751953125,0.36644295302013274,0.05017026957097431
1.63678955078125,3.06602294921875,6.2270751953125,0.42818791946308465,0.29938669352430647
1.63678955078125,0.31487060546875,0.7114990234375,0.36375838926174353,0.04455697062997928
1.75385986328125,3.06602294921875,0.7114990234375,0.37046979865771656,0.197819302172417
6.63178955078125,5.30987060546875,1.2770751953125001,1.16107382550334,0.35961746134151407
6.7488598632812495,5.30987060546875,1.2770751953125001,1.1906040268456213,0.36371469459144073
6.63178955078125,8.06102294921875,1.2770751953125001,1.4979865771811862,0.47322515849937163
6.63178955078125,5.30987060546875,5.6614990234375,2.1744966442952967,0.7010223288782413
6.7488598632812495,8.06102294921875,5.6614990234375,2.4362416107382883,0.7788619678138713
9.12928955078125,2.81237060546875,8.7020751953125,2.782550335570554,0.6770676205106401
4.25135986328125,2.81237060546875,8.7020751953125,1.14362416107381,0.513102222961316
9.12928955078125,5.56352294921875,8.7020751953125,3.255033557047134,0.7990641971650323
9.12928955078125,2.81237060546875,8.1364990234375,2.7543624161074627,0.6697231758840068
4.25135986328125,5.56352294921875,8.1364990234375,1.4604026845637372,0.6774694445211438
4.13428955078125,7.80737060546875,3.7520751953125,1.3422818791946118,0.6341568159362801
9.24635986328125,7.80737060546875,3.7520751953125,3.1771812080538337,0.768420624106322
4.13428955078125,0.56852294921875,3.7520751953125,0.3731543624161058,0.07601310133235722
4.13428955078125,7.80737060546875,3.1864990234375004,1.276510067114076,0.6006307513832014
9.24635986328125,0.56852294921875,3.1864990234375004,0.38926174496644106,0.06117883096119387
2.88553955078125,4.06112060546875,2.5145751953125,0.532885906040264,0.29095363599447016
7.99760986328125,4.06112060546875,2.5145751953125,1.8993288590603736,0.5109367613470545
2.88553955078125,1.81727294921875,2.5145751953125,0.382550335570468,0.1588351514618555
2.88553955078125,4.06112060546875,1.9489990234375,0.44966442953019836,0.2355419245019465
7.99760986328125,1.81727294921875,1.9489990234375,0.7812080536912662,0.1931185121388057
7.88053955078125,9.05612060546875,7.4645751953124995,2.9812080536913887,0.8358691045093891
3.0026098632812497,9.05612060546875,7.4645751953124995,1.174496644295286,0.7139660100589121
7.88053955078125,6.81227294921875,7.4645751953124995,2.855033557047075,0.7985803102186916
7.88053955078125,9.05612060546875,6.8989990234375,2.965100671141051,0.8309824621947168
3.0026098632812497,6.81227294921875,6.8989990234375,1.0738255033556905,0.6444990667235643
5.38303955078125,1.56362060546875,4.9895751953125,0.8107382550335476,0.27944357045276336
5.50010986328125,1.56362060546875,4.9895751953125,0.8375838926174397,0.28506926217963535
5.38303955078125,9.30977294921875,4.9895751953125,1.9583892617449363,0.7572976087196719
5.38303955078125,1.56362060546875,9.3739990234375,1.1046979865771664,0.3983412432188768
5.50010986328125,9.30977294921875,9.3739990234375,2.131543624161062,0.8138716911816836
0.38803955078125,6.55862060546875,9.9395751953125,0.38657718120805185,0.4730501324839086
0.50510986328125,6.55862060546875,9.9395751953125,0.3973154362416087,0.47489535651276393
0.38803955078125,4.31477294921875,9.9395751953125,0.3771812080536896,0.38473730286857877
0.38803955078125,6.55862060546875,4.4239990234375,0.3744966442953004,0.4363019951403826
0.50510986328125,4.31477294921875,4.4239990234375,0.3731543624161058,0.35574006498566135
0.54413330078125,4.21721435546875,6.3817626953125,0.3771812080536896,0.3623996360379125
4.7196411132812495,4.21721435546875,6.3817626953125,1.4241610738254828,0.6010802626220536
0.54413330078125,6.96836669921875,6.3817626953125,0.3919463087248303,0.4604816417424238
0.54413330078125,4.21721435546875,3.0318115234375003,0.37046979865771656,0.3370946732868618
4.7196411132812495,6.96836669921875,3.0318115234375003,1.3865771812080339,0.58624394495948
5.53913330078125,9.21221435546875,1.4317626953125002,1.3597315436241417,0.5011078820633179
9.71464111328125,9.21221435546875,1.4317626953125002,2.673825503355773,0.6122992260106332
5.53913330078125,1.97336669921875,1.4317626953125002,0.3959731543624141,0.11462233744726884
5.53913330078125,9.21221435546875,7.9818115234375,2.118120805369114,0.8031459393165266
9.71464111328125,1.97336669921875,7.9818115234375,2.6080536912752263,0.5957170495654946
8.03663330078125,1.71971435546875,8.8567626953125,1.966442953020104,0.5257949472354227
2.22214111328125,1.71971435546875,8.8567626953125,0.4174496644295278,0.21642463639854753
8.03663330078125,4.47086669921875,8.8567626953125,2.727516778523566,0.747297844270612
8.03663330078125,1.71971435546875,5.5068115234374995,1.683221476510042,0.44425855614858056
2.22214111328125,4.47086669921875,5.5068115234374995,0.6442953020134163,0.4423215056086589
3.0416333007812497,6.71471435546875,3.9067626953125,0.9369127516778406,0.5479275389090945
7.21714111328125,6.71471435546875,3.9067626953125,2.361073825503378,0.7078560216827837
3.0416333007812497,9.46586669921875,3.9067626953125,1.0644295302013282,0.6342470554769744
3.0416333007812497,6.71471435546875,0.5568115234375001,0.3946308724832195,0.195566964283048
7.21714111328125,9.46586669921875,0.5568115234375001,1.198657718120789,0.3471550213820447
4.29038330078125,0.47096435546875004,0.1942626953125,0.36510067114093814,0.05043248803002304
5.96839111328125,0.47096435546875004,0.1942626953125,0.36644295302013274,0.04606802734646371
4.29038330078125,8.21711669921875,0.1942626953125,0.40671140939597095,0.15990687160751402
4.29038330078125,0.47096435546875004,4.2693115234375,0.37181208053691117,0.06623030650983823
5.96839111328125,8.21711669921875,4.2693115234375,2.063087248322126,0.7295634032899554
9.28538330078125,5.46596435546875,5.1442626953124995,3.1154362416108716,0.7501531708083251
0.97339111328125,5.46596435546875,5.1442626953124995,0.40939597315436016,0.391680358403509
9.28538330078125,3.2221166992187498,5.1442626953124995,2.6872483221477212,0.6415846115845634
9.28538330078125,5.46596435546875,9.2193115234375,3.3181208053692908,0.8024895929187343
0.97339111328125,3.2221166992187498,9.2193115234375,0.3959731543624141,0.32424407244062425
6.78788330078125,2.96846435546875,2.6692626953125003,1.2966442953019952,0.3932584922782679
8.46589111328125,2.96846435546875,2.6692626953125003,1.7731543624160806,0.44999858986888397
6.78788330078125,0.72461669921875,2.6692626953125003,0.382550335570468,0.07514183678573871
6.78788330078125,2.96846435546875,6.7443115234375,1.9100671140939305,0.596501603301402
8.46589111328125,0.72461669921875,6.7443115234375,0.8765100671140833,0.19982743869771208
1.7928833007812501,7.96346435546875,7.6192626953125,0.7355704697986496,0.6139640654957846
3.4708911132812497,7.96346435546875,7.6192626953125,1.3046979865771628,0.7118565395323546
1.7928833007812501,5.71961669921875,7.6192626953125,0.6550335570469732,0.5280577142583665
1.7928833007812501,7.96346435546875,1.7943115234375002,0.457718120805366,0.34626252132759283
3.4708911132812497,5.71961669921875,1.7943115234375002,0.6738255033556977,0.33978750277567976
2.41725830078125,2.34408935546875,3.2880126953125,0.3932885906040249,0.19999877282825795
0.34901611328125004,2.34408935546875,3.2880126953125,0.36510067114093814,0.2491963715245057
2.41725830078125,1.34899169921875,3.2880126953125,0.375838926174495,0.1471452040199301
2.41725830078125,2.34408935546875,1.1755615234375,0.3731543624161058,0.16745603708768664
0.34901611328125004,1.34899169921875,1.1755615234375,0.36375838926174353,0.16175519442644204
7.41225830078125,7.33908935546875,8.2380126953125,2.735570469798735,0.8081589839269183
5.34401611328125,7.33908935546875,8.2380126953125,1.9677852348992986,0.766324637223841
7.41225830078125,6.3439916992187495,8.2380126953125,2.6684563758389936,0.7871735532086008
7.41225830078125,7.33908935546875,6.1255615234375,2.6617449664430195,0.7847190117558203
5.34401611328125,6.3439916992187495,6.1255615234375,1.8348993288590325,0.7104711429525439
9.90975830078125,4.8415893554687495,0.8130126953125,1.4362416107382343,0.3134065832292498
2.84651611328125,4.8415893554687495,0.8130126953125,0.38791946308724645,0.19251967453745872
9.90975830078125,8.84149169921875,0.8130126953125,2.0979865771811914,0.4672555637123912
9.90975830078125,4.8415893554687495,8.6005615234375,3.4604026845639426,0.7885361639323325
2.84651611328125,8.84149169921875,8.6005615234375,1.1328859060402532,0.7156038914751212
4.91475830078125,9.83658935546875,5.7630126953125,1.8442953020133948,0.7699757286922694
7.84151611328125,9.83658935546875,5.7630126953125,2.939597315436349,0.8270532796937085
4.91475830078125,3.84649169921875,5.7630126953125,1.39999999999998,0.5690921546849839
4.91475830078125,9.83658935546875,3.6505615234375,1.7073825503355449,0.7086354991744009
7.84151611328125,3.84649169921875,3.6505615234375,2.115436241610724,0.5829677247021362
3.66600830078125,3.5928393554687497,9.4755126953125,1.1046979865771664,0.56076750750566
9.09026611328125,3.5928393554687497,9.4755126953125,2.987919463087363,0.7331921189605366
3.66600830078125,2.5977416992187496,9.4755126953125,0.9463087248322029,0.46674181232576895
3.66600830078125,3.5928393554687497,2.4130615234375004,0.6134228187919404,0.2863851265028653
9.09026611328125,2.5977416992187496,2.4130615234375004,1.6872483221476258,0.3994886697747222
8.66100830078125,8.58783935546875,4.5255126953125,3.104697986577313,0.7978987146905161
4.09526611328125,8.58783935546875,4.5255126953125,1.4322147651006505,0.6861935307488729
8.66100830078125,7.59274169921875,4.5255126953125,3.034899328859182,0.7790302255156536
8.66100830078125,8.58783935546875,7.3630615234375,3.252348993288744,0.8386375186704385
4.09526611328125,7.59274169921875,7.3630615234375,1.5046979865771593,0.7237385334352916
6.16350830078125,1.09533935546875,7.0005126953125,0.8590604026845534,0.2619974345055057
6.59276611328125,1.09533935546875,7.0005126953125,0.9610738255033435,0.2818368863109008
6.16350830078125,5.09524169921875,7.0005126953125,2.0563758389261517,0.7060817186508164
6.16350830078125,1.09533935546875,9.8380615234375,1.0214765100671008,0.3204105028929428
6.59276611328125,5.09524169921875,9.8380615234375,2.297986577181221,0.748138962790869
1.16850830078125,6.09033935546875,2.0505126953125,0.38523489932885724,0.3279659337853196
1.59776611328125,6.09033935546875,2.0505126953125,0.40536912751677634,0.30726949249786
1.16850830078125,0.10024169921875,2.0505126953125,0.36375838926174353,0.01618806495410359
1.16850830078125,6.09033935546875,4.8880615234375,0.45100671140939297,0.42216445141232223
1.59776611328125,0.10024169921875,4.8880615234375,0.36375838926174353,0.0166949468583407
0.8563208007812501,0.78315185546875,8.5473876953125,0.36778523489932735,0.1150406022648182
8.15370361328125,0.78315185546875,8.5473876953125,1.0711409395973013,0.2614137143763215
0.8563208007812501,9.77805419921875,8.5473876953125,0.5006711409395934,0.5895565545960015
0.8563208007812501,0.78315185546875,7.0536865234374995,0.36644295302013274,0.11328020886407641
8.15370361328125,9.77805419921875,7.0536865234374995,3.104697986577313,0.8449846167012014
5.85132080078125,5.77815185546875,3.5973876953125004,1.7436241610737993,0.6200262021171827
3.15870361328125,5.77815185546875,3.5973876953125004,0.8818791946308617,0.49561745608610475
5.85132080078125,4.78305419921875,3.5973876953125004,1.6187919463087008,0.5720938084217154
5.85132080078125,5.77815185546875,2.1036865234375,1.3986577181207853,0.49016230442020287
3.15870361328125,4.78305419921875,2.1036865234375,0.5906040268456321,0.31106361445720704
8.34882080078125,3.28065185546875,6.0723876953125,2.4738255033557435,0.6495732704240786
5.65620361328125,3.28065185546875,6.0723876953125,1.5624161073825273,0.5660682210791314
8.34882080078125,2.28555419921875,6.0723876953125,2.1449664429530104,0.5575104381636198
8.34882080078125,3.28065185546875,4.5786865234375,2.304697986577195,0.6022636000539886
5.65620361328125,2.28555419921875,4.5786865234375,1.1449664429530046,0.40091110246096784
3.35382080078125,8.27565185546875,1.1223876953125,0.6308724832214703,0.32739646377449666
0.66120361328125,8.27565185546875,1.1223876953125,0.3731543624161058,0.38716463884089675
3.35382080078125,7.28055419921875,1.1223876953125,0.577181208053686,0.2943826644537005
3.35382080078125,8.27565185546875,9.5286865234375,1.307382550335552,0.7341795089646838
0.66120361328125,7.28055419921875,9.5286865234375,0.42550335570469544,0.5047887760117316
4.60257080078125,4.52940185546875,4.8348876953125,1.3234899328858873,0.567311625990908
1.90995361328125,4.52940185546875,4.8348876953125,0.5436241610738208,0.39695650000940663
4.60257080078125,6.03180419921875,4.8348876953125,1.4738255033556833,0.6391612458887994
4.60257080078125,4.52940185546875,5.8161865234375,1.3919463087248123,0.5994638571595301
1.90995361328125,6.03180419921875,5.8161865234375,0.6604026845637516,0.5126351984220293
9.59757080078125,9.52440185546875,9.7848876953125,3.7060402684565963,0.8733084210710982
6.90495361328125,9.52440185546875,9.7848876953125,2.6765100671141626,0.8432127758885395
9.59757080078125,1.03680419921875,9.7848876953125,1.915436241610709,0.43176790010242533
9.59757080078125,9.52440185546875,0.8661865234375,2.1476510067114,0.4933065673131913
6.90495361328125,1.03680419921875,0.8661865234375,0.3744966442953004,0.07356887441226148
7.10007080078125,2.03190185546875,2.3598876953125,0.8926174496644186,0.24936547725647687
4.40745361328125,2.03190185546875,2.3598876953125,0.42416107382550083,0.15101680156438646
7.10007080078125,3.53430419921875,2.3598876953125,1.4416107382550127,0.42424308741081496
7.10007080078125,2.03190185546875,3.3411865234375,1.1973154362415943,0.3442416253626231
4.40745361328125,3.53430419921875,3.3411865234375,0.9409395973154244,0.4025352264893638
2.1050708007812498,7.02690185546875,7.3098876953125,0.7986577181207961,0.6023903951303424
9.40245361328125,7.02690185546875,7.3098876953125,3.4375838926176305,0.8227034863203038
2.1050708007812498,8.52930419921875,7.3098876953125,0.846979865771802,0.6475656853190278
2.1050708007812498,7.02690185546875,8.2911865234375,0.816107382550326,0.6176498876566087
9.40245361328125,8.52930419921875,8.2911865234375,3.558389261745165,0.8531626927144844
1.48069580078125,2.6562768554687497,1.7411376953125002,0.37181208053691117,0.21577240028627653
6.28057861328125,2.6562768554687497,1.7411376953125002,0.7328859060402604,0.22436410012109714
1.48069580078125,4.15867919921875,1.7411376953125002,0.3785234899328842,0.2607184121600927
1.48069580078125,2.6562768554687497,8.9099365234375,0.4174496644295278,0.2919213330546673
6.28057861328125,4.15867919921875,8.9099365234375,2.053691275167762,0.6930912233618935
6.47569580078125,7.65127685546875,6.6911376953124995,2.3570469798657934,0.7811443811419226
1.2855786132812501,7.65127685546875,6.6911376953124995,0.5597315436241561,0.5421528734725495
6.47569580078125,9.15367919921875,6.6911376953124995,2.432214765100704,0.8076756667409974
6.47569580078125,7.65127685546875,3.9599365234375004,2.1771812080536863,0.7174133402085265
1.2855786132812501,9.15367919921875,3.9599365234375004,0.5248322147650963,0.5058041112163457
8.97319580078125,0.15877685546875,4.2161376953125,0.36912751677852196,0.02455416712818355
8.77807861328125,0.15877685546875,4.2161376953125,0.36912751677852196,0.024609676369083008
8.97319580078125,6.65617919921875,4.2161376953125,3.034899328859182,0.7533850766315393
8.97319580078125,0.15877685546875,1.4849365234375,0.36644295302013274,0.02219392313763573
8.77807861328125,6.65617919921875,1.4849365234375,2.100671140939581,0.5226981135180605
3.9781958007812497,5.15377685546875,9.1661376953125,1.3583892617449471,0.6618809501577794
3.78307861328125,5.15377685546875,9.1661376953125,1.2912751677852168,0.6530123825108218
3.9781958007812497,1.6611791992187501,9.1661376953125,0.7664429530201256,0.33476394964232203
3.9781958007812497,5.15377685546875,6.4349365234375,1.2778523489932707,0.6187572870897116
3.78307861328125,1.6611791992187501,6.4349365234375,0.6093959731543566,0.2624096493167989
2.72944580078125,1.4075268554687501,5.4536376953125,0.3932885906040249,0.1634547776955604
2.5343286132812497,1.4075268554687501,5.4536376953125,0.38926174496644106,0.16461976647639837
2.72944580078125,0.41242919921875004,5.4536376953125,0.36912751677852196,0.06273523928730476
2.72944580078125,1.4075268554687501,7.6724365234375,0.41073825503355477,0.1792014670640285
2.5343286132812497,0.41242919921875004,7.6724365234375,0.37046979865771656,0.06472375894934426
7.7244458007812495,6.40252685546875,0.5036376953125,0.9275167785234784,0.24757413971872633
7.52932861328125,6.40252685546875,0.5036376953125,0.8939597315436132,0.24340126368311354
7.7244458007812495,5.4074291992187495,0.5036376953125,0.7865771812080447,0.20665770605306896
7.7244458007812495,6.40252685546875,2.7224365234375,2.2765100671141036,0.6396080761021613
7.52932861328125,5.4074291992187495,2.7224365234375,2.0751677852348793,0.5936243140289974
5.22694580078125,3.90502685546875,7.9286376953125,1.6187919463087008,0.6318290712287429
0.03682861328125,3.90502685546875,7.9286376953125,0.36375838926174353,0.3611086007999838
5.22694580078125,7.90492919921875,7.9286376953125,1.9449664429529903,0.771962538229269
5.22694580078125,3.90502685546875,0.2474365234375,0.38389261744966263,0.11759031686034674
0.03682861328125,7.90492919921875,0.2474365234375,0.36375838926174353,0.45959761956720935
0.23194580078125002,8.90002685546875,2.9786376953125,0.36912751677852196,0.4888947295702766
5.03182861328125,8.90002685546875,2.9786376953125,1.6134228187919224,0.6532173601646144
0.23194580078125002,2.90992919921875,2.9786376953125,0.36510067114093814,0.2875791206417322
0.23194580078125002,8.90002685546875,5.1974365234375,0.3731543624161058,0.5093129074836643
5.03182861328125,2.90992919921875,5.1974365234375,1.2134228187919296,0.47501165597853134
0.30999267578125,2.89041748046875,7.6966064453125,0.36912751677852196,0.3012018984328101
1.36362548828125,2.89041748046875,7.6966064453125,0.40805369127516555,0.29637624253018324
0.30999267578125,1.8953198242187501,7.6966064453125,0.36644295302013274,0.22768513254290718
0.30999267578125,2.89041748046875,8.3685302734375,0.36912751677852196,0.30226870603127487
1.36362548828125,1.8953198242187501,8.3685302734375,0.38657718120805185,0.22593999359128902
5.30499267578125,7.88541748046875,2.7466064453125,1.5986577181207817,0.6172762786477355
6.35862548828125,7.88541748046875,2.7466064453125,1.9570469798657417,0.6513541218555559
5.30499267578125,6.89031982421875,2.7466064453125,1.5181208053691053,0.5837360620970623
5.30499267578125,7.88541748046875,3.4185302734375003,1.710067114093934,0.6632794132169304
6.35862548828125,6.89031982421875,3.4185302734375003,2.0013422818791637,0.6667606517388376
7.80249267578125,0.39291748046875,5.2216064453125,0.382550335570468,0.0550883306488877
3.86112548828125,0.39291748046875,5.2216064453125,0.37046979865771656,0.05876556383878579
7.80249267578125,9.38781982421875,5.2216064453125,2.876510067114192,0.8119469545518343
7.80249267578125,0.39291748046875,0.9435302734375,0.36778523489932735,0.042558647816840725
3.86112548828125,9.38781982421875,0.9435302734375,0.7248322147650927,0.3434731942373985
2.80749267578125,5.38791748046875,0.2716064453125,0.3785234899328842,0.18028000931723412
8.85612548828125,5.38791748046875,0.2716064453125,0.6926174496644222,0.159399781527928
2.80749267578125,4.3928198242187495,0.2716064453125,0.375838926174495,0.17056707075830252
2.80749267578125,5.38791748046875,5.8935302734374995,0.8953020134228078,0.5512105006777633
8.85612548828125,4.3928198242187495,5.8935302734374995,2.8671140939598283,0.7187441115207849
4.05624267578125,1.64166748046875,3.9841064453125004,0.46711409395972825,0.17711165104472112
7.60737548828125,1.64166748046875,3.9841064453125004,1.249664429530184,0.3376912331343393
4.05624267578125,3.1440698242187497,3.9841064453125004,0.8617449664429426,0.3889708333906676
4.05624267578125,1.64166748046875,9.6060302734375,0.7919463087248231,0.34266657492358366
7.60737548828125,3.1440698242187497,9.6060302734375,2.3651006711409623,0.6757808312612417
9.05124267578125,6.63666748046875,8.9341064453125,3.32348993288607,0.8233912630500839
2.6123754882812498,6.63666748046875,8.9341064453125,0.9771812080536788,0.6460059759311862
9.05124267578125,8.13906982421875,8.9341064453125,3.417449664429708,0.847785485353775
9.05124267578125,6.63666748046875,4.6560302734375,3.111409395973287,0.767250362014424
2.6123754882812498,8.13906982421875,4.6560302734375,0.9181208053691161,0.6043578038441142
6.55374267578125,4.13916748046875,1.5091064453125,1.061744966442939,0.328869944168374
5.10987548828125,4.13916748046875,1.5091064453125,0.7463087248322064,0.27635284539317984
6.55374267578125,5.64156982421875,1.5091064453125,1.3234899328858873,0.41813842922224137
6.55374267578125,4.13916748046875,2.1810302734375,1.3637583892617255,0.43017940203917954
5.10987548828125,5.64156982421875,2.1810302734375,1.1892617449664267,0.46327875900189314
1.5587426757812501,9.13416748046875,6.4591064453125,0.6711409395973085,0.606809608718333
0.11487548828125,9.13416748046875,6.4591064453125,0.36912751677852196,0.5282201432153628
1.5587426757812501,0.64656982421875,6.4591064453125,0.36912751677852196,0.09530947777054213
1.5587426757812501,9.13416748046875,7.1310302734375,0.6832214765100599,0.6197240132578785
0.11487548828125,0.64656982421875,7.1310302734375,0.36375838926174353,0.09738516846472584
2.18311767578125,1.01729248046875,2.1278564453125,0.36912751677852196,0.11822971350891452
3.23675048828125,1.01729248046875,2.1278564453125,0.37181208053691117,0.10902733723581115
2.18311767578125,6.26594482421875,2.1278564453125,0.502013422818788,0.3372011490675861
2.18311767578125,1.01729248046875,5.2747802734375,0.375838926174495,0.13222284731324646
3.23675048828125,6.26594482421875,5.2747802734375,1.0604026845637444,0.5978998958158759
7.17811767578125,6.01229248046875,7.0778564453124995,2.516778523489978,0.7618814519395298
8.23175048828125,6.01229248046875,7.0778564453124995,2.9060402684564783,0.781148841779706
7.17811767578125,1.27094482421875,7.0778564453124995,1.2751677852348815,0.3616070078421978
7.17811767578125,6.01229248046875,0.32478027343750004,0.6161073825503296,0.16878021878096855
8.23175048828125,1.27094482421875,0.32478027343750004,0.3744966442953004,0.0659866744320081
9.67561767578125,3.51479248046875,4.6028564453125,2.829530201342373,0.6516284627785842
0.7392504882812501,3.51479248046875,4.6028564453125,0.375838926174495,0.3129679761137962
9.67561767578125,3.76844482421875,4.6028564453125,2.8953020134229197,0.6676328330468578
9.67561767578125,3.51479248046875,2.7997802734375004,2.3879194630872744,0.5447422430105001
0.7392504882812501,3.76844482421875,2.7997802734375004,0.37181208053691117,0.30652970636462523
4.68061767578125,8.50979248046875,9.5528564453125,1.7999999999999727,0.783129766360354
5.7342504882812495,8.50979248046875,9.5528564453125,2.1919463087248294,0.8076625010548134
4.68061767578125,8.76344482421875,9.5528564453125,1.809395973154335,0.7875731971488541
4.68061767578125,8.50979248046875,7.7497802734375,1.7664429530201076,0.7673158544657486
5.7342504882812495,8.76344482421875,7.7497802734375,2.1677852348993225,0.7980100743645948
3.43186767578125,4.76354248046875,5.8403564453125,1.037583892617436,0.5543016361025602
6.98300048828125,4.76354248046875,5.8403564453125,2.2456375838926226,0.6919045314981691
3.43186767578125,7.51469482421875,5.8403564453125,1.218791946308708,0.666365623213133
3.43186767578125,4.76354248046875,6.5122802734375,1.0671140939597175,0.571955800632283
6.98300048828125,7.51469482421875,6.5122802734375,2.5302013422819263,0.7859078163939737
8.42686767578125,9.75854248046875,0.8903564453125,1.8644295302013139,0.48000491601505224
1.98800048828125,9.75854248046875,0.8903564453125,0.413422818791944,0.2872074547366939
8.42686767578125,2.51969482421875,0.8903564453125,0.5436241610738208,0.12428763200134724
8.42686767578125,9.75854248046875,1.5622802734375,2.3812080536913003,0.6193863240197723
1.98800048828125,2.51969482421875,1.5622802734375,0.3744966442953004,0.1919062755696858
5.92936767578125,2.26604248046875,8.3153564453125,1.5114093959731323,0.5219601092964716
9.48050048828125,2.26604248046875,8.3153564453125,2.689932885906111,0.6301427352764243
5.92936767578125,0.02219482421875,8.3153564453125,0.36375838926174353,0.003851924850407029
5.92936767578125,2.26604248046875,4.0372802734375,1.1328859060402532,0.3803340558923248
9.48050048828125,0.02219482421875,4.0372802734375,0.36375838926174353,0.0037249423135607466
0.93436767578125,7.26104248046875,3.3653564453125,0.4026845637583871,0.4049341684758273
4.48550048828125,7.26104248046875,3.3653564453125,1.3812080536912554,0.6099488892971316
0.93436767578125,5.01719482421875,3.3653564453125,0.38389261744966263,0.3451996663178923
0.93436767578125,7.26104248046875,8.9872802734375,0.48456375838925814,0.5282506977752144
4.48550048828125,5.01719482421875,8.9872802734375,1.5181208053691053,0.6745254822985907
1.24655517578125,1.95385498046875,7.3872314453125,0.382550335570468,0.22738293992959435
5.42206298828125,1.95385498046875,7.3872314453125,1.1959731543623997,0.4350735180261116
1.24655517578125,4.70500732421875,7.3872314453125,0.46711409395972825,0.41605481782357134
1.24655517578125,1.95385498046875,1.8716552734375,0.36912751677852196,0.19235560930011472
5.42206298828125,4.70500732421875,1.8716552734375,1.0469798657717984,0.38257897733638146
6.24155517578125,6.94885498046875,2.4372314453125004,1.7557046979865507,0.5901267433775479
0.42706298828125,6.94885498046875,2.4372314453125004,0.37181208053691117,0.42023383078720095
6.24155517578125,9.70000732421875,2.4372314453125004,1.9704697986576878,0.6675003243613153
6.24155517578125,6.94885498046875,6.8216552734375,2.2322147651006743,0.7623012325338594
0.42706298828125,9.70000732421875,6.8216552734375,0.3959731543624141,0.5332462094659062
8.73905517578125,4.45135498046875,9.8622314453125,3.010738255033675,0.7671113470491697
7.91956298828125,4.45135498046875,9.8622314453125,2.7100671140940333,0.7525827750030778
8.73905517578125,7.20250732421875,9.8622314453125,3.263087248322303,0.8348734145592209
8.73905517578125,4.45135498046875,9.2966552734375,2.995973154362532,0.7630533458882438
7.91956298828125,7.20250732421875,9.2966552734375,2.9422818791947387,0.8208680246018227
3.74405517578125,9.44635498046875,4.9122314453125,1.3677852348993094,0.7043018542863794
2.92456298828125,9.44635498046875,4.9122314453125,1.0818791946308581,0.6660252717043171
3.74405517578125,2.2075073242187497,4.9122314453125,0.6671140939597247,0.3023624065956286
3.74405517578125,9.44635498046875,4.3466552734374995,1.3342281879194442,0.6855661336930828
2.92456298828125,2.2075073242187497,4.3466552734374995,0.4604026845637552,0.22531346292369833
4.99280517578125,3.2026049804687498,1.1997314453125,0.44697986577180915,0.153405926390027
4.17331298828125,3.2026049804687498,1.1997314453125,0.4013422818791925,0.15188330795486205
4.99280517578125,0.95875732421875,1.1997314453125,0.37181208053691117,0.0850544433962951
4.99280517578125,3.2026049804687498,0.6341552734375,0.38791946308724645,0.12409025785127217
4.17331298828125,0.95875732421875,0.6341552734375,0.36778523489932735,0.0841222688026606
9.98780517578125,8.19760498046875,6.1497314453125,3.6885906040270635,0.8362780307885966
9.16831298828125,8.19760498046875,6.1497314453125,3.3771812080538632,0.8267305601537258
9.98780517578125,5.95375732421875,6.1497314453125,3.5087248322149565,0.7935958770531513
9.98780517578125,8.19760498046875,5.5841552734375,3.6577181208055825,0.8287905375983311
9.16831298828125,5.95375732421875,5.5841552734375,3.1651006711410803,0.7720828318098527
7.49030517578125,0.70510498046875,3.6747314453125,0.3959731543624141,0.07730448895858494
1.67581298828125,0.70510498046875,3.6747314453125,0.36778523489932735,0.09756582361141991
7.49030517578125,8.45125732421875,3.6747314453125,2.5664429530201867,0.7471890473731504
7.49030517578125,0.70510498046875,8.0591552734375,0.7530201342281795,0.18444380687939682
1.67581298828125,8.45125732421875,8.0591552734375,0.7181208053691197,0.6254805042023578
2.4953051757812497,5.70010498046875,8.6247314453125,0.8872483221476402,0.5974997679421962
6.67081298828125,5.70010498046875,8.6247314453125,2.353020134228209,0.7589743970855335
2.4953051757812497,3.45625732421875,8.6247314453125,0.7181208053691197,0.4582431543330729
2.4953051757812497,5.70010498046875,3.1091552734375,0.6483221476510002,0.41574237538379744
6.67081298828125,3.45625732421875,3.1091552734375,1.5248322147650784,0.47618702183579265
1.87093017578125,3.82697998046875,3.0559814453125003,0.40805369127516555,0.2684730180253462
9.79268798828125,3.82697998046875,3.0559814453125003,2.609395973154421,0.5913975772309823
1.87093017578125,9.07563232421875,3.0559814453125003,0.6268456375838865,0.497259212630746
1.87093017578125,3.82697998046875,4.9654052734375,0.49127516778523117,0.34748983611798684
9.79268798828125,9.07563232421875,4.9654052734375,3.5959731543626203,0.8293038917728499
6.86593017578125,8.82197998046875,8.0059814453125,2.601342281879252,0.8222660867450249
4.7976879882812495,8.82197998046875,8.0059814453125,1.8281879194630595,0.7792077280988321
6.86593017578125,4.08063232421875,8.0059814453125,2.220134228187921,0.694368520401515
6.86593017578125,8.82197998046875,9.9154052734375,2.6362416107383178,0.8341637877989627
4.7976879882812495,4.08063232421875,9.9154052734375,1.5503355704697759,0.650226835592369
9.36343017578125,1.32947998046875,0.5809814453125001,0.3798657718120788,0.06540511094686402
7.29518798828125,1.32947998046875,0.5809814453125001,0.375838926174495,0.07518786878895031
9.36343017578125,1.58313232421875,0.5809814453125001,0.38389261744966263,0.06919817486975668
9.36343017578125,1.32947998046875,7.4404052734374995,1.993288590603996,0.4619013117895153
7.29518798828125,1.58313232421875,7.4404052734374995,1.5651006711409166,0.4481563465524626
4.36843017578125,6.32447998046875,5.5309814453124995,1.4590604026845426,0.6615386702416975
2.30018798828125,6.32447998046875,5.5309814453124995,0.7798657718120716,0.5483308816987532
4.36843017578125,6.57813232421875,5.5309814453124995,1.4765100671140725,0.6702763826955956
4.36843017578125,6.32447998046875,2.4904052734375,1.1208053691275017,0.49705572666266284
2.30018798828125,6.57813232421875,2.4904052734375,0.5852348993288536,0.3928108587942847
3.11968017578125,0.08072998046874999,9.2434814453125,0.36510067114093814,0.013903880567603766
1.0514379882812501,0.08072998046874999,9.2434814453125,0.36375838926174353,0.013899126993739299
3.11968017578125,5.3293823242187495,9.2434814453125,1.0805369127516635,0.6274989628072596
3.11968017578125,0.08072998046874999,3.7279052734375,0.36375838926174353,0.013282948044548803
1.0514379882812501,5.3293823242187495,3.7279052734375,0.3959731543624141,0.3563097010341254
8.11468017578125,5.07572998046875,4.2934814453125,2.5436241610738746,0.6869806496464232
6.04643798828125,5.07572998046875,4.2934814453125,1.8201342281878918,0.6300627393771768
8.11468017578125,0.33438232421875,4.2934814453125,0.375838926174495,0.04651534178073983
8.11468017578125,5.07572998046875,8.6779052734375,2.8255033557047886,0.7687544959680026
6.04643798828125,0.33438232421875,8.6779052734375,0.3798657718120788,0.05317031876976944
5.61718017578125,2.5782299804687496,6.7684814453125,1.426845637583872,0.5147595061496572
3.5489379882812497,2.5782299804687496,6.7684814453125,0.8187919463087152,0.4048201304746711
5.61718017578125,2.83188232421875,6.7684814453125,1.4926174496644078,0.5413211563367537
5.61718017578125,2.5782299804687496,6.2029052734375,1.3879194630872285,0.49939339340487143
3.5489379882812497,2.83188232421875,6.2029052734375,0.8402684563758289,0.4187933318869207
0.6221801757812501,7.57322998046875,1.8184814453125002,0.3744966442953004,0.39898045124822923
8.54393798828125,7.57322998046875,1.8184814453125002,2.3476510067114296,0.6021306275073453
0.6221801757812501,7.82688232421875,1.8184814453125002,0.3744966442953004,0.402776619994134
0.6221801757812501,7.57322998046875,1.2529052734375001,0.37181208053691117,0.38445988113363216
8.54393798828125,7.82688232421875,1.2529052734375001,2.013422818791917,0.5130276748794727
0.46608642578125004,0.54901123046875,4.4481689453125,0.36375838926174353,0.08210044946343197
6.82690673828125,0.54901123046875,4.4481689453125,0.38523489932885724,0.06989203639142891
0.46608642578125004,0.80266357421875,4.4481689453125,0.36510067114093814,0.11414024466891462
0.46608642578125004,0.54901123046875,2.3357177734375,0.36375838926174353,0.07992033742791746
6.82690673828125,0.80266357421875,2.3357177734375,0.382550335570468,0.07713412338881454
5.46108642578125,5.54401123046875,9.3981689453125,1.9181208053690981,0.731049696765653
1.83190673828125,5.54401123046875,9.3981689453125,0.6859060402684491,0.5495010809005167
5.46108642578125,5.79766357421875,9.3981689453125,1.9369127516778226,0.7388627438732914
5.46108642578125,5.54401123046875,7.2857177734375,1.86040268456373,0.7071965011782528
1.83190673828125,5.79766357421875,7.2857177734375,0.6644295302013354,0.5298599171272725
7.95858642578125,3.04651123046875,1.9731689453125,1.351677852348974,0.3568544305628409
9.32440673828125,3.04651123046875,1.9731689453125,1.714093959731518,0.39745026607789524
7.95858642578125,8.29516357421875,1.9731689453125,2.3006711409396106,0.629542501611843
7.95858642578125,3.04651123046875,9.7607177734375,2.471140939597354,0.6790229367961166
9.32440673828125,8.29516357421875,9.7607177734375,3.5463087248324117,0.8570363523482529
2.9635864257812496,8.04151123046875,6.9231689453125,1.1140939597315287,0.6797225405195904
4.32940673828125,8.04151123046875,6.9231689453125,1.5973154362415871,0.7363428455095185
2.9635864257812496,3.30016357421875,6.9231689453125,0.7825503355704608,0.44590794022899827
2.9635864257812496,8.04151123046875,4.8107177734375,1.037583892617436,0.6281342813636859
4.32940673828125,3.30016357421875,4.8107177734375,1.0523489932885768,0.4619259681898639
4.21233642578125,4.29526123046875,8.1606689453125,1.3328859060402496,0.616529705780321
3.0806567382812498,4.29526123046875,8.1606689453125,0.9651006711409273,0.555636168080179
4.21233642578125,4.54891357421875,8.1606689453125,1.3597315436241417,0.630520940364351
4.21233642578125,4.29526123046875,1.0982177734375,0.46442953020133904,0.18663038273805002
3.0806567382812498,4.54891357421875,1.0982177734375,0.3986577181208033,0.1922075635528906
9.20733642578125,9.29026123046875,3.2106689453125004,3.1852348993290027,0.7733677536166326
8.07565673828125,9.29026123046875,3.2106689453125004,2.766442953020216,0.7540636275407584
9.20733642578125,9.54391357421875,3.2106689453125004,3.2026845637585355,0.7778061373866744
9.20733642578125,9.29026123046875,6.0482177734375,3.4469798657719943,0.8412469904176592
8.07565673828125,9.54391357421875,6.0482177734375,3.0281879194632078,0.8303208401682145
6.7098364257812495,1.79776123046875,5.6856689453125,1.362416107382531,0.41583254124514246
0.58315673828125,1.79776123046875,5.6856689453125,0.36778523489932735,0.21317196457990792
6.7098364257812495,7.04641357421875,5.6856689453125,2.358389261744988,0.7564081463688321
6.7098364257812495,1.79776123046875,8.5232177734375,1.5744966442952788,0.4873670846868987
0.58315673828125,7.04641357421875,8.5232177734375,0.40671140939597095,0.48454577250282793
1.71483642578125,6.79276123046875,0.7356689453125,0.3812080536912734,0.26071394614850246
5.57815673828125,6.79276123046875,0.7356689453125,0.7731543624160986,0.270095211747848
1.71483642578125,2.05141357421875,0.7356689453125,0.36778523489932735,0.16703369775672258
1.71483642578125,6.79276123046875,3.5732177734375004,0.54630872483221,0.43967337145149765
5.57815673828125,2.05141357421875,3.5732177734375004,0.8778523489932779,0.3007659549527818
2.33921142578125,3.6708862304687497,5.0669189453125,0.5865771812080482,0.3760511192945648
8.70003173828125,3.6708862304687497,5.0669189453125,2.5906040268456936,0.6562116214939911
2.33921142578125,5.17328857421875,5.0669189453125,0.7060402684563682,0.47912962874738907
2.33921142578125,3.6708862304687497,4.1919677734375,0.5382550335570424,0.3378796384994325
8.70003173828125,5.17328857421875,4.1919677734375,2.753020134228268,0.6997719050038753
7.33421142578125,8.66588623046875,0.11691894531250001,0.6711409395973085,0.1831121529434757
3.70503173828125,8.66588623046875,0.11691894531250001,0.3919463087248303,0.16837771051966116
7.33421142578125,0.17828857421875002,0.11691894531250001,0.36375838926174353,0.021736705528513672
7.33421142578125,8.66588623046875,9.1419677734375,2.7946308724833075,0.8348163282492502
3.70503173828125,0.17828857421875002,9.1419677734375,0.36778523489932735,0.02988741263204072
9.83171142578125,1.1733862304687501,7.5419189453125,1.9812080536912446,0.43801402303737236
6.20253173828125,1.1733862304687501,7.5419189453125,0.9744966442952896,0.302645013012113
9.83171142578125,2.6757885742187497,7.5419189453125,2.923489932886011,0.6649005255375404
9.83171142578125,1.1733862304687501,6.6669677734374995,1.8859060402684276,0.4152998989215702
6.20253173828125,2.6757885742187497,6.6669677734374995,1.6335570469798415,0.5463277529355663
4.83671142578125,6.16838623046875,2.5919189453125,1.269798657718103,0.5216335561560734
1.20753173828125,6.16838623046875,2.5919189453125,0.3959731543624141,0.34272692904698143
4.83671142578125,7.67078857421875,2.5919189453125,1.395973154362396,0.5786477847853586
4.83671142578125,6.16838623046875,1.7169677734375002,1.02416107382549,0.41357050699886944
1.20753173828125,7.67078857421875,1.7169677734375002,0.39060402684563567,0.342368946382543
3.5879614257812498,2.42213623046875,1.3544189453125002,0.38389261744966263,0.14836094744140246
2.4562817382812496,2.42213623046875,1.3544189453125002,0.375838926174495,0.17251713982231037
3.5879614257812498,8.91953857421875,1.3544189453125002,0.7892617449664339,0.4000434789182945
3.5879614257812498,2.42213623046875,2.9544677734375,0.4818791946308689,0.21050951152085431
2.4562817382812496,8.91953857421875,2.9544677734375,0.7771812080536824,0.525805981372993
8.58296142578125,7.41713623046875,6.3044189453124995,3.114093959731677,0.8077977345960781
7.45128173828125,7.41713623046875,6.3044189453124995,2.689932885906111,0.7897031448285958
8.58296142578125,3.92453857421875,6.3044189453124995,2.7167785234900075,0.6992564569785049
8.58296142578125,7.41713623046875,7.9044677734375,3.1731543624162493,0.8242516889249886
7.45128173828125,3.92453857421875,7.9044677734375,2.400000000000028,0.6996547017259359
6.08546142578125,4.9196362304687495,3.8294189453125003,1.751677852348967,0.6011688478032493
4.95378173828125,4.9196362304687495,3.8294189453125003,1.3798657718120608,0.5576256498262866
6.08546142578125,1.4270385742187501,3.8294189453125003,0.7194630872483143,0.21864885299222703
6.08546142578125,4.9196362304687495,5.4294677734375,1.9194630872482927,0.6631844719695483
4.95378173828125,1.4270385742187501,5.4294677734375,0.6859060402684491,0.2438555782613373
1.09046142578125,9.91463623046875,8.7794189453125,0.5718120805369076,0.619133757608238
9.94878173828125,9.91463623046875,8.7794189453125,3.8389261744968843,0.8756588760573323
1.09046142578125,6.42203857421875,8.7794189453125,0.5033557046979826,0.5097707866268695
1.09046142578125,9.91463623046875,0.4794677734375,0.375838926174495,0.3282847876872934
9.94878173828125,6.42203857421875,0.4794677734375,1.3234899328858873,0.2872730972266257
0.77827392578125,4.60744873046875,0.4262939453125,0.36778523489932735,0.28266696026786126
0.27096923828125,4.60744873046875,0.4262939453125,0.36510067114093814,0.33310120441067637
0.77827392578125,3.6123510742187497,0.4262939453125,0.36644295302013274,0.2545494334214101
0.77827392578125,4.60744873046875,7.5950927734375,0.3959731543624141,0.3851440518134288
0.27096923828125,3.6123510742187497,7.5950927734375,0.36912751677852196,0.3428462455928788
5.7732739257812495,9.60244873046875,5.3762939453125,2.1355704697986466,0.7802792072956164
5.26596923828125,9.60244873046875,5.3762939453125,1.9476510067113795,0.7678550230620442
5.7732739257812495,8.60735107421875,5.3762939453125,2.0899328859060224,0.7624429896620989
5.7732739257812495,9.60244873046875,2.6450927734375003,1.8483221476509786,0.6688787200600776
5.26596923828125,8.60735107421875,2.6450927734375003,1.6134228187919224,0.6277035402034079
8.27077392578125,2.1099487304687496,2.9012939453125,1.413422818791926,0.35958149055873634
2.76846923828125,2.1099487304687496,2.9012939453125,0.39060402684563567,0.1782487343515843
8.27077392578125,6.10985107421875,2.9012939453125,2.477852348993328,0.6564257443476043
8.27077392578125,2.1099487304687496,0.1700927734375,0.3785234899328842,0.07415717625716295
2.76846923828125,6.10985107421875,0.1700927734375,0.3785234899328842,0.18333794715039026
3.27577392578125,7.10494873046875,7.8512939453125,1.205369127516762,0.6834569426604653
7.76346923828125,7.10494873046875,7.8512939453125,2.8429530201343214,0.8062424768507217
3.27577392578125,1.11485107421875,7.8512939453125,0.40671140939597095,0.14928108243374547
3.27577392578125,7.10494873046875,5.1200927734374995,1.112751677852334,0.6256852313587912
7.76346923828125,1.11485107421875,5.1200927734374995,1.0496644295301876,0.27045943205446593
4.52452392578125,0.8611987304687501,6.6137939453125,0.40402684563758173,0.1147698814224691
9.01221923828125,0.8611987304687501,6.6137939453125,1.225503355704681,0.27922752222829994
4.52452392578125,2.36360107421875,6.6137939453125,1.0295302013422685,0.4309456654459455
4.52452392578125,0.8611987304687501,8.8325927734375,0.43087248322147387,0.12911927565761325
9.01221923828125,2.36360107421875,8.8325927734375,2.594630872483278,0.6362566323632166
9.51952392578125,5.8561987304687495,1.6637939453125001,2.322147651006728,0.5381017384106483
4.01721923828125,5.8561987304687495,1.6637939453125001,0.7744966442952932,0.35430855649117593
9.51952392578125,7.3586010742187495,1.6637939453125001,2.554362416107433,0.5947011598185861
9.51952392578125,5.8561987304687495,3.8825927734375,3.096644295302144,0.7276371834358346
4.01721923828125,7.3586010742187495,3.8825927734375,1.2885906040268276,0.6212966429182201
7.02202392578125,3.35869873046875,9.0887939453125,2.187919463087245,0.6695645689011047
6.51471923828125,3.35869873046875,9.0887939453125,2.0120805369127224,0.6554717385595068
7.02202392578125,9.85610107421875,9.0887939453125,2.722147651006787,0.845178929132982
7.02202392578125,3.35869873046875,1.4075927734375002,0.9234899328858945,0.26503661181909804
6.51471923828125,9.85610107421875,1.4075927734375002,1.6872483221476258,0.5456300350275625
2.0270239257812497,8.35369873046875,4.1387939453125,0.7167785234899251,0.5487980853994665
1.51971923828125,8.35369873046875,4.1387939453125,0.5731543624161022,0.508408147280304
2.0270239257812497,4.86110107421875,4.1387939453125,0.5583892617449615,0.3971055237944922
2.0270239257812497,8.35369873046875,6.3575927734375,0.7973154362416015,0.6202543437295758
1.51971923828125,4.86110107421875,6.3575927734375,0.5167785234899287,0.42990241940305934
1.40264892578125,1.48557373046875,9.7075439453125,0.382550335570468,0.19305823544959339
4.64159423828125,1.48557373046875,9.7075439453125,0.8778523489932779,0.34551798693228614
1.40264892578125,7.98297607421875,9.7075439453125,0.6389261744966379,0.6076163460512161
1.40264892578125,1.48557373046875,5.7388427734375,0.375838926174495,0.1813352529424951
4.64159423828125,7.98297607421875,5.7388427734375,1.6644295302013175,0.7245987709767117
6.39764892578125,6.48057373046875,4.7575439453124995,2.1355704697986466,0.7106250149765099
9.63659423828125,6.48057373046875,4.7575439453124995,3.32348993288607,0.7751000008304345
6.39764892578125,2.98797607421875,4.7575439453124995,1.608053691275144,0.5227199930598865
6.39764892578125,6.48057373046875,0.7888427734375,0.9369127516778406,0.2955641699241019
9.63659423828125,2.98797607421875,0.7888427734375,0.8026845637583799,0.1715773062795355
8.89514892578125,3.98307373046875,7.2325439453125,2.8966442953021145,0.7238550259050758
2.14409423828125,3.98307373046875,7.2325439453125,0.6402684563758325,0.4468200620740587
8.89514892578125,0.49047607421875,7.2325439453125,0.46577181208053364,0.08187392901499461
8.89514892578125,3.98307373046875,3.2638427734375,2.4093959731543917,0.5951257532167911
2.14409423828125,0.49047607421875,3.2638427734375,0.36644295302013274,0.07039365946343275
3.90014892578125,8.97807373046875,2.2825439453125003,1.1181208053691125,0.5471754785766829
7.13909423828125,8.97807373046875,2.2825439453125003,2.1906040268456346,0.6606925124418281
3.90014892578125,5.48547607421875,2.2825439453125003,0.867114093959721,0.41082395336101596
3.90014892578125,8.97807373046875,8.2138427734375,1.508724832214743,0.757125734609349
7.13909423828125,5.48547607421875,8.2138427734375,2.493959731543666,0.7585139739330895
2.65139892578125,2.7343237304687498,3.5200439453125,0.4416107382550307,0.23339969990848147
5.89034423828125,2.7343237304687498,3.5200439453125,1.1892617449664267,0.4050051867322739
2.65139892578125,6.73422607421875,3.5200439453125,0.7892617449664339,0.5018410810715964
2.65139892578125,2.7343237304687498,6.9763427734375,0.6241610738254972,0.36442721522018084
5.89034423828125,6.73422607421875,6.9763427734375,2.0953020134228018,0.7508539009375887
7.64639892578125,7.72932373046875,8.4700439453125,2.852348993288685,0.8206563643585909
0.89534423828125,7.72932373046875,8.4700439453125,0.4791946308724797,0.5339144822268127
7.64639892578125,1.73922607421875,8.4700439453125,1.8322147651006433,0.510035498317635
7.64639892578125,7.72932373046875,2.0263427734375,2.1610738255033484,0.6115193097920186
0.89534423828125,1.73922607421875,2.0263427734375,0.36644295302013274,0.18770846677321046
5.14889892578125,0.23682373046875002,1.0450439453125,0.36510067114093814,0.032197822609248083
8.38784423828125,0.23682373046875002,1.0450439453125,0.36644295302013274,0.029724623825229796
5.14889892578125,4.23672607421875,1.0450439453125,0.570469798657713,0.20266617433196019
5.14889892578125,0.23682373046875002,4.5013427734375,0.36778523489932735,0.03646118826993759
8.38784423828125,4.23672607421875,4.5013427734375,2.5275167785235366,0.6615587489185422
0.15389892578125,5.23182373046875,5.9950439453125,0.36644295302013274,0.411998759045752
3.39284423828125,5.23182373046875,5.9950439453125,1.0724832214764959,0.5813871683964342
0.15389892578125,9.23172607421875,5.9950439453125,0.37046979865771656,0.525598046557555
0.15389892578125,5.23182373046875,9.4513427734375,0.36912751677852196,0.42359857773310194
3.39284423828125,9.23172607421875,9.4513427734375,1.351677852348974,0.7546953867569
0.11487548828125,4.80256591796875,3.7134033203125,0.36510067114093814,0.38861713509702156
7.7244458007812495,4.80256591796875,3.7134033203125,2.273825503355714,0.6385050993875152
0.11487548828125,4.4318432617187495,3.7134033203125,0.36510067114093814,0.37326371777269785
0.11487548828125,4.80256591796875,0.5181396484375,0.36375838926174353,0.36046851660055185
7.7244458007812495,4.4318432617187495,0.5181396484375,0.6362416107382487,0.1630372433409521
5.10987548828125,9.79756591796875,8.6634033203125,1.9906040268456069,0.8077053432030417
2.72944580078125,9.79756591796875,8.6634033203125,1.1181208053691125,0.7296357399225698
5.10987548828125,9.42684326171875,8.6634033203125,1.9785234899328554,0.8024165608470035
5.10987548828125,9.79756591796875,5.4681396484375,1.9020134228187628,0.7689034857913415
2.72944580078125,9.42684326171875,5.4681396484375,1.037583892617436,0.6711277748895547
7.60737548828125,2.30506591796875,1.2384033203125002,0.5785234899328806,0.14497465064934736
5.22694580078125,2.30506591796875,1.2384033203125002,0.3959731543624141,0.12154670136250406
7.60737548828125,6.92934326171875,1.2384033203125002,1.62147651006709,0.45428951711706
7.60737548828125,2.30506591796875,7.9431396484375,2.0496644295301776,0.5791087582321328
5.22694580078125,6.92934326171875,7.9431396484375,1.8939597315435952,0.7500926515841477
2.6123754882812498,7.30006591796875,6.1884033203125,0.9449664429530082,0.623033968823673
0.23194580078125002,7.30006591796875,6.1884033203125,0.37181208053691117,0.4763713726982801
2.6123754882812498,1.9343432617187502,6.1884033203125,0.44429530201341993,0.2251105398932458
2.6123754882812498,7.30006591796875,2.9931396484375004,0.7570469798657633,0.48508339058107713
0.23194580078125002,1.9343432617187502,2.9931396484375004,0.36375838926174353,0.22043478950066298
3.86112548828125,1.05631591796875,9.9009033203125,0.4738255033557013,0.17272896852919364
1.48069580078125,1.05631591796875,9.9009033203125,0.3771812080536896,0.14873468893318997
3.86112548828125,0.68559326171875,9.9009033203125,0.3919463087248303,0.1034495782679677
3.86112548828125,1.05631591796875,1.7556396484375,0.3731543624161058,0.10337694740290643
1.48069580078125,0.68559326171875,1.7556396484375,0.36510067114093814,0.09050661572258362
8.85612548828125,6.05131591796875,4.9509033203124995,3.0080536912752853,0.7558740468435404
6.47569580078125,6.05131591796875,4.9509033203124995,2.1422818791946208,0.7051017194444275
8.85612548828125,5.68059326171875,4.9509033203124995,2.9664429530202456,0.7448379375391727
8.85612548828125,6.05131591796875,6.7056396484375,3.1261744966444303,0.7876493487552081
6.47569580078125,5.68059326171875,6.7056396484375,2.2147651006711415,0.730810011717621
6.35862548828125,3.55381591796875,7.4259033203125,1.928859060402655,0.640287565980926
3.9781958007812497,3.55381591796875,7.4259033203125,1.1395973154362262,0.5424957619117985
6.35862548828125,8.17809326171875,7.4259033203125,2.3651006711409623,0.7972928691620624
6.35862548828125,3.55381591796875,9.1806396484375,1.9959731543623853,0.6644641287608832
3.9781958007812497,8.17809326171875,9.1806396484375,1.5234899328858837,0.7522806683108991
1.36362548828125,8.54881591796875,2.4759033203125003,0.4536912751677822,0.4046892558919158
8.97319580078125,8.54881591796875,2.4759033203125003,2.8644295302014386,0.7086020352098306
1.36362548828125,3.1830932617187497,2.4759033203125003,0.3771812080536896,0.2513516528746151
1.36362548828125,8.54881591796875,4.2306396484375,0.5409395973154316,0.5057464292918312
8.97319580078125,3.1830932617187497,4.2306396484375,2.429530201342314,0.5953123427970964
1.98800048828125,1.6806909179687501,6.8071533203125,0.3919463087248303,0.19774822840508094
7.10007080078125,1.6806909179687501,6.8071533203125,1.5181208053691053,0.44452595796376493
1.98800048828125,8.80246826171875,6.8071533203125,0.8067114093959638,0.6381887250757056
1.98800048828125,1.6806909179687501,3.6118896484375003,0.3771812080536896,0.17641559091314157
7.10007080078125,8.80246826171875,3.6118896484375003,2.438926174496678,0.7438062423415954
6.98300048828125,6.67569091796875,1.8571533203125001,1.7570469798657453,0.5339030338430253
2.1050708007812498,6.67569091796875,1.8571533203125001,0.4724832214765067,0.32162023768924136
6.98300048828125,3.80746826171875,1.8571533203125001,1.2671140939597139,0.37551794617213374
6.98300048828125,6.67569091796875,8.5618896484375,2.540939597315485,0.7897412802062018
2.1050708007812498,3.80746826171875,8.5618896484375,0.6442953020134163,0.45460841740218044
9.48050048828125,4.17819091796875,9.2821533203125,3.2281879194632372,0.7645181161139845
9.59757080078125,4.17819091796875,9.2821533203125,3.2711409395974718,0.7662845622912746
9.48050048828125,1.30996826171875,9.2821533203125,2.1476510067114,0.4948562738868741
9.48050048828125,4.17819091796875,6.0868896484374995,3.0711409395974423,0.724753291981207
9.59757080078125,1.30996826171875,6.0868896484374995,1.8926174496644006,0.4267378460609156
4.48550048828125,9.17319091796875,4.3321533203125,1.583892617449641,0.7077575074355875
4.60257080078125,9.17319091796875,4.3321533203125,1.6255033557046739,0.7117384113846399
4.48550048828125,6.30496826171875,4.3321533203125,1.4147651006711206,0.6253661608961815
4.48550048828125,9.17319091796875,1.1368896484375002,0.9382550335570352,0.4031079500174899
4.60257080078125,6.30496826171875,1.1368896484375002,0.7530201342281795,0.307808236794631
3.23675048828125,2.92944091796875,0.6196533203125,0.375838926174495,0.14978956060792817
3.35382080078125,2.92944091796875,0.6196533203125,0.375838926174495,0.14703994883172974
3.23675048828125,5.05621826171875,0.6196533203125,0.38791946308724645,0.17688453153180253
3.23675048828125,2.92944091796875,4.8493896484375,0.6939597315436168,0.36000646661536273
3.35382080078125,5.05621826171875,4.8493896484375,0.9838926174496518,0.5326689641434643
8.23175048828125,7.92444091796875,5.5696533203125,2.9771812080538043,0.8009864440611294
8.34882080078125,7.92444091796875,5.5696533203125,3.0214765100672336,0.8028627017696186
8.23175048828125,0.06121826171875,5.5696533203125,0.36510067114093814,0.010232066256873564
8.23175048828125,7.92444091796875,9.7993896484375,3.111409395973287,0.8398094311490742
8.34882080078125,0.06121826171875,9.7993896484375,0.36644295302013274,0.010577547022554132
5.7342504882812495,0.43194091796875,3.0946533203125,0.37181208053691117,0.057113507845540104
0.8563208007812501,0.43194091796875,3.0946533203125,0.36375838926174353,0.06469819399735834
5.7342504882812495,2.55871826171875,3.0946533203125,1.0026845637583763,0.34320707298800646
5.7342504882812495,0.43194091796875,7.3243896484375,0.382550335570468,0.0651188689668066
0.8563208007812501,2.55871826171875,7.3243896484375,0.3785234899328842,0.2725947497736766
0.7392504882812501,5.42694091796875,8.0446533203125,0.40536912751677634,0.42504288675140905
5.85132080078125,5.42694091796875,8.0446533203125,2.014765100671112,0.7242262655229852
0.7392504882812501,7.55371826171875,8.0446533203125,0.4362416107382523,0.5058532486643099
0.7392504882812501,5.42694091796875,2.3743896484375,0.3744966442953004,0.35272120304413634
5.85132080078125,7.55371826171875,2.3743896484375,1.665771812080512,0.5913980154149601
1.0514379882812501,0.11975341796875,1.5477783203125002,0.36375838926174353,0.019047422909989647
4.29038330078125,0.11975341796875,1.5477783203125002,0.36375838926174353,0.018332346452600828
1.0514379882812501,2.2465307617187498,1.5477783203125002,0.36778523489932735,0.2094885749684427
1.0514379882812501,0.11975341796875,9.4900146484375,0.36375838926174353,0.020415787292180805
4.29038330078125,2.2465307617187498,9.4900146484375,1.0469798657717984,0.45869895565287766
6.04643798828125,5.11475341796875,6.4977783203124995,1.993288590603996,0.6948006786475219
9.28538330078125,5.11475341796875,6.4977783203124995,3.1704697986578596,0.7644914012477484
6.04643798828125,7.24153076171875,6.4977783203124995,2.1664429530201277,0.7599405998052147
6.04643798828125,5.11475341796875,4.5400146484374995,1.8523489932885624,0.6420375386196142
9.28538330078125,7.24153076171875,4.5400146484374995,3.2402684563759907,0.7816408951498472
8.54393798828125,2.6172534179687497,4.0227783203125,2.046979865771788,0.5192287264040117
1.7928833007812501,2.6172534179687497,4.0227783203125,0.39060402684563567,0.235124350694483
8.54393798828125,9.73903076171875,4.0227783203125,3.0778523489934164,0.8006592027750805
8.54393798828125,2.6172534179687497,2.0650146484375003,1.3771812080536716,0.3407256497758119
1.7928833007812501,9.73903076171875,2.0650146484375003,0.5369127516778478,0.4265484432944865
3.5489379882812497,7.61225341796875,8.9727783203125,1.3436241610738064,0.7216469100183728
6.78788330078125,7.61225341796875,8.9727783203125,2.5342281879195108,0.8083576014332385
3.5489379882812497,4.74403076171875,8.9727783203125,1.174496644295286,0.6193793768791934
3.5489379882812497,7.61225341796875,7.0150146484375,1.3033557046979682,0.697805143798453
6.78788330078125,4.74403076171875,7.0150146484375,2.2402684563758433,0.7085207289756561
4.7976879882812495,3.86600341796875,5.2602783203125,1.3288590604026658,0.5489278679504562
5.53913330078125,3.86600341796875,5.2602783203125,1.5691275167785004,0.5800407444449719
4.7976879882812495,3.49528076171875,5.2602783203125,1.2671140939597139,0.5204253584117562
4.7976879882812495,3.86600341796875,8.2525146484375,1.4791946308724617,0.61737093556175
5.53913330078125,3.49528076171875,8.2525146484375,1.672483221476485,0.6214271341841133
9.79268798828125,8.86100341796875,0.3102783203125,1.3637583892617255,0.30146038548022736
0.54413330078125,8.86100341796875,0.3102783203125,0.36778523489932735,0.37800046676536125
9.79268798828125,8.49028076171875,0.3102783203125,1.3221476510066927,0.2917379727365657
9.79268798828125,8.86100341796875,3.3025146484375,3.3892617449666167,0.7787388960920838
0.54413330078125,8.49028076171875,3.3025146484375,0.382550335570468,0.4543119451909369
7.29518798828125,1.36850341796875,7.7352783203125,1.437583892617429,0.40747673605461254
8.03663330078125,1.36850341796875,7.7352783203125,1.6536912751677606,0.43490095062666173
7.29518798828125,5.99278076171875,7.7352783203125,2.5812080536913298,0.7711239653242752
7.29518798828125,1.36850341796875,0.8275146484375,0.3798657718120788,0.07930585972161677
8.03663330078125,5.99278076171875,0.8275146484375,1.2550335570469624,0.3296028420428299
2.30018798828125,6.36350341796875,2.7852783203125,0.6067114093959673,0.40929786782675265
3.0416333007812497,6.36350341796875,2.7852783203125,0.7959731543624069,0.45597514440413955
2.30018798828125,0.9977807617187501,2.7852783203125,0.37046979865771656,0.11935303300402031
2.30018798828125,6.36350341796875,5.7775146484375,0.7906040268456285,0.5571529170922835
3.0416333007812497,0.9977807617187501,5.7775146484375,0.38389261744966263,0.12783945212243622
1.67581298828125,3.24162841796875,8.3540283203125,0.48724832214764735,0.3593475190952002
1.16850830078125,3.24162841796875,8.3540283203125,0.40671140939597095,0.3225032058751966
1.67581298828125,6.61715576171875,8.3540283203125,0.6684563758389193,0.5691580048469775
1.67581298828125,3.24162841796875,6.3962646484375,0.44966442953019836,0.3210186623142798
1.16850830078125,6.61715576171875,6.3962646484375,0.4979865771812042,0.48624675060921185
6.67081298828125,8.23662841796875,3.4040283203125004,2.2161073825503363,0.7114950569689502
6.16350830078125,8.23662841796875,3.4040283203125004,2.0335570469798396,0.69783352268013
6.67081298828125,1.62215576171875,3.4040283203125004,0.8791946308724725,0.2564991624309942
6.67081298828125,8.23662841796875,1.4462646484375001,1.6228187919462846,0.5122667244329694
6.16350830078125,1.62215576171875,1.4462646484375001,0.3919463087248303,0.10104470635149519
9.16831298828125,0.7441284179687501,5.8790283203125,0.9543624161073705,0.20611683847694703
3.66600830078125,0.7441284179687501,5.8790283203125,0.3812080536912734,0.10109558530869152
9.16831298828125,4.11965576171875,5.8790283203125,2.93154362416118,0.7121391304656408
9.16831298828125,0.7441284179687501,3.9212646484375004,0.577181208053686,0.11363219685260063
3.66600830078125,4.11965576171875,3.9212646484375004,0.9006711409395862,0.44711274476052715
4.17331298828125,5.73912841796875,0.9290283203125,0.5382550335570424,0.22693732594953597
8.66100830078125,5.73912841796875,0.9290283203125,1.4563758389261534,0.36022395636822474
4.17331298828125,9.11465576171875,0.9290283203125,0.7704697986577094,0.34480913396561114
4.17331298828125,5.73912841796875,8.8712646484375,1.4630872483221264,0.6898333803568761
8.66100830078125,9.11465576171875,8.8712646484375,3.3140939597317063,0.8555614964595002
2.92456298828125,1.99287841796875,4.6415283203125,0.4362416107382523,0.20593896392831879
9.90975830078125,1.99287841796875,4.6415283203125,2.2926174496644416,0.5093534067443869
2.92456298828125,7.86590576171875,4.6415283203125,1.0080536912751548,0.614509345280216
2.92456298828125,1.99287841796875,5.1587646484375,0.46442953020133904,0.2246696196274982
9.90975830078125,7.86590576171875,5.1587646484375,3.5771812080538927,0.8155906600226791
7.91956298828125,6.98787841796875,9.5915283203125,2.9355704697987646,0.8189042430721649
4.91475830078125,6.98787841796875,9.5915283203125,1.8174496644295026,0.7578699064462968
7.91956298828125,2.87090576171875,9.5915283203125,2.408053691275197,0.6635089218697863
7.91956298828125,6.98787841796875,0.2087646484375,0.7020134228187844,0.17929381651819612
4.91475830078125,2.87090576171875,0.2087646484375,0.375838926174495,0.11067452686324966
5.42206298828125,4.49037841796875,2.1665283203125,1.112751677852334,0.4083730249237751
7.41225830078125,4.49037841796875,2.1665283203125,1.6791946308724581,0.48101873702427245
5.42206298828125,0.37340576171875,2.1665283203125,0.36778523489932735,0.049183094355888274
5.42206298828125,4.49037841796875,2.6837646484375,1.2577181208053516,0.466114964560284
7.41225830078125,0.37340576171875,2.6837646484375,0.37181208053691117,0.04785734682384182
0.42706298828125,9.48537841796875,7.1165283203125,0.3959731543624141,0.5312390117123688
2.41725830078125,9.48537841796875,7.1165283203125,0.9758389261744842,0.6877891601766274
0.42706298828125,5.3684057617187495,7.1165283203125,0.3785234899328842,0.4160970145857193
0.42706298828125,9.48537841796875,7.6337646484375,0.3986577181208033,0.5371992987706984
2.41725830078125,5.3684057617187495,7.6337646484375,0.8255033557046882,0.5620006619376414
0.58315673828125,2.46115966796875,9.1274658203125,0.3744966442953004,0.2740929451539092
2.88553955078125,2.46115966796875,9.1274658203125,0.696644295302006,0.38983474253179007
0.58315673828125,3.33918701171875,9.1274658203125,0.3798657718120788,0.3313468245188794
0.58315673828125,2.46115966796875,9.0259521484375,0.3744966442953004,0.27394977629755024
2.88553955078125,3.33918701171875,9.0259521484375,0.8241610738254936,0.48374585042608886
5.57815673828125,7.45615966796875,4.1774658203124995,1.8644295302013139,0.6957056902717178
7.88053955078125,7.45615966796875,4.1774658203124995,2.6993288590604747,0.7519017339446832
5.57815673828125,8.33418701171875,4.1774658203124995,1.9194630872482927,0.717843281526846
5.57815673828125,7.45615966796875,4.0759521484375,1.8550335570469516,0.691920677017771
7.88053955078125,8.33418701171875,4.0759521484375,2.751677852349073,0.7673180158431306
8.07565673828125,4.95865966796875,6.6524658203125,2.7154362416108127,0.740078976282109
0.38803955078125,4.95865966796875,6.6524658203125,0.3744966442953004,0.3984534043899842
8.07565673828125,5.83668701171875,6.6524658203125,2.8120805369128403,0.7680300096430469
8.07565673828125,4.95865966796875,1.6009521484375002,1.6791946308724581,0.44539213038618375
0.38803955078125,5.83668701171875,1.6009521484375002,0.36778523489932735,0.3823858175030951
3.0806567382812498,9.95365966796875,1.7024658203125,0.8013422818791853,0.4597514489236916
5.38303955078125,9.95365966796875,1.7024658203125,1.4738255033556833,0.5598465334498706
3.0806567382812498,0.84168701171875,1.7024658203125,0.36912751677852196,0.09519905350746291
3.0806567382812498,9.95365966796875,6.5509521484375,1.2080536912751512,0.7219500778819202
5.38303955078125,0.84168701171875,6.5509521484375,0.4362416107382523,0.11779905948077224
4.32940673828125,3.7099096679687498,2.9399658203125,0.8818791946308617,0.38056768102615135
6.63178955078125,3.7099096679687498,2.9399658203125,1.5315436241610514,0.4812724193590541
4.32940673828125,2.0904370117187496,2.9399658203125,0.5221476510067071,0.2001871364918849
4.32940673828125,3.7099096679687498,7.7884521484375,1.287248322147633,0.5786889758749727
6.63178955078125,2.0904370117187496,7.7884521484375,1.6416107382550091,0.5161572077854327
9.32440673828125,8.70490966796875,7.8899658203125,3.5261744966444892,0.8517075050976917
1.63678955078125,8.70490966796875,7.8899658203125,0.7087248322147575,0.6261435279483349
9.32440673828125,7.08543701171875,7.8899658203125,3.4308724832216564,0.8276305434239477
9.32440673828125,8.70490966796875,2.8384521484375003,3.106040268456508,0.7441498984340094
1.63678955078125,7.08543701171875,2.8384521484375003,0.4926174496644258,0.39884592232540483
6.82690673828125,1.21240966796875,0.4649658203125,0.3731543624161058,0.07371333009959019
9.12928955078125,1.21240966796875,0.4649658203125,0.3771812080536896,0.06313739180884256
6.82690673828125,9.58293701171875,0.4649658203125,1.0335570469798523,0.3115750276029059
6.82690673828125,1.21240966796875,0.36345214843750007,0.37181208053691117,0.07209296913136257
9.12928955078125,9.58293701171875,0.36345214843750007,1.38255033557045,0.32629562405507995
1.83190673828125,6.20740966796875,5.4149658203125,0.6335570469798595,0.5021148158194229
4.13428955078125,6.20740966796875,5.4149658203125,1.3637583892617255,0.6441742336126091
1.83190673828125,4.58793701171875,5.4149658203125,0.5503355704697939,0.4143745643990384
1.83190673828125,6.20740966796875,5.3134521484374995,0.6308724832214703,0.49947161289210384
4.13428955078125,4.58793701171875,5.3134521484374995,1.2147651006711242,0.5658291901210388
2.4562817382812496,4.33428466796875,1.0837158203125001,0.38523489932885724,0.20645705876324658
2.26116455078125,4.33428466796875,1.0837158203125001,0.382550335570468,0.21335249658784067
2.4562817382812496,7.70981201171875,1.0837158203125001,0.44429530201341993,0.2705905124445252
2.4562817382812496,4.33428466796875,7.1697021484375,0.7543624161073741,0.49635574368548485
2.26116455078125,7.70981201171875,7.1697021484375,0.8711409395973049,0.6334628449924911
7.45128173828125,9.32928466796875,6.0337158203125,2.782550335570554,0.8184244511342711
7.25616455078125,9.32928466796875,6.0337158203125,2.7087248322148385,0.8152772690998529
7.45128173828125,2.7148120117187498,6.0337158203125,2.0040268456375534,0.576331095075794
7.45128173828125,9.32928466796875,2.2197021484375004,2.304697986577195,0.6702225476904784
7.25616455078125,2.7148120117187498,2.2197021484375004,1.167785234899313,0.3306363937121224
9.94878173828125,1.83678466796875,3.5587158203125,1.9261744966442658,0.4215758066052432
4.7586645507812495,1.83678466796875,3.5587158203125,0.6134228187919404,0.22427577432232007
9.94878173828125,0.21731201171875,3.5587158203125,0.37181208053691117,0.031235297450238807
9.94878173828125,1.83678466796875,4.6947021484375,2.212080536912752,0.4884033948074623
4.7586645507812495,0.21731201171875,4.6947021484375,0.36778523489932735,0.03410939526914066
4.95378173828125,6.8317846679687495,8.5087158203125,1.802684563758362,0.745884453630485
9.75366455078125,6.8317846679687495,8.5087158203125,3.5932885906042307,0.8326701709403318
4.95378173828125,5.21231201171875,8.5087158203125,1.6885906040268204,0.6944344124797409
4.95378173828125,6.8317846679687495,9.6447021484375,1.8241610738254757,0.7555660656216273
9.75366455078125,5.21231201171875,9.6447021484375,3.4765100671142806,0.8045489066105949
3.70503173828125,0.58803466796875,7.2712158203124995,0.3798657718120788,0.08667389715513905
8.50491455078125,0.58803466796875,7.2712158203124995,0.6550335570469732,0.13739344262668868
3.70503173828125,6.46106201171875,7.2712158203124995,1.3060402684563575,0.6740559001752606
3.70503173828125,0.58803466796875,5.9322021484375,0.3771812080536896,0.08425250047292829
8.50491455078125,6.46106201171875,5.9322021484375,2.9906040268457525,0.7806563845521559
8.70003173828125,5.58303466796875,2.3212158203125,2.3557046979865985,0.5937490970715587
3.5099145507812497,5.58303466796875,2.3212158203125,0.7838926174496554,0.39948190855799975
8.70003173828125,1.46606201171875,2.3212158203125,0.8362416107382451,0.19199739596603324
8.70003173828125,5.58303466796875,0.9822021484375,1.488590604026824,0.36702027709813584
3.5099145507812497,1.46606201171875,0.9822021484375,0.37181208053691117,0.1163990002678106
6.20253173828125,3.0855346679687496,9.7462158203125,1.8697986577180923,0.6331740388377275
6.00741455078125,3.0855346679687496,9.7462158203125,1.802684563758362,0.6264831394344932
6.20253173828125,3.96356201171875,9.7462158203125,2.021476510067086,0.6892133327866414
6.20253173828125,3.0855346679687496,3.4572021484375,1.3664429530201148,0.45093078995854147
6.00741455078125,3.96356201171875,3.4572021484375,1.508724832214743,0.5174746762825553
1.20753173828125,8.08053466796875,4.7962158203125,0.5087248322147611,0.49927232967834656
1.01241455078125,8.08053466796875,4.7962158203125,0.46308724832214443,0.4830884467154245
1.20753173828125,8.95856201171875,4.7962158203125,0.5275167785234856,0.5263909917179039
1.20753173828125,8.08053466796875,8.4072021484375,0.570469798657713,0.5770141414159263
1.01241455078125,8.95856201171875,8.4072021484375,0.5315436241610694,0.5834407275945904
0.89534423828125,2.77334716796875,5.7243408203124995,0.3785234899328842,0.27840977696428737
8.81710205078125,2.77334716796875,5.7243408203124995,2.453691275167821,0.611637471813786
0.89534423828125,1.15387451171875,5.7243408203124995,0.36778523489932735,0.15240150784514425
0.89534423828125,2.77334716796875,1.2915771484375,0.36778523489932735,0.2370271320300676
8.81710205078125,1.15387451171875,1.2915771484375,0.38791946308724645,0.07213146037119174
5.89034423828125,7.76834716796875,0.7743408203125,0.9516778523489813,0.3237908285130265
3.82210205078125,7.76834716796875,0.7743408203125,0.5610738255033507,0.2578589311426329
5.89034423828125,6.14887451171875,0.7743408203125,0.7906040268456285,0.26370249701196324
5.89034423828125,7.76834716796875,6.2415771484375,2.1302013422818673,0.7642254897483355
3.82210205078125,6.14887451171875,6.2415771484375,1.2926174496644114,0.6490355131258219
8.38784423828125,0.27584716796875003,8.1993408203125,0.382550335570468,0.043888802391835124
6.31960205078125,0.27584716796875003,8.1993408203125,0.3771812080536896,0.0444735979544182
8.38784423828125,8.64637451171875,8.1993408203125,3.174496644295444,0.8425888806401272
8.38784423828125,0.27584716796875003,8.7165771484375,0.38389261744966263,0.04436951826464124
6.31960205078125,8.64637451171875,8.7165771484375,2.4026845637584175,0.8154737940068301
3.39284423828125,5.27084716796875,3.2493408203125003,0.8697986577181103,0.4602705895739457
1.32460205078125,5.27084716796875,3.2493408203125003,0.40671140939597095,0.3353052141543804
3.39284423828125,3.6513745117187497,3.2493408203125003,0.689932885906033,0.34890586787694416
3.39284423828125,5.27084716796875,3.7665771484375004,0.9261744966442838,0.4938071902585145
1.32460205078125,3.6513745117187497,3.7665771484375004,0.38926174496644106,0.28903908910465503
4.64159423828125,1.52459716796875,2.0118408203125,0.38657718120805185,0.11844813616933868
0.07585205078125,1.52459716796875,2.0118408203125,0.36375838926174353,0.18636662503194742
4.64159423828125,4.90012451171875,2.0118408203125,0.9221476510066999,0.38016078048391594
4.64159423828125,1.52459716796875,2.5290771484375,0.3959731543624141,0.12524902848718122
0.07585205078125,4.90012451171875,2.5290771484375,0.36375838926174353,0.38779047152604507
9.63659423828125,6.51959716796875,6.9618408203125,3.472483221476696,0.8122821661454593
5.07085205078125,6.51959716796875,6.9618408203125,1.7825503355704428,0.7216617059672683
9.63659423828125,9.89512451171875,6.9618408203125,3.6738255033559204,0.8616467459582613
9.63659423828125,6.51959716796875,7.4790771484375,3.4926174496646185,0.81734472589311
5.07085205078125,9.89512451171875,7.4790771484375,1.9557046979865471,0.7978621422323453
7.13909423828125,4.02209716796875,4.4868408203125,2.0523489932885672,0.6155598080901376
2.5733520507812497,4.02209716796875,4.4868408203125,0.6442953020134163,0.3968201033175344
7.13909423828125,7.39762451171875,4.4868408203125,2.455033557047016,0.7453462839242446
7.13909423828125,4.02209716796875,9.9540771484375,2.369127516778547,0.7182120166085888
2.5733520507812497,7.39762451171875,9.9540771484375,1.0080536912751548,0.6779976172166076
2.14409423828125,9.01709716796875,9.4368408203125,0.9033557046979754,0.6884764015039369
7.56835205078125,9.01709716796875,9.4368408203125,2.9033557046980887,0.8442288309436685
2.14409423828125,2.40262451171875,9.4368408203125,0.5154362416107341,0.3228274809600279
2.14409423828125,9.01709716796875,5.0040771484375,0.8134228187919368,0.6109475718945054
7.56835205078125,2.40262451171875,5.0040771484375,1.8174496644295026,0.5111687351028991
1.51971923828125,0.90022216796875,3.8680908203125,0.36778523489932735,0.11905824491952004
5.6952270507812495,0.90022216796875,3.8680908203125,0.3973154362416087,0.09842148899388814
1.51971923828125,5.52449951171875,3.8680908203125,0.46845637583892286,0.38241837494514186
1.51971923828125,0.90022216796875,3.1478271484375,0.36778523489932735,0.11730474816741622
5.6952270507812495,5.52449951171875,3.1478271484375,1.5865771812080303,0.5740186919519845
6.51471923828125,5.8952221679687495,8.8180908203125,2.3167785234899485,0.7629189479382599
0.70022705078125,5.8952221679687495,8.8180908203125,0.41073825503355477,0.45016758328071765
6.51471923828125,0.52949951171875,8.8180908203125,0.40939597315436016,0.08172914946974622
6.51471923828125,5.8952221679687495,8.097827148437501,2.297986577181221,0.7562206583572594
0.70022705078125,0.52949951171875,8.097827148437501,0.36510067114093814,0.0816559067327053
9.01221923828125,3.39772216796875,1.3930908203125,1.3704697986576986,0.32408651999406746
8.192727050781249,3.39772216796875,1.3930908203125,1.1798657718120644,0.30120100836725416
9.01221923828125,3.02699951171875,1.3930908203125,1.2348993288590433,0.2896819779917213
9.01221923828125,3.39772216796875,5.6228271484375,2.6939597315436954,0.6617653459007106
8.192727050781249,3.02699951171875,5.6228271484375,2.3100671140939744,0.61448611850177
4.01721923828125,8.39272216796875,6.3430908203125,1.4832214765100455,0.724454000395437
3.19772705078125,8.39272216796875,6.3430908203125,1.1919463087248159,0.6894200569290403
4.01721923828125,8.02199951171875,6.3430908203125,1.4671140939597103,0.7157728988070703
4.01721923828125,8.39272216796875,0.6728271484375,0.583892617449659,0.2599721903745348
3.19772705078125,8.02199951171875,0.6728271484375,0.44966442953019836,0.22766877839017716
2.76846923828125,4.64647216796875,7.5805908203125,0.8832214765100563,0.5465575021331697
4.44647705078125,4.64647216796875,7.5805908203125,1.4308724832214559,0.6366741573025583
2.76846923828125,9.27074951171875,7.5805908203125,1.1006711409395826,0.7086795443724501
2.76846923828125,4.64647216796875,4.3853271484375,0.7463087248322064,0.45019237526587713
4.44647705078125,9.27074951171875,4.3853271484375,1.5785234899328626,0.7105213755282345
7.76346923828125,9.64147216796875,2.6305908203125004,2.555704697986628,0.7194796673084314
9.44147705078125,9.64147216796875,2.6305908203125004,3.16778523489947,0.7507266551880977
7.76346923828125,4.27574951171875,2.6305908203125004,1.9167785234899035,0.5302487238826263
7.76346923828125,9.64147216796875,9.3353271484375,3.0000000000001164,0.8534511535681941
9.44147705078125,4.27574951171875,9.3353271484375,3.230872483221627,0.7681765693291365
5.26596923828125,2.1489721679687497,5.1055908203125,1.0496644295301876,0.3864834805063904
1.94897705078125,2.1489721679687497,5.1055908203125,0.3946308724832195,0.219374881505395
5.26596923828125,1.77824951171875,5.1055908203125,0.9006711409395862,0.32309023582225543
5.26596923828125,2.1489721679687497,6.8603271484374995,1.1919463087248159,0.4453492007905825
1.94897705078125,1.77824951171875,6.8603271484374995,0.3946308724832195,0.20656107331200924
0.27096923828125,7.14397216796875,0.15559082031250002,0.36510067114093814,0.3891718377675624
6.94397705078125,7.14397216796875,0.15559082031250002,0.5409395973154316,0.15065098003404995
0.27096923828125,6.77324951171875,0.15559082031250002,0.36510067114093814,0.381535972252439
0.27096923828125,7.14397216796875,1.9103271484375002,0.36778523489932735,0.4339157273677374
6.94397705078125,6.77324951171875,1.9103271484375002,1.7798657718120536,0.543988712176681
0.19292236328125,1.13436279296875,5.6469970703125,0.36375838926174353,0.1532597524087287
0.77827392578125,1.13436279296875,5.6469970703125,0.36778523489932735,0.15139381610748504
0.19292236328125,8.41223388671875,5.6469970703125,0.37181208053691117,0.504711570729693
0.19292236328125,1.13436279296875,4.7720458984375,0.36375838926174353,0.15224445945230536
0.77827392578125,8.41223388671875,4.7720458984375,0.420134228187917,0.47544842919074237
5.18792236328125,6.12936279296875,0.6969970703125,0.6201342281879134,0.2241141662290223
5.7732739257812495,6.12936279296875,0.6969970703125,0.7154362416107305,0.2403062082424229
5.18792236328125,3.41723388671875,0.6969970703125,0.3959731543624141,0.1264192125815652
5.18792236328125,6.12936279296875,9.7220458984375,1.8684563758388977,0.7441187724872381
5.7732739257812495,3.41723388671875,9.7220458984375,1.785234899328832,0.6427515093592746
7.68542236328125,3.6318627929687497,8.1219970703125,2.4402684563758728,0.6919974501016319
3.27577392578125,3.6318627929687497,8.1219970703125,0.9543624161073705,0.5205159713563146
7.68542236328125,0.91973388671875,8.1219970703125,1.123489932885891,0.2926291026447624
7.68542236328125,3.6318627929687497,7.2470458984374995,2.398657718120833,0.6793078464414353
3.27577392578125,0.91973388671875,7.2470458984374995,0.38926174496644106,0.12473930027530615
2.69042236328125,8.62686279296875,3.1719970703125,0.8577181208053588,0.5483500887356549
8.27077392578125,8.62686279296875,3.1719970703125,2.7852348993289437,0.7427078829517509
2.69042236328125,5.91473388671875,3.1719970703125,0.7181208053691197,0.44384950214022034
2.69042236328125,8.62686279296875,2.2970458984375,0.7516778523489849,0.47294759084956906
8.27077392578125,5.91473388671875,2.2970458984375,2.2550335570469864,0.5944534497042838
3.93917236328125,4.8806127929687495,1.9344970703125002,0.7315436241610658,0.3358366874759785
9.51952392578125,4.8806127929687495,1.9344970703125002,2.296644295302026,0.5315483984267333
3.93917236328125,7.16348388671875,1.9344970703125002,0.9369127516778406,0.44627003719103575
3.93917236328125,4.8806127929687495,3.5345458984375,1.02416107382549,0.4885600641996964
9.51952392578125,7.16348388671875,3.5345458984375,3.1852348993290027,0.7494650682024471
8.93417236328125,9.87561279296875,6.8844970703124995,3.40134228187937,0.8536110614287896
4.52452392578125,9.87561279296875,6.8844970703124995,1.7382550335570208,0.7768860108149478
8.93417236328125,2.1684838867187497,6.8844970703124995,2.361073825503378,0.5797891219472151
8.93417236328125,9.87561279296875,8.4845458984375,3.441610738255215,0.8644835127755706
4.52452392578125,2.1684838867187497,8.4845458984375,1.0604026845637444,0.4446672634182224
6.43667236328125,2.38311279296875,4.4094970703125,1.3798657718120608,0.43941417263138666
7.02202392578125,2.38311279296875,4.4094970703125,1.553020134228165,0.46198604545520305
6.43667236328125,4.66598388671875,4.4094970703125,1.911409395973125,0.6273062118107018
6.43667236328125,2.38311279296875,6.0095458984375,1.5651006711409166,0.5038976426377914
7.02202392578125,4.66598388671875,6.0095458984375,2.259060402684571,0.6927244684321809
1.44167236328125,7.37811279296875,9.3594970703125,0.6322147651006649,0.5878373837393129
2.0270239257812497,7.37811279296875,9.3594970703125,0.8174496644295206,0.6364556177518933
1.44167236328125,9.66098388671875,9.3594970703125,0.6832214765100599,0.6522366347684517
1.44167236328125,7.37811279296875,1.0595458984375001,0.38389261744966263,0.2974429306697063
2.0270239257812497,9.66098388671875,1.0595458984375001,0.4389261744966415,0.3068106871819365
2.0660473632812497,3.00748779296875,5.0282470703125,0.4590604026845606,0.2904041162310234
3.90014892578125,3.00748779296875,5.0282470703125,0.8939597315436132,0.417913968096905
2.0660473632812497,2.79285888671875,5.0282470703125,0.4375838926174469,0.2685463462001346
2.0660473632812497,3.00748779296875,1.6782958984375,0.3785234899328842,0.20594357967597182
3.90014892578125,2.79285888671875,1.6782958984375,0.40671140939597095,0.16081185447513938
7.06104736328125,8.00248779296875,9.9782470703125,2.673825503355773,0.8252429400586048
8.89514892578125,8.00248779296875,9.9782470703125,3.370469798657889,0.8494616480072275
7.06104736328125,7.78785888671875,9.9782470703125,2.6630872483222143,0.82174256751645
7.06104736328125,8.00248779296875,6.6282958984375,2.5932885906040832,0.7984812403865243
8.89514892578125,7.78785888671875,6.6282958984375,3.269798657718277,0.8223576641022825
9.55854736328125,0.50998779296875,2.5532470703125,0.3812080536912734,0.054172699918214016
1.40264892578125,0.50998779296875,2.5532470703125,0.36510067114093814,0.07310213785313512
9.55854736328125,5.29035888671875,2.5532470703125,2.6845637583893316,0.6236202567709317
9.55854736328125,0.50998779296875,9.1032958984375,0.816107382550326,0.16119653842511816
1.40264892578125,5.29035888671875,9.1032958984375,0.5503355704697939,0.4920115269453353
4.56354736328125,5.50498779296875,7.5032470703125,1.546308724832192,0.6782139594460173
6.39764892578125,5.50498779296875,7.5032470703125,2.2013422818791932,0.7342811878243147
4.56354736328125,0.29535888671875,7.5032470703125,0.37181208053691117,0.04701796945054787
4.56354736328125,5.50498779296875,4.1532958984374995,1.3543624161073633,0.5870771310513823
6.39764892578125,0.29535888671875,4.1532958984374995,0.37181208053691117,0.04335287675277324
3.31479736328125,1.75873779296875,8.7407470703125,0.6281879194630811,0.3019088887377782
5.14889892578125,1.75873779296875,8.7407470703125,1.1033557046979718,0.4145727636708042
3.31479736328125,1.54410888671875,8.7407470703125,0.5583892617449615,0.2555859311466774
3.31479736328125,1.75873779296875,0.4407958984375,0.37046979865771656,0.11912335939571159
5.14889892578125,1.54410888671875,0.4407958984375,0.37181208053691117,0.0923799724307292
8.30979736328125,6.75373779296875,3.7907470703125004,2.743624161073904,0.7278766211377065
0.15389892578125,6.75373779296875,3.7907470703125004,0.36644295302013274,0.45210986918361806
8.30979736328125,6.53910888671875,3.7907470703125004,2.722147651006787,0.7218448120945999
8.30979736328125,6.75373779296875,5.3907958984375,2.908724832214868,0.774642964865072
0.15389892578125,6.53910888671875,5.3907958984375,0.36778523489932735,0.4550451532575176
5.81229736328125,4.25623779296875,6.2657470703125,1.7932885906039997,0.6422423464969583
7.64639892578125,4.25623779296875,6.2657470703125,2.437583892617483,0.6942611619518257
5.81229736328125,9.03660888671875,6.2657470703125,2.163758389261738,0.7866195233325233
5.81229736328125,4.25623779296875,7.8657958984375,1.867114093959703,0.67096861226982
7.64639892578125,9.03660888671875,7.8657958984375,2.902013422818894,0.8356443824181989
0.81729736328125,9.25123779296875,1.3157470703125,0.3785234899328842,0.38622097848657116
2.65139892578125,9.25123779296875,1.3157470703125,0.5852348993288536,0.35974694970662624
0.81729736328125,4.04160888671875,1.3157470703125,0.36912751677852196,0.2883219751739875
0.81729736328125,9.25123779296875,2.9157958984375,0.4013422818791925,0.43897439126399185
2.65139892578125,4.04160888671875,2.9157958984375,0.5342281879194586,0.30964724766081503
1.12948486328125,3.94405029296875,9.6688720703125,0.4348993288590577,0.3823756833139319
7.33421142578125,3.94405029296875,9.6688720703125,2.4201342281879503,0.71658465370921
1.12948486328125,6.22692138671875,9.6688720703125,0.5154362416107341,0.5154124515771443
1.12948486328125,3.94405029296875,5.0814208984375,0.3959731543624141,0.32571062597287614
7.33421142578125,6.22692138671875,5.0814208984375,2.479194630872523,0.7346851683997022
6.12448486328125,8.93905029296875,4.7188720703125,2.195973154362414,0.7618722693469437
2.33921142578125,8.93905029296875,4.7188720703125,0.8617449664429426,0.6122168897517781
6.12448486328125,1.23192138671875,4.7188720703125,0.7288590604026766,0.21871403394511707
6.12448486328125,8.93905029296875,0.13142089843750002,0.5557046979865723,0.17355931550199077
2.33921142578125,1.23192138671875,0.13142089843750002,0.36510067114093814,0.10582305792649535
8.62198486328125,1.44655029296875,7.1938720703125,1.846979865771784,0.4597058243398151
9.83171142578125,1.44655029296875,7.1938720703125,2.2214765100671157,0.49583029779302157
8.62198486328125,3.72942138671875,7.1938720703125,2.7489932885906834,0.7051982764334668
8.62198486328125,1.44655029296875,2.6064208984375004,0.9248322147650891,0.21633892738402927
9.83171142578125,3.72942138671875,2.6064208984375004,2.4281879194631193,0.5462464554382822
3.62698486328125,6.44155029296875,2.2438720703125004,0.8697986577181103,0.4386509740189411
4.83671142578125,6.44155029296875,2.2438720703125004,1.212080536912735,0.4964135792419345
3.62698486328125,8.72442138671875,2.2438720703125004,1.0134228187919332,0.5216925651247949
3.62698486328125,6.44155029296875,7.5564208984375,1.2859060402684384,0.6744702859571956
4.83671142578125,8.72442138671875,7.5564208984375,1.8281879194630595,0.7736516962053782
4.87573486328125,0.19780029296875,3.4813720703125,0.36644295302013274,0.030509548523659252
3.5879614257812498,0.19780029296875,3.4813720703125,0.36510067114093814,0.03085166437126636
4.87573486328125,9.97317138671875,3.4813720703125,1.6805369127516527,0.7016450726683907
4.87573486328125,0.19780029296875,6.3189208984375,0.36778523489932735,0.03188897642630812
3.5879614257812498,9.97317138671875,6.3189208984375,1.3838926174496446,0.7394388324402074
9.87073486328125,5.19280029296875,8.4313720703125,3.4832214765102547,0.7969357391356193
8.58296142578125,5.19280029296875,8.4313720703125,3.004026845637701,0.7781469769026697
9.87073486328125,4.97817138671875,8.4313720703125,3.457718120805553,0.7908097318117859
9.87073486328125,5.19280029296875,1.3689208984375,2.071140939597295,0.46154730051135306
8.58296142578125,4.97817138671875,1.3689208984375,1.665771812080512,0.41781195600242754
7.37323486328125,2.6953002929687497,1.0063720703125,0.5436241610738208,0.13960720424454767
1.09046142578125,2.6953002929687497,1.0063720703125,0.36778523489932735,0.21983239366046206
7.37323486328125,2.48067138671875,1.0063720703125,0.4765100671140905,0.11919982090806247
7.37323486328125,2.6953002929687497,3.8439208984375,1.6738255033556797,0.47967049351740887
1.09046142578125,2.48067138671875,3.8439208984375,0.3744966442953004,0.24360497677729953
2.37823486328125,7.69030029296875,5.9563720703125,0.8765100671140833,0.6147215522760733
6.08546142578125,7.69030029296875,5.9563720703125,2.1852348993288553,0.7624307555713195
2.37823486328125,7.47567138671875,5.9563720703125,0.8684563758389157,0.6079395970369343
2.37823486328125,7.69030029296875,8.7939208984375,0.9369127516778406,0.6629513575717879
6.08546142578125,7.47567138671875,8.7939208984375,2.2604026845637657,0.7908473996498053
1.75385986328125,2.0709252929687496,0.38762207031250007,0.36778523489932735,0.15911792921964218
7.95858642578125,2.0709252929687496,0.38762207031250007,0.382550335570468,0.07955189442560667
1.75385986328125,0.60754638671875,0.38762207031250007,0.36375838926174353,0.07366046554440325
1.75385986328125,2.0709252929687496,8.1751708984375,0.40536912751677634,0.24004556126625856
7.95858642578125,0.60754638671875,8.1751708984375,0.6697986577181139,0.1495787741738221
6.7488598632812495,7.06592529296875,5.3376220703124995,2.353020134228209,0.7505059027466277
2.9635864257812496,7.06592529296875,5.3376220703124995,1.0187919463087116,0.614356395642668
6.7488598632812495,5.60254638671875,5.3376220703124995,2.2255033557047,0.7071295030420466
6.7488598632812495,7.06592529296875,3.2251708984375003,2.1208053691275035,0.6717732649947012
2.9635864257812496,5.60254638671875,3.2251708984375003,0.7758389261744878,0.45008046044237887
9.24635986328125,4.56842529296875,2.8626220703125003,2.5436241610738746,0.6078133947401378
5.46108642578125,4.56842529296875,2.8626220703125003,1.3234899328858873,0.4894787921715148
9.24635986328125,8.10004638671875,2.8626220703125003,3.0322147651007922,0.7313548500153566
9.24635986328125,4.56842529296875,0.7501708984375,1.1583892617449507,0.26592828085875414
5.46108642578125,8.10004638671875,0.7501708984375,0.8738255033556941,0.31526561758958116
4.25135986328125,9.56342529296875,7.8126220703125,1.6483221476509822,0.7742989351315042
0.46608642578125004,9.56342529296875,7.8126220703125,0.40536912751677634,0.541686128892899
4.25135986328125,3.1050463867187497,7.8126220703125,1.167785234899313,0.5261569242481182
4.25135986328125,9.56342529296875,5.7001708984374995,1.5892617449664195,0.7441432451711381
0.46608642578125004,3.1050463867187497,5.7001708984374995,0.37046979865771656,0.30495208883384045
3.0026098632812497,3.31967529296875,6.5751220703125,0.7838926174496554,0.4424229714115843
1.71483642578125,3.31967529296875,6.5751220703125,0.46845637583892286,0.3368663505846367
3.0026098632812497,4.3537963867187495,6.5751220703125,0.897986577181197,0.522399276441629
3.0026098632812497,3.31967529296875,9.4126708984375,0.8644295302013318,0.49597097577004323
1.71483642578125,4.3537963867187495,9.4126708984375,0.5906040268456321,0.4703473928216431
7.99760986328125,8.314675292968749,1.6251220703125002,2.1436241610738156,0.5820593588536006
6.7098364257812495,8.314675292968749,1.6251220703125002,1.734228187919437,0.5464983967757444
7.99760986328125,9.34879638671875,1.6251220703125002,2.2402684563758433,0.6097209896224083
7.99760986328125,8.314675292968749,4.4626708984375,2.8335570469799576,0.7807334746751584
6.7098364257812495,9.34879638671875,4.4626708984375,2.413422818791976,0.7750009714718356
5.50010986328125,0.82217529296875,9.0501220703125,0.5664429530201291,0.16640921570698258
4.21233642578125,0.82217529296875,9.0501220703125,0.40939597315436016,0.1202683484357728
5.50010986328125,6.85129638671875,9.0501220703125,2.014765100671112,0.7660270412758488
5.50010986328125,0.82217529296875,1.9876708984375002,0.375838926174495,0.08194516173154533
4.21233642578125,6.85129638671875,1.9876708984375002,1.0013422818791817,0.4538191782002418
0.50510986328125,5.8171752929687495,4.1001220703125,0.375838926174495,0.4042964064177659
9.20733642578125,5.8171752929687495,4.1001220703125,3.010738255033675,0.7290923662370941
0.50510986328125,1.85629638671875,4.1001220703125,0.36644295302013274,0.21428425041065974
0.50510986328125,5.8171752929687495,6.9376708984375,0.38523489932885724,0.4307468627145973
9.20733642578125,1.85629638671875,6.9376708984375,2.2912751677852468,0.5456323442464974
0.34901611328125004,3.47576904296875,2.3985595703125,0.36644295302013274,0.30970858851050176
6.24155517578125,3.47576904296875,2.3985595703125,1.2040268456375673,0.3919056155832792
0.34901611328125004,9.50489013671875,2.3985595703125,0.37181208053691117,0.4770451822391282
0.34901611328125004,3.47576904296875,5.8548583984375,0.36912751677852196,0.32830537010773997
6.24155517578125,9.50489013671875,5.8548583984375,2.327516778523507,0.7969786519969712
5.34401611328125,8.47076904296875,7.3485595703125,1.9999999999999691,0.7798376839611295
1.24655517578125,8.47076904296875,7.3485595703125,0.577181208053686,0.5766385525714293
5.34401611328125,4.50989013671875,7.3485595703125,1.7167785234899071,0.6606665341457454
5.34401611328125,8.47076904296875,0.9048583984375,0.9744966442952896,0.36166038453363
1.24655517578125,4.50989013671875,0.9048583984375,0.37181208053691117,0.26163911821535546
7.84151611328125,0.9782690429687501,4.8735595703125,0.8697986577181103,0.215327302669214
8.73905517578125,0.9782690429687501,4.8735595703125,1.0697986577181067,0.24768816241529043
7.84151611328125,2.01239013671875,4.8735595703125,1.703355704697961,0.46090692163405966
7.84151611328125,0.9782690429687501,3.3798583984375004,0.5610738255033507,0.1281484138420731
8.73905517578125,2.01239013671875,3.3798583984375004,1.6416107382550091,0.40116409051187535
2.84651611328125,5.97326904296875,9.8235595703125,1.0362416107382415,0.6448231979233667
3.74405517578125,5.97326904296875,9.8235595703125,1.344966442953001,0.6898072257832533
2.84651611328125,7.00739013671875,9.8235595703125,1.0845637583892473,0.6801185823777185
2.84651611328125,5.97326904296875,8.3298583984375,1.0120805369127386,0.6278234226987467
3.74405517578125,7.00739013671875,8.3298583984375,1.3744966442952824,0.7071017665575868
4.09526611328125,2.2270190429687498,6.1110595703124995,0.8442953020134127,0.37208911071305556
4.99280517578125,2.2270190429687498,6.1110595703124995,1.0885906040268312,0.42160457189256434
4.09526611328125,5.75864013671875,6.1110595703124995,1.3530201342281687,0.6434144786306711
4.09526611328125,2.2270190429687498,7.0923583984375,0.897986577181197,0.39957719858686214
4.99280517578125,5.75864013671875,7.0923583984375,1.7046979865771557,0.6969078009017176
9.09026611328125,7.22201904296875,1.1610595703125002,2.0201342281878913,0.4861021780328034
9.98780517578125,7.22201904296875,1.1610595703125002,2.2845637583892726,0.5063399308656451
9.09026611328125,0.76364013671875,1.1610595703125002,0.3771812080536896,0.05905560672489803
9.09026611328125,7.22201904296875,2.1423583984375,2.6456375838926816,0.6440057968181895
9.98780517578125,0.76364013671875,2.1423583984375,0.3932885906040249,0.06347293258000092
6.59276611328125,4.72451904296875,8.5860595703125,2.226845637583895,0.7232477366630374
2.4953051757812497,4.72451904296875,8.5860595703125,0.8268456375838829,0.5479965374309606
6.59276611328125,3.26114013671875,8.5860595703125,2.0013422818791637,0.6445938703007532
6.59276611328125,4.72451904296875,4.6173583984375,1.99731543624158,0.6433620362875071
2.4953051757812497,3.26114013671875,4.6173583984375,0.5530201342281831,0.33148968293293923
1.59776611328125,9.71951904296875,3.6360595703125003,0.6053691275167727,0.5300460189624348
7.49030517578125,9.71951904296875,3.6360595703125003,2.6389261744967074,0.7695196318848094
1.59776611328125,8.25614013671875,3.6360595703125003,0.5677852348993238,0.4870559272287224
1.59776611328125,9.71951904296875,9.5673583984375,0.7369127516778442,0.6679923943191155
7.49030517578125,8.25614013671875,9.5673583984375,2.8416107382551266,0.8333173808602188
2.22214111328125,0.35389404296875,7.9673095703125,0.36778523489932735,0.05632571155473726
9.36343017578125,0.35389404296875,7.9673095703125,0.3999999999999979,0.054743425660368265
2.22214111328125,3.88551513671875,7.9673095703125,0.6697986577181139,0.4600399393527187
2.22214111328125,0.35389404296875,7.7111083984375,0.36778523489932735,0.05623354199278192
9.36343017578125,3.88551513671875,7.7111083984375,3.073825503355832,0.7343536329694612
7.21714111328125,5.34889404296875,3.0173095703125004,2.0402684563758138,0.6060774711319883
4.36843017578125,5.34889404296875,3.0173095703125004,1.1261744966442802,0.4984042086528683
7.21714111328125,8.88051513671875,3.0173095703125004,2.390604026845664,0.7172969740320464
7.21714111328125,5.34889404296875,2.7611083984375,1.973154362416077,0.5850259018546484
4.36843017578125,8.88051513671875,2.7611083984375,1.351677852348974,0.6104319203400375
9.71464111328125,2.85139404296875,5.4923095703125,2.7624161073826317,0.6329536560374647
6.86593017578125,2.85139404296875,5.4923095703125,1.802684563758362,0.5544524838506122
9.71464111328125,6.3830151367187495,5.4923095703125,3.4053691275169546,0.7893842010768719
9.71464111328125,2.85139404296875,0.2861083984375,0.3986577181208033,0.0760481127041217
6.86593017578125,6.3830151367187495,0.2861083984375,0.5812080536912698,0.16453556797304814
4.7196411132812495,7.8463940429687495,0.5423095703125,0.5932885906040213,0.23192200177194883
1.87093017578125,7.8463940429687495,0.5423095703125,0.382550335570468,0.25326283663091304
4.7196411132812495,1.38801513671875,0.5423095703125,0.37181208053691117,0.09432063867632015
4.7196411132812495,7.8463940429687495,5.2361083984375,1.6604026845637336,0.7121841382270295
1.87093017578125,1.38801513671875,5.2361083984375,0.3785234899328842,0.16711182907198494
3.4708911132812497,4.10014404296875,4.2548095703125,0.8751677852348887,0.45209077934831327
0.6221801757812501,4.10014404296875,4.2548095703125,0.3744966442953004,0.34009576425519517
3.4708911132812497,0.13926513671875002,4.2548095703125,0.36510067114093814,0.022581459292671625
3.4708911132812497,4.10014404296875,8.9486083984375,1.0885906040268312,0.5781257198987626
0.6221801757812501,0.13926513671875002,8.9486083984375,0.36375838926174353,0.023617600101463968
8.46589111328125,9.09514404296875,9.2048095703125,3.244295302013575,0.8547632548673016
5.61718017578125,9.09514404296875,9.2048095703125,2.165100671140933,0.8120490169297887
8.46589111328125,5.13426513671875,9.2048095703125,2.9758389261746094,0.7805678365514761
8.46589111328125,9.09514404296875,3.9986083984375003,3.00939597315448,0.7886624000461848
5.61718017578125,5.13426513671875,3.9986083984375003,1.645637583892593,0.6040262973567481
5.96839111328125,1.60264404296875,1.7798095703125,0.3986577181208033,0.10708325380279936
3.11968017578125,1.60264404296875,1.7798095703125,0.375838926174495,0.13735848676107443
5.96839111328125,7.63176513671875,1.7798095703125,1.512751677852327,0.5247526198255059
5.96839111328125,1.60264404296875,1.5236083984375002,0.39060402684563567,0.10278476957964534
3.11968017578125,7.63176513671875,1.5236083984375002,0.6604026845637516,0.36386094700332894
0.97339111328125,6.59764404296875,6.7298095703125,0.4563758389261714,0.4725348428431069
8.11468017578125,6.59764404296875,6.7298095703125,2.8979865771813094,0.78927728315542
0.97339111328125,2.6367651367187497,6.7298095703125,0.3812080536912734,0.2738799036808966
0.97339111328125,6.59764404296875,6.4736083984374995,0.4523489932885876,0.4668519003215001
8.11468017578125,2.6367651367187497,6.4736083984374995,2.2389261744966484,0.5996004951135193
0.66120361328125,1.29045654296875,2.7079345703125,0.36510067114093814,0.15919510103028123
2.18311767578125,1.29045654296875,2.7079345703125,0.37181208053691117,0.14181080573451404
0.66120361328125,7.3195776367187495,2.7079345703125,0.3798657718120788,0.4088033901818635
0.66120361328125,1.29045654296875,4.3079833984375,0.36644295302013274,0.16441023097658206
2.18311767578125,7.3195776367187495,4.3079833984375,0.734228187919455,0.5334178222334057
5.65620361328125,6.28545654296875,7.6579345703125,2.0013422818791637,0.741468770822596
7.17811767578125,6.28545654296875,7.6579345703125,2.5597315436242125,0.775816099274015
5.65620361328125,2.32457763671875,7.6579345703125,1.413422818791926,0.5057812971062169
5.65620361328125,6.28545654296875,9.2579833984375,2.0402684563758138,0.7571301484774705
7.17811767578125,2.32457763671875,9.2579833984375,1.9771812080536608,0.5878702102413168
8.15370361328125,3.78795654296875,0.2329345703125,0.4013422818791925,0.09036157762683492
4.68061767578125,3.78795654296875,0.2329345703125,0.3798657718120788,0.12353986025620729
8.15370361328125,4.82207763671875,0.2329345703125,0.48322147651006353,0.11443838155466711
8.15370361328125,3.78795654296875,6.7829833984375,2.5691275167785763,0.6915259991687115
4.68061767578125,4.82207763671875,6.7829833984375,1.4993288590603808,0.6409848757082661
3.15870361328125,8.78295654296875,5.1829345703125,1.1516778523489777,0.6705777691980004
9.67561767578125,8.78295654296875,5.1829345703125,3.550335570469996,0.8277158572032663
3.15870361328125,9.81707763671875,5.1829345703125,1.1865771812080375,0.6936458610269396
3.15870361328125,8.78295654296875,1.8329833984375001,0.7999999999999907,0.4488723380264663
9.67561767578125,9.81707763671875,1.8329833984375001,2.965100671141051,0.6845099241015278
4.40745361328125,2.53920654296875,8.8954345703125,1.1382550335570316,0.4941674398980821
8.42686767578125,2.53920654296875,8.8954345703125,2.4590604026846004,0.6400817202952432
4.40745361328125,8.56832763671875,8.8954345703125,1.6912751677852096,0.7715627177683011
4.40745361328125,2.53920654296875,3.0704833984375,0.6818791946308653,0.2756671525793723
8.42686767578125,8.56832763671875,3.0704833984375,2.8187919463088145,0.7390639566459183
9.40245361328125,7.53420654296875,3.9454345703125004,3.2402684563759907,0.7722023070491387
3.43186767578125,7.53420654296875,3.9454345703125004,1.1100671140939449,0.6014201954176512
9.40245361328125,3.5733276367187496,3.9454345703125004,2.634899328859123,0.6208425614712763
9.40245361328125,7.53420654296875,8.0204833984375,3.4939597315438133,0.8369999133559929
3.43186767578125,3.5733276367187496,8.0204833984375,0.9919463087248195,0.5238336977195361
6.90495361328125,0.04170654296875,6.4204345703125,0.36510067114093814,0.007128531976712652
5.92936767578125,0.04170654296875,6.4204345703125,0.36375838926174353,0.007091552203014847
6.90495361328125,1.07582763671875,6.4204345703125,0.9651006711409273,0.27192400624211244
6.90495361328125,0.04170654296875,5.5454833984375,0.36375838926174353,0.007032486983739051
5.92936767578125,1.07582763671875,5.5454833984375,0.6604026845637516,0.19727490782685586
1.90995361328125,5.03670654296875,1.4704345703125001,0.38791946308724645,0.2504938546685246
0.93436767578125,5.03670654296875,1.4704345703125001,0.3731543624161058,0.3103581026665213
1.90995361328125,6.07082763671875,1.4704345703125001,0.3986577181208033,0.26930026544987445
1.90995361328125,5.03670654296875,0.5954833984375,0.375838926174495,0.22374380182638937
0.93436767578125,6.07082763671875,0.5954833984375,0.37046979865771656,0.3042811169287143
1.2855786132812501,4.41233154296875,7.0391845703125,0.4563758389261714,0.39334280516925546
2.80749267578125,4.41233154296875,7.0391845703125,0.860402684563748,0.5239741412991528
1.2855786132812501,1.70020263671875,7.0391845703125,0.3785234899328842,0.20456550552173602
1.2855786132812501,4.41233154296875,2.4517333984375003,0.382550335570468,0.29198025340832157
2.80749267578125,1.70020263671875,2.4517333984375003,0.3798657718120788,0.154323609612385
6.28057861328125,9.40733154296875,2.0891845703125003,1.8657718120805085,0.6265658993966323
7.80249267578125,9.40733154296875,2.0891845703125003,2.3879194630872744,0.666810978679334
6.28057861328125,6.69520263671875,2.0891845703125003,1.632214765100647,0.5431297880976651
6.28057861328125,9.40733154296875,7.4017333984375,2.3892617449664693,0.815098115170602
7.80249267578125,6.69520263671875,7.4017333984375,2.81476510067123,0.7940104515790042
8.77807861328125,1.9148315429687501,9.5141845703125,2.3476510067114296,0.5860810927532443
0.30999267578125,1.9148315429687501,9.5141845703125,0.36778523489932735,0.2326709534499526
8.77807861328125,9.19270263671875,9.5141845703125,3.3744966442954736,0.8610592828828627
8.77807861328125,1.9148315429687501,9.8767333984375,2.3637583892617675,0.5904218153099577
0.30999267578125,9.19270263671875,9.8767333984375,0.38791946308724645,0.5414992399321106
3.78307861328125,6.90983154296875,4.5641845703124995,1.2389261744966271,0.6254943520406959
5.30499267578125,6.90983154296875,4.5641845703124995,1.7637583892617184,0.6853939039326151
3.78307861328125,4.19770263671875,4.5641845703124995,1.004026845637571,0.4924838062850011
3.78307861328125,6.90983154296875,4.9267333984374995,1.2617449664429354,0.6381439219199609
5.30499267578125,4.19770263671875,4.9267333984374995,1.515436241610716,0.5806057965522818
2.5343286132812497,0.66608154296875,0.8516845703125,0.36510067114093814,0.07821062312295923
6.55374267578125,0.66608154296875,0.8516845703125,0.37046979865771656,0.061050806595331686
2.5343286132812497,2.94895263671875,0.8516845703125,0.3744966442953004,0.17292509740390488
2.5343286132812497,0.66608154296875,1.2142333984375002,0.36644295302013274,0.08097130127700265
6.55374267578125,2.94895263671875,1.2142333984375002,0.6174496644295242,0.17905254085079353
7.52932861328125,5.66108154296875,5.8016845703125,2.5463087248322642,0.7377594524644513
1.5587426757812501,5.66108154296875,5.8016845703125,0.5489932885905993,0.46339027981628045
7.52932861328125,7.94395263671875,5.8016845703125,2.727516778523566,0.7935776944074906
7.52932861328125,5.66108154296875,6.1642333984375,2.5691275167785763,0.7448291582820419
1.5587426757812501,7.94395263671875,6.1642333984375,0.6348993288590541,0.564893743443475
5.03182861328125,3.1635815429687497,3.3266845703125,1.030872483221463,0.3976006675072734
9.05124267578125,3.1635815429687497,3.3266845703125,2.241610738255038,0.5422511917373565
5.03182861328125,5.44645263671875,3.3266845703125,1.393288590604007,0.5564657305405398
5.03182861328125,3.1635815429687497,8.6392333984375,1.457718120805348,0.5818649923161976
9.05124267578125,5.44645263671875,8.6392333984375,3.2120805369128993,0.794370665103228
0.03682861328125,8.15858154296875,8.2766845703125,0.36510067114093814,0.5130045569058072
4.05624267578125,8.15858154296875,8.2766845703125,1.5355704697986352,0.7462411448239921
0.03682861328125,0.45145263671875,8.2766845703125,0.36375838926174353,0.07138463609775043
0.03682861328125,8.15858154296875,3.6892333984375,0.36375838926174353,0.4967927253405452
4.05624267578125,0.45145263671875,3.6892333984375,0.37046979865771656,0.06342885806308289
0.04658447265625,0.63681396484375,3.1816650390625,0.36375838926174353,0.09353785156211296
2.62213134765625,0.63681396484375,3.1816650390625,0.36912751677852196,0.08577625156682764
0.04658447265625,1.4367944335937501,3.1816650390625,0.36375838926174353,0.18156671225448198
0.04658447265625,0.63681396484375,1.8233154296875,0.36375838926174353,0.09185981080237694
2.62213134765625,1.4367944335937501,1.8233154296875,0.37181208053691117,0.13713693135287114
5.0415844726562495,5.63181396484375,8.1316650390625,1.7436241610737993,0.7081099659689509
7.61713134765625,5.63181396484375,8.1316650390625,2.681879194630942,0.771547809406296
5.0415844726562495,6.43179443359375,8.1316650390625,1.8013422818791673,0.7336807680320805
5.0415844726562495,5.63181396484375,6.7733154296875,1.6993288590603772,0.6885321646710849
7.61713134765625,6.43179443359375,6.7733154296875,2.7006711409396695,0.7770859600397717
7.53908447265625,3.13431396484375,0.7066650390625,0.48859060402684196,0.1219607994685728
0.12463134765625,3.13431396484375,0.7066650390625,0.36375838926174353,0.2885225075479907
7.53908447265625,8.92929443359375,0.7066650390625,1.3744966442952824,0.38562942631469155
7.53908447265625,3.13431396484375,9.2483154296875,2.327516778523507,0.6698400434419778
0.12463134765625,8.92929443359375,9.2483154296875,0.37046979865771656,0.5318621432630801
2.54408447265625,8.12931396484375,5.6566650390625,0.9382550335570352,0.6317096429505182
5.11963134765625,8.12931396484375,5.6566650390625,1.8416107382550055,0.741262707742365
2.54408447265625,3.9342944335937498,5.6566650390625,0.689932885906033,0.43357689606393574
2.54408447265625,8.12931396484375,4.2983154296874995,0.8765100671140833,0.585273668597873
5.11963134765625,3.9342944335937498,4.2983154296874995,1.3503355704697795,0.5281527878293368
3.7928344726562497,4.38306396484375,9.3691650390625,1.2308724832214595,0.6170062034657315
6.36838134765625,4.38306396484375,9.3691650390625,2.126174496644283,0.7104670767600634
3.7928344726562497,2.68554443359375,9.3691650390625,0.9986577181207925,0.4833729393455473
3.7928344726562497,4.38306396484375,0.5858154296875,0.38791946308724645,0.15589639612239295
6.36838134765625,2.68554443359375,0.5858154296875,0.38926174496644106,0.10209814210312333
8.78783447265625,9.37806396484375,4.4191650390624995,3.189261744966587,0.8096126451864947
1.37338134765625,9.37806396484375,4.4191650390624995,0.5691275167785184,0.5387345515562918
8.78783447265625,7.68054443359375,4.4191650390624995,3.0778523489934164,0.7798930004911633
8.78783447265625,9.37806396484375,5.5358154296875,3.2657718120806924,0.8304373065808979
1.37338134765625,7.68054443359375,5.5358154296875,0.5610738255033507,0.5235926153916829
6.29033447265625,1.88556396484375,6.8941650390625,1.3906040268456177,0.4508553182853714
8.86588134765625,1.88556396484375,6.8941650390625,2.194630872483219,0.5398620520025751
6.29033447265625,5.18304443359375,6.8941650390625,2.1060402684563604,0.7110956591698443
6.29033447265625,1.88556396484375,8.0108154296875,1.4604026845637372,0.4758504945251688
8.86588134765625,5.18304443359375,8.0108154296875,3.0939597315437544,0.7785570246829698
1.2953344726562501,6.88056396484375,1.9441650390625,0.3932885906040249,0.33123394868681555
3.87088134765625,6.88056396484375,1.9441650390625,0.8993288590603916,0.4324848936352198
1.2953344726562501,0.18804443359375,1.9441650390625,0.36375838926174353,0.029382370452267312
1.2953344726562501,6.88056396484375,3.0608154296875,0.4348993288590577,0.38577925631506815
3.87088134765625,0.18804443359375,3.0608154296875,0.36510067114093814,0.029132707462560702
1.91970947265625,2.50993896484375,7.5129150390624995,0.44832214765100376,0.28462940235560263
1.99775634765625,2.50993896484375,7.5129150390624995,0.46308724832214443,0.2917295923873314
1.91970947265625,7.05616943359375,7.5129150390624995,0.7449664429530118,0.5925882336613818
1.91970947265625,2.50993896484375,4.9170654296875,0.4026845637583871,0.23977419071266767
1.99775634765625,7.05616943359375,4.9170654296875,0.6979865771812006,0.5342774093103686
6.91470947265625,7.50493896484375,2.5629150390625,2.071140939597295,0.6409050392317568
6.9927563476562495,7.50493896484375,2.5629150390625,2.0979865771811914,0.6430717634500136
6.91470947265625,2.06116943359375,2.5629150390625,0.9382550335570352,0.2697427793121138
6.91470947265625,7.50493896484375,9.8670654296875,2.5919463087248884,0.8140319289779796
6.9927563476562495,2.06116943359375,9.8670654296875,1.840268456375811,0.5569529681214773
9.41220947265625,0.01243896484375,9.9879150390625,0.36375838926174353,0.0021807097472959242
4.49525634765625,0.01243896484375,9.9879150390625,0.36375838926174353,0.0021859405093554163
9.41220947265625,4.55866943359375,9.9879150390625,3.277852348993446,0.782322045319601
9.41220947265625,0.01243896484375,7.3920654296874995,0.36375838926174353,0.0021552388762454177
4.49525634765625,4.55866943359375,7.3920654296874995,1.4322147651006505,0.6312391015745052
4.41720947265625,5.00743896484375,5.0379150390625,1.3328859060402496,0.5927544328896608
9.49025634765625,5.00743896484375,5.0379150390625,3.1181208053692613,0.7354375351263479
4.41720947265625,9.55366943359375,5.0379150390625,1.6187919463087008,0.7343958813706748
4.41720947265625,5.00743896484375,2.4420654296875,0.9879194630872357,0.4274782543029835
9.49025634765625,9.55366943359375,2.4420654296875,3.1234899328860406,0.736109587254506
3.16845947265625,1.26118896484375,1.3254150390625001,0.37046979865771656,0.11597222278113542
8.24150634765625,1.26118896484375,1.3254150390625001,0.39060402684563567,0.07796155740555431
3.16845947265625,8.30491943359375,1.3254150390625001,0.6536912751677786,0.3563081515812291
3.16845947265625,1.26118896484375,3.6795654296875,0.382550335570468,0.13634210020359655
8.24150634765625,8.30491943359375,3.6795654296875,2.8335570469799576,0.7589235847528784
8.16345947265625,6.25618896484375,6.2754150390625,2.8657718120806335,0.7755491674278825
3.2465063476562497,6.25618896484375,6.2754150390625,1.106040268456361,0.6250265673121478
8.16345947265625,3.30991943359375,6.2754150390625,2.4335570469798986,0.6518957753623138
8.16345947265625,6.25618896484375,8.6295654296875,2.9530201342282973,0.8009567321981385
3.2465063476562497,3.30991943359375,8.6295654296875,0.9181208053691161,0.5002298077262096
5.66595947265625,3.75868896484375,3.8004150390625,1.4214765100670936,0.510799287581662
5.74400634765625,3.75868896484375,3.8004150390625,1.4456375838925966,0.5139538397961666
5.66595947265625,0.81241943359375,3.8004150390625,0.38926174496644106,0.09146673627707935
5.66595947265625,3.75868896484375,6.1545654296875,1.6604026845637336,0.6042630118888304
5.74400634765625,0.81241943359375,6.1545654296875,0.4348993288590577,0.11156657464358558
0.67095947265625,8.75368896484375,8.7504150390625,0.4416107382550307,0.5442711428135216
0.7490063476562501,8.75368896484375,8.7504150390625,0.4604026845637552,0.5529054548024717
0.67095947265625,5.80741943359375,8.7504150390625,0.40536912751677634,0.4445034985821715
0.67095947265625,8.75368896484375,1.2045654296875001,0.3731543624161058,0.3935433835988625
0.7490063476562501,5.80741943359375,1.2045654296875001,0.37046979865771656,0.335802940122179
0.9831469726562501,4.070876464843749,2.2535400390625,0.3744966442953004,0.29612286012662287
9.17806884765625,4.070876464843749,2.2535400390625,2.1597315436241535,0.5152207742491866
0.9831469726562501,4.24648193359375,2.2535400390625,0.375838926174495,0.30229973769096524
0.9831469726562501,4.070876464843749,8.3201904296875,0.40939597315436016,0.3682014820896829
9.17806884765625,4.24648193359375,8.3201904296875,3.0939597315437544,0.7536583707458048
5.9781469726562495,9.06587646484375,7.2035400390625,2.257718120805376,0.8025322693433283
4.18306884765625,9.06587646484375,7.2035400390625,1.5932885906040033,0.7566538280720289
5.9781469726562495,9.24148193359375,7.2035400390625,2.26442953020135,0.8050966808089599
5.9781469726562495,9.06587646484375,3.3701904296875003,2.014765100671112,0.7103548557464475
4.18306884765625,9.24148193359375,3.3701904296875003,1.3919463087248123,0.653766379688062
8.47564697265625,1.57337646484375,4.7285400390625,1.5852348993288357,0.39620044339881644
6.68056884765625,1.57337646484375,4.7285400390625,1.099328859060388,0.32852622602809717
8.47564697265625,6.74398193359375,4.7285400390625,2.915436241610842,0.7620903802216232
8.47564697265625,1.57337646484375,0.8951904296875,0.38926174496644106,0.07768714384511115
6.68056884765625,6.74398193359375,0.8951904296875,1.1087248322147503,0.3411070431578043
3.48064697265625,6.56837646484375,9.6785400390625,1.2832214765100491,0.6964893901197091
1.68556884765625,6.56837646484375,9.6785400390625,0.6859060402684491,0.5846652921245097
3.48064697265625,1.74898193359375,9.6785400390625,0.6885906040268384,0.3266263630112008
3.48064697265625,6.56837646484375,5.8451904296874995,1.1865771812080375,0.6387108056025652
1.68556884765625,1.74898193359375,5.8451904296874995,0.382550335570468,0.19955450555053134
4.72939697265625,0.32462646484375,5.9660400390624995,0.37181208053691117,0.04999979902718035
0.43681884765625,0.32462646484375,5.9660400390624995,0.36375838926174353,0.05183535935118475
4.72939697265625,0.50023193359375,5.9660400390624995,0.3785234899328842,0.07239562308142711
4.72939697265625,0.32462646484375,9.5576904296875,0.375838926174495,0.052588997407401555
0.43681884765625,0.50023193359375,9.5576904296875,0.36510067114093814,0.07862577037441074
9.72439697265625,5.31962646484375,1.0160400390625,1.7248322147650748,0.386651787065315
5.43181884765625,5.31962646484375,1.0160400390625,0.7516778523489849,0.2664348289625643
9.72439697265625,5.49523193359375,1.0160400390625,1.7624161073825237,0.3955410491685924
9.72439697265625,5.31962646484375,4.6076904296875,3.200000000000146,0.738419307150571
5.43181884765625,5.49523193359375,4.6076904296875,1.689932885906015,0.6405085452086599
7.22689697265625,2.8221264648437496,8.4410400390625,2.1114093959731397,0.6272964660672204
2.93431884765625,2.8221264648437496,8.4410400390625,0.7530201342281795,0.426205580806122
7.22689697265625,7.99273193359375,8.4410400390625,2.7073825503356437,0.8183133814094065
7.22689697265625,2.8221264648437496,2.1326904296875,1.1637583892617291,0.3308171444556971
2.93431884765625,7.99273193359375,2.1326904296875,0.7610738255033471,0.4483120078199791
2.2318969726562496,7.81712646484375,3.4910400390625003,0.7167785234899251,0.5118982147970429
7.92931884765625,7.81712646484375,3.4910400390625003,2.6536912751678505,0.7341015859157055
2.2318969726562496,2.99773193359375,3.4910400390625003,0.4147651006711386,0.2401876040224861
2.2318969726562496,7.81712646484375,7.0826904296875,0.8630872483221372,0.6329895066647551
7.92931884765625,2.99773193359375,7.0826904296875,2.328859060402702,0.639201322657531
1.60752197265625,2.19775146484375,7.8222900390625,0.3999999999999979,0.2466761292783025
6.05619384765625,2.19775146484375,7.8222900390625,1.5033557046979646,0.5090249596009303
1.60752197265625,9.86585693359375,7.8222900390625,0.7234899328858981,0.6515297229852235
1.60752197265625,2.19775146484375,5.2264404296875,0.38657718120805185,0.22765825031527007
6.05619384765625,9.86585693359375,5.2264404296875,2.242953020134233,0.7873882899977825
6.60252197265625,7.19275146484375,2.8722900390625004,2.0107382550335275,0.6476852599976147
1.0611938476562501,7.19275146484375,2.8722900390625004,0.40402684563758173,0.3840566164366129
6.60252197265625,4.87085693359375,2.8722900390625004,1.7288590604026586,0.5509353926674255
6.60252197265625,7.19275146484375,0.27644042968750004,0.6161073825503296,0.18202836415290707
1.0611938476562501,4.87085693359375,0.27644042968750004,0.36778523489932735,0.258544414786102
9.10002197265625,4.69525146484375,5.3472900390625,2.9583892617450767,0.7240148812983497
8.55369384765625,4.69525146484375,5.3472900390625,2.761073825503437,0.7134518740377034
9.10002197265625,2.3733569335937497,5.3472900390625,2.3463087248322347,0.5659732484925957
9.10002197265625,4.69525146484375,2.7514404296875004,2.484563758389302,0.6019226352710664
8.55369384765625,2.3733569335937497,2.7514404296875004,1.5731543624160842,0.3916964784486243
4.10502197265625,9.69025146484375,0.39729003906250004,0.5248322147650963,0.2267412437217341
3.55869384765625,9.69025146484375,0.39729003906250004,0.4563758389261714,0.2151611530211223
4.10502197265625,7.36835693359375,0.39729003906250004,0.4228187919463062,0.1738780411067387
4.10502197265625,9.69025146484375,7.7014404296875,1.5973154362415871,0.7712226248207499
3.55869384765625,7.36835693359375,7.7014404296875,1.3127516778523305,0.7016197165490716
2.8562719726562498,3.4465014648437498,4.1097900390625,0.6228187919463026,0.3502990259119898
4.80744384765625,3.4465014648437498,4.1097900390625,1.1449664429530046,0.46469629337206225
2.8562719726562498,6.11960693359375,4.1097900390625,0.860402684563748,0.5217391455361273
2.8562719726562498,3.4465014648437498,6.4639404296875,0.7543624161073741,0.4399302291823768
4.80744384765625,6.11960693359375,6.4639404296875,1.6429530201342037,0.6923468832794939
7.85127197265625,8.44150146484375,9.0597900390625,2.978523489932999,0.8381988381614935
9.80244384765625,8.44150146484375,9.0597900390625,3.723489932886129,0.8602077904683173
7.85127197265625,1.12460693359375,9.0597900390625,1.4657718120805157,0.3883295405120532
7.85127197265625,8.44150146484375,1.5139404296875,2.045637583892593,0.5637408685625639
9.80244384765625,1.12460693359375,1.5139404296875,0.4013422818791925,0.070890911471066
5.35377197265625,0.94900146484375,1.6347900390625,0.375838926174495,0.08654618281027023
2.3099438476562497,0.94900146484375,1.6347900390625,0.36778523489932735,0.10835919225503592
5.35377197265625,3.62210693359375,1.6347900390625,0.7503355704697903,0.26634004367551384
5.35377197265625,0.94900146484375,3.9889404296875,0.3973154362416087,0.10382847956233283
2.3099438476562497,3.62210693359375,3.9889404296875,0.5140939597315395,0.32113470011385364
0.35877197265625,5.94400146484375,6.5847900390625,0.375838926174495,0.4343307096925123
7.30494384765625,5.94400146484375,6.5847900390625,2.5355704697987056,0.7555068465135745
0.35877197265625,8.61710693359375,6.5847900390625,0.38389261744966263,0.5079838851184039
0.35877197265625,5.94400146484375,8.9389404296875,0.3798657718120788,0.446684755915607
7.30494384765625,8.61710693359375,8.9389404296875,2.7771812080537748,0.8323771168484754
0.51486572265625,3.29040771484375,9.8332275390625,0.3771812080536896,0.3297093266759182
8.08541259765625,3.29040771484375,9.8332275390625,2.5744966442953556,0.6989401192968683
0.51486572265625,0.03195068359375,9.8332275390625,0.36375838926174353,0.005593610985909261
0.51486572265625,3.29040771484375,7.5467529296875,0.3744966442953004,0.32217847185595805
8.08541259765625,0.03195068359375,7.5467529296875,0.36510067114093814,0.005519347085813033
5.50986572265625,8.28540771484375,4.8832275390625,1.9476510067113795,0.7372495694343087
3.09041259765625,8.28540771484375,4.8832275390625,1.0939597315436096,0.6444821490203133
5.50986572265625,5.02695068359375,4.8832275390625,1.689932885906015,0.6322180235069048
5.50986572265625,8.28540771484375,2.5967529296875003,1.6644295302013175,0.6233900869571668
3.09041259765625,5.02695068359375,2.5967529296875003,0.6791946308724761,0.37300064361658486
8.00736572265625,0.79290771484375,7.3582275390625,0.9543624161073705,0.23270415153689308
5.58791259765625,0.79290771484375,7.3582275390625,0.4617449664429498,0.12332662713600816
8.00736572265625,7.52445068359375,7.3582275390625,2.946308724832323,0.8133399185304984
8.00736572265625,0.79290771484375,0.12175292968750001,0.36912751677852196,0.05296851040600544
5.58791259765625,7.52445068359375,0.12175292968750001,0.420134228187917,0.13493299403087733
3.01236572265625,5.78790771484375,2.4082275390625,0.6926174496644222,0.3910469553327913
0.59291259765625,5.78790771484375,2.4082275390625,0.3731543624161058,0.3755353956039697
3.01236572265625,2.52945068359375,2.4082275390625,0.3986577181208033,0.1825358638208701
3.01236572265625,5.78790771484375,5.0717529296874995,0.9476510067113975,0.5574509526004068
0.59291259765625,2.52945068359375,5.0717529296874995,0.37046979865771656,0.2652603361739996
4.26111572265625,2.04165771484375,3.6457275390625004,0.5986577181207997,0.23908316852900757
1.84166259765625,2.04165771484375,3.6457275390625004,0.3798657718120788,0.20027075695699514
4.26111572265625,3.77820068359375,3.6457275390625004,0.9852348993288464,0.4363972497765123
4.26111572265625,2.04165771484375,8.7842529296875,0.9583892617449543,0.4157114696566371
1.84166259765625,3.77820068359375,8.7842529296875,0.5758389261744914,0.4307894974351889
9.25611572265625,7.03665771484375,8.5957275390625,3.4214765100672926,0.8311048798023233
6.83666259765625,7.03665771484375,8.5957275390625,2.5114093959731987,0.7953320921458705
9.25611572265625,8.77320068359375,8.5957275390625,3.52080536912771,0.8563511235388399
9.25611572265625,7.03665771484375,3.8342529296875,3.1248322147652354,0.7543604801826975
6.83666259765625,8.77320068359375,3.8342529296875,2.367785234899352,0.7463860465719561
6.75861572265625,4.53915771484375,1.1707275390625,0.9919463087248195,0.297923262783904
4.33916259765625,4.53915771484375,1.1707275390625,0.5355704697986532,0.21668202175465676
6.75861572265625,6.27570068359375,1.1707275390625,1.2644295302013246,0.38804091587891165
6.75861572265625,4.53915771484375,1.3592529296875002,1.1073825503355557,0.33541471704636017
4.33916259765625,6.27570068359375,1.3592529296875002,0.7838926174496554,0.3378270612158096
1.76361572265625,9.53415771484375,6.1207275390625,0.7369127516778442,0.6255113410704325
9.33416259765625,9.53415771484375,6.1207275390625,3.5100671140941513,0.8464232885660734
1.76361572265625,1.28070068359375,6.1207275390625,0.3771812080536896,0.16156901171779806
1.76361572265625,9.53415771484375,6.3092529296875,0.7422818791946226,0.6306450851655218
9.33416259765625,1.28070068359375,6.3092529296875,1.8147651006711134,0.41849582286661907
2.38799072265625,0.16853271484375001,0.5519775390625,0.36375838926174353,0.024741323104028788
7.46103759765625,0.16853271484375001,0.5519775390625,0.36510067114093814,0.022153494848965134
2.38799072265625,5.6513256835937495,0.5519775390625,0.3812080536912734,0.20839452124470215
2.38799072265625,0.16853271484375001,5.6905029296875,0.36510067114093814,0.027652549530313018
7.46103759765625,5.6513256835937495,5.6905029296875,2.5127516778523935,0.733603128635149
7.38299072265625,5.1635327148437495,5.5019775390625,2.416107382550366,0.7104573683523927
2.46603759765625,5.1635327148437495,5.5019775390625,0.7610738255033471,0.5034388603985964
7.38299072265625,0.65632568359375,5.5019775390625,0.42684563758389005,0.08749074255517418
7.38299072265625,5.1635327148437495,0.7405029296875,0.9073825503355593,0.2509005194224677
2.46603759765625,0.65632568359375,0.7405029296875,0.36510067114093814,0.07699264579406356
9.88049072265625,2.66603271484375,3.0269775390625,2.209395973154362,0.4916986421221736
9.95853759765625,2.66603271484375,3.0269775390625,2.233557046979869,0.49372030807749984
9.88049072265625,3.15382568359375,3.0269775390625,2.4120805369127813,0.539660940728474
9.88049072265625,2.66603271484375,3.2155029296875,2.275167785234909,0.5071556376554109
9.95853759765625,3.15382568359375,3.2155029296875,2.50067114093964,0.5564177111282383
4.88549072265625,7.66103271484375,7.9769775390625,1.809395973154335,0.7582301950920486
4.9635375976562495,7.66103271484375,7.9769775390625,1.8375838926174217,0.760276630242087
4.88549072265625,8.14882568359375,7.9769775390625,1.8322147651006433,0.7685981178759788
4.88549072265625,7.66103271484375,8.1655029296875,1.8134228187919188,0.7600765774018693
4.9635375976562495,8.14882568359375,8.1655029296875,1.8644295302013139,0.7723225546153708
3.63674072265625,3.9147827148437497,6.7394775390624995,1.0536912751677714,0.5360036750588775
3.7147875976562497,3.9147827148437497,6.7394775390624995,1.0778523489932743,0.5403355675784647
3.63674072265625,9.39757568359375,6.7394775390624995,1.3946308724832015,0.7371934015105098
3.63674072265625,3.9147827148437497,6.9280029296875,1.0604026845637444,0.5398897385234008
3.7147875976562497,9.39757568359375,6.9280029296875,1.4281879194630667,0.7431913201406295
8.63174072265625,8.90978271484375,1.7894775390625002,2.50067114093964,0.6373735657045215
8.70978759765625,8.90978271484375,1.7894775390625002,2.5275167785235366,0.6391565910485008
8.63174072265625,4.40257568359375,1.7894775390625002,1.8308724832214487,0.45861650660763653
8.63174072265625,8.90978271484375,1.9780029296875001,2.5906040268456936,0.66133708493191
8.70978759765625,4.40257568359375,1.9780029296875001,1.959731543624131,0.48853025425219027
6.13424072265625,1.4172827148437501,9.2144775390625,1.225503355704681,0.39869503831047515
1.21728759765625,1.4172827148437501,9.2144775390625,0.3771812080536896,0.18501162426731527
6.13424072265625,1.9050756835937501,9.2144775390625,1.4778523489932671,0.49318638042339663
6.13424072265625,1.4172827148437501,4.4530029296875,0.8255033557046882,0.2546729889356424
1.21728759765625,1.9050756835937501,4.4530029296875,0.3744966442953004,0.2097363125315192
1.13924072265625,6.41228271484375,4.2644775390625,0.4375838926174469,0.4123475901991299
6.21228759765625,6.41228271484375,4.2644775390625,2.0174496644295017,0.6867672712779573
1.13924072265625,6.90007568359375,4.2644775390625,0.44966442953019836,0.4315907693513303
1.13924072265625,6.41228271484375,9.4030029296875,0.5208053691275125,0.5214777632422822
6.21228759765625,6.90007568359375,9.4030029296875,2.2872483221476623,0.7860194010524448
0.82705322265625,1.72947021484375,5.1926025390624995,0.37046979865771656,0.20465410055149721
4.0269750976562495,1.72947021484375,5.1926025390624995,0.6040268456375781,0.24875353994170551
0.82705322265625,2.8416381835937496,5.1926025390624995,0.375838926174495,0.28006269035899933
0.82705322265625,1.72947021484375,2.2873779296875,0.36644295302013274,0.19032496250208034
4.0269750976562495,2.8416381835937496,2.2873779296875,0.5302013422818748,0.2208257134096577
5.82205322265625,6.72447021484375,0.2426025390625,0.4604026845637552,0.14513597658795052
9.02197509765625,6.72447021484375,0.2426025390625,0.8711409395973049,0.20154419588800246
5.82205322265625,7.83663818359375,0.2426025390625,0.5409395973154316,0.17531669665079266
5.82205322265625,6.72447021484375,7.2373779296875,2.079194630872464,0.7525709462070489
9.02197509765625,7.83663818359375,7.2373779296875,3.3449664429531873,0.8311752358923706
8.31955322265625,4.22697021484375,7.6676025390625,2.750335570469878,0.7297410496991104
1.5294750976562501,4.22697021484375,7.6676025390625,0.5114093959731503,0.41674312792380286
8.31955322265625,5.33913818359375,7.6676025390625,2.8953020134229197,0.7705200477255068
8.31955322265625,4.22697021484375,9.7123779296875,2.821476510067204,0.7500342281880268
1.5294750976562501,5.33913818359375,9.7123779296875,0.5932885906040213,0.5147474803415364
3.3245532226562498,9.22197021484375,2.7176025390625003,1.02416107382549,0.5664398465173192
6.52447509765625,9.22197021484375,2.7176025390625003,2.1046979865771656,0.6875062779883985
3.3245532226562498,0.34413818359375004,2.7176025390625003,0.36644295302013274,0.049881190966646866
3.3245532226562498,9.22197021484375,4.7623779296875,1.2040268456375673,0.675904513048337
6.52447509765625,0.34413818359375004,4.7623779296875,0.3744966442953004,0.04988036200864607
4.57330322265625,2.9782202148437498,1.4801025390625002,0.44429530201341993,0.1620284167830666
5.27572509765625,2.9782202148437498,1.4801025390625002,0.5436241610738208,0.18480523678509117
4.57330322265625,1.59288818359375,1.4801025390625002,0.3812080536912734,0.11497395912475389
4.57330322265625,2.9782202148437498,1.0498779296875,0.3959731543624141,0.13762385410389857
5.27572509765625,1.59288818359375,1.0498779296875,0.3785234899328842,0.10184728442544609
9.56830322265625,7.97322021484375,6.4301025390625,3.528859060402879,0.831558760787555
0.28072509765625003,7.97322021484375,6.4301025390625,0.375838926174495,0.49311196873906427
9.56830322265625,6.5878881835937495,6.4301025390625,3.426845637584072,0.8063842835075381
9.56830322265625,7.97322021484375,5.9998779296875,3.5073825503357616,0.8261608466665723
0.28072509765625003,6.5878881835937495,5.9998779296875,0.3731543624161058,0.4542137170832582
7.07080322265625,0.48072021484375,3.9551025390625,0.3798657718120788,0.06174240943266042
7.77322509765625,0.48072021484375,3.9551025390625,0.382550335570468,0.06050462828200602
7.07080322265625,9.08538818359375,3.9551025390625,2.485906040268497,0.7619693034043932
7.07080322265625,0.48072021484375,8.4748779296875,0.40536912751677634,0.07387151711097663
7.77322509765625,9.08538818359375,8.4748779296875,2.9664429530202456,0.8423124083540867
2.07580322265625,5.47572021484375,8.9051025390625,0.7489932885905957,0.5600828970216255
2.7782250976562497,5.47572021484375,8.9051025390625,0.9718120805369004,0.6101729602636143
2.07580322265625,4.09038818359375,8.9051025390625,0.6644295302013354,0.4786380828176096
2.07580322265625,5.47572021484375,3.5248779296875004,0.5677852348993238,0.4021534645580169
2.7782250976562497,4.09038818359375,3.5248779296875004,0.6268456375838865,0.36380948017946674
1.45142822265625,4.85134521484375,4.5738525390625,0.4523489932885876,0.36921331606924224
0.90510009765625,4.85134521484375,4.5738525390625,0.39060402684563567,0.3604548215978364
1.45142822265625,8.46101318359375,4.5738525390625,0.5744966442952968,0.5245179575977745
1.45142822265625,4.85134521484375,4.1436279296875,0.4375838926174469,0.35265844478813785
0.90510009765625,8.46101318359375,4.1436279296875,0.4322147651006685,0.4649768547047783
6.44642822265625,9.84634521484375,9.5238525390625,2.508724832214809,0.8385105239922717
5.90010009765625,9.84634521484375,9.5238525390625,2.3020134228188054,0.829410938777557
6.44642822265625,3.4660131835937498,9.5238525390625,2.021476510067086,0.6652228543450338
6.44642822265625,9.84634521484375,9.0936279296875,2.5033557046980297,0.8365242660731493
5.90010009765625,3.4660131835937498,9.0936279296875,1.8187919463086972,0.6431597630544027
8.94392822265625,2.3538452148437496,2.0988525390625,1.3677852348993094,0.3239940796936287
3.40260009765625,2.3538452148437496,2.0988525390625,0.3946308724832195,0.16373936022189547
8.94392822265625,0.96851318359375,2.0988525390625,0.4026845637583871,0.07501692834578166
8.94392822265625,2.3538452148437496,6.6186279296874995,2.424161073825535,0.5957507911010911
3.40260009765625,0.96851318359375,6.6186279296874995,0.3919463087248303,0.12768576888158228
3.94892822265625,7.34884521484375,7.0488525390625,1.4322147651006505,0.7072890946533542
8.39760009765625,7.34884521484375,7.0488525390625,3.0711409395974423,0.8126876020654861
3.94892822265625,5.96351318359375,7.0488525390625,1.3530201342281687,0.6637603644858046
3.94892822265625,7.34884521484375,1.6686279296875002,0.8791946308724725,0.41556727902162915
8.39760009765625,5.96351318359375,1.6686279296875002,1.9959731543623853,0.5158293883433509
2.7001782226562496,1.10509521484375,8.2863525390625,0.3932885906040249,0.14941201714213798
9.64635009765625,1.10509521484375,8.2863525390625,1.9100671140939305,0.42852643065133345
2.7001782226562496,7.21226318359375,8.2863525390625,1.0201342281879062,0.6618899609064006
2.7001782226562496,1.10509521484375,2.9061279296875,0.3731543624161058,0.12482698125321538
9.64635009765625,7.21226318359375,2.9061279296875,3.1006711409397285,0.7193494328160137
7.69517822265625,6.1000952148437495,3.3363525390625,2.3731543624161313,0.6706438450758526
4.65135009765625,6.1000952148437495,3.3363525390625,1.3395973154362226,0.5712804803081847
7.69517822265625,2.21726318359375,3.3363525390625,1.4469798657717912,0.39386825163727746
7.69517822265625,6.1000952148437495,7.8561279296875,2.743624161073904,0.7828811271114664
4.65135009765625,2.21726318359375,7.8561279296875,1.085906040268442,0.44649209668181816
5.19767822265625,3.60259521484375,5.8113525390625,1.4550335570469588,0.5649161248724627
7.14885009765625,3.60259521484375,5.8113525390625,2.110067114093945,0.6332256533080312
5.19767822265625,4.71476318359375,5.8113525390625,1.614765100671117,0.6336820190905167
5.19767822265625,3.60259521484375,5.3811279296875,1.4228187919462882,0.5512864062120449
7.14885009765625,4.71476318359375,5.3811279296875,2.2630872483221554,0.6826349745953418
0.20267822265625002,8.59759521484375,0.8613525390625,0.36510067114093814,0.45297602497112355
2.15385009765625,8.59759521484375,0.8613525390625,0.40536912751677634,0.26320269942364766
0.20267822265625002,9.70976318359375,0.8613525390625,0.36644295302013274,0.4740769816845306
0.20267822265625002,8.59759521484375,0.4311279296875,0.36510067114093814,0.44122756461668683
2.15385009765625,9.70976318359375,0.4311279296875,0.38926174496644106,0.2459325930180285
0.28072509765625003,4.61720458984375,6.1980712890625,0.37046979865771656,0.38629326326526614
5.82205322265625,4.61720458984375,6.1980712890625,1.840268456375811,0.6595880698519699
0.28072509765625003,5.10499755859375,6.1980712890625,0.37046979865771656,0.40468422245650815
0.28072509765625003,4.61720458984375,3.7569091796875003,0.36778523489932735,0.37311159579978503
5.82205322265625,5.10499755859375,3.7569091796875003,1.6778523489932635,0.5973507442884725
5.27572509765625,9.61220458984375,1.2480712890625,1.2241610738254864,0.46767137591043345
0.82705322265625,9.61220458984375,1.2480712890625,0.3785234899328842,0.386609467026123
5.27572509765625,0.10999755859375,1.2480712890625,0.36375838926174353,0.01657106299996172
5.27572509765625,9.61220458984375,8.7069091796875,2.046979865771788,0.808927282882539
0.82705322265625,0.10999755859375,8.7069091796875,0.36375838926174353,0.01875972025811668
7.77322509765625,2.11970458984375,8.6730712890625,2.0697986577181,0.5735458112518379
8.31955322265625,2.11970458984375,8.6730712890625,2.251006711409402,0.5891867537619448
7.77322509765625,2.60749755859375,8.6730712890625,2.2456375838926226,0.62637305489877
7.77322509765625,2.11970458984375,6.2319091796874995,1.9006711409395682,0.5230641040346039
8.31955322265625,2.60749755859375,6.2319091796874995,2.2765100671141036,0.5962928014837745
2.7782250976562497,7.1147045898437495,3.7230712890625,0.8630872483221372,0.5367222819912749
3.3245532226562498,7.1147045898437495,3.7230712890625,1.0335570469798523,0.5699226265968469
2.7782250976562497,7.6024975585937495,3.7230712890625,0.8872483221476402,0.5543749496419029
2.7782250976562497,7.1147045898437495,1.2819091796875002,0.5100671140939557,0.29257772982045427
3.3245532226562498,7.6024975585937495,1.2819091796875002,0.6375838926174433,0.3328134040799385
4.0269750976562495,0.8709545898437501,2.4855712890625004,0.3744966442953004,0.09637152957414596
4.57330322265625,0.8709545898437501,2.4855712890625004,0.375838926174495,0.09289761629559846
4.0269750976562495,8.85124755859375,2.4855712890625004,1.1906040268456213,0.5701862960760613
4.0269750976562495,0.8709545898437501,4.9944091796875,0.38523489932885724,0.10868000546428164
4.57330322265625,8.85124755859375,4.9944091796875,1.6429530201342037,0.7239646910828538
9.02197509765625,5.86595458984375,7.4355712890625,3.2013422818793407,0.7937908329881035
9.56830322265625,5.86595458984375,7.4355712890625,3.4067114093961495,0.8016289414937978
9.02197509765625,3.8562475585937497,7.4355712890625,2.9302013422819853,0.7230385431995432
9.02197509765625,5.86595458984375,9.9444091796875,3.2738255033558614,0.813073598626646
9.56830322265625,3.8562475585937497,9.9444091796875,3.2255033557048476,0.7573275241215536
6.52447509765625,3.3684545898437497,4.9605712890625,1.7677852348993022,0.5691294450182474
2.07580322265625,3.3684545898437497,4.9605712890625,0.4939597315436204,0.32403110616163455
6.52447509765625,1.35874755859375,4.9605712890625,0.9476510067113975,0.28241713129695206
6.52447509765625,3.3684545898437497,7.4694091796875,1.953020134228158,0.6337648603483781
2.07580322265625,1.35874755859375,7.4694091796875,0.38791946308724645,0.1730190532944664
1.5294750976562501,8.36345458984375,9.9105712890625,0.6885906040268384,0.6313101921252692
7.07080322265625,8.36345458984375,9.9105712890625,2.6939597315436954,0.8307277546028402
1.5294750976562501,6.35374755859375,9.9105712890625,0.6335570469798595,0.5640872428057584
1.5294750976562501,8.36345458984375,2.5194091796875,0.48590604026845274,0.4127868795449134
7.07080322265625,6.35374755859375,2.5194091796875,1.9906040268456069,0.6019690369713859
2.15385009765625,1.49532958984375,4.3418212890625,0.3798657718120788,0.16733394773185603
8.94392822265625,1.49532958984375,4.3418212890625,1.5744966442952788,0.3741500259015636
2.15385009765625,0.7343725585937501,4.3418212890625,0.37046979865771656,0.10083116375487854
2.15385009765625,1.49532958984375,0.6631591796875,0.36778523489932735,0.132316507553005
8.94392822265625,0.7343725585937501,0.6631591796875,0.37181208053691117,0.05423910414854692
7.14885009765625,6.49032958984375,9.2918212890625,2.6067114093960315,0.794144202702807
3.94892822265625,6.49032958984375,9.2918212890625,1.437583892617429,0.7098482451778907
7.14885009765625,5.72937255859375,9.2918212890625,2.547651006711459,0.7750589427937753
7.14885009765625,6.49032958984375,5.6131591796875,2.4724832214765486,0.7502475739424765
3.94892822265625,5.72937255859375,5.6131591796875,1.276510067114076,0.6224973490838746
9.64635009765625,3.99282958984375,1.8668212890625002,2.0657718120805155,0.4695371942740418
6.44642822265625,3.99282958984375,1.8668212890625002,1.1758389261744806,0.3722019272611917
9.64635009765625,8.22687255859375,1.8668212890625002,2.8201342281880093,0.6513531165500019
9.64635009765625,3.99282958984375,8.0881591796875,3.213422818792094,0.7482688962971678
6.44642822265625,8.22687255859375,8.0881591796875,2.4174496644295607,0.8060040115849159
4.65135009765625,8.98782958984375,6.8168212890625,1.751677852348967,0.7645330363853513
1.45142822265625,8.98782958984375,6.8168212890625,0.6416107382550271,0.6010006611010686
4.65135009765625,3.23187255859375,6.8168212890625,1.273825503355687,0.5370215789355179
4.65135009765625,8.98782958984375,3.1381591796875004,1.5114093959731323,0.652174872094568
1.45142822265625,3.23187255859375,3.1381591796875004,0.38389261744966263,0.25989540701017
3.40260009765625,2.74407958984375,8.0543212890625,0.8590604026845534,0.44362438362546036
0.20267822265625002,2.74407958984375,8.0543212890625,0.36644295302013274,0.2924791174640403
3.40260009765625,4.48062255859375,8.0543212890625,1.0818791946308581,0.5843046583723178
3.40260009765625,2.74407958984375,1.9006591796875,0.3999999999999979,0.17161408028553632
0.20267822265625002,4.48062255859375,1.9006591796875,0.36510067114093814,0.3578774514733954
8.39760009765625,7.73907958984375,3.1043212890625003,2.7463087248322937,0.7214035910312359
5.19767822265625,7.73907958984375,3.1043212890625003,1.6161073825503116,0.6357004149794735
8.39760009765625,9.47562255859375,3.1043212890625003,2.877852348993387,0.7578729118747798
8.39760009765625,7.73907958984375,6.8506591796875,3.088590604026975,0.8175071770187394
5.19767822265625,9.47562255859375,6.8506591796875,1.973154362416077,0.7878731766873954
5.90010009765625,0.24657958984375,5.5793212890624995,0.37046979865771656,0.03838277266006443
2.7001782226562496,0.24657958984375,5.5793212890624995,0.36644295302013274,0.03943121524100797
5.90010009765625,6.97812255859375,5.5793212890624995,2.0523489932885672,0.7331416177158769
5.90010009765625,0.24657958984375,9.3256591796875,0.3744966442953004,0.04049984750201349
2.7001782226562496,6.97812255859375,9.3256591796875,1.0268456375838793,0.6665094357872668
0.90510009765625,5.24157958984375,0.6293212890625,0.36912751677852196,0.2926920643052544
7.69517822265625,5.24157958984375,0.6293212890625,0.8765100671140833,0.23305840835086322
0.90510009765625,1.98312255859375,0.6293212890625,0.36510067114093814,0.18573333402204098
0.90510009765625,5.24157958984375,4.3756591796875,0.3919463087248303,0.36979410654908185
7.69517822265625,1.98312255859375,4.3756591796875,1.5597315436241381,0.4263821297400261
1.21728759765625,0.55876708984375,8.9824462890625,0.36778523489932735,0.08604419952641079
2.38799072265625,0.55876708984375,8.9824462890625,0.3731543624161058,0.08562339166992282
1.21728759765625,7.91468505859375,8.9824462890625,0.5758389261744914,0.5804128476386985
1.21728759765625,0.55876708984375,6.5412841796875,0.36644295302013274,0.08419452749899022
2.38799072265625,7.91468505859375,6.5412841796875,0.90469798657717,0.6355576021447494
6.21228759765625,5.55376708984375,4.0324462890625,1.9020134228187628,0.6447090026365849
7.38299072265625,5.55376708984375,4.0324462890625,2.311409395973169,0.677631082361315
6.21228759765625,2.9196850585937497,4.0324462890625,1.4281879194630667,0.4719951097612328
6.21228759765625,5.55376708984375,1.5912841796875001,1.2617449664429354,0.416503438699928
7.38299072265625,2.9196850585937497,1.5912841796875001,0.9691275167785112,0.2664636434058868
8.70978759765625,3.05626708984375,6.5074462890625,2.5758389261745505,0.6517140124506844
4.88549072265625,3.05626708984375,6.5074462890625,1.2966442953019952,0.5245743404445584
8.70978759765625,0.42218505859375,6.5074462890625,0.3986577181208033,0.060724069309840645
8.70978759765625,3.05626708984375,4.0662841796875,2.2697986577181295,0.5695005142544134
4.88549072265625,0.42218505859375,4.0662841796875,0.37181208053691117,0.05948303994544488
3.7147875976562497,8.05126708984375,1.5574462890625,0.8335570469798559,0.41245350241114315
9.88049072265625,8.05126708984375,1.5574462890625,2.689932885906111,0.6062822422870837
3.7147875976562497,5.41718505859375,1.5574462890625,0.6375838926174433,0.30191244644426585
3.7147875976562497,8.05126708984375,9.0162841796875,1.4214765100670936,0.7390237272142389
9.88049072265625,5.41718505859375,9.0162841796875,3.5302013422820737,0.8075352409770853
4.9635375976562495,4.30501708984375,2.7949462890625,1.1221476510066963,0.44412623526212625
8.63174072265625,4.30501708984375,2.7949462890625,2.257718120805376,0.5715913214277395
4.9635375976562495,6.66593505859375,2.7949462890625,1.3986577181207853,0.5663705476314178
4.9635375976562495,4.30501708984375,5.3037841796875,1.4496644295301804,0.5866125800547224
8.63174072265625,6.66593505859375,5.3037841796875,3.0147651006712595,0.7762568951936496
9.95853759765625,9.30001708984375,7.7449462890625,3.79328859060426,0.8638543418190696
3.63674072265625,9.30001708984375,7.7449462890625,1.4147651006711206,0.7488109830774434
9.95853759765625,1.6709350585937501,7.7449462890625,2.485906040268497,0.5527175471631607
9.95853759765625,9.30001708984375,0.3537841796875,1.5140939597315215,0.3312835547630373
3.63674072265625,1.6709350585937501,0.3537841796875,0.36912751677852196,0.10983032536051839
7.46103759765625,1.80751708984375,0.3199462890625,0.3771812080536896,0.07806165477883478
6.13424072265625,1.80751708984375,0.3199462890625,0.3744966442953004,0.08713386860275367
7.46103759765625,4.16843505859375,0.3199462890625,0.4161073825503332,0.10293717250364298
7.46103759765625,1.80751708984375,2.8287841796875,1.0120805369127386,0.2733526899420324
6.13424072265625,4.16843505859375,2.8287841796875,1.4483221476509858,0.4864785187872878
2.46603759765625,6.80251708984375,5.2699462890625,0.8429530201342181,0.5708622515181943
1.13924072265625,6.80251708984375,5.2699462890625,0.4738255033557013,0.46234977526303456
2.46603759765625,9.16343505859375,5.2699462890625,0.9328859060402568,0.643848560557406
2.46603759765625,6.80251708984375,7.7787841796875,0.9154362416107269,0.627010655249701
1.13924072265625,9.16343505859375,7.7787841796875,0.5651006711409345,0.5930514206413106
1.84166259765625,3.68064208984375,0.9386962890625,0.3744966442953004,0.21473340765398022
3.01236572265625,3.68064208984375,0.9386962890625,0.38389261744966263,0.17548672102114574
1.84166259765625,3.54406005859375,0.9386962890625,0.3744966442953004,0.21215846381649683
1.84166259765625,3.68064208984375,9.6350341796875,0.5812080536912698,0.4349566630315632
3.01236572265625,3.54406005859375,9.6350341796875,0.897986577181197,0.5181788874850531
6.83666259765625,8.67564208984375,5.8886962890625,2.5140939597315883,0.7958313361745705
8.00736572265625,8.67564208984375,5.8886962890625,2.9530201342282973,0.8150019227262855
6.83666259765625,8.53906005859375,5.8886962890625,2.5060402684564194,0.7931617163639817
6.83666259765625,8.67564208984375,4.6850341796874995,2.4416107382550676,0.771287906960777
8.00736572265625,8.53906005859375,4.6850341796874995,2.869798657718218,0.7904640929042639
9.33416259765625,1.1831420898437501,3.4136962890625,1.1046979865771664,0.2436512267301266
0.51486572265625,1.1831420898437501,3.4136962890625,0.36510067114093814,0.1528698148695119
9.33416259765625,6.04156005859375,3.4136962890625,2.9664429530202456,0.7084256833828757
9.33416259765625,1.1831420898437501,2.2100341796875003,0.6322147651006649,0.12997930416355827
0.51486572265625,6.04156005859375,2.2100341796875003,0.37181208053691117,0.3862745383802785
4.33916259765625,6.17814208984375,8.3636962890625,1.539597315436219,0.7054924704995398
5.50986572265625,6.17814208984375,8.3636962890625,1.959731543624131,0.7422469510448669
4.33916259765625,1.04656005859375,8.3636962890625,0.5087248322147611,0.1767505193066205
4.33916259765625,6.17814208984375,7.1600341796875,1.5073825503355485,0.6893396314629257
5.50986572265625,1.04656005859375,7.1600341796875,0.6832214765100599,0.2173895729789282
3.09041259765625,2.4318920898437497,7.1261962890624995,0.6845637583892545,0.3625361280912007
6.75861572265625,2.4318920898437497,7.1261962890624995,1.7677852348993022,0.5503577803874701
3.09041259765625,2.29531005859375,7.1261962890624995,0.6563758389261678,0.34304599737179586
3.09041259765625,2.4318920898437497,8.3975341796875,0.7261744966442873,0.3893488679068772
6.75861572265625,2.29531005859375,8.3975341796875,1.7906040268456105,0.5579854344108076
8.08541259765625,7.42689208984375,2.1761962890625,2.3382550335570658,0.6309118561801492
1.76361572265625,7.42689208984375,2.1761962890625,0.4751677852348959,0.3651607417811727
8.08541259765625,7.29031005859375,2.1761962890625,2.3234899328859226,0.6267015159498829
8.08541259765625,7.42689208984375,3.4475341796875,2.6697986577181885,0.7254999370427379
1.76361572265625,7.29031005859375,3.4475341796875,0.5691275167785184,0.45590000293848953
5.58791259765625,4.92939208984375,9.6011962890625,1.9127516778523197,0.7138896128935406
9.25611572265625,4.92939208984375,9.6011962890625,3.2577181208055235,0.7895595284387557
5.58791259765625,9.78781005859375,9.6011962890625,2.1838926174496605,0.8234802630958648
5.58791259765625,4.92939208984375,0.9725341796875,0.7046979865771736,0.24170215931368322
9.25611572265625,9.78781005859375,0.9725341796875,2.187919463087245,0.5201083199589862
0.59291259765625,9.92439208984375,4.6511962890625,0.40402684563758173,0.5048079689761236
4.26111572265625,9.92439208984375,4.6511962890625,1.5557046979865543,0.7257324224209716
0.59291259765625,4.79281005859375,4.6511962890625,0.3771812080536896,0.37157687477077567
0.59291259765625,9.92439208984375,5.9225341796875,0.4174496644295278,0.5308975498732642
4.26111572265625,4.79281005859375,5.9225341796875,1.314093959731525,0.6015711575908568
0.43681884765625,1.96361083984375,1.7121337890625001,0.36510067114093814,0.21241484866855512
0.9831469726562501,1.96361083984375,1.7121337890625001,0.36778523489932735,0.19811942716185582
0.43681884765625,6.50984130859375,1.7121337890625001,0.36912751677852196,0.395891118696804
0.43681884765625,1.96361083984375,7.0053466796874995,0.36778523489932735,0.23128932301990524
0.9831469726562501,6.50984130859375,7.0053466796874995,0.4604026845637552,0.47535445451099645
5.43181884765625,6.95861083984375,6.6621337890625,1.9315436241610442,0.7401057009430447
5.9781469726562495,6.95861083984375,6.6621337890625,2.1302013422818673,0.7540723119129331
5.43181884765625,1.51484130859375,6.6621337890625,0.9476510067113975,0.331509932950627
5.43181884765625,6.95861083984375,2.0553466796875,1.3852348993288393,0.518636276421681
5.9781469726562495,1.51484130859375,2.0553466796875,0.40536912751677634,0.10917867702385728
7.92931884765625,4.46111083984375,4.1871337890625,2.3637583892617675,0.6493518218772434
3.48064697265625,4.46111083984375,4.1871337890625,0.9127516778523377,0.4740928791904843
7.92931884765625,4.01234130859375,4.1871337890625,2.2778523489932985,0.6242272193504476
7.92931884765625,4.46111083984375,4.5303466796875,2.4120805369127813,0.6634713026380196
3.48064697265625,4.01234130859375,4.5303466796875,0.8899328859060294,0.45943848915921204
2.93431884765625,9.45611083984375,9.1371337890625,1.187919463087232,0.7367536904306229
8.47564697265625,9.45611083984375,9.1371337890625,3.261744966443108,0.858644842542434
2.93431884765625,9.00734130859375,9.1371337890625,1.1758389261744806,0.7281596999975997
2.93431884765625,9.45611083984375,9.4803466796875,1.1932885906040105,0.7403451436726299
8.47564697265625,9.00734130859375,9.4803466796875,3.2496644295303545,0.8553401456313734
4.18306884765625,3.21236083984375,5.4246337890625,1.0429530201342145,0.4703092195090389
9.72439697265625,3.21236083984375,5.4246337890625,2.8724832214766076,0.6590717377713617
4.18306884765625,7.75859130859375,5.4246337890625,1.475167785234878,0.6955036282675309
4.18306884765625,3.21236083984375,5.7678466796875,1.0657718120805229,0.48185336369180903
9.72439697265625,7.75859130859375,5.7678466796875,3.5395973154364375,0.8213714137092427
9.17806884765625,8.20736083984375,0.4746337890625,1.4053691275167584,0.3299944688110468
4.72939697265625,8.20736083984375,0.4746337890625,0.5785234899328806,0.22520745242293813
9.17806884765625,2.76359130859375,0.4746337890625,0.4120805369127494,0.08379531608113948
9.17806884765625,8.20736083984375,0.8178466796875,1.8308724832214487,0.43513732462689486
4.72939697265625,2.76359130859375,0.8178466796875,0.38657718120805185,0.12624014491967306
6.68056884765625,0.71486083984375,7.8996337890625,0.5946308724832159,0.15036069324302268
7.22689697265625,0.71486083984375,7.8996337890625,0.703355704697979,0.1748749594348099
6.68056884765625,0.26609130859375,7.8996337890625,0.375838926174495,0.04251533871217177
6.68056884765625,0.71486083984375,3.2928466796875,0.38657718120805185,0.07827004946598248
7.22689697265625,0.26609130859375,3.2928466796875,0.37046979865771656,0.03810902116872479
1.68556884765625,5.70986083984375,2.9496337890625,0.457718120805366,0.3505238320363875
2.2318969726562496,5.70986083984375,2.9496337890625,0.570469798657713,0.38615092016721475
1.68556884765625,5.26109130859375,2.9496337890625,0.4389261744966415,0.32888648607764315
1.68556884765625,5.70986083984375,8.2428466796875,0.6348993288590541,0.5289562234392722
2.2318969726562496,5.26109130859375,8.2428466796875,0.7744966442952932,0.5525834407295238
2.3099438476562497,3.8367358398437497,8.5183837890625,0.7020134228187844,0.4735396525622888
4.10502197265625,3.8367358398437497,8.5183837890625,1.2536912751677678,0.5882387486392971
2.3099438476562497,2.13921630859375,8.5183837890625,0.49127516778523117,0.28401752399891467
2.3099438476562497,3.8367358398437497,8.8615966796875,0.7073825503355629,0.47802844221343543
4.10502197265625,2.13921630859375,8.8615966796875,0.9463087248322029,0.423076174600046
7.30494384765625,8.83173583984375,3.5683837890625,2.510067114094004,0.7469165032153313
9.10002197265625,8.83173583984375,3.5683837890625,3.1731543624162493,0.7789746254180285
7.30494384765625,7.13421630859375,3.5683837890625,2.382550335570495,0.7067325105837468
7.30494384765625,8.83173583984375,3.9115966796875004,2.5516778523490435,0.7601369188983251
9.10002197265625,7.13421630859375,3.9115966796875004,3.08724832214778,0.7569048320651222
9.80244384765625,1.33923583984375,6.0433837890625,1.9771812080536608,0.43858135492736894
1.60752197265625,1.33923583984375,6.0433837890625,0.375838926174495,0.1673187428767676
9.80244384765625,9.63171630859375,6.0433837890625,3.6899328859062583,0.85154900435702
9.80244384765625,1.33923583984375,1.4365966796875,0.4389261744966415,0.08165239961895805
1.60752197265625,9.63171630859375,1.4365966796875,0.42953020134227926,0.34522774270296136
4.80744384765625,6.33423583984375,1.0933837890625,0.7771812080536824,0.30751232179368604
6.60252197265625,6.33423583984375,1.0933837890625,1.1825503355704536,0.36892703100782626
4.80744384765625,4.6367163085937495,1.0933837890625,0.5919463087248267,0.22436658378792107
4.80744384765625,6.33423583984375,6.3865966796875,1.6550335570469552,0.6979400389037826
6.60252197265625,4.6367163085937495,6.3865966796875,2.1288590604026725,0.6880310851602749
3.55869384765625,0.09048583984375,4.8058837890624995,0.36510067114093814,0.015067106286491603
5.35377197265625,0.09048583984375,4.8058837890624995,0.36510067114093814,0.01492773512128467
3.55869384765625,3.3879663085937497,4.8058837890624995,0.8483221476509966,0.42524778865498714
3.55869384765625,0.09048583984375,7.6240966796875,0.36510067114093814,0.01537667553397061
5.35377197265625,3.3879663085937497,7.6240966796875,1.5677852348993058,0.5968099204868875
8.55369384765625,5.0854858398437495,9.7558837890625,3.017449664429649,0.7845170096445677
0.35877197265625,5.0854858398437495,9.7558837890625,0.3785234899328842,0.41833289572732313
8.55369384765625,8.38296630859375,9.7558837890625,3.2563758389263286,0.8499001252427292
8.55369384765625,5.0854858398437495,2.6740966796875,2.3503355704698192,0.6015937212602387
0.35877197265625,8.38296630859375,2.6740966796875,0.37181208053691117,0.4604437187157666
6.05619384765625,2.58798583984375,2.3308837890625003,0.8818791946308617,0.2842698980576586
7.85127197265625,2.58798583984375,2.3308837890625003,1.314093959731525,0.34964171777673536
6.05619384765625,5.88546630859375,2.3308837890625003,1.5476510067113867,0.529702506779503
6.05619384765625,2.58798583984375,0.1990966796875,0.3771812080536896,0.09519701552404318
7.85127197265625,5.88546630859375,0.1990966796875,0.5570469798657669,0.1395109198941305
1.0611938476562501,7.58298583984375,7.2808837890625,0.5060402684563718,0.528172216986828
2.8562719726562498,7.58298583984375,7.2808837890625,1.068456375838912,0.6675406173147049
1.0611938476562501,0.89046630859375,7.2808837890625,0.36912751677852196,0.12636657998064033
1.0611938476562501,7.58298583984375,5.1490966796875,0.47114093959731207,0.48047376119886587
2.8562719726562498,0.89046630859375,5.1490966796875,0.3771812080536896,0.11607415151650415
0.7490063476562501,2.9001733398437497,3.2590087890625004,0.37046979865771656,0.27139401902430704
6.91470947265625,2.9001733398437497,3.2590087890625004,1.475167785234878,0.44421227631281274
0.7490063476562501,9.31952880859375,3.2590087890625004,0.3999999999999979,0.4529640020523789
0.7490063476562501,2.9001733398437497,2.9834716796875003,0.37046979865771656,0.2696134017583292
6.91470947265625,9.31952880859375,2.9834716796875003,2.304697986577195,0.7177402022177859
5.74400634765625,7.89517333984375,8.2090087890625,2.1422818791946208,0.786806428005726
1.91970947265625,7.89517333984375,8.2090087890625,0.7825503355704608,0.6297548895125915
5.74400634765625,4.32452880859375,8.2090087890625,1.8644295302013139,0.6771302289051763
5.74400634765625,7.89517333984375,7.9334716796875,2.1369127516778414,0.7846239771668505
1.91970947265625,4.32452880859375,7.9334716796875,0.6201342281879134,0.4649146757617262
8.24150634765625,0.40267333984375003,0.7840087890625,0.36778523489932735,0.04163047189348252
9.41220947265625,0.40267333984375003,0.7840087890625,0.36912751677852196,0.0399036146009232
8.24150634765625,1.82702880859375,0.7840087890625,0.39060402684563567,0.08131299726629719
8.24150634765625,0.40267333984375003,5.4584716796874995,0.38657718120805185,0.056281758327840145
9.41220947265625,1.82702880859375,5.4584716796874995,2.1691275167785173,0.5038953995175599
3.2465063476562497,5.39767333984375,5.7340087890625,1.0268456375838793,0.5741080926731805
4.41720947265625,5.39767333984375,5.7340087890625,1.413422818791926,0.6323628558442929
3.2465063476562497,6.82202880859375,5.7340087890625,1.116778523489918,0.6324224333057402
3.2465063476562497,5.39767333984375,0.5084716796875001,0.38657718120805185,0.1758123856934043
4.41720947265625,6.82202880859375,0.5084716796875001,0.46979865771811746,0.18601530333329602
4.49525634765625,1.6514233398437501,9.4465087890625,0.9060402684563647,0.369791733861193
3.16845947265625,1.6514233398437501,9.4465087890625,0.5798657718120752,0.279477352114179
4.49525634765625,5.5732788085937495,9.4465087890625,1.5758389261744734,0.7015781946220432
4.49525634765625,1.6514233398437501,4.2209716796875,0.5758389261744914,0.21493448540508564
3.16845947265625,5.5732788085937495,4.2209716796875,0.9248322147650891,0.5209860979011083
9.49025634765625,6.64642333984375,4.4965087890625,3.2577181208055235,0.769982939900294
8.16345947265625,6.64642333984375,4.4965087890625,2.767785234899411,0.747145256457012
9.49025634765625,0.57827880859375,4.4965087890625,0.42953020134227926,0.07226846731656272
9.49025634765625,6.64642333984375,9.1709716796875,3.496644295302203,0.8305318577640771
8.16345947265625,0.57827880859375,9.1709716796875,0.7154362416107305,0.15827335912233934
6.9927563476562495,4.1489233398437495,6.9715087890625,2.2295302013422846,0.6857406856981814
0.67095947265625,4.1489233398437495,6.9715087890625,0.38389261744966263,0.36138931803992036
6.9927563476562495,3.07577880859375,6.9715087890625,2.0201342281878913,0.6166287803009454
6.9927563476562495,4.1489233398437495,6.6959716796875,2.2147651006711415,0.6808476197516399
0.67095947265625,3.07577880859375,6.6959716796875,0.375838926174495,0.3036534335141552
1.99775634765625,9.14392333984375,2.0215087890625,0.5597315436241561,0.41645099642542005
5.66595947265625,9.14392333984375,2.0215087890625,1.6228187919462846,0.5924229773442276
1.99775634765625,8.070778808593749,2.0215087890625,0.526174496644291,0.3842729259949127
1.99775634765625,9.14392333984375,1.7459716796875002,0.5248322147650963,0.38541534526121884
5.66595947265625,8.070778808593749,1.7459716796875002,1.444295302013402,0.5232289750959405
1.37338134765625,1.02704833984375,6.3527587890624995,0.37181208053691117,0.13941707907759163
7.53908447265625,1.02704833984375,6.3527587890624995,1.0590604026845498,0.2794674702398115
1.37338134765625,4.94890380859375,6.3527587890624995,0.48724832214764735,0.421561039651669
1.37338134765625,1.02704833984375,1.1272216796875,0.36510067114093814,0.11930917862555382
7.53908447265625,4.94890380859375,1.1272216796875,1.2147651006711242,0.33645715911960167
6.36838134765625,6.02204833984375,1.4027587890625002,1.269798657718103,0.41066907528095103
2.54408447265625,6.02204833984375,1.4027587890625002,0.44295302013422533,0.25938825272602106
6.36838134765625,9.94390380859375,1.4027587890625002,1.645637583892593,0.542396058919153
6.36838134765625,6.02204833984375,6.0772216796875,2.1758389261744915,0.728068471202185
2.54408447265625,9.94390380859375,6.0772216796875,1.0067114093959602,0.6855584177579146
8.86588134765625,3.52454833984375,8.8277587890625,2.869798657718218,0.7192358484891201
5.0415844726562495,3.52454833984375,8.8277587890625,1.5288590604026622,0.6125207139241341
8.86588134765625,7.44640380859375,8.8277587890625,3.3060402684565373,0.8348871096108496
8.86588134765625,3.52454833984375,8.5522216796875,2.8590604026846593,0.7163444443849474
5.0415844726562495,7.44640380859375,8.5522216796875,1.8684563758388977,0.7634295667079072
3.87088134765625,8.51954833984375,3.8777587890625003,1.3020134228187736,0.6488747306026903
0.04658447265625,8.51954833984375,3.8777587890625003,0.36375838926174353,0.5047135304286251
3.87088134765625,2.4514038085937497,3.8777587890625003,0.6577181208053624,0.2917717515911481
3.87088134765625,8.51954833984375,3.6022216796875,1.276510067114076,0.6350875168051465
0.04658447265625,2.4514038085937497,3.6022216796875,0.36375838926174353,0.26538672548207387
2.62213134765625,4.77329833984375,0.16525878906250002,0.3744966442953004,0.1762153450126666
1.2953344726562501,4.77329833984375,0.16525878906250002,0.36912751677852196,0.23642192290914343
2.62213134765625,1.20265380859375,0.16525878906250002,0.36644295302013274,0.10207152352935156
2.62213134765625,4.77329833984375,2.3647216796875004,0.5248322147650963,0.3088473382857522
1.2953344726562501,1.20265380859375,2.3647216796875004,0.36778523489932735,0.14356151167168466
7.61713134765625,9.76829833984375,5.1152587890625,2.8174496644296196,0.8123168933570837
6.29033447265625,9.76829833984375,5.1152587890625,2.320805369127533,0.7887803602587717
7.61713134765625,6.19765380859375,5.1152587890625,2.5825503355705246,0.7407551084196806
7.61713134765625,9.76829833984375,7.3147216796875,2.907382550335673,0.8401554852923361
6.29033447265625,6.19765380859375,7.3147216796875,2.2147651006711415,0.7505935335895734
5.11963134765625,2.27579833984375,2.6402587890625,0.6671140939597247,0.23694292253243415
3.7928344726562497,2.27579833984375,2.6402587890625,0.4389261744966415,0.17822107575125845
5.11963134765625,8.69515380859375,2.6402587890625,1.5691275167785004,0.624577858651566
5.11963134765625,2.27579833984375,9.7897216796875,1.3154362416107197,0.5098678555287572
3.7928344726562497,8.69515380859375,9.7897216796875,1.4832214765100455,0.7610052921139511
0.12463134765625,7.27079833984375,7.5902587890625,0.36778523489932735,0.4844539840814447
8.78783447265625,7.27079833984375,7.5902587890625,3.2322147651008217,0.821916909594762
0.12463134765625,3.70015380859375,7.5902587890625,0.36510067114093814,0.3481752638351102
0.12463134765625,7.27079833984375,4.8397216796875,0.36644295302013274,0.4738728949875654
8.78783447265625,3.70015380859375,4.8397216796875,2.6000000000000574,0.6525151523778292
0.16365478515625,2.70505615234375,0.2812744140625,0.36375838926174353,0.2558073340760773
4.53427978515625,2.70505615234375,0.2812744140625,0.375838926174495,0.11582263628865615
0.16365478515625,7.64152099609375,0.2812744140625,0.36375838926174353,0.4243114153730605
0.16365478515625,2.70505615234375,5.1104248046875,0.36510067114093814,0.2841816345379929
4.53427978515625,7.64152099609375,5.1104248046875,1.5758389261744734,0.696931129348975
5.15865478515625,7.70005615234375,5.2312744140625,1.809395973154335,0.7223781879241433
9.52927978515625,7.70005615234375,5.2312744140625,3.4281879194632667,0.8094671647884641
5.15865478515625,2.64652099609375,5.2312744140625,1.187919463087232,0.4534094616833948
5.15865478515625,7.70005615234375,0.1604248046875,0.4187919463087224,0.1435090301188953
9.52927978515625,2.64652099609375,0.1604248046875,0.38657718120805185,0.07211985641225406
7.65615478515625,0.20755615234375002,2.7562744140625,0.36778523489932735,0.03005408166185949
2.03677978515625,0.20755615234375002,2.7562744140625,0.36375838926174353,0.0323351603141038
7.65615478515625,0.14902099609375002,2.7562744140625,0.36644295302013274,0.02253916291948845
7.65615478515625,0.20755615234375002,2.6354248046875,0.36778523489932735,0.029934325361888777
2.03677978515625,0.14902099609375002,2.6354248046875,0.36375838926174353,0.02368459876562975
2.66115478515625,5.20255615234375,7.7062744140625,0.8926174496644186,0.571791616799932
7.03177978515625,5.20255615234375,7.7062744140625,2.4093959731543917,0.7413835710371575
2.66115478515625,5.14402099609375,7.7062744140625,0.8885906040268348,0.5686962479622402
2.66115478515625,5.20255615234375,7.5854248046875,0.8899328859060294,0.5698040824893661
7.03177978515625,5.14402099609375,7.5854248046875,2.398657718120833,0.7378441006886063
3.90990478515625,1.45630615234375,6.4687744140625,0.5570469798657669,0.22525950809644812
5.78302978515625,1.45630615234375,6.4687744140625,0.9892617449664303,0.3296517768058711
3.90990478515625,6.39277099609375,6.4687744140625,1.3476510067113903,0.6667219145321426
3.90990478515625,1.45630615234375,6.3479248046875,0.5503355704697939,0.2217446934408129
5.78302978515625,6.39277099609375,6.3479248046875,2.006711409395943,0.7287752613084999
8.90490478515625,6.45130615234375,1.5187744140625001,2.132885906040257,0.5240089952113449
0.78802978515625,6.45130615234375,1.5187744140625001,0.3744966442953004,0.35414348213624464
8.90490478515625,1.39777099609375,1.5187744140625001,0.42953020134227926,0.08626309691497178
8.90490478515625,6.45130615234375,1.3979248046875001,2.045637583892593,0.5016605143245383
0.78802978515625,1.39777099609375,1.3979248046875001,0.36510067114093814,0.15968506770063803
6.40740478515625,3.9538061523437498,8.9437744140625,2.0697986577181,0.6862785434745833
8.28052978515625,3.9538061523437498,8.9437744140625,2.7409395973155144,0.7304989344352683
6.40740478515625,3.8952709960937497,8.9437744140625,2.061744966442931,0.6833637047049105
6.40740478515625,3.9538061523437498,3.8729248046875004,1.7060402684563503,0.5573550418570296
8.28052978515625,3.8952709960937497,3.8729248046875004,2.3181208053691433,0.6107684715453563
1.41240478515625,8.94880615234375,3.9937744140625004,0.5543624161073777,0.5118799402718439
3.2855297851562497,8.94880615234375,3.9937744140625004,1.1315436241610586,0.6374121609849979
1.41240478515625,8.89027099609375,3.9937744140625004,0.5530201342281831,0.5101766094161538
1.41240478515625,8.94880615234375,8.8229248046875,0.6550335570469732,0.6264104814468413
3.2855297851562497,8.89027099609375,8.8229248046875,1.293959731543606,0.7384905482127448
2.03677978515625,0.83193115234375,9.5625244140625,0.3771812080536896,0.12113583665197222
0.16365478515625,0.83193115234375,9.5625244140625,0.36375838926174353,0.12180313067172197
2.03677978515625,3.27089599609375,9.5625244140625,0.5946308724832159,0.4157889469387917
2.03677978515625,0.83193115234375,8.2041748046875,0.375838926174495,0.11929829088133832
0.16365478515625,3.27089599609375,8.2041748046875,0.36644295302013274,0.32611651815688764
7.03177978515625,5.82693115234375,4.6125244140624995,2.2872483221476623,0.7010114768552733
5.15865478515625,5.82693115234375,4.6125244140624995,1.628187919463063,0.6442580208989939
7.03177978515625,8.26589599609375,4.6125244140624995,2.484563758389302,0.7655608935090108
7.03177978515625,5.82693115234375,3.2541748046875,2.092617449664412,0.637717059243938
5.15865478515625,8.26589599609375,3.2541748046875,1.6604026845637336,0.6588659554536617
9.52927978515625,3.3294311523437496,7.0875244140625,2.978523489932999,0.6984893109642811
2.66115478515625,3.3294311523437496,7.0875244140625,0.7100671140939521,0.43060666562914274
9.52927978515625,5.76839599609375,7.0875244140625,3.3664429530203046,0.7946988363820282
9.52927978515625,3.3294311523437496,0.7791748046875,0.8953020134228078,0.19552276643404248
2.66115478515625,5.76839599609375,0.7791748046875,0.39060402684563567,0.20794121886935815
4.53427978515625,8.32443115234375,2.1375244140625003,1.2416107382550163,0.539651852851214
7.65615478515625,8.32443115234375,2.1375244140625003,2.265771812080545,0.6419944966120043
4.53427978515625,0.77339599609375,2.1375244140625003,0.3731543624161058,0.08487729005623572
4.53427978515625,8.32443115234375,5.7291748046875,1.6416107382550091,0.7286563313901584
7.65615478515625,0.77339599609375,5.7291748046875,0.6724832214765031,0.1592073814059765
3.2855297851562497,4.57818115234375,3.3750244140625,0.7879194630872393,0.4204710648848774
8.90490478515625,4.57818115234375,3.3750244140625,2.571812080536966,0.6369961103409861
3.2855297851562497,2.02214599609375,3.3750244140625,0.4147651006711386,0.17810396538665962
3.2855297851562497,4.57818115234375,9.4416748046875,1.0832214765100527,0.6021759936581329
8.90490478515625,2.02214599609375,9.4416748046875,2.4402684563758728,0.6026974287683975
8.28052978515625,9.57318115234375,8.3250244140625,3.1771812080538337,0.8535413643385557
3.90990478515625,9.57318115234375,8.3250244140625,1.532885906040246,0.768879144251557
8.28052978515625,7.01714599609375,8.3250244140625,3.0442953020135457,0.8160952070898275
8.28052978515625,9.57318115234375,4.4916748046874995,3.0147651006712595,0.8068598447124646
3.90990478515625,7.01714599609375,4.4916748046874995,1.2832214765100491,0.632382507507516
5.78302978515625,2.08068115234375,0.9000244140625,0.38523489932885724,0.10477545505995912
6.40740478515625,2.08068115234375,0.9000244140625,0.38926174496644106,0.09947794487523454
5.78302978515625,9.51464599609375,0.9000244140625,1.150335570469783,0.4041239824516658
5.78302978515625,2.08068115234375,2.0166748046875003,0.5489932885905993,0.16990419981179536
6.40740478515625,9.51464599609375,2.0166748046875003,1.891275167785206,0.6243418392095186
0.78802978515625,7.0756811523437495,5.8500244140625,0.4187919463087224,0.4597554350099545
1.41240478515625,7.0756811523437495,5.8500244140625,0.5624161073825453,0.5139870196544978
0.78802978515625,4.51964599609375,5.8500244140625,0.38791946308724645,0.36540899061057
0.78802978515625,7.0756811523437495,6.9666748046875,0.42953020134227926,0.47803677420792035
1.41240478515625,4.51964599609375,6.9666748046875,0.48724832214764735,0.41125295413789276
1.10021728515625,2.3928686523437497,4.9218994140625,0.3771812080536896,0.24609165023630236
8.59271728515625,2.3928686523437497,4.9218994140625,2.1288590604026725,0.5383652933429475
1.10021728515625,5.45620849609375,4.9218994140625,0.4214765100671116,0.38898705035740905
1.10021728515625,2.3928686523437497,4.8010498046875,0.3771812080536896,0.24562484296162987
8.59271728515625,5.45620849609375,4.8010498046875,2.8268456375839834,0.7282379270604744
6.09521728515625,7.38786865234375,9.8718994140625,2.2791946308724933,0.7967849828971558
3.59771728515625,7.38786865234375,9.8718994140625,1.3651006711409202,0.7259155227668366
6.09521728515625,0.46120849609375003,9.8718994140625,0.3959731543624141,0.07308952929901356
6.09521728515625,7.38786865234375,9.7510498046875,2.2778523489932985,0.7962493652600965
3.59771728515625,0.46120849609375003,9.7510498046875,0.3771812080536896,0.07259691135448978
8.59271728515625,4.89036865234375,2.4468994140625,2.2442953020134278,0.5706239093456911
6.09521728515625,4.89036865234375,2.4468994140625,1.4563758389261534,0.4928983996110608
8.59271728515625,2.9587084960937498,2.4468994140625,1.7154362416107125,0.4286197470944486
8.59271728515625,4.89036865234375,7.2760498046875,2.9275167785235956,0.7562227001614321
6.09521728515625,2.9587084960937498,7.2760498046875,1.7087248322147395,0.5831468666668203
3.59771728515625,9.88536865234375,7.3968994140625,1.4107382550335368,0.7534602126032226
1.10021728515625,9.88536865234375,7.3968994140625,0.5610738255033507,0.6015653938938305
3.59771728515625,7.95370849609375,7.3968994140625,1.344966442953001,0.7143289059907574
3.59771728515625,9.88536865234375,2.3260498046875,1.0765100671140797,0.5616430343362282
1.10021728515625,7.95370849609375,2.3260498046875,0.4013422818791925,0.37799903878846264
4.84646728515625,3.64161865234375,8.6343994140625,1.475167785234878,0.6098896298895872
2.3489672851562498,3.64161865234375,8.6343994140625,0.696644295302006,0.4624722020805787
4.84646728515625,9.20245849609375,8.6343994140625,1.8724832214764815,0.7925276238625221
4.84646728515625,3.64161865234375,3.5635498046875003,1.116778523489918,0.44952051534967263
2.3489672851562498,9.20245849609375,3.5635498046875003,0.8067114093959638,0.5670221017016686
9.84146728515625,8.63661865234375,3.6843994140625003,3.4536912751679685,0.7906881301276377
7.34396728515625,8.63661865234375,3.6843994140625003,2.526174496644342,0.7483476977074092
9.84146728515625,4.20745849609375,3.6843994140625003,2.8899328859061404,0.6555395237271398
9.84146728515625,8.63661865234375,8.5135498046875,3.7369127516780773,0.8601228035184518
7.34396728515625,4.20745849609375,8.5135498046875,2.4281879194631193,0.7181377681929664
7.34396728515625,1.14411865234375,6.1593994140624995,1.1140939597315287,0.3039042124227742
4.84646728515625,1.14411865234375,6.1593994140624995,0.5530201342281831,0.18535330102977896
7.34396728515625,1.70995849609375,6.1593994140624995,1.5476510067113867,0.4403527220976689
7.34396728515625,1.14411865234375,6.0385498046874995,1.1006711409395826,0.29979258786385454
4.84646728515625,1.70995849609375,6.0385498046874995,0.8496644295301912,0.3230980974578583
2.3489672851562498,6.1391186523437495,1.2093994140625002,0.40671140939597095,0.24414671572933525
9.84146728515625,6.1391186523437495,1.2093994140625002,2.110067114093945,0.47228094769071494
2.3489672851562498,6.70495849609375,1.2093994140625002,0.4187919463087224,0.2562699769668945
2.3489672851562498,6.1391186523437495,1.0885498046875002,0.3986577181208033,0.23663458126426895
9.84146728515625,6.70495849609375,1.0885498046875002,2.0899328859060224,0.46778969165183665
1.72459228515625,4.26599365234375,5.5406494140625,0.5100671140939557,0.387539195150738
6.71959228515625,4.26599365234375,5.5406494140625,2.0590604026845414,0.6531382773350356
1.72459228515625,1.08558349609375,5.5406494140625,0.3731543624161058,0.14149735974906374
1.72459228515625,4.26599365234375,1.7072998046875,0.382550335570468,0.2503825915376973
6.71959228515625,1.08558349609375,1.7072998046875,0.38389261744966263,0.08446137746502831
6.71959228515625,9.26099365234375,0.5906494140625,1.106040268456361,0.339576712328435
1.72459228515625,9.26099365234375,0.5906494140625,0.38523489932885724,0.27563828872704904
6.71959228515625,6.08058349609375,0.5906494140625,0.7919463087248231,0.2357188349851485
6.71959228515625,9.26099365234375,6.6572998046875,2.5275167785235366,0.8132894988708357
1.72459228515625,6.08058349609375,6.6572998046875,0.6322147651006649,0.5202847428725195
9.21709228515625,1.76849365234375,8.0156494140625,2.327516778523507,0.5543552558296228
9.21709228515625,1.76849365234375,8.0156494140625,2.327516778523507,0.5543552558296228
9.21709228515625,8.57808349609375,8.0156494140625,3.48187919463106,0.8497534662611771
9.21709228515625,1.76849365234375,9.1322998046875,2.3946308724832486,0.5716188335132109
9.21709228515625,8.57808349609375,9.1322998046875,3.5073825503357616,0.8564109217769605
4.22209228515625,6.76349365234375,3.0656494140625004,1.2161073825503188,0.559200710896549
4.22209228515625,6.76349365234375,3.0656494140625004,1.2161073825503188,0.559200710896549
4.22209228515625,3.58308349609375,3.0656494140625004,0.8550335570469696,0.37483763899963374
4.22209228515625,6.76349365234375,4.1822998046875,1.3463087248321957,0.6243544906352614
4.22209228515625,3.58308349609375,4.1822998046875,1.0080536912751548,0.4504653968532192
2.97334228515625,0.51974365234375,1.8281494140625,0.36644295302013274,0.06810131444175475
2.97334228515625,0.51974365234375,1.8281494140625,0.36644295302013274,0.06810131444175475
2.97334228515625,4.83183349609375,1.8281494140625,0.5100671140939557,0.2730045921654822
2.97334228515625,0.51974365234375,0.46979980468750004,0.36510067114093814,0.06113858990312234
2.97334228515625,4.83183349609375,0.46979980468750004,0.3812080536912734,0.17707401918342217
7.9683422851562495,5.51474365234375,6.7781494140625,2.7463087248322937,0.7584604356066712
7.9683422851562495,5.51474365234375,6.7781494140625,2.7463087248322937,0.7584604356066712
7.9683422851562495,9.82683349609375,6.7781494140625,3.026845637584013,0.8405033419141713
7.9683422851562495,5.51474365234375,5.4197998046875,2.6630872483222143,0.7338476212471894
7.9683422851562495,9.82683349609375,5.4197998046875,2.97046979865783,0.8237072909166836
5.47084228515625,3.01724365234375,4.3031494140625,1.2724832214764923,0.4657494507332496
0.47584228515625004,3.01724365234375,4.3031494140625,0.36912751677852196,0.2935057403538546
5.47084228515625,7.32933349609375,4.3031494140625,1.829530201342254,0.6936736639299044
5.47084228515625,3.01724365234375,7.8947998046875,1.5449664429529975,0.5757471972029854
0.47584228515625004,7.32933349609375,7.8947998046875,0.3932885906040249,0.4846869587581052
0.47584228515625004,8.01224365234375,9.2531494140625,0.4013422818791925,0.5133827250904611
5.47084228515625,8.01224365234375,9.2531494140625,2.0671140939597104,0.7912838732272715
0.47584228515625004,2.3343334960937496,9.2531494140625,0.37181208053691117,0.26543200224000074
0.47584228515625004,8.01224365234375,2.9447998046875004,0.375838926174495,0.4444885291718451
5.47084228515625,2.3343334960937496,2.9447998046875004,0.8308724832214667,0.2887340064616254
0.6319360351562501,0.051462402343750005,6.9328369140624995,0.36375838926174353,0.008844727487339183
9.99756103515625,0.051462402343750005,6.9328369140624995,0.36644295302013274,0.008770631963941972
0.6319360351562501,9.04636474609375,6.9328369140624995,0.42416107382550083,0.5262302441452475
0.6319360351562501,0.051462402343750005,4.3369873046875,0.36375838926174353,0.008691229235572927
9.99756103515625,9.04636474609375,4.3369873046875,3.6187919463089324,0.8183345132803534
5.62693603515625,5.04646240234375,1.9828369140625002,1.1919463087248159,0.42672498171600853
5.0025610351562495,5.04646240234375,1.9828369140625002,1.0255033557046846,0.4011427638637095
5.62693603515625,4.05136474609375,1.9828369140625002,1.0268456375838793,0.36185700087028383
5.62693603515625,5.04646240234375,9.2869873046875,1.9315436241610442,0.716940725712647
5.0025610351562495,4.05136474609375,9.2869873046875,1.6026845637583655,0.6498652866096273
8.12443603515625,2.54896240234375,9.4078369140625,2.3785234899329106,0.6392911755109517
7.50006103515625,2.54896240234375,9.4078369140625,2.165100671140933,0.622665773935284
8.12443603515625,1.55386474609375,9.4078369140625,1.9194630872482927,0.5068715338858827
8.12443603515625,2.54896240234375,6.8119873046874995,2.2389261744966484,0.5989188006328913
7.50006103515625,1.55386474609375,6.8119873046874995,1.557046979865749,0.4344007683030655
3.12943603515625,7.54396240234375,4.4578369140625,1.0496644295301876,0.6088878770516438
2.50506103515625,7.54396240234375,4.4578369140625,0.8496644295301912,0.570718952045586
3.12943603515625,6.54886474609375,4.4578369140625,0.9959731543624033,0.5732150894575652
3.12943603515625,7.54396240234375,1.8619873046875002,0.734228187919455,0.4092316704362693
2.50506103515625,6.54886474609375,1.8619873046875002,0.5409395973154316,0.3368068703746766
4.37818603515625,3.79771240234375,0.7453369140625,0.3932885906040249,0.14336466716430366
1.25631103515625,3.79771240234375,0.7453369140625,0.37046979865771656,0.2408123831852919
4.37818603515625,5.30011474609375,0.7453369140625,0.4550335570469768,0.17858700355449214
4.37818603515625,3.79771240234375,3.0994873046875,0.9382550335570352,0.40423964781249744
1.25631103515625,5.30011474609375,3.0994873046875,0.3986577181208033,0.33296077993453255
9.37318603515625,8.79271240234375,5.6953369140625,3.4671140939599168,0.8321559519243298
6.25131103515625,8.79271240234375,5.6953369140625,2.2926174496644416,0.7830742622142728
9.37318603515625,0.30511474609375,5.6953369140625,0.382550335570468,0.0447015913097232
9.37318603515625,8.79271240234375,8.049487304687501,3.553020134228386,0.8543130731813894
6.25131103515625,0.30511474609375,8.049487304687501,0.3785234899328842,0.04861955828220048
6.87568603515625,1.30021240234375,3.2203369140625,0.6563758389261678,0.17646377494007898
3.7538110351562497,1.30021240234375,3.2203369140625,0.38657718120805185,0.1298640453961725
6.87568603515625,2.80261474609375,3.2203369140625,1.4228187919462882,0.42926915845476743
6.87568603515625,1.30021240234375,5.5744873046875,1.0671140939597175,0.3080841009156663
3.7538110351562497,2.80261474609375,5.5744873046875,0.853691275167775,0.40780478010823573
1.88068603515625,6.29521240234375,8.1703369140625,0.7154362416107305,0.5707257716993419
8.74881103515625,6.29521240234375,8.1703369140625,3.1624161073826906,0.8067665654042986
1.88068603515625,7.79761474609375,8.1703369140625,0.7664429530201256,0.6232767158168564
1.88068603515625,6.29521240234375,0.6244873046875,0.3798657718120788,0.24159341942606313
8.74881103515625,7.79761474609375,0.6244873046875,1.451006711409375,0.35638966670105343
2.50506103515625,3.17333740234375,2.6015869140625,0.40805369127516555,0.2202809977865859
5.62693603515625,3.17333740234375,2.6015869140625,1.0281879194630739,0.3605089847608466
2.50506103515625,4.6757397460937495,2.6015869140625,0.5234899328859017,0.31738186843863536
2.50506103515625,3.17333740234375,2.4807373046875,0.40402684563758173,0.2166634359737992
5.62693603515625,4.6757397460937495,2.4807373046875,1.2926174496644114,0.46511450434457835
7.50006103515625,8.16833740234375,7.5515869140625,2.797315436241697,0.8183425010953538
0.6319360351562501,8.16833740234375,7.5515869140625,0.420134228187917,0.5110888770600932
7.50006103515625,9.67073974609375,7.5515869140625,2.8657718120806335,0.8394726563062698
7.50006103515625,8.16833740234375,7.4307373046875,2.7932885906041127,0.8170944976346259
0.6319360351562501,9.67073974609375,7.4307373046875,0.4348993288590577,0.5502302235798322
9.99756103515625,0.67583740234375,0.1265869140625,0.36912751677852196,0.04432159854727465
8.12443603515625,0.67583740234375,0.1265869140625,0.36778523489932735,0.048841637789155526
9.99756103515625,7.17323974609375,0.1265869140625,0.8993288590603916,0.19017920584693399
9.99756103515625,0.67583740234375,9.9057373046875,1.4174496644295098,0.2969193887767914
8.12443603515625,7.17323974609375,9.9057373046875,3.0295302013424026,0.8266840503061419
5.0025610351562495,5.67083740234375,5.0765869140625,1.5973154362415871,0.6482912270491137
3.12943603515625,5.67083740234375,5.0765869140625,0.9758389261744842,0.5588988117563096
5.0025610351562495,2.17823974609375,5.0765869140625,0.986577181208041,0.3766578550537095
5.0025610351562495,5.67083740234375,4.9557373046875,1.5892617449664195,0.6447172302370654
3.12943603515625,2.17823974609375,4.9557373046875,0.5315436241610694,0.2597531639791404
3.7538110351562497,1.9245874023437501,8.7890869140625,0.7865771812080447,0.3644169413058153
4.37818603515625,1.9245874023437501,8.7890869140625,0.9530201342281759,0.40310708381113247
3.7538110351562497,0.92948974609375,8.7890869140625,0.40805369127516555,0.13212592286742358
3.7538110351562497,1.9245874023437501,1.2432373046875,0.3785234899328842,0.13151691105340046
4.37818603515625,0.92948974609375,1.2432373046875,0.37046979865771656,0.08805683270209591
8.74881103515625,6.91958740234375,3.8390869140625004,2.9275167785235956,0.7427076146551206
9.37318603515625,6.91958740234375,3.8390869140625004,3.1570469798659113,0.7535453965458663
8.74881103515625,5.92448974609375,3.8390869140625004,2.8174496644296196,0.7132899119563312
8.74881103515625,6.91958740234375,6.1932373046875,3.1342281879195992,0.7987890902314351
9.37318603515625,5.92448974609375,6.1932373046875,3.2791946308726407,0.7849902633544387
6.25131103515625,4.42208740234375,6.3140869140625,1.9718120805368824,0.6660917333231398
1.88068603515625,4.42208740234375,6.3140869140625,0.5798657718120752,0.4339550066632273
6.25131103515625,8.42198974609375,6.3140869140625,2.3006711409396106,0.7861185701360154
6.25131103515625,4.42208740234375,8.6682373046875,2.0697986577181,0.7019838729861632
1.88068603515625,8.42198974609375,8.6682373046875,0.7906040268456285,0.6474855661983141
1.25631103515625,9.41708740234375,1.3640869140625,0.3946308724832195,0.3486488976804506
6.87568603515625,9.41708740234375,1.3640869140625,1.7395973154362154,0.5367553406726873
1.25631103515625,3.4269897460937497,1.3640869140625,0.37181208053691117,0.24534050569862648
1.25631103515625,9.41708740234375,3.7182373046875004,0.5140939597315395,0.5000783947387928
6.87568603515625,3.4269897460937497,3.7182373046875004,1.714093959731518,0.5251335597169979
0.94412353515625,4.73427490234375,7.8609619140625,0.4174496644295278,0.39882415463067566
3.44162353515625,4.73427490234375,7.8609619140625,1.1114093959731395,0.5971740052166471
0.94412353515625,6.86105224609375,7.8609619140625,0.46845637583892286,0.499092289396174
0.94412353515625,4.73427490234375,5.8838623046875,0.4013422818791925,0.37286870445156833
3.44162353515625,6.86105224609375,5.8838623046875,1.1906040268456213,0.647384808472616
5.93912353515625,9.72927490234375,2.9109619140625003,1.9651006711409094,0.6959530395943647
8.43662353515625,9.72927490234375,2.9109619140625003,2.871140939597413,0.752677794113396
5.93912353515625,1.86605224609375,2.9109619140625003,0.7369127516778442,0.23291653760431125
5.93912353515625,9.72927490234375,0.9338623046875,1.2268456375838757,0.4229353560813688
8.43662353515625,1.86605224609375,0.9338623046875,0.4013422818791925,0.08415416072829247
8.43662353515625,2.23677490234375,5.3859619140624995,2.0738255033556845,0.5324159879495567
0.94412353515625,2.23677490234375,5.3859619140624995,0.3744966442953004,0.24124576339056225
8.43662353515625,4.36355224609375,5.3859619140624995,2.6684563758389936,0.6970896848200954
8.43662353515625,2.23677490234375,3.4088623046875,1.6885906040268204,0.42747125109609657
0.94412353515625,4.36355224609375,3.4088623046875,0.3812080536912734,0.3256584192298946
3.44162353515625,7.23177490234375,0.43596191406250007,0.3999999999999979,0.1836790970292375
5.93912353515625,7.23177490234375,0.43596191406250007,0.6604026845637516,0.21534063576594886
3.44162353515625,9.35855224609375,0.43596191406250007,0.44697986577180915,0.21503333542682837
3.44162353515625,7.23177490234375,8.3588623046875,1.2791946308724653,0.7009868970157311
5.93912353515625,9.35855224609375,8.3588623046875,2.280536912751688,0.8161771295525506
4.69037353515625,0.9880249023437501,4.1484619140625,0.3932885906040249,0.11079218839991252
7.18787353515625,0.9880249023437501,4.1484619140625,0.6228187919463026,0.156252832538468
4.69037353515625,8.10980224609375,4.1484619140625,1.5892617449664195,0.6830453699786354
4.69037353515625,0.9880249023437501,7.1213623046875,0.4724832214765067,0.14976391481704576
7.18787353515625,8.10980224609375,7.1213623046875,2.6630872483222143,0.807996314903259
9.68537353515625,5.98302490234375,9.0984619140625,3.5140939597317358,0.8189905847827715
2.19287353515625,5.98302490234375,9.0984619140625,0.8134228187919368,0.5949688208495505
9.68537353515625,3.11480224609375,9.0984619140625,3.080536912751806,0.7131183509395331
9.68537353515625,5.98302490234375,2.1713623046875004,2.6859060402685264,0.6163914649715804
2.19287353515625,3.11480224609375,2.1713623046875004,0.38657718120805185,0.21416664664254242
7.18787353515625,3.48552490234375,1.6734619140625002,1.1422818791946154,0.3270469610019629
9.68537353515625,3.48552490234375,1.6734619140625002,1.7825503355704428,0.4004009130823447
7.18787353515625,0.6173022460937501,1.6734619140625002,0.3731543624161058,0.06180941480289233
7.18787353515625,3.48552490234375,4.6463623046875,1.9758389261744662,0.5871656622902378
9.68537353515625,0.6173022460937501,4.6463623046875,0.5624161073825453,0.1029330956917184
2.19287353515625,8.48052490234375,6.6234619140625,0.860402684563748,0.6400469010810352
4.69037353515625,8.48052490234375,6.6234619140625,1.7395973154362154,0.7532071903688348
2.19287353515625,5.6123022460937495,6.6234619140625,0.7449664429530118,0.5359401645531259
2.19287353515625,8.48052490234375,9.5963623046875,0.9087248322147539,0.6810300586881839
4.69037353515625,5.6123022460937495,9.5963623046875,1.6510067114093714,0.7112392863531223
1.5684985351562502,1.61239990234375,2.2922119140625004,0.37046979865771656,0.16921085743532127
1.5684985351562502,1.61239990234375,2.2922119140625004,0.37046979865771656,0.16921085743532127
1.5684985351562502,2.4904272460937498,2.2922119140625004,0.3744966442953004,0.21435151428350632
1.5684985351562502,1.61239990234375,7.7401123046875,0.38389261744966263,0.1982456816252292
1.5684985351562502,2.4904272460937498,7.7401123046875,0.40939597315436016,0.27024152555565784
6.56349853515625,6.60739990234375,7.2422119140625,2.3422818791946503,0.7664804022140708
6.56349853515625,6.60739990234375,7.2422119140625,2.3422818791946503,0.7664804022140708
6.56349853515625,7.48542724609375,7.2422119140625,2.400000000000028,0.7865945571639403
6.56349853515625,6.60739990234375,2.7901123046875003,1.9208053691274873,0.6202154509261029
6.56349853515625,7.48542724609375,2.7901123046875003,2.0040268456375534,0.6489693659247185
9.06099853515625,4.1098999023437495,4.7672119140625,2.77583892617458,0.6794892001551358
4.0659985351562495,4.1098999023437495,4.7672119140625,1.0953020134228042,0.5109905075438952
9.06099853515625,9.98292724609375,4.7672119140625,3.3516778523491615,0.8288960873993791
9.06099853515625,4.1098999023437495,0.3151123046875,0.5369127516778478,0.11717427500043504
4.0659985351562495,9.98292724609375,0.3151123046875,0.48859060402684196,0.21035839033298953
4.0659985351562495,9.10489990234375,9.7172119140625,1.5959731543623925,0.7768945749958118
9.06099853515625,9.10489990234375,9.7172119140625,3.48187919463106,0.8637079206024367
4.0659985351562495,4.98792724609375,9.7172119140625,1.3852348993288393,0.663777383678752
4.0659985351562495,9.10489990234375,5.2651123046874995,1.4859060402684348,0.7186782240419733
9.06099853515625,4.98792724609375,5.2651123046874995,2.9812080536913887,0.732845767221403
2.8172485351562497,2.8611499023437497,6.0047119140625,0.645637583892611,0.3650858882030269
7.81224853515625,2.8611499023437497,6.0047119140625,2.1677852348993225,0.6001490460615027
2.8172485351562497,3.73917724609375,6.0047119140625,0.7597315436241525,0.4496981533883832
2.8172485351562497,2.8611499023437497,8.9776123046875,0.7395973154362334,0.43032023207247666
7.81224853515625,3.73917724609375,8.9776123046875,2.5369127516779004,0.7104548365166166
7.81224853515625,7.85614990234375,1.0547119140625,1.6483221476509822,0.45158324417781276
2.8172485351562497,7.85614990234375,1.0547119140625,0.4966442953020096,0.2816974609081947
7.81224853515625,8.73417724609375,1.0547119140625,1.74093959731541,0.4784919552150628
7.81224853515625,7.85614990234375,4.0276123046875,2.6872483221477212,0.754416215175508
2.8172485351562497,8.73417724609375,4.0276123046875,0.9704697986577058,0.6075298826520332
5.31474853515625,0.36364990234375,8.4797119140625,0.3785234899328842,0.05733884561148256
5.31474853515625,0.36364990234375,8.4797119140625,0.3785234899328842,0.05733884561148256
5.31474853515625,6.23667724609375,8.4797119140625,1.8953020134227898,0.7395306550356292
5.31474853515625,0.36364990234375,1.5526123046875002,0.36778523489932735,0.04685172224966369
5.31474853515625,6.23667724609375,1.5526123046875002,1.092617449664415,0.4093827945234719
0.31974853515625,5.35864990234375,3.5297119140625,0.36912751677852196,0.3965213298532004
0.31974853515625,5.35864990234375,3.5297119140625,0.36912751677852196,0.3965213298532004
0.31974853515625,1.24167724609375,3.5297119140625,0.36375838926174353,0.15997543200232062
0.31974853515625,5.35864990234375,6.5026123046875,0.3731543624161058,0.4153310333642888
0.31974853515625,1.24167724609375,6.5026123046875,0.36510067114093814,0.16529997047249054
0.24170166015625003,1.37825927734375,8.4023681640625,0.36510067114093814,0.18149644861363842
6.48545166015625,1.37825927734375,8.4023681640625,1.2577181208053516,0.39046660539806016
0.24170166015625003,3.97331787109375,8.4023681640625,0.36912751677852196,0.3634787814343136
0.24170166015625003,1.37825927734375,9.5190185546875,0.36510067114093814,0.18237952416912104
6.48545166015625,3.97331787109375,9.5190185546875,2.116778523489919,0.695342419321564
5.23670166015625,6.37325927734375,3.4523681640625004,1.5731543624160842,0.6130116313185618
1.49045166015625,6.37325927734375,3.4523681640625004,0.4751677852348959,0.3990579088547486
5.23670166015625,8.96831787109375,3.4523681640625004,1.7557046979865507,0.6903351017819501
5.23670166015625,6.37325927734375,4.5690185546875,1.6993288590603772,0.6659435596542282
1.49045166015625,8.96831787109375,4.5690185546875,0.5973154362416051,0.5426690590584764
7.73420166015625,3.8757592773437497,5.9273681640625,2.377181208053716,0.668728881886101
8.98295166015625,3.8757592773437497,5.9273681640625,2.821476510067204,0.6972007094842148
7.73420166015625,6.47081787109375,5.9273681640625,2.706040268456449,0.7675562438805401
7.73420166015625,3.8757592773437497,2.0940185546875,1.5999999999999763,0.43925515935307813
8.98295166015625,6.47081787109375,2.0940185546875,2.4872483221476918,0.6103492064999811
2.7392016601562497,8.87075927734375,0.9773681640625,0.5046979865771772,0.2945513439697551
3.98795166015625,8.87075927734375,0.9773681640625,0.7382550335570388,0.3411340046742821
2.7392016601562497,1.47581787109375,0.9773681640625,0.36912751677852196,0.12680456441750088
2.7392016601562497,8.87075927734375,7.0440185546875,1.0671140939597175,0.6901267195928849
3.98795166015625,1.47581787109375,7.0440185546875,0.6107382550335512,0.2501992263430857
3.98795166015625,2.62700927734375,4.6898681640625,0.809395973154353,0.36457809759113896
2.7392016601562497,2.62700927734375,4.6898681640625,0.5221476510067071,0.28353685327838074
3.98795166015625,0.22706787109375,4.6898681640625,0.36644295302013274,0.03560819403043435
3.98795166015625,2.62700927734375,8.2815185546875,1.0120805369127386,0.4707221515939339
2.7392016601562497,0.22706787109375,8.2815185546875,0.36778523489932735,0.03753432353054263
8.98295166015625,7.62200927734375,9.6398681640625,3.3771812080538632,0.8433909741134156
7.73420166015625,7.62200927734375,9.6398681640625,2.9033557046980887,0.8274686421136401
8.98295166015625,5.22206787109375,9.6398681640625,3.189261744966587,0.794236088839176
8.98295166015625,7.62200927734375,3.3315185546875004,2.994630872483337,0.7418571020039657
7.73420166015625,5.22206787109375,3.3315185546875004,2.2684563758389347,0.6362439766189175
6.48545166015625,0.12950927734375,2.2148681640625,0.36510067114093814,0.019736466903171074
0.24170166015625003,0.12950927734375,2.2148681640625,0.36375838926174353,0.020976066666697032
6.48545166015625,7.71956787109375,2.2148681640625,1.8429530201342001,0.6004675542794848
6.48545166015625,0.12950927734375,0.8565185546875,0.36375838926174353,0.018458209838954583
0.24170166015625003,7.71956787109375,0.8565185546875,0.36510067114093814,0.4286605290272464
1.49045166015625,5.1245092773437495,7.1648681640625,0.5382550335570424,0.4604309773706213
5.23670166015625,5.1245092773437495,7.1648681640625,1.7369127516778262,0.6815624159978189
1.49045166015625,2.72456787109375,7.1648681640625,0.40805369127516555,0.2812314781390752
1.49045166015625,5.1245092773437495,5.8065185546875,0.5100671140939557,0.4292944403866995
5.23670166015625,2.72456787109375,5.8065185546875,1.28053691275166,0.4864376162815855
2.11482666015625,4.50013427734375,1.5961181640625002,0.39060402684563567,0.23613722137344
8.35857666015625,4.50013427734375,1.5961181640625002,1.6563758389261498,0.42515502875603906
2.11482666015625,9.59269287109375,1.5961181640625002,0.539597315436237,0.384280689067654
2.11482666015625,4.50013427734375,6.4252685546874995,0.6496644295301948,0.4623139874935788
8.35857666015625,9.59269287109375,6.4252685546874995,3.153020134228327,0.8390296922575509
7.10982666015625,9.49513427734375,6.5461181640624995,2.680536912751747,0.8217192745493818
3.36357666015625,9.49513427734375,6.5461181640624995,1.2953020134228006,0.725418612685407
7.10982666015625,4.5976928710937495,6.5461181640624995,2.312751677852364,0.7023132516979564
7.10982666015625,9.49513427734375,1.4752685546875002,1.8818791946308437,0.5655789173323662
3.36357666015625,4.5976928710937495,1.4752685546875002,0.4805369127516743,0.23132987845347927
9.60732666015625,2.0026342773437498,4.0711181640625,2.079194630872464,0.4726672385232681
5.86107666015625,2.0026342773437498,4.0711181640625,1.0134228187919332,0.3384630749199621
9.60732666015625,2.10019287109375,4.0711181640625,2.1382550335570363,0.4870658341864157
9.60732666015625,2.0026342773437498,3.9502685546875003,2.0496644295301776,0.46552507912830987
5.86107666015625,2.10019287109375,3.9502685546875003,1.034899328859047,0.3469253204707128
4.61232666015625,6.99763427734375,9.0211181640625,1.6979865771811826,0.7445171042143105
0.8660766601562501,6.99763427734375,9.0211181640625,0.46308724832214443,0.5114916827832264
4.61232666015625,7.09519287109375,9.0211181640625,1.703355704697961,0.7470756612354885
4.61232666015625,6.99763427734375,8.9002685546875,1.696644295301988,0.7438223308364693
0.8660766601562501,7.09519287109375,8.9002685546875,0.46308724832214443,0.5125728997987243
3.36357666015625,0.7538842773437501,5.3086181640625,0.3785234899328842,0.10161912949653545
2.11482666015625,0.7538842773437501,5.3086181640625,0.37181208053691117,0.10523702073243983
3.36357666015625,5.84644287109375,5.3086181640625,1.0765100671140797,0.5888440783524505
3.36357666015625,0.7538842773437501,5.1877685546875,0.3771812080536896,0.10081329567842807
2.11482666015625,5.84644287109375,5.1877685546875,0.6872483221476438,0.5007851153145368
8.35857666015625,5.74888427734375,0.3586181640625,0.7812080536912662,0.19147814513358524
7.10982666015625,5.74888427734375,0.3586181640625,0.6067114093959673,0.16714407440154866
8.35857666015625,0.85144287109375,0.3586181640625,0.37046979865771656,0.05641873880769148
8.35857666015625,5.74888427734375,0.23776855468750002,0.6416107382550271,0.15443888369555356
7.10982666015625,0.85144287109375,0.23776855468750002,0.36912751677852196,0.05943619751353256
5.86107666015625,3.25138427734375,7.7836181640625,1.7181208053691017,0.6080262658396801
4.61232666015625,3.25138427734375,7.7836181640625,1.307382550335552,0.5567613395530315
5.86107666015625,3.3489428710937497,7.7836181640625,1.7369127516778262,0.615335131475111
5.86107666015625,3.25138427734375,2.7127685546875,1.1395973154362262,0.389585019945089
4.61232666015625,3.3489428710937497,2.7127685546875,0.8429530201342181,0.3424040724562336
0.8660766601562501,8.24638427734375,2.8336181640625,0.3959731543624141,0.4132265468561908
9.60732666015625,8.24638427734375,2.8336181640625,3.1704697986578596,0.739160931048493
0.8660766601562501,8.34394287109375,2.8336181640625,0.3973154362416087,0.4159653471446255
0.8660766601562501,8.24638427734375,7.6627685546875,0.4738255033557013,0.5369782991468564
9.60732666015625,8.34394287109375,7.6627685546875,3.6093959731545686,0.848444784543035
1.17826416015625,3.56357177734375,6.8554931640625,0.40671140939597095,0.3289176884380874
0.55388916015625,3.56357177734375,6.8554931640625,0.375838926174495,0.3336769602747559
1.17826416015625,1.78800537109375,6.8554931640625,0.3771812080536896,0.21163671560722866
1.17826416015625,3.56357177734375,0.5471435546875,0.36778523489932735,0.23199853030290352
0.55388916015625,1.78800537109375,0.5471435546875,0.36375838926174353,0.1839954312605161
6.17326416015625,8.55857177734375,1.9054931640625001,1.7046979865771557,0.5782401497065589
5.54888916015625,8.55857177734375,1.9054931640625001,1.5046979865771593,0.5567744522413574
6.17326416015625,6.78300537109375,1.9054931640625001,1.539597315436219,0.5184886787589705
6.17326416015625,8.55857177734375,5.4971435546875,2.241610738255038,0.7732943532099146
5.54888916015625,6.78300537109375,5.4971435546875,1.9073825503355413,0.7162177123871722
8.67076416015625,1.06607177734375,9.3304931640625,1.652348993288566,0.40411942408885926
3.05138916015625,1.06607177734375,9.3304931640625,0.40402684563758173,0.1494273124900352
8.67076416015625,9.28050537109375,9.3304931640625,3.332885906040434,0.8597986802973595
8.67076416015625,1.06607177734375,7.9721435546875,1.557046979865749,0.3785784160881421
3.05138916015625,9.28050537109375,7.9721435546875,1.2080536912751512,0.7272184218962088
3.67576416015625,6.06107177734375,4.3804931640625,1.1328859060402532,0.5798721976488527
8.04638916015625,6.06107177734375,4.3804931640625,2.6536912751678505,0.7242652867722067
3.67576416015625,4.28550537109375,4.3804931640625,0.9677852348993166,0.4840399127367305
3.67576416015625,6.06107177734375,3.0221435546875,0.9879194630872357,0.4988251496720612
8.04638916015625,4.28550537109375,3.0221435546875,2.1302013422818673,0.573659033841287
4.92451416015625,2.31482177734375,0.6679931640625,0.3798657718120788,0.11363178189643752
9.29513916015625,2.31482177734375,0.6679931640625,0.4174496644295278,0.08349776930186889
4.92451416015625,3.03675537109375,0.6679931640625,0.38657718120805185,0.12374698111228101
4.92451416015625,2.31482177734375,1.7846435546875001,0.4335570469798631,0.1453893103967574
9.29513916015625,3.03675537109375,1.7846435546875001,1.5852348993288357,0.36703286809404717
9.91951416015625,7.30982177734375,5.6179931640625,3.5718120805371134,0.8136863322353871
4.30013916015625,7.30982177734375,5.6179931640625,1.50201342281877,0.692492095964326
9.91951416015625,8.03175537109375,5.6179931640625,3.622818791946517,0.8258827439300853
9.91951416015625,7.30982177734375,6.7346435546875,3.630872483221686,0.8280960198325559
4.30013916015625,8.03175537109375,6.7346435546875,1.5812080536912518,0.7325246531273091
7.42201416015625,4.81232177734375,3.1429931640625,2.053691275167762,0.5946822554465214
6.79763916015625,4.81232177734375,3.1429931640625,1.846979865771784,0.5756641349525536
7.42201416015625,5.53425537109375,3.1429931640625,2.165100671140933,0.6291203122037434
7.42201416015625,4.81232177734375,9.2096435546875,2.555704697986628,0.7510801251739577
6.79763916015625,5.53425537109375,9.2096435546875,2.400000000000028,0.761885272911541
2.42701416015625,9.80732177734375,8.0929931640625,1.004026845637571,0.7082792944931184
1.8026391601562501,9.80732177734375,8.0929931640625,0.7906040268456285,0.6689263758101764
2.42701416015625,0.53925537109375,8.0929931640625,0.37181208053691117,0.08205604144514995
2.42701416015625,9.80732177734375,4.2596435546875,0.8939597315436132,0.6219575809358562
1.8026391601562501,0.53925537109375,4.2596435546875,0.36644295302013274,0.0783839051772122
1.8026391601562501,0.44169677734375,3.7617431640625,0.36644295302013274,0.06574564489786724
4.92451416015625,0.44169677734375,3.7617431640625,0.37181208053691117,0.060993663358331826
1.8026391601562501,7.40738037109375,3.7617431640625,0.6013422818791889,0.4807714911816107
1.8026391601562501,0.44169677734375,3.6408935546875,0.36644295302013274,0.06561946932840876
4.92451416015625,7.40738037109375,3.6408935546875,1.5744966442952788,0.6479233370980975
6.79763916015625,5.43669677734375,8.7117431640625,2.3785234899329106,0.7545675438663888
9.91951416015625,5.43669677734375,8.7117431640625,3.5382550335572427,0.8063964603762039
6.79763916015625,2.4123803710937497,8.7117431640625,1.8577181208053408,0.5777809919656253
6.79763916015625,5.43669677734375,8.5908935546875,2.374496644295326,0.7532182902552143
9.91951416015625,2.4123803710937497,8.5908935546875,2.918120805369232,0.6581906943064431
9.29513916015625,2.9391967773437497,1.2867431640625002,1.1771812080536752,0.2675646401738365
2.42701416015625,2.9391967773437497,1.2867431640625002,0.3785234899328842,0.18580235728366643
9.29513916015625,4.90988037109375,1.2867431640625002,1.7771812080536644,0.415630677417662
9.29513916015625,2.9391967773437497,6.1158935546875,2.711409395973228,0.647188979111275
2.42701416015625,4.90988037109375,6.1158935546875,0.7557046979865687,0.5042221721092462
4.30013916015625,7.93419677734375,6.2367431640625,1.5597315436241381,0.7216904091901097
7.42201416015625,7.93419677734375,6.2367431640625,2.7087248322148385,0.7984166072720953
4.30013916015625,9.90488037109375,6.2367431640625,1.6375838926174253,0.7612469219743863
4.30013916015625,7.93419677734375,1.1658935546875002,0.8281879194630775,0.3634211853164317
7.42201416015625,9.90488037109375,1.1658935546875002,1.816107382550308,0.5242472117971105
3.05138916015625,4.1879467773437495,9.9492431640625,0.9825503355704572,0.5710916401525133
6.17326416015625,4.1879467773437495,9.9492431640625,2.045637583892593,0.7012051887491024
3.05138916015625,8.65613037109375,9.9492431640625,1.2174496644295134,0.7331365987294123
3.05138916015625,4.1879467773437495,4.8783935546874995,0.8134228187919368,0.46020272071937124
6.17326416015625,8.65613037109375,4.8783935546874995,2.209395973154362,0.761376519132621
8.04638916015625,9.18294677734375,4.9992431640624995,2.9436241610739335,0.8083582992959295
1.17826416015625,9.18294677734375,4.9992431640624995,0.5288590604026802,0.5361500540854647
8.04638916015625,3.66113037109375,4.9992431640624995,2.353020134228209,0.6373847113282514
8.04638916015625,9.18294677734375,9.8283935546875,3.097986577181339,0.8539448538572383
1.17826416015625,3.66113037109375,9.8283935546875,0.4322147651006685,0.3666490072348635
5.54888916015625,1.6904467773437502,7.4742431640625,1.123489932885891,0.3962545197223397
8.67076416015625,1.6904467773437502,7.4742431640625,2.061744966442931,0.5153466214853525
5.54888916015625,1.1636303710937501,7.4742431640625,0.8053691275167691,0.26586246143780323
5.54888916015625,1.6904467773437502,7.3533935546875,1.1154362416107233,0.3930873809338697
8.67076416015625,1.1636303710937501,7.3533935546875,1.6134228187919224,0.3940328147261798
0.55388916015625,6.68544677734375,2.5242431640625003,0.3744966442953004,0.40271140547121176
3.67576416015625,6.68544677734375,2.5242431640625003,0.9557046979865651,0.48184714033380904
0.55388916015625,6.15863037109375,2.5242431640625003,0.3731543624161058,0.3898126017627065
0.55388916015625,6.68544677734375,2.4033935546875003,0.3744966442953004,0.40128757407446297
3.67576416015625,6.15863037109375,2.4033935546875003,0.8926174496644186,0.4461446210115539
0.39779541015625003,4.03185302734375,3.9164306640625,0.36912751677852196,0.344057965239955
1.64654541015625,4.03185302734375,3.9164306640625,0.4228187919463062,0.3062438686569618
0.39779541015625003,2.56847412109375,3.9164306640625,0.36644295302013274,0.2659176288802122
0.39779541015625003,4.03185302734375,1.3205810546875,0.36644295302013274,0.31879067575669806
1.64654541015625,2.56847412109375,1.3205810546875,0.37181208053691117,0.2005040678998234
5.39279541015625,9.02685302734375,8.8664306640625,2.0724832214764897,0.8038088513518225
6.64154541015625,9.02685302734375,8.8664306640625,2.5422818791946797,0.8274592331288422
5.39279541015625,7.56347412109375,8.8664306640625,2.0093959731543327,0.7775222788967299
5.39279541015625,9.02685302734375,6.2705810546875,2.008053691275138,0.7768018510122272
6.64154541015625,7.56347412109375,6.2705810546875,2.3973154362416382,0.77704400509423
7.89029541015625,1.53435302734375,1.4414306640625,0.40805369127516555,0.08944197509282689
4.14404541015625,1.53435302734375,1.4414306640625,0.3771812080536896,0.11711653522234136
7.89029541015625,5.06597412109375,1.4414306640625,1.5476510067113867,0.4174775905822836
7.89029541015625,1.53435302734375,8.7455810546875,1.7986577181207781,0.4852362810274004
4.14404541015625,5.06597412109375,8.7455810546875,1.3986577181207853,0.6600938881024674
2.89529541015625,6.52935302734375,6.3914306640625,1.0093959731543494,0.6184974009245805
9.13904541015625,6.52935302734375,6.3914306640625,3.2590604026847183,0.7988358575070638
2.89529541015625,0.07097412109375,6.3914306640625,0.36375838926174353,0.012006272688839562
2.89529541015625,6.52935302734375,3.7955810546875,0.8724832214764995,0.5253347212982106
9.13904541015625,0.07097412109375,3.7955810546875,0.36510067114093814,0.011496849896797489
4.14404541015625,0.28560302734375004,7.6289306640625,0.37046979865771656,0.045721503093770294
7.89029541015625,0.28560302734375004,7.6289306640625,0.3812080536912734,0.045006506402676325
4.14404541015625,1.31972412109375,7.6289306640625,0.5986577181207997,0.2342856138239421
4.14404541015625,0.28560302734375004,2.5580810546875004,0.36644295302013274,0.04157813798765736
7.89029541015625,1.31972412109375,2.5580810546875004,0.6604026845637516,0.1587006656855816
9.13904541015625,5.28060302734375,2.6789306640625004,2.5852348993289143,0.6251874102519126
2.89529541015625,5.28060302734375,2.6789306640625004,0.66577181208053,0.38350091924158636
9.13904541015625,6.31472412109375,2.6789306640625004,2.744966442953099,0.6659511685926426
9.13904541015625,5.28060302734375,7.5080810546875,3.1865771812081976,0.7804097418677755
2.89529541015625,6.31472412109375,7.5080810546875,1.0281879194630739,0.6311977291975158
6.64154541015625,2.78310302734375,5.1539306640625,1.6738255033556797,0.5274564338876866
5.39279541015625,2.78310302734375,5.1539306640625,1.2859060402684384,0.47649446240585
6.64154541015625,8.81222412109375,5.1539306640625,2.4093959731543917,0.7810367406206735
6.64154541015625,2.78310302734375,9.9830810546875,1.9570469798657417,0.6248101055417304
5.39279541015625,8.81222412109375,9.9830810546875,2.0818791946308535,0.8077557551174921
1.64654541015625,7.77810302734375,0.2039306640625,0.3744966442953004,0.25013113961616956
0.39779541015625003,7.77810302734375,0.2039306640625,0.36644295302013274,0.38114000492642286
1.64654541015625,3.81722412109375,0.2039306640625,0.36912751677852196,0.2020624207987978
1.64654541015625,7.77810302734375,5.0330810546875,0.6255033557046918,0.5354286153581617
0.39779541015625003,3.81722412109375,5.0330810546875,0.37046979865771656,0.34130886306516717
2.2709204101562497,2.15872802734375,5.7726806640624995,0.4214765100671116,0.22981793095327296
3.51967041015625,2.15872802734375,5.7726806640624995,0.6630872483221408,0.3139972412156377
2.2709204101562497,8.18784912109375,5.7726806640624995,0.853691275167775,0.6179843051993369
2.2709204101562497,2.15872802734375,3.1768310546875003,0.38523489932885724,0.1928095903575732
3.51967041015625,8.18784912109375,3.1768310546875003,1.0966442953019988,0.5820255463865521
7.26592041015625,7.15372802734375,0.8226806640625,1.232214765100654,0.354465743287815
8.51467041015625,7.15372802734375,0.8226806640625,1.5315436241610514,0.3863874319991632
7.26592041015625,3.19284912109375,0.8226806640625,0.5489932885905993,0.14400833467085333
7.26592041015625,7.15372802734375,8.1268310546875,2.667114093959799,0.8013878983615056
8.51467041015625,3.19284912109375,8.1268310546875,2.6402684563759022,0.6837575713144733
9.76342041015625,4.65622802734375,8.2476806640625,3.3691275167786943,0.7775214514244049
1.02217041015625,4.65622802734375,8.2476806640625,0.43087248322147387,0.4048393874053716
9.76342041015625,0.69534912109375,8.2476806640625,1.2711409395972977,0.2688269918362399
9.76342041015625,4.65622802734375,5.6518310546874995,3.221476510067263,0.7411193242059976
1.02217041015625,0.69534912109375,5.6518310546874995,0.36644295302013274,0.10102549257385139
4.76842041015625,9.65122802734375,3.2976806640625003,1.6053691275167548,0.6811417290936963
6.0171704101562495,9.65122802734375,3.2976806640625003,2.0510067114093724,0.719768484002512
4.76842041015625,5.69034912109375,3.2976806640625003,1.331543624161055,0.5552571729718282
4.76842041015625,9.65122802734375,0.7018310546875,0.8053691275167691,0.32442553013492087
6.0171704101562495,5.69034912109375,0.7018310546875,0.7100671140939521,0.229685273154836
3.51967041015625,3.4074780273437497,2.0601806640625,0.4939597315436204,0.22684891195905899
7.26592041015625,3.4074780273437497,2.0601806640625,1.3288590604026658,0.3807946995297127
3.51967041015625,6.93909912109375,2.0601806640625,0.8389261744966343,0.4323447693744115
3.51967041015625,3.4074780273437497,4.4143310546875,0.8080536912751584,0.4058612842074323
7.26592041015625,6.93909912109375,4.4143310546875,2.4577181208054055,0.7341462682052773
8.51467041015625,8.40247802734375,7.0101806640625,3.175838926174639,0.8310231776802477
2.2709204101562497,8.40247802734375,7.0101806640625,0.8926174496644186,0.650390536517112
8.51467041015625,1.9440991210937502,7.0101806640625,2.1221476510066983,0.5409309530326472
8.51467041015625,8.40247802734375,9.3643310546875,3.2348993288592114,0.847616328061651
2.2709204101562497,1.9440991210937502,9.3643310546875,0.46308724832214443,0.259468828625491
6.0171704101562495,0.90997802734375,4.5351806640625,0.42550335570469544,0.10733349247353668
9.76342041015625,0.90997802734375,4.5351806640625,1.1315436241610586,0.23823143386792928
6.0171704101562495,4.44159912109375,4.5351806640625,1.7503355704697723,0.6065173087797364
6.0171704101562495,0.90997802734375,6.8893310546875,0.6389261744966379,0.1840763823607896
9.76342041015625,4.44159912109375,6.8893310546875,3.2738255033558614,0.7541286365113032
1.02217041015625,5.90497802734375,9.4851806640625,0.4778523489932851,0.48642842873752734
4.76842041015625,5.90497802734375,9.4851806640625,1.6979865771811826,0.7227937837894538
1.02217041015625,9.43659912109375,9.4851806640625,0.5503355704697939,0.6088865443203398
1.02217041015625,5.90497802734375,1.9393310546875002,0.3798657718120788,0.33275778970837855
4.76842041015625,9.43659912109375,1.9393310546875002,1.3288590604026658,0.5566127580540943
0.70998291015625,1.22216552734375,1.1320556640625001,0.36510067114093814,0.14489681241799174
5.08060791015625,1.22216552734375,1.1320556640625001,0.3744966442953004,0.09399616627039177
0.70998291015625,0.38316162109375,1.1320556640625001,0.36375838926174353,0.056024794691643676
0.70998291015625,1.22216552734375,9.0549560546875,0.36912751677852196,0.16548354237655966
5.08060791015625,0.38316162109375,9.0549560546875,0.3798657718120788,0.060762352488395024
5.70498291015625,6.21716552734375,6.0820556640625,1.953020134228158,0.716507622504032
0.08560791015625,6.21716552734375,6.0820556640625,0.36510067114093814,0.44914018144640083
5.70498291015625,5.37816162109375,6.0820556640625,1.87785234899326,0.6867667896591817
5.70498291015625,6.21716552734375,4.1049560546874995,1.8040268456375566,0.6579066133978901
0.08560791015625,5.37816162109375,4.1049560546874995,0.36510067114093814,0.4143597260421836
8.20248291015625,3.71966552734375,3.6070556640625,2.195973154362414,0.5817355770401529
7.57810791015625,3.71966552734375,3.6070556640625,1.9892617449664123,0.5635023550976903
8.20248291015625,7.87566162109375,3.6070556640625,2.77583892617458,0.7459093380934657
8.20248291015625,3.71966552734375,1.6299560546875,1.4348993288590397,0.3709773328608225
7.57810791015625,7.87566162109375,1.6299560546875,1.9677852348992986,0.5588899853160103
3.2074829101562496,8.71466552734375,8.5570556640625,1.256375838926157,0.7289895743849724
2.58310791015625,8.71466552734375,8.5570556640625,1.0362416107382415,0.6987352935479181
3.2074829101562496,2.8806616210937497,8.5570556640625,0.8416107382550235,0.45444751767030134
3.2074829101562496,8.71466552734375,6.5799560546875,1.2147651006711242,0.7023908843289132
2.58310791015625,2.8806616210937497,6.5799560546875,0.614765100671135,0.3656935594298224
4.45623291015625,4.96841552734375,7.3195556640624995,1.457718120805348,0.6487525525270642
3.8318579101562498,4.96841552734375,7.3195556640624995,1.2456375838926002,0.6205889268088054
4.45623291015625,4.12941162109375,7.3195556640624995,1.3664429530201148,0.6036019865290462
4.45623291015625,4.96841552734375,7.8174560546875,1.4738255033556833,0.6566196747717845
3.8318579101562498,4.12941162109375,7.8174560546875,1.1785234899328698,0.5823850925608738
9.45123291015625,9.96341552734375,2.3695556640625,3.1167785234900665,0.7373028733599641
8.82685791015625,9.96341552734375,2.3695556640625,2.8899328859061404,0.7263553069967039
9.45123291015625,9.12441162109375,2.3695556640625,3.0523489932887147,0.7213135016765129
9.45123291015625,9.96341552734375,2.8674560546875,3.2510067114095493,0.7707647039715471
8.82685791015625,9.12441162109375,2.8674560546875,2.963758389261856,0.7459051457163319
6.9537329101562495,2.4709155273437498,9.7945556640625,1.9691275167784932,0.6028229657087008
1.33435791015625,2.4709155273437498,9.7945556640625,0.40402684563758173,0.27959156795929296
6.9537329101562495,6.6269116210937495,9.7945556640625,2.5530201342282384,0.7969309050776724
6.9537329101562495,2.4709155273437498,0.3924560546875,0.38389261744966263,0.09085492070218984
1.33435791015625,6.6269116210937495,0.3924560546875,0.3731543624161058,0.2703820710929111
1.95873291015625,7.46591552734375,4.8445556640625,0.6993288590603952,0.5438441090495025
6.32935791015625,7.46591552734375,4.8445556640625,2.1932885906040243,0.738405012186615
1.95873291015625,1.63191162109375,4.8445556640625,0.3812080536912734,0.18214291098012053
1.95873291015625,7.46591552734375,5.3424560546875,0.7167785234899251,0.5598209476994774
6.32935791015625,1.63191162109375,5.3424560546875,1.1261744966442802,0.35407717449060633
1.33435791015625,3.09529052734375,9.1758056640625,0.42416107382550083,0.32536637385743683
9.45123291015625,3.09529052734375,9.1758056640625,2.994630872483337,0.7083582724876001
1.33435791015625,6.00253662109375,9.1758056640625,0.5583892617449615,0.5208127413123717
1.33435791015625,3.09529052734375,7.1987060546874995,0.40939597315436016,0.30585192435129777
9.45123291015625,6.00253662109375,7.1987060546874995,3.3664429530203046,0.8008963803643241
6.32935791015625,8.09029052734375,4.2258056640624995,2.181208053691271,0.7340370654301346
4.45623291015625,8.09029052734375,4.2258056640624995,1.5114093959731323,0.6764188589246263
6.32935791015625,1.00753662109375,4.2258056640624995,0.5060402684563718,0.13333797698663558
6.32935791015625,8.09029052734375,2.2487060546875,1.833557046979838,0.610552497039329
4.45623291015625,1.00753662109375,2.2487060546875,0.3771812080536896,0.10017812668031431
8.82685791015625,0.59779052734375,6.7008056640625,0.6791946308724761,0.13976921363389616
6.9537329101562495,0.59779052734375,6.7008056640625,0.4161073825503332,0.08488459641954159
8.82685791015625,3.50503662109375,6.7008056640625,2.743624161073904,0.6882715493918152
8.82685791015625,0.59779052734375,4.7237060546875,0.42550335570469544,0.0754992085574442
6.9537329101562495,3.50503662109375,4.7237060546875,1.9127516778523197,0.5845834997132594
3.8318579101562498,5.59279052734375,1.7508056640625,0.7315436241610658,0.3447877896285722
1.95873291015625,5.59279052734375,1.7508056640625,0.40671140939597095,0.27177201519488736
3.8318579101562498,8.50003662109375,1.7508056640625,0.9449664429530082,0.4620919479221954
3.8318579101562498,5.59279052734375,9.6737060546875,1.3489932885905849,0.6784042440812335
1.95873291015625,8.50003662109375,9.6737060546875,0.8308724832214667,0.6665883491233066
2.58310791015625,1.84654052734375,2.9883056640625,0.382550335570468,0.1699994107905369
0.70998291015625,1.84654052734375,2.9883056640625,0.36778523489932735,0.20622665899999568
2.58310791015625,9.74878662109375,2.9883056640625,0.8483221476509966,0.5599002678741632
2.58310791015625,1.84654052734375,5.9612060546875,0.4214765100671116,0.2072133678588597
0.70998291015625,9.74878662109375,5.9612060546875,0.4389261744966415,0.5341769901397254
7.57810791015625,6.84154052734375,7.9383056640625,2.758389261745047,0.7986635894552045
5.70498291015625,6.84154052734375,7.9383056640625,2.0644295302013207,0.7607492308338171
7.57810791015625,4.75378662109375,7.9383056640625,2.565100671140992,0.739443201941994
7.57810791015625,6.84154052734375,1.0112060546875001,1.4281879194630667,0.39883324163038986
5.70498291015625,4.75378662109375,1.0112060546875001,0.7221476510067035,0.24383236705742628
5.08060791015625,4.34404052734375,0.5133056640625,0.3986577181208033,0.1321482406726321
3.2074829101562496,4.34404052734375,0.5133056640625,0.3812080536912734,0.16674204308536736
5.08060791015625,2.25628662109375,0.5133056640625,0.3771812080536896,0.1076569560764613
5.08060791015625,4.34404052734375,3.4862060546875,1.2912751677852168,0.507099188553734
3.2074829101562496,2.25628662109375,3.4862060546875,0.44697986577180915,0.20444387015173515
0.08560791015625,9.33904052734375,5.4633056640625,0.36644295302013274,0.5281305184279916
8.20248291015625,9.33904052734375,5.4633056640625,3.0389261744967664,0.8212143505244911
0.08560791015625,7.25128662109375,5.4633056640625,0.36644295302013274,0.479863267392449
0.08560791015625,9.33904052734375,8.4362060546875,0.36778523489932735,0.5387711340438012
8.20248291015625,7.25128662109375,8.4362060546875,3.033557046979987,0.8202867338946319
0.06609619140625,4.36355224609375,8.8470947265625,0.36510067114093814,0.3853265781164408
0.37828369140625,4.36355224609375,8.8470947265625,0.375838926174495,0.38356200183531597
0.06609619140625,8.87075927734375,8.8470947265625,0.36644295302013274,0.5297248357197324
0.06609619140625,4.36355224609375,2.2293701171875,0.36375838926174353,0.36476999324889336
0.37828369140625,8.87075927734375,2.2293701171875,0.37181208053691117,0.4600518778652525
5.06109619140625,9.35855224609375,3.8970947265625004,1.7610738255033291,0.7138551876784284
5.37328369140625,9.35855224609375,3.8970947265625004,1.873825503355676,0.7234636105718149
5.06109619140625,3.8757592773437497,3.8970947265625004,1.2711409395972977,0.4994268767513081
5.06109619140625,9.35855224609375,7.1793701171875,1.9261744966442658,0.7862077885603173
5.37328369140625,3.8757592773437497,7.1793701171875,1.634899328859036,0.6231150784603835
7.55859619140625,1.86605224609375,6.3720947265625,1.720805369127491,0.4817117399988462
2.87578369140625,1.86605224609375,6.3720947265625,0.48322147651006353,0.23734870414641998
7.55859619140625,1.37825927734375,6.3720947265625,1.4026845637583691,0.3840961177830605
7.55859619140625,1.86605224609375,9.6543701171875,1.928859060402655,0.5452899514627527
2.87578369140625,1.37825927734375,9.6543701171875,0.4402684563758361,0.19543201151200326
2.56359619140625,6.86105224609375,1.4220947265625001,0.48993288590603656,0.2946710398305493
7.87078369140625,6.86105224609375,1.4220947265625001,1.8134228187919188,0.4953360324237797
2.56359619140625,6.37325927734375,1.4220947265625001,0.46711409395972825,0.2766990914424073
2.56359619140625,6.86105224609375,4.7043701171875,0.8496644295301912,0.5597398248624744
7.87078369140625,6.37325927734375,4.7043701171875,2.65637583892624,0.7401925261220945
3.8123461914062498,0.6173022460937501,2.6595947265625,0.37046979865771656,0.07805356327722324
9.11953369140625,0.6173022460937501,2.6595947265625,0.38657718120805185,0.06182822589609502
3.8123461914062498,5.1245092773437495,2.6595947265625,0.8818791946308617,0.4256518264216215
3.8123461914062498,0.6173022460937501,0.9918701171875,0.36644295302013274,0.06939055910029744
9.11953369140625,5.1245092773437495,0.9918701171875,1.508724832214743,0.35633450265027755
8.80734619140625,5.6123022460937495,7.6095947265625,3.103355704698118,0.7858614345884174
4.12453369140625,5.6123022460937495,7.6095947265625,1.4053691275167584,0.6666559213872523
8.80734619140625,0.12950927734375,7.6095947265625,0.37046979865771656,0.02152252603057613
8.80734619140625,5.6123022460937495,5.9418701171874995,3.020134228188039,0.763283986101267
4.12453369140625,0.12950927734375,5.9418701171874995,0.36644295302013274,0.021488363612895717
6.30984619140625,3.11480224609375,0.1845947265625,0.3812080536912734,0.09755515774705088
6.62203369140625,3.11480224609375,0.1845947265625,0.382550335570468,0.09487582192943554
6.30984619140625,2.62700927734375,0.1845947265625,0.3785234899328842,0.0932292292142042
6.30984619140625,3.11480224609375,8.4168701171875,1.867114093959703,0.6223749136749356
6.62203369140625,2.62700927734375,8.4168701171875,1.8510067114093678,0.5896718157143183
1.3148461914062501,8.10980224609375,5.1345947265625,0.54630872483221,0.5210738041740864
1.62703369140625,8.10980224609375,5.1345947265625,0.6322147651006649,0.5475315321525589
1.3148461914062501,7.62200927734375,5.1345947265625,0.5342281879194586,0.5046563524666616
1.3148461914062501,8.10980224609375,3.4668701171875003,0.48859060402684196,0.4525124294483931
1.62703369140625,7.62200927734375,3.4668701171875003,0.5476510067114047,0.4587771412495207
1.93922119140625,2.4904272460937498,0.8033447265625,0.37046979865771656,0.17790617275006068
4.74890869140625,2.4904272460937498,0.8033447265625,0.382550335570468,0.12112569419880882
1.93922119140625,4.50013427734375,0.8033447265625,0.3771812080536896,0.2217493922603674
1.93922119140625,2.4904272460937498,4.0856201171875,0.3932885906040249,0.2270694517659144
4.74890869140625,4.50013427734375,4.0856201171875,1.2926174496644114,0.5382243837823922
6.93422119140625,7.48542724609375,5.7533447265625,2.4751677852349383,0.7725826026490181
9.74390869140625,7.48542724609375,5.7533447265625,3.527516778523684,0.8168576698127619
6.93422119140625,9.49513427734375,5.7533447265625,2.5825503355705246,0.8082176748085894
6.93422119140625,7.48542724609375,9.0356201171875,2.5838926174497194,0.8091394183328092
9.74390869140625,9.49513427734375,9.0356201171875,3.748993288590831,0.8712470624982048
9.43172119140625,4.98792724609375,3.2783447265625,2.8093959731544507,0.6623955149713856
2.2514086914062497,4.98792724609375,3.2783447265625,0.5597315436241561,0.3720496198574713
9.43172119140625,6.99763427734375,3.2783447265625,3.08724832214778,0.7315480707257109
9.43172119140625,4.98792724609375,6.5606201171875,3.2120805369128993,0.7636918755943082
2.2514086914062497,6.99763427734375,6.5606201171875,0.8268456375838829,0.597348518720595
4.43672119140625,9.98292724609375,8.2283447265625,1.7382550335570208,0.790360941445454
7.24640869140625,9.98292724609375,8.2283447265625,2.7959731543625024,0.8444669989592386
4.43672119140625,2.0026342773437498,8.2283447265625,0.9744966442952896,0.4095473773397606
4.43672119140625,9.98292724609375,1.6106201171875,1.1557046979865615,0.5099183055602098
7.24640869140625,2.0026342773437498,1.6106201171875,0.5906040268456321,0.15352193843698986
3.18797119140625,3.73917724609375,6.9908447265625,0.90469798657717,0.5006928653980893
5.99765869140625,3.73917724609375,6.9908447265625,1.816107382550308,0.6327130860278436
3.18797119140625,0.7538842773437501,6.9908447265625,0.3812080536912734,0.10627128388267906
3.18797119140625,3.73917724609375,2.8481201171875004,0.6026845637583835,0.3122947331885026
5.99765869140625,0.7538842773437501,2.8481201171875004,0.3812080536912734,0.0809069625912063
8.18297119140625,8.73417724609375,2.0408447265625003,2.445637583892652,0.6542407202720615
1.00265869140625,8.73417724609375,2.0408447265625003,0.3932885906040249,0.385452018521931
8.18297119140625,5.74888427734375,2.0408447265625003,2.0912751677852173,0.5545993649475496
8.18297119140625,8.73417724609375,7.7981201171875,3.08993288590617,0.8381135578361136
1.00265869140625,5.74888427734375,7.7981201171875,0.4536912751677822,0.4548400423710051
5.68547119140625,1.24167724609375,9.4658447265625,0.9973154362415979,0.3356455424619137
8.49515869140625,1.24167724609375,9.4658447265625,1.791946308724805,0.4506393090336426
5.68547119140625,8.24638427734375,9.4658447265625,2.1610738255033484,0.8016533012802664
5.68547119140625,1.24167724609375,5.3231201171875,0.7167785234899251,0.22790294092029395
8.49515869140625,8.24638427734375,5.3231201171875,3.080536912751806,0.8061291662514445
0.69047119140625,6.23667724609375,4.5158447265624995,0.38791946308724645,0.41127266900084614
3.50015869140625,6.23667724609375,4.5158447265624995,1.0979865771811934,0.5833571356908192
0.69047119140625,3.25138427734375,4.5158447265624995,0.3731543624161058,0.3005878749007197
0.69047119140625,6.23667724609375,0.37312011718750004,0.36778523489932735,0.3223043732230113
3.50015869140625,3.25138427734375,0.37312011718750004,0.375838926174495,0.1427355107453963
1.00265869140625,0.92948974609375,6.0627197265624995,0.36778523489932735,0.1289442141027008
6.30984619140625,0.92948974609375,6.0627197265624995,0.6483221476510002,0.18098178853182562
1.00265869140625,6.68544677734375,6.0627197265624995,0.4550335570469768,0.46492716979430543
1.00265869140625,0.92948974609375,8.1074951171875,0.36912751677852196,0.1317218376702598
6.30984619140625,6.68544677734375,8.1074951171875,2.280536912751688,0.7723859920630427
5.99765869140625,5.92448974609375,1.1127197265625002,0.9999999999999871,0.33499800118445977
1.3148461914062501,5.92448974609375,1.1127197265625002,0.3771812080536896,0.28820975707539964
5.99765869140625,1.6904467773437502,1.1127197265625002,0.38389261744966263,0.09862468269795044
5.99765869140625,5.92448974609375,3.1574951171875,1.734228187919437,0.6030936581109199
1.3148461914062501,1.6904467773437502,3.1574951171875,0.37046979865771656,0.1846958400573367
8.49515869140625,3.4269897460937497,8.5377197265625,2.704697986577254,0.7030828202697078
8.80734619140625,3.4269897460937497,8.5377197265625,2.816107382550425,0.7093701503572962
8.49515869140625,4.1879467773437495,8.5377197265625,2.8429530201343214,0.7412714495441812
8.49515869140625,3.4269897460937497,0.6824951171875,0.6684563758389193,0.15745478328994272
8.80734619140625,4.1879467773437495,0.6824951171875,0.9140939597315323,0.21545599129585746
3.50015869140625,8.42198974609375,3.5877197265625003,1.1463087248321993,0.613777577710413
3.8123461914062498,8.42198974609375,3.5877197265625003,1.249664429530184,0.6285158602131045
3.50015869140625,9.18294677734375,3.5877197265625003,1.1798657718120644,0.6339639029798836
3.50015869140625,8.42198974609375,5.6324951171875,1.2751677852348815,0.6895253252107573
3.8123461914062498,9.18294677734375,5.6324951171875,1.4147651006711206,0.7195942945117629
4.74890869140625,4.6757397460937495,2.3502197265625,1.0120805369127386,0.4126062677002598
2.56359619140625,4.6757397460937495,2.3502197265625,0.5046979865771772,0.2985565131978366
4.74890869140625,7.93419677734375,2.3502197265625,1.3342281879194442,0.5601512957633439
4.74890869140625,4.6757397460937495,9.3449951171875,1.5865771812080303,0.6732338648154406
2.56359619140625,7.93419677734375,9.3449951171875,1.0161073825503224,0.6867084947461135
9.74390869140625,9.67073974609375,7.3002197265625,3.71543624161096,0.8628498415976877
7.55859619140625,9.67073974609375,7.3002197265625,2.8805369127517766,0.8379614071401289
9.74390869140625,2.9391967773437497,7.3002197265625,2.962416107382661,0.6799981781282134
9.74390869140625,9.67073974609375,4.3949951171874995,3.5637583892619444,0.8252109823575106
7.55859619140625,2.9391967773437497,4.3949951171874995,1.9140939597315143,0.5415692518877716
7.24640869140625,2.17823974609375,4.8252197265625,1.5973154362415871,0.46245297887042064
0.06609619140625,2.17823974609375,4.8252197265625,0.36375838926174353,0.24754328773587367
7.24640869140625,0.44169677734375,4.8252197265625,0.382550335570468,0.06012840295390893
7.24640869140625,2.17823974609375,1.9199951171875,0.8134228187919368,0.22151750463789865
0.06609619140625,0.44169677734375,1.9199951171875,0.36375838926174353,0.06645490724680335
2.2514086914062497,7.17323974609375,9.7752197265625,0.8885906040268348,0.6492318089389622
5.06109619140625,7.17323974609375,9.7752197265625,1.884563758389233,0.767891872805081
2.2514086914062497,5.43669677734375,9.7752197265625,0.8134228187919368,0.5822368644431244
2.2514086914062497,7.17323974609375,6.8699951171875,0.8416107382550235,0.6099435304777611
5.06109619140625,5.43669677734375,6.8699951171875,1.6926174496644042,0.6832120521933829
1.62703369140625,2.80261474609375,4.2064697265625,0.39060402684563567,0.2500315213275973
8.18297119140625,2.80261474609375,4.2064697265625,2.037583892617424,0.5379551128629984
1.62703369140625,2.31482177734375,4.2064697265625,0.38389261744966263,0.2257134432306679
1.62703369140625,2.80261474609375,6.2512451171875,0.413422818791944,0.2785650911000141
8.18297119140625,2.31482177734375,6.2512451171875,2.1208053691275035,0.5612119070559922
6.62203369140625,7.79761474609375,9.1564697265625,2.484563758389302,0.8097593190263253
3.18797119140625,7.79761474609375,9.1564697265625,1.225503355704681,0.7123175142141658
6.62203369140625,7.30982177734375,9.1564697265625,2.4590604026846004,0.8009088643831674
6.62203369140625,7.79761474609375,1.3012451171875001,1.4845637583892402,0.46924337136314015
3.18797119140625,7.30982177734375,1.3012451171875001,0.5986577181207997,0.31933292779689193
9.11953369140625,0.30511474609375,1.7314697265625,0.36912751677852196,0.037137042424794084
5.68547119140625,0.30511474609375,1.7314697265625,0.36644295302013274,0.04069951007933122
9.11953369140625,9.80732177734375,1.7314697265625,2.7167785234900075,0.6604387009427406
9.11953369140625,0.30511474609375,3.7762451171875,0.375838926174495,0.04184248253113658
5.68547119140625,9.80732177734375,3.7762451171875,1.9959731543623853,0.7358871107211977
4.12453369140625,5.30011474609375,6.6814697265625,1.3503355704697795,0.6377545858852367
0.69047119140625,5.30011474609375,6.6814697265625,0.3932885906040249,0.4070660312391231
4.12453369140625,4.81232177734375,6.6814697265625,1.3060402684563575,0.6143294703649725
4.12453369140625,5.30011474609375,8.7262451171875,1.4107382550335368,0.6692204667213166
0.69047119140625,4.81232177734375,8.7262451171875,0.3959731543624141,0.4027510838951954
2.87578369140625,1.55386474609375,7.9189697265625,0.45100671140939297,0.2084028135479481
1.93922119140625,1.55386474609375,7.9189697265625,0.3919463087248303,0.19308622814643278
2.87578369140625,3.56357177734375,7.9189697265625,0.8214765100671044,0.4842632005322369
2.87578369140625,1.55386474609375,7.4887451171874995,0.4402684563758361,0.2010354233911362
1.93922119140625,3.56357177734375,7.4887451171874995,0.5597315436241561,0.3999735285522777
7.87078369140625,6.54886474609375,2.9689697265625004,2.408053691275197,0.667007731949003
6.93422119140625,6.54886474609375,2.9689697265625004,2.0818791946308535,0.6425631517746795
7.87078369140625,8.55857177734375,2.9689697265625004,2.594630872483278,0.7217721437837175
7.87078369140625,6.54886474609375,2.5387451171875,2.289932885906052,0.6325769164413502
6.93422119140625,8.55857177734375,2.5387451171875,2.1597315436241535,0.6683545529902604
5.37328369140625,4.05136474609375,5.4439697265625,1.5597315436241381,0.5921440299011915
4.43672119140625,4.05136474609375,5.4439697265625,1.2536912751677678,0.5510077577107019
5.37328369140625,6.06107177734375,5.4439697265625,1.785234899328832,0.6863405601056505
5.37328369140625,4.05136474609375,5.0137451171875,1.5234899328858837,0.5772592054680632
4.43672119140625,6.06107177734375,5.0137451171875,1.4322147651006505,0.6395379919077337
0.37828369140625,9.04636474609375,0.49396972656250004,0.36644295302013274,0.41630649503004424
9.43172119140625,9.04636474609375,0.49396972656250004,1.5812080536912518,0.3643721167653503
0.37828369140625,1.06607177734375,0.49396972656250004,0.36375838926174353,0.13102079565471228
0.37828369140625,9.04636474609375,9.9637451171875,0.3959731543624141,0.540852058013788
9.43172119140625,1.06607177734375,9.9637451171875,1.9127516778523197,0.43832329319018715
0.53437744140625,1.70995849609375,3.4330322265625,0.36644295302013274,0.20022073767129223
5.21718994140625,1.70995849609375,3.4330322265625,0.6295302013422757,0.21406648683597654
0.53437744140625,7.77810302734375,3.4330322265625,0.3798657718120788,0.4420335445099137
0.53437744140625,1.70995849609375,8.5715576171875,0.36912751677852196,0.2122776218487433
5.21718994140625,7.77810302734375,8.5715576171875,1.9503355704697687,0.7755357517025809
5.5293774414062495,6.70495849609375,8.3830322265625,2.0026845637583586,0.757390631837239
0.22218994140625,6.70495849609375,8.3830322265625,0.3731543624161058,0.47011758323007824
5.5293774414062495,2.78310302734375,8.3830322265625,1.5315436241610514,0.5645808069634121
5.5293774414062495,6.70495849609375,3.6215576171875004,1.7261744966442694,0.6454741668985395
0.22218994140625,2.78310302734375,3.6215576171875004,0.36510067114093814,0.2829152385190621
8.02687744140625,4.20745849609375,0.9580322265625,1.0295302013422685,0.266014198970655
7.71468994140625,4.20745849609375,0.9580322265625,0.9677852348993166,0.2578315058325856
8.02687744140625,0.28560302734375004,0.9580322265625,0.36644295302013274,0.034067063130245184
8.02687744140625,4.20745849609375,1.1465576171875,1.1825503355704536,0.3084866592023189
7.71468994140625,0.28560302734375004,1.1465576171875,0.36644295302013274,0.035003976808966955
3.03187744140625,9.20245849609375,5.9080322265625,1.1489932885905885,0.6915679104209671
2.7196899414062496,9.20245849609375,5.9080322265625,1.04161073825502,0.6757434903401189
3.03187744140625,5.28060302734375,5.9080322265625,0.9583892617449543,0.5606341129464423
3.03187744140625,9.20245849609375,6.0965576171875,1.1557046979865615,0.6959715703739803
2.7196899414062496,5.28060302734375,6.0965576171875,0.8684563758389157,0.5452390786469625
4.28062744140625,2.9587084960937498,9.6205322265625,1.205369127516762,0.5416279305544638
3.96843994140625,2.9587084960937498,9.6205322265625,1.1087248322147503,0.5254592595204983
4.28062744140625,6.52935302734375,9.6205322265625,1.563758389261722,0.7262594717926725
4.28062744140625,2.9587084960937498,9.8090576171875,1.2107382550335404,0.5442919517951249
3.96843994140625,6.52935302734375,9.8090576171875,1.4550335570469588,0.7163196970792762
9.27562744140625,7.95370849609375,4.6705322265625,3.3046979865773425,0.7988312026532882
8.96343994140625,7.95370849609375,4.6705322265625,3.1879194630873924,0.7944182490848344
9.27562744140625,1.53435302734375,4.6705322265625,1.771812080536886,0.4108949050222499
9.27562744140625,7.95370849609375,4.8590576171875,3.3221476510068753,0.8033002606416135
8.96343994140625,1.53435302734375,4.8590576171875,1.7181208053691017,0.41031920764987306
6.77812744140625,0.46120849609375003,7.1455322265625,0.3919463087248303,0.06809874043776773
1.47093994140625,0.46120849609375003,7.1455322265625,0.36644295302013274,0.07123714817154474
6.77812744140625,4.03185302734375,7.1455322265625,2.1436241610738156,0.6766345253730571
6.77812744140625,0.46120849609375003,2.3840576171875,0.37181208053691117,0.05552323721910968
1.47093994140625,4.03185302734375,2.3840576171875,0.38389261744966263,0.2715376600468717
1.7831274414062501,5.45620849609375,2.1955322265625004,0.413422818791944,0.2939278740095622
6.4659399414062495,5.45620849609375,2.1955322265625004,1.5718120805368896,0.5077689275528542
1.7831274414062501,9.02685302734375,2.1955322265625004,0.5288590604026802,0.4188185278886177
1.7831274414062501,5.45620849609375,7.3340576171875,0.6348993288590541,0.508975672283891
6.4659399414062495,9.02685302734375,7.3340576171875,2.4416107382550676,0.8122350563388159
2.40750244140625,4.83183349609375,6.5267822265625,0.7583892617449579,0.5089611002193217
9.58781494140625,4.83183349609375,6.5267822265625,3.246979865771965,0.7604945180034588
2.40750244140625,3.4074780273437497,6.5267822265625,0.6335570469798595,0.40340441051474735
2.40750244140625,4.83183349609375,5.4778076171875,0.7194630872483143,0.47854414328072054
9.58781494140625,3.4074780273437497,5.4778076171875,2.884563758389361,0.6709598979886969
7.40250244140625,9.82683349609375,1.5767822265625002,2.0563758389261517,0.5984100614903686
4.59281494140625,9.82683349609375,1.5767822265625002,1.181208053691259,0.5068936971501534
7.40250244140625,8.40247802734375,1.5767822265625002,1.935570469798628,0.5612994839872187
7.40250244140625,9.82683349609375,0.5278076171875,1.2389261744966271,0.35153952101236846
4.59281494140625,8.40247802734375,0.5278076171875,0.5999999999999943,0.2405827518164504
9.90000244140625,2.3343334960937496,9.0017822265625,2.900671140939699,0.6553050580608758
7.09031494140625,2.3343334960937496,9.0017822265625,1.9409395973154064,0.5827923785881723
9.90000244140625,5.90497802734375,9.0017822265625,3.5852348993290617,0.8191897804048627
9.90000244140625,2.3343334960937496,3.0028076171875,2.0362416107382293,0.44997907000089565
7.09031494140625,5.90497802734375,3.0028076171875,2.068456375838905,0.6251839635747108
4.90500244140625,7.32933349609375,4.0517822265625,1.6067114093959494,0.6644632570450009
2.09531494140625,7.32933349609375,4.0517822265625,0.6953020134228114,0.5154155926326227
4.90500244140625,0.90997802734375,4.0517822265625,0.39060402684563567,0.10351776520691351
4.90500244140625,7.32933349609375,7.9528076171875,1.7999999999999727,0.7512433766839334
2.09531494140625,0.90997802734375,7.9528076171875,0.3771812080536896,0.12754968686128965
3.65625244140625,1.08558349609375,0.3392822265625,0.36778523489932735,0.08974139493722262
0.84656494140625,1.08558349609375,0.3392822265625,0.36375838926174353,0.12306499444967077
3.65625244140625,2.15872802734375,0.3392822265625,0.37181208053691117,0.12113321552090638
3.65625244140625,1.08558349609375,6.7153076171874995,0.40671140939597095,0.1401104527410263
0.84656494140625,2.15872802734375,6.7153076171874995,0.3744966442953004,0.24244610356897667
8.65125244140625,6.08058349609375,5.2892822265624995,2.965100671141051,0.7611522016476138
5.84156494140625,6.08058349609375,5.2892822265624995,1.9436241610737957,0.697696046800541
8.65125244140625,7.15372802734375,5.2892822265624995,3.0617449664430785,0.7873353271476116
8.65125244140625,6.08058349609375,1.7653076171875002,2.1503355704697897,0.5426419260092792
5.84156494140625,7.15372802734375,1.7653076171875002,1.4228187919462882,0.5008789687855253
6.15375244140625,3.58308349609375,2.8142822265625003,1.3275167785234712,0.44103978865699467
3.3440649414062498,3.58308349609375,2.8142822265625003,0.6107382550335512,0.30540731983449876
6.15375244140625,9.65122802734375,2.8142822265625003,2.0201342281878913,0.6940763085293735
6.15375244140625,3.58308349609375,4.2403076171875,1.6053691275167548,0.5410041326778501
3.3440649414062498,9.65122802734375,4.2403076171875,1.1959731543623997,0.6680187267469
1.15875244140625,8.57808349609375,7.7642822265625,0.5597315436241561,0.5784064864952259
8.33906494140625,8.57808349609375,7.7642822265625,3.1409395973155734,0.837741348815057
1.15875244140625,4.65622802734375,7.7642822265625,0.45100671140939297,0.4098069972831824
1.15875244140625,8.57808349609375,9.1903076171875,0.5731543624161022,0.5959866724027816
8.33906494140625,4.65622802734375,9.1903076171875,2.8724832214766076,0.7626588519216407
0.84656494140625,3.27089599609375,1.8861572265625002,0.36912751677852196,0.2689672781314639
1.7831274414062501,3.27089599609375,1.8861572265625002,0.3798657718120788,0.22807584858629293
0.84656494140625,5.59279052734375,1.8861572265625002,0.3744966442953004,0.33845771443601846
0.84656494140625,3.27089599609375,1.4559326171875002,0.36912751677852196,0.2632376586857634
1.7831274414062501,5.59279052734375,1.4559326171875002,0.38926174496644106,0.2657196525109618
5.84156494140625,8.26589599609375,6.8361572265624995,2.1597315436241535,0.7815252629939984
6.77812744140625,8.26589599609375,6.8361572265624995,2.508724832214809,0.8005069375947846
5.84156494140625,0.59779052734375,6.8361572265624995,0.3973154362416087,0.08469017003317807
5.84156494140625,8.26589599609375,6.4059326171875,2.1449664429530104,0.7757462343523509
6.77812744140625,0.59779052734375,6.4059326171875,0.40805369127516555,0.08302444871252739
8.33906494140625,0.77339599609375,4.3611572265625,0.5825503355704644,0.12454800845237342
4.28062744140625,0.77339599609375,4.3611572265625,0.3812080536912734,0.09677510697258014
8.33906494140625,3.09529052734375,4.3611572265625,2.2134228187919467,0.5774594758887347
8.33906494140625,0.77339599609375,8.8809326171875,1.123489932885891,0.2704719203316792
4.28062744140625,3.09529052734375,8.8809326171875,1.2107382550335404,0.5446126807514899
3.3440649414062498,5.76839599609375,9.3111572265625,1.1852348993288429,0.6584297217539088
9.27562744140625,5.76839599609375,9.3111572265625,3.3449664429531873,0.8101495519998263
3.3440649414062498,8.09029052734375,9.3111572265625,1.293959731543606,0.7275541741680056
3.3440649414062498,5.76839599609375,3.9309326171875,0.9691275167785112,0.5263354577872617
9.27562744140625,8.09029052734375,3.9309326171875,3.2348993288592114,0.7808424508717271
4.59281494140625,2.02214599609375,5.5986572265625,0.8724832214764995,0.35071675795267676
8.02687744140625,2.02214599609375,5.5986572265625,1.8657718120805085,0.49757484765645266
4.59281494140625,9.33904052734375,5.5986572265625,1.7006711409395718,0.7487589592648067
4.59281494140625,2.02214599609375,0.2184326171875,0.37181208053691117,0.10304410110442
8.02687744140625,9.33904052734375,0.2184326171875,0.9530201342281759,0.24723061017938364
9.58781494140625,7.01714599609375,0.6486572265625,1.5691275167785004,0.35548979525727664
3.03187744140625,7.01714599609375,0.6486572265625,0.40402684563758173,0.2045455595492139
9.58781494140625,4.34404052734375,0.6486572265625,1.0536912751677714,0.23252550556798868
9.58781494140625,7.01714599609375,5.1684326171874995,3.3906040268458115,0.7955337830753981
3.03187744140625,4.34404052734375,5.1684326171874995,0.8416107382550235,0.48141895985153826
7.09031494140625,4.51964599609375,8.073657226562501,2.3637583892617675,0.720888588439577
5.5293774414062495,4.51964599609375,8.073657226562501,1.8080536912751404,0.6778985525816513
7.09031494140625,1.84654052734375,8.073657226562501,1.6926174496644042,0.5016912661681102
7.09031494140625,4.51964599609375,7.6434326171875,2.3476510067114296,0.7155819709015881
5.5293774414062495,1.84654052734375,7.6434326171875,1.1973154362415943,0.4277733721299635
2.09531494140625,9.51464599609375,3.1236572265625,0.7073825503355629,0.5303667936089799
0.53437744140625,9.51464599609375,3.1236572265625,0.38389261744966263,0.4699540705625057
2.09531494140625,6.84154052734375,3.1236572265625,0.6107382550335512,0.4414017202439248
2.09531494140625,9.51464599609375,2.6934326171875003,0.6697986577181139,0.498086306291731
0.53437744140625,6.84154052734375,2.6934326171875003,0.3744966442953004,0.41025675870396766
1.47093994140625,0.14902099609375002,8.6924072265625,0.36510067114093814,0.025227723582149874
3.65625244140625,0.14902099609375002,8.6924072265625,0.36644295302013274,0.025049024253461488
1.47093994140625,1.22216552734375,8.6924072265625,0.3771812080536896,0.1638207834690255
1.47093994140625,0.14902099609375002,4.5496826171875,0.36375838926174353,0.024387389792394593
3.65625244140625,1.22216552734375,4.5496826171875,0.3946308724832195,0.1364655768408
6.4659399414062495,5.14402099609375,3.7424072265625004,1.897986577181179,0.620208283175476
8.65125244140625,5.14402099609375,3.7424072265625004,2.657718120805435,0.6777088685340078
6.4659399414062495,6.21716552734375,3.7424072265625004,2.022818791946281,0.66411538402781
6.4659399414062495,5.14402099609375,9.4996826171875,2.2483221476510122,0.7439889775182404
8.65125244140625,6.21716552734375,9.4996826171875,3.1543624161075217,0.8132888904156144
8.96343994140625,2.64652099609375,6.2174072265625,2.508724832214809,0.6166575065369052
1.15875244140625,2.64652099609375,6.2174072265625,0.38523489932885724,0.26921286808875067
8.96343994140625,8.71466552734375,6.2174072265625,3.332885906040434,0.8328821613091295
8.96343994140625,2.64652099609375,7.0246826171875,2.5744966442953556,0.6340196705800735
1.15875244140625,8.71466552734375,7.0246826171875,0.5530201342281831,0.5702456131663521
3.96843994140625,7.64152099609375,1.2674072265625,0.7731543624160986,0.3594021365378939
6.15375244140625,7.64152099609375,1.2674072265625,1.3194630872483035,0.44192533788492677
3.96843994140625,3.71966552734375,1.2674072265625,0.42416107382550083,0.17275469067741342
3.96843994140625,7.64152099609375,2.0746826171875,1.0120805369127386,0.48313187850458317
6.15375244140625,3.71966552734375,2.0746826171875,1.1248322147650855,0.36910424921240204
2.7196899414062496,3.8952709960937497,4.9799072265625,0.6993288590603952,0.41951516333388744
7.40250244140625,3.8952709960937497,4.9799072265625,2.1771812080536863,0.6340600471798467
2.7196899414062496,4.96841552734375,4.9799072265625,0.7946308724832123,0.4916641514987252
2.7196899414062496,3.8952709960937497,3.3121826171875,0.5731543624161022,0.33073594079495955
7.40250244140625,4.96841552734375,3.3121826171875,2.1114093959731397,0.6139314953821075
7.71468994140625,8.89027099609375,9.9299072265625,2.9610738255034663,0.8468074591178893
2.40750244140625,8.89027099609375,9.9299072265625,0.9959731543624033,0.7054514362918716
7.71468994140625,9.96341552734375,9.9299072265625,3.002684563758506,0.8592882086383873
7.71468994140625,8.89027099609375,8.2621826171875,2.93154362416118,0.8376997849427211
2.40750244140625,9.96341552734375,8.2621826171875,1.0026845637583763,0.7117523619000041
5.21718994140625,1.39777099609375,2.5049072265625,0.3986577181208033,0.11535542101508017
9.90000244140625,1.39777099609375,2.5049072265625,1.1046979865771664,0.23227591000719194
5.21718994140625,7.46591552734375,2.5049072265625,1.4845637583892402,0.5786457480857264
5.21718994140625,1.39777099609375,5.7871826171875,0.7597315436241525,0.2639465876199503
9.90000244140625,7.46591552734375,5.7871826171875,3.5865771812082565,0.8187951305132872
0.22218994140625,6.39277099609375,7.4549072265625,0.37181208053691117,0.4568674269725146
4.90500244140625,6.39277099609375,7.4549072265625,1.7315436241610478,0.720187993708912
0.22218994140625,2.4709155273437498,7.4549072265625,0.36644295302013274,0.272683187915143
0.22218994140625,6.39277099609375,0.8371826171875,0.36510067114093814,0.4015934841324653
4.90500244140625,2.4709155273437498,0.8371826171875,0.38389261744966263,0.1195064593336178
0.30023681640625,0.38316162109375,1.9635009765625002,0.36375838926174353,0.05800685257155115
8.72929931640625,0.38316162109375,1.9635009765625002,0.37181208053691117,0.044719595143770066
0.30023681640625,2.70505615234375,1.9635009765625002,0.36510067114093814,0.26692422768965685
0.30023681640625,0.38316162109375,2.7707763671875,0.36375838926174353,0.05873189912349134
8.72929931640625,2.70505615234375,2.7707763671875,1.7838926174496375,0.4399901058302066
5.29523681640625,5.37816162109375,6.9135009765625,1.771812080536886,0.6895971048381833
3.7342993164062497,5.37816162109375,6.9135009765625,1.232214765100654,0.6270815436589126
5.29523681640625,7.70005615234375,6.9135009765625,1.9328859060402388,0.7578242650262629
5.29523681640625,5.37816162109375,7.7207763671875,1.8013422818791673,0.7020602112718654
3.7342993164062497,7.70005615234375,7.7207763671875,1.389261744966423,0.7173790741086762
7.79273681640625,2.8806616210937497,4.4385009765625,1.9785234899328554,0.5454745604488711
6.23179931640625,2.8806616210937497,4.4385009765625,1.4845637583892402,0.49072237017404496
7.79273681640625,5.20255615234375,4.4385009765625,2.4644295302013797,0.6899219985277073
7.79273681640625,2.8806616210937497,5.2457763671875,2.0899328859060224,0.5783889677173683
6.23179931640625,5.20255615234375,5.2457763671875,1.9906040268456069,0.6749348594414397
2.7977368164062497,7.87566162109375,9.3885009765625,1.0953020134228042,0.6979341992354473
1.23679931640625,7.87566162109375,9.3885009765625,0.583892617449659,0.5852214263261394
2.7977368164062497,0.20755615234375002,9.3885009765625,0.36778523489932735,0.034726419822289606
2.7977368164062497,7.87566162109375,0.2957763671875,0.38657718120805185,0.19965939962579332
1.23679931640625,0.20755615234375002,0.2957763671875,0.36375838926174353,0.030399967458132532
4.04648681640625,4.12941162109375,5.6760009765624995,1.1557046979865615,0.5444805969718396
2.48554931640625,4.12941162109375,5.6760009765624995,0.6939597315436168,0.444947503749068
4.04648681640625,1.45630615234375,5.6760009765624995,0.5355704697986532,0.2088777216140387
4.04648681640625,4.12941162109375,4.0082763671875,1.0201342281879062,0.4742152555148796
2.48554931640625,1.45630615234375,4.0082763671875,0.3812080536912734,0.15848321460201734
9.04148681640625,9.12441162109375,0.7260009765625,1.791946308724805,0.43165306222698
7.4805493164062495,9.12441162109375,0.7260009765625,1.3973154362415907,0.3951907762917113
9.04148681640625,6.45130615234375,0.7260009765625,1.4496644295301804,0.3450400067380429
9.04148681640625,9.12441162109375,8.9582763671875,3.4617449664431375,0.8601417067594362
7.4805493164062495,6.45130615234375,8.9582763671875,2.720805369127592,0.7968119013164973
6.54398681640625,1.63191162109375,8.1510009765625,1.4174496644295098,0.4436048117643343
4.98304931640625,1.63191162109375,8.1510009765625,0.9758389261744842,0.3697252033365498
6.54398681640625,8.94880615234375,8.1510009765625,2.4885906040268866,0.8198665587716467
6.54398681640625,1.63191162109375,6.4832763671875,1.300671140939579,0.4033799370716868
4.98304931640625,8.94880615234375,6.4832763671875,1.8617449664429246,0.7683494353280167
1.5489868164062501,6.6269116210937495,3.2010009765625003,0.4818791946308689,0.3987506975288374
9.97804931640625,6.6269116210937495,3.2010009765625003,3.2268456375840424,0.7265251505037065
1.5489868164062501,3.9538061523437498,3.2010009765625003,0.3959731543624141,0.28297587614749475
1.5489868164062501,6.6269116210937495,1.5332763671875,0.3919463087248303,0.29750962370075107
9.97804931640625,3.9538061523437498,1.5332763671875,1.911409395973125,0.41951072754763347
2.17336181640625,3.50503662109375,7.5322509765625,0.6134228187919404,0.4163933248163702
6.85617431640625,3.50503662109375,7.5322509765625,2.0979865771811914,0.6541530739945383
2.17336181640625,8.32443115234375,7.5322509765625,0.8684563758389157,0.6507740172621199
2.17336181640625,3.50503662109375,0.9145263671875,0.375838926174495,0.1975956541762568
6.85617431640625,8.32443115234375,0.9145263671875,1.3328859060402496,0.4062018801564338
7.16836181640625,8.50003662109375,2.5822509765625004,2.2483221476510122,0.6764615321379107
1.86117431640625,8.50003662109375,2.5822509765625004,0.5677852348993238,0.4425310729567501
7.16836181640625,3.3294311523437496,2.5822509765625004,1.4832214765100455,0.43329968981198047
7.16836181640625,8.50003662109375,5.8645263671875,2.626845637583954,0.7981288495407237
1.86117431640625,3.3294311523437496,5.8645263671875,0.4791946308724797,0.33185216682020025
9.66586181640625,1.00753662109375,5.0572509765625,1.3718120805368932,0.29799618888048574
9.35367431640625,1.00753662109375,5.0572509765625,1.293959731543606,0.28797659708281437
9.66586181640625,0.83193115234375,5.0572509765625,1.0872483221476366,0.229161468656714
9.66586181640625,1.00753662109375,8.3395263671875,1.7946308724831943,0.39943783438640407
9.35367431640625,0.83193115234375,8.3395263671875,1.4389261744966235,0.3223788263589006
4.67086181640625,6.00253662109375,0.1072509765625,0.38791946308724645,0.13501323544409324
4.35867431640625,6.00253662109375,0.1072509765625,0.38523489932885724,0.14015617243629275
4.67086181640625,5.82693115234375,0.1072509765625,0.38657718120805185,0.13383174543521464
4.67086181640625,6.00253662109375,3.3895263671875,1.3436241610738064,0.5710382599361021
4.35867431640625,5.82693115234375,3.3895263671875,1.2281879194630703,0.5493216428142413
3.42211181640625,2.25628662109375,3.8197509765625,0.5154362416107341,0.23544833452211597
3.10992431640625,2.25628662109375,3.8197509765625,0.4604026845637552,0.21711378087220154
3.42211181640625,7.0756811523437495,3.8197509765625,1.0711409395973013,0.579108969981956
3.42211181640625,2.25628662109375,2.1520263671875,0.3932885906040249,0.1610352443813734
3.10992431640625,7.0756811523437495,2.1520263671875,0.7597315436241525,0.42656145713285976
8.41711181640625,7.25128662109375,8.7697509765625,3.1221476510068458,0.8254073208624768
8.10492431640625,7.25128662109375,8.7697509765625,3.004026845637701,0.8210635160684534
8.41711181640625,2.08068115234375,8.7697509765625,2.2711409395973243,0.5883739844137638
8.41711181640625,7.25128662109375,7.1020263671874995,3.073825503355832,0.8116837648744546
8.10492431640625,2.08068115234375,7.1020263671874995,2.0644295302013207,0.5499900605981657
5.91961181640625,4.75378662109375,1.3447509765625,0.9449664429530082,0.31746090426817414
0.6124243164062501,4.75378662109375,1.3447509765625,0.36912751677852196,0.3266438469617575
5.91961181640625,4.57818115234375,1.3447509765625,0.9154362416107269,0.3064623717360457
5.91961181640625,4.75378662109375,9.5770263671875,2.013422818791917,0.7161644308274513
0.6124243164062501,4.57818115234375,9.5770263671875,0.39060402684563567,0.3967440081095094
0.92461181640625,9.74878662109375,6.2947509765625,0.495302013422815,0.5605344341577743
5.60742431640625,9.74878662109375,6.2947509765625,2.118120805369114,0.7941716400758366
0.92461181640625,9.57318115234375,6.2947509765625,0.4926174496644258,0.5558436060699241
0.92461181640625,9.74878662109375,4.6270263671875,0.46577181208053364,0.5170635246735586
5.60742431640625,9.57318115234375,4.6270263671875,2.029530201342255,0.7584871268550277
1.23679931640625,4.44159912109375,2.8916259765625,0.38657718120805185,0.3048093791489611
4.67086181640625,4.44159912109375,2.8916259765625,1.079194630872469,0.44835292903384316
1.23679931640625,0.51974365234375,2.8916259765625,0.36510067114093814,0.07527798175169524
1.23679931640625,4.44159912109375,7.4114013671875,0.4536912751677822,0.39786064064133675
4.67086181640625,0.51974365234375,7.4114013671875,0.382550335570468,0.07734075236988319
6.23179931640625,9.43659912109375,7.8416259765625,2.382550335570495,0.8185130137352186
9.66586181640625,9.43659912109375,7.8416259765625,3.6899328859062583,0.8632984529430842
6.23179931640625,5.51474365234375,7.8416259765625,2.1543624161073742,0.7349302757954075
6.23179931640625,9.43659912109375,2.4614013671875004,1.9570469798657417,0.6635711935254284
9.66586181640625,5.51474365234375,2.4614013671875004,2.7261744966443713,0.6271688660950989
8.72929931640625,1.9440991210937502,0.4166259765625,0.38389261744966263,0.07435599866817853
2.17336181640625,1.9440991210937502,0.4166259765625,0.36778523489932735,0.14462231500081207
8.72929931640625,8.01224365234375,0.4166259765625,1.212080536912735,0.2955528028338203
8.72929931640625,1.9440991210937502,4.9364013671875,1.9463087248321849,0.4816158962506525
2.17336181640625,8.01224365234375,4.9364013671875,0.7865771812080447,0.5807468872058437
3.7342993164062497,6.93909912109375,5.3666259765625,1.2724832214764923,0.6510410987403908
7.16836181640625,6.93909912109375,5.3666259765625,2.499328859060445,0.7569682584396425
3.7342993164062497,3.01724365234375,5.3666259765625,0.8751677852348887,0.42243591641985584
3.7342993164062497,6.93909912109375,9.8864013671875,1.393288590604007,0.7193669363847786
7.16836181640625,3.01724365234375,9.8864013671875,2.1919463087248294,0.6581789015207797
4.98304931640625,0.69534912109375,9.0791259765625,0.41073825503355477,0.10463366699773624
5.91961181640625,0.69534912109375,9.0791259765625,0.48859060402684196,0.1250065732561175
4.98304931640625,4.26599365234375,9.0791259765625,1.6174496644295062,0.6587793422597031
4.98304931640625,0.69534912109375,6.1739013671875,0.3919463087248303,0.09410457503803636
5.91961181640625,4.26599365234375,6.1739013671875,1.8268456375838649,0.6444847687880874
9.97804931640625,5.69034912109375,4.1291259765624995,3.2805369127518356,0.7395041273223666
0.92461181640625,5.69034912109375,4.1291259765624995,0.3959731543624141,0.37986287464988355
9.97804931640625,9.26099365234375,4.1291259765624995,3.6026845637585945,0.8159505807910122
9.97804931640625,5.69034912109375,1.2239013671875,2.076510067114074,0.45839652816654386
0.92461181640625,9.26099365234375,1.2239013671875,0.3798657718120788,0.37060350994723024
7.4805493164062495,3.19284912109375,6.6041259765625,2.1919463087248294,0.6324483251745572
8.41711181640625,3.19284912109375,6.6041259765625,2.516778523489978,0.6566266448896085
7.4805493164062495,6.76349365234375,6.6041259765625,2.6684563758389936,0.7802407223308223
7.4805493164062495,3.19284912109375,3.6989013671875,1.8389261744966163,0.5240662718027325
8.41711181640625,6.76349365234375,3.6989013671875,2.769127516778606,0.7262336616393664
2.48554931640625,8.18784912109375,1.6541259765625,0.577181208053686,0.36937967111861564
3.42211181640625,8.18784912109375,1.6541259765625,0.7946308724832123,0.41776714010549265
2.48554931640625,1.76849365234375,1.6541259765625,0.3731543624161058,0.15313863061913646
2.48554931640625,8.18784912109375,8.6489013671875,0.9879194630872357,0.681477401616389
3.42211181640625,1.76849365234375,8.6489013671875,0.652348993288584,0.3095150171916954
1.86117431640625,1.31972412109375,7.2228759765624995,0.382550335570468,0.1691422264122692
0.30023681640625,1.31972412109375,7.2228759765624995,0.36510067114093814,0.17406390417760476
1.86117431640625,6.1391186523437495,7.2228759765624995,0.6859060402684491,0.5461346677314177
1.86117431640625,1.31972412109375,9.2676513671875,0.38657718120805185,0.17496437623111621
0.30023681640625,6.1391186523437495,9.2676513671875,0.3771812080536896,0.4545886743954002
6.85617431640625,6.31472412109375,2.2728759765625,1.8362416107382271,0.5684431689398903
5.29523681640625,6.31472412109375,2.2728759765625,1.344966442953001,0.5133347950309713
6.85617431640625,1.14411865234375,2.2728759765625,0.3986577181208033,0.0920388385426354
6.85617431640625,6.31472412109375,4.3176513671875,2.242953020134233,0.7027294277808604
5.29523681640625,1.14411865234375,4.3176513671875,0.4590604026845606,0.13605929949513382
9.35367431640625,3.81722412109375,9.6978759765625,3.1328859060404044,0.750320144321898
2.7977368164062497,3.81722412109375,9.6978759765625,0.8644295302013318,0.5259416195982001
9.35367431640625,3.64161865234375,9.6978759765625,3.0993288590605337,0.7418642952884227
9.35367431640625,3.81722412109375,1.8426513671875002,1.9127516778523197,0.4455433531883287
2.7977368164062497,3.64161865234375,1.8426513671875002,0.40536912751677634,0.20660452597620693
4.35867431640625,8.81222412109375,4.7478759765625,1.5503355704697759,0.7088531200173813
7.79273681640625,8.81222412109375,4.7478759765625,2.8107382550336455,0.7931464992177792
4.35867431640625,8.63661865234375,4.7478759765625,1.5422818791946082,0.7048274546119532
4.35867431640625,8.81222412109375,6.7926513671875,1.6362416107382307,0.7515893394349937
7.79273681640625,8.63661865234375,6.7926513671875,2.907382550335673,0.8224713245079031
3.10992431640625,2.56847412109375,1.0353759765625001,0.3771812080536896,0.15456810783169353
9.04148681640625,2.56847412109375,1.0353759765625001,0.7664429530201256,0.1719115607940393
3.10992431640625,9.88536865234375,1.0353759765625001,0.6268456375838865,0.34614005099015643
3.10992431640625,2.56847412109375,8.0301513671875,0.7463087248322064,0.4016556693181492
9.04148681640625,9.88536865234375,8.0301513671875,3.473825503355891,0.8631427908820473
8.10492431640625,7.56347412109375,5.9853759765625,2.9288590604027904,0.7988969216990666
4.04648681640625,7.56347412109375,5.9853759765625,1.4416107382550127,0.6977632209542066
8.10492431640625,4.89036865234375,5.9853759765625,2.6765100671141626,0.7262453127335472
8.10492431640625,7.56347412109375,3.0801513671875003,2.62013422818798,0.7096055952166098
4.04648681640625,4.89036865234375,3.0801513671875003,0.9919463087248195,0.46140051121286724
5.60742431640625,0.07097412109375,3.5103759765625,0.36375838926174353,0.011561549990342165
6.54398681640625,0.07097412109375,3.5103759765625,0.36510067114093814,0.011592320111602885
5.60742431640625,2.3928686523437497,3.5103759765625,1.0013422818791817,0.34865633043672367
5.60742431640625,0.07097412109375,0.6051513671875,0.36375838926174353,0.010686017635588999
6.54398681640625,2.3928686523437497,0.6051513671875,0.38657718120805185,0.09732585114144401
0.6124243164062501,5.06597412109375,8.4603759765625,0.3919463087248303,0.4120008966267127
1.5489868164062501,5.06597412109375,8.4603759765625,0.5718120805369076,0.48572202442956547
0.6124243164062501,7.38786865234375,8.4603759765625,0.413422818791944,0.4954420951537195
0.6124243164062501,5.06597412109375,5.5551513671874995,0.382550335570468,0.3896277441205602
1.5489868164062501,7.38786865234375,5.5551513671874995,0.6013422818791889,0.5292446485380591
0.45633056640625,3.03675537109375,5.2119384765625,0.36912751677852196,0.2985507760354887
3.2660180664062497,3.03675537109375,5.2119384765625,0.7436241610738172,0.3886130839092403
0.45633056640625,3.79771240234375,5.2119384765625,0.37181208053691117,0.3394629231468817
0.45633056640625,3.03675537109375,6.6379638671875,0.37181208053691117,0.30568805589825465
3.2660180664062497,3.79771240234375,6.6379638671875,0.9221476510066999,0.5022512193966231
5.4513305664062495,8.03175537109375,0.2619384765625,0.5248322147650963,0.1790550536449157
8.26101806640625,8.03175537109375,0.2619384765625,0.9275167785234784,0.23373904595881984
5.4513305664062495,8.79271240234375,0.2619384765625,0.570469798657713,0.19723778858225144
5.4513305664062495,8.03175537109375,1.6879638671875001,1.3543624161073633,0.5054078076484604
8.26101806640625,8.79271240234375,1.6879638671875001,2.311409395973169,0.6113732656692884
7.94883056640625,0.53925537109375,7.6869384765625,0.4738255033557013,0.0926178736567904
0.76851806640625,0.53925537109375,7.6869384765625,0.36510067114093814,0.0826523260270422
7.94883056640625,6.29521240234375,7.6869384765625,2.8483221476511007,0.7902610091511018
7.94883056640625,0.53925537109375,4.1629638671875,0.38926174496644106,0.06589463684088312
0.76851806640625,6.29521240234375,4.1629638671875,0.39060402684563567,0.40368524739587974
2.95383056640625,5.53425537109375,2.7369384765625,0.7073825503355629,0.40592508565831786
5.76351806640625,5.53425537109375,2.7369384765625,1.5221476510066891,0.5434201304061799
2.95383056640625,1.30021240234375,2.7369384765625,0.3771812080536896,0.13427219891070763
2.95383056640625,5.53425537109375,9.1129638671875,1.0362416107382415,0.6255614692706849
5.76351806640625,1.30021240234375,9.1129638671875,1.0429530201342145,0.349821677788522
4.20258056640625,1.78800537109375,1.4994384765625002,0.3812080536912734,0.12487972934316369
7.01226806640625,1.78800537109375,1.4994384765625002,0.42416107382550083,0.10509099406136234
4.20258056640625,0.051462402343750005,1.4994384765625002,0.36375838926174353,0.008232303163669413
4.20258056640625,1.78800537109375,5.4004638671875,0.6791946308724761,0.2786559046585469
7.01226806640625,0.051462402343750005,5.4004638671875,0.36510067114093814,0.008675758680542987
9.19758056640625,6.78300537109375,6.4494384765624995,3.3046979865773425,0.8057542407077938
2.01726806640625,6.78300537109375,6.4494384765624995,0.7422818791946226,0.5694767374123633
9.19758056640625,5.04646240234375,6.4494384765624995,3.127516778523625,0.7603366181142808
9.19758056640625,6.78300537109375,0.4504638671875,1.1919463087248159,0.2765189636380207
2.01726806640625,5.04646240234375,0.4504638671875,0.3744966442953004,0.21323494570967366
6.70008056640625,4.28550537109375,3.9744384765625003,1.8805369127516491,0.5942561964640095
9.50976806640625,4.28550537109375,3.9744384765625003,2.8483221476511007,0.6669515893137935
6.70008056640625,7.54396240234375,3.9744384765625003,2.2523489932885967,0.7209700906511406
6.70008056640625,4.28550537109375,2.9254638671875,1.6697986577180959,0.523562008589456
9.50976806640625,7.54396240234375,2.9254638671875,3.0912751677853647,0.7267928359895448
1.70508056640625,9.28050537109375,8.9244384765625,0.7570469798657633,0.6595864584477822
4.5147680664062495,9.28050537109375,8.9244384765625,1.7570469798657453,0.7874694391613599
1.70508056640625,2.54896240234375,8.9244384765625,0.4389261744966415,0.29398948958119037
1.70508056640625,9.28050537109375,7.8754638671875,0.7436241610738172,0.6460576601618105
4.5147680664062495,2.54896240234375,7.8754638671875,1.1355704697986424,0.4829629580788356
2.3294555664062497,1.1636303710937501,4.5931884765625,0.3771812080536896,0.1415965105541043
1.39289306640625,1.1636303710937501,4.5931884765625,0.37046979865771656,0.14815366106114183
2.3294555664062497,9.41708740234375,4.5931884765625,0.867114093959721,0.6190890604434295
2.3294555664062497,1.1636303710937501,9.7317138671875,0.3932885906040249,0.16068970478708575
1.39289306640625,9.41708740234375,9.7317138671875,0.66577181208053,0.6455249955763898
7.32445556640625,6.15863037109375,9.5431884765625,2.6536912751678505,0.7913809978107962
6.38789306640625,6.15863037109375,9.5431884765625,2.30604026845639,0.7729996612722626
7.32445556640625,4.42208740234375,9.5431884765625,2.4805369127517176,0.7366146050012539
7.32445556640625,6.15863037109375,4.7817138671874995,2.4429530201342624,0.7241248441673431
6.38789306640625,4.42208740234375,4.7817138671874995,1.8993288590603736,0.6273009862332259
9.82195556640625,3.66113037109375,2.1181884765625,2.165100671140933,0.48478524893846975
3.89039306640625,3.66113037109375,2.1181884765625,0.608053691275162,0.27105822780747196
9.82195556640625,1.9245874023437501,2.1181884765625,1.3275167785234712,0.28726068657962145
9.82195556640625,3.66113037109375,2.3067138671875003,2.265771812080545,0.5084269792089193
3.89039306640625,1.9245874023437501,2.3067138671875003,0.3946308724832195,0.1455103646384948
4.82695556640625,8.65613037109375,7.0681884765625,1.809395973154335,0.7663935663179102
8.88539306640625,8.65613037109375,7.0681884765625,3.332885906040434,0.8399489362330843
4.82695556640625,6.91958740234375,7.0681884765625,1.7234899328858801,0.7269102568341674
4.82695556640625,8.65613037109375,7.2567138671875,1.8147651006711134,0.7688455260712037
8.88539306640625,6.91958740234375,7.2567138671875,3.2322147651008217,0.8133909556474261
3.57820556640625,4.90988037109375,8.3056884765625,1.1838926174496482,0.620857461574105
7.63664306640625,4.90988037109375,8.3056884765625,2.618791946308785,0.7505432792617523
3.57820556640625,5.67083740234375,8.3056884765625,1.2402684563758217,0.6547204543997622
3.57820556640625,4.90988037109375,8.4942138671875,1.187919463087232,0.62324263470815
7.63664306640625,5.67083740234375,8.4942138671875,2.703355704698059,0.7763083047669784
8.57320556640625,9.90488037109375,3.3556884765625004,3.01208053691287,0.7799306292038237
2.64164306640625,9.90488037109375,3.3556884765625004,0.90469798657717,0.5916198329201858
8.57320556640625,0.67583740234375,3.3556884765625004,0.3986577181208033,0.07092108725326604
8.57320556640625,9.90488037109375,3.5442138671875,3.040268456375961,0.7876644661813468
2.64164306640625,0.67583740234375,3.5442138671875,0.37046979865771656,0.09097085945790875
6.07570556640625,2.4123803710937497,5.8306884765625,1.4469798657717912,0.48721663904360396
5.13914306640625,2.4123803710937497,5.8306884765625,1.1664429530201184,0.44503550005536224
6.07570556640625,3.17333740234375,5.8306884765625,1.6577181208053444,0.5660978992860022
6.07570556640625,2.4123803710937497,1.0692138671875,0.4026845637583871,0.11226068841474153
5.13914306640625,3.17333740234375,1.0692138671875,0.4214765100671116,0.1392353721500538
1.08070556640625,7.40738037109375,0.8806884765625,0.375838926174495,0.3206640778266084
0.14414306640625002,7.40738037109375,0.8806884765625,0.36510067114093814,0.4401587812998351
1.08070556640625,8.16833740234375,0.8806884765625,0.3771812080536896,0.3296975402508307
1.08070556640625,7.40738037109375,6.0192138671875,0.48859060402684196,0.49869302587806275
0.14414306640625002,8.16833740234375,6.0192138671875,0.36912751677852196,0.5023027381640871
0.76851806640625,2.10019287109375,9.8525634765625,0.3771812080536896,0.24815535263819788
9.82195556640625,2.10019287109375,9.8525634765625,2.8093959731544507,0.6383352848748176
0.76851806640625,1.61239990234375,9.8525634765625,0.3731543624161058,0.2055083374155199
0.76851806640625,2.10019287109375,3.2348388671875004,0.36912751677852196,0.2243404650173502
9.82195556640625,1.61239990234375,3.2348388671875004,1.5986577181207817,0.349344699891588
5.76351806640625,7.09519287109375,4.9025634765624995,1.9677852348992986,0.715739794084658
4.82695556640625,7.09519287109375,4.9025634765624995,1.6335570469798415,0.6859222797102014
5.76351806640625,6.60739990234375,4.9025634765624995,1.9315436241610442,0.7015520198010733
5.76351806640625,7.09519287109375,8.1848388671875,2.107382550335555,0.7706434815328702
4.82695556640625,6.60739990234375,8.1848388671875,1.7369127516778262,0.7329790915866315
8.26101806640625,4.5976928710937495,7.3775634765625,2.7718120805369955,0.7405911453334172
7.32445556640625,4.5976928710937495,7.3775634765625,2.430872483221509,0.7206545556899433
8.26101806640625,9.10489990234375,7.3775634765625,3.1261744966444303,0.8408674539342096
8.26101806640625,4.5976928710937495,5.7098388671875,2.6711409395973833,0.711801040760278
7.32445556640625,9.10489990234375,5.7098388671875,2.7087248322148385,0.8081872212418724
3.2660180664062497,9.59269287109375,2.4275634765625003,0.9785234899328734,0.5468828764948196
2.3294555664062497,9.59269287109375,2.4275634765625003,0.7073825503355629,0.4920944164029712
3.2660180664062497,4.1098999023437495,2.4275634765625003,0.5999999999999943,0.30670953853263483
3.2660180664062497,9.59269287109375,0.7598388671875,0.5516778523489885,0.2875023679143928
2.3294555664062497,4.1098999023437495,0.7598388671875,0.3771812080536896,0.19780819868431831
4.5147680664062495,3.3489428710937497,3.6650634765625,0.9838926174496518,0.4140987892469693
1.08070556640625,3.3489428710937497,3.6650634765625,0.3798657718120788,0.28514366845956773
4.5147680664062495,2.8611499023437497,3.6650634765625,0.8805369127516671,0.3640898275101161
4.5147680664062495,3.3489428710937497,4.4723388671875,1.0818791946308581,0.4600926053600898
1.08070556640625,2.8611499023437497,4.4723388671875,0.3785234899328842,0.26908555015607066
9.50976806640625,8.34394287109375,8.6150634765625,3.597315436241815,0.8537952884033333
6.07570556640625,8.34394287109375,8.6150634765625,2.2953020134228312,0.805060759418464
9.50976806640625,7.85614990234375,8.6150634765625,3.5704697986579186,0.8471446563283438
9.50976806640625,8.34394287109375,9.4223388671875,3.613422818792153,0.8579066565502818
6.07570556640625,7.85614990234375,9.4223388671875,2.288590604026857,0.8025720561655338
7.01226806640625,0.85144287109375,1.1900634765625002,0.3744966442953004,0.06992978866880231
3.57820556640625,0.85144287109375,1.1900634765625002,0.36912751677852196,0.08874832837681651
7.01226806640625,5.35864990234375,1.1900634765625002,1.205369127516762,0.3562912840694565
7.01226806640625,0.85144287109375,6.9473388671875,0.7825503355704608,0.20720736867606573
3.57820556640625,5.35864990234375,6.9473388671875,1.1798657718120644,0.6191535473941476
2.01726806640625,5.84644287109375,6.1400634765625,0.6926174496644222,0.5220385013528495
8.57320556640625,5.84644287109375,6.1400634765625,2.97046979865783,0.7693495001078168
2.01726806640625,0.36364990234375,6.1400634765625,0.36644295302013274,0.05675665711325139
2.01726806640625,5.84644287109375,1.9973388671875,0.4389261744966415,0.29800036743658803
8.57320556640625,0.36364990234375,1.9973388671875,0.37181208053691117,0.04362308667022326
1.39289306640625,3.97331787109375,0.5713134765625,0.37046979865771656,0.23173080300645924
5.4513305664062495,3.97331787109375,0.5713134765625,0.4026845637583871,0.12640216631077825
1.39289306640625,7.23177490234375,0.5713134765625,0.375838926174495,0.2800691900261985
1.39289306640625,3.97331787109375,0.14108886718750002,0.36778523489932735,0.2144640077414178
5.4513305664062495,7.23177490234375,0.14108886718750002,0.413422818791944,0.13463949791748378
6.38789306640625,8.96831787109375,5.5213134765625,2.3422818791946503,0.785520247119182
0.45633056640625,8.96831787109375,5.5213134765625,0.38926174496644106,0.5012582333892733
6.38789306640625,2.23677490234375,5.5213134765625,1.4496644295301804,0.46642298272116967
6.38789306640625,8.96831787109375,5.0910888671875,2.3181208053691433,0.7768312762630721
0.45633056640625,2.23677490234375,5.0910888671875,0.36778523489932735,0.247302518567439
8.88539306640625,1.47581787109375,3.0463134765625,1.1758389261744806,0.274337817064368
7.94883056640625,1.47581787109375,3.0463134765625,0.9624161073825381,0.2429859151563296
8.88539306640625,4.73427490234375,3.0463134765625,2.510067114094004,0.6221863645266282
8.88539306640625,1.47581787109375,7.5660888671875,1.9838926174496339,0.48294013895810617
7.94883056640625,4.73427490234375,7.5660888671875,2.6832214765101368,0.7418362292173807
3.89039306640625,6.47081787109375,7.9963134765625,1.3906040268456177,0.6930754029186366
2.95383056640625,6.47081787109375,7.9963134765625,1.0671140939597175,0.6479337353422987
3.89039306640625,9.72927490234375,7.9963134765625,1.5248322147650784,0.7677524293917337
3.89039306640625,6.47081787109375,2.6160888671875,1.017449664429517,0.4925686874420585
2.95383056640625,9.72927490234375,2.6160888671875,0.9167785234899215,0.5509614177172876
2.64164306640625,0.22706787109375,6.7588134765625,0.36644295302013274,0.03695327203010395
4.20258056640625,0.22706787109375,6.7588134765625,0.36912751677852196,0.036779250184745926
2.64164306640625,8.48052490234375,6.7588134765625,1.0147651006711278,0.6706647875975187
2.64164306640625,0.22706787109375,1.3785888671875002,0.36375838926174353,0.03345518254551451
4.20258056640625,8.48052490234375,1.3785888671875002,0.9234899328858945,0.41775426588209197
7.63664306640625,5.22206787109375,1.8088134765625001,1.7194630872482963,0.48059668344116485
9.19758056640625,5.22206787109375,1.8088134765625001,2.1932885906040243,0.5231652739195015
7.63664306640625,3.48552490234375,1.8088134765625001,1.324832214765082,0.36316589834236906
7.63664306640625,5.22206787109375,6.3285888671874995,2.5691275167785763,0.7351329941062039
9.19758056640625,3.48552490234375,6.3285888671874995,2.844295302013516,0.6877540860666557
5.13914306640625,2.72456787109375,9.2338134765625,1.420134228187899,0.5543150084185211
1.70508056640625,2.72456787109375,9.2338134765625,0.4590604026845606,0.3185352734236808
5.13914306640625,0.9880249023437501,9.2338134765625,0.6617449664429462,0.21932939534381413
5.13914306640625,2.72456787109375,8.8035888671875,1.406711409395953,0.5484933510796479
1.70508056640625,0.9880249023437501,8.8035888671875,0.3771812080536896,0.13908794457601226
0.14414306640625002,7.71956787109375,4.2838134765625,0.36778523489932735,0.4827326281808987
6.70008056640625,7.71956787109375,4.2838134765625,2.297986577181221,0.7365666982730694
0.14414306640625002,5.98302490234375,4.2838134765625,0.36644295302013274,0.4326843129951288
0.14414306640625002,7.71956787109375,3.8535888671875003,0.36644295302013274,0.4782139941394556
6.70008056640625,5.98302490234375,3.8535888671875003,2.0966442953019966,0.6678933958042419
0.10511962890625,2.29531005859375,6.6427978515624995,0.36375838926174353,0.2584790683491789
2.2123852539062496,2.29531005859375,6.6427978515624995,0.4523489932885876,0.2622172512712511
0.10511962890625,0.16853271484375001,6.6427978515624995,0.36375838926174353,0.028151575838790237
0.10511962890625,2.29531005859375,6.0578857421875,0.36375838926174353,0.2575837896071065
2.2123852539062496,0.16853271484375001,6.0578857421875,0.36510067114093814,0.027773467991246553
5.10011962890625,7.29031005859375,1.6927978515625002,1.1919463087248159,0.46663930395450903
7.20738525390625,7.29031005859375,1.6927978515625002,1.8201342281878918,0.5387597439285701
5.10011962890625,5.1635327148437495,1.6927978515625002,0.9651006711409273,0.3695531920049113
5.10011962890625,7.29031005859375,1.1078857421875001,0.935570469798646,0.3593891998450955
7.20738525390625,5.1635327148437495,1.1078857421875001,1.16107382550334,0.3339522727568541
7.59761962890625,4.79281005859375,9.1177978515625,2.6147651006712005,0.7530108915710041
4.70988525390625,4.79281005859375,9.1177978515625,1.5785234899328626,0.6744587970371314
7.59761962890625,7.66103271484375,9.1177978515625,2.844295302013516,0.8231601404967503
7.59761962890625,4.79281005859375,3.5828857421875,2.204026845637583,0.6272674545726529
4.70988525390625,7.66103271484375,3.5828857421875,1.5100671140939377,0.6440718748791936
2.60261962890625,9.78781005859375,4.1677978515625,0.9463087248322029,0.6287579364238393
9.70488525390625,9.78781005859375,4.1677978515625,3.534228187919658,0.8210510096706185
2.60261962890625,2.66603271484375,4.1677978515625,0.46845637583892286,0.254927265532212
2.60261962890625,9.78781005859375,8.5328857421875,1.0711409395973013,0.7218265365807219
9.70488525390625,2.66603271484375,8.5328857421875,2.93154362416118,0.6752878999520119
3.85136962890625,3.54406005859375,0.4552978515625,0.3798657718120788,0.14168660144856143
8.45613525390625,3.54406005859375,0.4552978515625,0.48859060402684196,0.11121522811928687
3.85136962890625,3.9147827148437497,0.4552978515625,0.3812080536912734,0.14548238177180076
3.85136962890625,3.54406005859375,7.2953857421874995,1.0939597315436096,0.5323319976440362
8.45613525390625,3.9147827148437497,7.2953857421874995,2.7302013422819558,0.7129991269252904
8.84636962890625,8.53906005859375,5.4052978515625,3.236241610738406,0.8173665865791865
3.46113525390625,8.53906005859375,5.4052978515625,1.256375838926157,0.6847881564818401
8.84636962890625,8.90978271484375,5.4052978515625,3.2563758389263286,0.8227340140326627
8.84636962890625,8.53906005859375,2.3453857421875,2.77583892617458,0.6948184142372856
3.46113525390625,8.90978271484375,2.3453857421875,0.9932885906040141,0.5301357943203917
6.34886962890625,1.04656005859375,2.9302978515625,0.4013422818791925,0.09686753873966364
5.95863525390625,1.04656005859375,2.9302978515625,0.3959731543624141,0.09843609583173696
6.34886962890625,6.41228271484375,2.9302978515625,1.8590604026845354,0.6172743055190315
6.34886962890625,1.04656005859375,4.8203857421875,0.6308724832214703,0.17623492367905869
5.95863525390625,6.41228271484375,4.8203857421875,1.9785234899328554,0.6985327141780702
1.35386962890625,6.04156005859375,7.8802978515625,0.5503355704697939,0.5070947594086296
0.96363525390625,6.04156005859375,7.8802978515625,0.4536912751677822,0.4659737290997228
1.35386962890625,1.4172827148437501,7.8802978515625,0.3771812080536896,0.18146233469417578
1.35386962890625,6.04156005859375,9.7703857421875,0.5718120805369076,0.5324196448920957
0.96363525390625,1.4172827148437501,9.7703857421875,0.3744966442953004,0.18661189878080234
1.97824462890625,4.16843505859375,3.5490478515625004,0.46711409395972825,0.31716176295530785
2.8367602539062498,4.16843505859375,3.5490478515625004,0.6510067114093894,0.3751297220236428
1.97824462890625,5.78790771484375,3.5490478515625004,0.5637583892617399,0.41288742458671385
1.97824462890625,4.16843505859375,7.9141357421875,0.6255033557046918,0.45952474778731195
2.8367602539062498,5.78790771484375,7.9141357421875,0.9892617449664303,0.6132317763017883
6.97324462890625,9.16343505859375,8.4990478515625,2.665771812080604,0.831987839842125
7.83176025390625,9.16343505859375,8.4990478515625,2.9919463087249474,0.8440530421663106
6.97324462890625,0.79290771484375,8.4990478515625,0.809395973154353,0.2156163008343856
6.97324462890625,9.16343505859375,2.9641357421875,2.311409395973169,0.7144235254994804
7.83176025390625,0.79290771484375,2.9641357421875,0.3959731543624141,0.07719694519447247
9.47074462890625,1.6709350585937501,1.0740478515625,0.4214765100671116,0.08132832016092538
0.33926025390625003,1.6709350585937501,1.0740478515625,0.36375838926174353,0.18791391008322583
9.47074462890625,3.29040771484375,1.0740478515625,1.1624161073825345,0.2600110109702491
9.47074462890625,1.6709350585937501,0.4891357421875,0.38389261744966263,0.06871451338784097
0.33926025390625003,3.29040771484375,0.4891357421875,0.36375838926174353,0.2753544782991997
4.4757446289062495,6.66593505859375,6.0240478515625,1.5436241610738028,0.6889107345182275
5.33426025390625,6.66593505859375,6.0240478515625,1.8496644295301732,0.7178532132594082
4.4757446289062495,8.28540771484375,6.0240478515625,1.6308724832214523,0.731730876498048
4.4757446289062495,6.66593505859375,5.4391357421875,1.515436241610716,0.6752108427506343
5.33426025390625,8.28540771484375,5.4391357421875,1.9167785234899035,0.7460538183397154
3.2269946289062497,0.42218505859375,9.7365478515625,0.3744966442953004,0.0672163574129966
6.58301025390625,0.42218505859375,9.7365478515625,0.3946308724832195,0.06717006855687505
3.2269946289062497,9.53415771484375,9.7365478515625,1.3033557046979682,0.7557502211655696
3.2269946289062497,0.42218505859375,9.1516357421875,0.3744966442953004,0.0669832334707525
6.58301025390625,9.53415771484375,9.1516357421875,2.5449664429530694,0.8351293525250167
8.22199462890625,5.41718505859375,4.7865478515625,2.6859060402685264,0.7190063866471363
1.58801025390625,5.41718505859375,4.7865478515625,0.5154362416107341,0.42138540374020167
8.22199462890625,4.53915771484375,4.7865478515625,2.5597315436242125,0.6831974667133112
8.22199462890625,5.41718505859375,4.2016357421874995,2.6161073825503953,0.6991258542486177
1.58801025390625,4.53915771484375,4.2016357421874995,0.44966442953019836,0.3459022178250046
5.72449462890625,2.9196850585937497,7.2615478515625,1.5758389261744734,0.5649150935494742
9.08051025390625,2.9196850585937497,7.2615478515625,2.719463087248397,0.6639160111710498
5.72449462890625,2.04165771484375,7.2615478515625,1.3127516778523305,0.46047749899380697
5.72449462890625,2.9196850585937497,1.7266357421875,0.6979865771812006,0.23038127085409532
9.08051025390625,2.04165771484375,1.7266357421875,1.0053691275167655,0.22886682560636612
0.72949462890625,7.91468505859375,2.3115478515625,0.3812080536912734,0.4045260781248457
4.08551025390625,7.91468505859375,2.3115478515625,1.1181208053691125,0.5257903492704397
0.72949462890625,7.03665771484375,2.3115478515625,0.3785234899328842,0.3884026567992984
0.72949462890625,7.91468505859375,6.6766357421875,0.42818791946308465,0.49753001758540394
4.08551025390625,7.03665771484375,6.6766357421875,1.4536912751677642,0.6981630362822161
1.0416821289062501,2.60749755859375,8.1896728515625,0.38657718120805185,0.27865189101720994
5.64644775390625,2.60749755859375,8.1896728515625,1.5167785234899107,0.548037744014477
1.0416821289062501,2.9782202148437498,8.1896728515625,0.3932885906040249,0.30428582085616374
1.0416821289062501,2.60749755859375,3.8922607421875,0.3744966442953004,0.25208618255525683
5.64644775390625,2.9782202148437498,3.8922607421875,1.2550335570469624,0.446242499648534
6.03668212890625,7.6024975585937495,3.2396728515625,1.9181208053690981,0.6680675845010733
0.65144775390625,7.6024975585937495,3.2396728515625,0.38389261744966263,0.4255180180465185
6.03668212890625,7.97322021484375,3.2396728515625,1.9449664429529903,0.6781114326553617
6.03668212890625,7.6024975585937495,8.8422607421875,2.249664429530207,0.7926248959795762
0.65144775390625,7.97322021484375,8.8422607421875,0.42953020134227926,0.5213497894699134
8.53418212890625,0.10999755859375,5.7146728515625,0.36778523489932735,0.018010667746069933
8.14394775390625,0.10999755859375,5.7146728515625,0.36778523489932735,0.01805611896910161
8.53418212890625,5.47572021484375,5.7146728515625,2.8872483221477507,0.749719147705979
8.53418212890625,0.10999755859375,6.3672607421875,0.36778523489932735,0.018125844309542047
8.14394775390625,5.47572021484375,6.3672607421875,2.7852348993289437,0.7542451973332697
3.53918212890625,5.10499755859375,0.7646728515625,0.3999999999999979,0.176485062316396
3.14894775390625,5.10499755859375,0.7646728515625,0.3919463087248303,0.18496559834218848
3.53918212890625,0.48072021484375,0.7646728515625,0.36510067114093814,0.057721937956085684
3.53918212890625,5.10499755859375,1.4172607421875,0.539597315436237,0.2574039904268988
3.14894775390625,0.48072021484375,1.4172607421875,0.36644295302013274,0.062291030564437105
4.78793212890625,1.35874755859375,4.4771728515625,0.5208053691275125,0.17691957287922372
4.39769775390625,1.35874755859375,4.4771728515625,0.4550335570469768,0.15721883020171507
4.78793212890625,1.72947021484375,4.4771728515625,0.6979865771812006,0.25929281538796367
4.78793212890625,1.35874755859375,2.6547607421875004,0.3932885906040249,0.11827046164754564
4.39769775390625,1.72947021484375,2.6547607421875004,0.40805369127516555,0.1398009841724996
9.78293212890625,6.35374755859375,9.4271728515625,3.590604026845841,0.8298009719879806
9.39269775390625,6.35374755859375,9.4271728515625,3.44295302013441,0.825223170228365
9.78293212890625,6.72447021484375,9.4271728515625,3.6187919463089324,0.8366150339617838
9.78293212890625,6.35374755859375,7.6047607421875,3.5382550335572427,0.8168410111210529
9.39269775390625,6.72447021484375,7.6047607421875,3.4214765100672926,0.8195281658160867
7.28543212890625,3.8562475585937497,2.0021728515625,1.426845637583872,0.4104763342137161
1.90019775390625,3.8562475585937497,2.0021728515625,0.38657718120805185,0.24039982644367175
7.28543212890625,9.22197021484375,2.0021728515625,2.162416107382543,0.6398594320317958
7.28543212890625,3.8562475585937497,5.1297607421875,2.1449664429530104,0.6333101775153107
1.90019775390625,9.22197021484375,5.1297607421875,0.7463087248322064,0.6027542379250425
2.2904321289062497,8.85124755859375,6.9521728515625,0.9114093959731431,0.6623268666178603
6.89519775390625,8.85124755859375,6.9521728515625,2.5852348993289143,0.8135242548152961
2.2904321289062497,4.22697021484375,6.9521728515625,0.6926174496644222,0.4709832717821335
2.2904321289062497,8.85124755859375,0.1797607421875,0.3812080536912734,0.22069858696275496
6.89519775390625,4.22697021484375,0.1797607421875,0.3932885906040249,0.10051088174350549
1.66605712890625,0.7343725585937501,1.3834228515625002,0.36510067114093814,0.09270173054069132
8.76832275390625,0.7343725585937501,1.3834228515625002,0.3771812080536896,0.060486653384391145
1.66605712890625,8.59759521484375,1.3834228515625002,0.413422818791944,0.31830938748143367
1.66605712890625,0.7343725585937501,2.0360107421875,0.36644295302013274,0.0959640479072391
8.76832275390625,8.59759521484375,2.0360107421875,2.634899328859123,0.6633708891038039
6.66105712890625,5.72937255859375,6.3334228515625,2.2684563758389347,0.7305763715228533
3.7733227539062497,5.72937255859375,6.3334228515625,1.2510067114093786,0.6324543582788725
6.66105712890625,3.60259521484375,6.3334228515625,1.9812080536912446,0.6315591608290924
6.66105712890625,5.72937255859375,6.9860107421875,2.297986577181221,0.7408420497856117
3.7733227539062497,3.60259521484375,6.9860107421875,1.0657718120805229,0.5259246810757837
9.15855712890625,3.23187255859375,3.8584228515625,2.432214765100704,0.5846782116316567
6.27082275390625,3.23187255859375,3.8584228515625,1.5006711409395754,0.49431600360290967
9.15855712890625,1.10509521484375,3.8584228515625,1.1033557046979718,0.2469216865119157
9.15855712890625,3.23187255859375,9.4610107421875,2.9342281879195697,0.7142025577660289
6.27082275390625,1.10509521484375,9.4610107421875,1.04161073825502,0.322912169102076
4.16355712890625,8.22687255859375,8.8084228515625,1.5879194630872249,0.75679139552315
1.27582275390625,8.22687255859375,8.8084228515625,0.5973154362416051,0.5927864529936794
4.16355712890625,6.1000952148437495,8.8084228515625,1.481879194630851,0.7011574738022046
4.16355712890625,8.22687255859375,4.5110107421875,1.4389261744966235,0.6798405422878386
1.27582275390625,6.1000952148437495,4.5110107421875,0.46308724832214443,0.41842146725095564
2.91480712890625,4.48062255859375,5.0959228515624995,0.816107382550326,0.47949086818822906
0.027072753906250004,4.48062255859375,5.0959228515624995,0.36375838926174353,0.383262129286719
2.91480712890625,7.34884521484375,5.0959228515624995,1.0053691275167655,0.6136263353968952
2.91480712890625,4.48062255859375,0.7985107421875,0.38523489932885724,0.1851379386535133
0.027072753906250004,7.34884521484375,0.7985107421875,0.36375838926174353,0.45718123459922394
7.90980712890625,9.47562255859375,0.1459228515625,0.8510067114093858,0.22187406835794363
5.02207275390625,9.47562255859375,0.1459228515625,0.4751677852348959,0.17142149659738248
7.90980712890625,2.3538452148437496,0.1459228515625,0.3798657718120788,0.07825901232565681
7.90980712890625,9.47562255859375,5.7485107421874995,2.948993288590713,0.823151796064515
5.02207275390625,2.3538452148437496,5.7485107421874995,1.1087248322147503,0.42875256554564256
5.41230712890625,1.98312255859375,7.5709228515625,1.2147651006711242,0.44353075762093025
2.52457275390625,1.98312255859375,7.5709228515625,0.4818791946308689,0.25886903083704466
5.41230712890625,4.85134521484375,7.5709228515625,1.7865771812080267,0.6822191210071182
5.41230712890625,1.98312255859375,8.2235107421875,1.2483221476509894,0.45718905121594056
2.52457275390625,4.85134521484375,8.2235107421875,0.8375838926174397,0.5518859680099351
0.41730712890625,6.97812255859375,2.6209228515625003,0.37181208053691117,0.42419252256301565
7.51957275390625,6.97812255859375,2.6209228515625003,2.242953020134233,0.64555273478963
0.41730712890625,9.84634521484375,2.6209228515625003,0.375838926174495,0.478218264184268
0.41730712890625,6.97812255859375,3.2735107421875003,0.3731543624161058,0.4323045280861998
7.51957275390625,9.84634521484375,3.2735107421875003,2.6053691275168367,0.7563823315096752
0.57340087890625,4.94890380859375,1.2287353515625001,0.36778523489932735,0.33195740261328055
7.05129150390625,4.94890380859375,1.2287353515625001,1.1704697986577022,0.3432565598868125
0.57340087890625,1.26118896484375,1.2287353515625001,0.36375838926174353,0.15027077591935867
0.57340087890625,4.94890380859375,4.6656982421875,0.3771812080536896,0.3782286375806777
7.05129150390625,1.26118896484375,4.6656982421875,0.9503355704697867,0.2642017858899779
5.56840087890625,9.94390380859375,6.1787353515625,2.1060402684563604,0.794323048340571
2.05629150390625,9.94390380859375,6.1787353515625,0.8442953020134127,0.6580769969515613
5.56840087890625,6.25618896484375,6.1787353515625,1.911409395973125,0.7155590224621882
5.56840087890625,9.94390380859375,9.6156982421875,2.181208053691271,0.8250143138072477
2.05629150390625,6.25618896484375,9.6156982421875,0.7879194630872393,0.6010672780742459
8.06590087890625,2.4514038085937497,3.7037353515625,1.7570469798657453,0.46511674600125774
9.54879150390625,2.4514038085937497,3.7037353515625,2.2147651006711415,0.5088042553672119
8.06590087890625,8.75368896484375,3.7037353515625,2.8026845637584765,0.7654710848740631
8.06590087890625,2.4514038085937497,7.1406982421875,2.2080536912751674,0.594064597218076
9.54879150390625,8.75368896484375,7.1406982421875,3.591946308725036,0.8489477657299791
3.07090087890625,7.44640380859375,8.6537353515625,1.1637583892617291,0.692956831515835
4.5537915039062495,7.44640380859375,8.6537353515625,1.6926174496644042,0.7503591405484364
3.07090087890625,3.75868896484375,8.6537353515625,0.9194630872483107,0.5253671017496118
3.07090087890625,7.44640380859375,2.1906982421875,0.778523489932877,0.4432974379662806
4.5537915039062495,3.75868896484375,2.1906982421875,0.7812080536912662,0.31892131582339256
4.31965087890625,1.20265380859375,7.4162353515624995,0.5610738255033507,0.2066534730333704
3.3050415039062497,1.20265380859375,7.4162353515624995,0.413422818791944,0.15724542884264536
4.31965087890625,2.50993896484375,7.4162353515624995,1.048322147650993,0.45796758718963215
4.31965087890625,1.20265380859375,3.4281982421875004,0.3919463087248303,0.12157265556076013
3.3050415039062497,2.50993896484375,3.4281982421875004,0.5073825503355665,0.23903998974820548
9.31465087890625,6.19765380859375,2.4662353515625,2.7167785234900075,0.6470953249773621
8.30004150390625,6.19765380859375,2.4662353515625,2.367785234899352,0.6237438790288329
9.31465087890625,7.50493896484375,2.4662353515625,2.8818791946309714,0.6884833958786203
9.31465087890625,6.19765380859375,8.3781982421875,3.3731543624162788,0.8139313435016454
8.30004150390625,7.50493896484375,8.3781982421875,3.0845637583893906,0.8256289068559195
6.81715087890625,3.70015380859375,9.8912353515625,2.2013422818791932,0.6927547221907943
0.80754150390625,3.70015380859375,9.8912353515625,0.3946308724832195,0.35469253356422153
6.81715087890625,5.00743896484375,9.8912353515625,2.3718120805369365,0.7504189327460087
6.81715087890625,3.70015380859375,5.9031982421875,2.022818791946281,0.6322638789330134
0.80754150390625,5.00743896484375,5.9031982421875,0.3946308724832195,0.3857160896080435
1.82215087890625,8.69515380859375,4.9412353515625,0.7006711409395898,0.5754569051621204
5.80254150390625,8.69515380859375,4.9412353515625,2.079194630872464,0.7547713955781707
1.82215087890625,0.01243896484375,4.9412353515625,0.36375838926174353,0.0021319078348509975
1.82215087890625,8.69515380859375,0.9531982421875,0.3973154362416087,0.28363879094020156
5.80254150390625,0.01243896484375,0.9531982421875,0.36375838926174353,0.0020108560529654646
2.44652587890625,1.82702880859375,9.2724853515625,0.4724832214765067,0.2529046396762508
7.67566650390625,1.82702880859375,9.2724853515625,1.9302013422818496,0.5379235351959578
2.44652587890625,6.88056396484375,9.2724853515625,0.9369127516778406,0.6477576574733154
2.44652587890625,1.82702880859375,1.5719482421875002,0.3731543624161058,0.1553598539707506
7.67566650390625,6.88056396484375,1.5719482421875002,1.8496644295301732,0.5174057169269258
7.4415258789062495,6.82202880859375,4.3224853515624995,2.502013422818835,0.7318072805060787
2.68066650390625,6.82202880859375,4.3224853515624995,0.8617449664429426,0.5499125273377298
7.4415258789062495,1.88556396484375,4.3224853515624995,1.4241610738254828,0.3980618160300626
7.4415258789062495,6.82202880859375,6.5219482421874995,2.6550335570470454,0.7798313936818846
2.68066650390625,1.88556396484375,6.5219482421874995,0.457718120805366,0.23023935998082667
9.93902587890625,4.32452880859375,6.7974853515625,3.3127516778525115,0.750757206837632
5.17816650390625,4.32452880859375,6.7974853515625,1.6134228187919224,0.6349960581208511
9.93902587890625,4.38306396484375,6.7974853515625,3.32348993288607,0.7532969321171521
9.93902587890625,4.32452880859375,8.9969482421875,3.410738255033734,0.7745764533875577
5.17816650390625,4.38306396484375,8.9969482421875,1.696644295301988,0.6708435987176978
4.94402587890625,9.31952880859375,1.8474853515625,1.3476510067113903,0.5477313886282541
0.18316650390625,9.31952880859375,1.8474853515625,0.36644295302013274,0.48864931297505093
4.94402587890625,9.37806396484375,1.8474853515625,1.351677852348974,0.5494876350783536
4.94402587890625,9.31952880859375,4.0469482421875,1.7315436241610478,0.7155901299285952
0.18316650390625,9.37806396484375,4.0469482421875,0.36912751677852196,0.512880201668161
3.6952758789062496,3.07577880859375,3.0849853515625,0.645637583892611,0.29979648077393317
1.43191650390625,3.07577880859375,3.0849853515625,0.3812080536912734,0.2533355694521336
3.6952758789062496,8.12931396484375,3.0849853515625,1.1382550335570316,0.5825016013671539
3.6952758789062496,3.07577880859375,0.3344482421875,0.3744966442953004,0.13508139635251706
1.43191650390625,8.12931396484375,0.3344482421875,0.3744966442953004,0.27452921198839997
8.69027587890625,8.070778808593749,8.0349853515625,3.2563758389263286,0.8371652898500227
6.42691650390625,8.070778808593749,8.0349853515625,2.4013422818792227,0.8025040774987546
8.69027587890625,3.13431396484375,8.0349853515625,2.6832214765101368,0.6823556531878563
8.69027587890625,8.070778808593749,5.2844482421875,3.1409395973155734,0.805397647521804
6.42691650390625,3.13431396484375,5.2844482421875,1.714093959731518,0.5578924860827668
6.19277587890625,0.57827880859375,0.6099853515625,0.36778523489932735,0.055404441650822346
3.92941650390625,0.57827880859375,0.6099853515625,0.36644295302013274,0.0633083709996006
6.19277587890625,0.63681396484375,0.6099853515625,0.36778523489932735,0.05839347050688267
6.19277587890625,0.57827880859375,7.7594482421875,0.40536912751677634,0.08506852026633538
3.92941650390625,0.63681396484375,7.7594482421875,0.38389261744966263,0.09298916820107264
1.19777587890625,5.5732788085937495,5.5599853515625,0.4563758389261714,0.4195973529105397
8.92441650390625,5.5732788085937495,5.5599853515625,3.0308724832215974,0.7566021166409389
1.19777587890625,5.63181396484375,5.5599853515625,0.4590604026845606,0.42336317369211823
1.19777587890625,5.5732788085937495,2.8094482421875,0.3932885906040249,0.3347287285592093
8.92441650390625,5.63181396484375,2.8094482421875,2.610738255033616,0.6459541730871904
0.88558837890625,0.26609130859375,4.0131103515625,0.36375838926174353,0.04214362945117146
1.11972900390625,0.26609130859375,4.0131103515625,0.36375838926174353,0.04198844871648277
0.88558837890625,4.070876464843749,4.0131103515625,0.3812080536912734,0.3261353728324654
0.88558837890625,0.26609130859375,5.5938232421875,0.36375838926174353,0.04273706037307614
1.11972900390625,4.070876464843749,5.5938232421875,0.4026845637583871,0.33960572060042277
5.88058837890625,5.26109130859375,8.9631103515625,2.0348993288590345,0.7287777553122816
6.11472900390625,5.26109130859375,8.9631103515625,2.1194630872483087,0.7348619916466437
5.88058837890625,9.06587646484375,8.9631103515625,2.259060402684571,0.8152900182536031
5.88058837890625,5.26109130859375,0.6438232421875,0.5973154362416051,0.1926832280777451
6.11472900390625,9.06587646484375,0.6438232421875,1.0067114093959602,0.3335767702959017
8.37808837890625,2.76359130859375,1.5381103515625,1.092617449664415,0.2709056256802462
3.61722900390625,2.76359130859375,1.5381103515625,0.3932885906040249,0.15953793020397647
8.37808837890625,6.56837646484375,1.5381103515625,2.0013422818791637,0.51862628148657
8.37808837890625,2.76359130859375,3.1188232421875,1.822818791946281,0.4675610969797993
3.61722900390625,6.56837646484375,3.1188232421875,1.0214765100671008,0.5250337411914662
3.38308837890625,7.75859130859375,6.4881103515625,1.236241610738238,0.6850059623220786
8.61222900390625,7.75859130859375,6.4881103515625,3.1557046979867165,0.8165955705513435
3.38308837890625,1.57337646484375,6.4881103515625,0.4993288590603988,0.21763867993292674
3.38308837890625,7.75859130859375,8.0688232421875,1.2751677852348815,0.7088481266801281
8.61222900390625,1.57337646484375,8.0688232421875,2.008053691275138,0.5039900405428057
4.63183837890625,4.01234130859375,7.7256103515625,1.4255033557046775,0.6114067203965233
9.86097900390625,4.01234130859375,7.7256103515625,3.2791946308726407,0.7485466245396749
4.63183837890625,0.32462646484375,7.7256103515625,0.3731543624161058,0.05132059158248194
4.63183837890625,4.01234130859375,6.8313232421875,1.389261744966423,0.5943668972372427
9.86097900390625,0.32462646484375,6.8313232421875,0.3919463087248303,0.048694285728001614
9.62683837890625,9.00734130859375,2.7756103515625004,3.2268456375840424,0.7514967903575034
4.86597900390625,9.00734130859375,2.7756103515625004,1.5275167785234676,0.6344474809980192
9.62683837890625,5.31962646484375,2.7756103515625004,2.791946308724918,0.6454925438781471
9.62683837890625,9.00734130859375,1.8813232421875001,2.900671140939699,0.6721141591032523
4.86597900390625,5.31962646484375,1.8813232421875001,0.9919463087248195,0.39642337053204324
7.12933837890625,1.51484130859375,5.2506103515625,1.2536912751677678,0.358389097010234
7.36347900390625,1.51484130859375,5.2506103515625,1.3167785234899143,0.36751920028583784
7.12933837890625,7.81712646484375,5.2506103515625,2.53959731543629,0.7737738101203705
7.12933837890625,1.51484130859375,4.3563232421875,1.112751677852334,0.31419751264505097
7.36347900390625,7.81712646484375,4.3563232421875,2.554362416107433,0.7554469816108725
2.13433837890625,6.50984130859375,0.30061035156250004,0.3771812080536896,0.2172601811303062
2.3684790039062498,6.50984130859375,0.30061035156250004,0.3785234899328842,0.206654352588208
2.13433837890625,2.8221264648437496,0.30061035156250004,0.36912751677852196,0.16682062565184083
2.13433837890625,6.50984130859375,9.3063232421875,0.8201342281879098,0.6138830573848493
2.3684790039062498,2.8221264648437496,9.3063232421875,0.6228187919463026,0.3941099880110214
1.50996337890625,3.3879663085937497,5.8693603515624995,0.4228187919463062,0.31131912418550794
4.24160400390625,3.3879663085937497,5.8693603515624995,1.1208053691275017,0.5042920443727241
1.50996337890625,9.69025146484375,5.8693603515624995,0.6550335570469732,0.6029648853931221
1.50996337890625,3.3879663085937497,8.6875732421875,0.46845637583892286,0.3620491359906781
4.24160400390625,9.69025146484375,8.6875732421875,1.6644295302013175,0.7841091016757443
6.5049633789062495,8.38296630859375,0.9193603515625,1.2536912751677678,0.398906923558863
9.23660400390625,8.38296630859375,0.9193603515625,1.9771812080536608,0.468727773508834
6.5049633789062495,4.69525146484375,0.9193603515625,0.8026845637583799,0.24484221352740332
6.5049633789062495,8.38296630859375,3.7375732421875,2.210738255033557,0.7262291508996447
9.23660400390625,4.69525146484375,3.7375732421875,2.7879194630873334,0.6702060231355964
9.00246337890625,0.89046630859375,8.3443603515625,1.4416107382550127,0.3350214336935252
1.74410400390625,0.89046630859375,8.3443603515625,0.3744966442953004,0.1266071798815396
9.00246337890625,2.19775146484375,8.3443603515625,2.4979865771812504,0.6115443433248677
9.00246337890625,0.89046630859375,1.2625732421875002,0.3812080536912734,0.06422204875880193
1.74410400390625,2.19775146484375,1.2625732421875002,0.37046979865771656,0.18223258682899965
4.00746337890625,5.88546630859375,3.3943603515625003,1.123489932885891,0.5349156237368459
6.73910400390625,5.88546630859375,3.3943603515625003,2.0255033557046707,0.6404103563686872
4.00746337890625,7.19275146484375,3.3943603515625003,1.2228187919462918,0.5880012543515264
4.00746337890625,5.88546630859375,6.2125732421875,1.3369127516778334,0.6469044062043132
6.73910400390625,7.19275146484375,6.2125732421875,2.406711409396002,0.769910437161329
2.7587133789062497,2.13921630859375,2.1568603515625,0.382550335570468,0.16911355551015067
5.4903540039062495,2.13921630859375,2.1568603515625,0.5637583892617399,0.18313917329202023
2.7587133789062497,5.94400146484375,2.1568603515625,0.6053691275167727,0.3574959820554247
2.7587133789062497,2.13921630859375,9.9250732421875,0.6187919463087188,0.3437466782059856
5.4903540039062495,5.94400146484375,9.9250732421875,1.9691275167784932,0.7485257901313997
7.75371337890625,7.13421630859375,7.1068603515625,2.8174496644296196,0.7993985221976074
0.49535400390625,7.13421630859375,7.1068603515625,0.3919463087248303,0.4734499879902726
7.75371337890625,0.94900146484375,7.1068603515625,1.0939597315436096,0.28200994593487355
7.75371337890625,7.13421630859375,4.9750732421874995,2.7020134228188644,0.7643657419499803
0.49535400390625,0.94900146484375,4.9750732421874995,0.36510067114093814,0.13124864299299419
5.25621337890625,4.6367163085937495,4.6318603515625,1.532885906040246,0.5930314420632351
7.98785400390625,4.6367163085937495,4.6318603515625,2.4738255033557435,0.6769144584159806
5.25621337890625,3.4465014648437498,4.6318603515625,1.3422818791946118,0.5120713272068407
5.25621337890625,4.6367163085937495,2.5000732421875003,1.1852348993288429,0.4492936472266768
7.98785400390625,3.4465014648437498,2.5000732421875003,1.7261744966442694,0.4618051069104327
0.26121337890625,9.63171630859375,9.5818603515625,0.38389261744966263,0.5496840345319851
2.99285400390625,9.63171630859375,9.5818603515625,1.2201342281879026,0.7469674202360446
0.26121337890625,8.44150146484375,9.5818603515625,0.3812080536912734,0.5229138943536902
0.26121337890625,9.63171630859375,7.4500732421875,0.3798657718120788,0.5374814841647411
2.99285400390625,8.44150146484375,7.4500732421875,1.150335570469783,0.6991676716043245
0.18316650390625,3.62210693359375,4.8638916015625,0.36644295302013274,0.33730261835162
9.31465087890625,3.62210693359375,4.8638916015625,2.769127516778606,0.6602960620406246
0.18316650390625,6.33423583984375,4.8638916015625,0.36778523489932735,0.44419575791745486
0.18316650390625,3.62210693359375,9.0742919921875,0.36778523489932735,0.34778796722020644
9.31465087890625,6.33423583984375,9.0742919921875,3.40402684563776,0.8218295929713558
5.17816650390625,8.61710693359375,9.8138916015625,1.9919463087248015,0.7988254653038767
4.31965087890625,8.61710693359375,9.8138916015625,1.6738255033556797,0.7764576994196084
5.17816650390625,1.33923583984375,9.8138916015625,0.942281879194619,0.3411986327223874
5.17816650390625,8.61710693359375,4.1242919921875,1.7879194630872213,0.7108469207225221
4.31965087890625,1.33923583984375,4.1242919921875,0.4187919463087224,0.14090200782348972
7.67566650390625,1.12460693359375,2.3888916015625004,0.4228187919463062,0.09258432650536272
6.81715087890625,1.12460693359375,2.3888916015625004,0.3999999999999979,0.0927513797839533
7.67566650390625,3.8367358398437497,2.3888916015625004,1.6979865771811826,0.47098112369357226
7.67566650390625,1.12460693359375,1.6492919921875002,0.38926174496644106,0.08030178112239814
6.81715087890625,3.8367358398437497,1.6492919921875002,1.130201342281864,0.339357519334158
2.68066650390625,6.11960693359375,7.3388916015625,0.9436241610738136,0.6079049903765555
1.82215087890625,6.11960693359375,7.3388916015625,0.6765100671140869,0.5446937472925149
2.68066650390625,8.83173583984375,7.3388916015625,1.0523489932885768,0.6909335033587237
2.68066650390625,6.11960693359375,6.5992919921875,0.9234899328858945,0.5932389847869324
1.82215087890625,8.83173583984375,6.5992919921875,0.7489932885905957,0.6222020465086618
3.92941650390625,2.3733569335937497,8.5763916015625,0.9476510067113975,0.4406736456364179
0.57340087890625,2.3733569335937497,8.5763916015625,0.3731543624161058,0.2661788188618231
3.92941650390625,7.58298583984375,8.5763916015625,1.4724832214764887,0.7322017672730576
3.92941650390625,2.3733569335937497,7.8367919921875,0.9221476510066999,0.4270086873366098
0.57340087890625,7.58298583984375,7.8367919921875,0.40671140939597095,0.493931672971212
8.92441650390625,7.36835693359375,3.6263916015625,3.001342281879311,0.7482787715692087
5.56840087890625,7.36835693359375,3.6263916015625,1.7932885906039997,0.668342738896928
8.92441650390625,2.58798583984375,3.6263916015625,2.061744966442931,0.5024390105082743
8.92441650390625,7.36835693359375,2.8867919921875003,2.852348993288685,0.7090641354467386
5.56840087890625,2.58798583984375,2.8867919921875003,0.9234899328858945,0.32132552663976205
6.42691650390625,4.87085693359375,6.1013916015625,2.079194630872464,0.6876113284828156
3.07090087890625,4.87085693359375,6.1013916015625,0.9463087248322029,0.5462383423793463
6.42691650390625,0.09048583984375,6.1013916015625,0.36644295302013274,0.015132479664384104
6.42691650390625,4.87085693359375,0.41179199218750007,0.4617449664429498,0.13282545884769092
3.07090087890625,0.09048583984375,0.41179199218750007,0.36375838926174353,0.013651613081453056
1.43191650390625,9.86585693359375,1.1513916015625,0.3973154362416087,0.33016675695560754
8.06590087890625,9.86585693359375,1.1513916015625,1.9959731543623853,0.5364448433276139
1.43191650390625,5.0854858398437495,1.1513916015625,0.3771812080536896,0.2684341862788254
1.43191650390625,9.86585693359375,5.3617919921874995,0.6241610738254972,0.5885391019323405
8.06590087890625,5.0854858398437495,5.3617919921874995,2.641610738255097,0.7193089463696691
2.05629150390625,0.50023193359375,5.4826416015624995,0.36778523489932735,0.07466754270215573
6.19277587890625,0.50023193359375,5.4826416015624995,0.38389261744966263,0.06927600660655013
2.05629150390625,1.96361083984375,5.4826416015624995,0.3959731543624141,0.2099530051850499
2.05629150390625,0.50023193359375,7.2180419921875,0.36912751677852196,0.07636111517238214
6.19277587890625,1.96361083984375,7.2180419921875,1.4187919463087044,0.46763338144300914
7.05129150390625,5.49523193359375,0.5326416015625001,0.7208053691275089,0.2035153608236741
1.19777587890625,5.49523193359375,0.5326416015625001,0.37046979865771656,0.26993505533493733
7.05129150390625,6.95861083984375,0.5326416015625001,0.9020134228187808,0.26073695220636484
7.05129150390625,5.49523193359375,2.2680419921875004,1.785234899328832,0.5375860075025507
1.19777587890625,6.95861083984375,2.2680419921875004,0.3973154362416087,0.3509452462679757
9.54879150390625,2.99773193359375,7.9576416015625,2.948993288590713,0.6899738325815136
8.69027587890625,2.99773193359375,7.9576416015625,2.6442953020134867,0.6717990369314506
9.54879150390625,9.45611083984375,7.9576416015625,3.6483221476512186,0.8630273466196066
9.54879150390625,2.99773193359375,4.7430419921875,2.6523489932886557,0.6161467955342377
8.69027587890625,9.45611083984375,4.7430419921875,3.182550335570613,0.8164729242455249
4.5537915039062495,7.99273193359375,3.0076416015625003,1.4013422818791745,0.6119905676826201
3.6952758789062496,7.99273193359375,3.0076416015625003,1.1208053691275017,0.5726649190257697
4.5537915039062495,4.46111083984375,3.0076416015625003,1.0711409395973013,0.4543001589922501
4.5537915039062495,7.99273193359375,9.6930419921875,1.734228187919437,0.7705227756627357
3.6952758789062496,4.46111083984375,9.6930419921875,1.2134228187919296,0.6206720012325175
3.3050415039062497,4.24648193359375,1.7701416015625002,0.5006711409395934,0.24520173062908568
4.94402587890625,4.24648193359375,1.7701416015625002,0.8241610738254936,0.31747763583999006
3.3050415039062497,3.21236083984375,1.7701416015625002,0.40805369127516555,0.1840858971326434
3.3050415039062497,4.24648193359375,5.9805419921875,0.9543624161073705,0.5188212874554529
4.94402587890625,3.21236083984375,5.9805419921875,1.314093959731525,0.5271909044947842
8.30004150390625,9.24148193359375,6.7201416015625,3.1261744966444303,0.8370538916886844
9.93902587890625,9.24148193359375,6.7201416015625,3.7516778523492205,0.855329188215901
8.30004150390625,8.20736083984375,6.7201416015625,3.073825503355832,0.8223178979129322
8.30004150390625,9.24148193359375,1.0305419921875,1.9087248322147359,0.49865899529943547
9.93902587890625,8.20736083984375,1.0305419921875,2.273825503355714,0.5064316949109642
5.80254150390625,1.74898193359375,4.2451416015625,0.9073825503355593,0.30014408554106775
2.44652587890625,1.74898193359375,4.2451416015625,0.38926174496644106,0.17993378029386248
5.80254150390625,5.70986083984375,4.2451416015625,1.802684563758362,0.6473553514934768
5.80254150390625,1.74898193359375,3.5055419921875,0.7812080536912662,0.25306874387617495
2.44652587890625,5.70986083984375,3.5055419921875,0.6724832214765031,0.44012339197230754
0.80754150390625,6.74398193359375,9.1951416015625,0.44563758389261454,0.49652406476498234
7.4415258789062495,6.74398193359375,9.1951416015625,2.7315436241611506,0.8040653664921316
0.80754150390625,0.71486083984375,9.1951416015625,0.36778523489932735,0.10721085056957404
0.80754150390625,6.74398193359375,8.4555419921875,0.4402684563758361,0.48785253565923864
7.4415258789062495,0.71486083984375,8.4555419921875,0.7879194630872393,0.1961451947222053
1.11972900390625,1.4367944335937501,0.2232666015625,0.36510067114093814,0.14078728649479635
2.7587133789062497,1.4367944335937501,0.2232666015625,0.36644295302013274,0.11100260541978565
1.11972900390625,9.14392333984375,0.2232666015625,0.37181208053691117,0.3042453317588344
1.11972900390625,1.4367944335937501,0.7211669921875,0.36510067114093814,0.14898262583123162
2.7587133789062497,9.14392333984375,0.7211669921875,0.44966442953019836,0.255012448345834
6.11472900390625,6.43179443359375,5.1732666015625,2.063087248322126,0.71365603528427
7.75371337890625,6.43179443359375,5.1732666015625,2.65906040268463,0.7515248051373995
6.11472900390625,4.1489233398437495,5.1732666015625,1.8013422818791673,0.6164055364892831
6.11472900390625,6.43179443359375,5.6711669921875,2.0953020134228018,0.7256380353753873
7.75371337890625,4.1489233398437495,5.6711669921875,2.413422818791976,0.6779905230182433
8.61222900390625,3.9342944335937498,2.6982666015625,2.1288590604026725,0.5382213187250986
0.26121337890625,3.9342944335937498,2.6982666015625,0.36644295302013274,0.33840283004504945
8.61222900390625,1.6514233398437501,2.6982666015625,1.1248322147650855,0.2695968476862481
8.61222900390625,3.9342944335937498,8.1461669921875,2.829530201342373,0.7280572662016365
0.26121337890625,1.6514233398437501,8.1461669921875,0.36510067114093814,0.20670319750748972
3.61722900390625,8.92929443359375,7.6482666015625,1.393288590604007,0.7396098256421242
5.25621337890625,8.92929443359375,7.6482666015625,1.9946308724831907,0.789210015992629
3.61722900390625,6.64642333984375,7.6482666015625,1.2953020134228006,0.6816411535269602
3.61722900390625,8.92929443359375,3.1961669921875,1.1664429530201184,0.6093754470409953
5.25621337890625,6.64642333984375,3.1961669921875,1.5651006711409166,0.6077852812533536
4.86597900390625,2.68554443359375,6.4107666015625,1.2013422818791781,0.482846738894815
6.5049633789062495,2.68554443359375,6.4107666015625,1.7154362416107125,0.5518634729689181
4.86597900390625,5.39767333984375,6.4107666015625,1.601342281879171,0.6659852979846181
4.86597900390625,2.68554443359375,1.9586669921875002,0.5610738255033507,0.20339486134682905
6.5049633789062495,5.39767333984375,1.9586669921875002,1.4845637583892402,0.47531385071037724
9.86097900390625,7.68054443359375,1.4607666015625,2.5664429530201867,0.5783723217184279
1.50996337890625,7.68054443359375,1.4607666015625,0.3973154362416087,0.31368041867386975
9.86097900390625,0.40267333984375003,1.4607666015625,0.37181208053691117,0.04252298609946263
9.86097900390625,7.68054443359375,6.9086669921874995,3.6416107382552445,0.835359737661207
1.50996337890625,0.40267333984375003,6.9086669921874995,0.36644295302013274,0.06308807089890504
7.36347900390625,0.18804443359375,8.8857666015625,0.3744966442953004,0.03132872966308944
9.00246337890625,0.18804443359375,8.8857666015625,0.3771812080536896,0.031180830882247726
7.36347900390625,2.9001733398437497,8.8857666015625,2.1973154362416087,0.6435740536801594
7.36347900390625,0.18804443359375,9.3836669921875,0.3744966442953004,0.03143007142687042
9.00246337890625,2.9001733398437497,9.3836669921875,2.790604026845723,0.6882845672901776
2.3684790039062498,5.18304443359375,3.9357666015625004,0.6496644295301948,0.430652143947914
4.00746337890625,5.18304443359375,3.9357666015625004,1.1221476510066963,0.5331900868269441
2.3684790039062498,7.89517333984375,3.9357666015625004,0.7906040268456285,0.5488149605425019
2.3684790039062498,5.18304443359375,4.4336669921875,0.6818791946308653,0.4559010304766851
4.00746337890625,7.89517333984375,4.4336669921875,1.3610738255033363,0.6610270826654671
1.74410400390625,4.55866943359375,9.5045166015625,0.6120805369127458,0.4882086913240862
2.13433837890625,4.55866943359375,9.5045166015625,0.7221476510067035,0.522203365662357
1.74410400390625,4.77329833984375,9.5045166015625,0.6241610738254972,0.5016537903579805
1.74410400390625,4.55866943359375,2.5774169921875,0.40402684563758173,0.2814335842287249
2.13433837890625,4.77329833984375,2.5774169921875,0.4604026845637552,0.3006686854344305
6.73910400390625,9.55366943359375,4.5545166015625,2.4416107382550676,0.7815044993286462
7.12933837890625,9.55366943359375,4.5545166015625,2.586577181208109,0.7888409576695279
6.73910400390625,9.76829833984375,4.5545166015625,2.4510067114094314,0.7847244323303668
6.73910400390625,9.55366943359375,7.5274169921875,2.571812080536966,0.826350574873057
7.12933837890625,9.76829833984375,7.5274169921875,2.727516778523566,0.8350167314897191
9.23660400390625,2.06116943359375,7.0295166015624995,2.42281879194634,0.5775319160447494
4.63183837890625,2.06116943359375,7.0295166015624995,0.9919463087248195,0.40355115723758445
9.23660400390625,7.27079833984375,7.0295166015624995,3.3812080536914477,0.8221981834492924
9.23660400390625,2.06116943359375,5.0524169921875,2.1919463087248294,0.5188581925836032
4.63183837890625,7.27079833984375,5.0524169921875,1.5852348993288357,0.6884567831961383
4.24160400390625,7.05616943359375,2.0795166015625,1.0496644295301876,0.47516854765731814
9.62683837890625,7.05616943359375,2.0795166015625,2.7798657718121644,0.6427456610859908
4.24160400390625,2.27579833984375,2.0795166015625,0.4161073825503332,0.15318883366174757
4.24160400390625,7.05616943359375,0.1024169921875,0.38926174496644106,0.1480303652003462
9.62683837890625,2.27579833984375,0.1024169921875,0.3812080536912734,0.06770703513400732
2.99285400390625,0.81241943359375,3.3170166015625,0.37181208053691117,0.10146259958332118
8.37808837890625,0.81241943359375,3.3170166015625,0.42953020134227926,0.08435567577156375
2.99285400390625,1.02704833984375,3.3170166015625,0.375838926174495,0.1195350957825682
2.99285400390625,0.81241943359375,3.8149169921875004,0.3731543624161058,0.10346386173908836
8.37808837890625,1.02704833984375,3.8149169921875004,0.8268456375838829,0.19248029324138838
7.98785400390625,5.80741943359375,8.2670166015625,2.838926174496737,0.7840260983777724
3.38308837890625,5.80741943359375,8.2670166015625,1.181208053691259,0.6497325924054692
7.98785400390625,6.02204833984375,8.2670166015625,2.8577181208054645,0.7895137632306783
7.98785400390625,5.80741943359375,8.7649169921875,2.85369127516788,0.7883893570467221
3.38308837890625,6.02204833984375,8.7649169921875,1.2040268456375673,0.6639604831340142
5.4903540039062495,3.30991943359375,0.8420166015625,0.40939597315436016,0.12750817190391803
5.88058837890625,3.30991943359375,0.8420166015625,0.42684563758389005,0.12763396956479908
5.4903540039062495,8.51954833984375,0.8420166015625,0.9718120805369004,0.3523436442310053
5.4903540039062495,3.30991943359375,6.2899169921875,1.5288590604026622,0.5676949032920908
5.88058837890625,8.51954833984375,6.2899169921875,2.1664429530201277,0.7793757849943831
0.49535400390625,8.30491943359375,5.7920166015625,0.3919463087248303,0.4895977579506634
0.88558837890625,8.30491943359375,5.7920166015625,0.4563758389261714,0.505534319946166
0.49535400390625,3.52454833984375,5.7920166015625,0.3731543624161058,0.3284704039610346
0.49535400390625,8.30491943359375,1.3399169921875,0.37046979865771656,0.41478891279217134
0.88558837890625,3.52454833984375,1.3399169921875,0.36912751677852196,0.2678493421088321
0.33926025390625003,0.96851318359375,8.1123291015625,0.36510067114093814,0.13714496425958428
3.85136962890625,0.96851318359375,8.1123291015625,0.4120805369127494,0.1348898847295333
0.33926025390625003,5.24157958984375,8.1123291015625,0.375838926174495,0.418018952859451
0.33926025390625003,0.96851318359375,0.2571044921875,0.36375838926174353,0.1205096105315756
3.85136962890625,5.24157958984375,0.2571044921875,0.38389261744966263,0.15112457292263387
5.33426025390625,5.96351318359375,3.1623291015625004,1.5194630872483,0.5809008654126404
8.84636962890625,5.96351318359375,3.1623291015625004,2.7261744966443713,0.6816854099094722
5.33426025390625,0.24657958984375,3.1623291015625004,0.36778523489932735,0.03664279969818955
5.33426025390625,5.96351318359375,5.2071044921875,1.747651006711383,0.6751133997015446
8.84636962890625,0.24657958984375,5.2071044921875,0.3744966442953004,0.03694787349949426
7.83176025390625,3.4660131835937498,5.6373291015625,2.3006711409396106,0.6381983937155397
1.35386962890625,3.4660131835937498,5.6373291015625,0.40671140939597095,0.30856236732089665
7.83176025390625,2.74407958984375,5.6373291015625,2.102013422818776,0.5792473503245849
7.83176025390625,3.4660131835937498,7.6821044921875,2.438926174496678,0.6794764104458828
1.35386962890625,2.74407958984375,7.6821044921875,0.4026845637583871,0.28566207705691776
2.8367602539062498,8.46101318359375,0.6873291015625,0.42818791946308465,0.23442903911782545
6.34886962890625,8.46101318359375,0.6873291015625,1.0442953020134091,0.3354502890535445
2.8367602539062498,7.73907958984375,0.6873291015625,0.4120805369127494,0.22179378040553174
2.8367602539062498,8.46101318359375,2.7321044921875,0.8456375838926073,0.5182573639148816
6.34886962890625,7.73907958984375,2.7321044921875,1.9382550335570172,0.6455999423470857
4.08551025390625,4.71476318359375,4.3998291015625,1.1422818791946154,0.5343111717370367
5.10011962890625,4.71476318359375,4.3998291015625,1.4684563758389049,0.5813266686417445
4.08551025390625,8.98782958984375,4.3998291015625,1.4389261744966235,0.6911855966208287
4.08551025390625,4.71476318359375,1.4946044921875001,0.6201342281879134,0.2698798943933456
5.10011962890625,8.98782958984375,1.4946044921875001,1.2456375838926002,0.49018499983834285
9.08051025390625,9.70976318359375,9.3498291015625,3.5073825503357616,0.8685309505977699
0.10511962890625,9.70976318359375,9.3498291015625,0.37046979865771656,0.5503508506944935
9.08051025390625,3.99282958984375,9.3498291015625,3.0523489932887147,0.7506618048634819
9.08051025390625,9.70976318359375,6.4446044921875,3.434899328859241,0.849265874153219
0.10511962890625,3.99282958984375,6.4446044921875,0.36510067114093814,0.3615846919968523
6.58301025390625,2.21726318359375,1.9248291015625,0.7060402684563682,0.20522250605082915
7.59761962890625,2.21726318359375,1.9248291015625,0.90469798657717,0.23927758786434225
6.58301025390625,1.49532958984375,1.9248291015625,0.41073825503355477,0.10354965859884306
6.58301025390625,2.21726318359375,8.9196044921875,1.7288590604026586,0.5500898170421249
7.59761962890625,1.49532958984375,8.9196044921875,1.6926174496644042,0.47016725656384684
1.58801025390625,7.21226318359375,6.8748291015625,0.6375838926174433,0.5586144728450106
2.60261962890625,7.21226318359375,6.8748291015625,0.9570469798657597,0.6337151684396793
1.58801025390625,6.49032958984375,6.8748291015625,0.6134228187919404,0.5302706755064903
1.58801025390625,7.21226318359375,3.9696044921875004,0.5503355704697939,0.4669778302364586
2.60261962890625,6.49032958984375,3.9696044921875004,0.7973154362416015,0.5141741955882828
2.2123852539062496,2.8416381835937496,2.5435791015625,0.38926174496644106,0.21260834616073615
0.72949462890625,2.8416381835937496,2.5435791015625,0.36912751677852196,0.2630560059206019
2.2123852539062496,0.8709545898437501,2.5435791015625,0.36912751677852196,0.10807423313860377
2.2123852539062496,2.8416381835937496,3.3508544921875,0.4026845637583871,0.22799187020146677
0.72949462890625,0.8709545898437501,3.3508544921875,0.36510067114093814,0.11878438808618398
7.20738525390625,7.83663818359375,7.4935791015625,2.667114093959799,0.8073255912208841
5.72449462890625,7.83663818359375,7.4935791015625,2.1140939597315294,0.7780517834955576
7.20738525390625,5.86595458984375,7.4935791015625,2.5302013422819263,0.7633938408192676
7.20738525390625,7.83663818359375,8.3008544921875,2.688590604026916,0.814320300334146
5.72449462890625,5.86595458984375,8.3008544921875,2.013422818791917,0.7382396623324177
9.70488525390625,0.34413818359375004,5.0185791015625,0.38389261744966263,0.04756817638778611
3.2269946289062497,0.34413818359375004,5.0185791015625,0.36778523489932735,0.052525413108857964
9.70488525390625,8.36345458984375,5.0185791015625,3.5234899328860996,0.8187610187989404
9.70488525390625,0.34413818359375004,5.8258544921875,0.38926174496644106,0.04941472244944453
3.2269946289062497,8.36345458984375,5.8258544921875,1.1838926174496482,0.6792238782769975
4.70988525390625,5.33913818359375,9.9685791015625,1.6429530201342037,0.7048513017076681
8.22199462890625,5.33913818359375,9.9685791015625,2.924832214765206,0.7878044134446985
4.70988525390625,3.3684545898437497,9.9685791015625,1.4228187919462882,0.6006355689489344
4.70988525390625,5.33913818359375,0.8758544921875,0.5597315436241561,0.2149997876284021
8.22199462890625,3.3684545898437497,0.8758544921875,0.778523489932877,0.1915527308300255
3.46113525390625,1.59288818359375,6.2560791015624995,0.5100671140939557,0.2209417860130817
9.47074462890625,1.59288818359375,6.2560791015624995,2.126174496644283,0.4901665244235457
3.46113525390625,4.61720458984375,6.2560791015624995,1.0523489932885768,0.5589578723614541
3.46113525390625,1.59288818359375,4.5883544921874995,0.4214765100671116,0.16934371430317843
9.47074462890625,4.61720458984375,4.5883544921874995,2.994630872483337,0.7060274306059007
8.45613525390625,6.5878881835937495,1.3060791015625002,1.8657718120805085,0.47786118337102984
4.4757446289062495,6.5878881835937495,1.3060791015625002,0.8214765100671044,0.34718978834869396
8.45613525390625,9.61220458984375,1.3060791015625002,2.210738255033557,0.5714007594394395
8.45613525390625,6.5878881835937495,9.5383544921875,3.1087248322148975,0.8182454711196419
4.4757446289062495,9.61220458984375,9.5383544921875,1.7610738255033291,0.7955381872486984
5.95863525390625,4.09038818359375,8.7310791015625,1.9248322147650712,0.6779901237074812
6.97324462890625,4.09038818359375,8.7310791015625,2.2845637583892726,0.7059089613598086
5.95863525390625,7.1147045898437495,8.7310791015625,2.1919463087248294,0.7800397891527071
5.95863525390625,4.09038818359375,7.0633544921875,1.8617449664429246,0.653909989273184
6.97324462890625,7.1147045898437495,7.0633544921875,2.523489932885952,0.7847512986818759
0.96363525390625,9.08538818359375,3.7810791015625003,0.44295302013422533,0.4710434563626972
1.97824462890625,9.08538818359375,3.7810791015625003,0.7060402684563682,0.5498532420358795
0.96363525390625,2.11970458984375,3.7810791015625003,0.37181208053691117,0.22493964623063248
0.96363525390625,9.08538818359375,2.1133544921875003,0.3946308724832195,0.3966881648806197
1.97824462890625,2.11970458984375,2.1133544921875003,0.3744966442953004,0.18474922325431553
0.65144775390625,3.77820068359375,7.1842041015625,0.3812080536912734,0.34525365724845614
7.90980712890625,3.77820068359375,7.1842041015625,2.5033557046980297,0.6921351731165017
0.65144775390625,8.05126708984375,7.1842041015625,0.420134228187917,0.5046046822045432
0.65144775390625,3.77820068359375,9.8477294921875,0.38657718120805185,0.3579677551572136
7.90980712890625,8.05126708984375,9.8477294921875,2.995973154362532,0.8376473460574823
5.64644775390625,8.77320068359375,2.2342041015625003,1.6536912751677606,0.6060898427749806
2.91480712890625,8.77320068359375,2.2342041015625003,0.809395973154353,0.48384927456782617
5.64644775390625,3.05626708984375,2.2342041015625003,0.8953020134228078,0.3083629385521378
5.64644775390625,8.77320068359375,4.8977294921875,2.024161073825476,0.7516252386452567
2.91480712890625,3.05626708984375,4.8977294921875,0.6389261744966379,0.3532946670061696
8.14394775390625,1.28070068359375,9.6592041015625,1.7315436241610478,0.4515584468030208
5.41230712890625,1.28070068359375,9.6592041015625,0.9610738255033435,0.33571237630341194
8.14394775390625,0.55876708984375,9.6592041015625,0.6953020134228114,0.15241834818612837
8.14394775390625,1.28070068359375,2.4227294921875,0.621476510067108,0.1436818552214764
5.41230712890625,0.55876708984375,2.4227294921875,0.37181208053691117,0.06692195514816494
3.14894775390625,6.27570068359375,4.7092041015624995,1.0013422818791817,0.5734198365246076
0.41730712890625,6.27570068359375,4.7092041015624995,0.375838926174495,0.42941589270501723
3.14894775390625,5.55376708984375,4.7092041015624995,0.9516778523489813,0.5405401327008215
3.14894775390625,6.27570068359375,7.3727294921875,1.1087248322147503,0.6422838162129572
0.41730712890625,5.55376708984375,7.3727294921875,0.3798657718120788,0.4255162470953666
4.39769775390625,0.03195068359375,0.9967041015625,0.36375838926174353,0.005105129603115243
1.66605712890625,0.03195068359375,0.9967041015625,0.36375838926174353,0.0051592013051233185
4.39769775390625,6.80251708984375,0.9967041015625,0.6926174496644222,0.2916331799524575
4.39769775390625,0.03195068359375,8.6102294921875,0.36375838926174353,0.0055375547504775465
1.66605712890625,6.80251708984375,8.6102294921875,0.6751677852348923,0.5789044191794631
9.39269775390625,5.02695068359375,5.9467041015625,3.1637583892618855,0.7543789646491903
6.66105712890625,5.02695068359375,5.9467041015625,2.171812080536907,0.697251776682352
9.39269775390625,1.80751708984375,5.9467041015625,2.2161073825503363,0.5165877385441187
9.39269775390625,5.02695068359375,3.6602294921875003,2.8872483221477507,0.6844795089036151
6.66105712890625,1.80751708984375,3.6602294921875003,1.04161073825502,0.31150566205082375
6.89519775390625,2.52945068359375,3.4717041015625,1.3906040268456177,0.4171801147659749
4.16355712890625,2.52945068359375,3.4717041015625,0.689932885906033,0.2922166170367428
6.89519775390625,4.30501708984375,3.4717041015625,1.86040268456373,0.5723759549758022
6.89519775390625,2.52945068359375,1.1852294921875002,0.5288590604026802,0.14255270985048385
4.16355712890625,4.30501708984375,1.1852294921875002,0.48724832214764735,0.19954050903969706
1.90019775390625,7.52445068359375,8.4217041015625,0.7691275167785148,0.6206216272614041
9.15855712890625,7.52445068359375,8.4217041015625,3.412080536912929,0.8369806835774947
1.90019775390625,9.30001708984375,8.4217041015625,0.816107382550326,0.6683250655027115
1.90019775390625,7.52445068359375,6.1352294921874995,0.7248322147650927,0.5791659014428385
9.15855712890625,9.30001708984375,6.1352294921874995,3.432214765100851,0.8417076673233568
1.27582275390625,1.9050756835937501,2.8529541015625,0.37046979865771656,0.19721491364034946
7.28543212890625,1.9050756835937501,2.8529541015625,1.0362416107382415,0.28688092946161103
1.27582275390625,3.68064208984375,2.8529541015625,0.3812080536912734,0.27818932053097223
1.27582275390625,1.9050756835937501,6.7539794921875,0.3798657718120788,0.21962342697652062
7.28543212890625,3.68064208984375,6.7539794921875,2.2389261744966484,0.6631492625605362
6.27082275390625,6.90007568359375,7.8029541015625,2.272483221476519,0.7737847955102564
2.2904321289062497,6.90007568359375,7.8029541015625,0.8630872483221372,0.6194283191988064
6.27082275390625,8.67564208984375,7.8029541015625,2.366442953020157,0.807963253872756
6.27082275390625,6.90007568359375,1.8039794921875,1.5409395973154136,0.5118619578120577
2.2904321289062497,8.67564208984375,1.8039794921875,0.5798657718120752,0.39439621278633497
8.76832275390625,4.40257568359375,0.3779541015625,0.6295302013422757,0.14421557799949716
9.78293212890625,4.40257568359375,0.3779541015625,0.7637583892617363,0.16168211613549727
8.76832275390625,6.17814208984375,0.3779541015625,0.9328859060402568,0.22230439352515266
8.76832275390625,4.40257568359375,4.2789794921875,2.6617449664430195,0.6703050699261704
9.78293212890625,6.17814208984375,4.2789794921875,3.2899328859061994,0.7558373846222439
3.7733227539062497,9.39757568359375,5.3279541015625,1.395973154362396,0.7154260427246324
4.78793212890625,9.39757568359375,5.3279541015625,1.7624161073825237,0.7502233991264802
3.7733227539062497,1.1831420898437501,5.3279541015625,0.40402684563758173,0.13953602490278946
3.7733227539062497,9.39757568359375,9.2289794921875,1.4912751677852132,0.7690137106325873
4.78793212890625,1.1831420898437501,9.2289794921875,0.727516778523482,0.265200696108439
2.52457275390625,3.15382568359375,9.0404541015625,0.7006711409395898,0.4389785152103622
3.53918212890625,3.15382568359375,9.0404541015625,0.9932885906040141,0.5103400393606853
2.52457275390625,2.4318920898437497,9.0404541015625,0.5999999999999943,0.3553050003224855
2.52457275390625,3.15382568359375,5.5164794921875,0.5932885906040213,0.35800969629590396
3.53918212890625,2.4318920898437497,5.5164794921875,0.7167785234899251,0.34592442464550577
7.51957275390625,8.14882568359375,4.0904541015625,2.6080536912752263,0.7573254419231932
8.53418212890625,8.14882568359375,4.0904541015625,2.9825503355705836,0.7754230549668022
7.51957275390625,7.42689208984375,4.0904541015625,2.554362416107433,0.7408318236196592
7.51957275390625,8.14882568359375,0.5664794921875,1.154362416107367,0.3211275166385971
8.53418212890625,7.42689208984375,0.5664794921875,1.2885906040268276,0.3216195841424716
5.02207275390625,0.65632568359375,6.5654541015625,0.3919463087248303,0.0913210836031588
1.0416821289062501,0.65632568359375,6.5654541015625,0.36644295302013274,0.09695358054769296
5.02207275390625,9.92439208984375,6.5654541015625,1.915436241610709,0.786827405708399
5.02207275390625,0.65632568359375,3.0414794921875004,0.375838926174495,0.07880107955520183
1.0416821289062501,9.92439208984375,3.0414794921875004,0.44697986577180915,0.4625812024250281
0.027072753906250004,5.6513256835937495,1.6154541015625001,0.36375838926174353,0.4144132924821383
6.03668212890625,5.6513256835937495,1.6154541015625001,1.2389261744966271,0.4189715439046902
0.027072753906250004,4.92939208984375,1.6154541015625001,0.36375838926174353,0.38783705748782965
0.027072753906250004,5.6513256835937495,7.9914794921875,0.36375838926174353,0.4364630232374036
6.03668212890625,4.92939208984375,7.9914794921875,2.03087248322145,0.7100222891831194
0.02219482421875,1.89044189453125,7.8851318359375,0.36375838926174353,0.22933621611631302
7.64152099609375,1.89044189453125,7.8851318359375,1.8765100671140653,0.5239031109330627
0.02219482421875,8.72929931640625,7.8851318359375,0.36375838926174353,0.5247101921633386
0.02219482421875,1.89044189453125,3.9841064453125004,0.36375838926174353,0.22391566046573788
7.64152099609375,8.72929931640625,3.9841064453125004,2.6791946308725523,0.7676235308106301
5.01719482421875,6.88544189453125,2.9351318359375003,1.4604026845637372,0.5878947501662432
2.64652099609375,6.88544189453125,2.9351318359375003,0.7382550335570388,0.46610794057868066
5.01719482421875,3.7342993164062497,2.9351318359375003,1.068456375838912,0.416077353870885
5.01719482421875,6.88544189453125,8.9341064453125,1.8375838926174217,0.7530014653650026
2.64652099609375,3.7342993164062497,8.9341064453125,0.7959731543624069,0.497722467778247
7.51469482421875,4.38794189453125,5.4101318359374995,2.3463087248322347,0.6773545386367312
5.14402099609375,4.38794189453125,5.4101318359374995,1.5288590604026622,0.6024472230896871
7.51469482421875,1.23679931640625,5.4101318359374995,1.1530201342281723,0.31017138305745834
7.51469482421875,4.38794189453125,6.4591064453125,2.42281879194634,0.701066393019153
5.14402099609375,1.23679931640625,6.4591064453125,0.6979865771812006,0.2390181712463242
2.51969482421875,9.38294189453125,0.46013183593750007,0.3973154362416087,0.22979594603355458
0.14902099609375002,9.38294189453125,0.46013183593750007,0.36510067114093814,0.468230978426902
2.51969482421875,6.23179931640625,0.46013183593750007,0.382550335570468,0.2050994283818874
2.51969482421875,9.38294189453125,1.5091064453125,0.6026845637583835,0.3865695815466911
0.14902099609375002,6.23179931640625,1.5091064453125,0.36510067114093814,0.4184308863513092
3.76844482421875,3.13919189453125,4.1726318359375,0.8067114093959638,0.3826484624254737
1.39777099609375,3.13919189453125,4.1726318359375,0.38791946308724645,0.270579509962099
3.76844482421875,7.4805493164062495,4.1726318359375,1.2375838926174325,0.6272589579394339
3.76844482421875,3.13919189453125,2.7466064453125,0.6201342281879134,0.28193806513042263
1.39777099609375,7.4805493164062495,2.7466064453125,0.45100671140939297,0.39187432320113436
8.76344482421875,8.13419189453125,9.1226318359375,3.3114093959733166,0.8455236640461686
6.39277099609375,8.13419189453125,9.1226318359375,2.414765100671171,0.8113113415995303
8.76344482421875,2.48554931640625,9.1226318359375,2.5664429530201867,0.6457665845160625
8.76344482421875,8.13419189453125,7.6966064453125,3.277852348993446,0.8363142125850842
6.39277099609375,2.48554931640625,7.6966064453125,1.6993288590603772,0.5547343834592807
6.26594482421875,0.64169189453125,1.6976318359375002,0.3731543624161058,0.0666485022819993
3.8952709960937497,0.64169189453125,1.6976318359375002,0.36912751677852196,0.07561866049375982
6.26594482421875,4.98304931640625,1.6976318359375002,1.2389261744966271,0.40485662005611806
6.26594482421875,0.64169189453125,5.2216064453125,0.3946308724832195,0.08272651414177225
3.8952709960937497,4.98304931640625,5.2216064453125,1.1718120805368968,0.5722516113886921
1.27094482421875,5.63669189453125,6.6476318359375,0.4966442953020096,0.4566942546039583
8.89027099609375,5.63669189453125,6.6476318359375,3.0939597315437544,0.7762805496926413
1.27094482421875,9.97804931640625,6.6476318359375,0.6026845637583835,0.6062116419217612
1.27094482421875,5.63669189453125,0.2716064453125,0.37046979865771656,0.25647231907734513
8.89027099609375,9.97804931640625,0.2716064453125,1.236241610738238,0.2972604703621049
1.8953198242187501,3.76356689453125,2.3163818359375004,0.39060402684563567,0.24553675106682166
7.01714599609375,3.76356689453125,2.3163818359375004,1.4604026845637372,0.4350003539124164
1.8953198242187501,3.10992431640625,2.3163818359375004,0.38389261744966263,0.22676600760560575
1.8953198242187501,3.76356689453125,2.1278564453125,0.38791946308724645,0.2414803528176137
7.01714599609375,3.10992431640625,2.1278564453125,1.2040268456375673,0.3528616534762563
6.89031982421875,8.75856689453125,7.2663818359375,2.587919463087304,0.8150257638492469
2.02214599609375,8.75856689453125,7.2663818359375,0.8255033557046882,0.6473960199867982
6.89031982421875,8.10492431640625,7.2663818359375,2.555704697986628,0.8042825120982492
6.89031982421875,8.75856689453125,7.0778564453124995,2.5825503355705246,0.8131957675740704
2.02214599609375,8.10492431640625,7.0778564453124995,0.8040268456375745,0.6268618061813391
9.38781982421875,1.26606689453125,4.7913818359375,1.570469798657695,0.35602556302265415
9.51464599609375,1.26606689453125,4.7913818359375,1.6053691275167548,0.3600967889144012
9.38781982421875,5.60742431640625,4.7913818359375,3.136912751677989,0.7476712062722062
9.38781982421875,1.26606689453125,9.5528564453125,2.092617449664412,0.48563923128296427
9.51464599609375,5.60742431640625,9.5528564453125,3.425503355704877,0.8109552664082225
4.3928198242187495,6.2610668945312495,9.7413818359375,1.590604026845614,0.7233687663513133
4.51964599609375,6.2610668945312495,9.7413818359375,1.6362416107382307,0.7277464132444003
4.3928198242187495,0.6124243164062501,9.7413818359375,0.3932885906040249,0.09386945847148666
4.3928198242187495,6.2610668945312495,4.6028564453125,1.4026845637583691,0.6307296279513634
4.51964599609375,0.6124243164062501,4.6028564453125,0.3771812080536896,0.08155956210098733
3.1440698242187497,0.01731689453125,6.0288818359375,0.36375838926174353,0.0029818932898566337
3.27089599609375,0.01731689453125,6.0288818359375,0.36375838926174353,0.0029815779577376947
3.1440698242187497,1.86117431640625,6.0288818359375,0.5181208053691233,0.2458267712034729
3.1440698242187497,0.01731689453125,0.8903564453125,0.36375838926174353,0.00279744856999381
3.27089599609375,1.86117431640625,0.8903564453125,0.3731543624161058,0.13139537983750005
8.13906982421875,5.01231689453125,1.0788818359375,1.3302013422818604,0.3459064062351227
8.26589599609375,5.01231689453125,1.0788818359375,1.3597315436241417,0.34913246102602746
8.13906982421875,6.85617431640625,1.0788818359375,1.6335570469798415,0.4306154207798702
8.13906982421875,5.01231689453125,5.8403564453125,2.69530201342289,0.7287453215066905
8.26589599609375,6.85617431640625,5.8403564453125,2.9302013422819853,0.7846657237704648
5.64156982421875,2.5148168945312497,8.5038818359375,1.5033557046979646,0.5429749050693164
0.77339599609375,2.5148168945312497,8.5038818359375,0.3785234899328842,0.275167864751732
5.64156982421875,9.35367431640625,8.5038818359375,2.171812080536907,0.8115135726409823
5.64156982421875,2.5148168945312497,8.3153564453125,1.495302013422797,0.5397879319197193
0.77339599609375,9.35367431640625,8.3153564453125,0.47114093959731207,0.5667791240679627
0.64656982421875,7.50981689453125,3.5538818359375,0.38523489932885724,0.4294057978559125
5.76839599609375,7.50981689453125,3.5538818359375,1.8644295302013139,0.6751112140479274
0.64656982421875,4.35867431640625,3.5538818359375,0.3744966442953004,0.3429648306433095
0.64656982421875,7.50981689453125,3.3653564453125,0.38389261744966263,0.4259400205949421
5.76839599609375,4.35867431640625,3.3653564453125,1.4872483221476294,0.5286356218216013
0.95875732421875,2.82700439453125,6.9570068359374995,0.38389261744966263,0.28782060048776437
4.20745849609375,2.82700439453125,6.9570068359374995,1.0657718120805229,0.47818462385445903
0.95875732421875,5.91961181640625,6.9570068359374995,0.4402684563758361,0.44589331549385935
0.95875732421875,2.82700439453125,6.1497314453125,0.3812080536912734,0.282564407697389
4.20745849609375,5.91961181640625,6.1497314453125,1.4053691275167584,0.6555385823427848
5.95375732421875,7.82200439453125,2.0070068359375,1.6093959731543386,0.5616296255940466
9.20245849609375,7.82200439453125,2.0070068359375,2.6926174496645006,0.6485740116084026
5.95375732421875,0.92461181640625,2.0070068359375,0.3798657718120788,0.08488606793496929
5.95375732421875,7.82200439453125,1.1997314453125,1.2442953020134055,0.4275317412407502
9.20245849609375,0.92461181640625,1.1997314453125,0.3812080536912734,0.06384469370921554
8.45125732421875,0.32950439453125,9.4320068359375,0.3946308724832195,0.053296297016825395
1.70995849609375,0.32950439453125,9.4320068359375,0.36778523489932735,0.05368697049287634
8.45125732421875,3.42211181640625,9.4320068359375,2.720805369127592,0.7110921241934274
8.45125732421875,0.32950439453125,3.6747314453125,0.3744966442953004,0.04456628404399716
1.70995849609375,3.42211181640625,3.6747314453125,0.4013422818791925,0.26890826998668466
3.45625732421875,5.32450439453125,4.4820068359375,1.0134228187919332,0.5378935504466675
6.70495849609375,5.32450439453125,4.4820068359375,2.100671140939581,0.6687392568759776
3.45625732421875,8.41711181640625,4.4820068359375,1.2013422818791781,0.6526918679025477
3.45625732421875,5.32450439453125,8.6247314453125,1.181208053691259,0.6378732483895954
6.70495849609375,8.41711181640625,8.6247314453125,2.5355704697987056,0.8179589255692723
4.70500732421875,1.57825439453125,0.7695068359375,0.3744966442953004,0.10315150386452378
5.45620849609375,1.57825439453125,0.7695068359375,0.375838926174495,0.09584660243806795
4.70500732421875,9.66586181640625,0.7695068359375,0.8322147651006613,0.3400944290560366
4.70500732421875,1.57825439453125,7.3872314453125,0.8416107382550235,0.3260847479878024
5.45620849609375,9.66586181640625,7.3872314453125,2.0899328859060224,0.8024709582194872
9.70000732421875,6.57325439453125,5.7195068359375,3.433557046980046,0.7974583983569488
0.46120849609375003,6.57325439453125,5.7195068359375,0.3812080536912734,0.4442768738877959
9.70000732421875,4.67086181640625,5.7195068359375,3.20671140939612,0.74212514406348
9.70000732421875,6.57325439453125,2.4372314453125004,2.89261744966453,0.6652499612340013
0.46120849609375003,4.67086181640625,2.4372314453125004,0.36912751677852196,0.35267997408973906
7.20250732421875,4.07575439453125,3.2445068359375,1.867114093959703,0.5520759454624935
7.95370849609375,4.07575439453125,3.2445068359375,2.1127516778523345,0.574698300976194
7.20250732421875,2.17336181640625,3.2445068359375,1.2684563758389085,0.362392032572775
7.20250732421875,4.07575439453125,4.9122314453125,2.1355704697986466,0.6370606934416584
7.95370849609375,2.17336181640625,4.9122314453125,1.8241610738254757,0.48999828019345615
2.2075073242187497,9.07075439453125,8.1945068359375,0.9114093959731431,0.680790159243246
2.9587084960937498,9.07075439453125,8.1945068359375,1.1731543624160914,0.721499805976326
2.2075073242187497,7.16836181640625,8.1945068359375,0.8523489932885804,0.6278876274419414
2.2075073242187497,9.07075439453125,9.8622314453125,0.9315436241610622,0.6978830172982733
2.9587084960937498,7.16836181640625,9.8622314453125,1.130201342281864,0.6908844037180842
1.58313232421875,0.95387939453125,2.6257568359375,0.36778523489932735,0.12016827950598997
1.08558349609375,0.95387939453125,2.6257568359375,0.36644295302013274,0.12372770470690299
1.58313232421875,0.30023681640625,2.6257568359375,0.36375838926174353,0.045543789281660106
1.58313232421875,0.95387939453125,8.0059814453125,0.3744966442953004,0.13400069774065265
1.08558349609375,0.30023681640625,8.0059814453125,0.36510067114093814,0.048718651667067805
6.57813232421875,5.94887939453125,7.5757568359375,2.3087248322147795,0.7532377600289784
6.08058349609375,5.94887939453125,7.5757568359375,2.1275167785234776,0.741541383170502
6.57813232421875,5.29523681640625,7.5757568359375,2.249664429530207,0.7326101689217506
6.57813232421875,5.94887939453125,3.0559814453125003,1.911409395973125,0.6155581970568077
6.08058349609375,5.29523681640625,3.0559814453125003,1.6644295302013175,0.5698854757069958
9.07563232421875,3.4513793945312496,0.1507568359375,0.3946308724832195,0.07986932080796338
3.58308349609375,3.4513793945312496,0.1507568359375,0.3744966442953004,0.1369190483395395
9.07563232421875,7.79273681640625,0.1507568359375,0.8765100671140833,0.20209769609879324
9.07563232421875,3.4513793945312496,0.5809814453125001,0.659060402684557,0.14630605528057702
3.58308349609375,7.79273681640625,0.5809814453125001,0.4536912751677822,0.21105375725819195
4.08063232421875,8.44637939453125,5.1007568359375,1.4550335570469588,0.700127721695631
8.57808349609375,8.44637939453125,5.1007568359375,3.1100671140940923,0.8067914643672631
4.08063232421875,2.7977368164062497,5.1007568359375,0.9073825503355593,0.40877660148469086
4.08063232421875,8.44637939453125,5.5309814453124995,1.4765100671140725,0.711334539958564
8.57808349609375,2.7977368164062497,5.5309814453124995,2.358389261744988,0.601708067419231
2.83188232421875,4.70012939453125,8.8132568359375,0.9342281879194514,0.5730372134335292
9.82683349609375,4.70012939453125,8.8132568359375,3.417449664429708,0.7845344313828696
2.83188232421875,4.04648681640625,8.8132568359375,0.8791946308724725,0.5323852555558398
2.83188232421875,4.70012939453125,9.2434814453125,0.942281879194619,0.5786882222581403
9.82683349609375,4.04648681640625,9.2434814453125,3.332885906040434,0.764220233410679
7.82688232421875,9.69512939453125,3.8632568359375004,2.7892617449665282,0.7833248881046155
4.83183349609375,9.69512939453125,3.8632568359375004,1.6912751677852096,0.7120268972968624
7.82688232421875,9.04148681640625,3.8632568359375004,2.753020134228268,0.772549168330896
7.82688232421875,9.69512939453125,4.2934814453125,2.8335570469799576,0.7965623335715581
4.83183349609375,9.04148681640625,4.2934814453125,1.6979865771811826,0.7149538657730836
5.3293823242187495,2.20262939453125,6.3382568359375,1.1932885906040105,0.4415426685722085
7.32933349609375,2.20262939453125,6.3382568359375,1.8053691275167512,0.5224728345870036
5.3293823242187495,6.54398681640625,6.3382568359375,1.853691275167757,0.7201282195777502
5.3293823242187495,2.20262939453125,1.8184814453125002,0.46308724832214443,0.14804652923622516
7.32933349609375,6.54398681640625,1.8184814453125002,1.8308724832214487,0.5336205919321105
0.33438232421875,7.1976293945312495,1.3882568359375,0.36778523489932735,0.4177416249766671
2.3343334960937496,7.1976293945312495,1.3882568359375,0.46308724832214443,0.2939630436964078
0.33438232421875,1.5489868164062501,1.3882568359375,0.36375838926174353,0.18032458275308277
0.33438232421875,7.1976293945312495,6.7684814453125,0.3785234899328842,0.47445491755030156
2.3343334960937496,1.5489868164062501,6.7684814453125,0.3973154362416087,0.1855697882499992
0.49047607421875,4.54403564453125,4.9460693359375,0.3744966442953004,0.3695090948692612
3.11480224609375,4.54403564453125,4.9460693359375,0.8711409395973049,0.4910697232089643
0.49047607421875,9.82195556640625,4.9460693359375,0.3932885906040249,0.5097569870062226
0.49047607421875,4.54403564453125,5.3762939453125,0.3744966442953004,0.37129319647742665
3.11480224609375,9.82195556640625,5.3762939453125,1.1798657718120644,0.6971026823928006
5.48547607421875,9.53903564453125,9.8960693359375,2.140939597315426,0.819713971754364
8.10980224609375,9.53903564453125,9.8960693359375,3.1382550335571837,0.8592680032775146
5.48547607421875,4.82695556640625,9.8960693359375,1.8724832214764815,0.7093395926989715
5.48547607421875,9.53903564453125,0.4262939453125,0.7463087248322064,0.2649616871067819
8.10980224609375,4.82695556640625,0.4262939453125,0.6711409395973085,0.1660827332791384
7.98297607421875,2.0465356445312497,2.4710693359375,1.1422818791946154,0.2948626233101313
0.6173022460937501,2.0465356445312497,2.4710693359375,0.36644295302013274,0.21865532902924595
7.98297607421875,2.3294555664062497,2.4710693359375,1.2899328859060222,0.3370661506007077
7.98297607421875,2.0465356445312497,2.9012939453125,1.3033557046979682,0.34004816905183965
0.6173022460937501,2.3294555664062497,2.9012939453125,0.36778523489932735,0.24050268251568163
2.98797607421875,7.04153564453125,7.4210693359375,1.092617449664415,0.6599419783846179
5.6123022460937495,7.04153564453125,7.4210693359375,2.0281879194630603,0.7574836765144046
2.98797607421875,7.32445556640625,7.4210693359375,1.106040268456361,0.6691989704054462
2.98797607421875,7.04153564453125,7.8512939453125,1.1020134228187772,0.6662880922714498
5.6123022460937495,7.32445556640625,7.8512939453125,2.0563758389261517,0.7688529096907046
4.23672607421875,0.79778564453125,8.6585693359375,0.40536912751677634,0.1159247022516013
6.86105224609375,0.79778564453125,8.6585693359375,0.8013422818791853,0.21603596468202851
4.23672607421875,6.07570556640625,8.6585693359375,1.5033557046979646,0.7016553018187857
4.23672607421875,0.79778564453125,6.6137939453125,0.3932885906040249,0.10810431629125575
6.86105224609375,6.07570556640625,6.6137939453125,2.3852348993288848,0.7501669169665834
9.23172607421875,5.79278564453125,3.7085693359375003,2.9530201342282973,0.7125006367483607
1.86605224609375,5.79278564453125,3.7085693359375003,0.5476510067114047,0.4138250515528453
9.23172607421875,1.08070556640625,3.7085693359375003,1.0469798657717984,0.23117542860263843
9.23172607421875,5.79278564453125,1.6637939453125001,2.2214765100671157,0.5285995739225211
1.86605224609375,1.08070556640625,1.6637939453125001,0.36778523489932735,0.12294792616600063
6.73422607421875,3.29528564453125,6.1835693359374995,1.9315436241610442,0.6082830676851271
9.35855224609375,3.29528564453125,6.1835693359374995,2.8416107382551266,0.6758600218367392
6.73422607421875,3.57820556640625,6.1835693359374995,1.9906040268456069,0.6284614067600621
6.73422607421875,3.29528564453125,4.1387939453125,1.7087248322147395,0.5331758447336067
9.35855224609375,3.57820556640625,4.1387939453125,2.65906040268463,0.6296491734803024
1.73922607421875,8.29028564453125,1.2335693359375002,0.40536912751677634,0.30030973754888685
4.36355224609375,8.29028564453125,1.2335693359375002,0.8953020134228078,0.3913278895549095
1.73922607421875,8.57320556640625,1.2335693359375002,0.40805369127516555,0.3042655188531752
1.73922607421875,8.29028564453125,9.0887939453125,0.7463087248322064,0.6382013160729637
4.36355224609375,8.57320556640625,9.0887939453125,1.6778523489932635,0.7716532232243083
2.36360107421875,1.42216064453125,5.5648193359375,0.38657718120805185,0.16723435863875527
2.4904272460937498,1.42216064453125,5.5648193359375,0.38926174496644106,0.16660850611069444
2.36360107421875,4.20258056640625,5.5648193359375,0.6630872483221408,0.4371343227566681
2.36360107421875,1.42216064453125,8.4700439453125,0.4013422818791925,0.1830924846846995
2.4904272460937498,4.20258056640625,8.4700439453125,0.7838926174496554,0.5135269010577409
7.3586010742187495,6.41716064453125,0.6148193359375,0.9718120805369004,0.2717706237545098
7.48542724609375,6.41716064453125,0.6148193359375,0.9973154362415979,0.27519833922298
7.3586010742187495,9.19758056640625,0.6148193359375,1.2657718120805193,0.3613561328081532
7.3586010742187495,6.41716064453125,3.5200439453125,2.3234899328859226,0.6835145582309778
7.48542724609375,9.19758056640625,3.5200439453125,2.5919463087248884,0.7554632991515817
9.85610107421875,3.91966064453125,8.0398193359375,3.2751677852350563,0.7479866021900683
4.98792724609375,3.91966064453125,8.0398193359375,1.5436241610738028,0.6252254094770049
9.85610107421875,6.70008056640625,8.0398193359375,3.6093959731545686,0.828253193682753
9.85610107421875,3.91966064453125,1.0450439453125,1.4281879194630667,0.3124725300839139
4.98792724609375,6.70008056640625,1.0450439453125,0.8255033557046882,0.31900923265944137
4.86110107421875,8.91466064453125,3.0898193359375004,1.5718120805368896,0.6546518216706856
9.98292724609375,8.91466064453125,3.0898193359375004,3.4228187919464874,0.7725082119552817
4.86110107421875,1.70508056640625,3.0898193359375004,0.5046979865771772,0.1724753749121222
4.86110107421875,8.91466064453125,5.9950439453125,1.7973154362415835,0.7561171252386097
9.98292724609375,1.70508056640625,5.9950439453125,2.3395973154362606,0.5167233991828954
3.6123510742187497,2.67091064453125,1.8523193359375,0.4013422818791925,0.16519711970623754
8.73417724609375,2.67091064453125,1.8523193359375,1.3302013422818604,0.3219647833303015
3.6123510742187497,0.45633056640625,1.8523193359375,0.36644295302013274,0.05999895838920676
3.6123510742187497,2.67091064453125,9.7075439453125,0.9503355704697867,0.4750448468136246
8.73417724609375,0.45633056640625,9.7075439453125,0.526174496644291,0.09686471031422864
8.60735107421875,7.66591064453125,6.8023193359375,3.161073825503496,0.8185589065523333
3.73917724609375,7.66591064453125,6.8023193359375,1.3664429530201148,0.7036273959915755
8.60735107421875,5.4513305664062495,6.8023193359375,2.9771812080538043,0.768451535412813
8.60735107421875,7.66591064453125,4.7575439453124995,3.041610738255156,0.7854920573856938
3.73917724609375,5.4513305664062495,4.7575439453124995,1.1328859060402532,0.5709848100928463
6.10985107421875,0.17341064453125002,4.3273193359375,0.36778523489932735,0.027291687277032857
6.23667724609375,0.17341064453125002,4.3273193359375,0.36778523489932735,0.02725117187882926
6.10985107421875,7.94883056640625,4.3273193359375,2.102013422818776,0.7286655088873513
6.10985107421875,0.17341064453125002,2.2825439453125003,0.36644295302013274,0.025906378552638606
6.23667724609375,7.94883056640625,2.2825439453125003,1.8013422818791673,0.6071381039710488
1.11485107421875,5.16841064453125,9.2773193359375,0.4765100671140905,0.4573935797483386
1.24167724609375,5.16841064453125,9.2773193359375,0.5060402684563718,0.4703372278289611
1.11485107421875,2.95383056640625,9.2773193359375,0.3999999999999979,0.30872568451146265
1.11485107421875,5.16841064453125,7.2325439453125,0.4536912751677822,0.42696276853861137
1.24167724609375,2.95383056640625,7.2325439453125,0.3986577181208033,0.2953814039913274
0.80266357421875,0.48559814453125,0.3054443359375,0.36375838926174353,0.06578514965876694
9.04636474609375,0.48559814453125,0.3054443359375,0.36778523489932735,0.04127467174622474
0.80266357421875,7.01226806640625,0.3054443359375,0.36912751677852196,0.319358219673143
0.80266357421875,0.48559814453125,4.4481689453125,0.36510067114093814,0.07354501565005758
9.04636474609375,7.01226806640625,4.4481689453125,3.1221476510068458,0.7703795052148794
5.79766357421875,5.48059814453125,5.2554443359375,1.8684563758388977,0.6732129699096421
4.05136474609375,5.48059814453125,5.2554443359375,1.2711409395972977,0.6061180200612193
5.79766357421875,2.01726806640625,5.2554443359375,1.16107382550334,0.3974229162294649
5.79766357421875,5.48059814453125,9.3981689453125,2.0348993288590345,0.7382306830899066
4.05136474609375,2.01726806640625,9.3981689453125,0.9127516778523377,0.40930168982163884
8.29516357421875,2.9830981445312497,2.7804443359375,1.7691275167784968,0.4573860751411254
6.54886474609375,2.9830981445312497,2.7804443359375,1.269798657718103,0.39690146347847305
8.29516357421875,4.5147680664062495,2.7804443359375,2.187919463087245,0.5738214962307971
8.29516357421875,2.9830981445312497,6.9231689453125,2.4402684563758728,0.644154010862507
6.54886474609375,4.5147680664062495,6.9231689453125,2.1221476510066983,0.6908808848696322
3.30016357421875,7.97809814453125,7.7304443359375,1.2469798657717948,0.7060054025884885
1.55386474609375,7.97809814453125,7.7304443359375,0.6630872483221408,0.59627392929343
3.30016357421875,9.50976806640625,7.7304443359375,1.2993288590603844,0.7394367949066707
3.30016357421875,7.97809814453125,1.9731689453125,0.8255033557046882,0.4482537683292378
1.55386474609375,9.50976806640625,1.9731689453125,0.4724832214765067,0.39793575050337626
4.54891357421875,4.2318481445312495,6.4929443359375,1.3744966442952824,0.5969277809207948
0.30511474609375,4.2318481445312495,6.4929443359375,0.37046979865771656,0.3695621871682297
4.54891357421875,8.26101806640625,6.4929443359375,1.6738255033556797,0.7420522591168797
4.54891357421875,4.2318481445312495,3.2106689453125004,1.0711409395973013,0.45430153668084483
0.30511474609375,8.26101806640625,3.2106689453125004,0.37181208053691117,0.4717452302782529
9.54391357421875,9.22684814453125,1.5429443359375001,2.69530201342289,0.6277299304094139
5.30011474609375,9.22684814453125,1.5429443359375001,1.3395973154362226,0.5124886035643249
9.54391357421875,3.2660180664062497,1.5429443359375001,1.5677852348993058,0.3543804608346873
9.54391357421875,9.22684814453125,8.1606689453125,3.6416107382552445,0.861809658586448
5.30011474609375,3.2660180664062497,8.1606689453125,1.5489932885905813,0.5941709863131007
7.04641357421875,1.73434814453125,8.9679443359375,1.6684563758389013,0.49651326919654226
2.80261474609375,1.73434814453125,8.9679443359375,0.5140939597315395,0.25985274015987736
7.04641357421875,0.76851806640625,8.9679443359375,0.8187919463087152,0.21622732764660335
7.04641357421875,1.73434814453125,5.6856689453125,1.4241610738254828,0.41754439713325825
2.80261474609375,0.76851806640625,5.6856689453125,0.375838926174495,0.10557735393718659
2.05141357421875,6.72934814453125,4.0179443359375,0.6550335570469732,0.4861722726770907
7.79761474609375,6.72934814453125,4.0179443359375,2.586577181208109,0.725784076512924
2.05141357421875,5.76351806640625,4.0179443359375,0.6093959731543566,0.44280219436088375
2.05141357421875,6.72934814453125,0.7356689453125,0.38523489932885724,0.24135911786435194
7.79761474609375,5.76351806640625,0.7356689453125,1.0805369127516635,0.2887280414922045
1.4270385742187501,3.60747314453125,9.5866943359375,0.4765100671140905,0.38550172734558846
5.92448974609375,3.60747314453125,9.5866943359375,1.8657718120805085,0.6587900742479198
1.4270385742187501,1.39289306640625,9.5866943359375,0.3812080536912734,0.18364143501346838
1.4270385742187501,3.60747314453125,1.3544189453125002,0.3731543624161058,0.24137277649881433
5.92448974609375,1.39289306640625,1.3544189453125002,0.382550335570468,0.09533503381258472
6.42203857421875,8.60247314453125,4.6366943359374995,2.281879194630883,0.7600661708272685
0.92948974609375,8.60247314453125,4.6366943359374995,0.44966442953019836,0.4863842617227663
6.42203857421875,6.38789306640625,4.6366943359374995,2.126174496644283,0.7047936526371882
6.42203857421875,8.60247314453125,6.3044189453124995,2.3731543624161313,0.7927717068487925
0.92948974609375,6.38789306640625,6.3044189453124995,0.4362416107382523,0.45073881947221167
8.91953857421875,1.10997314453125,7.1116943359375,1.5999999999999763,0.3801642989790831
8.42198974609375,1.10997314453125,7.1116943359375,1.4617449664429318,0.36298080732650806
8.91953857421875,8.88539306640625,7.1116943359375,3.3583892617451356,0.8436641312300102
8.91953857421875,1.10997314453125,8.7794189453125,1.7395973154362154,0.4165587965590059
8.42198974609375,8.88539306640625,8.7794189453125,3.2107382550337045,0.849549835863846
3.92453857421875,6.10497314453125,2.1616943359375003,0.9033557046979754,0.428735706562721
3.4269897460937497,6.10497314453125,2.1616943359375003,0.7758389261744878,0.4033366364065316
3.92453857421875,3.89039306640625,2.1616943359375003,0.6577181208053624,0.29578433867672593
3.92453857421875,6.10497314453125,3.8294189453125003,1.1664429530201184,0.5672891622797536
3.4269897460937497,3.89039306640625,3.8294189453125003,0.7959731543624069,0.40931924100499767
2.6757885742187497,2.35872314453125,3.3991943359375,0.40536912751677634,0.1999875204652166
4.6757397460937495,2.35872314453125,3.3991943359375,0.7463087248322064,0.29083336993401016
2.6757885742187497,2.64164306640625,3.3991943359375,0.42550335570469544,0.2194162571319655
2.6757885742187497,2.35872314453125,0.11691894531250001,0.36912751677852196,0.13685573517618144
4.6757397460937495,2.64164306640625,0.11691894531250001,0.3731543624161058,0.10851612735296247
7.67078857421875,7.35372314453125,8.3491943359375,2.837583892617542,0.8137279846618704
9.67073974609375,7.35372314453125,8.3491943359375,3.5946308724834255,0.8396893177569786
7.67078857421875,7.63664306640625,8.3491943359375,2.85369127516788,0.8186176800572438
7.67078857421875,7.35372314453125,5.0669189453125,2.69530201342289,0.7700388493597942
9.67073974609375,7.63664306640625,5.0669189453125,3.464429530201527,0.8070580127861335
5.17328857421875,4.85622314453125,0.9241943359375,0.5999999999999943,0.21494736690839378
2.17823974609375,4.85622314453125,0.9241943359375,0.3812080536912734,0.21936367345003838
5.17328857421875,5.13914306640625,0.9241943359375,0.6348993288590541,0.22958291847175336
5.17328857421875,4.85622314453125,7.5419189453125,1.7020134228187664,0.673886893704094
2.17823974609375,5.13914306640625,7.5419189453125,0.7369127516778442,0.5298395608399947
0.17828857421875002,9.85122314453125,5.8741943359375,0.37181208053691117,0.5352598840617993
7.17323974609375,9.85122314453125,5.8741943359375,2.6926174496645006,0.8187873831886048
0.17828857421875002,0.14414306640625002,5.8741943359375,0.36375838926174353,0.02409508108794086
0.17828857421875002,9.85122314453125,2.5919189453125,0.36778523489932735,0.509088874717066
7.17323974609375,0.14414306640625002,2.5919189453125,0.36644295302013274,0.021920304626055275
0.25633544921875,3.37333251953125,1.1562255859375001,0.36510067114093814,0.2978057446245227
0.85144287109375,3.37333251953125,1.1562255859375001,0.36778523489932735,0.2603354742121962
0.25633544921875,4.74890869140625,1.1562255859375001,0.36510067114093814,0.3540611818064668
0.25633544921875,3.37333251953125,0.9677001953125,0.36375838926174353,0.2937633258708362
0.85144287109375,4.74890869140625,0.9677001953125,0.36912751677852196,0.29658415592243403
5.25133544921875,8.36833251953125,6.1062255859375,1.9208053691274873,0.7583422241311462
5.84644287109375,8.36833251953125,6.1062255859375,2.139597315436231,0.7730685323553134
5.25133544921875,9.74390869140625,6.1062255859375,1.9785234899328554,0.7829341653014159
5.25133544921875,8.36833251953125,5.9177001953124995,1.9127516778523197,0.7549196865450402
5.84644287109375,9.74390869140625,5.9177001953124995,2.1919463087248294,0.7933345280816646
7.74883544921875,0.8758325195312501,3.6312255859375,0.4805369127516743,0.10501935337790651
3.3489428710937497,0.8758325195312501,3.6312255859375,0.375838926174495,0.1066815653678442
7.74883544921875,7.24640869140625,3.6312255859375,2.562416107382602,0.7227517771625225
7.74883544921875,0.8758325195312501,8.3927001953125,1.1006711409395826,0.28331174339731324
3.3489428710937497,7.24640869140625,8.3927001953125,1.2469798657717948,0.6970992562262741
2.75383544921875,5.87083251953125,8.5812255859375,0.979865771812068,0.6209810232094112
8.34394287109375,5.87083251953125,8.5812255859375,2.986577181208168,0.7941542061087776
2.75383544921875,2.2514086914062497,8.5812255859375,0.6120805369127458,0.34085021723386694
2.75383544921875,5.87083251953125,3.4427001953125003,0.7597315436241525,0.46514546256149236
8.34394287109375,2.2514086914062497,3.4427001953125003,1.6778523489932635,0.4289260689025576
4.00258544921875,2.1245825195312498,7.3437255859374995,0.8563758389261642,0.3845402414110523
9.59269287109375,2.1245825195312498,7.3437255859374995,2.5986577181208625,0.6005262259267448
4.00258544921875,1.00265869140625,7.3437255859374995,0.4161073825503332,0.1360184609674711
4.00258544921875,2.1245825195312498,2.2052001953125,0.4026845637583871,0.15040105375127252
9.59269287109375,1.00265869140625,2.2052001953125,0.46308724832214443,0.08626996074174399
8.99758544921875,7.11958251953125,2.3937255859375,2.7006711409396695,0.6643767857695444
4.5976928710937495,7.11958251953125,2.3937255859375,1.236241610738238,0.5299912347340263
8.99758544921875,5.99765869140625,2.3937255859375,2.5503355704698487,0.6255166311083014
8.99758544921875,7.11958251953125,7.1552001953125,3.285906040268615,0.8178431871156022
4.5976928710937495,5.99765869140625,7.1552001953125,1.5852348993288357,0.6924907976951508
6.50008544921875,4.62208251953125,9.8187255859375,2.2134228187919467,0.7280733679893616
7.09519287109375,4.62208251953125,9.8187255859375,2.429530201342314,0.7420107930440693
6.50008544921875,8.49515869140625,9.8187255859375,2.4832214765101073,0.8232016341443396
6.50008544921875,4.62208251953125,9.6302001953125,2.209395973154362,0.7266266685968523
7.09519287109375,8.49515869140625,9.6302001953125,2.704697986577254,0.8315588976289714
1.50508544921875,9.61708251953125,4.8687255859375,0.6268456375838865,0.5731114593349089
2.10019287109375,9.61708251953125,4.8687255859375,0.8107382550335476,0.6186232285561549
1.50508544921875,3.50015869140625,4.8687255859375,0.40939597315436016,0.2979539255656608
1.50508544921875,9.61708251953125,4.6802001953125,0.6201342281879134,0.56590728964046
2.10019287109375,3.50015869140625,4.6802001953125,0.4979865771812042,0.3265210793709825
2.1294604492187497,0.25145751953125,9.1999755859375,0.36644295302013274,0.041411070304665856
3.97331787109375,0.25145751953125,9.1999755859375,0.37046979865771656,0.04137518155740834
2.1294604492187497,9.11953369140625,9.1999755859375,0.897986577181197,0.687394881347275
2.1294604492187497,0.25145751953125,2.8239501953125004,0.36510067114093814,0.03879222465044518
3.97331787109375,9.11953369140625,2.8239501953125004,1.2442953020134055,0.6048376753728517
7.12446044921875,5.2464575195312495,4.2499755859374995,2.210738255033557,0.6678583588315419
8.96831787109375,5.2464575195312495,4.2499755859374995,2.868456375839023,0.7102255827877679
7.12446044921875,4.12453369140625,4.2499755859374995,2.0348993288590345,0.6111446728610712
7.12446044921875,5.2464575195312495,7.7739501953125,2.4496644295302366,0.7455494113282497
8.96831787109375,4.12453369140625,7.7739501953125,2.9744966442954146,0.7388185447191923
9.62196044921875,2.74895751953125,6.7249755859375,2.816107382550425,0.6521231347842059
1.47581787109375,2.74895751953125,6.7249755859375,0.40402684563758173,0.2779662052257717
9.62196044921875,1.62703369140625,6.7249755859375,2.2523489932885967,0.5137268103059738
9.62196044921875,2.74895751953125,5.2989501953125,2.6684563758389936,0.6157061066130765
1.47581787109375,1.62703369140625,5.2989501953125,0.3771812080536896,0.19034790652067846
4.62696044921875,7.74395751953125,1.7749755859375,1.123489932885891,0.47609013680052303
6.47081787109375,7.74395751953125,1.7749755859375,1.6751677852348743,0.5440850266934745
4.62696044921875,6.62203369140625,1.7749755859375,1.030872483221463,0.4328901401601553
4.62696044921875,7.74395751953125,0.34895019531250004,0.46711409395972825,0.17875836325382088
6.47081787109375,6.62203369140625,0.34895019531250004,0.6093959731543566,0.18267002340929384
3.37821044921875,3.9977075195312497,3.0124755859375,0.6993288590603952,0.35710654190237257
5.22206787109375,3.9977075195312497,3.0124755859375,1.1906040268456213,0.45298525332910006
3.37821044921875,5.37328369140625,3.0124755859375,0.8429530201342181,0.44617867838506603
3.37821044921875,3.9977075195312497,4.0614501953125,0.8187919463087152,0.4279093313020918
5.22206787109375,5.37328369140625,4.0614501953125,1.5489932885905813,0.6037515331971743
8.37321044921875,8.99270751953125,7.9624755859375,3.1785234899330286,0.8450725491568096
0.22706787109375,8.99270751953125,7.9624755859375,0.3771812080536896,0.528101813824052
8.37321044921875,0.37828369140625,7.9624755859375,0.3959731543624141,0.05807515235484367
8.37321044921875,8.99270751953125,9.0114501953125,3.2013422818793407,0.8515774502160797
0.22706787109375,0.37828369140625,9.0114501953125,0.36375838926174353,0.06079787035390027
5.87571044921875,1.50020751953125,0.5374755859375,0.3744966442953004,0.08736496431561601
7.71956787109375,1.50020751953125,0.5374755859375,0.3785234899328842,0.0755190764099903
5.87571044921875,2.87578369140625,0.5374755859375,0.38657718120805185,0.1076515785341694
5.87571044921875,1.50020751953125,6.5364501953125,1.0442953020134091,0.3461693502795439
7.71956787109375,2.87578369140625,6.5364501953125,2.1852348993288553,0.6121119199710028
0.8807104492187501,6.49520751953125,5.4874755859375,0.4187919463087224,0.4348828892163204
2.72456787109375,6.49520751953125,5.4874755859375,0.9181208053691161,0.5827789252234279
0.8807104492187501,7.87078369140625,5.4874755859375,0.44295302013422533,0.48356811371059916
0.8807104492187501,6.49520751953125,1.5864501953125,0.375838926174495,0.3469120024450124
2.72456787109375,7.87078369140625,1.5864501953125,0.6013422818791889,0.3619541339315838
1.1928979492187501,1.8123950195312502,3.9406005859375,0.37181208053691117,0.20005182859744286
7.40738037109375,1.8123950195312502,3.9406005859375,1.2966442953019952,0.36074262840217286
1.1928979492187501,1.93922119140625,3.9406005859375,0.3731543624161058,0.20930414703559622
1.1928979492187501,1.8123950195312502,9.3208251953125,0.382550335570468,0.22200824934747568
7.40738037109375,1.93922119140625,9.3208251953125,1.9006711409395682,0.5468374429312328
6.18789794921875,6.80739501953125,8.8906005859375,2.2617449664429605,0.7794254663797383
2.4123803710937497,6.80739501953125,8.8906005859375,0.9167785234899215,0.6385419012160899
6.18789794921875,6.93422119140625,8.8906005859375,2.2697986577181295,0.7823820259085668
6.18789794921875,6.80739501953125,4.3708251953124995,2.0523489932885672,0.7020640258419211
2.4123803710937497,6.93422119140625,4.3708251953124995,0.7892617449664339,0.5384947517613728
8.68539794921875,4.3098950195312495,1.4656005859375,1.6107382550335332,0.3984896463344271
9.90488037109375,4.3098950195312495,1.4656005859375,1.942281879194601,0.42975609331039855
8.68539794921875,9.43172119140625,1.4656005859375,2.3785234899329106,0.6015802760858898
8.68539794921875,4.3098950195312495,1.8958251953125,1.884563758389233,0.47002225473204273
9.90488037109375,9.43172119140625,1.8958251953125,3.0442953020135457,0.6882332637955905
3.6903979492187498,9.30489501953125,6.4156005859375,1.4026845637583691,0.7326936297335876
4.90988037109375,9.30489501953125,6.4156005859375,1.8456375838925894,0.7712966465502376
3.6903979492187498,4.43672119140625,6.4156005859375,1.1154362416107233,0.5656137709140264
3.6903979492187498,9.30489501953125,6.8458251953125,1.413422818791926,0.7389102826617872
4.90988037109375,4.43672119140625,6.8458251953125,1.5369127516778298,0.6313214551990246
4.93914794921875,3.0611450195312497,7.6531005859375,1.3704697986576986,0.5524013126625705
3.66113037109375,3.0611450195312497,7.6531005859375,0.9744966442952896,0.48543171355613773
4.93914794921875,3.18797119140625,7.6531005859375,1.395973154362396,0.563909429848249
4.93914794921875,3.0611450195312497,8.0833251953125,1.3879194630872285,0.5601590064235125
3.66113037109375,3.18797119140625,8.0833251953125,1.0093959731543494,0.5057409610613472
9.93414794921875,8.05614501953125,2.7031005859375004,3.236241610738406,0.7316786337596666
8.65613037109375,8.05614501953125,2.7031005859375004,2.7731543624161903,0.7083884168260492
9.93414794921875,8.18297119140625,2.7031005859375004,3.2483221476511597,0.734542937695337
9.93414794921875,8.05614501953125,3.1333251953125,3.3436241610739925,0.7572888010185145
8.65613037109375,8.18297119140625,3.1333251953125,2.884563758389361,0.738433907367037
7.43664794921875,0.56364501953125,5.1781005859375,0.3973154362416087,0.0730858411797441
1.1636303710937501,0.56364501953125,5.1781005859375,0.36644295302013274,0.08395861104775813
7.43664794921875,5.68547119140625,5.1781005859375,2.469798657718159,0.7223699016800579
7.43664794921875,0.56364501953125,0.6583251953125,0.36912751677852196,0.051608868944313116
1.1636303710937501,5.68547119140625,0.6583251953125,0.37181208053691117,0.2808127618375071
2.44164794921875,5.55864501953125,0.22810058593750002,0.375838926174495,0.19260117191060394
6.15863037109375,5.55864501953125,0.22810058593750002,0.41073825503355477,0.11984739462880717
2.44164794921875,0.69047119140625,0.22810058593750002,0.36510067114093814,0.07496494031733386
2.44164794921875,5.55864501953125,5.6083251953125,0.7838926174496554,0.5260386442300683
6.15863037109375,0.69047119140625,5.6083251953125,0.40402684563758173,0.0900578692761676
1.81727294921875,4.93427001953125,5.7968505859374995,0.5798657718120752,0.44693996949802883
8.03175537109375,4.93427001953125,5.7968505859374995,2.642953020134292,0.7226462047949479
1.81727294921875,6.30984619140625,5.7968505859374995,0.645637583892611,0.5167564630090067
1.81727294921875,4.93427001953125,7.4645751953124995,0.6201342281879134,0.48573277430106765
8.03175537109375,6.30984619140625,7.4645751953124995,2.8724832214766076,0.7896315872035036
6.81227294921875,9.92927001953125,0.8468505859375,1.4026845637583691,0.4317412981495731
3.03675537109375,9.92927001953125,0.8468505859375,0.5543624161073777,0.305978518862317
6.81227294921875,1.3148461914062501,0.8468505859375,0.3771812080536896,0.08098196477630294
6.81227294921875,9.92927001953125,2.5145751953125,2.204026845637583,0.6941285066170164
3.03675537109375,1.3148461914062501,2.5145751953125,0.375838926174495,0.13184497227370612
9.30977294921875,2.43677001953125,8.2718505859375,2.69798657718128,0.6431191809915091
5.53425537109375,2.43677001953125,8.2718505859375,1.437583892617429,0.5256458743329998
9.30977294921875,3.8123461914062498,8.2718505859375,3.065771812080663,0.7364150882446592
9.30977294921875,2.43677001953125,4.9895751953125,2.3932885906040537,0.5657548438010658
5.53425537109375,3.8123461914062498,4.9895751953125,1.5342281879194406,0.5664592445073076
4.31477294921875,7.43177001953125,3.3218505859375003,1.3302013422818604,0.6054679394253175
0.53925537109375,7.43177001953125,3.3218505859375003,0.3785234899328842,0.4324591269900221
4.31477294921875,8.80734619140625,3.3218505859375003,1.4107382550335368,0.6458221051095847
4.31477294921875,7.43177001953125,9.9395751953125,1.6268456375838685,0.7532834969566629
0.53925537109375,8.80734619140625,9.9395751953125,0.420134228187917,0.5441858006873741
3.06602294921875,1.18802001953125,2.0843505859375,0.3731543624161058,0.12093043808880585
1.78800537109375,1.18802001953125,2.0843505859375,0.36912751677852196,0.1352075934221649
3.06602294921875,7.55859619140625,2.0843505859375,0.7637583892617363,0.43458784012388885
3.06602294921875,1.18802001953125,6.2270751953125,0.3946308724832195,0.14752001069541434
1.78800537109375,7.55859619140625,6.2270751953125,0.6939597315436168,0.5734313997400265
8.06102294921875,6.18302001953125,7.0343505859375,2.8563758389262697,0.7822064602727132
6.78300537109375,6.18302001953125,7.0343505859375,2.38389261744969,0.7576965279508112
8.06102294921875,2.56359619140625,7.0343505859375,2.2389261744966484,0.6033408296182123
8.06102294921875,6.18302001953125,1.2770751953125001,1.6711409395972905,0.4445796538951562
6.78300537109375,2.56359619140625,1.2770751953125001,0.5718120805369076,0.1583121151434875
5.56352294921875,3.68552001953125,4.5593505859375,1.4765100671140725,0.5407301018057589
4.28550537109375,3.68552001953125,4.5593505859375,1.0818791946308581,0.4814969816126779
5.56352294921875,0.06609619140625,4.5593505859375,0.36510067114093814,0.011013476793645227
5.56352294921875,3.68552001953125,3.7520751953125,1.3677852348993094,0.4977789949631358
4.28550537109375,0.06609619140625,3.7520751953125,0.36375838926174353,0.010893906291954435
0.56852294921875,8.68052001953125,9.5093505859375,0.4228187919463062,0.5395706891815508
9.28050537109375,8.68052001953125,9.5093505859375,3.543624161074022,0.8601397787970259
0.56852294921875,5.06109619140625,9.5093505859375,0.39060402684563567,0.4165400691613731
0.56852294921875,8.68052001953125,8.7020751953125,0.420134228187917,0.5337799991653791
9.28050537109375,5.06109619140625,8.7020751953125,3.2563758389263286,0.7871431278413089
0.41242919921875004,0.71973876953125,6.8796630859375,0.36510067114093814,0.10637854582666928
6.00253662109375,0.71973876953125,6.8796630859375,0.42953020134227926,0.10322976203242462
0.41242919921875004,3.65625244140625,6.8796630859375,0.37181208053691117,0.3402689680735835
0.41242919921875004,0.71973876953125,9.7848876953125,0.36510067114093814,0.10789845103428668
6.00253662109375,3.65625244140625,9.7848876953125,1.9060402684563467,0.6662755766330655
5.4074291992187495,5.71473876953125,1.9296630859375001,1.2026845637583727,0.44666169934018485
1.00753662109375,5.71473876953125,1.9296630859375001,0.3785234899328842,0.329510572081495
5.4074291992187495,8.65125244140625,1.9296630859375001,1.475167785234878,0.5576675022580183
5.4074291992187495,5.71473876953125,4.8348876953125,1.7234899328858801,0.6569183476609095
1.00753662109375,8.65125244140625,4.8348876953125,0.4724832214765067,0.5006031075455859
7.90492919921875,3.21723876953125,9.3546630859375,2.479194630872523,0.6856518742288309
8.50003662109375,3.21723876953125,9.3546630859375,2.689932885906111,0.6987484884138331
7.90492919921875,6.15375244140625,9.3546630859375,2.8657718120806335,0.7997391706710916
7.90492919921875,3.21723876953125,2.3598876953125,1.5744966442952788,0.4226076145043629
8.50003662109375,6.15375244140625,2.3598876953125,2.390604026845664,0.6163024644471239
2.90992919921875,8.21223876953125,4.4046630859375,1.004026845637571,0.6146062136025502
3.50503662109375,8.21223876953125,4.4046630859375,1.2026845637583727,0.6459566228787748
2.90992919921875,1.15875244140625,4.4046630859375,0.3812080536912734,0.135716469516641
2.90992919921875,8.21223876953125,7.3098876953125,1.1114093959731395,0.6879099468021556
3.50503662109375,1.15875244140625,7.3098876953125,0.4161073825503332,0.15256869015705984
4.15867919921875,4.46598876953125,0.6921630859375,0.3973154362416087,0.1535818228119309
4.75378662109375,4.46598876953125,0.6921630859375,0.413422818791944,0.14728117276757915
4.15867919921875,2.40750244140625,0.6921630859375,0.3771812080536896,0.12567360473315056
4.15867919921875,4.46598876953125,8.5473876953125,1.3436241610738064,0.629062951615511
4.75378662109375,2.40750244140625,8.5473876953125,1.198657718120789,0.49049894774810704
9.15367919921875,9.46098876953125,5.6421630859375,3.4147651006713184,0.8375050015447225
9.74878662109375,9.46098876953125,5.6421630859375,3.6416107382552445,0.8441448582156675
9.15367919921875,7.40250244140625,5.6421630859375,3.291275167785394,0.805732595096645
9.15367919921875,9.46098876953125,3.5973876953125004,3.238926174496796,0.791555874032217
9.74878662109375,7.40250244140625,3.5973876953125004,3.3033557046981477,0.7613681282521898
6.65617919921875,1.96848876953125,3.1671630859375,1.0093959731543494,0.3018263469436851
2.25628662109375,1.96848876953125,3.1671630859375,0.382550335570468,0.18431305815916485
6.65617919921875,9.90000244140625,3.1671630859375,2.2765100671141036,0.7336242155066466
6.65617919921875,1.96848876953125,1.1223876953125,0.3973154362416087,0.10013174671210569
2.25628662109375,9.90000244140625,1.1223876953125,0.49127516778523117,0.3286668200353285
1.6611791992187501,6.96348876953125,8.1171630859375,0.6724832214765031,0.5777579868085037
7.25128662109375,6.96348876953125,8.1171630859375,2.649664429530266,0.7973034706388796
1.6611791992187501,4.90500244140625,8.1171630859375,0.5879194630872429,0.48104186305253993
1.6611791992187501,6.96348876953125,6.0723876953125,0.6335570469798595,0.5378453933258089
7.25128662109375,4.90500244140625,6.0723876953125,2.375838926174521,0.7096699199988568
2.28555419921875,2.5928637695312498,3.7859130859375,0.40671140939597095,0.2239618411890894
9.12441162109375,2.5928637695312498,3.7859130859375,2.1664429530201277,0.5187430536639952
2.28555419921875,8.02687744140625,3.7859130859375,0.7610738255033471,0.5395143577741255
2.28555419921875,2.5928637695312498,6.6911376953124995,0.5114093959731503,0.3099706114866076
9.12441162109375,8.02687744140625,6.6911376953124995,3.3744966442954736,0.8299042604180609
7.28055419921875,7.58786376953125,8.7359130859375,2.712751677852423,0.814473059632622
4.12941162109375,7.58786376953125,8.7359130859375,1.546308724832192,0.7403569555736174
7.28055419921875,3.03187744140625,8.7359130859375,2.194630872483219,0.649556346710525
7.28055419921875,7.58786376953125,1.7411376953125002,1.8993288590603736,0.5583869331161794
4.12941162109375,3.03187744140625,1.7411376953125002,0.4617449664429498,0.18378658364684325
9.77805419921875,0.09536376953125,1.3109130859375002,0.36510067114093814,0.014007176646348188
6.6269116210937495,0.09536376953125,1.3109130859375002,0.36375838926174353,0.014370497884724238
9.77805419921875,0.53437744140625,1.3109130859375002,0.3731543624161058,0.04892348975493134
9.77805419921875,0.09536376953125,4.2161376953125,0.36644295302013274,0.01527352032298038
6.6269116210937495,0.53437744140625,4.2161376953125,0.382550335570468,0.06835533084048438
4.78305419921875,5.09036376953125,6.2609130859375,1.5369127516778298,0.6463941257264356
1.63191162109375,5.09036376953125,6.2609130859375,0.5530201342281831,0.451386322781677
4.78305419921875,5.5293774414062495,6.2609130859375,1.5785234899328626,0.6656351411990419
4.78305419921875,5.09036376953125,9.1661376953125,1.632214765100647,0.6902894931796624
1.63191162109375,5.5293774414062495,9.1661376953125,0.6241610738254972,0.5278463731848371
3.53430419921875,1.34411376953125,9.9734130859375,0.5597315436241561,0.24085222864775618
0.38316162109375,1.34411376953125,9.9734130859375,0.36644295302013274,0.1791578038020204
3.53430419921875,6.77812744140625,9.9734130859375,1.3167785234899143,0.7077284175492948
3.53430419921875,1.34411376953125,5.4536376953125,0.4147651006711386,0.15693361460513958
0.38316162109375,6.77812744140625,5.4536376953125,0.3771812080536896,0.45143266485255995
8.52930419921875,6.33911376953125,5.0234130859374995,2.923489932886011,0.7598879126726714
5.37816162109375,6.33911376953125,5.0234130859374995,1.7825503355704428,0.6846846797796514
8.52930419921875,1.7831274414062501,5.0234130859374995,1.7999999999999727,0.4522488963767678
8.52930419921875,6.33911376953125,0.5036376953125,1.0671140939597175,0.26313358613608284
5.37816162109375,1.7831274414062501,0.5036376953125,0.3744966442953004,0.09640847467763936
6.03180419921875,3.84161376953125,7.4984130859375,1.8697986577180923,0.649639219396037
2.8806616210937497,3.84161376953125,7.4984130859375,0.8416107382550235,0.49872613696180457
6.03180419921875,4.28062744140625,7.4984130859375,1.9328859060402388,0.6735344925114797
6.03180419921875,3.84161376953125,2.9786376953125,1.3906040268456177,0.47224696247536757
2.8806616210937497,4.28062744140625,2.9786376953125,0.6120805369127458,0.3453153477140749
1.03680419921875,8.83661376953125,2.5484130859375003,0.41073825503355477,0.4079984192905363
7.87566162109375,8.83661376953125,2.5484130859375003,2.516778523489978,0.6985583849994348
1.03680419921875,9.27562744140625,2.5484130859375003,0.4161073825503332,0.41781740720940636
1.03680419921875,8.83661376953125,7.9286376953125,0.5315436241610694,0.5758764909347122
7.87566162109375,9.27562744140625,7.9286376953125,3.001342281879311,0.8423546630291177
0.72461669921875,4.15380126953125,8.4265380859375,0.39060402684563567,0.37004772471488234
1.9440991210937502,4.15380126953125,8.4265380859375,0.6241610738254972,0.463577216062967
0.72461669921875,0.84656494140625,8.4265380859375,0.36778523489932735,0.12305054150225253
0.72461669921875,4.15380126953125,0.1942626953125,0.36644295302013274,0.2658509612606526
1.9440991210937502,0.84656494140625,0.1942626953125,0.36510067114093814,0.08965239735191669
5.71961669921875,9.14880126953125,3.4765380859375004,1.9409395973154064,0.7103474578275799
6.93909912109375,9.14880126953125,3.4765380859375004,2.382550335570495,0.7410800538743048
5.71961669921875,5.84156494140625,3.4765380859375004,1.6872483221476258,0.6109208817930966
5.71961669921875,9.14880126953125,5.1442626953124995,2.0832214765100483,0.7662483734600254
6.93909912109375,5.84156494140625,5.1442626953124995,2.303355704698,0.7150272738560981
8.21711669921875,1.65630126953125,5.9515380859375,1.751677852348967,0.45428391330313633
4.44159912109375,1.65630126953125,5.9515380859375,0.7234899328858981,0.2863622264421248
8.21711669921875,8.33906494140625,5.9515380859375,3.017449664429649,0.81385565725527
8.21711669921875,1.65630126953125,7.6192626953125,1.9073825503355413,0.4981747688571385
4.44159912109375,8.33906494140625,7.6192626953125,1.6697986577180959,0.7557505622126991
3.2221166992187498,6.65130126953125,1.0015380859375,0.48456375838925814,0.24593082251506473
9.43659912109375,6.65130126953125,1.0015380859375,1.8805369127516491,0.43565673096025376
3.2221166992187498,3.3440649414062498,1.0015380859375,0.38389261744966263,0.16625857837211655
3.2221166992187498,6.65130126953125,2.6692626953125003,0.8483221476509966,0.46885364187621587
9.43659912109375,3.3440649414062498,2.6692626953125003,2.202684563758388,0.5121495085539116
4.47086669921875,0.40755126953125004,4.7140380859375,0.37181208053691117,0.05940915070005018
8.18784912109375,0.40755126953125004,4.7140380859375,0.382550335570468,0.05500342268416522
4.47086669921875,4.59281494140625,4.7140380859375,1.2778523489932707,0.5598155703976575
4.47086669921875,0.40755126953125004,1.4317626953125002,0.36644295302013274,0.05193670550880206
8.18784912109375,4.59281494140625,1.4317626953125002,1.5221476510066891,0.39635450516593684
9.46586669921875,5.40255126953125,9.6640380859375,3.3892617449666167,0.8058785987398922
3.19284912109375,5.40255126953125,9.6640380859375,1.116778523489918,0.6392584169650619
9.46586669921875,9.58781494140625,9.6640380859375,3.6563758389263876,0.8723591617693804
9.46586669921875,5.40255126953125,6.3817626953125,3.2671140939598873,0.7747548934147102
3.19284912109375,9.58781494140625,6.3817626953125,1.232214765100654,0.7166659355475387
6.96836669921875,2.90505126953125,2.2390380859375,1.1718120805368968,0.3443804683476538
5.69034912109375,2.90505126953125,2.2390380859375,0.867114093959721,0.2952096010449917
6.96836669921875,7.09031494140625,2.2390380859375,1.948993288590574,0.5968149414165025
6.96836669921875,2.90505126953125,8.8567626953125,2.060402684563736,0.6319876984491769
5.69034912109375,7.09031494140625,8.8567626953125,2.093959731543607,0.7743661880755395
1.97336669921875,7.90005126953125,7.1890380859375,0.7838926174496554,0.6189179972513709
0.69534912109375,7.90005126953125,7.1890380859375,0.42550335570469544,0.5017703958119285
1.97336669921875,2.09531494140625,7.1890380859375,0.4120805369127494,0.23605146273057118
1.97336669921875,7.90005126953125,3.9067626953125,0.6738255033556977,0.5192402165375126
0.69534912109375,2.09531494140625,3.9067626953125,0.36912751677852196,0.22893789799351877
1.34899169921875,2.28067626953125,1.6202880859375002,0.37046979865771656,0.20349858526209447
2.56847412109375,2.28067626953125,1.6202880859375002,0.3771812080536896,0.16968954619833998
1.34899169921875,5.21718994140625,1.6202880859375002,0.3812080536912734,0.28890365740700075
1.34899169921875,2.28067626953125,3.2880126953125,0.3744966442953004,0.22107363331655408
2.56847412109375,5.21718994140625,3.2880126953125,0.6510067114093894,0.407552790100977
6.3439916992187495,7.27567626953125,6.5702880859374995,2.281879194630883,0.7688687655526997
7.56347412109375,7.27567626953125,6.5702880859374995,2.7342281879195403,0.7924566850254015
6.3439916992187495,0.22218994140625,6.5702880859374995,0.37181208053691117,0.035506906691315204
6.3439916992187495,7.27567626953125,8.2380126953125,2.3328859060402865,0.7874619633043138
7.56347412109375,0.22218994140625,8.2380126953125,0.375838926174495,0.03616821959015077
8.84149169921875,4.77817626953125,4.0952880859375,2.7261744966443713,0.6821138152687448
0.07097412109375,4.77817626953125,4.0952880859375,0.36375838926174353,0.3901424402897116
8.84149169921875,2.7196899414062496,4.0952880859375,2.1986577181208036,0.542724152901688
8.84149169921875,4.77817626953125,5.7630126953125,2.9127516778524525,0.7319386996323751
0.07097412109375,2.7196899414062496,5.7630126953125,0.36375838926174353,0.2876162770460036
3.84649169921875,9.77317626953125,9.0452880859375,1.5275167785234676,0.7766768296391865
5.06597412109375,9.77317626953125,9.0452880859375,1.97986577181205,0.8092138667192007
3.84649169921875,7.71468994140625,9.0452880859375,1.4563758389261534,0.7367374971566505
3.84649169921875,9.77317626953125,0.8130126953125,0.6845637583892545,0.32347478508454325
5.06597412109375,7.71468994140625,0.8130126953125,0.8026845637583799,0.3060667447176656
2.5977416992187496,3.5294262695312497,5.3327880859375,0.6469798657718056,0.3930952894421232
6.31472412109375,3.5294262695312497,5.3327880859375,1.7704697986576914,0.5873298437093597
2.5977416992187496,8.96343994140625,5.3327880859375,0.973154362416095,0.6487143617825436
2.5977416992187496,3.5294262695312497,4.5255126953125,0.6013422818791889,0.3597586247168812
6.31472412109375,8.96343994140625,4.5255126953125,2.2523489932885967,0.7612355056320652
7.59274169921875,8.52442626953125,0.3827880859375,1.0053691275167655,0.2749113086970239
1.31972412109375,8.52442626953125,0.3827880859375,0.3744966442953004,0.28925093784759515
7.59274169921875,3.96843994140625,0.3827880859375,0.43087248322147387,0.10569874441074849
7.59274169921875,8.52442626953125,9.4755126953125,2.89261744966453,0.838425400473351
1.31972412109375,3.96843994140625,9.4755126953125,0.4724832214765067,0.4019163792254365
5.09524169921875,1.03192626953125,7.8077880859375,0.6228187919463026,0.205391999344099
8.81222412109375,1.03192626953125,7.8077880859375,1.5409395973154136,0.36857022943733286
5.09524169921875,1.47093994140625,7.8077880859375,0.9087248322147539,0.33285293886720396
5.09524169921875,1.03192626953125,7.0005126953125,0.5758389261744914,0.18573733830605965
8.81222412109375,1.47093994140625,7.0005126953125,1.9073825503355413,0.4664216854779447
0.10024169921875,6.02692626953125,2.8577880859375,0.36510067114093814,0.42914124707229007
3.81722412109375,6.02692626953125,2.8577880859375,1.0013422818791817,0.4909644343063282
0.10024169921875,6.4659399414062495,2.8577880859375,0.36510067114093814,0.44250729114716403
0.10024169921875,6.02692626953125,2.0505126953125,0.36510067114093814,0.42366910040615524
3.81722412109375,6.4659399414062495,2.0505126953125,0.8791946308724725,0.42607340356427
0.13926513671875002,3.9586840820312497,5.1394287109375,0.36510067114093814,0.35504562518313987
9.47562255859375,3.9586840820312497,5.1394287109375,2.9369127516779594,0.6914559412828951
0.13926513671875002,2.2123852539062496,5.1394287109375,0.36375838926174353,0.2490379605702982
0.13926513671875002,3.9586840820312497,7.8899658203125,0.36644295302013274,0.3630087833443493
9.47562255859375,2.2123852539062496,7.8899658203125,2.6389261744967074,0.6176689182183606
5.13426513671875,8.95368408203125,0.18942871093750002,0.49127516778523117,0.17477773921103557
4.48062255859375,8.95368408203125,0.18942871093750002,0.42818791946308465,0.16591782241566314
5.13426513671875,7.20738525390625,0.18942871093750002,0.413422818791944,0.1413491483138091
5.13426513671875,8.95368408203125,2.9399658203125,1.6442953020133984,0.654981965949521
4.48062255859375,7.20738525390625,2.9399658203125,1.3127516778523305,0.5779542503281621
7.63176513671875,1.46118408203125,7.6144287109375,1.5959731543623925,0.4389715448046337
6.97812255859375,1.46118408203125,7.6144287109375,1.4053691275167584,0.41408606378481927
7.63176513671875,9.70488525390625,7.6144287109375,2.918120805369232,0.8419787547482371
7.63176513671875,1.46118408203125,0.4649658203125,0.3771812080536896,0.07435683170622213
6.97812255859375,9.70488525390625,0.4649658203125,1.0738255033556905,0.31832731904224865
2.6367651367187497,6.45618408203125,2.6644287109375,0.6805369127516707,0.42476006038167513
1.98312255859375,6.45618408203125,2.6644287109375,0.5275167785234856,0.38257127971904026
2.6367651367187497,4.70988525390625,2.6644287109375,0.5610738255033507,0.33332363823904276
2.6367651367187497,6.45618408203125,5.4149658203125,0.8859060402684455,0.5737187355378945
1.98312255859375,4.70988525390625,5.4149658203125,0.5959731543624105,0.4355920430636593
3.88551513671875,0.21243408203125003,1.4269287109375002,0.36510067114093814,0.030950344757660307
0.7343725585937501,0.21243408203125003,1.4269287109375002,0.36375838926174353,0.032895628127755115
3.88551513671875,3.46113525390625,1.4269287109375002,0.4228187919463062,0.17378690822493598
3.88551513671875,0.21243408203125003,9.1274658203125,0.36912751677852196,0.03530484019828277
0.7343725585937501,3.46113525390625,9.1274658203125,0.38657718120805185,0.33762183765354187
8.88051513671875,5.2074340820312495,6.3769287109374995,3.025503355704818,0.7589173752392163
5.72937255859375,5.2074340820312495,6.3769287109374995,1.884563758389233,0.6867526281421628
8.88051513671875,8.45613525390625,6.3769287109374995,3.293959731543784,0.829942081359726
8.88051513671875,5.2074340820312495,4.1774658203124995,2.8201342281880093,0.704089934967219
5.72937255859375,8.45613525390625,4.1774658203124995,1.9812080536912446,0.7249563593660153
6.3830151367187495,2.70993408203125,3.9019287109375003,1.393288590604007,0.4481825160299217
3.23187255859375,2.70993408203125,3.9019287109375003,0.577181208053686,0.28717690243100613
6.3830151367187495,5.95863525390625,3.9019287109375003,1.9892617449664123,0.6600149608599143
6.3830151367187495,2.70993408203125,1.7024658203125,0.7530201342281795,0.22830959256496605
3.23187255859375,5.95863525390625,1.7024658203125,0.6201342281879134,0.32677535410377906
1.38801513671875,7.70493408203125,8.8519287109375,0.6201342281879134,0.5885574070866275
8.22687255859375,7.70493408203125,8.8519287109375,3.0791946308726112,0.8310324529823223
1.38801513671875,0.96363525390625,8.8519287109375,0.3731543624161058,0.13624406336803263
1.38801513671875,7.70493408203125,6.6524658203125,0.5892617449664375,0.5529041319586769
8.22687255859375,0.96363525390625,6.6524658203125,1.1838926174496482,0.2925727856722582
2.01239013671875,2.0855590820312497,4.5206787109375,0.38926174496644106,0.20810024940239696
5.10499755859375,2.0855590820312497,4.5206787109375,0.9181208053691161,0.3409774002781776
2.01239013671875,6.58301025390625,4.5206787109375,0.6644295302013354,0.5004130417059152
2.01239013671875,2.0855590820312497,6.0337158203125,0.4026845637583871,0.22371912674598698
5.10499755859375,6.58301025390625,6.0337158203125,1.7624161073825237,0.7085446929431771
7.00739013671875,7.08055908203125,9.4706787109375,2.595973154362473,0.8053931083340459
0.10999755859375,7.08055908203125,9.4706787109375,0.36778523489932735,0.48456927805546157
7.00739013671875,1.58801025390625,9.4706787109375,1.5973154362415871,0.47548379393672346
7.00739013671875,7.08055908203125,1.0837158203125001,1.3677852348993094,0.4088594044752495
0.10999755859375,1.58801025390625,1.0837158203125001,0.36375838926174353,0.1875238159687605
9.50489013671875,4.58305908203125,2.0456787109375,2.2845637583892726,0.5292723805138941
7.6024975585937495,4.58305908203125,2.0456787109375,1.7020134228187664,0.4769411431155843
9.50489013671875,4.08551025390625,2.0456787109375,2.157046979865764,0.4981160636605311
9.50489013671875,4.58305908203125,3.5587158203125,2.824161073825594,0.6612361683094838
7.6024975585937495,4.08551025390625,3.5587158203125,2.068456375838905,0.5858411419672351
4.50989013671875,9.57805908203125,6.9956787109375,1.7261744966442694,0.7731907488448997
2.60749755859375,9.57805908203125,6.9956787109375,1.04161073825502,0.6984427825708913
4.50989013671875,9.08051025390625,6.9956787109375,1.7073825503355449,0.7640878523460681
4.50989013671875,9.57805908203125,8.5087158203125,1.7570469798657453,0.7882869003566062
2.60749755859375,9.08051025390625,8.5087158203125,1.0536912751677714,0.7071754345505743
3.26114013671875,3.33430908203125,8.2331787109375,0.9154362416107269,0.49686742312335563
3.8562475585937497,3.33430908203125,8.2331787109375,1.0966442953019988,0.5326858584601697
3.26114013671875,7.83176025390625,8.2331787109375,1.2375838926174325,0.706884218172816
3.26114013671875,3.33430908203125,7.2712158203124995,0.8845637583892509,0.47768616880830894
3.8562475585937497,7.83176025390625,7.2712158203124995,1.4281879194630667,0.7196325970602864
8.25614013671875,8.32930908203125,3.2831787109375004,2.7785234899329696,0.7420494201832852
8.85124755859375,8.32930908203125,3.2831787109375004,2.9973154362417267,0.7529347103439026
8.25614013671875,2.8367602539062498,3.2831787109375004,1.8617449664429246,0.4847557948415542
8.25614013671875,8.32930908203125,2.3212158203125,2.53959731543629,0.6749806448743969
8.85124755859375,2.8367602539062498,2.3212158203125,1.683221476510042,0.4086874610704908
5.75864013671875,0.83680908203125,5.7581787109375,0.4322147651006685,0.1111071857226207
1.35874755859375,0.83680908203125,5.7581787109375,0.36912751677852196,0.11726447870208838
5.75864013671875,0.33926025390625003,5.7581787109375,0.3744966442953004,0.05115811835686699
5.75864013671875,0.83680908203125,4.7962158203125,0.40671140939597095,0.1003857709408489
1.35874755859375,0.33926025390625003,4.7962158203125,0.36510067114093814,0.052988240476999536
0.76364013671875,5.83180908203125,0.8081787109375,0.36912751677852196,0.3232088490407108
6.35374755859375,5.83180908203125,0.8081787109375,0.8630872483221372,0.27159800493706465
0.76364013671875,5.33426025390625,0.8081787109375,0.36912751677852196,0.31349066566451994
0.76364013671875,5.83180908203125,9.7462158203125,0.4228187919463062,0.45819872570061004
6.35374755859375,5.33426025390625,9.7462158203125,2.2308724832214795,0.7497393675433381
1.07582763671875,1.14899658203125,9.7800537109375,0.3731543624161058,0.15857134462440184
3.54406005859375,1.14899658203125,9.7800537109375,0.46442953020133904,0.18004457445660293
1.07582763671875,4.39769775390625,9.7800537109375,0.44429530201341993,0.4110284516888366
1.07582763671875,1.14899658203125,2.0118408203125,0.36644295302013274,0.13935409806656968
3.54406005859375,4.39769775390625,2.0118408203125,0.6120805369127458,0.2960896150342686
6.07082763671875,6.14399658203125,4.8300537109374995,1.9959731543623853,0.6932860432158561
8.53906005859375,6.14399658203125,4.8300537109374995,2.8899328859061404,0.7498180623045323
6.07082763671875,9.39269775390625,4.8300537109374995,2.2053691275167777,0.7715316521255768
6.07082763671875,6.14399658203125,6.9618408203125,2.118120805369114,0.7390425938614348
8.53906005859375,9.39269775390625,6.9618408203125,3.2322147651008217,0.8442328381083939
8.56832763671875,3.64649658203125,7.3050537109375,2.7181208053692023,0.7009455061075114
1.04656005859375,3.64649658203125,7.3050537109375,0.4013422818791925,0.33719001024026907
8.56832763671875,6.89519775390625,7.3050537109375,3.112751677852482,0.8089491367023285
8.56832763671875,3.64649658203125,9.4368408203125,2.806711409396061,0.7255272144439303
1.04656005859375,6.89519775390625,9.4368408203125,0.5087248322147611,0.5313402607168164
3.5733276367187496,8.64149658203125,2.3550537109375003,1.0147651006711278,0.5286830839497114
6.04156005859375,8.64149658203125,2.3550537109375003,1.809395973154335,0.6278099949390938
3.5733276367187496,1.90019775390625,2.3550537109375003,0.39060402684563567,0.1496759805596805
3.5733276367187496,8.64149658203125,4.4868408203125,1.2510067114093786,0.6639901849962605
6.04156005859375,1.90019775390625,4.4868408203125,1.0778523489932743,0.352599012882607
4.82207763671875,4.89524658203125,3.5925537109375,1.3020134228187736,0.5359588602306555
7.29031005859375,4.89524658203125,3.5925537109375,2.116778523489919,0.6242744488744607
4.82207763671875,0.65144775390625,3.5925537109375,0.3771812080536896,0.08132026545905627
4.82207763671875,4.89524658203125,0.7743408203125,0.48322147651006353,0.17712753521175317
7.29031005859375,0.65144775390625,0.7743408203125,0.37046979865771656,0.057193465995864
9.81707763671875,9.89024658203125,8.5425537109375,3.7825503355707015,0.8731478215494812
2.29531005859375,9.89024658203125,8.5425537109375,0.966442953020122,0.707654111900212
9.81707763671875,5.64644775390625,8.5425537109375,3.5167785234901254,0.8091445894392081
9.81707763671875,9.89024658203125,5.7243408203124995,3.692617449664648,0.8509021427416514
2.29531005859375,5.64644775390625,5.7243408203124995,0.7489932885905957,0.5221741165176925
7.3195776367187495,2.39774658203125,1.1175537109375002,0.5046979865771772,0.12806970543781568
9.78781005859375,2.39774658203125,1.1175537109375002,0.8818791946308617,0.18642494690816572
7.3195776367187495,8.14394775390625,1.1175537109375002,1.5919463087248087,0.4618849061599062
7.3195776367187495,2.39774658203125,8.1993408203125,2.0013422818791637,0.584997703074774
9.78781005859375,8.14394775390625,8.1993408203125,3.6818791946310894,0.8512652486988959
2.32457763671875,7.39274658203125,6.0675537109375,0.8523489932885804,0.604970517932307
4.79281005859375,7.39274658203125,6.0675537109375,1.7020134228187664,0.7216310106318387
2.32457763671875,3.14894775390625,6.0675537109375,0.5691275167785184,0.359331939766512
2.32457763671875,7.39274658203125,3.2493408203125003,0.7060402684563682,0.4878024542141746
4.79281005859375,3.14894775390625,3.2493408203125003,0.9503355704697867,0.37848999305001263
1.70020263671875,3.0221215820312497,0.4988037109375,0.36912751677852196,0.19268190346244415
1.6709350585937501,3.0221215820312497,0.4988037109375,0.36912751677852196,0.19388527613229667
1.70020263671875,8.76832275390625,0.4988037109375,0.3812080536912734,0.2687385853533223
1.70020263671875,3.0221215820312497,3.8680908203125,0.3946308724832195,0.25461897819762175
1.6709350585937501,8.76832275390625,3.8680908203125,0.6134228187919404,0.5210423765756862
6.69520263671875,8.01712158203125,5.4488037109375,2.4026845637584175,0.7730481081404716
6.66593505859375,8.01712158203125,5.4488037109375,2.391946308724859,0.772470401027742
6.69520263671875,3.7733227539062497,5.4488037109375,1.9570469798657417,0.6204108484657204
6.69520263671875,8.01712158203125,8.8180908203125,2.516778523489978,0.8126364556214604
6.66593505859375,3.7733227539062497,8.8180908203125,2.1288590604026725,0.6821353001868926
9.19270263671875,0.52462158203125,2.9738037109375,0.38389261744966263,0.057516105230089556
4.16843505859375,0.52462158203125,2.9738037109375,0.37046979865771656,0.06920238562443917
9.19270263671875,1.27582275390625,2.9738037109375,1.02416107382549,0.22781101330110606
9.19270263671875,0.52462158203125,6.3430908203125,0.5140939597315395,0.0929349876776196
4.16843505859375,1.27582275390625,6.3430908203125,0.5140939597315395,0.19036095474341996
4.19770263671875,5.51962158203125,7.9238037109375,1.433557046979845,0.6710416513996627
9.16343505859375,5.51962158203125,7.9238037109375,3.237583892617601,0.7916541917893861
4.19770263671875,6.27082275390625,7.9238037109375,1.4845637583892402,0.6976911718496521
4.19770263671875,5.51962158203125,1.3930908203125,0.6939597315436168,0.3018384128334558
9.16343505859375,6.27082275390625,1.3930908203125,2.0899328859060224,0.4995755217071278
2.94895263671875,1.7733715820312501,6.6863037109375,0.48590604026845274,0.23352001937141867
7.91468505859375,1.7733715820312501,6.6863037109375,1.8080536912751404,0.4869575512007437
2.94895263671875,5.02207275390625,6.6863037109375,0.942281879194619,0.5614556979736836
2.94895263671875,1.7733715820312501,2.6305908203125004,0.382550335570468,0.15671242902422683
7.91468505859375,5.02207275390625,2.6305908203125004,2.1114093959731397,0.5773464327408218
7.94395263671875,6.76837158203125,1.7363037109375001,2.0107382550335275,0.5472657132990207
2.9196850585937497,6.76837158203125,1.7363037109375001,0.6161073825503296,0.3517480908774614
7.94395263671875,0.027072753906250004,1.7363037109375001,0.36375838926174353,0.004381019145672691
7.94395263671875,6.76837158203125,7.5805908203125,2.8791946308725818,0.7997520673434351
2.9196850585937497,0.027072753906250004,7.5805908203125,0.36375838926174353,0.00468662841097807
5.44645263671875,4.2708715820312495,9.1613037109375,1.7812080536912482,0.6760424419567307
5.41718505859375,4.2708715820312495,9.1613037109375,1.7704697986576914,0.67489059789209
5.44645263671875,2.52457275390625,9.1613037109375,1.4671140939597103,0.5454588164171524
5.44645263671875,4.2708715820312495,5.1055908203125,1.5892617449664195,0.5972945419374243
5.41718505859375,2.52457275390625,5.1055908203125,1.2161073825503188,0.4456720333316527
0.45145263671875,9.26587158203125,4.2113037109375,0.38389261744966263,0.490662219521824
0.42218505859375,9.26587158203125,4.2113037109375,0.382550335570468,0.49385302154950583
0.45145263671875,7.51957275390625,4.2113037109375,0.3785234899328842,0.4535930083648135
0.45145263671875,9.26587158203125,0.15559082031250002,0.36644295302013274,0.3896727708180218
0.42218505859375,7.51957275390625,0.15559082031250002,0.36644295302013274,0.3702548425117965
0.60754638671875,1.3050903320312501,2.2003662109375,0.36510067114093814,0.15939709153269271
4.94890380859375,1.3050903320312501,2.2003662109375,0.38657718120805185,0.10980620141057466
0.60754638671875,1.11972900390625,2.2003662109375,0.36510067114093814,0.1423315179557218
0.60754638671875,1.3050903320312501,1.5477783203125002,0.36510067114093814,0.15631273750411923
4.94890380859375,1.11972900390625,1.5477783203125002,0.375838926174495,0.09563190769919959
5.60254638671875,6.30009033203125,7.1503662109374995,1.966442953020104,0.733803394905165
9.94390380859375,6.30009033203125,7.1503662109374995,3.5771812080538927,0.8134710437273194
5.60254638671875,6.11472900390625,7.1503662109374995,1.953020134228158,0.7283769511880043
5.60254638671875,6.30009033203125,6.4977783203124995,1.9409395973154064,0.7235282259369689
9.94390380859375,6.11472900390625,6.4977783203124995,3.528859060402879,0.8018019035895751
8.10004638671875,3.80259033203125,4.6753662109375,2.3624161073825727,0.6361383760890442
2.4514038085937497,3.80259033203125,4.6753662109375,0.6053691275167727,0.3794780276356783
8.10004638671875,8.61222900390625,4.6753662109375,2.908724832214868,0.7931926153053477
8.10004638671875,3.80259033203125,8.9727783203125,2.651006711409461,0.7197715146320705
2.4514038085937497,8.61222900390625,8.9727783203125,0.9932885906040141,0.6933759883904203
3.1050463867187497,8.79759033203125,9.6253662109375,1.236241610738238,0.7353819730523191
7.44640380859375,8.79759033203125,9.6253662109375,2.8510067114094904,0.8407589372933197
3.1050463867187497,3.61722900390625,9.6253662109375,0.935570469798646,0.5307328972508585
3.1050463867187497,8.79759033203125,4.0227783203125,1.0671140939597175,0.6252257606235676
7.44640380859375,3.61722900390625,4.0227783203125,1.9999999999999691,0.575887012444283
4.3537963867187495,2.5538403320312497,5.9128662109375,0.986577181208041,0.42497718305202625
6.19765380859375,2.5538403320312497,5.9128662109375,1.5382550335570244,0.5119193256099923
4.3537963867187495,4.86597900390625,5.9128662109375,1.351677852348974,0.6092551906709657
4.3537963867187495,2.5538403320312497,0.3102783203125,0.3744966442953004,0.11677445887997348
6.19765380859375,4.86597900390625,0.3102783203125,0.40805369127516555,0.11751348270458632
9.34879638671875,7.54884033203125,0.9628662109375,1.948993288590574,0.45641591330118414
1.20265380859375,7.54884033203125,0.9628662109375,0.3785234899328842,0.31432277559053046
9.34879638671875,9.86097900390625,0.9628662109375,2.212080536912752,0.5212750446543696
9.34879638671875,7.54884033203125,5.2602783203125,3.3503355704699667,0.8046223387807916
1.20265380859375,9.86097900390625,5.2602783203125,0.5543624161073777,0.5644386454403316
6.85129638671875,0.05634033203125,8.3878662109375,0.36510067114093814,0.009664140695474166
8.69515380859375,0.05634033203125,8.3878662109375,0.36644295302013274,0.009687533011092814
6.85129638671875,7.36347900390625,8.3878662109375,2.531543624161121,0.8005054283559965
6.85129638671875,0.05634033203125,7.7352783203125,0.36510067114093814,0.009629867456692233
8.69515380859375,7.36347900390625,7.7352783203125,3.20671140939612,0.8233105736606667
1.85629638671875,5.05134033203125,3.4378662109375,0.49127516778523117,0.3584672053661339
3.70015380859375,5.05134033203125,3.4378662109375,0.9597315436241489,0.47878829917461063
1.85629638671875,2.3684790039062498,3.4378662109375,0.38389261744966263,0.2150945253366274
1.85629638671875,5.05134033203125,2.7852783203125,0.44563758389261454,0.31585042226541044
3.70015380859375,2.3684790039062498,2.7852783203125,0.46442953020133904,0.19605390415886845
2.48067138671875,4.42696533203125,7.7691162109375,0.7838926174496554,0.5159571844375463
0.57827880859375,4.42696533203125,7.7691162109375,0.382550335570468,0.3790151593673392
2.48067138671875,5.4903540039062495,7.7691162109375,0.8550335570469696,0.5745418747731253
2.48067138671875,4.42696533203125,4.6415283203125,0.6671140939597247,0.42667551890878314
0.57827880859375,5.4903540039062495,4.6415283203125,0.3798657718120788,0.3967529395932162
7.47567138671875,9.42196533203125,2.8191162109375,2.4805369127517176,0.7219954775169639
5.5732788085937495,9.42196533203125,2.8191162109375,1.802684563758362,0.6720489134186116
7.47567138671875,0.49535400390625,2.8191162109375,0.3771812080536896,0.05863393411444086
7.47567138671875,9.42196533203125,9.5915283203125,2.885906040268556,0.8485391167887348
5.5732788085937495,0.49535400390625,9.5915283203125,0.3946308724832195,0.07765903309989057
9.97317138671875,1.92946533203125,5.2941162109375,2.3892617449664693,0.5289881362788951
3.07577880859375,1.92946533203125,5.2941162109375,0.48456375838925814,0.22924296451900059
9.97317138671875,2.99285400390625,5.2941162109375,2.8751677852349973,0.6440546154657659
9.97317138671875,1.92946533203125,7.1165283203125,2.604026845637642,0.5799529737422522
3.07577880859375,2.99285400390625,7.1165283203125,0.7771812080536824,0.4281847506444441
4.97817138671875,6.92446533203125,0.3441162109375,0.4523489932885876,0.1617278752001299
8.070778808593749,6.92446533203125,0.3441162109375,0.8751677852348887,0.22388762424649072
4.97817138671875,7.98785400390625,0.3441162109375,0.5194630872483179,0.19075793238553046
4.97817138671875,6.92446533203125,2.1665283203125,1.2778523489932707,0.5130087286689231
8.070778808593749,7.98785400390625,2.1665283203125,2.3865771812080796,0.645785584089393
3.72942138671875,0.68071533203125,4.0566162109375,0.3744966442953004,0.08903511265222029
9.31952880859375,0.68071533203125,4.0566162109375,0.5127516778523449,0.09558723638150206
3.72942138671875,9.23660400390625,4.0566162109375,1.300671140939579,0.668916906515195
3.72942138671875,0.68071533203125,3.4040283203125004,0.3731543624161058,0.0869674622366115
9.31952880859375,9.23660400390625,3.4040283203125004,3.2563758389263286,0.7826003684834143
8.72442138671875,5.67571533203125,9.0066162109375,3.1221476510068458,0.7981846990971502
4.32452880859375,5.67571533203125,9.0066162109375,1.5140939597315215,0.6945805743615074
8.72442138671875,4.24160400390625,9.0066162109375,2.9516778523491025,0.7522792947978929
8.72442138671875,5.67571533203125,8.3540283203125,3.103355704698118,0.7930348845428179
4.32452880859375,4.24160400390625,8.3540283203125,1.3704697986576986,0.6214994404901191
6.22692138671875,3.17821533203125,1.5816162109375,0.8026845637583799,0.25168972217041496
6.82202880859375,3.17821533203125,1.5816162109375,0.9248322147650891,0.2718882471414072
6.22692138671875,1.74410400390625,1.5816162109375,0.4026845637583871,0.10660975057710675
6.22692138671875,3.17821533203125,5.8790283203125,1.7127516778523233,0.5736093187528853
6.82202880859375,1.74410400390625,5.8790283203125,1.3852348993288393,0.417067124171305
1.23192138671875,8.17321533203125,6.5316162109375,0.5543624161073777,0.5509004484200182
1.82702880859375,8.17321533203125,6.5316162109375,0.7315436241610658,0.6028517107956974
1.23192138671875,6.73910400390625,6.5316162109375,0.5194630872483179,0.5003171822780905
1.23192138671875,8.17321533203125,0.9290283203125,0.3798657718120788,0.3174325553490214
1.82702880859375,6.73910400390625,0.9290283203125,0.38523489932885724,0.26021376863747187
0.91973388671875,3.4904028320312497,3.1284912109375003,0.3744966442953004,0.290444639408324
8.38296630859375,3.4904028320312497,3.1284912109375003,2.0724832214764897,0.5361286069041551
0.91973388671875,3.3050415039062497,3.1284912109375003,0.3744966442953004,0.2835256199816047
0.91973388671875,3.4904028320312497,8.6634033203125,0.3959731543624141,0.3377370012460338
8.38296630859375,3.3050415039062497,8.6634033203125,2.642953020134292,0.6946691598954139
5.91473388671875,8.48540283203125,8.0784912109375,2.2308724832214795,0.8001407900909587
3.3879663085937497,8.48540283203125,8.0784912109375,1.3046979865771628,0.7264563757001974
5.91473388671875,8.30004150390625,8.0784912109375,2.2228187919463105,0.7970422777956627
5.91473388671875,8.48540283203125,3.7134033203125,2.0013422818791637,0.7120922889743648
3.3879663085937497,8.30004150390625,3.7134033203125,1.1154362416107233,0.6115717406879704
8.41223388671875,0.9929028320312501,0.6534912109375,0.3744966442953004,0.06331933237584711
5.88546630859375,0.9929028320312501,0.6534912109375,0.37046979865771656,0.07502618868046926
8.41223388671875,5.80254150390625,0.6534912109375,1.1288590604026694,0.28259479794002973
8.41223388671875,0.9929028320312501,1.2384033203125002,0.3812080536912734,0.0690881203669702
5.88546630859375,5.80254150390625,1.2384033203125002,1.030872483221463,0.351761084978847
3.41723388671875,5.98790283203125,5.6034912109374995,1.1181208053691125,0.6065289505975081
0.89046630859375,5.98790283203125,5.6034912109374995,0.413422818791944,0.4188911643130672
3.41723388671875,0.80754150390625,5.6034912109374995,0.3812080536912734,0.10773298926913485
3.41723388671875,5.98790283203125,6.1884033203125,1.14362416107381,0.6218588620875543
0.89046630859375,0.80754150390625,6.1884033203125,0.36644295302013274,0.11525493573390311
4.66598388671875,2.24165283203125,9.3159912109375,1.1516778523489777,0.475960063133684
2.13921630859375,2.24165283203125,9.3159912109375,0.48724832214764735,0.2961078996231319
4.66598388671875,2.05629150390625,9.3159912109375,1.0966442953019988,0.44947411755374156
4.66598388671875,2.24165283203125,9.9009033203125,1.1691275167785076,0.48409635985332833
2.13921630859375,2.05629150390625,9.9009033203125,0.46711409395972825,0.27454180097222636
9.66098388671875,7.2366528320312495,4.3659912109375,3.36241610738272,0.782624424938358
7.13421630859375,7.2366528320312495,4.3659912109375,2.4281879194631193,0.7371667045050201
9.66098388671875,7.05129150390625,4.3659912109375,3.3449664429531873,0.7783749604241906
9.66098388671875,7.2366528320312495,4.9509033203124995,3.418791946308903,0.7966451332976476
7.13421630859375,7.05129150390625,4.9509033203124995,2.4657718120805745,0.7493891998083224
7.16348388671875,4.73915283203125,6.8409912109375,2.366442953020157,0.7147889351957353
4.6367163085937495,4.73915283203125,6.8409912109375,1.4778523489932671,0.6361173619189938
7.16348388671875,9.54879150390625,6.8409912109375,2.712751677852423,0.8264688587668001
7.16348388671875,4.73915283203125,2.4759033203125003,1.7677852348993022,0.5240255990356154
4.6367163085937495,9.54879150390625,2.4759033203125003,1.4241610738254828,0.6138779046456839
2.1684838867187497,9.73415283203125,1.8909912109375002,0.5999999999999943,0.4283655299488163
9.63171630859375,9.73415283203125,1.8909912109375002,2.971812080537025,0.6890579371926232
2.1684838867187497,4.5537915039062495,1.8909912109375002,0.4026845637583871,0.24626694135466437
2.1684838867187497,9.73415283203125,7.4259033203125,0.9020134228187808,0.6824911038482775
9.63171630859375,4.5537915039062495,7.4259033203125,3.269798657718277,0.7630528464163213
1.54410888671875,0.36852783203125,7.4597412109375,0.36644295302013274,0.058486193264434015
6.50984130859375,0.36852783203125,7.4597412109375,0.382550335570468,0.0567020757574828
1.54410888671875,7.67566650390625,7.4597412109375,0.6483221476510002,0.5816978051314322
1.54410888671875,0.36852783203125,5.5696533203125,0.36644295302013274,0.05767123229637945
6.50984130859375,7.67566650390625,5.5696533203125,2.320805369127533,0.7644637677847899
6.53910888671875,5.36352783203125,2.5097412109375004,1.683221476510042,0.5405097770469759
1.51484130859375,5.36352783203125,2.5097412109375004,0.4026845637583871,0.3086596670305183
6.53910888671875,2.68066650390625,2.5097412109375004,1.085906040268442,0.3347387268180819
6.53910888671875,5.36352783203125,0.6196533203125,0.6939597315436168,0.20823263638817424
1.51484130859375,2.68066650390625,0.6196533203125,0.36778523489932735,0.19297059061462157
9.03660888671875,2.86602783203125,9.9347412109375,2.8120805369128403,0.6915196624322304
9.00734130859375,2.86602783203125,9.9347412109375,2.8026845637584765,0.6911554181392174
9.03660888671875,0.18316650390625,9.9347412109375,0.3785234899328842,0.03089205831815245
9.03660888671875,2.86602783203125,3.0946533203125,2.0563758389261517,0.4955491808610167
9.00734130859375,0.18316650390625,3.0946533203125,0.36912751677852196,0.026973265012937647
4.04160888671875,7.86102783203125,4.9847412109375,1.406711409395953,0.680216760085046
4.01234130859375,7.86102783203125,4.9847412109375,1.3973154362415907,0.6794052033572869
4.04160888671875,5.17816650390625,4.9847412109375,1.2228187919462918,0.5817455330776266
4.04160888671875,7.86102783203125,8.0446533203125,1.5140939597315215,0.7370055628758891
4.01234130859375,5.17816650390625,8.0446533203125,1.344966442953001,0.6500030058733314
2.79285888671875,4.11477783203125,1.2722412109375,0.3919463087248303,0.19742658975089813
2.76359130859375,4.11477783203125,1.2722412109375,0.3919463087248303,0.1985594010039098
2.79285888671875,6.42691650390625,1.2722412109375,0.4751677852348959,0.2661503764652123
2.79285888671875,4.11477783203125,6.8071533203125,0.8214765100671044,0.49759629867787697
2.76359130859375,6.42691650390625,6.8071533203125,0.973154362416095,0.6153600659776591
7.78785888671875,9.10977783203125,6.2222412109375,2.907382550335673,0.8228174107738428
7.75859130859375,9.10977783203125,6.2222412109375,2.8953020134229197,0.8221160453518617
7.78785888671875,1.43191650390625,6.2222412109375,1.4926174496644078,0.4004252817427278
7.78785888671875,9.10977783203125,1.8571533203125001,2.26442953020135,0.6317689526850949
7.75859130859375,1.43191650390625,1.8571533203125001,0.457718120805366,0.10453388984709264
5.29035888671875,1.61727783203125,3.7472412109375,0.652348993288584,0.21999745784310293
0.26609130859375,1.61727783203125,3.7472412109375,0.36510067114093814,0.19701703559383033
5.29035888671875,3.92941650390625,3.7472412109375,1.3288590604026658,0.5044817425533032
5.29035888671875,1.61727783203125,4.3321533203125,0.7369127516778442,0.254076067902258
0.26609130859375,3.92941650390625,4.3321533203125,0.36778523489932735,0.3477886221294435
0.29535888671875,6.61227783203125,8.6972412109375,0.3771812080536896,0.4672433511571453
5.26109130859375,6.61227783203125,8.6972412109375,1.9060402684563467,0.7508456936125923
0.29535888671875,8.92441650390625,8.6972412109375,0.38389261744966263,0.5297612702254522
0.29535888671875,6.61227783203125,9.2821533203125,0.3785234899328842,0.47066985390738053
5.26109130859375,8.92441650390625,9.2821533203125,2.0268456375838655,0.8023843824328817
0.21731201171875,0.13438720703125,3.2058349609375,0.36375838926174353,0.022020502365400527
1.4367944335937501,0.13438720703125,3.2058349609375,0.36375838926174353,0.0217821535359062
0.21731201171875,6.19277587890625,3.2058349609375,0.36778523489932735,0.42813419993492685
0.21731201171875,0.13438720703125,7.3485595703125,0.36375838926174353,0.022700852900146888
1.4367944335937501,6.19277587890625,7.3485595703125,0.5691275167785184,0.5121632399627802
5.21231201171875,5.12938720703125,8.1558349609375,1.7624161073825237,0.6953234682059575
6.43179443359375,5.12938720703125,8.1558349609375,2.1986577181208036,0.7298113756968012
5.21231201171875,1.19777587890625,8.1558349609375,0.7892617449664339,0.2736758964542551
5.21231201171875,5.12938720703125,2.3985595703125,1.2161073825503188,0.4659285770814675
6.43179443359375,1.19777587890625,2.3985595703125,0.4013422818791925,0.09822976167726738
7.70981201171875,2.63188720703125,0.7308349609375,0.4147651006711386,0.0974429481479225
3.9342944335937498,2.63188720703125,0.7308349609375,0.3785234899328842,0.13399089701102293
7.70981201171875,3.6952758789062496,0.7308349609375,0.6644295302013354,0.17053874377228312
7.70981201171875,2.63188720703125,4.8735595703125,1.9315436241610442,0.5367069525703986
3.9342944335937498,3.6952758789062496,4.8735595703125,1.0067114093959602,0.4770320836003815
2.7148120117187498,7.62688720703125,5.6808349609375,0.9758389261744842,0.6275886821323412
8.92929443359375,7.62688720703125,5.6808349609375,3.2255033557048476,0.8074850453363964
2.7148120117187498,8.69027587890625,5.6808349609375,1.0161073825503224,0.6577837033108065
2.7148120117187498,7.62688720703125,9.8235595703125,1.0630872483221336,0.690870737636768
8.92929443359375,8.69027587890625,9.8235595703125,3.4147651006713184,0.8580301932159023
3.96356201171875,3.88063720703125,9.3933349609375,1.2348993288590433,0.5959027843337916
7.68054443359375,3.88063720703125,9.3933349609375,2.526174496644342,0.7186187794097761
3.96356201171875,9.93902587890625,9.3933349609375,1.5798657718120572,0.7854216583328197
3.96356201171875,3.88063720703125,6.1110595703124995,1.1221476510066963,0.535608983075748
7.68054443359375,9.93902587890625,6.1110595703124995,2.8979865771813094,0.8306606850758518
8.95856201171875,8.87563720703125,4.4433349609374995,3.2255033557048476,0.8046211890580577
2.68554443359375,8.87563720703125,4.4433349609374995,0.9583892617449543,0.6217196121986025
8.95856201171875,4.94402587890625,4.4433349609374995,2.845637583892711,0.7050278800313732
8.95856201171875,8.87563720703125,1.1610595703125002,2.181208053691271,0.534132856179288
2.68554443359375,4.94402587890625,1.1610595703125002,0.3973154362416087,0.21128451781242985
6.46106201171875,1.38313720703125,6.9183349609375,1.154362416107367,0.3559561235581408
5.18304443359375,1.38313720703125,6.9183349609375,0.8295302013422721,0.2941335043049248
6.46106201171875,2.44652587890625,6.9183349609375,1.6630872483221228,0.5366011405297563
6.46106201171875,1.38313720703125,3.6360595703125003,0.7288590604026766,0.21088573614984113
5.18304443359375,2.44652587890625,3.6360595703125003,0.9342281879194514,0.345168765687398
1.46606201171875,6.37813720703125,1.9683349609375003,0.3986577181208033,0.3148762893430125
0.18804443359375,6.37813720703125,1.9683349609375003,0.36644295302013274,0.4246138261250324
1.46606201171875,7.4415258789062495,1.9683349609375003,0.413422818791944,0.33867617859959187
1.46606201171875,6.37813720703125,8.5860595703125,0.6013422818791889,0.5429642772558219
0.18804443359375,7.4415258789062495,8.5860595703125,0.3731543624161058,0.49363175477071997
2.0904370117187496,3.25626220703125,6.2995849609375,0.5355704697986532,0.3572680511660413
3.30991943359375,3.25626220703125,6.2995849609375,0.8483221476509966,0.4495756773232015
2.0904370117187496,0.57340087890625,6.2995849609375,0.37046979865771656,0.08532507478298443
2.0904370117187496,3.25626220703125,9.2048095703125,0.6013422818791889,0.4144704888514427
3.30991943359375,0.57340087890625,9.2048095703125,0.3798657718120788,0.08774423973095669
7.08543701171875,8.25126220703125,1.3495849609375001,1.6926174496644042,0.5072626874827815
8.30491943359375,8.25126220703125,1.3495849609375001,2.061744966442931,0.5398525286377112
7.08543701171875,5.56840087890625,1.3495849609375001,1.3610738255033363,0.4018405290287665
7.08543701171875,8.25126220703125,4.2548095703125,2.471140939597354,0.7557899584017445
8.30491943359375,5.56840087890625,4.2548095703125,2.673825503355773,0.7087625180304848
9.58293701171875,0.7587622070312501,8.7745849609375,1.4013422818791745,0.30558932178564846
0.81241943359375,0.7587622070312501,8.7745849609375,0.36778523489932735,0.11238777991569174
9.58293701171875,8.06590087890625,8.7745849609375,3.613422818792153,0.8516533848144052
9.58293701171875,0.7587622070312501,1.7798095703125,0.38523489932885724,0.06182358532986284
0.81241943359375,8.06590087890625,1.7798095703125,0.3798657718120788,0.3848913472325767
4.58793701171875,5.75376220703125,3.8245849609375004,1.3503355704697795,0.5827461654550627
5.80741943359375,5.75376220703125,3.8245849609375004,1.75838926174494,0.629853418856844
4.58793701171875,3.07090087890625,3.8245849609375004,0.9691275167785112,0.40088161551827656
4.58793701171875,5.75376220703125,6.7298095703125,1.5476510067113867,0.6758033094166355
5.80741943359375,3.07090087890625,6.7298095703125,1.608053691275144,0.5702954636304378
3.33918701171875,2.00751220703125,0.1120849609375,0.36912751677852196,0.11658450097329685
7.05616943359375,2.00751220703125,0.1120849609375,0.3744966442953004,0.07912494755349088
3.33918701171875,4.31965087890625,0.1120849609375,0.3744966442953004,0.14933295661395415
3.33918701171875,2.00751220703125,7.9673095703125,0.6791946308724761,0.3345998448480607
7.05616943359375,4.31965087890625,7.9673095703125,2.320805369127533,0.710028039646404
8.33418701171875,7.00251220703125,5.0620849609375,2.9140939597316473,0.7739331699399337
2.06116943359375,7.00251220703125,5.0620849609375,0.7194630872483143,0.5416503137919307
8.33418701171875,9.31465087890625,5.0620849609375,3.0630872483222733,0.8157393976758578
8.33418701171875,7.00251220703125,3.0173095703125004,2.633557046979928,0.6950875724898433
2.06116943359375,9.31465087890625,3.0173095703125004,0.6832214765100599,0.5151024534399726
5.83668701171875,4.50501220703125,2.5870849609375,1.355704697986558,0.47390843192268617
9.55366943359375,4.50501220703125,2.5870849609375,2.5342281879195108,0.5871646128734233
5.83668701171875,6.81715087890625,2.5870849609375,1.6496644295301768,0.5862892128724053
5.83668701171875,4.50501220703125,0.5423095703125,0.4389261744966415,0.1349969804982906
9.55366943359375,6.81715087890625,0.5423095703125,1.3919463087248123,0.31450496143643486
0.84168701171875,9.50001220703125,7.5370849609375,0.48456375838925814,0.5677633294631548
4.55866943359375,9.50001220703125,7.5370849609375,1.754362416107356,0.7795188898991614
0.84168701171875,1.82215087890625,7.5370849609375,0.3731543624161058,0.21858642133574346
0.84168701171875,9.50001220703125,5.4923095703125,0.4590604026845606,0.5281132430219981
4.55866943359375,1.82215087890625,5.4923095703125,0.7825503355704608,0.3095085509079095
1.15387451171875,4.81719970703125,1.6589599609375,0.375838926174495,0.29321431415691224
5.49523193359375,4.81719970703125,1.6589599609375,0.9999999999999871,0.35998076881141944
1.15387451171875,8.37808837890625,1.6589599609375,0.39060402684563567,0.353983762363803
1.15387451171875,4.81719970703125,2.7079345703125,0.38523489932885724,0.3162412805511994
5.49523193359375,8.37808837890625,2.7079345703125,1.689932885906015,0.6350535060380366
6.14887451171875,9.81219970703125,6.6089599609375,2.3328859060402865,0.8100120255394316
0.50023193359375,9.81219970703125,6.6089599609375,0.40536912751677634,0.5338774841061782
6.14887451171875,3.38308837890625,6.6089599609375,1.7812080536912482,0.6055245021348646
6.14887451171875,9.81219970703125,7.6579345703125,2.361073825503378,0.82058239880958
0.50023193359375,3.38308837890625,7.6579345703125,0.3744966442953004,0.32781660708180116
8.64637451171875,2.31969970703125,4.1339599609375,1.9704697986576878,0.492829918616478
7.99273193359375,2.31969970703125,4.1339599609375,1.7691275167784968,0.47226778264721503
8.64637451171875,0.88558837890625,4.1339599609375,0.7637583892617363,0.16940852891098346
8.64637451171875,2.31969970703125,5.1829345703125,2.1516778523489846,0.5413334470772108
7.99273193359375,0.88558837890625,5.1829345703125,0.8295302013422721,0.19937131240995448
3.6513745117187497,7.31469970703125,9.0839599609375,1.369127516778504,0.7192617279264388
2.99773193359375,7.31469970703125,9.0839599609375,1.1395973154362262,0.6900988894673363
3.6513745117187497,5.88058837890625,9.0839599609375,1.293959731543606,0.6749619394257936
3.6513745117187497,7.31469970703125,0.2329345703125,0.3919463087248303,0.16871831630611606
2.99773193359375,5.88058837890625,0.2329345703125,0.3798657718120788,0.17652670591652578
4.90012451171875,1.0709497070312501,5.3714599609375,0.4523489932885876,0.1389888633038661
4.24648193359375,1.0709497070312501,5.3714599609375,0.40671140939597095,0.1287156663919868
4.90012451171875,7.12933837890625,5.3714599609375,1.6912751677852096,0.702775220395605
4.90012451171875,1.0709497070312501,3.9454345703125004,0.3999999999999979,0.11445882840002118
4.24648193359375,7.12933837890625,3.9454345703125004,1.3570469798657525,0.6269399330321042
9.89512451171875,6.06594970703125,0.42145996093750004,1.1704697986577022,0.2535188197464821
9.24148193359375,6.06594970703125,0.42145996093750004,1.0523489932885768,0.2410321448881804
9.89512451171875,2.13433837890625,0.42145996093750004,0.3919463087248303,0.07122743911373798
9.89512451171875,6.06594970703125,8.8954345703125,3.5959731543626203,0.8221037460427791
9.24148193359375,2.13433837890625,8.8954345703125,2.5812080536913298,0.6178625266778373
7.39762451171875,3.5684497070312498,7.8464599609375,2.314093959731559,0.6774239409720331
1.74898193359375,3.5684497070312498,7.8464599609375,0.5221476510067071,0.38926738506287883
7.39762451171875,4.63183837890625,7.8464599609375,2.4818791946309124,0.7300528824379535
7.39762451171875,3.5684497070312498,6.4204345703125,2.234899328859064,0.6524962429817336
1.74898193359375,4.63183837890625,6.4204345703125,0.5624161073825453,0.438679948983032
2.40262451171875,8.56344970703125,2.8964599609375004,0.7422818791946226,0.5067446825764277
6.74398193359375,8.56344970703125,2.8964599609375004,2.1758389261744915,0.6909140771063627
2.40262451171875,9.62683837890625,2.8964599609375004,0.7812080536912662,0.538435513145278
2.40262451171875,8.56344970703125,1.4704345703125001,0.5422818791946262,0.35206799468254674
6.74398193359375,9.62683837890625,1.4704345703125001,1.7744966442952752,0.557713552049264
1.77824951171875,1.69532470703125,8.4652099609375,0.3932885906040249,0.20813952154502494
9.86585693359375,1.69532470703125,8.4652099609375,2.523489932885952,0.5667572039833043
1.77824951171875,2.7587133789062497,8.4652099609375,0.46577181208053364,0.31870464944950855
1.77824951171875,1.69532470703125,0.8516845703125,0.36778523489932735,0.15224913640210833
9.86585693359375,2.7587133789062497,0.8516845703125,0.8120805369127422,0.16982726911914064
6.77324951171875,6.69032470703125,3.5152099609375003,2.1436241610738156,0.6771689770775386
4.87085693359375,6.69032470703125,3.5152099609375003,1.4872483221476294,0.6149162685097965
6.77324951171875,7.75371337890625,3.5152099609375003,2.233557046979869,0.7075067272939077
6.77324951171875,6.69032470703125,5.8016845703125,2.3624161073825727,0.751251904957499
4.87085693359375,7.75371337890625,5.8016845703125,1.7382550335570208,0.7278751511427353
9.27074951171875,4.19282470703125,5.9902099609374995,2.9906040268457525,0.7197481221132782
7.36835693359375,4.19282470703125,5.9902099609374995,2.3087248322147795,0.6781053075088421
9.27074951171875,5.25621337890625,5.9902099609374995,3.151677852349132,0.760705884597876
9.27074951171875,4.19282470703125,8.2766845703125,3.1181208053692613,0.7526736124397628
7.36835693359375,5.25621337890625,8.2766845703125,2.557046979865823,0.7564845032138041
4.27574951171875,9.18782470703125,1.0402099609375002,0.846979865771802,0.3751665508082471
2.3733569335937497,9.18782470703125,1.0402099609375002,0.4724832214765067,0.30161516887770917
4.27574951171875,0.26121337890625,1.0402099609375002,0.36510067114093814,0.03574338873683854
4.27574951171875,9.18782470703125,3.3266845703125,1.4161073825503152,0.6536989830589244
2.3733569335937497,0.26121337890625,3.3266845703125,0.36510067114093814,0.040324529136696666
3.02699951171875,2.94407470703125,4.7527099609375,0.6389261744966379,0.34287880692648504
1.12460693359375,2.94407470703125,4.7527099609375,0.3812080536912734,0.2745385999993334
3.02699951171875,1.50996337890625,4.7527099609375,0.3986577181208033,0.16365536289590665
3.02699951171875,2.94407470703125,2.0891845703125003,0.4026845637583871,0.18918685661425325
1.12460693359375,1.50996337890625,2.0891845703125003,0.36778523489932735,0.16822455172220518
8.02199951171875,7.93907470703125,9.7027099609375,3.0308724832215974,0.836850236394989
6.11960693359375,7.93907470703125,9.7027099609375,2.312751677852364,0.8063752484355271
8.02199951171875,6.5049633789062495,9.7027099609375,2.9436241610739335,0.811519513806993
8.02199951171875,7.93907470703125,7.0391845703125,2.965100671141051,0.8173746572721561
6.11960693359375,6.5049633789062495,7.0391845703125,2.165100671140933,0.7511954898018337
5.52449951171875,0.44657470703125,2.2777099609375,0.37046979865771656,0.05668815315350527
3.62210693359375,0.44657470703125,2.2777099609375,0.36778523489932735,0.06046795523206497
5.52449951171875,9.00246337890625,2.2777099609375,1.6402684563758145,0.6126249746772346
5.52449951171875,0.44657470703125,9.5141845703125,0.38791946308724645,0.07021514596567621
3.62210693359375,9.00246337890625,9.5141845703125,1.4281879194630667,0.7591189883362972
0.52949951171875,5.44157470703125,7.2277099609375,0.38523489932885724,0.4185804704033742
8.61710693359375,5.44157470703125,7.2277099609375,2.9986577181209215,0.773588335814438
0.52949951171875,4.00746337890625,7.2277099609375,0.3771812080536896,0.35737601395726215
0.52949951171875,5.44157470703125,4.5641845703124995,0.3771812080536896,0.396283572535174
8.61710693359375,4.00746337890625,4.5641845703124995,2.571812080536966,0.6569949968496492
0.37340576171875,2.78798095703125,8.9292724609375,0.37046979865771656,0.2963782828304537
6.5878881835937495,2.78798095703125,8.9292724609375,1.904697986577152,0.611216415437421
0.37340576171875,7.28543212890625,8.9292724609375,0.38657718120805185,0.4902762252344169
0.37340576171875,2.78798095703125,3.4813720703125,0.36644295302013274,0.2783683579330155
6.5878881835937495,7.28543212890625,3.4813720703125,2.124832214765088,0.6881764370816623
5.3684057617187495,7.78298095703125,3.9792724609375,1.791946308724805,0.6900063594678627
1.59288818359375,7.78298095703125,3.9792724609375,0.570469798657713,0.48912150405802957
5.3684057617187495,2.2904321289062497,3.9792724609375,0.9852348993288464,0.3548662833769215
5.3684057617187495,7.78298095703125,8.4313720703125,2.0026845637583586,0.7778525482301086
1.59288818359375,2.2904321289062497,8.4313720703125,0.40671140939597095,0.25909592491698075
7.86590576171875,0.29048095703125004,6.4542724609375,0.3785234899328842,0.04443806445094778
9.08538818359375,0.29048095703125004,6.4542724609375,0.382550335570468,0.04401365416267314
7.86590576171875,4.78793212890625,6.4542724609375,2.6053691275168367,0.725886896172617
7.86590576171875,0.29048095703125004,5.9563720703125,0.3771812080536896,0.043854061343828576
9.08538818359375,4.78793212890625,5.9563720703125,3.017449664429649,0.740564579712188
2.87090576171875,5.2854809570312495,1.5042724609375002,0.46577181208053364,0.25181227743696843
4.09038818359375,5.2854809570312495,1.5042724609375002,0.6859060402684491,0.3037224427720506
2.87090576171875,9.78293212890625,1.5042724609375002,0.696644295302006,0.4146963427789762
2.87090576171875,5.2854809570312495,1.0063720703125,0.3999999999999979,0.20531582127677678
4.09038818359375,9.78293212890625,1.0063720703125,0.8214765100671044,0.37667031057341677
4.11965576171875,1.5392309570312501,2.7417724609375003,0.3932885906040249,0.13351095089878842
2.8416381835937496,1.5392309570312501,2.7417724609375003,0.3798657718120788,0.1489628450517511
4.11965576171875,8.53418212890625,2.7417724609375003,1.2469798657717948,0.5879125189255031
4.11965576171875,1.5392309570312501,4.7188720703125,0.5100671140939557,0.19492596519509792
2.8416381835937496,8.53418212890625,4.7188720703125,1.0120805369127386,0.6319770479368517
9.11465576171875,6.53423095703125,7.6917724609375,3.3046979865773425,0.8129216877442629
7.83663818359375,6.53423095703125,7.6917724609375,2.8255033557047886,0.7940175519114021
9.11465576171875,3.53918212890625,7.6917724609375,2.9127516778524525,0.7116272258038525
9.11465576171875,6.53423095703125,9.6688720703125,3.357046979865941,0.8267453691793061
7.83663818359375,3.53918212890625,9.6688720703125,2.5302013422819263,0.7064797210142648
6.61715576171875,4.03673095703125,0.2667724609375,0.3946308724832195,0.10442901513524627
0.34413818359375004,4.03673095703125,0.2667724609375,0.36510067114093814,0.30036022552758473
6.61715576171875,1.0416821289062501,0.2667724609375,0.37046979865771656,0.0676486909419699
6.61715576171875,4.03673095703125,7.1938720703125,2.0899328859060224,0.6731644987353987
0.34413818359375004,1.0416821289062501,7.1938720703125,0.36510067114093814,0.14461856630864028
1.62215576171875,9.03173095703125,5.2167724609374995,0.6577181208053624,0.577438765666535
5.33913818359375,9.03173095703125,5.2167724609374995,1.942281879194601,0.7561511832093585
1.62215576171875,6.03668212890625,5.2167724609374995,0.5637583892617399,0.46964856651372683
1.62215576171875,9.03173095703125,2.2438720703125004,0.4993288590603988,0.41419011203713535
5.33913818359375,6.03668212890625,2.2438720703125004,1.3208053691274981,0.49963497332823337
2.2465307617187498,0.91485595703125,0.8855224609375,0.36644295302013274,0.10014282580877688
8.46101318359375,0.91485595703125,0.8855224609375,0.375838926174495,0.06344796783294096
2.2465307617187498,1.66605712890625,0.8855224609375,0.36912751677852196,0.14220074599108834
2.2465307617187498,0.91485595703125,0.38762207031250007,0.36510067114093814,0.09400233813047076
8.46101318359375,1.66605712890625,0.38762207031250007,0.3798657718120788,0.07197606090777464
7.24153076171875,5.90985595703125,5.8355224609375,2.468456375838964,0.7400933052568647
3.4660131835937498,5.90985595703125,5.8355224609375,1.1395973154362262,0.6122329445875443
7.24153076171875,6.66105712890625,5.8355224609375,2.5342281879195108,0.7610786738483061
7.24153076171875,5.90985595703125,5.3376220703124995,2.4348993288590934,0.7293044638527286
3.4660131835937498,6.66105712890625,5.3376220703124995,1.1637583892617291,0.6274260950464872
9.73903076171875,3.41235595703125,3.3605224609375,2.5597315436242125,0.5824670752099372
5.96351318359375,3.41235595703125,3.3605224609375,1.3597315436241417,0.46493649978413
9.73903076171875,9.15855712890625,3.3605224609375,3.40134228187937,0.7857441896329025
9.73903076171875,3.41235595703125,7.8126220703125,3.1154362416108716,0.7176401429697463
5.96351318359375,9.15855712890625,7.8126220703125,2.2711409395973243,0.8094967902953588
4.74403076171875,8.40735595703125,8.3105224609375,1.7986577181207781,0.773205128796546
0.96851318359375,8.40735595703125,8.3105224609375,0.5087248322147611,0.5611505475814454
4.74403076171875,4.16355712890625,8.3105224609375,1.50201342281877,0.6342650978577643
4.74403076171875,8.40735595703125,2.8626220703125003,1.4657718120805157,0.6202951530119503
0.96851318359375,4.16355712890625,2.8626220703125003,0.3771812080536896,0.30906100014637156
3.49528076171875,4.66110595703125,7.0730224609375,1.099328859060388,0.5823178934995389
2.21726318359375,4.66110595703125,7.0730224609375,0.7073825503355629,0.49640743178894664
3.49528076171875,2.91480712890625,7.0730224609375,0.8805369127516671,0.4478455036875376
3.49528076171875,4.66110595703125,1.6251220703125002,0.5422818791946262,0.2602568612205332
2.21726318359375,2.91480712890625,1.6251220703125002,0.3798657718120788,0.19824307640757297
8.49028076171875,9.65610595703125,2.1230224609375004,2.6617449664430195,0.6909667145711342
7.21226318359375,9.65610595703125,2.1230224609375004,2.2134228187919467,0.6618418663234764
8.49028076171875,7.90980712890625,2.1230224609375004,2.507382550335614,0.6488799908731825
8.49028076171875,9.65610595703125,6.5751220703125,3.2120805369128993,0.8431404126669756
7.21226318359375,7.90980712890625,6.5751220703125,2.641610738255097,0.7985018632753557
5.99278076171875,2.16360595703125,9.5480224609375,1.5449664429529975,0.5294947004289778
4.71476318359375,2.16360595703125,9.5480224609375,1.1516778523489777,0.4713765667495675
5.99278076171875,5.41230712890625,9.5480224609375,2.102013422818776,0.7418938726882749
5.99278076171875,2.16360595703125,9.0501220703125,1.526174496644273,0.5224167075643353
4.71476318359375,5.41230712890625,9.0501220703125,1.6335570469798415,0.6997602921615944
0.9977807617187501,7.15860595703125,4.5980224609375,0.4362416107382523,0.4427935956105207
9.70976318359375,7.15860595703125,4.5980224609375,3.3986577181209805,0.787800541755447
0.9977807617187501,0.41730712890625,4.5980224609375,0.36510067114093814,0.06412373784410871
0.9977807617187501,7.15860595703125,4.1001220703125,0.42550335570469544,0.42713041428618975
9.70976318359375,0.41730712890625,4.1001220703125,0.38657718120805185,0.05257434798936506
0.68559326171875,2.4757934570312496,6.1448974609375,0.3731543624161058,0.26483065098572867
0.03195068359375,2.4757934570312496,6.1448974609375,0.36375838926174353,0.2725694605615399
0.68559326171875,9.47074462890625,6.1448974609375,0.4322147651006685,0.5281233081105898
0.68559326171875,2.4757934570312496,6.8844970703124995,0.3744966442953004,0.26802894583573056
0.03195068359375,9.47074462890625,6.8844970703124995,0.36510067114093814,0.5397465409452136
5.68059326171875,7.47079345703125,1.1948974609375,1.1382550335570316,0.40482383830247526
5.02695068359375,7.47079345703125,1.1948974609375,0.9771812080536788,0.3815344292685665
5.68059326171875,4.4757446289062495,1.1948974609375,0.7731543624160986,0.2635461062259615
5.68059326171875,7.47079345703125,1.9344970703125002,1.4671140939597103,0.5304938299891847
5.02695068359375,4.4757446289062495,1.9344970703125002,0.9342281879194514,0.3599715208142157
8.17809326171875,4.97329345703125,8.6198974609375,2.8348993288591524,0.7658742663759768
2.52945068359375,4.97329345703125,8.6198974609375,0.8550335570469696,0.5648069100872032
8.17809326171875,1.97824462890625,8.6198974609375,2.1369127516778414,0.5660651213261008
8.17809326171875,4.97329345703125,4.4094970703125,2.5664429530201867,0.6884999913964509
2.52945068359375,1.97824462890625,4.4094970703125,0.4013422818791925,0.19543656033661982
3.1830932617187497,9.96829345703125,3.6698974609375004,1.1114093959731395,0.6417658612292779
7.52445068359375,9.96829345703125,3.6698974609375004,2.6684563758389936,0.7753741436776738
3.1830932617187497,6.97324462890625,3.6698974609375004,0.9758389261744842,0.5535193949220961
3.1830932617187497,9.96829345703125,9.3594970703125,1.293959731543606,0.7583930468561011
7.52445068359375,6.97324462890625,9.3594970703125,2.7812080536913593,0.8111665501544019
4.4318432617187495,3.72454345703125,2.4323974609375,0.8067114093959638,0.33793346471027763
8.77320068359375,3.72454345703125,2.4323974609375,2.0174496644295017,0.4998464525039418
4.4318432617187495,5.72449462890625,2.4323974609375,1.0697986577181067,0.4661443770907645
4.4318432617187495,3.72454345703125,5.6469970703125,1.218791946308708,0.5340539923263845
8.77320068359375,5.72449462890625,5.6469970703125,2.9986577181209215,0.7602837469667006
9.42684326171875,8.71954345703125,7.3823974609375,3.551677852349191,0.8492692469431298
3.77820068359375,8.71954345703125,7.3823974609375,1.4389261744966235,0.7384716946331946
9.42684326171875,0.72949462890625,7.3823974609375,1.1758389261744806,0.2546227542658255
9.42684326171875,8.71954345703125,0.6969970703125,1.8120805369127242,0.42016496153224375
3.77820068359375,0.72949462890625,0.6969970703125,0.36644295302013274,0.07485213276215394
6.92934326171875,1.22704345703125,4.9073974609375,0.928859060402673,0.2610482785628377
6.27570068359375,1.22704345703125,4.9073974609375,0.7825503355704608,0.23297483039221978
6.92934326171875,3.2269946289062497,4.9073974609375,1.86040268456373,0.5690930567832797
6.92934326171875,1.22704345703125,3.1719970703125,0.5959731543624105,0.15559977782951723
6.27570068359375,3.2269946289062497,3.1719970703125,1.3637583892617255,0.4456000593907791
1.9343432617187502,6.2220434570312495,9.8573974609375,0.7516778523489849,0.5933201820755303
1.28070068359375,6.2220434570312495,9.8573974609375,0.5570469798657669,0.5328120342203787
1.9343432617187502,8.22199462890625,9.8573974609375,0.8174496644295206,0.659438909631547
1.9343432617187502,6.2220434570312495,8.1219970703125,0.727516778523482,0.5709226749292647
1.28070068359375,8.22199462890625,8.1219970703125,0.5919463087248267,0.5847865800885899
1.30996826171875,4.34891845703125,4.2886474609375,0.40671140939597095,0.32732403348607975
4.40257568359375,4.34891845703125,4.2886474609375,1.1865771812080375,0.5225901493819475
1.30996826171875,3.85136962890625,4.2886474609375,0.3973154362416087,0.30647073503938205
1.30996826171875,4.34891845703125,9.9782470703125,0.495302013422815,0.4357536148314846
4.40257568359375,3.85136962890625,9.9782470703125,1.389261744966423,0.6208674488925869
6.30496826171875,9.34391845703125,9.2386474609375,2.4335570469798986,0.8284278176118327
9.39757568359375,9.34391845703125,9.2386474609375,3.613422818792153,0.8675041414123712
6.30496826171875,8.84636962890625,9.2386474609375,2.414765100671171,0.8216174894228678
6.30496826171875,9.34391845703125,5.0282470703125,2.3020134228188054,0.7803149163319536
9.39757568359375,8.84636962890625,5.0282470703125,3.4375838926176305,0.8225017723883248
8.80246826171875,1.85141845703125,1.8136474609375002,0.8832214765100563,0.20364693152482963
1.9050756835937501,1.85141845703125,1.8136474609375002,0.37181208053691117,0.17085018688701292
8.80246826171875,6.34886962890625,1.8136474609375002,2.26711409395974,0.5644843374871895
8.80246826171875,1.85141845703125,2.5532470703125,1.2523489932885732,0.2977707296566497
1.9050756835937501,6.34886962890625,2.5532470703125,0.4966442953020096,0.363927468375148
3.80746826171875,6.84641845703125,6.7636474609374995,1.3476510067113903,0.6821740288296538
6.90007568359375,6.84641845703125,6.7636474609374995,2.4657718120805745,0.7731538769034956
3.80746826171875,1.35386962890625,6.7636474609374995,0.5073825503355665,0.20077208676654656
3.80746826171875,6.84641845703125,7.5032470703125,1.369127516778504,0.6941126129215133
6.90007568359375,1.35386962890625,7.5032470703125,1.2979865771811898,0.38256119702731217
2.55871826171875,0.60266845703125,8.001147460937501,0.3744966442953004,0.09047167355029431
5.6513256835937495,0.60266845703125,8.001147460937501,0.4026845637583871,0.08905027175318687
2.55871826171875,0.10511962890625,8.001147460937501,0.36510067114093814,0.017880591750341235
2.55871826171875,0.60266845703125,8.7407470703125,0.375838926174495,0.09153467590484268
5.6513256835937495,0.10511962890625,8.7407470703125,0.36778523489932735,0.017941614216542383
7.55371826171875,5.59766845703125,3.0511474609375,2.1973154362416087,0.6287998820470824
0.65632568359375,5.59766845703125,3.0511474609375,0.375838926174495,0.374290062708382
7.55371826171875,5.10011962890625,3.0511474609375,2.123489932885893,0.6063305364783735
7.55371826171875,5.59766845703125,3.7907470703125004,2.3422818791946503,0.672818198309433
0.65632568359375,5.10011962890625,3.7907470703125004,0.3771812080536896,0.369440191672016
5.05621826171875,3.1001684570312498,5.5261474609375,1.2926174496644114,0.5075370018286489
8.14882568359375,3.1001684570312498,5.5261474609375,2.304697986577195,0.6160883830906599
5.05621826171875,7.59761962890625,5.5261474609375,1.7825503355704428,0.7236127960248502
5.05621826171875,3.1001684570312498,1.3157470703125,0.4778523489932851,0.1643536736927143
8.14882568359375,7.59761962890625,1.3157470703125,1.915436241610709,0.5084762980949207
0.06121826171875,8.09516845703125,0.5761474609375,0.36375838926174353,0.46447135305607834
3.15382568359375,8.09516845703125,0.5761474609375,0.4214765100671116,0.21222054561602274
0.06121826171875,2.60261962890625,0.5761474609375,0.36375838926174353,0.26076528411568745
0.06121826171875,8.09516845703125,6.2657470703125,0.36510067114093814,0.503944937061902
3.15382568359375,2.60261962890625,6.2657470703125,0.696644295302006,0.36629892076755527
0.08072998046874999,3.11968017578125,3.9986083984375003,0.36375838926174353,0.30818199121842593
5.31962646484375,3.11968017578125,3.9986083984375003,1.2107382550335404,0.45219992089872685
0.08072998046874999,0.9831469726562501,3.9986083984375003,0.36375838926174353,0.13569803100482375
0.08072998046874999,3.11968017578125,5.0475830078124995,0.36375838926174353,0.31085669897154156
5.31962646484375,0.9831469726562501,5.0475830078124995,0.4322147651006685,0.1212038699298697
5.07572998046875,8.11468017578125,8.9486083984375,1.9194630872482927,0.7813148560073896
0.32462646484375,8.11468017578125,8.9486083984375,0.38523489932885724,0.5126253797500959
5.07572998046875,5.9781469726562495,8.9486083984375,1.802684563758362,0.7298138864410602
5.07572998046875,8.11468017578125,9.9975830078125,1.9369127516778226,0.7889702202464969
0.32462646484375,5.9781469726562495,9.9975830078125,0.3798657718120788,0.4530904085738159
7.57322998046875,0.6221801757812501,1.5236083984375002,0.3731543624161058,0.060027536333729425
7.81712646484375,0.6221801757812501,1.5236083984375002,0.3744966442953004,0.05952668929898162
7.57322998046875,8.47564697265625,1.5236083984375002,1.966442953020104,0.5590103091868546
7.57322998046875,0.6221801757812501,7.5225830078125,0.5744966442952968,0.1280795653312681
7.81712646484375,8.47564697265625,7.5225830078125,2.93154362416118,0.8274077729485372
2.5782299804687496,5.61718017578125,6.4736083984374995,0.8590604026845534,0.5615588140242168
2.8221264648437496,5.61718017578125,6.4736083984374995,0.935570469798646,0.5776760868418975
2.5782299804687496,3.48064697265625,6.4736083984374995,0.6845637583892545,0.4226872257317009
2.5782299804687496,5.61718017578125,2.5725830078125003,0.6026845637583835,0.37246347721327583
2.8221264648437496,3.48064697265625,2.5725830078125003,0.46711409395972825,0.24769095024187243
3.82697998046875,1.87093017578125,7.7111083984375,0.7503355704697903,0.3387087323484246
4.070876464843749,1.87093017578125,7.7111083984375,0.8120805369127422,0.3544052635398166
3.82697998046875,4.72939697265625,7.7111083984375,1.2348993288590433,0.6150177294496562
3.82697998046875,1.87093017578125,3.8100830078125,0.48590604026845274,0.19756119993689583
4.070876464843749,4.72939697265625,3.8100830078125,1.079194630872469,0.5034601094043387
8.82197998046875,6.86593017578125,2.7611083984375,2.7261744966443713,0.6834781304583488
9.06587646484375,6.86593017578125,2.7611083984375,2.813422818792035,0.688626888282611
8.82197998046875,9.72439697265625,2.7611083984375,2.978523489932999,0.7502015883911984
8.82197998046875,6.86593017578125,8.7600830078125,3.2496644295303545,0.8237859061931541
9.06587646484375,9.72439697265625,8.7600830078125,3.4926174496646185,0.865926708308292
6.32447998046875,4.36843017578125,5.2361083984375,1.9127516778523197,0.6378026430118326
1.57337646484375,4.36843017578125,5.2361083984375,0.4738255033557013,0.371620895700223
6.32447998046875,7.22689697265625,5.2361083984375,2.202684563758388,0.7423427389013674
6.32447998046875,4.36843017578125,6.2850830078125,1.9879194630872177,0.6648557235869267
1.57337646484375,7.22689697265625,6.2850830078125,0.621476510067108,0.5448435613954239
1.32947998046875,9.36343017578125,0.2861083984375,0.375838926174495,0.29149673561081074
6.56837646484375,9.36343017578125,0.2861083984375,0.7919463087248231,0.24188618730257747
1.32947998046875,2.2318969726562496,0.2861083984375,0.36644295302013274,0.17498943836065106
1.32947998046875,9.36343017578125,1.3350830078125002,0.3959731543624141,0.3406599379075026
6.56837646484375,2.2318969726562496,1.3350830078125002,0.4617449664429498,0.12527213213379512
1.95385498046875,1.24655517578125,5.8548583984375,0.3785234899328842,0.15668394609973424
9.69025146484375,1.24655517578125,5.8548583984375,1.8201342281878918,0.4053170772462522
1.95385498046875,5.35377197265625,5.8548583984375,0.6402684563758325,0.48367463712264924
1.95385498046875,1.24655517578125,1.9538330078125001,0.36912751677852196,0.13615207299076781
9.69025146484375,5.35377197265625,1.9538330078125001,2.46174496644299,0.5623217867677547
6.94885498046875,6.24155517578125,0.9048583984375,1.1140939597315287,0.33083355633626055
4.69525146484375,6.24155517578125,0.9048583984375,0.6577181208053624,0.26022163085183286
6.94885498046875,0.35877197265625,0.9048583984375,0.36644295302013274,0.0411149955490438
6.94885498046875,6.24155517578125,6.9038330078125,2.4442953020134572,0.7610254177615438
4.69525146484375,0.35877197265625,6.9038330078125,0.3744966442953004,0.05562675241593268
9.44635498046875,3.74405517578125,8.3298583984375,3.104697986577313,0.7360908819332765
7.19275146484375,3.74405517578125,8.3298583984375,2.2939597315436364,0.688889669738119
9.44635498046875,2.8562719726562498,8.3298583984375,2.8899328859061404,0.6823621038399224
9.44635498046875,3.74405517578125,9.3788330078125,3.143624161073963,0.7459949527928449
7.19275146484375,2.8562719726562498,9.3788330078125,2.1449664429530104,0.6409210962119976
4.45135498046875,8.73905517578125,3.3798583984375004,1.4604026845637372,0.652705978311253
2.19775146484375,8.73905517578125,3.3798583984375004,0.7328859060402604,0.53266062977314
4.45135498046875,7.85127197265625,3.3798583984375004,1.4093959731543422,0.6278309002863824
4.45135498046875,8.73905517578125,4.4288330078125,1.5583892617449435,0.699998192711849
2.19775146484375,7.85127197265625,4.4288330078125,0.7651006711409309,0.5578698331696156
3.2026049804687498,4.99280517578125,2.1423583984375,0.6268456375838865,0.33070933260189345
0.94900146484375,4.99280517578125,2.1423583984375,0.3771812080536896,0.3229300203740512
3.2026049804687498,9.10002197265625,2.1423583984375,0.8885906040268348,0.4991986453237334
3.2026049804687498,4.99280517578125,0.7163330078125,0.39060402684563567,0.18080147545989936
0.94900146484375,9.10002197265625,0.7163330078125,0.3744966442953004,0.346062446728557
8.19760498046875,9.98780517578125,7.0923583984375,3.1302013422820147,0.848050255811778
5.94400146484375,9.98780517578125,7.0923583984375,2.2765100671141036,0.8138908173173298
8.19760498046875,4.10502197265625,7.0923583984375,2.65906040268463,0.7137640659837203
8.19760498046875,9.98780517578125,5.6663330078125,3.0765100671142216,0.8324506326667417
5.94400146484375,4.10502197265625,5.6663330078125,1.7758389261744698,0.6227271982085973
5.70010498046875,2.4953051757812497,4.6173583984375,1.2335570469798487,0.4330156923368813
3.4465014648437498,2.4953051757812497,4.6173583984375,0.6442953020134163,0.31119248320972376
5.70010498046875,1.60752197265625,4.6173583984375,0.8630872483221372,0.2867619529569885
5.70010498046875,2.4953051757812497,8.1413330078125,1.5006711409395754,0.536928007062984
3.4465014648437498,1.60752197265625,8.1413330078125,0.5892617449664375,0.2681425230956298
0.70510498046875,7.49030517578125,9.5673583984375,0.4375838926174469,0.5167872974282379
8.44150146484375,7.49030517578125,9.5673583984375,3.1624161073826906,0.834437092827021
0.70510498046875,6.60252197265625,9.5673583984375,0.42416107382550083,0.4837675379629082
0.70510498046875,7.49030517578125,3.1913330078125,0.38657718120805185,0.4190867312174742
8.44150146484375,6.60252197265625,3.1913330078125,2.667114093959799,0.6960576244716549
1.01729248046875,2.18311767578125,1.2142333984375002,0.36644295302013274,0.20225517982337066
1.26118896484375,2.18311767578125,1.2142333984375002,0.36778523489932735,0.1947670688402005
1.01729248046875,3.16845947265625,1.2142333984375002,0.36912751677852196,0.24574591393829087
1.01729248046875,2.18311767578125,5.3569580078125,0.375838926174495,0.2369650332523467
1.26118896484375,3.16845947265625,5.3569580078125,0.3919463087248303,0.2892071425072029
6.01229248046875,7.17811767578125,6.1642333984375,2.1355704697986466,0.7521781789436481
6.25618896484375,7.17811767578125,6.1642333984375,2.2255033557047,0.7581453365508799
6.01229248046875,8.16345947265625,6.1642333984375,2.1932885906040243,0.7739423813506476
6.01229248046875,7.17811767578125,0.4069580078125,0.6442953020134163,0.20729324263321516
6.25618896484375,8.16345947265625,0.4069580078125,0.7637583892617363,0.24216842186405504
8.50979248046875,4.68061767578125,3.6892333984375,2.5208053691275625,0.6507869742350136
3.75868896484375,4.68061767578125,3.6892333984375,0.9677852348993166,0.476349973972394
8.50979248046875,5.66595947265625,3.6892333984375,2.673825503355773,0.692677921127774
8.50979248046875,4.68061767578125,2.8819580078125,2.3248322147651175,0.5974651673430761
3.75868896484375,5.66595947265625,2.8819580078125,0.9570469798657597,0.47243700649534726
3.51479248046875,9.67561767578125,8.6392333984375,1.3973154362415907,0.7602095428689435
8.75368896484375,9.67561767578125,8.6392333984375,3.3677852348994994,0.861429476497672
3.51479248046875,0.67095947265625,8.6392333984375,0.38389261744966263,0.09911911576863437
3.51479248046875,9.67561767578125,7.8319580078125,1.3838926174496446,0.7521913563754847
8.75368896484375,0.67095947265625,7.8319580078125,0.9436241610738136,0.21059806759942373
4.76354248046875,3.43186767578125,7.4017333984375,1.3718120805368932,0.5712651173819514
7.50493896484375,3.43186767578125,7.4017333984375,2.3020134228188054,0.6646449452027134
4.76354248046875,1.91970947265625,7.4017333984375,0.9986577181207925,0.39635875144254407
4.76354248046875,3.43186767578125,6.5944580078124995,1.3328859060402496,0.5534726955171976
7.50493896484375,1.91970947265625,6.5944580078124995,1.7530201342281615,0.49480424199335854
9.75854248046875,8.42686767578125,2.4517333984375003,3.12885906040282,0.7182516587810421
2.50993896484375,8.42686767578125,2.4517333984375003,0.7167785234899251,0.4714298564507796
9.75854248046875,6.91470947265625,2.4517333984375003,2.963758389261856,0.6785571699857547
9.75854248046875,8.42686767578125,1.6444580078125002,2.750335570469878,0.6277664750004377
2.50993896484375,6.91470947265625,1.6444580078125002,0.5248322147650963,0.3251465606675989
7.26104248046875,0.93436767578125,9.8767333984375,1.1409395973154208,0.3133560066873334
5.00743896484375,0.93436767578125,9.8767333984375,0.6107382550335512,0.20052795966870643
7.26104248046875,9.41220947265625,9.8767333984375,2.808053691275256,0.8469446643123648
7.26104248046875,0.93436767578125,4.1194580078125,0.570469798657713,0.13834821223635854
5.00743896484375,9.41220947265625,4.1194580078125,1.765100671140913,0.7223348570274981
2.26604248046875,5.92936767578125,4.9267333984374995,0.7234899328858981,0.5070232012843287
0.01243896484375,5.92936767578125,4.9267333984374995,0.36375838926174353,0.4402744899040748
2.26604248046875,4.41720947265625,4.9267333984374995,0.6255033557046918,0.4208560590929431
2.26604248046875,5.92936767578125,9.0694580078125,0.8335570469798559,0.5975872088001086
0.01243896484375,4.41720947265625,9.0694580078125,0.36375838926174353,0.3887355478244283
1.64166748046875,4.05624267578125,9.2579833984375,0.5516778523489885,0.44008152246272114
3.13431396484375,4.05624267578125,9.2579833984375,0.9838926174496518,0.5595628864002464
1.64166748046875,7.53908447265625,9.2579833984375,0.6979865771812006,0.6105717787947743
1.64166748046875,4.05624267578125,8.4507080078125,0.5409395973154316,0.42885657025799373
3.13431396484375,7.53908447265625,8.4507080078125,1.1852348993288429,0.6957510874579467
6.63666748046875,9.05124267578125,4.3079833984375,2.358389261744988,0.7638350496511065
8.12931396484375,9.05124267578125,4.3079833984375,2.9127516778524525,0.7915851234806095
6.63666748046875,2.54408447265625,4.3079833984375,1.4805369127516563,0.46192515872805406
6.63666748046875,9.05124267578125,3.5007080078125004,2.2697986577181295,0.7332962464245236
8.12931396484375,2.54408447265625,3.5007080078125004,1.765100671140913,0.46420553962274325
9.13416748046875,1.5587426757812501,6.7829833984375,2.053691275167762,0.48854863965395967
0.63681396484375,1.5587426757812501,6.7829833984375,0.36912751677852196,0.19545536564796206
9.13416748046875,0.04658447265625,6.7829833984375,0.36510067114093814,0.007918902241148247
9.13416748046875,1.5587426757812501,1.0257080078125,0.3986577181208033,0.0767389832625284
0.63681396484375,0.04658447265625,1.0257080078125,0.36375838926174353,0.007522902392746977
4.13916748046875,6.55374267578125,1.8329833984375001,0.9140939597315323,0.41644643683573984
5.63181396484375,6.55374267578125,1.8329833984375001,1.3261744966442766,0.4794844344220235
4.13916748046875,5.0415844726562495,1.8329833984375001,0.7677852348993202,0.3411108991787423
4.13916748046875,6.55374267578125,5.9757080078125,1.4174496644295098,0.6713991130978192
5.63181396484375,5.0415844726562495,5.9757080078125,1.8120805369127242,0.6684485874328783
2.89041748046875,0.30999267578125,3.0704833984375,0.36644295302013274,0.046521462363017865
6.88056396484375,0.30999267578125,3.0704833984375,0.37046979865771656,0.042931463174969875
2.89041748046875,6.29033447265625,3.0704833984375,0.78523489932885,0.4667002396390938
2.89041748046875,0.30999267578125,9.6882080078125,0.37046979865771656,0.05072264435054438
6.88056396484375,6.29033447265625,9.6882080078125,2.50067114093964,0.7872006850714539
7.88541748046875,5.30499267578125,8.0204833984375,2.744966442953099,0.7656906466597806
1.88556396484375,5.30499267578125,8.0204833984375,0.6697986577181139,0.5227091002542634
7.88541748046875,1.2953344726562501,8.0204833984375,1.5691275167785004,0.4176293919471292
7.88541748046875,5.30499267578125,4.7382080078125,2.5449664429530694,0.7061121217054129
1.88556396484375,1.2953344726562501,4.7382080078125,0.375838926174495,0.15685541460395655
5.38791748046875,2.80749267578125,0.5954833984375,0.38523489932885724,0.11356490509602434
9.37806396484375,2.80749267578125,0.5954833984375,0.5154362416107341,0.10719697232192249
5.38791748046875,3.7928344726562497,0.5954833984375,0.3986577181208033,0.1252798695240151
5.38791748046875,2.80749267578125,2.2632080078125,0.7812080536912662,0.2747337519687838
9.37806396484375,3.7928344726562497,2.2632080078125,2.1476510067114,0.5018836276147085
0.39291748046875,7.80249267578125,5.5454833984375,0.3812080536912734,0.4790370830417413
4.38306396484375,7.80249267578125,5.5454833984375,1.5543624161073597,0.7071448285492427
0.39291748046875,8.78783447265625,5.5454833984375,0.38389261744966263,0.5010564421732775
0.39291748046875,7.80249267578125,7.2132080078125,0.38523489932885724,0.4916992183823408
4.38306396484375,8.78783447265625,7.2132080078125,1.6563758389261498,0.7579125952367389
0.54901123046875,0.46608642578125004,8.1751708984375,0.36510067114093814,0.07322697350848725
0.16853271484375001,0.46608642578125004,8.1751708984375,0.36375838926174353,0.07325434273725033
0.54901123046875,2.38799072265625,8.1751708984375,0.37181208053691117,0.26571575630174166
0.54901123046875,0.46608642578125004,5.8210205078124995,0.36375838926174353,0.0717209214477721
0.16853271484375001,2.38799072265625,5.8210205078124995,0.36510067114093814,0.26393902415879117
5.54401123046875,5.46108642578125,3.2251708984375003,1.5436241610738028,0.5707653337469007
5.1635327148437495,5.46108642578125,3.2251708984375003,1.4214765100670936,0.5559558739270931
5.54401123046875,7.38299072265625,3.2251708984375003,1.727516778523464,0.6447398567983182
5.54401123046875,5.46108642578125,0.8710205078125,0.7087248322147575,0.24547096647518635
5.1635327148437495,7.38299072265625,0.8710205078125,0.8281879194630775,0.31146598001369963
8.04151123046875,2.9635864257812496,5.7001708984374995,2.2469798657718174,0.6070650088517933
2.66603271484375,2.9635864257812496,5.7001708984374995,0.6107382550335512,0.3555376419290998
8.04151123046875,9.88049072265625,5.7001708984374995,3.0147651006712595,0.8296227747295769
8.04151123046875,2.9635864257812496,3.3460205078125003,1.8590604026845354,0.4959896494114092
2.66603271484375,9.88049072265625,3.3460205078125003,0.9114093959731431,0.5922835361294432
3.04651123046875,7.95858642578125,0.7501708984375,0.45100671140939297,0.23679554481044132
7.66103271484375,7.95858642578125,0.7501708984375,1.3489932885905849,0.3723426790562799
3.04651123046875,4.88549072265625,0.7501708984375,0.38791946308724645,0.1844695066137103
3.04651123046875,7.95858642578125,8.2960205078125,1.1691275167785076,0.7013657098396964
7.66103271484375,4.88549072265625,8.2960205078125,2.6241610738255643,0.7499593729105198
4.29526123046875,4.21233642578125,4.4626708984375,1.1516778523489777,0.5161454103189248
8.90978271484375,4.21233642578125,4.4626708984375,2.7020134228188644,0.6708811002275508
4.29526123046875,3.63674072265625,4.4626708984375,1.0671140939597175,0.4732187353591347
4.29526123046875,4.21233642578125,7.0585205078125,1.314093959731525,0.5967641521769621
8.90978271484375,3.63674072265625,7.0585205078125,2.8255033557047886,0.7038899127260083
9.29026123046875,9.20733642578125,9.4126708984375,3.5691275167787238,0.8657360120099302
3.9147827148437497,9.20733642578125,9.4126708984375,1.539597315436219,0.7716986861672128
9.29026123046875,8.63174072265625,9.4126708984375,3.543624161074022,0.8592724853202529
9.29026123046875,9.20733642578125,2.1085205078125,2.9033557046980887,0.695648319382749
3.9147827148437497,8.63174072265625,2.1085205078125,1.0657718120805229,0.5176566068874787
6.79276123046875,1.71483642578125,1.9876708984375002,0.5369127516778478,0.1433313537844028
6.41228271484375,1.71483642578125,1.9876708984375002,0.4818791946308689,0.13169405078905153
6.79276123046875,6.13424072265625,1.9876708984375002,1.6859060402684312,0.5237122481734623
6.79276123046875,1.71483642578125,4.5835205078125,1.1932885906040105,0.35527774551565183
6.41228271484375,6.13424072265625,4.5835205078125,2.093959731543607,0.6943413786768822
1.79776123046875,6.7098364257812495,6.9376708984375,0.6832214765100599,0.5583995840475324
1.4172827148437501,6.7098364257812495,6.9376708984375,0.5744966442952968,0.5249817179023111
1.79776123046875,1.13924072265625,6.9376708984375,0.3771812080536896,0.15053945608949731
1.79776123046875,6.7098364257812495,9.5335205078125,0.7234899328858981,0.5976140429236598
1.4172827148437501,1.13924072265625,9.5335205078125,0.3771812080536896,0.1572827263594823
2.42213623046875,3.5879614257812498,1.3689208984375,0.38389261744966263,0.20173777310412722
4.53915771484375,3.5879614257812498,1.3689208984375,0.5060402684563718,0.19328225916368405
2.42213623046875,6.75861572265625,1.3689208984375,0.4536912751677822,0.27847138882647465
2.42213623046875,3.5879614257812498,7.6772705078125,0.689932885906033,0.44692342051350353
4.53915771484375,6.75861572265625,7.6772705078125,1.6295302013422577,0.7218348140716546
7.41713623046875,8.58296142578125,6.3189208984375,2.744966442953099,0.8102640379759734
9.53415771484375,8.58296142578125,6.3189208984375,3.5463087248324117,0.8386804886617216
7.41713623046875,1.76361572265625,6.3189208984375,1.6161073825503116,0.45760886996134764
7.41713623046875,8.58296142578125,2.7272705078125004,2.3798657718121055,0.6960890841570879
9.53415771484375,1.76361572265625,2.7272705078125004,1.4456375838925966,0.3228255071528721
9.91463623046875,1.09046142578125,3.8439208984375,1.2550335570469624,0.2647548624091371
2.04165771484375,1.09046142578125,3.8439208984375,0.37181208053691117,0.13381511736833068
9.91463623046875,4.26111572265625,3.8439208984375,2.9610738255034663,0.6678782368758915
9.91463623046875,1.09046142578125,0.25227050781250004,0.3731543624161058,0.05526086942928751
2.04165771484375,4.26111572265625,0.25227050781250004,0.37181208053691117,0.19454148980198946
4.9196362304687495,6.08546142578125,8.7939208984375,1.7503355704697723,0.726752748140404
7.03665771484375,6.08546142578125,8.7939208984375,2.523489932885952,0.7784880554737861
4.9196362304687495,9.25611572265625,8.7939208984375,1.9033557046979575,0.7960575329513377
4.9196362304687495,6.08546142578125,5.2022705078125,1.6134228187919224,0.6652265298815904
7.03665771484375,9.25611572265625,5.2022705078125,2.5812080536913298,0.7968139555895974
3.6708862304687497,2.33921142578125,5.0814208984375,0.696644295302006,0.32444528930258837
5.78790771484375,2.33921142578125,5.0814208984375,1.2617449664429354,0.4375125243985477
3.6708862304687497,8.00736572265625,5.0814208984375,1.2899328859060222,0.671095488462709
3.6708862304687497,2.33921142578125,8.9147705078125,0.8765100671140833,0.42516124976372105
5.78790771484375,8.00736572265625,8.9147705078125,2.178523489932881,0.7956271386622578
8.66588623046875,7.33421142578125,0.13142089843750002,0.7422818791946226,0.17599422742179172
0.79290771484375,7.33421142578125,0.13142089843750002,0.36778523489932735,0.3145765404395275
8.66588623046875,3.01236572265625,0.13142089843750002,0.38657718120805185,0.0785833902431234
8.66588623046875,7.33421142578125,3.9647705078125,2.9516778523491025,0.7559693513122931
0.79290771484375,3.01236572265625,3.9647705078125,0.3731543624161058,0.2816192166284596
6.16838623046875,4.83671142578125,7.5564208984375,2.0523489932885672,0.7040978829304918
8.28540771484375,4.83671142578125,7.5564208984375,2.8201342281880093,0.752230128160303
6.16838623046875,0.51486572265625,7.5564208984375,0.3946308724832195,0.07611996171113411
6.16838623046875,4.83671142578125,1.4897705078125,1.0899328859060258,0.3575843121636832
8.28540771484375,0.51486572265625,1.4897705078125,0.37181208053691117,0.05211685086312218
1.1733862304687501,9.83171142578125,2.6064208984375004,0.45100671140939297,0.4401368690316979
3.29040771484375,9.83171142578125,2.6064208984375004,1.02416107382549,0.5715737539905618
1.1733862304687501,5.50986572265625,2.6064208984375004,0.38926174496644106,0.3298513614254648
1.1733862304687501,9.83171142578125,6.4397705078125,0.5677852348993238,0.5893259290106339
3.29040771484375,5.50986572265625,6.4397705078125,1.0778523489932743,0.599769096527168
0.8611987304687501,4.52452392578125,6.6282958984375,0.3973154362416087,0.37345598823686477
6.72447021484375,4.52452392578125,6.6282958984375,2.170469798657712,0.6907638812263501
0.8611987304687501,4.57330322265625,6.6282958984375,0.3973154362416087,0.37483051525813377
0.8611987304687501,4.52452392578125,4.2741455078124995,0.38389261744966263,0.34626338936881473
6.72447021484375,4.57330322265625,4.2741455078124995,1.9785234899328554,0.6254595523637518
5.8561987304687495,9.51952392578125,1.6782958984375,1.5852348993288357,0.5614949272394016
1.72947021484375,9.51952392578125,1.6782958984375,0.4738255033557013,0.3740323512575246
5.8561987304687495,9.56830322265625,1.6782958984375,1.5879194630872249,0.5625324988425957
5.8561987304687495,9.51952392578125,9.2241455078125,2.2711409395973243,0.8230306938988654
1.72947021484375,9.56830322265625,9.2241455078125,0.7744966442952932,0.6713702118525124
8.35369873046875,2.0270239257812497,9.1032958984375,2.241610738255038,0.5843022667685733
9.22197021484375,2.0270239257812497,9.1032958984375,2.5342281879195108,0.6070934541299805
8.35369873046875,7.07080322265625,9.1032958984375,3.0939597315437544,0.8234259984266155
8.35369873046875,2.0270239257812497,6.7491455078125,2.0912751677852173,0.5420941390219296
9.22197021484375,7.07080322265625,6.7491455078125,3.3503355704699667,0.8154664919973413
3.35869873046875,7.02202392578125,4.1532958984374995,1.075167785234885,0.5902859660569806
4.22697021484375,7.02202392578125,4.1532958984374995,1.3637583892617255,0.632644832506766
3.35869873046875,2.07580322265625,4.1532958984374995,0.4926174496644258,0.22294936668908383
3.35869873046875,7.02202392578125,1.7991455078125,0.7449664429530118,0.39298774194296016
4.22697021484375,2.07580322265625,1.7991455078125,0.3932885906040249,0.1379839007505506
4.60744873046875,0.77827392578125,0.4407958984375,0.36778523489932735,0.0706422155323518
2.9782202148437498,0.77827392578125,0.4407958984375,0.36644295302013274,0.0803194224547184
4.60744873046875,0.82705322265625,0.4407958984375,0.36778523489932735,0.07296067844600039
4.60744873046875,0.77827392578125,3.0366455078125,0.3771812080536896,0.08976627760985958
2.9782202148437498,0.82705322265625,3.0366455078125,0.37181208053691117,0.10186999207181115
9.60244873046875,5.7732739257812495,5.3907958984375,3.291275167785394,0.7700075536019024
7.97322021484375,5.7732739257812495,5.3907958984375,2.6912751677853057,0.7416569541345324
9.60244873046875,5.82205322265625,5.3907958984375,3.2966442953021735,0.7713333617831672
9.60244873046875,5.7732739257812495,7.9866455078125,3.4308724832216564,0.804991249621081
7.97322021484375,5.82205322265625,7.9866455078125,2.8268456375839834,0.7817683372226405
7.10494873046875,3.27577392578125,2.9157958984375,1.5543624161073597,0.4590803181273774
0.48072021484375,3.27577392578125,2.9157958984375,0.36778523489932735,0.2978187561314787
7.10494873046875,8.31955322265625,2.9157958984375,2.289932885906052,0.6953027968285278
7.10494873046875,3.27577392578125,5.5116455078125,1.9959731543623853,0.5998327628592842
0.48072021484375,8.31955322265625,5.5116455078125,0.38926174496644106,0.48689485003512156
2.1099487304687496,8.27077392578125,7.8657958984375,0.8510067114093858,0.6495679845352934
5.47572021484375,8.27077392578125,7.8657958984375,2.0523489932885672,0.7845208813068637
2.1099487304687496,3.3245532226562498,7.8657958984375,0.5865771812080482,0.3999339600359601
2.1099487304687496,8.27077392578125,0.5616455078125,0.38791946308724645,0.2447391801390682
5.47572021484375,3.3245532226562498,0.5616455078125,0.39060402684563567,0.1177623720043921
1.48557373046875,1.40264892578125,3.5345458984375,0.37046979865771656,0.16318299939031128
8.59759521484375,1.40264892578125,3.5345458984375,1.1973154362415943,0.2878122490130184
1.48557373046875,8.94392822265625,3.5345458984375,0.5516778523489885,0.4938201364561366
1.48557373046875,1.40264892578125,2.4178955078125,0.36912751677852196,0.15700807950036086
8.59759521484375,8.94392822265625,2.4178955078125,2.744966442953099,0.7053077135138514
6.48057373046875,6.39764892578125,8.4845458984375,2.3342281879194813,0.7727284968380292
3.60259521484375,6.39764892578125,8.4845458984375,1.2953020134228006,0.6837869418656559
6.48057373046875,3.94892822265625,8.4845458984375,2.0805369127516586,0.6829270964962628
6.48057373046875,6.39764892578125,7.3678955078124995,2.3020134228188054,0.7612108908284663
3.60259521484375,3.94892822265625,7.3678955078124995,1.0697986577181067,0.5495771023646713
8.97807373046875,3.90014892578125,1.0595458984375001,1.2402684563758217,0.2930559975445488
6.1000952148437495,3.90014892578125,1.0595458984375001,0.6751677852348923,0.21254364793685224
8.97807373046875,1.45142822265625,1.0595458984375001,0.3946308724832195,0.07570468063627898
8.97807373046875,3.90014892578125,9.8428955078125,3.0134228187920646,0.7485956557246392
6.1000952148437495,1.45142822265625,9.8428955078125,1.26308724832213,0.4146981931686256
3.98307373046875,8.89514892578125,6.0095458984375,1.4791946308724617,0.727749033728631
1.10509521484375,8.89514892578125,6.0095458984375,0.5248322147650963,0.548471776562763
3.98307373046875,6.44642822265625,6.0095458984375,1.3570469798657525,0.6614508571504129
3.98307373046875,8.89514892578125,4.8928955078125,1.4295302013422613,0.7011951389478642
1.10509521484375,6.44642822265625,4.8928955078125,0.44832214765100376,0.43302743245348463
2.7343237304687498,2.65139892578125,9.7220458984375,0.7006711409395898,0.4102926917793736
2.3538452148437496,2.65139892578125,9.7220458984375,0.6040268456375781,0.3787196192002527
2.7343237304687498,5.19767822265625,9.7220458984375,0.9530201342281759,0.6036205144549003
2.7343237304687498,2.65139892578125,1.1803955078125001,0.3771812080536896,0.1681324694320492
2.3538452148437496,5.19767822265625,1.1803955078125001,0.3919463087248303,0.22584628355775976
7.72932373046875,7.64639892578125,4.7720458984375,2.7154362416108127,0.7705741854194463
7.34884521484375,7.64639892578125,4.7720458984375,2.5744966442953556,0.7632407075110172
7.72932373046875,0.20267822265625002,4.7720458984375,0.37046979865771656,0.031237947142429976
7.72932373046875,7.64639892578125,6.1303955078125,2.800000000000087,0.7963384823420718
7.34884521484375,0.20267822265625002,6.1303955078125,0.37181208053691117,0.03221117682763934
5.23182373046875,0.15389892578125,7.2470458984374995,0.36778523489932735,0.025467992185762168
4.85134521484375,0.15389892578125,7.2470458984374995,0.36778523489932735,0.025544361259284706
5.23182373046875,2.7001782226562496,7.2470458984374995,1.3651006711409202,0.5222743721984668
5.23182373046875,0.15389892578125,8.6053955078125,0.36912751677852196,0.025872287283170616
4.85134521484375,2.7001782226562496,8.6053955078125,1.3033557046979682,0.5299943713306522
0.23682373046875002,5.14889892578125,2.2970458984375,0.36644295302013274,0.3845776259557107
9.84634521484375,5.14889892578125,2.2970458984375,2.6469798657718764,0.5975718529590713
0.23682373046875002,7.69517822265625,2.2970458984375,0.36778523489932735,0.45556670089324586
0.23682373046875002,5.14889892578125,3.6553955078125,0.36778523489932735,0.3956785156427223
9.84634521484375,7.69517822265625,3.6553955078125,3.3758389261746684,0.7716165336393759
0.31487060546875,1.63678955078125,7.1697021484375,0.36644295302013274,0.20487364446255335
3.68064208984375,1.63678955078125,7.1697021484375,0.6134228187919404,0.2696382225472835
0.31487060546875,7.46103759765625,7.1697021484375,0.3785234899328842,0.4842201909433032
0.31487060546875,1.63678955078125,0.6389892578125,0.36375838926174353,0.18229384695930803
3.68064208984375,7.46103759765625,0.6389892578125,0.47114093959731207,0.21599989559398375
5.30987060546875,6.63178955078125,2.2197021484375004,1.3664429530201148,0.5210904478028123
8.67564208984375,6.63178955078125,2.2197021484375004,2.460402684563795,0.623339508518606
5.30987060546875,2.46603759765625,2.2197021484375004,0.6550335570469732,0.22619010518396487
5.30987060546875,6.63178955078125,5.5889892578125,1.816107382550308,0.7066810622745754
8.67564208984375,2.46603759765625,5.5889892578125,2.2765100671141036,0.5732118345914529
7.80737060546875,4.13428955078125,9.6447021484375,2.618791946308785,0.7354072593730839
1.1831420898437501,4.13428955078125,9.6447021484375,0.4536912751677822,0.4021473140199975
7.80737060546875,4.9635375976562495,9.6447021484375,2.7248322147651765,0.7670575146598699
7.80737060546875,4.13428955078125,8.0639892578125,2.5677852348993815,0.7199739324070398
1.1831420898437501,4.9635375976562495,8.0639892578125,0.47114093959731207,0.4353300038589828
2.81237060546875,9.12928955078125,4.6947021484375,1.0228187919462954,0.6451496540839754
6.17814208984375,9.12928955078125,4.6947021484375,2.2228187919463105,0.765739604598815
2.81237060546875,9.95853759765625,4.6947021484375,1.0496644295301876,0.6645947286742809
2.81237060546875,9.12928955078125,3.1139892578125004,0.9087248322147539,0.5659963637273058
6.17814208984375,9.95853759765625,3.1139892578125004,2.0979865771811914,0.7199343603140462
4.06112060546875,2.88553955078125,0.9822021484375,0.38657718120805185,0.14180444489773666
7.42689208984375,2.88553955078125,0.9822021484375,0.5932885906040213,0.15379900751272177
4.06112060546875,8.70978759765625,0.9822021484375,0.7476510067114011,0.340726337219826
4.06112060546875,2.88553955078125,1.8764892578125,0.457718120805366,0.18332422674546606
7.42689208984375,8.70978759765625,1.8764892578125,2.116778523489919,0.6147333191978968
9.05612060546875,7.88053955078125,5.9322021484375,3.3046979865773425,0.8174685178975023
2.4318920898437497,7.88053955078125,5.9322021484375,0.9006711409395862,0.6237816820870921
9.05612060546875,3.7147875976562497,5.9322021484375,2.813422818792035,0.6898053846573244
9.05612060546875,7.88053955078125,6.8264892578125,3.3449664429531873,0.8281564820085032
2.4318920898437497,3.7147875976562497,6.8264892578125,0.6818791946308653,0.4401690259894987
6.55862060546875,0.38803955078125,3.4572021484375,0.3731543624161058,0.05235047564741406
9.92439208984375,0.38803955078125,3.4572021484375,0.3812080536912734,0.04804664051541529
6.55862060546875,1.21728759765625,3.4572021484375,0.5879194630872429,0.15984145008291117
6.55862060546875,0.38803955078125,9.3014892578125,0.38926174496644106,0.06166605932688003
9.92439208984375,1.21728759765625,9.3014892578125,2.194630872483219,0.4849875762485454
1.56362060546875,5.38303955078125,8.4072021484375,0.5892617449664375,0.5037148823775071
4.92939208984375,5.38303955078125,8.4072021484375,1.6912751677852096,0.6987640750352827
1.56362060546875,6.21228759765625,8.4072021484375,0.621476510067108,0.5427549815982747
1.56362060546875,5.38303955078125,4.3514892578125,0.49127516778523117,0.3995526166178364
4.92939208984375,6.21228759765625,4.3514892578125,1.5610738255033327,0.6408624171531258
2.1879956054687497,4.7586645507812495,2.8384521484375003,0.4926174496644258,0.32256688888495594
1.80751708984375,4.7586645507812495,2.8384521484375003,0.42818791946308465,0.3020984091423569
2.1879956054687497,1.84166259765625,2.8384521484375003,0.3785234899328842,0.17606165837291682
2.1879956054687497,4.7586645507812495,3.7327392578125003,0.5637583892617399,0.38146387560703293
1.80751708984375,1.84166259765625,3.7327392578125003,0.3785234899328842,0.190901976359017
7.18299560546875,9.75366455078125,7.7884521484375,2.753020134228268,0.8375135975190398
6.80251708984375,9.75366455078125,7.7884521484375,2.609395973154421,0.8320097631592518
7.18299560546875,6.83666259765625,7.7884521484375,2.6053691275168367,0.7900488890100175
7.18299560546875,9.75366455078125,8.6827392578125,2.7718120805369955,0.8436555827962053
6.80251708984375,6.83666259765625,8.6827392578125,2.4872483221476918,0.7908748861652285
9.68049560546875,2.26116455078125,0.36345214843750007,0.39060402684563567,0.0722900458149034
4.30501708984375,2.26116455078125,0.36345214843750007,0.3731543624161058,0.11396977608316432
9.68049560546875,9.33416259765625,0.36345214843750007,1.4738255033556833,0.33059098897812933
9.68049560546875,2.26116455078125,6.2077392578124995,2.5919463087248884,0.5935934509916794
4.30501708984375,9.33416259765625,6.2077392578124995,1.6187919463087008,0.7509472710858498
4.68549560546875,7.25616455078125,5.3134521484374995,1.6187919463087008,0.6971930812529633
9.30001708984375,7.25616455078125,5.3134521484374995,3.3140939597317063,0.7994227495687865
4.68549560546875,4.33916259765625,5.3134521484374995,1.3637583892617255,0.5770025462008864
4.68549560546875,7.25616455078125,1.2577392578125002,0.9060402684563647,0.3727884007484856
9.30001708984375,4.33916259765625,1.2577392578125002,1.6134228187919224,0.3750217434032049
3.43674560546875,1.01241455078125,9.0259521484375,0.40939597315436016,0.14296889210752056
8.05126708984375,1.01241455078125,9.0259521484375,1.3973154362415907,0.3592803683007235
3.43674560546875,3.09041259765625,9.0259521484375,0.9530201342281759,0.49809817051596933
3.43674560546875,1.01241455078125,4.9702392578125,0.38523489932885724,0.12369886860039504
8.05126708984375,3.09041259765625,4.9702392578125,2.2053691275167777,0.5943697511301858
8.43174560546875,6.00741455078125,4.0759521484375,2.7489932885906834,0.7195341622585534
3.05626708984375,6.00741455078125,4.0759521484375,0.9100671140939485,0.5272332010867053
8.43174560546875,8.08541259765625,4.0759521484375,2.9382550335571542,0.7719787869995492
8.43174560546875,6.00741455078125,9.9202392578125,3.0630872483222733,0.8078293094733107
3.05626708984375,8.08541259765625,9.9202392578125,1.1999999999999835,0.7202486376450651
5.93424560546875,3.5099145507812497,6.5509521484375,1.7302013422818532,0.6059904243091125
5.55376708984375,3.5099145507812497,6.5509521484375,1.6026845637583655,0.5917941294713958
5.93424560546875,5.58791259765625,6.5509521484375,2.0040268456375534,0.7108315960939152
5.93424560546875,3.5099145507812497,7.4452392578125,1.7771812080536644,0.6238748846011188
5.55376708984375,5.58791259765625,7.4452392578125,1.9020134228187628,0.7134817123349182
0.93924560546875,8.50491455078125,1.6009521484375002,0.382550335570468,0.3723773639767367
0.55876708984375,8.50491455078125,1.6009521484375002,0.3731543624161058,0.4164498809107777
0.93924560546875,0.59291259765625,1.6009521484375002,0.36375838926174353,0.0820160461208935
0.93924560546875,8.50491455078125,2.4952392578125,0.3973154362416087,0.4029337366600064
0.55876708984375,0.59291259765625,2.4952392578125,0.36375838926174353,0.08531190485781956
1.25143310546875,3.19772705078125,8.097827148437501,0.4120805369127494,0.32021258817201315
9.61220458984375,3.19772705078125,8.097827148437501,3.0322147651007922,0.7061756756449213
1.25143310546875,9.64635009765625,8.097827148437501,0.6107382550335512,0.6205419250310952
1.25143310546875,3.19772705078125,9.6108642578125,0.4214765100671116,0.33322793063153217
9.61220458984375,9.64635009765625,9.6108642578125,3.7140939597317653,0.874004119282511
6.24643310546875,8.192727050781249,3.1478271484375,2.0201342281878913,0.6845904201240117
4.61720458984375,8.192727050781249,3.1478271484375,1.4550335570469588,0.6298270635122932
6.24643310546875,4.65135009765625,3.1478271484375,1.6429530201342037,0.5482577819202361
6.24643310546875,8.192727050781249,4.6608642578124995,2.194630872483219,0.7478428885557922
4.61720458984375,4.65135009765625,4.6608642578124995,1.3275167785234712,0.5678224780532545
8.74393310546875,0.70022705078125,5.6228271484375,0.7422818791946226,0.15934914909976683
7.1147045898437495,0.70022705078125,5.6228271484375,0.44966442953019836,0.09828137521677065
8.74393310546875,2.15385009765625,5.6228271484375,2.162416107382543,0.5384594090627609
8.74393310546875,0.70022705078125,2.1858642578125003,0.38389261744966263,0.06430937031965805
7.1147045898437495,2.15385009765625,2.1858642578125003,0.8885906040268348,0.24814065641337757
3.74893310546875,5.6952270507812495,0.6728271484375,0.40939597315436016,0.1764426933634895
2.11970458984375,5.6952270507812495,0.6728271484375,0.3812080536912734,0.2249747999927804
3.74893310546875,7.14885009765625,0.6728271484375,0.4765100671140905,0.21550273226664354
3.74893310546875,5.6952270507812495,7.1358642578125,1.2684563758389085,0.6456739835383887
2.11970458984375,7.14885009765625,7.1358642578125,0.8040268456375745,0.6043924526367401
4.99768310546875,1.94897705078125,4.3853271484375,0.8241610738254936,0.30599439516940685
0.8709545898437501,1.94897705078125,4.3853271484375,0.37046979865771656,0.21742712108633175
4.99768310546875,5.90010009765625,4.3853271484375,1.5597315436241381,0.6324717475710614
4.99768310546875,1.94897705078125,8.3733642578125,1.1208053691275017,0.4339330852016523
0.8709545898437501,5.90010009765625,8.3733642578125,0.4362416107382523,0.4578349669810904
9.99268310546875,6.94397705078125,9.3353271484375,3.7127516778525704,0.8422339826779923
5.86595458984375,6.94397705078125,9.3353271484375,2.1597315436241535,0.7788079902676814
9.99268310546875,0.90510009765625,9.3353271484375,1.8134228187919188,0.3912538340116867
9.99268310546875,6.94397705078125,3.4233642578125,3.315436241610901,0.7465166566296227
5.86595458984375,0.90510009765625,3.4233642578125,0.3932885906040249,0.09464069163004116
7.49518310546875,4.44647705078125,1.9103271484375002,1.5785234899328626,0.446028263525704
3.3684545898437497,4.44647705078125,1.9103271484375002,0.5610738255033507,0.2779705955858187
7.49518310546875,3.40260009765625,1.9103271484375002,1.3167785234899143,0.36676927563791467
7.49518310546875,4.44647705078125,0.9483642578125,0.9677852348993166,0.2647577866244745
3.3684545898437497,3.40260009765625,0.9483642578125,0.38523489932885724,0.16283567083890277
2.50018310546875,9.44147705078125,6.8603271484374995,0.9973154362415979,0.6870267365810592
8.36345458984375,9.44147705078125,6.8603271484374995,3.1637583892618855,0.8416607809516573
2.50018310546875,8.39760009765625,6.8603271484374995,0.966442953020122,0.6621331800409078
2.50018310546875,9.44147705078125,5.8983642578125,0.973154362416095,0.6684017720346382
8.36345458984375,8.39760009765625,5.8983642578125,3.072483221476637,0.8159219286940305
1.87580810546875,0.07585205078125,2.5290771484375,0.36375838926174353,0.012390848619416986
5.24157958984375,0.07585205078125,2.5290771484375,0.36375838926174353,0.01214708321627459
1.87580810546875,4.0269750976562495,2.5290771484375,0.3986577181208033,0.2596356208447029
1.87580810546875,0.07585205078125,6.5171142578125,0.36375838926174353,0.01286523065440827
5.24157958984375,4.0269750976562495,6.5171142578125,1.5798657718120572,0.6138096010975871
6.8708081054687495,5.07085205078125,7.4790771484375,2.328859060402702,0.7303511731495302
0.24657958984375,5.07085205078125,7.4790771484375,0.37046979865771656,0.4093484314153818
6.8708081054687495,9.02197509765625,7.4790771484375,2.5986577181208625,0.8207618136784578
6.8708081054687495,5.07085205078125,1.5671142578125001,1.3489932885905849,0.40871783336955
0.24657958984375,9.02197509765625,1.5671142578125001,0.36778523489932735,0.4699702480780138
9.36830810546875,2.5733520507812497,5.0040771484375,2.4724832214765486,0.5822854206146766
7.73907958984375,2.5733520507812497,5.0040771484375,1.9369127516778226,0.5363925623900435
9.36830810546875,6.52447509765625,5.0040771484375,3.2510067114095493,0.777936154046714
9.36830810546875,2.5733520507812497,4.0421142578125,2.296644295302026,0.5383784276546897
7.73907958984375,6.52447509765625,4.0421142578125,2.548993288590654,0.7196379974562767
4.37330810546875,7.56835205078125,9.9540771484375,1.6536912751677606,0.7579727344520334
2.74407958984375,7.56835205078125,9.9540771484375,1.0724832214764959,0.6918588742263139
4.37330810546875,1.5294750976562501,9.9540771484375,0.8375838926174397,0.34356991393194036
4.37330810546875,7.56835205078125,8.9921142578125,1.63892617449662,0.7505722021836576
2.74407958984375,1.5294750976562501,8.9921142578125,0.44832214765100376,0.21139442854315893
3.1245581054687497,3.82210205078125,6.2415771484375,0.8657718120805264,0.48394791315548447
3.99282958984375,3.82210205078125,6.2415771484375,1.130201342281864,0.5364625448073739
3.1245581054687497,0.28072509765625003,6.2415771484375,0.36778523489932735,0.044614157880488704
3.1245581054687497,3.82210205078125,5.2796142578125,0.8174496644295206,0.45305040435182065
3.99282958984375,0.28072509765625003,5.2796142578125,0.36912751677852196,0.04384313717708911
8.11955810546875,8.81710205078125,1.2915771484375,2.021476510067086,0.5400485713932384
8.98782958984375,8.81710205078125,1.2915771484375,2.2912751677852468,0.5604932147304351
8.11955810546875,5.27572509765625,1.2915771484375,1.5436241610738028,0.40581227099987055
8.11955810546875,8.81710205078125,0.3296142578125,1.0657718120805229,0.2755531072538014
8.98782958984375,5.27572509765625,0.3296142578125,0.7624161073825417,0.17459606787772702
5.62205810546875,1.32460205078125,8.7165771484375,1.004026845637571,0.3422990149171854
1.49532958984375,1.32460205078125,8.7165771484375,0.3798657718120788,0.17475422724728906
5.62205810546875,7.77322509765625,8.7165771484375,2.102013422818776,0.7860700414951935
5.62205810546875,1.32460205078125,2.8046142578125,0.413422818791944,0.11537091275064282
1.49532958984375,7.77322509765625,2.8046142578125,0.4818791946308689,0.41198477617055435
0.6270581054687501,6.31960205078125,3.7665771484375004,0.3812080536912734,0.40679200742668503
6.49032958984375,6.31960205078125,3.7665771484375004,2.045637583892593,0.6698023605182725
0.6270581054687501,2.7782250976562497,3.7665771484375004,0.36912751677852196,0.2718155827790158
0.6270581054687501,6.31960205078125,7.7546142578125,0.4013422818791925,0.4535781480211807
6.49032958984375,2.7782250976562497,7.7546142578125,1.8187919463086972,0.5893183988593229
0.47096435546875004,4.29038330078125,0.2087646484375,0.36510067114093814,0.29305347411723576
8.20736083984375,4.29038330078125,0.2087646484375,0.413422818791944,0.09431405668748342
0.47096435546875004,6.05619384765625,0.2087646484375,0.36644295302013274,0.3384797163258691
0.47096435546875004,4.29038330078125,8.8374267578125,0.3798657718120788,0.3801982077401096
8.20736083984375,6.05619384765625,8.8374267578125,2.9583892617450767,0.7985164442753714
5.46596435546875,9.28538330078125,5.1587646484375,1.99731543624158,0.7629440441964175
3.21236083984375,9.28538330078125,5.1587646484375,1.1865771812080375,0.683979410062119
5.46596435546875,1.0611938476562501,5.1587646484375,0.5208053691275125,0.1553870235371134
5.46596435546875,9.28538330078125,3.8874267578125004,1.9033557046979575,0.7244963726130462
3.21236083984375,1.0611938476562501,3.8874267578125004,0.3798657718120788,0.12352824352182705
7.96346435546875,1.7928833007812501,2.6837646484375,1.068456375838912,0.2738589472047209
5.70986083984375,1.7928833007812501,2.6837646484375,0.6040268456375781,0.19029658307975633
7.96346435546875,3.55869384765625,2.6837646484375,1.8187919463086972,0.4895659809459729
7.96346435546875,1.7928833007812501,1.4124267578125,0.49127516778523117,0.1135887100376451
5.70986083984375,3.55869384765625,1.4124267578125,0.7140939597315359,0.2386026339223362
2.96846435546875,6.78788330078125,7.6337646484375,1.079194630872469,0.654006115548803
0.71486083984375,6.78788330078125,7.6337646484375,0.4174496644295278,0.47151116873675836
2.96846435546875,8.55369384765625,7.6337646484375,1.150335570469783,0.7037526283649113
2.96846435546875,6.78788330078125,6.3624267578125,1.0456375838926038,0.631263542042463
0.71486083984375,8.55369384765625,6.3624267578125,0.43087248322147387,0.5108811652039773
4.21721435546875,0.54413330078125,6.3962646484375,0.3785234899328842,0.07894883019170522
1.96361083984375,0.54413330078125,6.3962646484375,0.36912751677852196,0.0815807664962121
4.21721435546875,9.80244384765625,6.3962646484375,1.6093959731543386,0.7596903094359928
4.21721435546875,0.54413330078125,7.5999267578125,0.3812080536912734,0.08102203758545523
1.96361083984375,9.80244384765625,7.5999267578125,0.8375838926174397,0.6735625117885105
9.21221435546875,5.53913330078125,1.4462646484375001,2.014765100671112,0.4781822946829453
6.95861083984375,5.53913330078125,1.4462646484375001,1.3812080536912554,0.41475908778521164
9.21221435546875,4.80744384765625,1.4462646484375001,1.86040268456373,0.43956841487304543
9.21221435546875,5.53913330078125,2.6499267578125,2.6442953020134867,0.6354779442141316
6.95861083984375,4.80744384765625,2.6499267578125,1.7704697986576914,0.5388658394406386
6.71471435546875,3.0416333007812497,8.8712646484375,2.006711409395943,0.6356074815892094
4.46111083984375,3.0416333007812497,8.8712646484375,1.2577181208053516,0.548453894514887
6.71471435546875,2.3099438476562497,8.8712646484375,1.802684563758362,0.5654690652520599
6.71471435546875,3.0416333007812497,0.1749267578125,0.382550335570468,0.09339589530715098
4.46111083984375,2.3099438476562497,0.1749267578125,0.37181208053691117,0.1080808913834116
1.71971435546875,8.03663330078125,3.9212646484375004,0.608053691275162,0.5042412585518837
9.45611083984375,8.03663330078125,3.9212646484375004,3.2979865771813683,0.7824375814832032
1.71971435546875,7.30494384765625,3.9212646484375004,0.583892617449659,0.4780456725319038
1.71971435546875,8.03663330078125,5.1249267578125,0.6577181208053624,0.5534510278622284
9.45611083984375,7.30494384765625,5.1249267578125,3.36241610738272,0.7989431341114744
2.34408935546875,2.41725830078125,9.4900146484375,0.5637583892617399,0.344227125596901
6.33423583984375,2.41725830078125,9.4900146484375,1.7355704697986316,0.5724077866443387
2.34408935546875,0.43681884765625,9.4900146484375,0.37046979865771656,0.06903534777859749
2.34408935546875,2.41725830078125,6.9811767578124995,0.5060402684563718,0.2982107964577916
6.33423583984375,0.43681884765625,6.9811767578124995,0.38523489932885724,0.06480550420795264
7.33908935546875,7.41225830078125,4.5400146484374995,2.5342281879195108,0.7514497718553717
1.33923583984375,7.41225830078125,4.5400146484374995,0.5167785234899287,0.47807619258901046
7.33908935546875,5.43181884765625,4.5400146484374995,2.34496644295304,0.6919069919217642
7.33908935546875,7.41225830078125,2.0311767578125,2.0281879194630603,0.5938456688518359
1.33923583984375,5.43181884765625,2.0311767578125,0.38657718120805185,0.30396551890251705
9.83658935546875,4.91475830078125,7.0150146484375,3.3771812080538632,0.7737253923703697
8.83173583984375,4.91475830078125,7.0150146484375,3.0053691275168957,0.7576425586374245
9.83658935546875,7.92931884765625,7.0150146484375,3.6510067114096083,0.8396304811615671
9.83658935546875,4.91475830078125,4.5061767578125,3.166442953020275,0.7223318226528613
8.83173583984375,7.92931884765625,4.5061767578125,3.1221476510068458,0.7880220150461477
4.8415893554687495,9.90975830078125,2.0650146484375003,1.413422818791926,0.5869611710375126
3.8367358398437497,9.90975830078125,2.0650146484375003,1.0979865771811934,0.5444589163135061
4.8415893554687495,2.93431884765625,2.0650146484375003,0.645637583892611,0.2417876496638976
4.8415893554687495,9.90975830078125,9.4561767578125,1.9060402684563467,0.8086459371960236
3.8367358398437497,2.93431884765625,9.4561767578125,1.0590604026845498,0.5130410331807042
3.5928393554687497,3.66600830078125,3.3025146484375,0.7463087248322064,0.36561906368138053
2.58798583984375,3.66600830078125,3.3025146484375,0.5221476510067071,0.3038048361214736
3.5928393554687497,4.18306884765625,3.3025146484375,0.816107382550326,0.40674516771697666
3.5928393554687497,3.66600830078125,5.7436767578125,0.9597315436241489,0.48662472717183725
2.58798583984375,4.18306884765625,5.7436767578125,0.7288590604026766,0.4582783950773265
8.58783935546875,8.66100830078125,8.2525146484375,3.252348993288744,0.845465415329788
7.58298583984375,8.66100830078125,8.2525146484375,2.871140939597413,0.8327103088332115
8.58783935546875,9.17806884765625,8.2525146484375,3.276510067114251,0.8520346334932051
8.58783935546875,8.66100830078125,0.7936767578125,1.7006711409395718,0.4283378699107484
7.58298583984375,9.17806884765625,0.7936767578125,1.4926174496644078,0.4184385894600247
6.09033935546875,1.16850830078125,0.8275146484375,0.3744966442953004,0.08171123932500383
0.09048583984375,1.16850830078125,0.8275146484375,0.36375838926174353,0.14806001355173634
6.09033935546875,6.68056884765625,0.8275146484375,0.9248322147650891,0.30433437245295125
6.09033935546875,1.16850830078125,3.2686767578125,0.4402684563758361,0.11678821763885927
0.09048583984375,6.68056884765625,3.2686767578125,0.36510067114093814,0.45214987271435575
1.09533935546875,6.16350830078125,5.7775146484375,0.457718120805366,0.4451897394550097
5.0854858398437495,6.16350830078125,5.7775146484375,1.7114093959731287,0.6886576047060857
1.09533935546875,1.68556884765625,5.7775146484375,0.3731543624161058,0.1999329294079284
1.09533935546875,6.16350830078125,8.2186767578125,0.49127516778523117,0.49055726800592986
5.0854858398437495,1.68556884765625,8.2186767578125,1.030872483221463,0.38739127140193824
0.78315185546875,0.8563208007812501,4.8493896484375,0.36644295302013274,0.11990407800654083
4.77329833984375,0.8563208007812501,4.8493896484375,0.3919463087248303,0.10410089992264657
0.78315185546875,8.24150634765625,4.8493896484375,0.420134228187917,0.47300926811433563
0.78315185546875,0.8563208007812501,1.1030517578125,0.36375838926174353,0.10940203011597786
4.77329833984375,8.24150634765625,1.1030517578125,0.9315436241610622,0.3790295254095942
5.77815185546875,5.85132080078125,9.7993896484375,2.0644295302013207,0.7521472626854289
9.76829833984375,5.85132080078125,9.7993896484375,3.550335570469996,0.8212851715983378
5.77815185546875,3.2465063476562497,9.7993896484375,1.7570469798657453,0.6311925520761854
5.77815185546875,5.85132080078125,6.0530517578125,1.9463087248321849,0.7056895408293534
9.76829833984375,3.2465063476562497,6.0530517578125,2.962416107382661,0.678149516455554
8.27565185546875,3.35382080078125,2.3743896484375,1.7315436241610478,0.44849454871383976
2.27579833984375,3.35382080078125,2.3743896484375,0.3959731543624141,0.22356642077437539
8.27565185546875,0.7490063476562501,2.3743896484375,0.38657718120805185,0.06926281264518175
8.27565185546875,3.35382080078125,8.5280517578125,2.609395973154421,0.6936251710593425
2.27579833984375,0.7490063476562501,8.5280517578125,0.3771812080536896,0.11001493590432776
3.28065185546875,8.34882080078125,7.3243896484375,1.2456375838926002,0.7087749051784733
7.27079833984375,8.34882080078125,7.3243896484375,2.712751677852423,0.8153023843082967
3.28065185546875,5.74400634765625,7.3243896484375,1.1194630872483071,0.6274605369856308
3.28065185546875,8.34882080078125,3.5780517578125,1.0697986577181067,0.5996185876142068
7.27079833984375,5.74400634765625,3.5780517578125,2.2255033557047,0.660175693629728
4.52940185546875,4.60257080078125,8.5618896484375,1.4845637583892402,0.652339184288153
6.02204833984375,4.60257080078125,8.5618896484375,2.006711409395943,0.7024879497760443
4.52940185546875,6.9927563476562495,8.5618896484375,1.659060402684539,0.737576356243335
4.52940185546875,4.60257080078125,2.3405517578125004,0.942281879194619,0.39674181700929767
6.02204833984375,6.9927563476562495,2.3405517578125004,1.6617449664429282,0.5747540142201697
9.52440185546875,9.59757080078125,3.6118896484375003,3.387919463087422,0.7992995555032227
1.02704833984375,9.59757080078125,3.6118896484375003,0.4590604026845606,0.4815106791258378
9.52440185546875,1.99775634765625,3.6118896484375003,1.928859060402655,0.4399583493615917
9.52440185546875,9.59757080078125,7.2905517578125,3.628187919463296,0.8599804401961525
1.02704833984375,1.99775634765625,7.2905517578125,0.3771812080536896,0.23071178068474477
7.02690185546875,2.1050708007812498,6.0868896484374995,1.645637583892593,0.49101764990831476
8.51954833984375,2.1050708007812498,6.0868896484374995,2.1194630872483087,0.5399667910721555
7.02690185546875,4.49525634765625,6.0868896484374995,2.241610738255038,0.6865709038261267
7.02690185546875,2.1050708007812498,9.7655517578125,1.8644295302013139,0.5624438727179705
8.51954833984375,4.49525634765625,9.7655517578125,2.932885906040375,0.7642172538704892
2.03190185546875,7.10007080078125,1.1368896484375002,0.4013422818791925,0.26534892429079365
3.52454833984375,7.10007080078125,1.1368896484375002,0.6026845637583835,0.2975363507117527
2.03190185546875,9.49025634765625,1.1368896484375002,0.44832214765100376,0.3143580339132884
2.03190185546875,7.10007080078125,4.8155517578125,0.7046979865771736,0.5342335752521319
3.52454833984375,9.49025634765625,4.8155517578125,1.2859060402684384,0.6925068032537836
1.4075268554687501,2.72944580078125,5.4681396484375,0.3919463087248303,0.26512901737858574
0.40267333984375003,2.72944580078125,5.4681396484375,0.36778523489932735,0.28196005190245166
1.4075268554687501,2.62213134765625,5.4681396484375,0.38926174496644106,0.25818312107487035
1.4075268554687501,2.72944580078125,2.9593017578125003,0.3771812080536896,0.2379777752087806
0.40267333984375003,2.62213134765625,2.9593017578125003,0.36644295302013274,0.2649868930936463
6.40252685546875,7.7244458007812495,0.5181396484375,0.8483221476509966,0.2658980680508264
5.39767333984375,7.7244458007812495,0.5181396484375,0.6765100671140869,0.240169851665972
6.40252685546875,7.61713134765625,0.5181396484375,0.8389261744966343,0.26264645947371584
6.40252685546875,7.7244458007812495,7.9093017578125,2.3718120805369365,0.7947251250781653
5.39767333984375,7.61713134765625,7.9093017578125,1.993288590603996,0.7701269500547896
8.90002685546875,0.23194580078125002,7.9431396484375,0.3798657718120788,0.037361657734935744
2.9001733398437497,0.23194580078125002,7.9431396484375,0.36778523489932735,0.038131085037393125
8.90002685546875,5.11963134765625,7.9431396484375,3.096644295302144,0.7764476494102264
8.90002685546875,0.23194580078125002,5.4343017578124995,0.3744966442953004,0.03531041102512508
2.9001733398437497,5.11963134765625,5.4343017578124995,0.8832214765100563,0.5287980638572515
3.90502685546875,5.22694580078125,2.9931396484375004,0.9744966442952896,0.46644339608445495
7.89517333984375,5.22694580078125,2.9931396484375004,2.2442953020134278,0.6172315135359803
3.90502685546875,0.12463134765625,2.9931396484375004,0.36510067114093814,0.019911308490402853
3.90502685546875,5.22694580078125,0.48430175781250007,0.3919463087248303,0.15816614275646335
7.89517333984375,0.12463134765625,0.48430175781250007,0.36375838926174353,0.016917820277183273
2.6562768554687497,1.48069580078125,1.7556396484375,0.3731543624161058,0.13877266290016138
9.14392333984375,1.48069580078125,1.7556396484375,0.6442953020134163,0.13705144682508555
2.6562768554687497,1.37338134765625,1.7556396484375,0.37181208053691117,0.1329560174032489
2.6562768554687497,1.48069580078125,4.1968017578125,0.38523489932885724,0.15978388779698838
9.14392333984375,1.37338134765625,4.1968017578125,1.4832214765100455,0.3433239823528537
7.65127685546875,6.47569580078125,6.7056396484375,2.714093959731618,0.7779183103716224
4.1489233398437495,6.47569580078125,6.7056396484375,1.444295302013402,0.6839079049087
7.65127685546875,6.36838134765625,6.7056396484375,2.706040268456449,0.7754523222461205
7.65127685546875,6.47569580078125,9.1468017578125,2.790604026845723,0.801514076672827
4.1489233398437495,6.36838134765625,9.1468017578125,1.4993288590603808,0.7124901613256995
5.15377685546875,3.9781958007812497,4.2306396484375,1.3597315436241417,0.5291681499479606
6.64642333984375,3.9781958007812497,4.2306396484375,1.8442953020133948,0.5861081564855631
5.15377685546875,8.86588134765625,4.2306396484375,1.7999999999999727,0.7190930738726413
5.15377685546875,3.9781958007812497,6.6718017578125,1.5516778523489705,0.6108947329464194
6.64642333984375,8.86588134765625,6.6718017578125,2.4832214765101073,0.8062212295381683
0.15877685546875,8.97319580078125,9.1806396484375,0.3731543624161058,0.5329859595036444
1.6514233398437501,8.97319580078125,9.1806396484375,0.7355704697986496,0.6508154883007354
0.15877685546875,3.87088134765625,9.1806396484375,0.36778523489932735,0.3617832816987117
0.15877685546875,8.97319580078125,1.7218017578125002,0.36644295302013274,0.4852886253334732
1.6514233398437501,3.87088134765625,1.7218017578125002,0.3798657718120788,0.24564672669064141
0.11975341796875,1.0514379882812501,1.9489990234375,0.36375838926174353,0.13930284316150562
7.23177490234375,1.0514379882812501,1.9489990234375,0.38926174496644106,0.08290984482432441
0.11975341796875,9.99756103515625,1.9489990234375,0.36510067114093814,0.5112368897993423
0.11975341796875,1.0514379882812501,8.2573486328125,0.36375838926174353,0.1469014037833257
7.23177490234375,9.99756103515625,8.2573486328125,2.791946308724918,0.844747394808689
5.11475341796875,6.04643798828125,6.8989990234375,1.7637583892617184,0.707838417674226
2.23677490234375,6.04643798828125,6.8989990234375,0.7879194630872393,0.5654700175614931
5.11475341796875,5.0025610351562495,6.8989990234375,1.672483221476485,0.6679214502889368
5.11475341796875,6.04643798828125,3.3073486328125004,1.4805369127516563,0.586114190658553
2.23677490234375,5.0025610351562495,3.3073486328125004,0.5597315436241561,0.3737691797450179
7.61225341796875,3.5489379882812497,4.4239990234375,2.1033557046979707,0.5954119294925253
9.72927490234375,3.5489379882812497,4.4239990234375,2.829530201342373,0.648178853584003
7.61225341796875,2.50506103515625,4.4239990234375,1.7838926174496375,0.49853318353083775
7.61225341796875,3.5489379882812497,0.8323486328125,0.6939597315436168,0.18076335604889232
9.72927490234375,2.50506103515625,0.8323486328125,0.6644295302013354,0.13753813633672257
2.6172534179687497,8.54393798828125,9.3739990234375,1.0536912751677714,0.7046357137266751
4.73427490234375,8.54393798828125,9.3739990234375,1.8187919463086972,0.7840472707946984
2.6172534179687497,7.50006103515625,9.3739990234375,1.0187919463087116,0.6774719439602361
2.6172534179687497,8.54393798828125,5.7823486328125,0.9812080536912626,0.6505656594516716
4.73427490234375,7.50006103515625,5.7823486328125,1.6751677852348743,0.7169920249525373
3.86600341796875,4.7976879882812495,5.6614990234375,1.1704697986577022,0.5748326365525246
3.48552490234375,4.7976879882812495,5.6614990234375,1.0496644295301876,0.5545242325561501
3.86600341796875,6.25131103515625,5.6614990234375,1.2885906040268276,0.6407389624967109
3.86600341796875,4.7976879882812495,9.4948486328125,1.2966442953019952,0.6438102915011895
3.48552490234375,6.25131103515625,9.4948486328125,1.2657718120805193,0.6849512248685954
8.86100341796875,9.79268798828125,0.7114990234375,1.7946308724831943,0.44055464381070075
8.48052490234375,9.79268798828125,0.7114990234375,1.6953020134227934,0.4321523872831877
8.86100341796875,1.25631103515625,0.7114990234375,0.3798657718120788,0.06780010970720021
8.86100341796875,9.79268798828125,4.5448486328125,3.2483221476511597,0.8190480587803348
8.48052490234375,1.25631103515625,4.5448486328125,1.2711409395972977,0.3102301586453055
6.36350341796875,2.30018798828125,8.1364990234375,1.652348993288566,0.5400451140207538
0.9880249023437501,2.30018798828125,8.1364990234375,0.3812080536912734,0.2571507704945406
6.36350341796875,3.7538110351562497,8.1364990234375,1.9959731543623853,0.6639896718596663
6.36350341796875,2.30018798828125,2.0698486328125,0.7530201342281795,0.2274798462839246
0.9880249023437501,3.7538110351562497,2.0698486328125,0.3731543624161058,0.2829779336864382
1.36850341796875,7.29518798828125,3.1864990234375004,0.46442953020133904,0.4112196147279228
5.98302490234375,7.29518798828125,3.1864990234375004,1.8657718120805085,0.6538480933774728
1.36850341796875,8.74881103515625,3.1864990234375004,0.502013422818788,0.46031343747791265
1.36850341796875,7.29518798828125,7.0198486328125,0.5785234899328806,0.5434505408099467
5.98302490234375,8.74881103515625,7.0198486328125,2.2402684563758433,0.7953180834927548
1.99287841796875,2.92456298828125,8.7552490234375,0.5355704697986532,0.3640792145568682
7.85614990234375,2.92456298828125,8.7552490234375,2.369127516778547,0.6568665056633595
1.99287841796875,4.37818603515625,8.7552490234375,0.659060402684557,0.4890199234346671
1.99287841796875,2.92456298828125,5.1635986328125,0.44295302013422533,0.2810010272317134
7.85614990234375,4.37818603515625,5.1635986328125,2.4429530201342624,0.6784222157957933
6.98787841796875,7.91956298828125,3.8052490234375003,2.3637583892617675,0.7301554760140215
2.8611499023437497,7.91956298828125,3.8052490234375003,0.9342281879194514,0.5745489801716632
6.98787841796875,9.37318603515625,3.8052490234375003,2.455033557047016,0.7601311859678124
6.98787841796875,7.91956298828125,0.21359863281250002,0.6697986577181139,0.19038199032069328
2.8611499023437497,9.37318603515625,0.21359863281250002,0.39060402684563567,0.20250367262542257
9.48537841796875,0.42706298828125,6.2802490234374995,0.40671140939597095,0.06071326440762639
5.35864990234375,0.42706298828125,6.2802490234374995,0.3785234899328842,0.06335617233546946
9.48537841796875,6.87568603515625,6.2802490234374995,3.412080536912929,0.8093286718808861
9.48537841796875,0.42706298828125,2.6885986328125,0.3771812080536896,0.04917366720078004
5.35864990234375,6.87568603515625,2.6885986328125,1.5221476510066891,0.5802448477200625
4.49037841796875,5.42206298828125,1.3302490234375002,0.7208053691275089,0.2980438871432221
0.36364990234375,5.42206298828125,1.3302490234375002,0.36644295302013274,0.36785691695656414
4.49037841796875,1.88068603515625,1.3302490234375002,0.382550335570468,0.12150835134717422
4.49037841796875,5.42206298828125,7.6385986328125,1.5194630872483,0.6746873800193228
0.36364990234375,1.88068603515625,7.6385986328125,0.36778523489932735,0.22686638092122438
3.24162841796875,1.67581298828125,5.0427490234375,0.4335570469798631,0.1857656124228132
1.61239990234375,1.67581298828125,5.0427490234375,0.3785234899328842,0.19106417629899886
3.24162841796875,0.6319360351562501,5.0427490234375,0.3731543624161058,0.08776867930514351
3.24162841796875,1.67581298828125,6.4010986328124995,0.502013422818788,0.2276073400309304
1.61239990234375,0.6319360351562501,6.4010986328124995,0.36912751677852196,0.09332423890355337
8.23662841796875,6.67081298828125,9.9927490234375,3.041610738255156,0.8195949943075558
6.60739990234375,6.67081298828125,9.9927490234375,2.430872483221509,0.7928179721090394
8.23662841796875,5.62693603515625,9.9927490234375,2.9583892617450767,0.796013866106031
8.23662841796875,6.67081298828125,1.4510986328125002,1.915436241610709,0.5031918334546452
6.60739990234375,5.62693603515625,1.4510986328125002,1.3046979865771628,0.4088425657981408
5.73912841796875,4.17331298828125,2.5677490234375,1.2644295302013246,0.4457863963315818
4.1098999023437495,4.17331298828125,2.5677490234375,0.8268456375838829,0.3706897983696257
5.73912841796875,8.12443603515625,2.5677490234375,1.7234899328858801,0.6239572664962753
5.73912841796875,4.17331298828125,3.9260986328125003,1.5382550335570244,0.5504374007863156
4.1098999023437495,8.12443603515625,3.9260986328125003,1.3677852348993094,0.6506443751056641
0.7441284179687501,9.16831298828125,7.5177490234375,0.4550335570469768,0.548043170609791
9.10489990234375,9.16831298828125,7.5177490234375,3.4550335570471633,0.8525472896036346
0.7441284179687501,3.12943603515625,7.5177490234375,0.3812080536912734,0.3113872105316653
0.7441284179687501,9.16831298828125,8.8760986328125,0.46577181208053364,0.5658475864019612
9.10489990234375,3.12943603515625,8.8760986328125,2.8671140939598283,0.7007362993889796
1.05631591796875,3.86112548828125,3.4958740234375,0.3812080536912734,0.30352126761270376
0.67583740234375,3.86112548828125,3.4958740234375,0.3731543624161058,0.3211948459258708
1.05631591796875,7.18787353515625,3.4958740234375,0.4187919463087224,0.40691313891271136
1.05631591796875,3.86112548828125,1.7604736328125001,0.3731543624161058,0.27732954546712285
0.67583740234375,7.18787353515625,1.7604736328125001,0.3744966442953004,0.3845308986833891
6.05131591796875,8.85612548828125,8.4458740234375,2.304697986577195,0.8115203167554474
5.67083740234375,8.85612548828125,8.4458740234375,2.162416107382543,0.8040059584904032
6.05131591796875,2.19287353515625,8.4458740234375,1.5302013422818568,0.519395868848874
6.05131591796875,8.85612548828125,6.7104736328125,2.2604026845637657,0.7946963604520432
5.67083740234375,2.19287353515625,6.7104736328125,1.3167785234899143,0.46640257641615823
8.54881591796875,1.36362548828125,1.0208740234375,0.38791946308724645,0.0751618425488167
3.17333740234375,1.36362548828125,1.0208740234375,0.37046979865771656,0.11704863626556514
8.54881591796875,4.69037353515625,1.0208740234375,1.307382550335552,0.3246609134484735
8.54881591796875,1.36362548828125,9.1854736328125,1.8993288590603736,0.47754612939281893
3.17333740234375,4.69037353515625,9.1854736328125,1.0510067114093822,0.5987674984031277
3.55381591796875,6.35862548828125,5.9708740234375,1.2040268456375673,0.6378648442519379
8.16833740234375,6.35862548828125,5.9708740234375,2.8590604026846593,0.7731488520759867
3.55381591796875,9.68537353515625,5.9708740234375,1.351677852348974,0.7263304972645102
3.55381591796875,6.35862548828125,4.2354736328125,1.1033557046979718,0.5793887264188184
8.16833740234375,9.68537353515625,4.2354736328125,2.955704697986687,0.8002782495725027
4.80256591796875,0.11487548828125,9.6833740234375,0.36778523489932735,0.01969056665847388
9.41708740234375,0.11487548828125,9.6833740234375,0.37181208053691117,0.019609822308245185
4.80256591796875,8.43662353515625,9.6833740234375,1.8442953020133948,0.7859579530282315
4.80256591796875,0.11487548828125,0.5229736328125,0.36375838926174353,0.016669310575953514
9.41708740234375,8.43662353515625,0.5229736328125,1.5503355704697759,0.3572960053340115
9.79756591796875,5.10987548828125,4.7333740234374995,3.2120805369128993,0.7361224475591264
4.42208740234375,5.10987548828125,4.7333740234374995,1.3208053691274981,0.586489918475204
9.79756591796875,3.44162353515625,4.7333740234374995,2.8724832214766076,0.6542786245806659
9.79756591796875,5.10987548828125,5.4729736328125,3.285906040268615,0.7541920996556428
4.42208740234375,3.44162353515625,5.4729736328125,1.1583892617449507,0.505211512082375
7.30006591796875,2.6123754882812498,7.2083740234375,2.0107382550335275,0.589444742734725
6.91958740234375,2.6123754882812498,7.2083740234375,1.8832214765100384,0.5769923113670787
7.30006591796875,0.94412353515625,7.2083740234375,0.9879194630872357,0.26461101852906704
7.30006591796875,2.6123754882812498,7.9479736328125,2.0523489932885672,0.6026671277736411
6.91958740234375,0.94412353515625,7.9479736328125,0.9543624161073705,0.26632166668714513
2.30506591796875,7.60737548828125,2.2583740234375003,0.6053691275167727,0.4108741767188491
1.9245874023437501,7.60737548828125,2.2583740234375003,0.5208053691275125,0.38776034775291485
2.30506591796875,5.93912353515625,2.2583740234375003,0.5248322147650963,0.3421826135538675
2.30506591796875,7.60737548828125,2.9979736328125,0.6872483221476438,0.47620361214593004
1.9245874023437501,5.93912353515625,2.9979736328125,0.5194630872483179,0.3806621747830115
1.6806909179687501,1.98800048828125,6.5896240234375,0.39060402684563567,0.22212127027896023
3.79771240234375,1.98800048828125,6.5896240234375,0.727516778523482,0.32956780783750517
1.6806909179687501,1.5684985351562502,6.5896240234375,0.382550335570468,0.18958551410009655
1.6806909179687501,1.98800048828125,4.8542236328124995,0.382550335570468,0.21004440771545999
3.79771240234375,1.5684985351562502,4.8542236328124995,0.4751677852348959,0.1883008558039656
6.67569091796875,6.98300048828125,1.6396240234375001,1.5973154362415871,0.5028997752625965
8.79271240234375,6.98300048828125,1.6396240234375001,2.2523489932885967,0.561406020782481
6.67569091796875,6.56349853515625,1.6396240234375001,1.5476510067113867,0.4861991651108755
6.67569091796875,6.98300048828125,9.8042236328125,2.4724832214765486,0.7996639824592353
8.79271240234375,6.56349853515625,9.8042236328125,3.2402684563759907,0.8239828351640528
9.17319091796875,4.48550048828125,9.0646240234375,3.1543624161075217,0.7696570173348956
1.30021240234375,4.48550048828125,9.0646240234375,0.48993288590603656,0.43257531808194744
9.17319091796875,9.06099853515625,9.0646240234375,3.511409395973346,0.8612850960621996
9.17319091796875,4.48550048828125,7.3292236328125,3.08724832214778,0.7520972090121261
1.30021240234375,9.06099853515625,7.3292236328125,0.6053691275167727,0.5986651304351295
4.17819091796875,9.48050048828125,4.1146240234375,1.471140939597294,0.6947424924992354
6.29521240234375,9.48050048828125,4.1146240234375,2.236241610738259,0.7575433849956912
4.17819091796875,4.0659985351562495,4.1146240234375,1.061744966442939,0.4825738547579587
4.17819091796875,9.48050048828125,2.3792236328125003,1.2510067114093786,0.58355538384066
6.29521240234375,4.0659985351562495,2.3792236328125003,1.344966442953001,0.43910888146769067
2.92944091796875,3.23675048828125,0.4021240234375,0.3731543624161058,0.15580792193273557
5.04646240234375,3.23675048828125,0.4021240234375,0.382550335570468,0.11801954433264898
2.92944091796875,2.8172485351562497,0.4021240234375,0.37181208053691117,0.14875878956028848
2.92944091796875,3.23675048828125,3.6167236328125,0.5691275167785184,0.3070494979594698
5.04646240234375,2.8172485351562497,3.6167236328125,1.0013422818791817,0.38294545231668653
7.92444091796875,8.23175048828125,5.3521240234375,2.8671140939598283,0.7975843155970705
0.051462402343750005,8.23175048828125,5.3521240234375,0.36510067114093814,0.5055992090078271
7.92444091796875,7.81224853515625,5.3521240234375,2.8416107382551266,0.7900666753477608
7.92444091796875,8.23175048828125,8.5667236328125,2.986577181208168,0.8332875745379151
0.051462402343750005,7.81224853515625,8.5667236328125,0.36510067114093814,0.5033727893344941
5.42694091796875,0.7392504882812501,2.8771240234375,0.3785234899328842,0.08248927654547311
7.54396240234375,0.7392504882812501,2.8771240234375,0.38926174496644106,0.07458769712923793
5.42694091796875,5.31474853515625,2.8771240234375,1.420134228187899,0.5317228152686526
5.42694091796875,0.7392504882812501,6.0917236328125,0.4026845637583871,0.09820542132223792
7.54396240234375,5.31474853515625,6.0917236328125,2.532885906040316,0.7323241916882384
0.43194091796875,5.7342504882812495,7.8271240234375,0.3812080536912734,0.4326810596139895
2.54896240234375,5.7342504882812495,7.8271240234375,0.891275167785224,0.5911117622937317
0.43194091796875,0.31974853515625,7.8271240234375,0.36375838926174353,0.05166699711365665
0.43194091796875,5.7342504882812495,1.1417236328125002,0.36778523489932735,0.36633521188209317
2.54896240234375,0.31974853515625,1.1417236328125002,0.36510067114093814,0.04498874518656948
0.58803466796875,3.70503173828125,6.1255615234375,0.375838926174495,0.3359898796448252
2.08068115234375,3.70503173828125,6.1255615234375,0.5691275167785184,0.3918340048542151
0.58803466796875,8.59271728515625,6.1255615234375,0.40671140939597095,0.5008273717965475
0.58803466796875,3.70503173828125,2.5339111328125004,0.36912751677852196,0.3088287379226359
2.08068115234375,8.59271728515625,2.5339111328125004,0.6201342281879134,0.45601850606476657
5.58303466796875,8.70003173828125,1.1755615234375,1.205369127516762,0.43760671387375577
7.0756811523437495,8.70003173828125,1.1755615234375,1.6187919463087008,0.48480931678689965
5.58303466796875,3.59771728515625,1.1755615234375,0.5919463087248267,0.19659963191911844
5.58303466796875,8.70003173828125,7.4839111328125,2.102013422818776,0.7909293899498434
7.0756811523437495,3.59771728515625,7.4839111328125,2.1892617449664398,0.6651872322930681
8.08053466796875,1.20753173828125,8.6005615234375,1.5852348993288357,0.4126545835118556
4.57818115234375,1.20753173828125,8.6005615234375,0.6711409395973085,0.2489429415250402
8.08053466796875,1.10021728515625,8.6005615234375,1.4765100671140725,0.3811574349733793
8.08053466796875,1.20753173828125,9.9589111328125,1.6617449664429282,0.4346052876866308
4.57818115234375,1.10021728515625,9.9589111328125,0.6510067114093894,0.2373678147965983
3.0855346679687496,6.20253173828125,3.6505615234375,0.8953020134228078,0.51422107223911
9.57318115234375,6.20253173828125,3.6505615234375,3.119463087248456,0.729341327776073
3.0855346679687496,6.09521728515625,3.6505615234375,0.8885906040268348,0.5096743523637464
3.0855346679687496,6.20253173828125,5.0089111328125,0.9932885906040141,0.577419487892263
9.57318115234375,6.09521728515625,5.0089111328125,3.2832214765102252,0.7701263246234331
4.33428466796875,2.4562817382812496,2.4130615234375004,0.5248322147650963,0.20402405879455648
8.32443115234375,2.4562817382812496,2.4130615234375004,1.413422818791926,0.35830843949189467
4.33428466796875,7.34396728515625,2.4130615234375004,1.1771812080536752,0.5285985652904294
4.33428466796875,2.4562817382812496,1.2964111328125,0.39060402684563567,0.1364098578833717
8.32443115234375,7.34396728515625,1.2964111328125,1.922147651006682,0.5004064950807695
9.32928466796875,7.45128173828125,7.3630615234375,3.44026845637602,0.8294995756798287
3.3294311523437496,7.45128173828125,7.3630615234375,1.2281879194630703,0.6888513774026181
9.32928466796875,2.3489672851562498,7.3630615234375,2.612080536912811,0.6199994279471913
9.32928466796875,7.45128173828125,6.2464111328125,3.394630872483396,0.8176973210095095
3.3294311523437496,2.3489672851562498,6.2464111328125,0.6885906040268384,0.3446099382051636
6.8317846679687495,4.95378173828125,4.8880615234375,2.139597315436231,0.6703494232484655
5.82693115234375,4.95378173828125,4.8880615234375,1.7906040268456105,0.6399828642807767
6.8317846679687495,4.84646728515625,4.8880615234375,2.126174496644283,0.665806794166999
6.8317846679687495,4.95378173828125,8.7214111328125,2.3422818791946503,0.7388851965072869
5.82693115234375,4.84646728515625,8.7214111328125,1.9691275167784932,0.7092069844015345
1.83678466796875,9.94878173828125,9.8380615234375,0.822818791946299,0.6917991548841473
0.83193115234375,9.94878173828125,9.8380615234375,0.5046979865771772,0.6045522156200543
1.83678466796875,9.84146728515625,9.8380615234375,0.8214765100671044,0.6902423671099511
1.83678466796875,9.94878173828125,3.7714111328125,0.6872483221476438,0.5620918042139325
0.83193115234375,9.84146728515625,3.7714111328125,0.42818791946308465,0.4836474116340286
2.46115966796875,0.58315673828125,4.2693115234375,0.36912751677852196,0.08261648813161401
2.70505615234375,0.58315673828125,4.2693115234375,0.37046979865771656,0.08234052057493141
2.46115966796875,2.97334228515625,4.2693115234375,0.49127516778523117,0.28490419830895114
2.46115966796875,0.58315673828125,4.3901611328125,0.36912751677852196,0.08278580800598752
2.70505615234375,2.97334228515625,4.3901611328125,0.5476510067114047,0.30741371384083466
7.45615966796875,5.57815673828125,9.2193115234375,2.6469798657718764,0.7762971285180622
7.70005615234375,5.57815673828125,9.2193115234375,2.73691275167793,0.7806034418017078
7.45615966796875,7.9683422851562495,9.2193115234375,2.8093959731544507,0.8267744010187712
7.45615966796875,5.57815673828125,9.3401611328125,2.649664429530266,0.7771515174220044
7.70005615234375,7.9683422851562495,9.3401611328125,2.9033557046980887,0.8308371907481333
9.95365966796875,3.0806567382812498,1.7943115234375002,1.7838926174496375,0.39033928776348004
0.20755615234375002,3.0806567382812498,1.7943115234375002,0.36510067114093814,0.2917725459073319
9.95365966796875,5.47084228515625,1.7943115234375002,2.4724832214765486,0.550954232829656
9.95365966796875,3.0806567382812498,6.8651611328125,3.04832214765113,0.6867489534624471
0.20755615234375002,5.47084228515625,6.8651611328125,0.36912751677852196,0.42303277917933757
4.95865966796875,8.07565673828125,6.7443115234375,1.822818791946281,0.7542603782151795
5.20255615234375,8.07565673828125,6.7443115234375,1.911409395973125,0.7607170505785091
4.95865966796875,0.47584228515625004,6.7443115234375,0.3798657718120788,0.0703845091148052
4.95865966796875,8.07565673828125,1.9151611328125002,1.2899328859060222,0.5207637841945527
5.20255615234375,0.47584228515625004,1.9151611328125002,0.36912751677852196,0.05856930061890358
3.7099096679687498,4.32940673828125,7.9818115234375,1.1651006711409237,0.5910319349745013
6.45130615234375,4.32940673828125,7.9818115234375,2.107382550335555,0.695282842573955
3.7099096679687498,1.72459228515625,7.9818115234375,0.6845637583892545,0.3086338710055823
3.7099096679687498,4.32940673828125,3.1526611328125003,0.8442953020134127,0.4124588128836818
6.45130615234375,1.72459228515625,3.1526611328125003,0.8308724832214667,0.248238128742341
8.70490966796875,9.32440673828125,3.0318115234375003,2.9677852348994405,0.7568448755159415
1.45630615234375,9.32440673828125,3.0318115234375003,0.526174496644291,0.47260502803516163
8.70490966796875,6.71959228515625,3.0318115234375003,2.7382550335571247,0.6953301791257057
8.70490966796875,9.32440673828125,8.1026611328125,3.32348993288607,0.8539435874174517
1.45630615234375,6.71959228515625,8.1026611328125,0.6040268456375781,0.5496548483339198
6.20740966796875,1.83190673828125,5.5068115234374995,1.2174496644295134,0.3937784109746608
8.94880615234375,1.83190673828125,5.5068115234374995,2.0335570469798396,0.4930685016090929
6.20740966796875,9.21709228515625,5.5068115234374995,2.2859060402684674,0.7856760952848867
6.20740966796875,1.83190673828125,5.6276611328124995,1.2308724832214595,0.3985615946560347
8.94880615234375,9.21709228515625,5.6276611328124995,3.324832214765265,0.8318932709443665
1.21240966796875,6.82690673828125,0.5568115234375001,0.3731543624161058,0.28886770729291655
3.9538061523437498,6.82690673828125,0.5568115234375001,0.4389261744966415,0.18701201920254912
1.21240966796875,4.22209228515625,0.5568115234375001,0.36912751677852196,0.24639390327865363
1.21240966796875,6.82690673828125,0.6776611328125,0.3744966442953004,0.29405831834520935
3.9538061523437498,4.22209228515625,0.6776611328125,0.39060402684563567,0.15361501551062096
0.90022216796875,1.51971923828125,8.9099365234375,0.3731543624161058,0.19459341690579893
6.1391186523437495,1.51971923828125,8.9099365234375,1.2751677852348815,0.41710182425334913
0.90022216796875,5.78302978515625,8.9099365234375,0.44295302013422533,0.4608531099148514
0.90022216796875,1.51971923828125,7.7932861328125,0.37181208053691117,0.19209480187505826
6.1391186523437495,5.78302978515625,7.7932861328125,2.1422818791946208,0.74058183992851
5.8952221679687495,6.51471923828125,3.9599365234375004,1.8805369127516491,0.6679515746269779
1.14411865234375,6.51471923828125,3.9599365234375004,0.4322147651006685,0.40516289937154204
5.8952221679687495,0.78802978515625,3.9599365234375004,0.3919463087248303,0.08998686661508196
5.8952221679687495,6.51471923828125,2.8432861328125,1.6993288590603772,0.5995680091516447
1.14411865234375,0.78802978515625,2.8432861328125,0.36644295302013274,0.10693312147742529
8.39272216796875,4.01721923828125,6.4349365234375,2.675167785234968,0.7025542055405494
8.63661865234375,4.01721923828125,6.4349365234375,2.7624161073826317,0.7075893450613742
8.39272216796875,3.2855297851562497,6.4349365234375,2.5194630872483676,0.6591406290083387
8.39272216796875,4.01721923828125,0.3682861328125,0.5006711409395934,0.11560781583446601
8.63661865234375,3.2855297851562497,0.3682861328125,0.41073825503355477,0.08856742876281024
3.39772216796875,9.01221923828125,1.4849365234375,0.78523489932885,0.41550178511939706
3.64161865234375,9.01221923828125,1.4849365234375,0.846979865771802,0.4274792448528926
3.39772216796875,8.28052978515625,1.4849365234375,0.7489932885905957,0.39339607437294083
3.39772216796875,9.01221923828125,5.3182861328125,1.2483221476509894,0.6906721803671061
3.64161865234375,8.28052978515625,5.3182861328125,1.3046979865771628,0.6841263986155248
4.64647216796875,2.76846923828125,2.7224365234375,0.7248322147650927,0.28478085153570765
4.89036865234375,2.76846923828125,2.7224365234375,0.778523489932877,0.2963455774933007
4.64647216796875,9.52927978515625,2.7224365234375,1.4724832214764887,0.63501541272875
4.64647216796875,2.76846923828125,9.0307861328125,1.2671140939597139,0.5333724223526605
4.89036865234375,9.52927978515625,9.0307861328125,1.9060402684563467,0.8014821938308447
9.64147216796875,7.76346923828125,7.6724365234375,3.589261744966646,0.8406784146417098
9.88536865234375,7.76346923828125,7.6724365234375,3.6818791946310894,0.8432308010948248
9.64147216796875,4.53427978515625,7.6724365234375,3.2818791946310304,0.7653367906908499
9.64147216796875,7.76346923828125,4.0807861328125,3.36510067114111,0.7846956018626381
9.88536865234375,4.53427978515625,4.0807861328125,3.0523489932887147,0.6915559050424989
7.14397216796875,0.27096923828125,0.2474365234375,0.36510067114093814,0.030617762526914068
2.3928686523437497,0.27096923828125,0.2474365234375,0.36375838926174353,0.03662128344533449
7.14397216796875,2.03677978515625,0.2474365234375,0.3771812080536896,0.08165812743001026
7.14397216796875,0.27096923828125,1.6057861328125,0.36778523489932735,0.03563070513551669
2.3928686523437497,2.03677978515625,1.6057861328125,0.3744966442953004,0.16522663461775836
2.1489721679687497,5.26596923828125,5.1974365234375,0.66577181208053,0.4746735886902186
7.38786865234375,5.26596923828125,5.1974365234375,2.405369127516807,0.7066361110532051
2.1489721679687497,7.03177978515625,5.1974365234375,0.7530201342281795,0.5546218415928321
2.1489721679687497,5.26596923828125,6.5557861328125,0.7114093959731467,0.5135846227798009
7.38786865234375,7.03177978515625,6.5557861328125,2.651006711409461,0.7838476127882461
1.52459716796875,4.64159423828125,0.8661865234375,0.3744966442953004,0.24678953970009004
9.26099365234375,4.64159423828125,0.8661865234375,1.3046979865771628,0.30121819716771336
1.52459716796875,0.16365478515625,0.8661865234375,0.36375838926174353,0.024923456197978165
1.52459716796875,4.64159423828125,5.9370361328125,0.4979865771812042,0.40677666884335545
9.26099365234375,0.16365478515625,5.9370361328125,0.37181208053691117,0.026130459280143056
6.51959716796875,9.63659423828125,5.8161865234375,2.4362416107382883,0.8039560553634422
4.26599365234375,9.63659423828125,5.8161865234375,1.601342281879171,0.7480893937841294
6.51959716796875,5.15865478515625,5.8161865234375,2.1288590604026725,0.696044680225649
6.51959716796875,9.63659423828125,0.9870361328125,1.4093959731543422,0.45113164628383534
4.26599365234375,5.15865478515625,0.9870361328125,0.5221476510067071,0.21434475305776185
9.01709716796875,2.14409423828125,3.3411865234375,1.7865771812080267,0.426864223223432
6.76349365234375,2.14409423828125,3.3411865234375,1.1637583892617291,0.3487489304427754
9.01709716796875,7.65615478515625,3.3411865234375,3.01208053691287,0.7437460158961644
9.01709716796875,2.14409423828125,3.4620361328125,1.822818791946281,0.4360897746027814
6.76349365234375,7.65615478515625,3.4620361328125,2.2147651006711415,0.7020985102956009
4.02209716796875,7.13909423828125,8.2911865234375,1.4791946308724617,0.7212121042539802
1.76849365234375,7.13909423828125,8.2911865234375,0.7127516778523413,0.5949448484755495
4.02209716796875,2.66115478515625,8.2911865234375,1.0295302013422685,0.4767537019089116
4.02209716796875,7.13909423828125,8.4120361328125,1.481879194630851,0.7226337205764298
1.76849365234375,2.66115478515625,8.4120361328125,0.4536912751677822,0.3057397879028886
2.77334716796875,0.89534423828125,7.0536865234374995,0.382550335570468,0.12307645991465968
0.51974365234375,0.89534423828125,7.0536865234374995,0.36510067114093814,0.12707659912417268
2.77334716796875,3.90990478515625,7.0536865234374995,0.8040268456375745,0.48702123408897946
2.77334716796875,0.89534423828125,7.1745361328124995,0.382550335570468,0.12324014496395906
0.51974365234375,3.90990478515625,7.1745361328124995,0.3771812080536896,0.353732349082552
7.76834716796875,5.89034423828125,2.1036865234375,2.008053691275138,0.5574390486428428
5.51474365234375,5.89034423828125,2.1036865234375,1.3127516778523305,0.48251301642278377
7.76834716796875,8.90490478515625,2.1036865234375,2.3409395973154554,0.6556492363768662
7.76834716796875,5.89034423828125,2.2245361328125,2.0577181208053466,0.571938470513911
5.51474365234375,8.90490478515625,2.2245361328125,1.6161073825503116,0.6039715345658667
5.27084716796875,3.39284423828125,9.5286865234375,1.6040268456375602,0.6205557370663963
3.01724365234375,3.39284423828125,9.5286865234375,0.8805369127516671,0.5051492277448083
5.27084716796875,6.40740478515625,9.5286865234375,1.9127516778523197,0.7525051852843629
5.27084716796875,3.39284423828125,4.6995361328125,1.3422818791946118,0.5107770410033896
3.01724365234375,6.40740478515625,4.6995361328125,0.966442953020122,0.5702933193564557
0.27584716796875003,8.38784423828125,4.5786865234375,0.3731543624161058,0.48985979465026663
8.01224365234375,8.38784423828125,4.5786865234375,2.85369127516788,0.7852940795302205
0.27584716796875003,1.41240478515625,4.5786865234375,0.36510067114093814,0.17992292163034773
0.27584716796875003,8.38784423828125,9.6495361328125,0.382550335570468,0.5221672076556301
8.01224365234375,1.41240478515625,9.6495361328125,1.7973154362415835,0.4777913286802172
0.19780029296875,4.87573486328125,9.9154052734375,0.37046979865771656,0.40972706546220855
4.34404052734375,4.87573486328125,9.9154052734375,1.475167785234878,0.6719903718535178
0.19780029296875,3.51967041015625,9.9154052734375,0.36778523489932735,0.34287662695027304
0.19780029296875,4.87573486328125,6.3237548828125,0.36778523489932735,0.39839165179212205
4.34404052734375,3.51967041015625,6.3237548828125,1.1999999999999835,0.5335130081399119
5.19280029296875,9.87073486328125,4.9654052734375,1.9100671140939305,0.7613787761831838
9.33904052734375,9.87073486328125,4.9654052734375,3.465771812080722,0.8344662157642309
5.19280029296875,8.51467041015625,4.9654052734375,1.8496644295301732,0.7354422283512743
5.19280029296875,9.87073486328125,1.3737548828125001,1.276510067114076,0.49583662535270445
9.33904052734375,8.51467041015625,1.3737548828125001,2.4335570469798986,0.5758560763194418
7.69030029296875,2.37823486328125,7.4404052734374995,2.0751677852348793,0.5809818806822376
1.84654052734375,2.37823486328125,7.4404052734374995,0.42416107382550083,0.263841522980473
7.69030029296875,6.0171704101562495,7.4404052734374995,2.719463087248397,0.7760017656220866
7.69030029296875,2.37823486328125,3.8487548828125004,1.645637583892593,0.4528034665414721
1.84654052734375,6.0171704101562495,3.8487548828125004,0.5610738255033507,0.43031675429015837
2.6953002929687497,7.37323486328125,2.4904052734375,0.7221476510067035,0.44937193883066495
6.84154052734375,7.37323486328125,2.4904052734375,2.013422818791917,0.6280848924943507
2.6953002929687497,1.02217041015625,2.4904052734375,0.37181208053691117,0.11662616406130241
2.6953002929687497,7.37323486328125,8.7987548828125,1.0335570469798523,0.6728011627351872
6.84154052734375,1.02217041015625,8.7987548828125,1.0738255033556905,0.3090860172677059
3.94405029296875,1.12948486328125,3.7279052734375,0.38657718120805185,0.12163887776034406
5.59279052734375,1.12948486328125,3.7279052734375,0.42684563758389005,0.11818114217870193
3.94405029296875,2.2709204101562497,3.7279052734375,0.6107382550335512,0.261854236470418
3.94405029296875,1.12948486328125,5.0862548828125,0.4013422818791925,0.13251700678112857
5.59279052734375,2.2709204101562497,5.0862548828125,1.1825503355704536,0.41947885796941375
8.93905029296875,6.12448486328125,8.6779052734375,3.2348993288592114,0.8097488661309178
0.59779052734375,6.12448486328125,8.6779052734375,0.3999999999999979,0.45370052185068455
8.93905029296875,7.26592041015625,8.6779052734375,3.3181208053692908,0.8316474039827624
8.93905029296875,6.12448486328125,0.1362548828125,0.6389261744966379,0.14503304258807323
0.59779052734375,7.26592041015625,0.1362548828125,0.36644295302013274,0.33789387064906506
6.44155029296875,3.62698486328125,1.2529052734375001,0.7879194630872393,0.2404185037339639
8.09029052734375,3.62698486328125,1.2529052734375001,1.1261744966442802,0.29010525289596795
6.44155029296875,9.76342041015625,1.2529052734375001,1.570469798657695,0.5110968949641933
6.44155029296875,3.62698486328125,2.6112548828125,1.3637583892617255,0.4360831794900562
8.09029052734375,9.76342041015625,2.6112548828125,2.6778523489933574,0.7273167124186282
1.44655029296875,8.62198486328125,6.2029052734375,0.6201342281879134,0.5771318408696557
3.09529052734375,8.62198486328125,6.2029052734375,1.16107382550334,0.6876680022239365
1.44655029296875,4.76842041015625,6.2029052734375,0.4926174496644258,0.41414042481867264
1.44655029296875,8.62198486328125,7.5612548828125,0.6429530201342217,0.6028261254643058
3.09529052734375,4.76842041015625,7.5612548828125,0.9946308724832087,0.5740588518553895
2.0709252929687496,1.75385986328125,0.6341552734375,0.36778523489932735,0.14451023131161078
1.22216552734375,1.75385986328125,0.6341552734375,0.36644295302013274,0.16469367534304588
2.0709252929687496,7.89029541015625,0.6341552734375,0.38791946308724645,0.2469900122773053
2.0709252929687496,1.75385986328125,9.4175048828125,0.4147651006711386,0.2219346838098329
1.22216552734375,7.89029541015625,9.4175048828125,0.5798657718120752,0.5842297394903379
7.06592529296875,6.7488598632812495,5.5841552734375,2.46174496644299,0.7548593792108677
6.21716552734375,6.7488598632812495,5.5841552734375,2.1516778523489846,0.7353641924461245
7.06592529296875,2.89529541015625,5.5841552734375,1.8899328859060114,0.5683145769384703
7.06592529296875,6.7488598632812495,4.4675048828124995,2.3731543624161313,0.7258510078415648
6.21716552734375,2.89529541015625,4.4675048828124995,1.488590604026824,0.4932096968993229
9.56342529296875,4.25135986328125,3.1091552734375,2.65637583892624,0.6163014727369255
3.71966552734375,4.25135986328125,3.1091552734375,0.8308724832214667,0.40401847432095817
9.56342529296875,0.39779541015625003,3.1091552734375,0.3785234899328842,0.04823095342007188
9.56342529296875,4.25135986328125,1.9925048828125003,2.1892617449664398,0.5031405868531904
3.71966552734375,0.39779541015625003,1.9925048828125003,0.36644295302013274,0.05406754248094199
4.56842529296875,9.24635986328125,8.0591552734375,1.7597315436241345,0.7806651434339082
8.71466552734375,9.24635986328125,8.0591552734375,3.32348993288607,0.8530240459352441
4.56842529296875,5.39279541015625,8.0591552734375,1.5557046979865543,0.6820156868249165
4.56842529296875,9.24635986328125,6.9425048828125,1.734228187919437,0.7683640299021779
8.71466552734375,5.39279541015625,6.9425048828125,3.0161073825504543,0.7700984928990444
3.31967529296875,3.0026098632812497,6.8216552734375,0.8348993288590505,0.439036320849715
9.96341552734375,3.0026098632812497,6.8216552734375,3.025503355704818,0.6806725052831153
3.31967529296875,6.64154541015625,6.8216552734375,1.1704697986577022,0.65407250583112
3.31967529296875,3.0026098632812497,8.1800048828125,0.8818791946308617,0.46782778100264366
9.96341552734375,6.64154541015625,8.1800048828125,3.6496644295304135,0.8294048880455951
8.314675292968749,7.99760986328125,1.8716552734375,2.343624161073845,0.6164472206728937
4.96841552734375,7.99760986328125,1.8716552734375,1.273825503355687,0.512882624936806
8.314675292968749,1.64654541015625,1.8716552734375,0.6912751677852276,0.1619987765862851
8.314675292968749,7.99760986328125,3.2300048828125,2.7637583892618265,0.7330212188090548
4.96841552734375,1.64654541015625,3.2300048828125,0.5208053691275125,0.17587257910103168
5.8171752929687495,0.50510986328125,9.2966552734375,0.3973154362416087,0.07857592190999861
7.46591552734375,0.50510986328125,9.2966552734375,0.4348993288590577,0.08334602240854931
5.8171752929687495,4.14404541015625,9.2966552734375,1.897986577181179,0.682516753747199
5.8171752929687495,0.50510986328125,0.7550048828125,0.36778523489932735,0.05330005757118457
7.46591552734375,4.14404541015625,0.7550048828125,0.7449664429530118,0.1995835793115109
0.82217529296875,5.50010986328125,4.3466552734374995,0.38926174496644106,0.3809521241463265
2.4709155273437498,5.50010986328125,4.3466552734374995,0.7248322147650927,0.4762159830636956
0.82217529296875,9.13904541015625,4.3466552734374995,0.42953020134227926,0.4847262177079196
0.82217529296875,5.50010986328125,5.7050048828125,0.3999999999999979,0.4016325034462522
2.4709155273437498,9.13904541015625,5.7050048828125,0.9489932885905921,0.655295820605004
1.13436279296875,0.19292236328125,5.2747802734375,0.36375838926174353,0.03145082983921377
7.77810302734375,0.19292236328125,5.2747802734375,0.37046979865771656,0.030166732295970725
1.13436279296875,0.70998291015625,5.2747802734375,0.36644295302013274,0.10197242403156088
1.13436279296875,0.19292236328125,3.5393798828125003,0.36375838926174353,0.030929127942226103
7.77810302734375,0.70998291015625,3.5393798828125003,0.3986577181208033,0.0764749437396388
6.12936279296875,5.18792236328125,0.32478027343750004,0.420134228187917,0.12367138780160651
2.78310302734375,5.18792236328125,0.32478027343750004,0.3785234899328842,0.18118302675310533
6.12936279296875,5.70498291015625,0.32478027343750004,0.4617449664429498,0.13887959440230138
6.12936279296875,5.18792236328125,8.4893798828125,2.1060402684563604,0.7282047789381085
2.78310302734375,5.70498291015625,8.4893798828125,0.9785234899328734,0.6146376404162672
8.62686279296875,2.69042236328125,7.7497802734375,2.5194630872483676,0.6424489798497212
5.28060302734375,2.69042236328125,7.7497802734375,1.4013422818791745,0.5332381459529044
8.62686279296875,8.20248291015625,7.7497802734375,3.230872483221627,0.8359763817785137
8.62686279296875,2.69042236328125,6.0143798828124995,2.3892617449664693,0.6068866441492168
5.28060302734375,8.20248291015625,6.0143798828124995,1.9194630872482927,0.7540133212267515
3.6318627929687497,7.68542236328125,2.7997802734375004,1.0536912751677714,0.5427164691879198
0.28560302734375004,7.68542236328125,2.7997802734375004,0.36912751677852196,0.45522983749084434
3.6318627929687497,3.2074829101562496,2.7997802734375004,0.6120805369127458,0.2858989018157416
3.6318627929687497,7.68542236328125,1.0643798828125002,0.6335570469798595,0.30846941490811663
0.28560302734375004,3.2074829101562496,1.0643798828125002,0.36510067114093814,0.2865265841395561
4.8806127929687495,3.93917236328125,1.5622802734375,0.6872483221476438,0.2612037292629302
1.53435302734375,3.93917236328125,1.5622802734375,0.3771812080536896,0.24925946483660807
4.8806127929687495,4.45623291015625,1.5622802734375,0.7677852348993202,0.29698853144305054
4.8806127929687495,3.93917236328125,4.7768798828125,1.324832214765082,0.5392046326763209
1.53435302734375,4.45623291015625,4.7768798828125,0.4563758389261714,0.358915257141711
9.87561279296875,8.93417236328125,6.5122802734375,3.7033557046982066,0.8489135872660181
6.52935302734375,8.93417236328125,6.5122802734375,2.4362416107382883,0.802991334436698
9.87561279296875,9.45123291015625,6.5122802734375,3.7288590604029084,0.8550267365865185
9.87561279296875,8.93417236328125,9.7268798828125,3.787919463087481,0.8696703128551737
6.52935302734375,9.45123291015625,9.7268798828125,2.5302013422819263,0.8362882178678661
7.37811279296875,1.44167236328125,4.0372802734375,1.0590604026845498,0.2881720506108386
4.03185302734375,1.44167236328125,4.0372802734375,0.4161073825503332,0.14787939769954664
7.37811279296875,6.9537329101562495,4.0372802734375,2.4577181208054055,0.72374528008962
7.37811279296875,1.44167236328125,7.2518798828125,1.4791946308724617,0.4164882337567206
4.03185302734375,6.9537329101562495,7.2518798828125,1.4469798657717912,0.7025590571171882
2.38311279296875,6.43667236328125,8.9872802734375,0.8926174496644186,0.624351077896307
9.02685302734375,6.43667236328125,8.9872802734375,3.300671140939758,0.8195397449206943
2.38311279296875,1.95873291015625,8.9872802734375,0.4818791946308689,0.267462674627025
2.38311279296875,6.43667236328125,2.3018798828125,0.5731543624161022,0.37346624468688305
9.02685302734375,1.95873291015625,2.3018798828125,1.2617449664429354,0.29376464242593964
1.75873779296875,3.31479736328125,4.6560302734375,0.4228187919463062,0.28693795122333965
7.15372802734375,3.31479736328125,4.6560302734375,1.9248322147650712,0.5733472467049598
1.75873779296875,5.08060791015625,4.6560302734375,0.532885906040264,0.4112880612913137
1.75873779296875,3.31479736328125,0.44562988281250004,0.37046979865771656,0.19628352656918926
7.15372802734375,5.08060791015625,0.44562988281250004,0.6013422818791889,0.16414878508870612
6.75373779296875,8.30979736328125,9.6060302734375,2.5664429530201867,0.8231468454388995
2.15872802734375,8.30979736328125,9.6060302734375,0.891275167785224,0.673714899203647
6.75373779296875,0.08560791015625,9.6060302734375,0.36778523489932735,0.014753286251871604
6.75373779296875,8.30979736328125,5.3956298828125,2.437583892617483,0.778752588773318
2.15872802734375,0.08560791015625,5.3956298828125,0.36375838926174353,0.014346031248538286
9.25123779296875,0.81729736328125,2.1810302734375,0.3932885906040249,0.06801920361246774
9.65122802734375,0.81729736328125,2.1810302734375,0.3973154362416087,0.06720828680915789
9.25123779296875,2.58310791015625,2.1810302734375,1.6067114093959494,0.37325944509150677
9.25123779296875,0.81729736328125,7.8706298828125,1.3463087248321957,0.30234528185513365
9.65122802734375,2.58310791015625,7.8706298828125,2.846979865771906,0.6580208856704137
4.25623779296875,5.81229736328125,7.1310302734375,1.451006711409375,0.6721707548423735
4.65622802734375,5.81229736328125,7.1310302734375,1.590604026845614,0.6873700054173667
4.25623779296875,7.57810791015625,7.1310302734375,1.5557046979865543,0.7260053388115545
4.25623779296875,5.81229736328125,2.9206298828125004,1.1221476510066963,0.508039230488674
4.65622802734375,7.57810791015625,2.9206298828125004,1.393288590604007,0.596520524187157
3.00748779296875,2.0660473632812497,8.3685302734375,0.6268456375838865,0.3276281272987181
3.4074780273437497,2.0660473632812497,8.3685302734375,0.7234899328858981,0.3566651534665779
3.00748779296875,8.82685791015625,8.3685302734375,1.1852348993288429,0.7201476033108636
3.00748779296875,2.0660473632812497,1.6831298828125,0.3785234899328842,0.1544156334342207
3.4074780273437497,8.82685791015625,1.6831298828125,0.8322147651006613,0.44189900738374077
8.00248779296875,7.06104736328125,3.4185302734375003,2.601342281879252,0.7126609298022271
8.40247802734375,7.06104736328125,3.4185302734375003,2.7463087248322937,0.721037268923894
8.00248779296875,3.8318579101562498,3.4185302734375003,2.1140939597315294,0.5717435160341301
8.00248779296875,7.06104736328125,6.6331298828125,2.885906040268556,0.7960892253546761
8.40247802734375,3.8318579101562498,6.6331298828125,2.65637583892624,0.6966003840710342
5.50498779296875,4.56354736328125,5.8935302734374995,1.7060402684563503,0.639038450114608
0.90997802734375,4.56354736328125,5.8935302734374995,0.3973154362416087,0.3670892198105871
5.50498779296875,1.33435791015625,5.8935302734374995,0.7959731543624069,0.2661431894783103
5.50498779296875,4.56354736328125,9.1081298828125,1.833557046979838,0.6910931731798311
0.90997802734375,1.33435791015625,9.1081298828125,0.37181208053691117,0.1766911693644882
0.50998779296875,9.55854736328125,0.9435302734375,0.37046979865771656,0.41920116599039486
5.90497802734375,9.55854736328125,0.9435302734375,1.2134228187919296,0.42004805818775204
0.50998779296875,6.32935791015625,0.9435302734375,0.36778523489932735,0.36525209567202754
0.50998779296875,9.55854736328125,4.1581298828125,0.38926174496644106,0.49163354278335325
5.90497802734375,6.32935791015625,4.1581298828125,1.8899328859060114,0.6704892454948121
0.35389404296875,2.22214111328125,2.9544677734375,0.36510067114093814,0.23945091245576128
8.87075927734375,2.22214111328125,2.9544677734375,1.6577181208053444,0.4003096021241922
0.35389404296875,4.92451416015625,2.9544677734375,0.36912751677852196,0.3751888287865319
0.35389404296875,2.22214111328125,3.0753173828125,0.36510067114093814,0.23993952444595795
8.87075927734375,4.92451416015625,3.0753173828125,2.548993288590654,0.6333638022970997
5.34889404296875,7.21714111328125,7.9044677734375,1.9543624161073525,0.7600716343902203
3.8757592773437497,7.21714111328125,7.9044677734375,1.4214765100670936,0.7126843445792539
5.34889404296875,9.91951416015625,7.9044677734375,2.0697986577181,0.8085179805424133
5.34889404296875,7.21714111328125,8.025317382812501,1.9570469798657417,0.7612195443025151
3.8757592773437497,9.91951416015625,8.025317382812501,1.526174496644273,0.7709572330557626
7.8463940429687495,4.7196411132812495,0.4794677734375,0.6684563758389193,0.1701163255514107
6.37325927734375,4.7196411132812495,0.4794677734375,0.48322147651006353,0.1408555838658244
7.8463940429687495,7.42201416015625,0.4794677734375,1.048322147650993,0.2787724131408866
7.8463940429687495,4.7196411132812495,5.5503173828125,2.5275167785235366,0.7043071327105435
6.37325927734375,7.42201416015625,5.5503173828125,2.2523489932885967,0.7549725343613656
2.85139404296875,9.71464111328125,5.4294677734375,1.085906040268442,0.6824672137264984
1.37825927734375,9.71464111328125,5.4294677734375,0.6067114093959673,0.5817911815916135
2.85139404296875,2.42701416015625,5.4294677734375,0.5530201342281831,0.2945646634639734
2.85139404296875,9.71464111328125,0.6003173828125,0.44429530201341993,0.2459301322244928
1.37825927734375,2.42701416015625,0.6003173828125,0.36778523489932735,0.18939451441145985
4.10014404296875,3.4708911132812497,9.1419677734375,1.218791946308708,0.5699774139626195
0.12950927734375,3.4708911132812497,9.1419677734375,0.36644295302013274,0.3399988332498975
4.10014404296875,1.17826416015625,9.1419677734375,0.5718120805369076,0.21930953883189291
4.10014404296875,3.4708911132812497,4.3128173828125,0.9677852348993166,0.44064131539937357
0.12950927734375,1.17826416015625,4.3128173828125,0.36375838926174353,0.1567836640181655
9.09514404296875,8.46589111328125,4.1919677734375,3.2255033557048476,0.7931298248783849
5.1245092773437495,8.46589111328125,4.1919677734375,1.7664429530201076,0.7081696739582399
9.09514404296875,6.17326416015625,4.1919677734375,3.025503355704818,0.7414122534967014
9.09514404296875,8.46589111328125,9.2628173828125,3.457718120805553,0.8543791899576905
5.1245092773437495,6.17326416015625,9.2628173828125,1.8389261744966163,0.7394976453976188
6.59764404296875,0.97339111328125,6.6669677734374995,0.8120805369127422,0.22996745505894753
2.62700927734375,0.97339111328125,6.6669677734374995,0.3812080536912734,0.12992904711685782
6.59764404296875,8.67076416015625,6.6669677734374995,2.455033557047016,0.8019215953160821
6.59764404296875,0.97339111328125,6.7878173828124995,0.8214765100671044,0.23314126041123104
2.62700927734375,8.67076416015625,6.7878173828124995,1.017449664429517,0.6756508866884414
1.60264404296875,5.96839111328125,1.7169677734375002,0.3932885906040249,0.2904645970517168
7.62200927734375,5.96839111328125,1.7169677734375002,1.7892617449664159,0.5024454818943698
1.60264404296875,3.67576416015625,1.7169677734375002,0.3785234899328842,0.24322630840487675
1.60264404296875,5.96839111328125,1.8378173828125002,0.3959731543624141,0.2945027502645262
7.62200927734375,3.67576416015625,1.8378173828125002,1.3906040268456177,0.3833067839030704
2.2270190429687498,4.09526611328125,7.2857177734375,0.6724832214765031,0.4629066326554814
5.74888427734375,4.09526611328125,7.2857177734375,1.7999999999999727,0.6512300173691014
2.2270190429687498,9.29513916015625,7.2857177734375,0.9087248322147539,0.6744428147850503
2.2270190429687498,4.09526611328125,1.2190673828125,0.382550335570468,0.2141354367376843
5.74888427734375,9.29513916015625,1.2190673828125,1.3194630872483035,0.46989869951529306
7.22201904296875,9.09026611328125,2.3357177734375,2.2442953020134278,0.6706400911918403
0.7538842773437501,9.09026611328125,2.3357177734375,0.38657718120805185,0.4219479231754273
7.22201904296875,4.30013916015625,2.3357177734375,1.6496644295301768,0.4831152076236343
7.22201904296875,9.09026611328125,6.1690673828125,2.689932885906111,0.8128791472842309
0.7538842773437501,4.30013916015625,6.1690673828125,0.38657718120805185,0.360971836569165
9.71951904296875,1.59776611328125,9.7607177734375,2.4832214765101073,0.5651382552235379
8.24638427734375,1.59776611328125,9.7607177734375,2.0040268456375534,0.5238511207134247
9.71951904296875,1.8026391601562501,9.7607177734375,2.6134228187920057,0.59693473601643
9.71951904296875,1.59776611328125,8.6440673828125,2.4201342281879503,0.5496762513889706
8.24638427734375,1.8026391601562501,8.6440673828125,2.0697986577181,0.5425763614257668
4.72451904296875,6.59276611328125,4.8107177734375,1.557046979865749,0.6634036419185618
3.25138427734375,6.59276611328125,4.8107177734375,1.0590604026845498,0.5953749810938337
4.72451904296875,6.79763916015625,4.8107177734375,1.5718120805368896,0.6702792824368664
4.72451904296875,6.59276611328125,3.6940673828125004,1.4523489932885696,0.6153946170966913
3.25138427734375,6.79763916015625,3.6940673828125004,0.9879194630872357,0.5515637134279073
3.47576904296875,0.34901611328125004,1.0982177734375,0.36510067114093814,0.04661410727811114
4.50013427734375,0.34901611328125004,1.0982177734375,0.36510067114093814,0.044822710555699474
3.47576904296875,5.54888916015625,1.0982177734375,0.4778523489932851,0.2265572652300511
3.47576904296875,0.34901611328125004,2.4565673828125,0.36644295302013274,0.04987338182422951
4.50013427734375,5.54888916015625,2.4565673828125,1.0765100671140797,0.46311340702793363
8.47076904296875,5.34401611328125,6.0482177734375,2.871140939597413,0.7506131438851518
9.49513427734375,5.34401611328125,6.0482177734375,3.2496644295303545,0.7680726209987712
8.47076904296875,0.55388916015625,6.0482177734375,0.4416107382550307,0.08065315412587995
8.47076904296875,5.34401611328125,7.4065673828125,2.9422818791947387,0.7705421908427446
9.49513427734375,0.55388916015625,7.4065673828125,0.7771812080536824,0.15394044696963494
5.97326904296875,2.84651611328125,3.5732177734375004,1.256375838926157,0.42504814776639366
2.0026342773437498,2.84651611328125,3.5732177734375004,0.3986577181208033,0.23613895744951177
5.97326904296875,3.05138916015625,3.5732177734375004,1.314093959731525,0.4467529009716972
5.97326904296875,2.84651611328125,9.8815673828125,1.7422818791946046,0.6066582156149435
2.0026342773437498,3.05138916015625,9.8815673828125,0.5677852348993238,0.39378724074158733
0.9782690429687501,7.84151611328125,8.5232177734375,0.5033557046979826,0.5475219979875794
6.99763427734375,7.84151611328125,8.5232177734375,2.6147651006712005,0.8125363738752531
0.9782690429687501,8.04638916015625,8.5232177734375,0.5073825503355665,0.5544115968312001
0.9782690429687501,7.84151611328125,4.9315673828125,0.4536912751677822,0.47627813175823375
6.99763427734375,8.04638916015625,4.9315673828125,2.4832214765101073,0.7686167888690405
0.66608154296875,2.5343286132812497,2.0263427734375,0.36778523489932735,0.2444910539758734
2.9391967773437497,2.5343286132812497,2.0263427734375,0.38926174496644106,0.17632094917750163
0.66608154296875,2.11482666015625,2.0263427734375,0.36644295302013274,0.21870109238401636
0.66608154296875,2.5343286132812497,7.0971923828125,0.3744966442953004,0.27275060963099035
2.9391967773437497,2.11482666015625,7.0971923828125,0.5812080536912698,0.3032297053097282
5.66108154296875,7.52932861328125,6.9763427734375,2.0590604026845414,0.7639254458655846
7.93419677734375,7.52932861328125,6.9763427734375,2.9060402684564783,0.8084317136457579
5.66108154296875,7.10982666015625,6.9763427734375,2.0348993288590345,0.7542799871493895
5.66108154296875,7.52932861328125,2.1471923828125004,1.5369127516778298,0.5590215256021406
7.93419677734375,7.10982666015625,2.1471923828125004,2.2402684563758433,0.6137205985909475
8.15858154296875,0.03682861328125,4.5013427734375,0.36375838926174353,0.006155632416657837
0.44169677734375,0.03682861328125,4.5013427734375,0.36375838926174353,0.006255799646546898
8.15858154296875,9.60732666015625,4.5013427734375,2.97046979865783,0.8055022171270083
8.15858154296875,0.03682861328125,4.6221923828125,0.36375838926174353,0.006162948897653314
0.44169677734375,9.60732666015625,4.6221923828125,0.38657718120805185,0.5040454887371457
3.1635815429687497,5.03182861328125,9.4513427734375,1.079194630872469,0.6190517797771056
5.43669677734375,5.03182861328125,9.4513427734375,1.8657718120805085,0.7122850841553582
3.1635815429687497,4.61232666015625,9.4513427734375,1.0456375838926038,0.5966843328704365
3.1635815429687497,5.03182861328125,9.5721923828125,1.0805369127516635,0.6199768300997697
5.43669677734375,4.61232666015625,9.5721923828125,1.8268456375838649,0.6960916113793123
4.41233154296875,1.2855786132812501,5.7388427734375,0.526174496644291,0.1887904681652733
6.68544677734375,1.2855786132812501,5.7388427734375,1.0281879194630739,0.30262023708773683
4.41233154296875,3.36357666015625,5.7388427734375,1.1597315436241453,0.5066383744312357
4.41233154296875,1.2855786132812501,5.8596923828125,0.5342281879194586,0.19260179445116715
6.68544677734375,3.36357666015625,5.8596923828125,1.904697986577152,0.6032216039222484
9.40733154296875,6.28057861328125,0.7888427734375,1.5798657718120572,0.3640662399018728
1.6904467773437502,6.28057861328125,0.7888427734375,0.3798657718120788,0.2581582286204569
9.40733154296875,8.35857666015625,0.7888427734375,1.8765100671140653,0.436459748856406
9.40733154296875,6.28057861328125,0.9096923828125,1.7154362416107125,0.39679916545287713
1.6904467773437502,8.35857666015625,0.9096923828125,0.39060402684563567,0.2858147409291126
6.90983154296875,3.78307861328125,8.2138427734375,2.195973154362414,0.6822348730525825
9.18294677734375,3.78307861328125,8.2138427734375,3.010738255033675,0.7318974749679219
6.90983154296875,5.86107666015625,8.2138427734375,2.4429530201342624,0.7647289260301978
6.90983154296875,3.78307861328125,3.3846923828125,1.74093959731541,0.5318918143529691
9.18294677734375,5.86107666015625,3.3846923828125,2.8818791946309714,0.6978411996551873
1.9148315429687501,8.77807861328125,3.2638427734375,0.645637583892611,0.5061219301328936
4.1879467773437495,8.77807861328125,3.2638427734375,1.3583892617449471,0.6359564724695335
1.9148315429687501,0.8660766601562501,3.2638427734375,0.36912751677852196,0.11219678693904525
1.9148315429687501,8.77807861328125,8.3346923828125,0.8067114093959638,0.655184039742452
4.1879467773437495,0.8660766601562501,8.3346923828125,0.41073825503355477,0.12361947238120469
1.29045654296875,0.66120361328125,7.5950927734375,0.36912751677852196,0.09877907755963639
2.31482177734375,0.66120361328125,7.5950927734375,0.3731543624161058,0.09723097900796186
1.29045654296875,6.48545166015625,7.5950927734375,0.5436241610738208,0.5155874458041835
1.29045654296875,0.66120361328125,8.9534423828125,0.36912751677852196,0.09957766377326041
2.31482177734375,6.48545166015625,8.9534423828125,0.8724832214764995,0.6215068178518443
6.28545654296875,5.65620361328125,2.6450927734375003,1.6805369127516527,0.5592185102729551
7.30982177734375,5.65620361328125,2.6450927734375003,2.016107382550307,0.5916808548988276
6.28545654296875,1.49045166015625,2.6450927734375003,0.5369127516778478,0.15079932778712074
6.28545654296875,5.65620361328125,4.0034423828125,1.935570469798628,0.6499645803685502
7.30982177734375,1.49045166015625,4.0034423828125,1.0711409395973013,0.29453855436526155
8.78295654296875,3.15870361328125,5.1200927734374995,2.492617449664471,0.6242509010532357
4.81232177734375,3.15870361328125,5.1200927734374995,1.1959731543623997,0.48635187272695657
8.78295654296875,3.98795166015625,5.1200927734374995,2.6939597315436954,0.6779796943783625
8.78295654296875,3.15870361328125,1.5284423828125002,1.3302013422818604,0.32111978279112274
4.81232177734375,3.98795166015625,1.5284423828125002,0.6697986577181139,0.25675361430562393
3.78795654296875,8.15370361328125,0.1700927734375,0.3946308724832195,0.16718574908948533
9.80732177734375,8.15370361328125,0.1700927734375,1.0604026845637444,0.2308090500108593
3.78795654296875,8.98295166015625,0.1700927734375,0.3999999999999979,0.17202805512389965
3.78795654296875,8.15370361328125,6.4784423828125,1.3946308724832015,0.7119666042836925
9.80732177734375,8.98295166015625,6.4784423828125,3.6791946308726997,0.8486524399815158
2.53920654296875,4.40745361328125,3.8825927734375,0.6295302013422757,0.3916275504696036
8.55857177734375,4.40745361328125,3.8825927734375,2.523489932885952,0.6480228853185926
2.53920654296875,7.73420166015625,3.8825927734375,0.8322147651006613,0.5522856836438202
2.53920654296875,4.40745361328125,7.7159423828125,0.7986577181207961,0.5182604648376072
8.55857177734375,7.73420166015625,7.7159423828125,3.1771812080538337,0.8275369878767269
7.53420654296875,9.40245361328125,8.8325927734375,2.8953020134229197,0.84522568860584
3.56357177734375,9.40245361328125,8.8325927734375,1.4093959731543422,0.7585965548588965
7.53420654296875,2.7392016601562497,8.8325927734375,2.209395973154362,0.6337370907800425
7.53420654296875,9.40245361328125,2.7659423828125003,2.4885906040268866,0.7192658505465584
3.56357177734375,2.7392016601562497,2.7659423828125003,0.5127516778523449,0.2313765452357641
5.03670654296875,1.90995361328125,1.4075927734375002,0.38791946308724645,0.11712420871184595
6.06107177734375,1.90995361328125,1.4075927734375002,0.3999999999999979,0.1086803145669805
5.03670654296875,0.24170166015625003,1.4075927734375002,0.36510067114093814,0.033576154699902175
5.03670654296875,1.90995361328125,0.2909423828125,0.3731543624161058,0.09810003977098339
6.06107177734375,0.24170166015625003,0.2909423828125,0.36510067114093814,0.02946996237287706
0.04170654296875,6.90495361328125,6.3575927734375,0.36510067114093814,0.47474851363724807
1.06607177734375,6.90495361328125,6.3575927734375,0.4791946308724797,0.48611544075063795
0.04170654296875,5.23670166015625,6.3575927734375,0.36375838926174353,0.4166547758613117
0.04170654296875,6.90495361328125,5.2409423828124995,0.36375838926174353,0.4692041631879011
1.06607177734375,5.23670166015625,5.2409423828124995,0.4174496644295278,0.38614300245985916
0.03195068359375,4.39769775390625,2.4614013671875004,0.36375838926174353,0.3701209875251914
2.44164794921875,4.39769775390625,2.4614013671875004,0.4751677852348959,0.28480452247839794
0.03195068359375,6.65130126953125,2.4614013671875004,0.36375838926174353,0.45121850852063594
0.03195068359375,4.39769775390625,9.5625244140625,0.36375838926174353,0.38755259372959827
2.44164794921875,6.65130126953125,9.5625244140625,0.9302013422818676,0.6430087133428084
5.02695068359375,9.39269775390625,7.4114013671875,1.9208053691274873,0.7885831980454968
7.43664794921875,9.39269775390625,7.4114013671875,2.8255033557047886,0.8335829602950551
5.02695068359375,1.65630126953125,7.4114013671875,0.9610738255033435,0.36082477513262
5.02695068359375,9.39269775390625,4.6125244140624995,1.8080536912751404,0.738708997249941
7.43664794921875,1.65630126953125,4.6125244140624995,1.3355704697986388,0.3705992059159062
7.52445068359375,1.90019775390625,4.9364013671875,1.5583892617449435,0.43451696599276723
4.93914794921875,1.90019775390625,4.9364013671875,0.853691275167775,0.32136340959694537
7.52445068359375,4.15380126953125,4.9364013671875,2.2630872483221554,0.6509225512717578
7.52445068359375,1.90019775390625,2.1375244140625003,0.822818791946299,0.2161068692693588
4.93914794921875,4.15380126953125,2.1375244140625003,0.9248322147650891,0.3606785173550228
2.52945068359375,6.89519775390625,9.8864013671875,0.973154362416095,0.6594633694638401
9.93414794921875,6.89519775390625,9.8864013671875,3.6979865771814273,0.8434900299856054
2.52945068359375,9.14880126953125,9.8864013671875,1.0456375838926038,0.7177428985960923
2.52945068359375,6.89519775390625,7.0875244140625,0.9248322147650891,0.6224952473187215
9.93414794921875,9.14880126953125,7.0875244140625,3.7583892617451946,0.8573990541077126
3.77820068359375,0.65144775390625,6.1739013671875,0.3798657718120788,0.09173665334923402
8.68539794921875,0.65144775390625,6.1739013671875,0.7073825503355629,0.15021046785060144
3.77820068359375,7.90005126953125,6.1739013671875,1.3704697986576986,0.6998592045043934
3.77820068359375,0.65144775390625,8.3250244140625,0.38523489932885724,0.09621444320225636
8.68539794921875,7.90005126953125,8.3250244140625,3.252348993288744,0.8365687841896932
8.77320068359375,5.64644775390625,1.2239013671875,1.734228187919437,0.42758342848636743
3.6903979492187498,5.64644775390625,1.2239013671875,0.5557046979865723,0.2591892796345123
8.77320068359375,2.90505126953125,1.2239013671875,1.0067114093959602,0.23826534446271078
8.77320068359375,5.64644775390625,3.3750244140625,2.703355704698059,0.68097987832647
3.6903979492187498,2.90505126953125,3.3750244140625,0.6536912751677786,0.303505773331718
6.27570068359375,3.14894775390625,8.6489013671875,1.8724832214764815,0.6274022477700754
6.18789794921875,3.14894775390625,8.6489013671875,1.8416107382550055,0.6241868793386429
6.27570068359375,0.40755126953125004,8.6489013671875,0.38791946308724645,0.06370212880139024
6.27570068359375,3.14894775390625,0.9000244140625,0.4617449664429498,0.132850014630066
6.18789794921875,0.40755126953125004,0.9000244140625,0.36644295302013274,0.046157009205574494
1.28070068359375,8.14394775390625,3.6989013671875,0.49127516778523117,0.46259577358913445
1.1928979492187501,8.14394775390625,3.6989013671875,0.47114093959731207,0.4554168527434532
1.28070068359375,5.40255126953125,3.6989013671875,0.4174496644295278,0.3560424273443826
1.28070068359375,8.14394775390625,5.8500244140625,0.5543624161073777,0.538871621588042
1.1928979492187501,5.40255126953125,5.8500244140625,0.4550335570469768,0.41730969378585203
1.9050756835937501,1.27582275390625,8.0301513671875,0.38389261744966263,0.1671793583959016
3.06602294921875,1.27582275390625,8.0301513671875,0.4174496644295278,0.1692231403206505
1.9050756835937501,2.28067626953125,8.0301513671875,0.43087248322147387,0.26389276763729647
1.9050756835937501,1.27582275390625,6.4687744140625,0.3798657718120788,0.16180343361421962
3.06602294921875,2.28067626953125,6.4687744140625,0.621476510067108,0.32231595247643796
6.90007568359375,6.27082275390625,3.0801513671875003,2.0644295302013207,0.6396501936169808
8.06102294921875,6.27082275390625,3.0801513671875003,2.468456375838964,0.6696385185500997
6.90007568359375,7.27567626953125,3.0801513671875003,2.165100671140933,0.6729372176542869
6.90007568359375,6.27082275390625,1.5187744140625001,1.512751677852327,0.460630793004554
8.06102294921875,7.27567626953125,1.5187744140625001,1.9852348993288285,0.5330146161357001
9.39757568359375,3.7733227539062497,5.5551513671874995,2.9127516778524525,0.6909314753280253
0.56852294921875,3.7733227539062497,5.5551513671874995,0.3744966442953004,0.3364422476663503
9.39757568359375,9.77317626953125,5.5551513671874995,3.5181208053693203,0.8429024952529729
9.39757568359375,3.7733227539062497,3.9937744140625004,2.69530201342289,0.6362367298453168
0.56852294921875,9.77317626953125,3.9937744140625004,0.3946308724832195,0.48984234305088625
4.40257568359375,8.76832275390625,0.6051513671875,0.6335570469798595,0.26509996888473514
5.56352294921875,8.76832275390625,0.6051513671875,0.8442953020134127,0.2992126240250389
4.40257568359375,4.77817626953125,0.6051513671875,0.4013422818791925,0.15017812413082704
4.40257568359375,8.76832275390625,8.9437744140625,1.6979865771811826,0.7756380234364076
5.56352294921875,4.77817626953125,8.9437744140625,1.873825503355676,0.7008628949499696
3.15382568359375,2.52457275390625,4.3176513671875,0.5624161073825453,0.2814116120989665
6.81227294921875,2.52457275390625,4.3176513671875,1.5288590604026622,0.46709416319793995
3.15382568359375,3.5294262695312497,4.3176513671875,0.7221476510067035,0.3884144813900807
3.15382568359375,2.52457275390625,5.2312744140625,0.6268456375838865,0.3216588069039749
6.81227294921875,3.5294262695312497,5.2312744140625,1.9275167785234604,0.6006283851393805
8.14882568359375,7.51957275390625,9.2676513671875,3.04832214765113,0.8296517953341385
1.81727294921875,7.51957275390625,9.2676513671875,0.7530201342281795,0.6242084232113558
8.14882568359375,8.52442626953125,9.2676513671875,3.0993288590605337,0.8442729523023261
8.14882568359375,7.51957275390625,0.2812744140625,0.8805369127516671,0.22363087337096524
1.81727294921875,8.52442626953125,0.2812744140625,0.3785234899328842,0.24929367102336203
5.6513256835937495,0.027072753906250004,1.8426513671875002,0.36375838926174353,0.0044163703033681
9.30977294921875,0.027072753906250004,1.8426513671875002,0.36375838926174353,0.004376484296090256
5.6513256835937495,6.02692626953125,1.8426513671875002,1.276510067114076,0.4585387077057579
5.6513256835937495,0.027072753906250004,2.7562744140625,0.36375838926174353,0.004485100922373034
9.30977294921875,6.02692626953125,2.7562744140625,2.7892617449665282,0.66553894377729
0.65632568359375,5.02207275390625,6.7926513671875,0.38926174496644106,0.39790012669438046
4.31477294921875,5.02207275390625,6.7926513671875,1.3946308724832015,0.6355277436794075
0.65632568359375,1.03192626953125,6.7926513671875,0.36644295302013274,0.14209422213592696
0.65632568359375,5.02207275390625,7.7062744140625,0.3919463087248303,0.40434163769235487
4.31477294921875,1.03192626953125,7.7062744140625,0.46577181208053364,0.15632442162549137
0.96851318359375,0.33926025390625003,2.7707763671875,0.36375838926174353,0.051716690861915965
5.87571044921875,0.33926025390625003,2.7707763671875,0.36912751677852196,0.04651287656870491
0.96851318359375,8.83661376953125,2.7707763671875,0.40939597315436016,0.4191368323911836
0.96851318359375,0.33926025390625003,0.5906494140625,0.36375838926174353,0.04862551564580074
5.87571044921875,8.83661376953125,0.5906494140625,0.8993288590603916,0.30572716101913666
5.96351318359375,5.33426025390625,7.7207763671875,2.0362416107382293,0.7199988425308856
0.8807104492187501,5.33426025390625,7.7207763671875,0.420134228187917,0.4232650640463841
5.96351318359375,3.84161376953125,7.7207763671875,1.8550335570469516,0.6508035258653568
5.96351318359375,5.33426025390625,5.5406494140625,1.9315436241610442,0.6801288497894491
0.8807104492187501,3.84161376953125,5.5406494140625,0.38523489932885724,0.3314822193930994
8.46101318359375,2.8367602539062498,0.2957763671875,0.39060402684563567,0.08211287989858851
8.37321044921875,2.8367602539062498,0.2957763671875,0.39060402684563567,0.08272176948191037
8.46101318359375,1.34411376953125,0.2957763671875,0.3744966442953004,0.06566251629050314
8.46101318359375,2.8367602539062498,8.0156494140625,2.5221476510067573,0.6550477485953634
8.37321044921875,1.34411376953125,8.0156494140625,1.754362416107356,0.44651281882991456
3.4660131835937498,7.83176025390625,5.2457763671875,1.2201342281879026,0.6619586577423632
3.37821044921875,7.83176025390625,5.2457763671875,1.1892617449664267,0.6572931059887493
3.4660131835937498,6.33911376953125,5.2457763671875,1.1395973154362262,0.6127171057302905
3.4660131835937498,7.83176025390625,3.0656494140625004,1.0469798657717984,0.5598669981505154
3.37821044921875,6.33911376953125,3.0656494140625004,0.9275167785234784,0.49825025281007973
4.71476318359375,4.08551025390625,8.9582763671875,1.5006711409395754,0.6370318488673941
4.62696044921875,4.08551025390625,8.9582763671875,1.4697986577180995,0.6330130299629595
4.71476318359375,5.09036376953125,8.9582763671875,1.6040268456375602,0.6858750726811776
4.71476318359375,4.08551025390625,1.8281494140625,0.7664429530201256,0.30421769052828007
4.62696044921875,5.09036376953125,1.8281494140625,0.8872483221476402,0.3656148540452712
9.70976318359375,9.08051025390625,4.0082763671875,3.4765100671142806,0.8065493345143238
9.62196044921875,9.08051025390625,4.0082763671875,3.44295302013441,0.8052947848310377
9.70976318359375,0.09536376953125,4.0082763671875,0.36644295302013274,0.015230589985974425
9.70976318359375,9.08051025390625,6.7781494140625,3.6577181208055825,0.8515694609515874
9.62196044921875,0.09536376953125,6.7781494140625,0.36778523489932735,0.015843011782304926
7.21226318359375,1.58801025390625,6.4832763671875,1.464429530201321,0.4210513621554153
2.1294604492187497,1.58801025390625,6.4832763671875,0.3919463087248303,0.18811462807700535
7.21226318359375,2.5928637695312498,6.4832763671875,1.9234899328858766,0.5682152803071512
7.21226318359375,1.58801025390625,9.2531494140625,1.6510067114093714,0.480176752795585
2.1294604492187497,2.5928637695312498,9.2531494140625,0.5355704697986532,0.3446638507008527
2.21726318359375,6.58301025390625,1.5332763671875,0.44295302013422533,0.2861438510077485
7.12446044921875,6.58301025390625,1.5332763671875,1.6255033557046739,0.48305522106451715
2.21726318359375,7.58786376953125,1.5332763671875,0.4818791946308689,0.3208248627996628
2.21726318359375,6.58301025390625,4.3031494140625,0.7114093959731467,0.5068216554990977
7.12446044921875,7.58786376953125,4.3031494140625,2.445637583892652,0.7437058837634067
1.59288818359375,3.46113525390625,7.1020263671874995,0.46577181208053364,0.350037096906488
8.99758544921875,3.46113525390625,7.1020263671874995,2.8201342281880093,0.6960314288045997
1.59288818359375,4.46598876953125,7.1020263671874995,0.5302013422818748,0.4290501447107677
1.59288818359375,3.46113525390625,3.6843994140625003,0.3959731543624141,0.27243640945317593
8.99758544921875,4.46598876953125,3.6843994140625003,2.649664429530266,0.6510268335251728
6.5878881835937495,8.45613525390625,2.1520263671875,1.9194630872482927,0.6182320427869218
4.00258544921875,8.45613525390625,2.1520263671875,1.0912751677852204,0.5213475314500842
6.5878881835937495,9.46098876953125,2.1520263671875,1.993288590603996,0.6435638902270229
6.5878881835937495,8.45613525390625,8.6343994140625,2.493959731543666,0.8167829570522143
4.00258544921875,9.46098876953125,8.6343994140625,1.5691275167785004,0.7730193181959615
9.08538818359375,0.96363525390625,9.5770263671875,1.6563758389261498,0.38759923705312865
6.50008544921875,0.96363525390625,9.5770263671875,0.9677852348993166,0.28594509972916354
9.08538818359375,6.96348876953125,9.5770263671875,3.3744966442954736,0.8337488152427797
9.08538818359375,0.96363525390625,6.1593994140624995,1.3409395973154172,0.3072023963016964
6.50008544921875,6.96348876953125,6.1593994140624995,2.3006711409396106,0.7585180610168297
4.09038818359375,5.95863525390625,4.6270263671875,1.2791946308724653,0.6059517759839236
1.50508544921875,5.95863525390625,4.6270263671875,0.5127516778523449,0.4353597578156069
4.09038818359375,1.96848876953125,4.6270263671875,0.6496644295301948,0.27156410772110307
4.09038818359375,5.95863525390625,1.2093994140625002,0.6496644295301948,0.28665013215002655
1.50508544921875,1.96848876953125,1.2093994140625002,0.36912751677852196,0.17812747829645625
2.8416381835937496,2.2123852539062496,0.9145263671875,0.3731543624161058,0.1493917251165966
0.25633544921875,2.2123852539062496,0.9145263671875,0.36375838926174353,0.2282417996125462
2.8416381835937496,0.71973876953125,0.9145263671875,0.36644295302013274,0.08158107046509014
2.8416381835937496,2.2123852539062496,4.9218994140625,0.4818791946308689,0.24417414587187525
0.25633544921875,0.71973876953125,4.9218994140625,0.36375838926174353,0.1047868734807661
7.83663818359375,7.20738525390625,5.8645263671875,2.797315436241697,0.7853055797591725
5.25133544921875,7.20738525390625,5.8645263671875,1.846979865771784,0.7269101106488846
7.83663818359375,5.71473876953125,5.8645263671875,2.6684563758389936,0.747037773994877
7.83663818359375,7.20738525390625,9.8718994140625,2.9221476510068163,0.8230305058826837
5.25133544921875,5.71473876953125,9.8718994140625,1.8644295302013139,0.7343414482510511
5.33913818359375,4.70988525390625,3.3895263671875,1.4093959731543422,0.5343577614021213
2.75383544921875,4.70988525390625,3.3895263671875,0.66577181208053,0.39596520216294584
5.33913818359375,8.21223876953125,3.3895263671875,1.7395973154362154,0.6717831512885694
5.33913818359375,4.70988525390625,7.3968994140625,1.7395973154362154,0.6708389937770353
2.75383544921875,8.21223876953125,7.3968994140625,1.0590604026845498,0.680828413054152
0.34413818359375004,9.70488525390625,8.3395263671875,0.39060402684563567,0.5449175143699154
7.74883544921875,9.70488525390625,8.3395263671875,2.978523489932999,0.8483961962093882
0.34413818359375004,3.21723876953125,8.3395263671875,0.37046979865771656,0.3218204068288725
0.34413818359375004,9.70488525390625,2.4468994140625,0.37181208053691117,0.48144021347623434
7.74883544921875,3.21723876953125,2.4468994140625,1.5651006711409166,0.42758528503364784
0.50023193359375,2.05629150390625,5.4004638671875,0.36778523489932735,0.2340362106952109
6.96836669921875,2.05629150390625,5.4004638671875,1.5342281879194406,0.45837252164136844
0.50023193359375,5.55864501953125,5.4004638671875,0.3785234899328842,0.4085514707887742
0.50023193359375,2.05629150390625,1.0547119140625,0.36510067114093814,0.2108853919513246
6.96836669921875,5.55864501953125,1.0547119140625,1.1328859060402532,0.3354875121653915
5.49523193359375,7.05129150390625,0.4504638671875,0.5919463087248267,0.2033454411611996
1.97336669921875,7.05129150390625,0.4504638671875,0.3798657718120788,0.23676325167385429
5.49523193359375,0.56364501953125,0.4504638671875,0.36644295302013274,0.05520881828288242
5.49523193359375,7.05129150390625,6.0047119140625,1.9328859060402388,0.7329412579581267
1.97336669921875,0.56364501953125,6.0047119140625,0.36912751677852196,0.08365646017031611
7.99273193359375,4.5537915039062495,7.8754638671875,2.688590604026916,0.7396217321945874
9.46586669921875,4.5537915039062495,7.8754638671875,3.229530201342432,0.7657201620648353
7.99273193359375,3.0611450195312497,7.8754638671875,2.4120805369127813,0.6588315992378676
7.99273193359375,4.5537915039062495,8.4797119140625,2.7100671140940333,0.7459959198819294
9.46586669921875,3.0611450195312497,8.4797119140625,2.962416107382661,0.6991480637389319
2.99773193359375,9.54879150390625,2.9254638671875,0.9624161073825381,0.574406908677549
4.47086669921875,9.54879150390625,2.9254638671875,1.4469798657717912,0.6441688533529274
2.99773193359375,8.05614501953125,2.9254638671875,0.897986577181197,0.5305082305639549
2.99773193359375,9.54879150390625,3.5297119140625,1.0228187919462954,0.6141477190782558
4.47086669921875,8.05614501953125,3.5297119140625,1.4469798657717912,0.6435397403952996
4.24648193359375,3.3050415039062497,1.6879638671875001,0.5114093959731503,0.2050792990206407
3.2221166992187498,3.3050415039062497,1.6879638671875001,0.40402684563758173,0.18490377803577857
4.24648193359375,9.30489501953125,1.6879638671875001,1.0885906040268312,0.49563351515303966
4.24648193359375,3.3050415039062497,2.2922119140625004,0.6604026845637516,0.27718116105083396
3.2221166992187498,9.30489501953125,2.2922119140625004,0.9302013422818676,0.5226800899461226
9.24148193359375,8.30004150390625,6.6379638671875,3.432214765100851,0.8347111347278517
8.21711669921875,8.30004150390625,6.6379638671875,3.0442953020135457,0.8216666244651181
9.24148193359375,4.3098950195312495,6.6379638671875,3.0456375838927405,0.736095262219437
9.24148193359375,8.30004150390625,7.2422119140625,3.4550335570471633,0.8406364099986445
8.21711669921875,4.3098950195312495,7.2422119140625,2.706040268456449,0.7255911306361776
6.74398193359375,0.80754150390625,4.1629638671875,0.41073825503355477,0.09160200164673185
0.72461669921875,0.80754150390625,4.1629638671875,0.36510067114093814,0.11304978208853625
6.74398193359375,1.8123950195312502,4.1629638671875,1.1651006711409237,0.34870182962962176
6.74398193359375,0.80754150390625,9.7172119140625,0.8456375838926073,0.23400627037549937
0.72461669921875,1.8123950195312502,9.7172119140625,0.3731543624161058,0.22281959231745835
1.74898193359375,5.80254150390625,9.1129638671875,0.6684563758389193,0.5504276101632645
5.71961669921875,5.80254150390625,9.1129638671875,2.0255033557046707,0.7436680966196658
1.74898193359375,6.80739501953125,9.1129638671875,0.7060402684563682,0.5916986526170352
1.74898193359375,5.80254150390625,4.7672119140625,0.570469798657713,0.4535602004397104
5.71961669921875,6.80739501953125,4.7672119140625,1.9208053691274873,0.7022060806475057
2.3733569335937497,3.92941650390625,4.7817138671874995,0.6040268456375781,0.3878818951765842
7.59274169921875,3.92941650390625,4.7817138671874995,2.226845637583895,0.6344131923121012
2.3733569335937497,1.18802001953125,4.7817138671874995,0.3785234899328842,0.14416515720190196
2.3733569335937497,3.92941650390625,2.9109619140625003,0.47114093959731207,0.28423265487093563
7.59274169921875,1.18802001953125,2.9109619140625003,0.6067114093959673,0.14717779789553276
7.36835693359375,8.92441650390625,9.7317138671875,2.8281879194631783,0.8418393605207866
2.5977416992187496,8.92441650390625,9.7317138671875,1.061744966442939,0.715143521447895
7.36835693359375,6.18302001953125,9.7317138671875,2.675167785234968,0.7938037859043163
7.36835693359375,8.92441650390625,7.8609619140625,2.791946308724918,0.830238550532079
2.5977416992187496,6.18302001953125,7.8609619140625,0.9315436241610622,0.6137621338102288
9.86585693359375,1.43191650390625,2.3067138671875003,1.030872483221463,0.21624083943072175
5.09524169921875,1.43191650390625,2.3067138671875003,0.3932885906040249,0.11468147126484861
9.86585693359375,8.68052001953125,2.3067138671875003,3.1409395973155734,0.7137040543847066
9.86585693359375,1.43191650390625,5.3859619140624995,1.9852348993288285,0.4380225461071799
5.09524169921875,8.68052001953125,5.3859619140624995,1.8456375838925894,0.746233438389261
4.87085693359375,6.42691650390625,7.2567138671875,1.7154362416107125,0.7173394080935279
0.10024169921875,6.42691650390625,7.2567138671875,0.36644295302013274,0.45964311310561773
4.87085693359375,3.68552001953125,7.2567138671875,1.4402684563758181,0.591489870167156
4.87085693359375,6.42691650390625,0.43596191406250007,0.457718120805366,0.16648144066426443
0.10024169921875,3.68552001953125,0.43596191406250007,0.36375838926174353,0.3147099572771097
3.62210693359375,0.18316650390625,8.4942138671875,0.36778523489932735,0.030560346470934675
1.34899169921875,0.18316650390625,8.4942138671875,0.36510067114093814,0.0306989907921835
3.62210693359375,4.93427001953125,8.4942138671875,1.2040268456375673,0.6263704080053547
3.62210693359375,0.18316650390625,4.1484619140625,0.36510067114093814,0.02903888868249681
1.34899169921875,4.93427001953125,4.1484619140625,0.42550335570469544,0.35257614727165754
8.61710693359375,5.17816650390625,3.5442138671875,2.6134228187920057,0.6682303289666665
6.3439916992187495,5.17816650390625,3.5442138671875,1.8281879194630595,0.6062965041693574
8.61710693359375,9.92927001953125,3.5442138671875,3.057718120805494,0.7886412442014147
8.61710693359375,5.17816650390625,9.0984619140625,3.034899328859182,0.7837539725551742
6.3439916992187495,9.92927001953125,9.0984619140625,2.4671140939597693,0.8358164169763305
6.11960693359375,2.68066650390625,6.0192138671875,1.5610738255033327,0.526330224572338
3.84649169921875,2.68066650390625,6.0192138671875,0.8818791946308617,0.41443475694021215
6.11960693359375,7.43177001953125,6.0192138671875,2.1852348993288553,0.7585606943077596
6.11960693359375,2.68066650390625,6.6234619140625,1.6053691275167548,0.5426203818271471
3.84649169921875,7.43177001953125,6.6234619140625,1.3879194630872285,0.6987649708344867
1.12460693359375,7.67566650390625,1.0692138671875,0.3785234899328842,0.3263392812923265
8.84149169921875,7.67566650390625,1.0692138671875,1.9261744966442658,0.4746598151072161
1.12460693359375,2.43677001953125,1.0692138671875,0.36778523489932735,0.20890396771036887
1.12460693359375,7.67566650390625,1.6734619140625002,0.38657718120805185,0.3468877229961821
8.84149169921875,2.43677001953125,1.6734619140625002,1.1355704697986424,0.26841609295539304
0.81241943359375,2.99285400390625,9.4223388671875,0.38523489932885724,0.3098180452114544
1.03680419921875,2.99285400390625,9.4223388671875,0.3973154362416087,0.3122000775904308
0.81241943359375,7.74395751953125,9.4223388671875,0.46577181208053364,0.5361184361336485
0.81241943359375,2.99285400390625,8.7890869140625,0.38389261744966263,0.3071010145645954
1.03680419921875,7.74395751953125,8.7890869140625,0.5194630872483179,0.5537946388039527
5.80741943359375,7.98785400390625,4.4723388671875,2.008053691275138,0.7265202236287298
6.03180419921875,7.98785400390625,4.4723388671875,2.0899328859060224,0.7326626441285513
5.80741943359375,2.74895751953125,4.4723388671875,1.3234899328858873,0.46079582432458177
5.80741943359375,7.98785400390625,3.8390869140625004,1.9463087248321849,0.7026472220263017
6.03180419921875,2.74895751953125,3.8390869140625004,1.2926174496644114,0.4344154434200594
8.30491943359375,0.49535400390625,6.9473388671875,0.4187919463087224,0.07285467750101014
3.53430419921875,0.49535400390625,6.9473388671875,0.3744966442953004,0.07437135386331337
8.30491943359375,0.25145751953125,6.9473388671875,0.3785234899328842,0.03959475680795375
8.30491943359375,0.49535400390625,1.3640869140625,0.37181208053691117,0.05047152683578584
3.53430419921875,0.25145751953125,1.3640869140625,0.36510067114093814,0.03599570894702962
3.30991943359375,5.4903540039062495,1.9973388671875,0.6644295302013354,0.34633971811668685
8.52930419921875,5.4903540039062495,1.9973388671875,2.1369127516778414,0.5459735646967706
3.30991943359375,5.2464575195312495,1.9973388671875,0.6442953020134163,0.33365844728312305
3.30991943359375,5.4903540039062495,6.3140869140625,1.079194630872469,0.5976387970766812
8.52930419921875,5.2464575195312495,6.3140869140625,2.8979865771813094,0.7531943834099454
4.55866943359375,1.74410400390625,3.2348388671875004,0.4926174496644258,0.1758873557727039
9.77805419921875,1.74410400390625,3.2348388671875004,1.696644295301988,0.37413947821772714
4.55866943359375,6.49520751953125,3.2348388671875004,1.3288590604026658,0.5765035555046661
4.55866943359375,1.74410400390625,7.5515869140625,0.8832214765100563,0.35569501937668785
9.77805419921875,6.49520751953125,7.5515869140625,3.5463087248324117,0.8191676909263119
9.55366943359375,6.73910400390625,8.1848388671875,3.5020134228189823,0.8264987815541688
4.78305419921875,6.73910400390625,8.1848388671875,1.7288590604026586,0.7352195182123817
9.55366943359375,1.50020751953125,8.1848388671875,2.2604026845637657,0.5191998025577717
9.55366943359375,6.73910400390625,2.6015869140625,2.9221476510068163,0.6820772635979159
4.78305419921875,1.50020751953125,2.6015869140625,0.3999999999999979,0.12461912161304216
7.05616943359375,4.24160400390625,0.7598388671875,0.7020134228187844,0.19644042986607246
7.28055419921875,4.24160400390625,0.7598388671875,0.7382550335570388,0.20209468108628478
7.05616943359375,3.9977075195312497,0.7598388671875,0.6550335570469732,0.1815970896588402
7.05616943359375,4.24160400390625,0.1265869140625,0.39060402684563567,0.09734670641209953
7.28055419921875,3.9977075195312497,0.1265869140625,0.39060402684563567,0.0943150869870333
2.06116943359375,9.23660400390625,5.7098388671875,0.816107382550326,0.6310560133859735
2.28555419921875,9.23660400390625,5.7098388671875,0.8899328859060294,0.6461500928496543
2.06116943359375,8.99270751953125,5.7098388671875,0.809395973154353,0.6247609495436304
2.06116943359375,9.23660400390625,5.0765869140625,0.7959731543624069,0.6133048612050875
2.28555419921875,8.99270751953125,5.0765869140625,0.860402684563748,0.6217419374749797
1.4367944335937501,1.11972900390625,0.14108886718750002,0.36510067114093814,0.11334026943027767
4.15867919921875,1.11972900390625,0.14108886718750002,0.36778523489932735,0.08315729712866174
1.4367944335937501,3.37333251953125,0.14108886718750002,0.36778523489932735,0.19983468388847325
1.4367944335937501,1.11972900390625,6.9328369140624995,0.3731543624161058,0.1495853698995186
4.15867919921875,3.37333251953125,6.9328369140624995,1.1489932885905885,0.5270571473633084
6.43179443359375,6.11472900390625,5.0910888671875,2.1436241610738156,0.7099922298799051
9.15367919921875,6.11472900390625,5.0910888671875,3.136912751677989,0.7658571023459919
6.43179443359375,8.36833251953125,5.0910888671875,2.303355704698,0.7667209032589308
6.43179443359375,6.11472900390625,1.9828369140625002,1.570469798657695,0.5101680579126728
9.15367919921875,8.36833251953125,1.9828369140625002,2.722147651006787,0.659341854475597
8.92929443359375,3.61722900390625,2.6160888671875,2.110067114093945,0.5154753236913514
1.6611791992187501,3.61722900390625,2.6160888671875,0.38657718120805185,0.2555526020061372
8.92929443359375,5.87083251953125,2.6160888671875,2.587919463087304,0.6397129595817842
8.92929443359375,3.61722900390625,4.4578369140625,2.5744966442953556,0.6360537064994207
1.6611791992187501,5.87083251953125,4.4578369140625,0.539597315436237,0.43734533755905824
3.9342944335937498,8.61222900390625,7.5660888671875,1.495302013422797,0.7441084303333496
6.65617919921875,8.61222900390625,7.5660888671875,2.502013422818835,0.8117492486094466
3.9342944335937498,0.8758325195312501,7.5660888671875,0.3999999999999979,0.12090554746274151
3.9342944335937498,8.61222900390625,9.4078369140625,1.5275167785234676,0.7616961809526839
6.65617919921875,0.8758325195312501,9.4078369140625,0.8966442953020024,0.25497293766420104
2.68554443359375,4.86597900390625,6.3285888671874995,0.8362416107382451,0.5259846210163543
5.4074291992187495,4.86597900390625,6.3285888671874995,1.7328859060402424,0.6605376162011858
2.68554443359375,2.1245825195312498,6.3285888671874995,0.502013422818788,0.26603524145142293
2.68554443359375,4.86597900390625,5.6953369140625,0.8120805369127422,0.50849404576813
5.4074291992187495,2.1245825195312498,5.6953369140625,1.136912751677837,0.41286464149536706
7.68054443359375,9.86097900390625,1.3785888671875002,2.0348993288590345,0.5723556950254598
0.41242919921875004,9.86097900390625,1.3785888671875002,0.37046979865771656,0.45165949904021124
7.68054443359375,7.11958251953125,1.3785888671875002,1.7624161073825237,0.49163575750992417
7.68054443359375,9.86097900390625,0.7453369140625,1.5302013422818568,0.42478117062217924
0.41242919921875004,7.11958251953125,0.7453369140625,0.36644295302013274,0.3874760351384917
5.18304443359375,2.3684790039062498,8.8035888671875,1.3288590604026658,0.5103837388308243
7.90492919921875,2.3684790039062498,8.8035888671875,2.217449664429531,0.6082331460550879
5.18304443359375,9.61708251953125,8.8035888671875,2.014765100671112,0.8079269320553863
5.18304443359375,2.3684790039062498,3.2203369140625,0.8335570469798559,0.30330729374256965
7.90492919921875,9.61708251953125,3.2203369140625,2.7261744966443713,0.7574185856629043
0.18804443359375,7.36347900390625,3.8535888671875003,0.36778523489932735,0.4664225771729441
2.90992919921875,7.36347900390625,3.8535888671875003,0.9275167785234784,0.5617466887217554
0.18804443359375,4.62208251953125,3.8535888671875003,0.36644295302013274,0.3786652982542985
0.18804443359375,7.36347900390625,8.1703369140625,0.37181208053691117,0.4883997603012217
2.90992919921875,4.62208251953125,8.1703369140625,0.9395973154362298,0.5644937351759165
0.26609130859375,0.88558837890625,9.3449951171875,0.36510067114093814,0.12857491475177354
9.07563232421875,0.88558837890625,9.3449951171875,1.526174496644273,0.35416257296602627
0.26609130859375,0.48559814453125,9.3449951171875,0.36375838926174353,0.07623897403150301
0.26609130859375,0.88558837890625,5.3086181640625,0.36375838926174353,0.12490424383289722
9.07563232421875,0.48559814453125,5.3086181640625,0.40402684563758173,0.06416117318827591
5.26109130859375,5.88058837890625,4.3949951171874995,1.6483221476509822,0.6416406611708844
4.08063232421875,5.88058837890625,4.3949951171874995,1.2523489932885732,0.5931403281485108
5.26109130859375,5.48059814453125,4.3949951171874995,1.6093959731543386,0.6251172736800852
5.26109130859375,5.88058837890625,0.3586181640625,0.4214765100671116,0.14119661403857575
4.08063232421875,5.48059814453125,0.3586181640625,0.39060402684563567,0.15204981932312955
7.75859130859375,3.38308837890625,6.8699951171875,2.3503355704698192,0.658790005085202
6.57813232421875,3.38308837890625,6.8699951171875,1.942281879194601,0.625282037379908
7.75859130859375,7.97809814453125,6.8699951171875,2.861744966443049,0.8121933372680213
7.75859130859375,3.38308837890625,2.8336181640625,1.7557046979865507,0.48276151838287407
6.57813232421875,7.97809814453125,2.8336181640625,2.060402684563736,0.6670380930318127
2.76359130859375,8.37808837890625,1.9199951171875,0.6979865771812006,0.42590798726760215
1.58313232421875,8.37808837890625,1.9199951171875,0.44563758389261454,0.36222581965717815
2.76359130859375,2.9830981445312497,1.9199951171875,0.3919463087248303,0.19086400277360172
2.76359130859375,8.37808837890625,7.7836181640625,1.075167785234885,0.6906873287531328
1.58313232421875,2.9830981445312497,7.7836181640625,0.4389261744966415,0.31469622893256477
4.01234130859375,4.63183837890625,3.1574951171875,0.9637583892617327,0.44954224222959405
0.33438232421875,4.63183837890625,3.1574951171875,0.36778523489932735,0.3659917377427739
4.01234130859375,4.2318481445312495,3.1574951171875,0.9127516778523377,0.42229894397519363
4.01234130859375,4.63183837890625,6.5461181640624995,1.2456375838926002,0.5965910685082675
0.33438232421875,4.2318481445312495,6.5461181640624995,0.37181208053691117,0.3698523289944087
9.00734130859375,9.62683837890625,8.1074951171875,3.4523489932887736,0.8606211484231338
5.3293823242187495,9.62683837890625,8.1074951171875,2.0563758389261517,0.8055552112551854
9.00734130859375,9.22684814453125,8.1074951171875,3.434899328859241,0.8560842346581264
9.00734130859375,9.62683837890625,1.5961181640625002,2.5852348993289143,0.6344052755809577
5.3293823242187495,9.22684814453125,1.5961181640625002,1.369127516778504,0.5220254562499667
6.50984130859375,2.13433837890625,0.6824951171875,0.38523489932885724,0.09565128472970211
2.83188232421875,2.13433837890625,0.6824951171875,0.37181208053691117,0.14300968346422824
6.50984130859375,6.72934814453125,0.6824951171875,0.90469798657717,0.28046304318717563
6.50984130859375,2.13433837890625,4.0711181640625,1.242953020134211,0.3875374287310578
2.83188232421875,6.72934814453125,4.0711181640625,0.8859060402684455,0.5439491175947411
1.51484130859375,7.12933837890625,5.6324951171875,0.5865771812080482,0.519413043453051
7.82688232421875,7.12933837890625,5.6324951171875,2.774496644295385,0.7793850630575647
1.51484130859375,1.73434814453125,5.6324951171875,0.3798657718120788,0.19986607044872
1.51484130859375,7.12933837890625,9.0211181640625,0.6442953020134163,0.5824311867445031
7.82688232421875,1.73434814453125,9.0211181640625,1.9167785234899035,0.5241726235817428
2.13921630859375,2.7587133789062497,1.3012451171875001,0.3744966442953004,0.1894339259831263
5.95375732421875,2.7587133789062497,1.3012451171875001,0.5194630872483179,0.15821269942821156
2.13921630859375,6.10497314453125,1.3012451171875001,0.4013422818791925,0.2539685434648462
2.13921630859375,2.7587133789062497,8.4023681640625,0.5422818791946262,0.3519458191594778
5.95375732421875,6.10497314453125,8.4023681640625,2.116778523489919,0.7518947264170364
7.13421630859375,7.75371337890625,6.2512451171875,2.5906040268456936,0.7899864551226128
0.95875732421875,7.75371337890625,6.2512451171875,0.47114093959731207,0.5054664777700728
7.13421630859375,1.10997314453125,6.2512451171875,1.037583892617436,0.28741255687385936
7.13421630859375,7.75371337890625,3.4523681640625004,2.3543624161074037,0.7132991716627369
0.95875732421875,1.10997314453125,3.4523681640625004,0.36644295302013274,0.14224290356953778
9.63171630859375,0.26121337890625,3.7762451171875,0.3744966442953004,0.03677027996001291
8.45125732421875,0.26121337890625,3.7762451171875,0.37181208053691117,0.03729010472871667
9.63171630859375,3.60747314453125,3.7762451171875,2.6872483221477212,0.6196059408072245
9.63171630859375,0.26121337890625,0.9773681640625,0.36778523489932735,0.030779766651440325
8.45125732421875,3.60747314453125,0.9773681640625,0.9744966442952896,0.23887571482476908
4.6367163085937495,5.25621337890625,8.7262451171875,1.5852348993288357,0.687161013785262
3.45625732421875,5.25621337890625,8.7262451171875,1.1785234899328698,0.6361664807934354
4.6367163085937495,8.60247314453125,8.7262451171875,1.7744966442952752,0.7775039105231303
4.6367163085937495,5.25621337890625,5.9273681640625,1.4859060402684348,0.6402669477406225
3.45625732421875,8.60247314453125,5.9273681640625,1.2778523489932707,0.6984680278400146
3.3879663085937497,1.50996337890625,7.4887451171874995,0.5194630872483179,0.2279725621432364
4.70500732421875,1.50996337890625,7.4887451171874995,0.8147651006711314,0.31314652462892073
3.3879663085937497,9.85122314453125,7.4887451171874995,1.3369127516778334,0.7466937255745247
3.3879663085937497,1.50996337890625,9.6398681640625,0.5852348993288536,0.267114320859462
4.70500732421875,9.85122314453125,9.6398681640625,1.8550335570469516,0.8054533580286763
8.38296630859375,6.5049633789062495,2.5387451171875,2.46174496644299,0.643858854863167
9.70000732421875,6.5049633789062495,2.5387451171875,2.9208053691276215,0.672039942268313
8.38296630859375,4.85622314453125,2.5387451171875,2.202684563758388,0.5724453563630535
8.38296630859375,6.5049633789062495,4.6898681640625,2.855033557047075,0.7531487184821101
9.70000732421875,4.85622314453125,4.6898681640625,3.1315436241612096,0.723527440608793
5.88546630859375,4.00746337890625,9.9637451171875,1.9208053691274873,0.6841003963033894
2.2075073242187497,4.00746337890625,9.9637451171875,0.7114093959731467,0.4978683955062988
5.88546630859375,2.35872314453125,9.9637451171875,1.5879194630872249,0.5549531942565026
5.88546630859375,4.00746337890625,2.2148681640625,1.1651006711409237,0.39907699559790083
2.2075073242187497,2.35872314453125,2.2148681640625,0.3798657718120788,0.19045453176649849
0.89046630859375,9.00246337890625,5.0137451171875,0.4550335570469768,0.5062639494865714
7.20250732421875,9.00246337890625,5.0137451171875,2.618791946308785,0.7918501117595769
0.89046630859375,7.35372314453125,5.0137451171875,0.42818791946308465,0.4549083201104259
0.89046630859375,9.00246337890625,7.1648681640625,0.48590604026845274,0.5529636886182018
7.20250732421875,7.35372314453125,7.1648681640625,2.626845637583954,0.7948518725584035
1.20265380859375,4.31965087890625,5.9418701171874995,0.4214765100671116,0.35982976910595443
2.51969482421875,4.31965087890625,5.9418701171874995,0.7302013422818712,0.46892894074765556
1.20265380859375,2.67091064453125,5.9418701171874995,0.38657718120805185,0.26885962219948345
1.20265380859375,4.31965087890625,4.9992431640624995,0.40805369127516555,0.34147090801755003
2.51969482421875,2.67091064453125,4.9992431640624995,0.502013422818788,0.2852779362592143
6.19765380859375,9.31465087890625,0.9918701171875,1.3033557046979682,0.434225335412431
7.51469482421875,9.31465087890625,0.9918701171875,1.6604026845637336,0.4718018883648948
6.19765380859375,7.66591064453125,0.9918701171875,1.1624161073825345,0.38379641987990043
6.19765380859375,9.31465087890625,9.9492431640625,2.4026845637584175,0.8301800869528306
7.51469482421875,7.66591064453125,9.9492431640625,2.8281879194631783,0.8266973355514224
8.69515380859375,1.82215087890625,8.4168701171875,2.2134228187919467,0.554972526792751
0.02219482421875,1.82215087890625,8.4168701171875,0.36375838926174353,0.22397024754995143
8.69515380859375,5.16841064453125,8.4168701171875,3.041610738255156,0.7788842449255103
8.69515380859375,1.82215087890625,7.4742431640625,2.1503355704697897,0.5379049104820732
0.02219482421875,5.16841064453125,7.4742431640625,0.36375838926174353,0.41758465365516073
3.70015380859375,6.81715087890625,3.4668701171875003,1.1073825503355557,0.5634231438359936
5.01719482421875,6.81715087890625,3.4668701171875003,1.539597315436219,0.6220684215500407
3.70015380859375,0.17341064453125002,3.4668701171875003,0.36510067114093814,0.027316730174608506
3.70015380859375,6.81715087890625,2.5242431640625003,0.9718120805369004,0.48835317539187756
5.01719482421875,0.17341064453125002,2.5242431640625003,0.36510067114093814,0.026332509292992114
4.94890380859375,0.57340087890625,2.2293701171875,0.37046979865771656,0.06863077161297224
6.26594482421875,0.57340087890625,2.2293701171875,0.3731543624161058,0.06472575377893126
4.94890380859375,1.42216064453125,2.2293701171875,0.39060402684563567,0.11477641744427992
4.94890380859375,0.57340087890625,3.7617431640625,0.375838926174495,0.07443960690762069
6.26594482421875,1.42216064453125,3.7617431640625,0.740939597315428,0.2208445732664576
9.94390380859375,5.56840087890625,7.1793701171875,3.504697986577372,0.7962325492605764
1.27094482421875,5.56840087890625,7.1793701171875,0.502013422818788,0.46291243074340327
9.94390380859375,6.41716064453125,7.1793701171875,3.5879194630874514,0.8160539963040095
9.94390380859375,5.56840087890625,8.7117431640625,3.561073825503555,0.8099614758054081
1.27094482421875,6.41716064453125,8.7117431640625,0.5503355704697939,0.5277786529483931
7.44640380859375,3.07090087890625,4.7043701171875,1.9624161073825201,0.56402074492599
8.76344482421875,3.07090087890625,4.7043701171875,2.4026845637584175,0.6015365182826926
7.44640380859375,8.91466064453125,4.7043701171875,2.6832214765101368,0.7877451154951483
7.44640380859375,3.07090087890625,6.2367431640625,2.1221476510066983,0.6134237564556891
8.76344482421875,8.91466064453125,6.2367431640625,3.2671140939598873,0.8331513060887905
2.4514038085937497,8.06590087890625,9.6543701171875,0.9852348993288464,0.6864410831740493
3.76844482421875,8.06590087890625,9.6543701171875,1.451006711409375,0.7467648453511653
2.4514038085937497,3.91966064453125,9.6543701171875,0.7691275167785148,0.5066787625039649
2.4514038085937497,8.06590087890625,1.2867431640625002,0.4966442953020096,0.31156625750234795
3.76844482421875,3.91966064453125,1.2867431640625002,0.42684563758389005,0.18162695263568834
1.82702880859375,2.44652587890625,4.0856201171875,0.38926174496644106,0.22695858738135855
1.8953198242187501,2.44652587890625,4.0856201171875,0.39060402684563567,0.22525986363744233
1.82702880859375,8.29028564453125,4.0856201171875,0.6536912751677786,0.5287969316826752
1.82702880859375,2.44652587890625,1.9054931640625001,0.3744966442953004,0.19929340792579758
1.8953198242187501,8.29028564453125,1.9054931640625001,0.4979865771812042,0.37247473020993077
6.82202880859375,7.4415258789062495,9.0356201171875,2.5382550335570953,0.8060292290992994
6.89031982421875,7.4415258789062495,9.0356201171875,2.563758389261797,0.8072010902269688
6.82202880859375,3.29528564453125,9.0356201171875,2.1046979865771656,0.659506683963936
6.82202880859375,7.4415258789062495,6.8554931640625,2.479194630872523,0.7858398011657888
6.89031982421875,3.29528564453125,6.8554931640625,2.029530201342255,0.6282500171039083
9.31952880859375,4.94402587890625,1.6106201171875,2.0429530201342034,0.47971634910608385
4.3928198242187495,4.94402587890625,1.6106201171875,0.7449664429530118,0.3140511724981085
9.31952880859375,0.79778564453125,1.6106201171875,0.382550335570468,0.06260415288063113
9.31952880859375,4.94402587890625,9.3304931640625,3.2751677852350563,0.7888900075379922
4.3928198242187495,0.79778564453125,9.3304931640625,0.413422818791944,0.11879255507768356
4.32452880859375,9.93902587890625,6.5606201171875,1.6577181208053444,0.7676251584338392
9.38781982421875,9.93902587890625,6.5606201171875,3.566442953020334,0.8561198049659695
4.32452880859375,5.79278564453125,6.5606201171875,1.4523489932885696,0.6636927449237393
4.32452880859375,9.93902587890625,4.3804931640625,1.5610738255033327,0.7192814292514053
9.38781982421875,5.79278564453125,4.3804931640625,3.111409395973287,0.7411639231313323
3.07577880859375,3.6952758789062496,7.7981201171875,0.8926174496644186,0.5068316198231454
8.13906982421875,3.6952758789062496,7.7981201171875,2.6000000000000574,0.7017040956315127
3.07577880859375,7.04153564453125,7.7981201171875,1.1315436241610586,0.6704608274103134
3.07577880859375,3.6952758789062496,0.6679931640625,0.3798657718120788,0.16676990445687492
8.13906982421875,7.04153564453125,0.6679931640625,1.2671140939597139,0.3296733544513942
8.070778808593749,8.69027587890625,2.8481201171875004,2.651006711409461,0.7212615461067455
3.1440698242187497,8.69027587890625,2.8481201171875004,0.9624161073825381,0.5525316753598566
8.070778808593749,2.0465356445312497,2.8481201171875004,1.307382550335552,0.3378509298968315
8.070778808593749,8.69027587890625,5.6179931640625,2.963758389261856,0.8120620331244854
3.1440698242187497,2.0465356445312497,5.6179931640625,0.5436241610738208,0.2646916071771962
5.5732788085937495,1.19777587890625,5.3231201171875,0.6617449664429462,0.20970703841717514
5.64156982421875,1.19777587890625,5.3231201171875,0.6765100671140869,0.21330580116000056
5.5732788085937495,4.54403564453125,5.3231201171875,1.6872483221476258,0.6244968948747665
5.5732788085937495,1.19777587890625,8.0929931640625,0.8724832214764995,0.29164760460853734
5.64156982421875,4.54403564453125,8.0929931640625,1.8510067114093678,0.6829123564801757
0.57827880859375,6.19277587890625,0.37312011718750004,0.36644295302013274,0.3337940091803375
0.64656982421875,6.19277587890625,0.37312011718750004,0.36778523489932735,0.32684538629903925
0.57827880859375,9.53903564453125,0.37312011718750004,0.36912751677852196,0.3847324167717357
0.57827880859375,6.19277587890625,3.1429931640625,0.375838926174495,0.3975499993092751
0.64656982421875,9.53903564453125,3.1429931640625,0.39060402684563567,0.4596322431222062
0.42218505859375,3.2269946289062497,3.6215576171875004,0.36778523489932735,0.30237319597095896
3.92453857421875,3.2269946289062497,3.6215576171875004,0.7999999999999907,0.3673622340419615
0.42218505859375,1.57825439453125,3.6215576171875004,0.36510067114093814,0.19073270702198306
0.42218505859375,3.2269946289062497,4.2258056640624995,0.36912751677852196,0.30671425108050765
3.92453857421875,1.57825439453125,4.2258056640624995,0.44832214765100376,0.170374762489667
5.41718505859375,8.22199462890625,8.5715576171875,2.0442953020133983,0.7888111070296832
8.91953857421875,8.22199462890625,8.5715576171875,3.363758389261915,0.8453451160693749
5.41718505859375,6.57325439453125,8.5715576171875,1.9570469798657417,0.7525925551734344
5.41718505859375,8.22199462890625,9.1758056640625,2.055033557046957,0.793312536858483
8.91953857421875,6.57325439453125,9.1758056640625,3.2751677852350563,0.8221040986241086
7.91468505859375,0.72949462890625,1.1465576171875,0.3744966442953004,0.06151475969311765
1.4270385742187501,0.72949462890625,1.1465576171875,0.36510067114093814,0.09265794311713273
7.91468505859375,9.07075439453125,1.1465576171875,1.8751677852348707,0.5111613607170232
7.91468505859375,0.72949462890625,6.7008056640625,0.7637583892617363,0.17979194238481794
1.4270385742187501,9.07075439453125,6.7008056640625,0.6335570469798595,0.598440642033705
2.9196850585937497,5.72449462890625,6.0965576171875,0.9597315436241489,0.5793297360468446
6.42203857421875,5.72449462890625,6.0965576171875,2.1691275167785173,0.7201073989990687
2.9196850585937497,4.07575439453125,6.0965576171875,0.8281879194630775,0.4854581904749814
2.9196850585937497,5.72449462890625,1.7508056640625,0.5530201342281831,0.30764351706823123
6.42203857421875,4.07575439453125,1.7508056640625,1.1355704697986424,0.3598189657185883
4.16843505859375,1.97824462890625,9.8090576171875,0.9449664429530082,0.4160212083377813
5.17328857421875,1.97824462890625,9.8090576171875,1.2348993288590433,0.46989588522398074
4.16843505859375,2.82700439453125,9.8090576171875,1.150335570469783,0.5252582705203694
4.16843505859375,1.97824462890625,2.9883056640625,0.46979865771811746,0.17918157684730165
5.17328857421875,2.82700439453125,2.9883056640625,0.9181208053691161,0.34062622091118844
9.16343505859375,6.97324462890625,4.8590576171875,3.2026845637585355,0.7819015041305041
0.17828857421875002,6.97324462890625,4.8590576171875,0.36778523489932735,0.4624585175578139
9.16343505859375,7.82200439453125,4.8590576171875,3.269798657718277,0.799149663484997
9.16343505859375,6.97324462890625,7.9383056640625,3.363758389261915,0.8240772408113126
0.17828857421875002,7.82200439453125,7.9383056640625,0.37181208053691117,0.5001873262447014
6.66593505859375,4.4757446289062495,7.3340576171875,2.1771812080536863,0.6987102437367848
7.67078857421875,4.4757446289062495,7.3340576171875,2.5382550335570953,0.7228596680775701
6.66593505859375,5.32450439453125,7.3340576171875,2.275167785234909,0.7325045983303395
6.66593505859375,4.4757446289062495,5.4633056640625,2.0657718120805155,0.6603030071781889
7.67078857421875,5.32450439453125,5.4633056640625,2.5369127516779004,0.7221611098937875
1.6709350585937501,9.47074462890625,2.3840576171875,0.532885906040264,0.4416229382696687
2.6757885742187497,9.47074462890625,2.3840576171875,0.7932885906040177,0.5056820519972817
1.6709350585937501,0.32950439453125,2.3840576171875,0.36510067114093814,0.04947735292981792
1.6709350585937501,9.47074462890625,0.5133056640625,0.38389261744966263,0.27763817706244986
2.6757885742187497,0.32950439453125,0.5133056640625,0.36375838926174353,0.04366556041492793
2.29531005859375,0.10511962890625,6.7153076171874995,0.36375838926174353,0.017646370329209564
0.80266357421875,0.10511962890625,6.7153076171874995,0.36375838926174353,0.017774752261968535
2.29531005859375,7.1976293945312495,6.7153076171874995,0.8523489932885804,0.6103074691669128
2.29531005859375,0.10511962890625,2.3695556640625,0.36375838926174353,0.016879577384585835
0.80266357421875,7.1976293945312495,2.3695556640625,0.382550335570468,0.3869535888109497
7.29031005859375,5.10011962890625,1.7653076171875002,1.5744966442952788,0.45661691930727494
5.79766357421875,5.10011962890625,1.7653076171875002,1.1624161073825345,0.4047947276360684
7.29031005859375,2.20262939453125,1.7653076171875002,0.7610738255033471,0.20469287414140763
7.29031005859375,5.10011962890625,7.3195556640624995,2.477852348993328,0.7386839382842031
5.79766357421875,2.20262939453125,7.3195556640624995,1.3973154362415907,0.48833275536792525
9.78781005859375,2.60261962890625,9.1903076171875,2.9691275167786353,0.6790720261833545
3.30016357421875,2.60261962890625,9.1903076171875,0.8348993288590505,0.4386679946794312
9.78781005859375,4.70012939453125,9.1903076171875,3.4147651006713184,0.7869036244190208
9.78781005859375,2.60261962890625,9.7945556640625,2.993288590604142,0.68501552488068
3.30016357421875,4.70012939453125,9.7945556640625,1.1046979865771664,0.6136279972905436
4.79281005859375,7.59761962890625,4.2403076171875,1.6026845637583655,0.6762734818022161
8.29516357421875,7.59761962890625,4.2403076171875,2.869798657718218,0.764667782731891
4.79281005859375,9.69512939453125,4.2403076171875,1.710067114093934,0.7256198391513149
4.79281005859375,7.59761962890625,4.8445556640625,1.6483221476509822,0.697087552712196
8.29516357421875,9.69512939453125,4.8445556640625,3.0523489932887147,0.8162504704333071
3.54406005859375,3.85136962890625,0.5278076171875,0.3812080536912734,0.15363775574557015
9.54391357421875,3.85136962890625,0.5278076171875,0.7771812080536824,0.1680242953896987
3.54406005859375,8.44637939453125,0.5278076171875,0.4590604026845606,0.21641815300613848
3.54406005859375,3.85136962890625,1.1320556640625001,0.3986577181208033,0.17177237358627556
9.54391357421875,8.44637939453125,1.1320556640625001,2.2859060402684674,0.5288161943101413
8.53906005859375,8.84636962890625,5.4778076171875,3.1409395973155734,0.8188595335066186
4.54891357421875,8.84636962890625,5.4778076171875,1.659060402684539,0.7350465471976655
8.53906005859375,3.4513793945312496,5.4778076171875,2.5275167785235366,0.6506051336824972
8.53906005859375,8.84636962890625,6.0820556640625,3.1718120805370544,0.8274861202751131
4.54891357421875,3.4513793945312496,6.0820556640625,1.2389261744966271,0.5313137764500154
6.04156005859375,1.35386962890625,3.0028076171875,0.5006711409395934,0.14131070470879448
7.04641357421875,1.35386962890625,3.0028076171875,0.6724832214765031,0.17843376313176657
6.04156005859375,0.95387939453125,3.0028076171875,0.3919463087248303,0.09342320809845062
6.04156005859375,1.35386962890625,8.5570556640625,1.1275167785234748,0.3673976372287432
7.04641357421875,0.95387939453125,8.5570556640625,1.0362416107382415,0.28841351167600715
1.04656005859375,6.34886962890625,7.9528076171875,0.4818791946308689,0.49012443889332447
2.05141357421875,6.34886962890625,7.9528076171875,0.7664429530201256,0.5831175397039068
1.04656005859375,5.94887939453125,7.9528076171875,0.47114093959731207,0.47191133665041707
1.04656005859375,6.34886962890625,3.6070556640625,0.40671140939597095,0.38458094328387343
2.05141357421875,5.94887939453125,3.6070556640625,0.5932885906040213,0.4294942931131832
0.7343725585937501,1.66605712890625,1.4559326171875002,0.36510067114093814,0.1812524737601935
7.98297607421875,1.66605712890625,1.4559326171875002,0.44966442953019836,0.10131956447666307
0.7343725585937501,3.76356689453125,1.4559326171875002,0.36912751677852196,0.288094476256826
0.7343725585937501,1.66605712890625,5.7726806640624995,0.36912751677852196,0.2013266200815703
7.98297607421875,3.76356689453125,5.7726806640624995,2.429530201342314,0.6644989309894226
5.72937255859375,6.66105712890625,6.4059326171875,2.0093959731543327,0.7360142244134737
2.98797607421875,6.66105712890625,6.4059326171875,1.0469798657717984,0.6287517821969235
5.72937255859375,8.75856689453125,6.4059326171875,2.126174496644283,0.7820987652833211
5.72937255859375,6.66105712890625,0.8226806640625,0.846979865771802,0.2915717549774911
2.98797607421875,8.75856689453125,0.8226806640625,0.495302013422815,0.2700800162592463
8.22687255859375,4.16355712890625,3.9309326171875,2.367785234899352,0.6285286102846587
5.48547607421875,4.16355712890625,3.9309326171875,1.4563758389261534,0.5400085106880427
8.22687255859375,6.2610668945312495,3.9309326171875,2.681879194630942,0.7173156103540266
8.22687255859375,4.16355712890625,3.2976806640625003,2.236241610738259,0.5915683889068372
5.48547607421875,6.2610668945312495,3.2976806640625003,1.6228187919462846,0.6083190179662009
3.23187255859375,9.15855712890625,8.8809326171875,1.2832214765100491,0.7418406688860604
0.49047607421875,9.15855712890625,8.8809326171875,0.41073825503355477,0.5423711760232816
3.23187255859375,1.26606689453125,8.8809326171875,0.4416107382550307,0.18022973020584962
3.23187255859375,9.15855712890625,8.2476806640625,1.273825503355687,0.735817959904348
0.49047607421875,1.26606689453125,8.2476806640625,0.36644295302013274,0.16902065319791523
4.48062255859375,2.91480712890625,5.1684326171874995,1.0496644295301876,0.4463768123439066
1.73922607421875,2.91480712890625,5.1684326171874995,0.4120805369127494,0.2705774032974006
4.48062255859375,0.01731689453125,5.1684326171874995,0.36375838926174353,0.0029609137429748808
4.48062255859375,2.91480712890625,7.0101806640625,1.1691275167785076,0.5033373916012446
1.73922607421875,0.01731689453125,7.0101806640625,0.36375838926174353,0.0030023563440378684
9.47562255859375,7.90980712890625,0.2184326171875,1.055033557046966,0.2368207472220411
6.73422607421875,7.90980712890625,0.2184326171875,0.6402684563758325,0.18703795100290063
9.47562255859375,5.01231689453125,0.2184326171875,0.6402684563758325,0.1375788325291253
9.47562255859375,7.90980712890625,2.0601806640625,2.821476510067204,0.6626558480794774
6.73422607421875,5.01231689453125,2.0601806640625,1.5315436241610514,0.47605540176637046
6.97812255859375,0.41730712890625,7.6434326171875,0.39060402684563567,0.06334366648088945
4.23672607421875,0.41730712890625,7.6434326171875,0.375838926174495,0.06443966638981963
6.97812255859375,7.50981689453125,7.6434326171875,2.5677852348993815,0.7989742377361208
6.97812255859375,0.41730712890625,4.5351806640625,0.3785234899328842,0.05716339878425014
4.23672607421875,7.50981689453125,4.5351806640625,1.426845637583872,0.6634519442435198
1.98312255859375,5.41230712890625,2.6934326171875003,0.4791946308724797,0.33520427666044283
9.23172607421875,5.41230712890625,2.6934326171875003,2.6442953020134867,0.6342036760807853
1.98312255859375,2.5148168945312497,2.6934326171875003,0.382550335570468,0.20911600486982515
1.98312255859375,5.41230712890625,9.4851806640625,0.7261744966442873,0.5570163251997089
9.23172607421875,2.5148168945312497,9.4851806640625,2.7557046979866575,0.6632039953541553
1.35874755859375,4.78793212890625,8.2621826171875,0.5073825503355665,0.4462541608321571
7.3586010742187495,4.78793212890625,8.2621826171875,2.50067114093964,0.7396612466452908
1.35874755859375,9.38294189453125,8.2621826171875,0.6402684563758325,0.6252569967815769
1.35874755859375,4.78793212890625,7.6289306640625,0.4993288590603988,0.43663544044343816
7.3586010742187495,9.38294189453125,7.6289306640625,2.8013422818792817,0.834194203896794
6.35374755859375,9.78293212890625,3.3121826171875,2.181208053691271,0.7314778776456443
2.36360107421875,9.78293212890625,3.3121826171875,0.8107382550335476,0.5684147266222058
6.35374755859375,4.38794189453125,3.3121826171875,1.6671140939597067,0.5482421776794517
6.35374755859375,9.78293212890625,2.6789306640625004,2.071140939597295,0.6923881043895623
2.36360107421875,4.38794189453125,2.6789306640625004,0.48322147651006353,0.297295285989692
8.85124755859375,2.2904321289062497,5.7871826171875,2.281879194630883,0.5639069833355674
9.85610107421875,2.2904321289062497,5.7871826171875,2.61744966442959,0.5896121415200108
8.85124755859375,1.89044189453125,5.7871826171875,2.0751677852348793,0.5091668037949946
8.85124755859375,2.2904321289062497,0.2039306640625,0.382550335570468,0.07348425872539718
9.85610107421875,1.89044189453125,0.2039306640625,0.3812080536912734,0.06525715045506328
3.8562475585937497,7.28543212890625,0.8371826171875,0.5637583892617399,0.2569616781880638
4.86110107421875,7.28543212890625,0.8371826171875,0.7422818791946226,0.2903886837894693
3.8562475585937497,6.88544189453125,0.8371826171875,0.5382550335570424,0.2430928119072419
3.8562475585937497,7.28543212890625,5.1539306640625,1.3221476510066927,0.6611446877173841
4.86110107421875,6.88544189453125,5.1539306640625,1.6483221476509822,0.6882854930297869
2.60749755859375,1.0416821289062501,4.5496826171875,0.3771812080536896,0.12915111065401255
3.6123510742187497,1.0416821289062501,4.5496826171875,0.38657718120805185,0.12322467109001561
2.60749755859375,5.63669189453125,4.5496826171875,0.78523489932885,0.5024786796472391
2.60749755859375,1.0416821289062501,8.8664306640625,0.39060402684563567,0.14439082132280653
3.6123510742187497,5.63669189453125,8.8664306640625,1.2604026845637408,0.6613198391255499
7.6024975585937495,6.03668212890625,9.4996826171875,2.7463087248322937,0.792813593880875
8.60735107421875,6.03668212890625,9.4996826171875,3.1221476510068458,0.808430183811787
7.6024975585937495,0.64169189453125,9.4996826171875,0.7543624161073741,0.18102377835014172
7.6024975585937495,6.03668212890625,3.9164306640625,2.430872483221509,0.6957307913176476
8.60735107421875,0.64169189453125,3.9164306640625,0.40671140939597095,0.07250706735627019
5.10499755859375,3.53918212890625,2.0746826171875,0.8322147651006613,0.3108709845042135
1.11485107421875,3.53918212890625,2.0746826171875,0.3731543624161058,0.2683270096153766
5.10499755859375,3.13919189453125,2.0746826171875,0.7476510067114011,0.2745676589391577
5.10499755859375,3.53918212890625,1.4414306640625,0.614765100671135,0.22078249189240898
1.11485107421875,3.13919189453125,1.4414306640625,0.37046979865771656,0.2443548424667504
0.10999755859375,8.53418212890625,7.0246826171875,0.36778523489932735,0.515251020585727
6.10985107421875,8.53418212890625,7.0246826171875,2.2778523489932985,0.794291429625732
0.10999755859375,8.13419189453125,7.0246826171875,0.36778523489932735,0.5061709263653581
0.10999755859375,8.53418212890625,6.3914306640625,0.36778523489932735,0.5134943168448515
6.10985107421875,8.13419189453125,6.3914306640625,2.236241610738259,0.7787320298327411
0.14902099609375002,1.47093994140625,4.6656982421875,0.36375838926174353,0.1860084624371191
0.60754638671875,1.47093994140625,4.6656982421875,0.36644295302013274,0.18218672868964922
0.14902099609375002,3.0221215820312497,4.6656982421875,0.36510067114093814,0.3033162390206373
0.14902099609375002,1.47093994140625,3.5683837890625,0.36375838926174353,0.18407893441558876
0.60754638671875,3.0221215820312497,3.5683837890625,0.37046979865771656,0.28592823619290453
5.14402099609375,6.4659399414062495,9.6156982421875,1.8724832214764815,0.7515465448756218
5.60254638671875,6.4659399414062495,9.6156982421875,2.038926174496619,0.7631724956028532
5.14402099609375,8.01712158203125,9.6156982421875,1.9516778523489633,0.786059170732127
5.14402099609375,6.4659399414062495,8.5183837890625,1.8496644295301732,0.7416388188379207
5.60254638671875,8.01712158203125,8.5183837890625,2.102013422818776,0.7885441435482496
7.64152099609375,3.96843994140625,2.1906982421875,1.6402684563758145,0.4560012666624439
3.1050463867187497,3.96843994140625,2.1906982421875,0.5154362416107341,0.26462656445382937
7.64152099609375,5.51962158203125,2.1906982421875,1.9463087248321849,0.5474343771682602
7.64152099609375,3.96843994140625,6.0433837890625,2.3704697986577417,0.6742682818922332
3.1050463867187497,5.51962158203125,6.0433837890625,1.004026845637571,0.5802493343045926
2.64652099609375,8.96343994140625,7.1406982421875,1.0402684563758253,0.68901810834947
8.10004638671875,8.96343994140625,7.1406982421875,3.05100671140952,0.8347786093775356
2.64652099609375,0.52462158203125,7.1406982421875,0.37181208053691117,0.07912539778118399
2.64652099609375,8.96343994140625,1.0933837890625,0.5208053691275125,0.3137258548726364
8.10004638671875,0.52462158203125,1.0933837890625,0.37046979865771656,0.05092773506988604
3.8952709960937497,2.7196899414062496,8.3781982421875,1.0067114093959602,0.4774539569934725
9.34879638671875,2.7196899414062496,8.3781982421875,2.816107382550425,0.6704421905113582
3.8952709960937497,1.7733715820312501,8.3781982421875,0.7597315436241525,0.338058275280485
3.8952709960937497,2.7196899414062496,4.8058837890624995,0.816107382550326,0.3755717297699136
9.34879638671875,1.7733715820312501,4.8058837890624995,2.0040268456375534,0.4659112111876124
8.89027099609375,7.71468994140625,3.4281982421875004,2.986577181208168,0.7470376791007989
4.3537963867187495,7.71468994140625,3.4281982421875004,1.3744966442952824,0.6226603234603594
8.89027099609375,6.76837158203125,3.4281982421875004,2.8953020134229197,0.7230026580934419
8.89027099609375,7.71468994140625,9.7558837890625,3.348993288590772,0.8442142888786404
4.3537963867187495,6.76837158203125,9.7558837890625,1.6053691275167548,0.7365381631412592
6.39277099609375,0.22218994140625,5.9031982421875,0.37046979865771656,0.03498841173302576
6.85129638671875,0.22218994140625,5.9031982421875,0.37181208053691117,0.034990845709424345
6.39277099609375,9.26587158203125,5.9031982421875,2.375838926174521,0.7970083927491566
6.39277099609375,0.22218994140625,7.2808837890625,0.3731543624161058,0.03596438261357711
6.85129638671875,9.26587158203125,7.2808837890625,2.595973154362473,0.8219896287258464
1.39777099609375,5.21718994140625,0.9531982421875,0.375838926174495,0.26730092173797343
1.85629638671875,5.21718994140625,0.9531982421875,0.3798657718120788,0.24036230200732558
1.39777099609375,4.2708715820312495,0.9531982421875,0.3731543624161058,0.24933263269410108
1.39777099609375,5.21718994140625,2.3308837890625003,0.39060402684563567,0.30335134303681976
1.85629638671875,4.2708715820312495,2.3308837890625003,0.3973154362416087,0.261713146118156
2.02214599609375,4.59281494140625,5.2844482421875,0.5932885906040213,0.4269586638801516
4.97817138671875,4.59281494140625,5.2844482421875,1.4899328859060186,0.6030852551476825
2.02214599609375,8.64149658203125,5.2844482421875,0.7731543624160986,0.6003010016789257
2.02214599609375,4.59281494140625,0.4746337890625,0.3744966442953004,0.20850660168896532
4.97817138671875,8.64149658203125,0.4746337890625,0.6429530201342217,0.24338494755894416
7.01714599609375,9.58781494140625,0.3344482421875,0.935570469798646,0.27330006450438804
9.97317138671875,9.58781494140625,0.3344482421875,1.5167785234899107,0.33149243294268305
7.01714599609375,3.64649658203125,0.3344482421875,0.3959731543624141,0.09986861718777926
7.01714599609375,9.58781494140625,5.4246337890625,2.601342281879252,0.8055212077700833
9.97317138671875,3.64649658203125,5.4246337890625,3.0765100671142216,0.6918285013248383
9.51464599609375,2.09531494140625,7.7594482421875,2.587919463087304,0.6025854604334533
2.48067138671875,2.09531494140625,7.7594482421875,0.5006711409395934,0.27819136076982587
9.51464599609375,1.14899658203125,7.7594482421875,1.8791946308724545,0.426563728336052
9.51464599609375,2.09531494140625,7.8996337890625,2.5973154362416677,0.604937442821371
2.48067138671875,1.14899658203125,7.8996337890625,0.38926174496644106,0.15266382387943092
4.51964599609375,7.09031494140625,2.8094482421875,1.293959731543606,0.5647910929799738
7.47567138671875,7.09031494140625,2.8094482421875,2.288590604026857,0.6630070159840605
4.51964599609375,6.14399658203125,2.8094482421875,1.2147651006711242,0.5267696516695967
4.51964599609375,7.09031494140625,2.9496337890625,1.318120805369109,0.576156836860072
7.47567138671875,6.14399658203125,2.9496337890625,2.218791946308726,0.6414879101129332
3.27089599609375,0.84656494140625,1.5719482421875002,0.36912751677852196,0.09334760842046874
6.22692138671875,0.84656494140625,1.5719482421875002,0.375838926174495,0.07658223008490989
3.27089599609375,7.39274658203125,1.5719482421875002,0.6926174496644222,0.3700161688363865
3.27089599609375,0.84656494140625,1.7121337890625001,0.36912751677852196,0.094198712232234
6.22692138671875,7.39274658203125,1.7121337890625001,1.539597315436219,0.5148311023618382
8.26589599609375,5.84156494140625,6.5219482421874995,2.876510067114192,0.7696706665474145
1.23192138671875,5.84156494140625,6.5219482421874995,0.49127516778523117,0.45938435372858855
8.26589599609375,2.39774658203125,6.5219482421874995,2.2067114093959725,0.5801746299435927
8.26589599609375,5.84156494140625,6.6621337890625,2.884563758389361,0.7719487189568887
1.23192138671875,2.39774658203125,6.6621337890625,0.38523489932885724,0.25493908403798327
5.76839599609375,3.3440649414062498,4.0469482421875,1.4040268456375637,0.49550024381235147
8.72442138671875,3.3440649414062498,4.0469482421875,2.359731543624183,0.5926397997910879
5.76839599609375,4.89524658203125,4.0469482421875,1.672483221476485,0.6000985086143188
5.76839599609375,3.3440649414062498,9.1371337890625,1.7530201342281615,0.6306036497051085
8.72442138671875,4.89524658203125,9.1371337890625,3.042953020134351,0.7768886790518954
0.77339599609375,8.33906494140625,8.9969482421875,0.46308724832214443,0.5470527866240347
3.72942138671875,8.33906494140625,8.9969482421875,1.437583892617429,0.7458006613240697
0.77339599609375,9.89024658203125,8.9969482421875,0.48322147651006353,0.5891388439927902
0.77339599609375,8.33906494140625,4.1871337890625,0.40939597315436016,0.45771217985061907
3.72942138671875,9.89024658203125,4.1871337890625,1.3355704697986388,0.6887152161904957
1.08558349609375,3.65625244140625,0.6438232421875,0.36778523489932735,0.2427372617775447
6.53910888671875,3.65625244140625,0.6438232421875,0.44697986577180915,0.12453287025817762
1.08558349609375,0.21243408203125003,0.6438232421875,0.36375838926174353,0.03178831953687695
1.08558349609375,3.65625244140625,6.3527587890624995,0.3973154362416087,0.32705186319759716
6.53910888671875,0.21243408203125003,6.3527587890624995,0.37181208053691117,0.03398669413452319
6.08058349609375,8.65125244140625,5.5938232421875,2.217449664429531,0.7749876785873757
1.54410888671875,8.65125244140625,5.5938232421875,0.6362416107382487,0.5716519538868052
6.08058349609375,5.2074340820312495,5.5938232421875,1.9637583892617148,0.6801769065325819
6.08058349609375,8.65125244140625,1.4027587890625002,1.4617449664429318,0.49827693315708793
1.54410888671875,5.2074340820312495,1.4027587890625002,0.3812080536912734,0.2703127554909356
8.57808349609375,1.15875244140625,3.1188232421875,0.822818791946299,0.18878376397496868
9.03660888671875,1.15875244140625,3.1188232421875,0.9140939597315323,0.20311236842175392
8.57808349609375,7.70493408203125,3.1188232421875,2.8120805369128403,0.7250290182624025
8.57808349609375,1.15875244140625,3.8777587890625003,1.0389261744966307,0.2452420745847478
9.03660888671875,7.70493408203125,3.8777587890625003,3.1087248322148975,0.7674930269923774
3.58308349609375,6.15375244140625,8.0688232421875,1.2657718120805193,0.6694026530039956
4.04160888671875,6.15375244140625,8.0688232421875,1.4255033557046775,0.6893415263654252
3.58308349609375,2.70993408203125,8.0688232421875,0.9033557046979754,0.45122276338483747
3.58308349609375,6.15375244140625,8.8277587890625,1.2818791946308545,0.6788191516988441
4.04160888671875,2.70993408203125,8.8277587890625,1.061744966442939,0.4919872008230197
4.83183349609375,2.40750244140625,6.8313232421875,1.14362416107381,0.45890747882073957
2.79285888671875,2.40750244140625,6.8313232421875,0.5973154362416051,0.32924486334161257
4.83183349609375,3.9586840820312497,6.8313232421875,1.4483221476509858,0.59961119135994
4.83183349609375,2.40750244140625,5.1152587890625,1.0161073825503224,0.4020685183432478
2.79285888671875,3.9586840820312497,5.1152587890625,0.7328859060402604,0.4350260178758171
9.82683349609375,7.40250244140625,1.8813232421875001,2.791946308724918,0.6333618165791501
7.78785888671875,7.40250244140625,1.8813232421875001,2.110067114093945,0.5863752594721147
9.82683349609375,8.95368408203125,1.8813232421875001,2.965100671141051,0.674537092348058
9.82683349609375,7.40250244140625,0.16525878906250002,0.966442953020122,0.2086210761704537
7.78785888671875,8.95368408203125,0.16525878906250002,0.8147651006711314,0.2145563671708849
7.32933349609375,4.90500244140625,9.3063232421875,2.5342281879195108,0.7531237487389089
0.29535888671875,4.90500244140625,9.3063232421875,0.3744966442953004,0.4095050214339986
7.32933349609375,6.45618408203125,9.3063232421875,2.672483221476578,0.7968030217816275
7.32933349609375,4.90500244140625,2.6402587890625,1.9033557046979575,0.5550825900463124
0.29535888671875,6.45618408203125,2.6402587890625,0.36912751677852196,0.42396857482764505
2.3343334960937496,9.90000244140625,4.3563232421875,0.8711409395973049,0.6219711517454172
5.29035888671875,9.90000244140625,4.3563232421875,1.9073825503355413,0.7477034548072001
2.3343334960937496,1.46118408203125,4.3563232421875,0.3812080536912734,0.1628653869322238
2.3343334960937496,9.90000244140625,7.5902587890625,0.966442953020122,0.6987841257053962
5.29035888671875,1.46118408203125,7.5902587890625,0.9409395973154244,0.33573565028813784
1.70995849609375,0.53437744140625,9.9250732421875,0.37046979865771656,0.08333145020500338
8.41223388671875,0.53437744140625,9.9250732421875,0.7046979865771736,0.1502259436286011
1.70995849609375,5.83180908203125,9.9250732421875,0.6684563758389193,0.5585876521977869
1.70995849609375,0.53437744140625,9.4465087890625,0.37046979865771656,0.08313408595695385
8.41223388671875,5.83180908203125,9.4465087890625,3.0308724832215974,0.80055606722784
6.70495849609375,5.5293774414062495,4.9750732421874995,2.173154362416102,0.6934605560809061
3.41723388671875,5.5293774414062495,4.9750732421874995,1.0510067114093822,0.5656387701088128
6.70495849609375,0.83680908203125,4.9750732421874995,0.49127516778523117,0.11955283651487565
6.70495849609375,5.5293774414062495,4.4965087890625,2.126174496644283,0.677450353797888
3.41723388671875,0.83680908203125,4.4965087890625,0.3785234899328842,0.10668912481332929
9.20245849609375,3.03187744140625,7.4500732421875,2.806711409396061,0.6779751133073275
5.91473388671875,3.03187744140625,7.4500732421875,1.6738255033556797,0.5859871135570973
9.20245849609375,3.33430908203125,7.4500732421875,2.884563758389361,0.6979407469253001
9.20245849609375,3.03187744140625,2.0215087890625,1.703355704697961,0.3996052821347418
5.91473388671875,3.33430908203125,2.0215087890625,0.9557046979865651,0.3191926654650064
4.20745849609375,8.02687744140625,2.5000732421875003,1.2013422818791781,0.5545223603659497
0.91973388671875,8.02687744140625,2.5000732421875003,0.3932885906040249,0.39600766474285803
4.20745849609375,8.32930908203125,2.5000732421875003,1.2201342281879026,0.5640884149030414
4.20745849609375,8.02687744140625,6.9715087890625,1.5543624161073597,0.7326828458518393
0.91973388671875,8.32930908203125,6.9715087890625,0.4805369127516743,0.5330553549056286
2.9587084960937498,4.28062744140625,3.7375732421875,0.7100671140939521,0.403059133997864
2.1684838867187497,4.28062744140625,3.7375732421875,0.5248322147650963,0.3484508987370184
2.9587084960937498,9.57805908203125,3.7375732421875,1.0281879194630739,0.6240757173465703
2.9587084960937498,4.28062744140625,8.2090087890625,0.9261744966442838,0.5472050115881704
2.1684838867187497,9.57805908203125,8.2090087890625,0.9100671140939485,0.6892670287564406
7.95370849609375,9.27562744140625,8.6875732421875,3.0469798657719354,0.8481384736200768
7.16348388671875,9.27562744140625,8.6875732421875,2.7463087248322937,0.8375645129485749
7.95370849609375,4.58305908203125,8.6875732421875,2.7073825503356437,0.7486270746797137
7.95370849609375,9.27562744140625,3.2590087890625004,2.728859060402761,0.7538927679705512
7.16348388671875,4.58305908203125,3.2590087890625004,1.9543624161073525,0.5827216445442462
5.45620849609375,1.7831274414062501,1.2625732421875002,0.38657718120805185,0.10808315699235743
4.66598388671875,1.7831274414062501,1.2625732421875002,0.3812080536912734,0.1159603001565177
5.45620849609375,2.0855590820312497,1.2625732421875002,0.3932885906040249,0.1149013643857753
5.45620849609375,1.7831274414062501,0.7840087890625,0.3785234899328842,0.1005747919188812
4.66598388671875,2.0855590820312497,0.7840087890625,0.3785234899328842,0.11495032131123552
0.46120849609375003,6.77812744140625,6.2125732421875,0.38389261744966263,0.455049575593661
9.66098388671875,6.77812744140625,6.2125732421875,3.4671140939599168,0.8088431404897349
0.46120849609375003,7.08055908203125,6.2125732421875,0.38523489932885724,0.463700736827041
0.46120849609375003,6.77812744140625,5.7340087890625,0.382550335570468,0.45106961534313533
9.66098388671875,7.08055908203125,5.7340087890625,3.4630872483223323,0.8077427541538971
0.6173022460937501,3.8123461914062498,7.6047607421875,0.3812080536912734,0.3499325381000815
5.13426513671875,3.8123461914062498,7.6047607421875,1.5624161073825273,0.6174566277476166
0.6173022460937501,4.11477783203125,7.6047607421875,0.382550335570468,0.36397531056715193
0.6173022460937501,3.8123461914062498,7.1261962890624995,0.3798657718120788,0.3469454156525205
5.13426513671875,4.11477783203125,7.1261962890624995,1.5852348993288357,0.6275309452667674
5.6123022460937495,8.80734619140625,2.6547607421875004,1.7463087248321885,0.6456096599556145
0.13926513671875002,8.80734619140625,2.6547607421875004,0.36644295302013274,0.4948173000432165
5.6123022460937495,9.10977783203125,2.6547607421875004,1.7664429530201076,0.6535573709199168
5.6123022460937495,8.80734619140625,2.1761962890625,1.628187919463063,0.5994039611525617
0.13926513671875002,9.10977783203125,2.1761962890625,0.36644295302013274,0.4964471626236932
8.10980224609375,1.3148461914062501,5.1297607421875,1.3369127516778334,0.34166686242887856
7.63176513671875,1.3148461914062501,5.1297607421875,1.212080536912735,0.32390664378480805
8.10980224609375,6.61227783203125,5.1297607421875,2.8026845637584765,0.7619507878183391
8.10980224609375,1.3148461914062501,4.6511962890625,1.2536912751677678,0.31842728652502533
7.63176513671875,6.61227783203125,4.6511962890625,2.5852348993289143,0.7401767509200445
3.11480224609375,6.30984619140625,0.1797607421875,0.3812080536912734,0.17417331553855667
2.6367651367187497,6.30984619140625,0.1797607421875,0.3785234899328842,0.18993536265203653
3.11480224609375,1.61727783203125,0.1797607421875,0.36778523489932735,0.11135052754578238
3.11480224609375,6.30984619140625,9.6011962890625,1.1422818791946154,0.6699539320680579
2.6367651367187497,1.61727783203125,9.6011962890625,0.46442953020133904,0.23065495513561457
4.36355224609375,0.06609619140625,3.8922607421875,0.36375838926174353,0.010908194352212132
3.88551513671875,0.06609619140625,3.8922607421875,0.36375838926174353,0.010929665343243362
4.36355224609375,0.36852783203125,3.8922607421875,0.36912751677852196,0.05344549373553616
4.36355224609375,0.06609619140625,5.8886962890625,0.36510067114093814,0.011189533319699147
3.88551513671875,0.36852783203125,5.8886962890625,0.37046979865771656,0.056182989981957275
9.35855224609375,5.06109619140625,8.8422607421875,3.2899328859061994,0.7894262933796828
8.88051513671875,5.06109619140625,8.8422607421875,3.111409395973287,0.7821382602425646
9.35855224609375,5.36352783203125,8.8422607421875,3.32348993288607,0.7978925294605392
9.35855224609375,5.06109619140625,0.9386962890625,1.4979865771811862,0.3453669768572583
8.88051513671875,5.36352783203125,0.9386962890625,1.4483221476509858,0.349853870102283
6.86105224609375,2.56359619140625,1.4172607421875,0.6550335570469732,0.18316014304741085
1.38801513671875,2.56359619140625,1.4172607421875,0.37046979865771656,0.2108288982036051
6.86105224609375,7.86102783203125,1.4172607421875,1.6268456375838685,0.5006989237023926
6.86105224609375,2.56359619140625,3.4136962890625,1.3812080536912554,0.4160365727359015
1.38801513671875,7.86102783203125,3.4136962890625,0.495302013422815,0.4457592875220265
1.86605224609375,7.55859619140625,6.3672607421875,0.7208053691275089,0.5826745246500581
6.3830151367187495,7.55859619140625,6.3672607421875,2.304697986577195,0.7727317401566283
1.86605224609375,2.86602783203125,6.3672607421875,0.45100671140939297,0.29819457717562997
1.86605224609375,7.55859619140625,8.3636962890625,0.7583892617449579,0.6182539587809577
6.3830151367187495,2.86602783203125,8.3636962890625,1.8322147651006433,0.6032569889653038
2.4904272460937498,1.93922119140625,2.0360107421875,0.3771812080536896,0.16536925402497527
9.50489013671875,1.93922119140625,2.0360107421875,1.2174496644295134,0.2697643863041465
2.4904272460937498,9.73415283203125,2.0360107421875,0.7006711409395898,0.4640028418001473
2.4904272460937498,1.93922119140625,8.9824462890625,0.4993288590603988,0.2733543404235059
9.50489013671875,9.73415283203125,8.9824462890625,3.6657718120807514,0.8712310389954836
7.48542724609375,6.93422119140625,6.9860107421875,2.69798657718128,0.788990060185093
4.50989013671875,6.93422119140625,6.9860107421875,1.608053691275144,0.7156023948042538
7.48542724609375,4.73915283203125,6.9860107421875,2.4899328859060814,0.7244898302714025
7.48542724609375,6.93422119140625,4.0324462890625,2.493959731543666,0.7253059105692328
4.50989013671875,4.73915283203125,4.0324462890625,1.2416107382550163,0.5386753496613341
9.98292724609375,4.43672119140625,4.5110107421875,3.135570469798794,0.7049557897145986
7.00739013671875,4.43672119140625,4.5110107421875,2.084563758389243,0.6367797337101274
9.98292724609375,2.24165283203125,4.5110107421875,2.4348993288590934,0.539356273211067
9.98292724609375,4.43672119140625,1.5574462890625,2.0724832214764897,0.4566446756110283
7.00739013671875,2.24165283203125,1.5574462890625,0.6295302013422757,0.17093797162697036
4.98792724609375,9.43172119140625,9.4610107421875,1.9449664429529903,0.8049558615225927
2.01239013671875,9.43172119140625,9.4610107421875,0.8684563758389157,0.689521201094458
4.98792724609375,7.2366528320312495,9.4610107421875,1.8550335570469516,0.7647658746576746
4.98792724609375,9.43172119140625,6.5074462890625,1.8832214765100384,0.7772592608088027
2.01239013671875,7.2366528320312495,6.5074462890625,0.7583892617449579,0.5861951059184524
3.73917724609375,3.18797119140625,5.7485107421874995,0.9302013422818676,0.45314907537077065
0.76364013671875,3.18797119140625,5.7485107421874995,0.3771812080536896,0.3034299541296669
3.73917724609375,5.98790283203125,5.7485107421874995,1.232214765100654,0.626998794372395
3.73917724609375,3.18797119140625,7.7449462890625,1.0214765100671008,0.5038807514585136
0.76364013671875,5.98790283203125,7.7449462890625,0.4147651006711386,0.4459128687443856
8.73417724609375,8.18297119140625,0.7985107421875,1.689932885906015,0.418857810983884
5.75864013671875,8.18297119140625,0.7985107421875,0.9758389261744842,0.3394617049948085
8.73417724609375,0.9929028320312501,0.7985107421875,0.3771812080536896,0.06374476275917094
8.73417724609375,8.18297119140625,2.7949462890625,2.8362416107383472,0.7192900059360101
5.75864013671875,0.9929028320312501,2.7949462890625,0.38926174496644106,0.09545880604195008
6.23667724609375,0.69047119140625,8.2235107421875,0.4939597315436204,0.1223754121049862
3.26114013671875,0.69047119140625,8.2235107421875,0.382550335570468,0.10137947985054108
6.23667724609375,3.4904028320312497,8.2235107421875,1.9100671140939305,0.6448233996392287
6.23667724609375,0.69047119140625,0.3199462890625,0.36778523489932735,0.05782579355867892
3.26114013671875,3.4904028320312497,0.3199462890625,0.3744966442953004,0.14911666252122527
1.24167724609375,5.68547119140625,3.2735107421875003,0.40805369127516555,0.3514472351883987
8.25614013671875,5.68547119140625,3.2735107421875003,2.5046979865772245,0.6649995156030523
1.24167724609375,8.48540283203125,3.2735107421875003,0.4724832214765067,0.44870648541507074
1.24167724609375,5.68547119140625,5.2699462890625,0.46308724832214443,0.42121592855953777
8.25614013671875,8.48540283203125,5.2699462890625,3.001342281879311,0.8055540936238166
0.92948974609375,1.00265869140625,7.2953857421874995,0.36912751677852196,0.13942485849825503
1.70020263671875,1.00265869140625,7.2953857421874995,0.3744966442953004,0.13733271749266213
0.92948974609375,1.3050903320312501,7.2953857421874995,0.37046979865771656,0.1706903072765972
0.92948974609375,1.00265869140625,3.1043212890625003,0.36644295302013274,0.1312280648462868
1.70020263671875,1.3050903320312501,3.1043212890625003,0.37046979865771656,0.15097680972216507
5.92448974609375,5.99765869140625,2.3453857421875,1.5248322147650784,0.5317072984822975
6.69520263671875,5.99765869140625,2.3453857421875,1.7691275167784968,0.5581793852343977
5.92448974609375,6.30009033203125,2.3453857421875,1.5597315436241381,0.5448501809899702
5.92448974609375,5.99765869140625,8.0543212890625,2.0885906040268276,0.7444379550352934
6.69520263671875,6.30009033203125,8.0543212890625,2.3946308724832486,0.7706506852042212
8.42198974609375,3.50015869140625,9.7703857421875,2.735570469798735,0.7175958240660024
4.19770263671875,3.50015869140625,9.7703857421875,1.269798657718103,0.5848895027985626
8.42198974609375,8.79759033203125,9.7703857421875,3.2255033557048476,0.8537372896622777
8.42198974609375,3.50015869140625,5.5793212890624995,2.508724832214809,0.6538955454161732
4.19770263671875,8.79759033203125,5.5793212890624995,1.5355704697986352,0.7246196907380997
3.4269897460937497,8.49515869140625,4.8203857421875,1.2134228187919296,0.6646035331776164
9.19270263671875,8.49515869140625,4.8203857421875,3.32348993288607,0.8104823524132301
3.4269897460937497,3.80259033203125,4.8203857421875,0.8711409395973049,0.4532443096948307
3.4269897460937497,8.49515869140625,0.6293212890625,0.48322147651006353,0.23621401782519708
9.19270263671875,3.80259033203125,0.6293212890625,0.822818791946299,0.18479221654777825
4.6757397460937495,4.74890869140625,1.1078857421875001,0.5892617449664375,0.2285082953297804
7.94395263671875,4.74890869140625,1.1078857421875001,1.2536912751677678,0.3318454464917902
4.6757397460937495,2.5538403320312497,1.1078857421875001,0.39060402684563567,0.12973746573707368
4.6757397460937495,4.74890869140625,4.3418212890625,1.3288590604026658,0.5624111951078322
7.94395263671875,2.5538403320312497,4.3418212890625,1.8926174496644006,0.5107930644501184
9.67073974609375,9.74390869140625,6.0578857421875,3.645637583892829,0.8516866988185857
2.94895263671875,9.74390869140625,6.0578857421875,1.1422818791946154,0.7027444881833932
9.67073974609375,7.54884033203125,6.0578857421875,3.52080536912771,0.8211733459038855
9.67073974609375,9.74390869140625,9.2918212890625,3.7355704697988825,0.8742115310593976
2.94895263671875,7.54884033203125,9.2918212890625,1.1342281879194478,0.6957942598288525
7.17323974609375,2.2514086914062497,3.5828857421875,1.3798657718120608,0.398655408436137
5.44645263671875,2.2514086914062497,3.5828857421875,0.9248322147650891,0.3264634475372135
7.17323974609375,5.05134033203125,3.5828857421875,2.0993288590603862,0.6281039891006654
7.17323974609375,2.2514086914062497,6.8168212890625,1.8147651006711134,0.535960348984878
5.44645263671875,5.05134033203125,6.8168212890625,1.7892617449664159,0.6795358753815739
2.17823974609375,7.24640869140625,8.5328857421875,0.8510067114093858,0.6329908148550452
0.45145263671875,7.24640869140625,8.5328857421875,0.3919463087248303,0.4861448523488622
2.17823974609375,0.05634033203125,8.5328857421875,0.36375838926174353,0.009711462157411149
2.17823974609375,7.24640869140625,1.8668212890625002,0.5114093959731503,0.3483358130977616
0.45145263671875,0.05634033203125,1.8668212890625002,0.36375838926174353,0.009236938031642715
1.55386474609375,2.87578369140625,2.9641357421875,0.3812080536912734,0.23989035276947482
3.5733276367187496,2.87578369140625,2.9641357421875,0.5677852348993238,0.262647992458649
1.55386474609375,6.92446533203125,2.9641357421875,0.4791946308724797,0.39644699771382746
1.55386474609375,2.87578369140625,1.2480712890625,0.37181208053691117,0.21274377474203718
3.5733276367187496,6.92446533203125,1.2480712890625,0.6348993288590541,0.31227862834816394
6.54886474609375,7.87078369140625,7.9141357421875,2.4348993288590934,0.8004984765618965
8.56832763671875,7.87078369140625,7.9141357421875,3.1946308724833665,0.8314535268153245
6.54886474609375,1.92946533203125,7.9141357421875,1.5543624161073597,0.49150996625436005
6.54886474609375,7.87078369140625,6.1980712890625,2.377181208053716,0.7801025036451066
8.56832763671875,1.92946533203125,6.1980712890625,2.055033557046957,0.5194608390169388
9.04636474609375,0.37828369140625,0.4891357421875,0.36778523489932735,0.03722315513013688
1.07582763671875,0.37828369140625,0.4891357421875,0.36375838926174353,0.05289289864075439
9.04636474609375,4.42696533203125,0.4891357421875,0.7973154362416015,0.18167224630367942
9.04636474609375,0.37828369140625,8.6730712890625,0.40805369127516555,0.05991560327347813
1.07582763671875,4.42696533203125,8.6730712890625,0.4362416107382523,0.4002869166812858
4.05136474609375,5.37328369140625,5.4391357421875,1.2724832214764923,0.6067257176977152
6.07082763671875,5.37328369140625,5.4391357421875,1.9677852348992986,0.682683049195768
4.05136474609375,9.42196533203125,5.4391357421875,1.5006711409395754,0.7287589597279673
4.05136474609375,5.37328369140625,3.7230712890625,1.130201342281864,0.5328709272671197
6.07082763671875,9.42196533203125,3.7230712890625,2.1114093959731397,0.7364394161088733
2.80261474609375,1.62703369140625,9.1516357421875,0.48993288590603656,0.24044003774124484
7.3195776367187495,1.62703369140625,9.1516357421875,1.7020134228187664,0.48984078957591953
2.80261474609375,8.17321533203125,9.1516357421875,1.1033557046979718,0.7030144349994052
2.80261474609375,1.62703369140625,2.4855712890625004,0.3785234899328842,0.15100918553737058
7.3195776367187495,8.17321533203125,2.4855712890625004,2.249664429530207,0.6639883204452739
7.79761474609375,6.62203369140625,4.2016357421874995,2.5986577181208625,0.7294205843025019
2.32457763671875,6.62203369140625,4.2016357421874995,0.7382550335570388,0.5116344164538622
7.79761474609375,3.17821533203125,4.2016357421874995,2.032214765100645,0.5611644078493305
7.79761474609375,6.62203369140625,7.4355712890625,2.808053691275256,0.7924946317930562
2.32457763671875,3.17821533203125,7.4355712890625,0.614765100671135,0.39617759472774416
5.30011474609375,4.12453369140625,6.6766357421875,1.62147651006709,0.6253130780878543
9.81707763671875,4.12453369140625,6.6766357421875,3.2255033557048476,0.7385280001383487
5.30011474609375,0.68071533203125,6.6766357421875,0.3986577181208033,0.09428268728573803
5.30011474609375,4.12453369140625,9.9105712890625,1.7288590604026586,0.670632585908526
9.81707763671875,0.68071533203125,9.9105712890625,1.38255033557045,0.29371087894704045
0.30511474609375,9.11953369140625,1.7266357421875,0.36912751677852196,0.46550868840969384
4.82207763671875,9.11953369140625,1.7266357421875,1.2590604026845462,0.5203094166652015
0.30511474609375,5.67571533203125,1.7266357421875,0.36644295302013274,0.38769865825065875
0.30511474609375,9.11953369140625,4.9605712890625,0.3771812080536896,0.5074216900407768
4.82207763671875,5.67571533203125,4.9605712890625,1.5275167785234676,0.6378725379100847
0.22706787109375,2.64164306640625,6.4446044921875,0.36644295302013274,0.28246823609368643
8.49028076171875,2.64164306640625,6.4446044921875,2.3651006711409623,0.6094339900030001
0.22706787109375,9.18782470703125,6.4446044921875,0.3744966442953004,0.522554338448862
0.22706787109375,2.64164306640625,1.7894775390625002,0.36375838926174353,0.26376606940848335
8.49028076171875,9.18782470703125,1.7894775390625002,2.477852348993328,0.6410729981089243
5.22206787109375,7.63664306640625,1.4946044921875001,1.1771812080536752,0.4514212126590308
3.49528076171875,7.63664306640625,1.4946044921875001,0.7369127516778442,0.3770912444477736
5.22206787109375,4.19282470703125,1.4946044921875001,0.771812080536904,0.2818744120848216
5.22206787109375,7.63664306640625,6.7394775390624995,1.8966442953019844,0.7518182088255997
3.49528076171875,4.19282470703125,6.7394775390624995,1.0402684563758253,0.5464412115355775
7.71956787109375,0.14414306640625002,8.9196044921875,0.37181208053691117,0.024291740858078226
5.99278076171875,0.14414306640625002,8.9196044921875,0.36912751677852196,0.024262172658453988
7.71956787109375,1.69532470703125,8.9196044921875,1.8550335570469516,0.5123465588779433
7.71956787109375,0.14414306640625002,9.2144775390625,0.37181208053691117,0.024335087708504736
5.99278076171875,1.69532470703125,9.2144775390625,1.3395973154362226,0.4510157347992769
2.72456787109375,5.13914306640625,3.9696044921875004,0.7436241610738172,0.4554377463063256
0.9977807617187501,5.13914306640625,3.9696044921875004,0.3932885906040249,0.3568656461241858
2.72456787109375,6.69032470703125,3.9696044921875004,0.8442953020134127,0.530553657271507
2.72456787109375,5.13914306640625,4.2644775390625,0.7651006711409309,0.4706263215836679
0.9977807617187501,6.69032470703125,4.2644775390625,0.420134228187917,0.4158636939839353
3.97331787109375,1.39289306640625,0.2571044921875,0.36912751677852196,0.09625975236185141
2.2465307617187498,1.39289306640625,0.2571044921875,0.36644295302013274,0.11785022723986835
3.97331787109375,5.44157470703125,0.2571044921875,0.38523489932885724,0.14983366182569305
3.97331787109375,1.39289306640625,0.5519775390625,0.37046979865771656,0.1018510267476878
2.2465307617187498,5.44157470703125,0.5519775390625,0.3785234899328842,0.21149315316855555
8.96831787109375,6.38789306640625,5.2071044921875,3.106040268456508,0.7727119049887758
7.24153076171875,6.38789306640625,5.2071044921875,2.469798657718159,0.7404254170841037
8.96831787109375,0.44657470703125,5.2071044921875,0.3946308724832195,0.05958914994647682
8.96831787109375,6.38789306640625,5.5019775390625,3.12885906040282,0.7787704614444252
7.24153076171875,0.44657470703125,5.5019775390625,0.38523489932885724,0.0620899669866984
6.47081787109375,3.89039306640625,2.7321044921875,1.4671140939597103,0.47006562562312176
4.74403076171875,3.89039306640625,2.7321044921875,0.979865771812068,0.39698851376215744
6.47081787109375,2.94407470703125,2.7321044921875,1.2228187919462918,0.3850179181116302
6.47081787109375,3.89039306640625,7.9769775390625,2.0496644295301776,0.6728989198507493
4.74403076171875,2.94407470703125,7.9769775390625,1.2979865771811898,0.5384966850202981
1.47581787109375,8.88539306640625,7.6821044921875,0.659060402684557,0.6141202661470886
9.73903076171875,8.88539306640625,7.6821044921875,3.6885906040270635,0.8568137067662038
1.47581787109375,7.93907470703125,7.6821044921875,0.6375838926174433,0.5873195428951283
1.47581787109375,8.88539306640625,3.0269775390625,0.5208053691275125,0.46161817044118125
9.73903076171875,7.93907470703125,3.0269775390625,3.237583892617601,0.7459712888924476
2.10019287109375,0.76851806640625,3.3508544921875,0.36912751677852196,0.10187743805162905
6.61715576171875,0.76851806640625,3.3508544921875,0.38926174496644106,0.08214937794582375
2.10019287109375,4.81719970703125,3.3508544921875,0.5208053691275125,0.3556330720433273
2.10019287109375,0.76851806640625,4.8832275390625,0.37046979865771656,0.10554026972299585
6.61715576171875,4.81719970703125,4.8832275390625,2.045637583892593,0.6578592074585491
7.09519287109375,5.76351806640625,8.3008544921875,2.5060402684564194,0.7667894739412129
1.62215576171875,5.76351806640625,8.3008544921875,0.6201342281879134,0.5267734721106715
7.09519287109375,9.81219970703125,8.3008544921875,2.7342281879195403,0.8409827152910301
7.09519287109375,5.76351806640625,9.8332275390625,2.5422818791946797,0.778778811163638
1.62215576171875,9.81219970703125,9.8332275390625,0.7489932885905957,0.6742743239782266
9.59269287109375,3.2660180664062497,0.8758544921875,0.9838926174496518,0.21504819719199106
9.11465576171875,3.2660180664062497,0.8758544921875,0.8993288590603916,0.20437112922407252
9.59269287109375,7.31469970703125,0.8758544921875,1.8872483221476222,0.4309434394906051
9.59269287109375,3.2660180664062497,7.3582275390625,3.002684563758506,0.7001064351362039
9.11465576171875,7.31469970703125,7.3582275390625,3.3503355704699667,0.824647048186467
4.5976928710937495,8.26101806640625,5.8258544921875,1.665771812080512,0.731340755764878
4.11965576171875,8.26101806640625,5.8258544921875,1.4939597315436024,0.7146372916036607
4.5976928710937495,2.31969970703125,5.8258544921875,0.9852348993288464,0.404412903643348
4.5976928710937495,8.26101806640625,2.4082275390625,1.3208053691274981,0.5698578889252738
4.11965576171875,2.31969970703125,2.4082275390625,0.457718120805366,0.17776434066614036
3.3489428710937497,4.5147680664062495,9.5383544921875,1.1006711409395826,0.6035229844109044
2.87090576171875,4.5147680664062495,9.5383544921875,0.9463087248322029,0.5747899889627901
3.3489428710937497,1.0709497070312501,9.5383544921875,0.4174496644295278,0.15326596164618936
3.3489428710937497,4.5147680664062495,3.6457275390625004,0.8295302013422721,0.4389105641231689
2.87090576171875,1.0709497070312501,3.6457275390625004,0.375838926174495,0.12500075650753775
8.34394287109375,9.50976806640625,4.5883544921874995,3.042953020134351,0.8090492585799727
7.86590576171875,9.50976806640625,4.5883544921874995,2.863087248322244,0.8017039225078509
8.34394287109375,6.06594970703125,4.5883544921874995,2.7852348993289437,0.7369002041410618
8.34394287109375,9.50976806640625,8.5957275390625,3.2040268456377303,0.8550503247460783
7.86590576171875,6.06594970703125,8.5957275390625,2.8255033557047886,0.7914168758470235
5.84644287109375,2.01726806640625,7.0633544921875,1.3261744966442766,0.4570588016988222
0.37340576171875,2.01726806640625,7.0633544921875,0.36778523489932735,0.2368038598054507
5.84644287109375,8.56344970703125,7.0633544921875,2.1825503355704656,0.7897959867255238
5.84644287109375,2.01726806640625,6.1207275390625,1.2577181208053516,0.4310203167252844
0.37340576171875,8.56344970703125,6.1207275390625,0.38389261744966263,0.5029326402315188
0.85144287109375,7.01226806640625,2.1133544921875003,0.3812080536912734,0.37287918220672694
5.3684057617187495,7.01226806640625,2.1133544921875003,1.389261744966423,0.5256125485945334
0.85144287109375,3.5684497070312498,2.1133544921875003,0.37046979865771656,0.28362747598295557
0.85144287109375,7.01226806640625,1.1707275390625,0.3744966442953004,0.3477454672542989
5.3684057617187495,3.5684497070312498,1.1707275390625,0.5516778523489885,0.18708481701997154
1.1636303710937501,2.3294555664062497,8.6102294921875,0.38791946308724645,0.26069984145906927
4.4318432617187495,2.3294555664062497,8.6102294921875,1.0832214765100527,0.46431503712609634
1.1636303710937501,6.37813720703125,8.6102294921875,0.5194630872483179,0.5135670778991903
1.1636303710937501,2.3294555664062497,8.2863525390625,0.38791946308724645,0.2600851883920018
4.4318432617187495,6.37813720703125,8.2863525390625,1.5825503355704464,0.7138985398594704
6.15863037109375,7.32445556640625,3.6602294921875003,2.0013422818791637,0.6864519295659919
9.42684326171875,7.32445556640625,3.6602294921875003,3.1879194630873924,0.7571444426648278
6.15863037109375,1.38313720703125,3.6602294921875003,0.6738255033556977,0.20005192838027974
6.15863037109375,7.32445556640625,3.3363525390625,1.9543624161073525,0.6692887655197759
9.42684326171875,1.38313720703125,3.3363525390625,1.3194630872483035,0.2942900505724269
8.65613037109375,4.82695556640625,6.1352294921874995,2.8791946308725818,0.7376730036464744
1.9343432617187502,4.82695556640625,6.1352294921874995,0.6134228187919404,0.45954089626721795
8.65613037109375,3.88063720703125,6.1352294921874995,2.722147651006787,0.6951104982072898
8.65613037109375,4.82695556640625,0.8613525390625,1.2107382550335404,0.2960333516720431
1.9343432617187502,3.88063720703125,0.8613525390625,0.3744966442953004,0.2122002415237935
3.66113037109375,9.82195556640625,1.1852294921875002,0.7946308724832123,0.3973226886674283
6.92934326171875,9.82195556640625,1.1852294921875002,1.676510067114069,0.5128705768896967
3.66113037109375,8.87563720703125,1.1852294921875002,0.7476510067114011,0.370624113254351
3.66113037109375,9.82195556640625,5.8113525390625,1.389261744966423,0.730084531467139
6.92934326171875,8.87563720703125,5.8113525390625,2.554362416107433,0.7994045114872232
4.90988037109375,3.57820556640625,4.8977294921875,1.2859060402684384,0.5186052498377431
5.68059326171875,3.57820556640625,4.8977294921875,1.5302013422818568,0.5516564997250198
4.90988037109375,7.62688720703125,4.8977294921875,1.6953020134227934,0.703482188026809
4.90988037109375,3.57820556640625,9.5238525390625,1.5114093959731323,0.6192162663276664
5.68059326171875,7.62688720703125,9.5238525390625,2.131543624161062,0.7905370664728777
9.90488037109375,8.57320556640625,9.8477294921875,3.7838926174498964,0.8663113055526017
0.68559326171875,8.57320556640625,9.8477294921875,0.44966442953019836,0.5524544624316444
9.90488037109375,2.63188720703125,9.8477294921875,3.0469798657719354,0.6901826873212384
9.90488037109375,8.57320556640625,4.5738525390625,3.575838926174698,0.8154327877334098
0.68559326171875,2.63188720703125,4.5738525390625,0.37181208053691117,0.2677949475639104
7.40738037109375,1.08070556640625,2.4227294921875,0.40671140939597095,0.0892813251491281
8.17809326171875,1.08070556640625,2.4227294921875,0.44429530201341993,0.0936729584250782
7.40738037109375,0.13438720703125,2.4227294921875,0.36510067114093814,0.020308025057000398
7.40738037109375,1.08070556640625,2.0988525390625,0.3959731543624141,0.08499501877245945
8.17809326171875,0.13438720703125,2.0988525390625,0.36644295302013274,0.02004861191314567
2.4123803710937497,6.07570556640625,7.3727294921875,0.8563758389261642,0.5891247705081832
3.1830932617187497,6.07570556640625,7.3727294921875,1.1087248322147503,0.6364945632797678
2.4123803710937497,5.12938720703125,7.3727294921875,0.8026845637583799,0.5441388981008509
2.4123803710937497,6.07570556640625,7.0488525390625,0.8483221476509966,0.5828011870904564
3.1830932617187497,5.12938720703125,7.0488525390625,1.0362416107382415,0.5887071026459506
1.78800537109375,4.20258056640625,1.8039794921875,0.38523489932885724,0.24905566960676534
0.06121826171875,4.20258056640625,1.8039794921875,0.36375838926174353,0.3554714643251117
1.78800537109375,2.00751220703125,1.8039794921875,0.37181208053691117,0.18076192248437528
1.78800537109375,4.20258056640625,5.1926025390624995,0.5087248322147611,0.3773554929667384
0.06121826171875,2.00751220703125,5.1926025390624995,0.36375838926174353,0.2348952238781092
6.78300537109375,9.19758056640625,6.7539794921875,2.5516778523490435,0.8145053673682615
5.05621826171875,9.19758056640625,6.7539794921875,1.9073825503355413,0.7785382207987293
6.78300537109375,7.00251220703125,6.7539794921875,2.4335570469798986,0.7744913505320048
6.78300537109375,9.19758056640625,0.2426025390625,0.7704697986577094,0.22818100737234687
5.05621826171875,7.00251220703125,0.2426025390625,0.4187919463087224,0.14541517224135705
9.28050537109375,1.70508056640625,4.2789794921875,1.8255033557046703,0.42445317999043386
2.55871826171875,1.70508056640625,4.2789794921875,0.39060402684563567,0.17623520498250717
9.28050537109375,9.50001220703125,4.2789794921875,3.3677852348994994,0.8143178210829427
9.28050537109375,1.70508056640625,2.7176025390625003,1.3328859060402496,0.30306914933668083
2.55871826171875,9.50001220703125,2.7176025390625003,0.8026845637583799,0.529845317898039
4.28550537109375,6.70008056640625,9.2289794921875,1.5677852348993058,0.727656287329947
7.55371826171875,6.70008056640625,9.2289794921875,2.7718120805369955,0.8053459212945946
4.28550537109375,4.50501220703125,9.2289794921875,1.406711409395953,0.6449582869173017
4.28550537109375,6.70008056640625,7.6676025390625,1.5342281879194406,0.710635055303253
7.55371826171875,4.50501220703125,7.6676025390625,2.5140939597315883,0.7259132669911171
3.03675537109375,0.45633056640625,5.5164794921875,0.37046979865771656,0.06819681163681911
8.80246826171875,0.45633056640625,5.5164794921875,0.3973154362416087,0.06171580380695092
3.03675537109375,3.25626220703125,5.5164794921875,0.734228187919455,0.40594735957188693
3.03675537109375,0.45633056640625,6.4301025390625,0.37181208053691117,0.06934977171109902
8.80246826171875,3.25626220703125,6.4301025390625,2.6550335570470454,0.6663880636843496
8.03175537109375,5.4513305664062495,0.5664794921875,0.9087248322147539,0.23340338761205254
3.80746826171875,5.4513305664062495,0.5664794921875,0.3973154362416087,0.16591874410966936
8.03175537109375,8.25126220703125,0.5664794921875,1.273825503355687,0.3359585164380817
8.03175537109375,5.4513305664062495,1.4801025390625002,1.683221476510042,0.4490424016974206
3.80746826171875,8.25126220703125,1.4801025390625002,0.8442953020134127,0.41031719434569847
5.53425537109375,2.95383056640625,7.9914794921875,1.5557046979865543,0.5741436282408585
6.30496826171875,2.95383056640625,7.9914794921875,1.8120805369127242,0.6027945880796286
5.53425537109375,5.75376220703125,7.9914794921875,1.9261744966442658,0.7256102161454623
5.53425537109375,2.95383056640625,3.9551025390625,1.225503355704681,0.44240505187492796
6.30496826171875,5.75376220703125,3.9551025390625,1.9476510067113795,0.6524634501634048
0.53925537109375,7.94883056640625,3.0414794921875004,0.3785234899328842,0.4385115891185929
1.30996826171875,7.94883056640625,3.0414794921875004,0.46308724832214443,0.4224348416046991
0.53925537109375,0.7587622070312501,3.0414794921875004,0.36375838926174353,0.10603695135812816
0.53925537109375,7.94883056640625,8.9051025390625,0.40939597315436016,0.5127838865863948
1.30996826171875,0.7587622070312501,8.9051025390625,0.37046979865771656,0.1120409760610484
0.38316162109375,0.30023681640625,0.7211669921875,0.36375838926174353,0.0448915880335187
3.33918701171875,0.30023681640625,0.7211669921875,0.36510067114093814,0.040371301675327396
0.38316162109375,8.09516845703125,0.7211669921875,0.36778523489932735,0.41068948507017355
0.38316162109375,0.30023681640625,7.8222900390625,0.36375838926174353,0.04877081589963791
3.33918701171875,8.09516845703125,7.8222900390625,1.2671140939597139,0.7117654408938283
5.37816162109375,5.29523681640625,5.6711669921875,1.7315436241610478,0.6633032734132089
8.33418701171875,5.29523681640625,5.6711669921875,2.7892617449665282,0.7390867940021975
5.37816162109375,3.1001684570312498,5.6711669921875,1.4040268456375637,0.5265436834466612
5.37816162109375,5.29523681640625,2.8722900390625004,1.4013422818791745,0.5283078671132897
8.33418701171875,3.1001684570312498,2.8722900390625004,1.853691275167757,0.47867147321761844
7.87566162109375,2.7977368164062497,3.1961669921875,1.7073825503355449,0.4615795138991516
0.84168701171875,2.7977368164062497,3.1961669921875,0.37181208053691117,0.2631966979292224
7.87566162109375,0.60266845703125,3.1961669921875,0.38523489932885724,0.06668901866278931
7.87566162109375,2.7977368164062497,0.39729003906250004,0.3919463087248303,0.08769114545869672
0.84168701171875,0.60266845703125,0.39729003906250004,0.36375838926174353,0.07898814525213846
2.8806616210937497,7.79273681640625,8.1461669921875,1.1020134228187772,0.6866120408664409
5.83668701171875,7.79273681640625,8.1461669921875,2.170469798657712,0.786410527687857
2.8806616210937497,5.59766845703125,8.1461669921875,0.9973154362415979,0.6111510304077894
2.8806616210937497,7.79273681640625,5.3472900390625,1.02416107382549,0.6328167288986183
5.83668701171875,5.59766845703125,5.3472900390625,1.9006711409395682,0.6815930956931209
4.12941162109375,4.04648681640625,6.9086669921874995,1.2335570469798487,0.5751829108207402
7.08543701171875,4.04648681640625,6.9086669921874995,2.242953020134233,0.6817952183570684
4.12941162109375,6.84641845703125,6.9086669921874995,1.4657718120805157,0.6980374051190805
4.12941162109375,4.04648681640625,9.0597900390625,1.300671140939579,0.6100381921723539
7.08543701171875,6.84641845703125,9.0597900390625,2.602684563758447,0.7993428196636501
9.12441162109375,9.04148681640625,1.9586669921875002,2.7651006711410213,0.6722902420829071
2.0904370117187496,9.04148681640625,1.9586669921875002,0.570469798657713,0.4127746655697011
9.12441162109375,1.85141845703125,1.9586669921875002,1.0295302013422685,0.2332539506260291
9.12441162109375,9.04148681640625,4.1097900390625,3.2657718120806924,0.8010594854590183
2.0904370117187496,1.85141845703125,4.1097900390625,0.38389261744966263,0.1896094874730732
6.6269116210937495,1.5489868164062501,9.3836669921875,1.4563758389261534,0.451657490399533
9.58293701171875,1.5489868164062501,9.3836669921875,2.382550335570495,0.5479117287998705
6.6269116210937495,4.34891845703125,9.3836669921875,2.2147651006711415,0.7157106306608358
6.6269116210937495,1.5489868164062501,1.6347900390625,0.3999999999999979,0.09911149066281306
9.58293701171875,4.34891845703125,1.6347900390625,1.9906040268456069,0.4546724418486154
1.63191162109375,6.54398681640625,4.4336669921875,0.5583892617449615,0.46470478682431127
4.58793701171875,6.54398681640625,4.4336669921875,1.4765100671140725,0.642504646806451
1.63191162109375,9.34391845703125,4.4336669921875,0.6416107382550271,0.5593740224338681
1.63191162109375,6.54398681640625,6.5847900390625,0.621476510067108,0.5299110132026403
4.58793701171875,9.34391845703125,6.5847900390625,1.734228187919437,0.7655213342240981
2.25628662109375,3.42211181640625,8.7649169921875,0.652348993288584,0.4374667476401404
1.46606201171875,3.42211181640625,8.7649169921875,0.46308724832214443,0.3621285243488674
2.25628662109375,3.72454345703125,8.7649169921875,0.6818791946308653,0.4640283095321093
2.25628662109375,3.42211181640625,5.9660400390624995,0.5785234899328806,0.3768133637083616
1.46606201171875,3.72454345703125,5.9660400390624995,0.4362416107382523,0.33647021411655476
7.25128662109375,8.41711181640625,3.8149169921875004,2.4953020134228607,0.7473830531130117
6.46106201171875,8.41711181640625,3.8149169921875004,2.2067114093959725,0.7293091373089173
7.25128662109375,8.71954345703125,3.8149169921875004,2.5140939597315883,0.7533719127268783
7.25128662109375,8.41711181640625,1.0160400390625,1.5234899328858837,0.4448638498977804
6.46106201171875,8.71954345703125,1.0160400390625,1.3409395973154172,0.43110656811958625
9.74878662109375,0.92461181640625,6.2899169921875,1.4724832214764887,0.31892605481203135
3.96356201171875,0.92461181640625,6.2899169921875,0.3959731543624141,0.12028583765395078
9.74878662109375,6.2220434570312495,6.2899169921875,3.4536912751679685,0.7987284303911185
9.74878662109375,0.92461181640625,3.4910400390625003,0.867114093959721,0.17719366101697612
3.96356201171875,6.2220434570312495,3.4910400390625003,1.150335570469783,0.5543106943377195
4.75378662109375,5.91961181640625,1.3399169921875,0.8335570469798559,0.3348396102731395
8.95856201171875,5.91961181640625,1.3399169921875,1.928859060402655,0.4689782511378
4.75378662109375,1.22704345703125,1.3399169921875,0.375838926174495,0.09946458014877253
4.75378662109375,5.91961181640625,8.4410400390625,1.6711409395972905,0.7122974425195874
8.95856201171875,1.22704345703125,8.4410400390625,1.8523489932885624,0.4445349960331753
3.50503662109375,2.17336181640625,2.5774169921875,0.40402684563758173,0.16576840370759996
7.70981201171875,2.17336181640625,2.5774169921875,1.1852348993288429,0.3169638210695414
3.50503662109375,2.4757934570312496,2.5774169921875,0.43087248322147387,0.1854664741945132
3.50503662109375,2.17336181640625,7.2035400390625,0.734228187919455,0.3563241854861352
7.70981201171875,2.4757934570312496,7.2035400390625,2.100671140939581,0.5873363813040642
8.50003662109375,7.16836181640625,7.5274169921875,3.114093959731677,0.8154442301411122
2.7148120117187498,7.16836181640625,7.5274169921875,1.0080536912751548,0.6503334175451788
8.50003662109375,7.47079345703125,7.5274169921875,3.1342281879195992,0.8209796968641806
8.50003662109375,7.16836181640625,2.2535400390625,2.4805369127517176,0.6408318301686106
2.7148120117187498,7.47079345703125,2.2535400390625,0.6979865771812006,0.4301339049932157
6.00253662109375,4.67086181640625,0.1024169921875,0.38791946308724645,0.10934591093668122
5.21231201171875,4.67086181640625,0.1024169921875,0.38389261744966263,0.11879943232426927
6.00253662109375,9.96829345703125,0.1024169921875,0.5744966442952968,0.18357269846408908
6.00253662109375,4.67086181640625,4.7285400390625,1.7986577181207781,0.6260211766503017
5.21231201171875,9.96829345703125,4.7285400390625,1.9073825503355413,0.7576744214479401
1.00753662109375,9.66586181640625,5.0524169921875,0.4939597315436204,0.5352783933364333
0.21731201171875,9.66586181640625,5.0524169921875,0.3731543624161058,0.5247762212969878
1.00753662109375,4.97329345703125,5.0524169921875,0.4026845637583871,0.36954070648143855
1.00753662109375,9.66586181640625,9.6785400390625,0.5503355704697939,0.6144328818673848
0.21731201171875,4.97329345703125,9.6785400390625,0.37046979865771656,0.411885345297787
0.69534912109375,4.98304931640625,4.1242919921875,0.3798657718120788,0.3682075889046472
9.89512451171875,4.98304931640625,4.1242919921875,3.143624161073963,0.7126963449570638
0.69534912109375,5.2854809570312495,4.1242919921875,0.3812080536912734,0.3779021981024341
0.69534912109375,4.98304931640625,2.5629150390625,0.3731543624161058,0.34679463764075047
9.89512451171875,5.2854809570312495,2.5629150390625,2.8026845637584765,0.6315057478226658
5.69034912109375,9.97804931640625,9.0742919921875,2.2214765100671157,0.8249605465657814
4.90012451171875,9.97804931640625,9.0742919921875,1.9248322147650712,0.8085670877899399
5.69034912109375,0.29048095703125004,9.0742919921875,0.3771812080536896,0.04725080588795416
5.69034912109375,9.97804931640625,7.5129150390624995,2.1919463087248294,0.8131183096285686
4.90012451171875,0.29048095703125004,7.5129150390624995,0.3731543624161058,0.04639920084979709
8.18784912109375,2.48554931640625,1.6492919921875002,1.0026845637583763,0.25143373261874813
7.39762451171875,2.48554931640625,1.6492919921875002,0.8429530201342181,0.22735453868808492
8.18784912109375,2.78798095703125,1.6492919921875002,1.130201342281864,0.286810865610592
8.18784912109375,2.48554931640625,9.9879150390625,2.4013422818792227,0.6412051057952706
7.39762451171875,2.78798095703125,9.9879150390625,2.217449664429531,0.6472152426021186
3.19284912109375,7.4805493164062495,6.5992919921875,1.16107382550334,0.6698531184382455
2.40262451171875,7.4805493164062495,6.5992919921875,0.8953020134228078,0.6245436175041333
3.19284912109375,7.78298095703125,6.5992919921875,1.174496644295286,0.6786371432737888
3.19284912109375,7.4805493164062495,5.0379150390625,1.1006711409395826,0.6313878662922072
2.40262451171875,7.78298095703125,5.0379150390625,0.8550335570469696,0.5932934987233636
4.44159912109375,1.23679931640625,7.8367919921875,0.6255033557046918,0.23369933517473407
1.15387451171875,1.23679931640625,7.8367919921875,0.3731543624161058,0.1645945270247622
4.44159912109375,9.03173095703125,7.8367919921875,1.7006711409395718,0.7710545134131446
4.44159912109375,1.23679931640625,1.3254150390625001,0.3744966442953004,0.10225667112288989
1.15387451171875,9.03173095703125,1.3254150390625001,0.38791946308724645,0.35035956946758123
9.43659912109375,6.23179931640625,2.8867919921875003,2.900671140939699,0.6847499256055415
6.14887451171875,6.23179931640625,2.8867919921875003,1.7637583892617184,0.6006369792949908
9.43659912109375,4.03673095703125,2.8867919921875003,2.4912751677852762,0.5832724792706845
9.43659912109375,6.23179931640625,6.2754150390625,3.3369127516780184,0.7944872064470363
6.14887451171875,4.03673095703125,6.2754150390625,1.8765100671140653,0.6409411282674302
6.93909912109375,3.7342993164062497,5.3617919921874995,2.0255033557046707,0.6229164664200187
3.6513745117187497,3.7342993164062497,5.3617919921874995,0.9637583892617327,0.48280259616796317
6.93909912109375,1.5392309570312501,5.3617919921874995,1.2335570469798487,0.3607374595106379
6.93909912109375,3.7342993164062497,8.7504150390625,2.217449664429531,0.6867518896915232
3.6513745117187497,1.5392309570312501,8.7504150390625,0.6295302013422757,0.2786275093118625
1.9440991210937502,8.72929931640625,0.41179199218750007,0.382550335570468,0.24944900776914306
8.64637451171875,8.72929931640625,0.41179199218750007,1.2657718120805193,0.31228146817681157
1.9440991210937502,6.53423095703125,0.41179199218750007,0.3771812080536896,0.23151995693164473
1.9440991210937502,8.72929931640625,3.8004150390625,0.6859060402684491,0.5374767817115189
8.64637451171875,6.53423095703125,3.8004150390625,2.844295302013516,0.7284825249546285
1.31972412109375,1.86117431640625,5.9805419921875,0.3785234899328842,0.21259220240411714
5.52449951171875,1.86117431640625,5.9805419921875,1.0885906040268312,0.3848858034159582
1.31972412109375,0.91485595703125,5.9805419921875,0.36912751677852196,0.12613312079793537
1.31972412109375,1.86117431640625,4.4191650390624995,0.3744966442953004,0.20425655457522385
5.52449951171875,0.91485595703125,4.4191650390624995,0.40536912751677634,0.10477798110500926
6.31472412109375,6.85617431640625,1.0305419921875,1.1328859060402532,0.36686126751481335
0.52949951171875,6.85617431640625,1.0305419921875,0.36912751677852196,0.37677237380825057
6.31472412109375,5.90985595703125,1.0305419921875,1.0187919463087116,0.32676412873480387
6.31472412109375,6.85617431640625,9.3691650390625,2.322147651006728,0.7869910691714881
0.52949951171875,5.90985595703125,9.3691650390625,0.3932885906040249,0.4486567755614511
8.81222412109375,4.35867431640625,8.4555419921875,2.9825503355705836,0.7533854143352765
8.02199951171875,4.35867431640625,8.4555419921875,2.6939597315436954,0.7387324895970705
8.81222412109375,8.40735595703125,8.4555419921875,3.3302013422820442,0.8460336155473509
8.81222412109375,4.35867431640625,6.8941650390625,2.9127516778524525,0.7344740727912942
8.02199951171875,8.40735595703125,6.8941650390625,2.986577181208168,0.8235615598580026
3.81722412109375,9.35367431640625,3.5055419921875,1.287248322147633,0.648831264920545
3.02699951171875,9.35367431640625,3.5055419921875,1.0228187919462954,0.6093236742001475
3.81722412109375,3.41235595703125,3.5055419921875,0.7892617449664339,0.37062246951615946
3.81722412109375,9.35367431640625,1.9441650390625,1.0362416107382415,0.5131986863396305
3.02699951171875,3.41235595703125,1.9441650390625,0.4147651006711386,0.20147306375930923
2.56847412109375,3.10992431640625,2.2680419921875004,0.3973154362416087,0.2067978391253295
4.27574951171875,3.10992431640625,2.2680419921875004,0.6241610738254972,0.25740608174913615
2.56847412109375,4.66110595703125,2.2680419921875004,0.4939597315436204,0.29024260257613227
2.56847412109375,3.10992431640625,3.1816650390625,0.44697986577180915,0.24599178485659856
4.27574951171875,4.66110595703125,3.1816650390625,1.0469798657717984,0.46739626884136515
7.56347412109375,8.10492431640625,7.2180419921875,2.808053691275256,0.8152066912740198
9.27074951171875,8.10492431640625,7.2180419921875,3.4536912751679685,0.8378072721411777
7.56347412109375,9.65610595703125,7.2180419921875,2.8791946308725818,0.8370453119057675
7.56347412109375,8.10492431640625,8.1316650390625,2.8335570469799576,0.8231721826567009
9.27074951171875,9.65610595703125,8.1316650390625,3.5543624161075806,0.8635421676161877
5.06597412109375,0.6124243164062501,4.7430419921875,0.3812080536912734,0.08092468802157166
1.77824951171875,0.6124243164062501,4.7430419921875,0.36778523489932735,0.08825970034206132
5.06597412109375,7.15860595703125,4.7430419921875,1.7114093959731287,0.6912109378699499
5.06597412109375,0.6124243164062501,5.6566650390625,0.38523489932885724,0.08377507808772157
1.77824951171875,7.15860595703125,5.6566650390625,0.6630872483221408,0.5441157946681452
0.07097412109375,5.60742431640625,9.6930419921875,0.36510067114093814,0.4369307355789584
6.77324951171875,5.60742431640625,9.6930419921875,2.408053691275197,0.7671921129353922
0.07097412109375,2.16360595703125,9.6930419921875,0.36375838926174353,0.2526514210186666
0.07097412109375,5.60742431640625,0.7066650390625,0.36375838926174353,0.3977411115919105
6.77324951171875,2.16360595703125,0.7066650390625,0.38791946308724645,0.09455478100804464
0.051462402343750005,0.6319360351562501,5.6905029296875,0.36375838926174353,0.09484331396491685
4.60744873046875,0.6319360351562501,5.6905029296875,0.382550335570468,0.08659029594658525
0.051462402343750005,4.29038330078125,5.6905029296875,0.36375838926174353,0.37472839096547794
0.051462402343750005,0.6319360351562501,9.3498291015625,0.36375838926174353,0.09658462074598421
4.60744873046875,4.29038330078125,9.3498291015625,1.4966442953019916,0.6482773175139562
5.04646240234375,5.62693603515625,0.7405029296875,0.5731543624161022,0.2091799830703394
9.60244873046875,5.62693603515625,0.7405029296875,1.4496644295301804,0.32619530280599285
5.04646240234375,9.28538330078125,0.7405029296875,0.8644295302013318,0.33393004225429657
5.04646240234375,5.62693603515625,4.3998291015625,1.5516778523489705,0.6234770062092998
9.60244873046875,9.28538330078125,4.3998291015625,3.489932885906229,0.8185338126416201
7.54396240234375,3.12943603515625,8.1655029296875,2.2859060402684674,0.6565080746111984
2.1099487304687496,3.12943603515625,8.1655029296875,0.5731543624161022,0.3862907404275311
7.54396240234375,6.78788330078125,8.1655029296875,2.7476510067114885,0.7987707801645805
7.54396240234375,3.12943603515625,1.9248291015625,1.2510067114093786,0.3447853773949275
2.1099487304687496,6.78788330078125,1.9248291015625,0.48724832214764735,0.3339988315560491
2.54896240234375,8.12443603515625,3.2155029296875,0.7986577181207961,0.5263392438518459
7.10494873046875,8.12443603515625,3.2155029296875,2.3328859060402865,0.7090961183866995
2.54896240234375,1.7928833007812501,3.2155029296875,0.38389261744966263,0.17089500831454751
2.54896240234375,8.12443603515625,6.8748291015625,0.9744966442952896,0.6582429793793753
7.10494873046875,1.7928833007812501,6.8748291015625,1.5879194630872249,0.46692141563086675
3.79771240234375,4.37818603515625,1.9780029296875001,0.6536912751677786,0.30284601481933765
5.8561987304687495,4.37818603515625,1.9780029296875001,1.14362416107381,0.3933955965767878
3.79771240234375,0.54413330078125,1.9780029296875001,0.36778523489932735,0.06856564258925452
3.79771240234375,4.37818603515625,8.1123291015625,1.2026845637583727,0.6005802936469511
5.8561987304687495,0.54413330078125,8.1123291015625,0.3973154362416087,0.08129509979271946
8.79271240234375,9.37318603515625,6.9280029296875,3.3261744966444597,0.8464680498534569
0.8611987304687501,9.37318603515625,6.9280029296875,0.4818791946308689,0.5570381201534279
8.79271240234375,5.53913330078125,6.9280029296875,3.0604026845638836,0.7754991621705005
8.79271240234375,9.37318603515625,3.1623291015625004,3.0281879194632078,0.7658467735673755
0.8611987304687501,5.53913330078125,3.1623291015625004,0.382550335570468,0.3603442362663556
6.29521240234375,1.88068603515625,4.4530029296875,1.130201342281864,0.35848827104267805
8.35369873046875,1.88068603515625,4.4530029296875,1.7087248322147395,0.4361328808759092
6.29521240234375,8.03663330078125,4.4530029296875,2.18657718120805,0.7396045723261166
6.29521240234375,1.88068603515625,0.6873291015625,0.3812080536912734,0.09354561487344375
8.35369873046875,8.03663330078125,0.6873291015625,1.457718120805348,0.3735956431653556
1.30021240234375,6.87568603515625,9.4030029296875,0.577181208053686,0.5562648496487753
3.35869873046875,6.87568603515625,9.4030029296875,1.2510067114093786,0.6976425231951414
1.30021240234375,3.0416333007812497,9.4030029296875,0.4187919463087224,0.3207831509340863
1.30021240234375,6.87568603515625,5.6373291015625,0.5221476510067071,0.48979720184499803
3.35869873046875,3.0416333007812497,5.6373291015625,0.7946308724832123,0.4109815646484916
1.9245874023437501,3.7538110351562497,3.8342529296875,0.44429530201341993,0.29797729060244327
0.23682373046875002,3.7538110351562497,3.8342529296875,0.36644295302013274,0.33739706593193874
1.9245874023437501,9.90975830078125,3.8342529296875,0.7154362416107305,0.5704283252042572
1.9245874023437501,3.7538110351562497,7.4935791015625,0.5718120805369076,0.4148639259463045
0.23682373046875002,9.90975830078125,7.4935791015625,0.3785234899328842,0.5439744836791558
6.91958740234375,8.74881103515625,8.7842529296875,2.634899328859123,0.827650616875875
5.23182373046875,8.74881103515625,8.7842529296875,2.0013422818791637,0.7954480133470305
6.91958740234375,4.91475830078125,8.7842529296875,2.3718120805369365,0.740077888613353
6.91958740234375,8.74881103515625,2.5435791015625,2.170469798657712,0.6731747533121093
5.23182373046875,4.91475830078125,2.5435791015625,1.2308724832214595,0.4702247340312097
9.41708740234375,1.25631103515625,1.3592529296875002,0.3999999999999979,0.07371621518918996
2.7343237304687498,1.25631103515625,1.3592529296875002,0.37046979865771656,0.1217209602791965
9.41708740234375,2.41725830078125,1.3592529296875002,1.02416107382549,0.2269156232600153
9.41708740234375,1.25631103515625,5.0185791015625,1.6120805369127278,0.365149417646351
2.7343237304687498,2.41725830078125,5.0185791015625,0.5046979865771772,0.2691901575948519
4.42208740234375,6.25131103515625,6.3092529296875,1.5100671140939377,0.6795011144999485
7.72932373046875,6.25131103515625,6.3092529296875,2.706040268456449,0.7680871207341973
4.42208740234375,7.41225830078125,6.3092529296875,1.5798657718120572,0.7141804288306651
4.42208740234375,6.25131103515625,9.9685791015625,1.6040268456375602,0.7258394107149717
7.72932373046875,7.41225830078125,9.9685791015625,2.8953020134229197,0.8255757036025038
3.17333740234375,2.50506103515625,7.5467529296875,0.734228187919455,0.38748654956422635
8.97807373046875,2.50506103515625,7.5467529296875,2.565100671140992,0.6306333700185934
3.17333740234375,6.16350830078125,7.5467529296875,1.1140939597315287,0.6416939472997589
3.17333740234375,2.50506103515625,6.2560791015624995,0.6832214765100599,0.3552928073150615
8.97807373046875,6.16350830078125,6.2560791015624995,3.158389261745106,0.7859222917474763
8.16833740234375,7.50006103515625,2.5967529296875003,2.516778523489978,0.6752010213675206
3.98307373046875,7.50006103515625,2.5967529296875003,1.116778523489918,0.5358624817226955
8.16833740234375,1.16850830078125,2.5967529296875003,0.5852348993288536,0.1325885095996847
8.16833740234375,7.50006103515625,1.3060791015625002,1.9033557046979575,0.5039747209876411
3.98307373046875,1.16850830078125,1.3060791015625002,0.37181208053691117,0.10313851978887241
5.67083740234375,5.0025610351562495,5.0717529296874995,1.75838926174494,0.6430948517804704
6.48057373046875,5.0025610351562495,5.0717529296874995,2.0402684563758138,0.6686513061123557
5.67083740234375,3.66600830078125,5.0717529296874995,1.5610738255033327,0.5646705533883326
5.67083740234375,5.0025610351562495,3.7810791015625003,1.6174496644295062,0.5878652103513762
6.48057373046875,3.66600830078125,3.7810791015625003,1.6550335570469552,0.5337786058685371
0.67583740234375,9.99756103515625,0.12175292968750001,0.36912751677852196,0.36026044176570826
1.48557373046875,9.99756103515625,0.12175292968750001,0.3744966442953004,0.2725540634944108
0.67583740234375,8.66100830078125,0.12175292968750001,0.36778523489932735,0.3451914667609891
0.67583740234375,9.99756103515625,8.7310791015625,0.457718120805366,0.5788408260723451
1.48557373046875,8.66100830078125,8.7310791015625,0.6711409395973085,0.6242219961481983
0.9880249023437501,4.69037353515625,9.0936279296875,0.4322147651006685,0.41327363865140115
8.66588623046875,4.69037353515625,9.0936279296875,2.994630872483337,0.7687218032863656
0.9880249023437501,1.48069580078125,9.0936279296875,0.3744966442953004,0.19131732640110433
0.9880249023437501,4.69037353515625,0.9967041015625,0.37046979865771656,0.285809428151196
8.66588623046875,1.48069580078125,0.9967041015625,0.39060402684563567,0.0764948738081584
5.98302490234375,9.68537353515625,4.1436279296875,2.134228187919452,0.7548650181051237
3.6708862304687497,9.68537353515625,4.1436279296875,1.3033557046979682,0.6795590301325898
5.98302490234375,6.47569580078125,4.1436279296875,1.928859060402655,0.6772439518887436
5.98302490234375,9.68537353515625,5.9467041015625,2.242953020134233,0.7961776756064296
3.6708862304687497,6.47569580078125,5.9467041015625,1.249664429530184,0.6470726857928966
8.48052490234375,2.19287353515625,6.6186279296874995,2.1999999999999984,0.5644866984125936
6.16838623046875,2.19287353515625,6.6186279296874995,1.4617449664429318,0.4855250866252975
8.48052490234375,8.97319580078125,6.6186279296874995,3.1785234899330286,0.8347996089683758
8.48052490234375,2.19287353515625,8.4217041015625,2.3234899328859226,0.5987020095892853
6.16838623046875,8.97319580078125,8.4217041015625,2.353020134228209,0.815330685396809
3.48552490234375,7.18787353515625,1.6686279296875002,0.7543624161073741,0.38734196862695247
1.1733862304687501,7.18787353515625,1.6686279296875002,0.38657718120805185,0.33634069438495834
3.48552490234375,3.9781958007812497,1.6686279296875002,0.4805369127516743,0.22325754416445742
3.48552490234375,7.18787353515625,3.4717041015625,1.0630872483221336,0.5660513705349073
1.1733862304687501,3.9781958007812497,3.4717041015625,0.38523489932885724,0.30229431470227996
4.73427490234375,0.94412353515625,2.9061279296875,0.3812080536912734,0.09930167429334057
2.42213623046875,0.94412353515625,2.9061279296875,0.37046979865771656,0.114483994685534
4.73427490234375,2.72944580078125,2.9061279296875,0.771812080536904,0.30116762358239574
4.73427490234375,0.94412353515625,2.2342041015625003,0.3771812080536896,0.09477856785372157
2.42213623046875,2.72944580078125,2.2342041015625003,0.38657718120805185,0.1974877503742845
9.72927490234375,5.93912353515625,7.8561279296875,3.489932885906229,0.8093974534110144
7.41713623046875,5.93912353515625,7.8561279296875,2.626845637583954,0.773604977618311
9.72927490234375,7.7244458007812495,7.8561279296875,3.6255033557049066,0.8423547814661597
9.72927490234375,5.93912353515625,7.1842041015625,3.4630872483223323,0.8027445736019649
7.41713623046875,7.7244458007812495,7.1842041015625,2.7302013422819558,0.8058093241370119
7.23177490234375,3.44162353515625,0.4311279296875,0.4026845637583871,0.09990979018934504
4.9196362304687495,3.44162353515625,0.4311279296875,0.38389261744966263,0.12247559429047371
7.23177490234375,5.22694580078125,0.4311279296875,0.6187919463087188,0.16802202270485203
7.23177490234375,3.44162353515625,9.6592041015625,2.296644295302026,0.6864057223088833
4.9196362304687495,5.22694580078125,9.6592041015625,1.703355704697961,0.7054032993041941
2.23677490234375,8.43662353515625,5.3811279296875,0.8389261744966343,0.6128701390736797
9.91463623046875,8.43662353515625,5.3811279296875,3.6322147651008807,0.8284371720116142
2.23677490234375,0.23194580078125002,5.3811279296875,0.36510067114093814,0.037184298663652325
2.23677490234375,8.43662353515625,4.7092041015624995,0.8120805369127422,0.5906591697957693
9.91463623046875,0.23194580078125002,4.7092041015624995,0.3744966442953004,0.03420922068829893
1.61239990234375,1.5684985351562502,1.0498779296875,0.36778523489932735,0.15230340705476353
6.79276123046875,1.5684985351562502,1.0498779296875,0.38523489932885724,0.08954002426547716
1.61239990234375,7.10007080078125,1.0498779296875,0.38523489932885724,0.2816415542977546
1.61239990234375,1.5684985351562502,2.8529541015625,0.37181208053691117,0.17004362696311726
6.79276123046875,7.10007080078125,2.8529541015625,2.063087248322126,0.6485940069732057
6.60739990234375,6.56349853515625,5.9998779296875,2.3020134228188054,0.7476734136168094
1.79776123046875,6.56349853515625,5.9998779296875,0.6563758389261678,0.5317284115321342
6.60739990234375,2.1050708007812498,5.9998779296875,1.508724832214743,0.4723523599325588
6.60739990234375,6.56349853515625,7.8029541015625,2.374496644295326,0.7730145637684254
1.79776123046875,2.1050708007812498,7.8029541015625,0.40671140939597095,0.2404223933729601
9.10489990234375,4.0659985351562495,3.5248779296875004,2.565100671140992,0.6220938328402447
9.29026123046875,4.0659985351562495,3.5248779296875004,2.6295302013423436,0.62658986434831
9.10489990234375,4.60257080078125,3.5248779296875004,2.680536912751747,0.6517121778631856
9.10489990234375,4.0659985351562495,5.3279541015625,2.846979865771906,0.694865965545068
9.29026123046875,4.60257080078125,5.3279541015625,3.010738255033675,0.7232637089292884
4.1098999023437495,9.06099853515625,8.4748779296875,1.5919463087248087,0.7676166439736212
4.29526123046875,9.06099853515625,8.4748779296875,1.6604026845637336,0.7734885273674084
4.1098999023437495,9.59757080078125,8.4748779296875,1.6093959731543386,0.7768472806647715
4.1098999023437495,9.06099853515625,0.3779541015625,0.48724832214764735,0.20742000510504588
4.29526123046875,9.59757080078125,0.3779541015625,0.5355704697986532,0.22376549354803554
2.8611499023437497,2.8172485351562497,7.2373779296875,0.6979865771812006,0.39638807900936324
3.04651123046875,2.8172485351562497,7.2373779296875,0.7463087248322064,0.40990464899348383
2.8611499023437497,8.34882080078125,7.2373779296875,1.0966442953019988,0.6870755310158465
2.8611499023437497,2.8172485351562497,4.0904541015625,0.5355704697986532,0.2861759440240224
3.04651123046875,8.34882080078125,4.0904541015625,1.034899328859047,0.6131659931041001
7.85614990234375,7.81224853515625,2.2873779296875,2.3395973154362606,0.6483432553976515
8.04151123046875,7.81224853515625,2.2873779296875,2.4040268456376124,0.6528904380516457
7.85614990234375,3.35382080078125,2.2873779296875,1.5731543624160842,0.4247857756465262
7.85614990234375,7.81224853515625,9.0404541015625,2.948993288590713,0.8289544079724951
8.04151123046875,3.35382080078125,9.0404541015625,2.5463087248322642,0.694235240253912
5.35864990234375,0.31974853515625,9.7123779296875,0.3785234899328842,0.05204779194995282
0.54901123046875,0.31974853515625,9.7123779296875,0.36375838926174353,0.05202430525849986
5.35864990234375,0.8563208007812501,9.7123779296875,0.6026845637583835,0.18520883941589966
5.35864990234375,0.31974853515625,6.5654541015625,0.3744966442953004,0.04971730576685294
0.54901123046875,0.8563208007812501,6.5654541015625,0.36510067114093814,0.12203918128344672
0.36364990234375,5.31474853515625,4.7623779296875,0.37181208053691117,0.40161117634519994
5.54401123046875,5.31474853515625,4.7623779296875,1.7234899328858801,0.6423371451548543
0.36364990234375,5.85132080078125,4.7623779296875,0.3731543624161058,0.41996456629994766
0.36364990234375,5.31474853515625,1.6154541015625001,0.36644295302013274,0.369101730838804
5.54401123046875,5.85132080078125,1.6154541015625001,1.1342281879194478,0.4106118195840258
0.51974365234375,2.97334228515625,1.5139404296875,0.36644295302013274,0.2675441790849082
9.75854248046875,2.97334228515625,1.5139404296875,1.4805369127516563,0.3265335898596311
0.51974365234375,2.88553955078125,1.5139404296875,0.36644295302013274,0.2632387041489722
0.51974365234375,2.97334228515625,0.2232666015625,0.36510067114093814,0.24245588087749734
9.75854248046875,2.88553955078125,0.2232666015625,0.3946308724832195,0.07441515325671115
5.51474365234375,7.9683422851562495,6.4639404296875,2.0107382550335275,0.7624400216937604
4.76354248046875,7.9683422851562495,6.4639404296875,1.7369127516778262,0.7417408263670908
5.51474365234375,7.88053955078125,6.4639404296875,2.006711409395943,0.7607728664693236
5.51474365234375,7.9683422851562495,5.1732666015625,1.9503355704697687,0.737744590132116
4.76354248046875,7.88053955078125,5.1732666015625,1.6738255033556797,0.7126350487893012
8.01224365234375,0.47584228515625004,3.9889404296875,0.38389261744966263,0.05989659656847421
7.26104248046875,0.47584228515625004,3.9889404296875,0.3798657718120788,0.06091297384575786
8.01224365234375,5.38303955078125,3.9889404296875,2.5060402684564194,0.6842993922882867
8.01224365234375,0.47584228515625004,7.6482666015625,0.413422818791944,0.07173375116873595
7.26104248046875,5.38303955078125,7.6482666015625,2.510067114094004,0.7517614177225558
3.01724365234375,5.47084228515625,8.9389404296875,1.0510067114093822,0.6248324907484526
2.26604248046875,5.47084228515625,8.9389404296875,0.8080536912751584,0.5751252894431315
3.01724365234375,0.38803955078125,8.9389404296875,0.37181208053691117,0.06174283127519403
3.01724365234375,5.47084228515625,2.6982666015625,0.7127516778523413,0.40279444185056257
2.26604248046875,0.38803955078125,2.6982666015625,0.36510067114093814,0.05650257780330605
4.26599365234375,1.72459228515625,5.2264404296875,0.6563758389261678,0.2635609408175355
1.01729248046875,1.72459228515625,5.2264404296875,0.37181208053691117,0.20185894810305402
4.26599365234375,1.63678955078125,5.2264404296875,0.621476510067108,0.24549190040298619
4.26599365234375,1.72459228515625,1.4607666015625,0.3812080536912734,0.12214115425438782
1.01729248046875,1.63678955078125,1.4607666015625,0.36644295302013274,0.17346245607061003
9.26099365234375,6.71959228515625,0.27644042968750004,0.9543624161073705,0.21703091253129747
6.01229248046875,6.71959228515625,0.27644042968750004,0.5046979865771772,0.15712075828177477
9.26099365234375,6.63178955078125,0.27644042968750004,0.942281879194619,0.2140712784161178
9.26099365234375,6.71959228515625,6.4107666015625,3.3221476510068753,0.8049628088817236
6.01229248046875,6.63178955078125,6.4107666015625,2.110067114093945,0.7425408726468954
6.76349365234375,4.22209228515625,7.7014404296875,2.1919463087248294,0.6944739699438136
3.51479248046875,4.22209228515625,7.7014404296875,1.0832214765100527,0.5692865304163984
6.76349365234375,9.12928955078125,7.7014404296875,2.5677852348993815,0.8222915123323075
6.76349365234375,4.22209228515625,8.8857666015625,2.233557046979869,0.7087249514701341
3.51479248046875,9.12928955078125,8.8857666015625,1.3838926174496446,0.752113350694575
1.76849365234375,9.21709228515625,2.7514404296875004,0.5812080536912698,0.47211691268715134
8.50979248046875,9.21709228515625,2.7514404296875004,2.8268456375839834,0.7344758717195008
1.76849365234375,4.13428955078125,2.7514404296875004,0.4013422818791925,0.2724201448049372
1.76849365234375,9.21709228515625,3.9357666015625004,0.6563758389261678,0.54503933891122
8.50979248046875,4.13428955078125,3.9357666015625004,2.460402684563795,0.6342529736528844
2.3928686523437497,1.10021728515625,8.3201904296875,0.38791946308724645,0.14946572366764105
5.38791748046875,1.10021728515625,8.3201904296875,0.7664429530201256,0.2556870414170101
2.3928686523437497,8.50491455078125,8.3201904296875,0.9610738255033435,0.6802277678916528
2.3928686523437497,1.10021728515625,3.3170166015625,0.3731543624161058,0.12967581331503641
5.38791748046875,8.50491455078125,3.3170166015625,1.7637583892617184,0.676395695738173
7.38786865234375,6.09521728515625,3.3701904296875003,2.2711409395973243,0.6647305837633403
0.39291748046875,6.09521728515625,3.3701904296875003,0.37181208053691117,0.41316056491040287
7.38786865234375,3.5099145507812497,3.3701904296875003,1.822818791946281,0.5254389995035746
7.38786865234375,6.09521728515625,8.2670166015625,2.641610738255097,0.7811346499687943
0.39291748046875,3.5099145507812497,8.2670166015625,0.3731543624161058,0.338743599790442
9.88536865234375,3.59771728515625,5.8451904296874995,3.0751677852350268,0.6974648436976036
7.88541748046875,3.59771728515625,5.8451904296874995,2.367785234899352,0.6539366518080307
9.88536865234375,1.01241455078125,5.8451904296874995,1.5758389261744734,0.33957479066342544
9.88536865234375,3.59771728515625,5.7920166015625,3.0697986577182474,0.6961739688591968
7.88541748046875,1.01241455078125,5.7920166015625,1.0590604026845498,0.26849033296179237
4.89036865234375,8.59271728515625,0.8951904296875,0.8751677852348887,0.3472081479145643
2.89041748046875,8.59271728515625,0.8951904296875,0.495302013422815,0.27658260064326723
4.89036865234375,6.00741455078125,0.8951904296875,0.66577181208053,0.25482913657084993
4.89036865234375,8.59271728515625,0.8420166015625,0.8456375838926073,0.33444618596173514
2.89041748046875,6.00741455078125,0.8420166015625,0.4013422818791925,0.2072421426430581
3.64161865234375,4.84646728515625,4.6076904296875,1.0362416107382415,0.5276593791954887
4.13916748046875,4.84646728515625,4.6076904296875,1.1919463087248159,0.5540100566263912
3.64161865234375,7.25616455078125,4.6076904296875,1.2147651006711242,0.6320725066328865
3.64161865234375,4.84646728515625,4.5545166015625,1.0322147651006577,0.5253774561251692
4.13916748046875,7.25616455078125,4.5545166015625,1.3798657718120608,0.6524550404528091
8.63661865234375,9.84146728515625,9.5576904296875,3.346308724832382,0.8666098699471696
9.13416748046875,9.84146728515625,9.5576904296875,3.536912751678048,0.8713470895802693
8.63661865234375,2.26116455078125,9.5576904296875,2.4577181208054055,0.6251322111118508
8.63661865234375,9.84146728515625,9.5045166015625,3.3449664429531873,0.8662546247693457
9.13416748046875,2.26116455078125,9.5045166015625,2.626845637583954,0.6366060329788009
6.1391186523437495,2.3489672851562498,2.1326904296875,0.7489932885905957,0.2332645645597277
1.64166748046875,2.3489672851562498,2.1326904296875,0.3744966442953004,0.20469966249414528
6.1391186523437495,4.7586645507812495,2.1326904296875,1.3436241610738064,0.4493041768014257
6.1391186523437495,2.3489672851562498,7.0295166015624995,1.5355704697986352,0.5149681799963377
1.64166748046875,4.7586645507812495,7.0295166015624995,0.5557046979865723,0.45019800777411834
1.14411865234375,7.34396728515625,7.0826904296875,0.5208053691275125,0.5257731677962401
6.63666748046875,7.34396728515625,7.0826904296875,2.413422818791976,0.7832546211306155
1.14411865234375,9.75366455078125,7.0826904296875,0.5677852348993238,0.5972447949645379
1.14411865234375,7.34396728515625,2.0795166015625,0.3932885906040249,0.3545240494016862
6.63666748046875,9.75366455078125,2.0795166015625,2.006711409395943,0.643868835595905
0.83193115234375,2.03677978515625,3.6795654296875,0.36912751677852196,0.22042431174931307
3.2026049804687498,2.03677978515625,3.6795654296875,0.42416107382550083,0.18746391896111972
0.83193115234375,0.07585205078125,3.6795654296875,0.36375838926174353,0.012636337995334375
0.83193115234375,2.03677978515625,9.8138916015625,0.3771812080536896,0.24201840191882806
3.2026049804687498,0.07585205078125,9.8138916015625,0.36510067114093814,0.013115476179682489
5.82693115234375,7.03177978515625,8.6295654296875,2.1369127516778414,0.7745772518719669
8.19760498046875,7.03177978515625,8.6295654296875,3.0214765100672336,0.8173555290955616
5.82693115234375,5.07085205078125,8.6295654296875,1.9892617449664123,0.717061063239206
5.82693115234375,7.03177978515625,4.8638916015625,1.9825503355704392,0.7144287201800639
8.19760498046875,5.07085205078125,4.8638916015625,2.6402684563759022,0.7080172691760522
8.32443115234375,4.53427978515625,1.2045654296875001,1.3744966442952824,0.3505283816373598
0.70510498046875,4.53427978515625,1.2045654296875001,0.36912751677852196,0.3093904691672108
8.32443115234375,7.56835205078125,1.2045654296875001,1.8805369127516491,0.4891528140420831
8.32443115234375,4.53427978515625,2.3888916015625004,2.061744966442931,0.537275308608967
0.70510498046875,7.56835205078125,2.3888916015625004,0.3798657718120788,0.4025127518733363
3.3294311523437496,9.52927978515625,6.1545654296875,1.2724832214764923,0.7174380899979782
5.70010498046875,9.52927978515625,6.1545654296875,2.1382550335570363,0.7905017860208096
3.3294311523437496,2.5733520507812497,6.1545654296875,0.7302013422818712,0.3716942495789463
3.3294311523437496,9.52927978515625,7.3388916015625,1.3033557046979682,0.7365352133694385
5.70010498046875,2.5733520507812497,7.3388916015625,1.4845637583892402,0.5306931388874695
4.57818115234375,3.2855297851562497,9.8670654296875,1.3637583892617255,0.5873057148742982
6.94885498046875,3.2855297851562497,9.8670654296875,2.171812080536907,0.670763809468577
4.57818115234375,3.82210205078125,9.8670654296875,1.4416107382550127,0.6251809264257068
4.57818115234375,3.2855297851562497,8.5763916015625,1.3288590604026658,0.5706573392139362
6.94885498046875,3.82210205078125,8.5763916015625,2.2295302013422846,0.689868746287335
9.57318115234375,8.28052978515625,4.9170654296875,3.4604026845639426,0.8138183749848011
1.95385498046875,8.28052978515625,4.9170654296875,0.727516778523482,0.5724453384053596
9.57318115234375,8.81710205078125,4.9170654296875,3.4939597315438133,0.822104806131638
9.57318115234375,8.28052978515625,3.6263916015625,3.3181208053692908,0.7782394219120989
1.95385498046875,8.81710205078125,3.6263916015625,0.6818791946308653,0.5321035492296223
7.0756811523437495,0.78802978515625,7.3920654296874995,0.7449664429530118,0.19265302688407693
9.44635498046875,0.78802978515625,7.3920654296874995,1.2953020134228006,0.2839046694864646
7.0756811523437495,6.31960205078125,7.3920654296874995,2.515436241610783,0.7717059437293717
7.0756811523437495,0.78802978515625,1.1513916015625,0.3731543624161058,0.06677946945663452
9.44635498046875,6.31960205078125,1.1513916015625,1.9744966442952716,0.45782018333962216
2.08068115234375,5.78302978515625,2.4420654296875,0.4939597315436204,0.339306150066104
4.45135498046875,5.78302978515625,2.4420654296875,1.0832214765100527,0.4708625192599149
2.08068115234375,1.32460205078125,2.4420654296875,0.37181208053691117,0.14403044300660772
2.08068115234375,5.78302978515625,6.1013916015625,0.7060402684563682,0.5226026521973945
4.45135498046875,1.32460205078125,6.1013916015625,0.5798657718120752,0.2134814313689604
1.45630615234375,3.90990478515625,6.7733154296875,0.4604026845637552,0.36750789442008847
1.32947998046875,3.90990478515625,6.7733154296875,0.4375838926174469,0.35742128185872657
1.45630615234375,5.6952270507812495,6.7733154296875,0.54630872483221,0.4795905669448196
1.45630615234375,3.90990478515625,6.7201416015625,0.4604026845637552,0.36733885425654034
1.32947998046875,5.6952270507812495,6.7201416015625,0.5140939597315395,0.46686657631015505
6.45130615234375,8.90490478515625,1.8233154296875,1.7892617449664159,0.5851858234338043
6.32447998046875,8.90490478515625,1.8233154296875,1.747651006711383,0.5810962550541698
6.45130615234375,0.70022705078125,1.8233154296875,0.3744966442953004,0.06989599052577183
6.45130615234375,8.90490478515625,1.7701416015625002,1.7677852348993022,0.5777850119592927
6.32447998046875,0.70022705078125,1.7701416015625002,0.3744966442953004,0.07020599375982062
8.94880615234375,1.41240478515625,9.2483154296875,2.0671140939597104,0.501525212766381
3.82697998046875,1.41240478515625,9.2483154296875,0.6335570469798595,0.2689981581808827
8.94880615234375,3.19772705078125,9.2483154296875,2.8429530201343214,0.7059408552745423
8.94880615234375,1.41240478515625,4.2451416015625,1.4805369127516563,0.3496178138317192
3.82697998046875,3.19772705078125,4.2451416015625,0.8402684563758289,0.39624021452974995
3.9538061523437498,6.40740478515625,4.2983154296874995,1.2416107382550163,0.6039259650468212
8.82197998046875,6.40740478515625,4.2983154296874995,2.963758389261856,0.7466663656918622
3.9538061523437498,8.192727050781249,4.2983154296874995,1.3489932885905849,0.6622327029231694
3.9538061523437498,6.40740478515625,9.1951416015625,1.433557046979845,0.7068454487613172
8.82197998046875,8.192727050781249,9.1951416015625,3.338255033557213,0.8474092923269024
2.70505615234375,0.16365478515625,0.5858154296875,0.36375838926174353,0.023964384118071832
7.57322998046875,0.16365478515625,0.5858154296875,0.36510067114093814,0.021661261456470796
2.70505615234375,9.44147705078125,0.5858154296875,0.420134228187917,0.23767005879452624
2.70505615234375,0.16365478515625,5.4826416015624995,0.36510067114093814,0.026778620649775816
7.57322998046875,9.44147705078125,5.4826416015624995,2.806711409396061,0.8134881698298058
7.70005615234375,5.15865478515625,5.5358154296875,2.531543624161121,0.7180332243193471
2.5782299804687496,5.15865478515625,5.5358154296875,0.7946308724832123,0.5122085468928638
7.70005615234375,4.44647705078125,5.5358154296875,2.432214765100704,0.6880579689136701
7.70005615234375,5.15865478515625,0.5326416015625001,0.771812080536904,0.20283306426539796
2.5782299804687496,4.44647705078125,0.5326416015625001,0.3771812080536896,0.18672873272743373
5.20255615234375,2.66115478515625,3.0608154296875,0.8953020134228078,0.328998833114994
5.07572998046875,2.66115478515625,3.0608154296875,0.8644295302013318,0.3229132777878047
5.20255615234375,1.94897705078125,3.0608154296875,0.6577181208053624,0.22797949203158632
5.20255615234375,2.66115478515625,3.0076416015625003,0.8845637583892509,0.32457774024287395
5.07572998046875,1.94897705078125,3.0076416015625003,0.6228187919463026,0.2180164319323088
0.20755615234375002,7.65615478515625,8.0108154296875,0.3731543624161058,0.49526799874175287
0.08072998046874999,7.65615478515625,8.0108154296875,0.36644295302013274,0.4976335644833352
0.20755615234375002,6.94397705078125,8.0108154296875,0.3731543624161058,0.4773448888392807
0.20755615234375002,7.65615478515625,7.9576416015625,0.3731543624161058,0.4951433175027459
0.08072998046874999,6.94397705078125,7.9576416015625,0.36644295302013274,0.47827170396003194
0.28560302734375004,4.14404541015625,2.6740966796875,0.36644295302013274,0.3455354554355745
6.40252685546875,4.14404541015625,2.6740966796875,1.4832214765100455,0.4803922591704505
0.28560302734375004,7.95858642578125,2.6740966796875,0.36912751677852196,0.45965169652472454
0.28560302734375004,4.14404541015625,6.1787353515625,0.36912751677852196,0.36412057511658535
6.40252685546875,7.95858642578125,6.1787353515625,2.327516778523507,0.7786723645931193
5.28060302734375,9.13904541015625,7.6240966796875,2.0107382550335275,0.792801473137698
1.4075268554687501,9.13904541015625,7.6240966796875,0.6429530201342217,0.6144496347594309
5.28060302734375,2.9635864257812496,7.6240966796875,1.4590604026845426,0.5579262281100732
5.28060302734375,9.13904541015625,1.2287353515625001,1.1852348993288429,0.4512238493742129
1.4075268554687501,2.9635864257812496,1.2287353515625001,0.37046979865771656,0.22056414418084877
7.77810302734375,1.64654541015625,0.1990966796875,0.3744966442953004,0.07191613299088259
8.90002685546875,1.64654541015625,0.1990966796875,0.3771812080536896,0.06664596142152993
7.77810302734375,0.46608642578125004,0.1990966796875,0.36644295302013274,0.04173165624374295
7.77810302734375,1.64654541015625,3.7037353515625,1.232214765100654,0.3260584101097166
8.90002685546875,0.46608642578125004,3.7037353515625,0.38389261744966263,0.05642935548982431
2.78310302734375,6.64154541015625,5.1490966796875,0.9302013422818676,0.5820518743732515
3.90502685546875,6.64154541015625,5.1490966796875,1.300671140939579,0.6421646278427225
2.78310302734375,5.46108642578125,5.1490966796875,0.8590604026845534,0.5296369165732573
2.78310302734375,6.64154541015625,8.6537353515625,1.0295302013422685,0.6524960109947926
3.90502685546875,5.46108642578125,8.6537353515625,1.344966442953001,0.6653480493278167
4.03185302734375,0.39779541015625003,8.8615966796875,0.375838926174495,0.06289349072501405
2.6562768554687497,0.39779541015625003,8.8615966796875,0.37046979865771656,0.06307444002064137
4.03185302734375,6.7098364257812495,8.8615966796875,1.471140939597294,0.7153278070951365
4.03185302734375,0.39779541015625003,7.4162353515624995,0.3744966442953004,0.061777489150849144
2.6562768554687497,6.7098364257812495,7.4162353515624995,0.966442953020122,0.6299964931293485
9.02685302734375,5.39279541015625,3.9115966796875004,2.8590604026846593,0.7033741698045635
7.65127685546875,5.39279541015625,3.9115966796875004,2.367785234899352,0.6725591920714069
9.02685302734375,1.71483642578125,3.9115966796875004,1.6711409395972905,0.3961879817702228
9.02685302734375,5.39279541015625,2.4662353515625,2.4899328859060814,0.6080143239194151
7.65127685546875,1.71483642578125,2.4662353515625,0.8697986577181103,0.22571246691757318
6.52935302734375,2.89529541015625,6.3865966796875,1.7798657718120536,0.572603938227611
0.15877685546875,2.89529541015625,6.3865966796875,0.36510067114093814,0.2990287600409364
6.52935302734375,4.21233642578125,6.3865966796875,2.0429530201342034,0.6649775282231486
6.52935302734375,2.89529541015625,4.9412353515625,1.6469798657717876,0.5264959982185623
0.15877685546875,4.21233642578125,4.9412353515625,0.36644295302013274,0.3671385618234402
1.53435302734375,7.89029541015625,1.4365966796875,0.3986577181208033,0.3137676808201654
5.15377685546875,7.89029541015625,1.4365966796875,1.154362416107367,0.4472513299311027
1.53435302734375,9.20733642578125,1.4365966796875,0.4147651006711386,0.3371775213284819
1.53435302734375,7.89029541015625,9.8912353515625,0.6791946308724761,0.618361271080635
5.15377685546875,9.20733642578125,9.8912353515625,2.0053691275167482,0.8080264960963146
2.15872802734375,2.2709204101562497,7.0053466796874995,0.44832214765100376,0.2620480815832159
8.27565185546875,2.2709204101562497,7.0053466796874995,2.1973154362416087,0.576880763503538
2.15872802734375,3.5879614257812498,7.0053466796874995,0.6040268456375781,0.41101365142994506
2.15872802734375,2.2709204101562497,8.0349853515625,0.4724832214765067,0.2824928241068236
8.27565185546875,3.5879614257812498,8.0349853515625,2.6375838926175126,0.7015318938884527
7.15372802734375,7.26592041015625,2.0553466796875,1.9610738255033255,0.5866484799059977
3.28065185546875,7.26592041015625,2.0553466796875,0.7959731543624069,0.431512849110157
7.15372802734375,8.58296142578125,2.0553466796875,2.085906040268438,0.6263156120718456
7.15372802734375,7.26592041015625,3.0849853515625,2.2550335570469864,0.6796928050513414
3.28065185546875,8.58296142578125,3.0849853515625,1.0295302013422685,0.5751311767393509
9.65122802734375,4.76842041015625,9.4803466796875,3.3812080536914477,0.7892521460572761
5.77815185546875,4.76842041015625,9.4803466796875,1.9624161073825201,0.7120282831182126
9.65122802734375,6.08546142578125,9.4803466796875,3.519463087248515,0.8230944161193057
9.65122802734375,4.76842041015625,0.6099853515625,1.1194630872483071,0.2467964090510656
5.77815185546875,6.08546142578125,0.6099853515625,0.6536912751677786,0.21716579367281613
4.65622802734375,9.76342041015625,4.5303466796875,1.683221476510042,0.7317024623686788
0.78315185546875,9.76342041015625,4.5303466796875,0.4335570469798631,0.5046202141057042
4.65622802734375,1.09046142578125,4.5303466796875,0.40671140939597095,0.12246402845033585
4.65622802734375,9.76342041015625,5.5599853515625,1.7382550335570208,0.7575427057692804
0.78315185546875,1.09046142578125,5.5599853515625,0.36778523489932735,0.1467815363639035
3.4074780273437497,3.51967041015625,0.8178466796875,0.38389261744966263,0.16038252454634386
2.03190185546875,3.51967041015625,0.8178466796875,0.3744966442953004,0.20079200408148642
3.4074780273437497,2.33921142578125,0.8178466796875,0.375838926174495,0.13971517355836596
3.4074780273437497,3.51967041015625,9.2724853515625,1.0093959731543494,0.5372481075631115
2.03190185546875,2.33921142578125,9.2724853515625,0.4791946308724797,0.2999629853425627
8.40247802734375,8.51467041015625,5.7678466796875,3.08724832214778,0.8164478569538679
7.02690185546875,8.51467041015625,5.7678466796875,2.570469798657771,0.79443467231194
8.40247802734375,7.33421142578125,5.7678466796875,3.01208053691287,0.795520606027752
8.40247802734375,8.51467041015625,4.3224853515624995,2.9838926174497784,0.7872438194990934
7.02690185546875,7.33421142578125,4.3224853515624995,2.391946308724859,0.7357077421928535
5.90497802734375,1.02217041015625,3.2928466796875,0.4013422818791925,0.10112327328775958
4.52940185546875,1.02217041015625,3.2928466796875,0.38523489932885724,0.1080081686457715
5.90497802734375,9.83171142578125,3.2928466796875,2.0187919463086965,0.7198894172888312
5.90497802734375,1.02217041015625,1.8474853515625,0.3798657718120788,0.08789157846833617
4.52940185546875,9.83171142578125,1.8474853515625,1.249664429530184,0.5447764006729751
0.90997802734375,6.0171704101562495,8.2428466796875,0.44563758389261454,0.4652276688260566
9.52440185546875,6.0171704101562495,8.2428466796875,3.432214765100851,0.8116222653711422
0.90997802734375,4.83671142578125,8.2428466796875,0.4174496644295278,0.4062712718201593
0.90997802734375,6.0171704101562495,6.7974853515625,0.43087248322147387,0.4428324504007469
9.52440185546875,4.83671142578125,6.7974853515625,3.238926174496796,0.7633801028754759
1.22216552734375,0.70998291015625,2.3647216796875004,0.36510067114093814,0.09627832922030574
0.47096435546875004,0.70998291015625,2.3647216796875004,0.36375838926174353,0.09955156362693587
1.22216552734375,5.14889892578125,2.3647216796875004,0.38523489932885724,0.3125673359759419
1.22216552734375,0.70998291015625,4.0131103515625,0.36644295302013274,0.10006121600511203
0.47096435546875004,5.14889892578125,4.0131103515625,0.3731543624161058,0.3845674328297207
6.21716552734375,5.70498291015625,7.3147216796875,2.1476510067114,0.7340208492550986
5.46596435546875,5.70498291015625,7.3147216796875,1.8765100671140653,0.7132868463029538
6.21716552734375,0.15389892578125,7.3147216796875,0.36912751677852196,0.025454218794341232
6.21716552734375,5.70498291015625,8.9631103515625,2.195973154362414,0.7518996127354997
5.46596435546875,0.15389892578125,8.9631103515625,0.36912751677852196,0.025880281745619207
8.71466552734375,3.2074829101562496,4.8397216796875,2.446979865771847,0.6165822405830259
2.96846435546875,3.2074829101562496,4.8397216796875,0.6697986577181139,0.370021129479147
8.71466552734375,2.65139892578125,4.8397216796875,2.2617449664429605,0.5669055465380755
8.71466552734375,3.2074829101562496,6.4881103515625,2.6161073825503953,0.6622366158695945
2.96846435546875,2.65139892578125,6.4881103515625,0.6697986577181139,0.36570581453638407
3.71966552734375,8.20248291015625,9.7897216796875,1.4402684563758181,0.7489554063551507
7.96346435546875,8.20248291015625,9.7897216796875,3.0228187919464284,0.8402385771972251
3.71966552734375,7.64639892578125,9.7897216796875,1.4187919463087044,0.7365216058825879
3.71966552734375,8.20248291015625,1.5381103515625,0.8375838926174397,0.41438806863572664
7.96346435546875,7.64639892578125,1.5381103515625,2.0107382550335275,0.5463415738872885
4.96841552734375,4.45623291015625,6.0772216796875,1.5208053691274945,0.6176508469233173
9.21221435546875,4.45623291015625,6.0772216796875,3.0214765100672336,0.7319863565819236
4.96841552734375,8.89514892578125,6.0772216796875,1.8389261744966163,0.7601920535626816
4.96841552734375,4.45623291015625,2.7756103515625004,1.1422818791946154,0.4526890565177296
9.21221435546875,8.89514892578125,2.7756103515625004,3.064429530201468,0.742100240291865
9.96341552734375,9.45123291015625,1.1272216796875,2.5221476510067573,0.5629002278366158
4.21721435546875,9.45123291015625,1.1272216796875,0.8859060402684455,0.3987446663749706
9.96341552734375,3.90014892578125,1.1272216796875,1.5288590604026622,0.3323587495582939
9.96341552734375,9.45123291015625,7.7256103515625,3.801342281879429,0.8653651278222202
4.21721435546875,3.90014892578125,7.7256103515625,1.273825503355687,0.5852767106517689
7.46591552734375,1.95873291015625,8.5522216796875,1.891275167785206,0.5399698076843091
6.71471435546875,1.95873291015625,8.5522216796875,1.652348993288566,0.5138034618385986
7.46591552734375,1.40264892578125,8.5522216796875,1.5664429530201112,0.4386449362464614
7.46591552734375,1.95873291015625,5.2506103515625,1.6161073825503116,0.45533439962937006
6.71471435546875,1.40264892578125,5.2506103515625,1.0644295302013282,0.314408945270001
2.4709155273437498,6.9537329101562495,3.6022216796875,0.7557046979865687,0.5035965435091148
1.71971435546875,6.9537329101562495,3.6022216796875,0.5543624161073777,0.4475615809748126
2.4709155273437498,6.39764892578125,3.6022216796875,0.7261744966442873,0.4798440079156139
2.4709155273437498,6.9537329101562495,0.30061035156250004,0.3812080536912734,0.2063470844439393
1.71971435546875,6.39764892578125,0.30061035156250004,0.3744966442953004,0.2381567148846944
1.84654052734375,2.58310791015625,7.9334716796875,0.45100671140939297,0.2947469599755693
4.8415893554687495,2.58310791015625,7.9334716796875,1.2456375838926002,0.5045877007201883
1.84654052734375,0.77827392578125,7.9334716796875,0.3731543624161058,0.11271837852051356
1.84654052734375,2.58310791015625,2.1568603515625,0.3771812080536896,0.2076536931220982
4.8415893554687495,0.77827392578125,2.1568603515625,0.3744966442953004,0.08390389511540158
6.84154052734375,7.57810791015625,2.9834716796875003,2.1516778523489846,0.6737793120553285
9.83658935546875,7.57810791015625,2.9834716796875003,3.2281879194632372,0.7366954234943757
6.84154052734375,5.7732739257812495,2.9834716796875003,1.9637583892617148,0.611218426403377
6.84154052734375,7.57810791015625,7.1068603515625,2.5033557046980297,0.7919385002455572
9.83658935546875,5.7732739257812495,7.1068603515625,3.4832214765102547,0.7992751593990899
9.33904052734375,0.08560791015625,5.4584716796874995,0.36644295302013274,0.014075614256270023
2.34408935546875,0.08560791015625,5.4584716796874995,0.36375838926174353,0.01434116041080786
9.33904052734375,8.27077392578125,5.4584716796874995,3.409395973154539,0.8203872822851659
9.33904052734375,0.08560791015625,9.5818603515625,0.36912751677852196,0.014705830974737228
2.34408935546875,8.27077392578125,9.5818603515625,0.9530201342281759,0.6841014149398604
4.34404052734375,5.08060791015625,0.5084716796875001,0.3986577181208033,0.150309055996043
7.33908935546875,5.08060791015625,0.5084716796875001,0.6818791946308653,0.18461188910175175
4.34404052734375,3.27577392578125,0.5084716796875001,0.3812080536912734,0.13109150697739302
4.34404052734375,5.08060791015625,4.6318603515625,1.2845637583892437,0.5775825652643201
7.33908935546875,3.27577392578125,4.6318603515625,1.973154362416077,0.5750700401159188
3.09529052734375,1.33435791015625,4.2209716796875,0.38791946308724645,0.14616322157646566
6.09033935546875,1.33435791015625,4.2209716796875,0.7234899328858981,0.2189972345650943
3.09529052734375,4.52452392578125,4.2209716796875,0.8134228187919368,0.4563184801864966
3.09529052734375,1.33435791015625,0.9193603515625,0.36912751677852196,0.11504167139481637
6.09033935546875,4.52452392578125,0.9193603515625,0.7006711409395898,0.22278284166671491
8.09029052734375,6.32935791015625,9.1709716796875,2.9449664429531284,0.8054553101310339
1.09533935546875,6.32935791015625,9.1709716796875,0.5046979865771772,0.509990807011641
8.09029052734375,9.51952392578125,9.1709716796875,3.1181208053692613,0.8553384619937188
8.09029052734375,6.32935791015625,5.8693603515624995,2.821476510067204,0.7692608486773087
1.09533935546875,9.51952392578125,5.8693603515624995,0.5315436241610694,0.562265367572494
5.59279052734375,3.8318579101562498,1.7459716796875002,0.8872483221476402,0.3096362381349393
8.58783935546875,3.8318579101562498,1.7459716796875002,1.6416107382550091,0.41033175537272343
5.59279052734375,7.02202392578125,1.7459716796875002,1.3288590604026658,0.4837697428076348
5.59279052734375,3.8318579101562498,8.3443603515625,1.7489932885905777,0.64696103184075
8.58783935546875,7.02202392578125,8.3443603515625,3.161073825503496,0.8205978347576446
0.59779052734375,8.82685791015625,6.6959716796875,0.4147651006711386,0.5160375109031416
3.5928393554687497,8.82685791015625,6.6959716796875,1.3583892617449471,0.7233552889020546
0.59779052734375,2.0270239257812497,6.6959716796875,0.37046979865771656,0.2350526409201052
0.59779052734375,8.82685791015625,3.3943603515625003,0.38657718120805185,0.4564545295827367
3.5928393554687497,2.0270239257812497,3.3943603515625003,0.44697986577180915,0.18676420320684672
0.44169677734375,1.8026391601562501,9.6350341796875,0.36912751677852196,0.22266772953875685
1.87580810546875,1.8026391601562501,9.6350341796875,0.40671140939597095,0.2248311399541718
0.44169677734375,9.36343017578125,9.6350341796875,0.40671140939597095,0.5504415509155445
0.44169677734375,1.8026391601562501,4.4771728515625,0.36644295302013274,0.21232695147432984
1.87580810546875,9.36343017578125,4.4771728515625,0.7167785234899251,0.5807988049164055
5.43669677734375,6.79763916015625,4.6850341796874995,1.8120805369127242,0.6903282163168505
6.8708081054687495,6.79763916015625,4.6850341796874995,2.327516778523507,0.7296081965614096
5.43669677734375,4.36843017578125,4.6850341796874995,1.5610738255033327,0.5868669323084341
5.43669677734375,6.79763916015625,9.4271728515625,1.9959731543623853,0.76627923613303
6.8708081054687495,4.36843017578125,9.4271728515625,2.30604026845639,0.72291332778575
7.93419677734375,4.30013916015625,7.1600341796875,2.5986577181208625,0.7181790503954475
4.37330810546875,4.30013916015625,7.1600341796875,1.3530201342281687,0.6070096150145751
7.93419677734375,1.87093017578125,7.1600341796875,1.9087248322147359,0.5153227380879287
7.93419677734375,4.30013916015625,6.9521728515625,2.587919463087304,0.7149912424548293
4.37330810546875,1.87093017578125,6.9521728515625,0.8523489932885804,0.3541076407743917
2.9391967773437497,9.29513916015625,2.2100341796875003,0.8348993288590505,0.49824733632672963
9.36830810546875,9.29513916015625,2.2100341796875003,2.978523489932999,0.7089228067886266
2.9391967773437497,6.86593017578125,2.2100341796875003,0.7140939597315359,0.41485344509266003
2.9391967773437497,9.29513916015625,2.0021728515625,0.7973154362416015,0.47341744471149105
9.36830810546875,6.86593017578125,2.0021728515625,2.628187919463149,0.6217844388613207
4.1879467773437495,3.05138916015625,3.4475341796875,0.8080536912751584,0.35199943302018866
8.11955810546875,3.05138916015625,3.4475341796875,1.9382550335570172,0.5139998311894918
4.1879467773437495,5.61718017578125,3.4475341796875,1.1624161073825345,0.5348271943271821
4.1879467773437495,3.05138916015625,3.2396728515625,0.7771812080536824,0.33670704388856465
8.11955810546875,5.61718017578125,3.2396728515625,2.4402684563758728,0.657055122967861
9.18294677734375,8.04638916015625,8.3975341796875,3.451006711409579,0.8448625393617858
3.1245581054687497,8.04638916015625,8.3975341796875,1.2013422818791781,0.708307117186
9.18294677734375,0.6221801757812501,8.3975341796875,0.979865771812068,0.21013816362730237
9.18294677734375,8.04638916015625,8.1896728515625,3.4456375838927995,0.8434584168918606
3.1245581054687497,0.6221801757812501,8.1896728515625,0.3785234899328842,0.0927151720690107
6.68544677734375,0.55388916015625,0.9725341796875,0.36912751677852196,0.05539218777877635
5.62205810546875,0.55388916015625,0.9725341796875,0.36778523489932735,0.0583985446957365
6.68544677734375,3.11968017578125,0.9725341796875,0.54630872483221,0.15343882567679784
6.68544677734375,0.55388916015625,5.7146728515625,0.3932885906040249,0.07501327154011264
5.62205810546875,3.11968017578125,5.7146728515625,1.4899328859060186,0.5402350539682399
1.6904467773437502,5.54888916015625,5.9225341796875,0.5812080536912698,0.47287676309504545
0.6270581054687501,5.54888916015625,5.9225341796875,0.38657718120805185,0.40841296507945635
1.6904467773437502,8.11468017578125,5.9225341796875,0.6738255033556977,0.5761695511582313
1.6904467773437502,5.54888916015625,0.7646728515625,0.3771812080536896,0.24788646319089913
0.6270581054687501,8.11468017578125,0.7646728515625,0.37046979865771656,0.3765643877429917
2.31482177734375,4.92451416015625,0.3537841796875,0.375838926174495,0.19633293640845484
3.74893310546875,4.92451416015625,0.3537841796875,0.38389261744966263,0.15404101110216
2.31482177734375,4.99280517578125,0.3537841796875,0.375838926174495,0.1969941977456197
2.31482177734375,4.92451416015625,1.3834228515625002,0.3946308724832195,0.23017192555621116
3.74893310546875,4.99280517578125,1.3834228515625002,0.5557046979865723,0.2547145486548513
7.30982177734375,9.91951416015625,5.3037841796875,2.719463087248397,0.8129882326872524
8.74393310546875,9.91951416015625,5.3037841796875,3.263087248322303,0.8335372177873341
7.30982177734375,9.98780517578125,5.3037841796875,2.722147651006787,0.8138449987243886
7.30982177734375,9.91951416015625,6.3334228515625,2.7651006711410213,0.8276548747817983
8.74393310546875,9.98780517578125,6.3334228515625,3.3140939597317063,0.8475015585943646
9.80732177734375,2.42701416015625,2.8287841796875,1.9906040268456069,0.44330528910261846
1.25143310546875,2.42701416015625,2.8287841796875,0.3731543624161058,0.22727230668934068
9.80732177734375,7.49030517578125,2.8287841796875,3.1691275167786648,0.7245515911381768
9.80732177734375,2.42701416015625,8.8084228515625,2.8953020134229197,0.6598711630224354
1.25143310546875,7.49030517578125,8.8084228515625,0.5731543624161022,0.5664800990520318
4.81232177734375,7.42201416015625,7.7787841796875,1.7664429530201076,0.7486327272690999
6.24643310546875,7.42201416015625,7.7787841796875,2.2939597315436364,0.7843913354294456
4.81232177734375,2.4953051757812497,7.7787841796875,1.2080536912751512,0.48993071986440473
4.81232177734375,7.42201416015625,3.8584228515625,1.5610738255033327,0.6550256777767934
6.24643310546875,2.4953051757812497,3.8584228515625,1.273825503355687,0.4139597105166416
3.56357177734375,1.17826416015625,6.5412841796875,0.4120805369127494,0.1492292081478233
7.49518310546875,1.17826416015625,6.5412841796875,1.2268456375838757,0.33268503294241103
3.56357177734375,1.24655517578125,6.5412841796875,0.4228187919463062,0.15836768571396503
3.56357177734375,1.17826416015625,0.1459228515625,0.36644295302013274,0.0902232113413888
7.49518310546875,1.24655517578125,0.1459228515625,0.37181208053691117,0.0661332396024906
8.55857177734375,6.17326416015625,1.5912841796875001,2.03087248322145,0.5162789564875252
2.50018310546875,6.17326416015625,1.5912841796875001,0.4765100671140905,0.28804130427542884
8.55857177734375,6.24155517578125,1.5912841796875001,2.0416107382550086,0.5191603905070048
8.55857177734375,6.17326416015625,5.0959228515624995,2.923489932886011,0.7574800294246273
2.50018310546875,6.24155517578125,5.0959228515624995,0.8174496644295206,0.5444278449121513
6.06107177734375,3.67576416015625,9.0162841796875,1.9073825503355413,0.6609318251231509
9.99268310546875,3.67576416015625,9.0162841796875,3.316778523490096,0.7483471530224821
6.06107177734375,8.73905517578125,9.0162841796875,2.314093959731559,0.813911587471714
6.06107177734375,3.67576416015625,7.5709228515625,1.8550335570469516,0.6412380372831705
9.99268310546875,8.73905517578125,7.5709228515625,3.7744966442955326,0.8565809862554588
1.06607177734375,8.67076416015625,4.0662841796875,0.46711409395972825,0.47940378662099853
4.99768310546875,8.67076416015625,4.0662841796875,1.720805369127491,0.7039811256299026
1.06607177734375,3.74405517578125,4.0662841796875,0.38389261744966263,0.3060110693412018
1.06607177734375,8.67076416015625,2.6209228515625003,0.4147651006711386,0.40767117836192773
4.99768310546875,3.74405517578125,2.6209228515625003,0.9946308724832087,0.38595969247754447
0.7538842773437501,3.36357666015625,5.6131591796875,0.3785234899328842,0.3130546279451616
5.30987060546875,3.36357666015625,5.6131591796875,1.4322147651006505,0.5446228101640481
0.7538842773437501,6.55374267578125,5.6131591796875,0.40402684563758173,0.43598703599134586
0.7538842773437501,3.36357666015625,5.4052978515625,0.3771812080536896,0.31067238007697445
5.30987060546875,6.55374267578125,5.4052978515625,1.7999999999999727,0.6998960722877257
5.74888427734375,8.35857666015625,0.6631591796875,0.891275167785224,0.30834019048081446
0.31487060546875,8.35857666015625,0.6631591796875,0.36644295302013274,0.4237234939134638
5.74888427734375,1.5587426757812501,0.6631591796875,0.375838926174495,0.09152695443341233
5.74888427734375,8.35857666015625,0.4552978515625,0.734228187919455,0.24954656430601915
0.31487060546875,1.5587426757812501,0.4552978515625,0.36375838926174353,0.174339846407409
8.24638427734375,0.8660766601562501,8.0881591796875,1.187919463087232,0.2921118310254471
7.80737060546875,0.8660766601562501,8.0881591796875,1.079194630872469,0.27506366572271207
8.24638427734375,4.05624267578125,8.0881591796875,2.714093959731618,0.7255944068431412
8.24638427734375,0.8660766601562501,2.9302978515625,0.413422818791944,0.08164179243620148
7.80737060546875,4.05624267578125,2.9302978515625,1.9758389261744662,0.5445725251273086
3.25138427734375,5.86107666015625,3.1381591796875004,0.8644295302013318,0.4739573977376032
2.81237060546875,5.86107666015625,3.1381591796875004,0.7436241610738172,0.4468180194333111
3.25138427734375,9.05124267578125,3.1381591796875004,1.0469798657717984,0.5904547638633347
3.25138427734375,5.86107666015625,7.8802978515625,1.1315436241610586,0.6397814725143417
2.81237060546875,9.05124267578125,7.8802978515625,1.1154362416107233,0.7102359848704152
4.50013427734375,2.11482666015625,1.9006591796875,0.4026845637583871,0.13850090454512598
4.06112060546875,2.11482666015625,1.9006591796875,0.3946308724832195,0.1431828731976359
4.50013427734375,7.80249267578125,1.9006591796875,1.130201342281864,0.4905598362712589
4.50013427734375,2.11482666015625,6.6427978515624995,0.9503355704697867,0.39400606497944424
4.06112060546875,7.80249267578125,6.6427978515624995,1.481879194630851,0.7169266257604561
9.49513427734375,7.10982666015625,6.8506591796875,3.4604026845639426,0.8207006424998152
9.05612060546875,7.10982666015625,6.8506591796875,3.2953020134229787,0.815242630584032
9.49513427734375,2.80749267578125,6.8506591796875,2.8013422818792817,0.6567292662316035
9.49513427734375,7.10982666015625,1.6927978515625002,2.531543624161121,0.5905205351653764
9.05612060546875,2.80749267578125,1.6927978515625002,1.3677852348993094,0.32118905941350095
6.99763427734375,4.61232666015625,4.3756591796875,2.0912751677852173,0.639858502261714
1.56362060546875,4.61232666015625,4.3756591796875,0.4563758389261714,0.3565485222649632
6.99763427734375,0.30999267578125,4.3756591796875,0.3731543624161058,0.044873222760652184
6.99763427734375,4.61232666015625,4.1677978515625,2.0644295302013207,0.6310712072422525
1.56362060546875,0.30999267578125,4.1677978515625,0.36510067114093814,0.04832859409178171
2.0026342773437498,9.60732666015625,9.3256591796875,0.8684563758389157,0.6920378572989705
6.55862060546875,9.60732666015625,9.3256591796875,2.540939597315485,0.8365861732593771
2.0026342773437498,5.30499267578125,9.3256591796875,0.7248322147650927,0.5515772302596582
2.0026342773437498,9.60732666015625,9.1177978515625,0.8657718120805264,0.6896526103598388
6.55862060546875,5.30499267578125,9.1177978515625,2.288590604026857,0.748401040272315
1.37825927734375,0.24170166015625003,4.9944091796875,0.36510067114093814,0.03891773886615297
9.68049560546875,0.24170166015625003,4.9944091796875,0.375838926174495,0.03588545397119327
1.37825927734375,2.18311767578125,4.9944091796875,0.3798657718120788,0.22804253304364416
1.37825927734375,0.24170166015625003,8.4990478515625,0.36510067114093814,0.03982647450331548
9.68049560546875,2.18311767578125,8.4990478515625,2.7328859060403454,0.6282969039538602
6.37325927734375,5.23670166015625,9.9444091796875,2.233557046979869,0.7485967027899838
4.68549560546875,5.23670166015625,9.9444091796875,1.6268456375838685,0.7004002627115824
6.37325927734375,7.17811767578125,9.9444091796875,2.3731543624161313,0.7987178147294121
6.37325927734375,5.23670166015625,3.5490478515625004,1.846979865771784,0.6104224042019157
4.68549560546875,7.17811767578125,3.5490478515625004,1.4657718120805157,0.6263157861268883
8.87075927734375,2.7392016601562497,2.5194091796875,1.7369127516778262,0.42151648889231985
7.18299560546875,2.7392016601562497,2.5194091796875,1.273825503355687,0.3664429344296972
8.87075927734375,9.67561767578125,2.5194091796875,2.9302013422819853,0.7335709723025493
8.87075927734375,2.7392016601562497,1.0740478515625,0.8389261744966343,0.1933708153242037
7.18299560546875,9.67561767578125,1.0740478515625,1.6604026845637336,0.4915287487059735
3.8757592773437497,7.73420166015625,7.4694091796875,1.4362416107382343,0.7209228212680634
2.1879956054687497,7.73420166015625,7.4694091796875,0.853691275167775,0.6340659619229629
3.8757592773437497,4.68061767578125,7.4694091796875,1.2389261744966271,0.6106650154957494
3.8757592773437497,7.73420166015625,6.0240478515625,1.3919463087248123,0.6966245413668177
2.1879956054687497,4.68061767578125,6.0240478515625,0.6697986577181139,0.46948641047569883
2.62700927734375,3.98795166015625,8.7069091796875,0.8107382550335476,0.5125294095432745
0.93924560546875,3.98795166015625,8.7069091796875,0.40536912751677634,0.36562930059062065
2.62700927734375,3.43186767578125,8.7069091796875,0.7543624161073741,0.46797653387903826
2.62700927734375,3.98795166015625,9.7365478515625,0.8295302013422721,0.5264718181085557
0.93924560546875,3.43186767578125,9.7365478515625,0.3999999999999979,0.340955009256632
7.62200927734375,8.98295166015625,3.7569091796875003,2.6604026845638247,0.7637047414996073
5.93424560546875,8.98295166015625,3.7569091796875003,2.0429530201342034,0.7257483444752784
7.62200927734375,8.42686767578125,3.7569091796875003,2.6241610738255643,0.7527137078956412
7.62200927734375,8.98295166015625,4.7865478515625,2.758389261745047,0.7937708406073256
5.93424560546875,8.42686767578125,4.7865478515625,2.1033557046979707,0.7487538618470233
5.1245092773437495,1.49045166015625,6.2319091796874995,0.8268456375838829,0.29695344180489486
3.43674560546875,1.49045166015625,6.2319091796874995,0.46845637583892286,0.19559553879788974
5.1245092773437495,5.92936767578125,6.2319091796874995,1.7302013422818532,0.6920496550319991
5.1245092773437495,1.49045166015625,2.3115478515625,0.3973154362416087,0.11728253432097313
3.43674560546875,5.92936767578125,2.3115478515625,0.7932885906040177,0.4122935654663597
0.12950927734375,6.48545166015625,1.2819091796875002,0.36510067114093814,0.4255170907846472
8.43174560546875,6.48545166015625,1.2819091796875002,1.8241610738254757,0.46792442516465027
0.12950927734375,0.93436767578125,1.2819091796875002,0.36375838926174353,0.12485258959789104
0.12950927734375,6.48545166015625,7.2615478515625,0.36778523489932735,0.4611063408223477
8.43174560546875,0.93436767578125,7.2615478515625,1.2604026845637408,0.30662797133080666
0.09048583984375,3.55869384765625,8.5908935546875,0.36510067114093814,0.3436514170957126
2.6953002929687497,3.55869384765625,8.5908935546875,0.78523489932885,0.4822453730680969
0.09048583984375,5.42206298828125,8.5908935546875,0.36644295302013274,0.42924321790852515
0.09048583984375,3.55869384765625,2.6595947265625,0.36375838926174353,0.32710816019342076
2.6953002929687497,5.42206298828125,2.6595947265625,0.6268456375838865,0.3772089077181251
5.0854858398437495,8.55369384765625,3.6408935546875,1.7020134228187664,0.6851504795326937
7.69030029296875,8.55369384765625,3.6408935546875,2.642953020134292,0.7521162994414634
5.0854858398437495,0.42706298828125,3.6408935546875,0.37181208053691117,0.05896973041226593
5.0854858398437495,8.55369384765625,7.6095947265625,1.9140939597315143,0.7775733420947948
7.69030029296875,0.42706298828125,7.6095947265625,0.3973154362416087,0.06432842662756579
7.58298583984375,1.0611938476562501,6.1158935546875,1.0818791946308581,0.28514417221144533
0.19780029296875,1.0611938476562501,6.1158935546875,0.36375838926174353,0.14581322076473416
7.58298583984375,2.92456298828125,6.1158935546875,2.1194630872483087,0.6022694611498653
7.58298583984375,1.0611938476562501,5.1345947265625,0.9516778523489813,0.246639858414488
0.19780029296875,2.92456298828125,5.1345947265625,0.36510067114093814,0.2968412532712944
2.58798583984375,6.05619384765625,1.1658935546875002,0.4147651006711386,0.23530230899756713
5.19280029296875,6.05619384765625,1.1658935546875002,0.8657718120805264,0.3242440435436774
2.58798583984375,7.91956298828125,1.1658935546875002,0.48859060402684196,0.29370440808696674
2.58798583984375,6.05619384765625,0.1845947265625,0.3771812080536896,0.18961790639358514
5.19280029296875,7.91956298828125,0.1845947265625,0.4402684563758361,0.1518751581836491
3.8367358398437497,2.3099438476562497,4.8783935546874995,0.7127516778523413,0.32195587625186967
6.44155029296875,2.3099438476562497,4.8783935546874995,1.4187919463087044,0.45242306902325025
3.8367358398437497,9.16831298828125,4.8783935546874995,1.3879194630872285,0.7009602544509379
3.8367358398437497,2.3099438476562497,3.8970947265625004,0.6174496644295242,0.27129021207025833
6.44155029296875,9.16831298828125,3.8970947265625004,2.2523489932885967,0.7474760105789118
8.83173583984375,7.30494384765625,9.8283935546875,3.3046979865773425,0.8376895400699864
1.44655029296875,7.30494384765625,9.8283935546875,0.6362416107382487,0.5908960563528648
8.83173583984375,4.17331298828125,9.8283935546875,3.004026845637701,0.7577463271565188
8.83173583984375,7.30494384765625,8.8470947265625,3.28456375838942,0.8322167529328119
1.44655029296875,4.17331298828125,8.8470947265625,0.5060402684563718,0.42336327533542045
6.33423583984375,4.80744384765625,2.4033935546875003,1.5006711409395754,0.4917939798792786
8.93905029296875,4.80744384765625,2.4033935546875003,2.3234899328859226,0.5704560459362441
6.33423583984375,1.67581298828125,2.4033935546875003,0.5798657718120752,0.16595240240899234
6.33423583984375,4.80744384765625,6.3720947265625,2.053691275167762,0.6876575796182369
8.93905029296875,1.67581298828125,6.3720947265625,2.0335570469798396,0.4934317881174247
1.33923583984375,9.80244384765625,7.3533935546875,0.6308724832214703,0.6206699023062431
3.94405029296875,9.80244384765625,7.3533935546875,1.5342281879194406,0.763901724494343
1.33923583984375,6.67081298828125,7.3533935546875,0.5583892617449615,0.5234314920425502
1.33923583984375,9.80244384765625,1.4220947265625001,0.40402684563758173,0.35188013213859387
3.94405029296875,6.67081298828125,1.4220947265625001,0.7503355704697903,0.3482891939788214
1.96361083984375,0.43681884765625,1.7846435546875001,0.36510067114093814,0.06143929372078716
2.0709252929687496,0.43681884765625,1.7846435546875001,0.36510067114093814,0.06117743703563992
1.96361083984375,1.0514379882812501,1.7846435546875001,0.36778523489932735,0.12043693745838153
1.96361083984375,0.43681884765625,0.8033447265625,0.36375838926174353,0.058169274294511124
2.0709252929687496,1.0514379882812501,0.8033447265625,0.36644295302013274,0.11044153771457203
6.95861083984375,5.43181884765625,6.7346435546875,2.366442953020157,0.7342311976080247
7.06592529296875,5.43181884765625,6.7346435546875,2.405369127516807,0.7366361730184652
6.95861083984375,6.04643798828125,6.7346435546875,2.424161073825535,0.7533549325962328
6.95861083984375,5.43181884765625,5.7533447265625,2.311409395973169,0.7159056578937236
7.06592529296875,6.04643798828125,5.7533447265625,2.4120805369127813,0.7386939920327861
9.45611083984375,2.93431884765625,4.2596435546875,2.5140939597315883,0.5875263318116783
4.56842529296875,2.93431884765625,4.2596435546875,0.9892617449664303,0.41112070097080045
9.45611083984375,8.54393798828125,4.2596435546875,3.3744966442954736,0.8016521194871673
9.45611083984375,2.93431884765625,8.2283447265625,2.9114093959732577,0.687044223932942
4.56842529296875,8.54393798828125,8.2283447265625,1.7369127516778262,0.7696660264643171
4.46111083984375,7.92931884765625,9.2096435546875,1.689932885906015,0.7627712096344861
9.56342529296875,7.92931884765625,9.2096435546875,3.608053691275374,0.8520181582753732
4.46111083984375,3.5489379882812497,9.2096435546875,1.3503355704697795,0.5944169158578816
4.46111083984375,7.92931884765625,3.2783447265625,1.4053691275167584,0.6247273591941502
9.56342529296875,3.5489379882812497,3.2783447265625,2.5194630872483676,0.582750836907439
3.21236083984375,4.18306884765625,5.4971435546875,0.8966442953020024,0.49413582139935885
8.314675292968749,4.18306884765625,5.4971435546875,2.604026845637642,0.6885838631861818
3.21236083984375,4.7976879882812495,5.4971435546875,0.9557046979865651,0.5329367125838024
3.21236083984375,4.18306884765625,2.0408447265625003,0.5315436241610694,0.2689046900916206
8.314675292968749,4.7976879882812495,2.0408447265625003,1.959731543624131,0.5100569922445604
8.20736083984375,9.17806884765625,0.5471435546875,1.3838926174496446,0.3597757531986061
3.31967529296875,9.17806884765625,0.5471435546875,0.46711409395972825,0.23294272485335693
8.20736083984375,9.79268798828125,0.5471435546875,1.4402684563758181,0.37534385294967093
8.20736083984375,9.17806884765625,6.9908447265625,3.096644295302144,0.8375482437821158
3.31967529296875,9.79268798828125,6.9908447265625,1.2993288590603844,0.73595244429907
5.70986083984375,1.68556884765625,7.9721435546875,1.1932885906040105,0.4136082509385906
5.8171752929687495,1.68556884765625,7.9721435546875,1.2241610738254864,0.4187106501889412
5.70986083984375,7.29518798828125,7.9721435546875,2.092617449664412,0.7713811112708894
5.70986083984375,1.68556884765625,9.4658447265625,1.2617449664429354,0.44026499435844296
5.8171752929687495,7.29518798828125,9.4658447265625,2.163758389261738,0.7862951404059534
0.71486083984375,6.68056884765625,3.0221435546875,0.3812080536912734,0.3959819416505737
0.82217529296875,6.68056884765625,3.0221435546875,0.38657718120805185,0.38895874029682853
0.71486083984375,2.30018798828125,3.0221435546875,0.36778523489932735,0.23606661613968347
0.71486083984375,6.68056884765625,4.5158447265624995,0.3932885906040249,0.42361702172064586
0.82217529296875,2.30018798828125,4.5158447265624995,0.37181208053691117,0.24330755342881696
1.02704833984375,1.37338134765625,6.4252685546874995,0.37181208053691117,0.17559988945899815
9.25123779296875,1.37338134765625,6.4252685546874995,1.8939597315435952,0.44215152914107547
1.02704833984375,7.60737548828125,6.4252685546874995,0.48724832214764735,0.5106468312174457
1.02704833984375,1.37338134765625,7.3002197265625,0.37181208053691117,0.17689243353293643
9.25123779296875,7.60737548828125,7.3002197265625,3.418791946308903,0.8306069779214262
6.02204833984375,6.36838134765625,1.4752685546875002,1.2590604026845462,0.42772290678014213
4.25623779296875,6.36838134765625,1.4752685546875002,0.8147651006711314,0.3583532121858837
6.02204833984375,2.6123754882812498,1.4752685546875002,0.5637583892617399,0.17199617721784596
6.02204833984375,6.36838134765625,2.3502197265625,1.5986577181207817,0.5513447749086864
4.25623779296875,2.6123754882812498,2.3502197265625,0.5342281879194586,0.2123957518215397
8.51954833984375,3.87088134765625,8.9002685546875,2.8120805369128403,0.7308364553915385
6.75373779296875,3.87088134765625,8.9002685546875,2.178523489932881,0.6908945955011355
8.51954833984375,0.11487548828125,8.9002685546875,0.37046979865771656,0.019489698648190924
8.51954833984375,3.87088134765625,4.8252197265625,2.5422818791946797,0.656010206261441
6.75373779296875,0.11487548828125,4.8252197265625,0.36644295302013274,0.018654866605549925
3.52454833984375,8.86588134765625,3.9502685546875003,1.205369127516762,0.645038239383286
1.75873779296875,8.86588134765625,3.9502685546875003,0.645637583892611,0.5356527745982996
3.52454833984375,5.10987548828125,3.9502685546875003,0.9691275167785112,0.503465309952674
3.52454833984375,8.86588134765625,9.7752197265625,1.3919463087248123,0.7550369079598236
1.75873779296875,5.10987548828125,9.7752197265625,0.6483221476510002,0.5250009399119332
4.77329833984375,2.62213134765625,0.23776855468750002,0.3744966442953004,0.1101406497127566
0.50998779296875,2.62213134765625,0.23776855468750002,0.36375838926174353,0.2264939387289529
4.77329833984375,6.35862548828125,0.23776855468750002,0.3986577181208033,0.14127680867654732
4.77329833984375,2.62213134765625,6.0627197265624995,1.1355704697986424,0.4608421149454562
0.50998779296875,6.35862548828125,6.0627197265624995,0.38523489932885724,0.4406485387374659
9.76829833984375,7.61713134765625,5.1877685546875,3.5087248322149565,0.810191907147848
5.50498779296875,7.61713134765625,5.1877685546875,1.9275167785234604,0.7295998328237764
9.76829833984375,1.36362548828125,5.1877685546875,1.8563758389261462,0.4112368570953618
9.76829833984375,7.61713134765625,1.1127197265625002,2.2295302013422846,0.5040733904175899
5.50498779296875,1.36362548828125,1.1127197265625002,0.3771812080536896,0.09471733653676224
7.27079833984375,0.12463134765625,2.7127685546875,0.36510067114093814,0.019164737755610582
3.00748779296875,0.12463134765625,2.7127685546875,0.36375838926174353,0.019838171888257164
7.27079833984375,3.86112548828125,2.7127685546875,1.6953020134227934,0.493878330323965
7.27079833984375,0.12463134765625,3.5877197265625003,0.36644295302013274,0.019659375561749515
3.00748779296875,3.86112548828125,3.5877197265625003,0.6630872483221408,0.36571437668891854
2.27579833984375,5.11963134765625,7.6627685546875,0.7677852348993202,0.5388737885947102
8.00248779296875,5.11963134765625,7.6627685546875,2.7543624161074627,0.7579243349440181
2.27579833984375,8.85612548828125,7.6627685546875,0.9208053691275053,0.6731745703972871
2.27579833984375,5.11963134765625,8.5377197265625,0.78523489932885,0.5532335328842626
8.00248779296875,8.85612548828125,8.5377197265625,3.0442953020135457,0.842537960008694
1.6514233398437501,4.49525634765625,3.3315185546875004,0.4214765100671116,0.3087973203516475
6.12936279296875,4.49525634765625,3.3315185546875004,1.6174496644295062,0.54822019491714
1.6514233398437501,3.23675048828125,3.3315185546875004,0.39060402684563567,0.2562390438427278
1.6514233398437501,4.49525634765625,9.1564697265625,0.5785234899328806,0.4701176070119878
6.12936279296875,3.23675048828125,9.1564697265625,1.8577181208053408,0.6356065334946432
6.64642333984375,9.49025634765625,8.2815185546875,2.5516778523490435,0.8300506830775172
1.13436279296875,9.49025634765625,8.2815185546875,0.5744966442952968,0.6079319067693464
6.64642333984375,8.23175048828125,8.2815185546875,2.4979865771812504,0.8115425937106548
6.64642333984375,9.49025634765625,4.2064697265625,2.374496644295326,0.7683760205185288
1.13436279296875,8.23175048828125,4.2064697265625,0.4778523489932851,0.4765736404451061
9.14392333984375,1.99775634765625,0.8565185546875,0.4161073825503332,0.08346442125825985
8.62686279296875,1.99775634765625,0.8565185546875,0.40536912751677634,0.08438778484335213
9.14392333984375,5.7342504882812495,0.8565185546875,1.4966442953019916,0.3527976317203739
9.14392333984375,1.99775634765625,1.7314697265625,0.9932885906040141,0.2243693271912337
8.62686279296875,5.7342504882812495,1.7314697265625,2.0657718120805155,0.5215553368174921
4.1489233398437495,6.9927563476562495,5.8065185546875,1.4389261744966235,0.6814121036627537
3.6318627929687497,6.9927563476562495,5.8065185546875,1.2604026845637408,0.6594065996986471
4.1489233398437495,0.7392504882812501,5.8065185546875,0.38523489932885724,0.09938684435685076
4.1489233398437495,6.9927563476562495,6.6814697265625,1.4738255033556833,0.6994268529914136
3.6318627929687497,0.7392504882812501,6.6814697265625,0.38389261744966263,0.10317284282995172
2.9001733398437497,0.7490063476562501,9.5190185546875,0.38389261744966263,0.11105291661228123
4.8806127929687495,0.7490063476562501,9.5190185546875,0.42416107382550083,0.11539362054195423
2.9001733398437497,1.98800048828125,9.5190185546875,0.6120805369127458,0.32503024238451766
2.9001733398437497,0.7490063476562501,7.9189697265625,0.3812080536912734,0.10836420101359953
4.8806127929687495,1.98800048828125,7.9189697265625,1.0805369127516635,0.42510175968673836
7.89517333984375,5.74400634765625,4.5690185546875,2.5838926174497194,0.7167261392283304
9.87561279296875,5.74400634765625,4.5690185546875,3.307382550335732,0.7533888669920942
7.89517333984375,6.98300048828125,4.5690185546875,2.7073825503356437,0.7530461188837557
7.89517333984375,5.74400634765625,2.9689697265625004,2.3154362416107537,0.6380110287479024
9.87561279296875,6.98300048828125,2.9689697265625004,3.174496644295444,0.7211313465473521
5.39767333984375,3.2465063476562497,7.0440185546875,1.5288590604026622,0.5762756947809078
2.38311279296875,3.2465063476562497,7.0440185546875,0.6268456375838865,0.3995609259864269
5.39767333984375,9.48050048828125,7.0440185546875,2.0523489932885672,0.79463593456099
5.39767333984375,3.2465063476562497,0.49396972656250004,0.38657718120805185,0.11595135577034749
2.38311279296875,9.48050048828125,0.49396972656250004,0.3959731543624141,0.23767692115067668
0.40267333984375003,8.24150634765625,2.0940185546875,0.37181208053691117,0.4438881028113897
7.37811279296875,8.24150634765625,2.0940185546875,2.1463087248322053,0.6274029079576346
0.40267333984375003,4.48550048828125,2.0940185546875,0.36778523489932735,0.34622714815308187
0.40267333984375003,8.24150634765625,5.4439697265625,0.382550335570468,0.4874376687851346
7.37811279296875,4.48550048828125,5.4439697265625,2.3167785234899485,0.679734307123389
0.55876708984375,1.21728759765625,4.4143310546875,0.36644295302013274,0.15874742739963596
7.8463940429687495,1.21728759765625,4.4143310546875,1.0510067114093822,0.2691856850647114
0.55876708984375,6.82690673828125,4.4143310546875,0.382550335570468,0.43227923324471873
0.55876708984375,1.21728759765625,6.8361572265624995,0.36644295302013274,0.1621317956830955
7.8463940429687495,6.82690673828125,6.8361572265624995,2.8201342281880093,0.7913452338215667
5.55376708984375,6.21228759765625,9.3643310546875,1.9999999999999691,0.7533694737631715
2.85139404296875,6.21228759765625,9.3643310546875,1.0442953020134091,0.6498848478818093
5.55376708984375,1.83190673828125,9.3643310546875,1.276510067114076,0.45770551505418355
5.55376708984375,6.21228759765625,1.8861572265625002,1.2859060402684384,0.4693692150101806
2.85139404296875,1.83190673828125,1.8861572265625002,0.3771812080536896,0.15210809440925704
8.05126708984375,3.7147875976562497,1.9393310546875002,1.570469798657695,0.4151092554632206
5.34889404296875,3.7147875976562497,1.9393310546875002,0.8791946308724725,0.3181065213658181
8.05126708984375,4.32940673828125,1.9393310546875002,1.727516778523464,0.4596845259467191
8.05126708984375,3.7147875976562497,4.3611572265625,2.281879194630883,0.616510394627602
5.34889404296875,4.32940673828125,4.3611572265625,1.4926174496644078,0.567132004865645
3.05626708984375,8.70978759765625,6.8893310546875,1.1691275167785076,0.7001301201072172
0.35389404296875,8.70978759765625,6.8893310546875,0.38523489932885724,0.5137065079076149
3.05626708984375,9.32440673828125,6.8893310546875,1.1892617449664267,0.7138107296367071
3.05626708984375,8.70978759765625,9.3111572265625,1.212080536912735,0.72872355902676
0.35389404296875,9.32440673828125,9.3111572265625,0.3932885906040249,0.5439810862120147
4.30501708984375,4.9635375976562495,8.1268310546875,1.4295302013422613,0.654276333425279
1.60264404296875,4.9635375976562495,8.1268310546875,0.5758389261744914,0.4794125964596966
4.30501708984375,8.07565673828125,8.1268310546875,1.6201342281878954,0.7514676600480239
4.30501708984375,4.9635375976562495,5.5986572265625,1.3275167785234712,0.6032249454557093
1.60264404296875,8.07565673828125,5.5986572265625,0.6375838926174433,0.5583118293158431
9.30001708984375,9.95853759765625,3.1768310546875003,3.2563758389263286,0.7840682210653502
6.59764404296875,9.95853759765625,3.1768310546875003,2.259060402684571,0.7335898848598049
9.30001708984375,3.0806567382812498,3.1768310546875003,2.2483221476510122,0.5303129329470002
9.30001708984375,9.95853759765625,0.6486572265625,1.8483221476509786,0.43458869210926254
6.59764404296875,3.0806567382812498,0.6486572265625,0.40402684563758173,0.1075003766086759
6.80251708984375,2.46603759765625,5.6518310546874995,1.6751677852348743,0.5161462874184376
4.10014404296875,2.46603759765625,5.6518310546874995,0.8778523489932779,0.39038772412713874
6.80251708984375,0.58315673828125,5.6518310546874995,0.3973154362416087,0.07772805756711257
6.80251708984375,2.46603759765625,3.1236572265625,1.2550335570469624,0.37774922064238836
4.10014404296875,0.58315673828125,3.1236572265625,0.37181208053691117,0.07563192876324805
1.80751708984375,7.46103759765625,0.7018310546875,0.38389261744966263,0.2605008619330217
9.09514404296875,7.46103759765625,0.7018310546875,1.5812080536912518,0.3762737411865552
1.80751708984375,5.57815673828125,0.7018310546875,0.3771812080536896,0.23928782208363147
1.80751708984375,7.46103759765625,8.073657226562501,0.7315436241610658,0.6055429709869332
9.09514404296875,5.57815673828125,8.073657226562501,3.2241610738256528,0.7937865708497867
2.4318920898437497,3.09041259765625,6.2705810546875,0.5946308724832159,0.3677454587066529
7.22201904296875,3.09041259765625,6.2705810546875,2.053691275167762,0.6092163358465534
2.4318920898437497,2.4562817382812496,6.2705810546875,0.5073825503355665,0.29297759702360615
2.4318920898437497,3.09041259765625,9.9299072265625,0.6845637583892545,0.4376823747887597
7.22201904296875,2.4562817382812496,9.9299072265625,2.0590604026845414,0.610921724004456
7.42689208984375,8.08541259765625,1.3205810546875,1.75838926174494,0.5059739670322343
2.2270190429687498,8.08541259765625,1.3205810546875,0.46711409395972825,0.30877448686273595
7.42689208984375,7.45128173828125,1.3205810546875,1.689932885906015,0.48508764598733556
7.42689208984375,8.08541259765625,4.9799072265625,2.648322147651071,0.7788396705635358
2.2270190429687498,7.45128173828125,4.9799072265625,0.78523489932885,0.5683666416328308
9.92439208984375,0.59291259765625,8.7455810546875,1.1046979865771664,0.2246957328902628
9.71951904296875,0.59291259765625,8.7455810546875,1.0577181208053552,0.2177837046611145
9.92439208984375,9.94878173828125,8.7455810546875,3.8308724832217154,0.8757524703742281
9.92439208984375,0.59291259765625,2.5049072265625,0.38657718120805185,0.05783001476402498
9.71951904296875,9.94878173828125,2.5049072265625,3.2563758389263286,0.7518116947886996
4.92939208984375,5.58791259765625,3.7955810546875,1.4429530201342073,0.5883392970798937
4.72451904296875,5.58791259765625,3.7955810546875,1.375838926174477,0.579711329831036
4.92939208984375,4.95378173828125,3.7955810546875,1.3718120805368932,0.5565123733784958
4.92939208984375,5.58791259765625,7.4549072265625,1.6805369127516527,0.6939718113242815
4.72451904296875,4.95378173828125,7.4549072265625,1.553020134228165,0.6607774856462518
3.68064208984375,1.84166259765625,2.5580810546875004,0.3932885906040249,0.1486259321306066
3.47576904296875,1.84166259765625,2.5580810546875004,0.39060402684563567,0.15147434782715627
3.68064208984375,3.70503173828125,2.5580810546875004,0.659060402684557,0.3109575505035239
3.68064208984375,1.84166259765625,8.6924072265625,0.7395973154362334,0.34278763678058544
3.47576904296875,3.70503173828125,8.6924072265625,1.0402684563758253,0.5476173494421945
8.67564208984375,6.83666259765625,7.5080810546875,3.1557046979867165,0.8112176895099963
8.47076904296875,6.83666259765625,7.5080810546875,3.0791946308726112,0.8084319500756035
8.67564208984375,8.70003173828125,7.5080810546875,3.268456375839082,0.8416733442284334
8.67564208984375,6.83666259765625,3.7424072265625004,2.877852348993387,0.7351867142757356
8.47076904296875,8.70003173828125,3.7424072265625004,2.954362416107492,0.7729820895044486
6.17814208984375,4.33916259765625,5.0330810546875,1.840268456375811,0.6249649743693138
0.9782690429687501,4.33916259765625,5.0330810546875,0.3919463087248303,0.3445312022357638
6.17814208984375,6.20253173828125,5.0330810546875,2.055033557046957,0.7040396865943245
6.17814208984375,4.33916259765625,1.2674072265625,0.8885906040268348,0.28561185069379647
0.9782690429687501,6.20253173828125,1.2674072265625,0.3744966442953004,0.32409764386826845
1.1831420898437501,9.33416259765625,9.9830810546875,0.5999999999999943,0.6262718472108921
5.97326904296875,9.33416259765625,9.9830810546875,2.319463087248338,0.8268236332709968
1.1831420898437501,1.20753173828125,9.9830810546875,0.375838926174495,0.16559935736674475
1.1831420898437501,9.33416259765625,6.2174072265625,0.5583892617449615,0.5729891365324165
5.97326904296875,1.20753173828125,6.2174072265625,0.8429530201342181,0.26451200632389693
0.8709545898437501,4.0269750976562495,1.0112060546875001,0.36912751677852196,0.2778207655316244
3.78795654296875,4.0269750976562495,1.0112060546875001,0.4013422818791925,0.16621618581478778
0.8709545898437501,9.01221923828125,1.0112060546875001,0.375838926174495,0.36572212969863016
0.8709545898437501,4.0269750976562495,3.4330322265625,0.3771812080536896,0.31720287649085077
3.78795654296875,9.01221923828125,3.4330322265625,1.2536912751677678,0.6344444315843449
5.86595458984375,9.02197509765625,5.9612060546875,2.171812080536907,0.7831405974683556
8.78295654296875,9.02197509765625,5.9612060546875,3.268456375839082,0.8316798187722974
5.86595458984375,4.01721923828125,5.9612060546875,1.7570469798657453,0.6229203541123646
5.86595458984375,9.02197509765625,8.3830322265625,2.241610738255038,0.810328918486751
8.78295654296875,4.01721923828125,8.3830322265625,2.9140939597316473,0.7374382981212597
8.36345458984375,1.5294750976562501,3.4862060546875,1.2348993288590433,0.3057778892708613
1.29045654296875,1.5294750976562501,3.4862060546875,0.37046979865771656,0.17559737314410867
8.36345458984375,1.51971923828125,3.4862060546875,1.2268456375838757,0.3035634666565575
8.36345458984375,1.5294750976562501,5.9080322265625,1.6979865771811826,0.43187563858275
1.29045654296875,1.51971923828125,5.9080322265625,0.3744966442953004,0.18516240129013328
3.3684545898437497,6.52447509765625,8.4362060546875,1.2201342281879026,0.676706295186138
6.28545654296875,6.52447509765625,8.4362060546875,2.2697986577181295,0.7712277329291047
3.3684545898437497,6.51471923828125,8.4362060546875,1.2201342281879026,0.6766604464889722
3.3684545898437497,6.52447509765625,0.9580322265625,0.48590604026845274,0.23846202122833765
6.28545654296875,6.51471923828125,0.9580322265625,1.0389261744966307,0.3355096106507463
4.61720458984375,0.28072509765625003,7.1987060546874995,0.37181208053691117,0.04484870858309566
5.03670654296875,0.28072509765625003,7.1987060546874995,0.37181208053691117,0.04454341654925412
4.61720458984375,5.26596923828125,7.1987060546874995,1.5355704697986352,0.6660815085883305
4.61720458984375,0.28072509765625003,4.6705322265625,0.36912751677852196,0.04299156759661961
5.03670654296875,5.26596923828125,4.6705322265625,1.5369127516778298,0.6178809285228026
9.61220458984375,5.27572509765625,2.2487060546875,2.571812080536966,0.5930865096029473
0.04170654296875,5.27572509765625,2.2487060546875,0.36375838926174353,0.40358266617044714
9.61220458984375,0.27096923828125,2.2487060546875,0.37046979865771656,0.03500767506779329
9.61220458984375,5.27572509765625,9.6205322265625,3.4295302013424616,0.8041875044367537
0.04170654296875,0.27096923828125,9.6205322265625,0.36375838926174353,0.0448376028015518
7.1147045898437495,2.7782250976562497,9.6737060546875,2.107382550335555,0.6352273738081411
7.53420654296875,2.7782250976562497,9.6737060546875,2.2523489932885967,0.6470284179755259
7.1147045898437495,2.76846923828125,9.6737060546875,2.1046979865771656,0.6343560020879713
7.1147045898437495,2.7782250976562497,7.1455322265625,1.993288590603996,0.5980844692605051
7.53420654296875,2.76846923828125,7.1455322265625,2.132885906040257,0.6100307789054767
2.11970458984375,7.77322509765625,4.7237060546875,0.7530201342281795,0.5617577940276688
2.53920654296875,7.77322509765625,4.7237060546875,0.8832214765100563,0.5906409815082738
2.11970458984375,7.76346923828125,4.7237060546875,0.7530201342281795,0.5617018459088859
2.11970458984375,7.77322509765625,2.1955322265625004,0.5624161073825453,0.3993956148463029
2.53920654296875,7.76346923828125,2.1955322265625004,0.659060402684557,0.4236041640646488
1.49532958984375,2.15385009765625,9.0549560546875,0.3999999999999979,0.2510365633300338
0.66608154296875,2.15385009765625,9.0549560546875,0.3744966442953004,0.2506275265302349
1.49532958984375,4.64159423828125,9.0549560546875,0.5449664429530154,0.4630953191202485
1.49532958984375,2.15385009765625,0.3392822265625,0.36644295302013274,0.16786644720557353
0.66608154296875,4.64159423828125,0.3392822265625,0.36644295302013274,0.28934891876557167
6.49032958984375,7.14885009765625,4.1049560546874995,2.1610738255033484,0.710266090610864
5.66108154296875,7.14885009765625,4.1049560546874995,1.8644295302013139,0.6865276019506872
6.49032958984375,9.63659423828125,4.1049560546874995,2.3154362416107537,0.7645016329068797
6.49032958984375,7.14885009765625,5.2892822265624995,2.2617449664429605,0.7457384327925964
5.66108154296875,9.63659423828125,5.2892822265624995,2.0912751677852173,0.7765916932623371
8.98782958984375,4.65135009765625,6.5799560546875,3.002684563758506,0.7444363273113412
3.1635815429687497,4.65135009765625,6.5799560546875,0.9744966442952896,0.5510821701833057
8.98782958984375,7.13909423828125,6.5799560546875,3.2590604026847183,0.8115509916754859
8.98782958984375,4.65135009765625,7.7642822265625,3.0617449664430785,0.7601491624675009
3.1635815429687497,7.13909423828125,7.7642822265625,1.1651006711409237,0.67719044208295
3.99282958984375,9.64635009765625,1.6299560546875,1.017449664429517,0.4850544827821301
8.15858154296875,9.64635009765625,1.6299560546875,2.320805369127533,0.6212202460340952
3.99282958984375,2.14409423828125,1.6299560546875,0.38791946308724645,0.13978059453103472
3.99282958984375,9.64635009765625,2.8142822265625003,1.273825503355687,0.6181160404890357
8.15858154296875,2.14409423828125,2.8142822265625003,1.3718120805368932,0.3526371640136118
2.74407958984375,3.40260009765625,2.8674560546875,0.4791946308724797,0.2602568308821479
9.40733154296875,3.40260009765625,2.8674560546875,2.289932885906052,0.5350878230239948
2.74407958984375,0.89534423828125,2.8674560546875,0.37181208053691117,0.10845430025038773
2.74407958984375,3.40260009765625,1.5767822265625002,0.39060402684563567,0.19361432306156595
9.40733154296875,0.89534423828125,1.5767822265625002,0.38657718120805185,0.06541977225328442
7.73907958984375,8.39760009765625,7.8174560546875,2.9060402684564783,0.8275561862989228
4.41233154296875,8.39760009765625,7.8174560546875,1.665771812080512,0.7581557938207966
7.73907958984375,5.89034423828125,7.8174560546875,2.7395973154363196,0.7775596388131434
7.73907958984375,8.39760009765625,6.5267822265625,2.8644295302014386,0.8148383481896395
4.41233154296875,5.89034423828125,6.5267822265625,1.4899328859060186,0.6707235590267011
5.24157958984375,0.90510009765625,0.3924560546875,0.36778523489932735,0.07191806565348015
6.90983154296875,0.90510009765625,0.3924560546875,0.37046979865771656,0.06408387527993228
5.24157958984375,8.38784423828125,0.3924560546875,0.6120805369127458,0.22045624195421307
5.24157958984375,0.90510009765625,9.0017822265625,0.5986577181207997,0.18802120163226704
6.90983154296875,8.38784423828125,9.0017822265625,2.618791946308785,0.8234056510881522
0.24657958984375,5.90010009765625,5.3424560546875,0.37046979865771656,0.43120126605198483
1.9148315429687501,5.90010009765625,5.3424560546875,0.6402684563758325,0.492606553620285
0.24657958984375,3.39284423828125,5.3424560546875,0.36644295302013274,0.32373844271374597
0.24657958984375,5.90010009765625,4.0517822265625,0.36912751677852196,0.4234450820173328
1.9148315429687501,3.39284423828125,4.0517822265625,0.42818791946308465,0.2798904323513883
0.16853271484375001,2.38799072265625,0.46979980468750004,0.36375838926174353,0.23918340398330892
5.73912841796875,2.38799072265625,0.46979980468750004,0.3798657718120788,0.10176623871535563
0.16853271484375001,1.75385986328125,0.46979980468750004,0.36375838926174353,0.19484872906674733
0.16853271484375001,2.38799072265625,1.9635009765625002,0.36375838926174353,0.2509741596524779
5.73912841796875,1.75385986328125,1.9635009765625002,0.4187919463087224,0.12026899988843998
5.1635327148437495,7.38299072265625,5.4197998046875,1.8040268456375566,0.7193899807507395
0.7441284179687501,7.38299072265625,5.4197998046875,0.41073825503355477,0.4588434822253978
5.1635327148437495,6.7488598632812495,5.4197998046875,1.7624161073825237,0.7014290196073314
5.1635327148437495,7.38299072265625,6.9135009765625,1.867114093959703,0.7466778519457854
0.7441284179687501,6.7488598632812495,6.9135009765625,0.4174496644295278,0.4638866161516864
7.66103271484375,4.88549072265625,2.9447998046875004,2.0966442953019966,0.5904417491403804
8.23662841796875,4.88549072265625,2.9447998046875004,2.289932885906052,0.6061486506346941
7.66103271484375,9.24635986328125,2.9447998046875004,2.562416107382602,0.73042083488572
7.66103271484375,4.88549072265625,9.3885009765625,2.65637583892624,0.7598603194244926
8.23662841796875,9.24635986328125,9.3885009765625,3.166442953020275,0.8548996821994517
2.66603271484375,9.88049072265625,7.8947998046875,1.085906040268442,0.7194553933362554
3.24162841796875,9.88049072265625,7.8947998046875,1.2912751677852168,0.7454384783155498
2.66603271484375,4.25135986328125,7.8947998046875,0.8268456375838829,0.5198484894073159
2.66603271484375,9.88049072265625,4.4385009765625,0.9852348993288464,0.6456481355271403
3.24162841796875,4.25135986328125,4.4385009765625,0.8429530201342181,0.45765998472600283
3.9147827148437497,3.63674072265625,6.6572998046875,1.099328859060388,0.5283589446165847
4.49037841796875,3.63674072265625,6.6572998046875,1.2818791946308545,0.5581707198591296
3.9147827148437497,3.0026098632812497,6.6572998046875,0.9986577181207925,0.4723218134634073
3.9147827148437497,3.63674072265625,0.7260009765625,0.38657718120805185,0.1488997525823346
4.49037841796875,3.0026098632812497,0.7260009765625,0.38523489932885724,0.13093793246156243
8.90978271484375,8.63174072265625,1.7072998046875,2.523489932885952,0.6247598599658597
9.48537841796875,8.63174072265625,1.7072998046875,2.7181208053692023,0.6368280105063243
8.90978271484375,7.99760986328125,1.7072998046875,2.4563758389262107,0.6073275474860771
8.90978271484375,8.63174072265625,5.6760009765624995,3.2805369127518356,0.8236697280462448
9.48537841796875,7.99760986328125,5.6760009765624995,3.4604026845639426,0.8211827940307777
6.41228271484375,1.13924072265625,9.1322998046875,1.092617449664415,0.33484428910514547
1.99287841796875,1.13924072265625,9.1322998046875,0.38389261744966263,0.15573030627196557
6.41228271484375,5.50010986328125,9.1322998046875,2.2536912751677916,0.7515703517984331
6.41228271484375,1.13924072265625,8.1510009765625,1.037583892617436,0.31566997414657527
1.99287841796875,5.50010986328125,8.1510009765625,0.7127516778523413,0.5433643628009122
1.4172827148437501,6.13424072265625,4.1822998046875,0.48322147651006353,0.4183167062493714
6.98787841796875,6.13424072265625,4.1822998046875,2.256375838926181,0.6949223091843628
1.4172827148437501,0.50510986328125,4.1822998046875,0.36644295302013274,0.07503202425507621
1.4172827148437501,6.13424072265625,3.2010009765625003,0.4402684563758361,0.36968792697671815
6.98787841796875,0.50510986328125,3.2010009765625003,0.3771812080536896,0.061593509001020674
2.04165771484375,4.26111572265625,9.7510498046875,0.6791946308724761,0.4984050723666243
8.86100341796875,4.26111572265625,9.7510498046875,3.025503355704818,0.761092339068779
2.04165771484375,7.37323486328125,9.7510498046875,0.8255033557046882,0.640561951064582
2.04165771484375,4.26111572265625,3.8197509765625,0.502013422818788,0.3422534892059891
8.86100341796875,7.37323486328125,3.8197509765625,3.0080536912752853,0.7551440942863614
7.03665771484375,9.25611572265625,4.8010498046875,2.555704697986628,0.7883748097581817
3.86600341796875,9.25611572265625,4.8010498046875,1.3973154362415907,0.7016583358065483
7.03665771484375,2.37823486328125,4.8010498046875,1.614765100671117,0.48091699032154656
7.03665771484375,9.25611572265625,8.7697509765625,2.6993288590604747,0.8360795059161585
3.86600341796875,2.37823486328125,8.7697509765625,0.9369127516778406,0.4407528562912144
9.53415771484375,1.76361572265625,7.2760498046875,2.3704697986577417,0.5474743773338856
6.36350341796875,1.76361572265625,7.2760498046875,1.3798657718120608,0.4420271938084207
9.53415771484375,4.87573486328125,7.2760498046875,3.2724832214766666,0.7710659782266301
9.53415771484375,1.76361572265625,6.2947509765625,2.273825503355714,0.5235491493294055
6.36350341796875,4.87573486328125,6.2947509765625,2.068456375838905,0.6900439744981453
4.53915771484375,6.75861572265625,2.3260498046875,1.1731543624160914,0.5060604589719688
1.36850341796875,6.75861572265625,2.3260498046875,0.40805369127516555,0.34181713420528753
4.53915771484375,9.87073486328125,2.3260498046875,1.3771812080536716,0.6032634432299799
4.53915771484375,6.75861572265625,1.3447509765625,0.8657718120805264,0.36376636017674235
1.36850341796875,9.87073486328125,1.3447509765625,0.4026845637583871,0.34615502175366314
3.29040771484375,0.51486572265625,3.5635498046875003,0.36912751677852196,0.07153065147945253
0.11975341796875,0.51486572265625,3.5635498046875003,0.36375838926174353,0.07771401406270204
3.29040771484375,8.62198486328125,3.5635498046875003,1.0845637583892473,0.6074615907689095
3.29040771484375,0.51486572265625,2.5822509765625004,0.36778523489932735,0.06911993310470557
0.11975341796875,8.62198486328125,2.5822509765625004,0.36644295302013274,0.49358954000380595
8.28540771484375,5.50986572265625,8.5135498046875,2.9288590604027904,0.7831021361979837
5.11475341796875,5.50986572265625,8.5135498046875,1.7704697986576914,0.7107450007803755
8.28540771484375,3.62698486328125,8.5135498046875,2.6684563758389936,0.7095541796124876
8.28540771484375,5.50986572265625,7.5322509765625,2.8953020134229197,0.7734737976737567
5.11475341796875,3.62698486328125,7.5322509765625,1.5248322147650784,0.6030808261411759
5.78790771484375,3.01236572265625,1.0885498046875002,0.46442953020133904,0.14242786458733597
2.6172534179687497,3.01236572265625,1.0885498046875002,0.3785234899328842,0.1778891085526983
5.78790771484375,1.12948486328125,1.0885498046875002,0.375838926174495,0.08560493582285886
5.78790771484375,3.01236572265625,5.0572509765625,1.4563758389261534,0.513467852530917
2.6172534179687497,1.12948486328125,5.0572509765625,0.3812080536912734,0.1391895412783633
0.79290771484375,8.00736572265625,6.0385498046874995,0.4348993288590577,0.49338353482078645
7.61225341796875,8.00736572265625,6.0385498046874995,2.774496644295385,0.7999063870238754
0.79290771484375,6.12448486328125,6.0385498046874995,0.40805369127516555,0.4298069958670422
0.79290771484375,8.00736572265625,0.1072509765625,0.36778523489932735,0.32119182164375326
7.61225341796875,6.12448486328125,0.1072509765625,0.46711409395972825,0.11750269331085048
1.10509521484375,2.7001782226562496,4.4916748046874995,0.3785234899328842,0.2607868480394845
2.30506591796875,2.7001782226562496,4.4916748046874995,0.4416107382550307,0.2540127738495626
1.10509521484375,3.93917236328125,4.4916748046874995,0.39060402684563567,0.31865739408146476
1.10509521484375,2.7001782226562496,7.8416259765625,0.39060402684563567,0.28416436853444005
2.30506591796875,3.93917236328125,7.8416259765625,0.6953020134228114,0.4694016566955267
6.1000952148437495,7.69517822265625,9.4416748046875,2.289932885906052,0.8001653268406033
7.30006591796875,7.69517822265625,9.4416748046875,2.7395973154363196,0.821055152729724
6.1000952148437495,8.93417236328125,9.4416748046875,2.343624161073845,0.8202186104378216
6.1000952148437495,7.69517822265625,2.8916259765625,1.8832214765100384,0.6490859617980522
7.30006591796875,8.93417236328125,2.8916259765625,2.400000000000028,0.7127074239542983
8.59759521484375,0.20267822265625002,2.0166748046875003,0.36778523489932735,0.02814527073861392
4.80256591796875,0.20267822265625002,2.0166748046875003,0.36510067114093814,0.029850219389398747
8.59759521484375,6.43667236328125,2.0166748046875003,2.3181208053691433,0.5905181193175219
8.59759521484375,0.20267822265625002,0.4166259765625,0.36510067114093814,0.024418412439295382
4.80256591796875,6.43667236328125,0.4166259765625,0.4416107382550307,0.1613551968370429
3.60259521484375,5.19767822265625,6.9666748046875,1.1758389261744806,0.6131668726234419
9.79756591796875,5.19767822265625,6.9666748046875,3.3973154362417857,0.7814903159367741
3.60259521484375,1.44167236328125,6.9666748046875,0.5140939597315395,0.21422898310368255
3.60259521484375,5.19767822265625,5.3666259765625,1.106040268456361,0.572907823651164
9.79756591796875,1.44167236328125,5.3666259765625,1.9718120805368824,0.4376895115286874
4.85134521484375,1.45142822265625,8.2041748046875,0.8563758389261642,0.3232261633952186
8.54881591796875,1.45142822265625,8.2041748046875,1.9087248322147359,0.4802032091317361
4.85134521484375,0.19292236328125,8.2041748046875,0.36912751677852196,0.031857732807345336
4.85134521484375,1.45142822265625,9.0791259765625,0.8926174496644186,0.3393679968917369
8.54881591796875,0.19292236328125,9.0791259765625,0.3771812080536896,0.03208293643589948
9.84634521484375,6.44642822265625,3.2541748046875,3.1691275167786648,0.7219383524570508
3.55381591796875,6.44642822265625,3.2541748046875,1.010738255033544,0.5262781181568458
9.84634521484375,5.18792236328125,3.2541748046875,2.9852348993289732,0.6779473829342815
9.84634521484375,6.44642822265625,4.1291259765624995,3.32348993288607,0.7592215237810748
3.55381591796875,5.18792236328125,4.1291259765624995,1.0013422818791817,0.5188108259247479
7.34884521484375,3.94892822265625,5.7291748046875,2.2402684563758433,0.6581828271848844
6.05131591796875,3.94892822265625,5.7291748046875,1.791946308724805,0.6186727397625404
7.34884521484375,7.68542236328125,5.7291748046875,2.6402684563759022,0.7841558217236495
7.34884521484375,3.94892822265625,1.6541259765625,1.2912751677852168,0.3663320379389378
6.05131591796875,7.68542236328125,1.6541259765625,1.488590604026824,0.509695647584367
2.3538452148437496,8.94392822265625,0.7791748046875,0.4147651006711386,0.25674948415212107
1.05631591796875,8.94392822265625,0.7791748046875,0.3771812080536896,0.3364507721161145
2.3538452148437496,2.69042236328125,0.7791748046875,0.3731543624161058,0.17106934343645874
2.3538452148437496,8.94392822265625,6.6041259765625,0.9275167785234784,0.6621511786372084
1.05631591796875,2.69042236328125,6.6041259765625,0.38389261744966263,0.27564582522661835
1.72947021484375,0.82705322265625,5.1104248046875,0.37046979865771656,0.11401155199229317
2.92944091796875,0.82705322265625,5.1104248046875,0.3771812080536896,0.1099317764261649
1.72947021484375,9.55854736328125,5.1104248046875,0.7006711409395898,0.5975647046421454
1.72947021484375,0.82705322265625,5.9853759765625,0.37046979865771656,0.11521031233839851
2.92944091796875,9.55854736328125,5.9853759765625,1.1275167785234748,0.6962814305623644
6.72447021484375,5.82205322265625,0.1604248046875,0.420134228187917,0.11495317850875202
7.92444091796875,5.82205322265625,0.1604248046875,0.5181208053691233,0.12753923677579762
6.72447021484375,4.56354736328125,0.1604248046875,0.3946308724832195,0.103624803876779
6.72447021484375,5.82205322265625,1.0353759765625001,1.1020134228187772,0.33634388888118605
7.92444091796875,4.56354736328125,1.0353759765625001,1.1516778523489777,0.3037146420657996
9.22197021484375,3.3245532226562498,7.5854248046875,2.8966442953021145,0.6996612005380036
0.43194091796875,3.3245532226562498,7.5854248046875,0.3731543624161058,0.326071426737176
9.22197021484375,2.0660473632812497,7.5854248046875,2.463087248322185,0.5887433832070688
9.22197021484375,3.3245532226562498,3.5103759765625,2.400000000000028,0.5727948468963235
0.43194091796875,2.0660473632812497,3.5103759765625,0.36644295302013274,0.22977739597849187
4.22697021484375,8.31955322265625,2.6354248046875,1.2510067114093786,0.5772276110285444
5.42694091796875,8.31955322265625,2.6354248046875,1.6469798657717876,0.6247508161434203
4.22697021484375,7.06104736328125,2.6354248046875,1.167785234899313,0.534921866683842
4.22697021484375,8.31955322265625,8.4603759765625,1.608053691275144,0.7573330133407981
5.42694091796875,7.06104736328125,8.4603759765625,1.9879194630872177,0.7641471747450334
2.9782202148437498,4.57330322265625,1.3979248046875001,0.4174496644295278,0.21110030256669002
6.67569091796875,4.57330322265625,1.3979248046875001,1.116778523489918,0.3422053648776938
2.9782202148437498,5.81229736328125,1.3979248046875001,0.495302013422815,0.26588899880566425
2.9782202148437498,4.57330322265625,7.2228759765624995,0.9315436241610622,0.5488588584133516
6.67569091796875,5.81229736328125,7.2228759765624995,2.320805369127533,0.7472037180810176
7.97322021484375,9.56830322265625,6.3479248046875,3.002684563758506,0.8328771270622648
1.6806909179687501,9.56830322265625,6.3479248046875,0.7167785234899251,0.6253530515275707
7.97322021484375,0.81729736328125,6.3479248046875,0.8818791946308617,0.21345480847243795
7.97322021484375,9.56830322265625,2.2728759765625,2.523489932885952,0.6926335348402347
1.6806909179687501,0.81729736328125,2.2728759765625,0.36644295302013274,0.10476802252606116
5.47572021484375,2.07580322265625,3.8729248046875004,0.9154362416107269,0.32038573330543973
9.17319091796875,2.07580322265625,3.8729248046875004,1.942281879194601,0.4590928829903487
5.47572021484375,3.31479736328125,3.8729248046875004,1.2832214765100491,0.47030246528332875
5.47572021484375,2.07580322265625,4.7478759765625,1.0389261744966307,0.3691847162278959
9.17319091796875,3.31479736328125,4.7478759765625,2.6214765100671746,0.6321134882150284
0.48072021484375,7.07080322265625,8.8229248046875,0.3946308724832195,0.483099634641328
4.17819091796875,7.07080322265625,8.8229248046875,1.5422818791946082,0.7306082454285681
0.48072021484375,8.30979736328125,8.8229248046875,0.4026845637583871,0.5186968283265906
0.48072021484375,7.07080322265625,9.6978759765625,0.3973154362416087,0.48916112364751785
4.17819091796875,8.30979736328125,9.6978759765625,1.6093959731543386,0.7657015367758561
0.32462646484375,4.72939697265625,7.4307373046875,0.3731543624161058,0.3948477585333344
1.21240966796875,4.72939697265625,7.4307373046875,0.4604026845637552,0.4138511368623516
0.32462646484375,0.34901611328125004,7.4307373046875,0.36375838926174353,0.05597892707716052
0.32462646484375,4.72939697265625,8.6150634765625,0.3744966442953004,0.3994069976910434
1.21240966796875,0.34901611328125004,8.6150634765625,0.36644295302013274,0.056352885897058204
5.31962646484375,9.72439697265625,2.4807373046875,1.6644295302013175,0.643407639762968
6.20740966796875,9.72439697265625,2.4807373046875,1.9704697986576878,0.6708109998976028
5.31962646484375,5.34401611328125,2.4807373046875,1.2966442953019952,0.4907723194544723
5.31962646484375,9.72439697265625,3.6650634765625,1.8483221476509786,0.7193664445126249
6.20740966796875,5.34401611328125,3.6650634765625,1.8241610738254757,0.6168958828577505
7.81712646484375,2.2318969726562496,9.9057373046875,2.181208053691271,0.6038766161489816
3.7099096679687498,2.2318969726562496,9.9057373046875,0.8885906040268348,0.4275968189873782
7.81712646484375,7.84151611328125,9.9057373046875,2.9516778523491025,0.8336893656439222
7.81712646484375,2.2318969726562496,1.1900634765625002,0.5503355704697939,0.13354530649314691
3.7099096679687498,7.84151611328125,1.1900634765625002,0.7020134228187844,0.3408316188805292
2.8221264648437496,7.22689697265625,4.9557373046875,0.9624161073825381,0.5991767221370004
8.70490966796875,7.22689697265625,4.9557373046875,3.0617449664430785,0.782679857615311
2.8221264648437496,2.84651611328125,4.9557373046875,0.5906040268456321,0.326719784596586
2.8221264648437496,7.22689697265625,6.1400634765625,1.0093959731543494,0.6320535046562574
8.70490966796875,2.84651611328125,6.1400634765625,2.4805369127517176,0.6263294020985571
4.070876464843749,0.9831469726562501,1.2432373046875,0.37046979865771656,0.09303480747630569
9.95365966796875,0.9831469726562501,1.2432373046875,0.38657718120805185,0.06338535977225966
4.070876464843749,4.09526611328125,1.2432373046875,0.46845637583892286,0.1930546525899605
4.070876464843749,0.9831469726562501,9.8525634765625,0.46442953020133904,0.15971199835898336
9.95365966796875,4.09526611328125,9.8525634765625,3.4067114093961495,0.7726466565340369
9.06587646484375,5.9781469726562495,6.1932373046875,3.1691275167786648,0.7815263874965932
4.95865966796875,5.9781469726562495,6.1932373046875,1.6738255033556797,0.6873980592161895
9.06587646484375,9.09026611328125,6.1932373046875,3.3892617449666167,0.8386710446879946
9.06587646484375,5.9781469726562495,4.9025634765624995,3.072483221476637,0.7560787322654113
4.95865966796875,9.09026611328125,4.9025634765624995,1.7879194630872213,0.7387372165566637
6.56837646484375,3.48064697265625,3.7182373046875004,1.6295302013422577,0.5184547901267609
7.45615966796875,3.48064697265625,3.7182373046875004,1.9127516778523197,0.5484215074895694
6.56837646484375,6.59276611328125,3.7182373046875004,2.092617449664412,0.6788067858821938
6.56837646484375,3.48064697265625,2.4275634765625003,1.3033557046979682,0.4080835469507499
7.45615966796875,6.59276611328125,2.4275634765625003,2.1194630872483087,0.6128204637516194
1.57337646484375,8.47564697265625,8.6682373046875,0.6939597315436168,0.6258601572828171
2.46115966796875,8.47564697265625,8.6682373046875,0.9879194630872357,0.6869959843942433
1.57337646484375,1.59776611328125,8.6682373046875,0.38657718120805185,0.20076004228501776
1.57337646484375,8.47564697265625,7.3775634765625,0.6765100671140869,0.6072479730589377
2.46115966796875,1.59776611328125,7.3775634765625,0.40939597315436016,0.1946946921690935
2.19775146484375,1.60752197265625,3.0994873046875,0.3771812080536896,0.16536201440160198
4.33428466796875,1.60752197265625,3.0994873046875,0.413422818791944,0.1424461055090284
2.19775146484375,5.96839111328125,3.0994873046875,0.5906040268456321,0.40780104585833066
2.19775146484375,1.60752197265625,5.5213134765625,0.38791946308724645,0.18232579916191602
4.33428466796875,5.96839111328125,5.5213134765625,1.4214765100670936,0.6470976319996471
7.19275146484375,6.60252197265625,8.049487304687501,2.601342281879252,0.787765611805989
9.32928466796875,6.60252197265625,8.049487304687501,3.402684563758565,0.820111825473345
7.19275146484375,0.97339111328125,8.049487304687501,1.061744966442939,0.291482719511622
7.19275146484375,6.60252197265625,0.5713134765625,0.9234899328858945,0.262599381543709
9.32928466796875,0.97339111328125,0.5713134765625,0.3744966442953004,0.058587432501230316
9.69025146484375,4.10502197265625,0.6244873046875,0.9812080536912626,0.21327194523233015
1.83678466796875,4.10502197265625,0.6244873046875,0.3731543624161058,0.21388378676634198
9.69025146484375,3.4708911132812497,0.6244873046875,0.7999999999999907,0.17067955195575185
9.69025146484375,4.10502197265625,3.0463134765625,2.6456375838926816,0.6060697701593194
1.83678466796875,3.4708911132812497,3.0463134765625,0.3973154362416087,0.2548223417102744
4.69525146484375,9.10002197265625,5.5744873046875,1.727516778523464,0.7469228252809723
6.8317846679687495,9.10002197265625,5.5744873046875,2.516778523489978,0.7972352698638443
4.69525146484375,8.46589111328125,5.5744873046875,1.6993288590603772,0.7337063005706552
4.69525146484375,9.10002197265625,7.9963134765625,1.7999999999999727,0.780992378740744
6.8317846679687495,8.46589111328125,7.9963134765625,2.571812080536966,0.8161206479104283
3.4465014648437498,2.8562719726562498,9.2869873046875,0.9248322147650891,0.4790161013934138
5.58303466796875,2.8562719726562498,9.2869873046875,1.5973154362415871,0.5862712572326495
3.4465014648437498,9.71464111328125,9.2869873046875,1.38255033557045,0.7638069842437276
3.4465014648437498,2.8562719726562498,6.7588134765625,0.8429530201342181,0.43028399073240076
5.58303466796875,9.71464111328125,6.7588134765625,2.1221476510066983,0.7989892669521661
8.44150146484375,7.85127197265625,4.3369873046875,2.954362416107492,0.7756527261835983
0.58803466796875,7.85127197265625,4.3369873046875,0.38926174496644106,0.4552629991575298
8.44150146484375,4.7196411132812495,4.3369873046875,2.610738255033616,0.6805693974607068
8.44150146484375,7.85127197265625,1.8088134765625001,2.3395973154362606,0.6067603919497294
0.58803466796875,4.7196411132812495,1.8088134765625001,0.36912751677852196,0.3353208332371021
5.94400146484375,0.35877197265625,6.8119873046874995,0.3785234899328842,0.05495981381283444
8.08053466796875,0.35877197265625,6.8119873046874995,0.38657718120805185,0.05365982723888701
5.94400146484375,2.22214111328125,6.8119873046874995,1.4174496644295098,0.4852526627277852
5.94400146484375,0.35877197265625,4.2838134765625,0.3731543624161058,0.05147527684284433
8.08053466796875,2.22214111328125,4.2838134765625,1.7798657718120536,0.4704291430174395
0.94900146484375,5.35377197265625,1.8619873046875002,0.375838926174495,0.32478620686385795
3.0855346679687496,5.35377197265625,1.8619873046875002,0.5785234899328806,0.31060669312800837
0.94900146484375,7.21714111328125,1.8619873046875002,0.382550335570468,0.3612804948688925
0.94900146484375,5.35377197265625,9.2338134765625,0.44429530201341993,0.4477273754505214
3.0855346679687496,7.21714111328125,9.2338134765625,1.167785234899313,0.6928450802546546
0.63681396484375,0.04658447265625,7.7401123046875,0.36375838926174353,0.00805002609393494
7.14397216796875,0.04658447265625,7.7401123046875,0.36510067114093814,0.008000595522388632
0.63681396484375,2.5343286132812497,7.7401123046875,0.3744966442953004,0.27495463971389444
0.63681396484375,0.04658447265625,1.4994384765625002,0.36375838926174353,0.007601440622254419
7.14397216796875,2.5343286132812497,1.4994384765625002,0.7355704697986496,0.20154413236702964
5.63181396484375,5.0415844726562495,2.7901123046875003,1.4281879194630667,0.5176395882907578
2.1489721679687497,5.0415844726562495,2.7901123046875003,0.4993288590603988,0.33342348152137596
5.63181396484375,7.52932861328125,2.7901123046875003,1.689932885906015,0.621153901938005
5.63181396484375,5.0415844726562495,6.4494384765624995,1.8362416107382271,0.6781507551323867
2.1489721679687497,7.52932861328125,6.4494384765624995,0.8107382550335476,0.6051290910117908
8.12931396484375,2.54408447265625,5.2651123046874995,2.087248322147633,0.5551771212198008
9.64147216796875,2.54408447265625,5.2651123046874995,2.5906040268456936,0.5954731769025683
8.12931396484375,5.03182861328125,5.2651123046874995,2.648322147651071,0.7159823427692256
8.12931396484375,2.54408447265625,8.9244384765625,2.359731543624183,0.6334564417465702
9.64147216796875,5.03182861328125,8.9244384765625,3.394630872483396,0.7932044833607215
3.13431396484375,7.53908447265625,0.3151123046875,0.39060402684563567,0.18789324555145748
4.64647216796875,7.53908447265625,0.3151123046875,0.4416107382550307,0.16649776588795678
3.13431396484375,0.03682861328125,0.3151123046875,0.36375838926174353,0.005745852385251691
3.13431396484375,7.53908447265625,3.9744384765625003,1.0161073825503224,0.586750155578737
4.64647216796875,0.03682861328125,3.9744384765625003,0.36375838926174353,0.006170101091379207
4.38306396484375,3.7928344726562497,4.0276123046875,1.0711409395973013,0.4676274468203169
3.39772216796875,3.7928344726562497,4.0276123046875,0.7959731543624069,0.4116431661001192
4.38306396484375,1.2855786132812501,4.0276123046875,0.41073825503355477,0.13414940274281842
4.38306396484375,3.7928344726562497,0.2619384765625,0.3798657718120788,0.12931343772393405
3.39772216796875,1.2855786132812501,0.2619384765625,0.36778523489932735,0.09867933668184097
9.37806396484375,8.78783447265625,8.9776123046875,3.575838926174698,0.8597509535493568
8.39272216796875,8.78783447265625,8.9776123046875,3.200000000000146,0.8493263017673629
9.37806396484375,6.28057861328125,8.9776123046875,3.4201342281880978,0.8206542687079159
9.37806396484375,8.78783447265625,5.2119384765625,3.4389261744968254,0.8245281155156738
8.39272216796875,6.28057861328125,5.2119384765625,2.8832214765101662,0.7603129411998484
6.88056396484375,1.2953344726562501,1.5526123046875002,0.38791946308724645,0.08837605325601086
0.90022216796875,1.2953344726562501,1.5526123046875002,0.36510067114093814,0.15060900783462336
6.88056396484375,8.77807861328125,1.5526123046875002,1.791946308724805,0.5531659069330763
6.88056396484375,1.2953344726562501,7.6869384765625,1.2604026845637408,0.37086356226310735
0.90022216796875,8.77807861328125,7.6869384765625,0.49127516778523117,0.5568432032294218
1.88556396484375,6.29033447265625,6.5026123046875,0.6832214765100599,0.5394403556064337
5.8952221679687495,6.29033447265625,6.5026123046875,2.046979865771788,0.7316432991112636
1.88556396484375,3.78307861328125,6.5026123046875,0.5409395973154316,0.3916637612218693
1.88556396484375,6.29033447265625,2.7369384765625,0.5060402684563718,0.3747718609762173
5.8952221679687495,3.78307861328125,2.7369384765625,1.2778523489932707,0.439847943935211
1.26118896484375,3.16845947265625,2.1713623046875004,0.3744966442953004,0.25073087020585333
7.76834716796875,3.16845947265625,2.1713623046875004,1.4389261744966235,0.39004648443781725
1.26118896484375,8.15370361328125,2.1713623046875004,0.413422818791944,0.3704144817526046
1.26118896484375,3.16845947265625,4.5931884765625,0.38791946308724645,0.2816796577908981
7.76834716796875,8.15370361328125,4.5931884765625,2.7489932885906834,0.7769650754841392
6.25618896484375,8.16345947265625,7.1213623046875,2.3181208053691433,0.7920050898757908
2.77334716796875,8.16345947265625,7.1213623046875,1.0577181208053552,0.6761056235242202
6.25618896484375,3.15870361328125,7.1213623046875,1.7999999999999727,0.6027641367162005
6.25618896484375,8.16345947265625,9.5431884765625,2.3718120805369365,0.8118444228886956
2.77334716796875,3.15870361328125,9.5431884765625,0.7798657718120716,0.46598473787446826
8.75368896484375,0.67095947265625,4.6463623046875,0.5234899328859017,0.10281685745974602
5.27084716796875,0.67095947265625,4.6463623046875,0.38389261744966263,0.08523820181689151
8.75368896484375,0.66120361328125,4.6463623046875,0.5033557046979826,0.09750228298462849
8.75368896484375,0.67095947265625,7.0681884765625,0.8684563758389157,0.19110821147868423
5.27084716796875,0.66120361328125,7.0681884765625,0.3986577181208033,0.09343451385601254
3.75868896484375,5.66595947265625,9.5963623046875,1.3261744966442766,0.6767733443126362
0.27584716796875003,5.66595947265625,9.5963623046875,0.375838926174495,0.440567712865611
3.75868896484375,5.65620361328125,9.5963623046875,1.3261744966442766,0.6767223555092479
3.75868896484375,5.66595947265625,2.1181884765625,0.8120805369127422,0.39374959628407935
0.27584716796875003,5.65620361328125,2.1181884765625,0.36644295302013274,0.3949555261333337
2.50993896484375,1.91970947265625,5.8838623046875,0.4214765100671116,0.21231790775529946
1.52459716796875,1.91970947265625,5.8838623046875,0.382550335570468,0.21411572863225314
2.50993896484375,6.90495361328125,5.8838623046875,0.8845637583892509,0.5953230432732798
2.50993896484375,1.91970947265625,3.3556884765625004,0.38657718120805185,0.17926101774689102
1.52459716796875,6.90495361328125,3.3556884765625004,0.495302013422815,0.4181000693012451
7.50493896484375,6.91470947265625,0.9338623046875,1.355704697986558,0.38083487751501816
6.51959716796875,6.91470947265625,0.9338623046875,1.1208053691275017,0.35266779523424335
7.50493896484375,1.90995361328125,0.9338623046875,0.3946308724832195,0.08974723563188783
7.50493896484375,6.91470947265625,8.3056884765625,2.7463087248322937,0.8021986915444081
6.51959716796875,1.90995361328125,8.3056884765625,1.557046979865749,0.4944262059312107
5.00743896484375,4.41720947265625,8.3588623046875,1.6228187919462846,0.6584245037380074
4.02209716796875,4.41720947265625,8.3588623046875,1.287248322147633,0.6172009040214316
5.00743896484375,4.40745361328125,8.3588623046875,1.6228187919462846,0.6583648016073242
5.00743896484375,4.41720947265625,5.8306884765625,1.515436241610716,0.6109918938505662
4.02209716796875,4.40745361328125,5.8306884765625,1.1892617449664267,0.5653868828814268
0.01243896484375,9.41220947265625,3.4088623046875,0.36375838926174353,0.5265384386996909
9.01709716796875,9.41220947265625,3.4088623046875,3.1557046979867165,0.781141951921765
0.01243896484375,9.40245361328125,3.4088623046875,0.36375838926174353,0.5263384842039973
0.01243896484375,9.41220947265625,0.8806884765625,0.36375838926174353,0.5079587961866427
9.01709716796875,9.40245361328125,0.8806884765625,1.986577181208023,0.481842979847953
