L: 2.29, u_super: 0.00941, sec: 728964.250, prod: 0.000319, t_ads: 235.0, t_des: 9532.0, bed_util_ads: 0.133, bed_util_des: 0.089, frac_lost: 0.502, li_recovered:  3.117
L: 3.82, u_super: 0.00312, sec: 14988.378, prod: 0.001572, t_ads: 1436.0, t_des: 4132.0, bed_util_ads: 0.346, bed_util_des: 0.223, frac_lost: 0.500, li_recovered:  8.752
L: 3.40, u_super: 0.00408, sec: 23253.445, prod: 0.001754, t_ads: 846.0, t_des: 1974.0, bed_util_ads: 0.353, bed_util_des: 0.284, frac_lost: 0.500, li_recovered:  4.946
L: 0.60, u_super: 0.00747, sec: 95627.031, prod: 0.001496, t_ads: 71.0, t_des: 324.0, bed_util_ads: 0.287, bed_util_des: 0.278, frac_lost: 0.503, li_recovered:  0.591
L: 1.65, u_super: 0.00782, sec: 201692.672, prod: 0.000779, t_ads: 197.0, t_des: 2595.0, bed_util_ads: 0.196, bed_util_des: 0.166, frac_lost: 0.500, li_recovered:  2.176
L: 2.09, u_super: 0.00137, sec: 2828.823, prod: 0.001566, t_ads: 1929.0, t_des: 4990.0, bed_util_ads: 0.365, bed_util_des: 0.213, frac_lost: 0.500, li_recovered:  10.837
L: 1.21, u_super: 0.00263, sec: 9081.456, prod: 0.001834, t_ads: 418.0, t_des: 592.0, bed_util_ads: 0.406, bed_util_des: 0.380, frac_lost: 0.500, li_recovered:  1.853
L: 1.48, u_super: 0.00483, sec: 47523.379, prod: 0.001214, t_ads: 267.0, t_des: 183.0, bed_util_ads: 0.498, bed_util_des: 0.491, frac_lost: 0.501, li_recovered:  0.546
L: 3.87, u_super: 0.00719, sec: 78160.922, prod: 0.001688, t_ads: 519.0, t_des: 1526.0, bed_util_ads: 0.328, bed_util_des: 0.280, frac_lost: 0.500, li_recovered:  3.452
L: 1.47, u_super: 0.00163, sec: 5937.715, prod: 0.001063, t_ads: 782.0, t_des: 477.0, bed_util_ads: 0.504, bed_util_des: 0.485, frac_lost: 0.500, li_recovered:  1.338
L: 2.31, u_super: 0.00119, sec: 1969.053, prod: 0.001696, t_ads: 2177.0, t_des: 2492.0, bed_util_ads: 0.430, bed_util_des: 0.319, frac_lost: 0.500, li_recovered:  7.920
L: 3.22, u_super: 0.00609, sec: 65983.758, prod: 0.001413, t_ads: 465.0, t_des: 365.0, bed_util_ads: 0.477, bed_util_des: 0.460, frac_lost: 0.500, li_recovered:  1.173
L: 0.64, u_super: 0.00526, sec: 54501.625, prod: 0.001262, t_ads: 109.0, t_des: 688.0, bed_util_ads: 0.255, bed_util_des: 0.240, frac_lost: 0.501, li_recovered:  1.006
L: 0.72, u_super: 0.00637, sec: 58353.629, prod: 0.001754, t_ads: 99.0, t_des: 118.0, bed_util_ads: 0.435, bed_util_des: 0.429, frac_lost: 0.502, li_recovered:  0.381
L: 2.58, u_super: 0.00261, sec: 10648.773, prod: 0.001538, t_ads: 902.0, t_des: 774.0, bed_util_ads: 0.459, bed_util_des: 0.423, frac_lost: 0.500, li_recovered:  2.578
L: 2.28, u_super: 0.00508, sec: 34926.082, prod: 0.001836, t_ads: 408.0, t_des: 576.0, bed_util_ads: 0.407, bed_util_des: 0.381, frac_lost: 0.501, li_recovered:  1.807
L: 1.02, u_super: 0.00812, sec: 92985.062, prod: 0.001833, t_ads: 111.0, t_des: 255.0, bed_util_ads: 0.357, bed_util_des: 0.348, frac_lost: 0.501, li_recovered:  0.671
L: 3.25, u_super: 0.00194, sec: 6124.492, prod: 0.001458, t_ads: 1618.0, t_des: 1285.0, bed_util_ads: 0.464, bed_util_des: 0.405, frac_lost: 0.500, li_recovered:  4.232
L: 1.17, u_super: 0.00085, sec: 1231.686, prod: 0.001385, t_ads: 1263.0, t_des: 943.0, bed_util_ads: 0.473, bed_util_des: 0.430, frac_lost: 0.500, li_recovered:  3.055
L: 3.51, u_super: 0.00868, sec: 133911.578, prod: 0.001465, t_ads: 387.0, t_des: 1697.0, bed_util_ads: 0.289, bed_util_des: 0.247, frac_lost: 0.501, li_recovered:  3.054
L: 1.46, u_super: 0.00012, sec: 61.569, prod: 0.000541, t_ads: 19720.0, t_des: 14590.0, bed_util_ads: 0.589, bed_util_des: 0.330, frac_lost: 0.500, li_recovered:  18.557
L: 3.02, u_super: 0.00828, sec: 219419.469, prod: 0.000809, t_ads: 359.0, t_des: 4313.0, bed_util_ads: 0.208, bed_util_des: 0.155, frac_lost: 0.501, li_recovered:  3.779
L: 1.25, u_super: 0.00635, sec: 55861.078, prod: 0.001821, t_ads: 175.0, t_des: 236.0, bed_util_ads: 0.417, bed_util_des: 0.406, frac_lost: 0.502, li_recovered:  0.748
L: 3.87, u_super: 0.00153, sec: 3425.503, prod: 0.001622, t_ads: 3474.0, t_des: 4692.0, bed_util_ads: 0.437, bed_util_des: 0.251, frac_lost: 0.500, li_recovered:  13.244
L: 3.63, u_super: 0.00421, sec: 24158.027, prod: 0.001804, t_ads: 865.0, t_des: 1724.0, bed_util_ads: 0.368, bed_util_des: 0.303, frac_lost: 0.500, li_recovered:  4.670
L: 0.59, u_super: 0.00668, sec: 71355.562, prod: 0.001588, t_ads: 77.0, t_des: 73.0, bed_util_ads: 0.464, bed_util_des: 0.461, frac_lost: 0.504, li_recovered:  0.238
L: 3.39, u_super: 0.00877, sec: 108963.719, prod: 0.001840, t_ads: 355.0, t_des: 731.0, bed_util_ads: 0.365, bed_util_des: 0.337, frac_lost: 0.501, li_recovered:  1.998
L: 1.36, u_super: 0.00762, sec: 320468.250, prod: 0.000465, t_ads: 166.0, t_des: 4353.0, bed_util_ads: 0.151, bed_util_des: 0.122, frac_lost: 0.501, li_recovered:  2.102
L: 3.41, u_super: 0.00067, sec: 1322.965, prod: 0.000787, t_ads: 5214.0, t_des: 3152.0, bed_util_ads: 0.508, bed_util_des: 0.416, frac_lost: 0.500, li_recovered:  6.588
L: 1.08, u_super: 0.00375, sec: 38911.664, prod: 0.000879, t_ads: 274.0, t_des: 2984.0, bed_util_ads: 0.212, bed_util_des: 0.172, frac_lost: 0.501, li_recovered:  2.864
L: 2.92, u_super: 0.00181, sec: 4977.419, prod: 0.001561, t_ads: 2093.0, t_des: 5269.0, bed_util_ads: 0.371, bed_util_des: 0.210, frac_lost: 0.500, li_recovered:  11.491
L: 0.52, u_super: 0.00264, sec: 14105.726, prod: 0.001183, t_ads: 181.0, t_des: 1258.0, bed_util_ads: 0.246, bed_util_des: 0.222, frac_lost: 0.501, li_recovered:  1.702
L: 0.87, u_super: 0.00629, sec: 99903.438, prod: 0.000998, t_ads: 126.0, t_des: 1179.0, bed_util_ads: 0.221, bed_util_des: 0.203, frac_lost: 0.503, li_recovered:  1.302
L: 3.04, u_super: 0.00649, sec: 77805.359, prod: 0.001370, t_ads: 458.0, t_des: 2271.0, bed_util_ads: 0.279, bed_util_des: 0.227, frac_lost: 0.500, li_recovered:  3.738
L: 3.54, u_super: 0.00628, sec: 57508.676, prod: 0.001728, t_ads: 509.0, t_des: 559.0, bed_util_ads: 0.435, bed_util_des: 0.409, frac_lost: 0.500, li_recovered:  1.845
L: 1.70, u_super: 0.00541, sec: 145294.047, prod: 0.000501, t_ads: 308.0, t_des: 7062.0, bed_util_ads: 0.166, bed_util_des: 0.114, frac_lost: 0.500, li_recovered:  3.695
L: 3.99, u_super: 0.00245, sec: 11835.888, prod: 0.001210, t_ads: 2387.0, t_des: 9980.0, bed_util_ads: 0.353, bed_util_des: 0.143, frac_lost: 0.500, li_recovered:  14.970
L: 0.76, u_super: 0.00259, sec: 8721.856, prod: 0.001845, t_ads: 261.0, t_des: 388.0, bed_util_ads: 0.403, bed_util_des: 0.386, frac_lost: 0.501, li_recovered:  1.197
L: 2.94, u_super: 0.00132, sec: 2653.373, prod: 0.001542, t_ads: 3287.0, t_des: 6548.0, bed_util_ads: 0.413, bed_util_des: 0.201, frac_lost: 0.500, li_recovered:  15.169
L: 1.97, u_super: 0.00660, sec: 80947.562, prod: 0.001363, t_ads: 280.0, t_des: 1464.0, bed_util_ads: 0.272, bed_util_des: 0.239, frac_lost: 0.501, li_recovered:  2.377
==========================================================
n_gen  |  n_eval  | n_nds  |      eps      |   indicator  
==========================================================
     1 |       40 |      4 |             - |             -
L: 2.30, u_super: 0.00119, sec: 2628.175, prod: 0.001271, t_ads: 1825.0, t_des: 1272.0, bed_util_ads: 0.480, bed_util_des: 0.425, frac_lost: 0.500, li_recovered:  3.936
L: 1.73, u_super: 0.00875, sec: 123137.500, prod: 0.001619, t_ads: 174.0, t_des: 169.0, bed_util_ads: 0.457, bed_util_des: 0.450, frac_lost: 0.502, li_recovered:  0.555
L: 2.59, u_super: 0.00261, sec: 10943.970, prod: 0.001499, t_ads: 903.0, t_des: 746.0, bed_util_ads: 0.464, bed_util_des: 0.429, frac_lost: 0.500, li_recovered:  2.472
L: 3.63, u_super: 0.00408, sec: 22614.482, prod: 0.001804, t_ads: 897.0, t_des: 1760.0, bed_util_ads: 0.370, bed_util_des: 0.303, frac_lost: 0.500, li_recovered:  4.794
L: 1.21, u_super: 0.00635, sec: 55812.125, prod: 0.001823, t_ads: 169.0, t_des: 229.0, bed_util_ads: 0.417, bed_util_des: 0.406, frac_lost: 0.502, li_recovered:  0.725
L: 3.25, u_super: 0.00190, sec: 5891.179, prod: 0.001449, t_ads: 1657.0, t_des: 1307.0, bed_util_ads: 0.465, bed_util_des: 0.405, frac_lost: 0.500, li_recovered:  4.296
L: 1.46, u_super: 0.00012, sec: 66.179, prod: 0.000503, t_ads: 17066.0, t_des: 11722.0, bed_util_ads: 0.566, bed_util_des: 0.364, frac_lost: 0.500, li_recovered:  14.486
L: 0.71, u_super: 0.00666, sec: 71532.266, prod: 0.001574, t_ads: 93.0, t_des: 87.0, bed_util_ads: 0.465, bed_util_des: 0.461, frac_lost: 0.503, li_recovered:  0.283
L: 0.85, u_super: 0.00174, sec: 3870.085, prod: 0.001856, t_ads: 448.0, t_des: 736.0, bed_util_ads: 0.389, bed_util_des: 0.358, frac_lost: 0.500, li_recovered:  2.198
L: 3.38, u_super: 0.00500, sec: 34453.477, prod: 0.001800, t_ads: 626.0, t_des: 790.0, bed_util_ads: 0.417, bed_util_des: 0.381, frac_lost: 0.500, li_recovered:  2.548
L: 1.25, u_super: 0.00505, sec: 34001.312, prod: 0.001864, t_ads: 222.0, t_des: 390.0, bed_util_ads: 0.385, bed_util_des: 0.369, frac_lost: 0.501, li_recovered:  1.141
L: 0.97, u_super: 0.00163, sec: 3954.334, prod: 0.001589, t_ads: 593.0, t_des: 2036.0, bed_util_ads: 0.314, bed_util_des: 0.256, frac_lost: 0.500, li_recovered:  4.179
L: 3.39, u_super: 0.00880, sec: 109617.062, prod: 0.001841, t_ads: 354.0, t_des: 730.0, bed_util_ads: 0.365, bed_util_des: 0.337, frac_lost: 0.501, li_recovered:  1.996
L: 3.44, u_super: 0.00628, sec: 57450.312, prod: 0.001730, t_ads: 495.0, t_des: 547.0, bed_util_ads: 0.434, bed_util_des: 0.409, frac_lost: 0.500, li_recovered:  1.803
L: 4.00, u_super: 0.00108, sec: 2179.696, prod: 0.001249, t_ads: 7476.0, t_des: 13225.0, bed_util_ads: 0.505, bed_util_des: 0.143, frac_lost: 0.500, li_recovered:  25.860
L: 1.23, u_super: 0.00259, sec: 8684.715, prod: 0.001857, t_ads: 436.0, t_des: 737.0, bed_util_ads: 0.386, bed_util_des: 0.355, frac_lost: 0.500, li_recovered:  2.178
L: 2.92, u_super: 0.00693, sec: 98238.773, prod: 0.001242, t_ads: 411.0, t_des: 2482.0, bed_util_ads: 0.262, bed_util_des: 0.211, frac_lost: 0.500, li_recovered:  3.593
L: 3.41, u_super: 0.00143, sec: 2918.178, prod: 0.001650, t_ads: 3014.0, t_des: 3614.0, bed_util_ads: 0.437, bed_util_des: 0.284, frac_lost: 0.500, li_recovered:  10.934
L: 1.47, u_super: 0.00682, sec: 96204.070, prod: 0.001229, t_ads: 198.0, t_des: 1280.0, bed_util_ads: 0.252, bed_util_des: 0.227, frac_lost: 0.501, li_recovered:  1.816
L: 3.82, u_super: 0.00384, sec: 19783.686, prod: 0.001823, t_ads: 999.0, t_des: 1622.0, bed_util_ads: 0.389, bed_util_des: 0.322, frac_lost: 0.500, li_recovered:  4.779
L: 1.17, u_super: 0.00085, sec: 957.268, prod: 0.001782, t_ads: 1442.0, t_des: 1948.0, bed_util_ads: 0.409, bed_util_des: 0.325, frac_lost: 0.500, li_recovered:  6.040
L: 3.64, u_super: 0.00156, sec: 3529.373, prod: 0.001642, t_ads: 3151.0, t_des: 4655.0, bed_util_ads: 0.426, bed_util_des: 0.247, frac_lost: 0.500, li_recovered:  12.815
L: 0.54, u_super: 0.00263, sec: 11575.961, prod: 0.001439, t_ads: 185.0, t_des: 881.0, bed_util_ads: 0.280, bed_util_des: 0.259, frac_lost: 0.500, li_recovered:  1.534
L: 1.25, u_super: 0.00263, sec: 9093.476, prod: 0.001832, t_ads: 433.0, t_des: 608.0, bed_util_ads: 0.407, bed_util_des: 0.380, frac_lost: 0.500, li_recovered:  1.907
L: 0.67, u_super: 0.00631, sec: 56747.863, prod: 0.001768, t_ads: 93.0, t_des: 112.0, bed_util_ads: 0.434, bed_util_des: 0.429, frac_lost: 0.502, li_recovered:  0.363
L: 3.09, u_super: 0.00819, sec: 152889.688, prod: 0.001135, t_ads: 365.0, t_des: 2603.0, bed_util_ads: 0.247, bed_util_des: 0.200, frac_lost: 0.500, li_recovered:  3.369
L: 2.30, u_super: 0.00877, sec: 109857.484, prod: 0.001825, t_ads: 236.0, t_des: 531.0, bed_util_ads: 0.357, bed_util_des: 0.337, frac_lost: 0.500, li_recovered:  1.400
L: 2.28, u_super: 0.00638, sec: 57308.781, prod: 0.001792, t_ads: 320.0, t_des: 399.0, bed_util_ads: 0.423, bed_util_des: 0.405, frac_lost: 0.501, li_recovered:  1.288
L: 3.92, u_super: 0.00080, sec: 3151.197, prod: 0.000473, t_ads: 4119.0, t_des: 1784.0, bed_util_ads: 0.520, bed_util_des: 0.481, frac_lost: 0.500, li_recovered:  2.792
L: 3.33, u_super: 0.00065, sec: 1177.500, prod: 0.000845, t_ads: 5471.0, t_des: 3516.0, bed_util_ads: 0.507, bed_util_des: 0.401, frac_lost: 0.500, li_recovered:  7.598
L: 3.22, u_super: 0.00609, sec: 66056.734, prod: 0.001411, t_ads: 466.0, t_des: 365.0, bed_util_ads: 0.477, bed_util_des: 0.460, frac_lost: 0.501, li_recovered:  1.173
L: 0.62, u_super: 0.00248, sec: 12148.016, prod: 0.001215, t_ads: 230.0, t_des: 1504.0, bed_util_ads: 0.252, bed_util_des: 0.222, frac_lost: 0.500, li_recovered:  2.106
L: 0.74, u_super: 0.00185, sec: 4427.054, prod: 0.001833, t_ads: 361.0, t_des: 505.0, bed_util_ads: 0.408, bed_util_des: 0.386, frac_lost: 0.501, li_recovered:  1.588
L: 3.82, u_super: 0.00185, sec: 4797.553, prod: 0.001699, t_ads: 2524.0, t_des: 3412.0, bed_util_ads: 0.421, bed_util_des: 0.280, frac_lost: 0.500, li_recovered:  10.085
L: 2.08, u_super: 0.00402, sec: 30390.709, prod: 0.001304, t_ads: 515.0, t_des: 2774.0, bed_util_ads: 0.273, bed_util_des: 0.213, frac_lost: 0.500, li_recovered:  4.287
L: 3.03, u_super: 0.00007, sec: 61.801, prod: 0.000177, t_ads: 91124.0, t_des: 61576.0, bed_util_ads: 0.709, bed_util_des: 0.330, frac_lost: 0.500, li_recovered:  27.074
L: 2.31, u_super: 0.00116, sec: 1849.917, prod: 0.001704, t_ads: 2321.0, t_des: 2844.0, bed_util_ads: 0.426, bed_util_des: 0.303, frac_lost: 0.500, li_recovered:  8.801
L: 3.87, u_super: 0.00163, sec: 3811.736, prod: 0.001641, t_ads: 3219.0, t_des: 4543.0, bed_util_ads: 0.430, bed_util_des: 0.252, frac_lost: 0.500, li_recovered:  12.735
L: 1.48, u_super: 0.00007, sec: 31.036, prod: 0.000321, t_ads: 41522.0, t_des: 29410.0, bed_util_ads: 0.648, bed_util_des: 0.330, frac_lost: 0.500, li_recovered:  22.750
L: 1.46, u_super: 0.00478, sec: 46660.246, prod: 0.001210, t_ads: 266.0, t_des: 182.0, bed_util_ads: 0.498, bed_util_des: 0.491, frac_lost: 0.501, li_recovered:  0.542
     2 |       80 |      6 |  0.0122626904 |         ideal
L: 1.27, u_super: 0.00163, sec: 3864.677, prod: 0.001618, t_ads: 807.0, t_des: 2503.0, bed_util_ads: 0.326, bed_util_des: 0.252, frac_lost: 0.500, li_recovered:  5.356
L: 1.21, u_super: 0.00263, sec: 9403.175, prod: 0.001772, t_ads: 414.0, t_des: 494.0, bed_util_ads: 0.426, bed_util_des: 0.404, frac_lost: 0.500, li_recovered:  1.609
L: 3.24, u_super: 0.00620, sec: 55894.770, prod: 0.001732, t_ads: 501.0, t_des: 1356.0, bed_util_ads: 0.336, bed_util_des: 0.291, frac_lost: 0.501, li_recovered:  3.217
L: 3.63, u_super: 0.00415, sec: 23405.088, prod: 0.001804, t_ads: 880.0, t_des: 1741.0, bed_util_ads: 0.369, bed_util_des: 0.303, frac_lost: 0.500, li_recovered:  4.728
L: 2.17, u_super: 0.00012, sec: 88.511, prod: 0.000409, t_ads: 31497.0, t_des: 23006.0, bed_util_ads: 0.632, bed_util_des: 0.320, frac_lost: 0.500, li_recovered:  22.266
L: 0.99, u_super: 0.00174, sec: 3875.304, prod: 0.001852, t_ads: 527.0, t_des: 844.0, bed_util_ads: 0.391, bed_util_des: 0.356, frac_lost: 0.500, li_recovered:  2.539
L: 3.87, u_super: 0.00138, sec: 2855.020, prod: 0.001582, t_ads: 3824.0, t_des: 4457.0, bed_util_ads: 0.451, bed_util_des: 0.268, frac_lost: 0.500, li_recovered:  13.103
L: 1.45, u_super: 0.00880, sec: 111238.477, prod: 0.001814, t_ads: 147.0, t_des: 358.0, bed_util_ads: 0.350, bed_util_des: 0.337, frac_lost: 0.503, li_recovered:  0.916
L: 3.75, u_super: 0.00837, sec: 98445.852, prod: 0.001844, t_ads: 415.0, t_des: 828.0, bed_util_ads: 0.368, bed_util_des: 0.336, frac_lost: 0.501, li_recovered:  2.292
L: 3.32, u_super: 0.00006, sec: 56.943, prod: 0.000145, t_ads: 123152.0, t_des: 82064.0, bed_util_ads: 0.736, bed_util_des: 0.321, frac_lost: 0.500, li_recovered:  29.659
L: 1.21, u_super: 0.00635, sec: 56240.250, prod: 0.001809, t_ads: 169.0, t_des: 220.0, bed_util_ads: 0.421, bed_util_des: 0.412, frac_lost: 0.503, li_recovered:  0.704
L: 0.76, u_super: 0.00127, sec: 2705.335, prod: 0.001399, t_ads: 526.0, t_des: 407.0, bed_util_ads: 0.477, bed_util_des: 0.459, frac_lost: 0.500, li_recovered:  1.305
L: 1.23, u_super: 0.00334, sec: 14525.595, prod: 0.001861, t_ads: 334.0, t_des: 581.0, bed_util_ads: 0.384, bed_util_des: 0.360, frac_lost: 0.500, li_recovered:  1.703
L: 3.68, u_super: 0.00119, sec: 2182.179, prod: 0.001531, t_ads: 4469.0, t_des: 5169.0, bed_util_ads: 0.462, bed_util_des: 0.256, frac_lost: 0.500, li_recovered:  14.753
L: 3.49, u_super: 0.00067, sec: 1343.649, prod: 0.000775, t_ads: 5342.0, t_des: 3220.0, bed_util_ads: 0.509, bed_util_des: 0.416, frac_lost: 0.500, li_recovered:  6.639
L: 1.12, u_super: 0.00185, sec: 5160.577, prod: 0.001573, t_ads: 606.0, t_des: 2134.0, bed_util_ads: 0.312, bed_util_des: 0.252, frac_lost: 0.500, li_recovered:  4.309
L: 3.40, u_super: 0.00376, sec: 19088.668, prod: 0.001810, t_ads: 909.0, t_des: 1732.0, bed_util_ads: 0.373, bed_util_des: 0.306, frac_lost: 0.500, li_recovered:  4.780
L: 1.42, u_super: 0.00018, sec: 97.108, prod: 0.000759, t_ads: 11779.0, t_des: 8989.0, bed_util_ads: 0.550, bed_util_des: 0.330, frac_lost: 0.500, li_recovered:  15.767
L: 3.82, u_super: 0.00259, sec: 9421.311, prod: 0.001712, t_ads: 1501.0, t_des: 1634.0, bed_util_ads: 0.431, bed_util_des: 0.355, frac_lost: 0.500, li_recovered:  5.367
L: 3.03, u_super: 0.00096, sec: 1540.511, prod: 0.001411, t_ads: 3819.0, t_des: 3331.0, bed_util_ads: 0.471, bed_util_des: 0.330, frac_lost: 0.500, li_recovered:  10.085
L: 1.28, u_super: 0.00401, sec: 21935.584, prod: 0.001798, t_ads: 283.0, t_des: 363.0, bed_util_ads: 0.420, bed_util_des: 0.404, frac_lost: 0.501, li_recovered:  1.162
L: 1.25, u_super: 0.00548, sec: 41568.004, prod: 0.001806, t_ads: 202.0, t_des: 267.0, bed_util_ads: 0.418, bed_util_des: 0.406, frac_lost: 0.500, li_recovered:  0.847
L: 1.41, u_super: 0.00178, sec: 4134.899, prod: 0.001820, t_ads: 750.0, t_des: 1020.0, bed_util_ads: 0.408, bed_util_des: 0.363, frac_lost: 0.500, li_recovered:  3.221
L: 0.84, u_super: 0.00163, sec: 3990.209, prod: 0.001577, t_ads: 499.0, t_des: 1792.0, bed_util_ads: 0.309, bed_util_des: 0.258, frac_lost: 0.500, li_recovered:  3.612
L: 1.38, u_super: 0.00010, sec: 45.330, prod: 0.000473, t_ads: 23973.0, t_des: 17533.0, bed_util_ads: 0.605, bed_util_des: 0.330, frac_lost: 0.500, li_recovered:  19.644
L: 3.43, u_super: 0.00007, sec: 65.686, prod: 0.000152, t_ads: 111170.0, t_des: 74202.0, bed_util_ads: 0.723, bed_util_des: 0.330, frac_lost: 0.500, li_recovered:  28.092
L: 3.28, u_super: 0.00072, sec: 1439.722, prod: 0.000852, t_ads: 4591.0, t_des: 2818.0, bed_util_ads: 0.505, bed_util_des: 0.416, frac_lost: 0.500, li_recovered:  6.313
L: 4.00, u_super: 0.00108, sec: 2130.049, prod: 0.001278, t_ads: 7332.0, t_des: 12309.0, bed_util_ads: 0.503, bed_util_des: 0.152, frac_lost: 0.500, li_recovered:  25.108
L: 2.42, u_super: 0.00877, sec: 110406.367, prod: 0.001816, t_ads: 250.0, t_des: 581.0, bed_util_ads: 0.353, bed_util_des: 0.332, frac_lost: 0.501, li_recovered:  1.509
L: 0.97, u_super: 0.00260, sec: 10789.031, prod: 0.001507, t_ads: 354.0, t_des: 1467.0, bed_util_ads: 0.294, bed_util_des: 0.256, frac_lost: 0.501, li_recovered:  2.744
L: 1.25, u_super: 0.00635, sec: 55576.684, prod: 0.001830, t_ads: 175.0, t_des: 242.0, bed_util_ads: 0.414, bed_util_des: 0.403, frac_lost: 0.502, li_recovered:  0.763
L: 2.26, u_super: 0.00396, sec: 20981.658, prod: 0.001824, t_ads: 541.0, t_des: 1122.0, bed_util_ads: 0.363, bed_util_des: 0.321, frac_lost: 0.500, li_recovered:  3.034
L: 1.17, u_super: 0.00505, sec: 33916.789, prod: 0.001869, t_ads: 208.0, t_des: 374.0, bed_util_ads: 0.383, bed_util_des: 0.367, frac_lost: 0.502, li_recovered:  1.088
L: 3.52, u_super: 0.00163, sec: 4362.592, prod: 0.001434, t_ads: 2201.0, t_des: 1748.0, bed_util_ads: 0.465, bed_util_des: 0.386, frac_lost: 0.500, li_recovered:  5.661
L: 1.17, u_super: 0.00093, sec: 1157.765, prod: 0.001754, t_ads: 1386.0, t_des: 2686.0, bed_util_ads: 0.376, bed_util_des: 0.276, frac_lost: 0.500, li_recovered:  7.143
L: 2.32, u_super: 0.00508, sec: 35009.504, prod: 0.001832, t_ads: 415.0, t_des: 583.0, bed_util_ads: 0.407, bed_util_des: 0.381, frac_lost: 0.500, li_recovered:  1.829
L: 1.57, u_super: 0.00085, sec: 1069.135, prod: 0.001595, t_ads: 1887.0, t_des: 1741.0, bed_util_ads: 0.448, bed_util_des: 0.367, frac_lost: 0.500, li_recovered:  5.788
L: 3.40, u_super: 0.00067, sec: 926.549, prod: 0.001135, t_ads: 7750.0, t_des: 6839.0, bed_util_ads: 0.519, bed_util_des: 0.287, frac_lost: 0.500, li_recovered:  16.558
L: 0.74, u_super: 0.00185, sec: 4462.020, prod: 0.001819, t_ads: 369.0, t_des: 820.0, bed_util_ads: 0.357, bed_util_des: 0.326, frac_lost: 0.500, li_recovered:  2.163
L: 3.36, u_super: 0.00411, sec: 24112.014, prod: 0.001714, t_ads: 756.0, t_des: 805.0, bed_util_ads: 0.435, bed_util_des: 0.398, frac_lost: 0.500, li_recovered:  2.675
     3 |      120 |     10 |  0.0030009108 |         ideal
L: 2.11, u_super: 0.00485, sec: 32318.996, prod: 0.001805, t_ads: 403.0, t_des: 927.0, bed_util_ads: 0.353, bed_util_des: 0.319, frac_lost: 0.500, li_recovered:  2.401
L: 1.23, u_super: 0.00075, sec: 786.013, prod: 0.001679, t_ads: 1688.0, t_des: 1748.0, bed_util_ads: 0.436, bed_util_des: 0.355, frac_lost: 0.500, li_recovered:  5.770
L: 1.00, u_super: 0.00014, sec: 60.753, prod: 0.000788, t_ads: 9071.0, t_des: 6561.0, bed_util_ads: 0.530, bed_util_des: 0.357, frac_lost: 0.500, li_recovered:  12.324
L: 0.76, u_super: 0.00170, sec: 3694.383, prod: 0.001860, t_ads: 409.0, t_des: 687.0, bed_util_ads: 0.387, bed_util_des: 0.358, frac_lost: 0.501, li_recovered:  2.038
L: 1.25, u_super: 0.00505, sec: 34714.988, prod: 0.001826, t_ads: 223.0, t_des: 503.0, bed_util_ads: 0.357, bed_util_des: 0.338, frac_lost: 0.500, li_recovered:  1.325
L: 3.99, u_super: 0.00036, sec: 516.132, prod: 0.000575, t_ads: 17482.0, t_des: 12909.0, bed_util_ads: 0.579, bed_util_des: 0.334, frac_lost: 0.500, li_recovered:  17.462
L: 1.19, u_super: 0.00071, sec: 707.812, prod: 0.001673, t_ads: 1730.0, t_des: 1778.0, bed_util_ads: 0.437, bed_util_des: 0.355, frac_lost: 0.500, li_recovered:  5.869
L: 1.24, u_super: 0.00020, sec: 99.822, prod: 0.000909, t_ads: 8809.0, t_des: 6862.0, bed_util_ads: 0.529, bed_util_des: 0.330, frac_lost: 0.500, li_recovered:  14.245
L: 3.40, u_super: 0.00067, sec: 926.604, prod: 0.001135, t_ads: 7751.0, t_des: 6840.0, bed_util_ads: 0.519, bed_util_des: 0.287, frac_lost: 0.500, li_recovered:  16.560
L: 3.52, u_super: 0.00042, sec: 616.583, prod: 0.000665, t_ads: 10823.0, t_des: 7491.0, bed_util_ads: 0.538, bed_util_des: 0.368, frac_lost: 0.500, li_recovered:  12.177
L: 1.46, u_super: 0.00012, sec: 63.691, prod: 0.000523, t_ads: 18353.0, t_des: 13129.0, bed_util_ads: 0.577, bed_util_des: 0.347, frac_lost: 0.500, li_recovered:  16.460
L: 1.12, u_super: 0.00807, sec: 91168.289, prod: 0.001845, t_ads: 123.0, t_des: 262.0, bed_util_ads: 0.365, bed_util_des: 0.355, frac_lost: 0.500, li_recovered:  0.710
L: 1.18, u_super: 0.00831, sec: 185206.531, prod: 0.000966, t_ads: 128.0, t_des: 1251.0, bed_util_ads: 0.217, bed_util_des: 0.198, frac_lost: 0.500, li_recovered:  1.333
L: 1.45, u_super: 0.00007, sec: 32.627, prod: 0.000305, t_ads: 34500.0, t_des: 23133.0, bed_util_ads: 0.611, bed_util_des: 0.365, frac_lost: 0.500, li_recovered:  17.583
L: 2.97, u_super: 0.00859, sec: 104303.023, prod: 0.001837, t_ads: 316.0, t_des: 669.0, bed_util_ads: 0.362, bed_util_des: 0.337, frac_lost: 0.501, li_recovered:  1.809
L: 1.04, u_super: 0.00174, sec: 3878.794, prod: 0.001850, t_ads: 563.0, t_des: 959.0, bed_util_ads: 0.384, bed_util_des: 0.345, frac_lost: 0.500, li_recovered:  2.816
L: 1.18, u_super: 0.00139, sec: 2528.229, prod: 0.001804, t_ads: 804.0, t_des: 1033.0, bed_util_ads: 0.414, bed_util_des: 0.367, frac_lost: 0.500, li_recovered:  3.314
L: 3.28, u_super: 0.00257, sec: 10525.232, prod: 0.001500, t_ads: 1193.0, t_des: 982.0, bed_util_ads: 0.462, bed_util_des: 0.416, frac_lost: 0.500, li_recovered:  3.263
L: 3.32, u_super: 0.00006, sec: 59.340, prod: 0.000139, t_ads: 108955.0, t_des: 71245.0, bed_util_ads: 0.703, bed_util_des: 0.353, frac_lost: 0.500, li_recovered:  24.992
L: 1.50, u_super: 0.00811, sec: 92165.094, prod: 0.001842, t_ads: 165.0, t_des: 360.0, bed_util_ads: 0.361, bed_util_des: 0.348, frac_lost: 0.502, li_recovered:  0.967
L: 0.84, u_super: 0.00263, sec: 8985.854, prod: 0.001845, t_ads: 288.0, t_des: 422.0, bed_util_ads: 0.404, bed_util_des: 0.386, frac_lost: 0.501, li_recovered:  1.310
L: 2.32, u_super: 0.00508, sec: 34673.395, prod: 0.001850, t_ads: 417.0, t_des: 639.0, bed_util_ads: 0.397, bed_util_des: 0.370, frac_lost: 0.500, li_recovered:  1.954
L: 3.75, u_super: 0.00837, sec: 207012.609, prod: 0.000877, t_ads: 453.0, t_des: 4728.0, bed_util_ads: 0.221, bed_util_des: 0.158, frac_lost: 0.500, li_recovered:  4.544
L: 3.19, u_super: 0.00170, sec: 3967.379, prod: 0.001724, t_ads: 2221.0, t_des: 3062.0, bed_util_ads: 0.415, bed_util_des: 0.288, frac_lost: 0.500, li_recovered:  9.109
L: 3.57, u_super: 0.00263, sec: 10051.504, prod: 0.001657, t_ads: 1326.0, t_des: 1304.0, bed_util_ads: 0.441, bed_util_des: 0.380, frac_lost: 0.500, li_recovered:  4.359
L: 2.55, u_super: 0.00012, sec: 101.629, prod: 0.000356, t_ads: 38203.0, t_des: 27554.0, bed_util_ads: 0.647, bed_util_des: 0.320, frac_lost: 0.500, li_recovered:  23.396
L: 3.49, u_super: 0.00059, sec: 1150.810, prod: 0.000715, t_ads: 6053.0, t_des: 3605.0, bed_util_ads: 0.513, bed_util_des: 0.416, frac_lost: 0.500, li_recovered:  6.902
L: 1.29, u_super: 0.00505, sec: 35627.621, prod: 0.001779, t_ads: 226.0, t_des: 275.0, bed_util_ads: 0.428, bed_util_des: 0.416, frac_lost: 0.502, li_recovered:  0.891
L: 3.33, u_super: 0.00113, sec: 2552.160, prod: 0.001176, t_ads: 3002.0, t_des: 2086.0, bed_util_ads: 0.485, bed_util_des: 0.401, frac_lost: 0.500, li_recovered:  5.984
L: 3.03, u_super: 0.00096, sec: 1526.022, prod: 0.001424, t_ads: 3863.0, t_des: 3422.0, bed_util_ads: 0.470, bed_util_des: 0.325, frac_lost: 0.500, li_recovered:  10.373
L: 3.74, u_super: 0.00259, sec: 9173.929, prod: 0.001758, t_ads: 1503.0, t_des: 1849.0, bed_util_ads: 0.419, bed_util_des: 0.336, frac_lost: 0.500, li_recovered:  5.893
L: 1.01, u_super: 0.00065, sec: 569.584, prod: 0.001711, t_ads: 1628.0, t_des: 1792.0, bed_util_ads: 0.430, bed_util_des: 0.348, frac_lost: 0.500, li_recovered:  5.853
L: 0.99, u_super: 0.00505, sec: 34018.023, prod: 0.001863, t_ads: 175.0, t_des: 322.0, bed_util_ads: 0.380, bed_util_des: 0.367, frac_lost: 0.501, li_recovered:  0.926
L: 1.21, u_super: 0.00324, sec: 13781.144, prod: 0.001846, t_ads: 337.0, t_des: 501.0, bed_util_ads: 0.402, bed_util_des: 0.380, frac_lost: 0.500, li_recovered:  1.547
L: 3.32, u_super: 0.00006, sec: 53.822, prod: 0.000137, t_ads: 130218.0, t_des: 86379.0, bed_util_ads: 0.739, bed_util_des: 0.323, frac_lost: 0.500, li_recovered:  29.732
L: 1.48, u_super: 0.00027, sec: 198.431, prod: 0.000881, t_ads: 6228.0, t_des: 4284.0, bed_util_ads: 0.510, bed_util_des: 0.380, frac_lost: 0.500, li_recovered:  9.266
L: 1.20, u_super: 0.00511, sec: 34685.359, prod: 0.001867, t_ads: 211.0, t_des: 378.0, bed_util_ads: 0.383, bed_util_des: 0.367, frac_lost: 0.502, li_recovered:  1.100
L: 2.32, u_super: 0.00128, sec: 2244.397, prod: 0.001731, t_ads: 2057.0, t_des: 2651.0, bed_util_ads: 0.419, bed_util_des: 0.305, frac_lost: 0.500, li_recovered:  8.152
L: 2.22, u_super: 0.00508, sec: 34995.203, prod: 0.001832, t_ads: 405.0, t_des: 846.0, bed_util_ads: 0.363, bed_util_des: 0.331, frac_lost: 0.500, li_recovered:  2.292
L: 3.78, u_super: 0.00832, sec: 97237.305, prod: 0.001842, t_ads: 421.0, t_des: 836.0, bed_util_ads: 0.368, bed_util_des: 0.336, frac_lost: 0.500, li_recovered:  2.316
     4 |      160 |     10 |  0.0216587593 |             f
L: 1.46, u_super: 0.00008, sec: 41.166, prod: 0.000339, t_ads: 26717.0, t_des: 17598.0, bed_util_ads: 0.587, bed_util_des: 0.377, frac_lost: 0.500, li_recovered:  15.007
L: 1.48, u_super: 0.00045, sec: 321.839, prod: 0.001484, t_ads: 4584.0, t_des: 4736.0, bed_util_ads: 0.470, bed_util_des: 0.276, frac_lost: 0.500, li_recovered:  13.829
L: 1.45, u_super: 0.00075, sec: 831.155, prod: 0.001577, t_ads: 2015.0, t_des: 1829.0, bed_util_ads: 0.450, bed_util_des: 0.366, frac_lost: 0.500, li_recovered:  6.063
L: 1.34, u_super: 0.00089, sec: 1060.380, prod: 0.001763, t_ads: 1595.0, t_des: 2053.0, bed_util_ads: 0.415, bed_util_des: 0.325, frac_lost: 0.500, li_recovered:  6.430
L: 1.18, u_super: 0.00124, sec: 2153.229, prod: 0.001683, t_ads: 1008.0, t_des: 2634.0, bed_util_ads: 0.345, bed_util_des: 0.259, frac_lost: 0.500, li_recovered:  6.128
L: 2.95, u_super: 0.00098, sec: 1663.736, prod: 0.001361, t_ads: 3397.0, t_des: 2757.0, bed_util_ads: 0.473, bed_util_des: 0.356, frac_lost: 0.500, li_recovered:  8.374
L: 1.23, u_super: 0.00257, sec: 8757.719, prod: 0.001810, t_ads: 446.0, t_des: 1001.0, bed_util_ads: 0.355, bed_util_des: 0.319, frac_lost: 0.500, li_recovered:  2.619
L: 1.05, u_super: 0.00011, sec: 40.823, prod: 0.000646, t_ads: 15222.0, t_des: 11465.0, bed_util_ads: 0.570, bed_util_des: 0.329, frac_lost: 0.500, li_recovered:  17.248
L: 1.46, u_super: 0.00267, sec: 9303.001, prod: 0.001840, t_ads: 516.0, t_des: 1015.0, bed_util_ads: 0.369, bed_util_des: 0.330, frac_lost: 0.501, li_recovered:  2.817
L: 0.95, u_super: 0.00490, sec: 31833.070, prod: 0.001867, t_ads: 172.0, t_des: 318.0, bed_util_ads: 0.380, bed_util_des: 0.367, frac_lost: 0.502, li_recovered:  0.915
L: 0.90, u_super: 0.00071, sec: 850.523, prod: 0.001392, t_ads: 1156.0, t_des: 869.0, bed_util_ads: 0.473, bed_util_des: 0.434, frac_lost: 0.500, li_recovered:  2.820
L: 1.35, u_super: 0.00505, sec: 35002.074, prod: 0.001811, t_ads: 241.0, t_des: 569.0, bed_util_ads: 0.351, bed_util_des: 0.331, frac_lost: 0.500, li_recovered:  1.467
L: 1.48, u_super: 0.00152, sec: 3134.421, prod: 0.001743, t_ads: 925.0, t_des: 1036.0, bed_util_ads: 0.428, bed_util_des: 0.380, frac_lost: 0.500, li_recovered:  3.418
L: 1.04, u_super: 0.00174, sec: 3903.960, prod: 0.001839, t_ads: 556.0, t_des: 810.0, bed_util_ads: 0.401, bed_util_des: 0.366, frac_lost: 0.500, li_recovered:  2.511
L: 1.08, u_super: 0.00007, sec: 27.235, prod: 0.000370, t_ads: 21922.0, t_des: 14211.0, bed_util_ads: 0.571, bed_util_des: 0.384, frac_lost: 0.500, li_recovered:  13.365
L: 1.20, u_super: 0.00472, sec: 30383.465, prod: 0.001808, t_ads: 231.0, t_des: 555.0, bed_util_ads: 0.350, bed_util_des: 0.330, frac_lost: 0.501, li_recovered:  1.421
L: 3.07, u_super: 0.00006, sec: 50.043, prod: 0.000148, t_ads: 118996.0, t_des: 79406.0, bed_util_ads: 0.733, bed_util_des: 0.323, frac_lost: 0.500, li_recovered:  29.291
L: 1.23, u_super: 0.00010, sec: 41.193, prod: 0.000520, t_ads: 20911.0, t_des: 15417.0, bed_util_ads: 0.594, bed_util_des: 0.330, frac_lost: 0.500, li_recovered:  18.882
L: 0.99, u_super: 0.00538, sec: 38833.348, prod: 0.001860, t_ads: 164.0, t_des: 314.0, bed_util_ads: 0.376, bed_util_des: 0.364, frac_lost: 0.501, li_recovered:  0.889
L: 1.42, u_super: 0.00018, sec: 98.027, prod: 0.000765, t_ads: 11631.0, t_des: 8883.0, bed_util_ads: 0.550, bed_util_des: 0.330, frac_lost: 0.500, li_recovered:  15.700
L: 1.48, u_super: 0.00027, sec: 190.151, prod: 0.000864, t_ads: 6463.0, t_des: 4439.0, bed_util_ads: 0.512, bed_util_des: 0.380, frac_lost: 0.500, li_recovered:  9.415
L: 3.44, u_super: 0.00005, sec: 55.884, prod: 0.000125, t_ads: 124866.0, t_des: 81142.0, bed_util_ads: 0.712, bed_util_des: 0.353, frac_lost: 0.500, li_recovered:  25.652
L: 2.40, u_super: 0.00085, sec: 1244.612, prod: 0.001364, t_ads: 3092.0, t_des: 2461.0, bed_util_ads: 0.472, bed_util_des: 0.366, frac_lost: 0.500, li_recovered:  7.572
L: 1.04, u_super: 0.00172, sec: 3822.256, prod: 0.001835, t_ads: 573.0, t_des: 1128.0, bed_util_ads: 0.369, bed_util_des: 0.325, frac_lost: 0.501, li_recovered:  3.121
L: 0.85, u_super: 0.00204, sec: 5342.611, prod: 0.001860, t_ads: 381.0, t_des: 667.0, bed_util_ads: 0.383, bed_util_des: 0.355, frac_lost: 0.500, li_recovered:  1.949
L: 1.41, u_super: 0.00138, sec: 2471.395, prod: 0.001810, t_ads: 1006.0, t_des: 1379.0, bed_util_ads: 0.406, bed_util_des: 0.346, frac_lost: 0.500, li_recovered:  4.317
L: 1.25, u_super: 0.00007, sec: 28.037, prod: 0.000355, t_ads: 30129.0, t_des: 20656.0, bed_util_ads: 0.608, bed_util_des: 0.356, frac_lost: 0.500, li_recovered:  18.031
L: 3.37, u_super: 0.00031, sec: 387.516, prod: 0.000559, t_ads: 15924.0, t_des: 11303.0, bed_util_ads: 0.566, bed_util_des: 0.353, frac_lost: 0.500, li_recovered:  15.206
L: 1.16, u_super: 0.00085, sec: 1074.690, prod: 0.001587, t_ads: 1302.0, t_des: 1171.0, bed_util_ads: 0.451, bed_util_des: 0.396, frac_lost: 0.500, li_recovered:  3.925
L: 3.43, u_super: 0.00042, sec: 759.839, prod: 0.000540, t_ads: 8362.0, t_des: 4757.0, bed_util_ads: 0.522, bed_util_des: 0.423, frac_lost: 0.500, li_recovered:  7.078
L: 1.23, u_super: 0.00075, sec: 753.819, prod: 0.001751, t_ads: 1795.0, t_des: 2329.0, bed_util_ads: 0.416, bed_util_des: 0.315, frac_lost: 0.500, li_recovered:  7.221
L: 1.44, u_super: 0.00014, sec: 74.729, prod: 0.000637, t_ads: 15874.0, t_des: 11999.0, bed_util_ads: 0.574, bed_util_des: 0.326, frac_lost: 0.500, li_recovered:  17.768
L: 1.42, u_super: 0.00018, sec: 106.235, prod: 0.000694, t_ads: 10186.0, t_des: 7088.0, bed_util_ads: 0.535, bed_util_des: 0.368, frac_lost: 0.500, li_recovered:  11.988
L: 1.46, u_super: 0.00406, sec: 21671.336, prod: 0.001860, t_ads: 326.0, t_des: 570.0, bed_util_ads: 0.383, bed_util_des: 0.360, frac_lost: 0.500, li_recovered:  1.667
L: 3.40, u_super: 0.00067, sec: 1029.459, prod: 0.001022, t_ads: 6488.0, t_des: 4981.0, bed_util_ads: 0.509, bed_util_des: 0.345, frac_lost: 0.500, li_recovered:  11.716
L: 2.38, u_super: 0.00119, sec: 2061.857, prod: 0.001620, t_ads: 2141.0, t_des: 2077.0, bed_util_ads: 0.445, bed_util_des: 0.349, frac_lost: 0.500, li_recovered:  6.833
L: 3.38, u_super: 0.00012, sec: 131.264, prod: 0.000254, t_ads: 48432.0, t_des: 32690.0, bed_util_ads: 0.643, bed_util_des: 0.355, frac_lost: 0.500, li_recovered:  20.625
L: 1.05, u_super: 0.00065, sec: 556.843, prod: 0.001751, t_ads: 1763.0, t_des: 2256.0, bed_util_ads: 0.417, bed_util_des: 0.318, frac_lost: 0.500, li_recovered:  7.036
L: 0.96, u_super: 0.00006, sec: 18.614, prod: 0.000382, t_ads: 26893.0, t_des: 18462.0, bed_util_ads: 0.599, bed_util_des: 0.357, frac_lost: 0.500, li_recovered:  17.312
L: 0.99, u_super: 0.00117, sec: 1763.360, prod: 0.001824, t_ads: 808.0, t_des: 1126.0, bed_util_ads: 0.405, bed_util_des: 0.356, frac_lost: 0.500, li_recovered:  3.527
     5 |      200 |     14 |  0.0409996121 |         nadir
L: 1.37, u_super: 0.00018, sec: 113.675, prod: 0.000649, t_ads: 8814.0, t_des: 5614.0, bed_util_ads: 0.525, bed_util_des: 0.395, frac_lost: 0.500, li_recovered:  9.357
L: 1.20, u_super: 0.00044, sec: 307.324, prod: 0.001434, t_ads: 3118.0, t_des: 2629.0, bed_util_ads: 0.466, bed_util_des: 0.351, frac_lost: 0.500, li_recovered:  8.243
L: 1.08, u_super: 0.00344, sec: 15582.170, prod: 0.001842, t_ads: 281.0, t_des: 418.0, bed_util_ads: 0.402, bed_util_des: 0.384, frac_lost: 0.500, li_recovered:  1.288
L: 0.99, u_super: 0.00158, sec: 3199.537, prod: 0.001845, t_ads: 593.0, t_des: 1092.0, bed_util_ads: 0.376, bed_util_des: 0.332, frac_lost: 0.501, li_recovered:  3.108
L: 0.87, u_super: 0.00513, sec: 35042.719, prod: 0.001863, t_ads: 150.0, t_des: 282.0, bed_util_ads: 0.379, bed_util_des: 0.367, frac_lost: 0.501, li_recovered:  0.805
L: 1.45, u_super: 0.00406, sec: 21654.133, prod: 0.001862, t_ads: 325.0, t_des: 569.0, bed_util_ads: 0.383, bed_util_des: 0.360, frac_lost: 0.501, li_recovered:  1.664
L: 0.94, u_super: 0.00505, sec: 34074.203, prod: 0.001860, t_ads: 165.0, t_des: 306.0, bed_util_ads: 0.380, bed_util_des: 0.367, frac_lost: 0.500, li_recovered:  0.876
L: 1.24, u_super: 0.00069, sec: 671.246, prod: 0.001642, t_ads: 1885.0, t_des: 1860.0, bed_util_ads: 0.442, bed_util_des: 0.356, frac_lost: 0.500, li_recovered:  6.151
L: 1.18, u_super: 0.00484, sec: 31153.008, prod: 0.001861, t_ads: 217.0, t_des: 382.0, bed_util_ads: 0.384, bed_util_des: 0.369, frac_lost: 0.500, li_recovered:  1.115
L: 0.76, u_super: 0.00152, sec: 2961.976, prod: 0.001856, t_ads: 459.0, t_des: 748.0, bed_util_ads: 0.390, bed_util_des: 0.358, frac_lost: 0.501, li_recovered:  2.240
L: 1.35, u_super: 0.00505, sec: 34140.512, prod: 0.001856, t_ads: 238.0, t_des: 391.0, bed_util_ads: 0.392, bed_util_des: 0.375, frac_lost: 0.500, li_recovered:  1.168
L: 0.72, u_super: 0.00071, sec: 657.673, prod: 0.001799, t_ads: 983.0, t_des: 1278.0, bed_util_ads: 0.412, bed_util_des: 0.355, frac_lost: 0.500, li_recovered:  4.068
L: 1.05, u_super: 0.00139, sec: 2509.997, prod: 0.001817, t_ads: 707.0, t_des: 948.0, bed_util_ads: 0.410, bed_util_des: 0.367, frac_lost: 0.500, li_recovered:  3.007
L: 0.97, u_super: 0.00328, sec: 13994.720, prod: 0.001860, t_ads: 267.0, t_des: 486.0, bed_util_ads: 0.380, bed_util_des: 0.360, frac_lost: 0.500, li_recovered:  1.401
L: 1.48, u_super: 0.00508, sec: 34525.566, prod: 0.001853, t_ads: 261.0, t_des: 406.0, bed_util_ads: 0.398, bed_util_des: 0.380, frac_lost: 0.501, li_recovered:  1.236
L: 1.27, u_super: 0.00012, sec: 52.532, prod: 0.000669, t_ads: 19478.0, t_des: 15731.0, bed_util_ads: 0.607, bed_util_des: 0.277, frac_lost: 0.500, li_recovered:  23.561
L: 1.01, u_super: 0.00053, sec: 416.609, prod: 0.001578, t_ads: 1976.0, t_des: 1791.0, bed_util_ads: 0.450, bed_util_des: 0.367, frac_lost: 0.500, li_recovered:  5.944
L: 0.85, u_super: 0.00276, sec: 10066.749, prod: 0.001824, t_ads: 278.0, t_des: 624.0, bed_util_ads: 0.356, bed_util_des: 0.333, frac_lost: 0.500, li_recovered:  1.645
L: 0.90, u_super: 0.00010, sec: 31.920, prod: 0.000671, t_ads: 14269.0, t_des: 10763.0, bed_util_ads: 0.565, bed_util_des: 0.330, frac_lost: 0.500, li_recovered:  16.791
L: 1.62, u_super: 0.00085, sec: 993.770, prod: 0.001716, t_ads: 2293.0, t_des: 3380.0, bed_util_ads: 0.411, bed_util_des: 0.275, frac_lost: 0.500, li_recovered:  9.737
L: 1.26, u_super: 0.00007, sec: 32.924, prod: 0.000388, t_ads: 25650.0, t_des: 17518.0, bed_util_ads: 0.594, bed_util_des: 0.360, frac_lost: 0.500, li_recovered:  16.742
L: 1.25, u_super: 0.00006, sec: 24.178, prod: 0.000318, t_ads: 35138.0, t_des: 23954.0, bed_util_ads: 0.619, bed_util_des: 0.356, frac_lost: 0.500, li_recovered:  18.815
L: 0.59, u_super: 0.00174, sec: 3858.115, prod: 0.001862, t_ads: 306.0, t_des: 550.0, bed_util_ads: 0.381, bed_util_des: 0.358, frac_lost: 0.501, li_recovered:  1.594
L: 1.22, u_super: 0.00511, sec: 34663.574, prod: 0.001868, t_ads: 214.0, t_des: 383.0, bed_util_ads: 0.383, bed_util_des: 0.367, frac_lost: 0.502, li_recovered:  1.115
L: 0.81, u_super: 0.00020, sec: 74.778, prod: 0.001213, t_ads: 5254.0, t_des: 4328.0, bed_util_ads: 0.493, bed_util_des: 0.330, frac_lost: 0.500, li_recovered:  11.627
L: 0.95, u_super: 0.00145, sec: 2708.115, prod: 0.001832, t_ads: 608.0, t_des: 856.0, bed_util_ads: 0.405, bed_util_des: 0.367, frac_lost: 0.500, li_recovered:  2.682
L: 1.22, u_super: 0.00101, sec: 1383.568, prod: 0.001721, t_ads: 1184.0, t_des: 1285.0, bed_util_ads: 0.431, bed_util_des: 0.371, frac_lost: 0.500, li_recovered:  4.249
L: 0.99, u_super: 0.00117, sec: 2073.563, prod: 0.001551, t_ads: 764.0, t_des: 668.0, bed_util_ads: 0.458, bed_util_des: 0.427, frac_lost: 0.500, li_recovered:  2.221
L: 1.01, u_super: 0.00049, sec: 349.172, prod: 0.001607, t_ads: 2235.0, t_des: 2142.0, bed_util_ads: 0.446, bed_util_des: 0.348, frac_lost: 0.500, li_recovered:  7.034
L: 1.18, u_super: 0.00011, sec: 45.307, prod: 0.000645, t_ads: 18592.0, t_des: 14583.0, bed_util_ads: 0.596, bed_util_des: 0.297, frac_lost: 0.500, li_recovered:  21.401
L: 1.00, u_super: 0.00014, sec: 62.044, prod: 0.000772, t_ads: 8818.0, t_des: 6242.0, bed_util_ads: 0.528, bed_util_des: 0.365, frac_lost: 0.500, li_recovered:  11.626
L: 1.22, u_super: 0.00018, sec: 92.458, prod: 0.000800, t_ads: 8875.0, t_des: 6431.0, bed_util_ads: 0.528, bed_util_des: 0.357, frac_lost: 0.500, li_recovered:  12.246
L: 1.20, u_super: 0.00032, sec: 198.843, prod: 0.001224, t_ads: 4416.0, t_des: 3478.0, bed_util_ads: 0.486, bed_util_des: 0.351, frac_lost: 0.500, li_recovered:  9.659
L: 1.48, u_super: 0.00045, sec: 364.891, prod: 0.001290, t_ads: 3778.0, t_des: 2985.0, bed_util_ads: 0.479, bed_util_des: 0.357, frac_lost: 0.500, li_recovered:  8.723
L: 1.41, u_super: 0.00419, sec: 23130.918, prod: 0.001864, t_ads: 304.0, t_des: 545.0, bed_util_ads: 0.381, bed_util_des: 0.359, frac_lost: 0.501, li_recovered:  1.583
L: 1.23, u_super: 0.00259, sec: 8701.375, prod: 0.001853, t_ads: 434.0, t_des: 688.0, bed_util_ads: 0.393, bed_util_des: 0.364, frac_lost: 0.500, li_recovered:  2.080
L: 1.09, u_super: 0.00005, sec: 20.417, prod: 0.000301, t_ads: 29348.0, t_des: 18982.0, bed_util_ads: 0.588, bed_util_des: 0.385, frac_lost: 0.500, li_recovered:  14.533
L: 0.94, u_super: 0.00075, sec: 722.364, prod: 0.001798, t_ads: 1320.0, t_des: 1945.0, bed_util_ads: 0.400, bed_util_des: 0.318, frac_lost: 0.500, li_recovered:  5.871
L: 1.27, u_super: 0.00089, sec: 1053.746, prod: 0.001774, t_ads: 1505.0, t_des: 1992.0, bed_util_ads: 0.412, bed_util_des: 0.325, frac_lost: 0.500, li_recovered:  6.203
L: 1.24, u_super: 0.00007, sec: 27.997, prod: 0.000356, t_ads: 30068.0, t_des: 20616.0, bed_util_ads: 0.608, bed_util_des: 0.356, frac_lost: 0.500, li_recovered:  18.020
     6 |      240 |     18 |  0.0451926455 |             f
L: 1.22, u_super: 0.00045, sec: 309.696, prod: 0.001520, t_ads: 3205.0, t_des: 2968.0, bed_util_ads: 0.459, bed_util_des: 0.327, frac_lost: 0.500, li_recovered:  9.381
L: 1.41, u_super: 0.00406, sec: 21682.824, prod: 0.001859, t_ads: 314.0, t_des: 553.0, bed_util_ads: 0.383, bed_util_des: 0.360, frac_lost: 0.500, li_recovered:  1.612
L: 1.22, u_super: 0.00044, sec: 302.600, prod: 0.001457, t_ads: 3238.0, t_des: 2810.0, bed_util_ads: 0.465, bed_util_des: 0.341, frac_lost: 0.500, li_recovered:  8.811
L: 0.81, u_super: 0.00008, sec: 22.047, prod: 0.000701, t_ads: 19381.0, t_des: 16006.0, bed_util_ads: 0.611, bed_util_des: 0.264, frac_lost: 0.500, li_recovered:  24.790
L: 1.35, u_super: 0.00511, sec: 34667.695, prod: 0.001868, t_ads: 237.0, t_des: 417.0, bed_util_ads: 0.384, bed_util_des: 0.367, frac_lost: 0.502, li_recovered:  1.222
L: 1.20, u_super: 0.00149, sec: 2888.817, prod: 0.001823, t_ads: 766.0, t_des: 1054.0, bed_util_ads: 0.407, bed_util_des: 0.360, frac_lost: 0.500, li_recovered:  3.319
L: 0.97, u_super: 0.00005, sec: 17.091, prod: 0.000356, t_ads: 30028.0, t_des: 20582.0, bed_util_ads: 0.608, bed_util_des: 0.356, frac_lost: 0.500, li_recovered:  17.994
L: 0.87, u_super: 0.00007, sec: 23.289, prod: 0.000451, t_ads: 16513.0, t_des: 10733.0, bed_util_ads: 0.556, bed_util_des: 0.384, frac_lost: 0.500, li_recovered:  12.284
L: 1.01, u_super: 0.00020, sec: 90.028, prod: 0.001004, t_ads: 6541.0, t_des: 4970.0, bed_util_ads: 0.510, bed_util_des: 0.348, frac_lost: 0.500, li_recovered:  11.554
L: 0.85, u_super: 0.00211, sec: 5713.369, prod: 0.001859, t_ads: 367.0, t_des: 600.0, bed_util_ads: 0.390, bed_util_des: 0.365, frac_lost: 0.501, li_recovered:  1.798
L: 1.31, u_super: 0.00328, sec: 14013.760, prod: 0.001857, t_ads: 363.0, t_des: 619.0, bed_util_ads: 0.386, bed_util_des: 0.360, frac_lost: 0.500, li_recovered:  1.824
L: 1.01, u_super: 0.00053, sec: 414.285, prod: 0.001587, t_ads: 1984.0, t_des: 1819.0, bed_util_ads: 0.449, bed_util_des: 0.365, frac_lost: 0.500, li_recovered:  6.034
L: 1.16, u_super: 0.00101, sec: 1342.816, prod: 0.001770, t_ads: 1140.0, t_des: 1377.0, bed_util_ads: 0.420, bed_util_des: 0.357, frac_lost: 0.500, li_recovered:  4.456
L: 1.41, u_super: 0.00391, sec: 20089.109, prod: 0.001859, t_ads: 326.0, t_des: 575.0, bed_util_ads: 0.382, bed_util_des: 0.359, frac_lost: 0.500, li_recovered:  1.675
L: 0.95, u_super: 0.00490, sec: 31856.775, prod: 0.001866, t_ads: 172.0, t_des: 314.0, bed_util_ads: 0.381, bed_util_des: 0.369, frac_lost: 0.502, li_recovered:  0.907
L: 1.18, u_super: 0.00144, sec: 2695.884, prod: 0.001823, t_ads: 778.0, t_des: 1079.0, bed_util_ads: 0.405, bed_util_des: 0.358, frac_lost: 0.500, li_recovered:  3.385
L: 1.19, u_super: 0.00509, sec: 34476.891, prod: 0.001866, t_ads: 209.0, t_des: 375.0, bed_util_ads: 0.383, bed_util_des: 0.367, frac_lost: 0.502, li_recovered:  1.090
L: 1.07, u_super: 0.00007, sec: 28.874, prod: 0.000442, t_ads: 21224.0, t_des: 14593.0, bed_util_ads: 0.582, bed_util_des: 0.360, frac_lost: 0.500, li_recovered:  15.840
L: 0.90, u_super: 0.00010, sec: 34.124, prod: 0.000627, t_ads: 12664.0, t_des: 8921.0, bed_util_ads: 0.549, bed_util_des: 0.360, frac_lost: 0.500, li_recovered:  13.543
L: 0.63, u_super: 0.00174, sec: 3862.261, prod: 0.001860, t_ads: 331.0, t_des: 585.0, bed_util_ads: 0.382, bed_util_des: 0.358, frac_lost: 0.500, li_recovered:  1.704
L: 1.20, u_super: 0.00018, sec: 112.060, prod: 0.000660, t_ads: 7099.0, t_des: 4255.0, bed_util_ads: 0.517, bed_util_des: 0.412, frac_lost: 0.500, li_recovered:  7.495
L: 1.01, u_super: 0.00053, sec: 438.936, prod: 0.001498, t_ads: 1916.0, t_des: 1590.0, bed_util_ads: 0.459, bed_util_des: 0.386, frac_lost: 0.500, li_recovered:  5.251
L: 0.70, u_super: 0.00286, sec: 10585.592, prod: 0.001858, t_ads: 218.0, t_des: 349.0, bed_util_ads: 0.395, bed_util_des: 0.381, frac_lost: 0.500, li_recovered:  1.054
L: 1.23, u_super: 0.00068, sec: 626.775, prod: 0.001699, t_ads: 1986.0, t_des: 2213.0, bed_util_ads: 0.431, bed_util_des: 0.331, frac_lost: 0.500, li_recovered:  7.133
L: 1.15, u_super: 0.00209, sec: 5606.041, prod: 0.001854, t_ads: 511.0, t_des: 826.0, bed_util_ads: 0.390, bed_util_des: 0.356, frac_lost: 0.500, li_recovered:  2.478
L: 0.95, u_super: 0.00490, sec: 36395.727, prod: 0.001633, t_ads: 174.0, t_des: 611.0, bed_util_ads: 0.310, bed_util_des: 0.292, frac_lost: 0.500, li_recovered:  1.282
L: 0.72, u_super: 0.00006, sec: 14.654, prod: 0.000485, t_ads: 19017.0, t_des: 13239.0, bed_util_ads: 0.576, bed_util_des: 0.357, frac_lost: 0.500, li_recovered:  15.639
L: 0.99, u_super: 0.00334, sec: 14516.036, prod: 0.001862, t_ads: 266.0, t_des: 485.0, bed_util_ads: 0.380, bed_util_des: 0.360, frac_lost: 0.501, li_recovered:  1.398
L: 1.03, u_super: 0.00014, sec: 56.239, prod: 0.000852, t_ads: 10967.0, t_des: 8747.0, bed_util_ads: 0.547, bed_util_des: 0.313, frac_lost: 0.500, li_recovered:  16.790
L: 1.00, u_super: 0.00014, sec: 63.081, prod: 0.000759, t_ads: 8637.0, t_des: 6011.0, bed_util_ads: 0.526, bed_util_des: 0.370, frac_lost: 0.500, li_recovered:  11.122
L: 1.25, u_super: 0.00505, sec: 33963.168, prod: 0.001866, t_ads: 222.0, t_des: 395.0, bed_util_ads: 0.383, bed_util_des: 0.367, frac_lost: 0.501, li_recovered:  1.151
L: 0.61, u_super: 0.00043, sec: 264.390, prod: 0.001666, t_ads: 1389.0, t_des: 1385.0, bed_util_ads: 0.440, bed_util_des: 0.375, frac_lost: 0.500, li_recovered:  4.621
L: 0.53, u_super: 0.00068, sec: 582.470, prod: 0.001832, t_ads: 744.0, t_des: 1072.0, bed_util_ads: 0.402, bed_util_des: 0.355, frac_lost: 0.500, li_recovered:  3.327
L: 0.86, u_super: 0.00143, sec: 2682.022, prod: 0.001800, t_ads: 550.0, t_des: 694.0, bed_util_ads: 0.418, bed_util_des: 0.387, frac_lost: 0.500, li_recovered:  2.239
L: 0.96, u_super: 0.00006, sec: 18.607, prod: 0.000382, t_ads: 26914.0, t_des: 18483.0, bed_util_ads: 0.599, bed_util_des: 0.357, frac_lost: 0.500, li_recovered:  17.334
L: 0.97, u_super: 0.00404, sec: 21499.260, prod: 0.001858, t_ads: 215.0, t_des: 407.0, bed_util_ads: 0.376, bed_util_des: 0.360, frac_lost: 0.500, li_recovered:  1.156
L: 0.85, u_super: 0.00107, sec: 1463.880, prod: 0.001829, t_ads: 760.0, t_des: 1083.0, bed_util_ads: 0.403, bed_util_des: 0.355, frac_lost: 0.500, li_recovered:  3.370
L: 1.25, u_super: 0.00505, sec: 34132.453, prod: 0.001857, t_ads: 221.0, t_des: 362.0, bed_util_ads: 0.392, bed_util_des: 0.377, frac_lost: 0.500, li_recovered:  1.083
L: 1.45, u_super: 0.00330, sec: 14169.581, prod: 0.001857, t_ads: 404.0, t_des: 687.0, bed_util_ads: 0.386, bed_util_des: 0.357, frac_lost: 0.500, li_recovered:  2.026
L: 0.76, u_super: 0.00206, sec: 5455.314, prod: 0.001857, t_ads: 336.0, t_des: 639.0, bed_util_ads: 0.374, bed_util_des: 0.349, frac_lost: 0.501, li_recovered:  1.810
     7 |      280 |     14 |  0.0745305324 |         nadir
L: 1.24, u_super: 0.00005, sec: 21.252, prod: 0.000288, t_ads: 39107.0, t_des: 26362.0, bed_util_ads: 0.624, bed_util_des: 0.360, frac_lost: 0.500, li_recovered:  18.877
L: 0.61, u_super: 0.00043, sec: 264.370, prod: 0.001666, t_ads: 1390.0, t_des: 1388.0, bed_util_ads: 0.439, bed_util_des: 0.375, frac_lost: 0.500, li_recovered:  4.628
L: 0.69, u_super: 0.00511, sec: 35330.145, prod: 0.001833, t_ads: 120.0, t_des: 278.0, bed_util_ads: 0.356, bed_util_des: 0.346, frac_lost: 0.503, li_recovered:  0.729
L: 1.15, u_super: 0.00473, sec: 29708.170, prod: 0.001865, t_ads: 218.0, t_des: 397.0, bed_util_ads: 0.381, bed_util_des: 0.365, frac_lost: 0.502, li_recovered:  1.147
L: 0.87, u_super: 0.00006, sec: 18.916, prod: 0.000391, t_ads: 20222.0, t_des: 13116.0, bed_util_ads: 0.567, bed_util_des: 0.384, frac_lost: 0.500, li_recovered:  13.045
L: 1.35, u_super: 0.00584, sec: 45850.758, prod: 0.001867, t_ads: 207.0, t_des: 372.0, bed_util_ads: 0.382, bed_util_des: 0.367, frac_lost: 0.502, li_recovered:  1.081
L: 0.81, u_super: 0.00037, sec: 192.699, prod: 0.001622, t_ads: 2496.0, t_des: 2510.0, bed_util_ads: 0.444, bed_util_des: 0.331, frac_lost: 0.500, li_recovered:  8.120
L: 1.22, u_super: 0.00046, sec: 345.809, prod: 0.001443, t_ads: 2910.0, t_des: 2433.0, bed_util_ads: 0.465, bed_util_des: 0.357, frac_lost: 0.500, li_recovered:  7.708
L: 1.14, u_super: 0.00164, sec: 3458.527, prod: 0.001845, t_ads: 660.0, t_des: 1021.0, bed_util_ads: 0.394, bed_util_des: 0.351, frac_lost: 0.500, li_recovered:  3.102
L: 0.60, u_super: 0.00020, sec: 66.709, prod: 0.001360, t_ads: 3476.0, t_des: 2836.0, bed_util_ads: 0.473, bed_util_des: 0.353, frac_lost: 0.500, li_recovered:  8.586
L: 0.73, u_super: 0.00007, sec: 20.282, prod: 0.000518, t_ads: 13544.0, t_des: 8829.0, bed_util_ads: 0.546, bed_util_des: 0.384, frac_lost: 0.500, li_recovered:  11.582
L: 1.25, u_super: 0.00505, sec: 34182.152, prod: 0.001854, t_ads: 221.0, t_des: 347.0, bed_util_ads: 0.397, bed_util_des: 0.383, frac_lost: 0.501, li_recovered:  1.053
L: 0.97, u_super: 0.00014, sec: 54.091, prod: 0.000885, t_ads: 10285.0, t_des: 8254.0, bed_util_ads: 0.542, bed_util_des: 0.313, frac_lost: 0.500, li_recovered:  16.416
L: 1.22, u_super: 0.00519, sec: 36506.652, prod: 0.001835, t_ads: 209.0, t_des: 295.0, bed_util_ads: 0.411, bed_util_des: 0.398, frac_lost: 0.502, li_recovered:  0.925
L: 0.96, u_super: 0.00046, sec: 315.913, prod: 0.001574, t_ads: 2220.0, t_des: 2032.0, bed_util_ads: 0.451, bed_util_des: 0.357, frac_lost: 0.500, li_recovered:  6.694
L: 0.85, u_super: 0.00107, sec: 1505.631, prod: 0.001778, t_ads: 746.0, t_des: 893.0, bed_util_ads: 0.422, bed_util_des: 0.381, frac_lost: 0.500, li_recovered:  2.914
L: 1.35, u_super: 0.00140, sec: 2580.778, prod: 0.001800, t_ads: 933.0, t_des: 1205.0, bed_util_ads: 0.413, bed_util_des: 0.359, frac_lost: 0.500, li_recovered:  3.849
L: 0.99, u_super: 0.00334, sec: 14514.771, prod: 0.001862, t_ads: 266.0, t_des: 485.0, bed_util_ads: 0.380, bed_util_des: 0.360, frac_lost: 0.501, li_recovered:  1.398
L: 0.94, u_super: 0.00543, sec: 39380.359, prod: 0.001868, t_ads: 153.0, t_des: 270.0, bed_util_ads: 0.386, bed_util_des: 0.375, frac_lost: 0.501, li_recovered:  0.790
L: 0.97, u_super: 0.00020, sec: 85.837, prod: 0.001097, t_ads: 6510.0, t_des: 5288.0, bed_util_ads: 0.507, bed_util_des: 0.326, frac_lost: 0.500, li_recovered:  12.947
L: 1.41, u_super: 0.00419, sec: 23202.721, prod: 0.001858, t_ads: 303.0, t_des: 541.0, bed_util_ads: 0.381, bed_util_des: 0.359, frac_lost: 0.500, li_recovered:  1.568
L: 1.35, u_super: 0.00006, sec: 28.436, prod: 0.000250, t_ads: 31375.0, t_des: 19294.0, bed_util_ads: 0.579, bed_util_des: 0.402, frac_lost: 0.500, li_recovered:  12.660
L: 0.94, u_super: 0.00081, sec: 852.531, prod: 0.001808, t_ads: 1192.0, t_des: 1807.0, bed_util_ads: 0.397, bed_util_des: 0.321, frac_lost: 0.500, li_recovered:  5.423
L: 1.00, u_super: 0.00069, sec: 641.308, prod: 0.001711, t_ads: 1481.0, t_des: 1605.0, bed_util_ads: 0.431, bed_util_des: 0.357, frac_lost: 0.500, li_recovered:  5.281
L: 1.22, u_super: 0.00046, sec: 324.988, prod: 0.001487, t_ads: 3067.0, t_des: 2703.0, bed_util_ads: 0.461, bed_util_des: 0.341, frac_lost: 0.500, li_recovered:  8.577
L: 1.14, u_super: 0.00553, sec: 40842.422, prod: 0.001869, t_ads: 184.0, t_des: 337.0, bed_util_ads: 0.381, bed_util_des: 0.367, frac_lost: 0.502, li_recovered:  0.974
L: 1.02, u_super: 0.00060, sec: 495.470, prod: 0.001686, t_ads: 1780.0, t_des: 1883.0, bed_util_ads: 0.434, bed_util_des: 0.348, frac_lost: 0.500, li_recovered:  6.175
L: 0.89, u_super: 0.00005, sec: 16.038, prod: 0.000420, t_ads: 28965.0, t_des: 21041.0, bed_util_ads: 0.621, bed_util_des: 0.327, frac_lost: 0.500, li_recovered:  20.995
L: 0.64, u_super: 0.00044, sec: 262.168, prod: 0.001681, t_ads: 1470.0, t_des: 1507.0, bed_util_ads: 0.437, bed_util_des: 0.367, frac_lost: 0.500, li_recovered:  5.006
L: 1.25, u_super: 0.00043, sec: 335.020, prod: 0.001315, t_ads: 3090.0, t_des: 2370.0, bed_util_ads: 0.475, bed_util_des: 0.375, frac_lost: 0.500, li_recovered:  7.178
L: 1.36, u_super: 0.00006, sec: 24.988, prod: 0.000284, t_ads: 40714.0, t_des: 27534.0, bed_util_ads: 0.629, bed_util_des: 0.357, frac_lost: 0.500, li_recovered:  19.405
L: 1.44, u_super: 0.00511, sec: 34790.129, prod: 0.001861, t_ads: 253.0, t_des: 439.0, bed_util_ads: 0.385, bed_util_des: 0.367, frac_lost: 0.501, li_recovered:  1.288
L: 1.02, u_super: 0.00005, sec: 17.861, prod: 0.000340, t_ads: 31964.0, t_des: 21858.0, bed_util_ads: 0.612, bed_util_des: 0.356, frac_lost: 0.500, li_recovered:  18.311
L: 1.07, u_super: 0.00024, sec: 171.734, prod: 0.000790, t_ads: 4269.0, t_des: 2450.0, bed_util_ads: 0.507, bed_util_des: 0.432, frac_lost: 0.500, li_recovered:  5.310
L: 0.90, u_super: 0.00458, sec: 27738.199, prod: 0.001862, t_ads: 175.0, t_des: 322.0, bed_util_ads: 0.380, bed_util_des: 0.367, frac_lost: 0.501, li_recovered:  0.926
L: 1.00, u_super: 0.00011, sec: 42.429, prod: 0.000633, t_ads: 12756.0, t_des: 9051.0, bed_util_ads: 0.550, bed_util_des: 0.357, frac_lost: 0.500, li_recovered:  13.802
L: 1.07, u_super: 0.00422, sec: 23489.543, prod: 0.001862, t_ads: 226.0, t_des: 400.0, bed_util_ads: 0.384, bed_util_des: 0.367, frac_lost: 0.500, li_recovered:  1.165
L: 0.81, u_super: 0.00008, sec: 22.051, prod: 0.000700, t_ads: 19386.0, t_des: 16009.0, bed_util_ads: 0.611, bed_util_des: 0.264, frac_lost: 0.500, li_recovered:  24.792
L: 1.18, u_super: 0.00505, sec: 34015.652, prod: 0.001863, t_ads: 209.0, t_des: 375.0, bed_util_ads: 0.383, bed_util_des: 0.367, frac_lost: 0.500, li_recovered:  1.088
L: 1.24, u_super: 0.00020, sec: 101.567, prod: 0.000893, t_ads: 8567.0, t_des: 6545.0, bed_util_ads: 0.527, bed_util_des: 0.338, frac_lost: 0.500, li_recovered:  13.501
     8 |      320 |     19 |  0.1696304552 |         nadir
L: 1.02, u_super: 0.00072, sec: 702.662, prod: 0.001744, t_ads: 1432.0, t_des: 1668.0, bed_util_ads: 0.424, bed_util_des: 0.348, frac_lost: 0.500, li_recovered:  5.406
L: 0.90, u_super: 0.00508, sec: 34516.566, prod: 0.001858, t_ads: 157.0, t_des: 293.0, bed_util_ads: 0.379, bed_util_des: 0.367, frac_lost: 0.500, li_recovered:  0.836
L: 0.81, u_super: 0.00331, sec: 14670.920, prod: 0.001807, t_ads: 220.0, t_des: 530.0, bed_util_ads: 0.349, bed_util_des: 0.330, frac_lost: 0.501, li_recovered:  1.356
L: 1.36, u_super: 0.00032, sec: 222.274, prod: 0.001094, t_ads: 4884.0, t_des: 3616.0, bed_util_ads: 0.495, bed_util_des: 0.365, frac_lost: 0.500, li_recovered:  9.299
L: 0.53, u_super: 0.00068, sec: 583.781, prod: 0.001828, t_ads: 742.0, t_des: 1041.0, bed_util_ads: 0.404, bed_util_des: 0.359, frac_lost: 0.500, li_recovered:  3.259
L: 0.56, u_super: 0.00042, sec: 243.304, prod: 0.001681, t_ads: 1320.0, t_des: 1345.0, bed_util_ads: 0.437, bed_util_des: 0.375, frac_lost: 0.500, li_recovered:  4.479
L: 0.81, u_super: 0.00008, sec: 21.478, prod: 0.000719, t_ads: 21145.0, t_des: 17985.0, bed_util_ads: 0.628, bed_util_des: 0.235, frac_lost: 0.500, li_recovered:  28.139
L: 1.20, u_super: 0.00142, sec: 2596.531, prod: 0.001821, t_ads: 844.0, t_des: 1565.0, bed_util_ads: 0.375, bed_util_des: 0.314, frac_lost: 0.500, li_recovered:  4.388
L: 0.90, u_super: 0.00037, sec: 192.470, prod: 0.001624, t_ads: 3398.0, t_des: 4875.0, bed_util_ads: 0.432, bed_util_des: 0.244, frac_lost: 0.500, li_recovered:  13.435
L: 1.25, u_super: 0.00505, sec: 33931.457, prod: 0.001868, t_ads: 222.0, t_des: 375.0, bed_util_ads: 0.389, bed_util_des: 0.374, frac_lost: 0.502, li_recovered:  1.115
L: 1.15, u_super: 0.00524, sec: 36644.652, prod: 0.001861, t_ads: 195.0, t_des: 349.0, bed_util_ads: 0.383, bed_util_des: 0.369, frac_lost: 0.501, li_recovered:  1.012
L: 1.03, u_super: 0.00049, sec: 348.980, prod: 0.001597, t_ads: 2292.0, t_des: 2174.0, bed_util_ads: 0.448, bed_util_des: 0.348, frac_lost: 0.500, li_recovered:  7.132
L: 1.91, u_super: 0.00456, sec: 28342.070, prod: 0.001810, t_ads: 388.0, t_des: 891.0, bed_util_ads: 0.353, bed_util_des: 0.321, frac_lost: 0.501, li_recovered:  2.315
L: 0.98, u_super: 0.00174, sec: 3884.495, prod: 0.001849, t_ads: 520.0, t_des: 809.0, bed_util_ads: 0.394, bed_util_des: 0.360, frac_lost: 0.500, li_recovered:  2.458
L: 0.61, u_super: 0.00037, sec: 197.273, prod: 0.001609, t_ads: 1667.0, t_des: 1550.0, bed_util_ads: 0.447, bed_util_des: 0.375, frac_lost: 0.500, li_recovered:  5.175
L: 0.60, u_super: 0.00009, sec: 21.940, prod: 0.000801, t_ads: 9135.0, t_des: 6684.0, bed_util_ads: 0.530, bed_util_des: 0.353, frac_lost: 0.500, li_recovered:  12.675
L: 0.89, u_super: 0.00005, sec: 16.003, prod: 0.000421, t_ads: 28877.0, t_des: 20981.0, bed_util_ads: 0.621, bed_util_des: 0.327, frac_lost: 0.500, li_recovered:  20.978
L: 1.05, u_super: 0.00065, sec: 558.523, prod: 0.001745, t_ads: 1749.0, t_des: 2172.0, bed_util_ads: 0.419, bed_util_des: 0.323, frac_lost: 0.500, li_recovered:  6.843
L: 0.71, u_super: 0.00006, sec: 14.520, prod: 0.000489, t_ads: 18448.0, t_des: 12787.0, bed_util_ads: 0.573, bed_util_des: 0.359, frac_lost: 0.500, li_recovered:  15.283
L: 0.99, u_super: 0.00307, sec: 12242.979, prod: 0.001863, t_ads: 290.0, t_des: 520.0, bed_util_ads: 0.381, bed_util_des: 0.360, frac_lost: 0.501, li_recovered:  1.509
L: 0.80, u_super: 0.00005, sec: 15.197, prod: 0.000428, t_ads: 22787.0, t_des: 15739.0, bed_util_ads: 0.588, bed_util_des: 0.357, frac_lost: 0.500, li_recovered:  16.488
L: 0.99, u_super: 0.00024, sec: 119.627, prod: 0.001126, t_ads: 4852.0, t_des: 3669.0, bed_util_ads: 0.494, bed_util_des: 0.360, frac_lost: 0.500, li_recovered:  9.594
L: 0.97, u_super: 0.00540, sec: 42109.883, prod: 0.001728, t_ads: 162.0, t_des: 480.0, bed_util_ads: 0.328, bed_util_des: 0.313, frac_lost: 0.502, li_recovered:  1.110
L: 1.41, u_super: 0.00419, sec: 23708.031, prod: 0.001819, t_ads: 300.0, t_des: 400.0, bed_util_ads: 0.415, bed_util_des: 0.398, frac_lost: 0.501, li_recovered:  1.273
L: 0.60, u_super: 0.00079, sec: 811.810, prod: 0.001818, t_ads: 714.0, t_des: 960.0, bed_util_ads: 0.409, bed_util_des: 0.367, frac_lost: 0.500, li_recovered:  3.043
L: 0.95, u_super: 0.00465, sec: 28638.236, prod: 0.001860, t_ads: 182.0, t_des: 362.0, bed_util_ads: 0.372, bed_util_des: 0.357, frac_lost: 0.502, li_recovered:  1.012
L: 1.03, u_super: 0.00014, sec: 61.062, prod: 0.000784, t_ads: 9530.0, t_des: 6977.0, bed_util_ads: 0.533, bed_util_des: 0.352, frac_lost: 0.500, li_recovered:  12.948
L: 0.80, u_super: 0.00005, sec: 13.876, prod: 0.000441, t_ads: 27007.0, t_des: 19701.0, bed_util_ads: 0.615, bed_util_des: 0.327, frac_lost: 0.500, li_recovered:  20.596
L: 1.22, u_super: 0.00511, sec: 35437.070, prod: 0.001827, t_ads: 212.0, t_des: 297.0, bed_util_ads: 0.411, bed_util_des: 0.398, frac_lost: 0.501, li_recovered:  0.930
L: 0.97, u_super: 0.00505, sec: 34066.633, prod: 0.001858, t_ads: 171.0, t_des: 291.0, bed_util_ads: 0.389, bed_util_des: 0.377, frac_lost: 0.500, li_recovered:  0.859
L: 0.57, u_super: 0.00174, sec: 3864.272, prod: 0.001859, t_ads: 295.0, t_des: 518.0, bed_util_ads: 0.383, bed_util_des: 0.362, frac_lost: 0.500, li_recovered:  1.511
L: 0.65, u_super: 0.00421, sec: 23277.760, prod: 0.001867, t_ads: 136.0, t_des: 223.0, bed_util_ads: 0.395, bed_util_des: 0.386, frac_lost: 0.503, li_recovered:  0.670
L: 0.56, u_super: 0.00334, sec: 14561.982, prod: 0.001856, t_ads: 148.0, t_des: 300.0, bed_util_ads: 0.370, bed_util_des: 0.358, frac_lost: 0.502, li_recovered:  0.832
L: 0.81, u_super: 0.00044, sec: 267.087, prod: 0.001697, t_ads: 2005.0, t_des: 2231.0, bed_util_ads: 0.431, bed_util_des: 0.331, frac_lost: 0.500, li_recovered:  7.188
L: 0.95, u_super: 0.00145, sec: 2932.067, prod: 0.001692, t_ads: 592.0, t_des: 614.0, bed_util_ads: 0.440, bed_util_des: 0.412, frac_lost: 0.500, li_recovered:  2.040
L: 0.99, u_super: 0.00318, sec: 13189.024, prod: 0.001858, t_ads: 280.0, t_des: 513.0, bed_util_ads: 0.379, bed_util_des: 0.358, frac_lost: 0.500, li_recovered:  1.474
L: 1.20, u_super: 0.00032, sec: 232.995, prod: 0.001044, t_ads: 3891.0, t_des: 2613.0, bed_util_ads: 0.494, bed_util_des: 0.399, frac_lost: 0.500, li_recovered:  6.791
L: 0.81, u_super: 0.00007, sec: 18.103, prod: 0.000610, t_ads: 23824.0, t_des: 19208.0, bed_util_ads: 0.631, bed_util_des: 0.264, frac_lost: 0.500, li_recovered:  26.266
L: 0.98, u_super: 0.00014, sec: 49.715, prod: 0.000856, t_ads: 11419.0, t_des: 9248.0, bed_util_ads: 0.552, bed_util_des: 0.304, frac_lost: 0.500, li_recovered:  17.698
L: 0.90, u_super: 0.00025, sec: 121.772, prod: 0.001202, t_ads: 4104.0, t_des: 3119.0, bed_util_ads: 0.486, bed_util_des: 0.365, frac_lost: 0.500, li_recovered:  8.679
     9 |      360 |     23 |  0.0307342424 |         nadir
L: 0.80, u_super: 0.00026, sec: 117.714, prod: 0.001340, t_ads: 3487.0, t_des: 2802.0, bed_util_ads: 0.475, bed_util_des: 0.357, frac_lost: 0.500, li_recovered:  8.425
L: 0.95, u_super: 0.00489, sec: 44611.559, prod: 0.001329, t_ads: 177.0, t_des: 996.0, bed_util_ads: 0.265, bed_util_des: 0.243, frac_lost: 0.501, li_recovered:  1.559
L: 0.78, u_super: 0.00205, sec: 6442.381, prod: 0.001555, t_ads: 359.0, t_des: 1376.0, bed_util_ads: 0.301, bed_util_des: 0.264, frac_lost: 0.500, li_recovered:  2.699
L: 0.99, u_super: 0.00006, sec: 22.694, prod: 0.000373, t_ads: 21820.0, t_des: 14176.0, bed_util_ads: 0.572, bed_util_des: 0.384, frac_lost: 0.500, li_recovered:  13.436
L: 0.97, u_super: 0.00014, sec: 57.490, prod: 0.000789, t_ads: 9090.0, t_des: 6584.0, bed_util_ads: 0.530, bed_util_des: 0.357, frac_lost: 0.500, li_recovered:  12.374
L: 0.55, u_super: 0.00458, sec: 27707.625, prod: 0.001865, t_ads: 107.0, t_des: 209.0, bed_util_ads: 0.376, bed_util_des: 0.367, frac_lost: 0.503, li_recovered:  0.589
L: 1.39, u_super: 0.00390, sec: 27586.104, prod: 0.001348, t_ads: 340.0, t_des: 1791.0, bed_util_ads: 0.272, bed_util_des: 0.232, frac_lost: 0.501, li_recovered:  2.874
L: 1.21, u_super: 0.00077, sec: 782.578, prod: 0.001753, t_ads: 1710.0, t_des: 2174.0, bed_util_ads: 0.417, bed_util_des: 0.322, frac_lost: 0.500, li_recovered:  6.809
L: 0.72, u_super: 0.00005, sec: 12.160, prod: 0.000485, t_ads: 25222.0, t_des: 18788.0, bed_util_ads: 0.615, bed_util_des: 0.317, frac_lost: 0.500, li_recovered:  21.327
L: 1.06, u_super: 0.00332, sec: 14673.752, prod: 0.001816, t_ads: 290.0, t_des: 666.0, bed_util_ads: 0.354, bed_util_des: 0.329, frac_lost: 0.501, li_recovered:  1.736
L: 0.62, u_super: 0.00511, sec: 35145.453, prod: 0.001842, t_ads: 108.0, t_des: 154.0, bed_util_ads: 0.413, bed_util_des: 0.406, frac_lost: 0.504, li_recovered:  0.483
L: 0.80, u_super: 0.00005, sec: 13.842, prod: 0.000442, t_ads: 27163.0, t_des: 19855.0, bed_util_ads: 0.617, bed_util_des: 0.326, frac_lost: 0.500, li_recovered:  20.784
L: 1.14, u_super: 0.00553, sec: 41182.727, prod: 0.001853, t_ads: 184.0, t_des: 368.0, bed_util_ads: 0.371, bed_util_des: 0.356, frac_lost: 0.501, li_recovered:  1.023
L: 0.99, u_super: 0.00045, sec: 319.214, prod: 0.001489, t_ads: 2299.0, t_des: 1925.0, bed_util_ads: 0.460, bed_util_des: 0.372, frac_lost: 0.500, li_recovered:  6.290
L: 1.15, u_super: 0.00476, sec: 29956.520, prod: 0.001867, t_ads: 217.0, t_des: 396.0, bed_util_ads: 0.381, bed_util_des: 0.365, frac_lost: 0.502, li_recovered:  1.144
L: 0.90, u_super: 0.00455, sec: 27353.488, prod: 0.001870, t_ads: 177.0, t_des: 326.0, bed_util_ads: 0.380, bed_util_des: 0.367, frac_lost: 0.502, li_recovered:  0.941
L: 0.97, u_super: 0.00020, sec: 83.957, prod: 0.001075, t_ads: 6610.0, t_des: 5310.0, bed_util_ads: 0.509, bed_util_des: 0.329, frac_lost: 0.500, li_recovered:  12.816
L: 1.41, u_super: 0.00366, sec: 17569.920, prod: 0.001862, t_ads: 351.0, t_des: 590.0, bed_util_ads: 0.388, bed_util_des: 0.363, frac_lost: 0.501, li_recovered:  1.752
L: 0.60, u_super: 0.00146, sec: 2755.136, prod: 0.001835, t_ads: 381.0, t_des: 805.0, bed_util_ads: 0.362, bed_util_des: 0.332, frac_lost: 0.501, li_recovered:  2.176
L: 1.19, u_super: 0.00511, sec: 34696.082, prod: 0.001866, t_ads: 209.0, t_des: 375.0, bed_util_ads: 0.383, bed_util_des: 0.367, frac_lost: 0.502, li_recovered:  1.090
L: 1.15, u_super: 0.00014, sec: 62.834, prod: 0.000762, t_ads: 11908.0, t_des: 9130.0, bed_util_ads: 0.552, bed_util_des: 0.327, frac_lost: 0.500, li_recovered:  16.036
L: 0.90, u_super: 0.00310, sec: 12470.387, prod: 0.001861, t_ads: 260.0, t_des: 473.0, bed_util_ads: 0.380, bed_util_des: 0.361, frac_lost: 0.500, li_recovered:  1.364
L: 0.56, u_super: 0.00009, sec: 20.172, prod: 0.000949, t_ads: 9351.0, t_des: 7645.0, bed_util_ads: 0.535, bed_util_des: 0.309, frac_lost: 0.500, li_recovered:  16.137
L: 1.14, u_super: 0.00580, sec: 45285.496, prod: 0.001864, t_ads: 175.0, t_des: 322.0, bed_util_ads: 0.380, bed_util_des: 0.367, frac_lost: 0.502, li_recovered:  0.927
L: 0.83, u_super: 0.00085, sec: 988.332, prod: 0.001726, t_ads: 922.0, t_des: 1002.0, bed_util_ads: 0.432, bed_util_des: 0.385, frac_lost: 0.500, li_recovered:  3.322
L: 0.55, u_super: 0.00527, sec: 36911.328, prod: 0.001873, t_ads: 93.0, t_des: 185.0, bed_util_ads: 0.375, bed_util_des: 0.367, frac_lost: 0.505, li_recovered:  0.521
L: 1.05, u_super: 0.00072, sec: 683.409, prod: 0.001771, t_ads: 1542.0, t_des: 2036.0, bed_util_ads: 0.412, bed_util_des: 0.323, frac_lost: 0.500, li_recovered:  6.337
L: 0.63, u_super: 0.00176, sec: 3960.687, prod: 0.001863, t_ads: 327.0, t_des: 580.0, bed_util_ads: 0.382, bed_util_des: 0.358, frac_lost: 0.501, li_recovered:  1.690
L: 1.20, u_super: 0.00016, sec: 83.682, prod: 0.000733, t_ads: 9327.0, t_des: 6516.0, bed_util_ads: 0.530, bed_util_des: 0.368, frac_lost: 0.500, li_recovered:  11.612
L: 0.81, u_super: 0.00008, sec: 21.503, prod: 0.000718, t_ads: 21061.0, t_des: 17889.0, bed_util_ads: 0.627, bed_util_des: 0.236, frac_lost: 0.500, li_recovered:  27.977
L: 0.81, u_super: 0.00033, sec: 164.631, prod: 0.001563, t_ads: 2779.0, t_des: 2618.0, bed_util_ads: 0.452, bed_util_des: 0.334, frac_lost: 0.500, li_recovered:  8.437
L: 0.92, u_super: 0.00021, sec: 88.541, prod: 0.001129, t_ads: 5665.0, t_des: 4505.0, bed_util_ads: 0.499, bed_util_des: 0.339, frac_lost: 0.500, li_recovered:  11.485
L: 1.04, u_super: 0.00009, sec: 32.211, prod: 0.000561, t_ads: 19511.0, t_des: 14617.0, bed_util_ads: 0.591, bed_util_des: 0.323, frac_lost: 0.500, li_recovered:  19.139
L: 1.47, u_super: 0.00304, sec: 12012.602, prod: 0.001854, t_ads: 448.0, t_des: 812.0, bed_util_ads: 0.378, bed_util_des: 0.345, frac_lost: 0.501, li_recovered:  2.336
L: 0.58, u_super: 0.00174, sec: 3864.058, prod: 0.001859, t_ads: 301.0, t_des: 540.0, bed_util_ads: 0.381, bed_util_des: 0.359, frac_lost: 0.500, li_recovered:  1.564
L: 0.81, u_super: 0.00458, sec: 27666.865, prod: 0.001868, t_ads: 157.0, t_des: 294.0, bed_util_ads: 0.379, bed_util_des: 0.367, frac_lost: 0.502, li_recovered:  0.843
L: 0.97, u_super: 0.00014, sec: 55.622, prod: 0.000861, t_ads: 9754.0, t_des: 7569.0, bed_util_ads: 0.537, bed_util_des: 0.328, frac_lost: 0.500, li_recovered:  14.917
L: 0.81, u_super: 0.00017, sec: 56.932, prod: 0.001232, t_ads: 7444.0, t_des: 7046.0, bed_util_ads: 0.514, bed_util_des: 0.264, frac_lost: 0.500, li_recovered:  17.855
L: 0.95, u_super: 0.00383, sec: 19592.307, prod: 0.001831, t_ads: 223.0, t_des: 496.0, bed_util_ads: 0.358, bed_util_des: 0.340, frac_lost: 0.500, li_recovered:  1.316
L: 0.80, u_super: 0.00005, sec: 13.761, prod: 0.000445, t_ads: 27566.0, t_des: 20246.0, bed_util_ads: 0.620, bed_util_des: 0.322, frac_lost: 0.500, li_recovered:  21.259
    10 |      400 |     22 |  0.0032599023 |         ideal
L: 0.63, u_super: 0.00159, sec: 3255.361, prod: 0.001827, t_ads: 367.0, t_des: 793.0, bed_util_ads: 0.360, bed_util_des: 0.330, frac_lost: 0.500, li_recovered:  2.119
L: 0.56, u_super: 0.00446, sec: 26185.785, prod: 0.001869, t_ads: 111.0, t_des: 216.0, bed_util_ads: 0.376, bed_util_des: 0.368, frac_lost: 0.504, li_recovered:  0.611
L: 1.05, u_super: 0.00065, sec: 558.844, prod: 0.001744, t_ads: 1761.0, t_des: 2180.0, bed_util_ads: 0.420, bed_util_des: 0.323, frac_lost: 0.500, li_recovered:  6.874
L: 0.81, u_super: 0.00008, sec: 21.840, prod: 0.000707, t_ads: 19989.0, t_des: 16689.0, bed_util_ads: 0.617, bed_util_des: 0.254, frac_lost: 0.500, li_recovered:  25.938
L: 0.64, u_super: 0.00179, sec: 4678.463, prod: 0.001634, t_ads: 332.0, t_des: 1125.0, bed_util_ads: 0.313, bed_util_des: 0.280, frac_lost: 0.500, li_recovered:  2.380
L: 0.90, u_super: 0.00455, sec: 28859.592, prod: 0.001772, t_ads: 178.0, t_des: 480.0, bed_util_ads: 0.338, bed_util_des: 0.322, frac_lost: 0.502, li_recovered:  1.166
L: 0.76, u_super: 0.00005, sec: 13.721, prod: 0.000429, t_ads: 22506.0, t_des: 15517.0, bed_util_ads: 0.587, bed_util_des: 0.358, frac_lost: 0.500, li_recovered:  16.330
L: 1.44, u_super: 0.00319, sec: 13316.734, prod: 0.001853, t_ads: 414.0, t_des: 763.0, bed_util_ads: 0.376, bed_util_des: 0.346, frac_lost: 0.500, li_recovered:  2.181
L: 1.53, u_super: 0.00527, sec: 37148.602, prod: 0.001861, t_ads: 261.0, t_des: 451.0, bed_util_ads: 0.386, bed_util_des: 0.367, frac_lost: 0.501, li_recovered:  1.325
L: 0.81, u_super: 0.00007, sec: 19.921, prod: 0.000555, t_ads: 18620.0, t_des: 13742.0, bed_util_ads: 0.584, bed_util_des: 0.333, frac_lost: 0.500, li_recovered:  17.950
L: 0.51, u_super: 0.00009, sec: 20.672, prod: 0.000927, t_ads: 7033.0, t_des: 5181.0, bed_util_ads: 0.515, bed_util_des: 0.356, frac_lost: 0.500, li_recovered:  11.316
L: 0.53, u_super: 0.00068, sec: 582.739, prod: 0.001831, t_ads: 743.0, t_des: 1065.0, bed_util_ads: 0.402, bed_util_des: 0.356, frac_lost: 0.500, li_recovered:  3.310
L: 0.97, u_super: 0.00015, sec: 63.002, prod: 0.000832, t_ads: 8346.0, t_des: 6075.0, bed_util_ads: 0.525, bed_util_des: 0.357, frac_lost: 0.500, li_recovered:  12.004
L: 0.90, u_super: 0.00455, sec: 27405.129, prod: 0.001866, t_ads: 177.0, t_des: 327.0, bed_util_ads: 0.380, bed_util_des: 0.367, frac_lost: 0.502, li_recovered:  0.941
L: 0.73, u_super: 0.00005, sec: 14.147, prod: 0.000457, t_ads: 20286.0, t_des: 13982.0, bed_util_ads: 0.579, bed_util_des: 0.360, frac_lost: 0.500, li_recovered:  15.657
L: 0.81, u_super: 0.00005, sec: 13.793, prod: 0.000427, t_ads: 27427.0, t_des: 19837.0, bed_util_ads: 0.614, bed_util_des: 0.332, frac_lost: 0.500, li_recovered:  20.200
L: 0.56, u_super: 0.00458, sec: 27783.877, prod: 0.001860, t_ads: 108.0, t_des: 225.0, bed_util_ads: 0.369, bed_util_des: 0.360, frac_lost: 0.503, li_recovered:  0.619
L: 0.81, u_super: 0.00016, sec: 59.074, prod: 0.000975, t_ads: 6351.0, t_des: 4685.0, bed_util_ads: 0.509, bed_util_des: 0.358, frac_lost: 0.500, li_recovered:  10.759
L: 1.40, u_super: 0.00501, sec: 33453.430, prod: 0.001863, t_ads: 251.0, t_des: 412.0, bed_util_ads: 0.392, bed_util_des: 0.375, frac_lost: 0.501, li_recovered:  1.235
L: 1.06, u_super: 0.00014, sec: 57.594, prod: 0.000832, t_ads: 11400.0, t_des: 9059.0, bed_util_ads: 0.551, bed_util_des: 0.313, frac_lost: 0.500, li_recovered:  17.014
L: 0.81, u_super: 0.00017, sec: 56.935, prod: 0.001232, t_ads: 7443.0, t_des: 7045.0, bed_util_ads: 0.514, bed_util_des: 0.264, frac_lost: 0.500, li_recovered:  17.852
L: 0.59, u_super: 0.00008, sec: 19.982, prod: 0.000773, t_ads: 9460.0, t_des: 6854.0, bed_util_ads: 0.532, bed_util_des: 0.356, frac_lost: 0.500, li_recovered:  12.616
L: 0.80, u_super: 0.00008, sec: 24.143, prod: 0.000614, t_ads: 14775.0, t_des: 10774.0, bed_util_ads: 0.563, bed_util_des: 0.344, frac_lost: 0.500, li_recovered:  15.683
L: 0.84, u_super: 0.00175, sec: 4016.823, prod: 0.001806, t_ads: 449.0, t_des: 1018.0, bed_util_ads: 0.354, bed_util_des: 0.317, frac_lost: 0.500, li_recovered:  2.650
L: 0.73, u_super: 0.00007, sec: 25.535, prod: 0.000411, t_ads: 10816.0, t_des: 5787.0, bed_util_ads: 0.527, bed_util_des: 0.431, frac_lost: 0.500, li_recovered:  6.827
L: 1.02, u_super: 0.00054, sec: 414.829, prod: 0.001649, t_ads: 1996.0, t_des: 2008.0, bed_util_ads: 0.440, bed_util_des: 0.348, frac_lost: 0.500, li_recovered:  6.603
L: 0.58, u_super: 0.00419, sec: 22974.686, prod: 0.001877, t_ads: 123.0, t_des: 220.0, bed_util_ads: 0.386, bed_util_des: 0.377, frac_lost: 0.503, li_recovered:  0.644
L: 0.81, u_super: 0.00037, sec: 187.121, prod: 0.001670, t_ads: 2859.0, t_des: 4057.0, bed_util_ads: 0.423, bed_util_des: 0.261, frac_lost: 0.500, li_recovered:  11.552
L: 1.05, u_super: 0.00065, sec: 565.238, prod: 0.001725, t_ads: 1713.0, t_des: 1968.0, bed_util_ads: 0.426, bed_util_des: 0.337, frac_lost: 0.500, li_recovered:  6.350
L: 0.81, u_super: 0.00053, sec: 433.393, prod: 0.001488, t_ads: 2015.0, t_des: 5870.0, bed_util_ads: 0.360, bed_util_des: 0.196, frac_lost: 0.500, li_recovered:  11.734
L: 0.60, u_super: 0.00176, sec: 4141.066, prod: 0.001778, t_ads: 316.0, t_des: 808.0, bed_util_ads: 0.342, bed_util_des: 0.314, frac_lost: 0.501, li_recovered:  1.998
L: 0.88, u_super: 0.00005, sec: 14.309, prod: 0.000409, t_ads: 32503.0, t_des: 23861.0, bed_util_ads: 0.637, bed_util_des: 0.315, frac_lost: 0.500, li_recovered:  23.048
L: 0.81, u_super: 0.00020, sec: 75.123, prod: 0.001217, t_ads: 5233.0, t_des: 4318.0, bed_util_ads: 0.492, bed_util_des: 0.330, frac_lost: 0.500, li_recovered:  11.628
L: 0.71, u_super: 0.00033, sec: 159.301, prod: 0.001616, t_ads: 2333.0, t_des: 2283.0, bed_util_ads: 0.445, bed_util_des: 0.341, frac_lost: 0.500, li_recovered:  7.458
L: 0.99, u_super: 0.00307, sec: 12247.569, prod: 0.001862, t_ads: 289.0, t_des: 489.0, bed_util_ads: 0.388, bed_util_des: 0.367, frac_lost: 0.500, li_recovered:  1.449
L: 0.58, u_super: 0.00006, sec: 11.886, prod: 0.000659, t_ads: 17039.0, t_des: 13250.0, bed_util_ads: 0.586, bed_util_des: 0.307, frac_lost: 0.500, li_recovered:  19.963
L: 1.05, u_super: 0.00065, sec: 557.908, prod: 0.001747, t_ads: 1753.0, t_des: 2192.0, bed_util_ads: 0.419, bed_util_des: 0.322, frac_lost: 0.500, li_recovered:  6.893
L: 1.16, u_super: 0.00505, sec: 34049.199, prod: 0.001861, t_ads: 204.0, t_des: 367.0, bed_util_ads: 0.382, bed_util_des: 0.367, frac_lost: 0.500, li_recovered:  1.063
L: 0.80, u_super: 0.00005, sec: 13.672, prod: 0.000448, t_ads: 28010.0, t_des: 20674.0, bed_util_ads: 0.623, bed_util_des: 0.318, frac_lost: 0.500, li_recovered:  21.787
L: 0.85, u_super: 0.00020, sec: 77.153, prod: 0.001176, t_ads: 5578.0, t_des: 4561.0, bed_util_ads: 0.497, bed_util_des: 0.330, frac_lost: 0.500, li_recovered:  11.924
    11 |      440 |     18 |  0.0028660329 |         ideal
L: 0.52, u_super: 0.00008, sec: 18.408, prod: 0.000850, t_ads: 8072.0, t_des: 5888.0, bed_util_ads: 0.523, bed_util_des: 0.357, frac_lost: 0.500, li_recovered:  11.866
L: 0.50, u_super: 0.00015, sec: 37.313, prod: 0.001334, t_ads: 4154.0, t_des: 3489.0, bed_util_ads: 0.478, bed_util_des: 0.336, frac_lost: 0.500, li_recovered:  10.196
L: 0.80, u_super: 0.00531, sec: 37688.648, prod: 0.001863, t_ads: 134.0, t_des: 255.0, bed_util_ads: 0.378, bed_util_des: 0.368, frac_lost: 0.501, li_recovered:  0.725
L: 0.53, u_super: 0.00419, sec: 23309.510, prod: 0.001850, t_ads: 111.0, t_des: 169.0, bed_util_ads: 0.405, bed_util_des: 0.397, frac_lost: 0.500, li_recovered:  0.518
L: 0.63, u_super: 0.00184, sec: 4379.042, prod: 0.001846, t_ads: 314.0, t_des: 645.0, bed_util_ads: 0.366, bed_util_des: 0.341, frac_lost: 0.501, li_recovered:  1.770
L: 0.81, u_super: 0.00017, sec: 56.025, prod: 0.001252, t_ads: 8443.0, t_des: 8972.0, bed_util_ads: 0.525, bed_util_des: 0.220, frac_lost: 0.500, li_recovered:  21.806
L: 0.55, u_super: 0.00547, sec: 40109.512, prod: 0.001859, t_ads: 89.0, t_des: 177.0, bed_util_ads: 0.374, bed_util_des: 0.367, frac_lost: 0.502, li_recovered:  0.495
L: 0.56, u_super: 0.00174, sec: 3852.449, prod: 0.001858, t_ads: 293.0, t_des: 527.0, bed_util_ads: 0.381, bed_util_des: 0.359, frac_lost: 0.500, li_recovered:  1.523
L: 0.88, u_super: 0.00320, sec: 13330.693, prod: 0.001864, t_ads: 246.0, t_des: 429.0, bed_util_ads: 0.385, bed_util_des: 0.367, frac_lost: 0.501, li_recovered:  1.258
L: 0.51, u_super: 0.00009, sec: 20.598, prod: 0.000930, t_ads: 6992.0, t_des: 5153.0, bed_util_ads: 0.514, bed_util_des: 0.356, frac_lost: 0.500, li_recovered:  11.293
L: 1.00, u_super: 0.00307, sec: 12248.805, prod: 0.001862, t_ads: 293.0, t_des: 524.0, bed_util_ads: 0.381, bed_util_des: 0.360, frac_lost: 0.501, li_recovered:  1.521
L: 0.81, u_super: 0.00423, sec: 26031.900, prod: 0.001685, t_ads: 173.0, t_des: 560.0, bed_util_ads: 0.319, bed_util_des: 0.302, frac_lost: 0.502, li_recovered:  1.235
L: 0.56, u_super: 0.00121, sec: 1909.742, prod: 0.001808, t_ads: 437.0, t_des: 996.0, bed_util_ads: 0.354, bed_util_des: 0.317, frac_lost: 0.501, li_recovered:  2.591
L: 1.05, u_super: 0.00023, sec: 108.459, prod: 0.001176, t_ads: 6036.0, t_des: 5057.0, bed_util_ads: 0.501, bed_util_des: 0.318, frac_lost: 0.500, li_recovered:  13.042
L: 0.70, u_super: 0.00033, sec: 159.116, prod: 0.001618, t_ads: 2322.0, t_des: 2277.0, bed_util_ads: 0.445, bed_util_des: 0.341, frac_lost: 0.500, li_recovered:  7.439
L: 0.64, u_super: 0.00421, sec: 23388.053, prod: 0.001858, t_ads: 135.0, t_des: 220.0, bed_util_ads: 0.395, bed_util_des: 0.386, frac_lost: 0.501, li_recovered:  0.660
L: 0.60, u_super: 0.00024, sec: 85.910, prod: 0.001617, t_ads: 2995.0, t_des: 3187.0, bed_util_ads: 0.445, bed_util_des: 0.305, frac_lost: 0.500, li_recovered:  9.994
L: 0.51, u_super: 0.00008, sec: 17.081, prod: 0.000838, t_ads: 8383.0, t_des: 6132.0, bed_util_ads: 0.525, bed_util_des: 0.355, frac_lost: 0.500, li_recovered:  12.157
L: 0.81, u_super: 0.00056, sec: 427.757, prod: 0.001716, t_ads: 1472.0, t_des: 1613.0, bed_util_ads: 0.430, bed_util_des: 0.356, frac_lost: 0.500, li_recovered:  5.294
L: 1.25, u_super: 0.00494, sec: 32629.191, prod: 0.001852, t_ads: 226.0, t_des: 339.0, bed_util_ads: 0.403, bed_util_des: 0.388, frac_lost: 0.502, li_recovered:  1.046
L: 0.56, u_super: 0.00005, sec: 10.098, prod: 0.000606, t_ads: 17991.0, t_des: 13675.0, bed_util_ads: 0.587, bed_util_des: 0.318, frac_lost: 0.500, li_recovered:  19.187
L: 1.46, u_super: 0.00419, sec: 23144.090, prod: 0.001863, t_ads: 316.0, t_des: 549.0, bed_util_ads: 0.384, bed_util_des: 0.362, frac_lost: 0.501, li_recovered:  1.612
L: 0.71, u_super: 0.00025, sec: 106.008, prod: 0.001401, t_ads: 3102.0, t_des: 2543.0, bed_util_ads: 0.469, bed_util_des: 0.358, frac_lost: 0.500, li_recovered:  7.906
L: 0.72, u_super: 0.00005, sec: 12.099, prod: 0.000487, t_ads: 25004.0, t_des: 18631.0, bed_util_ads: 0.614, bed_util_des: 0.317, frac_lost: 0.500, li_recovered:  21.252
L: 0.81, u_super: 0.00099, sec: 1358.151, prod: 0.001681, t_ads: 847.0, t_des: 2319.0, bed_util_ads: 0.338, bed_util_des: 0.264, frac_lost: 0.500, li_recovered:  5.322
L: 0.64, u_super: 0.00011, sec: 27.178, prod: 0.000986, t_ads: 8816.0, t_des: 7269.0, bed_util_ads: 0.530, bed_util_des: 0.308, frac_lost: 0.500, li_recovered:  15.857
L: 0.59, u_super: 0.00006, sec: 13.227, prod: 0.000714, t_ads: 15631.0, t_des: 12385.0, bed_util_ads: 0.580, bed_util_des: 0.300, frac_lost: 0.500, li_recovered:  19.998
L: 0.56, u_super: 0.00446, sec: 28168.609, prod: 0.001738, t_ads: 111.0, t_des: 327.0, bed_util_ads: 0.330, bed_util_des: 0.319, frac_lost: 0.501, li_recovered:  0.761
L: 0.52, u_super: 0.00419, sec: 23382.227, prod: 0.001844, t_ads: 110.0, t_des: 234.0, bed_util_ads: 0.366, bed_util_des: 0.357, frac_lost: 0.500, li_recovered:  0.634
L: 1.15, u_super: 0.00017, sec: 71.939, prod: 0.000972, t_ads: 12232.0, t_des: 10991.0, bed_util_ads: 0.566, bed_util_des: 0.250, frac_lost: 0.500, li_recovered:  22.563
L: 1.14, u_super: 0.00546, sec: 39838.793, prod: 0.001866, t_ads: 186.0, t_des: 340.0, bed_util_ads: 0.381, bed_util_des: 0.367, frac_lost: 0.501, li_recovered:  0.982
L: 0.72, u_super: 0.00005, sec: 11.882, prod: 0.000489, t_ads: 26412.0, t_des: 19880.0, bed_util_ads: 0.623, bed_util_des: 0.307, frac_lost: 0.500, li_recovered:  22.649
L: 0.55, u_super: 0.00575, sec: 44225.969, prod: 0.001876, t_ads: 85.0, t_des: 171.0, bed_util_ads: 0.374, bed_util_des: 0.367, frac_lost: 0.504, li_recovered:  0.480
L: 0.99, u_super: 0.00307, sec: 12251.763, prod: 0.001862, t_ads: 290.0, t_des: 490.0, bed_util_ads: 0.388, bed_util_des: 0.368, frac_lost: 0.501, li_recovered:  1.452
L: 0.82, u_super: 0.00020, sec: 75.625, prod: 0.001176, t_ads: 5241.0, t_des: 4205.0, bed_util_ads: 0.494, bed_util_des: 0.339, frac_lost: 0.500, li_recovered:  11.112
L: 0.58, u_super: 0.00006, sec: 13.048, prod: 0.000600, t_ads: 14137.0, t_des: 10059.0, bed_util_ads: 0.558, bed_util_des: 0.354, frac_lost: 0.500, li_recovered:  14.526
L: 0.80, u_super: 0.00085, sec: 1097.835, prod: 0.001551, t_ads: 1019.0, t_des: 3359.0, bed_util_ads: 0.325, bed_util_des: 0.230, frac_lost: 0.500, li_recovered:  6.791
L: 0.81, u_super: 0.00432, sec: 24549.498, prod: 0.001870, t_ads: 167.0, t_des: 310.0, bed_util_ads: 0.380, bed_util_des: 0.367, frac_lost: 0.502, li_recovered:  0.892
L: 0.60, u_super: 0.00507, sec: 34693.531, prod: 0.001837, t_ads: 104.0, t_des: 228.0, bed_util_ads: 0.362, bed_util_des: 0.354, frac_lost: 0.500, li_recovered:  0.610
L: 0.90, u_super: 0.00044, sec: 261.529, prod: 0.001688, t_ads: 2627.0, t_des: 3860.0, bed_util_ads: 0.417, bed_util_des: 0.264, frac_lost: 0.500, li_recovered:  10.948
    12 |      480 |     25 |  0.0418299195 |         nadir
L: 0.75, u_super: 0.00033, sec: 161.942, prod: 0.001589, t_ads: 2488.0, t_des: 2370.0, bed_util_ads: 0.449, bed_util_des: 0.341, frac_lost: 0.500, li_recovered:  7.721
L: 0.55, u_super: 0.00527, sec: 37268.707, prod: 0.001855, t_ads: 93.0, t_des: 201.0, bed_util_ads: 0.365, bed_util_des: 0.357, frac_lost: 0.504, li_recovered:  0.545
L: 0.57, u_super: 0.00019, sec: 55.191, prod: 0.001487, t_ads: 3877.0, t_des: 3684.0, bed_util_ads: 0.465, bed_util_des: 0.308, frac_lost: 0.500, li_recovered:  11.243
L: 0.58, u_super: 0.00382, sec: 19060.523, prod: 0.001869, t_ads: 135.0, t_des: 238.0, bed_util_ads: 0.386, bed_util_des: 0.377, frac_lost: 0.503, li_recovered:  0.697
L: 0.81, u_super: 0.00015, sec: 46.401, prod: 0.001152, t_ads: 10081.0, t_des: 10138.0, bed_util_ads: 0.546, bed_util_des: 0.220, frac_lost: 0.500, li_recovered:  23.296
L: 0.55, u_super: 0.00572, sec: 44675.684, prod: 0.001833, t_ads: 85.0, t_des: 200.0, bed_util_ads: 0.356, bed_util_des: 0.348, frac_lost: 0.503, li_recovered:  0.522
L: 0.53, u_super: 0.00068, sec: 582.387, prod: 0.001832, t_ads: 744.0, t_des: 1072.0, bed_util_ads: 0.401, bed_util_des: 0.355, frac_lost: 0.500, li_recovered:  3.327
L: 0.60, u_super: 0.00013, sec: 33.730, prod: 0.001179, t_ads: 6504.0, t_des: 5599.0, bed_util_ads: 0.505, bed_util_des: 0.305, frac_lost: 0.500, li_recovered:  14.273
L: 0.99, u_super: 0.00307, sec: 12258.650, prod: 0.001860, t_ads: 290.0, t_des: 527.0, bed_util_ads: 0.380, bed_util_des: 0.358, frac_lost: 0.501, li_recovered:  1.520
L: 0.64, u_super: 0.00011, sec: 28.196, prod: 0.001006, t_ads: 8509.0, t_des: 7042.0, bed_util_ads: 0.527, bed_util_des: 0.308, frac_lost: 0.500, li_recovered:  15.648
L: 0.81, u_super: 0.00017, sec: 56.075, prod: 0.001251, t_ads: 8613.0, t_des: 9378.0, bed_util_ads: 0.527, bed_util_des: 0.213, frac_lost: 0.500, li_recovered:  22.508
L: 0.63, u_super: 0.00165, sec: 3486.134, prod: 0.001858, t_ads: 349.0, t_des: 609.0, bed_util_ads: 0.383, bed_util_des: 0.358, frac_lost: 0.500, li_recovered:  1.780
L: 0.64, u_super: 0.00005, sec: 10.726, prod: 0.000542, t_ads: 22577.0, t_des: 17157.0, bed_util_ads: 0.609, bed_util_des: 0.308, frac_lost: 0.500, li_recovered:  21.536
L: 0.60, u_super: 0.00020, sec: 61.366, prod: 0.001479, t_ads: 3832.0, t_des: 3587.0, bed_util_ads: 0.465, bed_util_des: 0.312, frac_lost: 0.500, li_recovered:  10.970
L: 0.56, u_super: 0.00065, sec: 533.991, prod: 0.001825, t_ads: 859.0, t_des: 1531.0, bed_util_ads: 0.379, bed_util_des: 0.318, frac_lost: 0.500, li_recovered:  4.363
L: 0.82, u_super: 0.00115, sec: 1672.720, prod: 0.001844, t_ads: 679.0, t_des: 1119.0, bed_util_ads: 0.387, bed_util_des: 0.341, frac_lost: 0.500, li_recovered:  3.316
L: 0.55, u_super: 0.00010, sec: 20.509, prod: 0.001036, t_ads: 8968.0, t_des: 7695.0, bed_util_ads: 0.532, bed_util_des: 0.290, frac_lost: 0.500, li_recovered:  17.266
L: 0.63, u_super: 0.00176, sec: 3979.188, prod: 0.001854, t_ads: 325.0, t_des: 500.0, bed_util_ads: 0.398, bed_util_des: 0.377, frac_lost: 0.501, li_recovered:  1.530
L: 0.63, u_super: 0.00176, sec: 3984.621, prod: 0.001852, t_ads: 328.0, t_des: 638.0, bed_util_ads: 0.371, bed_util_des: 0.346, frac_lost: 0.501, li_recovered:  1.789
L: 0.55, u_super: 0.00020, sec: 66.276, prod: 0.001369, t_ads: 3034.0, t_des: 2415.0, bed_util_ads: 0.471, bed_util_des: 0.367, frac_lost: 0.500, li_recovered:  7.460
L: 0.72, u_super: 0.00014, sec: 43.967, prod: 0.001034, t_ads: 6830.0, t_des: 5381.0, bed_util_ads: 0.511, bed_util_des: 0.335, frac_lost: 0.500, li_recovered:  12.629
L: 0.51, u_super: 0.00006, sec: 12.459, prod: 0.000693, t_ads: 11174.0, t_des: 8008.0, bed_util_ads: 0.542, bed_util_des: 0.356, frac_lost: 0.500, li_recovered:  13.301
L: 0.88, u_super: 0.00319, sec: 13210.520, prod: 0.001861, t_ads: 247.0, t_des: 430.0, bed_util_ads: 0.385, bed_util_des: 0.368, frac_lost: 0.500, li_recovered:  1.260
L: 1.41, u_super: 0.00441, sec: 25662.625, prod: 0.001860, t_ads: 289.0, t_des: 491.0, bed_util_ads: 0.387, bed_util_des: 0.367, frac_lost: 0.501, li_recovered:  1.451
L: 0.53, u_super: 0.00068, sec: 582.826, prod: 0.001831, t_ads: 743.0, t_des: 1065.0, bed_util_ads: 0.402, bed_util_des: 0.356, frac_lost: 0.500, li_recovered:  3.310
L: 0.52, u_super: 0.00005, sec: 9.589, prod: 0.000638, t_ads: 16644.0, t_des: 12716.0, bed_util_ads: 0.580, bed_util_des: 0.318, frac_lost: 0.500, li_recovered:  18.734
L: 0.63, u_super: 0.00174, sec: 3859.547, prod: 0.001861, t_ads: 331.0, t_des: 577.0, bed_util_ads: 0.384, bed_util_des: 0.360, frac_lost: 0.501, li_recovered:  1.690
L: 0.71, u_super: 0.00033, sec: 156.772, prod: 0.001611, t_ads: 2358.0, t_des: 2297.0, bed_util_ads: 0.446, bed_util_des: 0.341, frac_lost: 0.500, li_recovered:  7.499
L: 0.71, u_super: 0.00008, sec: 23.195, prod: 0.000666, t_ads: 11930.0, t_des: 8531.0, bed_util_ads: 0.546, bed_util_des: 0.356, frac_lost: 0.500, li_recovered:  13.631
L: 0.50, u_super: 0.00008, sec: 17.959, prod: 0.000871, t_ads: 7836.0, t_des: 5748.0, bed_util_ads: 0.521, bed_util_des: 0.355, frac_lost: 0.500, li_recovered:  11.835
L: 0.55, u_super: 0.00584, sec: 46137.344, prod: 0.001855, t_ads: 83.0, t_des: 166.0, bed_util_ads: 0.374, bed_util_des: 0.367, frac_lost: 0.500, li_recovered:  0.462
L: 0.72, u_super: 0.00011, sec: 29.707, prod: 0.000902, t_ads: 10341.0, t_des: 8415.0, bed_util_ads: 0.543, bed_util_des: 0.307, frac_lost: 0.500, li_recovered:  16.917
L: 0.61, u_super: 0.00084, sec: 894.247, prod: 0.001827, t_ads: 709.0, t_des: 1364.0, bed_util_ads: 0.371, bed_util_des: 0.318, frac_lost: 0.500, li_recovered:  3.787
L: 1.02, u_super: 0.00527, sec: 37144.621, prod: 0.001862, t_ads: 171.0, t_des: 316.0, bed_util_ads: 0.380, bed_util_des: 0.367, frac_lost: 0.500, li_recovered:  0.907
L: 0.90, u_super: 0.00454, sec: 27259.480, prod: 0.001861, t_ads: 177.0, t_des: 325.0, bed_util_ads: 0.380, bed_util_des: 0.367, frac_lost: 0.501, li_recovered:  0.934
L: 0.95, u_super: 0.00221, sec: 6250.749, prod: 0.001860, t_ads: 393.0, t_des: 659.0, bed_util_ads: 0.387, bed_util_des: 0.360, frac_lost: 0.501, li_recovered:  1.956
L: 0.58, u_super: 0.00419, sec: 23201.496, prod: 0.001858, t_ads: 123.0, t_des: 256.0, bed_util_ads: 0.368, bed_util_des: 0.358, frac_lost: 0.502, li_recovered:  0.704
L: 1.05, u_super: 0.00056, sec: 424.544, prod: 0.001706, t_ads: 2096.0, t_des: 2436.0, bed_util_ads: 0.428, bed_util_des: 0.320, frac_lost: 0.500, li_recovered:  7.732
L: 0.51, u_super: 0.00015, sec: 39.526, prod: 0.001235, t_ads: 4101.0, t_des: 3188.0, bed_util_ads: 0.484, bed_util_des: 0.358, frac_lost: 0.500, li_recovered:  9.002
L: 0.81, u_super: 0.00065, sec: 560.542, prod: 0.001759, t_ads: 1251.0, t_des: 1484.0, bed_util_ads: 0.421, bed_util_des: 0.354, frac_lost: 0.500, li_recovered:  4.812
    13 |      520 |     31 |  0.0259649980 |         nadir
L: 0.55, u_super: 0.00431, sec: 24527.617, prod: 0.001864, t_ads: 113.0, t_des: 220.0, bed_util_ads: 0.376, bed_util_des: 0.367, frac_lost: 0.501, li_recovered:  0.621
L: 0.81, u_super: 0.00074, sec: 763.894, prod: 0.001689, t_ads: 1032.0, t_des: 1056.0, bed_util_ads: 0.438, bed_util_des: 0.389, frac_lost: 0.500, li_recovered:  3.526
L: 0.60, u_super: 0.00115, sec: 1673.015, prod: 0.001844, t_ads: 477.0, t_des: 710.0, bed_util_ads: 0.400, bed_util_des: 0.369, frac_lost: 0.500, li_recovered:  2.189
L: 0.81, u_super: 0.00015, sec: 45.708, prod: 0.001108, t_ads: 9210.0, t_des: 8444.0, bed_util_ads: 0.535, bed_util_des: 0.261, frac_lost: 0.500, li_recovered:  19.555
L: 0.58, u_super: 0.00405, sec: 21483.602, prod: 0.001869, t_ads: 127.0, t_des: 223.0, bed_util_ads: 0.387, bed_util_des: 0.378, frac_lost: 0.502, li_recovered:  0.654
L: 0.52, u_super: 0.00010, sec: 21.499, prod: 0.001085, t_ads: 7520.0, t_des: 6333.0, bed_util_ads: 0.517, bed_util_des: 0.307, frac_lost: 0.500, li_recovered:  15.030
L: 0.51, u_super: 0.00005, sec: 9.325, prod: 0.000656, t_ads: 15955.0, t_des: 12224.0, bed_util_ads: 0.577, bed_util_des: 0.318, frac_lost: 0.500, li_recovered:  18.490
L: 0.83, u_super: 0.00287, sec: 10662.266, prod: 0.001860, t_ads: 260.0, t_des: 451.0, bed_util_ads: 0.385, bed_util_des: 0.367, frac_lost: 0.500, li_recovered:  1.322
L: 1.41, u_super: 0.00419, sec: 23181.223, prod: 0.001860, t_ads: 303.0, t_des: 536.0, bed_util_ads: 0.382, bed_util_des: 0.361, frac_lost: 0.500, li_recovered:  1.561
L: 0.60, u_super: 0.00575, sec: 44429.016, prod: 0.001867, t_ads: 92.0, t_des: 183.0, bed_util_ads: 0.374, bed_util_des: 0.367, frac_lost: 0.503, li_recovered:  0.513
L: 0.97, u_super: 0.00308, sec: 12452.479, prod: 0.001839, t_ads: 286.0, t_des: 600.0, bed_util_ads: 0.364, bed_util_des: 0.341, frac_lost: 0.500, li_recovered:  1.630
L: 0.55, u_super: 0.00019, sec: 57.114, prod: 0.001521, t_ads: 3493.0, t_des: 3335.0, bed_util_ads: 0.460, bed_util_des: 0.314, frac_lost: 0.500, li_recovered:  10.383
L: 0.60, u_super: 0.00020, sec: 61.361, prod: 0.001479, t_ads: 3833.0, t_des: 3588.0, bed_util_ads: 0.465, bed_util_des: 0.312, frac_lost: 0.500, li_recovered:  10.974
L: 0.59, u_super: 0.00174, sec: 3855.790, prod: 0.001863, t_ads: 309.0, t_des: 535.0, bed_util_ads: 0.385, bed_util_des: 0.363, frac_lost: 0.501, li_recovered:  1.573
L: 0.55, u_super: 0.00180, sec: 4245.739, prod: 0.001819, t_ads: 279.0, t_des: 640.0, bed_util_ads: 0.354, bed_util_des: 0.331, frac_lost: 0.501, li_recovered:  1.672
L: 0.69, u_super: 0.00014, sec: 39.874, prod: 0.001133, t_ads: 7126.0, t_des: 6105.0, bed_util_ads: 0.512, bed_util_des: 0.302, frac_lost: 0.500, li_recovered:  14.993
L: 0.56, u_super: 0.00085, sec: 926.230, prod: 0.001806, t_ads: 648.0, t_des: 1384.0, bed_util_ads: 0.360, bed_util_des: 0.309, frac_lost: 0.500, li_recovered:  3.671
L: 0.55, u_super: 0.00532, sec: 37725.426, prod: 0.001871, t_ads: 92.0, t_des: 183.0, bed_util_ads: 0.374, bed_util_des: 0.367, frac_lost: 0.504, li_recovered:  0.514
L: 0.52, u_super: 0.00038, sec: 188.436, prod: 0.001787, t_ads: 1460.0, t_des: 2182.0, bed_util_ads: 0.400, bed_util_des: 0.309, frac_lost: 0.500, li_recovered:  6.508
L: 0.52, u_super: 0.00010, sec: 24.923, prod: 0.000991, t_ads: 6299.0, t_des: 4687.0, bed_util_ads: 0.508, bed_util_des: 0.356, frac_lost: 0.500, li_recovered:  10.888
L: 0.79, u_super: 0.00019, sec: 66.778, prod: 0.001229, t_ads: 5709.0, t_des: 4889.0, bed_util_ads: 0.496, bed_util_des: 0.314, frac_lost: 0.500, li_recovered:  13.025
L: 0.64, u_super: 0.00240, sec: 7597.787, prod: 0.001814, t_ads: 240.0, t_des: 562.0, bed_util_ads: 0.352, bed_util_des: 0.332, frac_lost: 0.501, li_recovered:  1.455
L: 0.58, u_super: 0.00382, sec: 20516.115, prod: 0.001736, t_ads: 134.0, t_des: 153.0, bed_util_ads: 0.438, bed_util_des: 0.431, frac_lost: 0.503, li_recovered:  0.498
L: 0.51, u_super: 0.00008, sec: 17.020, prod: 0.000841, t_ads: 8424.0, t_des: 6184.0, bed_util_ads: 0.525, bed_util_des: 0.354, frac_lost: 0.500, li_recovered:  12.278
L: 0.98, u_super: 0.00552, sec: 40857.859, prod: 0.001862, t_ads: 158.0, t_des: 295.0, bed_util_ads: 0.379, bed_util_des: 0.367, frac_lost: 0.500, li_recovered:  0.844
L: 0.56, u_super: 0.00005, sec: 10.089, prod: 0.000606, t_ads: 17965.0, t_des: 13656.0, bed_util_ads: 0.586, bed_util_des: 0.318, frac_lost: 0.500, li_recovered:  19.178
L: 0.51, u_super: 0.00006, sec: 12.474, prod: 0.000693, t_ads: 11196.0, t_des: 8023.0, bed_util_ads: 0.542, bed_util_des: 0.356, frac_lost: 0.500, li_recovered:  13.310
L: 0.88, u_super: 0.00114, sec: 1673.839, prod: 0.001822, t_ads: 734.0, t_des: 1000.0, bed_util_ads: 0.408, bed_util_des: 0.364, frac_lost: 0.500, li_recovered:  3.159
L: 1.67, u_super: 0.00415, sec: 23209.850, prod: 0.001818, t_ads: 362.0, t_des: 482.0, bed_util_ads: 0.414, bed_util_des: 0.393, frac_lost: 0.501, li_recovered:  1.534
L: 0.58, u_super: 0.00005, sec: 10.461, prod: 0.000585, t_ads: 18964.0, t_des: 14364.0, bed_util_ads: 0.591, bed_util_des: 0.318, frac_lost: 0.500, li_recovered:  19.494
L: 0.81, u_super: 0.00056, sec: 460.466, prod: 0.001594, t_ads: 1409.0, t_des: 1279.0, bed_util_ads: 0.450, bed_util_des: 0.390, frac_lost: 0.500, li_recovered:  4.285
L: 0.58, u_super: 0.00367, sec: 17596.602, prod: 0.001866, t_ads: 140.0, t_des: 246.0, bed_util_ads: 0.387, bed_util_des: 0.377, frac_lost: 0.501, li_recovered:  0.720
L: 0.60, u_super: 0.00018, sec: 53.313, prod: 0.001438, t_ads: 4352.0, t_des: 4082.0, bed_util_ads: 0.472, bed_util_des: 0.303, frac_lost: 0.500, li_recovered:  12.129
L: 0.51, u_super: 0.00005, sec: 9.437, prod: 0.000633, t_ads: 15306.0, t_des: 11436.0, bed_util_ads: 0.569, bed_util_des: 0.333, frac_lost: 0.500, li_recovered:  16.934
L: 0.57, u_super: 0.00019, sec: 55.128, prod: 0.001489, t_ads: 3884.0, t_des: 3702.0, bed_util_ads: 0.465, bed_util_des: 0.307, frac_lost: 0.500, li_recovered:  11.293
L: 0.81, u_super: 0.00055, sec: 408.933, prod: 0.001709, t_ads: 1514.0, t_des: 1639.0, bed_util_ads: 0.431, bed_util_des: 0.356, frac_lost: 0.500, li_recovered:  5.389
L: 1.41, u_super: 0.00371, sec: 18026.490, prod: 0.001862, t_ads: 345.0, t_des: 601.0, bed_util_ads: 0.384, bed_util_des: 0.359, frac_lost: 0.501, li_recovered:  1.761
L: 0.71, u_super: 0.00009, sec: 23.846, prod: 0.000803, t_ads: 12329.0, t_des: 9807.0, bed_util_ads: 0.558, bed_util_des: 0.309, frac_lost: 0.500, li_recovered:  17.779
L: 0.53, u_super: 0.00338, sec: 14835.632, prod: 0.001870, t_ads: 139.0, t_des: 264.0, bed_util_ads: 0.378, bed_util_des: 0.368, frac_lost: 0.502, li_recovered:  0.753
L: 0.87, u_super: 0.00006, sec: 20.496, prod: 0.000472, t_ads: 19807.0, t_des: 13775.0, bed_util_ads: 0.579, bed_util_des: 0.357, frac_lost: 0.500, li_recovered:  15.861
    14 |      560 |     29 |  0.0148110876 |         nadir
L: 0.58, u_super: 0.00174, sec: 3864.405, prod: 0.001859, t_ads: 301.0, t_des: 488.0, bed_util_ads: 0.392, bed_util_des: 0.372, frac_lost: 0.500, li_recovered:  1.467
L: 0.58, u_super: 0.00031, sec: 127.302, prod: 0.001703, t_ads: 2355.0, t_des: 3707.0, bed_util_ads: 0.408, bed_util_des: 0.263, frac_lost: 0.500, li_recovered:  10.326
L: 0.88, u_super: 0.00005, sec: 14.673, prod: 0.000417, t_ads: 31250.0, t_des: 22945.0, bed_util_ads: 0.633, bed_util_des: 0.317, frac_lost: 0.500, li_recovered:  22.600
L: 0.50, u_super: 0.00008, sec: 17.909, prod: 0.000874, t_ads: 7865.0, t_des: 5785.0, bed_util_ads: 0.521, bed_util_des: 0.354, frac_lost: 0.500, li_recovered:  11.925
L: 0.51, u_super: 0.00338, sec: 17838.148, prod: 0.001555, t_ads: 135.0, t_des: 545.0, bed_util_ads: 0.297, bed_util_des: 0.282, frac_lost: 0.501, li_recovered:  1.057
L: 0.50, u_super: 0.00005, sec: 9.381, prod: 0.000637, t_ads: 15169.0, t_des: 11339.0, bed_util_ads: 0.569, bed_util_des: 0.333, frac_lost: 0.500, li_recovered:  16.884
L: 0.58, u_super: 0.00018, sec: 50.985, prod: 0.001454, t_ads: 4261.0, t_des: 4039.0, bed_util_ads: 0.470, bed_util_des: 0.301, frac_lost: 0.500, li_recovered:  12.070
L: 0.63, u_super: 0.00176, sec: 3969.058, prod: 0.001859, t_ads: 326.0, t_des: 559.0, bed_util_ads: 0.385, bed_util_des: 0.362, frac_lost: 0.500, li_recovered:  1.645
L: 0.69, u_super: 0.00013, sec: 34.995, prod: 0.001143, t_ads: 8678.0, t_des: 8034.0, bed_util_ads: 0.529, bed_util_des: 0.262, frac_lost: 0.500, li_recovered:  19.110
L: 0.80, u_super: 0.00519, sec: 35868.035, prod: 0.001868, t_ads: 137.0, t_des: 265.0, bed_util_ads: 0.376, bed_util_des: 0.366, frac_lost: 0.502, li_recovered:  0.751
L: 0.58, u_super: 0.00419, sec: 23072.590, prod: 0.001866, t_ads: 123.0, t_des: 236.0, bed_util_ads: 0.377, bed_util_des: 0.368, frac_lost: 0.501, li_recovered:  0.670
L: 0.55, u_super: 0.00019, sec: 56.357, prod: 0.001541, t_ads: 3581.0, t_des: 3566.0, bed_util_ads: 0.458, bed_util_des: 0.303, frac_lost: 0.500, li_recovered:  11.014
L: 0.51, u_super: 0.00005, sec: 8.643, prod: 0.000708, t_ads: 19453.0, t_des: 16162.0, bed_util_ads: 0.612, bed_util_des: 0.260, frac_lost: 0.500, li_recovered:  25.214
L: 0.80, u_super: 0.00007, sec: 20.751, prod: 0.000540, t_ads: 16597.0, t_des: 11718.0, bed_util_ads: 0.568, bed_util_des: 0.354, frac_lost: 0.500, li_recovered:  15.284
L: 0.90, u_super: 0.00117, sec: 1767.913, prod: 0.001814, t_ads: 761.0, t_des: 1520.0, bed_util_ads: 0.367, bed_util_des: 0.310, frac_lost: 0.500, li_recovered:  4.137
L: 0.75, u_super: 0.00010, sec: 29.034, prod: 0.000845, t_ads: 11561.0, t_des: 9316.0, bed_util_ads: 0.553, bed_util_des: 0.306, frac_lost: 0.500, li_recovered:  17.638
L: 0.58, u_super: 0.00025, sec: 88.764, prod: 0.001648, t_ads: 2787.0, t_des: 3102.0, bed_util_ads: 0.439, bed_util_des: 0.303, frac_lost: 0.500, li_recovered:  9.703
L: 0.53, u_super: 0.00083, sec: 876.526, prod: 0.001850, t_ads: 599.0, t_des: 1012.0, bed_util_ads: 0.385, bed_util_des: 0.343, frac_lost: 0.500, li_recovered:  2.981
L: 0.57, u_super: 0.00150, sec: 3117.384, prod: 0.001711, t_ads: 356.0, t_des: 1044.0, bed_util_ads: 0.328, bed_util_des: 0.294, frac_lost: 0.501, li_recovered:  2.396
L: 0.55, u_super: 0.00575, sec: 44078.117, prod: 0.001882, t_ads: 85.0, t_des: 145.0, bed_util_ads: 0.393, bed_util_des: 0.387, frac_lost: 0.505, li_recovered:  0.433
L: 0.81, u_super: 0.00376, sec: 18496.652, prod: 0.001866, t_ads: 192.0, t_des: 328.0, bed_util_ads: 0.389, bed_util_des: 0.375, frac_lost: 0.502, li_recovered:  0.970
L: 0.92, u_super: 0.00346, sec: 15632.215, prod: 0.001860, t_ads: 237.0, t_des: 387.0, bed_util_ads: 0.393, bed_util_des: 0.376, frac_lost: 0.501, li_recovered:  1.160
L: 0.50, u_super: 0.00015, sec: 37.357, prod: 0.001333, t_ads: 4148.0, t_des: 3478.0, bed_util_ads: 0.478, bed_util_des: 0.336, frac_lost: 0.500, li_recovered:  10.162
L: 0.52, u_super: 0.00010, sec: 26.722, prod: 0.000873, t_ads: 5754.0, t_des: 3836.0, bed_util_ads: 0.508, bed_util_des: 0.391, frac_lost: 0.500, li_recovered:  8.371
L: 0.63, u_super: 0.00201, sec: 5188.005, prod: 0.001862, t_ads: 285.0, t_des: 520.0, bed_util_ads: 0.379, bed_util_des: 0.358, frac_lost: 0.501, li_recovered:  1.499
L: 0.52, u_super: 0.00424, sec: 23440.789, prod: 0.001879, t_ads: 109.0, t_des: 183.0, bed_util_ads: 0.394, bed_util_des: 0.386, frac_lost: 0.504, li_recovered:  0.549
L: 0.56, u_super: 0.00059, sec: 446.702, prod: 0.001821, t_ads: 954.0, t_des: 1664.0, bed_util_ads: 0.382, bed_util_des: 0.315, frac_lost: 0.500, li_recovered:  4.766
L: 0.58, u_super: 0.00405, sec: 21496.635, prod: 0.001868, t_ads: 127.0, t_des: 221.0, bed_util_ads: 0.388, bed_util_des: 0.379, frac_lost: 0.502, li_recovered:  0.650
L: 0.57, u_super: 0.00039, sec: 199.064, prod: 0.001775, t_ads: 1595.0, t_des: 2275.0, bed_util_ads: 0.405, bed_util_des: 0.309, frac_lost: 0.500, li_recovered:  6.869
L: 0.53, u_super: 0.00338, sec: 14873.240, prod: 0.001869, t_ads: 138.0, t_des: 243.0, bed_util_ads: 0.387, bed_util_des: 0.377, frac_lost: 0.501, li_recovered:  0.712
L: 0.55, u_super: 0.00575, sec: 44065.809, prod: 0.001883, t_ads: 85.0, t_des: 156.0, bed_util_ads: 0.384, bed_util_des: 0.378, frac_lost: 0.505, li_recovered:  0.454
L: 0.88, u_super: 0.00320, sec: 13340.565, prod: 0.001863, t_ads: 246.0, t_des: 407.0, bed_util_ads: 0.391, bed_util_des: 0.374, frac_lost: 0.501, li_recovered:  1.216
L: 0.51, u_super: 0.00008, sec: 16.530, prod: 0.000886, t_ads: 8858.0, t_des: 6801.0, bed_util_ads: 0.529, bed_util_des: 0.335, frac_lost: 0.500, li_recovered:  13.876
L: 0.82, u_super: 0.00453, sec: 28127.041, prod: 0.001800, t_ads: 161.0, t_des: 400.0, bed_util_ads: 0.347, bed_util_des: 0.333, frac_lost: 0.501, li_recovered:  1.010
L: 0.55, u_super: 0.00527, sec: 37084.582, prod: 0.001865, t_ads: 92.0, t_des: 169.0, bed_util_ads: 0.383, bed_util_des: 0.377, frac_lost: 0.500, li_recovered:  0.487
L: 0.60, u_super: 0.00362, sec: 17134.605, prod: 0.001862, t_ads: 147.0, t_des: 258.0, bed_util_ads: 0.387, bed_util_des: 0.376, frac_lost: 0.500, li_recovered:  0.754
L: 0.68, u_super: 0.00176, sec: 3969.745, prod: 0.001859, t_ads: 349.0, t_des: 609.0, bed_util_ads: 0.383, bed_util_des: 0.358, frac_lost: 0.500, li_recovered:  1.781
L: 0.76, u_super: 0.00021, sec: 85.138, prod: 0.001221, t_ads: 4140.0, t_des: 3196.0, bed_util_ads: 0.485, bed_util_des: 0.360, frac_lost: 0.500, li_recovered:  8.956
L: 0.77, u_super: 0.00175, sec: 3985.047, prod: 0.001816, t_ads: 413.0, t_des: 923.0, bed_util_ads: 0.356, bed_util_des: 0.322, frac_lost: 0.501, li_recovered:  2.426
L: 0.59, u_super: 0.00165, sec: 3461.341, prod: 0.001857, t_ads: 326.0, t_des: 526.0, bed_util_ads: 0.392, bed_util_des: 0.370, frac_lost: 0.500, li_recovered:  1.582
    15 |      600 |     30 |  0.0049607066 |         ideal
L: 0.69, u_super: 0.00013, sec: 34.432, prod: 0.001162, t_ads: 9177.0, t_des: 8849.0, bed_util_ads: 0.535, bed_util_des: 0.242, frac_lost: 0.500, li_recovered:  20.950
L: 0.55, u_super: 0.00018, sec: 49.613, prod: 0.001494, t_ads: 3964.0, t_des: 3843.0, bed_util_ads: 0.465, bed_util_des: 0.301, frac_lost: 0.500, li_recovered:  11.667
L: 0.63, u_super: 0.00337, sec: 14840.960, prod: 0.001858, t_ads: 168.0, t_des: 335.0, bed_util_ads: 0.371, bed_util_des: 0.358, frac_lost: 0.502, li_recovered:  0.934
L: 0.51, u_super: 0.00005, sec: 9.271, prod: 0.000654, t_ads: 16051.0, t_des: 12292.0, bed_util_ads: 0.577, bed_util_des: 0.318, frac_lost: 0.500, li_recovered:  18.523
L: 0.55, u_super: 0.00416, sec: 22762.951, prod: 0.001863, t_ads: 118.0, t_des: 229.0, bed_util_ads: 0.376, bed_util_des: 0.367, frac_lost: 0.501, li_recovered:  0.646
L: 0.50, u_super: 0.00022, sec: 73.355, prod: 0.001592, t_ads: 2476.0, t_des: 2366.0, bed_util_ads: 0.448, bed_util_des: 0.341, frac_lost: 0.500, li_recovered:  7.708
L: 0.54, u_super: 0.00585, sec: 48078.730, prod: 0.001787, t_ads: 82.0, t_des: 217.0, bed_util_ads: 0.343, bed_util_des: 0.335, frac_lost: 0.501, li_recovered:  0.534
L: 0.95, u_super: 0.00149, sec: 2858.101, prod: 0.001840, t_ads: 595.0, t_des: 871.0, bed_util_ads: 0.401, bed_util_des: 0.363, frac_lost: 0.500, li_recovered:  2.698
L: 0.63, u_super: 0.00010, sec: 28.432, prod: 0.000869, t_ads: 7851.0, t_des: 5753.0, bed_util_ads: 0.521, bed_util_des: 0.356, frac_lost: 0.500, li_recovered:  11.818
L: 0.51, u_super: 0.00009, sec: 19.139, prod: 0.001008, t_ads: 7795.0, t_des: 6285.0, bed_util_ads: 0.520, bed_util_des: 0.322, frac_lost: 0.500, li_recovered:  14.193
L: 0.58, u_super: 0.00030, sec: 121.595, prod: 0.001699, t_ads: 2428.0, t_des: 3753.0, bed_util_ads: 0.410, bed_util_des: 0.263, frac_lost: 0.500, li_recovered:  10.504
L: 0.50, u_super: 0.00015, sec: 37.354, prod: 0.001333, t_ads: 4147.0, t_des: 3477.0, bed_util_ads: 0.478, bed_util_des: 0.336, frac_lost: 0.500, li_recovered:  10.160
L: 0.66, u_super: 0.00057, sec: 443.240, prod: 0.001718, t_ads: 1120.0, t_des: 1205.0, bed_util_ads: 0.432, bed_util_des: 0.376, frac_lost: 0.500, li_recovered:  3.994
L: 0.55, u_super: 0.00575, sec: 49532.594, prod: 0.001675, t_ads: 85.0, t_des: 287.0, bed_util_ads: 0.317, bed_util_des: 0.308, frac_lost: 0.502, li_recovered:  0.623
L: 0.53, u_super: 0.00174, sec: 3854.127, prod: 0.001864, t_ads: 275.0, t_des: 487.0, bed_util_ads: 0.383, bed_util_des: 0.363, frac_lost: 0.501, li_recovered:  1.420
L: 0.68, u_super: 0.00019, sec: 59.740, prod: 0.001442, t_ads: 5263.0, t_des: 5541.0, bed_util_ads: 0.479, bed_util_des: 0.261, frac_lost: 0.500, li_recovered:  15.582
L: 0.53, u_super: 0.00338, sec: 15024.900, prod: 0.001850, t_ads: 139.0, t_des: 299.0, bed_util_ads: 0.364, bed_util_des: 0.352, frac_lost: 0.503, li_recovered:  0.810
L: 0.56, u_super: 0.00424, sec: 23580.811, prod: 0.001868, t_ads: 117.0, t_des: 194.0, bed_util_ads: 0.394, bed_util_des: 0.386, frac_lost: 0.503, li_recovered:  0.581
L: 0.58, u_super: 0.00010, sec: 21.234, prod: 0.001001, t_ads: 9807.0, t_des: 8427.0, bed_util_ads: 0.540, bed_util_des: 0.285, frac_lost: 0.500, li_recovered:  18.249
L: 0.81, u_super: 0.00177, sec: 4018.693, prod: 0.001857, t_ads: 422.0, t_des: 714.0, bed_util_ads: 0.386, bed_util_des: 0.356, frac_lost: 0.500, li_recovered:  2.110
L: 0.59, u_super: 0.00006, sec: 13.296, prod: 0.000716, t_ads: 15548.0, t_des: 12326.0, bed_util_ads: 0.580, bed_util_des: 0.300, frac_lost: 0.500, li_recovered:  19.965
L: 0.87, u_super: 0.00458, sec: 27688.131, prod: 0.001865, t_ads: 169.0, t_des: 277.0, bed_util_ads: 0.394, bed_util_des: 0.382, frac_lost: 0.502, li_recovered:  0.832
L: 0.50, u_super: 0.00575, sec: 44129.684, prod: 0.001880, t_ads: 77.0, t_des: 148.0, bed_util_ads: 0.380, bed_util_des: 0.374, frac_lost: 0.504, li_recovered:  0.423
L: 0.55, u_super: 0.00011, sec: 32.845, prod: 0.000933, t_ads: 5340.0, t_des: 3634.0, bed_util_ads: 0.504, bed_util_des: 0.387, frac_lost: 0.500, li_recovered:  8.370
L: 0.88, u_super: 0.00323, sec: 15117.159, prod: 0.001675, t_ads: 249.0, t_des: 803.0, bed_util_ads: 0.319, bed_util_des: 0.294, frac_lost: 0.501, li_recovered:  1.762
L: 0.56, u_super: 0.00005, sec: 9.445, prod: 0.000647, t_ads: 22334.0, t_des: 18269.0, bed_util_ads: 0.626, bed_util_des: 0.259, frac_lost: 0.500, li_recovered:  26.270
L: 0.50, u_super: 0.00527, sec: 37210.371, prod: 0.001858, t_ads: 84.0, t_des: 181.0, bed_util_ads: 0.366, bed_util_des: 0.359, frac_lost: 0.502, li_recovered:  0.492
L: 0.57, u_super: 0.00534, sec: 42890.562, prod: 0.001656, t_ads: 95.0, t_des: 334.0, bed_util_ads: 0.312, bed_util_des: 0.302, frac_lost: 0.504, li_recovered:  0.711
L: 0.55, u_super: 0.00029, sec: 121.647, prod: 0.001567, t_ads: 1974.0, t_des: 1767.0, bed_util_ads: 0.452, bed_util_des: 0.370, frac_lost: 0.500, li_recovered:  5.864
L: 0.59, u_super: 0.00338, sec: 14916.498, prod: 0.001859, t_ads: 155.0, t_des: 261.0, bed_util_ads: 0.391, bed_util_des: 0.380, frac_lost: 0.500, li_recovered:  0.774
L: 0.88, u_super: 0.00317, sec: 13032.425, prod: 0.001861, t_ads: 250.0, t_des: 432.0, bed_util_ads: 0.386, bed_util_des: 0.368, frac_lost: 0.501, li_recovered:  1.269
L: 0.51, u_super: 0.00017, sec: 50.947, prod: 0.001298, t_ads: 3266.0, t_des: 2505.0, bed_util_ads: 0.477, bed_util_des: 0.372, frac_lost: 0.500, li_recovered:  7.491
L: 0.60, u_super: 0.00006, sec: 11.946, prod: 0.000636, t_ads: 18126.0, t_des: 14058.0, bed_util_ads: 0.591, bed_util_des: 0.305, frac_lost: 0.500, li_recovered:  20.465
L: 0.59, u_super: 0.00014, sec: 37.893, prod: 0.001229, t_ads: 5526.0, t_des: 4680.0, bed_util_ads: 0.494, bed_util_des: 0.319, frac_lost: 0.500, li_recovered:  12.539
L: 0.56, u_super: 0.00009, sec: 23.126, prod: 0.000828, t_ads: 7611.0, t_des: 5365.0, bed_util_ads: 0.519, bed_util_des: 0.369, frac_lost: 0.500, li_recovered:  10.747
L: 0.51, u_super: 0.00013, sec: 29.696, prod: 0.001348, t_ads: 5420.0, t_des: 5045.0, bed_util_ads: 0.487, bed_util_des: 0.290, frac_lost: 0.500, li_recovered:  14.102
L: 0.58, u_super: 0.00018, sec: 51.015, prod: 0.001453, t_ads: 4256.0, t_des: 4028.0, bed_util_ads: 0.470, bed_util_des: 0.302, frac_lost: 0.500, li_recovered:  12.040
L: 0.51, u_super: 0.00025, sec: 87.828, prod: 0.001644, t_ads: 2287.0, t_des: 2343.0, bed_util_ads: 0.441, bed_util_des: 0.334, frac_lost: 0.500, li_recovered:  7.613
L: 0.55, u_super: 0.00586, sec: 51460.348, prod: 0.001675, t_ads: 84.0, t_des: 286.0, bed_util_ads: 0.316, bed_util_des: 0.307, frac_lost: 0.505, li_recovered:  0.620
L: 0.69, u_super: 0.00005, sec: 11.185, prod: 0.000547, t_ads: 28324.0, t_des: 22480.0, bed_util_ads: 0.649, bed_util_des: 0.261, frac_lost: 0.500, li_recovered:  27.792
    16 |      640 |     32 |  0.0021943467 |             f
L: 0.51, u_super: 0.00427, sec: 23950.547, prod: 0.001873, t_ads: 106.0, t_des: 192.0, bed_util_ads: 0.385, bed_util_des: 0.377, frac_lost: 0.503, li_recovered:  0.558
L: 0.53, u_super: 0.00338, sec: 14875.741, prod: 0.001865, t_ads: 138.0, t_des: 262.0, bed_util_ads: 0.378, bed_util_des: 0.368, frac_lost: 0.501, li_recovered:  0.746
L: 0.63, u_super: 0.00165, sec: 3477.113, prod: 0.001863, t_ads: 349.0, t_des: 612.0, bed_util_ads: 0.383, bed_util_des: 0.358, frac_lost: 0.501, li_recovered:  1.790
L: 1.02, u_super: 0.00040, sec: 266.180, prod: 0.001416, t_ads: 2707.0, t_des: 2184.0, bed_util_ads: 0.467, bed_util_des: 0.370, frac_lost: 0.500, li_recovered:  6.924
L: 0.66, u_super: 0.00171, sec: 3750.816, prod: 0.001851, t_ads: 349.0, t_des: 528.0, bed_util_ads: 0.400, bed_util_des: 0.377, frac_lost: 0.501, li_recovered:  1.623
L: 0.59, u_super: 0.00083, sec: 878.530, prod: 0.001846, t_ads: 672.0, t_des: 1092.0, bed_util_ads: 0.389, bed_util_des: 0.343, frac_lost: 0.500, li_recovered:  3.256
L: 0.55, u_super: 0.00575, sec: 44064.613, prod: 0.001883, t_ads: 85.0, t_des: 143.0, bed_util_ads: 0.395, bed_util_des: 0.389, frac_lost: 0.505, li_recovered:  0.429
L: 1.14, u_super: 0.00567, sec: 43096.746, prod: 0.001866, t_ads: 179.0, t_des: 302.0, bed_util_ads: 0.390, bed_util_des: 0.378, frac_lost: 0.501, li_recovered:  0.898
L: 0.52, u_super: 0.00005, sec: 9.133, prod: 0.000705, t_ads: 19455.0, t_des: 16135.0, bed_util_ads: 0.612, bed_util_des: 0.261, frac_lost: 0.500, li_recovered:  25.104
L: 0.58, u_super: 0.00356, sec: 16583.111, prod: 0.001863, t_ads: 144.0, t_des: 252.0, bed_util_ads: 0.387, bed_util_des: 0.377, frac_lost: 0.500, li_recovered:  0.738
L: 0.52, u_super: 0.00010, sec: 20.139, prod: 0.001095, t_ads: 8254.0, t_des: 7204.0, bed_util_ads: 0.524, bed_util_des: 0.288, frac_lost: 0.500, li_recovered:  16.919
L: 0.50, u_super: 0.00329, sec: 16369.789, prod: 0.001604, t_ads: 137.0, t_des: 511.0, bed_util_ads: 0.305, bed_util_des: 0.290, frac_lost: 0.501, li_recovered:  1.039
L: 0.79, u_super: 0.00378, sec: 18685.627, prod: 0.001868, t_ads: 186.0, t_des: 315.0, bed_util_ads: 0.390, bed_util_des: 0.377, frac_lost: 0.502, li_recovered:  0.936
L: 0.51, u_super: 0.00005, sec: 10.347, prod: 0.000586, t_ads: 13115.0, t_des: 8988.0, bed_util_ads: 0.549, bed_util_des: 0.368, frac_lost: 0.500, li_recovered:  12.942
L: 0.66, u_super: 0.00032, sec: 165.279, prod: 0.001445, t_ads: 2077.0, t_des: 1655.0, bed_util_ads: 0.464, bed_util_des: 0.389, frac_lost: 0.500, li_recovered:  5.394
L: 0.89, u_super: 0.00457, sec: 27648.771, prod: 0.001859, t_ads: 174.0, t_des: 332.0, bed_util_ads: 0.376, bed_util_des: 0.363, frac_lost: 0.501, li_recovered:  0.940
L: 0.51, u_super: 0.00005, sec: 8.553, prod: 0.000698, t_ads: 19488.0, t_des: 16082.0, bed_util_ads: 0.611, bed_util_des: 0.264, frac_lost: 0.500, li_recovered:  24.823
L: 0.52, u_super: 0.00417, sec: 22906.426, prod: 0.001862, t_ads: 111.0, t_des: 204.0, bed_util_ads: 0.382, bed_util_des: 0.374, frac_lost: 0.501, li_recovered:  0.587
L: 0.58, u_super: 0.00025, sec: 89.730, prod: 0.001630, t_ads: 2718.0, t_des: 2854.0, bed_util_ads: 0.443, bed_util_des: 0.316, frac_lost: 0.500, li_recovered:  9.082
L: 0.54, u_super: 0.00152, sec: 2975.110, prod: 0.001848, t_ads: 320.0, t_des: 484.0, bed_util_ads: 0.400, bed_util_des: 0.379, frac_lost: 0.500, li_recovered:  1.486
L: 0.53, u_super: 0.00156, sec: 3110.404, prod: 0.001853, t_ads: 304.0, t_des: 472.0, bed_util_ads: 0.397, bed_util_des: 0.377, frac_lost: 0.500, li_recovered:  1.438
L: 0.53, u_super: 0.00041, sec: 216.716, prod: 0.001783, t_ads: 1326.0, t_des: 1737.0, bed_util_ads: 0.412, bed_util_des: 0.335, frac_lost: 0.500, li_recovered:  5.462
L: 0.58, u_super: 0.00446, sec: 26288.570, prod: 0.001861, t_ads: 115.0, t_des: 203.0, bed_util_ads: 0.387, bed_util_des: 0.379, frac_lost: 0.500, li_recovered:  0.592
L: 0.64, u_super: 0.00081, sec: 845.754, prod: 0.001827, t_ads: 755.0, t_des: 1062.0, bed_util_ads: 0.404, bed_util_des: 0.358, frac_lost: 0.500, li_recovered:  3.320
L: 0.53, u_super: 0.00005, sec: 10.083, prod: 0.000687, t_ads: 16578.0, t_des: 13066.0, bed_util_ads: 0.585, bed_util_des: 0.300, frac_lost: 0.500, li_recovered:  20.374
L: 0.51, u_super: 0.00013, sec: 29.633, prod: 0.001350, t_ads: 5446.0, t_des: 5094.0, bed_util_ads: 0.487, bed_util_des: 0.288, frac_lost: 0.500, li_recovered:  14.233
L: 0.55, u_super: 0.00157, sec: 3146.733, prod: 0.001862, t_ads: 316.0, t_des: 563.0, bed_util_ads: 0.382, bed_util_des: 0.359, frac_lost: 0.501, li_recovered:  1.637
L: 0.50, u_super: 0.00039, sec: 197.697, prod: 0.001795, t_ads: 1368.0, t_des: 2078.0, bed_util_ads: 0.398, bed_util_des: 0.311, frac_lost: 0.500, li_recovered:  6.184
L: 0.59, u_super: 0.00179, sec: 4419.966, prod: 0.001727, t_ads: 304.0, t_des: 869.0, bed_util_ads: 0.330, bed_util_des: 0.302, frac_lost: 0.500, li_recovered:  2.025
L: 0.54, u_super: 0.00594, sec: 47042.668, prod: 0.001881, t_ads: 81.0, t_des: 139.0, bed_util_ads: 0.393, bed_util_des: 0.387, frac_lost: 0.503, li_recovered:  0.414
L: 0.51, u_super: 0.00025, sec: 90.717, prod: 0.001542, t_ads: 2149.0, t_des: 1885.0, bed_util_ads: 0.455, bed_util_des: 0.367, frac_lost: 0.500, li_recovered:  6.221
L: 0.59, u_super: 0.00005, sec: 10.392, prod: 0.000606, t_ads: 20044.0, t_des: 15539.0, bed_util_ads: 0.602, bed_util_des: 0.300, frac_lost: 0.500, li_recovered:  21.568
L: 1.02, u_super: 0.00345, sec: 16267.430, prod: 0.001782, t_ads: 269.0, t_des: 686.0, bed_util_ads: 0.343, bed_util_des: 0.319, frac_lost: 0.501, li_recovered:  1.702
L: 0.58, u_super: 0.00419, sec: 23322.002, prod: 0.001849, t_ads: 123.0, t_des: 261.0, bed_util_ads: 0.366, bed_util_des: 0.356, frac_lost: 0.502, li_recovered:  0.710
L: 0.55, u_super: 0.00173, sec: 3836.861, prod: 0.001850, t_ads: 283.0, t_des: 420.0, bed_util_ads: 0.403, bed_util_des: 0.385, frac_lost: 0.501, li_recovered:  1.300
L: 0.58, u_super: 0.00405, sec: 21679.518, prod: 0.001852, t_ads: 126.0, t_des: 255.0, bed_util_ads: 0.371, bed_util_des: 0.361, frac_lost: 0.501, li_recovered:  0.706
L: 0.51, u_super: 0.00009, sec: 19.562, prod: 0.000979, t_ads: 7555.0, t_des: 5903.0, bed_util_ads: 0.518, bed_util_des: 0.334, frac_lost: 0.500, li_recovered:  13.176
L: 0.51, u_super: 0.00052, sec: 346.630, prod: 0.001824, t_ads: 976.0, t_des: 1470.0, bed_util_ads: 0.397, bed_util_des: 0.334, frac_lost: 0.500, li_recovered:  4.462
L: 0.75, u_super: 0.00575, sec: 44602.535, prod: 0.001860, t_ads: 116.0, t_des: 245.0, bed_util_ads: 0.367, bed_util_des: 0.357, frac_lost: 0.504, li_recovered:  0.671
L: 0.80, u_super: 0.00152, sec: 2965.666, prod: 0.001854, t_ads: 482.0, t_des: 775.0, bed_util_ads: 0.391, bed_util_des: 0.358, frac_lost: 0.500, li_recovered:  2.330
    17 |      680 |     32 |  0.0085253994 |         nadir
L: 0.51, u_super: 0.00007, sec: 14.596, prod: 0.000828, t_ads: 9978.0, t_des: 7623.0, bed_util_ads: 0.538, bed_util_des: 0.334, frac_lost: 0.500, li_recovered:  14.578
L: 0.60, u_super: 0.00024, sec: 85.547, prod: 0.001623, t_ads: 3029.0, t_des: 3301.0, bed_util_ads: 0.444, bed_util_des: 0.300, frac_lost: 0.500, li_recovered:  10.276
L: 0.51, u_super: 0.00171, sec: 3902.049, prod: 0.001766, t_ads: 276.0, t_des: 733.0, bed_util_ads: 0.338, bed_util_des: 0.314, frac_lost: 0.501, li_recovered:  1.782
L: 0.51, u_super: 0.00005, sec: 8.965, prod: 0.000721, t_ads: 18555.0, t_des: 15400.0, bed_util_ads: 0.606, bed_util_des: 0.264, frac_lost: 0.500, li_recovered:  24.469
L: 0.58, u_super: 0.00575, sec: 45151.559, prod: 0.001837, t_ads: 89.0, t_des: 125.0, bed_util_ads: 0.416, bed_util_des: 0.410, frac_lost: 0.502, li_recovered:  0.393
L: 0.55, u_super: 0.00014, sec: 33.740, prod: 0.001254, t_ads: 5353.0, t_des: 4576.0, bed_util_ads: 0.492, bed_util_des: 0.317, frac_lost: 0.500, li_recovered:  12.452
L: 0.58, u_super: 0.00361, sec: 17618.934, prod: 0.001804, t_ads: 143.0, t_des: 353.0, bed_util_ads: 0.348, bed_util_des: 0.336, frac_lost: 0.500, li_recovered:  0.895
L: 0.55, u_super: 0.00575, sec: 46383.625, prod: 0.001789, t_ads: 84.0, t_des: 108.0, bed_util_ads: 0.426, bed_util_des: 0.421, frac_lost: 0.501, li_recovered:  0.343
L: 0.53, u_super: 0.00338, sec: 14853.048, prod: 0.001871, t_ads: 138.0, t_des: 243.0, bed_util_ads: 0.387, bed_util_des: 0.377, frac_lost: 0.503, li_recovered:  0.713
L: 0.50, u_super: 0.00025, sec: 88.481, prod: 0.001653, t_ads: 2213.0, t_des: 2289.0, bed_util_ads: 0.439, bed_util_des: 0.335, frac_lost: 0.500, li_recovered:  7.441
L: 0.58, u_super: 0.00031, sec: 127.493, prod: 0.001701, t_ads: 2363.0, t_des: 3759.0, bed_util_ads: 0.407, bed_util_des: 0.261, frac_lost: 0.500, li_recovered:  10.413
L: 0.52, u_super: 0.00076, sec: 785.582, prod: 0.001721, t_ads: 679.0, t_des: 1795.0, bed_util_ads: 0.340, bed_util_des: 0.280, frac_lost: 0.500, li_recovered:  4.258
L: 0.50, u_super: 0.00039, sec: 229.889, prod: 0.001543, t_ads: 1559.0, t_des: 4579.0, bed_util_ads: 0.347, bed_util_des: 0.215, frac_lost: 0.500, li_recovered:  9.473
L: 0.67, u_super: 0.00009, sec: 23.141, prod: 0.000793, t_ads: 11029.0, t_des: 8457.0, bed_util_ads: 0.546, bed_util_des: 0.330, frac_lost: 0.500, li_recovered:  15.448
L: 0.66, u_super: 0.00005, sec: 10.600, prod: 0.000561, t_ads: 27336.0, t_des: 21785.0, bed_util_ads: 0.646, bed_util_des: 0.261, frac_lost: 0.500, li_recovered:  27.543
L: 0.55, u_super: 0.00653, sec: 57352.328, prod: 0.001882, t_ads: 75.0, t_des: 139.0, bed_util_ads: 0.384, bed_util_des: 0.378, frac_lost: 0.505, li_recovered:  0.403
L: 0.50, u_super: 0.00018, sec: 46.279, prod: 0.001536, t_ads: 3680.0, t_des: 3683.0, bed_util_ads: 0.459, bed_util_des: 0.300, frac_lost: 0.500, li_recovered:  11.313
L: 0.55, u_super: 0.00575, sec: 43964.176, prod: 0.001887, t_ads: 85.0, t_des: 141.0, bed_util_ads: 0.397, bed_util_des: 0.391, frac_lost: 0.505, li_recovered:  0.426
L: 0.51, u_super: 0.00013, sec: 29.312, prod: 0.001340, t_ads: 5483.0, t_des: 5091.0, bed_util_ads: 0.488, bed_util_des: 0.290, frac_lost: 0.500, li_recovered:  14.172
L: 0.66, u_super: 0.00025, sec: 93.494, prod: 0.001564, t_ads: 3169.0, t_des: 3115.0, bed_util_ads: 0.453, bed_util_des: 0.316, frac_lost: 0.500, li_recovered:  9.830
L: 0.53, u_super: 0.00364, sec: 17547.918, prod: 0.001843, t_ads: 129.0, t_des: 184.0, bed_util_ads: 0.412, bed_util_des: 0.404, frac_lost: 0.503, li_recovered:  0.577
L: 0.52, u_super: 0.00005, sec: 8.714, prod: 0.000683, t_ads: 20433.0, t_des: 16848.0, bed_util_ads: 0.617, bed_util_des: 0.261, frac_lost: 0.500, li_recovered:  25.460
L: 0.59, u_super: 0.00005, sec: 10.005, prod: 0.000584, t_ads: 20686.0, t_des: 15909.0, bed_util_ads: 0.603, bed_util_des: 0.304, frac_lost: 0.500, li_recovered:  21.386
L: 0.50, u_super: 0.00038, sec: 186.413, prod: 0.001771, t_ads: 1474.0, t_des: 2564.0, bed_util_ads: 0.387, bed_util_des: 0.287, frac_lost: 0.500, li_recovered:  7.152
L: 0.51, u_super: 0.00008, sec: 17.943, prod: 0.000816, t_ads: 7915.0, t_des: 5600.0, bed_util_ads: 0.521, bed_util_des: 0.367, frac_lost: 0.500, li_recovered:  11.034
L: 0.55, u_super: 0.00523, sec: 36665.430, prod: 0.001859, t_ads: 93.0, t_des: 191.0, bed_util_ads: 0.371, bed_util_des: 0.363, frac_lost: 0.501, li_recovered:  0.528
L: 0.51, u_super: 0.00039, sec: 197.739, prod: 0.001794, t_ads: 1372.0, t_des: 2081.0, bed_util_ads: 0.398, bed_util_des: 0.311, frac_lost: 0.500, li_recovered:  6.195
L: 0.59, u_super: 0.00427, sec: 24002.980, prod: 0.001869, t_ads: 122.0, t_des: 218.0, bed_util_ads: 0.385, bed_util_des: 0.376, frac_lost: 0.503, li_recovered:  0.636
L: 0.79, u_super: 0.00152, sec: 2965.582, prod: 0.001854, t_ads: 476.0, t_des: 768.0, bed_util_ads: 0.391, bed_util_des: 0.358, frac_lost: 0.500, li_recovered:  2.306
L: 0.52, u_super: 0.00424, sec: 23726.158, prod: 0.001857, t_ads: 108.0, t_des: 170.0, bed_util_ads: 0.401, bed_util_des: 0.394, frac_lost: 0.500, li_recovered:  0.516
L: 0.50, u_super: 0.00013, sec: 30.589, prod: 0.001308, t_ads: 5100.0, t_des: 4484.0, bed_util_ads: 0.487, bed_util_des: 0.311, frac_lost: 0.500, li_recovered:  12.538
L: 0.55, u_super: 0.00020, sec: 57.266, prod: 0.001547, t_ads: 3537.0, t_des: 3539.0, bed_util_ads: 0.457, bed_util_des: 0.303, frac_lost: 0.500, li_recovered:  10.948
L: 0.51, u_super: 0.00005, sec: 8.969, prod: 0.000721, t_ads: 18533.0, t_des: 15384.0, bed_util_ads: 0.606, bed_util_des: 0.264, frac_lost: 0.500, li_recovered:  24.460
L: 0.53, u_super: 0.00188, sec: 4487.097, prod: 0.001865, t_ads: 254.0, t_des: 457.0, bed_util_ads: 0.381, bed_util_des: 0.363, frac_lost: 0.501, li_recovered:  1.326
L: 0.57, u_super: 0.00013, sec: 32.151, prod: 0.001245, t_ads: 6382.0, t_des: 5761.0, bed_util_ads: 0.502, bed_util_des: 0.290, frac_lost: 0.500, li_recovered:  15.114
L: 0.59, u_super: 0.00006, sec: 13.471, prod: 0.000707, t_ads: 15072.0, t_des: 11781.0, bed_util_ads: 0.575, bed_util_des: 0.309, frac_lost: 0.500, li_recovered:  18.983
L: 0.52, u_super: 0.00426, sec: 23832.223, prod: 0.001867, t_ads: 108.0, t_des: 181.0, bed_util_ads: 0.394, bed_util_des: 0.386, frac_lost: 0.501, li_recovered:  0.540
L: 0.70, u_super: 0.00527, sec: 37206.672, prod: 0.001858, t_ads: 118.0, t_des: 228.0, bed_util_ads: 0.376, bed_util_des: 0.367, frac_lost: 0.501, li_recovered:  0.643
L: 0.52, u_super: 0.00015, sec: 37.817, prod: 0.001448, t_ads: 4578.0, t_des: 4451.0, bed_util_ads: 0.473, bed_util_des: 0.290, frac_lost: 0.500, li_recovered:  13.075
L: 0.51, u_super: 0.00008, sec: 14.639, prod: 0.001001, t_ads: 11642.0, t_des: 10553.0, bed_util_ads: 0.560, bed_util_des: 0.250, frac_lost: 0.500, li_recovered:  22.210
    18 |      720 |     38 |  0.0036169616 |         ideal
L: 0.58, u_super: 0.00030, sec: 123.390, prod: 0.001701, t_ads: 2404.0, t_des: 3737.0, bed_util_ads: 0.409, bed_util_des: 0.263, frac_lost: 0.500, li_recovered:  10.443
L: 0.53, u_super: 0.00337, sec: 14781.007, prod: 0.001868, t_ads: 138.0, t_des: 243.0, bed_util_ads: 0.387, bed_util_des: 0.377, frac_lost: 0.501, li_recovered:  0.712
L: 0.65, u_super: 0.00565, sec: 50407.879, prod: 0.001585, t_ads: 102.0, t_des: 396.0, bed_util_ads: 0.301, bed_util_des: 0.290, frac_lost: 0.501, li_recovered:  0.789
L: 0.51, u_super: 0.00013, sec: 30.133, prod: 0.001359, t_ads: 5365.0, t_des: 5033.0, bed_util_ads: 0.486, bed_util_des: 0.289, frac_lost: 0.500, li_recovered:  14.132
L: 0.51, u_super: 0.00010, sec: 21.011, prod: 0.001088, t_ads: 7236.0, t_des: 6035.0, bed_util_ads: 0.514, bed_util_des: 0.312, frac_lost: 0.500, li_recovered:  14.438
L: 0.51, u_super: 0.00007, sec: 13.119, prod: 0.000923, t_ads: 12515.0, t_des: 10890.0, bed_util_ads: 0.566, bed_util_des: 0.264, frac_lost: 0.500, li_recovered:  21.607
L: 0.55, u_super: 0.00014, sec: 42.979, prod: 0.001036, t_ads: 4285.0, t_des: 2935.0, bed_util_ads: 0.495, bed_util_des: 0.391, frac_lost: 0.500, li_recovered:  7.483
L: 0.58, u_super: 0.00484, sec: 30940.541, prod: 0.001872, t_ads: 106.0, t_des: 192.0, bed_util_ads: 0.385, bed_util_des: 0.377, frac_lost: 0.502, li_recovered:  0.558
L: 0.52, u_super: 0.00005, sec: 10.298, prod: 0.000630, t_ads: 14625.0, t_des: 10777.0, bed_util_ads: 0.564, bed_util_des: 0.340, frac_lost: 0.500, li_recovered:  16.014
L: 0.52, u_super: 0.00435, sec: 46048.223, prod: 0.001009, t_ads: 108.0, t_des: 996.0, bed_util_ads: 0.222, bed_util_des: 0.206, frac_lost: 0.502, li_recovered:  1.114
L: 0.56, u_super: 0.00009, sec: 18.215, prod: 0.001015, t_ads: 11253.0, t_des: 10209.0, bed_util_ads: 0.556, bed_util_des: 0.252, frac_lost: 0.500, li_recovered:  21.781
L: 0.53, u_super: 0.00415, sec: 23148.361, prod: 0.001821, t_ads: 113.0, t_des: 271.0, bed_util_ads: 0.352, bed_util_des: 0.343, frac_lost: 0.502, li_recovered:  0.699
L: 0.52, u_super: 0.00010, sec: 21.508, prod: 0.001103, t_ads: 7593.0, t_des: 6494.0, bed_util_ads: 0.517, bed_util_des: 0.300, frac_lost: 0.500, li_recovered:  15.541
L: 0.54, u_super: 0.00052, sec: 343.969, prod: 0.001819, t_ads: 1057.0, t_des: 1646.0, bed_util_ads: 0.394, bed_util_des: 0.325, frac_lost: 0.500, li_recovered:  4.918
L: 0.51, u_super: 0.00005, sec: 9.243, prod: 0.000700, t_ads: 16961.0, t_des: 13569.0, bed_util_ads: 0.590, bed_util_des: 0.291, frac_lost: 0.500, li_recovered:  21.365
L: 0.51, u_super: 0.00013, sec: 29.302, prod: 0.001341, t_ads: 5487.0, t_des: 5098.0, bed_util_ads: 0.488, bed_util_des: 0.290, frac_lost: 0.500, li_recovered:  14.191
L: 0.62, u_super: 0.00338, sec: 14884.249, prod: 0.001863, t_ads: 162.0, t_des: 301.0, bed_util_ads: 0.380, bed_util_des: 0.368, frac_lost: 0.501, li_recovered:  0.863
L: 0.50, u_super: 0.00007, sec: 14.328, prod: 0.000906, t_ads: 10642.0, t_des: 8763.0, bed_util_ads: 0.546, bed_util_des: 0.300, frac_lost: 0.500, li_recovered:  17.590
L: 0.58, u_super: 0.00152, sec: 2954.109, prod: 0.001861, t_ads: 345.0, t_des: 583.0, bed_util_ads: 0.387, bed_util_des: 0.363, frac_lost: 0.501, li_recovered:  1.727
L: 0.51, u_super: 0.00006, sec: 10.790, prod: 0.000785, t_ads: 14685.0, t_des: 12080.0, bed_util_ads: 0.578, bed_util_des: 0.284, frac_lost: 0.500, li_recovered:  21.001
L: 0.52, u_super: 0.00013, sec: 29.385, prod: 0.001361, t_ads: 6099.0, t_des: 6129.0, bed_util_ads: 0.493, bed_util_des: 0.261, frac_lost: 0.500, li_recovered:  16.638
L: 0.55, u_super: 0.00030, sec: 137.988, prod: 0.001501, t_ads: 1841.0, t_des: 1528.0, bed_util_ads: 0.459, bed_util_des: 0.389, frac_lost: 0.500, li_recovered:  5.056
L: 0.51, u_super: 0.00005, sec: 8.843, prod: 0.000715, t_ads: 18810.0, t_des: 15590.0, bed_util_ads: 0.608, bed_util_des: 0.264, frac_lost: 0.500, li_recovered:  24.581
L: 0.50, u_super: 0.00020, sec: 57.608, prod: 0.001626, t_ads: 3196.0, t_des: 3657.0, bed_util_ads: 0.443, bed_util_des: 0.287, frac_lost: 0.500, li_recovered:  11.144
L: 0.51, u_super: 0.00005, sec: 9.496, prod: 0.000630, t_ads: 15266.0, t_des: 11372.0, bed_util_ads: 0.569, bed_util_des: 0.334, frac_lost: 0.500, li_recovered:  16.784
L: 0.50, u_super: 0.00022, sec: 73.352, prod: 0.001592, t_ads: 2476.0, t_des: 2366.0, bed_util_ads: 0.448, bed_util_des: 0.341, frac_lost: 0.500, li_recovered:  7.708
L: 0.51, u_super: 0.00580, sec: 64823.074, prod: 0.001302, t_ads: 78.0, t_des: 469.0, bed_util_ads: 0.260, bed_util_des: 0.250, frac_lost: 0.502, li_recovered:  0.712
L: 0.52, u_super: 0.00214, sec: 5870.764, prod: 0.001860, t_ads: 219.0, t_des: 404.0, bed_util_ads: 0.379, bed_util_des: 0.363, frac_lost: 0.501, li_recovered:  1.159
L: 0.53, u_super: 0.00083, sec: 914.540, prod: 0.001744, t_ads: 625.0, t_des: 1589.0, bed_util_ads: 0.343, bed_util_des: 0.289, frac_lost: 0.500, li_recovered:  3.862
L: 0.53, u_super: 0.00130, sec: 2144.771, prod: 0.001849, t_ads: 368.0, t_des: 551.0, bed_util_ads: 0.401, bed_util_des: 0.377, frac_lost: 0.501, li_recovered:  1.700
L: 0.50, u_super: 0.00038, sec: 191.379, prod: 0.001764, t_ads: 1463.0, t_des: 2642.0, bed_util_ads: 0.383, bed_util_des: 0.282, frac_lost: 0.500, li_recovered:  7.243
L: 0.52, u_super: 0.00092, sec: 1105.114, prod: 0.001806, t_ads: 516.0, t_des: 664.0, bed_util_ads: 0.416, bed_util_des: 0.386, frac_lost: 0.500, li_recovered:  2.131
L: 0.60, u_super: 0.00076, sec: 764.592, prod: 0.001761, t_ads: 798.0, t_des: 1853.0, bed_util_ads: 0.353, bed_util_des: 0.288, frac_lost: 0.500, li_recovered:  4.669
L: 0.55, u_super: 0.00580, sec: 44984.566, prod: 0.001872, t_ads: 84.0, t_des: 141.0, bed_util_ads: 0.395, bed_util_des: 0.389, frac_lost: 0.503, li_recovered:  0.421
L: 0.52, u_super: 0.00015, sec: 37.109, prod: 0.001476, t_ads: 4902.0, t_des: 5253.0, bed_util_ads: 0.473, bed_util_des: 0.263, frac_lost: 0.500, li_recovered:  14.987
L: 0.50, u_super: 0.00005, sec: 8.496, prod: 0.000703, t_ads: 19270.0, t_des: 15917.0, bed_util_ads: 0.610, bed_util_des: 0.264, frac_lost: 0.500, li_recovered:  24.721
L: 0.53, u_super: 0.00575, sec: 44563.211, prod: 0.001862, t_ads: 82.0, t_des: 178.0, bed_util_ads: 0.365, bed_util_des: 0.358, frac_lost: 0.505, li_recovered:  0.484
L: 0.51, u_super: 0.00017, sec: 47.695, prod: 0.001446, t_ads: 3491.0, t_des: 3062.0, bed_util_ads: 0.467, bed_util_des: 0.334, frac_lost: 0.500, li_recovered:  9.478
L: 0.53, u_super: 0.00188, sec: 4496.957, prod: 0.001861, t_ads: 254.0, t_des: 473.0, bed_util_ads: 0.377, bed_util_des: 0.359, frac_lost: 0.501, li_recovered:  1.353
L: 0.50, u_super: 0.00022, sec: 76.181, prod: 0.001533, t_ads: 2391.0, t_des: 2106.0, bed_util_ads: 0.455, bed_util_des: 0.359, frac_lost: 0.500, li_recovered:  6.893
    19 |      760 |     40 |  0.0039561549 |         nadir
L: 0.58, u_super: 0.00068, sec: 585.669, prod: 0.001822, t_ads: 829.0, t_des: 1152.0, bed_util_ads: 0.405, bed_util_des: 0.355, frac_lost: 0.500, li_recovered:  3.610
L: 0.50, u_super: 0.00038, sec: 187.747, prod: 0.001770, t_ads: 1457.0, t_des: 2567.0, bed_util_ads: 0.385, bed_util_des: 0.286, frac_lost: 0.500, li_recovered:  7.123
L: 0.50, u_super: 0.00038, sec: 186.614, prod: 0.001771, t_ads: 1473.0, t_des: 2563.0, bed_util_ads: 0.387, bed_util_des: 0.287, frac_lost: 0.500, li_recovered:  7.149
L: 1.24, u_super: 0.00419, sec: 23270.924, prod: 0.001853, t_ads: 264.0, t_des: 415.0, bed_util_ads: 0.396, bed_util_des: 0.379, frac_lost: 0.500, li_recovered:  1.258
L: 0.50, u_super: 0.00005, sec: 8.141, prod: 0.000733, t_ads: 22612.0, t_des: 19825.0, bed_util_ads: 0.643, bed_util_des: 0.208, frac_lost: 0.500, li_recovered:  31.115
L: 0.50, u_super: 0.00007, sec: 12.780, prod: 0.000949, t_ads: 13283.0, t_des: 12031.0, bed_util_ads: 0.576, bed_util_des: 0.240, frac_lost: 0.500, li_recovered:  24.035
L: 0.62, u_super: 0.00008, sec: 18.260, prod: 0.000883, t_ads: 13744.0, t_des: 11911.0, bed_util_ads: 0.576, bed_util_des: 0.259, frac_lost: 0.500, li_recovered:  22.660
L: 0.50, u_super: 0.00009, sec: 20.159, prod: 0.000997, t_ads: 7251.0, t_des: 5665.0, bed_util_ads: 0.515, bed_util_des: 0.335, frac_lost: 0.500, li_recovered:  12.873
L: 0.54, u_super: 0.00575, sec: 44491.891, prod: 0.001865, t_ads: 83.0, t_des: 137.0, bed_util_ads: 0.397, bed_util_des: 0.391, frac_lost: 0.501, li_recovered:  0.410
L: 0.53, u_super: 0.00079, sec: 832.876, prod: 0.001766, t_ads: 613.0, t_des: 717.0, bed_util_ads: 0.426, bed_util_des: 0.393, frac_lost: 0.500, li_recovered:  2.349
L: 0.53, u_super: 0.00078, sec: 783.026, prod: 0.001818, t_ads: 657.0, t_des: 1344.0, bed_util_ads: 0.365, bed_util_des: 0.314, frac_lost: 0.500, li_recovered:  3.637
L: 0.58, u_super: 0.00018, sec: 56.702, prod: 0.001264, t_ads: 3702.0, t_des: 2857.0, bed_util_ads: 0.481, bed_util_des: 0.365, frac_lost: 0.500, li_recovered:  8.291
L: 0.75, u_super: 0.00010, sec: 26.673, prod: 0.000885, t_ads: 13554.0, t_des: 11717.0, bed_util_ads: 0.575, bed_util_des: 0.262, frac_lost: 0.500, li_recovered:  22.360
L: 0.56, u_super: 0.00009, sec: 17.771, prod: 0.001040, t_ads: 12530.0, t_des: 12160.0, bed_util_ads: 0.572, bed_util_des: 0.213, frac_lost: 0.500, li_recovered:  25.684
L: 0.55, u_super: 0.00408, sec: 21913.025, prod: 0.001860, t_ads: 119.0, t_des: 195.0, bed_util_ads: 0.396, bed_util_des: 0.387, frac_lost: 0.500, li_recovered:  0.584
L: 0.57, u_super: 0.00014, sec: 43.735, prod: 0.001107, t_ads: 4394.0, t_des: 3184.0, bed_util_ads: 0.492, bed_util_des: 0.375, frac_lost: 0.500, li_recovered:  8.388
L: 0.52, u_super: 0.00338, sec: 14893.378, prod: 0.001860, t_ads: 138.0, t_des: 285.0, bed_util_ads: 0.369, bed_util_des: 0.358, frac_lost: 0.503, li_recovered:  0.787
L: 0.51, u_super: 0.00024, sec: 80.842, prod: 0.001616, t_ads: 2415.0, t_des: 2385.0, bed_util_ads: 0.445, bed_util_des: 0.336, frac_lost: 0.500, li_recovered:  7.758
L: 0.53, u_super: 0.00015, sec: 37.370, prod: 0.001465, t_ads: 5002.0, t_des: 5319.0, bed_util_ads: 0.475, bed_util_des: 0.263, frac_lost: 0.500, li_recovered:  15.125
L: 0.50, u_super: 0.00005, sec: 8.704, prod: 0.000686, t_ads: 17920.0, t_des: 14374.0, bed_util_ads: 0.596, bed_util_des: 0.287, frac_lost: 0.500, li_recovered:  22.147
L: 0.53, u_super: 0.00031, sec: 126.332, prod: 0.001717, t_ads: 2075.0, t_des: 3513.0, bed_util_ads: 0.398, bed_util_des: 0.264, frac_lost: 0.500, li_recovered:  9.592
L: 0.59, u_super: 0.00029, sec: 117.503, prod: 0.001708, t_ads: 2391.0, t_des: 3159.0, bed_util_ads: 0.421, bed_util_des: 0.288, frac_lost: 0.500, li_recovered:  9.482
L: 0.52, u_super: 0.00025, sec: 92.977, prod: 0.001522, t_ads: 2197.0, t_des: 1892.0, bed_util_ads: 0.457, bed_util_des: 0.370, frac_lost: 0.500, li_recovered:  6.225
L: 0.53, u_super: 0.00075, sec: 710.959, prod: 0.001846, t_ads: 672.0, t_des: 1110.0, bed_util_ads: 0.387, bed_util_des: 0.341, frac_lost: 0.500, li_recovered:  3.290
L: 0.50, u_super: 0.00337, sec: 14799.905, prod: 0.001866, t_ads: 131.0, t_des: 232.0, bed_util_ads: 0.386, bed_util_des: 0.377, frac_lost: 0.500, li_recovered:  0.677
L: 0.51, u_super: 0.00006, sec: 10.526, prod: 0.000802, t_ads: 15705.0, t_des: 13296.0, bed_util_ads: 0.589, bed_util_des: 0.264, frac_lost: 0.500, li_recovered:  23.273
L: 0.50, u_super: 0.00020, sec: 57.686, prod: 0.001626, t_ads: 3193.0, t_des: 3656.0, bed_util_ads: 0.442, bed_util_des: 0.287, frac_lost: 0.500, li_recovered:  11.140
L: 0.53, u_super: 0.00239, sec: 7336.941, prod: 0.001861, t_ads: 198.0, t_des: 372.0, bed_util_ads: 0.377, bed_util_des: 0.363, frac_lost: 0.501, li_recovered:  1.061
L: 0.52, u_super: 0.00409, sec: 23655.764, prod: 0.001733, t_ads: 114.0, t_des: 342.0, bed_util_ads: 0.328, bed_util_des: 0.317, frac_lost: 0.503, li_recovered:  0.790
L: 0.50, u_super: 0.00007, sec: 13.209, prod: 0.000922, t_ads: 12281.0, t_des: 10624.0, bed_util_ads: 0.564, bed_util_des: 0.268, frac_lost: 0.500, li_recovered:  21.119
L: 0.58, u_super: 0.00126, sec: 2322.102, prod: 0.001599, t_ads: 443.0, t_des: 1550.0, bed_util_ads: 0.311, bed_util_des: 0.266, frac_lost: 0.500, li_recovered:  3.188
L: 0.52, u_super: 0.00005, sec: 8.591, prod: 0.000734, t_ads: 23991.0, t_des: 21459.0, bed_util_ads: 0.655, bed_util_des: 0.188, frac_lost: 0.500, li_recovered:  33.370
L: 0.60, u_super: 0.00025, sec: 93.242, prod: 0.001568, t_ads: 2732.0, t_des: 2582.0, bed_util_ads: 0.452, bed_util_des: 0.335, frac_lost: 0.500, li_recovered:  8.335
L: 0.52, u_super: 0.00582, sec: 45354.793, prod: 0.001873, t_ads: 79.0, t_des: 137.0, bed_util_ads: 0.391, bed_util_des: 0.385, frac_lost: 0.503, li_recovered:  0.405
L: 0.63, u_super: 0.00415, sec: 29833.172, prod: 0.001419, t_ads: 137.0, t_des: 680.0, bed_util_ads: 0.276, bed_util_des: 0.260, frac_lost: 0.501, li_recovered:  1.159
L: 0.64, u_super: 0.00165, sec: 3816.278, prod: 0.001686, t_ads: 342.0, t_des: 360.0, bed_util_ads: 0.442, bed_util_des: 0.426, frac_lost: 0.500, li_recovered:  1.184
L: 0.51, u_super: 0.00341, sec: 15077.648, prod: 0.001869, t_ads: 132.0, t_des: 238.0, bed_util_ads: 0.384, bed_util_des: 0.374, frac_lost: 0.501, li_recovered:  0.691
L: 0.50, u_super: 0.00008, sec: 13.598, prod: 0.000971, t_ads: 12256.0, t_des: 11017.0, bed_util_ads: 0.566, bed_util_des: 0.250, frac_lost: 0.500, li_recovered:  22.605
L: 0.58, u_super: 0.00031, sec: 127.222, prod: 0.001705, t_ads: 2351.0, t_des: 3681.0, bed_util_ads: 0.408, bed_util_des: 0.264, frac_lost: 0.500, li_recovered:  10.282
L: 0.51, u_super: 0.00010, sec: 20.646, prod: 0.001113, t_ads: 7470.0, t_des: 6403.0, bed_util_ads: 0.516, bed_util_des: 0.300, frac_lost: 0.500, li_recovered:  15.445
    20 |      800 |     40 |  0.0265628602 |         nadir
L: 0.52, u_super: 0.00083, sec: 898.142, prod: 0.001804, t_ads: 601.0, t_des: 1320.0, bed_util_ads: 0.357, bed_util_des: 0.309, frac_lost: 0.501, li_recovered:  3.465
L: 0.53, u_super: 0.00316, sec: 13013.782, prod: 0.001859, t_ads: 147.0, t_des: 256.0, bed_util_ads: 0.387, bed_util_des: 0.377, frac_lost: 0.500, li_recovered:  0.749
L: 0.50, u_super: 0.00005, sec: 8.139, prod: 0.000733, t_ads: 22603.0, t_des: 19819.0, bed_util_ads: 0.643, bed_util_des: 0.208, frac_lost: 0.500, li_recovered:  31.112
L: 0.98, u_super: 0.00053, sec: 382.648, prod: 0.001704, t_ads: 2046.0, t_des: 2335.0, bed_util_ads: 0.429, bed_util_des: 0.325, frac_lost: 0.500, li_recovered:  7.464
L: 0.50, u_super: 0.00006, sec: 13.345, prod: 0.000706, t_ads: 10302.0, t_des: 7271.0, bed_util_ads: 0.536, bed_util_des: 0.363, frac_lost: 0.500, li_recovered:  12.410
L: 0.56, u_super: 0.00575, sec: 44537.016, prod: 0.001863, t_ads: 85.0, t_des: 140.0, bed_util_ads: 0.397, bed_util_des: 0.391, frac_lost: 0.501, li_recovered:  0.419
L: 0.50, u_super: 0.00013, sec: 30.118, prod: 0.001373, t_ads: 5285.0, t_des: 5001.0, bed_util_ads: 0.485, bed_util_des: 0.287, frac_lost: 0.500, li_recovered:  14.123
L: 0.50, u_super: 0.00005, sec: 8.657, prod: 0.000729, t_ads: 19500.0, t_des: 16447.0, bed_util_ads: 0.616, bed_util_des: 0.249, frac_lost: 0.500, li_recovered:  26.222
L: 1.21, u_super: 0.00007, sec: 33.509, prod: 0.000361, t_ads: 22281.0, t_des: 14373.0, bed_util_ads: 0.571, bed_util_des: 0.386, frac_lost: 0.500, li_recovered:  13.235
L: 0.50, u_super: 0.00346, sec: 15547.409, prod: 0.001865, t_ads: 129.0, t_des: 257.0, bed_util_ads: 0.373, bed_util_des: 0.363, frac_lost: 0.503, li_recovered:  0.720
L: 0.51, u_super: 0.00013, sec: 39.907, prod: 0.000984, t_ads: 3994.0, t_des: 2596.0, bed_util_ads: 0.497, bed_util_des: 0.406, frac_lost: 0.500, li_recovered:  6.487
L: 0.50, u_super: 0.00005, sec: 8.793, prod: 0.000772, t_ads: 20706.0, t_des: 18345.0, bed_util_ads: 0.632, bed_util_des: 0.211, frac_lost: 0.500, li_recovered:  30.131
L: 0.55, u_super: 0.00008, sec: 15.868, prod: 0.000901, t_ads: 11534.0, t_des: 9679.0, bed_util_ads: 0.555, bed_util_des: 0.288, frac_lost: 0.500, li_recovered:  19.116
L: 0.50, u_super: 0.00037, sec: 182.230, prod: 0.001770, t_ads: 1494.0, t_des: 2580.0, bed_util_ads: 0.388, bed_util_des: 0.287, frac_lost: 0.500, li_recovered:  7.211
L: 0.55, u_super: 0.00129, sec: 2120.882, prod: 0.001858, t_ads: 389.0, t_des: 640.0, bed_util_ads: 0.389, bed_util_des: 0.363, frac_lost: 0.500, li_recovered:  1.912
L: 0.52, u_super: 0.00451, sec: 26766.455, prod: 0.001875, t_ads: 102.0, t_des: 172.0, bed_util_ads: 0.393, bed_util_des: 0.386, frac_lost: 0.503, li_recovered:  0.514
L: 0.51, u_super: 0.00147, sec: 3057.502, prod: 0.001668, t_ads: 320.0, t_des: 1028.0, bed_util_ads: 0.319, bed_util_des: 0.287, frac_lost: 0.501, li_recovered:  2.248
L: 0.51, u_super: 0.00022, sec: 68.970, prod: 0.001652, t_ads: 2725.0, t_des: 3032.0, bed_util_ads: 0.438, bed_util_des: 0.305, frac_lost: 0.500, li_recovered:  9.509
L: 0.50, u_super: 0.00068, sec: 581.139, prod: 0.001836, t_ads: 702.0, t_des: 1032.0, bed_util_ads: 0.399, bed_util_des: 0.355, frac_lost: 0.500, li_recovered:  3.184
L: 0.55, u_super: 0.00125, sec: 1969.461, prod: 0.001859, t_ads: 403.0, t_des: 678.0, bed_util_ads: 0.387, bed_util_des: 0.359, frac_lost: 0.501, li_recovered:  2.009
L: 0.53, u_super: 0.00017, sec: 48.447, prod: 0.001378, t_ads: 3651.0, t_des: 3060.0, bed_util_ads: 0.473, bed_util_des: 0.343, frac_lost: 0.500, li_recovered:  9.246
L: 0.53, u_super: 0.00089, sec: 998.429, prod: 0.001845, t_ads: 553.0, t_des: 828.0, bed_util_ads: 0.398, bed_util_des: 0.363, frac_lost: 0.500, li_recovered:  2.548
L: 0.55, u_super: 0.00007, sec: 14.180, prod: 0.000765, t_ads: 11985.0, t_des: 9219.0, bed_util_ads: 0.553, bed_util_des: 0.326, frac_lost: 0.500, li_recovered:  16.219
L: 0.53, u_super: 0.00179, sec: 4992.673, prod: 0.001521, t_ads: 276.0, t_des: 1141.0, bed_util_ads: 0.294, bed_util_des: 0.264, frac_lost: 0.501, li_recovered:  2.155
L: 0.50, u_super: 0.00008, sec: 14.134, prod: 0.001036, t_ads: 12877.0, t_des: 12634.0, bed_util_ads: 0.576, bed_util_des: 0.207, frac_lost: 0.500, li_recovered:  26.439
L: 0.50, u_super: 0.00019, sec: 49.934, prod: 0.001594, t_ads: 3646.0, t_des: 4207.0, bed_util_ads: 0.449, bed_util_des: 0.274, frac_lost: 0.500, li_recovered:  12.517
L: 0.52, u_super: 0.00043, sec: 256.705, prod: 0.001672, t_ads: 1360.0, t_des: 3291.0, bed_util_ads: 0.357, bed_util_des: 0.249, frac_lost: 0.500, li_recovered:  7.778
L: 0.51, u_super: 0.00432, sec: 28282.869, prod: 0.001624, t_ads: 104.0, t_des: 379.0, bed_util_ads: 0.308, bed_util_des: 0.297, frac_lost: 0.501, li_recovered:  0.784
L: 0.53, u_super: 0.00181, sec: 4162.471, prod: 0.001860, t_ads: 263.0, t_des: 421.0, bed_util_ads: 0.395, bed_util_des: 0.377, frac_lost: 0.501, li_recovered:  1.272
L: 0.51, u_super: 0.00337, sec: 17178.408, prod: 0.001607, t_ads: 135.0, t_des: 504.0, bed_util_ads: 0.305, bed_util_des: 0.290, frac_lost: 0.502, li_recovered:  1.027
L: 0.52, u_super: 0.00015, sec: 36.919, prod: 0.001474, t_ads: 4956.0, t_des: 5342.0, bed_util_ads: 0.473, bed_util_des: 0.261, frac_lost: 0.500, li_recovered:  15.178
L: 0.69, u_super: 0.00070, sec: 623.991, prod: 0.001820, t_ads: 972.0, t_des: 1397.0, bed_util_ads: 0.401, bed_util_des: 0.341, frac_lost: 0.500, li_recovered:  4.312
L: 0.50, u_super: 0.00021, sec: 59.788, prod: 0.001636, t_ads: 3111.0, t_des: 3608.0, bed_util_ads: 0.440, bed_util_des: 0.287, frac_lost: 0.500, li_recovered:  10.990
L: 0.51, u_super: 0.00017, sec: 45.405, prod: 0.001527, t_ads: 3747.0, t_des: 3722.0, bed_util_ads: 0.460, bed_util_des: 0.300, frac_lost: 0.500, li_recovered:  11.405
L: 0.53, u_super: 0.00338, sec: 14987.450, prod: 0.001855, t_ads: 138.0, t_des: 280.0, bed_util_ads: 0.370, bed_util_des: 0.359, frac_lost: 0.501, li_recovered:  0.775
L: 0.52, u_super: 0.00010, sec: 19.602, prod: 0.001124, t_ads: 8848.0, t_des: 8112.0, bed_util_ads: 0.531, bed_util_des: 0.264, frac_lost: 0.500, li_recovered:  19.070
L: 0.58, u_super: 0.00410, sec: 22170.287, prod: 0.001860, t_ads: 125.0, t_des: 232.0, bed_util_ads: 0.381, bed_util_des: 0.371, frac_lost: 0.500, li_recovered:  0.664
L: 0.50, u_super: 0.00005, sec: 8.118, prod: 0.000735, t_ads: 22934.0, t_des: 20231.0, bed_util_ads: 0.646, bed_util_des: 0.202, frac_lost: 0.500, li_recovered:  31.723
L: 0.54, u_super: 0.00608, sec: 50646.293, prod: 0.001838, t_ads: 78.0, t_des: 106.0, bed_util_ads: 0.421, bed_util_des: 0.416, frac_lost: 0.505, li_recovered:  0.338
L: 0.50, u_super: 0.00008, sec: 14.529, prod: 0.001008, t_ads: 11493.0, t_des: 10441.0, bed_util_ads: 0.559, bed_util_des: 0.250, frac_lost: 0.500, li_recovered:  22.114
    21 |      840 |     40 |  0.0031203334 |             f
L: 0.58, u_super: 0.00419, sec: 32349.367, prod: 0.001333, t_ads: 125.0, t_des: 710.0, bed_util_ads: 0.264, bed_util_des: 0.249, frac_lost: 0.502, li_recovered:  1.113
L: 0.54, u_super: 0.00007, sec: 14.108, prod: 0.000914, t_ads: 14150.0, t_des: 12682.0, bed_util_ads: 0.583, bed_util_des: 0.240, frac_lost: 0.500, li_recovered:  24.533
L: 0.59, u_super: 0.00017, sec: 45.562, prod: 0.001420, t_ads: 4852.0, t_des: 4673.0, bed_util_ads: 0.478, bed_util_des: 0.288, frac_lost: 0.500, li_recovered:  13.527
L: 0.52, u_super: 0.00007, sec: 13.210, prod: 0.000895, t_ads: 13163.0, t_des: 11374.0, bed_util_ads: 0.571, bed_util_des: 0.264, frac_lost: 0.500, li_recovered:  21.953
L: 0.51, u_super: 0.00031, sec: 124.619, prod: 0.001740, t_ads: 1933.0, t_des: 3092.0, bed_util_ads: 0.400, bed_util_des: 0.278, frac_lost: 0.500, li_recovered:  8.744
L: 0.51, u_super: 0.00010, sec: 19.995, prod: 0.001119, t_ads: 7828.0, t_des: 6844.0, bed_util_ads: 0.520, bed_util_des: 0.290, frac_lost: 0.500, li_recovered:  16.420
L: 0.55, u_super: 0.00125, sec: 1970.130, prod: 0.001858, t_ads: 403.0, t_des: 678.0, bed_util_ads: 0.387, bed_util_des: 0.359, frac_lost: 0.500, li_recovered:  2.009
L: 0.56, u_super: 0.00082, sec: 849.539, prod: 0.001847, t_ads: 648.0, t_des: 1068.0, bed_util_ads: 0.387, bed_util_des: 0.343, frac_lost: 0.500, li_recovered:  3.170
L: 0.50, u_super: 0.00020, sec: 56.157, prod: 0.001625, t_ads: 3415.0, t_des: 4317.0, bed_util_ads: 0.440, bed_util_des: 0.264, frac_lost: 0.500, li_recovered:  12.567
L: 0.50, u_super: 0.00018, sec: 53.840, prod: 0.001321, t_ads: 3116.0, t_des: 2405.0, bed_util_ads: 0.475, bed_util_des: 0.373, frac_lost: 0.500, li_recovered:  7.292
L: 0.50, u_super: 0.00005, sec: 9.582, prod: 0.000708, t_ads: 15679.0, t_des: 12380.0, bed_util_ads: 0.580, bed_util_des: 0.302, frac_lost: 0.500, li_recovered:  19.867
L: 0.50, u_super: 0.00008, sec: 14.191, prod: 0.001032, t_ads: 12971.0, t_des: 12703.0, bed_util_ads: 0.577, bed_util_des: 0.207, frac_lost: 0.500, li_recovered:  26.502
L: 0.50, u_super: 0.00046, sec: 281.078, prod: 0.001783, t_ads: 1135.0, t_des: 2192.0, bed_util_ads: 0.374, bed_util_des: 0.291, frac_lost: 0.500, li_recovered:  5.932
L: 0.94, u_super: 0.00010, sec: 30.508, prod: 0.000718, t_ads: 19050.0, t_des: 15871.0, bed_util_ads: 0.610, bed_util_des: 0.259, frac_lost: 0.500, li_recovered:  25.078
L: 0.83, u_super: 0.00038, sec: 198.687, prod: 0.001678, t_ads: 2696.0, t_des: 3337.0, bed_util_ads: 0.430, bed_util_des: 0.288, frac_lost: 0.500, li_recovered:  10.126
L: 0.52, u_super: 0.00188, sec: 4524.847, prod: 0.001849, t_ads: 247.0, t_des: 375.0, bed_util_ads: 0.401, bed_util_des: 0.385, frac_lost: 0.500, li_recovered:  1.150
L: 0.51, u_super: 0.00424, sec: 23433.416, prod: 0.001880, t_ads: 107.0, t_des: 180.0, bed_util_ads: 0.394, bed_util_des: 0.386, frac_lost: 0.504, li_recovered:  0.540
L: 0.50, u_super: 0.00008, sec: 17.458, prod: 0.000757, t_ads: 7853.0, t_des: 5282.0, bed_util_ads: 0.521, bed_util_des: 0.382, frac_lost: 0.500, li_recovered:  9.937
L: 0.50, u_super: 0.00348, sec: 15818.174, prod: 0.001862, t_ads: 127.0, t_des: 225.0, bed_util_ads: 0.386, bed_util_des: 0.377, frac_lost: 0.501, li_recovered:  0.656
L: 0.54, u_super: 0.00006, sec: 13.038, prod: 0.000731, t_ads: 12929.0, t_des: 9916.0, bed_util_ads: 0.559, bed_util_des: 0.325, frac_lost: 0.500, li_recovered:  16.711
L: 0.51, u_super: 0.00017, sec: 43.852, prod: 0.001553, t_ads: 4301.0, t_des: 5311.0, bed_util_ads: 0.456, bed_util_des: 0.247, frac_lost: 0.500, li_recovered:  14.927
L: 0.50, u_super: 0.00053, sec: 459.093, prod: 0.001446, t_ads: 1048.0, t_des: 4049.0, bed_util_ads: 0.314, bed_util_des: 0.211, frac_lost: 0.500, li_recovered:  7.370
L: 0.54, u_super: 0.00015, sec: 37.746, prod: 0.001442, t_ads: 5333.0, t_des: 5675.0, bed_util_ads: 0.480, bed_util_des: 0.258, frac_lost: 0.500, li_recovered:  15.869
L: 0.53, u_super: 0.00006, sec: 10.851, prod: 0.000778, t_ads: 16474.0, t_des: 13869.0, bed_util_ads: 0.594, bed_util_des: 0.264, frac_lost: 0.500, li_recovered:  23.621
L: 0.50, u_super: 0.00005, sec: 8.018, prod: 0.000744, t_ads: 24802.0, t_des: 22709.0, bed_util_ads: 0.664, bed_util_des: 0.169, frac_lost: 0.500, li_recovered:  35.352
L: 0.50, u_super: 0.00010, sec: 19.990, prod: 0.001073, t_ads: 7448.0, t_des: 6202.0, bed_util_ads: 0.516, bed_util_des: 0.311, frac_lost: 0.500, li_recovered:  14.644
L: 0.64, u_super: 0.00011, sec: 24.142, prod: 0.001061, t_ads: 12083.0, t_des: 11825.0, bed_util_ads: 0.568, bed_util_des: 0.213, frac_lost: 0.500, li_recovered:  25.360
L: 0.63, u_super: 0.00107, sec: 1569.607, prod: 0.001727, t_ads: 568.0, t_des: 1525.0, bed_util_ads: 0.337, bed_util_des: 0.287, frac_lost: 0.500, li_recovered:  3.614
L: 0.53, u_super: 0.00338, sec: 14964.576, prod: 0.001857, t_ads: 138.0, t_des: 281.0, bed_util_ads: 0.370, bed_util_des: 0.359, frac_lost: 0.501, li_recovered:  0.778
L: 0.55, u_super: 0.00026, sec: 95.454, prod: 0.001656, t_ads: 2364.0, t_des: 2505.0, bed_util_ads: 0.438, bed_util_des: 0.326, frac_lost: 0.500, li_recovered:  8.064
L: 0.51, u_super: 0.00013, sec: 33.464, prod: 0.001187, t_ads: 4573.0, t_des: 3548.0, bed_util_ads: 0.489, bed_util_des: 0.354, frac_lost: 0.500, li_recovered:  9.640
L: 0.55, u_super: 0.00443, sec: 25837.996, prod: 0.001869, t_ads: 110.0, t_des: 196.0, bed_util_ads: 0.386, bed_util_des: 0.378, frac_lost: 0.502, li_recovered:  0.572
L: 0.50, u_super: 0.00031, sec: 129.362, prod: 0.001691, t_ads: 2008.0, t_des: 3832.0, bed_util_ads: 0.388, bed_util_des: 0.250, frac_lost: 0.500, li_recovered:  9.874
L: 0.69, u_super: 0.00010, sec: 24.817, prod: 0.000888, t_ads: 11971.0, t_des: 10055.0, bed_util_ads: 0.559, bed_util_des: 0.285, frac_lost: 0.500, li_recovered:  19.562
L: 0.52, u_super: 0.00009, sec: 16.977, prod: 0.001089, t_ads: 11507.0, t_des: 11410.0, bed_util_ads: 0.562, bed_util_des: 0.213, frac_lost: 0.500, li_recovered:  24.954
L: 0.52, u_super: 0.00036, sec: 188.833, prod: 0.001614, t_ads: 1403.0, t_des: 1303.0, bed_util_ads: 0.447, bed_util_des: 0.386, frac_lost: 0.500, li_recovered:  4.367
L: 0.50, u_super: 0.00006, sec: 10.426, prod: 0.000673, t_ads: 13695.0, t_des: 10241.0, bed_util_ads: 0.560, bed_util_des: 0.335, frac_lost: 0.500, li_recovered:  16.108
L: 0.53, u_super: 0.00323, sec: 13558.979, prod: 0.001864, t_ads: 146.0, t_des: 286.0, bed_util_ads: 0.374, bed_util_des: 0.363, frac_lost: 0.502, li_recovered:  0.805
L: 0.51, u_super: 0.00500, sec: 36558.656, prod: 0.001698, t_ads: 90.0, t_des: 293.0, bed_util_ads: 0.320, bed_util_des: 0.311, frac_lost: 0.504, li_recovered:  0.650
L: 0.50, u_super: 0.00025, sec: 93.527, prod: 0.001577, t_ads: 2755.0, t_des: 5739.0, bed_util_ads: 0.398, bed_util_des: 0.211, frac_lost: 0.500, li_recovered:  13.398
    22 |      880 |     40 |  0.0080172057 |         nadir
L: 0.51, u_super: 0.00028, sec: 123.356, prod: 0.001525, t_ads: 1790.0, t_des: 1520.0, bed_util_ads: 0.457, bed_util_des: 0.386, frac_lost: 0.500, li_recovered:  5.049
L: 0.50, u_super: 0.00005, sec: 8.124, prod: 0.000751, t_ads: 24473.0, t_des: 22472.0, bed_util_ads: 0.662, bed_util_des: 0.169, frac_lost: 0.500, li_recovered:  35.236
L: 0.52, u_super: 0.00015, sec: 35.838, prod: 0.001461, t_ads: 5081.0, t_des: 5424.0, bed_util_ads: 0.476, bed_util_des: 0.261, frac_lost: 0.500, li_recovered:  15.348
L: 0.55, u_super: 0.00112, sec: 1586.639, prod: 0.001855, t_ads: 451.0, t_des: 737.0, bed_util_ads: 0.389, bed_util_des: 0.359, frac_lost: 0.500, li_recovered:  2.204
L: 0.74, u_super: 0.00049, sec: 324.892, prod: 0.001725, t_ads: 1769.0, t_des: 3291.0, bed_util_ads: 0.385, bed_util_des: 0.263, frac_lost: 0.500, li_recovered:  8.727
L: 0.53, u_super: 0.00221, sec: 6331.772, prod: 0.001847, t_ads: 215.0, t_des: 448.0, bed_util_ads: 0.366, bed_util_des: 0.348, frac_lost: 0.501, li_recovered:  1.225
L: 0.50, u_super: 0.00007, sec: 12.933, prod: 0.000987, t_ads: 14072.0, t_des: 13518.0, bed_util_ads: 0.587, bed_util_des: 0.206, frac_lost: 0.500, li_recovered:  27.225
L: 0.55, u_super: 0.00576, sec: 44520.492, prod: 0.001867, t_ads: 85.0, t_des: 179.0, bed_util_ads: 0.369, bed_util_des: 0.362, frac_lost: 0.504, li_recovered:  0.493
L: 0.53, u_super: 0.00338, sec: 14849.845, prod: 0.001871, t_ads: 138.0, t_des: 243.0, bed_util_ads: 0.387, bed_util_des: 0.377, frac_lost: 0.502, li_recovered:  0.713
L: 0.58, u_super: 0.00158, sec: 3157.116, prod: 0.001859, t_ads: 333.0, t_des: 567.0, bed_util_ads: 0.386, bed_util_des: 0.363, frac_lost: 0.500, li_recovered:  1.673
L: 0.55, u_super: 0.00039, sec: 199.522, prod: 0.001778, t_ads: 1482.0, t_des: 1996.0, bed_util_ads: 0.410, bed_util_des: 0.323, frac_lost: 0.500, li_recovered:  6.184
L: 0.59, u_super: 0.00369, sec: 17791.998, prod: 0.001866, t_ads: 141.0, t_des: 236.0, bed_util_ads: 0.392, bed_util_des: 0.383, frac_lost: 0.502, li_recovered:  0.704
L: 0.50, u_super: 0.00017, sec: 45.967, prod: 0.001532, t_ads: 4462.0, t_des: 6507.0, bed_util_ads: 0.451, bed_util_des: 0.216, frac_lost: 0.500, li_recovered:  16.805
L: 0.65, u_super: 0.00015, sec: 41.883, prod: 0.001308, t_ads: 6606.0, t_des: 6440.0, bed_util_ads: 0.502, bed_util_des: 0.263, frac_lost: 0.500, li_recovered:  17.058
L: 0.53, u_super: 0.00575, sec: 44503.918, prod: 0.001864, t_ads: 81.0, t_des: 133.0, bed_util_ads: 0.397, bed_util_des: 0.392, frac_lost: 0.502, li_recovered:  0.399
L: 0.50, u_super: 0.00008, sec: 14.131, prod: 0.001037, t_ads: 12839.0, t_des: 12577.0, bed_util_ads: 0.576, bed_util_des: 0.207, frac_lost: 0.500, li_recovered:  26.346
L: 0.53, u_super: 0.00337, sec: 14783.849, prod: 0.001868, t_ads: 138.0, t_des: 243.0, bed_util_ads: 0.387, bed_util_des: 0.377, frac_lost: 0.501, li_recovered:  0.712
L: 0.55, u_super: 0.00026, sec: 93.503, prod: 0.001691, t_ads: 2489.0, t_des: 3029.0, bed_util_ads: 0.428, bed_util_des: 0.298, frac_lost: 0.500, li_recovered:  9.329
L: 0.50, u_super: 0.00241, sec: 7726.743, prod: 0.001797, t_ads: 188.0, t_des: 473.0, bed_util_ads: 0.345, bed_util_des: 0.329, frac_lost: 0.502, li_recovered:  1.188
L: 0.54, u_super: 0.00437, sec: 33512.863, prod: 0.001404, t_ads: 110.0, t_des: 563.0, bed_util_ads: 0.274, bed_util_des: 0.261, frac_lost: 0.502, li_recovered:  0.945
L: 0.51, u_super: 0.00006, sec: 10.570, prod: 0.000785, t_ads: 15209.0, t_des: 12624.0, bed_util_ads: 0.583, bed_util_des: 0.277, frac_lost: 0.500, li_recovered:  21.845
L: 0.50, u_super: 0.00006, sec: 9.971, prod: 0.000813, t_ads: 17141.0, t_des: 14908.0, bed_util_ads: 0.604, bed_util_des: 0.240, frac_lost: 0.500, li_recovered:  26.041
L: 0.53, u_super: 0.00031, sec: 125.678, prod: 0.001723, t_ads: 2063.0, t_des: 3407.0, bed_util_ads: 0.399, bed_util_des: 0.268, frac_lost: 0.500, li_recovered:  9.423
L: 0.52, u_super: 0.00042, sec: 240.316, prod: 0.001724, t_ads: 1372.0, t_des: 2929.0, bed_util_ads: 0.368, bed_util_des: 0.264, frac_lost: 0.500, li_recovered:  7.417
L: 0.50, u_super: 0.00017, sec: 43.428, prod: 0.001553, t_ads: 4149.0, t_des: 4754.0, bed_util_ads: 0.457, bed_util_des: 0.264, frac_lost: 0.500, li_recovered:  13.830
L: 0.50, u_super: 0.00020, sec: 61.697, prod: 0.001562, t_ads: 3662.0, t_des: 6292.0, bed_util_ads: 0.428, bed_util_des: 0.211, frac_lost: 0.500, li_recovered:  15.545
L: 0.52, u_super: 0.00008, sec: 14.642, prod: 0.001005, t_ads: 13318.0, t_des: 12739.0, bed_util_ads: 0.580, bed_util_des: 0.213, frac_lost: 0.500, li_recovered:  26.190
L: 0.58, u_super: 0.00563, sec: 42309.398, prod: 0.001877, t_ads: 91.0, t_des: 168.0, bed_util_ads: 0.383, bed_util_des: 0.377, frac_lost: 0.502, li_recovered:  0.486
L: 0.52, u_super: 0.00337, sec: 14746.630, prod: 0.001873, t_ads: 136.0, t_des: 240.0, bed_util_ads: 0.387, bed_util_des: 0.377, frac_lost: 0.503, li_recovered:  0.704
L: 0.62, u_super: 0.00008, sec: 16.474, prod: 0.000830, t_ads: 14866.0, t_des: 12660.0, bed_util_ads: 0.584, bed_util_des: 0.264, frac_lost: 0.500, li_recovered:  22.839
L: 0.51, u_super: 0.00125, sec: 1965.941, prod: 0.001862, t_ads: 370.0, t_des: 637.0, bed_util_ads: 0.385, bed_util_des: 0.358, frac_lost: 0.501, li_recovered:  1.875
L: 0.62, u_super: 0.00027, sec: 99.274, prod: 0.001657, t_ads: 3036.0, t_des: 3986.0, bed_util_ads: 0.431, bed_util_des: 0.268, frac_lost: 0.500, li_recovered:  11.639
L: 0.51, u_super: 0.00032, sec: 170.294, prod: 0.001365, t_ads: 2216.0, t_des: 7562.0, bed_util_ads: 0.357, bed_util_des: 0.170, frac_lost: 0.500, li_recovered:  13.344
L: 0.55, u_super: 0.00188, sec: 5493.690, prod: 0.001523, t_ads: 258.0, t_des: 227.0, bed_util_ads: 0.467, bed_util_des: 0.456, frac_lost: 0.501, li_recovered:  0.739
L: 0.50, u_super: 0.00008, sec: 13.678, prod: 0.000966, t_ads: 11906.0, t_des: 10552.0, bed_util_ads: 0.562, bed_util_des: 0.258, frac_lost: 0.500, li_recovered:  21.686
L: 0.51, u_super: 0.00424, sec: 23534.342, prod: 0.001872, t_ads: 106.0, t_des: 178.0, bed_util_ads: 0.394, bed_util_des: 0.386, frac_lost: 0.503, li_recovered:  0.532
L: 0.51, u_super: 0.00007, sec: 14.368, prod: 0.000884, t_ads: 10431.0, t_des: 8397.0, bed_util_ads: 0.544, bed_util_des: 0.311, frac_lost: 0.500, li_recovered:  16.643
L: 0.60, u_super: 0.00019, sec: 57.144, prod: 0.001517, t_ads: 4371.0, t_des: 4697.0, bed_util_ads: 0.464, bed_util_des: 0.272, frac_lost: 0.500, li_recovered:  13.755
L: 0.55, u_super: 0.00006, sec: 11.680, prod: 0.000804, t_ads: 17438.0, t_des: 15128.0, bed_util_ads: 0.606, bed_util_des: 0.240, frac_lost: 0.500, li_recovered:  26.175
L: 0.50, u_super: 0.00017, sec: 43.787, prod: 0.001555, t_ads: 4276.0, t_des: 5295.0, bed_util_ads: 0.455, bed_util_des: 0.247, frac_lost: 0.500, li_recovered:  14.886
    23 |      920 |     40 |  0.0018100237 |             f
L: 0.55, u_super: 0.00026, sec: 93.913, prod: 0.001683, t_ads: 2678.0, t_des: 3966.0, bed_util_ads: 0.417, bed_util_des: 0.261, frac_lost: 0.500, li_recovered:  11.179
L: 0.52, u_super: 0.00006, sec: 10.349, prod: 0.000765, t_ads: 16910.0, t_des: 14183.0, bed_util_ads: 0.597, bed_util_des: 0.264, frac_lost: 0.500, li_recovered:  23.774
L: 0.51, u_super: 0.00028, sec: 119.194, prod: 0.001570, t_ads: 2382.0, t_des: 5508.0, bed_util_ads: 0.383, bed_util_des: 0.210, frac_lost: 0.500, li_recovered:  12.388
L: 0.68, u_super: 0.00394, sec: 20448.559, prod: 0.001860, t_ads: 153.0, t_des: 246.0, bed_util_ads: 0.397, bed_util_des: 0.386, frac_lost: 0.502, li_recovered:  0.742
L: 0.50, u_super: 0.00017, sec: 43.740, prod: 0.001557, t_ads: 4225.0, t_des: 5115.0, bed_util_ads: 0.456, bed_util_des: 0.252, frac_lost: 0.500, li_recovered:  14.542
L: 0.50, u_super: 0.00007, sec: 12.936, prod: 0.000986, t_ads: 14041.0, t_des: 13467.0, bed_util_ads: 0.587, bed_util_des: 0.207, frac_lost: 0.500, li_recovered:  27.136
L: 0.52, u_super: 0.00367, sec: 20972.504, prod: 0.001565, t_ads: 126.0, t_des: 503.0, bed_util_ads: 0.298, bed_util_des: 0.284, frac_lost: 0.502, li_recovered:  0.984
L: 0.52, u_super: 0.00100, sec: 1449.110, prod: 0.001604, t_ads: 505.0, t_des: 1733.0, bed_util_ads: 0.313, bed_util_des: 0.263, frac_lost: 0.501, li_recovered:  3.590
L: 0.50, u_super: 0.00078, sec: 777.384, prod: 0.001842, t_ads: 602.0, t_des: 904.0, bed_util_ads: 0.398, bed_util_des: 0.359, frac_lost: 0.500, li_recovered:  2.775
L: 0.55, u_super: 0.00010, sec: 20.950, prod: 0.001088, t_ads: 9395.0, t_des: 8529.0, bed_util_ads: 0.537, bed_util_des: 0.264, frac_lost: 0.500, li_recovered:  19.505
L: 0.50, u_super: 0.00008, sec: 13.561, prod: 0.001014, t_ads: 13375.0, t_des: 12970.0, bed_util_ads: 0.581, bed_util_des: 0.207, frac_lost: 0.500, li_recovered:  26.702
L: 0.50, u_super: 0.00025, sec: 84.990, prod: 0.001703, t_ads: 2378.0, t_des: 2963.0, bed_util_ads: 0.425, bed_util_des: 0.298, frac_lost: 0.500, li_recovered:  9.095
L: 0.58, u_super: 0.00027, sec: 118.309, prod: 0.001449, t_ads: 3255.0, t_des: 7914.0, bed_util_ads: 0.403, bed_util_des: 0.177, frac_lost: 0.500, li_recovered:  16.183
L: 0.59, u_super: 0.00165, sec: 3828.651, prod: 0.001692, t_ads: 330.0, t_des: 1012.0, bed_util_ads: 0.323, bed_util_des: 0.292, frac_lost: 0.501, li_recovered:  2.270
L: 0.50, u_super: 0.00005, sec: 8.682, prod: 0.000781, t_ads: 22335.0, t_des: 20499.0, bed_util_ads: 0.648, bed_util_des: 0.180, frac_lost: 0.500, li_recovered:  33.471
L: 0.53, u_super: 0.00010, sec: 19.791, prod: 0.001114, t_ads: 9005.0, t_des: 8232.0, bed_util_ads: 0.533, bed_util_des: 0.264, frac_lost: 0.500, li_recovered:  19.196
L: 0.50, u_super: 0.00022, sec: 67.160, prod: 0.001650, t_ads: 2787.0, t_des: 3122.0, bed_util_ads: 0.439, bed_util_des: 0.302, frac_lost: 0.500, li_recovered:  9.748
L: 0.52, u_super: 0.00017, sec: 42.525, prod: 0.001490, t_ads: 5044.0, t_des: 7137.0, bed_util_ads: 0.464, bed_util_des: 0.210, frac_lost: 0.500, li_recovered:  18.145
L: 0.50, u_super: 0.00125, sec: 2567.859, prod: 0.001426, t_ads: 385.0, t_des: 1789.0, bed_util_ads: 0.284, bed_util_des: 0.241, frac_lost: 0.500, li_recovered:  3.099
L: 0.52, u_super: 0.00015, sec: 36.927, prod: 0.001419, t_ads: 4616.0, t_des: 4340.0, bed_util_ads: 0.476, bed_util_des: 0.298, frac_lost: 0.500, li_recovered:  12.709
L: 0.52, u_super: 0.00013, sec: 30.410, prod: 0.001315, t_ads: 7552.0, t_des: 10525.0, bed_util_ads: 0.509, bed_util_des: 0.177, frac_lost: 0.500, li_recovered:  23.767
L: 0.50, u_super: 0.00058, sec: 508.020, prod: 0.001531, t_ads: 933.0, t_des: 3246.0, bed_util_ads: 0.319, bed_util_des: 0.230, frac_lost: 0.500, li_recovered:  6.398
L: 0.58, u_super: 0.00600, sec: 47895.285, prod: 0.001888, t_ads: 86.0, t_des: 160.0, bed_util_ads: 0.383, bed_util_des: 0.377, frac_lost: 0.505, li_recovered:  0.464
L: 0.50, u_super: 0.00005, sec: 8.017, prod: 0.000744, t_ads: 24850.0, t_des: 22779.0, bed_util_ads: 0.664, bed_util_des: 0.168, frac_lost: 0.500, li_recovered:  35.445
L: 0.50, u_super: 0.00013, sec: 36.089, prod: 0.001126, t_ads: 4213.0, t_des: 3058.0, bed_util_ads: 0.491, bed_util_des: 0.376, frac_lost: 0.500, li_recovered:  8.185
L: 0.51, u_super: 0.00031, sec: 125.650, prod: 0.001726, t_ads: 1771.0, t_des: 2060.0, bed_util_ads: 0.425, bed_util_des: 0.333, frac_lost: 0.500, li_recovered:  6.612
L: 0.59, u_super: 0.00013, sec: 31.378, prod: 0.001207, t_ads: 6794.0, t_des: 6074.0, bed_util_ads: 0.507, bed_util_des: 0.290, frac_lost: 0.500, li_recovered:  15.529
L: 0.55, u_super: 0.00582, sec: 46780.316, prod: 0.001815, t_ads: 83.0, t_des: 208.0, bed_util_ads: 0.349, bed_util_des: 0.342, frac_lost: 0.502, li_recovered:  0.528
L: 0.53, u_super: 0.00196, sec: 4914.911, prod: 0.001858, t_ads: 242.0, t_des: 442.0, bed_util_ads: 0.380, bed_util_des: 0.362, frac_lost: 0.500, li_recovered:  1.271
L: 0.54, u_super: 0.00018, sec: 46.870, prod: 0.001528, t_ads: 4396.0, t_des: 4911.0, bed_util_ads: 0.463, bed_util_des: 0.264, frac_lost: 0.500, li_recovered:  14.219
L: 0.50, u_super: 0.00412, sec: 22156.873, prod: 0.001876, t_ads: 108.0, t_des: 205.0, bed_util_ads: 0.379, bed_util_des: 0.371, frac_lost: 0.504, li_recovered:  0.587
L: 0.63, u_super: 0.00024, sec: 93.894, prod: 0.001458, t_ads: 2893.0, t_des: 2448.0, bed_util_ads: 0.464, bed_util_des: 0.355, frac_lost: 0.500, li_recovered:  7.787
L: 0.57, u_super: 0.00575, sec: 44436.168, prod: 0.001867, t_ads: 87.0, t_des: 150.0, bed_util_ads: 0.391, bed_util_des: 0.385, frac_lost: 0.500, li_recovered:  0.442
L: 0.52, u_super: 0.00009, sec: 16.950, prod: 0.001091, t_ads: 11473.0, t_des: 11385.0, bed_util_ads: 0.562, bed_util_des: 0.213, frac_lost: 0.500, li_recovered:  24.928
L: 0.50, u_super: 0.00426, sec: 23955.447, prod: 0.001862, t_ads: 104.0, t_des: 170.0, bed_util_ads: 0.396, bed_util_des: 0.389, frac_lost: 0.502, li_recovered:  0.510
L: 0.50, u_super: 0.00333, sec: 14389.360, prod: 0.001872, t_ads: 134.0, t_des: 244.0, bed_util_ads: 0.383, bed_util_des: 0.373, frac_lost: 0.503, li_recovered:  0.708
L: 0.50, u_super: 0.00006, sec: 11.839, prod: 0.000684, t_ads: 11529.0, t_des: 8281.0, bed_util_ads: 0.545, bed_util_des: 0.355, frac_lost: 0.500, li_recovered:  13.556
L: 0.51, u_super: 0.00572, sec: 43860.836, prod: 0.001868, t_ads: 79.0, t_des: 130.0, bed_util_ads: 0.397, bed_util_des: 0.392, frac_lost: 0.503, li_recovered:  0.390
L: 0.53, u_super: 0.00032, sec: 139.246, prod: 0.001750, t_ads: 1790.0, t_des: 2306.0, bed_util_ads: 0.416, bed_util_des: 0.316, frac_lost: 0.500, li_recovered:  7.168
L: 0.50, u_super: 0.00017, sec: 50.243, prod: 0.001343, t_ads: 5358.0, t_des: 10954.0, bed_util_ads: 0.460, bed_util_des: 0.154, frac_lost: 0.500, li_recovered:  21.902
    24 |      960 |     40 |  0.0820909090 |         nadir
L: 0.50, u_super: 0.00124, sec: 1963.690, prod: 0.001856, t_ads: 367.0, t_des: 657.0, bed_util_ads: 0.380, bed_util_des: 0.354, frac_lost: 0.500, li_recovered:  1.901
L: 0.55, u_super: 0.00575, sec: 52571.789, prod: 0.001575, t_ads: 85.0, t_des: 339.0, bed_util_ads: 0.299, bed_util_des: 0.290, frac_lost: 0.503, li_recovered:  0.668
L: 0.60, u_super: 0.00007, sec: 14.509, prod: 0.000854, t_ads: 17892.0, t_des: 16385.0, bed_util_ads: 0.616, bed_util_des: 0.206, frac_lost: 0.500, li_recovered:  29.284
L: 0.53, u_super: 0.00188, sec: 4496.278, prod: 0.001861, t_ads: 253.0, t_des: 455.0, bed_util_ads: 0.381, bed_util_des: 0.363, frac_lost: 0.500, li_recovered:  1.318
L: 0.50, u_super: 0.00323, sec: 34622.906, prod: 0.000729, t_ads: 142.0, t_des: 2085.0, bed_util_ads: 0.187, bed_util_des: 0.164, frac_lost: 0.501, li_recovered:  1.624
L: 0.58, u_super: 0.00419, sec: 24219.379, prod: 0.001777, t_ads: 122.0, t_des: 151.0, bed_util_ads: 0.429, bed_util_des: 0.422, frac_lost: 0.502, li_recovered:  0.485
L: 0.50, u_super: 0.00006, sec: 9.921, prod: 0.000804, t_ads: 17040.0, t_des: 14701.0, bed_util_ads: 0.602, bed_util_des: 0.245, frac_lost: 0.500, li_recovered:  25.522
L: 0.50, u_super: 0.00416, sec: 22889.811, prod: 0.001850, t_ads: 106.0, t_des: 164.0, bed_util_ads: 0.403, bed_util_des: 0.396, frac_lost: 0.501, li_recovered:  0.500
L: 0.52, u_super: 0.00015, sec: 34.412, prod: 0.001443, t_ads: 5265.0, t_des: 5561.0, bed_util_ads: 0.479, bed_util_des: 0.260, frac_lost: 0.500, li_recovered:  15.626
L: 0.50, u_super: 0.00020, sec: 56.093, prod: 0.001627, t_ads: 3411.0, t_des: 4455.0, bed_util_ads: 0.438, bed_util_des: 0.259, frac_lost: 0.500, li_recovered:  12.799
L: 0.52, u_super: 0.00338, sec: 26081.863, prod: 0.001063, t_ads: 139.0, t_des: 1170.0, bed_util_ads: 0.230, bed_util_des: 0.210, frac_lost: 0.502, li_recovered:  1.391
L: 0.50, u_super: 0.00005, sec: 7.977, prod: 0.000734, t_ads: 25352.0, t_des: 23128.0, bed_util_ads: 0.666, bed_util_des: 0.169, frac_lost: 0.500, li_recovered:  35.588
L: 0.57, u_super: 0.00013, sec: 30.559, prod: 0.001286, t_ads: 7030.0, t_des: 6887.0, bed_util_ads: 0.507, bed_util_des: 0.257, frac_lost: 0.500, li_recovered:  17.891
L: 0.54, u_super: 0.00110, sec: 1545.388, prod: 0.001854, t_ads: 456.0, t_des: 827.0, bed_util_ads: 0.378, bed_util_des: 0.345, frac_lost: 0.501, li_recovered:  2.379
L: 0.50, u_super: 0.00112, sec: 2103.172, prod: 0.001413, t_ads: 433.0, t_des: 2031.0, bed_util_ads: 0.284, bed_util_des: 0.235, frac_lost: 0.501, li_recovered:  3.482
L: 0.50, u_super: 0.00010, sec: 18.625, prod: 0.001185, t_ads: 9844.0, t_des: 10437.0, bed_util_ads: 0.544, bed_util_des: 0.207, frac_lost: 0.500, li_recovered:  24.030
L: 0.50, u_super: 0.00023, sec: 77.313, prod: 0.001650, t_ads: 2863.0, t_des: 4664.0, bed_util_ads: 0.415, bed_util_des: 0.241, frac_lost: 0.500, li_recovered:  12.418
L: 0.71, u_super: 0.00624, sec: 52712.727, prod: 0.001861, t_ads: 100.0, t_des: 162.0, bed_util_ads: 0.398, bed_util_des: 0.391, frac_lost: 0.502, li_recovered:  0.488
L: 0.50, u_super: 0.00005, sec: 8.664, prod: 0.000783, t_ads: 22959.0, t_des: 21425.0, bed_util_ads: 0.654, bed_util_des: 0.168, frac_lost: 0.500, li_recovered:  34.754
L: 0.51, u_super: 0.00006, sec: 9.443, prod: 0.000814, t_ads: 20577.0, t_des: 18992.0, bed_util_ads: 0.637, bed_util_des: 0.186, frac_lost: 0.500, li_recovered:  32.217
L: 0.77, u_super: 0.00022, sec: 99.450, prod: 0.001171, t_ads: 3762.0, t_des: 2737.0, bed_util_ads: 0.486, bed_util_des: 0.380, frac_lost: 0.500, li_recovered:  7.613
L: 0.51, u_super: 0.00017, sec: 42.986, prod: 0.001493, t_ads: 4990.0, t_des: 7104.0, bed_util_ads: 0.463, bed_util_des: 0.210, frac_lost: 0.500, li_recovered:  18.055
L: 0.84, u_super: 0.00022, sec: 87.148, prod: 0.001275, t_ads: 4936.0, t_des: 4175.0, bed_util_ads: 0.487, bed_util_des: 0.325, frac_lost: 0.500, li_recovered:  11.613
L: 0.51, u_super: 0.00605, sec: 48799.891, prod: 0.001883, t_ads: 75.0, t_des: 141.0, bed_util_ads: 0.382, bed_util_des: 0.377, frac_lost: 0.505, li_recovered:  0.407
L: 0.61, u_super: 0.00010, sec: 22.086, prod: 0.001007, t_ads: 10787.0, t_des: 9581.0, bed_util_ads: 0.551, bed_util_des: 0.264, frac_lost: 0.500, li_recovered:  20.503
L: 0.50, u_super: 0.00048, sec: 298.390, prod: 0.001819, t_ads: 1053.0, t_des: 1642.0, bed_util_ads: 0.393, bed_util_des: 0.325, frac_lost: 0.500, li_recovered:  4.904
L: 0.75, u_super: 0.00007, sec: 17.471, prod: 0.000713, t_ads: 23564.0, t_des: 20509.0, bed_util_ads: 0.648, bed_util_des: 0.208, frac_lost: 0.500, li_recovered:  31.433
L: 0.51, u_super: 0.00013, sec: 30.255, prod: 0.001367, t_ads: 6833.0, t_des: 9130.0, bed_util_ads: 0.498, bed_util_des: 0.192, frac_lost: 0.500, li_recovered:  21.818
L: 0.52, u_super: 0.00022, sec: 77.418, prod: 0.001498, t_ads: 2461.0, t_des: 2100.0, bed_util_ads: 0.459, bed_util_des: 0.364, frac_lost: 0.500, li_recovered:  6.834
L: 0.50, u_super: 0.00020, sec: 54.728, prod: 0.001623, t_ads: 3361.0, t_des: 4021.0, bed_util_ads: 0.442, bed_util_des: 0.274, frac_lost: 0.500, li_recovered:  11.980
L: 0.51, u_super: 0.00424, sec: 23503.305, prod: 0.001874, t_ads: 107.0, t_des: 184.0, bed_util_ads: 0.391, bed_util_des: 0.383, frac_lost: 0.504, li_recovered:  0.545
L: 0.58, u_super: 0.00022, sec: 70.465, prod: 0.001617, t_ads: 3498.0, t_des: 4319.0, bed_util_ads: 0.442, bed_util_des: 0.266, frac_lost: 0.500, li_recovered:  12.637
L: 0.53, u_super: 0.00049, sec: 321.113, prod: 0.001772, t_ads: 1043.0, t_des: 1256.0, bed_util_ads: 0.420, bed_util_des: 0.363, frac_lost: 0.500, li_recovered:  4.074
L: 0.55, u_super: 0.00007, sec: 16.054, prod: 0.000712, t_ads: 10144.0, t_des: 7158.0, bed_util_ads: 0.536, bed_util_des: 0.363, frac_lost: 0.500, li_recovered:  12.318
L: 0.52, u_super: 0.00007, sec: 11.406, prod: 0.000884, t_ads: 17924.0, t_des: 16977.0, bed_util_ads: 0.620, bed_util_des: 0.188, frac_lost: 0.500, li_recovered:  30.847
L: 0.85, u_super: 0.00009, sec: 26.044, prod: 0.000684, t_ads: 17012.0, t_des: 13457.0, bed_util_ads: 0.588, bed_util_des: 0.297, frac_lost: 0.500, li_recovered:  20.842
L: 0.58, u_super: 0.00600, sec: 48557.113, prod: 0.001863, t_ads: 85.0, t_des: 157.0, bed_util_ads: 0.383, bed_util_des: 0.377, frac_lost: 0.500, li_recovered:  0.451
L: 0.50, u_super: 0.00389, sec: 19743.613, prod: 0.001871, t_ads: 114.0, t_des: 215.0, bed_util_ads: 0.380, bed_util_des: 0.371, frac_lost: 0.502, li_recovered:  0.615
L: 0.50, u_super: 0.00121, sec: 3373.269, prod: 0.001014, t_ads: 411.0, t_des: 3480.0, bed_util_ads: 0.235, bed_util_des: 0.180, frac_lost: 0.500, li_recovered:  3.946
L: 0.50, u_super: 0.00007, sec: 12.982, prod: 0.000959, t_ads: 13031.0, t_des: 11830.0, bed_util_ads: 0.574, bed_util_des: 0.240, frac_lost: 0.500, li_recovered:  23.846
    25 |     1000 |     40 |  0.0087701487 |         nadir
L: 0.53, u_super: 0.00024, sec: 85.440, prod: 0.001512, t_ads: 2409.0, t_des: 2076.0, bed_util_ads: 0.458, bed_util_des: 0.363, frac_lost: 0.500, li_recovered:  6.779
L: 0.50, u_super: 0.00007, sec: 12.595, prod: 0.000963, t_ads: 14076.0, t_des: 13171.0, bed_util_ads: 0.586, bed_util_des: 0.218, frac_lost: 0.500, li_recovered:  26.248
L: 0.52, u_super: 0.00005, sec: 8.783, prod: 0.000743, t_ads: 22577.0, t_des: 19977.0, bed_util_ads: 0.644, bed_util_des: 0.202, frac_lost: 0.500, li_recovered:  31.610
L: 0.62, u_super: 0.00420, sec: 23369.854, prod: 0.001856, t_ads: 129.0, t_des: 211.0, bed_util_ads: 0.395, bed_util_des: 0.386, frac_lost: 0.500, li_recovered:  0.631
L: 0.50, u_super: 0.00546, sec: 39728.418, prod: 0.001874, t_ads: 81.0, t_des: 144.0, bed_util_ads: 0.388, bed_util_des: 0.382, frac_lost: 0.503, li_recovered:  0.422
L: 0.50, u_super: 0.00036, sec: 165.309, prod: 0.001781, t_ads: 1537.0, t_des: 2297.0, bed_util_ads: 0.401, bed_util_des: 0.305, frac_lost: 0.500, li_recovered:  6.828
L: 0.50, u_super: 0.00010, sec: 19.113, prod: 0.001102, t_ads: 8122.0, t_des: 7093.0, bed_util_ads: 0.523, bed_util_des: 0.288, frac_lost: 0.500, li_recovered:  16.769
L: 0.50, u_super: 0.00312, sec: 12561.603, prod: 0.001869, t_ads: 143.0, t_des: 248.0, bed_util_ads: 0.388, bed_util_des: 0.378, frac_lost: 0.502, li_recovered:  0.731
L: 0.58, u_super: 0.00602, sec: 48750.793, prod: 0.001869, t_ads: 85.0, t_des: 154.0, bed_util_ads: 0.385, bed_util_des: 0.379, frac_lost: 0.501, li_recovered:  0.447
L: 0.51, u_super: 0.00424, sec: 42525.691, prod: 0.001040, t_ads: 109.0, t_des: 962.0, bed_util_ads: 0.226, bed_util_des: 0.210, frac_lost: 0.503, li_recovered:  1.114
L: 0.50, u_super: 0.00478, sec: 30124.414, prod: 0.001875, t_ads: 93.0, t_des: 171.0, bed_util_ads: 0.384, bed_util_des: 0.377, frac_lost: 0.502, li_recovered:  0.495
L: 0.50, u_super: 0.00010, sec: 19.592, prod: 0.001126, t_ads: 7911.0, t_des: 6982.0, bed_util_ads: 0.520, bed_util_des: 0.286, frac_lost: 0.500, li_recovered:  16.775
L: 0.52, u_super: 0.00009, sec: 18.057, prod: 0.001123, t_ads: 10134.0, t_des: 9791.0, bed_util_ads: 0.546, bed_util_des: 0.233, frac_lost: 0.500, li_recovered:  22.376
L: 0.50, u_super: 0.00016, sec: 41.046, prod: 0.001534, t_ads: 4338.0, t_des: 4871.0, bed_util_ads: 0.461, bed_util_des: 0.264, frac_lost: 0.500, li_recovered:  14.123
L: 0.53, u_super: 0.00012, sec: 28.806, prod: 0.001105, t_ads: 5657.0, t_des: 4418.0, bed_util_ads: 0.500, bed_util_des: 0.344, frac_lost: 0.500, li_recovered:  11.131
L: 0.59, u_super: 0.00029, sec: 115.825, prod: 0.001705, t_ads: 2424.0, t_des: 3179.0, bed_util_ads: 0.422, bed_util_des: 0.288, frac_lost: 0.500, li_recovered:  9.556
L: 0.52, u_super: 0.00636, sec: 54024.957, prod: 0.001890, t_ads: 72.0, t_des: 121.0, bed_util_ads: 0.396, bed_util_des: 0.391, frac_lost: 0.506, li_recovered:  0.365
L: 0.61, u_super: 0.00009, sec: 20.159, prod: 0.000889, t_ads: 10968.0, t_des: 8996.0, bed_util_ads: 0.549, bed_util_des: 0.301, frac_lost: 0.500, li_recovered:  17.749
L: 0.51, u_super: 0.00006, sec: 9.670, prod: 0.000795, t_ads: 18372.0, t_des: 16050.0, bed_util_ads: 0.614, bed_util_des: 0.231, frac_lost: 0.500, li_recovered:  27.370
L: 0.50, u_super: 0.00045, sec: 277.986, prod: 0.001717, t_ads: 1217.0, t_des: 2780.0, bed_util_ads: 0.360, bed_util_des: 0.264, frac_lost: 0.500, li_recovered:  6.861
L: 0.50, u_super: 0.00110, sec: 3700.068, prod: 0.000772, t_ads: 465.0, t_des: 5801.0, bed_util_ads: 0.210, bed_util_des: 0.143, frac_lost: 0.500, li_recovered:  4.838
L: 0.50, u_super: 0.00412, sec: 23164.018, prod: 0.001794, t_ads: 108.0, t_des: 277.0, bed_util_ads: 0.345, bed_util_des: 0.335, frac_lost: 0.501, li_recovered:  0.691
L: 0.52, u_super: 0.00015, sec: 34.909, prod: 0.001444, t_ads: 5218.0, t_des: 5481.0, bed_util_ads: 0.478, bed_util_des: 0.262, frac_lost: 0.500, li_recovered:  15.454
L: 0.51, u_super: 0.00030, sec: 121.718, prod: 0.001745, t_ads: 1956.0, t_des: 2930.0, bed_util_ads: 0.405, bed_util_des: 0.286, frac_lost: 0.500, li_recovered:  8.524
L: 0.55, u_super: 0.00014, sec: 33.897, prod: 0.001377, t_ads: 6687.0, t_des: 7972.0, bed_util_ads: 0.497, bed_util_des: 0.215, frac_lost: 0.500, li_recovered:  20.190
L: 0.51, u_super: 0.00031, sec: 124.260, prod: 0.001745, t_ads: 1915.0, t_des: 2984.0, bed_util_ads: 0.402, bed_util_des: 0.282, frac_lost: 0.500, li_recovered:  8.549
L: 0.55, u_super: 0.00028, sec: 120.162, prod: 0.001566, t_ads: 2679.0, t_des: 5833.0, bed_util_ads: 0.394, bed_util_des: 0.207, frac_lost: 0.500, li_recovered:  13.328
L: 0.50, u_super: 0.00007, sec: 12.926, prod: 0.000985, t_ads: 15296.0, t_des: 15827.0, bed_util_ads: 0.602, bed_util_des: 0.173, frac_lost: 0.500, li_recovered:  30.660
L: 0.50, u_super: 0.00047, sec: 284.630, prod: 0.001817, t_ads: 1085.0, t_des: 1700.0, bed_util_ads: 0.393, bed_util_des: 0.322, frac_lost: 0.500, li_recovered:  5.059
L: 0.50, u_super: 0.00019, sec: 60.043, prod: 0.001373, t_ads: 2838.0, t_des: 2237.0, bed_util_ads: 0.470, bed_util_des: 0.373, frac_lost: 0.500, li_recovered:  6.970
L: 0.52, u_super: 0.00005, sec: 8.119, prod: 0.000721, t_ads: 26036.0, t_des: 23623.0, bed_util_ads: 0.670, bed_util_des: 0.169, frac_lost: 0.500, li_recovered:  35.816
L: 0.50, u_super: 0.00039, sec: 228.765, prod: 0.001515, t_ads: 1576.0, t_des: 4833.0, bed_util_ads: 0.345, bed_util_des: 0.209, frac_lost: 0.500, li_recovered:  9.712
L: 0.51, u_super: 0.00022, sec: 106.399, prod: 0.001071, t_ads: 2104.0, t_des: 1305.0, bed_util_ads: 0.494, bed_util_des: 0.443, frac_lost: 0.500, li_recovered:  3.650
L: 0.50, u_super: 0.00038, sec: 187.799, prod: 0.001772, t_ads: 1450.0, t_des: 2544.0, bed_util_ads: 0.386, bed_util_des: 0.287, frac_lost: 0.500, li_recovered:  7.076
L: 0.50, u_super: 0.00186, sec: 7290.325, prod: 0.001125, t_ads: 254.0, t_des: 1892.0, bed_util_ads: 0.241, bed_util_des: 0.207, frac_lost: 0.501, li_recovered:  2.415
L: 0.50, u_super: 0.00013, sec: 30.018, prod: 0.001357, t_ads: 5347.0, t_des: 4996.0, bed_util_ads: 0.486, bed_util_des: 0.290, frac_lost: 0.500, li_recovered:  14.032
L: 0.55, u_super: 0.00575, sec: 44335.098, prod: 0.001871, t_ads: 84.0, t_des: 156.0, bed_util_ads: 0.383, bed_util_des: 0.377, frac_lost: 0.501, li_recovered:  0.449
L: 0.50, u_super: 0.00063, sec: 508.445, prod: 0.001834, t_ads: 763.0, t_des: 1123.0, bed_util_ads: 0.399, bed_util_des: 0.351, frac_lost: 0.500, li_recovered:  3.459
L: 0.52, u_super: 0.00007, sec: 13.167, prod: 0.000959, t_ads: 15659.0, t_des: 15433.0, bed_util_ads: 0.603, bed_util_des: 0.186, frac_lost: 0.500, li_recovered:  29.816
L: 0.50, u_super: 0.00013, sec: 30.119, prod: 0.001373, t_ads: 5284.0, t_des: 5000.0, bed_util_ads: 0.485, bed_util_des: 0.287, frac_lost: 0.500, li_recovered:  14.120
    26 |     1040 |     40 |  0.1134767600 |         nadir
L: 0.52, u_super: 0.00005, sec: 9.204, prod: 0.000642, t_ads: 17879.0, t_des: 13887.0, bed_util_ads: 0.590, bed_util_des: 0.305, frac_lost: 0.500, li_recovered:  20.406
L: 0.51, u_super: 0.00009, sec: 16.769, prod: 0.001102, t_ads: 11641.0, t_des: 12003.0, bed_util_ads: 0.565, bed_util_des: 0.200, frac_lost: 0.500, li_recovered:  26.065
L: 0.64, u_super: 0.00024, sec: 97.191, prod: 0.001369, t_ads: 4597.0, t_des: 10179.0, bed_util_ads: 0.440, bed_util_des: 0.157, frac_lost: 0.500, li_recovered:  20.227
L: 0.51, u_super: 0.00013, sec: 29.320, prod: 0.001340, t_ads: 5494.0, t_des: 5103.0, bed_util_ads: 0.489, bed_util_des: 0.290, frac_lost: 0.500, li_recovered:  14.199
L: 0.50, u_super: 0.00109, sec: 1546.428, prod: 0.001812, t_ads: 415.0, t_des: 541.0, bed_util_ads: 0.416, bed_util_des: 0.392, frac_lost: 0.501, li_recovered:  1.733
L: 0.50, u_super: 0.00030, sec: 116.812, prod: 0.001739, t_ads: 1992.0, t_des: 3070.0, bed_util_ads: 0.404, bed_util_des: 0.280, frac_lost: 0.500, li_recovered:  8.803
L: 0.53, u_super: 0.00188, sec: 4533.612, prod: 0.001846, t_ads: 254.0, t_des: 521.0, bed_util_ads: 0.367, bed_util_des: 0.347, frac_lost: 0.500, li_recovered:  1.431
L: 0.50, u_super: 0.00312, sec: 12630.626, prod: 0.001859, t_ads: 142.0, t_des: 238.0, bed_util_ads: 0.392, bed_util_des: 0.382, frac_lost: 0.500, li_recovered:  0.706
L: 0.55, u_super: 0.00340, sec: 17591.473, prod: 0.001598, t_ads: 142.0, t_des: 136.0, bed_util_ads: 0.460, bed_util_des: 0.453, frac_lost: 0.502, li_recovered:  0.444
L: 0.96, u_super: 0.00471, sec: 29283.449, prod: 0.001867, t_ads: 181.0, t_des: 308.0, bed_util_ads: 0.389, bed_util_des: 0.377, frac_lost: 0.501, li_recovered:  0.913
L: 0.50, u_super: 0.00409, sec: 22109.877, prod: 0.001858, t_ads: 108.0, t_des: 171.0, bed_util_ads: 0.400, bed_util_des: 0.393, frac_lost: 0.502, li_recovered:  0.518
L: 0.52, u_super: 0.00009, sec: 18.080, prod: 0.001122, t_ads: 10071.0, t_des: 9684.0, bed_util_ads: 0.545, bed_util_des: 0.235, frac_lost: 0.500, li_recovered:  22.157
L: 0.50, u_super: 0.00010, sec: 18.617, prod: 0.001185, t_ads: 9623.0, t_des: 9951.0, bed_util_ads: 0.541, bed_util_des: 0.216, frac_lost: 0.500, li_recovered:  23.202
L: 0.52, u_super: 0.00007, sec: 14.550, prod: 0.000846, t_ads: 10875.0, t_des: 8616.0, bed_util_ads: 0.546, bed_util_des: 0.316, frac_lost: 0.500, li_recovered:  16.490
L: 0.50, u_super: 0.00017, sec: 43.499, prod: 0.001472, t_ads: 4998.0, t_des: 7855.0, bed_util_ads: 0.459, bed_util_des: 0.195, frac_lost: 0.500, li_recovered:  18.918
L: 0.51, u_super: 0.00022, sec: 67.801, prod: 0.001633, t_ads: 2724.0, t_des: 2884.0, bed_util_ads: 0.442, bed_util_des: 0.314, frac_lost: 0.500, li_recovered:  9.157
L: 0.50, u_super: 0.00330, sec: 14131.898, prod: 0.001873, t_ads: 135.0, t_des: 246.0, bed_util_ads: 0.383, bed_util_des: 0.373, frac_lost: 0.502, li_recovered:  0.714
L: 0.50, u_super: 0.00006, sec: 9.445, prod: 0.000818, t_ads: 21494.0, t_des: 20488.0, bed_util_ads: 0.647, bed_util_des: 0.166, frac_lost: 0.500, li_recovered:  34.348
L: 0.50, u_super: 0.00447, sec: 89557.906, prod: 0.000551, t_ads: 102.0, t_des: 2211.0, bed_util_ads: 0.160, bed_util_des: 0.142, frac_lost: 0.503, li_recovered:  1.273
L: 0.87, u_super: 0.00081, sec: 1245.404, prod: 0.001231, t_ads: 1305.0, t_des: 6541.0, bed_util_ads: 0.304, bed_util_des: 0.169, frac_lost: 0.500, li_recovered:  9.656
L: 0.66, u_super: 0.00008, sec: 19.002, prod: 0.000835, t_ads: 14941.0, t_des: 12784.0, bed_util_ads: 0.585, bed_util_des: 0.261, frac_lost: 0.500, li_recovered:  23.155
L: 0.55, u_super: 0.00555, sec: 41459.816, prod: 0.001854, t_ads: 88.0, t_des: 191.0, bed_util_ads: 0.365, bed_util_des: 0.358, frac_lost: 0.503, li_recovered:  0.517
L: 0.50, u_super: 0.00017, sec: 43.473, prod: 0.001559, t_ads: 4160.0, t_des: 4939.0, bed_util_ads: 0.455, bed_util_des: 0.257, frac_lost: 0.500, li_recovered:  14.188
L: 0.50, u_super: 0.00008, sec: 14.223, prod: 0.001040, t_ads: 12757.0, t_des: 12517.0, bed_util_ads: 0.575, bed_util_des: 0.207, frac_lost: 0.500, li_recovered:  26.290
L: 0.52, u_super: 0.00009, sec: 15.988, prod: 0.001058, t_ads: 11715.0, t_des: 11230.0, bed_util_ads: 0.563, bed_util_des: 0.224, frac_lost: 0.500, li_recovered:  24.269
L: 0.56, u_super: 0.00016, sec: 44.175, prod: 0.001425, t_ads: 5867.0, t_des: 8381.0, bed_util_ads: 0.479, bed_util_des: 0.195, frac_lost: 0.500, li_recovered:  20.304
L: 0.52, u_super: 0.00575, sec: 44540.434, prod: 0.001863, t_ads: 79.0, t_des: 130.0, bed_util_ads: 0.397, bed_util_des: 0.392, frac_lost: 0.501, li_recovered:  0.389
L: 0.51, u_super: 0.00590, sec: 47847.242, prod: 0.001826, t_ads: 76.0, t_des: 180.0, bed_util_ads: 0.355, bed_util_des: 0.349, frac_lost: 0.501, li_recovered:  0.467
L: 0.52, u_super: 0.00638, sec: 55394.742, prod: 0.001857, t_ads: 71.0, t_des: 144.0, bed_util_ads: 0.373, bed_util_des: 0.367, frac_lost: 0.501, li_recovered:  0.399
L: 0.50, u_super: 0.00039, sec: 214.337, prod: 0.001655, t_ads: 1484.0, t_des: 3598.0, bed_util_ads: 0.360, bed_util_des: 0.242, frac_lost: 0.500, li_recovered:  8.413
L: 0.50, u_super: 0.00312, sec: 12542.439, prod: 0.001872, t_ads: 143.0, t_des: 249.0, bed_util_ads: 0.388, bed_util_des: 0.378, frac_lost: 0.502, li_recovered:  0.734
L: 0.50, u_super: 0.00009, sec: 16.564, prod: 0.001116, t_ads: 10971.0, t_des: 11021.0, bed_util_ads: 0.556, bed_util_des: 0.213, frac_lost: 0.500, li_recovered:  24.543
L: 0.50, u_super: 0.00005, sec: 8.955, prod: 0.000745, t_ads: 19289.0, t_des: 16405.0, bed_util_ads: 0.616, bed_util_des: 0.244, frac_lost: 0.500, li_recovered:  26.605
L: 0.55, u_super: 0.00014, sec: 31.961, prod: 0.001360, t_ads: 6640.0, t_des: 7178.0, bed_util_ads: 0.499, bed_util_des: 0.236, frac_lost: 0.500, li_recovered:  18.791
L: 0.50, u_super: 0.00052, sec: 356.210, prod: 0.001802, t_ads: 982.0, t_des: 1878.0, bed_util_ads: 0.373, bed_util_des: 0.301, frac_lost: 0.500, li_recovered:  5.152
L: 0.50, u_super: 0.00086, sec: 1674.482, prod: 0.001028, t_ads: 614.0, t_des: 4847.0, bed_util_ads: 0.247, bed_util_des: 0.169, frac_lost: 0.500, li_recovered:  5.615
L: 0.55, u_super: 0.00168, sec: 3666.276, prod: 0.001834, t_ads: 293.0, t_des: 412.0, bed_util_ads: 0.409, bed_util_des: 0.391, frac_lost: 0.501, li_recovered:  1.293
L: 0.51, u_super: 0.00006, sec: 12.030, prod: 0.000639, t_ads: 11284.0, t_des: 7737.0, bed_util_ads: 0.540, bed_util_des: 0.370, frac_lost: 0.500, li_recovered:  12.157
L: 0.64, u_super: 0.00572, sec: 47631.109, prod: 0.001722, t_ads: 99.0, t_des: 300.0, bed_util_ads: 0.327, bed_util_des: 0.318, frac_lost: 0.501, li_recovered:  0.687
L: 0.65, u_super: 0.00435, sec: 64777.914, prod: 0.000719, t_ads: 137.0, t_des: 2060.0, bed_util_ads: 0.185, bed_util_des: 0.163, frac_lost: 0.502, li_recovered:  1.579
    27 |     1080 |     40 |  0.0014496121 |             f
L: 0.50, u_super: 0.00008, sec: 16.990, prod: 0.000970, t_ads: 8828.0, t_des: 7197.0, bed_util_ads: 0.530, bed_util_des: 0.313, frac_lost: 0.500, li_recovered:  15.540
L: 0.50, u_super: 0.00140, sec: 2480.810, prod: 0.001852, t_ads: 326.0, t_des: 501.0, bed_util_ads: 0.398, bed_util_des: 0.377, frac_lost: 0.500, li_recovered:  1.532
L: 0.52, u_super: 0.00007, sec: 11.656, prod: 0.000865, t_ads: 15951.0, t_des: 14212.0, bed_util_ads: 0.597, bed_util_des: 0.233, frac_lost: 0.500, li_recovered:  26.088
L: 0.50, u_super: 0.00301, sec: 11712.175, prod: 0.001871, t_ads: 149.0, t_des: 267.0, bed_util_ads: 0.384, bed_util_des: 0.373, frac_lost: 0.502, li_recovered:  0.778
L: 0.55, u_super: 0.00575, sec: 44212.418, prod: 0.001876, t_ads: 85.0, t_des: 140.0, bed_util_ads: 0.397, bed_util_des: 0.391, frac_lost: 0.505, li_recovered:  0.422
L: 0.88, u_super: 0.00008, sec: 23.088, prod: 0.000710, t_ads: 25754.0, t_des: 22978.0, bed_util_ads: 0.665, bed_util_des: 0.181, frac_lost: 0.500, li_recovered:  34.589
L: 0.50, u_super: 0.00024, sec: 82.040, prod: 0.001697, t_ads: 2436.0, t_des: 2996.0, bed_util_ads: 0.427, bed_util_des: 0.298, frac_lost: 0.500, li_recovered:  9.216
L: 0.68, u_super: 0.00013, sec: 35.565, prod: 0.001105, t_ads: 7972.0, t_des: 6933.0, bed_util_ads: 0.521, bed_util_des: 0.291, frac_lost: 0.500, li_recovered:  16.464
L: 0.55, u_super: 0.00007, sec: 13.558, prod: 0.000899, t_ads: 15996.0, t_des: 14717.0, bed_util_ads: 0.601, bed_util_des: 0.215, frac_lost: 0.500, li_recovered:  27.597
L: 0.52, u_super: 0.00413, sec: 22358.369, prod: 0.001867, t_ads: 111.0, t_des: 185.0, bed_util_ads: 0.394, bed_util_des: 0.386, frac_lost: 0.503, li_recovered:  0.553
L: 0.58, u_super: 0.00600, sec: 48656.996, prod: 0.001858, t_ads: 85.0, t_des: 145.0, bed_util_ads: 0.392, bed_util_des: 0.386, frac_lost: 0.500, li_recovered:  0.427
L: 0.50, u_super: 0.00086, sec: 990.365, prod: 0.001741, t_ads: 570.0, t_des: 1488.0, bed_util_ads: 0.340, bed_util_des: 0.290, frac_lost: 0.500, li_recovered:  3.582
L: 0.51, u_super: 0.00008, sec: 15.788, prod: 0.000940, t_ads: 9556.0, t_des: 7812.0, bed_util_ads: 0.537, bed_util_des: 0.308, frac_lost: 0.500, li_recovered:  16.332
L: 0.52, u_super: 0.00039, sec: 211.866, prod: 0.001707, t_ads: 1493.0, t_des: 3209.0, bed_util_ads: 0.369, bed_util_des: 0.257, frac_lost: 0.500, li_recovered:  8.026
L: 0.52, u_super: 0.00009, sec: 15.993, prod: 0.001058, t_ads: 11712.0, t_des: 11228.0, bed_util_ads: 0.563, bed_util_des: 0.224, frac_lost: 0.500, li_recovered:  24.268
L: 0.50, u_super: 0.00125, sec: 1967.486, prod: 0.001861, t_ads: 367.0, t_des: 633.0, bed_util_ads: 0.384, bed_util_des: 0.358, frac_lost: 0.500, li_recovered:  1.861
L: 0.52, u_super: 0.00007, sec: 11.456, prod: 0.000880, t_ads: 19297.0, t_des: 19532.0, bed_util_ads: 0.635, bed_util_des: 0.157, frac_lost: 0.500, li_recovered:  34.168
L: 0.86, u_super: 0.00177, sec: 4726.147, prod: 0.001578, t_ads: 471.0, t_des: 1700.0, bed_util_ads: 0.308, bed_util_des: 0.260, frac_lost: 0.501, li_recovered:  3.426
L: 0.91, u_super: 0.00018, sec: 71.778, prod: 0.001095, t_ads: 6802.0, t_des: 5591.0, bed_util_ads: 0.510, bed_util_des: 0.320, frac_lost: 0.500, li_recovered:  13.566
L: 0.53, u_super: 0.00585, sec: 46277.832, prod: 0.001854, t_ads: 80.0, t_des: 174.0, bed_util_ads: 0.365, bed_util_des: 0.358, frac_lost: 0.502, li_recovered:  0.471
L: 0.51, u_super: 0.00007, sec: 11.660, prod: 0.000920, t_ads: 16733.0, t_des: 16091.0, bed_util_ads: 0.611, bed_util_des: 0.189, frac_lost: 0.500, li_recovered:  30.188
L: 0.50, u_super: 0.00021, sec: 74.117, prod: 0.001438, t_ads: 3701.0, t_des: 8442.0, bed_util_ads: 0.417, bed_util_des: 0.173, frac_lost: 0.500, li_recovered:  17.457
L: 0.51, u_super: 0.00412, sec: 22173.090, prod: 0.001875, t_ads: 109.0, t_des: 207.0, bed_util_ads: 0.379, bed_util_des: 0.371, frac_lost: 0.503, li_recovered:  0.592
L: 0.50, u_super: 0.00005, sec: 8.692, prod: 0.000703, t_ads: 18403.0, t_des: 15050.0, bed_util_ads: 0.603, bed_util_des: 0.274, frac_lost: 0.500, li_recovered:  23.512
L: 0.59, u_super: 0.00014, sec: 33.073, prod: 0.001299, t_ads: 6986.0, t_des: 6955.0, bed_util_ads: 0.506, bed_util_des: 0.253, frac_lost: 0.500, li_recovered:  18.113
L: 0.50, u_super: 0.00009, sec: 16.560, prod: 0.001116, t_ads: 10999.0, t_des: 11079.0, bed_util_ads: 0.557, bed_util_des: 0.212, frac_lost: 0.500, li_recovered:  24.646
L: 0.50, u_super: 0.00635, sec: 53958.648, prod: 0.001886, t_ads: 70.0, t_des: 139.0, bed_util_ads: 0.377, bed_util_des: 0.371, frac_lost: 0.506, li_recovered:  0.394
L: 0.52, u_super: 0.00525, sec: 37432.574, prod: 0.001831, t_ads: 87.0, t_des: 123.0, bed_util_ads: 0.415, bed_util_des: 0.409, frac_lost: 0.502, li_recovered:  0.385
L: 0.53, u_super: 0.00188, sec: 4489.822, prod: 0.001864, t_ads: 254.0, t_des: 457.0, bed_util_ads: 0.381, bed_util_des: 0.363, frac_lost: 0.501, li_recovered:  1.325
L: 0.50, u_super: 0.00024, sec: 87.864, prod: 0.001511, t_ads: 3067.0, t_des: 6874.0, bed_util_ads: 0.402, bed_util_des: 0.192, frac_lost: 0.500, li_recovered:  15.017
L: 0.50, u_super: 0.00312, sec: 12579.337, prod: 0.001866, t_ads: 143.0, t_des: 266.0, bed_util_ads: 0.380, bed_util_des: 0.369, frac_lost: 0.501, li_recovered:  0.763
L: 0.50, u_super: 0.00016, sec: 44.230, prod: 0.001423, t_ads: 5308.0, t_des: 9011.0, bed_util_ads: 0.463, bed_util_des: 0.178, frac_lost: 0.500, li_recovered:  20.379
L: 0.50, u_super: 0.00005, sec: 8.743, prod: 0.000761, t_ads: 20979.0, t_des: 18469.0, bed_util_ads: 0.633, bed_util_des: 0.213, frac_lost: 0.500, li_recovered:  30.016
L: 0.55, u_super: 0.00569, sec: 43388.309, prod: 0.001867, t_ads: 85.0, t_des: 140.0, bed_util_ads: 0.397, bed_util_des: 0.391, frac_lost: 0.501, li_recovered:  0.420
L: 0.64, u_super: 0.00007, sec: 19.173, prod: 0.000675, t_ads: 11489.0, t_des: 8178.0, bed_util_ads: 0.544, bed_util_des: 0.358, frac_lost: 0.500, li_recovered:  13.271
L: 0.54, u_super: 0.00652, sec: 57343.316, prod: 0.001877, t_ads: 73.0, t_des: 137.0, bed_util_ads: 0.382, bed_util_des: 0.377, frac_lost: 0.505, li_recovered:  0.394
L: 0.82, u_super: 0.00188, sec: 4503.535, prod: 0.001858, t_ads: 401.0, t_des: 654.0, bed_util_ads: 0.390, bed_util_des: 0.363, frac_lost: 0.501, li_recovered:  1.960
L: 0.50, u_super: 0.00025, sec: 85.268, prod: 0.001705, t_ads: 2355.0, t_des: 2949.0, bed_util_ads: 0.425, bed_util_des: 0.298, frac_lost: 0.500, li_recovered:  9.046
L: 0.52, u_super: 0.00022, sec: 71.599, prod: 0.001614, t_ads: 3256.0, t_des: 5304.0, bed_util_ads: 0.422, bed_util_des: 0.229, frac_lost: 0.500, li_recovered:  13.813
L: 0.53, u_super: 0.00047, sec: 531.983, prod: 0.000975, t_ads: 1457.0, t_des: 10363.0, bed_util_ads: 0.290, bed_util_des: 0.129, frac_lost: 0.500, li_recovered:  11.529
    28 |     1120 |     40 |  0.0029904356 |             f
L: 0.50, u_super: 0.00013, sec: 29.394, prod: 0.001321, t_ads: 7411.0, t_des: 10501.0, bed_util_ads: 0.506, bed_util_des: 0.176, frac_lost: 0.500, li_recovered:  23.655
L: 0.50, u_super: 0.00045, sec: 267.597, prod: 0.001800, t_ads: 1157.0, t_des: 2039.0, bed_util_ads: 0.382, bed_util_des: 0.302, frac_lost: 0.500, li_recovered:  5.752
L: 0.52, u_super: 0.00009, sec: 18.476, prod: 0.001098, t_ads: 9332.0, t_des: 8520.0, bed_util_ads: 0.536, bed_util_des: 0.262, frac_lost: 0.500, li_recovered:  19.593
L: 0.50, u_super: 0.00007, sec: 12.603, prod: 0.000964, t_ads: 14067.0, t_des: 13164.0, bed_util_ads: 0.585, bed_util_des: 0.218, frac_lost: 0.500, li_recovered:  26.243
L: 0.50, u_super: 0.00016, sec: 41.118, prod: 0.001531, t_ads: 4273.0, t_des: 4675.0, bed_util_ads: 0.462, bed_util_des: 0.270, frac_lost: 0.500, li_recovered:  13.699
L: 0.50, u_super: 0.00418, sec: 22940.959, prod: 0.001869, t_ads: 106.0, t_des: 178.0, bed_util_ads: 0.394, bed_util_des: 0.386, frac_lost: 0.501, li_recovered:  0.531
L: 0.83, u_super: 0.00179, sec: 4144.483, prod: 0.001843, t_ads: 421.0, t_des: 621.0, bed_util_ads: 0.401, bed_util_des: 0.375, frac_lost: 0.500, li_recovered:  1.920
L: 0.50, u_super: 0.00124, sec: 3935.410, prod: 0.000925, t_ads: 399.0, t_des: 3903.0, bed_util_ads: 0.224, bed_util_des: 0.168, frac_lost: 0.500, li_recovered:  3.980
L: 0.50, u_super: 0.00330, sec: 14207.717, prod: 0.001861, t_ads: 135.0, t_des: 245.0, bed_util_ads: 0.383, bed_util_des: 0.373, frac_lost: 0.500, li_recovered:  0.707
L: 0.58, u_super: 0.00600, sec: 50155.508, prod: 0.001803, t_ads: 86.0, t_des: 224.0, bed_util_ads: 0.345, bed_util_des: 0.337, frac_lost: 0.503, li_recovered:  0.559
L: 0.50, u_super: 0.00016, sec: 41.072, prod: 0.001533, t_ads: 4312.0, t_des: 4791.0, bed_util_ads: 0.461, bed_util_des: 0.266, frac_lost: 0.500, li_recovered:  13.952
L: 0.50, u_super: 0.00053, sec: 359.590, prod: 0.001804, t_ads: 972.0, t_des: 1851.0, bed_util_ads: 0.373, bed_util_des: 0.302, frac_lost: 0.500, li_recovered:  5.093
L: 0.50, u_super: 0.00329, sec: 14029.347, prod: 0.001873, t_ads: 136.0, t_des: 240.0, bed_util_ads: 0.387, bed_util_des: 0.377, frac_lost: 0.502, li_recovered:  0.704
L: 0.51, u_super: 0.00040, sec: 220.105, prod: 0.001681, t_ads: 1240.0, t_des: 1260.0, bed_util_ads: 0.438, bed_util_des: 0.379, frac_lost: 0.500, li_recovered:  4.203
L: 0.52, u_super: 0.00013, sec: 29.685, prod: 0.001323, t_ads: 5639.0, t_des: 5209.0, bed_util_ads: 0.491, bed_util_des: 0.290, frac_lost: 0.500, li_recovered:  14.356
L: 0.50, u_super: 0.00007, sec: 12.587, prod: 0.000964, t_ads: 14059.0, t_des: 13158.0, bed_util_ads: 0.585, bed_util_des: 0.218, frac_lost: 0.500, li_recovered:  26.238
L: 0.77, u_super: 0.00006, sec: 15.157, prod: 0.000479, t_ads: 21506.0, t_des: 15401.0, bed_util_ads: 0.590, bed_util_des: 0.343, frac_lost: 0.500, li_recovered:  17.666
L: 0.50, u_super: 0.00392, sec: 20049.252, prod: 0.001872, t_ads: 113.0, t_des: 193.0, bed_util_ads: 0.391, bed_util_des: 0.383, frac_lost: 0.502, li_recovered:  0.573
L: 0.80, u_super: 0.00008, sec: 22.863, prod: 0.000649, t_ads: 15977.0, t_des: 12184.0, bed_util_ads: 0.576, bed_util_des: 0.321, frac_lost: 0.500, li_recovered:  18.263
L: 0.50, u_super: 0.00005, sec: 8.544, prod: 0.000696, t_ads: 19323.0, t_des: 15891.0, bed_util_ads: 0.609, bed_util_des: 0.267, frac_lost: 0.500, li_recovered:  24.496
L: 0.50, u_super: 0.00419, sec: 22980.266, prod: 0.001876, t_ads: 106.0, t_des: 203.0, bed_util_ads: 0.379, bed_util_des: 0.370, frac_lost: 0.503, li_recovered:  0.580
L: 0.52, u_super: 0.00636, sec: 54111.367, prod: 0.001887, t_ads: 72.0, t_des: 114.0, bed_util_ads: 0.403, bed_util_des: 0.398, frac_lost: 0.506, li_recovered:  0.351
L: 0.52, u_super: 0.00007, sec: 11.398, prod: 0.000883, t_ads: 17936.0, t_des: 16986.0, bed_util_ads: 0.620, bed_util_des: 0.188, frac_lost: 0.500, li_recovered:  30.853
L: 0.52, u_super: 0.00024, sec: 77.284, prod: 0.001668, t_ads: 2860.0, t_des: 4160.0, bed_util_ads: 0.422, bed_util_des: 0.258, frac_lost: 0.500, li_recovered:  11.712
L: 0.53, u_super: 0.00587, sec: 46003.379, prod: 0.001880, t_ads: 80.0, t_des: 133.0, bed_util_ads: 0.396, bed_util_des: 0.391, frac_lost: 0.505, li_recovered:  0.400
L: 0.51, u_super: 0.00033, sec: 153.698, prod: 0.001698, t_ads: 1533.0, t_des: 1624.0, bed_util_ads: 0.433, bed_util_des: 0.358, frac_lost: 0.500, li_recovered:  5.359
L: 0.50, u_super: 0.00448, sec: 26355.691, prod: 0.001873, t_ads: 99.0, t_des: 157.0, bed_util_ads: 0.401, bed_util_des: 0.394, frac_lost: 0.504, li_recovered:  0.480
L: 0.50, u_super: 0.00081, sec: 1481.674, prod: 0.001032, t_ads: 665.0, t_des: 5159.0, bed_util_ads: 0.250, bed_util_des: 0.166, frac_lost: 0.500, li_recovered:  6.010
L: 0.51, u_super: 0.00379, sec: 18792.572, prod: 0.001862, t_ads: 119.0, t_des: 201.0, bed_util_ads: 0.392, bed_util_des: 0.384, frac_lost: 0.501, li_recovered:  0.596
L: 0.52, u_super: 0.00012, sec: 27.435, prod: 0.001309, t_ads: 7827.0, t_des: 9919.0, bed_util_ads: 0.515, bed_util_des: 0.190, frac_lost: 0.500, li_recovered:  23.225
L: 0.58, u_super: 0.00572, sec: 43587.793, prod: 0.001878, t_ads: 90.0, t_des: 171.0, bed_util_ads: 0.380, bed_util_des: 0.373, frac_lost: 0.504, li_recovered:  0.490
L: 0.50, u_super: 0.00316, sec: 24262.219, prod: 0.000997, t_ads: 145.0, t_des: 1352.0, bed_util_ads: 0.221, bed_util_des: 0.200, frac_lost: 0.503, li_recovered:  1.492
L: 0.60, u_super: 0.00636, sec: 54463.375, prod: 0.001874, t_ads: 83.0, t_des: 152.0, bed_util_ads: 0.385, bed_util_des: 0.378, frac_lost: 0.503, li_recovered:  0.440
L: 0.50, u_super: 0.00006, sec: 9.381, prod: 0.000824, t_ads: 21254.0, t_des: 20320.0, bed_util_ads: 0.645, bed_util_des: 0.166, frac_lost: 0.500, li_recovered:  34.247
L: 0.50, u_super: 0.00085, sec: 1620.279, prod: 0.001035, t_ads: 629.0, t_des: 4903.0, bed_util_ads: 0.249, bed_util_des: 0.169, frac_lost: 0.500, li_recovered:  5.725
L: 0.50, u_super: 0.00033, sec: 175.574, prod: 0.001481, t_ads: 1945.0, t_des: 5827.0, bed_util_ads: 0.356, bed_util_des: 0.195, frac_lost: 0.500, li_recovered:  11.508
L: 0.50, u_super: 0.00139, sec: 2450.849, prod: 0.001862, t_ads: 326.0, t_des: 561.0, bed_util_ads: 0.385, bed_util_des: 0.362, frac_lost: 0.501, li_recovered:  1.652
L: 0.51, u_super: 0.00619, sec: 51414.508, prod: 0.001879, t_ads: 73.0, t_des: 122.0, bed_util_ads: 0.396, bed_util_des: 0.391, frac_lost: 0.506, li_recovered:  0.366
L: 0.53, u_super: 0.00188, sec: 4518.922, prod: 0.001852, t_ads: 252.0, t_des: 388.0, bed_util_ads: 0.399, bed_util_des: 0.383, frac_lost: 0.500, li_recovered:  1.185
L: 0.51, u_super: 0.00283, sec: 10404.538, prod: 0.001855, t_ads: 161.0, t_des: 248.0, bed_util_ads: 0.402, bed_util_des: 0.391, frac_lost: 0.501, li_recovered:  0.759
    29 |     1160 |     40 |  0.0011981713 |             f
L: 0.50, u_super: 0.00010, sec: 18.776, prod: 0.001175, t_ads: 10378.0, t_des: 11769.0, bed_util_ads: 0.551, bed_util_des: 0.187, frac_lost: 0.500, li_recovered:  26.030
L: 0.68, u_super: 0.00015, sec: 40.910, prod: 0.001214, t_ads: 9543.0, t_des: 12323.0, bed_util_ads: 0.540, bed_util_des: 0.169, frac_lost: 0.500, li_recovered:  26.539
L: 0.78, u_super: 0.00188, sec: 4503.836, prod: 0.001858, t_ads: 377.0, t_des: 624.0, bed_util_ads: 0.389, bed_util_des: 0.363, frac_lost: 0.500, li_recovered:  1.860
L: 0.55, u_super: 0.00029, sec: 134.006, prod: 0.001429, t_ads: 1887.0, t_des: 1474.0, bed_util_ads: 0.466, bed_util_des: 0.399, frac_lost: 0.500, li_recovered:  4.805
L: 0.55, u_super: 0.00590, sec: 46560.023, prod: 0.001875, t_ads: 83.0, t_des: 154.0, bed_util_ads: 0.383, bed_util_des: 0.377, frac_lost: 0.504, li_recovered:  0.444
L: 0.50, u_super: 0.00028, sec: 134.160, prod: 0.001335, t_ads: 2666.0, t_des: 8761.0, bed_util_ads: 0.373, bed_util_des: 0.159, frac_lost: 0.500, li_recovered:  15.254
L: 0.51, u_super: 0.00006, sec: 9.203, prod: 0.000798, t_ads: 22529.0, t_des: 21385.0, bed_util_ads: 0.653, bed_util_des: 0.163, frac_lost: 0.500, li_recovered:  35.056
L: 0.50, u_super: 0.00128, sec: 3014.494, prod: 0.001274, t_ads: 378.0, t_des: 2195.0, bed_util_ads: 0.264, bed_util_des: 0.218, frac_lost: 0.500, li_recovered:  3.277
L: 0.51, u_super: 0.00426, sec: 23772.973, prod: 0.001870, t_ads: 106.0, t_des: 178.0, bed_util_ads: 0.394, bed_util_des: 0.386, frac_lost: 0.502, li_recovered:  0.531
L: 0.52, u_super: 0.00330, sec: 14147.124, prod: 0.001871, t_ads: 139.0, t_des: 243.0, bed_util_ads: 0.388, bed_util_des: 0.378, frac_lost: 0.502, li_recovered:  0.715
L: 0.50, u_super: 0.00016, sec: 41.044, prod: 0.001534, t_ads: 4340.0, t_des: 4878.0, bed_util_ads: 0.461, bed_util_des: 0.264, frac_lost: 0.500, li_recovered:  14.138
L: 0.50, u_super: 0.00011, sec: 21.597, prod: 0.001262, t_ads: 8369.0, t_des: 9072.0, bed_util_ads: 0.524, bed_util_des: 0.216, frac_lost: 0.500, li_recovered:  22.016
L: 0.56, u_super: 0.00437, sec: 25211.660, prod: 0.001862, t_ads: 113.0, t_des: 218.0, bed_util_ads: 0.377, bed_util_des: 0.368, frac_lost: 0.500, li_recovered:  0.616
L: 0.51, u_super: 0.00330, sec: 14449.713, prod: 0.001832, t_ads: 137.0, t_des: 309.0, bed_util_ads: 0.358, bed_util_des: 0.347, frac_lost: 0.501, li_recovered:  0.817
L: 0.50, u_super: 0.00017, sec: 43.482, prod: 0.001559, t_ads: 4188.0, t_des: 5034.0, bed_util_ads: 0.455, bed_util_des: 0.254, frac_lost: 0.500, li_recovered:  14.377
L: 0.52, u_super: 0.00047, sec: 307.677, prod: 0.001695, t_ads: 1043.0, t_des: 1080.0, bed_util_ads: 0.436, bed_util_des: 0.386, frac_lost: 0.500, li_recovered:  3.599
L: 0.51, u_super: 0.00005, sec: 8.876, prod: 0.000665, t_ads: 18287.0, t_des: 14509.0, bed_util_ads: 0.597, bed_util_des: 0.291, frac_lost: 0.500, li_recovered:  21.823
L: 0.50, u_super: 0.00005, sec: 8.422, prod: 0.000769, t_ads: 23356.0, t_des: 21529.0, bed_util_ads: 0.656, bed_util_des: 0.173, frac_lost: 0.500, li_recovered:  34.533
L: 0.50, u_super: 0.00580, sec: 46513.074, prod: 0.001814, t_ads: 76.0, t_des: 102.0, bed_util_ads: 0.422, bed_util_des: 0.417, frac_lost: 0.501, li_recovered:  0.323
L: 0.52, u_super: 0.00038, sec: 221.204, prod: 0.001540, t_ads: 1663.0, t_des: 4791.0, bed_util_ads: 0.351, bed_util_des: 0.212, frac_lost: 0.500, li_recovered:  9.942
L: 0.51, u_super: 0.00013, sec: 28.973, prod: 0.001356, t_ads: 5635.0, t_des: 5384.0, bed_util_ads: 0.489, bed_util_des: 0.280, frac_lost: 0.500, li_recovered:  14.941
L: 0.52, u_super: 0.00550, sec: 40783.492, prod: 0.001853, t_ads: 83.0, t_des: 178.0, bed_util_ads: 0.366, bed_util_des: 0.359, frac_lost: 0.503, li_recovered:  0.484
L: 0.50, u_super: 0.00578, sec: 92951.000, prod: 0.000900, t_ads: 78.0, t_des: 865.0, bed_util_ads: 0.207, bed_util_des: 0.195, frac_lost: 0.501, li_recovered:  0.849
L: 0.58, u_super: 0.00031, sec: 136.074, prod: 0.001592, t_ads: 2569.0, t_des: 5424.0, bed_util_ads: 0.393, bed_util_des: 0.215, frac_lost: 0.500, li_recovered:  12.722
L: 0.52, u_super: 0.00009, sec: 18.005, prod: 0.001126, t_ads: 10136.0, t_des: 9834.0, bed_util_ads: 0.546, bed_util_des: 0.232, frac_lost: 0.500, li_recovered:  22.492
L: 0.52, u_super: 0.00007, sec: 12.255, prod: 0.000912, t_ads: 16803.0, t_des: 16014.0, bed_util_ads: 0.611, bed_util_des: 0.192, frac_lost: 0.500, li_recovered:  29.945
L: 0.51, u_super: 0.00015, sec: 40.277, prod: 0.001261, t_ads: 3918.0, t_des: 3063.0, bed_util_ads: 0.482, bed_util_des: 0.358, frac_lost: 0.500, li_recovered:  8.805
L: 0.50, u_super: 0.00018, sec: 46.654, prod: 0.001579, t_ads: 3893.0, t_des: 4598.0, bed_util_ads: 0.451, bed_util_des: 0.264, frac_lost: 0.500, li_recovered:  13.411
L: 0.50, u_super: 0.00009, sec: 15.590, prod: 0.001085, t_ads: 12098.0, t_des: 12454.0, bed_util_ads: 0.570, bed_util_des: 0.197, frac_lost: 0.500, li_recovered:  26.644
L: 0.50, u_super: 0.00019, sec: 49.934, prod: 0.001594, t_ads: 3645.0, t_des: 4201.0, bed_util_ads: 0.449, bed_util_des: 0.274, frac_lost: 0.500, li_recovered:  12.506
L: 0.50, u_super: 0.00007, sec: 12.883, prod: 0.000942, t_ads: 12806.0, t_des: 11386.0, bed_util_ads: 0.570, bed_util_des: 0.252, frac_lost: 0.500, li_recovered:  22.786
L: 0.58, u_super: 0.00600, sec: 48697.902, prod: 0.001857, t_ads: 85.0, t_des: 134.0, bed_util_ads: 0.402, bed_util_des: 0.396, frac_lost: 0.501, li_recovered:  0.407
L: 0.51, u_super: 0.00295, sec: 11339.550, prod: 0.001856, t_ads: 151.0, t_des: 236.0, bed_util_ads: 0.400, bed_util_des: 0.390, frac_lost: 0.501, li_recovered:  0.718
L: 0.51, u_super: 0.00188, sec: 4584.753, prod: 0.001825, t_ads: 243.0, t_des: 544.0, bed_util_ads: 0.357, bed_util_des: 0.337, frac_lost: 0.500, li_recovered:  1.436
L: 0.61, u_super: 0.00412, sec: 22325.443, prod: 0.001862, t_ads: 131.0, t_des: 253.0, bed_util_ads: 0.376, bed_util_des: 0.366, frac_lost: 0.501, li_recovered:  0.715
L: 0.50, u_super: 0.00617, sec: 58570.141, prod: 0.001635, t_ads: 72.0, t_des: 258.0, bed_util_ads: 0.311, bed_util_des: 0.303, frac_lost: 0.500, li_recovered:  0.540
L: 0.56, u_super: 0.00062, sec: 770.488, prod: 0.001159, t_ads: 1047.0, t_des: 6166.0, bed_util_ads: 0.284, bed_util_des: 0.167, frac_lost: 0.500, li_recovered:  8.357
L: 0.55, u_super: 0.00015, sec: 36.232, prod: 0.001404, t_ads: 6318.0, t_des: 7729.0, bed_util_ads: 0.491, bed_util_des: 0.215, frac_lost: 0.500, li_recovered:  19.715
L: 0.55, u_super: 0.00077, sec: 1442.142, prod: 0.000974, t_ads: 789.0, t_des: 6505.0, bed_util_ads: 0.251, bed_util_des: 0.152, frac_lost: 0.500, li_recovered:  7.103
L: 1.01, u_super: 0.00412, sec: 37392.750, prod: 0.001112, t_ads: 227.0, t_des: 1733.0, bed_util_ads: 0.239, bed_util_des: 0.208, frac_lost: 0.501, li_recovered:  2.179
    30 |     1200 |     40 |  0.0041858764 |             f
L: 0.53, u_super: 0.00051, sec: 359.671, prod: 0.001687, t_ads: 973.0, t_des: 994.0, bed_util_ads: 0.438, bed_util_des: 0.392, frac_lost: 0.500, li_recovered:  3.318
L: 0.73, u_super: 0.00017, sec: 50.000, prod: 0.001274, t_ads: 8451.0, t_des: 10378.0, bed_util_ads: 0.524, bed_util_des: 0.189, frac_lost: 0.500, li_recovered:  23.990
L: 0.52, u_super: 0.00187, sec: 8313.949, prod: 0.001000, t_ads: 262.0, t_des: 2353.0, bed_util_ads: 0.226, bed_util_des: 0.190, frac_lost: 0.501, li_recovered:  2.614
L: 0.50, u_super: 0.00029, sec: 110.785, prod: 0.001736, t_ads: 1959.0, t_des: 2492.0, bed_util_ads: 0.419, bed_util_des: 0.311, frac_lost: 0.500, li_recovered:  7.727
L: 0.51, u_super: 0.00083, sec: 902.929, prod: 0.001796, t_ads: 595.0, t_des: 1336.0, bed_util_ads: 0.355, bed_util_des: 0.307, frac_lost: 0.500, li_recovered:  3.468
L: 0.58, u_super: 0.00019, sec: 68.726, prod: 0.001276, t_ads: 3209.0, t_des: 2414.0, bed_util_ads: 0.478, bed_util_des: 0.378, frac_lost: 0.500, li_recovered:  7.174
L: 0.50, u_super: 0.00051, sec: 404.504, prod: 0.001475, t_ads: 1122.0, t_des: 4072.0, bed_util_ads: 0.320, bed_util_des: 0.213, frac_lost: 0.500, li_recovered:  7.662
L: 0.51, u_super: 0.00406, sec: 21562.074, prod: 0.001868, t_ads: 110.0, t_des: 208.0, bed_util_ads: 0.379, bed_util_des: 0.371, frac_lost: 0.501, li_recovered:  0.594
L: 1.00, u_super: 0.00652, sec: 57805.695, prod: 0.001860, t_ads: 136.0, t_des: 214.0, bed_util_ads: 0.400, bed_util_des: 0.391, frac_lost: 0.501, li_recovered:  0.651
L: 0.50, u_super: 0.00014, sec: 31.658, prod: 0.001439, t_ads: 5744.0, t_des: 6746.0, bed_util_ads: 0.483, bed_util_des: 0.231, frac_lost: 0.500, li_recovered:  17.974
L: 0.50, u_super: 0.00016, sec: 45.426, prod: 0.001239, t_ads: 3555.0, t_des: 2670.0, bed_util_ads: 0.482, bed_util_des: 0.374, frac_lost: 0.500, li_recovered:  7.711
L: 0.50, u_super: 0.00015, sec: 43.911, prod: 0.001133, t_ads: 3615.0, t_des: 2537.0, bed_util_ads: 0.488, bed_util_des: 0.391, frac_lost: 0.500, li_recovered:  6.972
L: 0.79, u_super: 0.00007, sec: 17.967, prod: 0.000675, t_ads: 25505.0, t_des: 21881.0, bed_util_ads: 0.656, bed_util_des: 0.209, frac_lost: 0.500, li_recovered:  32.001
L: 0.50, u_super: 0.00008, sec: 14.148, prod: 0.000987, t_ads: 11517.0, t_des: 10281.0, bed_util_ads: 0.558, bed_util_des: 0.257, frac_lost: 0.500, li_recovered:  21.516
L: 0.50, u_super: 0.00084, sec: 889.104, prod: 0.001851, t_ads: 565.0, t_des: 969.0, bed_util_ads: 0.383, bed_util_des: 0.344, frac_lost: 0.500, li_recovered:  2.839
L: 0.52, u_super: 0.00024, sec: 82.565, prod: 0.001686, t_ads: 2533.0, t_des: 3052.0, bed_util_ads: 0.430, bed_util_des: 0.298, frac_lost: 0.500, li_recovered:  9.415
L: 0.53, u_super: 0.00188, sec: 4485.039, prod: 0.001866, t_ads: 254.0, t_des: 457.0, bed_util_ads: 0.381, bed_util_des: 0.363, frac_lost: 0.502, li_recovered:  1.327
L: 0.74, u_super: 0.00575, sec: 59043.277, prod: 0.001405, t_ads: 115.0, t_des: 591.0, bed_util_ads: 0.274, bed_util_des: 0.260, frac_lost: 0.503, li_recovered:  0.992
L: 0.52, u_super: 0.00421, sec: 23440.357, prod: 0.001856, t_ads: 109.0, t_des: 159.0, bed_util_ads: 0.411, bed_util_des: 0.404, frac_lost: 0.504, li_recovered:  0.497
L: 0.53, u_super: 0.00014, sec: 38.259, prod: 0.001166, t_ads: 4415.0, t_des: 3341.0, bed_util_ads: 0.489, bed_util_des: 0.363, frac_lost: 0.500, li_recovered:  9.044
L: 0.50, u_super: 0.00015, sec: 36.782, prod: 0.001357, t_ads: 6363.0, t_des: 10343.0, bed_util_ads: 0.485, bed_util_des: 0.168, frac_lost: 0.500, li_recovered:  22.662
L: 0.50, u_super: 0.00036, sec: 165.266, prod: 0.001781, t_ads: 1521.0, t_des: 2284.0, bed_util_ads: 0.400, bed_util_des: 0.305, frac_lost: 0.500, li_recovered:  6.778
L: 0.51, u_super: 0.00601, sec: 60292.207, prod: 0.001503, t_ads: 75.0, t_des: 339.0, bed_util_ads: 0.287, bed_util_des: 0.279, frac_lost: 0.504, li_recovered:  0.622
L: 0.82, u_super: 0.00009, sec: 22.329, prod: 0.000758, t_ads: 22269.0, t_des: 19915.0, bed_util_ads: 0.644, bed_util_des: 0.197, frac_lost: 0.500, li_recovered:  31.962
L: 0.50, u_super: 0.00030, sec: 119.927, prod: 0.001751, t_ads: 1863.0, t_des: 2521.0, bed_util_ads: 0.413, bed_util_des: 0.305, frac_lost: 0.500, li_recovered:  7.676
L: 0.50, u_super: 0.00042, sec: 281.476, prod: 0.001484, t_ads: 1404.0, t_des: 4712.0, bed_util_ads: 0.334, bed_util_des: 0.207, frac_lost: 0.500, li_recovered:  9.076
L: 0.50, u_super: 0.00299, sec: 11605.243, prod: 0.001858, t_ads: 150.0, t_des: 298.0, bed_util_ads: 0.372, bed_util_des: 0.361, frac_lost: 0.501, li_recovered:  0.832
L: 0.50, u_super: 0.00016, sec: 41.023, prod: 0.001534, t_ads: 4334.0, t_des: 4875.0, bed_util_ads: 0.461, bed_util_des: 0.264, frac_lost: 0.500, li_recovered:  14.131
L: 0.50, u_super: 0.00297, sec: 39704.168, prod: 0.000535, t_ads: 158.0, t_des: 3489.0, bed_util_ads: 0.161, bed_util_des: 0.134, frac_lost: 0.502, li_recovered:  1.952
L: 0.55, u_super: 0.00483, sec: 53629.531, prod: 0.001077, t_ads: 103.0, t_des: 855.0, bed_util_ads: 0.231, bed_util_des: 0.216, frac_lost: 0.501, li_recovered:  1.032
L: 0.50, u_super: 0.00636, sec: 53865.754, prod: 0.001895, t_ads: 70.0, t_des: 130.0, bed_util_ads: 0.385, bed_util_des: 0.379, frac_lost: 0.506, li_recovered:  0.379
L: 0.51, u_super: 0.00014, sec: 33.695, prod: 0.001423, t_ads: 6042.0, t_des: 7749.0, bed_util_ads: 0.485, bed_util_des: 0.210, frac_lost: 0.500, li_recovered:  19.628
L: 0.50, u_super: 0.00426, sec: 23789.566, prod: 0.001871, t_ads: 104.0, t_des: 175.0, bed_util_ads: 0.393, bed_util_des: 0.386, frac_lost: 0.502, li_recovered:  0.522
L: 0.51, u_super: 0.00025, sec: 96.322, prod: 0.001496, t_ads: 3024.0, t_des: 7041.0, bed_util_ads: 0.399, bed_util_des: 0.188, frac_lost: 0.500, li_recovered:  15.058
L: 0.56, u_super: 0.00600, sec: 48363.266, prod: 0.001869, t_ads: 82.0, t_des: 148.0, bed_util_ads: 0.386, bed_util_des: 0.380, frac_lost: 0.502, li_recovered:  0.430
L: 0.50, u_super: 0.00007, sec: 12.661, prod: 0.000951, t_ads: 13686.0, t_des: 12536.0, bed_util_ads: 0.580, bed_util_des: 0.232, frac_lost: 0.500, li_recovered:  24.932
L: 0.51, u_super: 0.00006, sec: 13.661, prod: 0.000626, t_ads: 10073.0, t_des: 6576.0, bed_util_ads: 0.532, bed_util_des: 0.386, frac_lost: 0.500, li_recovered:  10.429
L: 0.50, u_super: 0.00010, sec: 19.183, prod: 0.001150, t_ads: 10965.0, t_des: 13573.0, bed_util_ads: 0.559, bed_util_des: 0.164, frac_lost: 0.500, li_recovered:  28.228
L: 0.50, u_super: 0.00011, sec: 21.935, prod: 0.001196, t_ads: 7279.0, t_des: 6613.0, bed_util_ads: 0.512, bed_util_des: 0.280, frac_lost: 0.500, li_recovered:  16.617
L: 0.52, u_super: 0.00457, sec: 58266.336, prod: 0.000883, t_ads: 103.0, t_des: 1170.0, bed_util_ads: 0.205, bed_util_des: 0.190, frac_lost: 0.504, li_recovered:  1.125
    31 |     1240 |     40 |  0.0048096627 |         ideal
L: 0.50, u_super: 0.00016, sec: 41.827, prod: 0.001494, t_ads: 3977.0, t_des: 3858.0, bed_util_ads: 0.465, bed_util_des: 0.301, frac_lost: 0.500, li_recovered:  11.705
L: 0.51, u_super: 0.00431, sec: 65760.492, prod: 0.000693, t_ads: 107.0, t_des: 1703.0, bed_util_ads: 0.181, bed_util_des: 0.163, frac_lost: 0.502, li_recovered:  1.255
L: 0.50, u_super: 0.00024, sec: 87.446, prod: 0.001592, t_ads: 2862.0, t_des: 5611.0, bed_util_ads: 0.404, bed_util_des: 0.215, frac_lost: 0.500, li_recovered:  13.486
L: 0.50, u_super: 0.00633, sec: 53473.098, prod: 0.001893, t_ads: 70.0, t_des: 122.0, bed_util_ads: 0.392, bed_util_des: 0.387, frac_lost: 0.505, li_recovered:  0.363
L: 0.50, u_super: 0.00009, sec: 15.596, prod: 0.001085, t_ads: 12184.0, t_des: 12635.0, bed_util_ads: 0.571, bed_util_des: 0.194, frac_lost: 0.500, li_recovered:  26.922
L: 0.50, u_super: 0.00007, sec: 11.841, prod: 0.000943, t_ads: 15694.0, t_des: 15059.0, bed_util_ads: 0.602, bed_util_des: 0.196, frac_lost: 0.500, li_recovered:  29.010
L: 0.50, u_super: 0.00014, sec: 40.193, prod: 0.001133, t_ads: 3869.0, t_des: 2761.0, bed_util_ads: 0.489, bed_util_des: 0.384, frac_lost: 0.500, li_recovered:  7.515
L: 0.50, u_super: 0.00015, sec: 39.273, prod: 0.001343, t_ads: 6202.0, t_des: 10855.0, bed_util_ads: 0.481, bed_util_des: 0.161, frac_lost: 0.500, li_recovered:  22.901
L: 0.93, u_super: 0.00006, sec: 15.639, prod: 0.000494, t_ads: 44683.0, t_des: 36948.0, bed_util_ads: 0.731, bed_util_des: 0.166, frac_lost: 0.500, li_recovered:  40.334
L: 0.50, u_super: 0.00005, sec: 8.026, prod: 0.000730, t_ads: 27237.0, t_des: 26439.0, bed_util_ads: 0.683, bed_util_des: 0.135, frac_lost: 0.500, li_recovered:  39.161
L: 0.51, u_super: 0.00044, sec: 333.346, prod: 0.001359, t_ads: 1414.0, t_des: 5736.0, bed_util_ads: 0.321, bed_util_des: 0.185, frac_lost: 0.500, li_recovered:  9.715
L: 0.55, u_super: 0.00575, sec: 44485.074, prod: 0.001865, t_ads: 84.0, t_des: 169.0, bed_util_ads: 0.374, bed_util_des: 0.367, frac_lost: 0.501, li_recovered:  0.472
L: 0.50, u_super: 0.00598, sec: 47800.617, prod: 0.001878, t_ads: 74.0, t_des: 136.0, bed_util_ads: 0.385, bed_util_des: 0.379, frac_lost: 0.503, li_recovered:  0.394
L: 0.53, u_super: 0.00202, sec: 5199.134, prod: 0.001861, t_ads: 235.0, t_des: 413.0, bed_util_ads: 0.384, bed_util_des: 0.367, frac_lost: 0.500, li_recovered:  1.206
L: 0.50, u_super: 0.00108, sec: 1481.072, prod: 0.001857, t_ads: 428.0, t_des: 754.0, bed_util_ads: 0.381, bed_util_des: 0.351, frac_lost: 0.500, li_recovered:  2.194
L: 0.52, u_super: 0.00005, sec: 8.402, prod: 0.000732, t_ads: 25588.0, t_des: 23393.0, bed_util_ads: 0.668, bed_util_des: 0.166, frac_lost: 0.500, li_recovered:  35.874
L: 0.65, u_super: 0.00424, sec: 23728.387, prod: 0.001857, t_ads: 135.0, t_des: 219.0, bed_util_ads: 0.396, bed_util_des: 0.387, frac_lost: 0.501, li_recovered:  0.657
L: 0.50, u_super: 0.00011, sec: 23.293, prod: 0.001247, t_ads: 6829.0, t_des: 6336.0, bed_util_ads: 0.506, bed_util_des: 0.277, frac_lost: 0.500, li_recovered:  16.421
L: 0.50, u_super: 0.00013, sec: 28.917, prod: 0.001371, t_ads: 5579.0, t_des: 5406.0, bed_util_ads: 0.488, bed_util_des: 0.277, frac_lost: 0.500, li_recovered:  15.063
L: 0.51, u_super: 0.00110, sec: 1549.018, prod: 0.001820, t_ads: 423.0, t_des: 571.0, bed_util_ads: 0.411, bed_util_des: 0.386, frac_lost: 0.500, li_recovered:  1.809
L: 0.50, u_super: 0.00010, sec: 20.025, prod: 0.001102, t_ads: 7537.0, t_des: 6426.0, bed_util_ads: 0.517, bed_util_des: 0.302, frac_lost: 0.500, li_recovered:  15.387
L: 0.50, u_super: 0.00032, sec: 148.060, prod: 0.001619, t_ads: 1948.0, t_des: 4521.0, bed_util_ads: 0.373, bed_util_des: 0.226, frac_lost: 0.500, li_recovered:  10.473
L: 0.50, u_super: 0.00011, sec: 21.742, prod: 0.001254, t_ads: 7681.0, t_des: 7578.0, bed_util_ads: 0.516, bed_util_des: 0.248, frac_lost: 0.500, li_recovered:  19.133
L: 0.53, u_super: 0.00188, sec: 4495.840, prod: 0.001861, t_ads: 253.0, t_des: 445.0, bed_util_ads: 0.384, bed_util_des: 0.366, frac_lost: 0.500, li_recovered:  1.299
L: 0.52, u_super: 0.00035, sec: 163.699, prod: 0.001772, t_ads: 1624.0, t_des: 2490.0, bed_util_ads: 0.399, bed_util_des: 0.297, frac_lost: 0.500, li_recovered:  7.290
L: 0.56, u_super: 0.00600, sec: 80684.914, prod: 0.001121, t_ads: 83.0, t_des: 653.0, bed_util_ads: 0.236, bed_util_des: 0.224, frac_lost: 0.503, li_recovered:  0.825
L: 0.54, u_super: 0.00303, sec: 11847.483, prod: 0.001871, t_ads: 159.0, t_des: 265.0, bed_util_ads: 0.393, bed_util_des: 0.381, frac_lost: 0.503, li_recovered:  0.793
L: 0.50, u_super: 0.00383, sec: 19237.232, prod: 0.001865, t_ads: 115.0, t_des: 213.0, bed_util_ads: 0.382, bed_util_des: 0.373, frac_lost: 0.500, li_recovered:  0.612
L: 0.50, u_super: 0.00313, sec: 12789.283, prod: 0.001856, t_ads: 143.0, t_des: 299.0, bed_util_ads: 0.367, bed_util_des: 0.355, frac_lost: 0.503, li_recovered:  0.820
L: 0.63, u_super: 0.00006, sec: 13.549, prod: 0.000715, t_ads: 19180.0, t_des: 15962.0, bed_util_ads: 0.611, bed_util_des: 0.260, frac_lost: 0.500, li_recovered:  25.110
L: 0.50, u_super: 0.00005, sec: 8.463, prod: 0.000749, t_ads: 21288.0, t_des: 18605.0, bed_util_ads: 0.634, bed_util_des: 0.216, frac_lost: 0.500, li_recovered:  29.869
L: 0.50, u_super: 0.00024, sec: 82.061, prod: 0.001696, t_ads: 2443.0, t_des: 3001.0, bed_util_ads: 0.427, bed_util_des: 0.298, frac_lost: 0.500, li_recovered:  9.234
L: 0.58, u_super: 0.00638, sec: 54983.496, prod: 0.001869, t_ads: 80.0, t_des: 149.0, bed_util_ads: 0.383, bed_util_des: 0.377, frac_lost: 0.500, li_recovered:  0.428
L: 0.50, u_super: 0.00006, sec: 9.383, prod: 0.000812, t_ads: 20298.0, t_des: 18593.0, bed_util_ads: 0.634, bed_util_des: 0.193, frac_lost: 0.500, li_recovered:  31.565
L: 0.50, u_super: 0.00315, sec: 12872.703, prod: 0.001869, t_ads: 142.0, t_des: 256.0, bed_util_ads: 0.384, bed_util_des: 0.373, frac_lost: 0.502, li_recovered:  0.744
L: 0.50, u_super: 0.00035, sec: 197.027, prod: 0.001436, t_ads: 1861.0, t_des: 6103.0, bed_util_ads: 0.348, bed_util_des: 0.188, frac_lost: 0.500, li_recovered:  11.432
L: 0.51, u_super: 0.00036, sec: 165.506, prod: 0.001779, t_ads: 1558.0, t_des: 2322.0, bed_util_ads: 0.401, bed_util_des: 0.305, frac_lost: 0.500, li_recovered:  6.902
L: 0.50, u_super: 0.00422, sec: 23376.344, prod: 0.001869, t_ads: 106.0, t_des: 195.0, bed_util_ads: 0.383, bed_util_des: 0.375, frac_lost: 0.503, li_recovered:  0.563
L: 0.50, u_super: 0.00007, sec: 11.522, prod: 0.000931, t_ads: 16672.0, t_des: 16334.0, bed_util_ads: 0.612, bed_util_des: 0.182, frac_lost: 0.500, li_recovered:  30.720
L: 0.52, u_super: 0.00010, sec: 19.037, prod: 0.001159, t_ads: 10068.0, t_des: 10254.0, bed_util_ads: 0.546, bed_util_des: 0.216, frac_lost: 0.500, li_recovered:  23.557
    32 |     1280 |     40 |  0.0007569250 |             f
L: 0.50, u_super: 0.00092, sec: 1320.233, prod: 0.001488, t_ads: 542.0, t_des: 2212.0, bed_util_ads: 0.298, bed_util_des: 0.241, frac_lost: 0.500, li_recovered:  4.099
L: 0.52, u_super: 0.00581, sec: 45307.754, prod: 0.001870, t_ads: 79.0, t_des: 144.0, bed_util_ads: 0.385, bed_util_des: 0.379, frac_lost: 0.501, li_recovered:  0.417
L: 0.52, u_super: 0.00008, sec: 16.375, prod: 0.000989, t_ads: 15078.0, t_des: 19310.0, bed_util_ads: 0.606, bed_util_des: 0.130, frac_lost: 0.500, li_recovered:  34.003
L: 0.50, u_super: 0.00666, sec: 59901.211, prod: 0.001874, t_ads: 66.0, t_des: 115.0, bed_util_ads: 0.392, bed_util_des: 0.387, frac_lost: 0.501, li_recovered:  0.339
L: 0.58, u_super: 0.00539, sec: 38872.863, prod: 0.001866, t_ads: 95.0, t_des: 167.0, bed_util_ads: 0.388, bed_util_des: 0.381, frac_lost: 0.502, li_recovered:  0.489
L: 0.52, u_super: 0.00438, sec: 54043.812, prod: 0.000874, t_ads: 107.0, t_des: 1225.0, bed_util_ads: 0.205, bed_util_des: 0.188, frac_lost: 0.501, li_recovered:  1.164
L: 0.51, u_super: 0.00007, sec: 11.743, prod: 0.000913, t_ads: 17276.0, t_des: 16808.0, bed_util_ads: 0.617, bed_util_des: 0.181, frac_lost: 0.500, li_recovered:  31.126
L: 0.50, u_super: 0.00009, sec: 15.539, prod: 0.001089, t_ads: 12020.0, t_des: 12399.0, bed_util_ads: 0.569, bed_util_des: 0.197, frac_lost: 0.500, li_recovered:  26.586
L: 0.50, u_super: 0.00067, sec: 594.867, prod: 0.001750, t_ads: 750.0, t_des: 1819.0, bed_util_ads: 0.348, bed_util_des: 0.286, frac_lost: 0.500, li_recovered:  4.495
L: 0.50, u_super: 0.00300, sec: 11667.518, prod: 0.001862, t_ads: 149.0, t_des: 281.0, bed_util_ads: 0.378, bed_util_des: 0.367, frac_lost: 0.500, li_recovered:  0.801
L: 0.52, u_super: 0.00007, sec: 11.484, prod: 0.000877, t_ads: 17061.0, t_des: 15715.0, bed_util_ads: 0.610, bed_util_des: 0.208, frac_lost: 0.500, li_recovered:  28.742
L: 0.81, u_super: 0.00575, sec: 44278.504, prod: 0.001874, t_ads: 125.0, t_des: 218.0, bed_util_ads: 0.388, bed_util_des: 0.379, frac_lost: 0.503, li_recovered:  0.643
L: 0.50, u_super: 0.00016, sec: 49.231, prod: 0.001210, t_ads: 3336.0, t_des: 2423.0, bed_util_ads: 0.483, bed_util_des: 0.385, frac_lost: 0.500, li_recovered:  6.971
L: 0.58, u_super: 0.00339, sec: 15230.577, prod: 0.001830, t_ads: 151.0, t_des: 217.0, bed_util_ads: 0.410, bed_util_des: 0.400, frac_lost: 0.500, li_recovered:  0.673
L: 0.50, u_super: 0.00011, sec: 22.653, prod: 0.001225, t_ads: 9297.0, t_des: 12115.0, bed_util_ads: 0.536, bed_util_des: 0.169, frac_lost: 0.500, li_recovered:  26.235
L: 1.00, u_super: 0.00165, sec: 3505.582, prod: 0.001848, t_ads: 561.0, t_des: 867.0, bed_util_ads: 0.395, bed_util_des: 0.358, frac_lost: 0.500, li_recovered:  2.638
L: 0.51, u_super: 0.00005, sec: 8.415, prod: 0.000754, t_ads: 24640.0, t_des: 22867.0, bed_util_ads: 0.664, bed_util_des: 0.163, frac_lost: 0.500, li_recovered:  35.843
L: 0.50, u_super: 0.00412, sec: 22334.344, prod: 0.001861, t_ads: 108.0, t_des: 221.0, bed_util_ads: 0.370, bed_util_des: 0.362, frac_lost: 0.503, li_recovered:  0.612
L: 0.74, u_super: 0.00557, sec: 41773.328, prod: 0.001857, t_ads: 118.0, t_des: 188.0, bed_util_ads: 0.399, bed_util_des: 0.391, frac_lost: 0.502, li_recovered:  0.568
L: 0.94, u_super: 0.00005, sec: 13.836, prod: 0.000419, t_ads: 45681.0, t_des: 35299.0, bed_util_ads: 0.707, bed_util_des: 0.233, frac_lost: 0.500, li_recovered:  33.901
L: 0.50, u_super: 0.00010, sec: 18.599, prod: 0.001187, t_ads: 9604.0, t_des: 9937.0, bed_util_ads: 0.540, bed_util_des: 0.216, frac_lost: 0.500, li_recovered:  23.185
L: 0.51, u_super: 0.00007, sec: 15.166, prod: 0.000667, t_ads: 9160.0, t_des: 6007.0, bed_util_ads: 0.528, bed_util_des: 0.386, frac_lost: 0.500, li_recovered:  10.123
L: 0.55, u_super: 0.00023, sec: 74.531, prod: 0.001645, t_ads: 3198.0, t_des: 4241.0, bed_util_ads: 0.433, bed_util_des: 0.262, frac_lost: 0.500, li_recovered:  12.234
L: 0.50, u_super: 0.00009, sec: 15.698, prod: 0.001078, t_ads: 11114.0, t_des: 10640.0, bed_util_ads: 0.557, bed_util_des: 0.229, frac_lost: 0.500, li_recovered:  23.445
L: 0.50, u_super: 0.00412, sec: 22372.145, prod: 0.001858, t_ads: 107.0, t_des: 202.0, bed_util_ads: 0.379, bed_util_des: 0.371, frac_lost: 0.500, li_recovered:  0.574
L: 0.50, u_super: 0.00010, sec: 18.607, prod: 0.001186, t_ads: 9612.0, t_des: 9943.0, bed_util_ads: 0.540, bed_util_des: 0.216, frac_lost: 0.500, li_recovered:  23.192
L: 0.51, u_super: 0.00006, sec: 9.238, prod: 0.000795, t_ads: 23448.0, t_des: 23448.0, bed_util_ads: 0.663, bed_util_des: 0.141, frac_lost: 0.500, li_recovered:  37.297
L: 0.68, u_super: 0.00011, sec: 27.381, prod: 0.001015, t_ads: 11094.0, t_des: 10015.0, bed_util_ads: 0.555, bed_util_des: 0.255, frac_lost: 0.500, li_recovered:  21.423
L: 0.97, u_super: 0.00008, sec: 22.674, prod: 0.000606, t_ads: 33249.0, t_des: 28724.0, bed_util_ads: 0.697, bed_util_des: 0.172, frac_lost: 0.500, li_recovered:  37.567
L: 0.50, u_super: 0.00660, sec: 58751.961, prod: 0.001878, t_ads: 67.0, t_des: 113.0, bed_util_ads: 0.395, bed_util_des: 0.391, frac_lost: 0.504, li_recovered:  0.338
L: 0.50, u_super: 0.00021, sec: 61.825, prod: 0.001652, t_ads: 3054.0, t_des: 3791.0, bed_util_ads: 0.435, bed_util_des: 0.277, frac_lost: 0.500, li_recovered:  11.308
L: 0.50, u_super: 0.00525, sec: 36513.668, prod: 0.001882, t_ads: 85.0, t_des: 168.0, bed_util_ads: 0.376, bed_util_des: 0.369, frac_lost: 0.505, li_recovered:  0.476
L: 0.50, u_super: 0.00005, sec: 8.168, prod: 0.000728, t_ads: 22281.0, t_des: 19350.0, bed_util_ads: 0.639, bed_util_des: 0.215, frac_lost: 0.500, li_recovered:  30.307
L: 0.50, u_super: 0.00227, sec: 6644.108, prod: 0.001850, t_ads: 196.0, t_des: 298.0, bed_util_ads: 0.402, bed_util_des: 0.389, frac_lost: 0.501, li_recovered:  0.914
L: 0.59, u_super: 0.00008, sec: 24.939, prod: 0.000559, t_ads: 7622.0, t_des: 4283.0, bed_util_ads: 0.519, bed_util_des: 0.426, frac_lost: 0.500, li_recovered:  6.656
L: 0.86, u_super: 0.00009, sec: 23.217, prod: 0.000729, t_ads: 23630.0, t_des: 20910.0, bed_util_ads: 0.651, bed_util_des: 0.197, frac_lost: 0.500, li_recovered:  32.456
L: 0.60, u_super: 0.00575, sec: 44226.414, prod: 0.001876, t_ads: 92.0, t_des: 153.0, bed_util_ads: 0.395, bed_util_des: 0.389, frac_lost: 0.504, li_recovered:  0.460
L: 0.52, u_super: 0.00021, sec: 65.777, prod: 0.001497, t_ads: 3961.0, t_des: 7531.0, bed_util_ads: 0.430, bed_util_des: 0.190, frac_lost: 0.500, li_recovered:  17.209
L: 0.50, u_super: 0.00642, sec: 74290.656, prod: 0.001401, t_ads: 70.0, t_des: 371.0, bed_util_ads: 0.272, bed_util_des: 0.264, frac_lost: 0.506, li_recovered:  0.618
L: 0.50, u_super: 0.00006, sec: 9.493, prod: 0.000814, t_ads: 22569.0, t_des: 23096.0, bed_util_ads: 0.659, bed_util_des: 0.139, frac_lost: 0.500, li_recovered:  37.171
    33 |     1320 |     40 |  0.0044092326 |             f
L: 0.52, u_super: 0.00007, sec: 12.041, prod: 0.000891, t_ads: 15171.0, t_des: 13615.0, bed_util_ads: 0.592, bed_util_des: 0.233, frac_lost: 0.500, li_recovered:  25.637
L: 0.52, u_super: 0.00007, sec: 11.341, prod: 0.000888, t_ads: 18545.0, t_des: 18188.0, bed_util_ads: 0.627, bed_util_des: 0.171, frac_lost: 0.500, li_recovered:  32.617
L: 0.50, u_super: 0.00005, sec: 10.751, prod: 0.000545, t_ads: 12275.0, t_des: 7954.0, bed_util_ads: 0.541, bed_util_des: 0.387, frac_lost: 0.500, li_recovered:  11.018
L: 0.50, u_super: 0.00066, sec: 564.010, prod: 0.001787, t_ads: 762.0, t_des: 1671.0, bed_util_ads: 0.358, bed_util_des: 0.297, frac_lost: 0.500, li_recovered:  4.347
L: 0.50, u_super: 0.00412, sec: 22153.703, prod: 0.001876, t_ads: 108.0, t_des: 205.0, bed_util_ads: 0.379, bed_util_des: 0.371, frac_lost: 0.504, li_recovered:  0.587
L: 0.50, u_super: 0.00301, sec: 11741.172, prod: 0.001866, t_ads: 148.0, t_des: 265.0, bed_util_ads: 0.384, bed_util_des: 0.373, frac_lost: 0.501, li_recovered:  0.771
L: 0.50, u_super: 0.00005, sec: 8.480, prod: 0.000765, t_ads: 23575.0, t_des: 21685.0, bed_util_ads: 0.657, bed_util_des: 0.173, frac_lost: 0.500, li_recovered:  34.609
L: 0.51, u_super: 0.00352, sec: 33235.215, prod: 0.000908, t_ads: 133.0, t_des: 1435.0, bed_util_ads: 0.210, bed_util_des: 0.190, frac_lost: 0.503, li_recovered:  1.423
L: 0.51, u_super: 0.00026, sec: 100.219, prod: 0.001509, t_ads: 2045.0, t_des: 1725.0, bed_util_ads: 0.458, bed_util_des: 0.379, frac_lost: 0.500, li_recovered:  5.690
L: 0.50, u_super: 0.00011, sec: 21.600, prod: 0.001262, t_ads: 8389.0, t_des: 9120.0, bed_util_ads: 0.524, bed_util_des: 0.215, frac_lost: 0.500, li_recovered:  22.099
L: 0.50, u_super: 0.00007, sec: 11.140, prod: 0.000904, t_ads: 17260.0, t_des: 16495.0, bed_util_ads: 0.615, bed_util_des: 0.188, frac_lost: 0.500, li_recovered:  30.514
L: 0.50, u_super: 0.00573, sec: 44099.723, prod: 0.001864, t_ads: 78.0, t_des: 167.0, bed_util_ads: 0.367, bed_util_des: 0.361, frac_lost: 0.505, li_recovered:  0.457
L: 0.50, u_super: 0.00210, sec: 5657.318, prod: 0.001863, t_ads: 213.0, t_des: 395.0, bed_util_ads: 0.379, bed_util_des: 0.363, frac_lost: 0.501, li_recovered:  1.133
L: 0.50, u_super: 0.00335, sec: 32893.992, prod: 0.000828, t_ads: 136.0, t_des: 1672.0, bed_util_ads: 0.200, bed_util_des: 0.179, frac_lost: 0.501, li_recovered:  1.497
L: 0.50, u_super: 0.00013, sec: 27.374, prod: 0.001361, t_ads: 6966.0, t_des: 8482.0, bed_util_ads: 0.502, bed_util_des: 0.207, frac_lost: 0.500, li_recovered:  21.027
L: 0.58, u_super: 0.00008, sec: 15.198, prod: 0.000914, t_ads: 16493.0, t_des: 15594.0, bed_util_ads: 0.608, bed_util_des: 0.198, frac_lost: 0.500, li_recovered:  29.321
L: 0.50, u_super: 0.00015, sec: 35.331, prod: 0.001482, t_ads: 5102.0, t_des: 5881.0, bed_util_ads: 0.473, bed_util_des: 0.245, frac_lost: 0.500, li_recovered:  16.277
L: 0.50, u_super: 0.00035, sec: 184.370, prod: 0.001515, t_ads: 1825.0, t_des: 5296.0, bed_util_ads: 0.355, bed_util_des: 0.204, frac_lost: 0.500, li_recovered:  10.787
L: 0.60, u_super: 0.00006, sec: 12.445, prod: 0.000774, t_ads: 24305.0, t_des: 23447.0, bed_util_ads: 0.666, bed_util_des: 0.149, frac_lost: 0.500, li_recovered:  36.959
L: 0.50, u_super: 0.00036, sec: 165.265, prod: 0.001781, t_ads: 1521.0, t_des: 2284.0, bed_util_ads: 0.400, bed_util_des: 0.305, frac_lost: 0.500, li_recovered:  6.778
L: 0.50, u_super: 0.00610, sec: 132631.500, prod: 0.000707, t_ads: 74.0, t_des: 1170.0, bed_util_ads: 0.181, bed_util_des: 0.169, frac_lost: 0.505, li_recovered:  0.879
L: 0.50, u_super: 0.00008, sec: 15.633, prod: 0.001064, t_ads: 10698.0, t_des: 9954.0, bed_util_ads: 0.552, bed_util_des: 0.244, frac_lost: 0.500, li_recovered:  21.964
L: 0.72, u_super: 0.00153, sec: 3000.460, prod: 0.001856, t_ads: 429.0, t_des: 688.0, bed_util_ads: 0.392, bed_util_des: 0.363, frac_lost: 0.501, li_recovered:  2.074
L: 0.50, u_super: 0.00541, sec: 38832.219, prod: 0.001878, t_ads: 83.0, t_des: 164.0, bed_util_ads: 0.376, bed_util_des: 0.370, frac_lost: 0.505, li_recovered:  0.464
L: 0.50, u_super: 0.00015, sec: 38.679, prod: 0.001265, t_ads: 3992.0, t_des: 3145.0, bed_util_ads: 0.482, bed_util_des: 0.355, frac_lost: 0.500, li_recovered:  9.030
L: 0.50, u_super: 0.00035, sec: 165.814, prod: 0.001737, t_ads: 1459.0, t_des: 1675.0, bed_util_ads: 0.425, bed_util_des: 0.349, frac_lost: 0.500, li_recovered:  5.443
L: 0.50, u_super: 0.00415, sec: 27974.666, prod: 0.001512, t_ads: 108.0, t_des: 474.0, bed_util_ads: 0.289, bed_util_des: 0.277, frac_lost: 0.503, li_recovered:  0.880
L: 0.50, u_super: 0.00036, sec: 165.175, prod: 0.001782, t_ads: 1520.0, t_des: 2270.0, bed_util_ads: 0.401, bed_util_des: 0.306, frac_lost: 0.500, li_recovered:  6.755
L: 0.52, u_super: 0.00016, sec: 41.518, prod: 0.001516, t_ads: 4508.0, t_des: 4985.0, bed_util_ads: 0.465, bed_util_des: 0.264, frac_lost: 0.500, li_recovered:  14.393
L: 0.50, u_super: 0.00519, sec: 35829.004, prod: 0.001868, t_ads: 85.0, t_des: 165.0, bed_util_ads: 0.378, bed_util_des: 0.371, frac_lost: 0.501, li_recovered:  0.467
L: 0.53, u_super: 0.00633, sec: 53662.133, prod: 0.001886, t_ads: 74.0, t_des: 128.0, bed_util_ads: 0.392, bed_util_des: 0.387, frac_lost: 0.505, li_recovered:  0.381
L: 0.55, u_super: 0.00009, sec: 22.214, prod: 0.000876, t_ads: 7599.0, t_des: 5542.0, bed_util_ads: 0.519, bed_util_des: 0.358, frac_lost: 0.500, li_recovered:  11.516
L: 0.52, u_super: 0.00007, sec: 13.469, prod: 0.000960, t_ads: 14101.0, t_des: 13158.0, bed_util_ads: 0.586, bed_util_des: 0.220, frac_lost: 0.500, li_recovered:  26.161
L: 0.50, u_super: 0.00009, sec: 17.195, prod: 0.001136, t_ads: 9992.0, t_des: 9740.0, bed_util_ads: 0.545, bed_util_des: 0.231, frac_lost: 0.500, li_recovered:  22.412
L: 0.62, u_super: 0.00625, sec: 52453.090, prod: 0.001876, t_ads: 88.0, t_des: 164.0, bed_util_ads: 0.382, bed_util_des: 0.376, frac_lost: 0.503, li_recovered:  0.473
L: 0.73, u_super: 0.00424, sec: 24099.393, prod: 0.001828, t_ads: 152.0, t_des: 215.0, bed_util_ads: 0.412, bed_util_des: 0.402, frac_lost: 0.501, li_recovered:  0.671
L: 0.55, u_super: 0.00558, sec: 41295.680, prod: 0.001884, t_ads: 88.0, t_des: 154.0, bed_util_ads: 0.390, bed_util_des: 0.384, frac_lost: 0.504, li_recovered:  0.456
L: 0.50, u_super: 0.00415, sec: 47902.520, prod: 0.000884, t_ads: 109.0, t_des: 1230.0, bed_util_ads: 0.206, bed_util_des: 0.189, frac_lost: 0.502, li_recovered:  1.183
L: 0.50, u_super: 0.00012, sec: 29.961, prod: 0.001062, t_ads: 4912.0, t_des: 3559.0, bed_util_ads: 0.497, bed_util_des: 0.371, frac_lost: 0.500, li_recovered:  8.993
L: 0.54, u_super: 0.00006, sec: 10.573, prod: 0.000804, t_ads: 20289.0, t_des: 18431.0, bed_util_ads: 0.633, bed_util_des: 0.198, frac_lost: 0.500, li_recovered:  31.112
    34 |     1360 |     40 |  0.0025812633 |             f
L: 0.50, u_super: 0.00319, sec: 20568.432, prod: 0.001200, t_ads: 143.0, t_des: 982.0, bed_util_ads: 0.247, bed_util_des: 0.228, frac_lost: 0.502, li_recovered:  1.350
L: 0.55, u_super: 0.00558, sec: 42329.992, prod: 0.001838, t_ads: 88.0, t_des: 204.0, bed_util_ads: 0.357, bed_util_des: 0.350, frac_lost: 0.503, li_recovered:  0.537
L: 0.50, u_super: 0.00026, sec: 113.875, prod: 0.001397, t_ads: 2840.0, t_des: 8180.0, bed_util_ads: 0.384, bed_util_des: 0.169, frac_lost: 0.500, li_recovered:  15.394
L: 0.50, u_super: 0.00440, sec: 46126.996, prod: 0.001034, t_ads: 102.0, t_des: 903.0, bed_util_ads: 0.225, bed_util_des: 0.211, frac_lost: 0.501, li_recovered:  1.039
L: 0.50, u_super: 0.00012, sec: 23.854, prod: 0.001309, t_ads: 7185.0, t_des: 7432.0, bed_util_ads: 0.508, bed_util_des: 0.240, frac_lost: 0.500, li_recovered:  19.137
L: 0.63, u_super: 0.00011, sec: 24.879, prod: 0.001096, t_ads: 11447.0, t_des: 11446.0, bed_util_ads: 0.562, bed_util_des: 0.211, frac_lost: 0.500, li_recovered:  25.085
L: 0.50, u_super: 0.00009, sec: 16.303, prod: 0.001096, t_ads: 10336.0, t_des: 9780.0, bed_util_ads: 0.548, bed_util_des: 0.240, frac_lost: 0.500, li_recovered:  22.043
L: 0.56, u_super: 0.00009, sec: 16.769, prod: 0.001009, t_ads: 13902.0, t_des: 13735.0, bed_util_ads: 0.587, bed_util_des: 0.197, frac_lost: 0.500, li_recovered:  27.883
L: 0.50, u_super: 0.00021, sec: 62.192, prod: 0.001630, t_ads: 3311.0, t_des: 4797.0, bed_util_ads: 0.430, bed_util_des: 0.245, frac_lost: 0.500, li_recovered:  13.218
L: 0.50, u_super: 0.00020, sec: 57.923, prod: 0.001637, t_ads: 3200.0, t_des: 3874.0, bed_util_ads: 0.439, bed_util_des: 0.277, frac_lost: 0.500, li_recovered:  11.581
L: 0.53, u_super: 0.00188, sec: 4492.748, prod: 0.001863, t_ads: 254.0, t_des: 463.0, bed_util_ads: 0.380, bed_util_des: 0.361, frac_lost: 0.501, li_recovered:  1.336
L: 0.58, u_super: 0.00007, sec: 14.200, prod: 0.000874, t_ads: 17356.0, t_des: 16034.0, bed_util_ads: 0.613, bed_util_des: 0.205, frac_lost: 0.500, li_recovered:  29.181
L: 0.50, u_super: 0.00633, sec: 53518.371, prod: 0.001891, t_ads: 70.0, t_des: 120.0, bed_util_ads: 0.394, bed_util_des: 0.389, frac_lost: 0.505, li_recovered:  0.359
L: 0.50, u_super: 0.00005, sec: 7.937, prod: 0.000738, t_ads: 25291.0, t_des: 23170.0, bed_util_ads: 0.667, bed_util_des: 0.167, frac_lost: 0.500, li_recovered:  35.754
L: 0.50, u_super: 0.00029, sec: 109.083, prod: 0.001734, t_ads: 1979.0, t_des: 2505.0, bed_util_ads: 0.420, bed_util_des: 0.311, frac_lost: 0.500, li_recovered:  7.776
L: 0.50, u_super: 0.00366, sec: 17503.297, prod: 0.001864, t_ads: 122.0, t_des: 223.0, bed_util_ads: 0.383, bed_util_des: 0.374, frac_lost: 0.501, li_recovered:  0.643
L: 0.55, u_super: 0.00589, sec: 97917.117, prod: 0.000888, t_ads: 84.0, t_des: 949.0, bed_util_ads: 0.206, bed_util_des: 0.193, frac_lost: 0.501, li_recovered:  0.917
L: 0.69, u_super: 0.00011, sec: 26.609, prod: 0.001025, t_ads: 12753.0, t_des: 12234.0, bed_util_ads: 0.574, bed_util_des: 0.216, frac_lost: 0.500, li_recovered:  25.601
L: 0.50, u_super: 0.00412, sec: 22154.387, prod: 0.001876, t_ads: 108.0, t_des: 205.0, bed_util_ads: 0.379, bed_util_des: 0.371, frac_lost: 0.504, li_recovered:  0.587
L: 0.50, u_super: 0.00010, sec: 23.805, prod: 0.000927, t_ads: 5959.0, t_des: 4176.0, bed_util_ads: 0.507, bed_util_des: 0.376, frac_lost: 0.500, li_recovered:  9.395
L: 0.50, u_super: 0.00424, sec: 24035.990, prod: 0.001833, t_ads: 104.0, t_des: 144.0, bed_util_ads: 0.417, bed_util_des: 0.410, frac_lost: 0.502, li_recovered:  0.455
L: 0.79, u_super: 0.00767, sec: 80511.641, prod: 0.001879, t_ads: 91.0, t_des: 168.0, bed_util_ads: 0.383, bed_util_des: 0.377, frac_lost: 0.503, li_recovered:  0.487
L: 0.50, u_super: 0.00013, sec: 33.878, prod: 0.001137, t_ads: 4439.0, t_des: 3296.0, bed_util_ads: 0.491, bed_util_des: 0.368, frac_lost: 0.500, li_recovered:  8.794
L: 0.52, u_super: 0.00188, sec: 4517.280, prod: 0.001853, t_ads: 247.0, t_des: 487.0, bed_util_ads: 0.371, bed_util_des: 0.352, frac_lost: 0.501, li_recovered:  1.360
L: 0.50, u_super: 0.00005, sec: 8.498, prod: 0.000750, t_ads: 21072.0, t_des: 18377.0, bed_util_ads: 0.632, bed_util_des: 0.218, frac_lost: 0.500, li_recovered:  29.573
L: 0.86, u_super: 0.00301, sec: 11777.494, prod: 0.001860, t_ads: 255.0, t_des: 421.0, bed_util_ads: 0.391, bed_util_des: 0.373, frac_lost: 0.501, li_recovered:  1.257
L: 0.80, u_super: 0.00312, sec: 12614.714, prod: 0.001861, t_ads: 230.0, t_des: 374.0, bed_util_ads: 0.393, bed_util_des: 0.378, frac_lost: 0.501, li_recovered:  1.124
L: 0.50, u_super: 0.00333, sec: 14349.022, prod: 0.001870, t_ads: 134.0, t_des: 244.0, bed_util_ads: 0.383, bed_util_des: 0.373, frac_lost: 0.502, li_recovered:  0.707
L: 0.50, u_super: 0.00525, sec: 36553.551, prod: 0.001880, t_ads: 85.0, t_des: 168.0, bed_util_ads: 0.376, bed_util_des: 0.369, frac_lost: 0.505, li_recovered:  0.476
L: 0.50, u_super: 0.00627, sec: 52724.016, prod: 0.001880, t_ads: 71.0, t_des: 143.0, bed_util_ads: 0.375, bed_util_des: 0.369, frac_lost: 0.506, li_recovered:  0.402
L: 0.50, u_super: 0.00012, sec: 26.921, prod: 0.001309, t_ads: 5969.0, t_des: 5563.0, bed_util_ads: 0.495, bed_util_des: 0.284, frac_lost: 0.500, li_recovered:  15.096
L: 0.63, u_super: 0.00006, sec: 11.320, prod: 0.000683, t_ads: 28261.0, t_des: 25253.0, bed_util_ads: 0.679, bed_util_des: 0.168, frac_lost: 0.500, li_recovered:  36.529
L: 0.51, u_super: 0.00418, sec: 23255.357, prod: 0.001842, t_ads: 108.0, t_des: 231.0, bed_util_ads: 0.365, bed_util_des: 0.356, frac_lost: 0.500, li_recovered:  0.624
L: 0.50, u_super: 0.00010, sec: 18.623, prod: 0.001186, t_ads: 9564.0, t_des: 9848.0, bed_util_ads: 0.540, bed_util_des: 0.218, frac_lost: 0.500, li_recovered:  23.026
L: 0.54, u_super: 0.00143, sec: 2629.914, prod: 0.001830, t_ads: 343.0, t_des: 474.0, bed_util_ads: 0.410, bed_util_des: 0.389, frac_lost: 0.501, li_recovered:  1.495
L: 0.50, u_super: 0.00636, sec: 54059.891, prod: 0.001888, t_ads: 70.0, t_des: 137.0, bed_util_ads: 0.378, bed_util_des: 0.373, frac_lost: 0.506, li_recovered:  0.391
L: 0.50, u_super: 0.00020, sec: 68.302, prod: 0.001343, t_ads: 2615.0, t_des: 1987.0, bed_util_ads: 0.473, bed_util_des: 0.386, frac_lost: 0.500, li_recovered:  6.182
L: 0.50, u_super: 0.00036, sec: 199.525, prod: 0.001476, t_ads: 1322.0, t_des: 1063.0, bed_util_ads: 0.464, bed_util_des: 0.415, frac_lost: 0.500, li_recovered:  3.519
L: 0.50, u_super: 0.00470, sec: 90905.508, prod: 0.000600, t_ads: 97.0, t_des: 1878.0, bed_util_ads: 0.167, bed_util_des: 0.151, frac_lost: 0.501, li_recovered:  1.185
L: 0.50, u_super: 0.00636, sec: 60754.477, prod: 0.001680, t_ads: 70.0, t_des: 236.0, bed_util_ads: 0.317, bed_util_des: 0.310, frac_lost: 0.504, li_recovered:  0.514
    35 |     1400 |     40 |  0.0032090204 |         nadir
L: 0.59, u_super: 0.00604, sec: 49396.535, prod: 0.001855, t_ads: 86.0, t_des: 174.0, bed_util_ads: 0.372, bed_util_des: 0.366, frac_lost: 0.500, li_recovered:  0.482
L: 0.50, u_super: 0.00701, sec: 85724.836, prod: 0.001458, t_ads: 64.0, t_des: 315.0, bed_util_ads: 0.280, bed_util_des: 0.272, frac_lost: 0.507, li_recovered:  0.553
L: 0.50, u_super: 0.00017, sec: 43.474, prod: 0.001559, t_ads: 4160.0, t_des: 4939.0, bed_util_ads: 0.455, bed_util_des: 0.257, frac_lost: 0.500, li_recovered:  14.188
L: 0.50, u_super: 0.00331, sec: 18456.309, prod: 0.001441, t_ads: 137.0, t_des: 659.0, bed_util_ads: 0.280, bed_util_des: 0.264, frac_lost: 0.501, li_recovered:  1.147
L: 0.57, u_super: 0.00063, sec: 927.442, prod: 0.001005, t_ads: 1069.0, t_des: 7880.0, bed_util_ads: 0.271, bed_util_des: 0.145, frac_lost: 0.500, li_recovered:  8.998
L: 0.50, u_super: 0.00628, sec: 53181.430, prod: 0.001869, t_ads: 70.0, t_des: 129.0, bed_util_ads: 0.385, bed_util_des: 0.379, frac_lost: 0.500, li_recovered:  0.372
L: 0.50, u_super: 0.00016, sec: 40.800, prod: 0.001459, t_ads: 5259.0, t_des: 7991.0, bed_util_ads: 0.466, bed_util_des: 0.195, frac_lost: 0.500, li_recovered:  19.334
L: 0.50, u_super: 0.00188, sec: 7116.560, prod: 0.001176, t_ads: 250.0, t_des: 1728.0, bed_util_ads: 0.247, bed_util_des: 0.215, frac_lost: 0.501, li_recovered:  2.326
L: 0.50, u_super: 0.00012, sec: 24.265, prod: 0.001297, t_ads: 6714.0, t_des: 6517.0, bed_util_ads: 0.503, bed_util_des: 0.263, frac_lost: 0.500, li_recovered:  17.166
L: 0.50, u_super: 0.00007, sec: 11.071, prod: 0.000910, t_ads: 17078.0, t_des: 16364.0, bed_util_ads: 0.614, bed_util_des: 0.188, frac_lost: 0.500, li_recovered:  30.420
L: 0.50, u_super: 0.00082, sec: 850.177, prod: 0.001852, t_ads: 575.0, t_des: 931.0, bed_util_ads: 0.390, bed_util_des: 0.351, frac_lost: 0.501, li_recovered:  2.790
L: 0.50, u_super: 0.00005, sec: 8.638, prod: 0.000734, t_ads: 19624.0, t_des: 16625.0, bed_util_ads: 0.617, bed_util_des: 0.245, frac_lost: 0.500, li_recovered:  26.620
L: 0.50, u_super: 0.00432, sec: 24729.270, prod: 0.001858, t_ads: 103.0, t_des: 223.0, bed_util_ads: 0.365, bed_util_des: 0.356, frac_lost: 0.504, li_recovered:  0.606
L: 0.50, u_super: 0.00596, sec: 47335.449, prod: 0.001883, t_ads: 75.0, t_des: 150.0, bed_util_ads: 0.375, bed_util_des: 0.369, frac_lost: 0.506, li_recovered:  0.424
L: 0.50, u_super: 0.00455, sec: 78568.703, prod: 0.000649, t_ads: 100.0, t_des: 1746.0, bed_util_ads: 0.174, bed_util_des: 0.157, frac_lost: 0.502, li_recovered:  1.198
L: 0.50, u_super: 0.00564, sec: 42612.477, prod: 0.001869, t_ads: 78.0, t_des: 144.0, bed_util_ads: 0.384, bed_util_des: 0.378, frac_lost: 0.501, li_recovered:  0.415
L: 0.58, u_super: 0.00600, sec: 70857.508, prod: 0.001276, t_ads: 87.0, t_des: 547.0, bed_util_ads: 0.256, bed_util_des: 0.244, frac_lost: 0.504, li_recovered:  0.809
L: 0.50, u_super: 0.00007, sec: 12.713, prod: 0.000954, t_ads: 13462.0, t_des: 12303.0, bed_util_ads: 0.578, bed_util_des: 0.234, frac_lost: 0.500, li_recovered:  24.592
L: 0.53, u_super: 0.00011, sec: 27.456, prod: 0.000993, t_ads: 5775.0, t_des: 4189.0, bed_util_ads: 0.505, bed_util_des: 0.366, frac_lost: 0.500, li_recovered:  9.894
L: 0.50, u_super: 0.00300, sec: 11613.100, prod: 0.001866, t_ads: 149.0, t_des: 246.0, bed_util_ads: 0.394, bed_util_des: 0.384, frac_lost: 0.502, li_recovered:  0.737
L: 0.50, u_super: 0.00016, sec: 48.804, prod: 0.001184, t_ads: 3379.0, t_des: 2418.0, bed_util_ads: 0.485, bed_util_des: 0.389, frac_lost: 0.500, li_recovered:  6.865
L: 0.50, u_super: 0.00525, sec: 36513.418, prod: 0.001882, t_ads: 85.0, t_des: 168.0, bed_util_ads: 0.376, bed_util_des: 0.369, frac_lost: 0.505, li_recovered:  0.476
L: 0.50, u_super: 0.00035, sec: 175.515, prod: 0.001587, t_ads: 1408.0, t_des: 1267.0, bed_util_ads: 0.451, bed_util_des: 0.391, frac_lost: 0.500, li_recovered:  4.246
L: 0.50, u_super: 0.00008, sec: 16.243, prod: 0.000846, t_ads: 8607.0, t_des: 6383.0, bed_util_ads: 0.527, bed_util_des: 0.349, frac_lost: 0.500, li_recovered:  12.684
L: 0.50, u_super: 0.00420, sec: 23105.564, prod: 0.001872, t_ads: 106.0, t_des: 201.0, bed_util_ads: 0.379, bed_util_des: 0.371, frac_lost: 0.504, li_recovered:  0.575
L: 0.50, u_super: 0.00033, sec: 149.255, prod: 0.001679, t_ads: 1851.0, t_des: 3844.0, bed_util_ads: 0.379, bed_util_des: 0.245, frac_lost: 0.500, li_recovered:  9.559
L: 0.53, u_super: 0.00010, sec: 27.512, prod: 0.000802, t_ads: 5766.0, t_des: 3638.0, bed_util_ads: 0.510, bed_util_des: 0.404, frac_lost: 0.500, li_recovered:  7.543
L: 0.50, u_super: 0.00013, sec: 28.823, prod: 0.001366, t_ads: 5591.0, t_des: 5387.0, bed_util_ads: 0.488, bed_util_des: 0.278, frac_lost: 0.500, li_recovered:  14.995
L: 0.50, u_super: 0.00006, sec: 9.048, prod: 0.000788, t_ads: 23751.0, t_des: 23487.0, bed_util_ads: 0.664, bed_util_des: 0.143, frac_lost: 0.500, li_recovered:  37.240
L: 0.50, u_super: 0.00014, sec: 30.061, prod: 0.001413, t_ads: 6153.0, t_des: 7331.0, bed_util_ads: 0.489, bed_util_des: 0.222, frac_lost: 0.500, li_recovered:  19.047
L: 0.50, u_super: 0.00065, sec: 625.448, prod: 0.001561, t_ads: 807.0, t_des: 2752.0, bed_util_ads: 0.318, bed_util_des: 0.240, frac_lost: 0.500, li_recovered:  5.557
L: 0.50, u_super: 0.00005, sec: 10.359, prod: 0.000565, t_ads: 12876.0, t_des: 8610.0, bed_util_ads: 0.546, bed_util_des: 0.376, frac_lost: 0.500, li_recovered:  12.146
L: 0.55, u_super: 0.00005, sec: 9.772, prod: 0.000715, t_ads: 22395.0, t_des: 19240.0, bed_util_ads: 0.638, bed_util_des: 0.222, frac_lost: 0.500, li_recovered:  29.760
L: 0.50, u_super: 0.00009, sec: 23.021, prod: 0.000848, t_ads: 6115.0, t_des: 4079.0, bed_util_ads: 0.510, bed_util_des: 0.389, frac_lost: 0.500, li_recovered:  8.648
L: 0.64, u_super: 0.00575, sec: 44176.465, prod: 0.001878, t_ads: 98.0, t_des: 160.0, bed_util_ads: 0.398, bed_util_des: 0.391, frac_lost: 0.504, li_recovered:  0.485
L: 0.50, u_super: 0.00188, sec: 7512.750, prod: 0.001114, t_ads: 252.0, t_des: 1910.0, bed_util_ads: 0.240, bed_util_des: 0.206, frac_lost: 0.501, li_recovered:  2.408
L: 0.56, u_super: 0.00029, sec: 113.075, prod: 0.001715, t_ads: 2330.0, t_des: 3324.0, bed_util_ads: 0.414, bed_util_des: 0.279, frac_lost: 0.500, li_recovered:  9.695
L: 0.59, u_super: 0.00428, sec: 37330.293, prod: 0.001205, t_ads: 124.0, t_des: 845.0, bed_util_ads: 0.247, bed_util_des: 0.231, frac_lost: 0.501, li_recovered:  1.167
L: 0.63, u_super: 0.00525, sec: 37190.875, prod: 0.001847, t_ads: 107.0, t_des: 235.0, bed_util_ads: 0.363, bed_util_des: 0.354, frac_lost: 0.502, li_recovered:  0.632
L: 0.50, u_super: 0.00008, sec: 20.761, prod: 0.000705, t_ads: 6684.0, t_des: 4075.0, bed_util_ads: 0.515, bed_util_des: 0.409, frac_lost: 0.500, li_recovered:  7.582
    36 |     1440 |     40 |  0.0010532711 |             f
L: 0.50, u_super: 0.00124, sec: 1963.165, prod: 0.001859, t_ads: 367.0, t_des: 627.0, bed_util_ads: 0.385, bed_util_des: 0.360, frac_lost: 0.500, li_recovered:  1.848
L: 0.50, u_super: 0.00636, sec: 54309.238, prod: 0.001880, t_ads: 70.0, t_des: 129.0, bed_util_ads: 0.385, bed_util_des: 0.379, frac_lost: 0.505, li_recovered:  0.374
L: 0.55, u_super: 0.00590, sec: 46913.762, prod: 0.001865, t_ads: 83.0, t_des: 127.0, bed_util_ads: 0.406, bed_util_des: 0.400, frac_lost: 0.504, li_recovered:  0.392
L: 0.50, u_super: 0.00412, sec: 22087.887, prod: 0.001881, t_ads: 108.0, t_des: 185.0, bed_util_ads: 0.391, bed_util_des: 0.384, frac_lost: 0.504, li_recovered:  0.551
L: 0.50, u_super: 0.00525, sec: 36771.293, prod: 0.001862, t_ads: 85.0, t_des: 180.0, bed_util_ads: 0.368, bed_util_des: 0.361, frac_lost: 0.504, li_recovered:  0.494
L: 0.50, u_super: 0.00096, sec: 1556.682, prod: 0.001386, t_ads: 518.0, t_des: 2473.0, bed_util_ads: 0.284, bed_util_des: 0.226, frac_lost: 0.500, li_recovered:  4.145
L: 0.50, u_super: 0.00034, sec: 154.813, prod: 0.001775, t_ads: 1594.0, t_des: 2412.0, bed_util_ads: 0.400, bed_util_des: 0.301, frac_lost: 0.500, li_recovered:  7.111
L: 0.53, u_super: 0.00188, sec: 6411.250, prod: 0.001305, t_ads: 263.0, t_des: 1496.0, bed_util_ads: 0.264, bed_util_des: 0.232, frac_lost: 0.500, li_recovered:  2.296
L: 0.60, u_super: 0.00008, sec: 15.324, prod: 0.000881, t_ads: 17230.0, t_des: 15989.0, bed_util_ads: 0.612, bed_util_des: 0.203, frac_lost: 0.500, li_recovered:  29.270
L: 0.50, u_super: 0.00007, sec: 12.587, prod: 0.000964, t_ads: 14060.0, t_des: 13159.0, bed_util_ads: 0.585, bed_util_des: 0.218, frac_lost: 0.500, li_recovered:  26.239
L: 0.54, u_super: 0.00636, sec: 54714.121, prod: 0.001866, t_ads: 75.0, t_des: 137.0, bed_util_ads: 0.385, bed_util_des: 0.379, frac_lost: 0.501, li_recovered:  0.396
L: 0.50, u_super: 0.00011, sec: 21.597, prod: 0.001262, t_ads: 8369.0, t_des: 9072.0, bed_util_ads: 0.524, bed_util_des: 0.216, frac_lost: 0.500, li_recovered:  22.016
L: 0.53, u_super: 0.00082, sec: 846.690, prod: 0.001844, t_ads: 603.0, t_des: 908.0, bed_util_ads: 0.397, bed_util_des: 0.358, frac_lost: 0.500, li_recovered:  2.786
L: 0.84, u_super: 0.00016, sec: 52.373, prod: 0.001138, t_ads: 8805.0, t_des: 8156.0, bed_util_ads: 0.530, bed_util_des: 0.260, frac_lost: 0.500, li_recovered:  19.302
L: 0.50, u_super: 0.00006, sec: 10.735, prod: 0.000888, t_ads: 18533.0, t_des: 18168.0, bed_util_ads: 0.627, bed_util_des: 0.171, frac_lost: 0.500, li_recovered:  32.593
L: 0.77, u_super: 0.00019, sec: 62.094, prod: 0.001358, t_ads: 6494.0, t_des: 6818.0, bed_util_ads: 0.498, bed_util_des: 0.245, frac_lost: 0.500, li_recovered:  18.075
L: 0.55, u_super: 0.00541, sec: 49121.035, prod: 0.001485, t_ads: 92.0, t_des: 425.0, bed_util_ads: 0.285, bed_util_des: 0.274, frac_lost: 0.505, li_recovered:  0.768
L: 0.50, u_super: 0.00010, sec: 20.227, prod: 0.001176, t_ads: 10372.0, t_des: 13005.0, bed_util_ads: 0.551, bed_util_des: 0.167, frac_lost: 0.500, li_recovered:  27.498
L: 0.64, u_super: 0.00130, sec: 3170.288, prod: 0.001250, t_ads: 488.0, t_des: 2859.0, bed_util_ads: 0.266, bed_util_des: 0.207, frac_lost: 0.500, li_recovered:  4.183
L: 0.51, u_super: 0.00331, sec: 14328.482, prod: 0.001850, t_ads: 135.0, t_des: 199.0, bed_util_ads: 0.408, bed_util_des: 0.399, frac_lost: 0.502, li_recovered:  0.618
L: 0.59, u_super: 0.00005, sec: 9.077, prod: 0.000642, t_ads: 30676.0, t_des: 26907.0, bed_util_ads: 0.688, bed_util_des: 0.171, frac_lost: 0.500, li_recovered:  36.973
L: 0.95, u_super: 0.00424, sec: 24456.506, prod: 0.001801, t_ads: 198.0, t_des: 257.0, bed_util_ads: 0.421, bed_util_des: 0.409, frac_lost: 0.501, li_recovered:  0.820
L: 0.50, u_super: 0.00285, sec: 10557.908, prod: 0.001853, t_ads: 157.0, t_des: 319.0, bed_util_ads: 0.370, bed_util_des: 0.357, frac_lost: 0.500, li_recovered:  0.882
L: 0.58, u_super: 0.00603, sec: 48724.344, prod: 0.001879, t_ads: 85.0, t_des: 158.0, bed_util_ads: 0.383, bed_util_des: 0.377, frac_lost: 0.502, li_recovered:  0.457
L: 0.58, u_super: 0.00010, sec: 20.447, prod: 0.001079, t_ads: 11593.0, t_des: 11375.0, bed_util_ads: 0.563, bed_util_des: 0.216, frac_lost: 0.500, li_recovered:  24.789
L: 0.93, u_super: 0.00575, sec: 45799.773, prod: 0.001811, t_ads: 144.0, t_des: 351.0, bed_util_ads: 0.350, bed_util_des: 0.337, frac_lost: 0.501, li_recovered:  0.897
L: 0.50, u_super: 0.00012, sec: 25.165, prod: 0.001337, t_ads: 7184.0, t_des: 8052.0, bed_util_ads: 0.506, bed_util_des: 0.222, frac_lost: 0.500, li_recovered:  20.369
L: 0.50, u_super: 0.00007, sec: 15.572, prod: 0.000784, t_ads: 8810.0, t_des: 6294.0, bed_util_ads: 0.528, bed_util_des: 0.362, frac_lost: 0.500, li_recovered:  11.844
L: 0.57, u_super: 0.00031, sec: 137.621, prod: 0.001600, t_ads: 2490.0, t_des: 5256.0, bed_util_ads: 0.391, bed_util_des: 0.218, frac_lost: 0.500, li_recovered:  12.395
L: 0.51, u_super: 0.00401, sec: 21023.654, prod: 0.001867, t_ads: 113.0, t_des: 188.0, bed_util_ads: 0.394, bed_util_des: 0.386, frac_lost: 0.503, li_recovered:  0.562
L: 0.50, u_super: 0.00424, sec: 23781.963, prod: 0.001859, t_ads: 104.0, t_des: 197.0, bed_util_ads: 0.379, bed_util_des: 0.371, frac_lost: 0.500, li_recovered:  0.560
L: 0.50, u_super: 0.00312, sec: 12547.868, prod: 0.001871, t_ads: 143.0, t_des: 248.0, bed_util_ads: 0.388, bed_util_des: 0.378, frac_lost: 0.503, li_recovered:  0.731
L: 0.51, u_super: 0.00167, sec: 3544.651, prod: 0.001864, t_ads: 273.0, t_des: 484.0, bed_util_ads: 0.383, bed_util_des: 0.363, frac_lost: 0.501, li_recovered:  1.411
L: 0.50, u_super: 0.00006, sec: 10.538, prod: 0.000878, t_ads: 18276.0, t_des: 17349.0, bed_util_ads: 0.623, bed_util_des: 0.185, frac_lost: 0.500, li_recovered:  31.276
L: 0.50, u_super: 0.00194, sec: 5143.323, prod: 0.001737, t_ads: 234.0, t_des: 664.0, bed_util_ads: 0.332, bed_util_des: 0.310, frac_lost: 0.500, li_recovered:  1.560
L: 0.50, u_super: 0.00040, sec: 219.893, prod: 0.001668, t_ads: 1231.0, t_des: 1224.0, bed_util_ads: 0.440, bed_util_des: 0.383, frac_lost: 0.500, li_recovered:  4.094
L: 0.50, u_super: 0.00009, sec: 17.852, prod: 0.001124, t_ads: 11631.0, t_des: 13816.0, bed_util_ads: 0.567, bed_util_des: 0.167, frac_lost: 0.500, li_recovered:  28.602
L: 0.53, u_super: 0.00540, sec: 38994.648, prod: 0.001861, t_ads: 87.0, t_des: 148.0, bed_util_ads: 0.392, bed_util_des: 0.386, frac_lost: 0.500, li_recovered:  0.437
L: 0.50, u_super: 0.00006, sec: 9.063, prod: 0.000785, t_ads: 19765.0, t_des: 17492.0, bed_util_ads: 0.625, bed_util_des: 0.216, frac_lost: 0.500, li_recovered:  29.264
L: 0.50, u_super: 0.00024, sec: 85.079, prod: 0.001636, t_ads: 2263.0, t_des: 2278.0, bed_util_ads: 0.442, bed_util_des: 0.338, frac_lost: 0.500, li_recovered:  7.429
    37 |     1480 |     40 |  0.0024060591 |             f
L: 0.50, u_super: 0.00036, sec: 171.616, prod: 0.001781, t_ads: 1503.0, t_des: 2387.0, bed_util_ads: 0.395, bed_util_des: 0.298, frac_lost: 0.500, li_recovered:  6.927
L: 0.50, u_super: 0.00028, sec: 115.594, prod: 0.001592, t_ads: 2352.0, t_des: 5227.0, bed_util_ads: 0.385, bed_util_des: 0.216, frac_lost: 0.500, li_recovered:  12.070
L: 0.50, u_super: 0.00610, sec: 55087.621, prod: 0.001702, t_ads: 73.0, t_des: 238.0, bed_util_ads: 0.321, bed_util_des: 0.314, frac_lost: 0.505, li_recovered:  0.529
L: 0.60, u_super: 0.00010, sec: 29.019, prod: 0.000760, t_ads: 6881.0, t_des: 4441.0, bed_util_ads: 0.516, bed_util_des: 0.395, frac_lost: 0.500, li_recovered:  8.610
L: 0.50, u_super: 0.00006, sec: 10.772, prod: 0.000889, t_ads: 18656.0, t_des: 18508.0, bed_util_ads: 0.629, bed_util_des: 0.167, frac_lost: 0.500, li_recovered:  33.050
L: 0.50, u_super: 0.00012, sec: 26.409, prod: 0.001347, t_ads: 7185.0, t_des: 8627.0, bed_util_ads: 0.505, bed_util_des: 0.207, frac_lost: 0.500, li_recovered:  21.294
L: 0.63, u_super: 0.00036, sec: 182.971, prod: 0.001649, t_ads: 2238.0, t_des: 4483.0, bed_util_ads: 0.389, bed_util_des: 0.234, frac_lost: 0.500, li_recovered:  11.083
L: 0.50, u_super: 0.00058, sec: 453.504, prod: 0.001723, t_ads: 901.0, t_des: 2223.0, bed_util_ads: 0.348, bed_util_des: 0.273, frac_lost: 0.500, li_recovered:  5.383
L: 0.50, u_super: 0.00017, sec: 43.023, prod: 0.001497, t_ads: 4874.0, t_des: 7154.0, bed_util_ads: 0.459, bed_util_des: 0.207, frac_lost: 0.500, li_recovered:  18.009
L: 0.58, u_super: 0.00005, sec: 8.928, prod: 0.000656, t_ads: 30117.0, t_des: 26676.0, bed_util_ads: 0.687, bed_util_des: 0.166, frac_lost: 0.500, li_recovered:  37.248
L: 0.51, u_super: 0.00587, sec: 46233.359, prod: 0.001867, t_ads: 76.0, t_des: 134.0, bed_util_ads: 0.389, bed_util_des: 0.384, frac_lost: 0.500, li_recovered:  0.392
L: 0.50, u_super: 0.00009, sec: 25.097, prod: 0.000778, t_ads: 5743.0, t_des: 3548.0, bed_util_ads: 0.510, bed_util_des: 0.409, frac_lost: 0.500, li_recovered:  7.230
L: 0.50, u_super: 0.00019, sec: 50.566, prod: 0.001599, t_ads: 3599.0, t_des: 4174.0, bed_util_ads: 0.448, bed_util_des: 0.274, frac_lost: 0.500, li_recovered:  12.427
L: 0.50, u_super: 0.00048, sec: 298.325, prod: 0.001800, t_ads: 1032.0, t_des: 1355.0, bed_util_ads: 0.411, bed_util_des: 0.351, frac_lost: 0.500, li_recovered:  4.298
L: 0.50, u_super: 0.00011, sec: 24.503, prod: 0.001212, t_ads: 9217.0, t_des: 13232.0, bed_util_ads: 0.535, bed_util_des: 0.154, frac_lost: 0.500, li_recovered:  27.212
L: 0.50, u_super: 0.00575, sec: 44240.070, prod: 0.001875, t_ads: 77.0, t_des: 128.0, bed_util_ads: 0.396, bed_util_des: 0.391, frac_lost: 0.505, li_recovered:  0.384
L: 0.50, u_super: 0.00010, sec: 18.708, prod: 0.001180, t_ads: 9687.0, t_des: 9951.0, bed_util_ads: 0.541, bed_util_des: 0.217, frac_lost: 0.500, li_recovered:  23.165
L: 0.50, u_super: 0.00384, sec: 19265.814, prod: 0.001865, t_ads: 115.0, t_des: 195.0, bed_util_ads: 0.392, bed_util_des: 0.384, frac_lost: 0.500, li_recovered:  0.578
L: 0.50, u_super: 0.00036, sec: 173.551, prod: 0.001786, t_ads: 1476.0, t_des: 2155.0, bed_util_ads: 0.402, bed_util_des: 0.312, frac_lost: 0.500, li_recovered:  6.483
L: 0.50, u_super: 0.00515, sec: 35290.188, prod: 0.001865, t_ads: 86.0, t_des: 169.0, bed_util_ads: 0.376, bed_util_des: 0.369, frac_lost: 0.501, li_recovered:  0.476
L: 0.50, u_super: 0.00636, sec: 53862.152, prod: 0.001895, t_ads: 70.0, t_des: 122.0, bed_util_ads: 0.392, bed_util_des: 0.387, frac_lost: 0.506, li_recovered:  0.364
L: 0.55, u_super: 0.00575, sec: 80376.664, prod: 0.001032, t_ads: 86.0, t_des: 773.0, bed_util_ads: 0.224, bed_util_des: 0.212, frac_lost: 0.503, li_recovered:  0.887
L: 0.50, u_super: 0.00063, sec: 513.370, prod: 0.001834, t_ads: 759.0, t_des: 1119.0, bed_util_ads: 0.399, bed_util_des: 0.351, frac_lost: 0.500, li_recovered:  3.445
L: 0.50, u_super: 0.00679, sec: 62689.727, prod: 0.001870, t_ads: 65.0, t_des: 126.0, bed_util_ads: 0.379, bed_util_des: 0.374, frac_lost: 0.503, li_recovered:  0.357
L: 0.50, u_super: 0.00006, sec: 9.377, prod: 0.000824, t_ads: 21242.0, t_des: 20312.0, bed_util_ads: 0.645, bed_util_des: 0.166, frac_lost: 0.500, li_recovered:  34.242
L: 0.78, u_super: 0.00412, sec: 22243.777, prod: 0.001868, t_ads: 169.0, t_des: 297.0, bed_util_ads: 0.386, bed_util_des: 0.374, frac_lost: 0.502, li_recovered:  0.870
L: 0.50, u_super: 0.00008, sec: 13.656, prod: 0.000957, t_ads: 11794.0, t_des: 10353.0, bed_util_ads: 0.560, bed_util_des: 0.264, frac_lost: 0.500, li_recovered:  21.202
L: 0.50, u_super: 0.00006, sec: 9.380, prod: 0.000824, t_ads: 21243.0, t_des: 20300.0, bed_util_ads: 0.645, bed_util_des: 0.167, frac_lost: 0.500, li_recovered:  34.222
L: 0.55, u_super: 0.00007, sec: 13.608, prod: 0.000892, t_ads: 16006.0, t_des: 14634.0, bed_util_ads: 0.601, bed_util_des: 0.218, frac_lost: 0.500, li_recovered:  27.321
L: 0.58, u_super: 0.00600, sec: 62850.816, prod: 0.001438, t_ads: 86.0, t_des: 420.0, bed_util_ads: 0.279, bed_util_des: 0.269, frac_lost: 0.501, li_recovered:  0.728
L: 0.50, u_super: 0.00019, sec: 52.917, prod: 0.001564, t_ads: 3263.0, t_des: 3245.0, bed_util_ads: 0.453, bed_util_des: 0.311, frac_lost: 0.500, li_recovered:  10.180
L: 0.60, u_super: 0.00203, sec: 5258.788, prod: 0.001863, t_ads: 268.0, t_des: 477.0, bed_util_ads: 0.382, bed_util_des: 0.363, frac_lost: 0.501, li_recovered:  1.388
L: 0.50, u_super: 0.00533, sec: 37684.395, prod: 0.001881, t_ads: 83.0, t_des: 154.0, bed_util_ads: 0.383, bed_util_des: 0.377, frac_lost: 0.504, li_recovered:  0.446
L: 0.55, u_super: 0.00011, sec: 24.596, prod: 0.001191, t_ads: 7967.0, t_des: 7451.0, bed_util_ads: 0.520, bed_util_des: 0.264, frac_lost: 0.500, li_recovered:  18.360
L: 0.50, u_super: 0.00006, sec: 8.996, prod: 0.000793, t_ads: 23552.0, t_des: 23457.0, bed_util_ads: 0.663, bed_util_des: 0.142, frac_lost: 0.500, li_recovered:  37.274
L: 0.50, u_super: 0.00422, sec: 23479.910, prod: 0.001859, t_ads: 105.0, t_des: 154.0, bed_util_ads: 0.410, bed_util_des: 0.403, frac_lost: 0.504, li_recovered:  0.482
L: 0.50, u_super: 0.00008, sec: 14.147, prod: 0.001034, t_ads: 13804.0, t_des: 14543.0, bed_util_ads: 0.588, bed_util_des: 0.178, frac_lost: 0.500, li_recovered:  29.321
L: 0.50, u_super: 0.00032, sec: 131.942, prod: 0.001760, t_ads: 1791.0, t_des: 2632.0, bed_util_ads: 0.405, bed_util_des: 0.296, frac_lost: 0.500, li_recovered:  7.783
L: 0.50, u_super: 0.00012, sec: 25.231, prod: 0.001333, t_ads: 7337.0, t_des: 8479.0, bed_util_ads: 0.508, bed_util_des: 0.213, frac_lost: 0.500, li_recovered:  21.089
L: 0.55, u_super: 0.00554, sec: 40939.871, prod: 0.001871, t_ads: 88.0, t_des: 151.0, bed_util_ads: 0.392, bed_util_des: 0.386, frac_lost: 0.501, li_recovered:  0.447
    38 |     1520 |     40 |  0.0030798608 |             f
L: 0.50, u_super: 0.00694, sec: 64530.430, prod: 0.001897, t_ads: 64.0, t_des: 113.0, bed_util_ads: 0.391, bed_util_des: 0.386, frac_lost: 0.506, li_recovered:  0.336
L: 0.55, u_super: 0.00676, sec: 68117.312, prod: 0.001703, t_ads: 72.0, t_des: 229.0, bed_util_ads: 0.323, bed_util_des: 0.316, frac_lost: 0.501, li_recovered:  0.513
L: 0.50, u_super: 0.00531, sec: 37395.336, prod: 0.001877, t_ads: 84.0, t_des: 147.0, bed_util_ads: 0.390, bed_util_des: 0.384, frac_lost: 0.503, li_recovered:  0.433
L: 0.54, u_super: 0.00530, sec: 37448.859, prod: 0.001865, t_ads: 90.0, t_des: 190.0, bed_util_ads: 0.368, bed_util_des: 0.361, frac_lost: 0.504, li_recovered:  0.522
L: 0.70, u_super: 0.00005, sec: 13.776, prod: 0.000425, t_ads: 18373.0, t_des: 12002.0, bed_util_ads: 0.563, bed_util_des: 0.382, frac_lost: 0.500, li_recovered:  12.911
L: 0.50, u_super: 0.00008, sec: 13.262, prod: 0.000997, t_ads: 13344.0, t_des: 12656.0, bed_util_ads: 0.579, bed_util_des: 0.217, frac_lost: 0.500, li_recovered:  25.923
L: 0.50, u_super: 0.00330, sec: 14167.055, prod: 0.001869, t_ads: 134.0, t_des: 242.0, bed_util_ads: 0.384, bed_util_des: 0.374, frac_lost: 0.501, li_recovered:  0.703
L: 0.50, u_super: 0.00008, sec: 18.035, prod: 0.000762, t_ads: 7580.0, t_des: 5061.0, bed_util_ads: 0.519, bed_util_des: 0.385, frac_lost: 0.500, li_recovered:  9.634
L: 0.62, u_super: 0.00203, sec: 5306.394, prod: 0.001858, t_ads: 272.0, t_des: 431.0, bed_util_ads: 0.396, bed_util_des: 0.377, frac_lost: 0.501, li_recovered:  1.306
L: 0.50, u_super: 0.00005, sec: 7.882, prod: 0.000738, t_ads: 25302.0, t_des: 23187.0, bed_util_ads: 0.667, bed_util_des: 0.166, frac_lost: 0.500, li_recovered:  35.777
L: 0.50, u_super: 0.00040, sec: 223.204, prod: 0.001646, t_ads: 1463.0, t_des: 3640.0, bed_util_ads: 0.357, bed_util_des: 0.240, frac_lost: 0.500, li_recovered:  8.398
L: 0.50, u_super: 0.00016, sec: 41.023, prod: 0.001535, t_ads: 4334.0, t_des: 4875.0, bed_util_ads: 0.461, bed_util_des: 0.264, frac_lost: 0.500, li_recovered:  14.131
L: 0.50, u_super: 0.00305, sec: 11977.401, prod: 0.001870, t_ads: 146.0, t_des: 242.0, bed_util_ads: 0.394, bed_util_des: 0.383, frac_lost: 0.503, li_recovered:  0.725
L: 0.50, u_super: 0.00011, sec: 21.863, prod: 0.001247, t_ads: 7505.0, t_des: 7246.0, bed_util_ads: 0.514, bed_util_des: 0.257, frac_lost: 0.500, li_recovered:  18.394
L: 0.50, u_super: 0.00019, sec: 60.073, prod: 0.001332, t_ads: 2839.0, t_des: 2169.0, bed_util_ads: 0.474, bed_util_des: 0.380, frac_lost: 0.500, li_recovered:  6.669
L: 0.50, u_super: 0.00013, sec: 30.077, prod: 0.001343, t_ads: 5266.0, t_des: 4826.0, bed_util_ads: 0.486, bed_util_des: 0.297, frac_lost: 0.500, li_recovered:  13.554
L: 0.51, u_super: 0.00560, sec: 42944.422, prod: 0.001828, t_ads: 81.0, t_des: 199.0, bed_util_ads: 0.352, bed_util_des: 0.344, frac_lost: 0.505, li_recovered:  0.512
L: 0.53, u_super: 0.00006, sec: 13.177, prod: 0.000665, t_ads: 11289.0, t_des: 7926.0, bed_util_ads: 0.542, bed_util_des: 0.363, frac_lost: 0.500, li_recovered:  12.786
L: 0.50, u_super: 0.00054, sec: 416.177, prod: 0.001643, t_ads: 987.0, t_des: 2796.0, bed_util_ads: 0.337, bed_util_des: 0.250, frac_lost: 0.500, li_recovered:  6.216
L: 0.50, u_super: 0.00012, sec: 39.278, prod: 0.000890, t_ads: 4082.0, t_des: 2500.0, bed_util_ads: 0.502, bed_util_des: 0.420, frac_lost: 0.500, li_recovered:  5.857
L: 0.55, u_super: 0.00412, sec: 22321.598, prod: 0.001861, t_ads: 118.0, t_des: 209.0, bed_util_ads: 0.386, bed_util_des: 0.378, frac_lost: 0.500, li_recovered:  0.609
L: 0.50, u_super: 0.00013, sec: 30.734, prod: 0.001370, t_ads: 6731.0, t_des: 9288.0, bed_util_ads: 0.495, bed_util_des: 0.188, frac_lost: 0.500, li_recovered:  21.940
L: 0.50, u_super: 0.00300, sec: 19000.021, prod: 0.001141, t_ads: 152.0, t_des: 1133.0, bed_util_ads: 0.240, bed_util_des: 0.219, frac_lost: 0.501, li_recovered:  1.466
L: 0.50, u_super: 0.00009, sec: 17.188, prod: 0.001136, t_ads: 10013.0, t_des: 9777.0, bed_util_ads: 0.545, bed_util_des: 0.230, frac_lost: 0.500, li_recovered:  22.486
L: 0.50, u_super: 0.00007, sec: 12.633, prod: 0.000961, t_ads: 13828.0, t_des: 12826.0, bed_util_ads: 0.583, bed_util_des: 0.224, frac_lost: 0.500, li_recovered:  25.602
L: 0.63, u_super: 0.00312, sec: 22863.566, prod: 0.001027, t_ads: 185.0, t_des: 1625.0, bed_util_ads: 0.226, bed_util_des: 0.201, frac_lost: 0.501, li_recovered:  1.858
L: 0.58, u_super: 0.00584, sec: 46052.715, prod: 0.001857, t_ads: 88.0, t_des: 183.0, bed_util_ads: 0.369, bed_util_des: 0.362, frac_lost: 0.502, li_recovered:  0.503
L: 0.50, u_super: 0.00008, sec: 14.147, prod: 0.001034, t_ads: 13804.0, t_des: 14543.0, bed_util_ads: 0.588, bed_util_des: 0.178, frac_lost: 0.500, li_recovered:  29.321
L: 0.50, u_super: 0.00006, sec: 9.426, prod: 0.000823, t_ads: 21269.0, t_des: 20319.0, bed_util_ads: 0.645, bed_util_des: 0.167, frac_lost: 0.500, li_recovered:  34.234
L: 0.50, u_super: 0.00303, sec: 11891.443, prod: 0.001865, t_ads: 146.0, t_des: 263.0, bed_util_ads: 0.384, bed_util_des: 0.373, frac_lost: 0.500, li_recovered:  0.763
L: 0.50, u_super: 0.00019, sec: 50.567, prod: 0.001599, t_ads: 3599.0, t_des: 4174.0, bed_util_ads: 0.448, bed_util_des: 0.274, frac_lost: 0.500, li_recovered:  12.426
L: 0.50, u_super: 0.00009, sec: 17.190, prod: 0.001065, t_ads: 9280.0, t_des: 8225.0, bed_util_ads: 0.535, bed_util_des: 0.275, frac_lost: 0.500, li_recovered:  18.639
L: 0.50, u_super: 0.00634, sec: 91981.258, prod: 0.001103, t_ads: 71.0, t_des: 581.0, bed_util_ads: 0.233, bed_util_des: 0.223, frac_lost: 0.506, li_recovered:  0.719
L: 0.50, u_super: 0.00073, sec: 676.121, prod: 0.001845, t_ads: 652.0, t_des: 1017.0, bed_util_ads: 0.393, bed_util_des: 0.350, frac_lost: 0.500, li_recovered:  3.079
L: 0.55, u_super: 0.00633, sec: 54037.426, prod: 0.001875, t_ads: 77.0, t_des: 136.0, bed_util_ads: 0.389, bed_util_des: 0.384, frac_lost: 0.501, li_recovered:  0.399
L: 0.50, u_super: 0.00163, sec: 4799.895, prod: 0.001315, t_ads: 288.0, t_des: 1612.0, bed_util_ads: 0.266, bed_util_des: 0.231, frac_lost: 0.501, li_recovered:  2.498
L: 0.58, u_super: 0.00228, sec: 6684.253, prod: 0.001861, t_ads: 227.0, t_des: 399.0, bed_util_ads: 0.384, bed_util_des: 0.368, frac_lost: 0.500, li_recovered:  1.165
L: 0.50, u_super: 0.00030, sec: 121.695, prod: 0.001746, t_ads: 1813.0, t_des: 2310.0, bed_util_ads: 0.417, bed_util_des: 0.317, frac_lost: 0.500, li_recovered:  7.200
L: 0.58, u_super: 0.00615, sec: 51130.703, prod: 0.001864, t_ads: 83.0, t_des: 154.0, bed_util_ads: 0.383, bed_util_des: 0.376, frac_lost: 0.501, li_recovered:  0.442
L: 0.50, u_super: 0.00008, sec: 14.614, prod: 0.001047, t_ads: 12487.0, t_des: 12224.0, bed_util_ads: 0.572, bed_util_des: 0.210, frac_lost: 0.500, li_recovered:  25.884
    39 |     1560 |     40 |  0.1653418494 |         nadir
L: 0.59, u_super: 0.00335, sec: 23913.176, prod: 0.001140, t_ads: 160.0, t_des: 1190.0, bed_util_ads: 0.240, bed_util_des: 0.218, frac_lost: 0.501, li_recovered:  1.539
L: 0.50, u_super: 0.00017, sec: 45.360, prod: 0.001561, t_ads: 4225.0, t_des: 5456.0, bed_util_ads: 0.452, bed_util_des: 0.241, frac_lost: 0.500, li_recovered:  15.114
L: 0.50, u_super: 0.00423, sec: 23738.547, prod: 0.001850, t_ads: 104.0, t_des: 157.0, bed_util_ads: 0.406, bed_util_des: 0.399, frac_lost: 0.501, li_recovered:  0.483
L: 0.50, u_super: 0.00006, sec: 9.878, prod: 0.000819, t_ads: 17518.0, t_des: 15415.0, bed_util_ads: 0.608, bed_util_des: 0.231, frac_lost: 0.500, li_recovered:  26.972
L: 0.50, u_super: 0.00014, sec: 31.630, prod: 0.001343, t_ads: 6918.0, t_des: 10285.0, bed_util_ads: 0.497, bed_util_des: 0.174, frac_lost: 0.500, li_recovered:  23.095
L: 0.50, u_super: 0.00514, sec: 35136.832, prod: 0.001865, t_ads: 86.0, t_des: 169.0, bed_util_ads: 0.376, bed_util_des: 0.369, frac_lost: 0.501, li_recovered:  0.475
L: 0.54, u_super: 0.00005, sec: 8.404, prod: 0.000690, t_ads: 27998.0, t_des: 25136.0, bed_util_ads: 0.679, bed_util_des: 0.166, frac_lost: 0.500, li_recovered:  36.639
L: 0.50, u_super: 0.00694, sec: 64954.609, prod: 0.001884, t_ads: 64.0, t_des: 122.0, bed_util_ads: 0.382, bed_util_des: 0.377, frac_lost: 0.505, li_recovered:  0.350
L: 0.50, u_super: 0.00600, sec: 48112.215, prod: 0.001881, t_ads: 74.0, t_des: 124.0, bed_util_ads: 0.396, bed_util_des: 0.391, frac_lost: 0.503, li_recovered:  0.372
L: 0.50, u_super: 0.00046, sec: 321.716, prod: 0.001527, t_ads: 1260.0, t_des: 4079.0, bed_util_ads: 0.333, bed_util_des: 0.219, frac_lost: 0.500, li_recovered:  8.152
L: 0.50, u_super: 0.00048, sec: 298.138, prod: 0.001802, t_ads: 1023.0, t_des: 1347.0, bed_util_ads: 0.411, bed_util_des: 0.351, frac_lost: 0.500, li_recovered:  4.270
L: 0.50, u_super: 0.00014, sec: 31.249, prod: 0.001366, t_ads: 5034.0, t_des: 4634.0, bed_util_ads: 0.483, bed_util_des: 0.298, frac_lost: 0.500, li_recovered:  13.206
L: 0.50, u_super: 0.00013, sec: 28.847, prod: 0.001295, t_ads: 7675.0, t_des: 11314.0, bed_util_ads: 0.510, bed_util_des: 0.166, frac_lost: 0.500, li_recovered:  24.598
L: 0.56, u_super: 0.00015, sec: 40.352, prod: 0.001290, t_ads: 4660.0, t_des: 3916.0, bed_util_ads: 0.484, bed_util_des: 0.330, frac_lost: 0.500, li_recovered:  11.062
L: 0.50, u_super: 0.00009, sec: 16.751, prod: 0.001130, t_ads: 10678.0, t_des: 10791.0, bed_util_ads: 0.553, bed_util_des: 0.214, frac_lost: 0.500, li_recovered:  24.269
L: 0.50, u_super: 0.00034, sec: 158.650, prod: 0.001663, t_ads: 1790.0, t_des: 3924.0, bed_util_ads: 0.373, bed_util_des: 0.240, frac_lost: 0.500, li_recovered:  9.504
L: 0.58, u_super: 0.00623, sec: 52409.137, prod: 0.001864, t_ads: 82.0, t_des: 152.0, bed_util_ads: 0.383, bed_util_des: 0.377, frac_lost: 0.501, li_recovered:  0.436
L: 0.53, u_super: 0.00191, sec: 4657.337, prod: 0.001859, t_ads: 248.0, t_des: 447.0, bed_util_ads: 0.381, bed_util_des: 0.363, frac_lost: 0.500, li_recovered:  1.292
L: 0.51, u_super: 0.00702, sec: 66864.742, prod: 0.001878, t_ads: 64.0, t_des: 115.0, bed_util_ads: 0.388, bed_util_des: 0.383, frac_lost: 0.504, li_recovered:  0.336
L: 0.50, u_super: 0.00008, sec: 20.933, prod: 0.000777, t_ads: 6666.0, t_des: 4318.0, bed_util_ads: 0.514, bed_util_des: 0.395, frac_lost: 0.500, li_recovered:  8.539
L: 0.50, u_super: 0.00080, sec: 802.357, prod: 0.001848, t_ads: 591.0, t_des: 921.0, bed_util_ads: 0.394, bed_util_des: 0.355, frac_lost: 0.500, li_recovered:  2.793
L: 0.64, u_super: 0.00011, sec: 25.367, prod: 0.001075, t_ads: 11356.0, t_des: 10945.0, bed_util_ads: 0.560, bed_util_des: 0.224, frac_lost: 0.500, li_recovered:  23.967
L: 0.50, u_super: 0.00011, sec: 24.533, prod: 0.001244, t_ads: 8807.0, t_des: 12061.0, bed_util_ads: 0.529, bed_util_des: 0.166, frac_lost: 0.500, li_recovered:  25.964
L: 0.53, u_super: 0.00239, sec: 7343.939, prod: 0.001863, t_ads: 198.0, t_des: 371.0, bed_util_ads: 0.378, bed_util_des: 0.363, frac_lost: 0.502, li_recovered:  1.060
L: 0.56, u_super: 0.00556, sec: 41436.652, prod: 0.001867, t_ads: 88.0, t_des: 153.0, bed_util_ads: 0.390, bed_util_des: 0.384, frac_lost: 0.502, li_recovered:  0.450
L: 0.50, u_super: 0.00604, sec: 48936.664, prod: 0.001874, t_ads: 73.0, t_des: 138.0, bed_util_ads: 0.382, bed_util_des: 0.376, frac_lost: 0.502, li_recovered:  0.395
L: 0.50, u_super: 0.00013, sec: 27.359, prod: 0.001362, t_ads: 6954.0, t_des: 8474.0, bed_util_ads: 0.501, bed_util_des: 0.207, frac_lost: 0.500, li_recovered:  21.011
L: 0.55, u_super: 0.00008, sec: 14.399, prod: 0.000917, t_ads: 18066.0, t_des: 19904.0, bed_util_ads: 0.629, bed_util_des: 0.142, frac_lost: 0.500, li_recovered:  34.800
L: 0.50, u_super: 0.00019, sec: 50.438, prod: 0.001603, t_ads: 3573.0, t_des: 4184.0, bed_util_ads: 0.447, bed_util_des: 0.273, frac_lost: 0.500, li_recovered:  12.432
L: 0.50, u_super: 0.00324, sec: 13556.738, prod: 0.001872, t_ads: 138.0, t_des: 230.0, bed_util_ads: 0.393, bed_util_des: 0.384, frac_lost: 0.502, li_recovered:  0.689
L: 0.50, u_super: 0.00009, sec: 17.108, prod: 0.001142, t_ads: 10486.0, t_des: 10671.0, bed_util_ads: 0.551, bed_util_des: 0.213, frac_lost: 0.500, li_recovered:  24.152
L: 0.50, u_super: 0.00005, sec: 8.388, prod: 0.000705, t_ads: 19783.0, t_des: 16463.0, bed_util_ads: 0.615, bed_util_des: 0.257, frac_lost: 0.500, li_recovered:  25.568
L: 0.50, u_super: 0.00572, sec: 43432.777, prod: 0.001884, t_ads: 78.0, t_des: 138.0, bed_util_ads: 0.389, bed_util_des: 0.383, frac_lost: 0.505, li_recovered:  0.407
L: 0.50, u_super: 0.00006, sec: 9.307, prod: 0.000821, t_ads: 21274.0, t_des: 20213.0, bed_util_ads: 0.645, bed_util_des: 0.169, frac_lost: 0.500, li_recovered:  34.047
L: 0.50, u_super: 0.00012, sec: 24.058, prod: 0.001307, t_ads: 7795.0, t_des: 9034.0, bed_util_ads: 0.515, bed_util_des: 0.207, frac_lost: 0.500, li_recovered:  21.999
L: 0.50, u_super: 0.00704, sec: 66820.719, prod: 0.001892, t_ads: 63.0, t_des: 111.0, bed_util_ads: 0.391, bed_util_des: 0.386, frac_lost: 0.506, li_recovered:  0.329
L: 0.51, u_super: 0.00013, sec: 28.237, prod: 0.001382, t_ads: 6210.0, t_des: 6622.0, bed_util_ads: 0.493, bed_util_des: 0.245, frac_lost: 0.500, li_recovered:  17.740
L: 0.50, u_super: 0.00337, sec: 14819.270, prod: 0.001860, t_ads: 131.0, t_des: 213.0, bed_util_ads: 0.396, bed_util_des: 0.387, frac_lost: 0.500, li_recovered:  0.640
L: 0.85, u_super: 0.00072, sec: 702.990, prod: 0.001743, t_ads: 1275.0, t_des: 2668.0, bed_util_ads: 0.368, bed_util_des: 0.272, frac_lost: 0.500, li_recovered:  6.872
L: 0.50, u_super: 0.00018, sec: 51.563, prod: 0.001416, t_ads: 3219.0, t_des: 2694.0, bed_util_ads: 0.468, bed_util_des: 0.351, frac_lost: 0.500, li_recovered:  8.372
    40 |     1600 |     40 |  0.0009293938 |             f
L: 0.50, u_super: 0.00633, sec: 53704.617, prod: 0.001885, t_ads: 70.0, t_des: 122.0, bed_util_ads: 0.391, bed_util_des: 0.386, frac_lost: 0.505, li_recovered:  0.362
L: 0.58, u_super: 0.00600, sec: 48084.332, prod: 0.001880, t_ads: 86.0, t_des: 170.0, bed_util_ads: 0.376, bed_util_des: 0.369, frac_lost: 0.505, li_recovered:  0.481
L: 0.50, u_super: 0.00008, sec: 20.068, prod: 0.000799, t_ads: 6939.0, t_des: 4636.0, bed_util_ads: 0.515, bed_util_des: 0.386, frac_lost: 0.500, li_recovered:  9.243
L: 0.50, u_super: 0.00465, sec: 28697.242, prod: 0.001857, t_ads: 96.0, t_des: 206.0, bed_util_ads: 0.366, bed_util_des: 0.358, frac_lost: 0.503, li_recovered:  0.561
L: 0.50, u_super: 0.00636, sec: 53998.234, prod: 0.001891, t_ads: 70.0, t_des: 133.0, bed_util_ads: 0.382, bed_util_des: 0.376, frac_lost: 0.506, li_recovered:  0.384
L: 0.50, u_super: 0.00011, sec: 24.625, prod: 0.001228, t_ads: 6236.0, t_des: 5506.0, bed_util_ads: 0.501, bed_util_des: 0.299, frac_lost: 0.500, li_recovered:  14.425
L: 0.50, u_super: 0.00082, sec: 1187.837, prod: 0.001326, t_ads: 626.0, t_des: 3185.0, bed_util_ads: 0.281, bed_util_des: 0.210, frac_lost: 0.500, li_recovered:  5.052
L: 0.61, u_super: 0.00360, sec: 16922.738, prod: 0.001864, t_ads: 150.0, t_des: 247.0, bed_util_ads: 0.394, bed_util_des: 0.384, frac_lost: 0.501, li_recovered:  0.740
L: 0.50, u_super: 0.00290, sec: 10858.719, prod: 0.001865, t_ads: 154.0, t_des: 253.0, bed_util_ads: 0.394, bed_util_des: 0.384, frac_lost: 0.501, li_recovered:  0.759
L: 0.50, u_super: 0.00046, sec: 272.621, prod: 0.001789, t_ads: 1077.0, t_des: 1367.0, bed_util_ads: 0.414, bed_util_des: 0.353, frac_lost: 0.500, li_recovered:  4.372
L: 0.50, u_super: 0.00017, sec: 44.664, prod: 0.001525, t_ads: 3778.0, t_des: 3758.0, bed_util_ads: 0.460, bed_util_des: 0.300, frac_lost: 0.500, li_recovered:  11.495
L: 0.50, u_super: 0.00603, sec: 111273.461, prod: 0.000820, t_ads: 75.0, t_des: 963.0, bed_util_ads: 0.196, bed_util_des: 0.184, frac_lost: 0.506, li_recovered:  0.851
L: 0.50, u_super: 0.00695, sec: 65045.445, prod: 0.001890, t_ads: 64.0, t_des: 127.0, bed_util_ads: 0.377, bed_util_des: 0.372, frac_lost: 0.506, li_recovered:  0.361
L: 0.50, u_super: 0.00594, sec: 84133.531, prod: 0.001052, t_ads: 75.0, t_des: 653.0, bed_util_ads: 0.227, bed_util_des: 0.216, frac_lost: 0.501, li_recovered:  0.766
L: 0.50, u_super: 0.00033, sec: 148.448, prod: 0.001746, t_ads: 1730.0, t_des: 2999.0, bed_util_ads: 0.390, bed_util_des: 0.275, frac_lost: 0.500, li_recovered:  8.255
L: 0.50, u_super: 0.00014, sec: 30.056, prod: 0.001413, t_ads: 6150.0, t_des: 7329.0, bed_util_ads: 0.489, bed_util_des: 0.222, frac_lost: 0.500, li_recovered:  19.043
L: 0.50, u_super: 0.00029, sec: 116.549, prod: 0.001650, t_ads: 1821.0, t_des: 1811.0, bed_util_ads: 0.441, bed_util_des: 0.357, frac_lost: 0.500, li_recovered:  5.994
L: 0.50, u_super: 0.00021, sec: 66.487, prod: 0.001587, t_ads: 3393.0, t_des: 5815.0, bed_util_ads: 0.422, bed_util_des: 0.218, frac_lost: 0.500, li_recovered:  14.616
L: 0.50, u_super: 0.00005, sec: 8.932, prod: 0.000759, t_ads: 19143.0, t_des: 16414.0, bed_util_ads: 0.616, bed_util_des: 0.239, frac_lost: 0.500, li_recovered:  27.000
L: 0.50, u_super: 0.00016, sec: 47.432, prod: 0.001291, t_ads: 5788.0, t_des: 12244.0, bed_util_ads: 0.469, bed_util_des: 0.143, frac_lost: 0.500, li_recovered:  23.288
L: 0.50, u_super: 0.00694, sec: 67845.891, prod: 0.001804, t_ads: 64.0, t_des: 79.0, bed_util_ads: 0.434, bed_util_des: 0.430, frac_lost: 0.507, li_recovered:  0.258
L: 0.52, u_super: 0.00337, sec: 36863.691, prod: 0.000746, t_ads: 142.0, t_des: 2028.0, bed_util_ads: 0.189, bed_util_des: 0.166, frac_lost: 0.503, li_recovered:  1.618
L: 0.82, u_super: 0.00575, sec: 45062.965, prod: 0.001838, t_ads: 127.0, t_des: 284.0, bed_util_ads: 0.360, bed_util_des: 0.349, frac_lost: 0.502, li_recovered:  0.755
L: 0.53, u_super: 0.00188, sec: 4488.105, prod: 0.001865, t_ads: 254.0, t_des: 458.0, bed_util_ads: 0.381, bed_util_des: 0.363, frac_lost: 0.502, li_recovered:  1.328
L: 0.50, u_super: 0.00025, sec: 87.310, prod: 0.001618, t_ads: 2781.0, t_des: 5190.0, bed_util_ads: 0.405, bed_util_des: 0.224, frac_lost: 0.500, li_recovered:  12.898
L: 0.50, u_super: 0.00008, sec: 18.427, prod: 0.000903, t_ads: 7662.0, t_des: 5702.0, bed_util_ads: 0.520, bed_util_des: 0.351, frac_lost: 0.500, li_recovered:  12.068
L: 0.50, u_super: 0.00073, sec: 675.664, prod: 0.001846, t_ads: 649.0, t_des: 1014.0, bed_util_ads: 0.393, bed_util_des: 0.350, frac_lost: 0.500, li_recovered:  3.070
L: 0.55, u_super: 0.00558, sec: 41332.145, prod: 0.001883, t_ads: 88.0, t_des: 154.0, bed_util_ads: 0.390, bed_util_des: 0.384, frac_lost: 0.504, li_recovered:  0.456
L: 0.50, u_super: 0.00013, sec: 27.763, prod: 0.001374, t_ads: 6736.0, t_des: 8059.0, bed_util_ads: 0.498, bed_util_des: 0.214, frac_lost: 0.500, li_recovered:  20.336
L: 0.50, u_super: 0.00008, sec: 13.464, prod: 0.001014, t_ads: 13699.0, t_des: 13504.0, bed_util_ads: 0.585, bed_util_des: 0.199, frac_lost: 0.500, li_recovered:  27.577
L: 0.63, u_super: 0.00013, sec: 42.164, prod: 0.000884, t_ads: 5402.0, t_des: 3561.0, bed_util_ads: 0.506, bed_util_des: 0.395, frac_lost: 0.500, li_recovered:  7.920
L: 0.55, u_super: 0.00557, sec: 41300.113, prod: 0.001875, t_ads: 88.0, t_des: 150.0, bed_util_ads: 0.393, bed_util_des: 0.386, frac_lost: 0.503, li_recovered:  0.446
L: 0.50, u_super: 0.00060, sec: 485.215, prod: 0.001753, t_ads: 775.0, t_des: 882.0, bed_util_ads: 0.428, bed_util_des: 0.387, frac_lost: 0.500, li_recovered:  2.905
L: 0.51, u_super: 0.00525, sec: 36762.402, prod: 0.001867, t_ads: 86.0, t_des: 169.0, bed_util_ads: 0.376, bed_util_des: 0.369, frac_lost: 0.502, li_recovered:  0.476
L: 0.53, u_super: 0.00188, sec: 4487.772, prod: 0.001865, t_ads: 254.0, t_des: 457.0, bed_util_ads: 0.381, bed_util_des: 0.363, frac_lost: 0.501, li_recovered:  1.326
L: 0.68, u_super: 0.00600, sec: 48153.848, prod: 0.001877, t_ads: 101.0, t_des: 184.0, bed_util_ads: 0.384, bed_util_des: 0.377, frac_lost: 0.504, li_recovered:  0.535
L: 0.50, u_super: 0.00402, sec: 21225.295, prod: 0.001860, t_ads: 110.0, t_des: 167.0, bed_util_ads: 0.405, bed_util_des: 0.398, frac_lost: 0.503, li_recovered:  0.515
L: 0.50, u_super: 0.00324, sec: 13642.702, prod: 0.001862, t_ads: 138.0, t_des: 268.0, bed_util_ads: 0.375, bed_util_des: 0.365, frac_lost: 0.501, li_recovered:  0.756
L: 0.50, u_super: 0.00007, sec: 12.694, prod: 0.000893, t_ads: 12613.0, t_des: 10777.0, bed_util_ads: 0.566, bed_util_des: 0.273, frac_lost: 0.500, li_recovered:  20.898
L: 0.52, u_super: 0.00006, sec: 13.939, prod: 0.000664, t_ads: 10170.0, t_des: 6886.0, bed_util_ads: 0.534, bed_util_des: 0.376, frac_lost: 0.500, li_recovered:  11.320
    41 |     1640 |     40 |  0.0011096896 |             f
L: 0.57, u_super: 0.00606, sec: 49679.016, prod: 0.001859, t_ads: 84.0, t_des: 185.0, bed_util_ads: 0.364, bed_util_des: 0.357, frac_lost: 0.505, li_recovered:  0.500
L: 0.53, u_super: 0.00465, sec: 39420.961, prod: 0.001351, t_ads: 102.0, t_des: 564.0, bed_util_ads: 0.267, bed_util_des: 0.254, frac_lost: 0.500, li_recovered:  0.900
L: 0.50, u_super: 0.00019, sec: 50.435, prod: 0.001603, t_ads: 3577.0, t_des: 4197.0, bed_util_ads: 0.447, bed_util_des: 0.272, frac_lost: 0.500, li_recovered:  12.461
L: 0.56, u_super: 0.00526, sec: 36881.645, prod: 0.001865, t_ads: 94.0, t_des: 194.0, bed_util_ads: 0.370, bed_util_des: 0.363, frac_lost: 0.505, li_recovered:  0.537
L: 0.50, u_super: 0.00009, sec: 15.557, prod: 0.001087, t_ads: 12202.0, t_des: 12792.0, bed_util_ads: 0.571, bed_util_des: 0.191, frac_lost: 0.500, li_recovered:  27.180
L: 0.53, u_super: 0.00188, sec: 4524.794, prod: 0.001849, t_ads: 252.0, t_des: 375.0, bed_util_ads: 0.403, bed_util_des: 0.387, frac_lost: 0.501, li_recovered:  1.160
L: 0.50, u_super: 0.00356, sec: 16519.332, prod: 0.001866, t_ads: 125.0, t_des: 229.0, bed_util_ads: 0.382, bed_util_des: 0.373, frac_lost: 0.502, li_recovered:  0.661
L: 0.50, u_super: 0.00061, sec: 481.547, prod: 0.001831, t_ads: 784.0, t_des: 1143.0, bed_util_ads: 0.400, bed_util_des: 0.351, frac_lost: 0.500, li_recovered:  3.529
L: 0.50, u_super: 0.00415, sec: 22486.129, prod: 0.001875, t_ads: 107.0, t_des: 183.0, bed_util_ads: 0.391, bed_util_des: 0.384, frac_lost: 0.503, li_recovered:  0.544
L: 0.50, u_super: 0.00075, sec: 1746.010, prod: 0.000749, t_ads: 751.0, t_des: 9115.0, bed_util_ads: 0.226, bed_util_des: 0.123, frac_lost: 0.500, li_recovered:  7.387
L: 0.58, u_super: 0.00571, sec: 43331.141, prod: 0.001885, t_ads: 90.0, t_des: 159.0, bed_util_ads: 0.389, bed_util_des: 0.382, frac_lost: 0.504, li_recovered:  0.469
L: 0.50, u_super: 0.00025, sec: 82.729, prod: 0.001698, t_ads: 2429.0, t_des: 3006.0, bed_util_ads: 0.426, bed_util_des: 0.297, frac_lost: 0.500, li_recovered:  9.229
L: 0.50, u_super: 0.00250, sec: 13511.572, prod: 0.001108, t_ads: 185.0, t_des: 1433.0, bed_util_ads: 0.237, bed_util_des: 0.212, frac_lost: 0.500, li_recovered:  1.793
L: 0.50, u_super: 0.00005, sec: 8.736, prod: 0.000666, t_ads: 17159.0, t_des: 13422.0, bed_util_ads: 0.588, bed_util_des: 0.303, frac_lost: 0.500, li_recovered:  20.359
L: 0.50, u_super: 0.00323, sec: 13505.436, prod: 0.001865, t_ads: 138.0, t_des: 250.0, bed_util_ads: 0.383, bed_util_des: 0.373, frac_lost: 0.501, li_recovered:  0.724
L: 0.51, u_super: 0.00504, sec: 67034.297, prod: 0.000940, t_ads: 91.0, t_des: 939.0, bed_util_ads: 0.213, bed_util_des: 0.199, frac_lost: 0.501, li_recovered:  0.968
L: 0.50, u_super: 0.00056, sec: 564.080, prod: 0.001296, t_ads: 1012.0, t_des: 4914.0, bed_util_ads: 0.296, bed_util_des: 0.188, frac_lost: 0.500, li_recovered:  7.683
L: 0.50, u_super: 0.00648, sec: 101389.617, prod: 0.001048, t_ads: 69.0, t_des: 610.0, bed_util_ads: 0.226, bed_util_des: 0.216, frac_lost: 0.503, li_recovered:  0.712
L: 0.51, u_super: 0.00011, sec: 21.026, prod: 0.001230, t_ads: 8608.0, t_des: 8842.0, bed_util_ads: 0.528, bed_util_des: 0.227, frac_lost: 0.500, li_recovered:  21.461
L: 0.54, u_super: 0.00019, sec: 64.459, prod: 0.001279, t_ads: 3045.0, t_des: 2271.0, bed_util_ads: 0.478, bed_util_des: 0.383, frac_lost: 0.500, li_recovered:  6.801
L: 0.50, u_super: 0.00008, sec: 14.678, prod: 0.001043, t_ads: 12097.0, t_des: 11569.0, bed_util_ads: 0.567, bed_util_des: 0.222, frac_lost: 0.500, li_recovered:  24.681
L: 0.50, u_super: 0.00586, sec: 46020.504, prod: 0.001871, t_ads: 76.0, t_des: 151.0, bed_util_ads: 0.375, bed_util_des: 0.370, frac_lost: 0.504, li_recovered:  0.425
L: 0.50, u_super: 0.00006, sec: 10.881, prod: 0.000886, t_ads: 16505.0, t_des: 15169.0, bed_util_ads: 0.605, bed_util_des: 0.213, frac_lost: 0.500, li_recovered:  28.072
L: 0.50, u_super: 0.00633, sec: 54215.020, prod: 0.001867, t_ads: 70.0, t_des: 149.0, bed_util_ads: 0.368, bed_util_des: 0.363, frac_lost: 0.503, li_recovered:  0.409
L: 0.50, u_super: 0.00694, sec: 64530.117, prod: 0.001897, t_ads: 64.0, t_des: 113.0, bed_util_ads: 0.391, bed_util_des: 0.386, frac_lost: 0.506, li_recovered:  0.336
L: 0.50, u_super: 0.00124, sec: 1970.385, prod: 0.001836, t_ads: 367.0, t_des: 522.0, bed_util_ads: 0.406, bed_util_des: 0.384, frac_lost: 0.500, li_recovered:  1.632
L: 0.50, u_super: 0.00006, sec: 9.936, prod: 0.000800, t_ads: 16727.0, t_des: 14335.0, bed_util_ads: 0.599, bed_util_des: 0.251, frac_lost: 0.500, li_recovered:  24.864
L: 0.72, u_super: 0.00696, sec: 65816.031, prod: 0.001875, t_ads: 91.0, t_des: 167.0, bed_util_ads: 0.384, bed_util_des: 0.377, frac_lost: 0.503, li_recovered:  0.484
L: 0.50, u_super: 0.00016, sec: 40.469, prod: 0.001534, t_ads: 4328.0, t_des: 4852.0, bed_util_ads: 0.461, bed_util_des: 0.264, frac_lost: 0.500, li_recovered:  14.083
L: 0.52, u_super: 0.00010, sec: 22.526, prod: 0.000970, t_ads: 6926.0, t_des: 5232.0, bed_util_ads: 0.513, bed_util_des: 0.348, frac_lost: 0.500, li_recovered:  11.798
L: 0.50, u_super: 0.00019, sec: 57.013, prod: 0.001418, t_ads: 4508.0, t_des: 9175.0, bed_util_ads: 0.441, bed_util_des: 0.169, frac_lost: 0.500, li_recovered:  19.401
L: 0.50, u_super: 0.00007, sec: 12.522, prod: 0.000969, t_ads: 15855.0, t_des: 16371.0, bed_util_ads: 0.607, bed_util_des: 0.170, frac_lost: 0.500, li_recovered:  31.227
L: 0.50, u_super: 0.00009, sec: 24.553, prod: 0.000795, t_ads: 5804.0, t_des: 3649.0, bed_util_ads: 0.510, bed_util_des: 0.405, frac_lost: 0.500, li_recovered:  7.519
L: 0.50, u_super: 0.00073, sec: 675.471, prod: 0.001846, t_ads: 653.0, t_des: 1098.0, bed_util_ads: 0.385, bed_util_des: 0.340, frac_lost: 0.500, li_recovered:  3.233
L: 0.50, u_super: 0.00662, sec: 59206.914, prod: 0.001877, t_ads: 67.0, t_des: 135.0, bed_util_ads: 0.375, bed_util_des: 0.370, frac_lost: 0.505, li_recovered:  0.379
L: 0.50, u_super: 0.00013, sec: 34.659, prod: 0.001047, t_ads: 4361.0, t_des: 3023.0, bed_util_ads: 0.495, bed_util_des: 0.387, frac_lost: 0.500, li_recovered:  7.731
L: 0.50, u_super: 0.00010, sec: 19.202, prod: 0.001195, t_ads: 9599.0, t_des: 10146.0, bed_util_ads: 0.540, bed_util_des: 0.210, frac_lost: 0.500, li_recovered:  23.592
L: 0.50, u_super: 0.00132, sec: 2206.451, prod: 0.001859, t_ads: 348.0, t_des: 646.0, bed_util_ads: 0.377, bed_util_des: 0.351, frac_lost: 0.501, li_recovered:  1.848
L: 0.83, u_super: 0.00029, sec: 126.520, prod: 0.001520, t_ads: 3578.0, t_des: 3445.0, bed_util_ads: 0.460, bed_util_des: 0.311, frac_lost: 0.500, li_recovered:  10.676
L: 0.53, u_super: 0.00430, sec: 24221.266, prod: 0.001875, t_ads: 109.0, t_des: 186.0, bed_util_ads: 0.392, bed_util_des: 0.384, frac_lost: 0.504, li_recovered:  0.553
    42 |     1680 |     40 |  0.0027409821 |             f
L: 0.50, u_super: 0.00579, sec: 45652.082, prod: 0.001840, t_ads: 77.0, t_des: 181.0, bed_util_ads: 0.357, bed_util_des: 0.350, frac_lost: 0.504, li_recovered:  0.475
L: 0.50, u_super: 0.00026, sec: 94.248, prod: 0.001714, t_ads: 2308.0, t_des: 3455.0, bed_util_ads: 0.411, bed_util_des: 0.272, frac_lost: 0.500, li_recovered:  9.877
L: 0.50, u_super: 0.00011, sec: 23.543, prod: 0.001158, t_ads: 10048.0, t_des: 15040.0, bed_util_ads: 0.547, bed_util_des: 0.141, frac_lost: 0.500, li_recovered:  29.052
L: 0.50, u_super: 0.00394, sec: 32072.416, prod: 0.001186, t_ads: 114.0, t_des: 802.0, bed_util_ads: 0.245, bed_util_des: 0.230, frac_lost: 0.501, li_recovered:  1.086
L: 0.50, u_super: 0.00220, sec: 6918.345, prod: 0.001677, t_ads: 207.0, t_des: 668.0, bed_util_ads: 0.319, bed_util_des: 0.298, frac_lost: 0.500, li_recovered:  1.467
L: 0.50, u_super: 0.00305, sec: 11988.264, prod: 0.001869, t_ads: 146.0, t_des: 270.0, bed_util_ads: 0.381, bed_util_des: 0.370, frac_lost: 0.502, li_recovered:  0.778
L: 0.50, u_super: 0.00010, sec: 18.293, prod: 0.001143, t_ads: 11163.0, t_des: 13085.0, bed_util_ads: 0.561, bed_util_des: 0.173, frac_lost: 0.500, li_recovered:  27.726
L: 0.53, u_super: 0.00237, sec: 7250.328, prod: 0.001861, t_ads: 199.0, t_des: 372.0, bed_util_ads: 0.378, bed_util_des: 0.363, frac_lost: 0.501, li_recovered:  1.063
L: 0.50, u_super: 0.00012, sec: 23.847, prod: 0.001310, t_ads: 7179.0, t_des: 7427.0, bed_util_ads: 0.508, bed_util_des: 0.240, frac_lost: 0.500, li_recovered:  19.129
L: 0.50, u_super: 0.00016, sec: 40.471, prod: 0.001534, t_ads: 4329.0, t_des: 4853.0, bed_util_ads: 0.461, bed_util_des: 0.264, frac_lost: 0.500, li_recovered:  14.085
L: 0.51, u_super: 0.00024, sec: 80.782, prod: 0.001622, t_ads: 2930.0, t_des: 5177.0, bed_util_ads: 0.411, bed_util_des: 0.227, frac_lost: 0.500, li_recovered:  13.146
L: 0.65, u_super: 0.00025, sec: 95.104, prod: 0.001563, t_ads: 3829.0, t_des: 6215.0, bed_util_ads: 0.434, bed_util_des: 0.215, frac_lost: 0.500, li_recovered:  15.701
L: 0.50, u_super: 0.00651, sec: 57027.184, prod: 0.001878, t_ads: 68.0, t_des: 118.0, bed_util_ads: 0.392, bed_util_des: 0.387, frac_lost: 0.504, li_recovered:  0.349
L: 0.50, u_super: 0.00301, sec: 11728.835, prod: 0.001863, t_ads: 148.0, t_des: 256.0, bed_util_ads: 0.388, bed_util_des: 0.378, frac_lost: 0.501, li_recovered:  0.753
L: 0.50, u_super: 0.00029, sec: 110.762, prod: 0.001736, t_ads: 1962.0, t_des: 2500.0, bed_util_ads: 0.419, bed_util_des: 0.310, frac_lost: 0.500, li_recovered:  7.748
L: 0.50, u_super: 0.00525, sec: 36946.352, prod: 0.001860, t_ads: 84.0, t_des: 165.0, bed_util_ads: 0.376, bed_util_des: 0.369, frac_lost: 0.501, li_recovered:  0.463
L: 0.50, u_super: 0.00094, sec: 2127.454, prod: 0.000983, t_ads: 547.0, t_des: 4709.0, bed_util_ads: 0.239, bed_util_des: 0.166, frac_lost: 0.500, li_recovered:  5.166
L: 0.50, u_super: 0.00007, sec: 11.319, prod: 0.000894, t_ads: 18954.0, t_des: 20453.0, bed_util_ads: 0.635, bed_util_des: 0.142, frac_lost: 0.500, li_recovered:  35.240
L: 0.50, u_super: 0.00054, sec: 697.591, prod: 0.000987, t_ads: 1107.0, t_des: 8323.0, bed_util_ads: 0.271, bed_util_des: 0.141, frac_lost: 0.500, li_recovered:  9.309
L: 0.50, u_super: 0.00061, sec: 525.796, prod: 0.001677, t_ads: 844.0, t_des: 2328.0, bed_util_ads: 0.338, bed_util_des: 0.263, frac_lost: 0.500, li_recovered:  5.320
L: 0.55, u_super: 0.00128, sec: 2126.888, prod: 0.001829, t_ads: 388.0, t_des: 538.0, bed_util_ads: 0.409, bed_util_des: 0.385, frac_lost: 0.500, li_recovered:  1.694
L: 0.87, u_super: 0.00745, sec: 75865.109, prod: 0.001876, t_ads: 103.0, t_des: 173.0, bed_util_ads: 0.394, bed_util_des: 0.386, frac_lost: 0.504, li_recovered:  0.518
L: 0.50, u_super: 0.00005, sec: 8.033, prod: 0.000724, t_ads: 22388.0, t_des: 19397.0, bed_util_ads: 0.639, bed_util_des: 0.216, frac_lost: 0.500, li_recovered:  30.253
L: 0.50, u_super: 0.00032, sec: 146.279, prod: 0.001581, t_ads: 1566.0, t_des: 1404.0, bed_util_ads: 0.451, bed_util_des: 0.385, frac_lost: 0.500, li_recovered:  4.697
L: 0.50, u_super: 0.00503, sec: 34259.023, prod: 0.001830, t_ads: 89.0, t_des: 214.0, bed_util_ads: 0.353, bed_util_des: 0.345, frac_lost: 0.505, li_recovered:  0.554
L: 0.50, u_super: 0.00631, sec: 53002.227, prod: 0.001895, t_ads: 71.0, t_des: 127.0, bed_util_ads: 0.389, bed_util_des: 0.384, frac_lost: 0.506, li_recovered:  0.375
L: 0.66, u_super: 0.00334, sec: 14462.180, prod: 0.001870, t_ads: 176.0, t_des: 327.0, bed_util_ads: 0.380, bed_util_des: 0.366, frac_lost: 0.502, li_recovered:  0.940
L: 0.50, u_super: 0.00021, sec: 64.514, prod: 0.001648, t_ads: 2889.0, t_des: 3298.0, bed_util_ads: 0.438, bed_util_des: 0.296, frac_lost: 0.500, li_recovered:  10.196
L: 0.50, u_super: 0.00013, sec: 27.426, prod: 0.001359, t_ads: 7014.0, t_des: 8670.0, bed_util_ads: 0.502, bed_util_des: 0.204, frac_lost: 0.500, li_recovered:  21.308
L: 0.72, u_super: 0.00570, sec: 43698.141, prod: 0.001864, t_ads: 111.0, t_des: 187.0, bed_util_ads: 0.393, bed_util_des: 0.385, frac_lost: 0.501, li_recovered:  0.555
L: 0.50, u_super: 0.00011, sec: 22.090, prod: 0.001162, t_ads: 6966.0, t_des: 6056.0, bed_util_ads: 0.510, bed_util_des: 0.298, frac_lost: 0.500, li_recovered:  15.133
L: 0.50, u_super: 0.00626, sec: 53179.996, prod: 0.001861, t_ads: 71.0, t_des: 152.0, bed_util_ads: 0.368, bed_util_des: 0.362, frac_lost: 0.502, li_recovered:  0.415
L: 0.50, u_super: 0.00013, sec: 28.127, prod: 0.001385, t_ads: 6516.0, t_des: 7571.0, bed_util_ads: 0.495, bed_util_des: 0.222, frac_lost: 0.500, li_recovered:  19.513
L: 0.50, u_super: 0.00036, sec: 183.158, prod: 0.001671, t_ads: 1633.0, t_des: 3672.0, bed_util_ads: 0.368, bed_util_des: 0.244, frac_lost: 0.500, li_recovered:  8.867
L: 0.58, u_super: 0.00600, sec: 50209.605, prod: 0.001801, t_ads: 86.0, t_des: 222.0, bed_util_ads: 0.345, bed_util_des: 0.338, frac_lost: 0.503, li_recovered:  0.555
L: 0.50, u_super: 0.00412, sec: 22219.113, prod: 0.001870, t_ads: 108.0, t_des: 184.0, bed_util_ads: 0.392, bed_util_des: 0.384, frac_lost: 0.503, li_recovered:  0.546
L: 0.51, u_super: 0.00137, sec: 2392.918, prod: 0.001860, t_ads: 334.0, t_des: 568.0, bed_util_ads: 0.386, bed_util_des: 0.363, frac_lost: 0.501, li_recovered:  1.678
L: 0.50, u_super: 0.00005, sec: 9.480, prod: 0.000730, t_ads: 16374.0, t_des: 13293.0, bed_util_ads: 0.588, bed_util_des: 0.285, frac_lost: 0.500, li_recovered:  21.665
L: 0.50, u_super: 0.00005, sec: 8.735, prod: 0.000745, t_ads: 19572.0, t_des: 16686.0, bed_util_ads: 0.618, bed_util_des: 0.240, frac_lost: 0.500, li_recovered:  27.002
L: 0.50, u_super: 0.00016, sec: 45.641, prod: 0.001360, t_ads: 3508.0, t_des: 2869.0, bed_util_ads: 0.473, bed_util_des: 0.352, frac_lost: 0.500, li_recovered:  8.674
    43 |     1720 |     40 |  0.0016743703 |             f
L: 0.50, u_super: 0.00082, sec: 1055.155, prod: 0.001510, t_ads: 609.0, t_des: 2366.0, bed_util_ads: 0.303, bed_util_des: 0.240, frac_lost: 0.500, li_recovered:  4.492
L: 0.50, u_super: 0.00604, sec: 49016.664, prod: 0.001874, t_ads: 73.0, t_des: 126.0, bed_util_ads: 0.392, bed_util_des: 0.387, frac_lost: 0.502, li_recovered:  0.373
L: 0.50, u_super: 0.00188, sec: 4545.896, prod: 0.001841, t_ads: 241.0, t_des: 512.0, bed_util_ads: 0.363, bed_util_des: 0.343, frac_lost: 0.501, li_recovered:  1.386
L: 0.50, u_super: 0.00336, sec: 14696.070, prod: 0.001864, t_ads: 132.0, t_des: 249.0, bed_util_ads: 0.379, bed_util_des: 0.369, frac_lost: 0.501, li_recovered:  0.710
L: 0.59, u_super: 0.00600, sec: 48566.203, prod: 0.001862, t_ads: 87.0, t_des: 138.0, bed_util_ads: 0.401, bed_util_des: 0.395, frac_lost: 0.501, li_recovered:  0.419
L: 0.54, u_super: 0.00558, sec: 41525.543, prod: 0.001874, t_ads: 86.0, t_des: 173.0, bed_util_ads: 0.374, bed_util_des: 0.367, frac_lost: 0.505, li_recovered:  0.485
L: 0.50, u_super: 0.00300, sec: 11672.484, prod: 0.001857, t_ads: 149.0, t_des: 287.0, bed_util_ads: 0.376, bed_util_des: 0.364, frac_lost: 0.500, li_recovered:  0.810
L: 0.55, u_super: 0.00586, sec: 45749.266, prod: 0.001881, t_ads: 83.0, t_des: 147.0, bed_util_ads: 0.389, bed_util_des: 0.383, frac_lost: 0.503, li_recovered:  0.433
L: 0.50, u_super: 0.00020, sec: 59.372, prod: 0.001630, t_ads: 3036.0, t_des: 3382.0, bed_util_ads: 0.442, bed_util_des: 0.296, frac_lost: 0.500, li_recovered:  10.462
L: 0.50, u_super: 0.00005, sec: 7.881, prod: 0.000738, t_ads: 25297.0, t_des: 23184.0, bed_util_ads: 0.667, bed_util_des: 0.166, frac_lost: 0.500, li_recovered:  35.776
L: 0.50, u_super: 0.00035, sec: 235.668, prod: 0.001183, t_ads: 2014.0, t_des: 9398.0, bed_util_ads: 0.334, bed_util_des: 0.145, frac_lost: 0.500, li_recovered:  13.498
L: 0.50, u_super: 0.00024, sec: 82.393, prod: 0.001689, t_ads: 2604.0, t_des: 3845.0, bed_util_ads: 0.416, bed_util_des: 0.264, frac_lost: 0.500, li_recovered:  10.894
L: 0.50, u_super: 0.00011, sec: 22.296, prod: 0.001155, t_ads: 6799.0, t_des: 5831.0, bed_util_ads: 0.508, bed_util_des: 0.304, frac_lost: 0.500, li_recovered:  14.589
L: 0.50, u_super: 0.00011, sec: 21.003, prod: 0.001240, t_ads: 9013.0, t_des: 10244.0, bed_util_ads: 0.533, bed_util_des: 0.199, frac_lost: 0.500, li_recovered:  23.872
L: 0.50, u_super: 0.00284, sec: 15009.893, prod: 0.001295, t_ads: 161.0, t_des: 953.0, bed_util_ads: 0.260, bed_util_des: 0.240, frac_lost: 0.500, li_recovered:  1.442
L: 0.50, u_super: 0.00616, sec: 71046.266, prod: 0.001343, t_ads: 73.0, t_des: 420.0, bed_util_ads: 0.264, bed_util_des: 0.255, frac_lost: 0.506, li_recovered:  0.662
L: 0.55, u_super: 0.00601, sec: 48190.508, prod: 0.001881, t_ads: 82.0, t_des: 153.0, bed_util_ads: 0.383, bed_util_des: 0.376, frac_lost: 0.505, li_recovered:  0.442
L: 0.50, u_super: 0.00007, sec: 15.051, prod: 0.000713, t_ads: 8932.0, t_des: 6043.0, bed_util_ads: 0.527, bed_util_des: 0.378, frac_lost: 0.500, li_recovered:  10.670
L: 0.50, u_super: 0.00019, sec: 50.425, prod: 0.001603, t_ads: 3587.0, t_des: 4234.0, bed_util_ads: 0.446, bed_util_des: 0.271, frac_lost: 0.500, li_recovered:  12.538
L: 0.66, u_super: 0.00014, sec: 41.666, prod: 0.001091, t_ads: 6115.0, t_des: 4846.0, bed_util_ads: 0.504, bed_util_des: 0.337, frac_lost: 0.500, li_recovered:  11.956
L: 0.50, u_super: 0.00412, sec: 23627.957, prod: 0.001758, t_ads: 108.0, t_des: 302.0, bed_util_ads: 0.336, bed_util_des: 0.325, frac_lost: 0.501, li_recovered:  0.721
L: 0.53, u_super: 0.00525, sec: 36905.598, prod: 0.001862, t_ads: 89.0, t_des: 174.0, bed_util_ads: 0.376, bed_util_des: 0.369, frac_lost: 0.501, li_recovered:  0.490
L: 0.50, u_super: 0.00686, sec: 63373.738, prod: 0.001890, t_ads: 65.0, t_des: 128.0, bed_util_ads: 0.378, bed_util_des: 0.373, frac_lost: 0.506, li_recovered:  0.365
L: 0.50, u_super: 0.00132, sec: 2206.505, prod: 0.001859, t_ads: 348.0, t_des: 641.0, bed_util_ads: 0.377, bed_util_des: 0.352, frac_lost: 0.501, li_recovered:  1.838
L: 0.64, u_super: 0.00011, sec: 25.115, prod: 0.001085, t_ads: 11469.0, t_des: 11283.0, bed_util_ads: 0.562, bed_util_des: 0.216, frac_lost: 0.500, li_recovered:  24.697
L: 0.50, u_super: 0.00048, sec: 297.589, prod: 0.001805, t_ads: 1025.0, t_des: 1366.0, bed_util_ads: 0.409, bed_util_des: 0.349, frac_lost: 0.500, li_recovered:  4.316
L: 0.50, u_super: 0.00009, sec: 15.569, prod: 0.001087, t_ads: 11733.0, t_des: 11761.0, bed_util_ads: 0.565, bed_util_des: 0.208, frac_lost: 0.500, li_recovered:  25.531
L: 0.50, u_super: 0.00005, sec: 8.054, prod: 0.000742, t_ads: 25091.0, t_des: 23036.0, bed_util_ads: 0.666, bed_util_des: 0.166, frac_lost: 0.500, li_recovered:  35.706
L: 0.50, u_super: 0.00019, sec: 50.683, prod: 0.001595, t_ads: 3466.0, t_des: 3820.0, bed_util_ads: 0.449, bed_util_des: 0.286, frac_lost: 0.500, li_recovered:  11.621
L: 0.50, u_super: 0.00695, sec: 64772.172, prod: 0.001899, t_ads: 64.0, t_des: 113.0, bed_util_ads: 0.391, bed_util_des: 0.386, frac_lost: 0.507, li_recovered:  0.336
L: 0.50, u_super: 0.00016, sec: 41.900, prod: 0.001502, t_ads: 3985.0, t_des: 3920.0, bed_util_ads: 0.464, bed_util_des: 0.298, frac_lost: 0.500, li_recovered:  11.876
L: 0.50, u_super: 0.00417, sec: 38678.129, prod: 0.001101, t_ads: 108.0, t_des: 864.0, bed_util_ads: 0.234, bed_util_des: 0.219, frac_lost: 0.501, li_recovered:  1.070
L: 0.55, u_super: 0.00587, sec: 46180.656, prod: 0.001870, t_ads: 83.0, t_des: 137.0, bed_util_ads: 0.397, bed_util_des: 0.391, frac_lost: 0.503, li_recovered:  0.411
L: 0.50, u_super: 0.00013, sec: 35.808, prod: 0.001041, t_ads: 4241.0, t_des: 2905.0, bed_util_ads: 0.495, bed_util_des: 0.391, frac_lost: 0.500, li_recovered:  7.436
L: 0.50, u_super: 0.00015, sec: 46.152, prod: 0.001144, t_ads: 3517.0, t_des: 2470.0, bed_util_ads: 0.487, bed_util_des: 0.392, frac_lost: 0.500, li_recovered:  6.847
L: 0.50, u_super: 0.00006, sec: 10.695, prod: 0.000891, t_ads: 18324.0, t_des: 17898.0, bed_util_ads: 0.625, bed_util_des: 0.174, frac_lost: 0.500, li_recovered:  32.283
L: 0.65, u_super: 0.00600, sec: 111355.953, prod: 0.000812, t_ads: 98.0, t_des: 1253.0, bed_util_ads: 0.196, bed_util_des: 0.181, frac_lost: 0.501, li_recovered:  1.097
L: 0.50, u_super: 0.00009, sec: 16.640, prod: 0.001107, t_ads: 10115.0, t_des: 9593.0, bed_util_ads: 0.546, bed_util_des: 0.240, frac_lost: 0.500, li_recovered:  21.816
L: 0.50, u_super: 0.00330, sec: 14150.221, prod: 0.001871, t_ads: 135.0, t_des: 243.0, bed_util_ads: 0.384, bed_util_des: 0.374, frac_lost: 0.502, li_recovered:  0.707
L: 0.50, u_super: 0.00048, sec: 455.162, prod: 0.001178, t_ads: 1268.0, t_des: 6916.0, bed_util_ads: 0.297, bed_util_des: 0.162, frac_lost: 0.500, li_recovered:  9.641
    44 |     1760 |     40 |  0.0037374714 |         nadir
L: 0.50, u_super: 0.00105, sec: 1382.137, prod: 0.001858, t_ads: 442.0, t_des: 769.0, bed_util_ads: 0.383, bed_util_des: 0.351, frac_lost: 0.501, li_recovered:  2.250
L: 0.56, u_super: 0.00011, sec: 22.307, prod: 0.001167, t_ads: 10356.0, t_des: 11160.0, bed_util_ads: 0.550, bed_util_des: 0.199, frac_lost: 0.500, li_recovered:  25.114
L: 0.50, u_super: 0.00325, sec: 23138.629, prod: 0.001102, t_ads: 140.0, t_des: 1108.0, bed_util_ads: 0.235, bed_util_des: 0.215, frac_lost: 0.502, li_recovered:  1.376
L: 0.50, u_super: 0.00006, sec: 9.910, prod: 0.000851, t_ads: 20240.0, t_des: 19754.0, bed_util_ads: 0.640, bed_util_des: 0.164, frac_lost: 0.500, li_recovered:  34.027
L: 0.57, u_super: 0.00600, sec: 48046.863, prod: 0.001882, t_ads: 84.0, t_des: 156.0, bed_util_ads: 0.383, bed_util_des: 0.377, frac_lost: 0.505, li_recovered:  0.452
L: 0.76, u_super: 0.00695, sec: 65529.133, prod: 0.001878, t_ads: 97.0, t_des: 164.0, bed_util_ads: 0.393, bed_util_des: 0.386, frac_lost: 0.504, li_recovered:  0.490
L: 0.50, u_super: 0.00412, sec: 22576.912, prod: 0.001840, t_ads: 108.0, t_des: 246.0, bed_util_ads: 0.358, bed_util_des: 0.349, frac_lost: 0.503, li_recovered:  0.651
L: 0.50, u_super: 0.00044, sec: 245.026, prod: 0.001808, t_ads: 1189.0, t_des: 1905.0, bed_util_ads: 0.391, bed_util_des: 0.313, frac_lost: 0.500, li_recovered:  5.594
L: 0.50, u_super: 0.00015, sec: 44.399, prod: 0.001166, t_ads: 3576.0, t_des: 2561.0, bed_util_ads: 0.486, bed_util_des: 0.386, frac_lost: 0.500, li_recovered:  7.158
L: 0.50, u_super: 0.00188, sec: 4953.577, prod: 0.001689, t_ads: 245.0, t_des: 765.0, bed_util_ads: 0.322, bed_util_des: 0.298, frac_lost: 0.500, li_recovered:  1.706
L: 0.50, u_super: 0.00023, sec: 83.123, prod: 0.001421, t_ads: 2263.0, t_des: 1785.0, bed_util_ads: 0.466, bed_util_des: 0.386, frac_lost: 0.500, li_recovered:  5.754
L: 0.50, u_super: 0.00005, sec: 8.192, prod: 0.000757, t_ads: 24312.0, t_des: 22479.0, bed_util_ads: 0.662, bed_util_des: 0.166, frac_lost: 0.500, li_recovered:  35.432
L: 0.50, u_super: 0.00013, sec: 27.360, prod: 0.001362, t_ads: 6954.0, t_des: 8474.0, bed_util_ads: 0.501, bed_util_des: 0.207, frac_lost: 0.500, li_recovered:  21.011
L: 0.50, u_super: 0.00410, sec: 22353.803, prod: 0.001841, t_ads: 108.0, t_des: 237.0, bed_util_ads: 0.362, bed_util_des: 0.353, frac_lost: 0.501, li_recovered:  0.635
L: 0.64, u_super: 0.00019, sec: 55.601, prod: 0.001454, t_ads: 4954.0, t_des: 5096.0, bed_util_ads: 0.475, bed_util_des: 0.271, frac_lost: 0.500, li_recovered:  14.612
L: 0.50, u_super: 0.00015, sec: 42.236, prod: 0.001242, t_ads: 3736.0, t_des: 2847.0, bed_util_ads: 0.482, bed_util_des: 0.368, frac_lost: 0.500, li_recovered:  8.175
L: 0.53, u_super: 0.00032, sec: 160.725, prod: 0.001453, t_ads: 2313.0, t_des: 6721.0, bed_util_ads: 0.368, bed_util_des: 0.185, frac_lost: 0.500, li_recovered:  13.127
L: 0.50, u_super: 0.00520, sec: 36102.516, prod: 0.001862, t_ads: 85.0, t_des: 167.0, bed_util_ads: 0.376, bed_util_des: 0.369, frac_lost: 0.500, li_recovered:  0.469
L: 0.53, u_super: 0.00184, sec: 6476.812, prod: 0.001243, t_ads: 270.0, t_des: 1684.0, bed_util_ads: 0.256, bed_util_des: 0.222, frac_lost: 0.501, li_recovered:  2.429
L: 0.50, u_super: 0.00558, sec: 41435.918, prod: 0.001878, t_ads: 79.0, t_des: 136.0, bed_util_ads: 0.392, bed_util_des: 0.387, frac_lost: 0.502, li_recovered:  0.404
L: 0.50, u_super: 0.00090, sec: 1023.313, prod: 0.001838, t_ads: 517.0, t_des: 743.0, bed_util_ads: 0.403, bed_util_des: 0.371, frac_lost: 0.500, li_recovered:  2.316
L: 0.50, u_super: 0.00007, sec: 11.520, prod: 0.000931, t_ads: 16667.0, t_des: 16330.0, bed_util_ads: 0.612, bed_util_des: 0.182, frac_lost: 0.500, li_recovered:  30.717
L: 0.50, u_super: 0.00024, sec: 78.252, prod: 0.001686, t_ads: 2505.0, t_des: 2990.0, bed_util_ads: 0.430, bed_util_des: 0.301, frac_lost: 0.500, li_recovered:  9.263
L: 0.50, u_super: 0.00169, sec: 3657.133, prod: 0.001847, t_ads: 266.0, t_des: 398.0, bed_util_ads: 0.402, bed_util_des: 0.385, frac_lost: 0.500, li_recovered:  1.226
L: 0.50, u_super: 0.00636, sec: 54452.590, prod: 0.001875, t_ads: 70.0, t_des: 121.0, bed_util_ads: 0.392, bed_util_des: 0.387, frac_lost: 0.504, li_recovered:  0.358
L: 0.50, u_super: 0.00700, sec: 204706.500, prod: 0.000610, t_ads: 64.0, t_des: 1232.0, bed_util_ads: 0.167, bed_util_des: 0.156, frac_lost: 0.503, li_recovered:  0.791
L: 0.53, u_super: 0.00024, sec: 90.715, prod: 0.001534, t_ads: 2289.0, t_des: 2006.0, bed_util_ads: 0.455, bed_util_des: 0.363, frac_lost: 0.500, li_recovered:  6.590
L: 0.50, u_super: 0.00691, sec: 113660.148, prod: 0.001068, t_ads: 65.0, t_des: 560.0, bed_util_ads: 0.228, bed_util_des: 0.219, frac_lost: 0.505, li_recovered:  0.668
L: 0.50, u_super: 0.00010, sec: 18.398, prod: 0.001181, t_ads: 9703.0, t_des: 10008.0, bed_util_ads: 0.542, bed_util_des: 0.216, frac_lost: 0.500, li_recovered:  23.274
L: 0.50, u_super: 0.00636, sec: 53860.445, prod: 0.001896, t_ads: 70.0, t_des: 122.0, bed_util_ads: 0.392, bed_util_des: 0.387, frac_lost: 0.506, li_recovered:  0.364
L: 0.55, u_super: 0.00697, sec: 65836.492, prod: 0.001879, t_ads: 70.0, t_des: 146.0, bed_util_ads: 0.371, bed_util_des: 0.365, frac_lost: 0.506, li_recovered:  0.406
L: 0.50, u_super: 0.00328, sec: 40956.004, prod: 0.000635, t_ads: 140.0, t_des: 2479.0, bed_util_ads: 0.174, bed_util_des: 0.151, frac_lost: 0.501, li_recovered:  1.664
L: 0.50, u_super: 0.00315, sec: 12826.854, prod: 0.001871, t_ads: 142.0, t_des: 236.0, bed_util_ads: 0.393, bed_util_des: 0.384, frac_lost: 0.503, li_recovered:  0.707
L: 0.50, u_super: 0.00006, sec: 10.487, prod: 0.000761, t_ads: 14387.0, t_des: 11560.0, bed_util_ads: 0.573, bed_util_des: 0.297, frac_lost: 0.500, li_recovered:  19.737
L: 0.50, u_super: 0.00023, sec: 76.597, prod: 0.001599, t_ads: 3059.0, t_des: 5575.0, bed_util_ads: 0.412, bed_util_des: 0.219, frac_lost: 0.500, li_recovered:  13.807
L: 0.51, u_super: 0.00063, sec: 835.421, prod: 0.001117, t_ads: 920.0, t_des: 5928.0, bed_util_ads: 0.273, bed_util_des: 0.166, frac_lost: 0.500, li_recovered:  7.648
L: 0.55, u_super: 0.00526, sec: 36800.926, prod: 0.001872, t_ads: 93.0, t_des: 152.0, bed_util_ads: 0.397, bed_util_des: 0.391, frac_lost: 0.505, li_recovered:  0.459
L: 0.50, u_super: 0.00540, sec: 38666.504, prod: 0.001884, t_ads: 82.0, t_des: 148.0, bed_util_ads: 0.387, bed_util_des: 0.381, frac_lost: 0.504, li_recovered:  0.433
L: 0.50, u_super: 0.00007, sec: 11.010, prod: 0.000903, t_ads: 16760.0, t_des: 15747.0, bed_util_ads: 0.610, bed_util_des: 0.199, frac_lost: 0.500, li_recovered:  29.344
L: 0.50, u_super: 0.00575, sec: 44307.598, prod: 0.001867, t_ads: 77.0, t_des: 153.0, bed_util_ads: 0.375, bed_util_des: 0.369, frac_lost: 0.502, li_recovered:  0.429
    45 |     1800 |     40 |  0.0024296934 |             f
L: 0.50, u_super: 0.00039, sec: 228.530, prod: 0.001542, t_ads: 1212.0, t_des: 1038.0, bed_util_ads: 0.457, bed_util_des: 0.409, frac_lost: 0.500, li_recovered:  3.469
L: 0.71, u_super: 0.00015, sec: 44.140, prod: 0.001255, t_ads: 8775.0, t_des: 10296.0, bed_util_ads: 0.529, bed_util_des: 0.194, frac_lost: 0.500, li_recovered:  23.938
L: 0.50, u_super: 0.00415, sec: 22435.781, prod: 0.001878, t_ads: 107.0, t_des: 187.0, bed_util_ads: 0.389, bed_util_des: 0.381, frac_lost: 0.503, li_recovered:  0.552
L: 0.51, u_super: 0.00132, sec: 2210.185, prod: 0.001856, t_ads: 357.0, t_des: 678.0, bed_util_ads: 0.374, bed_util_des: 0.347, frac_lost: 0.501, li_recovered:  1.921
L: 0.63, u_super: 0.00558, sec: 63317.918, prod: 0.001229, t_ads: 101.0, t_des: 669.0, bed_util_ads: 0.250, bed_util_des: 0.237, frac_lost: 0.501, li_recovered:  0.946
L: 0.55, u_super: 0.00574, sec: 47096.461, prod: 0.001750, t_ads: 84.0, t_des: 99.0, bed_util_ads: 0.437, bed_util_des: 0.433, frac_lost: 0.500, li_recovered:  0.320
L: 0.50, u_super: 0.00007, sec: 12.203, prod: 0.000833, t_ads: 12285.0, t_des: 9981.0, bed_util_ads: 0.559, bed_util_des: 0.300, frac_lost: 0.500, li_recovered:  18.539
L: 0.50, u_super: 0.00695, sec: 65109.039, prod: 0.001890, t_ads: 64.0, t_des: 115.0, bed_util_ads: 0.388, bed_util_des: 0.384, frac_lost: 0.507, li_recovered:  0.338
L: 0.50, u_super: 0.00006, sec: 10.300, prod: 0.000747, t_ads: 14910.0, t_des: 11968.0, bed_util_ads: 0.577, bed_util_des: 0.296, frac_lost: 0.500, li_recovered:  20.075
L: 0.50, u_super: 0.00694, sec: 65178.676, prod: 0.001878, t_ads: 64.0, t_des: 99.0, bed_util_ads: 0.406, bed_util_des: 0.402, frac_lost: 0.506, li_recovered:  0.306
L: 0.50, u_super: 0.00559, sec: 41423.898, prod: 0.001885, t_ads: 80.0, t_des: 149.0, bed_util_ads: 0.383, bed_util_des: 0.377, frac_lost: 0.505, li_recovered:  0.432
L: 0.50, u_super: 0.00032, sec: 196.830, prod: 0.001191, t_ads: 2281.0, t_des: 10002.0, bed_util_ads: 0.347, bed_util_des: 0.142, frac_lost: 0.500, li_recovered:  14.634
L: 0.55, u_super: 0.00601, sec: 48374.160, prod: 0.001878, t_ads: 81.0, t_des: 151.0, bed_util_ads: 0.383, bed_util_des: 0.377, frac_lost: 0.504, li_recovered:  0.436
L: 0.50, u_super: 0.00006, sec: 10.634, prod: 0.000879, t_ads: 17630.0, t_des: 16463.0, bed_util_ads: 0.616, bed_util_des: 0.197, frac_lost: 0.500, li_recovered:  29.967
L: 0.50, u_super: 0.00006, sec: 10.254, prod: 0.000788, t_ads: 15543.0, t_des: 12995.0, bed_util_ads: 0.586, bed_util_des: 0.272, frac_lost: 0.500, li_recovered:  22.479
L: 0.50, u_super: 0.00411, sec: 22200.342, prod: 0.001869, t_ads: 108.0, t_des: 202.0, bed_util_ads: 0.381, bed_util_des: 0.373, frac_lost: 0.502, li_recovered:  0.579
L: 0.50, u_super: 0.00008, sec: 14.332, prod: 0.001047, t_ads: 12786.0, t_des: 12728.0, bed_util_ads: 0.576, bed_util_des: 0.202, frac_lost: 0.500, li_recovered:  26.722
L: 0.50, u_super: 0.00521, sec: 36188.855, prod: 0.001868, t_ads: 85.0, t_des: 146.0, bed_util_ads: 0.392, bed_util_des: 0.386, frac_lost: 0.502, li_recovered:  0.432
L: 0.58, u_super: 0.00628, sec: 53049.637, prod: 0.001873, t_ads: 81.0, t_des: 150.0, bed_util_ads: 0.383, bed_util_des: 0.377, frac_lost: 0.502, li_recovered:  0.433
L: 0.55, u_super: 0.00575, sec: 44072.266, prod: 0.001877, t_ads: 85.0, t_des: 149.0, bed_util_ads: 0.390, bed_util_des: 0.384, frac_lost: 0.502, li_recovered:  0.439
L: 0.50, u_super: 0.00618, sec: 74303.117, prod: 0.001297, t_ads: 73.0, t_des: 449.0, bed_util_ads: 0.258, bed_util_des: 0.249, frac_lost: 0.505, li_recovered:  0.677
L: 0.53, u_super: 0.00184, sec: 4359.173, prod: 0.001843, t_ads: 260.0, t_des: 543.0, bed_util_ads: 0.364, bed_util_des: 0.344, frac_lost: 0.501, li_recovered:  1.480
L: 0.56, u_super: 0.00330, sec: 14150.523, prod: 0.001864, t_ads: 150.0, t_des: 293.0, bed_util_ads: 0.374, bed_util_des: 0.363, frac_lost: 0.502, li_recovered:  0.826
L: 0.50, u_super: 0.00631, sec: 53186.805, prod: 0.001889, t_ads: 71.0, t_des: 126.0, bed_util_ads: 0.389, bed_util_des: 0.384, frac_lost: 0.506, li_recovered:  0.372
L: 0.50, u_super: 0.00012, sec: 31.409, prod: 0.000994, t_ads: 4714.0, t_des: 3224.0, bed_util_ads: 0.499, bed_util_des: 0.389, frac_lost: 0.500, li_recovered:  7.893
L: 0.50, u_super: 0.00010, sec: 18.481, prod: 0.001177, t_ads: 9492.0, t_des: 9541.0, bed_util_ads: 0.539, bed_util_des: 0.225, frac_lost: 0.500, li_recovered:  22.406
L: 0.50, u_super: 0.00525, sec: 36488.184, prod: 0.001883, t_ads: 85.0, t_des: 164.0, bed_util_ads: 0.379, bed_util_des: 0.372, frac_lost: 0.505, li_recovered:  0.469
L: 0.93, u_super: 0.00089, sec: 1548.287, prod: 0.001205, t_ads: 1259.0, t_des: 6615.0, bed_util_ads: 0.299, bed_util_des: 0.166, frac_lost: 0.500, li_recovered:  9.489
L: 0.50, u_super: 0.00027, sec: 101.555, prod: 0.001685, t_ads: 1996.0, t_des: 2153.0, bed_util_ads: 0.434, bed_util_des: 0.336, frac_lost: 0.500, li_recovered:  6.989
L: 0.50, u_super: 0.00006, sec: 11.462, prod: 0.000647, t_ads: 11905.0, t_des: 8369.0, bed_util_ads: 0.545, bed_util_des: 0.362, frac_lost: 0.500, li_recovered:  13.123
L: 0.51, u_super: 0.00709, sec: 67697.094, prod: 0.001895, t_ads: 64.0, t_des: 109.0, bed_util_ads: 0.395, bed_util_des: 0.391, frac_lost: 0.506, li_recovered:  0.328
L: 0.50, u_super: 0.00016, sec: 40.895, prod: 0.001539, t_ads: 4288.0, t_des: 4846.0, bed_util_ads: 0.460, bed_util_des: 0.264, frac_lost: 0.500, li_recovered:  14.060
L: 0.50, u_super: 0.00021, sec: 64.630, prod: 0.001639, t_ads: 2850.0, t_des: 3134.0, bed_util_ads: 0.441, bed_util_des: 0.304, frac_lost: 0.500, li_recovered:  9.808
L: 0.50, u_super: 0.00314, sec: 12802.172, prod: 0.001864, t_ads: 141.0, t_des: 233.0, bed_util_ads: 0.394, bed_util_des: 0.384, frac_lost: 0.501, li_recovered:  0.697
L: 0.50, u_super: 0.00669, sec: 61218.652, prod: 0.001852, t_ads: 66.0, t_des: 147.0, bed_util_ads: 0.363, bed_util_des: 0.358, frac_lost: 0.502, li_recovered:  0.394
L: 0.50, u_super: 0.00699, sec: 66870.266, prod: 0.001863, t_ads: 63.0, t_des: 126.0, bed_util_ads: 0.375, bed_util_des: 0.370, frac_lost: 0.502, li_recovered:  0.352
L: 0.51, u_super: 0.00598, sec: 47683.773, prod: 0.001883, t_ads: 75.0, t_des: 126.0, bed_util_ads: 0.396, bed_util_des: 0.390, frac_lost: 0.505, li_recovered:  0.378
L: 0.50, u_super: 0.00005, sec: 7.873, prod: 0.000737, t_ads: 25322.0, t_des: 23202.0, bed_util_ads: 0.667, bed_util_des: 0.166, frac_lost: 0.500, li_recovered:  35.785
L: 0.50, u_super: 0.00599, sec: 61458.750, prod: 0.001465, t_ads: 75.0, t_des: 360.0, bed_util_ads: 0.281, bed_util_des: 0.273, frac_lost: 0.506, li_recovered:  0.637
L: 0.50, u_super: 0.00074, sec: 712.169, prod: 0.001794, t_ads: 625.0, t_des: 779.0, bed_util_ads: 0.418, bed_util_des: 0.383, frac_lost: 0.500, li_recovered:  2.519
    46 |     1840 |     40 |  0.0025941892 |             f
L: 0.50, u_super: 0.00136, sec: 2348.550, prod: 0.001859, t_ads: 337.0, t_des: 631.0, bed_util_ads: 0.376, bed_util_des: 0.351, frac_lost: 0.501, li_recovered:  1.799
L: 0.50, u_super: 0.00631, sec: 53005.816, prod: 0.001895, t_ads: 71.0, t_des: 124.0, bed_util_ads: 0.392, bed_util_des: 0.386, frac_lost: 0.506, li_recovered:  0.370
L: 0.50, u_super: 0.00015, sec: 36.965, prod: 0.001354, t_ads: 6298.0, t_des: 10462.0, bed_util_ads: 0.484, bed_util_des: 0.166, frac_lost: 0.500, li_recovered:  22.697
L: 0.50, u_super: 0.00525, sec: 36599.918, prod: 0.001875, t_ads: 84.0, t_des: 151.0, bed_util_ads: 0.387, bed_util_des: 0.381, frac_lost: 0.502, li_recovered:  0.441
L: 0.50, u_super: 0.00029, sec: 110.307, prod: 0.001741, t_ads: 2008.0, t_des: 2772.0, bed_util_ads: 0.413, bed_util_des: 0.296, frac_lost: 0.500, li_recovered:  8.321
L: 0.50, u_super: 0.00040, sec: 234.690, prod: 0.001574, t_ads: 1489.0, t_des: 4218.0, bed_util_ads: 0.348, bed_util_des: 0.222, frac_lost: 0.500, li_recovered:  8.980
L: 0.50, u_super: 0.00012, sec: 23.927, prod: 0.001305, t_ads: 7827.0, t_des: 9059.0, bed_util_ads: 0.516, bed_util_des: 0.207, frac_lost: 0.500, li_recovered:  22.040
L: 0.50, u_super: 0.00525, sec: 36848.723, prod: 0.001865, t_ads: 84.0, t_des: 161.0, bed_util_ads: 0.379, bed_util_des: 0.372, frac_lost: 0.502, li_recovered:  0.457
L: 0.55, u_super: 0.00575, sec: 51893.047, prod: 0.001599, t_ads: 85.0, t_des: 325.0, bed_util_ads: 0.304, bed_util_des: 0.294, frac_lost: 0.501, li_recovered:  0.655
L: 0.50, u_super: 0.00327, sec: 14069.214, prod: 0.001846, t_ads: 135.0, t_des: 203.0, bed_util_ads: 0.405, bed_util_des: 0.396, frac_lost: 0.501, li_recovered:  0.624
L: 0.50, u_super: 0.00695, sec: 64711.918, prod: 0.001898, t_ads: 64.0, t_des: 109.0, bed_util_ads: 0.395, bed_util_des: 0.391, frac_lost: 0.507, li_recovered:  0.328
L: 0.50, u_super: 0.00694, sec: 64648.461, prod: 0.001898, t_ads: 64.0, t_des: 113.0, bed_util_ads: 0.391, bed_util_des: 0.386, frac_lost: 0.506, li_recovered:  0.336
L: 0.50, u_super: 0.00594, sec: 47872.523, prod: 0.001851, t_ads: 74.0, t_des: 113.0, bed_util_ads: 0.406, bed_util_des: 0.402, frac_lost: 0.500, li_recovered:  0.346
L: 0.50, u_super: 0.00005, sec: 8.754, prod: 0.000781, t_ads: 24164.0, t_des: 23860.0, bed_util_ads: 0.667, bed_util_des: 0.142, frac_lost: 0.500, li_recovered:  37.506
L: 0.50, u_super: 0.00338, sec: 14821.470, prod: 0.001873, t_ads: 132.0, t_des: 241.0, bed_util_ads: 0.383, bed_util_des: 0.373, frac_lost: 0.503, li_recovered:  0.699
L: 0.50, u_super: 0.00011, sec: 21.607, prod: 0.001262, t_ads: 8426.0, t_des: 9213.0, bed_util_ads: 0.525, bed_util_des: 0.213, frac_lost: 0.500, li_recovered:  22.256
L: 0.50, u_super: 0.00016, sec: 40.582, prod: 0.001487, t_ads: 5044.0, t_des: 7245.0, bed_util_ads: 0.463, bed_util_des: 0.208, frac_lost: 0.500, li_recovered:  18.277
L: 0.50, u_super: 0.00408, sec: 21685.023, prod: 0.001877, t_ads: 109.0, t_des: 186.0, bed_util_ads: 0.392, bed_util_des: 0.384, frac_lost: 0.504, li_recovered:  0.554
L: 0.50, u_super: 0.00695, sec: 65166.223, prod: 0.001888, t_ads: 64.0, t_des: 115.0, bed_util_ads: 0.388, bed_util_des: 0.384, frac_lost: 0.507, li_recovered:  0.338
L: 0.50, u_super: 0.00005, sec: 8.123, prod: 0.000717, t_ads: 21515.0, t_des: 18342.0, bed_util_ads: 0.631, bed_util_des: 0.231, frac_lost: 0.500, li_recovered:  28.585
L: 0.50, u_super: 0.00300, sec: 11612.008, prod: 0.001866, t_ads: 149.0, t_des: 246.0, bed_util_ads: 0.394, bed_util_des: 0.384, frac_lost: 0.502, li_recovered:  0.737
L: 0.50, u_super: 0.00016, sec: 37.817, prod: 0.001510, t_ads: 4568.0, t_des: 5027.0, bed_util_ads: 0.466, bed_util_des: 0.263, frac_lost: 0.500, li_recovered:  14.491
L: 0.50, u_super: 0.00617, sec: 50657.348, prod: 0.001890, t_ads: 72.0, t_des: 125.0, bed_util_ads: 0.392, bed_util_des: 0.387, frac_lost: 0.505, li_recovered:  0.372
L: 0.50, u_super: 0.00013, sec: 27.116, prod: 0.001374, t_ads: 6389.0, t_des: 6873.0, bed_util_ads: 0.495, bed_util_des: 0.241, frac_lost: 0.500, li_recovered:  18.224
L: 0.50, u_super: 0.00009, sec: 17.156, prod: 0.001138, t_ads: 10548.0, t_des: 10719.0, bed_util_ads: 0.552, bed_util_des: 0.213, frac_lost: 0.500, li_recovered:  24.210
L: 0.50, u_super: 0.00011, sec: 27.556, prod: 0.000996, t_ads: 5320.0, t_des: 3772.0, bed_util_ads: 0.502, bed_util_des: 0.375, frac_lost: 0.500, li_recovered:  9.052
L: 0.50, u_super: 0.00718, sec: 70017.773, prod: 0.001881, t_ads: 62.0, t_des: 122.0, bed_util_ads: 0.378, bed_util_des: 0.373, frac_lost: 0.505, li_recovered:  0.346
L: 0.55, u_super: 0.00574, sec: 44293.484, prod: 0.001865, t_ads: 85.0, t_des: 171.0, bed_util_ads: 0.374, bed_util_des: 0.367, frac_lost: 0.501, li_recovered:  0.478
L: 0.50, u_super: 0.00005, sec: 7.869, prod: 0.000737, t_ads: 25326.0, t_des: 23204.0, bed_util_ads: 0.667, bed_util_des: 0.166, frac_lost: 0.500, li_recovered:  35.785
L: 0.50, u_super: 0.00021, sec: 64.372, prod: 0.001652, t_ads: 2918.0, t_des: 3411.0, bed_util_ads: 0.437, bed_util_des: 0.291, frac_lost: 0.500, li_recovered:  10.453
L: 0.90, u_super: 0.00637, sec: 54845.547, prod: 0.001867, t_ads: 125.0, t_des: 205.0, bed_util_ads: 0.396, bed_util_des: 0.387, frac_lost: 0.502, li_recovered:  0.616
L: 0.50, u_super: 0.00226, sec: 6591.102, prod: 0.001856, t_ads: 198.0, t_des: 314.0, bed_util_ads: 0.397, bed_util_des: 0.384, frac_lost: 0.501, li_recovered:  0.950
L: 0.50, u_super: 0.00045, sec: 257.660, prod: 0.001809, t_ads: 1154.0, t_des: 1874.0, bed_util_ads: 0.390, bed_util_des: 0.313, frac_lost: 0.500, li_recovered:  5.479
L: 0.50, u_super: 0.00525, sec: 36958.922, prod: 0.001859, t_ads: 84.0, t_des: 161.0, bed_util_ads: 0.379, bed_util_des: 0.372, frac_lost: 0.500, li_recovered:  0.455
L: 0.50, u_super: 0.00050, sec: 360.628, prod: 0.001631, t_ads: 1093.0, t_des: 3079.0, bed_util_ads: 0.340, bed_util_des: 0.245, frac_lost: 0.500, li_recovered:  6.805
L: 0.50, u_super: 0.00325, sec: 13756.890, prod: 0.001865, t_ads: 136.0, t_des: 234.0, bed_util_ads: 0.389, bed_util_des: 0.380, frac_lost: 0.500, li_recovered:  0.690
L: 0.50, u_super: 0.00069, sec: 623.725, prod: 0.001785, t_ads: 720.0, t_des: 1608.0, bed_util_ads: 0.356, bed_util_des: 0.298, frac_lost: 0.500, li_recovered:  4.155
L: 0.66, u_super: 0.00699, sec: 66353.781, prod: 0.001875, t_ads: 83.0, t_des: 137.0, bed_util_ads: 0.397, bed_util_des: 0.391, frac_lost: 0.502, li_recovered:  0.413
L: 0.50, u_super: 0.00184, sec: 4319.188, prod: 0.001859, t_ads: 245.0, t_des: 461.0, bed_util_ads: 0.376, bed_util_des: 0.358, frac_lost: 0.501, li_recovered:  1.312
L: 0.50, u_super: 0.00132, sec: 2329.352, prod: 0.001761, t_ads: 353.0, t_des: 926.0, bed_util_ads: 0.339, bed_util_des: 0.308, frac_lost: 0.500, li_recovered:  2.252
    47 |     1880 |     40 |  0.0027451244 |             f
L: 0.55, u_super: 0.00636, sec: 54471.816, prod: 0.001874, t_ads: 77.0, t_des: 132.0, bed_util_ads: 0.392, bed_util_des: 0.387, frac_lost: 0.504, li_recovered:  0.392
L: 0.50, u_super: 0.00018, sec: 48.035, prod: 0.001528, t_ads: 3470.0, t_des: 3337.0, bed_util_ads: 0.459, bed_util_des: 0.313, frac_lost: 0.500, li_recovered:  10.398
L: 0.50, u_super: 0.00032, sec: 143.101, prod: 0.001622, t_ads: 1594.0, t_des: 1506.0, bed_util_ads: 0.445, bed_util_des: 0.375, frac_lost: 0.500, li_recovered:  5.029
L: 0.50, u_super: 0.00695, sec: 65814.234, prod: 0.001870, t_ads: 63.0, t_des: 105.0, bed_util_ads: 0.397, bed_util_des: 0.393, frac_lost: 0.500, li_recovered:  0.314
L: 0.50, u_super: 0.00011, sec: 21.588, prod: 0.001263, t_ads: 8282.0, t_des: 8863.0, bed_util_ads: 0.523, bed_util_des: 0.220, frac_lost: 0.500, li_recovered:  21.652
L: 0.53, u_super: 0.00005, sec: 8.227, prod: 0.000705, t_ads: 27790.0, t_des: 25467.0, bed_util_ads: 0.681, bed_util_des: 0.155, frac_lost: 0.500, li_recovered:  37.563
L: 0.50, u_super: 0.00132, sec: 2208.048, prod: 0.001858, t_ads: 346.0, t_des: 643.0, bed_util_ads: 0.376, bed_util_des: 0.351, frac_lost: 0.500, li_recovered:  1.837
L: 0.50, u_super: 0.00012, sec: 23.906, prod: 0.001306, t_ads: 7046.0, t_des: 7138.0, bed_util_ads: 0.507, bed_util_des: 0.247, frac_lost: 0.500, li_recovered:  18.530
L: 0.50, u_super: 0.00005, sec: 7.862, prod: 0.000737, t_ads: 25251.0, t_des: 23072.0, bed_util_ads: 0.666, bed_util_des: 0.168, frac_lost: 0.500, li_recovered:  35.592
L: 0.50, u_super: 0.00009, sec: 20.885, prod: 0.000810, t_ads: 6659.0, t_des: 4430.0, bed_util_ads: 0.514, bed_util_des: 0.388, frac_lost: 0.500, li_recovered:  8.983
L: 0.55, u_super: 0.00558, sec: 41492.629, prod: 0.001875, t_ads: 88.0, t_des: 146.0, bed_util_ads: 0.396, bed_util_des: 0.390, frac_lost: 0.504, li_recovered:  0.439
L: 0.50, u_super: 0.00025, sec: 94.015, prod: 0.001597, t_ads: 2094.0, t_des: 1958.0, bed_util_ads: 0.448, bed_util_des: 0.357, frac_lost: 0.500, li_recovered:  6.471
L: 0.54, u_super: 0.00638, sec: 55333.410, prod: 0.001858, t_ads: 74.0, t_des: 123.0, bed_util_ads: 0.396, bed_util_des: 0.391, frac_lost: 0.500, li_recovered:  0.366
L: 0.50, u_super: 0.00015, sec: 36.038, prod: 0.001487, t_ads: 4814.0, t_des: 5219.0, bed_util_ads: 0.471, bed_util_des: 0.262, frac_lost: 0.500, li_recovered:  14.915
L: 0.50, u_super: 0.00038, sec: 224.441, prod: 0.001460, t_ads: 1666.0, t_des: 5474.0, bed_util_ads: 0.342, bed_util_des: 0.197, frac_lost: 0.500, li_recovered:  10.428
L: 0.71, u_super: 0.00349, sec: 15873.134, prod: 0.001867, t_ads: 181.0, t_des: 317.0, bed_util_ads: 0.386, bed_util_des: 0.373, frac_lost: 0.501, li_recovered:  0.930
L: 0.50, u_super: 0.00575, sec: 44251.836, prod: 0.001875, t_ads: 77.0, t_des: 128.0, bed_util_ads: 0.396, bed_util_des: 0.391, frac_lost: 0.505, li_recovered:  0.384
L: 0.50, u_super: 0.00046, sec: 269.869, prod: 0.001793, t_ads: 1160.0, t_des: 2125.0, bed_util_ads: 0.379, bed_util_des: 0.296, frac_lost: 0.500, li_recovered:  5.889
L: 0.50, u_super: 0.00013, sec: 27.388, prod: 0.001360, t_ads: 6980.0, t_des: 8559.0, bed_util_ads: 0.502, bed_util_des: 0.206, frac_lost: 0.500, li_recovered:  21.140
L: 0.50, u_super: 0.00408, sec: 24273.342, prod: 0.001677, t_ads: 110.0, t_des: 370.0, bed_util_ads: 0.316, bed_util_des: 0.305, frac_lost: 0.504, li_recovered:  0.805
L: 0.88, u_super: 0.00354, sec: 16445.922, prod: 0.001856, t_ads: 223.0, t_des: 347.0, bed_util_ads: 0.399, bed_util_des: 0.384, frac_lost: 0.502, li_recovered:  1.058
L: 0.50, u_super: 0.00006, sec: 10.561, prod: 0.000867, t_ads: 16827.0, t_des: 15276.0, bed_util_ads: 0.607, bed_util_des: 0.217, frac_lost: 0.500, li_recovered:  27.818
L: 0.50, u_super: 0.00188, sec: 4500.302, prod: 0.001860, t_ads: 239.0, t_des: 434.0, bed_util_ads: 0.380, bed_util_des: 0.363, frac_lost: 0.500, li_recovered:  1.251
L: 0.50, u_super: 0.00295, sec: 11443.996, prod: 0.001829, t_ads: 152.0, t_des: 339.0, bed_util_ads: 0.359, bed_util_des: 0.346, frac_lost: 0.500, li_recovered:  0.898
L: 0.50, u_super: 0.00695, sec: 72005.062, prod: 0.001709, t_ads: 64.0, t_des: 207.0, bed_util_ads: 0.322, bed_util_des: 0.316, frac_lost: 0.504, li_recovered:  0.463
L: 0.66, u_super: 0.00007, sec: 16.312, prod: 0.000784, t_ads: 18062.0, t_des: 15570.0, bed_util_ads: 0.609, bed_util_des: 0.240, frac_lost: 0.500, li_recovered:  26.380
L: 0.50, u_super: 0.00412, sec: 22186.516, prod: 0.001873, t_ads: 108.0, t_des: 195.0, bed_util_ads: 0.385, bed_util_des: 0.377, frac_lost: 0.504, li_recovered:  0.567
L: 0.51, u_super: 0.00330, sec: 14186.424, prod: 0.001866, t_ads: 138.0, t_des: 250.0, bed_util_ads: 0.383, bed_util_des: 0.373, frac_lost: 0.502, li_recovered:  0.724
L: 0.50, u_super: 0.00300, sec: 21223.344, prod: 0.001021, t_ads: 154.0, t_des: 1378.0, bed_util_ads: 0.225, bed_util_des: 0.203, frac_lost: 0.502, li_recovered:  1.564
L: 0.50, u_super: 0.00700, sec: 66151.711, prod: 0.001884, t_ads: 63.0, t_des: 111.0, bed_util_ads: 0.391, bed_util_des: 0.386, frac_lost: 0.502, li_recovered:  0.328
L: 0.71, u_super: 0.00184, sec: 4511.880, prod: 0.001784, t_ads: 355.0, t_des: 883.0, bed_util_ads: 0.345, bed_util_des: 0.314, frac_lost: 0.501, li_recovered:  2.209
L: 0.66, u_super: 0.00573, sec: 44034.250, prod: 0.001869, t_ads: 101.0, t_des: 188.0, bed_util_ads: 0.382, bed_util_des: 0.374, frac_lost: 0.501, li_recovered:  0.540
L: 0.50, u_super: 0.00015, sec: 35.567, prod: 0.001489, t_ads: 5022.0, t_des: 5829.0, bed_util_ads: 0.471, bed_util_des: 0.245, frac_lost: 0.500, li_recovered:  16.162
L: 0.50, u_super: 0.00631, sec: 53583.184, prod: 0.001874, t_ads: 70.0, t_des: 119.0, bed_util_ads: 0.394, bed_util_des: 0.389, frac_lost: 0.504, li_recovered:  0.354
L: 0.50, u_super: 0.00525, sec: 36791.285, prod: 0.001867, t_ads: 84.0, t_des: 158.0, bed_util_ads: 0.381, bed_util_des: 0.375, frac_lost: 0.500, li_recovered:  0.452
L: 0.92, u_super: 0.00013, sec: 40.679, prod: 0.000916, t_ads: 14205.0, t_des: 12766.0, bed_util_ads: 0.584, bed_util_des: 0.238, frac_lost: 0.500, li_recovered:  24.704
L: 0.50, u_super: 0.00006, sec: 10.137, prod: 0.000854, t_ads: 20297.0, t_des: 20151.0, bed_util_ads: 0.641, bed_util_des: 0.158, frac_lost: 0.500, li_recovered:  34.561
L: 0.50, u_super: 0.00695, sec: 72692.242, prod: 0.001693, t_ads: 63.0, t_des: 67.0, bed_util_ads: 0.453, bed_util_des: 0.449, frac_lost: 0.501, li_recovered:  0.220
L: 0.50, u_super: 0.00338, sec: 14862.442, prod: 0.001868, t_ads: 131.0, t_des: 239.0, bed_util_ads: 0.383, bed_util_des: 0.373, frac_lost: 0.502, li_recovered:  0.691
L: 0.55, u_super: 0.00484, sec: 31201.977, prod: 0.001858, t_ads: 101.0, t_des: 160.0, bed_util_ads: 0.400, bed_util_des: 0.393, frac_lost: 0.502, li_recovered:  0.485
    48 |     1920 |     40 |  0.0009427624 |             f
L: 0.50, u_super: 0.00016, sec: 44.874, prod: 0.001403, t_ads: 5329.0, t_des: 9525.0, bed_util_ads: 0.463, bed_util_des: 0.171, frac_lost: 0.500, li_recovered:  20.838
L: 0.50, u_super: 0.00300, sec: 11636.455, prod: 0.001862, t_ads: 149.0, t_des: 260.0, bed_util_ads: 0.387, bed_util_des: 0.376, frac_lost: 0.501, li_recovered:  0.762
L: 0.50, u_super: 0.00010, sec: 25.495, prod: 0.000970, t_ads: 5666.0, t_des: 4025.0, bed_util_ads: 0.505, bed_util_des: 0.373, frac_lost: 0.500, li_recovered:  9.400
L: 0.70, u_super: 0.00011, sec: 28.394, prod: 0.000928, t_ads: 10339.0, t_des: 8574.0, bed_util_ads: 0.544, bed_util_des: 0.299, frac_lost: 0.500, li_recovered:  17.548
L: 0.50, u_super: 0.00116, sec: 1693.566, prod: 0.001857, t_ads: 398.0, t_des: 714.0, bed_util_ads: 0.380, bed_util_des: 0.351, frac_lost: 0.501, li_recovered:  2.065
L: 0.55, u_super: 0.00009, sec: 16.596, prod: 0.001019, t_ads: 13640.0, t_des: 13547.0, bed_util_ads: 0.585, bed_util_des: 0.197, frac_lost: 0.500, li_recovered:  27.714
L: 0.50, u_super: 0.00045, sec: 259.883, prod: 0.001810, t_ads: 1147.0, t_des: 1879.0, bed_util_ads: 0.389, bed_util_des: 0.312, frac_lost: 0.500, li_recovered:  5.476
L: 0.55, u_super: 0.00522, sec: 36460.145, prod: 0.001857, t_ads: 93.0, t_des: 149.0, bed_util_ads: 0.399, bed_util_des: 0.393, frac_lost: 0.501, li_recovered:  0.449
L: 0.50, u_super: 0.00695, sec: 76283.883, prod: 0.001613, t_ads: 64.0, t_des: 245.0, bed_util_ads: 0.305, bed_util_des: 0.298, frac_lost: 0.504, li_recovered:  0.498
L: 0.52, u_super: 0.00013, sec: 27.908, prod: 0.001351, t_ads: 7045.0, t_des: 8150.0, bed_util_ads: 0.504, bed_util_des: 0.217, frac_lost: 0.500, li_recovered:  20.531
L: 0.50, u_super: 0.00010, sec: 19.632, prod: 0.001208, t_ads: 9589.0, t_des: 10649.0, bed_util_ads: 0.540, bed_util_des: 0.198, frac_lost: 0.500, li_recovered:  24.449
L: 0.58, u_super: 0.00408, sec: 21865.008, prod: 0.001869, t_ads: 126.0, t_des: 224.0, bed_util_ads: 0.386, bed_util_des: 0.377, frac_lost: 0.502, li_recovered:  0.654
L: 0.50, u_super: 0.00005, sec: 8.717, prod: 0.000781, t_ads: 21750.0, t_des: 19763.0, bed_util_ads: 0.643, bed_util_des: 0.190, frac_lost: 0.500, li_recovered:  32.415
L: 0.50, u_super: 0.00053, sec: 357.802, prod: 0.001819, t_ads: 955.0, t_des: 1689.0, bed_util_ads: 0.381, bed_util_des: 0.313, frac_lost: 0.500, li_recovered:  4.809
L: 0.50, u_super: 0.00007, sec: 17.049, prod: 0.000691, t_ads: 7920.0, t_des: 5048.0, bed_util_ads: 0.521, bed_util_des: 0.396, frac_lost: 0.500, li_recovered:  8.960
L: 0.54, u_super: 0.00558, sec: 41778.258, prod: 0.001863, t_ads: 85.0, t_des: 148.0, bed_util_ads: 0.390, bed_util_des: 0.384, frac_lost: 0.501, li_recovered:  0.434
L: 0.55, u_super: 0.00634, sec: 53742.320, prod: 0.001888, t_ads: 77.0, t_des: 133.0, bed_util_ads: 0.392, bed_util_des: 0.387, frac_lost: 0.504, li_recovered:  0.396
L: 0.50, u_super: 0.00698, sec: 67933.031, prod: 0.001825, t_ads: 63.0, t_des: 87.0, bed_util_ads: 0.419, bed_util_des: 0.415, frac_lost: 0.503, li_recovered:  0.274
L: 0.72, u_super: 0.00005, sec: 11.276, prod: 0.000514, t_ads: 31289.0, t_des: 24618.0, bed_util_ads: 0.660, bed_util_des: 0.259, frac_lost: 0.500, li_recovered:  28.708
L: 0.50, u_super: 0.00525, sec: 36800.211, prod: 0.001867, t_ads: 84.0, t_des: 147.0, bed_util_ads: 0.390, bed_util_des: 0.384, frac_lost: 0.500, li_recovered:  0.431
L: 0.67, u_super: 0.00358, sec: 18358.348, prod: 0.001702, t_ads: 169.0, t_des: 524.0, bed_util_ads: 0.323, bed_util_des: 0.307, frac_lost: 0.501, li_recovered:  1.180
L: 0.50, u_super: 0.00649, sec: 56827.473, prod: 0.001876, t_ads: 68.0, t_des: 119.0, bed_util_ads: 0.391, bed_util_des: 0.386, frac_lost: 0.503, li_recovered:  0.351
L: 0.86, u_super: 0.00301, sec: 11815.638, prod: 0.001851, t_ads: 256.0, t_des: 389.0, bed_util_ads: 0.401, bed_util_des: 0.384, frac_lost: 0.501, li_recovered:  1.194
L: 0.60, u_super: 0.00632, sec: 53905.133, prod: 0.001872, t_ads: 84.0, t_des: 156.0, bed_util_ads: 0.383, bed_util_des: 0.377, frac_lost: 0.501, li_recovered:  0.449
L: 0.50, u_super: 0.00023, sec: 74.490, prod: 0.001682, t_ads: 2587.0, t_des: 3122.0, bed_util_ads: 0.430, bed_util_des: 0.296, frac_lost: 0.500, li_recovered:  9.603
L: 0.50, u_super: 0.00012, sec: 26.521, prod: 0.001362, t_ads: 6524.0, t_des: 6943.0, bed_util_ads: 0.498, bed_util_des: 0.241, frac_lost: 0.500, li_recovered:  18.336
L: 0.50, u_super: 0.00020, sec: 68.742, prod: 0.001369, t_ads: 4169.0, t_des: 9945.0, bed_util_ads: 0.427, bed_util_des: 0.157, frac_lost: 0.500, li_recovered:  19.322
L: 0.50, u_super: 0.00024, sec: 95.386, prod: 0.001459, t_ads: 2075.0, t_des: 1673.0, bed_util_ads: 0.463, bed_util_des: 0.387, frac_lost: 0.500, li_recovered:  5.469
L: 0.50, u_super: 0.00531, sec: 38642.133, prod: 0.001820, t_ads: 83.0, t_des: 113.0, bed_util_ads: 0.420, bed_util_des: 0.415, frac_lost: 0.501, li_recovered:  0.357
L: 0.50, u_super: 0.00403, sec: 21301.695, prod: 0.001868, t_ads: 110.0, t_des: 186.0, bed_util_ads: 0.392, bed_util_des: 0.384, frac_lost: 0.503, li_recovered:  0.553
L: 0.50, u_super: 0.00599, sec: 47901.273, prod: 0.001882, t_ads: 74.0, t_des: 131.0, bed_util_ads: 0.389, bed_util_des: 0.384, frac_lost: 0.504, li_recovered:  0.386
L: 0.50, u_super: 0.00689, sec: 64394.980, prod: 0.001874, t_ads: 64.0, t_des: 112.0, bed_util_ads: 0.391, bed_util_des: 0.386, frac_lost: 0.502, li_recovered:  0.330
L: 0.50, u_super: 0.00300, sec: 21321.346, prod: 0.001016, t_ads: 153.0, t_des: 1378.0, bed_util_ads: 0.224, bed_util_des: 0.202, frac_lost: 0.502, li_recovered:  1.556
L: 0.50, u_super: 0.00312, sec: 12578.380, prod: 0.001866, t_ads: 143.0, t_des: 258.0, bed_util_ads: 0.384, bed_util_des: 0.373, frac_lost: 0.501, li_recovered:  0.748
L: 0.50, u_super: 0.00577, sec: 47405.180, prod: 0.001762, t_ads: 76.0, t_des: 92.0, bed_util_ads: 0.434, bed_util_des: 0.430, frac_lost: 0.501, li_recovered:  0.296
L: 0.50, u_super: 0.00013, sec: 27.133, prod: 0.001373, t_ads: 6400.0, t_des: 6881.0, bed_util_ads: 0.496, bed_util_des: 0.241, frac_lost: 0.500, li_recovered:  18.238
L: 0.50, u_super: 0.00636, sec: 54885.762, prod: 0.001860, t_ads: 69.0, t_des: 119.0, bed_util_ads: 0.392, bed_util_des: 0.387, frac_lost: 0.500, li_recovered:  0.350
L: 0.50, u_super: 0.00010, sec: 19.359, prod: 0.001082, t_ads: 7769.0, t_des: 6595.0, bed_util_ads: 0.519, bed_util_des: 0.302, frac_lost: 0.500, li_recovered:  15.547
L: 0.50, u_super: 0.00006, sec: 9.447, prod: 0.000818, t_ads: 19604.0, t_des: 17861.0, bed_util_ads: 0.628, bed_util_des: 0.200, frac_lost: 0.500, li_recovered:  30.644
L: 0.50, u_super: 0.00024, sec: 82.512, prod: 0.001609, t_ads: 2908.0, t_des: 5372.0, bed_util_ads: 0.408, bed_util_des: 0.222, frac_lost: 0.500, li_recovered:  13.324
    49 |     1960 |     40 |  0.0025576106 |             f
L: 0.50, u_super: 0.00320, sec: 13309.408, prod: 0.001866, t_ads: 139.0, t_des: 268.0, bed_util_ads: 0.376, bed_util_des: 0.365, frac_lost: 0.503, li_recovered:  0.759
L: 0.50, u_super: 0.00406, sec: 21579.969, prod: 0.001872, t_ads: 109.0, t_des: 186.0, bed_util_ads: 0.392, bed_util_des: 0.384, frac_lost: 0.502, li_recovered:  0.552
L: 0.50, u_super: 0.00695, sec: 178013.438, prod: 0.000691, t_ads: 65.0, t_des: 1066.0, bed_util_ads: 0.179, bed_util_des: 0.168, frac_lost: 0.507, li_recovered:  0.782
L: 0.54, u_super: 0.00016, sec: 42.090, prod: 0.001496, t_ads: 4704.0, t_des: 5111.0, bed_util_ads: 0.469, bed_util_des: 0.264, frac_lost: 0.500, li_recovered:  14.679
L: 0.50, u_super: 0.00009, sec: 15.556, prod: 0.001088, t_ads: 12192.0, t_des: 12770.0, bed_util_ads: 0.571, bed_util_des: 0.191, frac_lost: 0.500, li_recovered:  27.148
L: 0.55, u_super: 0.00005, sec: 9.421, prod: 0.000719, t_ads: 24677.0, t_des: 21914.0, bed_util_ads: 0.658, bed_util_des: 0.190, frac_lost: 0.500, li_recovered:  33.481
L: 0.50, u_super: 0.00009, sec: 15.599, prod: 0.001091, t_ads: 11465.0, t_des: 11377.0, bed_util_ads: 0.562, bed_util_des: 0.213, frac_lost: 0.500, li_recovered:  24.917
L: 0.58, u_super: 0.00010, sec: 26.052, prod: 0.000827, t_ads: 7151.0, t_des: 4934.0, bed_util_ads: 0.516, bed_util_des: 0.377, frac_lost: 0.500, li_recovered:  9.989
L: 0.50, u_super: 0.00019, sec: 50.426, prod: 0.001603, t_ads: 3588.0, t_des: 4234.0, bed_util_ads: 0.447, bed_util_des: 0.271, frac_lost: 0.500, li_recovered:  12.540
L: 0.54, u_super: 0.00552, sec: 40470.633, prod: 0.001878, t_ads: 87.0, t_des: 155.0, bed_util_ads: 0.388, bed_util_des: 0.381, frac_lost: 0.504, li_recovered:  0.454
L: 0.50, u_super: 0.00008, sec: 13.480, prod: 0.001013, t_ads: 14274.0, t_des: 14629.0, bed_util_ads: 0.592, bed_util_des: 0.183, frac_lost: 0.500, li_recovered:  29.264
L: 0.50, u_super: 0.00016, sec: 42.690, prod: 0.001475, t_ads: 5019.0, t_des: 7749.0, bed_util_ads: 0.460, bed_util_des: 0.197, frac_lost: 0.500, li_recovered:  18.828
L: 0.50, u_super: 0.00306, sec: 18760.742, prod: 0.001207, t_ads: 148.0, t_des: 999.0, bed_util_ads: 0.248, bed_util_des: 0.229, frac_lost: 0.500, li_recovered:  1.384
L: 0.50, u_super: 0.00019, sec: 52.993, prod: 0.001550, t_ads: 4048.0, t_des: 6414.0, bed_util_ads: 0.440, bed_util_des: 0.213, frac_lost: 0.500, li_recovered:  16.216
L: 0.50, u_super: 0.00412, sec: 22298.732, prod: 0.001869, t_ads: 107.0, t_des: 183.0, bed_util_ads: 0.391, bed_util_des: 0.384, frac_lost: 0.501, li_recovered:  0.542
L: 0.58, u_super: 0.00695, sec: 66041.812, prod: 0.001863, t_ads: 73.0, t_des: 126.0, bed_util_ads: 0.392, bed_util_des: 0.386, frac_lost: 0.500, li_recovered:  0.371
L: 0.50, u_super: 0.00011, sec: 21.588, prod: 0.001263, t_ads: 8285.0, t_des: 8869.0, bed_util_ads: 0.523, bed_util_des: 0.220, frac_lost: 0.500, li_recovered:  21.663
L: 0.50, u_super: 0.00636, sec: 54145.500, prod: 0.001886, t_ads: 70.0, t_des: 124.0, bed_util_ads: 0.389, bed_util_des: 0.384, frac_lost: 0.506, li_recovered:  0.366
L: 0.50, u_super: 0.00691, sec: 65126.723, prod: 0.001864, t_ads: 64.0, t_des: 107.0, bed_util_ads: 0.396, bed_util_des: 0.392, frac_lost: 0.501, li_recovered:  0.319
L: 0.50, u_super: 0.00014, sec: 31.670, prod: 0.001439, t_ads: 5750.0, t_des: 6750.0, bed_util_ads: 0.483, bed_util_des: 0.231, frac_lost: 0.500, li_recovered:  17.981
L: 0.58, u_super: 0.00005, sec: 11.975, prod: 0.000484, t_ads: 14545.0, t_des: 9396.0, bed_util_ads: 0.549, bed_util_des: 0.387, frac_lost: 0.500, li_recovered:  11.576
L: 0.50, u_super: 0.00636, sec: 53940.469, prod: 0.001893, t_ads: 70.0, t_des: 120.0, bed_util_ads: 0.394, bed_util_des: 0.389, frac_lost: 0.506, li_recovered:  0.360
L: 0.50, u_super: 0.00421, sec: 23324.814, prod: 0.001863, t_ads: 105.0, t_des: 179.0, bed_util_ads: 0.391, bed_util_des: 0.384, frac_lost: 0.501, li_recovered:  0.529
L: 0.50, u_super: 0.00562, sec: 42155.836, prod: 0.001874, t_ads: 79.0, t_des: 139.0, bed_util_ads: 0.389, bed_util_des: 0.384, frac_lost: 0.503, li_recovered:  0.408
L: 0.50, u_super: 0.00006, sec: 10.561, prod: 0.000867, t_ads: 16827.0, t_des: 15276.0, bed_util_ads: 0.607, bed_util_des: 0.217, frac_lost: 0.500, li_recovered:  27.818
L: 0.54, u_super: 0.00575, sec: 44385.902, prod: 0.001869, t_ads: 83.0, t_des: 137.0, bed_util_ads: 0.397, bed_util_des: 0.391, frac_lost: 0.503, li_recovered:  0.411
L: 0.50, u_super: 0.00650, sec: 66644.805, prod: 0.001604, t_ads: 69.0, t_des: 266.0, bed_util_ads: 0.304, bed_util_des: 0.296, frac_lost: 0.504, li_recovered:  0.537
L: 0.50, u_super: 0.00044, sec: 368.366, prod: 0.001234, t_ads: 1404.0, t_des: 6856.0, bed_util_ads: 0.309, bed_util_des: 0.166, frac_lost: 0.500, li_recovered:  10.194
L: 0.50, u_super: 0.00005, sec: 7.856, prod: 0.000737, t_ads: 25757.0, t_des: 23836.0, bed_util_ads: 0.671, bed_util_des: 0.159, frac_lost: 0.500, li_recovered:  36.554
L: 0.50, u_super: 0.00030, sec: 137.319, prod: 0.001516, t_ads: 2236.0, t_des: 5921.0, bed_util_ads: 0.372, bed_util_des: 0.199, frac_lost: 0.500, li_recovered:  12.367
L: 0.50, u_super: 0.00009, sec: 16.061, prod: 0.001053, t_ads: 9996.0, t_des: 9000.0, bed_util_ads: 0.543, bed_util_des: 0.263, frac_lost: 0.500, li_recovered:  20.010
L: 0.50, u_super: 0.00010, sec: 22.494, prod: 0.001086, t_ads: 6512.0, t_des: 5246.0, bed_util_ads: 0.507, bed_util_des: 0.329, frac_lost: 0.500, li_recovered:  12.765
L: 0.50, u_super: 0.00698, sec: 66026.359, prod: 0.001879, t_ads: 63.0, t_des: 118.0, bed_util_ads: 0.384, bed_util_des: 0.379, frac_lost: 0.501, li_recovered:  0.340
L: 0.50, u_super: 0.00525, sec: 36641.070, prod: 0.001871, t_ads: 85.0, t_des: 171.0, bed_util_ads: 0.374, bed_util_des: 0.367, frac_lost: 0.505, li_recovered:  0.479
L: 0.50, u_super: 0.00600, sec: 48216.738, prod: 0.001875, t_ads: 74.0, t_des: 139.0, bed_util_ads: 0.382, bed_util_des: 0.377, frac_lost: 0.502, li_recovered:  0.399
L: 0.50, u_super: 0.00010, sec: 18.698, prod: 0.001180, t_ads: 10208.0, t_des: 11357.0, bed_util_ads: 0.548, bed_util_des: 0.192, frac_lost: 0.500, li_recovered:  25.452
L: 0.50, u_super: 0.00009, sec: 17.114, prod: 0.001141, t_ads: 10412.0, t_des: 10524.0, bed_util_ads: 0.550, bed_util_des: 0.216, frac_lost: 0.500, li_recovered:  23.892
L: 0.50, u_super: 0.00006, sec: 10.508, prod: 0.000877, t_ads: 17579.0, t_des: 16359.0, bed_util_ads: 0.615, bed_util_des: 0.199, frac_lost: 0.500, li_recovered:  29.757
L: 0.65, u_super: 0.00007, sec: 14.114, prod: 0.000760, t_ads: 23184.0, t_des: 21061.0, bed_util_ads: 0.652, bed_util_des: 0.182, frac_lost: 0.500, li_recovered:  33.619
L: 0.58, u_super: 0.00008, sec: 15.034, prod: 0.000903, t_ads: 15735.0, t_des: 14455.0, bed_util_ads: 0.599, bed_util_des: 0.217, frac_lost: 0.500, li_recovered:  27.258
    50 |     2000 |     40 |  0.0002330451 |             f

================================================================================
PARETO FRONT
================================================================================
       L      u_super   des_thresh          SEC   Productivity
--------------------------------------------------------------------------------
  0.5000     0.000050       0.1593       7.8557       0.000737
  0.5006     0.006953       0.3865   64772.1719       0.001899
  0.5025     0.005255       0.3723   36488.1836       0.001883
  0.5011     0.004118       0.3838   22087.8867       0.001881
  0.5009     0.006359       0.3870   53860.4453       0.001896
  0.5007     0.006936       0.3865   64530.1172       0.001897
  0.5039     0.002997       0.3836   11612.0078       0.001866
  0.5293     0.001877       0.3629    4485.0386       0.001866
  0.5002     0.000165       0.2636      40.8954       0.001539
  0.5025     0.003383       0.3731   14821.4697       0.001873
  0.5011     0.004076       0.3840   21685.0234       0.001877
  0.5007     0.000140       0.2312      31.6582       0.001439
  0.5009     0.000528       0.3133     357.8016       0.001819
  0.5808     0.005998       0.3767   47895.2852       0.001888
  0.5004     0.000108       0.2201      21.5876       0.001263
  0.5514     0.005755       0.3908   43964.1758       0.001887
  0.5000     0.000098       0.2161      18.5991       0.001187
  0.5000     0.000077       0.1991      13.4637       0.001014
  0.5001     0.000187       0.2711      50.4250       0.001603
  0.5000     0.000063       0.1991      10.5081       0.000877
  0.5009     0.000125       0.2414      26.5210       0.001362
  0.5007     0.006166       0.3870   50657.3477       0.001890
  0.5004     0.000116       0.2405      23.8472       0.001310
  0.5544     0.005580       0.3837   41295.6797       0.001884
  0.5001     0.000058       0.1663       9.3774       0.000824
  0.5003     0.000092       0.2132      17.1081       0.001142
  0.5037     0.000214       0.2909      64.3716       0.001652
  0.5001     0.000068       0.1822      11.5201       0.000931
  0.5037     0.000245       0.2981      82.0403       0.001697
  0.5001     0.005405       0.3806   38666.5039       0.001884
  0.5001     0.000054       0.1896       8.7165       0.000781
  0.5002     0.000072       0.1705      12.5220       0.000969
  0.5037     0.000316       0.2961     131.9416       0.001760
  0.5006     0.000135       0.2224      30.0562       0.001413
  0.5008     0.000085       0.1969      15.5389       0.001089
  0.5012     0.001156       0.3508    1693.5657       0.001857
  0.5025     0.003305       0.3731   14131.8984       0.001873
  0.5037     0.000287       0.2963     110.3074       0.001741
  0.5040     0.006309       0.3836   53002.2266       0.001895
  0.5027     0.001319       0.3508    2206.4509       0.001859
================================================================================

EXTREME SOLUTIONS
--------------------------------------------------------------------------------
Minimum SEC:
  L=0.5000 m, u=0.000050 m/s, des_thresh=0.1593
  SEC=7.8557, Productivity=0.000737 mol/m³/s

Maximum Productivity:
  L=0.5006 m, u=0.006953 m/s, des_thresh=0.3865
  SEC=64772.1719, Productivity=0.001899 mol/m³/s
--------------------------------------------------------------------------------
Generations: 51
================================================================================
