L: 2.29, u_super: 0.00941, sec: 2122741.500, prod: 0.000110, t_ads: 44.0, t_des: 591.0, bed_util_ads: 0.090, bed_util_des: 0.089, frac_lost: 0.011, li_recovered:  0.070
L: 3.82, u_super: 0.00312, sec: inf, prod: 0.000000, t_ads: 157.0, t_des: 0.0, bed_util_ads: 0.221, bed_util_des: 0.221, frac_lost: 0.010, li_recovered:  0.000
L: 3.40, u_super: 0.00408, sec: inf, prod: 0.000000, t_ads: 104.0, t_des: 0.0, bed_util_ads: 0.281, bed_util_des: 0.281, frac_lost: 0.010, li_recovered:  0.000
L: 0.60, u_super: 0.00747, sec: inf, prod: 0.000000, t_ads: 16.0, t_des: 0.0, bed_util_ads: 0.278, bed_util_des: 0.278, frac_lost: 0.012, li_recovered:  0.000
L: 1.65, u_super: 0.00782, sec: 894470.188, prod: 0.000176, t_ads: 38.0, t_des: 110.0, bed_util_ads: 0.166, bed_util_des: 0.166, frac_lost: 0.011, li_recovered:  0.026
L: 2.09, u_super: 0.00137, sec: inf, prod: 0.000000, t_ads: 185.0, t_des: 0.0, bed_util_ads: 0.212, bed_util_des: 0.212, frac_lost: 0.010, li_recovered:  0.000
L: 1.21, u_super: 0.00263, sec: inf, prod: 0.000000, t_ads: 58.0, t_des: 0.0, bed_util_ads: 0.377, bed_util_des: 0.377, frac_lost: 0.010, li_recovered:  0.000
L: 1.48, u_super: 0.00483, sec: inf, prod: 0.000000, t_ads: 38.0, t_des: 0.0, bed_util_ads: 0.487, bed_util_des: 0.487, frac_lost: 0.010, li_recovered:  0.000
L: 3.87, u_super: 0.00719, sec: inf, prod: 0.000000, t_ads: 78.0, t_des: 0.0, bed_util_ads: 0.278, bed_util_des: 0.278, frac_lost: 0.010, li_recovered:  0.000
L: 1.47, u_super: 0.00163, sec: inf, prod: 0.000000, t_ads: 49.0, t_des: 0.0, bed_util_ads: 0.481, bed_util_des: 0.481, frac_lost: 0.010, li_recovered:  0.000
L: 2.31, u_super: 0.00119, sec: inf, prod: 0.000000, t_ads: 111.0, t_des: 0.0, bed_util_ads: 0.315, bed_util_des: 0.315, frac_lost: 0.010, li_recovered:  0.000
L: 3.22, u_super: 0.00609, sec: inf, prod: 0.000000, t_ads: 50.0, t_des: 0.0, bed_util_ads: 0.456, bed_util_des: 0.456, frac_lost: 0.010, li_recovered:  0.000
L: 0.64, u_super: 0.00526, sec: inf, prod: 0.000000, t_ads: 23.0, t_des: 0.0, bed_util_ads: 0.240, bed_util_des: 0.240, frac_lost: 0.011, li_recovered:  0.000
L: 0.72, u_super: 0.00637, sec: inf, prod: 0.000000, t_ads: 20.0, t_des: 0.0, bed_util_ads: 0.428, bed_util_des: 0.428, frac_lost: 0.011, li_recovered:  0.000
L: 2.58, u_super: 0.00261, sec: inf, prod: 0.000000, t_ads: 63.0, t_des: 0.0, bed_util_ads: 0.419, bed_util_des: 0.419, frac_lost: 0.010, li_recovered:  0.000
L: 2.28, u_super: 0.00508, sec: inf, prod: 0.000000, t_ads: 58.0, t_des: 0.0, bed_util_ads: 0.378, bed_util_des: 0.378, frac_lost: 0.010, li_recovered:  0.000
L: 1.02, u_super: 0.00812, sec: inf, prod: 0.000000, t_ads: 23.0, t_des: 0.0, bed_util_ads: 0.347, bed_util_des: 0.347, frac_lost: 0.012, li_recovered:  0.000
L: 3.25, u_super: 0.00194, sec: inf, prod: 0.000000, t_ads: 70.0, t_des: 0.0, bed_util_ads: 0.400, bed_util_des: 0.400, frac_lost: 0.010, li_recovered:  0.000
L: 1.17, u_super: 0.00085, sec: inf, prod: 0.000000, t_ads: 62.0, t_des: 0.0, bed_util_ads: 0.426, bed_util_des: 0.426, frac_lost: 0.010, li_recovered:  0.000
L: 3.51, u_super: 0.00868, sec: inf, prod: 0.000000, t_ads: 64.0, t_des: 0.0, bed_util_ads: 0.246, bed_util_des: 0.246, frac_lost: 0.010, li_recovered:  0.000
L: 1.46, u_super: 0.00012, sec: inf, prod: 0.000000, t_ads: 105.0, t_des: 0.0, bed_util_ads: 0.325, bed_util_des: 0.325, frac_lost: 0.010, li_recovered:  0.000
L: 3.02, u_super: 0.00828, sec: 1043174.375, prod: 0.000170, t_ads: 62.0, t_des: 172.0, bed_util_ads: 0.156, bed_util_des: 0.155, frac_lost: 0.010, li_recovered:  0.040
L: 1.25, u_super: 0.00635, sec: inf, prod: 0.000000, t_ads: 32.0, t_des: 0.0, bed_util_ads: 0.405, bed_util_des: 0.405, frac_lost: 0.011, li_recovered:  0.000
L: 3.87, u_super: 0.00153, sec: inf, prod: 0.000000, t_ads: 175.0, t_des: 0.0, bed_util_ads: 0.247, bed_util_des: 0.247, frac_lost: 0.010, li_recovered:  0.000
L: 3.63, u_super: 0.00421, sec: inf, prod: 0.000000, t_ads: 100.0, t_des: 0.0, bed_util_ads: 0.300, bed_util_des: 0.300, frac_lost: 0.010, li_recovered:  0.000
L: 0.59, u_super: 0.00668, sec: inf, prod: 0.000000, t_ads: 16.0, t_des: 0.0, bed_util_ads: 0.460, bed_util_des: 0.460, frac_lost: 0.010, li_recovered:  0.000
L: 3.39, u_super: 0.00877, sec: inf, prod: 0.000000, t_ads: 56.0, t_des: 0.0, bed_util_ads: 0.335, bed_util_des: 0.335, frac_lost: 0.010, li_recovered:  0.000
L: 1.36, u_super: 0.00762, sec: 906439.500, prod: 0.000164, t_ads: 33.0, t_des: 231.0, bed_util_ads: 0.122, bed_util_des: 0.122, frac_lost: 0.011, li_recovered:  0.043
L: 3.41, u_super: 0.00067, sec: inf, prod: 0.000000, t_ads: 66.0, t_des: 0.0, bed_util_ads: 0.411, bed_util_des: 0.411, frac_lost: 0.010, li_recovered:  0.000
L: 1.08, u_super: 0.00375, sec: 226059.047, prod: 0.000151, t_ads: 50.0, t_des: 115.0, bed_util_ads: 0.172, bed_util_des: 0.172, frac_lost: 0.011, li_recovered:  0.025
L: 2.92, u_super: 0.00181, sec: inf, prod: 0.000000, t_ads: 194.0, t_des: 0.0, bed_util_ads: 0.208, bed_util_des: 0.208, frac_lost: 0.010, li_recovered:  0.000
L: 0.52, u_super: 0.00264, sec: inf, prod: 0.000000, t_ads: 35.0, t_des: 0.0, bed_util_ads: 0.222, bed_util_des: 0.222, frac_lost: 0.011, li_recovered:  0.000
L: 0.87, u_super: 0.00629, sec: 929432.688, prod: 0.000107, t_ads: 26.0, t_des: 51.0, bed_util_ads: 0.203, bed_util_des: 0.203, frac_lost: 0.011, li_recovered:  0.008
L: 3.04, u_super: 0.00649, sec: inf, prod: 0.000000, t_ads: 74.0, t_des: 0.0, bed_util_ads: 0.226, bed_util_des: 0.226, frac_lost: 0.010, li_recovered:  0.000
L: 3.54, u_super: 0.00628, sec: inf, prod: 0.000000, t_ads: 60.0, t_des: 0.0, bed_util_ads: 0.405, bed_util_des: 0.405, frac_lost: 0.010, li_recovered:  0.000
L: 1.70, u_super: 0.00541, sec: 466847.125, prod: 0.000156, t_ads: 55.0, t_des: 370.0, bed_util_ads: 0.115, bed_util_des: 0.114, frac_lost: 0.010, li_recovered:  0.066
L: 3.99, u_super: 0.00245, sec: 106504.562, prod: 0.000135, t_ads: 241.0, t_des: 425.0, bed_util_ads: 0.145, bed_util_des: 0.143, frac_lost: 0.010, li_recovered:  0.090
L: 0.76, u_super: 0.00259, sec: inf, prod: 0.000000, t_ads: 43.0, t_des: 0.0, bed_util_ads: 0.384, bed_util_des: 0.384, frac_lost: 0.010, li_recovered:  0.000
L: 2.94, u_super: 0.00132, sec: inf, prod: 0.000000, t_ads: 239.0, t_des: 0.0, bed_util_ads: 0.198, bed_util_des: 0.198, frac_lost: 0.010, li_recovered:  0.000
L: 1.97, u_super: 0.00660, sec: inf, prod: 0.000000, t_ads: 50.0, t_des: 0.0, bed_util_ads: 0.238, bed_util_des: 0.238, frac_lost: 0.010, li_recovered:  0.000
==========================================================
n_gen  |  n_eval  | n_nds  |      eps      |   indicator  
==========================================================
     1 |       40 |      4 |             - |             -
L: 1.62, u_super: 0.00782, sec: 904204.062, prod: 0.000174, t_ads: 37.0, t_des: 106.0, bed_util_ads: 0.166, bed_util_des: 0.166, frac_lost: 0.010, li_recovered:  0.025
L: 3.22, u_super: 0.00579, sec: inf, prod: 0.000000, t_ads: 51.0, t_des: 0.0, bed_util_ads: 0.456, bed_util_des: 0.456, frac_lost: 0.010, li_recovered:  0.000
L: 3.54, u_super: 0.00829, sec: inf, prod: 0.000000, t_ads: 53.0, t_des: 0.0, bed_util_ads: 0.406, bed_util_des: 0.406, frac_lost: 0.010, li_recovered:  0.000
L: 3.97, u_super: 0.00579, sec: inf, prod: 0.000000, t_ads: 92.0, t_des: 0.0, bed_util_ads: 0.278, bed_util_des: 0.278, frac_lost: 0.010, li_recovered:  0.000
L: 2.90, u_super: 0.00304, sec: inf, prod: 0.000000, t_ads: 136.0, t_des: 0.0, bed_util_ads: 0.209, bed_util_des: 0.209, frac_lost: 0.010, li_recovered:  0.000
L: 2.00, u_super: 0.00660, sec: inf, prod: 0.000000, t_ads: 50.0, t_des: 0.0, bed_util_ads: 0.238, bed_util_des: 0.238, frac_lost: 0.010, li_recovered:  0.000
L: 1.70, u_super: 0.00244, sec: 83181.156, prod: 0.000171, t_ads: 114.0, t_des: 320.0, bed_util_ads: 0.144, bed_util_des: 0.143, frac_lost: 0.010, li_recovered:  0.074
L: 1.25, u_super: 0.00301, sec: inf, prod: 0.000000, t_ads: 55.0, t_des: 0.0, bed_util_ads: 0.378, bed_util_des: 0.378, frac_lost: 0.010, li_recovered:  0.000
L: 3.02, u_super: 0.00075, sec: inf, prod: 0.000000, t_ads: 443.0, t_des: 0.0, bed_util_ads: 0.144, bed_util_des: 0.144, frac_lost: 0.010, li_recovered:  0.000
L: 2.14, u_super: 0.00879, sec: 1837305.250, prod: 0.000110, t_ads: 44.0, t_des: 590.0, bed_util_ads: 0.090, bed_util_des: 0.089, frac_lost: 0.011, li_recovered:  0.069
L: 2.32, u_super: 0.00409, sec: inf, prod: 0.000000, t_ads: 75.0, t_des: 0.0, bed_util_ads: 0.317, bed_util_des: 0.317, frac_lost: 0.010, li_recovered:  0.000
L: 1.27, u_super: 0.00759, sec: inf, prod: 0.000000, t_ads: 27.0, t_des: 0.0, bed_util_ads: 0.458, bed_util_des: 0.458, frac_lost: 0.011, li_recovered:  0.000
L: 0.88, u_super: 0.00182, sec: inf, prod: 0.000000, t_ads: 55.0, t_des: 0.0, bed_util_ads: 0.417, bed_util_des: 0.417, frac_lost: 0.010, li_recovered:  0.000
L: 0.74, u_super: 0.00257, sec: inf, prod: 0.000000, t_ads: 41.0, t_des: 0.0, bed_util_ads: 0.411, bed_util_des: 0.411, frac_lost: 0.010, li_recovered:  0.000
L: 1.13, u_super: 0.00212, sec: inf, prod: 0.000000, t_ads: 55.0, t_des: 0.0, bed_util_ads: 0.429, bed_util_des: 0.429, frac_lost: 0.010, li_recovered:  0.000
L: 3.82, u_super: 0.00310, sec: inf, prod: 0.000000, t_ads: 159.0, t_des: 0.0, bed_util_ads: 0.218, bed_util_des: 0.218, frac_lost: 0.010, li_recovered:  0.000
L: 0.59, u_super: 0.00542, sec: 384375.656, prod: 0.000191, t_ads: 21.0, t_des: 72.0, bed_util_ads: 0.172, bed_util_des: 0.172, frac_lost: 0.011, li_recovered:  0.018
L: 1.79, u_super: 0.00884, sec: inf, prod: 0.000000, t_ads: 31.0, t_des: 0.0, bed_util_ads: 0.460, bed_util_des: 0.460, frac_lost: 0.011, li_recovered:  0.000
L: 1.11, u_super: 0.00375, sec: 235361.828, prod: 0.000145, t_ads: 51.0, t_des: 113.0, bed_util_ads: 0.172, bed_util_des: 0.172, frac_lost: 0.010, li_recovered:  0.024
L: 3.41, u_super: 0.00061, sec: inf, prod: 0.000000, t_ads: 66.0, t_des: 0.0, bed_util_ads: 0.411, bed_util_des: 0.411, frac_lost: 0.010, li_recovered:  0.000
L: 1.02, u_super: 0.00481, sec: inf, prod: 0.000000, t_ads: 35.0, t_des: 0.0, bed_util_ads: 0.322, bed_util_des: 0.322, frac_lost: 0.010, li_recovered:  0.000
L: 1.17, u_super: 0.00762, sec: 907253.250, prod: 0.000164, t_ads: 29.0, t_des: 216.0, bed_util_ads: 0.122, bed_util_des: 0.122, frac_lost: 0.011, li_recovered:  0.040
L: 3.84, u_super: 0.00189, sec: inf, prod: 0.000000, t_ads: 217.0, t_des: 0.0, bed_util_ads: 0.208, bed_util_des: 0.208, frac_lost: 0.010, li_recovered:  0.000
L: 3.48, u_super: 0.00797, sec: inf, prod: 0.000000, t_ads: 61.0, t_des: 0.0, bed_util_ads: 0.335, bed_util_des: 0.335, frac_lost: 0.010, li_recovered:  0.000
L: 3.91, u_super: 0.00541, sec: 452977.406, prod: 0.000161, t_ads: 120.0, t_des: 625.0, bed_util_ads: 0.116, bed_util_des: 0.114, frac_lost: 0.010, li_recovered:  0.120
L: 1.10, u_super: 0.00635, sec: inf, prod: 0.000000, t_ads: 29.0, t_des: 0.0, bed_util_ads: 0.405, bed_util_des: 0.405, frac_lost: 0.011, li_recovered:  0.000
L: 2.08, u_super: 0.00891, sec: 1161587.750, prod: 0.000178, t_ads: 41.0, t_des: 131.0, bed_util_ads: 0.156, bed_util_des: 0.155, frac_lost: 0.010, li_recovered:  0.031
L: 1.54, u_super: 0.00072, sec: inf, prod: 0.000000, t_ads: 104.0, t_des: 0.0, bed_util_ads: 0.325, bed_util_des: 0.325, frac_lost: 0.010, li_recovered:  0.000
L: 3.11, u_super: 0.00118, sec: inf, prod: 0.000000, t_ads: 147.0, t_des: 0.0, bed_util_ads: 0.272, bed_util_des: 0.272, frac_lost: 0.010, li_recovered:  0.000
L: 3.23, u_super: 0.00612, sec: 561626.688, prod: 0.000168, t_ads: 89.0, t_des: 432.0, bed_util_ads: 0.123, bed_util_des: 0.122, frac_lost: 0.010, li_recovered:  0.087
L: 3.18, u_super: 0.00652, sec: 1835942.875, prod: 0.000059, t_ads: 80.0, t_des: 103.0, bed_util_ads: 0.187, bed_util_des: 0.187, frac_lost: 0.010, li_recovered:  0.011
L: 2.30, u_super: 0.00510, sec: inf, prod: 0.000000, t_ads: 57.0, t_des: 0.0, bed_util_ads: 0.383, bed_util_des: 0.383, frac_lost: 0.010, li_recovered:  0.000
L: 0.64, u_super: 0.00097, sec: inf, prod: 0.000000, t_ads: 100.0, t_des: 0.0, bed_util_ads: 0.221, bed_util_des: 0.221, frac_lost: 0.010, li_recovered:  0.000
L: 3.99, u_super: 0.00246, sec: 115735.367, prod: 0.000126, t_ads: 238.0, t_des: 389.0, bed_util_ads: 0.147, bed_util_des: 0.146, frac_lost: 0.010, li_recovered:  0.079
L: 1.13, u_super: 0.00399, sec: inf, prod: 0.000000, t_ads: 47.0, t_des: 0.0, bed_util_ads: 0.240, bed_util_des: 0.240, frac_lost: 0.010, li_recovered:  0.000
L: 3.02, u_super: 0.00486, sec: 368240.469, prod: 0.000159, t_ads: 102.0, t_des: 237.0, bed_util_ads: 0.156, bed_util_des: 0.155, frac_lost: 0.010, li_recovered:  0.054
L: 1.70, u_super: 0.00608, sec: 600892.312, prod: 0.000155, t_ads: 49.0, t_des: 337.0, bed_util_ads: 0.115, bed_util_des: 0.114, frac_lost: 0.010, li_recovered:  0.060
L: 1.04, u_super: 0.00029, sec: inf, prod: 0.000000, t_ads: 94.0, t_des: 0.0, bed_util_ads: 0.343, bed_util_des: 0.343, frac_lost: 0.010, li_recovered:  0.000
L: 1.70, u_super: 0.00541, sec: 436865.594, prod: 0.000167, t_ads: 54.0, t_des: 142.0, bed_util_ads: 0.162, bed_util_des: 0.162, frac_lost: 0.010, li_recovered:  0.033
L: 3.38, u_super: 0.00806, sec: inf, prod: 0.000000, t_ads: 52.0, t_des: 0.0, bed_util_ads: 0.413, bed_util_des: 0.413, frac_lost: 0.010, li_recovered:  0.000
     2 |       80 |      2 |  0.7508745120 |         ideal
L: 2.08, u_super: 0.00891, sec: 1749187.875, prod: 0.000118, t_ads: 42.0, t_des: 495.0, bed_util_ads: 0.095, bed_util_des: 0.094, frac_lost: 0.010, li_recovered:  0.064
L: 3.26, u_super: 0.00541, sec: 427897.312, prod: 0.000171, t_ads: 101.0, t_des: 453.0, bed_util_ads: 0.125, bed_util_des: 0.124, frac_lost: 0.010, li_recovered:  0.095
L: 4.00, u_super: 0.00245, sec: 107022.562, prod: 0.000134, t_ads: 241.0, t_des: 422.0, bed_util_ads: 0.145, bed_util_des: 0.143, frac_lost: 0.010, li_recovered:  0.089
L: 1.69, u_super: 0.00828, sec: 991646.688, prod: 0.000179, t_ads: 37.0, t_des: 110.0, bed_util_ads: 0.166, bed_util_des: 0.166, frac_lost: 0.011, li_recovered:  0.026
L: 1.70, u_super: 0.00541, sec: 432400.500, prod: 0.000168, t_ads: 54.0, t_des: 144.0, bed_util_ads: 0.161, bed_util_des: 0.161, frac_lost: 0.010, li_recovered:  0.033
L: 1.18, u_super: 0.00764, sec: 911004.062, prod: 0.000165, t_ads: 29.0, t_des: 215.0, bed_util_ads: 0.122, bed_util_des: 0.122, frac_lost: 0.011, li_recovered:  0.040
L: 3.54, u_super: 0.00625, sec: inf, prod: 0.000000, t_ads: 60.0, t_des: 0.0, bed_util_ads: 0.407, bed_util_des: 0.407, frac_lost: 0.010, li_recovered:  0.000
L: 3.24, u_super: 0.00378, sec: inf, prod: 0.000000, t_ads: 66.0, t_des: 0.0, bed_util_ads: 0.405, bed_util_des: 0.405, frac_lost: 0.010, li_recovered:  0.000
L: 3.99, u_super: 0.00267, sec: inf, prod: 0.000000, t_ads: 209.0, t_des: 0.0, bed_util_ads: 0.171, bed_util_des: 0.171, frac_lost: 0.010, li_recovered:  0.000
L: 3.84, u_super: 0.00312, sec: inf, prod: 0.000000, t_ads: 64.0, t_des: 0.0, bed_util_ads: 0.416, bed_util_des: 0.416, frac_lost: 0.010, li_recovered:  0.000
L: 0.63, u_super: 0.00661, sec: inf, prod: 0.000000, t_ads: 18.0, t_des: 0.0, bed_util_ads: 0.428, bed_util_des: 0.428, frac_lost: 0.012, li_recovered:  0.000
L: 3.18, u_super: 0.00674, sec: 2044345.625, prod: 0.000056, t_ads: 77.0, t_des: 98.0, bed_util_ads: 0.187, bed_util_des: 0.187, frac_lost: 0.010, li_recovered:  0.010
L: 3.02, u_super: 0.00208, sec: 214585.953, prod: 0.000048, t_ads: 208.0, t_des: 207.0, bed_util_ads: 0.165, bed_util_des: 0.165, frac_lost: 0.010, li_recovered:  0.020
L: 2.14, u_super: 0.00954, sec: 1946511.625, prod: 0.000123, t_ads: 40.0, t_des: 435.0, bed_util_ads: 0.098, bed_util_des: 0.097, frac_lost: 0.010, li_recovered:  0.058
L: 3.12, u_super: 0.00244, sec: 95411.367, prod: 0.000149, t_ads: 196.0, t_des: 404.0, bed_util_ads: 0.145, bed_util_des: 0.143, frac_lost: 0.010, li_recovered:  0.089
L: 0.59, u_super: 0.00372, sec: 197301.156, prod: 0.000171, t_ads: 29.0, t_des: 83.0, bed_util_ads: 0.172, bed_util_des: 0.172, frac_lost: 0.011, li_recovered:  0.019
L: 1.11, u_super: 0.00375, sec: 234902.125, prod: 0.000146, t_ads: 51.0, t_des: 114.0, bed_util_ads: 0.172, bed_util_des: 0.171, frac_lost: 0.010, li_recovered:  0.024
L: 0.88, u_super: 0.00539, sec: 574561.562, prod: 0.000126, t_ads: 30.0, t_des: 62.0, bed_util_ads: 0.193, bed_util_des: 0.193, frac_lost: 0.011, li_recovered:  0.012
L: 2.10, u_super: 0.00891, sec: 1133724.375, prod: 0.000183, t_ads: 42.0, t_des: 139.0, bed_util_ads: 0.156, bed_util_des: 0.156, frac_lost: 0.011, li_recovered:  0.033
L: 1.79, u_super: 0.00879, sec: 1073697.625, prod: 0.000188, t_ads: 37.0, t_des: 143.0, bed_util_ads: 0.151, bed_util_des: 0.151, frac_lost: 0.011, li_recovered:  0.034
L: 3.88, u_super: 0.00612, sec: 563120.938, prod: 0.000167, t_ads: 106.0, t_des: 503.0, bed_util_ads: 0.122, bed_util_des: 0.120, frac_lost: 0.010, li_recovered:  0.102
L: 1.65, u_super: 0.00782, sec: 903549.000, prod: 0.000174, t_ads: 38.0, t_des: 110.0, bed_util_ads: 0.166, bed_util_des: 0.166, frac_lost: 0.011, li_recovered:  0.026
L: 2.98, u_super: 0.00782, sec: 923311.500, prod: 0.000170, t_ads: 65.0, t_des: 180.0, bed_util_ads: 0.156, bed_util_des: 0.155, frac_lost: 0.010, li_recovered:  0.042
L: 1.70, u_super: 0.00244, sec: inf, prod: 0.000000, t_ads: 94.0, t_des: 0.0, bed_util_ads: 0.274, bed_util_des: 0.274, frac_lost: 0.010, li_recovered:  0.000
L: 0.62, u_super: 0.00539, sec: 377108.500, prod: 0.000192, t_ads: 22.0, t_des: 74.0, bed_util_ads: 0.172, bed_util_des: 0.172, frac_lost: 0.011, li_recovered:  0.018
L: 1.70, u_super: 0.00600, sec: 504820.781, prod: 0.000179, t_ads: 49.0, t_des: 163.0, bed_util_ads: 0.150, bed_util_des: 0.150, frac_lost: 0.010, li_recovered:  0.038
L: 1.11, u_super: 0.00190, sec: 64694.465, prod: 0.000133, t_ads: 95.0, t_des: 179.0, bed_util_ads: 0.167, bed_util_des: 0.167, frac_lost: 0.010, li_recovered:  0.036
L: 2.65, u_super: 0.00652, sec: 601339.500, prod: 0.000179, t_ads: 70.0, t_des: 290.0, bed_util_ads: 0.135, bed_util_des: 0.134, frac_lost: 0.010, li_recovered:  0.064
L: 3.39, u_super: 0.00067, sec: inf, prod: 0.000000, t_ads: 206.0, t_des: 0.0, bed_util_ads: 0.230, bed_util_des: 0.230, frac_lost: 0.010, li_recovered:  0.000
L: 2.23, u_super: 0.00411, sec: inf, prod: 0.000000, t_ads: 73.0, t_des: 0.0, bed_util_ads: 0.317, bed_util_des: 0.317, frac_lost: 0.010, li_recovered:  0.000
L: 2.29, u_super: 0.00904, sec: 1943113.750, prod: 0.000110, t_ads: 45.0, t_des: 580.0, bed_util_ads: 0.090, bed_util_des: 0.089, frac_lost: 0.010, li_recovered:  0.069
L: 3.93, u_super: 0.00791, sec: inf, prod: 0.000000, t_ads: 79.0, t_des: 0.0, bed_util_ads: 0.210, bed_util_des: 0.210, frac_lost: 0.010, li_recovered:  0.000
L: 3.91, u_super: 0.00541, sec: 799755.500, prod: 0.000091, t_ads: 123.0, t_des: 1826.0, bed_util_ads: 0.077, bed_util_des: 0.074, frac_lost: 0.010, li_recovered:  0.178
L: 1.81, u_super: 0.00612, sec: 544520.625, prod: 0.000173, t_ads: 51.0, t_des: 152.0, bed_util_ads: 0.156, bed_util_des: 0.155, frac_lost: 0.010, li_recovered:  0.035
L: 0.80, u_super: 0.00534, sec: 808355.500, prod: 0.000088, t_ads: 27.0, t_des: 49.0, bed_util_ads: 0.200, bed_util_des: 0.200, frac_lost: 0.010, li_recovered:  0.007
L: 3.99, u_super: 0.00244, sec: 92093.109, prod: 0.000155, t_ads: 246.0, t_des: 559.0, bed_util_ads: 0.135, bed_util_des: 0.134, frac_lost: 0.010, li_recovered:  0.125
L: 1.54, u_super: 0.00629, sec: 668762.750, prod: 0.000149, t_ads: 44.0, t_des: 351.0, bed_util_ads: 0.111, bed_util_des: 0.111, frac_lost: 0.011, li_recovered:  0.059
L: 1.64, u_super: 0.00780, sec: 917756.562, prod: 0.000171, t_ads: 37.0, t_des: 103.0, bed_util_ads: 0.166, bed_util_des: 0.165, frac_lost: 0.010, li_recovered:  0.024
L: 1.62, u_super: 0.00608, sec: 601564.625, prod: 0.000155, t_ads: 47.0, t_des: 329.0, bed_util_ads: 0.115, bed_util_des: 0.114, frac_lost: 0.010, li_recovered:  0.058
L: 1.70, u_super: 0.00782, sec: 906995.375, prod: 0.000173, t_ads: 39.0, t_des: 112.0, bed_util_ads: 0.166, bed_util_des: 0.166, frac_lost: 0.011, li_recovered:  0.026
     3 |      120 |      4 |  0.0591736904 |         ideal
L: 1.70, u_super: 0.00780, sec: 896457.188, prod: 0.000175, t_ads: 39.0, t_des: 112.0, bed_util_ads: 0.166, bed_util_des: 0.165, frac_lost: 0.011, li_recovered:  0.026
L: 3.76, u_super: 0.00577, sec: 543157.250, prod: 0.000153, t_ads: 106.0, t_des: 232.0, bed_util_ads: 0.157, bed_util_des: 0.157, frac_lost: 0.010, li_recovered:  0.052
L: 2.93, u_super: 0.00247, sec: 88048.523, prod: 0.000166, t_ads: 186.0, t_des: 511.0, bed_util_ads: 0.135, bed_util_des: 0.133, frac_lost: 0.010, li_recovered:  0.116
L: 3.94, u_super: 0.00098, sec: inf, prod: 0.000000, t_ads: 449.0, t_des: 0.0, bed_util_ads: 0.143, bed_util_des: 0.143, frac_lost: 0.010, li_recovered:  0.000
L: 2.10, u_super: 0.00883, sec: 1131545.750, prod: 0.000180, t_ads: 42.0, t_des: 136.0, bed_util_ads: 0.156, bed_util_des: 0.156, frac_lost: 0.010, li_recovered:  0.032
L: 3.12, u_super: 0.00244, sec: 116109.367, prod: 0.000122, t_ads: 212.0, t_des: 1830.0, bed_util_ads: 0.090, bed_util_des: 0.086, frac_lost: 0.010, li_recovered:  0.250
L: 3.99, u_super: 0.00548, sec: 427488.250, prod: 0.000175, t_ads: 120.0, t_des: 418.0, bed_util_ads: 0.134, bed_util_des: 0.133, frac_lost: 0.010, li_recovered:  0.094
L: 3.05, u_super: 0.00208, sec: 227449.750, prod: 0.000046, t_ads: 210.0, t_des: 206.0, bed_util_ads: 0.165, bed_util_des: 0.165, frac_lost: 0.010, li_recovered:  0.019
L: 0.59, u_super: 0.00382, sec: 211733.594, prod: 0.000168, t_ads: 28.0, t_des: 79.0, bed_util_ads: 0.172, bed_util_des: 0.172, frac_lost: 0.010, li_recovered:  0.018
L: 2.03, u_super: 0.00891, sec: 1872310.875, prod: 0.000111, t_ads: 40.0, t_des: 76.0, bed_util_ads: 0.187, bed_util_des: 0.187, frac_lost: 0.010, li_recovered:  0.013
L: 3.81, u_super: 0.00244, sec: 104158.836, prod: 0.000137, t_ads: 232.0, t_des: 422.0, bed_util_ads: 0.145, bed_util_des: 0.143, frac_lost: 0.010, li_recovered:  0.090
L: 1.58, u_super: 0.00462, sec: 332712.438, prod: 0.000158, t_ads: 60.0, t_des: 391.0, bed_util_ads: 0.116, bed_util_des: 0.115, frac_lost: 0.010, li_recovered:  0.071
L: 3.26, u_super: 0.00469, sec: 316175.812, prod: 0.000172, t_ads: 115.0, t_des: 475.0, bed_util_ads: 0.126, bed_util_des: 0.125, frac_lost: 0.010, li_recovered:  0.101
L: 1.14, u_super: 0.00190, sec: inf, prod: 0.000000, t_ads: 95.0, t_des: 0.0, bed_util_ads: 0.191, bed_util_des: 0.191, frac_lost: 0.010, li_recovered:  0.000
L: 2.08, u_super: 0.00350, sec: 171771.062, prod: 0.000173, t_ads: 98.0, t_des: 290.0, bed_util_ads: 0.144, bed_util_des: 0.143, frac_lost: 0.010, li_recovered:  0.067
L: 0.57, u_super: 0.00539, sec: 482848.781, prod: 0.000150, t_ads: 21.0, t_des: 213.0, bed_util_ads: 0.115, bed_util_des: 0.115, frac_lost: 0.012, li_recovered:  0.035
L: 1.28, u_super: 0.00374, sec: 241924.125, prod: 0.000141, t_ads: 58.0, t_des: 122.0, bed_util_ads: 0.172, bed_util_des: 0.171, frac_lost: 0.010, li_recovered:  0.025
L: 1.80, u_super: 0.00872, sec: 1069079.375, prod: 0.000185, t_ads: 37.0, t_des: 138.0, bed_util_ads: 0.151, bed_util_des: 0.151, frac_lost: 0.010, li_recovered:  0.032
L: 3.93, u_super: 0.00536, sec: 415877.500, prod: 0.000172, t_ads: 120.0, t_des: 348.0, bed_util_ads: 0.142, bed_util_des: 0.141, frac_lost: 0.010, li_recovered:  0.081
L: 1.64, u_super: 0.00768, sec: 851099.125, prod: 0.000178, t_ads: 38.0, t_des: 180.0, bed_util_ads: 0.137, bed_util_des: 0.136, frac_lost: 0.010, li_recovered:  0.039
L: 0.95, u_super: 0.00523, sec: 447663.812, prod: 0.000152, t_ads: 33.0, t_des: 258.0, bed_util_ads: 0.115, bed_util_des: 0.114, frac_lost: 0.010, li_recovered:  0.044
L: 3.96, u_super: 0.00499, sec: 415167.844, prod: 0.000149, t_ads: 127.0, t_des: 263.0, bed_util_ads: 0.156, bed_util_des: 0.155, frac_lost: 0.010, li_recovered:  0.058
L: 1.80, u_super: 0.00869, sec: 1062737.500, prod: 0.000185, t_ads: 37.0, t_des: 136.0, bed_util_ads: 0.152, bed_util_des: 0.151, frac_lost: 0.010, li_recovered:  0.032
L: 1.11, u_super: 0.00198, sec: inf, prod: 0.000000, t_ads: 82.0, t_des: 0.0, bed_util_ads: 0.268, bed_util_des: 0.268, frac_lost: 0.010, li_recovered:  0.000
L: 3.15, u_super: 0.00238, sec: 81111.469, prod: 0.000167, t_ads: 208.0, t_des: 676.0, bed_util_ads: 0.126, bed_util_des: 0.124, frac_lost: 0.010, li_recovered:  0.148
L: 1.66, u_super: 0.00541, sec: 435273.562, prod: 0.000167, t_ads: 53.0, t_des: 142.0, bed_util_ads: 0.161, bed_util_des: 0.161, frac_lost: 0.010, li_recovered:  0.033
L: 2.67, u_super: 0.00652, sec: 605066.125, prod: 0.000178, t_ads: 70.0, t_des: 285.0, bed_util_ads: 0.135, bed_util_des: 0.134, frac_lost: 0.010, li_recovered:  0.063
L: 1.65, u_super: 0.00821, sec: 1003904.125, prod: 0.000174, t_ads: 36.0, t_des: 104.0, bed_util_ads: 0.166, bed_util_des: 0.166, frac_lost: 0.010, li_recovered:  0.024
L: 1.70, u_super: 0.00244, sec: 82849.609, prod: 0.000172, t_ads: 114.0, t_des: 321.0, bed_util_ads: 0.144, bed_util_des: 0.143, frac_lost: 0.010, li_recovered:  0.075
L: 0.57, u_super: 0.00543, sec: 516424.625, prod: 0.000142, t_ads: 20.0, t_des: 47.0, bed_util_ads: 0.195, bed_util_des: 0.195, frac_lost: 0.010, li_recovered:  0.010
L: 3.99, u_super: 0.00244, sec: 91978.508, prod: 0.000156, t_ads: 246.0, t_des: 559.0, bed_util_ads: 0.135, bed_util_des: 0.133, frac_lost: 0.010, li_recovered:  0.125
L: 2.89, u_super: 0.00891, sec: inf, prod: 0.000000, t_ads: 54.0, t_des: 0.0, bed_util_ads: 0.214, bed_util_des: 0.214, frac_lost: 0.010, li_recovered:  0.000
L: 3.88, u_super: 0.00615, sec: 882425.438, prod: 0.000108, t_ads: 101.0, t_des: 162.0, bed_util_ads: 0.172, bed_util_des: 0.172, frac_lost: 0.010, li_recovered:  0.028
L: 1.70, u_super: 0.00580, sec: 491130.906, prod: 0.000172, t_ads: 51.0, t_des: 142.0, bed_util_ads: 0.161, bed_util_des: 0.161, frac_lost: 0.011, li_recovered:  0.033
L: 1.68, u_super: 0.00597, sec: 501076.844, prod: 0.000179, t_ads: 49.0, t_des: 164.0, bed_util_ads: 0.150, bed_util_des: 0.150, frac_lost: 0.010, li_recovered:  0.038
L: 1.60, u_super: 0.00249, sec: 126789.305, prod: 0.000117, t_ads: 109.0, t_des: 1126.0, bed_util_ads: 0.090, bed_util_des: 0.088, frac_lost: 0.010, li_recovered:  0.145
L: 3.02, u_super: 0.00246, sec: 543658.375, prod: 0.000027, t_ads: 179.0, t_des: 162.0, bed_util_ads: 0.172, bed_util_des: 0.172, frac_lost: 0.010, li_recovered:  0.009
L: 1.66, u_super: 0.00782, sec: 903664.750, prod: 0.000174, t_ads: 38.0, t_des: 109.0, bed_util_ads: 0.166, bed_util_des: 0.166, frac_lost: 0.011, li_recovered:  0.026
L: 0.59, u_super: 0.00376, sec: 185912.000, prod: 0.000185, t_ads: 29.0, t_des: 96.0, bed_util_ads: 0.165, bed_util_des: 0.165, frac_lost: 0.011, li_recovered:  0.023
L: 1.90, u_super: 0.00891, sec: 1131836.500, prod: 0.000183, t_ads: 38.0, t_des: 128.0, bed_util_ads: 0.156, bed_util_des: 0.156, frac_lost: 0.010, li_recovered:  0.030
     4 |      160 |      6 |  0.0682703379 |             f
L: 1.71, u_super: 0.00569, sec: 528364.125, prod: 0.000153, t_ads: 53.0, t_des: 378.0, bed_util_ads: 0.113, bed_util_des: 0.112, frac_lost: 0.010, li_recovered:  0.066
L: 3.00, u_super: 0.00242, sec: 92596.820, prod: 0.000151, t_ads: 191.0, t_des: 404.0, bed_util_ads: 0.145, bed_util_des: 0.143, frac_lost: 0.010, li_recovered:  0.090
L: 2.74, u_super: 0.00538, sec: 934417.750, prod: 0.000077, t_ads: 83.0, t_des: 116.0, bed_util_ads: 0.183, bed_util_des: 0.183, frac_lost: 0.010, li_recovered:  0.015
L: 1.76, u_super: 0.00625, sec: 549168.500, prod: 0.000179, t_ads: 50.0, t_des: 237.0, bed_util_ads: 0.134, bed_util_des: 0.133, frac_lost: 0.011, li_recovered:  0.051
L: 1.78, u_super: 0.00375, sec: 281947.656, prod: 0.000121, t_ads: 78.0, t_des: 140.0, bed_util_ads: 0.173, bed_util_des: 0.173, frac_lost: 0.010, li_recovered:  0.026
L: 2.08, u_super: 0.00883, sec: 1101495.375, prod: 0.000185, t_ads: 42.0, t_des: 173.0, bed_util_ads: 0.144, bed_util_des: 0.143, frac_lost: 0.011, li_recovered:  0.040
L: 3.26, u_super: 0.00225, sec: 72823.891, prod: 0.000166, t_ads: 226.0, t_des: 706.0, bed_util_ads: 0.126, bed_util_des: 0.124, frac_lost: 0.010, li_recovered:  0.155
L: 0.99, u_super: 0.00190, sec: 49147.930, prod: 0.000175, t_ads: 88.0, t_des: 359.0, bed_util_ads: 0.132, bed_util_des: 0.131, frac_lost: 0.010, li_recovered:  0.078
L: 3.97, u_super: 0.00891, sec: 1233925.375, prod: 0.000168, t_ads: 75.0, t_des: 196.0, bed_util_ads: 0.156, bed_util_des: 0.155, frac_lost: 0.010, li_recovered:  0.045
L: 1.73, u_super: 0.00166, sec: 47142.645, prod: 0.000138, t_ads: 162.0, t_des: 302.0, bed_util_ads: 0.154, bed_util_des: 0.153, frac_lost: 0.010, li_recovered:  0.064
L: 3.15, u_super: 0.00190, sec: 52399.250, prod: 0.000164, t_ads: 255.0, t_des: 764.0, bed_util_ads: 0.125, bed_util_des: 0.122, frac_lost: 0.010, li_recovered:  0.167
L: 0.58, u_super: 0.00371, sec: 185772.141, prod: 0.000180, t_ads: 29.0, t_des: 165.0, bed_util_ads: 0.135, bed_util_des: 0.134, frac_lost: 0.011, li_recovered:  0.035
L: 0.59, u_super: 0.00421, sec: 276468.344, prod: 0.000157, t_ads: 26.0, t_des: 206.0, bed_util_ads: 0.119, bed_util_des: 0.118, frac_lost: 0.011, li_recovered:  0.037
L: 3.99, u_super: 0.00785, sec: 892702.438, prod: 0.000178, t_ads: 86.0, t_des: 336.0, bed_util_ads: 0.135, bed_util_des: 0.133, frac_lost: 0.010, li_recovered:  0.075
L: 1.77, u_super: 0.00592, sec: 490300.031, prod: 0.000179, t_ads: 52.0, t_des: 202.0, bed_util_ads: 0.142, bed_util_des: 0.141, frac_lost: 0.010, li_recovered:  0.046
L: 0.77, u_super: 0.00537, sec: 376853.281, prod: 0.000191, t_ads: 27.0, t_des: 108.0, bed_util_ads: 0.156, bed_util_des: 0.156, frac_lost: 0.011, li_recovered:  0.026
L: 0.62, u_super: 0.00539, sec: 462186.625, prod: 0.000157, t_ads: 22.0, t_des: 189.0, bed_util_ads: 0.119, bed_util_des: 0.119, frac_lost: 0.011, li_recovered:  0.033
L: 3.13, u_super: 0.00207, sec: 72902.203, prod: 0.000140, t_ads: 226.0, t_des: 421.0, bed_util_ads: 0.145, bed_util_des: 0.143, frac_lost: 0.010, li_recovered:  0.091
L: 0.79, u_super: 0.00372, sec: 230672.453, prod: 0.000146, t_ads: 38.0, t_des: 305.0, bed_util_ads: 0.111, bed_util_des: 0.110, frac_lost: 0.010, li_recovered:  0.050
L: 1.89, u_super: 0.00891, sec: 1302776.000, prod: 0.000159, t_ads: 38.0, t_des: 260.0, bed_util_ads: 0.119, bed_util_des: 0.118, frac_lost: 0.010, li_recovered:  0.047
L: 3.99, u_super: 0.00557, sec: 443630.719, prod: 0.000175, t_ads: 118.0, t_des: 412.0, bed_util_ads: 0.134, bed_util_des: 0.133, frac_lost: 0.010, li_recovered:  0.093
L: 0.51, u_super: 0.00656, sec: 605473.250, prod: 0.000180, t_ads: 16.0, t_des: 125.0, bed_util_ads: 0.135, bed_util_des: 0.135, frac_lost: 0.012, li_recovered:  0.025
L: 3.92, u_super: 0.00143, sec: 347889.031, prod: 0.000014, t_ads: 348.0, t_des: 224.0, bed_util_ads: 0.150, bed_util_des: 0.150, frac_lost: 0.010, li_recovered:  0.008
L: 1.08, u_super: 0.00969, sec: 1265316.875, prod: 0.000195, t_ads: 22.0, t_des: 110.0, bed_util_ads: 0.150, bed_util_des: 0.150, frac_lost: 0.012, li_recovered:  0.026
L: 2.10, u_super: 0.00350, sec: 187918.750, prod: 0.000158, t_ads: 98.0, t_des: 226.0, bed_util_ads: 0.156, bed_util_des: 0.156, frac_lost: 0.010, li_recovered:  0.051
L: 3.15, u_super: 0.00536, sec: 418060.250, prod: 0.000171, t_ads: 99.0, t_des: 450.0, bed_util_ads: 0.125, bed_util_des: 0.124, frac_lost: 0.010, li_recovered:  0.094
L: 3.04, u_super: 0.00247, sec: 309860.438, prod: 0.000047, t_ads: 181.0, t_des: 183.0, bed_util_ads: 0.170, bed_util_des: 0.170, frac_lost: 0.010, li_recovered:  0.017
L: 2.08, u_super: 0.00244, sec: 82429.766, prod: 0.000174, t_ads: 138.0, t_des: 443.0, bed_util_ads: 0.135, bed_util_des: 0.134, frac_lost: 0.010, li_recovered:  0.101
L: 0.69, u_super: 0.00539, sec: 389310.344, prod: 0.000186, t_ads: 24.0, t_des: 76.0, bed_util_ads: 0.172, bed_util_des: 0.172, frac_lost: 0.011, li_recovered:  0.019
L: 1.25, u_super: 0.00238, sec: 103731.547, prod: 0.000131, t_ads: 86.0, t_des: 163.0, bed_util_ads: 0.169, bed_util_des: 0.168, frac_lost: 0.010, li_recovered:  0.033
L: 2.96, u_super: 0.00214, sec: 176866.859, prod: 0.000062, t_ads: 201.0, t_des: 217.0, bed_util_ads: 0.164, bed_util_des: 0.164, frac_lost: 0.010, li_recovered:  0.026
L: 1.70, u_super: 0.00529, sec: 384605.000, prod: 0.000181, t_ads: 56.0, t_des: 186.0, bed_util_ads: 0.150, bed_util_des: 0.150, frac_lost: 0.011, li_recovered:  0.044
L: 1.58, u_super: 0.00275, sec: 133807.672, prod: 0.000136, t_ads: 94.0, t_des: 182.0, bed_util_ads: 0.166, bed_util_des: 0.166, frac_lost: 0.010, li_recovered:  0.038
L: 3.84, u_super: 0.00255, sec: 111580.438, prod: 0.000140, t_ads: 225.0, t_des: 418.0, bed_util_ads: 0.145, bed_util_des: 0.143, frac_lost: 0.010, li_recovered:  0.090
L: 2.19, u_super: 0.00896, sec: 1730505.625, prod: 0.000121, t_ads: 43.0, t_des: 85.0, bed_util_ads: 0.185, bed_util_des: 0.185, frac_lost: 0.011, li_recovered:  0.015
L: 1.70, u_super: 0.00244, sec: 81875.070, prod: 0.000174, t_ads: 114.0, t_des: 347.0, bed_util_ads: 0.140, bed_util_des: 0.139, frac_lost: 0.010, li_recovered:  0.080
L: 1.63, u_super: 0.00809, sec: 948049.312, prod: 0.000178, t_ads: 36.0, t_des: 172.0, bed_util_ads: 0.137, bed_util_des: 0.136, frac_lost: 0.010, li_recovered:  0.037
L: 3.07, u_super: 0.00469, sec: 314956.844, prod: 0.000172, t_ads: 109.0, t_des: 459.0, bed_util_ads: 0.127, bed_util_des: 0.125, frac_lost: 0.010, li_recovered:  0.098
L: 0.59, u_super: 0.00297, sec: 134830.266, prod: 0.000157, t_ads: 35.0, t_des: 88.0, bed_util_ads: 0.173, bed_util_des: 0.172, frac_lost: 0.010, li_recovered:  0.019
L: 1.08, u_super: 0.00358, sec: 190460.953, prod: 0.000164, t_ads: 52.0, t_des: 133.0, bed_util_ads: 0.165, bed_util_des: 0.164, frac_lost: 0.010, li_recovered:  0.030
     5 |      200 |      7 |  0.0534727777 |         ideal
L: 0.62, u_super: 0.00516, sec: 353379.156, prod: 0.000187, t_ads: 23.0, t_des: 76.0, bed_util_ads: 0.172, bed_util_des: 0.172, frac_lost: 0.012, li_recovered:  0.019
L: 1.91, u_super: 0.00173, sec: 54870.402, prod: 0.000129, t_ads: 170.0, t_des: 294.0, bed_util_ads: 0.156, bed_util_des: 0.155, frac_lost: 0.010, li_recovered:  0.060
L: 1.63, u_super: 0.00542, sec: 413525.250, prod: 0.000177, t_ads: 52.0, t_des: 167.0, bed_util_ads: 0.151, bed_util_des: 0.151, frac_lost: 0.010, li_recovered:  0.039
L: 1.76, u_super: 0.00319, sec: 139794.375, prod: 0.000177, t_ads: 93.0, t_des: 356.0, bed_util_ads: 0.134, bed_util_des: 0.133, frac_lost: 0.010, li_recovered:  0.079
L: 1.37, u_super: 0.00166, sec: 43000.105, prod: 0.000152, t_ads: 132.0, t_des: 279.0, bed_util_ads: 0.154, bed_util_des: 0.153, frac_lost: 0.010, li_recovered:  0.062
L: 1.47, u_super: 0.00276, sec: 104634.109, prod: 0.000175, t_ads: 89.0, t_des: 276.0, bed_util_ads: 0.144, bed_util_des: 0.143, frac_lost: 0.010, li_recovered:  0.064
L: 1.79, u_super: 0.00856, sec: 1048842.000, prod: 0.000182, t_ads: 37.0, t_des: 134.0, bed_util_ads: 0.151, bed_util_des: 0.151, frac_lost: 0.010, li_recovered:  0.031
L: 3.88, u_super: 0.00469, sec: 315131.812, prod: 0.000172, t_ads: 136.0, t_des: 529.0, bed_util_ads: 0.127, bed_util_des: 0.125, frac_lost: 0.010, li_recovered:  0.114
L: 3.13, u_super: 0.00364, sec: 194108.562, prod: 0.000166, t_ads: 138.0, t_des: 353.0, bed_util_ads: 0.145, bed_util_des: 0.143, frac_lost: 0.010, li_recovered:  0.081
L: 0.99, u_super: 0.00190, sec: 849958.562, prod: 0.000010, t_ads: 84.0, t_des: 83.0, bed_util_ads: 0.193, bed_util_des: 0.193, frac_lost: 0.010, li_recovered:  0.002
L: 1.08, u_super: 0.00969, sec: 1499301.625, prod: 0.000165, t_ads: 21.0, t_des: 56.0, bed_util_ads: 0.185, bed_util_des: 0.185, frac_lost: 0.010, li_recovered:  0.013
L: 1.73, u_super: 0.00284, sec: 137030.109, prod: 0.000142, t_ads: 99.0, t_des: 198.0, bed_util_ads: 0.163, bed_util_des: 0.163, frac_lost: 0.010, li_recovered:  0.042
L: 1.70, u_super: 0.00244, sec: 82296.203, prod: 0.000173, t_ads: 114.0, t_des: 346.0, bed_util_ads: 0.140, bed_util_des: 0.139, frac_lost: 0.010, li_recovered:  0.079
L: 0.51, u_super: 0.00654, sec: 605920.438, prod: 0.000179, t_ads: 16.0, t_des: 124.0, bed_util_ads: 0.135, bed_util_des: 0.135, frac_lost: 0.012, li_recovered:  0.025
L: 1.61, u_super: 0.00821, sec: 955592.750, prod: 0.000182, t_ads: 35.0, t_des: 129.0, bed_util_ads: 0.151, bed_util_des: 0.151, frac_lost: 0.010, li_recovered:  0.030
L: 1.11, u_super: 0.00190, sec: 65058.105, prod: 0.000132, t_ads: 95.0, t_des: 179.0, bed_util_ads: 0.167, bed_util_des: 0.167, frac_lost: 0.010, li_recovered:  0.036
L: 0.98, u_super: 0.00908, sec: 1230321.500, prod: 0.000175, t_ads: 21.0, t_des: 147.0, bed_util_ads: 0.132, bed_util_des: 0.131, frac_lost: 0.011, li_recovered:  0.029
L: 0.65, u_super: 0.00529, sec: 384259.219, prod: 0.000181, t_ads: 23.0, t_des: 72.0, bed_util_ads: 0.171, bed_util_des: 0.171, frac_lost: 0.010, li_recovered:  0.017
L: 1.71, u_super: 0.00616, sec: 523460.125, prod: 0.000183, t_ads: 49.0, t_des: 196.0, bed_util_ads: 0.143, bed_util_des: 0.142, frac_lost: 0.011, li_recovered:  0.045
L: 2.92, u_super: 0.00404, sec: 231812.984, prod: 0.000172, t_ads: 118.0, t_des: 350.0, bed_util_ads: 0.141, bed_util_des: 0.140, frac_lost: 0.010, li_recovered:  0.081
L: 3.20, u_super: 0.00191, sec: 82960.773, prod: 0.000104, t_ads: 277.0, t_des: 2965.0, bed_util_ads: 0.079, bed_util_des: 0.074, frac_lost: 0.010, li_recovered:  0.337
L: 3.08, u_super: 0.00459, sec: 295973.156, prod: 0.000175, t_ads: 111.0, t_des: 395.0, bed_util_ads: 0.134, bed_util_des: 0.133, frac_lost: 0.010, li_recovered:  0.089
L: 0.56, u_super: 0.00219, sec: 65084.887, prod: 0.000176, t_ads: 45.0, t_des: 130.0, bed_util_ads: 0.163, bed_util_des: 0.162, frac_lost: 0.011, li_recovered:  0.031
L: 0.59, u_super: 0.00460, sec: 318391.719, prod: 0.000164, t_ads: 24.0, t_des: 178.0, bed_util_ads: 0.123, bed_util_des: 0.123, frac_lost: 0.011, li_recovered:  0.033
L: 0.62, u_super: 0.00567, sec: 429080.375, prod: 0.000187, t_ads: 21.0, t_des: 71.0, bed_util_ads: 0.172, bed_util_des: 0.172, frac_lost: 0.011, li_recovered:  0.017
L: 2.08, u_super: 0.00895, sec: 1206493.750, prod: 0.000173, t_ads: 42.0, t_des: 241.0, bed_util_ads: 0.128, bed_util_des: 0.127, frac_lost: 0.011, li_recovered:  0.049
L: 2.02, u_super: 0.00154, sec: 46873.582, prod: 0.000119, t_ads: 197.0, t_des: 313.0, bed_util_ads: 0.154, bed_util_des: 0.153, frac_lost: 0.010, li_recovered:  0.061
L: 0.56, u_super: 0.00382, sec: 203110.203, prod: 0.000176, t_ads: 27.0, t_des: 79.0, bed_util_ads: 0.172, bed_util_des: 0.172, frac_lost: 0.011, li_recovered:  0.019
L: 4.00, u_super: 0.00548, sec: 429601.875, prod: 0.000175, t_ads: 120.0, t_des: 415.0, bed_util_ads: 0.134, bed_util_des: 0.133, frac_lost: 0.010, li_recovered:  0.093
L: 1.08, u_super: 0.00330, sec: 164120.609, prod: 0.000161, t_ads: 56.0, t_des: 139.0, bed_util_ads: 0.165, bed_util_des: 0.164, frac_lost: 0.010, li_recovered:  0.031
L: 1.80, u_super: 0.00873, sec: 1087764.625, prod: 0.000182, t_ads: 37.0, t_des: 130.0, bed_util_ads: 0.154, bed_util_des: 0.154, frac_lost: 0.011, li_recovered:  0.030
L: 0.59, u_super: 0.00402, sec: 213488.500, prod: 0.000186, t_ads: 27.0, t_des: 90.0, bed_util_ads: 0.165, bed_util_des: 0.165, frac_lost: 0.011, li_recovered:  0.022
L: 2.21, u_super: 0.00244, sec: 120632.930, prod: 0.000119, t_ads: 141.0, t_des: 232.0, bed_util_ads: 0.163, bed_util_des: 0.162, frac_lost: 0.010, li_recovered:  0.044
L: 1.73, u_super: 0.00872, sec: 1055934.000, prod: 0.000188, t_ads: 36.0, t_des: 138.0, bed_util_ads: 0.151, bed_util_des: 0.151, frac_lost: 0.011, li_recovered:  0.033
L: 1.90, u_super: 0.00123, sec: 34550.488, prod: 0.000103, t_ads: 225.0, t_des: 314.0, bed_util_ads: 0.154, bed_util_des: 0.153, frac_lost: 0.010, li_recovered:  0.056
L: 0.69, u_super: 0.00539, sec: 668210.750, prod: 0.000109, t_ads: 24.0, t_des: 49.0, bed_util_ads: 0.201, bed_util_des: 0.201, frac_lost: 0.011, li_recovered:  0.008
L: 1.81, u_super: 0.00416, sec: 256782.766, prod: 0.000165, t_ads: 73.0, t_des: 188.0, bed_util_ads: 0.156, bed_util_des: 0.156, frac_lost: 0.010, li_recovered:  0.043
L: 0.66, u_super: 0.00334, sec: 167121.406, prod: 0.000162, t_ads: 35.0, t_des: 90.0, bed_util_ads: 0.172, bed_util_des: 0.172, frac_lost: 0.010, li_recovered:  0.020
L: 3.15, u_super: 0.00191, sec: 59170.703, prod: 0.000147, t_ads: 246.0, t_des: 494.0, bed_util_ads: 0.140, bed_util_des: 0.138, frac_lost: 0.010, li_recovered:  0.109
L: 0.54, u_super: 0.00864, sec: 943012.625, prod: 0.000206, t_ads: 13.0, t_des: 66.0, bed_util_ads: 0.165, bed_util_des: 0.165, frac_lost: 0.011, li_recovered:  0.016
     6 |      240 |     12 |  0.1021408226 |         ideal
L: 0.57, u_super: 0.00592, sec: 452310.688, prod: 0.000195, t_ads: 19.0, t_des: 84.0, bed_util_ads: 0.159, bed_util_des: 0.158, frac_lost: 0.011, li_recovered:  0.020
L: 0.57, u_super: 0.00597, sec: 457343.406, prod: 0.000196, t_ads: 19.0, t_des: 98.0, bed_util_ads: 0.151, bed_util_des: 0.151, frac_lost: 0.011, li_recovered:  0.023
L: 2.02, u_super: 0.00138, sec: 41105.500, prod: 0.000109, t_ads: 216.0, t_des: 316.0, bed_util_ads: 0.154, bed_util_des: 0.153, frac_lost: 0.010, li_recovered:  0.058
L: 0.76, u_super: 0.00374, sec: 188138.656, prod: 0.000181, t_ads: 37.0, t_des: 194.0, bed_util_ads: 0.135, bed_util_des: 0.134, frac_lost: 0.011, li_recovered:  0.042
L: 1.71, u_super: 0.00244, sec: 83554.359, prod: 0.000170, t_ads: 114.0, t_des: 316.0, bed_util_ads: 0.144, bed_util_des: 0.143, frac_lost: 0.010, li_recovered:  0.073
L: 0.73, u_super: 0.00180, sec: 59145.309, prod: 0.000130, t_ads: 68.0, t_des: 133.0, bed_util_ads: 0.172, bed_util_des: 0.172, frac_lost: 0.010, li_recovered:  0.026
L: 1.90, u_super: 0.00191, sec: 430022.719, prod: 0.000020, t_ads: 149.0, t_des: 135.0, bed_util_ads: 0.178, bed_util_des: 0.178, frac_lost: 0.010, li_recovered:  0.006
L: 0.83, u_super: 0.00883, sec: 1008029.000, prod: 0.000202, t_ads: 19.0, t_des: 95.0, bed_util_ads: 0.156, bed_util_des: 0.156, frac_lost: 0.013, li_recovered:  0.023
L: 0.62, u_super: 0.00162, sec: 233662.875, prod: 0.000027, t_ads: 63.0, t_des: 72.0, bed_util_ads: 0.195, bed_util_des: 0.195, frac_lost: 0.010, li_recovered:  0.004
L: 1.70, u_super: 0.00264, sec: 96566.500, prod: 0.000173, t_ads: 106.0, t_des: 308.0, bed_util_ads: 0.144, bed_util_des: 0.143, frac_lost: 0.010, li_recovered:  0.072
L: 2.82, u_super: 0.00530, sec: 585952.312, prod: 0.000119, t_ads: 87.0, t_des: 153.0, bed_util_ads: 0.172, bed_util_des: 0.171, frac_lost: 0.010, li_recovered:  0.029
L: 0.62, u_super: 0.00192, sec: 59745.891, prod: 0.000146, t_ads: 55.0, t_des: 120.0, bed_util_ads: 0.172, bed_util_des: 0.171, frac_lost: 0.010, li_recovered:  0.026
L: 1.50, u_super: 0.00872, sec: 1046949.688, prod: 0.000189, t_ads: 32.0, t_des: 131.0, bed_util_ads: 0.151, bed_util_des: 0.151, frac_lost: 0.011, li_recovered:  0.031
L: 1.91, u_super: 0.00173, sec: 41778.965, prod: 0.000169, t_ads: 176.0, t_des: 524.0, bed_util_ads: 0.133, bed_util_des: 0.132, frac_lost: 0.010, li_recovered:  0.119
L: 1.53, u_super: 0.00538, sec: 432548.906, prod: 0.000167, t_ads: 50.0, t_des: 284.0, bed_util_ads: 0.124, bed_util_des: 0.123, frac_lost: 0.010, li_recovered:  0.056
L: 3.17, u_super: 0.00190, sec: 67351.422, prod: 0.000127, t_ads: 271.0, t_des: 2033.0, bed_util_ads: 0.091, bed_util_des: 0.087, frac_lost: 0.010, li_recovered:  0.294
L: 1.66, u_super: 0.00166, sec: 46723.199, prod: 0.000140, t_ads: 156.0, t_des: 298.0, bed_util_ads: 0.154, bed_util_des: 0.153, frac_lost: 0.010, li_recovered:  0.064
L: 0.53, u_super: 0.00880, sec: 913695.250, prod: 0.000221, t_ads: 13.0, t_des: 59.0, bed_util_ads: 0.177, bed_util_des: 0.177, frac_lost: 0.013, li_recovered:  0.016
L: 0.59, u_super: 0.00873, sec: 946104.500, prod: 0.000210, t_ads: 14.0, t_des: 61.0, bed_util_ads: 0.172, bed_util_des: 0.172, frac_lost: 0.011, li_recovered:  0.016
L: 1.79, u_super: 0.00860, sec: 1206496.125, prod: 0.000159, t_ads: 37.0, t_des: 94.0, bed_util_ads: 0.173, bed_util_des: 0.172, frac_lost: 0.010, li_recovered:  0.021
L: 0.59, u_super: 0.00543, sec: 438070.719, prod: 0.000168, t_ads: 21.0, t_des: 56.0, bed_util_ads: 0.189, bed_util_des: 0.189, frac_lost: 0.012, li_recovered:  0.013
L: 2.99, u_super: 0.00191, sec: 52909.738, prod: 0.000165, t_ads: 243.0, t_des: 813.0, bed_util_ads: 0.122, bed_util_des: 0.119, frac_lost: 0.010, li_recovered:  0.174
L: 1.45, u_super: 0.00616, sec: 520918.594, prod: 0.000184, t_ads: 42.0, t_des: 175.0, bed_util_ads: 0.143, bed_util_des: 0.142, frac_lost: 0.011, li_recovered:  0.040
L: 1.41, u_super: 0.00389, sec: 211429.953, prod: 0.000175, t_ads: 62.0, t_des: 182.0, bed_util_ads: 0.154, bed_util_des: 0.153, frac_lost: 0.010, li_recovered:  0.043
L: 1.26, u_super: 0.00148, sec: 35251.695, prod: 0.000148, t_ads: 135.0, t_des: 277.0, bed_util_ads: 0.154, bed_util_des: 0.154, frac_lost: 0.010, li_recovered:  0.061
L: 1.79, u_super: 0.00969, sec: 1301803.750, prod: 0.000190, t_ads: 34.0, t_des: 138.0, bed_util_ads: 0.150, bed_util_des: 0.150, frac_lost: 0.011, li_recovered:  0.033
L: 0.65, u_super: 0.00516, sec: 414240.750, prod: 0.000160, t_ads: 24.0, t_des: 60.0, bed_util_ads: 0.190, bed_util_des: 0.190, frac_lost: 0.012, li_recovered:  0.013
L: 1.70, u_super: 0.00162, sec: 37996.457, prod: 0.000164, t_ads: 165.0, t_des: 421.0, bed_util_ads: 0.141, bed_util_des: 0.139, frac_lost: 0.010, li_recovered:  0.096
L: 0.65, u_super: 0.00458, sec: 290156.062, prod: 0.000178, t_ads: 27.0, t_des: 164.0, bed_util_ads: 0.133, bed_util_des: 0.133, frac_lost: 0.011, li_recovered:  0.034
L: 0.60, u_super: 0.00371, sec: 185648.328, prod: 0.000180, t_ads: 30.0, t_des: 169.0, bed_util_ads: 0.135, bed_util_des: 0.134, frac_lost: 0.011, li_recovered:  0.036
L: 3.09, u_super: 0.00555, sec: 440177.438, prod: 0.000175, t_ads: 93.0, t_des: 282.0, bed_util_ads: 0.145, bed_util_des: 0.144, frac_lost: 0.010, li_recovered:  0.066
L: 2.94, u_super: 0.00199, sec: 61617.301, prod: 0.000152, t_ads: 224.0, t_des: 483.0, bed_util_ads: 0.140, bed_util_des: 0.138, frac_lost: 0.010, li_recovered:  0.108
L: 0.99, u_super: 0.00190, sec: 51829.914, prod: 0.000166, t_ads: 87.0, t_des: 223.0, bed_util_ads: 0.154, bed_util_des: 0.154, frac_lost: 0.010, li_recovered:  0.051
L: 0.77, u_super: 0.00878, sec: 975552.438, prod: 0.000206, t_ads: 18.0, t_des: 94.0, bed_util_ads: 0.156, bed_util_des: 0.156, frac_lost: 0.013, li_recovered:  0.023
L: 1.67, u_super: 0.00154, sec: 64379.867, prod: 0.000087, t_ads: 165.0, t_des: 218.0, bed_util_ads: 0.166, bed_util_des: 0.166, frac_lost: 0.010, li_recovered:  0.033
L: 0.62, u_super: 0.00611, sec: 473808.469, prod: 0.000198, t_ads: 20.0, t_des: 71.0, bed_util_ads: 0.172, bed_util_des: 0.172, frac_lost: 0.011, li_recovered:  0.018
L: 1.90, u_super: 0.00123, sec: 34703.711, prod: 0.000103, t_ads: 225.0, t_des: 313.0, bed_util_ads: 0.154, bed_util_des: 0.153, frac_lost: 0.010, li_recovered:  0.055
L: 0.63, u_super: 0.00934, sec: 1120780.250, prod: 0.000204, t_ads: 14.0, t_des: 68.0, bed_util_ads: 0.165, bed_util_des: 0.165, frac_lost: 0.011, li_recovered:  0.017
L: 0.56, u_super: 0.00220, sec: inf, prod: 0.000000, t_ads: 43.0, t_des: 0.0, bed_util_ads: 0.215, bed_util_des: 0.215, frac_lost: 0.010, li_recovered:  0.000
L: 0.77, u_super: 0.00571, sec: 433991.594, prod: 0.000188, t_ads: 25.0, t_des: 98.0, bed_util_ads: 0.156, bed_util_des: 0.156, frac_lost: 0.010, li_recovered:  0.023
     7 |      280 |     17 |  0.1272595607 |         ideal
L: 1.97, u_super: 0.00123, sec: 36034.109, prod: 0.000099, t_ads: 232.0, t_des: 314.0, bed_util_ads: 0.154, bed_util_des: 0.153, frac_lost: 0.010, li_recovered:  0.054
L: 0.54, u_super: 0.00219, sec: 67410.352, prod: 0.000170, t_ads: 43.0, t_des: 121.0, bed_util_ads: 0.163, bed_util_des: 0.162, frac_lost: 0.010, li_recovered:  0.028
L: 1.46, u_super: 0.00125, sec: 27279.875, prod: 0.000134, t_ads: 179.0, t_des: 321.0, bed_util_ads: 0.153, bed_util_des: 0.152, frac_lost: 0.010, li_recovered:  0.067
L: 0.53, u_super: 0.00894, sec: 1022416.250, prod: 0.000204, t_ads: 13.0, t_des: 88.0, bed_util_ads: 0.153, bed_util_des: 0.153, frac_lost: 0.013, li_recovered:  0.021
L: 0.62, u_super: 0.00966, sec: 1091409.750, prod: 0.000225, t_ads: 14.0, t_des: 64.0, bed_util_ads: 0.177, bed_util_des: 0.177, frac_lost: 0.014, li_recovered:  0.018
L: 1.71, u_super: 0.00402, sec: 264133.406, prod: 0.000150, t_ads: 71.0, t_des: 157.0, bed_util_ads: 0.165, bed_util_des: 0.164, frac_lost: 0.010, li_recovered:  0.034
L: 0.79, u_super: 0.00515, sec: 398067.281, prod: 0.000166, t_ads: 28.0, t_des: 184.0, bed_util_ads: 0.125, bed_util_des: 0.125, frac_lost: 0.010, li_recovered:  0.035
L: 0.77, u_super: 0.00571, sec: 440174.906, prod: 0.000186, t_ads: 25.0, t_des: 93.0, bed_util_ads: 0.159, bed_util_des: 0.158, frac_lost: 0.010, li_recovered:  0.022
L: 0.62, u_super: 0.00536, sec: 389900.781, prod: 0.000183, t_ads: 22.0, t_des: 72.0, bed_util_ads: 0.172, bed_util_des: 0.172, frac_lost: 0.011, li_recovered:  0.017
L: 0.61, u_super: 0.00555, sec: 468341.906, prod: 0.000164, t_ads: 21.0, t_des: 56.0, bed_util_ads: 0.186, bed_util_des: 0.186, frac_lost: 0.011, li_recovered:  0.013
L: 1.18, u_super: 0.00178, sec: 56702.031, prod: 0.000132, t_ads: 107.0, t_des: 197.0, bed_util_ads: 0.165, bed_util_des: 0.165, frac_lost: 0.010, li_recovered:  0.040
L: 0.57, u_super: 0.00614, sec: 484753.281, prod: 0.000196, t_ads: 18.0, t_des: 65.0, bed_util_ads: 0.172, bed_util_des: 0.172, frac_lost: 0.011, li_recovered:  0.016
L: 0.63, u_super: 0.00571, sec: 423210.375, prod: 0.000193, t_ads: 21.0, t_des: 90.0, bed_util_ads: 0.156, bed_util_des: 0.156, frac_lost: 0.010, li_recovered:  0.021
L: 0.59, u_super: 0.00402, sec: 216889.578, prod: 0.000183, t_ads: 27.0, t_des: 89.0, bed_util_ads: 0.165, bed_util_des: 0.165, frac_lost: 0.011, li_recovered:  0.021
L: 0.59, u_super: 0.00462, sec: 273821.812, prod: 0.000192, t_ads: 24.0, t_des: 108.0, bed_util_ads: 0.151, bed_util_des: 0.151, frac_lost: 0.011, li_recovered:  0.025
L: 0.59, u_super: 0.00827, sec: 921159.875, prod: 0.000192, t_ads: 15.0, t_des: 107.0, bed_util_ads: 0.143, bed_util_des: 0.143, frac_lost: 0.012, li_recovered:  0.023
L: 0.65, u_super: 0.00194, sec: 63192.371, prod: 0.000142, t_ads: 57.0, t_des: 121.0, bed_util_ads: 0.171, bed_util_des: 0.171, frac_lost: 0.010, li_recovered:  0.025
L: 0.62, u_super: 0.00371, sec: 178443.922, prod: 0.000188, t_ads: 31.0, t_des: 122.0, bed_util_ads: 0.153, bed_util_des: 0.152, frac_lost: 0.011, li_recovered:  0.029
L: 0.58, u_super: 0.00371, sec: 198786.672, prod: 0.000168, t_ads: 29.0, t_des: 198.0, bed_util_ads: 0.125, bed_util_des: 0.125, frac_lost: 0.011, li_recovered:  0.038
L: 1.38, u_super: 0.00276, sec: 104287.148, prod: 0.000176, t_ads: 84.0, t_des: 267.0, bed_util_ads: 0.144, bed_util_des: 0.143, frac_lost: 0.010, li_recovered:  0.062
L: 2.05, u_super: 0.00118, sec: 383008.250, prod: 0.000008, t_ads: 240.0, t_des: 175.0, bed_util_ads: 0.165, bed_util_des: 0.165, frac_lost: 0.010, li_recovered:  0.004
L: 0.53, u_super: 0.00512, sec: 343527.188, prod: 0.000190, t_ads: 20.0, t_des: 69.0, bed_util_ads: 0.172, bed_util_des: 0.172, frac_lost: 0.011, li_recovered:  0.017
L: 1.90, u_super: 0.00107, sec: 31644.867, prod: 0.000085, t_ads: 252.0, t_des: 306.0, bed_util_ads: 0.154, bed_util_des: 0.153, frac_lost: 0.010, li_recovered:  0.047
L: 0.65, u_super: 0.00162, sec: 34976.758, prod: 0.000178, t_ads: 68.0, t_des: 246.0, bed_util_ads: 0.141, bed_util_des: 0.140, frac_lost: 0.010, li_recovered:  0.056
L: 1.68, u_super: 0.00164, sec: 46207.848, prod: 0.000139, t_ads: 158.0, t_des: 297.0, bed_util_ads: 0.154, bed_util_des: 0.153, frac_lost: 0.010, li_recovered:  0.063
L: 0.57, u_super: 0.00592, sec: 443086.156, prod: 0.000199, t_ads: 19.0, t_des: 89.0, bed_util_ads: 0.156, bed_util_des: 0.156, frac_lost: 0.011, li_recovered:  0.021
L: 0.80, u_super: 0.00377, sec: 194267.922, prod: 0.000179, t_ads: 38.0, t_des: 192.0, bed_util_ads: 0.135, bed_util_des: 0.134, frac_lost: 0.011, li_recovered:  0.041
L: 0.77, u_super: 0.00863, sec: 974595.375, prod: 0.000199, t_ads: 18.0, t_des: 89.0, bed_util_ads: 0.156, bed_util_des: 0.156, frac_lost: 0.012, li_recovered:  0.021
L: 0.67, u_super: 0.00841, sec: 926771.125, prod: 0.000198, t_ads: 16.0, t_des: 85.0, bed_util_ads: 0.154, bed_util_des: 0.154, frac_lost: 0.011, li_recovered:  0.020
L: 0.58, u_super: 0.00325, sec: 139911.594, prod: 0.000183, t_ads: 32.0, t_des: 109.0, bed_util_ads: 0.159, bed_util_des: 0.158, frac_lost: 0.010, li_recovered:  0.026
L: 0.77, u_super: 0.00458, sec: 289342.062, prod: 0.000178, t_ads: 31.0, t_des: 175.0, bed_util_ads: 0.133, bed_util_des: 0.133, frac_lost: 0.011, li_recovered:  0.037
L: 0.63, u_super: 0.00531, sec: 392956.594, prod: 0.000179, t_ads: 22.0, t_des: 69.0, bed_util_ads: 0.172, bed_util_des: 0.172, frac_lost: 0.010, li_recovered:  0.016
L: 1.76, u_super: 0.00319, sec: 166263.500, prod: 0.000148, t_ads: 91.0, t_des: 193.0, bed_util_ads: 0.163, bed_util_des: 0.162, frac_lost: 0.010, li_recovered:  0.042
L: 1.47, u_super: 0.00276, sec: 160344.453, prod: 0.000114, t_ads: 87.0, t_des: 149.0, bed_util_ads: 0.173, bed_util_des: 0.173, frac_lost: 0.010, li_recovered:  0.027
L: 3.15, u_super: 0.00523, sec: 801386.875, prod: 0.000085, t_ads: 104.0, t_des: 1770.0, bed_util_ads: 0.074, bed_util_des: 0.072, frac_lost: 0.010, li_recovered:  0.159
L: 1.64, u_super: 0.00105, sec: 16717.756, prod: 0.000155, t_ads: 236.0, t_des: 529.0, bed_util_ads: 0.137, bed_util_des: 0.135, frac_lost: 0.010, li_recovered:  0.118
L: 0.56, u_super: 0.00219, sec: 75809.734, prod: 0.000151, t_ads: 44.0, t_des: 102.0, bed_util_ads: 0.172, bed_util_des: 0.172, frac_lost: 0.010, li_recovered:  0.022
L: 0.59, u_super: 0.00376, sec: 180057.438, prod: 0.000191, t_ads: 29.0, t_des: 107.0, bed_util_ads: 0.159, bed_util_des: 0.158, frac_lost: 0.011, li_recovered:  0.026
L: 0.58, u_super: 0.00148, sec: 42880.539, prod: 0.000121, t_ads: 66.0, t_des: 123.0, bed_util_ads: 0.176, bed_util_des: 0.176, frac_lost: 0.010, li_recovered:  0.023
L: 1.59, u_super: 0.00402, sec: 229095.266, prod: 0.000173, t_ads: 67.0, t_des: 192.0, bed_util_ads: 0.153, bed_util_des: 0.153, frac_lost: 0.010, li_recovered:  0.045
     8 |      320 |     11 |  0.0639174902 |         ideal
L: 0.58, u_super: 0.00592, sec: 456364.656, prod: 0.000193, t_ads: 19.0, t_des: 87.0, bed_util_ads: 0.156, bed_util_des: 0.156, frac_lost: 0.011, li_recovered:  0.020
L: 0.77, u_super: 0.00878, sec: 1062759.875, prod: 0.000189, t_ads: 18.0, t_des: 123.0, bed_util_ads: 0.140, bed_util_des: 0.140, frac_lost: 0.013, li_recovered:  0.027
L: 0.59, u_super: 0.00462, sec: 292139.438, prod: 0.000180, t_ads: 24.0, t_des: 143.0, bed_util_ads: 0.135, bed_util_des: 0.135, frac_lost: 0.011, li_recovered:  0.030
L: 0.54, u_super: 0.00864, sec: 948939.625, prod: 0.000205, t_ads: 13.0, t_des: 55.0, bed_util_ads: 0.176, bed_util_des: 0.176, frac_lost: 0.011, li_recovered:  0.014
L: 0.59, u_super: 0.00941, sec: 1138306.125, prod: 0.000204, t_ads: 13.0, t_des: 53.0, bed_util_ads: 0.178, bed_util_des: 0.178, frac_lost: 0.011, li_recovered:  0.013
L: 0.57, u_super: 0.00148, sec: 32465.906, prod: 0.000160, t_ads: 65.0, t_des: 159.0, bed_util_ads: 0.163, bed_util_des: 0.162, frac_lost: 0.010, li_recovered:  0.036
L: 0.59, u_super: 0.00367, sec: 178389.766, prod: 0.000184, t_ads: 29.0, t_des: 101.0, bed_util_ads: 0.159, bed_util_des: 0.158, frac_lost: 0.010, li_recovered:  0.024
L: 0.52, u_super: 0.00284, sec: 108525.844, prod: 0.000179, t_ads: 33.0, t_des: 101.0, bed_util_ads: 0.165, bed_util_des: 0.165, frac_lost: 0.011, li_recovered:  0.024
L: 0.58, u_super: 0.00663, sec: 548163.688, prod: 0.000204, t_ads: 18.0, t_des: 93.0, bed_util_ads: 0.156, bed_util_des: 0.156, frac_lost: 0.013, li_recovered:  0.023
L: 0.62, u_super: 0.00671, sec: 610648.375, prod: 0.000187, t_ads: 18.0, t_des: 63.0, bed_util_ads: 0.172, bed_util_des: 0.172, frac_lost: 0.010, li_recovered:  0.015
L: 1.70, u_super: 0.00160, sec: 225461.578, prod: 0.000027, t_ads: 158.0, t_des: 147.0, bed_util_ads: 0.176, bed_util_des: 0.176, frac_lost: 0.010, li_recovered:  0.008
L: 1.14, u_super: 0.00455, sec: 301609.500, prod: 0.000169, t_ads: 45.0, t_des: 265.0, bed_util_ads: 0.125, bed_util_des: 0.124, frac_lost: 0.011, li_recovered:  0.052
L: 0.62, u_super: 0.00647, sec: 535184.000, prod: 0.000198, t_ads: 19.0, t_des: 70.0, bed_util_ads: 0.173, bed_util_des: 0.172, frac_lost: 0.012, li_recovered:  0.018
L: 1.98, u_super: 0.00215, sec: 263991.281, prod: 0.000042, t_ads: 140.0, t_des: 144.0, bed_util_ads: 0.177, bed_util_des: 0.177, frac_lost: 0.010, li_recovered:  0.012
L: 0.60, u_super: 0.00371, sec: 207951.562, prod: 0.000161, t_ads: 29.0, t_des: 77.0, bed_util_ads: 0.174, bed_util_des: 0.174, frac_lost: 0.010, li_recovered:  0.017
L: 0.66, u_super: 0.00162, sec: 34670.797, prod: 0.000180, t_ads: 70.0, t_des: 257.0, bed_util_ads: 0.141, bed_util_des: 0.140, frac_lost: 0.010, li_recovered:  0.059
L: 0.77, u_super: 0.00360, sec: 174022.562, prod: 0.000181, t_ads: 38.0, t_des: 126.0, bed_util_ads: 0.156, bed_util_des: 0.156, frac_lost: 0.010, li_recovered:  0.030
L: 0.53, u_super: 0.00880, sec: 947505.125, prod: 0.000213, t_ads: 13.0, t_des: 53.0, bed_util_ads: 0.184, bed_util_des: 0.184, frac_lost: 0.013, li_recovered:  0.014
L: 0.77, u_super: 0.00162, sec: 35242.633, prod: 0.000177, t_ads: 80.0, t_des: 256.0, bed_util_ads: 0.145, bed_util_des: 0.144, frac_lost: 0.010, li_recovered:  0.059
L: 1.64, u_super: 0.00105, sec: 22690.627, prod: 0.000114, t_ads: 229.0, t_des: 343.0, bed_util_ads: 0.152, bed_util_des: 0.151, frac_lost: 0.010, li_recovered:  0.065
L: 0.62, u_super: 0.00878, sec: 914601.062, prod: 0.000219, t_ads: 15.0, t_des: 69.0, bed_util_ads: 0.172, bed_util_des: 0.172, frac_lost: 0.013, li_recovered:  0.018
L: 1.90, u_super: 0.00247, sec: 93959.820, prod: 0.000155, t_ads: 124.0, t_des: 272.0, bed_util_ads: 0.154, bed_util_des: 0.153, frac_lost: 0.010, li_recovered:  0.062
L: 0.92, u_super: 0.00152, sec: 34196.918, prod: 0.000160, t_ads: 99.0, t_des: 236.0, bed_util_ads: 0.154, bed_util_des: 0.153, frac_lost: 0.010, li_recovered:  0.054
L: 1.73, u_super: 0.00159, sec: 36530.852, prod: 0.000163, t_ads: 172.0, t_des: 431.0, bed_util_ads: 0.141, bed_util_des: 0.139, frac_lost: 0.010, li_recovered:  0.098
L: 1.40, u_super: 0.00132, sec: 29415.910, prod: 0.000141, t_ads: 164.0, t_des: 313.0, bed_util_ads: 0.153, bed_util_des: 0.152, frac_lost: 0.010, li_recovered:  0.067
L: 1.90, u_super: 0.00146, sec: 42094.812, prod: 0.000120, t_ads: 195.0, t_des: 313.0, bed_util_ads: 0.154, bed_util_des: 0.153, frac_lost: 0.010, li_recovered:  0.061
L: 0.53, u_super: 0.00951, sec: 1290922.875, prod: 0.000184, t_ads: 12.0, t_des: 101.0, bed_util_ads: 0.140, bed_util_des: 0.140, frac_lost: 0.011, li_recovered:  0.021
L: 0.59, u_super: 0.00213, sec: 65403.469, prod: 0.000166, t_ads: 48.0, t_des: 127.0, bed_util_ads: 0.165, bed_util_des: 0.164, frac_lost: 0.010, li_recovered:  0.029
L: 0.67, u_super: 0.00794, sec: 855765.125, prod: 0.000190, t_ads: 17.0, t_des: 110.0, bed_util_ads: 0.142, bed_util_des: 0.142, frac_lost: 0.012, li_recovered:  0.024
L: 0.55, u_super: 0.00854, sec: 916885.375, prod: 0.000206, t_ads: 14.0, t_des: 90.0, bed_util_ads: 0.154, bed_util_des: 0.153, frac_lost: 0.013, li_recovered:  0.021
L: 0.51, u_super: 0.00512, sec: 363193.156, prod: 0.000179, t_ads: 20.0, t_des: 146.0, bed_util_ads: 0.133, bed_util_des: 0.133, frac_lost: 0.012, li_recovered:  0.030
L: 1.64, u_super: 0.00168, sec: 39425.641, prod: 0.000170, t_ads: 156.0, t_des: 455.0, bed_util_ads: 0.136, bed_util_des: 0.135, frac_lost: 0.010, li_recovered:  0.104
L: 0.66, u_super: 0.00880, sec: 1010829.438, prod: 0.000200, t_ads: 15.0, t_des: 59.0, bed_util_ads: 0.172, bed_util_des: 0.172, frac_lost: 0.010, li_recovered:  0.015
L: 1.72, u_super: 0.00591, sec: 487841.438, prod: 0.000180, t_ads: 51.0, t_des: 159.0, bed_util_ads: 0.156, bed_util_des: 0.155, frac_lost: 0.011, li_recovered:  0.038
L: 1.72, u_super: 0.00107, sec: 30893.225, prod: 0.000087, t_ads: 232.0, t_des: 289.0, bed_util_ads: 0.156, bed_util_des: 0.156, frac_lost: 0.010, li_recovered:  0.045
L: 0.58, u_super: 0.00169, sec: 52650.035, prod: 0.000129, t_ads: 58.0, t_des: 113.0, bed_util_ads: 0.176, bed_util_des: 0.176, frac_lost: 0.010, li_recovered:  0.022
L: 0.54, u_super: 0.00365, sec: 178163.172, prod: 0.000182, t_ads: 27.0, t_des: 88.0, bed_util_ads: 0.165, bed_util_des: 0.165, frac_lost: 0.010, li_recovered:  0.021
L: 0.52, u_super: 0.00106, sec: 15025.493, prod: 0.000177, t_ads: 83.0, t_des: 313.0, bed_util_ads: 0.137, bed_util_des: 0.136, frac_lost: 0.010, li_recovered:  0.070
L: 0.77, u_super: 0.00878, sec: 1048626.125, prod: 0.000191, t_ads: 17.0, t_des: 83.0, bed_util_ads: 0.154, bed_util_des: 0.153, frac_lost: 0.010, li_recovered:  0.019
L: 0.53, u_super: 0.00887, sec: 941870.812, prod: 0.000218, t_ads: 13.0, t_des: 59.0, bed_util_ads: 0.177, bed_util_des: 0.177, frac_lost: 0.013, li_recovered:  0.016
     9 |      360 |     13 |  0.4715407514 |         nadir
L: 0.62, u_super: 0.00643, sec: 520653.375, prod: 0.000201, t_ads: 19.0, t_des: 79.0, bed_util_ads: 0.164, bed_util_des: 0.164, frac_lost: 0.012, li_recovered:  0.020
L: 0.59, u_super: 0.00887, sec: 986166.438, prod: 0.000208, t_ads: 14.0, t_des: 64.0, bed_util_ads: 0.171, bed_util_des: 0.171, frac_lost: 0.012, li_recovered:  0.016
L: 0.90, u_super: 0.00659, sec: 719650.625, prod: 0.000153, t_ads: 25.0, t_des: 62.0, bed_util_ads: 0.183, bed_util_des: 0.183, frac_lost: 0.010, li_recovered:  0.013
L: 1.64, u_super: 0.00092, sec: 27524.148, prod: 0.000073, t_ads: 250.0, t_des: 281.0, bed_util_ads: 0.156, bed_util_des: 0.155, frac_lost: 0.010, li_recovered:  0.039
L: 0.93, u_super: 0.00884, sec: 1074692.250, prod: 0.000190, t_ads: 20.0, t_des: 90.0, bed_util_ads: 0.154, bed_util_des: 0.153, frac_lost: 0.010, li_recovered:  0.021
L: 0.71, u_super: 0.00161, sec: 34511.695, prod: 0.000178, t_ads: 75.0, t_des: 265.0, bed_util_ads: 0.141, bed_util_des: 0.140, frac_lost: 0.010, li_recovered:  0.060
L: 0.78, u_super: 0.00133, sec: 48489.406, prod: 0.000085, t_ads: 101.0, t_des: 1695.0, bed_util_ads: 0.075, bed_util_des: 0.072, frac_lost: 0.010, li_recovered:  0.153
L: 1.55, u_super: 0.00122, sec: 21428.857, prod: 0.000163, t_ads: 198.0, t_des: 509.0, bed_util_ads: 0.136, bed_util_des: 0.135, frac_lost: 0.010, li_recovered:  0.116
L: 0.62, u_super: 0.00462, sec: 300963.344, prod: 0.000175, t_ads: 25.0, t_des: 74.0, bed_util_ads: 0.173, bed_util_des: 0.172, frac_lost: 0.010, li_recovered:  0.017
L: 0.67, u_super: 0.00107, sec: 17085.025, prod: 0.000159, t_ads: 102.0, t_des: 235.0, bed_util_ads: 0.155, bed_util_des: 0.155, frac_lost: 0.010, li_recovered:  0.053
L: 0.57, u_super: 0.00652, sec: 566596.938, prod: 0.000190, t_ads: 17.0, t_des: 85.0, bed_util_ads: 0.152, bed_util_des: 0.152, frac_lost: 0.010, li_recovered:  0.019
L: 0.92, u_super: 0.00508, sec: 350560.812, prod: 0.000182, t_ads: 33.0, t_des: 103.0, bed_util_ads: 0.165, bed_util_des: 0.165, frac_lost: 0.011, li_recovered:  0.025
L: 0.62, u_super: 0.00087, sec: 11821.313, prod: 0.000149, t_ads: 115.0, t_des: 238.0, bed_util_ads: 0.158, bed_util_des: 0.158, frac_lost: 0.010, li_recovered:  0.053
L: 0.62, u_super: 0.00146, sec: 28579.906, prod: 0.000176, t_ads: 72.0, t_des: 233.0, bed_util_ads: 0.145, bed_util_des: 0.144, frac_lost: 0.010, li_recovered:  0.054
L: 1.65, u_super: 0.00396, sec: 252793.938, prod: 0.000151, t_ads: 70.0, t_des: 157.0, bed_util_ads: 0.165, bed_util_des: 0.165, frac_lost: 0.010, li_recovered:  0.034
L: 0.60, u_super: 0.00371, sec: 184609.516, prod: 0.000181, t_ads: 30.0, t_des: 167.0, bed_util_ads: 0.136, bed_util_des: 0.135, frac_lost: 0.011, li_recovered:  0.036
L: 0.57, u_super: 0.00404, sec: 221335.578, prod: 0.000181, t_ads: 26.0, t_des: 93.0, bed_util_ads: 0.159, bed_util_des: 0.158, frac_lost: 0.010, li_recovered:  0.022
L: 0.62, u_super: 0.00969, sec: 1100575.250, prod: 0.000225, t_ads: 14.0, t_des: 69.0, bed_util_ads: 0.173, bed_util_des: 0.172, frac_lost: 0.014, li_recovered:  0.019
L: 0.53, u_super: 0.00376, sec: 205968.812, prod: 0.000167, t_ads: 26.0, t_des: 70.0, bed_util_ads: 0.178, bed_util_des: 0.178, frac_lost: 0.010, li_recovered:  0.016
L: 0.58, u_super: 0.00560, sec: 405900.031, prod: 0.000193, t_ads: 20.0, t_des: 88.0, bed_util_ads: 0.156, bed_util_des: 0.156, frac_lost: 0.011, li_recovered:  0.021
L: 0.55, u_super: 0.00402, sec: 277704.125, prod: 0.000143, t_ads: 25.0, t_des: 58.0, bed_util_ads: 0.188, bed_util_des: 0.187, frac_lost: 0.010, li_recovered:  0.012
L: 0.55, u_super: 0.00187, sec: 46936.883, prod: 0.000176, t_ads: 51.0, t_des: 158.0, bed_util_ads: 0.154, bed_util_des: 0.153, frac_lost: 0.010, li_recovered:  0.037
L: 0.51, u_super: 0.00108, sec: 15483.854, prod: 0.000176, t_ads: 80.0, t_des: 299.0, bed_util_ads: 0.136, bed_util_des: 0.136, frac_lost: 0.010, li_recovered:  0.067
L: 1.52, u_super: 0.00162, sec: inf, prod: 0.000000, t_ads: 139.0, t_des: 0.0, bed_util_ads: 0.193, bed_util_des: 0.193, frac_lost: 0.010, li_recovered:  0.000
L: 0.66, u_super: 0.00162, sec: inf, prod: 0.000000, t_ads: 67.0, t_des: 0.0, bed_util_ads: 0.202, bed_util_des: 0.202, frac_lost: 0.010, li_recovered:  0.000
L: 0.59, u_super: 0.00525, sec: inf, prod: 0.000000, t_ads: 21.0, t_des: 0.0, bed_util_ads: 0.241, bed_util_des: 0.241, frac_lost: 0.011, li_recovered:  0.000
L: 0.59, u_super: 0.00611, sec: 477486.281, prod: 0.000197, t_ads: 19.0, t_des: 96.0, bed_util_ads: 0.152, bed_util_des: 0.152, frac_lost: 0.011, li_recovered:  0.023
L: 1.24, u_super: 0.00126, sec: 21920.441, prod: 0.000170, t_ads: 158.0, t_des: 481.0, bed_util_ads: 0.134, bed_util_des: 0.133, frac_lost: 0.010, li_recovered:  0.109
L: 0.52, u_super: 0.00858, sec: 1395648.375, prod: 0.000137, t_ads: 13.0, t_des: 181.0, bed_util_ads: 0.113, bed_util_des: 0.113, frac_lost: 0.012, li_recovered:  0.027
L: 1.50, u_super: 0.00144, sec: 30834.131, prod: 0.000159, t_ads: 171.0, t_des: 866.0, bed_util_ads: 0.112, bed_util_des: 0.110, frac_lost: 0.010, li_recovered:  0.165
L: 0.59, u_super: 0.00152, sec: 30546.137, prod: 0.000180, t_ads: 67.0, t_des: 248.0, bed_util_ads: 0.141, bed_util_des: 0.140, frac_lost: 0.010, li_recovered:  0.057
L: 0.59, u_super: 0.00966, sec: 1167545.875, prod: 0.000211, t_ads: 13.0, t_des: 58.0, bed_util_ads: 0.176, bed_util_des: 0.176, frac_lost: 0.012, li_recovered:  0.015
L: 0.76, u_super: 0.00878, sec: 1063671.125, prod: 0.000189, t_ads: 17.0, t_des: 62.0, bed_util_ads: 0.172, bed_util_des: 0.172, frac_lost: 0.010, li_recovered:  0.015
L: 0.58, u_super: 0.00112, sec: 17192.908, prod: 0.000171, t_ads: 87.0, t_des: 238.0, bed_util_ads: 0.151, bed_util_des: 0.151, frac_lost: 0.010, li_recovered:  0.055
L: 1.64, u_super: 0.00049, sec: 7105.239, prod: 0.000079, t_ads: 427.0, t_des: 454.0, bed_util_ads: 0.135, bed_util_des: 0.134, frac_lost: 0.010, li_recovered:  0.069
L: 0.59, u_super: 0.00599, sec: 459056.469, prod: 0.000196, t_ads: 19.0, t_des: 87.0, bed_util_ads: 0.156, bed_util_des: 0.156, frac_lost: 0.011, li_recovered:  0.021
L: 0.58, u_super: 0.00380, sec: 190558.625, prod: 0.000185, t_ads: 28.0, t_des: 101.0, bed_util_ads: 0.158, bed_util_des: 0.158, frac_lost: 0.010, li_recovered:  0.024
L: 0.57, u_super: 0.00603, sec: 459919.531, prod: 0.000199, t_ads: 19.0, t_des: 92.0, bed_util_ads: 0.156, bed_util_des: 0.156, frac_lost: 0.012, li_recovered:  0.022
L: 0.53, u_super: 0.00162, sec: 34636.586, prod: 0.000180, t_ads: 57.0, t_des: 221.0, bed_util_ads: 0.141, bed_util_des: 0.140, frac_lost: 0.010, li_recovered:  0.050
L: 0.62, u_super: 0.00651, sec: 533220.812, prod: 0.000201, t_ads: 19.0, t_des: 70.0, bed_util_ads: 0.172, bed_util_des: 0.172, frac_lost: 0.012, li_recovered:  0.018
    10 |      400 |     20 |  0.0073044558 |         ideal
L: 0.62, u_super: 0.00919, sec: inf, prod: 0.000000, t_ads: 14.0, t_des: 0.0, bed_util_ads: 0.247, bed_util_des: 0.247, frac_lost: 0.012, li_recovered:  0.000
L: 0.55, u_super: 0.00740, sec: 717818.812, prod: 0.000195, t_ads: 15.0, t_des: 77.0, bed_util_ads: 0.156, bed_util_des: 0.156, frac_lost: 0.010, li_recovered:  0.018
L: 0.59, u_super: 0.00352, sec: 158904.453, prod: 0.000190, t_ads: 31.0, t_des: 129.0, bed_util_ads: 0.151, bed_util_des: 0.151, frac_lost: 0.011, li_recovered:  0.030
L: 0.57, u_super: 0.00598, sec: 450675.844, prod: 0.000199, t_ads: 19.0, t_des: 86.0, bed_util_ads: 0.159, bed_util_des: 0.158, frac_lost: 0.011, li_recovered:  0.021
L: 0.51, u_super: 0.00621, sec: 482977.219, prod: 0.000201, t_ads: 17.0, t_des: 55.0, bed_util_ads: 0.188, bed_util_des: 0.188, frac_lost: 0.013, li_recovered:  0.014
L: 0.53, u_super: 0.00107, sec: 15103.848, prod: 0.000177, t_ads: 84.0, t_des: 283.0, bed_util_ads: 0.141, bed_util_des: 0.140, frac_lost: 0.010, li_recovered:  0.065
L: 0.51, u_super: 0.00160, sec: 40764.586, prod: 0.000149, t_ads: 56.0, t_des: 415.0, bed_util_ads: 0.111, bed_util_des: 0.110, frac_lost: 0.010, li_recovered:  0.070
L: 0.62, u_super: 0.00906, sec: 1136215.500, prod: 0.000189, t_ads: 14.0, t_des: 46.0, bed_util_ads: 0.190, bed_util_des: 0.189, frac_lost: 0.011, li_recovered:  0.011
L: 0.62, u_super: 0.00576, sec: 428505.844, prod: 0.000194, t_ads: 21.0, t_des: 74.0, bed_util_ads: 0.172, bed_util_des: 0.172, frac_lost: 0.012, li_recovered:  0.018
L: 0.54, u_super: 0.00899, sec: 953753.250, prod: 0.000221, t_ads: 13.0, t_des: 59.0, bed_util_ads: 0.177, bed_util_des: 0.177, frac_lost: 0.012, li_recovered:  0.016
L: 0.53, u_super: 0.00159, sec: 37841.613, prod: 0.000159, t_ads: 57.0, t_des: 137.0, bed_util_ads: 0.165, bed_util_des: 0.165, frac_lost: 0.010, li_recovered:  0.031
L: 0.77, u_super: 0.00662, sec: 796282.938, prod: 0.000139, t_ads: 22.0, t_des: 224.0, bed_util_ads: 0.110, bed_util_des: 0.109, frac_lost: 0.010, li_recovered:  0.034
L: 0.58, u_super: 0.00929, sec: 1133976.875, prod: 0.000200, t_ads: 13.0, t_des: 72.0, bed_util_ads: 0.159, bed_util_des: 0.159, frac_lost: 0.011, li_recovered:  0.017
L: 0.74, u_super: 0.00091, sec: inf, prod: 0.000000, t_ads: 120.0, t_des: 0.0, bed_util_ads: 0.204, bed_util_des: 0.204, frac_lost: 0.010, li_recovered:  0.000
L: 0.57, u_super: 0.00471, sec: 292005.469, prod: 0.000188, t_ads: 23.0, t_des: 90.0, bed_util_ads: 0.159, bed_util_des: 0.158, frac_lost: 0.011, li_recovered:  0.021
L: 0.62, u_super: 0.00153, sec: 40184.734, prod: 0.000138, t_ads: 68.0, t_des: 138.0, bed_util_ads: 0.172, bed_util_des: 0.172, frac_lost: 0.010, li_recovered:  0.028
L: 1.77, u_super: 0.00079, sec: 71764.445, prod: 0.000020, t_ads: 295.0, t_des: 216.0, bed_util_ads: 0.156, bed_util_des: 0.156, frac_lost: 0.010, li_recovered:  0.010
L: 0.57, u_super: 0.00435, sec: 245378.219, prod: 0.000189, t_ads: 25.0, t_des: 117.0, bed_util_ads: 0.148, bed_util_des: 0.148, frac_lost: 0.011, li_recovered:  0.027
L: 0.51, u_super: 0.00880, sec: 904561.688, prod: 0.000223, t_ads: 13.0, t_des: 63.0, bed_util_ads: 0.176, bed_util_des: 0.176, frac_lost: 0.014, li_recovered:  0.017
L: 0.54, u_super: 0.00365, sec: 219452.500, prod: 0.000148, t_ads: 27.0, t_des: 63.0, bed_util_ads: 0.187, bed_util_des: 0.187, frac_lost: 0.011, li_recovered:  0.013
L: 1.55, u_super: 0.00046, sec: 16220.063, prod: 0.000030, t_ads: 416.0, t_des: 290.0, bed_util_ads: 0.141, bed_util_des: 0.141, frac_lost: 0.010, li_recovered:  0.021
L: 0.52, u_super: 0.00397, sec: 201827.531, prod: 0.000191, t_ads: 25.0, t_des: 89.0, bed_util_ads: 0.165, bed_util_des: 0.165, frac_lost: 0.011, li_recovered:  0.022
L: 0.62, u_super: 0.00110, sec: 17877.326, prod: 0.000159, t_ads: 93.0, t_des: 216.0, bed_util_ads: 0.158, bed_util_des: 0.158, frac_lost: 0.010, li_recovered:  0.049
L: 0.62, u_super: 0.00611, sec: 477987.531, prod: 0.000196, t_ads: 20.0, t_des: 72.0, bed_util_ads: 0.173, bed_util_des: 0.172, frac_lost: 0.012, li_recovered:  0.018
L: 0.52, u_super: 0.00152, sec: 30228.029, prod: 0.000180, t_ads: 60.0, t_des: 255.0, bed_util_ads: 0.136, bed_util_des: 0.136, frac_lost: 0.011, li_recovered:  0.057
L: 0.71, u_super: 0.00108, sec: 15901.703, prod: 0.000174, t_ads: 108.0, t_des: 332.0, bed_util_ads: 0.141, bed_util_des: 0.140, frac_lost: 0.010, li_recovered:  0.077
L: 0.63, u_super: 0.00933, sec: 1135980.000, prod: 0.000201, t_ads: 14.0, t_des: 79.0, bed_util_ads: 0.156, bed_util_des: 0.156, frac_lost: 0.011, li_recovered:  0.019
L: 0.76, u_super: 0.00225, sec: 81274.883, prod: 0.000148, t_ads: 58.0, t_des: 128.0, bed_util_ads: 0.172, bed_util_des: 0.171, frac_lost: 0.011, li_recovered:  0.028
L: 0.54, u_super: 0.00368, sec: 175515.953, prod: 0.000188, t_ads: 27.0, t_des: 112.0, bed_util_ads: 0.152, bed_util_des: 0.151, frac_lost: 0.011, li_recovered:  0.026
L: 0.95, u_super: 0.00584, sec: 451954.062, prod: 0.000189, t_ads: 30.0, t_des: 114.0, bed_util_ads: 0.156, bed_util_des: 0.156, frac_lost: 0.011, li_recovered:  0.027
L: 0.62, u_super: 0.00333, sec: 171621.328, prod: 0.000157, t_ads: 33.0, t_des: 81.0, bed_util_ads: 0.177, bed_util_des: 0.176, frac_lost: 0.010, li_recovered:  0.018
L: 0.62, u_super: 0.00971, sec: 1210418.125, prod: 0.000205, t_ads: 13.0, t_des: 56.0, bed_util_ads: 0.173, bed_util_des: 0.172, frac_lost: 0.010, li_recovered:  0.014
L: 0.59, u_super: 0.00583, sec: 417692.062, prod: 0.000204, t_ads: 20.0, t_des: 77.0, bed_util_ads: 0.169, bed_util_des: 0.169, frac_lost: 0.012, li_recovered:  0.020
L: 0.71, u_super: 0.00885, sec: 1112668.250, prod: 0.000184, t_ads: 16.0, t_des: 105.0, bed_util_ads: 0.140, bed_util_des: 0.140, frac_lost: 0.010, li_recovered:  0.022
L: 0.66, u_super: 0.00121, sec: 35692.906, prod: 0.000096, t_ads: 89.0, t_des: 136.0, bed_util_ads: 0.177, bed_util_des: 0.177, frac_lost: 0.010, li_recovered:  0.022
L: 0.53, u_super: 0.00601, sec: 548400.125, prod: 0.000166, t_ads: 17.0, t_des: 47.0, bed_util_ads: 0.189, bed_util_des: 0.189, frac_lost: 0.010, li_recovered:  0.011
L: 0.53, u_super: 0.00107, sec: 15303.154, prod: 0.000177, t_ads: 83.0, t_des: 305.0, bed_util_ads: 0.137, bed_util_des: 0.136, frac_lost: 0.010, li_recovered:  0.069
L: 0.66, u_super: 0.00162, sec: 45328.258, prod: 0.000138, t_ads: 71.0, t_des: 598.0, bed_util_ads: 0.103, bed_util_des: 0.102, frac_lost: 0.010, li_recovered:  0.092
L: 0.55, u_super: 0.00800, sec: 845098.312, prod: 0.000195, t_ads: 14.0, t_des: 78.0, bed_util_ads: 0.154, bed_util_des: 0.153, frac_lost: 0.010, li_recovered:  0.018
L: 0.57, u_super: 0.00613, sec: 455666.188, prod: 0.000208, t_ads: 19.0, t_des: 91.0, bed_util_ads: 0.159, bed_util_des: 0.159, frac_lost: 0.013, li_recovered:  0.023
    11 |      440 |     16 |  0.0101689847 |             f
L: 0.62, u_super: 0.00419, sec: 247712.984, prod: 0.000174, t_ads: 27.0, t_des: 78.0, bed_util_ads: 0.172, bed_util_des: 0.172, frac_lost: 0.010, li_recovered:  0.018
L: 0.52, u_super: 0.00134, sec: 23595.098, prod: 0.000179, t_ads: 67.0, t_des: 266.0, bed_util_ads: 0.137, bed_util_des: 0.137, frac_lost: 0.010, li_recovered:  0.060
L: 0.59, u_super: 0.00582, sec: 454643.438, prod: 0.000187, t_ads: 20.0, t_des: 124.0, bed_util_ads: 0.140, bed_util_des: 0.140, frac_lost: 0.012, li_recovered:  0.027
L: 0.54, u_super: 0.00360, sec: 176457.266, prod: 0.000178, t_ads: 28.0, t_des: 84.0, bed_util_ads: 0.171, bed_util_des: 0.171, frac_lost: 0.011, li_recovered:  0.020
L: 0.59, u_super: 0.00990, sec: 1264014.875, prod: 0.000205, t_ads: 13.0, t_des: 87.0, bed_util_ads: 0.154, bed_util_des: 0.154, frac_lost: 0.013, li_recovered:  0.020
L: 0.51, u_super: 0.00885, sec: 897531.688, prod: 0.000227, t_ads: 13.0, t_des: 64.0, bed_util_ads: 0.176, bed_util_des: 0.176, frac_lost: 0.014, li_recovered:  0.018
L: 0.60, u_super: 0.00325, sec: 137234.797, prod: 0.000187, t_ads: 34.0, t_des: 119.0, bed_util_ads: 0.159, bed_util_des: 0.158, frac_lost: 0.011, li_recovered:  0.029
L: 0.62, u_super: 0.00643, sec: 1686043.000, prod: 0.000062, t_ads: 19.0, t_des: 651.0, bed_util_ads: 0.069, bed_util_des: 0.069, frac_lost: 0.011, li_recovered:  0.042
L: 0.62, u_super: 0.00363, sec: 398645.562, prod: 0.000081, t_ads: 31.0, t_des: 53.0, bed_util_ads: 0.202, bed_util_des: 0.202, frac_lost: 0.011, li_recovered:  0.007
L: 0.81, u_super: 0.00646, sec: 600797.062, prod: 0.000175, t_ads: 24.0, t_des: 156.0, bed_util_ads: 0.132, bed_util_des: 0.131, frac_lost: 0.011, li_recovered:  0.032
L: 0.52, u_super: 0.00104, sec: 14255.719, prod: 0.000177, t_ads: 85.0, t_des: 315.0, bed_util_ads: 0.137, bed_util_des: 0.136, frac_lost: 0.010, li_recovered:  0.071
L: 0.59, u_super: 0.00411, sec: 266241.969, prod: 0.000155, t_ads: 26.0, t_des: 67.0, bed_util_ads: 0.178, bed_util_des: 0.178, frac_lost: 0.010, li_recovered:  0.014
L: 0.55, u_super: 0.00108, sec: 15491.659, prod: 0.000176, t_ads: 86.0, t_des: 321.0, bed_util_ads: 0.136, bed_util_des: 0.135, frac_lost: 0.010, li_recovered:  0.072
L: 0.55, u_super: 0.00966, sec: 1212734.375, prod: 0.000203, t_ads: 12.0, t_des: 73.0, bed_util_ads: 0.157, bed_util_des: 0.157, frac_lost: 0.011, li_recovered:  0.017
L: 0.54, u_super: 0.00897, sec: 977750.938, prod: 0.000215, t_ads: 13.0, t_des: 58.0, bed_util_ads: 0.177, bed_util_des: 0.177, frac_lost: 0.012, li_recovered:  0.015
L: 0.77, u_super: 0.00526, sec: 363952.562, prod: 0.000189, t_ads: 27.0, t_des: 104.0, bed_util_ads: 0.156, bed_util_des: 0.155, frac_lost: 0.010, li_recovered:  0.025
L: 0.52, u_super: 0.00111, sec: 19460.480, prod: 0.000148, t_ads: 79.0, t_des: 170.0, bed_util_ads: 0.165, bed_util_des: 0.165, frac_lost: 0.010, li_recovered:  0.037
L: 0.53, u_super: 0.00084, sec: 10766.636, prod: 0.000152, t_ads: 103.0, t_des: 223.0, bed_util_ads: 0.158, bed_util_des: 0.158, frac_lost: 0.010, li_recovered:  0.050
L: 0.61, u_super: 0.00513, sec: 371616.938, prod: 0.000176, t_ads: 22.0, t_des: 69.0, bed_util_ads: 0.171, bed_util_des: 0.171, frac_lost: 0.010, li_recovered:  0.016
L: 0.74, u_super: 0.00163, sec: 58179.547, prod: 0.000108, t_ads: 75.0, t_des: 127.0, bed_util_ads: 0.177, bed_util_des: 0.177, frac_lost: 0.010, li_recovered:  0.022
L: 0.55, u_super: 0.00838, sec: 875517.562, prod: 0.000208, t_ads: 14.0, t_des: 84.0, bed_util_ads: 0.156, bed_util_des: 0.156, frac_lost: 0.013, li_recovered:  0.020
L: 0.62, u_super: 0.00962, sec: 1241443.750, prod: 0.000196, t_ads: 14.0, t_des: 105.0, bed_util_ads: 0.146, bed_util_des: 0.145, frac_lost: 0.014, li_recovered:  0.023
L: 0.51, u_super: 0.00621, sec: 516106.719, prod: 0.000188, t_ads: 17.0, t_des: 52.0, bed_util_ads: 0.191, bed_util_des: 0.191, frac_lost: 0.013, li_recovered:  0.013
L: 0.53, u_super: 0.00138, sec: 25207.631, prod: 0.000178, t_ads: 66.0, t_des: 241.0, bed_util_ads: 0.141, bed_util_des: 0.140, frac_lost: 0.010, li_recovered:  0.055
L: 0.53, u_super: 0.00880, sec: 948260.625, prod: 0.000213, t_ads: 13.0, t_des: 59.0, bed_util_ads: 0.176, bed_util_des: 0.176, frac_lost: 0.013, li_recovered:  0.015
L: 0.57, u_super: 0.00442, sec: 275156.344, prod: 0.000175, t_ads: 24.0, t_des: 75.0, bed_util_ads: 0.169, bed_util_des: 0.169, frac_lost: 0.010, li_recovered:  0.017
L: 0.52, u_super: 0.00828, sec: 862249.312, prod: 0.000206, t_ads: 13.0, t_des: 57.0, bed_util_ads: 0.172, bed_util_des: 0.172, frac_lost: 0.010, li_recovered:  0.014
L: 0.51, u_super: 0.00657, sec: 539804.000, prod: 0.000202, t_ads: 16.0, t_des: 86.0, bed_util_ads: 0.155, bed_util_des: 0.155, frac_lost: 0.012, li_recovered:  0.021
L: 0.51, u_super: 0.00880, sec: 1007250.000, prod: 0.000200, t_ads: 13.0, t_des: 97.0, bed_util_ads: 0.150, bed_util_des: 0.149, frac_lost: 0.014, li_recovered:  0.022
L: 0.57, u_super: 0.00698, sec: 685393.312, prod: 0.000181, t_ads: 17.0, t_des: 138.0, bed_util_ads: 0.134, bed_util_des: 0.134, frac_lost: 0.013, li_recovered:  0.028
L: 0.58, u_super: 0.00325, sec: 280396.875, prod: 0.000092, t_ads: 32.0, t_des: 57.0, bed_util_ads: 0.199, bed_util_des: 0.199, frac_lost: 0.011, li_recovered:  0.008
L: 0.62, u_super: 0.00971, sec: 1217107.125, prod: 0.000204, t_ads: 13.0, t_des: 56.0, bed_util_ads: 0.173, bed_util_des: 0.172, frac_lost: 0.010, li_recovered:  0.014
L: 0.62, u_super: 0.00263, sec: 108530.883, prod: 0.000153, t_ads: 41.0, t_des: 98.0, bed_util_ads: 0.172, bed_util_des: 0.172, frac_lost: 0.010, li_recovered:  0.021
L: 1.52, u_super: 0.00375, sec: 193579.656, prod: 0.000177, t_ads: 69.0, t_des: 280.0, bed_util_ads: 0.135, bed_util_des: 0.134, frac_lost: 0.010, li_recovered:  0.062
L: 0.63, u_super: 0.00087, sec: 12072.142, prod: 0.000146, t_ads: 116.0, t_des: 235.0, bed_util_ads: 0.158, bed_util_des: 0.158, frac_lost: 0.010, li_recovered:  0.051
L: 0.66, u_super: 0.00105, sec: 15050.412, prod: 0.000172, t_ads: 104.0, t_des: 308.0, bed_util_ads: 0.143, bed_util_des: 0.142, frac_lost: 0.010, li_recovered:  0.071
L: 0.54, u_super: 0.00462, sec: 275783.688, prod: 0.000191, t_ads: 22.0, t_des: 101.0, bed_util_ads: 0.151, bed_util_des: 0.151, frac_lost: 0.011, li_recovered:  0.023
L: 0.53, u_super: 0.00571, sec: 419402.875, prod: 0.000195, t_ads: 18.0, t_des: 83.0, bed_util_ads: 0.156, bed_util_des: 0.156, frac_lost: 0.010, li_recovered:  0.020
L: 0.52, u_super: 0.00165, sec: 35684.879, prod: 0.000180, t_ads: 55.0, t_des: 235.0, bed_util_ads: 0.137, bed_util_des: 0.136, frac_lost: 0.010, li_recovered:  0.052
L: 0.58, u_super: 0.00160, sec: 33669.586, prod: 0.000181, t_ads: 63.0, t_des: 240.0, bed_util_ads: 0.141, bed_util_des: 0.140, frac_lost: 0.011, li_recovered:  0.055
    12 |      480 |     17 |  0.0131345352 |         ideal
L: 0.59, u_super: 0.00495, sec: 307887.125, prod: 0.000197, t_ads: 23.0, t_des: 111.0, bed_util_ads: 0.151, bed_util_des: 0.151, frac_lost: 0.012, li_recovered:  0.026
L: 0.62, u_super: 0.00068, sec: 23035.666, prod: 0.000047, t_ads: 139.0, t_des: 148.0, bed_util_ads: 0.177, bed_util_des: 0.177, frac_lost: 0.010, li_recovered:  0.013
L: 0.58, u_super: 0.00640, sec: 893341.375, prod: 0.000116, t_ads: 18.0, t_des: 38.0, bed_util_ads: 0.212, bed_util_des: 0.211, frac_lost: 0.011, li_recovered:  0.006
L: 0.58, u_super: 0.00663, sec: 549064.000, prod: 0.000203, t_ads: 18.0, t_des: 88.0, bed_util_ads: 0.159, bed_util_des: 0.159, frac_lost: 0.013, li_recovered:  0.022
L: 0.54, u_super: 0.00512, sec: 342411.812, prod: 0.000190, t_ads: 20.0, t_des: 95.0, bed_util_ads: 0.151, bed_util_des: 0.151, frac_lost: 0.010, li_recovered:  0.022
L: 0.52, u_super: 0.00554, sec: 490129.000, prod: 0.000156, t_ads: 18.0, t_des: 48.0, bed_util_ads: 0.189, bed_util_des: 0.189, frac_lost: 0.010, li_recovered:  0.010
L: 0.63, u_super: 0.00089, sec: 11012.354, prod: 0.000167, t_ads: 115.0, t_des: 300.0, bed_util_ads: 0.147, bed_util_des: 0.146, frac_lost: 0.010, li_recovered:  0.069
L: 0.59, u_super: 0.00585, sec: 466251.750, prod: 0.000184, t_ads: 20.0, t_des: 134.0, bed_util_ads: 0.137, bed_util_des: 0.136, frac_lost: 0.012, li_recovered:  0.028
L: 0.59, u_super: 0.00584, sec: 419207.844, prod: 0.000204, t_ads: 20.0, t_des: 79.0, bed_util_ads: 0.168, bed_util_des: 0.168, frac_lost: 0.012, li_recovered:  0.020
L: 0.54, u_super: 0.00838, sec: 861465.938, prod: 0.000211, t_ads: 14.0, t_des: 88.0, bed_util_ads: 0.156, bed_util_des: 0.156, frac_lost: 0.014, li_recovered:  0.022
L: 0.51, u_super: 0.00035, sec: inf, prod: 0.000000, t_ads: 202.0, t_des: 0.0, bed_util_ads: 0.182, bed_util_des: 0.182, frac_lost: 0.010, li_recovered:  0.000
L: 0.51, u_super: 0.00613, sec: 455675.406, prod: 0.000208, t_ads: 17.0, t_des: 86.0, bed_util_ads: 0.159, bed_util_des: 0.158, frac_lost: 0.012, li_recovered:  0.021
L: 0.62, u_super: 0.00539, sec: 368844.594, prod: 0.000197, t_ads: 22.0, t_des: 91.0, bed_util_ads: 0.159, bed_util_des: 0.159, frac_lost: 0.011, li_recovered:  0.022
L: 0.57, u_super: 0.00433, sec: 248531.141, prod: 0.000185, t_ads: 25.0, t_des: 83.0, bed_util_ads: 0.168, bed_util_des: 0.168, frac_lost: 0.011, li_recovered:  0.020
L: 0.52, u_super: 0.00397, sec: 200999.641, prod: 0.000192, t_ads: 25.0, t_des: 89.0, bed_util_ads: 0.165, bed_util_des: 0.165, frac_lost: 0.011, li_recovered:  0.022
L: 0.51, u_super: 0.00900, sec: 1037857.375, prod: 0.000204, t_ads: 12.0, t_des: 73.0, bed_util_ads: 0.157, bed_util_des: 0.157, frac_lost: 0.011, li_recovered:  0.017
L: 0.50, u_super: 0.00106, sec: 16396.225, prod: 0.000162, t_ads: 79.0, t_des: 193.0, bed_util_ads: 0.158, bed_util_des: 0.158, frac_lost: 0.010, li_recovered:  0.044
L: 0.58, u_super: 0.00324, sec: 524944.062, prod: 0.000049, t_ads: 32.0, t_des: 48.0, bed_util_ads: 0.207, bed_util_des: 0.207, frac_lost: 0.011, li_recovered:  0.004
L: 0.72, u_super: 0.00613, sec: 495180.281, prod: 0.000191, t_ads: 22.0, t_des: 91.0, bed_util_ads: 0.156, bed_util_des: 0.156, frac_lost: 0.010, li_recovered:  0.022
L: 0.59, u_super: 0.00352, sec: 158934.703, prod: 0.000190, t_ads: 31.0, t_des: 129.0, bed_util_ads: 0.151, bed_util_des: 0.151, frac_lost: 0.011, li_recovered:  0.030
L: 0.56, u_super: 0.00892, sec: 993159.500, prod: 0.000209, t_ads: 13.0, t_des: 55.0, bed_util_ads: 0.176, bed_util_des: 0.176, frac_lost: 0.011, li_recovered:  0.014
L: 1.64, u_super: 0.00046, sec: inf, prod: 0.000000, t_ads: 422.0, t_des: 0.0, bed_util_ads: 0.144, bed_util_des: 0.144, frac_lost: 0.010, li_recovered:  0.000
L: 0.62, u_super: 0.00960, sec: 1100211.625, prod: 0.000221, t_ads: 14.0, t_des: 61.0, bed_util_ads: 0.179, bed_util_des: 0.179, frac_lost: 0.014, li_recovered:  0.017
L: 0.52, u_super: 0.00134, sec: 23801.768, prod: 0.000178, t_ads: 66.0, t_des: 252.0, bed_util_ads: 0.138, bed_util_des: 0.138, frac_lost: 0.010, li_recovered:  0.057
L: 0.59, u_super: 0.00461, sec: 277366.531, prod: 0.000189, t_ads: 24.0, t_des: 104.0, bed_util_ads: 0.153, bed_util_des: 0.152, frac_lost: 0.011, li_recovered:  0.024
L: 0.63, u_super: 0.00920, sec: 1098504.125, prod: 0.000202, t_ads: 14.0, t_des: 75.0, bed_util_ads: 0.158, bed_util_des: 0.158, frac_lost: 0.011, li_recovered:  0.018
L: 0.58, u_super: 0.00880, sec: 940001.812, prod: 0.000215, t_ads: 14.0, t_des: 60.0, bed_util_ads: 0.177, bed_util_des: 0.177, frac_lost: 0.012, li_recovered:  0.016
L: 1.64, u_super: 0.00026, sec: inf, prod: 0.000000, t_ads: 579.0, t_des: 0.0, bed_util_ads: 0.133, bed_util_des: 0.133, frac_lost: 0.010, li_recovered:  0.000
L: 0.60, u_super: 0.00310, sec: 137355.984, prod: 0.000169, t_ads: 35.0, t_des: 94.0, bed_util_ads: 0.172, bed_util_des: 0.171, frac_lost: 0.011, li_recovered:  0.022
L: 0.64, u_super: 0.00968, sec: 1149297.750, prod: 0.000215, t_ads: 14.0, t_des: 64.0, bed_util_ads: 0.173, bed_util_des: 0.172, frac_lost: 0.012, li_recovered:  0.017
L: 0.62, u_super: 0.00087, sec: 11877.051, prod: 0.000148, t_ads: 115.0, t_des: 238.0, bed_util_ads: 0.158, bed_util_des: 0.158, frac_lost: 0.010, li_recovered:  0.052
L: 0.51, u_super: 0.00880, sec: 897811.562, prod: 0.000225, t_ads: 13.0, t_des: 62.0, bed_util_ads: 0.178, bed_util_des: 0.177, frac_lost: 0.014, li_recovered:  0.017
L: 0.59, u_super: 0.00097, sec: 12696.252, prod: 0.000175, t_ads: 100.0, t_des: 345.0, bed_util_ads: 0.137, bed_util_des: 0.136, frac_lost: 0.010, li_recovered:  0.078
L: 0.62, u_super: 0.00963, sec: 1108592.625, prod: 0.000220, t_ads: 14.0, t_des: 68.0, bed_util_ads: 0.172, bed_util_des: 0.172, frac_lost: 0.014, li_recovered:  0.018
L: 1.22, u_super: 0.00033, sec: 3892.297, prod: 0.000065, t_ads: 459.0, t_des: 425.0, bed_util_ads: 0.134, bed_util_des: 0.133, frac_lost: 0.010, li_recovered:  0.057
L: 0.56, u_super: 0.00471, sec: 274530.438, prod: 0.000200, t_ads: 23.0, t_des: 87.0, bed_util_ads: 0.165, bed_util_des: 0.165, frac_lost: 0.012, li_recovered:  0.022
L: 0.57, u_super: 0.00608, sec: 456793.562, prod: 0.000204, t_ads: 19.0, t_des: 94.0, bed_util_ads: 0.156, bed_util_des: 0.156, frac_lost: 0.012, li_recovered:  0.023
L: 0.70, u_super: 0.00397, sec: 215711.969, prod: 0.000179, t_ads: 32.0, t_des: 99.0, bed_util_ads: 0.165, bed_util_des: 0.165, frac_lost: 0.011, li_recovered:  0.023
L: 0.54, u_super: 0.00445, sec: 324445.062, prod: 0.000150, t_ads: 23.0, t_des: 55.0, bed_util_ads: 0.193, bed_util_des: 0.193, frac_lost: 0.011, li_recovered:  0.012
L: 0.51, u_super: 0.00866, sec: 1039204.438, prod: 0.000188, t_ads: 13.0, t_des: 110.0, bed_util_ads: 0.141, bed_util_des: 0.140, frac_lost: 0.013, li_recovered:  0.023
    13 |      520 |     19 |  0.0035953452 |         ideal
L: 0.51, u_super: 0.00604, sec: 454302.375, prod: 0.000202, t_ads: 17.0, t_des: 85.0, bed_util_ads: 0.158, bed_util_des: 0.157, frac_lost: 0.012, li_recovered:  0.021
L: 0.53, u_super: 0.00926, sec: 1058467.875, prod: 0.000212, t_ads: 13.0, t_des: 89.0, bed_util_ads: 0.156, bed_util_des: 0.156, frac_lost: 0.015, li_recovered:  0.022
L: 0.52, u_super: 0.00397, sec: 201850.406, prod: 0.000191, t_ads: 25.0, t_des: 89.0, bed_util_ads: 0.165, bed_util_des: 0.165, frac_lost: 0.011, li_recovered:  0.022
L: 0.51, u_super: 0.00885, sec: 992348.562, prod: 0.000206, t_ads: 13.0, t_des: 41.0, bed_util_ads: 0.208, bed_util_des: 0.208, frac_lost: 0.014, li_recovered:  0.011
L: 0.58, u_super: 0.00880, sec: 935003.312, prod: 0.000216, t_ads: 14.0, t_des: 60.0, bed_util_ads: 0.176, bed_util_des: 0.176, frac_lost: 0.012, li_recovered:  0.016
L: 0.51, u_super: 0.00880, sec: 896671.250, prod: 0.000225, t_ads: 13.0, t_des: 62.0, bed_util_ads: 0.178, bed_util_des: 0.177, frac_lost: 0.014, li_recovered:  0.017
L: 0.62, u_super: 0.00500, sec: 333120.156, prod: 0.000186, t_ads: 23.0, t_des: 110.0, bed_util_ads: 0.146, bed_util_des: 0.146, frac_lost: 0.010, li_recovered:  0.025
L: 0.61, u_super: 0.00901, sec: 1069654.000, prod: 0.000199, t_ads: 14.0, t_des: 77.0, bed_util_ads: 0.156, bed_util_des: 0.156, frac_lost: 0.011, li_recovered:  0.018
L: 0.84, u_super: 0.00611, sec: 486806.562, prod: 0.000193, t_ads: 26.0, t_des: 91.0, bed_util_ads: 0.166, bed_util_des: 0.165, frac_lost: 0.011, li_recovered:  0.023
L: 0.54, u_super: 0.00839, sec: 805501.750, prod: 0.000226, t_ads: 14.0, t_des: 65.0, bed_util_ads: 0.176, bed_util_des: 0.176, frac_lost: 0.014, li_recovered:  0.018
L: 0.55, u_super: 0.00838, sec: inf, prod: 0.000000, t_ads: 14.0, t_des: 0.0, bed_util_ads: 0.277, bed_util_des: 0.277, frac_lost: 0.013, li_recovered:  0.000
L: 0.53, u_super: 0.00352, sec: 157682.422, prod: 0.000191, t_ads: 28.0, t_des: 106.0, bed_util_ads: 0.158, bed_util_des: 0.158, frac_lost: 0.011, li_recovered:  0.026
L: 0.54, u_super: 0.00325, sec: 135357.312, prod: 0.000190, t_ads: 31.0, t_des: 113.0, bed_util_ads: 0.159, bed_util_des: 0.158, frac_lost: 0.011, li_recovered:  0.027
L: 1.36, u_super: 0.00325, sec: 192063.766, prod: 0.000134, t_ads: 72.0, t_des: 629.0, bed_util_ads: 0.101, bed_util_des: 0.099, frac_lost: 0.010, li_recovered:  0.094
L: 0.62, u_super: 0.00087, sec: 11875.929, prod: 0.000148, t_ads: 115.0, t_des: 238.0, bed_util_ads: 0.158, bed_util_des: 0.158, frac_lost: 0.010, li_recovered:  0.052
L: 0.53, u_super: 0.00352, sec: 158607.297, prod: 0.000190, t_ads: 28.0, t_des: 118.0, bed_util_ads: 0.151, bed_util_des: 0.151, frac_lost: 0.011, li_recovered:  0.028
L: 0.52, u_super: 0.00104, sec: 14270.395, prod: 0.000177, t_ads: 85.0, t_des: 315.0, bed_util_ads: 0.137, bed_util_des: 0.136, frac_lost: 0.010, li_recovered:  0.071
L: 0.62, u_super: 0.00944, sec: 1099687.500, prod: 0.000213, t_ads: 14.0, t_des: 63.0, bed_util_ads: 0.174, bed_util_des: 0.173, frac_lost: 0.013, li_recovered:  0.016
L: 0.52, u_super: 0.00030, sec: 1405.777, prod: 0.000148, t_ads: 259.0, t_des: 532.0, bed_util_ads: 0.137, bed_util_des: 0.136, frac_lost: 0.010, li_recovered:  0.117
L: 0.51, u_super: 0.00397, sec: 240807.641, prod: 0.000160, t_ads: 24.0, t_des: 63.0, bed_util_ads: 0.183, bed_util_des: 0.183, frac_lost: 0.011, li_recovered:  0.014
L: 1.22, u_super: 0.00082, sec: 9876.736, prod: 0.000160, t_ads: 227.0, t_des: 563.0, bed_util_ads: 0.134, bed_util_des: 0.132, frac_lost: 0.010, li_recovered:  0.127
L: 0.51, u_super: 0.00646, sec: 530664.625, prod: 0.000199, t_ads: 16.0, t_des: 85.0, bed_util_ads: 0.156, bed_util_des: 0.155, frac_lost: 0.012, li_recovered:  0.020
L: 0.60, u_super: 0.00325, sec: 137345.625, prod: 0.000187, t_ads: 34.0, t_des: 119.0, bed_util_ads: 0.159, bed_util_des: 0.158, frac_lost: 0.011, li_recovered:  0.029
L: 0.62, u_super: 0.00071, sec: 8527.789, prod: 0.000136, t_ads: 138.0, t_des: 257.0, bed_util_ads: 0.158, bed_util_des: 0.158, frac_lost: 0.010, li_recovered:  0.054
L: 0.59, u_super: 0.00942, sec: 1179883.250, prod: 0.000197, t_ads: 13.0, t_des: 83.0, bed_util_ads: 0.151, bed_util_des: 0.151, frac_lost: 0.011, li_recovered:  0.019
L: 0.53, u_super: 0.00055, sec: 5507.773, prod: 0.000130, t_ads: 149.0, t_des: 263.0, bed_util_ads: 0.158, bed_util_des: 0.158, frac_lost: 0.010, li_recovered:  0.053
L: 0.61, u_super: 0.00969, sec: 1225687.625, prod: 0.000202, t_ads: 13.0, t_des: 70.0, bed_util_ads: 0.159, bed_util_des: 0.159, frac_lost: 0.010, li_recovered:  0.017
L: 0.71, u_super: 0.00879, sec: 1014221.688, prod: 0.000199, t_ads: 16.0, t_des: 79.0, bed_util_ads: 0.157, bed_util_des: 0.156, frac_lost: 0.011, li_recovered:  0.019
L: 0.52, u_super: 0.00828, sec: 916989.438, prod: 0.000194, t_ads: 13.0, t_des: 47.0, bed_util_ads: 0.184, bed_util_des: 0.184, frac_lost: 0.010, li_recovered:  0.012
L: 0.59, u_super: 0.00084, sec: 9483.921, prod: 0.000173, t_ads: 115.0, t_des: 338.0, bed_util_ads: 0.143, bed_util_des: 0.141, frac_lost: 0.010, li_recovered:  0.078
L: 0.64, u_super: 0.00310, sec: 138797.672, prod: 0.000167, t_ads: 37.0, t_des: 97.0, bed_util_ads: 0.172, bed_util_des: 0.171, frac_lost: 0.011, li_recovered:  0.022
L: 0.62, u_super: 0.00033, sec: 6555.112, prod: 0.000038, t_ads: 259.0, t_des: 231.0, bed_util_ads: 0.159, bed_util_des: 0.159, frac_lost: 0.010, li_recovered:  0.019
L: 0.51, u_super: 0.00087, sec: 11224.733, prod: 0.000157, t_ads: 96.0, t_des: 217.0, bed_util_ads: 0.158, bed_util_des: 0.158, frac_lost: 0.010, li_recovered:  0.049
L: 0.63, u_super: 0.00162, sec: 34957.129, prod: 0.000178, t_ads: 66.0, t_des: 242.0, bed_util_ads: 0.141, bed_util_des: 0.140, frac_lost: 0.010, li_recovered:  0.055
L: 0.52, u_super: 0.00175, sec: 40796.164, prod: 0.000178, t_ads: 52.0, t_des: 227.0, bed_util_ads: 0.136, bed_util_des: 0.136, frac_lost: 0.010, li_recovered:  0.050
L: 1.22, u_super: 0.00022, sec: inf, prod: 0.000000, t_ads: 562.0, t_des: 0.0, bed_util_ads: 0.132, bed_util_des: 0.132, frac_lost: 0.010, li_recovered:  0.000
L: 1.61, u_super: 0.00614, sec: 534230.625, prod: 0.000178, t_ads: 46.0, t_des: 144.0, bed_util_ads: 0.156, bed_util_des: 0.156, frac_lost: 0.011, li_recovered:  0.034
L: 0.57, u_super: 0.00045, sec: 2811.322, prod: 0.000164, t_ads: 201.0, t_des: 523.0, bed_util_ads: 0.136, bed_util_des: 0.134, frac_lost: 0.010, li_recovered:  0.119
L: 0.53, u_super: 0.00329, sec: 145744.078, prod: 0.000180, t_ads: 30.0, t_des: 91.0, bed_util_ads: 0.169, bed_util_des: 0.169, frac_lost: 0.011, li_recovered:  0.022
L: 0.58, u_super: 0.00159, sec: 35231.508, prod: 0.000170, t_ads: 62.0, t_des: 167.0, bed_util_ads: 0.159, bed_util_des: 0.158, frac_lost: 0.010, li_recovered:  0.039
    14 |      560 |     18 |  0.0027747439 |         ideal
L: 0.54, u_super: 0.00838, sec: 883524.500, prod: 0.000206, t_ads: 14.0, t_des: 88.0, bed_util_ads: 0.156, bed_util_des: 0.155, frac_lost: 0.014, li_recovered:  0.021
L: 0.52, u_super: 0.00030, sec: 1426.710, prod: 0.000146, t_ads: 258.0, t_des: 517.0, bed_util_ads: 0.138, bed_util_des: 0.136, frac_lost: 0.010, li_recovered:  0.113
L: 0.57, u_super: 0.00625, sec: 553486.625, prod: 0.000178, t_ads: 18.0, t_des: 124.0, bed_util_ads: 0.134, bed_util_des: 0.134, frac_lost: 0.011, li_recovered:  0.025
L: 0.51, u_super: 0.00958, sec: 1096167.375, prod: 0.000220, t_ads: 12.0, t_des: 73.0, bed_util_ads: 0.165, bed_util_des: 0.164, frac_lost: 0.013, li_recovered:  0.019
L: 0.53, u_super: 0.00549, sec: 392471.688, prod: 0.000191, t_ads: 19.0, t_des: 63.0, bed_util_ads: 0.178, bed_util_des: 0.177, frac_lost: 0.011, li_recovered:  0.016
L: 0.75, u_super: 0.00567, sec: 415114.812, prod: 0.000194, t_ads: 25.0, t_des: 100.0, bed_util_ads: 0.158, bed_util_des: 0.157, frac_lost: 0.011, li_recovered:  0.024
L: 0.55, u_super: 0.00015, sec: 4500.327, prod: 0.000012, t_ads: 433.0, t_des: 260.0, bed_util_ads: 0.140, bed_util_des: 0.140, frac_lost: 0.010, li_recovered:  0.008
L: 0.83, u_super: 0.00115, sec: 40884.535, prod: 0.000076, t_ads: 114.0, t_des: 151.0, bed_util_ads: 0.176, bed_util_des: 0.176, frac_lost: 0.010, li_recovered:  0.020
L: 0.52, u_super: 0.00471, sec: 288651.000, prod: 0.000190, t_ads: 21.0, t_des: 77.0, bed_util_ads: 0.165, bed_util_des: 0.165, frac_lost: 0.010, li_recovered:  0.019
L: 0.80, u_super: 0.00219, sec: 65350.160, prod: 0.000176, t_ads: 62.0, t_des: 189.0, bed_util_ads: 0.151, bed_util_des: 0.151, frac_lost: 0.010, li_recovered:  0.044
L: 0.66, u_super: 0.00030, sec: 1598.647, prod: 0.000131, t_ads: 314.0, t_des: 532.0, bed_util_ads: 0.137, bed_util_des: 0.136, frac_lost: 0.010, li_recovered:  0.110
L: 0.53, u_super: 0.00839, sec: 818017.000, prod: 0.000223, t_ads: 14.0, t_des: 65.0, bed_util_ads: 0.176, bed_util_des: 0.176, frac_lost: 0.014, li_recovered:  0.018
L: 0.53, u_super: 0.00585, sec: 468197.094, prod: 0.000183, t_ads: 18.0, t_des: 112.0, bed_util_ads: 0.141, bed_util_des: 0.140, frac_lost: 0.011, li_recovered:  0.024
L: 0.60, u_super: 0.00588, sec: 429998.750, prod: 0.000202, t_ads: 20.0, t_des: 78.0, bed_util_ads: 0.167, bed_util_des: 0.167, frac_lost: 0.012, li_recovered:  0.020
L: 0.56, u_super: 0.00613, sec: 482195.594, prod: 0.000196, t_ads: 18.0, t_des: 81.0, bed_util_ads: 0.159, bed_util_des: 0.158, frac_lost: 0.011, li_recovered:  0.019
L: 0.53, u_super: 0.00735, sec: 675879.812, prod: 0.000204, t_ads: 15.0, t_des: 80.0, bed_util_ads: 0.159, bed_util_des: 0.159, frac_lost: 0.012, li_recovered:  0.019
L: 0.54, u_super: 0.00059, sec: 6176.010, prod: 0.000133, t_ads: 142.0, t_des: 259.0, bed_util_ads: 0.158, bed_util_des: 0.158, frac_lost: 0.010, li_recovered:  0.053
L: 0.83, u_super: 0.00084, sec: 13361.498, prod: 0.000124, t_ads: 153.0, t_des: 259.0, bed_util_ads: 0.159, bed_util_des: 0.159, frac_lost: 0.010, li_recovered:  0.051
L: 0.50, u_super: 0.00880, sec: 1007891.438, prod: 0.000200, t_ads: 12.0, t_des: 69.0, bed_util_ads: 0.158, bed_util_des: 0.158, frac_lost: 0.010, li_recovered:  0.016
L: 0.55, u_super: 0.00028, sec: 2539.045, prod: 0.000073, t_ads: 271.0, t_des: 302.0, bed_util_ads: 0.153, bed_util_des: 0.153, frac_lost: 0.010, li_recovered:  0.042
L: 0.56, u_super: 0.00584, sec: 431217.125, prod: 0.000198, t_ads: 19.0, t_des: 75.0, bed_util_ads: 0.167, bed_util_des: 0.167, frac_lost: 0.012, li_recovered:  0.019
L: 0.58, u_super: 0.00613, sec: 476404.125, prod: 0.000199, t_ads: 19.0, t_des: 110.0, bed_util_ads: 0.148, bed_util_des: 0.147, frac_lost: 0.013, li_recovered:  0.026
L: 0.50, u_super: 0.00073, sec: 8538.672, prod: 0.000145, t_ads: 111.0, t_des: 226.0, bed_util_ads: 0.159, bed_util_des: 0.158, frac_lost: 0.010, li_recovered:  0.049
L: 0.53, u_super: 0.00152, sec: 30206.604, prod: 0.000181, t_ads: 61.0, t_des: 236.0, bed_util_ads: 0.141, bed_util_des: 0.140, frac_lost: 0.011, li_recovered:  0.054
L: 0.51, u_super: 0.00827, sec: 907818.125, prod: 0.000195, t_ads: 13.0, t_des: 83.0, bed_util_ads: 0.151, bed_util_des: 0.151, frac_lost: 0.011, li_recovered:  0.019
L: 0.59, u_super: 0.00072, sec: 17676.541, prod: 0.000068, t_ads: 127.0, t_des: 157.0, bed_util_ads: 0.176, bed_util_des: 0.176, frac_lost: 0.010, li_recovered:  0.019
L: 1.21, u_super: 0.00033, sec: 3836.109, prod: 0.000066, t_ads: 456.0, t_des: 427.0, bed_util_ads: 0.134, bed_util_des: 0.133, frac_lost: 0.010, li_recovered:  0.058
L: 0.50, u_super: 0.00906, sec: 1912823.375, prod: 0.000112, t_ads: 12.0, t_des: 224.0, bed_util_ads: 0.101, bed_util_des: 0.101, frac_lost: 0.011, li_recovered:  0.026
L: 0.56, u_super: 0.00387, sec: 212411.953, prod: 0.000172, t_ads: 27.0, t_des: 176.0, bed_util_ads: 0.129, bed_util_des: 0.128, frac_lost: 0.011, li_recovered:  0.035
L: 0.52, u_super: 0.00490, sec: 306174.469, prod: 0.000194, t_ads: 21.0, t_des: 115.0, bed_util_ads: 0.146, bed_util_des: 0.146, frac_lost: 0.012, li_recovered:  0.026
L: 0.59, u_super: 0.00132, sec: 23176.314, prod: 0.000177, t_ads: 76.0, t_des: 262.0, bed_util_ads: 0.141, bed_util_des: 0.140, frac_lost: 0.010, li_recovered:  0.060
L: 0.59, u_super: 0.00160, sec: 37651.445, prod: 0.000162, t_ads: 62.0, t_des: 155.0, bed_util_ads: 0.161, bed_util_des: 0.161, frac_lost: 0.010, li_recovered:  0.035
L: 1.21, u_super: 0.00031, sec: 5646.061, prod: 0.000040, t_ads: 465.0, t_des: 347.0, bed_util_ads: 0.135, bed_util_des: 0.135, frac_lost: 0.010, li_recovered:  0.033
L: 0.63, u_super: 0.00132, sec: 25510.527, prod: 0.000162, t_ads: 79.0, t_des: 196.0, bed_util_ads: 0.157, bed_util_des: 0.156, frac_lost: 0.010, li_recovered:  0.045
L: 0.51, u_super: 0.00958, sec: 1076765.875, prod: 0.000224, t_ads: 12.0, t_des: 60.0, bed_util_ads: 0.177, bed_util_des: 0.177, frac_lost: 0.013, li_recovered:  0.016
L: 0.57, u_super: 0.00613, sec: 465881.000, prod: 0.000203, t_ads: 19.0, t_des: 92.0, bed_util_ads: 0.158, bed_util_des: 0.158, frac_lost: 0.013, li_recovered:  0.023
L: 0.54, u_super: 0.00325, sec: 171158.328, prod: 0.000150, t_ads: 30.0, t_des: 73.0, bed_util_ads: 0.179, bed_util_des: 0.178, frac_lost: 0.010, li_recovered:  0.015
L: 0.55, u_super: 0.00143, sec: 28844.104, prod: 0.000169, t_ads: 65.0, t_des: 173.0, bed_util_ads: 0.158, bed_util_des: 0.158, frac_lost: 0.010, li_recovered:  0.040
L: 1.22, u_super: 0.00033, sec: inf, prod: 0.000000, t_ads: 346.0, t_des: 0.0, bed_util_ads: 0.170, bed_util_des: 0.170, frac_lost: 0.010, li_recovered:  0.000
L: 0.61, u_super: 0.00071, sec: 6797.865, prod: 0.000171, t_ads: 139.0, t_des: 414.0, bed_util_ads: 0.138, bed_util_des: 0.136, frac_lost: 0.010, li_recovered:  0.095
    15 |      600 |     19 |  0.0017179454 |             f
L: 0.62, u_super: 0.00471, sec: 287689.250, prod: 0.000190, t_ads: 25.0, t_des: 89.0, bed_util_ads: 0.165, bed_util_des: 0.165, frac_lost: 0.011, li_recovered:  0.022
L: 0.52, u_super: 0.00613, sec: 544744.625, prod: 0.000174, t_ads: 17.0, t_des: 129.0, bed_util_ads: 0.132, bed_util_des: 0.132, frac_lost: 0.011, li_recovered:  0.025
L: 0.57, u_super: 0.00613, sec: 528403.750, prod: 0.000179, t_ads: 19.0, t_des: 144.0, bed_util_ads: 0.133, bed_util_des: 0.132, frac_lost: 0.012, li_recovered:  0.029
L: 0.61, u_super: 0.00030, sec: 2655.760, prod: 0.000080, t_ads: 280.0, t_des: 325.0, bed_util_ads: 0.151, bed_util_des: 0.150, frac_lost: 0.010, li_recovered:  0.048
L: 0.51, u_super: 0.00880, sec: 1024576.000, prod: 0.000197, t_ads: 13.0, t_des: 105.0, bed_util_ads: 0.145, bed_util_des: 0.145, frac_lost: 0.014, li_recovered:  0.023
L: 1.23, u_super: 0.00583, sec: 495024.156, prod: 0.000172, t_ads: 38.0, t_des: 105.0, bed_util_ads: 0.170, bed_util_des: 0.169, frac_lost: 0.011, li_recovered:  0.025
L: 0.66, u_super: 0.00821, sec: 989355.375, prod: 0.000176, t_ads: 16.0, t_des: 112.0, bed_util_ads: 0.136, bed_util_des: 0.136, frac_lost: 0.010, li_recovered:  0.023
L: 0.53, u_super: 0.00355, sec: 162068.000, prod: 0.000189, t_ads: 28.0, t_des: 119.0, bed_util_ads: 0.151, bed_util_des: 0.151, frac_lost: 0.011, li_recovered:  0.028
L: 0.84, u_super: 0.00836, sec: 965349.875, prod: 0.000188, t_ads: 20.0, t_des: 126.0, bed_util_ads: 0.140, bed_util_des: 0.140, frac_lost: 0.012, li_recovered:  0.027
L: 0.57, u_super: 0.00885, sec: 904798.250, prod: 0.000226, t_ads: 14.0, t_des: 64.0, bed_util_ads: 0.176, bed_util_des: 0.176, frac_lost: 0.014, li_recovered:  0.018
L: 0.59, u_super: 0.00583, sec: 481322.250, prod: 0.000177, t_ads: 20.0, t_des: 57.0, bed_util_ads: 0.189, bed_util_des: 0.189, frac_lost: 0.012, li_recovered:  0.014
L: 0.51, u_super: 0.00880, sec: 886663.500, prod: 0.000228, t_ads: 13.0, t_des: 60.0, bed_util_ads: 0.180, bed_util_des: 0.180, frac_lost: 0.014, li_recovered:  0.017
L: 0.58, u_super: 0.00029, sec: 1413.006, prod: 0.000136, t_ads: 293.0, t_des: 522.0, bed_util_ads: 0.138, bed_util_des: 0.136, frac_lost: 0.010, li_recovered:  0.111
L: 0.51, u_super: 0.00611, sec: 495141.281, prod: 0.000189, t_ads: 17.0, t_des: 115.0, bed_util_ads: 0.141, bed_util_des: 0.141, frac_lost: 0.012, li_recovered:  0.025
L: 0.62, u_super: 0.00089, sec: 20895.490, prod: 0.000089, t_ads: 111.0, t_des: 158.0, bed_util_ads: 0.174, bed_util_des: 0.174, frac_lost: 0.010, li_recovered:  0.024
L: 0.57, u_super: 0.00105, sec: 14688.370, prod: 0.000177, t_ads: 92.0, t_des: 345.0, bed_util_ads: 0.135, bed_util_des: 0.134, frac_lost: 0.010, li_recovered:  0.077
L: 0.59, u_super: 0.00458, sec: 276575.531, prod: 0.000187, t_ads: 24.0, t_des: 92.0, bed_util_ads: 0.159, bed_util_des: 0.158, frac_lost: 0.011, li_recovered:  0.022
L: 0.56, u_super: 0.00966, sec: 1052577.500, prod: 0.000234, t_ads: 13.0, t_des: 59.0, bed_util_ads: 0.183, bed_util_des: 0.183, frac_lost: 0.015, li_recovered:  0.017
L: 0.51, u_super: 0.00030, sec: 2979.655, prod: 0.000070, t_ads: 240.0, t_des: 267.0, bed_util_ads: 0.157, bed_util_des: 0.157, frac_lost: 0.010, li_recovered:  0.036
L: 0.57, u_super: 0.00045, sec: 5107.674, prod: 0.000090, t_ads: 191.0, t_des: 251.0, bed_util_ads: 0.161, bed_util_des: 0.160, frac_lost: 0.010, li_recovered:  0.040
L: 0.52, u_super: 0.00145, sec: 32246.557, prod: 0.000153, t_ads: 62.0, t_des: 428.0, bed_util_ads: 0.113, bed_util_des: 0.111, frac_lost: 0.010, li_recovered:  0.075
L: 0.52, u_super: 0.00490, sec: 307111.969, prod: 0.000194, t_ads: 21.0, t_des: 68.0, bed_util_ads: 0.178, bed_util_des: 0.178, frac_lost: 0.012, li_recovered:  0.017
L: 0.58, u_super: 0.00082, sec: 9108.205, prod: 0.000174, t_ads: 116.0, t_des: 407.0, bed_util_ads: 0.134, bed_util_des: 0.132, frac_lost: 0.010, li_recovered:  0.091
L: 0.51, u_super: 0.00034, sec: inf, prod: 0.000000, t_ads: 206.0, t_des: 0.0, bed_util_ads: 0.177, bed_util_des: 0.177, frac_lost: 0.010, li_recovered:  0.000
L: 0.59, u_super: 0.00459, sec: 271330.125, prod: 0.000192, t_ads: 24.0, t_des: 107.0, bed_util_ads: 0.151, bed_util_des: 0.151, frac_lost: 0.011, li_recovered:  0.025
L: 0.54, u_super: 0.00088, sec: 19678.658, prod: 0.000092, t_ads: 98.0, t_des: 144.0, bed_util_ads: 0.177, bed_util_des: 0.176, frac_lost: 0.010, li_recovered:  0.022
L: 0.51, u_super: 0.00397, sec: 205990.766, prod: 0.000188, t_ads: 24.0, t_des: 83.0, bed_util_ads: 0.165, bed_util_des: 0.165, frac_lost: 0.010, li_recovered:  0.020
L: 0.51, u_super: 0.00885, sec: 927970.562, prod: 0.000220, t_ads: 13.0, t_des: 75.0, bed_util_ads: 0.166, bed_util_des: 0.166, frac_lost: 0.014, li_recovered:  0.019
L: 0.52, u_super: 0.00030, sec: 1927.851, prod: 0.000108, t_ads: 251.0, t_des: 357.0, bed_util_ads: 0.150, bed_util_des: 0.149, frac_lost: 0.010, li_recovered:  0.066
L: 0.54, u_super: 0.00315, sec: 131368.734, prod: 0.000183, t_ads: 31.0, t_des: 105.0, bed_util_ads: 0.159, bed_util_des: 0.158, frac_lost: 0.010, li_recovered:  0.025
L: 0.66, u_super: 0.00162, sec: 34472.414, prod: 0.000179, t_ads: 70.0, t_des: 258.0, bed_util_ads: 0.140, bed_util_des: 0.140, frac_lost: 0.010, li_recovered:  0.059
L: 0.56, u_super: 0.00463, sec: 340895.438, prod: 0.000155, t_ads: 23.0, t_des: 196.0, bed_util_ads: 0.118, bed_util_des: 0.118, frac_lost: 0.011, li_recovered:  0.034
L: 0.53, u_super: 0.00352, sec: 160132.906, prod: 0.000188, t_ads: 28.0, t_des: 106.0, bed_util_ads: 0.158, bed_util_des: 0.157, frac_lost: 0.011, li_recovered:  0.025
L: 0.53, u_super: 0.00158, sec: 240136.844, prod: 0.000025, t_ads: 57.0, t_des: 66.0, bed_util_ads: 0.200, bed_util_des: 0.200, frac_lost: 0.010, li_recovered:  0.003
L: 1.21, u_super: 0.00954, sec: 1322723.625, prod: 0.000181, t_ads: 24.0, t_des: 141.0, bed_util_ads: 0.136, bed_util_des: 0.136, frac_lost: 0.011, li_recovered:  0.030
L: 0.53, u_super: 0.00781, sec: 787752.250, prod: 0.000199, t_ads: 14.0, t_des: 47.0, bed_util_ads: 0.189, bed_util_des: 0.188, frac_lost: 0.011, li_recovered:  0.012
L: 0.60, u_super: 0.00323, sec: 135729.984, prod: 0.000186, t_ads: 34.0, t_des: 133.0, bed_util_ads: 0.151, bed_util_des: 0.151, frac_lost: 0.011, li_recovered:  0.031
L: 0.57, u_super: 0.00485, sec: 415825.125, prod: 0.000140, t_ads: 22.0, t_des: 52.0, bed_util_ads: 0.190, bed_util_des: 0.189, frac_lost: 0.010, li_recovered:  0.010
L: 0.59, u_super: 0.00509, sec: 333734.000, prod: 0.000193, t_ads: 22.0, t_des: 103.0, bed_util_ads: 0.151, bed_util_des: 0.151, frac_lost: 0.011, li_recovered:  0.024
L: 0.59, u_super: 0.00614, sec: 472165.062, prod: 0.000201, t_ads: 19.0, t_des: 86.0, bed_util_ads: 0.160, bed_util_des: 0.159, frac_lost: 0.012, li_recovered:  0.021
    16 |      640 |     21 |  0.0746344610 |         ideal
L: 0.54, u_super: 0.00839, sec: 821190.062, prod: 0.000222, t_ads: 14.0, t_des: 64.0, bed_util_ads: 0.177, bed_util_des: 0.177, frac_lost: 0.014, li_recovered:  0.017
L: 0.52, u_super: 0.00026, sec: 1166.401, prod: 0.000138, t_ads: 285.0, t_des: 518.0, bed_util_ads: 0.138, bed_util_des: 0.137, frac_lost: 0.010, li_recovered:  0.111
L: 1.09, u_super: 0.00316, sec: 150516.328, prod: 0.000161, t_ads: 60.0, t_des: 374.0, bed_util_ads: 0.118, bed_util_des: 0.117, frac_lost: 0.010, li_recovered:  0.070
L: 0.62, u_super: 0.00613, sec: 466209.562, prod: 0.000203, t_ads: 20.0, t_des: 94.0, bed_util_ads: 0.157, bed_util_des: 0.157, frac_lost: 0.012, li_recovered:  0.023
L: 0.56, u_super: 0.00582, sec: 431995.906, prod: 0.000196, t_ads: 19.0, t_des: 72.0, bed_util_ads: 0.170, bed_util_des: 0.169, frac_lost: 0.012, li_recovered:  0.018
L: 0.63, u_super: 0.00108, sec: 15643.889, prod: 0.000176, t_ads: 97.0, t_des: 312.0, bed_util_ads: 0.141, bed_util_des: 0.140, frac_lost: 0.010, li_recovered:  0.072
L: 0.56, u_super: 0.00966, sec: 1058282.000, prod: 0.000232, t_ads: 13.0, t_des: 59.0, bed_util_ads: 0.183, bed_util_des: 0.183, frac_lost: 0.015, li_recovered:  0.017
L: 0.50, u_super: 0.00608, sec: 447283.812, prod: 0.000208, t_ads: 17.0, t_des: 67.0, bed_util_ads: 0.175, bed_util_des: 0.175, frac_lost: 0.013, li_recovered:  0.017
L: 0.60, u_super: 0.00377, sec: 187275.312, prod: 0.000185, t_ads: 29.0, t_des: 115.0, bed_util_ads: 0.151, bed_util_des: 0.151, frac_lost: 0.010, li_recovered:  0.027
L: 0.54, u_super: 0.00130, sec: 32972.203, prod: 0.000121, t_ads: 69.0, t_des: 126.0, bed_util_ads: 0.176, bed_util_des: 0.175, frac_lost: 0.010, li_recovered:  0.024
L: 0.58, u_super: 0.00160, sec: inf, prod: 0.000000, t_ads: 60.0, t_des: 0.0, bed_util_ads: 0.208, bed_util_des: 0.208, frac_lost: 0.010, li_recovered:  0.000
L: 0.56, u_super: 0.00974, sec: 1331157.250, prod: 0.000188, t_ads: 12.0, t_des: 40.0, bed_util_ads: 0.194, bed_util_des: 0.194, frac_lost: 0.010, li_recovered:  0.010
L: 1.29, u_super: 0.00356, sec: 182383.109, prod: 0.000169, t_ads: 62.0, t_des: 167.0, bed_util_ads: 0.159, bed_util_des: 0.158, frac_lost: 0.010, li_recovered:  0.039
L: 0.51, u_super: 0.00215, sec: 59862.477, prod: 0.000185, t_ads: 42.0, t_des: 153.0, bed_util_ads: 0.151, bed_util_des: 0.150, frac_lost: 0.011, li_recovered:  0.036
L: 0.51, u_super: 0.00880, sec: 878402.375, prod: 0.000230, t_ads: 13.0, t_des: 64.0, bed_util_ads: 0.176, bed_util_des: 0.176, frac_lost: 0.014, li_recovered:  0.018
L: 0.56, u_super: 0.00471, sec: 275202.125, prod: 0.000199, t_ads: 23.0, t_des: 87.0, bed_util_ads: 0.165, bed_util_des: 0.165, frac_lost: 0.012, li_recovered:  0.022
L: 0.53, u_super: 0.00315, sec: 461006.438, prod: 0.000052, t_ads: 31.0, t_des: 48.0, bed_util_ads: 0.208, bed_util_des: 0.208, frac_lost: 0.011, li_recovered:  0.004
L: 0.59, u_super: 0.00596, sec: 458349.562, prod: 0.000195, t_ads: 19.0, t_des: 71.0, bed_util_ads: 0.168, bed_util_des: 0.168, frac_lost: 0.011, li_recovered:  0.018
L: 0.81, u_super: 0.00011, sec: inf, prod: 0.000000, t_ads: 595.0, t_des: 0.0, bed_util_ads: 0.133, bed_util_des: 0.133, frac_lost: 0.010, li_recovered:  0.000
L: 0.57, u_super: 0.00139, sec: 25981.172, prod: 0.000176, t_ads: 70.0, t_des: 281.0, bed_util_ads: 0.135, bed_util_des: 0.134, frac_lost: 0.010, li_recovered:  0.062
L: 0.60, u_super: 0.00848, sec: 897032.750, prod: 0.000208, t_ads: 15.0, t_des: 83.0, bed_util_ads: 0.159, bed_util_des: 0.158, frac_lost: 0.013, li_recovered:  0.020
L: 0.59, u_super: 0.00490, sec: 305242.969, prod: 0.000194, t_ads: 23.0, t_des: 108.0, bed_util_ads: 0.151, bed_util_des: 0.151, frac_lost: 0.011, li_recovered:  0.025
L: 0.59, u_super: 0.00472, sec: 278990.688, prod: 0.000198, t_ads: 24.0, t_des: 112.0, bed_util_ads: 0.152, bed_util_des: 0.152, frac_lost: 0.012, li_recovered:  0.027
L: 0.51, u_super: 0.00160, sec: 33219.711, prod: 0.000182, t_ads: 56.0, t_des: 216.0, bed_util_ads: 0.142, bed_util_des: 0.141, frac_lost: 0.010, li_recovered:  0.049
L: 0.52, u_super: 0.00029, sec: 1325.784, prod: 0.000145, t_ads: 266.0, t_des: 523.0, bed_util_ads: 0.138, bed_util_des: 0.136, frac_lost: 0.010, li_recovered:  0.114
L: 0.51, u_super: 0.00819, sec: 860008.438, prod: 0.000202, t_ads: 13.0, t_des: 70.0, bed_util_ads: 0.160, bed_util_des: 0.160, frac_lost: 0.011, li_recovered:  0.017
L: 0.54, u_super: 0.00325, sec: 136223.609, prod: 0.000188, t_ads: 31.0, t_des: 112.0, bed_util_ads: 0.159, bed_util_des: 0.158, frac_lost: 0.011, li_recovered:  0.027
L: 0.51, u_super: 0.00885, sec: 1082668.875, prod: 0.000188, t_ads: 13.0, t_des: 114.0, bed_util_ads: 0.141, bed_util_des: 0.141, frac_lost: 0.014, li_recovered:  0.024
L: 0.60, u_super: 0.00290, sec: 113406.227, prod: 0.000178, t_ads: 37.0, t_des: 175.0, bed_util_ads: 0.137, bed_util_des: 0.136, frac_lost: 0.010, li_recovered:  0.038
L: 0.53, u_super: 0.00059, sec: 7612.656, prod: 0.000105, t_ads: 153.0, t_des: 1803.0, bed_util_ads: 0.083, bed_util_des: 0.080, frac_lost: 0.010, li_recovered:  0.206
L: 0.87, u_super: 0.00462, sec: 288168.438, prod: 0.000183, t_ads: 34.0, t_des: 155.0, bed_util_ads: 0.141, bed_util_des: 0.141, frac_lost: 0.010, li_recovered:  0.035
L: 0.59, u_super: 0.00468, sec: 683781.750, prod: 0.000079, t_ads: 24.0, t_des: 568.0, bed_util_ads: 0.077, bed_util_des: 0.077, frac_lost: 0.011, li_recovered:  0.047
L: 0.51, u_super: 0.00839, sec: 860150.312, prod: 0.000212, t_ads: 13.0, t_des: 56.0, bed_util_ads: 0.178, bed_util_des: 0.177, frac_lost: 0.012, li_recovered:  0.015
L: 0.58, u_super: 0.00613, sec: 453882.219, prod: 0.000208, t_ads: 19.0, t_des: 86.0, bed_util_ads: 0.162, bed_util_des: 0.162, frac_lost: 0.013, li_recovered:  0.022
L: 0.54, u_super: 0.00839, sec: 831594.312, prod: 0.000219, t_ads: 14.0, t_des: 63.0, bed_util_ads: 0.176, bed_util_des: 0.176, frac_lost: 0.013, li_recovered:  0.017
L: 0.51, u_super: 0.00867, sec: 887026.312, prod: 0.000221, t_ads: 13.0, t_des: 58.0, bed_util_ads: 0.180, bed_util_des: 0.180, frac_lost: 0.013, li_recovered:  0.016
L: 0.70, u_super: 0.00553, sec: 400498.469, prod: 0.000191, t_ads: 24.0, t_des: 95.0, bed_util_ads: 0.158, bed_util_des: 0.158, frac_lost: 0.011, li_recovered:  0.023
L: 0.52, u_super: 0.00824, sec: 893488.750, prod: 0.000197, t_ads: 13.0, t_des: 52.0, bed_util_ads: 0.177, bed_util_des: 0.177, frac_lost: 0.010, li_recovered:  0.013
L: 0.57, u_super: 0.00963, sec: 1115944.750, prod: 0.000219, t_ads: 13.0, t_des: 54.0, bed_util_ads: 0.184, bed_util_des: 0.184, frac_lost: 0.013, li_recovered:  0.015
L: 0.54, u_super: 0.00050, sec: 3473.791, prod: 0.000168, t_ads: 170.0, t_des: 478.0, bed_util_ads: 0.136, bed_util_des: 0.135, frac_lost: 0.010, li_recovered:  0.109
    17 |      680 |     25 |  0.1101678038 |         nadir
L: 0.61, u_super: 0.00071, sec: 8524.974, prod: 0.000136, t_ads: 136.0, t_des: 253.0, bed_util_ads: 0.158, bed_util_des: 0.158, frac_lost: 0.010, li_recovered:  0.053
L: 0.54, u_super: 0.00314, sec: 125529.016, prod: 0.000190, t_ads: 32.0, t_des: 142.0, bed_util_ads: 0.147, bed_util_des: 0.146, frac_lost: 0.011, li_recovered:  0.033
L: 0.53, u_super: 0.00851, sec: 923699.188, prod: 0.000204, t_ads: 13.0, t_des: 54.0, bed_util_ads: 0.176, bed_util_des: 0.176, frac_lost: 0.010, li_recovered:  0.014
L: 0.52, u_super: 0.00835, sec: 864667.188, prod: 0.000209, t_ads: 13.0, t_des: 56.0, bed_util_ads: 0.176, bed_util_des: 0.176, frac_lost: 0.011, li_recovered:  0.014
L: 0.52, u_super: 0.00392, sec: 201378.453, prod: 0.000186, t_ads: 25.0, t_des: 86.0, bed_util_ads: 0.165, bed_util_des: 0.165, frac_lost: 0.011, li_recovered:  0.021
L: 0.53, u_super: 0.00352, sec: 171604.094, prod: 0.000176, t_ads: 28.0, t_des: 83.0, bed_util_ads: 0.172, bed_util_des: 0.172, frac_lost: 0.011, li_recovered:  0.019
L: 0.51, u_super: 0.00880, sec: 892454.688, prod: 0.000226, t_ads: 13.0, t_des: 64.0, bed_util_ads: 0.176, bed_util_des: 0.175, frac_lost: 0.014, li_recovered:  0.017
L: 0.58, u_super: 0.00897, sec: 940756.625, prod: 0.000223, t_ads: 14.0, t_des: 59.0, bed_util_ads: 0.182, bed_util_des: 0.181, frac_lost: 0.014, li_recovered:  0.016
L: 0.56, u_super: 0.00943, sec: 1070620.875, prod: 0.000218, t_ads: 13.0, t_des: 55.0, bed_util_ads: 0.184, bed_util_des: 0.183, frac_lost: 0.013, li_recovered:  0.015
L: 0.54, u_super: 0.00213, sec: 59872.789, prod: 0.000182, t_ads: 45.0, t_des: 158.0, bed_util_ads: 0.151, bed_util_des: 0.150, frac_lost: 0.011, li_recovered:  0.037
L: 0.57, u_super: 0.00029, sec: 1394.649, prod: 0.000138, t_ads: 287.0, t_des: 521.0, bed_util_ads: 0.138, bed_util_des: 0.136, frac_lost: 0.010, li_recovered:  0.111
L: 0.50, u_super: 0.00045, sec: inf, prod: 0.000000, t_ads: 163.0, t_des: 0.0, bed_util_ads: 0.184, bed_util_des: 0.184, frac_lost: 0.010, li_recovered:  0.000
L: 0.51, u_super: 0.00837, sec: 873039.562, prod: 0.000208, t_ads: 13.0, t_des: 68.0, bed_util_ads: 0.165, bed_util_des: 0.164, frac_lost: 0.012, li_recovered:  0.017
L: 0.52, u_super: 0.00019, sec: 809.509, prod: 0.000105, t_ads: 368.0, t_des: 502.0, bed_util_ads: 0.137, bed_util_des: 0.136, frac_lost: 0.010, li_recovered:  0.092
L: 1.20, u_super: 0.00476, sec: 342012.188, prod: 0.000164, t_ads: 44.0, t_des: 116.0, bed_util_ads: 0.165, bed_util_des: 0.165, frac_lost: 0.010, li_recovered:  0.026
L: 0.56, u_super: 0.00922, sec: 1074461.000, prod: 0.000207, t_ads: 13.0, t_des: 72.0, bed_util_ads: 0.163, bed_util_des: 0.162, frac_lost: 0.012, li_recovered:  0.018
L: 0.84, u_super: 0.00875, sec: 1017771.062, prod: 0.000196, t_ads: 19.0, t_des: 75.0, bed_util_ads: 0.167, bed_util_des: 0.166, frac_lost: 0.011, li_recovered:  0.018
L: 0.91, u_super: 0.00370, sec: 183487.562, prod: 0.000182, t_ads: 44.0, t_des: 205.0, bed_util_ads: 0.138, bed_util_des: 0.137, frac_lost: 0.011, li_recovered:  0.045
L: 0.59, u_super: 0.00085, sec: 9640.851, prod: 0.000175, t_ads: 114.0, t_des: 372.0, bed_util_ads: 0.138, bed_util_des: 0.137, frac_lost: 0.010, li_recovered:  0.085
L: 0.57, u_super: 0.00035, sec: 1849.853, prod: 0.000154, t_ads: 247.0, t_des: 550.0, bed_util_ads: 0.136, bed_util_des: 0.134, frac_lost: 0.010, li_recovered:  0.123
L: 0.54, u_super: 0.00036, sec: 1987.556, prod: 0.000155, t_ads: 224.0, t_des: 503.0, bed_util_ads: 0.138, bed_util_des: 0.137, frac_lost: 0.010, li_recovered:  0.113
L: 0.58, u_super: 0.00035, sec: 1925.162, prod: 0.000149, t_ads: 248.0, t_des: 516.0, bed_util_ads: 0.138, bed_util_des: 0.136, frac_lost: 0.010, li_recovered:  0.114
L: 0.51, u_super: 0.00029, sec: 1180.012, prod: 0.000163, t_ads: 274.0, t_des: 878.0, bed_util_ads: 0.121, bed_util_des: 0.118, frac_lost: 0.010, li_recovered:  0.188
L: 0.59, u_super: 0.00583, sec: 440358.688, prod: 0.000194, t_ads: 20.0, t_des: 68.0, bed_util_ads: 0.177, bed_util_des: 0.177, frac_lost: 0.012, li_recovered:  0.017
L: 0.50, u_super: 0.00036, sec: 2175.740, prod: 0.000138, t_ads: 211.0, t_des: 387.0, bed_util_ads: 0.147, bed_util_des: 0.146, frac_lost: 0.010, li_recovered:  0.083
L: 0.51, u_super: 0.00596, sec: 451006.844, prod: 0.000198, t_ads: 17.0, t_des: 81.0, bed_util_ads: 0.158, bed_util_des: 0.157, frac_lost: 0.011, li_recovered:  0.019
L: 0.55, u_super: 0.00731, sec: 675103.750, prod: 0.000202, t_ads: 15.0, t_des: 71.0, bed_util_ads: 0.162, bed_util_des: 0.161, frac_lost: 0.011, li_recovered:  0.017
L: 0.54, u_super: 0.00770, sec: 683020.000, prod: 0.000223, t_ads: 15.0, t_des: 66.0, bed_util_ads: 0.176, bed_util_des: 0.176, frac_lost: 0.014, li_recovered:  0.018
L: 0.60, u_super: 0.00364, sec: 226486.078, prod: 0.000143, t_ads: 30.0, t_des: 269.0, bed_util_ads: 0.110, bed_util_des: 0.109, frac_lost: 0.010, li_recovered:  0.043
L: 0.94, u_super: 0.00966, sec: 1439771.375, prod: 0.000171, t_ads: 19.0, t_des: 53.0, bed_util_ads: 0.188, bed_util_des: 0.188, frac_lost: 0.011, li_recovered:  0.012
L: 0.68, u_super: 0.00160, sec: 34315.355, prod: 0.000178, t_ads: 72.0, t_des: 255.0, bed_util_ads: 0.141, bed_util_des: 0.140, frac_lost: 0.010, li_recovered:  0.058
L: 0.52, u_super: 0.00473, sec: 304520.375, prod: 0.000182, t_ads: 21.0, t_des: 66.0, bed_util_ads: 0.175, bed_util_des: 0.174, frac_lost: 0.010, li_recovered:  0.016
L: 0.51, u_super: 0.00020, sec: 818.937, prod: 0.000108, t_ads: 355.0, t_des: 496.0, bed_util_ads: 0.138, bed_util_des: 0.137, frac_lost: 0.010, li_recovered:  0.092
L: 0.68, u_super: 0.00862, sec: 1006036.625, prod: 0.000192, t_ads: 16.0, t_des: 56.0, bed_util_ads: 0.180, bed_util_des: 0.180, frac_lost: 0.011, li_recovered:  0.014
L: 0.88, u_super: 0.00406, sec: 237157.531, prod: 0.000170, t_ads: 38.0, t_des: 106.0, bed_util_ads: 0.165, bed_util_des: 0.165, frac_lost: 0.010, li_recovered:  0.025
L: 0.57, u_super: 0.00534, sec: 397335.375, prod: 0.000179, t_ads: 21.0, t_des: 62.0, bed_util_ads: 0.183, bed_util_des: 0.182, frac_lost: 0.012, li_recovered:  0.015
L: 0.53, u_super: 0.00575, sec: 439715.750, prod: 0.000188, t_ads: 18.0, t_des: 59.0, bed_util_ads: 0.177, bed_util_des: 0.177, frac_lost: 0.010, li_recovered:  0.014
L: 0.59, u_super: 0.00422, sec: 229088.234, prod: 0.000191, t_ads: 26.0, t_des: 113.0, bed_util_ads: 0.151, bed_util_des: 0.151, frac_lost: 0.011, li_recovered:  0.027
L: 0.57, u_super: 0.00616, sec: 513908.969, prod: 0.000186, t_ads: 18.0, t_des: 60.0, bed_util_ads: 0.175, bed_util_des: 0.175, frac_lost: 0.010, li_recovered:  0.014
L: 0.59, u_super: 0.00459, sec: 271388.062, prod: 0.000192, t_ads: 24.0, t_des: 107.0, bed_util_ads: 0.151, bed_util_des: 0.151, frac_lost: 0.011, li_recovered:  0.025
    18 |      720 |     28 |  0.2545840439 |         nadir
L: 0.59, u_super: 0.00584, sec: 416959.875, prod: 0.000205, t_ads: 20.0, t_des: 79.0, bed_util_ads: 0.168, bed_util_des: 0.168, frac_lost: 0.012, li_recovered:  0.020
L: 0.54, u_super: 0.00972, sec: 1171385.125, prod: 0.000212, t_ads: 12.0, t_des: 51.0, bed_util_ads: 0.183, bed_util_des: 0.183, frac_lost: 0.012, li_recovered:  0.013
L: 0.53, u_super: 0.00830, sec: 806370.812, prod: 0.000221, t_ads: 14.0, t_des: 65.0, bed_util_ads: 0.176, bed_util_des: 0.176, frac_lost: 0.014, li_recovered:  0.017
L: 0.59, u_super: 0.00462, sec: 274585.062, prod: 0.000192, t_ads: 24.0, t_des: 107.0, bed_util_ads: 0.151, bed_util_des: 0.151, frac_lost: 0.011, li_recovered:  0.025
L: 0.58, u_super: 0.00028, sec: inf, prod: 0.000000, t_ads: 264.0, t_des: 0.0, bed_util_ads: 0.170, bed_util_des: 0.170, frac_lost: 0.010, li_recovered:  0.000
L: 0.52, u_super: 0.00397, sec: 218571.250, prod: 0.000177, t_ads: 25.0, t_des: 157.0, bed_util_ads: 0.133, bed_util_des: 0.132, frac_lost: 0.011, li_recovered:  0.032
L: 0.51, u_super: 0.00039, sec: 2711.992, prod: 0.000132, t_ads: 212.0, t_des: 1581.0, bed_util_ads: 0.095, bed_util_des: 0.091, frac_lost: 0.010, li_recovered:  0.237
L: 0.50, u_super: 0.00933, sec: 1008046.688, prod: 0.000227, t_ads: 12.0, t_des: 55.0, bed_util_ads: 0.183, bed_util_des: 0.183, frac_lost: 0.013, li_recovered:  0.015
L: 0.74, u_super: 0.00075, sec: 7683.079, prod: 0.000170, t_ads: 159.0, t_des: 461.0, bed_util_ads: 0.137, bed_util_des: 0.135, frac_lost: 0.010, li_recovered:  0.105
L: 0.54, u_super: 0.00314, sec: 126153.344, prod: 0.000189, t_ads: 32.0, t_des: 115.0, bed_util_ads: 0.159, bed_util_des: 0.158, frac_lost: 0.011, li_recovered:  0.028
L: 0.50, u_super: 0.00984, sec: 1343622.875, prod: 0.000190, t_ads: 11.0, t_des: 35.0, bed_util_ads: 0.204, bed_util_des: 0.204, frac_lost: 0.010, li_recovered:  0.009
L: 0.54, u_super: 0.00050, sec: 3519.180, prod: 0.000167, t_ads: 169.0, t_des: 455.0, bed_util_ads: 0.138, bed_util_des: 0.137, frac_lost: 0.010, li_recovered:  0.104
L: 0.59, u_super: 0.00091, sec: 14083.432, prod: 0.000139, t_ads: 104.0, t_des: 203.0, bed_util_ads: 0.163, bed_util_des: 0.162, frac_lost: 0.010, li_recovered:  0.043
L: 0.56, u_super: 0.00471, sec: 435492.219, prod: 0.000126, t_ads: 23.0, t_des: 293.0, bed_util_ads: 0.102, bed_util_des: 0.101, frac_lost: 0.011, li_recovered:  0.040
L: 0.73, u_super: 0.00019, sec: 2719.173, prod: 0.000031, t_ads: 456.0, t_des: 317.0, bed_util_ads: 0.137, bed_util_des: 0.137, frac_lost: 0.010, li_recovered:  0.024
L: 0.53, u_super: 0.00473, sec: 290348.281, prod: 0.000190, t_ads: 21.0, t_des: 76.0, bed_util_ads: 0.165, bed_util_des: 0.165, frac_lost: 0.010, li_recovered:  0.018
L: 0.56, u_super: 0.00471, sec: inf, prod: 0.000000, t_ads: 22.0, t_des: 0.0, bed_util_ads: 0.281, bed_util_des: 0.281, frac_lost: 0.011, li_recovered:  0.000
L: 0.56, u_super: 0.00764, sec: 712202.938, prod: 0.000211, t_ads: 15.0, t_des: 63.0, bed_util_ads: 0.173, bed_util_des: 0.172, frac_lost: 0.012, li_recovered:  0.016
L: 0.60, u_super: 0.00012, sec: inf, prod: 0.000000, t_ads: 504.0, t_des: 0.0, bed_util_ads: 0.140, bed_util_des: 0.140, frac_lost: 0.010, li_recovered:  0.000
L: 0.66, u_super: 0.00029, sec: 1545.644, prod: 0.000124, t_ads: 323.0, t_des: 518.0, bed_util_ads: 0.138, bed_util_des: 0.136, frac_lost: 0.010, li_recovered:  0.105
L: 0.52, u_super: 0.00609, sec: 522523.656, prod: 0.000179, t_ads: 17.0, t_des: 119.0, bed_util_ads: 0.136, bed_util_des: 0.135, frac_lost: 0.011, li_recovered:  0.024
L: 0.56, u_super: 0.00471, sec: 280566.969, prod: 0.000195, t_ads: 23.0, t_des: 87.0, bed_util_ads: 0.165, bed_util_des: 0.165, frac_lost: 0.012, li_recovered:  0.021
L: 0.50, u_super: 0.00215, sec: 65753.953, prod: 0.000168, t_ads: 42.0, t_des: 259.0, bed_util_ads: 0.124, bed_util_des: 0.123, frac_lost: 0.011, li_recovered:  0.051
L: 0.61, u_super: 0.00644, sec: 524936.188, prod: 0.000200, t_ads: 19.0, t_des: 68.0, bed_util_ads: 0.175, bed_util_des: 0.175, frac_lost: 0.012, li_recovered:  0.017
L: 0.52, u_super: 0.00642, sec: 547269.188, prod: 0.000191, t_ads: 16.0, t_des: 59.0, bed_util_ads: 0.173, bed_util_des: 0.173, frac_lost: 0.010, li_recovered:  0.014
L: 0.54, u_super: 0.00315, sec: 131278.969, prod: 0.000183, t_ads: 31.0, t_des: 129.0, bed_util_ads: 0.147, bed_util_des: 0.146, frac_lost: 0.010, li_recovered:  0.029
L: 0.52, u_super: 0.00013, sec: 2730.245, prod: 0.000014, t_ads: 471.0, t_des: 284.0, bed_util_ads: 0.136, bed_util_des: 0.136, frac_lost: 0.010, li_recovered:  0.011
L: 0.54, u_super: 0.00036, sec: 2362.983, prod: 0.000130, t_ads: 242.0, t_des: 1814.0, bed_util_ads: 0.093, bed_util_des: 0.089, frac_lost: 0.010, li_recovered:  0.267
L: 0.57, u_super: 0.00567, sec: 588027.938, prod: 0.000137, t_ads: 20.0, t_des: 233.0, bed_util_ads: 0.109, bed_util_des: 0.108, frac_lost: 0.011, li_recovered:  0.035
L: 0.51, u_super: 0.00020, sec: 868.342, prod: 0.000102, t_ads: 352.0, t_des: 469.0, bed_util_ads: 0.139, bed_util_des: 0.138, frac_lost: 0.010, li_recovered:  0.084
L: 0.52, u_super: 0.00030, sec: 1430.479, prod: 0.000150, t_ads: 254.0, t_des: 532.0, bed_util_ads: 0.137, bed_util_des: 0.136, frac_lost: 0.010, li_recovered:  0.118
L: 0.56, u_super: 0.00396, sec: 212060.734, prod: 0.000181, t_ads: 26.0, t_des: 86.0, bed_util_ads: 0.165, bed_util_des: 0.165, frac_lost: 0.010, li_recovered:  0.020
L: 0.53, u_super: 0.00800, sec: 773618.500, prod: 0.000213, t_ads: 14.0, t_des: 59.0, bed_util_ads: 0.176, bed_util_des: 0.176, frac_lost: 0.012, li_recovered:  0.016
L: 0.57, u_super: 0.00484, sec: 290711.969, prod: 0.000199, t_ads: 23.0, t_des: 87.0, bed_util_ads: 0.166, bed_util_des: 0.165, frac_lost: 0.012, li_recovered:  0.022
L: 0.51, u_super: 0.00613, sec: 460868.156, prod: 0.000205, t_ads: 17.0, t_des: 86.0, bed_util_ads: 0.158, bed_util_des: 0.158, frac_lost: 0.012, li_recovered:  0.021
L: 0.59, u_super: 0.00608, sec: 488012.781, prod: 0.000191, t_ads: 19.0, t_des: 105.0, bed_util_ads: 0.147, bed_util_des: 0.146, frac_lost: 0.011, li_recovered:  0.024
L: 0.56, u_super: 0.00462, sec: 275922.812, prod: 0.000191, t_ads: 23.0, t_des: 104.0, bed_util_ads: 0.150, bed_util_des: 0.150, frac_lost: 0.010, li_recovered:  0.024
L: 0.58, u_super: 0.00024, sec: 1127.796, prod: 0.000118, t_ads: 334.0, t_des: 507.0, bed_util_ads: 0.138, bed_util_des: 0.137, frac_lost: 0.010, li_recovered:  0.099
L: 0.76, u_super: 0.00289, sec: 150358.953, prod: 0.000134, t_ads: 46.0, t_des: 95.0, bed_util_ads: 0.181, bed_util_des: 0.181, frac_lost: 0.011, li_recovered:  0.019
L: 0.66, u_super: 0.00839, sec: 975242.125, prod: 0.000187, t_ads: 16.0, t_des: 48.0, bed_util_ads: 0.193, bed_util_des: 0.193, frac_lost: 0.012, li_recovered:  0.012
    19 |      760 |     29 |  0.0028822590 |             f
L: 0.51, u_super: 0.00833, sec: 858600.125, prod: 0.000209, t_ads: 13.0, t_des: 53.0, bed_util_ads: 0.180, bed_util_des: 0.180, frac_lost: 0.011, li_recovered:  0.014
L: 0.57, u_super: 0.00861, sec: 1118070.375, prod: 0.000172, t_ads: 14.0, t_des: 127.0, bed_util_ads: 0.132, bed_util_des: 0.132, frac_lost: 0.012, li_recovered:  0.024
L: 0.56, u_super: 0.00965, sec: 1121828.875, prod: 0.000219, t_ads: 13.0, t_des: 72.0, bed_util_ads: 0.168, bed_util_des: 0.168, frac_lost: 0.014, li_recovered:  0.019
L: 0.57, u_super: 0.00070, sec: 8554.033, prod: 0.000135, t_ads: 129.0, t_des: 240.0, bed_util_ads: 0.159, bed_util_des: 0.159, frac_lost: 0.010, li_recovered:  0.050
L: 0.54, u_super: 0.00839, sec: 809530.688, prod: 0.000225, t_ads: 14.0, t_des: 65.0, bed_util_ads: 0.176, bed_util_des: 0.176, frac_lost: 0.014, li_recovered:  0.018
L: 0.54, u_super: 0.00084, sec: 15542.818, prod: 0.000106, t_ads: 103.0, t_des: 163.0, bed_util_ads: 0.172, bed_util_des: 0.172, frac_lost: 0.010, li_recovered:  0.028
L: 0.56, u_super: 0.00966, sec: 1293464.625, prod: 0.000190, t_ads: 13.0, t_des: 117.0, bed_util_ads: 0.141, bed_util_des: 0.140, frac_lost: 0.015, li_recovered:  0.025
L: 0.54, u_super: 0.00062, sec: 5454.524, prod: 0.000167, t_ads: 138.0, t_des: 358.0, bed_util_ads: 0.144, bed_util_des: 0.143, frac_lost: 0.010, li_recovered:  0.083
L: 0.53, u_super: 0.00352, sec: 158978.609, prod: 0.000189, t_ads: 28.0, t_des: 130.0, bed_util_ads: 0.146, bed_util_des: 0.146, frac_lost: 0.011, li_recovered:  0.030
L: 0.53, u_super: 0.00033, sec: 1646.039, prod: 0.000151, t_ads: 243.0, t_des: 515.0, bed_util_ads: 0.138, bed_util_des: 0.137, frac_lost: 0.010, li_recovered:  0.115
L: 0.51, u_super: 0.00485, sec: 326579.188, prod: 0.000179, t_ads: 20.0, t_des: 61.0, bed_util_ads: 0.177, bed_util_des: 0.177, frac_lost: 0.010, li_recovered:  0.014
L: 0.57, u_super: 0.00045, sec: 5119.192, prod: 0.000090, t_ads: 190.0, t_des: 250.0, bed_util_ads: 0.161, bed_util_des: 0.161, frac_lost: 0.010, li_recovered:  0.040
L: 0.59, u_super: 0.00462, sec: 915969.000, prod: 0.000057, t_ads: 24.0, t_des: 40.0, bed_util_ads: 0.215, bed_util_des: 0.215, frac_lost: 0.011, li_recovered:  0.004
L: 0.57, u_super: 0.00477, sec: 290712.750, prod: 0.000193, t_ads: 23.0, t_des: 93.0, bed_util_ads: 0.159, bed_util_des: 0.158, frac_lost: 0.011, li_recovered:  0.022
L: 0.55, u_super: 0.00966, sec: 1184016.500, prod: 0.000208, t_ads: 12.0, t_des: 48.0, bed_util_ads: 0.183, bed_util_des: 0.183, frac_lost: 0.010, li_recovered:  0.012
L: 0.56, u_super: 0.00966, sec: 1084115.875, prod: 0.000227, t_ads: 13.0, t_des: 68.0, bed_util_ads: 0.173, bed_util_des: 0.173, frac_lost: 0.015, li_recovered:  0.018
L: 0.59, u_super: 0.00570, sec: 417575.000, prod: 0.000195, t_ads: 20.0, t_des: 73.0, bed_util_ads: 0.169, bed_util_des: 0.169, frac_lost: 0.011, li_recovered:  0.018
L: 0.52, u_super: 0.00081, sec: 8726.152, prod: 0.000175, t_ads: 106.0, t_des: 357.0, bed_util_ads: 0.137, bed_util_des: 0.136, frac_lost: 0.010, li_recovered:  0.081
L: 0.51, u_super: 0.00153, sec: 42417.051, prod: 0.000131, t_ads: 57.0, t_des: 114.0, bed_util_ads: 0.176, bed_util_des: 0.176, frac_lost: 0.010, li_recovered:  0.022
L: 0.56, u_super: 0.00584, sec: 448045.875, prod: 0.000191, t_ads: 19.0, t_des: 60.0, bed_util_ads: 0.183, bed_util_des: 0.183, frac_lost: 0.012, li_recovered:  0.015
L: 0.52, u_super: 0.00677, sec: 639053.688, prod: 0.000182, t_ads: 16.0, t_des: 122.0, bed_util_ads: 0.137, bed_util_des: 0.137, frac_lost: 0.012, li_recovered:  0.025
L: 0.56, u_super: 0.00471, sec: 276779.688, prod: 0.000198, t_ads: 23.0, t_des: 90.0, bed_util_ads: 0.163, bed_util_des: 0.163, frac_lost: 0.012, li_recovered:  0.022
L: 0.52, u_super: 0.00019, sec: 1054.435, prod: 0.000081, t_ads: 361.0, t_des: 405.0, bed_util_ads: 0.141, bed_util_des: 0.141, frac_lost: 0.010, li_recovered:  0.062
L: 0.70, u_super: 0.00716, sec: 662209.562, prod: 0.000198, t_ads: 19.0, t_des: 85.0, bed_util_ads: 0.158, bed_util_des: 0.158, frac_lost: 0.011, li_recovered:  0.021
L: 0.51, u_super: 0.00020, sec: inf, prod: 0.000000, t_ads: 287.0, t_des: 0.0, bed_util_ads: 0.179, bed_util_des: 0.179, frac_lost: 0.010, li_recovered:  0.000
L: 0.57, u_super: 0.00601, sec: 452307.375, prod: 0.000201, t_ads: 19.0, t_des: 82.0, bed_util_ads: 0.162, bed_util_des: 0.162, frac_lost: 0.012, li_recovered:  0.020
L: 0.54, u_super: 0.00877, sec: 962174.438, prod: 0.000208, t_ads: 13.0, t_des: 57.0, bed_util_ads: 0.176, bed_util_des: 0.176, frac_lost: 0.012, li_recovered:  0.015
L: 0.51, u_super: 0.00020, sec: 705.821, prod: 0.000125, t_ads: 360.0, t_des: 588.0, bed_util_ads: 0.133, bed_util_des: 0.132, frac_lost: 0.010, li_recovered:  0.119
L: 0.57, u_super: 0.00898, sec: 937311.562, prod: 0.000225, t_ads: 14.0, t_des: 59.0, bed_util_ads: 0.183, bed_util_des: 0.182, frac_lost: 0.014, li_recovered:  0.016
L: 0.53, u_super: 0.00014, sec: 1007.293, prod: 0.000046, t_ads: 453.0, t_des: 356.0, bed_util_ads: 0.136, bed_util_des: 0.136, frac_lost: 0.010, li_recovered:  0.037
L: 0.65, u_super: 0.00084, sec: 9632.133, prod: 0.000171, t_ads: 126.0, t_des: 352.0, bed_util_ads: 0.143, bed_util_des: 0.141, frac_lost: 0.010, li_recovered:  0.082
L: 0.53, u_super: 0.00607, sec: 486260.656, prod: 0.000191, t_ads: 17.0, t_des: 68.0, bed_util_ads: 0.165, bed_util_des: 0.165, frac_lost: 0.010, li_recovered:  0.016
L: 0.58, u_super: 0.00770, sec: 779027.750, prod: 0.000195, t_ads: 15.0, t_des: 55.0, bed_util_ads: 0.176, bed_util_des: 0.176, frac_lost: 0.010, li_recovered:  0.014
L: 0.56, u_super: 0.00764, sec: 739143.562, prod: 0.000203, t_ads: 15.0, t_des: 54.0, bed_util_ads: 0.183, bed_util_des: 0.182, frac_lost: 0.012, li_recovered:  0.014
L: 0.55, u_super: 0.00042, sec: 2486.350, prod: 0.000167, t_ads: 205.0, t_des: 736.0, bed_util_ads: 0.123, bed_util_des: 0.120, frac_lost: 0.010, li_recovered:  0.157
L: 0.53, u_super: 0.00149, sec: 29045.600, prod: 0.000179, t_ads: 62.0, t_des: 254.0, bed_util_ads: 0.137, bed_util_des: 0.137, frac_lost: 0.010, li_recovered:  0.057
L: 0.51, u_super: 0.00025, sec: 2145.897, prod: 0.000065, t_ads: 348.0, t_des: 6821.0, bed_util_ads: 0.059, bed_util_des: 0.053, frac_lost: 0.010, li_recovered:  0.468
L: 0.54, u_super: 0.00781, sec: 910406.000, prod: 0.000172, t_ads: 14.0, t_des: 112.0, bed_util_ads: 0.134, bed_util_des: 0.133, frac_lost: 0.010, li_recovered:  0.022
L: 0.58, u_super: 0.00110, sec: 16063.673, prod: 0.000177, t_ads: 88.0, t_des: 300.0, bed_util_ads: 0.140, bed_util_des: 0.139, frac_lost: 0.010, li_recovered:  0.069
L: 0.56, u_super: 0.00968, sec: 1226206.125, prod: 0.000201, t_ads: 13.0, t_des: 100.0, bed_util_ads: 0.149, bed_util_des: 0.149, frac_lost: 0.015, li_recovered:  0.023
    20 |      800 |     28 |  0.1854519912 |         nadir
L: 0.51, u_super: 0.00019, sec: 798.858, prod: 0.000109, t_ads: 356.0, t_des: 503.0, bed_util_ads: 0.137, bed_util_des: 0.136, frac_lost: 0.010, li_recovered:  0.094
L: 0.56, u_super: 0.00397, sec: 211105.344, prod: 0.000183, t_ads: 26.0, t_des: 87.0, bed_util_ads: 0.165, bed_util_des: 0.165, frac_lost: 0.011, li_recovered:  0.021
L: 0.52, u_super: 0.00134, sec: 23744.670, prod: 0.000178, t_ads: 67.0, t_des: 265.0, bed_util_ads: 0.137, bed_util_des: 0.137, frac_lost: 0.010, li_recovered:  0.059
L: 0.51, u_super: 0.00613, sec: 470198.562, prod: 0.000201, t_ads: 17.0, t_des: 65.0, bed_util_ads: 0.175, bed_util_des: 0.175, frac_lost: 0.012, li_recovered:  0.016
L: 0.51, u_super: 0.00049, sec: 3354.866, prod: 0.000168, t_ads: 164.0, t_des: 460.0, bed_util_ads: 0.137, bed_util_des: 0.136, frac_lost: 0.010, li_recovered:  0.105
L: 0.56, u_super: 0.00802, sec: 860824.812, prod: 0.000193, t_ads: 14.0, t_des: 52.0, bed_util_ads: 0.179, bed_util_des: 0.178, frac_lost: 0.010, li_recovered:  0.013
L: 0.58, u_super: 0.00093, sec: 11509.031, prod: 0.000176, t_ads: 103.0, t_des: 334.0, bed_util_ads: 0.140, bed_util_des: 0.139, frac_lost: 0.010, li_recovered:  0.077
L: 0.54, u_super: 0.00459, sec: 312518.719, prod: 0.000166, t_ads: 22.0, t_des: 61.0, bed_util_ads: 0.181, bed_util_des: 0.181, frac_lost: 0.010, li_recovered:  0.014
L: 0.69, u_super: 0.00322, sec: 329511.906, prod: 0.000076, t_ads: 38.0, t_des: 61.0, bed_util_ads: 0.199, bed_util_des: 0.199, frac_lost: 0.011, li_recovered:  0.008
L: 0.54, u_super: 0.00375, sec: 179314.016, prod: 0.000192, t_ads: 27.0, t_des: 102.0, bed_util_ads: 0.159, bed_util_des: 0.158, frac_lost: 0.011, li_recovered:  0.025
L: 0.53, u_super: 0.00966, sec: 1199765.750, prod: 0.000205, t_ads: 12.0, t_des: 76.0, bed_util_ads: 0.158, bed_util_des: 0.158, frac_lost: 0.012, li_recovered:  0.018
L: 0.51, u_super: 0.00023, sec: 840.806, prod: 0.000147, t_ads: 319.0, t_des: 656.0, bed_util_ads: 0.131, bed_util_des: 0.129, frac_lost: 0.010, li_recovered:  0.143
L: 0.58, u_super: 0.00624, sec: 543007.312, prod: 0.000181, t_ads: 18.0, t_des: 114.0, bed_util_ads: 0.138, bed_util_des: 0.138, frac_lost: 0.010, li_recovered:  0.024
L: 0.52, u_super: 0.00025, sec: 1959.030, prod: 0.000073, t_ads: 286.0, t_des: 317.0, bed_util_ads: 0.151, bed_util_des: 0.151, frac_lost: 0.010, li_recovered:  0.044
L: 0.51, u_super: 0.00880, sec: 896496.062, prod: 0.000225, t_ads: 13.0, t_des: 60.0, bed_util_ads: 0.180, bed_util_des: 0.180, frac_lost: 0.014, li_recovered:  0.016
L: 0.58, u_super: 0.00944, sec: 1100856.125, prod: 0.000213, t_ads: 13.0, t_des: 57.0, bed_util_ads: 0.176, bed_util_des: 0.175, frac_lost: 0.011, li_recovered:  0.015
L: 0.53, u_super: 0.00962, sec: 1101343.625, prod: 0.000221, t_ads: 12.0, t_des: 52.0, bed_util_ads: 0.183, bed_util_des: 0.183, frac_lost: 0.012, li_recovered:  0.014
L: 0.54, u_super: 0.00543, sec: 509339.969, prod: 0.000145, t_ads: 19.0, t_des: 188.0, bed_util_ads: 0.114, bed_util_des: 0.114, frac_lost: 0.010, li_recovered:  0.030
L: 0.85, u_super: 0.00700, sec: 649167.500, prod: 0.000192, t_ads: 23.0, t_des: 86.0, bed_util_ads: 0.162, bed_util_des: 0.162, frac_lost: 0.011, li_recovered:  0.021
L: 0.52, u_super: 0.00029, sec: 1262.719, prod: 0.000153, t_ads: 268.0, t_des: 594.0, bed_util_ads: 0.134, bed_util_des: 0.132, frac_lost: 0.010, li_recovered:  0.132
L: 0.56, u_super: 0.00956, sec: 1049227.750, prod: 0.000229, t_ads: 13.0, t_des: 58.0, bed_util_ads: 0.183, bed_util_des: 0.183, frac_lost: 0.014, li_recovered:  0.016
L: 0.54, u_super: 0.00986, sec: 1182223.250, prod: 0.000217, t_ads: 12.0, t_des: 52.0, bed_util_ads: 0.183, bed_util_des: 0.183, frac_lost: 0.012, li_recovered:  0.014
L: 0.51, u_super: 0.00880, sec: 908726.188, prod: 0.000222, t_ads: 13.0, t_des: 76.0, bed_util_ads: 0.165, bed_util_des: 0.165, frac_lost: 0.014, li_recovered:  0.020
L: 0.51, u_super: 0.00038, sec: 2031.479, prod: 0.000161, t_ads: 211.0, t_des: 523.0, bed_util_ads: 0.136, bed_util_des: 0.135, frac_lost: 0.010, li_recovered:  0.118
L: 0.56, u_super: 0.00469, sec: 280595.469, prod: 0.000194, t_ads: 23.0, t_des: 86.0, bed_util_ads: 0.165, bed_util_des: 0.165, frac_lost: 0.012, li_recovered:  0.021
L: 0.52, u_super: 0.00026, sec: 1077.061, prod: 0.000149, t_ads: 310.0, t_des: 1519.0, bed_util_ads: 0.103, bed_util_des: 0.100, frac_lost: 0.010, li_recovered:  0.273
L: 0.59, u_super: 0.00773, sec: 752649.750, prod: 0.000204, t_ads: 16.0, t_des: 99.0, bed_util_ads: 0.151, bed_util_des: 0.151, frac_lost: 0.013, li_recovered:  0.023
L: 0.61, u_super: 0.00063, sec: 5415.873, prod: 0.000170, t_ads: 155.0, t_des: 444.0, bed_util_ads: 0.138, bed_util_des: 0.136, frac_lost: 0.010, li_recovered:  0.102
L: 0.59, u_super: 0.00286, sec: 115251.227, prod: 0.000171, t_ads: 37.0, t_des: 102.0, bed_util_ads: 0.170, bed_util_des: 0.170, frac_lost: 0.011, li_recovered:  0.024
L: 0.56, u_super: 0.00352, sec: 188942.875, prod: 0.000159, t_ads: 29.0, t_des: 72.0, bed_util_ads: 0.181, bed_util_des: 0.181, frac_lost: 0.011, li_recovered:  0.016
L: 0.73, u_super: 0.00019, sec: 2197.585, prod: 0.000039, t_ads: 459.0, t_des: 339.0, bed_util_ads: 0.136, bed_util_des: 0.136, frac_lost: 0.010, li_recovered:  0.031
L: 0.57, u_super: 0.00100, sec: 23736.105, prod: 0.000099, t_ads: 93.0, t_des: 143.0, bed_util_ads: 0.176, bed_util_des: 0.176, frac_lost: 0.010, li_recovered:  0.023
L: 1.03, u_super: 0.00224, sec: 67363.289, prod: 0.000177, t_ads: 78.0, t_des: 293.0, bed_util_ads: 0.137, bed_util_des: 0.136, frac_lost: 0.010, li_recovered:  0.066
L: 0.73, u_super: 0.00764, sec: 792115.562, prod: 0.000189, t_ads: 19.0, t_des: 61.0, bed_util_ads: 0.182, bed_util_des: 0.181, frac_lost: 0.012, li_recovered:  0.015
L: 0.51, u_super: 0.00160, sec: 33307.438, prod: 0.000181, t_ads: 56.0, t_des: 214.0, bed_util_ads: 0.143, bed_util_des: 0.142, frac_lost: 0.010, li_recovered:  0.049
L: 0.51, u_super: 0.00063, sec: 6064.317, prod: 0.000153, t_ads: 130.0, t_des: 280.0, bed_util_ads: 0.153, bed_util_des: 0.152, frac_lost: 0.010, li_recovered:  0.063
L: 0.58, u_super: 0.00024, sec: 1097.470, prod: 0.000121, t_ads: 336.0, t_des: 525.0, bed_util_ads: 0.137, bed_util_des: 0.136, frac_lost: 0.010, li_recovered:  0.104
L: 0.58, u_super: 0.00026, sec: 1205.208, prod: 0.000133, t_ads: 312.0, t_des: 545.0, bed_util_ads: 0.136, bed_util_des: 0.135, frac_lost: 0.010, li_recovered:  0.114
L: 0.51, u_super: 0.00104, sec: 14343.051, prod: 0.000178, t_ads: 82.0, t_des: 308.0, bed_util_ads: 0.137, bed_util_des: 0.136, frac_lost: 0.010, li_recovered:  0.069
L: 0.52, u_super: 0.00613, sec: 462115.250, prod: 0.000205, t_ads: 17.0, t_des: 80.0, bed_util_ads: 0.161, bed_util_des: 0.161, frac_lost: 0.012, li_recovered:  0.020
    21 |      840 |     31 |  0.0069201813 |             f
L: 0.68, u_super: 0.00608, sec: 523567.750, prod: 0.000178, t_ads: 21.0, t_des: 65.0, bed_util_ads: 0.175, bed_util_des: 0.174, frac_lost: 0.010, li_recovered:  0.015
L: 0.51, u_super: 0.00966, sec: 1674856.500, prod: 0.000147, t_ads: 12.0, t_des: 165.0, bed_util_ads: 0.119, bed_util_des: 0.119, frac_lost: 0.013, li_recovered:  0.026
L: 0.56, u_super: 0.00764, sec: 780761.438, prod: 0.000192, t_ads: 15.0, t_des: 96.0, bed_util_ads: 0.146, bed_util_des: 0.146, frac_lost: 0.011, li_recovered:  0.021
L: 0.58, u_super: 0.00471, sec: 297123.844, prod: 0.000184, t_ads: 23.0, t_des: 80.0, bed_util_ads: 0.165, bed_util_des: 0.165, frac_lost: 0.010, li_recovered:  0.019
L: 0.50, u_super: 0.00211, sec: 58420.711, prod: 0.000183, t_ads: 42.0, t_des: 152.0, bed_util_ads: 0.150, bed_util_des: 0.150, frac_lost: 0.011, li_recovered:  0.035
L: 0.54, u_super: 0.00416, sec: 248783.469, prod: 0.000171, t_ads: 24.0, t_des: 69.0, bed_util_ads: 0.176, bed_util_des: 0.176, frac_lost: 0.010, li_recovered:  0.016
L: 0.51, u_super: 0.00770, sec: 728364.250, prod: 0.000209, t_ads: 14.0, t_des: 59.0, bed_util_ads: 0.176, bed_util_des: 0.176, frac_lost: 0.012, li_recovered:  0.015
L: 0.60, u_super: 0.00986, sec: 1220106.250, prod: 0.000210, t_ads: 13.0, t_des: 68.0, bed_util_ads: 0.165, bed_util_des: 0.165, frac_lost: 0.012, li_recovered:  0.017
L: 0.51, u_super: 0.00023, sec: 839.863, prod: 0.000147, t_ads: 319.0, t_des: 657.0, bed_util_ads: 0.131, bed_util_des: 0.129, frac_lost: 0.010, li_recovered:  0.143
L: 0.59, u_super: 0.00370, sec: 178595.266, prod: 0.000187, t_ads: 29.0, t_des: 104.0, bed_util_ads: 0.158, bed_util_des: 0.158, frac_lost: 0.011, li_recovered:  0.025
L: 0.56, u_super: 0.00507, sec: 336889.938, prod: 0.000189, t_ads: 21.0, t_des: 77.0, bed_util_ads: 0.165, bed_util_des: 0.165, frac_lost: 0.011, li_recovered:  0.019
L: 0.88, u_super: 0.00621, sec: 529126.562, prod: 0.000184, t_ads: 26.0, t_des: 87.0, bed_util_ads: 0.164, bed_util_des: 0.164, frac_lost: 0.010, li_recovered:  0.021
L: 0.55, u_super: 0.00750, sec: 992805.188, prod: 0.000145, t_ads: 15.0, t_des: 35.0, bed_util_ads: 0.214, bed_util_des: 0.214, frac_lost: 0.012, li_recovered:  0.007
L: 0.51, u_super: 0.00966, sec: 1060350.125, prod: 0.000232, t_ads: 12.0, t_des: 56.0, bed_util_ads: 0.183, bed_util_des: 0.183, frac_lost: 0.014, li_recovered:  0.016
L: 0.71, u_super: 0.00134, sec: 24117.115, prod: 0.000175, t_ads: 89.0, t_des: 313.0, bed_util_ads: 0.138, bed_util_des: 0.137, frac_lost: 0.010, li_recovered:  0.070
L: 0.50, u_super: 0.00215, sec: 61002.465, prod: 0.000181, t_ads: 42.0, t_des: 197.0, bed_util_ads: 0.137, bed_util_des: 0.137, frac_lost: 0.011, li_recovered:  0.043
L: 0.51, u_super: 0.00913, sec: 1031152.500, prod: 0.000212, t_ads: 12.0, t_des: 52.0, bed_util_ads: 0.180, bed_util_des: 0.179, frac_lost: 0.011, li_recovered:  0.014
L: 0.53, u_super: 0.00026, sec: 1187.654, prod: 0.000135, t_ads: 293.0, t_des: 519.0, bed_util_ads: 0.138, bed_util_des: 0.137, frac_lost: 0.010, li_recovered:  0.110
L: 0.56, u_super: 0.00029, sec: inf, prod: 0.000000, t_ads: 242.0, t_des: 0.0, bed_util_ads: 0.181, bed_util_des: 0.181, frac_lost: 0.010, li_recovered:  0.000
L: 0.54, u_super: 0.00314, sec: 167000.328, prod: 0.000143, t_ads: 31.0, t_des: 70.0, bed_util_ads: 0.183, bed_util_des: 0.183, frac_lost: 0.010, li_recovered:  0.014
L: 0.56, u_super: 0.00637, sec: 562696.938, prod: 0.000182, t_ads: 17.0, t_des: 56.0, bed_util_ads: 0.178, bed_util_des: 0.177, frac_lost: 0.010, li_recovered:  0.013
L: 0.51, u_super: 0.00024, sec: 996.582, prod: 0.000130, t_ads: 306.0, t_des: 513.0, bed_util_ads: 0.138, bed_util_des: 0.137, frac_lost: 0.010, li_recovered:  0.106
L: 0.53, u_super: 0.00837, sec: 919442.250, prod: 0.000197, t_ads: 13.0, t_des: 71.0, bed_util_ads: 0.158, bed_util_des: 0.158, frac_lost: 0.010, li_recovered:  0.017
L: 0.56, u_super: 0.00160, sec: 33497.535, prod: 0.000180, t_ads: 60.0, t_des: 222.0, bed_util_ads: 0.142, bed_util_des: 0.141, frac_lost: 0.010, li_recovered:  0.051
L: 0.51, u_super: 0.00447, sec: 410732.375, prod: 0.000120, t_ads: 22.0, t_des: 47.0, bed_util_ads: 0.203, bed_util_des: 0.203, frac_lost: 0.012, li_recovered:  0.008
L: 0.51, u_super: 0.00020, sec: 704.560, prod: 0.000125, t_ads: 360.0, t_des: 588.0, bed_util_ads: 0.133, bed_util_des: 0.132, frac_lost: 0.010, li_recovered:  0.119
L: 0.54, u_super: 0.00589, sec: 441896.125, prod: 0.000197, t_ads: 18.0, t_des: 69.0, bed_util_ads: 0.168, bed_util_des: 0.168, frac_lost: 0.011, li_recovered:  0.017
L: 0.50, u_super: 0.00839, sec: 840978.812, prod: 0.000217, t_ads: 13.0, t_des: 60.0, bed_util_ads: 0.176, bed_util_des: 0.176, frac_lost: 0.013, li_recovered:  0.016
L: 0.60, u_super: 0.00469, sec: 292379.438, prod: 0.000186, t_ads: 24.0, t_des: 83.0, bed_util_ads: 0.165, bed_util_des: 0.165, frac_lost: 0.011, li_recovered:  0.020
L: 0.58, u_super: 0.00607, sec: 451448.250, prod: 0.000205, t_ads: 19.0, t_des: 84.0, bed_util_ads: 0.162, bed_util_des: 0.162, frac_lost: 0.012, li_recovered:  0.021
L: 0.52, u_super: 0.00016, sec: 642.497, prod: 0.000096, t_ads: 420.0, t_des: 520.0, bed_util_ads: 0.134, bed_util_des: 0.132, frac_lost: 0.010, li_recovered:  0.090
L: 0.54, u_super: 0.00770, sec: 685935.000, prod: 0.000222, t_ads: 15.0, t_des: 66.0, bed_util_ads: 0.176, bed_util_des: 0.176, frac_lost: 0.014, li_recovered:  0.018
L: 0.56, u_super: 0.00160, sec: 33781.395, prod: 0.000179, t_ads: 60.0, t_des: 221.0, bed_util_ads: 0.142, bed_util_des: 0.141, frac_lost: 0.010, li_recovered:  0.050
L: 0.52, u_super: 0.00027, sec: 1911.872, prod: 0.000088, t_ads: 271.0, t_des: 333.0, bed_util_ads: 0.151, bed_util_des: 0.150, frac_lost: 0.010, li_recovered:  0.053
L: 0.51, u_super: 0.00046, sec: 2915.130, prod: 0.000169, t_ads: 175.0, t_des: 514.0, bed_util_ads: 0.134, bed_util_des: 0.132, frac_lost: 0.010, li_recovered:  0.117
L: 0.51, u_super: 0.00035, sec: 1968.921, prod: 0.000143, t_ads: 219.0, t_des: 421.0, bed_util_ads: 0.144, bed_util_des: 0.143, frac_lost: 0.010, li_recovered:  0.092
L: 0.51, u_super: 0.00967, sec: 1090469.500, prod: 0.000226, t_ads: 12.0, t_des: 58.0, bed_util_ads: 0.180, bed_util_des: 0.180, frac_lost: 0.014, li_recovered:  0.016
L: 0.54, u_super: 0.00770, sec: 1111422.000, prod: 0.000137, t_ads: 14.0, t_des: 33.0, bed_util_ads: 0.211, bed_util_des: 0.211, frac_lost: 0.010, li_recovered:  0.006
L: 0.59, u_super: 0.00573, sec: 424165.812, prod: 0.000194, t_ads: 20.0, t_des: 75.0, bed_util_ads: 0.168, bed_util_des: 0.168, frac_lost: 0.011, li_recovered:  0.018
L: 0.56, u_super: 0.00880, sec: 1013772.875, prod: 0.000199, t_ads: 13.0, t_des: 48.0, bed_util_ads: 0.183, bed_util_des: 0.183, frac_lost: 0.010, li_recovered:  0.012
    22 |      880 |     33 |  0.2153798176 |         nadir
L: 0.51, u_super: 0.00942, sec: 1025935.625, prod: 0.000227, t_ads: 12.0, t_des: 54.0, bed_util_ads: 0.183, bed_util_des: 0.183, frac_lost: 0.013, li_recovered:  0.015
L: 0.52, u_super: 0.00397, sec: 199127.500, prod: 0.000194, t_ads: 25.0, t_des: 100.0, bed_util_ads: 0.158, bed_util_des: 0.158, frac_lost: 0.011, li_recovered:  0.024
L: 0.51, u_super: 0.00029, sec: 1179.503, prod: 0.000163, t_ads: 273.0, t_des: 816.0, bed_util_ads: 0.123, bed_util_des: 0.121, frac_lost: 0.010, li_recovered:  0.178
L: 0.59, u_super: 0.00365, sec: 181089.969, prod: 0.000179, t_ads: 29.0, t_des: 100.0, bed_util_ads: 0.158, bed_util_des: 0.158, frac_lost: 0.010, li_recovered:  0.023
L: 0.54, u_super: 0.00502, sec: 361849.469, prod: 0.000173, t_ads: 21.0, t_des: 153.0, bed_util_ads: 0.130, bed_util_des: 0.129, frac_lost: 0.012, li_recovered:  0.030
L: 0.51, u_super: 0.00576, sec: 538146.812, prod: 0.000155, t_ads: 18.0, t_des: 187.0, bed_util_ads: 0.119, bed_util_des: 0.118, frac_lost: 0.013, li_recovered:  0.032
L: 0.82, u_super: 0.00770, sec: 766174.688, prod: 0.000199, t_ads: 21.0, t_des: 77.0, bed_util_ads: 0.171, bed_util_des: 0.171, frac_lost: 0.012, li_recovered:  0.019
L: 0.57, u_super: 0.00613, sec: 458397.094, prod: 0.000206, t_ads: 19.0, t_des: 91.0, bed_util_ads: 0.159, bed_util_des: 0.159, frac_lost: 0.013, li_recovered:  0.023
L: 0.51, u_super: 0.00789, sec: 740851.062, prod: 0.000216, t_ads: 14.0, t_des: 64.0, bed_util_ads: 0.174, bed_util_des: 0.174, frac_lost: 0.013, li_recovered:  0.017
L: 0.51, u_super: 0.00215, sec: 59950.277, prod: 0.000185, t_ads: 42.0, t_des: 153.0, bed_util_ads: 0.151, bed_util_des: 0.150, frac_lost: 0.011, li_recovered:  0.036
L: 0.51, u_super: 0.00020, sec: 703.476, prod: 0.000126, t_ads: 360.0, t_des: 590.0, bed_util_ads: 0.133, bed_util_des: 0.132, frac_lost: 0.010, li_recovered:  0.119
L: 0.52, u_super: 0.00670, sec: 545956.000, prod: 0.000209, t_ads: 16.0, t_des: 64.0, bed_util_ads: 0.175, bed_util_des: 0.175, frac_lost: 0.012, li_recovered:  0.017
L: 0.63, u_super: 0.00966, sec: 1151872.875, prod: 0.000213, t_ads: 14.0, t_des: 56.0, bed_util_ads: 0.183, bed_util_des: 0.183, frac_lost: 0.013, li_recovered:  0.015
L: 0.56, u_super: 0.00469, sec: 275216.562, prod: 0.000198, t_ads: 23.0, t_des: 87.0, bed_util_ads: 0.165, bed_util_des: 0.165, frac_lost: 0.012, li_recovered:  0.022
L: 0.56, u_super: 0.00012, sec: inf, prod: 0.000000, t_ads: 356.0, t_des: 0.0, bed_util_ads: 0.172, bed_util_des: 0.172, frac_lost: 0.010, li_recovered:  0.000
L: 0.55, u_super: 0.00463, sec: 299048.469, prod: 0.000177, t_ads: 23.0, t_des: 65.0, bed_util_ads: 0.183, bed_util_des: 0.183, frac_lost: 0.012, li_recovered:  0.016
L: 0.54, u_super: 0.00097, sec: inf, prod: 0.000000, t_ads: 89.0, t_des: 0.0, bed_util_ads: 0.195, bed_util_des: 0.195, frac_lost: 0.010, li_recovered:  0.000
L: 0.60, u_super: 0.00607, sec: 484793.031, prod: 0.000191, t_ads: 19.0, t_des: 79.0, bed_util_ads: 0.159, bed_util_des: 0.159, frac_lost: 0.010, li_recovered:  0.019
L: 0.54, u_super: 0.00762, sec: 717520.312, prod: 0.000208, t_ads: 15.0, t_des: 84.0, bed_util_ads: 0.158, bed_util_des: 0.158, frac_lost: 0.013, li_recovered:  0.021
L: 0.59, u_super: 0.00462, sec: 284638.375, prod: 0.000185, t_ads: 24.0, t_des: 125.0, bed_util_ads: 0.142, bed_util_des: 0.142, frac_lost: 0.011, li_recovered:  0.028
L: 0.50, u_super: 0.00023, sec: 835.378, prod: 0.000148, t_ads: 316.0, t_des: 655.0, bed_util_ads: 0.131, bed_util_des: 0.129, frac_lost: 0.010, li_recovered:  0.143
L: 0.52, u_super: 0.00032, sec: 3388.642, prod: 0.000069, t_ads: 273.0, t_des: 5226.0, bed_util_ads: 0.062, bed_util_des: 0.057, frac_lost: 0.010, li_recovered:  0.382
L: 0.51, u_super: 0.00007, sec: inf, prod: 0.000000, t_ads: 399.0, t_des: 0.0, bed_util_ads: 0.164, bed_util_des: 0.164, frac_lost: 0.010, li_recovered:  0.000
L: 0.59, u_super: 0.00031, sec: 1506.034, prod: 0.000151, t_ads: 278.0, t_des: 592.0, bed_util_ads: 0.134, bed_util_des: 0.132, frac_lost: 0.010, li_recovered:  0.131
L: 0.57, u_super: 0.00104, sec: 14443.915, prod: 0.000177, t_ads: 92.0, t_des: 330.0, bed_util_ads: 0.137, bed_util_des: 0.136, frac_lost: 0.010, li_recovered:  0.075
L: 0.56, u_super: 0.00469, sec: 288624.875, prod: 0.000189, t_ads: 23.0, t_des: 132.0, bed_util_ads: 0.141, bed_util_des: 0.140, frac_lost: 0.012, li_recovered:  0.029
L: 0.52, u_super: 0.00037, sec: 1928.216, prod: 0.000162, t_ads: 220.0, t_des: 559.0, bed_util_ads: 0.134, bed_util_des: 0.132, frac_lost: 0.010, li_recovered:  0.126
L: 0.50, u_super: 0.00415, sec: 217853.609, prod: 0.000193, t_ads: 23.0, t_des: 93.0, bed_util_ads: 0.158, bed_util_des: 0.158, frac_lost: 0.011, li_recovered:  0.022
L: 0.58, u_super: 0.00130, sec: 28747.207, prod: 0.000138, t_ads: 77.0, t_des: 638.0, bed_util_ads: 0.103, bed_util_des: 0.101, frac_lost: 0.010, li_recovered:  0.099
L: 0.51, u_super: 0.00024, sec: 1246.865, prod: 0.000104, t_ads: 299.0, t_des: 410.0, bed_util_ads: 0.144, bed_util_des: 0.143, frac_lost: 0.010, li_recovered:  0.074
L: 0.51, u_super: 0.00020, sec: 708.169, prod: 0.000125, t_ads: 360.0, t_des: 584.0, bed_util_ads: 0.134, bed_util_des: 0.132, frac_lost: 0.010, li_recovered:  0.118
L: 0.51, u_super: 0.00476, sec: 498667.125, prod: 0.000112, t_ads: 21.0, t_des: 320.0, bed_util_ads: 0.096, bed_util_des: 0.095, frac_lost: 0.011, li_recovered:  0.038
L: 0.59, u_super: 0.00968, sec: 1235065.625, prod: 0.000200, t_ads: 13.0, t_des: 88.0, bed_util_ads: 0.151, bed_util_des: 0.151, frac_lost: 0.012, li_recovered:  0.020
L: 0.51, u_super: 0.00305, sec: 118817.484, prod: 0.000189, t_ads: 31.0, t_des: 140.0, bed_util_ads: 0.147, bed_util_des: 0.146, frac_lost: 0.011, li_recovered:  0.032
L: 0.51, u_super: 0.00033, sec: 1537.659, prod: 0.000163, t_ads: 237.0, t_des: 629.0, bed_util_ads: 0.131, bed_util_des: 0.129, frac_lost: 0.010, li_recovered:  0.141
L: 1.00, u_super: 0.00378, sec: 241438.141, prod: 0.000144, t_ads: 46.0, t_des: 101.0, bed_util_ads: 0.176, bed_util_des: 0.176, frac_lost: 0.010, li_recovered:  0.021
L: 0.56, u_super: 0.00749, sec: 710412.750, prod: 0.000202, t_ads: 15.0, t_des: 61.0, bed_util_ads: 0.171, bed_util_des: 0.171, frac_lost: 0.011, li_recovered:  0.015
L: 0.56, u_super: 0.00016, sec: 724.969, prod: 0.000085, t_ads: 438.0, t_des: 488.0, bed_util_ads: 0.133, bed_util_des: 0.132, frac_lost: 0.010, li_recovered:  0.078
L: 0.52, u_super: 0.00986, sec: 1167432.750, prod: 0.000220, t_ads: 12.0, t_des: 74.0, bed_util_ads: 0.166, bed_util_des: 0.166, frac_lost: 0.014, li_recovered:  0.019
L: 0.52, u_super: 0.00469, sec: 293647.219, prod: 0.000185, t_ads: 21.0, t_des: 75.0, bed_util_ads: 0.165, bed_util_des: 0.165, frac_lost: 0.010, li_recovered:  0.018
    23 |      920 |     34 |  0.0034964200 |             f
L: 0.59, u_super: 0.00067, sec: 10686.458, prod: 0.000098, t_ads: 136.0, t_des: 198.0, bed_util_ads: 0.168, bed_util_des: 0.167, frac_lost: 0.010, li_recovered:  0.033
L: 0.50, u_super: 0.00471, sec: 292848.656, prod: 0.000187, t_ads: 21.0, t_des: 64.0, bed_util_ads: 0.183, bed_util_des: 0.183, frac_lost: 0.012, li_recovered:  0.016
L: 0.56, u_super: 0.00978, sec: 1227714.750, prod: 0.000205, t_ads: 12.0, t_des: 48.0, bed_util_ads: 0.183, bed_util_des: 0.183, frac_lost: 0.010, li_recovered:  0.012
L: 0.53, u_super: 0.00369, sec: 175403.688, prod: 0.000190, t_ads: 27.0, t_des: 89.0, bed_util_ads: 0.169, bed_util_des: 0.168, frac_lost: 0.011, li_recovered:  0.022
L: 0.51, u_super: 0.00081, sec: 8754.422, prod: 0.000176, t_ads: 104.0, t_des: 381.0, bed_util_ads: 0.134, bed_util_des: 0.133, frac_lost: 0.010, li_recovered:  0.086
L: 0.54, u_super: 0.00751, sec: 861363.562, prod: 0.000168, t_ads: 15.0, t_des: 142.0, bed_util_ads: 0.128, bed_util_des: 0.127, frac_lost: 0.012, li_recovered:  0.026
L: 0.56, u_super: 0.00013, sec: inf, prod: 0.000000, t_ads: 389.0, t_des: 0.0, bed_util_ads: 0.162, bed_util_des: 0.162, frac_lost: 0.010, li_recovered:  0.000
L: 0.52, u_super: 0.00616, sec: 547398.625, prod: 0.000175, t_ads: 17.0, t_des: 129.0, bed_util_ads: 0.133, bed_util_des: 0.132, frac_lost: 0.011, li_recovered:  0.025
L: 0.55, u_super: 0.00032, sec: 1980.367, prod: 0.000122, t_ads: 247.0, t_des: 391.0, bed_util_ads: 0.147, bed_util_des: 0.146, frac_lost: 0.010, li_recovered:  0.078
L: 0.54, u_super: 0.00768, sec: 707079.938, prod: 0.000215, t_ads: 15.0, t_des: 59.0, bed_util_ads: 0.183, bed_util_des: 0.182, frac_lost: 0.014, li_recovered:  0.016
L: 0.59, u_super: 0.00613, sec: 467694.469, prod: 0.000202, t_ads: 19.0, t_des: 86.0, bed_util_ads: 0.159, bed_util_des: 0.159, frac_lost: 0.011, li_recovered:  0.021
L: 0.78, u_super: 0.00428, sec: 272975.500, prod: 0.000165, t_ads: 33.0, t_des: 85.0, bed_util_ads: 0.176, bed_util_des: 0.176, frac_lost: 0.011, li_recovered:  0.019
L: 0.50, u_super: 0.00211, sec: 58490.152, prod: 0.000182, t_ads: 42.0, t_des: 152.0, bed_util_ads: 0.150, bed_util_des: 0.150, frac_lost: 0.011, li_recovered:  0.035
L: 0.53, u_super: 0.00030, sec: 1403.379, prod: 0.000145, t_ads: 262.0, t_des: 519.0, bed_util_ads: 0.138, bed_util_des: 0.136, frac_lost: 0.010, li_recovered:  0.114
L: 1.05, u_super: 0.00519, sec: 479921.219, prod: 0.000140, t_ads: 36.0, t_des: 79.0, bed_util_ads: 0.183, bed_util_des: 0.182, frac_lost: 0.011, li_recovered:  0.016
L: 0.66, u_super: 0.00059, sec: 34029.160, prod: 0.000023, t_ads: 167.0, t_des: 151.0, bed_util_ads: 0.175, bed_util_des: 0.175, frac_lost: 0.010, li_recovered:  0.007
L: 0.52, u_super: 0.00016, sec: 643.071, prod: 0.000095, t_ads: 420.0, t_des: 519.0, bed_util_ads: 0.134, bed_util_des: 0.132, frac_lost: 0.010, li_recovered:  0.090
L: 0.58, u_super: 0.00613, sec: 521236.875, prod: 0.000181, t_ads: 18.0, t_des: 56.0, bed_util_ads: 0.179, bed_util_des: 0.179, frac_lost: 0.010, li_recovered:  0.013
L: 0.56, u_super: 0.00670, sec: 565057.750, prod: 0.000202, t_ads: 17.0, t_des: 68.0, bed_util_ads: 0.172, bed_util_des: 0.171, frac_lost: 0.012, li_recovered:  0.017
L: 0.51, u_super: 0.00020, sec: 1047.058, prod: 0.000084, t_ads: 347.0, t_des: 404.0, bed_util_ads: 0.142, bed_util_des: 0.142, frac_lost: 0.010, li_recovered:  0.063
L: 0.50, u_super: 0.00543, sec: 479842.094, prod: 0.000153, t_ads: 18.0, t_des: 164.0, bed_util_ads: 0.120, bed_util_des: 0.119, frac_lost: 0.010, li_recovered:  0.028
L: 0.56, u_super: 0.00608, sec: 483440.906, prod: 0.000192, t_ads: 18.0, t_des: 62.0, bed_util_ads: 0.175, bed_util_des: 0.175, frac_lost: 0.011, li_recovered:  0.015
L: 0.52, u_super: 0.00655, sec: 538086.250, prod: 0.000202, t_ads: 16.0, t_des: 61.0, bed_util_ads: 0.175, bed_util_des: 0.175, frac_lost: 0.011, li_recovered:  0.016
L: 0.52, u_super: 0.00613, sec: 483152.688, prod: 0.000196, t_ads: 17.0, t_des: 90.0, bed_util_ads: 0.152, bed_util_des: 0.152, frac_lost: 0.011, li_recovered:  0.021
L: 1.23, u_super: 0.00984, sec: 1347751.375, prod: 0.000190, t_ads: 24.0, t_des: 130.0, bed_util_ads: 0.143, bed_util_des: 0.142, frac_lost: 0.012, li_recovered:  0.029
L: 0.52, u_super: 0.00104, sec: 14573.355, prod: 0.000173, t_ads: 84.0, t_des: 249.0, bed_util_ads: 0.147, bed_util_des: 0.146, frac_lost: 0.010, li_recovered:  0.058
L: 0.56, u_super: 0.00447, sec: 280582.812, prod: 0.000176, t_ads: 24.0, t_des: 154.0, bed_util_ads: 0.132, bed_util_des: 0.132, frac_lost: 0.011, li_recovered:  0.031
L: 0.58, u_super: 0.00020, sec: inf, prod: 0.000000, t_ads: 339.0, t_des: 0.0, bed_util_ads: 0.161, bed_util_des: 0.161, frac_lost: 0.010, li_recovered:  0.000
L: 0.51, u_super: 0.00315, sec: 147943.234, prod: 0.000162, t_ads: 30.0, t_des: 223.0, bed_util_ads: 0.121, bed_util_des: 0.120, frac_lost: 0.011, li_recovered:  0.041
L: 0.56, u_super: 0.00968, sec: 1075525.375, prod: 0.000229, t_ads: 13.0, t_des: 65.0, bed_util_ads: 0.176, bed_util_des: 0.176, frac_lost: 0.015, li_recovered:  0.018
L: 0.50, u_super: 0.00565, sec: 386447.125, prod: 0.000207, t_ads: 18.0, t_des: 68.0, bed_util_ads: 0.175, bed_util_des: 0.175, frac_lost: 0.012, li_recovered:  0.018
L: 0.51, u_super: 0.00849, sec: 899480.438, prod: 0.000208, t_ads: 13.0, t_des: 79.0, bed_util_ads: 0.158, bed_util_des: 0.158, frac_lost: 0.012, li_recovered:  0.019
L: 0.51, u_super: 0.00013, sec: 618.045, prod: 0.000067, t_ads: 469.0, t_des: 440.0, bed_util_ads: 0.133, bed_util_des: 0.132, frac_lost: 0.010, li_recovered:  0.060
L: 0.51, u_super: 0.00070, sec: 6728.718, prod: 0.000169, t_ads: 122.0, t_des: 546.0, bed_util_ads: 0.122, bed_util_des: 0.121, frac_lost: 0.010, li_recovered:  0.113
L: 0.61, u_super: 0.00956, sec: 1117891.250, prod: 0.000215, t_ads: 14.0, t_des: 75.0, bed_util_ads: 0.165, bed_util_des: 0.165, frac_lost: 0.014, li_recovered:  0.019
L: 0.73, u_super: 0.00776, sec: 841533.750, prod: 0.000184, t_ads: 19.0, t_des: 131.0, bed_util_ads: 0.137, bed_util_des: 0.137, frac_lost: 0.012, li_recovered:  0.028
L: 0.51, u_super: 0.00984, sec: 1206603.500, prod: 0.000212, t_ads: 11.0, t_des: 47.0, bed_util_ads: 0.183, bed_util_des: 0.183, frac_lost: 0.010, li_recovered:  0.012
L: 0.56, u_super: 0.00983, sec: 1275170.125, prod: 0.000200, t_ads: 12.0, t_des: 48.0, bed_util_ads: 0.183, bed_util_des: 0.183, frac_lost: 0.011, li_recovered:  0.012
L: 1.10, u_super: 0.00497, sec: 405297.812, prod: 0.000151, t_ads: 39.0, t_des: 91.0, bed_util_ads: 0.175, bed_util_des: 0.175, frac_lost: 0.010, li_recovered:  0.020
L: 0.51, u_super: 0.00160, sec: 34186.035, prod: 0.000176, t_ads: 56.0, t_des: 260.0, bed_util_ads: 0.132, bed_util_des: 0.132, frac_lost: 0.010, li_recovered:  0.056
    24 |      960 |     34 |  0.1733049725 |         nadir
L: 0.51, u_super: 0.00029, sec: inf, prod: 0.000000, t_ads: 232.0, t_des: 0.0, bed_util_ads: 0.177, bed_util_des: 0.177, frac_lost: 0.010, li_recovered:  0.000
L: 0.51, u_super: 0.00826, sec: 862749.938, prod: 0.000205, t_ads: 13.0, t_des: 49.0, bed_util_ads: 0.185, bed_util_des: 0.185, frac_lost: 0.011, li_recovered:  0.013
L: 0.55, u_super: 0.00023, sec: 878.334, prod: 0.000135, t_ads: 344.0, t_des: 618.0, bed_util_ads: 0.133, bed_util_des: 0.131, frac_lost: 0.010, li_recovered:  0.130
L: 0.55, u_super: 0.00603, sec: 476763.125, prod: 0.000192, t_ads: 18.0, t_des: 107.0, bed_util_ads: 0.144, bed_util_des: 0.144, frac_lost: 0.011, li_recovered:  0.024
L: 0.53, u_super: 0.00770, sec: 905987.688, prod: 0.000168, t_ads: 14.0, t_des: 119.0, bed_util_ads: 0.130, bed_util_des: 0.130, frac_lost: 0.010, li_recovered:  0.022
L: 0.54, u_super: 0.00897, sec: 1135541.375, prod: 0.000185, t_ads: 13.0, t_des: 110.0, bed_util_ads: 0.140, bed_util_des: 0.139, frac_lost: 0.013, li_recovered:  0.023
L: 0.95, u_super: 0.00013, sec: inf, prod: 0.000000, t_ads: 616.0, t_des: 0.0, bed_util_ads: 0.130, bed_util_des: 0.130, frac_lost: 0.010, li_recovered:  0.000
L: 0.51, u_super: 0.00030, sec: 1945.701, prod: 0.000104, t_ads: 247.0, t_des: 342.0, bed_util_ads: 0.151, bed_util_des: 0.150, frac_lost: 0.010, li_recovered:  0.061
L: 0.58, u_super: 0.00615, sec: 499415.031, prod: 0.000191, t_ads: 18.0, t_des: 73.0, bed_util_ads: 0.162, bed_util_des: 0.162, frac_lost: 0.010, li_recovered:  0.017
L: 0.50, u_super: 0.00595, sec: 449473.062, prod: 0.000198, t_ads: 17.0, t_des: 96.0, bed_util_ads: 0.150, bed_util_des: 0.150, frac_lost: 0.012, li_recovered:  0.022
L: 0.50, u_super: 0.00023, sec: 835.172, prod: 0.000148, t_ads: 316.0, t_des: 656.0, bed_util_ads: 0.131, bed_util_des: 0.129, frac_lost: 0.010, li_recovered:  0.144
L: 0.51, u_super: 0.00269, sec: 99492.789, prod: 0.000174, t_ads: 34.0, t_des: 186.0, bed_util_ads: 0.132, bed_util_des: 0.131, frac_lost: 0.010, li_recovered:  0.038
L: 0.52, u_super: 0.00040, sec: 2385.640, prod: 0.000155, t_ads: 209.0, t_des: 1049.0, bed_util_ads: 0.109, bed_util_des: 0.107, frac_lost: 0.010, li_recovered:  0.196
L: 0.64, u_super: 0.00942, sec: inf, prod: 0.000000, t_ads: 14.0, t_des: 0.0, bed_util_ads: 0.254, bed_util_des: 0.254, frac_lost: 0.011, li_recovered:  0.000
L: 0.68, u_super: 0.00768, sec: 730893.750, prod: 0.000207, t_ads: 18.0, t_des: 76.0, bed_util_ads: 0.168, bed_util_des: 0.167, frac_lost: 0.012, li_recovered:  0.019
L: 0.52, u_super: 0.00019, sec: 2176.119, prod: 0.000037, t_ads: 358.0, t_des: 279.0, bed_util_ads: 0.147, bed_util_des: 0.146, frac_lost: 0.010, li_recovered:  0.024
L: 0.50, u_super: 0.00024, sec: inf, prod: 0.000000, t_ads: 252.0, t_des: 0.0, bed_util_ads: 0.181, bed_util_des: 0.181, frac_lost: 0.010, li_recovered:  0.000
L: 0.52, u_super: 0.00565, sec: 410523.250, prod: 0.000195, t_ads: 18.0, t_des: 63.0, bed_util_ads: 0.175, bed_util_des: 0.175, frac_lost: 0.011, li_recovered:  0.016
L: 0.54, u_super: 0.00770, sec: 995382.750, prod: 0.000153, t_ads: 15.0, t_des: 178.0, bed_util_ads: 0.119, bed_util_des: 0.119, frac_lost: 0.013, li_recovered:  0.030
L: 0.52, u_super: 0.00196, sec: 51739.668, prod: 0.000177, t_ads: 46.0, t_des: 150.0, bed_util_ads: 0.153, bed_util_des: 0.152, frac_lost: 0.010, li_recovered:  0.035
L: 0.58, u_super: 0.00430, sec: 256928.250, prod: 0.000177, t_ads: 25.0, t_des: 80.0, bed_util_ads: 0.167, bed_util_des: 0.167, frac_lost: 0.010, li_recovered:  0.019
L: 0.52, u_super: 0.00052, sec: 14233.189, prod: 0.000045, t_ads: 149.0, t_des: 154.0, bed_util_ads: 0.175, bed_util_des: 0.175, frac_lost: 0.010, li_recovered:  0.014
L: 0.56, u_super: 0.00966, sec: 1442672.375, prod: 0.000170, t_ads: 12.0, t_des: 36.0, bed_util_ads: 0.201, bed_util_des: 0.200, frac_lost: 0.010, li_recovered:  0.008
L: 0.52, u_super: 0.00031, sec: inf, prod: 0.000000, t_ads: 222.0, t_des: 0.0, bed_util_ads: 0.178, bed_util_des: 0.178, frac_lost: 0.010, li_recovered:  0.000
L: 0.57, u_super: 0.00613, sec: 455304.500, prod: 0.000208, t_ads: 19.0, t_des: 91.0, bed_util_ads: 0.159, bed_util_des: 0.159, frac_lost: 0.013, li_recovered:  0.023
L: 0.52, u_super: 0.00212, sec: 82997.258, prod: 0.000129, t_ads: 44.0, t_des: 455.0, bed_util_ads: 0.100, bed_util_des: 0.100, frac_lost: 0.011, li_recovered:  0.065
L: 0.52, u_super: 0.00397, sec: 206706.656, prod: 0.000187, t_ads: 24.0, t_des: 91.0, bed_util_ads: 0.158, bed_util_des: 0.158, frac_lost: 0.010, li_recovered:  0.021
L: 0.61, u_super: 0.00322, sec: 142558.438, prod: 0.000176, t_ads: 34.0, t_des: 105.0, bed_util_ads: 0.163, bed_util_des: 0.162, frac_lost: 0.010, li_recovered:  0.024
L: 0.51, u_super: 0.00215, sec: 60487.023, prod: 0.000183, t_ads: 42.0, t_des: 152.0, bed_util_ads: 0.151, bed_util_des: 0.150, frac_lost: 0.011, li_recovered:  0.035
L: 0.55, u_super: 0.00945, sec: 1016500.375, prod: 0.000231, t_ads: 13.0, t_des: 56.0, bed_util_ads: 0.185, bed_util_des: 0.185, frac_lost: 0.014, li_recovered:  0.016
L: 0.51, u_super: 0.00026, sec: 1071.039, prod: 0.000150, t_ads: 287.0, t_des: 612.0, bed_util_ads: 0.133, bed_util_des: 0.131, frac_lost: 0.010, li_recovered:  0.135
L: 0.56, u_super: 0.00493, sec: 303639.688, prod: 0.000199, t_ads: 22.0, t_des: 84.0, bed_util_ads: 0.165, bed_util_des: 0.165, frac_lost: 0.012, li_recovered:  0.021
L: 0.51, u_super: 0.00639, sec: 510999.062, prod: 0.000202, t_ads: 16.0, t_des: 60.0, bed_util_ads: 0.175, bed_util_des: 0.175, frac_lost: 0.011, li_recovered:  0.015
L: 0.52, u_super: 0.00394, sec: 209595.297, prod: 0.000182, t_ads: 25.0, t_des: 74.0, bed_util_ads: 0.176, bed_util_des: 0.176, frac_lost: 0.011, li_recovered:  0.018
L: 0.51, u_super: 0.00304, sec: 125436.102, prod: 0.000178, t_ads: 31.0, t_des: 180.0, bed_util_ads: 0.133, bed_util_des: 0.132, frac_lost: 0.011, li_recovered:  0.037
L: 0.53, u_super: 0.00909, sec: 930956.125, prod: 0.000232, t_ads: 13.0, t_des: 57.0, bed_util_ads: 0.185, bed_util_des: 0.185, frac_lost: 0.015, li_recovered:  0.016
L: 0.50, u_super: 0.00773, sec: 702769.188, prod: 0.000219, t_ads: 14.0, t_des: 63.0, bed_util_ads: 0.176, bed_util_des: 0.176, frac_lost: 0.013, li_recovered:  0.017
L: 0.53, u_super: 0.00733, sec: 811656.312, prod: 0.000169, t_ads: 15.0, t_des: 135.0, bed_util_ads: 0.129, bed_util_des: 0.129, frac_lost: 0.012, li_recovered:  0.025
L: 0.52, u_super: 0.00020, sec: 723.466, prod: 0.000122, t_ads: 370.0, t_des: 586.0, bed_util_ads: 0.133, bed_util_des: 0.132, frac_lost: 0.010, li_recovered:  0.117
L: 0.57, u_super: 0.00063, sec: 5334.981, prod: 0.000172, t_ads: 148.0, t_des: 509.0, bed_util_ads: 0.131, bed_util_des: 0.129, frac_lost: 0.010, li_recovered:  0.113
    25 |     1000 |     34 |  0.0019232463 |             f
L: 0.51, u_super: 0.00012, sec: 950.305, prod: 0.000037, t_ads: 494.0, t_des: 356.0, bed_util_ads: 0.133, bed_util_des: 0.133, frac_lost: 0.010, li_recovered:  0.031
L: 0.50, u_super: 0.00624, sec: 681669.250, prod: 0.000144, t_ads: 16.0, t_des: 176.0, bed_util_ads: 0.115, bed_util_des: 0.114, frac_lost: 0.011, li_recovered:  0.028
L: 0.54, u_super: 0.00966, sec: 1244281.875, prod: 0.000198, t_ads: 12.0, t_des: 85.0, bed_util_ads: 0.150, bed_util_des: 0.150, frac_lost: 0.011, li_recovered:  0.019
L: 0.53, u_super: 0.00909, sec: inf, prod: 0.000000, t_ads: 12.0, t_des: 0.0, bed_util_ads: 0.253, bed_util_des: 0.253, frac_lost: 0.010, li_recovered:  0.000
L: 0.51, u_super: 0.00311, sec: 127757.500, prod: 0.000183, t_ads: 30.0, t_des: 148.0, bed_util_ads: 0.139, bed_util_des: 0.139, frac_lost: 0.010, li_recovered:  0.033
L: 0.53, u_super: 0.00252, sec: 81935.664, prod: 0.000186, t_ads: 38.0, t_des: 128.0, bed_util_ads: 0.158, bed_util_des: 0.158, frac_lost: 0.011, li_recovered:  0.031
L: 0.55, u_super: 0.00052, sec: 4087.860, prod: 0.000156, t_ads: 165.0, t_des: 369.0, bed_util_ads: 0.146, bed_util_des: 0.145, frac_lost: 0.010, li_recovered:  0.083
L: 0.50, u_super: 0.00608, sec: 534862.250, prod: 0.000174, t_ads: 17.0, t_des: 143.0, bed_util_ads: 0.131, bed_util_des: 0.130, frac_lost: 0.013, li_recovered:  0.028
L: 0.54, u_super: 0.00770, sec: 793335.062, prod: 0.000192, t_ads: 14.0, t_des: 52.0, bed_util_ads: 0.178, bed_util_des: 0.177, frac_lost: 0.010, li_recovered:  0.013
L: 0.66, u_super: 0.00798, sec: 799956.000, prod: 0.000205, t_ads: 17.0, t_des: 65.0, bed_util_ads: 0.175, bed_util_des: 0.175, frac_lost: 0.012, li_recovered:  0.017
L: 0.58, u_super: 0.00532, sec: 355200.031, prod: 0.000199, t_ads: 21.0, t_des: 85.0, bed_util_ads: 0.162, bed_util_des: 0.162, frac_lost: 0.011, li_recovered:  0.021
L: 0.52, u_super: 0.00400, sec: 286429.281, prod: 0.000137, t_ads: 25.0, t_des: 272.0, bed_util_ads: 0.107, bed_util_des: 0.106, frac_lost: 0.011, li_recovered:  0.041
L: 0.51, u_super: 0.00770, sec: 723364.312, prod: 0.000211, t_ads: 14.0, t_des: 56.0, bed_util_ads: 0.181, bed_util_des: 0.181, frac_lost: 0.012, li_recovered:  0.015
L: 0.51, u_super: 0.00670, sec: 544812.500, prod: 0.000209, t_ads: 16.0, t_des: 65.0, bed_util_ads: 0.175, bed_util_des: 0.175, frac_lost: 0.013, li_recovered:  0.017
L: 0.51, u_super: 0.00311, sec: 133024.312, prod: 0.000176, t_ads: 30.0, t_des: 170.0, bed_util_ads: 0.133, bed_util_des: 0.132, frac_lost: 0.011, li_recovered:  0.035
L: 0.53, u_super: 0.00966, sec: 1103786.000, prod: 0.000223, t_ads: 12.0, t_des: 52.0, bed_util_ads: 0.183, bed_util_des: 0.183, frac_lost: 0.012, li_recovered:  0.014
L: 0.52, u_super: 0.00900, sec: 921537.312, prod: 0.000230, t_ads: 13.0, t_des: 56.0, bed_util_ads: 0.185, bed_util_des: 0.185, frac_lost: 0.014, li_recovered:  0.016
L: 0.52, u_super: 0.00008, sec: inf, prod: 0.000000, t_ads: 591.0, t_des: 0.0, bed_util_ads: 0.131, bed_util_des: 0.131, frac_lost: 0.010, li_recovered:  0.000
L: 0.51, u_super: 0.00160, sec: 33279.723, prod: 0.000181, t_ads: 56.0, t_des: 216.0, bed_util_ads: 0.142, bed_util_des: 0.141, frac_lost: 0.010, li_recovered:  0.049
L: 0.50, u_super: 0.00029, sec: 1169.840, prod: 0.000163, t_ads: 268.0, t_des: 812.0, bed_util_ads: 0.123, bed_util_des: 0.120, frac_lost: 0.010, li_recovered:  0.176
L: 0.54, u_super: 0.00020, sec: inf, prod: 0.000000, t_ads: 329.0, t_des: 0.0, bed_util_ads: 0.161, bed_util_des: 0.161, frac_lost: 0.010, li_recovered:  0.000
L: 0.50, u_super: 0.00237, sec: inf, prod: 0.000000, t_ads: 35.0, t_des: 0.0, bed_util_ads: 0.317, bed_util_des: 0.317, frac_lost: 0.010, li_recovered:  0.000
L: 0.50, u_super: 0.00493, sec: 299716.406, prod: 0.000201, t_ads: 20.0, t_des: 80.0, bed_util_ads: 0.165, bed_util_des: 0.165, frac_lost: 0.012, li_recovered:  0.020
L: 0.51, u_super: 0.00068, sec: 6126.147, prod: 0.000175, t_ads: 123.0, t_des: 432.0, bed_util_ads: 0.133, bed_util_des: 0.132, frac_lost: 0.010, li_recovered:  0.097
L: 0.51, u_super: 0.00064, sec: 7145.623, prod: 0.000133, t_ads: 126.0, t_des: 230.0, bed_util_ads: 0.162, bed_util_des: 0.161, frac_lost: 0.010, li_recovered:  0.047
L: 0.52, u_super: 0.00921, sec: 1060775.500, prod: 0.000210, t_ads: 12.0, t_des: 46.0, bed_util_ads: 0.187, bed_util_des: 0.186, frac_lost: 0.010, li_recovered:  0.012
L: 0.51, u_super: 0.00020, sec: inf, prod: 0.000000, t_ads: 294.0, t_des: 0.0, bed_util_ads: 0.175, bed_util_des: 0.175, frac_lost: 0.010, li_recovered:  0.000
L: 0.56, u_super: 0.00063, sec: 5334.907, prod: 0.000172, t_ads: 145.0, t_des: 524.0, bed_util_ads: 0.129, bed_util_des: 0.127, frac_lost: 0.010, li_recovered:  0.115
L: 0.54, u_super: 0.00323, sec: 159717.672, prod: 0.000158, t_ads: 31.0, t_des: 236.0, bed_util_ads: 0.118, bed_util_des: 0.118, frac_lost: 0.011, li_recovered:  0.042
L: 0.52, u_super: 0.00017, sec: inf, prod: 0.000000, t_ads: 360.0, t_des: 0.0, bed_util_ads: 0.157, bed_util_des: 0.157, frac_lost: 0.010, li_recovered:  0.000
L: 0.54, u_super: 0.00740, sec: 667205.875, prod: 0.000210, t_ads: 15.0, t_des: 60.0, bed_util_ads: 0.176, bed_util_des: 0.176, frac_lost: 0.012, li_recovered:  0.016
L: 0.57, u_super: 0.00049, sec: 3737.873, prod: 0.000150, t_ads: 179.0, t_des: 371.0, bed_util_ads: 0.147, bed_util_des: 0.146, frac_lost: 0.010, li_recovered:  0.083
L: 0.56, u_super: 0.00876, sec: 938526.938, prod: 0.000213, t_ads: 14.0, t_des: 84.0, bed_util_ads: 0.160, bed_util_des: 0.159, frac_lost: 0.014, li_recovered:  0.021
L: 1.22, u_super: 0.00013, sec: inf, prod: 0.000000, t_ads: 640.0, t_des: 0.0, bed_util_ads: 0.128, bed_util_des: 0.128, frac_lost: 0.010, li_recovered:  0.000
L: 0.51, u_super: 0.00105, sec: 14696.980, prod: 0.000177, t_ads: 82.0, t_des: 339.0, bed_util_ads: 0.133, bed_util_des: 0.132, frac_lost: 0.010, li_recovered:  0.075
L: 0.51, u_super: 0.00317, sec: 129895.594, prod: 0.000187, t_ads: 30.0, t_des: 150.0, bed_util_ads: 0.142, bed_util_des: 0.141, frac_lost: 0.011, li_recovered:  0.034
L: 0.54, u_super: 0.00318, sec: 212042.828, prod: 0.000115, t_ads: 31.0, t_des: 389.0, bed_util_ads: 0.095, bed_util_des: 0.094, frac_lost: 0.010, li_recovered:  0.049
L: 0.51, u_super: 0.00148, sec: 28719.061, prod: 0.000179, t_ads: 60.0, t_des: 205.0, bed_util_ads: 0.147, bed_util_des: 0.146, frac_lost: 0.010, li_recovered:  0.048
L: 0.52, u_super: 0.00130, sec: 23029.010, prod: 0.000172, t_ads: 68.0, t_des: 199.0, bed_util_ads: 0.151, bed_util_des: 0.150, frac_lost: 0.010, li_recovered:  0.046
L: 0.52, u_super: 0.00311, sec: 128219.000, prod: 0.000183, t_ads: 31.0, t_des: 95.0, bed_util_ads: 0.168, bed_util_des: 0.168, frac_lost: 0.011, li_recovered:  0.023
    26 |     1040 |     40 |  0.0049406072 |             f
L: 0.50, u_super: 0.00570, sec: 387240.719, prod: 0.000210, t_ads: 18.0, t_des: 69.0, bed_util_ads: 0.175, bed_util_des: 0.175, frac_lost: 0.013, li_recovered:  0.018
L: 0.55, u_super: 0.00013, sec: 858.569, prod: 0.000048, t_ads: 491.0, t_des: 389.0, bed_util_ads: 0.132, bed_util_des: 0.132, frac_lost: 0.010, li_recovered:  0.042
L: 0.50, u_super: 0.00213, sec: inf, prod: 0.000000, t_ads: 40.0, t_des: 0.0, bed_util_ads: 0.238, bed_util_des: 0.238, frac_lost: 0.010, li_recovered:  0.000
L: 0.52, u_super: 0.00375, sec: 204923.406, prod: 0.000168, t_ads: 26.0, t_des: 177.0, bed_util_ads: 0.126, bed_util_des: 0.125, frac_lost: 0.010, li_recovered:  0.034
L: 0.64, u_super: 0.00770, sec: 739527.688, prod: 0.000206, t_ads: 17.0, t_des: 77.0, bed_util_ads: 0.164, bed_util_des: 0.164, frac_lost: 0.012, li_recovered:  0.019
L: 0.83, u_super: 0.00899, sec: 1687420.375, prod: 0.000125, t_ads: 18.0, t_des: 41.0, bed_util_ads: 0.202, bed_util_des: 0.202, frac_lost: 0.011, li_recovered:  0.007
L: 0.73, u_super: 0.00677, sec: 704612.688, prod: 0.000165, t_ads: 21.0, t_des: 169.0, bed_util_ads: 0.124, bed_util_des: 0.124, frac_lost: 0.011, li_recovered:  0.031
L: 0.50, u_super: 0.00754, sec: 690579.875, prod: 0.000211, t_ads: 14.0, t_des: 68.0, bed_util_ads: 0.167, bed_util_des: 0.167, frac_lost: 0.012, li_recovered:  0.017
L: 0.57, u_super: 0.00613, sec: 498872.281, prod: 0.000190, t_ads: 18.0, t_des: 64.0, bed_util_ads: 0.171, bed_util_des: 0.171, frac_lost: 0.010, li_recovered:  0.016
L: 0.51, u_super: 0.00723, sec: 617888.688, prod: 0.000216, t_ads: 15.0, t_des: 62.0, bed_util_ads: 0.178, bed_util_des: 0.177, frac_lost: 0.013, li_recovered:  0.017
L: 0.53, u_super: 0.00598, sec: 427359.000, prod: 0.000210, t_ads: 18.0, t_des: 75.0, bed_util_ads: 0.169, bed_util_des: 0.169, frac_lost: 0.012, li_recovered:  0.020
L: 0.62, u_super: 0.00377, sec: 186243.203, prod: 0.000186, t_ads: 30.0, t_des: 106.0, bed_util_ads: 0.159, bed_util_des: 0.158, frac_lost: 0.011, li_recovered:  0.025
L: 0.52, u_super: 0.00157, sec: 32683.146, prod: 0.000179, t_ads: 57.0, t_des: 195.0, bed_util_ads: 0.147, bed_util_des: 0.146, frac_lost: 0.010, li_recovered:  0.045
L: 0.56, u_super: 0.00353, sec: 162201.141, prod: 0.000187, t_ads: 29.0, t_des: 104.0, bed_util_ads: 0.158, bed_util_des: 0.158, frac_lost: 0.010, li_recovered:  0.025
L: 0.51, u_super: 0.00023, sec: 811.468, prod: 0.000152, t_ads: 345.0, t_des: 1473.0, bed_util_ads: 0.106, bed_util_des: 0.102, frac_lost: 0.010, li_recovered:  0.276
L: 0.55, u_super: 0.00961, sec: 1041006.312, prod: 0.000233, t_ads: 13.0, t_des: 59.0, bed_util_ads: 0.183, bed_util_des: 0.183, frac_lost: 0.015, li_recovered:  0.017
L: 0.58, u_super: 0.00536, sec: 360365.719, prod: 0.000199, t_ads: 21.0, t_des: 73.0, bed_util_ads: 0.173, bed_util_des: 0.173, frac_lost: 0.012, li_recovered:  0.019
L: 0.51, u_super: 0.00068, sec: 6220.029, prod: 0.000174, t_ads: 122.0, t_des: 425.0, bed_util_ads: 0.133, bed_util_des: 0.132, frac_lost: 0.010, li_recovered:  0.095
L: 0.52, u_super: 0.00013, sec: 692.595, prod: 0.000060, t_ads: 477.0, t_des: 421.0, bed_util_ads: 0.133, bed_util_des: 0.132, frac_lost: 0.010, li_recovered:  0.054
L: 0.54, u_super: 0.00055, sec: 4158.150, prod: 0.000172, t_ads: 159.0, t_des: 553.0, bed_util_ads: 0.129, bed_util_des: 0.127, frac_lost: 0.010, li_recovered:  0.122
L: 0.50, u_super: 0.00016, sec: 602.264, prod: 0.000102, t_ads: 407.0, t_des: 535.0, bed_util_ads: 0.134, bed_util_des: 0.132, frac_lost: 0.010, li_recovered:  0.096
L: 0.65, u_super: 0.00132, sec: 24855.592, prod: 0.000166, t_ads: 83.0, t_des: 427.0, bed_util_ads: 0.121, bed_util_des: 0.120, frac_lost: 0.010, li_recovered:  0.085
L: 0.51, u_super: 0.00215, sec: 60006.062, prod: 0.000184, t_ads: 42.0, t_des: 154.0, bed_util_ads: 0.150, bed_util_des: 0.150, frac_lost: 0.011, li_recovered:  0.036
L: 0.54, u_super: 0.00162, sec: 34752.973, prod: 0.000178, t_ads: 57.0, t_des: 207.0, bed_util_ads: 0.143, bed_util_des: 0.142, frac_lost: 0.010, li_recovered:  0.047
L: 0.52, u_super: 0.00407, sec: 215516.719, prod: 0.000189, t_ads: 24.0, t_des: 93.0, bed_util_ads: 0.158, bed_util_des: 0.158, frac_lost: 0.010, li_recovered:  0.022
L: 0.76, u_super: 0.00020, sec: inf, prod: 0.000000, t_ads: 244.0, t_des: 0.0, bed_util_ads: 0.210, bed_util_des: 0.210, frac_lost: 0.010, li_recovered:  0.000
L: 0.52, u_super: 0.00390, sec: 197499.344, prod: 0.000188, t_ads: 25.0, t_des: 94.0, bed_util_ads: 0.159, bed_util_des: 0.159, frac_lost: 0.011, li_recovered:  0.022
L: 0.50, u_super: 0.00493, sec: 305624.281, prod: 0.000197, t_ads: 20.0, t_des: 73.0, bed_util_ads: 0.171, bed_util_des: 0.170, frac_lost: 0.011, li_recovered:  0.018
L: 0.53, u_super: 0.00902, sec: 933741.312, prod: 0.000228, t_ads: 13.0, t_des: 51.0, bed_util_ads: 0.192, bed_util_des: 0.192, frac_lost: 0.014, li_recovered:  0.015
L: 0.50, u_super: 0.00219, sec: 61599.742, prod: 0.000186, t_ads: 41.0, t_des: 158.0, bed_util_ads: 0.149, bed_util_des: 0.148, frac_lost: 0.011, li_recovered:  0.037
L: 0.54, u_super: 0.00837, sec: 844538.812, prod: 0.000215, t_ads: 14.0, t_des: 63.0, bed_util_ads: 0.175, bed_util_des: 0.175, frac_lost: 0.013, li_recovered:  0.017
L: 0.52, u_super: 0.00314, sec: 128833.008, prod: 0.000185, t_ads: 31.0, t_des: 155.0, bed_util_ads: 0.141, bed_util_des: 0.140, frac_lost: 0.011, li_recovered:  0.034
L: 0.53, u_super: 0.00470, sec: 271687.281, prod: 0.000201, t_ads: 22.0, t_des: 86.0, bed_util_ads: 0.165, bed_util_des: 0.165, frac_lost: 0.012, li_recovered:  0.022
L: 0.50, u_super: 0.00670, sec: 564331.125, prod: 0.000202, t_ads: 15.0, t_des: 61.0, bed_util_ads: 0.171, bed_util_des: 0.171, frac_lost: 0.011, li_recovered:  0.015
L: 0.53, u_super: 0.00400, sec: 202958.375, prod: 0.000193, t_ads: 25.0, t_des: 100.0, bed_util_ads: 0.158, bed_util_des: 0.158, frac_lost: 0.011, li_recovered:  0.024
L: 0.51, u_super: 0.00883, sec: 901834.938, prod: 0.000226, t_ads: 13.0, t_des: 64.0, bed_util_ads: 0.176, bed_util_des: 0.176, frac_lost: 0.014, li_recovered:  0.017
L: 0.51, u_super: 0.00037, sec: 1926.419, prod: 0.000164, t_ads: 213.0, t_des: 562.0, bed_util_ads: 0.134, bed_util_des: 0.132, frac_lost: 0.010, li_recovered:  0.127
L: 0.51, u_super: 0.00016, sec: 608.784, prod: 0.000100, t_ads: 412.0, t_des: 532.0, bed_util_ads: 0.134, bed_util_des: 0.132, frac_lost: 0.010, li_recovered:  0.094
L: 0.53, u_super: 0.00078, sec: 8851.921, prod: 0.000162, t_ads: 111.0, t_des: 265.0, bed_util_ads: 0.153, bed_util_des: 0.152, frac_lost: 0.010, li_recovered:  0.061
L: 0.51, u_super: 0.00670, sec: 535212.562, prod: 0.000213, t_ads: 16.0, t_des: 60.0, bed_util_ads: 0.181, bed_util_des: 0.181, frac_lost: 0.013, li_recovered:  0.016
    27 |     1080 |     40 |  0.2682044617 |         nadir
L: 1.00, u_super: 0.00839, sec: 956491.000, prod: 0.000191, t_ads: 23.0, t_des: 73.0, bed_util_ads: 0.176, bed_util_des: 0.176, frac_lost: 0.012, li_recovered:  0.018
L: 0.51, u_super: 0.00928, sec: 1007156.312, prod: 0.000224, t_ads: 12.0, t_des: 53.0, bed_util_ads: 0.183, bed_util_des: 0.183, frac_lost: 0.012, li_recovered:  0.015
L: 0.70, u_super: 0.00386, sec: 207708.484, prod: 0.000175, t_ads: 33.0, t_des: 181.0, bed_util_ads: 0.132, bed_util_des: 0.132, frac_lost: 0.010, li_recovered:  0.037
L: 0.71, u_super: 0.00723, sec: 734892.812, prod: 0.000182, t_ads: 19.0, t_des: 61.0, bed_util_ads: 0.178, bed_util_des: 0.177, frac_lost: 0.011, li_recovered:  0.015
L: 0.53, u_super: 0.00462, sec: 274582.125, prod: 0.000191, t_ads: 22.0, t_des: 82.0, bed_util_ads: 0.165, bed_util_des: 0.165, frac_lost: 0.011, li_recovered:  0.020
L: 0.62, u_super: 0.00493, sec: 325454.406, prod: 0.000185, t_ads: 24.0, t_des: 134.0, bed_util_ads: 0.140, bed_util_des: 0.140, frac_lost: 0.011, li_recovered:  0.029
L: 0.66, u_super: 0.00909, sec: 1044564.500, prod: 0.000207, t_ads: 15.0, t_des: 53.0, bed_util_ads: 0.185, bed_util_des: 0.185, frac_lost: 0.012, li_recovered:  0.014
L: 0.51, u_super: 0.00055, sec: 4157.370, prod: 0.000172, t_ads: 150.0, t_des: 532.0, bed_util_ads: 0.129, bed_util_des: 0.127, frac_lost: 0.010, li_recovered:  0.117
L: 0.51, u_super: 0.00880, sec: 879938.500, prod: 0.000229, t_ads: 13.0, t_des: 60.0, bed_util_ads: 0.180, bed_util_des: 0.180, frac_lost: 0.014, li_recovered:  0.017
L: 0.54, u_super: 0.00023, sec: inf, prod: 0.000000, t_ads: 276.0, t_des: 0.0, bed_util_ads: 0.174, bed_util_des: 0.174, frac_lost: 0.010, li_recovered:  0.000
L: 0.50, u_super: 0.00569, sec: 386082.031, prod: 0.000210, t_ads: 18.0, t_des: 69.0, bed_util_ads: 0.175, bed_util_des: 0.175, frac_lost: 0.013, li_recovered:  0.018
L: 0.76, u_super: 0.00039, sec: 3623.992, prod: 0.000099, t_ads: 320.0, t_des: 3574.0, bed_util_ads: 0.076, bed_util_des: 0.071, frac_lost: 0.010, li_recovered:  0.385
L: 0.51, u_super: 0.00033, sec: 2045.112, prod: 0.000125, t_ads: 250.0, t_des: 1995.0, bed_util_ads: 0.090, bed_util_des: 0.086, frac_lost: 0.010, li_recovered:  0.280
L: 0.54, u_super: 0.00397, sec: 196345.703, prod: 0.000196, t_ads: 26.0, t_des: 103.0, bed_util_ads: 0.159, bed_util_des: 0.158, frac_lost: 0.012, li_recovered:  0.025
L: 0.51, u_super: 0.00718, sec: 645739.250, prod: 0.000204, t_ads: 15.0, t_des: 82.0, bed_util_ads: 0.158, bed_util_des: 0.158, frac_lost: 0.012, li_recovered:  0.020
L: 0.54, u_super: 0.00724, sec: 695275.688, prod: 0.000193, t_ads: 15.0, t_des: 85.0, bed_util_ads: 0.151, bed_util_des: 0.151, frac_lost: 0.011, li_recovered:  0.019
L: 0.53, u_super: 0.00152, sec: 30178.248, prod: 0.000181, t_ads: 61.0, t_des: 233.0, bed_util_ads: 0.142, bed_util_des: 0.141, frac_lost: 0.011, li_recovered:  0.053
L: 0.51, u_super: 0.00020, sec: 703.740, prod: 0.000126, t_ads: 360.0, t_des: 592.0, bed_util_ads: 0.133, bed_util_des: 0.132, frac_lost: 0.010, li_recovered:  0.120
L: 0.83, u_super: 0.00966, sec: 1305090.375, prod: 0.000188, t_ads: 17.0, t_des: 54.0, bed_util_ads: 0.183, bed_util_des: 0.183, frac_lost: 0.011, li_recovered:  0.013
L: 0.52, u_super: 0.00319, sec: 129932.617, prod: 0.000190, t_ads: 30.0, t_des: 124.0, bed_util_ads: 0.151, bed_util_des: 0.150, frac_lost: 0.011, li_recovered:  0.029
L: 0.52, u_super: 0.00670, sec: 542332.938, prod: 0.000210, t_ads: 16.0, t_des: 59.0, bed_util_ads: 0.181, bed_util_des: 0.181, frac_lost: 0.012, li_recovered:  0.016
L: 0.56, u_super: 0.00160, sec: 33792.238, prod: 0.000178, t_ads: 60.0, t_des: 220.0, bed_util_ads: 0.142, bed_util_des: 0.141, frac_lost: 0.010, li_recovered:  0.050
L: 0.54, u_super: 0.00014, sec: inf, prod: 0.000000, t_ads: 392.0, t_des: 0.0, bed_util_ads: 0.157, bed_util_des: 0.157, frac_lost: 0.010, li_recovered:  0.000
L: 0.53, u_super: 0.00776, sec: 758671.000, prod: 0.000204, t_ads: 14.0, t_des: 54.0, bed_util_ads: 0.178, bed_util_des: 0.178, frac_lost: 0.011, li_recovered:  0.014
L: 0.65, u_super: 0.00219, sec: 63352.922, prod: 0.000181, t_ads: 52.0, t_des: 181.0, bed_util_ads: 0.149, bed_util_des: 0.148, frac_lost: 0.011, li_recovered:  0.042
L: 0.55, u_super: 0.00023, sec: 811.832, prod: 0.000152, t_ads: 364.0, t_des: 1496.0, bed_util_ads: 0.106, bed_util_des: 0.102, frac_lost: 0.010, li_recovered:  0.283
L: 0.51, u_super: 0.00104, sec: 14364.937, prod: 0.000176, t_ads: 83.0, t_des: 355.0, bed_util_ads: 0.131, bed_util_des: 0.130, frac_lost: 0.010, li_recovered:  0.077
L: 0.83, u_super: 0.00305, sec: 123171.453, prod: 0.000182, t_ads: 48.0, t_des: 177.0, bed_util_ads: 0.147, bed_util_des: 0.146, frac_lost: 0.010, li_recovered:  0.041
L: 0.53, u_super: 0.00594, sec: 424583.781, prod: 0.000209, t_ads: 18.0, t_des: 74.0, bed_util_ads: 0.169, bed_util_des: 0.169, frac_lost: 0.012, li_recovered:  0.019
L: 0.61, u_super: 0.00962, sec: 1204753.375, prod: 0.000202, t_ads: 13.0, t_des: 48.0, bed_util_ads: 0.183, bed_util_des: 0.183, frac_lost: 0.010, li_recovered:  0.012
L: 0.51, u_super: 0.00295, sec: 129446.227, prod: 0.000163, t_ads: 32.0, t_des: 230.0, bed_util_ads: 0.121, bed_util_des: 0.120, frac_lost: 0.011, li_recovered:  0.043
L: 0.52, u_super: 0.00376, sec: 183383.922, prod: 0.000188, t_ads: 26.0, t_des: 99.0, bed_util_ads: 0.158, bed_util_des: 0.158, frac_lost: 0.011, li_recovered:  0.023
L: 0.53, u_super: 0.00296, sec: 135284.297, prod: 0.000157, t_ads: 32.0, t_des: 79.0, bed_util_ads: 0.177, bed_util_des: 0.177, frac_lost: 0.010, li_recovered:  0.017
L: 0.69, u_super: 0.00493, sec: 329603.438, prod: 0.000183, t_ads: 26.0, t_des: 87.0, bed_util_ads: 0.165, bed_util_des: 0.165, frac_lost: 0.011, li_recovered:  0.021
L: 0.53, u_super: 0.00909, sec: 959105.000, prod: 0.000226, t_ads: 13.0, t_des: 57.0, bed_util_ads: 0.184, bed_util_des: 0.184, frac_lost: 0.015, li_recovered:  0.016
L: 0.50, u_super: 0.00016, sec: 598.830, prod: 0.000102, t_ads: 408.0, t_des: 537.0, bed_util_ads: 0.134, bed_util_des: 0.132, frac_lost: 0.010, li_recovered:  0.097
L: 0.55, u_super: 0.00204, sec: 54299.098, prod: 0.000182, t_ads: 48.0, t_des: 179.0, bed_util_ads: 0.147, bed_util_des: 0.146, frac_lost: 0.011, li_recovered:  0.041
L: 0.56, u_super: 0.00963, sec: 1075783.625, prod: 0.000227, t_ads: 13.0, t_des: 60.0, bed_util_ads: 0.181, bed_util_des: 0.180, frac_lost: 0.014, li_recovered:  0.017
L: 0.63, u_super: 0.00770, sec: 925890.250, prod: 0.000164, t_ads: 16.0, t_des: 46.0, bed_util_ads: 0.188, bed_util_des: 0.188, frac_lost: 0.010, li_recovered:  0.010
L: 0.54, u_super: 0.00055, sec: 4067.571, prod: 0.000171, t_ads: 160.0, t_des: 516.0, bed_util_ads: 0.132, bed_util_des: 0.130, frac_lost: 0.010, li_recovered:  0.116
    28 |     1120 |     40 |  0.0009702573 |             f
L: 0.63, u_super: 0.00961, sec: 1148382.875, prod: 0.000212, t_ads: 14.0, t_des: 55.0, bed_util_ads: 0.183, bed_util_des: 0.183, frac_lost: 0.013, li_recovered:  0.015
L: 0.51, u_super: 0.00023, sec: 1293.426, prod: 0.000095, t_ads: 365.0, t_des: 4175.0, bed_util_ads: 0.074, bed_util_des: 0.068, frac_lost: 0.010, li_recovered:  0.433
L: 0.54, u_super: 0.00161, sec: 37244.711, prod: 0.000166, t_ads: 57.0, t_des: 150.0, bed_util_ads: 0.161, bed_util_des: 0.160, frac_lost: 0.010, li_recovered:  0.034
L: 0.50, u_super: 0.00672, sec: 591453.625, prod: 0.000194, t_ads: 15.0, t_des: 52.0, bed_util_ads: 0.181, bed_util_des: 0.181, frac_lost: 0.010, li_recovered:  0.013
L: 0.50, u_super: 0.00160, sec: 37927.469, prod: 0.000159, t_ads: 54.0, t_des: 130.0, bed_util_ads: 0.167, bed_util_des: 0.167, frac_lost: 0.010, li_recovered:  0.029
L: 0.67, u_super: 0.00515, sec: 356655.000, prod: 0.000185, t_ads: 25.0, t_des: 79.0, bed_util_ads: 0.174, bed_util_des: 0.173, frac_lost: 0.012, li_recovered:  0.019
L: 0.56, u_super: 0.00906, sec: 1056638.125, prod: 0.000203, t_ads: 13.0, t_des: 49.0, bed_util_ads: 0.185, bed_util_des: 0.185, frac_lost: 0.011, li_recovered:  0.013
L: 0.50, u_super: 0.00366, sec: 182289.375, prod: 0.000179, t_ads: 26.0, t_des: 162.0, bed_util_ads: 0.133, bed_util_des: 0.132, frac_lost: 0.011, li_recovered:  0.034
L: 0.72, u_super: 0.00598, sec: 470762.031, prod: 0.000191, t_ads: 23.0, t_des: 79.0, bed_util_ads: 0.169, bed_util_des: 0.169, frac_lost: 0.011, li_recovered:  0.019
L: 0.53, u_super: 0.00307, sec: 126747.984, prod: 0.000180, t_ads: 31.0, t_des: 106.0, bed_util_ads: 0.158, bed_util_des: 0.158, frac_lost: 0.010, li_recovered:  0.025
L: 0.54, u_super: 0.00036, sec: 3684.569, prod: 0.000081, t_ads: 219.0, t_des: 263.0, bed_util_ads: 0.159, bed_util_des: 0.158, frac_lost: 0.010, li_recovered:  0.039
L: 0.53, u_super: 0.00530, sec: 363789.281, prod: 0.000192, t_ads: 19.0, t_des: 72.0, bed_util_ads: 0.165, bed_util_des: 0.165, frac_lost: 0.010, li_recovered:  0.017
L: 0.56, u_super: 0.00215, sec: 60773.625, prod: 0.000182, t_ads: 46.0, t_des: 160.0, bed_util_ads: 0.151, bed_util_des: 0.150, frac_lost: 0.011, li_recovered:  0.037
L: 0.51, u_super: 0.00880, sec: 981449.438, prod: 0.000206, t_ads: 13.0, t_des: 98.0, bed_util_ads: 0.150, bed_util_des: 0.150, frac_lost: 0.014, li_recovered:  0.023
L: 0.57, u_super: 0.00746, sec: 680234.875, prod: 0.000210, t_ads: 16.0, t_des: 64.0, bed_util_ads: 0.176, bed_util_des: 0.176, frac_lost: 0.013, li_recovered:  0.017
L: 0.55, u_super: 0.00966, sec: 1181553.750, prod: 0.000208, t_ads: 12.0, t_des: 49.0, bed_util_ads: 0.183, bed_util_des: 0.183, frac_lost: 0.011, li_recovered:  0.013
L: 0.63, u_super: 0.00670, sec: 639372.438, prod: 0.000178, t_ads: 19.0, t_des: 145.0, bed_util_ads: 0.133, bed_util_des: 0.132, frac_lost: 0.013, li_recovered:  0.029
L: 0.50, u_super: 0.00340, sec: 154564.578, prod: 0.000181, t_ads: 28.0, t_des: 160.0, bed_util_ads: 0.136, bed_util_des: 0.135, frac_lost: 0.011, li_recovered:  0.034
L: 0.50, u_super: 0.00016, sec: inf, prod: 0.000000, t_ads: 241.0, t_des: 0.0, bed_util_ads: 0.209, bed_util_des: 0.209, frac_lost: 0.010, li_recovered:  0.000
L: 0.53, u_super: 0.00909, sec: 930578.750, prod: 0.000232, t_ads: 13.0, t_des: 57.0, bed_util_ads: 0.185, bed_util_des: 0.185, frac_lost: 0.015, li_recovered:  0.016
L: 0.54, u_super: 0.00787, sec: 775962.875, prod: 0.000205, t_ads: 14.0, t_des: 58.0, bed_util_ads: 0.174, bed_util_des: 0.174, frac_lost: 0.011, li_recovered:  0.015
L: 0.55, u_super: 0.00881, sec: 1075741.625, prod: 0.000188, t_ads: 13.0, t_des: 87.0, bed_util_ads: 0.146, bed_util_des: 0.146, frac_lost: 0.010, li_recovered:  0.019
L: 0.51, u_super: 0.00654, sec: 530855.500, prod: 0.000204, t_ads: 16.0, t_des: 60.0, bed_util_ads: 0.178, bed_util_des: 0.177, frac_lost: 0.012, li_recovered:  0.016
L: 0.51, u_super: 0.00493, sec: 309382.938, prod: 0.000195, t_ads: 20.0, t_des: 86.0, bed_util_ads: 0.158, bed_util_des: 0.158, frac_lost: 0.011, li_recovered:  0.021
L: 0.50, u_super: 0.00011, sec: 2061.300, prod: 0.000015, t_ads: 505.0, t_des: 302.0, bed_util_ads: 0.133, bed_util_des: 0.133, frac_lost: 0.010, li_recovered:  0.012
L: 0.50, u_super: 0.00063, sec: 5528.795, prod: 0.000169, t_ads: 132.0, t_des: 587.0, bed_util_ads: 0.122, bed_util_des: 0.120, frac_lost: 0.010, li_recovered:  0.121
L: 0.54, u_super: 0.00028, sec: inf, prod: 0.000000, t_ads: 223.0, t_des: 0.0, bed_util_ads: 0.199, bed_util_des: 0.199, frac_lost: 0.010, li_recovered:  0.000
L: 0.51, u_super: 0.00305, sec: 118219.234, prod: 0.000190, t_ads: 31.0, t_des: 139.0, bed_util_ads: 0.147, bed_util_des: 0.147, frac_lost: 0.011, li_recovered:  0.032
L: 0.54, u_super: 0.00352, sec: 167580.469, prod: 0.000180, t_ads: 28.0, t_des: 97.0, bed_util_ads: 0.159, bed_util_des: 0.158, frac_lost: 0.010, li_recovered:  0.022
L: 0.50, u_super: 0.00386, sec: 283418.312, prod: 0.000128, t_ads: 25.0, t_des: 305.0, bed_util_ads: 0.103, bed_util_des: 0.102, frac_lost: 0.012, li_recovered:  0.042
L: 0.51, u_super: 0.00092, sec: 11398.737, prod: 0.000176, t_ads: 92.0, t_des: 360.0, bed_util_ads: 0.133, bed_util_des: 0.132, frac_lost: 0.010, li_recovered:  0.079
L: 1.07, u_super: 0.00569, sec: 504466.250, prod: 0.000161, t_ads: 34.0, t_des: 87.0, bed_util_ads: 0.175, bed_util_des: 0.175, frac_lost: 0.011, li_recovered:  0.019
L: 0.53, u_super: 0.00839, sec: 897378.062, prod: 0.000203, t_ads: 13.0, t_des: 53.0, bed_util_ads: 0.176, bed_util_des: 0.176, frac_lost: 0.010, li_recovered:  0.013
L: 0.50, u_super: 0.00493, sec: 302383.281, prod: 0.000199, t_ads: 20.0, t_des: 80.0, bed_util_ads: 0.165, bed_util_des: 0.165, frac_lost: 0.012, li_recovered:  0.020
L: 0.51, u_super: 0.00020, sec: inf, prod: 0.000000, t_ads: 306.0, t_des: 0.0, bed_util_ads: 0.168, bed_util_des: 0.168, frac_lost: 0.010, li_recovered:  0.000
L: 0.58, u_super: 0.00233, sec: 71570.875, prod: 0.000182, t_ads: 44.0, t_des: 162.0, bed_util_ads: 0.148, bed_util_des: 0.147, frac_lost: 0.010, li_recovered:  0.037
L: 0.58, u_super: 0.00733, sec: 701762.562, prod: 0.000196, t_ads: 16.0, t_des: 58.0, bed_util_ads: 0.178, bed_util_des: 0.177, frac_lost: 0.011, li_recovered:  0.015
L: 0.53, u_super: 0.00964, sec: 1136573.875, prod: 0.000215, t_ads: 12.0, t_des: 55.0, bed_util_ads: 0.180, bed_util_des: 0.179, frac_lost: 0.012, li_recovered:  0.014
L: 0.52, u_super: 0.00470, sec: 428462.219, prod: 0.000127, t_ads: 21.0, t_des: 252.0, bed_util_ads: 0.103, bed_util_des: 0.103, frac_lost: 0.010, li_recovered:  0.035
L: 0.90, u_super: 0.00928, sec: 1228156.625, prod: 0.000184, t_ads: 19.0, t_des: 58.0, bed_util_ads: 0.183, bed_util_des: 0.183, frac_lost: 0.011, li_recovered:  0.014
    29 |     1160 |     40 |  0.0011681136 |             f
L: 0.56, u_super: 0.00880, sec: 1010545.562, prod: 0.000200, t_ads: 13.0, t_des: 53.0, bed_util_ads: 0.176, bed_util_des: 0.176, frac_lost: 0.010, li_recovered:  0.013
L: 0.55, u_super: 0.00909, sec: 1083992.625, prod: 0.000200, t_ads: 13.0, t_des: 86.0, bed_util_ads: 0.151, bed_util_des: 0.151, frac_lost: 0.012, li_recovered:  0.020
L: 0.54, u_super: 0.00819, sec: 818934.312, prod: 0.000212, t_ads: 14.0, t_des: 61.0, bed_util_ads: 0.176, bed_util_des: 0.176, frac_lost: 0.013, li_recovered:  0.016
L: 0.86, u_super: 0.00592, sec: 483048.344, prod: 0.000182, t_ads: 27.0, t_des: 85.0, bed_util_ads: 0.169, bed_util_des: 0.169, frac_lost: 0.011, li_recovered:  0.020
L: 1.15, u_super: 0.00097, sec: 13093.469, prod: 0.000169, t_ads: 187.0, t_des: 598.0, bed_util_ads: 0.129, bed_util_des: 0.127, frac_lost: 0.010, li_recovered:  0.133
L: 0.83, u_super: 0.00016, sec: inf, prod: 0.000000, t_ads: 365.0, t_des: 0.0, bed_util_ads: 0.170, bed_util_des: 0.170, frac_lost: 0.010, li_recovered:  0.000
L: 0.50, u_super: 0.00532, sec: 344864.281, prod: 0.000204, t_ads: 19.0, t_des: 67.0, bed_util_ads: 0.178, bed_util_des: 0.177, frac_lost: 0.012, li_recovered:  0.018
L: 0.50, u_super: 0.00032, sec: inf, prod: 0.000000, t_ads: 205.0, t_des: 0.0, bed_util_ads: 0.187, bed_util_des: 0.187, frac_lost: 0.010, li_recovered:  0.000
L: 0.51, u_super: 0.00006, sec: 150.109, prod: 0.000048, t_ads: 947.0, t_des: 764.0, bed_util_ads: 0.104, bed_util_des: 0.102, frac_lost: 0.010, li_recovered:  0.082
L: 0.51, u_super: 0.00471, sec: 282507.344, prod: 0.000194, t_ads: 21.0, t_des: 104.0, bed_util_ads: 0.151, bed_util_des: 0.150, frac_lost: 0.012, li_recovered:  0.024
L: 0.50, u_super: 0.00479, sec: 300250.281, prod: 0.000189, t_ads: 20.0, t_des: 99.0, bed_util_ads: 0.149, bed_util_des: 0.148, frac_lost: 0.010, li_recovered:  0.022
L: 0.53, u_super: 0.00470, sec: 293630.219, prod: 0.000186, t_ads: 21.0, t_des: 75.0, bed_util_ads: 0.165, bed_util_des: 0.165, frac_lost: 0.010, li_recovered:  0.018
L: 0.51, u_super: 0.00670, sec: 533050.438, prod: 0.000214, t_ads: 16.0, t_des: 64.0, bed_util_ads: 0.177, bed_util_des: 0.177, frac_lost: 0.013, li_recovered:  0.017
L: 0.52, u_super: 0.00306, sec: 121938.984, prod: 0.000185, t_ads: 31.0, t_des: 132.0, bed_util_ads: 0.147, bed_util_des: 0.146, frac_lost: 0.010, li_recovered:  0.030
L: 0.50, u_super: 0.00066, sec: 5886.471, prod: 0.000175, t_ads: 124.0, t_des: 429.0, bed_util_ads: 0.134, bed_util_des: 0.132, frac_lost: 0.010, li_recovered:  0.097
L: 0.59, u_super: 0.00984, sec: 1221767.500, prod: 0.000209, t_ads: 13.0, t_des: 49.0, bed_util_ads: 0.189, bed_util_des: 0.189, frac_lost: 0.012, li_recovered:  0.013
L: 0.59, u_super: 0.00020, sec: 648.325, prod: 0.000137, t_ads: 421.0, t_des: 808.0, bed_util_ads: 0.124, bed_util_des: 0.122, frac_lost: 0.010, li_recovered:  0.168
L: 0.50, u_super: 0.00829, sec: 1057866.875, prod: 0.000168, t_ads: 13.0, t_des: 127.0, bed_util_ads: 0.131, bed_util_des: 0.130, frac_lost: 0.012, li_recovered:  0.024
L: 0.55, u_super: 0.00042, sec: inf, prod: 0.000000, t_ads: 186.0, t_des: 0.0, bed_util_ads: 0.176, bed_util_des: 0.176, frac_lost: 0.010, li_recovered:  0.000
L: 0.56, u_super: 0.00969, sec: 1084934.000, prod: 0.000228, t_ads: 13.0, t_des: 58.0, bed_util_ads: 0.183, bed_util_des: 0.183, frac_lost: 0.014, li_recovered:  0.016
L: 0.53, u_super: 0.00950, sec: 1160238.625, prod: 0.000205, t_ads: 12.0, t_des: 73.0, bed_util_ads: 0.160, bed_util_des: 0.159, frac_lost: 0.012, li_recovered:  0.017
L: 0.52, u_super: 0.00042, sec: 2506.731, prod: 0.000166, t_ads: 195.0, t_des: 767.0, bed_util_ads: 0.120, bed_util_des: 0.118, frac_lost: 0.010, li_recovered:  0.159
L: 0.51, u_super: 0.00020, sec: 756.485, prod: 0.000123, t_ads: 351.0, t_des: 560.0, bed_util_ads: 0.135, bed_util_des: 0.133, frac_lost: 0.010, li_recovered:  0.112
L: 0.50, u_super: 0.00572, sec: 480298.719, prod: 0.000171, t_ads: 18.0, t_des: 155.0, bed_util_ads: 0.128, bed_util_des: 0.128, frac_lost: 0.013, li_recovered:  0.030
L: 0.51, u_super: 0.00791, sec: 868514.688, prod: 0.000186, t_ads: 14.0, t_des: 117.0, bed_util_ads: 0.140, bed_util_des: 0.139, frac_lost: 0.014, li_recovered:  0.024
L: 0.51, u_super: 0.00493, sec: 316963.344, prod: 0.000190, t_ads: 20.0, t_des: 93.0, bed_util_ads: 0.153, bed_util_des: 0.153, frac_lost: 0.011, li_recovered:  0.021
L: 0.51, u_super: 0.00670, sec: 798064.188, prod: 0.000143, t_ads: 16.0, t_des: 194.0, bed_util_ads: 0.114, bed_util_des: 0.113, frac_lost: 0.012, li_recovered:  0.030
L: 0.74, u_super: 0.00352, sec: 169156.688, prod: 0.000178, t_ads: 37.0, t_des: 118.0, bed_util_ads: 0.158, bed_util_des: 0.158, frac_lost: 0.010, li_recovered:  0.028
L: 0.62, u_super: 0.00214, sec: 67656.906, prod: 0.000162, t_ads: 50.0, t_des: 127.0, bed_util_ads: 0.165, bed_util_des: 0.165, frac_lost: 0.010, li_recovered:  0.029
L: 0.50, u_super: 0.00219, sec: 64823.523, prod: 0.000177, t_ads: 41.0, t_des: 118.0, bed_util_ads: 0.165, bed_util_des: 0.165, frac_lost: 0.011, li_recovered:  0.028
L: 0.52, u_super: 0.00909, sec: 1095017.750, prod: 0.000198, t_ads: 12.0, t_des: 46.0, bed_util_ads: 0.185, bed_util_des: 0.185, frac_lost: 0.010, li_recovered:  0.011
L: 0.51, u_super: 0.00723, sec: 709344.188, prod: 0.000188, t_ads: 15.0, t_des: 114.0, bed_util_ads: 0.140, bed_util_des: 0.140, frac_lost: 0.013, li_recovered:  0.024
L: 0.51, u_super: 0.00103, sec: 17093.850, prod: 0.000145, t_ads: 84.0, t_des: 607.0, bed_util_ads: 0.107, bed_util_des: 0.105, frac_lost: 0.010, li_recovered:  0.100
L: 0.52, u_super: 0.00134, sec: 24312.479, prod: 0.000173, t_ads: 67.0, t_des: 311.0, bed_util_ads: 0.129, bed_util_des: 0.128, frac_lost: 0.010, li_recovered:  0.066
L: 0.54, u_super: 0.00770, sec: 685947.750, prod: 0.000222, t_ads: 15.0, t_des: 68.0, bed_util_ads: 0.174, bed_util_des: 0.174, frac_lost: 0.014, li_recovered:  0.018
L: 0.51, u_super: 0.00023, sec: 799.585, prod: 0.000154, t_ads: 339.0, t_des: 1365.0, bed_util_ads: 0.108, bed_util_des: 0.104, frac_lost: 0.010, li_recovered:  0.263
L: 0.57, u_super: 0.00221, sec: 65942.492, prod: 0.000177, t_ads: 45.0, t_des: 133.0, bed_util_ads: 0.160, bed_util_des: 0.160, frac_lost: 0.011, li_recovered:  0.032
L: 0.51, u_super: 0.00880, sec: 1321292.500, prod: 0.000153, t_ads: 13.0, t_des: 165.0, bed_util_ads: 0.121, bed_util_des: 0.121, frac_lost: 0.014, li_recovered:  0.027
L: 0.50, u_super: 0.00535, sec: 383056.656, prod: 0.000186, t_ads: 18.0, t_des: 60.0, bed_util_ads: 0.175, bed_util_des: 0.175, frac_lost: 0.010, li_recovered:  0.015
L: 0.51, u_super: 0.00020, sec: 703.270, prod: 0.000126, t_ads: 360.0, t_des: 591.0, bed_util_ads: 0.133, bed_util_des: 0.132, frac_lost: 0.010, li_recovered:  0.120
    30 |     1200 |     40 |  0.2904154910 |         nadir
L: 0.51, u_super: 0.00219, sec: 75191.156, prod: 0.000152, t_ads: 42.0, t_des: 316.0, bed_util_ads: 0.114, bed_util_des: 0.113, frac_lost: 0.010, li_recovered:  0.055
L: 0.54, u_super: 0.00204, sec: 66554.383, prod: 0.000149, t_ads: 46.0, t_des: 104.0, bed_util_ads: 0.175, bed_util_des: 0.175, frac_lost: 0.011, li_recovered:  0.022
L: 0.52, u_super: 0.00319, sec: 131970.359, prod: 0.000187, t_ads: 30.0, t_des: 123.0, bed_util_ads: 0.151, bed_util_des: 0.150, frac_lost: 0.011, li_recovered:  0.029
L: 0.53, u_super: 0.00375, sec: 392686.750, prod: 0.000088, t_ads: 26.0, t_des: 506.0, bed_util_ads: 0.081, bed_util_des: 0.081, frac_lost: 0.010, li_recovered:  0.047
L: 0.54, u_super: 0.00928, sec: 1032182.562, prod: 0.000219, t_ads: 13.0, t_des: 79.0, bed_util_ads: 0.163, bed_util_des: 0.163, frac_lost: 0.014, li_recovered:  0.020
L: 0.51, u_super: 0.00670, sec: 938710.562, prod: 0.000121, t_ads: 16.0, t_des: 252.0, bed_util_ads: 0.103, bed_util_des: 0.102, frac_lost: 0.013, li_recovered:  0.033
L: 0.53, u_super: 0.00470, sec: 333632.844, prod: 0.000164, t_ads: 21.0, t_des: 58.0, bed_util_ads: 0.181, bed_util_des: 0.181, frac_lost: 0.010, li_recovered:  0.013
L: 0.70, u_super: 0.00046, sec: 3097.267, prod: 0.000159, t_ads: 232.0, t_des: 565.0, bed_util_ads: 0.134, bed_util_des: 0.132, frac_lost: 0.010, li_recovered:  0.127
L: 0.51, u_super: 0.00020, sec: inf, prod: 0.000000, t_ads: 299.0, t_des: 0.0, bed_util_ads: 0.172, bed_util_des: 0.172, frac_lost: 0.010, li_recovered:  0.000
L: 0.52, u_super: 0.00909, sec: 1046712.562, prod: 0.000207, t_ads: 12.0, t_des: 47.0, bed_util_ads: 0.185, bed_util_des: 0.185, frac_lost: 0.011, li_recovered:  0.012
L: 0.50, u_super: 0.00013, sec: 313.152, prod: 0.000132, t_ads: 506.0, t_des: 949.0, bed_util_ads: 0.119, bed_util_des: 0.116, frac_lost: 0.010, li_recovered:  0.192
L: 0.51, u_super: 0.00670, sec: 532999.062, prod: 0.000214, t_ads: 16.0, t_des: 64.0, bed_util_ads: 0.177, bed_util_des: 0.177, frac_lost: 0.013, li_recovered:  0.017
L: 0.67, u_super: 0.00217, sec: 74758.719, prod: 0.000150, t_ads: 53.0, t_des: 121.0, bed_util_ads: 0.170, bed_util_des: 0.170, frac_lost: 0.010, li_recovered:  0.026
L: 0.52, u_super: 0.00723, sec: 737343.375, prod: 0.000181, t_ads: 15.0, t_des: 118.0, bed_util_ads: 0.137, bed_util_des: 0.136, frac_lost: 0.012, li_recovered:  0.024
L: 0.53, u_super: 0.00970, sec: 1114854.500, prod: 0.000222, t_ads: 12.0, t_des: 53.0, bed_util_ads: 0.183, bed_util_des: 0.183, frac_lost: 0.012, li_recovered:  0.014
L: 0.50, u_super: 0.00305, sec: 122260.430, prod: 0.000184, t_ads: 30.0, t_des: 127.0, bed_util_ads: 0.147, bed_util_des: 0.147, frac_lost: 0.010, li_recovered:  0.029
L: 0.54, u_super: 0.00569, sec: 511194.656, prod: 0.000158, t_ads: 19.0, t_des: 175.0, bed_util_ads: 0.121, bed_util_des: 0.120, frac_lost: 0.012, li_recovered:  0.031
L: 0.74, u_super: 0.00134, sec: 23783.980, prod: 0.000178, t_ads: 93.0, t_des: 331.0, bed_util_ads: 0.138, bed_util_des: 0.137, frac_lost: 0.010, li_recovered:  0.075
L: 0.50, u_super: 0.00006, sec: 131.665, prod: 0.000055, t_ads: 937.0, t_des: 811.0, bed_util_ads: 0.104, bed_util_des: 0.102, frac_lost: 0.010, li_recovered:  0.096
L: 0.52, u_super: 0.00839, sec: 948315.938, prod: 0.000192, t_ads: 13.0, t_des: 88.0, bed_util_ads: 0.147, bed_util_des: 0.147, frac_lost: 0.011, li_recovered:  0.019
L: 0.51, u_super: 0.00723, sec: 619729.750, prod: 0.000216, t_ads: 15.0, t_des: 62.0, bed_util_ads: 0.178, bed_util_des: 0.177, frac_lost: 0.013, li_recovered:  0.017
L: 0.55, u_super: 0.00880, sec: 986378.938, prod: 0.000205, t_ads: 13.0, t_des: 54.0, bed_util_ads: 0.176, bed_util_des: 0.176, frac_lost: 0.010, li_recovered:  0.014
L: 0.51, u_super: 0.00014, sec: inf, prod: 0.000000, t_ads: 325.0, t_des: 0.0, bed_util_ads: 0.176, bed_util_des: 0.176, frac_lost: 0.010, li_recovered:  0.000
L: 0.50, u_super: 0.00880, sec: 971144.812, prod: 0.000208, t_ads: 12.0, t_des: 53.0, bed_util_ads: 0.176, bed_util_des: 0.176, frac_lost: 0.010, li_recovered:  0.014
L: 0.54, u_super: 0.00397, sec: 199461.453, prod: 0.000193, t_ads: 26.0, t_des: 102.0, bed_util_ads: 0.159, bed_util_des: 0.158, frac_lost: 0.011, li_recovered:  0.025
L: 0.51, u_super: 0.00219, sec: 62895.430, prod: 0.000182, t_ads: 41.0, t_des: 153.0, bed_util_ads: 0.149, bed_util_des: 0.148, frac_lost: 0.010, li_recovered:  0.035
L: 0.59, u_super: 0.00160, sec: 42727.797, prod: 0.000142, t_ads: 65.0, t_des: 534.0, bed_util_ads: 0.105, bed_util_des: 0.104, frac_lost: 0.011, li_recovered:  0.085
L: 0.53, u_super: 0.00144, sec: 27153.533, prod: 0.000181, t_ads: 64.0, t_des: 241.0, bed_util_ads: 0.142, bed_util_des: 0.141, frac_lost: 0.011, li_recovered:  0.055
L: 0.51, u_super: 0.00006, sec: 155.663, prod: 0.000046, t_ads: 941.0, t_des: 745.0, bed_util_ads: 0.104, bed_util_des: 0.103, frac_lost: 0.010, li_recovered:  0.078
L: 0.51, u_super: 0.00645, sec: 538012.188, prod: 0.000196, t_ads: 16.0, t_des: 94.0, bed_util_ads: 0.149, bed_util_des: 0.149, frac_lost: 0.012, li_recovered:  0.022
L: 0.51, u_super: 0.00134, sec: 34390.695, prod: 0.000123, t_ads: 65.0, t_des: 121.0, bed_util_ads: 0.178, bed_util_des: 0.178, frac_lost: 0.011, li_recovered:  0.023
L: 0.78, u_super: 0.00564, sec: 432920.188, prod: 0.000184, t_ads: 26.0, t_des: 78.0, bed_util_ads: 0.175, bed_util_des: 0.175, frac_lost: 0.011, li_recovered:  0.019
L: 0.54, u_super: 0.00770, sec: 704247.750, prod: 0.000216, t_ads: 15.0, t_des: 79.0, bed_util_ads: 0.164, bed_util_des: 0.164, frac_lost: 0.014, li_recovered:  0.020
L: 0.50, u_super: 0.00042, sec: inf, prod: 0.000000, t_ads: 174.0, t_des: 0.0, bed_util_ads: 0.177, bed_util_des: 0.177, frac_lost: 0.010, li_recovered:  0.000
L: 0.53, u_super: 0.00231, sec: 112211.328, prod: 0.000114, t_ads: 41.0, t_des: 520.0, bed_util_ads: 0.092, bed_util_des: 0.092, frac_lost: 0.010, li_recovered:  0.064
L: 0.51, u_super: 0.00470, sec: 279770.188, prod: 0.000195, t_ads: 21.0, t_des: 79.0, bed_util_ads: 0.165, bed_util_des: 0.165, frac_lost: 0.011, li_recovered:  0.019
L: 0.50, u_super: 0.00746, sec: 683548.875, prod: 0.000209, t_ads: 14.0, t_des: 69.0, bed_util_ads: 0.165, bed_util_des: 0.165, frac_lost: 0.011, li_recovered:  0.017
L: 0.50, u_super: 0.00890, sec: 978404.250, prod: 0.000211, t_ads: 12.0, t_des: 48.0, bed_util_ads: 0.185, bed_util_des: 0.185, frac_lost: 0.011, li_recovered:  0.013
L: 0.80, u_super: 0.00532, sec: 409183.688, prod: 0.000172, t_ads: 28.0, t_des: 77.0, bed_util_ads: 0.178, bed_util_des: 0.177, frac_lost: 0.011, li_recovered:  0.018
L: 0.54, u_super: 0.00517, sec: 345311.250, prod: 0.000192, t_ads: 20.0, t_des: 76.0, bed_util_ads: 0.165, bed_util_des: 0.165, frac_lost: 0.011, li_recovered:  0.018
    31 |     1240 |     40 |  0.0375346145 |         nadir
L: 0.51, u_super: 0.00670, sec: 573218.688, prod: 0.000199, t_ads: 16.0, t_des: 51.0, bed_util_ads: 0.192, bed_util_des: 0.192, frac_lost: 0.013, li_recovered:  0.013
L: 0.54, u_super: 0.00007, sec: inf, prod: 0.000000, t_ads: 366.0, t_des: 0.0, bed_util_ads: 0.171, bed_util_des: 0.171, frac_lost: 0.010, li_recovered:  0.000
L: 0.50, u_super: 0.00007, sec: inf, prod: 0.000000, t_ads: 518.0, t_des: 0.0, bed_util_ads: 0.143, bed_util_des: 0.143, frac_lost: 0.010, li_recovered:  0.000
L: 0.51, u_super: 0.00257, sec: 86415.984, prod: 0.000184, t_ads: 36.0, t_des: 161.0, bed_util_ads: 0.142, bed_util_des: 0.141, frac_lost: 0.011, li_recovered:  0.036
L: 0.53, u_super: 0.00489, sec: 309847.719, prod: 0.000191, t_ads: 21.0, t_des: 69.0, bed_util_ads: 0.175, bed_util_des: 0.175, frac_lost: 0.011, li_recovered:  0.017
L: 0.50, u_super: 0.00596, sec: 599253.438, prod: 0.000149, t_ads: 17.0, t_des: 182.0, bed_util_ads: 0.116, bed_util_des: 0.116, frac_lost: 0.012, li_recovered:  0.030
L: 0.64, u_super: 0.00470, sec: 281826.594, prod: 0.000194, t_ads: 26.0, t_des: 92.0, bed_util_ads: 0.165, bed_util_des: 0.165, frac_lost: 0.011, li_recovered:  0.023
L: 0.54, u_super: 0.00521, sec: 353336.062, prod: 0.000191, t_ads: 20.0, t_des: 84.0, bed_util_ads: 0.159, bed_util_des: 0.158, frac_lost: 0.011, li_recovered:  0.020
L: 0.51, u_super: 0.00678, sec: 595937.438, prod: 0.000196, t_ads: 15.0, t_des: 55.0, bed_util_ads: 0.176, bed_util_des: 0.176, frac_lost: 0.010, li_recovered:  0.014
L: 0.50, u_super: 0.00482, sec: 321961.875, prod: 0.000179, t_ads: 20.0, t_des: 58.0, bed_util_ads: 0.183, bed_util_des: 0.183, frac_lost: 0.011, li_recovered:  0.014
L: 0.53, u_super: 0.00955, sec: 1100888.000, prod: 0.000218, t_ads: 12.0, t_des: 43.0, bed_util_ads: 0.197, bed_util_des: 0.197, frac_lost: 0.012, li_recovered:  0.012
L: 0.50, u_super: 0.00010, sec: inf, prod: 0.000000, t_ads: 353.0, t_des: 0.0, bed_util_ads: 0.173, bed_util_des: 0.173, frac_lost: 0.010, li_recovered:  0.000
L: 0.55, u_super: 0.00042, sec: 2480.119, prod: 0.000167, t_ads: 205.0, t_des: 719.0, bed_util_ads: 0.124, bed_util_des: 0.121, frac_lost: 0.010, li_recovered:  0.155
L: 0.59, u_super: 0.00020, sec: 589.236, prod: 0.000150, t_ads: 438.0, t_des: 1216.0, bed_util_ads: 0.113, bed_util_des: 0.110, frac_lost: 0.010, li_recovered:  0.249
L: 0.51, u_super: 0.00414, sec: 227728.656, prod: 0.000185, t_ads: 23.0, t_des: 81.0, bed_util_ads: 0.165, bed_util_des: 0.165, frac_lost: 0.011, li_recovered:  0.019
L: 0.50, u_super: 0.00561, sec: 383602.000, prod: 0.000205, t_ads: 18.0, t_des: 78.0, bed_util_ads: 0.165, bed_util_des: 0.165, frac_lost: 0.012, li_recovered:  0.020
L: 0.51, u_super: 0.00063, sec: 5301.746, prod: 0.000173, t_ads: 134.0, t_des: 495.0, bed_util_ads: 0.129, bed_util_des: 0.128, frac_lost: 0.010, li_recovered:  0.109
L: 0.79, u_super: 0.00598, sec: 477900.438, prod: 0.000188, t_ads: 25.0, t_des: 83.0, bed_util_ads: 0.169, bed_util_des: 0.169, frac_lost: 0.011, li_recovered:  0.020
L: 0.51, u_super: 0.00839, sec: 1267294.375, prod: 0.000144, t_ads: 13.0, t_des: 163.0, bed_util_ads: 0.117, bed_util_des: 0.116, frac_lost: 0.011, li_recovered:  0.025
L: 0.56, u_super: 0.00770, sec: 753526.312, prod: 0.000202, t_ads: 15.0, t_des: 59.0, bed_util_ads: 0.176, bed_util_des: 0.176, frac_lost: 0.011, li_recovered:  0.015
L: 0.51, u_super: 0.00900, sec: 2165633.000, prod: 0.000098, t_ads: 12.0, t_des: 264.0, bed_util_ads: 0.093, bed_util_des: 0.093, frac_lost: 0.011, li_recovered:  0.027
L: 0.50, u_super: 0.00224, sec: 72196.305, prod: 0.000166, t_ads: 40.0, t_des: 246.0, bed_util_ads: 0.124, bed_util_des: 0.123, frac_lost: 0.010, li_recovered:  0.048
L: 0.55, u_super: 0.00159, sec: 33538.293, prod: 0.000179, t_ads: 60.0, t_des: 205.0, bed_util_ads: 0.147, bed_util_des: 0.146, frac_lost: 0.010, li_recovered:  0.047
L: 0.50, u_super: 0.00065, sec: 5725.437, prod: 0.000170, t_ads: 128.0, t_des: 546.0, bed_util_ads: 0.124, bed_util_des: 0.122, frac_lost: 0.010, li_recovered:  0.114
L: 0.53, u_super: 0.00030, sec: inf, prod: 0.000000, t_ads: 237.0, t_des: 0.0, bed_util_ads: 0.169, bed_util_des: 0.169, frac_lost: 0.010, li_recovered:  0.000
L: 0.50, u_super: 0.00450, sec: 281876.656, prod: 0.000177, t_ads: 21.0, t_des: 62.0, bed_util_ads: 0.178, bed_util_des: 0.177, frac_lost: 0.010, li_recovered:  0.015
L: 0.54, u_super: 0.00844, sec: 947971.062, prod: 0.000195, t_ads: 13.0, t_des: 51.0, bed_util_ads: 0.178, bed_util_des: 0.177, frac_lost: 0.010, li_recovered:  0.012
L: 0.56, u_super: 0.00973, sec: 1201024.750, prod: 0.000208, t_ads: 12.0, t_des: 61.0, bed_util_ads: 0.167, bed_util_des: 0.166, frac_lost: 0.010, li_recovered:  0.015
L: 0.61, u_super: 0.00350, sec: 158888.609, prod: 0.000188, t_ads: 32.0, t_des: 113.0, bed_util_ads: 0.159, bed_util_des: 0.158, frac_lost: 0.011, li_recovered:  0.027
L: 0.54, u_super: 0.00536, sec: 1023993.688, prod: 0.000070, t_ads: 20.0, t_des: 602.0, bed_util_ads: 0.073, bed_util_des: 0.073, frac_lost: 0.012, li_recovered:  0.044
L: 0.51, u_super: 0.00723, sec: 617565.688, prod: 0.000216, t_ads: 15.0, t_des: 63.0, bed_util_ads: 0.177, bed_util_des: 0.176, frac_lost: 0.013, li_recovered:  0.017
L: 0.50, u_super: 0.00006, sec: inf, prod: 0.000000, t_ads: 610.0, t_des: 0.0, bed_util_ads: 0.132, bed_util_des: 0.132, frac_lost: 0.010, li_recovered:  0.000
L: 0.53, u_super: 0.00088, sec: 10388.855, prod: 0.000176, t_ads: 100.0, t_des: 371.0, bed_util_ads: 0.134, bed_util_des: 0.133, frac_lost: 0.010, li_recovered:  0.083
L: 0.50, u_super: 0.00501, sec: 336582.938, prod: 0.000185, t_ads: 19.0, t_des: 61.0, bed_util_ads: 0.175, bed_util_des: 0.175, frac_lost: 0.010, li_recovered:  0.015
L: 0.56, u_super: 0.00666, sec: 682769.750, prod: 0.000165, t_ads: 17.0, t_des: 151.0, bed_util_ads: 0.126, bed_util_des: 0.125, frac_lost: 0.012, li_recovered:  0.028
L: 0.53, u_super: 0.00302, sec: 118008.148, prod: 0.000187, t_ads: 32.0, t_des: 128.0, bed_util_ads: 0.151, bed_util_des: 0.151, frac_lost: 0.011, li_recovered:  0.030
L: 0.54, u_super: 0.00880, sec: 947480.000, prod: 0.000213, t_ads: 13.0, t_des: 58.0, bed_util_ads: 0.176, bed_util_des: 0.176, frac_lost: 0.012, li_recovered:  0.015
L: 0.51, u_super: 0.00138, sec: 25905.855, prod: 0.000174, t_ads: 63.0, t_des: 290.0, bed_util_ads: 0.131, bed_util_des: 0.130, frac_lost: 0.010, li_recovered:  0.062
L: 0.51, u_super: 0.00971, sec: 1088450.750, prod: 0.000228, t_ads: 12.0, t_des: 63.0, bed_util_ads: 0.177, bed_util_des: 0.177, frac_lost: 0.015, li_recovered:  0.017
L: 0.68, u_super: 0.00025, sec: 992.747, prod: 0.000150, t_ads: 408.0, t_des: 1630.0, bed_util_ads: 0.104, bed_util_des: 0.100, frac_lost: 0.010, li_recovered:  0.306
    32 |     1280 |     40 |  0.0018031716 |             f
L: 0.50, u_super: 0.00107, sec: 30868.285, prod: 0.000088, t_ads: 81.0, t_des: 1340.0, bed_util_ads: 0.077, bed_util_des: 0.075, frac_lost: 0.010, li_recovered:  0.125
L: 0.51, u_super: 0.00081, sec: 9458.013, prod: 0.000163, t_ads: 105.0, t_des: 558.0, bed_util_ads: 0.117, bed_util_des: 0.116, frac_lost: 0.010, li_recovered:  0.108
L: 0.53, u_super: 0.00645, sec: 516990.875, prod: 0.000204, t_ads: 17.0, t_des: 100.0, bed_util_ads: 0.151, bed_util_des: 0.151, frac_lost: 0.013, li_recovered:  0.024
L: 0.65, u_super: 0.00470, sec: 295595.000, prod: 0.000184, t_ads: 26.0, t_des: 88.0, bed_util_ads: 0.165, bed_util_des: 0.165, frac_lost: 0.011, li_recovered:  0.021
L: 0.51, u_super: 0.00021, sec: 690.802, prod: 0.000154, t_ads: 362.0, t_des: 1394.0, bed_util_ads: 0.108, bed_util_des: 0.104, frac_lost: 0.010, li_recovered:  0.271
L: 0.50, u_super: 0.00377, sec: 213071.688, prod: 0.000162, t_ads: 25.0, t_des: 64.0, bed_util_ads: 0.185, bed_util_des: 0.185, frac_lost: 0.011, li_recovered:  0.014
L: 0.54, u_super: 0.00397, sec: 203102.672, prod: 0.000190, t_ads: 26.0, t_des: 84.0, bed_util_ads: 0.171, bed_util_des: 0.171, frac_lost: 0.012, li_recovered:  0.021
L: 0.51, u_super: 0.00968, sec: 1044463.750, prod: 0.000236, t_ads: 12.0, t_des: 57.0, bed_util_ads: 0.183, bed_util_des: 0.183, frac_lost: 0.014, li_recovered:  0.016
L: 0.74, u_super: 0.00319, sec: 139825.781, prod: 0.000177, t_ads: 41.0, t_des: 210.0, bed_util_ads: 0.132, bed_util_des: 0.132, frac_lost: 0.010, li_recovered:  0.044
L: 0.54, u_super: 0.00770, sec: 818676.812, prod: 0.000186, t_ads: 15.0, t_des: 124.0, bed_util_ads: 0.138, bed_util_des: 0.137, frac_lost: 0.014, li_recovered:  0.026
L: 0.51, u_super: 0.00344, sec: 148219.891, prod: 0.000194, t_ads: 28.0, t_des: 109.0, bed_util_ads: 0.158, bed_util_des: 0.158, frac_lost: 0.012, li_recovered:  0.027
L: 0.50, u_super: 0.00013, sec: inf, prod: 0.000000, t_ads: 372.0, t_des: 0.0, bed_util_ads: 0.162, bed_util_des: 0.162, frac_lost: 0.010, li_recovered:  0.000
L: 0.93, u_super: 0.00218, sec: 63844.445, prod: 0.000177, t_ads: 73.0, t_des: 226.0, bed_util_ads: 0.149, bed_util_des: 0.148, frac_lost: 0.010, li_recovered:  0.053
L: 0.51, u_super: 0.00723, sec: 617196.188, prod: 0.000217, t_ads: 15.0, t_des: 71.0, bed_util_ads: 0.169, bed_util_des: 0.169, frac_lost: 0.013, li_recovered:  0.019
L: 0.55, u_super: 0.00961, sec: 1041267.312, prod: 0.000233, t_ads: 13.0, t_des: 61.0, bed_util_ads: 0.181, bed_util_des: 0.180, frac_lost: 0.015, li_recovered:  0.017
L: 0.50, u_super: 0.00006, sec: inf, prod: 0.000000, t_ads: 461.0, t_des: 0.0, bed_util_ads: 0.152, bed_util_des: 0.152, frac_lost: 0.010, li_recovered:  0.000
L: 0.51, u_super: 0.00493, sec: 310461.125, prod: 0.000194, t_ads: 20.0, t_des: 81.0, bed_util_ads: 0.163, bed_util_des: 0.162, frac_lost: 0.011, li_recovered:  0.020
L: 0.54, u_super: 0.00321, sec: 133751.828, prod: 0.000186, t_ads: 31.0, t_des: 121.0, bed_util_ads: 0.153, bed_util_des: 0.152, frac_lost: 0.011, li_recovered:  0.028
L: 0.50, u_super: 0.00574, sec: 453476.156, prod: 0.000182, t_ads: 17.0, t_des: 101.0, bed_util_ads: 0.142, bed_util_des: 0.142, frac_lost: 0.010, li_recovered:  0.022
L: 0.51, u_super: 0.00670, sec: 564615.188, prod: 0.000202, t_ads: 16.0, t_des: 51.0, bed_util_ads: 0.193, bed_util_des: 0.193, frac_lost: 0.013, li_recovered:  0.014
L: 0.53, u_super: 0.00242, sec: 82339.633, prod: 0.000170, t_ads: 39.0, t_des: 106.0, bed_util_ads: 0.169, bed_util_des: 0.168, frac_lost: 0.011, li_recovered:  0.025
L: 0.54, u_super: 0.00848, sec: 936935.938, prod: 0.000199, t_ads: 13.0, t_des: 53.0, bed_util_ads: 0.176, bed_util_des: 0.176, frac_lost: 0.010, li_recovered:  0.013
L: 0.51, u_super: 0.00734, sec: 632374.812, prod: 0.000218, t_ads: 15.0, t_des: 70.0, bed_util_ads: 0.171, bed_util_des: 0.171, frac_lost: 0.014, li_recovered:  0.019
L: 0.53, u_super: 0.00908, sec: 1009376.562, prod: 0.000214, t_ads: 13.0, t_des: 85.0, bed_util_ads: 0.159, bed_util_des: 0.158, frac_lost: 0.014, li_recovered:  0.021
L: 0.55, u_super: 0.00204, sec: 54223.426, prod: 0.000182, t_ads: 48.0, t_des: 179.0, bed_util_ads: 0.147, bed_util_des: 0.146, frac_lost: 0.011, li_recovered:  0.041
L: 0.51, u_super: 0.00040, sec: 2265.152, prod: 0.000166, t_ads: 200.0, t_des: 542.0, bed_util_ads: 0.134, bed_util_des: 0.132, frac_lost: 0.010, li_recovered:  0.123
L: 0.50, u_super: 0.00493, sec: 321056.219, prod: 0.000188, t_ads: 20.0, t_des: 63.0, bed_util_ads: 0.180, bed_util_des: 0.180, frac_lost: 0.012, li_recovered:  0.016
L: 0.51, u_super: 0.00134, sec: 28517.229, prod: 0.000148, t_ads: 64.0, t_des: 141.0, bed_util_ads: 0.167, bed_util_des: 0.167, frac_lost: 0.010, li_recovered:  0.030
L: 0.53, u_super: 0.00614, sec: 473408.188, prod: 0.000200, t_ads: 17.0, t_des: 67.0, bed_util_ads: 0.169, bed_util_des: 0.169, frac_lost: 0.011, li_recovered:  0.017
L: 0.50, u_super: 0.00561, sec: 392380.062, prod: 0.000201, t_ads: 18.0, t_des: 97.0, bed_util_ads: 0.152, bed_util_des: 0.152, frac_lost: 0.012, li_recovered:  0.023
L: 0.59, u_super: 0.00017, sec: 471.328, prod: 0.000145, t_ads: 486.0, t_des: 1216.0, bed_util_ads: 0.113, bed_util_des: 0.110, frac_lost: 0.010, li_recovered:  0.247
L: 0.55, u_super: 0.00966, sec: 1672000.500, prod: 0.000147, t_ads: 12.0, t_des: 30.0, bed_util_ads: 0.217, bed_util_des: 0.217, frac_lost: 0.011, li_recovered:  0.006
L: 0.72, u_super: 0.00055, sec: 4223.351, prod: 0.000165, t_ads: 204.0, t_des: 546.0, bed_util_ads: 0.134, bed_util_des: 0.132, frac_lost: 0.010, li_recovered:  0.124
L: 0.54, u_super: 0.00870, sec: 2488407.750, prod: 0.000079, t_ads: 13.0, t_des: 368.0, bed_util_ads: 0.082, bed_util_des: 0.082, frac_lost: 0.011, li_recovered:  0.030
L: 0.54, u_super: 0.00397, sec: 275589.531, prod: 0.000140, t_ads: 25.0, t_des: 59.0, bed_util_ads: 0.185, bed_util_des: 0.185, frac_lost: 0.010, li_recovered:  0.012
L: 0.50, u_super: 0.00029, sec: inf, prod: 0.000000, t_ads: 218.0, t_des: 0.0, bed_util_ads: 0.192, bed_util_des: 0.192, frac_lost: 0.010, li_recovered:  0.000
L: 0.50, u_super: 0.00909, sec: 1436365.125, prod: 0.000151, t_ads: 12.0, t_des: 148.0, bed_util_ads: 0.121, bed_util_des: 0.121, frac_lost: 0.012, li_recovered:  0.024
L: 0.55, u_super: 0.00333, sec: 187287.875, prod: 0.000144, t_ads: 30.0, t_des: 69.0, bed_util_ads: 0.183, bed_util_des: 0.183, frac_lost: 0.010, li_recovered:  0.014
L: 0.54, u_super: 0.00380, sec: 276040.656, prod: 0.000128, t_ads: 27.0, t_des: 317.0, bed_util_ads: 0.102, bed_util_des: 0.101, frac_lost: 0.011, li_recovered:  0.044
L: 0.52, u_super: 0.00979, sec: 1243226.500, prod: 0.000204, t_ads: 12.0, t_des: 93.0, bed_util_ads: 0.151, bed_util_des: 0.150, frac_lost: 0.014, li_recovered:  0.021
    33 |     1320 |     40 |  0.0145568691 |         ideal
L: 0.54, u_super: 0.00428, sec: 351094.250, prod: 0.000128, t_ads: 24.0, t_des: 282.0, bed_util_ads: 0.103, bed_util_des: 0.102, frac_lost: 0.011, li_recovered:  0.039
L: 0.52, u_super: 0.00594, sec: 459992.125, prod: 0.000193, t_ads: 17.0, t_des: 65.0, bed_util_ads: 0.169, bed_util_des: 0.169, frac_lost: 0.010, li_recovered:  0.016
L: 0.53, u_super: 0.00301, sec: 117903.656, prod: 0.000185, t_ads: 32.0, t_des: 126.0, bed_util_ads: 0.151, bed_util_des: 0.151, frac_lost: 0.011, li_recovered:  0.029
L: 0.51, u_super: 0.00734, sec: 681127.125, prod: 0.000202, t_ads: 14.0, t_des: 58.0, bed_util_ads: 0.171, bed_util_des: 0.171, frac_lost: 0.010, li_recovered:  0.015
L: 0.52, u_super: 0.00909, sec: 946873.438, prod: 0.000228, t_ads: 13.0, t_des: 64.0, bed_util_ads: 0.177, bed_util_des: 0.177, frac_lost: 0.015, li_recovered:  0.018
L: 0.63, u_super: 0.00962, sec: inf, prod: 0.000000, t_ads: 14.0, t_des: 0.0, bed_util_ads: 0.289, bed_util_des: 0.289, frac_lost: 0.013, li_recovered:  0.000
L: 0.53, u_super: 0.00214, sec: 63109.406, prod: 0.000173, t_ads: 43.0, t_des: 129.0, bed_util_ads: 0.158, bed_util_des: 0.158, frac_lost: 0.010, li_recovered:  0.030
L: 0.50, u_super: 0.00202, sec: 53016.801, prod: 0.000184, t_ads: 44.0, t_des: 168.0, bed_util_ads: 0.147, bed_util_des: 0.147, frac_lost: 0.011, li_recovered:  0.039
L: 0.50, u_super: 0.00013, sec: 312.818, prod: 0.000132, t_ads: 506.0, t_des: 950.0, bed_util_ads: 0.119, bed_util_des: 0.116, frac_lost: 0.010, li_recovered:  0.192
L: 0.50, u_super: 0.00839, sec: 916607.000, prod: 0.000199, t_ads: 13.0, t_des: 95.0, bed_util_ads: 0.148, bed_util_des: 0.148, frac_lost: 0.013, li_recovered:  0.021
L: 0.78, u_super: 0.00305, sec: 122187.000, prod: 0.000183, t_ads: 45.0, t_des: 167.0, bed_util_ads: 0.148, bed_util_des: 0.147, frac_lost: 0.010, li_recovered:  0.039
L: 0.51, u_super: 0.00013, sec: 304.430, prod: 0.000132, t_ads: 521.0, t_des: 996.0, bed_util_ads: 0.117, bed_util_des: 0.114, frac_lost: 0.010, li_recovered:  0.201
L: 0.51, u_super: 0.00209, sec: 57884.848, prod: 0.000180, t_ads: 43.0, t_des: 172.0, bed_util_ads: 0.143, bed_util_des: 0.142, frac_lost: 0.010, li_recovered:  0.039
L: 0.51, u_super: 0.00144, sec: 33467.727, prod: 0.000147, t_ads: 60.0, t_des: 131.0, bed_util_ads: 0.169, bed_util_des: 0.169, frac_lost: 0.010, li_recovered:  0.028
L: 0.50, u_super: 0.00536, sec: 377013.469, prod: 0.000190, t_ads: 18.0, t_des: 70.0, bed_util_ads: 0.165, bed_util_des: 0.165, frac_lost: 0.010, li_recovered:  0.017
L: 0.56, u_super: 0.00546, sec: 390361.969, prod: 0.000190, t_ads: 20.0, t_des: 67.0, bed_util_ads: 0.175, bed_util_des: 0.175, frac_lost: 0.011, li_recovered:  0.017
L: 0.51, u_super: 0.00943, sec: 1499494.375, prod: 0.000156, t_ads: 12.0, t_des: 29.0, bed_util_ads: 0.229, bed_util_des: 0.229, frac_lost: 0.013, li_recovered:  0.006
L: 0.50, u_super: 0.00019, sec: 1280.016, prod: 0.000067, t_ads: 344.0, t_des: 350.0, bed_util_ads: 0.145, bed_util_des: 0.145, frac_lost: 0.010, li_recovered:  0.047
L: 0.51, u_super: 0.00323, sec: 196000.859, prod: 0.000129, t_ads: 29.0, t_des: 315.0, bed_util_ads: 0.102, bed_util_des: 0.102, frac_lost: 0.010, li_recovered:  0.044
L: 0.53, u_super: 0.00772, sec: 768142.375, prod: 0.000199, t_ads: 14.0, t_des: 74.0, bed_util_ads: 0.157, bed_util_des: 0.157, frac_lost: 0.010, li_recovered:  0.018
L: 0.51, u_super: 0.00986, sec: 1104717.125, prod: 0.000232, t_ads: 12.0, t_des: 58.0, bed_util_ads: 0.183, bed_util_des: 0.183, frac_lost: 0.015, li_recovered:  0.016
L: 0.51, u_super: 0.00670, sec: 536146.125, prod: 0.000212, t_ads: 16.0, t_des: 57.0, bed_util_ads: 0.185, bed_util_des: 0.185, frac_lost: 0.013, li_recovered:  0.016
L: 0.54, u_super: 0.00838, sec: 833074.750, prod: 0.000218, t_ads: 14.0, t_des: 58.0, bed_util_ads: 0.183, bed_util_des: 0.183, frac_lost: 0.014, li_recovered:  0.016
L: 0.51, u_super: 0.00479, sec: 278888.406, prod: 0.000203, t_ads: 21.0, t_des: 84.0, bed_util_ads: 0.165, bed_util_des: 0.165, frac_lost: 0.012, li_recovered:  0.021
L: 0.53, u_super: 0.00478, sec: 296193.812, prod: 0.000191, t_ads: 21.0, t_des: 77.0, bed_util_ads: 0.165, bed_util_des: 0.165, frac_lost: 0.010, li_recovered:  0.019
L: 0.51, u_super: 0.00928, sec: 1033372.500, prod: 0.000219, t_ads: 12.0, t_des: 57.0, bed_util_ads: 0.176, bed_util_des: 0.176, frac_lost: 0.012, li_recovered:  0.015
L: 0.51, u_super: 0.00138, sec: inf, prod: 0.000000, t_ads: 61.0, t_des: 0.0, bed_util_ads: 0.204, bed_util_des: 0.204, frac_lost: 0.010, li_recovered:  0.000
L: 0.61, u_super: 0.00230, sec: 107259.742, prod: 0.000118, t_ads: 46.0, t_des: 88.0, bed_util_ads: 0.183, bed_util_des: 0.183, frac_lost: 0.010, li_recovered:  0.016
L: 0.51, u_super: 0.00387, sec: 196626.547, prod: 0.000186, t_ads: 25.0, t_des: 136.0, bed_util_ads: 0.141, bed_util_des: 0.141, frac_lost: 0.011, li_recovered:  0.030
L: 0.58, u_super: 0.00017, sec: 498.583, prod: 0.000140, t_ads: 466.0, t_des: 982.0, bed_util_ads: 0.119, bed_util_des: 0.116, frac_lost: 0.010, li_recovered:  0.202
L: 0.74, u_super: 0.00018, sec: 525.632, prod: 0.000139, t_ads: 572.0, t_des: 1382.0, bed_util_ads: 0.109, bed_util_des: 0.105, frac_lost: 0.010, li_recovered:  0.272
L: 0.51, u_super: 0.00683, sec: 664531.438, prod: 0.000179, t_ads: 15.0, t_des: 112.0, bed_util_ads: 0.136, bed_util_des: 0.136, frac_lost: 0.011, li_recovered:  0.023
L: 0.51, u_super: 0.00031, sec: 1361.094, prod: 0.000164, t_ads: 254.0, t_des: 859.0, bed_util_ads: 0.120, bed_util_des: 0.118, frac_lost: 0.010, li_recovered:  0.182
L: 0.50, u_super: 0.00006, sec: 124.417, prod: 0.000073, t_ads: 877.0, t_des: 910.0, bed_util_ads: 0.105, bed_util_des: 0.104, frac_lost: 0.010, li_recovered:  0.131
L: 0.53, u_super: 0.00693, sec: 564463.062, prod: 0.000216, t_ads: 16.0, t_des: 73.0, bed_util_ads: 0.169, bed_util_des: 0.169, frac_lost: 0.013, li_recovered:  0.019
L: 0.51, u_super: 0.00875, sec: 898470.812, prod: 0.000222, t_ads: 13.0, t_des: 57.0, bed_util_ads: 0.183, bed_util_des: 0.183, frac_lost: 0.014, li_recovered:  0.016
L: 0.52, u_super: 0.00961, sec: 1099336.500, prod: 0.000221, t_ads: 12.0, t_des: 66.0, bed_util_ads: 0.169, bed_util_des: 0.168, frac_lost: 0.012, li_recovered:  0.017
L: 0.51, u_super: 0.00561, sec: 397537.906, prod: 0.000198, t_ads: 18.0, t_des: 74.0, bed_util_ads: 0.165, bed_util_des: 0.165, frac_lost: 0.011, li_recovered:  0.018
L: 0.51, u_super: 0.00984, sec: 1107599.125, prod: 0.000231, t_ads: 12.0, t_des: 64.0, bed_util_ads: 0.176, bed_util_des: 0.176, frac_lost: 0.015, li_recovered:  0.018
L: 0.50, u_super: 0.00006, sec: inf, prod: 0.000000, t_ads: 727.0, t_des: 0.0, bed_util_ads: 0.120, bed_util_des: 0.120, frac_lost: 0.010, li_recovered:  0.000
    34 |     1360 |     40 |  0.1137767923 |         nadir
L: 0.50, u_super: 0.00038, sec: 2059.234, prod: 0.000161, t_ads: 214.0, t_des: 959.0, bed_util_ads: 0.113, bed_util_des: 0.111, frac_lost: 0.010, li_recovered:  0.188
L: 0.51, u_super: 0.00770, sec: 716397.062, prod: 0.000213, t_ads: 14.0, t_des: 60.0, bed_util_ads: 0.176, bed_util_des: 0.176, frac_lost: 0.012, li_recovered:  0.016
L: 0.50, u_super: 0.00641, sec: 630476.688, prod: 0.000165, t_ads: 16.0, t_des: 41.0, bed_util_ads: 0.205, bed_util_des: 0.205, frac_lost: 0.012, li_recovered:  0.009
L: 0.50, u_super: 0.00569, sec: 634157.812, prod: 0.000128, t_ads: 18.0, t_des: 250.0, bed_util_ads: 0.105, bed_util_des: 0.104, frac_lost: 0.012, li_recovered:  0.034
L: 0.51, u_super: 0.00865, sec: 873726.312, prod: 0.000223, t_ads: 13.0, t_des: 62.0, bed_util_ads: 0.176, bed_util_des: 0.176, frac_lost: 0.013, li_recovered:  0.017
L: 0.50, u_super: 0.00328, sec: 139766.297, prod: 0.000186, t_ads: 28.0, t_des: 120.0, bed_util_ads: 0.148, bed_util_des: 0.148, frac_lost: 0.010, li_recovered:  0.028
L: 0.68, u_super: 0.00013, sec: 314.389, prod: 0.000128, t_ads: 678.0, t_des: 1345.0, bed_util_ads: 0.108, bed_util_des: 0.104, frac_lost: 0.010, li_recovered:  0.259
L: 0.54, u_super: 0.00880, sec: 1007271.062, prod: 0.000200, t_ads: 13.0, t_des: 73.0, bed_util_ads: 0.159, bed_util_des: 0.159, frac_lost: 0.011, li_recovered:  0.017
L: 0.52, u_super: 0.00119, sec: 25549.719, prod: 0.000131, t_ads: 73.0, t_des: 142.0, bed_util_ads: 0.172, bed_util_des: 0.171, frac_lost: 0.010, li_recovered:  0.028
L: 0.51, u_super: 0.00367, sec: 192863.875, prod: 0.000170, t_ads: 26.0, t_des: 71.0, bed_util_ads: 0.179, bed_util_des: 0.178, frac_lost: 0.011, li_recovered:  0.016
L: 0.50, u_super: 0.00156, sec: 39932.727, prod: 0.000143, t_ads: 56.0, t_des: 441.0, bed_util_ads: 0.107, bed_util_des: 0.106, frac_lost: 0.010, li_recovered:  0.071
L: 0.55, u_super: 0.00961, sec: 1038306.812, prod: 0.000234, t_ads: 13.0, t_des: 59.0, bed_util_ads: 0.183, bed_util_des: 0.183, frac_lost: 0.015, li_recovered:  0.017
L: 0.50, u_super: 0.00569, sec: 585591.188, prod: 0.000138, t_ads: 18.0, t_des: 220.0, bed_util_ads: 0.110, bed_util_des: 0.110, frac_lost: 0.012, li_recovered:  0.033
L: 0.51, u_super: 0.00561, sec: 416101.062, prod: 0.000189, t_ads: 18.0, t_des: 61.0, bed_util_ads: 0.177, bed_util_des: 0.177, frac_lost: 0.011, li_recovered:  0.015
L: 0.50, u_super: 0.00576, sec: 426279.875, prod: 0.000195, t_ads: 17.0, t_des: 65.0, bed_util_ads: 0.169, bed_util_des: 0.169, frac_lost: 0.010, li_recovered:  0.016
L: 0.51, u_super: 0.00973, sec: 1079136.125, prod: 0.000231, t_ads: 12.0, t_des: 58.0, bed_util_ads: 0.183, bed_util_des: 0.183, frac_lost: 0.015, li_recovered:  0.016
L: 0.51, u_super: 0.00017, sec: 438.925, prod: 0.000151, t_ads: 446.0, t_des: 1453.0, bed_util_ads: 0.108, bed_util_des: 0.104, frac_lost: 0.010, li_recovered:  0.286
L: 0.51, u_super: 0.00320, sec: 140752.859, prod: 0.000177, t_ads: 29.0, t_des: 86.0, bed_util_ads: 0.169, bed_util_des: 0.169, frac_lost: 0.010, li_recovered:  0.020
L: 0.50, u_super: 0.00759, sec: 709188.312, prod: 0.000208, t_ads: 14.0, t_des: 49.0, bed_util_ads: 0.191, bed_util_des: 0.191, frac_lost: 0.012, li_recovered:  0.013
L: 0.51, u_super: 0.00517, sec: inf, prod: 0.000000, t_ads: 19.0, t_des: 0.0, bed_util_ads: 0.242, bed_util_des: 0.242, frac_lost: 0.011, li_recovered:  0.000
L: 0.55, u_super: 0.00961, sec: 1175413.500, prod: 0.000207, t_ads: 12.0, t_des: 48.0, bed_util_ads: 0.183, bed_util_des: 0.183, frac_lost: 0.010, li_recovered:  0.012
L: 0.71, u_super: 0.00863, sec: 984001.125, prod: 0.000197, t_ads: 17.0, t_des: 55.0, bed_util_ads: 0.188, bed_util_des: 0.188, frac_lost: 0.013, li_recovered:  0.014
L: 0.51, u_super: 0.00014, sec: inf, prod: 0.000000, t_ads: 369.0, t_des: 0.0, bed_util_ads: 0.162, bed_util_des: 0.162, frac_lost: 0.010, li_recovered:  0.000
L: 0.54, u_super: 0.00771, sec: 954164.625, prod: 0.000160, t_ads: 14.0, t_des: 38.0, bed_util_ads: 0.199, bed_util_des: 0.199, frac_lost: 0.010, li_recovered:  0.008
L: 0.52, u_super: 0.00211, sec: 57684.539, prod: 0.000184, t_ads: 44.0, t_des: 157.0, bed_util_ads: 0.151, bed_util_des: 0.150, frac_lost: 0.011, li_recovered:  0.037
L: 0.51, u_super: 0.00670, sec: 523108.625, prod: 0.000218, t_ads: 16.0, t_des: 65.0, bed_util_ads: 0.177, bed_util_des: 0.177, frac_lost: 0.013, li_recovered:  0.018
L: 0.55, u_super: 0.00909, sec: 1006792.188, prod: 0.000215, t_ads: 13.0, t_des: 52.0, bed_util_ads: 0.185, bed_util_des: 0.185, frac_lost: 0.012, li_recovered:  0.014
L: 0.51, u_super: 0.00397, sec: 225856.562, prod: 0.000171, t_ads: 24.0, t_des: 69.0, bed_util_ads: 0.176, bed_util_des: 0.176, frac_lost: 0.010, li_recovered:  0.016
L: 0.51, u_super: 0.00776, sec: 864316.125, prod: 0.000179, t_ads: 14.0, t_des: 115.0, bed_util_ads: 0.137, bed_util_des: 0.137, frac_lost: 0.012, li_recovered:  0.023
L: 0.55, u_super: 0.00670, sec: 574324.000, prod: 0.000198, t_ads: 17.0, t_des: 101.0, bed_util_ads: 0.149, bed_util_des: 0.149, frac_lost: 0.012, li_recovered:  0.023
L: 0.51, u_super: 0.00734, sec: 984953.188, prod: 0.000140, t_ads: 15.0, t_des: 203.0, bed_util_ads: 0.113, bed_util_des: 0.112, frac_lost: 0.013, li_recovered:  0.030
L: 0.54, u_super: 0.00839, sec: 887032.125, prod: 0.000206, t_ads: 14.0, t_des: 96.0, bed_util_ads: 0.151, bed_util_des: 0.151, frac_lost: 0.014, li_recovered:  0.023
L: 0.53, u_super: 0.00026, sec: inf, prod: 0.000000, t_ads: 255.0, t_des: 0.0, bed_util_ads: 0.174, bed_util_des: 0.174, frac_lost: 0.010, li_recovered:  0.000
L: 0.50, u_super: 0.00960, sec: 1096886.875, prod: 0.000221, t_ads: 12.0, t_des: 77.0, bed_util_ads: 0.164, bed_util_des: 0.164, frac_lost: 0.015, li_recovered:  0.020
L: 0.50, u_super: 0.00043, sec: 2712.167, prod: 0.000158, t_ads: 189.0, t_des: 928.0, bed_util_ads: 0.112, bed_util_des: 0.109, frac_lost: 0.010, li_recovered:  0.177
L: 0.53, u_super: 0.00904, sec: 940524.188, prod: 0.000227, t_ads: 13.0, t_des: 56.0, bed_util_ads: 0.185, bed_util_des: 0.185, frac_lost: 0.014, li_recovered:  0.016
L: 0.51, u_super: 0.00023, sec: 776.747, prod: 0.000159, t_ads: 331.0, t_des: 1015.0, bed_util_ads: 0.117, bed_util_des: 0.114, frac_lost: 0.010, li_recovered:  0.214
L: 0.53, u_super: 0.00598, sec: 430363.188, prod: 0.000209, t_ads: 18.0, t_des: 80.0, bed_util_ads: 0.165, bed_util_des: 0.165, frac_lost: 0.012, li_recovered:  0.020
L: 0.54, u_super: 0.00005, sec: 59.912, prod: 0.000110, t_ads: 1298.0, t_des: 3380.0, bed_util_ads: 0.084, bed_util_des: 0.077, frac_lost: 0.010, li_recovered:  0.513
L: 0.52, u_super: 0.00361, sec: 164727.375, prod: 0.000193, t_ads: 27.0, t_des: 119.0, bed_util_ads: 0.151, bed_util_des: 0.150, frac_lost: 0.011, li_recovered:  0.028
    35 |     1400 |     37 |  0.2874731009 |         nadir
L: 0.53, u_super: 0.00598, sec: 440405.469, prod: 0.000204, t_ads: 18.0, t_des: 88.0, bed_util_ads: 0.158, bed_util_des: 0.158, frac_lost: 0.012, li_recovered:  0.022
L: 0.51, u_super: 0.00040, sec: 2264.263, prod: 0.000166, t_ads: 200.0, t_des: 545.0, bed_util_ads: 0.134, bed_util_des: 0.132, frac_lost: 0.010, li_recovered:  0.123
L: 0.51, u_super: 0.00879, sec: 873325.688, prod: 0.000230, t_ads: 13.0, t_des: 58.0, bed_util_ads: 0.183, bed_util_des: 0.183, frac_lost: 0.014, li_recovered:  0.016
L: 0.51, u_super: 0.00704, sec: 607231.312, prod: 0.000208, t_ads: 15.0, t_des: 60.0, bed_util_ads: 0.176, bed_util_des: 0.176, frac_lost: 0.012, li_recovered:  0.016
L: 0.54, u_super: 0.00005, sec: 59.902, prod: 0.000110, t_ads: 1316.0, t_des: 3646.0, bed_util_ads: 0.083, bed_util_des: 0.075, frac_lost: 0.010, li_recovered:  0.544
L: 0.55, u_super: 0.00872, sec: 1029342.500, prod: 0.000192, t_ads: 13.0, t_des: 47.0, bed_util_ads: 0.185, bed_util_des: 0.185, frac_lost: 0.011, li_recovered:  0.012
L: 0.55, u_super: 0.00753, sec: 731419.250, prod: 0.000199, t_ads: 15.0, t_des: 54.0, bed_util_ads: 0.181, bed_util_des: 0.181, frac_lost: 0.011, li_recovered:  0.014
L: 0.51, u_super: 0.00839, sec: 879503.938, prod: 0.000207, t_ads: 13.0, t_des: 57.0, bed_util_ads: 0.176, bed_util_des: 0.176, frac_lost: 0.012, li_recovered:  0.015
L: 0.90, u_super: 0.00005, sec: inf, prod: 0.000000, t_ads: 1058.0, t_des: 0.0, bed_util_ads: 0.100, bed_util_des: 0.100, frac_lost: 0.010, li_recovered:  0.000
L: 0.51, u_super: 0.00301, sec: 172349.812, prod: 0.000127, t_ads: 31.0, t_des: 347.0, bed_util_ads: 0.101, bed_util_des: 0.100, frac_lost: 0.011, li_recovered:  0.048
L: 0.54, u_super: 0.00772, sec: 797812.750, prod: 0.000192, t_ads: 14.0, t_des: 75.0, bed_util_ads: 0.155, bed_util_des: 0.155, frac_lost: 0.010, li_recovered:  0.017
L: 0.54, u_super: 0.00030, sec: 1823.725, prod: 0.000114, t_ads: 259.0, t_des: 383.0, bed_util_ads: 0.148, bed_util_des: 0.147, frac_lost: 0.010, li_recovered:  0.073
L: 0.50, u_super: 0.00017, sec: 468.277, prod: 0.000150, t_ads: 430.0, t_des: 1552.0, bed_util_ads: 0.106, bed_util_des: 0.102, frac_lost: 0.010, li_recovered:  0.298
L: 0.50, u_super: 0.00186, sec: 57640.086, prod: 0.000143, t_ads: 47.0, t_des: 103.0, bed_util_ads: 0.176, bed_util_des: 0.176, frac_lost: 0.011, li_recovered:  0.021
L: 0.51, u_super: 0.00338, sec: 156904.969, prod: 0.000177, t_ads: 28.0, t_des: 84.0, bed_util_ads: 0.171, bed_util_des: 0.171, frac_lost: 0.011, li_recovered:  0.020
L: 0.51, u_super: 0.00949, sec: 1115450.750, prod: 0.000212, t_ads: 12.0, t_des: 45.0, bed_util_ads: 0.196, bed_util_des: 0.195, frac_lost: 0.013, li_recovered:  0.012
L: 0.50, u_super: 0.00670, sec: 585999.375, prod: 0.000194, t_ads: 15.0, t_des: 55.0, bed_util_ads: 0.177, bed_util_des: 0.177, frac_lost: 0.010, li_recovered:  0.014
L: 0.58, u_super: 0.00154, sec: 33937.559, prod: 0.000166, t_ads: 65.0, t_des: 363.0, bed_util_ads: 0.121, bed_util_des: 0.120, frac_lost: 0.010, li_recovered:  0.071
L: 0.50, u_super: 0.00598, sec: 432390.438, prod: 0.000208, t_ads: 17.0, t_des: 71.0, bed_util_ads: 0.169, bed_util_des: 0.169, frac_lost: 0.012, li_recovered:  0.018
L: 0.55, u_super: 0.00974, sec: 1235677.875, prod: 0.000202, t_ads: 12.0, t_des: 48.0, bed_util_ads: 0.183, bed_util_des: 0.183, frac_lost: 0.011, li_recovered:  0.012
L: 0.51, u_super: 0.00007, sec: 99.219, prod: 0.000116, t_ads: 1036.0, t_des: 4276.0, bed_util_ads: 0.082, bed_util_des: 0.073, frac_lost: 0.010, li_recovered:  0.615
L: 0.67, u_super: 0.00969, sec: 1294343.375, prod: 0.000191, t_ads: 14.0, t_des: 52.0, bed_util_ads: 0.178, bed_util_des: 0.178, frac_lost: 0.010, li_recovered:  0.013
L: 0.53, u_super: 0.00303, sec: 118835.859, prod: 0.000187, t_ads: 32.0, t_des: 127.0, bed_util_ads: 0.152, bed_util_des: 0.151, frac_lost: 0.011, li_recovered:  0.030
L: 0.50, u_super: 0.00532, sec: 353872.469, prod: 0.000199, t_ads: 19.0, t_des: 65.0, bed_util_ads: 0.179, bed_util_des: 0.179, frac_lost: 0.012, li_recovered:  0.017
L: 0.50, u_super: 0.00582, sec: 432619.000, prod: 0.000196, t_ads: 17.0, t_des: 61.0, bed_util_ads: 0.175, bed_util_des: 0.175, frac_lost: 0.011, li_recovered:  0.015
L: 0.55, u_super: 0.00958, sec: 1055340.875, prod: 0.000229, t_ads: 13.0, t_des: 65.0, bed_util_ads: 0.176, bed_util_des: 0.176, frac_lost: 0.015, li_recovered:  0.018
L: 0.54, u_super: 0.00734, sec: 685605.625, prod: 0.000201, t_ads: 15.0, t_des: 63.0, bed_util_ads: 0.171, bed_util_des: 0.171, frac_lost: 0.011, li_recovered:  0.016
L: 0.51, u_super: 0.00015, sec: 362.561, prod: 0.000148, t_ads: 486.0, t_des: 1461.0, bed_util_ads: 0.108, bed_util_des: 0.104, frac_lost: 0.010, li_recovered:  0.288
L: 0.93, u_super: 0.00086, sec: 23859.691, prod: 0.000073, t_ads: 182.0, t_des: 3486.0, bed_util_ads: 0.066, bed_util_des: 0.062, frac_lost: 0.010, li_recovered:  0.268
L: 0.75, u_super: 0.00959, sec: 1146605.875, prod: 0.000211, t_ads: 16.0, t_des: 63.0, bed_util_ads: 0.176, bed_util_des: 0.176, frac_lost: 0.012, li_recovered:  0.017
L: 0.51, u_super: 0.00427, sec: 233625.891, prod: 0.000192, t_ads: 23.0, t_des: 85.0, bed_util_ads: 0.165, bed_util_des: 0.165, frac_lost: 0.011, li_recovered:  0.021
L: 0.50, u_super: 0.00194, sec: 51904.473, prod: 0.000173, t_ads: 45.0, t_des: 128.0, bed_util_ads: 0.161, bed_util_des: 0.161, frac_lost: 0.010, li_recovered:  0.030
L: 0.54, u_super: 0.00901, sec: 1071446.750, prod: 0.000198, t_ads: 13.0, t_des: 94.0, bed_util_ads: 0.149, bed_util_des: 0.149, frac_lost: 0.013, li_recovered:  0.021
L: 0.51, u_super: 0.00740, sec: 809117.562, prod: 0.000173, t_ads: 14.0, t_des: 41.0, bed_util_ads: 0.195, bed_util_des: 0.195, frac_lost: 0.010, li_recovered:  0.010
L: 0.55, u_super: 0.00480, sec: 329613.375, prod: 0.000173, t_ads: 22.0, t_des: 62.0, bed_util_ads: 0.182, bed_util_des: 0.182, frac_lost: 0.011, li_recovered:  0.015
L: 0.53, u_super: 0.00189, sec: 46775.719, prod: 0.000181, t_ads: 49.0, t_des: 166.0, bed_util_ads: 0.151, bed_util_des: 0.151, frac_lost: 0.010, li_recovered:  0.039
L: 0.56, u_super: 0.00160, sec: 33715.457, prod: 0.000179, t_ads: 60.0, t_des: 221.0, bed_util_ads: 0.142, bed_util_des: 0.141, frac_lost: 0.010, li_recovered:  0.050
L: 0.53, u_super: 0.00569, sec: 429369.500, prod: 0.000189, t_ads: 18.0, t_des: 61.0, bed_util_ads: 0.175, bed_util_des: 0.175, frac_lost: 0.010, li_recovered:  0.015
L: 0.50, u_super: 0.00526, sec: 351935.531, prod: 0.000196, t_ads: 19.0, t_des: 65.0, bed_util_ads: 0.178, bed_util_des: 0.177, frac_lost: 0.012, li_recovered:  0.016
L: 0.62, u_super: 0.00915, sec: 1118492.500, prod: 0.000196, t_ads: 14.0, t_des: 49.0, bed_util_ads: 0.185, bed_util_des: 0.185, frac_lost: 0.011, li_recovered:  0.012
    36 |     1440 |     39 |  0.0020319217 |             f
L: 0.51, u_super: 0.00018, sec: 495.099, prod: 0.000150, t_ads: 408.0, t_des: 1018.0, bed_util_ads: 0.118, bed_util_des: 0.115, frac_lost: 0.010, li_recovered:  0.214
L: 0.54, u_super: 0.00399, sec: 492001.062, prod: 0.000079, t_ads: 26.0, t_des: 613.0, bed_util_ads: 0.077, bed_util_des: 0.076, frac_lost: 0.011, li_recovered:  0.050
L: 0.51, u_super: 0.00479, sec: 321185.594, prod: 0.000177, t_ads: 21.0, t_des: 151.0, bed_util_ads: 0.131, bed_util_des: 0.131, frac_lost: 0.012, li_recovered:  0.030
L: 0.50, u_super: 0.00474, sec: 272534.750, prod: 0.000203, t_ads: 21.0, t_des: 83.0, bed_util_ads: 0.167, bed_util_des: 0.166, frac_lost: 0.012, li_recovered:  0.021
L: 0.51, u_super: 0.00734, sec: 637111.812, prod: 0.000216, t_ads: 15.0, t_des: 70.0, bed_util_ads: 0.171, bed_util_des: 0.171, frac_lost: 0.014, li_recovered:  0.018
L: 0.55, u_super: 0.00920, sec: 994919.438, prod: 0.000223, t_ads: 13.0, t_des: 52.0, bed_util_ads: 0.188, bed_util_des: 0.187, frac_lost: 0.013, li_recovered:  0.014
L: 0.51, u_super: 0.00651, sec: 552138.250, prod: 0.000194, t_ads: 16.0, t_des: 53.0, bed_util_ads: 0.186, bed_util_des: 0.186, frac_lost: 0.012, li_recovered:  0.013
L: 0.54, u_super: 0.00196, sec: 62308.797, prod: 0.000147, t_ads: 48.0, t_des: 107.0, bed_util_ads: 0.176, bed_util_des: 0.176, frac_lost: 0.011, li_recovered:  0.023
L: 0.54, u_super: 0.00397, sec: 198816.203, prod: 0.000194, t_ads: 26.0, t_des: 103.0, bed_util_ads: 0.158, bed_util_des: 0.158, frac_lost: 0.012, li_recovered:  0.025
L: 0.54, u_super: 0.00308, sec: 131783.938, prod: 0.000174, t_ads: 32.0, t_des: 93.0, bed_util_ads: 0.169, bed_util_des: 0.169, frac_lost: 0.011, li_recovered:  0.022
L: 0.54, u_super: 0.00779, sec: inf, prod: 0.000000, t_ads: 14.0, t_des: 0.0, bed_util_ads: 0.238, bed_util_des: 0.238, frac_lost: 0.011, li_recovered:  0.000
L: 0.50, u_super: 0.00569, sec: 434869.312, prod: 0.000187, t_ads: 17.0, t_des: 58.0, bed_util_ads: 0.175, bed_util_des: 0.175, frac_lost: 0.010, li_recovered:  0.014
L: 0.54, u_super: 0.00005, sec: inf, prod: 0.000000, t_ads: 339.0, t_des: 0.0, bed_util_ads: 0.178, bed_util_des: 0.178, frac_lost: 0.010, li_recovered:  0.000
L: 0.56, u_super: 0.00990, sec: 1282980.750, prod: 0.000202, t_ads: 12.0, t_des: 48.0, bed_util_ads: 0.183, bed_util_des: 0.183, frac_lost: 0.011, li_recovered:  0.012
L: 0.55, u_super: 0.00961, sec: 1195932.625, prod: 0.000203, t_ads: 12.0, t_des: 55.0, bed_util_ads: 0.173, bed_util_des: 0.173, frac_lost: 0.010, li_recovered:  0.014
L: 0.51, u_super: 0.00288, sec: 280843.250, prod: 0.000071, t_ads: 33.0, t_des: 850.0, bed_util_ads: 0.071, bed_util_des: 0.071, frac_lost: 0.011, li_recovered:  0.063
L: 0.54, u_super: 0.00770, sec: 791056.188, prod: 0.000192, t_ads: 14.0, t_des: 46.0, bed_util_ads: 0.187, bed_util_des: 0.187, frac_lost: 0.010, li_recovered:  0.012
L: 0.50, u_super: 0.00025, sec: 34084.332, prod: 0.000004, t_ads: 271.0, t_des: 181.0, bed_util_ads: 0.161, bed_util_des: 0.161, frac_lost: 0.010, li_recovered:  0.002
L: 0.50, u_super: 0.00007, sec: 126.476, prod: 0.000092, t_ads: 818.0, t_des: 1022.0, bed_util_ads: 0.107, bed_util_des: 0.104, frac_lost: 0.010, li_recovered:  0.170
L: 0.53, u_super: 0.00926, sec: 1080355.125, prod: 0.000208, t_ads: 12.0, t_des: 47.0, bed_util_ads: 0.185, bed_util_des: 0.185, frac_lost: 0.011, li_recovered:  0.012
L: 0.53, u_super: 0.00598, sec: 429617.031, prod: 0.000209, t_ads: 18.0, t_des: 75.0, bed_util_ads: 0.169, bed_util_des: 0.169, frac_lost: 0.013, li_recovered:  0.019
L: 0.51, u_super: 0.00363, sec: 173810.594, prod: 0.000185, t_ads: 26.0, t_des: 87.0, bed_util_ads: 0.165, bed_util_des: 0.165, frac_lost: 0.011, li_recovered:  0.021
L: 0.77, u_super: 0.00961, sec: 1268903.125, prod: 0.000192, t_ads: 16.0, t_des: 53.0, bed_util_ads: 0.183, bed_util_des: 0.183, frac_lost: 0.011, li_recovered:  0.013
L: 0.50, u_super: 0.00862, sec: 972214.875, prod: 0.000199, t_ads: 13.0, t_des: 99.0, bed_util_ads: 0.149, bed_util_des: 0.148, frac_lost: 0.014, li_recovered:  0.022
L: 0.51, u_super: 0.00734, sec: 624094.688, prod: 0.000221, t_ads: 15.0, t_des: 70.0, bed_util_ads: 0.172, bed_util_des: 0.171, frac_lost: 0.014, li_recovered:  0.019
L: 0.50, u_super: 0.00551, sec: 393870.906, prod: 0.000192, t_ads: 18.0, t_des: 100.0, bed_util_ads: 0.147, bed_util_des: 0.147, frac_lost: 0.011, li_recovered:  0.023
L: 0.71, u_super: 0.00023, sec: 841.449, prod: 0.000147, t_ads: 440.0, t_des: 1049.0, bed_util_ads: 0.117, bed_util_des: 0.114, frac_lost: 0.010, li_recovered:  0.218
L: 0.50, u_super: 0.00479, sec: 296035.781, prod: 0.000191, t_ads: 20.0, t_des: 75.0, bed_util_ads: 0.165, bed_util_des: 0.165, frac_lost: 0.010, li_recovered:  0.018
L: 0.51, u_super: 0.00850, sec: 2798314.750, prod: 0.000067, t_ads: 13.0, t_des: 476.0, bed_util_ads: 0.075, bed_util_des: 0.075, frac_lost: 0.012, li_recovered:  0.033
L: 0.51, u_super: 0.00625, sec: 592844.750, prod: 0.000166, t_ads: 17.0, t_des: 159.0, bed_util_ads: 0.126, bed_util_des: 0.126, frac_lost: 0.013, li_recovered:  0.029
L: 0.53, u_super: 0.00026, sec: 2728.642, prod: 0.000056, t_ads: 282.0, t_des: 278.0, bed_util_ads: 0.154, bed_util_des: 0.153, frac_lost: 0.010, li_recovered:  0.031
L: 0.51, u_super: 0.00063, sec: 6024.578, prod: 0.000153, t_ads: 130.0, t_des: 277.0, bed_util_ads: 0.154, bed_util_des: 0.153, frac_lost: 0.010, li_recovered:  0.062
L: 0.55, u_super: 0.00966, sec: 1294155.000, prod: 0.000190, t_ads: 12.0, t_des: 81.0, bed_util_ads: 0.149, bed_util_des: 0.149, frac_lost: 0.010, li_recovered:  0.018
L: 0.54, u_super: 0.00017, sec: 598.001, prod: 0.000114, t_ads: 498.0, t_des: 3752.0, bed_util_ads: 0.081, bed_util_des: 0.074, frac_lost: 0.010, li_recovered:  0.486
L: 0.51, u_super: 0.00015, sec: 421.292, prod: 0.000127, t_ads: 520.0, t_des: 3038.0, bed_util_ads: 0.088, bed_util_des: 0.082, frac_lost: 0.010, li_recovered:  0.453
L: 0.51, u_super: 0.00968, sec: 1085992.875, prod: 0.000227, t_ads: 12.0, t_des: 56.0, bed_util_ads: 0.183, bed_util_des: 0.183, frac_lost: 0.014, li_recovered:  0.015
L: 0.87, u_super: 0.00598, sec: 489495.125, prod: 0.000183, t_ads: 27.0, t_des: 85.0, bed_util_ads: 0.169, bed_util_des: 0.168, frac_lost: 0.011, li_recovered:  0.021
L: 0.51, u_super: 0.00884, sec: 910909.062, prod: 0.000224, t_ads: 13.0, t_des: 58.0, bed_util_ads: 0.183, bed_util_des: 0.183, frac_lost: 0.015, li_recovered:  0.016
L: 0.51, u_super: 0.00013, sec: 298.487, prod: 0.000131, t_ads: 526.0, t_des: 984.0, bed_util_ads: 0.117, bed_util_des: 0.114, frac_lost: 0.010, li_recovered:  0.198
L: 0.50, u_super: 0.00497, sec: 313255.844, prod: 0.000195, t_ads: 20.0, t_des: 67.0, bed_util_ads: 0.178, bed_util_des: 0.177, frac_lost: 0.012, li_recovered:  0.017
    37 |     1480 |     40 |  0.0030429065 |             f
L: 0.91, u_super: 0.00005, sec: 89.577, prod: 0.000073, t_ads: 1763.0, t_des: 2405.0, bed_util_ads: 0.079, bed_util_des: 0.075, frac_lost: 0.010, li_recovered:  0.306
L: 0.58, u_super: 0.00968, sec: 1106072.375, prod: 0.000223, t_ads: 13.0, t_des: 51.0, bed_util_ads: 0.189, bed_util_des: 0.188, frac_lost: 0.013, li_recovered:  0.014
L: 0.52, u_super: 0.00909, sec: 2207511.750, prod: 0.000098, t_ads: 13.0, t_des: 321.0, bed_util_ads: 0.093, bed_util_des: 0.092, frac_lost: 0.015, li_recovered:  0.033
L: 0.53, u_super: 0.00029, sec: 1176.692, prod: 0.000162, t_ads: 284.0, t_des: 830.0, bed_util_ads: 0.123, bed_util_des: 0.120, frac_lost: 0.010, li_recovered:  0.180
L: 0.51, u_super: 0.00259, sec: 88440.867, prod: 0.000182, t_ads: 35.0, t_des: 135.0, bed_util_ads: 0.148, bed_util_des: 0.148, frac_lost: 0.010, li_recovered:  0.031
L: 0.51, u_super: 0.00040, sec: inf, prod: 0.000000, t_ads: 178.0, t_des: 0.0, bed_util_ads: 0.185, bed_util_des: 0.185, frac_lost: 0.010, li_recovered:  0.000
L: 0.52, u_super: 0.00470, sec: 281727.156, prod: 0.000194, t_ads: 21.0, t_des: 78.0, bed_util_ads: 0.165, bed_util_des: 0.165, frac_lost: 0.011, li_recovered:  0.019
L: 0.66, u_super: 0.00770, sec: 793658.000, prod: 0.000192, t_ads: 17.0, t_des: 60.0, bed_util_ads: 0.176, bed_util_des: 0.176, frac_lost: 0.011, li_recovered:  0.015
L: 0.54, u_super: 0.00055, sec: 4061.056, prod: 0.000171, t_ads: 160.0, t_des: 517.0, bed_util_ads: 0.132, bed_util_des: 0.130, frac_lost: 0.010, li_recovered:  0.116
L: 0.56, u_super: 0.00968, sec: 1667696.000, prod: 0.000148, t_ads: 13.0, t_des: 174.0, bed_util_ads: 0.119, bed_util_des: 0.118, frac_lost: 0.014, li_recovered:  0.028
L: 0.54, u_super: 0.00386, sec: 193339.953, prod: 0.000188, t_ads: 26.0, t_des: 96.0, bed_util_ads: 0.159, bed_util_des: 0.158, frac_lost: 0.010, li_recovered:  0.023
L: 0.79, u_super: 0.00839, sec: 1026218.375, prod: 0.000178, t_ads: 18.0, t_des: 58.0, bed_util_ads: 0.176, bed_util_des: 0.176, frac_lost: 0.010, li_recovered:  0.014
L: 0.50, u_super: 0.00014, sec: inf, prod: 0.000000, t_ads: 364.0, t_des: 0.0, bed_util_ads: 0.163, bed_util_des: 0.163, frac_lost: 0.010, li_recovered:  0.000
L: 0.52, u_super: 0.00375, sec: 179451.906, prod: 0.000191, t_ads: 26.0, t_des: 114.0, bed_util_ads: 0.151, bed_util_des: 0.150, frac_lost: 0.011, li_recovered:  0.027
L: 0.51, u_super: 0.00901, sec: 1127874.375, prod: 0.000188, t_ads: 12.0, t_des: 87.0, bed_util_ads: 0.146, bed_util_des: 0.146, frac_lost: 0.011, li_recovered:  0.019
L: 0.53, u_super: 0.00679, sec: 585784.875, prod: 0.000200, t_ads: 16.0, t_des: 55.0, bed_util_ads: 0.185, bed_util_des: 0.185, frac_lost: 0.012, li_recovered:  0.014
L: 0.50, u_super: 0.00240, sec: 88866.594, prod: 0.000155, t_ads: 38.0, t_des: 290.0, bed_util_ads: 0.116, bed_util_des: 0.115, frac_lost: 0.011, li_recovered:  0.051
L: 0.53, u_super: 0.00026, sec: 979.307, prod: 0.000161, t_ads: 307.0, t_des: 898.0, bed_util_ads: 0.121, bed_util_des: 0.118, frac_lost: 0.010, li_recovered:  0.194
L: 0.51, u_super: 0.00879, sec: 867435.188, prod: 0.000232, t_ads: 13.0, t_des: 59.0, bed_util_ads: 0.182, bed_util_des: 0.182, frac_lost: 0.014, li_recovered:  0.017
L: 0.54, u_super: 0.00063, sec: 5318.042, prod: 0.000173, t_ads: 140.0, t_des: 506.0, bed_util_ads: 0.130, bed_util_des: 0.128, frac_lost: 0.010, li_recovered:  0.112
L: 0.50, u_super: 0.00561, sec: 386432.719, prod: 0.000204, t_ads: 18.0, t_des: 78.0, bed_util_ads: 0.165, bed_util_des: 0.165, frac_lost: 0.012, li_recovered:  0.020
L: 0.76, u_super: 0.00021, sec: inf, prod: 0.000000, t_ads: 299.0, t_des: 0.0, bed_util_ads: 0.186, bed_util_des: 0.186, frac_lost: 0.010, li_recovered:  0.000
L: 0.53, u_super: 0.00598, sec: 441967.594, prod: 0.000203, t_ads: 18.0, t_des: 85.0, bed_util_ads: 0.161, bed_util_des: 0.160, frac_lost: 0.012, li_recovered:  0.021
L: 0.50, u_super: 0.00007, sec: 105.914, prod: 0.000108, t_ads: 1053.0, t_des: 5414.0, bed_util_ads: 0.077, bed_util_des: 0.067, frac_lost: 0.010, li_recovered:  0.701
L: 0.54, u_super: 0.00855, sec: 1397986.875, prod: 0.000136, t_ads: 13.0, t_des: 167.0, bed_util_ads: 0.113, bed_util_des: 0.113, frac_lost: 0.010, li_recovered:  0.024
L: 0.53, u_super: 0.00742, sec: 668141.062, prod: 0.000211, t_ads: 15.0, t_des: 66.0, bed_util_ads: 0.172, bed_util_des: 0.171, frac_lost: 0.012, li_recovered:  0.017
L: 0.54, u_super: 0.00642, sec: 509539.875, prod: 0.000205, t_ads: 17.0, t_des: 63.0, bed_util_ads: 0.177, bed_util_des: 0.177, frac_lost: 0.012, li_recovered:  0.016
L: 0.51, u_super: 0.00344, sec: 229234.828, prod: 0.000126, t_ads: 28.0, t_des: 338.0, bed_util_ads: 0.101, bed_util_des: 0.100, frac_lost: 0.011, li_recovered:  0.046
L: 0.51, u_super: 0.00009, sec: inf, prod: 0.000000, t_ads: 171.0, t_des: 0.0, bed_util_ads: 0.253, bed_util_des: 0.253, frac_lost: 0.010, li_recovered:  0.000
L: 0.51, u_super: 0.00029, sec: 1305.117, prod: 0.000154, t_ads: 274.0, t_des: 1267.0, bed_util_ads: 0.108, bed_util_des: 0.104, frac_lost: 0.010, li_recovered:  0.238
L: 0.51, u_super: 0.00734, sec: 623875.375, prod: 0.000221, t_ads: 15.0, t_des: 70.0, bed_util_ads: 0.172, bed_util_des: 0.171, frac_lost: 0.014, li_recovered:  0.019
L: 0.54, u_super: 0.00564, sec: 1086346.625, prod: 0.000073, t_ads: 19.0, t_des: 534.0, bed_util_ads: 0.076, bed_util_des: 0.075, frac_lost: 0.012, li_recovered:  0.041
L: 0.69, u_super: 0.00778, sec: 747716.250, prod: 0.000208, t_ads: 18.0, t_des: 67.0, bed_util_ads: 0.176, bed_util_des: 0.176, frac_lost: 0.012, li_recovered:  0.018
L: 0.55, u_super: 0.00961, sec: 1444375.750, prod: 0.000168, t_ads: 13.0, t_des: 145.0, bed_util_ads: 0.129, bed_util_des: 0.128, frac_lost: 0.014, li_recovered:  0.027
L: 0.51, u_super: 0.00345, sec: 162212.922, prod: 0.000178, t_ads: 27.0, t_des: 85.0, bed_util_ads: 0.166, bed_util_des: 0.166, frac_lost: 0.010, li_recovered:  0.020
L: 0.51, u_super: 0.00901, sec: 1022173.875, prod: 0.000207, t_ads: 12.0, t_des: 53.0, bed_util_ads: 0.177, bed_util_des: 0.177, frac_lost: 0.011, li_recovered:  0.013
L: 0.51, u_super: 0.00569, sec: 398783.125, prod: 0.000203, t_ads: 18.0, t_des: 66.0, bed_util_ads: 0.176, bed_util_des: 0.176, frac_lost: 0.012, li_recovered:  0.017
L: 0.51, u_super: 0.00599, sec: 438185.250, prod: 0.000206, t_ads: 17.0, t_des: 74.0, bed_util_ads: 0.165, bed_util_des: 0.165, frac_lost: 0.011, li_recovered:  0.019
L: 0.51, u_super: 0.00409, sec: 212274.297, prod: 0.000193, t_ads: 24.0, t_des: 97.0, bed_util_ads: 0.159, bed_util_des: 0.158, frac_lost: 0.011, li_recovered:  0.023
L: 0.54, u_super: 0.00866, sec: 932736.938, prod: 0.000209, t_ads: 13.0, t_des: 50.0, bed_util_ads: 0.183, bed_util_des: 0.183, frac_lost: 0.011, li_recovered:  0.013
    38 |     1520 |     40 |  0.0007740425 |             f
L: 0.50, u_super: 0.00481, sec: 303331.656, prod: 0.000188, t_ads: 20.0, t_des: 93.0, bed_util_ads: 0.152, bed_util_des: 0.152, frac_lost: 0.010, li_recovered:  0.021
L: 0.62, u_super: 0.00839, sec: 908466.000, prod: 0.000201, t_ads: 15.0, t_des: 63.0, bed_util_ads: 0.170, bed_util_des: 0.170, frac_lost: 0.011, li_recovered:  0.016
L: 0.50, u_super: 0.00748, sec: 691433.812, prod: 0.000207, t_ads: 14.0, t_des: 58.0, bed_util_ads: 0.177, bed_util_des: 0.176, frac_lost: 0.012, li_recovered:  0.015
L: 0.50, u_super: 0.00470, sec: 286230.531, prod: 0.000190, t_ads: 21.0, t_des: 69.0, bed_util_ads: 0.177, bed_util_des: 0.177, frac_lost: 0.012, li_recovered:  0.017
L: 0.51, u_super: 0.00017, sec: 484.103, prod: 0.000131, t_ads: 423.0, t_des: 752.0, bed_util_ads: 0.126, bed_util_des: 0.124, frac_lost: 0.010, li_recovered:  0.154
L: 0.51, u_super: 0.00923, sec: 1043265.500, prod: 0.000214, t_ads: 12.0, t_des: 51.0, bed_util_ads: 0.183, bed_util_des: 0.183, frac_lost: 0.012, li_recovered:  0.013
L: 0.51, u_super: 0.00041, sec: 2306.660, prod: 0.000166, t_ads: 197.0, t_des: 533.0, bed_util_ads: 0.135, bed_util_des: 0.133, frac_lost: 0.010, li_recovered:  0.121
L: 0.51, u_super: 0.00596, sec: 473416.312, prod: 0.000188, t_ads: 17.0, t_des: 54.0, bed_util_ads: 0.185, bed_util_des: 0.185, frac_lost: 0.011, li_recovered:  0.013
L: 0.51, u_super: 0.00013, sec: 356.721, prod: 0.000118, t_ads: 588.0, t_des: 3843.0, bed_util_ads: 0.082, bed_util_des: 0.075, frac_lost: 0.010, li_recovered:  0.522
L: 0.53, u_super: 0.00583, sec: 448299.594, prod: 0.000190, t_ads: 18.0, t_des: 102.0, bed_util_ads: 0.147, bed_util_des: 0.146, frac_lost: 0.011, li_recovered:  0.023
L: 0.51, u_super: 0.00081, sec: 8793.321, prod: 0.000176, t_ads: 104.0, t_des: 385.0, bed_util_ads: 0.134, bed_util_des: 0.132, frac_lost: 0.010, li_recovered:  0.086
L: 0.53, u_super: 0.00317, sec: 128069.711, prod: 0.000189, t_ads: 31.0, t_des: 127.0, bed_util_ads: 0.152, bed_util_des: 0.151, frac_lost: 0.011, li_recovered:  0.030
L: 0.51, u_super: 0.00968, sec: 1042513.312, prod: 0.000237, t_ads: 12.0, t_des: 57.0, bed_util_ads: 0.183, bed_util_des: 0.183, frac_lost: 0.014, li_recovered:  0.016
L: 0.51, u_super: 0.00009, sec: inf, prod: 0.000000, t_ads: 583.0, t_des: 0.0, bed_util_ads: 0.129, bed_util_des: 0.129, frac_lost: 0.010, li_recovered:  0.000
L: 0.51, u_super: 0.00879, sec: 866152.250, prod: 0.000232, t_ads: 13.0, t_des: 59.0, bed_util_ads: 0.182, bed_util_des: 0.182, frac_lost: 0.014, li_recovered:  0.017
L: 0.51, u_super: 0.00009, sec: 220.768, prod: 0.000087, t_ads: 660.0, t_des: 741.0, bed_util_ads: 0.116, bed_util_des: 0.114, frac_lost: 0.010, li_recovered:  0.123
L: 0.52, u_super: 0.00134, sec: 24737.555, prod: 0.000171, t_ads: 67.0, t_des: 336.0, bed_util_ads: 0.126, bed_util_des: 0.125, frac_lost: 0.010, li_recovered:  0.069
L: 0.51, u_super: 0.00087, sec: 10181.523, prod: 0.000174, t_ads: 99.0, t_des: 416.0, bed_util_ads: 0.129, bed_util_des: 0.128, frac_lost: 0.010, li_recovered:  0.090
L: 0.57, u_super: 0.00005, sec: 61.035, prod: 0.000108, t_ads: 1362.0, t_des: 3566.0, bed_util_ads: 0.083, bed_util_des: 0.075, frac_lost: 0.010, li_recovered:  0.530
L: 0.50, u_super: 0.00318, sec: 135905.203, prod: 0.000180, t_ads: 29.0, t_des: 94.0, bed_util_ads: 0.164, bed_util_des: 0.164, frac_lost: 0.011, li_recovered:  0.022
L: 0.50, u_super: 0.00298, sec: 115063.359, prod: 0.000186, t_ads: 31.0, t_des: 133.0, bed_util_ads: 0.147, bed_util_des: 0.147, frac_lost: 0.011, li_recovered:  0.030
L: 0.50, u_super: 0.00213, sec: 59011.625, prod: 0.000183, t_ads: 42.0, t_des: 158.0, bed_util_ads: 0.148, bed_util_des: 0.147, frac_lost: 0.010, li_recovered:  0.037
L: 0.51, u_super: 0.00561, sec: 389401.906, prod: 0.000202, t_ads: 18.0, t_des: 76.0, bed_util_ads: 0.165, bed_util_des: 0.165, frac_lost: 0.011, li_recovered:  0.019
L: 0.51, u_super: 0.00013, sec: 296.030, prod: 0.000132, t_ads: 528.0, t_des: 1006.0, bed_util_ads: 0.117, bed_util_des: 0.114, frac_lost: 0.010, li_recovered:  0.202
L: 0.51, u_super: 0.00968, sec: 1216572.625, prod: 0.000203, t_ads: 12.0, t_des: 34.0, bed_util_ads: 0.222, bed_util_des: 0.222, frac_lost: 0.014, li_recovered:  0.009
L: 0.50, u_super: 0.00435, sec: inf, prod: 0.000000, t_ads: 22.0, t_des: 0.0, bed_util_ads: 0.240, bed_util_des: 0.240, frac_lost: 0.011, li_recovered:  0.000
L: 0.51, u_super: 0.00006, sec: 74.449, prod: 0.000114, t_ads: 1160.0, t_des: 4168.0, bed_util_ads: 0.082, bed_util_des: 0.073, frac_lost: 0.010, li_recovered:  0.608
L: 0.53, u_super: 0.00911, sec: 990951.625, prod: 0.000219, t_ads: 13.0, t_des: 71.0, bed_util_ads: 0.169, bed_util_des: 0.169, frac_lost: 0.014, li_recovered:  0.018
L: 0.61, u_super: 0.00672, sec: 585436.875, prod: 0.000196, t_ads: 18.0, t_des: 63.0, bed_util_ads: 0.177, bed_util_des: 0.177, frac_lost: 0.012, li_recovered:  0.016
L: 0.51, u_super: 0.00734, sec: 666362.375, prod: 0.000207, t_ads: 15.0, t_des: 50.0, bed_util_ads: 0.194, bed_util_des: 0.194, frac_lost: 0.014, li_recovered:  0.013
L: 0.51, u_super: 0.00670, sec: 532665.062, prod: 0.000214, t_ads: 16.0, t_des: 64.0, bed_util_ads: 0.178, bed_util_des: 0.177, frac_lost: 0.013, li_recovered:  0.017
L: 0.53, u_super: 0.00470, sec: 359708.875, prod: 0.000152, t_ads: 21.0, t_des: 54.0, bed_util_ads: 0.185, bed_util_des: 0.185, frac_lost: 0.010, li_recovered:  0.011
L: 0.51, u_super: 0.00005, sec: 64.561, prod: 0.000102, t_ads: 1124.0, t_des: 1902.0, bed_util_ads: 0.093, bed_util_des: 0.088, frac_lost: 0.010, li_recovered:  0.309
L: 0.51, u_super: 0.00149, sec: 29442.100, prod: 0.000177, t_ads: 59.0, t_des: 240.0, bed_util_ads: 0.137, bed_util_des: 0.136, frac_lost: 0.010, li_recovered:  0.053
L: 0.50, u_super: 0.00344, sec: 293267.312, prod: 0.000098, t_ads: 27.0, t_des: 51.0, bed_util_ads: 0.202, bed_util_des: 0.202, frac_lost: 0.011, li_recovered:  0.008
L: 0.63, u_super: 0.00770, sec: 811407.000, prod: 0.000188, t_ads: 16.0, t_des: 56.0, bed_util_ads: 0.176, bed_util_des: 0.176, frac_lost: 0.010, li_recovered:  0.014
L: 0.54, u_super: 0.00839, sec: 849065.375, prod: 0.000215, t_ads: 14.0, t_des: 47.0, bed_util_ads: 0.198, bed_util_des: 0.198, frac_lost: 0.014, li_recovered:  0.013
L: 0.50, u_super: 0.00311, sec: 172920.297, prod: 0.000135, t_ads: 30.0, t_des: 312.0, bed_util_ads: 0.105, bed_util_des: 0.105, frac_lost: 0.011, li_recovered:  0.046
L: 0.50, u_super: 0.00549, sec: 386207.094, prod: 0.000195, t_ads: 18.0, t_des: 61.0, bed_util_ads: 0.178, bed_util_des: 0.177, frac_lost: 0.011, li_recovered:  0.015
L: 0.55, u_super: 0.00839, sec: 867068.125, prod: 0.000211, t_ads: 14.0, t_des: 60.0, bed_util_ads: 0.176, bed_util_des: 0.176, frac_lost: 0.012, li_recovered:  0.016
    39 |     1560 |     40 |  0.0034787664 |         ideal
L: 0.55, u_super: 0.00041, sec: 2587.219, prod: 0.000153, t_ads: 215.0, t_des: 1136.0, bed_util_ads: 0.107, bed_util_des: 0.104, frac_lost: 0.010, li_recovered:  0.207
L: 0.51, u_super: 0.00950, sec: 1127565.125, prod: 0.000211, t_ads: 12.0, t_des: 81.0, bed_util_ads: 0.157, bed_util_des: 0.157, frac_lost: 0.013, li_recovered:  0.020
L: 0.51, u_super: 0.00303, sec: 119064.508, prod: 0.000186, t_ads: 31.0, t_des: 101.0, bed_util_ads: 0.165, bed_util_des: 0.165, frac_lost: 0.011, li_recovered:  0.025
L: 0.54, u_super: 0.00020, sec: 1022.476, prod: 0.000093, t_ads: 433.0, t_des: 4902.0, bed_util_ads: 0.072, bed_util_des: 0.065, frac_lost: 0.010, li_recovered:  0.496
L: 0.50, u_super: 0.00593, sec: 435269.000, prod: 0.000203, t_ads: 17.0, t_des: 74.0, bed_util_ads: 0.165, bed_util_des: 0.165, frac_lost: 0.011, li_recovered:  0.018
L: 0.50, u_super: 0.00569, sec: 384890.969, prod: 0.000210, t_ads: 18.0, t_des: 69.0, bed_util_ads: 0.175, bed_util_des: 0.175, frac_lost: 0.013, li_recovered:  0.018
L: 0.51, u_super: 0.00769, sec: 721005.312, prod: 0.000211, t_ads: 14.0, t_des: 63.0, bed_util_ads: 0.172, bed_util_des: 0.171, frac_lost: 0.012, li_recovered:  0.016
L: 0.50, u_super: 0.00393, sec: 213126.109, prod: 0.000177, t_ads: 24.0, t_des: 69.0, bed_util_ads: 0.178, bed_util_des: 0.177, frac_lost: 0.011, li_recovered:  0.016
L: 0.53, u_super: 0.00733, sec: 648650.375, prod: 0.000212, t_ads: 15.0, t_des: 65.0, bed_util_ads: 0.172, bed_util_des: 0.171, frac_lost: 0.012, li_recovered:  0.017
L: 0.58, u_super: 0.00882, sec: 1145358.375, prod: 0.000177, t_ads: 14.0, t_des: 41.0, bed_util_ads: 0.202, bed_util_des: 0.202, frac_lost: 0.012, li_recovered:  0.010
L: 0.51, u_super: 0.00164, sec: 55898.750, prod: 0.000115, t_ads: 53.0, t_des: 97.0, bed_util_ads: 0.184, bed_util_des: 0.183, frac_lost: 0.011, li_recovered:  0.017
L: 0.51, u_super: 0.00936, sec: 1043567.875, prod: 0.000220, t_ads: 12.0, t_des: 43.0, bed_util_ads: 0.198, bed_util_des: 0.198, frac_lost: 0.012, li_recovered:  0.012
L: 0.50, u_super: 0.00039, sec: 2069.943, prod: 0.000167, t_ads: 206.0, t_des: 738.0, bed_util_ads: 0.123, bed_util_des: 0.120, frac_lost: 0.010, li_recovered:  0.158
L: 0.53, u_super: 0.00031, sec: 2134.392, prod: 0.000104, t_ads: 246.0, t_des: 341.0, bed_util_ads: 0.151, bed_util_des: 0.150, frac_lost: 0.010, li_recovered:  0.061
L: 0.51, u_super: 0.00909, sec: 993949.375, prod: 0.000218, t_ads: 12.0, t_des: 49.0, bed_util_ads: 0.185, bed_util_des: 0.185, frac_lost: 0.011, li_recovered:  0.013
L: 0.51, u_super: 0.00961, sec: 1123913.000, prod: 0.000216, t_ads: 12.0, t_des: 38.0, bed_util_ads: 0.212, bed_util_des: 0.212, frac_lost: 0.014, li_recovered:  0.011
L: 0.53, u_super: 0.00302, sec: 118773.883, prod: 0.000186, t_ads: 32.0, t_des: 118.0, bed_util_ads: 0.156, bed_util_des: 0.155, frac_lost: 0.011, li_recovered:  0.028
L: 0.51, u_super: 0.00328, sec: 160788.188, prod: 0.000163, t_ads: 29.0, t_des: 73.0, bed_util_ads: 0.183, bed_util_des: 0.183, frac_lost: 0.011, li_recovered:  0.017
L: 0.50, u_super: 0.00471, sec: 283869.094, prod: 0.000193, t_ads: 21.0, t_des: 118.0, bed_util_ads: 0.145, bed_util_des: 0.145, frac_lost: 0.012, li_recovered:  0.027
L: 0.54, u_super: 0.00898, sec: 1000328.938, prod: 0.000210, t_ads: 13.0, t_des: 51.0, bed_util_ads: 0.186, bed_util_des: 0.186, frac_lost: 0.013, li_recovered:  0.013
L: 0.51, u_super: 0.00030, sec: 1274.904, prod: 0.000162, t_ads: 266.0, t_des: 963.0, bed_util_ads: 0.117, bed_util_des: 0.114, frac_lost: 0.010, li_recovered:  0.199
L: 0.53, u_super: 0.00598, sec: 428640.438, prod: 0.000210, t_ads: 18.0, t_des: 75.0, bed_util_ads: 0.169, bed_util_des: 0.169, frac_lost: 0.013, li_recovered:  0.020
L: 0.54, u_super: 0.00735, sec: 728660.188, prod: 0.000189, t_ads: 15.0, t_des: 46.0, bed_util_ads: 0.194, bed_util_des: 0.194, frac_lost: 0.012, li_recovered:  0.012
L: 0.54, u_super: 0.00531, sec: 355795.000, prod: 0.000198, t_ads: 20.0, t_des: 88.0, bed_util_ads: 0.159, bed_util_des: 0.158, frac_lost: 0.011, li_recovered:  0.021
L: 0.51, u_super: 0.00683, sec: 594937.000, prod: 0.000199, t_ads: 15.0, t_des: 56.0, bed_util_ads: 0.177, bed_util_des: 0.177, frac_lost: 0.011, li_recovered:  0.014
L: 0.51, u_super: 0.00599, sec: 514837.531, prod: 0.000175, t_ads: 17.0, t_des: 125.0, bed_util_ads: 0.133, bed_util_des: 0.133, frac_lost: 0.011, li_recovered:  0.025
L: 0.51, u_super: 0.00156, sec: 32896.109, prod: 0.000174, t_ads: 57.0, t_des: 162.0, bed_util_ads: 0.158, bed_util_des: 0.158, frac_lost: 0.011, li_recovered:  0.038
L: 0.55, u_super: 0.00892, sec: 1097619.250, prod: 0.000189, t_ads: 13.0, t_des: 90.0, bed_util_ads: 0.146, bed_util_des: 0.146, frac_lost: 0.011, li_recovered:  0.019
L: 0.51, u_super: 0.00013, sec: 288.375, prod: 0.000135, t_ads: 533.0, t_des: 1095.0, bed_util_ads: 0.115, bed_util_des: 0.112, frac_lost: 0.010, li_recovered:  0.220
L: 0.53, u_super: 0.00462, sec: 268919.844, prod: 0.000196, t_ads: 22.0, t_des: 83.0, bed_util_ads: 0.165, bed_util_des: 0.165, frac_lost: 0.011, li_recovered:  0.021
L: 0.51, u_super: 0.00470, sec: 281987.688, prod: 0.000194, t_ads: 21.0, t_des: 80.0, bed_util_ads: 0.165, bed_util_des: 0.165, frac_lost: 0.011, li_recovered:  0.020
L: 0.54, u_super: 0.00302, sec: 275188.562, prod: 0.000080, t_ads: 33.0, t_des: 719.0, bed_util_ads: 0.076, bed_util_des: 0.075, frac_lost: 0.011, li_recovered:  0.060
L: 0.51, u_super: 0.00021, sec: 825.272, prod: 0.000129, t_ads: 376.0, t_des: 2463.0, bed_util_ads: 0.090, bed_util_des: 0.085, frac_lost: 0.010, li_recovered:  0.366
L: 0.51, u_super: 0.00047, sec: 3041.127, prod: 0.000169, t_ads: 171.0, t_des: 506.0, bed_util_ads: 0.134, bed_util_des: 0.132, frac_lost: 0.010, li_recovered:  0.115
L: 0.54, u_super: 0.00052, sec: inf, prod: 0.000000, t_ads: 152.0, t_des: 0.0, bed_util_ads: 0.189, bed_util_des: 0.189, frac_lost: 0.010, li_recovered:  0.000
L: 0.51, u_super: 0.00890, sec: 1494743.000, prod: 0.000138, t_ads: 12.0, t_des: 158.0, bed_util_ads: 0.115, bed_util_des: 0.114, frac_lost: 0.010, li_recovered:  0.024
L: 0.51, u_super: 0.00753, sec: 753724.062, prod: 0.000193, t_ads: 14.0, t_des: 90.0, bed_util_ads: 0.147, bed_util_des: 0.147, frac_lost: 0.011, li_recovered:  0.020
L: 0.60, u_super: 0.00045, sec: 3136.912, prod: 0.000153, t_ads: 213.0, t_des: 1116.0, bed_util_ads: 0.107, bed_util_des: 0.104, frac_lost: 0.010, li_recovered:  0.203
L: 0.55, u_super: 0.00927, sec: 3560986.500, prod: 0.000063, t_ads: 13.0, t_des: 514.0, bed_util_ads: 0.073, bed_util_des: 0.073, frac_lost: 0.012, li_recovered:  0.033
L: 0.53, u_super: 0.00049, sec: inf, prod: 0.000000, t_ads: 155.0, t_des: 0.0, bed_util_ads: 0.185, bed_util_des: 0.185, frac_lost: 0.010, li_recovered:  0.000
    40 |     1600 |     39 |  0.0007565986 |             f
L: 0.51, u_super: 0.00366, sec: 174413.031, prod: 0.000188, t_ads: 26.0, t_des: 99.0, bed_util_ads: 0.158, bed_util_des: 0.158, frac_lost: 0.011, li_recovered:  0.023
L: 0.51, u_super: 0.00967, sec: 1088837.625, prod: 0.000226, t_ads: 12.0, t_des: 56.0, bed_util_ads: 0.183, bed_util_des: 0.183, frac_lost: 0.014, li_recovered:  0.015
L: 0.85, u_super: 0.00397, sec: 218624.266, prod: 0.000176, t_ads: 38.0, t_des: 119.0, bed_util_ads: 0.159, bed_util_des: 0.158, frac_lost: 0.010, li_recovered:  0.028
L: 0.58, u_super: 0.00130, sec: 57216.496, prod: 0.000070, t_ads: 74.0, t_des: 102.0, bed_util_ads: 0.187, bed_util_des: 0.187, frac_lost: 0.010, li_recovered:  0.012
L: 0.51, u_super: 0.00930, sec: 1040289.500, prod: 0.000218, t_ads: 12.0, t_des: 54.0, bed_util_ads: 0.181, bed_util_des: 0.181, frac_lost: 0.013, li_recovered:  0.014
L: 0.50, u_super: 0.00590, sec: 1237590.875, prod: 0.000071, t_ads: 17.0, t_des: 505.0, bed_util_ads: 0.075, bed_util_des: 0.074, frac_lost: 0.011, li_recovered:  0.037
L: 0.51, u_super: 0.00734, sec: 644909.438, prod: 0.000214, t_ads: 15.0, t_des: 75.0, bed_util_ads: 0.167, bed_util_des: 0.166, frac_lost: 0.014, li_recovered:  0.019
L: 0.50, u_super: 0.00855, sec: 960328.375, prod: 0.000198, t_ads: 13.0, t_des: 101.0, bed_util_ads: 0.147, bed_util_des: 0.147, frac_lost: 0.014, li_recovered:  0.023
L: 0.74, u_super: 0.00017, sec: 490.348, prod: 0.000137, t_ads: 597.0, t_des: 1414.0, bed_util_ads: 0.108, bed_util_des: 0.104, frac_lost: 0.010, li_recovered:  0.276
L: 0.63, u_super: 0.00887, sec: 960920.562, prod: 0.000213, t_ads: 15.0, t_des: 74.0, bed_util_ads: 0.165, bed_util_des: 0.165, frac_lost: 0.013, li_recovered:  0.019
L: 0.50, u_super: 0.00622, sec: 493441.781, prod: 0.000197, t_ads: 16.0, t_des: 59.0, bed_util_ads: 0.175, bed_util_des: 0.175, frac_lost: 0.011, li_recovered:  0.015
L: 0.51, u_super: 0.00007, sec: 97.989, prod: 0.000117, t_ads: 1027.0, t_des: 4045.0, bed_util_ads: 0.083, bed_util_des: 0.075, frac_lost: 0.010, li_recovered:  0.595
L: 0.53, u_super: 0.00333, sec: 144087.656, prod: 0.000187, t_ads: 29.0, t_des: 114.0, bed_util_ads: 0.153, bed_util_des: 0.152, frac_lost: 0.010, li_recovered:  0.027
L: 0.50, u_super: 0.00670, sec: 571216.125, prod: 0.000199, t_ads: 15.0, t_des: 55.0, bed_util_ads: 0.177, bed_util_des: 0.177, frac_lost: 0.010, li_recovered:  0.014
L: 0.50, u_super: 0.00029, sec: inf, prod: 0.000000, t_ads: 228.0, t_des: 0.0, bed_util_ads: 0.180, bed_util_des: 0.180, frac_lost: 0.010, li_recovered:  0.000
L: 0.54, u_super: 0.00839, sec: 805019.438, prod: 0.000227, t_ads: 14.0, t_des: 65.0, bed_util_ads: 0.176, bed_util_des: 0.176, frac_lost: 0.014, li_recovered:  0.018
L: 0.53, u_super: 0.00140, sec: 26081.000, prod: 0.000178, t_ads: 64.0, t_des: 242.0, bed_util_ads: 0.140, bed_util_des: 0.139, frac_lost: 0.010, li_recovered:  0.055
L: 0.51, u_super: 0.00968, sec: 1042829.125, prod: 0.000237, t_ads: 12.0, t_des: 57.0, bed_util_ads: 0.183, bed_util_des: 0.183, frac_lost: 0.014, li_recovered:  0.016
L: 0.50, u_super: 0.00395, sec: 198350.703, prod: 0.000193, t_ads: 24.0, t_des: 94.0, bed_util_ads: 0.159, bed_util_des: 0.158, frac_lost: 0.011, li_recovered:  0.023
L: 0.51, u_super: 0.00344, sec: 149239.969, prod: 0.000193, t_ads: 28.0, t_des: 104.0, bed_util_ads: 0.161, bed_util_des: 0.160, frac_lost: 0.012, li_recovered:  0.025
L: 0.53, u_super: 0.00926, sec: 1085113.250, prod: 0.000207, t_ads: 12.0, t_des: 47.0, bed_util_ads: 0.185, bed_util_des: 0.185, frac_lost: 0.011, li_recovered:  0.012
L: 0.52, u_super: 0.00673, sec: 1142341.375, prod: 0.000101, t_ads: 16.0, t_des: 32.0, bed_util_ads: 0.226, bed_util_des: 0.226, frac_lost: 0.012, li_recovered:  0.005
L: 0.84, u_super: 0.00532, sec: 401714.219, prod: 0.000175, t_ads: 29.0, t_des: 83.0, bed_util_ads: 0.172, bed_util_des: 0.172, frac_lost: 0.011, li_recovered:  0.020
L: 0.50, u_super: 0.00042, sec: 23815.869, prod: 0.000017, t_ads: 176.0, t_des: 151.0, bed_util_ads: 0.174, bed_util_des: 0.174, frac_lost: 0.010, li_recovered:  0.006
L: 0.56, u_super: 0.00005, sec: 60.583, prod: 0.000108, t_ads: 1345.0, t_des: 3598.0, bed_util_ads: 0.083, bed_util_des: 0.075, frac_lost: 0.010, li_recovered:  0.536
L: 0.54, u_super: 0.00210, sec: 69850.055, prod: 0.000151, t_ads: 45.0, t_des: 103.0, bed_util_ads: 0.176, bed_util_des: 0.176, frac_lost: 0.011, li_recovered:  0.022
L: 0.51, u_super: 0.00011, sec: 233.677, prod: 0.000124, t_ads: 593.0, t_des: 1019.0, bed_util_ads: 0.115, bed_util_des: 0.112, frac_lost: 0.010, li_recovered:  0.200
L: 0.53, u_super: 0.00433, sec: 275275.000, prod: 0.000168, t_ads: 23.0, t_des: 63.0, bed_util_ads: 0.182, bed_util_des: 0.182, frac_lost: 0.011, li_recovered:  0.014
L: 0.50, u_super: 0.00006, sec: 67.884, prod: 0.000108, t_ads: 1265.0, t_des: 5234.0, bed_util_ads: 0.077, bed_util_des: 0.068, frac_lost: 0.010, li_recovered:  0.701
L: 0.54, u_super: 0.00005, sec: 60.122, prod: 0.000109, t_ads: 1335.0, t_des: 3944.0, bed_util_ads: 0.081, bed_util_des: 0.073, frac_lost: 0.010, li_recovered:  0.577
L: 0.51, u_super: 0.00392, sec: 191519.750, prod: 0.000196, t_ads: 25.0, t_des: 91.0, bed_util_ads: 0.165, bed_util_des: 0.165, frac_lost: 0.012, li_recovered:  0.023
L: 0.51, u_super: 0.00717, sec: 627861.625, prod: 0.000209, t_ads: 15.0, t_des: 66.0, bed_util_ads: 0.172, bed_util_des: 0.172, frac_lost: 0.012, li_recovered:  0.017
L: 0.51, u_super: 0.00770, sec: 1053111.875, prod: 0.000145, t_ads: 14.0, t_des: 172.0, bed_util_ads: 0.116, bed_util_des: 0.116, frac_lost: 0.012, li_recovered:  0.027
L: 0.52, u_super: 0.00319, sec: 129998.555, prod: 0.000190, t_ads: 30.0, t_des: 124.0, bed_util_ads: 0.151, bed_util_des: 0.150, frac_lost: 0.011, li_recovered:  0.029
L: 0.51, u_super: 0.00928, sec: 1048441.188, prod: 0.000215, t_ads: 12.0, t_des: 53.0, bed_util_ads: 0.182, bed_util_des: 0.182, frac_lost: 0.012, li_recovered:  0.014
L: 0.50, u_super: 0.00532, sec: 381704.156, prod: 0.000185, t_ads: 19.0, t_des: 54.0, bed_util_ads: 0.192, bed_util_des: 0.192, frac_lost: 0.012, li_recovered:  0.013
L: 0.54, u_super: 0.00881, sec: 1066039.750, prod: 0.000190, t_ads: 13.0, t_des: 39.0, bed_util_ads: 0.203, bed_util_des: 0.202, frac_lost: 0.011, li_recovered:  0.010
L: 0.51, u_super: 0.00936, sec: 1060661.000, prod: 0.000217, t_ads: 12.0, t_des: 42.0, bed_util_ads: 0.200, bed_util_des: 0.200, frac_lost: 0.013, li_recovered:  0.012
L: 0.51, u_super: 0.00929, sec: 2168429.250, prod: 0.000104, t_ads: 12.0, t_des: 255.0, bed_util_ads: 0.097, bed_util_des: 0.096, frac_lost: 0.012, li_recovered:  0.028
L: 0.51, u_super: 0.00033, sec: inf, prod: 0.000000, t_ads: 197.0, t_des: 0.0, bed_util_ads: 0.200, bed_util_des: 0.200, frac_lost: 0.010, li_recovered:  0.000
    41 |     1640 |     40 |  0.0028305827 |             f
L: 0.51, u_super: 0.00479, sec: 540207.500, prod: 0.000105, t_ads: 21.0, t_des: 364.0, bed_util_ads: 0.092, bed_util_des: 0.091, frac_lost: 0.012, li_recovered:  0.040
L: 0.50, u_super: 0.00785, sec: 710501.750, prod: 0.000223, t_ads: 14.0, t_des: 65.0, bed_util_ads: 0.176, bed_util_des: 0.176, frac_lost: 0.014, li_recovered:  0.018
L: 0.51, u_super: 0.00021, sec: 3547.962, prod: 0.000030, t_ads: 402.0, t_des: 19377.0, bed_util_ads: 0.039, bed_util_des: 0.031, frac_lost: 0.010, li_recovered:  0.594
L: 0.51, u_super: 0.00859, sec: 869392.500, prod: 0.000221, t_ads: 13.0, t_des: 62.0, bed_util_ads: 0.176, bed_util_des: 0.176, frac_lost: 0.013, li_recovered:  0.017
L: 0.51, u_super: 0.00968, sec: 1062733.000, prod: 0.000232, t_ads: 12.0, t_des: 57.0, bed_util_ads: 0.183, bed_util_des: 0.183, frac_lost: 0.014, li_recovered:  0.016
L: 0.54, u_super: 0.00397, sec: 208248.672, prod: 0.000185, t_ads: 25.0, t_des: 110.0, bed_util_ads: 0.149, bed_util_des: 0.149, frac_lost: 0.010, li_recovered:  0.025
L: 0.51, u_super: 0.00011, sec: 233.229, prod: 0.000124, t_ads: 592.0, t_des: 1021.0, bed_util_ads: 0.115, bed_util_des: 0.112, frac_lost: 0.010, li_recovered:  0.200
L: 0.53, u_super: 0.00028, sec: 2030.231, prod: 0.000088, t_ads: 268.0, t_des: 330.0, bed_util_ads: 0.151, bed_util_des: 0.151, frac_lost: 0.010, li_recovered:  0.052
L: 0.50, u_super: 0.00507, sec: 366544.219, prod: 0.000174, t_ads: 19.0, t_des: 55.0, bed_util_ads: 0.183, bed_util_des: 0.183, frac_lost: 0.010, li_recovered:  0.013
L: 0.55, u_super: 0.00961, sec: 1198408.625, prod: 0.000203, t_ads: 13.0, t_des: 101.0, bed_util_ads: 0.149, bed_util_des: 0.148, frac_lost: 0.014, li_recovered:  0.023
L: 0.51, u_super: 0.00738, sec: 684485.438, prod: 0.000203, t_ads: 14.0, t_des: 58.0, bed_util_ads: 0.172, bed_util_des: 0.172, frac_lost: 0.010, li_recovered:  0.015
L: 0.50, u_super: 0.00199, sec: 53884.480, prod: 0.000176, t_ads: 44.0, t_des: 132.0, bed_util_ads: 0.159, bed_util_des: 0.158, frac_lost: 0.010, li_recovered:  0.031
L: 0.51, u_super: 0.00980, sec: 1087854.500, prod: 0.000233, t_ads: 12.0, t_des: 58.0, bed_util_ads: 0.183, bed_util_des: 0.183, frac_lost: 0.015, li_recovered:  0.016
L: 0.51, u_super: 0.00948, sec: 1049757.500, prod: 0.000225, t_ads: 12.0, t_des: 55.0, bed_util_ads: 0.182, bed_util_des: 0.182, frac_lost: 0.013, li_recovered:  0.015
L: 0.51, u_super: 0.00670, sec: 530419.812, prod: 0.000215, t_ads: 16.0, t_des: 67.0, bed_util_ads: 0.175, bed_util_des: 0.174, frac_lost: 0.013, li_recovered:  0.018
L: 0.50, u_super: 0.00833, sec: 2760713.000, prod: 0.000065, t_ads: 13.0, t_des: 488.0, bed_util_ads: 0.074, bed_util_des: 0.074, frac_lost: 0.012, li_recovered:  0.033
L: 0.53, u_super: 0.00015, sec: 366.365, prod: 0.000146, t_ads: 503.0, t_des: 1459.0, bed_util_ads: 0.108, bed_util_des: 0.104, frac_lost: 0.010, li_recovered:  0.287
L: 0.51, u_super: 0.00174, sec: 51454.633, prod: 0.000140, t_ads: 52.0, t_des: 447.0, bed_util_ads: 0.105, bed_util_des: 0.104, frac_lost: 0.010, li_recovered:  0.070
L: 0.51, u_super: 0.00029, sec: inf, prod: 0.000000, t_ads: 183.0, t_des: 0.0, bed_util_ads: 0.228, bed_util_des: 0.228, frac_lost: 0.010, li_recovered:  0.000
L: 0.51, u_super: 0.00007, sec: 98.240, prod: 0.000117, t_ads: 1031.0, t_des: 4085.0, bed_util_ads: 0.083, bed_util_des: 0.075, frac_lost: 0.010, li_recovered:  0.598
L: 0.54, u_super: 0.00592, sec: 450829.375, prod: 0.000195, t_ads: 18.0, t_des: 64.0, bed_util_ads: 0.175, bed_util_des: 0.175, frac_lost: 0.011, li_recovered:  0.016
L: 0.51, u_super: 0.00879, sec: 878199.688, prod: 0.000229, t_ads: 13.0, t_des: 51.0, bed_util_ads: 0.192, bed_util_des: 0.192, frac_lost: 0.014, li_recovered:  0.015
L: 0.54, u_super: 0.00085, sec: 9503.924, prod: 0.000176, t_ads: 105.0, t_des: 358.0, bed_util_ads: 0.137, bed_util_des: 0.136, frac_lost: 0.010, li_recovered:  0.082
L: 0.50, u_super: 0.00670, sec: 1234119.125, prod: 0.000092, t_ads: 16.0, t_des: 380.0, bed_util_ads: 0.088, bed_util_des: 0.087, frac_lost: 0.013, li_recovered:  0.037
L: 0.54, u_super: 0.00005, sec: 59.964, prod: 0.000110, t_ads: 1318.0, t_des: 3641.0, bed_util_ads: 0.083, bed_util_des: 0.075, frac_lost: 0.010, li_recovered:  0.543
L: 0.51, u_super: 0.00292, sec: 151534.500, prod: 0.000135, t_ads: 32.0, t_des: 319.0, bed_util_ads: 0.105, bed_util_des: 0.104, frac_lost: 0.010, li_recovered:  0.047
L: 0.51, u_super: 0.00255, sec: 89140.727, prod: 0.000175, t_ads: 36.0, t_des: 106.0, bed_util_ads: 0.165, bed_util_des: 0.165, frac_lost: 0.011, li_recovered:  0.025
L: 0.50, u_super: 0.00178, sec: 65581.047, prod: 0.000115, t_ads: 48.0, t_des: 89.0, bed_util_ads: 0.183, bed_util_des: 0.182, frac_lost: 0.010, li_recovered:  0.016
L: 0.50, u_super: 0.00636, sec: 507608.875, prod: 0.000201, t_ads: 16.0, t_des: 59.0, bed_util_ads: 0.178, bed_util_des: 0.177, frac_lost: 0.011, li_recovered:  0.015
L: 0.54, u_super: 0.00400, sec: 203434.438, prod: 0.000192, t_ads: 26.0, t_des: 127.0, bed_util_ads: 0.147, bed_util_des: 0.147, frac_lost: 0.012, li_recovered:  0.029
L: 0.59, u_super: 0.00227, sec: 66723.742, prod: 0.000184, t_ads: 46.0, t_des: 177.0, bed_util_ads: 0.146, bed_util_des: 0.146, frac_lost: 0.011, li_recovered:  0.041
L: 0.53, u_super: 0.00160, sec: 91551.430, prod: 0.000066, t_ads: 56.0, t_des: 80.0, bed_util_ads: 0.192, bed_util_des: 0.192, frac_lost: 0.010, li_recovered:  0.009
L: 0.54, u_super: 0.00770, sec: 809533.250, prod: 0.000188, t_ads: 14.0, t_des: 44.0, bed_util_ads: 0.190, bed_util_des: 0.190, frac_lost: 0.010, li_recovered:  0.011
L: 0.50, u_super: 0.00569, sec: 396901.250, prod: 0.000204, t_ads: 18.0, t_des: 66.0, bed_util_ads: 0.177, bed_util_des: 0.177, frac_lost: 0.013, li_recovered:  0.017
L: 0.54, u_super: 0.00028, sec: inf, prod: 0.000000, t_ads: 245.0, t_des: 0.0, bed_util_ads: 0.177, bed_util_des: 0.177, frac_lost: 0.010, li_recovered:  0.000
L: 0.50, u_super: 0.00481, sec: 372035.062, prod: 0.000154, t_ads: 20.0, t_des: 174.0, bed_util_ads: 0.119, bed_util_des: 0.118, frac_lost: 0.010, li_recovered:  0.030
L: 0.50, u_super: 0.00480, sec: 807630.625, prod: 0.000070, t_ads: 20.0, t_des: 548.0, bed_util_ads: 0.073, bed_util_des: 0.073, frac_lost: 0.010, li_recovered:  0.040
L: 0.51, u_super: 0.00741, sec: 703095.938, prod: 0.000200, t_ads: 14.0, t_des: 58.0, bed_util_ads: 0.172, bed_util_des: 0.171, frac_lost: 0.010, li_recovered:  0.014
L: 0.79, u_super: 0.00169, sec: 38263.020, prod: 0.000176, t_ads: 79.0, t_des: 263.0, bed_util_ads: 0.142, bed_util_des: 0.141, frac_lost: 0.010, li_recovered:  0.060
L: 0.77, u_super: 0.00470, sec: 297294.344, prod: 0.000183, t_ads: 30.0, t_des: 96.0, bed_util_ads: 0.165, bed_util_des: 0.165, frac_lost: 0.011, li_recovered:  0.023
    42 |     1680 |     40 |  0.0007104377 |             f
L: 0.54, u_super: 0.00219, sec: 61436.797, prod: 0.000185, t_ads: 44.0, t_des: 166.0, bed_util_ads: 0.149, bed_util_des: 0.148, frac_lost: 0.011, li_recovered:  0.039
L: 0.51, u_super: 0.00569, sec: 466086.406, prod: 0.000174, t_ads: 18.0, t_des: 139.0, bed_util_ads: 0.131, bed_util_des: 0.131, frac_lost: 0.012, li_recovered:  0.027
L: 0.51, u_super: 0.00020, sec: 597.644, prod: 0.000149, t_ads: 397.0, t_des: 1646.0, bed_util_ads: 0.104, bed_util_des: 0.099, frac_lost: 0.010, li_recovered:  0.305
L: 0.52, u_super: 0.00015, sec: inf, prod: 0.000000, t_ads: 329.0, t_des: 0.0, bed_util_ads: 0.175, bed_util_des: 0.175, frac_lost: 0.010, li_recovered:  0.000
L: 0.51, u_super: 0.00346, sec: 163215.141, prod: 0.000178, t_ads: 27.0, t_des: 86.0, bed_util_ads: 0.165, bed_util_des: 0.165, frac_lost: 0.010, li_recovered:  0.020
L: 0.51, u_super: 0.00828, sec: 1339305.750, prod: 0.000132, t_ads: 13.0, t_des: 185.0, bed_util_ads: 0.110, bed_util_des: 0.110, frac_lost: 0.011, li_recovered:  0.026
L: 0.52, u_super: 0.00982, sec: 1112802.625, prod: 0.000229, t_ads: 12.0, t_des: 54.0, bed_util_ads: 0.185, bed_util_des: 0.185, frac_lost: 0.014, li_recovered:  0.015
L: 0.53, u_super: 0.00839, sec: 804702.625, prod: 0.000227, t_ads: 14.0, t_des: 60.0, bed_util_ads: 0.182, bed_util_des: 0.182, frac_lost: 0.014, li_recovered:  0.017
L: 0.70, u_super: 0.00561, sec: 404708.000, prod: 0.000194, t_ads: 24.0, t_des: 89.0, bed_util_ads: 0.165, bed_util_des: 0.165, frac_lost: 0.012, li_recovered:  0.022
L: 0.51, u_super: 0.00479, sec: 282904.688, prod: 0.000201, t_ads: 21.0, t_des: 83.0, bed_util_ads: 0.166, bed_util_des: 0.165, frac_lost: 0.012, li_recovered:  0.021
L: 0.53, u_super: 0.00476, sec: 309522.188, prod: 0.000181, t_ads: 21.0, t_des: 65.0, bed_util_ads: 0.176, bed_util_des: 0.175, frac_lost: 0.010, li_recovered:  0.016
L: 0.51, u_super: 0.00674, sec: 593181.000, prod: 0.000194, t_ads: 15.0, t_des: 54.0, bed_util_ads: 0.177, bed_util_des: 0.177, frac_lost: 0.010, li_recovered:  0.013
L: 0.50, u_super: 0.00034, sec: 1608.442, prod: 0.000166, t_ads: 231.0, t_des: 762.0, bed_util_ads: 0.123, bed_util_des: 0.121, frac_lost: 0.010, li_recovered:  0.165
L: 0.50, u_super: 0.00210, sec: 57950.410, prod: 0.000181, t_ads: 42.0, t_des: 158.0, bed_util_ads: 0.147, bed_util_des: 0.146, frac_lost: 0.010, li_recovered:  0.036
L: 0.55, u_super: 0.00961, sec: 1197959.625, prod: 0.000203, t_ads: 12.0, t_des: 53.0, bed_util_ads: 0.175, bed_util_des: 0.175, frac_lost: 0.010, li_recovered:  0.013
L: 0.51, u_super: 0.00005, sec: inf, prod: 0.000000, t_ads: 409.0, t_des: 0.0, bed_util_ads: 0.162, bed_util_des: 0.162, frac_lost: 0.010, li_recovered:  0.000
L: 0.50, u_super: 0.00200, sec: 54772.879, prod: 0.000173, t_ads: 45.0, t_des: 251.0, bed_util_ads: 0.128, bed_util_des: 0.127, frac_lost: 0.011, li_recovered:  0.051
L: 0.51, u_super: 0.00913, sec: 1049952.250, prod: 0.000208, t_ads: 12.0, t_des: 48.0, bed_util_ads: 0.185, bed_util_des: 0.185, frac_lost: 0.011, li_recovered:  0.012
L: 0.51, u_super: 0.00187, sec: 47221.641, prod: 0.000175, t_ads: 48.0, t_des: 141.0, bed_util_ads: 0.159, bed_util_des: 0.158, frac_lost: 0.010, li_recovered:  0.033
L: 0.58, u_super: 0.00770, sec: 793989.750, prod: 0.000192, t_ads: 15.0, t_des: 55.0, bed_util_ads: 0.176, bed_util_des: 0.176, frac_lost: 0.010, li_recovered:  0.013
L: 0.50, u_super: 0.00479, sec: 305395.062, prod: 0.000186, t_ads: 20.0, t_des: 64.0, bed_util_ads: 0.176, bed_util_des: 0.175, frac_lost: 0.011, li_recovered:  0.016
L: 0.51, u_super: 0.00967, sec: 1065280.250, prod: 0.000231, t_ads: 12.0, t_des: 55.0, bed_util_ads: 0.185, bed_util_des: 0.185, frac_lost: 0.014, li_recovered:  0.016
L: 0.51, u_super: 0.00540, sec: 3057128.250, prod: 0.000024, t_ads: 19.0, t_des: 1996.0, bed_util_ads: 0.042, bed_util_des: 0.042, frac_lost: 0.012, li_recovered:  0.048
L: 0.51, u_super: 0.00158, sec: 32927.453, prod: 0.000180, t_ads: 56.0, t_des: 211.0, bed_util_ads: 0.142, bed_util_des: 0.142, frac_lost: 0.010, li_recovered:  0.048
L: 0.50, u_super: 0.00008, sec: inf, prod: 0.000000, t_ads: 357.0, t_des: 0.0, bed_util_ads: 0.173, bed_util_des: 0.173, frac_lost: 0.010, li_recovered:  0.000
L: 0.52, u_super: 0.00918, sec: 1170850.875, prod: 0.000189, t_ads: 12.0, t_des: 37.0, bed_util_ads: 0.202, bed_util_des: 0.201, frac_lost: 0.010, li_recovered:  0.009
L: 0.51, u_super: 0.00879, sec: 904489.438, prod: 0.000222, t_ads: 13.0, t_des: 63.0, bed_util_ads: 0.176, bed_util_des: 0.176, frac_lost: 0.014, li_recovered:  0.017
L: 0.58, u_super: 0.00354, sec: 206455.641, prod: 0.000147, t_ads: 30.0, t_des: 71.0, bed_util_ads: 0.183, bed_util_des: 0.183, frac_lost: 0.011, li_recovered:  0.015
L: 0.51, u_super: 0.00156, sec: 34792.125, prod: 0.000164, t_ads: 57.0, t_des: 328.0, bed_util_ads: 0.121, bed_util_des: 0.120, frac_lost: 0.010, li_recovered:  0.063
L: 0.52, u_super: 0.00833, sec: 885952.562, prod: 0.000203, t_ads: 13.0, t_des: 65.0, bed_util_ads: 0.166, bed_util_des: 0.165, frac_lost: 0.011, li_recovered:  0.016
L: 0.77, u_super: 0.00005, sec: 70.189, prod: 0.000084, t_ads: 1678.0, t_des: 2765.0, bed_util_ads: 0.080, bed_util_des: 0.075, frac_lost: 0.010, li_recovered:  0.375
L: 0.65, u_super: 0.00298, sec: 114800.477, prod: 0.000186, t_ads: 39.0, t_des: 147.0, bed_util_ads: 0.151, bed_util_des: 0.150, frac_lost: 0.011, li_recovered:  0.035
L: 0.51, u_super: 0.00743, sec: 729554.250, prod: 0.000194, t_ads: 14.0, t_des: 54.0, bed_util_ads: 0.176, bed_util_des: 0.176, frac_lost: 0.010, li_recovered:  0.013
L: 0.50, u_super: 0.00569, sec: 552997.438, prod: 0.000146, t_ads: 17.0, t_des: 41.0, bed_util_ads: 0.199, bed_util_des: 0.199, frac_lost: 0.010, li_recovered:  0.008
L: 0.51, u_super: 0.00435, sec: 326983.156, prod: 0.000142, t_ads: 23.0, t_des: 245.0, bed_util_ads: 0.111, bed_util_des: 0.110, frac_lost: 0.012, li_recovered:  0.038
L: 0.50, u_super: 0.00065, sec: 6134.644, prod: 0.000163, t_ads: 124.0, t_des: 304.0, bed_util_ads: 0.148, bed_util_des: 0.147, frac_lost: 0.010, li_recovered:  0.070
L: 0.50, u_super: 0.00778, sec: 692663.375, prod: 0.000225, t_ads: 14.0, t_des: 64.0, bed_util_ads: 0.176, bed_util_des: 0.176, frac_lost: 0.014, li_recovered:  0.018
L: 0.54, u_super: 0.00418, sec: 227420.234, prod: 0.000188, t_ads: 25.0, t_des: 136.0, bed_util_ads: 0.142, bed_util_des: 0.141, frac_lost: 0.012, li_recovered:  0.030
L: 0.50, u_super: 0.00968, sec: 1040289.312, prod: 0.000237, t_ads: 12.0, t_des: 54.0, bed_util_ads: 0.188, bed_util_des: 0.188, frac_lost: 0.015, li_recovered:  0.016
L: 0.51, u_super: 0.00011, sec: 217.916, prod: 0.000133, t_ads: 610.0, t_des: 1279.0, bed_util_ads: 0.110, bed_util_des: 0.106, frac_lost: 0.010, li_recovered:  0.251
    43 |     1720 |     40 |  0.0039668367 |         ideal
L: 0.52, u_super: 0.00007, sec: inf, prod: 0.000000, t_ads: 253.0, t_des: 0.0, bed_util_ads: 0.207, bed_util_des: 0.207, frac_lost: 0.010, li_recovered:  0.000
L: 0.50, u_super: 0.00019, sec: 582.922, prod: 0.000151, t_ads: 372.0, t_des: 886.0, bed_util_ads: 0.122, bed_util_des: 0.120, frac_lost: 0.010, li_recovered:  0.190
L: 0.50, u_super: 0.00569, sec: 581501.188, prod: 0.000139, t_ads: 17.0, t_des: 42.0, bed_util_ads: 0.196, bed_util_des: 0.196, frac_lost: 0.010, li_recovered:  0.008
L: 0.51, u_super: 0.00912, sec: 998235.750, prod: 0.000218, t_ads: 12.0, t_des: 55.0, bed_util_ads: 0.178, bed_util_des: 0.178, frac_lost: 0.012, li_recovered:  0.015
L: 0.55, u_super: 0.00015, sec: 369.429, prod: 0.000145, t_ads: 520.0, t_des: 1461.0, bed_util_ads: 0.108, bed_util_des: 0.104, frac_lost: 0.010, li_recovered:  0.287
L: 0.50, u_super: 0.00403, sec: 205374.078, prod: 0.000194, t_ads: 24.0, t_des: 119.0, bed_util_ads: 0.148, bed_util_des: 0.148, frac_lost: 0.012, li_recovered:  0.028
L: 0.54, u_super: 0.00770, sec: 867881.688, prod: 0.000175, t_ads: 14.0, t_des: 41.0, bed_util_ads: 0.194, bed_util_des: 0.194, frac_lost: 0.010, li_recovered:  0.010
L: 0.50, u_super: 0.00378, sec: 182032.406, prod: 0.000191, t_ads: 25.0, t_des: 97.0, bed_util_ads: 0.159, bed_util_des: 0.159, frac_lost: 0.011, li_recovered:  0.023
L: 0.51, u_super: 0.00013, sec: 472.147, prod: 0.000082, t_ads: 490.0, t_des: 524.0, bed_util_ads: 0.129, bed_util_des: 0.128, frac_lost: 0.010, li_recovered:  0.084
L: 0.50, u_super: 0.00016, sec: 420.872, prod: 0.000145, t_ads: 436.0, t_des: 1000.0, bed_util_ads: 0.119, bed_util_des: 0.116, frac_lost: 0.010, li_recovered:  0.209
L: 0.51, u_super: 0.00734, sec: 2455715.250, prod: 0.000056, t_ads: 15.0, t_des: 671.0, bed_util_ads: 0.067, bed_util_des: 0.067, frac_lost: 0.013, li_recovered:  0.038
L: 0.50, u_super: 0.00490, sec: 311397.594, prod: 0.000191, t_ads: 20.0, t_des: 108.0, bed_util_ads: 0.147, bed_util_des: 0.146, frac_lost: 0.011, li_recovered:  0.024
L: 0.52, u_super: 0.00908, sec: 1087540.875, prod: 0.000198, t_ads: 12.0, t_des: 44.0, bed_util_ads: 0.188, bed_util_des: 0.188, frac_lost: 0.010, li_recovered:  0.011
L: 0.51, u_super: 0.00819, sec: 860661.938, prod: 0.000202, t_ads: 13.0, t_des: 49.0, bed_util_ads: 0.184, bed_util_des: 0.183, frac_lost: 0.011, li_recovered:  0.012
L: 0.56, u_super: 0.00990, sec: 1315635.500, prod: 0.000197, t_ads: 12.0, t_des: 80.0, bed_util_ads: 0.152, bed_util_des: 0.152, frac_lost: 0.011, li_recovered:  0.018
L: 0.67, u_super: 0.00949, sec: 5714176.500, prod: 0.000041, t_ads: 15.0, t_des: 937.0, bed_util_ads: 0.057, bed_util_des: 0.057, frac_lost: 0.013, li_recovered:  0.039
L: 0.79, u_super: 0.00029, sec: 1240.817, prod: 0.000154, t_ads: 408.0, t_des: 1304.0, bed_util_ads: 0.111, bed_util_des: 0.107, frac_lost: 0.010, li_recovered:  0.263
L: 0.50, u_super: 0.00361, sec: 180914.359, prod: 0.000175, t_ads: 26.0, t_des: 73.0, bed_util_ads: 0.178, bed_util_des: 0.177, frac_lost: 0.011, li_recovered:  0.017
L: 0.53, u_super: 0.00329, sec: 150455.641, prod: 0.000174, t_ads: 29.0, t_des: 89.0, bed_util_ads: 0.165, bed_util_des: 0.165, frac_lost: 0.010, li_recovered:  0.021
L: 0.51, u_super: 0.00961, sec: 1049318.000, prod: 0.000232, t_ads: 12.0, t_des: 56.0, bed_util_ads: 0.183, bed_util_des: 0.183, frac_lost: 0.014, li_recovered:  0.016
L: 0.51, u_super: 0.00171, sec: 41724.535, prod: 0.000166, t_ads: 52.0, t_des: 296.0, bed_util_ads: 0.123, bed_util_des: 0.122, frac_lost: 0.010, li_recovered:  0.058
L: 0.51, u_super: 0.00734, sec: 621554.812, prod: 0.000222, t_ads: 15.0, t_des: 70.0, bed_util_ads: 0.172, bed_util_des: 0.172, frac_lost: 0.014, li_recovered:  0.019
L: 0.53, u_super: 0.00739, sec: 679911.125, prod: 0.000205, t_ads: 15.0, t_des: 72.0, bed_util_ads: 0.165, bed_util_des: 0.165, frac_lost: 0.012, li_recovered:  0.018
L: 0.50, u_super: 0.00023, sec: 779.800, prod: 0.000159, t_ads: 331.0, t_des: 1093.0, bed_util_ads: 0.115, bed_util_des: 0.112, frac_lost: 0.010, li_recovered:  0.226
L: 0.50, u_super: 0.00572, sec: 460386.469, prod: 0.000178, t_ads: 17.0, t_des: 54.0, bed_util_ads: 0.180, bed_util_des: 0.179, frac_lost: 0.010, li_recovered:  0.013
L: 0.54, u_super: 0.00005, sec: inf, prod: 0.000000, t_ads: 456.0, t_des: 0.0, bed_util_ads: 0.153, bed_util_des: 0.153, frac_lost: 0.010, li_recovered:  0.000
L: 0.51, u_super: 0.00202, sec: 58489.305, prod: 0.000167, t_ads: 44.0, t_des: 116.0, bed_util_ads: 0.165, bed_util_des: 0.165, frac_lost: 0.010, li_recovered:  0.027
L: 0.50, u_super: 0.00969, sec: 1055675.875, prod: 0.000235, t_ads: 12.0, t_des: 57.0, bed_util_ads: 0.185, bed_util_des: 0.185, frac_lost: 0.015, li_recovered:  0.016
L: 0.53, u_super: 0.00364, sec: 174539.109, prod: 0.000185, t_ads: 27.0, t_des: 99.0, bed_util_ads: 0.158, bed_util_des: 0.158, frac_lost: 0.010, li_recovered:  0.023
L: 0.50, u_super: 0.00759, sec: 687638.312, prod: 0.000215, t_ads: 14.0, t_des: 55.0, bed_util_ads: 0.183, bed_util_des: 0.182, frac_lost: 0.012, li_recovered:  0.015
L: 0.63, u_super: 0.00069, sec: 6581.074, prod: 0.000171, t_ads: 147.0, t_des: 430.0, bed_util_ads: 0.137, bed_util_des: 0.136, frac_lost: 0.010, li_recovered:  0.098
L: 0.74, u_super: 0.00005, sec: 71.185, prod: 0.000092, t_ads: 1599.0, t_des: 3016.0, bed_util_ads: 0.081, bed_util_des: 0.075, frac_lost: 0.010, li_recovered:  0.426
L: 0.51, u_super: 0.00007, sec: inf, prod: 0.000000, t_ads: 521.0, t_des: 0.0, bed_util_ads: 0.142, bed_util_des: 0.142, frac_lost: 0.010, li_recovered:  0.000
L: 0.50, u_super: 0.00078, sec: 9019.305, prod: 0.000158, t_ads: 108.0, t_des: 622.0, bed_util_ads: 0.113, bed_util_des: 0.112, frac_lost: 0.010, li_recovered:  0.115
L: 0.51, u_super: 0.00470, sec: 388016.719, prod: 0.000141, t_ads: 21.0, t_des: 222.0, bed_util_ads: 0.111, bed_util_des: 0.110, frac_lost: 0.011, li_recovered:  0.034
L: 0.52, u_super: 0.00723, sec: 664937.375, prod: 0.000201, t_ads: 15.0, t_des: 90.0, bed_util_ads: 0.152, bed_util_des: 0.152, frac_lost: 0.012, li_recovered:  0.021
L: 0.50, u_super: 0.00968, sec: 1052567.875, prod: 0.000235, t_ads: 12.0, t_des: 53.0, bed_util_ads: 0.189, bed_util_des: 0.189, frac_lost: 0.015, li_recovered:  0.015
L: 0.50, u_super: 0.00202, sec: 69800.992, prod: 0.000140, t_ads: 44.0, t_des: 385.0, bed_util_ads: 0.106, bed_util_des: 0.105, frac_lost: 0.010, li_recovered:  0.060
L: 0.51, u_super: 0.00010, sec: 348.986, prod: 0.000061, t_ads: 615.0, t_des: 545.0, bed_util_ads: 0.121, bed_util_des: 0.120, frac_lost: 0.010, li_recovered:  0.070
L: 0.53, u_super: 0.00879, sec: 948915.938, prod: 0.000212, t_ads: 13.0, t_des: 74.0, bed_util_ads: 0.162, bed_util_des: 0.162, frac_lost: 0.012, li_recovered:  0.018
    44 |     1760 |     40 |  0.0001708906 |             f
L: 0.54, u_super: 0.00975, sec: 1175205.000, prod: 0.000213, t_ads: 12.0, t_des: 47.0, bed_util_ads: 0.188, bed_util_des: 0.188, frac_lost: 0.012, li_recovered:  0.013
L: 0.51, u_super: 0.00008, sec: 115.342, prod: 0.000116, t_ads: 967.0, t_des: 4313.0, bed_util_ads: 0.082, bed_util_des: 0.073, frac_lost: 0.010, li_recovered:  0.615
L: 0.53, u_super: 0.00011, sec: inf, prod: 0.000000, t_ads: 248.0, t_des: 0.0, bed_util_ads: 0.209, bed_util_des: 0.209, frac_lost: 0.010, li_recovered:  0.000
L: 0.51, u_super: 0.00026, sec: 1698.746, prod: 0.000094, t_ads: 321.0, t_des: 3872.0, bed_util_ads: 0.074, bed_util_des: 0.068, frac_lost: 0.010, li_recovered:  0.395
L: 0.51, u_super: 0.00486, sec: 310891.219, prod: 0.000188, t_ads: 20.0, t_des: 69.0, bed_util_ads: 0.170, bed_util_des: 0.169, frac_lost: 0.010, li_recovered:  0.017
L: 0.50, u_super: 0.00879, sec: 982857.500, prod: 0.000205, t_ads: 12.0, t_des: 50.0, bed_util_ads: 0.179, bed_util_des: 0.179, frac_lost: 0.010, li_recovered:  0.013
L: 0.53, u_super: 0.00470, sec: 274716.406, prod: 0.000199, t_ads: 22.0, t_des: 95.0, bed_util_ads: 0.159, bed_util_des: 0.159, frac_lost: 0.012, li_recovered:  0.023
L: 0.53, u_super: 0.00839, sec: 847156.125, prod: 0.000215, t_ads: 14.0, t_des: 79.0, bed_util_ads: 0.163, bed_util_des: 0.163, frac_lost: 0.014, li_recovered:  0.020
L: 0.58, u_super: 0.00436, sec: 276091.312, prod: 0.000169, t_ads: 25.0, t_des: 70.0, bed_util_ads: 0.178, bed_util_des: 0.178, frac_lost: 0.011, li_recovered:  0.016
L: 0.51, u_super: 0.00063, sec: 6296.514, prod: 0.000149, t_ads: 134.0, t_des: 863.0, bed_util_ads: 0.106, bed_util_des: 0.104, frac_lost: 0.010, li_recovered:  0.149
L: 0.51, u_super: 0.00392, sec: 194113.688, prod: 0.000193, t_ads: 25.0, t_des: 88.0, bed_util_ads: 0.167, bed_util_des: 0.167, frac_lost: 0.012, li_recovered:  0.022
L: 0.54, u_super: 0.00007, sec: 98.597, prod: 0.000117, t_ads: 1077.0, t_des: 4004.0, bed_util_ads: 0.083, bed_util_des: 0.075, frac_lost: 0.010, li_recovered:  0.592
L: 0.53, u_super: 0.00471, sec: 369603.125, prod: 0.000148, t_ads: 21.0, t_des: 52.0, bed_util_ads: 0.188, bed_util_des: 0.188, frac_lost: 0.010, li_recovered:  0.011
L: 0.51, u_super: 0.00269, sec: 95638.742, prod: 0.000182, t_ads: 34.0, t_des: 149.0, bed_util_ads: 0.142, bed_util_des: 0.142, frac_lost: 0.010, li_recovered:  0.033
L: 0.86, u_super: 0.00909, sec: 1098529.500, prod: 0.000197, t_ads: 19.0, t_des: 61.0, bed_util_ads: 0.184, bed_util_des: 0.184, frac_lost: 0.012, li_recovered:  0.016
L: 0.51, u_super: 0.00840, sec: 859458.625, prod: 0.000213, t_ads: 13.0, t_des: 53.0, bed_util_ads: 0.182, bed_util_des: 0.182, frac_lost: 0.012, li_recovered:  0.014
L: 0.66, u_super: 0.00298, sec: 118014.922, prod: 0.000181, t_ads: 39.0, t_des: 140.0, bed_util_ads: 0.150, bed_util_des: 0.150, frac_lost: 0.010, li_recovered:  0.032
L: 0.50, u_super: 0.00012, sec: 281.323, prod: 0.000118, t_ads: 644.0, t_des: 3913.0, bed_util_ads: 0.083, bed_util_des: 0.075, frac_lost: 0.010, li_recovered:  0.540
L: 0.50, u_super: 0.00026, sec: 994.815, prod: 0.000162, t_ads: 289.0, t_des: 833.0, bed_util_ads: 0.123, bed_util_des: 0.120, frac_lost: 0.010, li_recovered:  0.181
L: 0.51, u_super: 0.00909, sec: 1723536.250, prod: 0.000126, t_ads: 12.0, t_des: 190.0, bed_util_ads: 0.108, bed_util_des: 0.107, frac_lost: 0.011, li_recovered:  0.025
L: 0.50, u_super: 0.00776, sec: 712644.312, prod: 0.000217, t_ads: 14.0, t_des: 63.0, bed_util_ads: 0.176, bed_util_des: 0.176, frac_lost: 0.013, li_recovered:  0.017
L: 0.51, u_super: 0.00727, sec: 636887.812, prod: 0.000212, t_ads: 15.0, t_des: 76.0, bed_util_ads: 0.165, bed_util_des: 0.165, frac_lost: 0.013, li_recovered:  0.019
L: 0.54, u_super: 0.00397, sec: 202241.469, prod: 0.000190, t_ads: 26.0, t_des: 92.0, bed_util_ads: 0.165, bed_util_des: 0.165, frac_lost: 0.012, li_recovered:  0.022
L: 0.55, u_super: 0.00949, sec: 1118092.750, prod: 0.000212, t_ads: 13.0, t_des: 42.0, bed_util_ads: 0.205, bed_util_des: 0.205, frac_lost: 0.014, li_recovered:  0.012
L: 0.51, u_super: 0.00699, sec: 714594.188, prod: 0.000174, t_ads: 15.0, t_des: 121.0, bed_util_ads: 0.134, bed_util_des: 0.133, frac_lost: 0.011, li_recovered:  0.024
L: 0.51, u_super: 0.00050, sec: 7079.312, prod: 0.000081, t_ads: 174.0, t_des: 2924.0, bed_util_ads: 0.070, bed_util_des: 0.067, frac_lost: 0.010, li_recovered:  0.251
L: 0.51, u_super: 0.00005, sec: 58.690, prod: 0.000112, t_ads: 1259.0, t_des: 3735.0, bed_util_ads: 0.083, bed_util_des: 0.075, frac_lost: 0.010, li_recovered:  0.559
L: 0.50, u_super: 0.00965, sec: 1080865.000, prod: 0.000227, t_ads: 12.0, t_des: 77.0, bed_util_ads: 0.165, bed_util_des: 0.165, frac_lost: 0.015, li_recovered:  0.020
L: 0.50, u_super: 0.00015, sec: 361.327, prod: 0.000148, t_ads: 478.0, t_des: 1458.0, bed_util_ads: 0.108, bed_util_des: 0.104, frac_lost: 0.010, li_recovered:  0.287
L: 0.66, u_super: 0.00006, sec: 79.575, prod: 0.000107, t_ads: 1389.0, t_des: 3615.0, bed_util_ads: 0.082, bed_util_des: 0.075, frac_lost: 0.010, li_recovered:  0.534
L: 0.52, u_super: 0.00733, sec: 627938.438, prod: 0.000219, t_ads: 15.0, t_des: 69.0, bed_util_ads: 0.172, bed_util_des: 0.172, frac_lost: 0.013, li_recovered:  0.018
L: 0.50, u_super: 0.00788, sec: 1638330.750, prod: 0.000097, t_ads: 13.0, t_des: 28.0, bed_util_ads: 0.221, bed_util_des: 0.221, frac_lost: 0.010, li_recovered:  0.004
L: 0.54, u_super: 0.00392, sec: 199044.094, prod: 0.000189, t_ads: 26.0, t_des: 99.0, bed_util_ads: 0.159, bed_util_des: 0.158, frac_lost: 0.011, li_recovered:  0.024
L: 0.65, u_super: 0.00282, sec: 132663.219, prod: 0.000144, t_ads: 40.0, t_des: 90.0, bed_util_ads: 0.176, bed_util_des: 0.176, frac_lost: 0.010, li_recovered:  0.019
L: 0.53, u_super: 0.00470, sec: 275144.719, prod: 0.000198, t_ads: 22.0, t_des: 87.0, bed_util_ads: 0.164, bed_util_des: 0.164, frac_lost: 0.012, li_recovered:  0.022
L: 0.50, u_super: 0.00195, sec: 68642.641, prod: 0.000132, t_ads: 45.0, t_des: 92.0, bed_util_ads: 0.182, bed_util_des: 0.182, frac_lost: 0.011, li_recovered:  0.018
L: 0.75, u_super: 0.00879, sec: 1035230.062, prod: 0.000194, t_ads: 17.0, t_des: 56.0, bed_util_ads: 0.182, bed_util_des: 0.182, frac_lost: 0.011, li_recovered:  0.014
L: 0.50, u_super: 0.00778, sec: 780981.375, prod: 0.000199, t_ads: 14.0, t_des: 96.0, bed_util_ads: 0.150, bed_util_des: 0.150, frac_lost: 0.013, li_recovered:  0.022
L: 0.50, u_super: 0.00569, sec: 401355.938, prod: 0.000202, t_ads: 18.0, t_des: 67.0, bed_util_ads: 0.176, bed_util_des: 0.176, frac_lost: 0.013, li_recovered:  0.017
L: 0.55, u_super: 0.00962, sec: 1208657.250, prod: 0.000202, t_ads: 13.0, t_des: 103.0, bed_util_ads: 0.148, bed_util_des: 0.147, frac_lost: 0.015, li_recovered:  0.023
    45 |     1800 |     40 |  0.0180721304 |         nadir
L: 0.50, u_super: 0.00750, sec: 1148844.500, prod: 0.000125, t_ads: 14.0, t_des: 211.0, bed_util_ads: 0.106, bed_util_des: 0.106, frac_lost: 0.012, li_recovered:  0.028
L: 0.50, u_super: 0.00772, sec: 687418.375, prod: 0.000223, t_ads: 14.0, t_des: 64.0, bed_util_ads: 0.175, bed_util_des: 0.175, frac_lost: 0.013, li_recovered:  0.017
L: 1.08, u_super: 0.00979, sec: 1450651.000, prod: 0.000174, t_ads: 21.0, t_des: 60.0, bed_util_ads: 0.182, bed_util_des: 0.182, frac_lost: 0.011, li_recovered:  0.014
L: 0.52, u_super: 0.00041, sec: inf, prod: 0.000000, t_ads: 180.0, t_des: 0.0, bed_util_ads: 0.183, bed_util_des: 0.183, frac_lost: 0.010, li_recovered:  0.000
L: 0.50, u_super: 0.00561, sec: 390433.312, prod: 0.000202, t_ads: 18.0, t_des: 78.0, bed_util_ads: 0.165, bed_util_des: 0.164, frac_lost: 0.012, li_recovered:  0.019
L: 0.57, u_super: 0.00023, sec: 815.734, prod: 0.000155, t_ads: 370.0, t_des: 1298.0, bed_util_ads: 0.110, bed_util_des: 0.107, frac_lost: 0.010, li_recovered:  0.259
L: 0.77, u_super: 0.00552, sec: 1654816.750, prod: 0.000046, t_ads: 26.0, t_des: 1123.0, bed_util_ads: 0.057, bed_util_des: 0.057, frac_lost: 0.010, li_recovered:  0.053
L: 0.51, u_super: 0.00879, sec: 885609.688, prod: 0.000227, t_ads: 13.0, t_des: 66.0, bed_util_ads: 0.174, bed_util_des: 0.174, frac_lost: 0.014, li_recovered:  0.018
L: 0.50, u_super: 0.00479, sec: 292265.469, prod: 0.000194, t_ads: 20.0, t_des: 89.0, bed_util_ads: 0.155, bed_util_des: 0.155, frac_lost: 0.010, li_recovered:  0.021
L: 0.51, u_super: 0.00977, sec: 1044561.375, prod: 0.000241, t_ads: 12.0, t_des: 54.0, bed_util_ads: 0.188, bed_util_des: 0.188, frac_lost: 0.015, li_recovered:  0.016
L: 0.53, u_super: 0.00839, sec: 800571.500, prod: 0.000228, t_ads: 14.0, t_des: 57.0, bed_util_ads: 0.186, bed_util_des: 0.185, frac_lost: 0.014, li_recovered:  0.016
L: 0.51, u_super: 0.00560, sec: 559690.750, prod: 0.000140, t_ads: 18.0, t_des: 203.0, bed_util_ads: 0.112, bed_util_des: 0.111, frac_lost: 0.011, li_recovered:  0.031
L: 0.50, u_super: 0.00470, sec: 273103.219, prod: 0.000200, t_ads: 21.0, t_des: 73.0, bed_util_ads: 0.174, bed_util_des: 0.174, frac_lost: 0.012, li_recovered:  0.019
L: 0.50, u_super: 0.00532, sec: 351413.812, prod: 0.000200, t_ads: 19.0, t_des: 67.0, bed_util_ads: 0.178, bed_util_des: 0.177, frac_lost: 0.013, li_recovered:  0.017
L: 0.50, u_super: 0.00008, sec: 227.061, prod: 0.000069, t_ads: 693.0, t_des: 666.0, bed_util_ads: 0.116, bed_util_des: 0.114, frac_lost: 0.010, li_recovered:  0.094
L: 0.53, u_super: 0.00846, sec: 888074.938, prod: 0.000209, t_ads: 13.0, t_des: 49.0, bed_util_ads: 0.185, bed_util_des: 0.185, frac_lost: 0.011, li_recovered:  0.013
L: 0.50, u_super: 0.00005, sec: 58.636, prod: 0.000112, t_ads: 1255.0, t_des: 3738.0, bed_util_ads: 0.083, bed_util_des: 0.075, frac_lost: 0.010, li_recovered:  0.559
L: 0.54, u_super: 0.00044, sec: 33309.172, prod: 0.000014, t_ads: 178.0, t_des: 149.0, bed_util_ads: 0.174, bed_util_des: 0.174, frac_lost: 0.010, li_recovered:  0.004
L: 0.79, u_super: 0.00152, sec: 30823.068, prod: 0.000176, t_ads: 88.0, t_des: 344.0, bed_util_ads: 0.134, bed_util_des: 0.133, frac_lost: 0.010, li_recovered:  0.076
L: 0.50, u_super: 0.00841, sec: 867799.125, prod: 0.000211, t_ads: 13.0, t_des: 50.0, bed_util_ads: 0.188, bed_util_des: 0.188, frac_lost: 0.013, li_recovered:  0.013
L: 0.51, u_super: 0.00891, sec: 3103067.500, prod: 0.000067, t_ads: 12.0, t_des: 418.0, bed_util_ads: 0.076, bed_util_des: 0.075, frac_lost: 0.010, li_recovered:  0.029
L: 0.54, u_super: 0.00955, sec: 1153080.375, prod: 0.000208, t_ads: 12.0, t_des: 48.0, bed_util_ads: 0.183, bed_util_des: 0.183, frac_lost: 0.010, li_recovered:  0.012
L: 0.51, u_super: 0.00674, sec: 594869.688, prod: 0.000194, t_ads: 15.0, t_des: 56.0, bed_util_ads: 0.174, bed_util_des: 0.174, frac_lost: 0.010, li_recovered:  0.014
L: 0.50, u_super: 0.00006, sec: inf, prod: 0.000000, t_ads: 394.0, t_des: 0.0, bed_util_ads: 0.165, bed_util_des: 0.165, frac_lost: 0.010, li_recovered:  0.000
L: 0.54, u_super: 0.00733, sec: 664473.250, prod: 0.000207, t_ads: 15.0, t_des: 63.0, bed_util_ads: 0.172, bed_util_des: 0.172, frac_lost: 0.011, li_recovered:  0.016
L: 0.51, u_super: 0.00344, sec: 161035.953, prod: 0.000179, t_ads: 27.0, t_des: 86.0, bed_util_ads: 0.165, bed_util_des: 0.165, frac_lost: 0.010, li_recovered:  0.020
L: 0.50, u_super: 0.00011, sec: 216.545, prod: 0.000134, t_ads: 604.0, t_des: 1286.0, bed_util_ads: 0.110, bed_util_des: 0.106, frac_lost: 0.010, li_recovered:  0.253
L: 0.51, u_super: 0.00734, sec: 634181.812, prod: 0.000217, t_ads: 15.0, t_des: 70.0, bed_util_ads: 0.171, bed_util_des: 0.171, frac_lost: 0.014, li_recovered:  0.018
L: 0.50, u_super: 0.00019, sec: 816.631, prod: 0.000107, t_ads: 417.0, t_des: 3781.0, bed_util_ads: 0.079, bed_util_des: 0.072, frac_lost: 0.010, li_recovered:  0.450
L: 0.50, u_super: 0.00400, sec: 203337.078, prod: 0.000192, t_ads: 24.0, t_des: 87.0, bed_util_ads: 0.165, bed_util_des: 0.165, frac_lost: 0.011, li_recovered:  0.021
L: 0.53, u_super: 0.00620, sec: 478313.094, prod: 0.000203, t_ads: 17.0, t_des: 72.0, bed_util_ads: 0.166, bed_util_des: 0.166, frac_lost: 0.011, li_recovered:  0.018
L: 0.51, u_super: 0.00879, sec: 867777.938, prod: 0.000232, t_ads: 13.0, t_des: 59.0, bed_util_ads: 0.182, bed_util_des: 0.182, frac_lost: 0.014, li_recovered:  0.017
L: 0.50, u_super: 0.00312, sec: 123175.180, prod: 0.000191, t_ads: 30.0, t_des: 133.0, bed_util_ads: 0.148, bed_util_des: 0.148, frac_lost: 0.011, li_recovered:  0.031
L: 0.50, u_super: 0.00670, sec: 844254.562, prod: 0.000135, t_ads: 15.0, t_des: 35.0, bed_util_ads: 0.209, bed_util_des: 0.209, frac_lost: 0.010, li_recovered:  0.007
L: 1.04, u_super: 0.00202, sec: 56285.688, prod: 0.000173, t_ads: 86.0, t_des: 252.0, bed_util_ads: 0.147, bed_util_des: 0.147, frac_lost: 0.010, li_recovered:  0.059
L: 0.50, u_super: 0.00782, sec: 713747.688, prod: 0.000220, t_ads: 14.0, t_des: 64.0, bed_util_ads: 0.176, bed_util_des: 0.176, frac_lost: 0.014, li_recovered:  0.017
L: 0.50, u_super: 0.00968, sec: 1044358.125, prod: 0.000236, t_ads: 12.0, t_des: 66.0, bed_util_ads: 0.175, bed_util_des: 0.175, frac_lost: 0.015, li_recovered:  0.018
L: 0.50, u_super: 0.00415, sec: 303298.250, prod: 0.000140, t_ads: 23.0, t_des: 239.0, bed_util_ads: 0.109, bed_util_des: 0.109, frac_lost: 0.011, li_recovered:  0.037
L: 0.52, u_super: 0.00870, sec: 903295.000, prod: 0.000218, t_ads: 13.0, t_des: 52.0, bed_util_ads: 0.185, bed_util_des: 0.185, frac_lost: 0.012, li_recovered:  0.014
L: 0.50, u_super: 0.00569, sec: 424037.156, prod: 0.000191, t_ads: 18.0, t_des: 56.0, bed_util_ads: 0.188, bed_util_des: 0.188, frac_lost: 0.013, li_recovered:  0.014
    46 |     1840 |     40 |  0.0313999765 |         ideal
L: 0.53, u_super: 0.00136, sec: 48944.625, prod: 0.000089, t_ads: 66.0, t_des: 103.0, bed_util_ads: 0.185, bed_util_des: 0.185, frac_lost: 0.010, li_recovered:  0.015
L: 0.53, u_super: 0.00397, sec: 204872.469, prod: 0.000188, t_ads: 25.0, t_des: 95.0, bed_util_ads: 0.159, bed_util_des: 0.158, frac_lost: 0.011, li_recovered:  0.023
L: 0.53, u_super: 0.00566, sec: 409970.719, prod: 0.000196, t_ads: 18.0, t_des: 71.0, bed_util_ads: 0.165, bed_util_des: 0.165, frac_lost: 0.010, li_recovered:  0.017
L: 0.51, u_super: 0.00887, sec: 1088690.875, prod: 0.000188, t_ads: 12.0, t_des: 84.0, bed_util_ads: 0.147, bed_util_des: 0.147, frac_lost: 0.010, li_recovered:  0.018
L: 0.51, u_super: 0.00879, sec: 865682.688, prod: 0.000232, t_ads: 13.0, t_des: 59.0, bed_util_ads: 0.182, bed_util_des: 0.182, frac_lost: 0.014, li_recovered:  0.017
L: 0.85, u_super: 0.00680, sec: 608293.562, prod: 0.000193, t_ads: 24.0, t_des: 117.0, bed_util_ads: 0.148, bed_util_des: 0.148, frac_lost: 0.012, li_recovered:  0.027
L: 0.75, u_super: 0.00765, sec: 808394.000, prod: 0.000186, t_ads: 19.0, t_des: 62.0, bed_util_ads: 0.176, bed_util_des: 0.176, frac_lost: 0.011, li_recovered:  0.015
L: 0.50, u_super: 0.00754, sec: 754339.375, prod: 0.000193, t_ads: 14.0, t_des: 95.0, bed_util_ads: 0.147, bed_util_des: 0.147, frac_lost: 0.012, li_recovered:  0.021
L: 0.51, u_super: 0.00005, sec: 60.114, prod: 0.000107, t_ads: 1350.0, t_des: 5179.0, bed_util_ads: 0.077, bed_util_des: 0.067, frac_lost: 0.010, li_recovered:  0.697
L: 0.50, u_super: 0.00968, sec: 1035600.375, prod: 0.000238, t_ads: 12.0, t_des: 54.0, bed_util_ads: 0.188, bed_util_des: 0.188, frac_lost: 0.015, li_recovered:  0.016
L: 0.51, u_super: 0.00458, sec: 276368.688, prod: 0.000187, t_ads: 21.0, t_des: 84.0, bed_util_ads: 0.158, bed_util_des: 0.158, frac_lost: 0.010, li_recovered:  0.020
L: 0.51, u_super: 0.00977, sec: 1089867.000, prod: 0.000231, t_ads: 12.0, t_des: 56.0, bed_util_ads: 0.185, bed_util_des: 0.185, frac_lost: 0.015, li_recovered:  0.016
L: 0.55, u_super: 0.00734, sec: 712762.312, prod: 0.000193, t_ads: 15.0, t_des: 66.0, bed_util_ads: 0.164, bed_util_des: 0.163, frac_lost: 0.010, li_recovered:  0.016
L: 0.62, u_super: 0.00008, sec: 126.511, prod: 0.000116, t_ads: 1082.0, t_des: 3997.0, bed_util_ads: 0.083, bed_util_des: 0.075, frac_lost: 0.010, li_recovered:  0.591
L: 0.51, u_super: 0.00678, sec: 631464.750, prod: 0.000185, t_ads: 15.0, t_des: 46.0, bed_util_ads: 0.189, bed_util_des: 0.189, frac_lost: 0.010, li_recovered:  0.011
L: 0.52, u_super: 0.00092, sec: 39752.141, prod: 0.000050, t_ads: 91.0, t_des: 109.0, bed_util_ads: 0.185, bed_util_des: 0.185, frac_lost: 0.010, li_recovered:  0.010
L: 0.54, u_super: 0.00767, sec: 729803.500, prod: 0.000207, t_ads: 15.0, t_des: 55.0, bed_util_ads: 0.185, bed_util_des: 0.185, frac_lost: 0.013, li_recovered:  0.014
L: 0.68, u_super: 0.00899, sec: 1078950.125, prod: 0.000196, t_ads: 15.0, t_des: 55.0, bed_util_ads: 0.176, bed_util_des: 0.176, frac_lost: 0.010, li_recovered:  0.014
L: 0.51, u_super: 0.00827, sec: 947143.750, prod: 0.000187, t_ads: 13.0, t_des: 97.0, bed_util_ads: 0.143, bed_util_des: 0.142, frac_lost: 0.011, li_recovered:  0.021
L: 0.50, u_super: 0.00472, sec: 284730.719, prod: 0.000194, t_ads: 21.0, t_des: 72.0, bed_util_ads: 0.175, bed_util_des: 0.175, frac_lost: 0.012, li_recovered:  0.018
L: 0.51, u_super: 0.00005, sec: 1114.964, prod: 0.000005, t_ads: 952.0, t_des: 443.0, bed_util_ads: 0.104, bed_util_des: 0.104, frac_lost: 0.010, li_recovered:  0.008
L: 0.55, u_super: 0.00961, sec: 1038764.188, prod: 0.000234, t_ads: 13.0, t_des: 59.0, bed_util_ads: 0.183, bed_util_des: 0.183, frac_lost: 0.015, li_recovered:  0.017
L: 0.51, u_super: 0.00315, sec: 155699.375, prod: 0.000154, t_ads: 29.0, t_des: 73.0, bed_util_ads: 0.177, bed_util_des: 0.177, frac_lost: 0.010, li_recovered:  0.016
L: 0.54, u_super: 0.00983, sec: 1139327.125, prod: 0.000224, t_ads: 12.0, t_des: 49.0, bed_util_ads: 0.188, bed_util_des: 0.188, frac_lost: 0.012, li_recovered:  0.014
L: 0.57, u_super: 0.00968, sec: 1113519.875, prod: 0.000222, t_ads: 13.0, t_des: 52.0, bed_util_ads: 0.188, bed_util_des: 0.188, frac_lost: 0.014, li_recovered:  0.014
L: 0.50, u_super: 0.00226, sec: 83302.703, prod: 0.000146, t_ads: 39.0, t_des: 90.0, bed_util_ads: 0.176, bed_util_des: 0.176, frac_lost: 0.010, li_recovered:  0.019
L: 0.50, u_super: 0.00007, sec: 99.272, prod: 0.000118, t_ads: 1009.0, t_des: 4007.0, bed_util_ads: 0.083, bed_util_des: 0.075, frac_lost: 0.010, li_recovered:  0.591
L: 0.50, u_super: 0.00012, sec: 273.667, prod: 0.000119, t_ads: 654.0, t_des: 3934.0, bed_util_ads: 0.083, bed_util_des: 0.075, frac_lost: 0.010, li_recovered:  0.545
L: 0.50, u_super: 0.00202, sec: 53521.391, prod: 0.000182, t_ads: 44.0, t_des: 154.0, bed_util_ads: 0.152, bed_util_des: 0.151, frac_lost: 0.011, li_recovered:  0.036
L: 0.51, u_super: 0.00880, sec: 887388.250, prod: 0.000227, t_ads: 13.0, t_des: 59.0, bed_util_ads: 0.182, bed_util_des: 0.181, frac_lost: 0.014, li_recovered:  0.016
L: 0.50, u_super: 0.00569, sec: 416121.625, prod: 0.000195, t_ads: 18.0, t_des: 56.0, bed_util_ads: 0.189, bed_util_des: 0.189, frac_lost: 0.013, li_recovered:  0.014
L: 0.51, u_super: 0.00961, sec: 1078553.750, prod: 0.000225, t_ads: 12.0, t_des: 55.0, bed_util_ads: 0.183, bed_util_des: 0.183, frac_lost: 0.013, li_recovered:  0.015
L: 0.50, u_super: 0.00007, sec: 144.717, prod: 0.000078, t_ads: 811.0, t_des: 866.0, bed_util_ads: 0.108, bed_util_des: 0.106, frac_lost: 0.010, li_recovered:  0.130
L: 0.83, u_super: 0.00466, sec: 348562.875, prod: 0.000154, t_ads: 33.0, t_des: 271.0, bed_util_ads: 0.115, bed_util_des: 0.115, frac_lost: 0.011, li_recovered:  0.047
L: 0.50, u_super: 0.00845, sec: 1529443.625, prod: 0.000121, t_ads: 13.0, t_des: 224.0, bed_util_ads: 0.105, bed_util_des: 0.104, frac_lost: 0.013, li_recovered:  0.029
L: 0.51, u_super: 0.00394, sec: 218727.203, prod: 0.000174, t_ads: 24.0, t_des: 69.0, bed_util_ads: 0.176, bed_util_des: 0.175, frac_lost: 0.010, li_recovered:  0.016
L: 0.50, u_super: 0.00571, sec: 396751.250, prod: 0.000205, t_ads: 18.0, t_des: 66.0, bed_util_ads: 0.178, bed_util_des: 0.177, frac_lost: 0.013, li_recovered:  0.017
L: 0.51, u_super: 0.00411, sec: 227960.188, prod: 0.000182, t_ads: 23.0, t_des: 79.0, bed_util_ads: 0.165, bed_util_des: 0.165, frac_lost: 0.010, li_recovered:  0.019
L: 0.50, u_super: 0.00884, sec: 964133.875, prod: 0.000211, t_ads: 12.0, t_des: 54.0, bed_util_ads: 0.176, bed_util_des: 0.176, frac_lost: 0.011, li_recovered:  0.014
L: 0.80, u_super: 0.00007, sec: inf, prod: 0.000000, t_ads: 934.0, t_des: 0.0, bed_util_ads: 0.106, bed_util_des: 0.106, frac_lost: 0.010, li_recovered:  0.000
    47 |     1880 |     40 |  0.0003761469 |             f
L: 0.51, u_super: 0.00473, sec: 283985.531, prod: 0.000195, t_ads: 21.0, t_des: 81.0, bed_util_ads: 0.165, bed_util_des: 0.165, frac_lost: 0.011, li_recovered:  0.020
L: 0.50, u_super: 0.00005, sec: 58.397, prod: 0.000113, t_ads: 1229.0, t_des: 3312.0, bed_util_ads: 0.085, bed_util_des: 0.078, frac_lost: 0.010, li_recovered:  0.511
L: 0.51, u_super: 0.00193, sec: 48362.820, prod: 0.000183, t_ads: 47.0, t_des: 192.0, bed_util_ads: 0.142, bed_util_des: 0.141, frac_lost: 0.011, li_recovered:  0.044
L: 0.50, u_super: 0.00029, sec: 1170.743, prod: 0.000163, t_ads: 268.0, t_des: 811.0, bed_util_ads: 0.123, bed_util_des: 0.120, frac_lost: 0.010, li_recovered:  0.176
L: 0.55, u_super: 0.00435, sec: 276937.969, prod: 0.000168, t_ads: 24.0, t_des: 64.0, bed_util_ads: 0.185, bed_util_des: 0.185, frac_lost: 0.012, li_recovered:  0.015
L: 0.51, u_super: 0.00734, sec: 621963.062, prod: 0.000222, t_ads: 15.0, t_des: 70.0, bed_util_ads: 0.172, bed_util_des: 0.172, frac_lost: 0.014, li_recovered:  0.019
L: 0.50, u_super: 0.00312, sec: 138269.375, prod: 0.000170, t_ads: 30.0, t_des: 199.0, bed_util_ads: 0.127, bed_util_des: 0.126, frac_lost: 0.011, li_recovered:  0.039
L: 0.50, u_super: 0.00097, sec: 14882.970, prod: 0.000148, t_ads: 88.0, t_des: 604.0, bed_util_ads: 0.108, bed_util_des: 0.107, frac_lost: 0.010, li_recovered:  0.103
L: 0.50, u_super: 0.00575, sec: 463087.656, prod: 0.000179, t_ads: 17.0, t_des: 113.0, bed_util_ads: 0.137, bed_util_des: 0.136, frac_lost: 0.010, li_recovered:  0.023
L: 0.55, u_super: 0.00016, sec: inf, prod: 0.000000, t_ads: 364.0, t_des: 0.0, bed_util_ads: 0.159, bed_util_des: 0.159, frac_lost: 0.010, li_recovered:  0.000
L: 0.50, u_super: 0.00183, sec: 44633.418, prod: 0.000178, t_ads: 48.0, t_des: 221.0, bed_util_ads: 0.135, bed_util_des: 0.134, frac_lost: 0.010, li_recovered:  0.048
L: 0.51, u_super: 0.00671, sec: 529259.188, prod: 0.000216, t_ads: 16.0, t_des: 80.0, bed_util_ads: 0.164, bed_util_des: 0.164, frac_lost: 0.013, li_recovered:  0.021
L: 0.72, u_super: 0.00517, sec: inf, prod: 0.000000, t_ads: 25.0, t_des: 0.0, bed_util_ads: 0.242, bed_util_des: 0.242, frac_lost: 0.010, li_recovered:  0.000
L: 0.50, u_super: 0.00011, sec: 209.798, prod: 0.000138, t_ads: 641.0, t_des: 2123.0, bed_util_ads: 0.099, bed_util_des: 0.093, frac_lost: 0.010, li_recovered:  0.381
L: 0.53, u_super: 0.00908, sec: 966981.938, prod: 0.000223, t_ads: 13.0, t_des: 64.0, bed_util_ads: 0.176, bed_util_des: 0.176, frac_lost: 0.014, li_recovered:  0.017
L: 0.51, u_super: 0.00075, sec: 756975.938, prod: 0.000002, t_ads: 106.0, t_des: 94.0, bed_util_ads: 0.188, bed_util_des: 0.188, frac_lost: 0.010, li_recovered:  0.000
L: 0.50, u_super: 0.00029, sec: 1169.219, prod: 0.000163, t_ads: 268.0, t_des: 813.0, bed_util_ads: 0.123, bed_util_des: 0.120, frac_lost: 0.010, li_recovered:  0.176
L: 0.51, u_super: 0.00377, sec: 195631.859, prod: 0.000177, t_ads: 25.0, t_des: 75.0, bed_util_ads: 0.172, bed_util_des: 0.171, frac_lost: 0.010, li_recovered:  0.018
L: 0.53, u_super: 0.00388, sec: 206232.234, prod: 0.000178, t_ads: 25.0, t_des: 82.0, bed_util_ads: 0.165, bed_util_des: 0.165, frac_lost: 0.010, li_recovered:  0.019
L: 0.50, u_super: 0.00031, sec: 1449.259, prod: 0.000154, t_ads: 257.0, t_des: 1231.0, bed_util_ads: 0.108, bed_util_des: 0.104, frac_lost: 0.010, li_recovered:  0.229
L: 0.51, u_super: 0.00980, sec: 1063013.250, prod: 0.000239, t_ads: 12.0, t_des: 56.0, bed_util_ads: 0.187, bed_util_des: 0.187, frac_lost: 0.015, li_recovered:  0.016
L: 0.89, u_super: 0.00839, sec: 1170376.000, prod: 0.000156, t_ads: 20.0, t_des: 53.0, bed_util_ads: 0.186, bed_util_des: 0.185, frac_lost: 0.010, li_recovered:  0.011
L: 0.50, u_super: 0.00778, sec: 695740.500, prod: 0.000224, t_ads: 14.0, t_des: 64.0, bed_util_ads: 0.176, bed_util_des: 0.176, frac_lost: 0.014, li_recovered:  0.017
L: 0.52, u_super: 0.00872, sec: 947940.875, prod: 0.000209, t_ads: 13.0, t_des: 79.0, bed_util_ads: 0.159, bed_util_des: 0.158, frac_lost: 0.013, li_recovered:  0.019
L: 0.50, u_super: 0.00968, sec: 1034786.812, prod: 0.000239, t_ads: 12.0, t_des: 54.0, bed_util_ads: 0.188, bed_util_des: 0.188, frac_lost: 0.015, li_recovered:  0.016
L: 0.50, u_super: 0.00569, sec: 384328.625, prod: 0.000211, t_ads: 18.0, t_des: 70.0, bed_util_ads: 0.174, bed_util_des: 0.174, frac_lost: 0.013, li_recovered:  0.019
L: 0.57, u_super: 0.00305, sec: 122004.445, prod: 0.000184, t_ads: 34.0, t_des: 159.0, bed_util_ads: 0.142, bed_util_des: 0.141, frac_lost: 0.011, li_recovered:  0.035
L: 0.51, u_super: 0.00649, sec: 522473.156, prod: 0.000204, t_ads: 16.0, t_des: 61.0, bed_util_ads: 0.177, bed_util_des: 0.177, frac_lost: 0.012, li_recovered:  0.016
L: 0.51, u_super: 0.00479, sec: 279082.312, prod: 0.000203, t_ads: 21.0, t_des: 84.0, bed_util_ads: 0.165, bed_util_des: 0.165, frac_lost: 0.012, li_recovered:  0.021
L: 0.50, u_super: 0.00364, sec: 461318.594, prod: 0.000070, t_ads: 26.0, t_des: 701.0, bed_util_ads: 0.072, bed_util_des: 0.071, frac_lost: 0.011, li_recovered:  0.051
L: 0.50, u_super: 0.00879, sec: 983351.562, prod: 0.000205, t_ads: 12.0, t_des: 48.0, bed_util_ads: 0.182, bed_util_des: 0.182, frac_lost: 0.010, li_recovered:  0.012
L: 0.50, u_super: 0.00579, sec: 446949.062, prod: 0.000188, t_ads: 17.0, t_des: 58.0, bed_util_ads: 0.177, bed_util_des: 0.177, frac_lost: 0.011, li_recovered:  0.014
L: 0.59, u_super: 0.00945, sec: 1105714.250, prod: 0.000212, t_ads: 13.0, t_des: 61.0, bed_util_ads: 0.171, bed_util_des: 0.170, frac_lost: 0.011, li_recovered:  0.016
L: 0.50, u_super: 0.00778, sec: 699769.688, prod: 0.000222, t_ads: 14.0, t_des: 61.0, bed_util_ads: 0.179, bed_util_des: 0.178, frac_lost: 0.013, li_recovered:  0.017
L: 0.54, u_super: 0.00771, sec: 811568.562, prod: 0.000188, t_ads: 14.0, t_des: 47.0, bed_util_ads: 0.185, bed_util_des: 0.185, frac_lost: 0.010, li_recovered:  0.011
L: 0.51, u_super: 0.00962, sec: 4291712.000, prod: 0.000057, t_ads: 12.0, t_des: 588.0, bed_util_ads: 0.070, bed_util_des: 0.069, frac_lost: 0.014, li_recovered:  0.034
L: 0.74, u_super: 0.00102, sec: 16646.314, prod: 0.000148, t_ads: 121.0, t_des: 808.0, bed_util_ads: 0.106, bed_util_des: 0.104, frac_lost: 0.010, li_recovered:  0.138
L: 0.51, u_super: 0.00724, sec: 651106.812, prod: 0.000206, t_ads: 15.0, t_des: 84.0, bed_util_ads: 0.158, bed_util_des: 0.158, frac_lost: 0.013, li_recovered:  0.020
L: 0.73, u_super: 0.00745, sec: 754705.250, prod: 0.000189, t_ads: 19.0, t_des: 62.0, bed_util_ads: 0.178, bed_util_des: 0.177, frac_lost: 0.011, li_recovered:  0.015
L: 0.50, u_super: 0.00538, sec: 398724.500, prod: 0.000181, t_ads: 18.0, t_des: 58.0, bed_util_ads: 0.177, bed_util_des: 0.177, frac_lost: 0.010, li_recovered:  0.014
    48 |     1920 |     40 |  0.0035646473 |         nadir
L: 0.51, u_super: 0.00969, sec: 1085948.750, prod: 0.000228, t_ads: 12.0, t_des: 51.0, bed_util_ads: 0.190, bed_util_des: 0.190, frac_lost: 0.014, li_recovered:  0.014
L: 0.61, u_super: 0.00028, sec: 1207.756, prod: 0.000155, t_ads: 331.0, t_des: 1356.0, bed_util_ads: 0.108, bed_util_des: 0.104, frac_lost: 0.010, li_recovered:  0.261
L: 0.57, u_super: 0.00778, sec: 915815.750, prod: 0.000170, t_ads: 15.0, t_des: 127.0, bed_util_ads: 0.131, bed_util_des: 0.131, frac_lost: 0.011, li_recovered:  0.024
L: 0.64, u_super: 0.00298, sec: 117689.656, prod: 0.000182, t_ads: 38.0, t_des: 138.0, bed_util_ads: 0.150, bed_util_des: 0.150, frac_lost: 0.010, li_recovered:  0.032
L: 0.50, u_super: 0.00007, sec: 99.278, prod: 0.000118, t_ads: 1008.0, t_des: 4006.0, bed_util_ads: 0.083, bed_util_des: 0.075, frac_lost: 0.010, li_recovered:  0.591
L: 0.50, u_super: 0.00029, sec: 1220.075, prod: 0.000156, t_ads: 276.0, t_des: 1223.0, bed_util_ads: 0.109, bed_util_des: 0.106, frac_lost: 0.010, li_recovered:  0.234
L: 0.51, u_super: 0.00649, sec: 532162.188, prod: 0.000200, t_ads: 16.0, t_des: 60.0, bed_util_ads: 0.177, bed_util_des: 0.177, frac_lost: 0.012, li_recovered:  0.015
L: 0.51, u_super: 0.00273, sec: 96673.000, prod: 0.000185, t_ads: 34.0, t_des: 159.0, bed_util_ads: 0.142, bed_util_des: 0.141, frac_lost: 0.011, li_recovered:  0.036
L: 0.83, u_super: 0.00839, sec: 1056559.125, prod: 0.000173, t_ads: 19.0, t_des: 53.0, bed_util_ads: 0.186, bed_util_des: 0.185, frac_lost: 0.010, li_recovered:  0.012
L: 0.54, u_super: 0.00805, sec: 1653580.750, prod: 0.000101, t_ads: 14.0, t_des: 288.0, bed_util_ads: 0.093, bed_util_des: 0.093, frac_lost: 0.012, li_recovered:  0.031
L: 0.51, u_super: 0.00977, sec: 1069626.125, prod: 0.000236, t_ads: 12.0, t_des: 56.0, bed_util_ads: 0.185, bed_util_des: 0.185, frac_lost: 0.015, li_recovered:  0.016
L: 0.50, u_super: 0.00067, sec: 10430.624, prod: 0.000099, t_ads: 129.0, t_des: 1708.0, bed_util_ads: 0.080, bed_util_des: 0.078, frac_lost: 0.010, li_recovered:  0.182
L: 0.53, u_super: 0.00968, sec: 1093871.375, prod: 0.000226, t_ads: 12.0, t_des: 52.0, bed_util_ads: 0.185, bed_util_des: 0.185, frac_lost: 0.013, li_recovered:  0.014
L: 0.50, u_super: 0.00778, sec: 721554.125, prod: 0.000216, t_ads: 14.0, t_des: 64.0, bed_util_ads: 0.175, bed_util_des: 0.175, frac_lost: 0.013, li_recovered:  0.017
L: 0.51, u_super: 0.00757, sec: 731029.062, prod: 0.000201, t_ads: 14.0, t_des: 78.0, bed_util_ads: 0.157, bed_util_des: 0.157, frac_lost: 0.011, li_recovered:  0.019
L: 0.50, u_super: 0.00219, sec: 61579.184, prod: 0.000186, t_ads: 41.0, t_des: 158.0, bed_util_ads: 0.149, bed_util_des: 0.148, frac_lost: 0.011, li_recovered:  0.037
L: 0.64, u_super: 0.00734, sec: 733865.625, prod: 0.000188, t_ads: 17.0, t_des: 57.0, bed_util_ads: 0.177, bed_util_des: 0.177, frac_lost: 0.010, li_recovered:  0.014
L: 0.51, u_super: 0.00046, sec: 2902.874, prod: 0.000170, t_ads: 177.0, t_des: 568.0, bed_util_ads: 0.130, bed_util_des: 0.128, frac_lost: 0.010, li_recovered:  0.127
L: 0.51, u_super: 0.00021, sec: inf, prod: 0.000000, t_ads: 299.0, t_des: 0.0, bed_util_ads: 0.162, bed_util_des: 0.162, frac_lost: 0.010, li_recovered:  0.000
L: 0.51, u_super: 0.00742, sec: 708018.938, prod: 0.000199, t_ads: 14.0, t_des: 58.0, bed_util_ads: 0.172, bed_util_des: 0.172, frac_lost: 0.010, li_recovered:  0.014
L: 0.54, u_super: 0.00332, sec: 143376.266, prod: 0.000187, t_ads: 30.0, t_des: 107.0, bed_util_ads: 0.159, bed_util_des: 0.158, frac_lost: 0.011, li_recovered:  0.026
L: 0.50, u_super: 0.00569, sec: 385961.281, prod: 0.000210, t_ads: 18.0, t_des: 68.0, bed_util_ads: 0.176, bed_util_des: 0.176, frac_lost: 0.013, li_recovered:  0.018
L: 0.51, u_super: 0.00005, sec: 58.713, prod: 0.000112, t_ads: 1242.0, t_des: 3292.0, bed_util_ads: 0.085, bed_util_des: 0.078, frac_lost: 0.010, li_recovered:  0.507
L: 0.51, u_super: 0.00023, sec: 956.977, prod: 0.000129, t_ads: 312.0, t_des: 521.0, bed_util_ads: 0.138, bed_util_des: 0.136, frac_lost: 0.010, li_recovered:  0.107
L: 0.50, u_super: 0.00219, sec: 75617.484, prod: 0.000152, t_ads: 41.0, t_des: 314.0, bed_util_ads: 0.113, bed_util_des: 0.113, frac_lost: 0.010, li_recovered:  0.054
L: 0.50, u_super: 0.00011, sec: 213.787, prod: 0.000135, t_ads: 651.0, t_des: 2452.0, bed_util_ads: 0.095, bed_util_des: 0.089, frac_lost: 0.010, li_recovered:  0.420
L: 0.50, u_super: 0.00987, sec: 1181427.000, prod: 0.000218, t_ads: 11.0, t_des: 49.0, bed_util_ads: 0.182, bed_util_des: 0.182, frac_lost: 0.011, li_recovered:  0.013
L: 0.51, u_super: 0.00160, sec: 34887.816, prod: 0.000173, t_ads: 56.0, t_des: 281.0, bed_util_ads: 0.128, bed_util_des: 0.128, frac_lost: 0.010, li_recovered:  0.058
L: 0.50, u_super: 0.00017, sec: inf, prod: 0.000000, t_ads: 313.0, t_des: 0.0, bed_util_ads: 0.174, bed_util_des: 0.174, frac_lost: 0.010, li_recovered:  0.000
L: 0.51, u_super: 0.00023, sec: 797.416, prod: 0.000158, t_ads: 333.0, t_des: 1146.0, bed_util_ads: 0.114, bed_util_des: 0.110, frac_lost: 0.010, li_recovered:  0.234
L: 0.61, u_super: 0.00793, sec: 759187.062, prod: 0.000213, t_ads: 16.0, t_des: 57.0, bed_util_ads: 0.186, bed_util_des: 0.185, frac_lost: 0.013, li_recovered:  0.016
L: 0.50, u_super: 0.00104, sec: 14280.036, prod: 0.000179, t_ads: 82.0, t_des: 311.0, bed_util_ads: 0.137, bed_util_des: 0.136, frac_lost: 0.010, li_recovered:  0.070
L: 0.54, u_super: 0.00397, sec: 206175.469, prod: 0.000187, t_ads: 25.0, t_des: 91.0, bed_util_ads: 0.160, bed_util_des: 0.159, frac_lost: 0.010, li_recovered:  0.022
L: 0.53, u_super: 0.00470, sec: 282481.844, prod: 0.000193, t_ads: 22.0, t_des: 71.0, bed_util_ads: 0.177, bed_util_des: 0.177, frac_lost: 0.012, li_recovered:  0.018
L: 0.51, u_super: 0.00205, sec: 70771.750, prod: 0.000141, t_ads: 45.0, t_des: 396.0, bed_util_ads: 0.107, bed_util_des: 0.106, frac_lost: 0.011, li_recovered:  0.062
L: 0.50, u_super: 0.00532, sec: 340842.375, prod: 0.000207, t_ads: 19.0, t_des: 73.0, bed_util_ads: 0.172, bed_util_des: 0.172, frac_lost: 0.012, li_recovered:  0.019
L: 0.68, u_super: 0.00879, sec: 1027911.250, prod: 0.000196, t_ads: 16.0, t_des: 53.0, bed_util_ads: 0.188, bed_util_des: 0.188, frac_lost: 0.012, li_recovered:  0.014
L: 0.56, u_super: 0.00569, sec: 548190.000, prod: 0.000148, t_ads: 19.0, t_des: 183.0, bed_util_ads: 0.115, bed_util_des: 0.115, frac_lost: 0.010, li_recovered:  0.030
L: 0.50, u_super: 0.00023, sec: 1118.740, prod: 0.000110, t_ads: 353.0, t_des: 3217.0, bed_util_ads: 0.081, bed_util_des: 0.075, frac_lost: 0.010, li_recovered:  0.393
L: 0.50, u_super: 0.00312, sec: 123649.500, prod: 0.000190, t_ads: 30.0, t_des: 132.0, bed_util_ads: 0.148, bed_util_des: 0.148, frac_lost: 0.011, li_recovered:  0.031
    49 |     1960 |     38 |  0.0008218221 |             f
L: 0.51, u_super: 0.00922, sec: 1182303.875, prod: 0.000189, t_ads: 12.0, t_des: 93.0, bed_util_ads: 0.145, bed_util_des: 0.145, frac_lost: 0.012, li_recovered:  0.020
L: 0.51, u_super: 0.00879, sec: 917408.000, prod: 0.000219, t_ads: 13.0, t_des: 52.0, bed_util_ads: 0.190, bed_util_des: 0.189, frac_lost: 0.014, li_recovered:  0.014
L: 0.50, u_super: 0.00239, sec: 72658.000, prod: 0.000188, t_ads: 38.0, t_des: 152.0, bed_util_ads: 0.149, bed_util_des: 0.148, frac_lost: 0.011, li_recovered:  0.036
L: 0.51, u_super: 0.00446, sec: 255380.516, prod: 0.000191, t_ads: 22.0, t_des: 113.0, bed_util_ads: 0.147, bed_util_des: 0.147, frac_lost: 0.011, li_recovered:  0.026
L: 0.51, u_super: 0.00627, sec: 803505.688, prod: 0.000124, t_ads: 16.0, t_des: 36.0, bed_util_ads: 0.209, bed_util_des: 0.209, frac_lost: 0.011, li_recovered:  0.006
L: 0.51, u_super: 0.00816, sec: 832420.250, prod: 0.000207, t_ads: 13.0, t_des: 55.0, bed_util_ads: 0.175, bed_util_des: 0.175, frac_lost: 0.010, li_recovered:  0.014
L: 0.58, u_super: 0.00839, sec: 920562.375, prod: 0.000198, t_ads: 14.0, t_des: 48.0, bed_util_ads: 0.186, bed_util_des: 0.185, frac_lost: 0.010, li_recovered:  0.012
L: 0.50, u_super: 0.00034, sec: 1608.764, prod: 0.000166, t_ads: 231.0, t_des: 762.0, bed_util_ads: 0.123, bed_util_des: 0.121, frac_lost: 0.010, li_recovered:  0.164
L: 0.61, u_super: 0.00478, sec: 307024.438, prod: 0.000184, t_ads: 24.0, t_des: 83.0, bed_util_ads: 0.165, bed_util_des: 0.165, frac_lost: 0.011, li_recovered:  0.020
L: 0.51, u_super: 0.00905, sec: 1039974.875, prod: 0.000206, t_ads: 12.0, t_des: 64.0, bed_util_ads: 0.165, bed_util_des: 0.165, frac_lost: 0.011, li_recovered:  0.016
L: 0.51, u_super: 0.00722, sec: 705888.812, prod: 0.000188, t_ads: 15.0, t_des: 113.0, bed_util_ads: 0.141, bed_util_des: 0.140, frac_lost: 0.013, li_recovered:  0.024
L: 0.52, u_super: 0.00770, sec: 736789.938, prod: 0.000207, t_ads: 14.0, t_des: 57.0, bed_util_ads: 0.176, bed_util_des: 0.176, frac_lost: 0.011, li_recovered:  0.015
L: 0.51, u_super: 0.00956, sec: 1222480.125, prod: 0.000197, t_ads: 12.0, t_des: 98.0, bed_util_ads: 0.147, bed_util_des: 0.147, frac_lost: 0.013, li_recovered:  0.022
L: 0.53, u_super: 0.00851, sec: 1110759.250, prod: 0.000169, t_ads: 13.0, t_des: 38.0, bed_util_ads: 0.200, bed_util_des: 0.200, frac_lost: 0.011, li_recovered:  0.009
L: 0.51, u_super: 0.00921, sec: 4836926.500, prod: 0.000046, t_ads: 12.0, t_des: 690.0, bed_util_ads: 0.062, bed_util_des: 0.062, frac_lost: 0.011, li_recovered:  0.032
L: 0.70, u_super: 0.00078, sec: 8522.044, prod: 0.000168, t_ads: 143.0, t_des: 387.0, bed_util_ads: 0.141, bed_util_des: 0.140, frac_lost: 0.010, li_recovered:  0.089
L: 0.51, u_super: 0.00021, sec: inf, prod: 0.000000, t_ads: 257.0, t_des: 0.0, bed_util_ads: 0.190, bed_util_des: 0.190, frac_lost: 0.010, li_recovered:  0.000
L: 0.63, u_super: 0.00219, sec: 98733.750, prod: 0.000116, t_ads: 50.0, t_des: 94.0, bed_util_ads: 0.184, bed_util_des: 0.183, frac_lost: 0.011, li_recovered:  0.017
L: 0.50, u_super: 0.00011, sec: inf, prod: 0.000000, t_ads: 449.0, t_des: 0.0, bed_util_ads: 0.148, bed_util_des: 0.148, frac_lost: 0.010, li_recovered:  0.000
L: 0.51, u_super: 0.00192, sec: 51320.145, prod: 0.000170, t_ads: 46.0, t_des: 131.0, bed_util_ads: 0.160, bed_util_des: 0.160, frac_lost: 0.010, li_recovered:  0.030
L: 0.51, u_super: 0.00075, sec: 8737.289, prod: 0.000151, t_ads: 114.0, t_des: 737.0, bed_util_ads: 0.108, bed_util_des: 0.106, frac_lost: 0.010, li_recovered:  0.128
L: 0.51, u_super: 0.00005, sec: 59.260, prod: 0.000111, t_ads: 1287.0, t_des: 4045.0, bed_util_ads: 0.082, bed_util_des: 0.073, frac_lost: 0.010, li_recovered:  0.591
L: 0.77, u_super: 0.00118, sec: 18618.889, prod: 0.000175, t_ads: 108.0, t_des: 360.0, bed_util_ads: 0.137, bed_util_des: 0.136, frac_lost: 0.010, li_recovered:  0.082
L: 0.50, u_super: 0.00532, sec: 343419.250, prod: 0.000205, t_ads: 19.0, t_des: 73.0, bed_util_ads: 0.172, bed_util_des: 0.172, frac_lost: 0.012, li_recovered:  0.019
L: 0.50, u_super: 0.00769, sec: 750611.375, prod: 0.000203, t_ads: 14.0, t_des: 92.0, bed_util_ads: 0.152, bed_util_des: 0.151, frac_lost: 0.013, li_recovered:  0.021
L: 0.50, u_super: 0.00569, sec: 384191.969, prod: 0.000211, t_ads: 18.0, t_des: 70.0, bed_util_ads: 0.174, bed_util_des: 0.174, frac_lost: 0.013, li_recovered:  0.019
L: 0.58, u_super: 0.00079, sec: 15408.813, prod: 0.000094, t_ads: 127.0, t_des: 1837.0, bed_util_ads: 0.078, bed_util_des: 0.075, frac_lost: 0.010, li_recovered:  0.184
L: 0.52, u_super: 0.00484, sec: 333528.406, prod: 0.000174, t_ads: 21.0, t_des: 57.0, bed_util_ads: 0.189, bed_util_des: 0.189, frac_lost: 0.012, li_recovered:  0.014
L: 0.50, u_super: 0.00033, sec: 1895.144, prod: 0.000131, t_ads: 251.0, t_des: 1825.0, bed_util_ads: 0.093, bed_util_des: 0.089, frac_lost: 0.010, li_recovered:  0.271
L: 0.51, u_super: 0.00670, sec: 556698.250, prod: 0.000205, t_ads: 16.0, t_des: 88.0, bed_util_ads: 0.156, bed_util_des: 0.156, frac_lost: 0.013, li_recovered:  0.021
L: 0.50, u_super: 0.00216, sec: 72137.141, prod: 0.000154, t_ads: 41.0, t_des: 99.0, bed_util_ads: 0.173, bed_util_des: 0.173, frac_lost: 0.011, li_recovered:  0.022
L: 0.52, u_super: 0.00014, sec: 392.688, prod: 0.000123, t_ads: 561.0, t_des: 3382.0, bed_util_ads: 0.086, bed_util_des: 0.079, frac_lost: 0.010, li_recovered:  0.486
L: 0.51, u_super: 0.00044, sec: inf, prod: 0.000000, t_ads: 166.0, t_des: 0.0, bed_util_ads: 0.188, bed_util_des: 0.188, frac_lost: 0.010, li_recovered:  0.000
L: 0.50, u_super: 0.00093, sec: 11933.517, prod: 0.000169, t_ads: 92.0, t_des: 460.0, bed_util_ads: 0.122, bed_util_des: 0.121, frac_lost: 0.010, li_recovered:  0.093
L: 0.58, u_super: 0.00990, sec: 2275230.250, prod: 0.000114, t_ads: 13.0, t_des: 257.0, bed_util_ads: 0.101, bed_util_des: 0.100, frac_lost: 0.014, li_recovered:  0.031
L: 0.61, u_super: 0.00909, sec: 1102260.125, prod: 0.000196, t_ads: 14.0, t_des: 89.0, bed_util_ads: 0.150, bed_util_des: 0.150, frac_lost: 0.012, li_recovered:  0.020
L: 0.51, u_super: 0.00023, sec: 867.209, prod: 0.000142, t_ads: 346.0, t_des: 1850.0, bed_util_ads: 0.098, bed_util_des: 0.094, frac_lost: 0.010, li_recovered:  0.313
L: 0.51, u_super: 0.00344, sec: 152380.688, prod: 0.000189, t_ads: 28.0, t_des: 136.0, bed_util_ads: 0.145, bed_util_des: 0.144, frac_lost: 0.011, li_recovered:  0.031
L: 0.51, u_super: 0.00023, sec: 776.437, prod: 0.000159, t_ads: 330.0, t_des: 971.0, bed_util_ads: 0.119, bed_util_des: 0.116, frac_lost: 0.010, li_recovered:  0.207
L: 0.51, u_super: 0.00875, sec: 900094.500, prod: 0.000222, t_ads: 13.0, t_des: 59.0, bed_util_ads: 0.180, bed_util_des: 0.180, frac_lost: 0.014, li_recovered:  0.016
    50 |     2000 |     39 |  0.0013146340 |             f

================================================================================
PARETO FRONT
================================================================================
       L      u_super   des_thresh          SEC   Productivity
--------------------------------------------------------------------------------
  0.5099     0.009775       0.1882 1044561.3750       0.000241
  0.5099     0.006701       0.1768  523108.6250       0.000218
  0.5345     0.008388       0.1854  800571.5000       0.000228
  0.5128     0.007340       0.1716  621554.8125       0.000222
  0.5251     0.009094       0.1849  930578.7500       0.000232
  0.5094     0.000070       0.0748      97.9895       0.000117
  0.5011     0.007778       0.1758  692663.3750       0.000225
  0.5278     0.004699       0.1648  271687.2812       0.000201
  0.5003     0.000152       0.1044     361.3272       0.000148
  0.5429     0.003972       0.1584  196345.7031       0.000196
  0.5108     0.003443       0.1575  148219.8906       0.000194
  0.5112     0.004790       0.1648  278888.4062       0.000203
  0.5365     0.007698       0.1758  683020.0000       0.000223
  0.5131     0.001596       0.1415   33219.7109       0.000182
  0.5112     0.003915       0.1648  191519.7500       0.000196
  0.5071     0.000214       0.1043     690.8015       0.000154
  0.5006     0.003121       0.1481  123175.1797       0.000191
  0.5008     0.002023       0.1466   53016.8008       0.000184
  0.5004     0.000339       0.1210    1608.4417       0.000166
  0.5102     0.000169       0.1044     438.9252       0.000151
  0.5067     0.000812       0.1331    8754.4219       0.000176
  0.5127     0.000627       0.1280    5301.7456       0.000173
  0.5064     0.000061       0.0734      74.4492       0.000114
  0.5067     0.003048       0.1467  118219.2344       0.000190
  0.5440     0.000546       0.1302    4061.0564       0.000171
  0.5108     0.008787       0.1818  865682.6875       0.000232
  0.5036     0.000071       0.0751      99.2722       0.000118
  0.5035     0.000053       0.0778      58.3968       0.000113
  0.5131     0.001927       0.1415   48362.8203       0.000183
  0.5010     0.000112       0.0934     209.7979       0.000138
  0.5006     0.000286       0.1205    1169.2194       0.000163
  0.5036     0.009678       0.1882 1034786.8125       0.000239
  0.5007     0.002192       0.1481   61579.1836       0.000186
  0.5108     0.000460       0.1284    2902.8743       0.000170
  0.5033     0.001043       0.1360   14280.0361       0.000179
  0.5023     0.005318       0.1717  340842.3750       0.000207
  0.5007     0.002390       0.1481   72658.0000       0.000188
  0.5011     0.005688       0.1739  384191.9688       0.000211
  0.5069     0.000231       0.1160     776.4374       0.000159
================================================================================

EXTREME SOLUTIONS
--------------------------------------------------------------------------------
Minimum SEC:
  L=0.5035 m, u=0.000053 m/s, des_thresh=0.0778
  SEC=58.3968, Productivity=0.000113 mol/m³/s

Maximum Productivity:
  L=0.5099 m, u=0.009775 m/s, des_thresh=0.1882
  SEC=1044561.3750, Productivity=0.000241 mol/m³/s

Elbow (Best Trade-off):
  L=0.5035 m, u=0.000053 m/s, des_thresh=0.0778
  SEC=58.3968, Productivity=0.000113 mol/m³/s
--------------------------------------------------------------------------------
Generations: 51
================================================================================
