L: 1.32, u_super: 0.00941, sec: 25407204.000, t_ads: 51.0, t_des: 36214.0, bed_util_ads: 0.025, bed_util_des: 0.020, frac_lost: 0.105
L: 0.80, u_super: 0.00940, sec: 28978692.000, t_ads: 32.0, t_des: 27744.0, bed_util_ads: 0.023, bed_util_des: 0.020, frac_lost: 0.108
L: 1.04, u_super: 0.00425, sec: 3947427.250, t_ads: 87.0, t_des: 46990.0, bed_util_ads: 0.027, bed_util_des: 0.020, frac_lost: 0.102
L: 1.76, u_super: 0.00411, sec: 2802898.500, t_ads: 152.0, t_des: 58269.0, bed_util_ads: 0.032, bed_util_des: 0.020, frac_lost: 0.102
L: 1.37, u_super: 0.00037, sec: 6732.490, t_ads: 1354.0, t_des: 77831.0, bed_util_ads: 0.072, bed_util_des: 0.020, frac_lost: 0.100
L: 1.65, u_super: 0.00537, sec: 5795777.500, t_ads: 109.0, t_des: 51524.0, bed_util_ads: 0.029, bed_util_des: 0.020, frac_lost: 0.100
L: 1.06, u_super: 0.00783, sec: 17575492.000, t_ads: 49.0, t_des: 35150.0, bed_util_ads: 0.024, bed_util_des: 0.020, frac_lost: 0.102
L: 1.02, u_super: 0.00454, sec: 4724423.500, t_ads: 80.0, t_des: 45042.0, bed_util_ads: 0.027, bed_util_des: 0.020, frac_lost: 0.100
L: 0.79, u_super: 0.00405, sec: 3907797.750, t_ads: 70.0, t_des: 42586.0, bed_util_ads: 0.026, bed_util_des: 0.020, frac_lost: 0.103
L: 0.88, u_super: 0.00267, sec: 1320423.750, t_ads: 118.0, t_des: 53364.0, bed_util_ads: 0.030, bed_util_des: 0.020, frac_lost: 0.102
L: 1.65, u_super: 0.00285, sec: 1126474.375, t_ads: 205.0, t_des: 63404.0, bed_util_ads: 0.035, bed_util_des: 0.020, frac_lost: 0.100
L: 1.28, u_super: 0.00971, sec: 27754324.000, t_ads: 48.0, t_des: 34943.0, bed_util_ads: 0.024, bed_util_des: 0.020, frac_lost: 0.104
L: 1.95, u_super: 0.00720, sec: 11304602.000, t_ads: 96.0, t_des: 48976.0, bed_util_ads: 0.028, bed_util_des: 0.020, frac_lost: 0.101
L: 1.36, u_super: 0.00281, sec: 1213160.500, t_ads: 171.0, t_des: 60356.0, bed_util_ads: 0.033, bed_util_des: 0.020, frac_lost: 0.101
L: 0.82, u_super: 0.00961, sec: 30492630.000, t_ads: 32.0, t_des: 27615.0, bed_util_ads: 0.023, bed_util_des: 0.020, frac_lost: 0.106
L: 1.32, u_super: 0.00124, sec: 145494.859, t_ads: 380.0, t_des: 71666.0, bed_util_ads: 0.045, bed_util_des: 0.020, frac_lost: 0.100
L: 1.47, u_super: 0.00771, sec: 15167126.000, t_ads: 68.0, t_des: 41649.0, bed_util_ads: 0.026, bed_util_des: 0.020, frac_lost: 0.100
L: 1.46, u_super: 0.00909, sec: 22607852.000, t_ads: 58.0, t_des: 38684.0, bed_util_ads: 0.025, bed_util_des: 0.020, frac_lost: 0.104
L: 0.66, u_super: 0.00528, sec: 7953477.500, t_ads: 45.0, t_des: 33512.0, bed_util_ads: 0.024, bed_util_des: 0.020, frac_lost: 0.102
L: 1.24, u_super: 0.00071, sec: 36092.785, t_ads: 627.0, t_des: 75712.0, bed_util_ads: 0.055, bed_util_des: 0.020, frac_lost: 0.100
L: 1.50, u_super: 0.00846, sec: 18675166.000, t_ads: 64.0, t_des: 40763.0, bed_util_ads: 0.026, bed_util_des: 0.020, frac_lost: 0.104
L: 1.43, u_super: 0.00265, sec: 1010847.438, t_ads: 191.0, t_des: 62231.0, bed_util_ads: 0.035, bed_util_des: 0.020, frac_lost: 0.101
L: 1.78, u_super: 0.00509, sec: 4845360.000, t_ads: 124.0, t_des: 54324.0, bed_util_ads: 0.030, bed_util_des: 0.020, frac_lost: 0.102
L: 1.32, u_super: 0.00748, sec: 14609299.000, t_ads: 63.0, t_des: 40195.0, bed_util_ads: 0.026, bed_util_des: 0.020, frac_lost: 0.102
L: 0.81, u_super: 0.00813, sec: 21068294.000, t_ads: 36.0, t_des: 29210.0, bed_util_ads: 0.023, bed_util_des: 0.020, frac_lost: 0.100
L: 1.56, u_super: 0.00781, sec: 15302319.000, t_ads: 71.0, t_des: 42604.0, bed_util_ads: 0.026, bed_util_des: 0.020, frac_lost: 0.101
L: 0.87, u_super: 0.00796, sec: 19338742.000, t_ads: 40.0, t_des: 31463.0, bed_util_ads: 0.024, bed_util_des: 0.020, frac_lost: 0.105
L: 0.87, u_super: 0.00090, sec: 81225.945, t_ads: 343.0, t_des: 70638.0, bed_util_ads: 0.043, bed_util_des: 0.020, frac_lost: 0.101
L: 1.80, u_super: 0.00854, sec: 18028960.000, t_ads: 75.0, t_des: 43782.0, bed_util_ads: 0.026, bed_util_des: 0.020, frac_lost: 0.101
L: 1.83, u_super: 0.00472, sec: 3953479.750, t_ads: 137.0, t_des: 56178.0, bed_util_ads: 0.031, bed_util_des: 0.020, frac_lost: 0.101
L: 0.98, u_super: 0.00017, sec: 1185.786, t_ads: 2157.0, t_des: 77655.0, bed_util_ads: 0.083, bed_util_des: 0.020, frac_lost: 0.100
L: 1.50, u_super: 0.00716, sec: 12419730.000, t_ads: 75.0, t_des: 43816.0, bed_util_ads: 0.026, bed_util_des: 0.020, frac_lost: 0.101
L: 1.77, u_super: 0.00286, sec: 1095435.500, t_ads: 219.0, t_des: 64509.0, bed_util_ads: 0.036, bed_util_des: 0.020, frac_lost: 0.101
L: 0.90, u_super: 0.00637, sec: 11265205.000, t_ads: 51.0, t_des: 35898.0, bed_util_ads: 0.025, bed_util_des: 0.020, frac_lost: 0.102
L: 1.73, u_super: 0.00954, sec: 24071496.000, t_ads: 65.0, t_des: 40933.0, bed_util_ads: 0.026, bed_util_des: 0.020, frac_lost: 0.102
L: 0.81, u_super: 0.00483, sec: 6000332.000, t_ads: 60.0, t_des: 39071.0, bed_util_ads: 0.025, bed_util_des: 0.020, frac_lost: 0.100
L: 1.85, u_super: 0.00424, sec: 2962380.250, t_ads: 155.0, t_des: 58613.0, bed_util_ads: 0.032, bed_util_des: 0.020, frac_lost: 0.101
L: 1.43, u_super: 0.00034, sec: 5395.147, t_ads: 1540.0, t_des: 77848.0, bed_util_ads: 0.075, bed_util_des: 0.020, frac_lost: 0.100
L: 1.54, u_super: 0.00911, sec: 22320478.000, t_ads: 61.0, t_des: 39645.0, bed_util_ads: 0.025, bed_util_des: 0.020, frac_lost: 0.103
L: 1.76, u_super: 0.00878, sec: 19312406.000, t_ads: 72.0, t_des: 43164.0, bed_util_ads: 0.026, bed_util_des: 0.020, frac_lost: 0.103
=================================================
n_gen  |  n_eval  |     f_avg     |     f_min    
=================================================
     1 |       40 |  1.071590E+07 |  1.185786E+03
L: 1.00, u_super: 0.00941, sec: 27755786.000, t_ads: 39.0, t_des: 30984.0, bed_util_ads: 0.024, bed_util_des: 0.020, frac_lost: 0.104
L: 1.40, u_super: 0.00176, sec: 351577.438, t_ads: 283.0, t_des: 68177.0, bed_util_ads: 0.040, bed_util_des: 0.020, frac_lost: 0.100
L: 1.04, u_super: 0.00042, sec: 10709.558, t_ads: 884.0, t_des: 77147.0, bed_util_ads: 0.063, bed_util_des: 0.020, frac_lost: 0.100
L: 0.93, u_super: 0.00411, sec: 3841509.750, t_ads: 80.0, t_des: 45050.0, bed_util_ads: 0.027, bed_util_des: 0.020, frac_lost: 0.100
L: 0.91, u_super: 0.00037, sec: 8129.948, t_ads: 892.0, t_des: 77143.0, bed_util_ads: 0.063, bed_util_des: 0.020, frac_lost: 0.100
L: 1.39, u_super: 0.00537, sec: 6262382.000, t_ads: 92.0, t_des: 48095.0, bed_util_ads: 0.028, bed_util_des: 0.020, frac_lost: 0.101
L: 1.06, u_super: 0.00141, sec: 232249.359, t_ads: 267.0, t_des: 67428.0, bed_util_ads: 0.039, bed_util_des: 0.020, frac_lost: 0.100
L: 1.10, u_super: 0.00098, sec: 89435.633, t_ads: 397.0, t_des: 72160.0, bed_util_ads: 0.046, bed_util_des: 0.020, frac_lost: 0.100
L: 0.80, u_super: 0.00405, sec: 3880115.750, t_ads: 71.0, t_des: 42937.0, bed_util_ads: 0.026, bed_util_des: 0.020, frac_lost: 0.104
L: 0.88, u_super: 0.00010, sec: 379.752, t_ads: 3278.0, t_des: 77152.0, bed_util_ads: 0.091, bed_util_des: 0.020, frac_lost: 0.100
L: 1.65, u_super: 0.00038, sec: 6644.393, t_ads: 1598.0, t_des: 77845.0, bed_util_ads: 0.076, bed_util_des: 0.020, frac_lost: 0.100
L: 0.77, u_super: 0.00971, sec: 31522150.000, t_ads: 30.0, t_des: 26731.0, bed_util_ads: 0.023, bed_util_des: 0.020, frac_lost: 0.109
L: 1.95, u_super: 0.00013, sec: 522.005, t_ads: 5955.0, t_des: 76891.0, bed_util_ads: 0.102, bed_util_des: 0.020, frac_lost: 0.100
L: 0.87, u_super: 0.00281, sec: 1526539.250, t_ads: 110.0, t_des: 51748.0, bed_util_ads: 0.029, bed_util_des: 0.020, frac_lost: 0.101
L: 1.23, u_super: 0.00961, sec: 27724256.000, t_ads: 46.0, t_des: 33825.0, bed_util_ads: 0.024, bed_util_des: 0.020, frac_lost: 0.101
L: 1.16, u_super: 0.00124, sec: 156830.109, t_ads: 333.0, t_des: 70266.0, bed_util_ads: 0.043, bed_util_des: 0.020, frac_lost: 0.100
L: 1.47, u_super: 0.00073, sec: 34840.836, t_ads: 729.0, t_des: 76442.0, bed_util_ads: 0.058, bed_util_des: 0.020, frac_lost: 0.100
L: 1.46, u_super: 0.00011, sec: 397.787, t_ads: 5133.0, t_des: 76814.0, bed_util_ads: 0.099, bed_util_des: 0.020, frac_lost: 0.100
L: 0.66, u_super: 0.00027, sec: 4317.510, t_ads: 880.0, t_des: 77115.0, bed_util_ads: 0.062, bed_util_des: 0.020, frac_lost: 0.100
L: 1.24, u_super: 0.00020, sec: 1617.625, t_ads: 2314.0, t_des: 77577.0, bed_util_ads: 0.084, bed_util_des: 0.020, frac_lost: 0.100
L: 1.21, u_super: 0.00846, sec: 20164300.000, t_ads: 52.0, t_des: 36508.0, bed_util_ads: 0.025, bed_util_des: 0.020, frac_lost: 0.104
L: 0.76, u_super: 0.00014, sec: 814.806, t_ads: 2025.0, t_des: 77703.0, bed_util_ads: 0.081, bed_util_des: 0.020, frac_lost: 0.100
L: 1.20, u_super: 0.00509, sec: 5847357.500, t_ads: 84.0, t_des: 46107.0, bed_util_ads: 0.027, bed_util_des: 0.020, frac_lost: 0.100
L: 0.93, u_super: 0.00748, sec: 16474477.000, t_ads: 45.0, t_des: 33411.0, bed_util_ads: 0.024, bed_util_des: 0.020, frac_lost: 0.101
L: 0.71, u_super: 0.00014, sec: 878.976, t_ads: 1840.0, t_des: 77777.0, bed_util_ads: 0.079, bed_util_des: 0.020, frac_lost: 0.100
L: 1.56, u_super: 0.00016, sec: 911.376, t_ads: 3689.0, t_des: 77012.0, bed_util_ads: 0.093, bed_util_des: 0.020, frac_lost: 0.100
L: 0.74, u_super: 0.00796, sec: 20490024.000, t_ads: 34.0, t_des: 28200.0, bed_util_ads: 0.023, bed_util_des: 0.020, frac_lost: 0.100
L: 0.87, u_super: 0.00012, sec: 554.218, t_ads: 2710.0, t_des: 77388.0, bed_util_ads: 0.087, bed_util_des: 0.020, frac_lost: 0.100
L: 0.90, u_super: 0.00854, sec: 22466482.000, t_ads: 39.0, t_des: 31161.0, bed_util_ads: 0.024, bed_util_des: 0.020, frac_lost: 0.107
L: 0.89, u_super: 0.00472, sec: 5500356.000, t_ads: 67.0, t_des: 41384.0, bed_util_ads: 0.026, bed_util_des: 0.020, frac_lost: 0.101
L: 0.98, u_super: 0.00130, sec: 196986.781, t_ads: 268.0, t_des: 67448.0, bed_util_ads: 0.039, bed_util_des: 0.020, frac_lost: 0.100
L: 1.50, u_super: 0.00205, sec: 504083.312, t_ads: 260.0, t_des: 67091.0, bed_util_ads: 0.039, bed_util_des: 0.020, frac_lost: 0.101
L: 0.79, u_super: 0.00012, sec: 542.933, t_ads: 2510.0, t_des: 77486.0, bed_util_ads: 0.086, bed_util_des: 0.020, frac_lost: 0.100
L: 0.90, u_super: 0.00282, sec: 1497267.250, t_ads: 114.0, t_des: 52671.0, bed_util_ads: 0.029, bed_util_des: 0.020, frac_lost: 0.102
L: 1.12, u_super: 0.00954, sec: 27681856.000, t_ads: 43.0, t_des: 32866.0, bed_util_ads: 0.024, bed_util_des: 0.020, frac_lost: 0.105
L: 1.07, u_super: 0.00483, sec: 5360847.000, t_ads: 79.0, t_des: 44898.0, bed_util_ads: 0.027, bed_util_des: 0.020, frac_lost: 0.101
L: 1.04, u_super: 0.00424, sec: 3935915.250, t_ads: 87.0, t_des: 46991.0, bed_util_ads: 0.027, bed_util_des: 0.020, frac_lost: 0.102
L: 1.43, u_super: 0.00015, sec: 853.050, t_ads: 3505.0, t_des: 77072.0, bed_util_ads: 0.092, bed_util_des: 0.020, frac_lost: 0.100
L: 0.80, u_super: 0.00026, sec: 3733.902, t_ads: 1098.0, t_des: 77625.0, bed_util_ads: 0.068, bed_util_des: 0.020, frac_lost: 0.100
L: 1.08, u_super: 0.00878, sec: 22870724.000, t_ads: 45.0, t_des: 33717.0, bed_util_ads: 0.024, bed_util_des: 0.020, frac_lost: 0.105
     2 |       80 |  5.715790E+06 |  3.797516E+02
L: 0.96, u_super: 0.00941, sec: 28498898.000, t_ads: 37.0, t_des: 29669.0, bed_util_ads: 0.023, bed_util_des: 0.020, frac_lost: 0.100
L: 1.13, u_super: 0.00176, sec: 398270.000, t_ads: 227.0, t_des: 65084.0, bed_util_ads: 0.037, bed_util_des: 0.020, frac_lost: 0.101
L: 0.85, u_super: 0.00042, sec: 11870.005, t_ads: 721.0, t_des: 76382.0, bed_util_ads: 0.058, bed_util_des: 0.020, frac_lost: 0.100
L: 1.76, u_super: 0.00010, sec: 332.050, t_ads: 6736.0, t_des: 77098.0, bed_util_ads: 0.103, bed_util_des: 0.020, frac_lost: 0.100
L: 1.45, u_super: 0.00037, sec: 6583.193, t_ads: 1431.0, t_des: 77842.0, bed_util_ads: 0.074, bed_util_des: 0.020, frac_lost: 0.100
L: 1.65, u_super: 0.00010, sec: 329.630, t_ads: 6364.0, t_des: 76983.0, bed_util_ads: 0.103, bed_util_des: 0.020, frac_lost: 0.100
L: 1.10, u_super: 0.00141, sec: 227591.531, t_ads: 276.0, t_des: 67934.0, bed_util_ads: 0.040, bed_util_des: 0.020, frac_lost: 0.101
L: 0.70, u_super: 0.00098, sec: 116420.008, t_ads: 251.0, t_des: 66596.0, bed_util_ads: 0.038, bed_util_des: 0.020, frac_lost: 0.101
L: 0.80, u_super: 0.00010, sec: 379.898, t_ads: 2980.0, t_des: 77273.0, bed_util_ads: 0.089, bed_util_des: 0.020, frac_lost: 0.100
L: 0.88, u_super: 0.00019, sec: 1581.244, t_ads: 1732.0, t_des: 77812.0, bed_util_ads: 0.078, bed_util_des: 0.020, frac_lost: 0.100
L: 0.70, u_super: 0.00068, sec: 45285.559, t_ads: 363.0, t_des: 71235.0, bed_util_ads: 0.044, bed_util_des: 0.020, frac_lost: 0.100
L: 1.28, u_super: 0.00012, sec: 531.876, t_ads: 3949.0, t_des: 76949.0, bed_util_ads: 0.095, bed_util_des: 0.020, frac_lost: 0.100
L: 1.94, u_super: 0.00010, sec: 327.161, t_ads: 7478.0, t_des: 77408.0, bed_util_ads: 0.105, bed_util_des: 0.020, frac_lost: 0.100
L: 1.14, u_super: 0.00281, sec: 1331863.125, t_ads: 144.0, t_des: 57111.0, bed_util_ads: 0.031, bed_util_des: 0.020, frac_lost: 0.101
L: 0.86, u_super: 0.00961, sec: 30444812.000, t_ads: 33.0, t_des: 27938.0, bed_util_ads: 0.023, bed_util_des: 0.020, frac_lost: 0.104
L: 1.32, u_super: 0.00010, sec: 336.705, t_ads: 5062.0, t_des: 76808.0, bed_util_ads: 0.099, bed_util_des: 0.020, frac_lost: 0.100
L: 1.08, u_super: 0.00073, sec: 41332.926, t_ads: 530.0, t_des: 74628.0, bed_util_ads: 0.051, bed_util_des: 0.020, frac_lost: 0.100
L: 1.46, u_super: 0.00204, sec: 506588.062, t_ads: 253.0, t_des: 66609.0, bed_util_ads: 0.038, bed_util_des: 0.020, frac_lost: 0.100
L: 0.66, u_super: 0.00010, sec: 409.605, t_ads: 2411.0, t_des: 77524.0, bed_util_ads: 0.085, bed_util_des: 0.020, frac_lost: 0.100
L: 1.24, u_super: 0.00010, sec: 352.568, t_ads: 4667.0, t_des: 76832.0, bed_util_ads: 0.098, bed_util_des: 0.020, frac_lost: 0.100
L: 1.50, u_super: 0.00076, sec: 39267.578, t_ads: 704.0, t_des: 76257.0, bed_util_ads: 0.057, bed_util_des: 0.020, frac_lost: 0.100
L: 1.05, u_super: 0.00014, sec: 735.207, t_ads: 2838.0, t_des: 77329.0, bed_util_ads: 0.088, bed_util_des: 0.020, frac_lost: 0.100
L: 1.78, u_super: 0.00010, sec: 327.647, t_ads: 6847.0, t_des: 77142.0, bed_util_ads: 0.104, bed_util_des: 0.020, frac_lost: 0.100
L: 1.32, u_super: 0.00010, sec: 337.730, t_ads: 5028.0, t_des: 76809.0, bed_util_ads: 0.099, bed_util_des: 0.020, frac_lost: 0.100
L: 0.69, u_super: 0.00014, sec: 886.798, t_ads: 1795.0, t_des: 77791.0, bed_util_ads: 0.079, bed_util_des: 0.020, frac_lost: 0.100
L: 0.93, u_super: 0.00016, sec: 1053.543, t_ads: 2165.0, t_des: 77638.0, bed_util_ads: 0.083, bed_util_des: 0.020, frac_lost: 0.100
L: 0.64, u_super: 0.00796, sec: 20983482.000, t_ads: 30.0, t_des: 26384.0, bed_util_ads: 0.023, bed_util_des: 0.020, frac_lost: 0.104
L: 0.79, u_super: 0.00012, sec: 571.300, t_ads: 2442.0, t_des: 77509.0, bed_util_ads: 0.085, bed_util_des: 0.020, frac_lost: 0.100
L: 0.97, u_super: 0.00854, sec: 22486846.000, t_ads: 41.0, t_des: 31552.0, bed_util_ads: 0.024, bed_util_des: 0.020, frac_lost: 0.100
L: 1.83, u_super: 0.00410, sec: 2739577.750, t_ads: 158.0, t_des: 58970.0, bed_util_ads: 0.032, bed_util_des: 0.020, frac_lost: 0.101
L: 0.98, u_super: 0.00011, sec: 439.475, t_ads: 3379.0, t_des: 77114.0, bed_util_ads: 0.092, bed_util_des: 0.020, frac_lost: 0.100
L: 1.22, u_super: 0.00205, sec: 568470.562, t_ads: 211.0, t_des: 63876.0, bed_util_ads: 0.036, bed_util_des: 0.020, frac_lost: 0.100
L: 0.79, u_super: 0.00010, sec: 389.190, t_ads: 2918.0, t_des: 77297.0, bed_util_ads: 0.089, bed_util_des: 0.020, frac_lost: 0.100
L: 1.38, u_super: 0.00282, sec: 1205227.125, t_ads: 174.0, t_des: 60653.0, bed_util_ads: 0.033, bed_util_des: 0.020, frac_lost: 0.101
L: 1.73, u_super: 0.00378, sec: 2286229.500, t_ads: 162.0, t_des: 59421.0, bed_util_ads: 0.033, bed_util_des: 0.020, frac_lost: 0.101
L: 1.07, u_super: 0.00271, sec: 1249482.375, t_ads: 140.0, t_des: 56624.0, bed_util_ads: 0.031, bed_util_des: 0.020, frac_lost: 0.101
L: 1.85, u_super: 0.00010, sec: 336.283, t_ads: 7051.0, t_des: 77221.0, bed_util_ads: 0.104, bed_util_des: 0.020, frac_lost: 0.100
L: 0.68, u_super: 0.00015, sec: 1075.058, t_ads: 1639.0, t_des: 77822.0, bed_util_ads: 0.077, bed_util_des: 0.020, frac_lost: 0.100
L: 1.18, u_super: 0.00026, sec: 3156.873, t_ads: 1647.0, t_des: 77834.0, bed_util_ads: 0.077, bed_util_des: 0.020, frac_lost: 0.100
L: 0.74, u_super: 0.00878, sec: 25737650.000, t_ads: 31.0, t_des: 26705.0, bed_util_ads: 0.023, bed_util_des: 0.020, frac_lost: 0.101
     3 |      120 |  2.994717E+06 |  3.271614E+02
L: 1.32, u_super: 0.00010, sec: 337.271, t_ads: 5036.0, t_des: 76808.0, bed_util_ads: 0.099, bed_util_des: 0.020, frac_lost: 0.100
L: 1.89, u_super: 0.00176, sec: 294781.250, t_ads: 383.0, t_des: 71810.0, bed_util_ads: 0.045, bed_util_des: 0.020, frac_lost: 0.100
L: 1.04, u_super: 0.00011, sec: 444.824, t_ads: 3527.0, t_des: 77062.0, bed_util_ads: 0.093, bed_util_des: 0.020, frac_lost: 0.100
L: 1.73, u_super: 0.00107, sec: 86095.953, t_ads: 579.0, t_des: 75189.0, bed_util_ads: 0.053, bed_util_des: 0.020, frac_lost: 0.100
L: 1.45, u_super: 0.00063, sec: 24789.936, t_ads: 824.0, t_des: 76932.0, bed_util_ads: 0.061, bed_util_des: 0.020, frac_lost: 0.100
L: 1.65, u_super: 0.00010, sec: 330.692, t_ads: 6354.0, t_des: 76982.0, bed_util_ads: 0.102, bed_util_des: 0.020, frac_lost: 0.100
L: 1.10, u_super: 0.00010, sec: 348.212, t_ads: 4165.0, t_des: 76899.0, bed_util_ads: 0.096, bed_util_des: 0.020, frac_lost: 0.100
L: 1.64, u_super: 0.00098, sec: 71150.320, t_ads: 598.0, t_des: 75380.0, bed_util_ads: 0.054, bed_util_des: 0.020, frac_lost: 0.100
L: 0.80, u_super: 0.00102, sec: 117411.469, t_ads: 278.0, t_des: 67939.0, bed_util_ads: 0.040, bed_util_des: 0.020, frac_lost: 0.100
L: 1.54, u_super: 0.00010, sec: 342.517, t_ads: 5826.0, t_des: 76874.0, bed_util_ads: 0.101, bed_util_des: 0.020, frac_lost: 0.100
L: 1.65, u_super: 0.00010, sec: 329.266, t_ads: 6351.0, t_des: 76983.0, bed_util_ads: 0.102, bed_util_des: 0.020, frac_lost: 0.100
L: 1.94, u_super: 0.00012, sec: 497.907, t_ads: 6078.0, t_des: 76920.0, bed_util_ads: 0.102, bed_util_des: 0.020, frac_lost: 0.100
L: 1.94, u_super: 0.00043, sec: 8365.134, t_ads: 1662.0, t_des: 77838.0, bed_util_ads: 0.077, bed_util_des: 0.020, frac_lost: 0.100
L: 1.36, u_super: 0.00432, sec: 3624888.500, t_ads: 112.0, t_des: 52307.0, bed_util_ads: 0.029, bed_util_des: 0.020, frac_lost: 0.102
L: 1.23, u_super: 0.00010, sec: 341.844, t_ads: 4671.0, t_des: 76825.0, bed_util_ads: 0.098, bed_util_des: 0.020, frac_lost: 0.100
L: 1.26, u_super: 0.00010, sec: 339.021, t_ads: 4801.0, t_des: 76816.0, bed_util_ads: 0.098, bed_util_des: 0.020, frac_lost: 0.100
L: 1.47, u_super: 0.00010, sec: 332.456, t_ads: 5653.0, t_des: 76848.0, bed_util_ads: 0.101, bed_util_des: 0.020, frac_lost: 0.100
L: 1.57, u_super: 0.00011, sec: 393.861, t_ads: 5529.0, t_des: 76836.0, bed_util_ads: 0.100, bed_util_des: 0.020, frac_lost: 0.100
L: 1.90, u_super: 0.00010, sec: 333.975, t_ads: 7265.0, t_des: 77308.0, bed_util_ads: 0.104, bed_util_des: 0.020, frac_lost: 0.100
L: 1.24, u_super: 0.00192, sec: 475890.562, t_ads: 229.0, t_des: 65212.0, bed_util_ads: 0.037, bed_util_des: 0.020, frac_lost: 0.101
L: 1.50, u_super: 0.00010, sec: 331.571, t_ads: 5754.0, t_des: 76862.0, bed_util_ads: 0.101, bed_util_des: 0.020, frac_lost: 0.100
L: 1.99, u_super: 0.00014, sec: 643.349, t_ads: 5501.0, t_des: 76829.0, bed_util_ads: 0.100, bed_util_des: 0.020, frac_lost: 0.100
L: 1.78, u_super: 0.00370, sec: 2131233.500, t_ads: 170.0, t_des: 60235.0, bed_util_ads: 0.033, bed_util_des: 0.020, frac_lost: 0.101
L: 1.32, u_super: 0.00010, sec: 338.435, t_ads: 5023.0, t_des: 76810.0, bed_util_ads: 0.099, bed_util_des: 0.020, frac_lost: 0.100
L: 1.75, u_super: 0.00014, sec: 686.973, t_ads: 4696.0, t_des: 76826.0, bed_util_ads: 0.098, bed_util_des: 0.020, frac_lost: 0.100
L: 1.67, u_super: 0.00016, sec: 897.587, t_ads: 3965.0, t_des: 76944.0, bed_util_ads: 0.095, bed_util_des: 0.020, frac_lost: 0.100
L: 0.87, u_super: 0.00010, sec: 369.008, t_ads: 3264.0, t_des: 77152.0, bed_util_ads: 0.091, bed_util_des: 0.020, frac_lost: 0.100
L: 0.87, u_super: 0.00093, sec: 88351.641, t_ads: 332.0, t_des: 70271.0, bed_util_ads: 0.043, bed_util_des: 0.020, frac_lost: 0.101
L: 1.99, u_super: 0.00854, sec: 17271520.000, t_ads: 83.0, t_des: 45900.0, bed_util_ads: 0.027, bed_util_des: 0.020, frac_lost: 0.101
L: 1.83, u_super: 0.00027, sec: 2962.337, t_ads: 2493.0, t_des: 77490.0, bed_util_ads: 0.086, bed_util_des: 0.020, frac_lost: 0.100
L: 1.97, u_super: 0.00011, sec: 393.519, t_ads: 6917.0, t_des: 77169.0, bed_util_ads: 0.104, bed_util_des: 0.020, frac_lost: 0.100
L: 1.95, u_super: 0.00010, sec: 325.038, t_ads: 7558.0, t_des: 77444.0, bed_util_ads: 0.105, bed_util_des: 0.020, frac_lost: 0.100
L: 1.97, u_super: 0.00010, sec: 334.648, t_ads: 7527.0, t_des: 77428.0, bed_util_ads: 0.105, bed_util_des: 0.020, frac_lost: 0.100
L: 1.96, u_super: 0.00282, sec: 992438.688, t_ads: 246.0, t_des: 66283.0, bed_util_ads: 0.038, bed_util_des: 0.020, frac_lost: 0.101
L: 1.97, u_super: 0.00378, sec: 2136060.750, t_ads: 184.0, t_des: 61623.0, bed_util_ads: 0.034, bed_util_des: 0.020, frac_lost: 0.101
L: 1.98, u_super: 0.00271, sec: 891250.312, t_ads: 259.0, t_des: 66938.0, bed_util_ads: 0.039, bed_util_des: 0.020, frac_lost: 0.100
L: 1.85, u_super: 0.00010, sec: 330.600, t_ads: 7111.0, t_des: 77240.0, bed_util_ads: 0.104, bed_util_des: 0.020, frac_lost: 0.100
L: 1.43, u_super: 0.00054, sec: 16931.711, t_ads: 952.0, t_des: 77324.0, bed_util_ads: 0.064, bed_util_des: 0.020, frac_lost: 0.100
L: 1.98, u_super: 0.00026, sec: 2652.408, t_ads: 2815.0, t_des: 77334.0, bed_util_ads: 0.088, bed_util_des: 0.020, frac_lost: 0.100
L: 1.83, u_super: 0.00878, sec: 18991226.000, t_ads: 75.0, t_des: 44018.0, bed_util_ads: 0.027, bed_util_des: 0.020, frac_lost: 0.103
     4 |      160 |  1.047148E+06 |  3.250375E+02
L: 2.00, u_super: 0.00010, sec: 324.739, t_ads: 7736.0, t_des: 77533.0, bed_util_ads: 0.105, bed_util_des: 0.020, frac_lost: 0.100
L: 1.75, u_super: 0.00176, sec: 308932.188, t_ads: 353.0, t_des: 70944.0, bed_util_ads: 0.044, bed_util_des: 0.020, frac_lost: 0.100
L: 1.04, u_super: 0.00010, sec: 352.052, t_ads: 3933.0, t_des: 76946.0, bed_util_ads: 0.095, bed_util_des: 0.020, frac_lost: 0.100
L: 1.76, u_super: 0.00010, sec: 326.491, t_ads: 6793.0, t_des: 77119.0, bed_util_ads: 0.103, bed_util_des: 0.020, frac_lost: 0.100
L: 1.45, u_super: 0.00010, sec: 332.900, t_ads: 5545.0, t_des: 76831.0, bed_util_ads: 0.100, bed_util_des: 0.020, frac_lost: 0.100
L: 1.65, u_super: 0.00308, sec: 1380597.125, t_ads: 190.0, t_des: 62152.0, bed_util_ads: 0.035, bed_util_des: 0.020, frac_lost: 0.101
L: 1.10, u_super: 0.00019, sec: 1436.542, t_ads: 2180.0, t_des: 77639.0, bed_util_ads: 0.083, bed_util_des: 0.020, frac_lost: 0.100
L: 1.97, u_super: 0.00098, sec: 64422.820, t_ads: 721.0, t_des: 76366.0, bed_util_ads: 0.058, bed_util_des: 0.020, frac_lost: 0.100
L: 0.80, u_super: 0.00010, sec: 374.380, t_ads: 3000.0, t_des: 77265.0, bed_util_ads: 0.090, bed_util_des: 0.020, frac_lost: 0.100
L: 1.72, u_super: 0.00010, sec: 338.925, t_ads: 6528.0, t_des: 77033.0, bed_util_ads: 0.103, bed_util_des: 0.020, frac_lost: 0.100
L: 1.74, u_super: 0.00010, sec: 327.924, t_ads: 6704.0, t_des: 77087.0, bed_util_ads: 0.103, bed_util_des: 0.020, frac_lost: 0.100
L: 1.94, u_super: 0.00010, sec: 324.761, t_ads: 7520.0, t_des: 77427.0, bed_util_ads: 0.105, bed_util_des: 0.020, frac_lost: 0.100
L: 1.94, u_super: 0.00010, sec: 324.754, t_ads: 7506.0, t_des: 77421.0, bed_util_ads: 0.105, bed_util_des: 0.020, frac_lost: 0.100
L: 2.00, u_super: 0.00281, sec: 975412.375, t_ads: 252.0, t_des: 66671.0, bed_util_ads: 0.038, bed_util_des: 0.020, frac_lost: 0.101
L: 1.96, u_super: 0.00010, sec: 325.425, t_ads: 7597.0, t_des: 77465.0, bed_util_ads: 0.105, bed_util_des: 0.020, frac_lost: 0.100
L: 1.96, u_super: 0.00010, sec: 324.565, t_ads: 7617.0, t_des: 77475.0, bed_util_ads: 0.105, bed_util_des: 0.020, frac_lost: 0.100
L: 1.47, u_super: 0.00010, sec: 366.972, t_ads: 5388.0, t_des: 76817.0, bed_util_ads: 0.100, bed_util_des: 0.020, frac_lost: 0.100
L: 1.57, u_super: 0.00010, sec: 329.111, t_ads: 6035.0, t_des: 76907.0, bed_util_ads: 0.102, bed_util_des: 0.020, frac_lost: 0.100
L: 1.90, u_super: 0.00010, sec: 333.992, t_ads: 7259.0, t_des: 77304.0, bed_util_ads: 0.104, bed_util_des: 0.020, frac_lost: 0.100
L: 1.24, u_super: 0.00145, sec: 228698.672, t_ads: 304.0, t_des: 69182.0, bed_util_ads: 0.041, bed_util_des: 0.020, frac_lost: 0.101
L: 1.50, u_super: 0.00010, sec: 331.038, t_ads: 5758.0, t_des: 76857.0, bed_util_ads: 0.101, bed_util_des: 0.020, frac_lost: 0.100
L: 1.98, u_super: 0.00010, sec: 324.547, t_ads: 7687.0, t_des: 77506.0, bed_util_ads: 0.105, bed_util_des: 0.020, frac_lost: 0.100
L: 1.96, u_super: 0.00010, sec: 326.125, t_ads: 7595.0, t_des: 77462.0, bed_util_ads: 0.105, bed_util_des: 0.020, frac_lost: 0.100
L: 1.32, u_super: 0.00010, sec: 337.041, t_ads: 5033.0, t_des: 76810.0, bed_util_ads: 0.099, bed_util_des: 0.020, frac_lost: 0.100
L: 1.75, u_super: 0.00010, sec: 326.427, t_ads: 6745.0, t_des: 77105.0, bed_util_ads: 0.103, bed_util_des: 0.020, frac_lost: 0.100
L: 1.93, u_super: 0.00010, sec: 324.624, t_ads: 7471.0, t_des: 77405.0, bed_util_ads: 0.105, bed_util_des: 0.020, frac_lost: 0.100
L: 1.96, u_super: 0.00010, sec: 326.379, t_ads: 7574.0, t_des: 77453.0, bed_util_ads: 0.105, bed_util_des: 0.020, frac_lost: 0.100
L: 0.87, u_super: 0.00010, sec: 367.004, t_ads: 3271.0, t_des: 77155.0, bed_util_ads: 0.091, bed_util_des: 0.020, frac_lost: 0.100
L: 1.99, u_super: 0.00854, sec: 17238246.000, t_ads: 83.0, t_des: 45979.0, bed_util_ads: 0.027, bed_util_des: 0.020, frac_lost: 0.102
L: 1.83, u_super: 0.00194, sec: 390563.875, t_ads: 334.0, t_des: 70291.0, bed_util_ads: 0.043, bed_util_des: 0.020, frac_lost: 0.100
L: 1.97, u_super: 0.00012, sec: 459.999, t_ads: 6400.0, t_des: 76993.0, bed_util_ads: 0.103, bed_util_des: 0.020, frac_lost: 0.100
L: 1.95, u_super: 0.00011, sec: 429.630, t_ads: 6572.0, t_des: 77049.0, bed_util_ads: 0.103, bed_util_des: 0.020, frac_lost: 0.100
L: 2.00, u_super: 0.00011, sec: 388.629, t_ads: 7067.0, t_des: 77227.0, bed_util_ads: 0.104, bed_util_des: 0.020, frac_lost: 0.100
L: 1.88, u_super: 0.00010, sec: 324.761, t_ads: 7278.0, t_des: 77313.0, bed_util_ads: 0.104, bed_util_des: 0.020, frac_lost: 0.100
L: 1.97, u_super: 0.00432, sec: 3019726.500, t_ads: 161.0, t_des: 59203.0, bed_util_ads: 0.033, bed_util_des: 0.020, frac_lost: 0.101
L: 1.92, u_super: 0.00271, sec: 907406.375, t_ads: 251.0, t_des: 66491.0, bed_util_ads: 0.038, bed_util_des: 0.020, frac_lost: 0.100
L: 1.85, u_super: 0.00054, sec: 14928.668, t_ads: 1249.0, t_des: 77750.0, bed_util_ads: 0.071, bed_util_des: 0.020, frac_lost: 0.100
L: 1.43, u_super: 0.00010, sec: 332.979, t_ads: 5471.0, t_des: 76826.0, bed_util_ads: 0.100, bed_util_des: 0.020, frac_lost: 0.100
L: 1.95, u_super: 0.00026, sec: 2661.780, t_ads: 2779.0, t_des: 77350.0, bed_util_ads: 0.088, bed_util_des: 0.020, frac_lost: 0.100
L: 1.94, u_super: 0.00878, sec: 18617608.000, t_ads: 79.0, t_des: 45029.0, bed_util_ads: 0.027, bed_util_des: 0.020, frac_lost: 0.102
     5 |      200 |  1.005845E+06 |  3.245468E+02
L: 2.00, u_super: 0.00010, sec: 324.389, t_ads: 7740.0, t_des: 77533.0, bed_util_ads: 0.105, bed_util_des: 0.020, frac_lost: 0.100
L: 1.89, u_super: 0.00443, sec: 3298703.750, t_ads: 151.0, t_des: 58005.0, bed_util_ads: 0.032, bed_util_des: 0.020, frac_lost: 0.101
L: 1.04, u_super: 0.00010, sec: 358.461, t_ads: 3900.0, t_des: 76955.0, bed_util_ads: 0.094, bed_util_des: 0.020, frac_lost: 0.100
L: 1.76, u_super: 0.00010, sec: 325.921, t_ads: 6799.0, t_des: 77122.0, bed_util_ads: 0.103, bed_util_des: 0.020, frac_lost: 0.100
L: 1.45, u_super: 0.00019, sec: 1320.937, t_ads: 2904.0, t_des: 77303.0, bed_util_ads: 0.089, bed_util_des: 0.020, frac_lost: 0.100
L: 1.86, u_super: 0.00010, sec: 326.994, t_ads: 7192.0, t_des: 77278.0, bed_util_ads: 0.104, bed_util_des: 0.020, frac_lost: 0.100
L: 1.10, u_super: 0.00010, sec: 347.618, t_ads: 4168.0, t_des: 76893.0, bed_util_ads: 0.096, bed_util_des: 0.020, frac_lost: 0.100
L: 1.54, u_super: 0.00098, sec: 73532.805, t_ads: 562.0, t_des: 75032.0, bed_util_ads: 0.053, bed_util_des: 0.020, frac_lost: 0.100
L: 1.84, u_super: 0.00010, sec: 324.973, t_ads: 7130.0, t_des: 77251.0, bed_util_ads: 0.104, bed_util_des: 0.020, frac_lost: 0.100
L: 1.72, u_super: 0.00010, sec: 326.492, t_ads: 6650.0, t_des: 77069.0, bed_util_ads: 0.103, bed_util_des: 0.020, frac_lost: 0.100
L: 1.96, u_super: 0.00010, sec: 325.928, t_ads: 7594.0, t_des: 77463.0, bed_util_ads: 0.105, bed_util_des: 0.020, frac_lost: 0.100
L: 1.99, u_super: 0.00010, sec: 324.544, t_ads: 7712.0, t_des: 77519.0, bed_util_ads: 0.105, bed_util_des: 0.020, frac_lost: 0.100
L: 2.00, u_super: 0.00010, sec: 324.466, t_ads: 7754.0, t_des: 77545.0, bed_util_ads: 0.105, bed_util_des: 0.020, frac_lost: 0.100
L: 1.88, u_super: 0.00010, sec: 325.759, t_ads: 7279.0, t_des: 77316.0, bed_util_ads: 0.104, bed_util_des: 0.020, frac_lost: 0.100
L: 1.96, u_super: 0.00010, sec: 324.478, t_ads: 7608.0, t_des: 77469.0, bed_util_ads: 0.105, bed_util_des: 0.020, frac_lost: 0.100
L: 1.99, u_super: 0.00010, sec: 324.472, t_ads: 7701.0, t_des: 77517.0, bed_util_ads: 0.105, bed_util_des: 0.020, frac_lost: 0.100
L: 1.47, u_super: 0.00010, sec: 331.559, t_ads: 5660.0, t_des: 76843.0, bed_util_ads: 0.101, bed_util_des: 0.020, frac_lost: 0.100
L: 1.23, u_super: 0.00010, sec: 340.424, t_ads: 4685.0, t_des: 76825.0, bed_util_ads: 0.098, bed_util_des: 0.020, frac_lost: 0.100
L: 1.90, u_super: 0.00010, sec: 324.954, t_ads: 7366.0, t_des: 77354.0, bed_util_ads: 0.105, bed_util_des: 0.020, frac_lost: 0.100
L: 1.24, u_super: 0.00010, sec: 340.171, t_ads: 4747.0, t_des: 76821.0, bed_util_ads: 0.098, bed_util_des: 0.020, frac_lost: 0.100
L: 1.78, u_super: 0.00010, sec: 325.583, t_ads: 6897.0, t_des: 77157.0, bed_util_ads: 0.104, bed_util_des: 0.020, frac_lost: 0.100
L: 2.00, u_super: 0.00010, sec: 324.473, t_ads: 7745.0, t_des: 77539.0, bed_util_ads: 0.105, bed_util_des: 0.020, frac_lost: 0.100
L: 1.99, u_super: 0.00010, sec: 324.617, t_ads: 7724.0, t_des: 77524.0, bed_util_ads: 0.105, bed_util_des: 0.020, frac_lost: 0.100
L: 1.32, u_super: 0.00010, sec: 341.809, t_ads: 4999.0, t_des: 76808.0, bed_util_ads: 0.099, bed_util_des: 0.020, frac_lost: 0.100
L: 1.75, u_super: 0.00010, sec: 326.309, t_ads: 6746.0, t_des: 77103.0, bed_util_ads: 0.103, bed_util_des: 0.020, frac_lost: 0.100
L: 1.99, u_super: 0.00010, sec: 324.327, t_ads: 7715.0, t_des: 77524.0, bed_util_ads: 0.105, bed_util_des: 0.020, frac_lost: 0.100
L: 1.99, u_super: 0.00010, sec: 326.254, t_ads: 7696.0, t_des: 77511.0, bed_util_ads: 0.105, bed_util_des: 0.020, frac_lost: 0.100
L: 0.87, u_super: 0.00010, sec: 366.989, t_ads: 3271.0, t_des: 77153.0, bed_util_ads: 0.091, bed_util_des: 0.020, frac_lost: 0.100
L: 1.73, u_super: 0.00854, sec: 18346060.000, t_ads: 72.0, t_des: 42903.0, bed_util_ads: 0.026, bed_util_des: 0.020, frac_lost: 0.101
L: 1.83, u_super: 0.00010, sec: 325.175, t_ads: 7072.0, t_des: 77230.0, bed_util_ads: 0.104, bed_util_des: 0.020, frac_lost: 0.100
L: 1.97, u_super: 0.00010, sec: 324.552, t_ads: 7621.0, t_des: 77474.0, bed_util_ads: 0.105, bed_util_des: 0.020, frac_lost: 0.100
L: 1.95, u_super: 0.00010, sec: 324.609, t_ads: 7563.0, t_des: 77446.0, bed_util_ads: 0.105, bed_util_des: 0.020, frac_lost: 0.100
L: 1.83, u_super: 0.00010, sec: 335.803, t_ads: 6953.0, t_des: 77183.0, bed_util_ads: 0.104, bed_util_des: 0.020, frac_lost: 0.100
L: 1.98, u_super: 0.00010, sec: 324.146, t_ads: 7698.0, t_des: 77515.0, bed_util_ads: 0.105, bed_util_des: 0.020, frac_lost: 0.100
L: 2.00, u_super: 0.00378, sec: 2118536.750, t_ads: 187.0, t_des: 61870.0, bed_util_ads: 0.034, bed_util_des: 0.020, frac_lost: 0.101
L: 1.92, u_super: 0.00271, sec: 904790.312, t_ads: 251.0, t_des: 66619.0, bed_util_ads: 0.038, bed_util_des: 0.020, frac_lost: 0.101
L: 1.86, u_super: 0.00010, sec: 325.254, t_ads: 7193.0, t_des: 77277.0, bed_util_ads: 0.104, bed_util_des: 0.020, frac_lost: 0.100
L: 1.96, u_super: 0.00010, sec: 324.430, t_ads: 7608.0, t_des: 77466.0, bed_util_ads: 0.105, bed_util_des: 0.020, frac_lost: 0.100
L: 2.00, u_super: 0.00026, sec: 2643.607, t_ads: 2848.0, t_des: 77329.0, bed_util_ads: 0.088, bed_util_des: 0.020, frac_lost: 0.100
L: 1.94, u_super: 0.00010, sec: 324.984, t_ads: 7504.0, t_des: 77418.0, bed_util_ads: 0.105, bed_util_des: 0.020, frac_lost: 0.100
     6 |      240 |  5.155270E+05 |  3.241459E+02
L: 2.00, u_super: 0.00010, sec: 325.049, t_ads: 7732.0, t_des: 77529.0, bed_util_ads: 0.105, bed_util_des: 0.020, frac_lost: 0.100
L: 1.97, u_super: 0.00176, sec: 288288.562, t_ads: 398.0, t_des: 72207.0, bed_util_ads: 0.046, bed_util_des: 0.020, frac_lost: 0.100
L: 1.98, u_super: 0.00010, sec: 324.532, t_ads: 7695.0, t_des: 77511.0, bed_util_ads: 0.105, bed_util_des: 0.020, frac_lost: 0.100
L: 1.98, u_super: 0.00010, sec: 324.158, t_ads: 7675.0, t_des: 77503.0, bed_util_ads: 0.105, bed_util_des: 0.020, frac_lost: 0.100
L: 1.86, u_super: 0.00010, sec: 325.544, t_ads: 7193.0, t_des: 77278.0, bed_util_ads: 0.104, bed_util_des: 0.020, frac_lost: 0.100
L: 1.89, u_super: 0.00010, sec: 326.763, t_ads: 7314.0, t_des: 77331.0, bed_util_ads: 0.105, bed_util_des: 0.020, frac_lost: 0.100
L: 1.10, u_super: 0.00010, sec: 347.838, t_ads: 4167.0, t_des: 76897.0, bed_util_ads: 0.096, bed_util_des: 0.020, frac_lost: 0.100
L: 1.99, u_super: 0.00098, sec: 63954.547, t_ads: 730.0, t_des: 76464.0, bed_util_ads: 0.058, bed_util_des: 0.020, frac_lost: 0.100
L: 1.73, u_super: 0.00010, sec: 326.142, t_ads: 6702.0, t_des: 77091.0, bed_util_ads: 0.103, bed_util_des: 0.020, frac_lost: 0.100
L: 2.00, u_super: 0.00010, sec: 324.154, t_ads: 7759.0, t_des: 77545.0, bed_util_ads: 0.105, bed_util_des: 0.020, frac_lost: 0.100
L: 1.96, u_super: 0.00010, sec: 324.213, t_ads: 7614.0, t_des: 77470.0, bed_util_ads: 0.105, bed_util_des: 0.020, frac_lost: 0.100
L: 1.99, u_super: 0.00010, sec: 324.290, t_ads: 7715.0, t_des: 77520.0, bed_util_ads: 0.105, bed_util_des: 0.020, frac_lost: 0.100
L: 1.86, u_super: 0.00010, sec: 324.836, t_ads: 7191.0, t_des: 77278.0, bed_util_ads: 0.104, bed_util_des: 0.020, frac_lost: 0.100
L: 1.88, u_super: 0.00140, sec: 165149.031, t_ads: 478.0, t_des: 73839.0, bed_util_ads: 0.049, bed_util_des: 0.020, frac_lost: 0.100
L: 1.99, u_super: 0.00010, sec: 324.035, t_ads: 7735.0, t_des: 77532.0, bed_util_ads: 0.105, bed_util_des: 0.020, frac_lost: 0.100
L: 1.99, u_super: 0.00010, sec: 324.052, t_ads: 7706.0, t_des: 77519.0, bed_util_ads: 0.105, bed_util_des: 0.020, frac_lost: 0.100
L: 1.93, u_super: 0.00010, sec: 324.495, t_ads: 7498.0, t_des: 77418.0, bed_util_ads: 0.105, bed_util_des: 0.020, frac_lost: 0.100
L: 1.98, u_super: 0.00010, sec: 324.157, t_ads: 7664.0, t_des: 77498.0, bed_util_ads: 0.105, bed_util_des: 0.020, frac_lost: 0.100
L: 1.99, u_super: 0.00010, sec: 324.489, t_ads: 7719.0, t_des: 77522.0, bed_util_ads: 0.105, bed_util_des: 0.020, frac_lost: 0.100
L: 1.99, u_super: 0.00010, sec: 324.569, t_ads: 7730.0, t_des: 77528.0, bed_util_ads: 0.105, bed_util_des: 0.020, frac_lost: 0.100
L: 1.78, u_super: 0.00010, sec: 325.604, t_ads: 6897.0, t_des: 77159.0, bed_util_ads: 0.104, bed_util_des: 0.020, frac_lost: 0.100
L: 1.98, u_super: 0.00010, sec: 324.564, t_ads: 7663.0, t_des: 77496.0, bed_util_ads: 0.105, bed_util_des: 0.020, frac_lost: 0.100
L: 1.99, u_super: 0.00010, sec: 324.043, t_ads: 7731.0, t_des: 77528.0, bed_util_ads: 0.105, bed_util_des: 0.020, frac_lost: 0.100
L: 1.32, u_super: 0.00010, sec: 336.505, t_ads: 5037.0, t_des: 76812.0, bed_util_ads: 0.099, bed_util_des: 0.020, frac_lost: 0.100
L: 1.75, u_super: 0.00010, sec: 331.449, t_ads: 6694.0, t_des: 77088.0, bed_util_ads: 0.103, bed_util_des: 0.020, frac_lost: 0.100
L: 1.88, u_super: 0.00010, sec: 324.919, t_ads: 7290.0, t_des: 77322.0, bed_util_ads: 0.104, bed_util_des: 0.020, frac_lost: 0.100
L: 1.99, u_super: 0.00010, sec: 324.039, t_ads: 7723.0, t_des: 77527.0, bed_util_ads: 0.105, bed_util_des: 0.020, frac_lost: 0.100
L: 2.00, u_super: 0.00010, sec: 324.611, t_ads: 7738.0, t_des: 77533.0, bed_util_ads: 0.105, bed_util_des: 0.020, frac_lost: 0.100
L: 1.99, u_super: 0.00010, sec: 324.308, t_ads: 7711.0, t_des: 77522.0, bed_util_ads: 0.105, bed_util_des: 0.020, frac_lost: 0.100
L: 1.56, u_super: 0.00090, sec: 58572.164, t_ads: 619.0, t_des: 75637.0, bed_util_ads: 0.055, bed_util_des: 0.020, frac_lost: 0.100
L: 1.91, u_super: 0.00010, sec: 324.489, t_ads: 7416.0, t_des: 77375.0, bed_util_ads: 0.105, bed_util_des: 0.020, frac_lost: 0.100
L: 1.95, u_super: 0.00010, sec: 324.285, t_ads: 7567.0, t_des: 77450.0, bed_util_ads: 0.105, bed_util_des: 0.020, frac_lost: 0.100
L: 2.00, u_super: 0.00010, sec: 334.520, t_ads: 7624.0, t_des: 77476.0, bed_util_ads: 0.105, bed_util_des: 0.020, frac_lost: 0.100
L: 1.48, u_super: 0.00010, sec: 331.306, t_ads: 5678.0, t_des: 76849.0, bed_util_ads: 0.101, bed_util_des: 0.020, frac_lost: 0.100
L: 1.99, u_super: 0.00378, sec: 2114215.500, t_ads: 187.0, t_des: 61960.0, bed_util_ads: 0.034, bed_util_des: 0.020, frac_lost: 0.101
L: 1.98, u_super: 0.00010, sec: 324.127, t_ads: 7698.0, t_des: 77515.0, bed_util_ads: 0.105, bed_util_des: 0.020, frac_lost: 0.100
L: 1.57, u_super: 0.00010, sec: 329.425, t_ads: 6044.0, t_des: 76907.0, bed_util_ads: 0.102, bed_util_des: 0.020, frac_lost: 0.100
L: 1.96, u_super: 0.00010, sec: 324.261, t_ads: 7610.0, t_des: 77467.0, bed_util_ads: 0.105, bed_util_des: 0.020, frac_lost: 0.100
L: 1.99, u_super: 0.00026, sec: 2646.995, t_ads: 2835.0, t_des: 77332.0, bed_util_ads: 0.088, bed_util_des: 0.020, frac_lost: 0.100
L: 1.94, u_super: 0.00010, sec: 324.463, t_ads: 7510.0, t_des: 77420.0, bed_util_ads: 0.105, bed_util_des: 0.020, frac_lost: 0.100
     7 |      280 |  6.202084E+04 |  3.240353E+02
L: 2.00, u_super: 0.00054, sec: 14466.406, t_ads: 1351.0, t_des: 77826.0, bed_util_ads: 0.072, bed_util_des: 0.020, frac_lost: 0.100
L: 1.97, u_super: 0.00010, sec: 324.186, t_ads: 7623.0, t_des: 77475.0, bed_util_ads: 0.105, bed_util_des: 0.020, frac_lost: 0.100
L: 1.98, u_super: 0.00010, sec: 324.062, t_ads: 7701.0, t_des: 77517.0, bed_util_ads: 0.105, bed_util_des: 0.020, frac_lost: 0.100
L: 1.98, u_super: 0.00010, sec: 324.220, t_ads: 7674.0, t_des: 77500.0, bed_util_ads: 0.105, bed_util_des: 0.020, frac_lost: 0.100
L: 1.99, u_super: 0.00010, sec: 324.733, t_ads: 7729.0, t_des: 77532.0, bed_util_ads: 0.105, bed_util_des: 0.020, frac_lost: 0.100
L: 2.00, u_super: 0.00010, sec: 326.200, t_ads: 7721.0, t_des: 77524.0, bed_util_ads: 0.105, bed_util_des: 0.020, frac_lost: 0.100
L: 1.10, u_super: 0.00010, sec: 347.505, t_ads: 4169.0, t_des: 76899.0, bed_util_ads: 0.096, bed_util_des: 0.020, frac_lost: 0.100
L: 1.99, u_super: 0.00010, sec: 324.207, t_ads: 7739.0, t_des: 77533.0, bed_util_ads: 0.105, bed_util_des: 0.020, frac_lost: 0.100
L: 2.00, u_super: 0.00010, sec: 324.002, t_ads: 7759.0, t_des: 77547.0, bed_util_ads: 0.105, bed_util_des: 0.020, frac_lost: 0.100
L: 1.99, u_super: 0.00010, sec: 324.191, t_ads: 7732.0, t_des: 77529.0, bed_util_ads: 0.105, bed_util_des: 0.020, frac_lost: 0.100
L: 1.96, u_super: 0.00010, sec: 324.251, t_ads: 7614.0, t_des: 77474.0, bed_util_ads: 0.105, bed_util_des: 0.020, frac_lost: 0.100
L: 1.99, u_super: 0.00010, sec: 324.281, t_ads: 7700.0, t_des: 77518.0, bed_util_ads: 0.105, bed_util_des: 0.020, frac_lost: 0.100
L: 1.99, u_super: 0.00010, sec: 324.048, t_ads: 7742.0, t_des: 77538.0, bed_util_ads: 0.105, bed_util_des: 0.020, frac_lost: 0.100
L: 1.88, u_super: 0.00010, sec: 324.661, t_ads: 7291.0, t_des: 77318.0, bed_util_ads: 0.104, bed_util_des: 0.020, frac_lost: 0.100
L: 1.99, u_super: 0.00093, sec: 55371.754, t_ads: 773.0, t_des: 76678.0, bed_util_ads: 0.060, bed_util_des: 0.020, frac_lost: 0.100
L: 2.00, u_super: 0.00010, sec: 324.018, t_ads: 7757.0, t_des: 77541.0, bed_util_ads: 0.105, bed_util_des: 0.020, frac_lost: 0.100
L: 1.97, u_super: 0.00010, sec: 324.348, t_ads: 7623.0, t_des: 77475.0, bed_util_ads: 0.105, bed_util_des: 0.020, frac_lost: 0.100
L: 1.98, u_super: 0.00194, sec: 373744.312, t_ads: 361.0, t_des: 71120.0, bed_util_ads: 0.044, bed_util_des: 0.020, frac_lost: 0.100
L: 2.00, u_super: 0.00010, sec: 324.444, t_ads: 7745.0, t_des: 77541.0, bed_util_ads: 0.105, bed_util_des: 0.020, frac_lost: 0.100
L: 1.99, u_super: 0.00010, sec: 324.178, t_ads: 7735.0, t_des: 77533.0, bed_util_ads: 0.105, bed_util_des: 0.020, frac_lost: 0.100
L: 1.99, u_super: 0.00010, sec: 324.031, t_ads: 7735.0, t_des: 77534.0, bed_util_ads: 0.105, bed_util_des: 0.020, frac_lost: 0.100
L: 1.97, u_super: 0.00010, sec: 324.595, t_ads: 7643.0, t_des: 77484.0, bed_util_ads: 0.105, bed_util_des: 0.020, frac_lost: 0.100
L: 2.00, u_super: 0.00010, sec: 324.022, t_ads: 7748.0, t_des: 77538.0, bed_util_ads: 0.105, bed_util_des: 0.020, frac_lost: 0.100
L: 2.00, u_super: 0.00010, sec: 324.001, t_ads: 7756.0, t_des: 77546.0, bed_util_ads: 0.105, bed_util_des: 0.020, frac_lost: 0.100
L: 1.75, u_super: 0.00010, sec: 326.009, t_ads: 6749.0, t_des: 77103.0, bed_util_ads: 0.103, bed_util_des: 0.020, frac_lost: 0.100
L: 1.99, u_super: 0.00010, sec: 324.054, t_ads: 7718.0, t_des: 77523.0, bed_util_ads: 0.105, bed_util_des: 0.020, frac_lost: 0.100
L: 1.99, u_super: 0.00010, sec: 324.447, t_ads: 7718.0, t_des: 77524.0, bed_util_ads: 0.105, bed_util_des: 0.020, frac_lost: 0.100
L: 1.98, u_super: 0.00010, sec: 324.662, t_ads: 7675.0, t_des: 77504.0, bed_util_ads: 0.105, bed_util_des: 0.020, frac_lost: 0.100
L: 1.99, u_super: 0.00010, sec: 324.048, t_ads: 7714.0, t_des: 77522.0, bed_util_ads: 0.105, bed_util_des: 0.020, frac_lost: 0.100
L: 1.83, u_super: 0.00010, sec: 325.120, t_ads: 7072.0, t_des: 77224.0, bed_util_ads: 0.104, bed_util_des: 0.020, frac_lost: 0.100
L: 1.91, u_super: 0.00010, sec: 324.520, t_ads: 7391.0, t_des: 77365.0, bed_util_ads: 0.105, bed_util_des: 0.020, frac_lost: 0.100
L: 2.00, u_super: 0.00010, sec: 324.070, t_ads: 7756.0, t_des: 77545.0, bed_util_ads: 0.105, bed_util_des: 0.020, frac_lost: 0.100
L: 2.00, u_super: 0.00010, sec: 324.226, t_ads: 7746.0, t_des: 77538.0, bed_util_ads: 0.105, bed_util_des: 0.020, frac_lost: 0.100
L: 1.89, u_super: 0.00010, sec: 324.637, t_ads: 7324.0, t_des: 77335.0, bed_util_ads: 0.105, bed_util_des: 0.020, frac_lost: 0.100
L: 1.99, u_super: 0.00010, sec: 324.026, t_ads: 7740.0, t_des: 77535.0, bed_util_ads: 0.105, bed_util_des: 0.020, frac_lost: 0.100
L: 1.99, u_super: 0.00010, sec: 324.091, t_ads: 7738.0, t_des: 77534.0, bed_util_ads: 0.105, bed_util_des: 0.020, frac_lost: 0.100
L: 1.94, u_super: 0.00010, sec: 324.681, t_ads: 7525.0, t_des: 77429.0, bed_util_ads: 0.105, bed_util_des: 0.020, frac_lost: 0.100
L: 1.96, u_super: 0.00010, sec: 324.179, t_ads: 7611.0, t_des: 77468.0, bed_util_ads: 0.105, bed_util_des: 0.020, frac_lost: 0.100
L: 2.00, u_super: 0.00026, sec: 2645.487, t_ads: 2841.0, t_des: 77329.0, bed_util_ads: 0.088, bed_util_des: 0.020, frac_lost: 0.100
L: 1.94, u_super: 0.00010, sec: 324.374, t_ads: 7511.0, t_des: 77420.0, bed_util_ads: 0.105, bed_util_des: 0.020, frac_lost: 0.100
     8 |      320 |  3.829069E+02 |  3.240010E+02
L: 2.00, u_super: 0.00010, sec: 324.011, t_ads: 7745.0, t_des: 77539.0, bed_util_ads: 0.105, bed_util_des: 0.020, frac_lost: 0.100
L: 2.00, u_super: 0.00010, sec: 324.048, t_ads: 7748.0, t_des: 77539.0, bed_util_ads: 0.105, bed_util_des: 0.020, frac_lost: 0.100
L: 2.00, u_super: 0.00010, sec: 324.015, t_ads: 7754.0, t_des: 77543.0, bed_util_ads: 0.105, bed_util_des: 0.020, frac_lost: 0.100
L: 1.99, u_super: 0.00010, sec: 324.115, t_ads: 7736.0, t_des: 77531.0, bed_util_ads: 0.105, bed_util_des: 0.020, frac_lost: 0.100
L: 2.00, u_super: 0.00071, sec: 27739.584, t_ads: 1028.0, t_des: 77511.0, bed_util_ads: 0.066, bed_util_des: 0.020, frac_lost: 0.100
L: 1.96, u_super: 0.00010, sec: 326.361, t_ads: 7581.0, t_des: 77455.0, bed_util_ads: 0.105, bed_util_des: 0.020, frac_lost: 0.100
L: 1.10, u_super: 0.00010, sec: 347.501, t_ads: 4169.0, t_des: 76898.0, bed_util_ads: 0.096, bed_util_des: 0.020, frac_lost: 0.100
L: 1.99, u_super: 0.00010, sec: 324.035, t_ads: 7741.0, t_des: 77534.0, bed_util_ads: 0.105, bed_util_des: 0.020, frac_lost: 0.100
L: 2.00, u_super: 0.00010, sec: 324.002, t_ads: 7759.0, t_des: 77547.0, bed_util_ads: 0.105, bed_util_des: 0.020, frac_lost: 0.100
L: 2.00, u_super: 0.00010, sec: 324.001, t_ads: 7761.0, t_des: 77547.0, bed_util_ads: 0.105, bed_util_des: 0.020, frac_lost: 0.100
L: 1.96, u_super: 0.00010, sec: 324.155, t_ads: 7615.0, t_des: 77473.0, bed_util_ads: 0.105, bed_util_des: 0.020, frac_lost: 0.100
L: 1.99, u_super: 0.00010, sec: 324.079, t_ads: 7702.0, t_des: 77515.0, bed_util_ads: 0.105, bed_util_des: 0.020, frac_lost: 0.100
L: 1.55, u_super: 0.00010, sec: 329.504, t_ads: 5959.0, t_des: 76893.0, bed_util_ads: 0.102, bed_util_des: 0.020, frac_lost: 0.100
L: 1.70, u_super: 0.00097, sec: 66711.016, t_ads: 631.0, t_des: 75743.0, bed_util_ads: 0.055, bed_util_des: 0.020, frac_lost: 0.100
L: 1.86, u_super: 0.00046, sec: 9841.584, t_ads: 1496.0, t_des: 77855.0, bed_util_ads: 0.075, bed_util_des: 0.020, frac_lost: 0.100
L: 1.99, u_super: 0.00010, sec: 324.029, t_ads: 7734.0, t_des: 77532.0, bed_util_ads: 0.105, bed_util_des: 0.020, frac_lost: 0.100
L: 2.00, u_super: 0.00010, sec: 324.217, t_ads: 7753.0, t_des: 77540.0, bed_util_ads: 0.105, bed_util_des: 0.020, frac_lost: 0.100
L: 1.98, u_super: 0.00010, sec: 324.086, t_ads: 7681.0, t_des: 77506.0, bed_util_ads: 0.105, bed_util_des: 0.020, frac_lost: 0.100
L: 2.00, u_super: 0.00010, sec: 324.013, t_ads: 7750.0, t_des: 77541.0, bed_util_ads: 0.105, bed_util_des: 0.020, frac_lost: 0.100
L: 1.99, u_super: 0.00010, sec: 324.195, t_ads: 7706.0, t_des: 77520.0, bed_util_ads: 0.105, bed_util_des: 0.020, frac_lost: 0.100
L: 1.99, u_super: 0.00010, sec: 324.203, t_ads: 7733.0, t_des: 77534.0, bed_util_ads: 0.105, bed_util_des: 0.020, frac_lost: 0.100
L: 2.00, u_super: 0.00010, sec: 324.152, t_ads: 7749.0, t_des: 77542.0, bed_util_ads: 0.105, bed_util_des: 0.020, frac_lost: 0.100
L: 2.00, u_super: 0.00010, sec: 324.003, t_ads: 7762.0, t_des: 77547.0, bed_util_ads: 0.105, bed_util_des: 0.020, frac_lost: 0.100
L: 2.00, u_super: 0.00010, sec: 324.001, t_ads: 7756.0, t_des: 77546.0, bed_util_ads: 0.105, bed_util_des: 0.020, frac_lost: 0.100
L: 1.75, u_super: 0.00010, sec: 326.010, t_ads: 6749.0, t_des: 77103.0, bed_util_ads: 0.103, bed_util_des: 0.020, frac_lost: 0.100
L: 2.00, u_super: 0.00010, sec: 324.006, t_ads: 7762.0, t_des: 77546.0, bed_util_ads: 0.105, bed_util_des: 0.020, frac_lost: 0.100
L: 2.00, u_super: 0.00010, sec: 324.015, t_ads: 7761.0, t_des: 77544.0, bed_util_ads: 0.105, bed_util_des: 0.020, frac_lost: 0.100
L: 2.00, u_super: 0.00010, sec: 324.009, t_ads: 7748.0, t_des: 77540.0, bed_util_ads: 0.105, bed_util_des: 0.020, frac_lost: 0.100
L: 2.00, u_super: 0.00010, sec: 324.020, t_ads: 7756.0, t_des: 77541.0, bed_util_ads: 0.105, bed_util_des: 0.020, frac_lost: 0.100
L: 1.83, u_super: 0.00010, sec: 325.339, t_ads: 7070.0, t_des: 77227.0, bed_util_ads: 0.104, bed_util_des: 0.020, frac_lost: 0.100
L: 2.00, u_super: 0.00010, sec: 324.066, t_ads: 7754.0, t_des: 77540.0, bed_util_ads: 0.105, bed_util_des: 0.020, frac_lost: 0.100
L: 2.00, u_super: 0.00010, sec: 323.999, t_ads: 7757.0, t_des: 77547.0, bed_util_ads: 0.105, bed_util_des: 0.020, frac_lost: 0.100
L: 2.00, u_super: 0.00010, sec: 324.005, t_ads: 7749.0, t_des: 77542.0, bed_util_ads: 0.105, bed_util_des: 0.020, frac_lost: 0.100
L: 2.00, u_super: 0.00010, sec: 324.093, t_ads: 7755.0, t_des: 77543.0, bed_util_ads: 0.105, bed_util_des: 0.020, frac_lost: 0.100
L: 1.92, u_super: 0.00010, sec: 324.392, t_ads: 7433.0, t_des: 77387.0, bed_util_ads: 0.105, bed_util_des: 0.020, frac_lost: 0.100
L: 2.00, u_super: 0.00010, sec: 324.072, t_ads: 7759.0, t_des: 77545.0, bed_util_ads: 0.105, bed_util_des: 0.020, frac_lost: 0.100
L: 1.94, u_super: 0.00010, sec: 324.259, t_ads: 7530.0, t_des: 77432.0, bed_util_ads: 0.105, bed_util_des: 0.020, frac_lost: 0.100
L: 1.96, u_super: 0.00010, sec: 324.179, t_ads: 7611.0, t_des: 77468.0, bed_util_ads: 0.105, bed_util_des: 0.020, frac_lost: 0.100
L: 2.00, u_super: 0.00010, sec: 324.071, t_ads: 7761.0, t_des: 77548.0, bed_util_ads: 0.105, bed_util_des: 0.020, frac_lost: 0.100
L: 2.00, u_super: 0.00010, sec: 324.089, t_ads: 7755.0, t_des: 77542.0, bed_util_ads: 0.105, bed_util_des: 0.020, frac_lost: 0.100
     9 |      360 |  3.248094E+02 |  3.239987E+02
L: 2.00, u_super: 0.00010, sec: 325.096, t_ads: 7732.0, t_des: 77534.0, bed_util_ads: 0.105, bed_util_des: 0.020, frac_lost: 0.100
L: 2.00, u_super: 0.00010, sec: 324.030, t_ads: 7759.0, t_des: 77546.0, bed_util_ads: 0.105, bed_util_des: 0.020, frac_lost: 0.100
L: 2.00, u_super: 0.00010, sec: 324.010, t_ads: 7754.0, t_des: 77542.0, bed_util_ads: 0.105, bed_util_des: 0.020, frac_lost: 0.100
L: 1.99, u_super: 0.00010, sec: 324.106, t_ads: 7729.0, t_des: 77529.0, bed_util_ads: 0.105, bed_util_des: 0.020, frac_lost: 0.100
L: 1.99, u_super: 0.00010, sec: 324.035, t_ads: 7737.0, t_des: 77532.0, bed_util_ads: 0.105, bed_util_des: 0.020, frac_lost: 0.100
L: 2.00, u_super: 0.00010, sec: 324.046, t_ads: 7747.0, t_des: 77537.0, bed_util_ads: 0.105, bed_util_des: 0.020, frac_lost: 0.100
L: 1.98, u_super: 0.00010, sec: 324.065, t_ads: 7694.0, t_des: 77512.0, bed_util_ads: 0.105, bed_util_des: 0.020, frac_lost: 0.100
L: 2.00, u_super: 0.00010, sec: 324.005, t_ads: 7751.0, t_des: 77543.0, bed_util_ads: 0.105, bed_util_des: 0.020, frac_lost: 0.100
L: 2.00, u_super: 0.00065, sec: 22664.002, t_ads: 1118.0, t_des: 77631.0, bed_util_ads: 0.068, bed_util_des: 0.020, frac_lost: 0.100
L: 2.00, u_super: 0.00010, sec: 324.050, t_ads: 7760.0, t_des: 77543.0, bed_util_ads: 0.105, bed_util_des: 0.020, frac_lost: 0.100
L: 2.00, u_super: 0.00010, sec: 324.028, t_ads: 7749.0, t_des: 77537.0, bed_util_ads: 0.105, bed_util_des: 0.020, frac_lost: 0.100
L: 2.00, u_super: 0.00010, sec: 324.030, t_ads: 7761.0, t_des: 77543.0, bed_util_ads: 0.105, bed_util_des: 0.020, frac_lost: 0.100
L: 1.97, u_super: 0.00010, sec: 324.176, t_ads: 7634.0, t_des: 77481.0, bed_util_ads: 0.105, bed_util_des: 0.020, frac_lost: 0.100
L: 2.00, u_super: 0.00010, sec: 324.004, t_ads: 7753.0, t_des: 77543.0, bed_util_ads: 0.105, bed_util_des: 0.020, frac_lost: 0.100
L: 1.99, u_super: 0.00010, sec: 324.061, t_ads: 7735.0, t_des: 77535.0, bed_util_ads: 0.105, bed_util_des: 0.020, frac_lost: 0.100
L: 2.00, u_super: 0.00010, sec: 324.007, t_ads: 7761.0, t_des: 77546.0, bed_util_ads: 0.105, bed_util_des: 0.020, frac_lost: 0.100
L: 1.99, u_super: 0.00010, sec: 324.112, t_ads: 7727.0, t_des: 77528.0, bed_util_ads: 0.105, bed_util_des: 0.020, frac_lost: 0.100
L: 1.98, u_super: 0.00010, sec: 324.086, t_ads: 7681.0, t_des: 77506.0, bed_util_ads: 0.105, bed_util_des: 0.020, frac_lost: 0.100
L: 2.00, u_super: 0.00010, sec: 324.012, t_ads: 7750.0, t_des: 77541.0, bed_util_ads: 0.105, bed_util_des: 0.020, frac_lost: 0.100
L: 2.00, u_super: 0.00010, sec: 324.154, t_ads: 7750.0, t_des: 77543.0, bed_util_ads: 0.105, bed_util_des: 0.020, frac_lost: 0.100
L: 1.99, u_super: 0.00010, sec: 324.028, t_ads: 7735.0, t_des: 77534.0, bed_util_ads: 0.105, bed_util_des: 0.020, frac_lost: 0.100
L: 2.00, u_super: 0.00010, sec: 324.161, t_ads: 7752.0, t_des: 77541.0, bed_util_ads: 0.105, bed_util_des: 0.020, frac_lost: 0.100
L: 2.00, u_super: 0.00010, sec: 324.003, t_ads: 7762.0, t_des: 77547.0, bed_util_ads: 0.105, bed_util_des: 0.020, frac_lost: 0.100
L: 2.00, u_super: 0.00010, sec: 323.999, t_ads: 7756.0, t_des: 77546.0, bed_util_ads: 0.105, bed_util_des: 0.020, frac_lost: 0.100
L: 1.75, u_super: 0.00010, sec: 326.010, t_ads: 6749.0, t_des: 77103.0, bed_util_ads: 0.103, bed_util_des: 0.020, frac_lost: 0.100
L: 2.00, u_super: 0.00010, sec: 324.006, t_ads: 7762.0, t_des: 77546.0, bed_util_ads: 0.105, bed_util_des: 0.020, frac_lost: 0.100
L: 2.00, u_super: 0.00010, sec: 324.014, t_ads: 7761.0, t_des: 77544.0, bed_util_ads: 0.105, bed_util_des: 0.020, frac_lost: 0.100
L: 2.00, u_super: 0.00010, sec: 324.104, t_ads: 7747.0, t_des: 77541.0, bed_util_ads: 0.105, bed_util_des: 0.020, frac_lost: 0.100
L: 2.00, u_super: 0.00010, sec: 324.014, t_ads: 7756.0, t_des: 77543.0, bed_util_ads: 0.105, bed_util_des: 0.020, frac_lost: 0.100
L: 1.79, u_super: 0.00010, sec: 325.444, t_ads: 6937.0, t_des: 77175.0, bed_util_ads: 0.104, bed_util_des: 0.020, frac_lost: 0.100
L: 2.00, u_super: 0.00010, sec: 324.047, t_ads: 7759.0, t_des: 77546.0, bed_util_ads: 0.105, bed_util_des: 0.020, frac_lost: 0.100
L: 2.00, u_super: 0.00010, sec: 323.997, t_ads: 7760.0, t_des: 77548.0, bed_util_ads: 0.105, bed_util_des: 0.020, frac_lost: 0.100
L: 2.00, u_super: 0.00010, sec: 324.027, t_ads: 7747.0, t_des: 77538.0, bed_util_ads: 0.105, bed_util_des: 0.020, frac_lost: 0.100
L: 1.94, u_super: 0.00010, sec: 324.360, t_ads: 7526.0, t_des: 77427.0, bed_util_ads: 0.105, bed_util_des: 0.020, frac_lost: 0.100
L: 1.99, u_super: 0.00010, sec: 324.027, t_ads: 7740.0, t_des: 77535.0, bed_util_ads: 0.105, bed_util_des: 0.020, frac_lost: 0.100
L: 1.90, u_super: 0.00010, sec: 324.588, t_ads: 7365.0, t_des: 77352.0, bed_util_ads: 0.105, bed_util_des: 0.020, frac_lost: 0.100
L: 1.94, u_super: 0.00010, sec: 324.259, t_ads: 7530.0, t_des: 77432.0, bed_util_ads: 0.105, bed_util_des: 0.020, frac_lost: 0.100
L: 1.96, u_super: 0.00010, sec: 324.175, t_ads: 7611.0, t_des: 77467.0, bed_util_ads: 0.105, bed_util_des: 0.020, frac_lost: 0.100
L: 2.00, u_super: 0.00010, sec: 324.094, t_ads: 7757.0, t_des: 77542.0, bed_util_ads: 0.105, bed_util_des: 0.020, frac_lost: 0.100
L: 2.00, u_super: 0.00010, sec: 324.082, t_ads: 7760.0, t_des: 77545.0, bed_util_ads: 0.105, bed_util_des: 0.020, frac_lost: 0.100
    10 |      400 |  3.241252E+02 |  3.239975E+02
L: 2.00, u_super: 0.00010, sec: 324.021, t_ads: 7755.0, t_des: 77541.0, bed_util_ads: 0.105, bed_util_des: 0.020, frac_lost: 0.100
L: 1.98, u_super: 0.00010, sec: 324.115, t_ads: 7685.0, t_des: 77506.0, bed_util_ads: 0.105, bed_util_des: 0.020, frac_lost: 0.100
L: 2.00, u_super: 0.00010, sec: 324.011, t_ads: 7754.0, t_des: 77542.0, bed_util_ads: 0.105, bed_util_des: 0.020, frac_lost: 0.100
L: 2.00, u_super: 0.00010, sec: 324.082, t_ads: 7759.0, t_des: 77545.0, bed_util_ads: 0.105, bed_util_des: 0.020, frac_lost: 0.100
L: 1.98, u_super: 0.00010, sec: 324.067, t_ads: 7690.0, t_des: 77511.0, bed_util_ads: 0.105, bed_util_des: 0.020, frac_lost: 0.100
L: 2.00, u_super: 0.00010, sec: 324.038, t_ads: 7760.0, t_des: 77544.0, bed_util_ads: 0.105, bed_util_des: 0.020, frac_lost: 0.100
L: 2.00, u_super: 0.00010, sec: 324.029, t_ads: 7747.0, t_des: 77536.0, bed_util_ads: 0.105, bed_util_des: 0.020, frac_lost: 0.100
L: 2.00, u_super: 0.00010, sec: 324.074, t_ads: 7742.0, t_des: 77534.0, bed_util_ads: 0.105, bed_util_des: 0.020, frac_lost: 0.100
L: 2.00, u_super: 0.00010, sec: 323.997, t_ads: 7759.0, t_des: 77546.0, bed_util_ads: 0.105, bed_util_des: 0.020, frac_lost: 0.100
L: 2.00, u_super: 0.00010, sec: 324.016, t_ads: 7761.0, t_des: 77549.0, bed_util_ads: 0.105, bed_util_des: 0.020, frac_lost: 0.100
L: 2.00, u_super: 0.00010, sec: 323.994, t_ads: 7762.0, t_des: 77549.0, bed_util_ads: 0.105, bed_util_des: 0.020, frac_lost: 0.100
L: 2.00, u_super: 0.00010, sec: 324.047, t_ads: 7761.0, t_des: 77545.0, bed_util_ads: 0.105, bed_util_des: 0.020, frac_lost: 0.100
L: 1.99, u_super: 0.00010, sec: 324.027, t_ads: 7742.0, t_des: 77536.0, bed_util_ads: 0.105, bed_util_des: 0.020, frac_lost: 0.100
L: 2.00, u_super: 0.00010, sec: 323.999, t_ads: 7762.0, t_des: 77548.0, bed_util_ads: 0.105, bed_util_des: 0.020, frac_lost: 0.100
L: 1.99, u_super: 0.00010, sec: 324.034, t_ads: 7735.0, t_des: 77532.0, bed_util_ads: 0.105, bed_util_des: 0.020, frac_lost: 0.100
L: 1.98, u_super: 0.00010, sec: 324.080, t_ads: 7675.0, t_des: 77504.0, bed_util_ads: 0.105, bed_util_des: 0.020, frac_lost: 0.100
L: 1.99, u_super: 0.00010, sec: 324.090, t_ads: 7727.0, t_des: 77526.0, bed_util_ads: 0.105, bed_util_des: 0.020, frac_lost: 0.100
L: 1.98, u_super: 0.00010, sec: 324.082, t_ads: 7681.0, t_des: 77505.0, bed_util_ads: 0.105, bed_util_des: 0.020, frac_lost: 0.100
L: 2.00, u_super: 0.00010, sec: 324.013, t_ads: 7750.0, t_des: 77541.0, bed_util_ads: 0.105, bed_util_des: 0.020, frac_lost: 0.100
L: 2.00, u_super: 0.00010, sec: 324.025, t_ads: 7751.0, t_des: 77538.0, bed_util_ads: 0.105, bed_util_des: 0.020, frac_lost: 0.100
L: 1.99, u_super: 0.00010, sec: 324.026, t_ads: 7735.0, t_des: 77534.0, bed_util_ads: 0.105, bed_util_des: 0.020, frac_lost: 0.100
L: 2.00, u_super: 0.00010, sec: 324.159, t_ads: 7757.0, t_des: 77542.0, bed_util_ads: 0.105, bed_util_des: 0.020, frac_lost: 0.100
L: 2.00, u_super: 0.00010, sec: 324.069, t_ads: 7761.0, t_des: 77545.0, bed_util_ads: 0.105, bed_util_des: 0.020, frac_lost: 0.100
L: 2.00, u_super: 0.00010, sec: 324.006, t_ads: 7758.0, t_des: 77545.0, bed_util_ads: 0.105, bed_util_des: 0.020, frac_lost: 0.100
L: 2.00, u_super: 0.00010, sec: 324.018, t_ads: 7750.0, t_des: 77539.0, bed_util_ads: 0.105, bed_util_des: 0.020, frac_lost: 0.100
L: 2.00, u_super: 0.00010, sec: 324.001, t_ads: 7758.0, t_des: 77546.0, bed_util_ads: 0.105, bed_util_des: 0.020, frac_lost: 0.100
L: 1.98, u_super: 0.00012, sec: 477.639, t_ads: 6318.0, t_des: 76977.0, bed_util_ads: 0.102, bed_util_des: 0.020, frac_lost: 0.100
L: 2.00, u_super: 0.00010, sec: 324.013, t_ads: 7748.0, t_des: 77541.0, bed_util_ads: 0.105, bed_util_des: 0.020, frac_lost: 0.100
L: 2.00, u_super: 0.00010, sec: 324.014, t_ads: 7756.0, t_des: 77543.0, bed_util_ads: 0.105, bed_util_des: 0.020, frac_lost: 0.100
L: 1.83, u_super: 0.00010, sec: 325.123, t_ads: 7072.0, t_des: 77225.0, bed_util_ads: 0.104, bed_util_des: 0.020, frac_lost: 0.100
L: 2.00, u_super: 0.00010, sec: 324.057, t_ads: 7760.0, t_des: 77544.0, bed_util_ads: 0.105, bed_util_des: 0.020, frac_lost: 0.100
L: 2.00, u_super: 0.00010, sec: 324.016, t_ads: 7759.0, t_des: 77544.0, bed_util_ads: 0.105, bed_util_des: 0.020, frac_lost: 0.100
L: 2.00, u_super: 0.00010, sec: 324.020, t_ads: 7760.0, t_des: 77543.0, bed_util_ads: 0.105, bed_util_des: 0.020, frac_lost: 0.100
L: 2.00, u_super: 0.00010, sec: 324.008, t_ads: 7756.0, t_des: 77543.0, bed_util_ads: 0.105, bed_util_des: 0.020, frac_lost: 0.100
L: 2.00, u_super: 0.00010, sec: 324.007, t_ads: 7760.0, t_des: 77545.0, bed_util_ads: 0.105, bed_util_des: 0.020, frac_lost: 0.100
L: 2.00, u_super: 0.00010, sec: 324.001, t_ads: 7760.0, t_des: 77547.0, bed_util_ads: 0.105, bed_util_des: 0.020, frac_lost: 0.100
L: 2.00, u_super: 0.00010, sec: 324.019, t_ads: 7759.0, t_des: 77542.0, bed_util_ads: 0.105, bed_util_des: 0.020, frac_lost: 0.100
L: 1.99, u_super: 0.00010, sec: 324.029, t_ads: 7732.0, t_des: 77532.0, bed_util_ads: 0.105, bed_util_des: 0.020, frac_lost: 0.100
L: 2.00, u_super: 0.00010, sec: 323.993, t_ads: 7762.0, t_des: 77549.0, bed_util_ads: 0.105, bed_util_des: 0.020, frac_lost: 0.100
L: 2.00, u_super: 0.00010, sec: 324.090, t_ads: 7759.0, t_des: 77544.0, bed_util_ads: 0.105, bed_util_des: 0.020, frac_lost: 0.100
    11 |      440 |  3.240520E+02 |  3.239933E+02
L: 2.00, u_super: 0.00010, sec: 324.016, t_ads: 7745.0, t_des: 77540.0, bed_util_ads: 0.105, bed_util_des: 0.020, frac_lost: 0.100
L: 2.00, u_super: 0.00010, sec: 324.014, t_ads: 7759.0, t_des: 77545.0, bed_util_ads: 0.105, bed_util_des: 0.020, frac_lost: 0.100
L: 2.00, u_super: 0.00010, sec: 324.028, t_ads: 7748.0, t_des: 77536.0, bed_util_ads: 0.105, bed_util_des: 0.020, frac_lost: 0.100
L: 2.00, u_super: 0.00010, sec: 324.080, t_ads: 7755.0, t_des: 77544.0, bed_util_ads: 0.105, bed_util_des: 0.020, frac_lost: 0.100
L: 1.99, u_super: 0.00010, sec: 324.036, t_ads: 7737.0, t_des: 77532.0, bed_util_ads: 0.105, bed_util_des: 0.020, frac_lost: 0.100
L: 2.00, u_super: 0.00010, sec: 323.999, t_ads: 7761.0, t_des: 77549.0, bed_util_ads: 0.105, bed_util_des: 0.020, frac_lost: 0.100
L: 2.00, u_super: 0.00010, sec: 324.031, t_ads: 7747.0, t_des: 77536.0, bed_util_ads: 0.105, bed_util_des: 0.020, frac_lost: 0.100
L: 2.00, u_super: 0.00010, sec: 324.007, t_ads: 7761.0, t_des: 77545.0, bed_util_ads: 0.105, bed_util_des: 0.020, frac_lost: 0.100
L: 2.00, u_super: 0.00010, sec: 324.002, t_ads: 7759.0, t_des: 77547.0, bed_util_ads: 0.105, bed_util_des: 0.020, frac_lost: 0.100
L: 2.00, u_super: 0.00010, sec: 324.002, t_ads: 7762.0, t_des: 77546.0, bed_util_ads: 0.105, bed_util_des: 0.020, frac_lost: 0.100
L: 2.00, u_super: 0.00032, sec: 4259.198, t_ads: 2298.0, t_des: 77576.0, bed_util_ads: 0.084, bed_util_des: 0.020, frac_lost: 0.100
L: 2.00, u_super: 0.00010, sec: 324.015, t_ads: 7756.0, t_des: 77543.0, bed_util_ads: 0.105, bed_util_des: 0.020, frac_lost: 0.100
L: 2.00, u_super: 0.00010, sec: 324.011, t_ads: 7760.0, t_des: 77545.0, bed_util_ads: 0.105, bed_util_des: 0.020, frac_lost: 0.100
L: 2.00, u_super: 0.00010, sec: 323.998, t_ads: 7762.0, t_des: 77547.0, bed_util_ads: 0.105, bed_util_des: 0.020, frac_lost: 0.100
L: 2.00, u_super: 0.00010, sec: 324.013, t_ads: 7756.0, t_des: 77543.0, bed_util_ads: 0.105, bed_util_des: 0.020, frac_lost: 0.100
L: 2.00, u_super: 0.00010, sec: 324.007, t_ads: 7761.0, t_des: 77546.0, bed_util_ads: 0.105, bed_util_des: 0.020, frac_lost: 0.100
L: 1.99, u_super: 0.00010, sec: 324.091, t_ads: 7727.0, t_des: 77526.0, bed_util_ads: 0.105, bed_util_des: 0.020, frac_lost: 0.100
L: 1.98, u_super: 0.00010, sec: 324.109, t_ads: 7681.0, t_des: 77508.0, bed_util_ads: 0.105, bed_util_des: 0.020, frac_lost: 0.100
L: 2.00, u_super: 0.00010, sec: 324.013, t_ads: 7750.0, t_des: 77541.0, bed_util_ads: 0.105, bed_util_des: 0.020, frac_lost: 0.100
L: 2.00, u_super: 0.00010, sec: 324.025, t_ads: 7751.0, t_des: 77538.0, bed_util_ads: 0.105, bed_util_des: 0.020, frac_lost: 0.100
L: 1.92, u_super: 0.00010, sec: 324.363, t_ads: 7458.0, t_des: 77397.0, bed_util_ads: 0.105, bed_util_des: 0.020, frac_lost: 0.100
L: 2.00, u_super: 0.00010, sec: 324.158, t_ads: 7760.0, t_des: 77544.0, bed_util_ads: 0.105, bed_util_des: 0.020, frac_lost: 0.100
L: 2.00, u_super: 0.00010, sec: 324.003, t_ads: 7762.0, t_des: 77547.0, bed_util_ads: 0.105, bed_util_des: 0.020, frac_lost: 0.100
L: 2.00, u_super: 0.00010, sec: 324.000, t_ads: 7762.0, t_des: 77548.0, bed_util_ads: 0.105, bed_util_des: 0.020, frac_lost: 0.100
L: 1.88, u_super: 0.00010, sec: 324.651, t_ads: 7291.0, t_des: 77320.0, bed_util_ads: 0.104, bed_util_des: 0.020, frac_lost: 0.100
L: 2.00, u_super: 0.00010, sec: 324.001, t_ads: 7762.0, t_des: 77547.0, bed_util_ads: 0.105, bed_util_des: 0.020, frac_lost: 0.100
L: 2.00, u_super: 0.00010, sec: 324.002, t_ads: 7760.0, t_des: 77547.0, bed_util_ads: 0.105, bed_util_des: 0.020, frac_lost: 0.100
L: 2.00, u_super: 0.00010, sec: 323.998, t_ads: 7762.0, t_des: 77547.0, bed_util_ads: 0.105, bed_util_des: 0.020, frac_lost: 0.100
L: 2.00, u_super: 0.00010, sec: 324.011, t_ads: 7748.0, t_des: 77540.0, bed_util_ads: 0.105, bed_util_des: 0.020, frac_lost: 0.100
L: 1.83, u_super: 0.00010, sec: 325.173, t_ads: 7072.0, t_des: 77230.0, bed_util_ads: 0.104, bed_util_des: 0.020, frac_lost: 0.100
L: 2.00, u_super: 0.00010, sec: 324.043, t_ads: 7761.0, t_des: 77547.0, bed_util_ads: 0.105, bed_util_des: 0.020, frac_lost: 0.100
L: 2.00, u_super: 0.00010, sec: 324.019, t_ads: 7753.0, t_des: 77541.0, bed_util_ads: 0.105, bed_util_des: 0.020, frac_lost: 0.100
L: 2.00, u_super: 0.00010, sec: 324.004, t_ads: 7749.0, t_des: 77542.0, bed_util_ads: 0.105, bed_util_des: 0.020, frac_lost: 0.100
L: 2.00, u_super: 0.00010, sec: 324.009, t_ads: 7756.0, t_des: 77543.0, bed_util_ads: 0.105, bed_util_des: 0.020, frac_lost: 0.100
L: 2.00, u_super: 0.00010, sec: 323.997, t_ads: 7762.0, t_des: 77548.0, bed_util_ads: 0.105, bed_util_des: 0.020, frac_lost: 0.100
L: 2.00, u_super: 0.00010, sec: 324.002, t_ads: 7760.0, t_des: 77547.0, bed_util_ads: 0.105, bed_util_des: 0.020, frac_lost: 0.100
L: 2.00, u_super: 0.00010, sec: 323.996, t_ads: 7762.0, t_des: 77549.0, bed_util_ads: 0.105, bed_util_des: 0.020, frac_lost: 0.100
L: 1.99, u_super: 0.00010, sec: 324.029, t_ads: 7732.0, t_des: 77532.0, bed_util_ads: 0.105, bed_util_des: 0.020, frac_lost: 0.100
L: 1.99, u_super: 0.00010, sec: 324.044, t_ads: 7722.0, t_des: 77525.0, bed_util_ads: 0.105, bed_util_des: 0.020, frac_lost: 0.100
L: 2.00, u_super: 0.00010, sec: 324.004, t_ads: 7761.0, t_des: 77546.0, bed_util_ads: 0.105, bed_util_des: 0.020, frac_lost: 0.100
    12 |      480 |  3.240458E+02 |  3.239933E+02
L: 1.97, u_super: 0.00010, sec: 324.121, t_ads: 7640.0, t_des: 77487.0, bed_util_ads: 0.105, bed_util_des: 0.020, frac_lost: 0.100
L: 2.00, u_super: 0.00010, sec: 324.010, t_ads: 7759.0, t_des: 77544.0, bed_util_ads: 0.105, bed_util_des: 0.020, frac_lost: 0.100
L: 2.00, u_super: 0.00010, sec: 324.000, t_ads: 7762.0, t_des: 77547.0, bed_util_ads: 0.105, bed_util_des: 0.020, frac_lost: 0.100
L: 2.00, u_super: 0.00010, sec: 324.079, t_ads: 7761.0, t_des: 77545.0, bed_util_ads: 0.105, bed_util_des: 0.020, frac_lost: 0.100
L: 1.99, u_super: 0.00010, sec: 324.036, t_ads: 7737.0, t_des: 77532.0, bed_util_ads: 0.105, bed_util_des: 0.020, frac_lost: 0.100
L: 2.00, u_super: 0.00010, sec: 323.994, t_ads: 7761.0, t_des: 77548.0, bed_util_ads: 0.105, bed_util_des: 0.020, frac_lost: 0.100
L: 2.00, u_super: 0.00010, sec: 324.016, t_ads: 7753.0, t_des: 77540.0, bed_util_ads: 0.105, bed_util_des: 0.020, frac_lost: 0.100
L: 2.00, u_super: 0.00010, sec: 324.014, t_ads: 7753.0, t_des: 77542.0, bed_util_ads: 0.105, bed_util_des: 0.020, frac_lost: 0.100
L: 2.00, u_super: 0.00010, sec: 324.006, t_ads: 7762.0, t_des: 77546.0, bed_util_ads: 0.105, bed_util_des: 0.020, frac_lost: 0.100
L: 2.00, u_super: 0.00010, sec: 324.001, t_ads: 7761.0, t_des: 77547.0, bed_util_ads: 0.105, bed_util_des: 0.020, frac_lost: 0.100
L: 2.00, u_super: 0.00010, sec: 323.994, t_ads: 7762.0, t_des: 77549.0, bed_util_ads: 0.105, bed_util_des: 0.020, frac_lost: 0.100
L: 2.00, u_super: 0.00010, sec: 324.015, t_ads: 7756.0, t_des: 77543.0, bed_util_ads: 0.105, bed_util_des: 0.020, frac_lost: 0.100
L: 1.95, u_super: 0.00010, sec: 324.244, t_ads: 7557.0, t_des: 77442.0, bed_util_ads: 0.105, bed_util_des: 0.020, frac_lost: 0.100
L: 2.00, u_super: 0.00010, sec: 323.999, t_ads: 7762.0, t_des: 77547.0, bed_util_ads: 0.105, bed_util_des: 0.020, frac_lost: 0.100
L: 1.99, u_super: 0.00010, sec: 324.052, t_ads: 7724.0, t_des: 77525.0, bed_util_ads: 0.105, bed_util_des: 0.020, frac_lost: 0.100
L: 2.00, u_super: 0.00010, sec: 324.008, t_ads: 7761.0, t_des: 77546.0, bed_util_ads: 0.105, bed_util_des: 0.020, frac_lost: 0.100
L: 1.99, u_super: 0.00010, sec: 324.035, t_ads: 7728.0, t_des: 77529.0, bed_util_ads: 0.105, bed_util_des: 0.020, frac_lost: 0.100
L: 2.00, u_super: 0.00010, sec: 324.003, t_ads: 7762.0, t_des: 77546.0, bed_util_ads: 0.105, bed_util_des: 0.020, frac_lost: 0.100
L: 2.00, u_super: 0.00010, sec: 324.014, t_ads: 7750.0, t_des: 77541.0, bed_util_ads: 0.105, bed_util_des: 0.020, frac_lost: 0.100
L: 2.00, u_super: 0.00010, sec: 324.025, t_ads: 7751.0, t_des: 77538.0, bed_util_ads: 0.105, bed_util_des: 0.020, frac_lost: 0.100
L: 1.99, u_super: 0.00010, sec: 324.027, t_ads: 7735.0, t_des: 77534.0, bed_util_ads: 0.105, bed_util_des: 0.020, frac_lost: 0.100
L: 2.00, u_super: 0.00010, sec: 324.159, t_ads: 7760.0, t_des: 77544.0, bed_util_ads: 0.105, bed_util_des: 0.020, frac_lost: 0.100
L: 2.00, u_super: 0.00010, sec: 323.995, t_ads: 7762.0, t_des: 77548.0, bed_util_ads: 0.105, bed_util_des: 0.020, frac_lost: 0.100
L: 2.00, u_super: 0.00010, sec: 324.001, t_ads: 7756.0, t_des: 77546.0, bed_util_ads: 0.105, bed_util_des: 0.020, frac_lost: 0.100
L: 2.00, u_super: 0.00010, sec: 324.020, t_ads: 7756.0, t_des: 77541.0, bed_util_ads: 0.105, bed_util_des: 0.020, frac_lost: 0.100
L: 2.00, u_super: 0.00010, sec: 324.043, t_ads: 7757.0, t_des: 77541.0, bed_util_ads: 0.105, bed_util_des: 0.020, frac_lost: 0.100
L: 2.00, u_super: 0.00010, sec: 324.001, t_ads: 7762.0, t_des: 77548.0, bed_util_ads: 0.105, bed_util_des: 0.020, frac_lost: 0.100
L: 2.00, u_super: 0.00010, sec: 324.008, t_ads: 7748.0, t_des: 77541.0, bed_util_ads: 0.105, bed_util_des: 0.020, frac_lost: 0.100
L: 2.00, u_super: 0.00010, sec: 324.010, t_ads: 7748.0, t_des: 77540.0, bed_util_ads: 0.105, bed_util_des: 0.020, frac_lost: 0.100
L: 1.83, u_super: 0.00010, sec: 325.124, t_ads: 7072.0, t_des: 77225.0, bed_util_ads: 0.104, bed_util_des: 0.020, frac_lost: 0.100
L: 2.00, u_super: 0.00010, sec: 324.091, t_ads: 7760.0, t_des: 77543.0, bed_util_ads: 0.105, bed_util_des: 0.020, frac_lost: 0.100
L: 2.00, u_super: 0.00010, sec: 323.997, t_ads: 7760.0, t_des: 77548.0, bed_util_ads: 0.105, bed_util_des: 0.020, frac_lost: 0.100
L: 2.00, u_super: 0.00010, sec: 324.058, t_ads: 7748.0, t_des: 77539.0, bed_util_ads: 0.105, bed_util_des: 0.020, frac_lost: 0.100
L: 2.00, u_super: 0.00010, sec: 323.993, t_ads: 7762.0, t_des: 77549.0, bed_util_ads: 0.105, bed_util_des: 0.020, frac_lost: 0.100
L: 2.00, u_super: 0.00010, sec: 323.998, t_ads: 7762.0, t_des: 77548.0, bed_util_ads: 0.105, bed_util_des: 0.020, frac_lost: 0.100
L: 2.00, u_super: 0.00010, sec: 324.001, t_ads: 7762.0, t_des: 77547.0, bed_util_ads: 0.105, bed_util_des: 0.020, frac_lost: 0.100
L: 2.00, u_super: 0.00023, sec: 1997.445, t_ads: 3237.0, t_des: 77168.0, bed_util_ads: 0.091, bed_util_des: 0.020, frac_lost: 0.100
L: 2.00, u_super: 0.00010, sec: 324.005, t_ads: 7762.0, t_des: 77547.0, bed_util_ads: 0.105, bed_util_des: 0.020, frac_lost: 0.100
L: 2.00, u_super: 0.00010, sec: 323.992, t_ads: 7762.0, t_des: 77549.0, bed_util_ads: 0.105, bed_util_des: 0.020, frac_lost: 0.100
L: 2.00, u_super: 0.00010, sec: 323.998, t_ads: 7762.0, t_des: 77549.0, bed_util_ads: 0.105, bed_util_des: 0.020, frac_lost: 0.100
    13 |      520 |  3.240402E+02 |  3.239924E+02
L: 2.00, u_super: 0.00010, sec: 324.056, t_ads: 7744.0, t_des: 77535.0, bed_util_ads: 0.105, bed_util_des: 0.020, frac_lost: 0.100
L: 2.00, u_super: 0.00011, sec: 377.393, t_ads: 7186.0, t_des: 77274.0, bed_util_ads: 0.104, bed_util_des: 0.020, frac_lost: 0.100
L: 2.00, u_super: 0.00010, sec: 323.995, t_ads: 7762.0, t_des: 77549.0, bed_util_ads: 0.105, bed_util_des: 0.020, frac_lost: 0.100
L: 2.00, u_super: 0.00010, sec: 324.072, t_ads: 7761.0, t_des: 77547.0, bed_util_ads: 0.105, bed_util_des: 0.020, frac_lost: 0.100
L: 2.00, u_super: 0.00010, sec: 323.998, t_ads: 7762.0, t_des: 77547.0, bed_util_ads: 0.105, bed_util_des: 0.020, frac_lost: 0.100
L: 2.00, u_super: 0.00010, sec: 323.994, t_ads: 7761.0, t_des: 77548.0, bed_util_ads: 0.105, bed_util_des: 0.020, frac_lost: 0.100
L: 2.00, u_super: 0.00010, sec: 323.997, t_ads: 7762.0, t_des: 77547.0, bed_util_ads: 0.105, bed_util_des: 0.020, frac_lost: 0.100
L: 2.00, u_super: 0.00010, sec: 324.001, t_ads: 7759.0, t_des: 77546.0, bed_util_ads: 0.105, bed_util_des: 0.020, frac_lost: 0.100
L: 2.00, u_super: 0.00010, sec: 324.001, t_ads: 7759.0, t_des: 77547.0, bed_util_ads: 0.105, bed_util_des: 0.020, frac_lost: 0.100
L: 2.00, u_super: 0.00010, sec: 324.013, t_ads: 7757.0, t_des: 77544.0, bed_util_ads: 0.105, bed_util_des: 0.020, frac_lost: 0.100
L: 2.00, u_super: 0.00010, sec: 323.993, t_ads: 7762.0, t_des: 77549.0, bed_util_ads: 0.105, bed_util_des: 0.020, frac_lost: 0.100
L: 2.00, u_super: 0.00010, sec: 324.014, t_ads: 7756.0, t_des: 77543.0, bed_util_ads: 0.105, bed_util_des: 0.020, frac_lost: 0.100
L: 2.00, u_super: 0.00010, sec: 324.018, t_ads: 7761.0, t_des: 77544.0, bed_util_ads: 0.105, bed_util_des: 0.020, frac_lost: 0.100
L: 2.00, u_super: 0.00010, sec: 324.002, t_ads: 7762.0, t_des: 77548.0, bed_util_ads: 0.105, bed_util_des: 0.020, frac_lost: 0.100
L: 2.00, u_super: 0.00010, sec: 324.001, t_ads: 7762.0, t_des: 77547.0, bed_util_ads: 0.105, bed_util_des: 0.020, frac_lost: 0.100
L: 2.00, u_super: 0.00010, sec: 324.002, t_ads: 7762.0, t_des: 77547.0, bed_util_ads: 0.105, bed_util_des: 0.020, frac_lost: 0.100
L: 1.91, u_super: 0.00010, sec: 324.438, t_ads: 7418.0, t_des: 77376.0, bed_util_ads: 0.105, bed_util_des: 0.020, frac_lost: 0.100
L: 2.00, u_super: 0.00010, sec: 324.002, t_ads: 7755.0, t_des: 77545.0, bed_util_ads: 0.105, bed_util_des: 0.020, frac_lost: 0.100
L: 2.00, u_super: 0.00010, sec: 324.012, t_ads: 7750.0, t_des: 77541.0, bed_util_ads: 0.105, bed_util_des: 0.020, frac_lost: 0.100
L: 2.00, u_super: 0.00010, sec: 323.999, t_ads: 7762.0, t_des: 77548.0, bed_util_ads: 0.105, bed_util_des: 0.020, frac_lost: 0.100
L: 1.99, u_super: 0.00010, sec: 324.026, t_ads: 7735.0, t_des: 77534.0, bed_util_ads: 0.105, bed_util_des: 0.020, frac_lost: 0.100
L: 1.97, u_super: 0.00010, sec: 324.282, t_ads: 7636.0, t_des: 77482.0, bed_util_ads: 0.105, bed_util_des: 0.020, frac_lost: 0.100
L: 2.00, u_super: 0.00010, sec: 323.995, t_ads: 7762.0, t_des: 77548.0, bed_util_ads: 0.105, bed_util_des: 0.020, frac_lost: 0.100
L: 2.00, u_super: 0.00010, sec: 324.016, t_ads: 7752.0, t_des: 77540.0, bed_util_ads: 0.105, bed_util_des: 0.020, frac_lost: 0.100
L: 2.00, u_super: 0.00010, sec: 324.018, t_ads: 7750.0, t_des: 77539.0, bed_util_ads: 0.105, bed_util_des: 0.020, frac_lost: 0.100
L: 2.00, u_super: 0.00010, sec: 324.077, t_ads: 7757.0, t_des: 77545.0, bed_util_ads: 0.105, bed_util_des: 0.020, frac_lost: 0.100
L: 2.00, u_super: 0.00010, sec: 324.010, t_ads: 7745.0, t_des: 77540.0, bed_util_ads: 0.105, bed_util_des: 0.020, frac_lost: 0.100
L: 2.00, u_super: 0.00010, sec: 323.992, t_ads: 7762.0, t_des: 77549.0, bed_util_ads: 0.105, bed_util_des: 0.020, frac_lost: 0.100
L: 2.00, u_super: 0.00010, sec: 324.003, t_ads: 7762.0, t_des: 77547.0, bed_util_ads: 0.105, bed_util_des: 0.020, frac_lost: 0.100
L: 1.87, u_super: 0.00010, sec: 324.723, t_ads: 7250.0, t_des: 77303.0, bed_util_ads: 0.104, bed_util_des: 0.020, frac_lost: 0.100
L: 2.00, u_super: 0.00010, sec: 324.013, t_ads: 7761.0, t_des: 77544.0, bed_util_ads: 0.105, bed_util_des: 0.020, frac_lost: 0.100
L: 2.00, u_super: 0.00010, sec: 323.994, t_ads: 7762.0, t_des: 77549.0, bed_util_ads: 0.105, bed_util_des: 0.020, frac_lost: 0.100
L: 2.00, u_super: 0.00010, sec: 324.003, t_ads: 7749.0, t_des: 77542.0, bed_util_ads: 0.105, bed_util_des: 0.020, frac_lost: 0.100
L: 2.00, u_super: 0.00010, sec: 323.993, t_ads: 7762.0, t_des: 77549.0, bed_util_ads: 0.105, bed_util_des: 0.020, frac_lost: 0.100
L: 2.00, u_super: 0.00010, sec: 323.999, t_ads: 7762.0, t_des: 77548.0, bed_util_ads: 0.105, bed_util_des: 0.020, frac_lost: 0.100
L: 2.00, u_super: 0.00010, sec: 324.001, t_ads: 7760.0, t_des: 77547.0, bed_util_ads: 0.105, bed_util_des: 0.020, frac_lost: 0.100
L: 2.00, u_super: 0.00010, sec: 323.995, t_ads: 7762.0, t_des: 77549.0, bed_util_ads: 0.105, bed_util_des: 0.020, frac_lost: 0.100
L: 2.00, u_super: 0.00010, sec: 324.005, t_ads: 7762.0, t_des: 77547.0, bed_util_ads: 0.105, bed_util_des: 0.020, frac_lost: 0.100
L: 2.00, u_super: 0.00010, sec: 323.992, t_ads: 7762.0, t_des: 77549.0, bed_util_ads: 0.105, bed_util_des: 0.020, frac_lost: 0.100
L: 2.00, u_super: 0.00010, sec: 323.997, t_ads: 7762.0, t_des: 77548.0, bed_util_ads: 0.105, bed_util_des: 0.020, frac_lost: 0.100
    14 |      560 |  3.240260E+02 |  3.239919E+02
L: 2.00, u_super: 0.00010, sec: 323.998, t_ads: 7762.0, t_des: 77548.0, bed_util_ads: 0.105, bed_util_des: 0.020, frac_lost: 0.100
L: 2.00, u_super: 0.00010, sec: 324.008, t_ads: 7759.0, t_des: 77544.0, bed_util_ads: 0.105, bed_util_des: 0.020, frac_lost: 0.100
L: 2.00, u_super: 0.00010, sec: 323.996, t_ads: 7762.0, t_des: 77549.0, bed_util_ads: 0.105, bed_util_des: 0.020, frac_lost: 0.100
L: 2.00, u_super: 0.00010, sec: 324.086, t_ads: 7755.0, t_des: 77542.0, bed_util_ads: 0.105, bed_util_des: 0.020, frac_lost: 0.100
L: 2.00, u_super: 0.00010, sec: 323.995, t_ads: 7762.0, t_des: 77549.0, bed_util_ads: 0.105, bed_util_des: 0.020, frac_lost: 0.100
L: 2.00, u_super: 0.00010, sec: 324.000, t_ads: 7762.0, t_des: 77547.0, bed_util_ads: 0.105, bed_util_des: 0.020, frac_lost: 0.100
L: 2.00, u_super: 0.00010, sec: 324.019, t_ads: 7748.0, t_des: 77539.0, bed_util_ads: 0.105, bed_util_des: 0.020, frac_lost: 0.100
L: 2.00, u_super: 0.00010, sec: 324.000, t_ads: 7759.0, t_des: 77546.0, bed_util_ads: 0.105, bed_util_des: 0.020, frac_lost: 0.100
L: 2.00, u_super: 0.00010, sec: 323.997, t_ads: 7759.0, t_des: 77546.0, bed_util_ads: 0.105, bed_util_des: 0.020, frac_lost: 0.100
L: 2.00, u_super: 0.00010, sec: 323.999, t_ads: 7761.0, t_des: 77547.0, bed_util_ads: 0.105, bed_util_des: 0.020, frac_lost: 0.100
L: 2.00, u_super: 0.00010, sec: 324.006, t_ads: 7761.0, t_des: 77546.0, bed_util_ads: 0.105, bed_util_des: 0.020, frac_lost: 0.100
L: 2.00, u_super: 0.00010, sec: 324.014, t_ads: 7756.0, t_des: 77543.0, bed_util_ads: 0.105, bed_util_des: 0.020, frac_lost: 0.100
L: 2.00, u_super: 0.00010, sec: 324.006, t_ads: 7759.0, t_des: 77545.0, bed_util_ads: 0.105, bed_util_des: 0.020, frac_lost: 0.100
L: 2.00, u_super: 0.00010, sec: 323.997, t_ads: 7762.0, t_des: 77547.0, bed_util_ads: 0.105, bed_util_des: 0.020, frac_lost: 0.100
L: 2.00, u_super: 0.00010, sec: 324.014, t_ads: 7761.0, t_des: 77544.0, bed_util_ads: 0.105, bed_util_des: 0.020, frac_lost: 0.100
L: 2.00, u_super: 0.00010, sec: 324.001, t_ads: 7762.0, t_des: 77547.0, bed_util_ads: 0.105, bed_util_des: 0.020, frac_lost: 0.100
L: 2.00, u_super: 0.00010, sec: 324.000, t_ads: 7762.0, t_des: 77547.0, bed_util_ads: 0.105, bed_util_des: 0.020, frac_lost: 0.100
L: 2.00, u_super: 0.00096, sec: 60456.664, t_ads: 747.0, t_des: 76522.0, bed_util_ads: 0.059, bed_util_des: 0.020, frac_lost: 0.100
L: 2.00, u_super: 0.00010, sec: 324.003, t_ads: 7762.0, t_des: 77547.0, bed_util_ads: 0.105, bed_util_des: 0.020, frac_lost: 0.100
L: 2.00, u_super: 0.00010, sec: 323.998, t_ads: 7762.0, t_des: 77548.0, bed_util_ads: 0.105, bed_util_des: 0.020, frac_lost: 0.100
L: 1.99, u_super: 0.00010, sec: 324.029, t_ads: 7738.0, t_des: 77533.0, bed_util_ads: 0.105, bed_util_des: 0.020, frac_lost: 0.100
L: 2.00, u_super: 0.00010, sec: 324.154, t_ads: 7760.0, t_des: 77544.0, bed_util_ads: 0.105, bed_util_des: 0.020, frac_lost: 0.100
L: 2.00, u_super: 0.00010, sec: 323.995, t_ads: 7760.0, t_des: 77547.0, bed_util_ads: 0.105, bed_util_des: 0.020, frac_lost: 0.100
L: 2.00, u_super: 0.00010, sec: 324.015, t_ads: 7753.0, t_des: 77541.0, bed_util_ads: 0.105, bed_util_des: 0.020, frac_lost: 0.100
L: 1.94, u_super: 0.00010, sec: 324.314, t_ads: 7505.0, t_des: 77416.0, bed_util_ads: 0.105, bed_util_des: 0.020, frac_lost: 0.100
L: 2.00, u_super: 0.00010, sec: 324.005, t_ads: 7756.0, t_des: 77545.0, bed_util_ads: 0.105, bed_util_des: 0.020, frac_lost: 0.100
L: 2.00, u_super: 0.00010, sec: 324.011, t_ads: 7755.0, t_des: 77543.0, bed_util_ads: 0.105, bed_util_des: 0.020, frac_lost: 0.100
L: 2.00, u_super: 0.00010, sec: 324.004, t_ads: 7762.0, t_des: 77546.0, bed_util_ads: 0.105, bed_util_des: 0.020, frac_lost: 0.100
L: 2.00, u_super: 0.00010, sec: 324.002, t_ads: 7762.0, t_des: 77547.0, bed_util_ads: 0.105, bed_util_des: 0.020, frac_lost: 0.100
L: 2.00, u_super: 0.00010, sec: 324.017, t_ads: 7761.0, t_des: 77543.0, bed_util_ads: 0.105, bed_util_des: 0.020, frac_lost: 0.100
L: 2.00, u_super: 0.00010, sec: 324.001, t_ads: 7756.0, t_des: 77545.0, bed_util_ads: 0.105, bed_util_des: 0.020, frac_lost: 0.100
L: 2.00, u_super: 0.00010, sec: 323.993, t_ads: 7762.0, t_des: 77549.0, bed_util_ads: 0.105, bed_util_des: 0.020, frac_lost: 0.100
L: 2.00, u_super: 0.00010, sec: 324.003, t_ads: 7749.0, t_des: 77542.0, bed_util_ads: 0.105, bed_util_des: 0.020, frac_lost: 0.100
L: 2.00, u_super: 0.00010, sec: 323.993, t_ads: 7762.0, t_des: 77549.0, bed_util_ads: 0.105, bed_util_des: 0.020, frac_lost: 0.100
L: 2.00, u_super: 0.00010, sec: 324.006, t_ads: 7762.0, t_des: 77546.0, bed_util_ads: 0.105, bed_util_des: 0.020, frac_lost: 0.100
L: 2.00, u_super: 0.00010, sec: 323.994, t_ads: 7762.0, t_des: 77548.0, bed_util_ads: 0.105, bed_util_des: 0.020, frac_lost: 0.100
L: 2.00, u_super: 0.00010, sec: 324.012, t_ads: 7760.0, t_des: 77543.0, bed_util_ads: 0.105, bed_util_des: 0.020, frac_lost: 0.100
L: 2.00, u_super: 0.00010, sec: 323.995, t_ads: 7762.0, t_des: 77549.0, bed_util_ads: 0.105, bed_util_des: 0.020, frac_lost: 0.100
L: 2.00, u_super: 0.00010, sec: 323.999, t_ads: 7762.0, t_des: 77548.0, bed_util_ads: 0.105, bed_util_des: 0.020, frac_lost: 0.100
L: 2.00, u_super: 0.00010, sec: 323.995, t_ads: 7762.0, t_des: 77548.0, bed_util_ads: 0.105, bed_util_des: 0.020, frac_lost: 0.100
    15 |      600 |  3.240058E+02 |  3.239919E+02
L: 2.00, u_super: 0.00010, sec: 324.020, t_ads: 7758.0, t_des: 77542.0, bed_util_ads: 0.105, bed_util_des: 0.020, frac_lost: 0.100
L: 2.00, u_super: 0.00010, sec: 323.996, t_ads: 7762.0, t_des: 77547.0, bed_util_ads: 0.105, bed_util_des: 0.020, frac_lost: 0.100
L: 2.00, u_super: 0.00010, sec: 323.994, t_ads: 7762.0, t_des: 77549.0, bed_util_ads: 0.105, bed_util_des: 0.020, frac_lost: 0.100
L: 2.00, u_super: 0.00010, sec: 324.077, t_ads: 7761.0, t_des: 77546.0, bed_util_ads: 0.105, bed_util_des: 0.020, frac_lost: 0.100
L: 2.00, u_super: 0.00010, sec: 323.995, t_ads: 7762.0, t_des: 77549.0, bed_util_ads: 0.105, bed_util_des: 0.020, frac_lost: 0.100
L: 2.00, u_super: 0.00010, sec: 323.993, t_ads: 7761.0, t_des: 77548.0, bed_util_ads: 0.105, bed_util_des: 0.020, frac_lost: 0.100
L: 2.00, u_super: 0.00010, sec: 323.997, t_ads: 7762.0, t_des: 77547.0, bed_util_ads: 0.105, bed_util_des: 0.020, frac_lost: 0.100
L: 2.00, u_super: 0.00010, sec: 323.992, t_ads: 7762.0, t_des: 77548.0, bed_util_ads: 0.105, bed_util_des: 0.020, frac_lost: 0.100
L: 2.00, u_super: 0.00010, sec: 323.995, t_ads: 7762.0, t_des: 77548.0, bed_util_ads: 0.105, bed_util_des: 0.020, frac_lost: 0.100
L: 2.00, u_super: 0.00010, sec: 323.999, t_ads: 7761.0, t_des: 77547.0, bed_util_ads: 0.105, bed_util_des: 0.020, frac_lost: 0.100
L: 2.00, u_super: 0.00010, sec: 324.003, t_ads: 7762.0, t_des: 77546.0, bed_util_ads: 0.105, bed_util_des: 0.020, frac_lost: 0.100
L: 2.00, u_super: 0.00010, sec: 324.014, t_ads: 7756.0, t_des: 77543.0, bed_util_ads: 0.105, bed_util_des: 0.020, frac_lost: 0.100
L: 2.00, u_super: 0.00010, sec: 324.023, t_ads: 7748.0, t_des: 77538.0, bed_util_ads: 0.105, bed_util_des: 0.020, frac_lost: 0.100
L: 2.00, u_super: 0.00010, sec: 323.997, t_ads: 7762.0, t_des: 77547.0, bed_util_ads: 0.105, bed_util_des: 0.020, frac_lost: 0.100
L: 1.99, u_super: 0.00010, sec: 324.050, t_ads: 7723.0, t_des: 77524.0, bed_util_ads: 0.105, bed_util_des: 0.020, frac_lost: 0.100
L: 2.00, u_super: 0.00010, sec: 324.008, t_ads: 7755.0, t_des: 77543.0, bed_util_ads: 0.105, bed_util_des: 0.020, frac_lost: 0.100
L: 2.00, u_super: 0.00010, sec: 323.999, t_ads: 7762.0, t_des: 77547.0, bed_util_ads: 0.105, bed_util_des: 0.020, frac_lost: 0.100
L: 2.00, u_super: 0.00010, sec: 324.008, t_ads: 7756.0, t_des: 77543.0, bed_util_ads: 0.105, bed_util_des: 0.020, frac_lost: 0.100
L: 2.00, u_super: 0.00010, sec: 323.999, t_ads: 7762.0, t_des: 77548.0, bed_util_ads: 0.105, bed_util_des: 0.020, frac_lost: 0.100
L: 2.00, u_super: 0.00010, sec: 324.003, t_ads: 7762.0, t_des: 77546.0, bed_util_ads: 0.105, bed_util_des: 0.020, frac_lost: 0.100
L: 2.00, u_super: 0.00010, sec: 324.004, t_ads: 7762.0, t_des: 77547.0, bed_util_ads: 0.105, bed_util_des: 0.020, frac_lost: 0.100
L: 2.00, u_super: 0.00010, sec: 324.026, t_ads: 7750.0, t_des: 77538.0, bed_util_ads: 0.105, bed_util_des: 0.020, frac_lost: 0.100
L: 2.00, u_super: 0.00010, sec: 323.989, t_ads: 7762.0, t_des: 77549.0, bed_util_ads: 0.105, bed_util_des: 0.020, frac_lost: 0.100
L: 2.00, u_super: 0.00010, sec: 324.016, t_ads: 7761.0, t_des: 77543.0, bed_util_ads: 0.105, bed_util_des: 0.020, frac_lost: 0.100
L: 2.00, u_super: 0.00010, sec: 324.017, t_ads: 7750.0, t_des: 77539.0, bed_util_ads: 0.105, bed_util_des: 0.020, frac_lost: 0.100
L: 2.00, u_super: 0.00035, sec: 5154.902, t_ads: 2111.0, t_des: 77662.0, bed_util_ads: 0.082, bed_util_des: 0.020, frac_lost: 0.100
L: 2.00, u_super: 0.00010, sec: 324.005, t_ads: 7762.0, t_des: 77546.0, bed_util_ads: 0.105, bed_util_des: 0.020, frac_lost: 0.100
L: 2.00, u_super: 0.00010, sec: 323.992, t_ads: 7762.0, t_des: 77549.0, bed_util_ads: 0.105, bed_util_des: 0.020, frac_lost: 0.100
L: 2.00, u_super: 0.00010, sec: 324.002, t_ads: 7762.0, t_des: 77547.0, bed_util_ads: 0.105, bed_util_des: 0.020, frac_lost: 0.100
L: 2.00, u_super: 0.00010, sec: 323.994, t_ads: 7759.0, t_des: 77548.0, bed_util_ads: 0.105, bed_util_des: 0.020, frac_lost: 0.100
L: 2.00, u_super: 0.00010, sec: 324.015, t_ads: 7756.0, t_des: 77542.0, bed_util_ads: 0.105, bed_util_des: 0.020, frac_lost: 0.100
L: 2.00, u_super: 0.00010, sec: 323.989, t_ads: 7762.0, t_des: 77549.0, bed_util_ads: 0.105, bed_util_des: 0.020, frac_lost: 0.100
L: 2.00, u_super: 0.00010, sec: 324.000, t_ads: 7761.0, t_des: 77547.0, bed_util_ads: 0.105, bed_util_des: 0.020, frac_lost: 0.100
L: 2.00, u_super: 0.00010, sec: 324.005, t_ads: 7761.0, t_des: 77546.0, bed_util_ads: 0.105, bed_util_des: 0.020, frac_lost: 0.100
L: 2.00, u_super: 0.00010, sec: 323.993, t_ads: 7762.0, t_des: 77549.0, bed_util_ads: 0.105, bed_util_des: 0.020, frac_lost: 0.100
L: 2.00, u_super: 0.00010, sec: 323.994, t_ads: 7762.0, t_des: 77548.0, bed_util_ads: 0.105, bed_util_des: 0.020, frac_lost: 0.100
L: 2.00, u_super: 0.00010, sec: 323.995, t_ads: 7762.0, t_des: 77549.0, bed_util_ads: 0.105, bed_util_des: 0.020, frac_lost: 0.100
L: 2.00, u_super: 0.00010, sec: 323.994, t_ads: 7762.0, t_des: 77549.0, bed_util_ads: 0.105, bed_util_des: 0.020, frac_lost: 0.100
L: 2.00, u_super: 0.00010, sec: 323.992, t_ads: 7762.0, t_des: 77549.0, bed_util_ads: 0.105, bed_util_des: 0.020, frac_lost: 0.100
L: 2.00, u_super: 0.00010, sec: 323.995, t_ads: 7762.0, t_des: 77548.0, bed_util_ads: 0.105, bed_util_des: 0.020, frac_lost: 0.100
    16 |      640 |  3.240002E+02 |  3.239887E+02
L: 2.00, u_super: 0.00079, sec: 36944.047, t_ads: 914.0, t_des: 77237.0, bed_util_ads: 0.063, bed_util_des: 0.020, frac_lost: 0.100
L: 2.00, u_super: 0.00010, sec: 324.000, t_ads: 7762.0, t_des: 77548.0, bed_util_ads: 0.105, bed_util_des: 0.020, frac_lost: 0.100
L: 2.00, u_super: 0.00010, sec: 324.011, t_ads: 7761.0, t_des: 77544.0, bed_util_ads: 0.105, bed_util_des: 0.020, frac_lost: 0.100
L: 2.00, u_super: 0.00010, sec: 323.994, t_ads: 7762.0, t_des: 77548.0, bed_util_ads: 0.105, bed_util_des: 0.020, frac_lost: 0.100
L: 2.00, u_super: 0.00010, sec: 323.998, t_ads: 7762.0, t_des: 77547.0, bed_util_ads: 0.105, bed_util_des: 0.020, frac_lost: 0.100
L: 2.00, u_super: 0.00010, sec: 323.993, t_ads: 7761.0, t_des: 77548.0, bed_util_ads: 0.105, bed_util_des: 0.020, frac_lost: 0.100
L: 2.00, u_super: 0.00010, sec: 323.998, t_ads: 7762.0, t_des: 77548.0, bed_util_ads: 0.105, bed_util_des: 0.020, frac_lost: 0.100
L: 2.00, u_super: 0.00010, sec: 323.992, t_ads: 7762.0, t_des: 77548.0, bed_util_ads: 0.105, bed_util_des: 0.020, frac_lost: 0.100
L: 2.00, u_super: 0.00010, sec: 324.046, t_ads: 7761.0, t_des: 77544.0, bed_util_ads: 0.105, bed_util_des: 0.020, frac_lost: 0.100
L: 2.00, u_super: 0.00010, sec: 323.993, t_ads: 7762.0, t_des: 77548.0, bed_util_ads: 0.105, bed_util_des: 0.020, frac_lost: 0.100
L: 2.00, u_super: 0.00010, sec: 323.993, t_ads: 7762.0, t_des: 77549.0, bed_util_ads: 0.105, bed_util_des: 0.020, frac_lost: 0.100
L: 1.99, u_super: 0.00010, sec: 324.018, t_ads: 7736.0, t_des: 77536.0, bed_util_ads: 0.105, bed_util_des: 0.020, frac_lost: 0.100
L: 2.00, u_super: 0.00010, sec: 323.997, t_ads: 7762.0, t_des: 77548.0, bed_util_ads: 0.105, bed_util_des: 0.020, frac_lost: 0.100
L: 2.00, u_super: 0.00010, sec: 323.997, t_ads: 7762.0, t_des: 77547.0, bed_util_ads: 0.105, bed_util_des: 0.020, frac_lost: 0.100
L: 2.00, u_super: 0.00010, sec: 324.017, t_ads: 7761.0, t_des: 77543.0, bed_util_ads: 0.105, bed_util_des: 0.020, frac_lost: 0.100
L: 2.00, u_super: 0.00010, sec: 324.001, t_ads: 7762.0, t_des: 77547.0, bed_util_ads: 0.105, bed_util_des: 0.020, frac_lost: 0.100
L: 2.00, u_super: 0.00010, sec: 323.994, t_ads: 7762.0, t_des: 77549.0, bed_util_ads: 0.105, bed_util_des: 0.020, frac_lost: 0.100
L: 2.00, u_super: 0.00010, sec: 324.002, t_ads: 7755.0, t_des: 77545.0, bed_util_ads: 0.105, bed_util_des: 0.020, frac_lost: 0.100
L: 2.00, u_super: 0.00010, sec: 323.998, t_ads: 7762.0, t_des: 77548.0, bed_util_ads: 0.105, bed_util_des: 0.020, frac_lost: 0.100
L: 2.00, u_super: 0.00010, sec: 323.998, t_ads: 7762.0, t_des: 77548.0, bed_util_ads: 0.105, bed_util_des: 0.020, frac_lost: 0.100
L: 2.00, u_super: 0.00010, sec: 324.004, t_ads: 7762.0, t_des: 77547.0, bed_util_ads: 0.105, bed_util_des: 0.020, frac_lost: 0.100
L: 2.00, u_super: 0.00010, sec: 324.026, t_ads: 7750.0, t_des: 77538.0, bed_util_ads: 0.105, bed_util_des: 0.020, frac_lost: 0.100
L: 2.00, u_super: 0.00010, sec: 323.989, t_ads: 7762.0, t_des: 77549.0, bed_util_ads: 0.105, bed_util_des: 0.020, frac_lost: 0.100
L: 2.00, u_super: 0.00010, sec: 324.015, t_ads: 7761.0, t_des: 77544.0, bed_util_ads: 0.105, bed_util_des: 0.020, frac_lost: 0.100
L: 2.00, u_super: 0.00010, sec: 324.017, t_ads: 7750.0, t_des: 77539.0, bed_util_ads: 0.105, bed_util_des: 0.020, frac_lost: 0.100
L: 1.97, u_super: 0.00010, sec: 324.120, t_ads: 7652.0, t_des: 77489.0, bed_util_ads: 0.105, bed_util_des: 0.020, frac_lost: 0.100
L: 2.00, u_super: 0.00010, sec: 323.998, t_ads: 7762.0, t_des: 77547.0, bed_util_ads: 0.105, bed_util_des: 0.020, frac_lost: 0.100
L: 2.00, u_super: 0.00010, sec: 324.015, t_ads: 7761.0, t_des: 77543.0, bed_util_ads: 0.105, bed_util_des: 0.020, frac_lost: 0.100
L: 2.00, u_super: 0.00010, sec: 324.015, t_ads: 7761.0, t_des: 77543.0, bed_util_ads: 0.105, bed_util_des: 0.020, frac_lost: 0.100
L: 2.00, u_super: 0.00010, sec: 324.004, t_ads: 7759.0, t_des: 77546.0, bed_util_ads: 0.105, bed_util_des: 0.020, frac_lost: 0.100
L: 2.00, u_super: 0.00010, sec: 324.001, t_ads: 7756.0, t_des: 77545.0, bed_util_ads: 0.105, bed_util_des: 0.020, frac_lost: 0.100
L: 2.00, u_super: 0.00010, sec: 323.989, t_ads: 7762.0, t_des: 77549.0, bed_util_ads: 0.105, bed_util_des: 0.020, frac_lost: 0.100
L: 2.00, u_super: 0.00035, sec: 5015.790, t_ads: 2137.0, t_des: 77648.0, bed_util_ads: 0.083, bed_util_des: 0.020, frac_lost: 0.100
L: 2.00, u_super: 0.00010, sec: 323.993, t_ads: 7762.0, t_des: 77549.0, bed_util_ads: 0.105, bed_util_des: 0.020, frac_lost: 0.100
L: 2.00, u_super: 0.00010, sec: 323.991, t_ads: 7762.0, t_des: 77549.0, bed_util_ads: 0.105, bed_util_des: 0.020, frac_lost: 0.100
L: 2.00, u_super: 0.00010, sec: 323.994, t_ads: 7762.0, t_des: 77548.0, bed_util_ads: 0.105, bed_util_des: 0.020, frac_lost: 0.100
L: 2.00, u_super: 0.00010, sec: 323.995, t_ads: 7762.0, t_des: 77549.0, bed_util_ads: 0.105, bed_util_des: 0.020, frac_lost: 0.100
L: 2.00, u_super: 0.00010, sec: 324.004, t_ads: 7762.0, t_des: 77546.0, bed_util_ads: 0.105, bed_util_des: 0.020, frac_lost: 0.100
L: 2.00, u_super: 0.00010, sec: 323.992, t_ads: 7762.0, t_des: 77549.0, bed_util_ads: 0.105, bed_util_des: 0.020, frac_lost: 0.100
L: 2.00, u_super: 0.00010, sec: 323.992, t_ads: 7762.0, t_des: 77548.0, bed_util_ads: 0.105, bed_util_des: 0.020, frac_lost: 0.100
    17 |      680 |  3.239976E+02 |  3.239887E+02
L: 2.00, u_super: 0.00010, sec: 323.997, t_ads: 7762.0, t_des: 77548.0, bed_util_ads: 0.105, bed_util_des: 0.020, frac_lost: 0.100
L: 2.00, u_super: 0.00010, sec: 324.004, t_ads: 7762.0, t_des: 77547.0, bed_util_ads: 0.105, bed_util_des: 0.020, frac_lost: 0.100
L: 2.00, u_super: 0.00010, sec: 323.990, t_ads: 7762.0, t_des: 77549.0, bed_util_ads: 0.105, bed_util_des: 0.020, frac_lost: 0.100
L: 2.00, u_super: 0.00010, sec: 323.994, t_ads: 7762.0, t_des: 77548.0, bed_util_ads: 0.105, bed_util_des: 0.020, frac_lost: 0.100
L: 2.00, u_super: 0.00010, sec: 324.015, t_ads: 7761.0, t_des: 77543.0, bed_util_ads: 0.105, bed_util_des: 0.020, frac_lost: 0.100
L: 2.00, u_super: 0.00010, sec: 323.995, t_ads: 7762.0, t_des: 77548.0, bed_util_ads: 0.105, bed_util_des: 0.020, frac_lost: 0.100
L: 2.00, u_super: 0.00010, sec: 324.000, t_ads: 7761.0, t_des: 77547.0, bed_util_ads: 0.105, bed_util_des: 0.020, frac_lost: 0.100
L: 2.00, u_super: 0.00010, sec: 323.992, t_ads: 7762.0, t_des: 77548.0, bed_util_ads: 0.105, bed_util_des: 0.020, frac_lost: 0.100
L: 2.00, u_super: 0.00010, sec: 324.002, t_ads: 7762.0, t_des: 77547.0, bed_util_ads: 0.105, bed_util_des: 0.020, frac_lost: 0.100
L: 2.00, u_super: 0.00010, sec: 323.994, t_ads: 7762.0, t_des: 77549.0, bed_util_ads: 0.105, bed_util_des: 0.020, frac_lost: 0.100
L: 2.00, u_super: 0.00010, sec: 323.993, t_ads: 7762.0, t_des: 77549.0, bed_util_ads: 0.105, bed_util_des: 0.020, frac_lost: 0.100
L: 2.00, u_super: 0.00010, sec: 324.010, t_ads: 7756.0, t_des: 77542.0, bed_util_ads: 0.105, bed_util_des: 0.020, frac_lost: 0.100
L: 2.00, u_super: 0.00010, sec: 324.003, t_ads: 7762.0, t_des: 77547.0, bed_util_ads: 0.105, bed_util_des: 0.020, frac_lost: 0.100
L: 2.00, u_super: 0.00010, sec: 323.997, t_ads: 7762.0, t_des: 77547.0, bed_util_ads: 0.105, bed_util_des: 0.020, frac_lost: 0.100
L: 1.99, u_super: 0.00010, sec: 324.042, t_ads: 7717.0, t_des: 77524.0, bed_util_ads: 0.105, bed_util_des: 0.020, frac_lost: 0.100
L: 2.00, u_super: 0.00010, sec: 323.993, t_ads: 7762.0, t_des: 77548.0, bed_util_ads: 0.105, bed_util_des: 0.020, frac_lost: 0.100
L: 1.90, u_super: 0.00010, sec: 324.504, t_ads: 7379.0, t_des: 77358.0, bed_util_ads: 0.105, bed_util_des: 0.020, frac_lost: 0.100
L: 2.00, u_super: 0.00010, sec: 324.015, t_ads: 7761.0, t_des: 77543.0, bed_util_ads: 0.105, bed_util_des: 0.020, frac_lost: 0.100
L: 2.00, u_super: 0.00010, sec: 324.006, t_ads: 7762.0, t_des: 77546.0, bed_util_ads: 0.105, bed_util_des: 0.020, frac_lost: 0.100
L: 2.00, u_super: 0.00010, sec: 323.998, t_ads: 7762.0, t_des: 77548.0, bed_util_ads: 0.105, bed_util_des: 0.020, frac_lost: 0.100
L: 2.00, u_super: 0.00010, sec: 324.004, t_ads: 7762.0, t_des: 77547.0, bed_util_ads: 0.105, bed_util_des: 0.020, frac_lost: 0.100
L: 2.00, u_super: 0.00010, sec: 324.026, t_ads: 7750.0, t_des: 77538.0, bed_util_ads: 0.105, bed_util_des: 0.020, frac_lost: 0.100
L: 2.00, u_super: 0.00010, sec: 323.989, t_ads: 7762.0, t_des: 77549.0, bed_util_ads: 0.105, bed_util_des: 0.020, frac_lost: 0.100
L: 2.00, u_super: 0.00010, sec: 323.999, t_ads: 7756.0, t_des: 77546.0, bed_util_ads: 0.105, bed_util_des: 0.020, frac_lost: 0.100
L: 2.00, u_super: 0.00010, sec: 324.018, t_ads: 7759.0, t_des: 77543.0, bed_util_ads: 0.105, bed_util_des: 0.020, frac_lost: 0.100
L: 2.00, u_super: 0.00010, sec: 324.000, t_ads: 7758.0, t_des: 77546.0, bed_util_ads: 0.105, bed_util_des: 0.020, frac_lost: 0.100
L: 2.00, u_super: 0.00010, sec: 323.998, t_ads: 7762.0, t_des: 77547.0, bed_util_ads: 0.105, bed_util_des: 0.020, frac_lost: 0.100
L: 2.00, u_super: 0.00010, sec: 323.992, t_ads: 7762.0, t_des: 77549.0, bed_util_ads: 0.105, bed_util_des: 0.020, frac_lost: 0.100
L: 2.00, u_super: 0.00010, sec: 324.003, t_ads: 7762.0, t_des: 77547.0, bed_util_ads: 0.105, bed_util_des: 0.020, frac_lost: 0.100
L: 2.00, u_super: 0.00010, sec: 323.994, t_ads: 7759.0, t_des: 77548.0, bed_util_ads: 0.105, bed_util_des: 0.020, frac_lost: 0.100
L: 2.00, u_super: 0.00010, sec: 324.001, t_ads: 7756.0, t_des: 77545.0, bed_util_ads: 0.105, bed_util_des: 0.020, frac_lost: 0.100
L: 2.00, u_super: 0.00010, sec: 323.989, t_ads: 7762.0, t_des: 77549.0, bed_util_ads: 0.105, bed_util_des: 0.020, frac_lost: 0.100
L: 2.00, u_super: 0.00010, sec: 324.004, t_ads: 7762.0, t_des: 77546.0, bed_util_ads: 0.105, bed_util_des: 0.020, frac_lost: 0.100
L: 2.00, u_super: 0.00010, sec: 323.990, t_ads: 7762.0, t_des: 77549.0, bed_util_ads: 0.105, bed_util_des: 0.020, frac_lost: 0.100
L: 2.00, u_super: 0.00010, sec: 323.991, t_ads: 7762.0, t_des: 77549.0, bed_util_ads: 0.105, bed_util_des: 0.020, frac_lost: 0.100
L: 2.00, u_super: 0.00010, sec: 324.004, t_ads: 7759.0, t_des: 77546.0, bed_util_ads: 0.105, bed_util_des: 0.020, frac_lost: 0.100
L: 2.00, u_super: 0.00010, sec: 324.016, t_ads: 7761.0, t_des: 77543.0, bed_util_ads: 0.105, bed_util_des: 0.020, frac_lost: 0.100
L: 2.00, u_super: 0.00010, sec: 324.016, t_ads: 7761.0, t_des: 77543.0, bed_util_ads: 0.105, bed_util_des: 0.020, frac_lost: 0.100
L: 2.00, u_super: 0.00010, sec: 323.994, t_ads: 7762.0, t_des: 77548.0, bed_util_ads: 0.105, bed_util_des: 0.020, frac_lost: 0.100
L: 2.00, u_super: 0.00010, sec: 323.992, t_ads: 7762.0, t_des: 77548.0, bed_util_ads: 0.105, bed_util_des: 0.020, frac_lost: 0.100
    18 |      720 |  3.239970E+02 |  3.239886E+02
L: 2.00, u_super: 0.00010, sec: 324.014, t_ads: 7761.0, t_des: 77544.0, bed_util_ads: 0.105, bed_util_des: 0.020, frac_lost: 0.100
L: 2.00, u_super: 0.00010, sec: 323.996, t_ads: 7762.0, t_des: 77547.0, bed_util_ads: 0.105, bed_util_des: 0.020, frac_lost: 0.100
L: 2.00, u_super: 0.00010, sec: 323.990, t_ads: 7762.0, t_des: 77549.0, bed_util_ads: 0.105, bed_util_des: 0.020, frac_lost: 0.100
L: 2.00, u_super: 0.00010, sec: 324.008, t_ads: 7761.0, t_des: 77545.0, bed_util_ads: 0.105, bed_util_des: 0.020, frac_lost: 0.100
L: 2.00, u_super: 0.00010, sec: 323.994, t_ads: 7759.0, t_des: 77548.0, bed_util_ads: 0.105, bed_util_des: 0.020, frac_lost: 0.100
L: 2.00, u_super: 0.00010, sec: 323.991, t_ads: 7762.0, t_des: 77549.0, bed_util_ads: 0.105, bed_util_des: 0.020, frac_lost: 0.100
L: 2.00, u_super: 0.00010, sec: 324.002, t_ads: 7762.0, t_des: 77547.0, bed_util_ads: 0.105, bed_util_des: 0.020, frac_lost: 0.100
L: 2.00, u_super: 0.00010, sec: 323.992, t_ads: 7762.0, t_des: 77548.0, bed_util_ads: 0.105, bed_util_des: 0.020, frac_lost: 0.100
L: 2.00, u_super: 0.00010, sec: 323.995, t_ads: 7762.0, t_des: 77548.0, bed_util_ads: 0.105, bed_util_des: 0.020, frac_lost: 0.100
L: 2.00, u_super: 0.00010, sec: 323.989, t_ads: 7762.0, t_des: 77549.0, bed_util_ads: 0.105, bed_util_des: 0.020, frac_lost: 0.100
L: 2.00, u_super: 0.00054, sec: 14672.313, t_ads: 1343.0, t_des: 77826.0, bed_util_ads: 0.072, bed_util_des: 0.020, frac_lost: 0.100
L: 2.00, u_super: 0.00010, sec: 323.992, t_ads: 7762.0, t_des: 77549.0, bed_util_ads: 0.105, bed_util_des: 0.020, frac_lost: 0.100
L: 2.00, u_super: 0.00010, sec: 324.005, t_ads: 7762.0, t_des: 77547.0, bed_util_ads: 0.105, bed_util_des: 0.020, frac_lost: 0.100
L: 2.00, u_super: 0.00010, sec: 324.013, t_ads: 7761.0, t_des: 77544.0, bed_util_ads: 0.105, bed_util_des: 0.020, frac_lost: 0.100
L: 2.00, u_super: 0.00010, sec: 323.999, t_ads: 7762.0, t_des: 77547.0, bed_util_ads: 0.105, bed_util_des: 0.020, frac_lost: 0.100
L: 2.00, u_super: 0.00010, sec: 324.004, t_ads: 7762.0, t_des: 77547.0, bed_util_ads: 0.105, bed_util_des: 0.020, frac_lost: 0.100
L: 2.00, u_super: 0.00010, sec: 324.015, t_ads: 7761.0, t_des: 77543.0, bed_util_ads: 0.105, bed_util_des: 0.020, frac_lost: 0.100
L: 2.00, u_super: 0.00010, sec: 324.002, t_ads: 7755.0, t_des: 77545.0, bed_util_ads: 0.105, bed_util_des: 0.020, frac_lost: 0.100
L: 2.00, u_super: 0.00010, sec: 324.015, t_ads: 7761.0, t_des: 77543.0, bed_util_ads: 0.105, bed_util_des: 0.020, frac_lost: 0.100
L: 2.00, u_super: 0.00010, sec: 323.998, t_ads: 7762.0, t_des: 77548.0, bed_util_ads: 0.105, bed_util_des: 0.020, frac_lost: 0.100
L: 1.93, u_super: 0.00010, sec: 324.315, t_ads: 7493.0, t_des: 77414.0, bed_util_ads: 0.105, bed_util_des: 0.020, frac_lost: 0.100
L: 2.00, u_super: 0.00010, sec: 324.000, t_ads: 7760.0, t_des: 77546.0, bed_util_ads: 0.105, bed_util_des: 0.020, frac_lost: 0.100
L: 2.00, u_super: 0.00010, sec: 323.993, t_ads: 7760.0, t_des: 77548.0, bed_util_ads: 0.105, bed_util_des: 0.020, frac_lost: 0.100
L: 2.00, u_super: 0.00010, sec: 323.999, t_ads: 7756.0, t_des: 77546.0, bed_util_ads: 0.105, bed_util_des: 0.020, frac_lost: 0.100
L: 2.00, u_super: 0.00010, sec: 323.992, t_ads: 7762.0, t_des: 77549.0, bed_util_ads: 0.105, bed_util_des: 0.020, frac_lost: 0.100
L: 2.00, u_super: 0.00010, sec: 324.015, t_ads: 7761.0, t_des: 77544.0, bed_util_ads: 0.105, bed_util_des: 0.020, frac_lost: 0.100
L: 2.00, u_super: 0.00010, sec: 323.998, t_ads: 7762.0, t_des: 77548.0, bed_util_ads: 0.105, bed_util_des: 0.020, frac_lost: 0.100
L: 2.00, u_super: 0.00010, sec: 323.992, t_ads: 7762.0, t_des: 77549.0, bed_util_ads: 0.105, bed_util_des: 0.020, frac_lost: 0.100
L: 2.00, u_super: 0.00010, sec: 324.001, t_ads: 7762.0, t_des: 77546.0, bed_util_ads: 0.105, bed_util_des: 0.020, frac_lost: 0.100
L: 2.00, u_super: 0.00010, sec: 323.991, t_ads: 7762.0, t_des: 77549.0, bed_util_ads: 0.105, bed_util_des: 0.020, frac_lost: 0.100
L: 2.00, u_super: 0.00010, sec: 323.988, t_ads: 7762.0, t_des: 77549.0, bed_util_ads: 0.105, bed_util_des: 0.020, frac_lost: 0.100
L: 2.00, u_super: 0.00010, sec: 323.989, t_ads: 7762.0, t_des: 77549.0, bed_util_ads: 0.105, bed_util_des: 0.020, frac_lost: 0.100
L: 2.00, u_super: 0.00010, sec: 323.993, t_ads: 7762.0, t_des: 77549.0, bed_util_ads: 0.105, bed_util_des: 0.020, frac_lost: 0.100
L: 2.00, u_super: 0.00010, sec: 323.996, t_ads: 7759.0, t_des: 77547.0, bed_util_ads: 0.105, bed_util_des: 0.020, frac_lost: 0.100
L: 2.00, u_super: 0.00010, sec: 323.992, t_ads: 7762.0, t_des: 77549.0, bed_util_ads: 0.105, bed_util_des: 0.020, frac_lost: 0.100
L: 2.00, u_super: 0.00010, sec: 324.015, t_ads: 7761.0, t_des: 77543.0, bed_util_ads: 0.105, bed_util_des: 0.020, frac_lost: 0.100
L: 2.00, u_super: 0.00010, sec: 323.994, t_ads: 7762.0, t_des: 77549.0, bed_util_ads: 0.105, bed_util_des: 0.020, frac_lost: 0.100
L: 2.00, u_super: 0.00010, sec: 323.993, t_ads: 7762.0, t_des: 77549.0, bed_util_ads: 0.105, bed_util_des: 0.020, frac_lost: 0.100
L: 2.00, u_super: 0.00010, sec: 323.992, t_ads: 7762.0, t_des: 77549.0, bed_util_ads: 0.105, bed_util_des: 0.020, frac_lost: 0.100
L: 2.00, u_super: 0.00010, sec: 323.989, t_ads: 7762.0, t_des: 77549.0, bed_util_ads: 0.105, bed_util_des: 0.020, frac_lost: 0.100
    19 |      760 |  3.239944E+02 |  3.239883E+02
L: 2.00, u_super: 0.00010, sec: 324.014, t_ads: 7761.0, t_des: 77543.0, bed_util_ads: 0.105, bed_util_des: 0.020, frac_lost: 0.100
L: 2.00, u_super: 0.00010, sec: 324.015, t_ads: 7761.0, t_des: 77543.0, bed_util_ads: 0.105, bed_util_des: 0.020, frac_lost: 0.100
L: 2.00, u_super: 0.00010, sec: 323.990, t_ads: 7762.0, t_des: 77549.0, bed_util_ads: 0.105, bed_util_des: 0.020, frac_lost: 0.100
L: 2.00, u_super: 0.00010, sec: 323.994, t_ads: 7762.0, t_des: 77548.0, bed_util_ads: 0.105, bed_util_des: 0.020, frac_lost: 0.100
L: 2.00, u_super: 0.00010, sec: 323.992, t_ads: 7761.0, t_des: 77549.0, bed_util_ads: 0.105, bed_util_des: 0.020, frac_lost: 0.100
L: 2.00, u_super: 0.00010, sec: 323.992, t_ads: 7762.0, t_des: 77549.0, bed_util_ads: 0.105, bed_util_des: 0.020, frac_lost: 0.100
L: 2.00, u_super: 0.00010, sec: 324.014, t_ads: 7761.0, t_des: 77543.0, bed_util_ads: 0.105, bed_util_des: 0.020, frac_lost: 0.100
L: 2.00, u_super: 0.00010, sec: 323.989, t_ads: 7762.0, t_des: 77549.0, bed_util_ads: 0.105, bed_util_des: 0.020, frac_lost: 0.100
L: 2.00, u_super: 0.00010, sec: 323.994, t_ads: 7762.0, t_des: 77549.0, bed_util_ads: 0.105, bed_util_des: 0.020, frac_lost: 0.100
L: 2.00, u_super: 0.00010, sec: 323.989, t_ads: 7762.0, t_des: 77549.0, bed_util_ads: 0.105, bed_util_des: 0.020, frac_lost: 0.100
L: 2.00, u_super: 0.00010, sec: 323.993, t_ads: 7760.0, t_des: 77548.0, bed_util_ads: 0.105, bed_util_des: 0.020, frac_lost: 0.100
L: 2.00, u_super: 0.00010, sec: 324.015, t_ads: 7761.0, t_des: 77544.0, bed_util_ads: 0.105, bed_util_des: 0.020, frac_lost: 0.100
L: 2.00, u_super: 0.00010, sec: 324.004, t_ads: 7762.0, t_des: 77547.0, bed_util_ads: 0.105, bed_util_des: 0.020, frac_lost: 0.100
L: 2.00, u_super: 0.00010, sec: 324.015, t_ads: 7761.0, t_des: 77543.0, bed_util_ads: 0.105, bed_util_des: 0.020, frac_lost: 0.100
L: 2.00, u_super: 0.00010, sec: 323.999, t_ads: 7762.0, t_des: 77547.0, bed_util_ads: 0.105, bed_util_des: 0.020, frac_lost: 0.100
L: 2.00, u_super: 0.00010, sec: 323.989, t_ads: 7762.0, t_des: 77549.0, bed_util_ads: 0.105, bed_util_des: 0.020, frac_lost: 0.100
L: 2.00, u_super: 0.00010, sec: 323.994, t_ads: 7762.0, t_des: 77549.0, bed_util_ads: 0.105, bed_util_des: 0.020, frac_lost: 0.100
L: 2.00, u_super: 0.00010, sec: 324.001, t_ads: 7755.0, t_des: 77545.0, bed_util_ads: 0.105, bed_util_des: 0.020, frac_lost: 0.100
L: 2.00, u_super: 0.00010, sec: 323.993, t_ads: 7762.0, t_des: 77549.0, bed_util_ads: 0.105, bed_util_des: 0.020, frac_lost: 0.100
L: 2.00, u_super: 0.00010, sec: 323.998, t_ads: 7762.0, t_des: 77548.0, bed_util_ads: 0.105, bed_util_des: 0.020, frac_lost: 0.100
L: 2.00, u_super: 0.00010, sec: 324.004, t_ads: 7762.0, t_des: 77547.0, bed_util_ads: 0.105, bed_util_des: 0.020, frac_lost: 0.100
L: 2.00, u_super: 0.00010, sec: 323.993, t_ads: 7762.0, t_des: 77549.0, bed_util_ads: 0.105, bed_util_des: 0.020, frac_lost: 0.100
L: 2.00, u_super: 0.00010, sec: 323.994, t_ads: 7762.0, t_des: 77549.0, bed_util_ads: 0.105, bed_util_des: 0.020, frac_lost: 0.100
L: 2.00, u_super: 0.00010, sec: 324.013, t_ads: 7761.0, t_des: 77544.0, bed_util_ads: 0.105, bed_util_des: 0.020, frac_lost: 0.100
L: 2.00, u_super: 0.00010, sec: 323.992, t_ads: 7762.0, t_des: 77549.0, bed_util_ads: 0.105, bed_util_des: 0.020, frac_lost: 0.100
L: 2.00, u_super: 0.00010, sec: 324.000, t_ads: 7758.0, t_des: 77546.0, bed_util_ads: 0.105, bed_util_des: 0.020, frac_lost: 0.100
L: 2.00, u_super: 0.00010, sec: 324.015, t_ads: 7761.0, t_des: 77543.0, bed_util_ads: 0.105, bed_util_des: 0.020, frac_lost: 0.100
L: 2.00, u_super: 0.00010, sec: 323.990, t_ads: 7762.0, t_des: 77549.0, bed_util_ads: 0.105, bed_util_des: 0.020, frac_lost: 0.100
L: 2.00, u_super: 0.00010, sec: 324.001, t_ads: 7762.0, t_des: 77546.0, bed_util_ads: 0.105, bed_util_des: 0.020, frac_lost: 0.100
L: 2.00, u_super: 0.00010, sec: 323.991, t_ads: 7762.0, t_des: 77549.0, bed_util_ads: 0.105, bed_util_des: 0.020, frac_lost: 0.100
L: 2.00, u_super: 0.00010, sec: 323.988, t_ads: 7762.0, t_des: 77549.0, bed_util_ads: 0.105, bed_util_des: 0.020, frac_lost: 0.100
L: 2.00, u_super: 0.00010, sec: 324.015, t_ads: 7761.0, t_des: 77543.0, bed_util_ads: 0.105, bed_util_des: 0.020, frac_lost: 0.100
L: 2.00, u_super: 0.00010, sec: 323.992, t_ads: 7762.0, t_des: 77549.0, bed_util_ads: 0.105, bed_util_des: 0.020, frac_lost: 0.100
L: 2.00, u_super: 0.00010, sec: 324.012, t_ads: 7761.0, t_des: 77544.0, bed_util_ads: 0.105, bed_util_des: 0.020, frac_lost: 0.100
L: 2.00, u_super: 0.00010, sec: 323.991, t_ads: 7762.0, t_des: 77549.0, bed_util_ads: 0.105, bed_util_des: 0.020, frac_lost: 0.100
L: 2.00, u_super: 0.00010, sec: 323.995, t_ads: 7760.0, t_des: 77548.0, bed_util_ads: 0.105, bed_util_des: 0.020, frac_lost: 0.100
L: 2.00, u_super: 0.00045, sec: 9470.638, t_ads: 1619.0, t_des: 77827.0, bed_util_ads: 0.076, bed_util_des: 0.020, frac_lost: 0.100
L: 2.00, u_super: 0.00010, sec: 323.993, t_ads: 7762.0, t_des: 77549.0, bed_util_ads: 0.105, bed_util_des: 0.020, frac_lost: 0.100
L: 2.00, u_super: 0.00010, sec: 323.996, t_ads: 7762.0, t_des: 77548.0, bed_util_ads: 0.105, bed_util_des: 0.020, frac_lost: 0.100
L: 2.00, u_super: 0.00010, sec: 323.989, t_ads: 7762.0, t_des: 77549.0, bed_util_ads: 0.105, bed_util_des: 0.020, frac_lost: 0.100
    20 |      800 |  3.239938E+02 |  3.239883E+02
L: 2.00, u_super: 0.00010, sec: 323.997, t_ads: 7762.0, t_des: 77548.0, bed_util_ads: 0.105, bed_util_des: 0.020, frac_lost: 0.100
L: 2.00, u_super: 0.00010, sec: 323.996, t_ads: 7762.0, t_des: 77547.0, bed_util_ads: 0.105, bed_util_des: 0.020, frac_lost: 0.100
L: 2.00, u_super: 0.00010, sec: 323.990, t_ads: 7762.0, t_des: 77549.0, bed_util_ads: 0.105, bed_util_des: 0.020, frac_lost: 0.100
L: 2.00, u_super: 0.00010, sec: 323.994, t_ads: 7762.0, t_des: 77548.0, bed_util_ads: 0.105, bed_util_des: 0.020, frac_lost: 0.100
L: 1.99, u_super: 0.00010, sec: 324.053, t_ads: 7706.0, t_des: 77518.0, bed_util_ads: 0.105, bed_util_des: 0.020, frac_lost: 0.100
L: 2.00, u_super: 0.00010, sec: 323.992, t_ads: 7762.0, t_des: 77549.0, bed_util_ads: 0.105, bed_util_des: 0.020, frac_lost: 0.100
L: 2.00, u_super: 0.00010, sec: 323.997, t_ads: 7762.0, t_des: 77547.0, bed_util_ads: 0.105, bed_util_des: 0.020, frac_lost: 0.100
L: 2.00, u_super: 0.00039, sec: 6762.420, t_ads: 1874.0, t_des: 77762.0, bed_util_ads: 0.080, bed_util_des: 0.020, frac_lost: 0.100
L: 2.00, u_super: 0.00010, sec: 323.993, t_ads: 7762.0, t_des: 77549.0, bed_util_ads: 0.105, bed_util_des: 0.020, frac_lost: 0.100
L: 2.00, u_super: 0.00010, sec: 323.989, t_ads: 7762.0, t_des: 77549.0, bed_util_ads: 0.105, bed_util_des: 0.020, frac_lost: 0.100
L: 2.00, u_super: 0.00010, sec: 323.992, t_ads: 7762.0, t_des: 77548.0, bed_util_ads: 0.105, bed_util_des: 0.020, frac_lost: 0.100
L: 2.00, u_super: 0.00010, sec: 323.992, t_ads: 7762.0, t_des: 77549.0, bed_util_ads: 0.105, bed_util_des: 0.020, frac_lost: 0.100
L: 2.00, u_super: 0.00010, sec: 324.017, t_ads: 7761.0, t_des: 77543.0, bed_util_ads: 0.105, bed_util_des: 0.020, frac_lost: 0.100
