L: 1.32, u_super: 0.00941, sec: 1814302.875, t_ads: 51.0, t_des: 2046.0, bed_util_ads: 0.093, bed_util_des: 0.089, frac_lost: 0.106, li_recovered:  0.269
L: 1.93, u_super: 0.00316, sec: 50176.117, t_ads: 208.0, t_des: 673.0, bed_util_ads: 0.229, bed_util_des: 0.223, frac_lost: 0.100, li_recovered:  0.423
L: 1.76, u_super: 0.00411, sec: 115645.164, t_ads: 145.0, t_des: 269.0, bed_util_ads: 0.286, bed_util_des: 0.284, frac_lost: 0.100, li_recovered:  0.148
L: 0.64, u_super: 0.00748, sec: 307794.438, t_ads: 31.0, t_des: 81.0, bed_util_ads: 0.279, bed_util_des: 0.278, frac_lost: 0.101, li_recovered:  0.052
L: 1.06, u_super: 0.00783, sec: 443279.312, t_ads: 49.0, t_des: 475.0, bed_util_ads: 0.168, bed_util_des: 0.166, frac_lost: 0.104, li_recovered:  0.186
L: 1.23, u_super: 0.00141, sec: 9886.623, t_ads: 295.0, t_des: 947.0, bed_util_ads: 0.222, bed_util_des: 0.213, frac_lost: 0.101, li_recovered:  0.593
L: 0.88, u_super: 0.00267, sec: inf, t_ads: 111.0, t_des: 0.0, bed_util_ads: 0.379, bed_util_des: 0.379, frac_lost: 0.100, li_recovered:  0.000
L: 0.99, u_super: 0.00485, sec: inf, t_ads: 69.0, t_des: 0.0, bed_util_ads: 0.487, bed_util_des: 0.487, frac_lost: 0.101, li_recovered:  0.000
L: 1.95, u_super: 0.00720, sec: 320624.281, t_ads: 94.0, t_des: 200.0, bed_util_ads: 0.281, bed_util_des: 0.280, frac_lost: 0.102, li_recovered:  0.121
L: 0.99, u_super: 0.00167, sec: inf, t_ads: 178.0, t_des: 0.0, bed_util_ads: 0.477, bed_util_des: 0.477, frac_lost: 0.100, li_recovered:  0.000
L: 1.32, u_super: 0.00124, sec: inf, t_ads: 334.0, t_des: 0.0, bed_util_ads: 0.319, bed_util_des: 0.319, frac_lost: 0.100, li_recovered:  0.000
L: 1.69, u_super: 0.00611, sec: inf, t_ads: 92.0, t_des: 0.0, bed_util_ads: 0.457, bed_util_des: 0.457, frac_lost: 0.101, li_recovered:  0.000
L: 0.66, u_super: 0.00528, sec: 137317.156, t_ads: 45.0, t_des: 169.0, bed_util_ads: 0.242, bed_util_des: 0.240, frac_lost: 0.105, li_recovered:  0.108
L: 0.69, u_super: 0.00639, sec: inf, t_ads: 39.0, t_des: 0.0, bed_util_ads: 0.428, bed_util_des: 0.428, frac_lost: 0.107, li_recovered:  0.000
L: 1.43, u_super: 0.00265, sec: inf, t_ads: 171.0, t_des: 0.0, bed_util_ads: 0.418, bed_util_des: 0.418, frac_lost: 0.101, li_recovered:  0.000
L: 1.31, u_super: 0.00511, sec: inf, t_ads: 88.0, t_des: 0.0, bed_util_ads: 0.380, bed_util_des: 0.380, frac_lost: 0.102, li_recovered:  0.000
L: 0.81, u_super: 0.00813, sec: 1994736.500, t_ads: 36.0, t_des: 47.0, bed_util_ads: 0.348, bed_util_des: 0.348, frac_lost: 0.104, li_recovered:  0.007
L: 1.70, u_super: 0.00198, sec: inf, t_ads: 259.0, t_des: 0.0, bed_util_ads: 0.398, bed_util_des: 0.398, frac_lost: 0.100, li_recovered:  0.000
L: 0.87, u_super: 0.00090, sec: inf, t_ads: 278.0, t_des: 0.0, bed_util_ads: 0.421, bed_util_des: 0.421, frac_lost: 0.100, li_recovered:  0.000
L: 1.81, u_super: 0.00869, sec: 404753.688, t_ads: 73.0, t_des: 231.0, bed_util_ads: 0.249, bed_util_des: 0.247, frac_lost: 0.101, li_recovered:  0.148
L: 0.98, u_super: 0.00017, sec: inf, t_ads: 1009.0, t_des: 0.0, bed_util_ads: 0.305, bed_util_des: 0.305, frac_lost: 0.100, li_recovered:  0.000
L: 1.61, u_super: 0.00829, sec: 536838.750, t_ads: 69.0, t_des: 726.0, bed_util_ads: 0.159, bed_util_des: 0.155, frac_lost: 0.102, li_recovered:  0.263
L: 0.90, u_super: 0.00637, sec: inf, t_ads: 50.0, t_des: 0.0, bed_util_ads: 0.406, bed_util_des: 0.406, frac_lost: 0.103, li_recovered:  0.000
L: 1.95, u_super: 0.00158, sec: 15329.414, t_ads: 400.0, t_des: 745.0, bed_util_ads: 0.258, bed_util_des: 0.251, frac_lost: 0.100, li_recovered:  0.439
L: 1.85, u_super: 0.00424, sec: 179107.656, t_ads: 147.0, t_des: 225.0, bed_util_ads: 0.304, bed_util_des: 0.303, frac_lost: 0.100, li_recovered:  0.092
L: 0.63, u_super: 0.00670, sec: inf, t_ads: 34.0, t_des: 0.0, bed_util_ads: 0.460, bed_util_des: 0.460, frac_lost: 0.103, li_recovered:  0.000
L: 1.76, u_super: 0.00878, sec: 2261548.750, t_ads: 70.0, t_des: 90.0, bed_util_ads: 0.337, bed_util_des: 0.337, frac_lost: 0.103, li_recovered:  0.014
L: 0.94, u_super: 0.00763, sec: 686609.438, t_ads: 45.0, t_des: 926.0, bed_util_ads: 0.125, bed_util_des: 0.122, frac_lost: 0.104, li_recovered:  0.211
L: 1.76, u_super: 0.00071, sec: inf, t_ads: 535.0, t_des: 0.0, bed_util_ads: 0.394, bed_util_des: 0.394, frac_lost: 0.100, li_recovered:  0.000
L: 0.83, u_super: 0.00378, sec: 90560.836, t_ads: 78.0, t_des: 625.0, bed_util_ads: 0.176, bed_util_des: 0.172, frac_lost: 0.102, li_recovered:  0.270
L: 1.57, u_super: 0.00185, sec: 17129.969, t_ads: 286.0, t_des: 961.0, bed_util_ads: 0.218, bed_util_des: 0.210, frac_lost: 0.100, li_recovered:  0.592
L: 0.61, u_super: 0.00267, sec: 35454.824, t_ads: 80.0, t_des: 331.0, bed_util_ads: 0.225, bed_util_des: 0.222, frac_lost: 0.101, li_recovered:  0.199
L: 0.75, u_super: 0.00630, sec: 222067.422, t_ads: 43.0, t_des: 256.0, bed_util_ads: 0.204, bed_util_des: 0.203, frac_lost: 0.104, li_recovered:  0.135
L: 1.62, u_super: 0.00651, sec: 220435.141, t_ads: 87.0, t_des: 334.0, bed_util_ads: 0.230, bed_util_des: 0.227, frac_lost: 0.101, li_recovered:  0.205
L: 1.81, u_super: 0.00629, sec: inf, t_ads: 97.0, t_des: 0.0, bed_util_ads: 0.407, bed_util_des: 0.407, frac_lost: 0.101, li_recovered:  0.000
L: 1.08, u_super: 0.00543, sec: 359319.219, t_ads: 71.0, t_des: 1515.0, bed_util_ads: 0.119, bed_util_des: 0.114, frac_lost: 0.102, li_recovered:  0.324
L: 1.99, u_super: 0.00248, sec: 42347.039, t_ads: 278.0, t_des: 2299.0, bed_util_ads: 0.156, bed_util_des: 0.143, frac_lost: 0.100, li_recovered:  0.900
L: 0.70, u_super: 0.00263, sec: inf, t_ads: 91.0, t_des: 0.0, bed_util_ads: 0.385, bed_util_des: 0.385, frac_lost: 0.101, li_recovered:  0.000
L: 1.58, u_super: 0.00136, sec: 9312.085, t_ads: 388.0, t_des: 1284.0, bed_util_ads: 0.212, bed_util_des: 0.201, frac_lost: 0.100, li_recovered:  0.785
L: 1.19, u_super: 0.00662, sec: 222635.125, t_ads: 64.0, t_des: 229.0, bed_util_ads: 0.241, bed_util_des: 0.239, frac_lost: 0.103, li_recovered:  0.146
=================================================
n_gen  |  n_eval  |     f_avg     |     f_min    
=================================================
     1 |       40 |           INF |  9.312085E+03
L: 1.32, u_super: 0.00941, sec: 611956.500, t_ads: 50.0, t_des: 417.0, bed_util_ads: 0.177, bed_util_des: 0.175, frac_lost: 0.101, li_recovered:  0.178
L: 1.93, u_super: 0.00316, sec: 95205.328, t_ads: 214.0, t_des: 3062.0, bed_util_ads: 0.129, bed_util_des: 0.117, frac_lost: 0.101, li_recovered:  0.829
L: 1.76, u_super: 0.00067, sec: 2605.182, t_ads: 883.0, t_des: 3693.0, bed_util_ads: 0.169, bed_util_des: 0.144, frac_lost: 0.100, li_recovered:  1.835
L: 1.48, u_super: 0.00748, sec: 336926.625, t_ads: 69.0, t_des: 156.0, bed_util_ads: 0.280, bed_util_des: 0.278, frac_lost: 0.100, li_recovered:  0.096
L: 1.06, u_super: 0.00783, sec: 1401504.000, t_ads: 49.0, t_des: 2268.0, bed_util_ads: 0.087, bed_util_des: 0.083, frac_lost: 0.103, li_recovered:  0.261
L: 1.23, u_super: 0.00130, sec: 8637.124, t_ads: 316.0, t_des: 825.0, bed_util_ads: 0.237, bed_util_des: 0.229, frac_lost: 0.100, li_recovered:  0.529
L: 1.03, u_super: 0.00189, sec: inf, t_ads: 175.0, t_des: 0.0, bed_util_ads: 0.378, bed_util_des: 0.378, frac_lost: 0.100, li_recovered:  0.000
L: 0.98, u_super: 0.00472, sec: inf, t_ads: 70.0, t_des: 0.0, bed_util_ads: 0.478, bed_util_des: 0.478, frac_lost: 0.101, li_recovered:  0.000
L: 1.96, u_super: 0.00720, sec: 1512688.000, t_ads: 97.0, t_des: 5675.0, bed_util_ads: 0.075, bed_util_des: 0.068, frac_lost: 0.102, li_recovered:  0.505
L: 0.96, u_super: 0.00167, sec: inf, t_ads: 186.0, t_des: 0.0, bed_util_ads: 0.354, bed_util_des: 0.354, frac_lost: 0.100, li_recovered:  0.000
L: 1.92, u_super: 0.00124, sec: inf, t_ads: 442.0, t_des: 0.0, bed_util_ads: 0.345, bed_util_des: 0.345, frac_lost: 0.100, li_recovered:  0.000
L: 1.69, u_super: 0.00611, sec: 321319.000, t_ads: 95.0, t_des: 158.0, bed_util_ads: 0.305, bed_util_des: 0.303, frac_lost: 0.100, li_recovered:  0.074
L: 0.66, u_super: 0.00128, sec: 8243.755, t_ads: 174.0, t_des: 487.0, bed_util_ads: 0.245, bed_util_des: 0.240, frac_lost: 0.100, li_recovered:  0.311
L: 0.69, u_super: 0.00639, sec: 235279.422, t_ads: 39.0, t_des: 254.0, bed_util_ads: 0.199, bed_util_des: 0.197, frac_lost: 0.102, li_recovered:  0.128
L: 1.88, u_super: 0.00013, sec: inf, t_ads: 673.0, t_des: 0.0, bed_util_ads: 0.379, bed_util_des: 0.379, frac_lost: 0.100, li_recovered:  0.000
L: 1.31, u_super: 0.00511, sec: 389378.625, t_ads: 91.0, t_des: 2466.0, bed_util_ads: 0.105, bed_util_des: 0.099, frac_lost: 0.101, li_recovered:  0.425
L: 0.81, u_super: 0.00072, sec: inf, t_ads: 345.0, t_des: 0.0, bed_util_ads: 0.328, bed_util_des: 0.328, frac_lost: 0.100, li_recovered:  0.000
L: 1.70, u_super: 0.00391, sec: inf, t_ads: 142.0, t_des: 0.0, bed_util_ads: 0.402, bed_util_des: 0.402, frac_lost: 0.101, li_recovered:  0.000
L: 0.87, u_super: 0.00365, sec: inf, t_ads: 81.0, t_des: 0.0, bed_util_ads: 0.428, bed_util_des: 0.428, frac_lost: 0.102, li_recovered:  0.000
L: 1.81, u_super: 0.00869, sec: 8363658.000, t_ads: 74.0, t_des: 18600.0, bed_util_ads: 0.039, bed_util_des: 0.033, frac_lost: 0.101, li_recovered:  0.439
L: 1.67, u_super: 0.00017, sec: inf, t_ads: 1110.0, t_des: 0.0, bed_util_ads: 0.295, bed_util_des: 0.295, frac_lost: 0.100, li_recovered:  0.000
L: 1.61, u_super: 0.00829, sec: 706586.750, t_ads: 69.0, t_des: 1102.0, bed_util_ads: 0.134, bed_util_des: 0.130, frac_lost: 0.101, li_recovered:  0.295
L: 1.55, u_super: 0.00637, sec: inf, t_ads: 83.0, t_des: 0.0, bed_util_ads: 0.405, bed_util_des: 0.405, frac_lost: 0.101, li_recovered:  0.000
L: 1.84, u_super: 0.00286, sec: 44257.102, t_ads: 217.0, t_des: 509.0, bed_util_ads: 0.256, bed_util_des: 0.251, frac_lost: 0.101, li_recovered:  0.324
L: 1.52, u_super: 0.00424, sec: 626798.938, t_ads: 121.0, t_des: 149.0, bed_util_ads: 0.330, bed_util_des: 0.330, frac_lost: 0.100, li_recovered:  0.019
L: 0.63, u_super: 0.00184, sec: inf, t_ads: 113.0, t_des: 0.0, bed_util_ads: 0.457, bed_util_des: 0.457, frac_lost: 0.102, li_recovered:  0.000
L: 1.69, u_super: 0.00116, sec: 7080.788, t_ads: 490.0, t_des: 1986.0, bed_util_ads: 0.190, bed_util_des: 0.174, frac_lost: 0.100, li_recovered:  1.104
L: 1.02, u_super: 0.00763, sec: 685973.875, t_ads: 48.0, t_des: 966.0, bed_util_ads: 0.125, bed_util_des: 0.122, frac_lost: 0.102, li_recovered:  0.221
L: 1.76, u_super: 0.00384, sec: inf, t_ads: 149.0, t_des: 0.0, bed_util_ads: 0.412, bed_util_des: 0.412, frac_lost: 0.102, li_recovered:  0.000
L: 0.83, u_super: 0.00130, sec: 9520.602, t_ads: 221.0, t_des: 1327.0, bed_util_ads: 0.181, bed_util_des: 0.172, frac_lost: 0.101, li_recovered:  0.645
L: 1.57, u_super: 0.00055, sec: 1868.208, t_ads: 875.0, t_des: 1620.0, bed_util_ads: 0.224, bed_util_des: 0.210, frac_lost: 0.100, li_recovered:  0.957
L: 1.19, u_super: 0.00267, sec: 35629.410, t_ads: 153.0, t_des: 546.0, bed_util_ads: 0.227, bed_util_des: 0.222, frac_lost: 0.100, li_recovered:  0.337
L: 0.75, u_super: 0.00630, sec: inf, t_ads: 42.0, t_des: 0.0, bed_util_ads: 0.370, bed_util_des: 0.370, frac_lost: 0.100, li_recovered:  0.000
L: 1.62, u_super: 0.00022, sec: inf, t_ads: 1737.0, t_des: 0.0, bed_util_ads: 0.226, bed_util_des: 0.226, frac_lost: 0.100, li_recovered:  0.000
L: 1.62, u_super: 0.00629, sec: inf, t_ads: 87.0, t_des: 0.0, bed_util_ads: 0.407, bed_util_des: 0.407, frac_lost: 0.101, li_recovered:  0.000
L: 1.45, u_super: 0.00543, sec: 345681.938, t_ads: 95.0, t_des: 1887.0, bed_util_ads: 0.120, bed_util_des: 0.114, frac_lost: 0.103, li_recovered:  0.421
L: 1.99, u_super: 0.00248, sec: inf, t_ads: 252.0, t_des: 0.0, bed_util_ads: 0.355, bed_util_des: 0.355, frac_lost: 0.100, li_recovered:  0.000
L: 0.70, u_super: 0.00086, sec: inf, t_ads: 252.0, t_des: 0.0, bed_util_ads: 0.381, bed_util_des: 0.381, frac_lost: 0.100, li_recovered:  0.000
L: 1.58, u_super: 0.00184, sec: 17023.805, t_ads: 291.0, t_des: 1091.0, bed_util_ads: 0.210, bed_util_des: 0.201, frac_lost: 0.100, li_recovered:  0.650
L: 1.31, u_super: 0.00662, sec: 224592.375, t_ads: 70.0, t_des: 245.0, bed_util_ads: 0.241, bed_util_des: 0.239, frac_lost: 0.102, li_recovered:  0.156
     2 |       80 |           INF |  1.868208E+03
L: 1.44, u_super: 0.00949, sec: 2857837.750, t_ads: 55.0, t_des: 3618.0, bed_util_ads: 0.074, bed_util_des: 0.070, frac_lost: 0.104, li_recovered:  0.305
L: 1.08, u_super: 0.00316, sec: 49945.016, t_ads: 119.0, t_des: 446.0, bed_util_ads: 0.227, bed_util_des: 0.223, frac_lost: 0.100, li_recovered:  0.273
L: 1.09, u_super: 0.00067, sec: 2697.948, t_ads: 554.0, t_des: 3170.0, bed_util_ads: 0.164, bed_util_des: 0.144, frac_lost: 0.100, li_recovered:  1.442
L: 0.64, u_super: 0.00748, sec: 1076981.500, t_ads: 32.0, t_des: 1302.0, bed_util_ads: 0.096, bed_util_des: 0.093, frac_lost: 0.109, li_recovered:  0.178
L: 1.06, u_super: 0.00012, sec: 130.064, t_ads: 2517.0, t_des: 3240.0, bed_util_ads: 0.185, bed_util_des: 0.166, frac_lost: 0.100, li_recovered:  1.382
L: 1.23, u_super: 0.00130, sec: 28790.248, t_ads: 303.0, t_des: 382.0, bed_util_ads: 0.303, bed_util_des: 0.302, frac_lost: 0.100, li_recovered:  0.095
L: 0.88, u_super: 0.00267, sec: 43271.840, t_ads: 116.0, t_des: 834.0, bed_util_ads: 0.178, bed_util_des: 0.173, frac_lost: 0.101, li_recovered:  0.376
L: 0.99, u_super: 0.00485, sec: 125827.445, t_ads: 72.0, t_des: 354.0, bed_util_ads: 0.212, bed_util_des: 0.209, frac_lost: 0.101, li_recovered:  0.198
L: 1.56, u_super: 0.00720, sec: 306927.344, t_ads: 76.0, t_des: 169.0, bed_util_ads: 0.281, bed_util_des: 0.280, frac_lost: 0.103, li_recovered:  0.106
L: 1.22, u_super: 0.00167, sec: inf, t_ads: 212.0, t_des: 0.0, bed_util_ads: 0.475, bed_util_des: 0.475, frac_lost: 0.101, li_recovered:  0.000
L: 1.32, u_super: 0.00086, sec: inf, t_ads: 457.0, t_des: 0.0, bed_util_ads: 0.317, bed_util_des: 0.317, frac_lost: 0.100, li_recovered:  0.000
L: 1.69, u_super: 0.00611, sec: 244143.062, t_ads: 97.0, t_des: 749.0, bed_util_ads: 0.175, bed_util_des: 0.171, frac_lost: 0.101, li_recovered:  0.325
L: 0.66, u_super: 0.00128, sec: 11672.611, t_ads: 172.0, t_des: 300.0, bed_util_ads: 0.289, bed_util_des: 0.286, frac_lost: 0.101, li_recovered:  0.157
L: 0.69, u_super: 0.00205, sec: 28391.051, t_ads: 118.0, t_des: 1071.0, bed_util_ads: 0.163, bed_util_des: 0.157, frac_lost: 0.102, li_recovered:  0.418
L: 1.43, u_super: 0.00265, sec: 35224.062, t_ads: 184.0, t_des: 566.0, bed_util_ads: 0.236, bed_util_des: 0.231, frac_lost: 0.100, li_recovered:  0.359
L: 1.31, u_super: 0.00511, sec: 184660.281, t_ads: 91.0, t_des: 852.0, bed_util_ads: 0.164, bed_util_des: 0.159, frac_lost: 0.102, li_recovered:  0.331
L: 0.81, u_super: 0.00084, sec: 9936.736, t_ads: 309.0, t_des: 403.0, bed_util_ads: 0.300, bed_util_des: 0.298, frac_lost: 0.101, li_recovered:  0.118
L: 1.70, u_super: 0.00198, sec: 50841.277, t_ads: 302.0, t_des: 6324.0, bed_util_ads: 0.106, bed_util_des: 0.089, frac_lost: 0.100, li_recovered:  1.213
L: 1.60, u_super: 0.00090, sec: inf, t_ads: 432.0, t_des: 0.0, bed_util_ads: 0.413, bed_util_des: 0.413, frac_lost: 0.100, li_recovered:  0.000
L: 1.81, u_super: 0.00046, sec: 4438.620, t_ads: 1070.0, t_des: 1038.0, bed_util_ads: 0.250, bed_util_des: 0.247, frac_lost: 0.100, li_recovered:  0.235
L: 0.98, u_super: 0.00017, sec: 196.479, t_ads: 1743.0, t_des: 3063.0, bed_util_ads: 0.191, bed_util_des: 0.168, frac_lost: 0.100, li_recovered:  1.630
L: 1.76, u_super: 0.00829, sec: 535620.812, t_ads: 75.0, t_des: 770.0, bed_util_ads: 0.159, bed_util_des: 0.155, frac_lost: 0.100, li_recovered:  0.281
L: 0.90, u_super: 0.00027, sec: inf, t_ads: 630.0, t_des: 0.0, bed_util_ads: 0.380, bed_util_des: 0.380, frac_lost: 0.100, li_recovered:  0.000
L: 1.27, u_super: 0.00158, sec: 13726.781, t_ads: 269.0, t_des: 586.0, bed_util_ads: 0.257, bed_util_des: 0.251, frac_lost: 0.100, li_recovered:  0.366
L: 1.71, u_super: 0.00424, sec: 169069.656, t_ads: 137.0, t_des: 214.0, bed_util_ads: 0.304, bed_util_des: 0.303, frac_lost: 0.101, li_recovered:  0.092
L: 0.63, u_super: 0.00028, sec: inf, t_ads: 462.0, t_des: 0.0, bed_util_ads: 0.435, bed_util_des: 0.435, frac_lost: 0.100, li_recovered:  0.000
L: 1.47, u_super: 0.00116, sec: 7113.033, t_ads: 429.0, t_des: 1868.0, bed_util_ads: 0.189, bed_util_des: 0.174, frac_lost: 0.100, li_recovered:  1.020
L: 1.86, u_super: 0.00763, sec: 646344.312, t_ads: 86.0, t_des: 1511.0, bed_util_ads: 0.127, bed_util_des: 0.122, frac_lost: 0.100, li_recovered:  0.369
L: 1.76, u_super: 0.00056, sec: inf, t_ads: 596.0, t_des: 0.0, bed_util_ads: 0.390, bed_util_des: 0.390, frac_lost: 0.100, li_recovered:  0.000
L: 0.83, u_super: 0.00130, sec: 9491.329, t_ads: 221.0, t_des: 1318.0, bed_util_ads: 0.182, bed_util_des: 0.173, frac_lost: 0.101, li_recovered:  0.643
L: 1.57, u_super: 0.00055, sec: 1759.840, t_ads: 943.0, t_des: 3576.0, bed_util_ads: 0.173, bed_util_des: 0.147, frac_lost: 0.100, li_recovered:  1.840
L: 0.61, u_super: 0.00267, sec: 44440.832, t_ads: 81.0, t_des: 648.0, bed_util_ads: 0.176, bed_util_des: 0.172, frac_lost: 0.103, li_recovered:  0.282
L: 0.91, u_super: 0.00630, sec: 221069.547, t_ads: 52.0, t_des: 299.0, bed_util_ads: 0.205, bed_util_des: 0.203, frac_lost: 0.103, li_recovered:  0.159
L: 1.62, u_super: 0.00651, sec: 849567.562, t_ads: 88.0, t_des: 3363.0, bed_util_ads: 0.091, bed_util_des: 0.085, frac_lost: 0.101, li_recovered:  0.435
L: 1.81, u_super: 0.00629, sec: inf, t_ads: 98.0, t_des: 0.0, bed_util_ads: 0.364, bed_util_des: 0.364, frac_lost: 0.101, li_recovered:  0.000
L: 1.45, u_super: 0.00543, sec: 151548.984, t_ads: 94.0, t_des: 389.0, bed_util_ads: 0.223, bed_util_des: 0.220, frac_lost: 0.103, li_recovered:  0.234
L: 1.97, u_super: 0.00031, sec: 635.989, t_ads: 1999.0, t_des: 4316.0, bed_util_ads: 0.174, bed_util_des: 0.143, frac_lost: 0.100, li_recovered:  2.209
L: 0.70, u_super: 0.00317, sec: 51088.422, t_ads: 78.0, t_des: 208.0, bed_util_ads: 0.264, bed_util_des: 0.262, frac_lost: 0.103, li_recovered:  0.136
L: 1.98, u_super: 0.00136, sec: 19914.637, t_ads: 509.0, t_des: 7465.0, bed_util_ads: 0.115, bed_util_des: 0.091, frac_lost: 0.100, li_recovered:  1.750
L: 1.35, u_super: 0.00662, sec: 225491.688, t_ads: 72.0, t_des: 250.0, bed_util_ads: 0.241, bed_util_des: 0.239, frac_lost: 0.101, li_recovered:  0.158
     3 |      120 |           INF |  1.300636E+02
L: 1.47, u_super: 0.00941, sec: 467620.531, t_ads: 56.0, t_des: 235.0, bed_util_ads: 0.230, bed_util_des: 0.228, frac_lost: 0.105, li_recovered:  0.145
L: 1.08, u_super: 0.00341, sec: 58909.043, t_ads: 111.0, t_des: 465.0, bed_util_ads: 0.219, bed_util_des: 0.216, frac_lost: 0.102, li_recovered:  0.276
L: 1.00, u_super: 0.00067, sec: 2722.380, t_ads: 513.0, t_des: 3077.0, bed_util_ads: 0.163, bed_util_des: 0.144, frac_lost: 0.100, li_recovered:  1.378
L: 0.89, u_super: 0.00748, sec: 309490.969, t_ads: 43.0, t_des: 107.0, bed_util_ads: 0.279, bed_util_des: 0.278, frac_lost: 0.103, li_recovered:  0.070
L: 0.69, u_super: 0.00012, sec: 91.853, t_ads: 1786.0, t_des: 3183.0, bed_util_ads: 0.189, bed_util_des: 0.166, frac_lost: 0.100, li_recovered:  1.689
L: 1.23, u_super: 0.00130, sec: 30094.609, t_ads: 334.0, t_des: 10189.0, bed_util_ads: 0.090, bed_util_des: 0.070, frac_lost: 0.101, li_recovered:  1.400
L: 0.77, u_super: 0.00267, sec: 43733.848, t_ads: 101.0, t_des: 750.0, bed_util_ads: 0.178, bed_util_des: 0.173, frac_lost: 0.101, li_recovered:  0.333
L: 0.99, u_super: 0.00185, sec: 26465.850, t_ads: 188.0, t_des: 2057.0, bed_util_ads: 0.145, bed_util_des: 0.136, frac_lost: 0.101, li_recovered:  0.686
L: 1.56, u_super: 0.00011, sec: inf, t_ads: 1568.0, t_des: 0.0, bed_util_ads: 0.248, bed_util_des: 0.248, frac_lost: 0.100, li_recovered:  0.000
L: 0.81, u_super: 0.00167, sec: inf, t_ads: 151.0, t_des: 0.0, bed_util_ads: 0.478, bed_util_des: 0.478, frac_lost: 0.101, li_recovered:  0.000
L: 1.32, u_super: 0.00124, sec: 7688.842, t_ads: 361.0, t_des: 1320.0, bed_util_ads: 0.206, bed_util_des: 0.195, frac_lost: 0.100, li_recovered:  0.786
L: 1.69, u_super: 0.00011, sec: 419.715, t_ads: 3485.0, t_des: 1755.0, bed_util_ads: 0.175, bed_util_des: 0.171, frac_lost: 0.100, li_recovered:  0.330
L: 0.66, u_super: 0.00264, sec: 34227.688, t_ads: 87.0, t_des: 286.0, bed_util_ads: 0.243, bed_util_des: 0.240, frac_lost: 0.101, li_recovered:  0.182
L: 0.69, u_super: 0.00011, sec: 85.528, t_ads: 1857.0, t_des: 3575.0, bed_util_ads: 0.183, bed_util_des: 0.157, frac_lost: 0.100, li_recovered:  1.890
L: 1.26, u_super: 0.00265, sec: 34913.984, t_ads: 164.0, t_des: 523.0, bed_util_ads: 0.235, bed_util_des: 0.231, frac_lost: 0.101, li_recovered:  0.332
L: 1.31, u_super: 0.00351, sec: 255200.469, t_ads: 132.0, t_des: 5305.0, bed_util_ads: 0.086, bed_util_des: 0.077, frac_lost: 0.101, li_recovered:  0.639
L: 1.10, u_super: 0.00084, sec: 18386.094, t_ads: 406.0, t_des: 462.0, bed_util_ads: 0.299, bed_util_des: 0.298, frac_lost: 0.100, li_recovered:  0.078
L: 1.70, u_super: 0.00082, sec: 4689.672, t_ads: 712.0, t_des: 4840.0, bed_util_ads: 0.147, bed_util_des: 0.121, frac_lost: 0.100, li_recovered:  1.877
L: 0.87, u_super: 0.00399, sec: inf, t_ads: 74.0, t_des: 0.0, bed_util_ads: 0.428, bed_util_des: 0.428, frac_lost: 0.100, li_recovered:  0.000
L: 1.81, u_super: 0.00011, sec: inf, t_ads: 2039.0, t_des: 0.0, bed_util_ads: 0.218, bed_util_des: 0.218, frac_lost: 0.100, li_recovered:  0.000
L: 0.98, u_super: 0.00017, sec: 195.883, t_ads: 1736.0, t_des: 3062.0, bed_util_ads: 0.191, bed_util_des: 0.168, frac_lost: 0.100, li_recovered:  1.633
L: 1.76, u_super: 0.00188, sec: 33529.082, t_ads: 327.0, t_des: 4425.0, bed_util_ads: 0.126, bed_util_des: 0.109, frac_lost: 0.100, li_recovered:  1.191
L: 0.90, u_super: 0.00121, sec: inf, t_ads: 229.0, t_des: 0.0, bed_util_ads: 0.401, bed_util_des: 0.401, frac_lost: 0.100, li_recovered:  0.000
L: 1.55, u_super: 0.00158, sec: 14320.104, t_ads: 324.0, t_des: 659.0, bed_util_ads: 0.257, bed_util_des: 0.251, frac_lost: 0.100, li_recovered:  0.403
L: 1.71, u_super: 0.00011, sec: inf, t_ads: 1346.0, t_des: 0.0, bed_util_ads: 0.265, bed_util_des: 0.265, frac_lost: 0.100, li_recovered:  0.000
L: 1.49, u_super: 0.00670, sec: inf, t_ads: 75.0, t_des: 0.0, bed_util_ads: 0.458, bed_util_des: 0.458, frac_lost: 0.100, li_recovered:  0.000
L: 1.69, u_super: 0.00011, sec: 636.311, t_ads: 3393.0, t_des: 1438.0, bed_util_ads: 0.177, bed_util_des: 0.174, frac_lost: 0.100, li_recovered:  0.203
L: 1.86, u_super: 0.00011, sec: 143.204, t_ads: 4634.0, t_des: 6319.0, bed_util_ads: 0.154, bed_util_des: 0.122, frac_lost: 0.100, li_recovered:  2.314
L: 1.02, u_super: 0.00071, sec: 2571.462, t_ads: 474.0, t_des: 1421.0, bed_util_ads: 0.213, bed_util_des: 0.201, frac_lost: 0.100, li_recovered:  0.880
L: 0.96, u_super: 0.00130, sec: 9385.476, t_ads: 255.0, t_des: 1438.0, bed_util_ads: 0.183, bed_util_des: 0.173, frac_lost: 0.100, li_recovered:  0.715
L: 1.57, u_super: 0.00011, sec: 153.597, t_ads: 3677.0, t_des: 4060.0, bed_util_ads: 0.168, bed_util_des: 0.147, frac_lost: 0.100, li_recovered:  1.468
L: 0.61, u_super: 0.00322, sec: 51747.574, t_ads: 67.0, t_des: 287.0, bed_util_ads: 0.225, bed_util_des: 0.222, frac_lost: 0.102, li_recovered:  0.171
L: 0.95, u_super: 0.00630, sec: 212610.562, t_ads: 54.0, t_des: 142.0, bed_util_ads: 0.270, bed_util_des: 0.269, frac_lost: 0.103, li_recovered:  0.092
L: 1.09, u_super: 0.00011, sec: inf, t_ads: 2033.0, t_des: 0.0, bed_util_ads: 0.218, bed_util_des: 0.218, frac_lost: 0.100, li_recovered:  0.000
L: 0.74, u_super: 0.00629, sec: inf, t_ads: 42.0, t_des: 0.0, bed_util_ads: 0.408, bed_util_des: 0.408, frac_lost: 0.104, li_recovered:  0.000
L: 1.06, u_super: 0.00543, sec: 153133.000, t_ads: 69.0, t_des: 301.0, bed_util_ads: 0.222, bed_util_des: 0.220, frac_lost: 0.102, li_recovered:  0.178
L: 1.97, u_super: 0.00031, sec: 669.554, t_ads: 2120.0, t_des: 6595.0, bed_util_ads: 0.155, bed_util_des: 0.114, frac_lost: 0.100, li_recovered:  2.895
L: 0.70, u_super: 0.00011, sec: inf, t_ads: 1407.0, t_des: 0.0, bed_util_ads: 0.252, bed_util_des: 0.252, frac_lost: 0.100, li_recovered:  0.000
L: 1.11, u_super: 0.00136, sec: 9266.508, t_ads: 278.0, t_des: 1064.0, bed_util_ads: 0.209, bed_util_des: 0.201, frac_lost: 0.101, li_recovered:  0.633
L: 1.62, u_super: 0.00662, sec: 225916.203, t_ads: 86.0, t_des: 290.0, bed_util_ads: 0.241, bed_util_des: 0.239, frac_lost: 0.103, li_recovered:  0.185
     4 |      160 |           INF |  8.552794E+01
L: 1.47, u_super: 0.00941, sec: 694388.750, t_ads: 56.0, t_des: 595.0, bed_util_ads: 0.161, bed_util_des: 0.158, frac_lost: 0.103, li_recovered:  0.218
L: 1.08, u_super: 0.00316, sec: 81991.609, t_ads: 121.0, t_des: 1475.0, bed_util_ads: 0.144, bed_util_des: 0.138, frac_lost: 0.102, li_recovered:  0.469
L: 0.77, u_super: 0.00067, sec: 3261.552, t_ads: 401.0, t_des: 3582.0, bed_util_ads: 0.145, bed_util_des: 0.127, frac_lost: 0.100, li_recovered:  1.276
L: 0.64, u_super: 0.00203, sec: 24521.090, t_ads: 108.0, t_des: 225.0, bed_util_ads: 0.280, bed_util_des: 0.278, frac_lost: 0.100, li_recovered:  0.133
L: 0.69, u_super: 0.00275, sec: 49705.867, t_ads: 88.0, t_des: 750.0, bed_util_ads: 0.170, bed_util_des: 0.166, frac_lost: 0.101, li_recovered:  0.308
L: 0.61, u_super: 0.00130, sec: 8268.937, t_ads: 162.0, t_des: 528.0, bed_util_ads: 0.234, bed_util_des: 0.229, frac_lost: 0.102, li_recovered:  0.334
L: 0.88, u_super: 0.00170, sec: 67750.156, t_ads: 173.0, t_des: 217.0, bed_util_ads: 0.320, bed_util_des: 0.320, frac_lost: 0.100, li_recovered:  0.039
L: 0.99, u_super: 0.00185, sec: 16908.406, t_ads: 185.0, t_des: 715.0, bed_util_ads: 0.217, bed_util_des: 0.211, frac_lost: 0.101, li_recovered:  0.431
L: 0.87, u_super: 0.00011, sec: inf, t_ads: 1232.0, t_des: 0.0, bed_util_ads: 0.279, bed_util_des: 0.279, frac_lost: 0.100, li_recovered:  0.000
L: 0.63, u_super: 0.00167, sec: inf, t_ads: 120.0, t_des: 0.0, bed_util_ads: 0.480, bed_util_des: 0.480, frac_lost: 0.100, li_recovered:  0.000
L: 1.32, u_super: 0.00010, sec: inf, t_ads: 2737.0, t_des: 0.0, bed_util_ads: 0.193, bed_util_des: 0.193, frac_lost: 0.100, li_recovered:  0.000
L: 1.69, u_super: 0.00011, sec: 134.292, t_ads: 4291.0, t_des: 5153.0, bed_util_ads: 0.159, bed_util_des: 0.133, frac_lost: 0.100, li_recovered:  1.857
L: 0.66, u_super: 0.00128, sec: 9479.930, t_ads: 177.0, t_des: 1134.0, bed_util_ads: 0.180, bed_util_des: 0.173, frac_lost: 0.101, li_recovered:  0.537
L: 0.69, u_super: 0.00021, sec: 237.254, t_ads: 1092.0, t_des: 3267.0, bed_util_ads: 0.182, bed_util_des: 0.157, frac_lost: 0.100, li_recovered:  1.802
L: 1.26, u_super: 0.00010, sec: inf, t_ads: 2152.0, t_des: 0.0, bed_util_ads: 0.215, bed_util_des: 0.215, frac_lost: 0.100, li_recovered:  0.000
L: 1.12, u_super: 0.00511, sec: 186894.891, t_ads: 78.0, t_des: 756.0, bed_util_ads: 0.163, bed_util_des: 0.159, frac_lost: 0.102, li_recovered:  0.289
L: 0.81, u_super: 0.00173, sec: 21799.590, t_ads: 163.0, t_des: 1628.0, bed_util_ads: 0.153, bed_util_des: 0.144, frac_lost: 0.101, li_recovered:  0.586
L: 1.70, u_super: 0.00082, sec: 3546.107, t_ads: 672.0, t_des: 1767.0, bed_util_ads: 0.210, bed_util_des: 0.195, frac_lost: 0.100, li_recovered:  1.090
L: 1.10, u_super: 0.00090, sec: inf, t_ads: 333.0, t_des: 0.0, bed_util_ads: 0.418, bed_util_des: 0.418, frac_lost: 0.100, li_recovered:  0.000
L: 0.86, u_super: 0.00046, sec: 1482.306, t_ads: 583.0, t_des: 946.0, bed_util_ads: 0.254, bed_util_des: 0.246, frac_lost: 0.100, li_recovered:  0.509
L: 0.84, u_super: 0.00017, sec: 180.715, t_ads: 1519.0, t_des: 3004.0, bed_util_ads: 0.192, bed_util_des: 0.168, frac_lost: 0.100, li_recovered:  1.668
L: 1.76, u_super: 0.00011, sec: 117.534, t_ads: 4986.0, t_des: 7788.0, bed_util_ads: 0.149, bed_util_des: 0.109, frac_lost: 0.100, li_recovered:  2.834
L: 1.03, u_super: 0.00637, sec: inf, t_ads: 56.0, t_des: 0.0, bed_util_ads: 0.405, bed_util_des: 0.405, frac_lost: 0.101, li_recovered:  0.000
L: 1.27, u_super: 0.00158, sec: 31071.227, t_ads: 283.0, t_des: 5736.0, bed_util_ads: 0.108, bed_util_des: 0.092, frac_lost: 0.100, li_recovered:  1.137
L: 0.68, u_super: 0.00424, sec: 122387.320, t_ads: 57.0, t_des: 106.0, bed_util_ads: 0.304, bed_util_des: 0.303, frac_lost: 0.105, li_recovered:  0.059
L: 0.63, u_super: 0.00670, sec: 352943.969, t_ads: 35.0, t_des: 423.0, bed_util_ads: 0.158, bed_util_des: 0.156, frac_lost: 0.106, li_recovered:  0.148
L: 1.69, u_super: 0.00011, sec: 160.125, t_ads: 4001.0, t_des: 3994.0, bed_util_ads: 0.165, bed_util_des: 0.146, frac_lost: 0.100, li_recovered:  1.337
L: 0.65, u_super: 0.00011, sec: 86.917, t_ads: 1889.0, t_des: 5836.0, bed_util_ads: 0.159, bed_util_des: 0.122, frac_lost: 0.100, li_recovered:  2.688
L: 0.64, u_super: 0.00071, sec: 2867.801, t_ads: 295.0, t_des: 614.0, bed_util_ads: 0.258, bed_util_des: 0.253, frac_lost: 0.101, li_recovered:  0.378
L: 0.96, u_super: 0.00105, sec: 5967.521, t_ads: 315.0, t_des: 1631.0, bed_util_ads: 0.184, bed_util_des: 0.173, frac_lost: 0.101, li_recovered:  0.839
L: 0.68, u_super: 0.00034, sec: 674.871, t_ads: 674.0, t_des: 3235.0, bed_util_ads: 0.169, bed_util_des: 0.147, frac_lost: 0.100, li_recovered:  1.576
L: 0.81, u_super: 0.00267, sec: 35404.078, t_ads: 106.0, t_des: 415.0, bed_util_ads: 0.226, bed_util_des: 0.222, frac_lost: 0.102, li_recovered:  0.253
L: 0.98, u_super: 0.00630, sec: 216424.156, t_ads: 55.0, t_des: 143.0, bed_util_ads: 0.270, bed_util_des: 0.269, frac_lost: 0.102, li_recovered:  0.092
L: 0.61, u_super: 0.00651, sec: 211127.938, t_ads: 35.0, t_des: 164.0, bed_util_ads: 0.228, bed_util_des: 0.227, frac_lost: 0.108, li_recovered:  0.101
L: 1.81, u_super: 0.00218, sec: inf, t_ads: 251.0, t_des: 0.0, bed_util_ads: 0.402, bed_util_des: 0.402, frac_lost: 0.100, li_recovered:  0.000
L: 0.64, u_super: 0.00543, sec: 152169.219, t_ads: 43.0, t_des: 206.0, bed_util_ads: 0.222, bed_util_des: 0.220, frac_lost: 0.104, li_recovered:  0.120
L: 1.97, u_super: 0.00336, sec: 82421.641, t_ads: 204.0, t_des: 1912.0, bed_util_ads: 0.153, bed_util_des: 0.143, frac_lost: 0.100, li_recovered:  0.705
L: 0.70, u_super: 0.00021, sec: 1808.298, t_ads: 913.0, t_des: 822.0, bed_util_ads: 0.264, bed_util_des: 0.262, frac_lost: 0.100, li_recovered:  0.100
L: 1.11, u_super: 0.00136, sec: 36600.125, t_ads: 288.0, t_des: 10273.0, bed_util_ads: 0.085, bed_util_des: 0.068, frac_lost: 0.101, li_recovered:  1.261
L: 1.19, u_super: 0.00662, sec: 452984.219, t_ads: 64.0, t_des: 1067.0, bed_util_ads: 0.132, bed_util_des: 0.128, frac_lost: 0.101, li_recovered:  0.277
     5 |      200 |           INF |  8.552794E+01
L: 1.22, u_super: 0.00941, sec: 466705.250, t_ads: 47.0, t_des: 204.0, bed_util_ads: 0.230, bed_util_des: 0.228, frac_lost: 0.106, li_recovered:  0.125
L: 0.64, u_super: 0.00316, sec: 50743.363, t_ads: 71.0, t_des: 191.0, bed_util_ads: 0.264, bed_util_des: 0.262, frac_lost: 0.102, li_recovered:  0.124
L: 0.67, u_super: 0.00011, sec: 82.703, t_ads: 1952.0, t_des: 5217.0, bed_util_ads: 0.165, bed_util_des: 0.130, frac_lost: 0.100, li_recovered:  2.530
L: 0.64, u_super: 0.00037, sec: 1141.094, t_ads: 596.0, t_des: 5689.0, bed_util_ads: 0.133, bed_util_des: 0.108, frac_lost: 0.100, li_recovered:  1.802
L: 0.60, u_super: 0.00012, sec: 85.772, t_ads: 1594.0, t_des: 3134.0, bed_util_ads: 0.190, bed_util_des: 0.166, frac_lost: 0.100, li_recovered:  1.721
L: 0.98, u_super: 0.00138, sec: 9760.276, t_ads: 242.0, t_des: 1060.0, bed_util_ads: 0.202, bed_util_des: 0.194, frac_lost: 0.101, li_recovered:  0.601
L: 1.22, u_super: 0.00280, sec: 88709.156, t_ads: 154.0, t_des: 2911.0, bed_util_ads: 0.118, bed_util_des: 0.109, frac_lost: 0.101, li_recovered:  0.652
L: 0.99, u_super: 0.00185, sec: 17776.520, t_ads: 183.0, t_des: 449.0, bed_util_ads: 0.256, bed_util_des: 0.252, frac_lost: 0.101, li_recovered:  0.288
L: 0.67, u_super: 0.00697, sec: 257133.734, t_ads: 35.0, t_des: 90.0, bed_util_ads: 0.281, bed_util_des: 0.280, frac_lost: 0.105, li_recovered:  0.060
L: 0.99, u_super: 0.00010, sec: inf, t_ads: 506.0, t_des: 0.0, bed_util_ads: 0.441, bed_util_des: 0.441, frac_lost: 0.100, li_recovered:  0.000
L: 1.32, u_super: 0.00124, sec: 7619.537, t_ads: 358.0, t_des: 1103.0, bed_util_ads: 0.219, bed_util_des: 0.210, frac_lost: 0.100, li_recovered:  0.689
L: 1.69, u_super: 0.00010, sec: 126.257, t_ads: 4491.0, t_des: 5083.0, bed_util_ads: 0.158, bed_util_des: 0.133, frac_lost: 0.100, li_recovered:  1.761
L: 0.62, u_super: 0.00128, sec: 8155.672, t_ads: 166.0, t_des: 473.0, bed_util_ads: 0.245, bed_util_des: 0.240, frac_lost: 0.101, li_recovered:  0.304
L: 0.69, u_super: 0.00318, sec: 52884.863, t_ads: 76.0, t_des: 380.0, bed_util_ads: 0.210, bed_util_des: 0.207, frac_lost: 0.101, li_recovered:  0.211
L: 1.26, u_super: 0.00218, sec: 23546.457, t_ads: 198.0, t_des: 633.0, bed_util_ads: 0.231, bed_util_des: 0.226, frac_lost: 0.100, li_recovered:  0.399
L: 1.31, u_super: 0.00511, sec: 2379939.250, t_ads: 92.0, t_des: 19641.0, bed_util_ads: 0.042, bed_util_des: 0.034, frac_lost: 0.103, li_recovered:  0.537
L: 0.81, u_super: 0.00010, sec: inf, t_ads: 1281.0, t_des: 0.0, bed_util_ads: 0.273, bed_util_des: 0.273, frac_lost: 0.100, li_recovered:  0.000
L: 1.70, u_super: 0.00010, sec: inf, t_ads: 3021.0, t_des: 0.0, bed_util_ads: 0.186, bed_util_des: 0.186, frac_lost: 0.100, li_recovered:  0.000
L: 0.87, u_super: 0.00090, sec: 4716.331, t_ads: 331.0, t_des: 2004.0, bed_util_ads: 0.172, bed_util_des: 0.159, frac_lost: 0.100, li_recovered:  0.938
L: 0.86, u_super: 0.00010, sec: inf, t_ads: 1701.0, t_des: 0.0, bed_util_ads: 0.235, bed_util_des: 0.235, frac_lost: 0.100, li_recovered:  0.000
L: 0.64, u_super: 0.00017, sec: 190.569, t_ads: 1142.0, t_des: 1922.0, bed_util_ads: 0.216, bed_util_des: 0.201, frac_lost: 0.100, li_recovered:  1.072
L: 1.76, u_super: 0.00341, sec: 128598.492, t_ads: 181.0, t_des: 3205.0, bed_util_ads: 0.119, bed_util_des: 0.109, frac_lost: 0.100, li_recovered:  0.742
L: 1.10, u_super: 0.00637, sec: inf, t_ads: 60.0, t_des: 0.0, bed_util_ads: 0.405, bed_util_des: 0.405, frac_lost: 0.101, li_recovered:  0.000
L: 1.27, u_super: 0.00011, sec: inf, t_ads: 1365.0, t_des: 0.0, bed_util_ads: 0.266, bed_util_des: 0.266, frac_lost: 0.100, li_recovered:  0.000
L: 0.68, u_super: 0.00424, sec: 137092.500, t_ads: 57.0, t_des: 633.0, bed_util_ads: 0.157, bed_util_des: 0.154, frac_lost: 0.101, li_recovered:  0.222
L: 0.68, u_super: 0.00670, sec: 281350.938, t_ads: 37.0, t_des: 288.0, bed_util_ads: 0.186, bed_util_des: 0.184, frac_lost: 0.102, li_recovered:  0.132
L: 1.69, u_super: 0.00011, sec: 161.884, t_ads: 3959.0, t_des: 4023.0, bed_util_ads: 0.165, bed_util_des: 0.146, frac_lost: 0.100, li_recovered:  1.363
L: 0.65, u_super: 0.00011, sec: 86.896, t_ads: 1890.0, t_des: 5838.0, bed_util_ads: 0.159, bed_util_des: 0.122, frac_lost: 0.100, li_recovered:  2.690
L: 1.20, u_super: 0.00071, sec: 2609.341, t_ads: 553.0, t_des: 1526.0, bed_util_ads: 0.214, bed_util_des: 0.201, frac_lost: 0.100, li_recovered:  0.951
L: 0.96, u_super: 0.00105, sec: 9191.481, t_ads: 320.0, t_des: 3693.0, bed_util_ads: 0.134, bed_util_des: 0.118, frac_lost: 0.100, li_recovered:  1.123
L: 1.58, u_super: 0.00011, sec: 171.606, t_ads: 3593.0, t_des: 3578.0, bed_util_ads: 0.170, bed_util_des: 0.153, frac_lost: 0.100, li_recovered:  1.218
L: 0.81, u_super: 0.00239, sec: 28201.994, t_ads: 118.0, t_des: 451.0, bed_util_ads: 0.226, bed_util_des: 0.222, frac_lost: 0.102, li_recovered:  0.276
L: 1.06, u_super: 0.00630, sec: 273648.219, t_ads: 60.0, t_des: 539.0, bed_util_ads: 0.171, bed_util_des: 0.168, frac_lost: 0.103, li_recovered:  0.220
L: 0.61, u_super: 0.00011, sec: 288.592, t_ads: 1490.0, t_des: 1228.0, bed_util_ads: 0.230, bed_util_des: 0.227, frac_lost: 0.100, li_recovered:  0.243
L: 1.81, u_super: 0.00011, sec: inf, t_ads: 723.0, t_des: 0.0, bed_util_ads: 0.364, bed_util_des: 0.364, frac_lost: 0.100, li_recovered:  0.000
L: 1.45, u_super: 0.00543, sec: 218764.656, t_ads: 94.0, t_des: 933.0, bed_util_ads: 0.159, bed_util_des: 0.154, frac_lost: 0.101, li_recovered:  0.345
L: 0.61, u_super: 0.00031, sec: 564.072, t_ads: 672.0, t_des: 3421.0, bed_util_ads: 0.166, bed_util_des: 0.143, frac_lost: 0.100, li_recovered:  1.614
L: 0.70, u_super: 0.00021, sec: 278.822, t_ads: 1118.0, t_des: 4804.0, bed_util_ads: 0.160, bed_util_des: 0.129, frac_lost: 0.100, li_recovered:  2.214
L: 1.11, u_super: 0.00011, sec: 1199.010, t_ads: 2377.0, t_des: 1070.0, bed_util_ads: 0.202, bed_util_des: 0.201, frac_lost: 0.100, li_recovered:  0.075
L: 1.19, u_super: 0.00048, sec: 1756.337, t_ads: 753.0, t_des: 1134.0, bed_util_ads: 0.247, bed_util_des: 0.239, frac_lost: 0.100, li_recovered:  0.573
     6 |      240 |           INF |  8.270285E+01
L: 1.22, u_super: 0.00941, sec: 810677.000, t_ads: 47.0, t_des: 654.0, bed_util_ads: 0.146, bed_util_des: 0.143, frac_lost: 0.105, li_recovered:  0.201
L: 1.08, u_super: 0.00316, sec: 83570.422, t_ads: 121.0, t_des: 1519.0, bed_util_ads: 0.143, bed_util_des: 0.136, frac_lost: 0.102, li_recovered:  0.473
L: 0.67, u_super: 0.00011, sec: 204.049, t_ads: 2271.0, t_des: 29432.0, bed_util_ads: 0.102, bed_util_des: 0.043, frac_lost: 0.100, li_recovered:  4.271
L: 0.69, u_super: 0.00037, sec: 1136.346, t_ads: 636.0, t_des: 5894.0, bed_util_ads: 0.134, bed_util_des: 0.107, frac_lost: 0.100, li_recovered:  1.880
L: 0.60, u_super: 0.00090, sec: 4757.961, t_ads: 230.0, t_des: 1485.0, bed_util_ads: 0.175, bed_util_des: 0.166, frac_lost: 0.100, li_recovered:  0.688
L: 1.01, u_super: 0.00130, sec: 8543.993, t_ads: 261.0, t_des: 701.0, bed_util_ads: 0.240, bed_util_des: 0.233, frac_lost: 0.101, li_recovered:  0.451
L: 0.85, u_super: 0.00267, sec: 43213.312, t_ads: 112.0, t_des: 817.0, bed_util_ads: 0.178, bed_util_des: 0.173, frac_lost: 0.102, li_recovered:  0.368
L: 0.69, u_super: 0.00185, sec: 17107.117, t_ads: 129.0, t_des: 546.0, bed_util_ads: 0.216, bed_util_des: 0.211, frac_lost: 0.100, li_recovered:  0.319
L: 0.68, u_super: 0.00011, sec: 79.211, t_ads: 2038.0, t_des: 5750.0, bed_util_ads: 0.161, bed_util_des: 0.123, frac_lost: 0.100, li_recovered:  2.684
L: 0.99, u_super: 0.00167, sec: 144797.172, t_ads: 208.0, t_des: 22812.0, bed_util_ads: 0.054, bed_util_des: 0.039, frac_lost: 0.100, li_recovered:  1.056
L: 1.32, u_super: 0.00124, sec: 10317.579, t_ads: 370.0, t_des: 2918.0, bed_util_ads: 0.154, bed_util_des: 0.138, frac_lost: 0.100, li_recovered:  1.146
L: 0.64, u_super: 0.00010, sec: 82.145, t_ads: 2214.0, t_des: 9943.0, bed_util_ads: 0.138, bed_util_des: 0.090, frac_lost: 0.100, li_recovered:  3.436
L: 0.62, u_super: 0.00010, sec: 76.111, t_ads: 1997.0, t_des: 6794.0, bed_util_ads: 0.153, bed_util_des: 0.112, frac_lost: 0.100, li_recovered:  2.916
L: 0.65, u_super: 0.00011, sec: 83.343, t_ads: 1772.0, t_des: 3556.0, bed_util_ads: 0.183, bed_util_des: 0.157, frac_lost: 0.100, li_recovered:  1.902
L: 1.26, u_super: 0.00218, sec: 28274.307, t_ads: 201.0, t_des: 1336.0, bed_util_ads: 0.176, bed_util_des: 0.167, frac_lost: 0.100, li_recovered:  0.615
L: 1.31, u_super: 0.00511, sec: 290364.812, t_ads: 91.0, t_des: 1683.0, bed_util_ads: 0.124, bed_util_des: 0.118, frac_lost: 0.101, li_recovered:  0.396
L: 0.65, u_super: 0.00084, sec: 7993.347, t_ads: 253.0, t_des: 354.0, bed_util_ads: 0.300, bed_util_des: 0.298, frac_lost: 0.100, li_recovered:  0.125
L: 1.70, u_super: 0.00072, sec: 2776.070, t_ads: 760.0, t_des: 1846.0, bed_util_ads: 0.211, bed_util_des: 0.195, frac_lost: 0.100, li_recovered:  1.135
L: 0.81, u_super: 0.00090, sec: 4749.085, t_ads: 310.0, t_des: 1936.0, bed_util_ads: 0.172, bed_util_des: 0.159, frac_lost: 0.100, li_recovered:  0.896
L: 0.66, u_super: 0.00046, sec: 1295.497, t_ads: 458.0, t_des: 843.0, bed_util_ads: 0.253, bed_util_des: 0.247, frac_lost: 0.100, li_recovered:  0.496
L: 0.84, u_super: 0.00476, sec: 151619.078, t_ads: 63.0, t_des: 559.0, bed_util_ads: 0.172, bed_util_des: 0.168, frac_lost: 0.104, li_recovered:  0.230
L: 0.63, u_super: 0.00011, sec: 79.980, t_ads: 2002.0, t_des: 7138.0, bed_util_ads: 0.151, bed_util_des: 0.109, frac_lost: 0.100, li_recovered:  2.980
L: 0.90, u_super: 0.00011, sec: inf, t_ads: 727.0, t_des: 0.0, bed_util_ads: 0.366, bed_util_des: 0.366, frac_lost: 0.100, li_recovered:  0.000
L: 1.27, u_super: 0.00305, sec: 48417.043, t_ads: 143.0, t_des: 374.0, bed_util_ads: 0.255, bed_util_des: 0.251, frac_lost: 0.101, li_recovered:  0.240
L: 0.64, u_super: 0.00424, sec: 122619.977, t_ads: 54.0, t_des: 101.0, bed_util_ads: 0.304, bed_util_des: 0.303, frac_lost: 0.104, li_recovered:  0.056
L: 0.68, u_super: 0.00670, sec: 306986.000, t_ads: 37.0, t_des: 338.0, bed_util_ads: 0.175, bed_util_des: 0.173, frac_lost: 0.102, li_recovered:  0.139
L: 1.35, u_super: 0.00011, sec: 140.673, t_ads: 3285.0, t_des: 3563.0, bed_util_ads: 0.174, bed_util_des: 0.156, frac_lost: 0.100, li_recovered:  1.303
L: 0.61, u_super: 0.00011, sec: 89.862, t_ads: 1811.0, t_des: 6619.0, bed_util_ads: 0.153, bed_util_des: 0.113, frac_lost: 0.100, li_recovered:  2.838
L: 0.66, u_super: 0.00071, sec: 2531.056, t_ads: 313.0, t_des: 1142.0, bed_util_ads: 0.210, bed_util_des: 0.201, frac_lost: 0.101, li_recovered:  0.686
L: 0.98, u_super: 0.00049, sec: 1227.213, t_ads: 663.0, t_des: 2117.0, bed_util_ads: 0.197, bed_util_des: 0.179, frac_lost: 0.100, li_recovered:  1.248
L: 1.55, u_super: 0.00011, sec: 146.888, t_ads: 3768.0, t_des: 4013.0, bed_util_ads: 0.167, bed_util_des: 0.147, frac_lost: 0.100, li_recovered:  1.413
L: 0.81, u_super: 0.00239, sec: 52039.516, t_ads: 119.0, t_des: 1700.0, bed_util_ads: 0.135, bed_util_des: 0.128, frac_lost: 0.100, li_recovered:  0.478
L: 0.65, u_super: 0.00630, sec: 200101.219, t_ads: 38.0, t_des: 108.0, bed_util_ads: 0.270, bed_util_des: 0.269, frac_lost: 0.106, li_recovered:  0.073
L: 0.61, u_super: 0.00011, sec: 82.867, t_ads: 1697.0, t_des: 2645.0, bed_util_ads: 0.199, bed_util_des: 0.180, frac_lost: 0.100, li_recovered:  1.354
L: 1.81, u_super: 0.00629, sec: 504762.656, t_ads: 102.0, t_des: 2196.0, bed_util_ads: 0.115, bed_util_des: 0.109, frac_lost: 0.101, li_recovered:  0.455
L: 1.46, u_super: 0.00543, sec: 184260.109, t_ads: 95.0, t_des: 697.0, bed_util_ads: 0.180, bed_util_des: 0.175, frac_lost: 0.103, li_recovered:  0.316
L: 1.02, u_super: 0.00031, sec: 557.357, t_ads: 1096.0, t_des: 3918.0, bed_util_ads: 0.171, bed_util_des: 0.143, frac_lost: 0.100, li_recovered:  2.001
L: 0.64, u_super: 0.00021, sec: 279.383, t_ads: 1027.0, t_des: 4719.0, bed_util_ads: 0.159, bed_util_des: 0.129, frac_lost: 0.100, li_recovered:  2.144
L: 1.11, u_super: 0.00011, sec: 1109.306, t_ads: 2371.0, t_des: 1087.0, bed_util_ads: 0.202, bed_util_des: 0.201, frac_lost: 0.100, li_recovered:  0.082
L: 1.19, u_super: 0.00048, sec: 1615.517, t_ads: 857.0, t_des: 5608.0, bed_util_ads: 0.145, bed_util_des: 0.115, frac_lost: 0.100, li_recovered:  2.134
     7 |      280 |           INF |  7.611053E+01
L: 1.22, u_super: 0.00941, sec: 2237738.000, t_ads: 47.0, t_des: 2412.0, bed_util_ads: 0.084, bed_util_des: 0.080, frac_lost: 0.104, li_recovered:  0.256
L: 0.81, u_super: 0.00316, sec: 489640.344, t_ads: 92.0, t_des: 10316.0, bed_util_ads: 0.056, bed_util_des: 0.049, frac_lost: 0.102, li_recovered:  0.512
L: 0.67, u_super: 0.00011, sec: 120.099, t_ads: 2127.0, t_des: 12951.0, bed_util_ads: 0.127, bed_util_des: 0.076, frac_lost: 0.100, li_recovered:  3.664
L: 0.69, u_super: 0.00037, sec: 1137.137, t_ads: 635.0, t_des: 5888.0, bed_util_ads: 0.133, bed_util_des: 0.107, frac_lost: 0.100, li_recovered:  1.876
L: 0.81, u_super: 0.00012, sec: 101.941, t_ads: 2037.0, t_des: 3232.0, bed_util_ads: 0.188, bed_util_des: 0.166, frac_lost: 0.100, li_recovered:  1.614
L: 0.64, u_super: 0.00130, sec: 8331.517, t_ads: 167.0, t_des: 537.0, bed_util_ads: 0.234, bed_util_des: 0.229, frac_lost: 0.100, li_recovered:  0.338
L: 0.62, u_super: 0.00267, sec: 44521.949, t_ads: 81.0, t_des: 629.0, bed_util_ads: 0.177, bed_util_des: 0.173, frac_lost: 0.100, li_recovered:  0.273
L: 0.99, u_super: 0.00313, sec: 49908.852, t_ads: 111.0, t_des: 491.0, bed_util_ads: 0.215, bed_util_des: 0.211, frac_lost: 0.102, li_recovered:  0.286
L: 0.68, u_super: 0.00010, sec: 71.741, t_ads: 2144.0, t_des: 5778.0, bed_util_ads: 0.161, bed_util_des: 0.123, frac_lost: 0.100, li_recovered:  2.696
L: 0.99, u_super: 0.00320, sec: 697619.875, t_ads: 109.0, t_des: 16943.0, bed_util_ads: 0.048, bed_util_des: 0.039, frac_lost: 0.100, li_recovered:  0.607
L: 1.32, u_super: 0.00124, sec: 15055.800, t_ads: 374.0, t_des: 5274.0, bed_util_ads: 0.122, bed_util_des: 0.103, frac_lost: 0.100, li_recovered:  1.349
L: 0.63, u_super: 0.00010, sec: 65.797, t_ads: 1976.0, t_des: 4438.0, bed_util_ads: 0.173, bed_util_des: 0.141, frac_lost: 0.100, li_recovered:  2.262
L: 0.60, u_super: 0.00010, sec: 75.860, t_ads: 1941.0, t_des: 6774.0, bed_util_ads: 0.153, bed_util_des: 0.112, frac_lost: 0.100, li_recovered:  2.900
L: 0.64, u_super: 0.00011, sec: 82.759, t_ads: 1745.0, t_des: 3547.0, bed_util_ads: 0.183, bed_util_des: 0.157, frac_lost: 0.100, li_recovered:  1.902
L: 1.26, u_super: 0.00218, sec: 78767.594, t_ads: 204.0, t_des: 6125.0, bed_util_ads: 0.094, bed_util_des: 0.082, frac_lost: 0.100, li_recovered:  0.908
L: 0.62, u_super: 0.00511, sec: 174628.375, t_ads: 44.0, t_des: 400.0, bed_util_ads: 0.174, bed_util_des: 0.171, frac_lost: 0.104, li_recovered:  0.165
L: 0.65, u_super: 0.00084, sec: 16754.426, t_ads: 274.0, t_des: 12398.0, bed_util_ads: 0.077, bed_util_des: 0.060, frac_lost: 0.101, li_recovered:  1.243
L: 1.70, u_super: 0.00010, sec: inf, t_ads: 3051.0, t_des: 0.0, bed_util_ads: 0.185, bed_util_des: 0.185, frac_lost: 0.100, li_recovered:  0.000
L: 0.87, u_super: 0.00010, sec: 89.797, t_ads: 2398.0, t_des: 3558.0, bed_util_ads: 0.182, bed_util_des: 0.159, frac_lost: 0.100, li_recovered:  1.660
L: 0.62, u_super: 0.00046, sec: 1267.206, t_ads: 435.0, t_des: 821.0, bed_util_ads: 0.253, bed_util_des: 0.247, frac_lost: 0.100, li_recovered:  0.489
L: 0.61, u_super: 0.00017, sec: 162.466, t_ads: 1152.0, t_des: 2853.0, bed_util_ads: 0.191, bed_util_des: 0.168, frac_lost: 0.100, li_recovered:  1.643
L: 0.63, u_super: 0.00010, sec: 75.544, t_ads: 2060.0, t_des: 7161.0, bed_util_ads: 0.151, bed_util_des: 0.109, frac_lost: 0.100, li_recovered:  2.998
L: 0.90, u_super: 0.00010, sec: inf, t_ads: 729.0, t_des: 0.0, bed_util_ads: 0.365, bed_util_des: 0.365, frac_lost: 0.100, li_recovered:  0.000
L: 1.27, u_super: 0.00054, sec: 2703.783, t_ads: 711.0, t_des: 971.0, bed_util_ads: 0.257, bed_util_des: 0.251, frac_lost: 0.100, li_recovered:  0.417
L: 0.60, u_super: 0.00424, sec: 339568.781, t_ads: 51.0, t_des: 1955.0, bed_util_ads: 0.094, bed_util_des: 0.090, frac_lost: 0.101, li_recovered:  0.261
L: 0.80, u_super: 0.00030, sec: 470.288, t_ads: 869.0, t_des: 2178.0, bed_util_ads: 0.203, bed_util_des: 0.184, frac_lost: 0.100, li_recovered:  1.313
L: 0.73, u_super: 0.00011, sec: 78.235, t_ads: 2170.0, t_des: 5177.0, bed_util_ads: 0.166, bed_util_des: 0.131, frac_lost: 0.100, li_recovered:  2.514
L: 0.65, u_super: 0.00011, sec: 97.929, t_ads: 1956.0, t_des: 8199.0, bed_util_ads: 0.144, bed_util_des: 0.100, frac_lost: 0.100, li_recovered:  3.137
L: 0.66, u_super: 0.00071, sec: 10372.344, t_ads: 326.0, t_des: 11854.0, bed_util_ads: 0.084, bed_util_des: 0.064, frac_lost: 0.100, li_recovered:  1.402
L: 0.98, u_super: 0.00010, sec: 135.308, t_ads: 2450.0, t_des: 2522.0, bed_util_ads: 0.192, bed_util_des: 0.179, frac_lost: 0.100, li_recovered:  0.903
L: 1.55, u_super: 0.00010, sec: 140.887, t_ads: 3922.0, t_des: 3918.0, bed_util_ads: 0.166, bed_util_des: 0.147, frac_lost: 0.100, li_recovered:  1.317
L: 0.81, u_super: 0.00313, sec: 126356.578, t_ads: 92.0, t_des: 2153.0, bed_util_ads: 0.112, bed_util_des: 0.106, frac_lost: 0.102, li_recovered:  0.421
L: 0.65, u_super: 0.00630, sec: 539214.438, t_ads: 38.0, t_des: 976.0, bed_util_ads: 0.115, bed_util_des: 0.112, frac_lost: 0.104, li_recovered:  0.189
L: 0.61, u_super: 0.00160, sec: 14428.302, t_ads: 134.0, t_des: 844.0, bed_util_ads: 0.186, bed_util_des: 0.180, frac_lost: 0.101, li_recovered:  0.410
L: 0.87, u_super: 0.00629, sec: 548992.000, t_ads: 50.0, t_des: 1297.0, bed_util_ads: 0.112, bed_util_des: 0.109, frac_lost: 0.105, li_recovered:  0.245
L: 0.69, u_super: 0.00543, sec: 147439.969, t_ads: 46.0, t_des: 195.0, bed_util_ads: 0.231, bed_util_des: 0.230, frac_lost: 0.104, li_recovered:  0.120
L: 0.62, u_super: 0.00031, sec: 563.415, t_ads: 678.0, t_des: 3433.0, bed_util_ads: 0.166, bed_util_des: 0.143, frac_lost: 0.100, li_recovered:  1.623
L: 0.70, u_super: 0.00015, sec: 166.124, t_ads: 1383.0, t_des: 2070.0, bed_util_ads: 0.213, bed_util_des: 0.198, frac_lost: 0.100, li_recovered:  1.054
L: 1.11, u_super: 0.00010, sec: 9888.746, t_ads: 2425.0, t_des: 916.0, bed_util_ads: 0.201, bed_util_des: 0.201, frac_lost: 0.100, li_recovered:  0.008
L: 0.62, u_super: 0.00010, sec: 71.233, t_ads: 2023.0, t_des: 6476.0, bed_util_ads: 0.155, bed_util_des: 0.115, frac_lost: 0.100, li_recovered:  2.854
     8 |      320 |           INF |  6.579705E+01
L: 1.22, u_super: 0.00010, sec: inf, t_ads: 2180.0, t_des: 0.0, bed_util_ads: 0.213, bed_util_des: 0.213, frac_lost: 0.100, li_recovered:  0.000
L: 0.81, u_super: 0.00316, sec: 49765.203, t_ads: 90.0, t_des: 359.0, bed_util_ads: 0.226, bed_util_des: 0.223, frac_lost: 0.101, li_recovered:  0.217
L: 0.62, u_super: 0.00011, sec: 81.184, t_ads: 1802.0, t_des: 5168.0, bed_util_ads: 0.165, bed_util_des: 0.130, frac_lost: 0.100, li_recovered:  2.506
L: 0.61, u_super: 0.00037, sec: 1165.042, t_ads: 570.0, t_des: 5693.0, bed_util_ads: 0.132, bed_util_des: 0.107, frac_lost: 0.100, li_recovered:  1.759
L: 0.60, u_super: 0.00010, sec: 68.821, t_ads: 1807.0, t_des: 3187.0, bed_util_ads: 0.189, bed_util_des: 0.166, frac_lost: 0.100, li_recovered:  1.683
L: 0.61, u_super: 0.00130, sec: 13574.249, t_ads: 165.0, t_des: 1941.0, bed_util_ads: 0.143, bed_util_des: 0.134, frac_lost: 0.101, li_recovered:  0.621
L: 0.85, u_super: 0.00122, sec: 9472.271, t_ads: 241.0, t_des: 1828.0, bed_util_ads: 0.164, bed_util_des: 0.153, frac_lost: 0.101, li_recovered:  0.767
L: 0.99, u_super: 0.00185, sec: 23426.992, t_ads: 187.0, t_des: 1662.0, bed_util_ads: 0.158, bed_util_des: 0.149, frac_lost: 0.100, li_recovered:  0.638
L: 0.62, u_super: 0.00010, sec: 70.366, t_ads: 1972.0, t_des: 5728.0, bed_util_ads: 0.161, bed_util_des: 0.123, frac_lost: 0.100, li_recovered:  2.672
L: 0.99, u_super: 0.00010, sec: 175.983, t_ads: 3650.0, t_des: 33308.0, bed_util_ads: 0.108, bed_util_des: 0.039, frac_lost: 0.100, li_recovered:  4.920
L: 1.32, u_super: 0.00124, sec: 19284.721, t_ads: 376.0, t_des: 7376.0, bed_util_ads: 0.106, bed_util_des: 0.086, frac_lost: 0.101, li_recovered:  1.445
L: 0.63, u_super: 0.00010, sec: 65.735, t_ads: 1977.0, t_des: 4439.0, bed_util_ads: 0.173, bed_util_des: 0.141, frac_lost: 0.100, li_recovered:  2.263
L: 0.62, u_super: 0.00010, sec: 76.125, t_ads: 1998.0, t_des: 6793.0, bed_util_ads: 0.153, bed_util_des: 0.112, frac_lost: 0.100, li_recovered:  2.915
L: 0.72, u_super: 0.00011, sec: 87.392, t_ads: 1926.0, t_des: 3590.0, bed_util_ads: 0.183, bed_util_des: 0.157, frac_lost: 0.100, li_recovered:  1.878
L: 0.60, u_super: 0.00218, sec: 23394.432, t_ads: 96.0, t_des: 366.0, bed_util_ads: 0.229, bed_util_des: 0.226, frac_lost: 0.100, li_recovered:  0.223
L: 0.78, u_super: 0.00547, sec: 158995.797, t_ads: 51.0, t_des: 253.0, bed_util_ads: 0.216, bed_util_des: 0.214, frac_lost: 0.101, li_recovered:  0.143
L: 0.65, u_super: 0.00145, sec: 17509.916, t_ads: 152.0, t_des: 244.0, bed_util_ads: 0.300, bed_util_des: 0.298, frac_lost: 0.101, li_recovered:  0.112
L: 0.65, u_super: 0.00072, sec: 3349.722, t_ads: 314.0, t_des: 2397.0, bed_util_ads: 0.159, bed_util_des: 0.145, frac_lost: 0.101, li_recovered:  0.979
L: 0.92, u_super: 0.00010, sec: 107.881, t_ads: 2401.0, t_des: 3008.0, bed_util_ads: 0.188, bed_util_des: 0.171, frac_lost: 0.100, li_recovered:  1.267
L: 0.62, u_super: 0.00046, sec: 1269.283, t_ads: 437.0, t_des: 823.0, bed_util_ads: 0.253, bed_util_des: 0.246, frac_lost: 0.100, li_recovered:  0.490
L: 0.61, u_super: 0.00319, sec: 66717.156, t_ads: 68.0, t_des: 588.0, bed_util_ads: 0.172, bed_util_des: 0.168, frac_lost: 0.101, li_recovered:  0.242
L: 0.85, u_super: 0.00010, sec: 79.602, t_ads: 2716.0, t_des: 7333.0, bed_util_ads: 0.152, bed_util_des: 0.109, frac_lost: 0.100, li_recovered:  3.101
L: 0.90, u_super: 0.00020, sec: inf, t_ads: 683.0, t_des: 0.0, bed_util_ads: 0.375, bed_util_des: 0.375, frac_lost: 0.100, li_recovered:  0.000
L: 1.27, u_super: 0.00054, sec: 1759.046, t_ads: 806.0, t_des: 4054.0, bed_util_ads: 0.161, bed_util_des: 0.135, frac_lost: 0.100, li_recovered:  1.854
L: 0.88, u_super: 0.00010, sec: inf, t_ads: 1277.0, t_des: 0.0, bed_util_ads: 0.275, bed_util_des: 0.275, frac_lost: 0.100, li_recovered:  0.000
L: 0.80, u_super: 0.00010, sec: 109.688, t_ads: 2134.0, t_des: 2450.0, bed_util_ads: 0.198, bed_util_des: 0.184, frac_lost: 0.100, li_recovered:  0.970
L: 0.73, u_super: 0.00011, sec: 107.795, t_ads: 1879.0, t_des: 2421.0, bed_util_ads: 0.202, bed_util_des: 0.187, frac_lost: 0.100, li_recovered:  1.068
L: 0.62, u_super: 0.00011, sec: 86.241, t_ads: 1796.0, t_des: 5802.0, bed_util_ads: 0.159, bed_util_des: 0.122, frac_lost: 0.100, li_recovered:  2.665
L: 0.61, u_super: 0.00071, sec: 2535.728, t_ads: 291.0, t_des: 1092.0, bed_util_ads: 0.210, bed_util_des: 0.201, frac_lost: 0.100, li_recovered:  0.651
L: 0.62, u_super: 0.00010, sec: 159.005, t_ads: 1594.0, t_des: 1567.0, bed_util_ads: 0.221, bed_util_des: 0.215, frac_lost: 0.100, li_recovered:  0.481
L: 1.55, u_super: 0.00010, sec: 153.016, t_ads: 3832.0, t_des: 3535.0, bed_util_ads: 0.168, bed_util_des: 0.152, frac_lost: 0.100, li_recovered:  1.139
L: 0.62, u_super: 0.00239, sec: 34577.410, t_ads: 91.0, t_des: 667.0, bed_util_ads: 0.180, bed_util_des: 0.175, frac_lost: 0.101, li_recovered:  0.300
L: 0.65, u_super: 0.00630, sec: 271626.844, t_ads: 38.0, t_des: 360.0, bed_util_ads: 0.173, bed_util_des: 0.171, frac_lost: 0.105, li_recovered:  0.147
L: 0.63, u_super: 0.00011, sec: 84.150, t_ads: 1724.0, t_des: 2651.0, bed_util_ads: 0.199, bed_util_des: 0.180, frac_lost: 0.100, li_recovered:  1.344
L: 0.60, u_super: 0.00629, sec: 570113.812, t_ads: 35.0, t_des: 973.0, bed_util_ads: 0.111, bed_util_des: 0.109, frac_lost: 0.103, li_recovered:  0.177
L: 0.65, u_super: 0.00543, sec: 149727.375, t_ads: 43.0, t_des: 182.0, bed_util_ads: 0.231, bed_util_des: 0.230, frac_lost: 0.101, li_recovered:  0.110
L: 1.02, u_super: 0.00031, sec: 1305.172, t_ads: 936.0, t_des: 1064.0, bed_util_ads: 0.252, bed_util_des: 0.247, frac_lost: 0.100, li_recovered:  0.341
L: 0.70, u_super: 0.00015, sec: 137.920, t_ads: 1455.0, t_des: 2790.0, bed_util_ads: 0.196, bed_util_des: 0.174, frac_lost: 0.100, li_recovered:  1.560
L: 0.92, u_super: 0.00011, sec: inf, t_ads: 1786.0, t_des: 0.0, bed_util_ads: 0.230, bed_util_des: 0.230, frac_lost: 0.100, li_recovered:  0.000
L: 0.67, u_super: 0.00010, sec: 72.260, t_ads: 2197.0, t_des: 6530.0, bed_util_ads: 0.156, bed_util_des: 0.115, frac_lost: 0.100, li_recovered:  2.889
     9 |      360 |           INF |  6.573495E+01
L: 1.22, u_super: 0.00964, sec: 889237.562, t_ads: 46.0, t_des: 684.0, bed_util_ads: 0.143, bed_util_des: 0.140, frac_lost: 0.105, li_recovered:  0.201
L: 1.07, u_super: 0.00316, sec: 49810.918, t_ads: 118.0, t_des: 444.0, bed_util_ads: 0.227, bed_util_des: 0.223, frac_lost: 0.101, li_recovered:  0.272
L: 0.62, u_super: 0.00011, sec: 80.074, t_ads: 1722.0, t_des: 3233.0, bed_util_ads: 0.188, bed_util_des: 0.164, frac_lost: 0.100, li_recovered:  1.740
L: 0.61, u_super: 0.00037, sec: 1164.344, t_ads: 570.0, t_des: 5698.0, bed_util_ads: 0.132, bed_util_des: 0.107, frac_lost: 0.100, li_recovered:  1.761
L: 0.62, u_super: 0.00207, sec: 27182.748, t_ads: 106.0, t_des: 872.0, bed_util_ads: 0.171, bed_util_des: 0.166, frac_lost: 0.103, li_recovered:  0.366
L: 0.60, u_super: 0.00130, sec: 8313.562, t_ads: 159.0, t_des: 518.0, bed_util_ads: 0.234, bed_util_des: 0.229, frac_lost: 0.100, li_recovered:  0.326
L: 0.85, u_super: 0.00122, sec: 14520.174, t_ads: 243.0, t_des: 3626.0, bed_util_ads: 0.125, bed_util_des: 0.111, frac_lost: 0.100, li_recovered:  0.936
L: 0.99, u_super: 0.00185, sec: 27601.295, t_ads: 188.0, t_des: 2194.0, bed_util_ads: 0.141, bed_util_des: 0.132, frac_lost: 0.101, li_recovered:  0.698
L: 0.62, u_super: 0.00010, sec: 68.537, t_ads: 1999.0, t_des: 5738.0, bed_util_ads: 0.161, bed_util_des: 0.123, frac_lost: 0.100, li_recovered:  2.678
L: 0.99, u_super: 0.00010, sec: 80.769, t_ads: 3215.0, t_des: 7900.0, bed_util_ads: 0.150, bed_util_des: 0.105, frac_lost: 0.100, li_recovered:  3.224
L: 1.32, u_super: 0.00124, sec: 8779.203, t_ads: 367.0, t_des: 2097.0, bed_util_ads: 0.174, bed_util_des: 0.160, frac_lost: 0.101, li_recovered:  1.009
L: 0.63, u_super: 0.00010, sec: 65.729, t_ads: 1977.0, t_des: 4439.0, bed_util_ads: 0.173, bed_util_des: 0.141, frac_lost: 0.100, li_recovered:  2.262
L: 0.60, u_super: 0.00010, sec: 77.129, t_ads: 1950.0, t_des: 7098.0, bed_util_ads: 0.151, bed_util_des: 0.109, frac_lost: 0.100, li_recovered:  2.962
L: 0.64, u_super: 0.00011, sec: 82.601, t_ads: 1738.0, t_des: 3545.0, bed_util_ads: 0.183, bed_util_des: 0.157, frac_lost: 0.100, li_recovered:  1.903
L: 0.60, u_super: 0.00218, sec: 30762.553, t_ads: 97.0, t_des: 819.0, bed_util_ads: 0.169, bed_util_des: 0.165, frac_lost: 0.101, li_recovered:  0.337
L: 0.79, u_super: 0.00547, sec: 157891.516, t_ads: 52.0, t_des: 259.0, bed_util_ads: 0.216, bed_util_des: 0.214, frac_lost: 0.102, li_recovered:  0.147
L: 0.63, u_super: 0.00091, sec: 6708.697, t_ads: 243.0, t_des: 2794.0, bed_util_ads: 0.139, bed_util_des: 0.126, frac_lost: 0.100, li_recovered:  0.877
L: 0.71, u_super: 0.00072, sec: 2588.731, t_ads: 333.0, t_des: 1271.0, bed_util_ads: 0.205, bed_util_des: 0.195, frac_lost: 0.101, li_recovered:  0.749
L: 0.87, u_super: 0.00010, sec: 85.900, t_ads: 2471.0, t_des: 3562.0, bed_util_ads: 0.182, bed_util_des: 0.159, frac_lost: 0.100, li_recovered:  1.628
L: 0.62, u_super: 0.00010, sec: inf, t_ads: 1456.0, t_des: 0.0, bed_util_ads: 0.242, bed_util_des: 0.242, frac_lost: 0.100, li_recovered:  0.000
L: 0.61, u_super: 0.00010, sec: 65.454, t_ads: 1910.0, t_des: 4082.0, bed_util_ads: 0.177, bed_util_des: 0.147, frac_lost: 0.100, li_recovered:  2.122
L: 0.63, u_super: 0.00023, sec: 402.459, t_ads: 932.0, t_des: 6335.0, bed_util_ads: 0.141, bed_util_des: 0.109, frac_lost: 0.100, li_recovered:  2.291
L: 0.90, u_super: 0.00637, sec: 360328.812, t_ads: 51.0, t_des: 706.0, bed_util_ads: 0.145, bed_util_des: 0.142, frac_lost: 0.103, li_recovered:  0.215
L: 1.22, u_super: 0.00010, sec: 94.626, t_ads: 3500.0, t_des: 5061.0, bed_util_ads: 0.165, bed_util_des: 0.135, frac_lost: 0.100, li_recovered:  2.097
L: 0.62, u_super: 0.00424, sec: 120298.164, t_ads: 52.0, t_des: 98.0, bed_util_ads: 0.304, bed_util_des: 0.303, frac_lost: 0.103, li_recovered:  0.055
L: 0.80, u_super: 0.00258, sec: 37924.895, t_ads: 108.0, t_des: 674.0, bed_util_ads: 0.189, bed_util_des: 0.184, frac_lost: 0.100, li_recovered:  0.330
L: 0.73, u_super: 0.00011, sec: 80.804, t_ads: 2054.0, t_des: 3733.0, bed_util_ads: 0.181, bed_util_des: 0.154, frac_lost: 0.100, li_recovered:  1.917
L: 0.62, u_super: 0.00011, sec: 89.526, t_ads: 1819.0, t_des: 6547.0, bed_util_ads: 0.153, bed_util_des: 0.114, frac_lost: 0.100, li_recovered:  2.827
L: 0.61, u_super: 0.00071, sec: 2539.609, t_ads: 290.0, t_des: 1088.0, bed_util_ads: 0.210, bed_util_des: 0.201, frac_lost: 0.100, li_recovered:  0.648
L: 0.68, u_super: 0.00010, sec: 81.375, t_ads: 2261.0, t_des: 8589.0, bed_util_ads: 0.144, bed_util_des: 0.098, frac_lost: 0.100, li_recovered:  3.277
L: 1.55, u_super: 0.00010, sec: 164.092, t_ads: 3768.0, t_des: 3264.0, bed_util_ads: 0.169, bed_util_des: 0.155, frac_lost: 0.100, li_recovered:  1.014
L: 0.81, u_super: 0.00012, sec: 696.742, t_ads: 1699.0, t_des: 1127.0, bed_util_ads: 0.224, bed_util_des: 0.222, frac_lost: 0.100, li_recovered:  0.128
L: 0.61, u_super: 0.00630, sec: 205375.250, t_ads: 35.0, t_des: 99.0, bed_util_ads: 0.270, bed_util_des: 0.269, frac_lost: 0.101, li_recovered:  0.065
L: 0.61, u_super: 0.00011, sec: 802.209, t_ads: 1457.0, t_des: 992.0, bed_util_ads: 0.235, bed_util_des: 0.234, frac_lost: 0.100, li_recovered:  0.079
L: 1.81, u_super: 0.00629, sec: 204252.859, t_ads: 101.0, t_des: 367.0, bed_util_ads: 0.233, bed_util_des: 0.230, frac_lost: 0.102, li_recovered:  0.229
L: 0.63, u_super: 0.00543, sec: 146300.547, t_ads: 42.0, t_des: 182.0, bed_util_ads: 0.231, bed_util_des: 0.230, frac_lost: 0.105, li_recovered:  0.113
L: 1.02, u_super: 0.00010, sec: 86.621, t_ads: 2959.0, t_des: 4479.0, bed_util_ads: 0.171, bed_util_des: 0.143, frac_lost: 0.100, li_recovered:  1.990
L: 0.70, u_super: 0.00015, sec: 133.306, t_ads: 1541.0, t_des: 4259.0, bed_util_ads: 0.173, bed_util_des: 0.142, frac_lost: 0.100, li_recovered:  2.206
L: 1.11, u_super: 0.00010, sec: inf, t_ads: 2450.0, t_des: 0.0, bed_util_ads: 0.200, bed_util_des: 0.200, frac_lost: 0.100, li_recovered:  0.000
L: 0.62, u_super: 0.00040, sec: 943.414, t_ads: 520.0, t_des: 2771.0, bed_util_ads: 0.170, bed_util_des: 0.151, frac_lost: 0.100, li_recovered:  1.329
    10 |      400 |  4.472649E+04 |  6.545374E+01
L: 1.22, u_super: 0.00941, sec: 1194032.625, t_ads: 47.0, t_des: 1116.0, bed_util_ads: 0.117, bed_util_des: 0.114, frac_lost: 0.104, li_recovered:  0.227
L: 0.81, u_super: 0.00316, sec: 63514.840, t_ads: 91.0, t_des: 738.0, bed_util_ads: 0.173, bed_util_des: 0.169, frac_lost: 0.102, li_recovered:  0.314
L: 0.62, u_super: 0.00011, sec: 77.819, t_ads: 1829.0, t_des: 4838.0, bed_util_ads: 0.168, bed_util_des: 0.134, frac_lost: 0.100, li_recovered:  2.409
L: 0.61, u_super: 0.00037, sec: 1164.394, t_ads: 570.0, t_des: 5698.0, bed_util_ads: 0.132, bed_util_des: 0.107, frac_lost: 0.100, li_recovered:  1.761
L: 0.60, u_super: 0.00012, sec: 95.115, t_ads: 1506.0, t_des: 3107.0, bed_util_ads: 0.190, bed_util_des: 0.166, frac_lost: 0.100, li_recovered:  1.727
L: 0.87, u_super: 0.00130, sec: 8402.039, t_ads: 227.0, t_des: 668.0, bed_util_ads: 0.235, bed_util_des: 0.229, frac_lost: 0.101, li_recovered:  0.426
L: 0.85, u_super: 0.00010, sec: 80.419, t_ads: 2477.0, t_des: 3863.0, bed_util_ads: 0.179, bed_util_des: 0.153, frac_lost: 0.100, li_recovered:  1.827
L: 0.61, u_super: 0.00010, sec: 133.965, t_ads: 1607.0, t_des: 1672.0, bed_util_ads: 0.219, bed_util_des: 0.211, frac_lost: 0.100, li_recovered:  0.567
L: 0.62, u_super: 0.00070, sec: 2570.211, t_ads: 300.0, t_des: 1402.0, bed_util_ads: 0.193, bed_util_des: 0.182, frac_lost: 0.101, li_recovered:  0.762
L: 0.99, u_super: 0.00010, sec: 83.705, t_ads: 3289.0, t_des: 9196.0, bed_util_ads: 0.145, bed_util_des: 0.096, frac_lost: 0.100, li_recovered:  3.495
L: 1.09, u_super: 0.00124, sec: 8934.337, t_ads: 303.0, t_des: 1860.0, bed_util_ads: 0.173, bed_util_des: 0.161, frac_lost: 0.100, li_recovered:  0.870
L: 0.63, u_super: 0.00017, sec: 230.781, t_ads: 1317.0, t_des: 9124.0, bed_util_ads: 0.132, bed_util_des: 0.091, frac_lost: 0.100, li_recovered:  2.897
L: 0.60, u_super: 0.00323, sec: 128378.258, t_ads: 67.0, t_des: 1519.0, bed_util_ads: 0.116, bed_util_des: 0.112, frac_lost: 0.103, li_recovered:  0.313
L: 0.64, u_super: 0.00010, sec: 68.221, t_ads: 1934.0, t_des: 3593.0, bed_util_ads: 0.183, bed_util_des: 0.157, frac_lost: 0.100, li_recovered:  1.878
L: 0.60, u_super: 0.00010, sec: 269.697, t_ads: 1530.0, t_des: 1233.0, bed_util_ads: 0.229, bed_util_des: 0.226, frac_lost: 0.100, li_recovered:  0.237
L: 0.79, u_super: 0.00010, sec: 480.859, t_ads: 1908.0, t_des: 1209.0, bed_util_ads: 0.216, bed_util_des: 0.214, frac_lost: 0.100, li_recovered:  0.150
L: 0.70, u_super: 0.00091, sec: 6592.803, t_ads: 266.0, t_des: 2940.0, bed_util_ads: 0.139, bed_util_des: 0.126, frac_lost: 0.100, li_recovered:  0.942
L: 0.71, u_super: 0.00046, sec: 1084.497, t_ads: 505.0, t_des: 1564.0, bed_util_ads: 0.208, bed_util_des: 0.195, frac_lost: 0.100, li_recovered:  0.957
L: 0.61, u_super: 0.00010, sec: 67.409, t_ads: 1857.0, t_des: 3465.0, bed_util_ads: 0.185, bed_util_des: 0.159, frac_lost: 0.100, li_recovered:  1.830
L: 0.62, u_super: 0.00046, sec: 1155.785, t_ads: 458.0, t_des: 2192.0, bed_util_ads: 0.180, bed_util_des: 0.165, frac_lost: 0.100, li_recovered:  1.132
L: 0.61, u_super: 0.00010, sec: 71.560, t_ads: 1809.0, t_des: 2994.0, bed_util_ads: 0.192, bed_util_des: 0.171, frac_lost: 0.100, li_recovered:  1.556
L: 0.61, u_super: 0.00010, sec: 75.289, t_ads: 1993.0, t_des: 7136.0, bed_util_ads: 0.151, bed_util_des: 0.109, frac_lost: 0.100, li_recovered:  2.979
L: 0.61, u_super: 0.00637, sec: 463447.000, t_ads: 35.0, t_des: 725.0, bed_util_ads: 0.126, bed_util_des: 0.124, frac_lost: 0.104, li_recovered:  0.168
L: 1.22, u_super: 0.00010, sec: 94.627, t_ads: 3500.0, t_des: 5061.0, bed_util_ads: 0.165, bed_util_des: 0.135, frac_lost: 0.100, li_recovered:  2.097
L: 0.62, u_super: 0.00010, sec: inf, t_ads: 1160.0, t_des: 0.0, bed_util_ads: 0.283, bed_util_des: 0.283, frac_lost: 0.100, li_recovered:  0.000
L: 0.80, u_super: 0.00010, sec: 109.623, t_ads: 2135.0, t_des: 2450.0, bed_util_ads: 0.198, bed_util_des: 0.184, frac_lost: 0.100, li_recovered:  0.969
L: 0.73, u_super: 0.00011, sec: 82.824, t_ads: 2026.0, t_des: 3478.0, bed_util_ads: 0.185, bed_util_des: 0.160, frac_lost: 0.100, li_recovered:  1.779
L: 0.61, u_super: 0.00011, sec: 86.077, t_ads: 1775.0, t_des: 5795.0, bed_util_ads: 0.159, bed_util_des: 0.122, frac_lost: 0.100, li_recovered:  2.660
L: 0.61, u_super: 0.00217, sec: 24764.701, t_ads: 99.0, t_des: 510.0, bed_util_ads: 0.204, bed_util_des: 0.201, frac_lost: 0.101, li_recovered:  0.277
L: 0.68, u_super: 0.00010, sec: 71.513, t_ads: 2059.0, t_des: 4231.0, bed_util_ads: 0.175, bed_util_des: 0.145, frac_lost: 0.100, li_recovered:  2.162
L: 1.55, u_super: 0.00010, sec: 139.943, t_ads: 3949.0, t_des: 3898.0, bed_util_ads: 0.165, bed_util_des: 0.147, frac_lost: 0.100, li_recovered:  1.300
L: 0.81, u_super: 0.00010, sec: inf, t_ads: 1865.0, t_des: 0.0, bed_util_ads: 0.221, bed_util_des: 0.221, frac_lost: 0.100, li_recovered:  0.000
L: 0.60, u_super: 0.00630, sec: 202824.750, t_ads: 35.0, t_des: 100.0, bed_util_ads: 0.270, bed_util_des: 0.269, frac_lost: 0.104, li_recovered:  0.067
L: 0.61, u_super: 0.00011, sec: 99.510, t_ads: 1631.0, t_des: 2164.0, bed_util_ads: 0.209, bed_util_des: 0.195, frac_lost: 0.100, li_recovered:  0.986
L: 0.62, u_super: 0.00629, sec: 198221.984, t_ads: 36.0, t_des: 161.0, bed_util_ads: 0.231, bed_util_des: 0.230, frac_lost: 0.106, li_recovered:  0.099
L: 0.62, u_super: 0.00543, sec: 148876.625, t_ads: 41.0, t_des: 176.0, bed_util_ads: 0.231, bed_util_des: 0.230, frac_lost: 0.103, li_recovered:  0.107
L: 1.02, u_super: 0.00163, sec: 18644.631, t_ads: 218.0, t_des: 1993.0, bed_util_ads: 0.154, bed_util_des: 0.143, frac_lost: 0.100, li_recovered:  0.744
L: 0.73, u_super: 0.00015, sec: 134.356, t_ads: 1594.0, t_des: 4280.0, bed_util_ads: 0.173, bed_util_des: 0.142, frac_lost: 0.100, li_recovered:  2.216
L: 0.62, u_super: 0.00011, sec: 111.099, t_ads: 1620.0, t_des: 2013.0, bed_util_ads: 0.213, bed_util_des: 0.201, frac_lost: 0.100, li_recovered:  0.856
L: 0.62, u_super: 0.00010, sec: 69.176, t_ads: 2053.0, t_des: 6486.0, bed_util_ads: 0.155, bed_util_des: 0.115, frac_lost: 0.100, li_recovered:  2.861
    11 |      440 |  3.933872E+04 |  6.545374E+01
L: 0.61, u_super: 0.00941, sec: 472218.812, t_ads: 24.0, t_des: 117.0, bed_util_ads: 0.229, bed_util_des: 0.228, frac_lost: 0.102, li_recovered:  0.070
L: 0.81, u_super: 0.00316, sec: 182348.062, t_ads: 91.0, t_des: 3274.0, bed_util_ads: 0.093, bed_util_des: 0.087, frac_lost: 0.101, li_recovered:  0.445
L: 0.61, u_super: 0.00011, sec: 77.358, t_ads: 1787.0, t_des: 4825.0, bed_util_ads: 0.168, bed_util_des: 0.134, frac_lost: 0.100, li_recovered:  2.403
L: 0.60, u_super: 0.00037, sec: 1169.141, t_ads: 560.0, t_des: 5665.0, bed_util_ads: 0.132, bed_util_des: 0.107, frac_lost: 0.100, li_recovered:  1.742
L: 0.77, u_super: 0.00013, sec: 109.243, t_ads: 1851.0, t_des: 3634.0, bed_util_ads: 0.182, bed_util_des: 0.156, frac_lost: 0.100, li_recovered:  1.922
L: 0.63, u_super: 0.00130, sec: 8304.203, t_ads: 166.0, t_des: 536.0, bed_util_ads: 0.234, bed_util_des: 0.229, frac_lost: 0.101, li_recovered:  0.338
L: 0.85, u_super: 0.00023, sec: 295.517, t_ads: 1196.0, t_des: 2992.0, bed_util_ads: 0.189, bed_util_des: 0.165, frac_lost: 0.100, li_recovered:  1.706
L: 0.61, u_super: 0.00010, sec: 65.669, t_ads: 1875.0, t_des: 3830.0, bed_util_ads: 0.180, bed_util_des: 0.152, frac_lost: 0.100, li_recovered:  2.013
L: 0.62, u_super: 0.00010, sec: 70.035, t_ads: 1837.0, t_des: 3295.0, bed_util_ads: 0.187, bed_util_des: 0.163, frac_lost: 0.100, li_recovered:  1.738
L: 0.99, u_super: 0.00010, sec: 79.350, t_ads: 3142.0, t_des: 6887.0, bed_util_ads: 0.155, bed_util_des: 0.114, frac_lost: 0.100, li_recovered:  2.961
L: 1.32, u_super: 0.00145, sec: 10409.778, t_ads: 308.0, t_des: 1011.0, bed_util_ads: 0.219, bed_util_des: 0.210, frac_lost: 0.100, li_recovered:  0.626
L: 0.70, u_super: 0.00010, sec: 68.794, t_ads: 2188.0, t_des: 4485.0, bed_util_ads: 0.173, bed_util_des: 0.141, frac_lost: 0.100, li_recovered:  2.248
L: 0.60, u_super: 0.00010, sec: 155.921, t_ads: 1533.0, t_des: 1558.0, bed_util_ads: 0.223, bed_util_des: 0.216, frac_lost: 0.100, li_recovered:  0.500
L: 0.61, u_super: 0.00010, sec: 66.993, t_ads: 1876.0, t_des: 3580.0, bed_util_ads: 0.183, bed_util_des: 0.157, frac_lost: 0.100, li_recovered:  1.887
L: 0.60, u_super: 0.00010, sec: 64.803, t_ads: 1904.0, t_des: 4410.0, bed_util_ads: 0.173, bed_util_des: 0.141, frac_lost: 0.100, li_recovered:  2.258
L: 0.79, u_super: 0.00010, sec: 71.985, t_ads: 2468.0, t_des: 4952.0, bed_util_ads: 0.168, bed_util_des: 0.135, frac_lost: 0.100, li_recovered:  2.390
L: 0.70, u_super: 0.00091, sec: 5785.487, t_ads: 265.0, t_des: 2368.0, bed_util_ads: 0.152, bed_util_des: 0.140, frac_lost: 0.100, li_recovered:  0.882
L: 0.71, u_super: 0.00010, sec: 114.841, t_ads: 1869.0, t_des: 2127.0, bed_util_ads: 0.207, bed_util_des: 0.195, frac_lost: 0.100, li_recovered:  0.831
L: 0.61, u_super: 0.00010, sec: 81.450, t_ads: 2116.0, t_des: 9794.0, bed_util_ads: 0.138, bed_util_des: 0.090, frac_lost: 0.100, li_recovered:  3.389
L: 0.61, u_super: 0.00046, sec: 1157.459, t_ads: 450.0, t_des: 2174.0, bed_util_ads: 0.180, bed_util_des: 0.165, frac_lost: 0.100, li_recovered:  1.119
L: 0.61, u_super: 0.00010, sec: 65.783, t_ads: 1896.0, t_des: 3893.0, bed_util_ads: 0.179, bed_util_des: 0.151, frac_lost: 0.100, li_recovered:  2.040
L: 0.73, u_super: 0.00010, sec: 77.073, t_ads: 2353.0, t_des: 7246.0, bed_util_ads: 0.152, bed_util_des: 0.109, frac_lost: 0.100, li_recovered:  3.059
L: 0.61, u_super: 0.00637, sec: 369090.031, t_ads: 35.0, t_des: 525.0, bed_util_ads: 0.144, bed_util_des: 0.142, frac_lost: 0.104, li_recovered:  0.155
L: 1.22, u_super: 0.00010, sec: 134.860, t_ads: 3102.0, t_des: 3079.0, bed_util_ads: 0.179, bed_util_des: 0.164, frac_lost: 0.100, li_recovered:  1.062
L: 0.61, u_super: 0.00424, sec: 122493.070, t_ads: 51.0, t_des: 96.0, bed_util_ads: 0.304, bed_util_des: 0.303, frac_lost: 0.104, li_recovered:  0.053
L: 0.80, u_super: 0.00010, sec: 103.256, t_ads: 2160.0, t_des: 2594.0, bed_util_ads: 0.196, bed_util_des: 0.181, frac_lost: 0.100, li_recovered:  1.067
L: 0.73, u_super: 0.00010, sec: 69.381, t_ads: 2313.0, t_des: 5209.0, bed_util_ads: 0.166, bed_util_des: 0.131, frac_lost: 0.100, li_recovered:  2.513
L: 0.62, u_super: 0.00011, sec: 86.231, t_ads: 1799.0, t_des: 5805.0, bed_util_ads: 0.159, bed_util_des: 0.122, frac_lost: 0.100, li_recovered:  2.667
L: 0.66, u_super: 0.00071, sec: 2537.488, t_ads: 314.0, t_des: 1141.0, bed_util_ads: 0.210, bed_util_des: 0.201, frac_lost: 0.100, li_recovered:  0.685
L: 0.68, u_super: 0.00010, sec: 68.283, t_ads: 2112.0, t_des: 4243.0, bed_util_ads: 0.175, bed_util_des: 0.145, frac_lost: 0.100, li_recovered:  2.157
L: 0.61, u_super: 0.00010, sec: 65.295, t_ads: 1898.0, t_des: 4065.0, bed_util_ads: 0.177, bed_util_des: 0.147, frac_lost: 0.100, li_recovered:  2.117
L: 0.76, u_super: 0.00012, sec: 423.765, t_ads: 1634.0, t_des: 1231.0, bed_util_ads: 0.225, bed_util_des: 0.222, frac_lost: 0.100, li_recovered:  0.214
L: 0.67, u_super: 0.00630, sec: 211264.484, t_ads: 38.0, t_des: 105.0, bed_util_ads: 0.270, bed_util_des: 0.269, frac_lost: 0.101, li_recovered:  0.068
L: 0.65, u_super: 0.00010, sec: 66.610, t_ads: 2064.0, t_des: 4748.0, bed_util_ads: 0.170, bed_util_des: 0.137, frac_lost: 0.100, li_recovered:  2.370
L: 0.60, u_super: 0.00629, sec: 195942.422, t_ads: 35.0, t_des: 126.0, bed_util_ads: 0.249, bed_util_des: 0.248, frac_lost: 0.103, li_recovered:  0.082
L: 0.63, u_super: 0.00050, sec: 1334.924, t_ads: 407.0, t_des: 946.0, bed_util_ads: 0.238, bed_util_des: 0.230, frac_lost: 0.100, li_recovered:  0.600
L: 1.02, u_super: 0.00010, sec: 80.428, t_ads: 3305.0, t_des: 7604.0, bed_util_ads: 0.152, bed_util_des: 0.108, frac_lost: 0.100, li_recovered:  3.144
L: 0.70, u_super: 0.00015, sec: 132.824, t_ads: 1493.0, t_des: 3329.0, bed_util_ads: 0.186, bed_util_des: 0.160, frac_lost: 0.100, li_recovered:  1.840
L: 0.62, u_super: 0.00011, sec: 72.744, t_ads: 1872.0, t_des: 4524.0, bed_util_ads: 0.172, bed_util_des: 0.139, frac_lost: 0.100, li_recovered:  2.302
L: 0.62, u_super: 0.00011, sec: 80.442, t_ads: 1904.0, t_des: 6436.0, bed_util_ads: 0.155, bed_util_des: 0.115, frac_lost: 0.100, li_recovered:  2.825
    12 |      480 |  3.558535E+04 |  6.480293E+01
L: 0.60, u_super: 0.00941, sec: 463543.250, t_ads: 24.0, t_des: 119.0, bed_util_ads: 0.229, bed_util_des: 0.228, frac_lost: 0.106, li_recovered:  0.072
L: 0.60, u_super: 0.00316, sec: 49897.223, t_ads: 67.0, t_des: 282.0, bed_util_ads: 0.226, bed_util_des: 0.223, frac_lost: 0.101, li_recovered:  0.169
L: 0.60, u_super: 0.00011, sec: 77.178, t_ads: 1768.0, t_des: 4817.0, bed_util_ads: 0.168, bed_util_des: 0.134, frac_lost: 0.100, li_recovered:  2.399
L: 0.69, u_super: 0.00037, sec: 739.779, t_ads: 592.0, t_des: 1401.0, bed_util_ads: 0.223, bed_util_des: 0.211, frac_lost: 0.100, li_recovered:  0.881
L: 0.60, u_super: 0.00010, sec: 96.386, t_ads: 1664.0, t_des: 2095.0, bed_util_ads: 0.210, bed_util_des: 0.198, frac_lost: 0.100, li_recovered:  0.905
L: 0.61, u_super: 0.00130, sec: 12949.654, t_ads: 165.0, t_des: 1805.0, bed_util_ads: 0.147, bed_util_des: 0.139, frac_lost: 0.102, li_recovered:  0.609
L: 0.85, u_super: 0.00010, sec: inf, t_ads: 1913.0, t_des: 0.0, bed_util_ads: 0.220, bed_util_des: 0.220, frac_lost: 0.100, li_recovered:  0.000
L: 0.61, u_super: 0.00067, sec: 2748.781, t_ads: 312.0, t_des: 2162.0, bed_util_ads: 0.165, bed_util_des: 0.152, frac_lost: 0.100, li_recovered:  0.938
L: 0.60, u_super: 0.00010, sec: 65.702, t_ads: 1868.0, t_des: 3783.0, bed_util_ads: 0.180, bed_util_des: 0.153, frac_lost: 0.100, li_recovered:  1.993
L: 0.60, u_super: 0.00010, sec: 70.082, t_ads: 1996.0, t_des: 6625.0, bed_util_ads: 0.154, bed_util_des: 0.114, frac_lost: 0.100, li_recovered:  2.882
L: 0.60, u_super: 0.00124, sec: 7585.670, t_ads: 167.0, t_des: 674.0, bed_util_ads: 0.215, bed_util_des: 0.210, frac_lost: 0.100, li_recovered:  0.399
L: 0.63, u_super: 0.00010, sec: 68.112, t_ads: 1940.0, t_des: 4429.0, bed_util_ads: 0.173, bed_util_des: 0.141, frac_lost: 0.100, li_recovered:  2.262
L: 0.60, u_super: 0.00010, sec: 75.831, t_ads: 1931.0, t_des: 6769.0, bed_util_ads: 0.153, bed_util_des: 0.112, frac_lost: 0.100, li_recovered:  2.896
L: 0.61, u_super: 0.00010, sec: 66.994, t_ads: 1876.0, t_des: 3580.0, bed_util_ads: 0.183, bed_util_des: 0.157, frac_lost: 0.100, li_recovered:  1.887
L: 0.60, u_super: 0.00320, sec: 86178.859, t_ads: 67.0, t_des: 888.0, bed_util_ads: 0.145, bed_util_des: 0.141, frac_lost: 0.102, li_recovered:  0.274
L: 0.79, u_super: 0.00010, sec: 71.948, t_ads: 2469.0, t_des: 4953.0, bed_util_ads: 0.168, bed_util_des: 0.135, frac_lost: 0.100, li_recovered:  2.391
L: 0.70, u_super: 0.00029, sec: 493.738, t_ads: 816.0, t_des: 3834.0, bed_util_ads: 0.165, bed_util_des: 0.140, frac_lost: 0.100, li_recovered:  1.821
L: 0.71, u_super: 0.00010, sec: 113.924, t_ads: 1889.0, t_des: 2118.0, bed_util_ads: 0.206, bed_util_des: 0.195, frac_lost: 0.100, li_recovered:  0.815
L: 0.60, u_super: 0.00010, sec: 66.817, t_ads: 1831.0, t_des: 3460.0, bed_util_ads: 0.185, bed_util_des: 0.159, frac_lost: 0.100, li_recovered:  1.835
L: 0.61, u_super: 0.00046, sec: 1156.433, t_ads: 452.0, t_des: 2180.0, bed_util_ads: 0.180, bed_util_des: 0.165, frac_lost: 0.100, li_recovered:  1.124
L: 0.61, u_super: 0.00010, sec: 68.825, t_ads: 1859.0, t_des: 4069.0, bed_util_ads: 0.177, bed_util_des: 0.147, frac_lost: 0.100, li_recovered:  2.124
L: 0.61, u_super: 0.00010, sec: 73.829, t_ads: 1755.0, t_des: 2994.0, bed_util_ads: 0.192, bed_util_des: 0.170, frac_lost: 0.100, li_recovered:  1.580
L: 0.90, u_super: 0.00637, sec: 329120.344, t_ads: 51.0, t_des: 615.0, bed_util_ads: 0.154, bed_util_des: 0.151, frac_lost: 0.103, li_recovered:  0.207
L: 0.72, u_super: 0.00010, sec: 69.069, t_ads: 2263.0, t_des: 4877.0, bed_util_ads: 0.169, bed_util_des: 0.135, frac_lost: 0.100, li_recovered:  2.396
L: 0.62, u_super: 0.00323, sec: 74262.484, t_ads: 68.0, t_des: 680.0, bed_util_ads: 0.162, bed_util_des: 0.159, frac_lost: 0.102, li_recovered:  0.255
L: 0.80, u_super: 0.00010, sec: 71.903, t_ads: 2502.0, t_des: 5214.0, bed_util_ads: 0.166, bed_util_des: 0.131, frac_lost: 0.100, li_recovered:  2.487
L: 0.73, u_super: 0.00010, sec: 94.815, t_ads: 2010.0, t_des: 2568.0, bed_util_ads: 0.198, bed_util_des: 0.182, frac_lost: 0.100, li_recovered:  1.119
L: 0.61, u_super: 0.00103, sec: 9293.327, t_ads: 208.0, t_des: 2771.0, bed_util_ads: 0.133, bed_util_des: 0.122, frac_lost: 0.101, li_recovered:  0.793
L: 0.76, u_super: 0.00071, sec: 3308.147, t_ads: 368.0, t_des: 2715.0, bed_util_ads: 0.158, bed_util_des: 0.142, frac_lost: 0.100, li_recovered:  1.113
L: 0.68, u_super: 0.00010, sec: 69.793, t_ads: 2242.0, t_des: 6305.0, bed_util_ads: 0.157, bed_util_des: 0.118, frac_lost: 0.100, li_recovered:  2.838
L: 0.61, u_super: 0.00010, sec: 65.289, t_ads: 1898.0, t_des: 4065.0, bed_util_ads: 0.177, bed_util_des: 0.147, frac_lost: 0.100, li_recovered:  2.117
L: 0.76, u_super: 0.00012, sec: 91.962, t_ads: 2015.0, t_des: 4031.0, bed_util_ads: 0.178, bed_util_des: 0.148, frac_lost: 0.100, li_recovered:  2.080
L: 0.65, u_super: 0.00630, sec: 665414.562, t_ads: 38.0, t_des: 1274.0, bed_util_ads: 0.102, bed_util_des: 0.100, frac_lost: 0.104, li_recovered:  0.198
L: 0.68, u_super: 0.00021, sec: 272.510, t_ads: 1070.0, t_des: 4280.0, bed_util_ads: 0.166, bed_util_des: 0.137, frac_lost: 0.100, li_recovered:  2.079
L: 0.60, u_super: 0.00629, sec: 303386.312, t_ads: 35.0, t_des: 397.0, bed_util_ads: 0.161, bed_util_des: 0.159, frac_lost: 0.102, li_recovered:  0.142
L: 0.63, u_super: 0.00050, sec: 1745.545, t_ads: 429.0, t_des: 3421.0, bed_util_ads: 0.150, bed_util_des: 0.132, frac_lost: 0.100, li_recovered:  1.305
L: 0.60, u_super: 0.00010, sec: 71.711, t_ads: 2026.0, t_des: 7305.0, bed_util_ads: 0.150, bed_util_des: 0.108, frac_lost: 0.100, li_recovered:  3.016
L: 0.70, u_super: 0.00010, sec: 73.424, t_ads: 2083.0, t_des: 3476.0, bed_util_ads: 0.185, bed_util_des: 0.160, frac_lost: 0.100, li_recovered:  1.755
L: 0.60, u_super: 0.00011, sec: 72.184, t_ads: 1764.0, t_des: 3787.0, bed_util_ads: 0.180, bed_util_des: 0.152, frac_lost: 0.100, li_recovered:  2.014
L: 0.60, u_super: 0.00010, sec: 68.892, t_ads: 2000.0, t_des: 6469.0, bed_util_ads: 0.155, bed_util_des: 0.115, frac_lost: 0.100, li_recovered:  2.849
    13 |      520 |  3.342032E+04 |  6.480293E+01
L: 0.60, u_super: 0.00941, sec: 687215.312, t_ads: 24.0, t_des: 282.0, bed_util_ads: 0.165, bed_util_des: 0.163, frac_lost: 0.105, li_recovered:  0.104
L: 0.60, u_super: 0.00316, sec: 49273.781, t_ads: 68.0, t_des: 289.0, bed_util_ads: 0.226, bed_util_des: 0.223, frac_lost: 0.103, li_recovered:  0.175
L: 0.60, u_super: 0.00011, sec: 87.166, t_ads: 1853.0, t_des: 7401.0, bed_util_ads: 0.148, bed_util_des: 0.106, frac_lost: 0.100, li_recovered:  2.985
L: 0.69, u_super: 0.00010, sec: 175.937, t_ads: 1757.0, t_des: 1588.0, bed_util_ads: 0.217, bed_util_des: 0.211, frac_lost: 0.100, li_recovered:  0.441
L: 0.60, u_super: 0.00011, sec: 75.961, t_ads: 1707.0, t_des: 3165.0, bed_util_ads: 0.189, bed_util_des: 0.166, frac_lost: 0.100, li_recovered:  1.706
L: 0.61, u_super: 0.00030, sec: 550.467, t_ads: 638.0, t_des: 1177.0, bed_util_ads: 0.239, bed_util_des: 0.229, frac_lost: 0.100, li_recovered:  0.699
L: 0.85, u_super: 0.00163, sec: 17530.451, t_ads: 182.0, t_des: 1533.0, bed_util_ads: 0.162, bed_util_des: 0.153, frac_lost: 0.101, li_recovered:  0.614
L: 0.68, u_super: 0.00010, sec: 69.433, t_ads: 2075.0, t_des: 3874.0, bed_util_ads: 0.179, bed_util_des: 0.152, frac_lost: 0.100, li_recovered:  1.986
L: 0.60, u_super: 0.00010, sec: 65.700, t_ads: 1868.0, t_des: 3783.0, bed_util_ads: 0.180, bed_util_des: 0.153, frac_lost: 0.100, li_recovered:  1.993
L: 0.60, u_super: 0.00010, sec: 69.378, t_ads: 2006.0, t_des: 6628.0, bed_util_ads: 0.154, bed_util_des: 0.114, frac_lost: 0.100, li_recovered:  2.884
L: 0.60, u_super: 0.00124, sec: 7442.001, t_ads: 167.0, t_des: 529.0, bed_util_ads: 0.236, bed_util_des: 0.231, frac_lost: 0.101, li_recovered:  0.336
L: 0.63, u_super: 0.00010, sec: 65.729, t_ads: 1977.0, t_des: 4439.0, bed_util_ads: 0.173, bed_util_des: 0.141, frac_lost: 0.100, li_recovered:  2.262
L: 0.60, u_super: 0.00010, sec: 69.949, t_ads: 2010.0, t_des: 6797.0, bed_util_ads: 0.153, bed_util_des: 0.112, frac_lost: 0.100, li_recovered:  2.918
L: 0.61, u_super: 0.00010, sec: 66.995, t_ads: 1876.0, t_des: 3580.0, bed_util_ads: 0.183, bed_util_des: 0.157, frac_lost: 0.100, li_recovered:  1.887
L: 0.60, u_super: 0.00010, sec: 65.518, t_ads: 1860.0, t_des: 3794.0, bed_util_ads: 0.180, bed_util_des: 0.152, frac_lost: 0.100, li_recovered:  2.000
L: 0.79, u_super: 0.00010, sec: 71.978, t_ads: 2468.0, t_des: 4951.0, bed_util_ads: 0.168, bed_util_des: 0.135, frac_lost: 0.100, li_recovered:  2.389
L: 0.70, u_super: 0.00029, sec: 606.912, t_ads: 833.0, t_des: 5873.0, bed_util_ads: 0.142, bed_util_des: 0.112, frac_lost: 0.100, li_recovered:  2.136
L: 0.71, u_super: 0.00010, sec: 114.014, t_ads: 1889.0, t_des: 2117.0, bed_util_ads: 0.206, bed_util_des: 0.195, frac_lost: 0.100, li_recovered:  0.814
L: 0.71, u_super: 0.00010, sec: 73.470, t_ads: 2101.0, t_des: 3514.0, bed_util_ads: 0.184, bed_util_des: 0.159, frac_lost: 0.100, li_recovered:  1.771
L: 0.62, u_super: 0.00046, sec: 1236.621, t_ads: 461.0, t_des: 2612.0, bed_util_ads: 0.169, bed_util_des: 0.152, frac_lost: 0.100, li_recovered:  1.227
L: 0.61, u_super: 0.00010, sec: 67.293, t_ads: 1861.0, t_des: 3492.0, bed_util_ads: 0.184, bed_util_des: 0.159, frac_lost: 0.100, li_recovered:  1.844
L: 0.61, u_super: 0.00010, sec: 71.002, t_ads: 1797.0, t_des: 3002.0, bed_util_ads: 0.192, bed_util_des: 0.170, frac_lost: 0.100, li_recovered:  1.567
L: 0.61, u_super: 0.00637, sec: 337516.594, t_ads: 35.0, t_des: 454.0, bed_util_ads: 0.153, bed_util_des: 0.151, frac_lost: 0.103, li_recovered:  0.148
L: 0.72, u_super: 0.00010, sec: 71.741, t_ads: 2377.0, t_des: 6800.0, bed_util_ads: 0.154, bed_util_des: 0.113, frac_lost: 0.100, li_recovered:  2.965
L: 0.62, u_super: 0.00323, sec: 60742.859, t_ads: 68.0, t_des: 464.0, bed_util_ads: 0.189, bed_util_des: 0.185, frac_lost: 0.102, li_recovered:  0.222
L: 0.80, u_super: 0.00010, sec: 86.196, t_ads: 2259.0, t_des: 3182.0, bed_util_ads: 0.188, bed_util_des: 0.167, frac_lost: 0.100, li_recovered:  1.463
L: 0.73, u_super: 0.00010, sec: 69.383, t_ads: 2313.0, t_des: 5209.0, bed_util_ads: 0.166, bed_util_des: 0.131, frac_lost: 0.100, li_recovered:  2.513
L: 0.61, u_super: 0.00067, sec: 3596.371, t_ads: 318.0, t_des: 3495.0, bed_util_ads: 0.137, bed_util_des: 0.122, frac_lost: 0.100, li_recovered:  1.104
L: 0.60, u_super: 0.00071, sec: 2537.007, t_ads: 285.0, t_des: 1078.0, bed_util_ads: 0.210, bed_util_des: 0.201, frac_lost: 0.100, li_recovered:  0.641
L: 0.68, u_super: 0.00010, sec: 68.288, t_ads: 2112.0, t_des: 4243.0, bed_util_ads: 0.175, bed_util_des: 0.145, frac_lost: 0.100, li_recovered:  2.157
L: 0.60, u_super: 0.00010, sec: 64.999, t_ads: 1879.0, t_des: 4060.0, bed_util_ads: 0.177, bed_util_des: 0.147, frac_lost: 0.100, li_recovered:  2.118
L: 0.76, u_super: 0.00012, sec: 92.183, t_ads: 2010.0, t_des: 3981.0, bed_util_ads: 0.178, bed_util_des: 0.149, frac_lost: 0.100, li_recovered:  2.056
L: 0.65, u_super: 0.00630, sec: 199952.531, t_ads: 38.0, t_des: 108.0, bed_util_ads: 0.270, bed_util_des: 0.269, frac_lost: 0.106, li_recovered:  0.073
L: 0.65, u_super: 0.00010, sec: 66.610, t_ads: 2064.0, t_des: 4748.0, bed_util_ads: 0.170, bed_util_des: 0.137, frac_lost: 0.100, li_recovered:  2.370
L: 0.60, u_super: 0.00629, sec: 194004.984, t_ads: 35.0, t_des: 127.0, bed_util_ads: 0.249, bed_util_des: 0.248, frac_lost: 0.105, li_recovered:  0.083
L: 0.63, u_super: 0.00027, sec: 479.541, t_ads: 710.0, t_des: 1222.0, bed_util_ads: 0.239, bed_util_des: 0.230, frac_lost: 0.100, li_recovered:  0.698
L: 0.60, u_super: 0.00010, sec: 71.707, t_ads: 2026.0, t_des: 7305.0, bed_util_ads: 0.150, bed_util_des: 0.108, frac_lost: 0.100, li_recovered:  3.016
L: 0.60, u_super: 0.00010, sec: 65.044, t_ads: 1927.0, t_des: 4819.0, bed_util_ads: 0.169, bed_util_des: 0.135, frac_lost: 0.100, li_recovered:  2.404
L: 0.60, u_super: 0.00010, sec: 65.461, t_ads: 1860.0, t_des: 3813.0, bed_util_ads: 0.180, bed_util_des: 0.152, frac_lost: 0.100, li_recovered:  2.009
L: 0.60, u_super: 0.00010, sec: 68.882, t_ads: 1999.0, t_des: 6469.0, bed_util_ads: 0.155, bed_util_des: 0.115, frac_lost: 0.100, li_recovered:  2.849
    14 |      560 |  3.278524E+04 |  6.480293E+01
L: 0.60, u_super: 0.00941, sec: 463607.062, t_ads: 24.0, t_des: 119.0, bed_util_ads: 0.229, bed_util_des: 0.228, frac_lost: 0.106, li_recovered:  0.072
L: 0.65, u_super: 0.00316, sec: 49849.984, t_ads: 73.0, t_des: 303.0, bed_util_ads: 0.226, bed_util_des: 0.223, frac_lost: 0.101, li_recovered:  0.182
L: 0.60, u_super: 0.00011, sec: 76.654, t_ads: 1755.0, t_des: 4548.0, bed_util_ads: 0.171, bed_util_des: 0.138, frac_lost: 0.100, li_recovered:  2.312
L: 0.69, u_super: 0.00010, sec: 74.958, t_ads: 2013.0, t_des: 3223.0, bed_util_ads: 0.188, bed_util_des: 0.166, frac_lost: 0.100, li_recovered:  1.619
L: 0.60, u_super: 0.00010, sec: 79.067, t_ads: 2074.0, t_des: 9186.0, bed_util_ads: 0.140, bed_util_des: 0.094, frac_lost: 0.100, li_recovered:  3.303
L: 0.70, u_super: 0.00010, sec: inf, t_ads: 1662.0, t_des: 0.0, bed_util_ads: 0.228, bed_util_des: 0.228, frac_lost: 0.100, li_recovered:  0.000
L: 0.85, u_super: 0.00010, sec: 80.416, t_ads: 2477.0, t_des: 3863.0, bed_util_ads: 0.179, bed_util_des: 0.153, frac_lost: 0.100, li_recovered:  1.827
L: 0.61, u_super: 0.00476, sec: 179573.234, t_ads: 46.0, t_des: 558.0, bed_util_ads: 0.154, bed_util_des: 0.152, frac_lost: 0.103, li_recovered:  0.188
L: 0.60, u_super: 0.00010, sec: 65.940, t_ads: 1963.0, t_des: 5315.0, bed_util_ads: 0.164, bed_util_des: 0.128, frac_lost: 0.100, li_recovered:  2.558
L: 0.61, u_super: 0.00010, sec: 69.581, t_ads: 2046.0, t_des: 6641.0, bed_util_ads: 0.154, bed_util_des: 0.114, frac_lost: 0.100, li_recovered:  2.893
L: 0.60, u_super: 0.00010, sec: 535.841, t_ads: 1503.0, t_des: 1048.0, bed_util_ads: 0.232, bed_util_des: 0.231, frac_lost: 0.100, li_recovered:  0.110
L: 0.63, u_super: 0.00010, sec: 65.728, t_ads: 1977.0, t_des: 4439.0, bed_util_ads: 0.173, bed_util_des: 0.141, frac_lost: 0.100, li_recovered:  2.262
L: 0.60, u_super: 0.00010, sec: 65.781, t_ads: 1951.0, t_des: 5286.0, bed_util_ads: 0.164, bed_util_des: 0.129, frac_lost: 0.100, li_recovered:  2.550
L: 0.61, u_super: 0.00010, sec: 99.016, t_ads: 1689.0, t_des: 2087.0, bed_util_ads: 0.210, bed_util_des: 0.198, frac_lost: 0.100, li_recovered:  0.884
L: 0.62, u_super: 0.00010, sec: 65.549, t_ads: 1960.0, t_des: 4423.0, bed_util_ads: 0.173, bed_util_des: 0.141, frac_lost: 0.100, li_recovered:  2.257
L: 0.79, u_super: 0.00010, sec: 109.186, t_ads: 2126.0, t_des: 2447.0, bed_util_ads: 0.198, bed_util_des: 0.185, frac_lost: 0.100, li_recovered:  0.971
L: 0.70, u_super: 0.00029, sec: 439.690, t_ads: 780.0, t_des: 2030.0, bed_util_ads: 0.205, bed_util_des: 0.187, frac_lost: 0.100, li_recovered:  1.235
L: 0.71, u_super: 0.00010, sec: 71.796, t_ads: 2122.0, t_des: 3717.0, bed_util_ads: 0.181, bed_util_des: 0.155, frac_lost: 0.100, li_recovered:  1.885
L: 0.60, u_super: 0.00010, sec: 66.815, t_ads: 1830.0, t_des: 3459.0, bed_util_ads: 0.185, bed_util_des: 0.159, frac_lost: 0.100, li_recovered:  1.835
L: 0.62, u_super: 0.00010, sec: 69.736, t_ads: 1862.0, t_des: 3240.0, bed_util_ads: 0.188, bed_util_des: 0.165, frac_lost: 0.100, li_recovered:  1.696
L: 0.61, u_super: 0.00010, sec: 73.636, t_ads: 1792.0, t_des: 2850.0, bed_util_ads: 0.195, bed_util_des: 0.174, frac_lost: 0.100, li_recovered:  1.461
L: 0.61, u_super: 0.00010, sec: 71.005, t_ads: 1797.0, t_des: 3002.0, bed_util_ads: 0.192, bed_util_des: 0.170, frac_lost: 0.100, li_recovered:  1.567
L: 0.93, u_super: 0.00637, sec: 237074.797, t_ads: 53.0, t_des: 356.0, bed_util_ads: 0.194, bed_util_des: 0.191, frac_lost: 0.105, li_recovered:  0.177
L: 0.65, u_super: 0.00010, sec: 66.908, t_ads: 2089.0, t_des: 5153.0, bed_util_ads: 0.166, bed_util_des: 0.131, frac_lost: 0.100, li_recovered:  2.509
L: 0.62, u_super: 0.00010, sec: 83.106, t_ads: 1757.0, t_des: 2478.0, bed_util_ads: 0.202, bed_util_des: 0.185, frac_lost: 0.100, li_recovered:  1.181
L: 0.60, u_super: 0.00010, sec: 65.442, t_ads: 1942.0, t_des: 5087.0, bed_util_ads: 0.166, bed_util_des: 0.131, frac_lost: 0.100, li_recovered:  2.490
L: 0.60, u_super: 0.00023, sec: 303.963, t_ads: 877.0, t_des: 3634.0, bed_util_ads: 0.170, bed_util_des: 0.145, frac_lost: 0.100, li_recovered:  1.818
L: 0.61, u_super: 0.00011, sec: 81.934, t_ads: 1722.0, t_des: 4481.0, bed_util_ads: 0.171, bed_util_des: 0.139, frac_lost: 0.100, li_recovered:  2.290
L: 0.66, u_super: 0.00071, sec: 3694.069, t_ads: 320.0, t_des: 2942.0, bed_util_ads: 0.147, bed_util_des: 0.132, frac_lost: 0.100, li_recovered:  1.054
L: 0.68, u_super: 0.00010, sec: 72.977, t_ads: 2023.0, t_des: 3371.0, bed_util_ads: 0.186, bed_util_des: 0.162, frac_lost: 0.100, li_recovered:  1.713
L: 0.60, u_super: 0.00010, sec: 64.998, t_ads: 1879.0, t_des: 4060.0, bed_util_ads: 0.177, bed_util_des: 0.147, frac_lost: 0.100, li_recovered:  2.118
L: 0.76, u_super: 0.00012, sec: 94.940, t_ads: 1968.0, t_des: 3534.0, bed_util_ads: 0.184, bed_util_des: 0.158, frac_lost: 0.100, li_recovered:  1.833
L: 0.63, u_super: 0.00630, sec: 207386.688, t_ads: 36.0, t_des: 101.0, bed_util_ads: 0.270, bed_util_des: 0.269, frac_lost: 0.101, li_recovered:  0.066
L: 0.61, u_super: 0.00010, sec: 65.370, t_ads: 1959.0, t_des: 4722.0, bed_util_ads: 0.170, bed_util_des: 0.137, frac_lost: 0.100, li_recovered:  2.369
L: 0.60, u_super: 0.00629, sec: 193698.891, t_ads: 35.0, t_des: 127.0, bed_util_ads: 0.249, bed_util_des: 0.248, frac_lost: 0.105, li_recovered:  0.084
L: 0.60, u_super: 0.00027, sec: 469.496, t_ads: 684.0, t_des: 1204.0, bed_util_ads: 0.239, bed_util_des: 0.230, frac_lost: 0.100, li_recovered:  0.697
L: 0.60, u_super: 0.00010, sec: 70.589, t_ads: 2017.0, t_des: 6990.0, bed_util_ads: 0.152, bed_util_des: 0.110, frac_lost: 0.100, li_recovered:  2.958
L: 0.72, u_super: 0.00010, sec: 69.098, t_ads: 2267.0, t_des: 4900.0, bed_util_ads: 0.169, bed_util_des: 0.135, frac_lost: 0.100, li_recovered:  2.404
L: 0.63, u_super: 0.00010, sec: 67.018, t_ads: 1946.0, t_des: 3832.0, bed_util_ads: 0.180, bed_util_des: 0.152, frac_lost: 0.100, li_recovered:  1.998
L: 0.60, u_super: 0.00010, sec: 68.881, t_ads: 1999.0, t_des: 6469.0, bed_util_ads: 0.155, bed_util_des: 0.115, frac_lost: 0.100, li_recovered:  2.849
    15 |      600 |  2.875447E+04 |  6.480293E+01
L: 0.60, u_super: 0.00010, sec: 334.946, t_ads: 1519.0, t_des: 1157.0, bed_util_ads: 0.230, bed_util_des: 0.228, frac_lost: 0.100, li_recovered:  0.185
L: 0.64, u_super: 0.00316, sec: 49635.105, t_ads: 72.0, t_des: 301.0, bed_util_ads: 0.226, bed_util_des: 0.223, frac_lost: 0.102, li_recovered:  0.181
L: 0.60, u_super: 0.00010, sec: 64.872, t_ads: 1914.0, t_des: 4596.0, bed_util_ads: 0.171, bed_util_des: 0.138, frac_lost: 0.100, li_recovered:  2.326
L: 0.69, u_super: 0.00010, sec: 74.964, t_ads: 2013.0, t_des: 3223.0, bed_util_ads: 0.188, bed_util_des: 0.166, frac_lost: 0.100, li_recovered:  1.619
L: 0.60, u_super: 0.00010, sec: 67.285, t_ads: 1983.0, t_des: 5902.0, bed_util_ads: 0.159, bed_util_des: 0.121, frac_lost: 0.100, li_recovered:  2.718
L: 0.61, u_super: 0.00323, sec: 51952.078, t_ads: 67.0, t_des: 263.0, bed_util_ads: 0.231, bed_util_des: 0.229, frac_lost: 0.101, li_recovered:  0.161
L: 0.85, u_super: 0.00010, sec: 76.259, t_ads: 2550.0, t_des: 4409.0, bed_util_ads: 0.173, bed_util_des: 0.143, frac_lost: 0.100, li_recovered:  2.115
L: 0.68, u_super: 0.00010, sec: 69.408, t_ads: 2075.0, t_des: 3875.0, bed_util_ads: 0.179, bed_util_des: 0.152, frac_lost: 0.100, li_recovered:  1.987
L: 0.67, u_super: 0.00010, sec: 69.292, t_ads: 2053.0, t_des: 3822.0, bed_util_ads: 0.180, bed_util_des: 0.153, frac_lost: 0.100, li_recovered:  1.965
L: 0.60, u_super: 0.00010, sec: 69.393, t_ads: 2004.0, t_des: 6625.0, bed_util_ads: 0.154, bed_util_des: 0.114, frac_lost: 0.100, li_recovered:  2.882
L: 0.63, u_super: 0.00010, sec: 1323.641, t_ads: 1553.0, t_des: 967.0, bed_util_ads: 0.232, bed_util_des: 0.231, frac_lost: 0.100, li_recovered:  0.044
L: 0.63, u_super: 0.00163, sec: 20334.684, t_ads: 135.0, t_des: 1504.0, bed_util_ads: 0.148, bed_util_des: 0.141, frac_lost: 0.101, li_recovered:  0.506
L: 0.60, u_super: 0.00010, sec: 68.593, t_ads: 1804.0, t_des: 3195.0, bed_util_ads: 0.189, bed_util_des: 0.165, frac_lost: 0.100, li_recovered:  1.689
L: 0.60, u_super: 0.00010, sec: 66.287, t_ads: 1840.0, t_des: 3571.0, bed_util_ads: 0.183, bed_util_des: 0.157, frac_lost: 0.100, li_recovered:  1.892
L: 0.60, u_super: 0.00445, sec: 173251.250, t_ads: 49.0, t_des: 699.0, bed_util_ads: 0.144, bed_util_des: 0.141, frac_lost: 0.105, li_recovered:  0.210
L: 0.79, u_super: 0.00010, sec: 74.737, t_ads: 2381.0, t_des: 4107.0, bed_util_ads: 0.176, bed_util_des: 0.148, frac_lost: 0.100, li_recovered:  2.012
L: 0.70, u_super: 0.00010, sec: 100.132, t_ads: 2471.0, t_des: 14376.0, bed_util_ads: 0.126, bed_util_des: 0.071, frac_lost: 0.100, li_recovered:  3.899
L: 0.71, u_super: 0.00010, sec: 70.971, t_ads: 2137.0, t_des: 3853.0, bed_util_ads: 0.180, bed_util_des: 0.152, frac_lost: 0.100, li_recovered:  1.956
L: 0.60, u_super: 0.00010, sec: 72.232, t_ads: 1769.0, t_des: 2873.0, bed_util_ads: 0.194, bed_util_des: 0.174, frac_lost: 0.100, li_recovered:  1.489
L: 0.62, u_super: 0.00010, sec: 74.014, t_ads: 1821.0, t_des: 2889.0, bed_util_ads: 0.194, bed_util_des: 0.173, frac_lost: 0.100, li_recovered:  1.475
L: 0.61, u_super: 0.00011, sec: 73.211, t_ads: 1799.0, t_des: 4055.0, bed_util_ads: 0.177, bed_util_des: 0.147, frac_lost: 0.100, li_recovered:  2.127
L: 0.61, u_super: 0.00010, sec: 70.999, t_ads: 1797.0, t_des: 3002.0, bed_util_ads: 0.192, bed_util_des: 0.170, frac_lost: 0.100, li_recovered:  1.567
L: 0.93, u_super: 0.00637, sec: 896773.375, t_ads: 53.0, t_des: 2413.0, bed_util_ads: 0.087, bed_util_des: 0.083, frac_lost: 0.104, li_recovered:  0.281
L: 0.65, u_super: 0.00010, sec: 66.909, t_ads: 2089.0, t_des: 5153.0, bed_util_ads: 0.166, bed_util_des: 0.131, frac_lost: 0.100, li_recovered:  2.509
L: 0.62, u_super: 0.00010, sec: 65.541, t_ads: 1975.0, t_des: 4755.0, bed_util_ads: 0.169, bed_util_des: 0.136, frac_lost: 0.100, li_recovered:  2.380
L: 0.60, u_super: 0.00320, sec: 97137.562, t_ads: 67.0, t_des: 1056.0, bed_util_ads: 0.135, bed_util_des: 0.131, frac_lost: 0.102, li_recovered:  0.287
L: 0.73, u_super: 0.00010, sec: 69.424, t_ads: 2288.0, t_des: 4883.0, bed_util_ads: 0.169, bed_util_des: 0.135, frac_lost: 0.100, li_recovered:  2.394
L: 0.61, u_super: 0.00010, sec: 65.161, t_ads: 1940.0, t_des: 4546.0, bed_util_ads: 0.172, bed_util_des: 0.139, frac_lost: 0.100, li_recovered:  2.307
L: 0.66, u_super: 0.00010, sec: 66.962, t_ads: 2081.0, t_des: 4605.0, bed_util_ads: 0.171, bed_util_des: 0.139, frac_lost: 0.100, li_recovered:  2.314
L: 0.64, u_super: 0.00010, sec: 66.499, t_ads: 1999.0, t_des: 4217.0, bed_util_ads: 0.175, bed_util_des: 0.145, frac_lost: 0.100, li_recovered:  2.166
L: 0.60, u_super: 0.00010, sec: 64.982, t_ads: 1880.0, t_des: 4062.0, bed_util_ads: 0.177, bed_util_des: 0.147, frac_lost: 0.100, li_recovered:  2.119
L: 0.60, u_super: 0.00010, sec: 99.396, t_ads: 2130.0, t_des: 13826.0, bed_util_ads: 0.125, bed_util_des: 0.072, frac_lost: 0.100, li_recovered:  3.721
L: 0.65, u_super: 0.00010, sec: inf, t_ads: 1372.0, t_des: 0.0, bed_util_ads: 0.257, bed_util_des: 0.257, frac_lost: 0.100, li_recovered:  0.000
L: 0.77, u_super: 0.00010, sec: 73.769, t_ads: 2552.0, t_des: 7226.0, bed_util_ads: 0.152, bed_util_des: 0.110, frac_lost: 0.100, li_recovered:  3.072
L: 0.60, u_super: 0.00629, sec: 193993.484, t_ads: 35.0, t_des: 127.0, bed_util_ads: 0.249, bed_util_des: 0.248, frac_lost: 0.105, li_recovered:  0.083
L: 0.60, u_super: 0.00027, sec: 406.805, t_ads: 701.0, t_des: 1533.0, bed_util_ads: 0.222, bed_util_des: 0.208, frac_lost: 0.100, li_recovered:  0.952
L: 0.60, u_super: 0.00153, sec: 26077.584, t_ads: 138.0, t_des: 2630.0, bed_util_ads: 0.119, bed_util_des: 0.110, frac_lost: 0.101, li_recovered:  0.588
L: 0.60, u_super: 0.00010, sec: 65.061, t_ads: 1928.0, t_des: 4819.0, bed_util_ads: 0.169, bed_util_des: 0.135, frac_lost: 0.100, li_recovered:  2.403
L: 0.60, u_super: 0.00010, sec: 65.482, t_ads: 1861.0, t_des: 3813.0, bed_util_ads: 0.180, bed_util_des: 0.152, frac_lost: 0.100, li_recovered:  2.008
L: 0.60, u_super: 0.00010, sec: 68.933, t_ads: 2008.0, t_des: 6471.0, bed_util_ads: 0.155, bed_util_des: 0.115, frac_lost: 0.100, li_recovered:  2.851
    16 |      640 |  1.710123E+04 |  6.480293E+01
L: 0.60, u_super: 0.00010, sec: 73.606, t_ads: 2040.0, t_des: 7821.0, bed_util_ads: 0.147, bed_util_des: 0.103, frac_lost: 0.100, li_recovered:  3.105
L: 0.60, u_super: 0.00309, sec: 69115.891, t_ads: 69.0, t_des: 706.0, bed_util_ads: 0.160, bed_util_des: 0.157, frac_lost: 0.100, li_recovered:  0.258
L: 0.60, u_super: 0.00010, sec: 64.971, t_ads: 1922.0, t_des: 4598.0, bed_util_ads: 0.171, bed_util_des: 0.138, frac_lost: 0.100, li_recovered:  2.326
L: 0.69, u_super: 0.00010, sec: 68.418, t_ads: 2214.0, t_des: 5560.0, bed_util_ads: 0.163, bed_util_des: 0.126, frac_lost: 0.100, li_recovered:  2.634
L: 0.60, u_super: 0.00010, sec: 67.632, t_ads: 1987.0, t_des: 6018.0, bed_util_ads: 0.158, bed_util_des: 0.120, frac_lost: 0.100, li_recovered:  2.745
L: 0.61, u_super: 0.00030, sec: 543.195, t_ads: 690.0, t_des: 3553.0, bed_util_ads: 0.164, bed_util_des: 0.141, frac_lost: 0.100, li_recovered:  1.655
L: 0.85, u_super: 0.00010, sec: 74.272, t_ads: 2614.0, t_des: 4988.0, bed_util_ads: 0.168, bed_util_des: 0.135, frac_lost: 0.100, li_recovered:  2.372
L: 0.61, u_super: 0.00010, sec: 94.436, t_ads: 1679.0, t_des: 2141.0, bed_util_ads: 0.209, bed_util_des: 0.196, frac_lost: 0.100, li_recovered:  0.938
L: 0.60, u_super: 0.00010, sec: 65.703, t_ads: 1868.0, t_des: 3783.0, bed_util_ads: 0.180, bed_util_des: 0.153, frac_lost: 0.100, li_recovered:  1.993
L: 0.60, u_super: 0.00010, sec: 69.423, t_ads: 2005.0, t_des: 6626.0, bed_util_ads: 0.154, bed_util_des: 0.114, frac_lost: 0.100, li_recovered:  2.883
L: 0.60, u_super: 0.00010, sec: 536.080, t_ads: 1503.0, t_des: 1048.0, bed_util_ads: 0.232, bed_util_des: 0.231, frac_lost: 0.100, li_recovered:  0.110
L: 0.63, u_super: 0.00010, sec: 65.731, t_ads: 1977.0, t_des: 4439.0, bed_util_ads: 0.173, bed_util_des: 0.141, frac_lost: 0.100, li_recovered:  2.262
L: 0.61, u_super: 0.00010, sec: 65.915, t_ads: 1966.0, t_des: 5290.0, bed_util_ads: 0.164, bed_util_des: 0.129, frac_lost: 0.100, li_recovered:  2.552
L: 0.61, u_super: 0.00010, sec: 66.981, t_ads: 1875.0, t_des: 3580.0, bed_util_ads: 0.183, bed_util_des: 0.157, frac_lost: 0.100, li_recovered:  1.888
L: 0.60, u_super: 0.00010, sec: 66.565, t_ads: 1836.0, t_des: 3510.0, bed_util_ads: 0.184, bed_util_des: 0.158, frac_lost: 0.100, li_recovered:  1.862
L: 0.60, u_super: 0.00010, sec: 65.090, t_ads: 1928.0, t_des: 4830.0, bed_util_ads: 0.169, bed_util_des: 0.135, frac_lost: 0.100, li_recovered:  2.406
L: 0.70, u_super: 0.00010, sec: 100.137, t_ads: 2471.0, t_des: 14376.0, bed_util_ads: 0.126, bed_util_des: 0.071, frac_lost: 0.100, li_recovered:  3.899
L: 0.60, u_super: 0.00010, sec: 65.004, t_ads: 1926.0, t_des: 4765.0, bed_util_ads: 0.169, bed_util_des: 0.136, frac_lost: 0.100, li_recovered:  2.386
L: 0.60, u_super: 0.00010, sec: 66.823, t_ads: 1830.0, t_des: 3459.0, bed_util_ads: 0.185, bed_util_des: 0.159, frac_lost: 0.100, li_recovered:  1.835
L: 0.62, u_super: 0.00010, sec: 69.730, t_ads: 1862.0, t_des: 3240.0, bed_util_ads: 0.188, bed_util_des: 0.165, frac_lost: 0.100, li_recovered:  1.696
L: 0.61, u_super: 0.00010, sec: 65.533, t_ads: 1906.0, t_des: 4026.0, bed_util_ads: 0.177, bed_util_des: 0.148, frac_lost: 0.100, li_recovered:  2.098
L: 0.61, u_super: 0.00019, sec: 193.338, t_ads: 1036.0, t_des: 2518.0, bed_util_ads: 0.197, bed_util_des: 0.176, frac_lost: 0.100, li_recovered:  1.484
L: 0.60, u_super: 0.00637, sec: 202709.828, t_ads: 35.0, t_des: 167.0, bed_util_ads: 0.227, bed_util_des: 0.225, frac_lost: 0.108, li_recovered:  0.102
L: 0.65, u_super: 0.00010, sec: 66.907, t_ads: 2089.0, t_des: 5153.0, bed_util_ads: 0.166, bed_util_des: 0.131, frac_lost: 0.100, li_recovered:  2.509
L: 0.60, u_super: 0.00010, sec: 64.984, t_ads: 1925.0, t_des: 4742.0, bed_util_ads: 0.169, bed_util_des: 0.136, frac_lost: 0.100, li_recovered:  2.378
L: 0.62, u_super: 0.00010, sec: 65.893, t_ads: 1990.0, t_des: 5101.0, bed_util_ads: 0.166, bed_util_des: 0.131, frac_lost: 0.100, li_recovered:  2.494
L: 0.60, u_super: 0.00010, sec: 65.491, t_ads: 1944.0, t_des: 5117.0, bed_util_ads: 0.166, bed_util_des: 0.131, frac_lost: 0.100, li_recovered:  2.499
L: 0.61, u_super: 0.00010, sec: 68.954, t_ads: 1834.0, t_des: 3238.0, bed_util_ads: 0.188, bed_util_des: 0.164, frac_lost: 0.100, li_recovered:  1.705
L: 0.66, u_super: 0.00010, sec: 66.957, t_ads: 2081.0, t_des: 4605.0, bed_util_ads: 0.171, bed_util_des: 0.139, frac_lost: 0.100, li_recovered:  2.314
L: 0.64, u_super: 0.00010, sec: 66.673, t_ads: 2010.0, t_des: 4219.0, bed_util_ads: 0.175, bed_util_des: 0.145, frac_lost: 0.100, li_recovered:  2.165
L: 0.60, u_super: 0.00010, sec: 65.024, t_ads: 1879.0, t_des: 4059.0, bed_util_ads: 0.177, bed_util_des: 0.147, frac_lost: 0.100, li_recovered:  2.117
L: 0.76, u_super: 0.00012, sec: 109.614, t_ads: 2249.0, t_des: 9534.0, bed_util_ads: 0.140, bed_util_des: 0.092, frac_lost: 0.100, li_recovered:  3.401
L: 0.65, u_super: 0.00630, sec: 349270.156, t_ads: 38.0, t_des: 538.0, bed_util_ads: 0.147, bed_util_des: 0.145, frac_lost: 0.104, li_recovered:  0.165
L: 0.68, u_super: 0.00010, sec: 144.693, t_ads: 1769.0, t_des: 1748.0, bed_util_ads: 0.214, bed_util_des: 0.206, frac_lost: 0.100, li_recovered:  0.563
L: 0.65, u_super: 0.00629, sec: 200079.734, t_ads: 37.0, t_des: 130.0, bed_util_ads: 0.249, bed_util_des: 0.248, frac_lost: 0.100, li_recovered:  0.083
L: 0.60, u_super: 0.00027, sec: 601.427, t_ads: 764.0, t_des: 6589.0, bed_util_ads: 0.133, bed_util_des: 0.104, frac_lost: 0.100, li_recovered:  2.118
L: 0.60, u_super: 0.00010, sec: 65.037, t_ads: 1878.0, t_des: 4045.0, bed_util_ads: 0.177, bed_util_des: 0.148, frac_lost: 0.100, li_recovered:  2.111
L: 0.60, u_super: 0.00010, sec: 65.061, t_ads: 1928.0, t_des: 4819.0, bed_util_ads: 0.169, bed_util_des: 0.135, frac_lost: 0.100, li_recovered:  2.403
L: 0.60, u_super: 0.00010, sec: 66.464, t_ads: 1966.0, t_des: 5606.0, bed_util_ads: 0.162, bed_util_des: 0.125, frac_lost: 0.100, li_recovered:  2.641
L: 0.60, u_super: 0.00010, sec: 68.889, t_ads: 1999.0, t_des: 6469.0, bed_util_ads: 0.155, bed_util_des: 0.115, frac_lost: 0.100, li_recovered:  2.849
    17 |      680 |  1.623460E+04 |  6.480293E+01
L: 0.60, u_super: 0.00010, sec: 64.984, t_ads: 1881.0, t_des: 4081.0, bed_util_ads: 0.177, bed_util_des: 0.147, frac_lost: 0.100, li_recovered:  2.126
L: 0.60, u_super: 0.00316, sec: 75008.453, t_ads: 68.0, t_des: 753.0, bed_util_ads: 0.156, bed_util_des: 0.152, frac_lost: 0.102, li_recovered:  0.264
L: 0.60, u_super: 0.00010, sec: 64.871, t_ads: 1914.0, t_des: 4596.0, bed_util_ads: 0.171, bed_util_des: 0.138, frac_lost: 0.100, li_recovered:  2.326
L: 0.68, u_super: 0.00011, sec: 78.621, t_ads: 2045.0, t_des: 5516.0, bed_util_ads: 0.163, bed_util_des: 0.126, frac_lost: 0.100, li_recovered:  2.620
L: 0.60, u_super: 0.00010, sec: 65.000, t_ads: 1921.0, t_des: 4646.0, bed_util_ads: 0.170, bed_util_des: 0.138, frac_lost: 0.100, li_recovered:  2.343
L: 0.61, u_super: 0.00030, sec: 612.573, t_ads: 698.0, t_des: 4586.0, bed_util_ads: 0.150, bed_util_des: 0.124, frac_lost: 0.100, li_recovered:  1.828
L: 0.60, u_super: 0.00010, sec: 65.090, t_ads: 1928.0, t_des: 4843.0, bed_util_ads: 0.168, bed_util_des: 0.135, frac_lost: 0.100, li_recovered:  2.411
L: 0.61, u_super: 0.00010, sec: 75.796, t_ads: 2070.0, t_des: 8394.0, bed_util_ads: 0.144, bed_util_des: 0.099, frac_lost: 0.100, li_recovered:  3.200
L: 0.60, u_super: 0.00010, sec: 65.568, t_ads: 1858.0, t_des: 3779.0, bed_util_ads: 0.180, bed_util_des: 0.153, frac_lost: 0.100, li_recovered:  1.993
L: 0.60, u_super: 0.00010, sec: 69.380, t_ads: 2006.0, t_des: 6628.0, bed_util_ads: 0.154, bed_util_des: 0.114, frac_lost: 0.100, li_recovered:  2.884
L: 0.65, u_super: 0.00010, sec: 7889.922, t_ads: 1578.0, t_des: 907.0, bed_util_ads: 0.231, bed_util_des: 0.231, frac_lost: 0.100, li_recovered:  0.007
L: 0.63, u_super: 0.00010, sec: 65.733, t_ads: 1990.0, t_des: 4636.0, bed_util_ads: 0.171, bed_util_des: 0.138, frac_lost: 0.100, li_recovered:  2.336
L: 0.60, u_super: 0.00010, sec: 65.792, t_ads: 1952.0, t_des: 5286.0, bed_util_ads: 0.164, bed_util_des: 0.129, frac_lost: 0.100, li_recovered:  2.550
L: 0.60, u_super: 0.00010, sec: 66.285, t_ads: 1840.0, t_des: 3571.0, bed_util_ads: 0.183, bed_util_des: 0.157, frac_lost: 0.100, li_recovered:  1.892
L: 0.60, u_super: 0.00010, sec: 64.804, t_ads: 1903.0, t_des: 4409.0, bed_util_ads: 0.173, bed_util_des: 0.141, frac_lost: 0.100, li_recovered:  2.258
L: 0.60, u_super: 0.00010, sec: 65.409, t_ads: 1863.0, t_des: 3838.0, bed_util_ads: 0.180, bed_util_des: 0.151, frac_lost: 0.100, li_recovered:  2.020
L: 0.70, u_super: 0.00010, sec: 147.261, t_ads: 1805.0, t_des: 1763.0, bed_util_ads: 0.213, bed_util_des: 0.205, frac_lost: 0.100, li_recovered:  0.562
L: 0.61, u_super: 0.00010, sec: 65.203, t_ads: 1943.0, t_des: 4769.0, bed_util_ads: 0.169, bed_util_des: 0.136, frac_lost: 0.100, li_recovered:  2.386
L: 0.61, u_super: 0.00010, sec: 67.432, t_ads: 1859.0, t_des: 3466.0, bed_util_ads: 0.185, bed_util_des: 0.159, frac_lost: 0.100, li_recovered:  1.830
L: 0.60, u_super: 0.00010, sec: 68.365, t_ads: 1809.0, t_des: 3228.0, bed_util_ads: 0.188, bed_util_des: 0.165, frac_lost: 0.100, li_recovered:  1.708
L: 0.61, u_super: 0.00010, sec: 87.844, t_ads: 2141.0, t_des: 11290.0, bed_util_ads: 0.132, bed_util_des: 0.083, frac_lost: 0.100, li_recovered:  3.544
L: 0.60, u_super: 0.00010, sec: 65.321, t_ads: 1867.0, t_des: 3879.0, bed_util_ads: 0.179, bed_util_des: 0.151, frac_lost: 0.100, li_recovered:  2.039
L: 0.60, u_super: 0.00010, sec: 266.065, t_ads: 1530.0, t_des: 1238.0, bed_util_ads: 0.229, bed_util_des: 0.225, frac_lost: 0.100, li_recovered:  0.241
L: 0.65, u_super: 0.00010, sec: 66.906, t_ads: 2089.0, t_des: 5153.0, bed_util_ads: 0.166, bed_util_des: 0.131, frac_lost: 0.100, li_recovered:  2.509
L: 0.60, u_super: 0.00010, sec: 64.989, t_ads: 1925.0, t_des: 4742.0, bed_util_ads: 0.169, bed_util_des: 0.136, frac_lost: 0.100, li_recovered:  2.378
L: 0.60, u_super: 0.00320, sec: 96836.375, t_ads: 67.0, t_des: 1055.0, bed_util_ads: 0.135, bed_util_des: 0.131, frac_lost: 0.102, li_recovered:  0.287
L: 0.60, u_super: 0.00010, sec: 65.473, t_ads: 1943.0, t_des: 5117.0, bed_util_ads: 0.166, bed_util_des: 0.131, frac_lost: 0.100, li_recovered:  2.499
L: 0.61, u_super: 0.00010, sec: 65.165, t_ads: 1940.0, t_des: 4546.0, bed_util_ads: 0.172, bed_util_des: 0.139, frac_lost: 0.100, li_recovered:  2.307
L: 0.66, u_super: 0.00010, sec: 66.964, t_ads: 2081.0, t_des: 4605.0, bed_util_ads: 0.171, bed_util_des: 0.139, frac_lost: 0.100, li_recovered:  2.314
L: 0.61, u_super: 0.00010, sec: 65.053, t_ads: 1902.0, t_des: 4194.0, bed_util_ads: 0.175, bed_util_des: 0.145, frac_lost: 0.100, li_recovered:  2.172
L: 0.60, u_super: 0.00010, sec: 64.999, t_ads: 1880.0, t_des: 4061.0, bed_util_ads: 0.177, bed_util_des: 0.147, frac_lost: 0.100, li_recovered:  2.118
L: 0.60, u_super: 0.00012, sec: 84.294, t_ads: 1636.0, t_des: 3928.0, bed_util_ads: 0.178, bed_util_des: 0.148, frac_lost: 0.100, li_recovered:  2.088
L: 0.60, u_super: 0.00630, sec: 429361.719, t_ads: 35.0, t_des: 669.0, bed_util_ads: 0.131, bed_util_des: 0.128, frac_lost: 0.104, li_recovered:  0.164
L: 0.61, u_super: 0.00010, sec: 65.396, t_ads: 1925.0, t_des: 4205.0, bed_util_ads: 0.175, bed_util_des: 0.145, frac_lost: 0.100, li_recovered:  2.172
L: 0.60, u_super: 0.00010, sec: inf, t_ads: 1420.0, t_des: 0.0, bed_util_ads: 0.244, bed_util_des: 0.244, frac_lost: 0.100, li_recovered:  0.000
L: 0.60, u_super: 0.00027, sec: 406.809, t_ads: 701.0, t_des: 1533.0, bed_util_ads: 0.222, bed_util_des: 0.208, frac_lost: 0.100, li_recovered:  0.952
L: 0.62, u_super: 0.00010, sec: 65.883, t_ads: 1934.0, t_des: 4060.0, bed_util_ads: 0.177, bed_util_des: 0.148, frac_lost: 0.100, li_recovered:  2.109
L: 0.60, u_super: 0.00010, sec: 65.488, t_ads: 1943.0, t_des: 5125.0, bed_util_ads: 0.166, bed_util_des: 0.131, frac_lost: 0.100, li_recovered:  2.501
L: 0.60, u_super: 0.00010, sec: 65.459, t_ads: 1861.0, t_des: 3814.0, bed_util_ads: 0.180, bed_util_des: 0.152, frac_lost: 0.100, li_recovered:  2.009
L: 0.60, u_super: 0.00010, sec: 65.021, t_ads: 1925.0, t_des: 4788.0, bed_util_ads: 0.169, bed_util_des: 0.135, frac_lost: 0.100, li_recovered:  2.393
    18 |      720 |  1.117250E+04 |  6.480293E+01
L: 0.60, u_super: 0.00010, sec: 64.989, t_ads: 1881.0, t_des: 4081.0, bed_util_ads: 0.177, bed_util_des: 0.147, frac_lost: 0.100, li_recovered:  2.127
L: 0.60, u_super: 0.00316, sec: 82040.812, t_ads: 68.0, t_des: 867.0, bed_util_ads: 0.147, bed_util_des: 0.143, frac_lost: 0.102, li_recovered:  0.275
L: 0.62, u_super: 0.00010, sec: 65.445, t_ads: 1965.0, t_des: 4611.0, bed_util_ads: 0.171, bed_util_des: 0.138, frac_lost: 0.100, li_recovered:  2.329
L: 0.60, u_super: 0.00010, sec: 64.967, t_ads: 1922.0, t_des: 4591.0, bed_util_ads: 0.171, bed_util_des: 0.138, frac_lost: 0.100, li_recovered:  2.324
L: 0.60, u_super: 0.00010, sec: 80.219, t_ads: 1724.0, t_des: 2505.0, bed_util_ads: 0.202, bed_util_des: 0.185, frac_lost: 0.100, li_recovered:  1.223
L: 0.60, u_super: 0.00030, sec: 544.251, t_ads: 676.0, t_des: 3529.0, bed_util_ads: 0.164, bed_util_des: 0.141, frac_lost: 0.100, li_recovered:  1.637
L: 0.60, u_super: 0.00010, sec: 217.338, t_ads: 1544.0, t_des: 1331.0, bed_util_ads: 0.227, bed_util_des: 0.223, frac_lost: 0.100, li_recovered:  0.307
L: 0.61, u_super: 0.00011, sec: 74.734, t_ads: 1748.0, t_des: 3798.0, bed_util_ads: 0.180, bed_util_des: 0.152, frac_lost: 0.100, li_recovered:  2.022
L: 0.61, u_super: 0.00010, sec: 65.865, t_ads: 1876.0, t_des: 3784.0, bed_util_ads: 0.180, bed_util_des: 0.153, frac_lost: 0.100, li_recovered:  1.992
L: 0.60, u_super: 0.00010, sec: 69.398, t_ads: 2006.0, t_des: 6626.0, bed_util_ads: 0.154, bed_util_des: 0.114, frac_lost: 0.100, li_recovered:  2.883
L: 0.60, u_super: 0.00010, sec: 64.867, t_ads: 1916.0, t_des: 4610.0, bed_util_ads: 0.171, bed_util_des: 0.138, frac_lost: 0.100, li_recovered:  2.332
L: 0.60, u_super: 0.00010, sec: 64.822, t_ads: 1904.0, t_des: 4418.0, bed_util_ads: 0.173, bed_util_des: 0.141, frac_lost: 0.100, li_recovered:  2.260
L: 0.60, u_super: 0.00163, sec: 23455.188, t_ads: 130.0, t_des: 1806.0, bed_util_ads: 0.136, bed_util_des: 0.129, frac_lost: 0.101, li_recovered:  0.518
L: 0.61, u_super: 0.00010, sec: 66.994, t_ads: 1875.0, t_des: 3579.0, bed_util_ads: 0.183, bed_util_des: 0.157, frac_lost: 0.100, li_recovered:  1.887
L: 0.60, u_super: 0.00010, sec: 65.017, t_ads: 1924.0, t_des: 4754.0, bed_util_ads: 0.169, bed_util_des: 0.136, frac_lost: 0.100, li_recovered:  2.381
L: 0.60, u_super: 0.00010, sec: 64.845, t_ads: 1913.0, t_des: 4563.0, bed_util_ads: 0.171, bed_util_des: 0.139, frac_lost: 0.100, li_recovered:  2.315
L: 0.70, u_super: 0.00010, sec: 100.141, t_ads: 2471.0, t_des: 14376.0, bed_util_ads: 0.126, bed_util_des: 0.071, frac_lost: 0.100, li_recovered:  3.900
L: 0.63, u_super: 0.00010, sec: 65.959, t_ads: 2011.0, t_des: 4787.0, bed_util_ads: 0.169, bed_util_des: 0.136, frac_lost: 0.100, li_recovered:  2.389
L: 0.60, u_super: 0.00320, sec: 72257.195, t_ads: 67.0, t_des: 671.0, bed_util_ads: 0.163, bed_util_des: 0.159, frac_lost: 0.103, li_recovered:  0.254
L: 0.60, u_super: 0.00010, sec: 130.490, t_ads: 1599.0, t_des: 1687.0, bed_util_ads: 0.219, bed_util_des: 0.211, frac_lost: 0.100, li_recovered:  0.584
L: 0.60, u_super: 0.00010, sec: 65.014, t_ads: 1881.0, t_des: 4075.0, bed_util_ads: 0.177, bed_util_des: 0.147, frac_lost: 0.100, li_recovered:  2.124
L: 0.60, u_super: 0.00010, sec: 65.356, t_ads: 1866.0, t_des: 3878.0, bed_util_ads: 0.179, bed_util_des: 0.151, frac_lost: 0.100, li_recovered:  2.038
L: 0.60, u_super: 0.00010, sec: 266.734, t_ads: 1530.0, t_des: 1237.0, bed_util_ads: 0.229, bed_util_des: 0.225, frac_lost: 0.100, li_recovered:  0.240
L: 0.64, u_super: 0.00010, sec: 66.688, t_ads: 2068.0, t_des: 5148.0, bed_util_ads: 0.166, bed_util_des: 0.131, frac_lost: 0.100, li_recovered:  2.508
L: 0.60, u_super: 0.00010, sec: 64.980, t_ads: 1923.0, t_des: 4740.0, bed_util_ads: 0.169, bed_util_des: 0.136, frac_lost: 0.100, li_recovered:  2.376
L: 0.60, u_super: 0.00010, sec: 65.438, t_ads: 1942.0, t_des: 5088.0, bed_util_ads: 0.166, bed_util_des: 0.131, frac_lost: 0.100, li_recovered:  2.490
L: 0.60, u_super: 0.00010, sec: 65.465, t_ads: 1943.0, t_des: 5118.0, bed_util_ads: 0.166, bed_util_des: 0.131, frac_lost: 0.100, li_recovered:  2.500
L: 0.60, u_super: 0.00010, sec: 64.842, t_ads: 1911.0, t_des: 4537.0, bed_util_ads: 0.172, bed_util_des: 0.139, frac_lost: 0.100, li_recovered:  2.305
L: 0.66, u_super: 0.00010, sec: 66.963, t_ads: 2081.0, t_des: 4605.0, bed_util_ads: 0.171, bed_util_des: 0.139, frac_lost: 0.100, li_recovered:  2.314
L: 0.61, u_super: 0.00010, sec: 64.963, t_ads: 1922.0, t_des: 4492.0, bed_util_ads: 0.172, bed_util_des: 0.140, frac_lost: 0.100, li_recovered:  2.288
L: 0.60, u_super: 0.00010, sec: 64.982, t_ads: 1880.0, t_des: 4062.0, bed_util_ads: 0.177, bed_util_des: 0.147, frac_lost: 0.100, li_recovered:  2.119
L: 0.60, u_super: 0.00010, sec: inf, t_ads: 1426.0, t_des: 0.0, bed_util_ads: 0.243, bed_util_des: 0.243, frac_lost: 0.100, li_recovered:  0.000
L: 0.65, u_super: 0.00630, sec: 383166.219, t_ads: 38.0, t_des: 616.0, bed_util_ads: 0.139, bed_util_des: 0.137, frac_lost: 0.104, li_recovered:  0.171
L: 0.60, u_super: 0.00010, sec: 65.019, t_ads: 1929.0, t_des: 4715.0, bed_util_ads: 0.170, bed_util_des: 0.137, frac_lost: 0.100, li_recovered:  2.368
L: 0.60, u_super: 0.00629, sec: 401014.969, t_ads: 35.0, t_des: 611.0, bed_util_ads: 0.136, bed_util_des: 0.133, frac_lost: 0.104, li_recovered:  0.161
L: 0.60, u_super: 0.00010, sec: 121.438, t_ads: 1611.0, t_des: 1764.0, bed_util_ads: 0.218, bed_util_des: 0.209, frac_lost: 0.100, li_recovered:  0.644
L: 0.60, u_super: 0.00320, sec: 80625.391, t_ads: 67.0, t_des: 803.0, bed_util_ads: 0.151, bed_util_des: 0.148, frac_lost: 0.102, li_recovered:  0.267
L: 0.60, u_super: 0.00010, sec: 65.021, t_ads: 1877.0, t_des: 4034.0, bed_util_ads: 0.177, bed_util_des: 0.148, frac_lost: 0.100, li_recovered:  2.107
L: 0.60, u_super: 0.00010, sec: 77.033, t_ads: 1737.0, t_des: 2621.0, bed_util_ads: 0.199, bed_util_des: 0.181, frac_lost: 0.100, li_recovered:  1.311
L: 0.60, u_super: 0.00010, sec: 65.018, t_ads: 1925.0, t_des: 4788.0, bed_util_ads: 0.169, bed_util_des: 0.135, frac_lost: 0.100, li_recovered:  2.393
    19 |      760 |  1.115344E+04 |  6.480293E+01
L: 0.62, u_super: 0.00010, sec: 65.809, t_ads: 1937.0, t_des: 4096.0, bed_util_ads: 0.177, bed_util_des: 0.147, frac_lost: 0.100, li_recovered:  2.125
L: 0.60, u_super: 0.00451, sec: 102646.938, t_ads: 48.0, t_des: 217.0, bed_util_ads: 0.225, bed_util_des: 0.223, frac_lost: 0.103, li_recovered:  0.129
L: 0.63, u_super: 0.00010, sec: 66.916, t_ads: 2044.0, t_des: 5538.0, bed_util_ads: 0.162, bed_util_des: 0.126, frac_lost: 0.100, li_recovered:  2.626
L: 0.60, u_super: 0.00010, sec: 89.919, t_ads: 2119.0, t_des: 11738.0, bed_util_ads: 0.131, bed_util_des: 0.081, frac_lost: 0.100, li_recovered:  3.572
L: 0.85, u_super: 0.00010, sec: 74.630, t_ads: 2583.0, t_des: 4784.0, bed_util_ads: 0.170, bed_util_des: 0.138, frac_lost: 0.100, li_recovered:  2.290
L: 0.60, u_super: 0.00030, sec: 544.261, t_ads: 676.0, t_des: 3529.0, bed_util_ads: 0.164, bed_util_des: 0.141, frac_lost: 0.100, li_recovered:  1.637
L: 0.60, u_super: 0.00010, sec: 65.150, t_ads: 1933.0, t_des: 4844.0, bed_util_ads: 0.168, bed_util_des: 0.135, frac_lost: 0.100, li_recovered:  2.411
L: 0.61, u_super: 0.00010, sec: 65.107, t_ads: 1899.0, t_des: 4144.0, bed_util_ads: 0.176, bed_util_des: 0.146, frac_lost: 0.100, li_recovered:  2.151
L: 0.60, u_super: 0.00010, sec: 65.044, t_ads: 1928.0, t_des: 4819.0, bed_util_ads: 0.169, bed_util_des: 0.135, frac_lost: 0.100, li_recovered:  2.404
L: 0.60, u_super: 0.00010, sec: 64.841, t_ads: 1912.0, t_des: 4545.0, bed_util_ads: 0.171, bed_util_des: 0.139, frac_lost: 0.100, li_recovered:  2.308
L: 0.60, u_super: 0.00010, sec: 64.870, t_ads: 1916.0, t_des: 4610.0, bed_util_ads: 0.171, bed_util_des: 0.138, frac_lost: 0.100, li_recovered:  2.332
L: 0.60, u_super: 0.00010, sec: 64.807, t_ads: 1904.0, t_des: 4419.0, bed_util_ads: 0.173, bed_util_des: 0.141, frac_lost: 0.100, li_recovered:  2.261
L: 0.60, u_super: 0.00010, sec: 65.795, t_ads: 1952.0, t_des: 5286.0, bed_util_ads: 0.164, bed_util_des: 0.129, frac_lost: 0.100, li_recovered:  2.550
L: 0.60, u_super: 0.00010, sec: 66.273, t_ads: 1840.0, t_des: 3572.0, bed_util_ads: 0.183, bed_util_des: 0.157, frac_lost: 0.100, li_recovered:  1.893
L: 0.60, u_super: 0.00010, sec: 64.802, t_ads: 1904.0, t_des: 4410.0, bed_util_ads: 0.173, bed_util_des: 0.141, frac_lost: 0.100, li_recovered:  2.258
L: 0.60, u_super: 0.00010, sec: 64.850, t_ads: 1913.0, t_des: 4563.0, bed_util_ads: 0.171, bed_util_des: 0.139, frac_lost: 0.100, li_recovered:  2.315
L: 0.70, u_super: 0.00010, sec: 147.130, t_ads: 2541.0, t_des: 24961.0, bed_util_ads: 0.109, bed_util_des: 0.048, frac_lost: 0.100, li_recovered:  4.332
L: 0.60, u_super: 0.00010, sec: 66.050, t_ads: 1847.0, t_des: 3635.0, bed_util_ads: 0.182, bed_util_des: 0.156, frac_lost: 0.100, li_recovered:  1.924
L: 0.60, u_super: 0.00010, sec: 65.037, t_ads: 1927.0, t_des: 4808.0, bed_util_ads: 0.169, bed_util_des: 0.135, frac_lost: 0.100, li_recovered:  2.400
L: 0.60, u_super: 0.00010, sec: 75.979, t_ads: 2056.0, t_des: 8439.0, bed_util_ads: 0.144, bed_util_des: 0.099, frac_lost: 0.100, li_recovered:  3.202
L: 0.60, u_super: 0.00010, sec: 65.012, t_ads: 1881.0, t_des: 4075.0, bed_util_ads: 0.177, bed_util_des: 0.147, frac_lost: 0.100, li_recovered:  2.124
L: 0.60, u_super: 0.00010, sec: 64.899, t_ads: 1889.0, t_des: 4185.0, bed_util_ads: 0.175, bed_util_des: 0.145, frac_lost: 0.100, li_recovered:  2.169
L: 0.60, u_super: 0.00010, sec: 271.102, t_ads: 1532.0, t_des: 1232.0, bed_util_ads: 0.229, bed_util_des: 0.225, frac_lost: 0.100, li_recovered:  0.236
L: 0.63, u_super: 0.00010, sec: 66.311, t_ads: 2031.0, t_des: 5139.0, bed_util_ads: 0.166, bed_util_des: 0.131, frac_lost: 0.100, li_recovered:  2.506
L: 0.60, u_super: 0.00010, sec: 64.886, t_ads: 1915.0, t_des: 4608.0, bed_util_ads: 0.171, bed_util_des: 0.138, frac_lost: 0.100, li_recovered:  2.330
L: 0.60, u_super: 0.00010, sec: 65.423, t_ads: 1942.0, t_des: 5088.0, bed_util_ads: 0.166, bed_util_des: 0.131, frac_lost: 0.100, li_recovered:  2.490
L: 0.60, u_super: 0.00010, sec: 76.084, t_ads: 2054.0, t_des: 8459.0, bed_util_ads: 0.143, bed_util_des: 0.099, frac_lost: 0.100, li_recovered:  3.203
L: 0.60, u_super: 0.00010, sec: 64.840, t_ads: 1911.0, t_des: 4537.0, bed_util_ads: 0.172, bed_util_des: 0.139, frac_lost: 0.100, li_recovered:  2.305
L: 0.66, u_super: 0.00320, sec: 88271.727, t_ads: 73.0, t_des: 981.0, bed_util_ads: 0.143, bed_util_des: 0.139, frac_lost: 0.100, li_recovered:  0.295
L: 0.61, u_super: 0.00010, sec: 65.220, t_ads: 1891.0, t_des: 4041.0, bed_util_ads: 0.177, bed_util_des: 0.148, frac_lost: 0.100, li_recovered:  2.108
L: 0.60, u_super: 0.00010, sec: 65.023, t_ads: 1880.0, t_des: 4060.0, bed_util_ads: 0.177, bed_util_des: 0.147, frac_lost: 0.100, li_recovered:  2.117
L: 0.60, u_super: 0.00163, sec: 19100.199, t_ads: 129.0, t_des: 1292.0, bed_util_ads: 0.155, bed_util_des: 0.148, frac_lost: 0.100, li_recovered:  0.467
L: 0.65, u_super: 0.00010, sec: inf, t_ads: 1372.0, t_des: 0.0, bed_util_ads: 0.257, bed_util_des: 0.257, frac_lost: 0.100, li_recovered:  0.000
L: 0.60, u_super: 0.00010, sec: 65.024, t_ads: 1929.0, t_des: 4715.0, bed_util_ads: 0.170, bed_util_des: 0.137, frac_lost: 0.100, li_recovered:  2.368
L: 0.60, u_super: 0.00629, sec: 340302.219, t_ads: 35.0, t_des: 479.0, bed_util_ads: 0.150, bed_util_des: 0.148, frac_lost: 0.104, li_recovered:  0.151
L: 0.60, u_super: 0.00010, sec: 65.782, t_ads: 1852.0, t_des: 3702.0, bed_util_ads: 0.182, bed_util_des: 0.154, frac_lost: 0.100, li_recovered:  1.957
L: 0.60, u_super: 0.00010, sec: 66.025, t_ads: 1957.0, t_des: 5402.0, bed_util_ads: 0.163, bed_util_des: 0.127, frac_lost: 0.100, li_recovered:  2.584
L: 0.60, u_super: 0.00010, sec: 64.847, t_ads: 1914.0, t_des: 4594.0, bed_util_ads: 0.171, bed_util_des: 0.138, frac_lost: 0.100, li_recovered:  2.326
L: 0.60, u_super: 0.00010, sec: 67.587, t_ads: 1984.0, t_des: 6033.0, bed_util_ads: 0.158, bed_util_des: 0.120, frac_lost: 0.100, li_recovered:  2.749
L: 0.60, u_super: 0.00010, sec: 64.835, t_ads: 1893.0, t_des: 4269.0, bed_util_ads: 0.174, bed_util_des: 0.144, frac_lost: 0.100, li_recovered:  2.203
    20 |      800 |  1.115183E+04 |  6.480212E+01
L: 0.60, u_super: 0.00010, sec: 64.960, t_ads: 1881.0, t_des: 4082.0, bed_util_ads: 0.177, bed_util_des: 0.147, frac_lost: 0.100, li_recovered:  2.128
L: 0.60, u_super: 0.00316, sec: 84792.180, t_ads: 68.0, t_des: 911.0, bed_util_ads: 0.144, bed_util_des: 0.140, frac_lost: 0.102, li_recovered:  0.278
L: 0.60, u_super: 0.00010, sec: 64.892, t_ads: 1915.0, t_des: 4596.0, bed_util_ads: 0.171, bed_util_des: 0.138, frac_lost: 0.100, li_recovered:  2.326
L: 0.60, u_super: 0.00010, sec: 64.969, t_ads: 1922.0, t_des: 4590.0, bed_util_ads: 0.171, bed_util_des: 0.138, frac_lost: 0.100, li_recovered:  2.323
L: 0.60, u_super: 0.00010, sec: 65.294, t_ads: 1938.0, t_des: 4941.0, bed_util_ads: 0.167, bed_util_des: 0.133, frac_lost: 0.100, li_recovered:  2.444
L: 0.61, u_super: 0.00163, sec: 20407.744, t_ads: 132.0, t_des: 1477.0, bed_util_ads: 0.148, bed_util_des: 0.141, frac_lost: 0.101, li_recovered:  0.495
L: 0.60, u_super: 0.00010, sec: 65.091, t_ads: 1928.0, t_des: 4843.0, bed_util_ads: 0.168, bed_util_des: 0.135, frac_lost: 0.100, li_recovered:  2.411
L: 0.60, u_super: 0.00010, sec: 64.933, t_ads: 1888.0, t_des: 4142.0, bed_util_ads: 0.176, bed_util_des: 0.146, frac_lost: 0.100, li_recovered:  2.152
L: 0.60, u_super: 0.00010, sec: 65.043, t_ads: 1928.0, t_des: 4819.0, bed_util_ads: 0.169, bed_util_des: 0.135, frac_lost: 0.100, li_recovered:  2.404
L: 0.60, u_super: 0.00010, sec: 64.919, t_ads: 1919.0, t_des: 4664.0, bed_util_ads: 0.170, bed_util_des: 0.137, frac_lost: 0.100, li_recovered:  2.350
L: 0.60, u_super: 0.00010, sec: 64.884, t_ads: 1916.0, t_des: 4609.0, bed_util_ads: 0.171, bed_util_des: 0.138, frac_lost: 0.100, li_recovered:  2.331
L: 0.60, u_super: 0.00010, sec: 65.091, t_ads: 1929.0, t_des: 4846.0, bed_util_ads: 0.168, bed_util_des: 0.135, frac_lost: 0.100, li_recovered:  2.412
L: 0.60, u_super: 0.00010, sec: 65.782, t_ads: 1951.0, t_des: 5286.0, bed_util_ads: 0.164, bed_util_des: 0.129, frac_lost: 0.100, li_recovered:  2.550
L: 0.60, u_super: 0.00010, sec: 66.295, t_ads: 1841.0, t_des: 3572.0, bed_util_ads: 0.183, bed_util_des: 0.157, frac_lost: 0.100, li_recovered:  1.893
L: 0.60, u_super: 0.00010, sec: 64.801, t_ads: 1904.0, t_des: 4410.0, bed_util_ads: 0.173, bed_util_des: 0.141, frac_lost: 0.100, li_recovered:  2.258
L: 0.60, u_super: 0.00010, sec: 64.795, t_ads: 1900.0, t_des: 4362.0, bed_util_ads: 0.173, bed_util_des: 0.142, frac_lost: 0.100, li_recovered:  2.240
L: 0.70, u_super: 0.00010, sec: 68.193, t_ads: 2207.0, t_des: 5032.0, bed_util_ads: 0.167, bed_util_des: 0.133, frac_lost: 0.100, li_recovered:  2.460
L: 0.60, u_super: 0.00010, sec: 65.021, t_ads: 1925.0, t_des: 4763.0, bed_util_ads: 0.169, bed_util_des: 0.136, frac_lost: 0.100, li_recovered:  2.384
L: 0.60, u_super: 0.00010, sec: 64.788, t_ads: 1902.0, t_des: 4387.0, bed_util_ads: 0.173, bed_util_des: 0.142, frac_lost: 0.100, li_recovered:  2.250
L: 0.60, u_super: 0.00010, sec: 64.892, t_ads: 1915.0, t_des: 4592.0, bed_util_ads: 0.171, bed_util_des: 0.138, frac_lost: 0.100, li_recovered:  2.324
L: 0.60, u_super: 0.00010, sec: 64.997, t_ads: 1880.0, t_des: 4075.0, bed_util_ads: 0.177, bed_util_des: 0.147, frac_lost: 0.100, li_recovered:  2.124
L: 0.60, u_super: 0.00010, sec: 64.865, t_ads: 1888.0, t_des: 4186.0, bed_util_ads: 0.175, bed_util_des: 0.145, frac_lost: 0.100, li_recovered:  2.170
L: 0.60, u_super: 0.00020, sec: 287.907, t_ads: 910.0, t_des: 1390.0, bed_util_ads: 0.236, bed_util_des: 0.225, frac_lost: 0.100, li_recovered:  0.724
L: 0.63, u_super: 0.00010, sec: 75.177, t_ads: 1839.0, t_des: 2871.0, bed_util_ads: 0.194, bed_util_des: 0.174, frac_lost: 0.100, li_recovered:  1.452
L: 0.60, u_super: 0.00010, sec: 64.955, t_ads: 1882.0, t_des: 4094.0, bed_util_ads: 0.177, bed_util_des: 0.147, frac_lost: 0.100, li_recovered:  2.132
L: 0.60, u_super: 0.00010, sec: 65.440, t_ads: 1941.0, t_des: 5086.0, bed_util_ads: 0.166, bed_util_des: 0.131, frac_lost: 0.100, li_recovered:  2.489
L: 0.60, u_super: 0.00010, sec: 102.287, t_ads: 1645.0, t_des: 1993.0, bed_util_ads: 0.213, bed_util_des: 0.201, frac_lost: 0.100, li_recovered:  0.824
L: 0.60, u_super: 0.00010, sec: 64.799, t_ads: 1900.0, t_des: 4358.0, bed_util_ads: 0.173, bed_util_des: 0.142, frac_lost: 0.100, li_recovered:  2.238
L: 0.66, u_super: 0.00010, sec: 66.963, t_ads: 2081.0, t_des: 4605.0, bed_util_ads: 0.171, bed_util_des: 0.139, frac_lost: 0.100, li_recovered:  2.314
L: 0.62, u_super: 0.00010, sec: 65.354, t_ads: 1951.0, t_des: 4498.0, bed_util_ads: 0.172, bed_util_des: 0.140, frac_lost: 0.100, li_recovered:  2.287
L: 0.60, u_super: 0.00010, sec: 65.025, t_ads: 1880.0, t_des: 4060.0, bed_util_ads: 0.177, bed_util_des: 0.147, frac_lost: 0.100, li_recovered:  2.117
L: 0.60, u_super: 0.00012, sec: 84.363, t_ads: 1628.0, t_des: 3802.0, bed_util_ads: 0.179, bed_util_des: 0.151, frac_lost: 0.100, li_recovered:  2.036
L: 0.65, u_super: 0.00010, sec: inf, t_ads: 1372.0, t_des: 0.0, bed_util_ads: 0.257, bed_util_des: 0.257, frac_lost: 0.100, li_recovered:  0.000
L: 0.63, u_super: 0.00010, sec: 65.911, t_ads: 2008.0, t_des: 4736.0, bed_util_ads: 0.170, bed_util_des: 0.137, frac_lost: 0.100, li_recovered:  2.371
L: 0.60, u_super: 0.00629, sec: 194016.469, t_ads: 35.0, t_des: 127.0, bed_util_ads: 0.249, bed_util_des: 0.248, frac_lost: 0.105, li_recovered:  0.083
L: 0.60, u_super: 0.00010, sec: 65.833, t_ads: 1852.0, t_des: 3700.0, bed_util_ads: 0.182, bed_util_des: 0.154, frac_lost: 0.100, li_recovered:  1.955
L: 0.60, u_super: 0.00010, sec: 64.798, t_ads: 1899.0, t_des: 4343.0, bed_util_ads: 0.174, bed_util_des: 0.142, frac_lost: 0.100, li_recovered:  2.233
L: 0.60, u_super: 0.00010, sec: 64.974, t_ads: 1923.0, t_des: 4748.0, bed_util_ads: 0.169, bed_util_des: 0.136, frac_lost: 0.100, li_recovered:  2.380
L: 0.60, u_super: 0.00010, sec: 64.974, t_ads: 1924.0, t_des: 4750.0, bed_util_ads: 0.169, bed_util_des: 0.136, frac_lost: 0.100, li_recovered:  2.381
L: 0.60, u_super: 0.00010, sec: 65.584, t_ads: 1856.0, t_des: 3759.0, bed_util_ads: 0.181, bed_util_des: 0.153, frac_lost: 0.100, li_recovered:  1.984
    21 |      840 |  1.115091E+04 |  6.478828E+01
L: 0.60, u_super: 0.00010, sec: 64.955, t_ads: 1881.0, t_des: 4082.0, bed_util_ads: 0.177, bed_util_des: 0.147, frac_lost: 0.100, li_recovered:  2.128
L: 0.60, u_super: 0.00316, sec: 50192.383, t_ads: 67.0, t_des: 281.0, bed_util_ads: 0.226, bed_util_des: 0.223, frac_lost: 0.100, li_recovered:  0.167
L: 0.60, u_super: 0.00010, sec: 64.857, t_ads: 1915.0, t_des: 4598.0, bed_util_ads: 0.171, bed_util_des: 0.138, frac_lost: 0.100, li_recovered:  2.328
L: 0.60, u_super: 0.00010, sec: 64.962, t_ads: 1922.0, t_des: 4591.0, bed_util_ads: 0.171, bed_util_des: 0.138, frac_lost: 0.100, li_recovered:  2.324
L: 0.60, u_super: 0.00010, sec: 64.946, t_ads: 1922.0, t_des: 4647.0, bed_util_ads: 0.170, bed_util_des: 0.138, frac_lost: 0.100, li_recovered:  2.344
L: 0.63, u_super: 0.00010, sec: 65.871, t_ads: 1988.0, t_des: 4440.0, bed_util_ads: 0.173, bed_util_des: 0.141, frac_lost: 0.100, li_recovered:  2.262
L: 0.60, u_super: 0.00010, sec: 64.882, t_ads: 1887.0, t_des: 4180.0, bed_util_ads: 0.175, bed_util_des: 0.145, frac_lost: 0.100, li_recovered:  2.167
L: 0.60, u_super: 0.00010, sec: 64.977, t_ads: 1887.0, t_des: 4140.0, bed_util_ads: 0.176, bed_util_des: 0.146, frac_lost: 0.100, li_recovered:  2.151
L: 0.60, u_super: 0.00010, sec: 65.058, t_ads: 1928.0, t_des: 4818.0, bed_util_ads: 0.169, bed_util_des: 0.135, frac_lost: 0.100, li_recovered:  2.403
L: 0.60, u_super: 0.00010, sec: 64.842, t_ads: 1911.0, t_des: 4544.0, bed_util_ads: 0.171, bed_util_des: 0.139, frac_lost: 0.100, li_recovered:  2.307
L: 0.60, u_super: 0.00010, sec: 76.782, t_ads: 2059.0, t_des: 8637.0, bed_util_ads: 0.143, bed_util_des: 0.097, frac_lost: 0.100, li_recovered:  3.229
L: 0.60, u_super: 0.00020, sec: 236.178, t_ads: 1000.0, t_des: 3951.0, bed_util_ads: 0.169, bed_util_des: 0.141, frac_lost: 0.100, li_recovered:  1.965
L: 0.60, u_super: 0.00010, sec: 64.847, t_ads: 1893.0, t_des: 4260.0, bed_util_ads: 0.175, bed_util_des: 0.144, frac_lost: 0.100, li_recovered:  2.199
L: 0.60, u_super: 0.00010, sec: 66.294, t_ads: 1840.0, t_des: 3571.0, bed_util_ads: 0.183, bed_util_des: 0.157, frac_lost: 0.100, li_recovered:  1.892
L: 0.60, u_super: 0.00010, sec: 64.817, t_ads: 1903.0, t_des: 4408.0, bed_util_ads: 0.173, bed_util_des: 0.141, frac_lost: 0.100, li_recovered:  2.257
L: 0.60, u_super: 0.00010, sec: 64.809, t_ads: 1900.0, t_des: 4361.0, bed_util_ads: 0.173, bed_util_des: 0.142, frac_lost: 0.100, li_recovered:  2.239
L: 0.60, u_super: 0.00010, sec: 65.268, t_ads: 1937.0, t_des: 4963.0, bed_util_ads: 0.167, bed_util_des: 0.133, frac_lost: 0.100, li_recovered:  2.450
L: 0.60, u_super: 0.00010, sec: 64.990, t_ads: 1882.0, t_des: 4081.0, bed_util_ads: 0.177, bed_util_des: 0.147, frac_lost: 0.100, li_recovered:  2.127
L: 0.60, u_super: 0.00010, sec: 64.811, t_ads: 1900.0, t_des: 4362.0, bed_util_ads: 0.173, bed_util_des: 0.142, frac_lost: 0.100, li_recovered:  2.239
L: 0.60, u_super: 0.00010, sec: 64.896, t_ads: 1915.0, t_des: 4591.0, bed_util_ads: 0.171, bed_util_des: 0.138, frac_lost: 0.100, li_recovered:  2.324
L: 0.60, u_super: 0.00010, sec: 64.962, t_ads: 1881.0, t_des: 4077.0, bed_util_ads: 0.177, bed_util_des: 0.147, frac_lost: 0.100, li_recovered:  2.126
L: 0.60, u_super: 0.00010, sec: 76.121, t_ads: 1742.0, t_des: 2659.0, bed_util_ads: 0.199, bed_util_des: 0.180, frac_lost: 0.100, li_recovered:  1.340
L: 0.60, u_super: 0.00010, sec: 65.298, t_ads: 1866.0, t_des: 3885.0, bed_util_ads: 0.179, bed_util_des: 0.151, frac_lost: 0.100, li_recovered:  2.041
L: 0.63, u_super: 0.00010, sec: 66.174, t_ads: 1966.0, t_des: 4142.0, bed_util_ads: 0.176, bed_util_des: 0.146, frac_lost: 0.100, li_recovered:  2.139
L: 0.60, u_super: 0.00010, sec: 64.854, t_ads: 1915.0, t_des: 4610.0, bed_util_ads: 0.171, bed_util_des: 0.138, frac_lost: 0.100, li_recovered:  2.332
L: 0.60, u_super: 0.00010, sec: 64.822, t_ads: 1895.0, t_des: 4286.0, bed_util_ads: 0.174, bed_util_des: 0.143, frac_lost: 0.100, li_recovered:  2.210
L: 0.60, u_super: 0.00010, sec: 65.464, t_ads: 1943.0, t_des: 5118.0, bed_util_ads: 0.166, bed_util_des: 0.131, frac_lost: 0.100, li_recovered:  2.500
L: 0.63, u_super: 0.00320, sec: 55289.551, t_ads: 70.0, t_des: 406.0, bed_util_ads: 0.201, bed_util_des: 0.198, frac_lost: 0.104, li_recovered:  0.214
L: 0.60, u_super: 0.00010, sec: 64.862, t_ads: 1912.0, t_des: 4561.0, bed_util_ads: 0.171, bed_util_des: 0.139, frac_lost: 0.100, li_recovered:  2.313
L: 0.60, u_super: 0.00010, sec: 64.814, t_ads: 1908.0, t_des: 4487.0, bed_util_ads: 0.172, bed_util_des: 0.140, frac_lost: 0.100, li_recovered:  2.287
L: 0.60, u_super: 0.00010, sec: 65.005, t_ads: 1879.0, t_des: 4060.0, bed_util_ads: 0.177, bed_util_des: 0.147, frac_lost: 0.100, li_recovered:  2.117
L: 0.60, u_super: 0.00010, sec: 65.109, t_ads: 1876.0, t_des: 3997.0, bed_util_ads: 0.178, bed_util_des: 0.148, frac_lost: 0.100, li_recovered:  2.091
L: 0.60, u_super: 0.00630, sec: 198999.266, t_ads: 35.0, t_des: 101.0, bed_util_ads: 0.270, bed_util_des: 0.269, frac_lost: 0.106, li_recovered:  0.069
L: 0.60, u_super: 0.00010, sec: 80.342, t_ads: 2075.0, t_des: 9510.0, bed_util_ads: 0.139, bed_util_des: 0.092, frac_lost: 0.100, li_recovered:  3.342
L: 0.60, u_super: 0.00010, sec: inf, t_ads: 1420.0, t_des: 0.0, bed_util_ads: 0.244, bed_util_des: 0.244, frac_lost: 0.100, li_recovered:  0.000
L: 0.60, u_super: 0.00010, sec: 65.923, t_ads: 1858.0, t_des: 3702.0, bed_util_ads: 0.182, bed_util_des: 0.154, frac_lost: 0.100, li_recovered:  1.955
L: 0.60, u_super: 0.00010, sec: 64.833, t_ads: 1899.0, t_des: 4341.0, bed_util_ads: 0.174, bed_util_des: 0.142, frac_lost: 0.100, li_recovered:  2.231
L: 0.60, u_super: 0.00010, sec: 64.852, t_ads: 1914.0, t_des: 4594.0, bed_util_ads: 0.171, bed_util_des: 0.138, frac_lost: 0.100, li_recovered:  2.326
L: 0.60, u_super: 0.00010, sec: 64.853, t_ads: 1912.0, t_des: 4554.0, bed_util_ads: 0.171, bed_util_des: 0.139, frac_lost: 0.100, li_recovered:  2.311
L: 0.62, u_super: 0.00010, sec: 65.390, t_ads: 1936.0, t_des: 4282.0, bed_util_ads: 0.174, bed_util_des: 0.144, frac_lost: 0.100, li_recovered:  2.204
    22 |      880 |  1.110947E+04 |  6.478828E+01

