L: 1.32, u_super: 0.00941, sec: 879077.938, t_ads: 129.0, t_des: 6715.0, bed_util_ads: 0.115, bed_util_des: 0.089, frac_lost: 0.501, li_recovered:  1.812
L: 1.93, u_super: 0.00316, sec: 17110.961, t_ads: 621.0, t_des: 2803.0, bed_util_ads: 0.291, bed_util_des: 0.223, frac_lost: 0.500, li_recovered:  4.821
L: 1.76, u_super: 0.00411, sec: 24695.578, t_ads: 404.0, t_des: 1249.0, bed_util_ads: 0.323, bed_util_des: 0.284, frac_lost: 0.500, li_recovered:  2.771
L: 0.64, u_super: 0.00748, sec: 95737.656, t_ads: 76.0, t_des: 344.0, bed_util_ads: 0.287, bed_util_des: 0.278, frac_lost: 0.503, li_recovered:  0.630
L: 1.06, u_super: 0.00783, sec: 217202.734, t_ads: 124.0, t_des: 1849.0, bed_util_ads: 0.186, bed_util_des: 0.166, frac_lost: 0.503, li_recovered:  1.432
L: 1.23, u_super: 0.00141, sec: 3269.852, t_ads: 957.0, t_des: 3793.0, bed_util_ads: 0.309, bed_util_des: 0.213, frac_lost: 0.500, li_recovered:  6.854
L: 0.88, u_super: 0.00267, sec: 9250.085, t_ads: 298.0, t_des: 454.0, bed_util_ads: 0.400, bed_util_des: 0.380, frac_lost: 0.501, li_recovered:  1.393
L: 0.99, u_super: 0.00485, sec: 46168.598, t_ads: 178.0, t_des: 127.0, bed_util_ads: 0.496, bed_util_des: 0.491, frac_lost: 0.501, li_recovered:  0.385
L: 1.95, u_super: 0.00720, sec: 82815.172, t_ads: 248.0, t_des: 908.0, bed_util_ads: 0.306, bed_util_des: 0.280, frac_lost: 0.501, li_recovered:  1.849
L: 0.99, u_super: 0.00167, sec: 5728.830, t_ads: 513.0, t_des: 335.0, bed_util_ads: 0.499, bed_util_des: 0.486, frac_lost: 0.500, li_recovered:  0.983
L: 1.32, u_super: 0.00124, sec: 1979.857, t_ads: 1089.0, t_des: 1740.0, bed_util_ads: 0.391, bed_util_des: 0.319, frac_lost: 0.500, li_recovered:  5.137
L: 1.69, u_super: 0.00611, sec: 62397.945, t_ads: 242.0, t_des: 209.0, bed_util_ads: 0.470, bed_util_des: 0.460, frac_lost: 0.501, li_recovered:  0.679
L: 0.66, u_super: 0.00528, sec: 54779.176, t_ads: 112.0, t_des: 705.0, bed_util_ads: 0.255, bed_util_des: 0.240, frac_lost: 0.503, li_recovered:  1.035
L: 0.69, u_super: 0.00639, sec: 58140.883, t_ads: 95.0, t_des: 114.0, bed_util_ads: 0.434, bed_util_des: 0.429, frac_lost: 0.504, li_recovered:  0.370
L: 1.43, u_super: 0.00265, sec: 10138.175, t_ads: 484.0, t_des: 486.0, bed_util_ads: 0.446, bed_util_des: 0.423, frac_lost: 0.501, li_recovered:  1.613
L: 1.31, u_super: 0.00511, sec: 34982.258, t_ads: 229.0, t_des: 361.0, bed_util_ads: 0.397, bed_util_des: 0.381, frac_lost: 0.500, li_recovered:  1.092
L: 0.81, u_super: 0.00813, sec: 93355.664, t_ads: 88.0, t_des: 207.0, bed_util_ads: 0.356, bed_util_des: 0.348, frac_lost: 0.503, li_recovered:  0.540
L: 1.70, u_super: 0.00198, sec: 5571.585, t_ads: 794.0, t_des: 794.0, bed_util_ads: 0.442, bed_util_des: 0.405, frac_lost: 0.500, li_recovered:  2.653
L: 0.87, u_super: 0.00090, sec: 1264.565, t_ads: 877.0, t_des: 725.0, bed_util_ads: 0.464, bed_util_des: 0.430, frac_lost: 0.500, li_recovered:  2.401
L: 1.81, u_super: 0.00869, sec: 144340.156, t_ads: 190.0, t_des: 1016.0, bed_util_ads: 0.269, bed_util_des: 0.246, frac_lost: 0.501, li_recovered:  1.642
L: 0.98, u_super: 0.00017, sec: 69.395, t_ads: 8025.0, t_des: 6305.0, bed_util_ads: 0.522, bed_util_des: 0.330, frac_lost: 0.500, li_recovered:  13.763
L: 1.61, u_super: 0.00829, sec: 255833.875, t_ads: 180.0, t_des: 2790.0, bed_util_ads: 0.184, bed_util_des: 0.155, frac_lost: 0.500, li_recovered:  2.065
L: 0.90, u_super: 0.00637, sec: 55853.422, t_ads: 125.0, t_des: 175.0, bed_util_ads: 0.414, bed_util_des: 0.406, frac_lost: 0.502, li_recovered:  0.550
L: 1.95, u_super: 0.00158, sec: 3483.509, t_ads: 1402.0, t_des: 3261.0, bed_util_ads: 0.361, bed_util_des: 0.251, frac_lost: 0.500, li_recovered:  7.859
L: 1.85, u_super: 0.00424, sec: 25166.713, t_ads: 409.0, t_des: 1070.0, bed_util_ads: 0.339, bed_util_des: 0.303, frac_lost: 0.500, li_recovered:  2.597
L: 0.63, u_super: 0.00670, sec: 72453.711, t_ads: 83.0, t_des: 78.0, bed_util_ads: 0.465, bed_util_des: 0.461, frac_lost: 0.503, li_recovered:  0.253
L: 1.76, u_super: 0.00878, sec: 110577.852, t_ads: 179.0, t_des: 423.0, bed_util_ads: 0.352, bed_util_des: 0.337, frac_lost: 0.500, li_recovered:  1.093
L: 0.94, u_super: 0.00763, sec: 348054.906, t_ads: 113.0, t_des: 3328.0, bed_util_ads: 0.142, bed_util_des: 0.122, frac_lost: 0.502, li_recovered:  1.478
L: 1.76, u_super: 0.00071, sec: 996.348, t_ads: 2400.0, t_des: 1633.0, bed_util_ads: 0.484, bed_util_des: 0.416, frac_lost: 0.500, li_recovered:  4.833
L: 0.83, u_super: 0.00378, sec: 41815.254, t_ads: 205.0, t_des: 2457.0, bed_util_ads: 0.203, bed_util_des: 0.172, frac_lost: 0.501, li_recovered:  2.215
L: 1.57, u_super: 0.00185, sec: 5745.620, t_ads: 925.0, t_des: 3849.0, bed_util_ads: 0.305, bed_util_des: 0.210, frac_lost: 0.500, li_recovered:  6.755
L: 0.61, u_super: 0.00267, sec: 14275.143, t_ads: 210.0, t_des: 1407.0, bed_util_ads: 0.249, bed_util_des: 0.222, frac_lost: 0.501, li_recovered:  1.944
L: 0.75, u_super: 0.00630, sec: 102286.961, t_ads: 107.0, t_des: 1032.0, bed_util_ads: 0.218, bed_util_des: 0.203, frac_lost: 0.502, li_recovered:  1.117
L: 1.62, u_super: 0.00651, sec: 85731.375, t_ads: 230.0, t_des: 1431.0, bed_util_ads: 0.256, bed_util_des: 0.227, frac_lost: 0.501, li_recovered:  2.076
L: 1.81, u_super: 0.00629, sec: 55888.375, t_ads: 256.0, t_des: 321.0, bed_util_ads: 0.423, bed_util_des: 0.409, frac_lost: 0.501, li_recovered:  1.032
L: 1.08, u_super: 0.00543, sec: 169262.656, t_ads: 187.0, t_des: 5315.0, bed_util_ads: 0.148, bed_util_des: 0.114, frac_lost: 0.502, li_recovered:  2.389
L: 1.99, u_super: 0.00248, sec: 15505.800, t_ads: 926.0, t_des: 7640.0, bed_util_ads: 0.258, bed_util_des: 0.143, frac_lost: 0.500, li_recovered:  8.166
L: 0.70, u_super: 0.00263, sec: 8944.343, t_ads: 239.0, t_des: 361.0, bed_util_ads: 0.402, bed_util_des: 0.386, frac_lost: 0.502, li_recovered:  1.111
L: 1.58, u_super: 0.00136, sec: 3021.683, t_ads: 1382.0, t_des: 4945.0, bed_util_ads: 0.329, bed_util_des: 0.201, frac_lost: 0.500, li_recovered:  9.151
L: 1.19, u_super: 0.00662, sec: 85829.055, t_ads: 164.0, t_des: 979.0, bed_util_ads: 0.259, bed_util_des: 0.239, frac_lost: 0.502, li_recovered:  1.477
=================================================
n_gen  |  n_eval  |     f_avg     |     f_min    
=================================================
     1 |       40 |  8.272009E+04 |  6.939508E+01
L: 0.71, u_super: 0.00011, sec: 34.538, t_ads: 16823.0, t_des: 27707.0, bed_util_ads: 0.626, bed_util_des: 0.089, frac_lost: 0.500, li_recovered:  38.384
L: 0.96, u_super: 0.00302, sec: 18340.010, t_ads: 302.0, t_des: 1993.0, bed_util_ads: 0.252, bed_util_des: 0.214, frac_lost: 0.501, li_recovered:  2.750
L: 1.76, u_super: 0.00014, sec: 78.662, t_ads: 24878.0, t_des: 19379.0, bed_util_ads: 0.628, bed_util_des: 0.284, frac_lost: 0.500, li_recovered:  24.600
L: 0.89, u_super: 0.00013, sec: 42.835, t_ads: 11424.0, t_des: 9779.0, bed_util_ads: 0.555, bed_util_des: 0.278, frac_lost: 0.500, li_recovered:  19.800
L: 1.06, u_super: 0.00783, sec: 147254.453, t_ads: 123.0, t_des: 1029.0, bed_util_ads: 0.230, bed_util_des: 0.213, frac_lost: 0.503, li_recovered:  1.233
L: 1.23, u_super: 0.00141, sec: 2600.637, t_ads: 837.0, t_des: 1128.0, bed_util_ads: 0.408, bed_util_des: 0.359, frac_lost: 0.500, li_recovered:  3.565
L: 0.88, u_super: 0.00015, sec: 61.113, t_ads: 7074.0, t_des: 4825.0, bed_util_ads: 0.516, bed_util_des: 0.380, frac_lost: 0.500, li_recovered:  9.714
L: 0.99, u_super: 0.00253, sec: 8768.047, t_ads: 364.0, t_des: 965.0, bed_util_ads: 0.338, bed_util_des: 0.305, frac_lost: 0.500, li_recovered:  2.335
L: 1.95, u_super: 0.00017, sec: 105.825, t_ads: 22760.0, t_des: 18004.0, bed_util_ads: 0.621, bed_util_des: 0.280, frac_lost: 0.500, li_recovered:  24.399
L: 0.99, u_super: 0.00011, sec: 107.577, t_ads: 7123.0, t_des: 2527.0, bed_util_ads: 0.520, bed_util_des: 0.486, frac_lost: 0.500, li_recovered:  2.434
L: 1.33, u_super: 0.00124, sec: 1979.516, t_ads: 1093.0, t_des: 1744.0, bed_util_ads: 0.391, bed_util_des: 0.319, frac_lost: 0.500, li_recovered:  5.152
L: 1.69, u_super: 0.00267, sec: 10866.969, t_ads: 565.0, t_des: 513.0, bed_util_ads: 0.457, bed_util_des: 0.433, frac_lost: 0.500, li_recovered:  1.701
L: 1.11, u_super: 0.00528, sec: 52559.531, t_ads: 193.0, t_des: 1092.0, bed_util_ads: 0.264, bed_util_des: 0.240, frac_lost: 0.500, li_recovered:  1.697
L: 1.26, u_super: 0.00639, sec: 59568.312, t_ads: 174.0, t_des: 197.0, bed_util_ads: 0.438, bed_util_des: 0.429, frac_lost: 0.500, li_recovered:  0.641
L: 1.43, u_super: 0.00014, sec: 101.701, t_ads: 10430.0, t_des: 5860.0, bed_util_ads: 0.527, bed_util_des: 0.423, frac_lost: 0.500, li_recovered:  7.454
L: 1.31, u_super: 0.00511, sec: 51093.781, t_ads: 239.0, t_des: 1449.0, bed_util_ads: 0.258, bed_util_des: 0.229, frac_lost: 0.501, li_recovered:  2.140
L: 0.73, u_super: 0.00813, sec: 93599.898, t_ads: 79.0, t_des: 188.0, bed_util_ads: 0.355, bed_util_des: 0.348, frac_lost: 0.501, li_recovered:  0.487
L: 1.70, u_super: 0.00198, sec: 5073.708, t_ads: 839.0, t_des: 1319.0, bed_util_ads: 0.392, bed_util_des: 0.337, frac_lost: 0.500, li_recovered:  3.960
L: 0.87, u_super: 0.00090, sec: 1086.717, t_ads: 1010.0, t_des: 2294.0, bed_util_ads: 0.357, bed_util_des: 0.277, frac_lost: 0.500, li_recovered:  5.763
L: 1.81, u_super: 0.00189, sec: 5184.282, t_ads: 1032.0, t_des: 2952.0, bed_util_ads: 0.337, bed_util_des: 0.247, frac_lost: 0.500, li_recovered:  6.499
L: 0.98, u_super: 0.00017, sec: 70.848, t_ads: 7769.0, t_des: 5956.0, bed_util_ads: 0.520, bed_util_des: 0.340, frac_lost: 0.500, li_recovered:  12.911
L: 1.14, u_super: 0.00829, sec: 126771.422, t_ads: 123.0, t_des: 628.0, bed_util_ads: 0.274, bed_util_des: 0.259, frac_lost: 0.501, li_recovered:  1.054
L: 0.90, u_super: 0.00012, sec: 52.350, t_ads: 8300.0, t_des: 5068.0, bed_util_ads: 0.522, bed_util_des: 0.406, frac_lost: 0.500, li_recovered:  8.294
L: 1.25, u_super: 0.00158, sec: 3207.159, t_ads: 775.0, t_des: 1402.0, bed_util_ads: 0.378, bed_util_des: 0.322, frac_lost: 0.500, li_recovered:  3.985
L: 0.93, u_super: 0.00037, sec: 194.921, t_ads: 3105.0, t_des: 3291.0, bed_util_ads: 0.447, bed_util_des: 0.303, frac_lost: 0.500, li_recovered:  10.280
L: 0.63, u_super: 0.00670, sec: 61203.922, t_ads: 84.0, t_des: 179.0, bed_util_ads: 0.367, bed_util_des: 0.360, frac_lost: 0.504, li_recovered:  0.489
L: 1.76, u_super: 0.00878, sec: 118265.219, t_ads: 181.0, t_des: 570.0, bed_util_ads: 0.322, bed_util_des: 0.304, frac_lost: 0.502, li_recovered:  1.275
L: 0.64, u_super: 0.00763, sec: 372677.906, t_ads: 75.0, t_des: 2430.0, bed_util_ads: 0.136, bed_util_des: 0.122, frac_lost: 0.500, li_recovered:  1.005
L: 1.15, u_super: 0.00071, sec: 683.895, t_ads: 1862.0, t_des: 2997.0, bed_util_ads: 0.398, bed_util_des: 0.280, frac_lost: 0.500, li_recovered:  8.483
L: 0.83, u_super: 0.00011, sec: 29.176, t_ads: 18594.0, t_des: 18171.0, bed_util_ads: 0.627, bed_util_des: 0.172, frac_lost: 0.500, li_recovered:  32.558
L: 0.88, u_super: 0.00185, sec: 6440.259, t_ads: 473.0, t_des: 2730.0, bed_util_ads: 0.267, bed_util_des: 0.210, frac_lost: 0.500, li_recovered:  4.044
L: 0.61, u_super: 0.00267, sec: 13021.482, t_ads: 209.0, t_des: 1183.0, bed_util_ads: 0.264, bed_util_des: 0.239, frac_lost: 0.500, li_recovered:  1.835
L: 0.75, u_super: 0.00630, sec: 82490.703, t_ads: 104.0, t_des: 72.0, bed_util_ads: 0.502, bed_util_des: 0.499, frac_lost: 0.504, li_recovered:  0.214
L: 1.62, u_super: 0.00013, sec: 65.279, t_ads: 28497.0, t_des: 23504.0, bed_util_ads: 0.663, bed_util_des: 0.227, frac_lost: 0.500, li_recovered:  31.140
L: 1.81, u_super: 0.00400, sec: 22349.895, t_ads: 407.0, t_des: 469.0, bed_util_ads: 0.430, bed_util_des: 0.409, frac_lost: 0.500, li_recovered:  1.533
L: 0.86, u_super: 0.00543, sec: 179933.062, t_ads: 146.0, t_des: 4523.0, bed_util_ads: 0.141, bed_util_des: 0.114, frac_lost: 0.501, li_recovered:  1.907
L: 1.99, u_super: 0.00248, sec: 13672.620, t_ads: 698.0, t_des: 431.0, bed_util_ads: 0.504, bed_util_des: 0.487, frac_lost: 0.500, li_recovered:  1.221
L: 0.70, u_super: 0.00263, sec: 8911.443, t_ads: 239.0, t_des: 377.0, bed_util_ads: 0.397, bed_util_des: 0.381, frac_lost: 0.501, li_recovered:  1.145
L: 1.33, u_super: 0.00136, sec: 3123.566, t_ads: 1116.0, t_des: 4553.0, bed_util_ads: 0.312, bed_util_des: 0.201, frac_lost: 0.500, li_recovered:  7.932
L: 1.19, u_super: 0.00662, sec: 60984.430, t_ads: 161.0, t_des: 383.0, bed_util_ads: 0.352, bed_util_des: 0.338, frac_lost: 0.502, li_recovered:  0.990
     2 |       80 |  3.674667E+04 |  2.917574E+01
L: 0.71, u_super: 0.00011, sec: 28.721, t_ads: 13345.0, t_des: 13497.0, bed_util_ads: 0.582, bed_util_des: 0.193, frac_lost: 0.500, li_recovered:  27.824
L: 0.88, u_super: 0.00316, sec: 19374.352, t_ads: 261.0, t_des: 1632.0, bed_util_ads: 0.256, bed_util_des: 0.223, frac_lost: 0.501, li_recovered:  2.354
L: 1.76, u_super: 0.00012, sec: 63.745, t_ads: 34824.0, t_des: 27948.0, bed_util_ads: 0.683, bed_util_des: 0.229, frac_lost: 0.500, li_recovered:  32.476
L: 0.77, u_super: 0.00013, sec: 38.564, t_ads: 9548.0, t_des: 8356.0, bed_util_ads: 0.538, bed_util_des: 0.278, frac_lost: 0.500, li_recovered:  18.571
L: 0.81, u_super: 0.00783, sec: 150542.547, t_ads: 93.0, t_des: 818.0, bed_util_ads: 0.226, bed_util_des: 0.213, frac_lost: 0.504, li_recovered:  0.954
L: 1.14, u_super: 0.00141, sec: 2587.054, t_ads: 770.0, t_des: 1069.0, bed_util_ads: 0.405, bed_util_des: 0.359, frac_lost: 0.500, li_recovered:  3.354
L: 0.75, u_super: 0.00251, sec: 8131.161, t_ads: 268.0, t_des: 417.0, bed_util_ads: 0.398, bed_util_des: 0.380, frac_lost: 0.501, li_recovered:  1.273
L: 0.99, u_super: 0.00162, sec: 3457.445, t_ads: 591.0, t_des: 1342.0, bed_util_ads: 0.354, bed_util_des: 0.306, frac_lost: 0.500, li_recovered:  3.465
L: 1.95, u_super: 0.00410, sec: 24625.164, t_ads: 453.0, t_des: 1397.0, bed_util_ads: 0.323, bed_util_des: 0.280, frac_lost: 0.500, li_recovered:  3.092
L: 0.62, u_super: 0.00011, sec: 24.778, t_ads: 12334.0, t_des: 13956.0, bed_util_ads: 0.574, bed_util_des: 0.171, frac_lost: 0.500, li_recovered:  28.795
L: 1.33, u_super: 0.00124, sec: 2731.101, t_ads: 1283.0, t_des: 5698.0, bed_util_ads: 0.311, bed_util_des: 0.182, frac_lost: 0.500, li_recovered:  9.189
L: 1.20, u_super: 0.00247, sec: 8997.329, t_ads: 434.0, t_des: 417.0, bed_util_ads: 0.452, bed_util_des: 0.433, frac_lost: 0.501, li_recovered:  1.383
L: 1.16, u_super: 0.00528, sec: 52337.152, t_ads: 202.0, t_des: 1131.0, bed_util_ads: 0.265, bed_util_des: 0.240, frac_lost: 0.500, li_recovered:  1.768
L: 0.83, u_super: 0.00639, sec: 58361.777, t_ads: 115.0, t_des: 136.0, bed_util_ads: 0.435, bed_util_des: 0.429, frac_lost: 0.503, li_recovered:  0.443
L: 1.43, u_super: 0.00014, sec: 67.019, t_ads: 29372.0, t_des: 32531.0, bed_util_ads: 0.700, bed_util_des: 0.099, frac_lost: 0.500, li_recovered:  42.986
L: 1.31, u_super: 0.00511, sec: 90383.742, t_ads: 244.0, t_des: 3569.0, bed_util_ads: 0.190, bed_util_des: 0.152, frac_lost: 0.500, li_recovered:  2.732
L: 0.81, u_super: 0.00010, sec: 32.611, t_ads: 11024.0, t_des: 8090.0, bed_util_ads: 0.543, bed_util_des: 0.348, frac_lost: 0.500, li_recovered:  13.932
L: 1.70, u_super: 0.00198, sec: 5163.674, t_ads: 864.0, t_des: 1730.0, bed_util_ads: 0.368, bed_util_des: 0.302, frac_lost: 0.500, li_recovered:  4.677
L: 0.87, u_super: 0.00090, sec: 1041.787, t_ads: 973.0, t_des: 1691.0, bed_util_ads: 0.382, bed_util_des: 0.314, frac_lost: 0.500, li_recovered:  4.847
L: 0.79, u_super: 0.00189, sec: 5745.568, t_ads: 404.0, t_des: 1745.0, bed_util_ads: 0.291, bed_util_des: 0.247, frac_lost: 0.500, li_recovered:  3.163
L: 0.66, u_super: 0.00017, sec: 53.025, t_ads: 4900.0, t_des: 4078.0, bed_util_ads: 0.488, bed_util_des: 0.330, frac_lost: 0.500, li_recovered:  11.285
L: 1.14, u_super: 0.00829, sec: 242282.938, t_ads: 125.0, t_des: 1830.0, bed_util_ads: 0.187, bed_util_des: 0.167, frac_lost: 0.502, li_recovered:  1.435
L: 1.28, u_super: 0.00012, sec: 68.440, t_ads: 12136.0, t_des: 7341.0, bed_util_ads: 0.536, bed_util_des: 0.406, frac_lost: 0.500, li_recovered:  9.244
L: 1.25, u_super: 0.00126, sec: 2049.663, t_ads: 996.0, t_des: 1625.0, bed_util_ads: 0.389, bed_util_des: 0.322, frac_lost: 0.500, li_recovered:  4.776
L: 0.93, u_super: 0.00037, sec: 356.434, t_ads: 5028.0, t_des: 23948.0, bed_util_ads: 0.436, bed_util_des: 0.080, frac_lost: 0.500, li_recovered:  25.468
L: 0.63, u_super: 0.00670, sec: 68672.508, t_ads: 84.0, t_des: 290.0, bed_util_ads: 0.314, bed_util_des: 0.305, frac_lost: 0.502, li_recovered:  0.620
L: 0.68, u_super: 0.00878, sec: 111185.531, t_ads: 69.0, t_des: 184.0, bed_util_ads: 0.343, bed_util_des: 0.337, frac_lost: 0.506, li_recovered:  0.457
L: 0.94, u_super: 0.00763, sec: 324414.688, t_ads: 113.0, t_des: 3052.0, bed_util_ads: 0.147, bed_util_des: 0.127, frac_lost: 0.502, li_recovered:  1.459
L: 1.15, u_super: 0.00267, sec: 10346.927, t_ads: 408.0, t_des: 1304.0, bed_util_ads: 0.319, bed_util_des: 0.280, frac_lost: 0.501, li_recovered:  2.839
L: 0.83, u_super: 0.00103, sec: 2155.735, t_ads: 904.0, t_des: 5527.0, bed_util_ads: 0.276, bed_util_des: 0.172, frac_lost: 0.500, li_recovered:  7.426
L: 1.57, u_super: 0.00185, sec: 7517.068, t_ads: 976.0, t_des: 6546.0, bed_util_ads: 0.273, bed_util_des: 0.159, frac_lost: 0.500, li_recovered:  8.136
L: 0.61, u_super: 0.00267, sec: 27480.711, t_ads: 215.0, t_des: 3821.0, bed_util_ads: 0.177, bed_util_des: 0.141, frac_lost: 0.502, li_recovered:  2.520
L: 0.75, u_super: 0.00010, sec: 102.510, t_ads: 5649.0, t_des: 1809.0, bed_util_ads: 0.523, bed_util_des: 0.499, frac_lost: 0.500, li_recovered:  1.693
L: 1.62, u_super: 0.00013, sec: 63.924, t_ads: 31573.0, t_des: 26988.0, bed_util_ads: 0.687, bed_util_des: 0.186, frac_lost: 0.500, li_recovered:  35.812
L: 1.81, u_super: 0.00400, sec: 62335.371, t_ads: 469.0, t_des: 7734.0, bed_util_ads: 0.194, bed_util_des: 0.122, frac_lost: 0.500, li_recovered:  5.147
L: 0.63, u_super: 0.00543, sec: 192294.859, t_ads: 106.0, t_des: 3611.0, bed_util_ads: 0.134, bed_util_des: 0.114, frac_lost: 0.502, li_recovered:  1.420
L: 1.15, u_super: 0.00248, sec: 12433.349, t_ads: 403.0, t_des: 270.0, bed_util_ads: 0.498, bed_util_des: 0.487, frac_lost: 0.500, li_recovered:  0.800
L: 0.61, u_super: 0.00243, sec: 7570.446, t_ads: 225.0, t_des: 358.0, bed_util_ads: 0.396, bed_util_des: 0.381, frac_lost: 0.502, li_recovered:  1.085
L: 1.58, u_super: 0.00136, sec: 4172.185, t_ads: 1510.0, t_des: 9514.0, bed_util_ads: 0.299, bed_util_des: 0.137, frac_lost: 0.500, li_recovered:  11.547
L: 0.77, u_super: 0.00662, sec: 61354.418, t_ads: 104.0, t_des: 262.0, bed_util_ads: 0.347, bed_util_des: 0.338, frac_lost: 0.503, li_recovered:  0.662
     3 |      120 |  3.147890E+04 |  2.477845E+01
L: 0.71, u_super: 0.00010, sec: 25.915, t_ads: 14757.0, t_des: 14501.0, bed_util_ads: 0.595, bed_util_des: 0.193, frac_lost: 0.500, li_recovered:  28.723
L: 1.93, u_super: 0.00420, sec: 32196.924, t_ads: 450.0, t_des: 2332.0, bed_util_ads: 0.275, bed_util_des: 0.223, frac_lost: 0.501, li_recovered:  3.732
L: 1.76, u_super: 0.00012, sec: 62.445, t_ads: 45854.0, t_des: 42503.0, bed_util_ads: 0.752, bed_util_des: 0.100, frac_lost: 0.500, li_recovered:  46.665
L: 0.77, u_super: 0.00013, sec: 37.058, t_ads: 10838.0, t_des: 10283.0, bed_util_ads: 0.554, bed_util_des: 0.235, frac_lost: 0.500, li_recovered:  22.798
L: 1.06, u_super: 0.00267, sec: 36701.934, t_ads: 406.0, t_des: 9874.0, bed_util_ads: 0.169, bed_util_des: 0.102, frac_lost: 0.501, li_recovered:  4.816
L: 1.14, u_super: 0.00141, sec: 3707.106, t_ads: 892.0, t_des: 4607.0, bed_util_ads: 0.287, bed_util_des: 0.190, frac_lost: 0.500, li_recovered:  6.999
L: 0.88, u_super: 0.00011, sec: 31.360, t_ads: 19136.0, t_des: 18060.0, bed_util_ads: 0.629, bed_util_des: 0.183, frac_lost: 0.500, li_recovered:  31.875
L: 0.99, u_super: 0.00010, sec: 35.266, t_ads: 16643.0, t_des: 12989.0, bed_util_ads: 0.584, bed_util_des: 0.306, frac_lost: 0.500, li_recovered:  19.914
L: 1.95, u_super: 0.00067, sec: 676.588, t_ads: 3887.0, t_des: 4215.0, bed_util_ads: 0.456, bed_util_des: 0.280, frac_lost: 0.500, li_recovered:  12.618
L: 0.69, u_super: 0.00011, sec: 26.490, t_ads: 14204.0, t_des: 15202.0, bed_util_ads: 0.593, bed_util_des: 0.171, frac_lost: 0.500, li_recovered:  30.126
L: 1.33, u_super: 0.00010, sec: 42.009, t_ads: 39125.0, t_des: 38280.0, bed_util_ads: 0.735, bed_util_des: 0.100, frac_lost: 0.500, li_recovered:  45.385
L: 1.20, u_super: 0.00247, sec: 35525.270, t_ads: 523.0, t_des: 14409.0, bed_util_ads: 0.171, bed_util_des: 0.085, frac_lost: 0.500, li_recovered:  6.145
L: 0.69, u_super: 0.00528, sec: 54653.840, t_ads: 117.0, t_des: 731.0, bed_util_ads: 0.256, bed_util_des: 0.240, frac_lost: 0.503, li_recovered:  1.077
L: 0.69, u_super: 0.00280, sec: 10980.392, t_ads: 217.0, t_des: 239.0, bed_util_ads: 0.440, bed_util_des: 0.429, frac_lost: 0.502, li_recovered:  0.783
L: 0.60, u_super: 0.00014, sec: 45.644, t_ads: 9851.0, t_des: 21372.0, bed_util_ads: 0.544, bed_util_des: 0.099, frac_lost: 0.500, li_recovered:  31.835
L: 1.31, u_super: 0.00511, sec: 135914.344, t_ads: 247.0, t_des: 6142.0, bed_util_ads: 0.158, bed_util_des: 0.115, frac_lost: 0.501, li_recovered:  3.045
L: 0.81, u_super: 0.00010, sec: 27.440, t_ads: 20097.0, t_des: 20952.0, bed_util_ads: 0.642, bed_util_des: 0.145, frac_lost: 0.500, li_recovered:  35.558
L: 0.62, u_super: 0.00127, sec: 5969.307, t_ads: 506.0, t_des: 8063.0, bed_util_ads: 0.198, bed_util_des: 0.121, frac_lost: 0.501, li_recovered:  5.482
L: 0.88, u_super: 0.00091, sec: 1073.276, t_ads: 950.0, t_des: 1398.0, bed_util_ads: 0.399, bed_util_des: 0.339, frac_lost: 0.500, li_recovered:  4.281
L: 0.64, u_super: 0.00294, sec: 15295.979, t_ads: 198.0, t_des: 1049.0, bed_util_ads: 0.270, bed_util_des: 0.247, frac_lost: 0.502, li_recovered:  1.705
L: 0.66, u_super: 0.00068, sec: 588.348, t_ads: 960.0, t_des: 1501.0, bed_util_ads: 0.393, bed_util_des: 0.330, frac_lost: 0.500, li_recovered:  4.494
L: 0.60, u_super: 0.00829, sec: 192667.891, t_ads: 65.0, t_des: 701.0, bed_util_ads: 0.210, bed_util_des: 0.200, frac_lost: 0.503, li_recovered:  0.707
L: 0.60, u_super: 0.00010, sec: 33.272, t_ads: 6120.0, t_des: 3803.0, bed_util_ads: 0.512, bed_util_des: 0.406, frac_lost: 0.500, li_recovered:  7.553
L: 1.25, u_super: 0.00126, sec: 2066.362, t_ads: 968.0, t_des: 1298.0, bed_util_ads: 0.409, bed_util_des: 0.351, frac_lost: 0.500, li_recovered:  4.095
L: 1.13, u_super: 0.00037, sec: 210.383, t_ads: 3968.0, t_des: 3820.0, bed_util_ads: 0.465, bed_util_des: 0.303, frac_lost: 0.500, li_recovered:  11.597
L: 0.63, u_super: 0.00670, sec: 371484.312, t_ads: 86.0, t_des: 3845.0, bed_util_ads: 0.119, bed_util_des: 0.103, frac_lost: 0.503, li_recovered:  1.205
L: 1.76, u_super: 0.00323, sec: 13660.931, t_ads: 510.0, t_des: 951.0, bed_util_ads: 0.375, bed_util_des: 0.337, frac_lost: 0.500, li_recovered:  2.700
L: 0.94, u_super: 0.00325, sec: 44890.703, t_ads: 282.0, t_des: 5557.0, bed_util_ads: 0.173, bed_util_des: 0.127, frac_lost: 0.501, li_recovered:  3.320
L: 0.74, u_super: 0.00071, sec: 679.575, t_ads: 1092.0, t_des: 2333.0, bed_util_ads: 0.364, bed_util_des: 0.280, frac_lost: 0.500, li_recovered:  6.018
L: 0.61, u_super: 0.00011, sec: 23.732, t_ads: 12494.0, t_des: 14022.0, bed_util_ads: 0.576, bed_util_des: 0.172, frac_lost: 0.500, li_recovered:  28.868
L: 0.92, u_super: 0.00010, sec: 31.406, t_ads: 19547.0, t_des: 17505.0, bed_util_ads: 0.626, bed_util_des: 0.210, frac_lost: 0.500, li_recovered:  29.693
L: 0.61, u_super: 0.00267, sec: 12999.009, t_ads: 210.0, t_des: 1188.0, bed_util_ads: 0.264, bed_util_des: 0.239, frac_lost: 0.502, li_recovered:  1.846
L: 0.75, u_super: 0.00010, sec: 25.369, t_ads: 17687.0, t_des: 17899.0, bed_util_ads: 0.622, bed_util_des: 0.166, frac_lost: 0.500, li_recovered:  32.637
L: 1.62, u_super: 0.00013, sec: 63.332, t_ads: 33985.0, t_des: 29995.0, bed_util_ads: 0.705, bed_util_des: 0.153, frac_lost: 0.500, li_recovered:  39.491
L: 0.61, u_super: 0.00010, sec: 32.985, t_ads: 6400.0, t_des: 3919.0, bed_util_ads: 0.514, bed_util_des: 0.409, frac_lost: 0.500, li_recovered:  7.498
L: 1.08, u_super: 0.00137, sec: 6022.463, t_ads: 928.0, t_des: 10992.0, bed_util_ads: 0.237, bed_util_des: 0.114, frac_lost: 0.500, li_recovered:  8.812
L: 1.15, u_super: 0.00248, sec: 38020.840, t_ads: 493.0, t_des: 14669.0, bed_util_ads: 0.166, bed_util_des: 0.083, frac_lost: 0.500, li_recovered:  5.895
L: 0.62, u_super: 0.00243, sec: 7567.235, t_ads: 227.0, t_des: 361.0, bed_util_ads: 0.396, bed_util_des: 0.381, frac_lost: 0.502, li_recovered:  1.094
L: 1.58, u_super: 0.00040, sec: 278.805, t_ads: 6983.0, t_des: 8810.0, bed_util_ads: 0.501, bed_util_des: 0.201, frac_lost: 0.500, li_recovered:  21.487
L: 0.91, u_super: 0.00662, sec: 61172.039, t_ads: 123.0, t_des: 304.0, bed_util_ads: 0.349, bed_util_des: 0.338, frac_lost: 0.503, li_recovered:  0.774
     4 |      160 |  1.313585E+04 |  2.373196E+01
L: 0.60, u_super: 0.00010, sec: 23.163, t_ads: 11907.0, t_des: 12490.0, bed_util_ads: 0.568, bed_util_des: 0.193, frac_lost: 0.500, li_recovered:  26.797
L: 1.93, u_super: 0.00010, sec: 59.153, t_ads: 46117.0, t_des: 35902.0, bed_util_ads: 0.713, bed_util_des: 0.223, frac_lost: 0.500, li_recovered:  34.990
L: 1.76, u_super: 0.00163, sec: 8421.552, t_ads: 1445.0, t_des: 15034.0, bed_util_ads: 0.272, bed_util_des: 0.100, frac_lost: 0.500, li_recovered:  12.332
L: 0.77, u_super: 0.00013, sec: 37.925, t_ads: 13407.0, t_des: 16185.0, bed_util_ads: 0.587, bed_util_des: 0.151, frac_lost: 0.500, li_recovered:  31.211
L: 1.06, u_super: 0.00168, sec: 8524.643, t_ads: 696.0, t_des: 8068.0, bed_util_ads: 0.226, bed_util_des: 0.130, frac_lost: 0.500, li_recovered:  6.850
L: 0.61, u_super: 0.00141, sec: 2538.737, t_ads: 396.0, t_des: 670.0, bed_util_ads: 0.386, bed_util_des: 0.359, frac_lost: 0.500, li_recovered:  1.981
L: 0.67, u_super: 0.00011, sec: 25.744, t_ads: 13443.0, t_des: 14039.0, bed_util_ads: 0.584, bed_util_des: 0.183, frac_lost: 0.500, li_recovered:  28.689
L: 0.60, u_super: 0.00010, sec: 24.066, t_ads: 8972.0, t_des: 7431.0, bed_util_ads: 0.531, bed_util_des: 0.306, frac_lost: 0.500, li_recovered:  16.153
L: 0.69, u_super: 0.00017, sec: 48.665, t_ads: 6162.0, t_des: 5775.0, bed_util_ads: 0.497, bed_util_des: 0.280, frac_lost: 0.500, li_recovered:  15.537
L: 0.62, u_super: 0.00010, sec: 23.074, t_ads: 13170.0, t_des: 14510.0, bed_util_ads: 0.583, bed_util_des: 0.171, frac_lost: 0.500, li_recovered:  29.415
L: 0.60, u_super: 0.00010, sec: 26.481, t_ads: 14926.0, t_des: 24084.0, bed_util_ads: 0.607, bed_util_des: 0.100, frac_lost: 0.500, li_recovered:  36.284
L: 1.20, u_super: 0.00247, sec: 29563.309, t_ads: 518.0, t_des: 11416.0, bed_util_ads: 0.181, bed_util_des: 0.099, frac_lost: 0.500, li_recovered:  5.901
L: 0.63, u_super: 0.00528, sec: 54967.098, t_ads: 107.0, t_des: 678.0, bed_util_ads: 0.254, bed_util_des: 0.240, frac_lost: 0.503, li_recovered:  0.991
L: 0.69, u_super: 0.00280, sec: 28755.145, t_ads: 233.0, t_des: 3859.0, bed_util_ads: 0.182, bed_util_des: 0.144, frac_lost: 0.501, li_recovered:  2.683
L: 0.60, u_super: 0.00014, sec: 35.988, t_ads: 8087.0, t_des: 10320.0, bed_util_ads: 0.518, bed_util_des: 0.186, frac_lost: 0.500, li_recovered:  23.804
L: 1.31, u_super: 0.00511, sec: 43550.203, t_ads: 237.0, t_des: 1042.0, bed_util_ads: 0.288, bed_util_des: 0.261, frac_lost: 0.501, li_recovered:  1.902
L: 0.60, u_super: 0.00010, sec: 22.916, t_ads: 13856.0, t_des: 16970.0, bed_util_ads: 0.592, bed_util_des: 0.145, frac_lost: 0.500, li_recovered:  31.974
L: 1.70, u_super: 0.00010, sec: 59.404, t_ads: 27683.0, t_des: 19833.0, bed_util_ads: 0.612, bed_util_des: 0.337, frac_lost: 0.500, li_recovered:  19.717
L: 0.87, u_super: 0.00090, sec: 1666.262, t_ads: 1150.0, t_des: 6830.0, bed_util_ads: 0.287, bed_util_des: 0.160, frac_lost: 0.500, li_recovered:  9.077
L: 1.11, u_super: 0.00189, sec: 6470.970, t_ads: 603.0, t_des: 3171.0, bed_util_ads: 0.278, bed_util_des: 0.209, frac_lost: 0.500, li_recovered:  4.932
L: 0.66, u_super: 0.00036, sec: 179.691, t_ads: 1970.0, t_des: 2219.0, bed_util_ads: 0.430, bed_util_des: 0.330, frac_lost: 0.500, li_recovered:  7.137
L: 0.61, u_super: 0.00829, sec: 130754.586, t_ads: 65.0, t_des: 362.0, bed_util_ads: 0.267, bed_util_des: 0.259, frac_lost: 0.502, li_recovered:  0.581
L: 0.60, u_super: 0.00010, sec: 25.900, t_ads: 14271.0, t_des: 21367.0, bed_util_ads: 0.600, bed_util_des: 0.112, frac_lost: 0.500, li_recovered:  34.849
L: 1.25, u_super: 0.00126, sec: 10058.322, t_ads: 1377.0, t_des: 34569.0, bed_util_ads: 0.239, bed_util_des: 0.052, frac_lost: 0.500, li_recovered:  13.347
L: 0.93, u_super: 0.00010, sec: 33.788, t_ads: 15185.0, t_des: 12002.0, bed_util_ads: 0.577, bed_util_des: 0.303, frac_lost: 0.500, li_recovered:  19.579
L: 0.63, u_super: 0.00010, sec: 29.051, t_ads: 7694.0, t_des: 5572.0, bed_util_ads: 0.520, bed_util_des: 0.360, frac_lost: 0.500, li_recovered:  11.417
L: 1.76, u_super: 0.00323, sec: 29107.516, t_ads: 572.0, t_des: 5901.0, bed_util_ads: 0.227, bed_util_des: 0.149, frac_lost: 0.500, li_recovered:  5.614
L: 0.94, u_super: 0.00325, sec: 24421.260, t_ads: 275.0, t_des: 2293.0, bed_util_ads: 0.232, bed_util_des: 0.195, frac_lost: 0.500, li_recovered:  2.684
L: 0.60, u_super: 0.00071, sec: 685.608, t_ads: 861.0, t_des: 2059.0, bed_util_ads: 0.351, bed_util_des: 0.280, frac_lost: 0.500, li_recovered:  5.085
L: 0.61, u_super: 0.00011, sec: 25.585, t_ads: 13948.0, t_des: 19434.0, bed_util_ads: 0.595, bed_util_des: 0.124, frac_lost: 0.500, li_recovered:  33.710
L: 0.61, u_super: 0.00010, sec: 23.038, t_ads: 11535.0, t_des: 11532.0, bed_util_ads: 0.563, bed_util_des: 0.210, frac_lost: 0.500, li_recovered:  25.200
L: 0.61, u_super: 0.00267, sec: 14216.640, t_ads: 211.0, t_des: 1409.0, bed_util_ads: 0.250, bed_util_des: 0.222, frac_lost: 0.502, li_recovered:  1.956
L: 0.97, u_super: 0.00010, sec: 30.789, t_ads: 24428.0, t_des: 22593.0, bed_util_ads: 0.663, bed_util_des: 0.166, frac_lost: 0.500, li_recovered:  35.534
L: 0.65, u_super: 0.00013, sec: 34.157, t_ads: 10917.0, t_des: 14447.0, bed_util_ads: 0.559, bed_util_des: 0.153, frac_lost: 0.500, li_recovered:  29.028
L: 0.60, u_super: 0.00010, sec: 22.163, t_ads: 11967.0, t_des: 12069.0, bed_util_ads: 0.568, bed_util_des: 0.204, frac_lost: 0.500, li_recovered:  25.992
L: 1.08, u_super: 0.00010, sec: 35.800, t_ads: 29580.0, t_des: 30214.0, bed_util_ads: 0.698, bed_util_des: 0.114, frac_lost: 0.500, li_recovered:  41.741
L: 1.15, u_super: 0.00010, sec: 124.170, t_ads: 8457.0, t_des: 2854.0, bed_util_ads: 0.518, bed_util_des: 0.487, frac_lost: 0.500, li_recovered:  2.255
L: 0.84, u_super: 0.00243, sec: 7603.474, t_ads: 312.0, t_des: 469.0, bed_util_ads: 0.401, bed_util_des: 0.381, frac_lost: 0.501, li_recovered:  1.447
L: 1.58, u_super: 0.00010, sec: 47.945, t_ads: 39328.0, t_des: 31862.0, bed_util_ads: 0.706, bed_util_des: 0.201, frac_lost: 0.500, li_recovered:  36.105
L: 1.19, u_super: 0.00010, sec: 46.883, t_ads: 15745.0, t_des: 10562.0, bed_util_ads: 0.558, bed_util_des: 0.373, frac_lost: 0.500, li_recovered:  13.220
     5 |      200 |  7.842721E+03 |  2.216311E+01
L: 0.77, u_super: 0.00102, sec: 3112.386, t_ads: 874.0, t_des: 9702.0, bed_util_ads: 0.238, bed_util_des: 0.122, frac_lost: 0.500, li_recovered:  8.271
L: 0.60, u_super: 0.00010, sec: 23.027, t_ads: 12163.0, t_des: 13136.0, bed_util_ads: 0.571, bed_util_des: 0.184, frac_lost: 0.500, li_recovered:  27.725
L: 1.76, u_super: 0.00012, sec: 67.048, t_ads: 29214.0, t_des: 22313.0, bed_util_ads: 0.641, bed_util_des: 0.287, frac_lost: 0.500, li_recovered:  25.345
L: 0.90, u_super: 0.00013, sec: 41.615, t_ads: 13271.0, t_des: 12144.0, bed_util_ads: 0.576, bed_util_des: 0.235, frac_lost: 0.500, li_recovered:  24.428
L: 1.06, u_super: 0.00168, sec: 5716.808, t_ads: 666.0, t_des: 4233.0, bed_util_ads: 0.265, bed_util_des: 0.185, frac_lost: 0.500, li_recovered:  5.710
L: 0.61, u_super: 0.00268, sec: 9313.668, t_ads: 204.0, t_des: 394.0, bed_util_ads: 0.374, bed_util_des: 0.359, frac_lost: 0.501, li_recovered:  1.110
L: 0.67, u_super: 0.00010, sec: 24.028, t_ads: 14362.0, t_des: 14674.0, bed_util_ads: 0.593, bed_util_des: 0.183, frac_lost: 0.500, li_recovered:  29.296
L: 1.19, u_super: 0.00010, sec: 40.848, t_ads: 20746.0, t_des: 15923.0, bed_util_ads: 0.603, bed_util_des: 0.305, frac_lost: 0.500, li_recovered:  21.275
L: 0.69, u_super: 0.00076, sec: 756.168, t_ads: 933.0, t_des: 2034.0, bed_util_ads: 0.360, bed_util_des: 0.287, frac_lost: 0.500, li_recovered:  5.248
L: 0.62, u_super: 0.00010, sec: 22.482, t_ads: 12795.0, t_des: 13256.0, bed_util_ads: 0.577, bed_util_des: 0.190, frac_lost: 0.500, li_recovered:  27.698
L: 0.60, u_super: 0.00012, sec: 31.828, t_ads: 12865.0, t_des: 22923.0, bed_util_ads: 0.585, bed_util_des: 0.100, frac_lost: 0.500, li_recovered:  34.701
L: 0.82, u_super: 0.00247, sec: 8764.580, t_ads: 292.0, t_des: 300.0, bed_util_ads: 0.447, bed_util_des: 0.433, frac_lost: 0.501, li_recovered:  0.987
L: 1.16, u_super: 0.00420, sec: 31733.312, t_ads: 258.0, t_des: 1358.0, bed_util_ads: 0.271, bed_util_des: 0.240, frac_lost: 0.501, li_recovered:  2.199
L: 0.69, u_super: 0.00280, sec: 11908.842, t_ads: 224.0, t_des: 844.0, bed_util_ads: 0.303, bed_util_des: 0.279, frac_lost: 0.500, li_recovered:  1.691
L: 0.60, u_super: 0.00010, sec: 21.901, t_ads: 12658.0, t_des: 13373.0, bed_util_ads: 0.576, bed_util_des: 0.186, frac_lost: 0.500, li_recovered:  27.940
L: 0.92, u_super: 0.00511, sec: 38081.590, t_ads: 162.0, t_des: 503.0, bed_util_ads: 0.323, bed_util_des: 0.307, frac_lost: 0.500, li_recovered:  1.131
L: 0.60, u_super: 0.00010, sec: 23.245, t_ads: 9670.0, t_des: 8403.0, bed_util_ads: 0.539, bed_util_des: 0.281, frac_lost: 0.500, li_recovered:  18.481
L: 1.70, u_super: 0.00010, sec: 52.472, t_ads: 36708.0, t_des: 28018.0, bed_util_ads: 0.671, bed_util_des: 0.269, frac_lost: 0.500, li_recovered:  28.762
L: 0.87, u_super: 0.00010, sec: 31.787, t_ads: 13823.0, t_des: 10765.0, bed_util_ads: 0.566, bed_util_des: 0.315, frac_lost: 0.500, li_recovered:  17.984
L: 0.60, u_super: 0.00189, sec: 5948.417, t_ads: 298.0, t_des: 1419.0, bed_util_ads: 0.281, bed_util_des: 0.246, frac_lost: 0.500, li_recovered:  2.441
L: 0.60, u_super: 0.00017, sec: 46.190, t_ads: 5375.0, t_des: 5784.0, bed_util_ads: 0.480, bed_util_des: 0.255, frac_lost: 0.500, li_recovered:  16.102
L: 1.14, u_super: 0.00145, sec: 2998.577, t_ads: 806.0, t_des: 2345.0, bed_util_ads: 0.332, bed_util_des: 0.259, frac_lost: 0.500, li_recovered:  5.213
L: 0.60, u_super: 0.00010, sec: 25.900, t_ads: 14272.0, t_des: 21367.0, bed_util_ads: 0.600, bed_util_des: 0.112, frac_lost: 0.500, li_recovered:  34.850
L: 0.60, u_super: 0.00126, sec: 2052.713, t_ads: 446.0, t_des: 976.0, bed_util_ads: 0.358, bed_util_des: 0.322, frac_lost: 0.501, li_recovered:  2.587
L: 0.93, u_super: 0.00010, sec: 30.687, t_ads: 21138.0, t_des: 19260.0, bed_util_ads: 0.639, bed_util_des: 0.191, frac_lost: 0.500, li_recovered:  32.032
L: 0.63, u_super: 0.00014, sec: 41.494, t_ads: 5598.0, t_des: 4153.0, bed_util_ads: 0.502, bed_util_des: 0.360, frac_lost: 0.500, li_recovered:  10.129
L: 1.76, u_super: 0.00068, sec: 709.502, t_ads: 2971.0, t_des: 2699.0, bed_util_ads: 0.458, bed_util_des: 0.337, frac_lost: 0.500, li_recovered:  8.626
L: 0.61, u_super: 0.00325, sec: 20263.104, t_ads: 170.0, t_des: 1057.0, bed_util_ads: 0.256, bed_util_des: 0.234, frac_lost: 0.501, li_recovered:  1.546
L: 0.83, u_super: 0.00010, sec: 29.371, t_ads: 14832.0, t_des: 12297.0, bed_util_ads: 0.580, bed_util_des: 0.280, frac_lost: 0.500, li_recovered:  21.483
L: 0.61, u_super: 0.00260, sec: 19307.609, t_ads: 219.0, t_des: 2572.0, bed_util_ads: 0.205, bed_util_des: 0.172, frac_lost: 0.501, li_recovered:  2.351
L: 0.61, u_super: 0.00010, sec: 23.724, t_ads: 13258.0, t_des: 15833.0, bed_util_ads: 0.585, bed_util_des: 0.154, frac_lost: 0.500, li_recovered:  30.862
L: 0.61, u_super: 0.00010, sec: 22.211, t_ads: 11282.0, t_des: 10534.0, bed_util_ads: 0.558, bed_util_des: 0.239, frac_lost: 0.500, li_recovered:  22.824
L: 0.75, u_super: 0.00010, sec: 26.314, t_ads: 19261.0, t_des: 22137.0, bed_util_ads: 0.640, bed_util_des: 0.128, frac_lost: 0.500, li_recovered:  36.605
L: 0.65, u_super: 0.00013, sec: 32.619, t_ads: 9772.0, t_des: 10784.0, bed_util_ads: 0.543, bed_util_des: 0.198, frac_lost: 0.500, li_recovered:  24.635
L: 0.60, u_super: 0.00010, sec: 22.228, t_ads: 11933.0, t_des: 12045.0, bed_util_ads: 0.567, bed_util_des: 0.204, frac_lost: 0.500, li_recovered:  25.967
L: 1.08, u_super: 0.00010, sec: 34.721, t_ads: 30431.0, t_des: 30743.0, bed_util_ads: 0.702, bed_util_des: 0.114, frac_lost: 0.500, li_recovered:  41.990
L: 1.15, u_super: 0.00010, sec: 120.843, t_ads: 8683.0, t_des: 2912.0, bed_util_ads: 0.518, bed_util_des: 0.487, frac_lost: 0.500, li_recovered:  2.237
L: 0.62, u_super: 0.00243, sec: 12828.851, t_ads: 237.0, t_des: 1842.0, bed_util_ads: 0.237, bed_util_des: 0.205, frac_lost: 0.500, li_recovered:  2.282
L: 1.58, u_super: 0.00010, sec: 47.081, t_ads: 45976.0, t_des: 39792.0, bed_util_ads: 0.746, bed_util_des: 0.126, frac_lost: 0.500, li_recovered:  44.297
L: 0.60, u_super: 0.00010, sec: 27.986, t_ads: 7163.0, t_des: 5003.0, bed_util_ads: 0.516, bed_util_des: 0.373, frac_lost: 0.500, li_recovered:  10.242
     6 |      240 |  3.361248E+03 |  2.190102E+01
L: 0.67, u_super: 0.00010, sec: 23.350, t_ads: 14348.0, t_des: 14151.0, bed_util_ads: 0.591, bed_util_des: 0.195, frac_lost: 0.500, li_recovered:  28.359
L: 0.66, u_super: 0.00059, sec: 576.180, t_ads: 1355.0, t_des: 5282.0, bed_util_ads: 0.322, bed_util_des: 0.192, frac_lost: 0.500, li_recovered:  9.249
L: 1.08, u_super: 0.00012, sec: 42.603, t_ads: 18701.0, t_des: 16129.0, bed_util_ads: 0.614, bed_util_des: 0.237, frac_lost: 0.500, li_recovered:  26.962
L: 0.77, u_super: 0.00039, sec: 228.977, t_ads: 2852.0, t_des: 6636.0, bed_util_ads: 0.395, bed_util_des: 0.194, frac_lost: 0.500, li_recovered:  14.371
L: 1.06, u_super: 0.00098, sec: 1272.115, t_ads: 1159.0, t_des: 2410.0, bed_util_ads: 0.367, bed_util_des: 0.279, frac_lost: 0.500, li_recovered:  6.276
L: 0.61, u_super: 0.00141, sec: 4611.507, t_ads: 430.0, t_des: 3575.0, bed_util_ads: 0.237, bed_util_des: 0.180, frac_lost: 0.500, li_recovered:  4.098
L: 0.67, u_super: 0.00010, sec: 26.450, t_ads: 10046.0, t_des: 8193.0, bed_util_ads: 0.541, bed_util_des: 0.307, frac_lost: 0.500, li_recovered:  16.717
L: 0.60, u_super: 0.00215, sec: 6367.034, t_ads: 256.0, t_des: 740.0, bed_util_ads: 0.330, bed_util_des: 0.306, frac_lost: 0.501, li_recovered:  1.720
L: 0.69, u_super: 0.00017, sec: 49.000, t_ads: 8021.0, t_des: 10717.0, bed_util_ads: 0.517, bed_util_des: 0.178, frac_lost: 0.500, li_recovered:  24.222
L: 0.60, u_super: 0.00010, sec: 22.104, t_ads: 13442.0, t_des: 15288.0, bed_util_ads: 0.586, bed_util_des: 0.162, frac_lost: 0.500, li_recovered:  30.317
L: 0.60, u_super: 0.00010, sec: 25.386, t_ads: 15438.0, t_des: 24373.0, bed_util_ads: 0.612, bed_util_des: 0.100, frac_lost: 0.500, li_recovered:  36.640
L: 0.82, u_super: 0.00010, sec: 46.013, t_ads: 7960.0, t_des: 4309.0, bed_util_ads: 0.520, bed_util_des: 0.433, frac_lost: 0.500, li_recovered:  6.245
L: 1.16, u_super: 0.00420, sec: 30115.764, t_ads: 257.0, t_des: 1213.0, bed_util_ads: 0.281, bed_util_des: 0.252, frac_lost: 0.500, li_recovered:  2.108
L: 0.69, u_super: 0.00010, sec: 39.620, t_ads: 6751.0, t_des: 3766.0, bed_util_ads: 0.517, bed_util_des: 0.429, frac_lost: 0.500, li_recovered:  6.249
L: 0.60, u_super: 0.00010, sec: 21.885, t_ads: 12640.0, t_des: 13361.0, bed_util_ads: 0.576, bed_util_des: 0.186, frac_lost: 0.500, li_recovered:  27.928
L: 0.60, u_super: 0.00511, sec: 34534.609, t_ads: 104.0, t_des: 182.0, bed_util_ads: 0.389, bed_util_des: 0.381, frac_lost: 0.503, li_recovered:  0.536
L: 0.60, u_super: 0.00010, sec: 24.204, t_ads: 8862.0, t_des: 7298.0, bed_util_ads: 0.530, bed_util_des: 0.308, frac_lost: 0.500, li_recovered:  15.870
L: 1.70, u_super: 0.00010, sec: 56.527, t_ads: 29889.0, t_des: 21704.0, bed_util_ads: 0.624, bed_util_des: 0.326, frac_lost: 0.500, li_recovered:  21.281
L: 0.87, u_super: 0.00010, sec: 29.244, t_ads: 17321.0, t_des: 14902.0, bed_util_ads: 0.604, bed_util_des: 0.245, frac_lost: 0.500, li_recovered:  25.618
L: 1.81, u_super: 0.00010, sec: 54.445, t_ads: 41903.0, t_des: 32303.0, bed_util_ads: 0.693, bed_util_des: 0.247, frac_lost: 0.500, li_recovered:  31.949
L: 0.60, u_super: 0.00017, sec: 46.129, t_ads: 5484.0, t_des: 6077.0, bed_util_ads: 0.480, bed_util_des: 0.247, frac_lost: 0.500, li_recovered:  16.704
L: 0.60, u_super: 0.00145, sec: 3213.292, t_ads: 394.0, t_des: 1526.0, bed_util_ads: 0.301, bed_util_des: 0.259, frac_lost: 0.500, li_recovered:  2.964
L: 0.60, u_super: 0.00010, sec: 23.569, t_ads: 12898.0, t_des: 15269.0, bed_util_ads: 0.581, bed_util_des: 0.158, frac_lost: 0.500, li_recovered:  30.267
L: 0.60, u_super: 0.00126, sec: 2052.298, t_ads: 446.0, t_des: 976.0, bed_util_ads: 0.358, bed_util_des: 0.322, frac_lost: 0.501, li_recovered:  2.588
L: 0.93, u_super: 0.00010, sec: 30.686, t_ads: 21140.0, t_des: 19263.0, bed_util_ads: 0.639, bed_util_des: 0.191, frac_lost: 0.500, li_recovered:  32.037
L: 0.63, u_super: 0.00010, sec: 29.919, t_ads: 16415.0, t_des: 30006.0, bed_util_ads: 0.623, bed_util_des: 0.081, frac_lost: 0.500, li_recovered:  38.792
L: 1.76, u_super: 0.00068, sec: 858.434, t_ads: 4628.0, t_des: 12481.0, bed_util_ads: 0.436, bed_util_des: 0.135, frac_lost: 0.500, li_recovered:  21.514
L: 0.60, u_super: 0.00325, sec: 20233.652, t_ads: 169.0, t_des: 1054.0, bed_util_ads: 0.256, bed_util_des: 0.234, frac_lost: 0.502, li_recovered:  1.543
L: 1.18, u_super: 0.00010, sec: 38.777, t_ads: 22702.0, t_des: 17967.0, bed_util_ads: 0.621, bed_util_des: 0.280, frac_lost: 0.500, li_recovered:  24.394
L: 0.61, u_super: 0.00011, sec: 23.447, t_ads: 11457.0, t_des: 11609.0, bed_util_ads: 0.562, bed_util_des: 0.207, frac_lost: 0.500, li_recovered:  25.417
L: 0.61, u_super: 0.00010, sec: 23.533, t_ads: 13048.0, t_des: 15163.0, bed_util_ads: 0.583, bed_util_des: 0.161, frac_lost: 0.500, li_recovered:  30.171
L: 0.61, u_super: 0.00010, sec: 22.732, t_ads: 10553.0, t_des: 9499.0, bed_util_ads: 0.549, bed_util_des: 0.260, frac_lost: 0.500, li_recovered:  20.678
L: 0.90, u_super: 0.00010, sec: 29.202, t_ads: 20677.0, t_des: 18774.0, bed_util_ads: 0.635, bed_util_des: 0.196, frac_lost: 0.500, li_recovered:  31.432
L: 0.65, u_super: 0.00010, sec: 23.352, t_ads: 13420.0, t_des: 13338.0, bed_util_ads: 0.582, bed_util_des: 0.198, frac_lost: 0.500, li_recovered:  27.466
L: 0.61, u_super: 0.00107, sec: 2116.633, t_ads: 577.0, t_des: 3240.0, bed_util_ads: 0.272, bed_util_des: 0.204, frac_lost: 0.500, li_recovered:  4.828
L: 0.73, u_super: 0.00010, sec: 27.142, t_ads: 19009.0, t_des: 23808.0, bed_util_ads: 0.640, bed_util_des: 0.114, frac_lost: 0.500, li_recovered:  37.596
L: 0.60, u_super: 0.00010, sec: 63.348, t_ads: 4844.0, t_des: 1902.0, bed_util_ads: 0.521, bed_util_des: 0.487, frac_lost: 0.500, li_recovered:  2.483
L: 0.62, u_super: 0.00243, sec: 13692.798, t_ads: 238.0, t_des: 2058.0, bed_util_ads: 0.229, bed_util_des: 0.196, frac_lost: 0.501, li_recovered:  2.361
L: 1.58, u_super: 0.00010, sec: 47.203, t_ads: 44071.0, t_des: 37348.0, bed_util_ads: 0.735, bed_util_des: 0.148, frac_lost: 0.500, li_recovered:  41.942
L: 1.18, u_super: 0.00010, sec: 36.206, t_ads: 31011.0, t_des: 27455.0, bed_util_ads: 0.692, bed_util_des: 0.163, frac_lost: 0.500, li_recovered:  37.813
     7 |      280 |  2.575512E+03 |  2.188496E+01
L: 0.60, u_super: 0.00010, sec: 21.951, t_ads: 12533.0, t_des: 12926.0, bed_util_ads: 0.574, bed_util_des: 0.193, frac_lost: 0.500, li_recovered:  27.259
L: 0.60, u_super: 0.00010, sec: 22.997, t_ads: 12130.0, t_des: 13114.0, bed_util_ads: 0.571, bed_util_des: 0.184, frac_lost: 0.500, li_recovered:  27.701
L: 1.08, u_super: 0.00012, sec: 42.132, t_ads: 19610.0, t_des: 17268.0, bed_util_ads: 0.624, bed_util_des: 0.220, frac_lost: 0.500, li_recovered:  28.867
L: 0.77, u_super: 0.00078, sec: 887.180, t_ads: 1090.0, t_des: 3339.0, bed_util_ads: 0.333, bed_util_des: 0.235, frac_lost: 0.500, li_recovered:  7.017
L: 1.06, u_super: 0.00010, sec: 35.772, t_ads: 19926.0, t_des: 16002.0, bed_util_ads: 0.609, bed_util_des: 0.279, frac_lost: 0.500, li_recovered:  23.539
L: 0.61, u_super: 0.00010, sec: 26.913, t_ads: 7740.0, t_des: 5632.0, bed_util_ads: 0.520, bed_util_des: 0.358, frac_lost: 0.500, li_recovered:  11.565
L: 1.15, u_super: 0.00010, sec: 36.858, t_ads: 25832.0, t_des: 21870.0, bed_util_ads: 0.655, bed_util_des: 0.217, frac_lost: 0.500, li_recovered:  31.375
L: 0.63, u_super: 0.00010, sec: 24.498, t_ads: 9540.0, t_des: 7850.0, bed_util_ads: 0.537, bed_util_des: 0.306, frac_lost: 0.500, li_recovered:  16.520
L: 0.60, u_super: 0.00017, sec: 49.378, t_ads: 7128.0, t_des: 12275.0, bed_util_ads: 0.499, bed_util_des: 0.151, frac_lost: 0.500, li_recovered:  24.889
L: 0.60, u_super: 0.00010, sec: 46.599, t_ads: 17446.0, t_des: 68792.0, bed_util_ads: 0.638, bed_util_des: 0.034, frac_lost: 0.500, li_recovered:  43.166
L: 0.60, u_super: 0.00010, sec: 31.840, t_ads: 16619.0, t_des: 38475.0, bed_util_ads: 0.627, bed_util_des: 0.062, frac_lost: 0.500, li_recovered:  40.427
L: 0.82, u_super: 0.00013, sec: 64.111, t_ads: 6061.0, t_des: 3346.0, bed_util_ads: 0.515, bed_util_des: 0.433, frac_lost: 0.500, li_recovered:  5.844
L: 1.16, u_super: 0.00010, sec: 37.730, t_ads: 24247.0, t_des: 19834.0, bed_util_ads: 0.637, bed_util_des: 0.252, frac_lost: 0.500, li_recovered:  27.567
L: 0.69, u_super: 0.00010, sec: 24.238, t_ads: 15998.0, t_des: 17177.0, bed_util_ads: 0.610, bed_util_des: 0.159, frac_lost: 0.500, li_recovered:  32.218
L: 0.60, u_super: 0.00010, sec: 22.246, t_ads: 10781.0, t_des: 9998.0, bed_util_ads: 0.552, bed_util_des: 0.245, frac_lost: 0.500, li_recovered:  21.957
L: 0.67, u_super: 0.00511, sec: 34665.738, t_ads: 115.0, t_des: 199.0, bed_util_ads: 0.390, bed_util_des: 0.381, frac_lost: 0.501, li_recovered:  0.587
L: 0.60, u_super: 0.00010, sec: 22.570, t_ads: 10533.0, t_des: 9657.0, bed_util_ads: 0.549, bed_util_des: 0.252, frac_lost: 0.500, li_recovered:  21.264
L: 0.67, u_super: 0.00010, sec: 24.451, t_ads: 11587.0, t_des: 10091.0, bed_util_ads: 0.558, bed_util_des: 0.269, frac_lost: 0.500, li_recovered:  20.672
L: 1.13, u_super: 0.00010, sec: 36.258, t_ads: 23991.0, t_des: 19806.0, bed_util_ads: 0.638, bed_util_des: 0.245, frac_lost: 0.500, li_recovered:  28.084
L: 1.81, u_super: 0.00010, sec: 52.025, t_ads: 52541.0, t_des: 43175.0, bed_util_ads: 0.752, bed_util_des: 0.149, frac_lost: 0.500, li_recovered:  43.128
L: 0.60, u_super: 0.00167, sec: 4595.971, t_ads: 340.0, t_des: 1551.0, bed_util_ads: 0.285, bed_util_des: 0.247, frac_lost: 0.500, li_recovered:  2.731
L: 0.60, u_super: 0.00260, sec: 11156.480, t_ads: 211.0, t_des: 972.0, bed_util_ads: 0.283, bed_util_des: 0.259, frac_lost: 0.501, li_recovered:  1.725
L: 0.60, u_super: 0.00010, sec: 23.547, t_ads: 12870.0, t_des: 15251.0, bed_util_ads: 0.581, bed_util_des: 0.158, frac_lost: 0.500, li_recovered:  30.246
L: 0.60, u_super: 0.00126, sec: 2052.273, t_ads: 446.0, t_des: 976.0, bed_util_ads: 0.358, bed_util_des: 0.322, frac_lost: 0.501, li_recovered:  2.588
L: 0.62, u_super: 0.00010, sec: 22.959, t_ads: 12842.0, t_des: 13232.0, bed_util_ads: 0.578, bed_util_des: 0.191, frac_lost: 0.500, li_recovered:  27.633
L: 0.72, u_super: 0.00010, sec: 31.773, t_ads: 8884.0, t_des: 6377.0, bed_util_ads: 0.528, bed_util_des: 0.360, frac_lost: 0.500, li_recovered:  12.009
L: 1.76, u_super: 0.00010, sec: 59.229, t_ads: 29671.0, t_des: 21167.0, bed_util_ads: 0.618, bed_util_des: 0.337, frac_lost: 0.500, li_recovered:  20.068
L: 0.60, u_super: 0.00010, sec: 21.977, t_ads: 11168.0, t_des: 10553.0, bed_util_ads: 0.557, bed_util_des: 0.234, frac_lost: 0.500, li_recovered:  23.096
L: 0.60, u_super: 0.00010, sec: 23.141, t_ads: 9681.0, t_des: 8430.0, bed_util_ads: 0.539, bed_util_des: 0.280, frac_lost: 0.500, li_recovered:  18.563
L: 0.61, u_super: 0.00011, sec: 24.201, t_ads: 13059.0, t_des: 15742.0, bed_util_ads: 0.583, bed_util_des: 0.153, frac_lost: 0.500, li_recovered:  30.748
L: 0.67, u_super: 0.00010, sec: 24.764, t_ads: 13193.0, t_des: 12744.0, bed_util_ads: 0.579, bed_util_des: 0.210, frac_lost: 0.500, li_recovered:  26.361
L: 0.61, u_super: 0.00010, sec: 21.958, t_ads: 13120.0, t_des: 13908.0, bed_util_ads: 0.581, bed_util_des: 0.181, frac_lost: 0.500, li_recovered:  28.603
L: 0.84, u_super: 0.00010, sec: 28.180, t_ads: 17426.0, t_des: 15401.0, bed_util_ads: 0.608, bed_util_des: 0.229, frac_lost: 0.500, li_recovered:  27.103
L: 0.65, u_super: 0.00012, sec: 27.847, t_ads: 11326.0, t_des: 11857.0, bed_util_ads: 0.561, bed_util_des: 0.198, frac_lost: 0.500, li_recovered:  25.956
L: 0.60, u_super: 0.00076, sec: 767.135, t_ads: 803.0, t_des: 1921.0, bed_util_ads: 0.350, bed_util_des: 0.284, frac_lost: 0.500, li_recovered:  4.765
L: 0.73, u_super: 0.00010, sec: 33.358, t_ads: 20869.0, t_des: 38658.0, bed_util_ads: 0.660, bed_util_des: 0.066, frac_lost: 0.500, li_recovered:  42.528
L: 0.60, u_super: 0.00010, sec: 63.657, t_ads: 4824.0, t_des: 1897.0, bed_util_ads: 0.521, bed_util_des: 0.487, frac_lost: 0.500, li_recovered:  2.484
L: 0.62, u_super: 0.00243, sec: 19396.850, t_ads: 241.0, t_des: 3469.0, bed_util_ads: 0.191, bed_util_des: 0.154, frac_lost: 0.501, li_recovered:  2.694
L: 0.76, u_super: 0.00010, sec: 27.471, t_ads: 19177.0, t_des: 22290.0, bed_util_ads: 0.639, bed_util_des: 0.126, frac_lost: 0.500, li_recovered:  36.705
L: 0.60, u_super: 0.00010, sec: 27.928, t_ads: 7140.0, t_des: 4988.0, bed_util_ads: 0.516, bed_util_des: 0.373, frac_lost: 0.500, li_recovered:  10.231
     8 |      320 |  1.206264E+03 |  2.188496E+01
L: 0.60, u_super: 0.00032, sec: 189.225, t_ads: 2919.0, t_des: 10281.0, bed_util_ads: 0.378, bed_util_des: 0.145, frac_lost: 0.500, li_recovered:  16.656
L: 0.60, u_super: 0.00010, sec: 23.050, t_ads: 12259.0, t_des: 13436.0, bed_util_ads: 0.573, bed_util_des: 0.179, frac_lost: 0.500, li_recovered:  28.131
L: 1.08, u_super: 0.00078, sec: 890.460, t_ads: 1697.0, t_des: 4527.0, bed_util_ads: 0.357, bed_util_des: 0.220, frac_lost: 0.500, li_recovered:  9.830
L: 0.77, u_super: 0.00010, sec: 26.380, t_ads: 15309.0, t_des: 13675.0, bed_util_ads: 0.592, bed_util_des: 0.235, frac_lost: 0.500, li_recovered:  25.571
L: 1.06, u_super: 0.00010, sec: 35.983, t_ads: 19805.0, t_des: 15915.0, bed_util_ads: 0.608, bed_util_des: 0.279, frac_lost: 0.500, li_recovered:  23.497
L: 0.61, u_super: 0.00010, sec: 22.766, t_ads: 10572.0, t_des: 9450.0, bed_util_ads: 0.549, bed_util_des: 0.263, frac_lost: 0.500, li_recovered:  20.470
L: 0.60, u_super: 0.00010, sec: 22.374, t_ads: 12465.0, t_des: 13370.0, bed_util_ads: 0.575, bed_util_des: 0.183, frac_lost: 0.500, li_recovered:  27.993
L: 0.60, u_super: 0.00010, sec: 24.002, t_ads: 8932.0, t_des: 7402.0, bed_util_ads: 0.531, bed_util_des: 0.305, frac_lost: 0.500, li_recovered:  16.129
L: 0.60, u_super: 0.00017, sec: 45.039, t_ads: 5185.0, t_des: 5070.0, bed_util_ads: 0.481, bed_util_des: 0.280, frac_lost: 0.500, li_recovered:  14.422
L: 0.60, u_super: 0.00010, sec: 22.764, t_ads: 13087.0, t_des: 15057.0, bed_util_ads: 0.583, bed_util_des: 0.162, frac_lost: 0.500, li_recovered:  30.060
L: 0.60, u_super: 0.00010, sec: 24.603, t_ads: 15161.0, t_des: 22489.0, bed_util_ads: 0.609, bed_util_des: 0.109, frac_lost: 0.500, li_recovered:  35.753
L: 0.60, u_super: 0.00010, sec: 21.906, t_ads: 12910.0, t_des: 13955.0, bed_util_ads: 0.580, bed_util_des: 0.178, frac_lost: 0.500, li_recovered:  28.723
L: 1.16, u_super: 0.00010, sec: 37.767, t_ads: 24222.0, t_des: 19816.0, bed_util_ads: 0.637, bed_util_des: 0.252, frac_lost: 0.500, li_recovered:  27.559
L: 0.64, u_super: 0.00010, sec: 23.243, t_ads: 14692.0, t_des: 16320.0, bed_util_ads: 0.599, bed_util_des: 0.159, frac_lost: 0.500, li_recovered:  31.407
L: 0.92, u_super: 0.00010, sec: 29.937, t_ads: 21829.0, t_des: 19949.0, bed_util_ads: 0.644, bed_util_des: 0.186, frac_lost: 0.500, li_recovered:  32.805
L: 0.60, u_super: 0.00511, sec: 102555.711, t_ads: 107.0, t_des: 1936.0, bed_util_ads: 0.172, bed_util_des: 0.154, frac_lost: 0.503, li_recovered:  1.290
L: 0.60, u_super: 0.00010, sec: 22.350, t_ads: 10636.0, t_des: 9736.0, bed_util_ads: 0.550, bed_util_des: 0.252, frac_lost: 0.500, li_recovered:  21.338
L: 0.67, u_super: 0.00010, sec: 24.379, t_ads: 11622.0, t_des: 10118.0, bed_util_ads: 0.558, bed_util_des: 0.269, frac_lost: 0.500, li_recovered:  20.696
L: 1.20, u_super: 0.00010, sec: 38.401, t_ads: 25547.0, t_des: 20928.0, bed_util_ads: 0.645, bed_util_des: 0.245, frac_lost: 0.500, li_recovered:  28.551
L: 1.81, u_super: 0.00010, sec: 53.106, t_ads: 51448.0, t_des: 42423.0, bed_util_ads: 0.750, bed_util_des: 0.149, frac_lost: 0.500, li_recovered:  42.978
L: 0.60, u_super: 0.00016, sec: 58.511, t_ads: 8962.0, t_des: 24103.0, bed_util_ads: 0.529, bed_util_des: 0.087, frac_lost: 0.500, li_recovered:  31.659
L: 0.97, u_super: 0.00010, sec: 32.643, t_ads: 19047.0, t_des: 15871.0, bed_util_ads: 0.610, bed_util_des: 0.259, frac_lost: 0.500, li_recovered:  25.085
L: 0.67, u_super: 0.00010, sec: 25.186, t_ads: 14921.0, t_des: 16577.0, bed_util_ads: 0.601, bed_util_des: 0.158, frac_lost: 0.500, li_recovered:  31.674
L: 0.61, u_super: 0.00126, sec: 2054.874, t_ads: 450.0, t_des: 981.0, bed_util_ads: 0.358, bed_util_des: 0.322, frac_lost: 0.500, li_recovered:  2.601
L: 0.62, u_super: 0.00010, sec: 23.049, t_ads: 13229.0, t_des: 14096.0, bed_util_ads: 0.583, bed_util_des: 0.179, frac_lost: 0.500, li_recovered:  28.846
L: 0.60, u_super: 0.00010, sec: 22.788, t_ads: 11867.0, t_des: 12341.0, bed_util_ads: 0.567, bed_util_des: 0.196, frac_lost: 0.500, li_recovered:  26.559
L: 1.76, u_super: 0.00010, sec: 53.748, t_ads: 38822.0, t_des: 29672.0, bed_util_ads: 0.679, bed_util_des: 0.262, frac_lost: 0.500, li_recovered:  29.794
L: 0.61, u_super: 0.00010, sec: 22.276, t_ads: 11440.0, t_des: 10762.0, bed_util_ads: 0.560, bed_util_des: 0.234, frac_lost: 0.500, li_recovered:  23.290
L: 0.60, u_super: 0.00010, sec: 23.256, t_ads: 9765.0, t_des: 8494.0, bed_util_ads: 0.540, bed_util_des: 0.280, frac_lost: 0.500, li_recovered:  18.623
L: 0.60, u_super: 0.00010, sec: 21.704, t_ads: 12042.0, t_des: 12029.0, bed_util_ads: 0.568, bed_util_des: 0.207, frac_lost: 0.500, li_recovered:  25.854
L: 0.61, u_super: 0.00010, sec: 22.018, t_ads: 12057.0, t_des: 11910.0, bed_util_ads: 0.568, bed_util_des: 0.210, frac_lost: 0.500, li_recovered:  25.582
L: 0.61, u_super: 0.00010, sec: 22.198, t_ads: 11308.0, t_des: 10573.0, bed_util_ads: 0.558, bed_util_des: 0.238, frac_lost: 0.500, li_recovered:  22.906
L: 0.60, u_super: 0.00010, sec: 21.997, t_ads: 13356.0, t_des: 15004.0, bed_util_ads: 0.585, bed_util_des: 0.166, frac_lost: 0.500, li_recovered:  29.997
L: 0.84, u_super: 0.00010, sec: 28.183, t_ads: 18514.0, t_des: 17088.0, bed_util_ads: 0.622, bed_util_des: 0.198, frac_lost: 0.500, li_recovered:  30.279
L: 0.60, u_super: 0.00010, sec: 21.751, t_ads: 11978.0, t_des: 11823.0, bed_util_ads: 0.567, bed_util_des: 0.211, frac_lost: 0.500, li_recovered:  25.458
L: 0.73, u_super: 0.00010, sec: 26.823, t_ads: 19204.0, t_des: 23923.0, bed_util_ads: 0.641, bed_util_des: 0.114, frac_lost: 0.500, li_recovered:  37.696
L: 0.60, u_super: 0.00010, sec: 63.544, t_ads: 4829.0, t_des: 1899.0, bed_util_ads: 0.521, bed_util_des: 0.487, frac_lost: 0.500, li_recovered:  2.486
L: 0.62, u_super: 0.00010, sec: 29.216, t_ads: 7152.0, t_des: 4862.0, bed_util_ads: 0.517, bed_util_des: 0.381, frac_lost: 0.500, li_recovered:  9.702
L: 0.60, u_super: 0.00010, sec: 24.143, t_ads: 14193.0, t_des: 19274.0, bed_util_ads: 0.598, bed_util_des: 0.126, frac_lost: 0.500, li_recovered:  33.707
L: 0.60, u_super: 0.00010, sec: 27.639, t_ads: 7206.0, t_des: 5031.0, bed_util_ads: 0.517, bed_util_des: 0.373, frac_lost: 0.500, li_recovered:  10.265
     9 |      360 |  9.419508E+02 |  2.170399E+01
L: 0.60, u_super: 0.00068, sec: 814.751, t_ads: 1000.0, t_des: 4670.0, bed_util_ads: 0.298, bed_util_des: 0.193, frac_lost: 0.500, li_recovered:  7.513
L: 1.20, u_super: 0.00010, sec: 38.565, t_ads: 28838.0, t_des: 25130.0, bed_util_ads: 0.678, bed_util_des: 0.184, frac_lost: 0.500, li_recovered:  35.314
L: 1.08, u_super: 0.00010, sec: 34.178, t_ads: 24366.0, t_des: 20719.0, bed_util_ads: 0.648, bed_util_des: 0.220, frac_lost: 0.500, li_recovered:  30.605
L: 0.77, u_super: 0.00010, sec: 25.783, t_ads: 17838.0, t_des: 17446.0, bed_util_ads: 0.621, bed_util_des: 0.176, frac_lost: 0.500, li_recovered:  31.849
L: 0.60, u_super: 0.00010, sec: 22.954, t_ads: 9763.0, t_des: 8499.0, bed_util_ads: 0.540, bed_util_des: 0.279, frac_lost: 0.500, li_recovered:  18.646
L: 0.73, u_super: 0.00010, sec: 24.909, t_ads: 16771.0, t_des: 16641.0, bed_util_ads: 0.613, bed_util_des: 0.177, frac_lost: 0.500, li_recovered:  31.190
L: 0.67, u_super: 0.00010, sec: 23.934, t_ads: 14254.0, t_des: 14599.0, bed_util_ads: 0.592, bed_util_des: 0.183, frac_lost: 0.500, li_recovered:  29.226
L: 0.60, u_super: 0.00010, sec: 23.749, t_ads: 9024.0, t_des: 7470.0, bed_util_ads: 0.532, bed_util_des: 0.305, frac_lost: 0.500, li_recovered:  16.189
L: 0.60, u_super: 0.00017, sec: 45.031, t_ads: 5182.0, t_des: 5067.0, bed_util_ads: 0.481, bed_util_des: 0.280, frac_lost: 0.500, li_recovered:  14.416
L: 0.60, u_super: 0.00010, sec: 22.776, t_ads: 13080.0, t_des: 15052.0, bed_util_ads: 0.583, bed_util_des: 0.162, frac_lost: 0.500, li_recovered:  30.054
L: 0.60, u_super: 0.00010, sec: 24.539, t_ads: 15194.0, t_des: 22508.0, bed_util_ads: 0.609, bed_util_des: 0.109, frac_lost: 0.500, li_recovered:  35.777
L: 0.60, u_super: 0.00010, sec: 22.567, t_ads: 13874.0, t_des: 16782.0, bed_util_ads: 0.592, bed_util_des: 0.147, frac_lost: 0.500, li_recovered:  31.816
L: 0.60, u_super: 0.00010, sec: 22.414, t_ads: 10555.0, t_des: 9681.0, bed_util_ads: 0.550, bed_util_des: 0.252, frac_lost: 0.500, li_recovered:  21.302
L: 0.64, u_super: 0.00010, sec: 23.526, t_ads: 14530.0, t_des: 16214.0, bed_util_ads: 0.597, bed_util_des: 0.159, frac_lost: 0.500, li_recovered:  31.302
L: 0.60, u_super: 0.00010, sec: 22.648, t_ads: 13862.0, t_des: 16829.0, bed_util_ads: 0.592, bed_util_des: 0.147, frac_lost: 0.500, li_recovered:  31.856
L: 0.60, u_super: 0.00511, sec: 44384.273, t_ads: 105.0, t_des: 496.0, bed_util_ads: 0.282, bed_util_des: 0.270, frac_lost: 0.501, li_recovered:  0.877
L: 0.60, u_super: 0.00013, sec: 32.331, t_ads: 7423.0, t_des: 7296.0, bed_util_ads: 0.512, bed_util_des: 0.252, frac_lost: 0.500, li_recovered:  18.626
L: 0.60, u_super: 0.00010, sec: 22.534, t_ads: 10149.0, t_des: 9006.0, bed_util_ads: 0.545, bed_util_des: 0.269, frac_lost: 0.500, li_recovered:  19.728
L: 0.87, u_super: 0.00010, sec: 28.350, t_ads: 19990.0, t_des: 18372.0, bed_util_ads: 0.632, bed_util_des: 0.192, frac_lost: 0.500, li_recovered:  31.460
L: 0.60, u_super: 0.00010, sec: 22.517, t_ads: 13803.0, t_des: 16564.0, bed_util_ads: 0.591, bed_util_des: 0.149, frac_lost: 0.500, li_recovered:  31.613
L: 0.60, u_super: 0.00017, sec: 46.053, t_ads: 5457.0, t_des: 6059.0, bed_util_ads: 0.480, bed_util_des: 0.247, frac_lost: 0.500, li_recovered:  16.666
L: 0.97, u_super: 0.00010, sec: 35.072, t_ads: 28990.0, t_des: 38391.0, bed_util_ads: 0.703, bed_util_des: 0.076, frac_lost: 0.500, li_recovered:  44.832
L: 0.60, u_super: 0.00010, sec: 23.153, t_ads: 10588.0, t_des: 10098.0, bed_util_ads: 0.551, bed_util_des: 0.235, frac_lost: 0.500, li_recovered:  22.628
L: 0.78, u_super: 0.00126, sec: 2041.820, t_ads: 590.0, t_des: 1180.0, bed_util_ads: 0.367, bed_util_des: 0.322, frac_lost: 0.500, li_recovered:  3.237
L: 0.62, u_super: 0.00010, sec: 22.365, t_ads: 13170.0, t_des: 13461.0, bed_util_ads: 0.581, bed_util_des: 0.191, frac_lost: 0.500, li_recovered:  27.861
L: 0.60, u_super: 0.00010, sec: 22.757, t_ads: 11833.0, t_des: 12318.0, bed_util_ads: 0.567, bed_util_des: 0.196, frac_lost: 0.500, li_recovered:  26.534
L: 0.60, u_super: 0.00010, sec: 22.396, t_ads: 10339.0, t_des: 9283.0, bed_util_ads: 0.547, bed_util_des: 0.262, frac_lost: 0.500, li_recovered:  20.339
L: 0.63, u_super: 0.00033, sec: 154.235, t_ads: 2513.0, t_des: 4671.0, bed_util_ads: 0.400, bed_util_des: 0.234, frac_lost: 0.500, li_recovered:  11.831
L: 0.60, u_super: 0.00010, sec: 23.139, t_ads: 9679.0, t_des: 8429.0, bed_util_ads: 0.539, bed_util_des: 0.280, frac_lost: 0.500, li_recovered:  18.562
L: 0.60, u_super: 0.00013, sec: 32.810, t_ads: 8185.0, t_des: 9332.0, bed_util_ads: 0.521, bed_util_des: 0.207, frac_lost: 0.500, li_recovered:  22.479
L: 0.60, u_super: 0.00010, sec: 22.724, t_ads: 14059.0, t_des: 17043.0, bed_util_ads: 0.594, bed_util_des: 0.146, frac_lost: 0.500, li_recovered:  32.072
L: 0.61, u_super: 0.00010, sec: 21.942, t_ads: 13129.0, t_des: 13914.0, bed_util_ads: 0.581, bed_util_des: 0.181, frac_lost: 0.500, li_recovered:  28.609
L: 0.60, u_super: 0.00010, sec: 23.583, t_ads: 9153.0, t_des: 7636.0, bed_util_ads: 0.533, bed_util_des: 0.302, frac_lost: 0.500, li_recovered:  16.564
L: 0.65, u_super: 0.00010, sec: 22.939, t_ads: 13657.0, t_des: 13508.0, bed_util_ads: 0.585, bed_util_des: 0.198, frac_lost: 0.500, li_recovered:  27.621
L: 0.60, u_super: 0.00010, sec: 21.762, t_ads: 11972.0, t_des: 11819.0, bed_util_ads: 0.567, bed_util_des: 0.211, frac_lost: 0.500, li_recovered:  25.454
L: 0.73, u_super: 0.00010, sec: 26.609, t_ads: 19315.0, t_des: 23946.0, bed_util_ads: 0.642, bed_util_des: 0.115, frac_lost: 0.500, li_recovered:  37.729
L: 0.60, u_super: 0.00010, sec: 64.149, t_ads: 4795.0, t_des: 1889.0, bed_util_ads: 0.521, bed_util_des: 0.487, frac_lost: 0.500, li_recovered:  2.484
L: 0.60, u_super: 0.00061, sec: 496.407, t_ads: 944.0, t_des: 1047.0, bed_util_ads: 0.429, bed_util_des: 0.381, frac_lost: 0.500, li_recovered:  3.457
L: 0.60, u_super: 0.00010, sec: 23.403, t_ads: 9643.0, t_des: 8478.0, bed_util_ads: 0.539, bed_util_des: 0.276, frac_lost: 0.500, li_recovered:  18.828
L: 0.60, u_super: 0.00010, sec: 27.633, t_ads: 7207.0, t_des: 5032.0, bed_util_ads: 0.517, bed_util_des: 0.373, frac_lost: 0.500, li_recovered:  10.266
    10 |      400 |  9.391774E+02 |  2.170399E+01
L: 0.60, u_super: 0.00010, sec: 22.022, t_ads: 11673.0, t_des: 11303.0, bed_util_ads: 0.563, bed_util_des: 0.220, frac_lost: 0.500, li_recovered:  24.521
L: 0.60, u_super: 0.00010, sec: 23.019, t_ads: 10797.0, t_des: 10420.0, bed_util_ads: 0.554, bed_util_des: 0.228, frac_lost: 0.500, li_recovered:  23.260
L: 1.08, u_super: 0.00010, sec: 33.988, t_ads: 25032.0, t_des: 21515.0, bed_util_ads: 0.654, bed_util_des: 0.210, frac_lost: 0.500, li_recovered:  31.774
L: 0.77, u_super: 0.00010, sec: 25.807, t_ads: 17822.0, t_des: 17435.0, bed_util_ads: 0.621, bed_util_des: 0.176, frac_lost: 0.500, li_recovered:  31.841
L: 0.68, u_super: 0.00034, sec: 157.294, t_ads: 2426.0, t_des: 3370.0, bed_util_ads: 0.418, bed_util_des: 0.279, frac_lost: 0.500, li_recovered:  9.895
L: 0.60, u_super: 0.00010, sec: 22.449, t_ads: 10314.0, t_des: 9255.0, bed_util_ads: 0.546, bed_util_des: 0.263, frac_lost: 0.500, li_recovered:  20.289
L: 0.60, u_super: 0.00010, sec: 22.372, t_ads: 12464.0, t_des: 13369.0, bed_util_ads: 0.575, bed_util_des: 0.183, frac_lost: 0.500, li_recovered:  27.993
L: 0.60, u_super: 0.00010, sec: 22.391, t_ads: 13817.0, t_des: 16468.0, bed_util_ads: 0.591, bed_util_des: 0.150, frac_lost: 0.500, li_recovered:  31.528
L: 0.60, u_super: 0.00017, sec: 53.653, t_ads: 4101.0, t_des: 3071.0, bed_util_ads: 0.487, bed_util_des: 0.369, frac_lost: 0.500, li_recovered:  8.467
L: 0.61, u_super: 0.00010, sec: 22.482, t_ads: 13938.0, t_des: 16419.0, bed_util_ads: 0.592, bed_util_des: 0.152, frac_lost: 0.500, li_recovered:  31.496
L: 0.60, u_super: 0.00010, sec: 24.559, t_ads: 15183.0, t_des: 22502.0, bed_util_ads: 0.609, bed_util_des: 0.109, frac_lost: 0.500, li_recovered:  35.769
L: 0.79, u_super: 0.00010, sec: 26.328, t_ads: 18213.0, t_des: 17621.0, bed_util_ads: 0.624, bed_util_des: 0.178, frac_lost: 0.500, li_recovered:  31.877
L: 0.60, u_super: 0.00010, sec: 22.413, t_ads: 10555.0, t_des: 9681.0, bed_util_ads: 0.550, bed_util_des: 0.252, frac_lost: 0.500, li_recovered:  21.303
L: 0.60, u_super: 0.00010, sec: 22.307, t_ads: 13446.0, t_des: 15510.0, bed_util_ads: 0.587, bed_util_des: 0.159, frac_lost: 0.500, li_recovered:  30.556
L: 0.60, u_super: 0.00010, sec: 23.403, t_ads: 14428.0, t_des: 19100.0, bed_util_ads: 0.600, bed_util_des: 0.129, frac_lost: 0.500, li_recovered:  33.678
L: 0.60, u_super: 0.00085, sec: 943.953, t_ads: 655.0, t_des: 857.0, bed_util_ads: 0.413, bed_util_des: 0.374, frac_lost: 0.501, li_recovered:  2.740
L: 0.60, u_super: 0.00010, sec: 21.858, t_ads: 12718.0, t_des: 13419.0, bed_util_ads: 0.577, bed_util_des: 0.185, frac_lost: 0.500, li_recovered:  27.992
L: 0.60, u_super: 0.00010, sec: 22.534, t_ads: 10364.0, t_des: 9261.0, bed_util_ads: 0.547, bed_util_des: 0.264, frac_lost: 0.500, li_recovered:  20.211
L: 0.87, u_super: 0.00010, sec: 28.606, t_ads: 19018.0, t_des: 17069.0, bed_util_ads: 0.622, bed_util_des: 0.212, frac_lost: 0.500, li_recovered:  29.330
L: 0.60, u_super: 0.00010, sec: 22.387, t_ads: 13875.0, t_des: 16610.0, bed_util_ads: 0.592, bed_util_des: 0.149, frac_lost: 0.500, li_recovered:  31.665
L: 0.60, u_super: 0.00017, sec: 46.053, t_ads: 5457.0, t_des: 6059.0, bed_util_ads: 0.480, bed_util_des: 0.247, frac_lost: 0.500, li_recovered:  16.666
L: 0.60, u_super: 0.00010, sec: 22.478, t_ads: 10364.0, t_des: 9367.0, bed_util_ads: 0.547, bed_util_des: 0.259, frac_lost: 0.500, li_recovered:  20.585
L: 0.60, u_super: 0.00010, sec: 23.151, t_ads: 10587.0, t_des: 10098.0, bed_util_ads: 0.551, bed_util_des: 0.235, frac_lost: 0.500, li_recovered:  22.628
L: 0.78, u_super: 0.00126, sec: 2919.069, t_ads: 639.0, t_des: 3464.0, bed_util_ads: 0.276, bed_util_des: 0.203, frac_lost: 0.500, li_recovered:  5.249
L: 0.62, u_super: 0.00010, sec: 24.306, t_ads: 9642.0, t_des: 8032.0, bed_util_ads: 0.538, bed_util_des: 0.300, frac_lost: 0.500, li_recovered:  17.014
L: 0.60, u_super: 0.00010, sec: 21.905, t_ads: 12272.0, t_des: 12625.0, bed_util_ads: 0.571, bed_util_des: 0.196, frac_lost: 0.500, li_recovered:  26.860
L: 0.60, u_super: 0.00010, sec: 21.639, t_ads: 12168.0, t_des: 12232.0, bed_util_ads: 0.570, bed_util_des: 0.204, frac_lost: 0.500, li_recovered:  26.177
L: 0.60, u_super: 0.00010, sec: 21.974, t_ads: 11166.0, t_des: 10552.0, bed_util_ads: 0.557, bed_util_des: 0.234, frac_lost: 0.500, li_recovered:  23.096
L: 0.60, u_super: 0.00010, sec: 23.705, t_ads: 14427.0, t_des: 19446.0, bed_util_ads: 0.600, bed_util_des: 0.126, frac_lost: 0.500, li_recovered:  33.893
L: 0.60, u_super: 0.00010, sec: 21.796, t_ads: 11992.0, t_des: 11993.0, bed_util_ads: 0.568, bed_util_des: 0.207, frac_lost: 0.500, li_recovered:  25.817
L: 0.61, u_super: 0.00010, sec: 22.131, t_ads: 11595.0, t_des: 11117.0, bed_util_ads: 0.562, bed_util_des: 0.225, frac_lost: 0.500, li_recovered:  24.119
L: 0.66, u_super: 0.00010, sec: 23.196, t_ads: 14638.0, t_des: 14951.0, bed_util_ads: 0.595, bed_util_des: 0.181, frac_lost: 0.500, li_recovered:  29.609
L: 0.60, u_super: 0.00010, sec: 22.191, t_ads: 13637.0, t_des: 15851.0, bed_util_ads: 0.589, bed_util_des: 0.157, frac_lost: 0.500, li_recovered:  30.917
L: 0.65, u_super: 0.00010, sec: 23.418, t_ads: 12149.0, t_des: 11129.0, bed_util_ads: 0.566, bed_util_des: 0.241, frac_lost: 0.500, li_recovered:  23.184
L: 0.60, u_super: 0.00010, sec: 21.691, t_ads: 11916.0, t_des: 11778.0, bed_util_ads: 0.567, bed_util_des: 0.211, frac_lost: 0.500, li_recovered:  25.413
L: 0.73, u_super: 0.00010, sec: 25.194, t_ads: 17829.0, t_des: 18921.0, bed_util_ads: 0.625, bed_util_des: 0.152, frac_lost: 0.500, li_recovered:  33.852
L: 0.60, u_super: 0.00010, sec: 63.352, t_ads: 4842.0, t_des: 1902.0, bed_util_ads: 0.521, bed_util_des: 0.487, frac_lost: 0.500, li_recovered:  2.484
L: 0.60, u_super: 0.00010, sec: 28.681, t_ads: 6942.0, t_des: 4729.0, bed_util_ads: 0.515, bed_util_des: 0.381, frac_lost: 0.500, li_recovered:  9.601
L: 0.60, u_super: 0.00010, sec: 23.401, t_ads: 9642.0, t_des: 8477.0, bed_util_ads: 0.539, bed_util_des: 0.276, frac_lost: 0.500, li_recovered:  18.828
L: 0.60, u_super: 0.00010, sec: 27.711, t_ads: 7189.0, t_des: 5020.0, bed_util_ads: 0.517, bed_util_des: 0.373, frac_lost: 0.500, li_recovered:  10.255
    11 |      440 |  9.898051E+01 |  2.163859E+01
L: 0.60, u_super: 0.00010, sec: 21.833, t_ads: 12400.0, t_des: 12834.0, bed_util_ads: 0.573, bed_util_des: 0.193, frac_lost: 0.500, li_recovered:  27.164
L: 0.60, u_super: 0.00010, sec: 23.054, t_ads: 12193.0, t_des: 13157.0, bed_util_ads: 0.572, bed_util_des: 0.184, frac_lost: 0.500, li_recovered:  27.749
L: 1.08, u_super: 0.00010, sec: 33.977, t_ads: 25039.0, t_des: 21521.0, bed_util_ads: 0.654, bed_util_des: 0.210, frac_lost: 0.500, li_recovered:  31.777
L: 0.77, u_super: 0.00010, sec: 26.304, t_ads: 15496.0, t_des: 13928.0, bed_util_ads: 0.595, bed_util_des: 0.230, frac_lost: 0.500, li_recovered:  26.035
L: 0.60, u_super: 0.00010, sec: 22.878, t_ads: 9797.0, t_des: 8524.0, bed_util_ads: 0.540, bed_util_des: 0.279, frac_lost: 0.500, li_recovered:  18.669
L: 0.60, u_super: 0.00010, sec: 22.471, t_ads: 10303.0, t_des: 9247.0, bed_util_ads: 0.546, bed_util_des: 0.263, frac_lost: 0.500, li_recovered:  20.281
L: 0.60, u_super: 0.00010, sec: 22.375, t_ads: 12467.0, t_des: 13371.0, bed_util_ads: 0.575, bed_util_des: 0.183, frac_lost: 0.500, li_recovered:  27.995
L: 0.60, u_super: 0.00010, sec: 22.313, t_ads: 13860.0, t_des: 16495.0, bed_util_ads: 0.592, bed_util_des: 0.150, frac_lost: 0.500, li_recovered:  31.557
L: 0.60, u_super: 0.00010, sec: 22.859, t_ads: 9796.0, t_des: 8515.0, bed_util_ads: 0.540, bed_util_des: 0.280, frac_lost: 0.500, li_recovered:  18.635
L: 0.60, u_super: 0.00010, sec: 22.095, t_ads: 13430.0, t_des: 15280.0, bed_util_ads: 0.586, bed_util_des: 0.162, frac_lost: 0.500, li_recovered:  30.309
L: 0.60, u_super: 0.00010, sec: 24.507, t_ads: 15136.0, t_des: 22474.0, bed_util_ads: 0.609, bed_util_des: 0.109, frac_lost: 0.500, li_recovered:  35.737
L: 0.60, u_super: 0.00010, sec: 22.174, t_ads: 13415.0, t_des: 15311.0, bed_util_ads: 0.586, bed_util_des: 0.162, frac_lost: 0.500, li_recovered:  30.342
L: 0.66, u_super: 0.00010, sec: 23.888, t_ads: 12144.0, t_des: 10885.0, bed_util_ads: 0.565, bed_util_des: 0.252, frac_lost: 0.500, li_recovered:  22.370
L: 0.60, u_super: 0.00010, sec: 22.793, t_ads: 13186.0, t_des: 15342.0, bed_util_ads: 0.584, bed_util_des: 0.159, frac_lost: 0.500, li_recovered:  30.367
L: 0.60, u_super: 0.00010, sec: 21.826, t_ads: 12273.0, t_des: 12564.0, bed_util_ads: 0.571, bed_util_des: 0.197, frac_lost: 0.500, li_recovered:  26.749
L: 0.60, u_super: 0.00010, sec: 27.784, t_ads: 7170.0, t_des: 4986.0, bed_util_ads: 0.516, bed_util_des: 0.374, frac_lost: 0.500, li_recovered:  10.159
L: 0.60, u_super: 0.00010, sec: 21.728, t_ads: 12790.0, t_des: 13469.0, bed_util_ads: 0.578, bed_util_des: 0.185, frac_lost: 0.500, li_recovered:  28.044
L: 0.60, u_super: 0.00051, sec: 353.530, t_ads: 1281.0, t_des: 2744.0, bed_util_ads: 0.366, bed_util_des: 0.269, frac_lost: 0.500, li_recovered:  6.977
L: 0.87, u_super: 0.00010, sec: 28.606, t_ads: 19805.0, t_des: 18234.0, bed_util_ads: 0.631, bed_util_des: 0.192, frac_lost: 0.500, li_recovered:  31.380
L: 0.60, u_super: 0.00010, sec: 21.891, t_ads: 11229.0, t_des: 10622.0, bed_util_ads: 0.558, bed_util_des: 0.233, frac_lost: 0.500, li_recovered:  23.210
L: 0.60, u_super: 0.00017, sec: 47.702, t_ads: 4784.0, t_des: 4456.0, bed_util_ads: 0.479, bed_util_des: 0.298, frac_lost: 0.500, li_recovered:  12.910
L: 0.60, u_super: 0.00010, sec: 22.477, t_ads: 10364.0, t_des: 9367.0, bed_util_ads: 0.547, bed_util_des: 0.259, frac_lost: 0.500, li_recovered:  20.585
L: 0.60, u_super: 0.00010, sec: 23.008, t_ads: 10960.0, t_des: 10728.0, bed_util_ads: 0.556, bed_util_des: 0.222, frac_lost: 0.500, li_recovered:  23.873
L: 0.60, u_super: 0.00126, sec: 2052.278, t_ads: 446.0, t_des: 976.0, bed_util_ads: 0.358, bed_util_des: 0.322, frac_lost: 0.501, li_recovered:  2.588
L: 0.60, u_super: 0.00010, sec: 21.779, t_ads: 12501.0, t_des: 12994.0, bed_util_ads: 0.574, bed_util_des: 0.191, frac_lost: 0.500, li_recovered:  27.390
L: 0.73, u_super: 0.00010, sec: 25.208, t_ads: 15883.0, t_des: 15213.0, bed_util_ads: 0.604, bed_util_des: 0.196, frac_lost: 0.500, li_recovered:  29.153
L: 0.83, u_super: 0.00010, sec: 27.591, t_ads: 18506.0, t_des: 16926.0, bed_util_ads: 0.621, bed_util_des: 0.204, frac_lost: 0.500, li_recovered:  29.812
L: 0.60, u_super: 0.00010, sec: 22.144, t_ads: 13443.0, t_des: 15351.0, bed_util_ads: 0.587, bed_util_des: 0.162, frac_lost: 0.500, li_recovered:  30.386
L: 0.60, u_super: 0.00010, sec: 23.138, t_ads: 9679.0, t_des: 8429.0, bed_util_ads: 0.539, bed_util_des: 0.280, frac_lost: 0.500, li_recovered:  18.563
L: 0.60, u_super: 0.00010, sec: 21.704, t_ads: 12041.0, t_des: 12028.0, bed_util_ads: 0.568, bed_util_des: 0.207, frac_lost: 0.500, li_recovered:  25.853
L: 0.61, u_super: 0.00010, sec: 22.184, t_ads: 11454.0, t_des: 10891.0, bed_util_ads: 0.560, bed_util_des: 0.229, frac_lost: 0.500, li_recovered:  23.672
L: 0.61, u_super: 0.00010, sec: 21.939, t_ads: 13130.0, t_des: 13914.0, bed_util_ads: 0.581, bed_util_des: 0.181, frac_lost: 0.500, li_recovered:  28.608
L: 0.60, u_super: 0.00010, sec: 21.951, t_ads: 13406.0, t_des: 15037.0, bed_util_ads: 0.586, bed_util_des: 0.166, frac_lost: 0.500, li_recovered:  30.033
L: 0.65, u_super: 0.00010, sec: 22.933, t_ads: 13661.0, t_des: 13511.0, bed_util_ads: 0.585, bed_util_des: 0.198, frac_lost: 0.500, li_recovered:  27.624
L: 0.60, u_super: 0.00010, sec: 21.764, t_ads: 11877.0, t_des: 11750.0, bed_util_ads: 0.566, bed_util_des: 0.211, frac_lost: 0.500, li_recovered:  25.386
L: 0.60, u_super: 0.00010, sec: 22.259, t_ads: 13810.0, t_des: 16327.0, bed_util_ads: 0.591, bed_util_des: 0.152, frac_lost: 0.500, li_recovered:  31.396
L: 0.60, u_super: 0.00010, sec: 63.467, t_ads: 4883.0, t_des: 1913.0, bed_util_ads: 0.521, bed_util_des: 0.487, frac_lost: 0.500, li_recovered:  2.484
L: 0.66, u_super: 0.00010, sec: 30.821, t_ads: 7785.0, t_des: 5260.0, bed_util_ads: 0.521, bed_util_des: 0.381, frac_lost: 0.500, li_recovered:  9.986
L: 0.60, u_super: 0.00010, sec: 26.946, t_ads: 15200.0, t_des: 25815.0, bed_util_ads: 0.611, bed_util_des: 0.093, frac_lost: 0.500, li_recovered:  37.012
L: 0.60, u_super: 0.00010, sec: 27.633, t_ads: 7206.0, t_des: 5031.0, bed_util_ads: 0.517, bed_util_des: 0.373, frac_lost: 0.500, li_recovered:  10.264
    12 |      480 |  7.540382E+01 |  2.163859E+01
L: 0.60, u_super: 0.00010, sec: 21.649, t_ads: 12501.0, t_des: 12904.0, bed_util_ads: 0.574, bed_util_des: 0.193, frac_lost: 0.500, li_recovered:  27.236
L: 0.60, u_super: 0.00010, sec: 21.705, t_ads: 12808.0, t_des: 13576.0, bed_util_ads: 0.578, bed_util_des: 0.184, frac_lost: 0.500, li_recovered:  28.203
L: 1.08, u_super: 0.00010, sec: 33.405, t_ads: 28034.0, t_des: 25335.0, bed_util_ads: 0.680, bed_util_des: 0.162, frac_lost: 0.500, li_recovered:  37.049
L: 0.77, u_super: 0.00010, sec: 26.264, t_ads: 15597.0, t_des: 14066.0, bed_util_ads: 0.596, bed_util_des: 0.228, frac_lost: 0.500, li_recovered:  26.286
L: 0.60, u_super: 0.00010, sec: 22.871, t_ads: 9800.0, t_des: 8527.0, bed_util_ads: 0.540, bed_util_des: 0.279, frac_lost: 0.500, li_recovered:  18.673
L: 0.60, u_super: 0.00010, sec: 22.398, t_ads: 10337.0, t_des: 9273.0, bed_util_ads: 0.547, bed_util_des: 0.263, frac_lost: 0.500, li_recovered:  20.307
L: 0.60, u_super: 0.00010, sec: 21.716, t_ads: 12818.0, t_des: 13611.0, bed_util_ads: 0.578, bed_util_des: 0.183, frac_lost: 0.500, li_recovered:  28.252
L: 0.60, u_super: 0.00010, sec: 21.812, t_ads: 13117.0, t_des: 14326.0, bed_util_ads: 0.582, bed_util_des: 0.174, frac_lost: 0.500, li_recovered:  29.185
L: 0.60, u_super: 0.00010, sec: 22.859, t_ads: 9796.0, t_des: 8515.0, bed_util_ads: 0.540, bed_util_des: 0.280, frac_lost: 0.500, li_recovered:  18.635
L: 0.60, u_super: 0.00010, sec: 21.829, t_ads: 11473.0, t_des: 11030.0, bed_util_ads: 0.561, bed_util_des: 0.225, frac_lost: 0.500, li_recovered:  24.046
L: 0.60, u_super: 0.00010, sec: 24.497, t_ads: 15141.0, t_des: 22477.0, bed_util_ads: 0.609, bed_util_des: 0.109, frac_lost: 0.500, li_recovered:  35.740
L: 0.60, u_super: 0.00010, sec: 22.300, t_ads: 10624.0, t_des: 9746.0, bed_util_ads: 0.550, bed_util_des: 0.251, frac_lost: 0.500, li_recovered:  21.395
L: 0.60, u_super: 0.00010, sec: 22.414, t_ads: 10555.0, t_des: 9681.0, bed_util_ads: 0.550, bed_util_des: 0.252, frac_lost: 0.500, li_recovered:  21.303
L: 0.60, u_super: 0.00010, sec: 22.306, t_ads: 13445.0, t_des: 15509.0, bed_util_ads: 0.587, bed_util_des: 0.159, frac_lost: 0.500, li_recovered:  30.555
L: 0.60, u_super: 0.00010, sec: 25.273, t_ads: 14754.0, t_des: 22225.0, bed_util_ads: 0.605, bed_util_des: 0.109, frac_lost: 0.500, li_recovered:  35.458
L: 0.60, u_super: 0.00010, sec: 22.415, t_ads: 13795.0, t_des: 16429.0, bed_util_ads: 0.591, bed_util_des: 0.151, frac_lost: 0.500, li_recovered:  31.489
L: 0.60, u_super: 0.00010, sec: 21.961, t_ads: 12661.0, t_des: 13380.0, bed_util_ads: 0.576, bed_util_des: 0.185, frac_lost: 0.500, li_recovered:  27.950
L: 0.60, u_super: 0.00010, sec: 22.524, t_ads: 10153.0, t_des: 9009.0, bed_util_ads: 0.545, bed_util_des: 0.269, frac_lost: 0.500, li_recovered:  19.730
L: 0.87, u_super: 0.00010, sec: 28.521, t_ads: 22468.0, t_des: 22806.0, bed_util_ads: 0.658, bed_util_des: 0.141, frac_lost: 0.500, li_recovered:  36.907
L: 0.60, u_super: 0.00010, sec: 22.055, t_ads: 13469.0, t_des: 15332.0, bed_util_ads: 0.587, bed_util_des: 0.162, frac_lost: 0.500, li_recovered:  30.366
L: 0.60, u_super: 0.00017, sec: 47.564, t_ads: 6239.0, t_des: 8741.0, bed_util_ads: 0.486, bed_util_des: 0.193, frac_lost: 0.500, li_recovered:  20.991
L: 0.60, u_super: 0.00010, sec: 21.824, t_ads: 12561.0, t_des: 13159.0, bed_util_ads: 0.575, bed_util_des: 0.189, frac_lost: 0.500, li_recovered:  27.636
L: 0.60, u_super: 0.00010, sec: 23.805, t_ads: 9633.0, t_des: 8640.0, bed_util_ads: 0.539, bed_util_des: 0.267, frac_lost: 0.500, li_recovered:  19.441
L: 0.78, u_super: 0.00010, sec: 29.536, t_ads: 11802.0, t_des: 9161.0, bed_util_ads: 0.552, bed_util_des: 0.322, frac_lost: 0.500, li_recovered:  16.459
L: 0.60, u_super: 0.00010, sec: 21.874, t_ads: 12872.0, t_des: 13847.0, bed_util_ads: 0.579, bed_util_des: 0.179, frac_lost: 0.500, li_recovered:  28.581
L: 0.73, u_super: 0.00010, sec: 25.209, t_ads: 15885.0, t_des: 15214.0, bed_util_ads: 0.604, bed_util_des: 0.196, frac_lost: 0.500, li_recovered:  29.154
L: 0.60, u_super: 0.00010, sec: 21.638, t_ads: 12168.0, t_des: 12232.0, bed_util_ads: 0.570, bed_util_des: 0.204, frac_lost: 0.500, li_recovered:  26.178
L: 0.60, u_super: 0.00010, sec: 21.859, t_ads: 11225.0, t_des: 10597.0, bed_util_ads: 0.558, bed_util_des: 0.234, frac_lost: 0.500, li_recovered:  23.138
L: 0.60, u_super: 0.00010, sec: 21.986, t_ads: 12427.0, t_des: 13002.0, bed_util_ads: 0.574, bed_util_des: 0.190, frac_lost: 0.500, li_recovered:  27.434
L: 0.60, u_super: 0.00010, sec: 21.704, t_ads: 12041.0, t_des: 12028.0, bed_util_ads: 0.568, bed_util_des: 0.207, frac_lost: 0.500, li_recovered:  25.852
L: 0.61, u_super: 0.00010, sec: 22.357, t_ads: 11101.0, t_des: 10352.0, bed_util_ads: 0.556, bed_util_des: 0.240, frac_lost: 0.500, li_recovered:  22.551
L: 0.61, u_super: 0.00010, sec: 23.173, t_ads: 9890.0, t_des: 8515.0, bed_util_ads: 0.541, bed_util_des: 0.284, frac_lost: 0.500, li_recovered:  18.409
L: 0.84, u_super: 0.00010, sec: 27.451, t_ads: 20428.0, t_des: 19781.0, bed_util_ads: 0.641, bed_util_des: 0.166, frac_lost: 0.500, li_recovered:  33.951
L: 0.65, u_super: 0.00010, sec: 23.086, t_ads: 14642.0, t_des: 15572.0, bed_util_ads: 0.597, bed_util_des: 0.170, frac_lost: 0.500, li_recovered:  30.513
L: 0.60, u_super: 0.00010, sec: 21.805, t_ads: 12034.0, t_des: 11864.0, bed_util_ads: 0.568, bed_util_des: 0.211, frac_lost: 0.500, li_recovered:  25.499
L: 0.60, u_super: 0.00010, sec: 21.621, t_ads: 12305.0, t_des: 12490.0, bed_util_ads: 0.571, bed_util_des: 0.200, frac_lost: 0.500, li_recovered:  26.592
L: 0.60, u_super: 0.00010, sec: 63.287, t_ads: 4847.0, t_des: 1903.0, bed_util_ads: 0.521, bed_util_des: 0.487, frac_lost: 0.500, li_recovered:  2.483
L: 0.60, u_super: 0.00010, sec: 28.681, t_ads: 6942.0, t_des: 4729.0, bed_util_ads: 0.515, bed_util_des: 0.381, frac_lost: 0.500, li_recovered:  9.601
L: 0.60, u_super: 0.00010, sec: 22.817, t_ads: 10406.0, t_des: 9606.0, bed_util_ads: 0.548, bed_util_des: 0.250, frac_lost: 0.500, li_recovered:  21.327
L: 0.60, u_super: 0.00010, sec: 27.651, t_ads: 7203.0, t_des: 5029.0, bed_util_ads: 0.517, bed_util_des: 0.373, frac_lost: 0.500, li_recovered:  10.262
    13 |      520 |  2.479362E+01 |  2.162143E+01
L: 0.60, u_super: 0.00010, sec: 21.969, t_ads: 12327.0, t_des: 12783.0, bed_util_ads: 0.572, bed_util_des: 0.193, frac_lost: 0.500, li_recovered:  27.110
L: 0.60, u_super: 0.00010, sec: 21.673, t_ads: 12737.0, t_des: 13404.0, bed_util_ads: 0.577, bed_util_des: 0.186, frac_lost: 0.500, li_recovered:  27.960
L: 1.08, u_super: 0.00010, sec: 33.425, t_ads: 28016.0, t_des: 25322.0, bed_util_ads: 0.680, bed_util_des: 0.162, frac_lost: 0.500, li_recovered:  37.043
L: 0.77, u_super: 0.00010, sec: 25.998, t_ads: 18542.0, t_des: 18944.0, bed_util_ads: 0.630, bed_util_des: 0.158, frac_lost: 0.500, li_recovered:  33.695
L: 0.60, u_super: 0.00010, sec: 24.228, t_ads: 8678.0, t_des: 6996.0, bed_util_ads: 0.528, bed_util_des: 0.318, frac_lost: 0.500, li_recovered:  15.076
L: 0.60, u_super: 0.00010, sec: 21.694, t_ads: 11728.0, t_des: 11416.0, bed_util_ads: 0.564, bed_util_des: 0.218, frac_lost: 0.500, li_recovered:  24.744
L: 0.60, u_super: 0.00010, sec: 21.684, t_ads: 12689.0, t_des: 13317.0, bed_util_ads: 0.577, bed_util_des: 0.187, frac_lost: 0.500, li_recovered:  27.841
L: 0.60, u_super: 0.00010, sec: 21.629, t_ads: 12197.0, t_des: 12278.0, bed_util_ads: 0.570, bed_util_des: 0.203, frac_lost: 0.500, li_recovered:  26.249
L: 0.60, u_super: 0.00010, sec: 22.807, t_ads: 9818.0, t_des: 8531.0, bed_util_ads: 0.541, bed_util_des: 0.280, frac_lost: 0.500, li_recovered:  18.648
L: 0.60, u_super: 0.00010, sec: 21.733, t_ads: 11861.0, t_des: 11700.0, bed_util_ads: 0.566, bed_util_des: 0.212, frac_lost: 0.500, li_recovered:  25.288
L: 0.60, u_super: 0.00010, sec: 22.142, t_ads: 13563.0, t_des: 15632.0, bed_util_ads: 0.588, bed_util_des: 0.159, frac_lost: 0.500, li_recovered:  30.688
L: 0.60, u_super: 0.00010, sec: 21.903, t_ads: 12908.0, t_des: 13953.0, bed_util_ads: 0.580, bed_util_des: 0.178, frac_lost: 0.500, li_recovered:  28.722
L: 0.60, u_super: 0.00010, sec: 22.224, t_ads: 10645.0, t_des: 9749.0, bed_util_ads: 0.551, bed_util_des: 0.252, frac_lost: 0.500, li_recovered:  21.366
L: 0.60, u_super: 0.00010, sec: 22.303, t_ads: 10521.0, t_des: 9566.0, bed_util_ads: 0.549, bed_util_des: 0.256, frac_lost: 0.500, li_recovered:  20.973
L: 0.60, u_super: 0.00010, sec: 21.625, t_ads: 12383.0, t_des: 12642.0, bed_util_ads: 0.572, bed_util_des: 0.197, frac_lost: 0.500, li_recovered:  26.829
L: 0.60, u_super: 0.00010, sec: 22.094, t_ads: 10925.0, t_des: 10183.0, bed_util_ads: 0.554, bed_util_des: 0.242, frac_lost: 0.500, li_recovered:  22.311
L: 0.60, u_super: 0.00010, sec: 21.690, t_ads: 12745.0, t_des: 13438.0, bed_util_ads: 0.577, bed_util_des: 0.185, frac_lost: 0.500, li_recovered:  28.011
L: 0.60, u_super: 0.00010, sec: 22.524, t_ads: 10153.0, t_des: 9009.0, bed_util_ads: 0.545, bed_util_des: 0.269, frac_lost: 0.500, li_recovered:  19.730
L: 0.87, u_super: 0.00010, sec: 40.522, t_ads: 26804.0, t_des: 54227.0, bed_util_ads: 0.698, bed_util_des: 0.048, frac_lost: 0.500, li_recovered:  46.492
L: 0.60, u_super: 0.00010, sec: 21.665, t_ads: 12090.0, t_des: 12098.0, bed_util_ads: 0.569, bed_util_des: 0.206, frac_lost: 0.500, li_recovered:  25.960
L: 0.60, u_super: 0.00017, sec: 46.052, t_ads: 5457.0, t_des: 6059.0, bed_util_ads: 0.480, bed_util_des: 0.247, frac_lost: 0.500, li_recovered:  16.667
L: 0.60, u_super: 0.00010, sec: 21.824, t_ads: 12561.0, t_des: 13159.0, bed_util_ads: 0.575, bed_util_des: 0.189, frac_lost: 0.500, li_recovered:  27.636
L: 0.60, u_super: 0.00010, sec: 23.025, t_ads: 12020.0, t_des: 12900.0, bed_util_ads: 0.570, bed_util_des: 0.186, frac_lost: 0.500, li_recovered:  27.411
L: 0.78, u_super: 0.00010, sec: 29.526, t_ads: 11806.0, t_des: 9164.0, bed_util_ads: 0.552, bed_util_des: 0.322, frac_lost: 0.500, li_recovered:  16.461
L: 0.60, u_super: 0.00010, sec: 21.693, t_ads: 12548.0, t_des: 13027.0, bed_util_ads: 0.575, bed_util_des: 0.191, frac_lost: 0.500, li_recovered:  27.425
L: 0.60, u_super: 0.00010, sec: 21.668, t_ads: 12045.0, t_des: 12011.0, bed_util_ads: 0.568, bed_util_des: 0.207, frac_lost: 0.500, li_recovered:  25.814
L: 0.60, u_super: 0.00010, sec: 21.628, t_ads: 12174.0, t_des: 12236.0, bed_util_ads: 0.570, bed_util_des: 0.204, frac_lost: 0.500, li_recovered:  26.182
L: 0.66, u_super: 0.00010, sec: 23.150, t_ads: 14128.0, t_des: 13937.0, bed_util_ads: 0.589, bed_util_des: 0.196, frac_lost: 0.500, li_recovered:  28.107
L: 0.60, u_super: 0.00010, sec: 22.193, t_ads: 13696.0, t_des: 15991.0, bed_util_ads: 0.590, bed_util_des: 0.155, frac_lost: 0.500, li_recovered:  31.061
L: 0.60, u_super: 0.00010, sec: 21.720, t_ads: 11895.0, t_des: 11757.0, bed_util_ads: 0.566, bed_util_des: 0.211, frac_lost: 0.500, li_recovered:  25.386
L: 0.61, u_super: 0.00010, sec: 22.191, t_ads: 13247.0, t_des: 14475.0, bed_util_ads: 0.583, bed_util_des: 0.173, frac_lost: 0.500, li_recovered:  29.359
L: 0.60, u_super: 0.00010, sec: 21.729, t_ads: 12875.0, t_des: 13741.0, bed_util_ads: 0.579, bed_util_des: 0.181, frac_lost: 0.500, li_recovered:  28.428
L: 0.60, u_super: 0.00068, sec: 937.225, t_ads: 1024.0, t_des: 6194.0, bed_util_ads: 0.281, bed_util_des: 0.166, frac_lost: 0.500, li_recovered:  8.255
L: 0.65, u_super: 0.00010, sec: 23.103, t_ads: 12843.0, t_des: 12145.0, bed_util_ads: 0.574, bed_util_des: 0.222, frac_lost: 0.500, li_recovered:  25.217
L: 0.60, u_super: 0.00010, sec: 21.674, t_ads: 12381.0, t_des: 12678.0, bed_util_ads: 0.573, bed_util_des: 0.196, frac_lost: 0.500, li_recovered:  26.898
L: 0.60, u_super: 0.00010, sec: 21.622, t_ads: 12305.0, t_des: 12490.0, bed_util_ads: 0.571, bed_util_des: 0.200, frac_lost: 0.500, li_recovered:  26.592
L: 0.60, u_super: 0.00010, sec: 63.418, t_ads: 4838.0, t_des: 1901.0, bed_util_ads: 0.521, bed_util_des: 0.487, frac_lost: 0.500, li_recovered:  2.485
L: 0.60, u_super: 0.00010, sec: 22.204, t_ads: 13223.0, t_des: 14907.0, bed_util_ads: 0.584, bed_util_des: 0.166, frac_lost: 0.500, li_recovered:  29.890
L: 0.60, u_super: 0.00010, sec: 26.431, t_ads: 7683.0, t_des: 5786.0, bed_util_ads: 0.520, bed_util_des: 0.346, frac_lost: 0.500, li_recovered:  12.391
L: 0.60, u_super: 0.00010, sec: 27.791, t_ads: 7171.0, t_des: 5008.0, bed_util_ads: 0.516, bed_util_des: 0.373, frac_lost: 0.500, li_recovered:  10.245
    14 |      560 |  2.450656E+01 |  2.162143E+01
L: 0.60, u_super: 0.00010, sec: 21.634, t_ads: 12509.0, t_des: 12910.0, bed_util_ads: 0.574, bed_util_des: 0.193, frac_lost: 0.500, li_recovered:  27.242
L: 0.60, u_super: 0.00010, sec: 21.671, t_ads: 12735.0, t_des: 13402.0, bed_util_ads: 0.577, bed_util_des: 0.186, frac_lost: 0.500, li_recovered:  27.958
L: 1.08, u_super: 0.00010, sec: 33.428, t_ads: 28014.0, t_des: 25321.0, bed_util_ads: 0.680, bed_util_des: 0.162, frac_lost: 0.500, li_recovered:  37.043
L: 0.60, u_super: 0.00034, sec: 184.203, t_ads: 2553.0, t_des: 7459.0, bed_util_ads: 0.375, bed_util_des: 0.176, frac_lost: 0.500, li_recovered:  14.229
L: 0.60, u_super: 0.00010, sec: 22.798, t_ads: 9831.0, t_des: 8550.0, bed_util_ads: 0.541, bed_util_des: 0.279, frac_lost: 0.500, li_recovered:  18.693
L: 0.60, u_super: 0.00010, sec: 21.689, t_ads: 11723.0, t_des: 11412.0, bed_util_ads: 0.564, bed_util_des: 0.218, frac_lost: 0.500, li_recovered:  24.741
L: 0.60, u_super: 0.00010, sec: 21.812, t_ads: 12619.0, t_des: 13268.0, bed_util_ads: 0.576, bed_util_des: 0.187, frac_lost: 0.500, li_recovered:  27.790
L: 0.73, u_super: 0.00010, sec: 24.989, t_ads: 15698.0, t_des: 14771.0, bed_util_ads: 0.601, bed_util_des: 0.205, frac_lost: 0.500, li_recovered:  28.283
L: 0.60, u_super: 0.00010, sec: 22.811, t_ads: 9817.0, t_des: 8530.0, bed_util_ads: 0.541, bed_util_des: 0.280, frac_lost: 0.500, li_recovered:  18.648
L: 0.60, u_super: 0.00010, sec: 21.643, t_ads: 11909.0, t_des: 11735.0, bed_util_ads: 0.566, bed_util_des: 0.212, frac_lost: 0.500, li_recovered:  25.322
L: 0.60, u_super: 0.00010, sec: 22.142, t_ads: 13563.0, t_des: 15632.0, bed_util_ads: 0.588, bed_util_des: 0.159, frac_lost: 0.500, li_recovered:  30.688
L: 0.60, u_super: 0.00010, sec: 21.903, t_ads: 12908.0, t_des: 13953.0, bed_util_ads: 0.580, bed_util_des: 0.178, frac_lost: 0.500, li_recovered:  28.722
L: 0.60, u_super: 0.00010, sec: 22.164, t_ads: 10674.0, t_des: 9771.0, bed_util_ads: 0.551, bed_util_des: 0.252, frac_lost: 0.500, li_recovered:  21.387
L: 0.60, u_super: 0.00010, sec: 22.266, t_ads: 10539.0, t_des: 9579.0, bed_util_ads: 0.549, bed_util_des: 0.256, frac_lost: 0.500, li_recovered:  20.984
L: 0.60, u_super: 0.00010, sec: 21.625, t_ads: 12383.0, t_des: 12642.0, bed_util_ads: 0.572, bed_util_des: 0.197, frac_lost: 0.500, li_recovered:  26.829
L: 0.60, u_super: 0.00010, sec: 21.996, t_ads: 10974.0, t_des: 10220.0, bed_util_ads: 0.555, bed_util_des: 0.242, frac_lost: 0.500, li_recovered:  22.345
L: 0.60, u_super: 0.00010, sec: 21.776, t_ads: 12847.0, t_des: 13508.0, bed_util_ads: 0.578, bed_util_des: 0.185, frac_lost: 0.500, li_recovered:  28.084
L: 0.60, u_super: 0.00010, sec: 22.520, t_ads: 10155.0, t_des: 9010.0, bed_util_ads: 0.545, bed_util_des: 0.269, frac_lost: 0.500, li_recovered:  19.730
L: 0.87, u_super: 0.00010, sec: 28.296, t_ads: 20029.0, t_des: 18401.0, bed_util_ads: 0.632, bed_util_des: 0.192, frac_lost: 0.500, li_recovered:  31.476
L: 0.60, u_super: 0.00010, sec: 21.646, t_ads: 12101.0, t_des: 12106.0, bed_util_ads: 0.569, bed_util_des: 0.206, frac_lost: 0.500, li_recovered:  25.969
L: 0.60, u_super: 0.00010, sec: 22.081, t_ads: 10822.0, t_des: 9995.0, bed_util_ads: 0.553, bed_util_des: 0.247, frac_lost: 0.500, li_recovered:  21.869
L: 0.60, u_super: 0.00010, sec: 21.655, t_ads: 12655.0, t_des: 13223.0, bed_util_ads: 0.576, bed_util_des: 0.189, frac_lost: 0.500, li_recovered:  27.704
L: 0.60, u_super: 0.00010, sec: 21.713, t_ads: 11604.0, t_des: 11206.0, bed_util_ads: 0.562, bed_util_des: 0.222, frac_lost: 0.500, li_recovered:  24.350
L: 0.60, u_super: 0.00010, sec: 24.329, t_ads: 8586.0, t_des: 6852.0, bed_util_ads: 0.528, bed_util_des: 0.322, frac_lost: 0.500, li_recovered:  14.708
L: 0.60, u_super: 0.00010, sec: 21.691, t_ads: 12545.0, t_des: 13025.0, bed_util_ads: 0.575, bed_util_des: 0.191, frac_lost: 0.500, li_recovered:  27.422
L: 0.60, u_super: 0.00010, sec: 21.668, t_ads: 12045.0, t_des: 12011.0, bed_util_ads: 0.568, bed_util_des: 0.207, frac_lost: 0.500, li_recovered:  25.814
L: 0.60, u_super: 0.00010, sec: 21.628, t_ads: 12174.0, t_des: 12236.0, bed_util_ads: 0.570, bed_util_des: 0.204, frac_lost: 0.500, li_recovered:  26.182
L: 0.60, u_super: 0.00010, sec: 21.861, t_ads: 11224.0, t_des: 10596.0, bed_util_ads: 0.558, bed_util_des: 0.234, frac_lost: 0.500, li_recovered:  23.137
L: 0.60, u_super: 0.00010, sec: 21.986, t_ads: 12428.0, t_des: 13002.0, bed_util_ads: 0.574, bed_util_des: 0.190, frac_lost: 0.500, li_recovered:  27.435
L: 0.84, u_super: 0.00010, sec: 27.821, t_ads: 18442.0, t_des: 16791.0, bed_util_ads: 0.620, bed_util_des: 0.207, frac_lost: 0.500, li_recovered:  29.523
L: 0.63, u_super: 0.00052, sec: 453.536, t_ads: 1462.0, t_des: 5485.0, bed_util_ads: 0.328, bed_util_des: 0.191, frac_lost: 0.500, li_recovered:  9.751
L: 0.67, u_super: 0.00010, sec: 23.648, t_ads: 13467.0, t_des: 12618.0, bed_util_ads: 0.580, bed_util_des: 0.222, frac_lost: 0.500, li_recovered:  25.600
L: 0.60, u_super: 0.00010, sec: 22.658, t_ads: 13023.0, t_des: 14786.0, bed_util_ads: 0.582, bed_util_des: 0.166, frac_lost: 0.500, li_recovered:  29.758
L: 0.60, u_super: 0.00010, sec: 21.701, t_ads: 12303.0, t_des: 12543.0, bed_util_ads: 0.572, bed_util_des: 0.198, frac_lost: 0.500, li_recovered:  26.693
L: 0.60, u_super: 0.00010, sec: 21.677, t_ads: 12035.0, t_des: 11998.0, bed_util_ads: 0.568, bed_util_des: 0.207, frac_lost: 0.500, li_recovered:  25.794
L: 0.60, u_super: 0.00010, sec: 24.340, t_ads: 8580.0, t_des: 6846.0, bed_util_ads: 0.527, bed_util_des: 0.322, frac_lost: 0.500, li_recovered:  14.696
L: 0.61, u_super: 0.00030, sec: 265.175, t_ads: 1753.0, t_des: 893.0, bed_util_ads: 0.515, bed_util_des: 0.487, frac_lost: 0.500, li_recovered:  2.060
L: 0.60, u_super: 0.00010, sec: 21.922, t_ads: 11640.0, t_des: 11397.0, bed_util_ads: 0.563, bed_util_des: 0.216, frac_lost: 0.500, li_recovered:  24.794
L: 0.60, u_super: 0.00010, sec: 22.817, t_ads: 10406.0, t_des: 9606.0, bed_util_ads: 0.548, bed_util_des: 0.250, frac_lost: 0.500, li_recovered:  21.327
L: 0.60, u_super: 0.00010, sec: 27.634, t_ads: 7207.0, t_des: 5032.0, bed_util_ads: 0.517, bed_util_des: 0.373, frac_lost: 0.500, li_recovered:  10.266
    15 |      600 |  2.369140E+01 |  2.162143E+01
L: 0.60, u_super: 0.00010, sec: 21.698, t_ads: 11667.0, t_des: 11314.0, bed_util_ads: 0.563, bed_util_des: 0.220, frac_lost: 0.500, li_recovered:  24.556
L: 0.60, u_super: 0.00010, sec: 21.627, t_ads: 12047.0, t_des: 11989.0, bed_util_ads: 0.568, bed_util_des: 0.208, frac_lost: 0.500, li_recovered:  25.764
L: 0.60, u_super: 0.00010, sec: 22.014, t_ads: 13495.0, t_des: 15355.0, bed_util_ads: 0.587, bed_util_des: 0.162, frac_lost: 0.500, li_recovered:  30.391
L: 0.77, u_super: 0.00010, sec: 25.802, t_ads: 18030.0, t_des: 17809.0, bed_util_ads: 0.624, bed_util_des: 0.171, frac_lost: 0.500, li_recovered:  32.327
L: 0.60, u_super: 0.00010, sec: 21.621, t_ads: 12159.0, t_des: 12204.0, bed_util_ads: 0.570, bed_util_des: 0.204, frac_lost: 0.500, li_recovered:  26.126
L: 0.60, u_super: 0.00010, sec: 21.741, t_ads: 12944.0, t_des: 13899.0, bed_util_ads: 0.580, bed_util_des: 0.179, frac_lost: 0.500, li_recovered:  28.637
L: 0.60, u_super: 0.00010, sec: 21.684, t_ads: 12689.0, t_des: 13317.0, bed_util_ads: 0.577, bed_util_des: 0.187, frac_lost: 0.500, li_recovered:  27.841
L: 0.60, u_super: 0.00010, sec: 21.619, t_ads: 12202.0, t_des: 12282.0, bed_util_ads: 0.570, bed_util_des: 0.203, frac_lost: 0.500, li_recovered:  26.253
L: 0.60, u_super: 0.00010, sec: 21.642, t_ads: 12304.0, t_des: 12500.0, bed_util_ads: 0.572, bed_util_des: 0.199, frac_lost: 0.500, li_recovered:  26.612
L: 0.60, u_super: 0.00010, sec: 21.643, t_ads: 11909.0, t_des: 11735.0, bed_util_ads: 0.566, bed_util_des: 0.212, frac_lost: 0.500, li_recovered:  25.322
L: 0.60, u_super: 0.00010, sec: 22.644, t_ads: 14094.0, t_des: 17416.0, bed_util_ads: 0.595, bed_util_des: 0.142, frac_lost: 0.500, li_recovered:  32.387
L: 0.60, u_super: 0.00010, sec: 21.903, t_ads: 12908.0, t_des: 13953.0, bed_util_ads: 0.580, bed_util_des: 0.178, frac_lost: 0.500, li_recovered:  28.722
L: 0.60, u_super: 0.00010, sec: 22.165, t_ads: 10674.0, t_des: 9771.0, bed_util_ads: 0.551, bed_util_des: 0.252, frac_lost: 0.500, li_recovered:  21.386
L: 0.60, u_super: 0.00010, sec: 21.781, t_ads: 11464.0, t_des: 10988.0, bed_util_ads: 0.561, bed_util_des: 0.226, frac_lost: 0.500, li_recovered:  23.939
L: 0.60, u_super: 0.00010, sec: 21.626, t_ads: 12383.0, t_des: 12642.0, bed_util_ads: 0.572, bed_util_des: 0.197, frac_lost: 0.500, li_recovered:  26.830
L: 0.60, u_super: 0.00010, sec: 21.994, t_ads: 10975.0, t_des: 10221.0, bed_util_ads: 0.555, bed_util_des: 0.242, frac_lost: 0.500, li_recovered:  22.346
L: 0.60, u_super: 0.00010, sec: 21.677, t_ads: 12752.0, t_des: 13442.0, bed_util_ads: 0.577, bed_util_des: 0.185, frac_lost: 0.500, li_recovered:  28.015
L: 0.60, u_super: 0.00010, sec: 21.720, t_ads: 12904.0, t_des: 13796.0, bed_util_ads: 0.579, bed_util_des: 0.181, frac_lost: 0.500, li_recovered:  28.500
L: 0.84, u_super: 0.00010, sec: 27.546, t_ads: 19197.0, t_des: 17780.0, bed_util_ads: 0.627, bed_util_des: 0.192, frac_lost: 0.500, li_recovered:  31.111
L: 0.60, u_super: 0.00010, sec: 21.650, t_ads: 12099.0, t_des: 12104.0, bed_util_ads: 0.569, bed_util_des: 0.206, frac_lost: 0.500, li_recovered:  25.967
L: 0.60, u_super: 0.00010, sec: 21.858, t_ads: 11246.0, t_des: 10635.0, bed_util_ads: 0.558, bed_util_des: 0.233, frac_lost: 0.500, li_recovered:  23.222
L: 0.60, u_super: 0.00010, sec: 21.662, t_ads: 11815.0, t_des: 11569.0, bed_util_ads: 0.565, bed_util_des: 0.215, frac_lost: 0.500, li_recovered:  25.026
L: 0.60, u_super: 0.00010, sec: 22.795, t_ads: 14307.0, t_des: 18121.0, bed_util_ads: 0.598, bed_util_des: 0.136, frac_lost: 0.500, li_recovered:  32.975
L: 0.60, u_super: 0.00010, sec: 24.329, t_ads: 8586.0, t_des: 6852.0, bed_util_ads: 0.528, bed_util_des: 0.322, frac_lost: 0.500, li_recovered:  14.708
L: 0.60, u_super: 0.00010, sec: 21.715, t_ads: 11771.0, t_des: 11517.0, bed_util_ads: 0.565, bed_util_des: 0.216, frac_lost: 0.500, li_recovered:  24.948
L: 0.60, u_super: 0.00010, sec: 21.629, t_ads: 12066.0, t_des: 12026.0, bed_util_ads: 0.568, bed_util_des: 0.207, frac_lost: 0.500, li_recovered:  25.829
L: 0.60, u_super: 0.00010, sec: 21.688, t_ads: 11736.0, t_des: 11436.0, bed_util_ads: 0.564, bed_util_des: 0.217, frac_lost: 0.500, li_recovered:  24.786
L: 0.60, u_super: 0.00010, sec: 21.892, t_ads: 11208.0, t_des: 10584.0, bed_util_ads: 0.557, bed_util_des: 0.234, frac_lost: 0.500, li_recovered:  23.125
L: 0.60, u_super: 0.00010, sec: 21.996, t_ads: 12440.0, t_des: 13011.0, bed_util_ads: 0.574, bed_util_des: 0.190, frac_lost: 0.500, li_recovered:  27.445
L: 0.60, u_super: 0.00010, sec: 21.991, t_ads: 13281.0, t_des: 14848.0, bed_util_ads: 0.584, bed_util_des: 0.167, frac_lost: 0.500, li_recovered:  29.819
L: 0.61, u_super: 0.00010, sec: 21.981, t_ads: 12019.0, t_des: 11883.0, bed_util_ads: 0.568, bed_util_des: 0.210, frac_lost: 0.500, li_recovered:  25.556
L: 0.60, u_super: 0.00010, sec: 21.645, t_ads: 12469.0, t_des: 12836.0, bed_util_ads: 0.574, bed_util_des: 0.194, frac_lost: 0.500, li_recovered:  27.133
L: 0.64, u_super: 0.00010, sec: 22.892, t_ads: 14640.0, t_des: 15852.0, bed_util_ads: 0.597, bed_util_des: 0.166, frac_lost: 0.500, li_recovered:  30.870
L: 0.60, u_super: 0.00010, sec: 21.622, t_ads: 12347.0, t_des: 12574.0, bed_util_ads: 0.572, bed_util_des: 0.198, frac_lost: 0.500, li_recovered:  26.725
L: 0.60, u_super: 0.00010, sec: 21.674, t_ads: 12380.0, t_des: 12678.0, bed_util_ads: 0.573, bed_util_des: 0.196, frac_lost: 0.500, li_recovered:  26.897
L: 0.60, u_super: 0.00010, sec: 22.176, t_ads: 10657.0, t_des: 9746.0, bed_util_ads: 0.551, bed_util_des: 0.252, frac_lost: 0.500, li_recovered:  21.334
L: 0.60, u_super: 0.00010, sec: 63.109, t_ads: 4857.0, t_des: 1906.0, bed_util_ads: 0.521, bed_util_des: 0.487, frac_lost: 0.500, li_recovered:  2.484
L: 0.60, u_super: 0.00010, sec: 22.135, t_ads: 11044.0, t_des: 10418.0, bed_util_ads: 0.556, bed_util_des: 0.236, frac_lost: 0.500, li_recovered:  22.876
L: 0.60, u_super: 0.00010, sec: 22.816, t_ads: 10406.0, t_des: 9606.0, bed_util_ads: 0.548, bed_util_des: 0.250, frac_lost: 0.500, li_recovered:  21.327
L: 0.60, u_super: 0.00010, sec: 21.818, t_ads: 11319.0, t_des: 10742.0, bed_util_ads: 0.559, bed_util_des: 0.231, frac_lost: 0.500, li_recovered:  23.436
    16 |      640 |  2.313409E+01 |  2.161931E+01
L: 0.60, u_super: 0.00010, sec: 21.628, t_ads: 12513.0, t_des: 12913.0, bed_util_ads: 0.574, bed_util_des: 0.193, frac_lost: 0.500, li_recovered:  27.246
L: 0.60, u_super: 0.00010, sec: 21.640, t_ads: 12061.0, t_des: 11999.0, bed_util_ads: 0.568, bed_util_des: 0.208, frac_lost: 0.500, li_recovered:  25.774
L: 0.60, u_super: 0.00010, sec: 21.645, t_ads: 12571.0, t_des: 13043.0, bed_util_ads: 0.575, bed_util_des: 0.191, frac_lost: 0.500, li_recovered:  27.441
L: 0.77, u_super: 0.00010, sec: 25.796, t_ads: 17258.0, t_des: 16445.0, bed_util_ads: 0.615, bed_util_des: 0.190, frac_lost: 0.500, li_recovered:  30.407
L: 0.60, u_super: 0.00010, sec: 21.618, t_ads: 12161.0, t_des: 12205.0, bed_util_ads: 0.570, bed_util_des: 0.204, frac_lost: 0.500, li_recovered:  26.127
L: 0.60, u_super: 0.00010, sec: 21.628, t_ads: 12131.0, t_des: 12152.0, bed_util_ads: 0.569, bed_util_des: 0.205, frac_lost: 0.500, li_recovered:  26.042
L: 0.60, u_super: 0.00010, sec: 22.110, t_ads: 10785.0, t_des: 9943.0, bed_util_ads: 0.552, bed_util_des: 0.248, frac_lost: 0.500, li_recovered:  21.763
L: 0.60, u_super: 0.00010, sec: 21.681, t_ads: 11739.0, t_des: 11434.0, bed_util_ads: 0.564, bed_util_des: 0.218, frac_lost: 0.500, li_recovered:  24.777
L: 0.60, u_super: 0.00010, sec: 21.643, t_ads: 12142.0, t_des: 12181.0, bed_util_ads: 0.569, bed_util_des: 0.204, frac_lost: 0.500, li_recovered:  26.094
L: 0.60, u_super: 0.00010, sec: 21.645, t_ads: 11911.0, t_des: 11736.0, bed_util_ads: 0.566, bed_util_des: 0.212, frac_lost: 0.500, li_recovered:  25.322
L: 0.60, u_super: 0.00010, sec: 21.675, t_ads: 12149.0, t_des: 12220.0, bed_util_ads: 0.570, bed_util_des: 0.204, frac_lost: 0.500, li_recovered:  26.167
L: 0.60, u_super: 0.00010, sec: 21.746, t_ads: 12995.0, t_des: 14012.0, bed_util_ads: 0.580, bed_util_des: 0.178, frac_lost: 0.500, li_recovered:  28.784
L: 0.60, u_super: 0.00010, sec: 22.326, t_ads: 10596.0, t_des: 9712.0, bed_util_ads: 0.550, bed_util_des: 0.252, frac_lost: 0.500, li_recovered:  21.331
L: 0.60, u_super: 0.00010, sec: 21.630, t_ads: 11996.0, t_des: 11893.0, bed_util_ads: 0.567, bed_util_des: 0.209, frac_lost: 0.500, li_recovered:  25.599
L: 0.60, u_super: 0.00010, sec: 21.971, t_ads: 12196.0, t_des: 12510.0, bed_util_ads: 0.571, bed_util_des: 0.197, frac_lost: 0.500, li_recovered:  26.694
L: 0.60, u_super: 0.00010, sec: 21.987, t_ads: 10979.0, t_des: 10224.0, bed_util_ads: 0.555, bed_util_des: 0.242, frac_lost: 0.500, li_recovered:  22.350
L: 0.60, u_super: 0.00010, sec: 21.681, t_ads: 12750.0, t_des: 13441.0, bed_util_ads: 0.577, bed_util_des: 0.185, frac_lost: 0.500, li_recovered:  28.014
L: 0.60, u_super: 0.00010, sec: 21.627, t_ads: 12438.0, t_des: 12760.0, bed_util_ads: 0.573, bed_util_des: 0.195, frac_lost: 0.500, li_recovered:  27.014
L: 0.84, u_super: 0.00010, sec: 27.565, t_ads: 19184.0, t_des: 17770.0, bed_util_ads: 0.627, bed_util_des: 0.192, frac_lost: 0.500, li_recovered:  31.105
L: 0.60, u_super: 0.00010, sec: 21.760, t_ads: 11524.0, t_des: 11085.0, bed_util_ads: 0.561, bed_util_des: 0.224, frac_lost: 0.500, li_recovered:  24.127
L: 0.60, u_super: 0.00010, sec: 21.862, t_ads: 11250.0, t_des: 10638.0, bed_util_ads: 0.558, bed_util_des: 0.233, frac_lost: 0.500, li_recovered:  23.225
L: 0.60, u_super: 0.00010, sec: 21.729, t_ads: 12434.0, t_des: 12826.0, bed_util_ads: 0.573, bed_util_des: 0.194, frac_lost: 0.500, li_recovered:  27.134
L: 0.60, u_super: 0.00010, sec: 21.738, t_ads: 11591.0, t_des: 11196.0, bed_util_ads: 0.562, bed_util_des: 0.222, frac_lost: 0.500, li_recovered:  24.341
L: 0.60, u_super: 0.00010, sec: 21.788, t_ads: 13100.0, t_des: 14273.0, bed_util_ads: 0.582, bed_util_des: 0.175, frac_lost: 0.500, li_recovered:  29.119
L: 0.60, u_super: 0.00010, sec: 21.639, t_ads: 12575.0, t_des: 13046.0, bed_util_ads: 0.575, bed_util_des: 0.191, frac_lost: 0.500, li_recovered:  27.444
L: 0.67, u_super: 0.00010, sec: 23.285, t_ads: 13776.0, t_des: 13275.0, bed_util_ads: 0.585, bed_util_des: 0.207, frac_lost: 0.500, li_recovered:  26.982
L: 0.60, u_super: 0.00010, sec: 21.630, t_ads: 12176.0, t_des: 12238.0, bed_util_ads: 0.570, bed_util_des: 0.204, frac_lost: 0.500, li_recovered:  26.184
L: 0.60, u_super: 0.00010, sec: 21.861, t_ads: 11224.0, t_des: 10596.0, bed_util_ads: 0.558, bed_util_des: 0.234, frac_lost: 0.500, li_recovered:  23.136
L: 0.82, u_super: 0.00010, sec: 28.297, t_ads: 21358.0, t_des: 23817.0, bed_util_ads: 0.654, bed_util_des: 0.124, frac_lost: 0.500, li_recovered:  37.867
L: 0.60, u_super: 0.00010, sec: 22.198, t_ads: 13590.0, t_des: 15740.0, bed_util_ads: 0.588, bed_util_des: 0.158, frac_lost: 0.500, li_recovered:  30.801
L: 0.60, u_super: 0.00010, sec: 21.834, t_ads: 11867.0, t_des: 11773.0, bed_util_ads: 0.566, bed_util_des: 0.210, frac_lost: 0.500, li_recovered:  25.446
L: 0.60, u_super: 0.00010, sec: 21.638, t_ads: 12473.0, t_des: 12838.0, bed_util_ads: 0.574, bed_util_des: 0.194, frac_lost: 0.500, li_recovered:  27.136
L: 0.60, u_super: 0.00010, sec: 21.950, t_ads: 13407.0, t_des: 15038.0, bed_util_ads: 0.586, bed_util_des: 0.166, frac_lost: 0.500, li_recovered:  30.035
L: 0.60, u_super: 0.00010, sec: 21.624, t_ads: 12349.0, t_des: 12576.0, bed_util_ads: 0.572, bed_util_des: 0.198, frac_lost: 0.500, li_recovered:  26.727
L: 0.60, u_super: 0.00010, sec: 21.627, t_ads: 12406.0, t_des: 12696.0, bed_util_ads: 0.573, bed_util_des: 0.196, frac_lost: 0.500, li_recovered:  26.916
L: 0.60, u_super: 0.00010, sec: 21.618, t_ads: 12310.0, t_des: 12494.0, bed_util_ads: 0.572, bed_util_des: 0.200, frac_lost: 0.500, li_recovered:  26.596
L: 0.60, u_super: 0.00010, sec: 63.120, t_ads: 4857.0, t_des: 1906.0, bed_util_ads: 0.521, bed_util_des: 0.487, frac_lost: 0.500, li_recovered:  2.484
L: 0.60, u_super: 0.00010, sec: 21.672, t_ads: 11772.0, t_des: 11494.0, bed_util_ads: 0.565, bed_util_des: 0.216, frac_lost: 0.500, li_recovered:  24.889
L: 0.60, u_super: 0.00010, sec: 22.335, t_ads: 12083.0, t_des: 12543.0, bed_util_ads: 0.570, bed_util_des: 0.195, frac_lost: 0.500, li_recovered:  26.810
L: 0.60, u_super: 0.00010, sec: 21.819, t_ads: 11318.0, t_des: 10741.0, bed_util_ads: 0.559, bed_util_des: 0.231, frac_lost: 0.500, li_recovered:  23.434
    17 |      680 |  2.301302E+01 |  2.161780E+01
L: 0.72, u_super: 0.00010, sec: 24.525, t_ads: 15787.0, t_des: 15243.0, bed_util_ads: 0.603, bed_util_des: 0.193, frac_lost: 0.500, li_recovered:  29.323
L: 0.60, u_super: 0.00010, sec: 21.680, t_ads: 12772.0, t_des: 13487.0, bed_util_ads: 0.578, bed_util_des: 0.185, frac_lost: 0.500, li_recovered:  28.077
L: 0.60, u_super: 0.00010, sec: 21.640, t_ads: 12574.0, t_des: 13045.0, bed_util_ads: 0.575, bed_util_des: 0.191, frac_lost: 0.500, li_recovered:  27.444
L: 0.77, u_super: 0.00010, sec: 26.117, t_ads: 17614.0, t_des: 17289.0, bed_util_ads: 0.620, bed_util_des: 0.176, frac_lost: 0.500, li_recovered:  31.735
L: 0.60, u_super: 0.00010, sec: 21.618, t_ads: 12161.0, t_des: 12205.0, bed_util_ads: 0.570, bed_util_des: 0.204, frac_lost: 0.500, li_recovered:  26.127
L: 0.60, u_super: 0.00010, sec: 21.625, t_ads: 12287.0, t_des: 12457.0, bed_util_ads: 0.571, bed_util_des: 0.200, frac_lost: 0.500, li_recovered:  26.540
L: 0.68, u_super: 0.00010, sec: 23.677, t_ads: 15014.0, t_des: 14940.0, bed_util_ads: 0.598, bed_util_des: 0.187, frac_lost: 0.500, li_recovered:  29.369
L: 0.60, u_super: 0.00010, sec: 21.783, t_ads: 11413.0, t_des: 10892.0, bed_util_ads: 0.560, bed_util_des: 0.228, frac_lost: 0.500, li_recovered:  23.737
L: 0.60, u_super: 0.00010, sec: 21.617, t_ads: 12318.0, t_des: 12510.0, bed_util_ads: 0.572, bed_util_des: 0.199, frac_lost: 0.500, li_recovered:  26.623
L: 0.60, u_super: 0.00010, sec: 21.641, t_ads: 11910.0, t_des: 11735.0, bed_util_ads: 0.566, bed_util_des: 0.212, frac_lost: 0.500, li_recovered:  25.322
L: 0.60, u_super: 0.00010, sec: 21.616, t_ads: 12181.0, t_des: 12243.0, bed_util_ads: 0.570, bed_util_des: 0.204, frac_lost: 0.500, li_recovered:  26.190
L: 0.60, u_super: 0.00010, sec: 21.746, t_ads: 12995.0, t_des: 14012.0, bed_util_ads: 0.580, bed_util_des: 0.178, frac_lost: 0.500, li_recovered:  28.784
L: 0.60, u_super: 0.00010, sec: 21.624, t_ads: 12400.0, t_des: 12683.0, bed_util_ads: 0.573, bed_util_des: 0.197, frac_lost: 0.500, li_recovered:  26.895
L: 0.60, u_super: 0.00010, sec: 21.616, t_ads: 12179.0, t_des: 12238.0, bed_util_ads: 0.570, bed_util_des: 0.204, frac_lost: 0.500, li_recovered:  26.182
L: 0.60, u_super: 0.00010, sec: 21.787, t_ads: 12294.0, t_des: 12579.0, bed_util_ads: 0.572, bed_util_des: 0.197, frac_lost: 0.500, li_recovered:  26.765
L: 0.60, u_super: 0.00010, sec: 21.635, t_ads: 11963.0, t_des: 11830.0, bed_util_ads: 0.567, bed_util_des: 0.211, frac_lost: 0.500, li_recovered:  25.488
L: 0.60, u_super: 0.00010, sec: 21.777, t_ads: 12697.0, t_des: 13405.0, bed_util_ads: 0.577, bed_util_des: 0.185, frac_lost: 0.500, li_recovered:  27.977
L: 0.60, u_super: 0.00010, sec: 21.627, t_ads: 12438.0, t_des: 12760.0, bed_util_ads: 0.573, bed_util_des: 0.195, frac_lost: 0.500, li_recovered:  27.014
L: 0.60, u_super: 0.00156, sec: 5325.166, t_ads: 374.0, t_des: 2870.0, bed_util_ads: 0.241, bed_util_des: 0.192, frac_lost: 0.501, li_recovered:  3.522
L: 0.60, u_super: 0.00010, sec: 21.620, t_ads: 12115.0, t_des: 12116.0, bed_util_ads: 0.569, bed_util_des: 0.206, frac_lost: 0.500, li_recovered:  25.979
L: 0.60, u_super: 0.00010, sec: 21.719, t_ads: 11615.0, t_des: 11229.0, bed_util_ads: 0.563, bed_util_des: 0.221, frac_lost: 0.500, li_recovered:  24.399
L: 0.60, u_super: 0.00010, sec: 21.655, t_ads: 12655.0, t_des: 13223.0, bed_util_ads: 0.576, bed_util_des: 0.189, frac_lost: 0.500, li_recovered:  27.704
L: 0.60, u_super: 0.00010, sec: 21.623, t_ads: 12440.0, t_des: 12762.0, bed_util_ads: 0.573, bed_util_des: 0.195, frac_lost: 0.500, li_recovered:  27.016
L: 0.60, u_super: 0.00010, sec: 21.620, t_ads: 12099.0, t_des: 12085.0, bed_util_ads: 0.569, bed_util_des: 0.206, frac_lost: 0.500, li_recovered:  25.927
L: 0.60, u_super: 0.00010, sec: 21.639, t_ads: 12575.0, t_des: 13046.0, bed_util_ads: 0.575, bed_util_des: 0.191, frac_lost: 0.500, li_recovered:  27.444
L: 0.60, u_super: 0.00010, sec: 21.629, t_ads: 12066.0, t_des: 12026.0, bed_util_ads: 0.568, bed_util_des: 0.207, frac_lost: 0.500, li_recovered:  25.829
L: 0.60, u_super: 0.00010, sec: 21.618, t_ads: 12360.0, t_des: 12597.0, bed_util_ads: 0.572, bed_util_des: 0.198, frac_lost: 0.500, li_recovered:  26.760
L: 0.60, u_super: 0.00010, sec: 21.858, t_ads: 11225.0, t_des: 10597.0, bed_util_ads: 0.558, bed_util_des: 0.234, frac_lost: 0.500, li_recovered:  23.137
L: 0.60, u_super: 0.00010, sec: 21.986, t_ads: 12427.0, t_des: 13002.0, bed_util_ads: 0.574, bed_util_des: 0.190, frac_lost: 0.500, li_recovered:  27.434
L: 0.60, u_super: 0.00010, sec: 21.704, t_ads: 12041.0, t_des: 12028.0, bed_util_ads: 0.568, bed_util_des: 0.207, frac_lost: 0.500, li_recovered:  25.852
L: 0.60, u_super: 0.00010, sec: 21.833, t_ads: 11876.0, t_des: 11789.0, bed_util_ads: 0.566, bed_util_des: 0.210, frac_lost: 0.500, li_recovered:  25.474
L: 0.60, u_super: 0.00010, sec: 22.005, t_ads: 10960.0, t_des: 10201.0, bed_util_ads: 0.554, bed_util_des: 0.242, frac_lost: 0.500, li_recovered:  22.308
L: 0.60, u_super: 0.00010, sec: 21.949, t_ads: 13407.0, t_des: 15038.0, bed_util_ads: 0.586, bed_util_des: 0.166, frac_lost: 0.500, li_recovered:  30.034
L: 0.60, u_super: 0.00010, sec: 21.617, t_ads: 12349.0, t_des: 12576.0, bed_util_ads: 0.572, bed_util_des: 0.198, frac_lost: 0.500, li_recovered:  26.726
L: 0.60, u_super: 0.00010, sec: 21.623, t_ads: 12174.0, t_des: 12233.0, bed_util_ads: 0.570, bed_util_des: 0.204, frac_lost: 0.500, li_recovered:  26.176
L: 0.60, u_super: 0.00010, sec: 21.616, t_ads: 12308.0, t_des: 12492.0, bed_util_ads: 0.572, bed_util_des: 0.200, frac_lost: 0.500, li_recovered:  26.595
L: 0.60, u_super: 0.00010, sec: 63.164, t_ads: 4855.0, t_des: 1905.0, bed_util_ads: 0.521, bed_util_des: 0.487, frac_lost: 0.500, li_recovered:  2.483
L: 0.66, u_super: 0.00010, sec: 23.193, t_ads: 13287.0, t_des: 12623.0, bed_util_ads: 0.579, bed_util_des: 0.216, frac_lost: 0.500, li_recovered:  25.916
L: 0.60, u_super: 0.00010, sec: 22.319, t_ads: 11756.0, t_des: 11871.0, bed_util_ads: 0.565, bed_util_des: 0.205, frac_lost: 0.500, li_recovered:  25.741
L: 0.60, u_super: 0.00010, sec: 21.615, t_ads: 12348.0, t_des: 12573.0, bed_util_ads: 0.572, bed_util_des: 0.198, frac_lost: 0.500, li_recovered:  26.722
    18 |      720 |  2.297139E+01 |  2.161538E+01
L: 0.60, u_super: 0.00010, sec: 21.628, t_ads: 12513.0, t_des: 12913.0, bed_util_ads: 0.574, bed_util_des: 0.193, frac_lost: 0.500, li_recovered:  27.246
L: 0.60, u_super: 0.00010, sec: 21.627, t_ads: 12047.0, t_des: 11988.0, bed_util_ads: 0.568, bed_util_des: 0.208, frac_lost: 0.500, li_recovered:  25.763
L: 0.60, u_super: 0.00010, sec: 21.636, t_ads: 12576.0, t_des: 13047.0, bed_util_ads: 0.575, bed_util_des: 0.191, frac_lost: 0.500, li_recovered:  27.446
L: 0.77, u_super: 0.00010, sec: 25.852, t_ads: 16899.0, t_des: 15889.0, bed_util_ads: 0.611, bed_util_des: 0.198, frac_lost: 0.500, li_recovered:  29.517
L: 0.60, u_super: 0.00010, sec: 21.615, t_ads: 12163.0, t_des: 12206.0, bed_util_ads: 0.570, bed_util_des: 0.204, frac_lost: 0.500, li_recovered:  26.129
L: 0.60, u_super: 0.00010, sec: 21.624, t_ads: 12287.0, t_des: 12457.0, bed_util_ads: 0.571, bed_util_des: 0.200, frac_lost: 0.500, li_recovered:  26.541
L: 0.60, u_super: 0.00010, sec: 21.665, t_ads: 12589.0, t_des: 13095.0, bed_util_ads: 0.575, bed_util_des: 0.190, frac_lost: 0.500, li_recovered:  27.521
L: 0.60, u_super: 0.00010, sec: 21.617, t_ads: 12204.0, t_des: 12283.0, bed_util_ads: 0.570, bed_util_des: 0.203, frac_lost: 0.500, li_recovered:  26.255
L: 0.60, u_super: 0.00010, sec: 21.621, t_ads: 12117.0, t_des: 12119.0, bed_util_ads: 0.569, bed_util_des: 0.206, frac_lost: 0.500, li_recovered:  25.983
L: 0.60, u_super: 0.00010, sec: 21.641, t_ads: 11910.0, t_des: 11735.0, bed_util_ads: 0.566, bed_util_des: 0.212, frac_lost: 0.500, li_recovered:  25.322
L: 0.60, u_super: 0.00010, sec: 21.614, t_ads: 12182.0, t_des: 12244.0, bed_util_ads: 0.570, bed_util_des: 0.204, frac_lost: 0.500, li_recovered:  26.191
L: 0.60, u_super: 0.00010, sec: 21.617, t_ads: 12135.0, t_des: 12153.0, bed_util_ads: 0.569, bed_util_des: 0.205, frac_lost: 0.500, li_recovered:  26.041
L: 0.60, u_super: 0.00010, sec: 21.624, t_ads: 12400.0, t_des: 12682.0, bed_util_ads: 0.573, bed_util_des: 0.197, frac_lost: 0.500, li_recovered:  26.894
L: 0.60, u_super: 0.00010, sec: 21.615, t_ads: 12179.0, t_des: 12238.0, bed_util_ads: 0.570, bed_util_des: 0.204, frac_lost: 0.500, li_recovered:  26.182
L: 0.60, u_super: 0.00010, sec: 21.622, t_ads: 12380.0, t_des: 12640.0, bed_util_ads: 0.572, bed_util_des: 0.197, frac_lost: 0.500, li_recovered:  26.828
L: 0.60, u_super: 0.00010, sec: 21.641, t_ads: 11960.0, t_des: 11828.0, bed_util_ads: 0.567, bed_util_des: 0.211, frac_lost: 0.500, li_recovered:  25.486
L: 0.60, u_super: 0.00010, sec: 21.677, t_ads: 12752.0, t_des: 13442.0, bed_util_ads: 0.577, bed_util_des: 0.185, frac_lost: 0.500, li_recovered:  28.015
L: 0.60, u_super: 0.00010, sec: 21.627, t_ads: 12438.0, t_des: 12760.0, bed_util_ads: 0.573, bed_util_des: 0.195, frac_lost: 0.500, li_recovered:  27.014
L: 0.84, u_super: 0.00043, sec: 279.055, t_ads: 2772.0, t_des: 6372.0, bed_util_ads: 0.393, bed_util_des: 0.198, frac_lost: 0.500, li_recovered:  13.988
L: 0.60, u_super: 0.00010, sec: 21.620, t_ads: 12115.0, t_des: 12116.0, bed_util_ads: 0.569, bed_util_des: 0.206, frac_lost: 0.500, li_recovered:  25.979
L: 0.60, u_super: 0.00010, sec: 21.720, t_ads: 11616.0, t_des: 11230.0, bed_util_ads: 0.563, bed_util_des: 0.221, frac_lost: 0.500, li_recovered:  24.400
L: 0.68, u_super: 0.00010, sec: 23.654, t_ads: 14974.0, t_des: 14848.0, bed_util_ads: 0.597, bed_util_des: 0.189, frac_lost: 0.500, li_recovered:  29.227
L: 0.60, u_super: 0.00010, sec: 21.625, t_ads: 12439.0, t_des: 12761.0, bed_util_ads: 0.573, bed_util_des: 0.195, frac_lost: 0.500, li_recovered:  27.015
L: 0.60, u_super: 0.00010, sec: 21.636, t_ads: 12560.0, t_des: 13013.0, bed_util_ads: 0.575, bed_util_des: 0.192, frac_lost: 0.500, li_recovered:  27.395
L: 0.60, u_super: 0.00010, sec: 21.649, t_ads: 12586.0, t_des: 13053.0, bed_util_ads: 0.575, bed_util_des: 0.191, frac_lost: 0.500, li_recovered:  27.451
L: 0.60, u_super: 0.00010, sec: 21.628, t_ads: 12429.0, t_des: 12743.0, bed_util_ads: 0.573, bed_util_des: 0.196, frac_lost: 0.500, li_recovered:  26.988
L: 0.60, u_super: 0.00010, sec: 21.617, t_ads: 12360.0, t_des: 12597.0, bed_util_ads: 0.572, bed_util_des: 0.198, frac_lost: 0.500, li_recovered:  26.760
L: 0.60, u_super: 0.00010, sec: 21.614, t_ads: 12322.0, t_des: 12518.0, bed_util_ads: 0.572, bed_util_des: 0.199, frac_lost: 0.500, li_recovered:  26.635
L: 0.60, u_super: 0.00010, sec: 21.649, t_ads: 12612.0, t_des: 13130.0, bed_util_ads: 0.575, bed_util_des: 0.190, frac_lost: 0.500, li_recovered:  27.569
L: 0.60, u_super: 0.00010, sec: 21.627, t_ads: 12478.0, t_des: 12842.0, bed_util_ads: 0.574, bed_util_des: 0.194, frac_lost: 0.500, li_recovered:  27.139
L: 0.60, u_super: 0.00010, sec: 21.831, t_ads: 11874.0, t_des: 11788.0, bed_util_ads: 0.566, bed_util_des: 0.210, frac_lost: 0.500, li_recovered:  25.473
L: 0.60, u_super: 0.00010, sec: 21.629, t_ads: 12150.0, t_des: 12190.0, bed_util_ads: 0.569, bed_util_des: 0.204, frac_lost: 0.500, li_recovered:  26.106
L: 0.60, u_super: 0.00010, sec: 21.952, t_ads: 13406.0, t_des: 15037.0, bed_util_ads: 0.586, bed_util_des: 0.166, frac_lost: 0.500, li_recovered:  30.034
L: 0.60, u_super: 0.00010, sec: 21.617, t_ads: 12349.0, t_des: 12576.0, bed_util_ads: 0.572, bed_util_des: 0.198, frac_lost: 0.500, li_recovered:  26.727
L: 0.60, u_super: 0.00010, sec: 33.911, t_ads: 16856.0, t_des: 43314.0, bed_util_ads: 0.630, bed_util_des: 0.055, frac_lost: 0.500, li_recovered:  41.147
L: 0.60, u_super: 0.00010, sec: 21.616, t_ads: 12307.0, t_des: 12492.0, bed_util_ads: 0.571, bed_util_des: 0.200, frac_lost: 0.500, li_recovered:  26.593
L: 0.60, u_super: 0.00010, sec: 63.111, t_ads: 4857.0, t_des: 1906.0, bed_util_ads: 0.521, bed_util_des: 0.487, frac_lost: 0.500, li_recovered:  2.484
L: 0.60, u_super: 0.00010, sec: 21.667, t_ads: 11774.0, t_des: 11496.0, bed_util_ads: 0.565, bed_util_des: 0.216, frac_lost: 0.500, li_recovered:  24.891
L: 0.60, u_super: 0.00010, sec: 21.617, t_ads: 12126.0, t_des: 12136.0, bed_util_ads: 0.569, bed_util_des: 0.205, frac_lost: 0.500, li_recovered:  26.012
L: 0.60, u_super: 0.00010, sec: 21.614, t_ads: 12236.0, t_des: 12349.0, bed_util_ads: 0.571, bed_util_des: 0.202, frac_lost: 0.500, li_recovered:  26.363
    19 |      760 |  2.293282E+01 |  2.161360E+01
L: 0.60, u_super: 0.00010, sec: 21.627, t_ads: 12513.0, t_des: 12913.0, bed_util_ads: 0.574, bed_util_des: 0.193, frac_lost: 0.500, li_recovered:  27.246
L: 0.60, u_super: 0.00010, sec: 21.614, t_ads: 12309.0, t_des: 12494.0, bed_util_ads: 0.572, bed_util_des: 0.200, frac_lost: 0.500, li_recovered:  26.597
L: 0.60, u_super: 0.00010, sec: 21.636, t_ads: 12576.0, t_des: 13047.0, bed_util_ads: 0.575, bed_util_des: 0.191, frac_lost: 0.500, li_recovered:  27.446
L: 0.60, u_super: 0.00010, sec: 22.034, t_ads: 13408.0, t_des: 15174.0, bed_util_ads: 0.586, bed_util_des: 0.164, frac_lost: 0.500, li_recovered:  30.190
L: 0.60, u_super: 0.00010, sec: 21.615, t_ads: 12163.0, t_des: 12206.0, bed_util_ads: 0.570, bed_util_des: 0.204, frac_lost: 0.500, li_recovered:  26.128
L: 0.60, u_super: 0.00010, sec: 21.625, t_ads: 12287.0, t_des: 12457.0, bed_util_ads: 0.571, bed_util_des: 0.200, frac_lost: 0.500, li_recovered:  26.540
L: 0.60, u_super: 0.00010, sec: 21.665, t_ads: 12589.0, t_des: 13095.0, bed_util_ads: 0.575, bed_util_des: 0.190, frac_lost: 0.500, li_recovered:  27.520
L: 0.60, u_super: 0.00010, sec: 21.623, t_ads: 12085.0, t_des: 12055.0, bed_util_ads: 0.569, bed_util_des: 0.207, frac_lost: 0.500, li_recovered:  25.875
L: 0.60, u_super: 0.00010, sec: 25.275, t_ads: 8067.0, t_des: 6153.0, bed_util_ads: 0.523, bed_util_des: 0.340, frac_lost: 0.500, li_recovered:  13.041
L: 0.60, u_super: 0.00010, sec: 21.615, t_ads: 12341.0, t_des: 12557.0, bed_util_ads: 0.572, bed_util_des: 0.199, frac_lost: 0.500, li_recovered:  26.697
L: 0.60, u_super: 0.00010, sec: 21.615, t_ads: 12160.0, t_des: 12201.0, bed_util_ads: 0.570, bed_util_des: 0.204, frac_lost: 0.500, li_recovered:  26.120
L: 0.60, u_super: 0.00010, sec: 21.617, t_ads: 12135.0, t_des: 12153.0, bed_util_ads: 0.569, bed_util_des: 0.205, frac_lost: 0.500, li_recovered:  26.040
L: 0.60, u_super: 0.00010, sec: 21.624, t_ads: 12401.0, t_des: 12683.0, bed_util_ads: 0.573, bed_util_des: 0.197, frac_lost: 0.500, li_recovered:  26.895
L: 0.60, u_super: 0.00010, sec: 21.624, t_ads: 12044.0, t_des: 11982.0, bed_util_ads: 0.568, bed_util_des: 0.208, frac_lost: 0.500, li_recovered:  25.751
L: 0.60, u_super: 0.00010, sec: 21.616, t_ads: 12383.0, t_des: 12642.0, bed_util_ads: 0.572, bed_util_des: 0.197, frac_lost: 0.500, li_recovered:  26.830
L: 0.60, u_super: 0.00010, sec: 21.636, t_ads: 11963.0, t_des: 11830.0, bed_util_ads: 0.567, bed_util_des: 0.211, frac_lost: 0.500, li_recovered:  25.488
L: 0.60, u_super: 0.00010, sec: 21.677, t_ads: 12753.0, t_des: 13443.0, bed_util_ads: 0.577, bed_util_des: 0.185, frac_lost: 0.500, li_recovered:  28.017
L: 0.60, u_super: 0.00010, sec: 21.627, t_ads: 12438.0, t_des: 12760.0, bed_util_ads: 0.573, bed_util_des: 0.195, frac_lost: 0.500, li_recovered:  27.014
L: 0.60, u_super: 0.00018, sec: 54.281, t_ads: 5622.0, t_des: 8378.0, bed_util_ads: 0.473, bed_util_des: 0.192, frac_lost: 0.500, li_recovered:  20.093
L: 0.60, u_super: 0.00010, sec: 21.620, t_ads: 12387.0, t_des: 12652.0, bed_util_ads: 0.573, bed_util_des: 0.197, frac_lost: 0.500, li_recovered:  26.846
L: 0.60, u_super: 0.00010, sec: 21.707, t_ads: 11623.0, t_des: 11235.0, bed_util_ads: 0.563, bed_util_des: 0.221, frac_lost: 0.500, li_recovered:  24.404
L: 0.60, u_super: 0.00010, sec: 21.620, t_ads: 12142.0, t_des: 12170.0, bed_util_ads: 0.569, bed_util_des: 0.205, frac_lost: 0.500, li_recovered:  26.069
L: 0.60, u_super: 0.00010, sec: 21.631, t_ads: 12518.0, t_des: 12926.0, bed_util_ads: 0.574, bed_util_des: 0.193, frac_lost: 0.500, li_recovered:  27.265
L: 0.60, u_super: 0.00010, sec: 21.636, t_ads: 11954.0, t_des: 11816.0, bed_util_ads: 0.567, bed_util_des: 0.211, frac_lost: 0.500, li_recovered:  25.464
L: 0.60, u_super: 0.00010, sec: 21.639, t_ads: 12575.0, t_des: 13046.0, bed_util_ads: 0.575, bed_util_des: 0.191, frac_lost: 0.500, li_recovered:  27.444
L: 0.60, u_super: 0.00010, sec: 21.628, t_ads: 12429.0, t_des: 12743.0, bed_util_ads: 0.573, bed_util_des: 0.196, frac_lost: 0.500, li_recovered:  26.988
L: 0.60, u_super: 0.00010, sec: 21.615, t_ads: 12361.0, t_des: 12598.0, bed_util_ads: 0.572, bed_util_des: 0.198, frac_lost: 0.500, li_recovered:  26.761
L: 0.60, u_super: 0.00010, sec: 21.614, t_ads: 12322.0, t_des: 12518.0, bed_util_ads: 0.572, bed_util_des: 0.199, frac_lost: 0.500, li_recovered:  26.635
L: 0.60, u_super: 0.00010, sec: 21.648, t_ads: 12612.0, t_des: 13130.0, bed_util_ads: 0.575, bed_util_des: 0.190, frac_lost: 0.500, li_recovered:  27.568
L: 0.60, u_super: 0.00010, sec: 21.629, t_ads: 12480.0, t_des: 12843.0, bed_util_ads: 0.574, bed_util_des: 0.194, frac_lost: 0.500, li_recovered:  27.140
L: 0.60, u_super: 0.00010, sec: 21.815, t_ads: 12122.0, t_des: 12261.0, bed_util_ads: 0.569, bed_util_des: 0.202, frac_lost: 0.500, li_recovered:  26.268
L: 0.60, u_super: 0.00010, sec: 21.615, t_ads: 12157.0, t_des: 12195.0, bed_util_ads: 0.570, bed_util_des: 0.204, frac_lost: 0.500, li_recovered:  26.110
L: 0.60, u_super: 0.00010, sec: 21.649, t_ads: 12537.0, t_des: 12929.0, bed_util_ads: 0.574, bed_util_des: 0.193, frac_lost: 0.500, li_recovered:  27.262
L: 0.60, u_super: 0.00010, sec: 21.617, t_ads: 12350.0, t_des: 12576.0, bed_util_ads: 0.572, bed_util_des: 0.198, frac_lost: 0.500, li_recovered:  26.727
L: 0.60, u_super: 0.00010, sec: 21.674, t_ads: 12718.0, t_des: 13369.0, bed_util_ads: 0.577, bed_util_des: 0.186, frac_lost: 0.500, li_recovered:  27.912
L: 0.60, u_super: 0.00010, sec: 21.613, t_ads: 12309.0, t_des: 12493.0, bed_util_ads: 0.572, bed_util_des: 0.200, frac_lost: 0.500, li_recovered:  26.595
L: 0.60, u_super: 0.00010, sec: 21.617, t_ads: 12334.0, t_des: 12544.0, bed_util_ads: 0.572, bed_util_des: 0.199, frac_lost: 0.500, li_recovered:  26.677
L: 0.60, u_super: 0.00010, sec: 21.621, t_ads: 12081.0, t_des: 12051.0, bed_util_ads: 0.569, bed_util_des: 0.207, frac_lost: 0.500, li_recovered:  25.869
L: 0.60, u_super: 0.00010, sec: 21.617, t_ads: 12127.0, t_des: 12137.0, bed_util_ads: 0.569, bed_util_des: 0.205, frac_lost: 0.500, li_recovered:  26.014
L: 0.60, u_super: 0.00010, sec: 21.614, t_ads: 12237.0, t_des: 12350.0, bed_util_ads: 0.571, bed_util_des: 0.202, frac_lost: 0.500, li_recovered:  26.365
    20 |      800 |  2.178989E+01 |  2.161296E+01
L: 0.60, u_super: 0.00010, sec: 21.966, t_ads: 11012.0, t_des: 10275.0, bed_util_ads: 0.555, bed_util_des: 0.241, frac_lost: 0.500, li_recovered:  22.459
L: 0.60, u_super: 0.00010, sec: 21.613, t_ads: 12310.0, t_des: 12494.0, bed_util_ads: 0.572, bed_util_des: 0.200, frac_lost: 0.500, li_recovered:  26.597
L: 0.60, u_super: 0.00010, sec: 21.637, t_ads: 12577.0, t_des: 13047.0, bed_util_ads: 0.575, bed_util_des: 0.191, frac_lost: 0.500, li_recovered:  27.446
L: 0.60, u_super: 0.00010, sec: 21.968, t_ads: 13444.0, t_des: 15197.0, bed_util_ads: 0.586, bed_util_des: 0.164, frac_lost: 0.500, li_recovered:  30.215
L: 0.60, u_super: 0.00010, sec: 21.615, t_ads: 12163.0, t_des: 12206.0, bed_util_ads: 0.570, bed_util_des: 0.204, frac_lost: 0.500, li_recovered:  26.129
L: 0.60, u_super: 0.00010, sec: 21.629, t_ads: 12394.0, t_des: 12674.0, bed_util_ads: 0.573, bed_util_des: 0.197, frac_lost: 0.500, li_recovered:  26.882
L: 0.60, u_super: 0.00010, sec: 21.613, t_ads: 12192.0, t_des: 12262.0, bed_util_ads: 0.570, bed_util_des: 0.203, frac_lost: 0.500, li_recovered:  26.221
L: 0.60, u_super: 0.00010, sec: 21.616, t_ads: 12285.0, t_des: 12442.0, bed_util_ads: 0.571, bed_util_des: 0.200, frac_lost: 0.500, li_recovered:  26.513
L: 0.60, u_super: 0.00010, sec: 21.616, t_ads: 12289.0, t_des: 12452.0, bed_util_ads: 0.571, bed_util_des: 0.200, frac_lost: 0.500, li_recovered:  26.530
L: 0.60, u_super: 0.00010, sec: 21.736, t_ads: 12859.0, t_des: 13713.0, bed_util_ads: 0.579, bed_util_des: 0.182, frac_lost: 0.500, li_recovered:  28.392
L: 0.60, u_super: 0.00010, sec: 21.614, t_ads: 12182.0, t_des: 12244.0, bed_util_ads: 0.570, bed_util_des: 0.204, frac_lost: 0.500, li_recovered:  26.191
L: 0.60, u_super: 0.00010, sec: 21.720, t_ads: 12923.0, t_des: 13837.0, bed_util_ads: 0.580, bed_util_des: 0.180, frac_lost: 0.500, li_recovered:  28.554
L: 0.60, u_super: 0.00010, sec: 21.674, t_ads: 12761.0, t_des: 13459.0, bed_util_ads: 0.577, bed_util_des: 0.185, frac_lost: 0.500, li_recovered:  28.038
L: 0.60, u_super: 0.00010, sec: 21.617, t_ads: 12178.0, t_des: 12237.0, bed_util_ads: 0.570, bed_util_des: 0.204, frac_lost: 0.500, li_recovered:  26.180
L: 0.60, u_super: 0.00010, sec: 21.619, t_ads: 12382.0, t_des: 12641.0, bed_util_ads: 0.572, bed_util_des: 0.197, frac_lost: 0.500, li_recovered:  26.829
L: 0.60, u_super: 0.00010, sec: 21.644, t_ads: 11972.0, t_des: 11837.0, bed_util_ads: 0.567, bed_util_des: 0.211, frac_lost: 0.500, li_recovered:  25.494
L: 0.60, u_super: 0.00010, sec: 21.671, t_ads: 12755.0, t_des: 13445.0, bed_util_ads: 0.577, bed_util_des: 0.185, frac_lost: 0.500, li_recovered:  28.018
L: 0.60, u_super: 0.00010, sec: 21.622, t_ads: 12441.0, t_des: 12762.0, bed_util_ads: 0.573, bed_util_des: 0.195, frac_lost: 0.500, li_recovered:  27.017
L: 0.84, u_super: 0.00010, sec: 27.555, t_ads: 19159.0, t_des: 17726.0, bed_util_ads: 0.627, bed_util_des: 0.193, frac_lost: 0.500, li_recovered:  31.024
L: 0.60, u_super: 0.00010, sec: 21.613, t_ads: 12214.0, t_des: 12304.0, bed_util_ads: 0.570, bed_util_des: 0.203, frac_lost: 0.500, li_recovered:  26.290
L: 0.60, u_super: 0.00010, sec: 21.707, t_ads: 11623.0, t_des: 11235.0, bed_util_ads: 0.563, bed_util_des: 0.221, frac_lost: 0.500, li_recovered:  24.404
L: 0.60, u_super: 0.00010, sec: 21.615, t_ads: 12145.0, t_des: 12172.0, bed_util_ads: 0.569, bed_util_des: 0.205, frac_lost: 0.500, li_recovered:  26.072
L: 0.60, u_super: 0.00010, sec: 21.619, t_ads: 12394.0, t_des: 12667.0, bed_util_ads: 0.573, bed_util_des: 0.197, frac_lost: 0.500, li_recovered:  26.869
L: 0.60, u_super: 0.00010, sec: 21.617, t_ads: 12150.0, t_des: 12182.0, bed_util_ads: 0.569, bed_util_des: 0.205, frac_lost: 0.500, li_recovered:  26.089
L: 0.60, u_super: 0.00010, sec: 21.616, t_ads: 12322.0, t_des: 12519.0, bed_util_ads: 0.572, bed_util_des: 0.199, frac_lost: 0.500, li_recovered:  26.637
L: 0.60, u_super: 0.00010, sec: 21.624, t_ads: 12125.0, t_des: 12138.0, bed_util_ads: 0.569, bed_util_des: 0.205, frac_lost: 0.500, li_recovered:  26.018
L: 0.60, u_super: 0.00010, sec: 21.615, t_ads: 12361.0, t_des: 12598.0, bed_util_ads: 0.572, bed_util_des: 0.198, frac_lost: 0.500, li_recovered:  26.761
L: 0.60, u_super: 0.00010, sec: 21.614, t_ads: 12322.0, t_des: 12518.0, bed_util_ads: 0.572, bed_util_des: 0.199, frac_lost: 0.500, li_recovered:  26.635
L: 0.60, u_super: 0.00010, sec: 21.648, t_ads: 12612.0, t_des: 13130.0, bed_util_ads: 0.575, bed_util_des: 0.190, frac_lost: 0.500, li_recovered:  27.569
L: 0.60, u_super: 0.00010, sec: 21.637, t_ads: 11949.0, t_des: 11808.0, bed_util_ads: 0.567, bed_util_des: 0.211, frac_lost: 0.500, li_recovered:  25.450
L: 0.60, u_super: 0.00010, sec: 21.612, t_ads: 12232.0, t_des: 12340.0, bed_util_ads: 0.571, bed_util_des: 0.202, frac_lost: 0.500, li_recovered:  26.349
L: 0.60, u_super: 0.00010, sec: 21.625, t_ads: 12488.0, t_des: 12860.0, bed_util_ads: 0.574, bed_util_des: 0.194, frac_lost: 0.500, li_recovered:  27.165
L: 0.60, u_super: 0.00010, sec: 21.649, t_ads: 12537.0, t_des: 12929.0, bed_util_ads: 0.574, bed_util_des: 0.193, frac_lost: 0.500, li_recovered:  27.262
L: 0.60, u_super: 0.00010, sec: 21.617, t_ads: 12168.0, t_des: 12217.0, bed_util_ads: 0.570, bed_util_des: 0.204, frac_lost: 0.500, li_recovered:  26.148
L: 0.60, u_super: 0.00010, sec: 21.614, t_ads: 12179.0, t_des: 12237.0, bed_util_ads: 0.570, bed_util_des: 0.204, frac_lost: 0.500, li_recovered:  26.180
L: 0.60, u_super: 0.00010, sec: 21.614, t_ads: 12308.0, t_des: 12492.0, bed_util_ads: 0.572, bed_util_des: 0.200, frac_lost: 0.500, li_recovered:  26.593
L: 0.60, u_super: 0.00010, sec: 21.618, t_ads: 12185.0, t_des: 12250.0, bed_util_ads: 0.570, bed_util_des: 0.203, frac_lost: 0.500, li_recovered:  26.202
L: 0.60, u_super: 0.00010, sec: 21.692, t_ads: 11674.0, t_des: 11323.0, bed_util_ads: 0.563, bed_util_des: 0.220, frac_lost: 0.500, li_recovered:  24.571
L: 0.60, u_super: 0.00010, sec: 21.615, t_ads: 12367.0, t_des: 12610.0, bed_util_ads: 0.572, bed_util_des: 0.198, frac_lost: 0.500, li_recovered:  26.780
L: 0.60, u_super: 0.00010, sec: 21.612, t_ads: 12237.0, t_des: 12350.0, bed_util_ads: 0.571, bed_util_des: 0.202, frac_lost: 0.500, li_recovered:  26.365
    21 |      840 |  2.178016E+01 |  2.161233E+01
L: 0.60, u_super: 0.00010, sec: 21.716, t_ads: 11588.0, t_des: 11178.0, bed_util_ads: 0.562, bed_util_des: 0.222, frac_lost: 0.500, li_recovered:  24.296
L: 0.60, u_super: 0.00010, sec: 21.614, t_ads: 12340.0, t_des: 12555.0, bed_util_ads: 0.572, bed_util_des: 0.199, frac_lost: 0.500, li_recovered:  26.694
L: 0.60, u_super: 0.00010, sec: 21.620, t_ads: 12079.0, t_des: 12047.0, bed_util_ads: 0.569, bed_util_des: 0.207, frac_lost: 0.500, li_recovered:  25.861
L: 0.60, u_super: 0.00010, sec: 21.661, t_ads: 12710.0, t_des: 13342.0, bed_util_ads: 0.577, bed_util_des: 0.187, frac_lost: 0.500, li_recovered:  27.874
L: 0.60, u_super: 0.00010, sec: 21.615, t_ads: 12163.0, t_des: 12206.0, bed_util_ads: 0.570, bed_util_des: 0.204, frac_lost: 0.500, li_recovered:  26.129
L: 0.60, u_super: 0.00010, sec: 21.613, t_ads: 12293.0, t_des: 12461.0, bed_util_ads: 0.571, bed_util_des: 0.200, frac_lost: 0.500, li_recovered:  26.544
L: 0.60, u_super: 0.00010, sec: 21.612, t_ads: 12246.0, t_des: 12368.0, bed_util_ads: 0.571, bed_util_des: 0.202, frac_lost: 0.500, li_recovered:  26.394
L: 0.60, u_super: 0.00010, sec: 21.614, t_ads: 12282.0, t_des: 12440.0, bed_util_ads: 0.571, bed_util_des: 0.200, frac_lost: 0.500, li_recovered:  26.511
L: 0.60, u_super: 0.00010, sec: 21.613, t_ads: 12288.0, t_des: 12452.0, bed_util_ads: 0.571, bed_util_des: 0.200, frac_lost: 0.500, li_recovered:  26.529
L: 0.60, u_super: 0.00010, sec: 21.614, t_ads: 12341.0, t_des: 12557.0, bed_util_ads: 0.572, bed_util_des: 0.199, frac_lost: 0.500, li_recovered:  26.696
L: 0.60, u_super: 0.00010, sec: 21.619, t_ads: 12417.0, t_des: 12713.0, bed_util_ads: 0.573, bed_util_des: 0.196, frac_lost: 0.500, li_recovered:  26.940
L: 0.60, u_super: 0.00010, sec: 21.613, t_ads: 12250.0, t_des: 12376.0, bed_util_ads: 0.571, bed_util_des: 0.201, frac_lost: 0.500, li_recovered:  26.407
L: 0.60, u_super: 0.00010, sec: 21.618, t_ads: 12403.0, t_des: 12685.0, bed_util_ads: 0.573, bed_util_des: 0.197, frac_lost: 0.500, li_recovered:  26.897
L: 0.60, u_super: 0.00010, sec: 21.614, t_ads: 12180.0, t_des: 12239.0, bed_util_ads: 0.570, bed_util_des: 0.204, frac_lost: 0.500, li_recovered:  26.183
L: 0.60, u_super: 0.00010, sec: 21.616, t_ads: 12382.0, t_des: 12641.0, bed_util_ads: 0.572, bed_util_des: 0.197, frac_lost: 0.500, li_recovered:  26.828
L: 0.60, u_super: 0.00010, sec: 21.634, t_ads: 11962.0, t_des: 11829.0, bed_util_ads: 0.567, bed_util_des: 0.211, frac_lost: 0.500, li_recovered:  25.487
L: 0.60, u_super: 0.00010, sec: 21.616, t_ads: 12392.0, t_des: 12661.0, bed_util_ads: 0.573, bed_util_des: 0.197, frac_lost: 0.500, li_recovered:  26.860
L: 0.60, u_super: 0.00010, sec: 21.620, t_ads: 12442.0, t_des: 12763.0, bed_util_ads: 0.573, bed_util_des: 0.195, frac_lost: 0.500, li_recovered:  27.018
L: 0.60, u_super: 0.00010, sec: 21.632, t_ads: 12540.0, t_des: 12971.0, bed_util_ads: 0.575, bed_util_des: 0.192, frac_lost: 0.500, li_recovered:  27.333
L: 0.60, u_super: 0.00010, sec: 21.613, t_ads: 12213.0, t_des: 12304.0, bed_util_ads: 0.570, bed_util_des: 0.203, frac_lost: 0.500, li_recovered:  26.289
L: 0.60, u_super: 0.00010, sec: 21.626, t_ads: 12016.0, t_des: 11928.0, bed_util_ads: 0.568, bed_util_des: 0.209, frac_lost: 0.500, li_recovered:  25.659
L: 0.60, u_super: 0.00010, sec: 21.615, t_ads: 12145.0, t_des: 12172.0, bed_util_ads: 0.569, bed_util_des: 0.205, frac_lost: 0.500, li_recovered:  26.072
L: 0.60, u_super: 0.00010, sec: 21.616, t_ads: 12192.0, t_des: 12264.0, bed_util_ads: 0.570, bed_util_des: 0.203, frac_lost: 0.500, li_recovered:  26.224
L: 0.60, u_super: 0.00010, sec: 21.615, t_ads: 12331.0, t_des: 12538.0, bed_util_ads: 0.572, bed_util_des: 0.199, frac_lost: 0.500, li_recovered:  26.667
L: 0.60, u_super: 0.00010, sec: 21.620, t_ads: 12320.0, t_des: 12518.0, bed_util_ads: 0.572, bed_util_des: 0.199, frac_lost: 0.500, li_recovered:  26.636
L: 0.60, u_super: 0.00010, sec: 21.633, t_ads: 11961.0, t_des: 11828.0, bed_util_ads: 0.567, bed_util_des: 0.211, frac_lost: 0.500, li_recovered:  25.485
L: 0.60, u_super: 0.00010, sec: 21.612, t_ads: 12248.0, t_des: 12372.0, bed_util_ads: 0.571, bed_util_des: 0.201, frac_lost: 0.500, li_recovered:  26.401
L: 0.60, u_super: 0.00010, sec: 21.614, t_ads: 12321.0, t_des: 12517.0, bed_util_ads: 0.572, bed_util_des: 0.199, frac_lost: 0.500, li_recovered:  26.633
L: 0.60, u_super: 0.00010, sec: 21.648, t_ads: 12612.0, t_des: 13130.0, bed_util_ads: 0.575, bed_util_des: 0.190, frac_lost: 0.500, li_recovered:  27.569
L: 0.60, u_super: 0.00010, sec: 21.627, t_ads: 12478.0, t_des: 12842.0, bed_util_ads: 0.574, bed_util_des: 0.194, frac_lost: 0.500, li_recovered:  27.139
L: 0.60, u_super: 0.00010, sec: 21.615, t_ads: 12162.0, t_des: 12205.0, bed_util_ads: 0.570, bed_util_des: 0.204, frac_lost: 0.500, li_recovered:  26.127
L: 0.60, u_super: 0.00010, sec: 21.615, t_ads: 12157.0, t_des: 12195.0, bed_util_ads: 0.570, bed_util_des: 0.204, frac_lost: 0.500, li_recovered:  26.110
L: 0.60, u_super: 0.00151, sec: 4902.792, t_ads: 388.0, t_des: 2905.0, bed_util_ads: 0.244, bed_util_des: 0.193, frac_lost: 0.500, li_recovered:  3.618
L: 0.60, u_super: 0.00010, sec: 21.640, t_ads: 11926.0, t_des: 11766.0, bed_util_ads: 0.567, bed_util_des: 0.212, frac_lost: 0.500, li_recovered:  25.377
L: 0.60, u_super: 0.00010, sec: 21.615, t_ads: 12178.0, t_des: 12236.0, bed_util_ads: 0.570, bed_util_des: 0.204, frac_lost: 0.500, li_recovered:  26.178
L: 0.60, u_super: 0.00010, sec: 21.613, t_ads: 12309.0, t_des: 12493.0, bed_util_ads: 0.572, bed_util_des: 0.200, frac_lost: 0.500, li_recovered:  26.595
L: 0.60, u_super: 0.00020, sec: 61.908, t_ads: 4962.0, t_des: 7629.0, bed_util_ads: 0.459, bed_util_des: 0.199, frac_lost: 0.500, li_recovered:  18.638
L: 0.60, u_super: 0.00010, sec: 21.621, t_ads: 12081.0, t_des: 12051.0, bed_util_ads: 0.569, bed_util_des: 0.207, frac_lost: 0.500, li_recovered:  25.869
L: 0.60, u_super: 0.00010, sec: 21.614, t_ads: 12347.0, t_des: 12569.0, bed_util_ads: 0.572, bed_util_des: 0.198, frac_lost: 0.500, li_recovered:  26.716
L: 0.60, u_super: 0.00010, sec: 21.612, t_ads: 12237.0, t_des: 12350.0, bed_util_ads: 0.571, bed_util_des: 0.202, frac_lost: 0.500, li_recovered:  26.365
    22 |      880 |  2.161978E+01 |  2.161218E+01
L: 0.60, u_super: 0.00010, sec: 21.627, t_ads: 12513.0, t_des: 12913.0, bed_util_ads: 0.574, bed_util_des: 0.193, frac_lost: 0.500, li_recovered:  27.246
L: 0.60, u_super: 0.00010, sec: 21.613, t_ads: 12310.0, t_des: 12494.0, bed_util_ads: 0.572, bed_util_des: 0.200, frac_lost: 0.500, li_recovered:  26.597
L: 0.60, u_super: 0.00010, sec: 21.620, t_ads: 12079.0, t_des: 12047.0, bed_util_ads: 0.569, bed_util_des: 0.207, frac_lost: 0.500, li_recovered:  25.862
L: 0.60, u_super: 0.00010, sec: 21.662, t_ads: 12709.0, t_des: 13341.0, bed_util_ads: 0.577, bed_util_des: 0.187, frac_lost: 0.500, li_recovered:  27.872
L: 0.60, u_super: 0.00010, sec: 21.613, t_ads: 12242.0, t_des: 12361.0, bed_util_ads: 0.571, bed_util_des: 0.202, frac_lost: 0.500, li_recovered:  26.382
L: 0.60, u_super: 0.00010, sec: 21.613, t_ads: 12294.0, t_des: 12462.0, bed_util_ads: 0.571, bed_util_des: 0.200, frac_lost: 0.500, li_recovered:  26.546
L: 0.60, u_super: 0.00010, sec: 21.614, t_ads: 12197.0, t_des: 12273.0, bed_util_ads: 0.570, bed_util_des: 0.203, frac_lost: 0.500, li_recovered:  26.239
L: 0.60, u_super: 0.00010, sec: 21.614, t_ads: 12282.0, t_des: 12440.0, bed_util_ads: 0.571, bed_util_des: 0.200, frac_lost: 0.500, li_recovered:  26.510
L: 0.60, u_super: 0.00010, sec: 21.613, t_ads: 12218.0, t_des: 12313.0, bed_util_ads: 0.570, bed_util_des: 0.202, frac_lost: 0.500, li_recovered:  26.305
L: 0.60, u_super: 0.00010, sec: 21.614, t_ads: 12341.0, t_des: 12557.0, bed_util_ads: 0.572, bed_util_des: 0.199, frac_lost: 0.500, li_recovered:  26.696
L: 0.60, u_super: 0.00010, sec: 21.615, t_ads: 12182.0, t_des: 12243.0, bed_util_ads: 0.570, bed_util_des: 0.204, frac_lost: 0.500, li_recovered:  26.191
L: 0.60, u_super: 0.00010, sec: 21.613, t_ads: 12250.0, t_des: 12376.0, bed_util_ads: 0.571, bed_util_des: 0.201, frac_lost: 0.500, li_recovered:  26.407
L: 0.60, u_super: 0.00010, sec: 21.617, t_ads: 12132.0, t_des: 12148.0, bed_util_ads: 0.569, bed_util_des: 0.205, frac_lost: 0.500, li_recovered:  26.032
L: 0.60, u_super: 0.00010, sec: 21.614, t_ads: 12180.0, t_des: 12239.0, bed_util_ads: 0.570, bed_util_des: 0.204, frac_lost: 0.500, li_recovered:  26.183
L: 0.60, u_super: 0.00010, sec: 21.615, t_ads: 12378.0, t_des: 12632.0, bed_util_ads: 0.572, bed_util_des: 0.197, frac_lost: 0.500, li_recovered:  26.815
L: 0.60, u_super: 0.00010, sec: 21.634, t_ads: 11961.0, t_des: 11829.0, bed_util_ads: 0.567, bed_util_des: 0.211, frac_lost: 0.500, li_recovered:  25.487
L: 0.60, u_super: 0.00010, sec: 21.612, t_ads: 12270.0, t_des: 12415.0, bed_util_ads: 0.571, bed_util_des: 0.201, frac_lost: 0.500, li_recovered:  26.470
L: 0.60, u_super: 0.00010, sec: 21.620, t_ads: 12442.0, t_des: 12763.0, bed_util_ads: 0.573, bed_util_des: 0.195, frac_lost: 0.500, li_recovered:  27.018
L: 0.60, u_super: 0.00010, sec: 21.632, t_ads: 12540.0, t_des: 12971.0, bed_util_ads: 0.575, bed_util_des: 0.192, frac_lost: 0.500, li_recovered:  27.332
L: 0.60, u_super: 0.00010, sec: 21.613, t_ads: 12213.0, t_des: 12304.0, bed_util_ads: 0.570, bed_util_des: 0.203, frac_lost: 0.500, li_recovered:  26.289
L: 0.60, u_super: 0.00010, sec: 21.614, t_ads: 12346.0, t_des: 12567.0, bed_util_ads: 0.572, bed_util_des: 0.198, frac_lost: 0.500, li_recovered:  26.712
L: 0.60, u_super: 0.00010, sec: 21.615, t_ads: 12159.0, t_des: 12199.0, bed_util_ads: 0.570, bed_util_des: 0.204, frac_lost: 0.500, li_recovered:  26.117
L: 0.60, u_super: 0.00010, sec: 21.613, t_ads: 12256.0, t_des: 12387.0, bed_util_ads: 0.571, bed_util_des: 0.201, frac_lost: 0.500, li_recovered:  26.425
L: 0.60, u_super: 0.00010, sec: 21.623, t_ads: 12064.0, t_des: 12019.0, bed_util_ads: 0.568, bed_util_des: 0.207, frac_lost: 0.500, li_recovered:  25.815
L: 0.60, u_super: 0.00010, sec: 21.615, t_ads: 12321.0, t_des: 12518.0, bed_util_ads: 0.572, bed_util_des: 0.199, frac_lost: 0.500, li_recovered:  26.635
L: 0.60, u_super: 0.00010, sec: 21.625, t_ads: 12125.0, t_des: 12138.0, bed_util_ads: 0.569, bed_util_des: 0.205, frac_lost: 0.500, li_recovered:  26.017
L: 0.60, u_super: 0.00010, sec: 21.612, t_ads: 12248.0, t_des: 12372.0, bed_util_ads: 0.571, bed_util_des: 0.201, frac_lost: 0.500, li_recovered:  26.401
L: 0.60, u_super: 0.00010, sec: 21.613, t_ads: 12321.0, t_des: 12517.0, bed_util_ads: 0.572, bed_util_des: 0.199, frac_lost: 0.500, li_recovered:  26.633
L: 0.65, u_super: 0.00010, sec: 22.799, t_ads: 13159.0, t_des: 12704.0, bed_util_ads: 0.579, bed_util_des: 0.211, frac_lost: 0.500, li_recovered:  26.300
L: 0.60, u_super: 0.00010, sec: 21.617, t_ads: 12192.0, t_des: 12264.0, bed_util_ads: 0.570, bed_util_des: 0.203, frac_lost: 0.500, li_recovered:  26.225
L: 0.60, u_super: 0.00010, sec: 21.612, t_ads: 12232.0, t_des: 12340.0, bed_util_ads: 0.571, bed_util_des: 0.202, frac_lost: 0.500, li_recovered:  26.349
L: 0.68, u_super: 0.00010, sec: 23.462, t_ads: 14355.0, t_des: 13976.0, bed_util_ads: 0.591, bed_util_des: 0.199, frac_lost: 0.500, li_recovered:  27.984
L: 0.60, u_super: 0.00010, sec: 21.629, t_ads: 12512.0, t_des: 12912.0, bed_util_ads: 0.574, bed_util_des: 0.193, frac_lost: 0.500, li_recovered:  27.245
L: 0.60, u_super: 0.00042, sec: 256.561, t_ads: 1800.0, t_des: 4830.0, bed_util_ads: 0.359, bed_util_des: 0.215, frac_lost: 0.500, li_recovered:  10.363
L: 0.60, u_super: 0.00065, sec: 704.626, t_ads: 1034.0, t_des: 4289.0, bed_util_ads: 0.308, bed_util_des: 0.204, frac_lost: 0.500, li_recovered:  7.452
L: 0.60, u_super: 0.00010, sec: 21.613, t_ads: 12309.0, t_des: 12493.0, bed_util_ads: 0.572, bed_util_des: 0.200, frac_lost: 0.500, li_recovered:  26.595
L: 0.60, u_super: 0.00010, sec: 21.616, t_ads: 12248.0, t_des: 12373.0, bed_util_ads: 0.571, bed_util_des: 0.201, frac_lost: 0.500, li_recovered:  26.402
L: 0.60, u_super: 0.00010, sec: 21.620, t_ads: 12081.0, t_des: 12051.0, bed_util_ads: 0.569, bed_util_des: 0.207, frac_lost: 0.500, li_recovered:  25.868
L: 0.60, u_super: 0.00010, sec: 21.614, t_ads: 12347.0, t_des: 12569.0, bed_util_ads: 0.572, bed_util_des: 0.198, frac_lost: 0.500, li_recovered:  26.716
L: 0.60, u_super: 0.00010, sec: 21.623, t_ads: 12249.0, t_des: 12359.0, bed_util_ads: 0.571, bed_util_des: 0.202, frac_lost: 0.500, li_recovered:  26.374
    23 |      920 |  2.161831E+01 |  2.161218E+01
L: 0.60, u_super: 0.00010, sec: 21.627, t_ads: 12513.0, t_des: 12913.0, bed_util_ads: 0.574, bed_util_des: 0.193, frac_lost: 0.500, li_recovered:  27.246
L: 0.60, u_super: 0.00010, sec: 21.613, t_ads: 12270.0, t_des: 12415.0, bed_util_ads: 0.571, bed_util_des: 0.201, frac_lost: 0.500, li_recovered:  26.469
L: 0.60, u_super: 0.00010, sec: 21.620, t_ads: 12079.0, t_des: 12047.0, bed_util_ads: 0.569, bed_util_des: 0.207, frac_lost: 0.500, li_recovered:  25.862
L: 0.60, u_super: 0.00010, sec: 21.725, t_ads: 12942.0, t_des: 13881.0, bed_util_ads: 0.580, bed_util_des: 0.180, frac_lost: 0.500, li_recovered:  28.613
L: 0.60, u_super: 0.00010, sec: 21.701, t_ads: 12209.0, t_des: 12188.0, bed_util_ads: 0.570, bed_util_des: 0.206, frac_lost: 0.500, li_recovered:  26.055
L: 0.60, u_super: 0.00010, sec: 21.614, t_ads: 12195.0, t_des: 12268.0, bed_util_ads: 0.570, bed_util_des: 0.203, frac_lost: 0.500, li_recovered:  26.231
L: 0.60, u_super: 0.00010, sec: 21.612, t_ads: 12268.0, t_des: 12411.0, bed_util_ads: 0.571, bed_util_des: 0.201, frac_lost: 0.500, li_recovered:  26.464
L: 0.60, u_super: 0.00010, sec: 21.614, t_ads: 12282.0, t_des: 12440.0, bed_util_ads: 0.571, bed_util_des: 0.200, frac_lost: 0.500, li_recovered:  26.510
L: 0.60, u_super: 0.00010, sec: 21.613, t_ads: 12288.0, t_des: 12452.0, bed_util_ads: 0.571, bed_util_des: 0.200, frac_lost: 0.500, li_recovered:  26.529
L: 0.60, u_super: 0.00010, sec: 21.614, t_ads: 12341.0, t_des: 12557.0, bed_util_ads: 0.572, bed_util_des: 0.199, frac_lost: 0.500, li_recovered:  26.696
L: 0.60, u_super: 0.00010, sec: 21.616, t_ads: 12181.0, t_des: 12243.0, bed_util_ads: 0.570, bed_util_des: 0.204, frac_lost: 0.500, li_recovered:  26.190
L: 0.60, u_super: 0.00010, sec: 21.613, t_ads: 12250.0, t_des: 12376.0, bed_util_ads: 0.571, bed_util_des: 0.201, frac_lost: 0.500, li_recovered:  26.407
L: 0.60, u_super: 0.00010, sec: 21.617, t_ads: 12132.0, t_des: 12148.0, bed_util_ads: 0.569, bed_util_des: 0.205, frac_lost: 0.500, li_recovered:  26.032
L: 0.60, u_super: 0.00010, sec: 21.631, t_ads: 12536.0, t_des: 12962.0, bed_util_ads: 0.574, bed_util_des: 0.192, frac_lost: 0.500, li_recovered:  27.319
L: 0.60, u_super: 0.00010, sec: 21.612, t_ads: 12267.0, t_des: 12410.0, bed_util_ads: 0.571, bed_util_des: 0.201, frac_lost: 0.500, li_recovered:  26.461
L: 0.60, u_super: 0.00010, sec: 21.634, t_ads: 11961.0, t_des: 11829.0, bed_util_ads: 0.567, bed_util_des: 0.211, frac_lost: 0.500, li_recovered:  25.487
L: 0.60, u_super: 0.00010, sec: 21.613, t_ads: 12196.0, t_des: 12271.0, bed_util_ads: 0.570, bed_util_des: 0.203, frac_lost: 0.500, li_recovered:  26.235
L: 0.60, u_super: 0.00010, sec: 21.631, t_ads: 12538.0, t_des: 12965.0, bed_util_ads: 0.575, bed_util_des: 0.192, frac_lost: 0.500, li_recovered:  27.324
L: 0.60, u_super: 0.00010, sec: 21.632, t_ads: 12540.0, t_des: 12971.0, bed_util_ads: 0.575, bed_util_des: 0.192, frac_lost: 0.500, li_recovered:  27.333
L: 0.60, u_super: 0.00010, sec: 21.613, t_ads: 12213.0, t_des: 12304.0, bed_util_ads: 0.570, bed_util_des: 0.203, frac_lost: 0.500, li_recovered:  26.289
L: 0.60, u_super: 0.00010, sec: 21.613, t_ads: 12222.0, t_des: 12320.0, bed_util_ads: 0.570, bed_util_des: 0.202, frac_lost: 0.500, li_recovered:  26.316
L: 0.60, u_super: 0.00010, sec: 21.615, t_ads: 12159.0, t_des: 12199.0, bed_util_ads: 0.570, bed_util_des: 0.204, frac_lost: 0.500, li_recovered:  26.117
L: 0.60, u_super: 0.00010, sec: 21.613, t_ads: 12256.0, t_des: 12387.0, bed_util_ads: 0.571, bed_util_des: 0.201, frac_lost: 0.500, li_recovered:  26.425
L: 0.60, u_super: 0.00010, sec: 21.619, t_ads: 12404.0, t_des: 12686.0, bed_util_ads: 0.573, bed_util_des: 0.197, frac_lost: 0.500, li_recovered:  26.899
L: 0.60, u_super: 0.00010, sec: 21.615, t_ads: 12265.0, t_des: 12407.0, bed_util_ads: 0.571, bed_util_des: 0.201, frac_lost: 0.500, li_recovered:  26.457
L: 0.60, u_super: 0.00010, sec: 21.622, t_ads: 12326.0, t_des: 12532.0, bed_util_ads: 0.572, bed_util_des: 0.199, frac_lost: 0.500, li_recovered:  26.659
L: 0.60, u_super: 0.00010, sec: 21.612, t_ads: 12248.0, t_des: 12372.0, bed_util_ads: 0.571, bed_util_des: 0.201, frac_lost: 0.500, li_recovered:  26.401
L: 0.60, u_super: 0.00010, sec: 21.613, t_ads: 12321.0, t_des: 12517.0, bed_util_ads: 0.572, bed_util_des: 0.199, frac_lost: 0.500, li_recovered:  26.633
L: 0.60, u_super: 0.00010, sec: 21.619, t_ads: 12335.0, t_des: 12549.0, bed_util_ads: 0.572, bed_util_des: 0.199, frac_lost: 0.500, li_recovered:  26.685
L: 0.60, u_super: 0.00010, sec: 21.613, t_ads: 12193.0, t_des: 12265.0, bed_util_ads: 0.570, bed_util_des: 0.203, frac_lost: 0.500, li_recovered:  26.225
L: 0.60, u_super: 0.00010, sec: 21.614, t_ads: 12183.0, t_des: 12245.0, bed_util_ads: 0.570, bed_util_des: 0.204, frac_lost: 0.500, li_recovered:  26.193
L: 0.60, u_super: 0.00010, sec: 21.615, t_ads: 12157.0, t_des: 12195.0, bed_util_ads: 0.570, bed_util_des: 0.204, frac_lost: 0.500, li_recovered:  26.110
L: 0.60, u_super: 0.00010, sec: 21.627, t_ads: 12513.0, t_des: 12912.0, bed_util_ads: 0.574, bed_util_des: 0.193, frac_lost: 0.500, li_recovered:  27.245
L: 0.60, u_super: 0.00010, sec: 21.620, t_ads: 12111.0, t_des: 12109.0, bed_util_ads: 0.569, bed_util_des: 0.206, frac_lost: 0.500, li_recovered:  25.967
L: 0.60, u_super: 0.00010, sec: 21.614, t_ads: 12179.0, t_des: 12237.0, bed_util_ads: 0.570, bed_util_des: 0.204, frac_lost: 0.500, li_recovered:  26.180
L: 0.60, u_super: 0.00010, sec: 21.613, t_ads: 12309.0, t_des: 12493.0, bed_util_ads: 0.572, bed_util_des: 0.200, frac_lost: 0.500, li_recovered:  26.595
L: 0.60, u_super: 0.00010, sec: 21.616, t_ads: 12247.0, t_des: 12373.0, bed_util_ads: 0.571, bed_util_des: 0.201, frac_lost: 0.500, li_recovered:  26.402
L: 0.60, u_super: 0.00010, sec: 21.619, t_ads: 12082.0, t_des: 12052.0, bed_util_ads: 0.569, bed_util_des: 0.207, frac_lost: 0.500, li_recovered:  25.871
L: 0.60, u_super: 0.00010, sec: 21.614, t_ads: 12347.0, t_des: 12569.0, bed_util_ads: 0.572, bed_util_des: 0.198, frac_lost: 0.500, li_recovered:  26.716
L: 0.60, u_super: 0.00010, sec: 21.612, t_ads: 12237.0, t_des: 12350.0, bed_util_ads: 0.571, bed_util_des: 0.202, frac_lost: 0.500, li_recovered:  26.365
    24 |      960 |  2.161721E+01 |  2.161215E+01
L: 0.60, u_super: 0.00010, sec: 21.613, t_ads: 12319.0, t_des: 12512.0, bed_util_ads: 0.572, bed_util_des: 0.199, frac_lost: 0.500, li_recovered:  26.626
L: 0.60, u_super: 0.00010, sec: 21.613, t_ads: 12310.0, t_des: 12494.0, bed_util_ads: 0.572, bed_util_des: 0.200, frac_lost: 0.500, li_recovered:  26.597
L: 0.60, u_super: 0.00010, sec: 21.620, t_ads: 12079.0, t_des: 12047.0, bed_util_ads: 0.569, bed_util_des: 0.207, frac_lost: 0.500, li_recovered:  25.862
L: 0.60, u_super: 0.00010, sec: 21.661, t_ads: 12710.0, t_des: 13342.0, bed_util_ads: 0.577, bed_util_des: 0.187, frac_lost: 0.500, li_recovered:  27.874
L: 0.60, u_super: 0.00010, sec: 21.613, t_ads: 12243.0, t_des: 12361.0, bed_util_ads: 0.571, bed_util_des: 0.202, frac_lost: 0.500, li_recovered:  26.383
L: 0.60, u_super: 0.00010, sec: 21.613, t_ads: 12275.0, t_des: 12425.0, bed_util_ads: 0.571, bed_util_des: 0.201, frac_lost: 0.500, li_recovered:  26.486
L: 0.60, u_super: 0.00010, sec: 21.614, t_ads: 12342.0, t_des: 12559.0, bed_util_ads: 0.572, bed_util_des: 0.198, frac_lost: 0.500, li_recovered:  26.700
L: 0.60, u_super: 0.00010, sec: 21.614, t_ads: 12282.0, t_des: 12440.0, bed_util_ads: 0.571, bed_util_des: 0.200, frac_lost: 0.500, li_recovered:  26.511
L: 0.60, u_super: 0.00010, sec: 21.613, t_ads: 12205.0, t_des: 12288.0, bed_util_ads: 0.570, bed_util_des: 0.203, frac_lost: 0.500, li_recovered:  26.263
L: 0.60, u_super: 0.00010, sec: 21.616, t_ads: 12340.0, t_des: 12557.0, bed_util_ads: 0.572, bed_util_des: 0.199, frac_lost: 0.500, li_recovered:  26.697
L: 0.62, u_super: 0.00010, sec: 22.110, t_ads: 12718.0, t_des: 12629.0, bed_util_ads: 0.575, bed_util_des: 0.204, frac_lost: 0.500, li_recovered:  26.569
L: 0.60, u_super: 0.00024, sec: 90.165, t_ads: 3731.0, t_des: 6771.0, bed_util_ads: 0.427, bed_util_des: 0.201, frac_lost: 0.500, li_recovered:  16.138
L: 0.60, u_super: 0.00010, sec: 21.617, t_ads: 12132.0, t_des: 12148.0, bed_util_ads: 0.569, bed_util_des: 0.205, frac_lost: 0.500, li_recovered:  26.032
L: 0.60, u_super: 0.00010, sec: 21.620, t_ads: 12442.0, t_des: 12764.0, bed_util_ads: 0.573, bed_util_des: 0.195, frac_lost: 0.500, li_recovered:  27.019
L: 0.60, u_super: 0.00010, sec: 21.612, t_ads: 12267.0, t_des: 12410.0, bed_util_ads: 0.571, bed_util_des: 0.201, frac_lost: 0.500, li_recovered:  26.462
L: 0.60, u_super: 0.00010, sec: 21.634, t_ads: 11961.0, t_des: 11829.0, bed_util_ads: 0.567, bed_util_des: 0.211, frac_lost: 0.500, li_recovered:  25.487
L: 0.60, u_super: 0.00010, sec: 21.617, t_ads: 12118.0, t_des: 12120.0, bed_util_ads: 0.569, bed_util_des: 0.206, frac_lost: 0.500, li_recovered:  25.985
L: 0.60, u_super: 0.00010, sec: 21.620, t_ads: 12442.0, t_des: 12763.0, bed_util_ads: 0.573, bed_util_des: 0.195, frac_lost: 0.500, li_recovered:  27.018
L: 0.60, u_super: 0.00010, sec: 21.632, t_ads: 12540.0, t_des: 12971.0, bed_util_ads: 0.575, bed_util_des: 0.192, frac_lost: 0.500, li_recovered:  27.333
L: 0.60, u_super: 0.00010, sec: 21.614, t_ads: 12170.0, t_des: 12220.0, bed_util_ads: 0.570, bed_util_des: 0.204, frac_lost: 0.500, li_recovered:  26.152
L: 0.60, u_super: 0.00010, sec: 21.613, t_ads: 12222.0, t_des: 12320.0, bed_util_ads: 0.570, bed_util_des: 0.202, frac_lost: 0.500, li_recovered:  26.316
L: 0.60, u_super: 0.00010, sec: 21.612, t_ads: 12257.0, t_des: 12389.0, bed_util_ads: 0.571, bed_util_des: 0.201, frac_lost: 0.500, li_recovered:  26.428
L: 0.60, u_super: 0.00010, sec: 21.612, t_ads: 12256.0, t_des: 12387.0, bed_util_ads: 0.571, bed_util_des: 0.201, frac_lost: 0.500, li_recovered:  26.425
L: 0.60, u_super: 0.00010, sec: 21.614, t_ads: 12332.0, t_des: 12539.0, bed_util_ads: 0.572, bed_util_des: 0.199, frac_lost: 0.500, li_recovered:  26.668
L: 0.60, u_super: 0.00010, sec: 21.614, t_ads: 12260.0, t_des: 12397.0, bed_util_ads: 0.571, bed_util_des: 0.201, frac_lost: 0.500, li_recovered:  26.441
L: 0.60, u_super: 0.00010, sec: 21.621, t_ads: 12254.0, t_des: 12389.0, bed_util_ads: 0.571, bed_util_des: 0.201, frac_lost: 0.500, li_recovered:  26.430
L: 0.60, u_super: 0.00010, sec: 21.612, t_ads: 12248.0, t_des: 12372.0, bed_util_ads: 0.571, bed_util_des: 0.201, frac_lost: 0.500, li_recovered:  26.401
L: 0.60, u_super: 0.00010, sec: 21.613, t_ads: 12321.0, t_des: 12517.0, bed_util_ads: 0.572, bed_util_des: 0.199, frac_lost: 0.500, li_recovered:  26.633
L: 0.60, u_super: 0.00010, sec: 21.619, t_ads: 12335.0, t_des: 12549.0, bed_util_ads: 0.572, bed_util_des: 0.199, frac_lost: 0.500, li_recovered:  26.685
L: 0.60, u_super: 0.00010, sec: 21.613, t_ads: 12193.0, t_des: 12265.0, bed_util_ads: 0.570, bed_util_des: 0.203, frac_lost: 0.500, li_recovered:  26.225
L: 0.60, u_super: 0.00010, sec: 21.612, t_ads: 12232.0, t_des: 12340.0, bed_util_ads: 0.571, bed_util_des: 0.202, frac_lost: 0.500, li_recovered:  26.349
L: 0.60, u_super: 0.00010, sec: 21.615, t_ads: 12157.0, t_des: 12195.0, bed_util_ads: 0.570, bed_util_des: 0.204, frac_lost: 0.500, li_recovered:  26.110
L: 0.60, u_super: 0.00010, sec: 21.627, t_ads: 12513.0, t_des: 12912.0, bed_util_ads: 0.574, bed_util_des: 0.193, frac_lost: 0.500, li_recovered:  27.245
L: 0.60, u_super: 0.00010, sec: 21.617, t_ads: 12168.0, t_des: 12217.0, bed_util_ads: 0.570, bed_util_des: 0.204, frac_lost: 0.500, li_recovered:  26.148
L: 0.60, u_super: 0.00010, sec: 21.614, t_ads: 12179.0, t_des: 12237.0, bed_util_ads: 0.570, bed_util_des: 0.204, frac_lost: 0.500, li_recovered:  26.180
L: 0.60, u_super: 0.00010, sec: 21.613, t_ads: 12309.0, t_des: 12493.0, bed_util_ads: 0.572, bed_util_des: 0.200, frac_lost: 0.500, li_recovered:  26.595
L: 0.60, u_super: 0.00010, sec: 21.616, t_ads: 12247.0, t_des: 12373.0, bed_util_ads: 0.571, bed_util_des: 0.201, frac_lost: 0.500, li_recovered:  26.402
L: 0.60, u_super: 0.00010, sec: 21.614, t_ads: 12331.0, t_des: 12537.0, bed_util_ads: 0.572, bed_util_des: 0.199, frac_lost: 0.500, li_recovered:  26.665
L: 0.60, u_super: 0.00010, sec: 21.614, t_ads: 12347.0, t_des: 12569.0, bed_util_ads: 0.572, bed_util_des: 0.198, frac_lost: 0.500, li_recovered:  26.716
L: 0.60, u_super: 0.00010, sec: 21.612, t_ads: 12237.0, t_des: 12350.0, bed_util_ads: 0.571, bed_util_des: 0.202, frac_lost: 0.500, li_recovered:  26.365
    25 |     1000 |  2.161654E+01 |  2.161215E+01
L: 0.60, u_super: 0.00010, sec: 21.613, t_ads: 12319.0, t_des: 12512.0, bed_util_ads: 0.572, bed_util_des: 0.199, frac_lost: 0.500, li_recovered:  26.626
L: 0.60, u_super: 0.00010, sec: 21.614, t_ads: 12178.0, t_des: 12236.0, bed_util_ads: 0.570, bed_util_des: 0.204, frac_lost: 0.500, li_recovered:  26.178
L: 0.60, u_super: 0.00010, sec: 21.620, t_ads: 12079.0, t_des: 12047.0, bed_util_ads: 0.569, bed_util_des: 0.207, frac_lost: 0.500, li_recovered:  25.862
L: 0.60, u_super: 0.00010, sec: 21.613, t_ads: 12195.0, t_des: 12268.0, bed_util_ads: 0.570, bed_util_des: 0.203, frac_lost: 0.500, li_recovered:  26.231
L: 0.60, u_super: 0.00010, sec: 21.618, t_ads: 12104.0, t_des: 12094.0, bed_util_ads: 0.569, bed_util_des: 0.206, frac_lost: 0.500, li_recovered:  25.941
L: 0.60, u_super: 0.00010, sec: 21.613, t_ads: 12294.0, t_des: 12462.0, bed_util_ads: 0.571, bed_util_des: 0.200, frac_lost: 0.500, li_recovered:  26.546
L: 0.60, u_super: 0.00010, sec: 21.612, t_ads: 12268.0, t_des: 12411.0, bed_util_ads: 0.571, bed_util_des: 0.201, frac_lost: 0.500, li_recovered:  26.464
L: 0.60, u_super: 0.00010, sec: 21.616, t_ads: 12161.0, t_des: 12204.0, bed_util_ads: 0.570, bed_util_des: 0.204, frac_lost: 0.500, li_recovered:  26.125
L: 0.60, u_super: 0.00010, sec: 21.612, t_ads: 12272.0, t_des: 12419.0, bed_util_ads: 0.571, bed_util_des: 0.201, frac_lost: 0.500, li_recovered:  26.476
L: 0.60, u_super: 0.00010, sec: 21.614, t_ads: 12341.0, t_des: 12557.0, bed_util_ads: 0.572, bed_util_des: 0.199, frac_lost: 0.500, li_recovered:  26.696
L: 0.60, u_super: 0.00010, sec: 21.614, t_ads: 12182.0, t_des: 12244.0, bed_util_ads: 0.570, bed_util_des: 0.204, frac_lost: 0.500, li_recovered:  26.191
L: 0.60, u_super: 0.00010, sec: 21.617, t_ads: 12220.0, t_des: 12320.0, bed_util_ads: 0.570, bed_util_des: 0.202, frac_lost: 0.500, li_recovered:  26.317
L: 0.60, u_super: 0.00010, sec: 21.616, t_ads: 12133.0, t_des: 12149.0, bed_util_ads: 0.569, bed_util_des: 0.205, frac_lost: 0.500, li_recovered:  26.034
L: 0.60, u_super: 0.00010, sec: 21.613, t_ads: 12232.0, t_des: 12341.0, bed_util_ads: 0.571, bed_util_des: 0.202, frac_lost: 0.500, li_recovered:  26.350
L: 0.60, u_super: 0.00010, sec: 21.612, t_ads: 12288.0, t_des: 12451.0, bed_util_ads: 0.571, bed_util_des: 0.200, frac_lost: 0.500, li_recovered:  26.528
L: 0.60, u_super: 0.00010, sec: 21.633, t_ads: 11961.0, t_des: 11829.0, bed_util_ads: 0.567, bed_util_des: 0.211, frac_lost: 0.500, li_recovered:  25.487
L: 0.60, u_super: 0.00010, sec: 21.612, t_ads: 12270.0, t_des: 12415.0, bed_util_ads: 0.571, bed_util_des: 0.201, frac_lost: 0.500, li_recovered:  26.470
L: 0.60, u_super: 0.00010, sec: 21.620, t_ads: 12442.0, t_des: 12763.0, bed_util_ads: 0.573, bed_util_des: 0.195, frac_lost: 0.500, li_recovered:  27.018
L: 0.60, u_super: 0.00010, sec: 21.632, t_ads: 12540.0, t_des: 12971.0, bed_util_ads: 0.575, bed_util_des: 0.192, frac_lost: 0.500, li_recovered:  27.333
L: 0.60, u_super: 0.00010, sec: 21.612, t_ads: 12272.0, t_des: 12419.0, bed_util_ads: 0.571, bed_util_des: 0.201, frac_lost: 0.500, li_recovered:  26.476
L: 0.60, u_super: 0.00010, sec: 21.613, t_ads: 12199.0, t_des: 12275.0, bed_util_ads: 0.570, bed_util_des: 0.203, frac_lost: 0.500, li_recovered:  26.243
L: 0.60, u_super: 0.00010, sec: 21.612, t_ads: 12257.0, t_des: 12389.0, bed_util_ads: 0.571, bed_util_des: 0.201, frac_lost: 0.500, li_recovered:  26.428
L: 0.60, u_super: 0.00010, sec: 21.614, t_ads: 12180.0, t_des: 12240.0, bed_util_ads: 0.570, bed_util_des: 0.204, frac_lost: 0.500, li_recovered:  26.184
L: 0.60, u_super: 0.00010, sec: 21.613, t_ads: 12332.0, t_des: 12539.0, bed_util_ads: 0.572, bed_util_des: 0.199, frac_lost: 0.500, li_recovered:  26.668
L: 0.60, u_super: 0.00010, sec: 21.613, t_ads: 12261.0, t_des: 12398.0, bed_util_ads: 0.571, bed_util_des: 0.201, frac_lost: 0.500, li_recovered:  26.442
L: 0.60, u_super: 0.00010, sec: 21.616, t_ads: 12376.0, t_des: 12628.0, bed_util_ads: 0.572, bed_util_des: 0.197, frac_lost: 0.500, li_recovered:  26.808
L: 0.60, u_super: 0.00010, sec: 21.612, t_ads: 12248.0, t_des: 12372.0, bed_util_ads: 0.571, bed_util_des: 0.201, frac_lost: 0.500, li_recovered:  26.401
L: 0.60, u_super: 0.00010, sec: 21.613, t_ads: 12321.0, t_des: 12517.0, bed_util_ads: 0.572, bed_util_des: 0.199, frac_lost: 0.500, li_recovered:  26.633
L: 0.60, u_super: 0.00010, sec: 21.615, t_ads: 12338.0, t_des: 12552.0, bed_util_ads: 0.572, bed_util_des: 0.199, frac_lost: 0.500, li_recovered:  26.689
L: 0.60, u_super: 0.00010, sec: 21.612, t_ads: 12253.0, t_des: 12382.0, bed_util_ads: 0.571, bed_util_des: 0.201, frac_lost: 0.500, li_recovered:  26.416
L: 0.60, u_super: 0.00010, sec: 21.612, t_ads: 12251.0, t_des: 12377.0, bed_util_ads: 0.571, bed_util_des: 0.201, frac_lost: 0.500, li_recovered:  26.409
L: 0.60, u_super: 0.00010, sec: 21.615, t_ads: 12157.0, t_des: 12195.0, bed_util_ads: 0.570, bed_util_des: 0.204, frac_lost: 0.500, li_recovered:  26.110
L: 0.60, u_super: 0.00010, sec: 21.627, t_ads: 12513.0, t_des: 12912.0, bed_util_ads: 0.574, bed_util_des: 0.193, frac_lost: 0.500, li_recovered:  27.245
L: 0.60, u_super: 0.00010, sec: 21.614, t_ads: 12169.0, t_des: 12218.0, bed_util_ads: 0.570, bed_util_des: 0.204, frac_lost: 0.500, li_recovered:  26.148
L: 0.60, u_super: 0.00010, sec: 21.614, t_ads: 12179.0, t_des: 12237.0, bed_util_ads: 0.570, bed_util_des: 0.204, frac_lost: 0.500, li_recovered:  26.180
L: 0.60, u_super: 0.00010, sec: 21.782, t_ads: 13090.0, t_des: 14247.0, bed_util_ads: 0.582, bed_util_des: 0.175, frac_lost: 0.500, li_recovered:  29.086
L: 0.60, u_super: 0.00010, sec: 21.616, t_ads: 12247.0, t_des: 12373.0, bed_util_ads: 0.571, bed_util_des: 0.201, frac_lost: 0.500, li_recovered:  26.402
L: 0.60, u_super: 0.00010, sec: 21.615, t_ads: 12330.0, t_des: 12536.0, bed_util_ads: 0.572, bed_util_des: 0.199, frac_lost: 0.500, li_recovered:  26.663
L: 0.60, u_super: 0.00010, sec: 21.619, t_ads: 12088.0, t_des: 12064.0, bed_util_ads: 0.569, bed_util_des: 0.207, frac_lost: 0.500, li_recovered:  25.890
L: 0.60, u_super: 0.00010, sec: 21.612, t_ads: 12237.0, t_des: 12350.0, bed_util_ads: 0.571, bed_util_des: 0.202, frac_lost: 0.500, li_recovered:  26.365
    26 |     1040 |  2.161488E+01 |  2.161215E+01
L: 0.60, u_super: 0.00010, sec: 21.613, t_ads: 12319.0, t_des: 12512.0, bed_util_ads: 0.572, bed_util_des: 0.199, frac_lost: 0.500, li_recovered:  26.626
L: 0.60, u_super: 0.00010, sec: 21.613, t_ads: 12215.0, t_des: 12307.0, bed_util_ads: 0.570, bed_util_des: 0.203, frac_lost: 0.500, li_recovered:  26.295
L: 0.60, u_super: 0.00010, sec: 21.620, t_ads: 12079.0, t_des: 12047.0, bed_util_ads: 0.569, bed_util_des: 0.207, frac_lost: 0.500, li_recovered:  25.862
L: 0.60, u_super: 0.00010, sec: 21.613, t_ads: 12195.0, t_des: 12268.0, bed_util_ads: 0.570, bed_util_des: 0.203, frac_lost: 0.500, li_recovered:  26.231
L: 0.60, u_super: 0.00010, sec: 21.613, t_ads: 12242.0, t_des: 12361.0, bed_util_ads: 0.571, bed_util_des: 0.202, frac_lost: 0.500, li_recovered:  26.382
L: 0.60, u_super: 0.00010, sec: 21.613, t_ads: 12293.0, t_des: 12461.0, bed_util_ads: 0.571, bed_util_des: 0.200, frac_lost: 0.500, li_recovered:  26.544
L: 0.60, u_super: 0.00010, sec: 21.612, t_ads: 12268.0, t_des: 12411.0, bed_util_ads: 0.571, bed_util_des: 0.201, frac_lost: 0.500, li_recovered:  26.464
L: 0.60, u_super: 0.00010, sec: 21.613, t_ads: 12292.0, t_des: 12459.0, bed_util_ads: 0.571, bed_util_des: 0.200, frac_lost: 0.500, li_recovered:  26.541
L: 0.62, u_super: 0.00062, sec: 603.382, t_ads: 1106.0, t_des: 3832.0, bed_util_ads: 0.324, bed_util_des: 0.219, frac_lost: 0.500, li_recovered:  7.444
L: 0.60, u_super: 0.00010, sec: 21.612, t_ads: 12276.0, t_des: 12427.0, bed_util_ads: 0.571, bed_util_des: 0.201, frac_lost: 0.500, li_recovered:  26.490
L: 0.60, u_super: 0.00010, sec: 21.614, t_ads: 12182.0, t_des: 12244.0, bed_util_ads: 0.570, bed_util_des: 0.204, frac_lost: 0.500, li_recovered:  26.191
L: 0.60, u_super: 0.00010, sec: 21.613, t_ads: 12262.0, t_des: 12399.0, bed_util_ads: 0.571, bed_util_des: 0.201, frac_lost: 0.500, li_recovered:  26.445
L: 0.60, u_super: 0.00010, sec: 21.616, t_ads: 12133.0, t_des: 12149.0, bed_util_ads: 0.569, bed_util_des: 0.205, frac_lost: 0.500, li_recovered:  26.034
L: 0.60, u_super: 0.00010, sec: 21.612, t_ads: 12232.0, t_des: 12341.0, bed_util_ads: 0.571, bed_util_des: 0.202, frac_lost: 0.500, li_recovered:  26.350
L: 0.60, u_super: 0.00010, sec: 21.612, t_ads: 12275.0, t_des: 12425.0, bed_util_ads: 0.571, bed_util_des: 0.201, frac_lost: 0.500, li_recovered:  26.486
L: 0.60, u_super: 0.00010, sec: 21.614, t_ads: 12328.0, t_des: 12532.0, bed_util_ads: 0.572, bed_util_des: 0.199, frac_lost: 0.500, li_recovered:  26.657
L: 0.60, u_super: 0.00010, sec: 21.612, t_ads: 12270.0, t_des: 12415.0, bed_util_ads: 0.571, bed_util_des: 0.201, frac_lost: 0.500, li_recovered:  26.470
L: 0.60, u_super: 0.00010, sec: 21.620, t_ads: 12441.0, t_des: 12762.0, bed_util_ads: 0.573, bed_util_des: 0.195, frac_lost: 0.500, li_recovered:  27.016
L: 0.60, u_super: 0.00010, sec: 21.615, t_ads: 12344.0, t_des: 12564.0, bed_util_ads: 0.572, bed_util_des: 0.198, frac_lost: 0.500, li_recovered:  26.708
L: 0.60, u_super: 0.00010, sec: 21.613, t_ads: 12272.0, t_des: 12419.0, bed_util_ads: 0.571, bed_util_des: 0.201, frac_lost: 0.500, li_recovered:  26.476
L: 0.60, u_super: 0.00010, sec: 21.612, t_ads: 12245.0, t_des: 12365.0, bed_util_ads: 0.571, bed_util_des: 0.202, frac_lost: 0.500, li_recovered:  26.390
L: 0.60, u_super: 0.00010, sec: 21.619, t_ads: 12095.0, t_des: 12076.0, bed_util_ads: 0.569, bed_util_des: 0.206, frac_lost: 0.500, li_recovered:  25.911
L: 0.60, u_super: 0.00010, sec: 21.612, t_ads: 12256.0, t_des: 12387.0, bed_util_ads: 0.571, bed_util_des: 0.201, frac_lost: 0.500, li_recovered:  26.425
L: 0.60, u_super: 0.00010, sec: 21.613, t_ads: 12332.0, t_des: 12539.0, bed_util_ads: 0.572, bed_util_des: 0.199, frac_lost: 0.500, li_recovered:  26.668
L: 0.60, u_super: 0.00010, sec: 21.612, t_ads: 12261.0, t_des: 12398.0, bed_util_ads: 0.571, bed_util_des: 0.201, frac_lost: 0.500, li_recovered:  26.442
L: 0.60, u_super: 0.00010, sec: 21.618, t_ads: 12110.0, t_des: 12105.0, bed_util_ads: 0.569, bed_util_des: 0.206, frac_lost: 0.500, li_recovered:  25.960
L: 0.60, u_super: 0.00010, sec: 21.612, t_ads: 12248.0, t_des: 12372.0, bed_util_ads: 0.571, bed_util_des: 0.201, frac_lost: 0.500, li_recovered:  26.401
L: 0.60, u_super: 0.00010, sec: 21.613, t_ads: 12321.0, t_des: 12517.0, bed_util_ads: 0.572, bed_util_des: 0.199, frac_lost: 0.500, li_recovered:  26.633
L: 0.60, u_super: 0.00010, sec: 21.615, t_ads: 12338.0, t_des: 12552.0, bed_util_ads: 0.572, bed_util_des: 0.199, frac_lost: 0.500, li_recovered:  26.689
L: 0.60, u_super: 0.00010, sec: 21.612, t_ads: 12253.0, t_des: 12382.0, bed_util_ads: 0.571, bed_util_des: 0.201, frac_lost: 0.500, li_recovered:  26.417
L: 0.60, u_super: 0.00010, sec: 21.612, t_ads: 12251.0, t_des: 12377.0, bed_util_ads: 0.571, bed_util_des: 0.201, frac_lost: 0.500, li_recovered:  26.409
L: 0.60, u_super: 0.00010, sec: 21.615, t_ads: 12157.0, t_des: 12195.0, bed_util_ads: 0.570, bed_util_des: 0.204, frac_lost: 0.500, li_recovered:  26.110
L: 0.60, u_super: 0.00010, sec: 21.628, t_ads: 12513.0, t_des: 12912.0, bed_util_ads: 0.574, bed_util_des: 0.193, frac_lost: 0.500, li_recovered:  27.245
L: 0.62, u_super: 0.00010, sec: 22.148, t_ads: 12744.0, t_des: 12632.0, bed_util_ads: 0.575, bed_util_des: 0.204, frac_lost: 0.500, li_recovered:  26.553
L: 0.60, u_super: 0.00010, sec: 21.617, t_ads: 12395.0, t_des: 12667.0, bed_util_ads: 0.573, bed_util_des: 0.197, frac_lost: 0.500, li_recovered:  26.869
L: 0.60, u_super: 0.00010, sec: 21.613, t_ads: 12309.0, t_des: 12493.0, bed_util_ads: 0.572, bed_util_des: 0.200, frac_lost: 0.500, li_recovered:  26.595
L: 0.60, u_super: 0.00010, sec: 21.616, t_ads: 12247.0, t_des: 12373.0, bed_util_ads: 0.571, bed_util_des: 0.201, frac_lost: 0.500, li_recovered:  26.402
L: 0.60, u_super: 0.00010, sec: 21.616, t_ads: 12383.0, t_des: 12642.0, bed_util_ads: 0.572, bed_util_des: 0.197, frac_lost: 0.500, li_recovered:  26.830
L: 0.60, u_super: 0.00010, sec: 21.612, t_ads: 12253.0, t_des: 12381.0, bed_util_ads: 0.571, bed_util_des: 0.201, frac_lost: 0.500, li_recovered:  26.416
L: 0.60, u_super: 0.00010, sec: 21.614, t_ads: 12184.0, t_des: 12247.0, bed_util_ads: 0.570, bed_util_des: 0.203, frac_lost: 0.500, li_recovered:  26.196
    27 |     1080 |  2.161382E+01 |  2.161215E+01
L: 0.60, u_super: 0.00010, sec: 21.612, t_ads: 12224.0, t_des: 12324.0, bed_util_ads: 0.570, bed_util_des: 0.202, frac_lost: 0.500, li_recovered:  26.323
L: 0.60, u_super: 0.00010, sec: 21.613, t_ads: 12215.0, t_des: 12307.0, bed_util_ads: 0.570, bed_util_des: 0.203, frac_lost: 0.500, li_recovered:  26.295
L: 0.60, u_super: 0.00010, sec: 21.620, t_ads: 12079.0, t_des: 12047.0, bed_util_ads: 0.569, bed_util_des: 0.207, frac_lost: 0.500, li_recovered:  25.862
L: 0.60, u_super: 0.00010, sec: 21.613, t_ads: 12195.0, t_des: 12268.0, bed_util_ads: 0.570, bed_util_des: 0.203, frac_lost: 0.500, li_recovered:  26.231
L: 0.60, u_super: 0.00010, sec: 21.612, t_ads: 12243.0, t_des: 12361.0, bed_util_ads: 0.571, bed_util_des: 0.202, frac_lost: 0.500, li_recovered:  26.383
L: 0.60, u_super: 0.00010, sec: 21.612, t_ads: 12233.0, t_des: 12342.0, bed_util_ads: 0.571, bed_util_des: 0.202, frac_lost: 0.500, li_recovered:  26.352
L: 0.60, u_super: 0.00010, sec: 21.612, t_ads: 12258.0, t_des: 12391.0, bed_util_ads: 0.571, bed_util_des: 0.201, frac_lost: 0.500, li_recovered:  26.431
L: 0.60, u_super: 0.00010, sec: 21.616, t_ads: 12139.0, t_des: 12160.0, bed_util_ads: 0.569, bed_util_des: 0.205, frac_lost: 0.500, li_recovered:  26.052
L: 0.60, u_super: 0.00010, sec: 21.612, t_ads: 12247.0, t_des: 12369.0, bed_util_ads: 0.571, bed_util_des: 0.202, frac_lost: 0.500, li_recovered:  26.396
L: 0.60, u_super: 0.00010, sec: 21.612, t_ads: 12276.0, t_des: 12427.0, bed_util_ads: 0.571, bed_util_des: 0.201, frac_lost: 0.500, li_recovered:  26.490
L: 0.60, u_super: 0.00010, sec: 21.613, t_ads: 12201.0, t_des: 12281.0, bed_util_ads: 0.570, bed_util_des: 0.203, frac_lost: 0.500, li_recovered:  26.252
L: 0.60, u_super: 0.00010, sec: 21.613, t_ads: 12244.0, t_des: 12365.0, bed_util_ads: 0.571, bed_util_des: 0.202, frac_lost: 0.500, li_recovered:  26.389
L: 0.60, u_super: 0.00010, sec: 21.616, t_ads: 12133.0, t_des: 12149.0, bed_util_ads: 0.569, bed_util_des: 0.205, frac_lost: 0.500, li_recovered:  26.034
L: 0.60, u_super: 0.00010, sec: 21.613, t_ads: 12211.0, t_des: 12299.0, bed_util_ads: 0.570, bed_util_des: 0.203, frac_lost: 0.500, li_recovered:  26.282
L: 0.60, u_super: 0.00010, sec: 21.612, t_ads: 12267.0, t_des: 12410.0, bed_util_ads: 0.571, bed_util_des: 0.201, frac_lost: 0.500, li_recovered:  26.462
L: 0.60, u_super: 0.00010, sec: 21.613, t_ads: 12329.0, t_des: 12532.0, bed_util_ads: 0.572, bed_util_des: 0.199, frac_lost: 0.500, li_recovered:  26.658
L: 0.60, u_super: 0.00010, sec: 21.808, t_ads: 13149.0, t_des: 14398.0, bed_util_ads: 0.582, bed_util_des: 0.173, frac_lost: 0.500, li_recovered:  29.275
L: 0.60, u_super: 0.00010, sec: 21.620, t_ads: 12441.0, t_des: 12762.0, bed_util_ads: 0.573, bed_util_des: 0.195, frac_lost: 0.500, li_recovered:  27.016
L: 0.60, u_super: 0.00010, sec: 21.614, t_ads: 12344.0, t_des: 12564.0, bed_util_ads: 0.572, bed_util_des: 0.198, frac_lost: 0.500, li_recovered:  26.707
L: 0.60, u_super: 0.00010, sec: 21.613, t_ads: 12272.0, t_des: 12419.0, bed_util_ads: 0.571, bed_util_des: 0.201, frac_lost: 0.500, li_recovered:  26.477
L: 0.60, u_super: 0.00010, sec: 21.612, t_ads: 12245.0, t_des: 12365.0, bed_util_ads: 0.571, bed_util_des: 0.202, frac_lost: 0.500, li_recovered:  26.390
L: 0.60, u_super: 0.00010, sec: 21.613, t_ads: 12290.0, t_des: 12455.0, bed_util_ads: 0.571, bed_util_des: 0.200, frac_lost: 0.500, li_recovered:  26.534
L: 0.60, u_super: 0.00126, sec: 3077.698, t_ads: 475.0, t_des: 2964.0, bed_util_ads: 0.261, bed_util_des: 0.202, frac_lost: 0.500, li_recovered:  4.159
L: 0.60, u_super: 0.00010, sec: 21.612, t_ads: 12247.0, t_des: 12370.0, bed_util_ads: 0.571, bed_util_des: 0.201, frac_lost: 0.500, li_recovered:  26.397
L: 0.60, u_super: 0.00010, sec: 21.613, t_ads: 12199.0, t_des: 12275.0, bed_util_ads: 0.570, bed_util_des: 0.203, frac_lost: 0.500, li_recovered:  26.243
L: 0.60, u_super: 0.00010, sec: 21.615, t_ads: 12376.0, t_des: 12628.0, bed_util_ads: 0.572, bed_util_des: 0.197, frac_lost: 0.500, li_recovered:  26.808
L: 0.60, u_super: 0.00010, sec: 21.612, t_ads: 12248.0, t_des: 12372.0, bed_util_ads: 0.571, bed_util_des: 0.201, frac_lost: 0.500, li_recovered:  26.401
L: 0.64, u_super: 0.00010, sec: 22.529, t_ads: 13890.0, t_des: 14455.0, bed_util_ads: 0.589, bed_util_des: 0.181, frac_lost: 0.500, li_recovered:  29.158
L: 0.60, u_super: 0.00010, sec: 21.614, t_ads: 12338.0, t_des: 12552.0, bed_util_ads: 0.572, bed_util_des: 0.199, frac_lost: 0.500, li_recovered:  26.688
L: 0.60, u_super: 0.00010, sec: 21.613, t_ads: 12253.0, t_des: 12382.0, bed_util_ads: 0.571, bed_util_des: 0.201, frac_lost: 0.500, li_recovered:  26.417
L: 0.60, u_super: 0.00010, sec: 21.612, t_ads: 12251.0, t_des: 12377.0, bed_util_ads: 0.571, bed_util_des: 0.201, frac_lost: 0.500, li_recovered:  26.409
L: 0.60, u_super: 0.00010, sec: 21.613, t_ads: 12217.0, t_des: 12311.0, bed_util_ads: 0.570, bed_util_des: 0.202, frac_lost: 0.500, li_recovered:  26.301
L: 0.60, u_super: 0.00010, sec: 21.627, t_ads: 12513.0, t_des: 12912.0, bed_util_ads: 0.574, bed_util_des: 0.193, frac_lost: 0.500, li_recovered:  27.245
L: 0.60, u_super: 0.00138, sec: 3736.994, t_ads: 429.0, t_des: 2764.0, bed_util_ads: 0.257, bed_util_des: 0.203, frac_lost: 0.501, li_recovered:  3.817
L: 0.60, u_super: 0.00010, sec: 21.613, t_ads: 12201.0, t_des: 12280.0, bed_util_ads: 0.570, bed_util_des: 0.203, frac_lost: 0.500, li_recovered:  26.251
L: 0.60, u_super: 0.00010, sec: 21.613, t_ads: 12309.0, t_des: 12493.0, bed_util_ads: 0.572, bed_util_des: 0.200, frac_lost: 0.500, li_recovered:  26.595
L: 0.60, u_super: 0.00010, sec: 21.616, t_ads: 12247.0, t_des: 12373.0, bed_util_ads: 0.571, bed_util_des: 0.201, frac_lost: 0.500, li_recovered:  26.402
L: 0.60, u_super: 0.00010, sec: 21.614, t_ads: 12331.0, t_des: 12537.0, bed_util_ads: 0.572, bed_util_des: 0.199, frac_lost: 0.500, li_recovered:  26.665
L: 0.60, u_super: 0.00010, sec: 21.612, t_ads: 12253.0, t_des: 12381.0, bed_util_ads: 0.571, bed_util_des: 0.201, frac_lost: 0.500, li_recovered:  26.416
L: 0.60, u_super: 0.00010, sec: 21.615, t_ads: 12161.0, t_des: 12202.0, bed_util_ads: 0.570, bed_util_des: 0.204, frac_lost: 0.500, li_recovered:  26.122
    28 |     1120 |  2.161361E+01 |  2.161215E+01
L: 0.60, u_super: 0.00010, sec: 21.612, t_ads: 12224.0, t_des: 12324.0, bed_util_ads: 0.570, bed_util_des: 0.202, frac_lost: 0.500, li_recovered:  26.323
L: 0.60, u_super: 0.00010, sec: 21.613, t_ads: 12215.0, t_des: 12307.0, bed_util_ads: 0.570, bed_util_des: 0.203, frac_lost: 0.500, li_recovered:  26.295
L: 0.60, u_super: 0.00010, sec: 21.612, t_ads: 12245.0, t_des: 12366.0, bed_util_ads: 0.571, bed_util_des: 0.202, frac_lost: 0.500, li_recovered:  26.391
L: 0.62, u_super: 0.00010, sec: 22.056, t_ads: 12675.0, t_des: 12613.0, bed_util_ads: 0.575, bed_util_des: 0.203, frac_lost: 0.500, li_recovered:  26.571
L: 0.60, u_super: 0.00010, sec: 21.616, t_ads: 12132.0, t_des: 12146.0, bed_util_ads: 0.569, bed_util_des: 0.205, frac_lost: 0.500, li_recovered:  26.029
L: 0.60, u_super: 0.00010, sec: 21.613, t_ads: 12195.0, t_des: 12268.0, bed_util_ads: 0.570, bed_util_des: 0.203, frac_lost: 0.500, li_recovered:  26.231
L: 0.60, u_super: 0.00010, sec: 21.612, t_ads: 12251.0, t_des: 12378.0, bed_util_ads: 0.571, bed_util_des: 0.201, frac_lost: 0.500, li_recovered:  26.410
L: 0.60, u_super: 0.00076, sec: 1024.306, t_ads: 852.0, t_des: 4071.0, bed_util_ads: 0.292, bed_util_des: 0.200, frac_lost: 0.500, li_recovered:  6.561
L: 0.60, u_super: 0.00010, sec: 21.612, t_ads: 12247.0, t_des: 12369.0, bed_util_ads: 0.571, bed_util_des: 0.202, frac_lost: 0.500, li_recovered:  26.396
L: 0.60, u_super: 0.00010, sec: 21.612, t_ads: 12276.0, t_des: 12427.0, bed_util_ads: 0.571, bed_util_des: 0.201, frac_lost: 0.500, li_recovered:  26.490
L: 0.60, u_super: 0.00010, sec: 21.613, t_ads: 12201.0, t_des: 12281.0, bed_util_ads: 0.570, bed_util_des: 0.203, frac_lost: 0.500, li_recovered:  26.252
L: 0.60, u_super: 0.00010, sec: 21.613, t_ads: 12262.0, t_des: 12399.0, bed_util_ads: 0.571, bed_util_des: 0.201, frac_lost: 0.500, li_recovered:  26.445
L: 0.60, u_super: 0.00010, sec: 21.616, t_ads: 12133.0, t_des: 12149.0, bed_util_ads: 0.569, bed_util_des: 0.205, frac_lost: 0.500, li_recovered:  26.034
L: 0.60, u_super: 0.00010, sec: 21.612, t_ads: 12232.0, t_des: 12341.0, bed_util_ads: 0.571, bed_util_des: 0.202, frac_lost: 0.500, li_recovered:  26.350
L: 0.60, u_super: 0.00010, sec: 21.612, t_ads: 12267.0, t_des: 12410.0, bed_util_ads: 0.571, bed_util_des: 0.201, frac_lost: 0.500, li_recovered:  26.462
L: 0.60, u_super: 0.00010, sec: 21.613, t_ads: 12329.0, t_des: 12532.0, bed_util_ads: 0.572, bed_util_des: 0.199, frac_lost: 0.500, li_recovered:  26.658
L: 0.60, u_super: 0.00010, sec: 21.612, t_ads: 12256.0, t_des: 12388.0, bed_util_ads: 0.571, bed_util_des: 0.201, frac_lost: 0.500, li_recovered:  26.426
L: 0.60, u_super: 0.00010, sec: 21.620, t_ads: 12441.0, t_des: 12762.0, bed_util_ads: 0.573, bed_util_des: 0.195, frac_lost: 0.500, li_recovered:  27.016
L: 0.60, u_super: 0.00010, sec: 21.614, t_ads: 12344.0, t_des: 12564.0, bed_util_ads: 0.572, bed_util_des: 0.198, frac_lost: 0.500, li_recovered:  26.707
L: 0.60, u_super: 0.00010, sec: 21.614, t_ads: 12178.0, t_des: 12235.0, bed_util_ads: 0.570, bed_util_des: 0.204, frac_lost: 0.500, li_recovered:  26.177
L: 0.60, u_super: 0.00010, sec: 21.612, t_ads: 12245.0, t_des: 12365.0, bed_util_ads: 0.571, bed_util_des: 0.202, frac_lost: 0.500, li_recovered:  26.390
L: 0.60, u_super: 0.00010, sec: 21.612, t_ads: 12257.0, t_des: 12389.0, bed_util_ads: 0.571, bed_util_des: 0.201, frac_lost: 0.500, li_recovered:  26.428
L: 0.60, u_super: 0.00010, sec: 21.612, t_ads: 12256.0, t_des: 12387.0, bed_util_ads: 0.571, bed_util_des: 0.201, frac_lost: 0.500, li_recovered:  26.425
L: 0.60, u_super: 0.00010, sec: 21.612, t_ads: 12247.0, t_des: 12370.0, bed_util_ads: 0.571, bed_util_des: 0.201, frac_lost: 0.500, li_recovered:  26.397
L: 0.60, u_super: 0.00010, sec: 21.613, t_ads: 12207.0, t_des: 12291.0, bed_util_ads: 0.570, bed_util_des: 0.203, frac_lost: 0.500, li_recovered:  26.269
L: 0.60, u_super: 0.00010, sec: 21.615, t_ads: 12376.0, t_des: 12628.0, bed_util_ads: 0.572, bed_util_des: 0.197, frac_lost: 0.500, li_recovered:  26.808
L: 0.60, u_super: 0.00010, sec: 21.612, t_ads: 12248.0, t_des: 12372.0, bed_util_ads: 0.571, bed_util_des: 0.201, frac_lost: 0.500, li_recovered:  26.401
L: 0.60, u_super: 0.00010, sec: 22.119, t_ads: 10741.0, t_des: 9869.0, bed_util_ads: 0.552, bed_util_des: 0.250, frac_lost: 0.500, li_recovered:  21.595
L: 0.60, u_super: 0.00010, sec: 21.614, t_ads: 12338.0, t_des: 12552.0, bed_util_ads: 0.572, bed_util_des: 0.199, frac_lost: 0.500, li_recovered:  26.688
L: 0.60, u_super: 0.00010, sec: 21.612, t_ads: 12253.0, t_des: 12382.0, bed_util_ads: 0.571, bed_util_des: 0.201, frac_lost: 0.500, li_recovered:  26.417
L: 0.60, u_super: 0.00010, sec: 21.612, t_ads: 12255.0, t_des: 12385.0, bed_util_ads: 0.571, bed_util_des: 0.201, frac_lost: 0.500, li_recovered:  26.422
L: 0.60, u_super: 0.00010, sec: 21.613, t_ads: 12217.0, t_des: 12311.0, bed_util_ads: 0.570, bed_util_des: 0.202, frac_lost: 0.500, li_recovered:  26.301
L: 0.60, u_super: 0.00010, sec: 24.635, t_ads: 15266.0, t_des: 23041.0, bed_util_ads: 0.610, bed_util_des: 0.106, frac_lost: 0.500, li_recovered:  36.037
L: 0.60, u_super: 0.00010, sec: 21.614, t_ads: 12169.0, t_des: 12218.0, bed_util_ads: 0.570, bed_util_des: 0.204, frac_lost: 0.500, li_recovered:  26.148
L: 0.60, u_super: 0.00010, sec: 21.613, t_ads: 12201.0, t_des: 12280.0, bed_util_ads: 0.570, bed_util_des: 0.203, frac_lost: 0.500, li_recovered:  26.250
L: 0.60, u_super: 0.00010, sec: 21.613, t_ads: 12211.0, t_des: 12299.0, bed_util_ads: 0.570, bed_util_des: 0.203, frac_lost: 0.500, li_recovered:  26.282
L: 0.60, u_super: 0.00010, sec: 21.616, t_ads: 12253.0, t_des: 12384.0, bed_util_ads: 0.571, bed_util_des: 0.201, frac_lost: 0.500, li_recovered:  26.421
L: 0.60, u_super: 0.00010, sec: 21.614, t_ads: 12331.0, t_des: 12537.0, bed_util_ads: 0.572, bed_util_des: 0.199, frac_lost: 0.500, li_recovered:  26.665
L: 0.60, u_super: 0.00010, sec: 21.612, t_ads: 12258.0, t_des: 12391.0, bed_util_ads: 0.571, bed_util_des: 0.201, frac_lost: 0.500, li_recovered:  26.431
L: 0.60, u_super: 0.00010, sec: 21.612, t_ads: 12262.0, t_des: 12400.0, bed_util_ads: 0.571, bed_util_des: 0.201, frac_lost: 0.500, li_recovered:  26.445
    29 |     1160 |  2.161341E+01 |  2.161212E+01
L: 0.60, u_super: 0.00010, sec: 21.612, t_ads: 12238.0, t_des: 12353.0, bed_util_ads: 0.571, bed_util_des: 0.202, frac_lost: 0.500, li_recovered:  26.369
L: 0.60, u_super: 0.00010, sec: 21.613, t_ads: 12215.0, t_des: 12307.0, bed_util_ads: 0.570, bed_util_des: 0.203, frac_lost: 0.500, li_recovered:  26.295
L: 0.60, u_super: 0.00010, sec: 21.613, t_ads: 12217.0, t_des: 12312.0, bed_util_ads: 0.570, bed_util_des: 0.202, frac_lost: 0.500, li_recovered:  26.302
L: 0.60, u_super: 0.00010, sec: 21.613, t_ads: 12195.0, t_des: 12268.0, bed_util_ads: 0.570, bed_util_des: 0.203, frac_lost: 0.500, li_recovered:  26.231
L: 0.60, u_super: 0.00010, sec: 21.612, t_ads: 12243.0, t_des: 12361.0, bed_util_ads: 0.571, bed_util_des: 0.202, frac_lost: 0.500, li_recovered:  26.383
L: 0.60, u_super: 0.00010, sec: 21.612, t_ads: 12233.0, t_des: 12342.0, bed_util_ads: 0.571, bed_util_des: 0.202, frac_lost: 0.500, li_recovered:  26.352
L: 0.60, u_super: 0.00010, sec: 21.612, t_ads: 12256.0, t_des: 12388.0, bed_util_ads: 0.571, bed_util_des: 0.201, frac_lost: 0.500, li_recovered:  26.426
L: 0.60, u_super: 0.00010, sec: 21.613, t_ads: 12293.0, t_des: 12461.0, bed_util_ads: 0.571, bed_util_des: 0.200, frac_lost: 0.500, li_recovered:  26.544
L: 0.60, u_super: 0.00010, sec: 21.612, t_ads: 12228.0, t_des: 12332.0, bed_util_ads: 0.570, bed_util_des: 0.202, frac_lost: 0.500, li_recovered:  26.336
L: 0.60, u_super: 0.00010, sec: 21.613, t_ads: 12214.0, t_des: 12304.0, bed_util_ads: 0.570, bed_util_des: 0.203, frac_lost: 0.500, li_recovered:  26.290
L: 0.60, u_super: 0.00010, sec: 21.613, t_ads: 12201.0, t_des: 12281.0, bed_util_ads: 0.570, bed_util_des: 0.203, frac_lost: 0.500, li_recovered:  26.252
L: 0.60, u_super: 0.00010, sec: 21.613, t_ads: 12262.0, t_des: 12399.0, bed_util_ads: 0.571, bed_util_des: 0.201, frac_lost: 0.500, li_recovered:  26.445
L: 0.60, u_super: 0.00010, sec: 21.616, t_ads: 12133.0, t_des: 12149.0, bed_util_ads: 0.569, bed_util_des: 0.205, frac_lost: 0.500, li_recovered:  26.034
L: 0.60, u_super: 0.00010, sec: 21.613, t_ads: 12190.0, t_des: 12259.0, bed_util_ads: 0.570, bed_util_des: 0.203, frac_lost: 0.500, li_recovered:  26.216
L: 0.60, u_super: 0.00010, sec: 21.612, t_ads: 12267.0, t_des: 12410.0, bed_util_ads: 0.571, bed_util_des: 0.201, frac_lost: 0.500, li_recovered:  26.462
L: 0.60, u_super: 0.00010, sec: 21.612, t_ads: 12249.0, t_des: 12373.0, bed_util_ads: 0.571, bed_util_des: 0.201, frac_lost: 0.500, li_recovered:  26.403
L: 0.60, u_super: 0.00010, sec: 21.612, t_ads: 12256.0, t_des: 12388.0, bed_util_ads: 0.571, bed_util_des: 0.201, frac_lost: 0.500, li_recovered:  26.426
L: 0.60, u_super: 0.00010, sec: 21.620, t_ads: 12441.0, t_des: 12762.0, bed_util_ads: 0.573, bed_util_des: 0.195, frac_lost: 0.500, li_recovered:  27.016
L: 0.60, u_super: 0.00010, sec: 21.612, t_ads: 12268.0, t_des: 12412.0, bed_util_ads: 0.571, bed_util_des: 0.201, frac_lost: 0.500, li_recovered:  26.465
L: 0.60, u_super: 0.00010, sec: 21.612, t_ads: 12272.0, t_des: 12419.0, bed_util_ads: 0.571, bed_util_des: 0.201, frac_lost: 0.500, li_recovered:  26.476
L: 0.60, u_super: 0.00010, sec: 21.613, t_ads: 12217.0, t_des: 12312.0, bed_util_ads: 0.570, bed_util_des: 0.202, frac_lost: 0.500, li_recovered:  26.302
L: 0.60, u_super: 0.00010, sec: 21.613, t_ads: 12216.0, t_des: 12310.0, bed_util_ads: 0.570, bed_util_des: 0.202, frac_lost: 0.500, li_recovered:  26.299
L: 0.60, u_super: 0.00010, sec: 21.614, t_ads: 12180.0, t_des: 12239.0, bed_util_ads: 0.570, bed_util_des: 0.204, frac_lost: 0.500, li_recovered:  26.183
L: 0.60, u_super: 0.00010, sec: 21.612, t_ads: 12247.0, t_des: 12370.0, bed_util_ads: 0.571, bed_util_des: 0.201, frac_lost: 0.500, li_recovered:  26.397
L: 0.60, u_super: 0.00010, sec: 21.613, t_ads: 12238.0, t_des: 12353.0, bed_util_ads: 0.571, bed_util_des: 0.202, frac_lost: 0.500, li_recovered:  26.369
L: 0.60, u_super: 0.00010, sec: 21.645, t_ads: 11881.0, t_des: 11683.0, bed_util_ads: 0.566, bed_util_des: 0.213, frac_lost: 0.500, li_recovered:  25.229
L: 0.60, u_super: 0.00010, sec: 21.613, t_ads: 12316.0, t_des: 12507.0, bed_util_ads: 0.572, bed_util_des: 0.199, frac_lost: 0.500, li_recovered:  26.617
L: 0.60, u_super: 0.00010, sec: 21.613, t_ads: 12308.0, t_des: 12490.0, bed_util_ads: 0.572, bed_util_des: 0.200, frac_lost: 0.500, li_recovered:  26.591
L: 0.60, u_super: 0.00010, sec: 21.613, t_ads: 12308.0, t_des: 12490.0, bed_util_ads: 0.572, bed_util_des: 0.200, frac_lost: 0.500, li_recovered:  26.591
L: 0.60, u_super: 0.00010, sec: 21.612, t_ads: 12296.0, t_des: 12466.0, bed_util_ads: 0.571, bed_util_des: 0.200, frac_lost: 0.500, li_recovered:  26.552
L: 0.60, u_super: 0.00010, sec: 21.612, t_ads: 12255.0, t_des: 12385.0, bed_util_ads: 0.571, bed_util_des: 0.201, frac_lost: 0.500, li_recovered:  26.422
L: 0.60, u_super: 0.00010, sec: 21.613, t_ads: 12217.0, t_des: 12311.0, bed_util_ads: 0.570, bed_util_des: 0.202, frac_lost: 0.500, li_recovered:  26.301
L: 0.60, u_super: 0.00010, sec: 21.627, t_ads: 12513.0, t_des: 12912.0, bed_util_ads: 0.574, bed_util_des: 0.193, frac_lost: 0.500, li_recovered:  27.245
L: 0.60, u_super: 0.00010, sec: 21.614, t_ads: 12169.0, t_des: 12218.0, bed_util_ads: 0.570, bed_util_des: 0.204, frac_lost: 0.500, li_recovered:  26.148
L: 0.60, u_super: 0.00010, sec: 21.613, t_ads: 12201.0, t_des: 12280.0, bed_util_ads: 0.570, bed_util_des: 0.203, frac_lost: 0.500, li_recovered:  26.251
L: 0.60, u_super: 0.00010, sec: 21.612, t_ads: 12259.0, t_des: 12393.0, bed_util_ads: 0.571, bed_util_des: 0.201, frac_lost: 0.500, li_recovered:  26.435
L: 0.60, u_super: 0.00018, sec: 50.299, t_ads: 5804.0, t_des: 8013.0, bed_util_ads: 0.479, bed_util_des: 0.201, frac_lost: 0.500, li_recovered:  19.824
L: 0.60, u_super: 0.00010, sec: 21.614, t_ads: 12331.0, t_des: 12537.0, bed_util_ads: 0.572, bed_util_des: 0.199, frac_lost: 0.500, li_recovered:  26.665
L: 0.60, u_super: 0.00010, sec: 21.612, t_ads: 12253.0, t_des: 12381.0, bed_util_ads: 0.571, bed_util_des: 0.201, frac_lost: 0.500, li_recovered:  26.416
L: 0.60, u_super: 0.00010, sec: 21.612, t_ads: 12262.0, t_des: 12400.0, bed_util_ads: 0.571, bed_util_des: 0.201, frac_lost: 0.500, li_recovered:  26.445
    30 |     1200 |  2.161329E+01 |  2.161210E+01
L: 0.60, u_super: 0.00010, sec: 21.612, t_ads: 12238.0, t_des: 12353.0, bed_util_ads: 0.571, bed_util_des: 0.202, frac_lost: 0.500, li_recovered:  26.369
L: 0.60, u_super: 0.00010, sec: 21.613, t_ads: 12215.0, t_des: 12307.0, bed_util_ads: 0.570, bed_util_des: 0.203, frac_lost: 0.500, li_recovered:  26.295
L: 0.60, u_super: 0.00010, sec: 21.616, t_ads: 12130.0, t_des: 12144.0, bed_util_ads: 0.569, bed_util_des: 0.205, frac_lost: 0.500, li_recovered:  26.025
L: 0.60, u_super: 0.00010, sec: 21.614, t_ads: 12346.0, t_des: 12567.0, bed_util_ads: 0.572, bed_util_des: 0.198, frac_lost: 0.500, li_recovered:  26.712
L: 0.60, u_super: 0.00010, sec: 21.612, t_ads: 12255.0, t_des: 12386.0, bed_util_ads: 0.571, bed_util_des: 0.201, frac_lost: 0.500, li_recovered:  26.423
L: 0.60, u_super: 0.00010, sec: 21.612, t_ads: 12233.0, t_des: 12342.0, bed_util_ads: 0.571, bed_util_des: 0.202, frac_lost: 0.500, li_recovered:  26.352
L: 0.60, u_super: 0.00010, sec: 21.612, t_ads: 12256.0, t_des: 12388.0, bed_util_ads: 0.571, bed_util_des: 0.201, frac_lost: 0.500, li_recovered:  26.426
L: 0.60, u_super: 0.00010, sec: 21.613, t_ads: 12292.0, t_des: 12459.0, bed_util_ads: 0.571, bed_util_des: 0.200, frac_lost: 0.500, li_recovered:  26.541
L: 0.60, u_super: 0.00010, sec: 21.613, t_ads: 12218.0, t_des: 12314.0, bed_util_ads: 0.570, bed_util_des: 0.202, frac_lost: 0.500, li_recovered:  26.306
L: 0.60, u_super: 0.00010, sec: 21.612, t_ads: 12276.0, t_des: 12427.0, bed_util_ads: 0.571, bed_util_des: 0.201, frac_lost: 0.500, li_recovered:  26.490
L: 0.60, u_super: 0.00010, sec: 24.604, t_ads: 15255.0, t_des: 22967.0, bed_util_ads: 0.610, bed_util_des: 0.106, frac_lost: 0.500, li_recovered:  36.002
L: 0.60, u_super: 0.00010, sec: 21.613, t_ads: 12262.0, t_des: 12399.0, bed_util_ads: 0.571, bed_util_des: 0.201, frac_lost: 0.500, li_recovered:  26.445
L: 0.60, u_super: 0.00010, sec: 21.616, t_ads: 12133.0, t_des: 12149.0, bed_util_ads: 0.569, bed_util_des: 0.205, frac_lost: 0.500, li_recovered:  26.034
L: 0.60, u_super: 0.00010, sec: 21.614, t_ads: 12346.0, t_des: 12567.0, bed_util_ads: 0.572, bed_util_des: 0.198, frac_lost: 0.500, li_recovered:  26.713
L: 0.60, u_super: 0.00010, sec: 21.612, t_ads: 12267.0, t_des: 12410.0, bed_util_ads: 0.571, bed_util_des: 0.201, frac_lost: 0.500, li_recovered:  26.462
L: 0.60, u_super: 0.00010, sec: 21.612, t_ads: 12249.0, t_des: 12373.0, bed_util_ads: 0.571, bed_util_des: 0.201, frac_lost: 0.500, li_recovered:  26.403
L: 0.60, u_super: 0.00010, sec: 21.612, t_ads: 12256.0, t_des: 12388.0, bed_util_ads: 0.571, bed_util_des: 0.201, frac_lost: 0.500, li_recovered:  26.426
L: 0.60, u_super: 0.00010, sec: 21.612, t_ads: 12251.0, t_des: 12377.0, bed_util_ads: 0.571, bed_util_des: 0.201, frac_lost: 0.500, li_recovered:  26.409
L: 0.60, u_super: 0.00010, sec: 21.612, t_ads: 12268.0, t_des: 12412.0, bed_util_ads: 0.571, bed_util_des: 0.201, frac_lost: 0.500, li_recovered:  26.465
L: 0.60, u_super: 0.00010, sec: 21.612, t_ads: 12272.0, t_des: 12419.0, bed_util_ads: 0.571, bed_util_des: 0.201, frac_lost: 0.500, li_recovered:  26.476
L: 0.60, u_super: 0.00010, sec: 21.612, t_ads: 12255.0, t_des: 12386.0, bed_util_ads: 0.571, bed_util_des: 0.201, frac_lost: 0.500, li_recovered:  26.423
L: 0.60, u_super: 0.00010, sec: 21.615, t_ads: 12160.0, t_des: 12201.0, bed_util_ads: 0.570, bed_util_des: 0.204, frac_lost: 0.500, li_recovered:  26.120
L: 0.60, u_super: 0.00010, sec: 21.613, t_ads: 12210.0, t_des: 12297.0, bed_util_ads: 0.570, bed_util_des: 0.203, frac_lost: 0.500, li_recovered:  26.279
L: 0.60, u_super: 0.00010, sec: 21.612, t_ads: 12283.0, t_des: 12441.0, bed_util_ads: 0.571, bed_util_des: 0.200, frac_lost: 0.500, li_recovered:  26.512
L: 0.60, u_super: 0.00010, sec: 21.612, t_ads: 12261.0, t_des: 12398.0, bed_util_ads: 0.571, bed_util_des: 0.201, frac_lost: 0.500, li_recovered:  26.442
L: 0.60, u_super: 0.00010, sec: 21.615, t_ads: 12376.0, t_des: 12628.0, bed_util_ads: 0.572, bed_util_des: 0.197, frac_lost: 0.500, li_recovered:  26.808
L: 0.60, u_super: 0.00010, sec: 21.612, t_ads: 12248.0, t_des: 12372.0, bed_util_ads: 0.571, bed_util_des: 0.201, frac_lost: 0.500, li_recovered:  26.401
L: 0.60, u_super: 0.00010, sec: 21.616, t_ads: 12392.0, t_des: 12660.0, bed_util_ads: 0.573, bed_util_des: 0.197, frac_lost: 0.500, li_recovered:  26.859
L: 0.60, u_super: 0.00010, sec: 21.612, t_ads: 12228.0, t_des: 12333.0, bed_util_ads: 0.570, bed_util_des: 0.202, frac_lost: 0.500, li_recovered:  26.337
L: 0.60, u_super: 0.00010, sec: 21.612, t_ads: 12253.0, t_des: 12382.0, bed_util_ads: 0.571, bed_util_des: 0.201, frac_lost: 0.500, li_recovered:  26.417
L: 0.60, u_super: 0.00010, sec: 21.612, t_ads: 12255.0, t_des: 12385.0, bed_util_ads: 0.571, bed_util_des: 0.201, frac_lost: 0.500, li_recovered:  26.422
L: 0.60, u_super: 0.00010, sec: 21.613, t_ads: 12217.0, t_des: 12311.0, bed_util_ads: 0.570, bed_util_des: 0.202, frac_lost: 0.500, li_recovered:  26.301
L: 0.60, u_super: 0.00010, sec: 21.612, t_ads: 12276.0, t_des: 12428.0, bed_util_ads: 0.571, bed_util_des: 0.201, frac_lost: 0.500, li_recovered:  26.490
L: 0.60, u_super: 0.00010, sec: 21.614, t_ads: 12169.0, t_des: 12218.0, bed_util_ads: 0.570, bed_util_des: 0.204, frac_lost: 0.500, li_recovered:  26.148
L: 0.60, u_super: 0.00010, sec: 21.615, t_ads: 12156.0, t_des: 12193.0, bed_util_ads: 0.570, bed_util_des: 0.204, frac_lost: 0.500, li_recovered:  26.107
L: 0.60, u_super: 0.00010, sec: 21.612, t_ads: 12259.0, t_des: 12393.0, bed_util_ads: 0.571, bed_util_des: 0.201, frac_lost: 0.500, li_recovered:  26.435
L: 0.60, u_super: 0.00010, sec: 21.612, t_ads: 12249.0, t_des: 12374.0, bed_util_ads: 0.571, bed_util_des: 0.201, frac_lost: 0.500, li_recovered:  26.404
L: 0.60, u_super: 0.00010, sec: 21.613, t_ads: 12331.0, t_des: 12537.0, bed_util_ads: 0.572, bed_util_des: 0.199, frac_lost: 0.500, li_recovered:  26.665
L: 0.60, u_super: 0.00010, sec: 21.612, t_ads: 12268.0, t_des: 12411.0, bed_util_ads: 0.571, bed_util_des: 0.201, frac_lost: 0.500, li_recovered:  26.464
L: 0.60, u_super: 0.00010, sec: 21.613, t_ads: 12193.0, t_des: 12265.0, bed_util_ads: 0.570, bed_util_des: 0.203, frac_lost: 0.500, li_recovered:  26.226
    31 |     1240 |  2.161262E+01 |  2.161210E+01
L: 0.60, u_super: 0.00010, sec: 21.612, t_ads: 12238.0, t_des: 12353.0, bed_util_ads: 0.571, bed_util_des: 0.202, frac_lost: 0.500, li_recovered:  26.369
L: 0.60, u_super: 0.00010, sec: 21.612, t_ads: 12257.0, t_des: 12390.0, bed_util_ads: 0.571, bed_util_des: 0.201, frac_lost: 0.500, li_recovered:  26.429
L: 0.60, u_super: 0.00010, sec: 21.612, t_ads: 12264.0, t_des: 12403.0, bed_util_ads: 0.571, bed_util_des: 0.201, frac_lost: 0.500, li_recovered:  26.451
L: 0.60, u_super: 0.00010, sec: 21.613, t_ads: 12195.0, t_des: 12268.0, bed_util_ads: 0.570, bed_util_des: 0.203, frac_lost: 0.500, li_recovered:  26.231
L: 0.60, u_super: 0.00010, sec: 21.612, t_ads: 12251.0, t_des: 12377.0, bed_util_ads: 0.571, bed_util_des: 0.201, frac_lost: 0.500, li_recovered:  26.409
L: 0.60, u_super: 0.00010, sec: 21.612, t_ads: 12240.0, t_des: 12357.0, bed_util_ads: 0.571, bed_util_des: 0.202, frac_lost: 0.500, li_recovered:  26.376
L: 0.60, u_super: 0.00010, sec: 21.612, t_ads: 12256.0, t_des: 12388.0, bed_util_ads: 0.571, bed_util_des: 0.201, frac_lost: 0.500, li_recovered:  26.426
L: 0.60, u_super: 0.00010, sec: 21.613, t_ads: 12292.0, t_des: 12459.0, bed_util_ads: 0.571, bed_util_des: 0.200, frac_lost: 0.500, li_recovered:  26.541
L: 0.60, u_super: 0.00010, sec: 21.612, t_ads: 12260.0, t_des: 12395.0, bed_util_ads: 0.571, bed_util_des: 0.201, frac_lost: 0.500, li_recovered:  26.438
L: 0.60, u_super: 0.00010, sec: 21.612, t_ads: 12240.0, t_des: 12356.0, bed_util_ads: 0.571, bed_util_des: 0.202, frac_lost: 0.500, li_recovered:  26.375
L: 0.60, u_super: 0.00010, sec: 21.613, t_ads: 12197.0, t_des: 12271.0, bed_util_ads: 0.570, bed_util_des: 0.203, frac_lost: 0.500, li_recovered:  26.236
L: 0.60, u_super: 0.00010, sec: 21.612, t_ads: 12252.0, t_des: 12380.0, bed_util_ads: 0.571, bed_util_des: 0.201, frac_lost: 0.500, li_recovered:  26.413
L: 0.60, u_super: 0.00010, sec: 21.613, t_ads: 12303.0, t_des: 12481.0, bed_util_ads: 0.571, bed_util_des: 0.200, frac_lost: 0.500, li_recovered:  26.576
L: 0.60, u_super: 0.00010, sec: 21.612, t_ads: 12232.0, t_des: 12341.0, bed_util_ads: 0.571, bed_util_des: 0.202, frac_lost: 0.500, li_recovered:  26.350
L: 0.60, u_super: 0.00010, sec: 21.612, t_ads: 12267.0, t_des: 12410.0, bed_util_ads: 0.571, bed_util_des: 0.201, frac_lost: 0.500, li_recovered:  26.462
L: 0.60, u_super: 0.00010, sec: 21.612, t_ads: 12249.0, t_des: 12373.0, bed_util_ads: 0.571, bed_util_des: 0.201, frac_lost: 0.500, li_recovered:  26.403
L: 0.60, u_super: 0.00010, sec: 21.612, t_ads: 12256.0, t_des: 12388.0, bed_util_ads: 0.571, bed_util_des: 0.201, frac_lost: 0.500, li_recovered:  26.426
L: 0.60, u_super: 0.00010, sec: 21.612, t_ads: 12251.0, t_des: 12377.0, bed_util_ads: 0.571, bed_util_des: 0.201, frac_lost: 0.500, li_recovered:  26.409
L: 0.60, u_super: 0.00030, sec: 131.575, t_ads: 2888.0, t_des: 6285.0, bed_util_ads: 0.399, bed_util_des: 0.201, frac_lost: 0.500, li_recovered:  14.160
L: 0.60, u_super: 0.00010, sec: 21.612, t_ads: 12272.0, t_des: 12419.0, bed_util_ads: 0.571, bed_util_des: 0.201, frac_lost: 0.500, li_recovered:  26.476
L: 0.60, u_super: 0.00010, sec: 21.612, t_ads: 12268.0, t_des: 12412.0, bed_util_ads: 0.571, bed_util_des: 0.201, frac_lost: 0.500, li_recovered:  26.465
L: 0.60, u_super: 0.00010, sec: 21.612, t_ads: 12257.0, t_des: 12389.0, bed_util_ads: 0.571, bed_util_des: 0.201, frac_lost: 0.500, li_recovered:  26.428
L: 0.60, u_super: 0.00010, sec: 21.612, t_ads: 12256.0, t_des: 12387.0, bed_util_ads: 0.571, bed_util_des: 0.201, frac_lost: 0.500, li_recovered:  26.425
L: 0.60, u_super: 0.00010, sec: 21.612, t_ads: 12247.0, t_des: 12370.0, bed_util_ads: 0.571, bed_util_des: 0.201, frac_lost: 0.500, li_recovered:  26.397
L: 0.60, u_super: 0.00010, sec: 21.612, t_ads: 12251.0, t_des: 12378.0, bed_util_ads: 0.571, bed_util_des: 0.201, frac_lost: 0.500, li_recovered:  26.410
L: 0.60, u_super: 0.00010, sec: 21.615, t_ads: 12376.0, t_des: 12628.0, bed_util_ads: 0.572, bed_util_des: 0.197, frac_lost: 0.500, li_recovered:  26.808
L: 0.60, u_super: 0.00010, sec: 21.612, t_ads: 12258.0, t_des: 12392.0, bed_util_ads: 0.571, bed_util_des: 0.201, frac_lost: 0.500, li_recovered:  26.433
L: 0.60, u_super: 0.00010, sec: 21.613, t_ads: 12308.0, t_des: 12490.0, bed_util_ads: 0.572, bed_util_des: 0.200, frac_lost: 0.500, li_recovered:  26.591
L: 0.60, u_super: 0.00010, sec: 21.612, t_ads: 12228.0, t_des: 12333.0, bed_util_ads: 0.570, bed_util_des: 0.202, frac_lost: 0.500, li_recovered:  26.337
L: 0.60, u_super: 0.00010, sec: 21.612, t_ads: 12264.0, t_des: 12404.0, bed_util_ads: 0.571, bed_util_des: 0.201, frac_lost: 0.500, li_recovered:  26.452
L: 0.60, u_super: 0.00010, sec: 21.612, t_ads: 12255.0, t_des: 12385.0, bed_util_ads: 0.571, bed_util_des: 0.201, frac_lost: 0.500, li_recovered:  26.422
L: 0.60, u_super: 0.00010, sec: 21.613, t_ads: 12217.0, t_des: 12311.0, bed_util_ads: 0.570, bed_util_des: 0.202, frac_lost: 0.500, li_recovered:  26.301
L: 0.60, u_super: 0.00010, sec: 21.612, t_ads: 12276.0, t_des: 12428.0, bed_util_ads: 0.571, bed_util_des: 0.201, frac_lost: 0.500, li_recovered:  26.490
L: 0.60, u_super: 0.00010, sec: 22.422, t_ads: 13994.0, t_des: 16938.0, bed_util_ads: 0.594, bed_util_des: 0.146, frac_lost: 0.500, li_recovered:  31.971
L: 0.60, u_super: 0.00010, sec: 21.613, t_ads: 12201.0, t_des: 12280.0, bed_util_ads: 0.570, bed_util_des: 0.203, frac_lost: 0.500, li_recovered:  26.250
L: 0.60, u_super: 0.00010, sec: 21.612, t_ads: 12265.0, t_des: 12405.0, bed_util_ads: 0.571, bed_util_des: 0.201, frac_lost: 0.500, li_recovered:  26.454
L: 0.60, u_super: 0.00010, sec: 21.612, t_ads: 12249.0, t_des: 12374.0, bed_util_ads: 0.571, bed_util_des: 0.201, frac_lost: 0.500, li_recovered:  26.404
L: 0.60, u_super: 0.00010, sec: 21.612, t_ads: 12254.0, t_des: 12384.0, bed_util_ads: 0.571, bed_util_des: 0.201, frac_lost: 0.500, li_recovered:  26.420
L: 0.60, u_super: 0.00010, sec: 21.612, t_ads: 12258.0, t_des: 12391.0, bed_util_ads: 0.571, bed_util_des: 0.201, frac_lost: 0.500, li_recovered:  26.432
L: 0.60, u_super: 0.00010, sec: 21.612, t_ads: 12262.0, t_des: 12400.0, bed_util_ads: 0.571, bed_util_des: 0.201, frac_lost: 0.500, li_recovered:  26.445
    32 |     1280 |  2.161250E+01 |  2.161210E+01
L: 0.60, u_super: 0.00010, sec: 21.612, t_ads: 12238.0, t_des: 12353.0, bed_util_ads: 0.571, bed_util_des: 0.202, frac_lost: 0.500, li_recovered:  26.369
L: 0.60, u_super: 0.00010, sec: 21.612, t_ads: 12257.0, t_des: 12390.0, bed_util_ads: 0.571, bed_util_des: 0.201, frac_lost: 0.500, li_recovered:  26.429
L: 0.60, u_super: 0.00010, sec: 21.612, t_ads: 12264.0, t_des: 12403.0, bed_util_ads: 0.571, bed_util_des: 0.201, frac_lost: 0.500, li_recovered:  26.451
L: 0.60, u_super: 0.00010, sec: 21.613, t_ads: 12195.0, t_des: 12268.0, bed_util_ads: 0.570, bed_util_des: 0.203, frac_lost: 0.500, li_recovered:  26.231
L: 0.60, u_super: 0.00030, sec: 133.482, t_ads: 2856.0, t_des: 6244.0, bed_util_ads: 0.398, bed_util_des: 0.201, frac_lost: 0.500, li_recovered:  14.058
L: 0.60, u_super: 0.00010, sec: 21.612, t_ads: 12233.0, t_des: 12342.0, bed_util_ads: 0.571, bed_util_des: 0.202, frac_lost: 0.500, li_recovered:  26.352
L: 0.60, u_super: 0.00010, sec: 21.612, t_ads: 12256.0, t_des: 12388.0, bed_util_ads: 0.571, bed_util_des: 0.201, frac_lost: 0.500, li_recovered:  26.426
L: 0.60, u_super: 0.00035, sec: 194.346, t_ads: 2288.0, t_des: 6126.0, bed_util_ads: 0.372, bed_util_des: 0.195, frac_lost: 0.500, li_recovered:  12.652
L: 0.60, u_super: 0.00010, sec: 21.612, t_ads: 12247.0, t_des: 12369.0, bed_util_ads: 0.571, bed_util_des: 0.202, frac_lost: 0.500, li_recovered:  26.396
L: 0.60, u_super: 0.00010, sec: 21.612, t_ads: 12276.0, t_des: 12427.0, bed_util_ads: 0.571, bed_util_des: 0.201, frac_lost: 0.500, li_recovered:  26.490
L: 0.60, u_super: 0.00010, sec: 21.613, t_ads: 12201.0, t_des: 12281.0, bed_util_ads: 0.570, bed_util_des: 0.203, frac_lost: 0.500, li_recovered:  26.252
L: 0.60, u_super: 0.00010, sec: 21.612, t_ads: 12252.0, t_des: 12380.0, bed_util_ads: 0.571, bed_util_des: 0.201, frac_lost: 0.500, li_recovered:  26.413
L: 0.60, u_super: 0.00010, sec: 21.613, t_ads: 12303.0, t_des: 12481.0, bed_util_ads: 0.571, bed_util_des: 0.200, frac_lost: 0.500, li_recovered:  26.576
L: 0.60, u_super: 0.00010, sec: 21.612, t_ads: 12232.0, t_des: 12341.0, bed_util_ads: 0.571, bed_util_des: 0.202, frac_lost: 0.500, li_recovered:  26.350
L: 0.60, u_super: 0.00010, sec: 21.612, t_ads: 12267.0, t_des: 12410.0, bed_util_ads: 0.571, bed_util_des: 0.201, frac_lost: 0.500, li_recovered:  26.462
L: 0.60, u_super: 0.00010, sec: 21.612, t_ads: 12249.0, t_des: 12373.0, bed_util_ads: 0.571, bed_util_des: 0.201, frac_lost: 0.500, li_recovered:  26.403
L: 0.60, u_super: 0.00010, sec: 21.612, t_ads: 12256.0, t_des: 12388.0, bed_util_ads: 0.571, bed_util_des: 0.201, frac_lost: 0.500, li_recovered:  26.426
L: 0.60, u_super: 0.00010, sec: 21.612, t_ads: 12257.0, t_des: 12389.0, bed_util_ads: 0.571, bed_util_des: 0.201, frac_lost: 0.500, li_recovered:  26.428
L: 0.60, u_super: 0.00010, sec: 21.612, t_ads: 12276.0, t_des: 12427.0, bed_util_ads: 0.571, bed_util_des: 0.201, frac_lost: 0.500, li_recovered:  26.489
L: 0.60, u_super: 0.00010, sec: 21.629, t_ads: 12528.0, t_des: 12945.0, bed_util_ads: 0.574, bed_util_des: 0.193, frac_lost: 0.500, li_recovered:  27.293
L: 0.60, u_super: 0.00010, sec: 21.612, t_ads: 12245.0, t_des: 12365.0, bed_util_ads: 0.571, bed_util_des: 0.202, frac_lost: 0.500, li_recovered:  26.390
L: 0.60, u_super: 0.00010, sec: 21.612, t_ads: 12248.0, t_des: 12372.0, bed_util_ads: 0.571, bed_util_des: 0.201, frac_lost: 0.500, li_recovered:  26.400
L: 0.60, u_super: 0.00010, sec: 21.612, t_ads: 12256.0, t_des: 12387.0, bed_util_ads: 0.571, bed_util_des: 0.201, frac_lost: 0.500, li_recovered:  26.425
L: 0.60, u_super: 0.00010, sec: 21.613, t_ads: 12193.0, t_des: 12264.0, bed_util_ads: 0.570, bed_util_des: 0.203, frac_lost: 0.500, li_recovered:  26.224
L: 0.60, u_super: 0.00010, sec: 21.612, t_ads: 12254.0, t_des: 12384.0, bed_util_ads: 0.571, bed_util_des: 0.201, frac_lost: 0.500, li_recovered:  26.420
L: 0.60, u_super: 0.00010, sec: 21.615, t_ads: 12376.0, t_des: 12628.0, bed_util_ads: 0.572, bed_util_des: 0.197, frac_lost: 0.500, li_recovered:  26.808
L: 0.60, u_super: 0.00010, sec: 21.806, t_ads: 13145.0, t_des: 14388.0, bed_util_ads: 0.582, bed_util_des: 0.173, frac_lost: 0.500, li_recovered:  29.262
L: 0.60, u_super: 0.00010, sec: 21.613, t_ads: 12308.0, t_des: 12490.0, bed_util_ads: 0.572, bed_util_des: 0.200, frac_lost: 0.500, li_recovered:  26.591
L: 0.60, u_super: 0.00010, sec: 21.612, t_ads: 12232.0, t_des: 12340.0, bed_util_ads: 0.571, bed_util_des: 0.202, frac_lost: 0.500, li_recovered:  26.349
L: 0.60, u_super: 0.00010, sec: 21.612, t_ads: 12253.0, t_des: 12382.0, bed_util_ads: 0.571, bed_util_des: 0.201, frac_lost: 0.500, li_recovered:  26.417
L: 0.60, u_super: 0.00010, sec: 21.612, t_ads: 12255.0, t_des: 12385.0, bed_util_ads: 0.571, bed_util_des: 0.201, frac_lost: 0.500, li_recovered:  26.422
L: 0.60, u_super: 0.00010, sec: 21.612, t_ads: 12255.0, t_des: 12385.0, bed_util_ads: 0.571, bed_util_des: 0.201, frac_lost: 0.500, li_recovered:  26.422
L: 0.64, u_super: 0.00010, sec: 22.700, t_ads: 13468.0, t_des: 13282.0, bed_util_ads: 0.583, bed_util_des: 0.201, frac_lost: 0.500, li_recovered:  27.310
L: 0.60, u_super: 0.00010, sec: 21.612, t_ads: 12240.0, t_des: 12356.0, bed_util_ads: 0.571, bed_util_des: 0.202, frac_lost: 0.500, li_recovered:  26.375
L: 0.60, u_super: 0.00010, sec: 21.613, t_ads: 12201.0, t_des: 12280.0, bed_util_ads: 0.570, bed_util_des: 0.203, frac_lost: 0.500, li_recovered:  26.250
L: 0.60, u_super: 0.00010, sec: 21.612, t_ads: 12258.0, t_des: 12391.0, bed_util_ads: 0.571, bed_util_des: 0.201, frac_lost: 0.500, li_recovered:  26.432
L: 0.60, u_super: 0.00010, sec: 21.612, t_ads: 12249.0, t_des: 12374.0, bed_util_ads: 0.571, bed_util_des: 0.201, frac_lost: 0.500, li_recovered:  26.404
L: 0.60, u_super: 0.00010, sec: 21.612, t_ads: 12254.0, t_des: 12384.0, bed_util_ads: 0.571, bed_util_des: 0.201, frac_lost: 0.500, li_recovered:  26.420
L: 0.60, u_super: 0.00010, sec: 21.613, t_ads: 12316.0, t_des: 12506.0, bed_util_ads: 0.572, bed_util_des: 0.199, frac_lost: 0.500, li_recovered:  26.616
L: 0.60, u_super: 0.00010, sec: 21.612, t_ads: 12262.0, t_des: 12400.0, bed_util_ads: 0.571, bed_util_des: 0.201, frac_lost: 0.500, li_recovered:  26.445
    33 |     1320 |  2.161244E+01 |  2.161210E+01
L: 0.60, u_super: 0.00010, sec: 21.612, t_ads: 12238.0, t_des: 12353.0, bed_util_ads: 0.571, bed_util_des: 0.202, frac_lost: 0.500, li_recovered:  26.369
L: 0.60, u_super: 0.00010, sec: 21.612, t_ads: 12257.0, t_des: 12390.0, bed_util_ads: 0.571, bed_util_des: 0.201, frac_lost: 0.500, li_recovered:  26.429
L: 0.60, u_super: 0.00010, sec: 21.612, t_ads: 12264.0, t_des: 12403.0, bed_util_ads: 0.571, bed_util_des: 0.201, frac_lost: 0.500, li_recovered:  26.451
L: 0.60, u_super: 0.00010, sec: 21.623, t_ads: 12042.0, t_des: 11977.0, bed_util_ads: 0.568, bed_util_des: 0.208, frac_lost: 0.500, li_recovered:  25.743
L: 0.60, u_super: 0.00010, sec: 21.612, t_ads: 12255.0, t_des: 12386.0, bed_util_ads: 0.571, bed_util_des: 0.201, frac_lost: 0.500, li_recovered:  26.423
L: 0.60, u_super: 0.00010, sec: 21.612, t_ads: 12233.0, t_des: 12342.0, bed_util_ads: 0.571, bed_util_des: 0.202, frac_lost: 0.500, li_recovered:  26.352
L: 0.60, u_super: 0.00010, sec: 21.612, t_ads: 12266.0, t_des: 12407.0, bed_util_ads: 0.571, bed_util_des: 0.201, frac_lost: 0.500, li_recovered:  26.457
L: 0.60, u_super: 0.00010, sec: 21.613, t_ads: 12292.0, t_des: 12459.0, bed_util_ads: 0.571, bed_util_des: 0.200, frac_lost: 0.500, li_recovered:  26.541
L: 0.60, u_super: 0.00010, sec: 21.612, t_ads: 12259.0, t_des: 12393.0, bed_util_ads: 0.571, bed_util_des: 0.201, frac_lost: 0.500, li_recovered:  26.435
L: 0.60, u_super: 0.00010, sec: 21.612, t_ads: 12276.0, t_des: 12427.0, bed_util_ads: 0.571, bed_util_des: 0.201, frac_lost: 0.500, li_recovered:  26.490
L: 0.60, u_super: 0.00010, sec: 21.612, t_ads: 12219.0, t_des: 12315.0, bed_util_ads: 0.570, bed_util_des: 0.202, frac_lost: 0.500, li_recovered:  26.308
L: 0.60, u_super: 0.00010, sec: 21.612, t_ads: 12261.0, t_des: 12397.0, bed_util_ads: 0.571, bed_util_des: 0.201, frac_lost: 0.500, li_recovered:  26.441
L: 0.60, u_super: 0.00010, sec: 21.613, t_ads: 12303.0, t_des: 12481.0, bed_util_ads: 0.571, bed_util_des: 0.200, frac_lost: 0.500, li_recovered:  26.576
L: 0.61, u_super: 0.00010, sec: 21.767, t_ads: 12428.0, t_des: 12512.0, bed_util_ads: 0.573, bed_util_des: 0.201, frac_lost: 0.500, li_recovered:  26.553
L: 0.60, u_super: 0.00010, sec: 21.612, t_ads: 12251.0, t_des: 12378.0, bed_util_ads: 0.571, bed_util_des: 0.201, frac_lost: 0.500, li_recovered:  26.410
L: 0.60, u_super: 0.00010, sec: 21.612, t_ads: 12266.0, t_des: 12407.0, bed_util_ads: 0.571, bed_util_des: 0.201, frac_lost: 0.500, li_recovered:  26.457
L: 0.60, u_super: 0.00010, sec: 21.612, t_ads: 12256.0, t_des: 12388.0, bed_util_ads: 0.571, bed_util_des: 0.201, frac_lost: 0.500, li_recovered:  26.426
L: 0.60, u_super: 0.00010, sec: 21.612, t_ads: 12257.0, t_des: 12389.0, bed_util_ads: 0.571, bed_util_des: 0.201, frac_lost: 0.500, li_recovered:  26.428
L: 0.60, u_super: 0.00010, sec: 21.612, t_ads: 12268.0, t_des: 12412.0, bed_util_ads: 0.571, bed_util_des: 0.201, frac_lost: 0.500, li_recovered:  26.465
L: 0.60, u_super: 0.00010, sec: 21.612, t_ads: 12272.0, t_des: 12419.0, bed_util_ads: 0.571, bed_util_des: 0.201, frac_lost: 0.500, li_recovered:  26.476
L: 0.60, u_super: 0.00010, sec: 21.612, t_ads: 12245.0, t_des: 12365.0, bed_util_ads: 0.571, bed_util_des: 0.202, frac_lost: 0.500, li_recovered:  26.390
L: 0.60, u_super: 0.00010, sec: 21.612, t_ads: 12257.0, t_des: 12389.0, bed_util_ads: 0.571, bed_util_des: 0.201, frac_lost: 0.500, li_recovered:  26.428
L: 0.62, u_super: 0.00023, sec: 77.482, t_ads: 4140.0, t_des: 6398.0, bed_util_ads: 0.443, bed_util_des: 0.215, frac_lost: 0.500, li_recovered:  16.313
L: 0.60, u_super: 0.00010, sec: 21.612, t_ads: 12286.0, t_des: 12447.0, bed_util_ads: 0.571, bed_util_des: 0.200, frac_lost: 0.500, li_recovered:  26.521
L: 0.60, u_super: 0.00010, sec: 21.612, t_ads: 12256.0, t_des: 12387.0, bed_util_ads: 0.571, bed_util_des: 0.201, frac_lost: 0.500, li_recovered:  26.425
L: 0.60, u_super: 0.00010, sec: 21.615, t_ads: 12376.0, t_des: 12628.0, bed_util_ads: 0.572, bed_util_des: 0.197, frac_lost: 0.500, li_recovered:  26.808
L: 0.60, u_super: 0.00010, sec: 21.612, t_ads: 12248.0, t_des: 12372.0, bed_util_ads: 0.571, bed_util_des: 0.201, frac_lost: 0.500, li_recovered:  26.401
L: 0.60, u_super: 0.00010, sec: 21.613, t_ads: 12308.0, t_des: 12490.0, bed_util_ads: 0.572, bed_util_des: 0.200, frac_lost: 0.500, li_recovered:  26.591
L: 0.60, u_super: 0.00010, sec: 21.612, t_ads: 12268.0, t_des: 12411.0, bed_util_ads: 0.571, bed_util_des: 0.201, frac_lost: 0.500, li_recovered:  26.464
L: 0.60, u_super: 0.00010, sec: 21.612, t_ads: 12244.0, t_des: 12364.0, bed_util_ads: 0.571, bed_util_des: 0.202, frac_lost: 0.500, li_recovered:  26.387
L: 0.60, u_super: 0.00010, sec: 21.612, t_ads: 12246.0, t_des: 12367.0, bed_util_ads: 0.571, bed_util_des: 0.202, frac_lost: 0.500, li_recovered:  26.393
L: 0.60, u_super: 0.00010, sec: 21.612, t_ads: 12255.0, t_des: 12385.0, bed_util_ads: 0.571, bed_util_des: 0.201, frac_lost: 0.500, li_recovered:  26.422
L: 0.60, u_super: 0.00010, sec: 21.612, t_ads: 12276.0, t_des: 12428.0, bed_util_ads: 0.571, bed_util_des: 0.201, frac_lost: 0.500, li_recovered:  26.490
L: 0.60, u_super: 0.00010, sec: 21.612, t_ads: 12240.0, t_des: 12356.0, bed_util_ads: 0.571, bed_util_des: 0.202, frac_lost: 0.500, li_recovered:  26.375
L: 0.60, u_super: 0.00010, sec: 21.612, t_ads: 12255.0, t_des: 12385.0, bed_util_ads: 0.571, bed_util_des: 0.201, frac_lost: 0.500, li_recovered:  26.422
L: 0.60, u_super: 0.00010, sec: 21.612, t_ads: 12246.0, t_des: 12369.0, bed_util_ads: 0.571, bed_util_des: 0.202, frac_lost: 0.500, li_recovered:  26.395
L: 0.60, u_super: 0.00010, sec: 21.612, t_ads: 12249.0, t_des: 12374.0, bed_util_ads: 0.571, bed_util_des: 0.201, frac_lost: 0.500, li_recovered:  26.404
L: 0.60, u_super: 0.00010, sec: 21.612, t_ads: 12254.0, t_des: 12384.0, bed_util_ads: 0.571, bed_util_des: 0.201, frac_lost: 0.500, li_recovered:  26.420
L: 0.60, u_super: 0.00010, sec: 21.639, t_ads: 12594.0, t_des: 13087.0, bed_util_ads: 0.575, bed_util_des: 0.191, frac_lost: 0.500, li_recovered:  27.504
L: 0.60, u_super: 0.00010, sec: 21.612, t_ads: 12285.0, t_des: 12444.0, bed_util_ads: 0.571, bed_util_des: 0.200, frac_lost: 0.500, li_recovered:  26.517
    34 |     1360 |  2.161239E+01 |  2.161210E+01
L: 0.60, u_super: 0.00010, sec: 21.612, t_ads: 12258.0, t_des: 12391.0, bed_util_ads: 0.571, bed_util_des: 0.201, frac_lost: 0.500, li_recovered:  26.432
L: 0.60, u_super: 0.00010, sec: 21.612, t_ads: 12254.0, t_des: 12383.0, bed_util_ads: 0.571, bed_util_des: 0.201, frac_lost: 0.500, li_recovered:  26.419
L: 0.60, u_super: 0.00010, sec: 21.612, t_ads: 12264.0, t_des: 12403.0, bed_util_ads: 0.571, bed_util_des: 0.201, frac_lost: 0.500, li_recovered:  26.451
L: 0.60, u_super: 0.00010, sec: 21.613, t_ads: 12195.0, t_des: 12268.0, bed_util_ads: 0.570, bed_util_des: 0.203, frac_lost: 0.500, li_recovered:  26.231
L: 0.60, u_super: 0.00010, sec: 21.612, t_ads: 12255.0, t_des: 12386.0, bed_util_ads: 0.571, bed_util_des: 0.201, frac_lost: 0.500, li_recovered:  26.423
L: 0.60, u_super: 0.00010, sec: 21.612, t_ads: 12233.0, t_des: 12342.0, bed_util_ads: 0.571, bed_util_des: 0.202, frac_lost: 0.500, li_recovered:  26.352
L: 0.60, u_super: 0.00010, sec: 21.612, t_ads: 12256.0, t_des: 12388.0, bed_util_ads: 0.571, bed_util_des: 0.201, frac_lost: 0.500, li_recovered:  26.426
L: 0.60, u_super: 0.00010, sec: 21.612, t_ads: 12258.0, t_des: 12392.0, bed_util_ads: 0.571, bed_util_des: 0.201, frac_lost: 0.500, li_recovered:  26.433
L: 0.60, u_super: 0.00010, sec: 21.612, t_ads: 12247.0, t_des: 12369.0, bed_util_ads: 0.571, bed_util_des: 0.202, frac_lost: 0.500, li_recovered:  26.396
L: 0.60, u_super: 0.00010, sec: 21.613, t_ads: 12229.0, t_des: 12335.0, bed_util_ads: 0.570, bed_util_des: 0.202, frac_lost: 0.500, li_recovered:  26.340
L: 0.60, u_super: 0.00010, sec: 21.612, t_ads: 12219.0, t_des: 12315.0, bed_util_ads: 0.570, bed_util_des: 0.202, frac_lost: 0.500, li_recovered:  26.308
L: 0.60, u_super: 0.00010, sec: 21.612, t_ads: 12268.0, t_des: 12412.0, bed_util_ads: 0.571, bed_util_des: 0.201, frac_lost: 0.500, li_recovered:  26.465
L: 0.60, u_super: 0.00010, sec: 21.612, t_ads: 12245.0, t_des: 12365.0, bed_util_ads: 0.571, bed_util_des: 0.202, frac_lost: 0.500, li_recovered:  26.390
L: 0.60, u_super: 0.00010, sec: 21.612, t_ads: 12264.0, t_des: 12403.0, bed_util_ads: 0.571, bed_util_des: 0.201, frac_lost: 0.500, li_recovered:  26.451
L: 0.60, u_super: 0.00010, sec: 21.612, t_ads: 12251.0, t_des: 12378.0, bed_util_ads: 0.571, bed_util_des: 0.201, frac_lost: 0.500, li_recovered:  26.410
L: 0.60, u_super: 0.00010, sec: 21.628, t_ads: 12519.0, t_des: 12925.0, bed_util_ads: 0.574, bed_util_des: 0.193, frac_lost: 0.500, li_recovered:  27.264
L: 0.60, u_super: 0.00010, sec: 21.612, t_ads: 12256.0, t_des: 12388.0, bed_util_ads: 0.571, bed_util_des: 0.201, frac_lost: 0.500, li_recovered:  26.426
L: 0.60, u_super: 0.00010, sec: 21.612, t_ads: 12257.0, t_des: 12389.0, bed_util_ads: 0.571, bed_util_des: 0.201, frac_lost: 0.500, li_recovered:  26.428
L: 0.60, u_super: 0.00010, sec: 21.612, t_ads: 12258.0, t_des: 12392.0, bed_util_ads: 0.571, bed_util_des: 0.201, frac_lost: 0.500, li_recovered:  26.433
L: 0.60, u_super: 0.00015, sec: 39.967, t_ads: 7017.0, t_des: 8826.0, bed_util_ads: 0.502, bed_util_des: 0.201, frac_lost: 0.500, li_recovered:  21.522
L: 0.63, u_super: 0.00010, sec: 22.265, t_ads: 13027.0, t_des: 13002.0, bed_util_ads: 0.579, bed_util_des: 0.200, frac_lost: 0.500, li_recovered:  27.093
L: 0.60, u_super: 0.00010, sec: 21.612, t_ads: 12257.0, t_des: 12389.0, bed_util_ads: 0.571, bed_util_des: 0.201, frac_lost: 0.500, li_recovered:  26.428
L: 0.60, u_super: 0.00010, sec: 21.612, t_ads: 12226.0, t_des: 12328.0, bed_util_ads: 0.570, bed_util_des: 0.202, frac_lost: 0.500, li_recovered:  26.329
L: 0.60, u_super: 0.00010, sec: 21.612, t_ads: 12247.0, t_des: 12370.0, bed_util_ads: 0.571, bed_util_des: 0.201, frac_lost: 0.500, li_recovered:  26.397
L: 0.60, u_super: 0.00010, sec: 21.612, t_ads: 12256.0, t_des: 12387.0, bed_util_ads: 0.571, bed_util_des: 0.201, frac_lost: 0.500, li_recovered:  26.425
L: 0.60, u_super: 0.00010, sec: 21.615, t_ads: 12376.0, t_des: 12628.0, bed_util_ads: 0.572, bed_util_des: 0.197, frac_lost: 0.500, li_recovered:  26.808
L: 0.60, u_super: 0.00010, sec: 21.612, t_ads: 12258.0, t_des: 12392.0, bed_util_ads: 0.571, bed_util_des: 0.201, frac_lost: 0.500, li_recovered:  26.433
L: 0.60, u_super: 0.00010, sec: 21.613, t_ads: 12308.0, t_des: 12490.0, bed_util_ads: 0.572, bed_util_des: 0.200, frac_lost: 0.500, li_recovered:  26.591
L: 0.60, u_super: 0.00010, sec: 21.618, t_ads: 12419.0, t_des: 12716.0, bed_util_ads: 0.573, bed_util_des: 0.196, frac_lost: 0.500, li_recovered:  26.945
L: 0.60, u_super: 0.00010, sec: 21.612, t_ads: 12260.0, t_des: 12396.0, bed_util_ads: 0.571, bed_util_des: 0.201, frac_lost: 0.500, li_recovered:  26.439
L: 0.60, u_super: 0.00010, sec: 21.612, t_ads: 12255.0, t_des: 12385.0, bed_util_ads: 0.571, bed_util_des: 0.201, frac_lost: 0.500, li_recovered:  26.422
L: 0.60, u_super: 0.00010, sec: 21.612, t_ads: 12255.0, t_des: 12385.0, bed_util_ads: 0.571, bed_util_des: 0.201, frac_lost: 0.500, li_recovered:  26.422
L: 0.60, u_super: 0.00010, sec: 21.612, t_ads: 12276.0, t_des: 12428.0, bed_util_ads: 0.571, bed_util_des: 0.201, frac_lost: 0.500, li_recovered:  26.490
L: 0.60, u_super: 0.00010, sec: 22.111, t_ads: 10755.0, t_des: 9890.0, bed_util_ads: 0.552, bed_util_des: 0.249, frac_lost: 0.500, li_recovered:  21.639
L: 0.60, u_super: 0.00010, sec: 21.612, t_ads: 12255.0, t_des: 12385.0, bed_util_ads: 0.571, bed_util_des: 0.201, frac_lost: 0.500, li_recovered:  26.422
L: 0.60, u_super: 0.00010, sec: 21.612, t_ads: 12259.0, t_des: 12393.0, bed_util_ads: 0.571, bed_util_des: 0.201, frac_lost: 0.500, li_recovered:  26.435
L: 0.60, u_super: 0.00010, sec: 21.612, t_ads: 12249.0, t_des: 12374.0, bed_util_ads: 0.571, bed_util_des: 0.201, frac_lost: 0.500, li_recovered:  26.404
L: 0.60, u_super: 0.00010, sec: 21.612, t_ads: 12249.0, t_des: 12374.0, bed_util_ads: 0.571, bed_util_des: 0.201, frac_lost: 0.500, li_recovered:  26.404
L: 0.60, u_super: 0.00010, sec: 21.612, t_ads: 12253.0, t_des: 12381.0, bed_util_ads: 0.571, bed_util_des: 0.201, frac_lost: 0.500, li_recovered:  26.416
L: 0.60, u_super: 0.00010, sec: 21.612, t_ads: 12262.0, t_des: 12400.0, bed_util_ads: 0.571, bed_util_des: 0.201, frac_lost: 0.500, li_recovered:  26.445
    35 |     1400 |  2.161235E+01 |  2.161210E+01
L: 0.60, u_super: 0.00010, sec: 21.612, t_ads: 12258.0, t_des: 12391.0, bed_util_ads: 0.571, bed_util_des: 0.201, frac_lost: 0.500, li_recovered:  26.432
L: 0.60, u_super: 0.00010, sec: 21.612, t_ads: 12254.0, t_des: 12383.0, bed_util_ads: 0.571, bed_util_des: 0.201, frac_lost: 0.500, li_recovered:  26.419
L: 0.60, u_super: 0.00010, sec: 21.612, t_ads: 12257.0, t_des: 12389.0, bed_util_ads: 0.571, bed_util_des: 0.201, frac_lost: 0.500, li_recovered:  26.428
L: 0.60, u_super: 0.00010, sec: 21.613, t_ads: 12195.0, t_des: 12268.0, bed_util_ads: 0.570, bed_util_des: 0.203, frac_lost: 0.500, li_recovered:  26.231
L: 0.60, u_super: 0.00010, sec: 21.612, t_ads: 12264.0, t_des: 12403.0, bed_util_ads: 0.571, bed_util_des: 0.201, frac_lost: 0.500, li_recovered:  26.451
L: 0.60, u_super: 0.00010, sec: 21.612, t_ads: 12251.0, t_des: 12378.0, bed_util_ads: 0.571, bed_util_des: 0.201, frac_lost: 0.500, li_recovered:  26.410
L: 0.60, u_super: 0.00010, sec: 21.612, t_ads: 12256.0, t_des: 12388.0, bed_util_ads: 0.571, bed_util_des: 0.201, frac_lost: 0.500, li_recovered:  26.426
L: 0.60, u_super: 0.00010, sec: 21.612, t_ads: 12258.0, t_des: 12392.0, bed_util_ads: 0.571, bed_util_des: 0.201, frac_lost: 0.500, li_recovered:  26.433
L: 0.60, u_super: 0.00010, sec: 21.612, t_ads: 12246.0, t_des: 12369.0, bed_util_ads: 0.571, bed_util_des: 0.202, frac_lost: 0.500, li_recovered:  26.395
L: 0.60, u_super: 0.00010, sec: 21.612, t_ads: 12276.0, t_des: 12427.0, bed_util_ads: 0.571, bed_util_des: 0.201, frac_lost: 0.500, li_recovered:  26.490
L: 0.60, u_super: 0.00010, sec: 21.612, t_ads: 12258.0, t_des: 12391.0, bed_util_ads: 0.571, bed_util_des: 0.201, frac_lost: 0.500, li_recovered:  26.432
L: 0.60, u_super: 0.00010, sec: 21.612, t_ads: 12261.0, t_des: 12397.0, bed_util_ads: 0.571, bed_util_des: 0.201, frac_lost: 0.500, li_recovered:  26.441
L: 0.60, u_super: 0.00010, sec: 21.612, t_ads: 12245.0, t_des: 12365.0, bed_util_ads: 0.571, bed_util_des: 0.202, frac_lost: 0.500, li_recovered:  26.390
L: 0.60, u_super: 0.00010, sec: 21.612, t_ads: 12236.0, t_des: 12348.0, bed_util_ads: 0.571, bed_util_des: 0.202, frac_lost: 0.500, li_recovered:  26.362
L: 0.60, u_super: 0.00010, sec: 21.613, t_ads: 12308.0, t_des: 12491.0, bed_util_ads: 0.572, bed_util_des: 0.200, frac_lost: 0.500, li_recovered:  26.592
L: 0.60, u_super: 0.00010, sec: 21.612, t_ads: 12266.0, t_des: 12408.0, bed_util_ads: 0.571, bed_util_des: 0.201, frac_lost: 0.500, li_recovered:  26.458
L: 0.60, u_super: 0.00010, sec: 21.612, t_ads: 12257.0, t_des: 12389.0, bed_util_ads: 0.571, bed_util_des: 0.201, frac_lost: 0.500, li_recovered:  26.428
L: 0.60, u_super: 0.00010, sec: 21.612, t_ads: 12246.0, t_des: 12368.0, bed_util_ads: 0.571, bed_util_des: 0.202, frac_lost: 0.500, li_recovered:  26.394
L: 0.60, u_super: 0.00010, sec: 21.612, t_ads: 12268.0, t_des: 12412.0, bed_util_ads: 0.571, bed_util_des: 0.201, frac_lost: 0.500, li_recovered:  26.465
L: 0.60, u_super: 0.00010, sec: 21.612, t_ads: 12272.0, t_des: 12419.0, bed_util_ads: 0.571, bed_util_des: 0.201, frac_lost: 0.500, li_recovered:  26.476
L: 0.60, u_super: 0.00010, sec: 21.657, t_ads: 11820.0, t_des: 11575.0, bed_util_ads: 0.565, bed_util_des: 0.215, frac_lost: 0.500, li_recovered:  25.036
L: 0.60, u_super: 0.00010, sec: 21.612, t_ads: 12257.0, t_des: 12389.0, bed_util_ads: 0.571, bed_util_des: 0.201, frac_lost: 0.500, li_recovered:  26.428
L: 0.60, u_super: 0.00010, sec: 21.612, t_ads: 12256.0, t_des: 12387.0, bed_util_ads: 0.571, bed_util_des: 0.201, frac_lost: 0.500, li_recovered:  26.425
L: 0.60, u_super: 0.00010, sec: 21.612, t_ads: 12259.0, t_des: 12393.0, bed_util_ads: 0.571, bed_util_des: 0.201, frac_lost: 0.500, li_recovered:  26.435
L: 0.60, u_super: 0.00010, sec: 21.612, t_ads: 12256.0, t_des: 12387.0, bed_util_ads: 0.571, bed_util_des: 0.201, frac_lost: 0.500, li_recovered:  26.425
L: 0.60, u_super: 0.00010, sec: 21.612, t_ads: 12264.0, t_des: 12403.0, bed_util_ads: 0.571, bed_util_des: 0.201, frac_lost: 0.500, li_recovered:  26.451
L: 0.60, u_super: 0.00010, sec: 21.612, t_ads: 12248.0, t_des: 12372.0, bed_util_ads: 0.571, bed_util_des: 0.201, frac_lost: 0.500, li_recovered:  26.401
L: 0.60, u_super: 0.00010, sec: 21.612, t_ads: 12255.0, t_des: 12385.0, bed_util_ads: 0.571, bed_util_des: 0.201, frac_lost: 0.500, li_recovered:  26.422
L: 0.60, u_super: 0.00010, sec: 21.612, t_ads: 12268.0, t_des: 12411.0, bed_util_ads: 0.571, bed_util_des: 0.201, frac_lost: 0.500, li_recovered:  26.464
L: 0.60, u_super: 0.00010, sec: 21.612, t_ads: 12253.0, t_des: 12382.0, bed_util_ads: 0.571, bed_util_des: 0.201, frac_lost: 0.500, li_recovered:  26.417
L: 0.60, u_super: 0.00010, sec: 21.612, t_ads: 12255.0, t_des: 12385.0, bed_util_ads: 0.571, bed_util_des: 0.201, frac_lost: 0.500, li_recovered:  26.422
L: 0.60, u_super: 0.00010, sec: 21.644, t_ads: 11887.0, t_des: 11694.0, bed_util_ads: 0.566, bed_util_des: 0.213, frac_lost: 0.500, li_recovered:  25.249
L: 0.60, u_super: 0.00010, sec: 21.612, t_ads: 12264.0, t_des: 12404.0, bed_util_ads: 0.571, bed_util_des: 0.201, frac_lost: 0.500, li_recovered:  26.452
L: 0.60, u_super: 0.00010, sec: 21.612, t_ads: 12250.0, t_des: 12376.0, bed_util_ads: 0.571, bed_util_des: 0.201, frac_lost: 0.500, li_recovered:  26.407
L: 0.60, u_super: 0.00010, sec: 21.680, t_ads: 11717.0, t_des: 11395.0, bed_util_ads: 0.564, bed_util_des: 0.218, frac_lost: 0.500, li_recovered:  24.706
L: 0.60, u_super: 0.00010, sec: 21.612, t_ads: 12258.0, t_des: 12391.0, bed_util_ads: 0.571, bed_util_des: 0.201, frac_lost: 0.500, li_recovered:  26.431
L: 0.72, u_super: 0.00010, sec: 24.546, t_ads: 15457.0, t_des: 14724.0, bed_util_ads: 0.599, bed_util_des: 0.201, frac_lost: 0.500, li_recovered:  28.495
L: 0.60, u_super: 0.00010, sec: 21.612, t_ads: 12249.0, t_des: 12374.0, bed_util_ads: 0.571, bed_util_des: 0.201, frac_lost: 0.500, li_recovered:  26.404
L: 0.60, u_super: 0.00010, sec: 21.612, t_ads: 12266.0, t_des: 12408.0, bed_util_ads: 0.571, bed_util_des: 0.201, frac_lost: 0.500, li_recovered:  26.458
L: 0.60, u_super: 0.00010, sec: 21.613, t_ads: 12284.0, t_des: 12443.0, bed_util_ads: 0.571, bed_util_des: 0.200, frac_lost: 0.500, li_recovered:  26.515
    36 |     1440 |  2.161223E+01 |  2.161208E+01
L: 0.60, u_super: 0.00010, sec: 21.612, t_ads: 12267.0, t_des: 12410.0, bed_util_ads: 0.571, bed_util_des: 0.201, frac_lost: 0.500, li_recovered:  26.462
L: 0.60, u_super: 0.00010, sec: 21.613, t_ads: 12293.0, t_des: 12461.0, bed_util_ads: 0.571, bed_util_des: 0.200, frac_lost: 0.500, li_recovered:  26.544
L: 0.60, u_super: 0.00010, sec: 21.612, t_ads: 12264.0, t_des: 12404.0, bed_util_ads: 0.571, bed_util_des: 0.201, frac_lost: 0.500, li_recovered:  26.452
L: 0.60, u_super: 0.00010, sec: 21.612, t_ads: 12264.0, t_des: 12403.0, bed_util_ads: 0.571, bed_util_des: 0.201, frac_lost: 0.500, li_recovered:  26.451
L: 0.60, u_super: 0.00010, sec: 21.612, t_ads: 12250.0, t_des: 12375.0, bed_util_ads: 0.571, bed_util_des: 0.201, frac_lost: 0.500, li_recovered:  26.406
L: 0.60, u_super: 0.00010, sec: 21.612, t_ads: 12251.0, t_des: 12378.0, bed_util_ads: 0.571, bed_util_des: 0.201, frac_lost: 0.500, li_recovered:  26.410
L: 0.60, u_super: 0.00010, sec: 21.612, t_ads: 12256.0, t_des: 12388.0, bed_util_ads: 0.571, bed_util_des: 0.201, frac_lost: 0.500, li_recovered:  26.426
L: 0.60, u_super: 0.00010, sec: 21.612, t_ads: 12258.0, t_des: 12392.0, bed_util_ads: 0.571, bed_util_des: 0.201, frac_lost: 0.500, li_recovered:  26.433
L: 0.60, u_super: 0.00010, sec: 21.612, t_ads: 12264.0, t_des: 12403.0, bed_util_ads: 0.571, bed_util_des: 0.201, frac_lost: 0.500, li_recovered:  26.451
L: 0.72, u_super: 0.00036, sec: 192.525, t_ads: 2834.0, t_des: 6246.0, bed_util_ads: 0.397, bed_util_des: 0.201, frac_lost: 0.500, li_recovered:  14.016
L: 0.60, u_super: 0.00010, sec: 21.612, t_ads: 12265.0, t_des: 12405.0, bed_util_ads: 0.571, bed_util_des: 0.201, frac_lost: 0.500, li_recovered:  26.454
L: 0.60, u_super: 0.00010, sec: 21.612, t_ads: 12261.0, t_des: 12397.0, bed_util_ads: 0.571, bed_util_des: 0.201, frac_lost: 0.500, li_recovered:  26.441
L: 0.60, u_super: 0.00010, sec: 21.612, t_ads: 12245.0, t_des: 12365.0, bed_util_ads: 0.571, bed_util_des: 0.202, frac_lost: 0.500, li_recovered:  26.390
L: 0.60, u_super: 0.00010, sec: 21.612, t_ads: 12264.0, t_des: 12403.0, bed_util_ads: 0.571, bed_util_des: 0.201, frac_lost: 0.500, li_recovered:  26.451
L: 0.60, u_super: 0.00010, sec: 21.612, t_ads: 12263.0, t_des: 12402.0, bed_util_ads: 0.571, bed_util_des: 0.201, frac_lost: 0.500, li_recovered:  26.449
L: 0.60, u_super: 0.00010, sec: 21.612, t_ads: 12260.0, t_des: 12395.0, bed_util_ads: 0.571, bed_util_des: 0.201, frac_lost: 0.500, li_recovered:  26.438
L: 0.60, u_super: 0.00010, sec: 21.612, t_ads: 12257.0, t_des: 12389.0, bed_util_ads: 0.571, bed_util_des: 0.201, frac_lost: 0.500, li_recovered:  26.428
L: 0.60, u_super: 0.00010, sec: 21.612, t_ads: 12257.0, t_des: 12389.0, bed_util_ads: 0.571, bed_util_des: 0.201, frac_lost: 0.500, li_recovered:  26.428
L: 0.60, u_super: 0.00010, sec: 21.612, t_ads: 12268.0, t_des: 12411.0, bed_util_ads: 0.571, bed_util_des: 0.201, frac_lost: 0.500, li_recovered:  26.464
L: 0.60, u_super: 0.00010, sec: 21.612, t_ads: 12272.0, t_des: 12419.0, bed_util_ads: 0.571, bed_util_des: 0.201, frac_lost: 0.500, li_recovered:  26.476
L: 0.60, u_super: 0.00010, sec: 21.612, t_ads: 12245.0, t_des: 12365.0, bed_util_ads: 0.571, bed_util_des: 0.202, frac_lost: 0.500, li_recovered:  26.390
L: 0.60, u_super: 0.00010, sec: 21.612, t_ads: 12264.0, t_des: 12403.0, bed_util_ads: 0.571, bed_util_des: 0.201, frac_lost: 0.500, li_recovered:  26.451
L: 0.60, u_super: 0.00010, sec: 21.612, t_ads: 12256.0, t_des: 12387.0, bed_util_ads: 0.571, bed_util_des: 0.201, frac_lost: 0.500, li_recovered:  26.425
L: 0.60, u_super: 0.00010, sec: 21.612, t_ads: 12247.0, t_des: 12370.0, bed_util_ads: 0.571, bed_util_des: 0.201, frac_lost: 0.500, li_recovered:  26.397
L: 0.60, u_super: 0.00010, sec: 21.612, t_ads: 12256.0, t_des: 12387.0, bed_util_ads: 0.571, bed_util_des: 0.201, frac_lost: 0.500, li_recovered:  26.425
L: 0.60, u_super: 0.00010, sec: 21.612, t_ads: 12264.0, t_des: 12403.0, bed_util_ads: 0.571, bed_util_des: 0.201, frac_lost: 0.500, li_recovered:  26.451
L: 0.60, u_super: 0.00010, sec: 21.612, t_ads: 12238.0, t_des: 12352.0, bed_util_ads: 0.571, bed_util_des: 0.202, frac_lost: 0.500, li_recovered:  26.368
L: 0.60, u_super: 0.00010, sec: 21.612, t_ads: 12264.0, t_des: 12403.0, bed_util_ads: 0.571, bed_util_des: 0.201, frac_lost: 0.500, li_recovered:  26.451
L: 0.60, u_super: 0.00010, sec: 21.612, t_ads: 12268.0, t_des: 12411.0, bed_util_ads: 0.571, bed_util_des: 0.201, frac_lost: 0.500, li_recovered:  26.464
L: 0.60, u_super: 0.00010, sec: 21.612, t_ads: 12253.0, t_des: 12382.0, bed_util_ads: 0.571, bed_util_des: 0.201, frac_lost: 0.500, li_recovered:  26.417
L: 0.60, u_super: 0.00010, sec: 21.612, t_ads: 12255.0, t_des: 12385.0, bed_util_ads: 0.571, bed_util_des: 0.201, frac_lost: 0.500, li_recovered:  26.422
L: 0.60, u_super: 0.00010, sec: 21.612, t_ads: 12255.0, t_des: 12385.0, bed_util_ads: 0.571, bed_util_des: 0.201, frac_lost: 0.500, li_recovered:  26.422
L: 0.60, u_super: 0.00010, sec: 21.612, t_ads: 12264.0, t_des: 12404.0, bed_util_ads: 0.571, bed_util_des: 0.201, frac_lost: 0.500, li_recovered:  26.452
L: 0.60, u_super: 0.00010, sec: 21.612, t_ads: 12265.0, t_des: 12405.0, bed_util_ads: 0.571, bed_util_des: 0.201, frac_lost: 0.500, li_recovered:  26.454
L: 0.60, u_super: 0.00010, sec: 21.612, t_ads: 12261.0, t_des: 12398.0, bed_util_ads: 0.571, bed_util_des: 0.201, frac_lost: 0.500, li_recovered:  26.442
L: 0.60, u_super: 0.00010, sec: 21.612, t_ads: 12259.0, t_des: 12393.0, bed_util_ads: 0.571, bed_util_des: 0.201, frac_lost: 0.500, li_recovered:  26.435
L: 0.60, u_super: 0.00010, sec: 21.612, t_ads: 12249.0, t_des: 12374.0, bed_util_ads: 0.571, bed_util_des: 0.201, frac_lost: 0.500, li_recovered:  26.404
L: 0.60, u_super: 0.00010, sec: 21.612, t_ads: 12249.0, t_des: 12374.0, bed_util_ads: 0.571, bed_util_des: 0.201, frac_lost: 0.500, li_recovered:  26.404
L: 0.60, u_super: 0.00010, sec: 21.612, t_ads: 12253.0, t_des: 12381.0, bed_util_ads: 0.571, bed_util_des: 0.201, frac_lost: 0.500, li_recovered:  26.416
L: 0.60, u_super: 0.00010, sec: 21.612, t_ads: 12262.0, t_des: 12400.0, bed_util_ads: 0.571, bed_util_des: 0.201, frac_lost: 0.500, li_recovered:  26.445
    37 |     1480 |  2.161220E+01 |  2.161208E+01
L: 0.60, u_super: 0.00010, sec: 21.612, t_ads: 12258.0, t_des: 12391.0, bed_util_ads: 0.571, bed_util_des: 0.201, frac_lost: 0.500, li_recovered:  26.432
L: 0.60, u_super: 0.00010, sec: 21.612, t_ads: 12254.0, t_des: 12383.0, bed_util_ads: 0.571, bed_util_des: 0.201, frac_lost: 0.500, li_recovered:  26.419
L: 0.60, u_super: 0.00010, sec: 21.612, t_ads: 12264.0, t_des: 12403.0, bed_util_ads: 0.571, bed_util_des: 0.201, frac_lost: 0.500, li_recovered:  26.451
L: 0.60, u_super: 0.00010, sec: 21.612, t_ads: 12260.0, t_des: 12396.0, bed_util_ads: 0.571, bed_util_des: 0.201, frac_lost: 0.500, li_recovered:  26.439
L: 0.60, u_super: 0.00010, sec: 21.612, t_ads: 12264.0, t_des: 12403.0, bed_util_ads: 0.571, bed_util_des: 0.201, frac_lost: 0.500, li_recovered:  26.451
L: 0.60, u_super: 0.00010, sec: 21.612, t_ads: 12261.0, t_des: 12397.0, bed_util_ads: 0.571, bed_util_des: 0.201, frac_lost: 0.500, li_recovered:  26.441
L: 0.60, u_super: 0.00010, sec: 21.612, t_ads: 12259.0, t_des: 12393.0, bed_util_ads: 0.571, bed_util_des: 0.201, frac_lost: 0.500, li_recovered:  26.435
L: 0.60, u_super: 0.00010, sec: 21.612, t_ads: 12258.0, t_des: 12392.0, bed_util_ads: 0.571, bed_util_des: 0.201, frac_lost: 0.500, li_recovered:  26.433
L: 0.60, u_super: 0.00010, sec: 21.612, t_ads: 12246.0, t_des: 12369.0, bed_util_ads: 0.571, bed_util_des: 0.202, frac_lost: 0.500, li_recovered:  26.395
L: 0.60, u_super: 0.00010, sec: 21.612, t_ads: 12267.0, t_des: 12409.0, bed_util_ads: 0.571, bed_util_des: 0.201, frac_lost: 0.500, li_recovered:  26.460
L: 0.60, u_super: 0.00010, sec: 21.612, t_ads: 12265.0, t_des: 12405.0, bed_util_ads: 0.571, bed_util_des: 0.201, frac_lost: 0.500, li_recovered:  26.454
L: 0.60, u_super: 0.00010, sec: 21.612, t_ads: 12261.0, t_des: 12397.0, bed_util_ads: 0.571, bed_util_des: 0.201, frac_lost: 0.500, li_recovered:  26.441
L: 0.60, u_super: 0.00010, sec: 21.612, t_ads: 12244.0, t_des: 12365.0, bed_util_ads: 0.571, bed_util_des: 0.202, frac_lost: 0.500, li_recovered:  26.389
L: 0.60, u_super: 0.00010, sec: 21.612, t_ads: 12264.0, t_des: 12403.0, bed_util_ads: 0.571, bed_util_des: 0.201, frac_lost: 0.500, li_recovered:  26.451
L: 0.60, u_super: 0.00010, sec: 21.612, t_ads: 12251.0, t_des: 12378.0, bed_util_ads: 0.571, bed_util_des: 0.201, frac_lost: 0.500, li_recovered:  26.410
L: 0.60, u_super: 0.00010, sec: 21.612, t_ads: 12266.0, t_des: 12407.0, bed_util_ads: 0.571, bed_util_des: 0.201, frac_lost: 0.500, li_recovered:  26.457
L: 0.60, u_super: 0.00010, sec: 21.612, t_ads: 12257.0, t_des: 12389.0, bed_util_ads: 0.571, bed_util_des: 0.201, frac_lost: 0.500, li_recovered:  26.428
L: 0.60, u_super: 0.00010, sec: 21.612, t_ads: 12257.0, t_des: 12389.0, bed_util_ads: 0.571, bed_util_des: 0.201, frac_lost: 0.500, li_recovered:  26.428
L: 0.60, u_super: 0.00010, sec: 21.612, t_ads: 12268.0, t_des: 12412.0, bed_util_ads: 0.571, bed_util_des: 0.201, frac_lost: 0.500, li_recovered:  26.465
L: 0.60, u_super: 0.00010, sec: 21.612, t_ads: 12265.0, t_des: 12405.0, bed_util_ads: 0.571, bed_util_des: 0.201, frac_lost: 0.500, li_recovered:  26.454
L: 0.60, u_super: 0.00010, sec: 21.612, t_ads: 12245.0, t_des: 12365.0, bed_util_ads: 0.571, bed_util_des: 0.202, frac_lost: 0.500, li_recovered:  26.390
L: 0.60, u_super: 0.00010, sec: 21.612, t_ads: 12258.0, t_des: 12392.0, bed_util_ads: 0.571, bed_util_des: 0.201, frac_lost: 0.500, li_recovered:  26.433
L: 0.60, u_super: 0.00010, sec: 21.612, t_ads: 12259.0, t_des: 12394.0, bed_util_ads: 0.571, bed_util_des: 0.201, frac_lost: 0.500, li_recovered:  26.436
L: 0.60, u_super: 0.00010, sec: 21.612, t_ads: 12267.0, t_des: 12409.0, bed_util_ads: 0.571, bed_util_des: 0.201, frac_lost: 0.500, li_recovered:  26.461
L: 0.60, u_super: 0.00010, sec: 21.612, t_ads: 12256.0, t_des: 12387.0, bed_util_ads: 0.571, bed_util_des: 0.201, frac_lost: 0.500, li_recovered:  26.425
L: 0.60, u_super: 0.00010, sec: 21.612, t_ads: 12264.0, t_des: 12403.0, bed_util_ads: 0.571, bed_util_des: 0.201, frac_lost: 0.500, li_recovered:  26.451
L: 0.60, u_super: 0.00010, sec: 21.612, t_ads: 12248.0, t_des: 12372.0, bed_util_ads: 0.571, bed_util_des: 0.201, frac_lost: 0.500, li_recovered:  26.401
L: 0.60, u_super: 0.00010, sec: 21.612, t_ads: 12264.0, t_des: 12403.0, bed_util_ads: 0.571, bed_util_des: 0.201, frac_lost: 0.500, li_recovered:  26.451
L: 0.60, u_super: 0.00010, sec: 21.612, t_ads: 12267.0, t_des: 12409.0, bed_util_ads: 0.571, bed_util_des: 0.201, frac_lost: 0.500, li_recovered:  26.461
L: 0.60, u_super: 0.00010, sec: 21.612, t_ads: 12253.0, t_des: 12382.0, bed_util_ads: 0.571, bed_util_des: 0.201, frac_lost: 0.500, li_recovered:  26.417
L: 0.60, u_super: 0.00010, sec: 21.612, t_ads: 12255.0, t_des: 12385.0, bed_util_ads: 0.571, bed_util_des: 0.201, frac_lost: 0.500, li_recovered:  26.422
L: 0.60, u_super: 0.00010, sec: 21.612, t_ads: 12259.0, t_des: 12393.0, bed_util_ads: 0.571, bed_util_des: 0.201, frac_lost: 0.500, li_recovered:  26.435
L: 0.60, u_super: 0.00010, sec: 21.612, t_ads: 12264.0, t_des: 12404.0, bed_util_ads: 0.571, bed_util_des: 0.201, frac_lost: 0.500, li_recovered:  26.452
L: 0.60, u_super: 0.00010, sec: 21.612, t_ads: 12251.0, t_des: 12378.0, bed_util_ads: 0.571, bed_util_des: 0.201, frac_lost: 0.500, li_recovered:  26.410
L: 0.60, u_super: 0.00010, sec: 21.612, t_ads: 12255.0, t_des: 12385.0, bed_util_ads: 0.571, bed_util_des: 0.201, frac_lost: 0.500, li_recovered:  26.422
L: 0.60, u_super: 0.00010, sec: 21.612, t_ads: 12259.0, t_des: 12393.0, bed_util_ads: 0.571, bed_util_des: 0.201, frac_lost: 0.500, li_recovered:  26.435
L: 0.60, u_super: 0.00010, sec: 21.612, t_ads: 12249.0, t_des: 12374.0, bed_util_ads: 0.571, bed_util_des: 0.201, frac_lost: 0.500, li_recovered:  26.404
L: 0.60, u_super: 0.00010, sec: 21.612, t_ads: 12268.0, t_des: 12411.0, bed_util_ads: 0.571, bed_util_des: 0.201, frac_lost: 0.500, li_recovered:  26.464
L: 0.60, u_super: 0.00010, sec: 21.612, t_ads: 12253.0, t_des: 12381.0, bed_util_ads: 0.571, bed_util_des: 0.201, frac_lost: 0.500, li_recovered:  26.416
L: 0.60, u_super: 0.00010, sec: 21.612, t_ads: 12271.0, t_des: 12418.0, bed_util_ads: 0.571, bed_util_des: 0.201, frac_lost: 0.500, li_recovered:  26.474
    38 |     1520 |  2.161218E+01 |  2.161207E+01
L: 0.60, u_super: 0.00010, sec: 21.612, t_ads: 12268.0, t_des: 12412.0, bed_util_ads: 0.571, bed_util_des: 0.201, frac_lost: 0.500, li_recovered:  26.465
L: 0.60, u_super: 0.00010, sec: 21.612, t_ads: 12260.0, t_des: 12395.0, bed_util_ads: 0.571, bed_util_des: 0.201, frac_lost: 0.500, li_recovered:  26.438
L: 0.60, u_super: 0.00068, sec: 781.055, t_ads: 986.0, t_des: 4312.0, bed_util_ads: 0.303, bed_util_des: 0.201, frac_lost: 0.500, li_recovered:  7.269
L: 0.60, u_super: 0.00010, sec: 21.612, t_ads: 12264.0, t_des: 12403.0, bed_util_ads: 0.571, bed_util_des: 0.201, frac_lost: 0.500, li_recovered:  26.451
L: 0.60, u_super: 0.00010, sec: 21.612, t_ads: 12264.0, t_des: 12403.0, bed_util_ads: 0.571, bed_util_des: 0.201, frac_lost: 0.500, li_recovered:  26.451
L: 0.60, u_super: 0.00010, sec: 21.612, t_ads: 12261.0, t_des: 12397.0, bed_util_ads: 0.571, bed_util_des: 0.201, frac_lost: 0.500, li_recovered:  26.441
