L: 1.32, u_super: 0.00941, sec: 2239589.000, t_ads: 26.0, t_des: 402.0, bed_util_ads: 0.090, bed_util_des: 0.089, frac_lost: 0.010, li_recovered:  0.044
L: 1.93, u_super: 0.00316, sec: inf, t_ads: 93.0, t_des: 0.0, bed_util_ads: 0.223, bed_util_des: 0.223, frac_lost: 0.010, li_recovered:  0.000
L: 1.76, u_super: 0.00411, sec: inf, t_ads: 65.0, t_des: 0.0, bed_util_ads: 0.282, bed_util_des: 0.282, frac_lost: 0.010, li_recovered:  0.000
L: 0.64, u_super: 0.00748, sec: inf, t_ads: 17.0, t_des: 0.0, bed_util_ads: 0.278, bed_util_des: 0.278, frac_lost: 0.012, li_recovered:  0.000
L: 1.06, u_super: 0.00783, sec: 870456.938, t_ads: 25.0, t_des: 82.0, bed_util_ads: 0.166, bed_util_des: 0.166, frac_lost: 0.010, li_recovered:  0.019
L: 1.23, u_super: 0.00141, sec: inf, t_ads: 126.0, t_des: 0.0, bed_util_ads: 0.213, bed_util_des: 0.213, frac_lost: 0.010, li_recovered:  0.000
L: 0.88, u_super: 0.00267, sec: inf, t_ads: 47.0, t_des: 0.0, bed_util_ads: 0.378, bed_util_des: 0.378, frac_lost: 0.010, li_recovered:  0.000
L: 0.99, u_super: 0.00485, sec: inf, t_ads: 30.0, t_des: 0.0, bed_util_ads: 0.488, bed_util_des: 0.488, frac_lost: 0.010, li_recovered:  0.000
L: 1.95, u_super: 0.00720, sec: inf, t_ads: 44.0, t_des: 0.0, bed_util_ads: 0.279, bed_util_des: 0.279, frac_lost: 0.010, li_recovered:  0.000
L: 0.99, u_super: 0.00167, sec: inf, t_ads: 47.0, t_des: 0.0, bed_util_ads: 0.481, bed_util_des: 0.481, frac_lost: 0.010, li_recovered:  0.000
L: 1.32, u_super: 0.00124, sec: inf, t_ads: 102.0, t_des: 0.0, bed_util_ads: 0.315, bed_util_des: 0.315, frac_lost: 0.010, li_recovered:  0.000
L: 1.69, u_super: 0.00611, sec: inf, t_ads: 38.0, t_des: 0.0, bed_util_ads: 0.457, bed_util_des: 0.457, frac_lost: 0.010, li_recovered:  0.000
L: 0.66, u_super: 0.00528, sec: inf, t_ads: 23.0, t_des: 0.0, bed_util_ads: 0.240, bed_util_des: 0.240, frac_lost: 0.011, li_recovered:  0.000
L: 0.69, u_super: 0.00639, sec: inf, t_ads: 19.0, t_des: 0.0, bed_util_ads: 0.428, bed_util_des: 0.428, frac_lost: 0.010, li_recovered:  0.000
L: 1.43, u_super: 0.00265, sec: inf, t_ads: 57.0, t_des: 0.0, bed_util_ads: 0.419, bed_util_des: 0.419, frac_lost: 0.010, li_recovered:  0.000
L: 1.31, u_super: 0.00511, sec: inf, t_ads: 39.0, t_des: 0.0, bed_util_ads: 0.380, bed_util_des: 0.380, frac_lost: 0.010, li_recovered:  0.000
L: 0.81, u_super: 0.00813, sec: inf, t_ads: 19.0, t_des: 0.0, bed_util_ads: 0.347, bed_util_des: 0.347, frac_lost: 0.012, li_recovered:  0.000
L: 1.70, u_super: 0.00198, sec: inf, t_ads: 67.0, t_des: 0.0, bed_util_ads: 0.401, bed_util_des: 0.401, frac_lost: 0.010, li_recovered:  0.000
L: 0.87, u_super: 0.00090, sec: inf, t_ads: 61.0, t_des: 0.0, bed_util_ads: 0.426, bed_util_des: 0.426, frac_lost: 0.010, li_recovered:  0.000
L: 1.81, u_super: 0.00869, sec: inf, t_ads: 36.0, t_des: 0.0, bed_util_ads: 0.246, bed_util_des: 0.246, frac_lost: 0.010, li_recovered:  0.000
L: 0.98, u_super: 0.00017, sec: inf, t_ads: 105.0, t_des: 0.0, bed_util_ads: 0.325, bed_util_des: 0.325, frac_lost: 0.010, li_recovered:  0.000
L: 1.61, u_super: 0.00829, sec: 964234.375, t_ads: 35.0, t_des: 123.0, bed_util_ads: 0.156, bed_util_des: 0.155, frac_lost: 0.011, li_recovered:  0.029
L: 0.90, u_super: 0.00637, sec: inf, t_ads: 24.0, t_des: 0.0, bed_util_ads: 0.405, bed_util_des: 0.405, frac_lost: 0.010, li_recovered:  0.000
L: 1.95, u_super: 0.00158, sec: inf, t_ads: 143.0, t_des: 0.0, bed_util_ads: 0.249, bed_util_des: 0.249, frac_lost: 0.010, li_recovered:  0.000
L: 1.85, u_super: 0.00424, sec: inf, t_ads: 64.0, t_des: 0.0, bed_util_ads: 0.301, bed_util_des: 0.301, frac_lost: 0.010, li_recovered:  0.000
L: 0.63, u_super: 0.00670, sec: inf, t_ads: 17.0, t_des: 0.0, bed_util_ads: 0.460, bed_util_des: 0.460, frac_lost: 0.010, li_recovered:  0.000
L: 1.76, u_super: 0.00878, sec: inf, t_ads: 33.0, t_des: 0.0, bed_util_ads: 0.336, bed_util_des: 0.336, frac_lost: 0.010, li_recovered:  0.000
L: 0.94, u_super: 0.00763, sec: 918550.188, t_ads: 24.0, t_des: 196.0, bed_util_ads: 0.122, bed_util_des: 0.122, frac_lost: 0.012, li_recovered:  0.036
L: 1.76, u_super: 0.00071, sec: inf, t_ads: 66.0, t_des: 0.0, bed_util_ads: 0.411, bed_util_des: 0.411, frac_lost: 0.010, li_recovered:  0.000
L: 0.83, u_super: 0.00378, sec: 216265.391, t_ads: 39.0, t_des: 98.0, bed_util_ads: 0.172, bed_util_des: 0.172, frac_lost: 0.010, li_recovered:  0.022
L: 1.57, u_super: 0.00185, sec: inf, t_ads: 124.0, t_des: 0.0, bed_util_ads: 0.209, bed_util_des: 0.209, frac_lost: 0.010, li_recovered:  0.000
L: 0.61, u_super: 0.00267, sec: inf, t_ads: 40.0, t_des: 0.0, bed_util_ads: 0.222, bed_util_des: 0.222, frac_lost: 0.011, li_recovered:  0.000
L: 0.75, u_super: 0.00630, sec: 994444.312, t_ads: 22.0, t_des: 43.0, bed_util_ads: 0.203, bed_util_des: 0.203, frac_lost: 0.010, li_recovered:  0.007
L: 1.62, u_super: 0.00651, sec: inf, t_ads: 43.0, t_des: 0.0, bed_util_ads: 0.227, bed_util_des: 0.227, frac_lost: 0.011, li_recovered:  0.000
L: 1.81, u_super: 0.00629, sec: inf, t_ads: 41.0, t_des: 0.0, bed_util_ads: 0.407, bed_util_des: 0.407, frac_lost: 0.010, li_recovered:  0.000
L: 1.08, u_super: 0.00543, sec: 481276.312, t_ads: 36.0, t_des: 277.0, bed_util_ads: 0.115, bed_util_des: 0.114, frac_lost: 0.010, li_recovered:  0.048
L: 1.99, u_super: 0.00248, sec: 87574.648, t_ads: 130.0, t_des: 346.0, bed_util_ads: 0.144, bed_util_des: 0.143, frac_lost: 0.010, li_recovered:  0.080
L: 0.70, u_super: 0.00263, sec: inf, t_ads: 40.0, t_des: 0.0, bed_util_ads: 0.384, bed_util_des: 0.384, frac_lost: 0.010, li_recovered:  0.000
L: 1.58, u_super: 0.00136, sec: inf, t_ads: 161.0, t_des: 0.0, bed_util_ads: 0.200, bed_util_des: 0.200, frac_lost: 0.010, li_recovered:  0.000
L: 1.19, u_super: 0.00662, sec: inf, t_ads: 32.0, t_des: 0.0, bed_util_ads: 0.239, bed_util_des: 0.239, frac_lost: 0.011, li_recovered:  0.000
=================================================
n_gen  |  n_eval  |     f_avg     |     f_min    
=================================================
     1 |       40 |           INF |  8.757465E+04
L: 1.83, u_super: 0.00941, sec: 2168802.250, t_ads: 35.0, t_des: 483.0, bed_util_ads: 0.090, bed_util_des: 0.089, frac_lost: 0.010, li_recovered:  0.056
L: 1.97, u_super: 0.00316, sec: 212326.672, t_ads: 107.0, t_des: 1186.0, bed_util_ads: 0.088, bed_util_des: 0.086, frac_lost: 0.010, li_recovered:  0.147
L: 2.00, u_super: 0.00411, sec: inf, t_ads: 72.0, t_des: 0.0, bed_util_ads: 0.282, bed_util_des: 0.282, frac_lost: 0.010, li_recovered:  0.000
L: 0.64, u_super: 0.00160, sec: inf, t_ads: 62.0, t_des: 0.0, bed_util_ads: 0.277, bed_util_des: 0.277, frac_lost: 0.010, li_recovered:  0.000
L: 1.06, u_super: 0.00783, sec: 15171784.000, t_ads: 26.0, t_des: 6080.0, bed_util_ads: 0.027, bed_util_des: 0.026, frac_lost: 0.011, li_recovered:  0.063
L: 2.00, u_super: 0.00141, sec: inf, t_ads: 177.0, t_des: 0.0, bed_util_ads: 0.212, bed_util_des: 0.212, frac_lost: 0.010, li_recovered:  0.000
L: 1.44, u_super: 0.00237, sec: inf, t_ads: 67.0, t_des: 0.0, bed_util_ads: 0.377, bed_util_des: 0.377, frac_lost: 0.010, li_recovered:  0.000
L: 1.39, u_super: 0.00485, sec: inf, t_ads: 37.0, t_des: 0.0, bed_util_ads: 0.487, bed_util_des: 0.487, frac_lost: 0.010, li_recovered:  0.000
L: 2.00, u_super: 0.00720, sec: inf, t_ads: 45.0, t_des: 0.0, bed_util_ads: 0.279, bed_util_des: 0.279, frac_lost: 0.010, li_recovered:  0.000
L: 0.99, u_super: 0.00169, sec: inf, t_ads: 47.0, t_des: 0.0, bed_util_ads: 0.481, bed_util_des: 0.481, frac_lost: 0.010, li_recovered:  0.000
L: 2.00, u_super: 0.00013, sec: inf, t_ads: 131.0, t_des: 0.0, bed_util_ads: 0.289, bed_util_des: 0.289, frac_lost: 0.010, li_recovered:  0.000
L: 1.66, u_super: 0.00611, sec: inf, t_ads: 37.0, t_des: 0.0, bed_util_ads: 0.457, bed_util_des: 0.457, frac_lost: 0.010, li_recovered:  0.000
L: 0.66, u_super: 0.00528, sec: 3151770.000, t_ads: 24.0, t_des: 2555.0, bed_util_ads: 0.040, bed_util_des: 0.039, frac_lost: 0.011, li_recovered:  0.057
L: 2.00, u_super: 0.00639, sec: inf, t_ads: 43.0, t_des: 0.0, bed_util_ads: 0.426, bed_util_des: 0.426, frac_lost: 0.010, li_recovered:  0.000
L: 1.43, u_super: 0.00265, sec: 1014001.438, t_ads: 94.0, t_des: 10803.0, bed_util_ads: 0.031, bed_util_des: 0.029, frac_lost: 0.010, li_recovered:  0.181
L: 1.31, u_super: 0.00283, sec: inf, t_ads: 59.0, t_des: 0.0, bed_util_ads: 0.378, bed_util_des: 0.378, frac_lost: 0.010, li_recovered:  0.000
L: 0.81, u_super: 0.00184, sec: inf, t_ads: 60.0, t_des: 0.0, bed_util_ads: 0.346, bed_util_des: 0.346, frac_lost: 0.010, li_recovered:  0.000
L: 1.70, u_super: 0.00198, sec: 59939.488, t_ads: 137.0, t_des: 303.0, bed_util_ads: 0.151, bed_util_des: 0.150, frac_lost: 0.010, li_recovered:  0.068
L: 2.00, u_super: 0.00090, sec: inf, t_ads: 62.0, t_des: 0.0, bed_util_ads: 0.426, bed_util_des: 0.426, frac_lost: 0.010, li_recovered:  0.000
L: 1.81, u_super: 0.00420, sec: 252857.969, t_ads: 74.0, t_des: 371.0, bed_util_ads: 0.125, bed_util_des: 0.124, frac_lost: 0.010, li_recovered:  0.076
L: 0.98, u_super: 0.00357, sec: inf, t_ads: 43.0, t_des: 0.0, bed_util_ads: 0.329, bed_util_des: 0.329, frac_lost: 0.010, li_recovered:  0.000
L: 2.00, u_super: 0.00829, sec: 2291305.500, t_ads: 43.0, t_des: 901.0, bed_util_ads: 0.074, bed_util_des: 0.073, frac_lost: 0.010, li_recovered:  0.073
L: 0.90, u_super: 0.00118, sec: 18788.932, t_ads: 125.0, t_des: 412.0, bed_util_ads: 0.135, bed_util_des: 0.134, frac_lost: 0.010, li_recovered:  0.094
L: 2.00, u_super: 0.00158, sec: inf, t_ads: 145.0, t_des: 0.0, bed_util_ads: 0.249, bed_util_des: 0.249, frac_lost: 0.010, li_recovered:  0.000
L: 1.85, u_super: 0.00424, sec: inf, t_ads: 67.0, t_des: 0.0, bed_util_ads: 0.271, bed_util_des: 0.271, frac_lost: 0.010, li_recovered:  0.000
L: 0.63, u_super: 0.00670, sec: 566779.812, t_ads: 19.0, t_des: 70.0, bed_util_ads: 0.174, bed_util_des: 0.174, frac_lost: 0.012, li_recovered:  0.018
L: 1.76, u_super: 0.00878, sec: 1277809.500, t_ads: 36.0, t_des: 256.0, bed_util_ads: 0.118, bed_util_des: 0.117, frac_lost: 0.010, li_recovered:  0.046
L: 0.94, u_super: 0.00417, sec: 257364.297, t_ads: 41.0, t_des: 266.0, bed_util_ads: 0.122, bed_util_des: 0.122, frac_lost: 0.011, li_recovered:  0.051
L: 1.76, u_super: 0.00496, sec: inf, t_ads: 47.0, t_des: 0.0, bed_util_ads: 0.413, bed_util_des: 0.413, frac_lost: 0.010, li_recovered:  0.000
L: 1.93, u_super: 0.00378, sec: 283255.500, t_ads: 84.0, t_des: 151.0, bed_util_ads: 0.172, bed_util_des: 0.172, frac_lost: 0.010, li_recovered:  0.029
L: 1.57, u_super: 0.00234, sec: inf, t_ads: 102.0, t_des: 0.0, bed_util_ads: 0.210, bed_util_des: 0.210, frac_lost: 0.010, li_recovered:  0.000
L: 0.61, u_super: 0.00380, sec: inf, t_ads: 29.0, t_des: 0.0, bed_util_ads: 0.222, bed_util_des: 0.222, frac_lost: 0.011, li_recovered:  0.000
L: 0.75, u_super: 0.00172, sec: inf, t_ads: 71.0, t_des: 0.0, bed_util_ads: 0.203, bed_util_des: 0.203, frac_lost: 0.010, li_recovered:  0.000
L: 1.73, u_super: 0.00651, sec: 643225.562, t_ads: 47.0, t_des: 276.0, bed_util_ads: 0.124, bed_util_des: 0.123, frac_lost: 0.010, li_recovered:  0.054
L: 1.81, u_super: 0.00629, sec: 1716827.625, t_ads: 51.0, t_des: 1504.0, bed_util_ads: 0.062, bed_util_des: 0.061, frac_lost: 0.010, li_recovered:  0.091
L: 0.95, u_super: 0.00411, sec: 267568.344, t_ads: 42.0, t_des: 316.0, bed_util_ads: 0.115, bed_util_des: 0.114, frac_lost: 0.011, li_recovered:  0.055
L: 1.99, u_super: 0.00143, sec: 33275.117, t_ads: 211.0, t_des: 417.0, bed_util_ads: 0.145, bed_util_des: 0.143, frac_lost: 0.010, li_recovered:  0.091
L: 2.00, u_super: 0.00263, sec: inf, t_ads: 71.0, t_des: 0.0, bed_util_ads: 0.382, bed_util_des: 0.382, frac_lost: 0.010, li_recovered:  0.000
L: 1.58, u_super: 0.00136, sec: inf, t_ads: 149.0, t_des: 0.0, bed_util_ads: 0.227, bed_util_des: 0.227, frac_lost: 0.010, li_recovered:  0.000
L: 1.19, u_super: 0.00098, sec: inf, t_ads: 148.0, t_des: 0.0, bed_util_ads: 0.237, bed_util_des: 0.237, frac_lost: 0.010, li_recovered:  0.000
     2 |       80 |           INF |  1.878893E+04
L: 0.72, u_super: 0.00941, sec: 2416708.000, t_ads: 16.0, t_des: 351.0, bed_util_ads: 0.090, bed_util_des: 0.089, frac_lost: 0.013, li_recovered:  0.035
L: 0.78, u_super: 0.00316, sec: 232025.188, t_ads: 44.0, t_des: 623.0, bed_util_ads: 0.087, bed_util_des: 0.086, frac_lost: 0.010, li_recovered:  0.069
L: 0.84, u_super: 0.00411, sec: inf, t_ads: 35.0, t_des: 0.0, bed_util_ads: 0.283, bed_util_des: 0.283, frac_lost: 0.010, li_recovered:  0.000
L: 1.30, u_super: 0.00748, sec: inf, t_ads: 31.0, t_des: 0.0, bed_util_ads: 0.278, bed_util_des: 0.278, frac_lost: 0.011, li_recovered:  0.000
L: 1.06, u_super: 0.00783, sec: inf, t_ads: 24.0, t_des: 0.0, bed_util_ads: 0.359, bed_util_des: 0.359, frac_lost: 0.011, li_recovered:  0.000
L: 0.93, u_super: 0.00141, sec: inf, t_ads: 100.0, t_des: 0.0, bed_util_ads: 0.213, bed_util_des: 0.213, frac_lost: 0.010, li_recovered:  0.000
L: 0.90, u_super: 0.00267, sec: inf, t_ads: 48.0, t_des: 0.0, bed_util_ads: 0.378, bed_util_des: 0.378, frac_lost: 0.010, li_recovered:  0.000
L: 0.99, u_super: 0.00485, sec: 320124.969, t_ads: 37.0, t_des: 115.0, bed_util_ads: 0.163, bed_util_des: 0.163, frac_lost: 0.011, li_recovered:  0.028
L: 0.99, u_super: 0.00720, sec: inf, t_ads: 25.0, t_des: 0.0, bed_util_ads: 0.279, bed_util_des: 0.279, frac_lost: 0.011, li_recovered:  0.000
L: 0.62, u_super: 0.00167, sec: inf, t_ads: 42.0, t_des: 0.0, bed_util_ads: 0.482, bed_util_des: 0.482, frac_lost: 0.010, li_recovered:  0.000
L: 1.32, u_super: 0.00124, sec: inf, t_ads: 136.0, t_des: 0.0, bed_util_ads: 0.239, bed_util_des: 0.239, frac_lost: 0.010, li_recovered:  0.000
L: 0.79, u_super: 0.00611, sec: inf, t_ads: 22.0, t_des: 0.0, bed_util_ads: 0.459, bed_util_des: 0.459, frac_lost: 0.011, li_recovered:  0.000
L: 1.53, u_super: 0.00528, sec: 2746546.750, t_ads: 52.0, t_des: 4101.0, bed_util_ads: 0.040, bed_util_des: 0.039, frac_lost: 0.011, li_recovered:  0.105
L: 0.69, u_super: 0.00639, sec: 6674011.500, t_ads: 21.0, t_des: 3339.0, bed_util_ads: 0.033, bed_util_des: 0.033, frac_lost: 0.011, li_recovered:  0.052
L: 0.63, u_super: 0.00265, sec: 1201124.250, t_ads: 43.0, t_des: 6580.0, bed_util_ads: 0.030, bed_util_des: 0.029, frac_lost: 0.011, li_recovered:  0.093
L: 1.31, u_super: 0.00279, sec: inf, t_ads: 59.0, t_des: 0.0, bed_util_ads: 0.378, bed_util_des: 0.378, frac_lost: 0.010, li_recovered:  0.000
L: 0.81, u_super: 0.00813, sec: inf, t_ads: 19.0, t_des: 0.0, bed_util_ads: 0.347, bed_util_des: 0.347, frac_lost: 0.012, li_recovered:  0.000
L: 1.70, u_super: 0.00052, sec: inf, t_ads: 386.0, t_des: 0.0, bed_util_ads: 0.150, bed_util_des: 0.150, frac_lost: 0.010, li_recovered:  0.000
L: 0.87, u_super: 0.00087, sec: inf, t_ads: 61.0, t_des: 0.0, bed_util_ads: 0.426, bed_util_des: 0.426, frac_lost: 0.010, li_recovered:  0.000
L: 1.90, u_super: 0.00420, sec: 1142257.250, t_ads: 74.0, t_des: 87.0, bed_util_ads: 0.191, bed_util_des: 0.191, frac_lost: 0.010, li_recovered:  0.006
L: 0.98, u_super: 0.00094, sec: inf, t_ads: 97.0, t_des: 0.0, bed_util_ads: 0.326, bed_util_des: 0.326, frac_lost: 0.010, li_recovered:  0.000
L: 1.61, u_super: 0.00025, sec: inf, t_ads: 459.0, t_des: 0.0, bed_util_ads: 0.152, bed_util_des: 0.152, frac_lost: 0.010, li_recovered:  0.000
L: 0.90, u_super: 0.00118, sec: inf, t_ads: 110.0, t_des: 0.0, bed_util_ads: 0.232, bed_util_des: 0.232, frac_lost: 0.010, li_recovered:  0.000
L: 1.95, u_super: 0.00091, sec: inf, t_ads: 172.0, t_des: 0.0, bed_util_ads: 0.247, bed_util_des: 0.247, frac_lost: 0.010, li_recovered:  0.000
L: 0.81, u_super: 0.00424, sec: inf, t_ads: 33.0, t_des: 0.0, bed_util_ads: 0.302, bed_util_des: 0.302, frac_lost: 0.011, li_recovered:  0.000
L: 1.36, u_super: 0.00670, sec: 735682.250, t_ads: 36.0, t_des: 89.0, bed_util_ads: 0.174, bed_util_des: 0.174, frac_lost: 0.010, li_recovered:  0.019
L: 0.77, u_super: 0.00152, sec: 33219.324, t_ads: 86.0, t_des: 473.0, bed_util_ads: 0.118, bed_util_des: 0.117, frac_lost: 0.010, li_recovered:  0.091
L: 0.94, u_super: 0.00213, sec: 64432.930, t_ads: 76.0, t_des: 398.0, bed_util_ads: 0.123, bed_util_des: 0.122, frac_lost: 0.010, li_recovered:  0.080
L: 1.02, u_super: 0.00071, sec: inf, t_ads: 66.0, t_des: 0.0, bed_util_ads: 0.411, bed_util_des: 0.411, frac_lost: 0.010, li_recovered:  0.000
L: 1.40, u_super: 0.00356, sec: 233425.062, t_ads: 66.0, t_des: 131.0, bed_util_ads: 0.172, bed_util_des: 0.172, frac_lost: 0.010, li_recovered:  0.026
L: 1.57, u_super: 0.00185, sec: inf, t_ads: 126.0, t_des: 0.0, bed_util_ads: 0.198, bed_util_des: 0.198, frac_lost: 0.010, li_recovered:  0.000
L: 0.82, u_super: 0.00267, sec: inf, t_ads: 51.0, t_des: 0.0, bed_util_ads: 0.222, bed_util_des: 0.222, frac_lost: 0.010, li_recovered:  0.000
L: 0.70, u_super: 0.00108, sec: inf, t_ads: 100.0, t_des: 0.0, bed_util_ads: 0.202, bed_util_des: 0.202, frac_lost: 0.010, li_recovered:  0.000
L: 0.70, u_super: 0.00247, sec: 87605.188, t_ads: 50.0, t_des: 289.0, bed_util_ads: 0.124, bed_util_des: 0.123, frac_lost: 0.010, li_recovered:  0.057
L: 1.81, u_super: 0.00119, sec: 44192.973, t_ads: 255.0, t_des: 4388.0, bed_util_ads: 0.066, bed_util_des: 0.061, frac_lost: 0.010, li_recovered:  0.353
L: 0.95, u_super: 0.00411, sec: 496043.656, t_ads: 42.0, t_des: 825.0, bed_util_ads: 0.077, bed_util_des: 0.076, frac_lost: 0.011, li_recovered:  0.072
L: 1.99, u_super: 0.00143, sec: 32630.697, t_ads: 225.0, t_des: 1262.0, bed_util_ads: 0.104, bed_util_des: 0.101, frac_lost: 0.010, li_recovered:  0.221
L: 0.70, u_super: 0.00263, sec: 928420.562, t_ads: 46.0, t_des: 54.0, bed_util_ads: 0.204, bed_util_des: 0.204, frac_lost: 0.010, li_recovered:  0.002
L: 0.84, u_super: 0.00136, sec: 26574.590, t_ads: 101.0, t_des: 254.0, bed_util_ads: 0.151, bed_util_des: 0.150, frac_lost: 0.010, li_recovered:  0.058
L: 1.19, u_super: 0.00073, sec: inf, t_ads: 171.0, t_des: 0.0, bed_util_ads: 0.236, bed_util_des: 0.236, frac_lost: 0.010, li_recovered:  0.000
     3 |      120 |           INF |  1.878893E+04
L: 0.88, u_super: 0.00941, sec: 2346143.000, t_ads: 19.0, t_des: 377.0, bed_util_ads: 0.090, bed_util_des: 0.089, frac_lost: 0.013, li_recovered:  0.039
L: 1.97, u_super: 0.00194, sec: 74857.195, t_ads: 170.0, t_des: 1597.0, bed_util_ads: 0.089, bed_util_des: 0.086, frac_lost: 0.010, li_recovered:  0.211
L: 1.76, u_super: 0.00411, sec: inf, t_ads: 66.0, t_des: 0.0, bed_util_ads: 0.269, bed_util_des: 0.269, frac_lost: 0.010, li_recovered:  0.000
L: 0.86, u_super: 0.00748, sec: inf, t_ads: 22.0, t_des: 0.0, bed_util_ads: 0.278, bed_util_des: 0.278, frac_lost: 0.012, li_recovered:  0.000
L: 1.06, u_super: 0.00783, sec: inf, t_ads: 25.0, t_des: 0.0, bed_util_ads: 0.229, bed_util_des: 0.229, frac_lost: 0.011, li_recovered:  0.000
L: 0.71, u_super: 0.00141, sec: 42314.656, t_ads: 87.0, t_des: 1012.0, bed_util_ads: 0.088, bed_util_des: 0.087, frac_lost: 0.010, li_recovered:  0.123
L: 0.88, u_super: 0.00267, sec: inf, t_ads: 55.0, t_des: 0.0, bed_util_ads: 0.223, bed_util_des: 0.223, frac_lost: 0.010, li_recovered:  0.000
L: 0.61, u_super: 0.00485, sec: 301187.688, t_ads: 24.0, t_des: 91.0, bed_util_ads: 0.163, bed_util_des: 0.163, frac_lost: 0.012, li_recovered:  0.022
L: 1.95, u_super: 0.00720, sec: 942476.312, t_ads: 48.0, t_des: 415.0, bed_util_ads: 0.106, bed_util_des: 0.105, frac_lost: 0.010, li_recovered:  0.065
L: 0.75, u_super: 0.00167, sec: inf, t_ads: 45.0, t_des: 0.0, bed_util_ads: 0.481, bed_util_des: 0.481, frac_lost: 0.010, li_recovered:  0.000
L: 1.32, u_super: 0.00349, sec: inf, t_ads: 56.0, t_des: 0.0, bed_util_ads: 0.318, bed_util_des: 0.318, frac_lost: 0.010, li_recovered:  0.000
L: 1.69, u_super: 0.00611, sec: 610392.062, t_ads: 49.0, t_des: 352.0, bed_util_ads: 0.114, bed_util_des: 0.113, frac_lost: 0.010, li_recovered:  0.062
L: 1.53, u_super: 0.00281, sec: 672724.250, t_ads: 95.0, t_des: 6137.0, bed_util_ads: 0.041, bed_util_des: 0.039, frac_lost: 0.010, li_recovered:  0.176
L: 0.76, u_super: 0.00639, sec: 6552591.500, t_ads: 23.0, t_des: 3531.0, bed_util_ads: 0.034, bed_util_des: 0.033, frac_lost: 0.011, li_recovered:  0.056
L: 1.43, u_super: 0.00265, sec: 125510.227, t_ads: 92.0, t_des: 767.0, bed_util_ads: 0.100, bed_util_des: 0.098, frac_lost: 0.010, li_recovered:  0.115
L: 1.31, u_super: 0.00075, sec: inf, t_ads: 61.0, t_des: 0.0, bed_util_ads: 0.428, bed_util_des: 0.428, frac_lost: 0.010, li_recovered:  0.000
L: 1.34, u_super: 0.00813, sec: inf, t_ads: 28.0, t_des: 0.0, bed_util_ads: 0.347, bed_util_des: 0.347, frac_lost: 0.010, li_recovered:  0.000
L: 1.70, u_super: 0.00214, sec: 69803.172, t_ads: 127.0, t_des: 289.0, bed_util_ads: 0.151, bed_util_des: 0.150, frac_lost: 0.010, li_recovered:  0.065
L: 0.87, u_super: 0.00090, sec: 11788.989, t_ads: 158.0, t_des: 779.0, bed_util_ads: 0.114, bed_util_des: 0.112, frac_lost: 0.010, li_recovered:  0.151
L: 1.88, u_super: 0.00274, sec: 105865.805, t_ads: 114.0, t_des: 483.0, bed_util_ads: 0.126, bed_util_des: 0.124, frac_lost: 0.010, li_recovered:  0.102
L: 0.87, u_super: 0.00117, sec: 56696.520, t_ads: 128.0, t_des: 3549.0, bed_util_ads: 0.059, bed_util_des: 0.056, frac_lost: 0.010, li_recovered:  0.208
L: 0.89, u_super: 0.00829, sec: 891581.312, t_ads: 21.0, t_des: 96.0, bed_util_ads: 0.156, bed_util_des: 0.155, frac_lost: 0.011, li_recovered:  0.023
L: 1.08, u_super: 0.00118, sec: inf, t_ads: 124.0, t_des: 0.0, bed_util_ads: 0.235, bed_util_des: 0.235, frac_lost: 0.010, li_recovered:  0.000
L: 0.84, u_super: 0.00158, sec: inf, t_ads: 80.0, t_des: 0.0, bed_util_ads: 0.250, bed_util_des: 0.250, frac_lost: 0.010, li_recovered:  0.000
L: 0.74, u_super: 0.00424, sec: 3553008.000, t_ads: 32.0, t_des: 5696.0, bed_util_ads: 0.029, bed_util_des: 0.028, frac_lost: 0.010, li_recovered:  0.071
L: 1.61, u_super: 0.00670, sec: 759669.812, t_ads: 42.0, t_des: 97.0, bed_util_ads: 0.174, bed_util_des: 0.174, frac_lost: 0.010, li_recovered:  0.021
L: 0.77, u_super: 0.00055, sec: 4286.701, t_ads: 220.0, t_des: 826.0, bed_util_ads: 0.120, bed_util_des: 0.117, frac_lost: 0.010, li_recovered:  0.173
L: 0.84, u_super: 0.00117, sec: 19160.109, t_ads: 119.0, t_des: 524.0, bed_util_ads: 0.123, bed_util_des: 0.122, frac_lost: 0.010, li_recovered:  0.109
L: 1.76, u_super: 0.00134, sec: inf, t_ads: 174.0, t_des: 0.0, bed_util_ads: 0.203, bed_util_des: 0.203, frac_lost: 0.010, li_recovered:  0.000
L: 0.83, u_super: 0.00378, sec: 1739190.000, t_ads: 40.0, t_des: 4205.0, bed_util_ads: 0.036, bed_util_des: 0.035, frac_lost: 0.011, li_recovered:  0.085
L: 1.57, u_super: 0.00193, sec: inf, t_ads: 120.0, t_des: 0.0, bed_util_ads: 0.210, bed_util_des: 0.210, frac_lost: 0.010, li_recovered:  0.000
L: 0.61, u_super: 0.00267, sec: 120236.102, t_ads: 40.0, t_des: 90.0, bed_util_ads: 0.177, bed_util_des: 0.177, frac_lost: 0.010, li_recovered:  0.019
L: 1.15, u_super: 0.00527, sec: 5881457.000, t_ads: 40.0, t_des: 7477.0, bed_util_ads: 0.028, bed_util_des: 0.027, frac_lost: 0.011, li_recovered:  0.088
L: 0.70, u_super: 0.00224, sec: 71368.023, t_ads: 55.0, t_des: 311.0, bed_util_ads: 0.124, bed_util_des: 0.123, frac_lost: 0.010, li_recovered:  0.062
L: 1.81, u_super: 0.00119, sec: 30711.557, t_ads: 251.0, t_des: 2535.0, bed_util_ads: 0.082, bed_util_des: 0.078, frac_lost: 0.010, li_recovered:  0.305
L: 0.95, u_super: 0.00279, sec: 118809.125, t_ads: 60.0, t_des: 398.0, bed_util_ads: 0.115, bed_util_des: 0.114, frac_lost: 0.010, li_recovered:  0.072
L: 1.99, u_super: 0.00143, sec: inf, t_ads: 188.0, t_des: 0.0, bed_util_ads: 0.191, bed_util_des: 0.191, frac_lost: 0.010, li_recovered:  0.000
L: 0.70, u_super: 0.00263, sec: 213268.609, t_ads: 48.0, t_des: 1019.0, bed_util_ads: 0.073, bed_util_des: 0.072, frac_lost: 0.011, li_recovered:  0.083
L: 0.84, u_super: 0.00077, sec: 9568.645, t_ads: 170.0, t_des: 330.0, bed_util_ads: 0.151, bed_util_des: 0.150, frac_lost: 0.010, li_recovered:  0.072
L: 1.26, u_super: 0.00662, sec: 675731.250, t_ads: 35.0, t_des: 241.0, bed_util_ads: 0.122, bed_util_des: 0.121, frac_lost: 0.011, li_recovered:  0.045
     4 |      160 |           INF |  4.286701E+03
L: 1.83, u_super: 0.00082, sec: 11710.742, t_ads: 353.0, t_des: 2138.0, bed_util_ads: 0.094, bed_util_des: 0.089, frac_lost: 0.010, li_recovered:  0.337
L: 0.82, u_super: 0.00194, sec: 204577.469, t_ads: 74.0, t_des: 2952.0, bed_util_ads: 0.053, bed_util_des: 0.051, frac_lost: 0.010, li_recovered:  0.132
L: 1.76, u_super: 0.00411, sec: inf, t_ads: 67.0, t_des: 0.0, bed_util_ads: 0.249, bed_util_des: 0.249, frac_lost: 0.010, li_recovered:  0.000
L: 0.64, u_super: 0.00289, sec: inf, t_ads: 38.0, t_des: 0.0, bed_util_ads: 0.278, bed_util_des: 0.278, frac_lost: 0.011, li_recovered:  0.000
L: 1.06, u_super: 0.00783, sec: inf, t_ads: 25.0, t_des: 0.0, bed_util_ads: 0.247, bed_util_des: 0.247, frac_lost: 0.011, li_recovered:  0.000
L: 0.83, u_super: 0.00087, sec: 14692.102, t_ads: 161.0, t_des: 1522.0, bed_util_ads: 0.089, bed_util_des: 0.087, frac_lost: 0.010, li_recovered:  0.201
L: 0.88, u_super: 0.00267, sec: 137500.547, t_ads: 58.0, t_des: 593.0, bed_util_ads: 0.097, bed_util_des: 0.096, frac_lost: 0.010, li_recovered:  0.081
L: 0.70, u_super: 0.00485, sec: 311002.406, t_ads: 27.0, t_des: 95.0, bed_util_ads: 0.163, bed_util_des: 0.163, frac_lost: 0.011, li_recovered:  0.023
L: 0.61, u_super: 0.00720, sec: 1034900.438, t_ads: 17.0, t_des: 228.0, bed_util_ads: 0.106, bed_util_des: 0.105, frac_lost: 0.011, li_recovered:  0.031
L: 0.99, u_super: 0.00329, sec: inf, t_ads: 38.0, t_des: 0.0, bed_util_ads: 0.482, bed_util_des: 0.482, frac_lost: 0.010, li_recovered:  0.000
L: 1.32, u_super: 0.00124, sec: 160313.156, t_ads: 159.0, t_des: 144.0, bed_util_ads: 0.176, bed_util_des: 0.176, frac_lost: 0.010, li_recovered:  0.007
L: 1.69, u_super: 0.00611, sec: 951127.438, t_ads: 49.0, t_des: 735.0, bed_util_ads: 0.084, bed_util_des: 0.083, frac_lost: 0.010, li_recovered:  0.077
L: 0.67, u_super: 0.00281, sec: 776142.625, t_ads: 43.0, t_des: 3543.0, bed_util_ads: 0.040, bed_util_des: 0.039, frac_lost: 0.010, li_recovered:  0.088
L: 0.76, u_super: 0.00639, sec: inf, t_ads: 22.0, t_des: 0.0, bed_util_ads: 0.301, bed_util_des: 0.301, frac_lost: 0.011, li_recovered:  0.000
L: 0.62, u_super: 0.00265, sec: 133308.922, t_ads: 42.0, t_des: 439.0, bed_util_ads: 0.099, bed_util_des: 0.098, frac_lost: 0.010, li_recovered:  0.061
L: 1.31, u_super: 0.00511, sec: 389940.062, t_ads: 45.0, t_des: 117.0, bed_util_ads: 0.167, bed_util_des: 0.167, frac_lost: 0.010, li_recovered:  0.027
L: 0.81, u_super: 0.00813, sec: 1588119.250, t_ads: 20.0, t_des: 349.0, bed_util_ads: 0.094, bed_util_des: 0.093, frac_lost: 0.012, li_recovered:  0.040
L: 1.70, u_super: 0.00198, sec: inf, t_ads: 123.0, t_des: 0.0, bed_util_ads: 0.218, bed_util_des: 0.218, frac_lost: 0.010, li_recovered:  0.000
L: 0.66, u_super: 0.00090, sec: 11857.055, t_ads: 122.0, t_des: 672.0, bed_util_ads: 0.114, bed_util_des: 0.112, frac_lost: 0.010, li_recovered:  0.127
L: 1.88, u_super: 0.00274, sec: 128698.508, t_ads: 116.0, t_des: 864.0, bed_util_ads: 0.102, bed_util_des: 0.100, frac_lost: 0.010, li_recovered:  0.138
L: 0.92, u_super: 0.00117, sec: 56040.297, t_ads: 136.0, t_des: 3711.0, bed_util_ads: 0.059, bed_util_des: 0.056, frac_lost: 0.010, li_recovered:  0.220
L: 0.89, u_super: 0.00241, sec: 93619.562, t_ads: 64.0, t_des: 460.0, bed_util_ads: 0.110, bed_util_des: 0.109, frac_lost: 0.010, li_recovered:  0.078
L: 0.90, u_super: 0.00118, sec: inf, t_ads: 91.0, t_des: 0.0, bed_util_ads: 0.308, bed_util_des: 0.308, frac_lost: 0.010, li_recovered:  0.000
L: 1.27, u_super: 0.00034, sec: inf, t_ads: 179.0, t_des: 0.0, bed_util_ads: 0.247, bed_util_des: 0.247, frac_lost: 0.010, li_recovered:  0.000
L: 0.74, u_super: 0.00424, sec: 972500.812, t_ads: 32.0, t_des: 1366.0, bed_util_ads: 0.056, bed_util_des: 0.055, frac_lost: 0.010, li_recovered:  0.064
L: 0.63, u_super: 0.00670, sec: 1643477.875, t_ads: 19.0, t_des: 581.0, bed_util_ads: 0.073, bed_util_des: 0.073, frac_lost: 0.012, li_recovered:  0.042
L: 0.77, u_super: 0.00021, sec: 763.398, t_ads: 497.0, t_des: 908.0, bed_util_ads: 0.120, bed_util_des: 0.117, frac_lost: 0.010, li_recovered:  0.183
L: 0.84, u_super: 0.00027, sec: 1247.838, t_ads: 432.0, t_des: 810.0, bed_util_ads: 0.124, bed_util_des: 0.122, frac_lost: 0.010, li_recovered:  0.167
L: 1.37, u_super: 0.00071, sec: 9535.860, t_ads: 275.0, t_des: 443.0, bed_util_ads: 0.143, bed_util_des: 0.142, frac_lost: 0.010, li_recovered:  0.090
L: 0.83, u_super: 0.00378, sec: 231289.406, t_ads: 40.0, t_des: 325.0, bed_util_ads: 0.112, bed_util_des: 0.112, frac_lost: 0.011, li_recovered:  0.055
L: 1.57, u_super: 0.00052, sec: inf, t_ads: 245.0, t_des: 0.0, bed_util_ads: 0.206, bed_util_des: 0.206, frac_lost: 0.010, li_recovered:  0.000
L: 0.61, u_super: 0.00267, sec: 159939.344, t_ads: 41.0, t_des: 564.0, bed_util_ads: 0.089, bed_util_des: 0.088, frac_lost: 0.010, li_recovered:  0.065
L: 0.75, u_super: 0.00019, sec: inf, t_ads: 270.0, t_des: 0.0, bed_util_ads: 0.198, bed_util_des: 0.198, frac_lost: 0.010, li_recovered:  0.000
L: 0.70, u_super: 0.00224, sec: 798930.438, t_ads: 56.0, t_des: 7688.0, bed_util_ads: 0.031, bed_util_des: 0.029, frac_lost: 0.010, li_recovered:  0.116
L: 0.60, u_super: 0.00119, sec: 35480.941, t_ads: 87.0, t_des: 1277.0, bed_util_ads: 0.080, bed_util_des: 0.078, frac_lost: 0.010, li_recovered:  0.129
L: 1.27, u_super: 0.00279, sec: 117512.320, t_ads: 78.0, t_des: 474.0, bed_util_ads: 0.115, bed_util_des: 0.114, frac_lost: 0.010, li_recovered:  0.088
L: 0.64, u_super: 0.00143, sec: 35238.594, t_ads: 77.0, t_des: 646.0, bed_util_ads: 0.102, bed_util_des: 0.101, frac_lost: 0.010, li_recovered:  0.099
L: 0.70, u_super: 0.00263, sec: 110927.570, t_ads: 47.0, t_des: 350.0, bed_util_ads: 0.112, bed_util_des: 0.111, frac_lost: 0.010, li_recovered:  0.059
L: 0.84, u_super: 0.00077, sec: 8065.725, t_ads: 176.0, t_des: 610.0, bed_util_ads: 0.127, bed_util_des: 0.125, frac_lost: 0.010, li_recovered:  0.134
L: 1.26, u_super: 0.00662, sec: 3094870.750, t_ads: 35.0, t_des: 1959.0, bed_util_ads: 0.049, bed_util_des: 0.048, frac_lost: 0.011, li_recovered:  0.071
     5 |      200 |           INF |  7.633981E+02
L: 1.83, u_super: 0.00082, sec: inf, t_ads: 231.0, t_des: 0.0, bed_util_ads: 0.204, bed_util_des: 0.204, frac_lost: 0.010, li_recovered:  0.000
L: 1.97, u_super: 0.00066, sec: 7537.373, t_ads: 466.0, t_des: 2550.0, bed_util_ads: 0.092, bed_util_des: 0.086, frac_lost: 0.010, li_recovered:  0.403
L: 1.76, u_super: 0.00011, sec: inf, t_ads: 141.0, t_des: 0.0, bed_util_ads: 0.279, bed_util_des: 0.279, frac_lost: 0.010, li_recovered:  0.000
L: 0.64, u_super: 0.00151, sec: inf, t_ads: 64.0, t_des: 0.0, bed_util_ads: 0.277, bed_util_des: 0.277, frac_lost: 0.010, li_recovered:  0.000
L: 1.06, u_super: 0.00011, sec: inf, t_ads: 414.0, t_des: 0.0, bed_util_ads: 0.161, bed_util_des: 0.161, frac_lost: 0.010, li_recovered:  0.000
L: 1.30, u_super: 0.00087, sec: 13971.401, t_ads: 247.0, t_des: 1964.0, bed_util_ads: 0.090, bed_util_des: 0.087, frac_lost: 0.010, li_recovered:  0.278
L: 0.96, u_super: 0.00267, sec: 136444.562, t_ads: 63.0, t_des: 641.0, bed_util_ads: 0.097, bed_util_des: 0.096, frac_lost: 0.010, li_recovered:  0.088
L: 0.61, u_super: 0.00485, sec: 954406.438, t_ads: 24.0, t_des: 789.0, bed_util_ads: 0.067, bed_util_des: 0.066, frac_lost: 0.011, li_recovered:  0.050
L: 0.94, u_super: 0.00720, sec: 984880.188, t_ads: 25.0, t_des: 281.0, bed_util_ads: 0.106, bed_util_des: 0.105, frac_lost: 0.011, li_recovered:  0.041
L: 0.99, u_super: 0.00081, sec: inf, t_ads: 49.0, t_des: 0.0, bed_util_ads: 0.481, bed_util_des: 0.481, frac_lost: 0.010, li_recovered:  0.000
L: 0.73, u_super: 0.00124, sec: 20643.631, t_ads: 98.0, t_des: 306.0, bed_util_ads: 0.142, bed_util_des: 0.141, frac_lost: 0.010, li_recovered:  0.070
L: 1.12, u_super: 0.00611, sec: 617769.812, t_ads: 34.0, t_des: 283.0, bed_util_ads: 0.114, bed_util_des: 0.113, frac_lost: 0.011, li_recovered:  0.048
L: 1.53, u_super: 0.00100, sec: 64229.129, t_ads: 259.0, t_des: 10786.0, bed_util_ads: 0.045, bed_util_des: 0.039, frac_lost: 0.010, li_recovered:  0.407
L: 0.97, u_super: 0.00710, sec: 9780743.000, t_ads: 26.0, t_des: 4706.0, bed_util_ads: 0.030, bed_util_des: 0.029, frac_lost: 0.011, li_recovered:  0.062
L: 0.68, u_super: 0.00265, sec: 132024.781, t_ads: 46.0, t_des: 488.0, bed_util_ads: 0.099, bed_util_des: 0.098, frac_lost: 0.011, li_recovered:  0.068
L: 1.31, u_super: 0.00511, sec: 482333.906, t_ads: 46.0, t_des: 438.0, bed_util_ads: 0.103, bed_util_des: 0.102, frac_lost: 0.011, li_recovered:  0.065
L: 0.81, u_super: 0.00019, sec: 580.072, t_ads: 625.0, t_des: 2152.0, bed_util_ads: 0.098, bed_util_des: 0.093, frac_lost: 0.010, li_recovered:  0.384
L: 0.78, u_super: 0.00198, sec: 72003.727, t_ads: 69.0, t_des: 650.0, bed_util_ads: 0.098, bed_util_des: 0.097, frac_lost: 0.010, li_recovered:  0.093
L: 0.87, u_super: 0.00090, sec: 11348.144, t_ads: 157.0, t_des: 668.0, bed_util_ads: 0.120, bed_util_des: 0.118, frac_lost: 0.010, li_recovered:  0.138
L: 1.88, u_super: 0.00016, sec: inf, t_ads: 730.0, t_des: 0.0, bed_util_ads: 0.120, bed_util_des: 0.120, frac_lost: 0.010, li_recovered:  0.000
L: 0.87, u_super: 0.00114, sec: 29189.576, t_ads: 129.0, t_des: 1561.0, bed_util_ads: 0.083, bed_util_des: 0.081, frac_lost: 0.010, li_recovered:  0.177
L: 0.79, u_super: 0.00241, sec: 93581.500, t_ads: 58.0, t_des: 446.0, bed_util_ads: 0.110, bed_util_des: 0.109, frac_lost: 0.011, li_recovered:  0.075
L: 0.86, u_super: 0.00118, sec: 18745.418, t_ads: 120.0, t_des: 404.0, bed_util_ads: 0.135, bed_util_des: 0.134, frac_lost: 0.010, li_recovered:  0.092
L: 1.95, u_super: 0.00158, sec: 38946.965, t_ads: 201.0, t_des: 1119.0, bed_util_ads: 0.106, bed_util_des: 0.103, frac_lost: 0.010, li_recovered:  0.199
L: 0.74, u_super: 0.00424, sec: 256494.906, t_ads: 32.0, t_des: 191.0, bed_util_ads: 0.129, bed_util_des: 0.129, frac_lost: 0.011, li_recovered:  0.038
L: 0.63, u_super: 0.00670, sec: 687661.938, t_ads: 19.0, t_des: 50.0, bed_util_ads: 0.197, bed_util_des: 0.196, frac_lost: 0.012, li_recovered:  0.011
L: 0.77, u_super: 0.00018, sec: 661.243, t_ads: 539.0, t_des: 853.0, bed_util_ads: 0.120, bed_util_des: 0.117, frac_lost: 0.010, li_recovered:  0.167
L: 0.88, u_super: 0.00293, sec: 124331.352, t_ads: 53.0, t_des: 312.0, bed_util_ads: 0.122, bed_util_des: 0.122, frac_lost: 0.011, li_recovered:  0.061
L: 0.69, u_super: 0.00070, sec: 7074.777, t_ads: 156.0, t_des: 388.0, bed_util_ads: 0.143, bed_util_des: 0.142, frac_lost: 0.010, li_recovered:  0.089
L: 0.83, u_super: 0.00016, sec: inf, t_ads: 374.0, t_des: 0.0, bed_util_ads: 0.168, bed_util_des: 0.168, frac_lost: 0.010, li_recovered:  0.000
L: 0.82, u_super: 0.00185, sec: inf, t_ads: 72.0, t_des: 0.0, bed_util_ads: 0.210, bed_util_des: 0.210, frac_lost: 0.010, li_recovered:  0.000
L: 0.61, u_super: 0.00267, sec: 238313.250, t_ads: 41.0, t_des: 968.0, bed_util_ads: 0.071, bed_util_des: 0.070, frac_lost: 0.010, li_recovered:  0.073
L: 0.88, u_super: 0.00630, sec: 1035393.938, t_ads: 26.0, t_des: 50.0, bed_util_ads: 0.203, bed_util_des: 0.203, frac_lost: 0.011, li_recovered:  0.007
L: 0.72, u_super: 0.00224, sec: 71441.492, t_ads: 56.0, t_des: 311.0, bed_util_ads: 0.124, bed_util_des: 0.123, frac_lost: 0.010, li_recovered:  0.062
L: 1.81, u_super: 0.00119, sec: 20301.869, t_ads: 237.0, t_des: 778.0, bed_util_ads: 0.123, bed_util_des: 0.121, frac_lost: 0.010, li_recovered:  0.168
L: 1.27, u_super: 0.00316, sec: 153335.703, t_ads: 69.0, t_des: 432.0, bed_util_ads: 0.115, bed_util_des: 0.114, frac_lost: 0.010, li_recovered:  0.079
L: 0.69, u_super: 0.00143, sec: 35190.602, t_ads: 82.0, t_des: 660.0, bed_util_ads: 0.102, bed_util_des: 0.101, frac_lost: 0.010, li_recovered:  0.102
L: 0.61, u_super: 0.00263, sec: 111063.602, t_ads: 42.0, t_des: 335.0, bed_util_ads: 0.112, bed_util_des: 0.111, frac_lost: 0.011, li_recovered:  0.056
L: 0.84, u_super: 0.00015, sec: inf, t_ads: 607.0, t_des: 0.0, bed_util_ads: 0.125, bed_util_des: 0.125, frac_lost: 0.010, li_recovered:  0.000
L: 0.76, u_super: 0.00662, sec: 691033.500, t_ads: 22.0, t_des: 182.0, bed_util_ads: 0.122, bed_util_des: 0.121, frac_lost: 0.011, li_recovered:  0.033
     6 |      240 |           INF |  5.800720E+02
L: 1.83, u_super: 0.00145, sec: inf, t_ads: 178.0, t_des: 0.0, bed_util_ads: 0.183, bed_util_des: 0.183, frac_lost: 0.010, li_recovered:  0.000
L: 1.97, u_super: 0.00066, sec: 13238.866, t_ads: 495.0, t_des: 7220.0, bed_util_ads: 0.063, bed_util_des: 0.055, frac_lost: 0.010, li_recovered:  0.587
L: 1.76, u_super: 0.00411, sec: 296707.656, t_ads: 74.0, t_des: 602.0, bed_util_ads: 0.104, bed_util_des: 0.102, frac_lost: 0.010, li_recovered:  0.094
L: 0.61, u_super: 0.00748, sec: 1512146.625, t_ads: 17.0, t_des: 373.0, bed_util_ads: 0.088, bed_util_des: 0.088, frac_lost: 0.013, li_recovered:  0.037
L: 0.64, u_super: 0.00783, sec: 746537.625, t_ads: 17.0, t_des: 78.0, bed_util_ads: 0.166, bed_util_des: 0.166, frac_lost: 0.013, li_recovered:  0.020
L: 1.30, u_super: 0.00087, sec: 24916.498, t_ads: 253.0, t_des: 4797.0, bed_util_ads: 0.063, bed_util_des: 0.058, frac_lost: 0.010, li_recovered:  0.356
L: 0.90, u_super: 0.00267, sec: 137350.266, t_ads: 59.0, t_des: 596.0, bed_util_ads: 0.097, bed_util_des: 0.096, frac_lost: 0.010, li_recovered:  0.082
L: 1.16, u_super: 0.00485, sec: 340926.562, t_ads: 42.0, t_des: 119.0, bed_util_ads: 0.163, bed_util_des: 0.163, frac_lost: 0.010, li_recovered:  0.028
L: 1.95, u_super: 0.00308, sec: 154933.531, t_ads: 107.0, t_des: 727.0, bed_util_ads: 0.107, bed_util_des: 0.105, frac_lost: 0.010, li_recovered:  0.124
L: 0.68, u_super: 0.00167, sec: inf, t_ads: 43.0, t_des: 0.0, bed_util_ads: 0.482, bed_util_des: 0.482, frac_lost: 0.010, li_recovered:  0.000
L: 1.16, u_super: 0.00124, sec: 21625.717, t_ads: 150.0, t_des: 391.0, bed_util_ads: 0.142, bed_util_des: 0.141, frac_lost: 0.010, li_recovered:  0.090
L: 1.69, u_super: 0.00611, sec: 1178994.000, t_ads: 49.0, t_des: 982.0, bed_util_ads: 0.074, bed_util_des: 0.073, frac_lost: 0.010, li_recovered:  0.082
L: 0.86, u_super: 0.00100, sec: 75479.523, t_ads: 148.0, t_des: 8053.0, bed_util_ads: 0.042, bed_util_des: 0.039, frac_lost: 0.010, li_recovered:  0.257
L: 0.76, u_super: 0.00639, sec: 1163317.750, t_ads: 23.0, t_des: 482.0, bed_util_ads: 0.083, bed_util_des: 0.082, frac_lost: 0.011, li_recovered:  0.045
L: 1.43, u_super: 0.00265, sec: 171511.703, t_ads: 93.0, t_des: 1295.0, bed_util_ads: 0.081, bed_util_des: 0.079, frac_lost: 0.010, li_recovered:  0.136
L: 1.31, u_super: 0.00511, sec: 522164.594, t_ads: 46.0, t_des: 499.0, bed_util_ads: 0.097, bed_util_des: 0.097, frac_lost: 0.011, li_recovered:  0.068
L: 0.95, u_super: 0.00019, sec: 596.005, t_ads: 709.0, t_des: 2120.0, bed_util_ads: 0.098, bed_util_des: 0.093, frac_lost: 0.010, li_recovered:  0.381
L: 1.70, u_super: 0.00198, sec: 56455.859, t_ads: 142.0, t_des: 677.0, bed_util_ads: 0.118, bed_util_des: 0.116, frac_lost: 0.010, li_recovered:  0.135
L: 0.87, u_super: 0.00090, sec: 19405.148, t_ads: 163.0, t_des: 2128.0, bed_util_ads: 0.079, bed_util_des: 0.075, frac_lost: 0.010, li_recovered:  0.224
L: 1.88, u_super: 0.00274, sec: 144485.734, t_ads: 117.0, t_des: 1089.0, bed_util_ads: 0.094, bed_util_des: 0.092, frac_lost: 0.010, li_recovered:  0.151
L: 1.29, u_super: 0.00114, sec: 27772.379, t_ads: 189.0, t_des: 1986.0, bed_util_ads: 0.084, bed_util_des: 0.081, frac_lost: 0.010, li_recovered:  0.240
L: 0.79, u_super: 0.00015, sec: 438.318, t_ads: 671.0, t_des: 1048.0, bed_util_ads: 0.111, bed_util_des: 0.109, frac_lost: 0.010, li_recovered:  0.199
L: 0.86, u_super: 0.00118, sec: inf, t_ads: 93.0, t_des: 0.0, bed_util_ads: 0.293, bed_util_des: 0.293, frac_lost: 0.010, li_recovered:  0.000
L: 1.95, u_super: 0.00158, sec: 66511.000, t_ads: 184.0, t_des: 240.0, bed_util_ads: 0.162, bed_util_des: 0.162, frac_lost: 0.010, li_recovered:  0.037
L: 0.77, u_super: 0.00424, sec: 256780.672, t_ads: 33.0, t_des: 194.0, bed_util_ads: 0.129, bed_util_des: 0.129, frac_lost: 0.011, li_recovered:  0.039
L: 0.71, u_super: 0.00670, sec: 674621.312, t_ads: 21.0, t_des: 54.0, bed_util_ads: 0.195, bed_util_des: 0.195, frac_lost: 0.012, li_recovered:  0.013
L: 0.77, u_super: 0.00463, sec: 335829.438, t_ads: 31.0, t_des: 247.0, bed_util_ads: 0.118, bed_util_des: 0.117, frac_lost: 0.011, li_recovered:  0.044
L: 0.84, u_super: 0.00027, sec: 1118.603, t_ads: 459.0, t_des: 1419.0, bed_util_ads: 0.109, bed_util_des: 0.105, frac_lost: 0.010, li_recovered:  0.282
L: 0.68, u_super: 0.00111, sec: 16864.055, t_ads: 103.0, t_des: 441.0, bed_util_ads: 0.127, bed_util_des: 0.126, frac_lost: 0.010, li_recovered:  0.094
L: 0.83, u_super: 0.00378, sec: 3504519.750, t_ads: 40.0, t_des: 8883.0, bed_util_ads: 0.026, bed_util_des: 0.024, frac_lost: 0.011, li_recovered:  0.089
L: 1.57, u_super: 0.00185, sec: 81376.148, t_ads: 144.0, t_des: 1861.0, bed_util_ads: 0.080, bed_util_des: 0.077, frac_lost: 0.010, li_recovered:  0.200
L: 0.61, u_super: 0.00014, sec: inf, t_ads: 349.0, t_des: 0.0, bed_util_ads: 0.173, bed_util_des: 0.173, frac_lost: 0.010, li_recovered:  0.000
L: 0.75, u_super: 0.00630, sec: 562091.938, t_ads: 23.0, t_des: 150.0, bed_util_ads: 0.134, bed_util_des: 0.133, frac_lost: 0.012, li_recovered:  0.031
L: 0.86, u_super: 0.00224, sec: 77490.531, t_ads: 66.0, t_des: 438.0, bed_util_ads: 0.113, bed_util_des: 0.112, frac_lost: 0.010, li_recovered:  0.078
L: 1.81, u_super: 0.00119, sec: 27126.832, t_ads: 249.0, t_des: 2028.0, bed_util_ads: 0.089, bed_util_des: 0.086, frac_lost: 0.010, li_recovered:  0.282
L: 1.27, u_super: 0.00279, sec: 143416.516, t_ads: 78.0, t_des: 704.0, bed_util_ads: 0.098, bed_util_des: 0.097, frac_lost: 0.010, li_recovered:  0.102
L: 0.71, u_super: 0.00143, sec: 76519.094, t_ads: 86.0, t_des: 2181.0, bed_util_ads: 0.064, bed_util_des: 0.062, frac_lost: 0.010, li_recovered:  0.144
L: 0.70, u_super: 0.00263, sec: 241964.266, t_ads: 48.0, t_des: 1194.0, bed_util_ads: 0.068, bed_util_des: 0.067, frac_lost: 0.011, li_recovered:  0.085
L: 0.63, u_super: 0.00016, sec: 610.932, t_ads: 494.0, t_des: 616.0, bed_util_ads: 0.127, bed_util_des: 0.125, frac_lost: 0.010, li_recovered:  0.110
L: 1.26, u_super: 0.00018, sec: inf, t_ads: 687.0, t_des: 0.0, bed_util_ads: 0.121, bed_util_des: 0.121, frac_lost: 0.010, li_recovered:  0.000
     7 |      280 |           INF |  4.383182E+02
L: 1.83, u_super: 0.00277, sec: 154238.766, t_ads: 112.0, t_des: 1113.0, bed_util_ads: 0.091, bed_util_des: 0.089, frac_lost: 0.010, li_recovered:  0.147
L: 1.97, u_super: 0.00066, sec: 6985.004, t_ads: 424.0, t_des: 934.0, bed_util_ads: 0.120, bed_util_des: 0.118, frac_lost: 0.010, li_recovered:  0.196
L: 1.76, u_super: 0.00411, sec: 243307.000, t_ads: 73.0, t_des: 354.0, bed_util_ads: 0.126, bed_util_des: 0.125, frac_lost: 0.010, li_recovered:  0.073
L: 0.61, u_super: 0.00748, sec: 926711.625, t_ads: 17.0, t_des: 181.0, bed_util_ads: 0.120, bed_util_des: 0.119, frac_lost: 0.013, li_recovered:  0.031
L: 0.64, u_super: 0.00014, sec: inf, t_ads: 392.0, t_des: 0.0, bed_util_ads: 0.162, bed_util_des: 0.162, frac_lost: 0.010, li_recovered:  0.000
L: 1.35, u_super: 0.00014, sec: 427.858, t_ads: 1162.0, t_des: 2344.0, bed_util_ads: 0.090, bed_util_des: 0.085, frac_lost: 0.010, li_recovered:  0.381
L: 0.96, u_super: 0.00011, sec: 306.651, t_ads: 972.0, t_des: 1423.0, bed_util_ads: 0.099, bed_util_des: 0.096, frac_lost: 0.010, li_recovered:  0.237
L: 1.39, u_super: 0.00485, sec: 343566.875, t_ads: 50.0, t_des: 136.0, bed_util_ads: 0.163, bed_util_des: 0.163, frac_lost: 0.011, li_recovered:  0.032
L: 0.62, u_super: 0.00308, sec: 166842.078, t_ads: 36.0, t_des: 335.0, bed_util_ads: 0.106, bed_util_des: 0.105, frac_lost: 0.010, li_recovered:  0.051
L: 1.36, u_super: 0.00167, sec: inf, t_ads: 49.0, t_des: 0.0, bed_util_ads: 0.481, bed_util_des: 0.481, frac_lost: 0.010, li_recovered:  0.000
L: 0.73, u_super: 0.00124, sec: 26187.301, t_ads: 101.0, t_des: 812.0, bed_util_ads: 0.101, bed_util_des: 0.099, frac_lost: 0.010, li_recovered:  0.125
L: 1.69, u_super: 0.00611, sec: 717840.000, t_ads: 49.0, t_des: 478.0, bed_util_ads: 0.101, bed_util_des: 0.100, frac_lost: 0.010, li_recovered:  0.069
L: 1.53, u_super: 0.00013, sec: 600.870, t_ads: 1862.0, t_des: 16762.0, bed_util_ads: 0.056, bed_util_des: 0.039, frac_lost: 0.010, li_recovered:  1.224
L: 0.73, u_super: 0.00639, sec: 1172141.500, t_ads: 22.0, t_des: 459.0, bed_util_ads: 0.083, bed_util_des: 0.082, frac_lost: 0.011, li_recovered:  0.042
L: 1.43, u_super: 0.00190, sec: 62332.137, t_ads: 126.0, t_des: 948.0, bed_util_ads: 0.100, bed_util_des: 0.098, frac_lost: 0.010, li_recovered:  0.148
L: 1.31, u_super: 0.00106, sec: 40049.816, t_ads: 183.0, t_des: 206.0, bed_util_ads: 0.167, bed_util_des: 0.167, frac_lost: 0.010, li_recovered:  0.026
L: 0.81, u_super: 0.00255, sec: 131000.906, t_ads: 56.0, t_des: 631.0, bed_util_ads: 0.094, bed_util_des: 0.093, frac_lost: 0.011, li_recovered:  0.082
L: 1.70, u_super: 0.00198, sec: 55798.711, t_ads: 141.0, t_des: 621.0, bed_util_ads: 0.121, bed_util_des: 0.119, frac_lost: 0.010, li_recovered:  0.127
L: 1.19, u_super: 0.00090, sec: 14823.250, t_ads: 218.0, t_des: 1719.0, bed_util_ads: 0.092, bed_util_des: 0.089, frac_lost: 0.010, li_recovered:  0.248
L: 1.88, u_super: 0.00167, sec: 40827.641, t_ads: 183.0, t_des: 845.0, bed_util_ads: 0.115, bed_util_des: 0.113, frac_lost: 0.010, li_recovered:  0.167
L: 0.72, u_super: 0.00114, sec: 29831.594, t_ads: 108.0, t_des: 1392.0, bed_util_ads: 0.083, bed_util_des: 0.081, frac_lost: 0.010, li_recovered:  0.154
L: 0.79, u_super: 0.00010, sec: 501.162, t_ads: 819.0, t_des: 661.0, bed_util_ads: 0.110, bed_util_des: 0.109, frac_lost: 0.010, li_recovered:  0.072
L: 1.23, u_super: 0.00118, sec: 19447.146, t_ads: 165.0, t_des: 473.0, bed_util_ads: 0.136, bed_util_des: 0.134, frac_lost: 0.010, li_recovered:  0.107
L: 1.95, u_super: 0.00398, sec: 272444.938, t_ads: 84.0, t_des: 644.0, bed_util_ads: 0.105, bed_util_des: 0.103, frac_lost: 0.010, li_recovered:  0.104
L: 0.68, u_super: 0.00424, sec: 253775.125, t_ads: 30.0, t_des: 191.0, bed_util_ads: 0.129, bed_util_des: 0.129, frac_lost: 0.011, li_recovered:  0.038
L: 0.63, u_super: 0.00670, sec: 902067.875, t_ads: 19.0, t_des: 261.0, bed_util_ads: 0.103, bed_util_des: 0.103, frac_lost: 0.012, li_recovered:  0.035
L: 0.77, u_super: 0.00025, sec: 981.363, t_ads: 441.0, t_des: 1260.0, bed_util_ads: 0.112, bed_util_des: 0.109, frac_lost: 0.010, li_recovered:  0.257
L: 0.84, u_super: 0.00065, sec: 6386.927, t_ads: 210.0, t_des: 1087.0, bed_util_ads: 0.108, bed_util_des: 0.105, frac_lost: 0.010, li_recovered:  0.199
L: 0.69, u_super: 0.00011, sec: inf, t_ads: 536.0, t_des: 0.0, bed_util_ads: 0.139, bed_util_des: 0.139, frac_lost: 0.010, li_recovered:  0.000
L: 0.83, u_super: 0.00027, sec: inf, t_ads: 324.0, t_des: 0.0, bed_util_ads: 0.170, bed_util_des: 0.170, frac_lost: 0.010, li_recovered:  0.000
L: 0.82, u_super: 0.00013, sec: 325.210, t_ads: 906.0, t_des: 3717.0, bed_util_ads: 0.085, bed_util_des: 0.077, frac_lost: 0.010, li_recovered:  0.560
L: 0.62, u_super: 0.00267, sec: 117616.844, t_ads: 41.0, t_des: 93.0, bed_util_ads: 0.177, bed_util_des: 0.177, frac_lost: 0.010, li_recovered:  0.020
L: 0.75, u_super: 0.00630, sec: inf, t_ads: 22.0, t_des: 0.0, bed_util_ads: 0.302, bed_util_des: 0.302, frac_lost: 0.011, li_recovered:  0.000
L: 0.67, u_super: 0.00224, sec: 71417.094, t_ads: 53.0, t_des: 304.0, bed_util_ads: 0.124, bed_util_des: 0.123, frac_lost: 0.011, li_recovered:  0.060
L: 1.40, u_super: 0.00119, sec: 19977.262, t_ads: 188.0, t_des: 705.0, bed_util_ads: 0.123, bed_util_des: 0.121, frac_lost: 0.010, li_recovered:  0.150
L: 1.27, u_super: 0.00125, sec: 22305.266, t_ads: 166.0, t_des: 771.0, bed_util_ads: 0.116, bed_util_des: 0.114, frac_lost: 0.010, li_recovered:  0.153
L: 0.67, u_super: 0.00012, sec: 258.139, t_ads: 733.0, t_des: 1464.0, bed_util_ads: 0.105, bed_util_des: 0.101, frac_lost: 0.010, li_recovered:  0.277
L: 0.70, u_super: 0.00012, sec: 348.296, t_ads: 709.0, t_des: 833.0, bed_util_ads: 0.113, bed_util_des: 0.111, frac_lost: 0.010, li_recovered:  0.140
L: 1.41, u_super: 0.00016, sec: inf, t_ads: 696.0, t_des: 0.0, bed_util_ads: 0.123, bed_util_des: 0.123, frac_lost: 0.010, li_recovered:  0.000
L: 1.26, u_super: 0.00011, sec: inf, t_ads: 766.0, t_des: 0.0, bed_util_ads: 0.117, bed_util_des: 0.117, frac_lost: 0.010, li_recovered:  0.000
     8 |      320 |           INF |  2.581392E+02
L: 1.83, u_super: 0.00061, sec: 6266.427, t_ads: 463.0, t_des: 2322.0, bed_util_ads: 0.095, bed_util_des: 0.089, frac_lost: 0.010, li_recovered:  0.384
L: 1.97, u_super: 0.00066, sec: 6673.968, t_ads: 437.0, t_des: 1253.0, bed_util_ads: 0.112, bed_util_des: 0.109, frac_lost: 0.010, li_recovered:  0.255
L: 0.91, u_super: 0.00411, sec: 245364.906, t_ads: 40.0, t_des: 241.0, bed_util_ads: 0.125, bed_util_des: 0.125, frac_lost: 0.011, li_recovered:  0.047
L: 0.61, u_super: 0.00748, sec: 1628151.125, t_ads: 17.0, t_des: 412.0, bed_util_ads: 0.085, bed_util_des: 0.084, frac_lost: 0.013, li_recovered:  0.038
L: 0.64, u_super: 0.00011, sec: inf, t_ads: 405.0, t_des: 0.0, bed_util_ads: 0.162, bed_util_des: 0.162, frac_lost: 0.010, li_recovered:  0.000
L: 1.35, u_super: 0.00306, sec: 212429.219, t_ads: 76.0, t_des: 953.0, bed_util_ads: 0.086, bed_util_des: 0.085, frac_lost: 0.010, li_recovered:  0.109
L: 0.72, u_super: 0.00010, sec: 205.170, t_ads: 880.0, t_des: 1638.0, bed_util_ads: 0.100, bed_util_des: 0.096, frac_lost: 0.010, li_recovered:  0.294
L: 0.61, u_super: 0.00103, sec: 17516.014, t_ads: 96.0, t_des: 195.0, bed_util_ads: 0.163, bed_util_des: 0.163, frac_lost: 0.010, li_recovered:  0.042
L: 1.95, u_super: 0.00308, sec: 145565.484, t_ads: 106.0, t_des: 607.0, bed_util_ads: 0.114, bed_util_des: 0.112, frac_lost: 0.010, li_recovered:  0.113
L: 0.62, u_super: 0.00167, sec: inf, t_ads: 42.0, t_des: 0.0, bed_util_ads: 0.482, bed_util_des: 0.482, frac_lost: 0.010, li_recovered:  0.000
L: 0.73, u_super: 0.00124, sec: 29883.732, t_ads: 101.0, t_des: 1015.0, bed_util_ads: 0.092, bed_util_des: 0.090, frac_lost: 0.010, li_recovered:  0.134
L: 1.26, u_super: 0.00611, sec: 620117.812, t_ads: 37.0, t_des: 282.0, bed_util_ads: 0.114, bed_util_des: 0.113, frac_lost: 0.010, li_recovered:  0.048
L: 1.12, u_super: 0.00013, sec: 631.447, t_ads: 1389.0, t_des: 16554.0, bed_util_ads: 0.055, bed_util_des: 0.039, frac_lost: 0.010, li_recovered:  1.122
L: 0.65, u_super: 0.00639, sec: 596175.938, t_ads: 20.0, t_des: 54.0, bed_util_ads: 0.191, bed_util_des: 0.191, frac_lost: 0.012, li_recovered:  0.013
L: 1.43, u_super: 0.00190, sec: 55531.516, t_ads: 126.0, t_des: 750.0, bed_util_ads: 0.110, bed_util_des: 0.108, frac_lost: 0.010, li_recovered:  0.136
L: 0.60, u_super: 0.00106, sec: 19803.646, t_ads: 93.0, t_des: 177.0, bed_util_ads: 0.167, bed_util_des: 0.167, frac_lost: 0.010, li_recovered:  0.036
L: 1.30, u_super: 0.00019, sec: 663.537, t_ads: 892.0, t_des: 1867.0, bed_util_ads: 0.098, bed_util_des: 0.093, frac_lost: 0.010, li_recovered:  0.334
L: 0.93, u_super: 0.00198, sec: 56500.621, t_ads: 80.0, t_des: 432.0, bed_util_ads: 0.120, bed_util_des: 0.119, frac_lost: 0.010, li_recovered:  0.084
L: 0.87, u_super: 0.00194, sec: 54404.758, t_ads: 77.0, t_des: 432.0, bed_util_ads: 0.120, bed_util_des: 0.118, frac_lost: 0.010, li_recovered:  0.084
L: 1.88, u_super: 0.00167, sec: 40654.898, t_ads: 183.0, t_des: 833.0, bed_util_ads: 0.116, bed_util_des: 0.113, frac_lost: 0.010, li_recovered:  0.166
L: 0.62, u_super: 0.00114, sec: 30338.771, t_ads: 94.0, t_des: 1258.0, bed_util_ads: 0.083, bed_util_des: 0.081, frac_lost: 0.010, li_recovered:  0.136
L: 0.68, u_super: 0.00015, sec: 393.938, t_ads: 609.0, t_des: 1160.0, bed_util_ads: 0.112, bed_util_des: 0.109, frac_lost: 0.010, li_recovered:  0.228
L: 0.86, u_super: 0.00010, sec: inf, t_ads: 613.0, t_des: 0.0, bed_util_ads: 0.131, bed_util_des: 0.131, frac_lost: 0.010, li_recovered:  0.000
L: 1.95, u_super: 0.00040, sec: 2844.288, t_ads: 647.0, t_des: 1433.0, bed_util_ads: 0.107, bed_util_des: 0.103, frac_lost: 0.010, li_recovered:  0.277
L: 0.68, u_super: 0.00424, sec: 800499.625, t_ads: 30.0, t_des: 1065.0, bed_util_ads: 0.063, bed_util_des: 0.062, frac_lost: 0.011, li_recovered:  0.060
L: 0.63, u_super: 0.00670, sec: 1162537.250, t_ads: 19.0, t_des: 374.0, bed_util_ads: 0.089, bed_util_des: 0.088, frac_lost: 0.012, li_recovered:  0.038
L: 0.62, u_super: 0.00018, sec: 574.024, t_ads: 463.0, t_des: 937.0, bed_util_ads: 0.120, bed_util_des: 0.117, frac_lost: 0.010, li_recovered:  0.193
L: 0.84, u_super: 0.00010, sec: 413.340, t_ads: 867.0, t_des: 795.0, bed_util_ads: 0.107, bed_util_des: 0.105, frac_lost: 0.010, li_recovered:  0.102
L: 0.69, u_super: 0.00070, sec: 7055.675, t_ads: 156.0, t_des: 391.0, bed_util_ads: 0.143, bed_util_des: 0.142, frac_lost: 0.010, li_recovered:  0.090
L: 0.83, u_super: 0.00378, sec: 335601.938, t_ads: 40.0, t_des: 591.0, bed_util_ads: 0.088, bed_util_des: 0.087, frac_lost: 0.011, li_recovered:  0.065
L: 0.77, u_super: 0.00013, sec: 304.287, t_ads: 816.0, t_des: 2421.0, bed_util_ads: 0.095, bed_util_des: 0.089, frac_lost: 0.010, li_recovered:  0.419
L: 0.61, u_super: 0.00267, sec: 139361.406, t_ads: 41.0, t_des: 463.0, bed_util_ads: 0.097, bed_util_des: 0.096, frac_lost: 0.011, li_recovered:  0.062
L: 0.75, u_super: 0.00311, sec: 131447.062, t_ads: 43.0, t_des: 214.0, bed_util_ads: 0.134, bed_util_des: 0.133, frac_lost: 0.011, li_recovered:  0.046
L: 0.70, u_super: 0.00218, sec: 67753.109, t_ads: 56.0, t_des: 309.0, bed_util_ads: 0.124, bed_util_des: 0.123, frac_lost: 0.010, li_recovered:  0.061
L: 1.40, u_super: 0.00011, sec: inf, t_ads: 775.0, t_des: 0.0, bed_util_ads: 0.117, bed_util_des: 0.117, frac_lost: 0.010, li_recovered:  0.000
L: 0.78, u_super: 0.00125, sec: 22672.641, t_ads: 105.0, t_des: 580.0, bed_util_ads: 0.116, bed_util_des: 0.114, frac_lost: 0.010, li_recovered:  0.110
L: 0.67, u_super: 0.00011, sec: 243.045, t_ads: 754.0, t_des: 1420.0, bed_util_ads: 0.105, bed_util_des: 0.101, frac_lost: 0.010, li_recovered:  0.267
L: 0.70, u_super: 0.00212, sec: 70410.047, t_ads: 58.0, t_des: 414.0, bed_util_ads: 0.112, bed_util_des: 0.111, frac_lost: 0.010, li_recovered:  0.072
L: 0.63, u_super: 0.00353, sec: 182050.000, t_ads: 32.0, t_des: 197.0, bed_util_ads: 0.126, bed_util_des: 0.125, frac_lost: 0.010, li_recovered:  0.038
L: 1.26, u_super: 0.00662, sec: 836198.000, t_ads: 35.0, t_des: 362.0, bed_util_ads: 0.103, bed_util_des: 0.102, frac_lost: 0.011, li_recovered:  0.053
     9 |      360 |           INF |  2.051696E+02
L: 1.83, u_super: 0.00013, sec: inf, t_ads: 921.0, t_des: 0.0, bed_util_ads: 0.107, bed_util_des: 0.107, frac_lost: 0.010, li_recovered:  0.000
L: 1.97, u_super: 0.00089, sec: 11731.912, t_ads: 339.0, t_des: 1206.0, bed_util_ads: 0.112, bed_util_des: 0.109, frac_lost: 0.010, li_recovered:  0.244
L: 1.76, u_super: 0.00066, sec: 7207.138, t_ads: 377.0, t_des: 747.0, bed_util_ads: 0.127, bed_util_des: 0.125, frac_lost: 0.010, li_recovered:  0.158
L: 0.61, u_super: 0.00748, sec: 946697.438, t_ads: 17.0, t_des: 188.0, bed_util_ads: 0.118, bed_util_des: 0.117, frac_lost: 0.013, li_recovered:  0.031
L: 0.81, u_super: 0.00783, sec: 820558.562, t_ads: 20.0, t_des: 76.0, bed_util_ads: 0.166, bed_util_des: 0.166, frac_lost: 0.011, li_recovered:  0.018
L: 0.70, u_super: 0.00014, sec: 491.528, t_ads: 600.0, t_des: 708.0, bed_util_ads: 0.119, bed_util_des: 0.118, frac_lost: 0.010, li_recovered:  0.124
L: 0.72, u_super: 0.00069, sec: 8163.501, t_ads: 172.0, t_des: 1247.0, bed_util_ads: 0.098, bed_util_des: 0.096, frac_lost: 0.010, li_recovered:  0.195
L: 0.80, u_super: 0.00103, sec: 15461.934, t_ads: 129.0, t_des: 664.0, bed_util_ads: 0.116, bed_util_des: 0.114, frac_lost: 0.010, li_recovered:  0.129
L: 1.95, u_super: 0.00308, sec: 135996.609, t_ads: 106.0, t_des: 504.0, bed_util_ads: 0.122, bed_util_des: 0.121, frac_lost: 0.010, li_recovered:  0.103
L: 0.99, u_super: 0.00167, sec: 53389.500, t_ads: 101.0, t_des: 969.0, bed_util_ads: 0.094, bed_util_des: 0.092, frac_lost: 0.010, li_recovered:  0.133
L: 0.73, u_super: 0.00124, sec: 28420.480, t_ads: 101.0, t_des: 936.0, bed_util_ads: 0.095, bed_util_des: 0.093, frac_lost: 0.010, li_recovered:  0.131
L: 1.69, u_super: 0.00611, sec: 633768.188, t_ads: 49.0, t_des: 381.0, bed_util_ads: 0.111, bed_util_des: 0.110, frac_lost: 0.010, li_recovered:  0.064
L: 1.53, u_super: 0.00292, sec: 734192.938, t_ads: 91.0, t_des: 5902.0, bed_util_ads: 0.041, bed_util_des: 0.039, frac_lost: 0.010, li_recovered:  0.168
L: 0.65, u_super: 0.00639, sec: 913459.375, t_ads: 20.0, t_des: 308.0, bed_util_ads: 0.096, bed_util_des: 0.096, frac_lost: 0.011, li_recovered:  0.037
L: 1.43, u_super: 0.00190, sec: 50117.762, t_ads: 124.0, t_des: 507.0, bed_util_ads: 0.126, bed_util_des: 0.124, frac_lost: 0.010, li_recovered:  0.108
L: 0.60, u_super: 0.00106, sec: 28210.996, t_ads: 98.0, t_des: 1455.0, bed_util_ads: 0.079, bed_util_des: 0.077, frac_lost: 0.010, li_recovered:  0.146
L: 0.81, u_super: 0.00010, sec: 213.489, t_ads: 971.0, t_des: 1711.0, bed_util_ads: 0.097, bed_util_des: 0.093, frac_lost: 0.010, li_recovered:  0.296
L: 0.71, u_super: 0.00198, sec: 56859.348, t_ads: 62.0, t_des: 366.0, bed_util_ads: 0.120, bed_util_des: 0.119, frac_lost: 0.010, li_recovered:  0.070
L: 0.87, u_super: 0.00090, sec: 15151.247, t_ads: 161.0, t_des: 1403.0, bed_util_ads: 0.092, bed_util_des: 0.089, frac_lost: 0.010, li_recovered:  0.196
L: 1.88, u_super: 0.00167, sec: 39716.387, t_ads: 181.0, t_des: 710.0, bed_util_ads: 0.121, bed_util_des: 0.119, frac_lost: 0.010, li_recovered:  0.149
L: 1.29, u_super: 0.00114, sec: 31044.920, t_ads: 190.0, t_des: 2377.0, bed_util_ads: 0.078, bed_util_des: 0.075, frac_lost: 0.010, li_recovered:  0.253
L: 0.68, u_super: 0.00012, sec: 601.018, t_ads: 981.0, t_des: 18338.0, bed_util_ads: 0.050, bed_util_des: 0.036, frac_lost: 0.010, li_recovered:  0.996
L: 0.86, u_super: 0.00118, sec: 39689.211, t_ads: 125.0, t_des: 2154.0, bed_util_ads: 0.072, bed_util_des: 0.070, frac_lost: 0.010, li_recovered:  0.188
L: 1.83, u_super: 0.00094, sec: 12901.452, t_ads: 295.0, t_des: 858.0, bed_util_ads: 0.122, bed_util_des: 0.120, frac_lost: 0.010, li_recovered:  0.186
L: 0.68, u_super: 0.00010, sec: inf, t_ads: 629.0, t_des: 0.0, bed_util_ads: 0.127, bed_util_des: 0.127, frac_lost: 0.010, li_recovered:  0.000
L: 0.63, u_super: 0.00010, sec: 201.546, t_ads: 932.0, t_des: 4475.0, bed_util_ads: 0.081, bed_util_des: 0.072, frac_lost: 0.010, li_recovered:  0.624
L: 1.28, u_super: 0.00018, sec: 795.818, t_ads: 1056.0, t_des: 6781.0, bed_util_ads: 0.072, bed_util_des: 0.061, frac_lost: 0.010, li_recovered:  0.779
L: 0.70, u_super: 0.00010, sec: 191.308, t_ads: 896.0, t_des: 1983.0, bed_util_ads: 0.097, bed_util_des: 0.092, frac_lost: 0.010, li_recovered:  0.353
L: 1.35, u_super: 0.00070, sec: 9320.267, t_ads: 275.0, t_des: 441.0, bed_util_ads: 0.143, bed_util_des: 0.142, frac_lost: 0.010, li_recovered:  0.089
L: 1.22, u_super: 0.00280, sec: 149670.703, t_ads: 72.0, t_des: 136.0, bed_util_ads: 0.172, bed_util_des: 0.172, frac_lost: 0.010, li_recovered:  0.026
L: 0.63, u_super: 0.00013, sec: 294.220, t_ads: 696.0, t_des: 2500.0, bed_util_ads: 0.095, bed_util_des: 0.089, frac_lost: 0.010, li_recovered:  0.428
L: 0.67, u_super: 0.00050, sec: inf, t_ads: 190.0, t_des: 0.0, bed_util_ads: 0.177, bed_util_des: 0.177, frac_lost: 0.010, li_recovered:  0.000
L: 0.70, u_super: 0.00311, sec: 132601.703, t_ads: 40.0, t_des: 198.0, bed_util_ads: 0.134, bed_util_des: 0.133, frac_lost: 0.010, li_recovered:  0.042
L: 0.70, u_super: 0.00010, sec: inf, t_ads: 679.0, t_des: 0.0, bed_util_ads: 0.122, bed_util_des: 0.122, frac_lost: 0.010, li_recovered:  0.000
L: 1.40, u_super: 0.00119, sec: 50080.523, t_ads: 198.0, t_des: 4163.0, bed_util_ads: 0.063, bed_util_des: 0.058, frac_lost: 0.010, li_recovered:  0.292
L: 1.27, u_super: 0.00125, sec: 23490.223, t_ads: 167.0, t_des: 910.0, bed_util_ads: 0.110, bed_util_des: 0.107, frac_lost: 0.010, li_recovered:  0.167
L: 0.67, u_super: 0.00011, sec: 550.657, t_ads: 664.0, t_des: 558.0, bed_util_ads: 0.119, bed_util_des: 0.118, frac_lost: 0.010, li_recovered:  0.066
L: 0.70, u_super: 0.00012, sec: 248.048, t_ads: 788.0, t_des: 1752.0, bed_util_ads: 0.101, bed_util_des: 0.096, frac_lost: 0.010, li_recovered:  0.323
L: 0.63, u_super: 0.00098, sec: 13044.469, t_ads: 107.0, t_des: 457.0, bed_util_ads: 0.127, bed_util_des: 0.125, frac_lost: 0.010, li_recovered:  0.097
L: 1.26, u_super: 0.00662, sec: 3944232.000, t_ads: 35.0, t_des: 2572.0, bed_util_ads: 0.044, bed_util_des: 0.043, frac_lost: 0.010, li_recovered:  0.073
    10 |      400 |  1.200285E+05 |  1.913081E+02
L: 1.19, u_super: 0.00061, sec: 6454.664, t_ads: 314.0, t_des: 2035.0, bed_util_ads: 0.094, bed_util_des: 0.089, frac_lost: 0.010, li_recovered:  0.314
L: 1.97, u_super: 0.00066, sec: 6681.998, t_ads: 443.0, t_des: 1436.0, bed_util_ads: 0.109, bed_util_des: 0.105, frac_lost: 0.010, li_recovered:  0.283
L: 1.76, u_super: 0.00066, sec: 15124.817, t_ads: 443.0, t_des: 7894.0, bed_util_ads: 0.059, bed_util_des: 0.052, frac_lost: 0.010, li_recovered:  0.560
L: 0.72, u_super: 0.00010, sec: inf, t_ads: 711.0, t_des: 0.0, bed_util_ads: 0.119, bed_util_des: 0.119, frac_lost: 0.010, li_recovered:  0.000
L: 0.66, u_super: 0.00783, sec: 778565.938, t_ads: 17.0, t_des: 73.0, bed_util_ads: 0.166, bed_util_des: 0.166, frac_lost: 0.012, li_recovered:  0.018
L: 1.35, u_super: 0.00019, sec: 664.630, t_ads: 961.0, t_des: 2693.0, bed_util_ads: 0.091, bed_util_des: 0.085, frac_lost: 0.010, li_recovered:  0.450
L: 0.61, u_super: 0.00010, sec: 187.974, t_ads: 791.0, t_des: 1793.0, bed_util_ads: 0.100, bed_util_des: 0.096, frac_lost: 0.010, li_recovered:  0.330
L: 0.70, u_super: 0.00103, sec: 15545.469, t_ads: 114.0, t_des: 613.0, bed_util_ads: 0.116, bed_util_des: 0.114, frac_lost: 0.010, li_recovered:  0.117
L: 0.78, u_super: 0.00308, sec: 139757.219, t_ads: 45.0, t_des: 283.0, bed_util_ads: 0.122, bed_util_des: 0.121, frac_lost: 0.011, li_recovered:  0.054
L: 1.03, u_super: 0.00167, sec: 53210.332, t_ads: 105.0, t_des: 992.0, bed_util_ads: 0.094, bed_util_des: 0.092, frac_lost: 0.010, li_recovered:  0.137
L: 0.73, u_super: 0.00124, sec: 35373.961, t_ads: 102.0, t_des: 1351.0, bed_util_ads: 0.083, bed_util_des: 0.081, frac_lost: 0.010, li_recovered:  0.148
L: 1.69, u_super: 0.00010, sec: inf, t_ads: 888.0, t_des: 0.0, bed_util_ads: 0.109, bed_util_des: 0.109, frac_lost: 0.010, li_recovered:  0.000
L: 1.53, u_super: 0.00013, sec: 430.325, t_ads: 1321.0, t_des: 2088.0, bed_util_ads: 0.088, bed_util_des: 0.084, frac_lost: 0.010, li_recovered:  0.313
L: 0.65, u_super: 0.00639, sec: 1256888.625, t_ads: 20.0, t_des: 474.0, bed_util_ads: 0.080, bed_util_des: 0.079, frac_lost: 0.011, li_recovered:  0.040
L: 1.28, u_super: 0.00190, sec: 301439.000, t_ads: 106.0, t_des: 109.0, bed_util_ads: 0.186, bed_util_des: 0.186, frac_lost: 0.010, li_recovered:  0.006
L: 0.60, u_super: 0.00106, sec: 20849.424, t_ads: 97.0, t_des: 894.0, bed_util_ads: 0.096, bed_util_des: 0.094, frac_lost: 0.010, li_recovered:  0.126
L: 0.81, u_super: 0.00010, sec: 602.093, t_ads: 833.0, t_des: 609.0, bed_util_ads: 0.109, bed_util_des: 0.109, frac_lost: 0.010, li_recovered:  0.056
L: 1.70, u_super: 0.00198, sec: 67131.445, t_ads: 144.0, t_des: 1065.0, bed_util_ads: 0.100, bed_util_des: 0.098, frac_lost: 0.010, li_recovered:  0.168
L: 0.87, u_super: 0.00090, sec: 30242.346, t_ads: 164.0, t_des: 3863.0, bed_util_ads: 0.061, bed_util_des: 0.057, frac_lost: 0.010, li_recovered:  0.252
L: 0.66, u_super: 0.00167, sec: 40256.531, t_ads: 68.0, t_des: 389.0, bed_util_ads: 0.120, bed_util_des: 0.119, frac_lost: 0.010, li_recovered:  0.075
L: 0.64, u_super: 0.00114, sec: 30224.066, t_ads: 97.0, t_des: 1293.0, bed_util_ads: 0.083, bed_util_des: 0.081, frac_lost: 0.010, li_recovered:  0.141
L: 0.68, u_super: 0.00103, sec: 16256.401, t_ads: 112.0, t_des: 693.0, bed_util_ads: 0.110, bed_util_des: 0.109, frac_lost: 0.010, li_recovered:  0.124
L: 0.86, u_super: 0.00118, sec: 18779.584, t_ads: 120.0, t_des: 422.0, bed_util_ads: 0.133, bed_util_des: 0.132, frac_lost: 0.010, li_recovered:  0.095
L: 1.95, u_super: 0.00040, sec: 5925.360, t_ads: 794.0, t_des: 12326.0, bed_util_ads: 0.056, bed_util_des: 0.044, frac_lost: 0.010, li_recovered:  0.839
L: 0.68, u_super: 0.00424, sec: 291827.562, t_ads: 30.0, t_des: 260.0, bed_util_ads: 0.114, bed_util_des: 0.114, frac_lost: 0.011, li_recovered:  0.044
L: 0.63, u_super: 0.00074, sec: 14306.837, t_ads: 145.0, t_des: 2157.0, bed_util_ads: 0.075, bed_util_des: 0.072, frac_lost: 0.010, li_recovered:  0.207
L: 0.62, u_super: 0.00039, sec: 2199.446, t_ads: 246.0, t_des: 863.0, bed_util_ads: 0.120, bed_util_des: 0.117, frac_lost: 0.010, li_recovered:  0.182
L: 0.70, u_super: 0.00056, sec: 5449.407, t_ads: 207.0, t_des: 1545.0, bed_util_ads: 0.095, bed_util_des: 0.092, frac_lost: 0.010, li_recovered:  0.233
L: 0.67, u_super: 0.00070, sec: 7065.203, t_ads: 151.0, t_des: 381.0, bed_util_ads: 0.143, bed_util_des: 0.142, frac_lost: 0.010, li_recovered:  0.087
L: 1.22, u_super: 0.00010, sec: inf, t_ads: 384.0, t_des: 0.0, bed_util_ads: 0.167, bed_util_des: 0.167, frac_lost: 0.010, li_recovered:  0.000
L: 0.65, u_super: 0.00013, sec: 295.511, t_ads: 711.0, t_des: 2491.0, bed_util_ads: 0.095, bed_util_des: 0.089, frac_lost: 0.010, li_recovered:  0.427
L: 0.61, u_super: 0.00267, sec: 123090.258, t_ads: 40.0, t_des: 88.0, bed_util_ads: 0.177, bed_util_des: 0.177, frac_lost: 0.010, li_recovered:  0.018
L: 0.72, u_super: 0.00311, sec: 132860.406, t_ads: 41.0, t_des: 202.0, bed_util_ads: 0.134, bed_util_des: 0.133, frac_lost: 0.010, li_recovered:  0.043
L: 0.63, u_super: 0.00218, sec: 67903.984, t_ads: 51.0, t_des: 292.0, bed_util_ads: 0.124, bed_util_des: 0.123, frac_lost: 0.010, li_recovered:  0.057
L: 1.40, u_super: 0.00010, sec: inf, t_ads: 779.0, t_des: 0.0, bed_util_ads: 0.116, bed_util_des: 0.116, frac_lost: 0.010, li_recovered:  0.000
L: 0.65, u_super: 0.00125, sec: 22847.877, t_ads: 89.0, t_des: 519.0, bed_util_ads: 0.116, bed_util_des: 0.114, frac_lost: 0.010, li_recovered:  0.097
L: 0.69, u_super: 0.00011, sec: 246.351, t_ads: 766.0, t_des: 1401.0, bed_util_ads: 0.105, bed_util_des: 0.101, frac_lost: 0.010, li_recovered:  0.263
L: 0.70, u_super: 0.00010, sec: 199.935, t_ads: 871.0, t_des: 1609.0, bed_util_ads: 0.100, bed_util_des: 0.096, frac_lost: 0.010, li_recovered:  0.290
L: 0.63, u_super: 0.00016, sec: 479.836, t_ads: 595.0, t_des: 3281.0, bed_util_ads: 0.087, bed_util_des: 0.080, frac_lost: 0.010, li_recovered:  0.487
L: 0.67, u_super: 0.00662, sec: 690292.875, t_ads: 20.0, t_des: 180.0, bed_util_ads: 0.121, bed_util_des: 0.121, frac_lost: 0.012, li_recovered:  0.032
    11 |      440 |  1.200148E+05 |  1.879739E+02
L: 0.65, u_super: 0.00061, sec: 6855.729, t_ads: 178.0, t_des: 1508.0, bed_util_ads: 0.092, bed_util_des: 0.089, frac_lost: 0.010, li_recovered:  0.212
L: 1.97, u_super: 0.00010, sec: inf, t_ads: 964.0, t_des: 0.0, bed_util_ads: 0.104, bed_util_des: 0.104, frac_lost: 0.010, li_recovered:  0.000
L: 1.76, u_super: 0.00066, sec: 6610.318, t_ads: 390.0, t_des: 1039.0, bed_util_ads: 0.118, bed_util_des: 0.115, frac_lost: 0.010, li_recovered:  0.219
L: 0.82, u_super: 0.00748, sec: 1715805.625, t_ads: 21.0, t_des: 465.0, bed_util_ads: 0.081, bed_util_des: 0.080, frac_lost: 0.011, li_recovered:  0.041
L: 0.64, u_super: 0.00010, sec: inf, t_ads: 408.0, t_des: 0.0, bed_util_ads: 0.161, bed_util_des: 0.161, frac_lost: 0.010, li_recovered:  0.000
L: 0.61, u_super: 0.00014, sec: 352.742, t_ads: 644.0, t_des: 2861.0, bed_util_ads: 0.091, bed_util_des: 0.085, frac_lost: 0.010, li_recovered:  0.462
L: 0.83, u_super: 0.00010, sec: 679.513, t_ads: 844.0, t_des: 592.0, bed_util_ads: 0.109, bed_util_des: 0.108, frac_lost: 0.010, li_recovered:  0.051
L: 0.61, u_super: 0.00103, sec: 15687.600, t_ads: 99.0, t_des: 551.0, bed_util_ads: 0.115, bed_util_des: 0.114, frac_lost: 0.010, li_recovered:  0.104
L: 1.95, u_super: 0.00010, sec: inf, t_ads: 783.0, t_des: 0.0, bed_util_ads: 0.116, bed_util_des: 0.116, frac_lost: 0.010, li_recovered:  0.000
L: 1.24, u_super: 0.00167, sec: 52286.297, t_ads: 125.0, t_des: 1113.0, bed_util_ads: 0.094, bed_util_des: 0.092, frac_lost: 0.010, li_recovered:  0.157
L: 0.73, u_super: 0.00054, sec: 4504.758, t_ads: 206.0, t_des: 442.0, bed_util_ads: 0.142, bed_util_des: 0.141, frac_lost: 0.010, li_recovered:  0.099
L: 0.65, u_super: 0.00111, sec: 18244.762, t_ads: 99.0, t_des: 569.0, bed_util_ads: 0.115, bed_util_des: 0.113, frac_lost: 0.010, li_recovered:  0.106
L: 1.45, u_super: 0.00010, sec: 360.098, t_ads: 1448.0, t_des: 1553.0, bed_util_ads: 0.086, bed_util_des: 0.084, frac_lost: 0.010, li_recovered:  0.196
L: 0.65, u_super: 0.00036, sec: inf, t_ads: 226.0, t_des: 0.0, bed_util_ads: 0.189, bed_util_des: 0.189, frac_lost: 0.010, li_recovered:  0.000
L: 1.29, u_super: 0.00010, sec: inf, t_ads: 731.0, t_des: 0.0, bed_util_ads: 0.120, bed_util_des: 0.120, frac_lost: 0.010, li_recovered:  0.000
L: 0.60, u_super: 0.00284, sec: 112577.820, t_ads: 38.0, t_des: 107.0, bed_util_ads: 0.167, bed_util_des: 0.167, frac_lost: 0.011, li_recovered:  0.025
L: 0.60, u_super: 0.00010, sec: 182.047, t_ads: 800.0, t_des: 2020.0, bed_util_ads: 0.098, bed_util_des: 0.093, frac_lost: 0.010, li_recovered:  0.365
L: 0.61, u_super: 0.00198, sec: 57464.582, t_ads: 54.0, t_des: 329.0, bed_util_ads: 0.120, bed_util_des: 0.119, frac_lost: 0.010, li_recovered:  0.062
L: 0.89, u_super: 0.00090, sec: 13434.976, t_ads: 164.0, t_des: 1123.0, bed_util_ads: 0.101, bed_util_des: 0.098, frac_lost: 0.010, li_recovered:  0.182
L: 1.88, u_super: 0.00167, sec: 40753.055, t_ads: 177.0, t_des: 435.0, bed_util_ads: 0.141, bed_util_des: 0.140, frac_lost: 0.010, li_recovered:  0.099
L: 1.29, u_super: 0.00117, sec: 29525.418, t_ads: 184.0, t_des: 1958.0, bed_util_ads: 0.084, bed_util_des: 0.081, frac_lost: 0.010, li_recovered:  0.235
L: 0.61, u_super: 0.00015, sec: 371.424, t_ads: 560.0, t_des: 1221.0, bed_util_ads: 0.112, bed_util_des: 0.109, frac_lost: 0.010, li_recovered:  0.243
L: 0.86, u_super: 0.00118, sec: 42692.402, t_ads: 125.0, t_des: 2370.0, bed_util_ads: 0.069, bed_util_des: 0.067, frac_lost: 0.010, li_recovered:  0.191
L: 1.95, u_super: 0.00040, sec: 2823.995, t_ads: 693.0, t_des: 2463.0, bed_util_ads: 0.095, bed_util_des: 0.089, frac_lost: 0.010, li_recovered:  0.423
L: 0.68, u_super: 0.00010, sec: inf, t_ads: 627.0, t_des: 0.0, bed_util_ads: 0.127, bed_util_des: 0.127, frac_lost: 0.010, li_recovered:  0.000
L: 0.89, u_super: 0.00232, sec: 158188.438, t_ads: 68.0, t_des: 1303.0, bed_util_ads: 0.074, bed_util_des: 0.072, frac_lost: 0.011, li_recovered:  0.111
L: 0.62, u_super: 0.00010, sec: 520.505, t_ads: 682.0, t_des: 525.0, bed_util_ads: 0.118, bed_util_des: 0.117, frac_lost: 0.010, li_recovered:  0.054
L: 0.61, u_super: 0.00010, sec: 183.030, t_ads: 842.0, t_des: 2640.0, bed_util_ads: 0.093, bed_util_des: 0.086, frac_lost: 0.010, li_recovered:  0.447
L: 0.69, u_super: 0.00070, sec: 13061.643, t_ads: 166.0, t_des: 2461.0, bed_util_ads: 0.074, bed_util_des: 0.071, frac_lost: 0.010, li_recovered:  0.233
L: 1.22, u_super: 0.00010, sec: inf, t_ads: 384.0, t_des: 0.0, bed_util_ads: 0.167, bed_util_des: 0.167, frac_lost: 0.010, li_recovered:  0.000
L: 0.65, u_super: 0.00012, sec: 272.426, t_ads: 736.0, t_des: 2485.0, bed_util_ads: 0.095, bed_util_des: 0.089, frac_lost: 0.010, li_recovered:  0.427
L: 0.61, u_super: 0.00267, sec: 121207.070, t_ads: 40.0, t_des: 89.0, bed_util_ads: 0.177, bed_util_des: 0.177, frac_lost: 0.010, li_recovered:  0.018
L: 0.75, u_super: 0.00010, sec: inf, t_ads: 610.0, t_des: 0.0, bed_util_ads: 0.131, bed_util_des: 0.131, frac_lost: 0.010, li_recovered:  0.000
L: 0.70, u_super: 0.00218, sec: 70315.305, t_ads: 56.0, t_des: 341.0, bed_util_ads: 0.119, bed_util_des: 0.118, frac_lost: 0.010, li_recovered:  0.064
L: 0.68, u_super: 0.00010, sec: inf, t_ads: 684.0, t_des: 0.0, bed_util_ads: 0.120, bed_util_des: 0.120, frac_lost: 0.010, li_recovered:  0.000
L: 1.27, u_super: 0.00125, sec: 39204.000, t_ads: 171.0, t_des: 2355.0, bed_util_ads: 0.076, bed_util_des: 0.073, frac_lost: 0.010, li_recovered:  0.235
L: 0.67, u_super: 0.00010, sec: 212.217, t_ads: 810.0, t_des: 1316.0, bed_util_ads: 0.104, bed_util_des: 0.101, frac_lost: 0.010, li_recovered:  0.240
L: 0.70, u_super: 0.00010, sec: 191.605, t_ads: 969.0, t_des: 3264.0, bed_util_ads: 0.088, bed_util_des: 0.080, frac_lost: 0.010, li_recovered:  0.517
L: 0.91, u_super: 0.00016, sec: 483.290, t_ads: 818.0, t_des: 3388.0, bed_util_ads: 0.087, bed_util_des: 0.080, frac_lost: 0.010, li_recovered:  0.525
L: 1.26, u_super: 0.00038, sec: 2570.351, t_ads: 452.0, t_des: 811.0, bed_util_ads: 0.123, bed_util_des: 0.121, frac_lost: 0.010, li_recovered:  0.165
    12 |      480 |  8.793209E+04 |  1.820475E+02
L: 0.73, u_super: 0.00061, sec: 6778.711, t_ads: 198.0, t_des: 1610.0, bed_util_ads: 0.092, bed_util_des: 0.089, frac_lost: 0.010, li_recovered:  0.230
L: 1.97, u_super: 0.00066, sec: 9990.451, t_ads: 398.0, t_des: 519.0, bed_util_ads: 0.135, bed_util_des: 0.133, frac_lost: 0.010, li_recovered:  0.092
L: 1.76, u_super: 0.00010, sec: inf, t_ads: 867.0, t_des: 0.0, bed_util_ads: 0.110, bed_util_des: 0.110, frac_lost: 0.010, li_recovered:  0.000
L: 0.61, u_super: 0.00040, sec: 2290.830, t_ads: 237.0, t_des: 806.0, bed_util_ads: 0.122, bed_util_des: 0.119, frac_lost: 0.010, li_recovered:  0.172
L: 0.60, u_super: 0.00783, sec: 750739.438, t_ads: 16.0, t_des: 75.0, bed_util_ads: 0.166, bed_util_des: 0.166, frac_lost: 0.013, li_recovered:  0.019
L: 0.61, u_super: 0.00010, sec: 182.775, t_ads: 853.0, t_des: 2820.0, bed_util_ads: 0.091, bed_util_des: 0.085, frac_lost: 0.010, li_recovered:  0.468
L: 0.86, u_super: 0.00010, sec: inf, t_ads: 556.0, t_des: 0.0, bed_util_ads: 0.138, bed_util_des: 0.138, frac_lost: 0.010, li_recovered:  0.000
L: 0.61, u_super: 0.00103, sec: 15675.484, t_ads: 100.0, t_des: 556.0, bed_util_ads: 0.115, bed_util_des: 0.114, frac_lost: 0.010, li_recovered:  0.105
L: 1.95, u_super: 0.00022, sec: inf, t_ads: 739.0, t_des: 0.0, bed_util_ads: 0.119, bed_util_des: 0.119, frac_lost: 0.010, li_recovered:  0.000
L: 0.60, u_super: 0.00167, sec: 55729.051, t_ads: 63.0, t_des: 693.0, bed_util_ads: 0.094, bed_util_des: 0.092, frac_lost: 0.010, li_recovered:  0.090
L: 1.22, u_super: 0.00054, sec: 6271.420, t_ads: 314.0, t_des: 446.0, bed_util_ads: 0.142, bed_util_des: 0.141, frac_lost: 0.010, li_recovered:  0.083
L: 0.65, u_super: 0.00012, sec: 344.982, t_ads: 642.0, t_des: 846.0, bed_util_ads: 0.115, bed_util_des: 0.113, frac_lost: 0.010, li_recovered:  0.155
L: 1.45, u_super: 0.00010, sec: 278.179, t_ads: 2082.0, t_des: 9794.0, bed_util_ads: 0.065, bed_util_des: 0.051, frac_lost: 0.010, li_recovered:  1.005
L: 0.65, u_super: 0.00379, sec: 293045.688, t_ads: 31.0, t_des: 63.0, bed_util_ads: 0.191, bed_util_des: 0.191, frac_lost: 0.010, li_recovered:  0.011
L: 1.43, u_super: 0.00190, sec: 164252.781, t_ads: 129.0, t_des: 3918.0, bed_util_ads: 0.056, bed_util_des: 0.053, frac_lost: 0.010, li_recovered:  0.212
L: 0.60, u_super: 0.00125, sec: 25971.467, t_ads: 80.0, t_des: 162.0, bed_util_ads: 0.167, bed_util_des: 0.167, frac_lost: 0.010, li_recovered:  0.034
L: 0.60, u_super: 0.00010, sec: 182.331, t_ads: 798.0, t_des: 1989.0, bed_util_ads: 0.098, bed_util_des: 0.093, frac_lost: 0.010, li_recovered:  0.360
L: 1.70, u_super: 0.00161, sec: 36646.129, t_ads: 171.0, t_des: 696.0, bed_util_ads: 0.121, bed_util_des: 0.119, frac_lost: 0.010, li_recovered:  0.145
L: 0.87, u_super: 0.00090, sec: 11753.125, t_ads: 158.0, t_des: 773.0, bed_util_ads: 0.115, bed_util_des: 0.113, frac_lost: 0.010, li_recovered:  0.150
L: 1.88, u_super: 0.00010, sec: inf, t_ads: 804.0, t_des: 0.0, bed_util_ads: 0.114, bed_util_des: 0.114, frac_lost: 0.010, li_recovered:  0.000
L: 1.29, u_super: 0.00114, sec: 43724.844, t_ads: 192.0, t_des: 3864.0, bed_util_ads: 0.064, bed_util_des: 0.060, frac_lost: 0.010, li_recovered:  0.284
L: 0.60, u_super: 0.00010, sec: 230.554, t_ads: 718.0, t_des: 956.0, bed_util_ads: 0.111, bed_util_des: 0.109, frac_lost: 0.010, li_recovered:  0.171
L: 0.86, u_super: 0.00023, sec: inf, t_ads: 342.0, t_des: 0.0, bed_util_ads: 0.172, bed_util_des: 0.172, frac_lost: 0.010, li_recovered:  0.000
L: 1.95, u_super: 0.00075, sec: 9558.123, t_ads: 408.0, t_des: 2256.0, bed_util_ads: 0.094, bed_util_des: 0.089, frac_lost: 0.010, li_recovered:  0.364
L: 0.68, u_super: 0.00010, sec: inf, t_ads: 629.0, t_des: 0.0, bed_util_ads: 0.127, bed_util_des: 0.127, frac_lost: 0.010, li_recovered:  0.000
L: 0.70, u_super: 0.00010, sec: 202.234, t_ads: 1010.0, t_des: 4458.0, bed_util_ads: 0.081, bed_util_des: 0.072, frac_lost: 0.010, li_recovered:  0.629
L: 1.00, u_super: 0.00010, sec: 213.107, t_ads: 1248.0, t_des: 2819.0, bed_util_ads: 0.087, bed_util_des: 0.081, frac_lost: 0.010, li_recovered:  0.443
L: 0.61, u_super: 0.00010, sec: 195.972, t_ads: 887.0, t_des: 3932.0, bed_util_ads: 0.084, bed_util_des: 0.076, frac_lost: 0.010, li_recovered:  0.577
L: 0.69, u_super: 0.00062, sec: 5683.456, t_ads: 174.0, t_des: 406.0, bed_util_ads: 0.143, bed_util_des: 0.142, frac_lost: 0.010, li_recovered:  0.092
L: 1.22, u_super: 0.00280, sec: 357573.125, t_ads: 76.0, t_des: 2441.0, bed_util_ads: 0.058, bed_util_des: 0.056, frac_lost: 0.010, li_recovered:  0.133
L: 0.75, u_super: 0.00012, sec: 279.943, t_ads: 826.0, t_des: 2412.0, bed_util_ads: 0.095, bed_util_des: 0.089, frac_lost: 0.010, li_recovered:  0.418
L: 0.62, u_super: 0.00267, sec: 160939.281, t_ads: 42.0, t_des: 588.0, bed_util_ads: 0.089, bed_util_des: 0.088, frac_lost: 0.011, li_recovered:  0.067
L: 0.75, u_super: 0.00311, sec: 145538.031, t_ads: 43.0, t_des: 286.0, bed_util_ads: 0.119, bed_util_des: 0.119, frac_lost: 0.011, li_recovered:  0.053
L: 0.70, u_super: 0.00010, sec: inf, t_ads: 679.0, t_des: 0.0, bed_util_ads: 0.122, bed_util_des: 0.122, frac_lost: 0.010, li_recovered:  0.000
L: 0.88, u_super: 0.00040, sec: 2363.031, t_ads: 328.0, t_des: 848.0, bed_util_ads: 0.123, bed_util_des: 0.121, frac_lost: 0.010, li_recovered:  0.185
L: 0.60, u_super: 0.00125, sec: 27837.344, t_ads: 80.0, t_des: 153.0, bed_util_ads: 0.170, bed_util_des: 0.170, frac_lost: 0.010, li_recovered:  0.031
L: 0.67, u_super: 0.00010, sec: 243.871, t_ads: 780.0, t_des: 1023.0, bed_util_ads: 0.108, bed_util_des: 0.106, frac_lost: 0.010, li_recovered:  0.177
L: 0.70, u_super: 0.00010, sec: inf, t_ads: 716.0, t_des: 0.0, bed_util_ads: 0.118, bed_util_des: 0.118, frac_lost: 0.010, li_recovered:  0.000
L: 0.60, u_super: 0.00016, sec: 480.646, t_ads: 574.0, t_des: 3254.0, bed_util_ads: 0.087, bed_util_des: 0.080, frac_lost: 0.010, li_recovered:  0.480
L: 1.26, u_super: 0.00010, sec: inf, t_ads: 770.0, t_des: 0.0, bed_util_ads: 0.117, bed_util_des: 0.117, frac_lost: 0.010, li_recovered:  0.000
    13 |      520 |  5.582484E+04 |  1.820475E+02
L: 1.83, u_super: 0.00061, sec: 6203.912, t_ads: 462.0, t_des: 2251.0, bed_util_ads: 0.096, bed_util_des: 0.090, frac_lost: 0.010, li_recovered:  0.377
L: 0.73, u_super: 0.00066, sec: 6389.708, t_ads: 181.0, t_des: 916.0, bed_util_ads: 0.111, bed_util_des: 0.109, frac_lost: 0.010, li_recovered:  0.173
L: 1.76, u_super: 0.00010, sec: inf, t_ads: 867.0, t_des: 0.0, bed_util_ads: 0.110, bed_util_des: 0.110, frac_lost: 0.010, li_recovered:  0.000
L: 0.60, u_super: 0.00040, sec: 2287.028, t_ads: 234.0, t_des: 804.0, bed_util_ads: 0.122, bed_util_des: 0.119, frac_lost: 0.010, li_recovered:  0.171
L: 0.64, u_super: 0.00035, sec: inf, t_ads: 246.0, t_des: 0.0, bed_util_ads: 0.165, bed_util_des: 0.165, frac_lost: 0.010, li_recovered:  0.000
L: 0.60, u_super: 0.00010, sec: 687.849, t_ads: 657.0, t_des: 456.0, bed_util_ads: 0.120, bed_util_des: 0.120, frac_lost: 0.010, li_recovered:  0.038
L: 0.61, u_super: 0.00010, sec: 204.883, t_ads: 752.0, t_des: 1257.0, bed_util_ads: 0.106, bed_util_des: 0.103, frac_lost: 0.010, li_recovered:  0.235
L: 0.60, u_super: 0.00072, sec: 8504.381, t_ads: 139.0, t_des: 962.0, bed_util_ads: 0.103, bed_util_des: 0.101, frac_lost: 0.010, li_recovered:  0.158
L: 1.29, u_super: 0.00038, sec: 2572.493, t_ads: 461.0, t_des: 817.0, bed_util_ads: 0.123, bed_util_des: 0.121, frac_lost: 0.010, li_recovered:  0.166
L: 1.24, u_super: 0.00123, sec: 27388.758, t_ads: 167.0, t_des: 1337.0, bed_util_ads: 0.095, bed_util_des: 0.092, frac_lost: 0.010, li_recovered:  0.197
L: 0.73, u_super: 0.00054, sec: 5083.853, t_ads: 220.0, t_des: 1541.0, bed_util_ads: 0.096, bed_util_des: 0.093, frac_lost: 0.010, li_recovered:  0.238
L: 0.64, u_super: 0.00012, sec: 339.749, t_ads: 638.0, t_des: 856.0, bed_util_ads: 0.115, bed_util_des: 0.113, frac_lost: 0.010, li_recovered:  0.158
L: 1.45, u_super: 0.00010, sec: 1509.471, t_ads: 1287.0, t_des: 644.0, bed_util_ads: 0.091, bed_util_des: 0.091, frac_lost: 0.010, li_recovered:  0.030
L: 0.65, u_super: 0.00014, sec: inf, t_ads: 306.0, t_des: 0.0, bed_util_ads: 0.187, bed_util_des: 0.187, frac_lost: 0.010, li_recovered:  0.000
L: 1.43, u_super: 0.00190, sec: 102282.609, t_ads: 128.0, t_des: 2119.0, bed_util_ads: 0.073, bed_util_des: 0.070, frac_lost: 0.010, li_recovered:  0.189
L: 0.60, u_super: 0.00010, sec: inf, t_ads: 401.0, t_des: 0.0, bed_util_ads: 0.163, bed_util_des: 0.163, frac_lost: 0.010, li_recovered:  0.000
L: 0.60, u_super: 0.00010, sec: 210.979, t_ads: 735.0, t_des: 1114.0, bed_util_ads: 0.109, bed_util_des: 0.106, frac_lost: 0.010, li_recovered:  0.206
L: 1.70, u_super: 0.00161, sec: 43705.363, t_ads: 175.0, t_des: 1213.0, bed_util_ads: 0.100, bed_util_des: 0.097, frac_lost: 0.010, li_recovered:  0.194
L: 0.87, u_super: 0.00090, sec: 25159.248, t_ads: 164.0, t_des: 3068.0, bed_util_ads: 0.068, bed_util_des: 0.064, frac_lost: 0.010, li_recovered:  0.243
L: 1.88, u_super: 0.00167, sec: 42653.047, t_ads: 184.0, t_des: 975.0, bed_util_ads: 0.109, bed_util_des: 0.107, frac_lost: 0.010, li_recovered:  0.180
L: 1.29, u_super: 0.00114, sec: 28306.404, t_ads: 189.0, t_des: 2045.0, bed_util_ads: 0.083, bed_util_des: 0.080, frac_lost: 0.010, li_recovered:  0.241
L: 0.60, u_super: 0.00010, sec: 230.743, t_ads: 718.0, t_des: 955.0, bed_util_ads: 0.111, bed_util_des: 0.109, frac_lost: 0.010, li_recovered:  0.170
L: 0.86, u_super: 0.00118, sec: 20086.273, t_ads: 122.0, t_des: 635.0, bed_util_ads: 0.116, bed_util_des: 0.115, frac_lost: 0.010, li_recovered:  0.123
L: 0.92, u_super: 0.00040, sec: 2798.804, t_ads: 361.0, t_des: 2162.0, bed_util_ads: 0.094, bed_util_des: 0.089, frac_lost: 0.010, li_recovered:  0.342
L: 0.68, u_super: 0.00060, sec: 4939.307, t_ads: 180.0, t_des: 569.0, bed_util_ads: 0.130, bed_util_des: 0.129, frac_lost: 0.010, li_recovered:  0.127
L: 0.63, u_super: 0.00010, sec: 205.762, t_ads: 924.0, t_des: 4478.0, bed_util_ads: 0.081, bed_util_des: 0.072, frac_lost: 0.010, li_recovered:  0.624
L: 1.00, u_super: 0.00010, sec: 214.251, t_ads: 1245.0, t_des: 2824.0, bed_util_ads: 0.087, bed_util_des: 0.081, frac_lost: 0.010, li_recovered:  0.444
L: 0.61, u_super: 0.00010, sec: 183.329, t_ads: 841.0, t_des: 2634.0, bed_util_ads: 0.093, bed_util_des: 0.086, frac_lost: 0.010, li_recovered:  0.445
L: 0.69, u_super: 0.00062, sec: 6769.297, t_ads: 184.0, t_des: 1384.0, bed_util_ads: 0.096, bed_util_des: 0.093, frac_lost: 0.010, li_recovered:  0.209
L: 0.61, u_super: 0.00010, sec: inf, t_ads: 378.0, t_des: 0.0, bed_util_ads: 0.168, bed_util_des: 0.168, frac_lost: 0.010, li_recovered:  0.000
L: 0.65, u_super: 0.00063, sec: 5984.427, t_ads: 168.0, t_des: 898.0, bed_util_ads: 0.110, bed_util_des: 0.108, frac_lost: 0.010, li_recovered:  0.167
L: 0.62, u_super: 0.00044, sec: inf, t_ads: 198.0, t_des: 0.0, bed_util_ads: 0.177, bed_util_des: 0.177, frac_lost: 0.010, li_recovered:  0.000
L: 0.60, u_super: 0.00311, sec: 131397.594, t_ads: 35.0, t_des: 185.0, bed_util_ads: 0.134, bed_util_des: 0.133, frac_lost: 0.011, li_recovered:  0.039
L: 0.70, u_super: 0.00218, sec: 137997.453, t_ads: 57.0, t_des: 1086.0, bed_util_ads: 0.075, bed_util_des: 0.074, frac_lost: 0.010, li_recovered:  0.094
L: 0.68, u_super: 0.00040, sec: 2265.517, t_ads: 263.0, t_des: 808.0, bed_util_ads: 0.123, bed_util_des: 0.121, frac_lost: 0.010, li_recovered:  0.176
L: 0.60, u_super: 0.00125, sec: 20986.133, t_ads: 82.0, t_des: 365.0, bed_util_ads: 0.129, bed_util_des: 0.128, frac_lost: 0.010, li_recovered:  0.078
L: 0.67, u_super: 0.00010, sec: 189.815, t_ads: 875.0, t_des: 2208.0, bed_util_ads: 0.095, bed_util_des: 0.090, frac_lost: 0.010, li_recovered:  0.389
L: 0.66, u_super: 0.00010, sec: 190.073, t_ads: 927.0, t_des: 3303.0, bed_util_ads: 0.088, bed_util_des: 0.080, frac_lost: 0.010, li_recovered:  0.521
L: 0.60, u_super: 0.00016, sec: 480.379, t_ads: 573.0, t_des: 3258.0, bed_util_ads: 0.087, bed_util_des: 0.080, frac_lost: 0.010, li_recovered:  0.481
L: 1.26, u_super: 0.00038, sec: 3971.894, t_ads: 427.0, t_des: 478.0, bed_util_ads: 0.134, bed_util_des: 0.133, frac_lost: 0.010, li_recovered:  0.077
    14 |      560 |  4.542519E+04 |  1.820475E+02
L: 1.83, u_super: 0.00061, sec: 5730.307, t_ads: 445.0, t_des: 1474.0, bed_util_ads: 0.108, bed_util_des: 0.104, frac_lost: 0.010, li_recovered:  0.289
L: 0.73, u_super: 0.00066, sec: 9656.742, t_ads: 186.0, t_des: 2138.0, bed_util_ads: 0.081, bed_util_des: 0.078, frac_lost: 0.010, li_recovered:  0.242
L: 1.76, u_super: 0.00066, sec: 7116.860, t_ads: 413.0, t_des: 2011.0, bed_util_ads: 0.098, bed_util_des: 0.093, frac_lost: 0.010, li_recovered:  0.346
L: 0.60, u_super: 0.00040, sec: 2686.994, t_ads: 242.0, t_des: 1520.0, bed_util_ads: 0.099, bed_util_des: 0.095, frac_lost: 0.010, li_recovered:  0.248
L: 0.64, u_super: 0.00024, sec: inf, t_ads: 317.0, t_des: 0.0, bed_util_ads: 0.165, bed_util_des: 0.165, frac_lost: 0.010, li_recovered:  0.000
L: 0.61, u_super: 0.00010, sec: 196.326, t_ads: 896.0, t_des: 4106.0, bed_util_ads: 0.083, bed_util_des: 0.075, frac_lost: 0.010, li_recovered:  0.593
L: 1.03, u_super: 0.00010, sec: 346.476, t_ads: 1066.0, t_des: 1109.0, bed_util_ads: 0.098, bed_util_des: 0.096, frac_lost: 0.010, li_recovered:  0.151
L: 0.60, u_super: 0.00032, sec: 1595.743, t_ads: 295.0, t_des: 1436.0, bed_util_ads: 0.104, bed_util_des: 0.101, frac_lost: 0.010, li_recovered:  0.261
L: 1.29, u_super: 0.00010, sec: inf, t_ads: 774.0, t_des: 0.0, bed_util_ads: 0.117, bed_util_des: 0.117, frac_lost: 0.010, li_recovered:  0.000
L: 1.24, u_super: 0.00031, sec: 1643.237, t_ads: 579.0, t_des: 2199.0, bed_util_ads: 0.098, bed_util_des: 0.092, frac_lost: 0.010, li_recovered:  0.388
L: 0.73, u_super: 0.00010, sec: inf, t_ads: 554.0, t_des: 0.0, bed_util_ads: 0.138, bed_util_des: 0.138, frac_lost: 0.010, li_recovered:  0.000
L: 0.64, u_super: 0.00025, sec: 939.503, t_ads: 379.0, t_des: 1076.0, bed_util_ads: 0.116, bed_util_des: 0.113, frac_lost: 0.010, li_recovered:  0.226
L: 1.45, u_super: 0.00010, sec: 254.010, t_ads: 1688.0, t_des: 3420.0, bed_util_ads: 0.079, bed_util_des: 0.073, frac_lost: 0.010, li_recovered:  0.473
L: 0.60, u_super: 0.00379, sec: 188152.203, t_ads: 29.0, t_des: 112.0, bed_util_ads: 0.154, bed_util_des: 0.153, frac_lost: 0.010, li_recovered:  0.026
L: 0.60, u_super: 0.00190, sec: 50841.129, t_ads: 55.0, t_des: 295.0, bed_util_ads: 0.125, bed_util_des: 0.124, frac_lost: 0.010, li_recovered:  0.059
L: 0.60, u_super: 0.00035, sec: inf, t_ads: 236.0, t_des: 0.0, bed_util_ads: 0.167, bed_util_des: 0.167, frac_lost: 0.010, li_recovered:  0.000
L: 0.60, u_super: 0.00010, sec: 545.556, t_ads: 662.0, t_des: 502.0, bed_util_ads: 0.119, bed_util_des: 0.119, frac_lost: 0.010, li_recovered:  0.050
L: 1.70, u_super: 0.00161, sec: 55965.777, t_ads: 177.0, t_des: 1905.0, bed_util_ads: 0.084, bed_util_des: 0.081, frac_lost: 0.010, li_recovered:  0.227
L: 0.87, u_super: 0.00038, sec: 2135.318, t_ads: 339.0, t_des: 909.0, bed_util_ads: 0.121, bed_util_des: 0.118, frac_lost: 0.010, li_recovered:  0.196
L: 1.88, u_super: 0.00010, sec: inf, t_ads: 816.0, t_des: 0.0, bed_util_ads: 0.114, bed_util_des: 0.114, frac_lost: 0.010, li_recovered:  0.000
L: 0.60, u_super: 0.00114, sec: 30459.152, t_ads: 91.0, t_des: 1230.0, bed_util_ads: 0.082, bed_util_des: 0.081, frac_lost: 0.010, li_recovered:  0.133
L: 0.60, u_super: 0.00010, sec: 230.732, t_ads: 719.0, t_des: 954.0, bed_util_ads: 0.111, bed_util_des: 0.109, frac_lost: 0.010, li_recovered:  0.170
L: 0.86, u_super: 0.00118, sec: 99797.906, t_ads: 126.0, t_des: 6651.0, bed_util_ads: 0.044, bed_util_des: 0.041, frac_lost: 0.010, li_recovered:  0.222
L: 0.92, u_super: 0.00306, sec: 203855.641, t_ads: 53.0, t_des: 661.0, bed_util_ads: 0.090, bed_util_des: 0.089, frac_lost: 0.010, li_recovered:  0.079
L: 0.60, u_super: 0.00060, sec: 4913.229, t_ads: 161.0, t_des: 533.0, bed_util_ads: 0.130, bed_util_des: 0.129, frac_lost: 0.010, li_recovered:  0.119
L: 0.63, u_super: 0.00010, sec: 202.633, t_ads: 930.0, t_des: 4477.0, bed_util_ads: 0.081, bed_util_des: 0.072, frac_lost: 0.010, li_recovered:  0.624
L: 1.00, u_super: 0.00010, sec: 214.313, t_ads: 1245.0, t_des: 2828.0, bed_util_ads: 0.087, bed_util_des: 0.080, frac_lost: 0.010, li_recovered:  0.445
L: 0.61, u_super: 0.00010, sec: 183.689, t_ads: 802.0, t_des: 1869.0, bed_util_ads: 0.099, bed_util_des: 0.095, frac_lost: 0.010, li_recovered:  0.341
L: 0.69, u_super: 0.00085, sec: 10106.207, t_ads: 131.0, t_des: 356.0, bed_util_ads: 0.143, bed_util_des: 0.142, frac_lost: 0.010, li_recovered:  0.082
L: 1.19, u_super: 0.00280, sec: 151091.391, t_ads: 71.0, t_des: 132.0, bed_util_ads: 0.175, bed_util_des: 0.174, frac_lost: 0.010, li_recovered:  0.025
L: 0.69, u_super: 0.00012, sec: 275.416, t_ads: 776.0, t_des: 2460.0, bed_util_ads: 0.095, bed_util_des: 0.089, frac_lost: 0.010, li_recovered:  0.425
L: 0.79, u_super: 0.00267, sec: inf, t_ads: 50.0, t_des: 0.0, bed_util_ads: 0.216, bed_util_des: 0.216, frac_lost: 0.010, li_recovered:  0.000
L: 0.60, u_super: 0.00010, sec: inf, t_ads: 577.0, t_des: 0.0, bed_util_ads: 0.132, bed_util_des: 0.132, frac_lost: 0.010, li_recovered:  0.000
L: 0.70, u_super: 0.00218, sec: 129178.852, t_ads: 57.0, t_des: 995.0, bed_util_ads: 0.078, bed_util_des: 0.077, frac_lost: 0.010, li_recovered:  0.092
L: 0.68, u_super: 0.00074, sec: 7623.769, t_ads: 150.0, t_des: 619.0, bed_util_ads: 0.123, bed_util_des: 0.121, frac_lost: 0.010, li_recovered:  0.130
L: 0.60, u_super: 0.00010, sec: inf, t_ads: 608.0, t_des: 0.0, bed_util_ads: 0.127, bed_util_des: 0.127, frac_lost: 0.010, li_recovered:  0.000
L: 0.95, u_super: 0.00010, sec: 237.383, t_ads: 1093.0, t_des: 1768.0, bed_util_ads: 0.094, bed_util_des: 0.090, frac_lost: 0.010, li_recovered:  0.288
L: 0.60, u_super: 0.00010, sec: 188.135, t_ads: 858.0, t_des: 3344.0, bed_util_ads: 0.088, bed_util_des: 0.080, frac_lost: 0.010, li_recovered:  0.523
L: 0.63, u_super: 0.00010, sec: 189.143, t_ads: 887.0, t_des: 3359.0, bed_util_ads: 0.087, bed_util_des: 0.080, frac_lost: 0.010, li_recovered:  0.525
L: 1.22, u_super: 0.00037, sec: 2146.630, t_ads: 488.0, t_des: 1677.0, bed_util_ads: 0.105, bed_util_des: 0.100, frac_lost: 0.010, li_recovered:  0.318
    15 |      600 |  4.172517E+04 |  1.820475E+02
L: 0.60, u_super: 0.00061, sec: 5298.578, t_ads: 161.0, t_des: 752.0, bed_util_ads: 0.116, bed_util_des: 0.114, frac_lost: 0.010, li_recovered:  0.149
L: 0.73, u_super: 0.00066, sec: 6796.495, t_ads: 182.0, t_des: 1086.0, bed_util_ads: 0.105, bed_util_des: 0.102, frac_lost: 0.010, li_recovered:  0.188
L: 1.76, u_super: 0.00024, sec: 9760.598, t_ads: 752.0, t_des: 421.0, bed_util_ads: 0.115, bed_util_des: 0.115, frac_lost: 0.010, li_recovered:  0.016
L: 0.80, u_super: 0.00040, sec: 2355.010, t_ads: 301.0, t_des: 869.0, bed_util_ads: 0.122, bed_util_des: 0.119, frac_lost: 0.010, li_recovered:  0.188
L: 0.64, u_super: 0.00039, sec: 2441.654, t_ads: 261.0, t_des: 1405.0, bed_util_ads: 0.103, bed_util_des: 0.100, frac_lost: 0.010, li_recovered:  0.246
L: 1.23, u_super: 0.00010, sec: 277.771, t_ads: 1331.0, t_des: 1848.0, bed_util_ads: 0.088, bed_util_des: 0.085, frac_lost: 0.010, li_recovered:  0.266
L: 0.61, u_super: 0.00010, sec: 206.900, t_ads: 893.0, t_des: 4431.0, bed_util_ads: 0.081, bed_util_des: 0.073, frac_lost: 0.010, li_recovered:  0.617
L: 0.60, u_super: 0.00032, sec: 1861.727, t_ads: 302.0, t_des: 2155.0, bed_util_ads: 0.091, bed_util_des: 0.087, frac_lost: 0.010, li_recovered:  0.317
L: 1.29, u_super: 0.00099, sec: 13771.596, t_ads: 206.0, t_des: 728.0, bed_util_ads: 0.123, bed_util_des: 0.121, frac_lost: 0.010, li_recovered:  0.156
L: 0.60, u_super: 0.00031, sec: 1522.611, t_ads: 302.0, t_des: 1447.0, bed_util_ads: 0.105, bed_util_des: 0.101, frac_lost: 0.010, li_recovered:  0.263
L: 0.73, u_super: 0.00010, sec: inf, t_ads: 553.0, t_des: 0.0, bed_util_ads: 0.138, bed_util_des: 0.138, frac_lost: 0.010, li_recovered:  0.000
L: 0.60, u_super: 0.00012, sec: 313.983, t_ads: 610.0, t_des: 911.0, bed_util_ads: 0.116, bed_util_des: 0.113, frac_lost: 0.010, li_recovered:  0.174
L: 0.61, u_super: 0.00010, sec: 203.518, t_ads: 893.0, t_des: 4454.0, bed_util_ads: 0.081, bed_util_des: 0.073, frac_lost: 0.010, li_recovered:  0.618
L: 1.23, u_super: 0.00379, sec: 201398.375, t_ads: 56.0, t_des: 168.0, bed_util_ads: 0.154, bed_util_des: 0.153, frac_lost: 0.010, li_recovered:  0.039
L: 1.43, u_super: 0.00010, sec: inf, t_ads: 734.0, t_des: 0.0, bed_util_ads: 0.120, bed_util_des: 0.120, frac_lost: 0.010, li_recovered:  0.000
L: 0.60, u_super: 0.00315, sec: 172348.328, t_ads: 35.0, t_des: 328.0, bed_util_ads: 0.107, bed_util_des: 0.106, frac_lost: 0.011, li_recovered:  0.050
L: 1.16, u_super: 0.00010, sec: 409.361, t_ads: 1164.0, t_des: 1056.0, bed_util_ads: 0.095, bed_util_des: 0.093, frac_lost: 0.010, li_recovered:  0.127
L: 1.70, u_super: 0.00161, sec: 41181.520, t_ads: 174.0, t_des: 1050.0, bed_util_ads: 0.105, bed_util_des: 0.102, frac_lost: 0.010, li_recovered:  0.182
L: 0.87, u_super: 0.00038, sec: 2129.595, t_ads: 340.0, t_des: 933.0, bed_util_ads: 0.120, bed_util_des: 0.118, frac_lost: 0.010, li_recovered:  0.201
L: 1.88, u_super: 0.00167, sec: 39151.438, t_ads: 179.0, t_des: 559.0, bed_util_ads: 0.131, bed_util_des: 0.129, frac_lost: 0.010, li_recovered:  0.125
L: 0.60, u_super: 0.00048, sec: 4803.698, t_ads: 209.0, t_des: 2123.0, bed_util_ads: 0.084, bed_util_des: 0.081, frac_lost: 0.010, li_recovered:  0.261
L: 0.60, u_super: 0.00010, sec: 179.468, t_ads: 810.0, t_des: 2172.0, bed_util_ads: 0.097, bed_util_des: 0.091, frac_lost: 0.010, li_recovered:  0.386
L: 0.86, u_super: 0.00011, sec: inf, t_ads: 606.0, t_des: 0.0, bed_util_ads: 0.131, bed_util_des: 0.131, frac_lost: 0.010, li_recovered:  0.000
L: 0.60, u_super: 0.00040, sec: 2913.503, t_ads: 244.0, t_des: 1817.0, bed_util_ads: 0.093, bed_util_des: 0.089, frac_lost: 0.010, li_recovered:  0.268
L: 0.60, u_super: 0.00060, sec: 5778.417, t_ads: 166.0, t_des: 1075.0, bed_util_ads: 0.103, bed_util_des: 0.101, frac_lost: 0.010, li_recovered:  0.180
L: 0.60, u_super: 0.00010, sec: 201.334, t_ads: 890.0, t_des: 4474.0, bed_util_ads: 0.081, bed_util_des: 0.072, frac_lost: 0.010, li_recovered:  0.620
L: 0.94, u_super: 0.00010, sec: 206.858, t_ads: 1198.0, t_des: 2913.0, bed_util_ads: 0.087, bed_util_des: 0.081, frac_lost: 0.010, li_recovered:  0.461
L: 0.61, u_super: 0.00010, sec: 185.633, t_ads: 856.0, t_des: 2989.0, bed_util_ads: 0.090, bed_util_des: 0.083, frac_lost: 0.010, li_recovered:  0.486
L: 0.69, u_super: 0.00385, sec: 195106.359, t_ads: 33.0, t_des: 155.0, bed_util_ads: 0.142, bed_util_des: 0.142, frac_lost: 0.011, li_recovered:  0.035
L: 1.22, u_super: 0.00010, sec: inf, t_ads: 384.0, t_des: 0.0, bed_util_ads: 0.167, bed_util_des: 0.167, frac_lost: 0.010, li_recovered:  0.000
L: 0.65, u_super: 0.00012, sec: 276.277, t_ads: 746.0, t_des: 2767.0, bed_util_ads: 0.092, bed_util_des: 0.086, frac_lost: 0.010, li_recovered:  0.459
L: 0.62, u_super: 0.00267, sec: 171000.469, t_ads: 42.0, t_des: 640.0, bed_util_ads: 0.086, bed_util_des: 0.085, frac_lost: 0.011, li_recovered:  0.068
L: 0.60, u_super: 0.00311, sec: 558254.188, t_ads: 35.0, t_des: 1603.0, bed_util_ads: 0.054, bed_util_des: 0.053, frac_lost: 0.010, li_recovered:  0.069
L: 0.70, u_super: 0.00218, sec: 64073.535, t_ads: 56.0, t_des: 249.0, bed_util_ads: 0.134, bed_util_des: 0.134, frac_lost: 0.010, li_recovered:  0.054
L: 0.68, u_super: 0.00021, sec: 769.180, t_ads: 444.0, t_des: 835.0, bed_util_ads: 0.123, bed_util_des: 0.121, frac_lost: 0.010, li_recovered:  0.172
L: 0.60, u_super: 0.00050, sec: 3408.589, t_ads: 191.0, t_des: 594.0, bed_util_ads: 0.130, bed_util_des: 0.128, frac_lost: 0.010, li_recovered:  0.132
L: 0.67, u_super: 0.00010, sec: 194.729, t_ads: 929.0, t_des: 3351.0, bed_util_ads: 0.087, bed_util_des: 0.080, frac_lost: 0.010, li_recovered:  0.526
L: 0.60, u_super: 0.00025, sec: 1217.969, t_ads: 383.0, t_des: 2864.0, bed_util_ads: 0.086, bed_util_des: 0.080, frac_lost: 0.010, li_recovered:  0.393
L: 0.63, u_super: 0.00010, sec: 182.604, t_ads: 847.0, t_des: 2395.0, bed_util_ads: 0.094, bed_util_des: 0.089, frac_lost: 0.010, li_recovered:  0.415
L: 1.22, u_super: 0.00010, sec: inf, t_ads: 1067.0, t_des: 0.0, bed_util_ads: 0.100, bed_util_des: 0.100, frac_lost: 0.010, li_recovered:  0.000
    16 |      640 |  2.194813E+04 |  1.794681E+02
L: 1.15, u_super: 0.00085, sec: 10425.528, t_ads: 215.0, t_des: 887.0, bed_util_ads: 0.117, bed_util_des: 0.114, frac_lost: 0.010, li_recovered:  0.180
L: 0.73, u_super: 0.00066, sec: 8715.850, t_ads: 185.0, t_des: 1801.0, bed_util_ads: 0.087, bed_util_des: 0.084, frac_lost: 0.010, li_recovered:  0.229
L: 1.76, u_super: 0.00027, sec: 2211.857, t_ads: 1052.0, t_des: 11174.0, bed_util_ads: 0.061, bed_util_des: 0.048, frac_lost: 0.010, li_recovered:  0.924
L: 0.60, u_super: 0.00010, sec: 612.143, t_ads: 662.0, t_des: 477.0, bed_util_ads: 0.120, bed_util_des: 0.119, frac_lost: 0.010, li_recovered:  0.043
L: 0.64, u_super: 0.00039, sec: 2242.915, t_ads: 257.0, t_des: 1031.0, bed_util_ads: 0.114, bed_util_des: 0.111, frac_lost: 0.010, li_recovered:  0.207
L: 0.61, u_super: 0.00010, sec: 180.705, t_ads: 822.0, t_des: 2164.0, bed_util_ads: 0.097, bed_util_des: 0.091, frac_lost: 0.010, li_recovered:  0.384
L: 0.61, u_super: 0.00010, sec: 187.323, t_ads: 794.0, t_des: 1835.0, bed_util_ads: 0.100, bed_util_des: 0.095, frac_lost: 0.010, li_recovered:  0.337
L: 0.60, u_super: 0.00032, sec: 2774.714, t_ads: 310.0, t_des: 4265.0, bed_util_ads: 0.070, bed_util_des: 0.065, frac_lost: 0.010, li_recovered:  0.396
L: 1.29, u_super: 0.00016, sec: inf, t_ads: 725.0, t_des: 0.0, bed_util_ads: 0.119, bed_util_des: 0.119, frac_lost: 0.010, li_recovered:  0.000
L: 0.60, u_super: 0.00031, sec: 1522.214, t_ads: 301.0, t_des: 1446.0, bed_util_ads: 0.105, bed_util_des: 0.101, frac_lost: 0.010, li_recovered:  0.263
L: 0.73, u_super: 0.00036, sec: 2488.501, t_ads: 289.0, t_des: 451.0, bed_util_ads: 0.142, bed_util_des: 0.141, frac_lost: 0.010, li_recovered:  0.090
L: 0.60, u_super: 0.00027, sec: 1057.627, t_ads: 337.0, t_des: 1061.0, bed_util_ads: 0.116, bed_util_des: 0.113, frac_lost: 0.010, li_recovered:  0.222
L: 0.60, u_super: 0.00010, sec: 182.298, t_ads: 822.0, t_des: 2514.0, bed_util_ads: 0.094, bed_util_des: 0.088, frac_lost: 0.010, li_recovered:  0.431
L: 0.60, u_super: 0.00010, sec: inf, t_ads: 465.0, t_des: 0.0, bed_util_ads: 0.150, bed_util_des: 0.150, frac_lost: 0.010, li_recovered:  0.000
L: 1.43, u_super: 0.00010, sec: inf, t_ads: 734.0, t_des: 0.0, bed_util_ads: 0.120, bed_util_des: 0.120, frac_lost: 0.010, li_recovered:  0.000
L: 0.60, u_super: 0.00106, sec: 15312.298, t_ads: 96.0, t_des: 428.0, bed_util_ads: 0.127, bed_util_des: 0.125, frac_lost: 0.010, li_recovered:  0.091
L: 0.60, u_super: 0.00030, sec: 1472.982, t_ads: 321.0, t_des: 1845.0, bed_util_ads: 0.097, bed_util_des: 0.093, frac_lost: 0.010, li_recovered:  0.304
L: 0.76, u_super: 0.00161, sec: 37001.430, t_ads: 81.0, t_des: 442.0, bed_util_ads: 0.120, bed_util_des: 0.119, frac_lost: 0.010, li_recovered:  0.086
L: 0.87, u_super: 0.00010, sec: inf, t_ads: 767.0, t_des: 0.0, bed_util_ads: 0.116, bed_util_des: 0.116, frac_lost: 0.010, li_recovered:  0.000
L: 0.62, u_super: 0.00167, sec: 38029.703, t_ads: 64.0, t_des: 299.0, bed_util_ads: 0.130, bed_util_des: 0.129, frac_lost: 0.010, li_recovered:  0.063
L: 0.60, u_super: 0.00048, sec: 4809.167, t_ads: 208.0, t_des: 2111.0, bed_util_ads: 0.084, bed_util_des: 0.081, frac_lost: 0.010, li_recovered:  0.259
L: 0.60, u_super: 0.00010, sec: 179.432, t_ads: 810.0, t_des: 2173.0, bed_util_ads: 0.097, bed_util_des: 0.091, frac_lost: 0.010, li_recovered:  0.386
L: 0.86, u_super: 0.00118, sec: 38847.422, t_ads: 125.0, t_des: 2094.0, bed_util_ads: 0.073, bed_util_des: 0.071, frac_lost: 0.010, li_recovered:  0.187
L: 0.92, u_super: 0.00010, sec: 221.288, t_ads: 1092.0, t_des: 1899.0, bed_util_ads: 0.093, bed_util_des: 0.089, frac_lost: 0.010, li_recovered:  0.313
L: 0.66, u_super: 0.00060, sec: 4954.779, t_ads: 176.0, t_des: 557.0, bed_util_ads: 0.130, bed_util_des: 0.129, frac_lost: 0.010, li_recovered:  0.124
L: 0.91, u_super: 0.00010, sec: 207.431, t_ads: 1243.0, t_des: 4262.0, bed_util_ads: 0.081, bed_util_des: 0.072, frac_lost: 0.010, li_recovered:  0.616
L: 1.30, u_super: 0.00089, sec: 16171.085, t_ads: 242.0, t_des: 2305.0, bed_util_ads: 0.085, bed_util_des: 0.081, frac_lost: 0.010, li_recovered:  0.290
L: 0.61, u_super: 0.00114, sec: 27337.531, t_ads: 92.0, t_des: 1049.0, bed_util_ads: 0.088, bed_util_des: 0.086, frac_lost: 0.010, li_recovered:  0.128
L: 0.94, u_super: 0.00062, sec: 6270.997, t_ads: 228.0, t_des: 442.0, bed_util_ads: 0.143, bed_util_des: 0.142, frac_lost: 0.010, li_recovered:  0.096
L: 1.22, u_super: 0.00039, sec: inf, t_ads: 362.0, t_des: 0.0, bed_util_ads: 0.157, bed_util_des: 0.157, frac_lost: 0.010, li_recovered:  0.000
L: 0.65, u_super: 0.00161, sec: 53937.102, t_ads: 70.0, t_des: 811.0, bed_util_ads: 0.090, bed_util_des: 0.089, frac_lost: 0.010, li_recovered:  0.100
L: 0.62, u_super: 0.00267, sec: 181524.938, t_ads: 42.0, t_des: 695.0, bed_util_ads: 0.083, bed_util_des: 0.082, frac_lost: 0.011, li_recovered:  0.070
L: 0.60, u_super: 0.00311, sec: 323053.375, t_ads: 35.0, t_des: 828.0, bed_util_ads: 0.072, bed_util_des: 0.071, frac_lost: 0.010, li_recovered:  0.063
L: 0.70, u_super: 0.00218, sec: 157219.703, t_ads: 57.0, t_des: 1284.0, bed_util_ads: 0.070, bed_util_des: 0.068, frac_lost: 0.010, li_recovered:  0.097
L: 0.68, u_super: 0.00021, sec: 750.707, t_ads: 450.0, t_des: 827.0, bed_util_ads: 0.123, bed_util_des: 0.121, frac_lost: 0.010, li_recovered:  0.169
L: 0.60, u_super: 0.00050, sec: 3612.024, t_ads: 195.0, t_des: 920.0, bed_util_ads: 0.113, bed_util_des: 0.110, frac_lost: 0.010, li_recovered:  0.177
L: 0.67, u_super: 0.00010, sec: 184.925, t_ads: 885.0, t_des: 2195.0, bed_util_ads: 0.095, bed_util_des: 0.090, frac_lost: 0.010, li_recovered:  0.386
L: 0.60, u_super: 0.00010, sec: 188.035, t_ads: 856.0, t_des: 3347.0, bed_util_ads: 0.088, bed_util_des: 0.080, frac_lost: 0.010, li_recovered:  0.523
L: 0.60, u_super: 0.00010, sec: 180.879, t_ads: 820.0, t_des: 2424.0, bed_util_ads: 0.094, bed_util_des: 0.089, frac_lost: 0.010, li_recovered:  0.420
L: 0.67, u_super: 0.00010, sec: 204.565, t_ads: 822.0, t_des: 1363.0, bed_util_ads: 0.104, bed_util_des: 0.100, frac_lost: 0.010, li_recovered:  0.248
    17 |      680 |  2.148637E+04 |  1.794316E+02
L: 0.60, u_super: 0.00061, sec: 5298.901, t_ads: 161.0, t_des: 752.0, bed_util_ads: 0.116, bed_util_des: 0.114, frac_lost: 0.010, li_recovered:  0.149
L: 0.73, u_super: 0.00066, sec: 6298.470, t_ads: 181.0, t_des: 882.0, bed_util_ads: 0.113, bed_util_des: 0.111, frac_lost: 0.010, li_recovered:  0.170
L: 0.60, u_super: 0.00027, sec: 2919.438, t_ads: 375.0, t_des: 8569.0, bed_util_ads: 0.055, bed_util_des: 0.048, frac_lost: 0.010, li_recovered:  0.512
L: 0.60, u_super: 0.00043, sec: 3025.075, t_ads: 225.0, t_des: 1360.0, bed_util_ads: 0.102, bed_util_des: 0.098, frac_lost: 0.010, li_recovered:  0.229
L: 0.64, u_super: 0.00039, sec: 3549.845, t_ads: 270.0, t_des: 3011.0, bed_util_ads: 0.078, bed_util_des: 0.074, frac_lost: 0.010, li_recovered:  0.334
L: 0.61, u_super: 0.00085, sec: 13670.063, t_ads: 122.0, t_des: 1137.0, bed_util_ads: 0.093, bed_util_des: 0.091, frac_lost: 0.010, li_recovered:  0.157
L: 0.61, u_super: 0.00038, sec: 2566.214, t_ads: 260.0, t_des: 1821.0, bed_util_ads: 0.094, bed_util_des: 0.090, frac_lost: 0.010, li_recovered:  0.276
L: 0.60, u_super: 0.00032, sec: 1489.503, t_ads: 283.0, t_des: 782.0, bed_util_ads: 0.125, bed_util_des: 0.123, frac_lost: 0.010, li_recovered:  0.172
L: 1.29, u_super: 0.00015, sec: inf, t_ads: 731.0, t_des: 0.0, bed_util_ads: 0.119, bed_util_des: 0.119, frac_lost: 0.010, li_recovered:  0.000
L: 0.60, u_super: 0.00031, sec: 1438.551, t_ads: 296.0, t_des: 1114.0, bed_util_ads: 0.113, bed_util_des: 0.110, frac_lost: 0.010, li_recovered:  0.225
L: 0.73, u_super: 0.00036, sec: 1948.944, t_ads: 315.0, t_des: 1306.0, bed_util_ads: 0.109, bed_util_des: 0.105, frac_lost: 0.010, li_recovered:  0.251
L: 0.60, u_super: 0.00010, sec: 292.802, t_ads: 695.0, t_des: 729.0, bed_util_ads: 0.115, bed_util_des: 0.113, frac_lost: 0.010, li_recovered:  0.113
L: 0.60, u_super: 0.00010, sec: 181.942, t_ads: 796.0, t_des: 1987.0, bed_util_ads: 0.098, bed_util_des: 0.093, frac_lost: 0.010, li_recovered:  0.360
L: 0.60, u_super: 0.00010, sec: inf, t_ads: 465.0, t_des: 0.0, bed_util_ads: 0.150, bed_util_des: 0.150, frac_lost: 0.010, li_recovered:  0.000
L: 0.60, u_super: 0.00190, sec: 50853.172, t_ads: 55.0, t_des: 295.0, bed_util_ads: 0.125, bed_util_des: 0.124, frac_lost: 0.010, li_recovered:  0.059
L: 0.60, u_super: 0.00106, sec: 38727.676, t_ads: 98.0, t_des: 2202.0, bed_util_ads: 0.066, bed_util_des: 0.064, frac_lost: 0.010, li_recovered:  0.157
L: 0.60, u_super: 0.00010, sec: 184.270, t_ads: 785.0, t_des: 1769.0, bed_util_ads: 0.101, bed_util_des: 0.096, frac_lost: 0.010, li_recovered:  0.326
L: 1.70, u_super: 0.00010, sec: inf, t_ads: 809.0, t_des: 0.0, bed_util_ads: 0.114, bed_util_des: 0.114, frac_lost: 0.010, li_recovered:  0.000
L: 0.60, u_super: 0.00010, sec: 191.309, t_ads: 760.0, t_des: 1383.0, bed_util_ads: 0.105, bed_util_des: 0.101, frac_lost: 0.010, li_recovered:  0.260
L: 0.62, u_super: 0.00167, sec: 48555.227, t_ads: 65.0, t_des: 571.0, bed_util_ads: 0.102, bed_util_des: 0.101, frac_lost: 0.010, li_recovered:  0.087
L: 0.60, u_super: 0.00048, sec: 4808.001, t_ads: 208.0, t_des: 2113.0, bed_util_ads: 0.084, bed_util_des: 0.081, frac_lost: 0.010, li_recovered:  0.259
L: 0.60, u_super: 0.00010, sec: 179.343, t_ads: 810.0, t_des: 2175.0, bed_util_ads: 0.097, bed_util_des: 0.091, frac_lost: 0.010, li_recovered:  0.386
L: 0.86, u_super: 0.00118, sec: 75504.438, t_ads: 126.0, t_des: 4842.0, bed_util_ads: 0.051, bed_util_des: 0.048, frac_lost: 0.010, li_recovered:  0.215
L: 0.60, u_super: 0.00010, sec: inf, t_ads: 611.0, t_des: 0.0, bed_util_ads: 0.127, bed_util_des: 0.127, frac_lost: 0.010, li_recovered:  0.000
L: 0.60, u_super: 0.00060, sec: 4897.225, t_ads: 161.0, t_des: 537.0, bed_util_ads: 0.130, bed_util_des: 0.129, frac_lost: 0.010, li_recovered:  0.120
L: 0.60, u_super: 0.00010, sec: 200.812, t_ads: 891.0, t_des: 4474.0, bed_util_ads: 0.081, bed_util_des: 0.072, frac_lost: 0.010, li_recovered:  0.620
L: 0.94, u_super: 0.00010, sec: 206.827, t_ads: 1198.0, t_des: 2912.0, bed_util_ads: 0.087, bed_util_des: 0.081, frac_lost: 0.010, li_recovered:  0.461
L: 0.61, u_super: 0.00010, sec: 182.323, t_ads: 843.0, t_des: 2632.0, bed_util_ads: 0.093, bed_util_des: 0.086, frac_lost: 0.010, li_recovered:  0.445
L: 1.02, u_super: 0.00062, sec: 6502.519, t_ads: 242.0, t_des: 444.0, bed_util_ads: 0.143, bed_util_des: 0.142, frac_lost: 0.010, li_recovered:  0.095
L: 1.22, u_super: 0.00024, sec: inf, t_ads: 371.0, t_des: 0.0, bed_util_ads: 0.168, bed_util_des: 0.168, frac_lost: 0.010, li_recovered:  0.000
L: 0.65, u_super: 0.00018, sec: 567.609, t_ads: 535.0, t_des: 2441.0, bed_util_ads: 0.094, bed_util_des: 0.089, frac_lost: 0.010, li_recovered:  0.408
L: 0.62, u_super: 0.00267, sec: 159377.812, t_ads: 42.0, t_des: 580.0, bed_util_ads: 0.089, bed_util_des: 0.088, frac_lost: 0.011, li_recovered:  0.067
L: 0.60, u_super: 0.00010, sec: inf, t_ads: 578.0, t_des: 0.0, bed_util_ads: 0.132, bed_util_des: 0.132, frac_lost: 0.010, li_recovered:  0.000
L: 0.70, u_super: 0.00218, sec: 78044.156, t_ads: 56.0, t_des: 428.0, bed_util_ads: 0.109, bed_util_des: 0.108, frac_lost: 0.010, li_recovered:  0.070
L: 0.68, u_super: 0.00018, sec: inf, t_ads: 444.0, t_des: 0.0, bed_util_ads: 0.142, bed_util_des: 0.142, frac_lost: 0.010, li_recovered:  0.000
L: 0.60, u_super: 0.00050, sec: 3525.940, t_ads: 195.0, t_des: 856.0, bed_util_ads: 0.116, bed_util_des: 0.113, frac_lost: 0.010, li_recovered:  0.171
L: 0.65, u_super: 0.00038, sec: 3777.493, t_ads: 286.0, t_des: 3902.0, bed_util_ads: 0.071, bed_util_des: 0.066, frac_lost: 0.010, li_recovered:  0.368
L: 0.60, u_super: 0.00010, sec: 212.293, t_ads: 901.0, t_des: 5126.0, bed_util_ads: 0.078, bed_util_des: 0.069, frac_lost: 0.010, li_recovered:  0.664
L: 0.60, u_super: 0.00010, sec: 180.890, t_ads: 820.0, t_des: 2424.0, bed_util_ads: 0.094, bed_util_des: 0.089, frac_lost: 0.010, li_recovered:  0.420
L: 0.67, u_super: 0.00024, sec: 886.365, t_ads: 423.0, t_des: 1640.0, bed_util_ads: 0.104, bed_util_des: 0.100, frac_lost: 0.010, li_recovered:  0.309
    18 |      720 |  2.141642E+04 |  1.793429E+02
L: 0.60, u_super: 0.00061, sec: 5317.710, t_ads: 161.0, t_des: 760.0, bed_util_ads: 0.116, bed_util_des: 0.114, frac_lost: 0.010, li_recovered:  0.150
L: 0.73, u_super: 0.00017, sec: 511.547, t_ads: 572.0, t_des: 1113.0, bed_util_ads: 0.114, bed_util_des: 0.111, frac_lost: 0.010, li_recovered:  0.221
L: 1.76, u_super: 0.00114, sec: 59255.516, t_ads: 261.0, t_des: 7306.0, bed_util_ads: 0.053, bed_util_des: 0.048, frac_lost: 0.010, li_recovered:  0.391
L: 0.60, u_super: 0.00010, sec: 605.123, t_ads: 660.0, t_des: 478.0, bed_util_ads: 0.120, bed_util_des: 0.119, frac_lost: 0.010, li_recovered:  0.044
L: 0.60, u_super: 0.00039, sec: 2245.594, t_ads: 241.0, t_des: 998.0, bed_util_ads: 0.114, bed_util_des: 0.111, frac_lost: 0.010, li_recovered:  0.199
L: 0.61, u_super: 0.00010, sec: 180.128, t_ads: 823.0, t_des: 2162.0, bed_util_ads: 0.097, bed_util_des: 0.091, frac_lost: 0.010, li_recovered:  0.384
L: 0.60, u_super: 0.00010, sec: 185.892, t_ads: 782.0, t_des: 1852.0, bed_util_ads: 0.100, bed_util_des: 0.095, frac_lost: 0.010, li_recovered:  0.340
L: 0.60, u_super: 0.00032, sec: 2017.599, t_ads: 304.0, t_des: 2523.0, bed_util_ads: 0.086, bed_util_des: 0.081, frac_lost: 0.010, li_recovered:  0.337
L: 1.29, u_super: 0.00038, sec: 2507.975, t_ads: 521.0, t_des: 2676.0, bed_util_ads: 0.091, bed_util_des: 0.086, frac_lost: 0.010, li_recovered:  0.425
L: 0.60, u_super: 0.00031, sec: 1549.977, t_ads: 302.0, t_des: 1533.0, bed_util_ads: 0.103, bed_util_des: 0.099, frac_lost: 0.010, li_recovered:  0.272
L: 1.01, u_super: 0.00036, sec: 1981.896, t_ads: 417.0, t_des: 1404.0, bed_util_ads: 0.109, bed_util_des: 0.105, frac_lost: 0.010, li_recovered:  0.278
L: 0.60, u_super: 0.00010, sec: 292.400, t_ads: 695.0, t_des: 730.0, bed_util_ads: 0.115, bed_util_des: 0.113, frac_lost: 0.010, li_recovered:  0.113
L: 0.64, u_super: 0.00010, sec: 185.767, t_ads: 828.0, t_des: 1932.0, bed_util_ads: 0.098, bed_util_des: 0.093, frac_lost: 0.010, li_recovered:  0.350
L: 0.65, u_super: 0.00379, sec: 315353.562, t_ads: 32.0, t_des: 452.0, bed_util_ads: 0.092, bed_util_des: 0.092, frac_lost: 0.011, li_recovered:  0.054
L: 1.43, u_super: 0.00010, sec: inf, t_ads: 734.0, t_des: 0.0, bed_util_ads: 0.120, bed_util_des: 0.120, frac_lost: 0.010, li_recovered:  0.000
L: 0.89, u_super: 0.00130, sec: 22820.809, t_ads: 113.0, t_des: 368.0, bed_util_ads: 0.137, bed_util_des: 0.136, frac_lost: 0.010, li_recovered:  0.083
L: 0.60, u_super: 0.00010, sec: 182.259, t_ads: 823.0, t_des: 2482.0, bed_util_ads: 0.094, bed_util_des: 0.088, frac_lost: 0.010, li_recovered:  0.427
L: 1.70, u_super: 0.00161, sec: 48936.660, t_ads: 176.0, t_des: 1512.0, bed_util_ads: 0.092, bed_util_des: 0.089, frac_lost: 0.010, li_recovered:  0.211
L: 0.60, u_super: 0.00010, sec: 184.954, t_ads: 775.0, t_des: 1592.0, bed_util_ads: 0.102, bed_util_des: 0.098, frac_lost: 0.010, li_recovered:  0.297
L: 0.62, u_super: 0.00010, sec: inf, t_ads: 610.0, t_des: 0.0, bed_util_ads: 0.128, bed_util_des: 0.128, frac_lost: 0.010, li_recovered:  0.000
L: 0.60, u_super: 0.00071, sec: 11221.298, t_ads: 143.0, t_des: 1684.0, bed_util_ads: 0.083, bed_util_des: 0.081, frac_lost: 0.010, li_recovered:  0.194
L: 0.60, u_super: 0.00010, sec: 179.354, t_ads: 810.0, t_des: 2175.0, bed_util_ads: 0.097, bed_util_des: 0.091, frac_lost: 0.010, li_recovered:  0.386
L: 0.86, u_super: 0.00118, sec: 23356.086, t_ads: 123.0, t_des: 917.0, bed_util_ads: 0.102, bed_util_des: 0.099, frac_lost: 0.010, li_recovered:  0.146
L: 0.60, u_super: 0.00010, sec: 179.477, t_ads: 820.0, t_des: 2375.0, bed_util_ads: 0.095, bed_util_des: 0.089, frac_lost: 0.010, li_recovered:  0.413
L: 0.60, u_super: 0.00010, sec: inf, t_ads: 604.0, t_des: 0.0, bed_util_ads: 0.128, bed_util_des: 0.128, frac_lost: 0.010, li_recovered:  0.000
L: 0.60, u_super: 0.00010, sec: 200.907, t_ads: 890.0, t_des: 4469.0, bed_util_ads: 0.081, bed_util_des: 0.072, frac_lost: 0.010, li_recovered:  0.619
L: 0.94, u_super: 0.00010, sec: 266.734, t_ads: 1048.0, t_des: 1350.0, bed_util_ads: 0.097, bed_util_des: 0.094, frac_lost: 0.010, li_recovered:  0.209
L: 0.64, u_super: 0.00010, sec: 183.926, t_ads: 873.0, t_des: 2602.0, bed_util_ads: 0.093, bed_util_des: 0.086, frac_lost: 0.010, li_recovered:  0.441
L: 0.69, u_super: 0.00062, sec: 10844.234, t_ads: 188.0, t_des: 3005.0, bed_util_ads: 0.071, bed_util_des: 0.067, frac_lost: 0.010, li_recovered:  0.265
L: 0.94, u_super: 0.00280, sec: 135378.688, t_ads: 57.0, t_des: 119.0, bed_util_ads: 0.172, bed_util_des: 0.172, frac_lost: 0.010, li_recovered:  0.025
L: 0.65, u_super: 0.00012, sec: 290.927, t_ads: 669.0, t_des: 1209.0, bed_util_ads: 0.109, bed_util_des: 0.106, frac_lost: 0.010, li_recovered:  0.233
L: 0.62, u_super: 0.00267, sec: 139241.766, t_ads: 42.0, t_des: 471.0, bed_util_ads: 0.097, bed_util_des: 0.097, frac_lost: 0.011, li_recovered:  0.063
L: 0.60, u_super: 0.00311, sec: 131156.750, t_ads: 35.0, t_des: 186.0, bed_util_ads: 0.134, bed_util_des: 0.133, frac_lost: 0.011, li_recovered:  0.039
L: 0.70, u_super: 0.00010, sec: inf, t_ads: 600.0, t_des: 0.0, bed_util_ads: 0.131, bed_util_des: 0.131, frac_lost: 0.010, li_recovered:  0.000
L: 0.60, u_super: 0.00021, sec: 699.121, t_ads: 408.0, t_des: 850.0, bed_util_ads: 0.123, bed_util_des: 0.121, frac_lost: 0.010, li_recovered:  0.179
L: 0.60, u_super: 0.00010, sec: inf, t_ads: 610.0, t_des: 0.0, bed_util_ads: 0.127, bed_util_des: 0.127, frac_lost: 0.010, li_recovered:  0.000
L: 0.60, u_super: 0.00010, sec: 179.197, t_ads: 816.0, t_des: 2288.0, bed_util_ads: 0.096, bed_util_des: 0.090, frac_lost: 0.010, li_recovered:  0.402
L: 0.60, u_super: 0.00010, sec: 186.576, t_ads: 859.0, t_des: 3348.0, bed_util_ads: 0.088, bed_util_des: 0.080, frac_lost: 0.010, li_recovered:  0.523
L: 0.60, u_super: 0.00010, sec: 185.355, t_ads: 847.0, t_des: 3083.0, bed_util_ads: 0.089, bed_util_des: 0.082, frac_lost: 0.010, li_recovered:  0.496
L: 0.61, u_super: 0.00010, sec: 190.381, t_ads: 775.0, t_des: 1449.0, bed_util_ads: 0.104, bed_util_des: 0.100, frac_lost: 0.010, li_recovered:  0.271
    19 |      760 |  2.090355E+04 |  1.791975E+02
L: 0.60, u_super: 0.00010, sec: 311.172, t_ads: 690.0, t_des: 693.0, bed_util_ads: 0.116, bed_util_des: 0.114, frac_lost: 0.010, li_recovered:  0.103
L: 0.61, u_super: 0.00017, sec: 470.514, t_ads: 498.0, t_des: 1178.0, bed_util_ads: 0.114, bed_util_des: 0.111, frac_lost: 0.010, li_recovered:  0.239
L: 0.66, u_super: 0.00027, sec: 2841.112, t_ads: 411.0, t_des: 8878.0, bed_util_ads: 0.055, bed_util_des: 0.048, frac_lost: 0.010, li_recovered:  0.546
L: 0.60, u_super: 0.00195, sec: 55307.090, t_ads: 54.0, t_des: 328.0, bed_util_ads: 0.120, bed_util_des: 0.119, frac_lost: 0.010, li_recovered:  0.062
L: 0.64, u_super: 0.00039, sec: 4414.796, t_ads: 272.0, t_des: 4153.0, bed_util_ads: 0.069, bed_util_des: 0.064, frac_lost: 0.010, li_recovered:  0.362
L: 1.18, u_super: 0.00018, sec: 619.542, t_ads: 850.0, t_des: 2123.0, bed_util_ads: 0.096, bed_util_des: 0.091, frac_lost: 0.010, li_recovered:  0.377
L: 0.67, u_super: 0.00023, sec: 846.420, t_ads: 441.0, t_des: 1916.0, bed_util_ads: 0.100, bed_util_des: 0.095, frac_lost: 0.010, li_recovered:  0.342
L: 0.60, u_super: 0.00010, sec: 200.419, t_ads: 890.0, t_des: 4440.0, bed_util_ads: 0.081, bed_util_des: 0.073, frac_lost: 0.010, li_recovered:  0.617
L: 1.29, u_super: 0.00038, sec: inf, t_ads: 384.0, t_des: 0.0, bed_util_ads: 0.153, bed_util_des: 0.153, frac_lost: 0.010, li_recovered:  0.000
L: 0.60, u_super: 0.00031, sec: 2412.967, t_ads: 315.0, t_des: 3752.0, bed_util_ads: 0.074, bed_util_des: 0.069, frac_lost: 0.010, li_recovered:  0.387
L: 0.60, u_super: 0.00015, sec: 384.924, t_ads: 547.0, t_des: 1413.0, bed_util_ads: 0.109, bed_util_des: 0.105, frac_lost: 0.010, li_recovered:  0.278
L: 0.60, u_super: 0.00058, sec: 4834.205, t_ads: 169.0, t_des: 798.0, bed_util_ads: 0.115, bed_util_des: 0.113, frac_lost: 0.010, li_recovered:  0.157
L: 0.60, u_super: 0.00010, sec: 181.913, t_ads: 796.0, t_des: 1988.0, bed_util_ads: 0.098, bed_util_des: 0.093, frac_lost: 0.010, li_recovered:  0.360
L: 0.60, u_super: 0.00379, sec: 218721.516, t_ads: 29.0, t_des: 207.0, bed_util_ads: 0.121, bed_util_des: 0.121, frac_lost: 0.010, li_recovered:  0.038
L: 1.43, u_super: 0.00190, sec: 152744.109, t_ads: 129.0, t_des: 3592.0, bed_util_ads: 0.058, bed_util_des: 0.055, frac_lost: 0.010, li_recovered:  0.209
L: 0.60, u_super: 0.00106, sec: 15361.350, t_ads: 95.0, t_des: 420.0, bed_util_ads: 0.127, bed_util_des: 0.125, frac_lost: 0.010, li_recovered:  0.089
L: 0.60, u_super: 0.00010, sec: 181.712, t_ads: 798.0, t_des: 2026.0, bed_util_ads: 0.098, bed_util_des: 0.093, frac_lost: 0.010, li_recovered:  0.366
L: 1.80, u_super: 0.00010, sec: inf, t_ads: 729.0, t_des: 0.0, bed_util_ads: 0.120, bed_util_des: 0.120, frac_lost: 0.010, li_recovered:  0.000
L: 0.60, u_super: 0.00010, sec: 184.624, t_ads: 776.0, t_des: 1598.0, bed_util_ads: 0.102, bed_util_des: 0.098, frac_lost: 0.010, li_recovered:  0.298
L: 0.60, u_super: 0.00167, sec: 55289.648, t_ads: 63.0, t_des: 691.0, bed_util_ads: 0.094, bed_util_des: 0.093, frac_lost: 0.010, li_recovered:  0.090
L: 0.60, u_super: 0.00010, sec: 201.080, t_ads: 830.0, t_des: 3314.0, bed_util_ads: 0.088, bed_util_des: 0.081, frac_lost: 0.010, li_recovered:  0.519
L: 0.60, u_super: 0.00010, sec: 179.272, t_ads: 810.0, t_des: 2172.0, bed_util_ads: 0.097, bed_util_des: 0.091, frac_lost: 0.010, li_recovered:  0.386
L: 0.60, u_super: 0.00118, sec: 18493.514, t_ads: 86.0, t_des: 330.0, bed_util_ads: 0.135, bed_util_des: 0.134, frac_lost: 0.010, li_recovered:  0.074
L: 0.60, u_super: 0.00067, sec: 8385.293, t_ads: 151.0, t_des: 1365.0, bed_util_ads: 0.092, bed_util_des: 0.089, frac_lost: 0.010, li_recovered:  0.187
L: 0.60, u_super: 0.00060, sec: 7483.374, t_ads: 168.0, t_des: 1763.0, bed_util_ads: 0.086, bed_util_des: 0.082, frac_lost: 0.010, li_recovered:  0.217
L: 0.60, u_super: 0.00010, sec: 179.167, t_ads: 819.0, t_des: 2331.0, bed_util_ads: 0.095, bed_util_des: 0.090, frac_lost: 0.010, li_recovered:  0.408
L: 0.94, u_super: 0.00010, sec: 207.290, t_ads: 1260.0, t_des: 3885.0, bed_util_ads: 0.082, bed_util_des: 0.074, frac_lost: 0.010, li_recovered:  0.576
L: 0.61, u_super: 0.00030, sec: 1590.471, t_ads: 330.0, t_des: 2260.0, bed_util_ads: 0.091, bed_util_des: 0.086, frac_lost: 0.010, li_recovered:  0.336
L: 0.60, u_super: 0.00021, sec: 1543.439, t_ads: 370.0, t_des: 369.0, bed_util_ads: 0.142, bed_util_des: 0.142, frac_lost: 0.010, li_recovered:  0.049
L: 0.77, u_super: 0.00280, sec: 202862.828, t_ads: 49.0, t_des: 814.0, bed_util_ads: 0.081, bed_util_des: 0.080, frac_lost: 0.011, li_recovered:  0.080
L: 0.61, u_super: 0.00100, sec: 19918.023, t_ads: 105.0, t_des: 1100.0, bed_util_ads: 0.091, bed_util_des: 0.089, frac_lost: 0.010, li_recovered:  0.142
L: 0.62, u_super: 0.00267, sec: 230565.453, t_ads: 42.0, t_des: 955.0, bed_util_ads: 0.072, bed_util_des: 0.071, frac_lost: 0.011, li_recovered:  0.074
L: 0.62, u_super: 0.00311, sec: 132227.688, t_ads: 36.0, t_des: 187.0, bed_util_ads: 0.134, bed_util_des: 0.133, frac_lost: 0.010, li_recovered:  0.040
L: 0.70, u_super: 0.00218, sec: 78543.891, t_ads: 57.0, t_des: 462.0, bed_util_ads: 0.108, bed_util_des: 0.107, frac_lost: 0.011, li_recovered:  0.075
L: 0.60, u_super: 0.00021, sec: 699.156, t_ads: 408.0, t_des: 850.0, bed_util_ads: 0.123, bed_util_des: 0.121, frac_lost: 0.010, li_recovered:  0.179
L: 0.61, u_super: 0.00050, sec: 3613.086, t_ads: 198.0, t_des: 933.0, bed_util_ads: 0.112, bed_util_des: 0.110, frac_lost: 0.010, li_recovered:  0.180
L: 0.60, u_super: 0.00010, sec: 186.144, t_ads: 864.0, t_des: 3324.0, bed_util_ads: 0.088, bed_util_des: 0.080, frac_lost: 0.010, li_recovered:  0.522
L: 0.60, u_super: 0.00020, sec: 772.446, t_ads: 465.0, t_des: 3052.0, bed_util_ads: 0.086, bed_util_des: 0.080, frac_lost: 0.010, li_recovered:  0.436
L: 0.60, u_super: 0.00024, sec: 863.138, t_ads: 367.0, t_des: 947.0, bed_util_ads: 0.120, bed_util_des: 0.117, frac_lost: 0.010, li_recovered:  0.203
L: 0.61, u_super: 0.00010, sec: 181.535, t_ads: 846.0, t_des: 2694.0, bed_util_ads: 0.092, bed_util_des: 0.086, frac_lost: 0.010, li_recovered:  0.453
    20 |      800 |  2.048087E+04 |  1.791674E+02
L: 0.60, u_super: 0.00010, sec: 312.875, t_ads: 690.0, t_des: 691.0, bed_util_ads: 0.116, bed_util_des: 0.114, frac_lost: 0.010, li_recovered:  0.102
L: 0.61, u_super: 0.00017, sec: 472.007, t_ads: 497.0, t_des: 1158.0, bed_util_ads: 0.114, bed_util_des: 0.111, frac_lost: 0.010, li_recovered:  0.235
L: 1.76, u_super: 0.00027, sec: 2210.288, t_ads: 745.0, t_des: 765.0, bed_util_ads: 0.112, bed_util_des: 0.111, frac_lost: 0.010, li_recovered:  0.114
L: 0.60, u_super: 0.00010, sec: 602.933, t_ads: 661.0, t_des: 479.0, bed_util_ads: 0.120, bed_util_des: 0.119, frac_lost: 0.010, li_recovered:  0.044
L: 0.60, u_super: 0.00039, sec: 2245.585, t_ads: 241.0, t_des: 997.0, bed_util_ads: 0.114, bed_util_des: 0.111, frac_lost: 0.010, li_recovered:  0.199
L: 0.61, u_super: 0.00010, sec: 189.719, t_ads: 779.0, t_des: 1472.0, bed_util_ads: 0.104, bed_util_des: 0.100, frac_lost: 0.010, li_recovered:  0.275
L: 0.60, u_super: 0.00021, sec: 733.716, t_ads: 430.0, t_des: 1936.0, bed_util_ads: 0.099, bed_util_des: 0.095, frac_lost: 0.010, li_recovered:  0.341
L: 0.60, u_super: 0.00010, sec: 264.034, t_ads: 704.0, t_des: 804.0, bed_util_ads: 0.113, bed_util_des: 0.112, frac_lost: 0.010, li_recovered:  0.132
L: 1.29, u_super: 0.00010, sec: 412.520, t_ads: 1275.0, t_des: 1153.0, bed_util_ads: 0.091, bed_util_des: 0.089, frac_lost: 0.010, li_recovered:  0.136
L: 0.60, u_super: 0.00161, sec: 40312.355, t_ads: 65.0, t_des: 459.0, bed_util_ads: 0.111, bed_util_des: 0.110, frac_lost: 0.010, li_recovered:  0.079
L: 0.69, u_super: 0.00015, sec: 536.154, t_ads: 704.0, t_des: 5583.0, bed_util_ads: 0.074, bed_util_des: 0.065, frac_lost: 0.010, li_recovered:  0.641
L: 0.60, u_super: 0.00024, sec: 851.550, t_ads: 372.0, t_des: 1075.0, bed_util_ads: 0.116, bed_util_des: 0.113, frac_lost: 0.010, li_recovered:  0.226
L: 0.60, u_super: 0.00010, sec: 181.360, t_ads: 807.0, t_des: 2194.0, bed_util_ads: 0.097, bed_util_des: 0.091, frac_lost: 0.010, li_recovered:  0.389
L: 0.60, u_super: 0.00010, sec: inf, t_ads: 465.0, t_des: 0.0, bed_util_ads: 0.150, bed_util_des: 0.150, frac_lost: 0.010, li_recovered:  0.000
L: 1.43, u_super: 0.00190, sec: 60833.039, t_ads: 126.0, t_des: 906.0, bed_util_ads: 0.102, bed_util_des: 0.100, frac_lost: 0.010, li_recovered:  0.146
L: 0.60, u_super: 0.00106, sec: 25664.678, t_ads: 98.0, t_des: 1272.0, bed_util_ads: 0.084, bed_util_des: 0.082, frac_lost: 0.010, li_recovered:  0.141
L: 0.60, u_super: 0.00010, sec: 179.531, t_ads: 802.0, t_des: 2017.0, bed_util_ads: 0.098, bed_util_des: 0.093, frac_lost: 0.010, li_recovered:  0.364
L: 1.70, u_super: 0.00161, sec: 36404.598, t_ads: 171.0, t_des: 677.0, bed_util_ads: 0.122, bed_util_des: 0.120, frac_lost: 0.010, li_recovered:  0.142
L: 1.13, u_super: 0.00010, sec: 941.218, t_ads: 1074.0, t_des: 628.0, bed_util_ads: 0.099, bed_util_des: 0.098, frac_lost: 0.010, li_recovered:  0.042
L: 0.62, u_super: 0.00167, sec: 76225.562, t_ads: 65.0, t_des: 1124.0, bed_util_ads: 0.077, bed_util_des: 0.076, frac_lost: 0.010, li_recovered:  0.103
L: 0.60, u_super: 0.00010, sec: 192.473, t_ads: 782.0, t_des: 2116.0, bed_util_ads: 0.097, bed_util_des: 0.092, frac_lost: 0.010, li_recovered:  0.379
L: 0.60, u_super: 0.00015, sec: 393.808, t_ads: 577.0, t_des: 2274.0, bed_util_ads: 0.097, bed_util_des: 0.091, frac_lost: 0.010, li_recovered:  0.396
L: 0.60, u_super: 0.00118, sec: 57199.465, t_ads: 88.0, t_des: 2492.0, bed_util_ads: 0.060, bed_util_des: 0.058, frac_lost: 0.010, li_recovered:  0.148
L: 0.60, u_super: 0.00010, sec: 179.720, t_ads: 820.0, t_des: 2382.0, bed_util_ads: 0.095, bed_util_des: 0.089, frac_lost: 0.010, li_recovered:  0.414
L: 0.60, u_super: 0.00010, sec: inf, t_ads: 604.0, t_des: 0.0, bed_util_ads: 0.128, bed_util_des: 0.128, frac_lost: 0.010, li_recovered:  0.000
L: 0.60, u_super: 0.00010, sec: 179.260, t_ads: 818.0, t_des: 2327.0, bed_util_ads: 0.095, bed_util_des: 0.090, frac_lost: 0.010, li_recovered:  0.407
L: 0.94, u_super: 0.00010, sec: 230.865, t_ads: 1370.0, t_des: 6602.0, bed_util_ads: 0.073, bed_util_des: 0.062, frac_lost: 0.010, li_recovered:  0.801
L: 0.61, u_super: 0.00010, sec: 180.993, t_ads: 846.0, t_des: 2635.0, bed_util_ads: 0.093, bed_util_des: 0.086, frac_lost: 0.010, li_recovered:  0.446
L: 0.60, u_super: 0.00021, sec: 1543.721, t_ads: 372.0, t_des: 370.0, bed_util_ads: 0.142, bed_util_des: 0.142, frac_lost: 0.010, li_recovered:  0.050
L: 0.94, u_super: 0.00280, sec: 166637.984, t_ads: 59.0, t_des: 699.0, bed_util_ads: 0.091, bed_util_des: 0.090, frac_lost: 0.010, li_recovered:  0.086
L: 0.77, u_super: 0.00037, sec: 2000.820, t_ads: 318.0, t_des: 1076.0, bed_util_ads: 0.115, bed_util_des: 0.112, frac_lost: 0.010, li_recovered:  0.223
L: 0.62, u_super: 0.00267, sec: 257044.141, t_ads: 42.0, t_des: 1095.0, bed_util_ads: 0.068, bed_util_des: 0.067, frac_lost: 0.010, li_recovered:  0.076
L: 0.60, u_super: 0.00311, sec: 210946.266, t_ads: 35.0, t_des: 466.0, bed_util_ads: 0.092, bed_util_des: 0.091, frac_lost: 0.010, li_recovered:  0.056
L: 0.60, u_super: 0.00218, sec: 64339.426, t_ads: 48.0, t_des: 220.0, bed_util_ads: 0.134, bed_util_des: 0.134, frac_lost: 0.010, li_recovered:  0.047
L: 0.60, u_super: 0.00010, sec: 957.197, t_ads: 651.0, t_des: 412.0, bed_util_ads: 0.121, bed_util_des: 0.121, frac_lost: 0.010, li_recovered:  0.026
L: 0.60, u_super: 0.00050, sec: 3899.695, t_ads: 197.0, t_des: 1166.0, bed_util_ads: 0.104, bed_util_des: 0.101, frac_lost: 0.010, li_recovered:  0.201
L: 0.77, u_super: 0.00145, sec: 30768.020, t_ads: 90.0, t_des: 495.0, bed_util_ads: 0.117, bed_util_des: 0.116, frac_lost: 0.010, li_recovered:  0.095
L: 0.61, u_super: 0.00010, sec: 186.857, t_ads: 872.0, t_des: 3344.0, bed_util_ads: 0.088, bed_util_des: 0.080, frac_lost: 0.010, li_recovered:  0.524
L: 0.60, u_super: 0.00010, sec: 179.364, t_ads: 823.0, t_des: 2422.0, bed_util_ads: 0.094, bed_util_des: 0.089, frac_lost: 0.010, li_recovered:  0.419
L: 0.61, u_super: 0.00010, sec: 236.489, t_ads: 945.0, t_des: 6772.0, bed_util_ads: 0.072, bed_util_des: 0.061, frac_lost: 0.010, li_recovered:  0.757
    21 |      840 |  2.042199E+04 |  1.791674E+02
L: 0.60, u_super: 0.00085, sec: 12750.401, t_ads: 119.0, t_des: 975.0, bed_util_ads: 0.098, bed_util_des: 0.096, frac_lost: 0.010, li_recovered:  0.146
L: 0.60, u_super: 0.00017, sec: 468.849, t_ads: 494.0, t_des: 1179.0, bed_util_ads: 0.114, bed_util_des: 0.111, frac_lost: 0.010, li_recovered:  0.240
L: 0.60, u_super: 0.00027, sec: 1055.707, t_ads: 340.0, t_des: 1148.0, bed_util_ads: 0.114, bed_util_des: 0.111, frac_lost: 0.010, li_recovered:  0.235
L: 0.60, u_super: 0.00010, sec: 183.037, t_ads: 848.0, t_des: 3013.0, bed_util_ads: 0.090, bed_util_des: 0.083, frac_lost: 0.010, li_recovered:  0.489
L: 0.64, u_super: 0.00085, sec: 10755.117, t_ads: 126.0, t_des: 702.0, bed_util_ads: 0.113, bed_util_des: 0.111, frac_lost: 0.010, li_recovered:  0.131
L: 0.61, u_super: 0.00010, sec: 180.012, t_ads: 830.0, t_des: 2293.0, bed_util_ads: 0.095, bed_util_des: 0.090, frac_lost: 0.010, li_recovered:  0.402
L: 0.60, u_super: 0.00010, sec: 181.003, t_ads: 791.0, t_des: 1833.0, bed_util_ads: 0.100, bed_util_des: 0.095, frac_lost: 0.010, li_recovered:  0.336
L: 0.60, u_super: 0.00010, sec: 200.379, t_ads: 890.0, t_des: 4442.0, bed_util_ads: 0.081, bed_util_des: 0.073, frac_lost: 0.010, li_recovered:  0.617
L: 1.29, u_super: 0.00010, sec: 620.554, t_ads: 1222.0, t_des: 836.0, bed_util_ads: 0.093, bed_util_des: 0.092, frac_lost: 0.010, li_recovered:  0.077
L: 0.60, u_super: 0.00031, sec: 2210.643, t_ads: 314.0, t_des: 3279.0, bed_util_ads: 0.078, bed_util_des: 0.073, frac_lost: 0.010, li_recovered:  0.373
L: 0.60, u_super: 0.00021, sec: 796.959, t_ads: 435.0, t_des: 2417.0, bed_util_ads: 0.093, bed_util_des: 0.087, frac_lost: 0.010, li_recovered:  0.384
L: 0.60, u_super: 0.00010, sec: 184.449, t_ads: 777.0, t_des: 1612.0, bed_util_ads: 0.102, bed_util_des: 0.098, frac_lost: 0.010, li_recovered:  0.301
L: 0.60, u_super: 0.00038, sec: 2532.403, t_ads: 255.0, t_des: 1755.0, bed_util_ads: 0.095, bed_util_des: 0.091, frac_lost: 0.010, li_recovered:  0.270
L: 0.60, u_super: 0.00379, sec: 284668.094, t_ads: 29.0, t_des: 335.0, bed_util_ads: 0.099, bed_util_des: 0.099, frac_lost: 0.010, li_recovered:  0.045
L: 0.60, u_super: 0.00190, sec: 50781.711, t_ads: 55.0, t_des: 295.0, bed_util_ads: 0.125, bed_util_des: 0.124, frac_lost: 0.010, li_recovered:  0.059
L: 0.60, u_super: 0.00106, sec: 15393.642, t_ads: 95.0, t_des: 419.0, bed_util_ads: 0.127, bed_util_des: 0.125, frac_lost: 0.010, li_recovered:  0.088
L: 0.60, u_super: 0.00010, sec: 179.532, t_ads: 802.0, t_des: 2017.0, bed_util_ads: 0.098, bed_util_des: 0.093, frac_lost: 0.010, li_recovered:  0.364
L: 0.60, u_super: 0.00161, sec: 36812.324, t_ads: 65.0, t_des: 372.0, bed_util_ads: 0.121, bed_util_des: 0.120, frac_lost: 0.011, li_recovered:  0.073
L: 0.94, u_super: 0.00010, sec: 338.748, t_ads: 1004.0, t_des: 1019.0, bed_util_ads: 0.100, bed_util_des: 0.098, frac_lost: 0.010, li_recovered:  0.138
L: 0.62, u_super: 0.00010, sec: inf, t_ads: 610.0, t_des: 0.0, bed_util_ads: 0.128, bed_util_des: 0.128, frac_lost: 0.010, li_recovered:  0.000
L: 0.60, u_super: 0.00010, sec: 181.906, t_ads: 801.0, t_des: 2094.0, bed_util_ads: 0.097, bed_util_des: 0.092, frac_lost: 0.010, li_recovered:  0.375
L: 0.60, u_super: 0.00010, sec: 179.168, t_ads: 811.0, t_des: 2176.0, bed_util_ads: 0.097, bed_util_des: 0.091, frac_lost: 0.010, li_recovered:  0.387
L: 0.62, u_super: 0.00118, sec: 18432.404, t_ads: 89.0, t_des: 339.0, bed_util_ads: 0.135, bed_util_des: 0.134, frac_lost: 0.010, li_recovered:  0.076
L: 0.60, u_super: 0.00010, sec: 186.350, t_ads: 771.0, t_des: 1528.0, bed_util_ads: 0.103, bed_util_des: 0.099, frac_lost: 0.010, li_recovered:  0.286
L: 0.60, u_super: 0.00186, sec: 54591.246, t_ads: 56.0, t_des: 395.0, bed_util_ads: 0.112, bed_util_des: 0.111, frac_lost: 0.010, li_recovered:  0.068
L: 0.60, u_super: 0.00145, sec: 43145.742, t_ads: 72.0, t_des: 818.0, bed_util_ads: 0.091, bed_util_des: 0.090, frac_lost: 0.010, li_recovered:  0.103
L: 0.94, u_super: 0.00010, sec: 244.202, t_ads: 1075.0, t_des: 1567.0, bed_util_ads: 0.095, bed_util_des: 0.092, frac_lost: 0.010, li_recovered:  0.251
L: 0.61, u_super: 0.00010, sec: 250.363, t_ads: 722.0, t_des: 869.0, bed_util_ads: 0.112, bed_util_des: 0.110, frac_lost: 0.010, li_recovered:  0.147
L: 0.60, u_super: 0.00021, sec: 850.469, t_ads: 451.0, t_des: 3150.0, bed_util_ads: 0.085, bed_util_des: 0.079, frac_lost: 0.010, li_recovered:  0.436
L: 0.94, u_super: 0.00014, sec: inf, t_ads: 381.0, t_des: 0.0, bed_util_ads: 0.168, bed_util_des: 0.168, frac_lost: 0.010, li_recovered:  0.000
L: 0.65, u_super: 0.00010, sec: 182.782, t_ads: 871.0, t_des: 2354.0, bed_util_ads: 0.094, bed_util_des: 0.089, frac_lost: 0.010, li_recovered:  0.409
L: 0.60, u_super: 0.00267, sec: 115088.953, t_ads: 40.0, t_des: 93.0, bed_util_ads: 0.177, bed_util_des: 0.177, frac_lost: 0.011, li_recovered:  0.020
L: 0.60, u_super: 0.00311, sec: 392143.438, t_ads: 35.0, t_des: 1058.0, bed_util_ads: 0.065, bed_util_des: 0.064, frac_lost: 0.010, li_recovered:  0.065
L: 0.70, u_super: 0.00218, sec: 144043.703, t_ads: 57.0, t_des: 1148.0, bed_util_ads: 0.073, bed_util_des: 0.072, frac_lost: 0.010, li_recovered:  0.095
L: 0.60, u_super: 0.00010, sec: 956.873, t_ads: 651.0, t_des: 412.0, bed_util_ads: 0.121, bed_util_des: 0.121, frac_lost: 0.010, li_recovered:  0.026
L: 0.60, u_super: 0.00050, sec: 3409.693, t_ads: 191.0, t_des: 594.0, bed_util_ads: 0.130, bed_util_des: 0.128, frac_lost: 0.010, li_recovered:  0.132
L: 0.61, u_super: 0.00010, sec: 180.328, t_ads: 836.0, t_des: 2557.0, bed_util_ads: 0.093, bed_util_des: 0.087, frac_lost: 0.010, li_recovered:  0.436
L: 0.60, u_super: 0.00010, sec: 211.757, t_ads: 906.0, t_des: 5213.0, bed_util_ads: 0.078, bed_util_des: 0.068, frac_lost: 0.010, li_recovered:  0.670
L: 0.60, u_super: 0.00010, sec: 179.428, t_ads: 823.0, t_des: 2420.0, bed_util_ads: 0.094, bed_util_des: 0.089, frac_lost: 0.010, li_recovered:  0.419
L: 0.61, u_super: 0.00010, sec: 253.472, t_ads: 957.0, t_des: 7778.0, bed_util_ads: 0.068, bed_util_des: 0.057, frac_lost: 0.010, li_recovered:  0.800
    22 |      880 |  2.029521E+04 |  1.791674E+02
L: 1.15, u_super: 0.00010, sec: inf, t_ads: 852.0, t_des: 0.0, bed_util_ads: 0.111, bed_util_des: 0.111, frac_lost: 0.010, li_recovered:  0.000
L: 0.60, u_super: 0.00010, sec: 249.395, t_ads: 710.0, t_des: 854.0, bed_util_ads: 0.113, bed_util_des: 0.111, frac_lost: 0.010, li_recovered:  0.145
L: 0.60, u_super: 0.00010, sec: 249.889, t_ads: 710.0, t_des: 853.0, bed_util_ads: 0.113, bed_util_des: 0.111, frac_lost: 0.010, li_recovered:  0.145
L: 0.60, u_super: 0.00010, sec: 179.226, t_ads: 809.0, t_des: 2144.0, bed_util_ads: 0.097, bed_util_des: 0.092, frac_lost: 0.010, li_recovered:  0.382
L: 0.64, u_super: 0.00039, sec: 5827.335, t_ads: 275.0, t_des: 6087.0, bed_util_ads: 0.059, bed_util_des: 0.053, frac_lost: 0.010, li_recovered:  0.394
L: 0.60, u_super: 0.00010, sec: 179.090, t_ads: 818.0, t_des: 2309.0, bed_util_ads: 0.095, bed_util_des: 0.090, frac_lost: 0.010, li_recovered:  0.405
L: 0.60, u_super: 0.00010, sec: 181.423, t_ads: 840.0, t_des: 2817.0, bed_util_ads: 0.091, bed_util_des: 0.085, frac_lost: 0.010, li_recovered:  0.467
L: 0.60, u_super: 0.00010, sec: 200.355, t_ads: 890.0, t_des: 4442.0, bed_util_ads: 0.081, bed_util_des: 0.073, frac_lost: 0.010, li_recovered:  0.617
L: 1.29, u_super: 0.00010, sec: 232.025, t_ads: 1615.0, t_des: 4110.0, bed_util_ads: 0.078, bed_util_des: 0.070, frac_lost: 0.010, li_recovered:  0.572
L: 0.60, u_super: 0.00010, sec: 244.773, t_ads: 712.0, t_des: 873.0, bed_util_ads: 0.112, bed_util_des: 0.110, frac_lost: 0.010, li_recovered:  0.150
L: 0.60, u_super: 0.00015, sec: 444.328, t_ads: 602.0, t_des: 3500.0, bed_util_ads: 0.085, bed_util_des: 0.078, frac_lost: 0.010, li_recovered:  0.505
L: 0.60, u_super: 0.00010, sec: 215.244, t_ads: 731.0, t_des: 1054.0, bed_util_ads: 0.109, bed_util_des: 0.107, frac_lost: 0.010, li_recovered:  0.192
L: 0.60, u_super: 0.00010, sec: 193.301, t_ads: 756.0, t_des: 1387.0, bed_util_ads: 0.105, bed_util_des: 0.101, frac_lost: 0.010, li_recovered:  0.261
L: 0.60, u_super: 0.00379, sec: 187845.922, t_ads: 29.0, t_des: 112.0, bed_util_ads: 0.154, bed_util_des: 0.153, frac_lost: 0.010, li_recovered:  0.026
L: 1.43, u_super: 0.00010, sec: inf, t_ads: 734.0, t_des: 0.0, bed_util_ads: 0.120, bed_util_des: 0.120, frac_lost: 0.010, li_recovered:  0.000
L: 0.60, u_super: 0.00106, sec: 26379.162, t_ads: 98.0, t_des: 1324.0, bed_util_ads: 0.082, bed_util_des: 0.080, frac_lost: 0.010, li_recovered:  0.143
L: 0.60, u_super: 0.00010, sec: 179.587, t_ads: 802.0, t_des: 2015.0, bed_util_ads: 0.098, bed_util_des: 0.093, frac_lost: 0.010, li_recovered:  0.364
L: 0.60, u_super: 0.00161, sec: 36914.711, t_ads: 65.0, t_des: 371.0, bed_util_ads: 0.121, bed_util_des: 0.120, frac_lost: 0.010, li_recovered:  0.072
L: 0.60, u_super: 0.00015, sec: 382.509, t_ads: 563.0, t_des: 1800.0, bed_util_ads: 0.103, bed_util_des: 0.098, frac_lost: 0.010, li_recovered:  0.338
L: 0.60, u_super: 0.00167, sec: 38034.039, t_ads: 62.0, t_des: 292.0, bed_util_ads: 0.130, bed_util_des: 0.129, frac_lost: 0.010, li_recovered:  0.062
L: 0.60, u_super: 0.00010, sec: 200.867, t_ads: 879.0, t_des: 4246.0, bed_util_ads: 0.082, bed_util_des: 0.074, frac_lost: 0.010, li_recovered:  0.602
L: 0.61, u_super: 0.00010, sec: 179.625, t_ads: 818.0, t_des: 2168.0, bed_util_ads: 0.097, bed_util_des: 0.091, frac_lost: 0.010, li_recovered:  0.385
L: 0.69, u_super: 0.00118, sec: 42205.988, t_ads: 100.0, t_des: 1908.0, bed_util_ads: 0.071, bed_util_des: 0.068, frac_lost: 0.010, li_recovered:  0.156
L: 0.60, u_super: 0.00010, sec: 195.171, t_ads: 880.0, t_des: 4058.0, bed_util_ads: 0.083, bed_util_des: 0.075, frac_lost: 0.010, li_recovered:  0.587
L: 0.60, u_super: 0.00092, sec: 11298.277, t_ads: 109.0, t_des: 430.0, bed_util_ads: 0.130, bed_util_des: 0.129, frac_lost: 0.010, li_recovered:  0.094
L: 0.60, u_super: 0.00010, sec: 179.083, t_ads: 819.0, t_des: 2333.0, bed_util_ads: 0.095, bed_util_des: 0.090, frac_lost: 0.010, li_recovered:  0.408
L: 0.94, u_super: 0.00133, sec: 40282.070, t_ads: 121.0, t_des: 1516.0, bed_util_ads: 0.083, bed_util_des: 0.081, frac_lost: 0.010, li_recovered:  0.170
L: 0.61, u_super: 0.00010, sec: 180.136, t_ads: 822.0, t_des: 2152.0, bed_util_ads: 0.097, bed_util_des: 0.091, frac_lost: 0.010, li_recovered:  0.383
L: 0.60, u_super: 0.00021, sec: 764.970, t_ads: 443.0, t_des: 2435.0, bed_util_ads: 0.093, bed_util_des: 0.087, frac_lost: 0.010, li_recovered:  0.388
L: 0.60, u_super: 0.00280, sec: 117042.484, t_ads: 38.0, t_des: 96.0, bed_util_ads: 0.172, bed_util_des: 0.172, frac_lost: 0.010, li_recovered:  0.022
L: 0.60, u_super: 0.00010, sec: 179.347, t_ads: 823.0, t_des: 2416.0, bed_util_ads: 0.095, bed_util_des: 0.089, frac_lost: 0.010, li_recovered:  0.419
L: 0.60, u_super: 0.00010, sec: inf, t_ads: 359.0, t_des: 0.0, bed_util_ads: 0.172, bed_util_des: 0.172, frac_lost: 0.010, li_recovered:  0.000
L: 0.60, u_super: 0.00311, sec: 132063.844, t_ads: 35.0, t_des: 185.0, bed_util_ads: 0.134, bed_util_des: 0.133, frac_lost: 0.011, li_recovered:  0.039
L: 0.60, u_super: 0.00218, sec: 64448.371, t_ads: 48.0, t_des: 220.0, bed_util_ads: 0.134, bed_util_des: 0.134, frac_lost: 0.010, li_recovered:  0.047
L: 0.60, u_super: 0.00030, sec: 1292.411, t_ads: 303.0, t_des: 838.0, bed_util_ads: 0.123, bed_util_des: 0.121, frac_lost: 0.010, li_recovered:  0.183
L: 0.60, u_super: 0.00142, sec: 27223.314, t_ads: 73.0, t_des: 341.0, bed_util_ads: 0.129, bed_util_des: 0.128, frac_lost: 0.010, li_recovered:  0.072
L: 0.60, u_super: 0.00021, sec: 717.564, t_ads: 447.0, t_des: 2244.0, bed_util_ads: 0.095, bed_util_des: 0.090, frac_lost: 0.010, li_recovered:  0.373
L: 0.60, u_super: 0.00010, sec: 186.640, t_ads: 859.0, t_des: 3345.0, bed_util_ads: 0.088, bed_util_des: 0.080, frac_lost: 0.010, li_recovered:  0.523
L: 0.60, u_super: 0.00010, sec: 179.286, t_ads: 823.0, t_des: 2423.0, bed_util_ads: 0.094, bed_util_des: 0.089, frac_lost: 0.010, li_recovered:  0.420
L: 0.76, u_super: 0.00010, sec: 284.507, t_ads: 1195.0, t_des: 10331.0, bed_util_ads: 0.063, bed_util_des: 0.050, frac_lost: 0.010, li_recovered:  0.940
    23 |      920 |  1.976679E+04 |  1.790826E+02
L: 0.60, u_super: 0.00010, sec: 312.046, t_ads: 690.0, t_des: 692.0, bed_util_ads: 0.116, bed_util_des: 0.114, frac_lost: 0.010, li_recovered:  0.103
L: 0.60, u_super: 0.00010, sec: 249.000, t_ads: 710.0, t_des: 855.0, bed_util_ads: 0.113, bed_util_des: 0.111, frac_lost: 0.010, li_recovered:  0.146
L: 0.60, u_super: 0.00010, sec: 249.867, t_ads: 710.0, t_des: 853.0, bed_util_ads: 0.113, bed_util_des: 0.111, frac_lost: 0.010, li_recovered:  0.145
L: 0.61, u_super: 0.00010, sec: 180.053, t_ads: 820.0, t_des: 2133.0, bed_util_ads: 0.097, bed_util_des: 0.092, frac_lost: 0.010, li_recovered:  0.380
L: 0.60, u_super: 0.00039, sec: 2247.795, t_ads: 241.0, t_des: 996.0, bed_util_ads: 0.114, bed_util_des: 0.111, frac_lost: 0.010, li_recovered:  0.199
L: 0.60, u_super: 0.00010, sec: 179.035, t_ads: 818.0, t_des: 2311.0, bed_util_ads: 0.095, bed_util_des: 0.090, frac_lost: 0.010, li_recovered:  0.405
L: 0.60, u_super: 0.00010, sec: 180.789, t_ads: 792.0, t_des: 1838.0, bed_util_ads: 0.100, bed_util_des: 0.095, frac_lost: 0.010, li_recovered:  0.337
L: 0.60, u_super: 0.00010, sec: 227.443, t_ads: 722.0, t_des: 965.0, bed_util_ads: 0.111, bed_util_des: 0.108, frac_lost: 0.010, li_recovered:  0.172
L: 1.29, u_super: 0.00010, sec: inf, t_ads: 928.0, t_des: 0.0, bed_util_ads: 0.107, bed_util_des: 0.107, frac_lost: 0.010, li_recovered:  0.000
L: 0.60, u_super: 0.00016, sec: 404.258, t_ads: 530.0, t_des: 1172.0, bed_util_ads: 0.113, bed_util_des: 0.110, frac_lost: 0.010, li_recovered:  0.236
L: 0.60, u_super: 0.00010, sec: 205.674, t_ads: 740.0, t_des: 1146.0, bed_util_ads: 0.108, bed_util_des: 0.105, frac_lost: 0.010, li_recovered:  0.213
L: 0.60, u_super: 0.00010, sec: 179.283, t_ads: 817.0, t_des: 2299.0, bed_util_ads: 0.096, bed_util_des: 0.090, frac_lost: 0.010, li_recovered:  0.403
L: 0.60, u_super: 0.00010, sec: 181.680, t_ads: 808.0, t_des: 2186.0, bed_util_ads: 0.097, bed_util_des: 0.091, frac_lost: 0.010, li_recovered:  0.388
L: 0.60, u_super: 0.00379, sec: 188643.141, t_ads: 29.0, t_des: 112.0, bed_util_ads: 0.154, bed_util_des: 0.153, frac_lost: 0.010, li_recovered:  0.026
L: 0.60, u_super: 0.00190, sec: 50810.699, t_ads: 55.0, t_des: 295.0, bed_util_ads: 0.125, bed_util_des: 0.124, frac_lost: 0.010, li_recovered:  0.059
L: 0.60, u_super: 0.00106, sec: 15407.019, t_ads: 95.0, t_des: 419.0, bed_util_ads: 0.127, bed_util_des: 0.125, frac_lost: 0.010, li_recovered:  0.088
L: 0.60, u_super: 0.00010, sec: 179.505, t_ads: 802.0, t_des: 2017.0, bed_util_ads: 0.098, bed_util_des: 0.093, frac_lost: 0.010, li_recovered:  0.364
L: 0.60, u_super: 0.00161, sec: 36883.965, t_ads: 65.0, t_des: 371.0, bed_util_ads: 0.121, bed_util_des: 0.120, frac_lost: 0.010, li_recovered:  0.072
L: 0.60, u_super: 0.00010, sec: 184.686, t_ads: 776.0, t_des: 1597.0, bed_util_ads: 0.102, bed_util_des: 0.098, frac_lost: 0.010, li_recovered:  0.298
L: 0.62, u_super: 0.00167, sec: 63092.527, t_ads: 65.0, t_des: 863.0, bed_util_ads: 0.086, bed_util_des: 0.085, frac_lost: 0.010, li_recovered:  0.097
L: 0.60, u_super: 0.00010, sec: 182.035, t_ads: 801.0, t_des: 2091.0, bed_util_ads: 0.097, bed_util_des: 0.092, frac_lost: 0.010, li_recovered:  0.375
L: 0.61, u_super: 0.00010, sec: 179.554, t_ads: 817.0, t_des: 2171.0, bed_util_ads: 0.097, bed_util_des: 0.091, frac_lost: 0.010, li_recovered:  0.386
L: 0.62, u_super: 0.00141, sec: 38667.059, t_ads: 76.0, t_des: 778.0, bed_util_ads: 0.094, bed_util_des: 0.092, frac_lost: 0.010, li_recovered:  0.103
L: 0.60, u_super: 0.00010, sec: 179.158, t_ads: 821.0, t_des: 2380.0, bed_util_ads: 0.095, bed_util_des: 0.089, frac_lost: 0.010, li_recovered:  0.414
L: 0.60, u_super: 0.00060, sec: 9358.486, t_ads: 169.0, t_des: 2473.0, bed_util_ads: 0.075, bed_util_des: 0.071, frac_lost: 0.010, li_recovered:  0.237
L: 0.60, u_super: 0.00010, sec: 179.215, t_ads: 818.0, t_des: 2328.0, bed_util_ads: 0.095, bed_util_des: 0.090, frac_lost: 0.010, li_recovered:  0.407
L: 0.94, u_super: 0.00010, sec: 206.573, t_ads: 1199.0, t_des: 2917.0, bed_util_ads: 0.087, bed_util_des: 0.081, frac_lost: 0.010, li_recovered:  0.462
L: 0.61, u_super: 0.00010, sec: 189.070, t_ads: 881.0, t_des: 3565.0, bed_util_ads: 0.086, bed_util_des: 0.079, frac_lost: 0.010, li_recovered:  0.545
L: 0.60, u_super: 0.00010, sec: 179.908, t_ads: 829.0, t_des: 2558.0, bed_util_ads: 0.093, bed_util_des: 0.087, frac_lost: 0.010, li_recovered:  0.437
L: 0.60, u_super: 0.00010, sec: inf, t_ads: 378.0, t_des: 0.0, bed_util_ads: 0.168, bed_util_des: 0.168, frac_lost: 0.010, li_recovered:  0.000
L: 0.60, u_super: 0.00010, sec: 186.558, t_ads: 771.0, t_des: 1519.0, bed_util_ads: 0.103, bed_util_des: 0.099, frac_lost: 0.010, li_recovered:  0.285
L: 0.60, u_super: 0.00030, sec: inf, t_ads: 259.0, t_des: 0.0, bed_util_ads: 0.171, bed_util_des: 0.171, frac_lost: 0.010, li_recovered:  0.000
L: 0.60, u_super: 0.00311, sec: 236054.828, t_ads: 35.0, t_des: 550.0, bed_util_ads: 0.086, bed_util_des: 0.085, frac_lost: 0.010, li_recovered:  0.058
L: 0.70, u_super: 0.00218, sec: 113621.875, t_ads: 57.0, t_des: 834.0, bed_util_ads: 0.084, bed_util_des: 0.083, frac_lost: 0.010, li_recovered:  0.089
L: 0.60, u_super: 0.00021, sec: 919.788, t_ads: 389.0, t_des: 541.0, bed_util_ads: 0.134, bed_util_des: 0.133, frac_lost: 0.010, li_recovered:  0.101
L: 0.60, u_super: 0.00010, sec: inf, t_ads: 610.0, t_des: 0.0, bed_util_ads: 0.127, bed_util_des: 0.127, frac_lost: 0.010, li_recovered:  0.000
L: 0.60, u_super: 0.00010, sec: 293.881, t_ads: 694.0, t_des: 726.0, bed_util_ads: 0.115, bed_util_des: 0.113, frac_lost: 0.010, li_recovered:  0.112
L: 0.60, u_super: 0.00010, sec: 186.392, t_ads: 859.0, t_des: 3344.0, bed_util_ads: 0.088, bed_util_des: 0.080, frac_lost: 0.010, li_recovered:  0.523
L: 0.60, u_super: 0.00010, sec: 204.545, t_ads: 897.0, t_des: 4746.0, bed_util_ads: 0.080, bed_util_des: 0.071, frac_lost: 0.010, li_recovered:  0.639
L: 0.60, u_super: 0.00010, sec: 180.031, t_ads: 830.0, t_des: 2580.0, bed_util_ads: 0.093, bed_util_des: 0.087, frac_lost: 0.010, li_recovered:  0.439
    24 |      960 |  1.974748E+04 |  1.790349E+02
L: 0.60, u_super: 0.00010, sec: 311.954, t_ads: 690.0, t_des: 692.0, bed_util_ads: 0.116, bed_util_des: 0.114, frac_lost: 0.010, li_recovered:  0.103
L: 0.68, u_super: 0.00010, sec: 215.011, t_ads: 825.0, t_des: 1258.0, bed_util_ads: 0.104, bed_util_des: 0.101, frac_lost: 0.010, li_recovered:  0.225
L: 0.60, u_super: 0.00010, sec: 249.533, t_ads: 710.0, t_des: 854.0, bed_util_ads: 0.113, bed_util_des: 0.111, frac_lost: 0.010, li_recovered:  0.145
L: 0.60, u_super: 0.00010, sec: 179.205, t_ads: 809.0, t_des: 2144.0, bed_util_ads: 0.097, bed_util_des: 0.092, frac_lost: 0.010, li_recovered:  0.382
L: 0.60, u_super: 0.00039, sec: 2246.852, t_ads: 241.0, t_des: 997.0, bed_util_ads: 0.114, bed_util_des: 0.111, frac_lost: 0.010, li_recovered:  0.199
L: 0.60, u_super: 0.00010, sec: 179.164, t_ads: 817.0, t_des: 2306.0, bed_util_ads: 0.095, bed_util_des: 0.090, frac_lost: 0.010, li_recovered:  0.404
L: 0.60, u_super: 0.00010, sec: 180.806, t_ads: 792.0, t_des: 1838.0, bed_util_ads: 0.100, bed_util_des: 0.095, frac_lost: 0.010, li_recovered:  0.337
L: 0.60, u_super: 0.00010, sec: 200.355, t_ads: 890.0, t_des: 4442.0, bed_util_ads: 0.081, bed_util_des: 0.073, frac_lost: 0.010, li_recovered:  0.617
L: 1.29, u_super: 0.00015, sec: 490.770, t_ads: 1185.0, t_des: 4702.0, bed_util_ads: 0.080, bed_util_des: 0.070, frac_lost: 0.010, li_recovered:  0.656
L: 0.60, u_super: 0.00010, sec: 181.828, t_ads: 841.0, t_des: 2849.0, bed_util_ads: 0.091, bed_util_des: 0.084, frac_lost: 0.010, li_recovered:  0.470
L: 0.60, u_super: 0.00010, sec: 205.612, t_ads: 740.0, t_des: 1146.0, bed_util_ads: 0.108, bed_util_des: 0.105, frac_lost: 0.010, li_recovered:  0.213
L: 0.60, u_super: 0.00010, sec: 184.391, t_ads: 852.0, t_des: 3133.0, bed_util_ads: 0.089, bed_util_des: 0.082, frac_lost: 0.010, li_recovered:  0.501
L: 0.60, u_super: 0.00010, sec: 198.729, t_ads: 876.0, t_des: 4112.0, bed_util_ads: 0.083, bed_util_des: 0.075, frac_lost: 0.010, li_recovered:  0.591
L: 1.15, u_super: 0.00379, sec: 196391.266, t_ads: 53.0, t_des: 167.0, bed_util_ads: 0.154, bed_util_des: 0.153, frac_lost: 0.011, li_recovered:  0.039
L: 1.43, u_super: 0.00151, sec: 31787.012, t_ads: 153.0, t_des: 571.0, bed_util_ads: 0.126, bed_util_des: 0.124, frac_lost: 0.010, li_recovered:  0.123
L: 0.61, u_super: 0.00106, sec: 32658.523, t_ads: 99.0, t_des: 1813.0, bed_util_ads: 0.072, bed_util_des: 0.070, frac_lost: 0.010, li_recovered:  0.155
L: 0.60, u_super: 0.00010, sec: 179.477, t_ads: 802.0, t_des: 2017.0, bed_util_ads: 0.098, bed_util_des: 0.093, frac_lost: 0.010, li_recovered:  0.364
L: 1.70, u_super: 0.00161, sec: 37063.918, t_ads: 172.0, t_des: 756.0, bed_util_ads: 0.118, bed_util_des: 0.116, frac_lost: 0.010, li_recovered:  0.153
L: 0.61, u_super: 0.00010, sec: 186.299, t_ads: 785.0, t_des: 1581.0, bed_util_ads: 0.102, bed_util_des: 0.098, frac_lost: 0.010, li_recovered:  0.295
L: 0.62, u_super: 0.00010, sec: inf, t_ads: 610.0, t_des: 0.0, bed_util_ads: 0.128, bed_util_des: 0.128, frac_lost: 0.010, li_recovered:  0.000
L: 0.60, u_super: 0.00161, sec: 51258.977, t_ads: 65.0, t_des: 701.0, bed_util_ads: 0.093, bed_util_des: 0.092, frac_lost: 0.010, li_recovered:  0.091
L: 0.60, u_super: 0.00145, sec: 41987.691, t_ads: 72.0, t_des: 783.0, bed_util_ads: 0.093, bed_util_des: 0.091, frac_lost: 0.010, li_recovered:  0.101
L: 0.60, u_super: 0.00118, sec: 18489.994, t_ads: 86.0, t_des: 330.0, bed_util_ads: 0.135, bed_util_des: 0.134, frac_lost: 0.010, li_recovered:  0.074
L: 0.60, u_super: 0.00010, sec: 179.184, t_ads: 821.0, t_des: 2379.0, bed_util_ads: 0.095, bed_util_des: 0.089, frac_lost: 0.010, li_recovered:  0.414
L: 0.60, u_super: 0.00060, sec: 5333.376, t_ads: 164.0, t_des: 859.0, bed_util_ads: 0.111, bed_util_des: 0.109, frac_lost: 0.010, li_recovered:  0.161
L: 0.60, u_super: 0.00010, sec: 179.278, t_ads: 818.0, t_des: 2326.0, bed_util_ads: 0.095, bed_util_des: 0.090, frac_lost: 0.010, li_recovered:  0.407
L: 0.94, u_super: 0.00010, sec: 205.989, t_ads: 1212.0, t_des: 3100.0, bed_util_ads: 0.086, bed_util_des: 0.079, frac_lost: 0.010, li_recovered:  0.485
L: 0.61, u_super: 0.00010, sec: 185.471, t_ads: 790.0, t_des: 1631.0, bed_util_ads: 0.102, bed_util_des: 0.097, frac_lost: 0.010, li_recovered:  0.303
L: 0.94, u_super: 0.00010, sec: 219.810, t_ads: 1128.0, t_des: 2049.0, bed_util_ads: 0.092, bed_util_des: 0.087, frac_lost: 0.010, li_recovered:  0.335
L: 0.61, u_super: 0.00280, sec: 115898.523, t_ads: 39.0, t_des: 100.0, bed_util_ads: 0.172, bed_util_des: 0.172, frac_lost: 0.011, li_recovered:  0.023
L: 0.60, u_super: 0.00195, sec: 81291.258, t_ads: 55.0, t_des: 703.0, bed_util_ads: 0.090, bed_util_des: 0.089, frac_lost: 0.011, li_recovered:  0.084
L: 0.60, u_super: 0.00267, sec: 156382.172, t_ads: 41.0, t_des: 560.0, bed_util_ads: 0.091, bed_util_des: 0.090, frac_lost: 0.011, li_recovered:  0.066
L: 0.60, u_super: 0.00311, sec: 203907.562, t_ads: 35.0, t_des: 443.0, bed_util_ads: 0.094, bed_util_des: 0.093, frac_lost: 0.010, li_recovered:  0.055
L: 0.60, u_super: 0.00218, sec: 64398.910, t_ads: 48.0, t_des: 220.0, bed_util_ads: 0.134, bed_util_des: 0.134, frac_lost: 0.010, li_recovered:  0.047
L: 0.60, u_super: 0.00021, sec: 975.963, t_ads: 468.0, t_des: 4450.0, bed_util_ads: 0.076, bed_util_des: 0.069, frac_lost: 0.010, li_recovered:  0.501
L: 0.60, u_super: 0.00050, sec: 3413.692, t_ads: 191.0, t_des: 594.0, bed_util_ads: 0.130, bed_util_des: 0.128, frac_lost: 0.010, li_recovered:  0.132
L: 0.80, u_super: 0.00010, sec: 214.961, t_ads: 958.0, t_des: 1598.0, bed_util_ads: 0.098, bed_util_des: 0.094, frac_lost: 0.010, li_recovered:  0.276
L: 0.60, u_super: 0.00010, sec: 181.258, t_ads: 839.0, t_des: 2792.0, bed_util_ads: 0.092, bed_util_des: 0.085, frac_lost: 0.010, li_recovered:  0.464
L: 0.60, u_super: 0.00010, sec: 181.166, t_ads: 790.0, t_des: 1814.0, bed_util_ads: 0.100, bed_util_des: 0.095, frac_lost: 0.010, li_recovered:  0.333
L: 0.60, u_super: 0.00010, sec: 179.237, t_ads: 819.0, t_des: 2346.0, bed_util_ads: 0.095, bed_util_des: 0.089, frac_lost: 0.010, li_recovered:  0.409
    25 |     1000 |  1.925801E+04 |  1.790349E+02
L: 0.60, u_super: 0.00010, sec: 199.238, t_ads: 888.0, t_des: 4367.0, bed_util_ads: 0.082, bed_util_des: 0.073, frac_lost: 0.010, li_recovered:  0.612
L: 0.60, u_super: 0.00010, sec: 190.838, t_ads: 761.0, t_des: 1390.0, bed_util_ads: 0.105, bed_util_des: 0.101, frac_lost: 0.010, li_recovered:  0.261
L: 0.60, u_super: 0.00010, sec: 188.398, t_ads: 766.0, t_des: 1458.0, bed_util_ads: 0.104, bed_util_des: 0.100, frac_lost: 0.010, li_recovered:  0.274
L: 0.60, u_super: 0.00010, sec: 179.230, t_ads: 807.0, t_des: 2100.0, bed_util_ads: 0.097, bed_util_des: 0.092, frac_lost: 0.010, li_recovered:  0.376
L: 0.64, u_super: 0.00039, sec: 2711.969, t_ads: 265.0, t_des: 1842.0, bed_util_ads: 0.094, bed_util_des: 0.090, frac_lost: 0.010, li_recovered:  0.280
L: 0.60, u_super: 0.00010, sec: 179.235, t_ads: 817.0, t_des: 2304.0, bed_util_ads: 0.095, bed_util_des: 0.090, frac_lost: 0.010, li_recovered:  0.404
L: 0.60, u_super: 0.00010, sec: 321.341, t_ads: 688.0, t_des: 677.0, bed_util_ads: 0.116, bed_util_des: 0.114, frac_lost: 0.010, li_recovered:  0.098
L: 0.60, u_super: 0.00010, sec: 200.290, t_ads: 890.0, t_des: 4440.0, bed_util_ads: 0.081, bed_util_des: 0.073, frac_lost: 0.010, li_recovered:  0.617
L: 0.60, u_super: 0.00010, sec: 205.522, t_ads: 900.0, t_des: 4798.0, bed_util_ads: 0.079, bed_util_des: 0.070, frac_lost: 0.010, li_recovered:  0.643
L: 0.65, u_super: 0.00010, sec: 184.298, t_ads: 896.0, t_des: 2799.0, bed_util_ads: 0.091, bed_util_des: 0.084, frac_lost: 0.010, li_recovered:  0.465
L: 0.63, u_super: 0.00010, sec: 218.707, t_ads: 766.0, t_des: 1097.0, bed_util_ads: 0.108, bed_util_des: 0.105, frac_lost: 0.010, li_recovered:  0.197
L: 0.60, u_super: 0.00010, sec: 187.701, t_ads: 768.0, t_des: 1484.0, bed_util_ads: 0.104, bed_util_des: 0.100, frac_lost: 0.010, li_recovered:  0.278
L: 0.60, u_super: 0.00010, sec: 234.720, t_ads: 920.0, t_des: 6423.0, bed_util_ads: 0.073, bed_util_des: 0.062, frac_lost: 0.010, li_recovered:  0.736
L: 0.60, u_super: 0.00379, sec: 188577.938, t_ads: 29.0, t_des: 112.0, bed_util_ads: 0.154, bed_util_des: 0.153, frac_lost: 0.010, li_recovered:  0.026
L: 0.61, u_super: 0.00151, sec: 31745.691, t_ads: 69.0, t_des: 348.0, bed_util_ads: 0.125, bed_util_des: 0.124, frac_lost: 0.010, li_recovered:  0.071
L: 0.60, u_super: 0.00010, sec: inf, t_ads: 625.0, t_des: 0.0, bed_util_ads: 0.125, bed_util_des: 0.125, frac_lost: 0.010, li_recovered:  0.000
L: 0.60, u_super: 0.00035, sec: 2003.655, t_ads: 279.0, t_des: 1733.0, bed_util_ads: 0.097, bed_util_des: 0.093, frac_lost: 0.010, li_recovered:  0.279
L: 0.60, u_super: 0.00161, sec: 36925.672, t_ads: 65.0, t_des: 371.0, bed_util_ads: 0.121, bed_util_des: 0.120, frac_lost: 0.010, li_recovered:  0.072
L: 0.60, u_super: 0.00010, sec: 184.955, t_ads: 775.0, t_des: 1592.0, bed_util_ads: 0.102, bed_util_des: 0.098, frac_lost: 0.010, li_recovered:  0.297
L: 0.60, u_super: 0.00167, sec: 38121.719, t_ads: 62.0, t_des: 292.0, bed_util_ads: 0.130, bed_util_des: 0.129, frac_lost: 0.010, li_recovered:  0.062
L: 0.60, u_super: 0.00010, sec: 181.798, t_ads: 817.0, t_des: 2402.0, bed_util_ads: 0.095, bed_util_des: 0.089, frac_lost: 0.010, li_recovered:  0.417
L: 0.60, u_super: 0.00025, sec: 1016.652, t_ads: 381.0, t_des: 2066.0, bed_util_ads: 0.096, bed_util_des: 0.091, frac_lost: 0.010, li_recovered:  0.341
L: 0.60, u_super: 0.00118, sec: 18472.424, t_ads: 86.0, t_des: 330.0, bed_util_ads: 0.135, bed_util_des: 0.134, frac_lost: 0.010, li_recovered:  0.074
L: 0.60, u_super: 0.00010, sec: 180.629, t_ads: 818.0, t_des: 2380.0, bed_util_ads: 0.095, bed_util_des: 0.089, frac_lost: 0.010, li_recovered:  0.414
L: 0.60, u_super: 0.00060, sec: 9198.275, t_ads: 169.0, t_des: 2415.0, bed_util_ads: 0.075, bed_util_des: 0.072, frac_lost: 0.010, li_recovered:  0.236
L: 0.60, u_super: 0.00010, sec: inf, t_ads: 539.0, t_des: 0.0, bed_util_ads: 0.138, bed_util_des: 0.138, frac_lost: 0.010, li_recovered:  0.000
L: 0.60, u_super: 0.00010, sec: 187.892, t_ads: 864.0, t_des: 3483.0, bed_util_ads: 0.087, bed_util_des: 0.079, frac_lost: 0.010, li_recovered:  0.536
L: 0.61, u_super: 0.00010, sec: 180.966, t_ads: 846.0, t_des: 2634.0, bed_util_ads: 0.093, bed_util_des: 0.086, frac_lost: 0.010, li_recovered:  0.446
L: 0.60, u_super: 0.00010, sec: 192.390, t_ads: 758.0, t_des: 1353.0, bed_util_ads: 0.105, bed_util_des: 0.102, frac_lost: 0.010, li_recovered:  0.254
L: 0.61, u_super: 0.00030, sec: inf, t_ads: 262.0, t_des: 0.0, bed_util_ads: 0.171, bed_util_des: 0.171, frac_lost: 0.010, li_recovered:  0.000
L: 0.60, u_super: 0.00010, sec: 249.307, t_ads: 940.0, t_des: 7503.0, bed_util_ads: 0.069, bed_util_des: 0.058, frac_lost: 0.010, li_recovered:  0.785
L: 0.60, u_super: 0.00201, sec: 74427.609, t_ads: 51.0, t_des: 103.0, bed_util_ads: 0.177, bed_util_des: 0.177, frac_lost: 0.010, li_recovered:  0.020
L: 0.60, u_super: 0.00356, sec: 173001.656, t_ads: 31.0, t_des: 173.0, bed_util_ads: 0.134, bed_util_des: 0.133, frac_lost: 0.011, li_recovered:  0.036
L: 0.70, u_super: 0.00010, sec: inf, t_ads: 600.0, t_des: 0.0, bed_util_ads: 0.131, bed_util_des: 0.131, frac_lost: 0.010, li_recovered:  0.000
L: 0.60, u_super: 0.00021, sec: 655.452, t_ads: 431.0, t_des: 1451.0, bed_util_ads: 0.108, bed_util_des: 0.104, frac_lost: 0.010, li_recovered:  0.286
L: 0.60, u_super: 0.00010, sec: inf, t_ads: 610.0, t_des: 0.0, bed_util_ads: 0.127, bed_util_des: 0.127, frac_lost: 0.010, li_recovered:  0.000
L: 0.60, u_super: 0.00010, sec: 179.175, t_ads: 816.0, t_des: 2286.0, bed_util_ads: 0.096, bed_util_des: 0.090, frac_lost: 0.010, li_recovered:  0.401
L: 0.60, u_super: 0.00010, sec: 181.258, t_ads: 839.0, t_des: 2792.0, bed_util_ads: 0.092, bed_util_des: 0.085, frac_lost: 0.010, li_recovered:  0.464
L: 0.99, u_super: 0.00010, sec: 237.393, t_ads: 1145.0, t_des: 1812.0, bed_util_ads: 0.093, bed_util_des: 0.089, frac_lost: 0.010, li_recovered:  0.289
L: 0.60, u_super: 0.00010, sec: 181.934, t_ads: 786.0, t_des: 1751.0, bed_util_ads: 0.101, bed_util_des: 0.096, frac_lost: 0.010, li_recovered:  0.323
    26 |     1040 |  1.823330E+04 |  1.790349E+02
L: 0.60, u_super: 0.00010, sec: 211.910, t_ads: 906.0, t_des: 5220.0, bed_util_ads: 0.077, bed_util_des: 0.068, frac_lost: 0.010, li_recovered:  0.670
L: 0.61, u_super: 0.00010, sec: 192.271, t_ads: 766.0, t_des: 1379.0, bed_util_ads: 0.105, bed_util_des: 0.101, frac_lost: 0.010, li_recovered:  0.259
L: 0.60, u_super: 0.00010, sec: 188.832, t_ads: 768.0, t_des: 1454.0, bed_util_ads: 0.104, bed_util_des: 0.100, frac_lost: 0.010, li_recovered:  0.273
L: 0.60, u_super: 0.00010, sec: 179.979, t_ads: 829.0, t_des: 2556.0, bed_util_ads: 0.093, bed_util_des: 0.087, frac_lost: 0.010, li_recovered:  0.436
L: 0.60, u_super: 0.00039, sec: 2244.842, t_ads: 241.0, t_des: 998.0, bed_util_ads: 0.114, bed_util_des: 0.111, frac_lost: 0.010, li_recovered:  0.199
L: 0.60, u_super: 0.00010, sec: 179.163, t_ads: 817.0, t_des: 2306.0, bed_util_ads: 0.095, bed_util_des: 0.090, frac_lost: 0.010, li_recovered:  0.404
L: 0.60, u_super: 0.00010, sec: 183.000, t_ads: 847.0, t_des: 2994.0, bed_util_ads: 0.090, bed_util_des: 0.083, frac_lost: 0.010, li_recovered:  0.486
L: 0.60, u_super: 0.00030, sec: 1999.811, t_ads: 330.0, t_des: 3416.0, bed_util_ads: 0.078, bed_util_des: 0.073, frac_lost: 0.010, li_recovered:  0.387
L: 0.60, u_super: 0.00010, sec: 202.303, t_ads: 746.0, t_des: 1191.0, bed_util_ads: 0.107, bed_util_des: 0.104, frac_lost: 0.010, li_recovered:  0.222
L: 0.60, u_super: 0.00010, sec: 181.826, t_ads: 841.0, t_des: 2849.0, bed_util_ads: 0.091, bed_util_des: 0.084, frac_lost: 0.010, li_recovered:  0.470
L: 0.60, u_super: 0.00010, sec: 205.792, t_ads: 740.0, t_des: 1145.0, bed_util_ads: 0.108, bed_util_des: 0.105, frac_lost: 0.010, li_recovered:  0.212
L: 0.60, u_super: 0.00010, sec: 202.276, t_ads: 744.0, t_des: 1189.0, bed_util_ads: 0.107, bed_util_des: 0.104, frac_lost: 0.010, li_recovered:  0.222
L: 0.60, u_super: 0.00010, sec: 181.411, t_ads: 807.0, t_des: 2193.0, bed_util_ads: 0.097, bed_util_des: 0.091, frac_lost: 0.010, li_recovered:  0.389
L: 0.60, u_super: 0.00379, sec: 497394.594, t_ads: 30.0, t_des: 803.0, bed_util_ads: 0.072, bed_util_des: 0.071, frac_lost: 0.011, li_recovered:  0.059
L: 0.60, u_super: 0.00151, sec: 31887.178, t_ads: 68.0, t_des: 340.0, bed_util_ads: 0.125, bed_util_des: 0.124, frac_lost: 0.010, li_recovered:  0.069
L: 0.60, u_super: 0.00106, sec: 32240.436, t_ads: 98.0, t_des: 1742.0, bed_util_ads: 0.073, bed_util_des: 0.071, frac_lost: 0.010, li_recovered:  0.151
L: 0.60, u_super: 0.00010, sec: 179.532, t_ads: 802.0, t_des: 2017.0, bed_util_ads: 0.098, bed_util_des: 0.093, frac_lost: 0.010, li_recovered:  0.364
L: 1.70, u_super: 0.00161, sec: 73130.680, t_ads: 179.0, t_des: 2870.0, bed_util_ads: 0.071, bed_util_des: 0.068, frac_lost: 0.010, li_recovered:  0.255
L: 0.60, u_super: 0.00010, sec: 184.817, t_ads: 777.0, t_des: 1596.0, bed_util_ads: 0.102, bed_util_des: 0.098, frac_lost: 0.010, li_recovered:  0.298
L: 0.62, u_super: 0.00010, sec: inf, t_ads: 610.0, t_des: 0.0, bed_util_ads: 0.128, bed_util_des: 0.128, frac_lost: 0.010, li_recovered:  0.000
L: 0.60, u_super: 0.00035, sec: 2164.077, t_ads: 278.0, t_des: 1951.0, bed_util_ads: 0.093, bed_util_des: 0.089, frac_lost: 0.010, li_recovered:  0.293
L: 0.60, u_super: 0.00014, sec: 320.498, t_ads: 632.0, t_des: 2293.0, bed_util_ads: 0.097, bed_util_des: 0.091, frac_lost: 0.010, li_recovered:  0.402
L: 0.62, u_super: 0.00085, sec: 9756.058, t_ads: 120.0, t_des: 401.0, bed_util_ads: 0.136, bed_util_des: 0.135, frac_lost: 0.010, li_recovered:  0.091
L: 0.60, u_super: 0.00010, sec: 179.159, t_ads: 821.0, t_des: 2380.0, bed_util_ads: 0.095, bed_util_des: 0.089, frac_lost: 0.010, li_recovered:  0.414
L: 0.60, u_super: 0.00060, sec: 4895.269, t_ads: 161.0, t_des: 537.0, bed_util_ads: 0.130, bed_util_des: 0.129, frac_lost: 0.010, li_recovered:  0.120
L: 0.60, u_super: 0.00010, sec: 189.877, t_ads: 869.0, t_des: 3649.0, bed_util_ads: 0.086, bed_util_des: 0.078, frac_lost: 0.010, li_recovered:  0.552
L: 0.60, u_super: 0.00010, sec: 187.862, t_ads: 864.0, t_des: 3482.0, bed_util_ads: 0.087, bed_util_des: 0.079, frac_lost: 0.010, li_recovered:  0.536
L: 0.61, u_super: 0.00010, sec: 180.194, t_ads: 822.0, t_des: 2151.0, bed_util_ads: 0.097, bed_util_des: 0.091, frac_lost: 0.010, li_recovered:  0.382
L: 0.60, u_super: 0.00058, sec: 5081.537, t_ads: 170.0, t_des: 939.0, bed_util_ads: 0.109, bed_util_des: 0.107, frac_lost: 0.010, li_recovered:  0.172
L: 0.60, u_super: 0.00280, sec: 117104.898, t_ads: 38.0, t_des: 96.0, bed_util_ads: 0.172, bed_util_des: 0.172, frac_lost: 0.010, li_recovered:  0.022
L: 0.60, u_super: 0.00010, sec: 179.381, t_ads: 823.0, t_des: 2415.0, bed_util_ads: 0.095, bed_util_des: 0.089, frac_lost: 0.010, li_recovered:  0.418
L: 0.60, u_super: 0.00025, sec: 968.778, t_ads: 377.0, t_des: 1779.0, bed_util_ads: 0.101, bed_util_des: 0.096, frac_lost: 0.010, li_recovered:  0.315
L: 0.60, u_super: 0.00010, sec: inf, t_ads: 577.0, t_des: 0.0, bed_util_ads: 0.132, bed_util_des: 0.132, frac_lost: 0.010, li_recovered:  0.000
L: 0.60, u_super: 0.00218, sec: 64338.309, t_ads: 48.0, t_des: 220.0, bed_util_ads: 0.134, bed_util_des: 0.134, frac_lost: 0.010, li_recovered:  0.047
L: 0.60, u_super: 0.00092, sec: 18228.410, t_ads: 112.0, t_des: 1329.0, bed_util_ads: 0.086, bed_util_des: 0.083, frac_lost: 0.010, li_recovered:  0.156
L: 0.60, u_super: 0.00010, sec: inf, t_ads: 610.0, t_des: 0.0, bed_util_ads: 0.127, bed_util_des: 0.127, frac_lost: 0.010, li_recovered:  0.000
L: 0.60, u_super: 0.00106, sec: 21978.625, t_ads: 97.0, t_des: 990.0, bed_util_ads: 0.092, bed_util_des: 0.090, frac_lost: 0.010, li_recovered:  0.130
L: 0.60, u_super: 0.00010, sec: 181.404, t_ads: 839.0, t_des: 2788.0, bed_util_ads: 0.092, bed_util_des: 0.085, frac_lost: 0.010, li_recovered:  0.463
L: 0.60, u_super: 0.00089, sec: 15456.452, t_ads: 115.0, t_des: 1157.0, bed_util_ads: 0.091, bed_util_des: 0.089, frac_lost: 0.010, li_recovered:  0.151
L: 0.60, u_super: 0.00010, sec: 179.538, t_ads: 823.0, t_des: 2434.0, bed_util_ads: 0.094, bed_util_des: 0.088, frac_lost: 0.010, li_recovered:  0.421
    27 |     1080 |  1.617979E+04 |  1.790349E+02
L: 0.60, u_super: 0.00010, sec: 199.095, t_ads: 889.0, t_des: 4371.0, bed_util_ads: 0.082, bed_util_des: 0.073, frac_lost: 0.010, li_recovered:  0.612
L: 0.60, u_super: 0.00010, sec: 190.996, t_ads: 761.0, t_des: 1388.0, bed_util_ads: 0.105, bed_util_des: 0.101, frac_lost: 0.010, li_recovered:  0.261
L: 1.15, u_super: 0.00010, sec: inf, t_ads: 1051.0, t_des: 0.0, bed_util_ads: 0.100, bed_util_des: 0.100, frac_lost: 0.010, li_recovered:  0.000
L: 0.60, u_super: 0.00010, sec: 180.903, t_ads: 836.0, t_des: 2717.0, bed_util_ads: 0.092, bed_util_des: 0.086, frac_lost: 0.010, li_recovered:  0.455
L: 0.64, u_super: 0.00039, sec: 2581.044, t_ads: 263.0, t_des: 1629.0, bed_util_ads: 0.098, bed_util_des: 0.094, frac_lost: 0.010, li_recovered:  0.265
L: 0.60, u_super: 0.00010, sec: 181.491, t_ads: 841.0, t_des: 2830.0, bed_util_ads: 0.091, bed_util_des: 0.085, frac_lost: 0.010, li_recovered:  0.469
L: 0.60, u_super: 0.00010, sec: 180.790, t_ads: 792.0, t_des: 1838.0, bed_util_ads: 0.100, bed_util_des: 0.095, frac_lost: 0.010, li_recovered:  0.337
L: 0.60, u_super: 0.00010, sec: 179.071, t_ads: 809.0, t_des: 2134.0, bed_util_ads: 0.097, bed_util_des: 0.092, frac_lost: 0.010, li_recovered:  0.381
L: 0.60, u_super: 0.00010, sec: 179.810, t_ads: 828.0, t_des: 2492.0, bed_util_ads: 0.094, bed_util_des: 0.088, frac_lost: 0.010, li_recovered:  0.428
L: 0.60, u_super: 0.00017, sec: 527.320, t_ads: 532.0, t_des: 2789.0, bed_util_ads: 0.091, bed_util_des: 0.084, frac_lost: 0.010, li_recovered:  0.438
L: 0.60, u_super: 0.00010, sec: 205.462, t_ads: 741.0, t_des: 1148.0, bed_util_ads: 0.108, bed_util_des: 0.105, frac_lost: 0.010, li_recovered:  0.213
L: 0.60, u_super: 0.00010, sec: 220.973, t_ads: 917.0, t_des: 5801.0, bed_util_ads: 0.075, bed_util_des: 0.065, frac_lost: 0.010, li_recovered:  0.705
L: 0.60, u_super: 0.00010, sec: 181.729, t_ads: 810.0, t_des: 2187.0, bed_util_ads: 0.097, bed_util_des: 0.091, frac_lost: 0.010, li_recovered:  0.388
L: 0.60, u_super: 0.00379, sec: 335343.125, t_ads: 29.0, t_des: 429.0, bed_util_ads: 0.090, bed_util_des: 0.089, frac_lost: 0.010, li_recovered:  0.048
L: 0.61, u_super: 0.00010, sec: 187.172, t_ads: 776.0, t_des: 1524.0, bed_util_ads: 0.103, bed_util_des: 0.099, frac_lost: 0.010, li_recovered:  0.285
L: 0.60, u_super: 0.00106, sec: 21759.584, t_ads: 97.0, t_des: 957.0, bed_util_ads: 0.093, bed_util_des: 0.091, frac_lost: 0.010, li_recovered:  0.128
L: 0.60, u_super: 0.00029, sec: 1353.585, t_ads: 332.0, t_des: 1868.0, bed_util_ads: 0.097, bed_util_des: 0.093, frac_lost: 0.010, li_recovered:  0.309
L: 1.70, u_super: 0.00161, sec: 55736.762, t_ads: 177.0, t_des: 1893.0, bed_util_ads: 0.084, bed_util_des: 0.081, frac_lost: 0.010, li_recovered:  0.227
L: 0.60, u_super: 0.00010, sec: 179.238, t_ads: 818.0, t_des: 2325.0, bed_util_ads: 0.095, bed_util_des: 0.090, frac_lost: 0.010, li_recovered:  0.407
L: 0.62, u_super: 0.00010, sec: inf, t_ads: 610.0, t_des: 0.0, bed_util_ads: 0.128, bed_util_des: 0.128, frac_lost: 0.010, li_recovered:  0.000
L: 0.60, u_super: 0.00010, sec: 182.016, t_ads: 798.0, t_des: 2035.0, bed_util_ads: 0.098, bed_util_des: 0.093, frac_lost: 0.010, li_recovered:  0.366
L: 0.61, u_super: 0.00010, sec: 180.177, t_ads: 821.0, t_des: 2158.0, bed_util_ads: 0.097, bed_util_des: 0.091, frac_lost: 0.010, li_recovered:  0.383
L: 0.60, u_super: 0.00085, sec: 9736.665, t_ads: 116.0, t_des: 392.0, bed_util_ads: 0.136, bed_util_des: 0.135, frac_lost: 0.010, li_recovered:  0.089
L: 0.60, u_super: 0.00010, sec: 179.357, t_ads: 823.0, t_des: 2376.0, bed_util_ads: 0.095, bed_util_des: 0.089, frac_lost: 0.010, li_recovered:  0.413
L: 0.60, u_super: 0.00060, sec: 4907.721, t_ads: 161.0, t_des: 536.0, bed_util_ads: 0.130, bed_util_des: 0.129, frac_lost: 0.010, li_recovered:  0.119
L: 0.60, u_super: 0.00010, sec: 179.295, t_ads: 818.0, t_des: 2326.0, bed_util_ads: 0.095, bed_util_des: 0.090, frac_lost: 0.010, li_recovered:  0.407
L: 0.60, u_super: 0.00010, sec: 264.426, t_ads: 704.0, t_des: 801.0, bed_util_ads: 0.114, bed_util_des: 0.112, frac_lost: 0.010, li_recovered:  0.132
L: 0.61, u_super: 0.00010, sec: 180.149, t_ads: 822.0, t_des: 2151.0, bed_util_ads: 0.097, bed_util_des: 0.091, frac_lost: 0.010, li_recovered:  0.382
L: 0.60, u_super: 0.00010, sec: 213.822, t_ads: 732.0, t_des: 1063.0, bed_util_ads: 0.109, bed_util_des: 0.107, frac_lost: 0.010, li_recovered:  0.195
L: 0.60, u_super: 0.00280, sec: 117602.148, t_ads: 38.0, t_des: 96.0, bed_util_ads: 0.172, bed_util_des: 0.172, frac_lost: 0.010, li_recovered:  0.022
L: 0.60, u_super: 0.00010, sec: 179.356, t_ads: 823.0, t_des: 2416.0, bed_util_ads: 0.095, bed_util_des: 0.089, frac_lost: 0.010, li_recovered:  0.419
L: 0.60, u_super: 0.00010, sec: 181.925, t_ads: 786.0, t_des: 1748.0, bed_util_ads: 0.101, bed_util_des: 0.096, frac_lost: 0.010, li_recovered:  0.323
L: 0.60, u_super: 0.00311, sec: 376637.438, t_ads: 35.0, t_des: 1007.0, bed_util_ads: 0.066, bed_util_des: 0.065, frac_lost: 0.010, li_recovered:  0.065
L: 0.60, u_super: 0.00218, sec: 103299.766, t_ads: 49.0, t_des: 633.0, bed_util_ads: 0.090, bed_util_des: 0.089, frac_lost: 0.010, li_recovered:  0.075
L: 0.61, u_super: 0.00021, sec: 657.885, t_ads: 434.0, t_des: 1446.0, bed_util_ads: 0.108, bed_util_des: 0.104, frac_lost: 0.010, li_recovered:  0.284
L: 0.60, u_super: 0.00010, sec: 192.683, t_ads: 877.0, t_des: 3898.0, bed_util_ads: 0.084, bed_util_des: 0.076, frac_lost: 0.010, li_recovered:  0.574
L: 0.60, u_super: 0.00010, sec: 179.180, t_ads: 816.0, t_des: 2286.0, bed_util_ads: 0.096, bed_util_des: 0.090, frac_lost: 0.010, li_recovered:  0.401
L: 0.60, u_super: 0.00010, sec: 181.312, t_ads: 839.0, t_des: 2790.0, bed_util_ads: 0.092, bed_util_des: 0.085, frac_lost: 0.010, li_recovered:  0.464
L: 0.60, u_super: 0.00010, sec: 179.420, t_ads: 823.0, t_des: 2419.0, bed_util_ads: 0.094, bed_util_des: 0.089, frac_lost: 0.010, li_recovered:  0.419
L: 0.60, u_super: 0.00010, sec: 179.319, t_ads: 819.0, t_des: 2344.0, bed_util_ads: 0.095, bed_util_des: 0.089, frac_lost: 0.010, li_recovered:  0.409
    28 |     1120 |  1.528904E+04 |  1.790349E+02
L: 0.60, u_super: 0.00010, sec: 199.148, t_ads: 891.0, t_des: 4369.0, bed_util_ads: 0.082, bed_util_des: 0.073, frac_lost: 0.010, li_recovered:  0.612
L: 0.60, u_super: 0.00010, sec: 179.082, t_ads: 818.0, t_des: 2319.0, bed_util_ads: 0.095, bed_util_des: 0.090, frac_lost: 0.010, li_recovered:  0.406
L: 0.60, u_super: 0.00010, sec: 214.644, t_ads: 910.0, t_des: 5406.0, bed_util_ads: 0.077, bed_util_des: 0.067, frac_lost: 0.010, li_recovered:  0.682
L: 0.60, u_super: 0.00010, sec: 179.238, t_ads: 809.0, t_des: 2143.0, bed_util_ads: 0.097, bed_util_des: 0.092, frac_lost: 0.010, li_recovered:  0.382
L: 0.64, u_super: 0.00039, sec: 3017.749, t_ads: 267.0, t_des: 2269.0, bed_util_ads: 0.087, bed_util_des: 0.083, frac_lost: 0.010, li_recovered:  0.303
L: 0.66, u_super: 0.00010, sec: 634.252, t_ads: 1106.0, t_des: 29633.0, bed_util_ads: 0.042, bed_util_des: 0.026, frac_lost: 0.010, li_recovered:  1.123
L: 0.60, u_super: 0.00010, sec: 190.891, t_ads: 761.0, t_des: 1388.0, bed_util_ads: 0.105, bed_util_des: 0.101, frac_lost: 0.010, li_recovered:  0.261
L: 0.60, u_super: 0.00010, sec: 192.763, t_ads: 876.0, t_des: 3886.0, bed_util_ads: 0.084, bed_util_des: 0.076, frac_lost: 0.010, li_recovered:  0.573
L: 0.60, u_super: 0.00010, sec: 179.707, t_ads: 826.0, t_des: 2493.0, bed_util_ads: 0.094, bed_util_des: 0.088, frac_lost: 0.010, li_recovered:  0.428
L: 0.60, u_super: 0.00010, sec: 182.365, t_ads: 845.0, t_des: 2940.0, bed_util_ads: 0.090, bed_util_des: 0.084, frac_lost: 0.010, li_recovered:  0.481
L: 0.60, u_super: 0.00035, sec: 1838.511, t_ads: 271.0, t_des: 1233.0, bed_util_ads: 0.108, bed_util_des: 0.105, frac_lost: 0.010, li_recovered:  0.233
L: 0.60, u_super: 0.00010, sec: 179.129, t_ads: 817.0, t_des: 2300.0, bed_util_ads: 0.096, bed_util_des: 0.090, frac_lost: 0.010, li_recovered:  0.403
L: 0.60, u_super: 0.00010, sec: 181.514, t_ads: 807.0, t_des: 2190.0, bed_util_ads: 0.097, bed_util_des: 0.091, frac_lost: 0.010, li_recovered:  0.389
L: 0.60, u_super: 0.00379, sec: 350415.188, t_ads: 29.0, t_des: 458.0, bed_util_ads: 0.087, bed_util_des: 0.087, frac_lost: 0.010, li_recovered:  0.049
L: 0.61, u_super: 0.00010, sec: 180.340, t_ads: 835.0, t_des: 2561.0, bed_util_ads: 0.093, bed_util_des: 0.087, frac_lost: 0.010, li_recovered:  0.436
L: 0.60, u_super: 0.00106, sec: 33676.820, t_ads: 98.0, t_des: 1866.0, bed_util_ads: 0.071, bed_util_des: 0.069, frac_lost: 0.010, li_recovered:  0.154
L: 0.60, u_super: 0.00114, sec: 24605.334, t_ads: 90.0, t_des: 866.0, bed_util_ads: 0.095, bed_util_des: 0.093, frac_lost: 0.010, li_recovered:  0.119
L: 1.70, u_super: 0.00010, sec: inf, t_ads: 1151.0, t_des: 0.0, bed_util_ads: 0.096, bed_util_des: 0.096, frac_lost: 0.010, li_recovered:  0.000
L: 0.60, u_super: 0.00010, sec: 201.805, t_ads: 892.0, t_des: 4542.0, bed_util_ads: 0.081, bed_util_des: 0.072, frac_lost: 0.010, li_recovered:  0.625
L: 0.62, u_super: 0.00167, sec: 54598.516, t_ads: 65.0, t_des: 692.0, bed_util_ads: 0.095, bed_util_des: 0.093, frac_lost: 0.010, li_recovered:  0.092
L: 0.60, u_super: 0.00010, sec: 180.389, t_ads: 816.0, t_des: 2330.0, bed_util_ads: 0.095, bed_util_des: 0.090, frac_lost: 0.010, li_recovered:  0.407
L: 0.60, u_super: 0.00010, sec: 179.108, t_ads: 814.0, t_des: 2232.0, bed_util_ads: 0.096, bed_util_des: 0.091, frac_lost: 0.010, li_recovered:  0.394
L: 0.60, u_super: 0.00085, sec: 38342.191, t_ads: 121.0, t_des: 4490.0, bed_util_ads: 0.052, bed_util_des: 0.049, frac_lost: 0.010, li_recovered:  0.205
L: 0.60, u_super: 0.00010, sec: 181.762, t_ads: 842.0, t_des: 2863.0, bed_util_ads: 0.091, bed_util_des: 0.084, frac_lost: 0.010, li_recovered:  0.472
L: 0.60, u_super: 0.00060, sec: 13132.694, t_ads: 170.0, t_des: 3891.0, bed_util_ads: 0.061, bed_util_des: 0.058, frac_lost: 0.010, li_recovered:  0.260
L: 0.60, u_super: 0.00010, sec: 179.136, t_ads: 816.0, t_des: 2279.0, bed_util_ads: 0.096, bed_util_des: 0.090, frac_lost: 0.010, li_recovered:  0.401
L: 0.60, u_super: 0.00010, sec: 180.136, t_ads: 797.0, t_des: 1928.0, bed_util_ads: 0.099, bed_util_des: 0.094, frac_lost: 0.010, li_recovered:  0.351
L: 0.61, u_super: 0.00010, sec: 238.691, t_ads: 728.0, t_des: 922.0, bed_util_ads: 0.111, bed_util_des: 0.109, frac_lost: 0.010, li_recovered:  0.160
L: 0.60, u_super: 0.00010, sec: 179.932, t_ads: 829.0, t_des: 2557.0, bed_util_ads: 0.093, bed_util_des: 0.087, frac_lost: 0.010, li_recovered:  0.436
L: 0.61, u_super: 0.00280, sec: 200928.641, t_ads: 39.0, t_des: 638.0, bed_util_ads: 0.083, bed_util_des: 0.082, frac_lost: 0.010, li_recovered:  0.064
L: 0.60, u_super: 0.00010, sec: 208.668, t_ads: 903.0, t_des: 5025.0, bed_util_ads: 0.078, bed_util_des: 0.069, frac_lost: 0.010, li_recovered:  0.658
L: 0.60, u_super: 0.00010, sec: 179.193, t_ads: 817.0, t_des: 2303.0, bed_util_ads: 0.095, bed_util_des: 0.090, frac_lost: 0.010, li_recovered:  0.404
L: 0.60, u_super: 0.00010, sec: inf, t_ads: 577.0, t_des: 0.0, bed_util_ads: 0.132, bed_util_des: 0.132, frac_lost: 0.010, li_recovered:  0.000
L: 0.70, u_super: 0.00218, sec: 246996.844, t_ads: 57.0, t_des: 2223.0, bed_util_ads: 0.055, bed_util_des: 0.053, frac_lost: 0.010, li_recovered:  0.105
L: 0.60, u_super: 0.00195, sec: 64609.199, t_ads: 54.0, t_des: 454.0, bed_util_ads: 0.105, bed_util_des: 0.104, frac_lost: 0.010, li_recovered:  0.071
L: 0.60, u_super: 0.00010, sec: 192.800, t_ads: 876.0, t_des: 3892.0, bed_util_ads: 0.084, bed_util_des: 0.076, frac_lost: 0.010, li_recovered:  0.573
L: 0.60, u_super: 0.00010, sec: 179.171, t_ads: 816.0, t_des: 2286.0, bed_util_ads: 0.096, bed_util_des: 0.090, frac_lost: 0.010, li_recovered:  0.401
L: 0.60, u_super: 0.00010, sec: 179.654, t_ads: 826.0, t_des: 2494.0, bed_util_ads: 0.094, bed_util_des: 0.088, frac_lost: 0.010, li_recovered:  0.428
L: 0.60, u_super: 0.00010, sec: 198.100, t_ads: 886.0, t_des: 4285.0, bed_util_ads: 0.082, bed_util_des: 0.074, frac_lost: 0.010, li_recovered:  0.605
L: 0.60, u_super: 0.00010, sec: 195.500, t_ads: 753.0, t_des: 1291.0, bed_util_ads: 0.106, bed_util_des: 0.103, frac_lost: 0.010, li_recovered:  0.242
    29 |     1160 |  1.528823E+04 |  1.790349E+02

============================================================
OPTIMIZATION SUMMARY
============================================================
Best SEC:              179.0349
Column length (L):     0.6003 m
Superficial velocity:  0.000100 m/s
Desorption threshold:  0.0898
Generations:           30
============================================================
